"","crp","hns","fis","cra","fliZ","rcsA","fnr","arcA","fur","phoB","soxS","gadE","gadX","lrp","marA","ompR","evgA","narL","oxyR","stpA","csgD","marR","glnG","ptsG","rhaR","rhaS","pdhR","srlR","xylR","mazE","uxuR","argP","galS","nac","gutM","mazF","cspA","flhD","flhC","dcuR","zraR","dnaA","metR","cusR","cadC","melR","araC","malI","idnR","pdeL","fucR","tdcA","glcC","hyfR","dpiA","nikR","rbsR","betI","rcsB","leuO","bglJ","ydeO","gadW","rob","soxR","hdfR","yjjQ","mlrA","galR","fhlA","mlc","exuR","adiY","metJ","asnC","puuR","yiaJ","putA","yqjI","mraZ","purR","prpR","lsrR","nhaR","yeiL","aidB","lldR"
"1",0,0,0,0,0,0,0,0,0,NA,NA,0,0,0,NA,0,0,NA,0,0,0,0,0,0,0,0,0,0,0,0,0,NA,0,NA,0,0,0,0,0,0,0,NA,0,NA,0,0,0,0,NA,0,0,0,NA,0,0,0,0,0,NA,NA,NA,NA,NA,NA,NA,NA,NA,NA,NA,NA,NA,NA,NA,NA,NA,NA,NA,NA,NA,NA,NA,NA,NA,NA,NA,NA,NA
"2",0,0,0,0,0,0,0,NA,0,NA,0,0,0,0,NA,0,0,0,0,0,0,0,0,0,0,0,0,0,0,0,0,NA,0,0,0,0,0,0,0,0,0,NA,0,0,0,0,0,0,NA,0,0,0,NA,0,0,NA,0,0,NA,NA,NA,NA,NA,NA,NA,NA,NA,NA,NA,NA,NA,NA,NA,NA,NA,NA,NA,NA,NA,NA,NA,NA,NA,NA,NA,NA,NA
"3",1,1,0,NA,1,0,0,NA,0,0,0,0,0,0,0,0,0,0,0,0,0,0,0,0,0,0,0,0,0,0,0,0,0,0,0,0,0,0,0,0,0,0,0,0,NA,0,0,0,NA,0,0,0,0,0,0,NA,0,0,NA,NA,NA,NA,NA,NA,NA,NA,NA,NA,NA,NA,NA,NA,NA,NA,NA,NA,NA,NA,NA,NA,NA,NA,NA,NA,NA,NA,NA
"4",0,0,0,NA,0,0,0,NA,0,0,0,0,0,0,0,0,0,0,0,0,0,0,0,0,0,0,0,0,0,0,0,0,0,0,0,0,0,0,0,0,0,0,0,0,0,0,0,0,NA,0,0,0,0,0,0,NA,0,0,NA,NA,NA,NA,NA,NA,NA,NA,NA,NA,NA,NA,NA,NA,NA,NA,NA,NA,NA,NA,NA,NA,NA,NA,NA,NA,NA,NA,NA
"5",1,1,0,1,1,0,0,NA,0,NA,0,0,0,0,NA,0,0,0,0,0,0,0,0,0,0,0,0,0,0,0,0,NA,0,0,0,0,0,0,0,0,0,NA,0,NA,NA,0,0,0,NA,NA,0,0,NA,0,0,NA,0,0,NA,NA,NA,NA,NA,NA,NA,NA,NA,NA,NA,NA,NA,NA,NA,NA,NA,NA,NA,NA,NA,NA,NA,NA,NA,NA,NA,NA,NA
"6",1,1,1,0,1,0,NA,NA,0,NA,0,0,0,0,NA,0,0,0,0,0,0,0,0,0,0,0,0,0,0,0,0,NA,0,0,0,0,0,0,0,0,0,NA,0,NA,NA,0,0,0,NA,0,0,0,NA,0,0,0,0,0,NA,NA,NA,NA,NA,NA,NA,NA,NA,NA,NA,NA,NA,NA,NA,NA,NA,NA,NA,NA,NA,NA,NA,NA,NA,NA,NA,NA,NA
"7",1,1,1,1,1,NA,NA,NA,0,NA,0,NA,0,NA,NA,0,NA,0,0,NA,0,0,0,0,0,0,0,0,0,0,0,NA,0,0,0,0,0,0,0,0,0,NA,0,NA,NA,0,0,0,NA,NA,0,0,NA,0,0,0,0,0,NA,NA,NA,NA,NA,NA,NA,NA,NA,NA,NA,NA,NA,NA,NA,NA,NA,NA,NA,NA,NA,NA,NA,NA,NA,NA,NA,NA,NA
"8",1,1,1,1,1,1,NA,NA,0,NA,0,NA,NA,NA,NA,0,NA,0,0,NA,0,0,0,0,0,0,0,0,0,0,0,NA,0,0,0,0,0,0,0,0,0,NA,0,NA,NA,0,0,0,NA,NA,0,0,NA,0,0,0,0,0,NA,NA,NA,NA,NA,NA,NA,NA,NA,NA,NA,NA,NA,NA,NA,NA,NA,NA,NA,NA,NA,NA,NA,NA,NA,NA,NA,NA,NA
"9",1,1,1,1,0,NA,0,0,0,NA,NA,NA,0,NA,NA,0,NA,NA,0,NA,0,0,0,0,0,0,0,0,0,0,0,NA,0,NA,0,0,0,0,0,0,0,NA,0,NA,0,0,0,0,NA,NA,0,0,NA,0,0,0,0,0,NA,NA,NA,NA,NA,NA,NA,NA,NA,NA,NA,NA,NA,NA,NA,NA,NA,NA,NA,NA,NA,NA,NA,NA,NA,NA,NA,NA,NA
"10",1,1,1,1,1,1,NA,NA,0,NA,0,NA,NA,NA,NA,0,NA,0,0,NA,0,0,0,0,0,0,0,0,0,0,0,NA,0,0,0,0,0,0,0,0,0,NA,0,NA,NA,0,0,0,0,NA,0,0,NA,0,0,0,0,0,NA,NA,NA,NA,NA,NA,NA,NA,NA,NA,NA,NA,NA,NA,NA,NA,NA,NA,NA,NA,NA,NA,NA,NA,NA,NA,NA,NA,NA
"11",1,1,1,1,1,NA,NA,NA,0,NA,0,NA,0,NA,NA,0,NA,0,0,NA,0,0,0,0,0,0,0,0,0,0,0,NA,0,0,0,0,0,0,0,0,0,NA,0,NA,NA,0,0,0,0,NA,0,0,NA,0,0,0,0,0,NA,NA,NA,NA,NA,NA,NA,NA,NA,NA,NA,NA,NA,NA,NA,NA,NA,NA,NA,NA,NA,NA,NA,NA,NA,NA,NA,NA,NA
"12",1,1,1,1,0,1,NA,NA,0,NA,0,NA,NA,NA,NA,0,NA,0,0,NA,0,0,0,0,0,0,0,0,0,0,0,NA,0,0,0,0,0,0,0,0,0,NA,0,NA,0,0,0,0,NA,NA,0,0,NA,0,0,0,0,0,NA,NA,NA,NA,NA,NA,NA,NA,NA,NA,NA,NA,NA,NA,NA,NA,NA,NA,NA,NA,NA,NA,NA,NA,NA,NA,NA,NA,NA
"13",1,1,1,1,0,NA,NA,NA,0,NA,0,NA,0,NA,NA,0,NA,0,0,NA,0,0,0,0,0,0,0,0,0,0,0,NA,0,0,0,0,0,0,0,0,0,NA,0,NA,0,0,0,0,0,NA,0,0,NA,0,0,0,0,0,NA,NA,NA,NA,NA,NA,NA,NA,NA,NA,NA,NA,NA,NA,NA,NA,NA,NA,NA,NA,NA,NA,NA,NA,NA,NA,NA,NA,NA
"14",1,1,1,1,0,1,0,0,0,NA,NA,NA,NA,NA,NA,0,NA,NA,0,NA,0,0,0,0,0,0,0,0,0,0,0,NA,0,NA,0,0,0,0,0,0,0,NA,0,NA,0,0,0,0,0,NA,0,0,NA,0,0,0,0,0,NA,NA,NA,NA,NA,NA,NA,NA,NA,NA,NA,NA,NA,NA,NA,NA,NA,NA,NA,NA,NA,NA,NA,NA,NA,NA,NA,NA,NA
"15",1,1,1,1,1,1,0,0,0,NA,NA,NA,NA,NA,NA,0,NA,NA,0,NA,0,0,0,0,0,0,0,0,0,0,0,NA,0,NA,0,0,0,0,0,0,0,NA,0,0,NA,0,0,0,NA,NA,0,0,NA,0,0,0,0,0,NA,NA,NA,NA,NA,NA,NA,NA,NA,NA,NA,NA,NA,NA,NA,NA,NA,NA,NA,NA,NA,NA,NA,NA,NA,NA,NA,NA,NA
"16",1,1,1,1,1,0,0,0,0,NA,NA,NA,0,NA,NA,0,NA,NA,0,NA,0,0,0,0,0,0,0,0,0,0,0,NA,0,NA,0,0,0,0,0,0,0,NA,0,NA,NA,0,0,0,NA,NA,0,0,NA,0,0,0,0,0,NA,NA,NA,NA,NA,NA,NA,NA,NA,NA,NA,NA,NA,NA,NA,NA,NA,NA,NA,NA,NA,NA,NA,NA,NA,NA,NA,NA,NA
"17",1,1,1,1,0,1,0,0,0,NA,NA,NA,NA,NA,NA,0,NA,NA,0,NA,0,0,0,0,0,0,0,0,0,0,0,NA,0,NA,0,0,0,0,0,0,0,NA,0,0,0,0,0,0,NA,NA,0,0,NA,0,0,0,0,0,NA,NA,NA,NA,NA,NA,NA,NA,NA,NA,NA,NA,NA,NA,NA,NA,NA,NA,NA,NA,NA,NA,NA,NA,NA,NA,NA,NA,NA
"18",1,1,1,1,1,0,0,0,0,NA,NA,NA,0,NA,NA,0,NA,NA,0,NA,0,0,0,0,0,0,0,0,0,0,0,NA,0,NA,0,0,0,0,0,0,0,NA,0,NA,NA,0,0,0,0,NA,0,0,NA,0,0,0,0,0,NA,NA,NA,NA,NA,NA,NA,NA,NA,NA,NA,NA,NA,NA,NA,NA,NA,NA,NA,NA,NA,NA,NA,NA,NA,NA,NA,NA,NA
"19",1,1,1,1,1,1,0,0,0,NA,NA,NA,NA,NA,NA,0,NA,NA,0,NA,0,0,0,0,0,0,0,0,0,0,0,NA,0,NA,0,0,0,0,0,0,0,NA,0,0,NA,0,0,0,0,NA,0,0,NA,0,0,0,0,0,NA,NA,NA,NA,NA,NA,NA,NA,NA,NA,NA,NA,NA,NA,NA,NA,NA,NA,NA,NA,NA,NA,NA,NA,NA,NA,NA,NA,NA
"20",1,1,1,1,0,0,0,0,0,NA,NA,NA,0,NA,NA,0,NA,NA,0,NA,0,0,0,0,0,0,0,0,0,0,0,NA,0,NA,0,0,0,0,0,0,0,NA,0,NA,0,0,0,0,NA,NA,0,0,NA,0,0,0,0,0,NA,NA,NA,NA,NA,NA,NA,NA,NA,NA,NA,NA,NA,NA,NA,NA,NA,NA,NA,NA,NA,NA,NA,NA,NA,NA,NA,NA,NA
"21",1,1,1,1,0,1,0,0,0,NA,NA,NA,NA,NA,NA,0,NA,NA,0,NA,0,0,0,0,0,0,0,0,0,0,0,NA,0,NA,0,0,0,0,0,0,0,NA,0,0,0,0,0,0,0,NA,0,0,NA,0,0,0,0,0,NA,NA,NA,NA,NA,NA,NA,NA,NA,NA,NA,NA,NA,NA,NA,NA,NA,NA,NA,NA,NA,NA,NA,NA,NA,NA,NA,NA,NA
"22",1,1,1,1,0,0,0,0,0,NA,NA,NA,0,NA,NA,0,NA,NA,0,NA,0,0,0,0,0,0,0,0,0,0,0,NA,0,NA,0,0,0,0,0,0,0,NA,0,NA,0,0,0,0,0,NA,0,0,NA,0,0,0,0,0,NA,NA,NA,NA,NA,NA,NA,NA,NA,NA,NA,NA,NA,NA,NA,NA,NA,NA,NA,NA,NA,NA,NA,NA,NA,NA,NA,NA,NA
"23",1,1,1,0,1,1,0,0,0,NA,NA,NA,NA,NA,NA,0,NA,NA,0,NA,0,0,0,0,0,0,0,0,0,0,0,NA,0,NA,0,0,0,0,0,0,0,NA,0,NA,NA,0,0,0,NA,0,0,0,NA,0,0,0,0,0,NA,NA,NA,NA,NA,NA,NA,NA,NA,NA,NA,NA,NA,NA,NA,NA,NA,NA,NA,NA,NA,NA,NA,NA,NA,NA,NA,NA,NA
"24",1,1,1,1,1,1,0,0,0,NA,NA,NA,NA,NA,NA,0,0,NA,0,NA,0,0,0,0,0,0,0,0,0,0,0,NA,0,NA,0,0,0,0,0,0,0,NA,0,NA,NA,0,0,0,NA,NA,0,0,NA,0,0,0,0,0,NA,NA,NA,NA,NA,NA,NA,NA,NA,NA,NA,NA,NA,NA,NA,NA,NA,NA,NA,NA,NA,NA,NA,NA,NA,NA,NA,NA,NA
"25",1,1,1,1,1,1,0,0,0,NA,NA,NA,NA,NA,NA,0,0,NA,0,NA,0,0,0,0,0,0,0,0,0,0,0,NA,0,NA,0,0,0,0,0,0,0,NA,0,NA,NA,0,0,0,0,NA,0,0,NA,0,0,0,0,0,NA,NA,NA,NA,NA,NA,NA,NA,NA,NA,NA,NA,NA,NA,NA,NA,NA,NA,NA,NA,NA,NA,NA,NA,NA,NA,NA,NA,NA
"26",1,1,1,0,1,NA,0,0,0,NA,NA,NA,0,NA,NA,0,NA,NA,0,NA,0,0,0,0,0,0,0,0,0,0,0,NA,0,NA,0,0,0,0,0,0,0,NA,0,NA,NA,0,0,0,NA,0,0,0,NA,0,0,0,0,0,NA,NA,NA,NA,NA,NA,NA,NA,NA,NA,NA,NA,NA,NA,NA,NA,NA,NA,NA,NA,NA,NA,NA,NA,NA,NA,NA,NA,NA
"27",1,1,1,1,0,1,0,0,0,NA,NA,NA,NA,NA,NA,0,0,NA,0,NA,0,0,0,0,0,0,0,0,0,0,0,NA,0,NA,0,0,0,0,0,0,0,NA,0,NA,0,0,0,0,NA,NA,0,0,NA,0,0,0,0,0,NA,NA,NA,NA,NA,NA,NA,NA,NA,NA,NA,NA,NA,NA,NA,NA,NA,NA,NA,NA,NA,NA,NA,NA,NA,NA,NA,NA,NA
"28",1,1,1,0,0,NA,0,0,0,NA,NA,NA,0,NA,NA,0,NA,NA,0,NA,0,0,0,0,0,0,0,0,0,0,0,NA,0,NA,0,0,0,0,0,0,0,NA,0,NA,0,0,0,0,NA,0,0,0,NA,0,0,0,0,0,NA,NA,NA,NA,NA,NA,NA,NA,NA,NA,NA,NA,NA,NA,NA,NA,NA,NA,NA,NA,NA,NA,NA,NA,NA,NA,NA,NA,NA
"29",1,1,1,1,0,1,0,0,0,NA,NA,NA,NA,NA,NA,0,0,NA,0,NA,0,0,0,0,0,0,0,0,0,0,0,NA,0,NA,0,0,0,0,0,0,0,NA,0,NA,0,0,0,0,0,NA,0,0,NA,0,0,0,0,0,NA,NA,NA,NA,NA,NA,NA,NA,NA,NA,NA,NA,NA,NA,NA,NA,NA,NA,NA,NA,NA,NA,NA,NA,NA,NA,NA,NA,NA
"30",1,1,1,0,1,NA,0,0,0,NA,NA,NA,0,NA,NA,0,NA,NA,0,NA,0,0,0,0,0,0,0,0,0,0,0,NA,0,NA,0,0,0,0,0,0,0,NA,0,NA,NA,0,0,0,0,0,0,0,NA,0,0,0,0,0,NA,NA,NA,NA,NA,NA,NA,NA,NA,NA,NA,NA,NA,NA,NA,NA,NA,NA,NA,NA,NA,NA,NA,NA,NA,NA,NA,NA,NA
"31",1,1,1,1,1,1,0,0,0,NA,NA,NA,NA,NA,NA,0,0,NA,0,NA,0,0,0,0,0,0,0,0,0,0,0,NA,0,NA,0,0,0,0,0,0,0,NA,0,0,NA,0,0,0,NA,NA,0,0,NA,0,0,0,0,0,NA,NA,NA,NA,NA,NA,NA,NA,NA,NA,NA,NA,NA,NA,NA,NA,NA,NA,NA,NA,NA,NA,NA,NA,NA,NA,NA,NA,NA
"32",1,1,1,0,0,NA,0,0,0,NA,NA,NA,0,NA,NA,0,NA,NA,0,NA,0,0,0,0,0,0,0,0,0,0,0,NA,0,NA,0,0,0,0,0,0,0,NA,0,NA,0,0,0,0,0,0,0,0,NA,0,0,0,0,0,NA,NA,NA,NA,NA,NA,NA,NA,NA,NA,NA,NA,NA,NA,NA,NA,NA,NA,NA,NA,NA,NA,NA,NA,NA,NA,NA,NA,NA
"33",1,1,1,1,0,1,0,0,0,NA,NA,NA,NA,NA,NA,0,0,NA,0,NA,0,0,0,0,0,0,0,0,0,0,0,NA,0,NA,0,0,0,0,0,0,0,NA,0,0,0,0,0,0,NA,NA,0,0,NA,0,0,0,0,0,NA,NA,NA,NA,NA,NA,NA,NA,NA,NA,NA,NA,NA,NA,NA,NA,NA,NA,NA,NA,NA,NA,NA,NA,NA,NA,NA,NA,NA
"34",1,1,1,0,1,1,0,0,0,NA,NA,NA,NA,NA,NA,0,NA,NA,0,NA,0,0,0,0,0,0,0,0,0,0,0,NA,0,NA,0,0,0,0,0,0,0,NA,0,NA,NA,0,0,0,0,0,0,0,NA,0,0,0,0,0,NA,NA,NA,NA,NA,NA,NA,NA,NA,NA,NA,NA,NA,NA,NA,NA,NA,NA,NA,NA,NA,NA,NA,NA,NA,NA,NA,NA,NA
"35",1,1,1,1,1,1,0,0,0,NA,NA,NA,NA,NA,NA,0,0,NA,0,NA,0,0,0,0,0,0,0,0,0,0,0,NA,0,NA,0,0,0,0,0,0,0,NA,0,0,NA,0,0,0,0,NA,0,0,NA,0,0,0,0,0,NA,NA,NA,NA,NA,NA,NA,NA,NA,NA,NA,NA,NA,NA,NA,NA,NA,NA,NA,NA,NA,NA,NA,NA,NA,NA,NA,NA,NA
"36",1,1,1,0,0,1,0,0,0,NA,NA,NA,NA,NA,NA,0,NA,NA,0,NA,0,0,0,0,0,0,0,0,0,0,0,NA,0,NA,0,0,0,0,0,0,0,NA,0,NA,0,0,0,0,NA,0,0,0,NA,0,0,0,0,0,NA,NA,NA,NA,NA,NA,NA,NA,NA,NA,NA,NA,NA,NA,NA,NA,NA,NA,NA,NA,NA,NA,NA,NA,NA,NA,NA,NA,NA
"37",1,1,1,1,0,1,0,0,0,NA,NA,NA,NA,NA,NA,0,0,NA,0,NA,0,0,0,0,0,0,0,0,0,0,0,NA,0,NA,0,0,0,0,0,0,0,NA,0,0,0,0,0,0,0,NA,0,0,NA,0,0,0,0,0,NA,NA,NA,NA,NA,NA,NA,NA,NA,NA,NA,NA,NA,NA,NA,NA,NA,NA,NA,NA,NA,NA,NA,NA,NA,NA,NA,NA,NA
"38",1,1,1,0,0,1,0,0,0,NA,NA,NA,NA,NA,NA,0,NA,NA,0,NA,0,0,0,0,0,0,0,0,0,0,0,NA,0,NA,0,0,0,0,0,0,0,NA,0,NA,0,0,0,0,0,0,0,0,NA,0,0,0,0,0,NA,NA,NA,NA,NA,NA,NA,NA,NA,NA,NA,NA,NA,NA,NA,NA,NA,NA,NA,NA,NA,NA,NA,NA,NA,NA,NA,NA,NA
"39",1,1,1,0,1,1,0,0,0,NA,NA,NA,NA,NA,NA,0,0,NA,0,NA,0,0,0,0,0,0,0,0,0,0,0,NA,0,NA,0,0,0,0,0,0,0,NA,0,NA,NA,0,0,0,NA,0,0,0,NA,0,0,0,0,0,NA,NA,NA,NA,NA,NA,NA,NA,NA,NA,NA,NA,NA,NA,NA,NA,NA,NA,NA,NA,NA,NA,NA,NA,NA,NA,NA,NA,NA
"40",1,1,1,0,1,0,0,0,0,NA,NA,NA,0,NA,NA,0,NA,NA,0,NA,0,0,0,0,0,0,0,0,0,0,0,NA,0,NA,0,0,0,0,0,0,0,NA,0,NA,NA,0,0,0,NA,0,0,0,NA,0,0,0,0,0,NA,NA,NA,NA,NA,NA,NA,NA,NA,NA,NA,NA,NA,NA,NA,NA,NA,NA,NA,NA,NA,NA,NA,NA,NA,NA,NA,NA,NA
"41",1,1,1,1,1,NA,0,0,0,NA,NA,NA,0,NA,NA,0,NA,NA,0,NA,0,0,0,0,0,0,0,0,0,0,0,NA,0,NA,0,0,0,0,0,0,0,NA,0,0,NA,0,0,0,NA,NA,0,0,NA,0,0,0,0,0,NA,NA,NA,NA,NA,NA,NA,NA,NA,NA,NA,NA,NA,NA,NA,NA,NA,NA,NA,NA,NA,NA,NA,NA,NA,NA,NA,NA,NA
"42",1,1,1,1,1,NA,0,0,0,NA,NA,NA,0,NA,NA,0,NA,NA,0,NA,0,0,0,0,0,0,0,0,0,0,0,NA,0,NA,0,0,0,0,0,0,0,NA,0,0,NA,0,0,0,0,NA,0,0,NA,0,0,0,0,0,NA,NA,NA,NA,NA,NA,NA,NA,NA,NA,NA,NA,NA,NA,NA,NA,NA,NA,NA,NA,NA,NA,NA,NA,NA,NA,NA,NA,NA
"43",1,1,1,1,0,NA,0,0,0,NA,NA,NA,0,NA,NA,0,NA,NA,0,NA,0,0,0,0,0,0,0,0,0,0,0,NA,0,NA,0,0,0,0,0,0,0,NA,0,0,0,0,0,0,NA,NA,0,0,NA,0,0,0,0,0,NA,NA,NA,NA,NA,NA,NA,NA,NA,NA,NA,NA,NA,NA,NA,NA,NA,NA,NA,NA,NA,NA,NA,NA,NA,NA,NA,NA,NA
"44",1,1,1,1,0,NA,0,0,0,NA,NA,NA,0,NA,NA,0,NA,NA,0,NA,0,0,0,0,0,0,0,0,0,0,0,NA,0,NA,0,0,0,0,0,0,0,NA,0,0,0,0,0,0,0,NA,0,0,NA,0,0,0,0,0,NA,NA,NA,NA,NA,NA,NA,NA,NA,NA,NA,NA,NA,NA,NA,NA,NA,NA,NA,NA,NA,NA,NA,NA,NA,NA,NA,NA,NA
"45",1,1,1,0,0,1,0,0,0,NA,NA,NA,NA,NA,NA,0,0,NA,0,NA,0,0,0,0,0,0,0,0,0,0,0,NA,0,NA,0,0,0,0,0,0,0,NA,0,NA,0,0,0,0,NA,0,0,0,NA,0,0,0,0,0,NA,NA,NA,NA,NA,NA,NA,NA,NA,NA,NA,NA,NA,NA,NA,NA,NA,NA,NA,NA,NA,NA,NA,NA,NA,NA,NA,NA,NA
"46",1,1,1,0,1,1,0,0,0,NA,NA,NA,NA,NA,NA,0,0,NA,0,NA,0,0,0,0,0,0,0,0,0,0,0,NA,0,NA,0,0,0,0,0,0,0,NA,0,NA,NA,0,0,0,0,0,0,0,NA,0,0,0,0,0,NA,NA,NA,NA,NA,NA,NA,NA,NA,NA,NA,NA,NA,NA,NA,NA,NA,NA,NA,NA,NA,NA,NA,NA,NA,NA,NA,NA,NA
"47",1,1,1,0,0,1,0,0,0,NA,NA,NA,NA,NA,NA,0,0,NA,0,NA,0,0,0,0,0,0,0,0,0,0,0,NA,0,NA,0,0,0,0,0,0,0,NA,0,NA,0,0,0,0,0,0,0,0,NA,0,0,0,0,0,NA,NA,NA,NA,NA,NA,NA,NA,NA,NA,NA,NA,NA,NA,NA,NA,NA,NA,NA,NA,NA,NA,NA,NA,NA,NA,NA,NA,NA
"48",1,1,1,0,1,1,0,0,0,NA,NA,NA,NA,NA,NA,0,NA,NA,0,NA,0,0,0,0,0,0,0,0,0,0,0,NA,0,NA,0,0,0,0,0,0,0,NA,0,0,NA,0,0,0,NA,0,0,0,NA,0,0,0,0,0,NA,NA,NA,NA,NA,NA,NA,NA,NA,NA,NA,NA,NA,NA,NA,NA,NA,NA,NA,NA,NA,NA,NA,NA,NA,NA,NA,NA,NA
"49",1,1,1,0,0,1,0,0,0,NA,NA,NA,NA,NA,NA,0,NA,NA,0,NA,0,0,0,0,0,0,0,0,0,0,0,NA,0,NA,0,0,0,0,0,0,0,NA,0,0,0,0,0,0,NA,0,0,0,NA,0,0,0,0,0,NA,NA,NA,NA,NA,NA,NA,NA,NA,NA,NA,NA,NA,NA,NA,NA,NA,NA,NA,NA,NA,NA,NA,NA,NA,NA,NA,NA,NA
"50",1,1,1,0,1,1,0,0,0,NA,NA,NA,NA,NA,NA,0,NA,NA,0,NA,0,0,0,0,0,0,0,0,0,0,0,NA,0,NA,0,0,0,0,0,0,0,NA,0,0,NA,0,0,0,0,0,0,0,NA,0,0,0,0,0,NA,NA,NA,NA,NA,NA,NA,NA,NA,NA,NA,NA,NA,NA,NA,NA,NA,NA,NA,NA,NA,NA,NA,NA,NA,NA,NA,NA,NA
"51",1,1,1,0,0,1,0,0,0,NA,NA,NA,NA,NA,NA,0,NA,NA,0,NA,0,0,0,0,0,0,0,0,0,0,0,NA,0,NA,0,0,0,0,0,0,0,NA,0,0,0,0,0,0,0,0,0,0,NA,0,0,0,0,0,NA,NA,NA,NA,NA,NA,NA,NA,NA,NA,NA,NA,NA,NA,NA,NA,NA,NA,NA,NA,NA,NA,NA,NA,NA,NA,NA,NA,NA
"52",1,1,1,0,1,1,0,0,0,NA,NA,NA,NA,NA,NA,0,0,NA,0,NA,0,0,0,0,0,0,0,0,0,0,0,NA,0,NA,0,0,0,0,0,0,0,NA,0,0,NA,0,0,0,NA,0,0,0,NA,0,0,0,0,0,NA,NA,NA,NA,NA,NA,NA,NA,NA,NA,NA,NA,NA,NA,NA,NA,NA,NA,NA,NA,NA,NA,NA,NA,NA,NA,NA,NA,NA
"53",1,1,1,0,0,1,0,0,0,NA,NA,NA,NA,NA,NA,0,0,NA,0,NA,0,0,0,0,0,0,0,0,0,0,0,NA,0,NA,0,0,0,0,0,0,0,NA,0,0,0,0,0,0,NA,0,0,0,NA,0,0,0,0,0,NA,NA,NA,NA,NA,NA,NA,NA,NA,NA,NA,NA,NA,NA,NA,NA,NA,NA,NA,NA,NA,NA,NA,NA,NA,NA,NA,NA,NA
"54",1,1,1,0,1,1,0,0,0,NA,NA,NA,NA,NA,NA,0,0,NA,0,NA,0,0,0,0,0,0,0,0,0,0,0,NA,0,NA,0,0,0,0,0,0,0,NA,0,0,NA,0,0,0,0,0,0,0,NA,0,0,0,0,0,NA,NA,NA,NA,NA,NA,NA,NA,NA,NA,NA,NA,NA,NA,NA,NA,NA,NA,NA,NA,NA,NA,NA,NA,NA,NA,NA,NA,NA
"55",1,1,1,0,0,1,0,0,0,NA,NA,NA,NA,NA,NA,0,0,NA,0,NA,0,0,0,0,0,0,0,0,0,0,0,NA,0,NA,0,0,0,0,0,0,0,NA,0,0,0,0,0,0,0,0,0,0,NA,0,0,0,0,0,NA,NA,NA,NA,NA,NA,NA,NA,NA,NA,NA,NA,NA,NA,NA,NA,NA,NA,NA,NA,NA,NA,NA,NA,NA,NA,NA,NA,NA
"56",1,1,1,NA,1,NA,0,0,0,0,NA,NA,0,NA,0,0,NA,NA,0,NA,0,0,0,0,0,0,0,0,0,0,0,0,0,NA,0,0,0,0,0,0,0,0,0,0,NA,0,0,0,NA,0,0,0,0,0,0,0,0,0,NA,NA,NA,NA,NA,NA,NA,NA,NA,NA,NA,NA,NA,NA,NA,NA,NA,NA,NA,NA,NA,NA,NA,NA,NA,NA,NA,NA,NA
"57",1,1,0,1,1,0,0,0,0,NA,NA,0,0,0,NA,0,0,NA,0,0,0,0,0,0,0,0,0,0,0,0,0,NA,0,NA,0,0,0,0,0,0,0,NA,0,NA,NA,0,0,0,0,NA,0,0,NA,0,0,0,0,0,NA,NA,NA,NA,NA,NA,NA,NA,NA,NA,NA,NA,NA,NA,NA,NA,NA,NA,NA,NA,NA,NA,NA,NA,NA,NA,NA,NA,NA
"58",1,1,1,0,1,NA,0,0,0,NA,NA,NA,0,NA,NA,0,NA,NA,0,NA,0,0,0,0,0,0,0,0,0,0,0,NA,0,NA,0,0,0,0,0,0,0,NA,0,0,NA,0,0,0,NA,0,0,0,NA,0,0,0,0,0,NA,NA,NA,NA,NA,NA,NA,NA,NA,NA,NA,NA,NA,NA,NA,NA,NA,NA,NA,NA,NA,NA,NA,NA,NA,NA,NA,NA,NA
"59",1,1,1,0,1,NA,0,0,0,NA,NA,NA,0,NA,NA,0,NA,NA,0,NA,0,0,0,0,0,0,0,0,0,0,0,NA,0,NA,0,0,0,0,0,0,0,NA,0,0,NA,0,0,0,0,0,0,0,NA,0,0,0,0,0,NA,NA,NA,NA,NA,NA,NA,NA,NA,NA,NA,NA,NA,NA,NA,NA,NA,NA,NA,NA,NA,NA,NA,NA,NA,NA,NA,NA,NA
"60",1,1,1,NA,1,NA,0,0,0,0,NA,NA,0,NA,0,0,NA,NA,0,NA,0,0,0,0,0,0,0,0,0,0,0,0,0,NA,0,0,0,0,0,0,0,0,0,0,NA,0,0,0,0,0,0,0,0,0,0,0,0,0,NA,NA,NA,NA,NA,NA,NA,NA,NA,NA,NA,NA,NA,NA,NA,NA,NA,NA,NA,NA,NA,NA,NA,NA,NA,NA,NA,NA,NA
"61",1,1,1,0,0,NA,0,0,0,NA,NA,NA,0,NA,NA,0,NA,NA,0,NA,0,0,0,0,0,0,0,0,0,0,0,NA,0,NA,0,0,0,0,0,0,0,NA,0,0,0,0,0,0,NA,0,0,0,NA,0,0,0,0,0,NA,NA,NA,NA,NA,NA,NA,NA,NA,NA,NA,NA,NA,NA,NA,NA,NA,NA,NA,NA,NA,NA,NA,NA,NA,NA,NA,NA,NA
"62",1,1,1,0,0,NA,0,0,0,NA,NA,NA,0,NA,NA,0,NA,NA,0,NA,0,0,0,0,0,0,0,0,0,0,0,NA,0,NA,0,0,0,0,0,0,0,NA,0,0,0,0,0,0,0,0,0,0,NA,0,0,0,0,0,NA,NA,NA,NA,NA,NA,NA,NA,NA,NA,NA,NA,NA,NA,NA,NA,NA,NA,NA,NA,NA,NA,NA,NA,NA,NA,NA,NA,NA
"63",1,1,1,NA,0,NA,0,0,0,0,NA,NA,0,NA,0,0,NA,NA,0,NA,0,0,0,0,0,0,0,0,0,0,0,0,0,NA,0,0,0,0,0,0,0,0,0,0,0,0,0,0,NA,0,0,0,0,0,0,0,0,0,NA,NA,NA,NA,NA,NA,NA,NA,NA,NA,NA,NA,NA,NA,NA,NA,NA,NA,NA,NA,NA,NA,NA,NA,NA,NA,NA,NA,NA
"64",0,0,0,1,0,0,0,0,0,NA,NA,0,0,0,NA,0,0,NA,0,0,0,0,0,0,0,0,0,0,0,0,0,NA,0,NA,0,0,0,0,0,0,0,NA,0,NA,0,0,0,0,NA,NA,0,0,NA,0,0,0,0,0,NA,NA,NA,NA,NA,NA,NA,NA,NA,NA,NA,NA,NA,NA,NA,NA,NA,NA,NA,NA,NA,NA,NA,NA,NA,NA,NA,NA,NA
"65",1,1,1,0,1,0,0,0,0,NA,NA,NA,0,NA,NA,0,NA,NA,0,NA,0,0,0,0,0,0,0,0,0,0,0,NA,0,NA,0,0,0,0,0,0,0,NA,0,NA,NA,0,0,0,0,0,0,0,NA,0,0,0,0,0,NA,NA,NA,NA,NA,NA,NA,NA,NA,NA,NA,NA,NA,NA,NA,NA,NA,NA,NA,NA,NA,NA,NA,NA,NA,NA,NA,NA,NA
"66",1,1,1,0,0,0,0,0,0,NA,NA,NA,0,NA,NA,0,NA,NA,0,NA,0,0,0,0,0,0,0,0,0,0,0,NA,0,NA,0,0,0,0,0,0,0,NA,0,NA,0,0,0,0,NA,0,0,0,NA,0,0,0,0,0,NA,NA,NA,NA,NA,NA,NA,NA,NA,NA,NA,NA,NA,NA,NA,NA,NA,NA,NA,NA,NA,NA,NA,NA,NA,NA,NA,NA,NA
"67",1,1,1,1,1,0,0,0,0,NA,NA,NA,0,NA,NA,0,NA,NA,0,NA,0,0,0,0,0,0,0,0,0,0,0,NA,0,NA,0,0,0,0,0,0,0,NA,0,0,NA,0,0,0,NA,NA,0,0,NA,0,0,0,0,0,NA,NA,NA,NA,NA,NA,NA,NA,NA,NA,NA,NA,NA,NA,NA,NA,NA,NA,NA,NA,NA,NA,NA,NA,NA,NA,NA,NA,NA
"68",1,1,1,0,0,0,0,0,0,NA,NA,NA,0,NA,NA,0,NA,NA,0,NA,0,0,0,0,0,0,0,0,0,0,0,NA,0,NA,0,0,0,0,0,0,0,NA,0,NA,0,0,0,0,0,0,0,0,NA,0,0,0,0,0,NA,NA,NA,NA,NA,NA,NA,NA,NA,NA,NA,NA,NA,NA,NA,NA,NA,NA,NA,NA,NA,NA,NA,NA,NA,NA,NA,NA,NA
"69",1,1,1,1,0,0,0,0,0,NA,NA,NA,0,NA,NA,0,NA,NA,0,NA,0,0,0,0,0,0,0,0,0,0,0,NA,0,NA,0,0,0,0,0,0,0,NA,0,0,0,0,0,0,NA,NA,0,0,NA,0,0,0,0,0,NA,NA,NA,NA,NA,NA,NA,NA,NA,NA,NA,NA,NA,NA,NA,NA,NA,NA,NA,NA,NA,NA,NA,NA,NA,NA,NA,NA,NA
"70",1,0,0,1,0,0,0,0,0,NA,NA,0,0,0,NA,0,0,NA,0,0,0,0,0,0,0,0,0,0,0,0,0,NA,0,NA,0,0,0,0,0,0,0,NA,0,NA,0,0,0,0,0,NA,0,0,NA,0,0,0,0,0,NA,NA,NA,NA,NA,NA,NA,NA,NA,NA,NA,NA,NA,NA,NA,NA,NA,NA,NA,NA,NA,NA,NA,NA,NA,NA,NA,NA,NA
"71",1,1,1,1,1,0,0,0,0,NA,NA,NA,0,NA,NA,0,NA,NA,0,NA,0,0,0,0,0,0,0,0,0,0,0,NA,0,NA,0,0,0,0,0,0,0,NA,0,0,NA,0,0,0,0,NA,0,0,NA,0,0,0,0,0,NA,NA,NA,NA,NA,NA,NA,NA,NA,NA,NA,NA,NA,NA,NA,NA,NA,NA,NA,NA,NA,NA,NA,NA,NA,NA,NA,NA,NA
"72",1,1,0,0,1,0,0,0,0,NA,NA,0,0,0,NA,0,0,NA,0,0,0,0,0,0,0,0,0,0,0,0,0,NA,0,NA,0,0,0,0,0,0,0,NA,0,NA,NA,0,0,0,0,0,0,0,NA,0,0,0,0,0,NA,NA,NA,NA,NA,NA,NA,NA,NA,NA,NA,NA,NA,NA,NA,NA,NA,NA,NA,NA,NA,NA,NA,NA,NA,NA,NA,NA,NA
"73",1,1,1,1,0,0,0,0,0,NA,NA,NA,0,NA,NA,0,NA,NA,0,NA,0,0,0,0,0,0,0,0,0,0,0,NA,0,NA,0,0,0,0,0,0,0,NA,0,0,0,0,0,0,0,NA,0,0,NA,0,0,0,0,0,NA,NA,NA,NA,NA,NA,NA,NA,NA,NA,NA,NA,NA,NA,NA,NA,NA,NA,NA,NA,NA,NA,NA,NA,NA,NA,NA,NA,NA
"74",1,0,0,0,0,0,0,0,0,NA,NA,0,0,0,NA,0,0,NA,0,0,0,0,0,0,0,0,0,0,0,0,0,NA,0,NA,0,0,0,0,0,0,0,NA,0,NA,0,0,0,0,0,0,0,0,NA,0,0,0,0,0,NA,NA,NA,NA,NA,NA,NA,NA,NA,NA,NA,NA,NA,NA,NA,NA,NA,NA,NA,NA,NA,NA,NA,NA,NA,NA,NA,NA,NA
"75",1,1,1,0,1,0,0,NA,0,NA,0,NA,0,NA,NA,0,NA,0,0,NA,0,0,0,0,0,0,0,0,0,0,0,NA,0,0,0,0,0,0,0,0,0,NA,0,0,NA,0,0,0,NA,0,0,0,NA,0,0,NA,0,0,NA,NA,NA,NA,NA,NA,NA,NA,NA,NA,NA,NA,NA,NA,NA,NA,NA,NA,NA,NA,NA,NA,NA,NA,NA,NA,NA,NA,NA
"76",1,1,1,0,1,0,0,0,0,NA,NA,NA,0,NA,NA,0,NA,NA,0,NA,0,0,0,0,0,0,0,0,0,0,0,NA,0,NA,0,0,0,0,0,0,0,NA,0,0,NA,0,0,0,0,0,0,0,NA,0,0,0,0,0,NA,NA,NA,NA,NA,NA,NA,NA,NA,NA,NA,NA,NA,NA,NA,NA,NA,NA,NA,NA,NA,NA,NA,NA,NA,NA,NA,NA,NA
"77",1,1,1,0,0,0,0,0,0,NA,NA,NA,0,NA,NA,0,NA,NA,0,NA,0,0,0,0,0,0,0,0,0,0,0,NA,0,NA,0,0,0,0,0,0,0,NA,0,0,0,0,0,0,NA,0,0,0,NA,0,0,0,0,0,NA,NA,NA,NA,NA,NA,NA,NA,NA,NA,NA,NA,NA,NA,NA,NA,NA,NA,NA,NA,NA,NA,NA,NA,NA,NA,NA,NA,NA
"78",1,1,1,0,0,0,0,0,0,NA,NA,NA,0,NA,NA,0,NA,NA,0,NA,0,0,0,0,0,0,0,0,0,0,0,NA,0,NA,0,0,0,0,0,0,0,NA,0,0,0,0,0,0,0,0,0,0,NA,0,0,0,0,0,NA,NA,NA,NA,NA,NA,NA,NA,NA,NA,NA,NA,NA,NA,NA,NA,NA,NA,NA,NA,NA,NA,NA,NA,NA,NA,NA,NA,NA
"79",1,1,1,NA,0,NA,0,0,0,0,NA,NA,0,NA,0,0,NA,NA,0,NA,0,0,0,0,0,0,0,0,0,0,0,0,0,NA,0,0,0,0,0,0,0,0,0,0,0,0,0,0,0,0,0,0,0,0,0,0,0,0,NA,NA,NA,NA,NA,NA,NA,NA,NA,NA,NA,NA,NA,NA,NA,NA,NA,NA,NA,NA,NA,NA,NA,NA,NA,NA,NA,NA,NA
"80",1,1,1,NA,1,0,0,0,0,0,NA,NA,0,NA,0,0,NA,NA,0,NA,0,0,0,0,0,0,0,0,0,0,0,0,0,NA,0,0,0,0,0,0,0,0,0,0,NA,0,0,0,NA,0,0,0,0,0,0,0,0,0,NA,NA,NA,NA,NA,NA,NA,NA,NA,NA,NA,NA,NA,NA,NA,NA,NA,NA,NA,NA,NA,NA,NA,NA,NA,NA,NA,NA,NA
"81",1,1,1,NA,1,0,0,0,0,0,NA,NA,0,NA,0,0,NA,NA,0,NA,0,0,0,0,0,0,0,0,0,0,0,0,0,NA,0,0,0,0,0,0,0,0,0,0,NA,0,0,0,0,0,0,0,0,0,0,0,0,0,NA,NA,NA,NA,NA,NA,NA,NA,NA,NA,NA,NA,NA,NA,NA,NA,NA,NA,NA,NA,NA,NA,NA,NA,NA,NA,NA,NA,NA
"82",1,1,1,NA,0,0,0,0,0,0,NA,NA,0,NA,0,0,NA,NA,0,NA,0,0,0,0,0,0,0,0,0,0,0,0,0,NA,0,0,0,0,0,0,0,0,0,0,0,0,0,0,NA,0,0,0,0,0,0,0,0,0,NA,NA,NA,NA,NA,NA,NA,NA,NA,NA,NA,NA,NA,NA,NA,NA,NA,NA,NA,NA,NA,NA,NA,NA,NA,NA,NA,NA,NA
"83",1,1,1,NA,0,0,0,0,0,0,NA,NA,0,NA,0,0,NA,NA,0,NA,0,0,0,0,0,0,0,0,0,0,0,0,0,NA,0,0,0,0,0,0,0,0,0,0,0,0,0,0,0,0,0,0,0,0,0,0,0,0,NA,NA,NA,NA,NA,NA,NA,NA,NA,NA,NA,NA,NA,NA,NA,NA,NA,NA,NA,NA,NA,NA,NA,NA,NA,NA,NA,NA,NA
"84",1,1,0,1,1,0,0,0,0,NA,NA,0,0,0,NA,0,0,NA,0,0,0,0,0,0,0,0,0,0,0,0,0,NA,0,NA,0,0,0,0,0,0,0,NA,0,0,NA,0,0,0,NA,NA,0,0,NA,0,0,0,0,0,NA,NA,NA,NA,NA,NA,NA,NA,NA,NA,NA,NA,NA,NA,NA,NA,NA,NA,NA,NA,NA,NA,NA,NA,NA,NA,NA,NA,NA
"85",1,1,0,1,1,0,0,0,0,NA,NA,0,0,0,NA,0,0,NA,0,0,0,0,0,0,0,0,0,0,0,0,0,NA,0,NA,0,0,0,0,0,0,0,NA,0,0,NA,0,0,0,0,NA,0,0,NA,0,0,0,0,0,NA,NA,NA,NA,NA,NA,NA,NA,NA,NA,NA,NA,NA,NA,NA,NA,NA,NA,NA,NA,NA,NA,NA,NA,NA,NA,NA,NA,NA
"86",0,0,0,1,0,0,0,0,0,NA,NA,0,0,0,NA,0,0,NA,0,0,0,0,0,0,0,0,0,0,0,0,0,NA,0,NA,0,0,0,0,0,0,0,NA,0,0,0,0,0,0,NA,NA,0,0,NA,0,0,0,0,0,NA,NA,NA,NA,NA,NA,NA,NA,NA,NA,NA,NA,NA,NA,NA,NA,NA,NA,NA,NA,NA,NA,NA,NA,NA,NA,NA,NA,NA
"87",1,0,0,1,0,0,0,0,0,NA,NA,0,0,0,NA,0,0,NA,0,0,0,0,0,0,0,0,0,0,0,0,0,NA,0,NA,0,0,0,0,0,0,0,NA,0,0,0,0,0,0,0,NA,0,0,NA,0,0,0,0,0,NA,NA,NA,NA,NA,NA,NA,NA,NA,NA,NA,NA,NA,NA,NA,NA,NA,NA,NA,NA,NA,NA,NA,NA,NA,NA,NA,NA,NA
"88",1,1,0,0,1,0,0,0,0,NA,NA,0,0,0,NA,0,0,NA,0,0,0,0,0,0,0,0,0,0,0,0,0,NA,0,NA,0,0,0,0,0,0,0,NA,0,0,NA,0,0,0,NA,0,0,0,NA,0,0,0,0,0,NA,NA,NA,NA,NA,NA,NA,NA,NA,NA,NA,NA,NA,NA,NA,NA,NA,NA,NA,NA,NA,NA,NA,NA,NA,NA,NA,NA,NA
"89",1,1,0,0,1,0,0,0,0,NA,NA,0,0,0,NA,0,0,NA,0,0,0,0,0,0,0,0,0,0,0,0,0,NA,0,NA,0,0,0,0,0,0,0,NA,0,0,NA,0,0,0,0,0,0,0,NA,0,0,0,0,0,NA,NA,NA,NA,NA,NA,NA,NA,NA,NA,NA,NA,NA,NA,NA,NA,NA,NA,NA,NA,NA,NA,NA,NA,NA,NA,NA,NA,NA
"90",1,0,0,0,0,0,0,0,0,NA,NA,0,0,0,NA,0,0,NA,0,0,0,0,0,0,0,0,0,0,0,0,0,NA,0,NA,0,0,0,0,0,0,0,NA,0,0,0,0,0,0,0,0,0,0,NA,0,0,0,0,0,NA,NA,NA,NA,NA,NA,NA,NA,NA,NA,NA,NA,NA,NA,NA,NA,NA,NA,NA,NA,NA,NA,NA,NA,NA,NA,NA,NA,NA
"91",1,1,0,NA,1,0,0,0,0,0,NA,0,0,0,0,0,0,NA,0,0,0,0,0,0,0,0,0,0,0,0,0,0,0,NA,0,0,0,0,0,0,0,0,0,0,NA,0,0,0,0,0,0,0,0,0,0,0,0,0,NA,NA,NA,NA,NA,NA,NA,NA,NA,NA,NA,NA,NA,NA,NA,NA,NA,NA,NA,NA,NA,NA,NA,NA,NA,NA,NA,NA,NA
"92",1,0,0,NA,0,0,0,0,0,0,NA,0,0,0,0,0,0,NA,0,0,0,0,0,0,0,0,0,0,0,0,0,0,0,NA,0,0,0,0,0,0,0,0,0,0,0,0,0,0,0,0,0,0,0,0,0,0,0,0,NA,NA,NA,NA,NA,NA,NA,NA,NA,NA,NA,NA,NA,NA,NA,NA,NA,NA,NA,NA,NA,NA,NA,NA,NA,NA,NA,NA,NA
"93",0.945652173913043,0.891304347826087,0.793478260869565,0.5,0.5,0.444444444444444,0,0,0,0,0,0,0,0,0,0,0,0,0,0,0,0,0,0,0,0,0,0,0,0,0,0,0,0,0,0,0,0,0,0,0,0,0,0,0,0,0,0,0,0,0,0,0,0,0,0,0,0,NA,NA,NA,NA,NA,NA,NA,NA,NA,NA,NA,NA,NA,NA,NA,NA,NA,NA,NA,NA,NA,NA,NA,NA,NA,NA,NA,NA,NA
"94",1,1,1,0.869565217391304,1,0.782608695652174,0.923913043478261,0.869565217391304,1,0.130434782608696,0.130434782608696,0.217391304347826,0.652173913043478,0.217391304347826,0.130434782608696,1,0.391304347826087,0.130434782608696,1,0.217391304347826,1,1,1,1,1,1,1,1,1,1,1,0.130434782608696,1,0.130434782608696,1,1,1,1,1,1,1,0.130434782608696,1,0.565217391304348,0.5,1,1,1,0.5,0.565217391304348,1,1,0.130434782608696,1,1,0.945652173913043,1,1,0,0,0,0,0,0,0,0,0,0,0,0,0,0,0,0,0,0,0,0,0,0,0,0,0,0,0,0,0
