"","phoB","crp","cra","xylR","mazE","fliZ","galR","mazF","galS","zraR","metR","cusR","puuR","yiaJ","putA","cadC","melR","araC","yqjI","malI","idnR","pdeL","purR","prpR","fucR","tdcA","lsrR","glcC","nhaR","hyfR","yeiL","dpiA","nikR","betI","lldR","dcuR","metJ","adiY","flhD","flhC","ptsG","rhaR","fhlA","rhaS","pdhR","srlR","uxuR","argP","nac","gutM","exuR","glnG","marR","hdfR","stpA","csgD","yjjQ","soxR","rob","narL","evgA","bglJ","ydeO","gadW","ompR","marA","gadX","leuO","lrp","gadE","rcsA","arcA","fur","rcsB","fnr","asnC","dnaA","mraZ","aidB","rbsR","cspA","mlc","mlrA","oxyR","soxS","fis","hns"
"1",NA,0,0,0,NA,0,NA,0,0,0,0,NA,0,NA,0,0,0,0,0,0,NA,0,NA,0,NA,0,0,0,0,0,0,0,0,0,0,0,NA,0,0,0,0,0,0,0,0,0,0,NA,0,0,NA,0,0,0,0,0,0,NA,0,NA,0,0,0,0,0,0,0,0,0,0,0,0,0,0,0,NA,NA,NA,NA,NA,NA,NA,NA,NA,NA,NA,NA
"2",1,NA,NA,1,1,1,1,NA,NA,NA,NA,0,0,0,NA,0,NA,NA,0,NA,NA,0,0,NA,NA,0,NA,0,0,0,0,0,0,NA,NA,0,0,0,0,0,0,NA,0,NA,0,0,NA,0,0,0,0,NA,0,0,0,NA,0,NA,0,NA,0,0,0,0,NA,NA,0,0,0,0,0,0,NA,0,0,NA,NA,NA,NA,NA,NA,NA,NA,NA,NA,NA,NA
"3",1,NA,NA,1,NA,1,NA,NA,1,NA,NA,0,0,0,NA,0,NA,NA,0,NA,NA,0,0,NA,NA,0,NA,0,0,0,0,0,0,NA,NA,0,0,0,0,0,0,NA,0,NA,0,0,NA,0,0,0,0,NA,0,0,0,NA,0,NA,0,NA,0,0,0,0,NA,NA,0,0,0,0,0,0,NA,0,0,NA,NA,NA,NA,NA,NA,NA,NA,NA,NA,NA,NA
"4",1,NA,NA,1,NA,1,NA,1,NA,NA,NA,0,0,0,NA,0,NA,NA,0,NA,NA,0,0,NA,NA,0,NA,0,0,0,0,0,0,NA,NA,0,0,0,0,0,0,NA,0,NA,0,0,NA,0,0,0,0,NA,0,0,0,NA,0,NA,0,NA,0,0,0,0,NA,NA,0,0,0,0,0,0,NA,0,0,NA,NA,NA,NA,NA,NA,NA,NA,NA,NA,NA,NA
"5",1,NA,NA,1,NA,1,0,NA,0,NA,NA,0,0,0,NA,0,NA,NA,0,NA,NA,0,0,NA,NA,0,NA,0,0,0,0,0,0,NA,NA,0,0,0,0,0,0,NA,0,NA,0,0,NA,0,0,0,0,NA,0,0,0,NA,0,NA,0,NA,0,0,0,0,NA,NA,0,0,0,0,0,0,NA,0,0,NA,NA,NA,NA,NA,NA,NA,NA,NA,NA,NA,NA
"6",1,NA,NA,1,NA,1,1,1,NA,NA,NA,0,0,0,NA,0,NA,NA,0,NA,NA,0,0,NA,NA,0,NA,0,0,0,0,0,0,NA,NA,0,0,0,0,0,0,NA,0,NA,0,0,NA,0,0,0,0,NA,0,0,0,NA,0,NA,0,NA,0,0,0,0,NA,NA,0,0,0,0,0,0,NA,0,0,NA,NA,NA,NA,NA,NA,NA,NA,NA,NA,NA,NA
"7",1,NA,NA,1,0,1,0,0,0,NA,NA,0,0,0,NA,0,NA,NA,0,NA,NA,0,0,NA,NA,0,NA,0,0,0,0,0,0,NA,NA,0,0,0,0,0,0,NA,0,NA,0,0,NA,0,0,0,0,NA,0,0,0,NA,0,NA,0,NA,0,0,0,0,NA,NA,0,0,0,0,0,0,NA,0,0,NA,NA,NA,NA,NA,NA,NA,NA,NA,NA,NA,NA
"8",1,NA,NA,1,0,1,0,0,0,0,NA,0,0,0,NA,0,NA,NA,0,NA,NA,0,0,NA,NA,0,NA,0,0,0,0,0,0,NA,NA,0,0,0,0,0,0,NA,0,NA,0,0,NA,0,0,0,0,NA,0,0,0,NA,0,NA,0,NA,0,0,0,0,NA,NA,0,0,0,0,0,0,NA,0,0,NA,NA,NA,NA,NA,NA,NA,NA,NA,NA,NA,NA
"9",1,NA,NA,1,1,1,0,NA,0,NA,NA,0,0,0,NA,0,NA,NA,0,NA,NA,0,0,NA,NA,0,NA,0,0,0,0,0,0,NA,NA,0,0,0,0,0,0,NA,0,NA,0,0,NA,0,0,0,0,NA,0,0,0,NA,0,NA,0,NA,0,0,0,0,NA,NA,0,0,0,0,0,0,NA,0,0,NA,NA,NA,NA,NA,NA,NA,NA,NA,NA,NA,NA
"10",1,NA,NA,0,0,1,0,0,0,NA,NA,0,0,0,NA,0,NA,0,0,NA,NA,0,0,NA,NA,0,NA,0,0,0,0,0,0,NA,NA,0,0,0,0,0,0,NA,0,NA,0,0,NA,0,0,0,0,NA,0,0,0,NA,0,NA,0,NA,0,0,0,0,NA,NA,0,0,0,0,0,0,NA,0,0,NA,NA,NA,NA,NA,NA,NA,NA,NA,NA,NA,NA
"11",1,NA,NA,1,NA,1,0,1,0,0,NA,0,0,0,NA,0,NA,NA,0,NA,NA,0,0,NA,NA,0,NA,0,0,0,0,0,0,NA,NA,0,0,0,0,0,0,NA,0,NA,0,0,NA,0,0,0,0,NA,0,0,0,NA,0,NA,0,NA,0,0,0,0,NA,NA,0,0,0,0,0,0,NA,0,0,NA,NA,NA,NA,NA,NA,NA,NA,NA,NA,NA,NA
"12",1,NA,NA,1,0,1,1,0,NA,NA,NA,0,0,0,NA,0,NA,NA,0,NA,NA,0,0,NA,NA,0,NA,0,0,0,0,0,0,NA,NA,0,0,0,0,0,0,NA,0,NA,0,0,NA,0,0,0,0,NA,0,0,0,NA,0,NA,0,NA,0,0,0,0,NA,NA,0,0,0,0,0,0,NA,0,0,NA,NA,NA,NA,NA,NA,NA,NA,NA,NA,NA,NA
"13",1,NA,NA,1,0,0,0,0,0,NA,NA,0,0,0,NA,0,NA,NA,0,NA,NA,0,0,NA,NA,0,NA,0,0,0,0,0,0,NA,NA,0,0,0,0,0,0,NA,0,NA,0,0,NA,0,0,0,0,NA,0,0,0,0,0,NA,0,NA,0,0,0,0,NA,NA,0,0,0,0,0,0,NA,0,0,NA,NA,NA,NA,NA,NA,NA,NA,NA,NA,NA,NA
"14",1,NA,NA,1,0,1,0,0,0,NA,NA,0,0,0,NA,0,NA,NA,0,NA,NA,0,0,NA,NA,0,NA,0,0,0,0,0,0,NA,NA,0,0,0,0,0,0,0,0,0,0,0,NA,0,0,0,0,NA,0,0,0,NA,0,NA,0,NA,0,0,0,0,NA,NA,0,0,0,0,0,0,NA,0,0,NA,NA,NA,NA,NA,NA,NA,NA,NA,NA,NA,NA
"15",1,NA,NA,1,0,1,0,0,0,NA,NA,0,0,0,NA,0,0,NA,0,NA,NA,0,0,NA,NA,0,NA,0,0,0,0,0,0,NA,NA,0,0,0,0,0,0,NA,0,NA,0,0,NA,0,0,0,0,NA,0,0,0,NA,0,NA,0,NA,0,0,0,0,NA,NA,0,0,0,0,0,0,NA,0,0,NA,NA,NA,NA,NA,NA,NA,NA,NA,NA,NA,NA
"16",1,NA,NA,1,0,0,1,0,NA,NA,NA,0,0,0,NA,0,NA,NA,0,NA,NA,0,0,NA,NA,0,NA,0,0,0,0,0,0,NA,NA,0,0,0,0,0,0,NA,0,NA,0,0,NA,0,0,0,0,NA,0,0,0,0,0,NA,0,NA,0,0,0,0,NA,NA,0,0,0,0,0,0,NA,0,0,NA,NA,NA,NA,NA,NA,NA,NA,NA,NA,NA,NA
"17",1,NA,NA,1,0,0,NA,0,1,NA,NA,0,0,0,NA,0,NA,NA,0,NA,NA,0,0,NA,NA,0,NA,0,0,0,0,0,0,NA,NA,0,0,0,0,0,0,NA,0,NA,0,0,NA,0,0,0,0,NA,0,0,0,0,0,NA,0,NA,0,0,0,0,NA,NA,0,0,0,0,0,0,NA,0,0,NA,NA,NA,NA,NA,NA,NA,NA,NA,NA,NA,NA
"18",1,NA,NA,1,NA,0,0,1,0,NA,NA,0,0,0,NA,0,NA,NA,0,NA,NA,0,0,NA,NA,0,NA,0,0,0,0,0,0,NA,NA,0,0,0,0,0,0,NA,0,NA,0,0,NA,0,0,0,0,NA,0,0,0,0,0,NA,0,NA,0,0,0,0,NA,NA,0,0,0,0,0,0,NA,0,0,NA,NA,NA,NA,NA,NA,NA,NA,NA,NA,NA,NA
"19",1,NA,NA,1,0,0,0,0,0,0,NA,0,0,0,NA,0,NA,NA,0,NA,NA,0,0,NA,NA,0,NA,0,0,0,0,0,0,NA,NA,0,0,0,0,0,0,NA,0,NA,0,0,NA,0,0,0,0,NA,0,0,0,0,0,NA,0,NA,0,0,0,0,NA,NA,0,0,0,0,0,0,NA,0,0,NA,NA,NA,NA,NA,NA,NA,NA,NA,NA,NA,NA
"20",1,NA,NA,0,0,1,0,0,0,NA,NA,0,0,0,NA,0,NA,0,0,NA,NA,0,0,NA,NA,0,NA,0,0,0,0,0,0,NA,NA,0,0,0,0,0,0,0,0,0,0,0,NA,0,0,0,0,NA,0,0,0,NA,0,NA,0,NA,0,0,0,0,NA,NA,0,0,0,0,0,0,NA,0,0,NA,NA,NA,NA,NA,NA,NA,NA,NA,NA,NA,NA
"21",1,NA,NA,1,1,1,0,NA,0,NA,NA,0,0,0,NA,0,0,NA,0,NA,NA,0,0,NA,NA,0,NA,0,0,0,0,0,0,NA,NA,0,0,0,0,0,0,NA,0,NA,0,0,NA,0,0,0,0,NA,0,0,0,NA,0,NA,0,NA,0,0,0,0,NA,NA,0,0,0,0,0,0,NA,0,0,NA,NA,NA,NA,NA,NA,NA,NA,NA,NA,NA,NA
"22",1,NA,NA,0,0,1,NA,0,1,NA,NA,0,0,0,NA,0,NA,0,0,NA,NA,0,0,NA,NA,0,NA,0,0,0,0,0,0,NA,NA,0,0,0,0,0,0,NA,0,NA,0,0,NA,0,0,0,0,NA,0,0,0,NA,0,NA,0,NA,0,0,0,0,NA,NA,0,0,0,0,0,0,NA,0,0,NA,NA,NA,NA,NA,NA,NA,NA,NA,NA,NA,NA
"23",1,NA,NA,1,1,1,0,NA,0,0,NA,0,0,0,NA,0,NA,NA,0,NA,NA,0,0,NA,NA,0,NA,0,0,0,0,0,0,NA,NA,0,0,0,0,0,0,NA,0,NA,0,0,NA,0,0,0,0,NA,0,0,0,NA,0,NA,0,NA,0,0,0,0,NA,NA,0,0,0,0,0,0,NA,0,0,NA,NA,NA,NA,NA,NA,NA,NA,NA,NA,NA,NA
"24",1,NA,NA,1,0,0,0,0,0,NA,NA,0,0,0,NA,0,0,NA,0,NA,NA,0,0,NA,NA,0,NA,0,0,0,0,0,0,NA,NA,0,0,0,0,0,0,NA,0,NA,0,0,NA,0,0,0,0,NA,0,0,0,0,0,NA,0,NA,0,0,0,0,NA,NA,0,0,0,0,0,0,NA,0,0,NA,NA,NA,NA,NA,NA,NA,NA,NA,NA,NA,NA
"25",1,NA,NA,1,1,1,NA,NA,1,NA,NA,0,0,0,NA,0,NA,NA,0,NA,NA,0,0,NA,NA,0,NA,0,0,0,0,0,0,NA,NA,0,0,0,0,0,0,NA,0,NA,0,0,NA,0,0,0,0,NA,0,0,0,NA,0,NA,0,NA,0,0,0,0,NA,NA,0,0,0,0,0,0,NA,0,0,NA,NA,NA,NA,NA,NA,NA,NA,NA,NA,NA,NA
"26",1,NA,NA,0,NA,1,0,1,0,NA,NA,0,0,0,NA,0,NA,0,0,NA,NA,0,0,NA,NA,0,NA,0,0,0,0,0,0,NA,NA,0,0,0,0,0,0,NA,0,NA,0,0,NA,0,0,0,0,NA,0,0,0,NA,0,NA,0,NA,0,0,0,0,NA,NA,0,0,0,0,0,0,NA,0,0,NA,NA,NA,NA,NA,NA,NA,NA,NA,NA,NA,NA
"27",1,NA,NA,1,0,1,0,0,0,0,NA,0,0,0,NA,0,0,NA,0,NA,NA,0,0,NA,NA,0,NA,0,0,0,0,0,0,NA,NA,0,0,0,0,0,0,NA,0,NA,0,0,NA,0,0,0,0,NA,0,0,0,NA,0,NA,0,NA,0,0,0,0,NA,NA,0,0,0,0,0,0,NA,0,0,NA,NA,NA,NA,NA,NA,NA,NA,NA,NA,NA,NA
"28",1,NA,NA,1,NA,1,NA,1,1,NA,NA,0,0,0,NA,0,NA,NA,0,NA,NA,0,0,NA,NA,0,NA,0,0,0,0,0,0,NA,NA,0,0,0,0,0,0,NA,0,NA,0,0,NA,0,0,0,0,NA,0,0,0,NA,0,NA,0,NA,0,0,0,0,NA,NA,0,0,0,0,0,0,NA,0,0,NA,NA,NA,NA,NA,NA,NA,NA,NA,NA,NA,NA
"29",1,NA,NA,1,0,1,1,0,NA,0,NA,0,0,0,NA,0,NA,NA,0,NA,NA,0,0,NA,NA,0,NA,0,0,0,0,0,0,NA,NA,0,0,0,0,0,0,NA,0,NA,0,0,NA,0,0,0,0,NA,0,0,0,NA,0,NA,0,NA,0,0,0,0,NA,NA,0,0,0,0,0,0,NA,0,0,NA,NA,NA,NA,NA,NA,NA,NA,NA,NA,NA,NA
"30",1,NA,NA,0,0,1,0,0,0,NA,NA,0,0,0,NA,0,0,0,0,NA,NA,0,0,NA,NA,0,NA,0,0,0,0,0,0,NA,NA,0,0,0,0,0,0,NA,0,NA,0,0,NA,0,0,0,0,NA,0,0,0,NA,0,NA,0,NA,0,0,0,0,NA,NA,0,0,0,0,0,0,NA,0,0,NA,NA,NA,NA,NA,NA,NA,NA,NA,NA,NA,NA
"31",1,NA,NA,1,NA,1,0,NA,0,0,NA,0,0,0,NA,0,NA,NA,0,NA,NA,0,0,NA,NA,0,NA,0,0,0,0,0,0,NA,NA,0,0,0,0,0,0,NA,0,NA,0,0,NA,0,0,0,0,NA,0,0,0,NA,0,NA,0,NA,0,0,0,0,NA,NA,0,0,0,0,0,0,NA,0,0,NA,NA,NA,NA,NA,NA,NA,NA,NA,NA,NA,NA
"32",1,NA,NA,0,0,1,1,0,NA,NA,NA,0,0,0,NA,0,NA,0,0,NA,NA,0,0,NA,NA,0,NA,0,0,0,0,0,0,NA,NA,0,0,0,0,0,0,NA,0,NA,0,0,NA,0,0,0,0,NA,0,0,0,NA,0,NA,0,NA,0,0,0,0,NA,NA,0,0,0,0,0,0,NA,0,0,NA,NA,NA,NA,NA,NA,NA,NA,NA,NA,NA,NA
"33",1,NA,NA,1,1,1,0,NA,0,0,NA,0,0,0,NA,0,0,NA,0,NA,NA,0,0,NA,NA,0,NA,0,0,0,0,0,0,NA,NA,0,0,0,0,0,0,NA,0,NA,0,0,NA,0,0,0,0,NA,0,0,0,NA,0,NA,0,NA,0,0,0,0,NA,NA,0,0,0,0,0,0,NA,0,0,NA,NA,NA,NA,NA,NA,NA,NA,NA,NA,NA,NA
"34",1,NA,NA,0,NA,1,1,1,NA,NA,NA,0,0,0,NA,0,NA,0,0,NA,NA,0,0,NA,NA,0,NA,0,0,0,0,0,0,NA,NA,0,0,0,0,0,0,NA,0,NA,0,0,NA,0,0,0,0,NA,0,0,0,NA,0,NA,0,NA,0,0,0,0,NA,NA,0,0,0,0,0,0,NA,0,0,NA,NA,NA,NA,NA,NA,NA,NA,NA,NA,NA,NA
"35",1,NA,NA,1,0,1,NA,0,1,0,NA,0,0,0,NA,0,NA,NA,0,NA,NA,0,0,NA,NA,0,NA,0,0,0,0,0,0,NA,NA,0,0,0,0,0,0,NA,0,NA,0,0,NA,0,0,0,0,NA,0,0,0,NA,0,NA,0,NA,0,0,0,0,NA,NA,0,0,0,0,0,0,NA,0,0,NA,NA,NA,NA,NA,NA,NA,NA,NA,NA,NA,NA
"36",1,NA,NA,0,1,1,0,NA,0,NA,NA,0,0,0,NA,0,NA,0,0,NA,NA,0,0,NA,NA,0,NA,0,0,0,0,0,0,NA,NA,0,0,0,0,0,0,NA,0,NA,0,0,NA,0,0,0,0,NA,0,0,0,NA,0,NA,0,NA,0,0,0,0,NA,NA,0,0,0,0,0,0,NA,0,0,NA,NA,NA,NA,NA,NA,NA,NA,NA,NA,NA,NA
"37",1,NA,NA,1,NA,1,0,1,0,NA,NA,0,0,0,NA,0,0,NA,0,NA,NA,0,0,NA,NA,0,NA,0,0,0,0,0,0,NA,NA,0,0,0,0,0,0,NA,0,NA,0,0,NA,0,0,0,0,NA,0,0,0,NA,0,NA,0,NA,0,0,0,0,NA,NA,0,0,0,0,0,0,NA,0,0,NA,NA,NA,NA,NA,NA,NA,NA,NA,NA,NA,NA
"38",1,NA,NA,0,0,1,0,0,0,0,NA,0,0,0,NA,0,NA,0,0,NA,NA,0,0,NA,NA,0,NA,0,0,0,0,0,0,NA,NA,0,0,0,0,0,0,NA,0,NA,0,0,NA,0,0,0,0,NA,0,0,0,NA,0,NA,0,NA,0,0,0,0,NA,NA,0,0,0,0,0,0,NA,0,0,NA,NA,NA,NA,NA,NA,NA,NA,NA,NA,NA,NA
"39",1,NA,NA,1,0,1,NA,0,1,NA,NA,0,0,0,NA,0,0,NA,0,NA,NA,0,0,NA,NA,0,NA,0,0,0,0,0,0,NA,NA,0,0,0,0,0,0,NA,0,NA,0,0,NA,0,0,0,0,NA,0,0,0,NA,0,NA,0,NA,0,0,0,0,NA,NA,0,0,0,0,0,0,NA,0,0,NA,NA,NA,NA,NA,NA,NA,NA,NA,NA,NA,NA
"40",1,NA,NA,0,NA,1,0,1,0,0,NA,0,0,0,NA,0,NA,0,0,NA,NA,0,0,NA,NA,0,NA,0,0,0,0,0,0,NA,NA,0,0,0,0,0,0,NA,0,NA,0,0,NA,0,0,0,0,NA,0,0,0,NA,0,NA,0,NA,0,0,0,0,NA,NA,0,0,0,0,0,0,NA,0,0,NA,NA,NA,NA,NA,NA,NA,NA,NA,NA,NA,NA
"41",1,NA,NA,1,0,1,1,0,NA,NA,NA,0,0,0,NA,0,0,NA,0,NA,NA,0,0,NA,NA,0,NA,0,0,0,0,0,0,NA,NA,0,0,0,0,0,0,NA,0,NA,0,0,NA,0,0,0,0,NA,0,0,0,NA,0,NA,0,NA,0,0,0,0,NA,NA,0,0,0,0,0,0,NA,0,0,NA,NA,NA,NA,NA,NA,NA,NA,NA,NA,NA,NA
"42",1,NA,NA,0,1,1,0,NA,0,0,NA,0,0,0,NA,0,NA,0,0,NA,NA,0,0,NA,NA,0,NA,0,0,0,0,0,0,NA,NA,0,0,0,0,0,0,NA,0,NA,0,0,NA,0,0,0,0,NA,0,0,0,NA,0,NA,0,NA,0,0,0,0,NA,NA,0,0,0,0,0,0,NA,0,0,NA,NA,NA,NA,NA,NA,NA,NA,NA,NA,NA,NA
"43",1,NA,NA,1,NA,1,NA,1,1,NA,NA,0,0,0,NA,0,0,NA,0,NA,NA,0,0,NA,NA,0,NA,0,0,0,0,0,0,NA,NA,0,0,0,0,0,0,NA,0,NA,0,0,NA,0,0,0,0,NA,0,0,0,NA,0,NA,0,NA,0,0,0,0,NA,NA,0,0,0,0,0,0,NA,0,0,NA,NA,NA,NA,NA,NA,NA,NA,NA,NA,NA,NA
"44",1,NA,NA,0,0,1,1,0,NA,0,NA,0,0,0,NA,0,NA,0,0,NA,NA,0,0,NA,NA,0,NA,0,0,0,0,0,0,NA,NA,0,0,0,0,0,0,NA,0,NA,0,0,NA,0,0,0,0,NA,0,0,0,NA,0,NA,0,NA,0,0,0,0,NA,NA,0,0,0,0,0,0,NA,0,0,NA,NA,NA,NA,NA,NA,NA,NA,NA,NA,NA,NA
"45",1,NA,NA,1,NA,1,0,NA,0,NA,NA,0,0,0,NA,0,0,NA,0,NA,NA,0,0,NA,NA,0,NA,0,0,0,0,0,0,NA,NA,0,0,0,0,0,0,NA,0,NA,0,0,NA,0,0,0,0,NA,0,0,0,NA,0,NA,0,NA,0,0,0,0,NA,NA,0,0,0,0,0,0,NA,0,0,NA,NA,NA,NA,NA,NA,NA,NA,NA,NA,NA,NA
"46",1,NA,NA,0,0,1,NA,0,1,0,NA,0,0,0,NA,0,NA,0,0,NA,NA,0,0,NA,NA,0,NA,0,0,0,0,0,0,NA,NA,0,0,0,0,0,0,NA,0,NA,0,0,NA,0,0,0,0,NA,0,0,0,NA,0,NA,0,NA,0,0,0,0,NA,NA,0,0,0,0,0,0,NA,0,0,NA,NA,NA,NA,NA,NA,NA,NA,NA,NA,NA,NA
"47",1,NA,NA,1,NA,1,1,1,NA,NA,NA,0,0,0,NA,0,0,NA,0,NA,NA,0,0,NA,NA,0,NA,0,0,0,0,0,0,NA,NA,0,0,0,0,0,0,NA,0,NA,0,0,NA,0,0,0,0,NA,0,0,0,NA,0,NA,0,NA,0,0,0,0,NA,NA,0,0,0,0,0,0,NA,0,0,NA,NA,NA,NA,NA,NA,NA,NA,NA,NA,NA,NA
"48",1,NA,NA,0,0,0,0,0,0,NA,NA,0,0,0,NA,0,NA,0,0,NA,NA,0,0,NA,NA,0,NA,0,0,0,0,0,0,NA,NA,0,0,0,0,0,0,NA,0,NA,0,0,NA,0,0,0,0,NA,0,0,0,0,0,NA,0,NA,0,0,0,0,NA,NA,0,0,0,0,0,0,NA,0,0,NA,NA,NA,NA,NA,NA,NA,NA,NA,NA,NA,NA
"49",1,NA,NA,1,NA,0,0,1,0,NA,NA,0,0,0,NA,0,0,NA,0,NA,NA,0,0,NA,NA,0,NA,0,0,0,0,0,0,NA,NA,0,0,0,0,0,0,NA,0,NA,0,0,NA,0,0,0,0,NA,0,0,0,0,0,NA,0,NA,0,0,0,0,NA,NA,0,0,0,0,0,0,NA,0,0,NA,NA,NA,NA,NA,NA,NA,NA,NA,NA,NA,NA
"50",1,NA,NA,0,1,1,1,NA,NA,NA,NA,0,0,0,NA,0,NA,0,0,NA,NA,0,0,NA,NA,0,NA,0,0,0,0,0,0,NA,NA,0,0,0,0,0,0,NA,0,NA,0,0,NA,0,0,0,0,NA,0,0,0,NA,0,NA,0,NA,0,0,0,0,NA,NA,0,0,0,0,0,0,NA,0,0,NA,NA,NA,NA,NA,NA,NA,NA,NA,NA,NA,NA
"51",1,NA,NA,1,NA,1,NA,1,1,0,NA,0,0,0,NA,0,NA,NA,0,NA,NA,0,0,NA,NA,0,NA,0,0,0,0,0,0,NA,NA,0,0,0,0,0,0,NA,0,NA,0,0,NA,0,0,0,0,NA,0,0,0,NA,0,NA,0,NA,0,0,0,0,NA,NA,0,0,0,0,0,0,NA,0,0,NA,NA,NA,NA,NA,NA,NA,NA,NA,NA,NA,NA
"52",1,NA,NA,0,1,1,0,NA,0,NA,NA,0,0,0,NA,0,0,0,0,NA,NA,0,0,NA,NA,0,NA,0,0,0,0,0,0,NA,NA,0,0,0,0,0,0,NA,0,NA,0,0,NA,0,0,0,0,NA,0,0,0,NA,0,NA,0,NA,0,0,0,0,NA,NA,0,0,0,0,0,0,NA,0,0,NA,NA,NA,NA,NA,NA,NA,NA,NA,NA,NA,NA
"53",1,NA,NA,1,0,0,NA,0,1,0,NA,0,0,0,NA,0,NA,NA,0,NA,NA,0,0,NA,NA,0,NA,0,0,0,0,0,0,NA,NA,0,0,0,0,0,0,NA,0,NA,0,0,NA,0,0,0,0,NA,0,0,0,0,0,NA,0,NA,0,0,0,0,NA,NA,0,0,0,0,0,0,NA,0,0,NA,NA,NA,NA,NA,NA,NA,NA,NA,NA,NA,NA
"54",1,NA,NA,0,NA,1,0,1,0,NA,NA,0,0,0,NA,0,0,0,0,NA,NA,0,0,NA,NA,0,NA,0,0,0,0,0,0,NA,NA,0,0,0,0,0,0,NA,0,NA,0,0,NA,0,0,0,0,NA,0,0,0,NA,0,NA,0,NA,0,0,0,0,NA,NA,0,0,0,0,0,0,NA,0,0,NA,NA,NA,NA,NA,NA,NA,NA,NA,NA,NA,NA
"55",1,NA,NA,1,1,1,1,NA,NA,0,NA,0,0,0,NA,0,NA,NA,0,NA,NA,0,0,NA,NA,0,NA,0,0,0,0,0,0,NA,NA,0,0,0,0,0,0,NA,0,NA,0,0,NA,0,0,0,0,NA,0,0,0,NA,0,NA,0,NA,0,0,0,0,NA,NA,0,0,0,0,0,0,NA,0,0,NA,NA,NA,NA,NA,NA,NA,NA,NA,NA,NA,NA
"56",1,NA,NA,0,0,1,NA,0,1,NA,NA,0,0,0,NA,0,0,0,0,NA,NA,0,0,NA,NA,0,NA,0,0,0,0,0,0,NA,NA,0,0,0,0,0,0,NA,0,NA,0,0,NA,0,0,0,0,NA,0,0,0,NA,0,NA,0,NA,0,0,0,0,NA,NA,0,0,0,0,0,0,NA,0,0,NA,NA,NA,NA,NA,NA,NA,NA,NA,NA,NA,NA
"57",1,NA,NA,1,1,0,0,NA,0,NA,NA,0,0,0,NA,0,NA,NA,0,NA,NA,0,0,NA,NA,0,NA,0,0,0,0,0,0,NA,NA,0,0,0,0,0,0,NA,0,NA,0,0,NA,0,0,0,0,NA,0,0,0,0,0,NA,0,NA,0,0,0,0,NA,NA,0,0,0,0,0,0,NA,0,0,NA,NA,NA,NA,NA,NA,NA,NA,NA,NA,NA,NA
"58",1,NA,NA,0,0,1,0,0,0,0,NA,0,0,0,NA,0,0,0,0,NA,NA,0,0,NA,NA,0,NA,0,0,0,0,0,0,NA,NA,0,0,0,0,0,0,NA,0,NA,0,0,NA,0,0,0,0,NA,0,0,0,NA,0,NA,0,NA,0,0,0,0,NA,NA,0,0,0,0,0,0,NA,0,0,NA,NA,NA,NA,NA,NA,NA,NA,NA,NA,NA,NA
"59",1,NA,NA,1,NA,0,0,NA,0,NA,NA,0,0,0,NA,0,NA,NA,0,NA,NA,0,0,NA,NA,0,NA,0,0,0,0,0,0,NA,NA,0,0,0,0,0,0,NA,0,NA,0,0,NA,0,0,0,0,NA,0,0,0,0,0,NA,0,NA,0,0,0,0,NA,NA,0,0,0,0,0,0,NA,0,0,NA,NA,NA,NA,NA,NA,NA,NA,NA,NA,NA,NA
"60",1,NA,NA,0,0,1,1,0,NA,NA,NA,0,0,0,NA,0,0,0,0,NA,NA,0,0,NA,NA,0,NA,0,0,0,0,0,0,NA,NA,0,0,0,0,0,0,NA,0,NA,0,0,NA,0,0,0,0,NA,0,0,0,NA,0,NA,0,NA,0,0,0,0,NA,NA,0,0,0,0,0,0,NA,0,0,NA,NA,NA,NA,NA,NA,NA,NA,NA,NA,NA,NA
"61",1,NA,NA,1,1,1,NA,NA,1,0,NA,0,0,0,NA,0,NA,NA,0,NA,NA,0,0,NA,NA,0,NA,0,0,0,0,0,0,NA,NA,0,0,0,0,0,0,NA,0,NA,0,0,NA,0,0,0,0,NA,0,0,0,NA,0,NA,0,NA,0,0,0,0,NA,NA,0,0,0,0,0,0,NA,0,0,NA,NA,NA,NA,NA,NA,NA,NA,NA,NA,NA,NA
"62",1,NA,NA,0,0,0,0,0,0,NA,NA,0,0,0,NA,0,0,0,0,NA,NA,0,0,NA,NA,0,NA,0,0,0,0,0,0,NA,NA,0,0,0,0,0,0,NA,0,NA,0,0,NA,0,0,0,0,NA,0,0,0,0,0,NA,0,NA,0,0,0,0,NA,NA,0,0,0,0,0,0,NA,0,0,NA,NA,NA,NA,NA,NA,NA,NA,NA,NA,NA,NA
"63",1,NA,NA,1,0,0,1,0,NA,0,NA,0,0,0,NA,0,NA,NA,0,NA,NA,0,0,NA,NA,0,NA,0,0,0,0,0,0,NA,NA,0,0,0,0,0,0,NA,0,NA,0,0,NA,0,0,0,0,NA,0,0,0,0,0,NA,0,NA,0,0,0,0,NA,NA,0,0,0,0,0,0,NA,0,0,NA,NA,NA,NA,NA,NA,NA,NA,NA,NA,NA,NA
"64",1,NA,NA,0,NA,1,0,NA,0,NA,NA,0,0,0,NA,0,NA,0,0,NA,NA,0,0,NA,NA,0,NA,0,0,0,0,0,0,NA,NA,0,0,0,0,0,0,NA,0,NA,0,0,NA,0,0,0,0,NA,0,0,0,NA,0,NA,0,NA,0,0,0,0,NA,NA,0,0,0,0,0,0,NA,0,0,NA,NA,NA,NA,NA,NA,NA,NA,NA,NA,NA,NA
"65",1,NA,NA,1,0,0,NA,0,1,NA,NA,0,0,0,NA,0,0,NA,0,NA,NA,0,0,NA,NA,0,NA,0,0,0,0,0,0,NA,NA,0,0,0,0,0,0,NA,0,NA,0,0,NA,0,0,0,0,NA,0,0,0,0,0,NA,0,NA,0,0,0,0,NA,NA,0,0,0,0,0,0,NA,0,0,NA,NA,NA,NA,NA,NA,NA,NA,NA,NA,NA,NA
"66",1,NA,NA,0,0,0,0,0,0,0,NA,0,0,0,NA,0,NA,0,0,NA,NA,0,0,NA,NA,0,NA,0,0,0,0,0,0,NA,NA,0,0,0,0,0,0,NA,0,NA,0,0,NA,0,0,0,0,NA,0,0,0,0,0,NA,0,NA,0,0,0,0,NA,NA,0,0,0,0,0,0,NA,0,0,NA,NA,NA,NA,NA,NA,NA,NA,NA,NA,NA,NA
"67",1,NA,NA,1,NA,0,NA,1,1,NA,NA,0,0,0,NA,0,NA,NA,0,NA,NA,0,0,NA,NA,0,NA,0,0,0,0,0,0,NA,NA,0,0,0,0,0,0,NA,0,NA,0,0,NA,0,0,0,0,NA,0,0,0,0,0,NA,0,NA,0,0,0,0,NA,NA,0,0,0,0,0,0,NA,0,0,NA,NA,NA,NA,NA,NA,NA,NA,NA,NA,NA,NA
"68",1,NA,NA,1,1,0,0,NA,0,NA,NA,0,0,0,NA,0,0,NA,0,NA,NA,0,0,NA,NA,0,NA,0,0,0,0,0,0,NA,NA,0,0,0,0,0,0,NA,0,NA,0,0,NA,0,0,0,0,NA,0,0,0,0,0,NA,0,NA,0,0,0,0,NA,NA,0,0,0,0,0,0,NA,0,0,NA,NA,NA,NA,NA,NA,NA,NA,NA,NA,NA,NA
"69",1,NA,NA,1,NA,1,1,1,NA,0,NA,0,0,0,NA,0,NA,NA,0,NA,NA,0,0,NA,NA,0,NA,0,0,0,0,0,0,NA,NA,0,0,0,0,0,0,NA,0,NA,0,0,NA,0,0,0,0,NA,0,0,0,NA,0,NA,0,NA,0,0,0,0,NA,NA,0,0,0,0,0,0,NA,0,0,NA,NA,NA,NA,NA,NA,NA,NA,NA,NA,NA,NA
"70",1,NA,NA,0,1,1,NA,NA,1,NA,NA,0,0,0,NA,0,NA,0,0,NA,NA,0,0,NA,NA,0,NA,0,0,0,0,0,0,NA,NA,0,0,0,0,0,0,NA,0,NA,0,0,NA,0,0,0,0,NA,0,0,0,NA,0,NA,0,NA,0,0,0,0,NA,NA,0,0,0,0,0,0,NA,0,0,NA,NA,NA,NA,NA,NA,NA,NA,NA,NA,NA,NA
"71",1,NA,NA,1,NA,1,0,1,0,0,NA,0,0,0,NA,0,0,NA,0,NA,NA,0,0,NA,NA,0,NA,0,0,0,0,0,0,NA,NA,0,0,0,0,0,0,NA,0,NA,0,0,NA,0,0,0,0,NA,0,0,0,NA,0,NA,0,NA,0,0,0,0,NA,NA,0,0,0,0,0,0,NA,0,0,NA,NA,NA,NA,NA,NA,NA,NA,NA,NA,NA,NA
"72",1,NA,NA,0,0,0,NA,0,1,NA,NA,0,0,0,NA,0,NA,0,0,NA,NA,0,0,NA,NA,0,NA,0,0,0,0,0,0,NA,NA,0,0,0,0,0,0,NA,0,NA,0,0,NA,0,0,0,0,NA,0,0,0,0,0,NA,0,NA,0,0,0,0,NA,NA,0,0,0,0,0,0,NA,0,0,NA,NA,NA,NA,NA,NA,NA,NA,NA,NA,NA,NA
"73",1,NA,NA,1,NA,0,0,1,0,0,NA,0,0,0,NA,0,NA,NA,0,NA,NA,0,0,NA,NA,0,NA,0,0,0,0,0,0,NA,NA,0,0,0,0,0,0,NA,0,NA,0,0,NA,0,0,0,0,NA,0,0,0,0,0,NA,0,NA,0,0,0,0,NA,NA,0,0,0,0,0,0,NA,0,0,NA,NA,NA,NA,NA,NA,NA,NA,NA,NA,NA,NA
"74",1,NA,NA,1,0,0,1,0,NA,NA,NA,0,0,0,NA,0,0,NA,0,NA,NA,0,0,NA,NA,0,NA,0,0,0,0,0,0,NA,NA,0,0,0,0,0,0,NA,0,NA,0,0,NA,0,0,0,0,NA,0,0,0,0,0,NA,0,NA,0,0,0,0,NA,NA,0,0,0,0,0,0,NA,0,0,NA,NA,NA,NA,NA,NA,NA,NA,NA,NA,NA,NA
"75",1,NA,NA,1,1,0,0,NA,0,0,NA,0,0,0,NA,0,NA,NA,0,NA,NA,0,0,NA,NA,0,NA,0,0,0,0,0,0,NA,NA,0,0,0,0,0,0,NA,0,NA,0,0,NA,0,0,0,0,NA,0,0,0,0,0,NA,0,NA,0,0,0,0,NA,NA,0,0,0,0,0,0,NA,0,0,NA,NA,NA,NA,NA,NA,NA,NA,NA,NA,NA,NA
"76",1,NA,NA,0,NA,1,NA,1,1,NA,NA,0,0,0,NA,0,NA,0,0,NA,NA,0,0,NA,NA,0,NA,0,0,0,0,0,0,NA,NA,0,0,0,0,0,0,NA,0,NA,0,0,NA,0,0,0,0,NA,0,0,0,NA,0,NA,0,NA,0,0,0,0,NA,NA,0,0,0,0,0,0,NA,0,0,NA,NA,NA,NA,NA,NA,NA,NA,NA,NA,NA,NA
"77",1,NA,NA,1,NA,0,0,NA,0,NA,NA,0,0,0,NA,0,0,NA,0,NA,NA,0,0,NA,NA,0,NA,0,0,0,0,0,0,NA,NA,0,0,0,0,0,0,NA,0,NA,0,0,NA,0,0,0,0,NA,0,0,0,0,0,NA,0,NA,0,0,0,0,NA,NA,0,0,0,0,0,0,NA,0,0,NA,NA,NA,NA,NA,NA,NA,NA,NA,NA,NA,NA
"78",1,NA,NA,0,NA,1,NA,1,1,0,NA,0,0,0,NA,0,NA,0,0,NA,NA,0,0,NA,NA,0,NA,0,0,0,0,0,0,NA,NA,0,0,0,0,0,0,NA,0,NA,0,0,NA,0,0,0,0,NA,0,0,0,NA,0,NA,0,NA,0,0,0,0,NA,NA,0,0,0,0,0,0,NA,0,0,NA,NA,NA,NA,NA,NA,NA,NA,NA,NA,NA,NA
"79",1,NA,NA,1,1,1,1,NA,NA,NA,NA,0,0,0,NA,0,0,NA,0,NA,NA,0,0,NA,NA,0,NA,0,0,0,0,0,0,NA,NA,0,0,0,0,0,0,NA,0,NA,0,0,NA,0,0,0,0,NA,0,0,0,NA,0,NA,0,NA,0,0,0,0,NA,NA,0,0,0,0,0,0,NA,0,0,NA,NA,NA,NA,NA,NA,NA,NA,NA,NA,NA,NA
"80",1,NA,NA,0,0,0,NA,0,1,NA,NA,0,0,0,NA,0,0,0,0,NA,NA,0,0,NA,NA,0,NA,0,0,0,0,0,0,NA,NA,0,0,0,0,0,0,NA,0,NA,0,0,NA,0,0,0,0,NA,0,0,0,0,0,NA,0,NA,0,0,0,0,NA,NA,0,0,0,0,0,0,NA,0,0,NA,NA,NA,NA,NA,NA,NA,NA,NA,NA,NA,NA
"81",1,NA,NA,1,0,1,1,0,NA,0,NA,0,0,0,NA,0,0,NA,0,NA,NA,0,0,NA,NA,0,NA,0,0,0,0,0,0,NA,NA,0,0,0,0,0,0,NA,0,NA,0,0,NA,0,0,0,0,NA,0,0,0,NA,0,NA,0,NA,0,0,0,0,NA,NA,0,0,0,0,0,0,NA,0,0,NA,NA,NA,NA,NA,NA,NA,NA,NA,NA,NA,NA
"82",1,NA,NA,1,1,1,NA,NA,1,NA,NA,0,0,0,NA,0,0,NA,0,NA,NA,0,0,NA,NA,0,NA,0,0,0,0,0,0,NA,NA,0,0,0,0,0,0,NA,0,NA,0,0,NA,0,0,0,0,NA,0,0,0,NA,0,NA,0,NA,0,0,0,0,NA,NA,0,0,0,0,0,0,NA,0,0,NA,NA,NA,NA,NA,NA,NA,NA,NA,NA,NA,NA
"83",1,NA,NA,1,NA,0,1,1,NA,NA,NA,0,0,0,NA,0,NA,NA,0,NA,NA,0,0,NA,NA,0,NA,0,0,0,0,0,0,NA,NA,0,0,0,0,0,0,NA,0,NA,0,0,NA,0,0,0,0,NA,0,0,0,0,0,NA,0,NA,0,0,0,0,NA,NA,0,0,0,0,0,0,NA,0,0,NA,NA,NA,NA,NA,NA,NA,NA,NA,NA,NA,NA
"84",1,NA,NA,1,0,0,0,0,0,0,NA,0,0,0,NA,0,0,NA,0,NA,NA,0,0,NA,NA,0,NA,0,0,0,0,0,0,NA,NA,0,0,0,0,0,0,NA,0,NA,0,0,NA,0,0,0,0,NA,0,0,0,0,0,NA,0,NA,0,0,0,0,NA,NA,0,0,0,0,0,0,NA,0,0,NA,NA,NA,NA,NA,NA,NA,NA,NA,NA,NA,NA
"85",1,NA,NA,0,NA,1,0,NA,0,0,NA,0,0,0,NA,0,NA,0,0,NA,NA,0,0,NA,NA,0,NA,0,0,0,0,0,0,NA,NA,0,0,0,0,0,0,NA,0,NA,0,0,NA,0,0,0,0,NA,0,0,0,NA,0,NA,0,NA,0,0,0,0,NA,NA,0,0,0,0,0,0,NA,0,0,NA,NA,NA,NA,NA,NA,NA,NA,NA,NA,NA,NA
"86",1,NA,NA,1,1,0,1,NA,NA,NA,NA,0,0,0,NA,0,NA,NA,0,NA,NA,0,0,NA,NA,0,NA,0,0,0,0,0,0,NA,NA,0,0,0,0,0,0,NA,0,NA,0,0,NA,0,0,0,0,NA,0,0,0,0,0,NA,0,NA,0,0,0,0,NA,NA,0,0,0,0,0,0,NA,0,0,NA,NA,NA,NA,NA,NA,NA,NA,NA,NA,NA,NA
"87",1,NA,NA,0,NA,1,NA,1,1,NA,NA,0,0,0,NA,0,0,0,0,NA,NA,0,0,NA,NA,0,NA,0,0,0,0,0,0,NA,NA,0,0,0,0,0,0,NA,0,NA,0,0,NA,0,0,0,0,NA,0,0,0,NA,0,NA,0,NA,0,0,0,0,NA,NA,0,0,0,0,0,0,NA,0,0,NA,NA,NA,NA,NA,NA,NA,NA,NA,NA,NA,NA
"88",1,NA,NA,0,0,0,1,0,NA,NA,NA,0,0,0,NA,0,NA,0,0,NA,NA,0,0,NA,NA,0,NA,0,0,0,0,0,0,NA,NA,0,0,0,0,0,0,NA,0,NA,0,0,NA,0,0,0,0,NA,0,0,0,0,0,NA,0,NA,0,0,0,0,NA,NA,0,0,0,0,0,0,NA,0,0,NA,NA,NA,NA,NA,NA,NA,NA,NA,NA,NA,NA
"89",1,NA,NA,0,1,1,NA,NA,1,NA,NA,0,0,0,NA,0,0,0,0,NA,NA,0,0,NA,NA,0,NA,0,0,0,0,0,0,NA,NA,0,0,0,0,0,0,NA,0,NA,0,0,NA,0,0,0,0,NA,0,0,0,NA,0,NA,0,NA,0,0,0,0,NA,NA,0,0,0,0,0,0,NA,0,0,NA,NA,NA,NA,NA,NA,NA,NA,NA,NA,NA,NA
"90",1,NA,NA,1,NA,0,1,1,NA,NA,NA,0,0,0,NA,0,0,NA,0,NA,NA,0,0,NA,NA,0,NA,0,0,0,0,0,0,NA,NA,0,0,0,0,0,0,NA,0,NA,0,0,NA,0,0,0,0,NA,0,0,0,0,0,NA,0,NA,0,0,0,0,NA,NA,0,0,0,0,0,0,NA,0,0,NA,NA,NA,NA,NA,NA,NA,NA,NA,NA,NA,NA
"91",1,NA,NA,1,0,1,NA,0,1,0,NA,0,0,0,NA,0,0,NA,0,NA,NA,0,0,NA,NA,0,NA,0,0,0,0,0,0,NA,NA,0,0,0,0,0,0,NA,0,NA,0,0,NA,0,0,0,0,NA,0,0,0,NA,0,NA,0,NA,0,0,0,0,NA,NA,0,0,0,0,0,0,NA,0,0,NA,NA,NA,NA,NA,NA,NA,NA,NA,NA,NA,NA
"92",1,NA,NA,0,NA,1,0,1,0,0,NA,0,0,0,NA,0,0,0,0,NA,NA,0,0,NA,NA,0,NA,0,0,0,0,0,0,NA,NA,0,0,0,0,0,0,NA,0,NA,0,0,NA,0,0,0,0,NA,0,0,0,NA,0,NA,0,NA,0,0,0,0,NA,NA,0,0,0,0,0,0,NA,0,0,NA,NA,NA,NA,NA,NA,NA,NA,NA,NA,NA,NA
"93",1,NA,NA,1,0,0,NA,0,NA,0,NA,0,0,0,NA,0,NA,NA,0,NA,NA,0,0,NA,NA,0,NA,0,0,0,0,0,0,NA,NA,0,0,0,0,0,0,NA,0,NA,0,0,NA,0,0,0,0,NA,0,0,0,0,0,NA,0,NA,0,0,0,0,NA,NA,0,0,0,0,0,0,NA,0,0,NA,NA,NA,NA,NA,NA,NA,NA,NA,NA,NA,NA
"94",1,NA,NA,1,NA,1,0,NA,0,0,NA,0,0,0,NA,0,0,NA,0,NA,NA,0,0,NA,NA,0,NA,0,0,0,0,0,0,NA,NA,0,0,0,0,0,0,NA,0,NA,0,0,NA,0,0,0,0,NA,0,0,0,NA,0,NA,0,NA,0,0,0,0,NA,NA,0,0,0,0,0,0,NA,0,0,NA,NA,NA,NA,NA,NA,NA,NA,NA,NA,NA,NA
"95",1,NA,NA,0,0,0,1,0,NA,NA,NA,0,0,0,NA,0,0,0,0,NA,NA,0,0,NA,NA,0,NA,0,0,0,0,0,0,NA,NA,0,0,0,0,0,0,NA,0,NA,0,0,NA,0,0,0,0,NA,0,0,0,0,0,NA,0,NA,0,0,0,0,NA,NA,0,0,0,0,0,0,NA,0,0,NA,NA,NA,NA,NA,NA,NA,NA,NA,NA,NA,NA
"96",1,NA,NA,0,NA,1,1,1,NA,0,NA,0,0,0,NA,0,NA,0,0,NA,NA,0,0,NA,NA,0,NA,0,0,0,0,0,0,NA,NA,0,0,0,0,0,0,NA,0,NA,0,0,NA,0,0,0,0,NA,0,0,0,NA,0,NA,0,NA,0,0,0,0,NA,NA,0,0,0,0,0,0,NA,0,0,NA,NA,NA,NA,NA,NA,NA,NA,NA,NA,NA,NA
"97",1,NA,NA,0,1,0,0,NA,0,NA,NA,0,0,0,NA,0,NA,0,0,NA,NA,0,0,NA,NA,0,NA,0,0,0,0,0,0,NA,NA,0,0,0,0,0,0,NA,0,NA,0,0,NA,0,0,0,0,NA,0,0,0,0,0,NA,0,NA,0,0,0,0,NA,NA,0,0,0,0,0,0,NA,0,0,NA,NA,NA,NA,NA,NA,NA,NA,NA,NA,NA,NA
"98",1,NA,NA,0,NA,1,1,1,NA,NA,NA,0,0,0,NA,0,0,0,0,NA,NA,0,0,NA,NA,0,NA,0,0,0,0,0,0,NA,NA,0,0,0,0,0,0,NA,0,NA,0,0,NA,0,0,0,0,NA,0,0,0,NA,0,NA,0,NA,0,0,0,0,NA,NA,0,0,0,0,0,0,NA,0,0,NA,NA,NA,NA,NA,NA,NA,NA,NA,NA,NA,NA
"99",1,NA,NA,0,1,1,NA,NA,1,0,NA,0,0,0,NA,0,NA,0,0,NA,NA,0,0,NA,NA,0,NA,0,0,0,0,0,0,NA,NA,0,0,0,0,0,0,NA,0,NA,0,0,NA,0,0,0,0,NA,0,0,0,NA,0,NA,0,NA,0,0,0,0,NA,NA,0,0,0,0,0,0,NA,0,0,NA,NA,NA,NA,NA,NA,NA,NA,NA,NA,NA,NA
"100",1,NA,NA,0,NA,1,0,NA,0,NA,NA,0,0,0,NA,0,0,0,0,NA,NA,0,0,NA,NA,0,NA,0,0,0,0,0,0,NA,NA,0,0,0,0,0,0,NA,0,NA,0,0,NA,0,0,0,0,NA,0,0,0,NA,0,NA,0,NA,0,0,0,0,NA,NA,0,0,0,0,0,0,NA,0,0,NA,NA,NA,NA,NA,NA,NA,NA,NA,NA,NA,NA
"101",1,NA,NA,0,0,0,NA,0,NA,NA,NA,0,0,0,NA,0,NA,0,0,NA,NA,0,0,NA,NA,0,NA,0,0,0,0,0,0,NA,NA,0,0,0,0,0,0,NA,0,NA,0,0,NA,0,0,0,0,NA,0,0,0,0,0,NA,0,NA,0,0,0,0,NA,NA,0,0,0,0,0,0,NA,0,0,NA,NA,NA,NA,NA,NA,NA,NA,NA,NA,NA,NA
"102",1,NA,NA,0,1,1,1,NA,NA,0,NA,0,0,0,NA,0,NA,0,0,NA,NA,0,0,NA,NA,0,NA,0,0,0,0,0,0,NA,NA,0,0,0,0,0,0,NA,0,NA,0,0,NA,0,0,0,0,NA,0,0,0,NA,0,NA,0,NA,0,0,0,0,NA,NA,0,0,0,0,0,0,NA,0,0,NA,NA,NA,NA,NA,NA,NA,NA,NA,NA,NA,NA
"103",1,NA,NA,0,1,1,0,NA,0,0,NA,0,0,0,NA,0,0,0,0,NA,NA,0,0,NA,NA,0,NA,0,0,0,0,0,0,NA,NA,0,0,0,0,0,0,NA,0,NA,0,0,NA,0,0,0,0,NA,0,0,0,NA,0,NA,0,NA,0,0,0,0,NA,NA,0,0,0,0,0,0,NA,0,0,NA,NA,NA,NA,NA,NA,NA,NA,NA,NA,NA,NA
"104",1,NA,NA,1,1,0,NA,NA,1,NA,NA,0,0,0,NA,0,NA,NA,0,NA,NA,0,0,NA,NA,0,NA,0,0,0,0,0,0,NA,NA,0,0,0,0,0,0,NA,0,NA,0,0,NA,0,0,0,0,NA,0,0,0,0,0,NA,0,NA,0,0,0,0,NA,NA,0,0,0,0,0,0,NA,0,0,NA,NA,NA,NA,NA,NA,NA,NA,NA,NA,NA,NA
"105",1,NA,NA,1,1,0,1,NA,NA,NA,NA,0,0,0,NA,0,0,NA,0,NA,NA,0,0,NA,NA,0,NA,0,0,0,0,0,0,NA,NA,0,0,0,0,0,0,NA,0,NA,0,0,NA,0,0,0,0,NA,0,0,0,0,0,NA,0,NA,0,0,0,0,NA,NA,0,0,0,0,0,0,NA,0,0,NA,NA,NA,NA,NA,NA,NA,NA,NA,NA,NA,NA
"106",1,NA,NA,0,0,1,1,0,NA,0,NA,0,0,0,NA,0,0,0,0,NA,NA,0,0,NA,NA,0,NA,0,0,0,0,0,0,NA,NA,0,0,0,0,0,0,NA,0,NA,0,0,NA,0,0,0,0,NA,0,0,0,NA,0,NA,0,NA,0,0,0,0,NA,NA,0,0,0,0,0,0,NA,0,0,NA,NA,NA,NA,NA,NA,NA,NA,NA,NA,NA,NA
"107",1,NA,NA,1,1,0,NA,NA,1,NA,NA,0,0,0,NA,0,0,NA,0,NA,NA,0,0,NA,NA,0,NA,0,0,0,0,0,0,NA,NA,0,0,0,0,0,0,NA,0,NA,0,0,NA,0,0,0,0,NA,0,0,0,0,0,NA,0,NA,0,0,0,0,NA,NA,0,0,0,0,0,0,NA,0,0,NA,NA,NA,NA,NA,NA,NA,NA,NA,NA,NA,NA
"108",1,NA,NA,1,1,0,1,NA,NA,0,NA,0,0,0,NA,0,NA,NA,0,NA,NA,0,0,NA,NA,0,NA,0,0,0,0,0,0,NA,NA,0,0,0,0,0,0,NA,0,NA,0,0,NA,0,0,0,0,NA,0,0,0,0,0,NA,0,NA,0,0,0,0,NA,NA,0,0,0,0,0,0,NA,0,0,NA,NA,NA,NA,NA,NA,NA,NA,NA,NA,NA,NA
"109",1,NA,NA,0,0,0,0,0,0,0,NA,0,0,0,NA,0,0,0,0,NA,NA,0,0,NA,NA,0,NA,0,0,0,0,0,0,NA,NA,0,0,0,0,0,0,NA,0,NA,0,0,NA,0,0,0,0,NA,0,0,0,0,0,NA,0,NA,0,0,0,0,NA,NA,0,0,0,0,0,0,NA,0,0,NA,NA,NA,NA,NA,NA,NA,NA,NA,NA,NA,NA
"110",1,NA,NA,1,NA,0,NA,1,1,0,NA,0,0,0,NA,0,NA,NA,0,NA,NA,0,0,NA,NA,0,NA,0,0,0,0,0,0,NA,NA,0,0,0,0,0,0,NA,0,NA,0,0,NA,0,0,0,0,NA,0,0,0,0,0,NA,0,NA,0,0,0,0,NA,NA,0,0,0,0,0,0,NA,0,0,NA,NA,NA,NA,NA,NA,NA,NA,NA,NA,NA,NA
"111",1,NA,NA,1,1,0,0,NA,0,0,NA,0,0,0,NA,0,0,NA,0,NA,NA,0,0,NA,NA,0,NA,0,0,0,0,0,0,NA,NA,0,0,0,0,0,0,NA,0,NA,0,0,NA,0,0,0,0,NA,0,0,0,0,0,NA,0,NA,0,0,0,0,NA,NA,0,0,0,0,0,0,NA,0,0,NA,NA,NA,NA,NA,NA,NA,NA,NA,NA,NA,NA
"112",1,NA,NA,0,0,0,NA,0,NA,NA,NA,0,0,0,NA,0,0,0,0,NA,NA,0,0,NA,NA,0,NA,0,0,0,0,0,0,NA,NA,0,0,0,0,0,0,NA,0,NA,0,0,NA,0,0,0,0,NA,0,0,0,0,0,NA,0,NA,0,0,0,0,NA,NA,0,0,0,0,0,0,NA,0,0,NA,NA,NA,NA,NA,NA,NA,NA,NA,NA,NA,NA
"113",1,NA,NA,1,NA,1,NA,1,1,0,NA,0,0,0,NA,0,0,NA,0,NA,NA,0,0,NA,NA,0,NA,0,0,0,0,0,0,NA,NA,0,0,0,0,0,0,NA,0,NA,0,0,NA,0,0,0,0,NA,0,0,0,NA,0,NA,0,NA,0,0,0,0,NA,NA,0,0,0,0,0,0,NA,0,0,NA,NA,NA,NA,NA,NA,NA,NA,NA,NA,NA,NA
"114",1,NA,NA,1,1,1,1,NA,NA,0,NA,0,0,0,NA,0,0,NA,0,NA,NA,0,0,NA,NA,0,NA,0,0,0,0,0,0,NA,NA,0,0,0,0,0,0,NA,0,NA,0,0,NA,0,0,0,0,NA,0,0,0,NA,0,NA,0,NA,0,0,0,0,NA,NA,0,0,0,0,0,0,NA,0,0,NA,NA,NA,NA,NA,NA,NA,NA,NA,NA,NA,NA
"115",1,NA,NA,1,0,0,1,0,NA,0,NA,0,0,0,NA,0,0,NA,0,NA,NA,0,0,NA,NA,0,NA,0,0,0,0,0,0,NA,NA,0,0,0,0,0,0,NA,0,NA,0,0,NA,0,0,0,0,NA,0,0,0,0,0,NA,0,NA,0,0,0,0,NA,NA,0,0,0,0,0,0,NA,0,0,NA,NA,NA,NA,NA,NA,NA,NA,NA,NA,NA,NA
"116",1,NA,NA,0,1,1,1,NA,NA,NA,NA,0,0,0,NA,0,0,0,0,NA,NA,0,0,NA,NA,0,NA,0,0,0,0,0,0,NA,NA,0,0,0,0,0,0,NA,0,NA,0,0,NA,0,0,0,0,NA,0,0,0,NA,0,NA,0,NA,0,0,0,0,NA,NA,0,0,0,0,0,0,NA,0,0,NA,NA,NA,NA,NA,NA,NA,NA,NA,NA,NA,NA
"117",1,NA,NA,1,NA,0,NA,1,1,NA,NA,0,0,0,NA,0,0,NA,0,NA,NA,0,0,NA,NA,0,NA,0,0,0,0,0,0,NA,NA,0,0,0,0,0,0,NA,0,NA,0,0,NA,0,0,0,0,NA,0,0,0,0,0,NA,0,NA,0,0,0,0,NA,NA,0,0,0,0,0,0,NA,0,0,NA,NA,NA,NA,NA,NA,NA,NA,NA,NA,NA,NA
"118",1,NA,NA,0,1,0,1,NA,NA,NA,NA,0,0,0,NA,0,NA,0,0,NA,NA,0,0,NA,NA,0,NA,0,0,0,0,0,0,NA,NA,0,0,0,0,0,0,NA,0,NA,0,0,NA,0,0,0,0,NA,0,0,0,0,0,NA,0,NA,0,0,0,0,NA,NA,0,0,0,0,0,0,NA,0,0,NA,NA,NA,NA,NA,NA,NA,NA,NA,NA,NA,NA
"119",1,NA,NA,0,NA,0,0,1,0,NA,NA,0,0,0,NA,0,NA,0,0,NA,NA,0,0,NA,NA,0,NA,0,0,0,0,0,0,NA,NA,0,0,0,0,0,0,NA,0,NA,0,0,NA,0,0,0,0,NA,0,0,0,0,0,NA,0,NA,0,0,0,0,NA,NA,0,0,0,0,0,0,NA,0,0,NA,NA,NA,NA,NA,NA,NA,NA,NA,NA,NA,NA
"120",1,NA,NA,0,1,0,0,NA,0,NA,NA,0,0,0,NA,0,0,0,0,NA,NA,0,0,NA,NA,0,NA,0,0,0,0,0,0,NA,NA,0,0,0,0,0,0,NA,0,NA,0,0,NA,0,0,0,0,NA,0,0,0,0,0,NA,0,NA,0,0,0,0,NA,NA,0,0,0,0,0,0,NA,0,0,NA,NA,NA,NA,NA,NA,NA,NA,NA,NA,NA,NA
"121",1,NA,NA,0,NA,0,1,1,NA,NA,NA,0,0,0,NA,0,NA,0,0,NA,NA,0,0,NA,NA,0,NA,0,0,0,0,0,0,NA,NA,0,0,0,0,0,0,NA,0,NA,0,0,NA,0,0,0,0,NA,0,0,0,0,0,NA,0,NA,0,0,0,0,NA,NA,0,0,0,0,0,0,NA,0,0,NA,NA,NA,NA,NA,NA,NA,NA,NA,NA,NA,NA
"122",1,NA,NA,0,0,1,NA,0,1,0,NA,0,0,0,NA,0,0,0,0,NA,NA,0,0,NA,NA,0,NA,0,0,0,0,0,0,NA,NA,0,0,0,0,0,0,NA,0,NA,0,0,NA,0,0,0,0,NA,0,0,0,NA,0,NA,0,NA,0,0,0,0,NA,NA,0,0,0,0,0,0,NA,0,0,NA,NA,NA,NA,NA,NA,NA,NA,NA,NA,NA,NA
"123",1,NA,NA,1,0,0,NA,0,1,0,NA,0,0,0,NA,0,0,NA,0,NA,NA,0,0,NA,NA,0,NA,0,0,0,0,0,0,NA,NA,0,0,0,0,0,0,NA,0,NA,0,0,NA,0,0,0,0,NA,0,0,0,0,0,NA,0,NA,0,0,0,0,NA,NA,0,0,0,0,0,0,NA,0,0,NA,NA,NA,NA,NA,NA,NA,NA,NA,NA,NA,NA
"124",1,NA,NA,1,NA,0,1,1,NA,0,NA,0,0,0,NA,0,NA,NA,0,NA,NA,0,0,NA,NA,0,NA,0,0,0,0,0,0,NA,NA,0,0,0,0,0,0,NA,0,NA,0,0,NA,0,0,0,0,NA,0,0,0,0,0,NA,0,NA,0,0,0,0,NA,NA,0,0,0,0,0,0,NA,0,0,NA,NA,NA,NA,NA,NA,NA,NA,NA,NA,NA,NA
"125",1,NA,NA,0,0,0,1,0,NA,0,NA,0,0,0,NA,0,NA,0,0,NA,NA,0,0,NA,NA,0,NA,0,0,0,0,0,0,NA,NA,0,0,0,0,0,0,NA,0,NA,0,0,NA,0,0,0,0,NA,0,0,0,0,0,NA,0,NA,0,0,0,0,NA,NA,0,0,0,0,0,0,NA,0,0,NA,NA,NA,NA,NA,NA,NA,NA,NA,NA,NA,NA
"126",1,NA,NA,1,NA,0,0,1,0,0,NA,0,0,0,NA,0,0,NA,0,NA,NA,0,0,NA,NA,0,NA,0,0,0,0,0,0,NA,NA,0,0,0,0,0,0,NA,0,NA,0,0,NA,0,0,0,0,NA,0,0,0,0,0,NA,0,NA,0,0,0,0,NA,NA,0,0,0,0,0,0,NA,0,0,NA,NA,NA,NA,NA,NA,NA,NA,NA,NA,NA,NA
"127",1,NA,NA,1,1,1,NA,NA,1,0,NA,0,0,0,NA,0,0,NA,0,NA,NA,0,0,NA,NA,0,NA,0,0,0,0,0,0,NA,NA,0,0,0,0,0,0,NA,0,NA,0,0,NA,0,0,0,0,NA,0,0,0,NA,0,NA,0,NA,0,0,0,0,NA,NA,0,0,0,0,0,0,NA,0,0,NA,NA,NA,NA,NA,NA,NA,NA,NA,NA,NA,NA
"128",1,NA,NA,0,1,0,0,NA,0,0,NA,0,0,0,NA,0,NA,0,0,NA,NA,0,0,NA,NA,0,NA,0,0,0,0,0,0,NA,NA,0,0,0,0,0,0,NA,0,NA,0,0,NA,0,0,0,0,NA,0,0,0,0,0,NA,0,NA,0,0,0,0,NA,NA,0,0,0,0,0,0,NA,0,0,NA,NA,NA,NA,NA,NA,NA,NA,NA,NA,NA,NA
"129",1,NA,NA,0,1,0,NA,NA,1,NA,NA,0,0,0,NA,0,NA,0,0,NA,NA,0,0,NA,NA,0,NA,0,0,0,0,0,0,NA,NA,0,0,0,0,0,0,NA,0,NA,0,0,NA,0,0,0,0,NA,0,0,0,0,0,NA,0,NA,0,0,0,0,NA,NA,0,0,0,0,0,0,NA,0,0,NA,NA,NA,NA,NA,NA,NA,NA,NA,NA,NA,NA
"130",1,NA,NA,0,NA,0,NA,1,1,NA,NA,0,0,0,NA,0,NA,0,0,NA,NA,0,0,NA,NA,0,NA,0,0,0,0,0,0,NA,NA,0,0,0,0,0,0,NA,0,NA,0,0,NA,0,0,0,0,NA,0,0,0,0,0,NA,0,NA,0,0,0,0,NA,NA,0,0,0,0,0,0,NA,0,0,NA,NA,NA,NA,NA,NA,NA,NA,NA,NA,NA,NA
"131",1,NA,NA,0,0,1,NA,0,NA,0,NA,0,0,0,NA,0,0,0,0,NA,NA,0,0,NA,NA,0,NA,0,0,0,0,0,0,NA,NA,0,0,0,0,0,0,NA,0,NA,0,0,NA,0,0,0,0,NA,0,0,0,NA,0,NA,0,NA,0,0,0,0,NA,NA,0,0,0,0,0,0,NA,0,0,NA,NA,NA,NA,NA,NA,NA,NA,NA,NA,NA,NA
"132",1,NA,NA,1,1,0,NA,NA,1,0,NA,0,0,0,NA,0,NA,NA,0,NA,NA,0,0,NA,NA,0,NA,0,0,0,0,0,0,NA,NA,0,0,0,0,0,0,NA,0,NA,0,0,NA,0,0,0,0,NA,0,0,0,0,0,NA,0,NA,0,0,0,0,NA,NA,0,0,0,0,0,0,NA,0,0,NA,NA,NA,NA,NA,NA,NA,NA,NA,NA,NA,NA
"133",1,NA,NA,0,NA,0,0,1,0,0,NA,0,0,0,NA,0,NA,0,0,NA,NA,0,0,NA,NA,0,NA,0,0,0,0,0,0,NA,NA,0,0,0,0,0,0,NA,0,NA,0,0,NA,0,0,0,0,NA,0,0,0,0,0,NA,0,NA,0,0,0,0,NA,NA,0,0,0,0,0,0,NA,0,0,NA,NA,NA,NA,NA,NA,NA,NA,NA,NA,NA,NA
"134",1,NA,NA,0,NA,0,0,1,0,NA,NA,0,0,0,NA,0,0,0,0,NA,NA,0,0,NA,NA,0,NA,0,0,0,0,0,0,NA,NA,0,0,0,0,0,0,NA,0,NA,0,0,NA,0,0,0,0,NA,0,0,0,0,0,NA,0,NA,0,0,0,0,NA,NA,0,0,0,0,0,0,NA,0,0,NA,NA,NA,NA,NA,NA,NA,NA,NA,NA,NA,NA
"135",1,NA,NA,0,NA,0,0,NA,0,0,NA,0,0,0,NA,0,NA,0,0,NA,NA,0,0,NA,NA,0,NA,0,0,0,0,0,0,NA,NA,0,0,0,0,0,0,NA,0,NA,0,0,NA,0,0,0,0,NA,0,0,0,0,0,NA,0,NA,0,0,0,0,NA,NA,0,0,0,0,0,0,NA,0,0,NA,NA,NA,NA,NA,NA,NA,NA,NA,NA,NA,NA
"136",1,NA,NA,1,NA,1,1,1,NA,0,NA,0,0,0,NA,0,0,NA,0,NA,NA,0,0,NA,NA,0,NA,0,0,0,0,0,0,NA,NA,0,0,0,0,0,0,NA,0,NA,0,0,NA,0,0,0,0,NA,0,0,0,NA,0,NA,0,NA,0,0,0,0,NA,NA,0,0,0,0,0,0,NA,0,0,NA,NA,NA,NA,NA,NA,NA,NA,NA,NA,NA,NA
"137",1,NA,NA,0,NA,0,1,1,NA,NA,NA,0,0,0,NA,0,0,0,0,NA,NA,0,0,NA,NA,0,NA,0,0,0,0,0,0,NA,NA,0,0,0,0,0,0,NA,0,NA,0,0,NA,0,0,0,0,NA,0,0,0,0,0,NA,0,NA,0,0,0,0,NA,NA,0,0,0,0,0,0,NA,0,0,NA,NA,NA,NA,NA,NA,NA,NA,NA,NA,NA,NA
"138",1,NA,NA,0,NA,1,1,1,NA,0,NA,0,0,0,NA,0,0,0,0,NA,NA,0,0,NA,NA,0,NA,0,0,0,0,0,0,NA,NA,0,0,0,0,0,0,NA,0,NA,0,0,NA,0,0,0,0,NA,0,0,0,NA,0,NA,0,NA,0,0,0,0,NA,NA,0,0,0,0,0,0,NA,0,0,NA,NA,NA,NA,NA,NA,NA,NA,NA,NA,NA,NA
"139",1,NA,NA,1,NA,0,1,1,NA,0,NA,0,0,0,NA,0,0,NA,0,NA,NA,0,0,NA,NA,0,NA,0,0,0,0,0,0,NA,NA,0,0,0,0,0,0,NA,0,NA,0,0,NA,0,0,0,0,NA,0,0,0,0,0,NA,0,NA,0,0,0,0,NA,NA,0,0,0,0,0,0,NA,0,0,NA,NA,NA,NA,NA,NA,NA,NA,NA,NA,NA,NA
"140",1,NA,NA,1,NA,0,NA,1,1,0,NA,0,0,0,NA,0,0,NA,0,NA,NA,0,0,NA,NA,0,NA,0,0,0,0,0,0,NA,NA,0,0,0,0,0,0,NA,0,NA,0,0,NA,0,0,0,0,NA,0,0,0,0,0,NA,0,NA,0,0,0,0,NA,NA,0,0,0,0,0,0,NA,0,0,NA,NA,NA,NA,NA,NA,NA,NA,NA,NA,NA,NA
"141",1,NA,NA,0,1,0,0,NA,0,0,NA,0,0,0,NA,0,0,0,0,NA,NA,0,0,NA,NA,0,NA,0,0,0,0,0,0,NA,NA,0,0,0,0,0,0,NA,0,NA,0,0,NA,0,0,0,0,NA,0,0,0,0,0,NA,0,NA,0,0,0,0,NA,NA,0,0,0,0,0,0,NA,0,0,NA,NA,NA,NA,NA,NA,NA,NA,NA,NA,NA,NA
"142",1,NA,NA,0,0,0,NA,0,1,0,NA,0,0,0,NA,0,NA,0,0,NA,NA,0,0,NA,NA,0,NA,0,0,0,0,0,0,NA,NA,0,0,0,0,0,0,NA,0,NA,0,0,NA,0,0,0,0,NA,0,0,0,0,0,NA,0,NA,0,0,0,0,NA,NA,0,0,0,0,0,0,NA,0,0,NA,NA,NA,NA,NA,NA,NA,NA,NA,NA,NA,NA
"143",1,NA,NA,1,1,0,NA,NA,1,0,NA,0,0,0,NA,0,0,NA,0,NA,NA,0,0,NA,NA,0,NA,0,0,0,0,0,0,NA,NA,0,0,0,0,0,0,NA,0,NA,0,0,NA,0,0,0,0,NA,0,0,0,0,0,NA,0,NA,0,0,0,0,NA,NA,0,0,0,0,0,0,NA,0,0,NA,NA,NA,NA,NA,NA,NA,NA,NA,NA,NA,NA
"144",1,NA,NA,0,1,0,NA,NA,1,0,NA,0,0,0,NA,0,NA,0,0,NA,NA,0,0,NA,NA,0,NA,0,0,0,0,0,0,NA,NA,0,0,0,0,0,0,NA,0,NA,0,0,NA,0,0,0,0,NA,0,0,0,0,0,NA,0,NA,0,0,0,0,NA,NA,0,0,0,0,0,0,NA,0,0,NA,NA,NA,NA,NA,NA,NA,NA,NA,NA,NA,NA
"145",1,NA,NA,0,NA,1,NA,1,1,0,NA,0,0,0,NA,0,0,0,0,NA,NA,0,0,NA,NA,0,NA,0,0,0,0,0,0,NA,NA,0,0,0,0,0,0,NA,0,NA,0,0,NA,0,0,0,0,NA,0,0,0,NA,0,NA,0,NA,0,0,0,0,NA,NA,0,0,0,0,0,0,NA,0,0,NA,NA,NA,NA,NA,NA,NA,NA,NA,NA,NA,NA
"146",1,NA,NA,0,NA,0,NA,1,1,NA,NA,0,0,0,NA,0,0,0,0,NA,NA,0,0,NA,NA,0,NA,0,0,0,0,0,0,NA,NA,0,0,0,0,0,0,NA,0,NA,0,0,NA,0,0,0,0,NA,0,0,0,0,0,NA,0,NA,0,0,0,0,NA,NA,0,0,0,0,0,0,NA,0,0,NA,NA,NA,NA,NA,NA,NA,NA,NA,NA,NA,NA
"147",1,NA,NA,0,1,1,NA,NA,1,0,NA,0,0,0,NA,0,0,0,0,NA,NA,0,0,NA,NA,0,NA,0,0,0,0,0,0,NA,NA,0,0,0,0,0,0,NA,0,NA,0,0,NA,0,0,0,0,NA,0,0,0,NA,0,NA,0,NA,0,0,0,0,NA,NA,0,0,0,0,0,0,NA,0,0,NA,NA,NA,NA,NA,NA,NA,NA,NA,NA,NA,NA
"148",1,NA,NA,0,0,0,NA,0,1,0,NA,0,0,0,NA,0,0,0,0,NA,NA,0,0,NA,NA,0,NA,0,0,0,0,0,0,NA,NA,0,0,0,0,0,0,NA,0,NA,0,0,NA,0,0,0,0,NA,0,0,0,0,0,NA,0,NA,0,0,0,0,NA,NA,0,0,0,0,0,0,NA,0,0,NA,NA,NA,NA,NA,NA,NA,NA,NA,NA,NA,NA
"149",1,NA,NA,0,1,0,1,NA,NA,0,NA,0,0,0,NA,0,NA,0,0,NA,NA,0,0,NA,NA,0,NA,0,0,0,0,0,0,NA,NA,0,0,0,0,0,0,NA,0,NA,0,0,NA,0,0,0,0,NA,0,0,0,0,0,NA,0,NA,0,0,0,0,NA,NA,0,0,0,0,0,0,NA,0,0,NA,NA,NA,NA,NA,NA,NA,NA,NA,NA,NA,NA
"150",1,NA,NA,1,NA,0,0,NA,0,0,NA,0,0,0,NA,0,0,NA,0,NA,NA,0,0,NA,NA,0,NA,0,0,0,0,0,0,NA,NA,0,0,0,0,0,0,NA,0,NA,0,0,NA,0,0,0,0,NA,0,0,0,0,0,NA,0,NA,0,0,0,0,NA,NA,0,0,0,0,0,0,NA,0,0,NA,NA,NA,NA,NA,NA,NA,NA,NA,NA,NA,NA
"151",1,NA,NA,0,NA,0,NA,1,1,0,NA,0,0,0,NA,0,NA,0,0,NA,NA,0,0,NA,NA,0,NA,0,0,0,0,0,0,NA,NA,0,0,0,0,0,0,NA,0,NA,0,0,NA,0,0,0,0,NA,0,0,0,0,0,NA,0,NA,0,0,0,0,NA,NA,0,0,0,0,0,0,NA,0,0,NA,NA,NA,NA,NA,NA,NA,NA,NA,NA,NA,NA
"152",1,NA,NA,0,1,1,1,NA,NA,0,NA,0,0,0,NA,0,0,0,0,NA,NA,0,0,NA,NA,0,NA,0,0,0,0,0,0,NA,NA,0,0,0,0,0,0,NA,0,NA,0,0,NA,0,0,0,0,NA,0,0,0,NA,0,NA,0,NA,0,0,0,0,NA,NA,0,0,0,0,0,0,NA,0,0,NA,NA,NA,NA,NA,NA,NA,NA,NA,NA,NA,NA
"153",1,NA,NA,1,1,0,1,NA,NA,0,NA,0,0,0,NA,0,0,NA,0,NA,NA,0,0,NA,NA,0,NA,0,0,0,0,0,0,NA,NA,0,0,0,0,0,0,NA,0,NA,0,0,NA,0,0,0,0,NA,0,0,0,0,0,NA,0,NA,0,0,0,0,NA,NA,0,0,0,0,0,0,NA,0,0,NA,NA,NA,NA,NA,NA,NA,NA,NA,NA,NA,NA
"154",1,NA,NA,0,1,0,1,NA,NA,NA,NA,0,0,0,NA,0,0,0,0,NA,NA,0,0,NA,NA,0,NA,0,0,0,0,0,0,NA,NA,0,0,0,0,0,0,NA,0,NA,0,0,NA,0,0,0,0,NA,0,0,0,0,0,NA,0,NA,0,0,0,0,NA,NA,0,0,0,0,0,0,NA,0,0,NA,NA,NA,NA,NA,NA,NA,NA,NA,NA,NA,NA
"155",1,NA,NA,0,1,0,NA,NA,1,NA,NA,0,0,0,NA,0,0,0,0,NA,NA,0,0,NA,NA,0,NA,0,0,0,0,0,0,NA,NA,0,0,0,0,0,0,NA,0,NA,0,0,NA,0,0,0,0,NA,0,0,0,0,0,NA,0,NA,0,0,0,0,NA,NA,0,0,0,0,0,0,NA,0,0,NA,NA,NA,NA,NA,NA,NA,NA,NA,NA,NA,NA
"156",1,NA,NA,0,0,0,1,0,NA,0,NA,0,0,0,NA,0,0,0,0,NA,NA,0,0,NA,NA,0,NA,0,0,0,0,0,0,NA,NA,0,0,0,0,0,0,NA,0,NA,0,0,NA,0,0,0,0,NA,0,0,0,0,0,NA,0,NA,0,0,0,0,NA,NA,0,0,0,0,0,0,NA,0,0,NA,NA,NA,NA,NA,NA,NA,NA,NA,NA,NA,NA
"157",1,NA,NA,0,NA,0,1,1,NA,0,NA,0,0,0,NA,0,NA,0,0,NA,NA,0,0,NA,NA,0,NA,0,0,0,0,0,0,NA,NA,0,0,0,0,0,0,NA,0,NA,0,0,NA,0,0,0,0,NA,0,0,0,0,0,NA,0,NA,0,0,0,0,NA,NA,0,0,0,0,0,0,NA,0,0,NA,NA,NA,NA,NA,NA,NA,NA,NA,NA,NA,NA
"158",1,NA,NA,0,1,0,1,NA,NA,0,NA,0,0,0,NA,0,0,0,0,NA,NA,0,0,NA,NA,0,NA,0,0,0,0,0,0,NA,NA,0,0,0,0,0,0,NA,0,NA,0,0,NA,0,0,0,0,NA,0,0,0,0,0,NA,0,NA,0,0,0,0,NA,NA,0,0,0,0,0,0,NA,0,0,NA,NA,NA,NA,NA,NA,NA,NA,NA,NA,NA,NA
"159",1,NA,NA,0,1,0,NA,NA,1,0,NA,0,0,0,NA,0,0,0,0,NA,NA,0,0,NA,NA,0,NA,0,0,0,0,0,0,NA,NA,0,0,0,0,0,0,NA,0,NA,0,0,NA,0,0,0,0,NA,0,0,0,0,0,NA,0,NA,0,0,0,0,NA,NA,0,0,0,0,0,0,NA,0,0,NA,NA,NA,NA,NA,NA,NA,NA,NA,NA,NA,NA
"160",1,NA,NA,0,NA,0,0,1,0,0,NA,0,0,0,NA,0,0,0,0,NA,NA,0,0,NA,NA,0,NA,0,0,0,0,0,0,NA,NA,0,0,0,0,0,0,NA,0,NA,0,0,NA,0,0,0,0,NA,0,0,0,0,0,NA,0,NA,0,0,0,0,NA,NA,0,0,0,0,0,0,NA,0,0,NA,NA,NA,NA,NA,NA,NA,NA,NA,NA,NA,NA
"161",1,NA,NA,0,NA,0,1,1,NA,0,NA,0,0,0,NA,0,0,0,0,NA,NA,0,0,NA,NA,0,NA,0,0,0,0,0,0,NA,NA,0,0,0,0,0,0,NA,0,NA,0,0,NA,0,0,0,0,NA,0,0,0,0,0,NA,0,NA,0,0,0,0,NA,NA,0,0,0,0,0,0,NA,0,0,NA,NA,NA,NA,NA,NA,NA,NA,NA,NA,NA,NA
"162",1,NA,NA,0,NA,0,NA,1,1,0,NA,0,0,0,NA,0,0,0,0,NA,NA,0,0,NA,NA,0,NA,0,0,0,0,0,0,NA,NA,0,0,0,0,0,0,NA,0,NA,0,0,NA,0,0,0,0,NA,0,0,0,0,0,NA,0,NA,0,0,0,0,NA,NA,0,0,0,0,0,0,NA,0,0,NA,NA,NA,NA,NA,NA,NA,NA,NA,NA,NA,NA
"163",1,NA,NA,0,NA,0,0,NA,0,0,NA,0,0,0,NA,0,0,0,0,NA,NA,0,0,NA,NA,0,NA,0,0,0,0,0,0,NA,NA,0,0,0,0,0,0,NA,0,NA,0,0,NA,0,0,0,0,NA,0,0,0,0,0,NA,0,NA,0,0,0,0,NA,NA,0,0,0,0,0,0,NA,0,0,NA,NA,NA,NA,NA,NA,NA,NA,NA,NA,NA,NA
"164",1,NA,NA,1,0,1,0,0,0,0,NA,0,0,0,NA,0,NA,NA,0,NA,NA,0,0,NA,NA,0,NA,0,0,0,0,0,0,NA,NA,0,0,0,0,0,0,0,0,0,0,0,NA,0,0,0,0,NA,0,0,0,NA,0,NA,0,NA,0,0,0,0,NA,NA,0,0,0,0,0,0,NA,0,0,NA,NA,NA,NA,NA,NA,NA,NA,NA,NA,NA,NA
"165",1,NA,NA,1,0,0,0,0,0,NA,NA,0,0,0,NA,0,NA,NA,0,NA,NA,0,0,NA,NA,0,NA,0,0,0,0,0,0,NA,NA,0,0,0,0,0,0,0,0,0,0,0,NA,0,0,0,0,NA,0,0,0,0,0,NA,0,NA,0,0,0,0,NA,NA,0,0,0,0,0,0,NA,0,0,NA,NA,NA,NA,NA,NA,NA,NA,NA,NA,NA,NA
"166",1,NA,NA,1,0,1,1,0,NA,NA,NA,0,0,0,NA,0,NA,NA,0,NA,NA,0,0,NA,NA,0,NA,0,0,0,0,0,0,NA,NA,0,0,0,0,0,0,0,0,0,0,0,NA,0,0,0,0,NA,0,0,0,NA,0,NA,0,NA,0,0,0,0,NA,NA,0,0,0,0,0,0,NA,0,0,NA,NA,NA,NA,NA,NA,NA,NA,NA,NA,NA,NA
"167",1,NA,NA,1,NA,1,0,1,0,NA,NA,0,0,0,NA,0,NA,NA,0,NA,NA,0,0,NA,NA,0,NA,0,0,0,0,0,0,NA,NA,0,0,0,0,0,0,0,0,0,0,0,NA,0,0,0,0,NA,0,0,0,NA,0,NA,0,NA,0,0,0,0,NA,NA,0,0,0,0,0,0,NA,0,0,NA,NA,NA,NA,NA,NA,NA,NA,NA,NA,NA,NA
"168",1,NA,NA,1,0,1,0,0,0,NA,NA,0,0,0,NA,0,0,NA,0,NA,NA,0,0,NA,NA,0,NA,0,0,0,0,0,0,NA,NA,0,0,0,0,0,0,0,0,0,0,0,NA,0,0,0,0,NA,0,0,0,NA,0,NA,0,NA,0,0,0,0,NA,NA,0,0,0,0,0,0,NA,0,0,NA,NA,NA,NA,NA,NA,NA,NA,NA,NA,NA,NA
"169",1,NA,NA,1,1,1,0,NA,0,NA,NA,0,0,0,NA,0,NA,NA,0,NA,NA,0,0,NA,NA,0,NA,0,0,0,0,0,0,NA,NA,0,0,0,0,0,0,0,0,0,0,0,NA,0,0,0,0,NA,0,0,0,NA,0,NA,0,NA,0,0,0,0,NA,NA,0,0,0,0,0,0,NA,0,0,NA,NA,NA,NA,NA,NA,NA,NA,NA,NA,NA,NA
"170",1,NA,NA,1,0,1,NA,0,1,NA,NA,0,0,0,NA,0,NA,NA,0,NA,NA,0,0,NA,NA,0,NA,0,0,0,0,0,0,NA,NA,0,0,0,0,0,0,0,0,0,0,0,NA,0,0,0,0,NA,0,0,0,NA,0,NA,0,NA,0,0,0,0,NA,NA,0,0,0,0,0,0,NA,0,0,NA,NA,NA,NA,NA,NA,NA,NA,NA,NA,NA,NA
"171",1,NA,NA,1,NA,0,0,1,0,NA,NA,0,0,0,NA,0,NA,NA,0,NA,NA,0,0,NA,NA,0,NA,0,0,0,0,0,0,NA,NA,0,0,0,0,0,0,0,0,0,0,0,NA,0,0,0,0,NA,0,0,0,0,0,NA,0,NA,0,0,0,0,NA,NA,0,0,0,0,0,0,NA,0,0,NA,NA,NA,NA,NA,NA,NA,NA,NA,NA,NA,NA
"172",1,NA,NA,0,0,1,1,0,NA,NA,NA,0,0,0,NA,0,NA,0,0,NA,NA,0,0,NA,NA,0,NA,0,0,0,0,0,0,NA,NA,0,0,0,0,0,0,0,0,0,0,0,NA,0,0,0,0,NA,0,0,0,NA,0,NA,0,NA,0,0,0,0,NA,NA,0,0,0,0,0,0,NA,0,0,NA,NA,NA,NA,NA,NA,NA,NA,NA,NA,NA,NA
"173",1,NA,NA,1,NA,1,0,NA,0,NA,NA,0,0,0,NA,0,NA,NA,0,NA,NA,0,0,NA,NA,0,NA,0,0,0,0,0,0,NA,NA,0,0,0,0,0,0,0,0,0,0,0,NA,0,0,0,0,NA,0,0,0,NA,0,NA,0,NA,0,0,0,0,NA,NA,0,0,0,0,0,0,NA,0,0,NA,NA,NA,NA,NA,NA,NA,NA,NA,NA,NA,NA
"174",1,NA,NA,1,0,1,0,0,0,0,NA,0,0,0,NA,0,0,NA,0,NA,NA,0,0,NA,NA,0,NA,0,0,0,0,0,0,NA,NA,0,0,0,0,0,0,0,0,0,0,0,NA,0,0,0,0,NA,0,0,0,NA,0,NA,0,NA,0,0,0,0,NA,NA,0,0,0,0,0,0,NA,0,0,NA,NA,NA,NA,NA,NA,NA,NA,NA,NA,NA,NA
"175",1,NA,NA,1,1,1,NA,NA,1,NA,NA,0,0,0,NA,0,NA,NA,0,NA,NA,0,0,NA,NA,0,NA,0,0,0,0,0,0,NA,NA,0,0,0,0,0,0,0,0,0,0,0,NA,0,0,0,0,NA,0,0,0,NA,0,NA,0,NA,0,0,0,0,NA,NA,0,0,0,0,0,0,NA,0,0,NA,NA,NA,NA,NA,NA,NA,NA,NA,NA,NA,NA
"176",1,NA,NA,1,0,1,1,0,NA,0,NA,0,0,0,NA,0,NA,NA,0,NA,NA,0,0,NA,NA,0,NA,0,0,0,0,0,0,NA,NA,0,0,0,0,0,0,0,0,0,0,0,NA,0,0,0,0,NA,0,0,0,NA,0,NA,0,NA,0,0,0,0,NA,NA,0,0,0,0,0,0,NA,0,0,NA,NA,NA,NA,NA,NA,NA,NA,NA,NA,NA,NA
"177",1,NA,NA,1,1,0,0,NA,0,NA,NA,0,0,0,NA,0,NA,NA,0,NA,NA,0,0,NA,NA,0,NA,0,0,0,0,0,0,NA,NA,0,0,0,0,0,0,0,0,0,0,0,NA,0,0,0,0,NA,0,0,0,0,0,NA,0,NA,0,0,0,0,NA,NA,0,0,0,0,0,0,NA,0,0,NA,NA,NA,NA,NA,NA,NA,NA,NA,NA,NA,NA
"178",1,NA,NA,0,0,1,0,0,0,NA,NA,0,0,0,NA,0,0,0,0,NA,NA,0,0,NA,NA,0,NA,0,0,0,0,0,0,NA,NA,0,0,0,0,0,0,0,0,0,0,0,NA,0,0,0,0,NA,0,0,0,NA,0,NA,0,NA,0,0,0,0,NA,NA,0,0,0,0,0,0,NA,0,0,NA,NA,NA,NA,NA,NA,NA,NA,NA,NA,NA,NA
"179",1,NA,NA,1,0,1,NA,0,1,0,NA,0,0,0,NA,0,NA,NA,0,NA,NA,0,0,NA,NA,0,NA,0,0,0,0,0,0,NA,NA,0,0,0,0,0,0,0,0,0,0,0,NA,0,0,0,0,NA,0,0,0,NA,0,NA,0,NA,0,0,0,0,NA,NA,0,0,0,0,0,0,NA,0,0,NA,NA,NA,NA,NA,NA,NA,NA,NA,NA,NA,NA
"180",1,NA,NA,0,0,0,0,0,0,NA,NA,0,0,0,NA,0,NA,0,0,NA,NA,0,0,NA,NA,0,NA,0,0,0,0,0,0,NA,NA,0,0,0,0,0,0,0,0,0,0,0,NA,0,0,0,0,NA,0,0,0,0,0,NA,0,NA,0,0,0,0,NA,NA,0,0,0,0,0,0,NA,0,0,NA,NA,NA,NA,NA,NA,NA,NA,NA,NA,NA,NA
"181",1,NA,NA,1,1,1,0,NA,0,0,NA,0,0,0,NA,0,NA,NA,0,NA,NA,0,0,NA,NA,0,NA,0,0,0,0,0,0,NA,NA,0,0,0,0,0,0,0,0,0,0,0,NA,0,0,0,0,NA,0,0,0,NA,0,NA,0,NA,0,0,0,0,NA,NA,0,0,0,0,0,0,NA,0,0,NA,NA,NA,NA,NA,NA,NA,NA,NA,NA,NA,NA
"182",1,NA,NA,1,0,1,1,0,NA,NA,NA,0,0,0,NA,0,0,NA,0,NA,NA,0,0,NA,NA,0,NA,0,0,0,0,0,0,NA,NA,0,0,0,0,0,0,0,0,0,0,0,NA,0,0,0,0,NA,0,0,0,NA,0,NA,0,NA,0,0,0,0,NA,NA,0,0,0,0,0,0,NA,0,0,NA,NA,NA,NA,NA,NA,NA,NA,NA,NA,NA,NA
"183",1,NA,NA,1,0,0,0,0,0,0,NA,0,0,0,NA,0,NA,NA,0,NA,NA,0,0,NA,NA,0,NA,0,0,0,0,0,0,NA,NA,0,0,0,0,0,0,0,0,0,0,0,NA,0,0,0,0,NA,0,0,0,0,0,NA,0,NA,0,0,0,0,NA,NA,0,0,0,0,0,0,NA,0,0,NA,NA,NA,NA,NA,NA,NA,NA,NA,NA,NA,NA
"184",1,NA,NA,1,0,1,NA,0,1,NA,NA,0,0,0,NA,0,0,NA,0,NA,NA,0,0,NA,NA,0,NA,0,0,0,0,0,0,NA,NA,0,0,0,0,0,0,0,0,0,0,0,NA,0,0,0,0,NA,0,0,0,NA,0,NA,0,NA,0,0,0,0,NA,NA,0,0,0,0,0,0,NA,0,0,NA,NA,NA,NA,NA,NA,NA,NA,NA,NA,NA,NA
"185",1,NA,NA,1,NA,1,0,1,0,0,NA,0,0,0,NA,0,NA,NA,0,NA,NA,0,0,NA,NA,0,NA,0,0,0,0,0,0,NA,NA,0,0,0,0,0,0,0,0,0,0,0,NA,0,0,0,0,NA,0,0,0,NA,0,NA,0,NA,0,0,0,0,NA,NA,0,0,0,0,0,0,NA,0,0,NA,NA,NA,NA,NA,NA,NA,NA,NA,NA,NA,NA
"186",1,NA,NA,0,0,1,NA,0,1,NA,NA,0,0,0,NA,0,NA,0,0,NA,NA,0,0,NA,NA,0,NA,0,0,0,0,0,0,NA,NA,0,0,0,0,0,0,0,0,0,0,0,NA,0,0,0,0,NA,0,0,0,NA,0,NA,0,NA,0,0,0,0,NA,NA,0,0,0,0,0,0,NA,0,0,NA,NA,NA,NA,NA,NA,NA,NA,NA,NA,NA,NA
"187",1,NA,NA,1,NA,1,0,1,0,NA,NA,0,0,0,NA,0,0,NA,0,NA,NA,0,0,NA,NA,0,NA,0,0,0,0,0,0,NA,NA,0,0,0,0,0,0,0,0,0,0,0,NA,0,0,0,0,NA,0,0,0,NA,0,NA,0,NA,0,0,0,0,NA,NA,0,0,0,0,0,0,NA,0,0,NA,NA,NA,NA,NA,NA,NA,NA,NA,NA,NA,NA
"188",1,NA,NA,1,1,1,1,NA,NA,NA,NA,0,0,0,NA,0,NA,NA,0,NA,NA,0,0,NA,NA,0,NA,0,0,0,0,0,0,NA,NA,0,0,0,0,0,0,0,0,0,0,0,NA,0,0,0,0,NA,0,0,0,NA,0,NA,0,NA,0,0,0,0,NA,NA,0,0,0,0,0,0,NA,0,0,NA,NA,NA,NA,NA,NA,NA,NA,NA,NA,NA,NA
"189",1,NA,NA,1,0,0,0,0,0,NA,NA,0,0,0,NA,0,0,NA,0,NA,NA,0,0,NA,NA,0,NA,0,0,0,0,0,0,NA,NA,0,0,0,0,0,0,0,0,0,0,0,NA,0,0,0,0,NA,0,0,0,0,0,NA,0,NA,0,0,0,0,NA,NA,0,0,0,0,0,0,NA,0,0,NA,NA,NA,NA,NA,NA,NA,NA,NA,NA,NA,NA
"190",1,NA,NA,0,1,1,0,NA,0,NA,NA,0,0,0,NA,0,NA,0,0,NA,NA,0,0,NA,NA,0,NA,0,0,0,0,0,0,NA,NA,0,0,0,0,0,0,0,0,0,0,0,NA,0,0,0,0,NA,0,0,0,NA,0,NA,0,NA,0,0,0,0,NA,NA,0,0,0,0,0,0,NA,0,0,NA,NA,NA,NA,NA,NA,NA,NA,NA,NA,NA,NA
"191",1,NA,NA,1,0,0,NA,0,1,NA,NA,0,0,0,NA,0,NA,NA,0,NA,NA,0,0,NA,NA,0,NA,0,0,0,0,0,0,NA,NA,0,0,0,0,0,0,0,0,0,0,0,NA,0,0,0,0,NA,0,0,0,0,0,NA,0,NA,0,0,0,0,NA,NA,0,0,0,0,0,0,NA,0,0,NA,NA,NA,NA,NA,NA,NA,NA,NA,NA,NA,NA
"192",1,NA,NA,1,NA,1,1,1,NA,NA,NA,0,0,0,NA,0,NA,NA,0,NA,NA,0,0,NA,NA,0,NA,0,0,0,0,0,0,NA,NA,0,0,0,0,0,0,0,0,0,0,0,NA,0,0,0,0,NA,0,0,0,NA,0,NA,0,NA,0,0,0,0,NA,NA,0,0,0,0,0,0,NA,0,0,NA,NA,NA,NA,NA,NA,NA,NA,NA,NA,NA,NA
"193",1,NA,NA,0,0,0,NA,0,1,NA,NA,0,0,0,NA,0,NA,0,0,NA,NA,0,0,NA,NA,0,NA,0,0,0,0,0,0,NA,NA,0,0,0,0,0,0,0,0,0,0,0,NA,0,0,0,0,NA,0,0,0,0,0,NA,0,NA,0,0,0,0,NA,NA,0,0,0,0,0,0,NA,0,0,NA,NA,NA,NA,NA,NA,NA,NA,NA,NA,NA,NA
"194",1,NA,NA,1,NA,1,1,1,NA,NA,NA,0,0,0,NA,0,0,NA,0,NA,NA,0,0,NA,NA,0,NA,0,0,0,0,0,0,NA,NA,0,0,0,0,0,0,0,0,0,0,0,NA,0,0,0,0,NA,0,0,0,NA,0,NA,0,NA,0,0,0,0,NA,NA,0,0,0,0,0,0,NA,0,0,NA,NA,NA,NA,NA,NA,NA,NA,NA,NA,NA,NA
"195",1,NA,NA,0,1,1,NA,NA,1,NA,NA,0,0,0,NA,0,NA,0,0,NA,NA,0,0,NA,NA,0,NA,0,0,0,0,0,0,NA,NA,0,0,0,0,0,0,0,0,0,0,0,NA,0,0,0,0,NA,0,0,0,NA,0,NA,0,NA,0,0,0,0,NA,NA,0,0,0,0,0,0,NA,0,0,NA,NA,NA,NA,NA,NA,NA,NA,NA,NA,NA,NA
"196",1,NA,NA,1,0,0,1,0,NA,NA,NA,0,0,0,NA,0,NA,NA,0,NA,NA,0,0,NA,NA,0,NA,0,0,0,0,0,0,NA,NA,0,0,0,0,0,0,0,0,0,0,0,NA,0,0,0,0,NA,0,0,0,0,0,NA,0,NA,0,0,0,0,NA,NA,0,0,0,0,0,0,NA,0,0,NA,NA,NA,NA,NA,NA,NA,NA,NA,NA,NA,NA
"197",1,NA,NA,0,0,1,0,0,0,0,NA,0,0,0,NA,0,NA,0,0,NA,NA,0,0,NA,NA,0,NA,0,0,0,0,0,0,NA,NA,0,0,0,0,0,0,0,0,0,0,0,NA,0,0,0,0,NA,0,0,0,NA,0,NA,0,NA,0,0,0,0,NA,NA,0,0,0,0,0,0,NA,0,0,NA,NA,NA,NA,NA,NA,NA,NA,NA,NA,NA,NA
"198",1,NA,NA,1,0,0,NA,0,NA,NA,NA,0,0,0,NA,0,NA,NA,0,NA,NA,0,0,NA,NA,0,NA,0,0,0,0,0,0,NA,NA,0,0,0,0,0,0,0,0,0,0,0,NA,0,0,0,0,NA,0,0,0,0,0,NA,0,NA,0,0,0,0,NA,NA,0,0,0,0,0,0,NA,0,0,NA,NA,NA,NA,NA,NA,NA,NA,NA,NA,NA,NA
"199",1,NA,NA,0,NA,1,0,1,0,NA,NA,0,0,0,NA,0,NA,0,0,NA,NA,0,0,NA,NA,0,NA,0,0,0,0,0,0,NA,NA,0,0,0,0,0,0,0,0,0,0,0,NA,0,0,0,0,NA,0,0,0,NA,0,NA,0,NA,0,0,0,0,NA,NA,0,0,0,0,0,0,NA,0,0,NA,NA,NA,NA,NA,NA,NA,NA,NA,NA,NA,NA
"200",1,NA,NA,1,0,0,1,0,NA,0,NA,0,0,0,NA,0,NA,NA,0,NA,NA,0,0,NA,NA,0,NA,0,0,0,0,0,0,NA,NA,0,0,0,0,0,0,0,0,0,0,0,NA,0,0,0,0,NA,0,0,0,0,0,NA,0,NA,0,0,0,0,NA,NA,0,0,0,0,0,0,NA,0,0,NA,NA,NA,NA,NA,NA,NA,NA,NA,NA,NA,NA
"201",1,NA,NA,1,NA,1,NA,1,1,NA,NA,0,0,0,NA,0,NA,NA,0,NA,NA,0,0,NA,NA,0,NA,0,0,0,0,0,0,NA,NA,0,0,0,0,0,0,0,0,0,0,0,NA,0,0,0,0,NA,0,0,0,NA,0,NA,0,NA,0,0,0,0,NA,NA,0,0,0,0,0,0,NA,0,0,NA,NA,NA,NA,NA,NA,NA,NA,NA,NA,NA,NA
"202",1,NA,NA,1,1,1,0,NA,0,NA,NA,0,0,0,NA,0,0,NA,0,NA,NA,0,0,NA,NA,0,NA,0,0,0,0,0,0,NA,NA,0,0,0,0,0,0,0,0,0,0,0,NA,0,0,0,0,NA,0,0,0,NA,0,NA,0,NA,0,0,0,0,NA,NA,0,0,0,0,0,0,NA,0,0,NA,NA,NA,NA,NA,NA,NA,NA,NA,NA,NA,NA
"203",1,NA,NA,1,NA,1,NA,1,1,0,NA,0,0,0,NA,0,NA,NA,0,NA,NA,0,0,NA,NA,0,NA,0,0,0,0,0,0,NA,NA,0,0,0,0,0,0,0,0,0,0,0,NA,0,0,0,0,NA,0,0,0,NA,0,NA,0,NA,0,0,0,0,NA,NA,0,0,0,0,0,0,NA,0,0,NA,NA,NA,NA,NA,NA,NA,NA,NA,NA,NA,NA
"204",1,NA,NA,0,1,1,1,NA,NA,NA,NA,0,0,0,NA,0,NA,0,0,NA,NA,0,0,NA,NA,0,NA,0,0,0,0,0,0,NA,NA,0,0,0,0,0,0,0,0,0,0,0,NA,0,0,0,0,NA,0,0,0,NA,0,NA,0,NA,0,0,0,0,NA,NA,0,0,0,0,0,0,NA,0,0,NA,NA,NA,NA,NA,NA,NA,NA,NA,NA,NA,NA
"205",1,NA,NA,1,0,0,NA,0,1,0,NA,0,0,0,NA,0,NA,NA,0,NA,NA,0,0,NA,NA,0,NA,0,0,0,0,0,0,NA,NA,0,0,0,0,0,0,0,0,0,0,0,NA,0,0,0,0,NA,0,0,0,0,0,NA,0,NA,0,0,0,0,NA,NA,0,0,0,0,0,0,NA,0,0,NA,NA,NA,NA,NA,NA,NA,NA,NA,NA,NA,NA
"206",1,NA,NA,1,1,1,1,NA,NA,NA,NA,0,0,0,NA,0,0,NA,0,NA,NA,0,0,NA,NA,0,NA,0,0,0,0,0,0,NA,NA,0,0,0,0,0,0,0,0,0,0,0,NA,0,0,0,0,NA,0,0,0,NA,0,NA,0,NA,0,0,0,0,NA,NA,0,0,0,0,0,0,NA,0,0,NA,NA,NA,NA,NA,NA,NA,NA,NA,NA,NA,NA
"207",1,NA,NA,0,0,0,0,0,0,0,NA,0,0,0,NA,0,NA,0,0,NA,NA,0,0,NA,NA,0,NA,0,0,0,0,0,0,NA,NA,0,0,0,0,0,0,0,0,0,0,0,NA,0,0,0,0,NA,0,0,0,0,0,NA,0,NA,0,0,0,0,NA,NA,0,0,0,0,0,0,NA,0,0,NA,NA,NA,NA,NA,NA,NA,NA,NA,NA,NA,NA
"208",1,NA,NA,1,0,1,NA,0,NA,NA,NA,0,0,0,NA,0,0,NA,0,NA,NA,0,0,NA,NA,0,NA,0,0,0,0,0,0,NA,NA,0,0,0,0,0,0,0,0,0,0,0,NA,0,0,0,0,NA,0,0,0,NA,0,NA,0,NA,0,0,0,0,NA,NA,0,0,0,0,0,0,NA,0,0,NA,NA,NA,NA,NA,NA,NA,NA,NA,NA,NA,NA
"209",1,NA,NA,0,0,1,0,0,0,0,NA,0,0,0,NA,0,0,0,0,NA,NA,0,0,NA,NA,0,NA,0,0,0,0,0,0,NA,NA,0,0,0,0,0,0,0,0,0,0,0,NA,0,0,0,0,NA,0,0,0,NA,0,NA,0,NA,0,0,0,0,NA,NA,0,0,0,0,0,0,NA,0,0,NA,NA,NA,NA,NA,NA,NA,NA,NA,NA,NA,NA
"210",1,NA,NA,1,1,0,1,NA,NA,NA,NA,0,0,0,NA,0,NA,NA,0,NA,NA,0,0,NA,NA,0,NA,0,0,0,0,0,0,NA,NA,0,0,0,0,0,0,0,0,0,0,0,NA,0,0,0,0,NA,0,0,0,0,0,NA,0,NA,0,0,0,0,NA,NA,0,0,0,0,0,0,NA,0,0,NA,NA,NA,NA,NA,NA,NA,NA,NA,NA,NA,NA
"211",1,NA,NA,0,0,1,NA,0,1,0,NA,0,0,0,NA,0,NA,0,0,NA,NA,0,0,NA,NA,0,NA,0,0,0,0,0,0,NA,NA,0,0,0,0,0,0,0,0,0,0,0,NA,0,0,0,0,NA,0,0,0,NA,0,NA,0,NA,0,0,0,0,NA,NA,0,0,0,0,0,0,NA,0,0,NA,NA,NA,NA,NA,NA,NA,NA,NA,NA,NA,NA
"212",1,NA,NA,1,NA,1,NA,1,1,NA,NA,0,0,0,NA,0,0,NA,0,NA,NA,0,0,NA,NA,0,NA,0,0,0,0,0,0,NA,NA,0,0,0,0,0,0,0,0,0,0,0,NA,0,0,0,0,NA,0,0,0,NA,0,NA,0,NA,0,0,0,0,NA,NA,0,0,0,0,0,0,NA,0,0,NA,NA,NA,NA,NA,NA,NA,NA,NA,NA,NA,NA
"213",1,NA,NA,1,0,0,0,0,0,0,NA,0,0,0,NA,0,0,NA,0,NA,NA,0,0,NA,NA,0,NA,0,0,0,0,0,0,NA,NA,0,0,0,0,0,0,0,0,0,0,0,NA,0,0,0,0,NA,0,0,0,0,0,NA,0,NA,0,0,0,0,NA,NA,0,0,0,0,0,0,NA,0,0,NA,NA,NA,NA,NA,NA,NA,NA,NA,NA,NA,NA
"214",1,NA,NA,1,1,1,NA,NA,1,NA,NA,0,0,0,NA,0,0,NA,0,NA,NA,0,0,NA,NA,0,NA,0,0,0,0,0,0,NA,NA,0,0,0,0,0,0,0,0,0,0,0,NA,0,0,0,0,NA,0,0,0,NA,0,NA,0,NA,0,0,0,0,NA,NA,0,0,0,0,0,0,NA,0,0,NA,NA,NA,NA,NA,NA,NA,NA,NA,NA,NA,NA
"215",1,NA,NA,1,0,0,NA,0,1,NA,NA,0,0,0,NA,0,0,NA,0,NA,NA,0,0,NA,NA,0,NA,0,0,0,0,0,0,NA,NA,0,0,0,0,0,0,0,0,0,0,0,NA,0,0,0,0,NA,0,0,0,0,0,NA,0,NA,0,0,0,0,NA,NA,0,0,0,0,0,0,NA,0,0,NA,NA,NA,NA,NA,NA,NA,NA,NA,NA,NA,NA
"216",1,NA,NA,1,1,1,1,NA,NA,0,NA,0,0,0,NA,0,NA,NA,0,NA,NA,0,0,NA,NA,0,NA,0,0,0,0,0,0,NA,NA,0,0,0,0,0,0,0,0,0,0,0,NA,0,0,0,0,NA,0,0,0,NA,0,NA,0,NA,0,0,0,0,NA,NA,0,0,0,0,0,0,NA,0,0,NA,NA,NA,NA,NA,NA,NA,NA,NA,NA,NA,NA
"217",1,NA,NA,0,0,0,NA,0,1,0,NA,0,0,0,NA,0,NA,0,0,NA,NA,0,0,NA,NA,0,NA,0,0,0,0,0,0,NA,NA,0,0,0,0,0,0,0,0,0,0,0,NA,0,0,0,0,NA,0,0,0,0,0,NA,0,NA,0,0,0,0,NA,NA,0,0,0,0,0,0,NA,0,0,NA,NA,NA,NA,NA,NA,NA,NA,NA,NA,NA,NA
"218",1,NA,NA,1,0,1,NA,0,1,0,NA,0,0,0,NA,0,0,NA,0,NA,NA,0,0,NA,NA,0,NA,0,0,0,0,0,0,NA,NA,0,0,0,0,0,0,0,0,0,0,0,NA,0,0,0,0,NA,0,0,0,NA,0,NA,0,NA,0,0,0,0,NA,NA,0,0,0,0,0,0,NA,0,0,NA,NA,NA,NA,NA,NA,NA,NA,NA,NA,NA,NA
"219",1,NA,NA,0,NA,1,0,NA,0,NA,NA,0,0,0,NA,0,NA,0,0,NA,NA,0,0,NA,NA,0,NA,0,0,0,0,0,0,NA,NA,0,0,0,0,0,0,0,0,0,0,0,NA,0,0,0,0,NA,0,0,0,NA,0,NA,0,NA,0,0,0,0,NA,NA,0,0,0,0,0,0,NA,0,0,NA,NA,NA,NA,NA,NA,NA,NA,NA,NA,NA,NA
"220",1,NA,NA,1,0,0,1,0,NA,NA,NA,0,0,0,NA,0,0,NA,0,NA,NA,0,0,NA,NA,0,NA,0,0,0,0,0,0,NA,NA,0,0,0,0,0,0,0,0,0,0,0,NA,0,0,0,0,NA,0,0,0,0,0,NA,0,NA,0,0,0,0,NA,NA,0,0,0,0,0,0,NA,0,0,NA,NA,NA,NA,NA,NA,NA,NA,NA,NA,NA,NA
"221",1,NA,NA,0,1,1,0,NA,0,0,NA,0,0,0,NA,0,NA,0,0,NA,NA,0,0,NA,NA,0,NA,0,0,0,0,0,0,NA,NA,0,0,0,0,0,0,0,0,0,0,0,NA,0,0,0,0,NA,0,0,0,NA,0,NA,0,NA,0,0,0,0,NA,NA,0,0,0,0,0,0,NA,0,0,NA,NA,NA,NA,NA,NA,NA,NA,NA,NA,NA,NA
"222",1,NA,NA,1,NA,0,1,1,NA,NA,NA,0,0,0,NA,0,NA,NA,0,NA,NA,0,0,NA,NA,0,NA,0,0,0,0,0,0,NA,NA,0,0,0,0,0,0,0,0,0,0,0,NA,0,0,0,0,NA,0,0,0,0,0,NA,0,NA,0,0,0,0,NA,NA,0,0,0,0,0,0,NA,0,0,NA,NA,NA,NA,NA,NA,NA,NA,NA,NA,NA,NA
"223",1,NA,NA,1,1,1,NA,NA,1,0,NA,0,0,0,NA,0,NA,NA,0,NA,NA,0,0,NA,NA,0,NA,0,0,0,0,0,0,NA,NA,0,0,0,0,0,0,0,0,0,0,0,NA,0,0,0,0,NA,0,0,0,NA,0,NA,0,NA,0,0,0,0,NA,NA,0,0,0,0,0,0,NA,0,0,NA,NA,NA,NA,NA,NA,NA,NA,NA,NA,NA,NA
"224",1,NA,NA,0,0,1,1,0,NA,NA,NA,0,0,0,NA,0,0,0,0,NA,NA,0,0,NA,NA,0,NA,0,0,0,0,0,0,NA,NA,0,0,0,0,0,0,0,0,0,0,0,NA,0,0,0,0,NA,0,0,0,NA,0,NA,0,NA,0,0,0,0,NA,NA,0,0,0,0,0,0,NA,0,0,NA,NA,NA,NA,NA,NA,NA,NA,NA,NA,NA,NA
"225",NA,0,1,0,NA,0,NA,0,0,0,0,NA,0,NA,0,0,0,0,NA,0,NA,NA,NA,0,NA,0,0,0,0,0,0,0,NA,0,0,0,NA,0,0,0,0,0,0,0,0,0,0,NA,0,0,NA,0,0,0,0,0,0,0,0,0,0,0,0,0,0,0,0,0,0,0,0,NA,0,0,0,NA,NA,NA,NA,NA,NA,NA,NA,NA,NA,NA,NA
"226",NA,0,1,0,NA,0,NA,0,0,0,0,0,0,NA,0,0,0,0,0,0,NA,NA,NA,0,NA,0,0,0,0,0,0,0,0,0,0,0,NA,0,0,0,0,0,0,0,0,0,0,NA,0,0,NA,0,0,0,0,0,0,NA,0,NA,0,0,0,0,0,0,0,0,0,0,0,0,0,0,0,NA,NA,NA,NA,NA,NA,NA,NA,NA,NA,NA,NA
"227",NA,1,1,0,NA,0,NA,0,0,0,0,NA,NA,NA,0,0,0,0,NA,0,0,NA,NA,0,NA,0,0,0,0,0,0,0,0,0,NA,0,NA,0,0,0,0,0,0,0,0,0,0,NA,0,0,NA,0,0,0,0,0,0,0,0,0,0,0,0,0,0,0,0,0,0,0,0,NA,0,0,NA,NA,NA,NA,NA,NA,NA,NA,NA,NA,NA,NA,NA
"228",NA,1,1,0,NA,0,NA,0,0,0,0,NA,0,NA,0,0,0,0,0,0,NA,NA,NA,0,0,0,0,0,0,0,0,0,0,0,0,0,NA,0,0,0,0,0,0,0,0,0,0,NA,0,0,NA,0,0,0,0,0,0,NA,0,NA,0,0,0,0,0,0,0,0,0,0,0,0,0,0,0,NA,NA,NA,NA,NA,NA,NA,NA,NA,NA,NA,NA
"229",0,0,NA,0,NA,0,NA,0,0,0,0,0,NA,NA,0,0,0,0,NA,0,NA,0,NA,0,NA,0,0,0,0,0,0,0,0,NA,NA,0,NA,0,0,0,0,0,0,0,0,0,0,0,0,0,NA,0,0,0,0,0,0,0,0,0,0,0,0,0,0,0,0,0,0,0,0,NA,0,0,NA,NA,NA,NA,NA,NA,NA,NA,NA,NA,NA,NA,NA
"230",NA,1,1,0,NA,0,NA,0,0,0,0,NA,0,NA,0,0,0,0,0,0,0,NA,NA,0,0,0,0,0,0,0,0,0,0,0,0,0,NA,0,0,0,0,0,0,0,0,0,0,NA,0,0,NA,0,0,0,0,0,0,NA,0,NA,0,0,0,0,0,0,0,0,0,0,0,0,0,0,0,NA,NA,NA,NA,NA,NA,NA,NA,NA,NA,NA,NA
"231",NA,0,0,0,NA,0,NA,0,0,0,0,0,NA,NA,0,0,0,0,NA,0,NA,0,NA,0,NA,0,0,0,0,0,0,0,0,0,NA,0,NA,0,0,0,0,0,0,0,0,0,0,NA,0,0,NA,0,0,0,0,0,0,0,0,0,0,0,0,0,0,0,0,0,0,0,0,NA,0,0,NA,NA,NA,NA,NA,NA,NA,NA,NA,NA,NA,NA,NA
"232",NA,1,0,0,NA,0,NA,0,0,0,0,NA,0,NA,0,0,0,0,0,0,0,0,NA,0,NA,0,0,0,0,0,0,0,0,0,0,0,NA,0,0,0,0,0,0,0,0,0,0,NA,0,0,NA,0,0,0,0,0,0,NA,0,NA,0,0,0,0,0,0,0,0,0,0,0,0,0,0,0,NA,NA,NA,NA,NA,NA,NA,NA,NA,NA,NA,NA
"233",NA,1,1,0,NA,0,NA,0,0,0,0,0,0,NA,0,0,0,0,0,0,NA,NA,NA,0,0,0,0,0,0,0,0,0,0,0,0,0,NA,0,0,0,0,0,0,0,0,0,0,NA,0,0,NA,0,0,0,0,0,0,NA,0,NA,0,0,0,0,0,0,0,0,0,0,0,0,0,0,0,NA,NA,NA,NA,NA,NA,NA,NA,NA,NA,NA,NA
"234",NA,1,0,0,NA,0,NA,0,0,0,0,NA,0,NA,0,0,0,0,NA,0,NA,0,NA,0,0,0,0,0,0,0,0,0,NA,0,0,0,NA,0,0,0,0,0,0,0,0,0,0,NA,0,0,NA,0,0,0,0,0,0,0,0,0,0,0,0,0,0,0,0,0,0,0,0,NA,0,0,0,NA,NA,NA,NA,NA,NA,NA,NA,NA,NA,NA,NA
"235",1,NA,NA,1,NA,0,NA,1,1,NA,NA,0,0,0,NA,0,NA,NA,0,NA,NA,0,0,NA,NA,0,NA,0,0,0,0,0,0,NA,NA,0,0,0,0,0,0,0,0,0,0,0,NA,0,0,0,0,NA,0,0,0,0,0,NA,0,NA,0,0,0,0,NA,NA,0,0,0,0,0,0,NA,0,0,NA,NA,NA,NA,NA,NA,NA,NA,NA,NA,NA,NA
"236",1,NA,NA,1,0,1,1,0,NA,0,NA,0,0,0,NA,0,0,NA,0,NA,NA,0,0,NA,NA,0,NA,0,0,0,0,0,0,NA,NA,0,0,0,0,0,0,0,0,0,0,0,NA,0,0,0,0,NA,0,0,0,NA,0,NA,0,NA,0,0,0,0,NA,NA,0,0,0,0,0,0,NA,0,0,NA,NA,NA,NA,NA,NA,NA,NA,NA,NA,NA,NA
"237",1,NA,NA,1,NA,0,0,1,0,0,NA,0,0,0,NA,0,NA,NA,0,NA,NA,0,0,NA,NA,0,NA,0,0,0,0,0,0,NA,NA,0,0,0,0,0,0,0,0,0,0,0,NA,0,0,0,0,NA,0,0,0,0,0,NA,0,NA,0,0,0,0,NA,NA,0,0,0,0,0,0,NA,0,0,NA,NA,NA,NA,NA,NA,NA,NA,NA,NA,NA,NA
"238",1,NA,NA,0,NA,1,1,1,NA,NA,NA,0,0,0,NA,0,NA,0,0,NA,NA,0,0,NA,NA,0,NA,0,0,0,0,0,0,NA,NA,0,0,0,0,0,0,0,0,0,0,0,NA,0,0,0,0,NA,0,0,0,NA,0,NA,0,NA,0,0,0,0,NA,NA,0,0,0,0,0,0,NA,0,0,NA,NA,NA,NA,NA,NA,NA,NA,NA,NA,NA,NA
"239",1,NA,NA,0,0,0,0,0,0,NA,NA,0,0,0,NA,0,0,0,0,NA,NA,0,0,NA,NA,0,NA,0,0,0,0,0,0,NA,NA,0,0,0,0,0,0,0,0,0,0,0,NA,0,0,0,0,NA,0,0,0,0,0,NA,0,NA,0,0,0,0,NA,NA,0,0,0,0,0,0,NA,0,0,NA,NA,NA,NA,NA,NA,NA,NA,NA,NA,NA,NA
"240",1,NA,NA,0,NA,1,0,1,0,NA,NA,0,0,0,NA,0,0,0,0,NA,NA,0,0,NA,NA,0,NA,0,0,0,0,0,0,NA,NA,0,0,0,0,0,0,0,0,0,0,0,NA,0,0,0,0,NA,0,0,0,NA,0,NA,0,NA,0,0,0,0,NA,NA,0,0,0,0,0,0,NA,0,0,NA,NA,NA,NA,NA,NA,NA,NA,NA,NA,NA,NA
"241",1,NA,NA,0,1,0,0,NA,0,NA,NA,0,0,0,NA,0,NA,0,0,NA,NA,0,0,NA,NA,0,NA,0,0,0,0,0,0,NA,NA,0,0,0,0,0,0,0,0,0,0,0,NA,0,0,0,0,NA,0,0,0,0,0,NA,0,NA,0,0,0,0,NA,NA,0,0,0,0,0,0,NA,0,0,NA,NA,NA,NA,NA,NA,NA,NA,NA,NA,NA,NA
"242",1,NA,NA,1,NA,1,1,1,NA,0,NA,0,0,0,NA,0,NA,NA,0,NA,NA,0,0,NA,NA,0,NA,0,0,0,0,0,0,NA,NA,0,0,0,0,0,0,0,0,0,0,0,NA,0,0,0,0,NA,0,0,0,NA,0,NA,0,NA,0,0,0,0,NA,NA,0,0,0,0,0,0,NA,0,0,NA,NA,NA,NA,NA,NA,NA,NA,NA,NA,NA,NA
"243",1,NA,NA,1,1,1,0,NA,0,0,NA,0,0,0,NA,0,0,NA,0,NA,NA,0,0,NA,NA,0,NA,0,0,0,0,0,0,NA,NA,0,0,0,0,0,0,0,0,0,0,0,NA,0,0,0,0,NA,0,0,0,NA,0,NA,0,NA,0,0,0,0,NA,NA,0,0,0,0,0,0,NA,0,0,NA,NA,NA,NA,NA,NA,NA,NA,NA,NA,NA,NA
"244",1,NA,NA,1,1,0,NA,NA,1,NA,NA,0,0,0,NA,0,NA,NA,0,NA,NA,0,0,NA,NA,0,NA,0,0,0,0,0,0,NA,NA,0,0,0,0,0,0,0,0,0,0,0,NA,0,0,0,0,NA,0,0,0,0,0,NA,0,NA,0,0,0,0,NA,NA,0,0,0,0,0,0,NA,0,0,NA,NA,NA,NA,NA,NA,NA,NA,NA,NA,NA,NA
"245",1,NA,NA,1,NA,0,0,1,0,NA,NA,0,0,0,NA,0,0,NA,0,NA,NA,0,0,NA,NA,0,NA,0,0,0,0,0,0,NA,NA,0,0,0,0,0,0,0,0,0,0,0,NA,0,0,0,0,NA,0,0,0,0,0,NA,0,NA,0,0,0,0,NA,NA,0,0,0,0,0,0,NA,0,0,NA,NA,NA,NA,NA,NA,NA,NA,NA,NA,NA,NA
"246",1,NA,NA,1,1,0,0,NA,0,0,NA,0,0,0,NA,0,NA,NA,0,NA,NA,0,0,NA,NA,0,NA,0,0,0,0,0,0,NA,NA,0,0,0,0,0,0,0,0,0,0,0,NA,0,0,0,0,NA,0,0,0,0,0,NA,0,NA,0,0,0,0,NA,NA,0,0,0,0,0,0,NA,0,0,NA,NA,NA,NA,NA,NA,NA,NA,NA,NA,NA,NA
"247",1,NA,NA,0,NA,1,NA,1,1,NA,NA,0,0,0,NA,0,NA,0,0,NA,NA,0,0,NA,NA,0,NA,0,0,0,0,0,0,NA,NA,0,0,0,0,0,0,0,0,0,0,0,NA,0,0,0,0,NA,0,0,0,NA,0,NA,0,NA,0,0,0,0,NA,NA,0,0,0,0,0,0,NA,0,0,NA,NA,NA,NA,NA,NA,NA,NA,NA,NA,NA,NA
"248",1,NA,NA,0,1,1,0,NA,0,NA,NA,0,0,0,NA,0,0,0,0,NA,NA,0,0,NA,NA,0,NA,0,0,0,0,0,0,NA,NA,0,0,0,0,0,0,0,0,0,0,0,NA,0,0,0,0,NA,0,0,0,NA,0,NA,0,NA,0,0,0,0,NA,NA,0,0,0,0,0,0,NA,0,0,NA,NA,NA,NA,NA,NA,NA,NA,NA,NA,NA,NA
"249",1,NA,NA,0,NA,1,0,1,0,0,NA,0,0,0,NA,0,NA,0,0,NA,NA,0,0,NA,NA,0,NA,0,0,0,0,0,0,NA,NA,0,0,0,0,0,0,0,0,0,0,0,NA,0,0,0,0,NA,0,0,0,NA,0,NA,0,NA,0,0,0,0,NA,NA,0,0,0,0,0,0,NA,0,0,NA,NA,NA,NA,NA,NA,NA,NA,NA,NA,NA,NA
"250",1,NA,NA,0,0,1,NA,0,1,NA,NA,0,0,0,NA,0,0,0,0,NA,NA,0,0,NA,NA,0,NA,0,0,0,0,0,0,NA,NA,0,0,0,0,0,0,0,0,0,0,0,NA,0,0,0,0,NA,0,0,0,NA,0,NA,0,NA,0,0,0,0,NA,NA,0,0,0,0,0,0,NA,0,0,NA,NA,NA,NA,NA,NA,NA,NA,NA,NA,NA,NA
"251",1,NA,NA,0,NA,0,0,1,0,NA,NA,0,0,0,NA,0,NA,0,0,NA,NA,0,0,NA,NA,0,NA,0,0,0,0,0,0,NA,NA,0,0,0,0,0,0,0,0,0,0,0,NA,0,0,0,0,NA,0,0,0,0,0,NA,0,NA,0,0,0,0,NA,NA,0,0,0,0,0,0,NA,0,0,NA,NA,NA,NA,NA,NA,NA,NA,NA,NA,NA,NA
"252",1,NA,NA,0,1,1,1,NA,NA,NA,NA,0,0,0,NA,0,0,0,0,NA,NA,0,0,NA,NA,0,NA,0,0,0,0,0,0,NA,NA,0,0,0,0,0,0,0,0,0,0,0,NA,0,0,0,0,NA,0,0,0,NA,0,NA,0,NA,0,0,0,0,NA,NA,0,0,0,0,0,0,NA,0,0,NA,NA,NA,NA,NA,NA,NA,NA,NA,NA,NA,NA
"253",1,NA,NA,0,NA,1,NA,1,1,0,NA,0,0,0,NA,0,NA,0,0,NA,NA,0,0,NA,NA,0,NA,0,0,0,0,0,0,NA,NA,0,0,0,0,0,0,0,0,0,0,0,NA,0,0,0,0,NA,0,0,0,NA,0,NA,0,NA,0,0,0,0,NA,NA,0,0,0,0,0,0,NA,0,0,NA,NA,NA,NA,NA,NA,NA,NA,NA,NA,NA,NA
"254",1,NA,NA,1,NA,0,1,1,NA,NA,NA,0,0,0,NA,0,0,NA,0,NA,NA,0,0,NA,NA,0,NA,0,0,0,0,0,0,NA,NA,0,0,0,0,0,0,0,0,0,0,0,NA,0,0,0,0,NA,0,0,0,0,0,NA,0,NA,0,0,0,0,NA,NA,0,0,0,0,0,0,NA,0,0,NA,NA,NA,NA,NA,NA,NA,NA,NA,NA,NA,NA
"255",1,NA,NA,0,1,0,NA,NA,1,NA,NA,0,0,0,NA,0,NA,0,0,NA,NA,0,0,NA,NA,0,NA,0,0,0,0,0,0,NA,NA,0,0,0,0,0,0,0,0,0,0,0,NA,0,0,0,0,NA,0,0,0,0,0,NA,0,NA,0,0,0,0,NA,NA,0,0,0,0,0,0,NA,0,0,NA,NA,NA,NA,NA,NA,NA,NA,NA,NA,NA,NA
"256",1,NA,NA,0,NA,1,0,NA,0,NA,NA,0,0,0,NA,0,0,0,0,NA,NA,0,0,NA,NA,0,NA,0,0,0,0,0,0,NA,NA,0,0,0,0,0,0,0,0,0,0,0,NA,0,0,0,0,NA,0,0,0,NA,0,NA,0,NA,0,0,0,0,NA,NA,0,0,0,0,0,0,NA,0,0,NA,NA,NA,NA,NA,NA,NA,NA,NA,NA,NA,NA
"257",1,NA,NA,0,NA,0,0,1,0,0,NA,0,0,0,NA,0,NA,0,0,NA,NA,0,0,NA,NA,0,NA,0,0,0,0,0,0,NA,NA,0,0,0,0,0,0,0,0,0,0,0,NA,0,0,0,0,NA,0,0,0,0,0,NA,0,NA,0,0,0,0,NA,NA,0,0,0,0,0,0,NA,0,0,NA,NA,NA,NA,NA,NA,NA,NA,NA,NA,NA,NA
"258",1,NA,NA,0,NA,1,NA,1,1,NA,NA,0,0,0,NA,0,0,0,0,NA,NA,0,0,NA,NA,0,NA,0,0,0,0,0,0,NA,NA,0,0,0,0,0,0,0,0,0,0,0,NA,0,0,0,0,NA,0,0,0,NA,0,NA,0,NA,0,0,0,0,NA,NA,0,0,0,0,0,0,NA,0,0,NA,NA,NA,NA,NA,NA,NA,NA,NA,NA,NA,NA
"259",1,NA,NA,0,0,0,1,0,NA,NA,NA,0,0,0,NA,0,NA,0,0,NA,NA,0,0,NA,NA,0,NA,0,0,0,0,0,0,NA,NA,0,0,0,0,0,0,0,0,0,0,0,NA,0,0,0,0,NA,0,0,0,0,0,NA,0,NA,0,0,0,0,NA,NA,0,0,0,0,0,0,NA,0,0,NA,NA,NA,NA,NA,NA,NA,NA,NA,NA,NA,NA
"260",1,NA,NA,1,1,0,NA,NA,1,0,NA,0,0,0,NA,0,NA,NA,0,NA,NA,0,0,NA,NA,0,NA,0,0,0,0,0,0,NA,NA,0,0,0,0,0,0,0,0,0,0,0,NA,0,0,0,0,NA,0,0,0,0,0,NA,0,NA,0,0,0,0,NA,NA,0,0,0,0,0,0,NA,0,0,NA,NA,NA,NA,NA,NA,NA,NA,NA,NA,NA,NA
"261",1,NA,NA,0,0,1,1,0,NA,0,NA,0,0,0,NA,0,NA,0,0,NA,NA,0,0,NA,NA,0,NA,0,0,0,0,0,0,NA,NA,0,0,0,0,0,0,0,0,0,0,0,NA,0,0,0,0,NA,0,0,0,NA,0,NA,0,NA,0,0,0,0,NA,NA,0,0,0,0,0,0,NA,0,0,NA,NA,NA,NA,NA,NA,NA,NA,NA,NA,NA,NA
"262",1,NA,NA,1,1,0,0,NA,0,NA,NA,0,0,0,NA,0,0,NA,0,NA,NA,0,0,NA,NA,0,NA,0,0,0,0,0,0,NA,NA,0,0,0,0,0,0,0,0,0,0,0,NA,0,0,0,0,NA,0,0,0,0,0,NA,0,NA,0,0,0,0,NA,NA,0,0,0,0,0,0,NA,0,0,NA,NA,NA,NA,NA,NA,NA,NA,NA,NA,NA,NA
"263",1,NA,NA,1,0,1,NA,0,NA,0,NA,0,0,0,NA,0,NA,NA,0,NA,NA,0,0,NA,NA,0,NA,0,0,0,0,0,0,NA,NA,0,0,0,0,0,0,0,0,0,0,0,NA,0,0,0,0,NA,0,0,0,NA,0,NA,0,NA,0,0,0,0,NA,NA,0,0,0,0,0,0,NA,0,0,NA,NA,NA,NA,NA,NA,NA,NA,NA,NA,NA,NA
"264",1,NA,NA,0,1,0,0,NA,0,0,NA,0,0,0,NA,0,NA,0,0,NA,NA,0,0,NA,NA,0,NA,0,0,0,0,0,0,NA,NA,0,0,0,0,0,0,0,0,0,0,0,NA,0,0,0,0,NA,0,0,0,0,0,NA,0,NA,0,0,0,0,NA,NA,0,0,0,0,0,0,NA,0,0,NA,NA,NA,NA,NA,NA,NA,NA,NA,NA,NA,NA
"265",1,NA,NA,1,0,0,NA,0,NA,NA,NA,0,0,0,NA,0,0,NA,0,NA,NA,0,0,NA,NA,0,NA,0,0,0,0,0,0,NA,NA,0,0,0,0,0,0,0,0,0,0,0,NA,0,0,0,0,NA,0,0,0,0,0,NA,0,NA,0,0,0,0,NA,NA,0,0,0,0,0,0,NA,0,0,NA,NA,NA,NA,NA,NA,NA,NA,NA,NA,NA,NA
"266",1,NA,NA,0,NA,0,0,NA,0,NA,NA,0,0,0,NA,0,NA,0,0,NA,NA,0,0,NA,NA,0,NA,0,0,0,0,0,0,NA,NA,0,0,0,0,0,0,0,0,0,0,0,NA,0,0,0,0,NA,0,0,0,0,0,NA,0,NA,0,0,0,0,NA,NA,0,0,0,0,0,0,NA,0,0,NA,NA,NA,NA,NA,NA,NA,NA,NA,NA,NA,NA
"267",1,NA,NA,1,0,0,NA,0,NA,0,NA,0,0,0,NA,0,NA,NA,0,NA,NA,0,0,NA,NA,0,NA,0,0,0,0,0,0,NA,NA,0,0,0,0,0,0,0,0,0,0,0,NA,0,0,0,0,NA,0,0,0,0,0,NA,0,NA,0,0,0,0,NA,NA,0,0,0,0,0,0,NA,0,0,NA,NA,NA,NA,NA,NA,NA,NA,NA,NA,NA,NA
"268",1,NA,NA,0,NA,1,1,1,NA,NA,NA,0,0,0,NA,0,0,0,0,NA,NA,0,0,NA,NA,0,NA,0,0,0,0,0,0,NA,NA,0,0,0,0,0,0,0,0,0,0,0,NA,0,0,0,0,NA,0,0,0,NA,0,NA,0,NA,0,0,0,0,NA,NA,0,0,0,0,0,0,NA,0,0,NA,NA,NA,NA,NA,NA,NA,NA,NA,NA,NA,NA
"269",1,NA,NA,1,NA,1,0,1,0,0,NA,0,0,0,NA,0,0,NA,0,NA,NA,0,0,NA,NA,0,NA,0,0,0,0,0,0,NA,NA,0,0,0,0,0,0,0,0,0,0,0,NA,0,0,0,0,NA,0,0,0,NA,0,NA,0,NA,0,0,0,0,NA,NA,0,0,0,0,0,0,NA,0,0,NA,NA,NA,NA,NA,NA,NA,NA,NA,NA,NA,NA
"270",1,NA,NA,0,0,1,NA,0,1,0,NA,0,0,0,NA,0,0,0,0,NA,NA,0,0,NA,NA,0,NA,0,0,0,0,0,0,NA,NA,0,0,0,0,0,0,0,0,0,0,0,NA,0,0,0,0,NA,0,0,0,NA,0,NA,0,NA,0,0,0,0,NA,NA,0,0,0,0,0,0,NA,0,0,NA,NA,NA,NA,NA,NA,NA,NA,NA,NA,NA,NA
"271",1,NA,NA,1,NA,0,NA,1,1,NA,NA,0,0,0,NA,0,0,NA,0,NA,NA,0,0,NA,NA,0,NA,0,0,0,0,0,0,NA,NA,0,0,0,0,0,0,0,0,0,0,0,NA,0,0,0,0,NA,0,0,0,0,0,NA,0,NA,0,0,0,0,NA,NA,0,0,0,0,0,0,NA,0,0,NA,NA,NA,NA,NA,NA,NA,NA,NA,NA,NA,NA
"272",1,NA,NA,1,0,0,1,0,NA,0,NA,0,0,0,NA,0,0,NA,0,NA,NA,0,0,NA,NA,0,NA,0,0,0,0,0,0,NA,NA,0,0,0,0,0,0,0,0,0,0,0,NA,0,0,0,0,NA,0,0,0,0,0,NA,0,NA,0,0,0,0,NA,NA,0,0,0,0,0,0,NA,0,0,NA,NA,NA,NA,NA,NA,NA,NA,NA,NA,NA,NA
"273",1,NA,NA,0,1,1,NA,NA,1,0,NA,0,0,0,NA,0,NA,0,0,NA,NA,0,0,NA,NA,0,NA,0,0,0,0,0,0,NA,NA,0,0,0,0,0,0,0,0,0,0,0,NA,0,0,0,0,NA,0,0,0,NA,0,NA,0,NA,0,0,0,0,NA,NA,0,0,0,0,0,0,NA,0,0,NA,NA,NA,NA,NA,NA,NA,NA,NA,NA,NA,NA
"274",1,NA,NA,1,NA,0,0,1,0,0,NA,0,0,0,NA,0,0,NA,0,NA,NA,0,0,NA,NA,0,NA,0,0,0,0,0,0,NA,NA,0,0,0,0,0,0,0,0,0,0,0,NA,0,0,0,0,NA,0,0,0,0,0,NA,0,NA,0,0,0,0,NA,NA,0,0,0,0,0,0,NA,0,0,NA,NA,NA,NA,NA,NA,NA,NA,NA,NA,NA,NA
"275",1,NA,NA,1,0,1,NA,0,NA,0,NA,0,0,0,NA,0,0,NA,0,NA,NA,0,0,NA,NA,0,NA,0,0,0,0,0,0,NA,NA,0,0,0,0,0,0,0,0,0,0,0,NA,0,0,0,0,NA,0,0,0,NA,0,NA,0,NA,0,0,0,0,NA,NA,0,0,0,0,0,0,NA,0,0,NA,NA,NA,NA,NA,NA,NA,NA,NA,NA,NA,NA
"276",1,NA,NA,0,NA,1,0,1,0,0,NA,0,0,0,NA,0,0,0,0,NA,NA,0,0,NA,NA,0,NA,0,0,0,0,0,0,NA,NA,0,0,0,0,0,0,0,0,0,0,0,NA,0,0,0,0,NA,0,0,0,NA,0,NA,0,NA,0,0,0,0,NA,NA,0,0,0,0,0,0,NA,0,0,NA,NA,NA,NA,NA,NA,NA,NA,NA,NA,NA,NA
"277",1,NA,NA,0,1,1,NA,NA,1,NA,NA,0,0,0,NA,0,0,0,0,NA,NA,0,0,NA,NA,0,NA,0,0,0,0,0,0,NA,NA,0,0,0,0,0,0,0,0,0,0,0,NA,0,0,0,0,NA,0,0,0,NA,0,NA,0,NA,0,0,0,0,NA,NA,0,0,0,0,0,0,NA,0,0,NA,NA,NA,NA,NA,NA,NA,NA,NA,NA,NA,NA
"278",1,NA,NA,0,0,0,0,0,0,0,NA,0,0,0,NA,0,0,0,0,NA,NA,0,0,NA,NA,0,NA,0,0,0,0,0,0,NA,NA,0,0,0,0,0,0,0,0,0,0,0,NA,0,0,0,0,NA,0,0,0,0,0,NA,0,NA,0,0,0,0,NA,NA,0,0,0,0,0,0,NA,0,0,NA,NA,NA,NA,NA,NA,NA,NA,NA,NA,NA,NA
"279",1,NA,NA,1,NA,1,NA,1,1,0,NA,0,0,0,NA,0,0,NA,0,NA,NA,0,0,NA,NA,0,NA,0,0,0,0,0,0,NA,NA,0,0,0,0,0,0,0,0,0,0,0,NA,0,0,0,0,NA,0,0,0,NA,0,NA,0,NA,0,0,0,0,NA,NA,0,0,0,0,0,0,NA,0,0,NA,NA,NA,NA,NA,NA,NA,NA,NA,NA,NA,NA
"280",1,NA,NA,0,1,1,1,NA,NA,0,NA,0,0,0,NA,0,NA,0,0,NA,NA,0,0,NA,NA,0,NA,0,0,0,0,0,0,NA,NA,0,0,0,0,0,0,0,0,0,0,0,NA,0,0,0,0,NA,0,0,0,NA,0,NA,0,NA,0,0,0,0,NA,NA,0,0,0,0,0,0,NA,0,0,NA,NA,NA,NA,NA,NA,NA,NA,NA,NA,NA,NA
"281",1,NA,NA,0,NA,0,0,1,0,NA,NA,0,0,0,NA,0,0,0,0,NA,NA,0,0,NA,NA,0,NA,0,0,0,0,0,0,NA,NA,0,0,0,0,0,0,0,0,0,0,0,NA,0,0,0,0,NA,0,0,0,0,0,NA,0,NA,0,0,0,0,NA,NA,0,0,0,0,0,0,NA,0,0,NA,NA,NA,NA,NA,NA,NA,NA,NA,NA,NA,NA
"282",1,NA,NA,1,1,1,NA,NA,1,0,NA,0,0,0,NA,0,0,NA,0,NA,NA,0,0,NA,NA,0,NA,0,0,0,0,0,0,NA,NA,0,0,0,0,0,0,0,0,0,0,0,NA,0,0,0,0,NA,0,0,0,NA,0,NA,0,NA,0,0,0,0,NA,NA,0,0,0,0,0,0,NA,0,0,NA,NA,NA,NA,NA,NA,NA,NA,NA,NA,NA,NA
"283",1,NA,NA,1,NA,0,1,1,NA,0,NA,0,0,0,NA,0,NA,NA,0,NA,NA,0,0,NA,NA,0,NA,0,0,0,0,0,0,NA,NA,0,0,0,0,0,0,0,0,0,0,0,NA,0,0,0,0,NA,0,0,0,0,0,NA,0,NA,0,0,0,0,NA,NA,0,0,0,0,0,0,NA,0,0,NA,NA,NA,NA,NA,NA,NA,NA,NA,NA,NA,NA
"284",1,NA,NA,0,1,1,0,NA,0,0,NA,0,0,0,NA,0,0,0,0,NA,NA,0,0,NA,NA,0,NA,0,0,0,0,0,0,NA,NA,0,0,0,0,0,0,0,0,0,0,0,NA,0,0,0,0,NA,0,0,0,NA,0,NA,0,NA,0,0,0,0,NA,NA,0,0,0,0,0,0,NA,0,0,NA,NA,NA,NA,NA,NA,NA,NA,NA,NA,NA,NA
"285",1,NA,NA,1,1,0,1,NA,NA,0,NA,0,0,0,NA,0,NA,NA,0,NA,NA,0,0,NA,NA,0,NA,0,0,0,0,0,0,NA,NA,0,0,0,0,0,0,0,0,0,0,0,NA,0,0,0,0,NA,0,0,0,0,0,NA,0,NA,0,0,0,0,NA,NA,0,0,0,0,0,0,NA,0,0,NA,NA,NA,NA,NA,NA,NA,NA,NA,NA,NA,NA
"286",1,NA,NA,1,0,0,NA,0,1,0,NA,0,0,0,NA,0,0,NA,0,NA,NA,0,0,NA,NA,0,NA,0,0,0,0,0,0,NA,NA,0,0,0,0,0,0,0,0,0,0,0,NA,0,0,0,0,NA,0,0,0,0,0,NA,0,NA,0,0,0,0,NA,NA,0,0,0,0,0,0,NA,0,0,NA,NA,NA,NA,NA,NA,NA,NA,NA,NA,NA,NA
"287",1,NA,NA,1,1,0,1,NA,NA,NA,NA,0,0,0,NA,0,0,NA,0,NA,NA,0,0,NA,NA,0,NA,0,0,0,0,0,0,NA,NA,0,0,0,0,0,0,0,0,0,0,0,NA,0,0,0,0,NA,0,0,0,0,0,NA,0,NA,0,0,0,0,NA,NA,0,0,0,0,0,0,NA,0,0,NA,NA,NA,NA,NA,NA,NA,NA,NA,NA,NA,NA
"288",1,NA,NA,0,0,0,NA,0,1,NA,NA,0,0,0,NA,0,0,0,0,NA,NA,0,0,NA,NA,0,NA,0,0,0,0,0,0,NA,NA,0,0,0,0,0,0,0,0,0,0,0,NA,0,0,0,0,NA,0,0,0,0,0,NA,0,NA,0,0,0,0,NA,NA,0,0,0,0,0,0,NA,0,0,NA,NA,NA,NA,NA,NA,NA,NA,NA,NA,NA,NA
"289",1,NA,NA,1,1,0,0,NA,0,0,NA,0,0,0,NA,0,0,NA,0,NA,NA,0,0,NA,NA,0,NA,0,0,0,0,0,0,NA,NA,0,0,0,0,0,0,0,0,0,0,0,NA,0,0,0,0,NA,0,0,0,0,0,NA,0,NA,0,0,0,0,NA,NA,0,0,0,0,0,0,NA,0,0,NA,NA,NA,NA,NA,NA,NA,NA,NA,NA,NA,NA
"290",1,NA,NA,1,1,1,1,NA,NA,0,NA,0,0,0,NA,0,0,NA,0,NA,NA,0,0,NA,NA,0,NA,0,0,0,0,0,0,NA,NA,0,0,0,0,0,0,0,0,0,0,0,NA,0,0,0,0,NA,0,0,0,NA,0,NA,0,NA,0,0,0,0,NA,NA,0,0,0,0,0,0,NA,0,0,NA,NA,NA,NA,NA,NA,NA,NA,NA,NA,NA,NA
"291",1,NA,NA,0,NA,1,NA,1,1,0,NA,0,0,0,NA,0,0,0,0,NA,NA,0,0,NA,NA,0,NA,0,0,0,0,0,0,NA,NA,0,0,0,0,0,0,0,0,0,0,0,NA,0,0,0,0,NA,0,0,0,NA,0,NA,0,NA,0,0,0,0,NA,NA,0,0,0,0,0,0,NA,0,0,NA,NA,NA,NA,NA,NA,NA,NA,NA,NA,NA,NA
"292",1,NA,NA,1,NA,0,NA,1,1,0,NA,0,0,0,NA,0,NA,NA,0,NA,NA,0,0,NA,NA,0,NA,0,0,0,0,0,0,NA,NA,0,0,0,0,0,0,0,0,0,0,0,NA,0,0,0,0,NA,0,0,0,0,0,NA,0,NA,0,0,0,0,NA,NA,0,0,0,0,0,0,NA,0,0,NA,NA,NA,NA,NA,NA,NA,NA,NA,NA,NA,NA
"293",1,NA,NA,0,1,1,NA,NA,1,0,NA,0,0,0,NA,0,0,0,0,NA,NA,0,0,NA,NA,0,NA,0,0,0,0,0,0,NA,NA,0,0,0,0,0,0,0,0,0,0,0,NA,0,0,0,0,NA,0,0,0,NA,0,NA,0,NA,0,0,0,0,NA,NA,0,0,0,0,0,0,NA,0,0,NA,NA,NA,NA,NA,NA,NA,NA,NA,NA,NA,NA
"294",1,NA,NA,0,0,0,1,0,NA,0,NA,0,0,0,NA,0,NA,0,0,NA,NA,0,0,NA,NA,0,NA,0,0,0,0,0,0,NA,NA,0,0,0,0,0,0,0,0,0,0,0,NA,0,0,0,0,NA,0,0,0,0,0,NA,0,NA,0,0,0,0,NA,NA,0,0,0,0,0,0,NA,0,0,NA,NA,NA,NA,NA,NA,NA,NA,NA,NA,NA,NA
"295",1,NA,NA,0,0,0,1,0,NA,NA,NA,0,0,0,NA,0,0,0,0,NA,NA,0,0,NA,NA,0,NA,0,0,0,0,0,0,NA,NA,0,0,0,0,0,0,0,0,0,0,0,NA,0,0,0,0,NA,0,0,0,0,0,NA,0,NA,0,0,0,0,NA,NA,0,0,0,0,0,0,NA,0,0,NA,NA,NA,NA,NA,NA,NA,NA,NA,NA,NA,NA
"296",1,NA,NA,0,1,0,NA,NA,1,0,NA,0,0,0,NA,0,NA,0,0,NA,NA,0,0,NA,NA,0,NA,0,0,0,0,0,0,NA,NA,0,0,0,0,0,0,0,0,0,0,0,NA,0,0,0,0,NA,0,0,0,0,0,NA,0,NA,0,0,0,0,NA,NA,0,0,0,0,0,0,NA,0,0,NA,NA,NA,NA,NA,NA,NA,NA,NA,NA,NA,NA
"297",1,NA,NA,1,NA,1,1,1,NA,0,NA,0,0,0,NA,0,0,NA,0,NA,NA,0,0,NA,NA,0,NA,0,0,0,0,0,0,NA,NA,0,0,0,0,0,0,0,0,0,0,0,NA,0,0,0,0,NA,0,0,0,NA,0,NA,0,NA,0,0,0,0,NA,NA,0,0,0,0,0,0,NA,0,0,NA,NA,NA,NA,NA,NA,NA,NA,NA,NA,NA,NA
"298",1,NA,NA,0,0,0,NA,0,1,0,NA,0,0,0,NA,0,0,0,0,NA,NA,0,0,NA,NA,0,NA,0,0,0,0,0,0,NA,NA,0,0,0,0,0,0,0,0,0,0,0,NA,0,0,0,0,NA,0,0,0,0,0,NA,0,NA,0,0,0,0,NA,NA,0,0,0,0,0,0,NA,0,0,NA,NA,NA,NA,NA,NA,NA,NA,NA,NA,NA,NA
"299",1,NA,NA,1,1,0,NA,NA,1,NA,NA,0,0,0,NA,0,0,NA,0,NA,NA,0,0,NA,NA,0,NA,0,0,0,0,0,0,NA,NA,0,0,0,0,0,0,0,0,0,0,0,NA,0,0,0,0,NA,0,0,0,0,0,NA,0,NA,0,0,0,0,NA,NA,0,0,0,0,0,0,NA,0,0,NA,NA,NA,NA,NA,NA,NA,NA,NA,NA,NA,NA
"300",1,NA,NA,1,NA,0,NA,1,1,0,NA,0,0,0,NA,0,0,NA,0,NA,NA,0,0,NA,NA,0,NA,0,0,0,0,0,0,NA,NA,0,0,0,0,0,0,0,0,0,0,0,NA,0,0,0,0,NA,0,0,0,0,0,NA,0,NA,0,0,0,0,NA,NA,0,0,0,0,0,0,NA,0,0,NA,NA,NA,NA,NA,NA,NA,NA,NA,NA,NA,NA
"301",1,NA,NA,0,NA,0,1,1,NA,NA,NA,0,0,0,NA,0,NA,0,0,NA,NA,0,0,NA,NA,0,NA,0,0,0,0,0,0,NA,NA,0,0,0,0,0,0,0,0,0,0,0,NA,0,0,0,0,NA,0,0,0,0,0,NA,0,NA,0,0,0,0,NA,NA,0,0,0,0,0,0,NA,0,0,NA,NA,NA,NA,NA,NA,NA,NA,NA,NA,NA,NA
"302",1,NA,NA,0,0,1,NA,0,NA,0,NA,0,0,0,NA,0,NA,0,0,NA,NA,0,0,NA,NA,0,NA,0,0,0,0,0,0,NA,NA,0,0,0,0,0,0,0,0,0,0,0,NA,0,0,0,0,NA,0,0,0,NA,0,NA,0,NA,0,0,0,0,NA,NA,0,0,0,0,0,0,NA,0,0,NA,NA,NA,NA,NA,NA,NA,NA,NA,NA,NA,NA
"303",1,NA,NA,0,1,0,1,NA,NA,NA,NA,0,0,0,NA,0,NA,0,0,NA,NA,0,0,NA,NA,0,NA,0,0,0,0,0,0,NA,NA,0,0,0,0,0,0,0,0,0,0,0,NA,0,0,0,0,NA,0,0,0,0,0,NA,0,NA,0,0,0,0,NA,NA,0,0,0,0,0,0,NA,0,0,NA,NA,NA,NA,NA,NA,NA,NA,NA,NA,NA,NA
"304",1,NA,NA,0,0,1,1,0,NA,0,NA,0,0,0,NA,0,0,0,0,NA,NA,0,0,NA,NA,0,NA,0,0,0,0,0,0,NA,NA,0,0,0,0,0,0,0,0,0,0,0,NA,0,0,0,0,NA,0,0,0,NA,0,NA,0,NA,0,0,0,0,NA,NA,0,0,0,0,0,0,NA,0,0,NA,NA,NA,NA,NA,NA,NA,NA,NA,NA,NA,NA
"305",1,NA,NA,0,NA,0,NA,1,1,NA,NA,0,0,0,NA,0,NA,0,0,NA,NA,0,0,NA,NA,0,NA,0,0,0,0,0,0,NA,NA,0,0,0,0,0,0,0,0,0,0,0,NA,0,0,0,0,NA,0,0,0,0,0,NA,0,NA,0,0,0,0,NA,NA,0,0,0,0,0,0,NA,0,0,NA,NA,NA,NA,NA,NA,NA,NA,NA,NA,NA,NA
"306",1,NA,NA,1,NA,0,1,1,NA,0,NA,0,0,0,NA,0,0,NA,0,NA,NA,0,0,NA,NA,0,NA,0,0,0,0,0,0,NA,NA,0,0,0,0,0,0,0,0,0,0,0,NA,0,0,0,0,NA,0,0,0,0,0,NA,0,NA,0,0,0,0,NA,NA,0,0,0,0,0,0,NA,0,0,NA,NA,NA,NA,NA,NA,NA,NA,NA,NA,NA,NA
"307",1,NA,NA,0,0,1,NA,0,NA,0,NA,0,0,0,NA,0,0,0,0,NA,NA,0,0,NA,NA,0,NA,0,0,0,0,0,0,NA,NA,0,0,0,0,0,0,0,0,0,0,0,NA,0,0,0,0,NA,0,0,0,NA,0,NA,0,NA,0,0,0,0,NA,NA,0,0,0,0,0,0,NA,0,0,NA,NA,NA,NA,NA,NA,NA,NA,NA,NA,NA,NA
"308",1,NA,NA,0,1,0,1,NA,NA,0,NA,0,0,0,NA,0,NA,0,0,NA,NA,0,0,NA,NA,0,NA,0,0,0,0,0,0,NA,NA,0,0,0,0,0,0,0,0,0,0,0,NA,0,0,0,0,NA,0,0,0,0,0,NA,0,NA,0,0,0,0,NA,NA,0,0,0,0,0,0,NA,0,0,NA,NA,NA,NA,NA,NA,NA,NA,NA,NA,NA,NA
"309",1,NA,NA,0,NA,1,1,1,NA,0,NA,0,0,0,NA,0,NA,0,0,NA,NA,0,0,NA,NA,0,NA,0,0,0,0,0,0,NA,NA,0,0,0,0,0,0,0,0,0,0,0,NA,0,0,0,0,NA,0,0,0,NA,0,NA,0,NA,0,0,0,0,NA,NA,0,0,0,0,0,0,NA,0,0,NA,NA,NA,NA,NA,NA,NA,NA,NA,NA,NA,NA
"310",1,NA,NA,0,0,0,NA,0,NA,0,NA,0,0,0,NA,0,NA,0,0,NA,NA,0,0,NA,NA,0,NA,0,0,0,0,0,0,NA,NA,0,0,0,0,0,0,0,0,0,0,0,NA,0,0,0,0,NA,0,0,0,0,0,NA,0,NA,0,0,0,0,NA,NA,0,0,0,0,0,0,NA,0,0,NA,NA,NA,NA,NA,NA,NA,NA,NA,NA,NA,NA
"311",1,NA,NA,0,NA,0,NA,1,1,NA,NA,0,0,0,NA,0,0,0,0,NA,NA,0,0,NA,NA,0,NA,0,0,0,0,0,0,NA,NA,0,0,0,0,0,0,0,0,0,0,0,NA,0,0,0,0,NA,0,0,0,0,0,NA,0,NA,0,0,0,0,NA,NA,0,0,0,0,0,0,NA,0,0,NA,NA,NA,NA,NA,NA,NA,NA,NA,NA,NA,NA
"312",1,NA,NA,0,NA,0,1,1,NA,0,NA,0,0,0,NA,0,NA,0,0,NA,NA,0,0,NA,NA,0,NA,0,0,0,0,0,0,NA,NA,0,0,0,0,0,0,0,0,0,0,0,NA,0,0,0,0,NA,0,0,0,0,0,NA,0,NA,0,0,0,0,NA,NA,0,0,0,0,0,0,NA,0,0,NA,NA,NA,NA,NA,NA,NA,NA,NA,NA,NA,NA
"313",1,NA,NA,0,NA,0,NA,1,1,0,NA,0,0,0,NA,0,NA,0,0,NA,NA,0,0,NA,NA,0,NA,0,0,0,0,0,0,NA,NA,0,0,0,0,0,0,0,0,0,0,0,NA,0,0,0,0,NA,0,0,0,0,0,NA,0,NA,0,0,0,0,NA,NA,0,0,0,0,0,0,NA,0,0,NA,NA,NA,NA,NA,NA,NA,NA,NA,NA,NA,NA
"314",1,NA,NA,0,NA,0,0,1,0,0,NA,0,0,0,NA,0,0,0,0,NA,NA,0,0,NA,NA,0,NA,0,0,0,0,0,0,NA,NA,0,0,0,0,0,0,0,0,0,0,0,NA,0,0,0,0,NA,0,0,0,0,0,NA,0,NA,0,0,0,0,NA,NA,0,0,0,0,0,0,NA,0,0,NA,NA,NA,NA,NA,NA,NA,NA,NA,NA,NA,NA
"315",1,NA,NA,0,1,1,1,NA,NA,0,NA,0,0,0,NA,0,0,0,0,NA,NA,0,0,NA,NA,0,NA,0,0,0,0,0,0,NA,NA,0,0,0,0,0,0,0,0,0,0,0,NA,0,0,0,0,NA,0,0,0,NA,0,NA,0,NA,0,0,0,0,NA,NA,0,0,0,0,0,0,NA,0,0,NA,NA,NA,NA,NA,NA,NA,NA,NA,NA,NA,NA
"316",1,NA,NA,1,1,0,NA,NA,1,0,NA,0,0,0,NA,0,0,NA,0,NA,NA,0,0,NA,NA,0,NA,0,0,0,0,0,0,NA,NA,0,0,0,0,0,0,0,0,0,0,0,NA,0,0,0,0,NA,0,0,0,0,0,NA,0,NA,0,0,0,0,NA,NA,0,0,0,0,0,0,NA,0,0,NA,NA,NA,NA,NA,NA,NA,NA,NA,NA,NA,NA
"317",1,NA,NA,1,1,0,1,NA,NA,0,NA,0,0,0,NA,0,0,NA,0,NA,NA,0,0,NA,NA,0,NA,0,0,0,0,0,0,NA,NA,0,0,0,0,0,0,0,0,0,0,0,NA,0,0,0,0,NA,0,0,0,0,0,NA,0,NA,0,0,0,0,NA,NA,0,0,0,0,0,0,NA,0,0,NA,NA,NA,NA,NA,NA,NA,NA,NA,NA,NA,NA
"318",1,NA,NA,0,NA,0,NA,1,1,0,NA,0,0,0,NA,0,0,0,0,NA,NA,0,0,NA,NA,0,NA,0,0,0,0,0,0,NA,NA,0,0,0,0,0,0,0,0,0,0,0,NA,0,0,0,0,NA,0,0,0,0,0,NA,0,NA,0,0,0,0,NA,NA,0,0,0,0,0,0,NA,0,0,NA,NA,NA,NA,NA,NA,NA,NA,NA,NA,NA,NA
"319",1,NA,NA,0,1,0,0,NA,0,NA,NA,0,0,0,NA,0,0,0,0,NA,NA,0,0,NA,NA,0,NA,0,0,0,0,0,0,NA,NA,0,0,0,0,0,0,0,0,0,0,0,NA,0,0,0,0,NA,0,0,0,0,0,NA,0,NA,0,0,0,0,NA,NA,0,0,0,0,0,0,NA,0,0,NA,NA,NA,NA,NA,NA,NA,NA,NA,NA,NA,NA
"320",0,1,NA,0,NA,0,NA,0,0,0,0,0,0,NA,0,0,0,0,NA,0,0,0,NA,0,NA,0,0,0,0,0,0,0,NA,0,0,0,NA,0,0,0,0,0,0,0,0,0,0,0,0,0,NA,0,0,0,0,0,0,0,0,0,0,0,0,0,0,0,0,0,0,0,0,NA,0,0,0,NA,NA,NA,NA,NA,NA,NA,NA,NA,NA,NA,NA
"321",1,NA,NA,1,NA,0,0,NA,0,0,NA,0,0,0,NA,0,0,NA,0,NA,NA,0,0,NA,NA,0,NA,0,0,0,0,0,0,NA,NA,0,0,0,0,0,0,0,0,0,0,0,NA,0,0,0,0,NA,0,0,0,0,0,NA,0,NA,0,0,0,0,NA,NA,0,0,0,0,0,0,NA,0,0,NA,NA,NA,NA,NA,NA,NA,NA,NA,NA,NA,NA
"322",1,NA,NA,0,0,0,1,0,NA,0,NA,0,0,0,NA,0,0,0,0,NA,NA,0,0,NA,NA,0,NA,0,0,0,0,0,0,NA,NA,0,0,0,0,0,0,0,0,0,0,0,NA,0,0,0,0,NA,0,0,0,0,0,NA,0,NA,0,0,0,0,NA,NA,0,0,0,0,0,0,NA,0,0,NA,NA,NA,NA,NA,NA,NA,NA,NA,NA,NA,NA
"323",1,NA,NA,0,1,0,1,NA,NA,NA,NA,0,0,0,NA,0,0,0,0,NA,NA,0,0,NA,NA,0,NA,0,0,0,0,0,0,NA,NA,0,0,0,0,0,0,0,0,0,0,0,NA,0,0,0,0,NA,0,0,0,0,0,NA,0,NA,0,0,0,0,NA,NA,0,0,0,0,0,0,NA,0,0,NA,NA,NA,NA,NA,NA,NA,NA,NA,NA,NA,NA
"324",1,NA,NA,0,1,0,0,NA,0,0,NA,0,0,0,NA,0,0,0,0,NA,NA,0,0,NA,NA,0,NA,0,0,0,0,0,0,NA,NA,0,0,0,0,0,0,0,0,0,0,0,NA,0,0,0,0,NA,0,0,0,0,0,NA,0,NA,0,0,0,0,NA,NA,0,0,0,0,0,0,NA,0,0,NA,NA,NA,NA,NA,NA,NA,NA,NA,NA,NA,NA
"325",1,NA,NA,0,NA,0,0,NA,0,NA,NA,0,0,0,NA,0,0,0,0,NA,NA,0,0,NA,NA,0,NA,0,0,0,0,0,0,NA,NA,0,0,0,0,0,0,0,0,0,0,0,NA,0,0,0,0,NA,0,0,0,0,0,NA,0,NA,0,0,0,0,NA,NA,0,0,0,0,0,0,NA,0,0,NA,NA,NA,NA,NA,NA,NA,NA,NA,NA,NA,NA
"326",1,NA,NA,0,NA,0,1,1,NA,NA,NA,0,0,0,NA,0,0,0,0,NA,NA,0,0,NA,NA,0,NA,0,0,0,0,0,0,NA,NA,0,0,0,0,0,0,0,0,0,0,0,NA,0,0,0,0,NA,0,0,0,0,0,NA,0,NA,0,0,0,0,NA,NA,0,0,0,0,0,0,NA,0,0,NA,NA,NA,NA,NA,NA,NA,NA,NA,NA,NA,NA
"327",1,NA,NA,0,NA,0,0,NA,0,0,NA,0,0,0,NA,0,0,0,0,NA,NA,0,0,NA,NA,0,NA,0,0,0,0,0,0,NA,NA,0,0,0,0,0,0,0,0,0,0,0,NA,0,0,0,0,NA,0,0,0,0,0,NA,0,NA,0,0,0,0,NA,NA,0,0,0,0,0,0,NA,0,0,NA,NA,NA,NA,NA,NA,NA,NA,NA,NA,NA,NA
"328",1,NA,NA,0,NA,1,1,1,NA,0,NA,0,0,0,NA,0,0,0,0,NA,NA,0,0,NA,NA,0,NA,0,0,0,0,0,0,NA,NA,0,0,0,0,0,0,0,0,0,0,0,NA,0,0,0,0,NA,0,0,0,NA,0,NA,0,NA,0,0,0,0,NA,NA,0,0,0,0,0,0,NA,0,0,NA,NA,NA,NA,NA,NA,NA,NA,NA,NA,NA,NA
"329",1,NA,NA,0,1,0,1,NA,NA,0,NA,0,0,0,NA,0,0,0,0,NA,NA,0,0,NA,NA,0,NA,0,0,0,0,0,0,NA,NA,0,0,0,0,0,0,0,0,0,0,0,NA,0,0,0,0,NA,0,0,0,0,0,NA,0,NA,0,0,0,0,NA,NA,0,0,0,0,0,0,NA,0,0,NA,NA,NA,NA,NA,NA,NA,NA,NA,NA,NA,NA
"330",1,NA,NA,0,NA,0,1,1,NA,0,NA,0,0,0,NA,0,0,0,0,NA,NA,0,0,NA,NA,0,NA,0,0,0,0,0,0,NA,NA,0,0,0,0,0,0,0,0,0,0,0,NA,0,0,0,0,NA,0,0,0,0,0,NA,0,NA,0,0,0,0,NA,NA,0,0,0,0,0,0,NA,0,0,NA,NA,NA,NA,NA,NA,NA,NA,NA,NA,NA,NA
"331",1,NA,NA,0,1,0,NA,NA,1,NA,NA,0,0,0,NA,0,0,0,0,NA,NA,0,0,NA,NA,0,NA,0,0,0,0,0,0,NA,NA,0,0,0,0,0,0,0,0,0,0,0,NA,0,0,0,0,NA,0,0,0,0,0,NA,0,NA,0,0,0,0,NA,NA,0,0,0,0,0,0,NA,0,0,NA,NA,NA,NA,NA,NA,NA,NA,NA,NA,NA,NA
"332",NA,1,0,0,NA,0,NA,0,0,0,0,NA,NA,NA,0,0,0,0,NA,0,0,0,NA,0,0,0,0,0,0,0,0,0,0,0,NA,0,NA,0,0,0,0,0,0,0,0,0,0,NA,0,0,NA,0,0,0,0,0,0,0,0,0,0,0,0,0,0,0,0,0,0,0,0,NA,0,0,NA,NA,NA,NA,NA,NA,NA,NA,NA,NA,NA,NA,NA
"333",1,NA,NA,0,1,0,NA,NA,1,0,NA,0,0,0,NA,0,0,0,0,NA,NA,0,0,NA,NA,0,NA,0,0,0,0,0,0,NA,NA,0,0,0,0,0,0,0,0,0,0,0,NA,0,0,0,0,NA,0,0,0,0,0,NA,0,NA,0,0,0,0,NA,NA,0,0,0,0,0,0,NA,0,0,NA,NA,NA,NA,NA,NA,NA,NA,NA,NA,NA,NA
"334",NA,1,0,0,NA,0,NA,0,0,0,0,0,0,NA,0,0,0,0,NA,0,NA,0,NA,0,0,0,0,0,0,0,0,0,NA,0,0,0,NA,0,0,0,0,0,0,0,0,0,0,NA,0,0,NA,0,0,0,0,0,0,0,0,0,0,0,0,0,0,0,0,0,0,0,0,NA,0,0,0,NA,NA,NA,NA,NA,NA,NA,NA,NA,NA,NA,NA
"335",NA,1,1,0,NA,0,NA,0,0,0,0,0,0,NA,0,0,0,0,0,0,0,NA,NA,0,NA,0,0,0,0,0,0,0,0,0,0,0,NA,0,0,0,0,0,0,0,0,0,0,NA,0,0,NA,0,0,0,0,0,0,NA,0,NA,0,0,0,0,0,0,0,0,0,0,0,0,0,0,0,NA,NA,NA,NA,NA,NA,NA,NA,NA,NA,NA,NA
"336",NA,1,1,0,NA,0,NA,0,0,0,0,0,0,NA,0,0,0,0,NA,0,0,NA,NA,0,0,0,0,0,0,0,0,0,NA,0,0,0,NA,0,0,0,0,0,0,0,0,0,0,NA,0,0,NA,0,0,0,0,0,0,0,0,0,0,0,0,0,0,0,0,0,0,0,0,NA,0,0,0,NA,NA,NA,NA,NA,NA,NA,NA,NA,NA,NA,NA
"337",0,1,NA,0,NA,0,NA,0,0,0,0,0,NA,NA,0,0,0,0,NA,0,NA,0,NA,0,0,0,0,0,0,0,0,0,0,NA,NA,0,NA,0,0,0,0,0,0,0,0,0,0,0,0,0,NA,0,0,0,0,0,0,0,0,0,0,0,0,0,0,0,0,0,0,0,0,NA,0,0,NA,NA,NA,NA,NA,NA,NA,NA,NA,NA,NA,NA,NA
"338",NA,1,0,0,NA,0,NA,0,0,0,0,0,NA,NA,0,0,0,0,NA,0,0,0,NA,0,NA,0,0,0,0,0,0,0,0,0,NA,0,NA,0,0,0,0,0,0,0,0,0,0,NA,0,0,NA,0,0,0,0,0,0,0,0,0,0,0,0,0,0,0,0,0,0,0,0,NA,0,0,NA,NA,NA,NA,NA,NA,NA,NA,NA,NA,NA,NA,NA
"339",NA,1,0,0,NA,0,NA,0,0,0,0,0,NA,NA,0,0,0,0,NA,0,0,0,NA,0,0,0,0,0,0,0,0,0,0,0,NA,0,NA,0,0,0,0,0,0,0,0,0,0,NA,0,0,NA,0,0,0,0,0,0,0,0,0,0,0,0,0,0,0,0,0,0,0,0,NA,0,0,NA,NA,NA,NA,NA,NA,NA,NA,NA,NA,NA,NA,NA
"340",0,1,NA,0,NA,0,NA,0,0,0,0,0,NA,NA,0,0,0,0,NA,0,0,0,NA,0,0,0,0,0,0,0,0,0,0,NA,NA,0,NA,0,0,0,0,0,0,0,0,0,0,0,0,0,NA,0,0,0,0,0,0,0,0,0,0,0,0,0,0,0,0,0,0,0,0,NA,0,0,NA,NA,NA,NA,NA,NA,NA,NA,NA,NA,NA,NA,NA
"341",0.987654320987654,0.75,0.5,0.470588235294118,0.470588235294118,0.470588235294118,0.457142857142857,0.428571428571429,0.417391304347826,0,0,0,0,0,0,0,0,0,0,0,0,0,0,0,0,0,0,0,0,0,0,0,0,0,0,0,0,0,0,0,0,0,0,0,0,0,0,0,0,0,0,0,0,0,0,0,0,0,0,0,0,0,0,0,0,0,0,0,0,0,0,0,0,0,0,NA,NA,NA,NA,NA,NA,NA,NA,NA,NA,NA,NA
"342",0.952941176470588,0.0588235294117647,0.0470588235294118,1,0.6,1,0.617647058823529,0.658823529411765,0.676470588235294,0.529411764705882,0.0588235294117647,0.976470588235294,0.976470588235294,0.941176470588235,0.0588235294117647,1,0.529411764705882,0.529411764705882,0.961764705882353,0.0588235294117647,0.0294117647058824,0.976470588235294,0.941176470588235,0.0588235294117647,0.0294117647058824,1,0.0588235294117647,1,1,1,1,1,0.985294117647059,0.05,0.0352941176470588,1,0.941176470588235,1,1,1,1,0.529411764705882,1,0.529411764705882,1,1,0.0588235294117647,0.952941176470588,1,1,0.941176470588235,0.0588235294117647,1,1,1,0.529411764705882,1,0.0382352941176471,1,0.0382352941176471,1,1,1,1,0.0588235294117647,0.0588235294117647,1,1,1,1,1,0.961764705882353,0.0588235294117647,1,0.976470588235294,0,0,0,0,0,0,0,0,0,0,0,0
