"","phoB","cra","crp","fnr","fis","fur","oxyR","hns","cspA","fhlA","rcsB","arcA","soxS","gadE","fliZ","gadX","leuO","marA","ompR","evgA","bglJ","ydeO","gadW","rob","narL","soxR","hdfR","stpA","csgD","yjjQ","mlrA","marR","glnG","ptsG","rhaR","galR","mlc","rhaS","pdhR","srlR","uxuR","argP","galS","nac","gutM","exuR","mazF","adiY","flhD","flhC","dcuR","metJ","zraR","dnaA","metR","cusR","puuR","yiaJ","putA","melR","araC","yqjI","malI","idnR","pdeL","purR","prpR","fucR","tdcA","lsrR","hyfR","yeiL","dpiA","nikR","aidB","rbsR","betI","lldR","rcsA","lrp","xylR","mazE","asnC","cadC","mraZ","glcC","nhaR"
"1",1,NA,NA,0,NA,NA,NA,0,0,0,0,0,0,NA,NA,NA,NA,NA,NA,0,0,0,0,0,NA,0,0,0,0,0,0,0,NA,NA,NA,0,0,0,0,NA,0,0,NA,0,NA,0,NA,0,NA,NA,0,0,0,0,0,0,0,0,NA,NA,NA,0,0,0,0,0,0,NA,0,0,NA,0,NA,0,0,NA,NA,NA,NA,NA,NA,NA,NA,NA,NA,NA,NA
"2",0,NA,NA,0,NA,NA,NA,0,NA,0,NA,0,0,0,NA,NA,NA,NA,NA,0,NA,NA,NA,0,NA,0,NA,NA,NA,NA,0,0,NA,NA,NA,0,0,0,0,NA,0,0,NA,0,0,0,NA,NA,NA,0,0,0,0,0,0,NA,0,0,NA,NA,NA,0,0,0,0,0,0,NA,0,0,NA,0,NA,0,0,NA,NA,NA,NA,NA,NA,NA,NA,NA,NA,NA,NA
"3",NA,1,1,NA,1,1,1,1,1,1,NA,NA,0,NA,0,NA,0,0,0,0,0,NA,NA,0,0,0,NA,NA,0,0,NA,0,0,0,0,NA,0,0,0,0,0,NA,0,0,0,NA,0,NA,0,0,NA,NA,0,0,0,NA,0,NA,0,0,0,0,0,0,0,NA,0,0,0,0,0,0,NA,0,0,0,0,0,NA,NA,NA,NA,NA,NA,NA,NA,NA
"4",NA,1,1,NA,1,1,1,1,1,1,NA,NA,0,NA,0,NA,0,0,0,0,0,NA,NA,0,0,0,NA,NA,0,0,NA,0,0,0,0,NA,0,0,0,0,0,NA,0,0,0,NA,0,NA,0,0,NA,NA,0,0,0,NA,0,NA,0,NA,0,0,0,0,0,NA,0,0,0,0,0,0,NA,0,0,0,0,0,NA,NA,NA,NA,NA,NA,NA,NA,NA
"5",NA,1,1,NA,0,1,1,0,0,1,NA,NA,0,NA,0,NA,NA,0,0,0,NA,NA,NA,0,0,0,NA,NA,0,NA,NA,0,0,0,0,NA,0,0,0,0,0,NA,0,0,0,NA,0,NA,0,0,NA,NA,0,0,0,NA,0,NA,0,0,0,0,0,0,0,NA,0,0,0,0,0,0,NA,0,0,0,0,0,NA,NA,NA,NA,NA,NA,NA,NA,NA
"6",NA,1,1,NA,1,0,0,1,1,0,NA,NA,0,NA,0,NA,0,0,0,0,0,NA,NA,0,0,0,NA,NA,0,0,NA,0,0,0,0,NA,0,0,0,0,0,NA,0,0,0,NA,0,NA,0,0,NA,NA,0,0,0,NA,0,NA,0,0,0,0,0,0,0,NA,0,0,0,0,NA,0,NA,0,0,0,0,0,NA,NA,NA,NA,NA,NA,NA,NA,NA
"7",NA,1,1,NA,1,1,1,1,1,1,NA,NA,0,NA,0,NA,0,0,0,NA,0,NA,NA,0,0,0,NA,NA,0,0,NA,0,0,0,0,NA,0,0,0,0,0,NA,0,0,0,NA,0,NA,0,0,NA,NA,0,0,0,NA,0,NA,0,0,0,0,0,0,0,NA,0,0,0,0,0,0,NA,0,0,0,0,0,NA,NA,NA,NA,NA,NA,NA,NA,NA
"8",NA,1,1,NA,1,1,1,1,1,NA,NA,NA,0,NA,0,NA,0,0,0,0,0,NA,NA,0,0,0,NA,NA,0,0,NA,0,0,0,0,NA,0,0,0,0,0,NA,0,0,0,NA,0,NA,0,0,NA,NA,0,0,0,NA,0,NA,0,0,0,0,0,0,0,NA,0,0,0,0,NA,0,NA,0,0,0,0,0,NA,NA,NA,NA,NA,NA,NA,NA,NA
"9",NA,1,1,NA,1,1,1,1,1,1,NA,NA,0,NA,0,NA,0,0,0,0,0,NA,NA,0,0,0,NA,NA,0,0,NA,0,0,0,0,NA,0,0,0,0,0,NA,0,0,0,NA,0,NA,0,0,NA,NA,0,0,0,NA,0,NA,0,0,0,0,0,0,NA,NA,0,0,0,0,0,0,NA,0,0,0,0,0,NA,NA,NA,NA,NA,NA,NA,NA,NA
"10",NA,1,1,NA,1,0,0,1,1,0,NA,NA,0,NA,0,NA,0,0,0,0,0,NA,NA,0,0,0,NA,NA,0,0,NA,0,0,0,0,NA,0,0,0,0,0,NA,0,0,0,NA,0,NA,0,0,NA,NA,0,0,0,NA,0,NA,0,0,0,0,0,0,NA,NA,0,0,0,0,NA,0,NA,0,0,0,0,0,NA,NA,NA,NA,NA,NA,NA,NA,NA
"11",NA,1,1,NA,1,1,1,1,1,1,NA,NA,0,NA,0,NA,0,0,0,0,0,NA,NA,0,0,0,NA,NA,0,0,NA,0,0,0,0,NA,0,0,0,0,0,NA,0,0,0,NA,0,NA,0,0,NA,NA,0,0,0,NA,0,NA,0,NA,0,0,0,0,NA,NA,0,0,0,0,0,0,NA,0,0,0,0,0,NA,NA,NA,NA,NA,NA,NA,NA,NA
"12",NA,1,1,NA,1,1,1,1,1,1,NA,NA,0,NA,0,NA,0,0,0,NA,0,NA,NA,0,0,0,NA,NA,0,0,NA,0,0,0,0,NA,0,0,0,0,0,NA,0,0,0,NA,0,NA,0,0,NA,NA,0,0,0,NA,0,NA,0,0,0,0,0,0,NA,NA,0,0,0,0,0,0,NA,0,0,0,0,0,NA,NA,NA,NA,NA,NA,NA,NA,NA
"13",NA,1,1,NA,1,1,1,1,1,1,NA,NA,0,NA,0,NA,0,0,0,0,0,NA,NA,0,0,0,NA,NA,0,0,NA,0,0,0,0,NA,0,0,0,0,0,NA,0,0,0,NA,0,NA,0,0,NA,NA,0,0,0,NA,0,NA,0,0,0,0,0,0,0,NA,0,NA,0,0,0,0,NA,0,0,0,0,0,NA,NA,NA,NA,NA,NA,NA,NA,NA
"14",NA,1,1,NA,1,1,1,1,1,1,NA,NA,0,NA,0,NA,0,0,0,0,0,NA,NA,0,0,0,NA,NA,0,0,NA,0,0,0,0,NA,0,0,0,0,0,NA,0,0,0,NA,0,NA,0,0,NA,NA,0,0,0,NA,0,NA,0,NA,0,0,0,0,0,NA,0,NA,0,0,0,0,NA,0,0,0,0,0,NA,NA,NA,NA,NA,NA,NA,NA,NA
"15",NA,1,1,NA,1,1,1,1,1,1,NA,NA,0,NA,0,NA,0,0,0,0,0,NA,NA,0,0,0,NA,NA,0,0,NA,0,0,0,0,NA,0,0,0,0,0,NA,0,0,0,NA,0,NA,0,0,NA,NA,0,0,0,NA,0,NA,0,0,0,0,0,0,NA,NA,0,NA,0,0,0,0,NA,0,0,0,0,0,NA,NA,NA,NA,NA,NA,NA,NA,NA
"16",NA,1,1,NA,1,1,1,1,1,1,NA,NA,0,NA,0,NA,0,0,0,NA,0,NA,NA,0,0,0,NA,NA,0,0,NA,0,0,0,0,NA,0,0,0,0,0,NA,0,0,0,NA,0,NA,0,0,NA,NA,0,0,0,NA,0,NA,0,NA,0,0,0,0,0,NA,0,0,0,0,0,0,NA,0,0,0,0,0,NA,NA,NA,NA,NA,NA,NA,NA,NA
"17",NA,1,1,NA,1,1,1,1,1,1,NA,NA,0,NA,0,NA,0,0,0,NA,0,NA,NA,0,0,0,NA,NA,0,0,NA,0,0,0,0,NA,0,0,0,0,0,NA,0,0,0,NA,0,NA,0,0,NA,NA,0,0,0,NA,0,NA,0,NA,0,0,0,0,NA,NA,0,0,0,0,0,0,NA,0,0,0,0,0,NA,NA,NA,NA,NA,NA,NA,NA,NA
"18",NA,1,1,NA,1,1,1,1,1,NA,NA,NA,0,NA,0,NA,0,0,0,0,0,NA,NA,0,0,0,NA,NA,0,0,NA,0,0,0,0,NA,0,0,0,0,0,NA,0,0,0,NA,0,NA,0,0,NA,NA,0,0,0,NA,0,NA,0,0,0,0,0,0,NA,NA,0,0,0,0,NA,0,NA,0,0,0,0,0,NA,NA,NA,NA,NA,NA,NA,NA,NA
"19",NA,1,1,NA,1,1,1,1,1,1,NA,NA,0,NA,0,NA,0,0,0,NA,0,NA,NA,0,0,0,NA,NA,0,0,NA,0,0,0,0,NA,0,0,0,0,0,NA,0,0,0,NA,0,NA,0,0,NA,NA,0,0,0,NA,0,NA,0,0,0,0,0,0,0,NA,0,NA,0,0,0,0,NA,0,0,0,0,0,NA,NA,NA,NA,NA,NA,NA,NA,NA
"20",NA,1,1,NA,1,0,0,1,1,0,NA,NA,0,NA,0,NA,0,0,0,0,0,NA,NA,0,0,0,NA,NA,0,0,NA,0,0,0,0,NA,0,0,0,0,0,NA,0,0,0,NA,0,NA,0,0,NA,NA,0,0,0,NA,0,NA,0,NA,0,0,0,0,0,NA,0,0,0,0,NA,0,NA,0,0,0,0,0,NA,NA,NA,NA,NA,NA,NA,NA,NA
"21",NA,1,1,NA,1,1,1,1,1,1,NA,NA,0,NA,0,NA,0,0,0,NA,0,NA,NA,0,0,0,NA,NA,0,0,NA,0,0,0,0,NA,0,0,0,0,0,NA,0,0,0,NA,0,NA,0,0,NA,NA,0,0,0,NA,0,NA,0,NA,0,0,0,0,0,NA,0,NA,0,0,0,0,NA,0,0,0,0,0,NA,NA,NA,NA,NA,NA,NA,NA,NA
"22",NA,1,1,NA,1,0,0,1,1,0,NA,NA,0,NA,0,NA,0,0,0,0,0,NA,NA,0,0,0,NA,NA,0,0,NA,0,0,0,0,NA,0,0,0,0,0,NA,0,0,0,NA,0,NA,0,0,NA,NA,0,0,0,NA,0,NA,0,NA,0,0,0,0,NA,NA,0,0,0,0,NA,0,NA,0,0,0,0,0,NA,NA,NA,NA,NA,NA,NA,NA,NA
"23",NA,1,1,NA,1,1,1,1,1,1,NA,NA,0,NA,0,NA,0,0,0,NA,0,NA,NA,0,0,0,NA,NA,0,0,NA,0,0,0,0,NA,0,0,0,0,0,NA,0,0,0,NA,0,NA,0,0,NA,NA,0,0,0,NA,0,NA,0,0,0,0,0,0,NA,NA,0,NA,0,0,0,0,NA,0,0,0,0,0,NA,NA,NA,NA,NA,NA,NA,NA,NA
"24",NA,1,1,NA,1,0,0,1,1,0,NA,NA,0,NA,0,NA,0,0,0,NA,0,NA,NA,0,0,0,NA,NA,0,0,NA,0,0,0,0,NA,0,0,0,0,0,NA,0,0,0,NA,0,NA,0,0,NA,NA,0,0,0,NA,0,NA,0,0,0,0,0,0,0,NA,0,0,0,0,NA,0,NA,0,0,0,0,0,NA,NA,NA,NA,NA,NA,NA,NA,NA
"25",NA,1,1,NA,1,1,1,1,1,1,NA,NA,0,NA,0,NA,0,0,0,0,0,NA,NA,0,0,0,NA,NA,0,0,NA,0,0,0,0,NA,0,0,0,0,0,NA,0,0,0,NA,0,NA,0,0,NA,NA,0,0,0,NA,0,NA,0,NA,0,0,0,0,NA,NA,0,NA,0,0,0,0,NA,0,0,0,0,0,NA,NA,NA,NA,NA,NA,NA,NA,NA
"26",NA,1,1,NA,1,0,0,1,1,0,NA,NA,0,NA,0,NA,0,0,0,NA,0,NA,NA,0,0,0,NA,NA,0,0,NA,0,0,0,0,NA,0,0,0,0,0,NA,0,0,0,NA,0,NA,0,0,NA,NA,0,0,0,NA,0,NA,0,NA,0,0,0,0,0,NA,0,0,0,0,NA,0,NA,0,0,0,0,0,NA,NA,NA,NA,NA,NA,NA,NA,NA
"27",NA,1,1,NA,1,1,1,1,1,1,NA,NA,0,NA,0,NA,0,0,0,NA,0,NA,NA,0,0,0,NA,NA,0,0,NA,0,0,0,0,NA,0,0,0,0,0,NA,0,0,0,NA,0,NA,0,0,NA,NA,0,0,0,NA,0,NA,0,NA,0,0,0,0,NA,NA,0,NA,0,0,0,0,NA,0,0,0,0,0,NA,NA,NA,NA,NA,NA,NA,NA,NA
"28",NA,1,1,NA,1,0,0,1,1,0,NA,NA,0,NA,0,NA,0,0,0,NA,0,NA,NA,0,0,0,NA,NA,0,0,NA,0,0,0,0,NA,0,0,0,0,0,NA,0,0,0,NA,0,NA,0,0,NA,NA,0,0,0,NA,0,NA,0,0,0,0,0,0,NA,NA,0,0,0,0,NA,0,NA,0,0,0,0,0,NA,NA,NA,NA,NA,NA,NA,NA,NA
"29",NA,1,1,NA,1,0,0,1,1,0,NA,NA,0,NA,0,NA,0,0,0,NA,0,NA,NA,0,0,0,NA,NA,0,0,NA,0,0,0,0,NA,0,0,0,0,0,NA,0,0,0,NA,0,NA,0,0,NA,NA,0,0,0,NA,0,NA,0,NA,0,0,0,0,NA,NA,0,0,0,0,NA,0,NA,0,0,0,0,0,NA,NA,NA,NA,NA,NA,NA,NA,NA
"30",NA,1,1,NA,1,0,0,1,1,0,NA,NA,0,NA,0,NA,0,0,0,0,0,NA,NA,0,0,0,NA,NA,0,0,NA,0,0,0,0,NA,0,0,0,0,0,NA,0,0,0,NA,0,NA,0,0,NA,NA,0,0,0,NA,0,NA,0,0,0,0,0,0,0,NA,0,NA,0,0,NA,0,NA,0,0,0,0,0,NA,NA,NA,NA,NA,NA,NA,NA,NA
"31",NA,1,1,NA,1,0,0,1,1,0,NA,NA,0,NA,0,NA,0,0,0,NA,0,NA,NA,0,0,0,NA,NA,0,0,NA,0,0,0,0,NA,0,0,0,0,0,NA,0,0,0,NA,0,NA,0,0,NA,NA,0,0,0,NA,0,NA,0,0,0,0,0,0,0,NA,0,NA,0,0,NA,0,NA,0,0,0,0,0,NA,NA,NA,NA,NA,NA,NA,NA,NA
"32",NA,1,1,NA,1,0,0,1,1,0,NA,NA,0,NA,0,NA,0,0,0,0,0,NA,NA,0,0,0,NA,NA,0,0,NA,0,0,0,0,NA,0,0,0,0,0,NA,0,0,0,NA,0,NA,0,0,NA,NA,0,0,0,NA,0,NA,0,0,0,0,0,0,NA,NA,0,NA,0,0,NA,0,NA,0,0,0,0,0,NA,NA,NA,NA,NA,NA,NA,NA,NA
"33",NA,1,0,NA,1,0,0,1,1,0,NA,NA,0,NA,0,NA,0,0,0,0,0,NA,NA,0,0,0,NA,NA,0,0,NA,0,0,0,0,NA,0,0,0,0,0,NA,0,0,0,NA,0,NA,0,0,NA,NA,0,0,0,NA,0,NA,0,NA,0,0,0,0,0,NA,0,NA,0,0,NA,0,NA,0,0,0,0,0,NA,NA,NA,NA,NA,NA,NA,NA,NA
"34",NA,1,0,NA,1,0,0,1,1,0,NA,NA,0,NA,0,NA,0,0,0,0,0,NA,NA,0,0,0,NA,NA,0,0,NA,0,0,0,0,NA,0,0,0,0,0,NA,0,0,0,NA,0,NA,0,0,NA,NA,0,0,0,NA,0,NA,0,NA,0,0,0,0,NA,NA,0,NA,0,0,NA,0,NA,0,0,0,0,0,NA,NA,NA,NA,NA,NA,NA,NA,NA
"35",NA,1,1,NA,1,0,0,1,1,0,NA,NA,0,NA,0,NA,0,0,0,NA,0,NA,NA,0,0,0,NA,NA,0,0,NA,0,0,0,0,NA,0,0,0,0,0,NA,0,0,0,NA,0,NA,0,0,NA,NA,0,0,0,NA,0,NA,0,NA,0,0,0,0,0,NA,0,NA,0,0,NA,0,NA,0,0,0,0,0,NA,NA,NA,NA,NA,NA,NA,NA,NA
"36",NA,1,1,NA,1,0,0,1,1,0,NA,NA,0,NA,0,NA,0,0,0,NA,0,NA,NA,0,0,0,NA,NA,0,0,NA,0,0,0,0,NA,0,0,0,0,0,NA,0,0,0,NA,0,NA,0,0,NA,NA,0,0,0,NA,0,NA,0,0,0,0,0,0,NA,NA,0,NA,0,0,NA,0,NA,0,0,0,0,0,NA,NA,NA,NA,NA,NA,NA,NA,NA
"37",NA,1,1,NA,1,0,0,1,1,0,NA,NA,0,NA,0,NA,0,0,0,NA,0,NA,NA,0,0,0,NA,NA,0,0,NA,0,0,0,0,NA,0,0,0,0,0,NA,0,0,0,NA,0,NA,0,0,NA,NA,0,0,0,NA,0,NA,0,NA,0,0,0,0,NA,NA,0,NA,0,0,NA,0,NA,0,0,0,0,0,NA,NA,NA,NA,NA,NA,NA,NA,NA
"38",NA,1,1,NA,1,1,1,1,1,NA,NA,NA,0,NA,0,NA,0,0,0,NA,0,NA,NA,0,0,0,NA,NA,0,0,NA,0,0,0,0,NA,0,0,0,0,0,NA,0,0,0,NA,0,NA,0,0,NA,NA,0,0,0,NA,0,NA,0,0,0,0,0,0,0,NA,0,0,0,0,NA,0,NA,0,0,0,0,0,NA,NA,NA,NA,NA,NA,NA,NA,NA
"39",NA,1,1,NA,1,1,1,1,1,NA,NA,NA,0,NA,0,NA,0,0,0,0,0,NA,NA,0,0,0,NA,NA,0,0,NA,0,0,0,0,NA,0,0,0,0,0,NA,0,0,0,NA,0,NA,0,0,NA,NA,0,0,0,NA,0,NA,0,NA,0,0,0,0,0,NA,0,0,0,0,NA,0,NA,0,0,0,0,0,NA,NA,NA,NA,NA,NA,NA,NA,NA
"40",NA,1,1,NA,1,1,1,1,1,NA,NA,NA,0,NA,0,NA,0,0,0,NA,0,NA,NA,0,0,0,NA,NA,0,0,NA,0,0,0,0,NA,0,0,0,0,0,NA,0,0,0,NA,0,NA,0,0,NA,NA,0,0,0,NA,0,NA,0,0,0,0,0,0,NA,NA,0,0,0,0,NA,0,NA,0,0,0,0,0,NA,NA,NA,NA,NA,NA,NA,NA,NA
"41",NA,1,1,NA,1,1,1,1,1,NA,NA,NA,0,NA,0,NA,0,0,0,NA,0,NA,NA,0,0,0,NA,NA,0,0,NA,0,0,0,0,NA,0,0,0,0,0,NA,0,0,0,NA,0,NA,0,0,NA,NA,0,0,0,NA,0,NA,0,NA,0,0,0,0,0,NA,0,0,0,0,NA,0,NA,0,0,0,0,0,NA,NA,NA,NA,NA,NA,NA,NA,NA
"42",NA,1,1,NA,1,1,1,1,1,NA,NA,NA,0,NA,0,NA,0,0,0,0,0,NA,NA,0,0,0,NA,NA,0,0,NA,0,0,0,0,NA,0,0,0,0,0,NA,0,0,0,NA,0,NA,0,0,NA,NA,0,0,0,NA,0,NA,0,NA,0,0,0,0,NA,NA,0,0,0,0,NA,0,NA,0,0,0,0,0,NA,NA,NA,NA,NA,NA,NA,NA,NA
"43",NA,1,1,NA,1,1,1,1,1,NA,NA,NA,0,NA,0,NA,0,0,0,NA,0,NA,NA,0,0,0,NA,NA,0,0,NA,0,0,0,0,NA,0,0,0,0,0,NA,0,0,0,NA,0,NA,0,0,NA,NA,0,0,0,NA,0,NA,0,NA,0,0,0,0,NA,NA,0,0,0,0,NA,0,NA,0,0,0,0,0,NA,NA,NA,NA,NA,NA,NA,NA,NA
"44",NA,1,1,NA,1,1,1,1,1,NA,NA,NA,0,NA,0,NA,0,0,0,0,0,NA,NA,0,0,0,NA,NA,0,0,NA,0,0,0,0,NA,0,0,0,0,0,NA,0,0,0,NA,0,NA,0,0,NA,NA,0,0,0,NA,0,NA,0,0,0,0,0,0,0,NA,0,NA,0,0,NA,0,NA,0,0,0,0,0,NA,NA,NA,NA,NA,NA,NA,NA,NA
"45",NA,1,1,NA,1,1,1,1,1,NA,NA,NA,0,NA,0,NA,0,0,0,NA,0,NA,NA,0,0,0,NA,NA,0,0,NA,0,0,0,0,NA,0,0,0,0,0,NA,0,0,0,NA,0,NA,0,0,NA,NA,0,0,0,NA,0,NA,0,0,0,0,0,0,0,NA,0,NA,0,0,NA,0,NA,0,0,0,0,0,NA,NA,NA,NA,NA,NA,NA,NA,NA
"46",NA,1,1,NA,1,1,1,1,1,NA,NA,NA,0,NA,0,NA,0,0,0,0,0,NA,NA,0,0,0,NA,NA,0,0,NA,0,0,0,0,NA,0,0,0,0,0,NA,0,0,0,NA,0,NA,0,0,NA,NA,0,0,0,NA,0,NA,0,0,0,0,0,0,NA,NA,0,NA,0,0,NA,0,NA,0,0,0,0,0,NA,NA,NA,NA,NA,NA,NA,NA,NA
"47",NA,1,1,NA,1,1,1,1,1,NA,NA,NA,0,NA,0,NA,0,0,0,0,0,NA,NA,0,0,0,NA,NA,0,0,NA,0,0,0,0,NA,0,0,0,0,0,NA,0,0,0,NA,0,NA,0,0,NA,NA,0,0,0,NA,0,NA,0,NA,0,0,0,0,0,NA,0,NA,0,0,NA,0,NA,0,0,0,0,0,NA,NA,NA,NA,NA,NA,NA,NA,NA
"48",NA,1,1,NA,1,1,1,1,1,NA,NA,NA,0,NA,0,NA,0,0,0,0,0,NA,NA,0,0,0,NA,NA,0,0,NA,0,0,0,0,NA,0,0,0,0,0,NA,0,0,0,NA,0,NA,0,0,NA,NA,0,0,0,NA,0,NA,0,NA,0,0,0,0,NA,NA,0,NA,0,0,NA,0,NA,0,0,0,0,0,NA,NA,NA,NA,NA,NA,NA,NA,NA
"49",NA,1,1,NA,1,1,1,1,1,NA,NA,NA,0,NA,0,NA,0,0,0,NA,0,NA,NA,0,0,0,NA,NA,0,0,NA,0,0,0,0,NA,0,0,0,0,0,NA,0,0,0,NA,0,NA,0,0,NA,NA,0,0,0,NA,0,NA,0,NA,0,0,0,0,0,NA,0,NA,0,0,NA,0,NA,0,0,0,0,0,NA,NA,NA,NA,NA,NA,NA,NA,NA
"50",NA,1,1,NA,1,1,1,1,1,NA,NA,NA,0,NA,0,NA,0,0,0,NA,0,NA,NA,0,0,0,NA,NA,0,0,NA,0,0,0,0,NA,0,0,0,0,0,NA,0,0,0,NA,0,NA,0,0,NA,NA,0,0,0,NA,0,NA,0,0,0,0,0,0,NA,NA,0,NA,0,0,NA,0,NA,0,0,0,0,0,NA,NA,NA,NA,NA,NA,NA,NA,NA
"51",NA,1,1,NA,1,1,1,1,1,NA,NA,NA,0,NA,0,NA,0,0,0,NA,0,NA,NA,0,0,0,NA,NA,0,0,NA,0,0,0,0,NA,0,0,0,0,0,NA,0,0,0,NA,0,NA,0,0,NA,NA,0,0,0,NA,0,NA,0,NA,0,0,0,0,NA,NA,0,NA,0,0,NA,0,NA,0,0,0,0,0,NA,NA,NA,NA,NA,NA,NA,NA,NA
"52",1,NA,NA,1,NA,NA,NA,0,0,0,0,0,0,NA,NA,0,NA,NA,NA,0,0,0,NA,0,NA,0,0,0,0,0,0,0,NA,NA,NA,0,0,0,0,NA,0,0,NA,0,NA,0,NA,0,NA,NA,0,0,0,0,0,0,0,0,NA,NA,NA,0,0,0,0,0,0,NA,0,0,NA,0,0,0,0,NA,NA,NA,NA,NA,NA,NA,NA,NA,NA,NA,NA
"53",1,NA,NA,1,NA,NA,NA,NA,0,0,0,0,0,NA,NA,0,0,NA,NA,0,0,NA,NA,0,NA,0,0,0,0,0,NA,0,NA,NA,NA,0,0,0,0,0,0,0,NA,0,NA,0,NA,0,NA,NA,0,0,NA,0,0,0,0,0,NA,NA,NA,0,0,0,0,0,0,NA,0,0,NA,0,0,0,0,NA,NA,NA,NA,NA,NA,NA,NA,NA,NA,NA,NA
"54",NA,1,1,NA,0,1,1,0,0,1,NA,NA,0,NA,0,NA,NA,0,0,0,NA,NA,NA,0,0,0,NA,NA,0,NA,NA,0,0,0,0,NA,0,0,0,0,0,NA,0,0,0,NA,0,NA,0,0,NA,NA,0,0,0,NA,0,NA,0,NA,0,0,0,0,0,NA,0,0,0,0,0,0,NA,0,0,0,0,0,NA,NA,NA,NA,NA,NA,NA,NA,NA
"55",NA,1,1,NA,1,1,1,1,1,1,NA,NA,0,NA,0,NA,NA,0,0,NA,NA,NA,NA,0,0,0,NA,NA,0,NA,NA,0,0,0,0,NA,0,0,0,0,0,NA,0,0,0,NA,0,NA,0,0,NA,NA,0,0,0,NA,0,NA,0,0,0,0,0,0,0,NA,0,0,0,0,0,0,NA,0,0,0,0,0,NA,NA,NA,NA,NA,NA,NA,NA,NA
"56",NA,1,1,NA,0,1,1,0,0,1,NA,NA,0,NA,0,NA,NA,0,0,0,NA,NA,NA,0,0,0,NA,NA,0,NA,NA,0,0,0,0,NA,0,0,0,0,0,NA,0,0,0,NA,0,NA,0,0,NA,NA,0,0,0,NA,0,NA,0,0,0,0,0,0,NA,NA,0,0,0,0,0,0,NA,0,0,0,0,0,NA,NA,NA,NA,NA,NA,NA,NA,NA
"57",NA,1,1,NA,1,1,1,1,1,1,NA,NA,0,NA,0,NA,NA,0,0,NA,NA,NA,NA,0,0,0,NA,NA,0,NA,NA,0,0,0,0,NA,0,0,0,0,0,NA,0,0,0,NA,0,NA,0,0,NA,NA,0,0,0,NA,0,NA,0,NA,0,0,0,0,0,NA,0,0,0,0,0,0,NA,0,0,0,0,0,NA,NA,NA,NA,NA,NA,NA,NA,NA
"58",NA,1,1,NA,0,1,1,0,0,1,NA,NA,0,NA,0,NA,NA,0,0,0,NA,NA,NA,0,0,0,NA,NA,0,NA,NA,0,0,0,0,NA,0,0,0,0,0,NA,0,0,0,NA,0,NA,0,0,NA,NA,0,0,0,NA,0,NA,0,NA,0,0,0,0,NA,NA,0,0,0,0,0,0,NA,0,0,0,0,0,NA,NA,NA,NA,NA,NA,NA,NA,NA
"59",NA,1,1,NA,1,1,1,1,1,1,NA,NA,0,NA,0,NA,NA,0,0,NA,NA,NA,NA,0,0,0,NA,NA,0,NA,NA,0,0,0,0,NA,0,0,0,0,0,NA,0,0,0,NA,0,NA,0,0,NA,NA,0,0,0,NA,0,NA,0,0,0,0,0,0,NA,NA,0,0,0,0,0,0,NA,0,0,0,0,0,NA,NA,NA,NA,NA,NA,NA,NA,NA
"60",NA,1,1,NA,1,1,1,1,1,1,NA,NA,0,NA,0,NA,NA,0,0,NA,NA,NA,NA,0,0,0,NA,NA,0,NA,NA,0,0,0,0,NA,0,0,0,0,0,NA,0,0,0,NA,0,NA,0,0,NA,NA,0,0,0,NA,0,NA,0,NA,0,0,0,0,NA,NA,0,0,0,0,0,0,NA,0,0,0,0,0,NA,NA,NA,NA,NA,NA,NA,NA,NA
"61",NA,1,1,NA,0,1,1,0,0,1,NA,NA,0,NA,0,NA,NA,0,0,0,NA,NA,NA,0,0,0,NA,NA,0,NA,NA,0,0,0,0,NA,0,0,0,0,0,NA,0,0,0,NA,0,NA,0,0,NA,NA,0,0,0,NA,0,NA,0,0,0,0,0,0,0,NA,0,NA,0,0,0,0,NA,0,0,0,0,0,NA,NA,NA,NA,NA,NA,NA,NA,NA
"62",NA,1,1,NA,0,1,1,0,0,1,NA,NA,0,NA,0,NA,NA,0,0,0,NA,NA,NA,0,0,0,NA,NA,0,NA,NA,0,0,0,0,NA,0,0,0,0,0,NA,0,0,0,NA,0,NA,0,0,NA,NA,0,0,0,NA,0,NA,0,0,0,0,0,0,NA,NA,0,NA,0,0,0,0,NA,0,0,0,0,0,NA,NA,NA,NA,NA,NA,NA,NA,NA
"63",NA,1,1,NA,1,1,1,1,1,1,NA,NA,0,NA,0,NA,NA,0,0,NA,NA,NA,NA,0,0,0,NA,NA,0,NA,NA,0,0,0,0,NA,0,0,0,0,0,NA,0,0,0,NA,0,NA,0,0,NA,NA,0,0,0,NA,0,NA,0,0,0,0,0,0,0,NA,0,NA,0,0,0,0,NA,0,0,0,0,0,NA,NA,NA,NA,NA,NA,NA,NA,NA
"64",NA,1,1,NA,0,1,1,0,0,1,NA,NA,0,NA,0,NA,NA,0,0,0,NA,NA,NA,0,0,0,NA,NA,0,NA,NA,0,0,0,0,NA,0,0,0,0,0,NA,0,0,0,NA,0,NA,0,0,NA,NA,0,0,0,NA,0,NA,0,NA,0,0,0,0,0,NA,0,NA,0,0,0,0,NA,0,0,0,0,0,NA,NA,NA,NA,NA,NA,NA,NA,NA
"65",NA,1,1,NA,1,1,1,1,1,1,NA,NA,0,NA,0,NA,NA,0,0,NA,NA,NA,NA,0,0,0,NA,NA,0,NA,NA,0,0,0,0,NA,0,0,0,0,0,NA,0,0,0,NA,0,NA,0,0,NA,NA,0,0,0,NA,0,NA,0,0,0,0,0,0,NA,NA,0,NA,0,0,0,0,NA,0,0,0,0,0,NA,NA,NA,NA,NA,NA,NA,NA,NA
"66",NA,1,1,NA,0,1,1,0,0,1,NA,NA,0,NA,0,NA,NA,0,0,0,NA,NA,NA,0,0,0,NA,NA,0,NA,NA,0,0,0,0,NA,0,0,0,0,0,NA,0,0,0,NA,0,NA,0,0,NA,NA,0,0,0,NA,0,NA,0,NA,0,0,0,0,NA,NA,0,NA,0,0,0,0,NA,0,0,0,0,0,NA,NA,NA,NA,NA,NA,NA,NA,NA
"67",NA,1,1,NA,1,1,1,1,1,1,NA,NA,0,NA,0,NA,NA,0,0,NA,NA,NA,NA,0,0,0,NA,NA,0,NA,NA,0,0,0,0,NA,0,0,0,0,0,NA,0,0,0,NA,0,NA,0,0,NA,NA,0,0,0,NA,0,NA,0,NA,0,0,0,0,0,NA,0,NA,0,0,0,0,NA,0,0,0,0,0,NA,NA,NA,NA,NA,NA,NA,NA,NA
"68",NA,1,1,NA,1,1,1,1,1,1,NA,NA,0,NA,0,NA,NA,0,0,NA,NA,NA,NA,0,0,0,NA,NA,0,NA,NA,0,0,0,0,NA,0,0,0,0,0,NA,0,0,0,NA,0,NA,0,0,NA,NA,0,0,0,NA,0,NA,0,NA,0,0,0,0,NA,NA,0,NA,0,0,0,0,NA,0,0,0,0,0,NA,NA,NA,NA,NA,NA,NA,NA,NA
"69",NA,1,1,NA,0,0,0,0,0,0,NA,NA,0,NA,0,NA,NA,0,0,0,NA,NA,NA,0,0,0,NA,NA,0,NA,NA,0,0,0,0,NA,0,0,0,0,0,NA,0,0,0,NA,0,NA,0,0,NA,NA,0,0,0,NA,0,NA,0,0,0,0,0,0,0,NA,0,0,0,0,NA,0,NA,0,0,0,0,0,NA,NA,NA,NA,NA,NA,NA,NA,NA
"70",NA,1,1,NA,0,0,0,0,0,0,NA,NA,0,NA,0,NA,NA,0,0,0,NA,NA,NA,0,0,0,NA,NA,0,NA,NA,0,0,0,0,NA,0,0,0,0,0,NA,0,0,0,NA,0,NA,0,0,NA,NA,0,0,0,NA,0,NA,0,0,0,0,0,0,NA,NA,0,0,0,0,NA,0,NA,0,0,0,0,0,NA,NA,NA,NA,NA,NA,NA,NA,NA
"71",NA,1,1,NA,1,0,0,1,1,0,NA,NA,0,NA,0,NA,NA,0,0,NA,NA,NA,NA,0,0,0,NA,NA,0,NA,NA,0,0,0,0,NA,0,0,0,0,0,NA,0,0,0,NA,0,NA,0,0,NA,NA,0,0,0,NA,0,NA,0,0,0,0,0,0,0,NA,0,0,0,0,NA,0,NA,0,0,0,0,0,NA,NA,NA,NA,NA,NA,NA,NA,NA
"72",NA,1,1,NA,0,0,0,0,0,0,NA,NA,0,NA,0,NA,NA,0,0,0,NA,NA,NA,0,0,0,NA,NA,0,NA,NA,0,0,0,0,NA,0,0,0,0,0,NA,0,0,0,NA,0,NA,0,0,NA,NA,0,0,0,NA,0,NA,0,NA,0,0,0,0,0,NA,0,0,0,0,NA,0,NA,0,0,0,0,0,NA,NA,NA,NA,NA,NA,NA,NA,NA
"73",NA,1,1,NA,0,0,0,0,0,0,NA,NA,0,NA,0,NA,NA,0,0,0,NA,NA,NA,0,0,0,NA,NA,0,NA,NA,0,0,0,0,NA,0,0,0,0,0,NA,0,0,0,NA,0,NA,0,0,NA,NA,0,0,0,NA,0,NA,0,NA,0,0,0,0,NA,NA,0,0,0,0,NA,0,NA,0,0,0,0,0,NA,NA,NA,NA,NA,NA,NA,NA,NA
"74",NA,1,1,NA,1,0,0,1,1,0,NA,NA,0,NA,0,NA,NA,0,0,NA,NA,NA,NA,0,0,0,NA,NA,0,NA,NA,0,0,0,0,NA,0,0,0,0,0,NA,0,0,0,NA,0,NA,0,0,NA,NA,0,0,0,NA,0,NA,0,0,0,0,0,0,NA,NA,0,0,0,0,NA,0,NA,0,0,0,0,0,NA,NA,NA,NA,NA,NA,NA,NA,NA
"75",NA,1,1,NA,1,0,0,1,1,0,NA,NA,0,NA,0,NA,NA,0,0,NA,NA,NA,NA,0,0,0,NA,NA,0,NA,NA,0,0,0,0,NA,0,0,0,0,0,NA,0,0,0,NA,0,NA,0,0,NA,NA,0,0,0,NA,0,NA,0,NA,0,0,0,0,0,NA,0,0,0,0,NA,0,NA,0,0,0,0,0,NA,NA,NA,NA,NA,NA,NA,NA,NA
"76",NA,1,1,NA,1,0,0,1,1,0,NA,NA,0,NA,0,NA,NA,0,0,NA,NA,NA,NA,0,0,0,NA,NA,0,NA,NA,0,0,0,0,NA,0,0,0,0,0,NA,0,0,0,NA,0,NA,0,0,NA,NA,0,0,0,NA,0,NA,0,NA,0,0,0,0,NA,NA,0,0,0,0,NA,0,NA,0,0,0,0,0,NA,NA,NA,NA,NA,NA,NA,NA,NA
"77",NA,1,1,NA,0,1,1,0,0,NA,NA,NA,0,NA,0,NA,NA,0,0,0,NA,NA,NA,0,0,0,NA,NA,0,NA,NA,0,0,0,0,NA,0,0,0,0,0,NA,0,0,0,NA,0,NA,0,0,NA,NA,0,0,0,NA,0,NA,0,0,0,0,0,0,0,NA,0,0,0,0,NA,0,NA,0,0,0,0,0,NA,NA,NA,NA,NA,NA,NA,NA,NA
"78",NA,1,1,NA,1,1,1,1,1,NA,NA,NA,0,NA,0,NA,NA,0,0,NA,NA,NA,NA,0,0,0,NA,NA,0,NA,NA,0,0,0,0,NA,0,0,0,0,0,NA,0,0,0,NA,0,NA,0,0,NA,NA,0,0,0,NA,0,NA,0,0,0,0,0,0,0,NA,0,0,0,0,NA,0,NA,0,0,0,0,0,NA,NA,NA,NA,NA,NA,NA,NA,NA
"79",NA,1,1,NA,0,1,1,0,0,NA,NA,NA,0,NA,0,NA,NA,0,0,0,NA,NA,NA,0,0,0,NA,NA,0,NA,NA,0,0,0,0,NA,0,0,0,0,0,NA,0,0,0,NA,0,NA,0,0,NA,NA,0,0,0,NA,0,NA,0,0,0,0,0,0,NA,NA,0,0,0,0,NA,0,NA,0,0,0,0,0,NA,NA,NA,NA,NA,NA,NA,NA,NA
"80",NA,1,1,NA,0,1,1,0,0,NA,NA,NA,0,NA,0,NA,NA,0,0,0,NA,NA,NA,0,0,0,NA,NA,0,NA,NA,0,0,0,0,NA,0,0,0,0,0,NA,0,0,0,NA,0,NA,0,0,NA,NA,0,0,0,NA,0,NA,0,NA,0,0,0,0,0,NA,0,0,0,0,NA,0,NA,0,0,0,0,0,NA,NA,NA,NA,NA,NA,NA,NA,NA
"81",NA,1,1,NA,1,1,1,1,1,NA,NA,NA,0,NA,0,NA,NA,0,0,NA,NA,NA,NA,0,0,0,NA,NA,0,NA,NA,0,0,0,0,NA,0,0,0,0,0,NA,0,0,0,NA,0,NA,0,0,NA,NA,0,0,0,NA,0,NA,0,NA,0,0,0,0,0,NA,0,0,0,0,NA,0,NA,0,0,0,0,0,NA,NA,NA,NA,NA,NA,NA,NA,NA
"82",NA,1,1,NA,1,1,1,1,1,NA,NA,NA,0,NA,0,NA,NA,0,0,NA,NA,NA,NA,0,0,0,NA,NA,0,NA,NA,0,0,0,0,NA,0,0,0,0,0,NA,0,0,0,NA,0,NA,0,0,NA,NA,0,0,0,NA,0,NA,0,0,0,0,0,0,NA,NA,0,0,0,0,NA,0,NA,0,0,0,0,0,NA,NA,NA,NA,NA,NA,NA,NA,NA
"83",NA,1,1,NA,0,1,1,0,0,NA,NA,NA,0,NA,0,NA,NA,0,0,0,NA,NA,NA,0,0,0,NA,NA,0,NA,NA,0,0,0,0,NA,0,0,0,0,0,NA,0,0,0,NA,0,NA,0,0,NA,NA,0,0,0,NA,0,NA,0,NA,0,0,0,0,NA,NA,0,0,0,0,NA,0,NA,0,0,0,0,0,NA,NA,NA,NA,NA,NA,NA,NA,NA
"84",NA,1,1,NA,1,1,1,1,1,NA,NA,NA,0,NA,0,NA,NA,0,0,NA,NA,NA,NA,0,0,0,NA,NA,0,NA,NA,0,0,0,0,NA,0,0,0,0,0,NA,0,0,0,NA,0,NA,0,0,NA,NA,0,0,0,NA,0,NA,0,NA,0,0,0,0,NA,NA,0,0,0,0,NA,0,NA,0,0,0,0,0,NA,NA,NA,NA,NA,NA,NA,NA,NA
"85",NA,1,1,NA,0,0,0,0,0,0,NA,NA,0,NA,0,NA,NA,0,0,0,NA,NA,NA,0,0,0,NA,NA,0,NA,NA,0,0,0,0,NA,0,0,0,0,0,NA,0,0,0,NA,0,NA,0,0,NA,NA,0,0,0,NA,0,NA,0,0,0,0,0,0,0,NA,0,NA,0,0,NA,0,NA,0,0,0,0,0,NA,NA,NA,NA,NA,NA,NA,NA,NA
"86",1,NA,NA,1,NA,NA,NA,0,0,0,0,0,0,NA,NA,NA,NA,NA,NA,0,0,0,0,0,NA,0,0,0,0,0,0,0,NA,NA,NA,0,0,0,0,NA,0,0,NA,0,NA,0,NA,0,NA,NA,0,0,0,0,0,0,0,0,NA,NA,NA,0,0,0,0,0,0,NA,0,0,NA,0,0,0,0,NA,NA,NA,NA,NA,NA,NA,NA,NA,NA,NA,NA
"87",1,NA,NA,1,NA,NA,NA,1,1,0,0,0,0,NA,NA,NA,NA,NA,NA,0,0,0,0,0,NA,0,0,0,0,0,0,0,NA,NA,NA,0,0,0,0,NA,0,0,NA,0,NA,0,NA,0,NA,NA,0,0,0,0,0,0,0,0,NA,NA,NA,0,0,0,0,0,0,NA,0,0,NA,NA,0,0,0,NA,NA,NA,NA,NA,NA,NA,NA,NA,NA,NA,NA
"88",1,NA,NA,1,NA,NA,NA,0,0,0,0,0,0,NA,NA,NA,NA,NA,NA,0,0,0,0,0,NA,0,0,0,0,0,0,0,NA,NA,NA,0,0,0,0,NA,0,0,NA,0,NA,0,NA,0,NA,NA,0,0,0,0,0,0,0,0,NA,NA,NA,0,0,NA,0,0,0,NA,0,0,NA,0,0,0,0,NA,NA,NA,NA,NA,NA,NA,NA,NA,NA,NA,NA
"89",1,NA,NA,0,NA,NA,NA,0,0,0,0,0,0,NA,NA,0,NA,NA,NA,0,0,0,NA,0,NA,0,0,0,0,0,0,0,NA,NA,NA,0,0,0,0,NA,0,0,NA,0,NA,0,NA,0,NA,NA,0,0,0,0,0,0,0,0,NA,NA,NA,0,0,0,0,0,0,NA,0,0,NA,0,NA,0,0,NA,NA,NA,NA,NA,NA,NA,NA,NA,NA,NA,NA
"90",1,NA,NA,1,NA,NA,NA,0,0,0,0,0,0,NA,NA,NA,NA,NA,NA,0,0,0,0,0,NA,0,0,0,0,0,0,0,NA,NA,NA,0,0,NA,0,NA,0,0,NA,0,NA,0,NA,0,NA,NA,0,0,0,0,0,0,0,0,NA,NA,NA,0,0,0,0,0,0,NA,0,0,NA,0,0,0,0,NA,NA,NA,NA,NA,NA,NA,NA,NA,NA,NA,NA
"91",1,NA,NA,1,NA,NA,NA,1,1,0,0,0,0,NA,NA,NA,NA,NA,NA,0,0,0,0,0,NA,0,0,0,0,0,0,0,NA,NA,NA,0,0,0,0,NA,0,0,NA,0,NA,0,NA,0,NA,NA,0,0,0,0,0,0,0,0,NA,NA,NA,0,0,0,0,0,0,NA,0,0,NA,NA,NA,0,0,NA,NA,NA,NA,NA,NA,NA,NA,NA,NA,NA,NA
"92",1,NA,NA,1,NA,NA,NA,0,0,0,0,0,0,NA,NA,NA,NA,NA,NA,0,0,0,0,0,NA,0,0,0,0,0,0,0,NA,NA,NA,0,0,0,0,NA,0,0,NA,0,NA,0,NA,0,NA,NA,0,0,0,0,0,NA,0,0,NA,NA,NA,0,0,0,0,0,0,NA,0,0,NA,0,0,0,0,NA,NA,NA,NA,NA,NA,NA,NA,NA,NA,NA,NA
"93",1,NA,NA,1,NA,NA,NA,0,0,0,0,0,0,NA,NA,0,NA,NA,NA,0,0,0,NA,0,NA,0,0,0,0,0,0,0,NA,NA,NA,0,0,0,0,NA,0,0,NA,0,NA,0,NA,0,NA,NA,0,0,0,0,0,0,0,0,NA,NA,NA,0,0,NA,0,0,0,NA,0,0,NA,0,0,0,0,NA,NA,NA,NA,NA,NA,NA,NA,NA,NA,NA,NA
"94",1,NA,NA,1,NA,NA,NA,0,0,0,0,0,0,NA,NA,NA,NA,NA,NA,0,0,0,0,0,NA,0,0,0,0,0,0,0,NA,NA,NA,0,0,0,0,NA,0,0,NA,0,NA,0,NA,0,NA,NA,0,0,NA,0,0,0,0,0,NA,NA,NA,0,0,0,0,0,0,NA,0,0,NA,0,0,0,0,NA,NA,NA,NA,NA,NA,NA,NA,NA,NA,NA,NA
"95",1,NA,NA,1,NA,NA,NA,0,0,0,0,0,0,NA,NA,0,NA,NA,NA,0,0,0,NA,0,NA,0,0,0,0,0,0,0,NA,NA,NA,0,0,0,0,NA,0,0,NA,0,NA,0,NA,0,NA,NA,0,0,0,0,0,NA,0,0,NA,NA,NA,0,0,0,0,0,0,NA,0,0,NA,0,0,0,0,NA,NA,NA,NA,NA,NA,NA,NA,NA,NA,NA,NA
"96",1,NA,NA,1,NA,NA,NA,1,1,0,0,0,0,NA,NA,NA,NA,NA,NA,0,0,0,0,0,NA,0,0,0,0,0,0,0,NA,NA,NA,0,0,0,0,NA,0,0,NA,0,NA,0,NA,0,NA,NA,0,0,0,0,0,0,0,0,NA,NA,NA,0,0,NA,0,0,0,NA,0,0,NA,NA,0,0,0,NA,NA,NA,NA,NA,NA,NA,NA,NA,NA,NA,NA
"97",1,NA,NA,0,NA,NA,NA,0,0,0,0,0,0,NA,NA,0,NA,NA,NA,0,0,0,NA,0,NA,0,0,0,0,0,0,0,NA,NA,NA,0,0,0,0,NA,0,0,NA,0,NA,0,NA,0,NA,NA,0,0,0,0,0,NA,0,0,NA,NA,NA,0,0,0,0,0,0,NA,0,0,NA,0,NA,0,0,NA,NA,NA,NA,NA,NA,NA,NA,NA,NA,NA,NA
"98",1,NA,NA,1,NA,NA,NA,0,0,0,0,0,0,NA,NA,0,NA,NA,NA,0,0,0,NA,0,NA,0,0,0,0,0,0,0,NA,NA,NA,0,0,0,0,NA,0,0,NA,0,NA,0,NA,0,NA,NA,0,0,0,0,0,NA,0,0,NA,NA,NA,0,0,NA,0,0,0,NA,0,0,NA,0,0,0,0,NA,NA,NA,NA,NA,NA,NA,NA,NA,NA,NA,NA
"99",1,NA,NA,1,NA,NA,NA,0,0,0,0,0,0,NA,NA,0,NA,NA,NA,0,0,0,NA,0,NA,0,0,0,0,0,0,0,NA,NA,NA,0,0,NA,0,NA,0,0,NA,0,NA,0,NA,0,NA,NA,0,0,0,0,0,0,0,0,NA,NA,NA,0,0,0,0,0,0,NA,0,0,NA,0,0,0,0,NA,NA,NA,NA,NA,NA,NA,NA,NA,NA,NA,NA
"100",1,NA,NA,1,NA,NA,NA,0,0,0,0,0,0,NA,NA,NA,NA,NA,NA,0,0,0,0,0,NA,0,0,0,0,0,0,0,NA,NA,NA,0,0,NA,0,NA,0,0,NA,0,NA,0,NA,0,NA,NA,0,0,0,0,0,NA,0,0,NA,NA,NA,0,0,0,0,0,0,NA,0,0,NA,0,0,0,0,NA,NA,NA,NA,NA,NA,NA,NA,NA,NA,NA,NA
"101",1,NA,NA,0,NA,NA,NA,0,0,0,0,0,0,NA,NA,0,NA,NA,NA,0,0,0,NA,0,NA,0,0,0,0,0,0,0,NA,NA,NA,0,0,0,0,NA,0,0,NA,0,NA,0,NA,0,NA,NA,0,0,0,0,0,0,0,0,NA,NA,NA,0,0,NA,0,0,0,NA,0,0,NA,0,NA,0,0,NA,NA,NA,NA,NA,NA,NA,NA,NA,NA,NA,NA
"102",1,NA,NA,1,NA,NA,NA,0,0,0,0,0,0,NA,NA,NA,NA,NA,NA,0,0,0,0,0,NA,0,0,0,0,0,0,0,NA,NA,NA,0,0,NA,0,NA,0,0,NA,0,NA,0,NA,0,NA,NA,0,0,NA,0,0,0,0,0,NA,NA,NA,0,0,0,0,0,0,NA,0,0,NA,0,0,0,0,NA,NA,NA,NA,NA,NA,NA,NA,NA,NA,NA,NA
"103",1,NA,NA,1,NA,NA,NA,1,1,0,0,0,0,NA,NA,0,NA,NA,NA,0,0,0,NA,0,NA,0,0,0,0,0,0,0,NA,NA,NA,0,0,0,0,NA,0,0,NA,0,NA,0,NA,0,NA,NA,0,0,0,0,0,0,0,0,NA,NA,NA,0,0,0,0,0,0,NA,0,0,NA,NA,0,0,0,NA,NA,NA,NA,NA,NA,NA,NA,NA,NA,NA,NA
"104",1,NA,NA,1,NA,NA,NA,NA,NA,0,NA,0,0,NA,0,NA,NA,NA,NA,0,NA,NA,NA,0,NA,0,NA,NA,0,NA,0,0,NA,NA,NA,0,0,NA,0,0,0,0,NA,0,0,0,NA,NA,NA,0,0,0,0,0,0,0,0,0,NA,NA,NA,0,0,0,0,0,0,NA,0,0,NA,NA,0,0,0,NA,NA,NA,NA,NA,NA,NA,NA,NA,NA,NA,NA
"105",1,NA,NA,1,NA,NA,NA,NA,NA,0,NA,0,0,NA,0,NA,NA,NA,NA,0,NA,NA,NA,0,NA,0,NA,NA,0,NA,0,0,NA,NA,NA,0,0,0,0,0,0,0,NA,0,0,0,NA,NA,NA,0,0,0,NA,0,0,0,0,0,NA,NA,NA,0,0,NA,0,0,0,NA,0,0,NA,0,0,0,0,NA,NA,NA,NA,NA,NA,NA,NA,NA,NA,NA,NA
"106",1,NA,NA,1,NA,NA,NA,NA,1,0,0,0,0,NA,NA,0,0,NA,NA,0,0,NA,NA,0,NA,0,0,0,0,0,NA,0,NA,NA,NA,0,0,0,0,0,0,0,NA,0,NA,0,NA,0,NA,NA,0,0,0,0,0,0,0,0,NA,NA,NA,0,0,NA,0,0,0,NA,0,0,NA,NA,0,0,0,NA,NA,NA,NA,NA,NA,NA,NA,NA,NA,NA,NA
"107",1,NA,NA,0,NA,NA,NA,NA,NA,0,NA,0,0,NA,0,NA,NA,NA,NA,0,NA,NA,NA,0,NA,0,NA,NA,0,NA,0,0,NA,NA,NA,0,0,NA,0,0,0,0,NA,0,0,0,NA,NA,NA,0,0,0,0,0,0,0,0,0,NA,NA,NA,0,0,0,0,0,0,NA,0,0,NA,0,NA,0,0,NA,NA,NA,NA,NA,NA,NA,NA,NA,NA,NA,NA
"108",1,NA,NA,1,NA,NA,NA,NA,NA,0,NA,0,0,NA,0,NA,NA,NA,NA,0,NA,NA,NA,0,NA,0,NA,NA,0,NA,0,0,NA,NA,NA,0,0,0,0,0,0,0,NA,0,0,0,NA,NA,NA,0,0,0,NA,0,0,0,0,0,NA,NA,NA,0,0,0,0,0,0,NA,0,0,NA,NA,0,0,0,NA,NA,NA,NA,NA,NA,NA,NA,NA,NA,NA,NA
"109",1,NA,NA,1,NA,NA,NA,NA,NA,0,NA,0,0,NA,0,NA,NA,NA,NA,0,NA,NA,NA,0,NA,0,NA,NA,0,NA,0,0,NA,NA,NA,0,0,NA,0,0,0,0,NA,0,0,0,NA,NA,NA,0,0,0,0,0,0,0,0,0,NA,NA,NA,0,0,NA,0,0,0,NA,0,0,NA,0,0,0,0,NA,NA,NA,NA,NA,NA,NA,NA,NA,NA,NA,NA
"110",1,NA,NA,1,NA,NA,NA,NA,NA,0,NA,0,0,NA,0,NA,NA,NA,NA,0,NA,NA,NA,0,NA,0,NA,NA,0,NA,0,0,NA,NA,NA,0,0,0,0,0,0,0,NA,0,0,0,NA,NA,NA,0,0,0,NA,0,0,NA,0,0,NA,NA,NA,0,0,0,0,0,0,NA,0,0,NA,0,0,0,0,NA,NA,NA,NA,NA,NA,NA,NA,NA,NA,NA,NA
"111",1,NA,NA,1,NA,NA,NA,NA,NA,0,NA,0,0,NA,0,NA,NA,NA,NA,0,NA,NA,NA,0,NA,0,NA,NA,0,NA,0,0,NA,NA,NA,0,0,NA,0,0,0,0,NA,0,0,0,NA,NA,NA,0,0,0,0,0,0,0,0,0,NA,NA,NA,0,0,0,0,0,0,NA,0,0,NA,NA,NA,0,0,NA,NA,NA,NA,NA,NA,NA,NA,NA,NA,NA,NA
"112",1,NA,NA,1,NA,NA,NA,NA,NA,0,NA,0,0,NA,0,NA,NA,NA,NA,0,NA,NA,NA,0,NA,0,NA,NA,0,NA,0,0,NA,NA,NA,0,0,0,0,0,0,0,NA,0,0,0,NA,NA,NA,0,0,0,0,0,0,NA,0,0,NA,NA,NA,0,0,NA,0,0,0,NA,0,0,NA,0,0,0,0,NA,NA,NA,NA,NA,NA,NA,NA,NA,NA,NA,NA
"113",1,NA,NA,0,NA,NA,NA,NA,NA,0,NA,0,0,NA,0,NA,NA,NA,NA,0,NA,NA,NA,0,NA,0,NA,NA,0,NA,0,0,NA,NA,NA,0,0,0,0,0,0,0,NA,0,0,0,NA,NA,NA,0,0,0,NA,0,0,0,0,0,NA,NA,NA,0,0,0,0,0,0,NA,0,0,NA,0,NA,0,0,NA,NA,NA,NA,NA,NA,NA,NA,NA,NA,NA,NA
"114",1,NA,NA,1,NA,NA,NA,NA,NA,0,NA,0,0,NA,0,NA,NA,NA,NA,0,NA,NA,NA,0,NA,0,NA,NA,0,NA,0,0,NA,NA,NA,0,0,0,0,0,0,0,NA,0,0,0,NA,NA,NA,0,0,0,NA,0,0,NA,0,0,NA,NA,NA,0,0,NA,0,0,0,NA,0,0,NA,0,0,0,0,NA,NA,NA,NA,NA,NA,NA,NA,NA,NA,NA,NA
"115",1,NA,NA,1,NA,NA,NA,NA,NA,0,NA,0,0,NA,0,NA,NA,NA,NA,0,NA,NA,NA,0,NA,0,NA,NA,0,NA,0,0,NA,NA,NA,0,0,NA,0,0,0,0,NA,0,0,0,NA,NA,NA,0,0,0,0,0,0,0,0,0,NA,NA,NA,0,0,NA,0,0,0,NA,0,0,NA,NA,0,0,0,NA,NA,NA,NA,NA,NA,NA,NA,NA,NA,NA,NA
"116",1,NA,NA,1,NA,NA,NA,NA,NA,0,NA,0,0,NA,0,NA,NA,NA,NA,0,NA,NA,NA,0,NA,0,NA,NA,0,NA,0,0,NA,NA,NA,0,0,NA,0,0,0,0,NA,0,0,0,NA,NA,NA,0,0,0,NA,0,0,0,0,0,NA,NA,NA,0,0,NA,0,0,0,NA,0,0,NA,0,0,0,0,NA,NA,NA,NA,NA,NA,NA,NA,NA,NA,NA,NA
"117",1,NA,NA,0,NA,NA,NA,NA,NA,0,NA,0,0,NA,0,NA,NA,NA,NA,0,NA,NA,NA,0,NA,0,NA,NA,0,NA,0,0,NA,NA,NA,0,0,0,0,0,0,0,NA,0,0,0,NA,NA,NA,0,0,0,0,0,0,0,0,0,NA,NA,NA,0,0,NA,0,0,0,NA,0,0,NA,0,NA,0,0,NA,NA,NA,NA,NA,NA,NA,NA,NA,NA,NA,NA
"118",1,NA,NA,0,NA,NA,NA,NA,NA,0,NA,0,0,NA,0,NA,NA,NA,NA,0,NA,NA,NA,0,NA,0,NA,NA,0,NA,0,0,NA,NA,NA,0,0,0,0,0,0,0,NA,0,0,0,NA,NA,NA,0,0,0,NA,0,0,0,0,0,NA,NA,NA,0,0,NA,0,0,0,NA,0,0,NA,0,NA,0,0,NA,NA,NA,NA,NA,NA,NA,NA,NA,NA,NA,NA
"119",1,NA,NA,1,NA,NA,NA,NA,NA,0,NA,0,0,NA,0,NA,NA,NA,NA,0,NA,NA,NA,0,NA,0,NA,NA,0,NA,0,0,NA,NA,NA,0,0,0,0,0,0,0,NA,0,0,0,NA,NA,NA,0,0,0,0,0,0,0,0,0,NA,NA,NA,0,0,NA,0,0,0,NA,0,0,NA,NA,NA,0,0,NA,NA,NA,NA,NA,NA,NA,NA,NA,NA,NA,NA
"120",1,NA,NA,0,NA,NA,NA,NA,NA,0,NA,0,0,NA,0,NA,NA,NA,NA,0,NA,NA,NA,0,NA,0,NA,NA,0,NA,0,0,NA,NA,NA,0,0,0,0,0,0,0,NA,0,0,0,NA,NA,NA,0,0,0,0,0,0,NA,0,0,NA,NA,NA,0,0,NA,0,0,0,NA,0,0,NA,0,NA,0,0,NA,NA,NA,NA,NA,NA,NA,NA,NA,NA,NA,NA
"121",1,NA,NA,1,NA,NA,NA,NA,NA,0,NA,0,0,NA,0,NA,NA,NA,NA,0,NA,NA,NA,0,NA,0,NA,NA,0,NA,0,0,NA,NA,NA,0,0,0,0,0,0,0,NA,0,0,0,NA,NA,NA,0,0,0,NA,0,0,0,0,0,NA,NA,NA,0,0,0,0,0,0,NA,0,0,NA,NA,NA,0,0,NA,NA,NA,NA,NA,NA,NA,NA,NA,NA,NA,NA
"122",1,NA,NA,1,NA,NA,NA,NA,NA,0,NA,0,0,NA,0,NA,NA,NA,NA,0,NA,NA,NA,0,NA,0,NA,NA,0,NA,0,0,NA,NA,NA,0,0,0,0,0,0,0,NA,0,0,0,NA,NA,NA,0,0,0,NA,0,0,0,0,0,NA,NA,NA,0,0,NA,0,0,0,NA,0,0,NA,NA,0,0,0,NA,NA,NA,NA,NA,NA,NA,NA,NA,NA,NA,NA
"123",1,NA,NA,1,NA,NA,NA,1,1,0,0,0,0,NA,NA,0,NA,NA,NA,0,0,0,NA,0,NA,0,0,0,0,0,0,0,NA,NA,NA,0,0,0,0,NA,0,0,NA,0,NA,0,NA,0,NA,NA,0,0,0,0,0,0,0,0,NA,NA,NA,0,0,0,0,0,0,NA,0,0,NA,NA,NA,0,0,NA,NA,NA,NA,NA,NA,NA,NA,NA,NA,NA,NA
"124",1,NA,NA,0,NA,NA,NA,NA,NA,0,NA,0,0,NA,0,NA,NA,NA,NA,0,NA,NA,NA,0,NA,0,NA,NA,0,NA,0,0,NA,NA,NA,0,0,0,0,0,0,0,NA,0,0,0,NA,NA,NA,0,0,0,NA,0,0,NA,0,0,NA,NA,NA,0,0,0,0,0,0,NA,0,0,NA,0,NA,0,0,NA,NA,NA,NA,NA,NA,NA,NA,NA,NA,NA,NA
"125",1,NA,NA,0,NA,NA,NA,NA,NA,0,NA,0,0,NA,0,NA,NA,NA,NA,0,NA,NA,NA,0,NA,0,NA,NA,0,NA,0,0,NA,NA,NA,0,0,NA,0,0,0,0,NA,0,0,0,NA,NA,NA,0,0,0,0,0,0,NA,0,0,NA,NA,NA,0,0,0,0,0,0,NA,0,0,NA,0,NA,0,0,NA,NA,NA,NA,NA,NA,NA,NA,NA,NA,NA,NA
"126",1,NA,NA,1,NA,NA,NA,NA,NA,0,NA,0,0,NA,0,NA,NA,NA,NA,0,NA,NA,NA,0,NA,0,NA,NA,0,NA,0,0,NA,NA,NA,0,0,NA,0,0,0,0,NA,0,0,0,NA,NA,NA,0,0,0,0,0,0,NA,0,0,NA,NA,NA,0,0,NA,0,0,0,NA,0,0,NA,0,0,0,0,NA,NA,NA,NA,NA,NA,NA,NA,NA,NA,NA,NA
"127",1,NA,NA,1,NA,NA,NA,NA,NA,0,NA,0,0,NA,0,NA,NA,NA,NA,0,NA,NA,NA,0,NA,0,NA,NA,0,NA,0,0,NA,NA,NA,0,0,NA,0,0,0,0,NA,0,0,0,NA,NA,NA,0,0,0,NA,0,0,0,0,0,NA,NA,NA,0,0,0,0,0,0,NA,0,0,NA,NA,0,0,0,NA,NA,NA,NA,NA,NA,NA,NA,NA,NA,NA,NA
"128",1,NA,NA,1,NA,NA,NA,NA,NA,0,NA,0,0,NA,0,NA,NA,NA,NA,0,NA,NA,NA,0,NA,0,NA,NA,0,NA,0,0,NA,NA,NA,0,0,0,0,0,0,0,NA,0,0,0,NA,NA,NA,0,0,0,0,0,0,NA,0,0,NA,NA,NA,0,0,0,0,0,0,NA,0,0,NA,NA,0,0,0,NA,NA,NA,NA,NA,NA,NA,NA,NA,NA,NA,NA
"129",1,NA,NA,1,NA,NA,NA,NA,NA,0,NA,0,0,NA,0,NA,NA,NA,NA,0,NA,NA,NA,0,NA,0,NA,NA,0,NA,0,0,NA,NA,NA,0,0,NA,0,0,0,0,NA,0,0,0,NA,NA,NA,0,0,0,0,0,0,NA,0,0,NA,NA,NA,0,0,0,0,0,0,NA,0,0,NA,NA,0,0,0,NA,NA,NA,NA,NA,NA,NA,NA,NA,NA,NA,NA
"130",1,NA,NA,0,NA,NA,NA,NA,NA,0,NA,0,0,NA,0,NA,NA,NA,NA,0,NA,NA,NA,0,NA,0,NA,NA,0,NA,0,0,NA,NA,NA,0,0,0,0,0,0,0,NA,0,0,0,NA,NA,NA,0,0,0,NA,0,0,NA,0,0,NA,NA,NA,0,0,NA,0,0,0,NA,0,0,NA,0,NA,0,0,NA,NA,NA,NA,NA,NA,NA,NA,NA,NA,NA,NA
"131",1,NA,NA,0,NA,NA,NA,NA,NA,0,NA,0,0,NA,0,NA,NA,NA,NA,0,NA,NA,NA,0,NA,0,NA,NA,0,NA,0,0,NA,NA,NA,0,0,NA,0,0,0,0,NA,0,0,0,NA,NA,NA,0,0,0,NA,0,0,0,0,0,NA,NA,NA,0,0,0,0,0,0,NA,0,0,NA,0,NA,0,0,NA,NA,NA,NA,NA,NA,NA,NA,NA,NA,NA,NA
"132",1,NA,NA,1,NA,NA,NA,NA,NA,0,NA,0,0,NA,0,NA,NA,NA,NA,0,NA,NA,NA,0,NA,0,NA,NA,0,NA,0,0,NA,NA,NA,0,0,0,0,0,0,0,NA,0,0,0,NA,NA,NA,0,0,0,NA,0,0,0,0,0,NA,NA,NA,0,0,NA,0,0,0,NA,0,0,NA,NA,NA,0,0,NA,NA,NA,NA,NA,NA,NA,NA,NA,NA,NA,NA
"133",1,NA,NA,1,NA,NA,NA,NA,NA,0,NA,0,0,NA,0,NA,NA,NA,NA,0,NA,NA,NA,0,NA,0,NA,NA,0,NA,0,0,NA,NA,NA,0,0,0,0,0,0,0,NA,0,0,0,NA,NA,NA,0,0,0,0,0,0,NA,0,0,NA,NA,NA,0,0,NA,0,0,0,NA,0,0,NA,NA,0,0,0,NA,NA,NA,NA,NA,NA,NA,NA,NA,NA,NA,NA
"134",1,NA,NA,1,NA,NA,NA,NA,NA,0,NA,0,0,NA,0,NA,NA,NA,NA,0,NA,NA,NA,0,NA,0,NA,NA,0,NA,0,0,NA,NA,NA,0,0,0,0,0,0,0,NA,0,0,0,NA,NA,NA,0,0,0,NA,0,0,NA,0,0,NA,NA,NA,0,0,0,0,0,0,NA,0,0,NA,NA,0,0,0,NA,NA,NA,NA,NA,NA,NA,NA,NA,NA,NA,NA
"135",1,NA,NA,0,NA,NA,NA,NA,NA,0,NA,0,0,NA,0,NA,NA,NA,NA,0,NA,NA,NA,0,NA,0,NA,NA,0,NA,0,0,NA,NA,NA,0,0,NA,0,0,0,0,NA,0,0,0,NA,NA,NA,0,0,0,0,0,0,0,0,0,NA,NA,NA,0,0,NA,0,0,0,NA,0,0,NA,0,NA,0,0,NA,NA,NA,NA,NA,NA,NA,NA,NA,NA,NA,NA
"136",1,NA,NA,1,NA,NA,NA,NA,NA,0,NA,0,0,NA,0,NA,NA,NA,NA,0,NA,NA,NA,0,NA,0,NA,NA,0,NA,0,0,NA,NA,NA,0,0,NA,0,0,0,0,NA,0,0,0,NA,NA,NA,0,0,0,NA,0,0,0,0,0,NA,NA,NA,0,0,NA,0,0,0,NA,0,0,NA,NA,0,0,0,NA,NA,NA,NA,NA,NA,NA,NA,NA,NA,NA,NA
"137",1,NA,NA,1,NA,NA,NA,NA,NA,0,NA,0,0,NA,0,NA,NA,NA,NA,0,NA,NA,NA,0,NA,0,NA,NA,0,NA,0,0,NA,NA,NA,0,0,NA,0,0,0,0,NA,0,0,0,NA,NA,NA,0,0,0,0,0,0,NA,0,0,NA,NA,NA,0,0,NA,0,0,0,NA,0,0,NA,NA,0,0,0,NA,NA,NA,NA,NA,NA,NA,NA,NA,NA,NA,NA
"138",1,NA,NA,1,NA,NA,NA,NA,NA,0,NA,0,0,NA,0,NA,NA,NA,NA,0,NA,NA,NA,0,NA,0,NA,NA,0,NA,0,0,NA,NA,NA,0,0,0,0,0,0,0,NA,0,0,0,NA,NA,NA,0,0,0,0,0,0,NA,0,0,NA,NA,NA,0,0,0,0,0,0,NA,0,0,NA,NA,NA,0,0,NA,NA,NA,NA,NA,NA,NA,NA,NA,NA,NA,NA
"139",1,NA,NA,1,NA,NA,NA,NA,NA,0,NA,0,0,NA,0,NA,NA,NA,NA,0,NA,NA,NA,0,NA,0,NA,NA,0,NA,0,0,NA,NA,NA,0,0,NA,0,0,0,0,NA,0,0,0,NA,NA,NA,0,0,0,0,0,0,NA,0,0,NA,NA,NA,0,0,0,0,0,0,NA,0,0,NA,NA,NA,0,0,NA,NA,NA,NA,NA,NA,NA,NA,NA,NA,NA,NA
"140",1,NA,NA,1,NA,NA,NA,NA,NA,0,NA,0,0,NA,0,NA,NA,NA,NA,0,NA,NA,NA,0,NA,0,NA,NA,0,NA,0,0,NA,NA,NA,0,0,0,0,0,0,0,NA,0,0,0,NA,NA,NA,0,0,0,NA,0,0,NA,0,0,NA,NA,NA,0,0,0,0,0,0,NA,0,0,NA,NA,NA,0,0,NA,NA,NA,NA,NA,NA,NA,NA,NA,NA,NA,NA
"141",1,NA,NA,1,NA,NA,NA,NA,NA,0,NA,0,0,NA,0,NA,NA,NA,NA,0,NA,NA,NA,0,NA,0,NA,NA,0,NA,0,0,NA,NA,NA,0,0,0,0,0,0,0,NA,0,0,0,NA,NA,NA,0,0,0,0,0,0,NA,0,0,NA,NA,NA,0,0,NA,0,0,0,NA,0,0,NA,NA,NA,0,0,NA,NA,NA,NA,NA,NA,NA,NA,NA,NA,NA,NA
"142",1,NA,NA,0,NA,NA,NA,NA,NA,0,NA,0,0,NA,0,NA,NA,NA,NA,0,NA,NA,NA,0,NA,0,NA,NA,0,NA,0,0,NA,NA,NA,0,0,NA,0,0,0,0,NA,0,0,0,NA,NA,NA,0,0,0,NA,0,0,0,0,0,NA,NA,NA,0,0,NA,0,0,0,NA,0,0,NA,0,NA,0,0,NA,NA,NA,NA,NA,NA,NA,NA,NA,NA,NA,NA
"143",1,NA,NA,0,NA,NA,NA,NA,NA,0,NA,0,0,NA,0,NA,NA,NA,NA,0,NA,NA,NA,0,NA,0,NA,NA,0,NA,0,0,NA,NA,NA,0,0,NA,0,0,0,0,NA,0,0,0,NA,NA,NA,0,0,0,0,0,0,NA,0,0,NA,NA,NA,0,0,NA,0,0,0,NA,0,0,NA,0,NA,0,0,NA,NA,NA,NA,NA,NA,NA,NA,NA,NA,NA,NA
"144",1,NA,NA,1,NA,NA,NA,NA,NA,0,NA,0,0,NA,0,NA,NA,NA,NA,0,NA,NA,NA,0,NA,0,NA,NA,0,NA,0,0,NA,NA,NA,0,0,NA,0,0,0,0,NA,0,0,0,NA,NA,NA,0,0,0,0,0,0,0,0,0,NA,NA,NA,0,0,NA,0,0,0,NA,0,0,NA,NA,NA,0,0,NA,NA,NA,NA,NA,NA,NA,NA,NA,NA,NA,NA
"145",1,NA,NA,1,NA,NA,NA,NA,NA,0,NA,0,0,NA,0,NA,NA,NA,NA,0,NA,NA,NA,0,NA,0,NA,NA,0,NA,0,0,NA,NA,NA,0,0,0,0,0,0,0,NA,0,0,0,NA,NA,NA,0,0,0,NA,0,0,NA,0,0,NA,NA,NA,0,0,NA,0,0,0,NA,0,0,NA,NA,0,0,0,NA,NA,NA,NA,NA,NA,NA,NA,NA,NA,NA,NA
"146",1,NA,NA,1,NA,NA,NA,NA,NA,0,NA,0,0,NA,0,NA,NA,NA,NA,0,NA,NA,NA,0,NA,0,NA,NA,0,NA,0,0,NA,NA,NA,0,0,NA,0,0,0,0,NA,0,0,0,NA,NA,NA,0,0,0,NA,0,0,NA,0,0,NA,NA,NA,0,0,0,0,0,0,NA,0,0,NA,0,0,0,0,NA,NA,NA,NA,NA,NA,NA,NA,NA,NA,NA,NA
"147",1,NA,NA,0,NA,NA,NA,NA,NA,0,NA,0,0,NA,0,NA,NA,NA,NA,0,NA,NA,NA,0,NA,0,NA,NA,0,NA,0,0,NA,NA,NA,0,0,NA,0,0,0,0,NA,0,0,0,NA,NA,NA,0,0,0,NA,0,0,NA,0,0,NA,NA,NA,0,0,0,0,0,0,NA,0,0,NA,0,NA,0,0,NA,NA,NA,NA,NA,NA,NA,NA,NA,NA,NA,NA
"148",1,NA,NA,1,NA,NA,NA,NA,NA,0,NA,0,0,NA,0,NA,NA,NA,NA,0,NA,NA,NA,0,NA,0,NA,NA,0,NA,0,0,NA,NA,NA,0,0,NA,0,0,0,0,NA,0,0,0,NA,NA,NA,0,0,0,NA,0,0,NA,0,0,NA,NA,NA,0,0,0,0,0,0,NA,0,0,NA,NA,0,0,0,NA,NA,NA,NA,NA,NA,NA,NA,NA,NA,NA,NA
"149",1,NA,NA,1,NA,NA,NA,NA,NA,0,NA,0,0,NA,0,NA,NA,NA,NA,0,NA,NA,NA,0,NA,0,NA,NA,0,NA,0,0,NA,NA,NA,0,0,NA,0,0,0,0,NA,0,0,0,NA,NA,NA,0,0,0,NA,0,0,NA,0,0,NA,NA,NA,0,0,NA,0,0,0,NA,0,0,NA,0,0,0,0,NA,NA,NA,NA,NA,NA,NA,NA,NA,NA,NA,NA
"150",1,NA,NA,1,NA,NA,NA,NA,NA,0,NA,0,0,NA,0,NA,NA,NA,NA,0,NA,NA,NA,0,NA,0,NA,NA,0,NA,0,0,NA,NA,NA,0,0,NA,0,0,0,0,NA,0,0,0,NA,NA,NA,0,0,0,NA,0,0,NA,0,0,NA,NA,NA,0,0,NA,0,0,0,NA,0,0,NA,NA,0,0,0,NA,NA,NA,NA,NA,NA,NA,NA,NA,NA,NA,NA
"151",1,NA,NA,1,NA,NA,NA,NA,NA,0,NA,0,0,NA,0,NA,NA,NA,NA,0,NA,NA,NA,0,NA,0,NA,NA,0,NA,0,0,NA,NA,NA,0,0,NA,0,0,0,0,NA,0,0,0,NA,NA,NA,0,0,0,0,0,0,NA,0,0,NA,NA,NA,0,0,NA,0,0,0,NA,0,0,NA,NA,NA,0,0,NA,NA,NA,NA,NA,NA,NA,NA,NA,NA,NA,NA
"152",1,NA,NA,1,NA,NA,NA,NA,NA,0,NA,0,0,NA,0,NA,NA,NA,NA,0,NA,NA,NA,0,NA,0,NA,NA,0,NA,0,0,NA,NA,NA,0,0,NA,0,0,0,0,NA,0,0,0,NA,NA,NA,0,0,0,NA,0,0,0,0,0,NA,NA,NA,0,0,0,0,0,0,NA,0,0,NA,NA,NA,0,0,NA,NA,NA,NA,NA,NA,NA,NA,NA,NA,NA,NA
"153",1,NA,NA,1,NA,NA,NA,NA,NA,0,NA,0,0,NA,0,NA,NA,NA,NA,0,NA,NA,NA,0,NA,0,NA,NA,0,NA,0,0,NA,NA,NA,0,0,NA,0,0,0,0,NA,0,0,0,NA,NA,NA,0,0,0,NA,0,0,0,0,0,NA,NA,NA,0,0,NA,0,0,0,NA,0,0,NA,NA,NA,0,0,NA,NA,NA,NA,NA,NA,NA,NA,NA,NA,NA,NA
"154",1,NA,NA,1,NA,NA,NA,NA,NA,0,NA,0,0,NA,0,NA,NA,NA,NA,0,NA,NA,NA,0,NA,0,NA,NA,0,NA,0,0,NA,NA,NA,0,0,NA,0,0,0,0,NA,0,0,0,NA,NA,NA,0,0,0,NA,0,0,NA,0,0,NA,NA,NA,0,0,0,0,0,0,NA,0,0,NA,NA,NA,0,0,NA,NA,NA,NA,NA,NA,NA,NA,NA,NA,NA,NA
"155",1,NA,NA,1,NA,NA,NA,NA,NA,0,NA,0,0,NA,0,NA,NA,NA,NA,0,NA,NA,NA,0,NA,0,NA,NA,0,NA,0,0,NA,NA,NA,0,0,0,0,0,0,0,NA,0,0,0,NA,NA,NA,0,0,0,NA,0,0,NA,0,0,NA,NA,NA,0,0,NA,0,0,0,NA,0,0,NA,NA,NA,0,0,NA,NA,NA,NA,NA,NA,NA,NA,NA,NA,NA,NA
"156",1,NA,NA,0,NA,NA,NA,NA,NA,0,NA,0,0,NA,0,NA,NA,NA,NA,0,NA,NA,NA,0,NA,0,NA,NA,0,NA,0,0,NA,NA,NA,0,0,NA,0,0,0,0,NA,0,0,0,NA,NA,NA,0,0,0,NA,0,0,NA,0,0,NA,NA,NA,0,0,NA,0,0,0,NA,0,0,NA,0,NA,0,0,NA,NA,NA,NA,NA,NA,NA,NA,NA,NA,NA,NA
"157",1,NA,NA,1,NA,NA,NA,NA,NA,0,NA,0,0,NA,0,NA,NA,NA,NA,0,NA,NA,NA,0,NA,0,NA,NA,0,NA,0,0,NA,NA,NA,0,0,NA,0,0,0,0,NA,0,0,0,NA,NA,NA,0,0,0,NA,0,0,NA,0,0,NA,NA,NA,0,0,NA,0,0,0,NA,0,0,NA,NA,NA,0,0,NA,NA,NA,NA,NA,NA,NA,NA,NA,NA,NA,NA
"158",1,NA,NA,1,NA,NA,NA,NA,0,0,0,0,0,NA,NA,0,0,NA,NA,0,0,NA,NA,0,NA,0,0,0,0,0,NA,0,NA,NA,NA,0,0,0,0,0,0,0,NA,0,NA,0,NA,0,NA,NA,0,0,NA,0,0,NA,0,0,NA,NA,NA,0,0,0,0,0,0,NA,0,0,NA,0,0,0,0,NA,NA,NA,NA,NA,NA,NA,NA,NA,NA,NA,NA
"159",1,NA,NA,1,NA,NA,NA,NA,1,0,0,0,0,NA,NA,0,0,NA,NA,0,0,NA,NA,0,NA,0,0,0,0,0,NA,0,NA,NA,NA,0,0,NA,0,0,0,0,NA,0,NA,0,NA,0,NA,NA,0,0,0,0,0,0,0,0,NA,NA,NA,0,0,0,0,0,0,NA,0,0,NA,NA,0,0,0,NA,NA,NA,NA,NA,NA,NA,NA,NA,NA,NA,NA
"160",1,NA,NA,1,NA,NA,NA,NA,NA,0,NA,0,0,NA,0,0,NA,NA,NA,0,NA,NA,NA,0,NA,0,NA,NA,0,NA,0,0,NA,NA,NA,0,0,0,0,0,0,0,NA,0,0,0,NA,NA,NA,0,0,0,NA,0,0,0,0,0,NA,NA,NA,0,0,NA,0,0,0,NA,0,0,NA,0,0,0,0,NA,NA,NA,NA,NA,NA,NA,NA,NA,NA,NA,NA
"161",1,NA,NA,1,NA,NA,NA,NA,NA,0,NA,0,0,NA,0,0,NA,NA,NA,0,NA,NA,NA,0,NA,0,NA,NA,0,NA,0,0,NA,NA,NA,0,0,0,0,0,0,0,NA,0,0,0,NA,NA,NA,0,0,0,0,0,0,NA,0,0,NA,NA,NA,0,0,0,0,0,0,NA,0,0,NA,NA,0,0,0,NA,NA,NA,NA,NA,NA,NA,NA,NA,NA,NA,NA
"162",1,NA,NA,1,NA,NA,NA,NA,0,0,0,0,0,NA,NA,0,0,NA,NA,0,0,NA,NA,0,NA,0,0,0,0,0,NA,0,NA,NA,NA,0,0,NA,0,0,0,0,NA,0,NA,0,NA,0,NA,NA,0,0,NA,0,0,0,0,0,NA,NA,NA,0,0,0,0,0,0,NA,0,0,NA,0,0,0,0,NA,NA,NA,NA,NA,NA,NA,NA,NA,NA,NA,NA
"163",1,NA,NA,1,NA,NA,NA,NA,1,0,0,0,0,NA,NA,0,0,NA,NA,0,0,NA,NA,0,NA,0,0,0,0,0,NA,0,NA,NA,NA,0,0,0,0,0,0,0,NA,0,NA,0,NA,0,NA,NA,0,0,0,0,0,NA,0,0,NA,NA,NA,0,0,NA,0,0,0,NA,0,0,NA,NA,0,0,0,NA,NA,NA,NA,NA,NA,NA,NA,NA,NA,NA,NA
"164",1,NA,NA,0,NA,NA,NA,NA,0,0,0,0,0,NA,NA,0,0,NA,NA,0,0,NA,NA,0,NA,0,0,0,0,0,NA,0,NA,NA,NA,0,0,0,0,0,0,0,NA,0,NA,0,NA,0,NA,NA,0,0,NA,0,0,0,0,0,NA,NA,NA,0,0,0,0,0,0,NA,0,0,NA,0,NA,0,0,NA,NA,NA,NA,NA,NA,NA,NA,NA,NA,NA,NA
"165",1,NA,NA,1,NA,NA,NA,NA,0,0,0,0,0,NA,NA,0,0,NA,NA,0,0,NA,NA,0,NA,0,0,0,0,0,NA,0,NA,NA,NA,0,0,NA,0,0,0,0,NA,0,NA,0,NA,0,NA,NA,0,0,0,0,0,NA,0,0,NA,NA,NA,0,0,0,0,0,0,NA,0,0,NA,0,0,0,0,NA,NA,NA,NA,NA,NA,NA,NA,NA,NA,NA,NA
"166",1,NA,NA,0,NA,NA,NA,NA,0,0,0,0,0,NA,NA,0,0,NA,NA,0,0,NA,NA,0,NA,0,0,0,0,0,NA,0,NA,NA,NA,0,0,0,0,0,0,0,NA,0,NA,0,NA,0,NA,NA,0,0,NA,0,0,0,0,0,NA,NA,NA,0,0,NA,0,0,0,NA,0,0,NA,0,NA,0,0,NA,NA,NA,NA,NA,NA,NA,NA,NA,NA,NA,NA
"167",1,NA,NA,1,NA,NA,NA,NA,0,0,0,0,0,NA,NA,0,0,NA,NA,0,0,NA,NA,0,NA,0,0,0,0,0,NA,0,NA,NA,NA,0,0,NA,0,0,0,0,NA,0,NA,0,NA,0,NA,NA,0,0,NA,0,0,NA,0,0,NA,NA,NA,0,0,0,0,0,0,NA,0,0,NA,0,0,0,0,NA,NA,NA,NA,NA,NA,NA,NA,NA,NA,NA,NA
"168",1,NA,NA,1,NA,NA,NA,NA,1,0,0,0,0,NA,NA,0,0,NA,NA,0,0,NA,NA,0,NA,0,0,0,0,0,NA,0,NA,NA,NA,0,0,0,0,0,0,0,NA,0,NA,0,NA,0,NA,NA,0,0,0,0,0,0,0,0,NA,NA,NA,0,0,NA,0,0,0,NA,0,0,NA,NA,NA,0,0,NA,NA,NA,NA,NA,NA,NA,NA,NA,NA,NA,NA
"169",1,NA,NA,1,NA,NA,NA,NA,1,0,0,0,0,NA,NA,0,0,NA,NA,0,0,NA,NA,0,NA,0,0,0,0,0,NA,0,NA,NA,NA,0,0,NA,0,0,0,0,NA,0,NA,0,NA,0,NA,NA,0,0,0,0,0,NA,0,0,NA,NA,NA,0,0,0,0,0,0,NA,0,0,NA,NA,0,0,0,NA,NA,NA,NA,NA,NA,NA,NA,NA,NA,NA,NA
"170",1,NA,NA,1,NA,NA,NA,NA,NA,0,NA,0,0,NA,0,0,NA,NA,NA,0,NA,NA,NA,0,NA,0,NA,NA,0,NA,0,0,NA,NA,NA,0,0,0,0,0,0,0,NA,0,0,0,NA,NA,NA,0,0,0,NA,0,0,0,0,0,NA,NA,NA,0,0,0,0,0,0,NA,0,0,NA,NA,0,0,0,NA,NA,NA,NA,NA,NA,NA,NA,NA,NA,NA,NA
"171",1,NA,NA,1,NA,NA,NA,NA,NA,0,NA,0,0,NA,0,0,NA,NA,NA,0,NA,NA,NA,0,NA,0,NA,NA,0,NA,0,0,NA,NA,NA,0,0,NA,0,0,0,0,NA,0,0,0,NA,NA,NA,0,0,0,NA,0,0,0,0,0,NA,NA,NA,0,0,0,0,0,0,NA,0,0,NA,NA,0,0,0,NA,NA,NA,NA,NA,NA,NA,NA,NA,NA,NA,NA
"172",1,NA,NA,0,NA,NA,NA,NA,NA,0,NA,0,0,NA,0,0,NA,NA,NA,0,NA,NA,NA,0,NA,0,NA,NA,0,NA,0,0,NA,NA,NA,0,0,NA,0,0,0,0,NA,0,0,0,NA,NA,NA,0,0,0,0,0,0,0,0,0,NA,NA,NA,0,0,0,0,0,0,NA,0,0,NA,0,NA,0,0,NA,NA,NA,NA,NA,NA,NA,NA,NA,NA,NA,NA
"173",1,NA,NA,1,NA,NA,NA,NA,1,0,0,0,0,NA,NA,0,0,NA,NA,0,0,NA,NA,0,NA,0,0,0,0,0,NA,0,NA,NA,NA,0,0,0,0,0,0,0,NA,0,NA,0,NA,0,NA,NA,0,0,NA,0,0,NA,0,0,NA,NA,NA,0,0,0,0,0,0,NA,0,0,NA,NA,0,0,0,NA,NA,NA,NA,NA,NA,NA,NA,NA,NA,NA,NA
"174",1,NA,NA,0,NA,NA,NA,NA,0,0,0,0,0,NA,NA,0,0,NA,NA,0,0,NA,NA,0,NA,0,0,0,0,0,NA,0,NA,NA,NA,0,0,NA,0,0,0,0,NA,0,NA,0,NA,0,NA,NA,0,0,0,0,0,NA,0,0,NA,NA,NA,0,0,0,0,0,0,NA,0,0,NA,0,NA,0,0,NA,NA,NA,NA,NA,NA,NA,NA,NA,NA,NA,NA
"175",1,NA,NA,1,NA,NA,NA,NA,NA,0,NA,0,0,NA,0,0,NA,NA,NA,0,NA,NA,NA,0,NA,0,NA,NA,0,NA,0,0,NA,NA,NA,0,0,NA,0,0,0,0,NA,0,0,0,NA,NA,NA,0,0,0,NA,0,0,NA,0,0,NA,NA,NA,0,0,0,0,0,0,NA,0,0,NA,NA,0,0,0,NA,NA,NA,NA,NA,NA,NA,NA,NA,NA,NA,NA
"176",1,NA,NA,1,NA,NA,NA,NA,NA,0,NA,0,0,NA,0,0,NA,NA,NA,0,NA,NA,NA,0,NA,0,NA,NA,0,NA,0,0,NA,NA,NA,0,0,NA,0,0,0,0,NA,0,0,0,NA,NA,NA,0,0,0,0,0,0,0,0,0,NA,NA,NA,0,0,NA,0,0,0,NA,0,0,NA,0,0,0,0,NA,NA,NA,NA,NA,NA,NA,NA,NA,NA,NA,NA
"177",1,NA,NA,0,NA,NA,NA,NA,NA,0,NA,0,0,NA,0,0,NA,NA,NA,0,NA,NA,NA,0,NA,0,NA,NA,0,NA,0,0,NA,NA,NA,0,0,NA,0,0,0,0,NA,0,0,0,NA,NA,NA,0,0,0,NA,0,0,0,0,0,NA,NA,NA,0,0,0,0,0,0,NA,0,0,NA,0,NA,0,0,NA,NA,NA,NA,NA,NA,NA,NA,NA,NA,NA,NA
"178",1,NA,NA,1,NA,NA,NA,NA,NA,0,NA,0,0,NA,0,0,NA,NA,NA,0,NA,NA,NA,0,NA,0,NA,NA,0,NA,0,0,NA,NA,NA,0,0,NA,0,0,0,0,NA,0,0,0,NA,NA,NA,0,0,0,0,0,0,NA,0,0,NA,NA,NA,0,0,NA,0,0,0,NA,0,0,NA,0,0,0,0,NA,NA,NA,NA,NA,NA,NA,NA,NA,NA,NA,NA
"179",1,NA,NA,0,NA,NA,NA,NA,0,0,0,0,0,NA,NA,0,0,NA,NA,0,0,NA,NA,0,NA,0,0,0,0,0,NA,0,NA,NA,NA,0,0,0,0,0,0,0,NA,0,NA,0,NA,0,NA,NA,0,0,NA,0,0,NA,0,0,NA,NA,NA,0,0,0,0,0,0,NA,0,0,NA,0,NA,0,0,NA,NA,NA,NA,NA,NA,NA,NA,NA,NA,NA,NA
"180",1,NA,NA,1,NA,NA,NA,NA,0,0,0,0,0,NA,NA,0,0,NA,NA,0,0,NA,NA,0,NA,0,0,0,0,0,NA,0,NA,NA,NA,0,0,0,0,0,0,0,NA,0,NA,0,NA,0,NA,NA,0,0,NA,0,0,NA,0,0,NA,NA,NA,0,0,NA,0,0,0,NA,0,0,NA,0,0,0,0,NA,NA,NA,NA,NA,NA,NA,NA,NA,NA,NA,NA
"181",1,NA,NA,0,NA,NA,NA,NA,NA,0,NA,0,0,NA,0,0,NA,NA,NA,0,NA,NA,NA,0,NA,0,NA,NA,0,NA,0,0,NA,NA,NA,0,0,NA,0,0,0,0,NA,0,0,0,NA,NA,NA,0,0,0,NA,0,0,NA,0,0,NA,NA,NA,0,0,0,0,0,0,NA,0,0,NA,0,NA,0,0,NA,NA,NA,NA,NA,NA,NA,NA,NA,NA,NA,NA
"182",1,NA,NA,1,NA,NA,NA,NA,NA,0,NA,0,0,NA,0,0,NA,NA,NA,0,NA,NA,NA,0,NA,0,NA,NA,0,NA,0,0,NA,NA,NA,0,0,NA,0,0,0,0,NA,0,0,0,NA,NA,NA,0,0,0,NA,0,0,0,0,0,NA,NA,NA,0,0,NA,0,0,0,NA,0,0,NA,0,0,0,0,NA,NA,NA,NA,NA,NA,NA,NA,NA,NA,NA,NA
"183",1,NA,NA,1,NA,NA,NA,NA,1,0,0,0,0,NA,NA,0,0,NA,NA,0,0,NA,NA,0,NA,0,0,0,0,0,NA,0,NA,NA,NA,0,0,0,0,0,0,0,NA,0,NA,0,NA,0,NA,NA,0,0,0,0,0,NA,0,0,NA,NA,NA,0,0,0,0,0,0,NA,0,0,NA,NA,NA,0,0,NA,NA,NA,NA,NA,NA,NA,NA,NA,NA,NA,NA
"184",1,NA,NA,1,NA,NA,NA,NA,0,0,0,0,0,NA,NA,0,0,NA,NA,0,0,NA,NA,0,NA,0,0,0,0,0,NA,0,NA,NA,NA,0,0,NA,0,0,0,0,NA,0,NA,0,NA,0,NA,NA,0,0,NA,0,0,NA,0,0,NA,NA,NA,0,0,NA,0,0,0,NA,0,0,NA,0,0,0,0,NA,NA,NA,NA,NA,NA,NA,NA,NA,NA,NA,NA
"185",1,NA,NA,1,NA,NA,NA,NA,NA,0,NA,0,0,NA,0,0,NA,NA,NA,0,NA,NA,NA,0,NA,0,NA,NA,0,NA,0,0,NA,NA,NA,0,0,0,0,0,0,0,NA,0,0,0,NA,NA,NA,0,0,0,NA,0,0,0,0,0,NA,NA,NA,0,0,0,0,0,0,NA,0,0,NA,NA,NA,0,0,NA,NA,NA,NA,NA,NA,NA,NA,NA,NA,NA,NA
"186",1,NA,NA,1,NA,NA,NA,NA,NA,0,NA,0,0,NA,0,0,NA,NA,NA,0,NA,NA,NA,0,NA,0,NA,NA,0,NA,0,0,NA,NA,NA,0,0,NA,0,0,0,0,NA,0,0,0,NA,NA,NA,0,0,0,0,0,0,0,0,0,NA,NA,NA,0,0,NA,0,0,0,NA,0,0,NA,NA,0,0,0,NA,NA,NA,NA,NA,NA,NA,NA,NA,NA,NA,NA
"187",1,NA,NA,1,NA,NA,NA,NA,1,0,0,0,0,NA,NA,0,0,NA,NA,0,0,NA,NA,0,NA,0,0,0,0,0,NA,0,NA,NA,NA,0,0,0,0,0,0,0,NA,0,NA,0,NA,0,NA,NA,0,0,NA,0,0,NA,0,0,NA,NA,NA,0,0,0,0,0,0,NA,0,0,NA,NA,NA,0,0,NA,NA,NA,NA,NA,NA,NA,NA,NA,NA,NA,NA
"188",1,NA,NA,1,NA,NA,NA,NA,1,0,0,0,0,NA,NA,0,0,NA,NA,0,0,NA,NA,0,NA,0,0,0,0,0,NA,0,NA,NA,NA,0,0,0,0,0,0,0,NA,0,NA,0,NA,0,NA,NA,0,0,NA,0,0,0,0,0,NA,NA,NA,0,0,NA,0,0,0,NA,0,0,NA,NA,0,0,0,NA,NA,NA,NA,NA,NA,NA,NA,NA,NA,NA,NA
"189",1,NA,NA,1,NA,NA,NA,NA,NA,0,NA,0,0,NA,0,0,NA,NA,NA,0,NA,NA,NA,0,NA,0,NA,NA,0,NA,0,0,NA,NA,NA,0,0,NA,0,0,0,0,NA,0,0,0,NA,NA,NA,0,0,0,0,0,0,0,0,0,NA,NA,NA,0,0,0,0,0,0,NA,0,0,NA,NA,NA,0,0,NA,NA,NA,NA,NA,NA,NA,NA,NA,NA,NA,NA
"190",1,NA,NA,1,NA,NA,NA,NA,NA,0,NA,0,0,NA,0,0,NA,NA,NA,0,NA,NA,NA,0,NA,0,NA,NA,0,NA,0,0,NA,NA,NA,0,0,0,0,0,0,0,NA,0,0,0,NA,NA,NA,0,0,0,NA,0,0,NA,0,0,NA,NA,NA,0,0,NA,0,0,0,NA,0,0,NA,NA,0,0,0,NA,NA,NA,NA,NA,NA,NA,NA,NA,NA,NA,NA
"191",1,NA,NA,1,NA,NA,NA,NA,1,0,0,0,0,NA,NA,0,0,NA,NA,0,0,NA,NA,0,NA,0,0,0,0,0,NA,0,NA,NA,NA,0,0,NA,0,0,0,0,NA,0,NA,0,NA,0,NA,NA,0,0,NA,0,0,0,0,0,NA,NA,NA,0,0,0,0,0,0,NA,0,0,NA,NA,NA,0,0,NA,NA,NA,NA,NA,NA,NA,NA,NA,NA,NA,NA
"192",1,NA,NA,1,NA,NA,NA,NA,1,0,0,0,0,NA,NA,0,0,NA,NA,0,0,NA,NA,0,NA,0,0,0,0,0,NA,0,NA,NA,NA,0,0,NA,0,0,0,0,NA,0,NA,0,NA,0,NA,NA,0,0,0,0,0,NA,0,0,NA,NA,NA,0,0,NA,0,0,0,NA,0,0,NA,NA,0,0,0,NA,NA,NA,NA,NA,NA,NA,NA,NA,NA,NA,NA
"193",1,NA,NA,1,NA,NA,NA,NA,NA,0,NA,0,0,NA,0,0,NA,NA,NA,0,NA,NA,NA,0,NA,0,NA,NA,0,NA,0,0,NA,NA,NA,0,0,NA,0,0,0,0,NA,0,0,0,NA,NA,NA,0,0,0,0,0,0,NA,0,0,NA,NA,NA,0,0,0,0,0,0,NA,0,0,NA,NA,NA,0,0,NA,NA,NA,NA,NA,NA,NA,NA,NA,NA,NA,NA
"194",1,NA,NA,1,NA,NA,NA,NA,NA,0,NA,0,0,NA,0,0,NA,NA,NA,0,NA,NA,NA,0,NA,0,NA,NA,0,NA,0,0,NA,NA,NA,0,0,NA,0,0,0,0,NA,0,0,0,NA,NA,NA,0,0,0,NA,0,0,0,0,0,NA,NA,NA,0,0,NA,0,0,0,NA,0,0,NA,NA,0,0,0,NA,NA,NA,NA,NA,NA,NA,NA,NA,NA,NA,NA
"195",1,NA,NA,1,NA,NA,NA,NA,1,0,0,0,0,NA,NA,0,0,NA,NA,0,0,NA,NA,0,NA,0,0,0,0,0,NA,0,NA,NA,NA,0,0,NA,0,0,0,0,NA,0,NA,0,NA,0,NA,NA,0,0,NA,0,0,NA,0,0,NA,NA,NA,0,0,0,0,0,0,NA,0,0,NA,NA,NA,0,0,NA,NA,NA,NA,NA,NA,NA,NA,NA,NA,NA,NA
"196",1,NA,NA,1,NA,NA,NA,NA,1,0,0,0,0,NA,NA,0,0,NA,NA,0,0,NA,NA,0,NA,0,0,0,0,0,NA,0,NA,NA,NA,0,0,NA,0,0,0,0,NA,0,NA,0,NA,0,NA,NA,0,0,NA,0,0,NA,0,0,NA,NA,NA,0,0,NA,0,0,0,NA,0,0,NA,NA,0,0,0,NA,NA,NA,NA,NA,NA,NA,NA,NA,NA,NA,NA
"197",1,NA,NA,0,NA,NA,NA,NA,NA,0,NA,0,0,NA,0,0,NA,NA,NA,0,NA,NA,NA,0,NA,0,NA,NA,0,NA,0,0,NA,NA,NA,0,0,NA,0,0,0,0,NA,0,0,0,NA,NA,NA,0,0,0,0,0,0,0,0,0,NA,NA,NA,0,0,NA,0,0,0,NA,0,0,NA,0,NA,0,0,NA,NA,NA,NA,NA,NA,NA,NA,NA,NA,NA,NA
"198",1,NA,NA,0,NA,NA,NA,NA,NA,0,NA,0,0,NA,0,0,NA,NA,NA,0,NA,NA,NA,0,NA,0,NA,NA,0,NA,0,0,NA,NA,NA,0,0,0,0,0,0,0,NA,0,0,0,NA,NA,NA,0,0,0,0,0,0,NA,0,0,NA,NA,NA,0,0,NA,0,0,0,NA,0,0,NA,0,NA,0,0,NA,NA,NA,NA,NA,NA,NA,NA,NA,NA,NA,NA
"199",1,NA,NA,0,NA,NA,NA,NA,NA,0,NA,0,0,NA,0,0,NA,NA,NA,0,NA,NA,NA,0,NA,0,NA,NA,0,NA,0,0,NA,NA,NA,0,0,NA,0,0,0,0,NA,0,0,0,NA,NA,NA,0,0,0,0,0,0,NA,0,0,NA,NA,NA,0,0,NA,0,0,0,NA,0,0,NA,0,NA,0,0,NA,NA,NA,NA,NA,NA,NA,NA,NA,NA,NA,NA
"200",1,NA,NA,0,NA,NA,NA,NA,NA,0,NA,0,0,NA,0,0,NA,NA,NA,0,NA,NA,NA,0,NA,0,NA,NA,0,NA,0,0,NA,NA,NA,0,0,0,0,0,0,0,NA,0,0,0,NA,NA,NA,0,0,0,NA,0,0,NA,0,0,NA,NA,NA,0,0,NA,0,0,0,NA,0,0,NA,0,NA,0,0,NA,NA,NA,NA,NA,NA,NA,NA,NA,NA,NA,NA
"201",1,NA,NA,0,NA,NA,NA,NA,NA,0,NA,0,0,NA,0,0,NA,NA,NA,0,NA,NA,NA,0,NA,0,NA,NA,0,NA,0,0,NA,NA,NA,0,0,NA,0,0,0,0,NA,0,0,0,NA,NA,NA,0,0,0,NA,0,0,0,0,0,NA,NA,NA,0,0,NA,0,0,0,NA,0,0,NA,0,NA,0,0,NA,NA,NA,NA,NA,NA,NA,NA,NA,NA,NA,NA
"202",1,NA,NA,0,NA,NA,NA,NA,NA,0,NA,0,0,NA,0,0,NA,NA,NA,0,NA,NA,NA,0,NA,0,NA,NA,0,NA,0,0,NA,NA,NA,0,0,NA,0,0,0,0,NA,0,0,0,NA,NA,NA,0,0,0,NA,0,0,NA,0,0,NA,NA,NA,0,0,NA,0,0,0,NA,0,0,NA,0,NA,0,0,NA,NA,NA,NA,NA,NA,NA,NA,NA,NA,NA,NA
"203",1,NA,NA,1,NA,NA,NA,NA,NA,0,NA,0,0,NA,0,0,NA,NA,NA,0,NA,NA,NA,0,NA,0,NA,NA,0,NA,0,0,NA,NA,NA,0,0,0,0,0,0,0,NA,0,0,0,NA,NA,NA,0,0,0,0,0,0,NA,0,0,NA,NA,NA,0,0,NA,0,0,0,NA,0,0,NA,NA,NA,0,0,NA,NA,NA,NA,NA,NA,NA,NA,NA,NA,NA,NA
"204",1,NA,NA,1,NA,NA,NA,NA,NA,0,NA,0,0,NA,0,0,NA,NA,NA,0,NA,NA,NA,0,NA,0,NA,NA,0,NA,0,0,NA,NA,NA,0,0,0,0,0,0,0,NA,0,0,0,NA,NA,NA,0,0,0,NA,0,0,0,0,0,NA,NA,NA,0,0,NA,0,0,0,NA,0,0,NA,NA,NA,0,0,NA,NA,NA,NA,NA,NA,NA,NA,NA,NA,NA,NA
"205",1,NA,NA,1,NA,NA,NA,NA,1,0,0,0,0,NA,NA,0,0,NA,NA,0,0,NA,NA,0,NA,0,0,0,0,0,NA,0,NA,NA,NA,0,0,NA,0,0,0,0,NA,0,NA,0,NA,0,NA,NA,0,0,0,0,0,0,0,0,NA,NA,NA,0,0,NA,0,0,0,NA,0,0,NA,NA,NA,0,0,NA,NA,NA,NA,NA,NA,NA,NA,NA,NA,NA,NA
"206",1,NA,NA,1,NA,NA,NA,NA,1,0,0,0,0,NA,NA,0,0,NA,NA,0,0,NA,NA,0,NA,0,0,0,0,0,NA,0,NA,NA,NA,0,0,0,0,0,0,0,NA,0,NA,0,NA,0,NA,NA,0,0,NA,0,0,NA,0,0,NA,NA,NA,0,0,NA,0,0,0,NA,0,0,NA,NA,NA,0,0,NA,NA,NA,NA,NA,NA,NA,NA,NA,NA,NA,NA
"207",1,NA,NA,1,NA,NA,NA,NA,1,0,0,0,0,NA,NA,0,0,NA,NA,0,0,NA,NA,0,NA,0,0,0,0,0,NA,0,NA,NA,NA,0,0,NA,0,0,0,0,NA,0,NA,0,NA,0,NA,NA,0,0,NA,0,0,0,0,0,NA,NA,NA,0,0,NA,0,0,0,NA,0,0,NA,NA,NA,0,0,NA,NA,NA,NA,NA,NA,NA,NA,NA,NA,NA,NA
"208",1,NA,NA,1,NA,NA,NA,NA,1,0,0,0,0,NA,NA,0,0,NA,NA,0,0,NA,NA,0,NA,0,0,0,0,0,NA,0,NA,NA,NA,0,0,NA,0,0,0,0,NA,0,NA,0,NA,0,NA,NA,0,0,0,0,0,NA,0,0,NA,NA,NA,0,0,NA,0,0,0,NA,0,0,NA,NA,NA,0,0,NA,NA,NA,NA,NA,NA,NA,NA,NA,NA,NA,NA
"209",1,NA,NA,1,NA,NA,NA,NA,1,0,0,0,0,NA,NA,0,0,NA,NA,0,0,NA,NA,0,NA,0,0,0,0,0,NA,0,NA,NA,NA,0,0,NA,0,0,0,0,NA,0,NA,0,NA,0,NA,NA,0,0,NA,0,0,NA,0,0,NA,NA,NA,0,0,NA,0,0,0,NA,0,0,NA,NA,NA,0,0,NA,NA,NA,NA,NA,NA,NA,NA,NA,NA,NA,NA
"210",NA,0,1,NA,0,0,0,0,0,0,NA,NA,0,NA,0,NA,NA,0,0,0,NA,NA,NA,0,0,0,NA,NA,0,NA,NA,0,0,0,0,NA,0,0,0,0,0,NA,0,0,0,NA,0,NA,0,0,NA,NA,0,0,0,NA,0,NA,0,NA,0,0,0,0,0,NA,0,NA,0,0,NA,0,NA,0,0,0,0,0,NA,NA,NA,NA,NA,NA,NA,NA,NA
"211",NA,1,1,NA,1,0,0,1,1,0,NA,NA,0,NA,0,NA,NA,0,0,NA,NA,NA,NA,0,0,0,NA,NA,0,NA,NA,0,0,0,0,NA,0,0,0,0,0,NA,0,0,0,NA,0,NA,0,0,NA,NA,0,0,0,NA,0,NA,0,0,0,0,0,0,0,NA,0,NA,0,0,NA,0,NA,0,0,0,0,0,NA,NA,NA,NA,NA,NA,NA,NA,NA
"212",NA,1,1,NA,0,0,0,0,0,0,NA,NA,0,NA,0,NA,NA,0,0,0,NA,NA,NA,0,0,0,NA,NA,0,NA,NA,0,0,0,0,NA,0,0,0,0,0,NA,0,0,0,NA,0,NA,0,0,NA,NA,0,0,0,NA,0,NA,0,0,0,0,0,0,NA,NA,0,NA,0,0,NA,0,NA,0,0,0,0,0,NA,NA,NA,NA,NA,NA,NA,NA,NA
"213",NA,1,1,NA,1,0,0,1,1,0,NA,NA,0,NA,0,NA,NA,0,0,NA,NA,NA,NA,0,0,0,NA,NA,0,NA,NA,0,0,0,0,NA,0,0,0,0,0,NA,0,0,0,NA,0,NA,0,0,NA,NA,0,0,0,NA,0,NA,0,0,0,0,0,0,NA,NA,0,NA,0,0,NA,0,NA,0,0,0,0,0,NA,NA,NA,NA,NA,NA,NA,NA,NA
"214",NA,1,1,NA,0,0,0,0,0,0,NA,NA,0,NA,0,NA,NA,0,0,0,NA,NA,NA,0,0,0,NA,NA,0,NA,NA,0,0,0,0,NA,0,0,0,0,0,NA,0,0,0,NA,0,NA,0,0,NA,NA,0,0,0,NA,0,NA,0,NA,0,0,0,0,NA,NA,0,NA,0,0,NA,0,NA,0,0,0,0,0,NA,NA,NA,NA,NA,NA,NA,NA,NA
"215",NA,1,1,NA,1,0,0,1,1,0,NA,NA,0,NA,0,NA,NA,0,0,NA,NA,NA,NA,0,0,0,NA,NA,0,NA,NA,0,0,0,0,NA,0,0,0,0,0,NA,0,0,0,NA,0,NA,0,0,NA,NA,0,0,0,NA,0,NA,0,NA,0,0,0,0,0,NA,0,NA,0,0,NA,0,NA,0,0,0,0,0,NA,NA,NA,NA,NA,NA,NA,NA,NA
"216",NA,1,1,NA,1,0,0,1,1,0,NA,NA,0,NA,0,NA,NA,0,0,NA,NA,NA,NA,0,0,0,NA,NA,0,NA,NA,0,0,0,0,NA,0,0,0,0,0,NA,0,0,0,NA,0,NA,0,0,NA,NA,0,0,0,NA,0,NA,0,NA,0,0,0,0,NA,NA,0,NA,0,0,NA,0,NA,0,0,0,0,0,NA,NA,NA,NA,NA,NA,NA,NA,NA
"217",NA,1,1,NA,0,1,1,0,0,NA,NA,NA,0,NA,0,NA,NA,0,0,0,NA,NA,NA,0,0,0,NA,NA,0,NA,NA,0,0,0,0,NA,0,0,0,0,0,NA,0,0,0,NA,0,NA,0,0,NA,NA,0,0,0,NA,0,NA,0,0,0,0,0,0,0,NA,0,NA,0,0,NA,0,NA,0,0,0,0,0,NA,NA,NA,NA,NA,NA,NA,NA,NA
"218",NA,1,1,NA,1,1,1,1,1,NA,NA,NA,0,NA,0,NA,NA,0,0,NA,NA,NA,NA,0,0,0,NA,NA,0,NA,NA,0,0,0,0,NA,0,0,0,0,0,NA,0,0,0,NA,0,NA,0,0,NA,NA,0,0,0,NA,0,NA,0,0,0,0,0,0,0,NA,0,NA,0,0,NA,0,NA,0,0,0,0,0,NA,NA,NA,NA,NA,NA,NA,NA,NA
"219",NA,1,1,NA,0,1,1,0,0,NA,NA,NA,0,NA,0,NA,NA,0,0,0,NA,NA,NA,0,0,0,NA,NA,0,NA,NA,0,0,0,0,NA,0,0,0,0,0,NA,0,0,0,NA,0,NA,0,0,NA,NA,0,0,0,NA,0,NA,0,0,0,0,0,0,NA,NA,0,NA,0,0,NA,0,NA,0,0,0,0,0,NA,NA,NA,NA,NA,NA,NA,NA,NA
"220",NA,1,1,NA,0,1,1,0,0,NA,NA,NA,0,NA,0,NA,NA,0,0,0,NA,NA,NA,0,0,0,NA,NA,0,NA,NA,0,0,0,0,NA,0,0,0,0,0,NA,0,0,0,NA,0,NA,0,0,NA,NA,0,0,0,NA,0,NA,0,NA,0,0,0,0,0,NA,0,NA,0,0,NA,0,NA,0,0,0,0,0,NA,NA,NA,NA,NA,NA,NA,NA,NA
"221",NA,1,1,NA,1,1,1,1,1,NA,NA,NA,0,NA,0,NA,NA,0,0,NA,NA,NA,NA,0,0,0,NA,NA,0,NA,NA,0,0,0,0,NA,0,0,0,0,0,NA,0,0,0,NA,0,NA,0,0,NA,NA,0,0,0,NA,0,NA,0,NA,0,0,0,0,0,NA,0,NA,0,0,NA,0,NA,0,0,0,0,0,NA,NA,NA,NA,NA,NA,NA,NA,NA
"222",NA,1,1,NA,1,1,1,1,1,NA,NA,NA,0,NA,0,NA,NA,0,0,NA,NA,NA,NA,0,0,0,NA,NA,0,NA,NA,0,0,0,0,NA,0,0,0,0,0,NA,0,0,0,NA,0,NA,0,0,NA,NA,0,0,0,NA,0,NA,0,0,0,0,0,0,NA,NA,0,NA,0,0,NA,0,NA,0,0,0,0,0,NA,NA,NA,NA,NA,NA,NA,NA,NA
"223",NA,1,1,NA,0,1,1,0,0,NA,NA,NA,0,NA,0,NA,NA,0,0,0,NA,NA,NA,0,0,0,NA,NA,0,NA,NA,0,0,0,0,NA,0,0,0,0,0,NA,0,0,0,NA,0,NA,0,0,NA,NA,0,0,0,NA,0,NA,0,NA,0,0,0,0,NA,NA,0,NA,0,0,NA,0,NA,0,0,0,0,0,NA,NA,NA,NA,NA,NA,NA,NA,NA
"224",NA,1,1,NA,1,1,1,1,1,NA,NA,NA,0,NA,0,NA,NA,0,0,NA,NA,NA,NA,0,0,0,NA,NA,0,NA,NA,0,0,0,0,NA,0,0,0,0,0,NA,0,0,0,NA,0,NA,0,0,NA,NA,0,0,0,NA,0,NA,0,NA,0,0,0,0,NA,NA,0,NA,0,0,NA,0,NA,0,0,0,0,0,NA,NA,NA,NA,NA,NA,NA,NA,NA
"225",0.9921875,0.989583333333333,0.979166666666667,0.75,0.75,0.666666666666667,0.666666666666667,0.652542372881356,0.650684931506849,0.166666666666667,0,0,0,0,0,0,0,0,0,0,0,0,0,0,0,0,0,0,0,0,0,0,0,0,0,0,0,0,0,0,0,0,0,0,0,0,0,0,0,0,0,0,0,0,0,0,0,0,0,0,0,0,0,0,0,0,0,0,0,0,0,0,0,0,0,0,0,0,NA,NA,NA,NA,NA,NA,NA,NA,NA
"226",0.571428571428571,0.428571428571429,0.428571428571429,0.571428571428571,0.428571428571429,0.428571428571429,0.428571428571429,0.526785714285714,0.651785714285714,0.857142857142857,0.223214285714286,0.571428571428571,1,0.0044642857142857,0.772321428571429,0.285714285714286,0.34375,0.428571428571429,0.428571428571429,0.785714285714286,0.4375,0.09375,0.0491071428571429,1,0.428571428571429,1,0.223214285714286,0.223214285714286,0.995535714285714,0.4375,0.441964285714286,1,0.428571428571429,0.428571428571429,0.428571428571429,0.571428571428571,1,0.714285714285714,1,0.901785714285714,1,0.571428571428571,0.428571428571429,1,0.776785714285714,0.571428571428571,0.428571428571429,0.223214285714286,0.428571428571429,0.776785714285714,0.571428571428571,0.571428571428571,0.714285714285714,1,1,0.285714285714286,1,0.571428571428571,0.428571428571429,0.214285714285714,0.428571428571429,1,1,0.714285714285714,0.785714285714286,0.571428571428571,1,0.214285714285714,1,1,0.142857142857143,0.714285714285714,0.285714285714286,1,1,0.428571428571429,0.428571428571429,0.428571428571429,0,0,0,0,0,0,0,0,0
