"","bglJ","stpA","leuO","phoB","cra","rcsB","asnC","dnaA","cusR","puuR","yiaJ","yqjI","idnR","mraZ","pdeL","purR","prpR","lsrR","glcC","nhaR","nikR","betI","lldR","dcuR","metJ","adiY","galR","fhlA","mlc","argP","nac","exuR","hdfR","yjjQ","soxR","oxyR","rob","narL","evgA","lrp","fliZ","soxS","arcA","fnr","zraR","metR","putA","cadC","melR","araC","malI","fucR","tdcA","hyfR","yeiL","dpiA","aidB","rbsR","cspA","flhD","flhC","ptsG","rhaR","rhaS","pdhR","srlR","xylR","mazE","uxuR","galS","gutM","mazF","glnG","marR","csgD","mlrA","ydeO","gadW","ompR","marA","gadX","gadE","rcsA","fur","fis","hns","crp"
"1",NA,1,NA,1,NA,0,NA,0,0,0,0,NA,0,0,0,0,NA,0,0,NA,NA,0,0,NA,0,0,0,0,0,0,0,0,0,NA,0,0,0,0,0,0,0,0,NA,0,NA,NA,NA,NA,NA,NA,NA,NA,NA,NA,NA,NA,NA,NA,NA,NA,NA,NA,NA,NA,NA,NA,NA,NA,NA,NA,NA,NA,NA,NA,NA,NA,NA,NA,NA,NA,NA,NA,NA,NA,NA,NA,NA
"2",NA,1,NA,0,NA,0,NA,0,NA,0,0,NA,0,0,0,0,NA,0,0,NA,NA,0,0,NA,0,0,0,0,0,0,0,0,0,NA,0,0,0,0,0,0,0,0,NA,0,NA,NA,NA,NA,NA,NA,NA,NA,NA,NA,NA,NA,NA,NA,NA,NA,NA,NA,NA,NA,NA,NA,NA,NA,NA,NA,NA,NA,NA,NA,NA,NA,NA,NA,NA,NA,NA,NA,NA,NA,NA,NA,NA
"3",1,0,1,1,NA,0,0,0,0,0,0,NA,0,0,0,0,NA,0,0,0,NA,NA,NA,NA,0,0,0,0,0,0,0,0,0,0,0,0,0,0,0,0,0,NA,NA,NA,NA,NA,NA,NA,NA,NA,NA,NA,NA,NA,NA,NA,NA,NA,NA,NA,NA,NA,NA,NA,NA,NA,NA,NA,NA,NA,NA,NA,NA,NA,NA,NA,NA,NA,NA,NA,NA,NA,NA,NA,NA,NA,NA
"4",1,1,NA,1,NA,1,0,0,0,0,0,NA,0,0,0,0,NA,0,0,0,NA,NA,NA,NA,0,0,0,0,0,0,0,0,0,0,0,0,0,0,0,0,0,NA,NA,NA,NA,NA,NA,NA,NA,NA,NA,NA,NA,NA,NA,NA,NA,NA,NA,NA,NA,NA,NA,NA,NA,NA,NA,NA,NA,NA,NA,NA,NA,NA,NA,NA,NA,NA,NA,NA,NA,NA,NA,NA,NA,NA,NA
"5",1,0,1,1,NA,0,0,0,0,0,0,0,NA,0,0,0,NA,0,0,0,0,NA,NA,0,0,0,0,0,0,0,NA,0,0,0,NA,0,0,NA,0,0,0,NA,0,NA,NA,NA,NA,NA,NA,NA,NA,NA,NA,NA,NA,NA,NA,NA,NA,NA,NA,NA,NA,NA,NA,NA,NA,NA,NA,NA,NA,NA,NA,NA,NA,NA,NA,NA,NA,NA,NA,NA,NA,NA,NA,NA,NA
"6",1,0,1,0,NA,0,NA,0,NA,0,0,NA,0,0,0,0,NA,0,0,0,NA,0,0,NA,0,0,0,0,0,0,0,0,0,0,0,0,0,0,0,0,0,0,NA,0,NA,NA,NA,NA,NA,NA,NA,NA,NA,NA,NA,NA,NA,NA,NA,NA,NA,NA,NA,NA,NA,NA,NA,NA,NA,NA,NA,NA,NA,NA,NA,NA,NA,NA,NA,NA,NA,NA,NA,NA,NA,NA,NA
"7",NA,1,0,1,NA,1,0,0,0,0,0,NA,0,0,0,0,NA,0,0,0,NA,NA,NA,NA,0,0,0,0,0,0,0,0,0,NA,0,0,0,0,0,0,0,NA,NA,NA,NA,NA,NA,NA,NA,NA,NA,NA,NA,NA,NA,NA,NA,NA,NA,NA,NA,NA,NA,NA,NA,NA,NA,NA,NA,NA,NA,NA,NA,NA,NA,NA,NA,NA,NA,NA,NA,NA,NA,NA,NA,NA,NA
"8",1,0,1,1,NA,0,0,0,0,0,0,0,0,0,0,0,NA,0,0,NA,0,NA,NA,0,0,0,0,0,0,0,NA,0,0,0,NA,0,0,NA,0,0,0,NA,0,NA,NA,NA,NA,NA,NA,NA,NA,NA,NA,NA,NA,NA,NA,NA,NA,NA,NA,NA,NA,NA,NA,NA,NA,NA,NA,NA,NA,NA,NA,NA,NA,NA,NA,NA,NA,NA,NA,NA,NA,NA,NA,NA,NA
"9",1,0,1,0,NA,0,NA,0,NA,0,0,NA,0,0,0,0,NA,0,0,NA,NA,0,0,NA,0,0,0,0,0,0,0,0,0,0,0,0,0,0,0,0,0,0,NA,0,NA,NA,NA,NA,NA,NA,NA,NA,NA,NA,NA,NA,NA,NA,NA,NA,NA,NA,NA,NA,NA,NA,NA,NA,NA,NA,NA,NA,NA,NA,NA,NA,NA,NA,NA,NA,NA,NA,NA,NA,NA,NA,NA
"10",1,1,NA,0,NA,1,0,0,NA,0,0,NA,0,0,0,0,NA,0,0,0,NA,NA,NA,NA,0,0,0,0,0,0,0,0,0,0,0,0,0,0,0,0,0,NA,NA,NA,NA,NA,NA,NA,NA,NA,NA,NA,NA,NA,NA,NA,NA,NA,NA,NA,NA,NA,NA,NA,NA,NA,NA,NA,NA,NA,NA,NA,NA,NA,NA,NA,NA,NA,NA,NA,NA,NA,NA,NA,NA,NA,NA
"11",NA,1,0,1,NA,1,0,0,0,0,0,NA,0,0,0,0,NA,0,0,NA,NA,NA,NA,NA,0,0,0,0,0,0,0,0,0,NA,0,0,0,0,0,0,0,NA,NA,NA,NA,NA,NA,NA,NA,NA,NA,NA,NA,NA,NA,NA,NA,NA,NA,NA,NA,NA,NA,NA,NA,NA,NA,NA,NA,NA,NA,NA,NA,NA,NA,NA,NA,NA,NA,NA,NA,NA,NA,NA,NA,NA,NA
"12",1,0,1,NA,0,0,0,NA,NA,0,0,NA,0,0,0,0,0,0,NA,0,NA,NA,NA,NA,0,0,0,0,0,NA,0,0,0,0,0,0,0,0,0,0,0,NA,NA,NA,NA,NA,NA,NA,NA,NA,NA,NA,NA,NA,NA,NA,NA,NA,NA,NA,NA,NA,NA,NA,NA,NA,NA,NA,NA,NA,NA,NA,NA,NA,NA,NA,NA,NA,NA,NA,NA,NA,NA,NA,NA,NA,NA
"13",NA,1,0,0,NA,1,0,0,NA,0,0,NA,0,0,0,0,NA,0,0,0,NA,NA,NA,NA,0,0,0,0,0,0,0,0,0,NA,0,0,0,0,0,0,0,NA,NA,NA,NA,NA,NA,NA,NA,NA,NA,NA,NA,NA,NA,NA,NA,NA,NA,NA,NA,NA,NA,NA,NA,NA,NA,NA,NA,NA,NA,NA,NA,NA,NA,NA,NA,NA,NA,NA,NA,NA,NA,NA,NA,NA,NA
"14",1,0,1,NA,1,0,0,NA,NA,0,0,NA,0,0,NA,0,0,0,NA,0,NA,NA,NA,NA,0,0,0,0,0,NA,0,0,0,0,0,0,0,0,0,0,0,NA,NA,NA,NA,NA,NA,NA,NA,NA,NA,NA,NA,NA,NA,NA,NA,NA,NA,NA,NA,NA,NA,NA,NA,NA,NA,NA,NA,NA,NA,NA,NA,NA,NA,NA,NA,NA,NA,NA,NA,NA,NA,NA,NA,NA,NA
"15",NA,1,0,0,NA,1,0,0,NA,0,0,NA,0,0,0,0,NA,0,0,NA,NA,NA,NA,NA,0,0,0,0,0,0,0,0,0,NA,0,0,0,0,0,0,0,NA,NA,NA,NA,NA,NA,NA,NA,NA,NA,NA,NA,NA,NA,NA,NA,NA,NA,NA,NA,NA,NA,NA,NA,NA,NA,NA,NA,NA,NA,NA,NA,NA,NA,NA,NA,NA,NA,NA,NA,NA,NA,NA,NA,NA,NA
"16",1,0,1,0,NA,0,0,0,NA,0,0,NA,NA,0,0,0,NA,0,0,0,NA,NA,NA,NA,0,0,0,0,0,0,0,0,0,0,0,0,0,0,0,0,0,NA,NA,NA,NA,NA,NA,NA,NA,NA,NA,NA,NA,NA,NA,NA,NA,NA,NA,NA,NA,NA,NA,NA,NA,NA,NA,NA,NA,NA,NA,NA,NA,NA,NA,NA,NA,NA,NA,NA,NA,NA,NA,NA,NA,NA,NA
"17",NA,1,0,1,NA,1,NA,0,0,0,0,NA,0,0,0,0,NA,0,0,NA,NA,0,0,NA,0,0,0,0,0,0,0,0,0,NA,0,0,0,0,0,0,0,0,NA,0,NA,NA,NA,NA,NA,NA,NA,NA,NA,NA,NA,NA,NA,NA,NA,NA,NA,NA,NA,NA,NA,NA,NA,NA,NA,NA,NA,NA,NA,NA,NA,NA,NA,NA,NA,NA,NA,NA,NA,NA,NA,NA,NA
"18",1,0,1,NA,0,0,0,NA,NA,0,0,NA,NA,0,0,0,0,0,NA,0,NA,NA,NA,NA,0,0,0,0,0,NA,0,0,0,0,0,0,0,0,0,0,0,NA,NA,NA,NA,NA,NA,NA,NA,NA,NA,NA,NA,NA,NA,NA,NA,NA,NA,NA,NA,NA,NA,NA,NA,NA,NA,NA,NA,NA,NA,NA,NA,NA,NA,NA,NA,NA,NA,NA,NA,NA,NA,NA,NA,NA,NA
"19",1,1,NA,1,NA,1,0,0,0,0,0,NA,NA,0,0,0,NA,0,0,0,NA,NA,NA,NA,0,0,0,0,0,0,0,0,0,0,0,0,0,0,0,0,0,NA,NA,NA,NA,NA,NA,NA,NA,NA,NA,NA,NA,NA,NA,NA,NA,NA,NA,NA,NA,NA,NA,NA,NA,NA,NA,NA,NA,NA,NA,NA,NA,NA,NA,NA,NA,NA,NA,NA,NA,NA,NA,NA,NA,NA,NA
"20",1,0,1,NA,0,0,0,NA,NA,0,0,NA,0,0,0,0,0,0,NA,NA,NA,NA,NA,NA,0,0,0,0,0,NA,0,0,0,0,0,0,0,0,0,0,0,NA,NA,NA,NA,NA,NA,NA,NA,NA,NA,NA,NA,NA,NA,NA,NA,NA,NA,NA,NA,NA,NA,NA,NA,NA,NA,NA,NA,NA,NA,NA,NA,NA,NA,NA,NA,NA,NA,NA,NA,NA,NA,NA,NA,NA,NA
"21",1,1,NA,0,NA,1,0,0,NA,0,0,NA,NA,0,0,0,NA,0,0,0,NA,NA,NA,NA,0,0,0,0,0,0,0,0,0,0,0,0,0,0,0,0,0,NA,NA,NA,NA,NA,NA,NA,NA,NA,NA,NA,NA,NA,NA,NA,NA,NA,NA,NA,NA,NA,NA,NA,NA,NA,NA,NA,NA,NA,NA,NA,NA,NA,NA,NA,NA,NA,NA,NA,NA,NA,NA,NA,NA,NA,NA
"22",1,0,1,NA,1,0,0,NA,NA,0,0,NA,0,0,NA,0,0,0,NA,NA,NA,NA,NA,NA,0,0,0,0,0,NA,0,0,0,0,0,0,0,0,0,0,0,NA,NA,NA,NA,NA,NA,NA,NA,NA,NA,NA,NA,NA,NA,NA,NA,NA,NA,NA,NA,NA,NA,NA,NA,NA,NA,NA,NA,NA,NA,NA,NA,NA,NA,NA,NA,NA,NA,NA,NA,NA,NA,NA,NA,NA,NA
"23",1,1,NA,1,NA,1,NA,0,0,0,0,NA,NA,0,0,0,NA,0,0,0,NA,0,0,NA,0,0,0,0,0,0,0,0,0,0,0,0,0,0,0,0,0,0,NA,0,NA,NA,NA,NA,NA,NA,NA,NA,NA,NA,NA,NA,NA,NA,NA,NA,NA,NA,NA,NA,NA,NA,NA,NA,NA,NA,NA,NA,NA,NA,NA,NA,NA,NA,NA,NA,NA,NA,NA,NA,NA,NA,NA
"24",NA,1,0,0,NA,1,NA,0,NA,0,0,NA,0,0,0,0,NA,0,0,NA,NA,0,0,NA,0,0,0,0,0,0,0,0,0,NA,0,0,0,0,0,0,0,0,NA,0,NA,NA,NA,NA,NA,NA,NA,NA,NA,NA,NA,NA,NA,NA,NA,NA,NA,NA,NA,NA,NA,NA,NA,NA,NA,NA,NA,NA,NA,NA,NA,NA,NA,NA,NA,NA,NA,NA,NA,NA,NA,NA,NA
"25",1,1,NA,0,NA,1,NA,0,NA,0,0,NA,NA,0,0,0,NA,0,0,0,NA,0,0,NA,0,0,0,0,0,0,0,0,0,0,0,0,0,0,0,0,0,0,NA,0,NA,NA,NA,NA,NA,NA,NA,NA,NA,NA,NA,NA,NA,NA,NA,NA,NA,NA,NA,NA,NA,NA,NA,NA,NA,NA,NA,NA,NA,NA,NA,NA,NA,NA,NA,NA,NA,NA,NA,NA,NA,NA,NA
"26",1,1,NA,NA,0,1,0,NA,NA,0,0,NA,0,0,0,0,0,0,NA,0,NA,NA,NA,NA,0,0,0,0,0,NA,0,0,0,0,0,0,0,0,0,0,0,NA,NA,NA,NA,NA,NA,NA,NA,NA,NA,NA,NA,NA,NA,NA,NA,NA,NA,NA,NA,NA,NA,NA,NA,NA,NA,NA,NA,NA,NA,NA,NA,NA,NA,NA,NA,NA,NA,NA,NA,NA,NA,NA,NA,NA,NA
"27",NA,1,NA,1,NA,0,0,0,0,0,0,NA,0,0,0,0,NA,0,0,0,NA,NA,NA,NA,0,0,0,0,0,0,0,0,0,NA,0,0,0,0,0,0,0,NA,NA,NA,NA,NA,NA,NA,NA,NA,NA,NA,NA,NA,NA,NA,NA,NA,NA,NA,NA,NA,NA,NA,NA,NA,NA,NA,NA,NA,NA,NA,NA,NA,NA,NA,NA,NA,NA,NA,NA,NA,NA,NA,NA,NA,NA
"28",1,1,NA,NA,1,1,0,NA,NA,0,0,NA,0,0,NA,0,0,0,NA,0,NA,NA,NA,NA,0,0,0,0,0,NA,0,0,0,0,0,0,0,0,0,0,0,NA,NA,NA,NA,NA,NA,NA,NA,NA,NA,NA,NA,NA,NA,NA,NA,NA,NA,NA,NA,NA,NA,NA,NA,NA,NA,NA,NA,NA,NA,NA,NA,NA,NA,NA,NA,NA,NA,NA,NA,NA,NA,NA,NA,NA,NA
"29",1,0,1,1,NA,0,0,0,0,0,0,NA,NA,0,0,0,NA,0,0,NA,NA,NA,NA,NA,0,0,0,0,0,0,0,0,0,0,0,0,0,0,0,0,0,NA,NA,NA,NA,NA,NA,NA,NA,NA,NA,NA,NA,NA,NA,NA,NA,NA,NA,NA,NA,NA,NA,NA,NA,NA,NA,NA,NA,NA,NA,NA,NA,NA,NA,NA,NA,NA,NA,NA,NA,NA,NA,NA,NA,NA,NA
"30",1,1,NA,NA,0,1,NA,NA,NA,0,0,NA,0,0,0,0,0,0,NA,0,NA,0,0,NA,0,0,0,0,0,NA,0,0,0,0,0,0,0,0,0,0,0,0,NA,0,NA,NA,NA,NA,NA,NA,NA,NA,NA,NA,NA,NA,NA,NA,NA,NA,NA,NA,NA,NA,NA,NA,NA,NA,NA,NA,NA,NA,NA,NA,NA,NA,NA,NA,NA,NA,NA,NA,NA,NA,NA,NA,NA
"31",NA,1,0,NA,1,1,0,NA,NA,0,0,NA,0,0,NA,0,0,0,NA,0,NA,NA,NA,NA,0,0,0,0,0,NA,0,0,0,NA,0,0,0,0,0,0,0,NA,NA,NA,NA,NA,NA,NA,NA,NA,NA,NA,NA,NA,NA,NA,NA,NA,NA,NA,NA,NA,NA,NA,NA,NA,NA,NA,NA,NA,NA,NA,NA,NA,NA,NA,NA,NA,NA,NA,NA,NA,NA,NA,NA,NA,NA
"32",1,0,1,0,NA,0,0,0,NA,0,0,NA,NA,0,0,0,NA,0,0,NA,NA,NA,NA,NA,0,0,0,0,0,0,0,0,0,0,0,0,0,0,0,0,0,NA,NA,NA,NA,NA,NA,NA,NA,NA,NA,NA,NA,NA,NA,NA,NA,NA,NA,NA,NA,NA,NA,NA,NA,NA,NA,NA,NA,NA,NA,NA,NA,NA,NA,NA,NA,NA,NA,NA,NA,NA,NA,NA,NA,NA,NA
"33",1,1,NA,NA,0,1,0,NA,NA,0,0,NA,0,0,0,0,0,0,NA,NA,NA,NA,NA,NA,0,0,0,0,0,NA,0,0,0,0,0,0,0,0,0,0,0,NA,NA,NA,NA,NA,NA,NA,NA,NA,NA,NA,NA,NA,NA,NA,NA,NA,NA,NA,NA,NA,NA,NA,NA,NA,NA,NA,NA,NA,NA,NA,NA,NA,NA,NA,NA,NA,NA,NA,NA,NA,NA,NA,NA,NA,NA
"34",NA,1,0,1,NA,1,0,0,0,0,0,NA,NA,0,0,0,NA,0,0,NA,NA,NA,NA,NA,0,0,0,0,0,0,0,0,0,NA,0,0,0,0,0,0,0,NA,NA,NA,NA,NA,NA,NA,NA,NA,NA,NA,NA,NA,NA,NA,NA,NA,NA,NA,NA,NA,NA,NA,NA,NA,NA,NA,NA,NA,NA,NA,NA,NA,NA,NA,NA,NA,NA,NA,NA,NA,NA,NA,NA,NA,NA
"35",1,1,NA,NA,1,1,0,NA,NA,0,0,NA,0,0,NA,0,0,0,NA,NA,NA,NA,NA,NA,0,0,0,0,0,NA,0,0,0,0,0,0,0,0,0,0,0,NA,NA,NA,NA,NA,NA,NA,NA,NA,NA,NA,NA,NA,NA,NA,NA,NA,NA,NA,NA,NA,NA,NA,NA,NA,NA,NA,NA,NA,NA,NA,NA,NA,NA,NA,NA,NA,NA,NA,NA,NA,NA,NA,NA,NA,NA
"36",1,0,1,NA,1,0,0,NA,NA,0,0,NA,NA,0,NA,0,0,0,NA,0,NA,NA,NA,NA,0,0,0,0,0,NA,0,0,0,0,0,0,0,0,0,0,0,NA,NA,NA,NA,NA,NA,NA,NA,NA,NA,NA,NA,NA,NA,NA,NA,NA,NA,NA,NA,NA,NA,NA,NA,NA,NA,NA,NA,NA,NA,NA,NA,NA,NA,NA,NA,NA,NA,NA,NA,NA,NA,NA,NA,NA,NA
"37",NA,1,NA,0,NA,0,0,0,NA,0,0,NA,0,0,0,0,NA,0,0,0,NA,NA,NA,NA,0,0,0,0,0,0,0,0,0,NA,0,0,0,0,0,0,0,NA,NA,NA,NA,NA,NA,NA,NA,NA,NA,NA,NA,NA,NA,NA,NA,NA,NA,NA,NA,NA,NA,NA,NA,NA,NA,NA,NA,NA,NA,NA,NA,NA,NA,NA,NA,NA,NA,NA,NA,NA,NA,NA,NA,NA,NA
"38",1,1,NA,NA,0,1,NA,NA,NA,0,0,NA,0,0,0,0,0,0,NA,NA,NA,0,0,NA,0,0,0,0,0,NA,0,0,0,0,0,0,0,0,0,0,0,0,NA,0,NA,NA,NA,NA,NA,NA,NA,NA,NA,NA,NA,NA,NA,NA,NA,NA,NA,NA,NA,NA,NA,NA,NA,NA,NA,NA,NA,NA,NA,NA,NA,NA,NA,NA,NA,NA,NA,NA,NA,NA,NA,NA,NA
"39",NA,1,0,NA,0,1,0,NA,NA,0,0,NA,NA,0,0,0,0,0,NA,0,NA,NA,NA,NA,0,0,0,0,0,NA,0,0,0,NA,0,0,0,0,0,0,0,NA,NA,NA,NA,NA,NA,NA,NA,NA,NA,NA,NA,NA,NA,NA,NA,NA,NA,NA,NA,NA,NA,NA,NA,NA,NA,NA,NA,NA,NA,NA,NA,NA,NA,NA,NA,NA,NA,NA,NA,NA,NA,NA,NA,NA,NA
"40",1,1,NA,NA,1,1,NA,NA,NA,0,0,NA,0,0,NA,0,0,0,NA,NA,NA,0,0,NA,0,0,0,0,0,NA,0,0,0,0,0,0,0,0,0,0,0,0,NA,0,NA,NA,NA,NA,NA,NA,NA,NA,NA,NA,NA,NA,NA,NA,NA,NA,NA,NA,NA,NA,NA,NA,NA,NA,NA,NA,NA,NA,NA,NA,NA,NA,NA,NA,NA,NA,NA,NA,NA,NA,NA,NA,NA
"41",NA,1,0,NA,1,1,0,NA,NA,0,0,NA,NA,0,NA,0,0,0,NA,0,NA,NA,NA,NA,0,0,0,0,0,NA,0,0,0,NA,0,0,0,0,0,0,0,NA,NA,NA,NA,NA,NA,NA,NA,NA,NA,NA,NA,NA,NA,NA,NA,NA,NA,NA,NA,NA,NA,NA,NA,NA,NA,NA,NA,NA,NA,NA,NA,NA,NA,NA,NA,NA,NA,NA,NA,NA,NA,NA,NA,NA,NA
"42",1,1,NA,1,NA,1,0,0,0,0,0,NA,NA,0,0,0,NA,0,0,NA,NA,NA,NA,NA,0,0,0,0,0,0,0,0,0,0,0,0,0,0,0,0,0,NA,NA,NA,NA,NA,NA,NA,NA,NA,NA,NA,NA,NA,NA,NA,NA,NA,NA,NA,NA,NA,NA,NA,NA,NA,NA,NA,NA,NA,NA,NA,NA,NA,NA,NA,NA,NA,NA,NA,NA,NA,NA,NA,NA,NA,NA
"43",1,1,NA,NA,0,1,0,NA,NA,0,0,NA,NA,0,0,0,0,0,NA,0,NA,NA,NA,NA,0,0,0,0,0,NA,0,0,0,0,0,0,0,0,0,0,0,NA,NA,NA,NA,NA,NA,NA,NA,NA,NA,NA,NA,NA,NA,NA,NA,NA,NA,NA,NA,NA,NA,NA,NA,NA,NA,NA,NA,NA,NA,NA,NA,NA,NA,NA,NA,NA,NA,NA,NA,NA,NA,NA,NA,NA,NA
"44",NA,1,NA,1,NA,0,0,0,0,0,0,NA,NA,0,0,0,NA,0,0,0,NA,NA,NA,NA,0,0,0,0,0,0,0,0,0,NA,0,0,0,0,0,0,0,NA,NA,NA,NA,NA,NA,NA,NA,NA,NA,NA,NA,NA,NA,NA,NA,NA,NA,NA,NA,NA,NA,NA,NA,NA,NA,NA,NA,NA,NA,NA,NA,NA,NA,NA,NA,NA,NA,NA,NA,NA,NA,NA,NA,NA,NA
"45",NA,1,NA,NA,0,0,0,NA,NA,0,0,NA,0,0,0,0,0,0,NA,0,NA,NA,NA,NA,0,0,0,0,0,NA,0,0,0,NA,0,0,0,0,0,0,0,NA,NA,NA,NA,NA,NA,NA,NA,NA,NA,NA,NA,NA,NA,NA,NA,NA,NA,NA,NA,NA,NA,NA,NA,NA,NA,NA,NA,NA,NA,NA,NA,NA,NA,NA,NA,NA,NA,NA,NA,NA,NA,NA,NA,NA,NA
"46",NA,1,0,0,NA,1,0,0,NA,0,0,NA,NA,0,0,0,NA,0,0,NA,NA,NA,NA,NA,0,0,0,0,0,0,0,0,0,NA,0,0,0,0,0,0,0,NA,NA,NA,NA,NA,NA,NA,NA,NA,NA,NA,NA,NA,NA,NA,NA,NA,NA,NA,NA,NA,NA,NA,NA,NA,NA,NA,NA,NA,NA,NA,NA,NA,NA,NA,NA,NA,NA,NA,NA,NA,NA,NA,NA,NA,NA
"47",1,1,NA,NA,1,1,0,NA,NA,0,0,NA,NA,0,NA,0,0,0,NA,0,NA,NA,NA,NA,0,0,0,0,0,NA,0,0,0,0,0,0,0,0,0,0,0,NA,NA,NA,NA,NA,NA,NA,NA,NA,NA,NA,NA,NA,NA,NA,NA,NA,NA,NA,NA,NA,NA,NA,NA,NA,NA,NA,NA,NA,NA,NA,NA,NA,NA,NA,NA,NA,NA,NA,NA,NA,NA,NA,NA,NA,NA
"48",NA,1,0,0,NA,1,NA,0,NA,0,0,NA,NA,0,0,0,NA,0,0,NA,NA,0,0,NA,0,0,0,0,0,0,0,0,0,NA,0,0,0,0,0,0,0,0,NA,0,NA,NA,NA,NA,NA,NA,NA,NA,NA,NA,NA,NA,NA,NA,NA,NA,NA,NA,NA,NA,NA,NA,NA,NA,NA,NA,NA,NA,NA,NA,NA,NA,NA,NA,NA,NA,NA,NA,NA,NA,NA,NA,NA
"49",1,0,1,NA,0,0,0,NA,NA,0,0,NA,NA,0,0,0,0,0,NA,NA,NA,NA,NA,NA,0,0,0,0,0,NA,0,0,0,0,0,0,0,0,0,0,0,NA,NA,NA,NA,NA,NA,NA,NA,NA,NA,NA,NA,NA,NA,NA,NA,NA,NA,NA,NA,NA,NA,NA,NA,NA,NA,NA,NA,NA,NA,NA,NA,NA,NA,NA,NA,NA,NA,NA,NA,NA,NA,NA,NA,NA,NA
"50",NA,1,NA,0,NA,0,0,0,NA,0,0,NA,NA,0,0,0,NA,0,0,0,NA,NA,NA,NA,0,0,0,0,0,0,0,0,0,NA,0,0,0,0,0,0,0,NA,NA,NA,NA,NA,NA,NA,NA,NA,NA,NA,NA,NA,NA,NA,NA,NA,NA,NA,NA,NA,NA,NA,NA,NA,NA,NA,NA,NA,NA,NA,NA,NA,NA,NA,NA,NA,NA,NA,NA,NA,NA,NA,NA,NA,NA
"51",1,0,1,NA,1,0,0,NA,NA,0,0,NA,NA,0,NA,0,0,0,NA,NA,NA,NA,NA,NA,0,0,0,0,0,NA,0,0,0,0,0,0,0,0,0,0,0,NA,NA,NA,NA,NA,NA,NA,NA,NA,NA,NA,NA,NA,NA,NA,NA,NA,NA,NA,NA,NA,NA,NA,NA,NA,NA,NA,NA,NA,NA,NA,NA,NA,NA,NA,NA,NA,NA,NA,NA,NA,NA,NA,NA,NA,NA
"52",NA,1,NA,1,NA,0,0,0,0,0,0,NA,NA,0,0,0,NA,0,0,NA,NA,NA,NA,NA,0,0,0,0,0,0,0,0,0,NA,0,0,0,0,0,0,0,NA,NA,NA,NA,NA,NA,NA,NA,NA,NA,NA,NA,NA,NA,NA,NA,NA,NA,NA,NA,NA,NA,NA,NA,NA,NA,NA,NA,NA,NA,NA,NA,NA,NA,NA,NA,NA,NA,NA,NA,NA,NA,NA,NA,NA,NA
"53",1,1,NA,NA,0,1,0,NA,NA,0,0,NA,NA,0,0,0,0,0,NA,NA,NA,NA,NA,NA,0,0,0,0,0,NA,0,0,0,0,0,0,0,0,0,0,0,NA,NA,NA,NA,NA,NA,NA,NA,NA,NA,NA,NA,NA,NA,NA,NA,NA,NA,NA,NA,NA,NA,NA,NA,NA,NA,NA,NA,NA,NA,NA,NA,NA,NA,NA,NA,NA,NA,NA,NA,NA,NA,NA,NA,NA,NA
"54",NA,1,NA,0,NA,0,0,0,NA,0,0,NA,NA,0,0,0,NA,0,0,NA,NA,NA,NA,NA,0,0,0,0,0,0,0,0,0,NA,0,0,0,0,0,0,0,NA,NA,NA,NA,NA,NA,NA,NA,NA,NA,NA,NA,NA,NA,NA,NA,NA,NA,NA,NA,NA,NA,NA,NA,NA,NA,NA,NA,NA,NA,NA,NA,NA,NA,NA,NA,NA,NA,NA,NA,NA,NA,NA,NA,NA,NA
"55",NA,1,NA,NA,1,0,0,NA,NA,0,0,NA,0,0,NA,0,0,0,NA,0,NA,NA,NA,NA,0,0,0,0,0,NA,0,0,0,NA,0,0,0,0,0,0,0,NA,NA,NA,NA,NA,NA,NA,NA,NA,NA,NA,NA,NA,NA,NA,NA,NA,NA,NA,NA,NA,NA,NA,NA,NA,NA,NA,NA,NA,NA,NA,NA,NA,NA,NA,NA,NA,NA,NA,NA,NA,NA,NA,NA,NA,NA
"56",NA,1,0,NA,0,1,0,NA,NA,0,0,NA,NA,0,0,0,0,0,NA,NA,NA,NA,NA,NA,0,0,0,0,0,NA,0,0,0,NA,0,0,0,0,0,0,0,NA,NA,NA,NA,NA,NA,NA,NA,NA,NA,NA,NA,NA,NA,NA,NA,NA,NA,NA,NA,NA,NA,NA,NA,NA,NA,NA,NA,NA,NA,NA,NA,NA,NA,NA,NA,NA,NA,NA,NA,NA,NA,NA,NA,NA,NA
"57",NA,1,NA,NA,0,0,0,NA,NA,0,0,NA,NA,0,0,0,0,0,NA,0,NA,NA,NA,NA,0,0,0,0,0,NA,0,0,0,NA,0,0,0,0,0,0,0,NA,NA,NA,NA,NA,NA,NA,NA,NA,NA,NA,NA,NA,NA,NA,NA,NA,NA,NA,NA,NA,NA,NA,NA,NA,NA,NA,NA,NA,NA,NA,NA,NA,NA,NA,NA,NA,NA,NA,NA,NA,NA,NA,NA,NA,NA
"58",NA,1,NA,NA,0,0,0,NA,NA,0,0,NA,0,0,0,0,0,0,NA,NA,NA,NA,NA,NA,0,0,0,0,0,NA,0,0,0,NA,0,0,0,0,0,0,0,NA,NA,NA,NA,NA,NA,NA,NA,NA,NA,NA,NA,NA,NA,NA,NA,NA,NA,NA,NA,NA,NA,NA,NA,NA,NA,NA,NA,NA,NA,NA,NA,NA,NA,NA,NA,NA,NA,NA,NA,NA,NA,NA,NA,NA,NA
"59",NA,1,NA,NA,1,0,0,NA,NA,0,0,NA,NA,0,NA,0,0,0,NA,0,NA,NA,NA,NA,0,0,0,0,0,NA,0,0,0,NA,0,0,0,0,0,0,0,NA,NA,NA,NA,NA,NA,NA,NA,NA,NA,NA,NA,NA,NA,NA,NA,NA,NA,NA,NA,NA,NA,NA,NA,NA,NA,NA,NA,NA,NA,NA,NA,NA,NA,NA,NA,NA,NA,NA,NA,NA,NA,NA,NA,NA,NA
"60",NA,1,NA,NA,1,0,0,NA,NA,0,0,NA,0,0,NA,0,0,0,NA,NA,NA,NA,NA,NA,0,0,0,0,0,NA,0,0,0,NA,0,0,0,0,0,0,0,NA,NA,NA,NA,NA,NA,NA,NA,NA,NA,NA,NA,NA,NA,NA,NA,NA,NA,NA,NA,NA,NA,NA,NA,NA,NA,NA,NA,NA,NA,NA,NA,NA,NA,NA,NA,NA,NA,NA,NA,NA,NA,NA,NA,NA,NA
"61",NA,1,0,NA,1,1,0,NA,NA,0,0,NA,NA,0,NA,0,0,0,NA,NA,NA,NA,NA,NA,0,0,0,0,0,NA,0,0,0,NA,0,0,0,0,0,0,0,NA,NA,NA,NA,NA,NA,NA,NA,NA,NA,NA,NA,NA,NA,NA,NA,NA,NA,NA,NA,NA,NA,NA,NA,NA,NA,NA,NA,NA,NA,NA,NA,NA,NA,NA,NA,NA,NA,NA,NA,NA,NA,NA,NA,NA,NA
"62",1,1,NA,NA,1,1,0,NA,NA,0,0,NA,NA,0,NA,0,0,0,NA,NA,NA,NA,NA,NA,0,0,0,0,0,NA,0,0,0,0,0,0,0,0,0,0,0,NA,NA,NA,NA,NA,NA,NA,NA,NA,NA,NA,NA,NA,NA,NA,NA,NA,NA,NA,NA,NA,NA,NA,NA,NA,NA,NA,NA,NA,NA,NA,NA,NA,NA,NA,NA,NA,NA,NA,NA,NA,NA,NA,NA,NA,NA
"63",NA,1,NA,NA,0,0,0,NA,NA,0,0,NA,NA,0,0,0,0,0,NA,NA,NA,NA,NA,NA,0,0,0,0,0,NA,0,0,0,NA,0,0,0,0,0,0,0,NA,NA,NA,NA,NA,NA,NA,NA,NA,NA,NA,NA,NA,NA,NA,NA,NA,NA,NA,NA,NA,NA,NA,NA,NA,NA,NA,NA,NA,NA,NA,NA,NA,NA,NA,NA,NA,NA,NA,NA,NA,NA,NA,NA,NA,NA
"64",NA,1,NA,NA,1,0,0,NA,NA,0,0,NA,NA,0,NA,0,0,0,NA,NA,NA,NA,NA,NA,0,0,0,0,0,NA,0,0,0,NA,0,0,0,0,0,0,0,NA,NA,NA,NA,NA,NA,NA,NA,NA,NA,NA,NA,NA,NA,NA,NA,NA,NA,NA,NA,NA,NA,NA,NA,NA,NA,NA,NA,NA,NA,NA,NA,NA,NA,NA,NA,NA,NA,NA,NA,NA,NA,NA,NA,NA,NA
"65",1,0.75,0.533333333333333,0.5,0.5,0.5,0,0,0,0,0,0,0,0,0,0,0,0,0,0,0,0,0,0,0,0,0,0,0,0,0,0,0,0,0,0,0,0,0,0,0,0,0,0,NA,NA,NA,NA,NA,NA,NA,NA,NA,NA,NA,NA,NA,NA,NA,NA,NA,NA,NA,NA,NA,NA,NA,NA,NA,NA,NA,NA,NA,NA,NA,NA,NA,NA,NA,NA,NA,NA,NA,NA,NA,NA,NA
"66",0.53125,1,0.46875,0.5,0.5,1,0.8125,0.5,0.25,1,1,0.03125,0.5,1,0.75,1,0.5,1,0.5,0.5,0.03125,0.1875,0.1875,0.03125,1,1,1,1,1,0.5,0.96875,1,1,0.53125,0.96875,1,1,0.96875,1,1,1,0.1875,0.03125,0.1875,0,0,0,0,0,0,0,0,0,0,0,0,0,0,0,0,0,0,0,0,0,0,0,0,0,0,0,0,0,0,0,0,0,0,0,0,0,0,0,0,0,0,0
