"","crp","cspA","fur","cra","marA","oxyR","phoB","ompR","marR","soxR","fis","mlrA","rhaS","hns","soxS","fnr","rcsB","arcA","gadE","lrp","rob","narL","hdfR","csgD","glnG","rhaR","galR","fhlA","mlc","srlR","mazE","uxuR","argP","galS","gutM","exuR","mazF","adiY","metJ","zraR","asnC","dnaA","metR","cusR","yiaJ","putA","cadC","melR","araC","yqjI","malI","idnR","mraZ","pdeL","purR","prpR","fucR","lsrR","hyfR","yeiL","nikR","aidB","rbsR","betI","lldR","rcsA","fliZ","gadX","leuO","evgA","bglJ","ydeO","gadW","stpA","yjjQ","ptsG","pdhR","xylR","nac","flhD","flhC","dcuR","puuR","tdcA","glcC","nhaR","dpiA"
"1",NA,NA,NA,NA,NA,0,1,NA,NA,0,0,0,1,0,0,0,NA,0,0,NA,0,NA,NA,NA,NA,0,0,0,0,NA,0,NA,0,NA,0,0,0,NA,0,0,0,0,0,0,0,NA,0,0,NA,0,0,NA,0,0,0,NA,0,0,NA,NA,0,0,NA,0,NA,NA,NA,NA,NA,NA,NA,NA,NA,NA,NA,NA,NA,NA,NA,NA,NA,NA,NA,NA,NA,NA,NA
"2",1,1,1,1,NA,1,NA,1,1,1,1,1,0,NA,0,NA,0,NA,NA,NA,0,0,0,0,0,0,0,0,NA,NA,NA,0,NA,0,0,NA,0,0,NA,0,0,NA,0,NA,0,0,0,0,0,0,0,0,0,0,0,0,0,0,0,0,NA,0,0,0,0,NA,NA,NA,NA,NA,NA,NA,NA,NA,NA,NA,NA,NA,NA,NA,NA,NA,NA,NA,NA,NA,NA
"3",NA,NA,NA,0,NA,0,NA,NA,NA,0,0,0,1,0,0,0,NA,0,0,NA,0,NA,NA,NA,NA,0,0,0,0,NA,0,NA,NA,NA,0,0,0,NA,0,0,0,NA,0,NA,0,NA,0,0,NA,0,0,NA,0,0,0,0,0,0,NA,NA,0,0,NA,0,NA,NA,NA,NA,NA,NA,NA,NA,NA,NA,NA,NA,NA,NA,NA,NA,NA,NA,NA,NA,NA,NA,NA
"4",1,NA,1,1,1,1,NA,1,0,1,1,1,0,NA,0,NA,NA,NA,NA,NA,0,0,NA,0,0,0,0,0,NA,0,NA,0,NA,0,0,NA,0,NA,NA,0,0,NA,0,NA,0,0,NA,0,0,0,0,0,0,NA,0,0,0,0,0,0,NA,0,0,0,0,NA,NA,NA,NA,NA,NA,NA,NA,NA,NA,NA,NA,NA,NA,NA,NA,NA,NA,NA,NA,NA,NA
"5",1,1,0,1,1,1,NA,1,0,1,1,1,0,NA,0,NA,0,NA,NA,NA,0,0,0,0,0,0,0,0,NA,NA,NA,0,NA,0,0,NA,0,0,NA,0,0,NA,0,NA,0,0,0,0,0,0,0,0,0,0,0,0,0,0,0,NA,NA,0,0,0,0,NA,NA,NA,NA,NA,NA,NA,NA,NA,NA,NA,NA,NA,NA,NA,NA,NA,NA,NA,NA,NA,NA
"6",1,1,1,1,0,1,NA,1,NA,1,0,1,0,NA,1,NA,0,NA,NA,NA,0,0,0,0,0,0,0,0,NA,NA,NA,0,NA,0,0,NA,0,0,NA,0,0,NA,0,NA,0,NA,0,0,0,0,0,0,0,0,0,0,0,0,0,0,NA,0,0,0,0,NA,NA,NA,NA,NA,NA,NA,NA,NA,NA,NA,NA,NA,NA,NA,NA,NA,NA,NA,NA,NA,NA
"7",1,NA,0,1,1,1,NA,1,0,1,1,1,0,NA,0,NA,NA,NA,NA,NA,0,0,NA,0,0,0,0,0,NA,0,NA,0,NA,0,0,NA,0,NA,NA,0,0,NA,0,NA,0,0,NA,0,0,0,0,0,0,0,0,0,0,0,0,NA,NA,0,0,0,0,NA,NA,NA,NA,NA,NA,NA,NA,NA,NA,NA,NA,NA,NA,NA,NA,NA,NA,NA,NA,NA,NA
"8",1,NA,1,1,0,1,NA,1,NA,1,1,1,0,NA,1,NA,NA,NA,NA,NA,0,0,NA,0,0,0,0,0,NA,0,NA,0,NA,0,0,NA,0,NA,NA,0,0,NA,0,NA,0,NA,NA,0,0,0,0,0,0,0,0,0,0,0,0,0,NA,0,0,0,0,NA,NA,NA,NA,NA,NA,NA,NA,NA,NA,NA,NA,NA,NA,NA,NA,NA,NA,NA,NA,NA,NA
"9",1,NA,0,1,1,1,NA,1,0,1,1,1,0,NA,0,NA,NA,NA,NA,NA,0,0,NA,0,0,0,0,0,NA,0,NA,0,NA,0,0,NA,0,NA,NA,0,0,NA,0,NA,0,0,NA,0,0,0,0,0,0,NA,0,0,0,0,0,NA,NA,0,0,0,0,NA,NA,NA,NA,NA,NA,NA,NA,NA,NA,NA,NA,NA,NA,NA,NA,NA,NA,NA,NA,NA,NA
"10",1,1,1,1,0,1,NA,0,NA,1,0,0,0,NA,1,NA,0,NA,NA,NA,0,0,0,NA,0,0,0,0,NA,NA,NA,0,NA,0,0,NA,0,0,NA,0,0,NA,0,NA,0,NA,0,0,0,0,0,0,0,0,0,0,0,0,0,0,NA,0,0,0,0,NA,NA,NA,NA,NA,NA,NA,NA,NA,NA,NA,NA,NA,NA,NA,NA,NA,NA,NA,NA,NA,NA
"11",1,NA,1,1,0,1,NA,1,NA,1,1,1,0,NA,1,NA,NA,NA,NA,NA,0,0,NA,0,0,0,0,NA,NA,0,NA,0,NA,0,0,NA,0,NA,NA,0,0,NA,0,NA,0,NA,NA,0,0,0,0,0,0,0,0,0,0,0,0,0,NA,0,0,0,0,NA,NA,NA,NA,NA,NA,NA,NA,NA,NA,NA,NA,NA,NA,NA,NA,NA,NA,NA,NA,NA,NA
"12",1,NA,1,1,0,1,NA,0,NA,1,1,0,0,NA,1,NA,NA,NA,NA,NA,0,0,NA,NA,0,0,0,0,NA,0,NA,0,NA,0,0,NA,0,NA,NA,0,0,NA,0,NA,0,NA,NA,0,0,0,0,0,0,0,0,0,0,0,0,0,NA,0,0,0,0,NA,NA,NA,NA,NA,NA,NA,NA,NA,NA,NA,NA,NA,NA,NA,NA,NA,NA,NA,NA,NA,NA
"13",1,1,0,1,1,1,NA,0,0,1,1,0,0,NA,0,NA,0,NA,NA,NA,0,0,0,NA,0,0,0,0,NA,NA,NA,0,NA,0,0,NA,0,0,NA,0,0,NA,0,NA,0,0,0,0,0,0,0,0,0,0,0,0,0,0,0,NA,NA,0,0,0,0,NA,NA,NA,NA,NA,NA,NA,NA,NA,NA,NA,NA,NA,NA,NA,NA,NA,NA,NA,NA,NA,NA
"14",1,1,0,1,1,1,NA,0,0,1,1,0,0,NA,0,NA,0,NA,NA,NA,0,0,0,NA,0,0,0,0,NA,NA,NA,0,NA,0,0,NA,0,0,NA,0,0,NA,0,NA,0,0,0,0,0,0,0,NA,0,0,0,0,0,0,0,NA,NA,0,0,0,0,NA,NA,NA,NA,NA,NA,NA,NA,NA,NA,NA,NA,NA,NA,NA,NA,NA,NA,NA,NA,NA,NA
"15",1,1,1,1,1,1,NA,0,0,1,1,0,0,NA,0,NA,0,NA,NA,NA,0,0,0,NA,0,0,0,0,NA,NA,NA,0,NA,0,0,NA,0,0,NA,0,0,NA,0,NA,0,0,0,0,0,0,0,NA,0,0,0,0,0,0,0,0,NA,0,0,0,0,NA,NA,NA,NA,NA,NA,NA,NA,NA,NA,NA,NA,NA,NA,NA,NA,NA,NA,NA,NA,NA,NA
"16",1,1,0,1,1,1,NA,0,0,1,1,0,0,NA,0,NA,0,NA,NA,NA,0,0,0,NA,0,0,0,0,NA,NA,NA,0,NA,0,0,NA,0,0,NA,0,0,NA,0,NA,0,0,0,0,0,0,0,0,0,NA,0,0,0,0,0,NA,NA,0,0,0,0,NA,NA,NA,NA,NA,NA,NA,NA,NA,NA,NA,NA,NA,NA,NA,NA,NA,NA,NA,NA,NA,NA
"17",1,NA,0,1,1,1,NA,0,0,1,1,0,0,NA,0,NA,NA,NA,NA,NA,0,0,NA,NA,0,0,0,0,NA,0,NA,0,NA,0,0,NA,0,NA,NA,0,0,NA,0,NA,0,0,NA,0,0,0,0,0,0,0,0,0,0,0,0,NA,NA,0,0,0,0,NA,NA,NA,NA,NA,NA,NA,NA,NA,NA,NA,NA,NA,NA,NA,NA,NA,NA,NA,NA,NA,NA
"18",1,1,1,1,1,1,NA,0,0,1,1,0,0,NA,0,NA,0,NA,NA,NA,0,0,0,NA,0,0,0,NA,NA,NA,NA,0,NA,0,0,NA,0,0,NA,0,0,NA,0,NA,0,0,0,0,0,0,0,0,0,0,0,0,0,0,0,0,NA,0,0,0,0,NA,NA,NA,NA,NA,NA,NA,NA,NA,NA,NA,NA,NA,NA,NA,NA,NA,NA,NA,NA,NA,NA
"19",1,1,0,1,1,1,NA,0,0,1,1,0,0,NA,0,NA,0,NA,NA,NA,0,0,0,NA,0,0,0,0,NA,NA,NA,0,NA,0,0,NA,0,0,NA,0,0,NA,0,NA,0,0,0,0,0,0,0,NA,0,NA,0,0,0,0,0,NA,NA,0,0,0,0,NA,NA,NA,NA,NA,NA,NA,NA,NA,NA,NA,NA,NA,NA,NA,NA,NA,NA,NA,NA,NA,NA
"20",1,NA,1,1,1,1,NA,1,0,1,1,1,0,NA,0,NA,NA,NA,NA,NA,0,0,NA,0,0,0,0,NA,NA,0,NA,0,NA,0,0,NA,0,NA,NA,0,0,NA,0,NA,0,0,NA,0,0,0,0,0,0,0,0,0,0,0,0,0,NA,0,0,0,0,NA,NA,NA,NA,NA,NA,NA,NA,NA,NA,NA,NA,NA,NA,NA,NA,NA,NA,NA,NA,NA,NA
"21",1,NA,1,1,NA,1,NA,1,1,1,1,1,0,NA,0,NA,NA,NA,NA,NA,0,0,NA,0,0,0,0,0,NA,0,NA,0,NA,0,0,NA,0,NA,NA,0,0,NA,0,NA,0,0,NA,0,0,0,0,0,0,0,0,0,0,0,0,0,NA,0,0,0,0,NA,NA,NA,NA,NA,NA,NA,NA,NA,NA,NA,NA,NA,NA,NA,NA,NA,NA,NA,NA,NA,NA
"22",1,NA,1,1,NA,1,NA,1,1,1,0,1,0,0,0,NA,NA,NA,NA,NA,0,0,NA,0,0,0,0,0,NA,0,NA,0,NA,0,0,NA,0,NA,NA,0,0,NA,0,NA,0,0,NA,0,0,0,0,0,0,NA,0,0,0,0,0,0,NA,0,0,0,0,NA,NA,NA,NA,NA,NA,NA,NA,NA,NA,NA,NA,NA,NA,NA,NA,NA,NA,NA,NA,NA,NA
"23",1,NA,1,1,NA,1,NA,1,1,1,0,1,0,0,0,NA,NA,NA,NA,NA,0,0,NA,0,0,0,0,0,NA,0,NA,0,NA,0,0,NA,0,NA,NA,0,0,NA,0,NA,0,0,NA,0,0,0,0,0,0,0,0,0,0,0,0,NA,NA,0,0,0,0,NA,NA,NA,NA,NA,NA,NA,NA,NA,NA,NA,NA,NA,NA,NA,NA,NA,NA,NA,NA,NA,NA
"24",1,NA,1,1,1,1,NA,0,0,1,1,0,0,0,0,NA,NA,NA,NA,NA,0,0,NA,NA,0,0,0,0,NA,0,NA,0,NA,0,0,NA,0,NA,NA,0,0,NA,0,NA,0,0,NA,0,0,0,0,0,0,0,0,0,0,0,0,0,NA,0,0,0,0,NA,NA,NA,NA,NA,NA,NA,NA,NA,NA,NA,NA,NA,NA,NA,NA,NA,NA,NA,NA,NA,NA
"25",1,NA,1,1,1,1,NA,0,0,1,1,0,0,NA,0,NA,NA,NA,NA,NA,0,0,NA,NA,0,0,0,0,NA,0,NA,0,NA,0,0,NA,0,NA,NA,0,0,NA,0,NA,0,0,NA,0,0,0,0,0,0,0,0,0,0,0,0,0,NA,0,0,0,0,NA,NA,NA,NA,NA,NA,NA,NA,NA,NA,NA,NA,NA,NA,NA,NA,NA,NA,NA,NA,NA,NA
"26",1,NA,1,1,NA,1,NA,1,1,1,0,1,0,0,0,NA,NA,NA,NA,NA,0,0,NA,0,0,0,0,0,NA,0,NA,0,NA,0,0,NA,0,NA,NA,0,0,NA,0,NA,0,0,NA,0,0,0,0,0,0,NA,0,0,0,0,0,NA,NA,0,0,0,0,NA,NA,NA,NA,NA,NA,NA,NA,NA,NA,NA,NA,NA,NA,NA,NA,NA,NA,NA,NA,NA,NA
"27",1,NA,1,1,NA,1,NA,1,1,1,0,1,0,0,0,NA,NA,NA,NA,NA,0,0,NA,0,0,0,0,NA,NA,0,NA,0,NA,0,0,NA,0,NA,NA,0,0,NA,0,NA,0,0,NA,0,0,0,0,0,0,0,0,0,0,0,0,0,NA,0,0,0,0,NA,NA,NA,NA,NA,NA,NA,NA,NA,NA,NA,NA,NA,NA,NA,NA,NA,NA,NA,NA,NA,NA
"28",1,NA,1,1,NA,1,NA,0,1,1,0,0,0,0,0,NA,NA,NA,NA,NA,0,0,NA,NA,0,0,0,0,NA,0,NA,0,NA,0,0,NA,0,NA,NA,0,0,NA,0,NA,0,0,NA,0,0,0,0,0,0,0,0,0,0,0,0,NA,NA,0,0,0,0,NA,NA,NA,NA,NA,NA,NA,NA,NA,NA,NA,NA,NA,NA,NA,NA,NA,NA,NA,NA,NA,NA
"29",1,NA,1,1,NA,1,NA,1,1,1,0,1,0,0,0,NA,NA,NA,NA,NA,0,0,NA,0,0,0,0,NA,NA,0,NA,0,NA,0,0,NA,0,NA,NA,0,0,NA,0,NA,0,0,NA,0,0,0,0,0,0,NA,0,0,0,0,0,0,NA,0,0,0,0,NA,NA,NA,NA,NA,NA,NA,NA,NA,NA,NA,NA,NA,NA,NA,NA,NA,NA,NA,NA,NA,NA
"30",1,NA,0,1,1,1,NA,1,0,1,1,1,0,0,0,NA,NA,NA,NA,NA,0,0,NA,0,0,0,0,0,NA,0,NA,0,NA,0,0,NA,0,NA,NA,0,0,NA,0,NA,0,0,NA,0,0,0,0,0,0,0,0,0,0,0,0,NA,NA,0,0,0,0,NA,NA,NA,NA,NA,NA,NA,NA,NA,NA,NA,NA,NA,NA,NA,NA,NA,NA,NA,NA,NA,NA
"31",1,NA,1,1,NA,1,NA,0,1,1,0,0,0,0,0,NA,NA,NA,NA,NA,0,0,NA,NA,0,0,0,NA,NA,0,NA,0,NA,0,0,NA,0,NA,NA,0,0,NA,0,NA,0,0,NA,0,0,0,0,0,0,0,0,0,0,0,0,0,NA,0,0,0,0,NA,NA,NA,NA,NA,NA,NA,NA,NA,NA,NA,NA,NA,NA,NA,NA,NA,NA,NA,NA,NA,NA
"32",1,NA,1,1,NA,1,NA,1,1,1,0,1,0,0,0,NA,NA,NA,NA,NA,0,0,NA,0,0,0,0,0,NA,0,NA,0,NA,0,0,NA,0,NA,NA,0,0,NA,0,NA,0,0,NA,0,0,0,0,NA,0,0,0,0,0,0,0,0,NA,0,0,0,0,NA,NA,NA,NA,NA,NA,NA,NA,NA,NA,NA,NA,NA,NA,NA,NA,NA,NA,NA,NA,NA,NA
"33",1,NA,1,1,NA,1,NA,1,NA,0,1,1,0,0,0,NA,NA,NA,NA,NA,0,0,NA,0,0,0,0,0,NA,0,NA,0,NA,0,0,NA,0,NA,NA,0,0,NA,0,NA,0,NA,NA,0,0,0,0,NA,0,0,0,0,0,0,0,0,NA,0,0,0,0,NA,NA,NA,NA,NA,NA,NA,NA,NA,NA,NA,NA,NA,NA,NA,NA,NA,NA,NA,NA,NA,NA
"34",1,NA,1,1,NA,1,NA,0,1,1,0,0,0,0,0,NA,NA,NA,NA,NA,0,0,NA,NA,0,0,0,0,NA,0,NA,0,NA,0,0,NA,0,NA,NA,0,0,NA,0,NA,0,0,NA,0,0,0,0,0,0,NA,0,0,0,0,0,0,NA,0,0,0,0,NA,NA,NA,NA,NA,NA,NA,NA,NA,NA,NA,NA,NA,NA,NA,NA,NA,NA,NA,NA,NA,NA
"35",1,1,1,1,NA,1,NA,1,1,1,1,1,0,1,0,NA,0,NA,NA,0,0,0,0,0,0,0,0,0,NA,NA,NA,0,NA,0,0,NA,0,0,NA,0,0,NA,0,NA,0,0,0,0,0,0,0,0,0,NA,0,0,0,0,0,0,NA,0,0,0,0,NA,NA,NA,NA,NA,NA,NA,NA,NA,NA,NA,NA,NA,NA,NA,NA,NA,NA,NA,NA,NA,NA
"36",1,1,1,1,NA,1,NA,1,1,1,1,1,0,1,0,NA,0,NA,NA,0,0,0,0,0,0,0,0,NA,NA,NA,NA,0,NA,0,0,NA,0,0,NA,0,0,NA,0,NA,0,0,0,0,0,0,0,0,0,NA,0,0,0,0,0,0,NA,0,0,0,0,NA,NA,NA,NA,NA,NA,NA,NA,NA,NA,NA,NA,NA,NA,NA,NA,NA,NA,NA,NA,NA,NA
"37",1,NA,1,1,NA,1,NA,0,NA,0,1,0,0,0,0,NA,NA,NA,NA,NA,0,0,NA,NA,0,0,0,0,NA,0,NA,0,NA,0,0,NA,0,NA,NA,0,0,NA,0,NA,0,NA,NA,0,0,0,0,0,0,NA,0,0,0,0,0,0,NA,0,0,0,0,NA,NA,NA,NA,NA,NA,NA,NA,NA,NA,NA,NA,NA,NA,NA,NA,NA,NA,NA,NA,NA,NA
"38",1,NA,1,1,1,1,NA,1,0,1,1,1,0,0,0,NA,NA,NA,NA,NA,0,0,NA,0,0,0,0,0,NA,0,NA,0,NA,0,0,NA,0,NA,NA,0,0,NA,0,NA,0,0,NA,0,0,0,0,0,0,NA,0,0,0,0,0,0,NA,0,0,0,0,NA,NA,NA,NA,NA,NA,NA,NA,NA,NA,NA,NA,NA,NA,NA,NA,NA,NA,NA,NA,NA,NA
"39",1,NA,1,1,NA,1,NA,1,1,1,0,1,0,0,0,NA,NA,NA,NA,NA,0,0,NA,0,0,0,0,0,NA,0,NA,0,NA,0,0,NA,0,NA,NA,0,0,NA,0,NA,0,0,NA,0,0,0,0,NA,0,0,0,0,0,0,0,NA,NA,0,0,0,0,NA,NA,NA,NA,NA,NA,NA,NA,NA,NA,NA,NA,NA,NA,NA,NA,NA,NA,NA,NA,NA,NA
"40",1,NA,1,1,NA,1,NA,0,1,1,0,0,0,0,0,NA,NA,NA,NA,NA,0,0,NA,NA,0,0,0,NA,NA,0,NA,0,NA,0,0,NA,0,NA,NA,0,0,NA,0,NA,0,0,NA,0,0,0,0,0,0,NA,0,0,0,0,0,0,NA,0,0,0,0,NA,NA,NA,NA,NA,NA,NA,NA,NA,NA,NA,NA,NA,NA,NA,NA,NA,NA,NA,NA,NA,NA
"41",1,NA,1,1,NA,1,NA,1,1,1,0,1,0,0,0,NA,NA,NA,NA,NA,0,0,NA,0,0,0,0,NA,NA,0,NA,0,NA,0,0,NA,0,NA,NA,0,0,NA,0,NA,0,0,NA,0,0,0,0,NA,0,0,0,0,0,0,0,0,NA,0,0,0,0,NA,NA,NA,NA,NA,NA,NA,NA,NA,NA,NA,NA,NA,NA,NA,NA,NA,NA,NA,NA,NA,NA
"42",1,NA,1,1,1,1,NA,0,0,1,1,0,0,0,0,NA,NA,NA,NA,NA,0,0,NA,NA,0,0,0,0,NA,0,NA,0,NA,0,0,NA,0,NA,NA,0,0,NA,0,NA,0,0,NA,0,0,0,0,0,0,NA,0,0,0,0,0,0,NA,0,0,0,0,NA,NA,NA,NA,NA,NA,NA,NA,NA,NA,NA,NA,NA,NA,NA,NA,NA,NA,NA,NA,NA,NA
"43",1,NA,1,1,1,1,NA,1,0,1,1,1,0,0,0,NA,NA,NA,NA,NA,0,0,NA,0,0,0,0,0,NA,0,NA,0,NA,0,0,NA,0,NA,NA,0,0,NA,0,NA,0,0,NA,0,0,0,0,NA,0,0,0,0,0,0,0,0,NA,0,0,0,0,NA,NA,NA,NA,NA,NA,NA,NA,NA,NA,NA,NA,NA,NA,NA,NA,NA,NA,NA,NA,NA,NA
"44",1,NA,1,1,NA,1,NA,0,1,1,0,0,0,0,0,NA,NA,NA,NA,NA,0,0,NA,NA,0,0,0,0,NA,0,NA,0,NA,0,0,NA,0,NA,NA,0,0,NA,0,NA,0,0,NA,0,0,0,0,0,0,NA,0,0,0,0,0,NA,NA,0,0,0,0,NA,NA,NA,NA,NA,NA,NA,NA,NA,NA,NA,NA,NA,NA,NA,NA,NA,NA,NA,NA,NA,NA
"45",1,NA,1,1,NA,1,NA,0,1,1,0,0,0,0,0,NA,NA,NA,NA,NA,0,0,NA,NA,0,0,0,0,NA,0,NA,0,NA,0,0,NA,0,NA,NA,0,0,NA,0,NA,0,0,NA,0,0,0,0,NA,0,0,0,0,0,0,0,0,NA,0,0,0,0,NA,NA,NA,NA,NA,NA,NA,NA,NA,NA,NA,NA,NA,NA,NA,NA,NA,NA,NA,NA,NA,NA
"46",1,NA,1,1,NA,0,NA,1,NA,0,1,1,0,0,0,NA,NA,NA,NA,NA,0,0,NA,0,0,0,0,0,NA,0,NA,0,NA,0,0,NA,0,NA,NA,0,0,NA,0,NA,0,NA,NA,0,0,0,0,0,0,NA,0,0,0,0,0,NA,NA,0,0,0,0,NA,NA,NA,NA,NA,NA,NA,NA,NA,NA,NA,NA,NA,NA,NA,NA,NA,NA,NA,NA,NA,NA
"47",1,NA,1,1,1,1,NA,1,0,1,1,1,0,0,0,NA,NA,NA,NA,NA,0,0,NA,0,0,0,0,NA,NA,0,NA,0,NA,0,0,NA,0,NA,NA,0,0,NA,0,NA,0,0,NA,0,0,0,0,0,0,0,0,0,0,0,0,0,NA,0,0,0,0,NA,NA,NA,NA,NA,NA,NA,NA,NA,NA,NA,NA,NA,NA,NA,NA,NA,NA,NA,NA,NA,NA
"48",1,NA,1,1,NA,1,NA,1,1,1,0,1,0,0,0,NA,NA,NA,NA,NA,0,0,NA,0,0,0,0,0,NA,0,NA,0,NA,0,0,NA,0,NA,NA,0,0,NA,0,NA,0,0,NA,0,0,0,0,NA,0,NA,0,0,0,0,0,0,NA,0,0,0,0,NA,NA,NA,NA,NA,NA,NA,NA,NA,NA,NA,NA,NA,NA,NA,NA,NA,NA,NA,NA,NA,NA
"49",1,1,1,1,NA,1,NA,0,NA,0,1,0,0,1,0,NA,0,NA,NA,0,0,0,0,NA,0,0,0,NA,NA,NA,NA,0,NA,0,0,NA,0,0,NA,0,0,NA,0,NA,0,NA,0,0,0,0,0,0,0,0,0,0,0,0,0,0,NA,0,0,0,0,NA,NA,NA,NA,NA,NA,NA,NA,NA,NA,NA,NA,NA,NA,NA,NA,NA,NA,NA,NA,NA,NA
"50",1,NA,1,1,NA,1,NA,1,1,1,0,1,0,0,0,NA,NA,NA,NA,NA,0,0,NA,0,0,0,0,NA,NA,0,NA,0,NA,0,0,NA,0,NA,NA,0,0,NA,0,NA,0,0,NA,0,0,0,0,0,0,0,0,0,0,0,0,NA,NA,0,0,0,0,NA,NA,NA,NA,NA,NA,NA,NA,NA,NA,NA,NA,NA,NA,NA,NA,NA,NA,NA,NA,NA,NA
"51",1,NA,1,1,1,1,NA,1,0,1,1,1,0,0,0,NA,NA,NA,NA,NA,0,0,NA,0,0,0,0,NA,NA,0,NA,0,NA,0,0,NA,0,NA,NA,0,0,NA,0,NA,0,0,NA,0,0,0,0,0,0,NA,0,0,0,0,0,0,NA,0,0,0,0,NA,NA,NA,NA,NA,NA,NA,NA,NA,NA,NA,NA,NA,NA,NA,NA,NA,NA,NA,NA,NA,NA
"52",1,NA,1,1,NA,1,NA,0,1,1,0,0,0,0,0,NA,NA,NA,NA,NA,0,0,NA,NA,0,0,0,0,NA,0,NA,0,NA,0,0,NA,0,NA,NA,0,0,NA,0,NA,0,0,NA,0,0,0,0,NA,0,0,0,0,0,0,0,NA,NA,0,0,0,0,NA,NA,NA,NA,NA,NA,NA,NA,NA,NA,NA,NA,NA,NA,NA,NA,NA,NA,NA,NA,NA,NA
"53",1,NA,1,1,1,1,NA,1,0,1,1,1,0,0,0,NA,NA,NA,NA,NA,0,0,NA,0,0,0,0,0,NA,0,NA,0,NA,0,0,NA,0,NA,NA,0,0,NA,0,NA,0,0,NA,0,0,0,0,NA,0,NA,0,0,0,0,0,0,NA,0,0,0,0,NA,NA,NA,NA,NA,NA,NA,NA,NA,NA,NA,NA,NA,NA,NA,NA,NA,NA,NA,NA,NA,NA
"54",1,NA,1,1,1,1,NA,0,0,1,1,0,0,0,0,NA,NA,NA,NA,NA,0,0,NA,NA,0,0,0,NA,NA,0,NA,0,NA,0,0,NA,0,NA,NA,0,0,NA,0,NA,0,0,NA,0,0,0,0,0,0,0,0,0,0,0,0,0,NA,0,0,0,0,NA,NA,NA,NA,NA,NA,NA,NA,NA,NA,NA,NA,NA,NA,NA,NA,NA,NA,NA,NA,NA,NA
"55",1,1,1,1,NA,1,NA,0,NA,0,1,0,0,1,0,NA,0,NA,NA,0,0,0,0,NA,0,0,0,0,NA,NA,NA,0,NA,0,0,NA,0,0,NA,0,0,NA,0,NA,0,NA,0,0,0,0,0,0,0,NA,0,0,0,0,0,0,NA,0,0,0,0,NA,NA,NA,NA,NA,NA,NA,NA,NA,NA,NA,NA,NA,NA,NA,NA,NA,NA,NA,NA,NA,NA
"56",1,NA,1,1,0,1,NA,1,NA,1,1,1,0,0,1,NA,NA,NA,NA,NA,0,0,NA,0,0,0,0,0,NA,0,NA,0,NA,0,0,NA,0,NA,NA,0,0,NA,0,NA,0,NA,NA,0,0,0,0,NA,0,0,0,0,0,0,0,0,NA,0,0,0,0,NA,NA,NA,NA,NA,NA,NA,NA,NA,NA,NA,NA,NA,NA,NA,NA,NA,NA,NA,NA,NA,NA
"57",1,1,1,1,NA,1,NA,1,1,1,1,1,0,1,0,NA,0,NA,NA,0,0,0,0,0,0,0,0,NA,NA,NA,NA,0,NA,0,0,NA,0,0,NA,0,0,NA,0,NA,0,0,0,0,0,0,0,0,0,0,0,0,0,0,0,NA,NA,0,0,0,0,NA,NA,NA,NA,NA,NA,NA,NA,NA,NA,NA,NA,NA,NA,NA,NA,NA,NA,NA,NA,NA,NA
"58",1,NA,1,1,NA,0,NA,1,NA,0,1,1,0,0,0,NA,NA,NA,NA,NA,0,0,NA,0,0,0,0,0,NA,0,NA,0,NA,0,0,NA,0,NA,NA,0,0,NA,0,NA,0,NA,NA,0,0,0,0,NA,0,0,0,0,0,0,0,NA,NA,0,0,0,0,NA,NA,NA,NA,NA,NA,NA,NA,NA,NA,NA,NA,NA,NA,NA,NA,NA,NA,NA,NA,NA,NA
"59",1,NA,1,1,NA,1,NA,0,1,1,0,0,0,0,0,NA,NA,NA,NA,NA,0,0,NA,NA,0,0,0,NA,NA,0,NA,0,NA,0,0,NA,0,NA,NA,0,0,NA,0,NA,0,0,NA,0,0,0,0,0,0,0,0,0,0,0,0,NA,NA,0,0,0,0,NA,NA,NA,NA,NA,NA,NA,NA,NA,NA,NA,NA,NA,NA,NA,NA,NA,NA,NA,NA,NA,NA
"60",1,NA,1,1,0,1,NA,1,NA,1,1,1,0,0,1,NA,NA,NA,NA,NA,0,0,NA,0,0,0,0,NA,NA,0,NA,0,NA,0,0,NA,0,NA,NA,0,0,NA,0,NA,0,NA,NA,0,0,0,0,0,0,NA,0,0,0,0,0,0,NA,0,0,0,0,NA,NA,NA,NA,NA,NA,NA,NA,NA,NA,NA,NA,NA,NA,NA,NA,NA,NA,NA,NA,NA,NA
"61",1,NA,1,1,NA,1,NA,1,1,1,0,1,0,0,0,NA,NA,NA,NA,NA,0,0,NA,0,0,0,0,NA,NA,0,NA,0,NA,0,0,NA,0,NA,NA,0,0,NA,0,NA,0,0,NA,0,0,0,0,NA,0,0,0,0,0,0,0,NA,NA,0,0,0,0,NA,NA,NA,NA,NA,NA,NA,NA,NA,NA,NA,NA,NA,NA,NA,NA,NA,NA,NA,NA,NA,NA
"62",1,NA,1,1,NA,1,NA,1,NA,0,1,1,0,0,0,NA,NA,NA,NA,NA,0,0,NA,0,0,0,0,0,NA,0,NA,0,NA,0,0,NA,0,NA,NA,0,0,NA,0,NA,0,NA,NA,0,0,0,0,NA,0,NA,0,0,0,0,0,0,NA,0,0,0,0,NA,NA,NA,NA,NA,NA,NA,NA,NA,NA,NA,NA,NA,NA,NA,NA,NA,NA,NA,NA,NA,NA
"63",1,1,1,1,NA,1,NA,0,1,1,1,0,0,1,0,NA,0,NA,NA,0,0,0,0,NA,0,0,0,NA,NA,NA,NA,0,NA,0,0,NA,0,0,NA,0,0,NA,0,NA,0,0,0,0,0,0,0,0,0,0,0,0,0,0,0,NA,NA,0,0,0,0,NA,NA,NA,NA,NA,NA,NA,NA,NA,NA,NA,NA,NA,NA,NA,NA,NA,NA,NA,NA,NA,NA
"64",1,NA,1,1,1,1,NA,0,0,1,1,0,0,0,0,NA,NA,NA,NA,NA,0,0,NA,NA,0,0,0,NA,NA,0,NA,0,NA,0,0,NA,0,NA,NA,0,0,NA,0,NA,0,0,NA,0,0,0,0,0,0,NA,0,0,0,0,0,0,NA,0,0,0,0,NA,NA,NA,NA,NA,NA,NA,NA,NA,NA,NA,NA,NA,NA,NA,NA,NA,NA,NA,NA,NA,NA
"65",1,NA,1,1,NA,1,NA,0,1,1,0,0,0,0,0,NA,NA,NA,NA,NA,0,0,NA,NA,0,0,0,NA,NA,0,NA,0,NA,0,0,NA,0,NA,NA,0,0,NA,0,NA,0,0,NA,0,0,0,0,NA,0,0,0,0,0,0,0,0,NA,0,0,0,0,NA,NA,NA,NA,NA,NA,NA,NA,NA,NA,NA,NA,NA,NA,NA,NA,NA,NA,NA,NA,NA,NA
"66",1,NA,1,1,NA,1,NA,1,1,1,0,1,0,0,0,NA,NA,NA,NA,NA,0,0,NA,0,0,0,0,NA,NA,0,NA,0,NA,0,0,NA,0,NA,NA,0,0,NA,0,NA,0,0,NA,0,0,0,0,NA,0,NA,0,0,0,0,0,0,NA,0,0,0,0,NA,NA,NA,NA,NA,NA,NA,NA,NA,NA,NA,NA,NA,NA,NA,NA,NA,NA,NA,NA,NA,NA
"67",1,NA,1,1,NA,1,NA,0,1,1,0,0,0,0,0,NA,NA,NA,NA,NA,0,0,NA,NA,0,0,0,NA,NA,0,NA,0,NA,0,0,NA,0,NA,NA,0,0,NA,0,NA,0,0,NA,0,0,0,0,NA,0,0,0,0,0,0,0,NA,NA,0,0,0,0,NA,NA,NA,NA,NA,NA,NA,NA,NA,NA,NA,NA,NA,NA,NA,NA,NA,NA,NA,NA,NA,NA
"68",1,NA,1,1,0,1,NA,1,NA,1,1,1,0,0,1,NA,NA,NA,NA,NA,0,0,NA,0,0,0,0,0,NA,0,NA,0,NA,0,0,NA,0,NA,NA,0,0,NA,0,NA,0,NA,NA,0,0,0,0,NA,0,NA,0,0,0,0,0,0,NA,0,0,0,0,NA,NA,NA,NA,NA,NA,NA,NA,NA,NA,NA,NA,NA,NA,NA,NA,NA,NA,NA,NA,NA,NA
"69",1,NA,1,1,NA,1,NA,1,NA,0,1,1,0,0,0,NA,NA,NA,NA,NA,0,0,NA,0,0,0,0,NA,NA,0,NA,0,NA,0,0,NA,0,NA,NA,0,0,NA,0,NA,0,NA,NA,0,0,0,0,NA,0,0,0,0,0,0,0,0,NA,0,0,0,0,NA,NA,NA,NA,NA,NA,NA,NA,NA,NA,NA,NA,NA,NA,NA,NA,NA,NA,NA,NA,NA,NA
"70",1,NA,1,1,NA,1,NA,0,NA,0,1,0,0,0,0,NA,NA,NA,NA,NA,0,0,NA,NA,0,0,0,NA,NA,0,NA,0,NA,0,0,NA,0,NA,NA,0,0,NA,0,NA,0,NA,NA,0,0,0,0,0,0,NA,0,0,0,0,0,0,NA,0,0,0,0,NA,NA,NA,NA,NA,NA,NA,NA,NA,NA,NA,NA,NA,NA,NA,NA,NA,NA,NA,NA,NA,NA
"71",1,NA,1,1,NA,1,NA,1,1,1,0,1,0,0,0,NA,NA,NA,NA,NA,0,0,NA,0,0,0,0,0,NA,0,NA,0,NA,0,0,NA,0,NA,NA,0,0,NA,0,NA,0,0,NA,0,0,0,0,NA,0,NA,0,0,0,0,0,NA,NA,0,0,0,0,NA,NA,NA,NA,NA,NA,NA,NA,NA,NA,NA,NA,NA,NA,NA,NA,NA,NA,NA,NA,NA,NA
"72",1,NA,1,1,NA,1,NA,1,1,1,0,1,0,0,0,NA,NA,NA,NA,NA,0,0,NA,0,0,0,0,NA,NA,0,NA,0,NA,0,0,NA,0,NA,NA,0,0,NA,0,NA,0,0,NA,0,0,0,0,0,0,NA,0,0,0,0,0,NA,NA,0,0,0,0,NA,NA,NA,NA,NA,NA,NA,NA,NA,NA,NA,NA,NA,NA,NA,NA,NA,NA,NA,NA,NA,NA
"73",1,NA,1,1,NA,1,NA,0,NA,0,1,0,0,0,0,NA,NA,NA,NA,NA,0,0,NA,NA,0,0,0,NA,NA,0,NA,0,NA,0,0,NA,0,NA,NA,0,0,NA,0,NA,0,NA,NA,0,0,0,0,NA,0,0,0,0,0,0,0,0,NA,0,0,0,0,NA,NA,NA,NA,NA,NA,NA,NA,NA,NA,NA,NA,NA,NA,NA,NA,NA,NA,NA,NA,NA,NA
"74",1,NA,1,1,NA,1,NA,0,1,1,0,0,0,0,0,NA,NA,NA,NA,NA,0,0,NA,NA,0,0,0,0,NA,0,NA,0,NA,0,0,NA,0,NA,NA,0,0,NA,0,NA,0,0,NA,0,0,0,0,NA,0,NA,0,0,0,0,0,0,NA,0,0,0,0,NA,NA,NA,NA,NA,NA,NA,NA,NA,NA,NA,NA,NA,NA,NA,NA,NA,NA,NA,NA,NA,NA
"75",1,NA,0,1,1,1,NA,1,0,1,1,1,0,0,0,NA,NA,NA,NA,NA,0,0,NA,0,0,0,0,0,NA,0,NA,0,NA,0,0,NA,0,NA,NA,0,0,NA,0,NA,0,0,NA,0,0,0,0,0,0,NA,0,0,0,0,0,NA,NA,0,0,0,0,NA,NA,NA,NA,NA,NA,NA,NA,NA,NA,NA,NA,NA,NA,NA,NA,NA,NA,NA,NA,NA,NA
"76",1,NA,1,1,1,1,NA,1,0,1,1,1,0,0,0,NA,NA,NA,NA,NA,0,0,NA,0,0,0,0,NA,NA,0,NA,0,NA,0,0,NA,0,NA,NA,0,0,NA,0,NA,0,0,NA,0,0,0,0,0,0,0,0,0,0,0,0,NA,NA,0,0,0,0,NA,NA,NA,NA,NA,NA,NA,NA,NA,NA,NA,NA,NA,NA,NA,NA,NA,NA,NA,NA,NA,NA
"77",1,NA,1,1,NA,1,NA,1,NA,0,1,1,0,0,0,NA,NA,NA,NA,NA,0,0,NA,0,0,0,0,NA,NA,0,NA,0,NA,0,0,NA,0,NA,NA,0,0,NA,0,NA,0,NA,NA,0,0,0,0,NA,0,0,0,0,0,0,0,NA,NA,0,0,0,0,NA,NA,NA,NA,NA,NA,NA,NA,NA,NA,NA,NA,NA,NA,NA,NA,NA,NA,NA,NA,NA,NA
"78",1,NA,1,1,NA,1,NA,0,1,1,0,0,0,0,0,NA,NA,NA,NA,NA,0,0,NA,NA,0,0,0,NA,NA,0,NA,0,NA,0,0,NA,0,NA,NA,0,0,NA,0,NA,0,0,NA,0,0,0,0,NA,0,NA,0,0,0,0,0,0,NA,0,0,0,0,NA,NA,NA,NA,NA,NA,NA,NA,NA,NA,NA,NA,NA,NA,NA,NA,NA,NA,NA,NA,NA,NA
"79",1,NA,0,1,1,1,NA,1,0,1,1,1,0,0,0,NA,NA,NA,NA,NA,0,0,NA,0,0,0,0,0,NA,0,NA,0,NA,0,0,NA,0,NA,NA,0,0,NA,0,NA,0,0,NA,0,0,0,0,NA,0,0,0,0,0,0,0,NA,NA,0,0,0,0,NA,NA,NA,NA,NA,NA,NA,NA,NA,NA,NA,NA,NA,NA,NA,NA,NA,NA,NA,NA,NA,NA
"80",1,NA,0,1,1,1,NA,0,0,1,1,0,0,0,0,NA,NA,NA,NA,NA,0,0,NA,NA,0,0,0,0,NA,0,NA,0,NA,0,0,NA,0,NA,NA,0,0,NA,0,NA,0,0,NA,0,0,0,0,0,0,0,0,0,0,0,0,NA,NA,0,0,0,0,NA,NA,NA,NA,NA,NA,NA,NA,NA,NA,NA,NA,NA,NA,NA,NA,NA,NA,NA,NA,NA,NA
"81",1,1,1,1,NA,1,NA,1,1,1,1,1,0,1,0,NA,0,NA,NA,0,0,0,0,0,0,0,0,NA,NA,NA,NA,0,NA,0,0,NA,0,0,NA,0,0,NA,0,NA,0,0,0,0,0,0,0,NA,0,NA,0,0,0,0,0,0,NA,0,0,0,0,NA,NA,NA,NA,NA,NA,NA,NA,NA,NA,NA,NA,NA,NA,NA,NA,NA,NA,NA,NA,NA,NA
"82",NA,NA,NA,NA,NA,0,1,NA,NA,0,0,0,1,0,0,0,NA,0,0,NA,0,NA,NA,NA,NA,0,0,0,0,NA,0,NA,0,NA,0,0,0,NA,0,NA,0,0,0,0,0,NA,0,0,NA,0,0,NA,0,0,0,NA,0,0,NA,NA,0,0,NA,0,NA,NA,NA,NA,NA,NA,NA,NA,NA,NA,NA,NA,NA,NA,NA,NA,NA,NA,NA,NA,NA,NA,NA
"83",1,1,1,1,NA,1,NA,0,1,1,1,0,0,1,0,NA,0,NA,NA,0,0,0,0,NA,0,0,0,0,NA,NA,NA,0,NA,0,0,NA,0,0,NA,0,0,NA,0,NA,0,0,0,0,0,0,0,NA,0,NA,0,0,0,0,0,0,NA,0,0,0,0,NA,NA,NA,NA,NA,NA,NA,NA,NA,NA,NA,NA,NA,NA,NA,NA,NA,NA,NA,NA,NA,NA
"84",1,NA,1,1,1,1,NA,0,0,1,1,0,0,0,0,NA,NA,NA,NA,NA,0,0,NA,NA,0,0,0,NA,NA,0,NA,0,NA,0,0,NA,0,NA,NA,0,0,NA,0,NA,0,0,NA,0,0,0,0,0,0,0,0,0,0,0,0,NA,NA,0,0,0,0,NA,NA,NA,NA,NA,NA,NA,NA,NA,NA,NA,NA,NA,NA,NA,NA,NA,NA,NA,NA,NA,NA
"85",1,NA,1,1,NA,1,NA,1,NA,0,1,1,0,0,0,NA,NA,NA,NA,NA,0,0,NA,0,0,0,0,NA,NA,0,NA,0,NA,0,0,NA,0,NA,NA,0,0,NA,0,NA,0,NA,NA,0,0,0,0,0,0,NA,0,0,0,0,0,NA,NA,0,0,0,0,NA,NA,NA,NA,NA,NA,NA,NA,NA,NA,NA,NA,NA,NA,NA,NA,NA,NA,NA,NA,NA,NA
"86",1,NA,1,1,NA,1,NA,0,NA,0,1,0,0,0,0,NA,NA,NA,NA,NA,0,0,NA,NA,0,0,0,NA,NA,0,NA,0,NA,0,0,NA,0,NA,NA,0,0,NA,0,NA,0,NA,NA,0,0,0,0,NA,0,0,0,0,0,0,0,NA,NA,0,0,0,0,NA,NA,NA,NA,NA,NA,NA,NA,NA,NA,NA,NA,NA,NA,NA,NA,NA,NA,NA,NA,NA,NA
"87",1,1,1,1,NA,1,NA,0,NA,0,1,0,0,1,0,NA,0,NA,NA,0,0,0,0,NA,0,0,0,NA,NA,NA,NA,0,NA,0,0,NA,0,0,NA,0,0,NA,0,NA,0,NA,0,0,0,0,0,0,0,NA,0,0,0,0,0,0,NA,0,0,0,0,NA,NA,NA,NA,NA,NA,NA,NA,NA,NA,NA,NA,NA,NA,NA,NA,NA,NA,NA,NA,NA,NA
"88",1,NA,1,1,NA,1,NA,1,1,1,0,1,0,0,0,NA,NA,NA,NA,NA,0,0,NA,0,0,0,0,NA,NA,0,NA,0,NA,0,0,NA,0,NA,NA,0,0,NA,0,NA,0,0,NA,0,0,0,0,NA,0,NA,0,0,0,0,0,NA,NA,0,0,0,0,NA,NA,NA,NA,NA,NA,NA,NA,NA,NA,NA,NA,NA,NA,NA,NA,NA,NA,NA,NA,NA,NA
"89",NA,NA,NA,1,NA,0,NA,NA,NA,0,0,0,1,0,0,0,NA,0,0,NA,0,NA,NA,NA,NA,0,0,0,0,NA,0,NA,NA,NA,0,0,0,NA,0,0,0,NA,0,NA,0,NA,0,0,NA,0,0,NA,0,NA,0,0,0,0,NA,NA,0,0,NA,0,NA,NA,NA,NA,NA,NA,NA,NA,NA,NA,NA,NA,NA,NA,NA,NA,NA,NA,NA,NA,NA,NA,NA
"90",NA,NA,NA,0,NA,0,NA,NA,NA,0,0,0,0,NA,0,0,NA,0,NA,NA,0,NA,NA,NA,NA,NA,0,0,0,NA,NA,NA,NA,NA,0,0,0,NA,0,0,0,NA,0,NA,0,NA,0,0,NA,0,0,NA,0,0,0,0,0,0,NA,NA,0,0,NA,0,NA,NA,NA,NA,NA,NA,NA,NA,NA,NA,NA,NA,NA,NA,NA,NA,NA,NA,NA,NA,NA,NA,NA
"91",1,NA,1,1,1,1,NA,0,0,1,1,0,0,0,0,NA,NA,NA,NA,NA,0,0,NA,NA,0,0,0,0,NA,0,NA,0,NA,0,0,NA,0,NA,NA,0,0,NA,0,NA,0,0,NA,0,0,0,0,NA,0,0,0,0,0,0,0,0,NA,0,0,0,0,NA,NA,NA,NA,NA,NA,NA,NA,NA,NA,NA,NA,NA,NA,NA,NA,NA,NA,NA,NA,NA,NA
"92",1,1,1,1,NA,1,NA,1,NA,0,1,1,0,1,0,NA,0,NA,NA,0,0,0,0,0,0,0,0,NA,NA,NA,NA,0,NA,0,0,NA,0,0,NA,0,0,NA,0,NA,0,NA,0,0,0,0,0,NA,0,0,0,0,0,0,0,0,NA,0,0,0,0,NA,NA,NA,NA,NA,NA,NA,NA,NA,NA,NA,NA,NA,NA,NA,NA,NA,NA,NA,NA,NA,NA
"93",1,NA,0,1,1,1,NA,0,0,1,1,0,0,0,0,NA,NA,NA,NA,NA,0,0,NA,NA,0,0,0,0,NA,0,NA,0,NA,0,0,NA,0,NA,NA,0,0,NA,0,NA,0,0,NA,0,0,0,0,0,0,NA,0,0,0,0,0,NA,NA,0,0,0,0,NA,NA,NA,NA,NA,NA,NA,NA,NA,NA,NA,NA,NA,NA,NA,NA,NA,NA,NA,NA,NA,NA
"94",1,NA,0,1,1,1,NA,1,0,1,1,1,0,0,0,NA,NA,NA,NA,NA,0,0,NA,0,0,0,0,0,NA,0,NA,0,NA,0,0,NA,0,NA,NA,0,0,NA,0,NA,0,0,NA,0,0,0,0,NA,0,NA,0,0,0,0,0,NA,NA,0,0,0,0,NA,NA,NA,NA,NA,NA,NA,NA,NA,NA,NA,NA,NA,NA,NA,NA,NA,NA,NA,NA,NA,NA
"95",1,1,1,1,NA,0,NA,1,NA,0,1,1,0,1,0,NA,0,NA,NA,0,0,0,0,0,0,0,0,0,NA,NA,NA,0,NA,0,0,NA,0,0,NA,0,0,NA,0,NA,0,NA,0,0,0,0,0,NA,0,0,0,0,0,0,0,NA,NA,0,0,0,0,NA,NA,NA,NA,NA,NA,NA,NA,NA,NA,NA,NA,NA,NA,NA,NA,NA,NA,NA,NA,NA,NA
"96",1,NA,1,1,NA,1,NA,0,1,1,0,0,0,0,0,NA,NA,NA,NA,NA,0,0,NA,NA,0,0,0,NA,NA,0,NA,0,NA,0,0,NA,0,NA,NA,0,0,NA,0,NA,0,0,NA,0,0,0,0,0,0,NA,0,0,0,0,0,NA,NA,0,0,0,0,NA,NA,NA,NA,NA,NA,NA,NA,NA,NA,NA,NA,NA,NA,NA,NA,NA,NA,NA,NA,NA,NA
"97",1,1,1,1,NA,1,NA,1,NA,0,1,1,0,1,0,NA,0,NA,NA,0,0,0,0,0,0,0,0,NA,NA,NA,NA,0,NA,0,0,NA,0,0,NA,0,0,NA,0,NA,0,NA,0,0,0,0,0,0,0,0,0,0,0,0,0,NA,NA,0,0,0,0,NA,NA,NA,NA,NA,NA,NA,NA,NA,NA,NA,NA,NA,NA,NA,NA,NA,NA,NA,NA,NA,NA
"98",1,NA,0,1,1,1,NA,0,0,1,1,0,0,0,0,NA,NA,NA,NA,NA,0,0,NA,NA,0,0,0,0,NA,0,NA,0,NA,0,0,NA,0,NA,NA,0,0,NA,0,NA,0,0,NA,0,0,0,0,NA,0,0,0,0,0,0,0,NA,NA,0,0,0,0,NA,NA,NA,NA,NA,NA,NA,NA,NA,NA,NA,NA,NA,NA,NA,NA,NA,NA,NA,NA,NA,NA
"99",1,NA,1,1,NA,0,NA,1,NA,0,1,1,0,0,0,NA,NA,NA,NA,NA,0,0,NA,0,0,0,0,0,NA,0,NA,0,NA,0,0,NA,0,NA,NA,0,0,NA,0,NA,0,NA,NA,0,0,0,0,NA,0,NA,0,0,0,0,0,NA,NA,0,0,0,0,NA,NA,NA,NA,NA,NA,NA,NA,NA,NA,NA,NA,NA,NA,NA,NA,NA,NA,NA,NA,NA,NA
"100",1,NA,1,1,NA,1,NA,0,1,1,0,0,0,0,0,NA,NA,NA,NA,NA,0,0,NA,NA,0,0,0,0,NA,0,NA,0,NA,0,0,NA,0,NA,NA,0,0,NA,0,NA,0,0,NA,0,0,0,0,NA,0,NA,0,0,0,0,0,NA,NA,0,0,0,0,NA,NA,NA,NA,NA,NA,NA,NA,NA,NA,NA,NA,NA,NA,NA,NA,NA,NA,NA,NA,NA,NA
"101",1,NA,1,1,1,1,NA,1,0,1,1,1,0,0,0,NA,NA,NA,NA,NA,0,0,NA,0,0,0,0,NA,NA,0,NA,0,NA,0,0,NA,0,NA,NA,0,0,NA,0,NA,0,0,NA,0,0,0,0,NA,0,0,0,0,0,0,0,0,NA,0,0,0,0,NA,NA,NA,NA,NA,NA,NA,NA,NA,NA,NA,NA,NA,NA,NA,NA,NA,NA,NA,NA,NA,NA
"102",1,NA,1,1,1,1,NA,1,0,1,1,1,0,0,0,NA,NA,NA,NA,NA,0,0,NA,0,0,0,0,NA,NA,0,NA,0,NA,0,0,NA,0,NA,NA,0,0,NA,0,NA,0,0,NA,0,0,0,0,NA,0,0,0,0,0,0,0,NA,NA,0,0,0,0,NA,NA,NA,NA,NA,NA,NA,NA,NA,NA,NA,NA,NA,NA,NA,NA,NA,NA,NA,NA,NA,NA
"103",1,NA,1,1,NA,1,NA,0,NA,0,1,0,0,0,0,NA,NA,NA,NA,NA,0,0,NA,NA,0,0,0,NA,NA,0,NA,0,NA,0,0,NA,0,NA,NA,0,0,NA,0,NA,0,NA,NA,0,0,0,0,0,0,NA,0,0,0,0,0,NA,NA,0,0,0,0,NA,NA,NA,NA,NA,NA,NA,NA,NA,NA,NA,NA,NA,NA,NA,NA,NA,NA,NA,NA,NA,NA
"104",1,NA,1,1,1,1,NA,1,0,1,1,1,0,0,0,NA,NA,NA,NA,NA,0,0,NA,0,0,0,0,NA,NA,0,NA,0,NA,0,0,NA,0,NA,NA,0,0,NA,0,NA,0,0,NA,0,0,0,0,0,0,NA,0,0,0,0,0,NA,NA,0,0,0,0,NA,NA,NA,NA,NA,NA,NA,NA,NA,NA,NA,NA,NA,NA,NA,NA,NA,NA,NA,NA,NA,NA
"105",1,1,1,1,NA,1,NA,1,NA,0,1,1,0,1,0,NA,0,NA,NA,0,0,0,0,0,0,0,0,NA,NA,NA,NA,0,NA,0,0,NA,0,0,NA,0,0,NA,0,NA,0,NA,0,0,0,0,0,NA,0,0,0,0,0,0,0,NA,NA,0,0,0,0,NA,NA,NA,NA,NA,NA,NA,NA,NA,NA,NA,NA,NA,NA,NA,NA,NA,NA,NA,NA,NA,NA
"106",1,NA,1,1,1,1,NA,0,0,1,1,0,0,0,0,NA,NA,NA,NA,NA,0,0,NA,NA,0,0,0,NA,NA,0,NA,0,NA,0,0,NA,0,NA,NA,0,0,NA,0,NA,0,0,NA,0,0,0,0,0,0,NA,0,0,0,0,0,NA,NA,0,0,0,0,NA,NA,NA,NA,NA,NA,NA,NA,NA,NA,NA,NA,NA,NA,NA,NA,NA,NA,NA,NA,NA,NA
"107",1,NA,1,1,NA,1,NA,1,NA,0,1,1,0,0,0,NA,NA,NA,NA,NA,0,0,NA,0,0,0,0,NA,NA,0,NA,0,NA,0,0,NA,0,NA,NA,0,0,NA,0,NA,0,NA,NA,0,0,0,0,NA,0,NA,0,0,0,0,0,NA,NA,0,0,0,0,NA,NA,NA,NA,NA,NA,NA,NA,NA,NA,NA,NA,NA,NA,NA,NA,NA,NA,NA,NA,NA,NA
"108",1,NA,1,1,0,1,NA,1,NA,1,1,1,0,0,1,NA,NA,NA,NA,NA,0,0,NA,0,0,0,0,NA,NA,0,NA,0,NA,0,0,NA,0,NA,NA,0,0,NA,0,NA,0,NA,NA,0,0,0,0,0,0,NA,0,0,0,0,0,NA,NA,0,0,0,0,NA,NA,NA,NA,NA,NA,NA,NA,NA,NA,NA,NA,NA,NA,NA,NA,NA,NA,NA,NA,NA,NA
"109",1,NA,1,1,0,1,NA,0,NA,1,1,0,0,0,1,NA,NA,NA,NA,NA,0,0,NA,NA,0,0,0,0,NA,0,NA,0,NA,0,0,NA,0,NA,NA,0,0,NA,0,NA,0,NA,NA,0,0,0,0,NA,0,0,0,0,0,0,0,0,NA,0,0,0,0,NA,NA,NA,NA,NA,NA,NA,NA,NA,NA,NA,NA,NA,NA,NA,NA,NA,NA,NA,NA,NA,NA
"110",1,NA,1,1,1,1,NA,1,0,1,1,1,0,0,0,NA,NA,NA,NA,NA,0,0,NA,0,0,0,0,NA,NA,0,NA,0,NA,0,0,NA,0,NA,NA,0,0,NA,0,NA,0,0,NA,0,0,0,0,NA,0,NA,0,0,0,0,0,0,NA,0,0,0,0,NA,NA,NA,NA,NA,NA,NA,NA,NA,NA,NA,NA,NA,NA,NA,NA,NA,NA,NA,NA,NA,NA
"111",1,NA,1,1,1,1,NA,0,0,1,1,0,0,0,0,NA,NA,NA,NA,NA,0,0,NA,NA,0,0,0,NA,NA,0,NA,0,NA,0,0,NA,0,NA,NA,0,0,NA,0,NA,0,0,NA,0,0,0,0,NA,0,0,0,0,0,0,0,0,NA,0,0,0,0,NA,NA,NA,NA,NA,NA,NA,NA,NA,NA,NA,NA,NA,NA,NA,NA,NA,NA,NA,NA,NA,NA
"112",1,1,1,1,NA,1,NA,0,NA,0,1,0,0,1,0,NA,0,NA,NA,0,0,0,0,NA,0,0,0,0,NA,NA,NA,0,NA,0,0,NA,0,0,NA,0,0,NA,0,NA,0,NA,0,0,0,0,0,NA,0,NA,0,0,0,0,0,0,NA,0,0,0,0,NA,NA,NA,NA,NA,NA,NA,NA,NA,NA,NA,NA,NA,NA,NA,NA,NA,NA,NA,NA,NA,NA
"113",1,NA,1,1,1,1,NA,0,0,1,1,0,0,0,0,NA,NA,NA,NA,NA,0,0,NA,NA,0,0,0,NA,NA,0,NA,0,NA,0,0,NA,0,NA,NA,0,0,NA,0,NA,0,0,NA,0,0,0,0,NA,0,0,0,0,0,0,0,NA,NA,0,0,0,0,NA,NA,NA,NA,NA,NA,NA,NA,NA,NA,NA,NA,NA,NA,NA,NA,NA,NA,NA,NA,NA,NA
"114",1,NA,1,1,0,1,NA,1,NA,1,1,1,0,0,1,NA,NA,NA,NA,NA,0,0,NA,0,0,0,0,NA,NA,0,NA,0,NA,0,0,NA,0,NA,NA,0,0,NA,0,NA,0,NA,NA,0,0,0,0,NA,0,NA,0,0,0,0,0,0,NA,0,0,0,0,NA,NA,NA,NA,NA,NA,NA,NA,NA,NA,NA,NA,NA,NA,NA,NA,NA,NA,NA,NA,NA,NA
"115",1,NA,1,1,1,1,NA,0,0,1,1,0,0,0,0,NA,NA,NA,NA,NA,0,0,NA,NA,0,0,0,0,NA,0,NA,0,NA,0,0,NA,0,NA,NA,0,0,NA,0,NA,0,0,NA,0,0,0,0,NA,0,NA,0,0,0,0,0,0,NA,0,0,0,0,NA,NA,NA,NA,NA,NA,NA,NA,NA,NA,NA,NA,NA,NA,NA,NA,NA,NA,NA,NA,NA,NA
"116",1,NA,1,1,1,1,NA,0,0,1,1,0,0,0,0,NA,NA,NA,NA,NA,0,0,NA,NA,0,0,0,NA,NA,0,NA,0,NA,0,0,NA,0,NA,NA,0,0,NA,0,NA,0,0,NA,0,0,0,0,NA,0,NA,0,0,0,0,0,0,NA,0,0,0,0,NA,NA,NA,NA,NA,NA,NA,NA,NA,NA,NA,NA,NA,NA,NA,NA,NA,NA,NA,NA,NA,NA
"117",1,NA,1,1,0,1,NA,0,NA,1,1,0,0,0,1,NA,NA,NA,NA,NA,0,0,NA,NA,0,0,0,0,NA,0,NA,0,NA,0,0,NA,0,NA,NA,0,0,NA,0,NA,0,NA,NA,0,0,0,0,NA,0,0,0,0,0,0,0,NA,NA,0,0,0,0,NA,NA,NA,NA,NA,NA,NA,NA,NA,NA,NA,NA,NA,NA,NA,NA,NA,NA,NA,NA,NA,NA
"118",1,NA,1,1,0,1,NA,0,NA,1,1,0,0,0,1,NA,NA,NA,NA,NA,0,0,NA,NA,0,0,0,NA,NA,0,NA,0,NA,0,0,NA,0,NA,NA,0,0,NA,0,NA,0,NA,NA,0,0,0,0,NA,0,0,0,0,0,0,0,0,NA,0,0,0,0,NA,NA,NA,NA,NA,NA,NA,NA,NA,NA,NA,NA,NA,NA,NA,NA,NA,NA,NA,NA,NA,NA
"119",1,1,1,1,NA,0,NA,1,NA,0,1,1,0,1,0,NA,0,NA,NA,0,0,0,0,0,0,0,0,0,NA,NA,NA,0,NA,0,0,NA,0,0,NA,0,0,NA,0,NA,0,NA,0,0,0,0,0,NA,0,NA,0,0,0,0,0,NA,NA,0,0,0,0,NA,NA,NA,NA,NA,NA,NA,NA,NA,NA,NA,NA,NA,NA,NA,NA,NA,NA,NA,NA,NA,NA
"120",1,NA,1,1,0,1,NA,0,NA,1,1,0,0,0,1,NA,NA,NA,NA,NA,0,0,NA,NA,0,0,0,NA,NA,0,NA,0,NA,0,0,NA,0,NA,NA,0,0,NA,0,NA,0,NA,NA,0,0,0,0,0,0,0,0,0,0,0,0,NA,NA,0,0,0,0,NA,NA,NA,NA,NA,NA,NA,NA,NA,NA,NA,NA,NA,NA,NA,NA,NA,NA,NA,NA,NA,NA
"121",1,NA,1,1,1,1,NA,1,0,1,1,1,0,0,0,NA,NA,NA,NA,NA,0,0,NA,0,0,0,0,NA,NA,0,NA,0,NA,0,0,NA,0,NA,NA,0,0,NA,0,NA,0,0,NA,0,0,0,0,NA,0,NA,0,0,0,0,0,NA,NA,0,0,0,0,NA,NA,NA,NA,NA,NA,NA,NA,NA,NA,NA,NA,NA,NA,NA,NA,NA,NA,NA,NA,NA,NA
"122",1,1,1,1,NA,0,NA,0,NA,0,1,0,0,1,0,NA,0,NA,NA,0,0,0,0,NA,0,0,0,0,NA,NA,NA,0,NA,0,0,NA,0,0,NA,0,0,NA,0,NA,0,NA,0,0,0,0,0,0,0,NA,0,0,0,0,0,NA,NA,0,0,0,0,NA,NA,NA,NA,NA,NA,NA,NA,NA,NA,NA,NA,NA,NA,NA,NA,NA,NA,NA,NA,NA,NA
"123",1,NA,1,1,0,1,NA,1,NA,1,1,1,0,0,1,NA,NA,NA,NA,NA,0,0,NA,0,0,0,0,NA,NA,0,NA,0,NA,0,0,NA,0,NA,NA,0,0,NA,0,NA,0,NA,NA,0,0,0,0,NA,0,NA,0,0,0,0,0,NA,NA,0,0,0,0,NA,NA,NA,NA,NA,NA,NA,NA,NA,NA,NA,NA,NA,NA,NA,NA,NA,NA,NA,NA,NA,NA
"124",1,NA,1,1,NA,1,NA,0,NA,0,1,0,0,0,0,NA,NA,NA,NA,NA,0,0,NA,NA,0,0,0,NA,NA,0,NA,0,NA,0,0,NA,0,NA,NA,0,0,NA,0,NA,0,NA,NA,0,0,0,0,NA,0,NA,0,0,0,0,0,0,NA,0,0,0,0,NA,NA,NA,NA,NA,NA,NA,NA,NA,NA,NA,NA,NA,NA,NA,NA,NA,NA,NA,NA,NA,NA
"125",1,NA,1,1,0,1,NA,0,NA,1,1,0,0,0,1,NA,NA,NA,NA,NA,0,0,NA,NA,0,0,0,NA,NA,0,NA,0,NA,0,0,NA,0,NA,NA,0,0,NA,0,NA,0,NA,NA,0,0,0,0,NA,0,NA,0,0,0,0,0,0,NA,0,0,0,0,NA,NA,NA,NA,NA,NA,NA,NA,NA,NA,NA,NA,NA,NA,NA,NA,NA,NA,NA,NA,NA,NA
"126",1,NA,1,1,NA,1,NA,0,1,1,0,0,0,0,0,NA,NA,NA,NA,NA,0,0,NA,NA,0,0,0,NA,NA,0,NA,0,NA,0,0,NA,0,NA,NA,0,0,NA,0,NA,0,0,NA,0,0,0,0,NA,0,NA,0,0,0,0,0,NA,NA,0,0,0,0,NA,NA,NA,NA,NA,NA,NA,NA,NA,NA,NA,NA,NA,NA,NA,NA,NA,NA,NA,NA,NA,NA
"127",1,NA,1,1,0,1,NA,0,NA,1,1,0,0,0,1,NA,NA,NA,NA,NA,0,0,NA,NA,0,0,0,NA,NA,0,NA,0,NA,0,0,NA,0,NA,NA,0,0,NA,0,NA,0,NA,NA,0,0,0,0,0,0,NA,0,0,0,0,0,NA,NA,0,0,0,0,NA,NA,NA,NA,NA,NA,NA,NA,NA,NA,NA,NA,NA,NA,NA,NA,NA,NA,NA,NA,NA,NA
"128",1,NA,0,1,1,1,NA,0,0,1,1,0,0,0,0,NA,NA,NA,NA,NA,0,0,NA,NA,0,0,0,0,NA,0,NA,0,NA,0,0,NA,0,NA,NA,0,0,NA,0,NA,0,0,NA,0,0,0,0,NA,0,NA,0,0,0,0,0,NA,NA,0,0,0,0,NA,NA,NA,NA,NA,NA,NA,NA,NA,NA,NA,NA,NA,NA,NA,NA,NA,NA,NA,NA,NA,NA
"129",1,NA,1,1,0,1,NA,0,NA,1,1,0,0,0,1,NA,NA,NA,NA,NA,0,0,NA,NA,0,0,0,0,NA,0,NA,0,NA,0,0,NA,0,NA,NA,0,0,NA,0,NA,0,NA,NA,0,0,0,0,NA,0,NA,0,0,0,0,0,NA,NA,0,0,0,0,NA,NA,NA,NA,NA,NA,NA,NA,NA,NA,NA,NA,NA,NA,NA,NA,NA,NA,NA,NA,NA,NA
"130",1,NA,1,1,1,1,NA,0,0,1,1,0,0,0,0,NA,NA,NA,NA,NA,0,0,NA,NA,0,0,0,NA,NA,0,NA,0,NA,0,0,NA,0,NA,NA,0,0,NA,0,NA,0,0,NA,0,0,0,0,NA,0,NA,0,0,0,0,0,NA,NA,0,0,0,0,NA,NA,NA,NA,NA,NA,NA,NA,NA,NA,NA,NA,NA,NA,NA,NA,NA,NA,NA,NA,NA,NA
"131",1,NA,1,1,0,1,NA,0,NA,1,1,0,0,0,1,NA,NA,NA,NA,NA,0,0,NA,NA,0,0,0,NA,NA,0,NA,0,NA,0,0,NA,0,NA,NA,0,0,NA,0,NA,0,NA,NA,0,0,0,0,NA,0,0,0,0,0,0,0,NA,NA,0,0,0,0,NA,NA,NA,NA,NA,NA,NA,NA,NA,NA,NA,NA,NA,NA,NA,NA,NA,NA,NA,NA,NA,NA
"132",1,NA,1,1,NA,1,NA,0,NA,0,1,0,0,0,0,NA,NA,NA,NA,NA,0,0,NA,NA,0,0,0,NA,NA,0,NA,0,NA,0,0,NA,0,NA,NA,0,0,NA,0,NA,0,NA,NA,0,0,0,0,NA,0,NA,0,0,0,0,0,NA,NA,0,0,0,0,NA,NA,NA,NA,NA,NA,NA,NA,NA,NA,NA,NA,NA,NA,NA,NA,NA,NA,NA,NA,NA,NA
"133",1,NA,1,1,0,1,NA,0,NA,1,1,0,0,0,1,NA,NA,NA,NA,NA,0,0,NA,NA,0,0,0,NA,NA,0,NA,0,NA,0,0,NA,0,NA,NA,0,0,NA,0,NA,0,NA,NA,0,0,0,0,NA,0,NA,0,0,0,0,0,NA,NA,0,0,0,0,NA,NA,NA,NA,NA,NA,NA,NA,NA,NA,NA,NA,NA,NA,NA,NA,NA,NA,NA,NA,NA,NA
"134",NA,NA,NA,0,NA,0,NA,NA,NA,0,0,0,1,0,0,0,NA,0,0,NA,0,NA,NA,NA,NA,0,0,0,0,NA,0,NA,NA,NA,0,0,0,NA,0,0,0,NA,0,NA,0,NA,0,NA,NA,0,0,NA,0,0,0,0,0,0,NA,NA,0,0,NA,0,NA,NA,NA,NA,NA,NA,NA,NA,NA,NA,NA,NA,NA,NA,NA,NA,NA,NA,NA,NA,NA,NA,NA
"135",NA,NA,NA,0,NA,0,NA,NA,NA,0,0,0,NA,0,0,0,NA,0,0,NA,0,NA,NA,NA,NA,NA,0,0,0,NA,0,NA,NA,NA,0,0,0,NA,0,0,0,NA,0,NA,0,NA,0,0,NA,0,0,NA,0,0,0,0,0,0,NA,NA,0,0,NA,0,NA,NA,NA,NA,NA,NA,NA,NA,NA,NA,NA,NA,NA,NA,NA,NA,NA,NA,NA,NA,NA,NA,NA
"136",NA,NA,NA,1,NA,0,NA,NA,NA,0,0,0,1,0,0,0,NA,0,0,NA,0,NA,NA,NA,NA,0,0,0,0,NA,0,NA,NA,NA,0,0,0,NA,0,0,0,NA,0,NA,0,NA,0,NA,NA,0,0,NA,0,NA,0,0,0,0,NA,NA,0,0,NA,0,NA,NA,NA,NA,NA,NA,NA,NA,NA,NA,NA,NA,NA,NA,NA,NA,NA,NA,NA,NA,NA,NA,NA
"137",NA,NA,NA,0,NA,0,NA,NA,NA,0,0,0,1,0,0,0,NA,0,0,NA,0,NA,NA,NA,NA,0,0,0,0,NA,0,NA,NA,NA,0,0,0,NA,0,0,0,NA,0,NA,0,NA,0,0,NA,0,0,NA,0,0,0,0,NA,0,NA,NA,0,0,NA,0,NA,NA,NA,NA,NA,NA,NA,NA,NA,NA,NA,NA,NA,NA,NA,NA,NA,NA,NA,NA,NA,NA,NA
"138",NA,NA,NA,0,NA,0,NA,NA,NA,0,0,0,1,0,0,0,NA,0,0,NA,0,NA,NA,NA,NA,0,0,0,0,NA,0,NA,NA,NA,0,0,0,NA,0,NA,0,NA,0,NA,0,NA,0,0,NA,0,0,NA,0,0,0,0,0,0,NA,NA,0,0,NA,0,NA,NA,NA,NA,NA,NA,NA,NA,NA,NA,NA,NA,NA,NA,NA,NA,NA,NA,NA,NA,NA,NA,NA
"139",NA,NA,NA,0,NA,0,NA,NA,NA,0,0,0,0,0,0,0,NA,0,0,NA,0,NA,NA,NA,NA,NA,0,0,0,NA,0,NA,NA,NA,0,0,0,NA,0,0,0,NA,0,NA,0,NA,0,0,NA,0,0,NA,0,0,0,0,NA,0,NA,NA,0,0,NA,0,NA,NA,NA,NA,NA,NA,NA,NA,NA,NA,NA,NA,NA,NA,NA,NA,NA,NA,NA,NA,NA,NA,NA
"140",NA,NA,NA,1,NA,0,NA,NA,NA,0,0,0,1,NA,0,0,NA,0,NA,NA,0,NA,NA,NA,NA,0,0,0,0,NA,NA,NA,NA,NA,0,0,0,NA,0,NA,0,NA,0,NA,0,NA,0,0,NA,0,0,NA,0,NA,0,0,0,0,NA,NA,0,0,NA,0,NA,NA,NA,NA,NA,NA,NA,NA,NA,NA,NA,NA,NA,NA,NA,NA,NA,NA,NA,NA,NA,NA,NA
"141",NA,NA,NA,0,NA,0,NA,NA,NA,0,0,0,1,NA,0,0,NA,0,NA,NA,0,NA,NA,NA,NA,0,0,0,0,NA,NA,NA,NA,NA,0,0,0,NA,0,0,0,NA,0,NA,0,NA,0,NA,NA,0,0,NA,0,0,0,0,NA,0,NA,NA,0,0,NA,0,NA,NA,NA,NA,NA,NA,NA,NA,NA,NA,NA,NA,NA,NA,NA,NA,NA,NA,NA,NA,NA,NA,NA
"142",NA,NA,NA,0,NA,0,NA,NA,NA,0,0,0,1,NA,0,0,NA,0,NA,NA,0,NA,NA,NA,NA,0,0,0,0,NA,NA,NA,NA,NA,0,0,0,NA,0,NA,0,NA,0,NA,0,NA,0,NA,NA,0,0,NA,0,0,0,0,0,0,NA,NA,0,0,NA,0,NA,NA,NA,NA,NA,NA,NA,NA,NA,NA,NA,NA,NA,NA,NA,NA,NA,NA,NA,NA,NA,NA,NA
"143",NA,NA,NA,1,NA,0,NA,NA,NA,0,0,0,1,NA,0,0,NA,0,NA,NA,0,NA,NA,NA,NA,0,0,0,0,NA,NA,NA,NA,NA,0,0,0,NA,0,0,0,NA,0,NA,0,NA,0,0,NA,0,0,NA,0,NA,0,0,NA,0,NA,NA,0,0,NA,0,NA,NA,NA,NA,NA,NA,NA,NA,NA,NA,NA,NA,NA,NA,NA,NA,NA,NA,NA,NA,NA,NA,NA
"144",NA,NA,NA,1,NA,0,NA,NA,NA,0,0,0,1,NA,0,0,NA,0,NA,NA,0,NA,NA,NA,NA,0,0,0,0,NA,NA,NA,NA,NA,0,0,0,NA,0,NA,0,NA,0,NA,0,NA,0,NA,NA,0,0,NA,0,NA,0,0,0,0,NA,NA,0,0,NA,0,NA,NA,NA,NA,NA,NA,NA,NA,NA,NA,NA,NA,NA,NA,NA,NA,NA,NA,NA,NA,NA,NA,NA
"145",NA,NA,NA,0,NA,0,NA,NA,NA,0,0,0,1,NA,0,0,NA,0,NA,NA,0,NA,NA,NA,NA,0,0,0,0,NA,NA,NA,NA,NA,0,0,0,NA,0,NA,0,NA,0,NA,0,NA,0,0,NA,0,0,NA,0,0,0,0,NA,0,NA,NA,0,0,NA,0,NA,NA,NA,NA,NA,NA,NA,NA,NA,NA,NA,NA,NA,NA,NA,NA,NA,NA,NA,NA,NA,NA,NA
"146",NA,NA,NA,0,NA,0,NA,NA,NA,0,0,0,1,NA,0,0,NA,0,NA,NA,0,NA,NA,NA,NA,0,0,0,0,NA,NA,NA,NA,NA,0,0,0,NA,0,NA,0,NA,0,NA,0,NA,0,NA,NA,0,0,NA,0,0,0,0,NA,0,NA,NA,0,0,NA,0,NA,NA,NA,NA,NA,NA,NA,NA,NA,NA,NA,NA,NA,NA,NA,NA,NA,NA,NA,NA,NA,NA,NA
"147",NA,NA,NA,1,NA,0,NA,NA,NA,0,0,0,1,NA,0,0,NA,0,NA,NA,0,NA,NA,NA,NA,0,0,0,0,NA,NA,NA,NA,NA,0,0,0,NA,0,0,0,NA,0,NA,0,NA,0,NA,NA,0,0,NA,0,NA,0,0,NA,0,NA,NA,0,0,NA,0,NA,NA,NA,NA,NA,NA,NA,NA,NA,NA,NA,NA,NA,NA,NA,NA,NA,NA,NA,NA,NA,NA,NA
"148",NA,NA,NA,1,NA,0,NA,NA,NA,0,0,0,1,NA,0,0,NA,0,NA,NA,0,NA,NA,NA,NA,0,0,0,0,NA,NA,NA,NA,NA,0,0,0,NA,0,NA,0,NA,0,NA,0,NA,0,0,NA,0,0,NA,0,NA,0,0,NA,0,NA,NA,0,0,NA,0,NA,NA,NA,NA,NA,NA,NA,NA,NA,NA,NA,NA,NA,NA,NA,NA,NA,NA,NA,NA,NA,NA,NA
"149",NA,NA,NA,1,NA,0,NA,NA,NA,0,0,0,1,NA,0,0,NA,0,NA,NA,0,NA,NA,NA,NA,0,0,0,0,NA,NA,NA,NA,NA,0,0,0,NA,0,NA,0,NA,0,NA,0,NA,0,NA,NA,0,0,NA,0,NA,0,0,NA,0,NA,NA,0,0,NA,0,NA,NA,NA,NA,NA,NA,NA,NA,NA,NA,NA,NA,NA,NA,NA,NA,NA,NA,NA,NA,NA,NA,NA
"150",NA,NA,NA,NA,NA,0,1,NA,NA,0,0,0,1,NA,0,0,NA,0,NA,NA,0,NA,NA,NA,NA,0,0,0,0,NA,NA,NA,0,NA,0,0,0,NA,0,0,0,0,0,0,0,NA,0,0,NA,0,0,NA,0,0,0,NA,NA,0,NA,NA,0,0,NA,0,NA,NA,NA,NA,NA,NA,NA,NA,NA,NA,NA,NA,NA,NA,NA,NA,NA,NA,NA,NA,NA,NA,NA
"151",NA,NA,NA,NA,NA,0,1,NA,NA,0,0,0,1,NA,0,0,NA,0,NA,NA,0,NA,NA,NA,NA,0,0,0,0,NA,NA,NA,0,NA,0,0,0,NA,0,0,0,0,0,0,0,NA,0,NA,NA,0,0,NA,0,0,0,NA,0,0,NA,NA,0,0,NA,0,NA,NA,NA,NA,NA,NA,NA,NA,NA,NA,NA,NA,NA,NA,NA,NA,NA,NA,NA,NA,NA,NA,NA
"152",NA,NA,NA,NA,NA,0,1,NA,NA,0,0,0,1,NA,0,0,NA,0,NA,NA,0,NA,NA,NA,NA,0,0,0,0,NA,NA,NA,0,NA,0,0,0,NA,0,NA,0,0,0,0,0,NA,0,0,NA,0,0,NA,0,0,0,NA,NA,0,NA,NA,0,0,NA,0,NA,NA,NA,NA,NA,NA,NA,NA,NA,NA,NA,NA,NA,NA,NA,NA,NA,NA,NA,NA,NA,NA,NA
"153",NA,NA,NA,NA,NA,0,1,NA,NA,0,0,0,1,NA,0,0,NA,0,NA,NA,0,NA,NA,NA,NA,0,0,0,0,NA,NA,NA,0,NA,0,0,0,NA,0,NA,0,0,0,0,0,NA,0,NA,NA,0,0,NA,0,0,0,NA,0,0,NA,NA,0,0,NA,0,NA,NA,NA,NA,NA,NA,NA,NA,NA,NA,NA,NA,NA,NA,NA,NA,NA,NA,NA,NA,NA,NA,NA
"154",NA,NA,NA,NA,NA,0,0,NA,NA,0,0,0,1,NA,0,0,NA,0,NA,NA,0,NA,NA,NA,NA,0,0,0,0,NA,NA,NA,0,NA,0,0,0,NA,0,0,0,0,0,NA,0,NA,0,0,NA,0,0,NA,0,0,0,NA,0,0,NA,NA,0,0,NA,0,NA,NA,NA,NA,NA,NA,NA,NA,NA,NA,NA,NA,NA,NA,NA,NA,NA,NA,NA,NA,NA,NA,NA
"155",NA,NA,NA,NA,NA,0,1,NA,NA,0,0,0,1,NA,0,0,NA,0,NA,NA,0,NA,NA,NA,NA,0,0,0,0,NA,NA,NA,0,NA,0,0,0,NA,0,0,0,0,0,0,0,NA,0,NA,NA,0,0,NA,0,0,0,NA,NA,0,NA,NA,0,0,NA,0,NA,NA,NA,NA,NA,NA,NA,NA,NA,NA,NA,NA,NA,NA,NA,NA,NA,NA,NA,NA,NA,NA,NA
"156",NA,NA,NA,NA,NA,0,0,NA,NA,0,0,0,1,NA,0,0,NA,0,NA,NA,0,NA,NA,NA,NA,0,0,0,0,NA,NA,NA,0,NA,0,0,0,NA,0,0,0,0,0,NA,0,NA,0,0,NA,0,0,NA,0,0,0,NA,NA,0,NA,NA,0,0,NA,0,NA,NA,NA,NA,NA,NA,NA,NA,NA,NA,NA,NA,NA,NA,NA,NA,NA,NA,NA,NA,NA,NA,NA
"157",NA,NA,NA,NA,NA,0,0,NA,NA,0,0,0,1,NA,0,0,NA,0,NA,NA,0,NA,NA,NA,NA,0,0,0,0,NA,NA,NA,0,NA,0,0,0,NA,0,0,0,0,0,NA,0,NA,0,NA,NA,0,0,NA,0,0,0,NA,0,0,NA,NA,0,0,NA,0,NA,NA,NA,NA,NA,NA,NA,NA,NA,NA,NA,NA,NA,NA,NA,NA,NA,NA,NA,NA,NA,NA,NA
"158",NA,NA,NA,NA,NA,0,0,NA,NA,0,0,0,1,NA,0,0,NA,0,NA,NA,0,NA,NA,NA,NA,0,0,0,0,NA,NA,NA,0,NA,0,0,0,NA,0,NA,0,0,0,NA,0,NA,0,0,NA,0,0,NA,0,0,0,NA,0,0,NA,NA,0,0,NA,0,NA,NA,NA,NA,NA,NA,NA,NA,NA,NA,NA,NA,NA,NA,NA,NA,NA,NA,NA,NA,NA,NA,NA
"159",NA,NA,NA,NA,NA,0,0,NA,NA,0,0,0,1,NA,0,0,NA,0,NA,NA,0,NA,NA,NA,NA,0,0,0,0,NA,NA,NA,0,NA,0,0,0,NA,0,NA,0,0,0,NA,0,NA,0,0,NA,0,0,NA,0,0,0,NA,NA,0,NA,NA,0,0,NA,0,NA,NA,NA,NA,NA,NA,NA,NA,NA,NA,NA,NA,NA,NA,NA,NA,NA,NA,NA,NA,NA,NA,NA
"160",NA,NA,NA,NA,NA,0,0,NA,NA,0,0,0,1,NA,0,0,NA,0,NA,NA,0,NA,NA,NA,NA,0,0,0,0,NA,NA,NA,0,NA,0,0,0,NA,0,0,0,0,0,NA,0,NA,0,NA,NA,0,0,NA,0,0,0,NA,NA,0,NA,NA,0,0,NA,0,NA,NA,NA,NA,NA,NA,NA,NA,NA,NA,NA,NA,NA,NA,NA,NA,NA,NA,NA,NA,NA,NA,NA
"161",NA,NA,NA,NA,NA,0,0,NA,NA,0,0,0,1,NA,0,0,NA,0,NA,NA,0,NA,NA,NA,NA,0,0,0,0,NA,NA,NA,0,NA,0,0,0,NA,0,NA,0,0,0,NA,0,NA,0,NA,NA,0,0,NA,0,0,0,NA,0,0,NA,NA,0,0,NA,0,NA,NA,NA,NA,NA,NA,NA,NA,NA,NA,NA,NA,NA,NA,NA,NA,NA,NA,NA,NA,NA,NA,NA
"162",NA,NA,NA,NA,NA,0,1,NA,NA,0,0,0,1,NA,0,0,NA,0,NA,NA,0,NA,NA,NA,NA,0,0,0,0,NA,NA,NA,0,NA,0,0,0,NA,0,NA,0,0,0,0,0,NA,0,NA,NA,0,0,NA,0,0,0,NA,NA,0,NA,NA,0,0,NA,0,NA,NA,NA,NA,NA,NA,NA,NA,NA,NA,NA,NA,NA,NA,NA,NA,NA,NA,NA,NA,NA,NA,NA
"163",NA,NA,NA,NA,NA,0,0,NA,NA,0,0,0,1,NA,0,0,NA,0,NA,NA,0,NA,NA,NA,NA,0,0,0,0,NA,NA,NA,0,NA,0,0,0,NA,0,NA,0,0,0,NA,0,NA,0,NA,NA,0,0,NA,0,0,0,NA,NA,0,NA,NA,0,0,NA,0,NA,NA,NA,NA,NA,NA,NA,NA,NA,NA,NA,NA,NA,NA,NA,NA,NA,NA,NA,NA,NA,NA,NA
"164",NA,NA,NA,0,NA,0,NA,NA,NA,0,0,0,0,NA,0,0,NA,0,NA,NA,0,NA,NA,NA,NA,NA,0,0,0,NA,NA,NA,NA,NA,0,0,0,NA,0,NA,0,NA,0,NA,0,NA,0,0,NA,0,0,NA,0,0,0,0,0,0,NA,NA,0,0,NA,0,NA,NA,NA,NA,NA,NA,NA,NA,NA,NA,NA,NA,NA,NA,NA,NA,NA,NA,NA,NA,NA,NA,NA
"165",NA,NA,NA,0,NA,0,NA,NA,NA,0,0,0,0,NA,0,0,NA,0,NA,NA,0,NA,NA,NA,NA,NA,0,0,0,NA,NA,NA,NA,NA,0,0,0,NA,0,NA,0,NA,0,NA,0,NA,0,0,NA,0,0,NA,0,0,0,0,NA,0,NA,NA,0,0,NA,0,NA,NA,NA,NA,NA,NA,NA,NA,NA,NA,NA,NA,NA,NA,NA,NA,NA,NA,NA,NA,NA,NA,NA
"166",NA,NA,NA,0,NA,0,NA,NA,NA,0,0,0,0,NA,0,0,NA,0,NA,NA,0,NA,NA,NA,NA,NA,0,0,0,NA,NA,NA,NA,NA,0,0,0,NA,0,0,0,NA,0,NA,0,NA,0,NA,NA,0,0,NA,0,0,0,0,0,0,NA,NA,0,0,NA,0,NA,NA,NA,NA,NA,NA,NA,NA,NA,NA,NA,NA,NA,NA,NA,NA,NA,NA,NA,NA,NA,NA,NA
"167",NA,NA,NA,0,NA,0,NA,NA,NA,0,0,0,0,NA,0,0,NA,0,NA,NA,0,NA,NA,NA,NA,NA,0,0,0,NA,NA,NA,NA,NA,0,0,0,NA,0,NA,0,NA,0,NA,0,NA,0,NA,NA,0,0,NA,0,0,0,0,0,0,NA,NA,0,0,NA,0,NA,NA,NA,NA,NA,NA,NA,NA,NA,NA,NA,NA,NA,NA,NA,NA,NA,NA,NA,NA,NA,NA,NA
"168",NA,NA,NA,1,NA,0,NA,NA,NA,0,0,0,0,NA,0,0,NA,0,NA,NA,0,NA,NA,NA,NA,NA,0,0,0,NA,NA,NA,NA,NA,0,0,0,NA,0,0,0,NA,0,NA,0,NA,0,0,NA,0,0,NA,0,NA,0,0,0,0,NA,NA,0,0,NA,0,NA,NA,NA,NA,NA,NA,NA,NA,NA,NA,NA,NA,NA,NA,NA,NA,NA,NA,NA,NA,NA,NA,NA
"169",NA,NA,NA,0,NA,0,NA,NA,NA,0,0,0,0,NA,0,0,NA,0,NA,NA,0,NA,NA,NA,NA,NA,0,0,0,NA,NA,NA,NA,NA,0,0,0,NA,0,0,0,NA,0,NA,0,NA,0,NA,NA,0,0,NA,0,0,0,0,NA,0,NA,NA,0,0,NA,0,NA,NA,NA,NA,NA,NA,NA,NA,NA,NA,NA,NA,NA,NA,NA,NA,NA,NA,NA,NA,NA,NA,NA
"170",NA,NA,NA,1,NA,0,NA,NA,NA,0,0,0,0,NA,0,0,NA,0,NA,NA,0,NA,NA,NA,NA,NA,0,0,0,NA,NA,NA,NA,NA,0,0,0,NA,0,0,0,NA,0,NA,0,NA,0,0,NA,0,0,NA,0,NA,0,0,NA,0,NA,NA,0,0,NA,0,NA,NA,NA,NA,NA,NA,NA,NA,NA,NA,NA,NA,NA,NA,NA,NA,NA,NA,NA,NA,NA,NA,NA
"171",NA,NA,NA,0,NA,0,NA,NA,NA,0,0,0,0,NA,0,0,NA,0,NA,NA,0,NA,NA,NA,NA,NA,0,0,0,NA,NA,NA,NA,NA,0,0,0,NA,0,NA,0,NA,0,NA,0,NA,0,NA,NA,0,0,NA,0,0,0,0,NA,0,NA,NA,0,0,NA,0,NA,NA,NA,NA,NA,NA,NA,NA,NA,NA,NA,NA,NA,NA,NA,NA,NA,NA,NA,NA,NA,NA,NA
"172",NA,NA,NA,1,NA,0,NA,NA,NA,0,0,0,0,NA,0,0,NA,0,NA,NA,0,NA,NA,NA,NA,NA,0,0,0,NA,NA,NA,NA,NA,0,0,0,NA,0,0,0,NA,0,NA,0,NA,0,NA,NA,0,0,NA,0,NA,0,0,0,0,NA,NA,0,0,NA,0,NA,NA,NA,NA,NA,NA,NA,NA,NA,NA,NA,NA,NA,NA,NA,NA,NA,NA,NA,NA,NA,NA,NA
"173",NA,NA,NA,1,NA,0,NA,NA,NA,0,0,0,0,NA,0,0,NA,0,NA,NA,0,NA,NA,NA,NA,NA,0,0,0,NA,NA,NA,NA,NA,0,0,0,NA,0,0,0,NA,0,NA,0,NA,0,NA,NA,0,0,NA,0,NA,0,0,NA,0,NA,NA,0,0,NA,0,NA,NA,NA,NA,NA,NA,NA,NA,NA,NA,NA,NA,NA,NA,NA,NA,NA,NA,NA,NA,NA,NA,NA
"174",NA,NA,NA,1,NA,0,NA,NA,NA,0,0,0,0,NA,0,0,NA,0,NA,NA,0,NA,NA,NA,NA,NA,0,0,0,NA,NA,NA,NA,NA,0,0,0,NA,0,NA,0,NA,0,NA,0,NA,0,0,NA,0,0,NA,0,NA,0,0,0,0,NA,NA,0,0,NA,0,NA,NA,NA,NA,NA,NA,NA,NA,NA,NA,NA,NA,NA,NA,NA,NA,NA,NA,NA,NA,NA,NA,NA
"175",NA,NA,NA,1,NA,0,NA,NA,NA,0,0,0,0,NA,0,0,NA,0,NA,NA,0,NA,NA,NA,NA,NA,0,0,0,NA,NA,NA,NA,NA,0,0,0,NA,0,NA,0,NA,0,NA,0,NA,0,NA,NA,0,0,NA,0,NA,0,0,0,0,NA,NA,0,0,NA,0,NA,NA,NA,NA,NA,NA,NA,NA,NA,NA,NA,NA,NA,NA,NA,NA,NA,NA,NA,NA,NA,NA,NA
"176",NA,NA,NA,1,NA,0,NA,NA,NA,0,0,0,0,NA,0,0,NA,0,NA,NA,0,NA,NA,NA,NA,NA,0,0,0,NA,NA,NA,NA,NA,0,0,0,NA,0,NA,0,NA,0,NA,0,NA,0,0,NA,0,0,NA,0,NA,0,0,NA,0,NA,NA,0,0,NA,0,NA,NA,NA,NA,NA,NA,NA,NA,NA,NA,NA,NA,NA,NA,NA,NA,NA,NA,NA,NA,NA,NA,NA
"177",NA,NA,NA,1,NA,0,NA,NA,NA,0,0,0,0,NA,0,0,NA,0,NA,NA,0,NA,NA,NA,NA,NA,0,0,0,NA,NA,NA,NA,NA,0,0,0,NA,0,NA,0,NA,0,NA,0,NA,0,NA,NA,0,0,NA,0,NA,0,0,NA,0,NA,NA,0,0,NA,0,NA,NA,NA,NA,NA,NA,NA,NA,NA,NA,NA,NA,NA,NA,NA,NA,NA,NA,NA,NA,NA,NA,NA
"178",NA,NA,NA,NA,NA,0,1,NA,NA,0,0,0,0,NA,0,0,NA,0,NA,NA,0,NA,NA,NA,NA,NA,0,0,0,NA,NA,NA,0,NA,0,0,0,NA,0,0,0,0,0,0,0,NA,0,0,NA,0,0,NA,0,0,0,NA,0,0,NA,NA,0,0,NA,0,NA,NA,NA,NA,NA,NA,NA,NA,NA,NA,NA,NA,NA,NA,NA,NA,NA,NA,NA,NA,NA,NA,NA
"179",NA,NA,NA,NA,NA,0,1,NA,NA,0,0,0,0,NA,0,0,NA,0,NA,NA,0,NA,NA,NA,NA,NA,0,0,0,NA,NA,NA,0,NA,0,0,0,NA,0,0,0,0,0,0,0,NA,0,NA,NA,0,0,NA,0,0,0,NA,0,0,NA,NA,0,0,NA,0,NA,NA,NA,NA,NA,NA,NA,NA,NA,NA,NA,NA,NA,NA,NA,NA,NA,NA,NA,NA,NA,NA,NA
"180",NA,NA,NA,NA,NA,0,0,NA,NA,0,0,0,0,0,0,0,NA,0,0,NA,0,NA,NA,NA,NA,NA,0,0,0,NA,0,NA,0,NA,0,0,0,NA,0,0,0,0,0,NA,0,NA,0,0,NA,0,0,NA,0,0,0,NA,0,0,NA,NA,0,0,NA,0,NA,NA,NA,NA,NA,NA,NA,NA,NA,NA,NA,NA,NA,NA,NA,NA,NA,NA,NA,NA,NA,NA,NA
"181",NA,NA,NA,NA,NA,0,1,NA,NA,0,0,0,0,NA,0,0,NA,0,NA,NA,0,NA,NA,NA,NA,NA,0,0,0,NA,NA,NA,0,NA,0,0,0,NA,0,0,0,0,0,0,0,NA,0,0,NA,0,0,NA,0,0,0,NA,NA,0,NA,NA,0,0,NA,0,NA,NA,NA,NA,NA,NA,NA,NA,NA,NA,NA,NA,NA,NA,NA,NA,NA,NA,NA,NA,NA,NA,NA
"182",NA,NA,NA,NA,NA,0,1,NA,NA,0,0,0,0,NA,0,0,NA,0,NA,NA,0,NA,NA,NA,NA,NA,0,0,0,NA,NA,NA,0,NA,0,0,0,NA,0,NA,0,0,0,0,0,NA,0,0,NA,0,0,NA,0,0,0,NA,0,0,NA,NA,0,0,NA,0,NA,NA,NA,NA,NA,NA,NA,NA,NA,NA,NA,NA,NA,NA,NA,NA,NA,NA,NA,NA,NA,NA,NA
"183",NA,NA,NA,NA,NA,0,0,NA,NA,0,0,0,0,NA,0,0,NA,0,NA,NA,0,NA,NA,NA,NA,NA,0,0,0,NA,NA,NA,0,NA,0,0,0,NA,0,0,0,0,0,NA,0,NA,0,NA,NA,0,0,NA,0,0,0,NA,0,0,NA,NA,0,0,NA,0,NA,NA,NA,NA,NA,NA,NA,NA,NA,NA,NA,NA,NA,NA,NA,NA,NA,NA,NA,NA,NA,NA,NA
"184",NA,NA,NA,NA,NA,0,1,NA,NA,0,0,0,0,NA,0,0,NA,0,NA,NA,0,NA,NA,NA,NA,NA,0,0,0,NA,NA,NA,0,NA,0,0,0,NA,0,NA,0,0,0,0,0,NA,0,0,NA,0,0,NA,0,0,0,NA,NA,0,NA,NA,0,0,NA,0,NA,NA,NA,NA,NA,NA,NA,NA,NA,NA,NA,NA,NA,NA,NA,NA,NA,NA,NA,NA,NA,NA,NA
"185",NA,NA,NA,NA,NA,0,0,NA,NA,0,0,0,0,NA,0,0,NA,0,NA,NA,0,NA,NA,NA,NA,NA,0,0,0,NA,NA,NA,0,NA,0,0,0,NA,0,0,0,0,0,NA,0,NA,0,0,NA,0,0,NA,0,0,0,NA,NA,0,NA,NA,0,0,NA,0,NA,NA,NA,NA,NA,NA,NA,NA,NA,NA,NA,NA,NA,NA,NA,NA,NA,NA,NA,NA,NA,NA,NA
"186",NA,NA,NA,NA,NA,0,1,NA,NA,0,0,0,0,NA,0,0,NA,0,NA,NA,0,NA,NA,NA,NA,NA,0,0,0,NA,NA,NA,0,NA,0,0,0,NA,0,NA,0,0,0,0,0,NA,0,NA,NA,0,0,NA,0,0,0,NA,0,0,NA,NA,0,0,NA,0,NA,NA,NA,NA,NA,NA,NA,NA,NA,NA,NA,NA,NA,NA,NA,NA,NA,NA,NA,NA,NA,NA,NA
"187",NA,NA,NA,NA,NA,0,0,NA,NA,0,0,0,0,NA,0,0,NA,0,NA,NA,0,NA,NA,NA,NA,NA,0,0,0,NA,NA,NA,0,NA,0,0,0,NA,0,NA,0,0,0,NA,0,NA,0,0,NA,0,0,NA,0,0,0,NA,0,0,NA,NA,0,0,NA,0,NA,NA,NA,NA,NA,NA,NA,NA,NA,NA,NA,NA,NA,NA,NA,NA,NA,NA,NA,NA,NA,NA,NA
"188",NA,NA,NA,NA,NA,0,0,NA,NA,0,0,0,0,NA,0,0,NA,0,NA,NA,0,NA,NA,NA,NA,NA,0,0,0,NA,NA,NA,0,NA,0,0,0,NA,0,NA,0,0,0,NA,0,NA,0,NA,NA,0,0,NA,0,0,0,NA,0,0,NA,NA,0,0,NA,0,NA,NA,NA,NA,NA,NA,NA,NA,NA,NA,NA,NA,NA,NA,NA,NA,NA,NA,NA,NA,NA,NA,NA
"189",NA,NA,NA,NA,NA,0,0,NA,NA,0,0,0,0,NA,0,0,NA,0,NA,NA,0,NA,NA,NA,NA,NA,0,0,0,NA,NA,NA,0,NA,0,0,0,NA,0,NA,0,0,0,NA,0,NA,0,0,NA,0,0,NA,0,0,0,NA,NA,0,NA,NA,0,0,NA,0,NA,NA,NA,NA,NA,NA,NA,NA,NA,NA,NA,NA,NA,NA,NA,NA,NA,NA,NA,NA,NA,NA,NA
"190",NA,NA,NA,NA,NA,0,1,NA,NA,0,0,0,0,NA,0,0,NA,0,NA,NA,0,NA,NA,NA,NA,NA,0,0,0,NA,NA,NA,0,NA,0,0,0,NA,0,0,0,0,0,0,0,NA,0,NA,NA,0,0,NA,0,0,0,NA,NA,0,NA,NA,0,0,NA,0,NA,NA,NA,NA,NA,NA,NA,NA,NA,NA,NA,NA,NA,NA,NA,NA,NA,NA,NA,NA,NA,NA,NA
"191",NA,NA,NA,NA,NA,0,1,NA,NA,0,0,0,0,NA,0,0,NA,0,NA,NA,0,NA,NA,NA,NA,NA,0,0,0,NA,NA,NA,0,NA,0,0,0,NA,0,NA,0,0,0,0,0,NA,0,NA,NA,0,0,NA,0,0,0,NA,NA,0,NA,NA,0,0,NA,0,NA,NA,NA,NA,NA,NA,NA,NA,NA,NA,NA,NA,NA,NA,NA,NA,NA,NA,NA,NA,NA,NA,NA
"192",NA,NA,NA,NA,NA,0,0,NA,NA,0,0,0,0,NA,0,0,NA,0,NA,NA,0,NA,NA,NA,NA,NA,0,0,0,NA,NA,NA,0,NA,0,0,0,NA,0,0,0,0,0,NA,0,NA,0,NA,NA,0,0,NA,0,0,0,NA,NA,0,NA,NA,0,0,NA,0,NA,NA,NA,NA,NA,NA,NA,NA,NA,NA,NA,NA,NA,NA,NA,NA,NA,NA,NA,NA,NA,NA,NA
"193",NA,NA,NA,NA,NA,0,0,NA,NA,0,0,0,0,NA,0,0,NA,0,NA,NA,0,NA,NA,NA,NA,NA,0,0,0,NA,NA,NA,0,NA,0,0,0,NA,0,NA,0,0,0,NA,0,NA,0,NA,NA,0,0,NA,0,0,0,NA,NA,0,NA,NA,0,0,NA,0,NA,NA,NA,NA,NA,NA,NA,NA,NA,NA,NA,NA,NA,NA,NA,NA,NA,NA,NA,NA,NA,NA,NA
"194",NA,NA,NA,0,NA,0,NA,NA,NA,0,0,0,NA,NA,0,0,NA,0,NA,NA,0,NA,NA,NA,NA,NA,0,0,0,NA,NA,NA,NA,NA,0,0,0,NA,0,NA,0,NA,0,NA,0,NA,0,0,NA,0,0,NA,0,0,0,0,0,0,NA,NA,0,0,NA,0,NA,NA,NA,NA,NA,NA,NA,NA,NA,NA,NA,NA,NA,NA,NA,NA,NA,NA,NA,NA,NA,NA,NA
"195",NA,NA,NA,0,NA,0,NA,NA,NA,0,0,0,NA,NA,0,0,NA,0,NA,NA,0,NA,NA,NA,NA,NA,0,0,0,NA,NA,NA,NA,NA,0,0,0,NA,0,0,0,NA,0,NA,0,NA,0,NA,NA,0,0,NA,0,0,0,0,0,0,NA,NA,0,0,NA,0,NA,NA,NA,NA,NA,NA,NA,NA,NA,NA,NA,NA,NA,NA,NA,NA,NA,NA,NA,NA,NA,NA,NA
"196",NA,NA,NA,0,NA,0,NA,NA,NA,0,0,0,NA,NA,0,0,NA,0,NA,NA,0,NA,NA,NA,NA,NA,0,0,0,NA,NA,NA,NA,NA,0,0,0,NA,0,NA,0,NA,0,NA,0,NA,0,NA,NA,0,0,NA,0,0,0,0,0,0,NA,NA,0,0,NA,0,NA,NA,NA,NA,NA,NA,NA,NA,NA,NA,NA,NA,NA,NA,NA,NA,NA,NA,NA,NA,NA,NA,NA
"197",NA,NA,NA,0,NA,0,NA,NA,NA,0,0,0,NA,NA,0,0,NA,0,NA,NA,0,NA,NA,NA,NA,NA,0,0,0,NA,NA,NA,NA,NA,0,0,0,NA,0,0,0,NA,0,NA,0,NA,0,0,NA,0,0,NA,0,0,0,0,NA,0,NA,NA,0,0,NA,0,NA,NA,NA,NA,NA,NA,NA,NA,NA,NA,NA,NA,NA,NA,NA,NA,NA,NA,NA,NA,NA,NA,NA
"198",NA,NA,NA,1,NA,0,NA,NA,NA,0,0,0,NA,NA,0,0,NA,0,NA,NA,0,NA,NA,NA,NA,NA,0,0,0,NA,NA,NA,NA,NA,0,0,0,NA,0,0,0,NA,0,NA,0,NA,0,0,NA,0,0,NA,0,NA,0,0,0,0,NA,NA,0,0,NA,0,NA,NA,NA,NA,NA,NA,NA,NA,NA,NA,NA,NA,NA,NA,NA,NA,NA,NA,NA,NA,NA,NA,NA
"199",NA,NA,NA,0,NA,0,NA,NA,NA,0,0,0,NA,NA,0,0,NA,0,NA,NA,0,NA,NA,NA,NA,NA,0,0,0,NA,NA,NA,NA,NA,0,0,0,NA,0,NA,0,NA,0,NA,0,NA,0,0,NA,0,0,NA,0,0,0,0,NA,0,NA,NA,0,0,NA,0,NA,NA,NA,NA,NA,NA,NA,NA,NA,NA,NA,NA,NA,NA,NA,NA,NA,NA,NA,NA,NA,NA,NA
"200",NA,NA,NA,1,NA,0,NA,NA,NA,0,0,0,NA,NA,0,0,NA,0,NA,NA,0,NA,NA,NA,NA,NA,0,0,0,NA,NA,NA,NA,NA,0,0,0,NA,0,NA,0,NA,0,NA,0,NA,0,0,NA,0,0,NA,0,NA,0,0,0,0,NA,NA,0,0,NA,0,NA,NA,NA,NA,NA,NA,NA,NA,NA,NA,NA,NA,NA,NA,NA,NA,NA,NA,NA,NA,NA,NA,NA
"201",NA,NA,NA,0,NA,0,NA,NA,NA,0,0,0,NA,NA,0,0,NA,0,NA,NA,0,NA,NA,NA,NA,NA,0,0,0,NA,NA,NA,NA,NA,0,0,0,NA,0,0,0,NA,0,NA,0,NA,0,NA,NA,0,0,NA,0,0,0,0,NA,0,NA,NA,0,0,NA,0,NA,NA,NA,NA,NA,NA,NA,NA,NA,NA,NA,NA,NA,NA,NA,NA,NA,NA,NA,NA,NA,NA,NA
"202",NA,NA,NA,1,NA,0,NA,NA,NA,0,0,0,NA,NA,0,0,NA,0,NA,NA,0,NA,NA,NA,NA,NA,0,0,0,NA,NA,NA,NA,NA,0,0,0,NA,0,0,0,NA,0,NA,0,NA,0,NA,NA,0,0,NA,0,NA,0,0,0,0,NA,NA,0,0,NA,0,NA,NA,NA,NA,NA,NA,NA,NA,NA,NA,NA,NA,NA,NA,NA,NA,NA,NA,NA,NA,NA,NA,NA
"203",NA,NA,NA,0,NA,0,NA,NA,NA,0,0,0,NA,NA,0,0,NA,0,NA,NA,0,NA,NA,NA,NA,NA,0,0,0,NA,NA,NA,NA,NA,0,0,0,NA,0,NA,0,NA,0,NA,0,NA,0,NA,NA,0,0,NA,0,0,0,0,NA,0,NA,NA,0,0,NA,0,NA,NA,NA,NA,NA,NA,NA,NA,NA,NA,NA,NA,NA,NA,NA,NA,NA,NA,NA,NA,NA,NA,NA
"204",NA,NA,NA,1,NA,0,NA,NA,NA,0,0,0,NA,NA,0,0,NA,0,NA,NA,0,NA,NA,NA,NA,NA,0,0,0,NA,NA,NA,NA,NA,0,0,0,NA,0,NA,0,NA,0,NA,0,NA,0,NA,NA,0,0,NA,0,NA,0,0,0,0,NA,NA,0,0,NA,0,NA,NA,NA,NA,NA,NA,NA,NA,NA,NA,NA,NA,NA,NA,NA,NA,NA,NA,NA,NA,NA,NA,NA
"205",NA,NA,NA,1,NA,0,NA,NA,NA,0,0,0,NA,NA,0,0,NA,0,NA,NA,0,NA,NA,NA,NA,NA,0,0,0,NA,NA,NA,NA,NA,0,0,0,NA,0,0,0,NA,0,NA,0,NA,0,0,NA,0,0,NA,0,NA,0,0,NA,0,NA,NA,0,0,NA,0,NA,NA,NA,NA,NA,NA,NA,NA,NA,NA,NA,NA,NA,NA,NA,NA,NA,NA,NA,NA,NA,NA,NA
"206",NA,NA,NA,1,NA,0,NA,NA,NA,0,0,0,NA,NA,0,0,NA,0,NA,NA,0,NA,NA,NA,NA,NA,0,0,0,NA,NA,NA,NA,NA,0,0,0,NA,0,0,0,NA,0,NA,0,NA,0,NA,NA,0,0,NA,0,NA,0,0,NA,0,NA,NA,0,0,NA,0,NA,NA,NA,NA,NA,NA,NA,NA,NA,NA,NA,NA,NA,NA,NA,NA,NA,NA,NA,NA,NA,NA,NA
"207",NA,NA,NA,1,NA,0,NA,NA,NA,0,0,0,NA,NA,0,0,NA,0,NA,NA,0,NA,NA,NA,NA,NA,0,0,0,NA,NA,NA,NA,NA,0,0,0,NA,0,NA,0,NA,0,NA,0,NA,0,0,NA,0,0,NA,0,NA,0,0,NA,0,NA,NA,0,0,NA,0,NA,NA,NA,NA,NA,NA,NA,NA,NA,NA,NA,NA,NA,NA,NA,NA,NA,NA,NA,NA,NA,NA,NA
"208",NA,NA,NA,1,NA,0,NA,NA,NA,0,0,0,NA,NA,0,0,NA,0,NA,NA,0,NA,NA,NA,NA,NA,0,0,0,NA,NA,NA,NA,NA,0,0,0,NA,0,NA,0,NA,0,NA,0,NA,0,NA,NA,0,0,NA,0,NA,0,0,NA,0,NA,NA,0,0,NA,0,NA,NA,NA,NA,NA,NA,NA,NA,NA,NA,NA,NA,NA,NA,NA,NA,NA,NA,NA,NA,NA,NA,NA
"209",NA,NA,NA,NA,NA,0,1,NA,NA,0,0,0,NA,NA,0,0,NA,0,NA,NA,0,NA,NA,NA,NA,NA,0,0,0,NA,NA,NA,0,NA,0,0,0,NA,0,0,0,0,0,0,0,NA,0,0,NA,0,0,NA,0,0,0,NA,0,0,NA,NA,0,0,NA,0,NA,NA,NA,NA,NA,NA,NA,NA,NA,NA,NA,NA,NA,NA,NA,NA,NA,NA,NA,NA,NA,NA,NA
"210",NA,NA,NA,NA,NA,0,1,NA,NA,0,0,0,NA,NA,0,0,NA,0,NA,NA,0,NA,NA,NA,NA,NA,0,0,0,NA,NA,NA,0,NA,0,0,0,NA,0,0,0,0,0,0,0,NA,0,0,NA,0,0,NA,0,0,0,NA,NA,0,NA,NA,0,0,NA,0,NA,NA,NA,NA,NA,NA,NA,NA,NA,NA,NA,NA,NA,NA,NA,NA,NA,NA,NA,NA,NA,NA,NA
"211",NA,NA,NA,NA,NA,0,1,NA,NA,0,0,0,NA,NA,0,0,NA,0,NA,NA,0,NA,NA,NA,NA,NA,0,0,0,NA,NA,NA,0,NA,0,0,0,NA,0,0,0,0,0,0,0,NA,0,NA,NA,0,0,NA,0,0,0,NA,0,0,NA,NA,0,0,NA,0,NA,NA,NA,NA,NA,NA,NA,NA,NA,NA,NA,NA,NA,NA,NA,NA,NA,NA,NA,NA,NA,NA,NA
"212",NA,NA,NA,NA,NA,0,1,NA,NA,0,0,0,NA,NA,0,0,NA,0,NA,NA,0,NA,NA,NA,NA,NA,0,0,0,NA,NA,NA,0,NA,0,0,0,NA,0,0,0,0,0,0,0,NA,0,NA,NA,0,0,NA,0,0,0,NA,NA,0,NA,NA,0,0,NA,0,NA,NA,NA,NA,NA,NA,NA,NA,NA,NA,NA,NA,NA,NA,NA,NA,NA,NA,NA,NA,NA,NA,NA
"213",NA,NA,NA,NA,NA,0,0,NA,NA,0,0,0,NA,NA,0,0,NA,0,NA,NA,0,NA,NA,NA,NA,NA,0,0,0,NA,NA,NA,0,NA,0,0,0,NA,0,0,0,0,0,NA,0,NA,0,0,NA,0,0,NA,0,0,0,NA,0,0,NA,NA,0,0,NA,0,NA,NA,NA,NA,NA,NA,NA,NA,NA,NA,NA,NA,NA,NA,NA,NA,NA,NA,NA,NA,NA,NA,NA
"214",NA,NA,NA,NA,NA,0,1,NA,NA,0,0,0,NA,NA,0,0,NA,0,NA,NA,0,NA,NA,NA,NA,NA,0,0,0,NA,NA,NA,0,NA,0,0,0,NA,0,NA,0,0,0,0,0,NA,0,0,NA,0,0,NA,0,0,0,NA,0,0,NA,NA,0,0,NA,0,NA,NA,NA,NA,NA,NA,NA,NA,NA,NA,NA,NA,NA,NA,NA,NA,NA,NA,NA,NA,NA,NA,NA
"215",NA,NA,NA,NA,NA,0,0,NA,NA,0,0,0,NA,NA,0,0,NA,0,NA,NA,0,NA,NA,NA,NA,NA,0,0,0,NA,NA,NA,0,NA,0,0,0,NA,0,0,0,0,0,NA,0,NA,0,0,NA,0,0,NA,0,0,0,NA,NA,0,NA,NA,0,0,NA,0,NA,NA,NA,NA,NA,NA,NA,NA,NA,NA,NA,NA,NA,NA,NA,NA,NA,NA,NA,NA,NA,NA,NA
"216",NA,NA,NA,NA,NA,0,1,NA,NA,0,0,0,NA,NA,0,0,NA,0,NA,NA,0,NA,NA,NA,NA,NA,0,0,0,NA,NA,NA,0,NA,0,0,0,NA,0,NA,0,0,0,0,0,NA,0,NA,NA,0,0,NA,0,0,0,NA,0,0,NA,NA,0,0,NA,0,NA,NA,NA,NA,NA,NA,NA,NA,NA,NA,NA,NA,NA,NA,NA,NA,NA,NA,NA,NA,NA,NA,NA
"217",NA,NA,NA,NA,NA,0,0,NA,NA,0,0,0,NA,NA,0,0,NA,0,NA,NA,0,NA,NA,NA,NA,NA,0,0,0,NA,NA,NA,0,NA,0,0,0,NA,0,0,0,0,0,NA,0,NA,0,NA,NA,0,0,NA,0,0,0,NA,0,0,NA,NA,0,0,NA,0,NA,NA,NA,NA,NA,NA,NA,NA,NA,NA,NA,NA,NA,NA,NA,NA,NA,NA,NA,NA,NA,NA,NA
"218",NA,NA,NA,NA,NA,0,1,NA,NA,0,0,0,NA,NA,0,0,NA,0,NA,NA,0,NA,NA,NA,NA,NA,0,0,0,NA,NA,NA,0,NA,0,0,0,NA,0,NA,0,0,0,0,0,NA,0,0,NA,0,0,NA,0,0,0,NA,NA,0,NA,NA,0,0,NA,0,NA,NA,NA,NA,NA,NA,NA,NA,NA,NA,NA,NA,NA,NA,NA,NA,NA,NA,NA,NA,NA,NA,NA
"219",NA,NA,NA,NA,NA,0,0,NA,NA,0,0,0,NA,NA,0,0,NA,0,NA,NA,0,NA,NA,NA,NA,NA,0,0,0,NA,NA,NA,0,NA,0,0,0,NA,0,0,0,0,0,NA,0,NA,0,NA,NA,0,0,NA,0,0,0,NA,NA,0,NA,NA,0,0,NA,0,NA,NA,NA,NA,NA,NA,NA,NA,NA,NA,NA,NA,NA,NA,NA,NA,NA,NA,NA,NA,NA,NA,NA
"220",NA,NA,NA,NA,NA,0,0,NA,NA,0,0,0,NA,NA,0,0,NA,0,NA,NA,0,NA,NA,NA,NA,NA,0,0,0,NA,NA,NA,0,NA,0,0,0,NA,0,NA,0,0,0,NA,0,NA,0,0,NA,0,0,NA,0,0,0,NA,0,0,NA,NA,0,0,NA,0,NA,NA,NA,NA,NA,NA,NA,NA,NA,NA,NA,NA,NA,NA,NA,NA,NA,NA,NA,NA,NA,NA,NA
"221",NA,NA,NA,NA,NA,0,1,NA,NA,0,0,0,NA,NA,0,0,NA,0,NA,NA,0,NA,NA,NA,NA,NA,0,0,0,NA,NA,NA,0,NA,0,0,0,NA,0,NA,0,0,0,0,0,NA,0,NA,NA,0,0,NA,0,0,0,NA,NA,0,NA,NA,0,0,NA,0,NA,NA,NA,NA,NA,NA,NA,NA,NA,NA,NA,NA,NA,NA,NA,NA,NA,NA,NA,NA,NA,NA,NA
"222",NA,NA,NA,NA,NA,0,0,NA,NA,0,0,0,NA,NA,0,0,NA,0,NA,NA,0,NA,NA,NA,NA,NA,0,0,0,NA,NA,NA,0,NA,0,0,0,NA,0,NA,0,0,0,NA,0,NA,0,0,NA,0,0,NA,0,0,0,NA,NA,0,NA,NA,0,0,NA,0,NA,NA,NA,NA,NA,NA,NA,NA,NA,NA,NA,NA,NA,NA,NA,NA,NA,NA,NA,NA,NA,NA,NA
"223",NA,NA,NA,NA,NA,0,0,NA,NA,0,0,0,NA,NA,0,0,NA,0,NA,NA,0,NA,NA,NA,NA,NA,0,0,0,NA,NA,NA,0,NA,0,0,0,NA,0,NA,0,0,0,NA,0,NA,0,NA,NA,0,0,NA,0,0,0,NA,0,0,NA,NA,0,0,NA,0,NA,NA,NA,NA,NA,NA,NA,NA,NA,NA,NA,NA,NA,NA,NA,NA,NA,NA,NA,NA,NA,NA,NA
"224",NA,NA,NA,NA,NA,0,0,NA,NA,0,0,0,NA,NA,0,0,NA,0,NA,NA,0,NA,NA,NA,NA,NA,0,0,0,NA,NA,NA,0,NA,0,0,0,NA,0,NA,0,0,0,NA,0,NA,0,NA,NA,0,0,NA,0,0,0,NA,NA,0,NA,NA,0,0,NA,0,NA,NA,NA,NA,NA,NA,NA,NA,NA,NA,NA,NA,NA,NA,NA,NA,NA,NA,NA,NA,NA,NA,NA
"225",1,1,0.875,0.863636363636364,0.6875,0.544642857142857,0.5,0.5,0.463414634146341,0.455357142857143,0.428571428571429,0.285714285714286,0.166666666666667,0.134453781512605,0.0892857142857143,0,0,0,0,0,0,0,0,0,0,0,0,0,0,0,0,0,0,0,0,0,0,0,0,0,0,0,0,0,0,0,0,0,0,0,0,0,0,0,0,0,0,0,0,0,0,0,0,0,0,NA,NA,NA,NA,NA,NA,NA,NA,NA,NA,NA,NA,NA,NA,NA,NA,NA,NA,NA,NA,NA,NA
"226",0.571428571428571,0.116071428571429,0.571428571428571,0.785714285714286,0.285714285714286,1,0.214285714285714,0.571428571428571,0.366071428571429,1,1,1,0.857142857142857,0.53125,1,0.428571428571429,0.116071428571429,0.428571428571429,0.0491071428571429,0.0714285714285714,1,0.571428571428571,0.116071428571429,0.285714285714286,0.571428571428571,0.714285714285714,1,0.714285714285714,0.428571428571429,0.455357142857143,0.0491071428571429,0.571428571428571,0.214285714285714,0.571428571428571,1,0.428571428571429,1,0.116071428571429,0.428571428571429,0.785714285714286,1,0.214285714285714,1,0.107142857142857,1,0.366071428571429,0.544642857142857,0.785714285714286,0.571428571428571,1,1,0.285714285714286,1,0.607142857142857,1,0.785714285714286,0.785714285714286,1,0.571428571428571,0.285714285714286,0.428571428571429,1,0.571428571428571,1,0.571428571428571,0,0,0,0,0,0,0,0,0,0,0,0,0,0,0,0,0,0,0,0,0,0
