"","phoB","cra","asnC","dnaA","metR","cusR","puuR","yiaJ","putA","cadC","melR","yqjI","idnR","pdeL","purR","tdcA","glcC","nhaR","nikR","aidB","lldR","metJ","adiY","cspA","flhC","ptsG","galR","fhlA","mlc","pdhR","srlR","xylR","argP","exuR","hdfR","stpA","yjjQ","mlrA","oxyR","evgA","bglJ","ydeO","gadW","lrp","fliZ","soxS","arcA","rcsB","fnr","hns","zraR","araC","malI","mraZ","prpR","fucR","lsrR","hyfR","yeiL","dpiA","rbsR","betI","dcuR","flhD","rhaR","rhaS","mazE","uxuR","galS","nac","gutM","mazF","glnG","marR","csgD","soxR","rob","narL","ompR","marA","gadX","leuO","gadE","rcsA","fur","fis","crp"
"1",1,NA,0,0,0,0,0,0,0,0,0,0,0,0,0,0,0,0,0,NA,0,0,NA,NA,NA,0,0,0,0,0,0,0,0,0,NA,NA,NA,0,0,0,NA,0,0,NA,NA,0,0,NA,0,0,NA,NA,NA,NA,NA,NA,NA,NA,NA,NA,NA,NA,NA,NA,NA,NA,NA,NA,NA,NA,NA,NA,NA,NA,NA,NA,NA,NA,NA,NA,NA,NA,NA,NA,NA,NA,NA
"2",0,NA,0,0,0,NA,0,0,0,0,0,0,0,0,0,0,0,0,0,NA,0,0,NA,NA,NA,0,0,0,0,0,0,0,0,0,NA,NA,NA,0,0,0,NA,0,0,NA,NA,0,0,NA,0,0,NA,NA,NA,NA,NA,NA,NA,NA,NA,NA,NA,NA,NA,NA,NA,NA,NA,NA,NA,NA,NA,NA,NA,NA,NA,NA,NA,NA,NA,NA,NA,NA,NA,NA,NA,NA,NA
"3",1,NA,0,0,0,0,0,0,0,0,0,0,0,0,0,0,0,0,0,0,0,0,0,0,NA,0,0,0,0,0,0,NA,0,0,0,0,0,NA,0,0,0,0,NA,0,NA,0,0,0,0,0,NA,NA,NA,NA,NA,NA,NA,NA,NA,NA,NA,NA,NA,NA,NA,NA,NA,NA,NA,NA,NA,NA,NA,NA,NA,NA,NA,NA,NA,NA,NA,NA,NA,NA,NA,NA,NA
"4",0,NA,0,0,0,NA,0,0,0,0,0,0,0,0,0,0,0,0,0,0,0,0,0,0,NA,0,0,0,0,0,0,NA,0,0,0,0,0,NA,0,0,0,0,NA,0,NA,0,0,0,0,0,NA,NA,NA,NA,NA,NA,NA,NA,NA,NA,NA,NA,NA,NA,NA,NA,NA,NA,NA,NA,NA,NA,NA,NA,NA,NA,NA,NA,NA,NA,NA,NA,NA,NA,NA,NA,NA
"5",1,NA,0,0,0,0,0,0,0,0,NA,0,0,0,0,0,0,0,0,0,0,0,0,0,NA,0,0,0,0,0,0,0,0,0,0,0,0,NA,0,0,0,0,NA,0,NA,0,0,0,0,0,NA,NA,NA,NA,NA,NA,NA,NA,NA,NA,NA,NA,NA,NA,NA,NA,NA,NA,NA,NA,NA,NA,NA,NA,NA,NA,NA,NA,NA,NA,NA,NA,NA,NA,NA,NA,NA
"6",1,NA,0,0,0,0,0,0,0,0,0,0,NA,0,0,0,0,0,0,0,0,0,NA,NA,0,0,0,0,0,0,0,0,0,0,NA,NA,NA,0,0,0,NA,NA,NA,NA,NA,0,0,NA,0,NA,NA,NA,NA,NA,NA,NA,NA,NA,NA,NA,NA,NA,NA,NA,NA,NA,NA,NA,NA,NA,NA,NA,NA,NA,NA,NA,NA,NA,NA,NA,NA,NA,NA,NA,NA,NA,NA
"7",NA,0,0,0,0,NA,0,0,0,0,0,0,0,0,0,0,0,0,0,0,0,0,0,0,NA,0,0,0,0,0,0,0,NA,0,0,0,0,NA,0,0,0,0,NA,0,NA,0,0,0,0,0,NA,NA,NA,NA,NA,NA,NA,NA,NA,NA,NA,NA,NA,NA,NA,NA,NA,NA,NA,NA,NA,NA,NA,NA,NA,NA,NA,NA,NA,NA,NA,NA,NA,NA,NA,NA,NA
"8",1,NA,0,0,0,0,0,0,0,0,NA,0,0,0,0,0,0,0,0,0,0,0,0,0,NA,0,0,0,0,0,0,NA,0,0,0,0,0,NA,0,0,0,0,NA,0,NA,0,0,0,0,0,NA,NA,NA,NA,NA,NA,NA,NA,NA,NA,NA,NA,NA,NA,NA,NA,NA,NA,NA,NA,NA,NA,NA,NA,NA,NA,NA,NA,NA,NA,NA,NA,NA,NA,NA,NA,NA
"9",NA,0,0,0,0,NA,0,0,0,0,0,0,0,0,0,0,0,0,0,0,0,0,0,0,NA,0,0,0,0,0,0,NA,NA,0,0,0,0,NA,0,0,0,0,NA,0,NA,0,0,0,0,0,NA,NA,NA,NA,NA,NA,NA,NA,NA,NA,NA,NA,NA,NA,NA,NA,NA,NA,NA,NA,NA,NA,NA,NA,NA,NA,NA,NA,NA,NA,NA,NA,NA,NA,NA,NA,NA
"10",1,NA,0,0,0,0,0,0,0,0,0,0,NA,0,0,0,0,0,0,0,0,0,0,0,NA,0,0,0,0,0,0,NA,0,0,0,0,0,NA,0,0,0,0,NA,0,NA,0,0,0,0,0,NA,NA,NA,NA,NA,NA,NA,NA,NA,NA,NA,NA,NA,NA,NA,NA,NA,NA,NA,NA,NA,NA,NA,NA,NA,NA,NA,NA,NA,NA,NA,NA,NA,NA,NA,NA,NA
"11",NA,0,0,0,0,NA,0,0,0,0,0,0,NA,0,0,0,0,0,0,0,0,0,0,0,NA,0,0,0,0,0,0,0,NA,0,0,0,0,NA,0,0,0,0,NA,0,NA,0,0,0,0,0,NA,NA,NA,NA,NA,NA,NA,NA,NA,NA,NA,NA,NA,NA,NA,NA,NA,NA,NA,NA,NA,NA,NA,NA,NA,NA,NA,NA,NA,NA,NA,NA,NA,NA,NA,NA,NA
"12",0,NA,0,0,0,NA,0,0,0,0,NA,0,0,0,0,0,0,0,0,0,0,0,0,0,NA,0,0,0,0,0,0,0,0,0,0,0,0,0,0,0,0,NA,NA,NA,0,0,0,0,0,NA,NA,NA,NA,NA,NA,NA,NA,NA,NA,NA,NA,NA,NA,NA,NA,NA,NA,NA,NA,NA,NA,NA,NA,NA,NA,NA,NA,NA,NA,NA,NA,NA,NA,NA,NA,NA,NA
"13",NA,0,0,0,0,NA,0,0,0,0,0,0,NA,0,0,0,0,0,0,0,0,0,0,0,NA,0,0,0,0,0,0,NA,NA,0,0,0,0,NA,0,0,0,0,NA,0,NA,0,0,0,0,0,NA,NA,NA,NA,NA,NA,NA,NA,NA,NA,NA,NA,NA,NA,NA,NA,NA,NA,NA,NA,NA,NA,NA,NA,NA,NA,NA,NA,NA,NA,NA,NA,NA,NA,NA,NA,NA
"14",NA,0,0,0,0,NA,0,0,0,0,NA,0,0,0,0,0,0,0,0,NA,0,0,NA,NA,NA,0,0,0,0,0,0,0,NA,0,NA,NA,NA,0,0,0,NA,0,NA,NA,NA,0,0,NA,0,0,NA,NA,NA,NA,NA,NA,NA,NA,NA,NA,NA,NA,NA,NA,NA,NA,NA,NA,NA,NA,NA,NA,NA,NA,NA,NA,NA,NA,NA,NA,NA,NA,NA,NA,NA,NA,NA
"15",NA,0,0,0,0,NA,0,0,0,0,NA,0,0,0,0,0,0,0,0,NA,0,0,NA,NA,NA,0,0,0,0,0,0,NA,NA,0,NA,NA,NA,0,0,0,NA,0,NA,NA,NA,0,0,NA,0,0,NA,NA,NA,NA,NA,NA,NA,NA,NA,NA,NA,NA,NA,NA,NA,NA,NA,NA,NA,NA,NA,NA,NA,NA,NA,NA,NA,NA,NA,NA,NA,NA,NA,NA,NA,NA,NA
"16",NA,0,0,0,0,NA,0,0,0,0,NA,0,NA,0,0,0,0,0,0,0,0,0,NA,NA,0,0,0,0,0,0,0,0,NA,0,NA,NA,NA,0,0,0,NA,NA,NA,NA,NA,0,0,NA,0,NA,NA,NA,NA,NA,NA,NA,NA,NA,NA,NA,NA,NA,NA,NA,NA,NA,NA,NA,NA,NA,NA,NA,NA,NA,NA,NA,NA,NA,NA,NA,NA,NA,NA,NA,NA,NA,NA
"17",0,NA,0,0,0,NA,0,0,0,0,0,0,NA,0,0,0,0,0,0,NA,0,0,NA,NA,NA,0,0,0,0,0,0,0,0,0,NA,NA,NA,0,0,0,NA,0,0,NA,NA,0,0,NA,0,0,NA,NA,NA,NA,NA,NA,NA,NA,NA,NA,NA,NA,NA,NA,NA,NA,NA,NA,NA,NA,NA,NA,NA,NA,NA,NA,NA,NA,NA,NA,NA,NA,NA,NA,NA,NA,NA
"18",NA,0,0,0,0,NA,0,0,0,0,NA,0,NA,0,0,0,0,0,0,NA,0,0,NA,NA,NA,0,0,0,0,0,0,NA,NA,0,NA,NA,NA,0,0,0,NA,0,NA,NA,NA,0,0,NA,0,0,NA,NA,NA,NA,NA,NA,NA,NA,NA,NA,NA,NA,NA,NA,NA,NA,NA,NA,NA,NA,NA,NA,NA,NA,NA,NA,NA,NA,NA,NA,NA,NA,NA,NA,NA,NA,NA
"19",0,NA,0,0,0,NA,0,0,0,0,0,0,NA,0,0,0,0,0,0,NA,0,0,NA,NA,NA,0,0,0,0,0,0,NA,0,0,NA,NA,NA,0,0,0,NA,0,0,NA,NA,0,0,NA,0,0,NA,NA,NA,NA,NA,NA,NA,NA,NA,NA,NA,NA,NA,NA,NA,NA,NA,NA,NA,NA,NA,NA,NA,NA,NA,NA,NA,NA,NA,NA,NA,NA,NA,NA,NA,NA,NA
"20",NA,1,0,0,0,NA,0,0,0,0,0,0,0,NA,0,0,0,0,0,NA,0,0,NA,NA,NA,0,0,0,0,0,0,0,NA,0,NA,NA,NA,0,0,0,NA,0,NA,NA,NA,0,0,NA,0,0,NA,NA,NA,NA,NA,NA,NA,NA,NA,NA,NA,NA,NA,NA,NA,NA,NA,NA,NA,NA,NA,NA,NA,NA,NA,NA,NA,NA,NA,NA,NA,NA,NA,NA,NA,NA,NA
"21",NA,1,0,0,0,NA,0,0,0,0,0,0,0,NA,0,0,0,0,0,NA,0,0,NA,NA,NA,0,0,0,0,0,0,NA,NA,0,NA,NA,NA,0,0,0,NA,0,NA,NA,NA,0,0,NA,0,0,NA,NA,NA,NA,NA,NA,NA,NA,NA,NA,NA,NA,NA,NA,NA,NA,NA,NA,NA,NA,NA,NA,NA,NA,NA,NA,NA,NA,NA,NA,NA,NA,NA,NA,NA,NA,NA
"22",0,NA,0,0,0,NA,0,0,0,0,NA,0,0,0,0,0,0,0,0,NA,0,0,NA,NA,NA,0,0,0,0,0,0,NA,0,0,NA,NA,NA,0,0,0,NA,0,0,NA,NA,0,0,NA,0,0,NA,NA,NA,NA,NA,NA,NA,NA,NA,NA,NA,NA,NA,NA,NA,NA,NA,NA,NA,NA,NA,NA,NA,NA,NA,NA,NA,NA,NA,NA,NA,NA,NA,NA,NA,NA,NA
"23",NA,1,0,0,0,NA,0,0,0,0,0,0,NA,NA,0,0,0,0,0,NA,0,0,NA,NA,NA,0,0,0,0,0,0,0,NA,0,NA,NA,NA,0,0,0,NA,0,NA,NA,NA,0,0,NA,0,0,NA,NA,NA,NA,NA,NA,NA,NA,NA,NA,NA,NA,NA,NA,NA,NA,NA,NA,NA,NA,NA,NA,NA,NA,NA,NA,NA,NA,NA,NA,NA,NA,NA,NA,NA,NA,NA
"24",1,NA,0,0,0,0,0,0,0,0,NA,0,NA,0,0,0,0,0,0,NA,0,0,NA,NA,NA,0,0,0,0,0,0,0,0,0,NA,NA,NA,0,0,0,NA,0,0,NA,NA,0,0,NA,0,0,NA,NA,NA,NA,NA,NA,NA,NA,NA,NA,NA,NA,NA,NA,NA,NA,NA,NA,NA,NA,NA,NA,NA,NA,NA,NA,NA,NA,NA,NA,NA,NA,NA,NA,NA,NA,NA
"25",NA,1,0,0,0,NA,0,0,0,0,0,0,NA,NA,0,0,0,0,0,NA,0,0,NA,NA,NA,0,0,0,0,0,0,NA,NA,0,NA,NA,NA,0,0,0,NA,0,NA,NA,NA,0,0,NA,0,0,NA,NA,NA,NA,NA,NA,NA,NA,NA,NA,NA,NA,NA,NA,NA,NA,NA,NA,NA,NA,NA,NA,NA,NA,NA,NA,NA,NA,NA,NA,NA,NA,NA,NA,NA,NA,NA
"26",1,NA,0,0,0,0,0,0,0,0,NA,0,NA,0,0,0,0,0,0,NA,0,0,NA,NA,NA,0,0,0,0,0,0,NA,0,0,NA,NA,NA,0,0,0,NA,0,0,NA,NA,0,0,NA,0,0,NA,NA,NA,NA,NA,NA,NA,NA,NA,NA,NA,NA,NA,NA,NA,NA,NA,NA,NA,NA,NA,NA,NA,NA,NA,NA,NA,NA,NA,NA,NA,NA,NA,NA,NA,NA,NA
"27",0,NA,0,0,0,NA,0,0,0,0,NA,0,NA,0,0,0,0,0,0,NA,0,0,NA,NA,NA,0,0,0,0,0,0,0,0,0,NA,NA,NA,0,0,0,NA,0,0,NA,NA,0,0,NA,0,0,NA,NA,NA,NA,NA,NA,NA,NA,NA,NA,NA,NA,NA,NA,NA,NA,NA,NA,NA,NA,NA,NA,NA,NA,NA,NA,NA,NA,NA,NA,NA,NA,NA,NA,NA,NA,NA
"28",0,NA,0,0,0,NA,0,0,0,0,NA,0,NA,0,0,0,0,0,0,NA,0,0,NA,NA,NA,0,0,0,0,0,0,NA,0,0,NA,NA,NA,0,0,0,NA,0,0,NA,NA,0,0,NA,0,0,NA,NA,NA,NA,NA,NA,NA,NA,NA,NA,NA,NA,NA,NA,NA,NA,NA,NA,NA,NA,NA,NA,NA,NA,NA,NA,NA,NA,NA,NA,NA,NA,NA,NA,NA,NA,NA
"29",NA,1,0,0,0,NA,0,0,0,0,NA,0,0,NA,0,0,0,0,0,NA,0,0,NA,NA,NA,0,0,0,0,0,0,0,NA,0,NA,NA,NA,0,0,0,NA,0,NA,NA,NA,0,0,NA,0,0,NA,NA,NA,NA,NA,NA,NA,NA,NA,NA,NA,NA,NA,NA,NA,NA,NA,NA,NA,NA,NA,NA,NA,NA,NA,NA,NA,NA,NA,NA,NA,NA,NA,NA,NA,NA,NA
"30",NA,1,0,0,0,NA,0,0,0,0,NA,0,0,NA,0,0,0,0,0,NA,0,0,NA,NA,NA,0,0,0,0,0,0,NA,NA,0,NA,NA,NA,0,0,0,NA,0,NA,NA,NA,0,0,NA,0,0,NA,NA,NA,NA,NA,NA,NA,NA,NA,NA,NA,NA,NA,NA,NA,NA,NA,NA,NA,NA,NA,NA,NA,NA,NA,NA,NA,NA,NA,NA,NA,NA,NA,NA,NA,NA,NA
"31",NA,1,0,0,0,NA,0,0,0,0,NA,0,NA,NA,0,0,0,0,0,NA,0,0,NA,NA,NA,0,0,0,0,0,0,0,NA,0,NA,NA,NA,0,0,0,NA,0,NA,NA,NA,0,0,NA,0,0,NA,NA,NA,NA,NA,NA,NA,NA,NA,NA,NA,NA,NA,NA,NA,NA,NA,NA,NA,NA,NA,NA,NA,NA,NA,NA,NA,NA,NA,NA,NA,NA,NA,NA,NA,NA,NA
"32",NA,1,0,0,0,NA,0,0,0,0,NA,0,NA,NA,0,0,0,0,0,NA,0,0,NA,NA,NA,0,0,0,0,0,0,NA,NA,0,NA,NA,NA,0,0,0,NA,0,NA,NA,NA,0,0,NA,0,0,NA,NA,NA,NA,NA,NA,NA,NA,NA,NA,NA,NA,NA,NA,NA,NA,NA,NA,NA,NA,NA,NA,NA,NA,NA,NA,NA,NA,NA,NA,NA,NA,NA,NA,NA,NA,NA
"33",0.5,0.5,0,0,0,0,0,0,0,0,0,0,0,0,0,0,0,0,0,0,0,0,0,0,0,0,0,0,0,0,0,0,0,0,0,0,0,0,0,0,0,0,0,0,0,0,0,0,0,0,NA,NA,NA,NA,NA,NA,NA,NA,NA,NA,NA,NA,NA,NA,NA,NA,NA,NA,NA,NA,NA,NA,NA,NA,NA,NA,NA,NA,NA,NA,NA,NA,NA,NA,NA,NA,NA
"34",0.5,0.5,1,1,1,0.25,1,1,1,1,0.5,1,0.5,0.75,1,1,1,1,1,0.375,1,1,0.3125,0.3125,0.0625,1,1,1,1,1,1,0.5,0.5,1,0.3125,0.3125,0.3125,0.71875,1,1,0.3125,0.90625,0.28125,0.28125,0.03125,1,1,0.3125,1,0.90625,0,0,0,0,0,0,0,0,0,0,0,0,0,0,0,0,0,0,0,0,0,0,0,0,0,0,0,0,0,0,0,0,0,0,0,0,0
