"","phoB","crp","gadX","fnr","cspA","cra","rhaR","adiY","hns","arcA","zraR","cusR","puuR","putA","cadC","melR","idnR","pdeL","purR","prpR","fucR","tdcA","lsrR","nhaR","yeiL","dpiA","nikR","dcuR","metJ","flhD","flhC","ptsG","fhlA","mlc","rhaS","pdhR","srlR","xylR","mazE","argP","galS","exuR","mazF","marR","hdfR","csgD","soxR","narL","evgA","ydeO","gadW","ompR","marA","leuO","fliZ","gadE","rcsA","soxS","fur","rcsB","asnC","dnaA","metR","yiaJ","araC","yqjI","malI","mraZ","glcC","hyfR","aidB","rbsR","betI","lldR","galR","uxuR","nac","gutM","glnG","stpA","yjjQ","mlrA","oxyR","rob","bglJ","lrp","fis"
"1",NA,0,0,NA,0,1,NA,0,NA,NA,0,NA,NA,0,0,NA,0,NA,NA,0,NA,0,0,0,0,0,NA,0,NA,0,0,0,0,NA,NA,NA,0,0,0,NA,0,0,0,NA,0,0,0,0,0,0,0,0,0,NA,0,0,0,NA,0,0,NA,NA,NA,NA,NA,NA,NA,NA,NA,NA,NA,NA,NA,NA,NA,NA,NA,NA,NA,NA,NA,NA,NA,NA,NA,NA,NA
"2",1,0,1,NA,1,NA,NA,0,1,NA,0,NA,NA,0,0,NA,0,0,NA,NA,NA,0,0,0,0,0,NA,0,NA,0,0,0,0,NA,NA,0,0,0,0,0,0,0,0,NA,0,0,0,0,0,0,0,0,0,0,0,0,0,NA,0,0,NA,NA,NA,NA,NA,NA,NA,NA,NA,NA,NA,NA,NA,NA,NA,NA,NA,NA,NA,NA,NA,NA,NA,NA,NA,NA,NA
"3",1,NA,1,1,1,NA,NA,0,NA,1,NA,NA,0,NA,0,NA,NA,0,0,NA,NA,NA,NA,0,NA,0,NA,NA,0,0,0,NA,0,0,NA,NA,NA,0,NA,0,0,0,0,0,0,NA,0,NA,0,0,0,NA,NA,NA,0,0,0,0,NA,0,NA,NA,NA,NA,NA,NA,NA,NA,NA,NA,NA,NA,NA,NA,NA,NA,NA,NA,NA,NA,NA,NA,NA,NA,NA,NA,NA
"4",1,NA,1,NA,NA,NA,NA,NA,NA,NA,NA,NA,NA,NA,0,NA,NA,0,0,NA,NA,NA,NA,0,0,0,NA,NA,0,0,0,NA,0,0,NA,NA,NA,0,NA,0,0,0,0,0,NA,NA,0,0,0,0,0,NA,NA,NA,0,0,0,0,NA,NA,NA,NA,NA,NA,NA,NA,NA,NA,NA,NA,NA,NA,NA,NA,NA,NA,NA,NA,NA,NA,NA,NA,NA,NA,NA,NA,NA
"5",1,NA,1,NA,1,NA,NA,0,NA,NA,NA,NA,NA,NA,0,NA,NA,0,0,NA,NA,NA,NA,0,0,0,NA,NA,0,0,0,NA,0,0,NA,NA,NA,0,NA,0,0,0,0,0,0,0,0,0,0,0,0,NA,NA,NA,0,0,0,0,NA,0,NA,NA,NA,NA,NA,NA,NA,NA,NA,NA,NA,NA,NA,NA,NA,NA,NA,NA,NA,NA,NA,NA,NA,NA,NA,NA,NA
"6",1,NA,1,NA,NA,NA,NA,NA,NA,0,NA,NA,NA,NA,0,NA,NA,0,0,NA,NA,NA,NA,0,NA,0,0,0,0,0,0,NA,0,0,NA,NA,NA,0,NA,0,0,0,0,0,NA,NA,0,NA,0,0,0,NA,NA,NA,0,0,0,0,NA,NA,NA,NA,NA,NA,NA,NA,NA,NA,NA,NA,NA,NA,NA,NA,NA,NA,NA,NA,NA,NA,NA,NA,NA,NA,NA,NA,NA
"7",1,NA,1,1,NA,NA,NA,NA,NA,1,NA,NA,0,NA,0,NA,NA,0,0,NA,NA,NA,NA,0,NA,0,NA,NA,0,0,0,NA,0,0,NA,NA,NA,0,NA,0,0,0,0,0,NA,NA,0,NA,0,0,0,NA,NA,NA,0,0,0,0,NA,NA,NA,NA,NA,NA,NA,NA,NA,NA,NA,NA,NA,NA,NA,NA,NA,NA,NA,NA,NA,NA,NA,NA,NA,NA,NA,NA,NA
"8",1,NA,1,NA,NA,NA,NA,NA,1,0,NA,NA,NA,NA,0,NA,NA,0,0,NA,NA,NA,NA,0,NA,0,0,0,0,0,0,NA,0,0,NA,NA,NA,0,NA,0,0,0,0,0,NA,0,0,NA,0,0,0,NA,NA,NA,0,0,0,0,NA,NA,NA,NA,NA,NA,NA,NA,NA,NA,NA,NA,NA,NA,NA,NA,NA,NA,NA,NA,NA,NA,NA,NA,NA,NA,NA,NA,NA
"9",1,NA,1,NA,1,NA,0,0,NA,NA,NA,NA,NA,NA,0,NA,NA,0,0,NA,NA,NA,NA,0,0,0,NA,NA,0,0,0,NA,0,0,NA,NA,NA,0,NA,0,0,0,0,0,0,NA,0,0,0,0,0,NA,NA,NA,0,0,0,0,NA,0,NA,NA,NA,NA,NA,NA,NA,NA,NA,NA,NA,NA,NA,NA,NA,NA,NA,NA,NA,NA,NA,NA,NA,NA,NA,NA,NA
"10",1,NA,1,NA,NA,NA,NA,NA,NA,NA,0,NA,NA,NA,0,NA,NA,0,0,NA,NA,NA,NA,0,0,0,NA,NA,0,0,0,NA,0,0,NA,NA,NA,0,NA,0,0,0,0,0,NA,NA,0,0,0,0,0,NA,NA,NA,0,0,0,0,NA,NA,NA,NA,NA,NA,NA,NA,NA,NA,NA,NA,NA,NA,NA,NA,NA,NA,NA,NA,NA,NA,NA,NA,NA,NA,NA,NA,NA
"11",1,NA,1,NA,1,NA,NA,0,NA,NA,0,NA,NA,NA,0,NA,NA,0,0,NA,NA,NA,NA,0,0,0,NA,NA,0,0,0,NA,0,0,NA,NA,NA,0,NA,0,0,0,0,0,0,NA,0,0,0,0,0,NA,NA,NA,0,0,0,0,NA,0,NA,NA,NA,NA,NA,NA,NA,NA,NA,NA,NA,NA,NA,NA,NA,NA,NA,NA,NA,NA,NA,NA,NA,NA,NA,NA,NA
"12",1,NA,1,NA,1,NA,NA,0,NA,NA,NA,NA,NA,NA,0,NA,0,0,0,NA,NA,NA,NA,0,0,0,NA,NA,0,0,0,NA,0,0,NA,NA,NA,0,NA,0,0,0,0,0,0,NA,0,0,0,0,0,NA,NA,NA,0,0,0,0,NA,0,NA,NA,NA,NA,NA,NA,NA,NA,NA,NA,NA,NA,NA,NA,NA,NA,NA,NA,NA,NA,NA,NA,NA,NA,NA,NA,NA
"13",1,NA,1,NA,NA,NA,NA,NA,1,NA,0,NA,NA,NA,0,NA,NA,0,0,NA,NA,NA,NA,0,0,0,NA,NA,0,0,0,NA,0,0,NA,NA,NA,0,NA,0,0,0,0,0,NA,NA,0,0,0,0,0,NA,NA,NA,0,0,0,0,NA,NA,NA,NA,NA,NA,NA,NA,NA,NA,NA,NA,NA,NA,NA,NA,NA,NA,NA,NA,NA,NA,NA,NA,NA,NA,NA,NA,NA
"14",1,NA,1,NA,1,NA,0,0,NA,NA,NA,NA,NA,NA,0,NA,NA,0,0,NA,NA,NA,NA,0,0,0,NA,NA,0,0,0,NA,0,0,NA,NA,NA,0,NA,0,0,0,0,0,0,0,0,0,0,0,0,NA,NA,NA,0,0,0,0,NA,0,NA,NA,NA,NA,NA,NA,NA,NA,NA,NA,NA,NA,NA,NA,NA,NA,NA,NA,NA,NA,NA,NA,NA,NA,NA,NA,NA
"15",1,NA,1,NA,NA,NA,NA,NA,1,NA,NA,NA,NA,NA,0,NA,0,0,0,NA,NA,NA,NA,0,0,0,NA,NA,0,0,0,NA,0,0,NA,NA,NA,0,NA,0,0,0,0,0,NA,NA,0,0,0,0,0,NA,NA,NA,0,0,0,0,NA,NA,NA,NA,NA,NA,NA,NA,NA,NA,NA,NA,NA,NA,NA,NA,NA,NA,NA,NA,NA,NA,NA,NA,NA,NA,NA,NA,NA
"16",1,NA,1,NA,1,NA,0,0,NA,NA,0,NA,NA,NA,0,NA,NA,0,0,NA,NA,NA,NA,0,0,0,NA,NA,0,0,0,NA,0,0,NA,NA,NA,0,NA,0,0,0,0,0,0,NA,0,0,0,0,0,NA,NA,NA,0,0,0,0,NA,0,NA,NA,NA,NA,NA,NA,NA,NA,NA,NA,NA,NA,NA,NA,NA,NA,NA,NA,NA,NA,NA,NA,NA,NA,NA,NA,NA
"17",1,NA,0,NA,0,NA,0,0,0,NA,NA,NA,NA,NA,0,NA,NA,0,0,NA,NA,NA,NA,0,0,0,NA,NA,0,0,NA,NA,0,0,NA,NA,NA,0,NA,0,0,0,0,0,0,NA,0,0,0,0,0,NA,NA,0,0,0,0,0,NA,0,NA,NA,NA,NA,NA,NA,NA,NA,NA,NA,NA,NA,NA,NA,NA,NA,NA,NA,NA,NA,NA,NA,NA,NA,NA,NA,NA
"18",1,NA,1,NA,1,NA,NA,0,NA,0,0,NA,NA,NA,0,NA,NA,0,0,NA,NA,NA,NA,0,NA,0,0,0,0,0,0,NA,0,0,NA,NA,NA,0,NA,0,0,0,0,0,0,NA,0,NA,0,0,0,NA,NA,NA,0,0,0,0,NA,0,NA,NA,NA,NA,NA,NA,NA,NA,NA,NA,NA,NA,NA,NA,NA,NA,NA,NA,NA,NA,NA,NA,NA,NA,NA,NA,NA
"19",1,NA,1,NA,1,NA,NA,0,NA,0,NA,NA,NA,NA,0,NA,0,0,0,NA,NA,NA,NA,0,NA,0,0,0,0,0,0,NA,0,0,NA,NA,NA,0,NA,0,0,0,0,0,0,NA,0,NA,0,0,0,NA,NA,NA,0,0,0,0,NA,0,NA,NA,NA,NA,NA,NA,NA,NA,NA,NA,NA,NA,NA,NA,NA,NA,NA,NA,NA,NA,NA,NA,NA,NA,NA,NA,NA
"20",1,NA,1,NA,1,NA,0,0,NA,0,0,NA,NA,NA,0,NA,NA,0,0,NA,NA,NA,NA,0,NA,0,0,0,0,0,0,NA,0,0,NA,NA,NA,0,NA,0,0,0,0,0,0,NA,0,NA,0,0,0,NA,NA,NA,0,0,0,0,NA,0,NA,NA,NA,NA,NA,NA,NA,NA,NA,NA,NA,NA,NA,NA,NA,NA,NA,NA,NA,NA,NA,NA,NA,NA,NA,NA,NA
"21",1,NA,1,NA,1,NA,NA,0,NA,0,0,NA,NA,NA,0,NA,0,0,0,NA,NA,NA,NA,0,NA,0,0,0,0,0,0,NA,0,0,NA,NA,NA,0,NA,0,0,0,0,0,0,NA,0,NA,0,0,0,NA,NA,NA,0,0,0,0,NA,0,NA,NA,NA,NA,NA,NA,NA,NA,NA,NA,NA,NA,NA,NA,NA,NA,NA,NA,NA,NA,NA,NA,NA,NA,NA,NA,NA
"22",1,NA,1,NA,1,NA,NA,0,NA,0,NA,0,NA,NA,0,NA,NA,0,0,NA,NA,NA,NA,0,NA,0,0,0,0,0,0,NA,0,0,NA,NA,NA,0,NA,0,0,0,0,0,0,NA,0,NA,0,0,0,NA,NA,NA,0,0,0,0,NA,0,NA,NA,NA,NA,NA,NA,NA,NA,NA,NA,NA,NA,NA,NA,NA,NA,NA,NA,NA,NA,NA,NA,NA,NA,NA,NA,NA
"23",1,NA,1,NA,1,NA,NA,0,NA,0,NA,NA,NA,NA,0,NA,NA,0,0,NA,NA,0,NA,0,NA,0,0,0,0,0,0,NA,0,0,NA,NA,NA,0,NA,0,0,0,0,0,0,NA,0,NA,0,0,0,NA,NA,NA,0,0,0,0,NA,0,NA,NA,NA,NA,NA,NA,NA,NA,NA,NA,NA,NA,NA,NA,NA,NA,NA,NA,NA,NA,NA,NA,NA,NA,NA,NA,NA
"24",1,NA,1,NA,1,NA,NA,0,NA,0,0,0,NA,NA,0,NA,NA,0,0,NA,NA,NA,NA,0,NA,0,0,0,0,0,0,NA,0,0,NA,NA,NA,0,NA,0,0,0,0,0,0,NA,0,NA,0,0,0,NA,NA,NA,0,0,0,0,NA,0,NA,NA,NA,NA,NA,NA,NA,NA,NA,NA,NA,NA,NA,NA,NA,NA,NA,NA,NA,NA,NA,NA,NA,NA,NA,NA,NA
"25",1,NA,1,NA,1,NA,0,0,NA,0,NA,NA,NA,NA,0,NA,0,0,0,NA,NA,NA,NA,0,NA,0,0,0,0,0,0,NA,0,0,NA,NA,NA,0,NA,0,0,0,0,0,0,NA,0,NA,0,0,0,NA,NA,NA,0,0,0,0,NA,0,NA,NA,NA,NA,NA,NA,NA,NA,NA,NA,NA,NA,NA,NA,NA,NA,NA,NA,NA,NA,NA,NA,NA,NA,NA,NA,NA
"26",1,NA,1,NA,1,NA,NA,0,NA,0,0,NA,NA,NA,0,NA,NA,0,0,NA,NA,0,NA,0,NA,0,0,0,0,0,0,NA,0,0,NA,NA,NA,0,NA,0,0,0,0,0,0,NA,0,NA,0,0,0,NA,NA,NA,0,0,0,0,NA,0,NA,NA,NA,NA,NA,NA,NA,NA,NA,NA,NA,NA,NA,NA,NA,NA,NA,NA,NA,NA,NA,NA,NA,NA,NA,NA,NA
"27",1,NA,1,1,1,NA,0,0,NA,1,NA,NA,0,NA,0,NA,NA,0,0,NA,NA,NA,NA,0,NA,0,NA,NA,0,0,0,NA,0,0,NA,NA,NA,0,NA,0,0,0,0,0,0,NA,0,NA,0,0,0,NA,NA,NA,0,0,0,0,NA,0,NA,NA,NA,NA,NA,NA,NA,NA,NA,NA,NA,NA,NA,NA,NA,NA,NA,NA,NA,NA,NA,NA,NA,NA,NA,NA,NA
"28",NA,0,1,0,1,1,NA,1,NA,NA,0,NA,NA,0,0,NA,0,NA,NA,0,NA,0,0,0,0,0,NA,0,NA,0,0,0,0,NA,NA,NA,0,0,0,NA,0,0,0,NA,0,0,0,0,0,0,0,0,0,NA,0,0,0,0,0,0,NA,NA,NA,NA,NA,NA,NA,NA,NA,NA,NA,NA,NA,NA,NA,NA,NA,NA,NA,NA,NA,NA,NA,NA,NA,NA,NA
"29",NA,0,1,0,1,1,0,1,NA,NA,0,NA,NA,0,0,NA,0,NA,NA,0,NA,0,0,0,0,0,NA,0,NA,0,0,0,0,NA,NA,NA,0,0,0,NA,0,0,0,NA,0,0,0,0,0,0,0,0,0,NA,0,0,0,0,0,0,NA,NA,NA,NA,NA,NA,NA,NA,NA,NA,NA,NA,NA,NA,NA,NA,NA,NA,NA,NA,NA,NA,NA,NA,NA,NA,NA
"30",NA,0,0,NA,0,0,NA,0,NA,NA,0,NA,NA,0,0,NA,0,0,NA,0,NA,0,0,0,0,0,NA,0,NA,0,0,0,0,NA,NA,NA,0,0,0,NA,0,0,0,NA,0,0,0,0,0,0,0,0,0,NA,0,0,0,NA,0,0,NA,NA,NA,NA,NA,NA,NA,NA,NA,NA,NA,NA,NA,NA,NA,NA,NA,NA,NA,NA,NA,NA,NA,NA,NA,NA,NA
"31",NA,0,0,NA,0,1,0,0,NA,NA,0,NA,NA,0,0,NA,0,NA,NA,0,NA,0,0,0,0,0,NA,0,NA,0,0,0,0,NA,NA,NA,0,0,0,NA,0,0,0,NA,0,0,0,0,0,0,0,0,0,NA,0,0,0,NA,0,0,NA,NA,NA,NA,NA,NA,NA,NA,NA,NA,NA,NA,NA,NA,NA,NA,NA,NA,NA,NA,NA,NA,NA,NA,NA,NA,NA
"32",1,NA,1,NA,1,NA,NA,0,NA,0,NA,0,NA,NA,0,NA,0,0,0,NA,NA,NA,NA,0,NA,0,0,0,0,0,0,NA,0,0,NA,NA,NA,0,NA,0,0,0,0,0,0,NA,0,NA,0,0,0,NA,NA,NA,0,0,0,0,NA,0,NA,NA,NA,NA,NA,NA,NA,NA,NA,NA,NA,NA,NA,NA,NA,NA,NA,NA,NA,NA,NA,NA,NA,NA,NA,NA,NA
"33",1,NA,1,NA,1,NA,NA,0,NA,0,NA,NA,NA,NA,0,NA,0,0,0,NA,NA,0,NA,0,NA,0,0,0,0,0,0,NA,0,0,NA,NA,NA,0,NA,0,0,0,0,0,0,NA,0,NA,0,0,0,NA,NA,NA,0,0,0,0,NA,0,NA,NA,NA,NA,NA,NA,NA,NA,NA,NA,NA,NA,NA,NA,NA,NA,NA,NA,NA,NA,NA,NA,NA,NA,NA,NA,NA
"34",1,NA,1,NA,1,NA,NA,0,NA,0,0,NA,NA,NA,0,NA,0,0,0,NA,NA,0,NA,0,NA,0,0,0,0,0,0,NA,0,0,NA,NA,NA,0,NA,0,0,0,0,0,0,NA,0,NA,0,0,0,NA,NA,NA,0,0,0,0,NA,0,NA,NA,NA,NA,NA,NA,NA,NA,NA,NA,NA,NA,NA,NA,NA,NA,NA,NA,NA,NA,NA,NA,NA,NA,NA,NA,NA
"35",1,NA,1,NA,1,NA,NA,0,NA,0,NA,NA,NA,NA,0,NA,NA,0,0,NA,NA,NA,NA,0,NA,0,0,0,0,0,0,NA,0,0,NA,NA,NA,0,NA,0,0,0,0,0,0,0,0,NA,0,0,0,NA,NA,NA,0,0,0,0,NA,0,NA,NA,NA,NA,NA,NA,NA,NA,NA,NA,NA,NA,NA,NA,NA,NA,NA,NA,NA,NA,NA,NA,NA,NA,NA,NA,NA
"36",1,NA,1,NA,1,NA,NA,0,NA,0,0,0,NA,NA,0,NA,0,0,0,NA,NA,NA,NA,0,NA,0,0,0,0,0,0,NA,0,0,NA,NA,NA,0,NA,0,0,0,0,0,0,NA,0,NA,0,0,0,NA,NA,NA,0,0,0,0,NA,0,NA,NA,NA,NA,NA,NA,NA,NA,NA,NA,NA,NA,NA,NA,NA,NA,NA,NA,NA,NA,NA,NA,NA,NA,NA,NA,NA
"37",NA,0,0,NA,0,0,0,0,NA,NA,0,NA,NA,0,0,NA,0,0,NA,0,NA,0,0,0,0,0,NA,0,NA,0,0,0,0,NA,NA,NA,0,0,0,NA,0,0,0,NA,0,0,0,0,0,0,0,0,0,NA,0,0,0,NA,0,0,NA,NA,NA,NA,NA,NA,NA,NA,NA,NA,NA,NA,NA,NA,NA,NA,NA,NA,NA,NA,NA,NA,NA,NA,NA,NA,NA
"38",NA,1,0,NA,0,1,1,0,NA,NA,0,NA,NA,0,0,NA,0,NA,NA,0,NA,0,0,0,0,0,NA,0,NA,0,0,0,0,NA,0,NA,0,0,0,NA,0,0,0,NA,0,0,0,0,0,0,0,0,0,NA,0,0,0,NA,0,0,NA,NA,NA,NA,NA,NA,NA,NA,NA,NA,NA,NA,NA,NA,NA,NA,NA,NA,NA,NA,NA,NA,NA,NA,NA,NA,NA
"39",NA,1,0,NA,0,1,NA,0,NA,NA,0,NA,NA,0,0,NA,0,NA,NA,0,0,0,0,0,0,0,NA,0,NA,0,0,0,0,NA,NA,NA,0,0,0,NA,0,0,0,NA,0,0,0,0,0,0,0,0,0,NA,0,0,0,NA,0,0,NA,NA,NA,NA,NA,NA,NA,NA,NA,NA,NA,NA,NA,NA,NA,NA,NA,NA,NA,NA,NA,NA,NA,NA,NA,NA,NA
"40",NA,0,1,1,1,0,NA,1,1,1,0,NA,NA,0,0,NA,0,0,NA,0,NA,0,0,0,NA,0,NA,0,NA,0,0,0,0,NA,NA,NA,0,0,0,NA,0,0,0,NA,0,0,NA,NA,0,0,0,0,0,0,0,0,0,0,0,0,NA,NA,NA,NA,NA,NA,NA,NA,NA,NA,NA,NA,NA,NA,NA,NA,NA,NA,NA,NA,NA,NA,NA,NA,NA,NA,NA
"41",NA,1,0,NA,0,1,NA,0,NA,NA,0,NA,NA,0,0,0,0,NA,NA,0,NA,0,0,0,0,0,NA,0,NA,0,0,0,0,NA,NA,NA,0,0,0,NA,0,0,0,NA,0,0,0,0,0,0,0,0,0,NA,0,0,0,NA,0,0,NA,NA,NA,NA,NA,NA,NA,NA,NA,NA,NA,NA,NA,NA,NA,NA,NA,NA,NA,NA,NA,NA,NA,NA,NA,NA,NA
"42",NA,1,0,NA,0,1,0,0,NA,NA,0,NA,NA,0,0,NA,0,NA,NA,0,0,0,0,0,0,0,NA,0,NA,0,0,0,0,NA,NA,NA,0,0,0,NA,0,0,0,NA,0,0,0,0,0,0,0,0,0,NA,0,0,0,NA,0,0,NA,NA,NA,NA,NA,NA,NA,NA,NA,NA,NA,NA,NA,NA,NA,NA,NA,NA,NA,NA,NA,NA,NA,NA,NA,NA,NA
"43",NA,1,0,NA,0,0,NA,0,NA,NA,0,NA,NA,0,0,0,0,0,NA,0,NA,0,0,0,0,0,NA,0,NA,0,0,0,0,NA,NA,NA,0,0,0,NA,0,0,0,NA,0,0,0,0,0,0,0,0,0,NA,0,0,0,NA,0,0,NA,NA,NA,NA,NA,NA,NA,NA,NA,NA,NA,NA,NA,NA,NA,NA,NA,NA,NA,NA,NA,NA,NA,NA,NA,NA,NA
"44",NA,1,0,NA,0,0,NA,0,NA,NA,0,NA,NA,0,0,NA,0,0,NA,0,0,0,0,0,0,0,NA,0,NA,0,0,0,0,NA,NA,NA,0,0,0,NA,0,0,0,NA,0,0,0,0,0,0,0,0,0,NA,0,0,0,NA,0,0,NA,NA,NA,NA,NA,NA,NA,NA,NA,NA,NA,NA,NA,NA,NA,NA,NA,NA,NA,NA,NA,NA,NA,NA,NA,NA,NA
"45",NA,1,0,NA,0,1,NA,0,NA,NA,0,NA,NA,0,0,0,0,NA,NA,0,0,0,0,0,0,0,NA,0,NA,0,0,0,0,NA,NA,NA,0,0,0,NA,0,0,0,NA,0,0,0,0,0,0,0,0,0,NA,0,0,0,NA,0,0,NA,NA,NA,NA,NA,NA,NA,NA,NA,NA,NA,NA,NA,NA,NA,NA,NA,NA,NA,NA,NA,NA,NA,NA,NA,NA,NA
"46",NA,1,1,0,1,1,NA,1,NA,NA,0,NA,NA,0,0,0,0,NA,NA,0,NA,0,0,0,0,0,NA,0,NA,0,0,0,0,NA,NA,NA,0,0,0,NA,0,0,0,NA,0,0,0,0,0,0,0,0,0,NA,0,0,0,0,0,0,NA,NA,NA,NA,NA,NA,NA,NA,NA,NA,NA,NA,NA,NA,NA,NA,NA,NA,NA,NA,NA,NA,NA,NA,NA,NA,NA
"47",NA,1,1,0,1,0,NA,1,NA,NA,0,NA,NA,0,0,0,0,0,NA,0,NA,0,0,0,0,0,NA,0,NA,0,0,0,0,NA,NA,NA,0,0,0,NA,0,0,0,NA,0,0,0,0,0,0,0,0,0,NA,0,0,0,0,0,0,NA,NA,NA,NA,NA,NA,NA,NA,NA,NA,NA,NA,NA,NA,NA,NA,NA,NA,NA,NA,NA,NA,NA,NA,NA,NA,NA
"48",NA,1,1,0,1,1,NA,1,NA,NA,0,NA,NA,0,0,NA,0,NA,NA,0,0,0,0,0,0,0,NA,0,NA,0,0,0,0,NA,NA,NA,0,0,0,NA,0,0,0,NA,0,0,0,0,0,0,0,0,0,NA,0,0,0,0,0,0,NA,NA,NA,NA,NA,NA,NA,NA,NA,NA,NA,NA,NA,NA,NA,NA,NA,NA,NA,NA,NA,NA,NA,NA,NA,NA,NA
"49",NA,1,0,NA,0,0,NA,0,NA,NA,0,NA,NA,0,0,0,0,0,NA,0,0,0,0,0,0,0,NA,0,NA,0,0,0,0,NA,NA,NA,0,0,0,NA,0,0,0,NA,0,0,0,0,0,0,0,0,0,NA,0,0,0,NA,0,0,NA,NA,NA,NA,NA,NA,NA,NA,NA,NA,NA,NA,NA,NA,NA,NA,NA,NA,NA,NA,NA,NA,NA,NA,NA,NA,NA
"50",NA,1,1,0,1,1,NA,1,NA,NA,0,NA,NA,0,0,0,0,NA,NA,0,0,0,0,0,0,0,NA,0,NA,0,0,0,0,NA,NA,NA,0,0,0,NA,0,0,0,NA,0,0,0,0,0,0,0,0,0,NA,0,0,0,0,0,0,NA,NA,NA,NA,NA,NA,NA,NA,NA,NA,NA,NA,NA,NA,NA,NA,NA,NA,NA,NA,NA,NA,NA,NA,NA,NA,NA
"51",NA,1,1,0,1,0,NA,1,NA,NA,0,NA,NA,0,0,NA,0,0,NA,0,0,0,0,0,0,0,NA,0,NA,0,0,0,0,NA,NA,NA,0,0,0,NA,0,0,0,NA,0,0,0,0,0,0,0,0,0,NA,0,0,0,0,0,0,NA,NA,NA,NA,NA,NA,NA,NA,NA,NA,NA,NA,NA,NA,NA,NA,NA,NA,NA,NA,NA,NA,NA,NA,NA,NA,NA
"52",NA,1,1,0,1,0,NA,1,NA,NA,0,NA,NA,0,0,0,0,0,NA,0,0,0,0,0,0,0,NA,0,NA,0,0,0,0,NA,NA,NA,0,0,0,NA,0,0,0,NA,0,0,0,0,0,0,0,0,0,NA,0,0,0,0,0,0,NA,NA,NA,NA,NA,NA,NA,NA,NA,NA,NA,NA,NA,NA,NA,NA,NA,NA,NA,NA,NA,NA,NA,NA,NA,NA,NA
"53",NA,1,0,NA,0,0,1,0,NA,NA,0,NA,NA,0,0,NA,0,0,NA,0,NA,0,0,0,0,0,NA,0,NA,0,0,0,0,NA,0,NA,0,0,0,NA,0,0,0,NA,0,0,0,0,0,0,0,0,0,NA,0,0,0,NA,0,0,NA,NA,NA,NA,NA,NA,NA,NA,NA,NA,NA,NA,NA,NA,NA,NA,NA,NA,NA,NA,NA,NA,NA,NA,NA,NA,NA
"54",NA,1,0,NA,0,1,0,0,NA,NA,0,NA,NA,0,0,0,0,NA,NA,0,NA,0,0,0,0,0,NA,0,NA,0,0,0,0,NA,NA,NA,0,0,0,NA,0,0,0,NA,0,0,0,0,0,0,0,0,0,NA,0,0,0,NA,0,0,NA,NA,NA,NA,NA,NA,NA,NA,NA,NA,NA,NA,NA,NA,NA,NA,NA,NA,NA,NA,NA,NA,NA,NA,NA,NA,NA
"55",NA,1,0,NA,0,1,1,0,NA,NA,0,NA,NA,0,0,0,0,NA,NA,0,NA,0,0,0,0,0,NA,0,NA,0,0,0,0,NA,0,NA,0,0,0,NA,0,0,0,NA,0,0,0,0,0,0,0,0,0,NA,0,0,0,NA,0,0,NA,NA,NA,NA,NA,NA,NA,NA,NA,NA,NA,NA,NA,NA,NA,NA,NA,NA,NA,NA,NA,NA,NA,NA,NA,NA,NA
"56",NA,1,0,NA,0,0,0,0,NA,NA,0,NA,NA,0,0,0,0,0,NA,0,NA,0,0,0,0,0,NA,0,NA,0,0,0,0,NA,NA,NA,0,0,0,NA,0,0,0,NA,0,0,0,0,0,0,0,0,0,NA,0,0,0,NA,0,0,NA,NA,NA,NA,NA,NA,NA,NA,NA,NA,NA,NA,NA,NA,NA,NA,NA,NA,NA,NA,NA,NA,NA,NA,NA,NA,NA
"57",NA,1,0,NA,0,0,1,0,NA,NA,0,NA,NA,0,0,0,0,0,NA,0,NA,0,0,0,0,0,NA,0,NA,0,0,0,0,NA,0,NA,0,0,0,NA,0,0,0,NA,0,0,0,0,0,0,0,0,0,NA,0,0,0,NA,0,0,NA,NA,NA,NA,NA,NA,NA,NA,NA,NA,NA,NA,NA,NA,NA,NA,NA,NA,NA,NA,NA,NA,NA,NA,NA,NA,NA
"58",NA,1,1,0,1,1,0,1,NA,NA,0,NA,NA,0,0,0,0,NA,NA,0,NA,0,0,0,0,0,NA,0,NA,0,0,0,0,NA,NA,NA,0,0,0,NA,0,0,0,NA,0,0,0,0,0,0,0,0,0,NA,0,0,0,0,0,0,NA,NA,NA,NA,NA,NA,NA,NA,NA,NA,NA,NA,NA,NA,NA,NA,NA,NA,NA,NA,NA,NA,NA,NA,NA,NA,NA
"59",NA,1,0,NA,0,1,0,0,NA,NA,0,NA,NA,0,0,0,0,NA,NA,0,0,0,0,0,0,0,NA,0,NA,0,0,0,0,NA,NA,NA,0,0,0,NA,0,0,0,NA,0,0,0,0,0,0,0,0,0,NA,0,0,0,NA,0,0,NA,NA,NA,NA,NA,NA,NA,NA,NA,NA,NA,NA,NA,NA,NA,NA,NA,NA,NA,NA,NA,NA,NA,NA,NA,NA,NA
"60",NA,0,1,0,1,0,0,1,NA,NA,0,NA,NA,0,0,NA,0,0,NA,0,NA,0,0,0,0,0,NA,0,NA,0,0,0,0,NA,NA,NA,0,0,0,NA,0,0,0,NA,0,0,0,0,0,0,0,0,0,NA,0,0,0,0,0,0,NA,NA,NA,NA,NA,NA,NA,NA,NA,NA,NA,NA,NA,NA,NA,NA,NA,NA,NA,NA,NA,NA,NA,NA,NA,NA,NA
"61",NA,1,0,NA,0,1,1,0,NA,NA,0,NA,NA,0,0,NA,0,NA,NA,0,0,0,0,0,0,0,NA,0,NA,0,0,0,0,NA,0,NA,0,0,0,NA,0,0,0,NA,0,0,0,0,0,0,0,0,0,NA,0,0,0,NA,0,0,NA,NA,NA,NA,NA,NA,NA,NA,NA,NA,NA,NA,NA,NA,NA,NA,NA,NA,NA,NA,NA,NA,NA,NA,NA,NA,NA
"62",NA,1,1,0,1,1,1,1,NA,NA,0,NA,NA,0,0,NA,0,NA,NA,0,NA,0,0,0,0,0,NA,0,NA,0,0,0,0,NA,0,NA,0,0,0,NA,0,0,0,NA,0,0,0,0,0,0,0,0,0,NA,0,0,0,0,0,0,NA,NA,NA,NA,NA,NA,NA,NA,NA,NA,NA,NA,NA,NA,NA,NA,NA,NA,NA,NA,NA,NA,NA,NA,NA,NA,NA
"63",NA,1,0,NA,0,1,1,0,NA,NA,0,NA,NA,0,0,0,0,NA,NA,0,0,0,0,0,0,0,NA,0,NA,0,0,0,0,NA,0,NA,0,0,0,NA,0,0,0,NA,0,0,0,0,0,0,0,0,0,NA,0,0,0,NA,0,0,NA,NA,NA,NA,NA,NA,NA,NA,NA,NA,NA,NA,NA,NA,NA,NA,NA,NA,NA,NA,NA,NA,NA,NA,NA,NA,NA
"64",NA,1,1,0,1,0,1,1,NA,NA,0,NA,NA,0,0,NA,0,0,NA,0,NA,0,0,0,0,0,NA,0,NA,0,0,0,0,NA,0,NA,0,0,0,NA,0,0,0,NA,0,0,0,0,0,0,0,0,0,NA,0,0,0,0,0,0,NA,NA,NA,NA,NA,NA,NA,NA,NA,NA,NA,NA,NA,NA,NA,NA,NA,NA,NA,NA,NA,NA,NA,NA,NA,NA,NA
"65",NA,1,0,NA,0,0,0,0,NA,NA,0,NA,NA,0,0,NA,0,0,NA,0,0,0,0,0,0,0,NA,0,NA,0,0,0,0,NA,NA,NA,0,0,0,NA,0,0,0,NA,0,0,0,0,0,0,0,0,0,NA,0,0,0,NA,0,0,NA,NA,NA,NA,NA,NA,NA,NA,NA,NA,NA,NA,NA,NA,NA,NA,NA,NA,NA,NA,NA,NA,NA,NA,NA,NA,NA
"66",NA,1,1,0,1,0,0,1,NA,NA,0,NA,NA,0,0,0,0,0,NA,0,NA,0,0,0,0,0,NA,0,NA,0,0,0,0,NA,NA,NA,0,0,0,NA,0,0,0,NA,0,0,0,0,0,0,0,0,0,NA,0,0,0,0,0,0,NA,NA,NA,NA,NA,NA,NA,NA,NA,NA,NA,NA,NA,NA,NA,NA,NA,NA,NA,NA,NA,NA,NA,NA,NA,NA,NA
"67",NA,1,0,NA,0,0,1,0,NA,NA,0,NA,NA,0,0,NA,0,0,NA,0,0,0,0,0,0,0,NA,0,NA,0,0,0,0,NA,0,NA,0,0,0,NA,0,0,0,NA,0,0,0,0,0,0,0,0,0,NA,0,0,0,NA,0,0,NA,NA,NA,NA,NA,NA,NA,NA,NA,NA,NA,NA,NA,NA,NA,NA,NA,NA,NA,NA,NA,NA,NA,NA,NA,NA,NA
"68",NA,1,1,0,1,1,1,1,NA,NA,0,NA,NA,0,0,0,0,NA,NA,0,NA,0,0,0,0,0,NA,0,NA,0,0,0,0,NA,0,NA,0,0,0,NA,0,0,0,NA,0,0,0,0,0,0,0,0,0,NA,0,0,0,0,0,0,NA,NA,NA,NA,NA,NA,NA,NA,NA,NA,NA,NA,NA,NA,NA,NA,NA,NA,NA,NA,NA,NA,NA,NA,NA,NA,NA
"69",NA,1,0,NA,0,0,0,0,NA,NA,0,NA,NA,0,0,0,0,0,NA,0,0,0,0,0,0,0,NA,0,NA,0,0,0,0,NA,NA,NA,0,0,0,NA,0,0,0,NA,0,0,0,0,0,0,0,0,0,NA,0,0,0,NA,0,0,NA,NA,NA,NA,NA,NA,NA,NA,NA,NA,NA,NA,NA,NA,NA,NA,NA,NA,NA,NA,NA,NA,NA,NA,NA,NA,NA
"70",NA,1,1,0,1,0,1,1,NA,NA,0,NA,NA,0,0,0,0,0,NA,0,NA,0,0,0,0,0,NA,0,NA,0,0,0,0,NA,0,NA,0,0,0,NA,0,0,0,NA,0,0,0,0,0,0,0,0,0,NA,0,0,0,0,0,0,NA,NA,NA,NA,NA,NA,NA,NA,NA,NA,NA,NA,NA,NA,NA,NA,NA,NA,NA,NA,NA,NA,NA,NA,NA,NA,NA
"71",NA,1,0,NA,0,0,1,0,NA,NA,0,NA,NA,0,0,0,0,0,NA,0,0,0,0,0,0,0,NA,0,NA,0,0,0,0,NA,0,NA,0,0,0,NA,0,0,0,NA,0,0,0,0,0,0,0,0,0,NA,0,0,0,NA,0,0,NA,NA,NA,NA,NA,NA,NA,NA,NA,NA,NA,NA,NA,NA,NA,NA,NA,NA,NA,NA,NA,NA,NA,NA,NA,NA,NA
"72",NA,1,1,0,1,1,0,1,NA,NA,0,NA,NA,0,0,NA,0,NA,NA,0,0,0,0,0,0,0,NA,0,NA,0,0,0,0,NA,NA,NA,0,0,0,NA,0,0,0,NA,0,0,0,0,0,0,0,0,0,NA,0,0,0,0,0,0,NA,NA,NA,NA,NA,NA,NA,NA,NA,NA,NA,NA,NA,NA,NA,NA,NA,NA,NA,NA,NA,NA,NA,NA,NA,NA,NA
"73",NA,1,1,0,1,0,0,1,NA,NA,0,NA,NA,0,0,NA,0,0,NA,0,0,0,0,0,0,0,NA,0,NA,0,0,0,0,NA,NA,NA,0,0,0,NA,0,0,0,NA,0,0,0,0,0,0,0,0,0,NA,0,0,0,0,0,0,NA,NA,NA,NA,NA,NA,NA,NA,NA,NA,NA,NA,NA,NA,NA,NA,NA,NA,NA,NA,NA,NA,NA,NA,NA,NA,NA
"74",NA,1,1,0,1,1,1,1,NA,NA,0,NA,NA,0,0,NA,0,NA,NA,0,0,0,0,0,0,0,NA,0,NA,0,0,0,0,NA,0,NA,0,0,0,NA,0,0,0,NA,0,0,0,0,0,0,0,0,0,NA,0,0,0,0,0,0,NA,NA,NA,NA,NA,NA,NA,NA,NA,NA,NA,NA,NA,NA,NA,NA,NA,NA,NA,NA,NA,NA,NA,NA,NA,NA,NA
"75",NA,1,1,0,1,0,1,1,NA,NA,0,NA,NA,0,0,NA,0,0,NA,0,0,0,0,0,0,0,NA,0,NA,0,0,0,0,NA,0,NA,0,0,0,NA,0,0,0,NA,0,0,0,0,0,0,0,0,0,NA,0,0,0,0,0,0,NA,NA,NA,NA,NA,NA,NA,NA,NA,NA,NA,NA,NA,NA,NA,NA,NA,NA,NA,NA,NA,NA,NA,NA,NA,NA,NA
"76",NA,1,1,0,1,1,0,1,NA,NA,0,NA,NA,0,0,0,0,NA,NA,0,0,0,0,0,0,0,NA,0,NA,0,0,0,0,NA,NA,NA,0,0,0,NA,0,0,0,NA,0,0,0,0,0,0,0,0,0,NA,0,0,0,0,0,0,NA,NA,NA,NA,NA,NA,NA,NA,NA,NA,NA,NA,NA,NA,NA,NA,NA,NA,NA,NA,NA,NA,NA,NA,NA,NA,NA
"77",NA,1,1,0,1,0,0,1,NA,NA,0,NA,NA,0,0,0,0,0,NA,0,0,0,0,0,0,0,NA,0,NA,0,0,0,0,NA,NA,NA,0,0,0,NA,0,0,0,NA,0,0,0,0,0,0,0,0,0,NA,0,0,0,0,0,0,NA,NA,NA,NA,NA,NA,NA,NA,NA,NA,NA,NA,NA,NA,NA,NA,NA,NA,NA,NA,NA,NA,NA,NA,NA,NA,NA
"78",NA,1,1,0,1,1,1,1,NA,NA,0,NA,NA,0,0,0,0,NA,NA,0,0,0,0,0,0,0,NA,0,NA,0,0,0,0,NA,0,NA,0,0,0,NA,0,0,0,NA,0,0,0,0,0,0,0,0,0,NA,0,0,0,0,0,0,NA,NA,NA,NA,NA,NA,NA,NA,NA,NA,NA,NA,NA,NA,NA,NA,NA,NA,NA,NA,NA,NA,NA,NA,NA,NA,NA
"79",NA,1,1,0,1,0,1,1,NA,NA,0,NA,NA,0,0,0,0,0,NA,0,0,0,0,0,0,0,NA,0,NA,0,0,0,0,NA,0,NA,0,0,0,NA,0,0,0,NA,0,0,0,0,0,0,0,0,0,NA,0,0,0,0,0,0,NA,NA,NA,NA,NA,NA,NA,NA,NA,NA,NA,NA,NA,NA,NA,NA,NA,NA,NA,NA,NA,NA,NA,NA,NA,NA,NA
"80",1,1,1,NA,1,NA,NA,0,NA,0,0,NA,NA,0,0,0,0,0,NA,NA,NA,0,0,0,NA,0,0,0,NA,0,0,0,0,NA,NA,0,0,0,0,0,0,0,0,0,0,0,NA,NA,0,0,0,0,0,NA,0,0,0,NA,0,0,NA,NA,NA,NA,NA,NA,NA,NA,NA,NA,NA,NA,NA,NA,NA,NA,NA,NA,NA,NA,NA,NA,NA,NA,NA,NA,NA
"81",1,0,1,NA,1,NA,NA,0,NA,0,0,0,NA,0,0,NA,0,0,NA,NA,NA,0,0,0,NA,0,0,0,NA,0,0,0,0,NA,NA,0,0,0,0,0,0,0,0,0,0,0,NA,NA,0,0,0,0,0,NA,0,0,0,NA,0,0,NA,NA,NA,NA,NA,NA,NA,NA,NA,NA,NA,NA,NA,NA,NA,NA,NA,NA,NA,NA,NA,NA,NA,NA,NA,NA,NA
"82",1,1,1,NA,1,NA,NA,0,NA,0,0,0,NA,0,0,0,0,0,NA,NA,NA,0,0,0,NA,0,0,0,NA,0,0,0,0,NA,NA,0,0,0,0,0,0,0,0,0,0,0,NA,NA,0,0,0,0,0,NA,0,0,0,NA,0,0,NA,NA,NA,NA,NA,NA,NA,NA,NA,NA,NA,NA,NA,NA,NA,NA,NA,NA,NA,NA,NA,NA,NA,NA,NA,NA,NA
"83",1,1,1,NA,1,NA,NA,0,NA,0,0,NA,NA,0,0,NA,0,0,NA,NA,0,0,0,0,NA,0,0,0,NA,0,0,0,0,NA,NA,0,0,0,0,0,0,0,0,0,0,0,NA,NA,0,0,0,0,0,NA,0,0,0,NA,0,0,NA,NA,NA,NA,NA,NA,NA,NA,NA,NA,NA,NA,NA,NA,NA,NA,NA,NA,NA,NA,NA,NA,NA,NA,NA,NA,NA
"84",1,1,1,NA,1,NA,NA,0,NA,0,0,NA,NA,0,0,0,0,0,NA,NA,0,0,0,0,NA,0,0,0,NA,0,0,0,0,NA,NA,0,0,0,0,0,0,0,0,0,0,0,NA,NA,0,0,0,0,0,NA,0,0,0,NA,0,0,NA,NA,NA,NA,NA,NA,NA,NA,NA,NA,NA,NA,NA,NA,NA,NA,NA,NA,NA,NA,NA,NA,NA,NA,NA,NA,NA
"85",1,1,1,NA,1,NA,NA,0,NA,0,0,0,NA,0,0,NA,0,0,NA,NA,0,0,0,0,NA,0,0,0,NA,0,0,0,0,NA,NA,0,0,0,0,0,0,0,0,0,0,0,NA,NA,0,0,0,0,0,NA,0,0,0,NA,0,0,NA,NA,NA,NA,NA,NA,NA,NA,NA,NA,NA,NA,NA,NA,NA,NA,NA,NA,NA,NA,NA,NA,NA,NA,NA,NA,NA
"86",1,1,1,NA,1,NA,NA,0,NA,0,0,0,NA,0,0,0,0,0,NA,NA,0,0,0,0,NA,0,0,0,NA,0,0,0,0,NA,NA,0,0,0,0,0,0,0,0,0,0,0,NA,NA,0,0,0,0,0,NA,0,0,0,NA,0,0,NA,NA,NA,NA,NA,NA,NA,NA,NA,NA,NA,NA,NA,NA,NA,NA,NA,NA,NA,NA,NA,NA,NA,NA,NA,NA,NA
"87",1,0,1,NA,1,NA,0,0,NA,0,0,NA,NA,0,0,NA,0,0,NA,NA,NA,0,0,0,NA,0,0,0,NA,0,0,0,0,NA,NA,0,0,0,0,0,0,0,0,0,0,0,NA,NA,0,0,0,0,0,NA,0,0,0,NA,0,0,NA,NA,NA,NA,NA,NA,NA,NA,NA,NA,NA,NA,NA,NA,NA,NA,NA,NA,NA,NA,NA,NA,NA,NA,NA,NA,NA
"88",1,1,1,NA,1,NA,1,0,NA,0,0,NA,NA,0,0,NA,0,0,NA,NA,NA,0,0,0,NA,0,0,0,NA,0,0,0,0,NA,0,0,0,0,0,0,0,0,0,0,0,0,NA,NA,0,0,0,0,0,NA,0,0,0,NA,0,0,NA,NA,NA,NA,NA,NA,NA,NA,NA,NA,NA,NA,NA,NA,NA,NA,NA,NA,NA,NA,NA,NA,NA,NA,NA,NA,NA
"89",1,1,1,NA,1,NA,0,0,NA,0,0,NA,NA,0,0,0,0,0,NA,NA,NA,0,0,0,NA,0,0,0,NA,0,0,0,0,NA,NA,0,0,0,0,0,0,0,0,0,0,0,NA,NA,0,0,0,0,0,NA,0,0,0,NA,0,0,NA,NA,NA,NA,NA,NA,NA,NA,NA,NA,NA,NA,NA,NA,NA,NA,NA,NA,NA,NA,NA,NA,NA,NA,NA,NA,NA
"90",1,1,1,NA,1,NA,1,0,NA,0,0,NA,NA,0,0,0,0,0,NA,NA,NA,0,0,0,NA,0,0,0,NA,0,0,0,0,NA,0,0,0,0,0,0,0,0,0,0,0,0,NA,NA,0,0,0,0,0,NA,0,0,0,NA,0,0,NA,NA,NA,NA,NA,NA,NA,NA,NA,NA,NA,NA,NA,NA,NA,NA,NA,NA,NA,NA,NA,NA,NA,NA,NA,NA,NA
"91",1,0,1,NA,1,NA,0,0,NA,0,0,0,NA,0,0,NA,0,0,NA,NA,NA,0,0,0,NA,0,0,0,NA,0,0,0,0,NA,NA,0,0,0,0,0,0,0,0,0,0,0,NA,NA,0,0,0,0,0,NA,0,0,0,NA,0,0,NA,NA,NA,NA,NA,NA,NA,NA,NA,NA,NA,NA,NA,NA,NA,NA,NA,NA,NA,NA,NA,NA,NA,NA,NA,NA,NA
"92",1,1,1,NA,1,NA,0,0,NA,0,0,0,NA,0,0,0,0,0,NA,NA,NA,0,0,0,NA,0,0,0,NA,0,0,0,0,NA,NA,0,0,0,0,0,0,0,0,0,0,0,NA,NA,0,0,0,0,0,NA,0,0,0,NA,0,0,NA,NA,NA,NA,NA,NA,NA,NA,NA,NA,NA,NA,NA,NA,NA,NA,NA,NA,NA,NA,NA,NA,NA,NA,NA,NA,NA
"93",1,1,1,NA,1,NA,1,0,NA,0,0,0,NA,0,0,NA,0,0,NA,NA,NA,0,0,0,NA,0,0,0,NA,0,0,0,0,NA,0,0,0,0,0,0,0,0,0,0,0,0,NA,NA,0,0,0,0,0,NA,0,0,0,NA,0,0,NA,NA,NA,NA,NA,NA,NA,NA,NA,NA,NA,NA,NA,NA,NA,NA,NA,NA,NA,NA,NA,NA,NA,NA,NA,NA,NA
"94",1,1,1,NA,1,NA,1,0,NA,0,0,0,NA,0,0,0,0,0,NA,NA,NA,0,0,0,NA,0,0,0,NA,0,0,0,0,NA,0,0,0,0,0,0,0,0,0,0,0,0,NA,NA,0,0,0,0,0,NA,0,0,0,NA,0,0,NA,NA,NA,NA,NA,NA,NA,NA,NA,NA,NA,NA,NA,NA,NA,NA,NA,NA,NA,NA,NA,NA,NA,NA,NA,NA,NA
"95",1,1,1,NA,1,NA,0,0,NA,0,0,NA,NA,0,0,NA,0,0,NA,NA,0,0,0,0,NA,0,0,0,NA,0,0,0,0,NA,NA,0,0,0,0,0,0,0,0,0,0,0,NA,NA,0,0,0,0,0,NA,0,0,0,NA,0,0,NA,NA,NA,NA,NA,NA,NA,NA,NA,NA,NA,NA,NA,NA,NA,NA,NA,NA,NA,NA,NA,NA,NA,NA,NA,NA,NA
"96",1,1,1,NA,1,NA,0,0,NA,0,0,NA,NA,0,0,0,0,0,NA,NA,0,0,0,0,NA,0,0,0,NA,0,0,0,0,NA,NA,0,0,0,0,0,0,0,0,0,0,0,NA,NA,0,0,0,0,0,NA,0,0,0,NA,0,0,NA,NA,NA,NA,NA,NA,NA,NA,NA,NA,NA,NA,NA,NA,NA,NA,NA,NA,NA,NA,NA,NA,NA,NA,NA,NA,NA
"97",1,1,1,NA,1,NA,1,0,NA,0,0,NA,NA,0,0,NA,0,0,NA,NA,0,0,0,0,NA,0,0,0,NA,0,0,0,0,NA,0,0,0,0,0,0,0,0,0,0,0,0,NA,NA,0,0,0,0,0,NA,0,0,0,NA,0,0,NA,NA,NA,NA,NA,NA,NA,NA,NA,NA,NA,NA,NA,NA,NA,NA,NA,NA,NA,NA,NA,NA,NA,NA,NA,NA,NA
"98",1,1,1,NA,1,NA,1,0,NA,0,0,NA,NA,0,0,0,0,0,NA,NA,0,0,0,0,NA,0,0,0,NA,0,0,0,0,NA,0,0,0,0,0,0,0,0,0,0,0,0,NA,NA,0,0,0,0,0,NA,0,0,0,NA,0,0,NA,NA,NA,NA,NA,NA,NA,NA,NA,NA,NA,NA,NA,NA,NA,NA,NA,NA,NA,NA,NA,NA,NA,NA,NA,NA,NA
"99",1,1,1,NA,1,NA,0,0,NA,0,0,0,NA,0,0,NA,0,0,NA,NA,0,0,0,0,NA,0,0,0,NA,0,0,0,0,NA,NA,0,0,0,0,0,0,0,0,0,0,0,NA,NA,0,0,0,0,0,NA,0,0,0,NA,0,0,NA,NA,NA,NA,NA,NA,NA,NA,NA,NA,NA,NA,NA,NA,NA,NA,NA,NA,NA,NA,NA,NA,NA,NA,NA,NA,NA
"100",1,1,1,NA,1,NA,0,0,NA,0,0,0,NA,0,0,0,0,0,NA,NA,0,0,0,0,NA,0,0,0,NA,0,0,0,0,NA,NA,0,0,0,0,0,0,0,0,0,0,0,NA,NA,0,0,0,0,0,NA,0,0,0,NA,0,0,NA,NA,NA,NA,NA,NA,NA,NA,NA,NA,NA,NA,NA,NA,NA,NA,NA,NA,NA,NA,NA,NA,NA,NA,NA,NA,NA
"101",1,1,1,NA,1,NA,1,0,NA,0,0,0,NA,0,0,NA,0,0,NA,NA,0,0,0,0,NA,0,0,0,NA,0,0,0,0,NA,0,0,0,0,0,0,0,0,0,0,0,0,NA,NA,0,0,0,0,0,NA,0,0,0,NA,0,0,NA,NA,NA,NA,NA,NA,NA,NA,NA,NA,NA,NA,NA,NA,NA,NA,NA,NA,NA,NA,NA,NA,NA,NA,NA,NA,NA
"102",1,1,1,NA,1,NA,1,0,NA,0,0,0,NA,0,0,0,0,0,NA,NA,0,0,0,0,NA,0,0,0,NA,0,0,0,0,NA,0,0,0,0,0,0,0,0,0,0,0,0,NA,NA,0,0,0,0,0,NA,0,0,0,NA,0,0,NA,NA,NA,NA,NA,NA,NA,NA,NA,NA,NA,NA,NA,NA,NA,NA,NA,NA,NA,NA,NA,NA,NA,NA,NA,NA,NA
"103",0,0,1,1,1,NA,NA,1,NA,NA,0,NA,NA,0,0,NA,0,0,NA,NA,NA,0,0,0,0,0,NA,0,NA,0,0,0,0,NA,NA,0,0,0,0,0,0,0,0,NA,0,0,0,0,0,0,0,0,0,NA,0,0,0,0,0,0,NA,NA,NA,NA,NA,NA,NA,NA,NA,NA,NA,NA,NA,NA,NA,NA,NA,NA,NA,NA,NA,NA,NA,NA,NA,NA,NA
"104",0,1,1,1,1,NA,NA,1,NA,NA,0,NA,NA,0,0,0,0,0,NA,NA,NA,0,0,0,0,0,NA,0,NA,0,0,0,0,NA,NA,0,0,0,0,0,0,0,0,NA,0,0,0,0,0,0,0,0,0,NA,0,0,0,0,0,0,NA,NA,NA,NA,NA,NA,NA,NA,NA,NA,NA,NA,NA,NA,NA,NA,NA,NA,NA,NA,NA,NA,NA,NA,NA,NA,NA
"105",1,0,1,1,1,NA,NA,1,NA,NA,0,0,NA,0,0,NA,0,0,NA,NA,NA,0,0,0,0,0,NA,0,NA,0,0,0,0,NA,NA,0,0,0,0,0,0,0,0,NA,0,0,0,0,0,0,0,0,0,NA,0,0,0,0,0,0,NA,NA,NA,NA,NA,NA,NA,NA,NA,NA,NA,NA,NA,NA,NA,NA,NA,NA,NA,NA,NA,NA,NA,NA,NA,NA,NA
"106",1,1,1,1,1,NA,NA,1,NA,NA,0,0,NA,0,0,0,0,0,NA,NA,NA,0,0,0,0,0,NA,0,NA,0,0,0,0,NA,NA,0,0,0,0,0,0,0,0,NA,0,0,0,0,0,0,0,0,0,NA,0,0,0,0,0,0,NA,NA,NA,NA,NA,NA,NA,NA,NA,NA,NA,NA,NA,NA,NA,NA,NA,NA,NA,NA,NA,NA,NA,NA,NA,NA,NA
"107",0,0,0,1,0,NA,NA,0,0,NA,0,NA,NA,0,0,NA,0,0,NA,NA,NA,0,0,0,0,0,NA,0,NA,0,0,0,0,NA,NA,0,0,0,0,0,0,0,0,NA,0,0,0,0,0,0,0,0,0,0,0,0,0,0,0,0,NA,NA,NA,NA,NA,NA,NA,NA,NA,NA,NA,NA,NA,NA,NA,NA,NA,NA,NA,NA,NA,NA,NA,NA,NA,NA,NA
"108",0,1,0,1,0,NA,NA,0,0,NA,0,NA,NA,0,0,0,0,0,NA,NA,NA,0,0,0,0,0,NA,0,NA,0,0,0,0,NA,NA,0,0,0,0,0,0,0,0,NA,0,0,0,0,0,0,0,0,0,0,0,0,0,0,0,0,NA,NA,NA,NA,NA,NA,NA,NA,NA,NA,NA,NA,NA,NA,NA,NA,NA,NA,NA,NA,NA,NA,NA,NA,NA,NA,NA
"109",1,0,0,1,0,NA,NA,0,0,NA,0,0,NA,0,0,NA,0,0,NA,NA,NA,0,0,0,0,0,NA,0,NA,0,0,0,0,NA,NA,0,0,0,0,0,0,0,0,NA,0,0,0,0,0,0,0,0,0,0,0,0,0,0,0,0,NA,NA,NA,NA,NA,NA,NA,NA,NA,NA,NA,NA,NA,NA,NA,NA,NA,NA,NA,NA,NA,NA,NA,NA,NA,NA,NA
"110",1,1,0,1,0,NA,NA,0,0,NA,0,0,NA,0,0,0,0,0,NA,NA,NA,0,0,0,0,0,NA,0,NA,0,0,0,0,NA,NA,0,0,0,0,0,0,0,0,NA,0,0,0,0,0,0,0,0,0,0,0,0,0,0,0,0,NA,NA,NA,NA,NA,NA,NA,NA,NA,NA,NA,NA,NA,NA,NA,NA,NA,NA,NA,NA,NA,NA,NA,NA,NA,NA,NA
"111",0,1,1,1,1,NA,NA,1,NA,NA,0,NA,NA,0,0,NA,0,0,NA,NA,0,0,0,0,0,0,NA,0,NA,0,0,0,0,NA,NA,0,0,0,0,0,0,0,0,NA,0,0,0,0,0,0,0,0,0,NA,0,0,0,0,0,0,NA,NA,NA,NA,NA,NA,NA,NA,NA,NA,NA,NA,NA,NA,NA,NA,NA,NA,NA,NA,NA,NA,NA,NA,NA,NA,NA
"112",0,1,1,1,1,NA,NA,1,NA,NA,0,NA,NA,0,0,0,0,0,NA,NA,0,0,0,0,0,0,NA,0,NA,0,0,0,0,NA,NA,0,0,0,0,0,0,0,0,NA,0,0,0,0,0,0,0,0,0,NA,0,0,0,0,0,0,NA,NA,NA,NA,NA,NA,NA,NA,NA,NA,NA,NA,NA,NA,NA,NA,NA,NA,NA,NA,NA,NA,NA,NA,NA,NA,NA
"113",1,1,1,1,1,NA,NA,1,NA,NA,0,0,NA,0,0,NA,0,0,NA,NA,0,0,0,0,0,0,NA,0,NA,0,0,0,0,NA,NA,0,0,0,0,0,0,0,0,NA,0,0,0,0,0,0,0,0,0,NA,0,0,0,0,0,0,NA,NA,NA,NA,NA,NA,NA,NA,NA,NA,NA,NA,NA,NA,NA,NA,NA,NA,NA,NA,NA,NA,NA,NA,NA,NA,NA
"114",1,1,1,1,1,NA,NA,1,NA,NA,0,0,NA,0,0,0,0,0,NA,NA,0,0,0,0,0,0,NA,0,NA,0,0,0,0,NA,NA,0,0,0,0,0,0,0,0,NA,0,0,0,0,0,0,0,0,0,NA,0,0,0,0,0,0,NA,NA,NA,NA,NA,NA,NA,NA,NA,NA,NA,NA,NA,NA,NA,NA,NA,NA,NA,NA,NA,NA,NA,NA,NA,NA,NA
"115",0,1,0,1,0,NA,NA,0,0,NA,0,NA,NA,0,0,NA,0,0,NA,NA,0,0,0,0,0,0,NA,0,NA,0,0,0,0,NA,NA,0,0,0,0,0,0,0,0,NA,0,0,0,0,0,0,0,0,0,0,0,0,0,0,0,0,NA,NA,NA,NA,NA,NA,NA,NA,NA,NA,NA,NA,NA,NA,NA,NA,NA,NA,NA,NA,NA,NA,NA,NA,NA,NA,NA
"116",0,1,0,1,0,NA,NA,0,0,NA,0,NA,NA,0,0,0,0,0,NA,NA,0,0,0,0,0,0,NA,0,NA,0,0,0,0,NA,NA,0,0,0,0,0,0,0,0,NA,0,0,0,0,0,0,0,0,0,0,0,0,0,0,0,0,NA,NA,NA,NA,NA,NA,NA,NA,NA,NA,NA,NA,NA,NA,NA,NA,NA,NA,NA,NA,NA,NA,NA,NA,NA,NA,NA
"117",1,1,0,1,0,NA,NA,0,0,NA,0,0,NA,0,0,NA,0,0,NA,NA,0,0,0,0,0,0,NA,0,NA,0,0,0,0,NA,NA,0,0,0,0,0,0,0,0,NA,0,0,0,0,0,0,0,0,0,0,0,0,0,0,0,0,NA,NA,NA,NA,NA,NA,NA,NA,NA,NA,NA,NA,NA,NA,NA,NA,NA,NA,NA,NA,NA,NA,NA,NA,NA,NA,NA
"118",1,1,0,1,0,NA,NA,0,0,NA,0,0,NA,0,0,0,0,0,NA,NA,0,0,0,0,0,0,NA,0,NA,0,0,0,0,NA,NA,0,0,0,0,0,0,0,0,NA,0,0,0,0,0,0,0,0,0,0,0,0,0,0,0,0,NA,NA,NA,NA,NA,NA,NA,NA,NA,NA,NA,NA,NA,NA,NA,NA,NA,NA,NA,NA,NA,NA,NA,NA,NA,NA,NA
"119",0,0,1,1,1,NA,0,1,NA,NA,0,NA,NA,0,0,NA,0,0,NA,NA,NA,0,0,0,0,0,NA,0,NA,0,0,0,0,NA,NA,0,0,0,0,0,0,0,0,NA,0,0,0,0,0,0,0,0,0,NA,0,0,0,0,0,0,NA,NA,NA,NA,NA,NA,NA,NA,NA,NA,NA,NA,NA,NA,NA,NA,NA,NA,NA,NA,NA,NA,NA,NA,NA,NA,NA
"120",0,1,1,1,1,NA,1,1,NA,NA,0,NA,NA,0,0,NA,0,0,NA,NA,NA,0,0,0,0,0,NA,0,NA,0,0,0,0,NA,0,0,0,0,0,0,0,0,0,NA,0,0,0,0,0,0,0,0,0,NA,0,0,0,0,0,0,NA,NA,NA,NA,NA,NA,NA,NA,NA,NA,NA,NA,NA,NA,NA,NA,NA,NA,NA,NA,NA,NA,NA,NA,NA,NA,NA
"121",0,1,1,1,1,NA,0,1,NA,NA,0,NA,NA,0,0,0,0,0,NA,NA,NA,0,0,0,0,0,NA,0,NA,0,0,0,0,NA,NA,0,0,0,0,0,0,0,0,NA,0,0,0,0,0,0,0,0,0,NA,0,0,0,0,0,0,NA,NA,NA,NA,NA,NA,NA,NA,NA,NA,NA,NA,NA,NA,NA,NA,NA,NA,NA,NA,NA,NA,NA,NA,NA,NA,NA
"122",0,1,1,1,1,NA,1,1,NA,NA,0,NA,NA,0,0,0,0,0,NA,NA,NA,0,0,0,0,0,NA,0,NA,0,0,0,0,NA,0,0,0,0,0,0,0,0,0,NA,0,0,0,0,0,0,0,0,0,NA,0,0,0,0,0,0,NA,NA,NA,NA,NA,NA,NA,NA,NA,NA,NA,NA,NA,NA,NA,NA,NA,NA,NA,NA,NA,NA,NA,NA,NA,NA,NA
"123",1,0,1,1,1,NA,0,1,NA,NA,0,0,NA,0,0,NA,0,0,NA,NA,NA,0,0,0,0,0,NA,0,NA,0,0,0,0,NA,NA,0,0,0,0,0,0,0,0,NA,0,0,0,0,0,0,0,0,0,NA,0,0,0,0,0,0,NA,NA,NA,NA,NA,NA,NA,NA,NA,NA,NA,NA,NA,NA,NA,NA,NA,NA,NA,NA,NA,NA,NA,NA,NA,NA,NA
"124",1,1,1,1,1,NA,0,1,NA,NA,0,0,NA,0,0,0,0,0,NA,NA,NA,0,0,0,0,0,NA,0,NA,0,0,0,0,NA,NA,0,0,0,0,0,0,0,0,NA,0,0,0,0,0,0,0,0,0,NA,0,0,0,0,0,0,NA,NA,NA,NA,NA,NA,NA,NA,NA,NA,NA,NA,NA,NA,NA,NA,NA,NA,NA,NA,NA,NA,NA,NA,NA,NA,NA
"125",1,1,1,1,1,NA,1,1,NA,NA,0,0,NA,0,0,NA,0,0,NA,NA,NA,0,0,0,0,0,NA,0,NA,0,0,0,0,NA,0,0,0,0,0,0,0,0,0,NA,0,0,0,0,0,0,0,0,0,NA,0,0,0,0,0,0,NA,NA,NA,NA,NA,NA,NA,NA,NA,NA,NA,NA,NA,NA,NA,NA,NA,NA,NA,NA,NA,NA,NA,NA,NA,NA,NA
"126",1,1,1,1,1,NA,1,1,NA,NA,0,0,NA,0,0,0,0,0,NA,NA,NA,0,0,0,0,0,NA,0,NA,0,0,0,0,NA,0,0,0,0,0,0,0,0,0,NA,0,0,0,0,0,0,0,0,0,NA,0,0,0,0,0,0,NA,NA,NA,NA,NA,NA,NA,NA,NA,NA,NA,NA,NA,NA,NA,NA,NA,NA,NA,NA,NA,NA,NA,NA,NA,NA,NA
"127",0,0,0,1,0,NA,0,0,0,NA,0,NA,NA,0,0,NA,0,0,NA,NA,NA,0,0,0,0,0,NA,0,NA,0,0,0,0,NA,NA,0,0,0,0,0,0,0,0,NA,0,0,0,0,0,0,0,0,0,0,0,0,0,0,0,0,NA,NA,NA,NA,NA,NA,NA,NA,NA,NA,NA,NA,NA,NA,NA,NA,NA,NA,NA,NA,NA,NA,NA,NA,NA,NA,NA
"128",0,1,0,1,0,NA,0,0,0,NA,0,NA,NA,0,0,0,0,0,NA,NA,NA,0,0,0,0,0,NA,0,NA,0,0,0,0,NA,NA,0,0,0,0,0,0,0,0,NA,0,0,0,0,0,0,0,0,0,0,0,0,0,0,0,0,NA,NA,NA,NA,NA,NA,NA,NA,NA,NA,NA,NA,NA,NA,NA,NA,NA,NA,NA,NA,NA,NA,NA,NA,NA,NA,NA
"129",0,1,0,1,0,NA,1,0,0,NA,0,NA,NA,0,0,NA,0,0,NA,NA,NA,0,0,0,0,0,NA,0,NA,0,0,0,0,NA,0,0,0,0,0,0,0,0,0,NA,0,0,0,0,0,0,0,0,0,0,0,0,0,0,0,0,NA,NA,NA,NA,NA,NA,NA,NA,NA,NA,NA,NA,NA,NA,NA,NA,NA,NA,NA,NA,NA,NA,NA,NA,NA,NA,NA
"130",0,1,0,1,0,NA,1,0,0,NA,0,NA,NA,0,0,0,0,0,NA,NA,NA,0,0,0,0,0,NA,0,NA,0,0,0,0,NA,0,0,0,0,0,0,0,0,0,NA,0,0,0,0,0,0,0,0,0,0,0,0,0,0,0,0,NA,NA,NA,NA,NA,NA,NA,NA,NA,NA,NA,NA,NA,NA,NA,NA,NA,NA,NA,NA,NA,NA,NA,NA,NA,NA,NA
"131",1,0,0,1,0,NA,0,0,0,NA,0,0,NA,0,0,NA,0,0,NA,NA,NA,0,0,0,0,0,NA,0,NA,0,0,0,0,NA,NA,0,0,0,0,0,0,0,0,NA,0,0,0,0,0,0,0,0,0,0,0,0,0,0,0,0,NA,NA,NA,NA,NA,NA,NA,NA,NA,NA,NA,NA,NA,NA,NA,NA,NA,NA,NA,NA,NA,NA,NA,NA,NA,NA,NA
"132",1,1,0,1,0,NA,0,0,0,NA,0,0,NA,0,0,0,0,0,NA,NA,NA,0,0,0,0,0,NA,0,NA,0,0,0,0,NA,NA,0,0,0,0,0,0,0,0,NA,0,0,0,0,0,0,0,0,0,0,0,0,0,0,0,0,NA,NA,NA,NA,NA,NA,NA,NA,NA,NA,NA,NA,NA,NA,NA,NA,NA,NA,NA,NA,NA,NA,NA,NA,NA,NA,NA
"133",1,1,0,1,0,NA,1,0,0,NA,0,0,NA,0,0,NA,0,0,NA,NA,NA,0,0,0,0,0,NA,0,NA,0,0,0,0,NA,0,0,0,0,0,0,0,0,0,NA,0,0,0,0,0,0,0,0,0,0,0,0,0,0,0,0,NA,NA,NA,NA,NA,NA,NA,NA,NA,NA,NA,NA,NA,NA,NA,NA,NA,NA,NA,NA,NA,NA,NA,NA,NA,NA,NA
"134",1,1,0,1,0,NA,1,0,0,NA,0,0,NA,0,0,0,0,0,NA,NA,NA,0,0,0,0,0,NA,0,NA,0,0,0,0,NA,0,0,0,0,0,0,0,0,0,NA,0,0,0,0,0,0,0,0,0,0,0,0,0,0,0,0,NA,NA,NA,NA,NA,NA,NA,NA,NA,NA,NA,NA,NA,NA,NA,NA,NA,NA,NA,NA,NA,NA,NA,NA,NA,NA,NA
"135",0,1,1,1,1,NA,0,1,NA,NA,0,NA,NA,0,0,NA,0,0,NA,NA,0,0,0,0,0,0,NA,0,NA,0,0,0,0,NA,NA,0,0,0,0,0,0,0,0,NA,0,0,0,0,0,0,0,0,0,NA,0,0,0,0,0,0,NA,NA,NA,NA,NA,NA,NA,NA,NA,NA,NA,NA,NA,NA,NA,NA,NA,NA,NA,NA,NA,NA,NA,NA,NA,NA,NA
"136",0,1,1,1,1,NA,1,1,NA,NA,0,NA,NA,0,0,NA,0,0,NA,NA,0,0,0,0,0,0,NA,0,NA,0,0,0,0,NA,0,0,0,0,0,0,0,0,0,NA,0,0,0,0,0,0,0,0,0,NA,0,0,0,0,0,0,NA,NA,NA,NA,NA,NA,NA,NA,NA,NA,NA,NA,NA,NA,NA,NA,NA,NA,NA,NA,NA,NA,NA,NA,NA,NA,NA
"137",0,1,1,1,1,NA,0,1,NA,NA,0,NA,NA,0,0,0,0,0,NA,NA,0,0,0,0,0,0,NA,0,NA,0,0,0,0,NA,NA,0,0,0,0,0,0,0,0,NA,0,0,0,0,0,0,0,0,0,NA,0,0,0,0,0,0,NA,NA,NA,NA,NA,NA,NA,NA,NA,NA,NA,NA,NA,NA,NA,NA,NA,NA,NA,NA,NA,NA,NA,NA,NA,NA,NA
"138",0,1,1,1,1,NA,1,1,NA,NA,0,NA,NA,0,0,0,0,0,NA,NA,0,0,0,0,0,0,NA,0,NA,0,0,0,0,NA,0,0,0,0,0,0,0,0,0,NA,0,0,0,0,0,0,0,0,0,NA,0,0,0,0,0,0,NA,NA,NA,NA,NA,NA,NA,NA,NA,NA,NA,NA,NA,NA,NA,NA,NA,NA,NA,NA,NA,NA,NA,NA,NA,NA,NA
"139",1,1,1,1,1,NA,0,1,NA,NA,0,0,NA,0,0,NA,0,0,NA,NA,0,0,0,0,0,0,NA,0,NA,0,0,0,0,NA,NA,0,0,0,0,0,0,0,0,NA,0,0,0,0,0,0,0,0,0,NA,0,0,0,0,0,0,NA,NA,NA,NA,NA,NA,NA,NA,NA,NA,NA,NA,NA,NA,NA,NA,NA,NA,NA,NA,NA,NA,NA,NA,NA,NA,NA
"140",1,1,1,1,1,NA,0,1,NA,NA,0,0,NA,0,0,0,0,0,NA,NA,0,0,0,0,0,0,NA,0,NA,0,0,0,0,NA,NA,0,0,0,0,0,0,0,0,NA,0,0,0,0,0,0,0,0,0,NA,0,0,0,0,0,0,NA,NA,NA,NA,NA,NA,NA,NA,NA,NA,NA,NA,NA,NA,NA,NA,NA,NA,NA,NA,NA,NA,NA,NA,NA,NA,NA
"141",1,1,1,1,1,NA,1,1,NA,NA,0,0,NA,0,0,NA,0,0,NA,NA,0,0,0,0,0,0,NA,0,NA,0,0,0,0,NA,0,0,0,0,0,0,0,0,0,NA,0,0,0,0,0,0,0,0,0,NA,0,0,0,0,0,0,NA,NA,NA,NA,NA,NA,NA,NA,NA,NA,NA,NA,NA,NA,NA,NA,NA,NA,NA,NA,NA,NA,NA,NA,NA,NA,NA
"142",1,1,1,1,1,NA,1,1,NA,NA,0,0,NA,0,0,0,0,0,NA,NA,0,0,0,0,0,0,NA,0,NA,0,0,0,0,NA,0,0,0,0,0,0,0,0,0,NA,0,0,0,0,0,0,0,0,0,NA,0,0,0,0,0,0,NA,NA,NA,NA,NA,NA,NA,NA,NA,NA,NA,NA,NA,NA,NA,NA,NA,NA,NA,NA,NA,NA,NA,NA,NA,NA,NA
"143",0,1,0,1,0,NA,0,0,0,NA,0,NA,NA,0,0,NA,0,0,NA,NA,0,0,0,0,0,0,NA,0,NA,0,0,0,0,NA,NA,0,0,0,0,0,0,0,0,NA,0,0,0,0,0,0,0,0,0,0,0,0,0,0,0,0,NA,NA,NA,NA,NA,NA,NA,NA,NA,NA,NA,NA,NA,NA,NA,NA,NA,NA,NA,NA,NA,NA,NA,NA,NA,NA,NA
"144",0,1,0,1,0,NA,0,0,0,NA,0,NA,NA,0,0,0,0,0,NA,NA,0,0,0,0,0,0,NA,0,NA,0,0,0,0,NA,NA,0,0,0,0,0,0,0,0,NA,0,0,0,0,0,0,0,0,0,0,0,0,0,0,0,0,NA,NA,NA,NA,NA,NA,NA,NA,NA,NA,NA,NA,NA,NA,NA,NA,NA,NA,NA,NA,NA,NA,NA,NA,NA,NA,NA
"145",0,1,0,1,0,NA,1,0,0,NA,0,NA,NA,0,0,NA,0,0,NA,NA,0,0,0,0,0,0,NA,0,NA,0,0,0,0,NA,0,0,0,0,0,0,0,0,0,NA,0,0,0,0,0,0,0,0,0,0,0,0,0,0,0,0,NA,NA,NA,NA,NA,NA,NA,NA,NA,NA,NA,NA,NA,NA,NA,NA,NA,NA,NA,NA,NA,NA,NA,NA,NA,NA,NA
"146",0,1,0,1,0,NA,1,0,0,NA,0,NA,NA,0,0,0,0,0,NA,NA,0,0,0,0,0,0,NA,0,NA,0,0,0,0,NA,0,0,0,0,0,0,0,0,0,NA,0,0,0,0,0,0,0,0,0,0,0,0,0,0,0,0,NA,NA,NA,NA,NA,NA,NA,NA,NA,NA,NA,NA,NA,NA,NA,NA,NA,NA,NA,NA,NA,NA,NA,NA,NA,NA,NA
"147",1,1,0,1,0,NA,0,0,0,NA,0,0,NA,0,0,NA,0,0,NA,NA,0,0,0,0,0,0,NA,0,NA,0,0,0,0,NA,NA,0,0,0,0,0,0,0,0,NA,0,0,0,0,0,0,0,0,0,0,0,0,0,0,0,0,NA,NA,NA,NA,NA,NA,NA,NA,NA,NA,NA,NA,NA,NA,NA,NA,NA,NA,NA,NA,NA,NA,NA,NA,NA,NA,NA
"148",1,1,0,1,0,NA,0,0,0,NA,0,0,NA,0,0,0,0,0,NA,NA,0,0,0,0,0,0,NA,0,NA,0,0,0,0,NA,NA,0,0,0,0,0,0,0,0,NA,0,0,0,0,0,0,0,0,0,0,0,0,0,0,0,0,NA,NA,NA,NA,NA,NA,NA,NA,NA,NA,NA,NA,NA,NA,NA,NA,NA,NA,NA,NA,NA,NA,NA,NA,NA,NA,NA
"149",1,1,0,1,0,NA,1,0,0,NA,0,0,NA,0,0,NA,0,0,NA,NA,0,0,0,0,0,0,NA,0,NA,0,0,0,0,NA,0,0,0,0,0,0,0,0,0,NA,0,0,0,0,0,0,0,0,0,0,0,0,0,0,0,0,NA,NA,NA,NA,NA,NA,NA,NA,NA,NA,NA,NA,NA,NA,NA,NA,NA,NA,NA,NA,NA,NA,NA,NA,NA,NA,NA
"150",1,1,0,1,0,NA,1,0,0,NA,0,0,NA,0,0,0,0,0,NA,NA,0,0,0,0,0,0,NA,0,NA,0,0,0,0,NA,0,0,0,0,0,0,0,0,0,NA,0,0,0,0,0,0,0,0,0,0,0,0,0,0,0,0,NA,NA,NA,NA,NA,NA,NA,NA,NA,NA,NA,NA,NA,NA,NA,NA,NA,NA,NA,NA,NA,NA,NA,NA,NA,NA,NA
"151",1,NA,1,NA,1,NA,NA,0,NA,NA,0,NA,NA,NA,0,NA,0,0,0,NA,NA,NA,NA,0,0,0,NA,NA,0,0,0,NA,0,0,NA,NA,NA,0,NA,0,0,0,0,0,0,NA,0,0,0,0,0,NA,NA,NA,0,0,0,0,NA,0,NA,NA,NA,NA,NA,NA,NA,NA,NA,NA,NA,NA,NA,NA,NA,NA,NA,NA,NA,NA,NA,NA,NA,NA,NA,NA,NA
"152",1,NA,1,NA,1,NA,NA,0,NA,0,0,NA,NA,NA,0,NA,NA,0,0,NA,NA,NA,NA,0,NA,0,0,0,0,0,0,NA,0,0,NA,NA,NA,0,NA,0,0,0,0,0,0,0,0,NA,0,0,0,NA,NA,NA,0,0,0,0,NA,0,NA,NA,NA,NA,NA,NA,NA,NA,NA,NA,NA,NA,NA,NA,NA,NA,NA,NA,NA,NA,NA,NA,NA,NA,NA,NA,NA
"153",1,NA,1,NA,1,NA,NA,0,NA,NA,NA,0,NA,NA,0,NA,NA,0,0,NA,NA,NA,NA,0,0,0,NA,NA,0,0,0,NA,0,0,NA,NA,NA,0,NA,0,0,0,0,0,0,NA,0,0,0,0,0,NA,NA,NA,0,0,0,0,NA,0,NA,NA,NA,NA,NA,NA,NA,NA,NA,NA,NA,NA,NA,NA,NA,NA,NA,NA,NA,NA,NA,NA,NA,NA,NA,NA,NA
"154",1,NA,1,NA,1,NA,NA,0,NA,0,NA,NA,NA,NA,0,NA,0,0,0,NA,NA,NA,NA,0,NA,0,0,0,0,0,0,NA,0,0,NA,NA,NA,0,NA,0,0,0,0,0,0,0,0,NA,0,0,0,NA,NA,NA,0,0,0,0,NA,0,NA,NA,NA,NA,NA,NA,NA,NA,NA,NA,NA,NA,NA,NA,NA,NA,NA,NA,NA,NA,NA,NA,NA,NA,NA,NA,NA
"155",1,NA,1,NA,1,NA,NA,0,NA,NA,0,NA,NA,NA,0,NA,NA,0,0,NA,NA,NA,NA,0,0,0,NA,NA,0,0,0,NA,0,0,NA,NA,NA,0,NA,0,0,0,0,0,0,0,0,0,0,0,0,NA,NA,NA,0,0,0,0,NA,0,NA,NA,NA,NA,NA,NA,NA,NA,NA,NA,NA,NA,NA,NA,NA,NA,NA,NA,NA,NA,NA,NA,NA,NA,NA,NA,NA
"156",1,NA,1,NA,1,NA,NA,0,NA,0,0,NA,NA,NA,0,NA,0,0,0,NA,NA,NA,NA,0,NA,0,0,0,0,0,0,NA,0,0,NA,NA,NA,0,NA,0,0,0,0,0,0,0,0,NA,0,0,0,NA,NA,NA,0,0,0,0,NA,0,NA,NA,NA,NA,NA,NA,NA,NA,NA,NA,NA,NA,NA,NA,NA,NA,NA,NA,NA,NA,NA,NA,NA,NA,NA,NA,NA
"157",1,NA,1,NA,1,NA,NA,0,NA,NA,NA,NA,NA,NA,0,NA,0,0,0,NA,NA,NA,NA,0,0,0,NA,NA,0,0,0,NA,0,0,NA,NA,NA,0,NA,0,0,0,0,0,0,0,0,0,0,0,0,NA,NA,NA,0,0,0,0,NA,0,NA,NA,NA,NA,NA,NA,NA,NA,NA,NA,NA,NA,NA,NA,NA,NA,NA,NA,NA,NA,NA,NA,NA,NA,NA,NA,NA
"158",1,NA,1,NA,1,NA,NA,0,NA,0,NA,0,NA,NA,0,NA,NA,0,0,NA,NA,NA,NA,0,NA,0,0,0,0,0,0,NA,0,0,NA,NA,NA,0,NA,0,0,0,0,0,0,0,0,NA,0,0,0,NA,NA,NA,0,0,0,0,NA,0,NA,NA,NA,NA,NA,NA,NA,NA,NA,NA,NA,NA,NA,NA,NA,NA,NA,NA,NA,NA,NA,NA,NA,NA,NA,NA,NA
"159",1,NA,1,NA,1,NA,NA,0,NA,NA,0,NA,NA,NA,0,NA,0,0,0,NA,NA,NA,NA,0,0,0,NA,NA,0,0,0,NA,0,0,NA,NA,NA,0,NA,0,0,0,0,0,0,0,0,0,0,0,0,NA,NA,NA,0,0,0,0,NA,0,NA,NA,NA,NA,NA,NA,NA,NA,NA,NA,NA,NA,NA,NA,NA,NA,NA,NA,NA,NA,NA,NA,NA,NA,NA,NA,NA
"160",1,NA,1,NA,1,NA,NA,0,NA,0,0,0,NA,NA,0,NA,NA,0,0,NA,NA,NA,NA,0,NA,0,0,0,0,0,0,NA,0,0,NA,NA,NA,0,NA,0,0,0,0,0,0,0,0,NA,0,0,0,NA,NA,NA,0,0,0,0,NA,0,NA,NA,NA,NA,NA,NA,NA,NA,NA,NA,NA,NA,NA,NA,NA,NA,NA,NA,NA,NA,NA,NA,NA,NA,NA,NA,NA
"161",1,NA,1,NA,1,NA,NA,0,NA,NA,0,0,NA,NA,0,NA,NA,0,0,NA,NA,NA,NA,0,0,0,NA,NA,0,0,0,NA,0,0,NA,NA,NA,0,NA,0,0,0,0,0,0,NA,0,0,0,0,0,NA,NA,NA,0,0,0,0,NA,0,NA,NA,NA,NA,NA,NA,NA,NA,NA,NA,NA,NA,NA,NA,NA,NA,NA,NA,NA,NA,NA,NA,NA,NA,NA,NA,NA
"162",1,NA,1,NA,1,NA,NA,0,NA,0,NA,0,NA,NA,0,NA,0,0,0,NA,NA,NA,NA,0,NA,0,0,0,0,0,0,NA,0,0,NA,NA,NA,0,NA,0,0,0,0,0,0,0,0,NA,0,0,0,NA,NA,NA,0,0,0,0,NA,0,NA,NA,NA,NA,NA,NA,NA,NA,NA,NA,NA,NA,NA,NA,NA,NA,NA,NA,NA,NA,NA,NA,NA,NA,NA,NA,NA
"163",1,NA,1,NA,1,NA,NA,0,NA,NA,NA,0,NA,NA,0,NA,0,0,0,NA,NA,NA,NA,0,0,0,NA,NA,0,0,0,NA,0,0,NA,NA,NA,0,NA,0,0,0,0,0,0,NA,0,0,0,0,0,NA,NA,NA,0,0,0,0,NA,0,NA,NA,NA,NA,NA,NA,NA,NA,NA,NA,NA,NA,NA,NA,NA,NA,NA,NA,NA,NA,NA,NA,NA,NA,NA,NA,NA
"164",1,NA,1,NA,1,NA,NA,0,NA,0,0,0,NA,NA,0,NA,0,0,0,NA,NA,NA,NA,0,NA,0,0,0,0,0,0,NA,0,0,NA,NA,NA,0,NA,0,0,0,0,0,0,0,0,NA,0,0,0,NA,NA,NA,0,0,0,0,NA,0,NA,NA,NA,NA,NA,NA,NA,NA,NA,NA,NA,NA,NA,NA,NA,NA,NA,NA,NA,NA,NA,NA,NA,NA,NA,NA,NA
"165",1,NA,1,NA,1,NA,NA,0,NA,NA,0,0,NA,NA,0,NA,0,0,0,NA,NA,NA,NA,0,0,0,NA,NA,0,0,0,NA,0,0,NA,NA,NA,0,NA,0,0,0,0,0,0,NA,0,0,0,0,0,NA,NA,NA,0,0,0,0,NA,0,NA,NA,NA,NA,NA,NA,NA,NA,NA,NA,NA,NA,NA,NA,NA,NA,NA,NA,NA,NA,NA,NA,NA,NA,NA,NA,NA
"166",1,NA,0,NA,0,NA,NA,0,0,0,0,NA,NA,NA,0,NA,0,0,0,NA,NA,NA,NA,0,NA,0,0,0,0,0,NA,NA,0,0,NA,NA,NA,0,NA,0,0,0,0,0,0,NA,0,NA,0,0,0,NA,NA,0,0,0,0,0,NA,0,NA,NA,NA,NA,NA,NA,NA,NA,NA,NA,NA,NA,NA,NA,NA,NA,NA,NA,NA,NA,NA,NA,NA,NA,NA,NA,NA
"167",1,NA,1,NA,1,NA,NA,0,NA,NA,NA,0,NA,NA,0,NA,NA,0,0,NA,NA,NA,NA,0,0,0,NA,NA,0,0,0,NA,0,0,NA,NA,NA,0,NA,0,0,0,0,0,0,0,0,0,0,0,0,NA,NA,NA,0,0,0,0,NA,0,NA,NA,NA,NA,NA,NA,NA,NA,NA,NA,NA,NA,NA,NA,NA,NA,NA,NA,NA,NA,NA,NA,NA,NA,NA,NA,NA
"168",1,NA,0,NA,0,NA,NA,0,0,0,NA,NA,NA,NA,0,NA,NA,0,0,NA,NA,NA,NA,0,NA,0,0,0,0,0,NA,NA,0,0,NA,NA,NA,0,NA,0,0,0,0,0,0,0,0,NA,0,0,0,NA,NA,0,0,0,0,0,NA,0,NA,NA,NA,NA,NA,NA,NA,NA,NA,NA,NA,NA,NA,NA,NA,NA,NA,NA,NA,NA,NA,NA,NA,NA,NA,NA,NA
"169",1,NA,1,NA,1,NA,NA,0,NA,NA,0,0,NA,NA,0,NA,NA,0,0,NA,NA,NA,NA,0,0,0,NA,NA,0,0,0,NA,0,0,NA,NA,NA,0,NA,0,0,0,0,0,0,0,0,0,0,0,0,NA,NA,NA,0,0,0,0,NA,0,NA,NA,NA,NA,NA,NA,NA,NA,NA,NA,NA,NA,NA,NA,NA,NA,NA,NA,NA,NA,NA,NA,NA,NA,NA,NA,NA
"170",1,NA,0,NA,0,NA,NA,0,0,0,0,NA,NA,NA,0,NA,NA,0,0,NA,NA,NA,NA,0,NA,0,0,0,0,0,NA,NA,0,0,NA,NA,NA,0,NA,0,0,0,0,0,0,0,0,NA,0,0,0,NA,NA,0,0,0,0,0,NA,0,NA,NA,NA,NA,NA,NA,NA,NA,NA,NA,NA,NA,NA,NA,NA,NA,NA,NA,NA,NA,NA,NA,NA,NA,NA,NA,NA
"171",1,NA,1,NA,1,NA,NA,0,NA,NA,NA,0,NA,NA,0,NA,0,0,0,NA,NA,NA,NA,0,0,0,NA,NA,0,0,0,NA,0,0,NA,NA,NA,0,NA,0,0,0,0,0,0,0,0,0,0,0,0,NA,NA,NA,0,0,0,0,NA,0,NA,NA,NA,NA,NA,NA,NA,NA,NA,NA,NA,NA,NA,NA,NA,NA,NA,NA,NA,NA,NA,NA,NA,NA,NA,NA,NA
"172",1,NA,0,NA,0,NA,NA,0,0,0,NA,NA,NA,NA,0,NA,0,0,0,NA,NA,NA,NA,0,NA,0,0,0,0,0,NA,NA,0,0,NA,NA,NA,0,NA,0,0,0,0,0,0,0,0,NA,0,0,0,NA,NA,0,0,0,0,0,NA,0,NA,NA,NA,NA,NA,NA,NA,NA,NA,NA,NA,NA,NA,NA,NA,NA,NA,NA,NA,NA,NA,NA,NA,NA,NA,NA,NA
"173",1,NA,1,NA,1,NA,NA,0,NA,NA,0,0,NA,NA,0,NA,0,0,0,NA,NA,NA,NA,0,0,0,NA,NA,0,0,0,NA,0,0,NA,NA,NA,0,NA,0,0,0,0,0,0,0,0,0,0,0,0,NA,NA,NA,0,0,0,0,NA,0,NA,NA,NA,NA,NA,NA,NA,NA,NA,NA,NA,NA,NA,NA,NA,NA,NA,NA,NA,NA,NA,NA,NA,NA,NA,NA,NA
"174",1,NA,0,NA,0,NA,NA,0,0,0,0,NA,NA,NA,0,NA,0,0,0,NA,NA,NA,NA,0,NA,0,0,0,0,0,NA,NA,0,0,NA,NA,NA,0,NA,0,0,0,0,0,0,0,0,NA,0,0,0,NA,NA,0,0,0,0,0,NA,0,NA,NA,NA,NA,NA,NA,NA,NA,NA,NA,NA,NA,NA,NA,NA,NA,NA,NA,NA,NA,NA,NA,NA,NA,NA,NA,NA
"175",1,NA,0,NA,0,NA,NA,0,0,0,NA,0,NA,NA,0,NA,NA,0,0,NA,NA,NA,NA,0,NA,0,0,0,0,0,NA,NA,0,0,NA,NA,NA,0,NA,0,0,0,0,0,0,NA,0,NA,0,0,0,NA,NA,0,0,0,0,0,NA,0,NA,NA,NA,NA,NA,NA,NA,NA,NA,NA,NA,NA,NA,NA,NA,NA,NA,NA,NA,NA,NA,NA,NA,NA,NA,NA,NA
"176",1,NA,0,NA,0,NA,NA,0,0,0,0,0,NA,NA,0,NA,NA,0,0,NA,NA,NA,NA,0,NA,0,0,0,0,0,NA,NA,0,0,NA,NA,NA,0,NA,0,0,0,0,0,0,NA,0,NA,0,0,0,NA,NA,0,0,0,0,0,NA,0,NA,NA,NA,NA,NA,NA,NA,NA,NA,NA,NA,NA,NA,NA,NA,NA,NA,NA,NA,NA,NA,NA,NA,NA,NA,NA,NA
"177",1,NA,0,NA,0,NA,NA,0,0,0,NA,0,NA,NA,0,NA,0,0,0,NA,NA,NA,NA,0,NA,0,0,0,0,0,NA,NA,0,0,NA,NA,NA,0,NA,0,0,0,0,0,0,NA,0,NA,0,0,0,NA,NA,0,0,0,0,0,NA,0,NA,NA,NA,NA,NA,NA,NA,NA,NA,NA,NA,NA,NA,NA,NA,NA,NA,NA,NA,NA,NA,NA,NA,NA,NA,NA,NA
"178",1,NA,0,NA,0,NA,NA,0,0,0,0,0,NA,NA,0,NA,0,0,0,NA,NA,NA,NA,0,NA,0,0,0,0,0,NA,NA,0,0,NA,NA,NA,0,NA,0,0,0,0,0,0,NA,0,NA,0,0,0,NA,NA,0,0,0,0,0,NA,0,NA,NA,NA,NA,NA,NA,NA,NA,NA,NA,NA,NA,NA,NA,NA,NA,NA,NA,NA,NA,NA,NA,NA,NA,NA,NA,NA
"179",1,NA,0,NA,0,NA,NA,0,0,0,NA,0,NA,NA,0,NA,NA,0,0,NA,NA,NA,NA,0,NA,0,0,0,0,0,NA,NA,0,0,NA,NA,NA,0,NA,0,0,0,0,0,0,0,0,NA,0,0,0,NA,NA,0,0,0,0,0,NA,0,NA,NA,NA,NA,NA,NA,NA,NA,NA,NA,NA,NA,NA,NA,NA,NA,NA,NA,NA,NA,NA,NA,NA,NA,NA,NA,NA
"180",1,NA,0,NA,0,NA,NA,0,0,0,0,0,NA,NA,0,NA,NA,0,0,NA,NA,NA,NA,0,NA,0,0,0,0,0,NA,NA,0,0,NA,NA,NA,0,NA,0,0,0,0,0,0,0,0,NA,0,0,0,NA,NA,0,0,0,0,0,NA,0,NA,NA,NA,NA,NA,NA,NA,NA,NA,NA,NA,NA,NA,NA,NA,NA,NA,NA,NA,NA,NA,NA,NA,NA,NA,NA,NA
"181",1,NA,0,NA,0,NA,NA,0,0,0,NA,0,NA,NA,0,NA,0,0,0,NA,NA,NA,NA,0,NA,0,0,0,0,0,NA,NA,0,0,NA,NA,NA,0,NA,0,0,0,0,0,0,0,0,NA,0,0,0,NA,NA,0,0,0,0,0,NA,0,NA,NA,NA,NA,NA,NA,NA,NA,NA,NA,NA,NA,NA,NA,NA,NA,NA,NA,NA,NA,NA,NA,NA,NA,NA,NA,NA
"182",1,NA,0,NA,0,NA,NA,0,0,0,0,0,NA,NA,0,NA,0,0,0,NA,NA,NA,NA,0,NA,0,0,0,0,0,NA,NA,0,0,NA,NA,NA,0,NA,0,0,0,0,0,0,0,0,NA,0,0,0,NA,NA,0,0,0,0,0,NA,0,NA,NA,NA,NA,NA,NA,NA,NA,NA,NA,NA,NA,NA,NA,NA,NA,NA,NA,NA,NA,NA,NA,NA,NA,NA,NA,NA
"183",1,NA,1,NA,1,NA,NA,0,NA,NA,NA,NA,NA,NA,0,NA,NA,0,0,NA,NA,0,NA,0,0,0,NA,NA,0,0,0,NA,0,0,NA,NA,NA,0,NA,0,0,0,0,0,0,NA,0,0,0,0,0,NA,NA,NA,0,0,0,0,NA,0,NA,NA,NA,NA,NA,NA,NA,NA,NA,NA,NA,NA,NA,NA,NA,NA,NA,NA,NA,NA,NA,NA,NA,NA,NA,NA,NA
"184",1,NA,1,NA,1,NA,NA,0,NA,0,NA,0,NA,NA,0,NA,NA,0,0,NA,NA,0,NA,0,NA,0,0,0,0,0,0,NA,0,0,NA,NA,NA,0,NA,0,0,0,0,0,0,NA,0,NA,0,0,0,NA,NA,NA,0,0,0,0,NA,0,NA,NA,NA,NA,NA,NA,NA,NA,NA,NA,NA,NA,NA,NA,NA,NA,NA,NA,NA,NA,NA,NA,NA,NA,NA,NA,NA
"185",1,NA,1,NA,1,NA,NA,0,NA,0,0,0,NA,NA,0,NA,NA,0,0,NA,NA,0,NA,0,NA,0,0,0,0,0,0,NA,0,0,NA,NA,NA,0,NA,0,0,0,0,0,0,NA,0,NA,0,0,0,NA,NA,NA,0,0,0,0,NA,0,NA,NA,NA,NA,NA,NA,NA,NA,NA,NA,NA,NA,NA,NA,NA,NA,NA,NA,NA,NA,NA,NA,NA,NA,NA,NA,NA
"186",1,NA,1,NA,1,NA,NA,0,NA,0,NA,0,NA,NA,0,NA,0,0,0,NA,NA,0,NA,0,NA,0,0,0,0,0,0,NA,0,0,NA,NA,NA,0,NA,0,0,0,0,0,0,NA,0,NA,0,0,0,NA,NA,NA,0,0,0,0,NA,0,NA,NA,NA,NA,NA,NA,NA,NA,NA,NA,NA,NA,NA,NA,NA,NA,NA,NA,NA,NA,NA,NA,NA,NA,NA,NA,NA
"187",1,NA,1,NA,1,NA,NA,0,NA,0,0,0,NA,NA,0,NA,0,0,0,NA,NA,0,NA,0,NA,0,0,0,0,0,0,NA,0,0,NA,NA,NA,0,NA,0,0,0,0,0,0,NA,0,NA,0,0,0,NA,NA,NA,0,0,0,0,NA,0,NA,NA,NA,NA,NA,NA,NA,NA,NA,NA,NA,NA,NA,NA,NA,NA,NA,NA,NA,NA,NA,NA,NA,NA,NA,NA,NA
"188",1,NA,1,NA,1,NA,NA,0,NA,0,NA,NA,NA,NA,0,NA,NA,0,0,NA,NA,0,NA,0,NA,0,0,0,0,0,0,NA,0,0,NA,NA,NA,0,NA,0,0,0,0,0,0,0,0,NA,0,0,0,NA,NA,NA,0,0,0,0,NA,0,NA,NA,NA,NA,NA,NA,NA,NA,NA,NA,NA,NA,NA,NA,NA,NA,NA,NA,NA,NA,NA,NA,NA,NA,NA,NA,NA
"189",1,NA,1,NA,1,NA,NA,0,NA,0,0,NA,NA,NA,0,NA,NA,0,0,NA,NA,0,NA,0,NA,0,0,0,0,0,0,NA,0,0,NA,NA,NA,0,NA,0,0,0,0,0,0,0,0,NA,0,0,0,NA,NA,NA,0,0,0,0,NA,0,NA,NA,NA,NA,NA,NA,NA,NA,NA,NA,NA,NA,NA,NA,NA,NA,NA,NA,NA,NA,NA,NA,NA,NA,NA,NA,NA
"190",1,NA,1,NA,1,NA,NA,0,NA,0,NA,NA,NA,NA,0,NA,0,0,0,NA,NA,0,NA,0,NA,0,0,0,0,0,0,NA,0,0,NA,NA,NA,0,NA,0,0,0,0,0,0,0,0,NA,0,0,0,NA,NA,NA,0,0,0,0,NA,0,NA,NA,NA,NA,NA,NA,NA,NA,NA,NA,NA,NA,NA,NA,NA,NA,NA,NA,NA,NA,NA,NA,NA,NA,NA,NA,NA
"191",1,NA,1,NA,1,NA,NA,0,NA,0,0,NA,NA,NA,0,NA,0,0,0,NA,NA,0,NA,0,NA,0,0,0,0,0,0,NA,0,0,NA,NA,NA,0,NA,0,0,0,0,0,0,0,0,NA,0,0,0,NA,NA,NA,0,0,0,0,NA,0,NA,NA,NA,NA,NA,NA,NA,NA,NA,NA,NA,NA,NA,NA,NA,NA,NA,NA,NA,NA,NA,NA,NA,NA,NA,NA,NA
"192",1,NA,1,NA,1,NA,NA,0,NA,0,NA,0,NA,NA,0,NA,NA,0,0,NA,NA,0,NA,0,NA,0,0,0,0,0,0,NA,0,0,NA,NA,NA,0,NA,0,0,0,0,0,0,0,0,NA,0,0,0,NA,NA,NA,0,0,0,0,NA,0,NA,NA,NA,NA,NA,NA,NA,NA,NA,NA,NA,NA,NA,NA,NA,NA,NA,NA,NA,NA,NA,NA,NA,NA,NA,NA,NA
"193",1,NA,1,NA,1,NA,NA,0,NA,0,0,0,NA,NA,0,NA,NA,0,0,NA,NA,0,NA,0,NA,0,0,0,0,0,0,NA,0,0,NA,NA,NA,0,NA,0,0,0,0,0,0,0,0,NA,0,0,0,NA,NA,NA,0,0,0,0,NA,0,NA,NA,NA,NA,NA,NA,NA,NA,NA,NA,NA,NA,NA,NA,NA,NA,NA,NA,NA,NA,NA,NA,NA,NA,NA,NA,NA
"194",1,NA,1,NA,1,NA,NA,0,NA,0,NA,0,NA,NA,0,NA,0,0,0,NA,NA,0,NA,0,NA,0,0,0,0,0,0,NA,0,0,NA,NA,NA,0,NA,0,0,0,0,0,0,0,0,NA,0,0,0,NA,NA,NA,0,0,0,0,NA,0,NA,NA,NA,NA,NA,NA,NA,NA,NA,NA,NA,NA,NA,NA,NA,NA,NA,NA,NA,NA,NA,NA,NA,NA,NA,NA,NA
"195",1,NA,1,NA,1,NA,NA,0,NA,0,0,0,NA,NA,0,NA,0,0,0,NA,NA,0,NA,0,NA,0,0,0,0,0,0,NA,0,0,NA,NA,NA,0,NA,0,0,0,0,0,0,0,0,NA,0,0,0,NA,NA,NA,0,0,0,0,NA,0,NA,NA,NA,NA,NA,NA,NA,NA,NA,NA,NA,NA,NA,NA,NA,NA,NA,NA,NA,NA,NA,NA,NA,NA,NA,NA,NA
"196",1,NA,0,NA,0,NA,NA,0,0,0,NA,NA,NA,NA,0,NA,NA,0,0,NA,NA,0,NA,0,NA,0,0,0,0,0,NA,NA,0,0,NA,NA,NA,0,NA,0,0,0,0,0,0,NA,0,NA,0,0,0,NA,NA,0,0,0,0,0,NA,0,NA,NA,NA,NA,NA,NA,NA,NA,NA,NA,NA,NA,NA,NA,NA,NA,NA,NA,NA,NA,NA,NA,NA,NA,NA,NA,NA
"197",1,NA,0,NA,0,NA,NA,0,0,0,0,NA,NA,NA,0,NA,NA,0,0,NA,NA,0,NA,0,NA,0,0,0,0,0,NA,NA,0,0,NA,NA,NA,0,NA,0,0,0,0,0,0,NA,0,NA,0,0,0,NA,NA,0,0,0,0,0,NA,0,NA,NA,NA,NA,NA,NA,NA,NA,NA,NA,NA,NA,NA,NA,NA,NA,NA,NA,NA,NA,NA,NA,NA,NA,NA,NA,NA
"198",1,NA,0,NA,0,NA,NA,0,0,0,NA,NA,NA,NA,0,NA,0,0,0,NA,NA,0,NA,0,NA,0,0,0,0,0,NA,NA,0,0,NA,NA,NA,0,NA,0,0,0,0,0,0,NA,0,NA,0,0,0,NA,NA,0,0,0,0,0,NA,0,NA,NA,NA,NA,NA,NA,NA,NA,NA,NA,NA,NA,NA,NA,NA,NA,NA,NA,NA,NA,NA,NA,NA,NA,NA,NA,NA
"199",1,NA,0,NA,0,NA,NA,0,0,0,0,NA,NA,NA,0,NA,0,0,0,NA,NA,0,NA,0,NA,0,0,0,0,0,NA,NA,0,0,NA,NA,NA,0,NA,0,0,0,0,0,0,NA,0,NA,0,0,0,NA,NA,0,0,0,0,0,NA,0,NA,NA,NA,NA,NA,NA,NA,NA,NA,NA,NA,NA,NA,NA,NA,NA,NA,NA,NA,NA,NA,NA,NA,NA,NA,NA,NA
"200",1,NA,0,NA,0,NA,NA,0,0,0,NA,NA,NA,NA,0,NA,NA,0,0,NA,NA,0,NA,0,NA,0,0,0,0,0,NA,NA,0,0,NA,NA,NA,0,NA,0,0,0,0,0,0,0,0,NA,0,0,0,NA,NA,0,0,0,0,0,NA,0,NA,NA,NA,NA,NA,NA,NA,NA,NA,NA,NA,NA,NA,NA,NA,NA,NA,NA,NA,NA,NA,NA,NA,NA,NA,NA,NA
"201",1,NA,0,NA,0,NA,NA,0,0,0,NA,0,NA,NA,0,NA,NA,0,0,NA,NA,0,NA,0,NA,0,0,0,0,0,NA,NA,0,0,NA,NA,NA,0,NA,0,0,0,0,0,0,NA,0,NA,0,0,0,NA,NA,0,0,0,0,0,NA,0,NA,NA,NA,NA,NA,NA,NA,NA,NA,NA,NA,NA,NA,NA,NA,NA,NA,NA,NA,NA,NA,NA,NA,NA,NA,NA,NA
"202",1,NA,0,NA,0,NA,NA,0,0,0,0,NA,NA,NA,0,NA,NA,0,0,NA,NA,0,NA,0,NA,0,0,0,0,0,NA,NA,0,0,NA,NA,NA,0,NA,0,0,0,0,0,0,0,0,NA,0,0,0,NA,NA,0,0,0,0,0,NA,0,NA,NA,NA,NA,NA,NA,NA,NA,NA,NA,NA,NA,NA,NA,NA,NA,NA,NA,NA,NA,NA,NA,NA,NA,NA,NA,NA
"203",1,NA,0,NA,0,NA,NA,0,0,0,0,0,NA,NA,0,NA,NA,0,0,NA,NA,0,NA,0,NA,0,0,0,0,0,NA,NA,0,0,NA,NA,NA,0,NA,0,0,0,0,0,0,NA,0,NA,0,0,0,NA,NA,0,0,0,0,0,NA,0,NA,NA,NA,NA,NA,NA,NA,NA,NA,NA,NA,NA,NA,NA,NA,NA,NA,NA,NA,NA,NA,NA,NA,NA,NA,NA,NA
"204",1,NA,0,NA,0,NA,NA,0,0,0,NA,NA,NA,NA,0,NA,0,0,0,NA,NA,0,NA,0,NA,0,0,0,0,0,NA,NA,0,0,NA,NA,NA,0,NA,0,0,0,0,0,0,0,0,NA,0,0,0,NA,NA,0,0,0,0,0,NA,0,NA,NA,NA,NA,NA,NA,NA,NA,NA,NA,NA,NA,NA,NA,NA,NA,NA,NA,NA,NA,NA,NA,NA,NA,NA,NA,NA
"205",1,NA,0,NA,0,NA,NA,0,0,0,NA,0,NA,NA,0,NA,0,0,0,NA,NA,0,NA,0,NA,0,0,0,0,0,NA,NA,0,0,NA,NA,NA,0,NA,0,0,0,0,0,0,NA,0,NA,0,0,0,NA,NA,0,0,0,0,0,NA,0,NA,NA,NA,NA,NA,NA,NA,NA,NA,NA,NA,NA,NA,NA,NA,NA,NA,NA,NA,NA,NA,NA,NA,NA,NA,NA,NA
"206",1,NA,0,NA,0,NA,NA,0,0,0,0,NA,NA,NA,0,NA,0,0,0,NA,NA,0,NA,0,NA,0,0,0,0,0,NA,NA,0,0,NA,NA,NA,0,NA,0,0,0,0,0,0,0,0,NA,0,0,0,NA,NA,0,0,0,0,0,NA,0,NA,NA,NA,NA,NA,NA,NA,NA,NA,NA,NA,NA,NA,NA,NA,NA,NA,NA,NA,NA,NA,NA,NA,NA,NA,NA,NA
"207",1,NA,0,NA,0,NA,NA,0,0,0,0,0,NA,NA,0,NA,0,0,0,NA,NA,0,NA,0,NA,0,0,0,0,0,NA,NA,0,0,NA,NA,NA,0,NA,0,0,0,0,0,0,NA,0,NA,0,0,0,NA,NA,0,0,0,0,0,NA,0,NA,NA,NA,NA,NA,NA,NA,NA,NA,NA,NA,NA,NA,NA,NA,NA,NA,NA,NA,NA,NA,NA,NA,NA,NA,NA,NA
"208",1,NA,0,NA,0,NA,NA,0,0,0,NA,0,NA,NA,0,NA,NA,0,0,NA,NA,0,NA,0,NA,0,0,0,0,0,NA,NA,0,0,NA,NA,NA,0,NA,0,0,0,0,0,0,0,0,NA,0,0,0,NA,NA,0,0,0,0,0,NA,0,NA,NA,NA,NA,NA,NA,NA,NA,NA,NA,NA,NA,NA,NA,NA,NA,NA,NA,NA,NA,NA,NA,NA,NA,NA,NA,NA
"209",1,NA,0,NA,0,NA,NA,0,0,0,0,0,NA,NA,0,NA,NA,0,0,NA,NA,0,NA,0,NA,0,0,0,0,0,NA,NA,0,0,NA,NA,NA,0,NA,0,0,0,0,0,0,0,0,NA,0,0,0,NA,NA,0,0,0,0,0,NA,0,NA,NA,NA,NA,NA,NA,NA,NA,NA,NA,NA,NA,NA,NA,NA,NA,NA,NA,NA,NA,NA,NA,NA,NA,NA,NA,NA
"210",1,NA,0,NA,0,NA,NA,0,0,0,NA,0,NA,NA,0,NA,0,0,0,NA,NA,0,NA,0,NA,0,0,0,0,0,NA,NA,0,0,NA,NA,NA,0,NA,0,0,0,0,0,0,0,0,NA,0,0,0,NA,NA,0,0,0,0,0,NA,0,NA,NA,NA,NA,NA,NA,NA,NA,NA,NA,NA,NA,NA,NA,NA,NA,NA,NA,NA,NA,NA,NA,NA,NA,NA,NA,NA
"211",1,NA,0,NA,0,NA,NA,0,0,0,0,0,NA,NA,0,NA,0,0,0,NA,NA,0,NA,0,NA,0,0,0,0,0,NA,NA,0,0,NA,NA,NA,0,NA,0,0,0,0,0,0,0,0,NA,0,0,0,NA,NA,0,0,0,0,0,NA,0,NA,NA,NA,NA,NA,NA,NA,NA,NA,NA,NA,NA,NA,NA,NA,NA,NA,NA,NA,NA,NA,NA,NA,NA,NA,NA,NA
"212",1,NA,1,NA,1,NA,NA,0,NA,NA,0,NA,NA,NA,0,NA,NA,0,0,NA,NA,0,NA,0,0,0,NA,NA,0,0,0,NA,0,0,NA,NA,NA,0,NA,0,0,0,0,0,0,NA,0,0,0,0,0,NA,NA,NA,0,0,0,0,NA,0,NA,NA,NA,NA,NA,NA,NA,NA,NA,NA,NA,NA,NA,NA,NA,NA,NA,NA,NA,NA,NA,NA,NA,NA,NA,NA,NA
"213",1,NA,1,NA,1,NA,NA,0,NA,NA,NA,NA,NA,NA,0,NA,0,0,0,NA,NA,0,NA,0,0,0,NA,NA,0,0,0,NA,0,0,NA,NA,NA,0,NA,0,0,0,0,0,0,NA,0,0,0,0,0,NA,NA,NA,0,0,0,0,NA,0,NA,NA,NA,NA,NA,NA,NA,NA,NA,NA,NA,NA,NA,NA,NA,NA,NA,NA,NA,NA,NA,NA,NA,NA,NA,NA,NA
"214",1,NA,1,NA,1,NA,NA,0,NA,NA,0,NA,NA,NA,0,NA,0,0,0,NA,NA,0,NA,0,0,0,NA,NA,0,0,0,NA,0,0,NA,NA,NA,0,NA,0,0,0,0,0,0,NA,0,0,0,0,0,NA,NA,NA,0,0,0,0,NA,0,NA,NA,NA,NA,NA,NA,NA,NA,NA,NA,NA,NA,NA,NA,NA,NA,NA,NA,NA,NA,NA,NA,NA,NA,NA,NA,NA
"215",1,NA,1,NA,1,NA,NA,0,NA,NA,NA,0,NA,NA,0,NA,NA,0,0,NA,NA,0,NA,0,0,0,NA,NA,0,0,0,NA,0,0,NA,NA,NA,0,NA,0,0,0,0,0,0,NA,0,0,0,0,0,NA,NA,NA,0,0,0,0,NA,0,NA,NA,NA,NA,NA,NA,NA,NA,NA,NA,NA,NA,NA,NA,NA,NA,NA,NA,NA,NA,NA,NA,NA,NA,NA,NA,NA
"216",1,NA,1,NA,1,NA,NA,0,NA,NA,NA,NA,NA,NA,0,NA,NA,0,0,NA,NA,0,NA,0,0,0,NA,NA,0,0,0,NA,0,0,NA,NA,NA,0,NA,0,0,0,0,0,0,0,0,0,0,0,0,NA,NA,NA,0,0,0,0,NA,0,NA,NA,NA,NA,NA,NA,NA,NA,NA,NA,NA,NA,NA,NA,NA,NA,NA,NA,NA,NA,NA,NA,NA,NA,NA,NA,NA
"217",1,NA,1,NA,1,NA,NA,0,NA,NA,0,0,NA,NA,0,NA,NA,0,0,NA,NA,0,NA,0,0,0,NA,NA,0,0,0,NA,0,0,NA,NA,NA,0,NA,0,0,0,0,0,0,NA,0,0,0,0,0,NA,NA,NA,0,0,0,0,NA,0,NA,NA,NA,NA,NA,NA,NA,NA,NA,NA,NA,NA,NA,NA,NA,NA,NA,NA,NA,NA,NA,NA,NA,NA,NA,NA,NA
"218",1,NA,1,NA,1,NA,NA,0,NA,NA,0,NA,NA,NA,0,NA,NA,0,0,NA,NA,0,NA,0,0,0,NA,NA,0,0,0,NA,0,0,NA,NA,NA,0,NA,0,0,0,0,0,0,0,0,0,0,0,0,NA,NA,NA,0,0,0,0,NA,0,NA,NA,NA,NA,NA,NA,NA,NA,NA,NA,NA,NA,NA,NA,NA,NA,NA,NA,NA,NA,NA,NA,NA,NA,NA,NA,NA
"219",1,NA,1,NA,1,NA,NA,0,NA,NA,NA,0,NA,NA,0,NA,0,0,0,NA,NA,0,NA,0,0,0,NA,NA,0,0,0,NA,0,0,NA,NA,NA,0,NA,0,0,0,0,0,0,NA,0,0,0,0,0,NA,NA,NA,0,0,0,0,NA,0,NA,NA,NA,NA,NA,NA,NA,NA,NA,NA,NA,NA,NA,NA,NA,NA,NA,NA,NA,NA,NA,NA,NA,NA,NA,NA,NA
"220",1,NA,1,NA,1,NA,NA,0,NA,NA,NA,NA,NA,NA,0,NA,0,0,0,NA,NA,0,NA,0,0,0,NA,NA,0,0,0,NA,0,0,NA,NA,NA,0,NA,0,0,0,0,0,0,0,0,0,0,0,0,NA,NA,NA,0,0,0,0,NA,0,NA,NA,NA,NA,NA,NA,NA,NA,NA,NA,NA,NA,NA,NA,NA,NA,NA,NA,NA,NA,NA,NA,NA,NA,NA,NA,NA
"221",1,NA,1,NA,1,NA,NA,0,NA,NA,0,0,NA,NA,0,NA,0,0,0,NA,NA,0,NA,0,0,0,NA,NA,0,0,0,NA,0,0,NA,NA,NA,0,NA,0,0,0,0,0,0,NA,0,0,0,0,0,NA,NA,NA,0,0,0,0,NA,0,NA,NA,NA,NA,NA,NA,NA,NA,NA,NA,NA,NA,NA,NA,NA,NA,NA,NA,NA,NA,NA,NA,NA,NA,NA,NA,NA
"222",1,NA,1,NA,1,NA,NA,0,NA,NA,0,NA,NA,NA,0,NA,0,0,0,NA,NA,0,NA,0,0,0,NA,NA,0,0,0,NA,0,0,NA,NA,NA,0,NA,0,0,0,0,0,0,0,0,0,0,0,0,NA,NA,NA,0,0,0,0,NA,0,NA,NA,NA,NA,NA,NA,NA,NA,NA,NA,NA,NA,NA,NA,NA,NA,NA,NA,NA,NA,NA,NA,NA,NA,NA,NA,NA
"223",1,NA,1,NA,1,NA,NA,0,NA,NA,NA,0,NA,NA,0,NA,NA,0,0,NA,NA,0,NA,0,0,0,NA,NA,0,0,0,NA,0,0,NA,NA,NA,0,NA,0,0,0,0,0,0,0,0,0,0,0,0,NA,NA,NA,0,0,0,0,NA,0,NA,NA,NA,NA,NA,NA,NA,NA,NA,NA,NA,NA,NA,NA,NA,NA,NA,NA,NA,NA,NA,NA,NA,NA,NA,NA,NA
"224",1,NA,1,NA,1,NA,NA,0,NA,NA,0,0,NA,NA,0,NA,NA,0,0,NA,NA,0,NA,0,0,0,NA,NA,0,0,0,NA,0,0,NA,NA,NA,0,NA,0,0,0,0,0,0,0,0,0,0,0,0,NA,NA,NA,0,0,0,0,NA,0,NA,NA,NA,NA,NA,NA,NA,NA,NA,NA,NA,NA,NA,NA,NA,NA,NA,NA,NA,NA,NA,NA,NA,NA,NA,NA,NA
"225",1,NA,1,NA,1,NA,NA,0,NA,NA,NA,0,NA,NA,0,NA,0,0,0,NA,NA,0,NA,0,0,0,NA,NA,0,0,0,NA,0,0,NA,NA,NA,0,NA,0,0,0,0,0,0,0,0,0,0,0,0,NA,NA,NA,0,0,0,0,NA,0,NA,NA,NA,NA,NA,NA,NA,NA,NA,NA,NA,NA,NA,NA,NA,NA,NA,NA,NA,NA,NA,NA,NA,NA,NA,NA,NA
"226",1,NA,1,NA,1,NA,NA,0,NA,NA,0,0,NA,NA,0,NA,0,0,0,NA,NA,0,NA,0,0,0,NA,NA,0,0,0,NA,0,0,NA,NA,NA,0,NA,0,0,0,0,0,0,0,0,0,0,0,0,NA,NA,NA,0,0,0,0,NA,0,NA,NA,NA,NA,NA,NA,NA,NA,NA,NA,NA,NA,NA,NA,NA,NA,NA,NA,NA,NA,NA,NA,NA,NA,NA,NA,NA
"227",1,NA,1,NA,1,NA,0,0,NA,NA,NA,NA,NA,NA,0,NA,0,0,0,NA,NA,NA,NA,0,0,0,NA,NA,0,0,0,NA,0,0,NA,NA,NA,0,NA,0,0,0,0,0,0,NA,0,0,0,0,0,NA,NA,NA,0,0,0,0,NA,0,NA,NA,NA,NA,NA,NA,NA,NA,NA,NA,NA,NA,NA,NA,NA,NA,NA,NA,NA,NA,NA,NA,NA,NA,NA,NA,NA
"228",1,NA,1,NA,1,NA,0,0,NA,0,0,NA,NA,NA,0,NA,0,0,0,NA,NA,NA,NA,0,NA,0,0,0,0,0,0,NA,0,0,NA,NA,NA,0,NA,0,0,0,0,0,0,NA,0,NA,0,0,0,NA,NA,NA,0,0,0,0,NA,0,NA,NA,NA,NA,NA,NA,NA,NA,NA,NA,NA,NA,NA,NA,NA,NA,NA,NA,NA,NA,NA,NA,NA,NA,NA,NA,NA
"229",1,NA,1,NA,1,NA,0,0,NA,NA,0,NA,NA,NA,0,NA,0,0,0,NA,NA,NA,NA,0,0,0,NA,NA,0,0,0,NA,0,0,NA,NA,NA,0,NA,0,0,0,0,0,0,NA,0,0,0,0,0,NA,NA,NA,0,0,0,0,NA,0,NA,NA,NA,NA,NA,NA,NA,NA,NA,NA,NA,NA,NA,NA,NA,NA,NA,NA,NA,NA,NA,NA,NA,NA,NA,NA,NA
"230",1,NA,1,NA,1,NA,0,0,NA,0,NA,0,NA,NA,0,NA,NA,0,0,NA,NA,NA,NA,0,NA,0,0,0,0,0,0,NA,0,0,NA,NA,NA,0,NA,0,0,0,0,0,0,NA,0,NA,0,0,0,NA,NA,NA,0,0,0,0,NA,0,NA,NA,NA,NA,NA,NA,NA,NA,NA,NA,NA,NA,NA,NA,NA,NA,NA,NA,NA,NA,NA,NA,NA,NA,NA,NA,NA
"231",1,NA,1,NA,1,NA,0,0,NA,NA,NA,0,NA,NA,0,NA,NA,0,0,NA,NA,NA,NA,0,0,0,NA,NA,0,0,0,NA,0,0,NA,NA,NA,0,NA,0,0,0,0,0,0,NA,0,0,0,0,0,NA,NA,NA,0,0,0,0,NA,0,NA,NA,NA,NA,NA,NA,NA,NA,NA,NA,NA,NA,NA,NA,NA,NA,NA,NA,NA,NA,NA,NA,NA,NA,NA,NA,NA
"232",1,NA,1,NA,1,NA,0,0,NA,0,NA,NA,NA,NA,0,NA,NA,0,0,NA,NA,NA,NA,0,NA,0,0,0,0,0,0,NA,0,0,NA,NA,NA,0,NA,0,0,0,0,0,0,0,0,NA,0,0,0,NA,NA,NA,0,0,0,0,NA,0,NA,NA,NA,NA,NA,NA,NA,NA,NA,NA,NA,NA,NA,NA,NA,NA,NA,NA,NA,NA,NA,NA,NA,NA,NA,NA,NA
"233",1,NA,1,NA,1,NA,0,0,NA,NA,0,NA,NA,NA,0,NA,NA,0,0,NA,NA,NA,NA,0,0,0,NA,NA,0,0,0,NA,0,0,NA,NA,NA,0,NA,0,0,0,0,0,0,0,0,0,0,0,0,NA,NA,NA,0,0,0,0,NA,0,NA,NA,NA,NA,NA,NA,NA,NA,NA,NA,NA,NA,NA,NA,NA,NA,NA,NA,NA,NA,NA,NA,NA,NA,NA,NA,NA
"234",1,NA,1,NA,1,NA,0,0,NA,0,0,0,NA,NA,0,NA,NA,0,0,NA,NA,NA,NA,0,NA,0,0,0,0,0,0,NA,0,0,NA,NA,NA,0,NA,0,0,0,0,0,0,NA,0,NA,0,0,0,NA,NA,NA,0,0,0,0,NA,0,NA,NA,NA,NA,NA,NA,NA,NA,NA,NA,NA,NA,NA,NA,NA,NA,NA,NA,NA,NA,NA,NA,NA,NA,NA,NA,NA
"235",1,NA,1,NA,1,NA,0,0,NA,NA,0,0,NA,NA,0,NA,NA,0,0,NA,NA,NA,NA,0,0,0,NA,NA,0,0,0,NA,0,0,NA,NA,NA,0,NA,0,0,0,0,0,0,NA,0,0,0,0,0,NA,NA,NA,0,0,0,0,NA,0,NA,NA,NA,NA,NA,NA,NA,NA,NA,NA,NA,NA,NA,NA,NA,NA,NA,NA,NA,NA,NA,NA,NA,NA,NA,NA,NA
"236",1,NA,1,NA,1,NA,0,0,NA,0,0,NA,NA,NA,0,NA,NA,0,0,NA,NA,NA,NA,0,NA,0,0,0,0,0,0,NA,0,0,NA,NA,NA,0,NA,0,0,0,0,0,0,0,0,NA,0,0,0,NA,NA,NA,0,0,0,0,NA,0,NA,NA,NA,NA,NA,NA,NA,NA,NA,NA,NA,NA,NA,NA,NA,NA,NA,NA,NA,NA,NA,NA,NA,NA,NA,NA,NA
"237",1,NA,1,NA,1,NA,0,0,NA,NA,NA,NA,NA,NA,0,NA,0,0,0,NA,NA,NA,NA,0,0,0,NA,NA,0,0,0,NA,0,0,NA,NA,NA,0,NA,0,0,0,0,0,0,0,0,0,0,0,0,NA,NA,NA,0,0,0,0,NA,0,NA,NA,NA,NA,NA,NA,NA,NA,NA,NA,NA,NA,NA,NA,NA,NA,NA,NA,NA,NA,NA,NA,NA,NA,NA,NA,NA
"238",1,NA,1,NA,1,NA,0,0,NA,0,NA,0,NA,NA,0,NA,0,0,0,NA,NA,NA,NA,0,NA,0,0,0,0,0,0,NA,0,0,NA,NA,NA,0,NA,0,0,0,0,0,0,NA,0,NA,0,0,0,NA,NA,NA,0,0,0,0,NA,0,NA,NA,NA,NA,NA,NA,NA,NA,NA,NA,NA,NA,NA,NA,NA,NA,NA,NA,NA,NA,NA,NA,NA,NA,NA,NA,NA
"239",1,NA,1,NA,1,NA,0,0,NA,NA,NA,0,NA,NA,0,NA,0,0,0,NA,NA,NA,NA,0,0,0,NA,NA,0,0,0,NA,0,0,NA,NA,NA,0,NA,0,0,0,0,0,0,NA,0,0,0,0,0,NA,NA,NA,0,0,0,0,NA,0,NA,NA,NA,NA,NA,NA,NA,NA,NA,NA,NA,NA,NA,NA,NA,NA,NA,NA,NA,NA,NA,NA,NA,NA,NA,NA,NA
"240",1,NA,1,NA,1,NA,0,0,NA,0,NA,NA,NA,NA,0,NA,0,0,0,NA,NA,NA,NA,0,NA,0,0,0,0,0,0,NA,0,0,NA,NA,NA,0,NA,0,0,0,0,0,0,0,0,NA,0,0,0,NA,NA,NA,0,0,0,0,NA,0,NA,NA,NA,NA,NA,NA,NA,NA,NA,NA,NA,NA,NA,NA,NA,NA,NA,NA,NA,NA,NA,NA,NA,NA,NA,NA,NA
"241",1,NA,1,NA,1,NA,0,0,NA,NA,0,NA,NA,NA,0,NA,0,0,0,NA,NA,NA,NA,0,0,0,NA,NA,0,0,0,NA,0,0,NA,NA,NA,0,NA,0,0,0,0,0,0,0,0,0,0,0,0,NA,NA,NA,0,0,0,0,NA,0,NA,NA,NA,NA,NA,NA,NA,NA,NA,NA,NA,NA,NA,NA,NA,NA,NA,NA,NA,NA,NA,NA,NA,NA,NA,NA,NA
"242",1,NA,1,NA,1,NA,0,0,NA,0,0,0,NA,NA,0,NA,0,0,0,NA,NA,NA,NA,0,NA,0,0,0,0,0,0,NA,0,0,NA,NA,NA,0,NA,0,0,0,0,0,0,NA,0,NA,0,0,0,NA,NA,NA,0,0,0,0,NA,0,NA,NA,NA,NA,NA,NA,NA,NA,NA,NA,NA,NA,NA,NA,NA,NA,NA,NA,NA,NA,NA,NA,NA,NA,NA,NA,NA
"243",1,NA,1,NA,1,NA,0,0,NA,NA,0,0,NA,NA,0,NA,0,0,0,NA,NA,NA,NA,0,0,0,NA,NA,0,0,0,NA,0,0,NA,NA,NA,0,NA,0,0,0,0,0,0,NA,0,0,0,0,0,NA,NA,NA,0,0,0,0,NA,0,NA,NA,NA,NA,NA,NA,NA,NA,NA,NA,NA,NA,NA,NA,NA,NA,NA,NA,NA,NA,NA,NA,NA,NA,NA,NA,NA
"244",1,NA,1,NA,1,NA,0,0,NA,0,0,NA,NA,NA,0,NA,0,0,0,NA,NA,NA,NA,0,NA,0,0,0,0,0,0,NA,0,0,NA,NA,NA,0,NA,0,0,0,0,0,0,0,0,NA,0,0,0,NA,NA,NA,0,0,0,0,NA,0,NA,NA,NA,NA,NA,NA,NA,NA,NA,NA,NA,NA,NA,NA,NA,NA,NA,NA,NA,NA,NA,NA,NA,NA,NA,NA,NA
"245",1,NA,1,NA,1,NA,0,0,NA,NA,NA,0,NA,NA,0,NA,NA,0,0,NA,NA,NA,NA,0,0,0,NA,NA,0,0,0,NA,0,0,NA,NA,NA,0,NA,0,0,0,0,0,0,0,0,0,0,0,0,NA,NA,NA,0,0,0,0,NA,0,NA,NA,NA,NA,NA,NA,NA,NA,NA,NA,NA,NA,NA,NA,NA,NA,NA,NA,NA,NA,NA,NA,NA,NA,NA,NA,NA
"246",1,NA,1,NA,1,NA,0,0,NA,0,NA,0,NA,NA,0,NA,NA,0,0,NA,NA,NA,NA,0,NA,0,0,0,0,0,0,NA,0,0,NA,NA,NA,0,NA,0,0,0,0,0,0,0,0,NA,0,0,0,NA,NA,NA,0,0,0,0,NA,0,NA,NA,NA,NA,NA,NA,NA,NA,NA,NA,NA,NA,NA,NA,NA,NA,NA,NA,NA,NA,NA,NA,NA,NA,NA,NA,NA
"247",1,NA,1,NA,1,NA,0,0,NA,NA,0,0,NA,NA,0,NA,NA,0,0,NA,NA,NA,NA,0,0,0,NA,NA,0,0,0,NA,0,0,NA,NA,NA,0,NA,0,0,0,0,0,0,0,0,0,0,0,0,NA,NA,NA,0,0,0,0,NA,0,NA,NA,NA,NA,NA,NA,NA,NA,NA,NA,NA,NA,NA,NA,NA,NA,NA,NA,NA,NA,NA,NA,NA,NA,NA,NA,NA
"248",1,NA,1,NA,1,NA,0,0,NA,0,0,0,NA,NA,0,NA,NA,0,0,NA,NA,NA,NA,0,NA,0,0,0,0,0,0,NA,0,0,NA,NA,NA,0,NA,0,0,0,0,0,0,0,0,NA,0,0,0,NA,NA,NA,0,0,0,0,NA,0,NA,NA,NA,NA,NA,NA,NA,NA,NA,NA,NA,NA,NA,NA,NA,NA,NA,NA,NA,NA,NA,NA,NA,NA,NA,NA,NA
"249",1,NA,1,NA,1,NA,0,0,NA,NA,NA,0,NA,NA,0,NA,0,0,0,NA,NA,NA,NA,0,0,0,NA,NA,0,0,0,NA,0,0,NA,NA,NA,0,NA,0,0,0,0,0,0,0,0,0,0,0,0,NA,NA,NA,0,0,0,0,NA,0,NA,NA,NA,NA,NA,NA,NA,NA,NA,NA,NA,NA,NA,NA,NA,NA,NA,NA,NA,NA,NA,NA,NA,NA,NA,NA,NA
"250",1,NA,1,NA,1,NA,0,0,NA,0,NA,0,NA,NA,0,NA,0,0,0,NA,NA,NA,NA,0,NA,0,0,0,0,0,0,NA,0,0,NA,NA,NA,0,NA,0,0,0,0,0,0,0,0,NA,0,0,0,NA,NA,NA,0,0,0,0,NA,0,NA,NA,NA,NA,NA,NA,NA,NA,NA,NA,NA,NA,NA,NA,NA,NA,NA,NA,NA,NA,NA,NA,NA,NA,NA,NA,NA
"251",1,NA,1,NA,1,NA,0,0,NA,NA,0,0,NA,NA,0,NA,0,0,0,NA,NA,NA,NA,0,0,0,NA,NA,0,0,0,NA,0,0,NA,NA,NA,0,NA,0,0,0,0,0,0,0,0,0,0,0,0,NA,NA,NA,0,0,0,0,NA,0,NA,NA,NA,NA,NA,NA,NA,NA,NA,NA,NA,NA,NA,NA,NA,NA,NA,NA,NA,NA,NA,NA,NA,NA,NA,NA,NA
"252",1,NA,1,NA,1,NA,0,0,NA,0,0,0,NA,NA,0,NA,0,0,0,NA,NA,NA,NA,0,NA,0,0,0,0,0,0,NA,0,0,NA,NA,NA,0,NA,0,0,0,0,0,0,0,0,NA,0,0,0,NA,NA,NA,0,0,0,0,NA,0,NA,NA,NA,NA,NA,NA,NA,NA,NA,NA,NA,NA,NA,NA,NA,NA,NA,NA,NA,NA,NA,NA,NA,NA,NA,NA,NA
"253",1,NA,1,NA,1,NA,0,0,NA,NA,NA,NA,NA,NA,0,NA,NA,0,0,NA,NA,0,NA,0,0,0,NA,NA,0,0,0,NA,0,0,NA,NA,NA,0,NA,0,0,0,0,0,0,NA,0,0,0,0,0,NA,NA,NA,0,0,0,0,NA,0,NA,NA,NA,NA,NA,NA,NA,NA,NA,NA,NA,NA,NA,NA,NA,NA,NA,NA,NA,NA,NA,NA,NA,NA,NA,NA,NA
"254",1,NA,0,NA,0,NA,0,0,0,0,0,NA,NA,NA,0,NA,NA,0,0,NA,NA,NA,NA,0,NA,0,0,0,0,0,NA,NA,0,0,NA,NA,NA,0,NA,0,0,0,0,0,0,NA,0,NA,0,0,0,NA,NA,0,0,0,0,0,NA,0,NA,NA,NA,NA,NA,NA,NA,NA,NA,NA,NA,NA,NA,NA,NA,NA,NA,NA,NA,NA,NA,NA,NA,NA,NA,NA,NA
"255",1,NA,0,NA,0,NA,0,0,0,0,NA,NA,NA,NA,0,NA,0,0,0,NA,NA,NA,NA,0,NA,0,0,0,0,0,NA,NA,0,0,NA,NA,NA,0,NA,0,0,0,0,0,0,NA,0,NA,0,0,0,NA,NA,0,0,0,0,0,NA,0,NA,NA,NA,NA,NA,NA,NA,NA,NA,NA,NA,NA,NA,NA,NA,NA,NA,NA,NA,NA,NA,NA,NA,NA,NA,NA,NA
"256",1,NA,0,NA,0,NA,0,0,0,0,0,NA,NA,NA,0,NA,0,0,0,NA,NA,NA,NA,0,NA,0,0,0,0,0,NA,NA,0,0,NA,NA,NA,0,NA,0,0,0,0,0,0,NA,0,NA,0,0,0,NA,NA,0,0,0,0,0,NA,0,NA,NA,NA,NA,NA,NA,NA,NA,NA,NA,NA,NA,NA,NA,NA,NA,NA,NA,NA,NA,NA,NA,NA,NA,NA,NA,NA
"257",1,NA,0,NA,0,NA,0,0,0,0,NA,NA,NA,NA,0,NA,NA,0,0,NA,NA,NA,NA,0,NA,0,0,0,0,0,NA,NA,0,0,NA,NA,NA,0,NA,0,0,0,0,0,0,0,0,NA,0,0,0,NA,NA,0,0,0,0,0,NA,0,NA,NA,NA,NA,NA,NA,NA,NA,NA,NA,NA,NA,NA,NA,NA,NA,NA,NA,NA,NA,NA,NA,NA,NA,NA,NA,NA
"258",1,NA,0,NA,0,NA,0,0,0,0,NA,0,NA,NA,0,NA,NA,0,0,NA,NA,NA,NA,0,NA,0,0,0,0,0,NA,NA,0,0,NA,NA,NA,0,NA,0,0,0,0,0,0,NA,0,NA,0,0,0,NA,NA,0,0,0,0,0,NA,0,NA,NA,NA,NA,NA,NA,NA,NA,NA,NA,NA,NA,NA,NA,NA,NA,NA,NA,NA,NA,NA,NA,NA,NA,NA,NA,NA
"259",1,NA,0,NA,0,NA,0,0,0,0,0,0,NA,NA,0,NA,NA,0,0,NA,NA,NA,NA,0,NA,0,0,0,0,0,NA,NA,0,0,NA,NA,NA,0,NA,0,0,0,0,0,0,NA,0,NA,0,0,0,NA,NA,0,0,0,0,0,NA,0,NA,NA,NA,NA,NA,NA,NA,NA,NA,NA,NA,NA,NA,NA,NA,NA,NA,NA,NA,NA,NA,NA,NA,NA,NA,NA,NA
"260",1,NA,0,NA,0,NA,0,0,0,0,0,NA,NA,NA,0,NA,NA,0,0,NA,NA,NA,NA,0,NA,0,0,0,0,0,NA,NA,0,0,NA,NA,NA,0,NA,0,0,0,0,0,0,0,0,NA,0,0,0,NA,NA,0,0,0,0,0,NA,0,NA,NA,NA,NA,NA,NA,NA,NA,NA,NA,NA,NA,NA,NA,NA,NA,NA,NA,NA,NA,NA,NA,NA,NA,NA,NA,NA
"261",1,NA,0,NA,0,NA,0,0,0,0,NA,NA,NA,NA,0,NA,0,0,0,NA,NA,NA,NA,0,NA,0,0,0,0,0,NA,NA,0,0,NA,NA,NA,0,NA,0,0,0,0,0,0,0,0,NA,0,0,0,NA,NA,0,0,0,0,0,NA,0,NA,NA,NA,NA,NA,NA,NA,NA,NA,NA,NA,NA,NA,NA,NA,NA,NA,NA,NA,NA,NA,NA,NA,NA,NA,NA,NA
"262",1,NA,0,NA,0,NA,0,0,0,0,NA,0,NA,NA,0,NA,0,0,0,NA,NA,NA,NA,0,NA,0,0,0,0,0,NA,NA,0,0,NA,NA,NA,0,NA,0,0,0,0,0,0,NA,0,NA,0,0,0,NA,NA,0,0,0,0,0,NA,0,NA,NA,NA,NA,NA,NA,NA,NA,NA,NA,NA,NA,NA,NA,NA,NA,NA,NA,NA,NA,NA,NA,NA,NA,NA,NA,NA
"263",1,NA,0,NA,0,NA,0,0,0,0,0,0,NA,NA,0,NA,0,0,0,NA,NA,NA,NA,0,NA,0,0,0,0,0,NA,NA,0,0,NA,NA,NA,0,NA,0,0,0,0,0,0,NA,0,NA,0,0,0,NA,NA,0,0,0,0,0,NA,0,NA,NA,NA,NA,NA,NA,NA,NA,NA,NA,NA,NA,NA,NA,NA,NA,NA,NA,NA,NA,NA,NA,NA,NA,NA,NA,NA
"264",1,NA,0,NA,0,NA,0,0,0,0,0,NA,NA,NA,0,NA,0,0,0,NA,NA,NA,NA,0,NA,0,0,0,0,0,NA,NA,0,0,NA,NA,NA,0,NA,0,0,0,0,0,0,0,0,NA,0,0,0,NA,NA,0,0,0,0,0,NA,0,NA,NA,NA,NA,NA,NA,NA,NA,NA,NA,NA,NA,NA,NA,NA,NA,NA,NA,NA,NA,NA,NA,NA,NA,NA,NA,NA
"265",1,NA,0,NA,0,NA,0,0,0,0,NA,0,NA,NA,0,NA,NA,0,0,NA,NA,NA,NA,0,NA,0,0,0,0,0,NA,NA,0,0,NA,NA,NA,0,NA,0,0,0,0,0,0,0,0,NA,0,0,0,NA,NA,0,0,0,0,0,NA,0,NA,NA,NA,NA,NA,NA,NA,NA,NA,NA,NA,NA,NA,NA,NA,NA,NA,NA,NA,NA,NA,NA,NA,NA,NA,NA,NA
"266",1,NA,0,NA,0,NA,0,0,0,0,0,0,NA,NA,0,NA,NA,0,0,NA,NA,NA,NA,0,NA,0,0,0,0,0,NA,NA,0,0,NA,NA,NA,0,NA,0,0,0,0,0,0,0,0,NA,0,0,0,NA,NA,0,0,0,0,0,NA,0,NA,NA,NA,NA,NA,NA,NA,NA,NA,NA,NA,NA,NA,NA,NA,NA,NA,NA,NA,NA,NA,NA,NA,NA,NA,NA,NA
"267",1,NA,0,NA,0,NA,0,0,0,0,NA,0,NA,NA,0,NA,0,0,0,NA,NA,NA,NA,0,NA,0,0,0,0,0,NA,NA,0,0,NA,NA,NA,0,NA,0,0,0,0,0,0,0,0,NA,0,0,0,NA,NA,0,0,0,0,0,NA,0,NA,NA,NA,NA,NA,NA,NA,NA,NA,NA,NA,NA,NA,NA,NA,NA,NA,NA,NA,NA,NA,NA,NA,NA,NA,NA,NA
"268",1,NA,0,NA,0,NA,0,0,0,0,0,0,NA,NA,0,NA,0,0,0,NA,NA,NA,NA,0,NA,0,0,0,0,0,NA,NA,0,0,NA,NA,NA,0,NA,0,0,0,0,0,0,0,0,NA,0,0,0,NA,NA,0,0,0,0,0,NA,0,NA,NA,NA,NA,NA,NA,NA,NA,NA,NA,NA,NA,NA,NA,NA,NA,NA,NA,NA,NA,NA,NA,NA,NA,NA,NA,NA
"269",1,NA,1,NA,1,NA,0,0,NA,0,NA,NA,NA,NA,0,NA,NA,0,0,NA,NA,0,NA,0,NA,0,0,0,0,0,0,NA,0,0,NA,NA,NA,0,NA,0,0,0,0,0,0,NA,0,NA,0,0,0,NA,NA,NA,0,0,0,0,NA,0,NA,NA,NA,NA,NA,NA,NA,NA,NA,NA,NA,NA,NA,NA,NA,NA,NA,NA,NA,NA,NA,NA,NA,NA,NA,NA,NA
"270",1,NA,1,NA,1,NA,0,0,NA,0,0,NA,NA,NA,0,NA,NA,0,0,NA,NA,0,NA,0,NA,0,0,0,0,0,0,NA,0,0,NA,NA,NA,0,NA,0,0,0,0,0,0,NA,0,NA,0,0,0,NA,NA,NA,0,0,0,0,NA,0,NA,NA,NA,NA,NA,NA,NA,NA,NA,NA,NA,NA,NA,NA,NA,NA,NA,NA,NA,NA,NA,NA,NA,NA,NA,NA,NA
"271",1,NA,1,NA,1,NA,0,0,NA,NA,0,NA,NA,NA,0,NA,NA,0,0,NA,NA,0,NA,0,0,0,NA,NA,0,0,0,NA,0,0,NA,NA,NA,0,NA,0,0,0,0,0,0,NA,0,0,0,0,0,NA,NA,NA,0,0,0,0,NA,0,NA,NA,NA,NA,NA,NA,NA,NA,NA,NA,NA,NA,NA,NA,NA,NA,NA,NA,NA,NA,NA,NA,NA,NA,NA,NA,NA
"272",1,NA,1,NA,1,NA,0,0,NA,0,NA,NA,NA,NA,0,NA,0,0,0,NA,NA,0,NA,0,NA,0,0,0,0,0,0,NA,0,0,NA,NA,NA,0,NA,0,0,0,0,0,0,NA,0,NA,0,0,0,NA,NA,NA,0,0,0,0,NA,0,NA,NA,NA,NA,NA,NA,NA,NA,NA,NA,NA,NA,NA,NA,NA,NA,NA,NA,NA,NA,NA,NA,NA,NA,NA,NA,NA
"273",1,NA,1,NA,1,NA,0,0,NA,NA,NA,NA,NA,NA,0,NA,0,0,0,NA,NA,0,NA,0,0,0,NA,NA,0,0,0,NA,0,0,NA,NA,NA,0,NA,0,0,0,0,0,0,NA,0,0,0,0,0,NA,NA,NA,0,0,0,0,NA,0,NA,NA,NA,NA,NA,NA,NA,NA,NA,NA,NA,NA,NA,NA,NA,NA,NA,NA,NA,NA,NA,NA,NA,NA,NA,NA,NA
"274",1,NA,1,NA,1,NA,0,0,NA,0,0,NA,NA,NA,0,NA,0,0,0,NA,NA,0,NA,0,NA,0,0,0,0,0,0,NA,0,0,NA,NA,NA,0,NA,0,0,0,0,0,0,NA,0,NA,0,0,0,NA,NA,NA,0,0,0,0,NA,0,NA,NA,NA,NA,NA,NA,NA,NA,NA,NA,NA,NA,NA,NA,NA,NA,NA,NA,NA,NA,NA,NA,NA,NA,NA,NA,NA
"275",1,NA,1,NA,1,NA,0,0,NA,NA,NA,NA,NA,NA,0,NA,NA,0,0,NA,NA,0,NA,0,0,0,NA,NA,0,0,0,NA,0,0,NA,NA,NA,0,NA,0,0,0,0,0,0,0,0,0,0,0,0,NA,NA,NA,0,0,0,0,NA,0,NA,NA,NA,NA,NA,NA,NA,NA,NA,NA,NA,NA,NA,NA,NA,NA,NA,NA,NA,NA,NA,NA,NA,NA,NA,NA,NA
"276",1,NA,1,NA,1,NA,0,0,NA,0,NA,NA,NA,NA,0,NA,NA,0,0,NA,NA,0,NA,0,NA,0,0,0,0,0,0,NA,0,0,NA,NA,NA,0,NA,0,0,0,0,0,0,0,0,NA,0,0,0,NA,NA,NA,0,0,0,0,NA,0,NA,NA,NA,NA,NA,NA,NA,NA,NA,NA,NA,NA,NA,NA,NA,NA,NA,NA,NA,NA,NA,NA,NA,NA,NA,NA,NA
"277",1,NA,1,NA,1,NA,0,0,NA,NA,0,NA,NA,NA,0,NA,0,0,0,NA,NA,0,NA,0,0,0,NA,NA,0,0,0,NA,0,0,NA,NA,NA,0,NA,0,0,0,0,0,0,NA,0,0,0,0,0,NA,NA,NA,0,0,0,0,NA,0,NA,NA,NA,NA,NA,NA,NA,NA,NA,NA,NA,NA,NA,NA,NA,NA,NA,NA,NA,NA,NA,NA,NA,NA,NA,NA,NA
"278",1,NA,1,NA,1,NA,0,0,NA,0,0,NA,NA,NA,0,NA,NA,0,0,NA,NA,0,NA,0,NA,0,0,0,0,0,0,NA,0,0,NA,NA,NA,0,NA,0,0,0,0,0,0,0,0,NA,0,0,0,NA,NA,NA,0,0,0,0,NA,0,NA,NA,NA,NA,NA,NA,NA,NA,NA,NA,NA,NA,NA,NA,NA,NA,NA,NA,NA,NA,NA,NA,NA,NA,NA,NA,NA
"279",1,NA,1,NA,1,NA,0,0,NA,NA,0,NA,NA,NA,0,NA,NA,0,0,NA,NA,0,NA,0,0,0,NA,NA,0,0,0,NA,0,0,NA,NA,NA,0,NA,0,0,0,0,0,0,0,0,0,0,0,0,NA,NA,NA,0,0,0,0,NA,0,NA,NA,NA,NA,NA,NA,NA,NA,NA,NA,NA,NA,NA,NA,NA,NA,NA,NA,NA,NA,NA,NA,NA,NA,NA,NA,NA
"280",1,NA,1,NA,1,NA,0,0,NA,0,NA,NA,NA,NA,0,NA,0,0,0,NA,NA,0,NA,0,NA,0,0,0,0,0,0,NA,0,0,NA,NA,NA,0,NA,0,0,0,0,0,0,0,0,NA,0,0,0,NA,NA,NA,0,0,0,0,NA,0,NA,NA,NA,NA,NA,NA,NA,NA,NA,NA,NA,NA,NA,NA,NA,NA,NA,NA,NA,NA,NA,NA,NA,NA,NA,NA,NA
"281",1,NA,1,NA,1,NA,0,0,NA,NA,NA,NA,NA,NA,0,NA,0,0,0,NA,NA,0,NA,0,0,0,NA,NA,0,0,0,NA,0,0,NA,NA,NA,0,NA,0,0,0,0,0,0,0,0,0,0,0,0,NA,NA,NA,0,0,0,0,NA,0,NA,NA,NA,NA,NA,NA,NA,NA,NA,NA,NA,NA,NA,NA,NA,NA,NA,NA,NA,NA,NA,NA,NA,NA,NA,NA,NA
"282",1,NA,1,NA,1,NA,0,0,NA,NA,0,NA,NA,NA,0,NA,0,0,0,NA,NA,0,NA,0,0,0,NA,NA,0,0,0,NA,0,0,NA,NA,NA,0,NA,0,0,0,0,0,0,0,0,0,0,0,0,NA,NA,NA,0,0,0,0,NA,0,NA,NA,NA,NA,NA,NA,NA,NA,NA,NA,NA,NA,NA,NA,NA,NA,NA,NA,NA,NA,NA,NA,NA,NA,NA,NA,NA
"283",1,NA,1,NA,1,NA,0,0,NA,0,0,NA,NA,NA,0,NA,0,0,0,NA,NA,0,NA,0,NA,0,0,0,0,0,0,NA,0,0,NA,NA,NA,0,NA,0,0,0,0,0,0,0,0,NA,0,0,0,NA,NA,NA,0,0,0,0,NA,0,NA,NA,NA,NA,NA,NA,NA,NA,NA,NA,NA,NA,NA,NA,NA,NA,NA,NA,NA,NA,NA,NA,NA,NA,NA,NA,NA
"284",1,NA,1,NA,1,NA,0,0,NA,NA,NA,0,NA,NA,0,NA,NA,0,0,NA,NA,0,NA,0,0,0,NA,NA,0,0,0,NA,0,0,NA,NA,NA,0,NA,0,0,0,0,0,0,NA,0,0,0,0,0,NA,NA,NA,0,0,0,0,NA,0,NA,NA,NA,NA,NA,NA,NA,NA,NA,NA,NA,NA,NA,NA,NA,NA,NA,NA,NA,NA,NA,NA,NA,NA,NA,NA,NA
"285",1,NA,1,NA,1,NA,0,0,NA,0,NA,0,NA,NA,0,NA,NA,0,0,NA,NA,0,NA,0,NA,0,0,0,0,0,0,NA,0,0,NA,NA,NA,0,NA,0,0,0,0,0,0,NA,0,NA,0,0,0,NA,NA,NA,0,0,0,0,NA,0,NA,NA,NA,NA,NA,NA,NA,NA,NA,NA,NA,NA,NA,NA,NA,NA,NA,NA,NA,NA,NA,NA,NA,NA,NA,NA,NA
"286",1,NA,1,NA,1,NA,0,0,NA,NA,0,0,NA,NA,0,NA,NA,0,0,NA,NA,0,NA,0,0,0,NA,NA,0,0,0,NA,0,0,NA,NA,NA,0,NA,0,0,0,0,0,0,NA,0,0,0,0,0,NA,NA,NA,0,0,0,0,NA,0,NA,NA,NA,NA,NA,NA,NA,NA,NA,NA,NA,NA,NA,NA,NA,NA,NA,NA,NA,NA,NA,NA,NA,NA,NA,NA,NA
"287",1,NA,1,NA,1,NA,0,0,NA,0,0,0,NA,NA,0,NA,NA,0,0,NA,NA,0,NA,0,NA,0,0,0,0,0,0,NA,0,0,NA,NA,NA,0,NA,0,0,0,0,0,0,NA,0,NA,0,0,0,NA,NA,NA,0,0,0,0,NA,0,NA,NA,NA,NA,NA,NA,NA,NA,NA,NA,NA,NA,NA,NA,NA,NA,NA,NA,NA,NA,NA,NA,NA,NA,NA,NA,NA
"288",1,NA,1,NA,1,NA,0,0,NA,NA,NA,0,NA,NA,0,NA,0,0,0,NA,NA,0,NA,0,0,0,NA,NA,0,0,0,NA,0,0,NA,NA,NA,0,NA,0,0,0,0,0,0,NA,0,0,0,0,0,NA,NA,NA,0,0,0,0,NA,0,NA,NA,NA,NA,NA,NA,NA,NA,NA,NA,NA,NA,NA,NA,NA,NA,NA,NA,NA,NA,NA,NA,NA,NA,NA,NA,NA
"289",1,NA,1,NA,1,NA,0,0,NA,0,NA,0,NA,NA,0,NA,0,0,0,NA,NA,0,NA,0,NA,0,0,0,0,0,0,NA,0,0,NA,NA,NA,0,NA,0,0,0,0,0,0,NA,0,NA,0,0,0,NA,NA,NA,0,0,0,0,NA,0,NA,NA,NA,NA,NA,NA,NA,NA,NA,NA,NA,NA,NA,NA,NA,NA,NA,NA,NA,NA,NA,NA,NA,NA,NA,NA,NA
"290",1,NA,1,NA,1,NA,0,0,NA,NA,0,0,NA,NA,0,NA,0,0,0,NA,NA,0,NA,0,0,0,NA,NA,0,0,0,NA,0,0,NA,NA,NA,0,NA,0,0,0,0,0,0,NA,0,0,0,0,0,NA,NA,NA,0,0,0,0,NA,0,NA,NA,NA,NA,NA,NA,NA,NA,NA,NA,NA,NA,NA,NA,NA,NA,NA,NA,NA,NA,NA,NA,NA,NA,NA,NA,NA
"291",1,NA,1,NA,1,NA,0,0,NA,0,0,0,NA,NA,0,NA,0,0,0,NA,NA,0,NA,0,NA,0,0,0,0,0,0,NA,0,0,NA,NA,NA,0,NA,0,0,0,0,0,0,NA,0,NA,0,0,0,NA,NA,NA,0,0,0,0,NA,0,NA,NA,NA,NA,NA,NA,NA,NA,NA,NA,NA,NA,NA,NA,NA,NA,NA,NA,NA,NA,NA,NA,NA,NA,NA,NA,NA
"292",1,NA,1,NA,1,NA,0,0,NA,NA,NA,0,NA,NA,0,NA,NA,0,0,NA,NA,0,NA,0,0,0,NA,NA,0,0,0,NA,0,0,NA,NA,NA,0,NA,0,0,0,0,0,0,0,0,0,0,0,0,NA,NA,NA,0,0,0,0,NA,0,NA,NA,NA,NA,NA,NA,NA,NA,NA,NA,NA,NA,NA,NA,NA,NA,NA,NA,NA,NA,NA,NA,NA,NA,NA,NA,NA
"293",1,NA,1,NA,1,NA,0,0,NA,0,NA,0,NA,NA,0,NA,NA,0,0,NA,NA,0,NA,0,NA,0,0,0,0,0,0,NA,0,0,NA,NA,NA,0,NA,0,0,0,0,0,0,0,0,NA,0,0,0,NA,NA,NA,0,0,0,0,NA,0,NA,NA,NA,NA,NA,NA,NA,NA,NA,NA,NA,NA,NA,NA,NA,NA,NA,NA,NA,NA,NA,NA,NA,NA,NA,NA,NA
"294",1,NA,1,NA,1,NA,0,0,NA,NA,0,0,NA,NA,0,NA,NA,0,0,NA,NA,0,NA,0,0,0,NA,NA,0,0,0,NA,0,0,NA,NA,NA,0,NA,0,0,0,0,0,0,0,0,0,0,0,0,NA,NA,NA,0,0,0,0,NA,0,NA,NA,NA,NA,NA,NA,NA,NA,NA,NA,NA,NA,NA,NA,NA,NA,NA,NA,NA,NA,NA,NA,NA,NA,NA,NA,NA
"295",1,NA,1,NA,1,NA,0,0,NA,0,0,0,NA,NA,0,NA,NA,0,0,NA,NA,0,NA,0,NA,0,0,0,0,0,0,NA,0,0,NA,NA,NA,0,NA,0,0,0,0,0,0,0,0,NA,0,0,0,NA,NA,NA,0,0,0,0,NA,0,NA,NA,NA,NA,NA,NA,NA,NA,NA,NA,NA,NA,NA,NA,NA,NA,NA,NA,NA,NA,NA,NA,NA,NA,NA,NA,NA
"296",1,NA,1,NA,1,NA,0,0,NA,NA,NA,0,NA,NA,0,NA,0,0,0,NA,NA,0,NA,0,0,0,NA,NA,0,0,0,NA,0,0,NA,NA,NA,0,NA,0,0,0,0,0,0,0,0,0,0,0,0,NA,NA,NA,0,0,0,0,NA,0,NA,NA,NA,NA,NA,NA,NA,NA,NA,NA,NA,NA,NA,NA,NA,NA,NA,NA,NA,NA,NA,NA,NA,NA,NA,NA,NA
"297",1,NA,1,NA,1,NA,0,0,NA,0,NA,0,NA,NA,0,NA,0,0,0,NA,NA,0,NA,0,NA,0,0,0,0,0,0,NA,0,0,NA,NA,NA,0,NA,0,0,0,0,0,0,0,0,NA,0,0,0,NA,NA,NA,0,0,0,0,NA,0,NA,NA,NA,NA,NA,NA,NA,NA,NA,NA,NA,NA,NA,NA,NA,NA,NA,NA,NA,NA,NA,NA,NA,NA,NA,NA,NA
"298",1,NA,1,NA,1,NA,0,0,NA,NA,0,0,NA,NA,0,NA,0,0,0,NA,NA,0,NA,0,0,0,NA,NA,0,0,0,NA,0,0,NA,NA,NA,0,NA,0,0,0,0,0,0,0,0,0,0,0,0,NA,NA,NA,0,0,0,0,NA,0,NA,NA,NA,NA,NA,NA,NA,NA,NA,NA,NA,NA,NA,NA,NA,NA,NA,NA,NA,NA,NA,NA,NA,NA,NA,NA,NA
"299",1,NA,1,NA,1,NA,0,0,NA,0,0,0,NA,NA,0,NA,0,0,0,NA,NA,0,NA,0,NA,0,0,0,0,0,0,NA,0,0,NA,NA,NA,0,NA,0,0,0,0,0,0,0,0,NA,0,0,0,NA,NA,NA,0,0,0,0,NA,0,NA,NA,NA,NA,NA,NA,NA,NA,NA,NA,NA,NA,NA,NA,NA,NA,NA,NA,NA,NA,NA,NA,NA,NA,NA,NA,NA
"300",1,NA,0,NA,0,NA,0,0,0,0,NA,NA,NA,NA,0,NA,NA,0,0,NA,NA,0,NA,0,NA,0,0,0,0,0,NA,NA,0,0,NA,NA,NA,0,NA,0,0,0,0,0,0,NA,0,NA,0,0,0,NA,NA,0,0,0,0,0,NA,0,NA,NA,NA,NA,NA,NA,NA,NA,NA,NA,NA,NA,NA,NA,NA,NA,NA,NA,NA,NA,NA,NA,NA,NA,NA,NA,NA
"301",1,NA,0,NA,0,NA,0,0,0,0,0,NA,NA,NA,0,NA,NA,0,0,NA,NA,0,NA,0,NA,0,0,0,0,0,NA,NA,0,0,NA,NA,NA,0,NA,0,0,0,0,0,0,NA,0,NA,0,0,0,NA,NA,0,0,0,0,0,NA,0,NA,NA,NA,NA,NA,NA,NA,NA,NA,NA,NA,NA,NA,NA,NA,NA,NA,NA,NA,NA,NA,NA,NA,NA,NA,NA,NA
"302",1,NA,0,NA,0,NA,0,0,0,0,NA,NA,NA,NA,0,NA,0,0,0,NA,NA,0,NA,0,NA,0,0,0,0,0,NA,NA,0,0,NA,NA,NA,0,NA,0,0,0,0,0,0,NA,0,NA,0,0,0,NA,NA,0,0,0,0,0,NA,0,NA,NA,NA,NA,NA,NA,NA,NA,NA,NA,NA,NA,NA,NA,NA,NA,NA,NA,NA,NA,NA,NA,NA,NA,NA,NA,NA
"303",1,NA,0,NA,0,NA,0,0,0,0,0,NA,NA,NA,0,NA,0,0,0,NA,NA,0,NA,0,NA,0,0,0,0,0,NA,NA,0,0,NA,NA,NA,0,NA,0,0,0,0,0,0,NA,0,NA,0,0,0,NA,NA,0,0,0,0,0,NA,0,NA,NA,NA,NA,NA,NA,NA,NA,NA,NA,NA,NA,NA,NA,NA,NA,NA,NA,NA,NA,NA,NA,NA,NA,NA,NA,NA
"304",1,NA,0,NA,0,NA,0,0,0,0,NA,0,NA,NA,0,NA,NA,0,0,NA,NA,0,NA,0,NA,0,0,0,0,0,NA,NA,0,0,NA,NA,NA,0,NA,0,0,0,0,0,0,NA,0,NA,0,0,0,NA,NA,0,0,0,0,0,NA,0,NA,NA,NA,NA,NA,NA,NA,NA,NA,NA,NA,NA,NA,NA,NA,NA,NA,NA,NA,NA,NA,NA,NA,NA,NA,NA,NA
"305",1,NA,0,NA,0,NA,0,0,0,0,NA,NA,NA,NA,0,NA,NA,0,0,NA,NA,0,NA,0,NA,0,0,0,0,0,NA,NA,0,0,NA,NA,NA,0,NA,0,0,0,0,0,0,0,0,NA,0,0,0,NA,NA,0,0,0,0,0,NA,0,NA,NA,NA,NA,NA,NA,NA,NA,NA,NA,NA,NA,NA,NA,NA,NA,NA,NA,NA,NA,NA,NA,NA,NA,NA,NA,NA
"306",1,NA,0,NA,0,NA,0,0,0,0,0,0,NA,NA,0,NA,NA,0,0,NA,NA,0,NA,0,NA,0,0,0,0,0,NA,NA,0,0,NA,NA,NA,0,NA,0,0,0,0,0,0,NA,0,NA,0,0,0,NA,NA,0,0,0,0,0,NA,0,NA,NA,NA,NA,NA,NA,NA,NA,NA,NA,NA,NA,NA,NA,NA,NA,NA,NA,NA,NA,NA,NA,NA,NA,NA,NA,NA
"307",1,NA,0,NA,0,NA,0,0,0,0,0,NA,NA,NA,0,NA,NA,0,0,NA,NA,0,NA,0,NA,0,0,0,0,0,NA,NA,0,0,NA,NA,NA,0,NA,0,0,0,0,0,0,0,0,NA,0,0,0,NA,NA,0,0,0,0,0,NA,0,NA,NA,NA,NA,NA,NA,NA,NA,NA,NA,NA,NA,NA,NA,NA,NA,NA,NA,NA,NA,NA,NA,NA,NA,NA,NA,NA
"308",1,NA,0,NA,0,NA,0,0,0,0,NA,0,NA,NA,0,NA,0,0,0,NA,NA,0,NA,0,NA,0,0,0,0,0,NA,NA,0,0,NA,NA,NA,0,NA,0,0,0,0,0,0,NA,0,NA,0,0,0,NA,NA,0,0,0,0,0,NA,0,NA,NA,NA,NA,NA,NA,NA,NA,NA,NA,NA,NA,NA,NA,NA,NA,NA,NA,NA,NA,NA,NA,NA,NA,NA,NA,NA
"309",1,NA,0,NA,0,NA,0,0,0,0,NA,NA,NA,NA,0,NA,0,0,0,NA,NA,0,NA,0,NA,0,0,0,0,0,NA,NA,0,0,NA,NA,NA,0,NA,0,0,0,0,0,0,0,0,NA,0,0,0,NA,NA,0,0,0,0,0,NA,0,NA,NA,NA,NA,NA,NA,NA,NA,NA,NA,NA,NA,NA,NA,NA,NA,NA,NA,NA,NA,NA,NA,NA,NA,NA,NA,NA
"310",1,NA,0,NA,0,NA,0,0,0,0,0,0,NA,NA,0,NA,0,0,0,NA,NA,0,NA,0,NA,0,0,0,0,0,NA,NA,0,0,NA,NA,NA,0,NA,0,0,0,0,0,0,NA,0,NA,0,0,0,NA,NA,0,0,0,0,0,NA,0,NA,NA,NA,NA,NA,NA,NA,NA,NA,NA,NA,NA,NA,NA,NA,NA,NA,NA,NA,NA,NA,NA,NA,NA,NA,NA,NA
"311",1,NA,0,NA,0,NA,0,0,0,0,0,NA,NA,NA,0,NA,0,0,0,NA,NA,0,NA,0,NA,0,0,0,0,0,NA,NA,0,0,NA,NA,NA,0,NA,0,0,0,0,0,0,0,0,NA,0,0,0,NA,NA,0,0,0,0,0,NA,0,NA,NA,NA,NA,NA,NA,NA,NA,NA,NA,NA,NA,NA,NA,NA,NA,NA,NA,NA,NA,NA,NA,NA,NA,NA,NA,NA
"312",1,NA,0,NA,0,NA,0,0,0,0,NA,0,NA,NA,0,NA,NA,0,0,NA,NA,0,NA,0,NA,0,0,0,0,0,NA,NA,0,0,NA,NA,NA,0,NA,0,0,0,0,0,0,0,0,NA,0,0,0,NA,NA,0,0,0,0,0,NA,0,NA,NA,NA,NA,NA,NA,NA,NA,NA,NA,NA,NA,NA,NA,NA,NA,NA,NA,NA,NA,NA,NA,NA,NA,NA,NA,NA
"313",1,NA,0,NA,0,NA,0,0,0,0,0,0,NA,NA,0,NA,NA,0,0,NA,NA,0,NA,0,NA,0,0,0,0,0,NA,NA,0,0,NA,NA,NA,0,NA,0,0,0,0,0,0,0,0,NA,0,0,0,NA,NA,0,0,0,0,0,NA,0,NA,NA,NA,NA,NA,NA,NA,NA,NA,NA,NA,NA,NA,NA,NA,NA,NA,NA,NA,NA,NA,NA,NA,NA,NA,NA,NA
"314",1,NA,0,NA,0,NA,0,0,0,0,NA,0,NA,NA,0,NA,0,0,0,NA,NA,0,NA,0,NA,0,0,0,0,0,NA,NA,0,0,NA,NA,NA,0,NA,0,0,0,0,0,0,0,0,NA,0,0,0,NA,NA,0,0,0,0,0,NA,0,NA,NA,NA,NA,NA,NA,NA,NA,NA,NA,NA,NA,NA,NA,NA,NA,NA,NA,NA,NA,NA,NA,NA,NA,NA,NA,NA
"315",1,NA,0,NA,0,NA,0,0,0,0,0,0,NA,NA,0,NA,0,0,0,NA,NA,0,NA,0,NA,0,0,0,0,0,NA,NA,0,0,NA,NA,NA,0,NA,0,0,0,0,0,0,0,0,NA,0,0,0,NA,NA,0,0,0,0,0,NA,0,NA,NA,NA,NA,NA,NA,NA,NA,NA,NA,NA,NA,NA,NA,NA,NA,NA,NA,NA,NA,NA,NA,NA,NA,NA,NA,NA
"316",1,NA,1,NA,NA,NA,NA,NA,NA,NA,NA,NA,NA,NA,0,NA,0,0,0,NA,NA,NA,NA,0,0,0,NA,NA,0,0,0,NA,0,0,NA,NA,NA,0,NA,0,0,0,0,0,NA,NA,0,0,0,0,0,NA,NA,NA,0,0,0,0,NA,NA,NA,NA,NA,NA,NA,NA,NA,NA,NA,NA,NA,NA,NA,NA,NA,NA,NA,NA,NA,NA,NA,NA,NA,NA,NA,NA,NA
"317",1,NA,1,NA,NA,NA,NA,NA,NA,NA,0,NA,NA,NA,0,NA,0,0,0,NA,NA,NA,NA,0,0,0,NA,NA,0,0,0,NA,0,0,NA,NA,NA,0,NA,0,0,0,0,0,NA,NA,0,0,0,0,0,NA,NA,NA,0,0,0,0,NA,NA,NA,NA,NA,NA,NA,NA,NA,NA,NA,NA,NA,NA,NA,NA,NA,NA,NA,NA,NA,NA,NA,NA,NA,NA,NA,NA,NA
"318",1,NA,1,NA,NA,NA,NA,NA,NA,NA,NA,0,NA,NA,0,NA,NA,0,0,NA,NA,NA,NA,0,0,0,NA,NA,0,0,0,NA,0,0,NA,NA,NA,0,NA,0,0,0,0,0,NA,NA,0,0,0,0,0,NA,NA,NA,0,0,0,0,NA,NA,NA,NA,NA,NA,NA,NA,NA,NA,NA,NA,NA,NA,NA,NA,NA,NA,NA,NA,NA,NA,NA,NA,NA,NA,NA,NA,NA
"319",1,NA,1,NA,NA,NA,NA,NA,NA,NA,0,NA,NA,NA,0,NA,NA,0,0,NA,NA,NA,NA,0,0,0,NA,NA,0,0,0,NA,0,0,NA,NA,NA,0,NA,0,0,0,0,0,NA,0,0,0,0,0,0,NA,NA,NA,0,0,0,0,NA,NA,NA,NA,NA,NA,NA,NA,NA,NA,NA,NA,NA,NA,NA,NA,NA,NA,NA,NA,NA,NA,NA,NA,NA,NA,NA,NA,NA
"320",1,NA,1,NA,NA,NA,NA,NA,NA,NA,0,0,NA,NA,0,NA,NA,0,0,NA,NA,NA,NA,0,0,0,NA,NA,0,0,0,NA,0,0,NA,NA,NA,0,NA,0,0,0,0,0,NA,NA,0,0,0,0,0,NA,NA,NA,0,0,0,0,NA,NA,NA,NA,NA,NA,NA,NA,NA,NA,NA,NA,NA,NA,NA,NA,NA,NA,NA,NA,NA,NA,NA,NA,NA,NA,NA,NA,NA
"321",1,NA,1,NA,NA,NA,NA,NA,NA,NA,NA,NA,NA,NA,0,NA,0,0,0,NA,NA,NA,NA,0,0,0,NA,NA,0,0,0,NA,0,0,NA,NA,NA,0,NA,0,0,0,0,0,NA,0,0,0,0,0,0,NA,NA,NA,0,0,0,0,NA,NA,NA,NA,NA,NA,NA,NA,NA,NA,NA,NA,NA,NA,NA,NA,NA,NA,NA,NA,NA,NA,NA,NA,NA,NA,NA,NA,NA
"322",1,NA,1,NA,NA,NA,NA,NA,NA,NA,NA,0,NA,NA,0,NA,0,0,0,NA,NA,NA,NA,0,0,0,NA,NA,0,0,0,NA,0,0,NA,NA,NA,0,NA,0,0,0,0,0,NA,NA,0,0,0,0,0,NA,NA,NA,0,0,0,0,NA,NA,NA,NA,NA,NA,NA,NA,NA,NA,NA,NA,NA,NA,NA,NA,NA,NA,NA,NA,NA,NA,NA,NA,NA,NA,NA,NA,NA
"323",1,NA,1,NA,NA,NA,NA,NA,NA,NA,0,NA,NA,NA,0,NA,0,0,0,NA,NA,NA,NA,0,0,0,NA,NA,0,0,0,NA,0,0,NA,NA,NA,0,NA,0,0,0,0,0,NA,0,0,0,0,0,0,NA,NA,NA,0,0,0,0,NA,NA,NA,NA,NA,NA,NA,NA,NA,NA,NA,NA,NA,NA,NA,NA,NA,NA,NA,NA,NA,NA,NA,NA,NA,NA,NA,NA,NA
"324",1,NA,1,NA,NA,NA,NA,NA,NA,NA,0,0,NA,NA,0,NA,0,0,0,NA,NA,NA,NA,0,0,0,NA,NA,0,0,0,NA,0,0,NA,NA,NA,0,NA,0,0,0,0,0,NA,NA,0,0,0,0,0,NA,NA,NA,0,0,0,0,NA,NA,NA,NA,NA,NA,NA,NA,NA,NA,NA,NA,NA,NA,NA,NA,NA,NA,NA,NA,NA,NA,NA,NA,NA,NA,NA,NA,NA
"325",1,NA,1,NA,NA,NA,NA,NA,NA,NA,NA,0,NA,NA,0,NA,NA,0,0,NA,NA,NA,NA,0,0,0,NA,NA,0,0,0,NA,0,0,NA,NA,NA,0,NA,0,0,0,0,0,NA,0,0,0,0,0,0,NA,NA,NA,0,0,0,0,NA,NA,NA,NA,NA,NA,NA,NA,NA,NA,NA,NA,NA,NA,NA,NA,NA,NA,NA,NA,NA,NA,NA,NA,NA,NA,NA,NA,NA
"326",1,NA,1,NA,NA,NA,NA,NA,NA,NA,0,0,NA,NA,0,NA,NA,0,0,NA,NA,NA,NA,0,0,0,NA,NA,0,0,0,NA,0,0,NA,NA,NA,0,NA,0,0,0,0,0,NA,0,0,0,0,0,0,NA,NA,NA,0,0,0,0,NA,NA,NA,NA,NA,NA,NA,NA,NA,NA,NA,NA,NA,NA,NA,NA,NA,NA,NA,NA,NA,NA,NA,NA,NA,NA,NA,NA,NA
"327",1,NA,1,NA,NA,NA,NA,NA,NA,NA,NA,0,NA,NA,0,NA,0,0,0,NA,NA,NA,NA,0,0,0,NA,NA,0,0,0,NA,0,0,NA,NA,NA,0,NA,0,0,0,0,0,NA,0,0,0,0,0,0,NA,NA,NA,0,0,0,0,NA,NA,NA,NA,NA,NA,NA,NA,NA,NA,NA,NA,NA,NA,NA,NA,NA,NA,NA,NA,NA,NA,NA,NA,NA,NA,NA,NA,NA
"328",1,NA,1,NA,NA,NA,NA,NA,NA,NA,0,0,NA,NA,0,NA,0,0,0,NA,NA,NA,NA,0,0,0,NA,NA,0,0,0,NA,0,0,NA,NA,NA,0,NA,0,0,0,0,0,NA,0,0,0,0,0,0,NA,NA,NA,0,0,0,0,NA,NA,NA,NA,NA,NA,NA,NA,NA,NA,NA,NA,NA,NA,NA,NA,NA,NA,NA,NA,NA,NA,NA,NA,NA,NA,NA,NA,NA
"329",1,NA,1,NA,NA,NA,0,NA,NA,NA,NA,NA,NA,NA,0,NA,NA,0,0,NA,NA,NA,NA,0,0,0,NA,NA,0,0,0,NA,0,0,NA,NA,NA,0,NA,0,0,0,0,0,NA,NA,0,0,0,0,0,NA,NA,NA,0,0,0,0,NA,NA,NA,NA,NA,NA,NA,NA,NA,NA,NA,NA,NA,NA,NA,NA,NA,NA,NA,NA,NA,NA,NA,NA,NA,NA,NA,NA,NA
"330",1,NA,1,NA,NA,NA,0,NA,NA,NA,0,NA,NA,NA,0,NA,NA,0,0,NA,NA,NA,NA,0,0,0,NA,NA,0,0,0,NA,0,0,NA,NA,NA,0,NA,0,0,0,0,0,NA,NA,0,0,0,0,0,NA,NA,NA,0,0,0,0,NA,NA,NA,NA,NA,NA,NA,NA,NA,NA,NA,NA,NA,NA,NA,NA,NA,NA,NA,NA,NA,NA,NA,NA,NA,NA,NA,NA,NA
"331",1,NA,1,NA,NA,NA,0,NA,NA,NA,NA,NA,NA,NA,0,NA,0,0,0,NA,NA,NA,NA,0,0,0,NA,NA,0,0,0,NA,0,0,NA,NA,NA,0,NA,0,0,0,0,0,NA,NA,0,0,0,0,0,NA,NA,NA,0,0,0,0,NA,NA,NA,NA,NA,NA,NA,NA,NA,NA,NA,NA,NA,NA,NA,NA,NA,NA,NA,NA,NA,NA,NA,NA,NA,NA,NA,NA,NA
"332",1,NA,1,NA,NA,NA,0,NA,NA,NA,0,NA,NA,NA,0,NA,0,0,0,NA,NA,NA,NA,0,0,0,NA,NA,0,0,0,NA,0,0,NA,NA,NA,0,NA,0,0,0,0,0,NA,NA,0,0,0,0,0,NA,NA,NA,0,0,0,0,NA,NA,NA,NA,NA,NA,NA,NA,NA,NA,NA,NA,NA,NA,NA,NA,NA,NA,NA,NA,NA,NA,NA,NA,NA,NA,NA,NA,NA
"333",1,NA,1,NA,NA,NA,0,NA,NA,NA,NA,0,NA,NA,0,NA,NA,0,0,NA,NA,NA,NA,0,0,0,NA,NA,0,0,0,NA,0,0,NA,NA,NA,0,NA,0,0,0,0,0,NA,NA,0,0,0,0,0,NA,NA,NA,0,0,0,0,NA,NA,NA,NA,NA,NA,NA,NA,NA,NA,NA,NA,NA,NA,NA,NA,NA,NA,NA,NA,NA,NA,NA,NA,NA,NA,NA,NA,NA
"334",1,NA,1,NA,NA,NA,0,NA,NA,NA,NA,NA,NA,NA,0,NA,NA,0,0,NA,NA,NA,NA,0,0,0,NA,NA,0,0,0,NA,0,0,NA,NA,NA,0,NA,0,0,0,0,0,NA,0,0,0,0,0,0,NA,NA,NA,0,0,0,0,NA,NA,NA,NA,NA,NA,NA,NA,NA,NA,NA,NA,NA,NA,NA,NA,NA,NA,NA,NA,NA,NA,NA,NA,NA,NA,NA,NA,NA
"335",1,NA,1,NA,NA,NA,0,NA,NA,NA,0,NA,NA,NA,0,NA,NA,0,0,NA,NA,NA,NA,0,0,0,NA,NA,0,0,0,NA,0,0,NA,NA,NA,0,NA,0,0,0,0,0,NA,0,0,0,0,0,0,NA,NA,NA,0,0,0,0,NA,NA,NA,NA,NA,NA,NA,NA,NA,NA,NA,NA,NA,NA,NA,NA,NA,NA,NA,NA,NA,NA,NA,NA,NA,NA,NA,NA,NA
"336",1,NA,1,NA,NA,NA,0,NA,NA,NA,0,0,NA,NA,0,NA,NA,0,0,NA,NA,NA,NA,0,0,0,NA,NA,0,0,0,NA,0,0,NA,NA,NA,0,NA,0,0,0,0,0,NA,NA,0,0,0,0,0,NA,NA,NA,0,0,0,0,NA,NA,NA,NA,NA,NA,NA,NA,NA,NA,NA,NA,NA,NA,NA,NA,NA,NA,NA,NA,NA,NA,NA,NA,NA,NA,NA,NA,NA
"337",1,NA,1,NA,NA,NA,0,NA,NA,NA,NA,0,NA,NA,0,NA,0,0,0,NA,NA,NA,NA,0,0,0,NA,NA,0,0,0,NA,0,0,NA,NA,NA,0,NA,0,0,0,0,0,NA,NA,0,0,0,0,0,NA,NA,NA,0,0,0,0,NA,NA,NA,NA,NA,NA,NA,NA,NA,NA,NA,NA,NA,NA,NA,NA,NA,NA,NA,NA,NA,NA,NA,NA,NA,NA,NA,NA,NA
"338",1,NA,1,NA,NA,NA,0,NA,NA,NA,NA,NA,NA,NA,0,NA,0,0,0,NA,NA,NA,NA,0,0,0,NA,NA,0,0,0,NA,0,0,NA,NA,NA,0,NA,0,0,0,0,0,NA,0,0,0,0,0,0,NA,NA,NA,0,0,0,0,NA,NA,NA,NA,NA,NA,NA,NA,NA,NA,NA,NA,NA,NA,NA,NA,NA,NA,NA,NA,NA,NA,NA,NA,NA,NA,NA,NA,NA
"339",1,NA,1,NA,NA,NA,0,NA,NA,NA,0,NA,NA,NA,0,NA,0,0,0,NA,NA,NA,NA,0,0,0,NA,NA,0,0,0,NA,0,0,NA,NA,NA,0,NA,0,0,0,0,0,NA,0,0,0,0,0,0,NA,NA,NA,0,0,0,0,NA,NA,NA,NA,NA,NA,NA,NA,NA,NA,NA,NA,NA,NA,NA,NA,NA,NA,NA,NA,NA,NA,NA,NA,NA,NA,NA,NA,NA
"340",1,NA,1,NA,NA,NA,0,NA,NA,NA,0,0,NA,NA,0,NA,0,0,0,NA,NA,NA,NA,0,0,0,NA,NA,0,0,0,NA,0,0,NA,NA,NA,0,NA,0,0,0,0,0,NA,NA,0,0,0,0,0,NA,NA,NA,0,0,0,0,NA,NA,NA,NA,NA,NA,NA,NA,NA,NA,NA,NA,NA,NA,NA,NA,NA,NA,NA,NA,NA,NA,NA,NA,NA,NA,NA,NA,NA
"341",1,NA,1,NA,NA,NA,0,NA,NA,NA,NA,0,NA,NA,0,NA,NA,0,0,NA,NA,NA,NA,0,0,0,NA,NA,0,0,0,NA,0,0,NA,NA,NA,0,NA,0,0,0,0,0,NA,0,0,0,0,0,0,NA,NA,NA,0,0,0,0,NA,NA,NA,NA,NA,NA,NA,NA,NA,NA,NA,NA,NA,NA,NA,NA,NA,NA,NA,NA,NA,NA,NA,NA,NA,NA,NA,NA,NA
"342",1,NA,1,NA,NA,NA,0,NA,NA,NA,0,0,NA,NA,0,NA,NA,0,0,NA,NA,NA,NA,0,0,0,NA,NA,0,0,0,NA,0,0,NA,NA,NA,0,NA,0,0,0,0,0,NA,0,0,0,0,0,0,NA,NA,NA,0,0,0,0,NA,NA,NA,NA,NA,NA,NA,NA,NA,NA,NA,NA,NA,NA,NA,NA,NA,NA,NA,NA,NA,NA,NA,NA,NA,NA,NA,NA,NA
"343",1,NA,1,NA,NA,NA,0,NA,NA,NA,NA,0,NA,NA,0,NA,0,0,0,NA,NA,NA,NA,0,0,0,NA,NA,0,0,0,NA,0,0,NA,NA,NA,0,NA,0,0,0,0,0,NA,0,0,0,0,0,0,NA,NA,NA,0,0,0,0,NA,NA,NA,NA,NA,NA,NA,NA,NA,NA,NA,NA,NA,NA,NA,NA,NA,NA,NA,NA,NA,NA,NA,NA,NA,NA,NA,NA,NA
"344",1,NA,1,NA,NA,NA,0,NA,NA,NA,0,0,NA,NA,0,NA,0,0,0,NA,NA,NA,NA,0,0,0,NA,NA,0,0,0,NA,0,0,NA,NA,NA,0,NA,0,0,0,0,0,NA,0,0,0,0,0,0,NA,NA,NA,0,0,0,0,NA,NA,NA,NA,NA,NA,NA,NA,NA,NA,NA,NA,NA,NA,NA,NA,NA,NA,NA,NA,NA,NA,NA,NA,NA,NA,NA,NA,NA
"345",1,NA,1,NA,NA,NA,NA,NA,NA,NA,NA,NA,NA,NA,0,NA,NA,0,0,NA,NA,0,NA,0,0,0,NA,NA,0,0,0,NA,0,0,NA,NA,NA,0,NA,0,0,0,0,0,NA,NA,0,0,0,0,0,NA,NA,NA,0,0,0,0,NA,NA,NA,NA,NA,NA,NA,NA,NA,NA,NA,NA,NA,NA,NA,NA,NA,NA,NA,NA,NA,NA,NA,NA,NA,NA,NA,NA,NA
"346",1,NA,1,NA,NA,NA,NA,NA,NA,NA,0,NA,NA,NA,0,NA,NA,0,0,NA,NA,0,NA,0,0,0,NA,NA,0,0,0,NA,0,0,NA,NA,NA,0,NA,0,0,0,0,0,NA,NA,0,0,0,0,0,NA,NA,NA,0,0,0,0,NA,NA,NA,NA,NA,NA,NA,NA,NA,NA,NA,NA,NA,NA,NA,NA,NA,NA,NA,NA,NA,NA,NA,NA,NA,NA,NA,NA,NA
"347",1,NA,1,NA,NA,NA,NA,NA,NA,NA,NA,NA,NA,NA,0,NA,0,0,0,NA,NA,0,NA,0,0,0,NA,NA,0,0,0,NA,0,0,NA,NA,NA,0,NA,0,0,0,0,0,NA,NA,0,0,0,0,0,NA,NA,NA,0,0,0,0,NA,NA,NA,NA,NA,NA,NA,NA,NA,NA,NA,NA,NA,NA,NA,NA,NA,NA,NA,NA,NA,NA,NA,NA,NA,NA,NA,NA,NA
"348",1,NA,1,NA,NA,NA,NA,NA,NA,NA,0,NA,NA,NA,0,NA,0,0,0,NA,NA,0,NA,0,0,0,NA,NA,0,0,0,NA,0,0,NA,NA,NA,0,NA,0,0,0,0,0,NA,NA,0,0,0,0,0,NA,NA,NA,0,0,0,0,NA,NA,NA,NA,NA,NA,NA,NA,NA,NA,NA,NA,NA,NA,NA,NA,NA,NA,NA,NA,NA,NA,NA,NA,NA,NA,NA,NA,NA
"349",1,NA,1,NA,NA,NA,NA,NA,NA,NA,NA,0,NA,NA,0,NA,NA,0,0,NA,NA,0,NA,0,0,0,NA,NA,0,0,0,NA,0,0,NA,NA,NA,0,NA,0,0,0,0,0,NA,NA,0,0,0,0,0,NA,NA,NA,0,0,0,0,NA,NA,NA,NA,NA,NA,NA,NA,NA,NA,NA,NA,NA,NA,NA,NA,NA,NA,NA,NA,NA,NA,NA,NA,NA,NA,NA,NA,NA
"350",1,NA,1,NA,NA,NA,NA,NA,NA,NA,NA,NA,NA,NA,0,NA,NA,0,0,NA,NA,0,NA,0,0,0,NA,NA,0,0,0,NA,0,0,NA,NA,NA,0,NA,0,0,0,0,0,NA,0,0,0,0,0,0,NA,NA,NA,0,0,0,0,NA,NA,NA,NA,NA,NA,NA,NA,NA,NA,NA,NA,NA,NA,NA,NA,NA,NA,NA,NA,NA,NA,NA,NA,NA,NA,NA,NA,NA
"351",1,NA,1,NA,NA,NA,NA,NA,NA,NA,0,0,NA,NA,0,NA,NA,0,0,NA,NA,0,NA,0,0,0,NA,NA,0,0,0,NA,0,0,NA,NA,NA,0,NA,0,0,0,0,0,NA,NA,0,0,0,0,0,NA,NA,NA,0,0,0,0,NA,NA,NA,NA,NA,NA,NA,NA,NA,NA,NA,NA,NA,NA,NA,NA,NA,NA,NA,NA,NA,NA,NA,NA,NA,NA,NA,NA,NA
"352",1,NA,1,NA,NA,NA,NA,NA,NA,NA,0,NA,NA,NA,0,NA,NA,0,0,NA,NA,0,NA,0,0,0,NA,NA,0,0,0,NA,0,0,NA,NA,NA,0,NA,0,0,0,0,0,NA,0,0,0,0,0,0,NA,NA,NA,0,0,0,0,NA,NA,NA,NA,NA,NA,NA,NA,NA,NA,NA,NA,NA,NA,NA,NA,NA,NA,NA,NA,NA,NA,NA,NA,NA,NA,NA,NA,NA
"353",1,NA,1,NA,NA,NA,NA,NA,NA,NA,NA,0,NA,NA,0,NA,0,0,0,NA,NA,0,NA,0,0,0,NA,NA,0,0,0,NA,0,0,NA,NA,NA,0,NA,0,0,0,0,0,NA,NA,0,0,0,0,0,NA,NA,NA,0,0,0,0,NA,NA,NA,NA,NA,NA,NA,NA,NA,NA,NA,NA,NA,NA,NA,NA,NA,NA,NA,NA,NA,NA,NA,NA,NA,NA,NA,NA,NA
"354",1,NA,1,NA,NA,NA,NA,NA,NA,NA,NA,NA,NA,NA,0,NA,0,0,0,NA,NA,0,NA,0,0,0,NA,NA,0,0,0,NA,0,0,NA,NA,NA,0,NA,0,0,0,0,0,NA,0,0,0,0,0,0,NA,NA,NA,0,0,0,0,NA,NA,NA,NA,NA,NA,NA,NA,NA,NA,NA,NA,NA,NA,NA,NA,NA,NA,NA,NA,NA,NA,NA,NA,NA,NA,NA,NA,NA
"355",1,NA,1,NA,NA,NA,NA,NA,NA,NA,0,0,NA,NA,0,NA,0,0,0,NA,NA,0,NA,0,0,0,NA,NA,0,0,0,NA,0,0,NA,NA,NA,0,NA,0,0,0,0,0,NA,NA,0,0,0,0,0,NA,NA,NA,0,0,0,0,NA,NA,NA,NA,NA,NA,NA,NA,NA,NA,NA,NA,NA,NA,NA,NA,NA,NA,NA,NA,NA,NA,NA,NA,NA,NA,NA,NA,NA
"356",1,NA,1,NA,NA,NA,NA,NA,1,0,0,NA,NA,NA,0,NA,0,0,0,NA,NA,0,NA,0,NA,0,0,0,0,0,0,NA,0,0,NA,NA,NA,0,NA,0,0,0,0,0,NA,0,0,NA,0,0,0,NA,NA,NA,0,0,0,0,NA,NA,NA,NA,NA,NA,NA,NA,NA,NA,NA,NA,NA,NA,NA,NA,NA,NA,NA,NA,NA,NA,NA,NA,NA,NA,NA,NA,NA
"357",1,NA,1,NA,NA,NA,NA,NA,NA,NA,NA,0,NA,NA,0,NA,NA,0,0,NA,NA,0,NA,0,0,0,NA,NA,0,0,0,NA,0,0,NA,NA,NA,0,NA,0,0,0,0,0,NA,0,0,0,0,0,0,NA,NA,NA,0,0,0,0,NA,NA,NA,NA,NA,NA,NA,NA,NA,NA,NA,NA,NA,NA,NA,NA,NA,NA,NA,NA,NA,NA,NA,NA,NA,NA,NA,NA,NA
"358",1,NA,1,NA,NA,NA,NA,NA,NA,NA,0,0,NA,NA,0,NA,NA,0,0,NA,NA,0,NA,0,0,0,NA,NA,0,0,0,NA,0,0,NA,NA,NA,0,NA,0,0,0,0,0,NA,0,0,0,0,0,0,NA,NA,NA,0,0,0,0,NA,NA,NA,NA,NA,NA,NA,NA,NA,NA,NA,NA,NA,NA,NA,NA,NA,NA,NA,NA,NA,NA,NA,NA,NA,NA,NA,NA,NA
"359",1,NA,1,NA,NA,NA,NA,NA,NA,NA,NA,0,NA,NA,0,NA,0,0,0,NA,NA,0,NA,0,0,0,NA,NA,0,0,0,NA,0,0,NA,NA,NA,0,NA,0,0,0,0,0,NA,0,0,0,0,0,0,NA,NA,NA,0,0,0,0,NA,NA,NA,NA,NA,NA,NA,NA,NA,NA,NA,NA,NA,NA,NA,NA,NA,NA,NA,NA,NA,NA,NA,NA,NA,NA,NA,NA,NA
"360",1,NA,1,NA,NA,NA,NA,NA,NA,NA,0,0,NA,NA,0,NA,0,0,0,NA,NA,0,NA,0,0,0,NA,NA,0,0,0,NA,0,0,NA,NA,NA,0,NA,0,0,0,0,0,NA,0,0,0,0,0,0,NA,NA,NA,0,0,0,0,NA,NA,NA,NA,NA,NA,NA,NA,NA,NA,NA,NA,NA,NA,NA,NA,NA,NA,NA,NA,NA,NA,NA,NA,NA,NA,NA,NA,NA
"361",1,NA,1,NA,NA,NA,0,NA,NA,NA,NA,NA,NA,NA,0,NA,NA,0,0,NA,NA,0,NA,0,0,0,NA,NA,0,0,0,NA,0,0,NA,NA,NA,0,NA,0,0,0,0,0,NA,NA,0,0,0,0,0,NA,NA,NA,0,0,0,0,NA,NA,NA,NA,NA,NA,NA,NA,NA,NA,NA,NA,NA,NA,NA,NA,NA,NA,NA,NA,NA,NA,NA,NA,NA,NA,NA,NA,NA
"362",1,NA,1,NA,NA,NA,0,NA,NA,NA,0,NA,NA,NA,0,NA,NA,0,0,NA,NA,0,NA,0,0,0,NA,NA,0,0,0,NA,0,0,NA,NA,NA,0,NA,0,0,0,0,0,NA,NA,0,0,0,0,0,NA,NA,NA,0,0,0,0,NA,NA,NA,NA,NA,NA,NA,NA,NA,NA,NA,NA,NA,NA,NA,NA,NA,NA,NA,NA,NA,NA,NA,NA,NA,NA,NA,NA,NA
"363",1,NA,1,NA,NA,NA,0,NA,NA,NA,NA,NA,NA,NA,0,NA,0,0,0,NA,NA,0,NA,0,0,0,NA,NA,0,0,0,NA,0,0,NA,NA,NA,0,NA,0,0,0,0,0,NA,NA,0,0,0,0,0,NA,NA,NA,0,0,0,0,NA,NA,NA,NA,NA,NA,NA,NA,NA,NA,NA,NA,NA,NA,NA,NA,NA,NA,NA,NA,NA,NA,NA,NA,NA,NA,NA,NA,NA
"364",1,NA,1,NA,NA,NA,0,NA,NA,NA,0,NA,NA,NA,0,NA,0,0,0,NA,NA,0,NA,0,0,0,NA,NA,0,0,0,NA,0,0,NA,NA,NA,0,NA,0,0,0,0,0,NA,NA,0,0,0,0,0,NA,NA,NA,0,0,0,0,NA,NA,NA,NA,NA,NA,NA,NA,NA,NA,NA,NA,NA,NA,NA,NA,NA,NA,NA,NA,NA,NA,NA,NA,NA,NA,NA,NA,NA
"365",1,NA,1,NA,NA,NA,0,NA,NA,NA,NA,NA,NA,NA,0,NA,NA,0,0,NA,NA,0,NA,0,0,0,NA,NA,0,0,0,NA,0,0,NA,NA,NA,0,NA,0,0,0,0,0,NA,0,0,0,0,0,0,NA,NA,NA,0,0,0,0,NA,NA,NA,NA,NA,NA,NA,NA,NA,NA,NA,NA,NA,NA,NA,NA,NA,NA,NA,NA,NA,NA,NA,NA,NA,NA,NA,NA,NA
"366",1,NA,1,NA,NA,NA,0,NA,NA,NA,0,NA,NA,NA,0,NA,NA,0,0,NA,NA,0,NA,0,0,0,NA,NA,0,0,0,NA,0,0,NA,NA,NA,0,NA,0,0,0,0,0,NA,0,0,0,0,0,0,NA,NA,NA,0,0,0,0,NA,NA,NA,NA,NA,NA,NA,NA,NA,NA,NA,NA,NA,NA,NA,NA,NA,NA,NA,NA,NA,NA,NA,NA,NA,NA,NA,NA,NA
"367",1,NA,1,NA,NA,NA,0,NA,NA,NA,NA,NA,NA,NA,0,NA,0,0,0,NA,NA,0,NA,0,0,0,NA,NA,0,0,0,NA,0,0,NA,NA,NA,0,NA,0,0,0,0,0,NA,0,0,0,0,0,0,NA,NA,NA,0,0,0,0,NA,NA,NA,NA,NA,NA,NA,NA,NA,NA,NA,NA,NA,NA,NA,NA,NA,NA,NA,NA,NA,NA,NA,NA,NA,NA,NA,NA,NA
"368",1,NA,1,NA,NA,NA,0,NA,NA,NA,0,NA,NA,NA,0,NA,0,0,0,NA,NA,0,NA,0,0,0,NA,NA,0,0,0,NA,0,0,NA,NA,NA,0,NA,0,0,0,0,0,NA,0,0,0,0,0,0,NA,NA,NA,0,0,0,0,NA,NA,NA,NA,NA,NA,NA,NA,NA,NA,NA,NA,NA,NA,NA,NA,NA,NA,NA,NA,NA,NA,NA,NA,NA,NA,NA,NA,NA
"369",1,NA,1,NA,NA,NA,0,NA,NA,NA,NA,0,NA,NA,0,NA,NA,0,0,NA,NA,0,NA,0,0,0,NA,NA,0,0,0,NA,0,0,NA,NA,NA,0,NA,0,0,0,0,0,NA,NA,0,0,0,0,0,NA,NA,NA,0,0,0,0,NA,NA,NA,NA,NA,NA,NA,NA,NA,NA,NA,NA,NA,NA,NA,NA,NA,NA,NA,NA,NA,NA,NA,NA,NA,NA,NA,NA,NA
"370",1,NA,1,NA,NA,NA,0,NA,NA,NA,0,0,NA,NA,0,NA,NA,0,0,NA,NA,0,NA,0,0,0,NA,NA,0,0,0,NA,0,0,NA,NA,NA,0,NA,0,0,0,0,0,NA,NA,0,0,0,0,0,NA,NA,NA,0,0,0,0,NA,NA,NA,NA,NA,NA,NA,NA,NA,NA,NA,NA,NA,NA,NA,NA,NA,NA,NA,NA,NA,NA,NA,NA,NA,NA,NA,NA,NA
"371",1,NA,1,NA,NA,NA,0,NA,NA,NA,NA,0,NA,NA,0,NA,NA,0,0,NA,NA,0,NA,0,0,0,NA,NA,0,0,0,NA,0,0,NA,NA,NA,0,NA,0,0,0,0,0,NA,0,0,0,0,0,0,NA,NA,NA,0,0,0,0,NA,NA,NA,NA,NA,NA,NA,NA,NA,NA,NA,NA,NA,NA,NA,NA,NA,NA,NA,NA,NA,NA,NA,NA,NA,NA,NA,NA,NA
"372",1,NA,1,NA,NA,NA,0,NA,NA,NA,NA,0,NA,NA,0,NA,0,0,0,NA,NA,0,NA,0,0,0,NA,NA,0,0,0,NA,0,0,NA,NA,NA,0,NA,0,0,0,0,0,NA,NA,0,0,0,0,0,NA,NA,NA,0,0,0,0,NA,NA,NA,NA,NA,NA,NA,NA,NA,NA,NA,NA,NA,NA,NA,NA,NA,NA,NA,NA,NA,NA,NA,NA,NA,NA,NA,NA,NA
"373",1,NA,1,NA,NA,NA,0,NA,NA,NA,0,0,NA,NA,0,NA,0,0,0,NA,NA,0,NA,0,0,0,NA,NA,0,0,0,NA,0,0,NA,NA,NA,0,NA,0,0,0,0,0,NA,NA,0,0,0,0,0,NA,NA,NA,0,0,0,0,NA,NA,NA,NA,NA,NA,NA,NA,NA,NA,NA,NA,NA,NA,NA,NA,NA,NA,NA,NA,NA,NA,NA,NA,NA,NA,NA,NA,NA
"374",1,NA,1,NA,NA,NA,0,NA,NA,NA,0,0,NA,NA,0,NA,NA,0,0,NA,NA,0,NA,0,0,0,NA,NA,0,0,0,NA,0,0,NA,NA,NA,0,NA,0,0,0,0,0,NA,0,0,0,0,0,0,NA,NA,NA,0,0,0,0,NA,NA,NA,NA,NA,NA,NA,NA,NA,NA,NA,NA,NA,NA,NA,NA,NA,NA,NA,NA,NA,NA,NA,NA,NA,NA,NA,NA,NA
"375",1,NA,1,NA,NA,NA,0,NA,NA,NA,NA,0,NA,NA,0,NA,0,0,0,NA,NA,0,NA,0,0,0,NA,NA,0,0,0,NA,0,0,NA,NA,NA,0,NA,0,0,0,0,0,NA,0,0,0,0,0,0,NA,NA,NA,0,0,0,0,NA,NA,NA,NA,NA,NA,NA,NA,NA,NA,NA,NA,NA,NA,NA,NA,NA,NA,NA,NA,NA,NA,NA,NA,NA,NA,NA,NA,NA
"376",1,NA,1,NA,NA,NA,0,NA,NA,NA,0,0,NA,NA,0,NA,0,0,0,NA,NA,0,NA,0,0,0,NA,NA,0,0,0,NA,0,0,NA,NA,NA,0,NA,0,0,0,0,0,NA,0,0,0,0,0,0,NA,NA,NA,0,0,0,0,NA,NA,NA,NA,NA,NA,NA,NA,NA,NA,NA,NA,NA,NA,NA,NA,NA,NA,NA,NA,NA,NA,NA,NA,NA,NA,NA,NA,NA
"377",0.926829268292683,0.833333333333333,0.710106382978723,0.693333333333333,0.646103896103896,0.5,0.192307692307692,0.155844155844156,0.0659340659340659,0.0263157894736842,0,0,0,0,0,0,0,0,0,0,0,0,0,0,0,0,0,0,0,0,0,0,0,0,0,0,0,0,0,0,0,0,0,0,0,0,0,0,0,0,0,0,0,0,0,0,0,0,0,0,NA,NA,NA,NA,NA,NA,NA,NA,NA,NA,NA,NA,NA,NA,NA,NA,NA,NA,NA,NA,NA,NA,NA,NA,NA,NA,NA
"378",0.872340425531915,0.319148936170213,1,0.199468085106383,0.819148936170213,0.127659574468085,0.553191489361702,0.819148936170213,0.242021276595745,0.404255319148936,0.659574468085106,0.436170212765957,0.00797872340425532,0.319148936170213,1,0.159574468085106,0.659574468085106,0.936170212765957,0.680851063829787,0.127659574468085,0.159574468085106,0.659574468085106,0.319148936170213,1,0.595744680851064,1,0.393617021276596,0.651595744680851,0.680851063829787,1,0.837765957446808,0.319148936170213,1,0.680851063829787,0.106382978723404,0.191489361702128,0.319148936170213,1,0.319148936170213,0.872340425531915,1,1,1,0.742021276595745,0.819148936170213,0.659574468085106,0.936170212765957,0.595744680851064,1,1,1,0.319148936170213,0.319148936170213,0.231382978723404,1,1,1,0.872340425531915,0.319148936170213,0.819148936170213,0,0,0,0,0,0,0,0,0,0,0,0,0,0,0,0,0,0,0,0,0,0,0,0,0,0,0
