"","rhaR","rhaS","exuR","csgD","mlrA","crp","galS","cra","mazF","phoB","cspA","fis","hns","uxuR","galR","mazE","zraR","asnC","dnaA","metR","cusR","puuR","yiaJ","putA","melR","araC","malI","idnR","mraZ","pdeL","prpR","fucR","lsrR","glcC","aidB","rbsR","betI","lldR","flhD","mlc","argP","glnG","soxR","oxyR","rob","narL","ompR","marA","fliZ","soxS","fur","cadC","yqjI","purR","tdcA","nhaR","hyfR","yeiL","dpiA","nikR","dcuR","metJ","adiY","flhC","ptsG","fhlA","pdhR","srlR","xylR","nac","gutM","marR","hdfR","stpA","yjjQ","evgA","bglJ","ydeO","gadW","gadX","leuO","lrp","gadE","rcsA","arcA","rcsB","fnr"
"1",NA,NA,NA,NA,NA,NA,NA,NA,NA,1,0,0,0,1,0,0,0,0,0,0,0,0,0,NA,0,NA,0,0,0,0,NA,0,NA,0,0,0,0,0,0,0,0,NA,0,0,0,0,NA,NA,0,0,0,NA,NA,NA,NA,NA,NA,NA,NA,NA,NA,NA,NA,NA,NA,NA,NA,NA,NA,NA,NA,NA,NA,NA,NA,NA,NA,NA,NA,NA,NA,NA,NA,NA,NA,NA,NA
"2",1,1,NA,1,1,1,0,1,NA,NA,1,1,1,0,0,NA,0,0,0,0,NA,NA,NA,0,0,0,0,0,0,0,0,0,0,0,0,0,0,0,0,0,0,0,0,0,0,0,0,0,NA,0,0,NA,NA,NA,NA,NA,NA,NA,NA,NA,NA,NA,NA,NA,NA,NA,NA,NA,NA,NA,NA,NA,NA,NA,NA,NA,NA,NA,NA,NA,NA,NA,NA,NA,NA,NA,NA
"3",1,1,NA,NA,NA,1,NA,1,NA,NA,0,0,0,0,1,1,0,0,0,0,NA,NA,NA,0,0,0,0,0,0,0,0,0,0,0,0,0,0,0,0,0,0,0,0,0,0,0,0,0,0,0,0,NA,NA,NA,NA,NA,NA,NA,NA,NA,NA,NA,NA,NA,NA,NA,NA,NA,NA,NA,NA,NA,NA,NA,NA,NA,NA,NA,NA,NA,NA,NA,NA,NA,NA,NA,NA
"4",1,1,NA,1,1,1,NA,1,NA,NA,0,0,0,0,NA,1,0,0,0,0,NA,NA,NA,0,0,0,0,0,0,0,0,0,0,0,0,0,0,0,0,0,0,0,0,0,0,0,0,0,NA,0,0,NA,NA,NA,NA,NA,NA,NA,NA,NA,NA,NA,NA,NA,NA,NA,NA,NA,NA,NA,NA,NA,NA,NA,NA,NA,NA,NA,NA,NA,NA,NA,NA,NA,NA,NA,NA
"5",1,1,NA,1,1,1,NA,1,1,NA,1,1,1,0,NA,NA,0,0,0,0,NA,NA,NA,0,0,0,0,0,0,0,0,0,0,0,0,0,0,0,0,0,0,0,0,0,0,0,0,0,NA,0,0,NA,NA,NA,NA,NA,NA,NA,NA,NA,NA,NA,NA,NA,NA,NA,NA,NA,NA,NA,NA,NA,NA,NA,NA,NA,NA,NA,NA,NA,NA,NA,NA,NA,NA,NA,NA
"6",1,1,NA,1,1,1,1,1,NA,NA,0,0,0,0,NA,1,0,0,0,0,NA,NA,NA,0,0,0,0,0,0,0,0,0,0,0,0,0,0,0,0,0,0,0,0,0,0,0,0,0,NA,0,0,NA,NA,NA,NA,NA,NA,NA,NA,NA,NA,NA,NA,NA,NA,NA,NA,NA,NA,NA,NA,NA,NA,NA,NA,NA,NA,NA,NA,NA,NA,NA,NA,NA,NA,NA,NA
"7",1,1,NA,1,1,1,1,1,NA,NA,1,1,1,0,NA,NA,0,0,0,0,NA,NA,NA,0,0,0,0,0,0,0,0,0,0,0,0,0,0,0,0,0,0,0,0,0,0,0,0,0,NA,0,0,NA,NA,NA,NA,NA,NA,NA,NA,NA,NA,NA,NA,NA,NA,NA,NA,NA,NA,NA,NA,NA,NA,NA,NA,NA,NA,NA,NA,NA,NA,NA,NA,NA,NA,NA,NA
"8",1,1,NA,1,1,1,NA,1,1,NA,1,1,1,0,NA,NA,0,0,0,0,NA,NA,NA,0,0,NA,0,0,0,0,0,0,0,0,0,0,0,0,0,0,0,0,0,0,0,0,0,0,NA,0,0,NA,NA,NA,NA,NA,NA,NA,NA,NA,NA,NA,NA,NA,NA,NA,NA,NA,NA,NA,NA,NA,NA,NA,NA,NA,NA,NA,NA,NA,NA,NA,NA,NA,NA,NA,NA
"9",1,1,NA,1,1,1,NA,1,1,NA,1,1,1,0,1,NA,0,0,0,0,NA,NA,NA,0,0,0,0,0,0,0,0,0,0,0,0,0,0,0,0,0,0,0,0,0,0,0,0,0,NA,0,0,NA,NA,NA,NA,NA,NA,NA,NA,NA,NA,NA,NA,NA,NA,NA,NA,NA,NA,NA,NA,NA,NA,NA,NA,NA,NA,NA,NA,NA,NA,NA,NA,NA,NA,NA,NA
"10",1,1,NA,1,1,1,0,1,1,NA,1,1,1,0,0,NA,0,0,0,0,NA,NA,NA,0,0,0,0,0,0,NA,0,0,0,0,0,0,0,0,0,0,0,0,0,0,0,0,0,0,NA,0,0,NA,NA,NA,NA,NA,NA,NA,NA,NA,NA,NA,NA,NA,NA,NA,NA,NA,NA,NA,NA,NA,NA,NA,NA,NA,NA,NA,NA,NA,NA,NA,NA,NA,NA,NA,NA
"11",1,1,NA,1,1,1,NA,1,1,NA,1,1,1,0,1,NA,0,0,0,0,NA,NA,NA,0,0,NA,0,0,0,0,0,0,0,0,0,0,0,0,0,0,0,0,0,0,0,0,0,0,NA,0,0,NA,NA,NA,NA,NA,NA,NA,NA,NA,NA,NA,NA,NA,NA,NA,NA,NA,NA,NA,NA,NA,NA,NA,NA,NA,NA,NA,NA,NA,NA,NA,NA,NA,NA,NA,NA
"12",1,1,NA,1,1,1,NA,1,NA,NA,1,1,1,0,NA,NA,0,0,0,0,NA,NA,NA,0,0,0,0,0,0,0,0,0,0,0,0,0,0,0,0,0,0,0,0,0,0,0,0,0,NA,0,0,NA,NA,NA,NA,NA,NA,NA,NA,NA,NA,NA,NA,NA,NA,NA,NA,NA,NA,NA,NA,NA,NA,NA,NA,NA,NA,NA,NA,NA,NA,NA,NA,NA,NA,NA,NA
"13",1,1,NA,1,1,1,NA,1,NA,NA,1,1,1,0,1,NA,0,0,0,0,NA,NA,NA,0,0,0,0,0,0,0,0,0,0,0,0,0,0,0,0,0,0,0,0,0,0,0,0,0,NA,0,0,NA,NA,NA,NA,NA,NA,NA,NA,NA,NA,NA,NA,NA,NA,NA,NA,NA,NA,NA,NA,NA,NA,NA,NA,NA,NA,NA,NA,NA,NA,NA,NA,NA,NA,NA,NA
"14",1,1,NA,1,1,1,NA,1,NA,NA,1,1,1,0,NA,NA,0,0,0,0,NA,NA,NA,0,0,0,0,0,0,NA,0,0,0,0,0,0,0,0,0,0,0,0,0,0,0,0,0,0,NA,0,0,NA,NA,NA,NA,NA,NA,NA,NA,NA,NA,NA,NA,NA,NA,NA,NA,NA,NA,NA,NA,NA,NA,NA,NA,NA,NA,NA,NA,NA,NA,NA,NA,NA,NA,NA,NA
"15",NA,NA,NA,1,1,1,NA,1,NA,NA,1,1,1,0,NA,NA,0,0,0,0,NA,NA,NA,0,0,0,0,0,0,0,0,0,0,0,0,0,0,0,0,0,0,0,0,0,0,0,0,0,NA,0,0,NA,NA,NA,NA,NA,NA,NA,NA,NA,NA,NA,NA,NA,NA,NA,NA,NA,NA,NA,NA,NA,NA,NA,NA,NA,NA,NA,NA,NA,NA,NA,NA,NA,NA,NA,NA
"16",1,1,NA,1,1,1,NA,1,NA,NA,0,0,0,0,NA,1,0,0,0,0,NA,NA,NA,0,0,0,0,0,0,NA,0,0,0,0,0,0,0,0,0,0,0,0,0,0,0,0,0,0,NA,0,0,NA,NA,NA,NA,NA,NA,NA,NA,NA,NA,NA,NA,NA,NA,NA,NA,NA,NA,NA,NA,NA,NA,NA,NA,NA,NA,NA,NA,NA,NA,NA,NA,NA,NA,NA,NA
"17",1,1,NA,NA,NA,1,NA,1,NA,NA,1,1,1,0,NA,NA,0,0,0,0,NA,NA,NA,0,0,0,0,0,0,0,0,0,0,0,0,0,0,0,0,0,0,0,0,0,0,0,0,0,0,0,0,NA,NA,NA,NA,NA,NA,NA,NA,NA,NA,NA,NA,NA,NA,NA,NA,NA,NA,NA,NA,NA,NA,NA,NA,NA,NA,NA,NA,NA,NA,NA,NA,NA,NA,NA,NA
"18",1,1,NA,1,1,1,NA,1,NA,NA,1,1,1,0,NA,NA,0,0,0,0,NA,NA,NA,0,0,NA,0,0,0,0,0,0,0,0,0,0,0,0,0,0,0,0,0,0,0,0,0,0,NA,0,0,NA,NA,NA,NA,NA,NA,NA,NA,NA,NA,NA,NA,NA,NA,NA,NA,NA,NA,NA,NA,NA,NA,NA,NA,NA,NA,NA,NA,NA,NA,NA,NA,NA,NA,NA,NA
"19",1,1,NA,1,1,1,NA,1,NA,NA,1,1,1,0,1,NA,0,0,0,0,NA,NA,NA,0,0,0,0,0,0,NA,0,0,0,0,0,0,0,0,0,0,0,0,0,0,0,0,0,0,NA,0,0,NA,NA,NA,NA,NA,NA,NA,NA,NA,NA,NA,NA,NA,NA,NA,NA,NA,NA,NA,NA,NA,NA,NA,NA,NA,NA,NA,NA,NA,NA,NA,NA,NA,NA,NA,NA
"20",NA,NA,NA,1,1,1,NA,1,NA,NA,0,0,0,0,NA,1,0,0,0,0,NA,NA,NA,0,0,0,0,0,0,0,0,0,0,0,0,0,0,0,0,0,0,0,0,0,0,0,0,0,NA,0,0,NA,NA,NA,NA,NA,NA,NA,NA,NA,NA,NA,NA,NA,NA,NA,NA,NA,NA,NA,NA,NA,NA,NA,NA,NA,NA,NA,NA,NA,NA,NA,NA,NA,NA,NA,NA
"21",1,1,NA,1,1,1,1,1,1,NA,1,1,1,0,NA,NA,0,0,0,0,NA,NA,NA,0,0,0,0,0,0,0,0,0,0,0,0,0,0,0,0,0,0,0,0,0,0,0,0,0,NA,0,0,NA,NA,NA,NA,NA,NA,NA,NA,NA,NA,NA,NA,NA,NA,NA,NA,NA,NA,NA,NA,NA,NA,NA,NA,NA,NA,NA,NA,NA,NA,NA,NA,NA,NA,NA,NA
"22",1,1,NA,1,1,1,NA,1,NA,NA,0,0,0,0,1,1,0,0,0,0,NA,NA,NA,0,0,0,0,0,0,0,0,0,0,0,0,0,0,0,0,0,0,0,0,0,0,0,0,0,NA,0,0,NA,NA,NA,NA,NA,NA,NA,NA,NA,NA,NA,NA,NA,NA,NA,NA,NA,NA,NA,NA,NA,NA,NA,NA,NA,NA,NA,NA,NA,NA,NA,NA,NA,NA,NA,NA
"23",1,1,NA,1,1,1,NA,1,NA,NA,0,0,0,0,NA,1,0,0,0,0,NA,NA,NA,0,0,NA,0,0,0,0,0,0,0,0,0,0,0,0,0,0,0,0,0,0,0,0,0,0,NA,0,0,NA,NA,NA,NA,NA,NA,NA,NA,NA,NA,NA,NA,NA,NA,NA,NA,NA,NA,NA,NA,NA,NA,NA,NA,NA,NA,NA,NA,NA,NA,NA,NA,NA,NA,NA,NA
"24",1,1,NA,1,1,1,NA,1,NA,NA,0,0,0,0,1,1,0,0,0,0,NA,NA,NA,0,0,0,0,0,0,NA,0,0,0,0,0,0,0,0,0,0,0,0,0,0,0,0,0,0,NA,0,0,NA,NA,NA,NA,NA,NA,NA,NA,NA,NA,NA,NA,NA,NA,NA,NA,NA,NA,NA,NA,NA,NA,NA,NA,NA,NA,NA,NA,NA,NA,NA,NA,NA,NA,NA,NA
"25",1,1,NA,1,1,1,1,1,NA,NA,1,1,1,0,NA,NA,0,0,0,0,NA,NA,NA,0,0,NA,0,0,0,0,0,0,0,0,0,0,0,0,0,0,0,0,0,0,0,0,0,0,NA,0,0,NA,NA,NA,NA,NA,NA,NA,NA,NA,NA,NA,NA,NA,NA,NA,NA,NA,NA,NA,NA,NA,NA,NA,NA,NA,NA,NA,NA,NA,NA,NA,NA,NA,NA,NA,NA
"26",1,1,NA,1,1,1,NA,1,NA,NA,1,1,1,0,1,NA,0,0,0,0,NA,NA,NA,0,0,NA,0,0,0,0,0,0,0,0,0,0,0,0,0,0,0,0,0,0,0,0,0,0,NA,0,0,NA,NA,NA,NA,NA,NA,NA,NA,NA,NA,NA,NA,NA,NA,NA,NA,NA,NA,NA,NA,NA,NA,NA,NA,NA,NA,NA,NA,NA,NA,NA,NA,NA,NA,NA,NA
"27",1,1,NA,1,1,1,1,1,NA,NA,0,0,0,0,NA,1,0,0,0,0,NA,NA,NA,0,0,NA,0,0,0,0,0,0,0,0,0,0,0,0,0,0,0,0,0,0,0,0,0,0,NA,0,0,NA,NA,NA,NA,NA,NA,NA,NA,NA,NA,NA,NA,NA,NA,NA,NA,NA,NA,NA,NA,NA,NA,NA,NA,NA,NA,NA,NA,NA,NA,NA,NA,NA,NA,NA,NA
"28",1,1,NA,1,1,1,NA,1,NA,NA,0,0,0,0,1,1,0,0,0,0,NA,NA,NA,0,0,NA,0,0,0,0,0,0,0,0,0,0,0,0,0,0,0,0,0,0,0,0,0,0,NA,0,0,NA,NA,NA,NA,NA,NA,NA,NA,NA,NA,NA,NA,NA,NA,NA,NA,NA,NA,NA,NA,NA,NA,NA,NA,NA,NA,NA,NA,NA,NA,NA,NA,NA,NA,NA,NA
"29",1,1,NA,1,1,1,NA,1,0,NA,1,1,1,0,NA,0,0,0,0,0,NA,NA,NA,0,0,NA,0,0,0,0,0,0,0,0,0,0,0,0,0,0,0,0,0,0,0,0,0,0,NA,0,0,NA,NA,NA,NA,NA,NA,NA,NA,NA,NA,NA,NA,NA,NA,NA,NA,NA,NA,NA,NA,NA,NA,NA,NA,NA,NA,NA,NA,NA,NA,NA,NA,NA,NA,NA,NA
"30",1,1,NA,1,1,1,NA,1,NA,NA,1,1,1,0,NA,NA,0,0,0,0,NA,NA,NA,0,0,NA,0,0,0,NA,0,0,0,0,0,0,0,0,0,0,0,0,0,0,0,0,0,0,NA,0,0,NA,NA,NA,NA,NA,NA,NA,NA,NA,NA,NA,NA,NA,NA,NA,NA,NA,NA,NA,NA,NA,NA,NA,NA,NA,NA,NA,NA,NA,NA,NA,NA,NA,NA,NA,NA
"31",1,1,NA,1,1,1,1,1,1,NA,1,1,1,0,NA,NA,0,0,0,0,NA,NA,NA,0,0,NA,0,0,0,0,0,0,0,0,0,0,0,0,0,0,0,0,0,0,0,0,0,0,NA,0,0,NA,NA,NA,NA,NA,NA,NA,NA,NA,NA,NA,NA,NA,NA,NA,NA,NA,NA,NA,NA,NA,NA,NA,NA,NA,NA,NA,NA,NA,NA,NA,NA,NA,NA,NA,NA
"32",1,1,NA,1,1,1,NA,1,NA,NA,0,0,0,0,NA,1,0,0,0,0,NA,NA,NA,0,0,NA,0,0,0,NA,0,0,0,0,0,0,0,0,0,0,0,0,0,0,0,0,0,0,NA,0,0,NA,NA,NA,NA,NA,NA,NA,NA,NA,NA,NA,NA,NA,NA,NA,NA,NA,NA,NA,NA,NA,NA,NA,NA,NA,NA,NA,NA,NA,NA,NA,NA,NA,NA,NA,NA
"33",1,1,NA,1,1,1,NA,1,0,NA,1,1,1,0,NA,0,0,0,0,0,NA,NA,NA,0,0,0,0,0,0,NA,0,0,0,0,0,0,0,0,0,0,0,0,0,0,0,0,0,0,NA,0,0,NA,NA,NA,NA,NA,NA,NA,NA,NA,NA,NA,NA,NA,NA,NA,NA,NA,NA,NA,NA,NA,NA,NA,NA,NA,NA,NA,NA,NA,NA,NA,NA,NA,NA,NA,NA
"34",1,1,NA,1,1,1,1,1,NA,NA,1,1,1,0,NA,NA,0,0,0,0,NA,NA,NA,0,0,0,0,0,0,NA,0,0,0,0,0,0,0,0,0,0,0,0,0,0,0,0,0,0,NA,0,0,NA,NA,NA,NA,NA,NA,NA,NA,NA,NA,NA,NA,NA,NA,NA,NA,NA,NA,NA,NA,NA,NA,NA,NA,NA,NA,NA,NA,NA,NA,NA,NA,NA,NA,NA,NA
"35",1,1,NA,1,1,1,NA,1,1,NA,1,1,1,0,NA,NA,0,0,0,0,NA,NA,NA,0,0,NA,0,0,0,NA,0,0,0,0,0,0,0,0,0,0,0,0,0,0,0,0,0,0,NA,0,0,NA,NA,NA,NA,NA,NA,NA,NA,NA,NA,NA,NA,NA,NA,NA,NA,NA,NA,NA,NA,NA,NA,NA,NA,NA,NA,NA,NA,NA,NA,NA,NA,NA,NA,NA,NA
"36",1,1,NA,1,1,1,1,1,NA,NA,0,0,0,0,NA,1,0,0,0,0,NA,NA,NA,0,0,0,0,0,0,NA,0,0,0,0,0,0,0,0,0,0,0,0,0,0,0,0,0,0,NA,0,0,NA,NA,NA,NA,NA,NA,NA,NA,NA,NA,NA,NA,NA,NA,NA,NA,NA,NA,NA,NA,NA,NA,NA,NA,NA,NA,NA,NA,NA,NA,NA,NA,NA,NA,NA,NA
"37",1,1,NA,1,1,1,NA,1,0,NA,1,1,1,0,NA,0,0,0,0,0,NA,NA,NA,0,0,NA,0,0,0,NA,0,0,0,0,0,0,0,0,0,0,0,0,0,0,0,0,0,0,NA,0,0,NA,NA,NA,NA,NA,NA,NA,NA,NA,NA,NA,NA,NA,NA,NA,NA,NA,NA,NA,NA,NA,NA,NA,NA,NA,NA,NA,NA,NA,NA,NA,NA,NA,NA,NA,NA
"38",1,1,NA,1,1,1,1,1,NA,NA,1,1,1,0,NA,NA,0,0,0,0,NA,NA,NA,0,0,NA,0,0,0,NA,0,0,0,0,0,0,0,0,0,0,0,0,0,0,0,0,0,0,NA,0,0,NA,NA,NA,NA,NA,NA,NA,NA,NA,NA,NA,NA,NA,NA,NA,NA,NA,NA,NA,NA,NA,NA,NA,NA,NA,NA,NA,NA,NA,NA,NA,NA,NA,NA,NA,NA
"39",1,1,NA,1,1,1,NA,1,1,NA,1,1,1,0,1,NA,0,0,0,0,NA,NA,NA,0,0,0,0,0,0,NA,0,0,0,0,0,0,0,0,0,0,0,0,0,0,0,0,0,0,NA,0,0,NA,NA,NA,NA,NA,NA,NA,NA,NA,NA,NA,NA,NA,NA,NA,NA,NA,NA,NA,NA,NA,NA,NA,NA,NA,NA,NA,NA,NA,NA,NA,NA,NA,NA,NA,NA
"40",1,1,NA,1,1,1,1,1,NA,NA,0,0,0,0,NA,1,0,0,0,0,NA,NA,NA,0,0,NA,0,0,0,NA,0,0,0,0,0,0,0,0,0,0,0,0,0,0,0,0,0,0,NA,0,0,NA,NA,NA,NA,NA,NA,NA,NA,NA,NA,NA,NA,NA,NA,NA,NA,NA,NA,NA,NA,NA,NA,NA,NA,NA,NA,NA,NA,NA,NA,NA,NA,NA,NA,NA,NA
"41",1,1,NA,1,1,1,NA,1,NA,NA,1,1,1,0,1,NA,0,0,0,0,NA,NA,NA,0,0,NA,0,0,0,NA,0,0,0,0,0,0,0,0,0,0,0,0,0,0,0,0,0,0,NA,0,0,NA,NA,NA,NA,NA,NA,NA,NA,NA,NA,NA,NA,NA,NA,NA,NA,NA,NA,NA,NA,NA,NA,NA,NA,NA,NA,NA,NA,NA,NA,NA,NA,NA,NA,NA,NA
"42",1,1,NA,1,1,1,NA,1,NA,NA,0,0,0,0,1,1,0,0,0,0,NA,NA,NA,0,0,NA,0,0,0,NA,0,0,0,0,0,0,0,0,0,0,0,0,0,0,0,0,0,0,NA,0,0,NA,NA,NA,NA,NA,NA,NA,NA,NA,NA,NA,NA,NA,NA,NA,NA,NA,NA,NA,NA,NA,NA,NA,NA,NA,NA,NA,NA,NA,NA,NA,NA,NA,NA,NA,NA
"43",1,1,NA,1,1,1,NA,1,1,NA,1,1,1,0,1,NA,0,0,0,0,NA,NA,NA,0,0,NA,0,0,0,NA,0,0,0,0,0,0,0,0,0,0,0,0,0,0,0,0,0,0,NA,0,0,NA,NA,NA,NA,NA,NA,NA,NA,NA,NA,NA,NA,NA,NA,NA,NA,NA,NA,NA,NA,NA,NA,NA,NA,NA,NA,NA,NA,NA,NA,NA,NA,NA,NA,NA,NA
"44",1,1,NA,1,1,1,1,1,1,NA,1,1,1,0,NA,NA,0,0,0,0,NA,NA,NA,0,0,0,0,0,0,NA,0,0,0,0,0,0,0,0,0,0,0,0,0,0,0,0,0,0,NA,0,0,NA,NA,NA,NA,NA,NA,NA,NA,NA,NA,NA,NA,NA,NA,NA,NA,NA,NA,NA,NA,NA,NA,NA,NA,NA,NA,NA,NA,NA,NA,NA,NA,NA,NA,NA,NA
"45",1,1,NA,1,1,1,1,1,1,NA,1,1,1,0,NA,NA,0,0,0,0,NA,NA,NA,0,0,NA,0,0,0,NA,0,0,0,0,0,0,0,0,0,0,0,0,0,0,0,0,0,0,NA,0,0,NA,NA,NA,NA,NA,NA,NA,NA,NA,NA,NA,NA,NA,NA,NA,NA,NA,NA,NA,NA,NA,NA,NA,NA,NA,NA,NA,NA,NA,NA,NA,NA,NA,NA,NA,NA
"46",1,1,NA,NA,NA,1,NA,1,NA,NA,0,0,0,0,NA,1,0,0,0,0,NA,NA,NA,0,0,0,0,0,0,0,0,0,0,0,0,0,0,0,0,0,0,0,0,0,0,0,0,0,0,0,0,NA,NA,NA,NA,NA,NA,NA,NA,NA,NA,NA,NA,NA,NA,NA,NA,NA,NA,NA,NA,NA,NA,NA,NA,NA,NA,NA,NA,NA,NA,NA,NA,NA,NA,NA,NA
"47",1,1,NA,NA,NA,1,NA,1,1,NA,1,1,1,0,NA,NA,0,0,0,0,NA,NA,NA,0,0,0,0,0,0,0,0,0,0,0,0,0,0,0,0,0,0,0,0,0,0,0,0,0,0,0,0,NA,NA,NA,NA,NA,NA,NA,NA,NA,NA,NA,NA,NA,NA,NA,NA,NA,NA,NA,NA,NA,NA,NA,NA,NA,NA,NA,NA,NA,NA,NA,NA,NA,NA,NA,NA
"48",1,1,NA,NA,NA,1,1,1,NA,NA,1,1,1,0,NA,NA,0,0,0,0,NA,NA,NA,0,0,0,0,0,0,0,0,0,0,0,0,0,0,0,0,0,0,0,0,0,0,0,0,0,0,0,0,NA,NA,NA,NA,NA,NA,NA,NA,NA,NA,NA,NA,NA,NA,NA,NA,NA,NA,NA,NA,NA,NA,NA,NA,NA,NA,NA,NA,NA,NA,NA,NA,NA,NA,NA,NA
"49",1,1,NA,NA,NA,1,NA,1,NA,NA,1,1,1,0,NA,NA,0,0,0,0,NA,NA,NA,0,0,0,0,0,0,NA,0,0,0,0,0,0,0,0,0,0,0,0,0,0,0,0,0,0,0,0,0,NA,NA,NA,NA,NA,NA,NA,NA,NA,NA,NA,NA,NA,NA,NA,NA,NA,NA,NA,NA,NA,NA,NA,NA,NA,NA,NA,NA,NA,NA,NA,NA,NA,NA,NA,NA
"50",1,1,NA,NA,NA,1,NA,1,NA,NA,1,1,1,0,1,NA,0,0,0,0,NA,NA,NA,0,0,0,0,0,0,0,0,0,0,0,0,0,0,0,0,0,0,0,0,0,0,0,0,0,0,0,0,NA,NA,NA,NA,NA,NA,NA,NA,NA,NA,NA,NA,NA,NA,NA,NA,NA,NA,NA,NA,NA,NA,NA,NA,NA,NA,NA,NA,NA,NA,NA,NA,NA,NA,NA,NA
"51",1,1,NA,NA,NA,1,NA,1,NA,NA,1,1,1,0,NA,NA,0,0,0,0,NA,NA,NA,0,0,NA,0,0,0,0,0,0,0,0,0,0,0,0,0,0,0,0,0,0,0,0,0,0,0,0,0,NA,NA,NA,NA,NA,NA,NA,NA,NA,NA,NA,NA,NA,NA,NA,NA,NA,NA,NA,NA,NA,NA,NA,NA,NA,NA,NA,NA,NA,NA,NA,NA,NA,NA,NA,NA
"52",1,1,NA,NA,NA,1,NA,1,0,NA,1,1,1,0,NA,0,0,0,0,0,NA,NA,NA,0,0,0,0,0,0,0,0,0,0,0,0,0,0,0,0,0,0,0,0,0,0,0,0,0,0,0,0,NA,NA,NA,NA,NA,NA,NA,NA,NA,NA,NA,NA,NA,NA,NA,NA,NA,NA,NA,NA,NA,NA,NA,NA,NA,NA,NA,NA,NA,NA,NA,NA,NA,NA,NA,NA
"53",1,1,NA,NA,NA,1,1,1,NA,NA,0,0,0,0,NA,1,0,0,0,0,NA,NA,NA,0,0,0,0,0,0,0,0,0,0,0,0,0,0,0,0,0,0,0,0,0,0,0,0,0,0,0,0,NA,NA,NA,NA,NA,NA,NA,NA,NA,NA,NA,NA,NA,NA,NA,NA,NA,NA,NA,NA,NA,NA,NA,NA,NA,NA,NA,NA,NA,NA,NA,NA,NA,NA,NA,NA
"54",1,1,NA,NA,NA,1,NA,1,NA,NA,0,0,0,0,NA,1,0,0,0,0,NA,NA,NA,0,0,0,0,0,0,NA,0,0,0,0,0,0,0,0,0,0,0,0,0,0,0,0,0,0,0,0,0,NA,NA,NA,NA,NA,NA,NA,NA,NA,NA,NA,NA,NA,NA,NA,NA,NA,NA,NA,NA,NA,NA,NA,NA,NA,NA,NA,NA,NA,NA,NA,NA,NA,NA,NA,NA
"55",1,1,NA,NA,NA,1,NA,1,1,NA,1,1,1,0,1,NA,0,0,0,0,NA,NA,NA,0,0,0,0,0,0,0,0,0,0,0,0,0,0,0,0,0,0,0,0,0,0,0,0,0,0,0,0,NA,NA,NA,NA,NA,NA,NA,NA,NA,NA,NA,NA,NA,NA,NA,NA,NA,NA,NA,NA,NA,NA,NA,NA,NA,NA,NA,NA,NA,NA,NA,NA,NA,NA,NA,NA
"56",1,1,NA,NA,NA,1,NA,1,NA,NA,0,0,0,0,NA,1,0,0,0,0,NA,NA,NA,0,0,NA,0,0,0,0,0,0,0,0,0,0,0,0,0,0,0,0,0,0,0,0,0,0,0,0,0,NA,NA,NA,NA,NA,NA,NA,NA,NA,NA,NA,NA,NA,NA,NA,NA,NA,NA,NA,NA,NA,NA,NA,NA,NA,NA,NA,NA,NA,NA,NA,NA,NA,NA,NA,NA
"57",1,1,NA,NA,NA,1,NA,1,1,NA,1,1,1,0,NA,NA,0,0,0,0,NA,NA,NA,0,0,0,0,0,0,NA,0,0,0,0,0,0,0,0,0,0,0,0,0,0,0,0,0,0,0,0,0,NA,NA,NA,NA,NA,NA,NA,NA,NA,NA,NA,NA,NA,NA,NA,NA,NA,NA,NA,NA,NA,NA,NA,NA,NA,NA,NA,NA,NA,NA,NA,NA,NA,NA,NA,NA
"58",1,1,NA,NA,NA,1,1,1,1,NA,1,1,1,0,NA,NA,0,0,0,0,NA,NA,NA,0,0,0,0,0,0,0,0,0,0,0,0,0,0,0,0,0,0,0,0,0,0,0,0,0,0,0,0,NA,NA,NA,NA,NA,NA,NA,NA,NA,NA,NA,NA,NA,NA,NA,NA,NA,NA,NA,NA,NA,NA,NA,NA,NA,NA,NA,NA,NA,NA,NA,NA,NA,NA,NA,NA
"59",1,1,NA,NA,NA,1,NA,1,NA,NA,1,1,1,0,NA,NA,0,0,0,0,NA,NA,NA,0,0,NA,0,0,0,NA,0,0,0,0,0,0,0,0,0,0,0,0,0,0,0,0,0,0,0,0,0,NA,NA,NA,NA,NA,NA,NA,NA,NA,NA,NA,NA,NA,NA,NA,NA,NA,NA,NA,NA,NA,NA,NA,NA,NA,NA,NA,NA,NA,NA,NA,NA,NA,NA,NA,NA
"60",1,1,NA,NA,NA,1,NA,1,NA,NA,1,1,1,0,1,NA,0,0,0,0,NA,NA,NA,0,0,0,0,0,0,NA,0,0,0,0,0,0,0,0,0,0,0,0,0,0,0,0,0,0,0,0,0,NA,NA,NA,NA,NA,NA,NA,NA,NA,NA,NA,NA,NA,NA,NA,NA,NA,NA,NA,NA,NA,NA,NA,NA,NA,NA,NA,NA,NA,NA,NA,NA,NA,NA,NA,NA
"61",1,1,NA,NA,NA,1,1,1,NA,NA,1,1,1,0,NA,NA,0,0,0,0,NA,NA,NA,0,0,NA,0,0,0,0,0,0,0,0,0,0,0,0,0,0,0,0,0,0,0,0,0,0,0,0,0,NA,NA,NA,NA,NA,NA,NA,NA,NA,NA,NA,NA,NA,NA,NA,NA,NA,NA,NA,NA,NA,NA,NA,NA,NA,NA,NA,NA,NA,NA,NA,NA,NA,NA,NA,NA
"62",1,1,NA,NA,NA,1,NA,1,0,NA,1,1,1,0,NA,0,0,0,0,0,NA,NA,NA,0,0,0,0,0,0,NA,0,0,0,0,0,0,0,0,0,0,0,0,0,0,0,0,0,0,0,0,0,NA,NA,NA,NA,NA,NA,NA,NA,NA,NA,NA,NA,NA,NA,NA,NA,NA,NA,NA,NA,NA,NA,NA,NA,NA,NA,NA,NA,NA,NA,NA,NA,NA,NA,NA,NA
"63",1,1,NA,NA,NA,1,NA,1,NA,NA,0,0,0,0,1,1,0,0,0,0,NA,NA,NA,0,0,0,0,0,0,NA,0,0,0,0,0,0,0,0,0,0,0,0,0,0,0,0,0,0,0,0,0,NA,NA,NA,NA,NA,NA,NA,NA,NA,NA,NA,NA,NA,NA,NA,NA,NA,NA,NA,NA,NA,NA,NA,NA,NA,NA,NA,NA,NA,NA,NA,NA,NA,NA,NA,NA
"64",1,1,NA,NA,NA,1,NA,1,1,NA,1,1,1,0,NA,NA,0,0,0,0,NA,NA,NA,0,0,NA,0,0,0,0,0,0,0,0,0,0,0,0,0,0,0,0,0,0,0,0,0,0,0,0,0,NA,NA,NA,NA,NA,NA,NA,NA,NA,NA,NA,NA,NA,NA,NA,NA,NA,NA,NA,NA,NA,NA,NA,NA,NA,NA,NA,NA,NA,NA,NA,NA,NA,NA,NA,NA
"65",1,1,NA,NA,NA,1,1,1,NA,NA,1,1,1,0,NA,NA,0,0,0,0,NA,NA,NA,0,0,0,0,0,0,NA,0,0,0,0,0,0,0,0,0,0,0,0,0,0,0,0,0,0,0,0,0,NA,NA,NA,NA,NA,NA,NA,NA,NA,NA,NA,NA,NA,NA,NA,NA,NA,NA,NA,NA,NA,NA,NA,NA,NA,NA,NA,NA,NA,NA,NA,NA,NA,NA,NA,NA
"66",1,1,NA,NA,NA,1,NA,1,NA,NA,0,0,0,0,NA,1,0,0,0,0,NA,NA,NA,0,0,NA,0,0,0,NA,0,0,0,0,0,0,0,0,0,0,0,0,0,0,0,0,0,0,0,0,0,NA,NA,NA,NA,NA,NA,NA,NA,NA,NA,NA,NA,NA,NA,NA,NA,NA,NA,NA,NA,NA,NA,NA,NA,NA,NA,NA,NA,NA,NA,NA,NA,NA,NA,NA,NA
"67",1,1,NA,NA,NA,1,NA,1,1,NA,1,1,1,0,1,NA,0,0,0,0,NA,NA,NA,0,0,0,0,0,0,NA,0,0,0,0,0,0,0,0,0,0,0,0,0,0,0,0,0,0,0,0,0,NA,NA,NA,NA,NA,NA,NA,NA,NA,NA,NA,NA,NA,NA,NA,NA,NA,NA,NA,NA,NA,NA,NA,NA,NA,NA,NA,NA,NA,NA,NA,NA,NA,NA,NA,NA
"68",1,1,NA,NA,NA,1,NA,1,0,NA,1,1,1,0,NA,0,0,0,0,0,NA,NA,NA,0,0,NA,0,0,0,0,0,0,0,0,0,0,0,0,0,0,0,0,0,0,0,0,0,0,0,0,0,NA,NA,NA,NA,NA,NA,NA,NA,NA,NA,NA,NA,NA,NA,NA,NA,NA,NA,NA,NA,NA,NA,NA,NA,NA,NA,NA,NA,NA,NA,NA,NA,NA,NA,NA,NA
"69",1,1,NA,NA,NA,1,NA,1,NA,NA,1,1,1,0,1,NA,0,0,0,0,NA,NA,NA,0,0,NA,0,0,0,0,0,0,0,0,0,0,0,0,0,0,0,0,0,0,0,0,0,0,0,0,0,NA,NA,NA,NA,NA,NA,NA,NA,NA,NA,NA,NA,NA,NA,NA,NA,NA,NA,NA,NA,NA,NA,NA,NA,NA,NA,NA,NA,NA,NA,NA,NA,NA,NA,NA,NA
"70",1,1,NA,NA,NA,1,NA,1,1,NA,1,1,1,0,NA,NA,0,0,0,0,NA,NA,NA,0,0,NA,0,0,0,NA,0,0,0,0,0,0,0,0,0,0,0,0,0,0,0,0,0,0,0,0,0,NA,NA,NA,NA,NA,NA,NA,NA,NA,NA,NA,NA,NA,NA,NA,NA,NA,NA,NA,NA,NA,NA,NA,NA,NA,NA,NA,NA,NA,NA,NA,NA,NA,NA,NA,NA
"71",1,1,NA,NA,NA,1,1,1,NA,NA,0,0,0,0,NA,1,0,0,0,0,NA,NA,NA,0,0,NA,0,0,0,0,0,0,0,0,0,0,0,0,0,0,0,0,0,0,0,0,0,0,0,0,0,NA,NA,NA,NA,NA,NA,NA,NA,NA,NA,NA,NA,NA,NA,NA,NA,NA,NA,NA,NA,NA,NA,NA,NA,NA,NA,NA,NA,NA,NA,NA,NA,NA,NA,NA,NA
"72",1,1,NA,NA,NA,1,1,1,NA,NA,0,0,0,0,NA,1,0,0,0,0,NA,NA,NA,0,0,0,0,0,0,NA,0,0,0,0,0,0,0,0,0,0,0,0,0,0,0,0,0,0,0,0,0,NA,NA,NA,NA,NA,NA,NA,NA,NA,NA,NA,NA,NA,NA,NA,NA,NA,NA,NA,NA,NA,NA,NA,NA,NA,NA,NA,NA,NA,NA,NA,NA,NA,NA,NA,NA
"73",1,1,NA,NA,NA,1,1,1,1,NA,1,1,1,0,NA,NA,0,0,0,0,NA,NA,NA,0,0,0,0,0,0,NA,0,0,0,0,0,0,0,0,0,0,0,0,0,0,0,0,0,0,0,0,0,NA,NA,NA,NA,NA,NA,NA,NA,NA,NA,NA,NA,NA,NA,NA,NA,NA,NA,NA,NA,NA,NA,NA,NA,NA,NA,NA,NA,NA,NA,NA,NA,NA,NA,NA,NA
"74",1,1,NA,NA,NA,1,NA,1,NA,NA,0,0,0,0,1,1,0,0,0,0,NA,NA,NA,0,0,NA,0,0,0,0,0,0,0,0,0,0,0,0,0,0,0,0,0,0,0,0,0,0,0,0,0,NA,NA,NA,NA,NA,NA,NA,NA,NA,NA,NA,NA,NA,NA,NA,NA,NA,NA,NA,NA,NA,NA,NA,NA,NA,NA,NA,NA,NA,NA,NA,NA,NA,NA,NA,NA
"75",1,1,NA,NA,NA,1,NA,1,0,NA,1,1,1,0,NA,0,0,0,0,0,NA,NA,NA,0,0,NA,0,0,0,NA,0,0,0,0,0,0,0,0,0,0,0,0,0,0,0,0,0,0,0,0,0,NA,NA,NA,NA,NA,NA,NA,NA,NA,NA,NA,NA,NA,NA,NA,NA,NA,NA,NA,NA,NA,NA,NA,NA,NA,NA,NA,NA,NA,NA,NA,NA,NA,NA,NA,NA
"76",1,1,NA,NA,NA,1,1,1,1,NA,1,1,1,0,NA,NA,0,0,0,0,NA,NA,NA,0,0,NA,0,0,0,0,0,0,0,0,0,0,0,0,0,0,0,0,0,0,0,0,0,0,0,0,0,NA,NA,NA,NA,NA,NA,NA,NA,NA,NA,NA,NA,NA,NA,NA,NA,NA,NA,NA,NA,NA,NA,NA,NA,NA,NA,NA,NA,NA,NA,NA,NA,NA,NA,NA,NA
"77",1,1,NA,NA,NA,1,1,1,NA,NA,1,1,1,0,NA,NA,0,0,0,0,NA,NA,NA,0,0,NA,0,0,0,NA,0,0,0,0,0,0,0,0,0,0,0,0,0,0,0,0,0,0,0,0,0,NA,NA,NA,NA,NA,NA,NA,NA,NA,NA,NA,NA,NA,NA,NA,NA,NA,NA,NA,NA,NA,NA,NA,NA,NA,NA,NA,NA,NA,NA,NA,NA,NA,NA,NA,NA
"78",1,1,NA,NA,NA,1,NA,1,1,NA,1,1,1,0,1,NA,0,0,0,0,NA,NA,NA,0,0,NA,0,0,0,0,0,0,0,0,0,0,0,0,0,0,0,0,0,0,0,0,0,0,0,0,0,NA,NA,NA,NA,NA,NA,NA,NA,NA,NA,NA,NA,NA,NA,NA,NA,NA,NA,NA,NA,NA,NA,NA,NA,NA,NA,NA,NA,NA,NA,NA,NA,NA,NA,NA,NA
"79",1,1,NA,NA,NA,1,1,1,NA,NA,0,0,0,0,NA,1,0,0,0,0,NA,NA,NA,0,0,NA,0,0,0,NA,0,0,0,0,0,0,0,0,0,0,0,0,0,0,0,0,0,0,0,0,0,NA,NA,NA,NA,NA,NA,NA,NA,NA,NA,NA,NA,NA,NA,NA,NA,NA,NA,NA,NA,NA,NA,NA,NA,NA,NA,NA,NA,NA,NA,NA,NA,NA,NA,NA,NA
"80",1,1,NA,NA,NA,1,1,1,1,NA,1,1,1,0,NA,NA,0,0,0,0,NA,NA,NA,0,0,NA,0,0,0,NA,0,0,0,0,0,0,0,0,0,0,0,0,0,0,0,0,0,0,0,0,0,NA,NA,NA,NA,NA,NA,NA,NA,NA,NA,NA,NA,NA,NA,NA,NA,NA,NA,NA,NA,NA,NA,NA,NA,NA,NA,NA,NA,NA,NA,NA,NA,NA,NA,NA,NA
"81",1,1,NA,NA,NA,1,NA,1,NA,NA,1,1,1,0,1,NA,0,0,0,0,NA,NA,NA,0,0,NA,0,0,0,NA,0,0,0,0,0,0,0,0,0,0,0,0,0,0,0,0,0,0,0,0,0,NA,NA,NA,NA,NA,NA,NA,NA,NA,NA,NA,NA,NA,NA,NA,NA,NA,NA,NA,NA,NA,NA,NA,NA,NA,NA,NA,NA,NA,NA,NA,NA,NA,NA,NA,NA
"82",1,1,NA,NA,NA,1,NA,1,NA,NA,0,0,0,0,1,1,0,0,0,0,NA,NA,NA,0,0,NA,0,0,0,NA,0,0,0,0,0,0,0,0,0,0,0,0,0,0,0,0,0,0,0,0,0,NA,NA,NA,NA,NA,NA,NA,NA,NA,NA,NA,NA,NA,NA,NA,NA,NA,NA,NA,NA,NA,NA,NA,NA,NA,NA,NA,NA,NA,NA,NA,NA,NA,NA,NA,NA
"83",1,1,NA,NA,NA,1,NA,1,1,NA,1,1,1,0,1,NA,0,0,0,0,NA,NA,NA,0,0,NA,0,0,0,NA,0,0,0,0,0,0,0,0,0,0,0,0,0,0,0,0,0,0,0,0,0,NA,NA,NA,NA,NA,NA,NA,NA,NA,NA,NA,NA,NA,NA,NA,NA,NA,NA,NA,NA,NA,NA,NA,NA,NA,NA,NA,NA,NA,NA,NA,NA,NA,NA,NA,NA
"84",NA,NA,NA,1,1,1,NA,1,NA,NA,1,1,1,0,NA,NA,0,0,0,0,NA,NA,NA,0,0,0,0,0,0,NA,0,0,0,0,0,0,0,0,0,0,0,0,0,0,0,0,0,0,NA,0,0,NA,NA,NA,NA,NA,NA,NA,NA,NA,NA,NA,NA,NA,NA,NA,NA,NA,NA,NA,NA,NA,NA,NA,NA,NA,NA,NA,NA,NA,NA,NA,NA,NA,NA,NA,NA
"85",NA,NA,NA,1,1,1,NA,1,NA,NA,1,1,1,0,NA,NA,0,0,0,0,NA,NA,NA,0,0,NA,0,0,0,0,0,0,0,0,0,0,0,0,0,0,0,0,0,0,0,0,0,0,NA,0,0,NA,NA,NA,NA,NA,NA,NA,NA,NA,NA,NA,NA,NA,NA,NA,NA,NA,NA,NA,NA,NA,NA,NA,NA,NA,NA,NA,NA,NA,NA,NA,NA,NA,NA,NA,NA
"86",NA,NA,NA,1,1,1,NA,1,1,NA,1,1,1,0,NA,NA,0,0,0,0,NA,NA,NA,0,0,0,0,0,0,0,0,0,0,0,0,0,0,0,0,0,0,0,0,0,0,0,0,0,NA,0,0,NA,NA,NA,NA,NA,NA,NA,NA,NA,NA,NA,NA,NA,NA,NA,NA,NA,NA,NA,NA,NA,NA,NA,NA,NA,NA,NA,NA,NA,NA,NA,NA,NA,NA,NA,NA
"87",NA,NA,NA,1,1,1,NA,1,NA,NA,1,1,1,0,1,NA,0,0,0,0,NA,NA,NA,0,0,0,0,0,0,0,0,0,0,0,0,0,0,0,0,0,0,0,0,0,0,0,0,0,NA,0,0,NA,NA,NA,NA,NA,NA,NA,NA,NA,NA,NA,NA,NA,NA,NA,NA,NA,NA,NA,NA,NA,NA,NA,NA,NA,NA,NA,NA,NA,NA,NA,NA,NA,NA,NA,NA
"88",NA,NA,NA,1,1,1,1,1,NA,NA,1,1,1,0,NA,NA,0,0,0,0,NA,NA,NA,0,0,0,0,0,0,0,0,0,0,0,0,0,0,0,0,0,0,0,0,0,0,0,0,0,NA,0,0,NA,NA,NA,NA,NA,NA,NA,NA,NA,NA,NA,NA,NA,NA,NA,NA,NA,NA,NA,NA,NA,NA,NA,NA,NA,NA,NA,NA,NA,NA,NA,NA,NA,NA,NA,NA
"89",NA,NA,NA,1,1,1,NA,1,NA,NA,0,0,0,0,NA,1,0,0,0,0,NA,NA,NA,0,0,0,0,0,0,NA,0,0,0,0,0,0,0,0,0,0,0,0,0,0,0,0,0,0,NA,0,0,NA,NA,NA,NA,NA,NA,NA,NA,NA,NA,NA,NA,NA,NA,NA,NA,NA,NA,NA,NA,NA,NA,NA,NA,NA,NA,NA,NA,NA,NA,NA,NA,NA,NA,NA,NA
"90",NA,NA,NA,1,1,1,NA,1,NA,NA,0,0,0,0,NA,1,0,0,0,0,NA,NA,NA,0,0,NA,0,0,0,0,0,0,0,0,0,0,0,0,0,0,0,0,0,0,0,0,0,0,NA,0,0,NA,NA,NA,NA,NA,NA,NA,NA,NA,NA,NA,NA,NA,NA,NA,NA,NA,NA,NA,NA,NA,NA,NA,NA,NA,NA,NA,NA,NA,NA,NA,NA,NA,NA,NA,NA
"91",NA,NA,NA,1,1,1,NA,1,0,NA,1,1,1,0,NA,0,0,0,0,0,NA,NA,NA,0,0,0,0,0,0,0,0,0,0,0,0,0,0,0,0,0,0,0,0,0,0,0,0,0,NA,0,0,NA,NA,NA,NA,NA,NA,NA,NA,NA,NA,NA,NA,NA,NA,NA,NA,NA,NA,NA,NA,NA,NA,NA,NA,NA,NA,NA,NA,NA,NA,NA,NA,NA,NA,NA,NA
"92",NA,NA,NA,1,1,1,NA,1,NA,NA,0,0,0,0,1,1,0,0,0,0,NA,NA,NA,0,0,0,0,0,0,0,0,0,0,0,0,0,0,0,0,0,0,0,0,0,0,0,0,0,NA,0,0,NA,NA,NA,NA,NA,NA,NA,NA,NA,NA,NA,NA,NA,NA,NA,NA,NA,NA,NA,NA,NA,NA,NA,NA,NA,NA,NA,NA,NA,NA,NA,NA,NA,NA,NA,NA
"93",NA,NA,NA,1,1,1,1,1,NA,NA,0,0,0,0,NA,1,0,0,0,0,NA,NA,NA,0,0,0,0,0,0,0,0,0,0,0,0,0,0,0,0,0,0,0,0,0,0,0,0,0,NA,0,0,NA,NA,NA,NA,NA,NA,NA,NA,NA,NA,NA,NA,NA,NA,NA,NA,NA,NA,NA,NA,NA,NA,NA,NA,NA,NA,NA,NA,NA,NA,NA,NA,NA,NA,NA,NA
"94",NA,NA,NA,1,1,1,NA,1,1,NA,1,1,1,0,NA,NA,0,0,0,0,NA,NA,NA,0,0,0,0,0,0,NA,0,0,0,0,0,0,0,0,0,0,0,0,0,0,0,0,0,0,NA,0,0,NA,NA,NA,NA,NA,NA,NA,NA,NA,NA,NA,NA,NA,NA,NA,NA,NA,NA,NA,NA,NA,NA,NA,NA,NA,NA,NA,NA,NA,NA,NA,NA,NA,NA,NA,NA
"95",NA,NA,NA,1,1,1,NA,1,NA,NA,1,1,1,0,1,NA,0,0,0,0,NA,NA,NA,0,0,NA,0,0,0,0,0,0,0,0,0,0,0,0,0,0,0,0,0,0,0,0,0,0,NA,0,0,NA,NA,NA,NA,NA,NA,NA,NA,NA,NA,NA,NA,NA,NA,NA,NA,NA,NA,NA,NA,NA,NA,NA,NA,NA,NA,NA,NA,NA,NA,NA,NA,NA,NA,NA,NA
"96",NA,NA,NA,1,1,1,1,1,1,NA,1,1,1,0,NA,NA,0,0,0,0,NA,NA,NA,0,0,0,0,0,0,0,0,0,0,0,0,0,0,0,0,0,0,0,0,0,0,0,0,0,NA,0,0,NA,NA,NA,NA,NA,NA,NA,NA,NA,NA,NA,NA,NA,NA,NA,NA,NA,NA,NA,NA,NA,NA,NA,NA,NA,NA,NA,NA,NA,NA,NA,NA,NA,NA,NA,NA
"97",NA,NA,NA,1,1,1,NA,1,NA,NA,1,1,1,0,1,NA,0,0,0,0,NA,NA,NA,0,0,0,0,0,0,NA,0,0,0,0,0,0,0,0,0,0,0,0,0,0,0,0,0,0,NA,0,0,NA,NA,NA,NA,NA,NA,NA,NA,NA,NA,NA,NA,NA,NA,NA,NA,NA,NA,NA,NA,NA,NA,NA,NA,NA,NA,NA,NA,NA,NA,NA,NA,NA,NA,NA,NA
"98",NA,NA,NA,1,1,1,1,1,NA,NA,1,1,1,0,NA,NA,0,0,0,0,NA,NA,NA,0,0,NA,0,0,0,0,0,0,0,0,0,0,0,0,0,0,0,0,0,0,0,0,0,0,NA,0,0,NA,NA,NA,NA,NA,NA,NA,NA,NA,NA,NA,NA,NA,NA,NA,NA,NA,NA,NA,NA,NA,NA,NA,NA,NA,NA,NA,NA,NA,NA,NA,NA,NA,NA,NA,NA
"99",NA,NA,NA,1,1,1,NA,1,1,NA,1,1,1,0,1,NA,0,0,0,0,NA,NA,NA,0,0,0,0,0,0,0,0,0,0,0,0,0,0,0,0,0,0,0,0,0,0,0,0,0,NA,0,0,NA,NA,NA,NA,NA,NA,NA,NA,NA,NA,NA,NA,NA,NA,NA,NA,NA,NA,NA,NA,NA,NA,NA,NA,NA,NA,NA,NA,NA,NA,NA,NA,NA,NA,NA,NA
"100",NA,NA,NA,1,1,1,1,1,NA,NA,1,1,1,0,NA,NA,0,0,0,0,NA,NA,NA,0,0,0,0,0,0,NA,0,0,0,0,0,0,0,0,0,0,0,0,0,0,0,0,0,0,NA,0,0,NA,NA,NA,NA,NA,NA,NA,NA,NA,NA,NA,NA,NA,NA,NA,NA,NA,NA,NA,NA,NA,NA,NA,NA,NA,NA,NA,NA,NA,NA,NA,NA,NA,NA,NA,NA
"101",NA,NA,NA,1,1,1,NA,1,1,NA,1,1,1,0,NA,NA,0,0,0,0,NA,NA,NA,0,0,NA,0,0,0,0,0,0,0,0,0,0,0,0,0,0,0,0,0,0,0,0,0,0,NA,0,0,NA,NA,NA,NA,NA,NA,NA,NA,NA,NA,NA,NA,NA,NA,NA,NA,NA,NA,NA,NA,NA,NA,NA,NA,NA,NA,NA,NA,NA,NA,NA,NA,NA,NA,NA,NA
"102",NA,NA,NA,1,1,1,NA,1,0,NA,1,1,1,0,NA,0,0,0,0,0,NA,NA,NA,0,0,0,0,0,0,NA,0,0,0,0,0,0,0,0,0,0,0,0,0,0,0,0,0,0,NA,0,0,NA,NA,NA,NA,NA,NA,NA,NA,NA,NA,NA,NA,NA,NA,NA,NA,NA,NA,NA,NA,NA,NA,NA,NA,NA,NA,NA,NA,NA,NA,NA,NA,NA,NA,NA,NA
"103",NA,NA,NA,1,1,1,NA,1,NA,NA,1,1,1,0,NA,NA,0,0,0,0,NA,NA,NA,0,0,NA,0,0,0,NA,0,0,0,0,0,0,0,0,0,0,0,0,0,0,0,0,0,0,NA,0,0,NA,NA,NA,NA,NA,NA,NA,NA,NA,NA,NA,NA,NA,NA,NA,NA,NA,NA,NA,NA,NA,NA,NA,NA,NA,NA,NA,NA,NA,NA,NA,NA,NA,NA,NA,NA
"104",NA,NA,NA,1,1,1,NA,1,NA,NA,0,0,0,0,1,1,0,0,0,0,NA,NA,NA,0,0,NA,0,0,0,0,0,0,0,0,0,0,0,0,0,0,0,0,0,0,0,0,0,0,NA,0,0,NA,NA,NA,NA,NA,NA,NA,NA,NA,NA,NA,NA,NA,NA,NA,NA,NA,NA,NA,NA,NA,NA,NA,NA,NA,NA,NA,NA,NA,NA,NA,NA,NA,NA,NA,NA
"105",NA,NA,NA,1,1,1,NA,1,NA,NA,0,0,0,0,NA,1,0,0,0,0,NA,NA,NA,0,0,NA,0,0,0,NA,0,0,0,0,0,0,0,0,0,0,0,0,0,0,0,0,0,0,NA,0,0,NA,NA,NA,NA,NA,NA,NA,NA,NA,NA,NA,NA,NA,NA,NA,NA,NA,NA,NA,NA,NA,NA,NA,NA,NA,NA,NA,NA,NA,NA,NA,NA,NA,NA,NA,NA
"106",NA,NA,NA,1,1,1,1,1,NA,NA,0,0,0,0,NA,1,0,0,0,0,NA,NA,NA,0,0,NA,0,0,0,0,0,0,0,0,0,0,0,0,0,0,0,0,0,0,0,0,0,0,NA,0,0,NA,NA,NA,NA,NA,NA,NA,NA,NA,NA,NA,NA,NA,NA,NA,NA,NA,NA,NA,NA,NA,NA,NA,NA,NA,NA,NA,NA,NA,NA,NA,NA,NA,NA,NA,NA
"107",NA,NA,NA,1,1,1,1,1,NA,NA,0,0,0,0,NA,1,0,0,0,0,NA,NA,NA,0,0,0,0,0,0,NA,0,0,0,0,0,0,0,0,0,0,0,0,0,0,0,0,0,0,NA,0,0,NA,NA,NA,NA,NA,NA,NA,NA,NA,NA,NA,NA,NA,NA,NA,NA,NA,NA,NA,NA,NA,NA,NA,NA,NA,NA,NA,NA,NA,NA,NA,NA,NA,NA,NA,NA
"108",NA,NA,NA,1,1,1,NA,1,NA,NA,0,0,0,0,1,1,0,0,0,0,NA,NA,NA,0,0,0,0,0,0,NA,0,0,0,0,0,0,0,0,0,0,0,0,0,0,0,0,0,0,NA,0,0,NA,NA,NA,NA,NA,NA,NA,NA,NA,NA,NA,NA,NA,NA,NA,NA,NA,NA,NA,NA,NA,NA,NA,NA,NA,NA,NA,NA,NA,NA,NA,NA,NA,NA,NA,NA
"109",NA,NA,NA,1,1,1,NA,1,0,NA,1,1,1,0,NA,0,0,0,0,0,NA,NA,NA,0,0,NA,0,0,0,0,0,0,0,0,0,0,0,0,0,0,0,0,0,0,0,0,0,0,NA,0,0,NA,NA,NA,NA,NA,NA,NA,NA,NA,NA,NA,NA,NA,NA,NA,NA,NA,NA,NA,NA,NA,NA,NA,NA,NA,NA,NA,NA,NA,NA,NA,NA,NA,NA,NA,NA
"110",NA,NA,NA,1,1,1,1,1,1,NA,1,1,1,0,NA,NA,0,0,0,0,NA,NA,NA,0,0,NA,0,0,0,0,0,0,0,0,0,0,0,0,0,0,0,0,0,0,0,0,0,0,NA,0,0,NA,NA,NA,NA,NA,NA,NA,NA,NA,NA,NA,NA,NA,NA,NA,NA,NA,NA,NA,NA,NA,NA,NA,NA,NA,NA,NA,NA,NA,NA,NA,NA,NA,NA,NA,NA
"111",NA,NA,NA,1,1,1,1,1,NA,NA,1,1,1,0,NA,NA,0,0,0,0,NA,NA,NA,0,0,NA,0,0,0,NA,0,0,0,0,0,0,0,0,0,0,0,0,0,0,0,0,0,0,NA,0,0,NA,NA,NA,NA,NA,NA,NA,NA,NA,NA,NA,NA,NA,NA,NA,NA,NA,NA,NA,NA,NA,NA,NA,NA,NA,NA,NA,NA,NA,NA,NA,NA,NA,NA,NA,NA
"112",NA,NA,NA,1,1,1,NA,1,1,NA,1,1,1,0,1,NA,0,0,0,0,NA,NA,NA,0,0,0,0,0,0,NA,0,0,0,0,0,0,0,0,0,0,0,0,0,0,0,0,0,0,NA,0,0,NA,NA,NA,NA,NA,NA,NA,NA,NA,NA,NA,NA,NA,NA,NA,NA,NA,NA,NA,NA,NA,NA,NA,NA,NA,NA,NA,NA,NA,NA,NA,NA,NA,NA,NA,NA
"113",NA,NA,NA,1,1,1,NA,1,1,NA,1,1,1,0,NA,NA,0,0,0,0,NA,NA,NA,0,0,NA,0,0,0,NA,0,0,0,0,0,0,0,0,0,0,0,0,0,0,0,0,0,0,NA,0,0,NA,NA,NA,NA,NA,NA,NA,NA,NA,NA,NA,NA,NA,NA,NA,NA,NA,NA,NA,NA,NA,NA,NA,NA,NA,NA,NA,NA,NA,NA,NA,NA,NA,NA,NA,NA
"114",NA,NA,NA,1,1,1,NA,1,NA,NA,1,1,1,0,1,NA,0,0,0,0,NA,NA,NA,0,0,NA,0,0,0,NA,0,0,0,0,0,0,0,0,0,0,0,0,0,0,0,0,0,0,NA,0,0,NA,NA,NA,NA,NA,NA,NA,NA,NA,NA,NA,NA,NA,NA,NA,NA,NA,NA,NA,NA,NA,NA,NA,NA,NA,NA,NA,NA,NA,NA,NA,NA,NA,NA,NA,NA
"115",NA,NA,NA,1,1,1,NA,1,0,NA,1,1,1,0,NA,0,0,0,0,0,NA,NA,NA,0,0,NA,0,0,0,NA,0,0,0,0,0,0,0,0,0,0,0,0,0,0,0,0,0,0,NA,0,0,NA,NA,NA,NA,NA,NA,NA,NA,NA,NA,NA,NA,NA,NA,NA,NA,NA,NA,NA,NA,NA,NA,NA,NA,NA,NA,NA,NA,NA,NA,NA,NA,NA,NA,NA,NA
"116",NA,NA,NA,1,1,1,1,1,NA,NA,0,0,0,0,NA,1,0,0,0,0,NA,NA,NA,0,0,NA,0,0,0,NA,0,0,0,0,0,0,0,0,0,0,0,0,0,0,0,0,0,0,NA,0,0,NA,NA,NA,NA,NA,NA,NA,NA,NA,NA,NA,NA,NA,NA,NA,NA,NA,NA,NA,NA,NA,NA,NA,NA,NA,NA,NA,NA,NA,NA,NA,NA,NA,NA,NA,NA
"117",NA,NA,NA,1,1,1,1,1,1,NA,1,1,1,0,NA,NA,0,0,0,0,NA,NA,NA,0,0,0,0,0,0,NA,0,0,0,0,0,0,0,0,0,0,0,0,0,0,0,0,0,0,NA,0,0,NA,NA,NA,NA,NA,NA,NA,NA,NA,NA,NA,NA,NA,NA,NA,NA,NA,NA,NA,NA,NA,NA,NA,NA,NA,NA,NA,NA,NA,NA,NA,NA,NA,NA,NA,NA
"118",NA,NA,NA,1,1,1,1,1,1,NA,1,1,1,0,NA,NA,0,0,0,0,NA,NA,NA,0,0,NA,0,0,0,NA,0,0,0,0,0,0,0,0,0,0,0,0,0,0,0,0,0,0,NA,0,0,NA,NA,NA,NA,NA,NA,NA,NA,NA,NA,NA,NA,NA,NA,NA,NA,NA,NA,NA,NA,NA,NA,NA,NA,NA,NA,NA,NA,NA,NA,NA,NA,NA,NA,NA,NA
"119",NA,NA,NA,1,1,1,NA,1,1,NA,1,1,1,0,1,NA,0,0,0,0,NA,NA,NA,0,0,NA,0,0,0,0,0,0,0,0,0,0,0,0,0,0,0,0,0,0,0,0,0,0,NA,0,0,NA,NA,NA,NA,NA,NA,NA,NA,NA,NA,NA,NA,NA,NA,NA,NA,NA,NA,NA,NA,NA,NA,NA,NA,NA,NA,NA,NA,NA,NA,NA,NA,NA,NA,NA,NA
"120",NA,NA,NA,1,1,1,NA,1,NA,NA,0,0,0,0,1,1,0,0,0,0,NA,NA,NA,0,0,NA,0,0,0,NA,0,0,0,0,0,0,0,0,0,0,0,0,0,0,0,0,0,0,NA,0,0,NA,NA,NA,NA,NA,NA,NA,NA,NA,NA,NA,NA,NA,NA,NA,NA,NA,NA,NA,NA,NA,NA,NA,NA,NA,NA,NA,NA,NA,NA,NA,NA,NA,NA,NA,NA
"121",NA,NA,NA,1,1,1,NA,1,1,NA,1,1,1,0,1,NA,0,0,0,0,NA,NA,NA,0,0,NA,0,0,0,NA,0,0,0,0,0,0,0,0,0,0,0,0,0,0,0,0,0,0,NA,0,0,NA,NA,NA,NA,NA,NA,NA,NA,NA,NA,NA,NA,NA,NA,NA,NA,NA,NA,NA,NA,NA,NA,NA,NA,NA,NA,NA,NA,NA,NA,NA,NA,NA,NA,NA,NA
"122",NA,NA,NA,NA,NA,1,NA,1,NA,NA,1,1,1,0,NA,NA,0,0,0,0,NA,NA,NA,0,0,0,0,0,0,0,0,0,0,0,0,0,0,0,0,0,0,0,0,0,0,0,0,0,0,0,0,NA,NA,NA,NA,NA,NA,NA,NA,NA,NA,NA,NA,NA,NA,NA,NA,NA,NA,NA,NA,NA,NA,NA,NA,NA,NA,NA,NA,NA,NA,NA,NA,NA,NA,NA,NA
"123",NA,NA,NA,NA,NA,1,NA,1,NA,NA,0,0,0,0,NA,1,0,0,0,0,NA,NA,NA,0,0,0,0,0,0,0,0,0,0,0,0,0,0,0,0,0,0,0,0,0,0,0,0,0,0,0,0,NA,NA,NA,NA,NA,NA,NA,NA,NA,NA,NA,NA,NA,NA,NA,NA,NA,NA,NA,NA,NA,NA,NA,NA,NA,NA,NA,NA,NA,NA,NA,NA,NA,NA,NA,NA
"124",NA,NA,NA,NA,NA,1,NA,1,NA,NA,1,1,1,0,1,NA,0,0,0,0,NA,NA,NA,0,0,0,0,0,0,0,0,0,0,0,0,0,0,0,0,0,0,0,0,0,0,0,0,0,0,0,0,NA,NA,NA,NA,NA,NA,NA,NA,NA,NA,NA,NA,NA,NA,NA,NA,NA,NA,NA,NA,NA,NA,NA,NA,NA,NA,NA,NA,NA,NA,NA,NA,NA,NA,NA,NA
"125",NA,NA,NA,NA,NA,1,1,1,NA,NA,1,1,1,0,NA,NA,0,0,0,0,NA,NA,NA,0,0,0,0,0,0,0,0,0,0,0,0,0,0,0,0,0,0,0,0,0,0,0,0,0,0,0,0,NA,NA,NA,NA,NA,NA,NA,NA,NA,NA,NA,NA,NA,NA,NA,NA,NA,NA,NA,NA,NA,NA,NA,NA,NA,NA,NA,NA,NA,NA,NA,NA,NA,NA,NA,NA
"126",NA,NA,NA,NA,NA,1,NA,1,NA,NA,0,0,0,0,1,1,0,0,0,0,NA,NA,NA,0,0,0,0,0,0,0,0,0,0,0,0,0,0,0,0,0,0,0,0,0,0,0,0,0,0,0,0,NA,NA,NA,NA,NA,NA,NA,NA,NA,NA,NA,NA,NA,NA,NA,NA,NA,NA,NA,NA,NA,NA,NA,NA,NA,NA,NA,NA,NA,NA,NA,NA,NA,NA,NA,NA
"127",NA,NA,NA,NA,NA,1,1,1,NA,NA,0,0,0,0,NA,1,0,0,0,0,NA,NA,NA,0,0,0,0,0,0,0,0,0,0,0,0,0,0,0,0,0,0,0,0,0,0,0,0,0,0,0,0,NA,NA,NA,NA,NA,NA,NA,NA,NA,NA,NA,NA,NA,NA,NA,NA,NA,NA,NA,NA,NA,NA,NA,NA,NA,NA,NA,NA,NA,NA,NA,NA,NA,NA,NA,NA
"128",NA,NA,NA,NA,NA,1,NA,1,1,NA,1,1,1,0,NA,NA,0,0,0,0,NA,NA,NA,0,0,0,0,0,0,0,0,0,0,0,0,0,0,0,0,0,0,0,0,0,0,0,0,0,0,0,0,NA,NA,NA,NA,NA,NA,NA,NA,NA,NA,NA,NA,NA,NA,NA,NA,NA,NA,NA,NA,NA,NA,NA,NA,NA,NA,NA,NA,NA,NA,NA,NA,NA,NA,NA,NA
"129",NA,NA,NA,NA,NA,1,NA,1,NA,NA,1,1,1,0,NA,NA,0,0,0,0,NA,NA,NA,0,0,0,0,0,0,NA,0,0,0,0,0,0,0,0,0,0,0,0,0,0,0,0,0,0,0,0,0,NA,NA,NA,NA,NA,NA,NA,NA,NA,NA,NA,NA,NA,NA,NA,NA,NA,NA,NA,NA,NA,NA,NA,NA,NA,NA,NA,NA,NA,NA,NA,NA,NA,NA,NA,NA
"130",NA,NA,NA,NA,NA,1,NA,1,0,NA,1,1,1,0,NA,0,0,0,0,0,NA,NA,NA,0,0,0,0,0,0,0,0,0,0,0,0,0,0,0,0,0,0,0,0,0,0,0,0,0,0,0,0,NA,NA,NA,NA,NA,NA,NA,NA,NA,NA,NA,NA,NA,NA,NA,NA,NA,NA,NA,NA,NA,NA,NA,NA,NA,NA,NA,NA,NA,NA,NA,NA,NA,NA,NA,NA
"131",NA,NA,NA,NA,NA,1,NA,1,NA,NA,0,0,0,0,NA,1,0,0,0,0,NA,NA,NA,0,0,0,0,0,0,NA,0,0,0,0,0,0,0,0,0,0,0,0,0,0,0,0,0,0,0,0,0,NA,NA,NA,NA,NA,NA,NA,NA,NA,NA,NA,NA,NA,NA,NA,NA,NA,NA,NA,NA,NA,NA,NA,NA,NA,NA,NA,NA,NA,NA,NA,NA,NA,NA,NA,NA
"132",NA,NA,NA,NA,NA,1,NA,1,1,NA,1,1,1,0,1,NA,0,0,0,0,NA,NA,NA,0,0,0,0,0,0,0,0,0,0,0,0,0,0,0,0,0,0,0,0,0,0,0,0,0,0,0,0,NA,NA,NA,NA,NA,NA,NA,NA,NA,NA,NA,NA,NA,NA,NA,NA,NA,NA,NA,NA,NA,NA,NA,NA,NA,NA,NA,NA,NA,NA,NA,NA,NA,NA,NA,NA
"133",NA,NA,NA,NA,NA,1,1,1,NA,NA,1,1,1,0,NA,NA,0,0,0,0,NA,NA,NA,0,0,0,0,0,0,NA,0,0,0,0,0,0,0,0,0,0,0,0,0,0,0,0,0,0,0,0,0,NA,NA,NA,NA,NA,NA,NA,NA,NA,NA,NA,NA,NA,NA,NA,NA,NA,NA,NA,NA,NA,NA,NA,NA,NA,NA,NA,NA,NA,NA,NA,NA,NA,NA,NA,NA
"134",NA,NA,NA,NA,NA,1,NA,1,NA,NA,1,1,1,0,NA,NA,0,0,0,0,NA,NA,NA,0,0,NA,0,0,0,0,0,0,0,0,0,0,0,0,0,0,0,0,0,0,0,0,0,0,0,0,0,NA,NA,NA,NA,NA,NA,NA,NA,NA,NA,NA,NA,NA,NA,NA,NA,NA,NA,NA,NA,NA,NA,NA,NA,NA,NA,NA,NA,NA,NA,NA,NA,NA,NA,NA,NA
"135",NA,NA,NA,NA,NA,1,1,1,NA,NA,0,0,0,0,NA,1,0,0,0,0,NA,NA,NA,0,0,0,0,0,0,NA,0,0,0,0,0,0,0,0,0,0,0,0,0,0,0,0,0,0,0,0,0,NA,NA,NA,NA,NA,NA,NA,NA,NA,NA,NA,NA,NA,NA,NA,NA,NA,NA,NA,NA,NA,NA,NA,NA,NA,NA,NA,NA,NA,NA,NA,NA,NA,NA,NA,NA
"136",NA,NA,NA,NA,NA,1,NA,1,1,NA,1,1,1,0,NA,NA,0,0,0,0,NA,NA,NA,0,0,0,0,0,0,NA,0,0,0,0,0,0,0,0,0,0,0,0,0,0,0,0,0,0,0,0,0,NA,NA,NA,NA,NA,NA,NA,NA,NA,NA,NA,NA,NA,NA,NA,NA,NA,NA,NA,NA,NA,NA,NA,NA,NA,NA,NA,NA,NA,NA,NA,NA,NA,NA,NA,NA
"137",NA,NA,NA,NA,NA,1,NA,1,NA,NA,0,0,0,0,NA,1,0,0,0,0,NA,NA,NA,0,0,NA,0,0,0,0,0,0,0,0,0,0,0,0,0,0,0,0,0,0,0,0,0,0,0,0,0,NA,NA,NA,NA,NA,NA,NA,NA,NA,NA,NA,NA,NA,NA,NA,NA,NA,NA,NA,NA,NA,NA,NA,NA,NA,NA,NA,NA,NA,NA,NA,NA,NA,NA,NA,NA
"138",NA,NA,NA,NA,NA,1,NA,1,0,NA,1,1,1,0,NA,0,0,0,0,0,NA,NA,NA,0,0,0,0,0,0,NA,0,0,0,0,0,0,0,0,0,0,0,0,0,0,0,0,0,0,0,0,0,NA,NA,NA,NA,NA,NA,NA,NA,NA,NA,NA,NA,NA,NA,NA,NA,NA,NA,NA,NA,NA,NA,NA,NA,NA,NA,NA,NA,NA,NA,NA,NA,NA,NA,NA,NA
"139",NA,NA,NA,NA,NA,1,1,1,NA,NA,1,1,1,0,NA,NA,0,0,0,0,NA,NA,NA,0,0,NA,0,0,0,0,0,0,0,0,0,0,0,0,0,0,0,0,0,0,0,0,0,0,0,0,0,NA,NA,NA,NA,NA,NA,NA,NA,NA,NA,NA,NA,NA,NA,NA,NA,NA,NA,NA,NA,NA,NA,NA,NA,NA,NA,NA,NA,NA,NA,NA,NA,NA,NA,NA,NA
"140",NA,NA,NA,NA,NA,1,NA,1,NA,NA,1,1,1,0,1,NA,0,0,0,0,NA,NA,NA,0,0,0,0,0,0,NA,0,0,0,0,0,0,0,0,0,0,0,0,0,0,0,0,0,0,0,0,0,NA,NA,NA,NA,NA,NA,NA,NA,NA,NA,NA,NA,NA,NA,NA,NA,NA,NA,NA,NA,NA,NA,NA,NA,NA,NA,NA,NA,NA,NA,NA,NA,NA,NA,NA,NA
"141",NA,NA,NA,NA,NA,1,1,1,NA,NA,0,0,0,0,NA,1,0,0,0,0,NA,NA,NA,0,0,NA,0,0,0,0,0,0,0,0,0,0,0,0,0,0,0,0,0,0,0,0,0,0,0,0,0,NA,NA,NA,NA,NA,NA,NA,NA,NA,NA,NA,NA,NA,NA,NA,NA,NA,NA,NA,NA,NA,NA,NA,NA,NA,NA,NA,NA,NA,NA,NA,NA,NA,NA,NA,NA
"142",NA,NA,NA,NA,NA,1,NA,1,NA,NA,0,0,0,0,1,1,0,0,0,0,NA,NA,NA,0,0,0,0,0,0,NA,0,0,0,0,0,0,0,0,0,0,0,0,0,0,0,0,0,0,0,0,0,NA,NA,NA,NA,NA,NA,NA,NA,NA,NA,NA,NA,NA,NA,NA,NA,NA,NA,NA,NA,NA,NA,NA,NA,NA,NA,NA,NA,NA,NA,NA,NA,NA,NA,NA,NA
"143",NA,NA,NA,NA,NA,1,NA,1,NA,NA,1,1,1,0,NA,NA,0,0,0,0,NA,NA,NA,0,0,NA,0,0,0,NA,0,0,0,0,0,0,0,0,0,0,0,0,0,0,0,0,0,0,0,0,0,NA,NA,NA,NA,NA,NA,NA,NA,NA,NA,NA,NA,NA,NA,NA,NA,NA,NA,NA,NA,NA,NA,NA,NA,NA,NA,NA,NA,NA,NA,NA,NA,NA,NA,NA,NA
"144",NA,NA,NA,NA,NA,1,NA,1,1,NA,1,1,1,0,1,NA,0,0,0,0,NA,NA,NA,0,0,0,0,0,0,NA,0,0,0,0,0,0,0,0,0,0,0,0,0,0,0,0,0,0,0,0,0,NA,NA,NA,NA,NA,NA,NA,NA,NA,NA,NA,NA,NA,NA,NA,NA,NA,NA,NA,NA,NA,NA,NA,NA,NA,NA,NA,NA,NA,NA,NA,NA,NA,NA,NA,NA
"145",NA,NA,NA,NA,NA,1,NA,1,NA,NA,1,1,1,0,1,NA,0,0,0,0,NA,NA,NA,0,0,NA,0,0,0,0,0,0,0,0,0,0,0,0,0,0,0,0,0,0,0,0,0,0,0,0,0,NA,NA,NA,NA,NA,NA,NA,NA,NA,NA,NA,NA,NA,NA,NA,NA,NA,NA,NA,NA,NA,NA,NA,NA,NA,NA,NA,NA,NA,NA,NA,NA,NA,NA,NA,NA
"146",NA,NA,NA,NA,NA,1,NA,1,1,NA,1,1,1,0,NA,NA,0,0,0,0,NA,NA,NA,0,0,NA,0,0,0,0,0,0,0,0,0,0,0,0,0,0,0,0,0,0,0,0,0,0,0,0,0,NA,NA,NA,NA,NA,NA,NA,NA,NA,NA,NA,NA,NA,NA,NA,NA,NA,NA,NA,NA,NA,NA,NA,NA,NA,NA,NA,NA,NA,NA,NA,NA,NA,NA,NA,NA
"147",NA,NA,NA,NA,NA,0,NA,1,NA,NA,0,0,0,0,1,1,0,0,0,0,NA,NA,NA,0,0,NA,0,0,0,0,0,0,0,0,0,0,0,0,0,0,0,0,0,0,0,0,0,0,0,0,0,NA,NA,NA,NA,NA,NA,NA,NA,NA,NA,NA,NA,NA,NA,NA,NA,NA,NA,NA,NA,NA,NA,NA,NA,NA,NA,NA,NA,NA,NA,NA,NA,NA,NA,NA,NA
"148",NA,NA,NA,NA,NA,1,NA,1,0,NA,1,1,1,0,NA,0,0,0,0,0,NA,NA,NA,0,0,NA,0,0,0,0,0,0,0,0,0,0,0,0,0,0,0,0,0,0,0,0,0,0,0,0,0,NA,NA,NA,NA,NA,NA,NA,NA,NA,NA,NA,NA,NA,NA,NA,NA,NA,NA,NA,NA,NA,NA,NA,NA,NA,NA,NA,NA,NA,NA,NA,NA,NA,NA,NA,NA
"149",NA,NA,NA,NA,NA,NA,NA,NA,NA,1,0,0,0,NA,0,0,0,0,0,0,0,0,0,NA,0,NA,0,0,0,0,NA,0,NA,0,0,0,0,0,0,0,0,NA,0,0,0,0,NA,NA,0,0,0,NA,NA,NA,NA,NA,NA,NA,NA,NA,NA,NA,NA,NA,NA,NA,NA,NA,NA,NA,NA,NA,NA,NA,NA,NA,NA,NA,NA,NA,NA,NA,NA,NA,NA,NA,NA
"150",NA,NA,NA,NA,NA,1,1,1,1,NA,1,1,1,0,NA,NA,0,0,0,0,NA,NA,NA,0,0,0,0,0,0,0,0,0,0,0,0,0,0,0,0,0,0,0,0,0,0,0,0,0,0,0,0,NA,NA,NA,NA,NA,NA,NA,NA,NA,NA,NA,NA,NA,NA,NA,NA,NA,NA,NA,NA,NA,NA,NA,NA,NA,NA,NA,NA,NA,NA,NA,NA,NA,NA,NA,NA
"151",NA,NA,NA,NA,NA,1,1,1,1,NA,1,1,1,0,NA,NA,0,0,0,0,NA,NA,NA,0,0,NA,0,0,0,0,0,0,0,0,0,0,0,0,0,0,0,0,0,0,0,0,0,0,0,0,0,NA,NA,NA,NA,NA,NA,NA,NA,NA,NA,NA,NA,NA,NA,NA,NA,NA,NA,NA,NA,NA,NA,NA,NA,NA,NA,NA,NA,NA,NA,NA,NA,NA,NA,NA,NA
"152",NA,NA,1,NA,NA,NA,NA,NA,NA,1,0,0,0,NA,0,0,0,0,0,0,0,0,0,NA,0,NA,0,0,0,0,NA,0,NA,0,0,0,0,0,0,0,0,NA,0,0,0,0,NA,NA,0,0,0,NA,NA,NA,NA,NA,NA,NA,NA,NA,NA,NA,NA,NA,NA,NA,NA,NA,NA,NA,NA,NA,NA,NA,NA,NA,NA,NA,NA,NA,NA,NA,NA,NA,NA,NA,NA
"153",NA,NA,NA,NA,NA,1,NA,1,NA,NA,0,0,0,0,NA,1,0,0,0,0,NA,NA,NA,0,0,NA,0,0,0,NA,0,0,0,0,0,0,0,0,0,0,0,0,0,0,0,0,0,0,0,0,0,NA,NA,NA,NA,NA,NA,NA,NA,NA,NA,NA,NA,NA,NA,NA,NA,NA,NA,NA,NA,NA,NA,NA,NA,NA,NA,NA,NA,NA,NA,NA,NA,NA,NA,NA,NA
"154",NA,NA,NA,NA,NA,NA,NA,NA,NA,1,0,0,0,NA,0,0,NA,0,0,0,0,0,0,NA,0,NA,0,0,0,0,NA,0,NA,0,0,0,0,0,0,0,0,NA,0,0,0,0,NA,NA,0,0,0,NA,NA,NA,NA,NA,NA,NA,NA,NA,NA,NA,NA,NA,NA,NA,NA,NA,NA,NA,NA,NA,NA,NA,NA,NA,NA,NA,NA,NA,NA,NA,NA,NA,NA,NA,NA
"155",NA,NA,NA,NA,NA,1,1,1,NA,NA,1,1,1,0,NA,NA,0,0,0,0,NA,NA,NA,0,0,NA,0,0,0,NA,0,0,0,0,0,0,0,0,0,0,0,0,0,0,0,0,0,0,0,0,0,NA,NA,NA,NA,NA,NA,NA,NA,NA,NA,NA,NA,NA,NA,NA,NA,NA,NA,NA,NA,NA,NA,NA,NA,NA,NA,NA,NA,NA,NA,NA,NA,NA,NA,NA,NA
"156",NA,NA,1,NA,NA,NA,NA,NA,NA,1,0,0,0,NA,0,0,NA,0,0,0,0,0,0,NA,0,NA,0,0,0,0,NA,0,NA,0,0,0,0,0,0,0,0,NA,0,0,0,0,NA,NA,0,0,0,NA,NA,NA,NA,NA,NA,NA,NA,NA,NA,NA,NA,NA,NA,NA,NA,NA,NA,NA,NA,NA,NA,NA,NA,NA,NA,NA,NA,NA,NA,NA,NA,NA,NA,NA,NA
"157",NA,NA,NA,NA,NA,1,1,1,NA,NA,0,0,0,0,NA,1,0,0,0,0,NA,NA,NA,0,0,NA,0,0,0,NA,0,0,0,0,0,0,0,0,0,0,0,0,0,0,0,0,0,0,0,0,0,NA,NA,NA,NA,NA,NA,NA,NA,NA,NA,NA,NA,NA,NA,NA,NA,NA,NA,NA,NA,NA,NA,NA,NA,NA,NA,NA,NA,NA,NA,NA,NA,NA,NA,NA,NA
"158",NA,NA,NA,NA,NA,NA,NA,NA,NA,1,0,0,0,1,0,0,NA,0,0,0,0,0,0,NA,0,NA,0,0,0,0,NA,0,NA,0,0,0,0,0,0,0,0,NA,0,0,0,0,NA,NA,0,0,0,NA,NA,NA,NA,NA,NA,NA,NA,NA,NA,NA,NA,NA,NA,NA,NA,NA,NA,NA,NA,NA,NA,NA,NA,NA,NA,NA,NA,NA,NA,NA,NA,NA,NA,NA,NA
"159",NA,NA,NA,NA,NA,1,NA,1,1,NA,1,1,1,0,NA,NA,0,0,0,0,NA,NA,NA,0,0,NA,0,0,0,NA,0,0,0,0,0,0,0,0,0,0,0,0,0,0,0,0,0,0,0,0,0,NA,NA,NA,NA,NA,NA,NA,NA,NA,NA,NA,NA,NA,NA,NA,NA,NA,NA,NA,NA,NA,NA,NA,NA,NA,NA,NA,NA,NA,NA,NA,NA,NA,NA,NA,NA
"160",NA,NA,NA,NA,NA,NA,NA,NA,NA,1,0,0,0,NA,0,0,0,0,0,0,0,0,0,NA,NA,NA,0,0,0,0,NA,0,NA,0,0,0,0,0,0,0,0,NA,0,0,0,0,NA,NA,0,0,0,NA,NA,NA,NA,NA,NA,NA,NA,NA,NA,NA,NA,NA,NA,NA,NA,NA,NA,NA,NA,NA,NA,NA,NA,NA,NA,NA,NA,NA,NA,NA,NA,NA,NA,NA,NA
"161",NA,NA,NA,NA,NA,1,1,1,1,NA,1,1,1,0,NA,NA,0,0,0,0,NA,NA,NA,0,0,0,0,0,0,NA,0,0,0,0,0,0,0,0,0,0,0,0,0,0,0,0,0,0,0,0,0,NA,NA,NA,NA,NA,NA,NA,NA,NA,NA,NA,NA,NA,NA,NA,NA,NA,NA,NA,NA,NA,NA,NA,NA,NA,NA,NA,NA,NA,NA,NA,NA,NA,NA,NA,NA
"162",NA,NA,1,NA,NA,NA,NA,NA,NA,1,0,0,0,NA,0,0,0,0,0,0,0,0,0,NA,NA,NA,0,0,0,0,NA,0,NA,0,0,0,0,0,0,0,0,NA,0,0,0,0,NA,NA,0,0,0,NA,NA,NA,NA,NA,NA,NA,NA,NA,NA,NA,NA,NA,NA,NA,NA,NA,NA,NA,NA,NA,NA,NA,NA,NA,NA,NA,NA,NA,NA,NA,NA,NA,NA,NA,NA
"163",NA,NA,NA,NA,NA,1,NA,1,0,NA,1,1,1,0,NA,0,0,0,0,0,NA,NA,NA,0,0,NA,0,0,0,NA,0,0,0,0,0,0,0,0,0,0,0,0,0,0,0,0,0,0,0,0,0,NA,NA,NA,NA,NA,NA,NA,NA,NA,NA,NA,NA,NA,NA,NA,NA,NA,NA,NA,NA,NA,NA,NA,NA,NA,NA,NA,NA,NA,NA,NA,NA,NA,NA,NA,NA
"164",NA,NA,NA,NA,NA,NA,NA,NA,NA,1,0,0,0,NA,0,0,NA,0,0,0,0,0,0,NA,NA,NA,0,0,0,0,NA,0,NA,0,0,0,0,0,0,0,0,NA,0,0,0,0,NA,NA,0,0,0,NA,NA,NA,NA,NA,NA,NA,NA,NA,NA,NA,NA,NA,NA,NA,NA,NA,NA,NA,NA,NA,NA,NA,NA,NA,NA,NA,NA,NA,NA,NA,NA,NA,NA,NA,NA
"165",NA,NA,NA,NA,NA,1,1,1,1,NA,1,1,1,0,NA,NA,0,0,0,0,NA,NA,NA,0,0,NA,0,0,0,NA,0,0,0,0,0,0,0,0,0,0,0,0,0,0,0,0,0,0,0,0,0,NA,NA,NA,NA,NA,NA,NA,NA,NA,NA,NA,NA,NA,NA,NA,NA,NA,NA,NA,NA,NA,NA,NA,NA,NA,NA,NA,NA,NA,NA,NA,NA,NA,NA,NA,NA
"166",NA,NA,1,NA,NA,NA,NA,NA,NA,1,0,0,0,NA,0,0,NA,0,0,0,0,0,0,NA,NA,NA,0,0,0,0,NA,0,NA,0,0,0,0,0,0,0,0,NA,0,0,0,0,NA,NA,0,0,0,NA,NA,NA,NA,NA,NA,NA,NA,NA,NA,NA,NA,NA,NA,NA,NA,NA,NA,NA,NA,NA,NA,NA,NA,NA,NA,NA,NA,NA,NA,NA,NA,NA,NA,NA,NA
"167",NA,NA,NA,NA,NA,1,NA,1,NA,NA,1,1,1,0,1,NA,0,0,0,0,NA,NA,NA,0,0,NA,0,0,0,NA,0,0,0,0,0,0,0,0,0,0,0,0,0,0,0,0,0,0,0,0,0,NA,NA,NA,NA,NA,NA,NA,NA,NA,NA,NA,NA,NA,NA,NA,NA,NA,NA,NA,NA,NA,NA,NA,NA,NA,NA,NA,NA,NA,NA,NA,NA,NA,NA,NA,NA
"168",NA,NA,NA,NA,NA,NA,NA,NA,NA,1,0,0,0,1,0,0,0,0,0,0,0,0,0,NA,NA,NA,0,0,0,0,NA,0,NA,0,0,0,0,0,0,0,0,NA,0,0,0,0,NA,NA,0,0,0,NA,NA,NA,NA,NA,NA,NA,NA,NA,NA,NA,NA,NA,NA,NA,NA,NA,NA,NA,NA,NA,NA,NA,NA,NA,NA,NA,NA,NA,NA,NA,NA,NA,NA,NA,NA
"169",NA,NA,NA,NA,NA,0,NA,1,NA,NA,0,0,0,0,1,1,0,0,0,0,NA,NA,NA,0,0,NA,0,0,0,NA,0,0,0,0,0,0,0,0,0,0,0,0,0,0,0,0,0,0,0,0,0,NA,NA,NA,NA,NA,NA,NA,NA,NA,NA,NA,NA,NA,NA,NA,NA,NA,NA,NA,NA,NA,NA,NA,NA,NA,NA,NA,NA,NA,NA,NA,NA,NA,NA,NA,NA
"170",NA,NA,NA,NA,NA,1,NA,1,1,NA,1,1,1,0,1,NA,0,0,0,0,NA,NA,NA,0,0,NA,0,0,0,0,0,0,0,0,0,0,0,0,0,0,0,0,0,0,0,0,0,0,0,0,0,NA,NA,NA,NA,NA,NA,NA,NA,NA,NA,NA,NA,NA,NA,NA,NA,NA,NA,NA,NA,NA,NA,NA,NA,NA,NA,NA,NA,NA,NA,NA,NA,NA,NA,NA,NA
"171",NA,NA,NA,NA,NA,1,NA,1,1,NA,1,1,1,0,1,NA,0,0,0,0,NA,NA,NA,0,0,NA,0,0,0,NA,0,0,0,0,0,0,0,0,0,0,0,0,0,0,0,0,0,0,0,0,0,NA,NA,NA,NA,NA,NA,NA,NA,NA,NA,NA,NA,NA,NA,NA,NA,NA,NA,NA,NA,NA,NA,NA,NA,NA,NA,NA,NA,NA,NA,NA,NA,NA,NA,NA,NA
"172",NA,NA,NA,NA,NA,NA,NA,NA,NA,0,0,0,0,NA,0,0,0,0,0,0,NA,0,0,NA,0,NA,0,0,0,0,NA,0,NA,0,0,0,0,0,0,0,0,NA,0,0,0,0,NA,NA,0,0,0,NA,NA,NA,NA,NA,NA,NA,NA,NA,NA,NA,NA,NA,NA,NA,NA,NA,NA,NA,NA,NA,NA,NA,NA,NA,NA,NA,NA,NA,NA,NA,NA,NA,NA,NA,NA
"173",NA,NA,NA,NA,NA,NA,NA,NA,NA,1,0,0,0,NA,0,0,0,0,0,0,0,0,0,NA,0,NA,0,NA,0,0,NA,0,NA,0,0,0,0,0,0,0,0,NA,0,0,0,0,NA,NA,0,0,0,NA,NA,NA,NA,NA,NA,NA,NA,NA,NA,NA,NA,NA,NA,NA,NA,NA,NA,NA,NA,NA,NA,NA,NA,NA,NA,NA,NA,NA,NA,NA,NA,NA,NA,NA,NA
"174",NA,NA,NA,NA,NA,NA,NA,0,NA,NA,0,0,0,NA,0,0,0,0,0,0,NA,0,0,NA,0,NA,0,0,0,0,NA,0,NA,NA,0,0,0,0,0,0,0,NA,0,0,0,0,NA,NA,0,0,0,NA,NA,NA,NA,NA,NA,NA,NA,NA,NA,NA,NA,NA,NA,NA,NA,NA,NA,NA,NA,NA,NA,NA,NA,NA,NA,NA,NA,NA,NA,NA,NA,NA,NA,NA,NA
"175",NA,NA,NA,NA,NA,NA,NA,NA,NA,1,0,0,0,NA,0,0,0,0,0,0,0,0,0,NA,0,NA,0,0,0,0,NA,NA,NA,0,0,0,0,0,0,0,0,NA,0,0,0,0,NA,NA,0,0,0,NA,NA,NA,NA,NA,NA,NA,NA,NA,NA,NA,NA,NA,NA,NA,NA,NA,NA,NA,NA,NA,NA,NA,NA,NA,NA,NA,NA,NA,NA,NA,NA,NA,NA,NA,NA
"176",NA,NA,NA,NA,NA,NA,NA,NA,NA,1,0,0,0,1,0,0,0,0,0,0,0,0,0,NA,0,NA,0,NA,0,0,NA,0,NA,0,0,0,0,0,0,0,0,NA,0,0,0,0,NA,NA,0,0,0,NA,NA,NA,NA,NA,NA,NA,NA,NA,NA,NA,NA,NA,NA,NA,NA,NA,NA,NA,NA,NA,NA,NA,NA,NA,NA,NA,NA,NA,NA,NA,NA,NA,NA,NA,NA
"177",NA,NA,NA,NA,NA,NA,NA,NA,NA,0,0,0,0,NA,0,0,NA,0,0,0,NA,0,0,NA,0,NA,0,0,0,0,NA,0,NA,0,0,0,0,0,0,0,0,NA,0,0,0,0,NA,NA,0,0,0,NA,NA,NA,NA,NA,NA,NA,NA,NA,NA,NA,NA,NA,NA,NA,NA,NA,NA,NA,NA,NA,NA,NA,NA,NA,NA,NA,NA,NA,NA,NA,NA,NA,NA,NA,NA
"178",NA,NA,NA,NA,NA,NA,NA,NA,NA,0,0,0,0,NA,0,0,0,0,0,0,NA,0,0,NA,0,NA,0,NA,0,0,NA,0,NA,0,0,0,0,0,0,0,0,NA,0,0,0,0,NA,NA,0,0,0,NA,NA,NA,NA,NA,NA,NA,NA,NA,NA,NA,NA,NA,NA,NA,NA,NA,NA,NA,NA,NA,NA,NA,NA,NA,NA,NA,NA,NA,NA,NA,NA,NA,NA,NA,NA
"179",NA,NA,NA,NA,NA,NA,NA,NA,NA,1,0,0,0,1,0,0,NA,0,0,0,0,0,0,NA,NA,NA,0,0,0,0,NA,0,NA,0,0,0,0,0,0,0,0,NA,0,0,0,0,NA,NA,0,0,0,NA,NA,NA,NA,NA,NA,NA,NA,NA,NA,NA,NA,NA,NA,NA,NA,NA,NA,NA,NA,NA,NA,NA,NA,NA,NA,NA,NA,NA,NA,NA,NA,NA,NA,NA,NA
"180",NA,NA,NA,NA,NA,NA,NA,NA,NA,1,0,0,0,NA,0,0,0,0,0,0,0,0,0,NA,0,NA,0,NA,0,0,NA,NA,NA,0,0,0,0,0,0,0,0,NA,0,0,0,0,NA,NA,0,0,0,NA,NA,NA,NA,NA,NA,NA,NA,NA,NA,NA,NA,NA,NA,NA,NA,NA,NA,NA,NA,NA,NA,NA,NA,NA,NA,NA,NA,NA,NA,NA,NA,NA,NA,NA,NA
"181",NA,NA,NA,NA,NA,NA,NA,NA,NA,1,0,0,0,NA,0,0,NA,0,0,0,0,0,0,NA,0,NA,0,NA,0,0,NA,0,NA,0,0,0,0,0,0,0,0,NA,0,0,0,0,NA,NA,0,0,0,NA,NA,NA,NA,NA,NA,NA,NA,NA,NA,NA,NA,NA,NA,NA,NA,NA,NA,NA,NA,NA,NA,NA,NA,NA,NA,NA,NA,NA,NA,NA,NA,NA,NA,NA,NA
"182",NA,NA,NA,NA,NA,NA,NA,NA,NA,0,0,0,0,NA,0,0,0,0,0,0,NA,0,0,NA,0,NA,0,0,0,0,NA,NA,NA,0,0,0,0,0,0,0,0,NA,0,0,0,0,NA,NA,0,0,0,NA,NA,NA,NA,NA,NA,NA,NA,NA,NA,NA,NA,NA,NA,NA,NA,NA,NA,NA,NA,NA,NA,NA,NA,NA,NA,NA,NA,NA,NA,NA,NA,NA,NA,NA,NA
"183",NA,NA,NA,NA,NA,NA,NA,NA,NA,1,0,0,0,NA,0,0,0,0,0,0,0,0,0,NA,NA,NA,0,0,0,0,NA,NA,NA,0,0,0,0,0,0,0,0,NA,0,0,0,0,NA,NA,0,0,0,NA,NA,NA,NA,NA,NA,NA,NA,NA,NA,NA,NA,NA,NA,NA,NA,NA,NA,NA,NA,NA,NA,NA,NA,NA,NA,NA,NA,NA,NA,NA,NA,NA,NA,NA,NA
"184",NA,NA,1,NA,NA,NA,NA,NA,NA,0,0,0,0,NA,0,0,0,0,0,0,NA,0,0,NA,0,NA,0,0,0,0,NA,0,NA,0,0,0,0,0,0,0,0,NA,0,0,0,0,NA,NA,0,0,0,NA,NA,NA,NA,NA,NA,NA,NA,NA,NA,NA,NA,NA,NA,NA,NA,NA,NA,NA,NA,NA,NA,NA,NA,NA,NA,NA,NA,NA,NA,NA,NA,NA,NA,NA,NA
"185",NA,NA,NA,NA,NA,NA,NA,NA,NA,1,0,0,0,NA,0,0,0,0,0,0,0,0,0,NA,NA,NA,0,NA,0,0,NA,0,NA,0,0,0,0,0,0,0,0,NA,0,0,0,0,NA,NA,0,0,0,NA,NA,NA,NA,NA,NA,NA,NA,NA,NA,NA,NA,NA,NA,NA,NA,NA,NA,NA,NA,NA,NA,NA,NA,NA,NA,NA,NA,NA,NA,NA,NA,NA,NA,NA,NA
"186",NA,NA,1,NA,NA,NA,NA,NA,NA,1,0,0,0,NA,0,0,0,0,0,0,0,0,0,NA,0,NA,0,NA,0,0,NA,0,NA,0,0,0,0,0,0,0,0,NA,0,0,0,0,NA,NA,0,0,0,NA,NA,NA,NA,NA,NA,NA,NA,NA,NA,NA,NA,NA,NA,NA,NA,NA,NA,NA,NA,NA,NA,NA,NA,NA,NA,NA,NA,NA,NA,NA,NA,NA,NA,NA,NA
"187",NA,NA,NA,NA,NA,NA,NA,NA,NA,0,0,0,0,NA,0,0,0,0,0,0,NA,0,0,NA,NA,NA,0,0,0,0,NA,0,NA,0,0,0,0,0,0,0,0,NA,0,0,0,0,NA,NA,0,0,0,NA,NA,NA,NA,NA,NA,NA,NA,NA,NA,NA,NA,NA,NA,NA,NA,NA,NA,NA,NA,NA,NA,NA,NA,NA,NA,NA,NA,NA,NA,NA,NA,NA,NA,NA,NA
"188",NA,NA,NA,NA,NA,NA,NA,NA,NA,1,0,0,0,1,0,0,0,0,0,0,0,0,0,NA,NA,NA,0,NA,0,0,NA,0,NA,0,0,0,0,0,0,0,0,NA,0,0,0,0,NA,NA,0,0,0,NA,NA,NA,NA,NA,NA,NA,NA,NA,NA,NA,NA,NA,NA,NA,NA,NA,NA,NA,NA,NA,NA,NA,NA,NA,NA,NA,NA,NA,NA,NA,NA,NA,NA,NA,NA
"189",NA,NA,NA,NA,NA,NA,NA,NA,NA,0,0,0,0,NA,0,0,0,0,0,0,NA,0,0,NA,0,NA,0,NA,0,0,NA,NA,NA,0,0,0,0,0,0,0,0,NA,0,0,0,0,NA,NA,0,0,0,NA,NA,NA,NA,NA,NA,NA,NA,NA,NA,NA,NA,NA,NA,NA,NA,NA,NA,NA,NA,NA,NA,NA,NA,NA,NA,NA,NA,NA,NA,NA,NA,NA,NA,NA,NA
"190",NA,NA,1,NA,NA,NA,NA,NA,NA,1,0,0,0,NA,0,0,0,0,0,0,0,0,0,NA,0,NA,0,0,0,0,NA,NA,NA,0,0,0,0,0,0,0,0,NA,0,0,0,0,NA,NA,0,0,0,NA,NA,NA,NA,NA,NA,NA,NA,NA,NA,NA,NA,NA,NA,NA,NA,NA,NA,NA,NA,NA,NA,NA,NA,NA,NA,NA,NA,NA,NA,NA,NA,NA,NA,NA,NA
"191",NA,NA,NA,NA,NA,NA,NA,0,NA,NA,0,0,0,NA,0,0,0,0,0,0,NA,0,0,NA,0,NA,0,NA,0,0,NA,0,NA,NA,0,0,0,0,0,0,0,NA,0,0,0,0,NA,NA,0,0,0,NA,NA,NA,NA,NA,NA,NA,NA,NA,NA,NA,NA,NA,NA,NA,NA,NA,NA,NA,NA,NA,NA,NA,NA,NA,NA,NA,NA,NA,NA,NA,NA,NA,NA,NA,NA
"192",NA,NA,NA,NA,NA,NA,NA,NA,NA,1,0,0,0,NA,0,0,NA,0,0,0,0,0,0,NA,0,NA,0,0,0,0,NA,NA,NA,0,0,0,0,0,0,0,0,NA,0,0,0,0,NA,NA,0,0,0,NA,NA,NA,NA,NA,NA,NA,NA,NA,NA,NA,NA,NA,NA,NA,NA,NA,NA,NA,NA,NA,NA,NA,NA,NA,NA,NA,NA,NA,NA,NA,NA,NA,NA,NA,NA
"193",NA,NA,NA,NA,NA,NA,NA,0,NA,NA,0,0,0,NA,0,0,0,0,0,0,NA,0,0,NA,NA,NA,0,0,0,0,NA,0,NA,NA,0,0,0,0,0,0,0,NA,0,0,0,0,NA,NA,0,0,0,NA,NA,NA,NA,NA,NA,NA,NA,NA,NA,NA,NA,NA,NA,NA,NA,NA,NA,NA,NA,NA,NA,NA,NA,NA,NA,NA,NA,NA,NA,NA,NA,NA,NA,NA,NA
"194",NA,NA,NA,NA,NA,NA,NA,NA,NA,0,0,0,0,NA,0,0,NA,0,0,0,NA,0,0,NA,0,NA,0,NA,0,0,NA,0,NA,0,0,0,0,0,0,0,0,NA,0,0,0,0,NA,NA,0,0,0,NA,NA,NA,NA,NA,NA,NA,NA,NA,NA,NA,NA,NA,NA,NA,NA,NA,NA,NA,NA,NA,NA,NA,NA,NA,NA,NA,NA,NA,NA,NA,NA,NA,NA,NA,NA
"195",NA,NA,1,NA,NA,NA,NA,NA,NA,1,0,0,0,NA,0,0,0,0,0,0,0,0,0,NA,NA,NA,0,0,0,0,NA,NA,NA,0,0,0,0,0,0,0,0,NA,0,0,0,0,NA,NA,0,0,0,NA,NA,NA,NA,NA,NA,NA,NA,NA,NA,NA,NA,NA,NA,NA,NA,NA,NA,NA,NA,NA,NA,NA,NA,NA,NA,NA,NA,NA,NA,NA,NA,NA,NA,NA,NA
"196",NA,NA,NA,NA,NA,NA,NA,NA,NA,0,0,0,0,NA,0,0,NA,0,0,0,NA,0,0,NA,0,NA,0,0,0,0,NA,NA,NA,0,0,0,0,0,0,0,0,NA,0,0,0,0,NA,NA,0,0,0,NA,NA,NA,NA,NA,NA,NA,NA,NA,NA,NA,NA,NA,NA,NA,NA,NA,NA,NA,NA,NA,NA,NA,NA,NA,NA,NA,NA,NA,NA,NA,NA,NA,NA,NA,NA
"197",NA,NA,NA,NA,NA,NA,NA,NA,NA,0,0,0,0,1,0,0,0,0,0,0,NA,0,0,NA,0,NA,0,0,0,0,NA,0,NA,0,0,0,0,0,0,0,0,NA,0,0,0,0,NA,NA,0,0,0,NA,NA,NA,NA,NA,NA,NA,NA,NA,NA,NA,NA,NA,NA,NA,NA,NA,NA,NA,NA,NA,NA,NA,NA,NA,NA,NA,NA,NA,NA,NA,NA,NA,NA,NA,NA
"198",NA,NA,1,NA,NA,NA,NA,NA,NA,1,0,0,0,NA,0,0,NA,0,0,0,0,0,0,NA,0,NA,0,NA,0,0,NA,0,NA,0,0,0,0,0,0,0,0,NA,0,0,0,0,NA,NA,0,0,0,NA,NA,NA,NA,NA,NA,NA,NA,NA,NA,NA,NA,NA,NA,NA,NA,NA,NA,NA,NA,NA,NA,NA,NA,NA,NA,NA,NA,NA,NA,NA,NA,NA,NA,NA,NA
"199",NA,NA,NA,NA,NA,NA,NA,0,NA,NA,0,0,0,1,0,0,0,0,0,0,NA,0,0,NA,0,NA,0,0,0,0,NA,0,NA,NA,0,0,0,0,0,0,0,NA,0,0,0,0,NA,NA,0,0,0,NA,NA,NA,NA,NA,NA,NA,NA,NA,NA,NA,NA,NA,NA,NA,NA,NA,NA,NA,NA,NA,NA,NA,NA,NA,NA,NA,NA,NA,NA,NA,NA,NA,NA,NA,NA
"200",NA,NA,1,NA,NA,NA,NA,NA,NA,0,0,0,0,NA,0,0,0,0,0,0,NA,0,0,NA,0,NA,0,NA,0,0,NA,0,NA,0,0,0,0,0,0,0,0,NA,0,0,0,0,NA,NA,0,0,0,NA,NA,NA,NA,NA,NA,NA,NA,NA,NA,NA,NA,NA,NA,NA,NA,NA,NA,NA,NA,NA,NA,NA,NA,NA,NA,NA,NA,NA,NA,NA,NA,NA,NA,NA,NA
"201",NA,NA,NA,NA,NA,NA,NA,NA,NA,1,0,0,0,1,0,0,NA,0,0,0,0,0,0,NA,0,NA,0,NA,0,0,NA,0,NA,0,0,0,0,0,0,0,0,NA,0,0,0,0,NA,NA,0,0,0,NA,NA,NA,NA,NA,NA,NA,NA,NA,NA,NA,NA,NA,NA,NA,NA,NA,NA,NA,NA,NA,NA,NA,NA,NA,NA,NA,NA,NA,NA,NA,NA,NA,NA,NA,NA
"202",NA,NA,1,NA,NA,NA,NA,NA,NA,0,0,0,0,NA,0,0,0,0,0,0,NA,0,0,NA,NA,NA,0,0,0,0,NA,0,NA,0,0,0,0,0,0,0,0,NA,0,0,0,0,NA,NA,0,0,0,NA,NA,NA,NA,NA,NA,NA,NA,NA,NA,NA,NA,NA,NA,NA,NA,NA,NA,NA,NA,NA,NA,NA,NA,NA,NA,NA,NA,NA,NA,NA,NA,NA,NA,NA,NA
"203",NA,NA,NA,NA,NA,NA,NA,NA,NA,1,0,0,0,NA,0,0,NA,0,0,0,0,0,0,NA,NA,NA,0,NA,0,0,NA,0,NA,0,0,0,0,0,0,0,0,NA,0,0,0,0,NA,NA,0,0,0,NA,NA,NA,NA,NA,NA,NA,NA,NA,NA,NA,NA,NA,NA,NA,NA,NA,NA,NA,NA,NA,NA,NA,NA,NA,NA,NA,NA,NA,NA,NA,NA,NA,NA,NA,NA
"204",NA,NA,1,NA,NA,NA,NA,0,NA,NA,0,0,0,NA,0,0,0,0,0,0,NA,0,0,NA,0,NA,0,0,0,0,NA,0,NA,NA,0,0,0,0,0,0,0,NA,0,0,0,0,NA,NA,0,0,0,NA,NA,NA,NA,NA,NA,NA,NA,NA,NA,NA,NA,NA,NA,NA,NA,NA,NA,NA,NA,NA,NA,NA,NA,NA,NA,NA,NA,NA,NA,NA,NA,NA,NA,NA,NA
"205",NA,NA,NA,NA,NA,NA,NA,NA,NA,1,0,0,0,1,0,0,0,0,0,0,0,0,0,NA,0,NA,0,0,0,0,NA,NA,NA,0,0,0,0,0,0,0,0,NA,0,0,0,0,NA,NA,0,0,0,NA,NA,NA,NA,NA,NA,NA,NA,NA,NA,NA,NA,NA,NA,NA,NA,NA,NA,NA,NA,NA,NA,NA,NA,NA,NA,NA,NA,NA,NA,NA,NA,NA,NA,NA,NA
"206",NA,NA,NA,NA,NA,NA,NA,0,NA,NA,0,0,0,NA,0,0,0,0,0,0,NA,0,0,NA,0,NA,0,0,0,0,NA,NA,NA,NA,0,0,0,0,0,0,0,NA,0,0,0,0,NA,NA,0,0,0,NA,NA,NA,NA,NA,NA,NA,NA,NA,NA,NA,NA,NA,NA,NA,NA,NA,NA,NA,NA,NA,NA,NA,NA,NA,NA,NA,NA,NA,NA,NA,NA,NA,NA,NA,NA
"207",NA,NA,NA,NA,NA,NA,NA,NA,NA,1,0,0,0,1,0,0,0,0,0,0,0,0,0,NA,0,NA,0,NA,0,0,NA,NA,NA,0,0,0,0,0,0,0,0,NA,0,0,0,0,NA,NA,0,0,0,NA,NA,NA,NA,NA,NA,NA,NA,NA,NA,NA,NA,NA,NA,NA,NA,NA,NA,NA,NA,NA,NA,NA,NA,NA,NA,NA,NA,NA,NA,NA,NA,NA,NA,NA,NA
"208",NA,NA,1,NA,NA,NA,NA,0,NA,NA,0,0,0,NA,0,0,0,0,0,0,NA,0,0,NA,NA,NA,0,0,0,0,NA,0,NA,NA,0,0,0,0,0,0,0,NA,0,0,0,0,NA,NA,0,0,0,NA,NA,NA,NA,NA,NA,NA,NA,NA,NA,NA,NA,NA,NA,NA,NA,NA,NA,NA,NA,NA,NA,NA,NA,NA,NA,NA,NA,NA,NA,NA,NA,NA,NA,NA,NA
"209",NA,NA,NA,NA,NA,NA,NA,NA,NA,1,0,0,0,1,0,0,0,0,0,0,0,0,0,NA,NA,NA,0,0,0,0,NA,NA,NA,0,0,0,0,0,0,0,0,NA,0,0,0,0,NA,NA,0,0,0,NA,NA,NA,NA,NA,NA,NA,NA,NA,NA,NA,NA,NA,NA,NA,NA,NA,NA,NA,NA,NA,NA,NA,NA,NA,NA,NA,NA,NA,NA,NA,NA,NA,NA,NA,NA
"210",NA,NA,1,NA,NA,NA,NA,NA,NA,0,0,0,0,NA,0,0,NA,0,0,0,NA,0,0,NA,0,NA,0,0,0,0,NA,0,NA,0,0,0,0,0,0,0,0,NA,0,0,0,0,NA,NA,0,0,0,NA,NA,NA,NA,NA,NA,NA,NA,NA,NA,NA,NA,NA,NA,NA,NA,NA,NA,NA,NA,NA,NA,NA,NA,NA,NA,NA,NA,NA,NA,NA,NA,NA,NA,NA,NA
"211",NA,NA,1,NA,NA,NA,NA,NA,NA,1,0,0,0,NA,0,0,0,0,0,0,0,0,0,NA,NA,NA,0,NA,0,0,NA,0,NA,0,0,0,0,0,0,0,0,NA,0,0,0,0,NA,NA,0,0,0,NA,NA,NA,NA,NA,NA,NA,NA,NA,NA,NA,NA,NA,NA,NA,NA,NA,NA,NA,NA,NA,NA,NA,NA,NA,NA,NA,NA,NA,NA,NA,NA,NA,NA,NA,NA
"212",NA,NA,NA,NA,NA,NA,NA,NA,NA,1,0,0,0,NA,0,0,NA,0,0,0,0,0,0,NA,0,NA,0,NA,0,0,NA,NA,NA,0,0,0,0,0,0,0,0,NA,0,0,0,0,NA,NA,0,0,0,NA,NA,NA,NA,NA,NA,NA,NA,NA,NA,NA,NA,NA,NA,NA,NA,NA,NA,NA,NA,NA,NA,NA,NA,NA,NA,NA,NA,NA,NA,NA,NA,NA,NA,NA,NA
"213",NA,NA,NA,NA,NA,NA,NA,NA,NA,0,0,0,0,1,0,0,0,0,0,0,NA,0,0,NA,NA,NA,0,0,0,0,NA,0,NA,0,0,0,0,0,0,0,0,NA,0,0,0,0,NA,NA,0,0,0,NA,NA,NA,NA,NA,NA,NA,NA,NA,NA,NA,NA,NA,NA,NA,NA,NA,NA,NA,NA,NA,NA,NA,NA,NA,NA,NA,NA,NA,NA,NA,NA,NA,NA,NA,NA
"214",NA,NA,NA,NA,NA,NA,NA,0,NA,NA,0,0,0,NA,0,0,NA,0,0,0,NA,0,0,NA,0,NA,0,0,0,0,NA,0,NA,NA,0,0,0,0,0,0,0,NA,0,0,0,0,NA,NA,0,0,0,NA,NA,NA,NA,NA,NA,NA,NA,NA,NA,NA,NA,NA,NA,NA,NA,NA,NA,NA,NA,NA,NA,NA,NA,NA,NA,NA,NA,NA,NA,NA,NA,NA,NA,NA,NA
"215",NA,NA,NA,NA,NA,NA,NA,NA,NA,0,0,0,0,1,0,0,NA,0,0,0,NA,0,0,NA,0,NA,0,0,0,0,NA,0,NA,0,0,0,0,0,0,0,0,NA,0,0,0,0,NA,NA,0,0,0,NA,NA,NA,NA,NA,NA,NA,NA,NA,NA,NA,NA,NA,NA,NA,NA,NA,NA,NA,NA,NA,NA,NA,NA,NA,NA,NA,NA,NA,NA,NA,NA,NA,NA,NA,NA
"216",NA,NA,NA,NA,NA,NA,NA,0,NA,NA,0,0,0,NA,0,0,0,0,0,0,NA,0,0,NA,0,NA,0,NA,0,0,NA,NA,NA,NA,0,0,0,0,0,0,0,NA,0,0,0,0,NA,NA,0,0,0,NA,NA,NA,NA,NA,NA,NA,NA,NA,NA,NA,NA,NA,NA,NA,NA,NA,NA,NA,NA,NA,NA,NA,NA,NA,NA,NA,NA,NA,NA,NA,NA,NA,NA,NA,NA
"217",NA,NA,NA,NA,NA,NA,NA,NA,NA,0,0,0,0,NA,0,0,0,0,0,0,NA,0,0,NA,NA,NA,0,NA,0,0,NA,0,NA,0,0,0,0,0,0,0,0,NA,0,0,0,0,NA,NA,0,0,0,NA,NA,NA,NA,NA,NA,NA,NA,NA,NA,NA,NA,NA,NA,NA,NA,NA,NA,NA,NA,NA,NA,NA,NA,NA,NA,NA,NA,NA,NA,NA,NA,NA,NA,NA,NA
"218",NA,NA,NA,NA,NA,NA,NA,NA,NA,0,0,0,0,NA,0,0,NA,0,0,0,NA,0,0,NA,NA,NA,0,0,0,0,NA,0,NA,0,0,0,0,0,0,0,0,NA,0,0,0,0,NA,NA,0,0,0,NA,NA,NA,NA,NA,NA,NA,NA,NA,NA,NA,NA,NA,NA,NA,NA,NA,NA,NA,NA,NA,NA,NA,NA,NA,NA,NA,NA,NA,NA,NA,NA,NA,NA,NA,NA
"219",NA,NA,NA,NA,NA,NA,NA,NA,NA,1,0,0,0,1,0,0,NA,0,0,0,0,0,0,NA,0,NA,0,0,0,0,NA,NA,NA,0,0,0,0,0,0,0,0,NA,0,0,0,0,NA,NA,0,0,0,NA,NA,NA,NA,NA,NA,NA,NA,NA,NA,NA,NA,NA,NA,NA,NA,NA,NA,NA,NA,NA,NA,NA,NA,NA,NA,NA,NA,NA,NA,NA,NA,NA,NA,NA,NA
"220",NA,NA,NA,NA,NA,NA,NA,0,NA,NA,0,0,0,NA,0,0,0,0,0,0,NA,0,0,NA,NA,NA,0,NA,0,0,NA,0,NA,NA,0,0,0,0,0,0,0,NA,0,0,0,0,NA,NA,0,0,0,NA,NA,NA,NA,NA,NA,NA,NA,NA,NA,NA,NA,NA,NA,NA,NA,NA,NA,NA,NA,NA,NA,NA,NA,NA,NA,NA,NA,NA,NA,NA,NA,NA,NA,NA,NA
"221",NA,NA,1,NA,NA,NA,NA,NA,NA,1,0,0,0,NA,0,0,NA,0,0,0,0,0,0,NA,0,NA,0,0,0,0,NA,NA,NA,0,0,0,0,0,0,0,0,NA,0,0,0,0,NA,NA,0,0,0,NA,NA,NA,NA,NA,NA,NA,NA,NA,NA,NA,NA,NA,NA,NA,NA,NA,NA,NA,NA,NA,NA,NA,NA,NA,NA,NA,NA,NA,NA,NA,NA,NA,NA,NA,NA
"222",NA,NA,NA,NA,NA,NA,NA,NA,NA,0,0,0,0,NA,0,0,0,0,0,0,NA,0,0,NA,NA,NA,0,0,0,0,NA,NA,NA,0,0,0,0,0,0,0,0,NA,0,0,0,0,NA,NA,0,0,0,NA,NA,NA,NA,NA,NA,NA,NA,NA,NA,NA,NA,NA,NA,NA,NA,NA,NA,NA,NA,NA,NA,NA,NA,NA,NA,NA,NA,NA,NA,NA,NA,NA,NA,NA,NA
"223",NA,NA,NA,NA,NA,NA,NA,NA,NA,1,0,0,0,NA,0,0,NA,0,0,0,0,0,0,NA,NA,NA,0,0,0,0,NA,NA,NA,0,0,0,0,0,0,0,0,NA,0,0,0,0,NA,NA,0,0,0,NA,NA,NA,NA,NA,NA,NA,NA,NA,NA,NA,NA,NA,NA,NA,NA,NA,NA,NA,NA,NA,NA,NA,NA,NA,NA,NA,NA,NA,NA,NA,NA,NA,NA,NA,NA
"224",NA,NA,1,NA,NA,NA,NA,0,NA,NA,0,0,0,NA,0,0,0,0,0,0,NA,0,0,NA,0,NA,0,NA,0,0,NA,0,NA,NA,0,0,0,0,0,0,0,NA,0,0,0,0,NA,NA,0,0,0,NA,NA,NA,NA,NA,NA,NA,NA,NA,NA,NA,NA,NA,NA,NA,NA,NA,NA,NA,NA,NA,NA,NA,NA,NA,NA,NA,NA,NA,NA,NA,NA,NA,NA,NA,NA
"225",NA,NA,NA,NA,NA,NA,NA,NA,NA,1,0,0,0,1,0,0,NA,0,0,0,0,0,0,NA,NA,NA,0,NA,0,0,NA,0,NA,0,0,0,0,0,0,0,0,NA,0,0,0,0,NA,NA,0,0,0,NA,NA,NA,NA,NA,NA,NA,NA,NA,NA,NA,NA,NA,NA,NA,NA,NA,NA,NA,NA,NA,NA,NA,NA,NA,NA,NA,NA,NA,NA,NA,NA,NA,NA,NA,NA
"226",NA,NA,1,NA,NA,NA,NA,NA,NA,0,0,0,0,NA,0,0,0,0,0,0,NA,0,0,NA,0,NA,0,0,0,0,NA,NA,NA,0,0,0,0,0,0,0,0,NA,0,0,0,0,NA,NA,0,0,0,NA,NA,NA,NA,NA,NA,NA,NA,NA,NA,NA,NA,NA,NA,NA,NA,NA,NA,NA,NA,NA,NA,NA,NA,NA,NA,NA,NA,NA,NA,NA,NA,NA,NA,NA,NA
"227",NA,NA,1,NA,NA,NA,NA,NA,NA,1,0,0,0,NA,0,0,NA,0,0,0,0,0,0,NA,NA,NA,0,NA,0,0,NA,0,NA,0,0,0,0,0,0,0,0,NA,0,0,0,0,NA,NA,0,0,0,NA,NA,NA,NA,NA,NA,NA,NA,NA,NA,NA,NA,NA,NA,NA,NA,NA,NA,NA,NA,NA,NA,NA,NA,NA,NA,NA,NA,NA,NA,NA,NA,NA,NA,NA,NA
"228",NA,NA,NA,NA,NA,NA,NA,0,NA,NA,0,0,0,NA,0,0,NA,0,0,0,NA,0,0,NA,0,NA,0,0,0,0,NA,NA,NA,NA,0,0,0,0,0,0,0,NA,0,0,0,0,NA,NA,0,0,0,NA,NA,NA,NA,NA,NA,NA,NA,NA,NA,NA,NA,NA,NA,NA,NA,NA,NA,NA,NA,NA,NA,NA,NA,NA,NA,NA,NA,NA,NA,NA,NA,NA,NA,NA,NA
"229",NA,NA,1,NA,NA,NA,NA,NA,NA,0,0,0,0,NA,0,0,0,0,0,0,NA,0,0,NA,NA,NA,0,NA,0,0,NA,0,NA,0,0,0,0,0,0,0,0,NA,0,0,0,0,NA,NA,0,0,0,NA,NA,NA,NA,NA,NA,NA,NA,NA,NA,NA,NA,NA,NA,NA,NA,NA,NA,NA,NA,NA,NA,NA,NA,NA,NA,NA,NA,NA,NA,NA,NA,NA,NA,NA,NA
"230",NA,NA,NA,NA,NA,NA,NA,NA,NA,0,0,0,0,NA,0,0,NA,0,0,0,NA,0,0,NA,0,NA,0,NA,0,0,NA,NA,NA,0,0,0,0,0,0,0,0,NA,0,0,0,0,NA,NA,0,0,0,NA,NA,NA,NA,NA,NA,NA,NA,NA,NA,NA,NA,NA,NA,NA,NA,NA,NA,NA,NA,NA,NA,NA,NA,NA,NA,NA,NA,NA,NA,NA,NA,NA,NA,NA,NA
"231",NA,NA,NA,NA,NA,NA,NA,NA,NA,1,0,0,0,NA,0,0,0,0,0,0,0,0,0,NA,NA,NA,0,NA,0,0,NA,NA,NA,0,0,0,0,0,0,0,0,NA,0,0,0,0,NA,NA,0,0,0,NA,NA,NA,NA,NA,NA,NA,NA,NA,NA,NA,NA,NA,NA,NA,NA,NA,NA,NA,NA,NA,NA,NA,NA,NA,NA,NA,NA,NA,NA,NA,NA,NA,NA,NA,NA
"232",NA,NA,NA,NA,NA,NA,NA,0,NA,NA,0,0,0,NA,0,0,NA,0,0,0,NA,0,0,NA,0,NA,0,NA,0,0,NA,0,NA,NA,0,0,0,0,0,0,0,NA,0,0,0,0,NA,NA,0,0,0,NA,NA,NA,NA,NA,NA,NA,NA,NA,NA,NA,NA,NA,NA,NA,NA,NA,NA,NA,NA,NA,NA,NA,NA,NA,NA,NA,NA,NA,NA,NA,NA,NA,NA,NA,NA
"233",NA,NA,NA,NA,NA,NA,NA,NA,NA,1,0,0,0,1,0,0,0,0,0,0,0,0,0,NA,NA,NA,0,NA,0,0,NA,NA,NA,0,0,0,0,0,0,0,0,NA,0,0,0,0,NA,NA,0,0,0,NA,NA,NA,NA,NA,NA,NA,NA,NA,NA,NA,NA,NA,NA,NA,NA,NA,NA,NA,NA,NA,NA,NA,NA,NA,NA,NA,NA,NA,NA,NA,NA,NA,NA,NA,NA
"234",NA,NA,NA,NA,NA,NA,NA,0,NA,NA,0,0,0,NA,0,0,NA,0,0,0,NA,0,0,NA,0,NA,0,NA,0,0,NA,NA,NA,NA,0,0,0,0,0,0,0,NA,0,0,0,0,NA,NA,0,0,0,NA,NA,NA,NA,NA,NA,NA,NA,NA,NA,NA,NA,NA,NA,NA,NA,NA,NA,NA,NA,NA,NA,NA,NA,NA,NA,NA,NA,NA,NA,NA,NA,NA,NA,NA,NA
"235",NA,NA,1,NA,NA,NA,NA,NA,NA,1,0,0,0,NA,0,0,0,0,0,0,0,0,0,NA,0,NA,0,NA,0,0,NA,NA,NA,0,0,0,0,0,0,0,0,NA,0,0,0,0,NA,NA,0,0,0,NA,NA,NA,NA,NA,NA,NA,NA,NA,NA,NA,NA,NA,NA,NA,NA,NA,NA,NA,NA,NA,NA,NA,NA,NA,NA,NA,NA,NA,NA,NA,NA,NA,NA,NA,NA
"236",NA,NA,NA,NA,NA,NA,NA,0,NA,NA,0,0,0,NA,0,0,NA,0,0,0,NA,0,0,NA,NA,NA,0,0,0,0,NA,0,NA,NA,0,0,0,0,0,0,0,NA,0,0,0,0,NA,NA,0,0,0,NA,NA,NA,NA,NA,NA,NA,NA,NA,NA,NA,NA,NA,NA,NA,NA,NA,NA,NA,NA,NA,NA,NA,NA,NA,NA,NA,NA,NA,NA,NA,NA,NA,NA,NA,NA
"237",NA,NA,1,NA,NA,NA,NA,NA,NA,0,0,0,0,NA,0,0,NA,0,0,0,NA,0,0,NA,0,NA,0,0,0,0,NA,NA,NA,0,0,0,0,0,0,0,0,NA,0,0,0,0,NA,NA,0,0,0,NA,NA,NA,NA,NA,NA,NA,NA,NA,NA,NA,NA,NA,NA,NA,NA,NA,NA,NA,NA,NA,NA,NA,NA,NA,NA,NA,NA,NA,NA,NA,NA,NA,NA,NA,NA
"238",NA,NA,1,NA,NA,NA,NA,NA,NA,1,0,0,0,NA,0,0,0,0,0,0,0,0,0,NA,NA,NA,0,NA,0,0,NA,NA,NA,0,0,0,0,0,0,0,0,NA,0,0,0,0,NA,NA,0,0,0,NA,NA,NA,NA,NA,NA,NA,NA,NA,NA,NA,NA,NA,NA,NA,NA,NA,NA,NA,NA,NA,NA,NA,NA,NA,NA,NA,NA,NA,NA,NA,NA,NA,NA,NA,NA
"239",NA,NA,1,NA,NA,NA,NA,NA,NA,1,0,0,0,NA,0,0,NA,0,0,0,0,0,0,NA,0,NA,0,NA,0,0,NA,NA,NA,0,0,0,0,0,0,0,0,NA,0,0,0,0,NA,NA,0,0,0,NA,NA,NA,NA,NA,NA,NA,NA,NA,NA,NA,NA,NA,NA,NA,NA,NA,NA,NA,NA,NA,NA,NA,NA,NA,NA,NA,NA,NA,NA,NA,NA,NA,NA,NA,NA
"240",NA,NA,NA,NA,NA,NA,NA,NA,NA,0,0,0,0,1,0,0,0,0,0,0,NA,0,0,NA,0,NA,0,0,0,0,NA,NA,NA,0,0,0,0,0,0,0,0,NA,0,0,0,0,NA,NA,0,0,0,NA,NA,NA,NA,NA,NA,NA,NA,NA,NA,NA,NA,NA,NA,NA,NA,NA,NA,NA,NA,NA,NA,NA,NA,NA,NA,NA,NA,NA,NA,NA,NA,NA,NA,NA,NA
"241",NA,NA,NA,NA,NA,NA,NA,0,NA,NA,0,0,0,1,0,0,0,0,0,0,NA,0,0,NA,NA,NA,0,0,0,0,NA,0,NA,NA,0,0,0,0,0,0,0,NA,0,0,0,0,NA,NA,0,0,0,NA,NA,NA,NA,NA,NA,NA,NA,NA,NA,NA,NA,NA,NA,NA,NA,NA,NA,NA,NA,NA,NA,NA,NA,NA,NA,NA,NA,NA,NA,NA,NA,NA,NA,NA,NA
"242",NA,NA,NA,NA,NA,NA,NA,NA,NA,0,0,0,0,1,0,0,0,0,0,0,NA,0,0,NA,0,NA,0,NA,0,0,NA,0,NA,0,0,0,0,0,0,0,0,NA,0,0,0,0,NA,NA,0,0,0,NA,NA,NA,NA,NA,NA,NA,NA,NA,NA,NA,NA,NA,NA,NA,NA,NA,NA,NA,NA,NA,NA,NA,NA,NA,NA,NA,NA,NA,NA,NA,NA,NA,NA,NA,NA
"243",NA,NA,NA,NA,NA,NA,NA,NA,NA,0,0,0,0,NA,0,0,NA,0,0,0,NA,0,0,NA,NA,NA,0,0,0,0,NA,NA,NA,0,0,0,0,0,0,0,0,NA,0,0,0,0,NA,NA,0,0,0,NA,NA,NA,NA,NA,NA,NA,NA,NA,NA,NA,NA,NA,NA,NA,NA,NA,NA,NA,NA,NA,NA,NA,NA,NA,NA,NA,NA,NA,NA,NA,NA,NA,NA,NA,NA
"244",NA,NA,NA,NA,NA,NA,NA,NA,NA,1,0,0,0,NA,0,0,NA,0,0,0,0,0,0,NA,NA,NA,0,NA,0,0,NA,NA,NA,0,0,0,0,0,0,0,0,NA,0,0,0,0,NA,NA,0,0,0,NA,NA,NA,NA,NA,NA,NA,NA,NA,NA,NA,NA,NA,NA,NA,NA,NA,NA,NA,NA,NA,NA,NA,NA,NA,NA,NA,NA,NA,NA,NA,NA,NA,NA,NA,NA
"245",NA,NA,1,NA,NA,NA,NA,0,NA,NA,0,0,0,NA,0,0,NA,0,0,0,NA,0,0,NA,0,NA,0,0,0,0,NA,0,NA,NA,0,0,0,0,0,0,0,NA,0,0,0,0,NA,NA,0,0,0,NA,NA,NA,NA,NA,NA,NA,NA,NA,NA,NA,NA,NA,NA,NA,NA,NA,NA,NA,NA,NA,NA,NA,NA,NA,NA,NA,NA,NA,NA,NA,NA,NA,NA,NA,NA
"246",NA,NA,NA,NA,NA,NA,NA,NA,NA,0,0,0,0,1,0,0,0,0,0,0,NA,0,0,NA,NA,NA,0,0,0,0,NA,NA,NA,0,0,0,0,0,0,0,0,NA,0,0,0,0,NA,NA,0,0,0,NA,NA,NA,NA,NA,NA,NA,NA,NA,NA,NA,NA,NA,NA,NA,NA,NA,NA,NA,NA,NA,NA,NA,NA,NA,NA,NA,NA,NA,NA,NA,NA,NA,NA,NA,NA
"247",NA,NA,NA,NA,NA,NA,NA,NA,NA,0,0,0,0,NA,0,0,NA,0,0,0,NA,0,0,NA,NA,NA,0,NA,0,0,NA,0,NA,0,0,0,0,0,0,0,0,NA,0,0,0,0,NA,NA,0,0,0,NA,NA,NA,NA,NA,NA,NA,NA,NA,NA,NA,NA,NA,NA,NA,NA,NA,NA,NA,NA,NA,NA,NA,NA,NA,NA,NA,NA,NA,NA,NA,NA,NA,NA,NA,NA
"248",NA,NA,NA,NA,NA,NA,NA,NA,NA,0,0,0,0,1,0,0,NA,0,0,0,NA,0,0,NA,0,NA,0,0,0,0,NA,NA,NA,0,0,0,0,0,0,0,0,NA,0,0,0,0,NA,NA,0,0,0,NA,NA,NA,NA,NA,NA,NA,NA,NA,NA,NA,NA,NA,NA,NA,NA,NA,NA,NA,NA,NA,NA,NA,NA,NA,NA,NA,NA,NA,NA,NA,NA,NA,NA,NA,NA
"249",NA,NA,1,NA,NA,NA,NA,0,NA,NA,0,0,0,NA,0,0,0,0,0,0,NA,0,0,NA,NA,NA,0,NA,0,0,NA,0,NA,NA,0,0,0,0,0,0,0,NA,0,0,0,0,NA,NA,0,0,0,NA,NA,NA,NA,NA,NA,NA,NA,NA,NA,NA,NA,NA,NA,NA,NA,NA,NA,NA,NA,NA,NA,NA,NA,NA,NA,NA,NA,NA,NA,NA,NA,NA,NA,NA,NA
"250",NA,NA,NA,NA,NA,NA,NA,NA,NA,1,0,0,0,1,0,0,NA,0,0,0,0,0,0,NA,NA,NA,0,0,0,0,NA,NA,NA,0,0,0,0,0,0,0,0,NA,0,0,0,0,NA,NA,0,0,0,NA,NA,NA,NA,NA,NA,NA,NA,NA,NA,NA,NA,NA,NA,NA,NA,NA,NA,NA,NA,NA,NA,NA,NA,NA,NA,NA,NA,NA,NA,NA,NA,NA,NA,NA,NA
"251",NA,NA,1,NA,NA,NA,NA,NA,NA,0,0,0,0,NA,0,0,0,0,0,0,NA,0,0,NA,0,NA,0,NA,0,0,NA,NA,NA,0,0,0,0,0,0,0,0,NA,0,0,0,0,NA,NA,0,0,0,NA,NA,NA,NA,NA,NA,NA,NA,NA,NA,NA,NA,NA,NA,NA,NA,NA,NA,NA,NA,NA,NA,NA,NA,NA,NA,NA,NA,NA,NA,NA,NA,NA,NA,NA,NA
"252",NA,NA,NA,NA,NA,NA,NA,0,NA,NA,0,0,0,1,0,0,0,0,0,0,NA,0,0,NA,0,NA,0,NA,0,0,NA,0,NA,NA,0,0,0,0,0,0,0,NA,0,0,0,0,NA,NA,0,0,0,NA,NA,NA,NA,NA,NA,NA,NA,NA,NA,NA,NA,NA,NA,NA,NA,NA,NA,NA,NA,NA,NA,NA,NA,NA,NA,NA,NA,NA,NA,NA,NA,NA,NA,NA,NA
"253",NA,NA,NA,NA,NA,NA,NA,NA,NA,0,0,0,0,1,0,0,0,0,0,0,NA,0,0,NA,NA,NA,0,NA,0,0,NA,0,NA,0,0,0,0,0,0,0,0,NA,0,0,0,0,NA,NA,0,0,0,NA,NA,NA,NA,NA,NA,NA,NA,NA,NA,NA,NA,NA,NA,NA,NA,NA,NA,NA,NA,NA,NA,NA,NA,NA,NA,NA,NA,NA,NA,NA,NA,NA,NA,NA,NA
"254",NA,NA,NA,NA,NA,NA,NA,NA,NA,1,0,0,0,1,0,0,NA,0,0,0,0,0,0,NA,0,NA,0,NA,0,0,NA,NA,NA,0,0,0,0,0,0,0,0,NA,0,0,0,0,NA,NA,0,0,0,NA,NA,NA,NA,NA,NA,NA,NA,NA,NA,NA,NA,NA,NA,NA,NA,NA,NA,NA,NA,NA,NA,NA,NA,NA,NA,NA,NA,NA,NA,NA,NA,NA,NA,NA,NA
"255",NA,NA,NA,NA,NA,NA,NA,0,NA,NA,0,0,0,NA,0,0,0,0,0,0,NA,0,0,NA,NA,NA,0,0,0,0,NA,NA,NA,NA,0,0,0,0,0,0,0,NA,0,0,0,0,NA,NA,0,0,0,NA,NA,NA,NA,NA,NA,NA,NA,NA,NA,NA,NA,NA,NA,NA,NA,NA,NA,NA,NA,NA,NA,NA,NA,NA,NA,NA,NA,NA,NA,NA,NA,NA,NA,NA,NA
"256",NA,NA,NA,NA,NA,NA,NA,NA,NA,0,0,0,0,1,0,0,0,0,0,0,NA,0,0,NA,0,NA,0,NA,0,0,NA,NA,NA,0,0,0,0,0,0,0,0,NA,0,0,0,0,NA,NA,0,0,0,NA,NA,NA,NA,NA,NA,NA,NA,NA,NA,NA,NA,NA,NA,NA,NA,NA,NA,NA,NA,NA,NA,NA,NA,NA,NA,NA,NA,NA,NA,NA,NA,NA,NA,NA,NA
"257",NA,NA,NA,NA,NA,NA,NA,0,NA,NA,0,0,0,NA,0,0,NA,0,0,0,NA,0,0,NA,NA,NA,0,0,0,0,NA,NA,NA,NA,0,0,0,0,0,0,0,NA,0,0,0,0,NA,NA,0,0,0,NA,NA,NA,NA,NA,NA,NA,NA,NA,NA,NA,NA,NA,NA,NA,NA,NA,NA,NA,NA,NA,NA,NA,NA,NA,NA,NA,NA,NA,NA,NA,NA,NA,NA,NA,NA
"258",NA,NA,1,NA,NA,NA,NA,NA,NA,1,0,0,0,NA,0,0,NA,0,0,0,0,0,0,NA,NA,NA,0,0,0,0,NA,NA,NA,0,0,0,0,0,0,0,0,NA,0,0,0,0,NA,NA,0,0,0,NA,NA,NA,NA,NA,NA,NA,NA,NA,NA,NA,NA,NA,NA,NA,NA,NA,NA,NA,NA,NA,NA,NA,NA,NA,NA,NA,NA,NA,NA,NA,NA,NA,NA,NA,NA
"259",NA,NA,NA,NA,NA,NA,NA,0,NA,NA,0,0,0,1,0,0,0,0,0,0,NA,0,0,NA,0,NA,0,0,0,0,NA,NA,NA,NA,0,0,0,0,0,0,0,NA,0,0,0,0,NA,NA,0,0,0,NA,NA,NA,NA,NA,NA,NA,NA,NA,NA,NA,NA,NA,NA,NA,NA,NA,NA,NA,NA,NA,NA,NA,NA,NA,NA,NA,NA,NA,NA,NA,NA,NA,NA,NA,NA
"260",NA,NA,1,NA,NA,NA,NA,NA,NA,0,0,0,0,NA,0,0,NA,0,0,0,NA,0,0,NA,NA,NA,0,0,0,0,NA,0,NA,0,0,0,0,0,0,0,0,NA,0,0,0,0,NA,NA,0,0,0,NA,NA,NA,NA,NA,NA,NA,NA,NA,NA,NA,NA,NA,NA,NA,NA,NA,NA,NA,NA,NA,NA,NA,NA,NA,NA,NA,NA,NA,NA,NA,NA,NA,NA,NA,NA
"261",NA,NA,1,NA,NA,NA,NA,NA,NA,0,0,0,0,NA,0,0,NA,0,0,0,NA,0,0,NA,0,NA,0,NA,0,0,NA,0,NA,0,0,0,0,0,0,0,0,NA,0,0,0,0,NA,NA,0,0,0,NA,NA,NA,NA,NA,NA,NA,NA,NA,NA,NA,NA,NA,NA,NA,NA,NA,NA,NA,NA,NA,NA,NA,NA,NA,NA,NA,NA,NA,NA,NA,NA,NA,NA,NA,NA
"262",NA,NA,1,NA,NA,NA,NA,NA,NA,1,0,0,0,NA,0,0,NA,0,0,0,0,0,0,NA,NA,NA,0,NA,0,0,NA,NA,NA,0,0,0,0,0,0,0,0,NA,0,0,0,0,NA,NA,0,0,0,NA,NA,NA,NA,NA,NA,NA,NA,NA,NA,NA,NA,NA,NA,NA,NA,NA,NA,NA,NA,NA,NA,NA,NA,NA,NA,NA,NA,NA,NA,NA,NA,NA,NA,NA,NA
"263",NA,NA,1,NA,NA,NA,NA,NA,NA,0,0,0,0,NA,0,0,NA,0,0,0,NA,0,0,NA,0,NA,0,NA,0,0,NA,NA,NA,0,0,0,0,0,0,0,0,NA,0,0,0,0,NA,NA,0,0,0,NA,NA,NA,NA,NA,NA,NA,NA,NA,NA,NA,NA,NA,NA,NA,NA,NA,NA,NA,NA,NA,NA,NA,NA,NA,NA,NA,NA,NA,NA,NA,NA,NA,NA,NA,NA
"264",NA,NA,NA,NA,NA,NA,NA,NA,NA,1,0,0,0,1,0,0,NA,0,0,0,0,0,0,NA,NA,NA,0,NA,0,0,NA,NA,NA,0,0,0,0,0,0,0,0,NA,0,0,0,0,NA,NA,0,0,0,NA,NA,NA,NA,NA,NA,NA,NA,NA,NA,NA,NA,NA,NA,NA,NA,NA,NA,NA,NA,NA,NA,NA,NA,NA,NA,NA,NA,NA,NA,NA,NA,NA,NA,NA,NA
"265",NA,NA,1,NA,NA,NA,NA,0,NA,NA,0,0,0,NA,0,0,0,0,0,0,NA,0,0,NA,0,NA,0,0,0,0,NA,NA,NA,NA,0,0,0,0,0,0,0,NA,0,0,0,0,NA,NA,0,0,0,NA,NA,NA,NA,NA,NA,NA,NA,NA,NA,NA,NA,NA,NA,NA,NA,NA,NA,NA,NA,NA,NA,NA,NA,NA,NA,NA,NA,NA,NA,NA,NA,NA,NA,NA,NA
"266",NA,NA,1,NA,NA,NA,NA,NA,NA,0,0,0,0,NA,0,0,0,0,0,0,NA,0,0,NA,NA,NA,0,0,0,0,NA,NA,NA,0,0,0,0,0,0,0,0,NA,0,0,0,0,NA,NA,0,0,0,NA,NA,NA,NA,NA,NA,NA,NA,NA,NA,NA,NA,NA,NA,NA,NA,NA,NA,NA,NA,NA,NA,NA,NA,NA,NA,NA,NA,NA,NA,NA,NA,NA,NA,NA,NA
"267",NA,NA,1,NA,NA,NA,NA,0,NA,NA,0,0,0,NA,0,0,NA,0,0,0,NA,0,0,NA,0,NA,0,0,0,0,NA,NA,NA,NA,0,0,0,0,0,0,0,NA,0,0,0,0,NA,NA,0,0,0,NA,NA,NA,NA,NA,NA,NA,NA,NA,NA,NA,NA,NA,NA,NA,NA,NA,NA,NA,NA,NA,NA,NA,NA,NA,NA,NA,NA,NA,NA,NA,NA,NA,NA,NA,NA
"268",NA,NA,1,NA,NA,NA,NA,NA,NA,0,0,0,0,NA,0,0,NA,0,0,0,NA,0,0,NA,NA,NA,0,NA,0,0,NA,0,NA,0,0,0,0,0,0,0,0,NA,0,0,0,0,NA,NA,0,0,0,NA,NA,NA,NA,NA,NA,NA,NA,NA,NA,NA,NA,NA,NA,NA,NA,NA,NA,NA,NA,NA,NA,NA,NA,NA,NA,NA,NA,NA,NA,NA,NA,NA,NA,NA,NA
"269",NA,NA,1,NA,NA,NA,NA,0,NA,NA,0,0,0,NA,0,0,0,0,0,0,NA,0,0,NA,0,NA,0,NA,0,0,NA,NA,NA,NA,0,0,0,0,0,0,0,NA,0,0,0,0,NA,NA,0,0,0,NA,NA,NA,NA,NA,NA,NA,NA,NA,NA,NA,NA,NA,NA,NA,NA,NA,NA,NA,NA,NA,NA,NA,NA,NA,NA,NA,NA,NA,NA,NA,NA,NA,NA,NA,NA
"270",NA,NA,NA,NA,NA,NA,NA,NA,NA,0,0,0,0,NA,0,0,0,0,0,0,NA,0,0,NA,NA,NA,0,NA,0,0,NA,NA,NA,0,0,0,0,0,0,0,0,NA,0,0,0,0,NA,NA,0,0,0,NA,NA,NA,NA,NA,NA,NA,NA,NA,NA,NA,NA,NA,NA,NA,NA,NA,NA,NA,NA,NA,NA,NA,NA,NA,NA,NA,NA,NA,NA,NA,NA,NA,NA,NA,NA
"271",NA,NA,1,NA,NA,NA,NA,0,NA,NA,0,0,0,NA,0,0,NA,0,0,0,NA,0,0,NA,0,NA,0,NA,0,0,NA,0,NA,NA,0,0,0,0,0,0,0,NA,0,0,0,0,NA,NA,0,0,0,NA,NA,NA,NA,NA,NA,NA,NA,NA,NA,NA,NA,NA,NA,NA,NA,NA,NA,NA,NA,NA,NA,NA,NA,NA,NA,NA,NA,NA,NA,NA,NA,NA,NA,NA,NA
"272",NA,NA,NA,NA,NA,NA,NA,NA,NA,0,0,0,0,NA,0,0,NA,0,0,0,NA,0,0,NA,NA,NA,0,NA,0,0,NA,NA,NA,0,0,0,0,0,0,0,0,NA,0,0,0,0,NA,NA,0,0,0,NA,NA,NA,NA,NA,NA,NA,NA,NA,NA,NA,NA,NA,NA,NA,NA,NA,NA,NA,NA,NA,NA,NA,NA,NA,NA,NA,NA,NA,NA,NA,NA,NA,NA,NA,NA
"273",NA,NA,1,NA,NA,NA,NA,0,NA,NA,0,0,0,NA,0,0,NA,0,0,0,NA,0,0,NA,0,NA,0,NA,0,0,NA,NA,NA,NA,0,0,0,0,0,0,0,NA,0,0,0,0,NA,NA,0,0,0,NA,NA,NA,NA,NA,NA,NA,NA,NA,NA,NA,NA,NA,NA,NA,NA,NA,NA,NA,NA,NA,NA,NA,NA,NA,NA,NA,NA,NA,NA,NA,NA,NA,NA,NA,NA
"274",NA,NA,1,NA,NA,NA,NA,NA,NA,0,0,0,0,NA,0,0,0,0,0,0,NA,0,0,NA,NA,NA,0,NA,0,0,NA,NA,NA,0,0,0,0,0,0,0,0,NA,0,0,0,0,NA,NA,0,0,0,NA,NA,NA,NA,NA,NA,NA,NA,NA,NA,NA,NA,NA,NA,NA,NA,NA,NA,NA,NA,NA,NA,NA,NA,NA,NA,NA,NA,NA,NA,NA,NA,NA,NA,NA,NA
"275",NA,NA,NA,NA,NA,NA,NA,NA,NA,0,0,0,0,1,0,0,NA,0,0,0,NA,0,0,NA,0,NA,0,NA,0,0,NA,0,NA,0,0,0,0,0,0,0,0,NA,0,0,0,0,NA,NA,0,0,0,NA,NA,NA,NA,NA,NA,NA,NA,NA,NA,NA,NA,NA,NA,NA,NA,NA,NA,NA,NA,NA,NA,NA,NA,NA,NA,NA,NA,NA,NA,NA,NA,NA,NA,NA,NA
"276",NA,NA,1,NA,NA,NA,NA,NA,NA,0,0,0,0,NA,0,0,NA,0,0,0,NA,0,0,NA,NA,NA,0,0,0,0,NA,NA,NA,0,0,0,0,0,0,0,0,NA,0,0,0,0,NA,NA,0,0,0,NA,NA,NA,NA,NA,NA,NA,NA,NA,NA,NA,NA,NA,NA,NA,NA,NA,NA,NA,NA,NA,NA,NA,NA,NA,NA,NA,NA,NA,NA,NA,NA,NA,NA,NA,NA
"277",NA,NA,NA,NA,NA,NA,NA,NA,NA,0,0,0,0,1,0,0,NA,0,0,0,NA,0,0,NA,0,NA,0,NA,0,0,NA,NA,NA,0,0,0,0,0,0,0,0,NA,0,0,0,0,NA,NA,0,0,0,NA,NA,NA,NA,NA,NA,NA,NA,NA,NA,NA,NA,NA,NA,NA,NA,NA,NA,NA,NA,NA,NA,NA,NA,NA,NA,NA,NA,NA,NA,NA,NA,NA,NA,NA,NA
"278",NA,NA,1,NA,NA,NA,NA,NA,NA,0,0,0,0,NA,0,0,NA,0,0,0,NA,0,0,NA,NA,NA,0,NA,0,0,NA,NA,NA,0,0,0,0,0,0,0,0,NA,0,0,0,0,NA,NA,0,0,0,NA,NA,NA,NA,NA,NA,NA,NA,NA,NA,NA,NA,NA,NA,NA,NA,NA,NA,NA,NA,NA,NA,NA,NA,NA,NA,NA,NA,NA,NA,NA,NA,NA,NA,NA,NA
"279",NA,NA,NA,NA,NA,NA,NA,0,NA,NA,0,0,0,1,0,0,NA,0,0,0,NA,0,0,NA,0,NA,0,0,0,0,NA,0,NA,NA,0,0,0,0,0,0,0,NA,0,0,0,0,NA,NA,0,0,0,NA,NA,NA,NA,NA,NA,NA,NA,NA,NA,NA,NA,NA,NA,NA,NA,NA,NA,NA,NA,NA,NA,NA,NA,NA,NA,NA,NA,NA,NA,NA,NA,NA,NA,NA,NA
"280",NA,NA,NA,NA,NA,NA,NA,NA,NA,0,0,0,0,1,0,0,NA,0,0,0,NA,0,0,NA,NA,NA,0,0,0,0,NA,0,NA,0,0,0,0,0,0,0,0,NA,0,0,0,0,NA,NA,0,0,0,NA,NA,NA,NA,NA,NA,NA,NA,NA,NA,NA,NA,NA,NA,NA,NA,NA,NA,NA,NA,NA,NA,NA,NA,NA,NA,NA,NA,NA,NA,NA,NA,NA,NA,NA,NA
"281",NA,NA,1,NA,NA,NA,NA,0,NA,NA,0,0,0,NA,0,0,NA,0,0,0,NA,0,0,NA,NA,NA,0,0,0,0,NA,0,NA,NA,0,0,0,0,0,0,0,NA,0,0,0,0,NA,NA,0,0,0,NA,NA,NA,NA,NA,NA,NA,NA,NA,NA,NA,NA,NA,NA,NA,NA,NA,NA,NA,NA,NA,NA,NA,NA,NA,NA,NA,NA,NA,NA,NA,NA,NA,NA,NA,NA
"282",NA,NA,NA,NA,NA,NA,NA,NA,NA,0,0,0,0,1,0,0,0,0,0,0,NA,0,0,NA,NA,NA,0,NA,0,0,NA,NA,NA,0,0,0,0,0,0,0,0,NA,0,0,0,0,NA,NA,0,0,0,NA,NA,NA,NA,NA,NA,NA,NA,NA,NA,NA,NA,NA,NA,NA,NA,NA,NA,NA,NA,NA,NA,NA,NA,NA,NA,NA,NA,NA,NA,NA,NA,NA,NA,NA,NA
"283",NA,NA,NA,NA,NA,NA,NA,0,NA,NA,0,0,0,NA,0,0,NA,0,0,0,NA,0,0,NA,NA,NA,0,NA,0,0,NA,0,NA,NA,0,0,0,0,0,0,0,NA,0,0,0,0,NA,NA,0,0,0,NA,NA,NA,NA,NA,NA,NA,NA,NA,NA,NA,NA,NA,NA,NA,NA,NA,NA,NA,NA,NA,NA,NA,NA,NA,NA,NA,NA,NA,NA,NA,NA,NA,NA,NA,NA
"284",NA,NA,NA,NA,NA,NA,NA,NA,NA,0,0,0,0,1,0,0,NA,0,0,0,NA,0,0,NA,NA,NA,0,0,0,0,NA,NA,NA,0,0,0,0,0,0,0,0,NA,0,0,0,0,NA,NA,0,0,0,NA,NA,NA,NA,NA,NA,NA,NA,NA,NA,NA,NA,NA,NA,NA,NA,NA,NA,NA,NA,NA,NA,NA,NA,NA,NA,NA,NA,NA,NA,NA,NA,NA,NA,NA,NA
"285",NA,NA,NA,NA,NA,NA,NA,0,NA,NA,0,0,0,NA,0,0,0,0,0,0,NA,0,0,NA,NA,NA,0,NA,0,0,NA,NA,NA,NA,0,0,0,0,0,0,0,NA,0,0,0,0,NA,NA,0,0,0,NA,NA,NA,NA,NA,NA,NA,NA,NA,NA,NA,NA,NA,NA,NA,NA,NA,NA,NA,NA,NA,NA,NA,NA,NA,NA,NA,NA,NA,NA,NA,NA,NA,NA,NA,NA
"286",NA,NA,NA,NA,NA,NA,NA,NA,NA,0,0,0,0,1,0,0,NA,0,0,0,NA,0,0,NA,NA,NA,0,NA,0,0,NA,0,NA,0,0,0,0,0,0,0,0,NA,0,0,0,0,NA,NA,0,0,0,NA,NA,NA,NA,NA,NA,NA,NA,NA,NA,NA,NA,NA,NA,NA,NA,NA,NA,NA,NA,NA,NA,NA,NA,NA,NA,NA,NA,NA,NA,NA,NA,NA,NA,NA,NA
"287",NA,NA,1,NA,NA,NA,NA,0,NA,NA,0,0,0,NA,0,0,NA,0,0,0,NA,0,0,NA,NA,NA,0,NA,0,0,NA,0,NA,NA,0,0,0,0,0,0,0,NA,0,0,0,0,NA,NA,0,0,0,NA,NA,NA,NA,NA,NA,NA,NA,NA,NA,NA,NA,NA,NA,NA,NA,NA,NA,NA,NA,NA,NA,NA,NA,NA,NA,NA,NA,NA,NA,NA,NA,NA,NA,NA,NA
"288",NA,NA,NA,NA,NA,NA,NA,NA,NA,0,0,0,0,1,0,0,NA,0,0,0,NA,0,0,NA,NA,NA,0,NA,0,0,NA,NA,NA,0,0,0,0,0,0,0,0,NA,0,0,0,0,NA,NA,0,0,0,NA,NA,NA,NA,NA,NA,NA,NA,NA,NA,NA,NA,NA,NA,NA,NA,NA,NA,NA,NA,NA,NA,NA,NA,NA,NA,NA,NA,NA,NA,NA,NA,NA,NA,NA,NA
"289",NA,NA,NA,NA,NA,NA,NA,0,NA,NA,0,0,0,NA,0,0,NA,0,0,0,NA,0,0,NA,NA,NA,0,NA,0,0,NA,NA,NA,NA,0,0,0,0,0,0,0,NA,0,0,0,0,NA,NA,0,0,0,NA,NA,NA,NA,NA,NA,NA,NA,NA,NA,NA,NA,NA,NA,NA,NA,NA,NA,NA,NA,NA,NA,NA,NA,NA,NA,NA,NA,NA,NA,NA,NA,NA,NA,NA,NA
"290",NA,NA,NA,NA,NA,NA,NA,0,NA,NA,0,0,0,1,0,0,NA,0,0,0,NA,0,0,NA,0,NA,0,0,0,0,NA,NA,NA,NA,0,0,0,0,0,0,0,NA,0,0,0,0,NA,NA,0,0,0,NA,NA,NA,NA,NA,NA,NA,NA,NA,NA,NA,NA,NA,NA,NA,NA,NA,NA,NA,NA,NA,NA,NA,NA,NA,NA,NA,NA,NA,NA,NA,NA,NA,NA,NA,NA
"291",NA,NA,1,NA,NA,NA,NA,0,NA,NA,0,0,0,NA,0,0,0,0,0,0,NA,0,0,NA,NA,NA,0,0,0,0,NA,NA,NA,NA,0,0,0,0,0,0,0,NA,0,0,0,0,NA,NA,0,0,0,NA,NA,NA,NA,NA,NA,NA,NA,NA,NA,NA,NA,NA,NA,NA,NA,NA,NA,NA,NA,NA,NA,NA,NA,NA,NA,NA,NA,NA,NA,NA,NA,NA,NA,NA,NA
"292",NA,NA,NA,NA,NA,NA,NA,0,NA,NA,0,0,0,1,0,0,0,0,0,0,NA,0,0,NA,0,NA,0,NA,0,0,NA,NA,NA,NA,0,0,0,0,0,0,0,NA,0,0,0,0,NA,NA,0,0,0,NA,NA,NA,NA,NA,NA,NA,NA,NA,NA,NA,NA,NA,NA,NA,NA,NA,NA,NA,NA,NA,NA,NA,NA,NA,NA,NA,NA,NA,NA,NA,NA,NA,NA,NA,NA
"293",NA,NA,1,NA,NA,NA,NA,0,NA,NA,0,0,0,NA,0,0,0,0,0,0,NA,0,0,NA,NA,NA,0,NA,0,0,NA,NA,NA,NA,0,0,0,0,0,0,0,NA,0,0,0,0,NA,NA,0,0,0,NA,NA,NA,NA,NA,NA,NA,NA,NA,NA,NA,NA,NA,NA,NA,NA,NA,NA,NA,NA,NA,NA,NA,NA,NA,NA,NA,NA,NA,NA,NA,NA,NA,NA,NA,NA
"294",NA,NA,NA,NA,NA,NA,NA,0,NA,NA,0,0,0,1,0,0,NA,0,0,0,NA,0,0,NA,0,NA,0,NA,0,0,NA,0,NA,NA,0,0,0,0,0,0,0,NA,0,0,0,0,NA,NA,0,0,0,NA,NA,NA,NA,NA,NA,NA,NA,NA,NA,NA,NA,NA,NA,NA,NA,NA,NA,NA,NA,NA,NA,NA,NA,NA,NA,NA,NA,NA,NA,NA,NA,NA,NA,NA,NA
"295",NA,NA,1,NA,NA,NA,NA,0,NA,NA,0,0,0,NA,0,0,NA,0,0,0,NA,0,0,NA,NA,NA,0,0,0,0,NA,NA,NA,NA,0,0,0,0,0,0,0,NA,0,0,0,0,NA,NA,0,0,0,NA,NA,NA,NA,NA,NA,NA,NA,NA,NA,NA,NA,NA,NA,NA,NA,NA,NA,NA,NA,NA,NA,NA,NA,NA,NA,NA,NA,NA,NA,NA,NA,NA,NA,NA,NA
"296",NA,NA,NA,NA,NA,NA,NA,0,NA,NA,0,0,0,1,0,0,NA,0,0,0,NA,0,0,NA,0,NA,0,NA,0,0,NA,NA,NA,NA,0,0,0,0,0,0,0,NA,0,0,0,0,NA,NA,0,0,0,NA,NA,NA,NA,NA,NA,NA,NA,NA,NA,NA,NA,NA,NA,NA,NA,NA,NA,NA,NA,NA,NA,NA,NA,NA,NA,NA,NA,NA,NA,NA,NA,NA,NA,NA,NA
"297",NA,NA,1,NA,NA,NA,NA,0,NA,NA,0,0,0,NA,0,0,NA,0,0,0,NA,0,0,NA,NA,NA,0,NA,0,0,NA,NA,NA,NA,0,0,0,0,0,0,0,NA,0,0,0,0,NA,NA,0,0,0,NA,NA,NA,NA,NA,NA,NA,NA,NA,NA,NA,NA,NA,NA,NA,NA,NA,NA,NA,NA,NA,NA,NA,NA,NA,NA,NA,NA,NA,NA,NA,NA,NA,NA,NA,NA
"298",NA,NA,NA,NA,NA,NA,NA,0,NA,NA,0,0,0,1,0,0,NA,0,0,0,NA,0,0,NA,NA,NA,0,0,0,0,NA,0,NA,NA,0,0,0,0,0,0,0,NA,0,0,0,0,NA,NA,0,0,0,NA,NA,NA,NA,NA,NA,NA,NA,NA,NA,NA,NA,NA,NA,NA,NA,NA,NA,NA,NA,NA,NA,NA,NA,NA,NA,NA,NA,NA,NA,NA,NA,NA,NA,NA,NA
"299",NA,NA,NA,NA,NA,NA,NA,0,NA,NA,0,0,0,1,0,0,0,0,0,0,NA,0,0,NA,NA,NA,0,NA,0,0,NA,0,NA,NA,0,0,0,0,0,0,0,NA,0,0,0,0,NA,NA,0,0,0,NA,NA,NA,NA,NA,NA,NA,NA,NA,NA,NA,NA,NA,NA,NA,NA,NA,NA,NA,NA,NA,NA,NA,NA,NA,NA,NA,NA,NA,NA,NA,NA,NA,NA,NA,NA
"300",NA,NA,NA,NA,NA,NA,NA,0,NA,NA,0,0,0,1,0,0,0,0,0,0,NA,0,0,NA,NA,NA,0,0,0,0,NA,NA,NA,NA,0,0,0,0,0,0,0,NA,0,0,0,0,NA,NA,0,0,0,NA,NA,NA,NA,NA,NA,NA,NA,NA,NA,NA,NA,NA,NA,NA,NA,NA,NA,NA,NA,NA,NA,NA,NA,NA,NA,NA,NA,NA,NA,NA,NA,NA,NA,NA,NA
"301",NA,NA,NA,NA,NA,NA,NA,0,NA,NA,0,0,0,1,0,0,0,0,0,0,NA,0,0,NA,NA,NA,0,NA,0,0,NA,NA,NA,NA,0,0,0,0,0,0,0,NA,0,0,0,0,NA,NA,0,0,0,NA,NA,NA,NA,NA,NA,NA,NA,NA,NA,NA,NA,NA,NA,NA,NA,NA,NA,NA,NA,NA,NA,NA,NA,NA,NA,NA,NA,NA,NA,NA,NA,NA,NA,NA,NA
"302",NA,NA,NA,NA,NA,NA,NA,0,NA,NA,0,0,0,1,0,0,NA,0,0,0,NA,0,0,NA,NA,NA,0,NA,0,0,NA,0,NA,NA,0,0,0,0,0,0,0,NA,0,0,0,0,NA,NA,0,0,0,NA,NA,NA,NA,NA,NA,NA,NA,NA,NA,NA,NA,NA,NA,NA,NA,NA,NA,NA,NA,NA,NA,NA,NA,NA,NA,NA,NA,NA,NA,NA,NA,NA,NA,NA,NA
"303",NA,NA,NA,NA,NA,NA,NA,0,NA,NA,0,0,0,1,0,0,NA,0,0,0,NA,0,0,NA,NA,NA,0,0,0,0,NA,NA,NA,NA,0,0,0,0,0,0,0,NA,0,0,0,0,NA,NA,0,0,0,NA,NA,NA,NA,NA,NA,NA,NA,NA,NA,NA,NA,NA,NA,NA,NA,NA,NA,NA,NA,NA,NA,NA,NA,NA,NA,NA,NA,NA,NA,NA,NA,NA,NA,NA,NA
"304",NA,NA,NA,NA,NA,NA,NA,0,NA,NA,0,0,0,1,0,0,NA,0,0,0,NA,0,0,NA,NA,NA,0,NA,0,0,NA,NA,NA,NA,0,0,0,0,0,0,0,NA,0,0,0,0,NA,NA,0,0,0,NA,NA,NA,NA,NA,NA,NA,NA,NA,NA,NA,NA,NA,NA,NA,NA,NA,NA,NA,NA,NA,NA,NA,NA,NA,NA,NA,NA,NA,NA,NA,NA,NA,NA,NA,NA
"305",NA,NA,NA,NA,NA,NA,NA,1,NA,NA,0,0,0,NA,0,0,0,0,0,0,NA,0,0,NA,0,NA,0,0,0,NA,NA,0,NA,NA,0,0,0,0,0,0,0,NA,0,0,0,0,NA,NA,0,0,0,NA,NA,NA,NA,NA,NA,NA,NA,NA,NA,NA,NA,NA,NA,NA,NA,NA,NA,NA,NA,NA,NA,NA,NA,NA,NA,NA,NA,NA,NA,NA,NA,NA,NA,NA,NA
"306",NA,NA,NA,NA,NA,NA,NA,1,NA,NA,0,0,0,NA,0,0,NA,0,0,0,NA,0,0,NA,0,NA,0,0,0,NA,NA,0,NA,NA,0,0,0,0,0,0,0,NA,0,0,0,0,NA,NA,0,0,0,NA,NA,NA,NA,NA,NA,NA,NA,NA,NA,NA,NA,NA,NA,NA,NA,NA,NA,NA,NA,NA,NA,NA,NA,NA,NA,NA,NA,NA,NA,NA,NA,NA,NA,NA,NA
"307",NA,NA,NA,NA,NA,NA,NA,1,NA,NA,0,0,0,NA,0,0,0,0,0,0,NA,0,0,NA,0,NA,0,NA,0,NA,NA,0,NA,NA,0,0,0,0,0,0,0,NA,0,0,0,0,NA,NA,0,0,0,NA,NA,NA,NA,NA,NA,NA,NA,NA,NA,NA,NA,NA,NA,NA,NA,NA,NA,NA,NA,NA,NA,NA,NA,NA,NA,NA,NA,NA,NA,NA,NA,NA,NA,NA,NA
"308",NA,NA,NA,NA,NA,NA,NA,1,NA,NA,0,0,0,NA,0,0,0,0,0,0,NA,0,0,NA,0,NA,0,0,0,NA,NA,NA,NA,NA,0,0,0,0,0,0,0,NA,0,0,0,0,NA,NA,0,0,0,NA,NA,NA,NA,NA,NA,NA,NA,NA,NA,NA,NA,NA,NA,NA,NA,NA,NA,NA,NA,NA,NA,NA,NA,NA,NA,NA,NA,NA,NA,NA,NA,NA,NA,NA,NA
"309",NA,NA,NA,NA,NA,NA,NA,1,NA,NA,0,0,0,NA,0,0,NA,0,0,0,NA,0,0,NA,0,NA,0,NA,0,NA,NA,0,NA,NA,0,0,0,0,0,0,0,NA,0,0,0,0,NA,NA,0,0,0,NA,NA,NA,NA,NA,NA,NA,NA,NA,NA,NA,NA,NA,NA,NA,NA,NA,NA,NA,NA,NA,NA,NA,NA,NA,NA,NA,NA,NA,NA,NA,NA,NA,NA,NA,NA
"310",NA,NA,NA,NA,NA,NA,NA,1,NA,NA,0,0,0,NA,0,0,NA,0,0,0,NA,0,0,NA,0,NA,0,0,0,NA,NA,NA,NA,NA,0,0,0,0,0,0,0,NA,0,0,0,0,NA,NA,0,0,0,NA,NA,NA,NA,NA,NA,NA,NA,NA,NA,NA,NA,NA,NA,NA,NA,NA,NA,NA,NA,NA,NA,NA,NA,NA,NA,NA,NA,NA,NA,NA,NA,NA,NA,NA,NA
"311",NA,NA,1,NA,NA,NA,NA,1,NA,NA,0,0,0,NA,0,0,0,0,0,0,NA,0,0,NA,0,NA,0,0,0,NA,NA,0,NA,NA,0,0,0,0,0,0,0,NA,0,0,0,0,NA,NA,0,0,0,NA,NA,NA,NA,NA,NA,NA,NA,NA,NA,NA,NA,NA,NA,NA,NA,NA,NA,NA,NA,NA,NA,NA,NA,NA,NA,NA,NA,NA,NA,NA,NA,NA,NA,NA,NA
"312",NA,NA,NA,NA,NA,NA,NA,1,NA,NA,0,0,0,NA,0,0,0,0,0,0,NA,0,0,NA,0,NA,0,NA,0,NA,NA,NA,NA,NA,0,0,0,0,0,0,0,NA,0,0,0,0,NA,NA,0,0,0,NA,NA,NA,NA,NA,NA,NA,NA,NA,NA,NA,NA,NA,NA,NA,NA,NA,NA,NA,NA,NA,NA,NA,NA,NA,NA,NA,NA,NA,NA,NA,NA,NA,NA,NA,NA
"313",NA,NA,1,NA,NA,NA,NA,1,NA,NA,0,0,0,NA,0,0,0,0,0,0,NA,0,0,NA,0,NA,0,NA,0,NA,NA,0,NA,NA,0,0,0,0,0,0,0,NA,0,0,0,0,NA,NA,0,0,0,NA,NA,NA,NA,NA,NA,NA,NA,NA,NA,NA,NA,NA,NA,NA,NA,NA,NA,NA,NA,NA,NA,NA,NA,NA,NA,NA,NA,NA,NA,NA,NA,NA,NA,NA,NA
"314",NA,NA,1,NA,NA,NA,NA,1,NA,NA,0,0,0,NA,0,0,0,0,0,0,NA,0,0,NA,0,NA,0,0,0,NA,NA,NA,NA,NA,0,0,0,0,0,0,0,NA,0,0,0,0,NA,NA,0,0,0,NA,NA,NA,NA,NA,NA,NA,NA,NA,NA,NA,NA,NA,NA,NA,NA,NA,NA,NA,NA,NA,NA,NA,NA,NA,NA,NA,NA,NA,NA,NA,NA,NA,NA,NA,NA
"315",NA,NA,1,NA,NA,NA,NA,1,NA,NA,0,0,0,NA,0,0,NA,0,0,0,NA,0,0,NA,0,NA,0,0,0,NA,NA,0,NA,NA,0,0,0,0,0,0,0,NA,0,0,0,0,NA,NA,0,0,0,NA,NA,NA,NA,NA,NA,NA,NA,NA,NA,NA,NA,NA,NA,NA,NA,NA,NA,NA,NA,NA,NA,NA,NA,NA,NA,NA,NA,NA,NA,NA,NA,NA,NA,NA,NA
"316",NA,NA,1,NA,NA,NA,NA,1,NA,NA,0,0,0,NA,0,0,0,0,0,0,NA,0,0,NA,0,NA,0,NA,0,NA,NA,NA,NA,NA,0,0,0,0,0,0,0,NA,0,0,0,0,NA,NA,0,0,0,NA,NA,NA,NA,NA,NA,NA,NA,NA,NA,NA,NA,NA,NA,NA,NA,NA,NA,NA,NA,NA,NA,NA,NA,NA,NA,NA,NA,NA,NA,NA,NA,NA,NA,NA,NA
"317",NA,NA,1,NA,NA,NA,NA,1,NA,NA,0,0,0,NA,0,0,NA,0,0,0,NA,0,0,NA,0,NA,0,NA,0,NA,NA,0,NA,NA,0,0,0,0,0,0,0,NA,0,0,0,0,NA,NA,0,0,0,NA,NA,NA,NA,NA,NA,NA,NA,NA,NA,NA,NA,NA,NA,NA,NA,NA,NA,NA,NA,NA,NA,NA,NA,NA,NA,NA,NA,NA,NA,NA,NA,NA,NA,NA,NA
"318",NA,NA,1,NA,NA,NA,NA,1,NA,NA,0,0,0,NA,0,0,NA,0,0,0,NA,0,0,NA,0,NA,0,0,0,NA,NA,NA,NA,NA,0,0,0,0,0,0,0,NA,0,0,0,0,NA,NA,0,0,0,NA,NA,NA,NA,NA,NA,NA,NA,NA,NA,NA,NA,NA,NA,NA,NA,NA,NA,NA,NA,NA,NA,NA,NA,NA,NA,NA,NA,NA,NA,NA,NA,NA,NA,NA,NA
"319",NA,NA,NA,NA,NA,NA,NA,1,NA,NA,0,0,0,NA,0,0,NA,0,0,0,NA,0,0,NA,0,NA,0,NA,0,NA,NA,NA,NA,NA,0,0,0,0,0,0,0,NA,0,0,0,0,NA,NA,0,0,0,NA,NA,NA,NA,NA,NA,NA,NA,NA,NA,NA,NA,NA,NA,NA,NA,NA,NA,NA,NA,NA,NA,NA,NA,NA,NA,NA,NA,NA,NA,NA,NA,NA,NA,NA,NA
"320",NA,NA,1,NA,NA,NA,NA,1,NA,NA,0,0,0,NA,0,0,NA,0,0,0,NA,0,0,NA,0,NA,0,NA,0,NA,NA,NA,NA,NA,0,0,0,0,0,0,0,NA,0,0,0,0,NA,NA,0,0,0,NA,NA,NA,NA,NA,NA,NA,NA,NA,NA,NA,NA,NA,NA,NA,NA,NA,NA,NA,NA,NA,NA,NA,NA,NA,NA,NA,NA,NA,NA,NA,NA,NA,NA,NA,NA
"321",NA,NA,NA,NA,NA,NA,NA,1,NA,NA,0,0,0,NA,0,0,0,0,0,0,NA,0,0,NA,NA,NA,0,0,0,NA,NA,0,NA,NA,0,0,0,0,0,0,0,NA,0,0,0,0,NA,NA,0,0,0,NA,NA,NA,NA,NA,NA,NA,NA,NA,NA,NA,NA,NA,NA,NA,NA,NA,NA,NA,NA,NA,NA,NA,NA,NA,NA,NA,NA,NA,NA,NA,NA,NA,NA,NA,NA
"322",NA,NA,NA,NA,NA,NA,NA,1,NA,NA,0,0,0,1,0,0,0,0,0,0,NA,0,0,NA,0,NA,0,0,0,NA,NA,0,NA,NA,0,0,0,0,0,0,0,NA,0,0,0,0,NA,NA,0,0,0,NA,NA,NA,NA,NA,NA,NA,NA,NA,NA,NA,NA,NA,NA,NA,NA,NA,NA,NA,NA,NA,NA,NA,NA,NA,NA,NA,NA,NA,NA,NA,NA,NA,NA,NA,NA
"323",NA,NA,NA,NA,NA,NA,NA,1,NA,NA,0,0,0,NA,0,0,0,0,0,0,NA,0,0,NA,NA,NA,0,0,0,NA,NA,NA,NA,NA,0,0,0,0,0,0,0,NA,0,0,0,0,NA,NA,0,0,0,NA,NA,NA,NA,NA,NA,NA,NA,NA,NA,NA,NA,NA,NA,NA,NA,NA,NA,NA,NA,NA,NA,NA,NA,NA,NA,NA,NA,NA,NA,NA,NA,NA,NA,NA,NA
"324",NA,NA,NA,NA,NA,NA,NA,1,NA,NA,0,0,0,1,0,0,0,0,0,0,NA,0,0,NA,0,NA,0,0,0,NA,NA,NA,NA,NA,0,0,0,0,0,0,0,NA,0,0,0,0,NA,NA,0,0,0,NA,NA,NA,NA,NA,NA,NA,NA,NA,NA,NA,NA,NA,NA,NA,NA,NA,NA,NA,NA,NA,NA,NA,NA,NA,NA,NA,NA,NA,NA,NA,NA,NA,NA,NA,NA
"325",NA,NA,1,NA,NA,NA,NA,1,NA,NA,0,0,0,NA,0,0,0,0,0,0,NA,0,0,NA,NA,NA,0,0,0,NA,NA,0,NA,NA,0,0,0,0,0,0,0,NA,0,0,0,0,NA,NA,0,0,0,NA,NA,NA,NA,NA,NA,NA,NA,NA,NA,NA,NA,NA,NA,NA,NA,NA,NA,NA,NA,NA,NA,NA,NA,NA,NA,NA,NA,NA,NA,NA,NA,NA,NA,NA,NA
"326",NA,NA,NA,NA,NA,NA,NA,1,NA,NA,0,0,0,1,0,0,NA,0,0,0,NA,0,0,NA,0,NA,0,0,0,NA,NA,0,NA,NA,0,0,0,0,0,0,0,NA,0,0,0,0,NA,NA,0,0,0,NA,NA,NA,NA,NA,NA,NA,NA,NA,NA,NA,NA,NA,NA,NA,NA,NA,NA,NA,NA,NA,NA,NA,NA,NA,NA,NA,NA,NA,NA,NA,NA,NA,NA,NA,NA
"327",NA,NA,NA,NA,NA,NA,NA,1,NA,NA,0,0,0,NA,0,0,0,0,0,0,NA,0,0,NA,NA,NA,0,NA,0,NA,NA,0,NA,NA,0,0,0,0,0,0,0,NA,0,0,0,0,NA,NA,0,0,0,NA,NA,NA,NA,NA,NA,NA,NA,NA,NA,NA,NA,NA,NA,NA,NA,NA,NA,NA,NA,NA,NA,NA,NA,NA,NA,NA,NA,NA,NA,NA,NA,NA,NA,NA,NA
"328",NA,NA,NA,NA,NA,NA,NA,1,NA,NA,0,0,0,1,0,0,NA,0,0,0,NA,0,0,NA,0,NA,0,0,0,NA,NA,NA,NA,NA,0,0,0,0,0,0,0,NA,0,0,0,0,NA,NA,0,0,0,NA,NA,NA,NA,NA,NA,NA,NA,NA,NA,NA,NA,NA,NA,NA,NA,NA,NA,NA,NA,NA,NA,NA,NA,NA,NA,NA,NA,NA,NA,NA,NA,NA,NA,NA,NA
"329",NA,NA,NA,NA,NA,NA,NA,1,NA,NA,0,0,0,NA,0,0,0,0,0,0,NA,0,0,NA,NA,NA,0,NA,0,NA,NA,NA,NA,NA,0,0,0,0,0,0,0,NA,0,0,0,0,NA,NA,0,0,0,NA,NA,NA,NA,NA,NA,NA,NA,NA,NA,NA,NA,NA,NA,NA,NA,NA,NA,NA,NA,NA,NA,NA,NA,NA,NA,NA,NA,NA,NA,NA,NA,NA,NA,NA,NA
"330",NA,NA,NA,NA,NA,NA,NA,1,NA,NA,0,0,0,1,0,0,0,0,0,0,NA,0,0,NA,0,NA,0,NA,0,NA,NA,0,NA,NA,0,0,0,0,0,0,0,NA,0,0,0,0,NA,NA,0,0,0,NA,NA,NA,NA,NA,NA,NA,NA,NA,NA,NA,NA,NA,NA,NA,NA,NA,NA,NA,NA,NA,NA,NA,NA,NA,NA,NA,NA,NA,NA,NA,NA,NA,NA,NA,NA
"331",NA,NA,1,NA,NA,NA,NA,1,NA,NA,0,0,0,NA,0,0,0,0,0,0,NA,0,0,NA,NA,NA,0,NA,0,NA,NA,0,NA,NA,0,0,0,0,0,0,0,NA,0,0,0,0,NA,NA,0,0,0,NA,NA,NA,NA,NA,NA,NA,NA,NA,NA,NA,NA,NA,NA,NA,NA,NA,NA,NA,NA,NA,NA,NA,NA,NA,NA,NA,NA,NA,NA,NA,NA,NA,NA,NA,NA
"332",NA,NA,NA,NA,NA,NA,NA,1,NA,NA,0,0,0,1,0,0,0,0,0,0,NA,0,0,NA,0,NA,0,NA,0,NA,NA,NA,NA,NA,0,0,0,0,0,0,0,NA,0,0,0,0,NA,NA,0,0,0,NA,NA,NA,NA,NA,NA,NA,NA,NA,NA,NA,NA,NA,NA,NA,NA,NA,NA,NA,NA,NA,NA,NA,NA,NA,NA,NA,NA,NA,NA,NA,NA,NA,NA,NA,NA
"333",NA,NA,NA,NA,NA,NA,NA,1,NA,NA,0,0,0,NA,0,0,NA,0,0,0,NA,0,0,NA,NA,NA,0,0,0,NA,NA,0,NA,NA,0,0,0,0,0,0,0,NA,0,0,0,0,NA,NA,0,0,0,NA,NA,NA,NA,NA,NA,NA,NA,NA,NA,NA,NA,NA,NA,NA,NA,NA,NA,NA,NA,NA,NA,NA,NA,NA,NA,NA,NA,NA,NA,NA,NA,NA,NA,NA,NA
"334",NA,NA,NA,NA,NA,NA,NA,1,NA,NA,0,0,0,1,0,0,NA,0,0,0,NA,0,0,NA,0,NA,0,NA,0,NA,NA,0,NA,NA,0,0,0,0,0,0,0,NA,0,0,0,0,NA,NA,0,0,0,NA,NA,NA,NA,NA,NA,NA,NA,NA,NA,NA,NA,NA,NA,NA,NA,NA,NA,NA,NA,NA,NA,NA,NA,NA,NA,NA,NA,NA,NA,NA,NA,NA,NA,NA,NA
"335",NA,NA,1,NA,NA,NA,NA,1,NA,NA,0,0,0,NA,0,0,0,0,0,0,NA,0,0,NA,NA,NA,0,0,0,NA,NA,NA,NA,NA,0,0,0,0,0,0,0,NA,0,0,0,0,NA,NA,0,0,0,NA,NA,NA,NA,NA,NA,NA,NA,NA,NA,NA,NA,NA,NA,NA,NA,NA,NA,NA,NA,NA,NA,NA,NA,NA,NA,NA,NA,NA,NA,NA,NA,NA,NA,NA,NA
"336",NA,NA,NA,NA,NA,NA,NA,1,NA,NA,0,0,0,1,0,0,NA,0,0,0,NA,0,0,NA,0,NA,0,NA,0,NA,NA,NA,NA,NA,0,0,0,0,0,0,0,NA,0,0,0,0,NA,NA,0,0,0,NA,NA,NA,NA,NA,NA,NA,NA,NA,NA,NA,NA,NA,NA,NA,NA,NA,NA,NA,NA,NA,NA,NA,NA,NA,NA,NA,NA,NA,NA,NA,NA,NA,NA,NA,NA
"337",NA,NA,1,NA,NA,NA,NA,1,NA,NA,0,0,0,NA,0,0,0,0,0,0,NA,0,0,NA,NA,NA,0,NA,0,NA,NA,NA,NA,NA,0,0,0,0,0,0,0,NA,0,0,0,0,NA,NA,0,0,0,NA,NA,NA,NA,NA,NA,NA,NA,NA,NA,NA,NA,NA,NA,NA,NA,NA,NA,NA,NA,NA,NA,NA,NA,NA,NA,NA,NA,NA,NA,NA,NA,NA,NA,NA,NA
"338",NA,NA,1,NA,NA,NA,NA,1,NA,NA,0,0,0,NA,0,0,NA,0,0,0,NA,0,0,NA,NA,NA,0,0,0,NA,NA,0,NA,NA,0,0,0,0,0,0,0,NA,0,0,0,0,NA,NA,0,0,0,NA,NA,NA,NA,NA,NA,NA,NA,NA,NA,NA,NA,NA,NA,NA,NA,NA,NA,NA,NA,NA,NA,NA,NA,NA,NA,NA,NA,NA,NA,NA,NA,NA,NA,NA,NA
"339",NA,NA,NA,NA,NA,NA,NA,1,NA,NA,0,0,0,NA,0,0,NA,0,0,0,NA,0,0,NA,NA,NA,0,NA,0,NA,NA,0,NA,NA,0,0,0,0,0,0,0,NA,0,0,0,0,NA,NA,0,0,0,NA,NA,NA,NA,NA,NA,NA,NA,NA,NA,NA,NA,NA,NA,NA,NA,NA,NA,NA,NA,NA,NA,NA,NA,NA,NA,NA,NA,NA,NA,NA,NA,NA,NA,NA,NA
"340",NA,NA,NA,NA,NA,NA,NA,1,NA,NA,0,0,0,NA,0,0,NA,0,0,0,NA,0,0,NA,NA,NA,0,0,0,NA,NA,NA,NA,NA,0,0,0,0,0,0,0,NA,0,0,0,0,NA,NA,0,0,0,NA,NA,NA,NA,NA,NA,NA,NA,NA,NA,NA,NA,NA,NA,NA,NA,NA,NA,NA,NA,NA,NA,NA,NA,NA,NA,NA,NA,NA,NA,NA,NA,NA,NA,NA,NA
"341",NA,NA,1,NA,NA,NA,NA,1,NA,NA,0,0,0,NA,0,0,NA,0,0,0,NA,0,0,NA,NA,NA,0,NA,0,NA,NA,0,NA,NA,0,0,0,0,0,0,0,NA,0,0,0,0,NA,NA,0,0,0,NA,NA,NA,NA,NA,NA,NA,NA,NA,NA,NA,NA,NA,NA,NA,NA,NA,NA,NA,NA,NA,NA,NA,NA,NA,NA,NA,NA,NA,NA,NA,NA,NA,NA,NA,NA
"342",NA,NA,1,NA,NA,NA,NA,1,NA,NA,0,0,0,NA,0,0,NA,0,0,0,NA,0,0,NA,NA,NA,0,0,0,NA,NA,NA,NA,NA,0,0,0,0,0,0,0,NA,0,0,0,0,NA,NA,0,0,0,NA,NA,NA,NA,NA,NA,NA,NA,NA,NA,NA,NA,NA,NA,NA,NA,NA,NA,NA,NA,NA,NA,NA,NA,NA,NA,NA,NA,NA,NA,NA,NA,NA,NA,NA,NA
"343",NA,NA,NA,NA,NA,NA,NA,1,NA,NA,0,0,0,NA,0,0,NA,0,0,0,NA,0,0,NA,NA,NA,0,NA,0,NA,NA,NA,NA,NA,0,0,0,0,0,0,0,NA,0,0,0,0,NA,NA,0,0,0,NA,NA,NA,NA,NA,NA,NA,NA,NA,NA,NA,NA,NA,NA,NA,NA,NA,NA,NA,NA,NA,NA,NA,NA,NA,NA,NA,NA,NA,NA,NA,NA,NA,NA,NA,NA
"344",NA,NA,1,NA,NA,NA,NA,1,NA,NA,0,0,0,NA,0,0,NA,0,0,0,NA,0,0,NA,NA,NA,0,NA,0,NA,NA,NA,NA,NA,0,0,0,0,0,0,0,NA,0,0,0,0,NA,NA,0,0,0,NA,NA,NA,NA,NA,NA,NA,NA,NA,NA,NA,NA,NA,NA,NA,NA,NA,NA,NA,NA,NA,NA,NA,NA,NA,NA,NA,NA,NA,NA,NA,NA,NA,NA,NA,NA
"345",NA,NA,NA,NA,NA,NA,NA,1,NA,NA,0,0,0,1,0,0,0,0,0,0,NA,0,0,NA,NA,NA,0,0,0,NA,NA,0,NA,NA,0,0,0,0,0,0,0,NA,0,0,0,0,NA,NA,0,0,0,NA,NA,NA,NA,NA,NA,NA,NA,NA,NA,NA,NA,NA,NA,NA,NA,NA,NA,NA,NA,NA,NA,NA,NA,NA,NA,NA,NA,NA,NA,NA,NA,NA,NA,NA,NA
"346",NA,NA,NA,NA,NA,NA,NA,1,NA,NA,0,0,0,1,0,0,0,0,0,0,NA,0,0,NA,NA,NA,0,NA,0,NA,NA,0,NA,NA,0,0,0,0,0,0,0,NA,0,0,0,0,NA,NA,0,0,0,NA,NA,NA,NA,NA,NA,NA,NA,NA,NA,NA,NA,NA,NA,NA,NA,NA,NA,NA,NA,NA,NA,NA,NA,NA,NA,NA,NA,NA,NA,NA,NA,NA,NA,NA,NA
"347",NA,NA,NA,NA,NA,NA,NA,1,NA,NA,0,0,0,1,0,0,NA,0,0,0,NA,0,0,NA,NA,NA,0,0,0,NA,NA,0,NA,NA,0,0,0,0,0,0,0,NA,0,0,0,0,NA,NA,0,0,0,NA,NA,NA,NA,NA,NA,NA,NA,NA,NA,NA,NA,NA,NA,NA,NA,NA,NA,NA,NA,NA,NA,NA,NA,NA,NA,NA,NA,NA,NA,NA,NA,NA,NA,NA,NA
"348",NA,NA,NA,NA,NA,NA,NA,1,NA,NA,0,0,0,1,0,0,0,0,0,0,NA,0,0,NA,NA,NA,0,0,0,NA,NA,NA,NA,NA,0,0,0,0,0,0,0,NA,0,0,0,0,NA,NA,0,0,0,NA,NA,NA,NA,NA,NA,NA,NA,NA,NA,NA,NA,NA,NA,NA,NA,NA,NA,NA,NA,NA,NA,NA,NA,NA,NA,NA,NA,NA,NA,NA,NA,NA,NA,NA,NA
"349",NA,NA,NA,NA,NA,NA,NA,1,NA,NA,0,0,0,1,0,0,NA,0,0,0,NA,0,0,NA,NA,NA,0,0,0,NA,NA,NA,NA,NA,0,0,0,0,0,0,0,NA,0,0,0,0,NA,NA,0,0,0,NA,NA,NA,NA,NA,NA,NA,NA,NA,NA,NA,NA,NA,NA,NA,NA,NA,NA,NA,NA,NA,NA,NA,NA,NA,NA,NA,NA,NA,NA,NA,NA,NA,NA,NA,NA
"350",NA,NA,NA,NA,NA,NA,NA,1,NA,NA,0,0,0,1,0,0,0,0,0,0,NA,0,0,NA,NA,NA,0,NA,0,NA,NA,NA,NA,NA,0,0,0,0,0,0,0,NA,0,0,0,0,NA,NA,0,0,0,NA,NA,NA,NA,NA,NA,NA,NA,NA,NA,NA,NA,NA,NA,NA,NA,NA,NA,NA,NA,NA,NA,NA,NA,NA,NA,NA,NA,NA,NA,NA,NA,NA,NA,NA,NA
"351",NA,NA,NA,NA,NA,NA,NA,1,NA,NA,0,0,0,1,0,0,NA,0,0,0,NA,0,0,NA,NA,NA,0,NA,0,NA,NA,0,NA,NA,0,0,0,0,0,0,0,NA,0,0,0,0,NA,NA,0,0,0,NA,NA,NA,NA,NA,NA,NA,NA,NA,NA,NA,NA,NA,NA,NA,NA,NA,NA,NA,NA,NA,NA,NA,NA,NA,NA,NA,NA,NA,NA,NA,NA,NA,NA,NA,NA
"352",NA,NA,NA,NA,NA,NA,NA,1,NA,NA,0,0,0,1,0,0,NA,0,0,0,NA,0,0,NA,NA,NA,0,NA,0,NA,NA,NA,NA,NA,0,0,0,0,0,0,0,NA,0,0,0,0,NA,NA,0,0,0,NA,NA,NA,NA,NA,NA,NA,NA,NA,NA,NA,NA,NA,NA,NA,NA,NA,NA,NA,NA,NA,NA,NA,NA,NA,NA,NA,NA,NA,NA,NA,NA,NA,NA,NA,NA
"353",1,1,1,1,1,0.9875,0.96,0.8125,0.761904761904762,0.5,0.318181818181818,0.318181818181818,0.318181818181818,0.285714285714286,0.198347107438017,0.188235294117647,0,0,0,0,0,0,0,0,0,0,0,0,0,0,0,0,0,0,0,0,0,0,0,0,0,0,0,0,0,0,0,0,0,0,0,NA,NA,NA,NA,NA,NA,NA,NA,NA,NA,NA,NA,NA,NA,NA,NA,NA,NA,NA,NA,NA,NA,NA,NA,NA,NA,NA,NA,NA,NA,NA,NA,NA,NA,NA,NA
"354",0.227272727272727,0.227272727272727,0.181818181818182,0.227272727272727,0.227272727272727,0.454545454545455,0.142045454545455,0.727272727272727,0.178977272727273,0.272727272727273,1,1,1,0.636363636363636,0.6875,0.724431818181818,0.727272727272727,1,1,1,0.136363636363636,0.545454545454545,0.545454545454545,0.454545454545455,0.727272727272727,0.227272727272727,1,0.727272727272727,1,0.636363636363636,0.454545454545455,0.727272727272727,0.454545454545455,0.727272727272727,1,1,1,1,1,1,1,0.454545454545455,1,1,1,1,0.454545454545455,0.454545454545455,0.772727272727273,1,1,0,0,0,0,0,0,0,0,0,0,0,0,0,0,0,0,0,0,0,0,0,0,0,0,0,0,0,0,0,0,0,0,0,0,0,0
