"","dcuR","phoB","cra","fnr","zraR","asnC","dnaA","metR","cusR","puuR","yiaJ","putA","cadC","melR","yqjI","idnR","mraZ","pdeL","tdcA","glcC","nhaR","dpiA","nikR","aidB","lldR","adiY","cspA","flhC","ptsG","galR","fhlA","mlc","pdhR","srlR","xylR","mazE","argP","galS","gutM","exuR","mazF","hdfR","stpA","yjjQ","mlrA","oxyR","evgA","bglJ","ydeO","gadW","lrp","fliZ","gadE","soxS","arcA","fur","rcsB","hns","araC","malI","purR","prpR","fucR","lsrR","hyfR","yeiL","rbsR","betI","metJ","flhD","rhaR","rhaS","uxuR","nac","glnG","marR","csgD","soxR","rob","narL","ompR","marA","gadX","leuO","rcsA","fis","crp"
"1",0,1,NA,0,0,0,0,0,0,0,0,0,0,0,0,0,0,0,0,0,0,NA,0,NA,0,NA,NA,0,0,0,0,0,0,0,0,0,0,0,0,0,0,NA,0,NA,0,0,0,NA,0,0,NA,NA,NA,0,0,0,NA,0,NA,NA,NA,NA,NA,NA,NA,NA,NA,NA,NA,NA,NA,NA,NA,NA,NA,NA,NA,NA,NA,NA,NA,NA,NA,NA,NA,NA,NA
"2",0,0,NA,0,0,0,0,0,NA,0,0,0,0,0,0,0,0,0,0,0,0,NA,0,NA,0,NA,NA,0,0,0,0,0,0,0,0,0,0,0,0,0,0,NA,0,NA,0,0,0,NA,0,0,NA,NA,NA,0,0,0,NA,0,NA,NA,NA,NA,NA,NA,NA,NA,NA,NA,NA,NA,NA,NA,NA,NA,NA,NA,NA,NA,NA,NA,NA,NA,NA,NA,NA,NA,NA
"3",1,1,NA,1,0,0,0,0,0,0,0,0,0,0,0,0,0,0,0,0,0,0,0,NA,0,0,0,NA,0,0,0,0,0,0,0,NA,0,0,0,0,NA,0,0,0,NA,0,0,0,0,0,0,NA,0,0,0,0,0,0,NA,NA,NA,NA,NA,NA,NA,NA,NA,NA,NA,NA,NA,NA,NA,NA,NA,NA,NA,NA,NA,NA,NA,NA,NA,NA,NA,NA,NA
"4",1,0,NA,1,0,0,0,0,NA,0,0,0,0,0,0,0,0,0,0,0,0,0,0,NA,0,0,0,NA,0,0,0,0,0,0,0,NA,0,0,0,0,NA,0,0,0,NA,0,0,0,0,0,0,NA,0,0,0,0,0,0,NA,NA,NA,NA,NA,NA,NA,NA,NA,NA,NA,NA,NA,NA,NA,NA,NA,NA,NA,NA,NA,NA,NA,NA,NA,NA,NA,NA,NA
"5",1,1,NA,1,NA,0,0,0,0,0,0,0,0,0,0,0,0,0,0,0,0,0,0,NA,0,NA,NA,0,0,0,0,0,0,0,0,0,0,0,0,0,0,NA,0,NA,0,0,0,NA,0,0,NA,NA,NA,0,0,0,NA,0,NA,NA,NA,NA,NA,NA,NA,NA,NA,NA,NA,NA,NA,NA,NA,NA,NA,NA,NA,NA,NA,NA,NA,NA,NA,NA,NA,NA,NA
"6",1,1,NA,1,0,0,0,0,0,0,0,0,0,0,0,NA,0,0,0,0,0,0,0,0,0,0,0,NA,0,0,0,0,0,0,0,NA,0,0,0,0,NA,0,0,0,NA,0,0,0,NA,0,0,0,0,0,0,0,0,NA,NA,NA,NA,NA,NA,NA,NA,NA,NA,NA,NA,NA,NA,NA,NA,NA,NA,NA,NA,NA,NA,NA,NA,NA,NA,NA,NA,NA,NA
"7",0,1,NA,0,0,0,0,0,0,0,0,0,0,0,0,NA,0,0,0,0,0,NA,0,0,0,NA,NA,0,0,0,0,0,0,0,0,0,0,0,0,0,0,NA,0,NA,0,0,0,NA,NA,0,NA,0,NA,0,0,0,NA,NA,NA,NA,NA,NA,NA,NA,NA,NA,NA,NA,NA,NA,NA,NA,NA,NA,NA,NA,NA,NA,NA,NA,NA,NA,NA,NA,NA,NA,NA
"8",1,NA,0,1,0,0,0,0,NA,0,0,0,0,0,0,0,0,0,0,0,0,0,0,0,0,NA,NA,0,0,0,0,0,0,0,0,0,NA,0,0,0,0,NA,0,NA,0,0,0,NA,NA,NA,NA,0,NA,0,0,0,NA,NA,NA,NA,NA,NA,NA,NA,NA,NA,NA,NA,NA,NA,NA,NA,NA,NA,NA,NA,NA,NA,NA,NA,NA,NA,NA,NA,NA,NA,NA
"9",0,NA,0,0,0,0,0,0,NA,0,0,0,0,0,0,0,0,0,0,0,0,NA,0,0,0,NA,NA,0,0,0,0,0,0,0,0,0,NA,0,0,0,0,NA,0,NA,0,0,0,NA,NA,NA,NA,0,NA,0,0,0,NA,NA,NA,NA,NA,NA,NA,NA,NA,NA,NA,NA,NA,NA,NA,NA,NA,NA,NA,NA,NA,NA,NA,NA,NA,NA,NA,NA,NA,NA,NA
"10",1,NA,1,1,0,0,0,0,NA,0,0,0,0,0,0,0,0,NA,0,0,0,0,0,0,0,NA,NA,0,0,0,0,0,0,0,0,0,NA,0,0,0,0,NA,0,NA,0,0,0,NA,NA,NA,NA,0,NA,0,0,0,NA,NA,NA,NA,NA,NA,NA,NA,NA,NA,NA,NA,NA,NA,NA,NA,NA,NA,NA,NA,NA,NA,NA,NA,NA,NA,NA,NA,NA,NA,NA
"11",0,NA,1,0,0,0,0,0,NA,0,0,0,0,0,0,0,0,NA,0,0,0,NA,0,0,0,NA,NA,0,0,0,0,0,0,0,0,0,NA,0,0,0,0,NA,0,NA,0,0,0,NA,NA,NA,NA,0,NA,0,0,0,NA,NA,NA,NA,NA,NA,NA,NA,NA,NA,NA,NA,NA,NA,NA,NA,NA,NA,NA,NA,NA,NA,NA,NA,NA,NA,NA,NA,NA,NA,NA
"12",1,1,NA,1,0,0,0,0,0,0,0,0,0,NA,0,0,0,0,0,0,0,0,0,0,0,NA,NA,0,0,0,0,0,0,0,0,0,0,0,0,0,0,NA,0,NA,0,0,0,NA,NA,0,NA,0,NA,0,0,0,NA,NA,NA,NA,NA,NA,NA,NA,NA,NA,NA,NA,NA,NA,NA,NA,NA,NA,NA,NA,NA,NA,NA,NA,NA,NA,NA,NA,NA,NA,NA
"13",0,1,NA,0,0,0,0,0,0,0,0,0,0,NA,0,0,0,0,0,0,0,NA,0,0,0,NA,NA,0,0,0,0,0,0,0,0,0,0,0,0,0,0,NA,0,NA,0,0,0,NA,NA,0,NA,0,NA,0,0,0,NA,NA,NA,NA,NA,NA,NA,NA,NA,NA,NA,NA,NA,NA,NA,NA,NA,NA,NA,NA,NA,NA,NA,NA,NA,NA,NA,NA,NA,NA,NA
"14",1,0,NA,1,0,0,0,0,NA,0,0,0,0,NA,0,0,0,0,0,0,0,0,0,0,0,NA,NA,0,0,0,0,0,0,0,0,0,0,0,0,0,0,NA,0,NA,0,0,0,NA,NA,0,NA,0,NA,0,0,0,NA,NA,NA,NA,NA,NA,NA,NA,NA,NA,NA,NA,NA,NA,NA,NA,NA,NA,NA,NA,NA,NA,NA,NA,NA,NA,NA,NA,NA,NA,NA
"15",0,0,NA,0,0,0,0,0,NA,0,0,0,0,NA,0,0,0,0,0,0,0,NA,0,0,0,NA,NA,0,0,0,0,0,0,0,0,0,0,0,0,0,0,NA,0,NA,0,0,0,NA,NA,0,NA,0,NA,0,0,0,NA,NA,NA,NA,NA,NA,NA,NA,NA,NA,NA,NA,NA,NA,NA,NA,NA,NA,NA,NA,NA,NA,NA,NA,NA,NA,NA,NA,NA,NA,NA
"16",1,NA,0,1,0,0,0,0,NA,0,0,0,0,NA,0,0,0,0,0,0,0,0,0,0,0,NA,NA,0,0,0,0,0,0,0,0,0,NA,0,0,0,0,NA,0,NA,0,0,0,NA,NA,NA,NA,0,NA,0,0,0,NA,NA,NA,NA,NA,NA,NA,NA,NA,NA,NA,NA,NA,NA,NA,NA,NA,NA,NA,NA,NA,NA,NA,NA,NA,NA,NA,NA,NA,NA,NA
"17",0,NA,0,0,0,0,0,0,NA,0,0,0,0,NA,0,0,0,0,0,0,0,NA,0,0,0,NA,NA,0,0,0,0,0,0,0,0,0,NA,0,0,0,0,NA,0,NA,0,0,0,NA,NA,NA,NA,0,NA,0,0,0,NA,NA,NA,NA,NA,NA,NA,NA,NA,NA,NA,NA,NA,NA,NA,NA,NA,NA,NA,NA,NA,NA,NA,NA,NA,NA,NA,NA,NA,NA,NA
"18",1,NA,1,1,0,0,0,0,NA,0,0,0,0,NA,0,0,0,NA,0,0,0,0,0,0,0,NA,NA,0,0,0,0,0,0,0,0,0,NA,0,0,0,0,NA,0,NA,0,0,0,NA,NA,NA,NA,0,NA,0,0,0,NA,NA,NA,NA,NA,NA,NA,NA,NA,NA,NA,NA,NA,NA,NA,NA,NA,NA,NA,NA,NA,NA,NA,NA,NA,NA,NA,NA,NA,NA,NA
"19",0,NA,1,0,0,0,0,0,NA,0,0,0,0,NA,0,0,0,NA,0,0,0,NA,0,0,0,NA,NA,0,0,0,0,0,0,0,0,0,NA,0,0,0,0,NA,0,NA,0,0,0,NA,NA,NA,NA,0,NA,0,0,0,NA,NA,NA,NA,NA,NA,NA,NA,NA,NA,NA,NA,NA,NA,NA,NA,NA,NA,NA,NA,NA,NA,NA,NA,NA,NA,NA,NA,NA,NA,NA
"20",0,1,NA,0,NA,0,0,0,0,0,0,0,0,0,0,0,0,0,0,0,0,NA,0,0,0,NA,NA,0,0,0,0,0,0,0,0,0,0,0,0,0,0,NA,0,NA,0,0,0,NA,NA,0,NA,0,NA,0,0,0,NA,NA,NA,NA,NA,NA,NA,NA,NA,NA,NA,NA,NA,NA,NA,NA,NA,NA,NA,NA,NA,NA,NA,NA,NA,NA,NA,NA,NA,NA,NA
"21",1,0,NA,1,0,0,0,0,NA,0,0,0,0,0,0,NA,0,0,0,0,0,0,0,0,0,NA,NA,0,0,0,0,0,0,0,0,0,0,0,0,0,0,NA,0,NA,0,0,0,NA,NA,0,NA,0,NA,0,0,0,NA,NA,NA,NA,NA,NA,NA,NA,NA,NA,NA,NA,NA,NA,NA,NA,NA,NA,NA,NA,NA,NA,NA,NA,NA,NA,NA,NA,NA,NA,NA
"22",1,0,NA,1,NA,0,0,0,NA,0,0,0,0,0,0,0,0,0,0,0,0,0,0,0,0,NA,NA,0,0,0,0,0,0,0,0,0,0,0,0,0,0,NA,0,NA,0,0,0,NA,NA,0,NA,0,NA,0,0,0,NA,NA,NA,NA,NA,NA,NA,NA,NA,NA,NA,NA,NA,NA,NA,NA,NA,NA,NA,NA,NA,NA,NA,NA,NA,NA,NA,NA,NA,NA,NA
"23",0,0,NA,0,0,0,0,0,NA,0,0,0,0,0,0,NA,0,0,0,0,0,NA,0,0,0,NA,NA,0,0,0,0,0,0,0,0,0,0,0,0,0,0,NA,0,NA,0,0,0,NA,NA,0,NA,0,NA,0,0,0,NA,NA,NA,NA,NA,NA,NA,NA,NA,NA,NA,NA,NA,NA,NA,NA,NA,NA,NA,NA,NA,NA,NA,NA,NA,NA,NA,NA,NA,NA,NA
"24",0,0,NA,0,NA,0,0,0,NA,0,0,0,0,0,0,0,0,0,0,0,0,NA,0,0,0,NA,NA,0,0,0,0,0,0,0,0,0,0,0,0,0,0,NA,0,NA,0,0,0,NA,NA,0,NA,0,NA,0,0,0,NA,NA,NA,NA,NA,NA,NA,NA,NA,NA,NA,NA,NA,NA,NA,NA,NA,NA,NA,NA,NA,NA,NA,NA,NA,NA,NA,NA,NA,NA,NA
"25",1,NA,0,1,0,0,0,0,NA,0,0,0,0,0,0,NA,0,0,0,0,0,0,0,0,0,NA,NA,0,0,0,0,0,0,0,0,0,NA,0,0,0,0,NA,0,NA,0,0,0,NA,NA,NA,NA,0,NA,0,0,0,NA,NA,NA,NA,NA,NA,NA,NA,NA,NA,NA,NA,NA,NA,NA,NA,NA,NA,NA,NA,NA,NA,NA,NA,NA,NA,NA,NA,NA,NA,NA
"26",1,NA,0,1,NA,0,0,0,NA,0,0,0,0,0,0,0,0,0,0,0,0,0,0,0,0,NA,NA,0,0,0,0,0,0,0,0,0,NA,0,0,0,0,NA,0,NA,0,0,0,NA,NA,NA,NA,0,NA,0,0,0,NA,NA,NA,NA,NA,NA,NA,NA,NA,NA,NA,NA,NA,NA,NA,NA,NA,NA,NA,NA,NA,NA,NA,NA,NA,NA,NA,NA,NA,NA,NA
"27",0,NA,0,0,0,0,0,0,NA,0,0,0,0,0,0,NA,0,0,0,0,0,NA,0,0,0,NA,NA,0,0,0,0,0,0,0,0,0,NA,0,0,0,0,NA,0,NA,0,0,0,NA,NA,NA,NA,0,NA,0,0,0,NA,NA,NA,NA,NA,NA,NA,NA,NA,NA,NA,NA,NA,NA,NA,NA,NA,NA,NA,NA,NA,NA,NA,NA,NA,NA,NA,NA,NA,NA,NA
"28",0,NA,0,0,NA,0,0,0,NA,0,0,0,0,0,0,0,0,0,0,0,0,NA,0,0,0,NA,NA,0,0,0,0,0,0,0,0,0,NA,0,0,0,0,NA,0,NA,0,0,0,NA,NA,NA,NA,0,NA,0,0,0,NA,NA,NA,NA,NA,NA,NA,NA,NA,NA,NA,NA,NA,NA,NA,NA,NA,NA,NA,NA,NA,NA,NA,NA,NA,NA,NA,NA,NA,NA,NA
"29",1,NA,1,1,0,0,0,0,NA,0,0,0,0,0,0,NA,0,NA,0,0,0,0,0,0,0,NA,NA,0,0,0,0,0,0,0,0,0,NA,0,0,0,0,NA,0,NA,0,0,0,NA,NA,NA,NA,0,NA,0,0,0,NA,NA,NA,NA,NA,NA,NA,NA,NA,NA,NA,NA,NA,NA,NA,NA,NA,NA,NA,NA,NA,NA,NA,NA,NA,NA,NA,NA,NA,NA,NA
"30",1,NA,1,1,NA,0,0,0,NA,0,0,0,0,0,0,0,0,NA,0,0,0,0,0,0,0,NA,NA,0,0,0,0,0,0,0,0,0,NA,0,0,0,0,NA,0,NA,0,0,0,NA,NA,NA,NA,0,NA,0,0,0,NA,NA,NA,NA,NA,NA,NA,NA,NA,NA,NA,NA,NA,NA,NA,NA,NA,NA,NA,NA,NA,NA,NA,NA,NA,NA,NA,NA,NA,NA,NA
"31",0,NA,1,0,0,0,0,0,NA,0,0,0,0,0,0,NA,0,NA,0,0,0,NA,0,0,0,NA,NA,0,0,0,0,0,0,0,0,0,NA,0,0,0,0,NA,0,NA,0,0,0,NA,NA,NA,NA,0,NA,0,0,0,NA,NA,NA,NA,NA,NA,NA,NA,NA,NA,NA,NA,NA,NA,NA,NA,NA,NA,NA,NA,NA,NA,NA,NA,NA,NA,NA,NA,NA,NA,NA
"32",0,NA,1,0,NA,0,0,0,NA,0,0,0,0,0,0,0,0,NA,0,0,0,NA,0,0,0,NA,NA,0,0,0,0,0,0,0,0,0,NA,0,0,0,0,NA,0,NA,0,0,0,NA,NA,NA,NA,0,NA,0,0,0,NA,NA,NA,NA,NA,NA,NA,NA,NA,NA,NA,NA,NA,NA,NA,NA,NA,NA,NA,NA,NA,NA,NA,NA,NA,NA,NA,NA,NA,NA,NA
"33",1,1,NA,1,0,0,0,0,0,0,0,0,0,NA,0,NA,0,0,0,0,0,0,0,0,0,NA,NA,0,0,0,0,0,0,0,0,0,0,0,0,0,0,NA,0,NA,0,0,0,NA,NA,0,NA,0,NA,0,0,0,NA,NA,NA,NA,NA,NA,NA,NA,NA,NA,NA,NA,NA,NA,NA,NA,NA,NA,NA,NA,NA,NA,NA,NA,NA,NA,NA,NA,NA,NA,NA
"34",1,1,NA,1,NA,0,0,0,0,0,0,0,0,NA,0,0,0,0,0,0,0,0,0,0,0,NA,NA,0,0,0,0,0,0,0,0,0,0,0,0,0,0,NA,0,NA,0,0,0,NA,NA,0,NA,0,NA,0,0,0,NA,NA,NA,NA,NA,NA,NA,NA,NA,NA,NA,NA,NA,NA,NA,NA,NA,NA,NA,NA,NA,NA,NA,NA,NA,NA,NA,NA,NA,NA,NA
"35",0,1,NA,0,0,0,0,0,0,0,0,0,0,NA,0,NA,0,0,0,0,0,NA,0,0,0,NA,NA,0,0,0,0,0,0,0,0,0,0,0,0,0,0,NA,0,NA,0,0,0,NA,NA,0,NA,0,NA,0,0,0,NA,NA,NA,NA,NA,NA,NA,NA,NA,NA,NA,NA,NA,NA,NA,NA,NA,NA,NA,NA,NA,NA,NA,NA,NA,NA,NA,NA,NA,NA,NA
"36",0,1,NA,0,NA,0,0,0,0,0,0,0,0,NA,0,0,0,0,0,0,0,NA,0,0,0,NA,NA,0,0,0,0,0,0,0,0,0,0,0,0,0,0,NA,0,NA,0,0,0,NA,NA,0,NA,0,NA,0,0,0,NA,NA,NA,NA,NA,NA,NA,NA,NA,NA,NA,NA,NA,NA,NA,NA,NA,NA,NA,NA,NA,NA,NA,NA,NA,NA,NA,NA,NA,NA,NA
"37",1,0,NA,1,0,0,0,0,NA,0,0,0,0,NA,0,NA,0,0,0,0,0,0,0,0,0,NA,NA,0,0,0,0,0,0,0,0,0,0,0,0,0,0,NA,0,NA,0,0,0,NA,NA,0,NA,0,NA,0,0,0,NA,NA,NA,NA,NA,NA,NA,NA,NA,NA,NA,NA,NA,NA,NA,NA,NA,NA,NA,NA,NA,NA,NA,NA,NA,NA,NA,NA,NA,NA,NA
"38",1,0,NA,1,NA,0,0,0,NA,0,0,0,0,NA,0,0,0,0,0,0,0,0,0,0,0,NA,NA,0,0,0,0,0,0,0,0,0,0,0,0,0,0,NA,0,NA,0,0,0,NA,NA,0,NA,0,NA,0,0,0,NA,NA,NA,NA,NA,NA,NA,NA,NA,NA,NA,NA,NA,NA,NA,NA,NA,NA,NA,NA,NA,NA,NA,NA,NA,NA,NA,NA,NA,NA,NA
"39",0,0,NA,0,0,0,0,0,NA,0,0,0,0,NA,0,NA,0,0,0,0,0,NA,0,0,0,NA,NA,0,0,0,0,0,0,0,0,0,0,0,0,0,0,NA,0,NA,0,0,0,NA,NA,0,NA,0,NA,0,0,0,NA,NA,NA,NA,NA,NA,NA,NA,NA,NA,NA,NA,NA,NA,NA,NA,NA,NA,NA,NA,NA,NA,NA,NA,NA,NA,NA,NA,NA,NA,NA
"40",0,0,NA,0,NA,0,0,0,NA,0,0,0,0,NA,0,0,0,0,0,0,0,NA,0,0,0,NA,NA,0,0,0,0,0,0,0,0,0,0,0,0,0,0,NA,0,NA,0,0,0,NA,NA,0,NA,0,NA,0,0,0,NA,NA,NA,NA,NA,NA,NA,NA,NA,NA,NA,NA,NA,NA,NA,NA,NA,NA,NA,NA,NA,NA,NA,NA,NA,NA,NA,NA,NA,NA,NA
"41",1,NA,0,1,0,0,0,0,NA,0,0,0,0,NA,0,NA,0,0,0,0,0,0,0,0,0,NA,NA,0,0,0,0,0,0,0,0,0,NA,0,0,0,0,NA,0,NA,0,0,0,NA,NA,NA,NA,0,NA,0,0,0,NA,NA,NA,NA,NA,NA,NA,NA,NA,NA,NA,NA,NA,NA,NA,NA,NA,NA,NA,NA,NA,NA,NA,NA,NA,NA,NA,NA,NA,NA,NA
"42",1,NA,0,1,NA,0,0,0,NA,0,0,0,0,NA,0,0,0,0,0,0,0,0,0,0,0,NA,NA,0,0,0,0,0,0,0,0,0,NA,0,0,0,0,NA,0,NA,0,0,0,NA,NA,NA,NA,0,NA,0,0,0,NA,NA,NA,NA,NA,NA,NA,NA,NA,NA,NA,NA,NA,NA,NA,NA,NA,NA,NA,NA,NA,NA,NA,NA,NA,NA,NA,NA,NA,NA,NA
"43",0,NA,0,0,0,0,0,0,NA,0,0,0,0,NA,0,NA,0,0,0,0,0,NA,0,0,0,NA,NA,0,0,0,0,0,0,0,0,0,NA,0,0,0,0,NA,0,NA,0,0,0,NA,NA,NA,NA,0,NA,0,0,0,NA,NA,NA,NA,NA,NA,NA,NA,NA,NA,NA,NA,NA,NA,NA,NA,NA,NA,NA,NA,NA,NA,NA,NA,NA,NA,NA,NA,NA,NA,NA
"44",0,NA,0,0,NA,0,0,0,NA,0,0,0,0,NA,0,0,0,0,0,0,0,NA,0,0,0,NA,NA,0,0,0,0,0,0,0,0,0,NA,0,0,0,0,NA,0,NA,0,0,0,NA,NA,NA,NA,0,NA,0,0,0,NA,NA,NA,NA,NA,NA,NA,NA,NA,NA,NA,NA,NA,NA,NA,NA,NA,NA,NA,NA,NA,NA,NA,NA,NA,NA,NA,NA,NA,NA,NA
"45",1,NA,1,1,0,0,0,0,NA,0,0,0,0,NA,0,NA,0,NA,0,0,0,0,0,0,0,NA,NA,0,0,0,0,0,0,0,0,0,NA,0,0,0,0,NA,0,NA,0,0,0,NA,NA,NA,NA,0,NA,0,0,0,NA,NA,NA,NA,NA,NA,NA,NA,NA,NA,NA,NA,NA,NA,NA,NA,NA,NA,NA,NA,NA,NA,NA,NA,NA,NA,NA,NA,NA,NA,NA
"46",1,NA,1,1,NA,0,0,0,NA,0,0,0,0,NA,0,0,0,NA,0,0,0,0,0,0,0,NA,NA,0,0,0,0,0,0,0,0,0,NA,0,0,0,0,NA,0,NA,0,0,0,NA,NA,NA,NA,0,NA,0,0,0,NA,NA,NA,NA,NA,NA,NA,NA,NA,NA,NA,NA,NA,NA,NA,NA,NA,NA,NA,NA,NA,NA,NA,NA,NA,NA,NA,NA,NA,NA,NA
"47",0,NA,1,0,0,0,0,0,NA,0,0,0,0,NA,0,NA,0,NA,0,0,0,NA,0,0,0,NA,NA,0,0,0,0,0,0,0,0,0,NA,0,0,0,0,NA,0,NA,0,0,0,NA,NA,NA,NA,0,NA,0,0,0,NA,NA,NA,NA,NA,NA,NA,NA,NA,NA,NA,NA,NA,NA,NA,NA,NA,NA,NA,NA,NA,NA,NA,NA,NA,NA,NA,NA,NA,NA,NA
"48",0,NA,1,0,NA,0,0,0,NA,0,0,0,0,NA,0,0,0,NA,0,0,0,NA,0,0,0,NA,NA,0,0,0,0,0,0,0,0,0,NA,0,0,0,0,NA,0,NA,0,0,0,NA,NA,NA,NA,0,NA,0,0,0,NA,NA,NA,NA,NA,NA,NA,NA,NA,NA,NA,NA,NA,NA,NA,NA,NA,NA,NA,NA,NA,NA,NA,NA,NA,NA,NA,NA,NA,NA,NA
"49",1,1,NA,1,NA,0,0,0,0,0,0,0,0,0,0,NA,0,0,0,0,0,0,0,0,0,NA,NA,0,0,0,0,0,0,0,0,0,0,0,0,0,0,NA,0,NA,0,0,0,NA,NA,0,NA,0,NA,0,0,0,NA,NA,NA,NA,NA,NA,NA,NA,NA,NA,NA,NA,NA,NA,NA,NA,NA,NA,NA,NA,NA,NA,NA,NA,NA,NA,NA,NA,NA,NA,NA
"50",0,1,NA,0,NA,0,0,0,0,0,0,0,0,0,0,NA,0,0,0,0,0,NA,0,0,0,NA,NA,0,0,0,0,0,0,0,0,0,0,0,0,0,0,NA,0,NA,0,0,0,NA,NA,0,NA,0,NA,0,0,0,NA,NA,NA,NA,NA,NA,NA,NA,NA,NA,NA,NA,NA,NA,NA,NA,NA,NA,NA,NA,NA,NA,NA,NA,NA,NA,NA,NA,NA,NA,NA
"51",1,0,NA,1,NA,0,0,0,NA,0,0,0,0,0,0,NA,0,0,0,0,0,0,0,0,0,NA,NA,0,0,0,0,0,0,0,0,0,0,0,0,0,0,NA,0,NA,0,0,0,NA,NA,0,NA,0,NA,0,0,0,NA,NA,NA,NA,NA,NA,NA,NA,NA,NA,NA,NA,NA,NA,NA,NA,NA,NA,NA,NA,NA,NA,NA,NA,NA,NA,NA,NA,NA,NA,NA
"52",0,0,NA,0,NA,0,0,0,NA,0,0,0,0,0,0,NA,0,0,0,0,0,NA,0,0,0,NA,NA,0,0,0,0,0,0,0,0,0,0,0,0,0,0,NA,0,NA,0,0,0,NA,NA,0,NA,0,NA,0,0,0,NA,NA,NA,NA,NA,NA,NA,NA,NA,NA,NA,NA,NA,NA,NA,NA,NA,NA,NA,NA,NA,NA,NA,NA,NA,NA,NA,NA,NA,NA,NA
"53",1,NA,0,1,NA,0,0,0,NA,0,0,0,0,0,0,NA,0,0,0,0,0,0,0,0,0,NA,NA,0,0,0,0,0,0,0,0,0,NA,0,0,0,0,NA,0,NA,0,0,0,NA,NA,NA,NA,0,NA,0,0,0,NA,NA,NA,NA,NA,NA,NA,NA,NA,NA,NA,NA,NA,NA,NA,NA,NA,NA,NA,NA,NA,NA,NA,NA,NA,NA,NA,NA,NA,NA,NA
"54",0,NA,0,0,NA,0,0,0,NA,0,0,0,0,0,0,NA,0,0,0,0,0,NA,0,0,0,NA,NA,0,0,0,0,0,0,0,0,0,NA,0,0,0,0,NA,0,NA,0,0,0,NA,NA,NA,NA,0,NA,0,0,0,NA,NA,NA,NA,NA,NA,NA,NA,NA,NA,NA,NA,NA,NA,NA,NA,NA,NA,NA,NA,NA,NA,NA,NA,NA,NA,NA,NA,NA,NA,NA
"55",1,NA,1,1,NA,0,0,0,NA,0,0,0,0,0,0,NA,0,NA,0,0,0,0,0,0,0,NA,NA,0,0,0,0,0,0,0,0,0,NA,0,0,0,0,NA,0,NA,0,0,0,NA,NA,NA,NA,0,NA,0,0,0,NA,NA,NA,NA,NA,NA,NA,NA,NA,NA,NA,NA,NA,NA,NA,NA,NA,NA,NA,NA,NA,NA,NA,NA,NA,NA,NA,NA,NA,NA,NA
"56",0,NA,1,0,NA,0,0,0,NA,0,0,0,0,0,0,NA,0,NA,0,0,0,NA,0,0,0,NA,NA,0,0,0,0,0,0,0,0,0,NA,0,0,0,0,NA,0,NA,0,0,0,NA,NA,NA,NA,0,NA,0,0,0,NA,NA,NA,NA,NA,NA,NA,NA,NA,NA,NA,NA,NA,NA,NA,NA,NA,NA,NA,NA,NA,NA,NA,NA,NA,NA,NA,NA,NA,NA,NA
"57",1,1,NA,1,NA,0,0,0,0,0,0,0,0,NA,0,NA,0,0,0,0,0,0,0,0,0,NA,NA,0,0,0,0,0,0,0,0,0,0,0,0,0,0,NA,0,NA,0,0,0,NA,NA,0,NA,0,NA,0,0,0,NA,NA,NA,NA,NA,NA,NA,NA,NA,NA,NA,NA,NA,NA,NA,NA,NA,NA,NA,NA,NA,NA,NA,NA,NA,NA,NA,NA,NA,NA,NA
"58",0,1,NA,0,NA,0,0,0,0,0,0,0,0,NA,0,NA,0,0,0,0,0,NA,0,0,0,NA,NA,0,0,0,0,0,0,0,0,0,0,0,0,0,0,NA,0,NA,0,0,0,NA,NA,0,NA,0,NA,0,0,0,NA,NA,NA,NA,NA,NA,NA,NA,NA,NA,NA,NA,NA,NA,NA,NA,NA,NA,NA,NA,NA,NA,NA,NA,NA,NA,NA,NA,NA,NA,NA
"59",1,0,NA,1,NA,0,0,0,NA,0,0,0,0,NA,0,NA,0,0,0,0,0,0,0,0,0,NA,NA,0,0,0,0,0,0,0,0,0,0,0,0,0,0,NA,0,NA,0,0,0,NA,NA,0,NA,0,NA,0,0,0,NA,NA,NA,NA,NA,NA,NA,NA,NA,NA,NA,NA,NA,NA,NA,NA,NA,NA,NA,NA,NA,NA,NA,NA,NA,NA,NA,NA,NA,NA,NA
"60",0,0,NA,0,NA,0,0,0,NA,0,0,0,0,NA,0,NA,0,0,0,0,0,NA,0,0,0,NA,NA,0,0,0,0,0,0,0,0,0,0,0,0,0,0,NA,0,NA,0,0,0,NA,NA,0,NA,0,NA,0,0,0,NA,NA,NA,NA,NA,NA,NA,NA,NA,NA,NA,NA,NA,NA,NA,NA,NA,NA,NA,NA,NA,NA,NA,NA,NA,NA,NA,NA,NA,NA,NA
"61",1,NA,0,1,NA,0,0,0,NA,0,0,0,0,NA,0,NA,0,0,0,0,0,0,0,0,0,NA,NA,0,0,0,0,0,0,0,0,0,NA,0,0,0,0,NA,0,NA,0,0,0,NA,NA,NA,NA,0,NA,0,0,0,NA,NA,NA,NA,NA,NA,NA,NA,NA,NA,NA,NA,NA,NA,NA,NA,NA,NA,NA,NA,NA,NA,NA,NA,NA,NA,NA,NA,NA,NA,NA
"62",0,NA,0,0,NA,0,0,0,NA,0,0,0,0,NA,0,NA,0,0,0,0,0,NA,0,0,0,NA,NA,0,0,0,0,0,0,0,0,0,NA,0,0,0,0,NA,0,NA,0,0,0,NA,NA,NA,NA,0,NA,0,0,0,NA,NA,NA,NA,NA,NA,NA,NA,NA,NA,NA,NA,NA,NA,NA,NA,NA,NA,NA,NA,NA,NA,NA,NA,NA,NA,NA,NA,NA,NA,NA
"63",1,NA,1,1,NA,0,0,0,NA,0,0,0,0,NA,0,NA,0,NA,0,0,0,0,0,0,0,NA,NA,0,0,0,0,0,0,0,0,0,NA,0,0,0,0,NA,0,NA,0,0,0,NA,NA,NA,NA,0,NA,0,0,0,NA,NA,NA,NA,NA,NA,NA,NA,NA,NA,NA,NA,NA,NA,NA,NA,NA,NA,NA,NA,NA,NA,NA,NA,NA,NA,NA,NA,NA,NA,NA
"64",0,NA,1,0,NA,0,0,0,NA,0,0,0,0,NA,0,NA,0,NA,0,0,0,NA,0,0,0,NA,NA,0,0,0,0,0,0,0,0,0,NA,0,0,0,0,NA,0,NA,0,0,0,NA,NA,NA,NA,0,NA,0,0,0,NA,NA,NA,NA,NA,NA,NA,NA,NA,NA,NA,NA,NA,NA,NA,NA,NA,NA,NA,NA,NA,NA,NA,NA,NA,NA,NA,NA,NA,NA,NA
"65",0.5,0.5,0.5,0.5,0,0,0,0,0,0,0,0,0,0,0,0,0,0,0,0,0,0,0,0,0,0,0,0,0,0,0,0,0,0,0,0,0,0,0,0,0,0,0,0,0,0,0,0,0,0,0,0,0,0,0,0,0,0,NA,NA,NA,NA,NA,NA,NA,NA,NA,NA,NA,NA,NA,NA,NA,NA,NA,NA,NA,NA,NA,NA,NA,NA,NA,NA,NA,NA,NA
"66",1,0.5,0.5,1,0.5,1,1,1,0.25,1,1,1,1,0.5,1,0.5,1,0.75,1,1,1,0.5,1,0.921875,1,0.046875,0.046875,0.953125,1,1,1,1,1,1,1,0.953125,0.5,1,1,1,0.953125,0.046875,1,0.046875,0.953125,1,1,0.046875,0.078125,0.5,0.046875,0.921875,0.046875,1,1,1,0.046875,0.078125,0,0,0,0,0,0,0,0,0,0,0,0,0,0,0,0,0,0,0,0,0,0,0,0,0,0,0,0,0
