"","phoB","mlrA","fis","crp","csgD","hns","xylR","rhaS","fliZ","fnr","arcA","fur","cra","gadE","ompR","rob","oxyR","marR","glnG","ptsG","rhaR","fhlA","mlc","pdhR","srlR","mazE","uxuR","argP","galS","gutM","exuR","mazF","cspA","flhD","flhC","dcuR","zraR","asnC","dnaA","metR","cusR","puuR","yiaJ","putA","cadC","melR","araC","yqjI","malI","idnR","pdeL","purR","prpR","fucR","tdcA","lsrR","glcC","nhaR","hyfR","dpiA","nikR","aidB","rbsR","betI","lldR","rcsB","soxS","rcsA","gadX","leuO","lrp","marA","evgA","bglJ","ydeO","gadW","narL","soxR","hdfR","stpA","yjjQ","galR","nac","adiY","metJ","mraZ","yeiL"
"1",0,1,0,1,1,0,0,0,0,0,0,0,NA,NA,0,0,0,0,0,0,0,0,0,0,0,0,0,0,0,0,NA,0,0,0,0,0,0,0,0,0,0,0,0,0,NA,0,0,0,0,0,NA,0,0,0,0,0,0,0,0,0,0,0,0,0,0,NA,NA,NA,NA,NA,NA,NA,NA,NA,NA,NA,NA,NA,NA,NA,NA,NA,NA,NA,NA,NA,NA
"2",1,1,0,1,1,0,0,0,0,0,0,0,NA,NA,0,0,0,0,0,0,0,0,0,0,0,0,0,0,0,0,NA,0,0,0,0,0,0,0,0,0,0,0,0,0,NA,0,0,0,0,0,0,0,0,0,0,0,0,0,0,0,0,0,0,0,0,NA,NA,NA,NA,NA,NA,NA,NA,NA,NA,NA,NA,NA,NA,NA,NA,NA,NA,NA,NA,NA,NA
"3",1,0,0,1,NA,1,0,0,1,0,0,0,NA,NA,0,0,0,0,0,0,0,0,0,0,0,0,0,0,0,0,NA,0,0,0,0,0,0,0,0,0,0,0,0,0,NA,0,0,0,0,0,0,0,0,0,0,0,0,0,0,0,0,0,0,0,0,NA,NA,NA,NA,NA,NA,NA,NA,NA,NA,NA,NA,NA,NA,NA,NA,NA,NA,NA,NA,NA,NA
"4",1,1,0,1,1,1,0,0,NA,0,0,0,NA,NA,0,0,0,0,0,0,0,0,0,0,0,0,0,0,0,0,NA,0,0,0,0,0,0,0,0,0,0,0,0,0,0,0,0,0,0,0,0,0,0,0,0,0,0,0,0,0,0,0,0,0,0,NA,NA,NA,NA,NA,NA,NA,NA,NA,NA,NA,NA,NA,NA,NA,NA,NA,NA,NA,NA,NA,NA
"5",1,1,0,1,1,1,0,0,NA,0,0,0,NA,NA,0,0,0,0,0,0,0,0,0,0,0,0,0,0,0,0,NA,0,0,0,0,0,0,0,0,0,0,0,0,0,0,0,0,0,0,0,0,0,0,0,0,0,0,NA,0,0,0,0,0,0,0,NA,NA,NA,NA,NA,NA,NA,NA,NA,NA,NA,NA,NA,NA,NA,NA,NA,NA,NA,NA,NA,NA
"6",0,NA,0,1,0,1,0,0,1,0,0,0,NA,NA,0,0,0,0,0,0,0,0,0,0,0,0,0,0,0,0,NA,0,0,0,0,0,0,0,0,0,0,0,0,0,NA,0,0,0,0,0,NA,0,0,0,0,0,0,0,0,0,0,0,0,0,0,NA,NA,NA,NA,NA,NA,NA,NA,NA,NA,NA,NA,NA,NA,NA,NA,NA,NA,NA,NA,NA,NA
"7",1,NA,0,1,1,1,0,0,NA,0,0,0,NA,NA,0,0,0,0,0,0,0,0,0,0,0,0,0,0,0,0,NA,0,0,0,0,0,0,0,0,0,0,0,0,0,NA,0,0,0,0,0,0,0,0,0,0,0,0,NA,0,0,0,0,0,0,0,NA,NA,NA,NA,NA,NA,NA,NA,NA,NA,NA,NA,NA,NA,NA,NA,NA,NA,NA,NA,NA,NA
"8",1,1,0,1,1,1,0,0,NA,0,0,0,NA,NA,0,0,0,0,0,0,0,0,0,0,0,0,0,0,0,0,NA,0,0,0,0,0,0,0,0,0,0,0,0,0,NA,0,0,0,0,0,0,0,0,0,0,0,0,0,0,0,0,0,0,0,0,NA,NA,NA,NA,NA,NA,NA,NA,NA,NA,NA,NA,NA,NA,NA,NA,NA,NA,NA,NA,NA,NA
"9",1,NA,0,1,0,1,0,0,1,0,0,0,NA,NA,0,0,0,0,0,0,0,0,0,0,0,0,0,0,0,0,NA,0,0,0,0,0,0,0,0,0,0,0,0,0,NA,0,0,0,0,0,0,0,0,0,0,0,0,NA,0,0,0,0,0,0,0,NA,NA,NA,NA,NA,NA,NA,NA,NA,NA,NA,NA,NA,NA,NA,NA,NA,NA,NA,NA,NA,NA
"10",1,1,0,1,1,1,0,0,NA,0,0,0,NA,NA,0,0,0,0,0,0,0,0,0,0,0,0,0,0,0,0,NA,0,0,0,0,0,0,0,0,0,0,0,0,0,NA,0,0,0,0,0,0,0,0,0,0,0,0,NA,0,0,0,0,0,0,0,NA,NA,NA,NA,NA,NA,NA,NA,NA,NA,NA,NA,NA,NA,NA,NA,NA,NA,NA,NA,NA,NA
"11",1,NA,0,0,NA,1,0,0,1,0,0,0,NA,NA,0,0,0,0,0,0,0,0,0,0,0,0,0,0,0,0,NA,0,0,0,0,0,0,0,0,0,0,0,0,0,NA,0,0,0,0,0,0,0,0,0,0,0,0,0,0,0,0,0,0,0,0,NA,NA,NA,NA,NA,NA,NA,NA,NA,NA,NA,NA,NA,NA,NA,NA,NA,NA,NA,NA,NA,NA
"12",1,NA,0,0,NA,1,0,0,1,0,0,0,NA,NA,0,0,0,0,0,0,0,0,0,0,0,0,0,0,0,0,NA,0,0,0,0,0,0,0,0,0,0,0,0,0,NA,0,0,0,0,0,0,0,0,0,0,0,0,NA,0,0,0,0,0,0,0,NA,NA,NA,NA,NA,NA,NA,NA,NA,NA,NA,NA,NA,NA,NA,NA,NA,NA,NA,NA,NA,NA
"13",0,NA,0,0,NA,1,0,0,1,0,0,0,NA,NA,0,0,0,0,0,0,0,0,0,0,0,0,0,0,0,0,NA,0,0,0,0,0,0,0,0,0,0,0,0,0,NA,0,0,0,0,0,NA,0,0,0,0,0,0,0,0,0,0,0,0,0,0,NA,NA,NA,NA,NA,NA,NA,NA,NA,NA,NA,NA,NA,NA,NA,NA,NA,NA,NA,NA,NA,NA
"14",0,1,0,1,1,1,0,0,NA,0,0,0,NA,NA,0,0,0,0,0,0,0,0,0,0,0,0,0,0,0,0,NA,0,0,0,0,0,0,0,0,0,0,0,0,0,0,0,0,0,0,0,NA,0,0,0,0,0,0,0,0,0,0,0,0,0,0,NA,NA,NA,NA,NA,NA,NA,NA,NA,NA,NA,NA,NA,NA,NA,NA,NA,NA,NA,NA,NA,NA
"15",NA,NA,0,1,1,1,0,0,NA,0,0,0,0,NA,0,0,0,0,0,0,0,0,0,0,0,0,0,0,0,0,NA,0,0,0,0,0,0,0,0,0,0,0,0,0,NA,0,0,0,0,0,NA,0,0,0,0,0,NA,0,0,0,0,0,0,0,0,NA,NA,NA,NA,NA,NA,NA,NA,NA,NA,NA,NA,NA,NA,NA,NA,NA,NA,NA,NA,NA,NA
"16",1,NA,1,NA,NA,0,0,1,0,0,0,0,NA,0,NA,0,NA,0,0,0,0,0,0,0,0,0,NA,0,0,NA,0,0,0,0,NA,0,0,0,0,0,0,0,0,0,NA,0,0,0,0,0,0,0,NA,0,0,0,NA,0,0,0,0,0,0,0,0,NA,NA,NA,NA,NA,NA,NA,NA,NA,NA,NA,NA,NA,NA,NA,NA,NA,NA,NA,NA,NA,NA
"17",NA,NA,0,1,1,1,0,0,NA,0,0,0,0,NA,0,0,0,0,0,0,0,0,0,0,0,0,0,0,0,0,NA,0,0,0,0,0,0,0,0,0,NA,0,0,0,NA,0,0,0,0,0,NA,0,0,0,0,0,NA,0,0,0,0,0,0,0,0,NA,NA,NA,NA,NA,NA,NA,NA,NA,NA,NA,NA,NA,NA,NA,NA,NA,NA,NA,NA,NA,NA
"18",1,NA,1,NA,NA,0,0,1,0,0,0,0,NA,0,NA,0,NA,0,0,0,0,0,0,0,0,0,NA,0,0,NA,0,0,0,0,NA,0,NA,0,0,0,0,0,0,0,NA,0,0,0,0,0,0,0,NA,0,0,0,NA,0,0,0,0,0,0,0,0,NA,NA,NA,NA,NA,NA,NA,NA,NA,NA,NA,NA,NA,NA,NA,NA,NA,NA,NA,NA,NA,NA
"19",NA,NA,0,1,0,1,0,0,1,0,0,0,0,NA,0,0,0,0,0,0,0,0,0,0,0,0,0,0,0,0,NA,0,0,0,0,0,0,0,0,0,0,0,0,0,NA,0,0,0,0,0,NA,0,0,0,0,0,NA,0,0,0,0,0,0,0,0,NA,NA,NA,NA,NA,NA,NA,NA,NA,NA,NA,NA,NA,NA,NA,NA,NA,NA,NA,NA,NA,NA
"20",1,NA,1,NA,NA,0,0,0,0,0,0,0,NA,0,NA,0,NA,0,0,0,NA,0,0,0,0,0,NA,0,0,NA,0,0,0,0,NA,0,0,0,0,0,0,0,0,0,NA,0,0,0,0,0,0,0,NA,0,0,0,NA,0,0,0,0,0,0,0,0,NA,NA,NA,NA,NA,NA,NA,NA,NA,NA,NA,NA,NA,NA,NA,NA,NA,NA,NA,NA,NA,NA
"21",NA,NA,0,1,0,1,0,0,1,0,0,0,0,NA,0,0,0,0,0,0,0,0,0,0,0,0,0,0,0,0,NA,0,0,0,0,0,0,0,0,0,NA,0,0,0,NA,0,0,0,0,0,NA,0,0,0,0,0,NA,0,0,0,0,0,0,0,0,NA,NA,NA,NA,NA,NA,NA,NA,NA,NA,NA,NA,NA,NA,NA,NA,NA,NA,NA,NA,NA,NA
"22",1,NA,1,NA,NA,0,0,1,0,0,0,0,NA,0,NA,0,NA,0,0,0,0,0,0,0,0,0,NA,0,0,NA,0,0,0,0,NA,0,0,0,0,0,0,0,0,0,NA,NA,0,0,0,0,0,0,NA,0,0,0,NA,0,0,0,0,0,0,0,0,NA,NA,NA,NA,NA,NA,NA,NA,NA,NA,NA,NA,NA,NA,NA,NA,NA,NA,NA,NA,NA,NA
"23",1,NA,1,NA,NA,0,0,0,0,0,0,0,NA,0,NA,0,NA,0,0,0,NA,0,0,0,0,0,NA,0,0,NA,0,0,0,0,NA,0,NA,0,0,0,0,0,0,0,NA,0,0,0,0,0,0,0,NA,0,0,0,NA,0,0,0,0,0,0,0,0,NA,NA,NA,NA,NA,NA,NA,NA,NA,NA,NA,NA,NA,NA,NA,NA,NA,NA,NA,NA,NA,NA
"24",1,NA,1,NA,NA,0,0,1,0,0,0,0,NA,0,NA,0,NA,0,0,0,0,0,0,0,0,0,NA,0,0,NA,0,0,0,0,NA,0,0,0,0,0,0,0,0,0,NA,0,0,0,0,NA,0,0,NA,0,0,0,NA,0,0,0,0,0,0,0,0,NA,NA,NA,NA,NA,NA,NA,NA,NA,NA,NA,NA,NA,NA,NA,NA,NA,NA,NA,NA,NA,NA
"25",1,NA,1,NA,NA,0,0,1,0,0,0,0,NA,0,NA,0,NA,0,0,0,0,0,0,0,0,0,NA,0,0,NA,0,0,0,0,NA,0,NA,0,0,0,0,0,0,0,NA,NA,0,0,0,0,0,0,NA,0,0,0,NA,0,0,0,0,0,0,0,0,NA,NA,NA,NA,NA,NA,NA,NA,NA,NA,NA,NA,NA,NA,NA,NA,NA,NA,NA,NA,NA,NA
"26",1,NA,1,NA,NA,0,1,1,0,0,0,0,NA,0,NA,0,NA,0,0,0,0,0,0,0,0,0,NA,0,0,NA,0,0,0,0,NA,0,0,0,0,0,0,0,0,0,NA,0,NA,0,0,0,0,0,NA,0,0,0,NA,0,0,0,0,0,0,0,0,NA,NA,NA,NA,NA,NA,NA,NA,NA,NA,NA,NA,NA,NA,NA,NA,NA,NA,NA,NA,NA,NA
"27",1,NA,1,NA,NA,0,0,1,0,0,0,0,NA,0,NA,0,NA,0,0,0,0,0,0,0,0,0,NA,0,0,NA,0,0,0,0,NA,0,0,0,0,0,0,0,0,0,NA,0,0,0,0,0,0,0,NA,NA,0,0,NA,0,0,0,0,0,0,0,0,NA,NA,NA,NA,NA,NA,NA,NA,NA,NA,NA,NA,NA,NA,NA,NA,NA,NA,NA,NA,NA,NA
"28",1,NA,1,NA,NA,0,0,0,0,0,0,0,NA,0,NA,0,NA,0,0,0,NA,0,0,0,0,0,NA,0,0,NA,0,0,0,0,NA,0,0,0,0,0,0,0,0,0,NA,0,0,0,0,NA,0,0,NA,0,0,0,NA,0,0,0,0,0,0,0,0,NA,NA,NA,NA,NA,NA,NA,NA,NA,NA,NA,NA,NA,NA,NA,NA,NA,NA,NA,NA,NA,NA
"29",1,NA,1,NA,NA,0,0,1,0,0,0,0,NA,0,NA,0,NA,0,0,0,0,0,0,0,0,0,NA,0,0,NA,0,0,0,0,NA,0,0,0,0,0,0,0,0,0,NA,NA,0,0,0,0,0,0,NA,NA,0,0,NA,0,0,0,0,0,0,0,0,NA,NA,NA,NA,NA,NA,NA,NA,NA,NA,NA,NA,NA,NA,NA,NA,NA,NA,NA,NA,NA,NA
"30",1,NA,1,NA,NA,0,0,NA,0,0,0,0,NA,0,NA,0,NA,0,0,0,NA,0,0,0,0,0,NA,0,0,NA,0,0,0,0,NA,0,0,0,0,0,0,0,0,0,NA,0,0,0,0,0,0,0,NA,0,0,0,NA,0,0,0,0,0,0,0,0,NA,NA,NA,NA,NA,NA,NA,NA,NA,NA,NA,NA,NA,NA,NA,NA,NA,NA,NA,NA,NA,NA
"31",1,NA,1,NA,NA,0,0,1,0,0,0,0,NA,0,NA,0,NA,0,0,0,0,0,0,0,0,0,NA,0,0,NA,0,0,0,0,NA,0,0,0,0,0,0,0,0,0,NA,0,0,0,0,NA,0,0,NA,NA,0,0,NA,0,0,0,0,0,0,0,0,NA,NA,NA,NA,NA,NA,NA,NA,NA,NA,NA,NA,NA,NA,NA,NA,NA,NA,NA,NA,NA,NA
"32",1,NA,1,NA,NA,0,0,0,0,0,0,0,NA,0,NA,0,NA,0,0,0,NA,0,0,0,0,0,NA,0,0,NA,0,0,0,0,NA,0,0,0,0,0,0,0,0,0,NA,NA,0,0,0,0,0,0,NA,0,0,0,NA,0,0,0,0,0,0,0,0,NA,NA,NA,NA,NA,NA,NA,NA,NA,NA,NA,NA,NA,NA,NA,NA,NA,NA,NA,NA,NA,NA
"33",1,NA,1,NA,NA,0,0,1,0,0,0,0,NA,0,NA,0,NA,0,0,0,0,0,0,0,0,0,NA,0,0,NA,0,0,0,0,NA,0,NA,0,0,0,0,0,0,0,NA,0,0,0,0,NA,0,0,NA,0,0,0,NA,0,0,0,0,0,0,0,0,NA,NA,NA,NA,NA,NA,NA,NA,NA,NA,NA,NA,NA,NA,NA,NA,NA,NA,NA,NA,NA,NA
"34",1,NA,1,NA,NA,0,1,1,0,0,0,0,NA,0,NA,0,NA,0,0,0,0,0,0,0,0,0,NA,0,0,NA,0,0,0,0,NA,0,0,0,0,0,0,0,0,0,NA,NA,NA,0,0,0,0,0,NA,0,0,0,NA,0,0,0,0,0,0,0,0,NA,NA,NA,NA,NA,NA,NA,NA,NA,NA,NA,NA,NA,NA,NA,NA,NA,NA,NA,NA,NA,NA
"35",1,NA,1,NA,NA,0,1,1,0,0,0,0,NA,0,NA,0,NA,0,0,0,0,0,0,0,0,0,NA,0,0,NA,0,0,0,0,NA,0,NA,0,0,0,0,0,0,0,NA,0,NA,0,0,0,0,0,NA,0,0,0,NA,0,0,0,0,0,0,0,0,NA,NA,NA,NA,NA,NA,NA,NA,NA,NA,NA,NA,NA,NA,NA,NA,NA,NA,NA,NA,NA,NA
"36",1,NA,1,NA,NA,0,0,0,0,0,0,0,NA,0,NA,0,NA,0,0,0,NA,0,0,0,0,0,NA,0,0,NA,0,0,0,0,NA,0,0,0,0,0,0,0,0,0,NA,0,0,0,0,0,0,0,NA,NA,0,0,NA,0,0,0,0,0,0,0,0,NA,NA,NA,NA,NA,NA,NA,NA,NA,NA,NA,NA,NA,NA,NA,NA,NA,NA,NA,NA,NA,NA
"37",1,NA,1,NA,NA,0,1,1,0,0,0,0,NA,0,NA,0,NA,0,0,0,0,0,0,0,0,0,NA,0,0,NA,0,0,0,0,NA,0,0,0,0,0,0,0,0,0,NA,0,NA,0,0,NA,0,0,NA,0,0,0,NA,0,0,0,0,0,0,0,0,NA,NA,NA,NA,NA,NA,NA,NA,NA,NA,NA,NA,NA,NA,NA,NA,NA,NA,NA,NA,NA,NA
"38",1,NA,1,NA,NA,0,0,NA,0,0,0,0,NA,0,NA,0,NA,0,0,0,NA,0,0,0,0,0,NA,0,0,NA,0,0,0,0,NA,0,0,0,0,0,0,0,0,0,NA,0,0,0,0,0,0,0,NA,NA,0,0,NA,0,0,0,0,0,0,0,0,NA,NA,NA,NA,NA,NA,NA,NA,NA,NA,NA,NA,NA,NA,NA,NA,NA,NA,NA,NA,NA,NA
"39",1,NA,1,NA,NA,0,1,1,0,0,0,0,NA,0,NA,0,NA,0,0,0,0,0,0,0,0,0,NA,0,0,NA,0,0,0,0,NA,0,NA,0,0,0,0,0,0,0,NA,0,NA,0,0,NA,0,0,NA,0,0,0,NA,0,0,0,0,0,0,0,0,NA,NA,NA,NA,NA,NA,NA,NA,NA,NA,NA,NA,NA,NA,NA,NA,NA,NA,NA,NA,NA,NA
"40",1,NA,1,NA,NA,0,0,NA,0,0,0,0,NA,0,NA,0,NA,0,0,0,NA,0,0,0,0,0,NA,0,0,NA,0,0,0,0,NA,0,NA,0,0,0,0,0,0,0,NA,0,0,0,0,0,0,0,NA,0,0,0,NA,0,0,0,0,0,0,0,0,NA,NA,NA,NA,NA,NA,NA,NA,NA,NA,NA,NA,NA,NA,NA,NA,NA,NA,NA,NA,NA,NA
"41",1,NA,1,NA,NA,0,0,1,0,0,0,0,NA,0,NA,0,NA,0,0,0,0,0,0,0,0,0,NA,0,0,NA,0,0,0,0,NA,0,0,0,0,0,0,0,0,0,NA,NA,0,0,0,NA,0,0,NA,0,0,0,NA,0,0,0,0,0,0,0,0,NA,NA,NA,NA,NA,NA,NA,NA,NA,NA,NA,NA,NA,NA,NA,NA,NA,NA,NA,NA,NA,NA
"42",1,NA,1,NA,NA,0,1,0,0,0,0,0,NA,0,NA,0,NA,0,0,0,NA,0,0,0,0,0,NA,0,0,NA,0,0,0,0,NA,0,0,0,0,0,0,0,0,0,NA,0,NA,0,0,0,0,0,NA,0,0,0,NA,0,0,0,0,0,0,0,0,NA,NA,NA,NA,NA,NA,NA,NA,NA,NA,NA,NA,NA,NA,NA,NA,NA,NA,NA,NA,NA,NA
"43",1,NA,1,NA,NA,0,0,1,0,0,0,0,NA,0,NA,0,NA,0,0,0,0,0,0,0,0,0,NA,0,0,NA,0,0,0,0,NA,0,NA,0,0,0,0,0,0,0,NA,NA,0,0,0,NA,0,0,NA,0,0,0,NA,0,0,0,0,0,0,0,0,NA,NA,NA,NA,NA,NA,NA,NA,NA,NA,NA,NA,NA,NA,NA,NA,NA,NA,NA,NA,NA,NA
"44",1,NA,1,NA,NA,0,1,NA,0,0,0,0,NA,0,NA,0,NA,0,0,0,NA,0,0,0,0,0,NA,0,0,NA,0,0,0,0,NA,0,0,0,0,0,0,0,0,0,NA,0,NA,0,0,0,0,0,NA,0,0,0,NA,0,0,0,0,0,0,0,0,NA,NA,NA,NA,NA,NA,NA,NA,NA,NA,NA,NA,NA,NA,NA,NA,NA,NA,NA,NA,NA,NA
"45",1,NA,1,NA,NA,0,0,1,0,0,0,0,NA,0,NA,0,NA,0,0,0,0,0,0,0,0,0,NA,0,0,NA,0,0,0,0,NA,0,NA,0,0,0,0,0,0,0,NA,0,0,0,0,0,0,0,NA,NA,0,0,NA,0,0,0,0,0,0,0,0,NA,NA,NA,NA,NA,NA,NA,NA,NA,NA,NA,NA,NA,NA,NA,NA,NA,NA,NA,NA,NA,NA
"46",1,NA,1,NA,NA,0,1,1,0,0,0,0,NA,0,NA,0,NA,0,0,0,0,0,0,0,0,0,NA,0,0,NA,0,0,0,0,NA,0,0,0,0,0,0,0,0,0,NA,NA,NA,0,0,NA,0,0,NA,0,0,0,NA,0,0,0,0,0,0,0,0,NA,NA,NA,NA,NA,NA,NA,NA,NA,NA,NA,NA,NA,NA,NA,NA,NA,NA,NA,NA,NA,NA
"47",1,NA,1,NA,NA,0,0,1,0,0,0,0,NA,0,NA,0,NA,0,0,0,0,0,0,0,0,0,NA,0,0,NA,0,0,0,0,NA,0,NA,0,0,0,0,0,0,0,NA,0,0,0,0,NA,0,0,NA,NA,0,0,NA,0,0,0,0,0,0,0,0,NA,NA,NA,NA,NA,NA,NA,NA,NA,NA,NA,NA,NA,NA,NA,NA,NA,NA,NA,NA,NA,NA
"48",1,NA,1,NA,NA,0,1,1,0,0,0,0,NA,0,NA,0,NA,0,0,0,0,0,0,0,0,0,NA,0,0,NA,0,0,0,0,NA,0,0,0,0,0,0,0,0,0,NA,0,NA,0,0,0,0,0,NA,NA,0,0,NA,0,0,0,0,0,0,0,0,NA,NA,NA,NA,NA,NA,NA,NA,NA,NA,NA,NA,NA,NA,NA,NA,NA,NA,NA,NA,NA,NA
"49",1,NA,1,NA,NA,0,1,1,0,0,0,0,NA,0,NA,0,NA,0,0,0,0,0,0,0,0,0,NA,0,0,NA,0,0,0,0,NA,0,NA,0,0,0,0,0,0,0,NA,NA,NA,0,0,0,0,0,NA,0,0,0,NA,0,0,0,0,0,0,0,0,NA,NA,NA,NA,NA,NA,NA,NA,NA,NA,NA,NA,NA,NA,NA,NA,NA,NA,NA,NA,NA,NA
"50",1,NA,1,NA,NA,0,0,0,0,0,0,0,NA,0,NA,0,NA,0,0,0,NA,0,0,0,0,0,NA,0,0,NA,0,0,0,0,NA,0,0,0,0,0,0,0,0,0,NA,0,0,0,0,NA,0,0,NA,NA,0,0,NA,0,0,0,0,0,0,0,0,NA,NA,NA,NA,NA,NA,NA,NA,NA,NA,NA,NA,NA,NA,NA,NA,NA,NA,NA,NA,NA,NA
"51",1,NA,1,NA,NA,0,0,1,0,0,0,0,NA,0,NA,0,NA,0,0,0,0,0,0,0,0,0,NA,0,0,NA,0,0,0,0,NA,0,NA,0,0,0,0,0,0,0,NA,NA,0,0,0,0,0,0,NA,NA,0,0,NA,0,0,0,0,0,0,0,0,NA,NA,NA,NA,NA,NA,NA,NA,NA,NA,NA,NA,NA,NA,NA,NA,NA,NA,NA,NA,NA,NA
"52",1,NA,1,NA,NA,0,0,NA,0,0,0,0,NA,0,NA,0,NA,0,0,0,NA,0,0,0,0,0,NA,0,0,NA,0,0,0,0,NA,0,0,0,0,0,0,0,0,0,NA,0,0,0,0,NA,0,0,NA,0,0,0,NA,0,0,0,0,0,0,0,0,NA,NA,NA,NA,NA,NA,NA,NA,NA,NA,NA,NA,NA,NA,NA,NA,NA,NA,NA,NA,NA,NA
"53",1,NA,1,NA,NA,0,0,0,0,0,0,0,NA,0,NA,0,NA,0,0,0,NA,0,0,0,0,0,NA,0,0,NA,0,0,0,0,NA,0,0,0,0,0,0,0,0,0,NA,NA,0,0,0,0,0,0,NA,NA,0,0,NA,0,0,0,0,0,0,0,0,NA,NA,NA,NA,NA,NA,NA,NA,NA,NA,NA,NA,NA,NA,NA,NA,NA,NA,NA,NA,NA,NA
"54",1,NA,1,NA,NA,0,1,1,0,0,0,0,NA,0,NA,0,NA,0,0,0,0,0,0,0,0,0,NA,0,0,NA,0,0,0,0,NA,0,NA,0,0,0,0,0,0,0,NA,NA,NA,0,0,NA,0,0,NA,0,0,0,NA,0,0,0,0,0,0,0,0,NA,NA,NA,NA,NA,NA,NA,NA,NA,NA,NA,NA,NA,NA,NA,NA,NA,NA,NA,NA,NA,NA
"55",1,NA,1,NA,NA,0,1,1,0,0,0,0,NA,0,NA,0,NA,0,0,0,0,0,0,0,0,0,NA,0,0,NA,0,0,0,0,NA,0,0,0,0,0,0,0,0,0,NA,0,NA,0,0,NA,0,0,NA,NA,0,0,NA,0,0,0,0,0,0,0,0,NA,NA,NA,NA,NA,NA,NA,NA,NA,NA,NA,NA,NA,NA,NA,NA,NA,NA,NA,NA,NA,NA
"56",1,NA,1,NA,NA,0,0,1,0,0,0,0,NA,0,NA,0,NA,0,0,0,0,0,0,0,0,0,NA,0,0,NA,0,0,0,0,NA,0,0,0,0,0,0,0,0,0,NA,NA,0,0,0,NA,0,0,NA,NA,0,0,NA,0,0,0,0,0,0,0,0,NA,NA,NA,NA,NA,NA,NA,NA,NA,NA,NA,NA,NA,NA,NA,NA,NA,NA,NA,NA,NA,NA
"57",1,NA,1,NA,NA,0,1,1,0,0,0,0,NA,0,NA,0,NA,0,0,0,0,0,0,0,0,0,NA,0,0,NA,0,0,0,0,NA,0,NA,0,0,0,0,0,0,0,NA,0,NA,0,0,0,0,0,NA,NA,0,0,NA,0,0,0,0,0,0,0,0,NA,NA,NA,NA,NA,NA,NA,NA,NA,NA,NA,NA,NA,NA,NA,NA,NA,NA,NA,NA,NA,NA
"58",1,NA,1,NA,NA,0,0,1,0,0,0,0,NA,0,NA,0,NA,0,0,0,0,0,0,0,0,0,NA,0,0,NA,0,0,0,0,NA,0,NA,0,0,0,0,0,0,0,NA,NA,0,0,0,NA,0,0,NA,NA,0,0,NA,0,0,0,0,0,0,0,0,NA,NA,NA,NA,NA,NA,NA,NA,NA,NA,NA,NA,NA,NA,NA,NA,NA,NA,NA,NA,NA,NA
"59",1,NA,1,NA,NA,0,1,1,0,0,0,0,NA,0,NA,0,NA,0,0,0,0,0,0,0,0,0,NA,0,0,NA,0,0,0,0,NA,0,NA,0,0,0,0,0,0,0,NA,0,NA,0,0,NA,0,0,NA,NA,0,0,NA,0,0,0,0,0,0,0,0,NA,NA,NA,NA,NA,NA,NA,NA,NA,NA,NA,NA,NA,NA,NA,NA,NA,NA,NA,NA,NA,NA
"60",1,NA,1,NA,NA,0,1,1,0,0,0,0,NA,0,NA,0,NA,0,0,0,0,0,0,0,0,0,NA,0,0,NA,0,0,0,0,NA,0,0,0,0,0,0,0,0,0,NA,NA,NA,0,0,0,0,0,NA,NA,0,0,NA,0,0,0,0,0,0,0,0,NA,NA,NA,NA,NA,NA,NA,NA,NA,NA,NA,NA,NA,NA,NA,NA,NA,NA,NA,NA,NA,NA
"61",1,NA,1,NA,NA,0,1,1,0,0,0,0,NA,0,NA,0,NA,0,0,0,0,0,0,0,0,0,NA,0,0,NA,0,0,0,0,NA,0,0,0,0,0,0,0,0,0,NA,NA,NA,0,0,NA,0,0,NA,NA,0,0,NA,0,0,0,0,0,0,0,0,NA,NA,NA,NA,NA,NA,NA,NA,NA,NA,NA,NA,NA,NA,NA,NA,NA,NA,NA,NA,NA,NA
"62",1,NA,1,NA,NA,0,1,1,0,0,0,0,NA,0,NA,0,NA,0,0,0,0,0,0,0,0,0,NA,0,0,NA,0,0,0,0,NA,0,NA,0,0,0,0,0,0,0,NA,NA,NA,0,0,0,0,0,NA,NA,0,0,NA,0,0,0,0,0,0,0,0,NA,NA,NA,NA,NA,NA,NA,NA,NA,NA,NA,NA,NA,NA,NA,NA,NA,NA,NA,NA,NA,NA
"63",1,NA,1,NA,NA,0,1,1,0,0,0,0,NA,0,NA,0,NA,0,0,0,0,0,0,0,0,0,NA,0,0,NA,0,0,0,0,NA,0,NA,0,0,0,0,0,0,0,NA,NA,NA,0,0,NA,0,0,NA,NA,0,0,NA,0,0,0,0,0,0,0,0,NA,NA,NA,NA,NA,NA,NA,NA,NA,NA,NA,NA,NA,NA,NA,NA,NA,NA,NA,NA,NA,NA
"64",1,NA,1,NA,NA,1,0,1,0,0,0,0,NA,0,NA,0,NA,0,0,0,0,0,0,0,0,0,NA,0,0,NA,0,0,0,0,NA,0,0,0,0,0,0,0,0,0,NA,0,0,0,0,0,0,0,NA,0,0,0,NA,NA,0,0,0,0,0,0,0,NA,NA,NA,NA,NA,NA,NA,NA,NA,NA,NA,NA,NA,NA,NA,NA,NA,NA,NA,NA,NA,NA
"65",NA,NA,0,0,NA,1,0,0,1,0,0,0,0,NA,0,0,0,0,0,0,0,0,0,0,0,0,0,0,0,0,NA,0,0,0,0,0,0,0,0,0,0,0,0,0,NA,0,0,0,0,0,NA,0,0,0,0,0,NA,0,0,0,0,0,0,0,0,NA,NA,NA,NA,NA,NA,NA,NA,NA,NA,NA,NA,NA,NA,NA,NA,NA,NA,NA,NA,NA,NA
"66",0,NA,0,1,1,1,0,0,NA,0,0,0,NA,NA,0,0,0,0,0,0,0,0,0,0,0,0,0,0,0,0,NA,0,0,0,0,0,0,0,0,0,0,0,0,0,NA,0,0,0,0,0,NA,0,0,0,0,0,0,NA,0,0,0,0,0,0,0,NA,NA,NA,NA,NA,NA,NA,NA,NA,NA,NA,NA,NA,NA,NA,NA,NA,NA,NA,NA,NA,NA
"67",1,NA,1,NA,NA,0,0,1,0,0,0,0,NA,0,NA,0,NA,0,0,0,0,0,0,0,0,0,NA,0,0,NA,0,0,0,0,NA,0,0,0,0,0,0,0,0,0,NA,0,0,0,0,0,NA,0,NA,0,0,0,NA,0,0,0,0,0,0,0,0,NA,NA,NA,NA,NA,NA,NA,NA,NA,NA,NA,NA,NA,NA,NA,NA,NA,NA,NA,NA,NA,NA
"68",0,NA,0,1,0,1,0,0,1,0,0,0,NA,NA,0,0,0,0,0,0,0,0,0,0,0,0,0,0,0,0,NA,0,0,0,0,0,0,0,0,0,0,0,0,0,NA,0,0,0,0,0,NA,0,0,0,0,0,0,NA,0,0,0,0,0,0,0,NA,NA,NA,NA,NA,NA,NA,NA,NA,NA,NA,NA,NA,NA,NA,NA,NA,NA,NA,NA,NA,NA
"69",1,NA,1,NA,NA,0,0,1,0,0,0,0,NA,0,NA,0,NA,0,0,0,0,0,0,0,0,0,NA,0,0,NA,0,0,0,0,NA,0,NA,0,0,0,0,0,0,0,NA,0,0,0,0,0,NA,0,NA,0,0,0,NA,0,0,0,0,0,0,0,0,NA,NA,NA,NA,NA,NA,NA,NA,NA,NA,NA,NA,NA,NA,NA,NA,NA,NA,NA,NA,NA,NA
"70",0,1,0,1,1,1,0,0,NA,0,0,0,NA,NA,0,0,0,0,0,0,0,0,0,0,0,0,0,0,0,0,NA,0,0,0,0,0,0,0,0,0,0,0,0,0,NA,0,0,0,0,0,NA,0,0,0,0,0,0,0,0,0,0,0,0,0,0,NA,NA,NA,NA,NA,NA,NA,NA,NA,NA,NA,NA,NA,NA,NA,NA,NA,NA,NA,NA,NA,NA
"71",1,NA,1,NA,NA,0,0,1,0,0,0,0,NA,0,NA,0,NA,0,0,0,0,0,0,0,0,0,NA,0,0,NA,0,0,0,0,NA,0,0,0,0,0,0,0,0,0,NA,NA,0,0,0,0,NA,0,NA,0,0,0,NA,0,0,0,0,0,0,0,0,NA,NA,NA,NA,NA,NA,NA,NA,NA,NA,NA,NA,NA,NA,NA,NA,NA,NA,NA,NA,NA,NA
"72",0,1,0,1,1,1,0,0,NA,0,0,0,NA,NA,0,0,0,0,0,0,0,0,0,0,0,0,0,0,0,0,NA,0,0,0,0,0,0,0,0,0,0,0,0,0,0,0,0,0,0,0,NA,0,0,0,0,0,0,NA,0,0,0,0,0,0,0,NA,NA,NA,NA,NA,NA,NA,NA,NA,NA,NA,NA,NA,NA,NA,NA,NA,NA,NA,NA,NA,NA
"73",1,NA,1,NA,NA,0,0,1,0,0,0,0,NA,0,NA,0,NA,0,0,0,0,0,0,0,0,0,NA,0,0,NA,0,0,0,0,NA,0,NA,0,0,0,0,0,0,0,NA,NA,0,0,0,0,NA,0,NA,0,0,0,NA,0,0,0,0,0,0,0,0,NA,NA,NA,NA,NA,NA,NA,NA,NA,NA,NA,NA,NA,NA,NA,NA,NA,NA,NA,NA,NA,NA
"74",NA,1,0,1,1,0,0,0,NA,0,0,0,0,NA,0,0,0,0,0,0,0,0,0,0,0,0,0,0,0,0,NA,0,0,0,0,0,0,0,0,0,0,0,0,0,0,0,0,0,0,0,NA,0,0,0,0,0,NA,0,0,0,0,0,0,0,0,NA,NA,NA,NA,NA,NA,NA,NA,NA,NA,NA,NA,NA,NA,NA,NA,NA,NA,NA,NA,NA,NA
"75",NA,1,0,1,1,0,0,0,NA,0,0,0,0,NA,0,0,0,0,0,0,0,0,0,0,0,0,0,0,0,0,NA,0,0,0,0,0,0,0,0,0,NA,0,0,0,0,0,0,0,0,0,NA,0,0,0,0,0,NA,0,0,0,0,0,0,0,0,NA,NA,NA,NA,NA,NA,NA,NA,NA,NA,NA,NA,NA,NA,NA,NA,NA,NA,NA,NA,NA,NA
"76",NA,1,0,1,1,1,0,0,NA,0,0,0,0,NA,0,0,0,0,0,0,0,0,0,0,0,0,0,0,0,0,NA,0,0,0,0,0,0,0,0,0,0,0,0,0,0,0,0,0,0,0,NA,0,0,0,0,0,NA,NA,0,0,0,0,0,0,0,NA,NA,NA,NA,NA,NA,NA,NA,NA,NA,NA,NA,NA,NA,NA,NA,NA,NA,NA,NA,NA,NA
"77",NA,1,0,1,1,1,0,0,NA,0,0,0,0,NA,0,0,0,0,0,0,0,0,0,0,0,0,0,0,0,0,NA,0,0,0,0,0,0,0,0,0,NA,0,0,0,0,0,0,0,0,0,NA,0,0,0,0,0,NA,NA,0,0,0,0,0,0,0,NA,NA,NA,NA,NA,NA,NA,NA,NA,NA,NA,NA,NA,NA,NA,NA,NA,NA,NA,NA,NA,NA
"78",0,NA,0,0,NA,1,0,0,1,0,0,0,NA,NA,0,0,0,0,0,0,0,0,0,0,0,0,0,0,0,0,NA,0,0,0,0,0,0,0,0,0,0,0,0,0,NA,0,0,0,0,0,NA,0,0,0,0,0,0,NA,0,0,0,0,0,0,0,NA,NA,NA,NA,NA,NA,NA,NA,NA,NA,NA,NA,NA,NA,NA,NA,NA,NA,NA,NA,NA,NA
"79",NA,1,0,1,1,0,0,0,NA,0,0,0,0,NA,0,0,0,0,0,0,0,0,0,0,0,0,0,0,0,0,NA,0,0,0,0,0,0,0,0,0,0,0,0,0,NA,0,0,0,0,0,NA,0,0,0,0,0,NA,0,0,0,0,0,0,0,0,NA,NA,NA,NA,NA,NA,NA,NA,NA,NA,NA,NA,NA,NA,NA,NA,NA,NA,NA,NA,NA,NA
"80",0,1,0,1,1,1,0,0,NA,0,0,0,NA,NA,0,0,0,0,0,0,0,0,0,0,0,0,0,0,0,0,NA,0,0,0,0,0,0,0,0,0,0,0,0,0,NA,0,0,0,0,0,NA,0,0,0,0,0,0,NA,0,0,0,0,0,0,0,NA,NA,NA,NA,NA,NA,NA,NA,NA,NA,NA,NA,NA,NA,NA,NA,NA,NA,NA,NA,NA,NA
"81",NA,1,0,1,1,0,0,0,NA,0,0,0,0,NA,0,0,0,0,0,0,0,0,0,0,0,0,0,0,0,0,NA,0,0,0,0,0,0,0,0,0,NA,0,0,0,NA,0,0,0,0,0,NA,0,0,0,0,0,NA,0,0,0,0,0,0,0,0,NA,NA,NA,NA,NA,NA,NA,NA,NA,NA,NA,NA,NA,NA,NA,NA,NA,NA,NA,NA,NA,NA
"82",NA,NA,0,1,1,1,0,0,NA,0,0,0,0,NA,0,0,0,0,0,0,0,0,0,0,0,0,0,0,0,0,NA,0,0,0,0,0,0,0,0,0,0,0,0,0,NA,0,0,0,0,0,NA,0,0,0,0,0,NA,NA,0,0,0,0,0,0,0,NA,NA,NA,NA,NA,NA,NA,NA,NA,NA,NA,NA,NA,NA,NA,NA,NA,NA,NA,NA,NA,NA
"83",1,NA,1,NA,NA,0,0,1,0,0,0,0,NA,0,NA,0,NA,0,0,0,0,0,0,0,0,0,NA,0,0,NA,0,0,0,0,NA,0,0,0,0,0,0,0,0,0,NA,0,0,0,0,0,NA,0,NA,NA,0,0,NA,0,0,0,0,0,0,0,0,NA,NA,NA,NA,NA,NA,NA,NA,NA,NA,NA,NA,NA,NA,NA,NA,NA,NA,NA,NA,NA,NA
"84",NA,NA,0,0,NA,1,0,0,1,0,0,0,0,NA,0,0,0,0,0,0,0,0,0,0,0,0,0,0,0,0,NA,0,0,0,0,0,0,0,0,0,NA,0,0,0,NA,0,0,0,0,0,NA,0,0,0,0,0,NA,0,0,0,0,0,0,0,0,NA,NA,NA,NA,NA,NA,NA,NA,NA,NA,NA,NA,NA,NA,NA,NA,NA,NA,NA,NA,NA,NA
"85",NA,NA,0,1,1,1,0,0,NA,0,0,0,0,NA,0,0,0,0,0,0,0,0,0,0,0,0,0,0,0,0,NA,0,0,0,0,0,0,0,0,0,NA,0,0,0,NA,0,0,0,0,0,NA,0,0,0,0,0,NA,NA,0,0,0,0,0,0,0,NA,NA,NA,NA,NA,NA,NA,NA,NA,NA,NA,NA,NA,NA,NA,NA,NA,NA,NA,NA,NA,NA
"86",1,NA,1,NA,NA,0,0,1,0,0,0,0,NA,0,NA,0,NA,0,0,0,0,0,0,0,0,0,NA,0,0,NA,0,0,0,0,NA,0,0,0,0,0,0,0,0,0,NA,0,0,0,0,NA,NA,0,NA,0,0,0,NA,0,0,0,0,0,0,0,0,NA,NA,NA,NA,NA,NA,NA,NA,NA,NA,NA,NA,NA,NA,NA,NA,NA,NA,NA,NA,NA,NA
"87",NA,NA,0,1,0,1,0,0,1,0,0,0,0,NA,0,0,0,0,0,0,0,0,0,0,0,0,0,0,0,0,NA,0,0,0,0,0,0,0,0,0,0,0,0,0,NA,0,0,0,0,0,NA,0,0,0,0,0,NA,NA,0,0,0,0,0,0,0,NA,NA,NA,NA,NA,NA,NA,NA,NA,NA,NA,NA,NA,NA,NA,NA,NA,NA,NA,NA,NA,NA
"88",1,NA,1,NA,NA,0,0,1,0,0,0,0,NA,0,NA,0,NA,0,0,0,0,0,0,0,0,0,NA,0,0,NA,0,0,0,0,NA,0,NA,0,0,0,0,0,0,0,NA,0,0,0,0,NA,NA,0,NA,0,0,0,NA,0,0,0,0,0,0,0,0,NA,NA,NA,NA,NA,NA,NA,NA,NA,NA,NA,NA,NA,NA,NA,NA,NA,NA,NA,NA,NA,NA
"89",NA,NA,0,1,0,1,0,0,1,0,0,0,0,NA,0,0,0,0,0,0,0,0,0,0,0,0,0,0,0,0,NA,0,0,0,0,0,0,0,0,0,NA,0,0,0,NA,0,0,0,0,0,NA,0,0,0,0,0,NA,NA,0,0,0,0,0,0,0,NA,NA,NA,NA,NA,NA,NA,NA,NA,NA,NA,NA,NA,NA,NA,NA,NA,NA,NA,NA,NA,NA
"90",1,NA,1,NA,NA,0,0,1,0,0,0,0,NA,0,NA,0,NA,0,0,0,0,0,0,0,0,0,NA,0,0,NA,0,0,0,0,NA,0,0,0,0,0,0,0,0,0,NA,NA,0,0,0,NA,NA,0,NA,0,0,0,NA,0,0,0,0,0,0,0,0,NA,NA,NA,NA,NA,NA,NA,NA,NA,NA,NA,NA,NA,NA,NA,NA,NA,NA,NA,NA,NA,NA
"91",1,NA,1,NA,NA,0,0,1,0,0,0,0,NA,0,NA,0,NA,0,0,0,0,0,0,0,0,0,NA,0,0,NA,0,0,0,0,NA,0,0,0,0,0,0,0,0,0,NA,NA,0,0,0,0,NA,0,NA,NA,0,0,NA,0,0,0,0,0,0,0,0,NA,NA,NA,NA,NA,NA,NA,NA,NA,NA,NA,NA,NA,NA,NA,NA,NA,NA,NA,NA,NA,NA
"92",1,NA,1,NA,NA,1,0,1,0,0,0,0,NA,0,NA,0,NA,0,0,0,0,0,0,0,0,0,NA,0,0,NA,0,0,0,0,NA,0,0,0,0,0,0,0,0,0,NA,0,0,0,0,NA,0,0,NA,0,0,0,NA,NA,0,0,0,0,0,0,0,NA,NA,NA,NA,NA,NA,NA,NA,NA,NA,NA,NA,NA,NA,NA,NA,NA,NA,NA,NA,NA,NA
"93",1,NA,1,NA,NA,0,0,1,0,0,0,0,NA,0,NA,0,NA,0,0,0,0,0,0,0,0,0,NA,0,0,NA,0,0,0,0,NA,0,NA,0,0,0,0,0,0,0,NA,0,0,0,0,0,NA,0,NA,NA,0,0,NA,0,0,0,0,0,0,0,0,NA,NA,NA,NA,NA,NA,NA,NA,NA,NA,NA,NA,NA,NA,NA,NA,NA,NA,NA,NA,NA,NA
"94",1,NA,1,NA,NA,1,0,1,0,0,0,0,NA,0,NA,0,NA,0,0,0,0,0,0,0,0,0,NA,0,0,NA,0,0,0,0,NA,0,0,0,0,0,0,0,0,0,NA,NA,0,0,0,0,0,0,NA,0,0,0,NA,NA,0,0,0,0,0,0,0,NA,NA,NA,NA,NA,NA,NA,NA,NA,NA,NA,NA,NA,NA,NA,NA,NA,NA,NA,NA,NA,NA
"95",1,NA,1,NA,NA,0,1,1,0,0,0,0,NA,0,NA,0,NA,0,0,0,0,0,0,0,0,0,NA,0,0,NA,0,0,0,0,NA,0,0,0,0,0,0,0,0,0,NA,0,NA,0,0,0,NA,0,NA,0,0,0,NA,0,0,0,0,0,0,0,0,NA,NA,NA,NA,NA,NA,NA,NA,NA,NA,NA,NA,NA,NA,NA,NA,NA,NA,NA,NA,NA,NA
"96",1,NA,1,NA,NA,1,0,1,0,0,0,0,NA,0,NA,0,NA,0,0,0,0,0,0,0,0,0,NA,0,0,NA,0,0,0,0,NA,0,NA,0,0,0,0,0,0,0,NA,0,0,0,0,0,0,0,NA,0,0,0,NA,NA,0,0,0,0,0,0,0,NA,NA,NA,NA,NA,NA,NA,NA,NA,NA,NA,NA,NA,NA,NA,NA,NA,NA,NA,NA,NA,NA
"97",1,NA,1,NA,NA,0,0,1,0,0,0,0,NA,0,NA,0,NA,0,0,0,0,0,0,0,0,0,NA,0,0,NA,0,0,0,0,NA,0,0,0,0,0,0,0,0,0,NA,0,0,0,0,NA,NA,0,NA,NA,0,0,NA,0,0,0,0,0,0,0,0,NA,NA,NA,NA,NA,NA,NA,NA,NA,NA,NA,NA,NA,NA,NA,NA,NA,NA,NA,NA,NA,NA
"98",1,NA,1,NA,NA,1,0,1,0,0,0,0,NA,0,NA,0,NA,0,0,0,0,0,0,0,0,0,NA,0,0,NA,0,0,0,0,NA,0,NA,0,0,0,0,0,0,0,NA,0,0,0,0,NA,0,0,NA,0,0,0,NA,NA,0,0,0,0,0,0,0,NA,NA,NA,NA,NA,NA,NA,NA,NA,NA,NA,NA,NA,NA,NA,NA,NA,NA,NA,NA,NA,NA
"99",1,NA,1,NA,NA,0,1,1,0,0,0,0,NA,0,NA,0,NA,0,0,0,0,0,0,0,0,0,NA,0,0,NA,0,0,0,0,NA,0,NA,0,0,0,0,0,0,0,NA,0,NA,0,0,0,NA,0,NA,0,0,0,NA,0,0,0,0,0,0,0,0,NA,NA,NA,NA,NA,NA,NA,NA,NA,NA,NA,NA,NA,NA,NA,NA,NA,NA,NA,NA,NA,NA
"100",1,NA,1,NA,NA,1,0,1,0,0,0,0,NA,0,NA,0,NA,0,0,0,0,0,0,0,0,0,NA,0,0,NA,0,0,0,0,NA,0,0,0,0,0,0,0,0,0,NA,NA,0,0,0,NA,0,0,NA,0,0,0,NA,NA,0,0,0,0,0,0,0,NA,NA,NA,NA,NA,NA,NA,NA,NA,NA,NA,NA,NA,NA,NA,NA,NA,NA,NA,NA,NA,NA
"101",1,NA,1,NA,NA,0,1,1,0,0,0,0,NA,0,NA,0,NA,0,0,0,0,0,0,0,0,0,NA,0,0,NA,0,0,0,0,NA,0,0,0,0,0,0,0,0,0,NA,NA,NA,0,0,0,NA,0,NA,0,0,0,NA,0,0,0,0,0,0,0,0,NA,NA,NA,NA,NA,NA,NA,NA,NA,NA,NA,NA,NA,NA,NA,NA,NA,NA,NA,NA,NA,NA
"102",1,NA,1,NA,NA,1,0,1,0,0,0,0,NA,0,NA,0,NA,0,0,0,0,0,0,0,0,0,NA,0,0,NA,0,0,0,0,NA,0,0,0,0,0,0,0,0,0,NA,0,0,0,0,0,0,0,NA,NA,0,0,NA,NA,0,0,0,0,0,0,0,NA,NA,NA,NA,NA,NA,NA,NA,NA,NA,NA,NA,NA,NA,NA,NA,NA,NA,NA,NA,NA,NA
"103",1,NA,1,NA,NA,0,0,1,0,0,0,0,NA,0,NA,0,NA,0,0,0,0,0,0,0,0,0,NA,0,0,NA,0,0,0,0,NA,0,NA,0,0,0,0,0,0,0,NA,0,0,0,0,NA,NA,0,NA,NA,0,0,NA,0,0,0,0,0,0,0,0,NA,NA,NA,NA,NA,NA,NA,NA,NA,NA,NA,NA,NA,NA,NA,NA,NA,NA,NA,NA,NA,NA
"104",1,NA,1,NA,NA,1,0,1,0,0,0,0,NA,0,NA,0,NA,0,0,0,0,0,0,0,0,0,NA,0,0,NA,0,0,0,0,NA,0,NA,0,0,0,0,0,0,0,NA,NA,0,0,0,0,0,0,NA,0,0,0,NA,NA,0,0,0,0,0,0,0,NA,NA,NA,NA,NA,NA,NA,NA,NA,NA,NA,NA,NA,NA,NA,NA,NA,NA,NA,NA,NA,NA
"105",1,NA,1,NA,NA,0,1,1,0,0,0,0,NA,0,NA,0,NA,0,0,0,0,0,0,0,0,0,NA,0,0,NA,0,0,0,0,NA,0,0,0,0,0,0,0,0,0,NA,0,NA,0,0,0,NA,0,NA,NA,0,0,NA,0,0,0,0,0,0,0,0,NA,NA,NA,NA,NA,NA,NA,NA,NA,NA,NA,NA,NA,NA,NA,NA,NA,NA,NA,NA,NA,NA
"106",1,NA,1,NA,NA,1,1,1,0,0,0,0,NA,0,NA,0,NA,0,0,0,0,0,0,0,0,0,NA,0,0,NA,0,0,0,0,NA,0,0,0,0,0,0,0,0,0,NA,0,NA,0,0,0,0,0,NA,0,0,0,NA,NA,0,0,0,0,0,0,0,NA,NA,NA,NA,NA,NA,NA,NA,NA,NA,NA,NA,NA,NA,NA,NA,NA,NA,NA,NA,NA,NA
"107",1,NA,1,NA,NA,0,1,1,0,0,0,0,NA,0,NA,0,NA,0,0,0,0,0,0,0,0,0,NA,0,0,NA,0,0,0,0,NA,0,0,0,0,0,0,0,0,0,NA,0,NA,0,0,NA,NA,0,NA,0,0,0,NA,0,0,0,0,0,0,0,0,NA,NA,NA,NA,NA,NA,NA,NA,NA,NA,NA,NA,NA,NA,NA,NA,NA,NA,NA,NA,NA,NA
"108",1,NA,1,NA,NA,1,1,1,0,0,0,0,NA,0,NA,0,NA,0,0,0,0,0,0,0,0,0,NA,0,0,NA,0,0,0,0,NA,0,0,0,0,0,0,0,0,0,NA,NA,NA,0,0,0,0,0,NA,0,0,0,NA,NA,0,0,0,0,0,0,0,NA,NA,NA,NA,NA,NA,NA,NA,NA,NA,NA,NA,NA,NA,NA,NA,NA,NA,NA,NA,NA,NA
"109",1,NA,1,NA,NA,0,1,1,0,0,0,0,NA,0,NA,0,NA,0,0,0,0,0,0,0,0,0,NA,0,0,NA,0,0,0,0,NA,0,NA,0,0,0,0,0,0,0,NA,0,NA,0,0,NA,NA,0,NA,0,0,0,NA,0,0,0,0,0,0,0,0,NA,NA,NA,NA,NA,NA,NA,NA,NA,NA,NA,NA,NA,NA,NA,NA,NA,NA,NA,NA,NA,NA
"110",1,NA,1,NA,NA,1,1,1,0,0,0,0,NA,0,NA,0,NA,0,0,0,0,0,0,0,0,0,NA,0,0,NA,0,0,0,0,NA,0,0,0,0,0,0,0,0,0,NA,0,NA,0,0,NA,0,0,NA,0,0,0,NA,NA,0,0,0,0,0,0,0,NA,NA,NA,NA,NA,NA,NA,NA,NA,NA,NA,NA,NA,NA,NA,NA,NA,NA,NA,NA,NA,NA
"111",1,NA,1,NA,NA,0,1,1,0,0,0,0,NA,0,NA,0,NA,0,0,0,0,0,0,0,0,0,NA,0,0,NA,0,0,0,0,NA,0,0,0,0,0,0,0,0,0,NA,0,NA,0,0,NA,NA,0,NA,NA,0,0,NA,0,0,0,0,0,0,0,0,NA,NA,NA,NA,NA,NA,NA,NA,NA,NA,NA,NA,NA,NA,NA,NA,NA,NA,NA,NA,NA,NA
"112",1,NA,1,NA,NA,1,1,1,0,0,0,0,NA,0,NA,0,NA,0,0,0,0,0,0,0,0,0,NA,0,0,NA,0,0,0,0,NA,0,NA,0,0,0,0,0,0,0,NA,0,NA,0,0,0,0,0,NA,0,0,0,NA,NA,0,0,0,0,0,0,0,NA,NA,NA,NA,NA,NA,NA,NA,NA,NA,NA,NA,NA,NA,NA,NA,NA,NA,NA,NA,NA,NA
"113",1,NA,1,NA,NA,0,1,1,0,0,0,0,NA,0,NA,0,NA,0,0,0,0,0,0,0,0,0,NA,0,0,NA,0,0,0,0,NA,0,NA,0,0,0,0,0,0,0,NA,0,NA,0,0,0,NA,0,NA,NA,0,0,NA,0,0,0,0,0,0,0,0,NA,NA,NA,NA,NA,NA,NA,NA,NA,NA,NA,NA,NA,NA,NA,NA,NA,NA,NA,NA,NA,NA
"114",1,NA,1,NA,NA,1,1,1,0,0,0,0,NA,0,NA,0,NA,0,0,0,0,0,0,0,0,0,NA,0,0,NA,0,0,0,0,NA,0,NA,0,0,0,0,0,0,0,NA,NA,NA,0,0,0,0,0,NA,0,0,0,NA,NA,0,0,0,0,0,0,0,NA,NA,NA,NA,NA,NA,NA,NA,NA,NA,NA,NA,NA,NA,NA,NA,NA,NA,NA,NA,NA,NA
"115",1,NA,1,NA,NA,0,1,1,0,0,0,0,NA,0,NA,0,NA,0,0,0,0,0,0,0,0,0,NA,0,0,NA,0,0,0,0,NA,0,NA,0,0,0,0,0,0,0,NA,0,NA,0,0,NA,NA,0,NA,NA,0,0,NA,0,0,0,0,0,0,0,0,NA,NA,NA,NA,NA,NA,NA,NA,NA,NA,NA,NA,NA,NA,NA,NA,NA,NA,NA,NA,NA,NA
"116",1,NA,1,NA,NA,1,0,1,0,0,0,0,NA,0,NA,0,NA,0,0,0,0,0,0,0,0,0,NA,0,0,NA,0,0,0,0,NA,0,0,0,0,0,0,0,0,0,NA,NA,0,0,0,0,0,0,NA,NA,0,0,NA,NA,0,0,0,0,0,0,0,NA,NA,NA,NA,NA,NA,NA,NA,NA,NA,NA,NA,NA,NA,NA,NA,NA,NA,NA,NA,NA,NA
"117",1,NA,1,NA,NA,0,1,1,0,0,0,0,NA,0,NA,0,NA,0,0,0,0,0,0,0,0,0,NA,0,0,NA,0,0,0,0,NA,0,NA,0,0,0,0,0,0,0,NA,NA,NA,0,0,0,NA,0,NA,0,0,0,NA,0,0,0,0,0,0,0,0,NA,NA,NA,NA,NA,NA,NA,NA,NA,NA,NA,NA,NA,NA,NA,NA,NA,NA,NA,NA,NA,NA
"118",1,NA,1,NA,NA,1,1,1,0,0,0,0,NA,0,NA,0,NA,0,0,0,0,0,0,0,0,0,NA,0,0,NA,0,0,0,0,NA,0,0,0,0,0,0,0,0,0,NA,NA,NA,0,0,NA,0,0,NA,0,0,0,NA,NA,0,0,0,0,0,0,0,NA,NA,NA,NA,NA,NA,NA,NA,NA,NA,NA,NA,NA,NA,NA,NA,NA,NA,NA,NA,NA,NA
"119",1,NA,1,NA,NA,0,0,1,0,0,0,0,NA,0,NA,0,NA,0,0,0,0,0,0,0,0,0,NA,0,0,NA,0,0,0,0,NA,0,NA,0,0,0,0,0,0,0,NA,NA,0,0,0,NA,NA,0,NA,0,0,0,NA,0,0,0,0,0,0,0,0,NA,NA,NA,NA,NA,NA,NA,NA,NA,NA,NA,NA,NA,NA,NA,NA,NA,NA,NA,NA,NA,NA
"120",1,NA,1,NA,NA,1,1,1,0,0,0,0,NA,0,NA,0,NA,0,0,0,0,0,0,0,0,0,NA,0,0,NA,0,0,0,0,NA,0,0,0,0,0,0,0,0,0,NA,0,NA,0,0,0,0,0,NA,NA,0,0,NA,NA,0,0,0,0,0,0,0,NA,NA,NA,NA,NA,NA,NA,NA,NA,NA,NA,NA,NA,NA,NA,NA,NA,NA,NA,NA,NA,NA
"121",1,NA,1,NA,NA,0,0,1,0,0,0,0,NA,0,NA,0,NA,0,0,0,0,0,0,0,0,0,NA,0,0,NA,0,0,0,0,NA,0,NA,0,0,0,0,0,0,0,NA,NA,0,0,0,0,NA,0,NA,NA,0,0,NA,0,0,0,0,0,0,0,0,NA,NA,NA,NA,NA,NA,NA,NA,NA,NA,NA,NA,NA,NA,NA,NA,NA,NA,NA,NA,NA,NA
"122",1,NA,1,NA,NA,1,0,1,0,0,0,0,NA,0,NA,0,NA,0,0,0,0,0,0,0,0,0,NA,0,0,NA,0,0,0,0,NA,0,0,0,0,0,0,0,0,0,NA,0,0,0,0,NA,0,0,NA,NA,0,0,NA,NA,0,0,0,0,0,0,0,NA,NA,NA,NA,NA,NA,NA,NA,NA,NA,NA,NA,NA,NA,NA,NA,NA,NA,NA,NA,NA,NA
"123",1,NA,1,NA,NA,0,1,1,0,0,0,0,NA,0,NA,0,NA,0,0,0,0,0,0,0,0,0,NA,0,0,NA,0,0,0,0,NA,0,0,0,0,0,0,0,0,0,NA,NA,NA,0,0,0,NA,0,NA,NA,0,0,NA,0,0,0,0,0,0,0,0,NA,NA,NA,NA,NA,NA,NA,NA,NA,NA,NA,NA,NA,NA,NA,NA,NA,NA,NA,NA,NA,NA
"124",1,NA,1,NA,NA,1,0,1,0,0,0,0,NA,0,NA,0,NA,0,0,0,0,0,0,0,0,0,NA,0,0,NA,0,0,0,0,NA,0,NA,0,0,0,0,0,0,0,NA,0,0,0,0,0,0,0,NA,NA,0,0,NA,NA,0,0,0,0,0,0,0,NA,NA,NA,NA,NA,NA,NA,NA,NA,NA,NA,NA,NA,NA,NA,NA,NA,NA,NA,NA,NA,NA
"125",1,NA,1,NA,NA,0,1,1,0,0,0,0,NA,0,NA,0,NA,0,0,0,0,0,0,0,0,0,NA,0,0,NA,0,0,0,0,NA,0,0,0,0,0,0,0,0,0,NA,NA,NA,0,0,NA,NA,0,NA,0,0,0,NA,0,0,0,0,0,0,0,0,NA,NA,NA,NA,NA,NA,NA,NA,NA,NA,NA,NA,NA,NA,NA,NA,NA,NA,NA,NA,NA,NA
"126",1,NA,1,NA,NA,1,1,1,0,0,0,0,NA,0,NA,0,NA,0,0,0,0,0,0,0,0,0,NA,0,0,NA,0,0,0,0,NA,0,NA,0,0,0,0,0,0,0,NA,0,NA,0,0,0,0,0,NA,NA,0,0,NA,NA,0,0,0,0,0,0,0,NA,NA,NA,NA,NA,NA,NA,NA,NA,NA,NA,NA,NA,NA,NA,NA,NA,NA,NA,NA,NA,NA
"127",1,NA,1,NA,NA,0,0,1,0,0,0,0,NA,0,NA,0,NA,0,0,0,0,0,0,0,0,0,NA,0,0,NA,0,0,0,0,NA,0,0,0,0,0,0,0,0,0,NA,NA,0,0,0,NA,NA,0,NA,NA,0,0,NA,0,0,0,0,0,0,0,0,NA,NA,NA,NA,NA,NA,NA,NA,NA,NA,NA,NA,NA,NA,NA,NA,NA,NA,NA,NA,NA,NA
"128",1,NA,1,NA,NA,1,1,1,0,0,0,0,NA,0,NA,0,NA,0,0,0,0,0,0,0,0,0,NA,0,0,NA,0,0,0,0,NA,0,0,0,0,0,0,0,0,0,NA,NA,NA,0,0,0,0,0,NA,NA,0,0,NA,NA,0,0,0,0,0,0,0,NA,NA,NA,NA,NA,NA,NA,NA,NA,NA,NA,NA,NA,NA,NA,NA,NA,NA,NA,NA,NA,NA
"129",1,NA,1,NA,NA,0,0,1,0,0,0,0,NA,0,NA,0,NA,0,0,0,0,0,0,0,0,0,NA,0,0,NA,0,0,0,0,NA,0,NA,0,0,0,0,0,0,0,NA,NA,0,0,0,NA,NA,0,NA,NA,0,0,NA,0,0,0,0,0,0,0,0,NA,NA,NA,NA,NA,NA,NA,NA,NA,NA,NA,NA,NA,NA,NA,NA,NA,NA,NA,NA,NA,NA
"130",1,NA,1,NA,NA,1,1,1,0,0,0,0,NA,0,NA,0,NA,0,0,0,0,0,0,0,0,0,NA,0,0,NA,0,0,0,0,NA,0,0,0,0,0,0,0,0,0,NA,0,NA,0,0,NA,0,0,NA,NA,0,0,NA,NA,0,0,0,0,0,0,0,NA,NA,NA,NA,NA,NA,NA,NA,NA,NA,NA,NA,NA,NA,NA,NA,NA,NA,NA,NA,NA,NA
"131",1,NA,1,NA,NA,0,1,1,0,0,0,0,NA,0,NA,0,NA,0,0,0,0,0,0,0,0,0,NA,0,0,NA,0,0,0,0,NA,0,0,0,0,0,0,0,0,0,NA,NA,NA,0,0,NA,NA,0,NA,NA,0,0,NA,0,0,0,0,0,0,0,0,NA,NA,NA,NA,NA,NA,NA,NA,NA,NA,NA,NA,NA,NA,NA,NA,NA,NA,NA,NA,NA,NA
"132",1,NA,1,NA,NA,1,0,1,0,0,0,0,NA,0,NA,0,NA,0,0,0,0,0,0,0,0,0,NA,0,0,NA,0,0,0,0,NA,0,NA,0,0,0,0,0,0,0,NA,NA,0,0,0,0,0,0,NA,NA,0,0,NA,NA,0,0,0,0,0,0,0,NA,NA,NA,NA,NA,NA,NA,NA,NA,NA,NA,NA,NA,NA,NA,NA,NA,NA,NA,NA,NA,NA
"133",1,NA,1,NA,NA,0,1,1,0,0,0,0,NA,0,NA,0,NA,0,0,0,0,0,0,0,0,0,NA,0,0,NA,0,0,0,0,NA,0,NA,0,0,0,0,0,0,0,NA,NA,NA,0,0,NA,NA,0,NA,0,0,0,NA,0,0,0,0,0,0,0,0,NA,NA,NA,NA,NA,NA,NA,NA,NA,NA,NA,NA,NA,NA,NA,NA,NA,NA,NA,NA,NA,NA
"134",1,NA,1,NA,NA,1,0,1,0,0,0,0,NA,0,NA,0,NA,0,0,0,0,0,0,0,0,0,NA,0,0,NA,0,0,0,0,NA,0,0,0,0,0,0,0,0,0,NA,NA,0,0,0,NA,0,0,NA,NA,0,0,NA,NA,0,0,0,0,0,0,0,NA,NA,NA,NA,NA,NA,NA,NA,NA,NA,NA,NA,NA,NA,NA,NA,NA,NA,NA,NA,NA,NA
"135",1,NA,1,NA,NA,0,1,1,0,0,0,0,NA,0,NA,0,NA,0,0,0,0,0,0,0,0,0,NA,0,0,NA,0,0,0,0,NA,0,NA,0,0,0,0,0,0,0,NA,NA,NA,0,0,0,NA,0,NA,NA,0,0,NA,0,0,0,0,0,0,0,0,NA,NA,NA,NA,NA,NA,NA,NA,NA,NA,NA,NA,NA,NA,NA,NA,NA,NA,NA,NA,NA,NA
"136",1,NA,1,NA,NA,1,1,1,0,0,0,0,NA,0,NA,0,NA,0,0,0,0,0,0,0,0,0,NA,0,0,NA,0,0,0,0,NA,0,0,0,0,0,0,0,0,0,NA,NA,NA,0,0,NA,0,0,NA,NA,0,0,NA,NA,0,0,0,0,0,0,0,NA,NA,NA,NA,NA,NA,NA,NA,NA,NA,NA,NA,NA,NA,NA,NA,NA,NA,NA,NA,NA,NA
"137",1,NA,1,NA,NA,0,1,1,0,0,0,0,NA,0,NA,0,NA,0,0,0,0,0,0,0,0,0,NA,0,0,NA,0,0,0,0,NA,0,NA,0,0,0,0,0,0,0,NA,NA,NA,0,0,NA,NA,0,NA,NA,0,0,NA,0,0,0,0,0,0,0,0,NA,NA,NA,NA,NA,NA,NA,NA,NA,NA,NA,NA,NA,NA,NA,NA,NA,NA,NA,NA,NA,NA
"138",1,NA,1,NA,NA,1,0,1,0,0,0,0,NA,0,NA,0,NA,0,0,0,0,0,0,0,0,0,NA,0,0,NA,0,0,0,0,NA,0,NA,0,0,0,0,0,0,0,NA,NA,0,0,0,NA,0,0,NA,0,0,0,NA,NA,0,0,0,0,0,0,0,NA,NA,NA,NA,NA,NA,NA,NA,NA,NA,NA,NA,NA,NA,NA,NA,NA,NA,NA,NA,NA,NA
"139",1,NA,1,NA,NA,1,1,1,0,0,0,0,NA,0,NA,0,NA,0,0,0,0,0,0,0,0,0,NA,0,0,NA,0,0,0,0,NA,0,NA,0,0,0,0,0,0,0,NA,0,NA,0,0,NA,0,0,NA,0,0,0,NA,NA,0,0,0,0,0,0,0,NA,NA,NA,NA,NA,NA,NA,NA,NA,NA,NA,NA,NA,NA,NA,NA,NA,NA,NA,NA,NA,NA
"140",1,NA,1,NA,NA,1,0,1,0,0,0,0,NA,0,NA,0,NA,0,0,0,0,0,0,0,0,0,NA,0,0,NA,0,0,0,0,NA,0,NA,0,0,0,0,0,0,0,NA,0,0,0,0,NA,0,0,NA,NA,0,0,NA,NA,0,0,0,0,0,0,0,NA,NA,NA,NA,NA,NA,NA,NA,NA,NA,NA,NA,NA,NA,NA,NA,NA,NA,NA,NA,NA,NA
"141",1,NA,1,NA,NA,1,1,1,0,0,0,0,NA,0,NA,0,NA,0,0,0,0,0,0,0,0,0,NA,0,0,NA,0,0,0,0,NA,0,NA,0,0,0,0,0,0,0,NA,0,NA,0,0,NA,0,0,NA,NA,0,0,NA,NA,0,0,0,0,0,0,0,NA,NA,NA,NA,NA,NA,NA,NA,NA,NA,NA,NA,NA,NA,NA,NA,NA,NA,NA,NA,NA,NA
"142",1,NA,1,NA,NA,1,0,1,0,0,0,0,NA,0,NA,0,NA,0,0,0,0,0,0,0,0,0,NA,0,0,NA,0,0,0,0,NA,0,NA,0,0,0,0,0,0,0,NA,NA,0,0,0,NA,0,0,NA,NA,0,0,NA,NA,0,0,0,0,0,0,0,NA,NA,NA,NA,NA,NA,NA,NA,NA,NA,NA,NA,NA,NA,NA,NA,NA,NA,NA,NA,NA,NA
"143",1,NA,1,NA,NA,1,1,1,0,0,0,0,NA,0,NA,0,NA,0,0,0,0,0,0,0,0,0,NA,0,0,NA,0,0,0,0,NA,0,NA,0,0,0,0,0,0,0,NA,NA,NA,0,0,NA,0,0,NA,0,0,0,NA,NA,0,0,0,0,0,0,0,NA,NA,NA,NA,NA,NA,NA,NA,NA,NA,NA,NA,NA,NA,NA,NA,NA,NA,NA,NA,NA,NA
"144",1,NA,1,NA,NA,1,1,1,0,0,0,0,NA,0,NA,0,NA,0,0,0,0,0,0,0,0,0,NA,0,0,NA,0,0,0,0,NA,0,NA,0,0,0,0,0,0,0,NA,NA,NA,0,0,0,0,0,NA,NA,0,0,NA,NA,0,0,0,0,0,0,0,NA,NA,NA,NA,NA,NA,NA,NA,NA,NA,NA,NA,NA,NA,NA,NA,NA,NA,NA,NA,NA,NA
"145",1,NA,1,NA,NA,1,1,1,0,0,0,0,NA,0,NA,0,NA,0,0,0,0,0,0,0,0,0,NA,0,0,NA,0,0,0,0,NA,0,NA,0,0,0,0,0,0,0,NA,NA,NA,0,0,NA,0,0,NA,NA,0,0,NA,NA,0,0,0,0,0,0,0,NA,NA,NA,NA,NA,NA,NA,NA,NA,NA,NA,NA,NA,NA,NA,NA,NA,NA,NA,NA,NA,NA
"146",NA,NA,0,0,NA,1,0,0,1,0,0,0,0,NA,0,0,0,0,0,0,0,0,0,0,0,0,0,0,0,0,NA,0,0,0,0,0,0,0,0,0,0,0,0,0,NA,0,0,0,0,0,NA,0,0,0,0,0,NA,NA,0,0,0,0,0,0,0,NA,NA,NA,NA,NA,NA,NA,NA,NA,NA,NA,NA,NA,NA,NA,NA,NA,NA,NA,NA,NA,NA
"147",NA,NA,0,0,NA,1,0,0,1,0,0,0,0,NA,0,0,0,0,0,0,0,0,0,0,0,0,0,0,0,0,NA,0,0,0,0,0,0,0,0,0,NA,0,0,0,NA,0,0,0,0,0,NA,0,0,0,0,0,NA,NA,0,0,0,0,0,0,0,NA,NA,NA,NA,NA,NA,NA,NA,NA,NA,NA,NA,NA,NA,NA,NA,NA,NA,NA,NA,NA,NA
"148",1,NA,1,NA,NA,1,0,1,0,0,0,0,NA,0,NA,0,NA,0,0,0,0,0,0,0,0,0,NA,0,0,NA,0,0,0,0,NA,0,0,0,0,0,0,0,0,0,NA,0,0,0,0,0,NA,0,NA,0,0,0,NA,NA,0,0,0,0,0,0,0,NA,NA,NA,NA,NA,NA,NA,NA,NA,NA,NA,NA,NA,NA,NA,NA,NA,NA,NA,NA,NA,NA
"149",1,NA,1,NA,NA,1,0,1,0,0,0,0,NA,0,NA,0,NA,0,0,0,0,0,0,0,0,0,NA,0,0,NA,0,0,0,0,NA,0,0,0,0,0,0,0,0,0,NA,NA,0,0,0,0,NA,0,NA,0,0,0,NA,NA,0,0,0,0,0,0,0,NA,NA,NA,NA,NA,NA,NA,NA,NA,NA,NA,NA,NA,NA,NA,NA,NA,NA,NA,NA,NA,NA
"150",1,NA,1,NA,NA,1,0,1,0,0,0,0,NA,0,NA,0,NA,0,0,0,0,0,0,0,0,0,NA,0,0,NA,0,0,0,0,NA,0,0,0,0,0,0,0,0,0,NA,0,0,0,0,NA,NA,0,NA,0,0,0,NA,NA,0,0,0,0,0,0,0,NA,NA,NA,NA,NA,NA,NA,NA,NA,NA,NA,NA,NA,NA,NA,NA,NA,NA,NA,NA,NA,NA
"151",1,NA,1,NA,NA,1,0,1,0,0,0,0,NA,0,NA,0,NA,0,0,0,0,0,0,0,0,0,NA,0,0,NA,0,0,0,0,NA,0,NA,0,0,0,0,0,0,0,NA,0,0,0,0,0,NA,0,NA,0,0,0,NA,NA,0,0,0,0,0,0,0,NA,NA,NA,NA,NA,NA,NA,NA,NA,NA,NA,NA,NA,NA,NA,NA,NA,NA,NA,NA,NA,NA
"152",1,NA,1,NA,NA,1,0,1,0,0,0,0,NA,0,NA,0,NA,0,0,0,0,0,0,0,0,0,NA,0,0,NA,0,0,0,0,NA,0,0,0,0,0,0,0,0,0,NA,0,0,0,0,0,NA,0,NA,NA,0,0,NA,NA,0,0,0,0,0,0,0,NA,NA,NA,NA,NA,NA,NA,NA,NA,NA,NA,NA,NA,NA,NA,NA,NA,NA,NA,NA,NA,NA
"153",1,NA,1,NA,NA,1,0,1,0,0,0,0,NA,0,NA,0,NA,0,0,0,0,0,0,0,0,0,NA,0,0,NA,0,0,0,0,NA,0,0,0,0,0,0,0,0,0,NA,NA,0,0,0,NA,NA,0,NA,0,0,0,NA,NA,0,0,0,0,0,0,0,NA,NA,NA,NA,NA,NA,NA,NA,NA,NA,NA,NA,NA,NA,NA,NA,NA,NA,NA,NA,NA,NA
"154",1,NA,1,NA,NA,1,0,1,0,0,0,0,NA,0,NA,0,NA,0,0,0,0,0,0,0,0,0,NA,0,0,NA,0,0,0,0,NA,0,NA,0,0,0,0,0,0,0,NA,0,0,0,0,NA,NA,0,NA,0,0,0,NA,NA,0,0,0,0,0,0,0,NA,NA,NA,NA,NA,NA,NA,NA,NA,NA,NA,NA,NA,NA,NA,NA,NA,NA,NA,NA,NA,NA
"155",1,NA,1,NA,NA,1,0,1,0,0,0,0,NA,0,NA,0,NA,0,0,0,0,0,0,0,0,0,NA,0,0,NA,0,0,0,0,NA,0,NA,0,0,0,0,0,0,0,NA,0,0,0,0,0,NA,0,NA,NA,0,0,NA,NA,0,0,0,0,0,0,0,NA,NA,NA,NA,NA,NA,NA,NA,NA,NA,NA,NA,NA,NA,NA,NA,NA,NA,NA,NA,NA,NA
"156",1,NA,1,NA,NA,1,0,1,0,0,0,0,NA,0,NA,0,NA,0,0,0,0,0,0,0,0,0,NA,0,0,NA,0,0,0,0,NA,0,0,0,0,0,0,0,0,0,NA,NA,0,0,0,0,NA,0,NA,NA,0,0,NA,NA,0,0,0,0,0,0,0,NA,NA,NA,NA,NA,NA,NA,NA,NA,NA,NA,NA,NA,NA,NA,NA,NA,NA,NA,NA,NA,NA
"157",1,NA,1,NA,NA,1,0,1,0,0,0,0,NA,0,NA,0,NA,0,0,0,0,0,0,0,0,0,NA,0,0,NA,0,0,0,0,NA,0,0,0,0,0,0,0,0,0,NA,0,0,0,0,NA,NA,0,NA,NA,0,0,NA,NA,0,0,0,0,0,0,0,NA,NA,NA,NA,NA,NA,NA,NA,NA,NA,NA,NA,NA,NA,NA,NA,NA,NA,NA,NA,NA,NA
"158",1,NA,1,NA,NA,1,0,1,0,0,0,0,NA,0,NA,0,NA,0,0,0,0,0,0,0,0,0,NA,0,0,NA,0,0,0,0,NA,0,NA,0,0,0,0,0,0,0,NA,NA,0,0,0,0,NA,0,NA,0,0,0,NA,NA,0,0,0,0,0,0,0,NA,NA,NA,NA,NA,NA,NA,NA,NA,NA,NA,NA,NA,NA,NA,NA,NA,NA,NA,NA,NA,NA
"159",1,NA,1,NA,NA,1,0,1,0,0,0,0,NA,0,NA,0,NA,0,0,0,0,0,0,0,0,0,NA,0,0,NA,0,0,0,0,NA,0,NA,0,0,0,0,0,0,0,NA,NA,0,0,0,0,NA,0,NA,NA,0,0,NA,NA,0,0,0,0,0,0,0,NA,NA,NA,NA,NA,NA,NA,NA,NA,NA,NA,NA,NA,NA,NA,NA,NA,NA,NA,NA,NA,NA
"160",1,NA,1,NA,NA,1,0,1,0,0,0,0,NA,0,NA,0,NA,0,0,0,0,0,0,0,0,0,NA,0,0,NA,0,0,0,0,NA,0,0,0,0,0,0,0,0,0,NA,NA,0,0,0,NA,NA,0,NA,NA,0,0,NA,NA,0,0,0,0,0,0,0,NA,NA,NA,NA,NA,NA,NA,NA,NA,NA,NA,NA,NA,NA,NA,NA,NA,NA,NA,NA,NA,NA
"161",1,NA,1,NA,NA,1,0,1,0,0,0,0,NA,0,NA,0,NA,0,0,0,0,0,0,0,0,0,NA,0,0,NA,0,0,0,0,NA,0,NA,0,0,0,0,0,0,0,NA,0,0,0,0,NA,NA,0,NA,NA,0,0,NA,NA,0,0,0,0,0,0,0,NA,NA,NA,NA,NA,NA,NA,NA,NA,NA,NA,NA,NA,NA,NA,NA,NA,NA,NA,NA,NA,NA
"162",1,NA,1,NA,NA,1,0,1,0,0,0,0,NA,0,NA,0,NA,0,0,0,0,0,0,0,0,0,NA,0,0,NA,0,0,0,0,NA,0,NA,0,0,0,0,0,0,0,NA,NA,0,0,0,NA,NA,0,NA,0,0,0,NA,NA,0,0,0,0,0,0,0,NA,NA,NA,NA,NA,NA,NA,NA,NA,NA,NA,NA,NA,NA,NA,NA,NA,NA,NA,NA,NA,NA
"163",1,NA,1,NA,NA,1,0,1,0,0,0,0,NA,0,NA,0,NA,0,0,0,0,0,0,0,0,0,NA,0,0,NA,0,0,0,0,NA,0,NA,0,0,0,0,0,0,0,NA,NA,0,0,0,NA,NA,0,NA,NA,0,0,NA,NA,0,0,0,0,0,0,0,NA,NA,NA,NA,NA,NA,NA,NA,NA,NA,NA,NA,NA,NA,NA,NA,NA,NA,NA,NA,NA,NA
"164",1,NA,1,NA,NA,1,1,1,0,0,0,0,NA,0,NA,0,NA,0,0,0,0,0,0,0,0,0,NA,0,0,NA,0,0,0,0,NA,0,0,0,0,0,0,0,0,0,NA,0,NA,0,0,0,NA,0,NA,0,0,0,NA,NA,0,0,0,0,0,0,0,NA,NA,NA,NA,NA,NA,NA,NA,NA,NA,NA,NA,NA,NA,NA,NA,NA,NA,NA,NA,NA,NA
"165",1,NA,1,NA,NA,1,1,1,0,0,0,0,NA,0,NA,0,NA,0,0,0,0,0,0,0,0,0,NA,0,0,NA,0,0,0,0,NA,0,0,0,0,0,0,0,0,0,NA,NA,NA,0,0,0,NA,0,NA,0,0,0,NA,NA,0,0,0,0,0,0,0,NA,NA,NA,NA,NA,NA,NA,NA,NA,NA,NA,NA,NA,NA,NA,NA,NA,NA,NA,NA,NA,NA
"166",1,NA,1,NA,NA,1,1,1,0,0,0,0,NA,0,NA,0,NA,0,0,0,0,0,0,0,0,0,NA,0,0,NA,0,0,0,0,NA,0,0,0,0,0,0,0,0,0,NA,0,NA,0,0,NA,NA,0,NA,0,0,0,NA,NA,0,0,0,0,0,0,0,NA,NA,NA,NA,NA,NA,NA,NA,NA,NA,NA,NA,NA,NA,NA,NA,NA,NA,NA,NA,NA,NA
"167",1,NA,1,NA,NA,1,1,1,0,0,0,0,NA,0,NA,0,NA,0,0,0,0,0,0,0,0,0,NA,0,0,NA,0,0,0,0,NA,0,NA,0,0,0,0,0,0,0,NA,0,NA,0,0,0,NA,0,NA,0,0,0,NA,NA,0,0,0,0,0,0,0,NA,NA,NA,NA,NA,NA,NA,NA,NA,NA,NA,NA,NA,NA,NA,NA,NA,NA,NA,NA,NA,NA
"168",1,NA,1,NA,NA,1,1,1,0,0,0,0,NA,0,NA,0,NA,0,0,0,0,0,0,0,0,0,NA,0,0,NA,0,0,0,0,NA,0,0,0,0,0,0,0,0,0,NA,NA,NA,0,0,NA,NA,0,NA,0,0,0,NA,NA,0,0,0,0,0,0,0,NA,NA,NA,NA,NA,NA,NA,NA,NA,NA,NA,NA,NA,NA,NA,NA,NA,NA,NA,NA,NA,NA
"169",1,NA,1,NA,NA,1,1,1,0,0,0,0,NA,0,NA,0,NA,0,0,0,0,0,0,0,0,0,NA,0,0,NA,0,0,0,0,NA,0,NA,0,0,0,0,0,0,0,NA,0,NA,0,0,NA,NA,0,NA,0,0,0,NA,NA,0,0,0,0,0,0,0,NA,NA,NA,NA,NA,NA,NA,NA,NA,NA,NA,NA,NA,NA,NA,NA,NA,NA,NA,NA,NA,NA
"170",1,NA,1,NA,NA,1,1,1,0,0,0,0,NA,0,NA,0,NA,0,0,0,0,0,0,0,0,0,NA,0,0,NA,0,0,0,0,NA,0,NA,0,0,0,0,0,0,0,NA,NA,NA,0,0,0,NA,0,NA,0,0,0,NA,NA,0,0,0,0,0,0,0,NA,NA,NA,NA,NA,NA,NA,NA,NA,NA,NA,NA,NA,NA,NA,NA,NA,NA,NA,NA,NA,NA
"171",1,NA,1,NA,NA,1,1,1,0,0,0,0,NA,0,NA,0,NA,0,0,0,0,0,0,0,0,0,NA,0,0,NA,0,0,0,0,NA,0,0,0,0,0,0,0,0,0,NA,0,NA,0,0,0,NA,0,NA,NA,0,0,NA,NA,0,0,0,0,0,0,0,NA,NA,NA,NA,NA,NA,NA,NA,NA,NA,NA,NA,NA,NA,NA,NA,NA,NA,NA,NA,NA,NA
"172",1,NA,1,NA,NA,1,1,1,0,0,0,0,NA,0,NA,0,NA,0,0,0,0,0,0,0,0,0,NA,0,0,NA,0,0,0,0,NA,0,NA,0,0,0,0,0,0,0,NA,0,NA,0,0,0,NA,0,NA,NA,0,0,NA,NA,0,0,0,0,0,0,0,NA,NA,NA,NA,NA,NA,NA,NA,NA,NA,NA,NA,NA,NA,NA,NA,NA,NA,NA,NA,NA,NA
"173",1,NA,1,NA,NA,1,1,1,0,0,0,0,NA,0,NA,0,NA,0,0,0,0,0,0,0,0,0,NA,0,0,NA,0,0,0,0,NA,0,0,0,0,0,0,0,0,0,NA,0,NA,0,0,NA,NA,0,NA,NA,0,0,NA,NA,0,0,0,0,0,0,0,NA,NA,NA,NA,NA,NA,NA,NA,NA,NA,NA,NA,NA,NA,NA,NA,NA,NA,NA,NA,NA,NA
"174",1,NA,1,NA,NA,1,1,1,0,0,0,0,NA,0,NA,0,NA,0,0,0,0,0,0,0,0,0,NA,0,0,NA,0,0,0,0,NA,0,0,0,0,0,0,0,0,0,NA,NA,NA,0,0,0,NA,0,NA,NA,0,0,NA,NA,0,0,0,0,0,0,0,NA,NA,NA,NA,NA,NA,NA,NA,NA,NA,NA,NA,NA,NA,NA,NA,NA,NA,NA,NA,NA,NA
"175",1,NA,1,NA,NA,1,1,1,0,0,0,0,NA,0,NA,0,NA,0,0,0,0,0,0,0,0,0,NA,0,0,NA,0,0,0,0,NA,0,NA,0,0,0,0,0,0,0,NA,0,NA,0,0,NA,NA,0,NA,NA,0,0,NA,NA,0,0,0,0,0,0,0,NA,NA,NA,NA,NA,NA,NA,NA,NA,NA,NA,NA,NA,NA,NA,NA,NA,NA,NA,NA,NA,NA
"176",1,NA,1,NA,NA,1,1,1,0,0,0,0,NA,0,NA,0,NA,0,0,0,0,0,0,0,0,0,NA,0,0,NA,0,0,0,0,NA,0,0,0,0,0,0,0,0,0,NA,NA,NA,0,0,NA,NA,0,NA,NA,0,0,NA,NA,0,0,0,0,0,0,0,NA,NA,NA,NA,NA,NA,NA,NA,NA,NA,NA,NA,NA,NA,NA,NA,NA,NA,NA,NA,NA,NA
"177",1,NA,1,NA,NA,1,1,1,0,0,0,0,NA,0,NA,0,NA,0,0,0,0,0,0,0,0,0,NA,0,0,NA,0,0,0,0,NA,0,NA,0,0,0,0,0,0,0,NA,NA,NA,0,0,0,NA,0,NA,NA,0,0,NA,NA,0,0,0,0,0,0,0,NA,NA,NA,NA,NA,NA,NA,NA,NA,NA,NA,NA,NA,NA,NA,NA,NA,NA,NA,NA,NA,NA
"178",1,NA,1,NA,NA,1,1,1,0,0,0,0,NA,0,NA,0,NA,0,0,0,0,0,0,0,0,0,NA,0,0,NA,0,0,0,0,NA,0,NA,0,0,0,0,0,0,0,NA,NA,NA,0,0,NA,NA,0,NA,0,0,0,NA,NA,0,0,0,0,0,0,0,NA,NA,NA,NA,NA,NA,NA,NA,NA,NA,NA,NA,NA,NA,NA,NA,NA,NA,NA,NA,NA,NA
"179",1,NA,1,NA,NA,1,1,1,0,0,0,0,NA,0,NA,0,NA,0,0,0,0,0,0,0,0,0,NA,0,0,NA,0,0,0,0,NA,0,NA,0,0,0,0,0,0,0,NA,NA,NA,0,0,NA,NA,0,NA,NA,0,0,NA,NA,0,0,0,0,0,0,0,NA,NA,NA,NA,NA,NA,NA,NA,NA,NA,NA,NA,NA,NA,NA,NA,NA,NA,NA,NA,NA,NA
"180",NA,1,0,1,1,1,0,0,NA,0,0,0,0,NA,0,0,0,0,0,0,0,0,0,0,0,0,0,0,0,0,NA,0,0,0,0,0,0,0,0,0,0,0,0,0,NA,0,0,0,0,0,NA,0,0,0,0,0,NA,NA,0,0,0,0,0,0,0,NA,NA,NA,NA,NA,NA,NA,NA,NA,NA,NA,NA,NA,NA,NA,NA,NA,NA,NA,NA,NA,NA
"181",NA,1,0,1,1,1,0,0,NA,0,0,0,0,NA,0,0,0,0,0,0,0,0,0,0,0,0,0,0,0,0,NA,0,0,0,0,0,0,0,0,0,NA,0,0,0,NA,0,0,0,0,0,NA,0,0,0,0,0,NA,NA,0,0,0,0,0,0,0,NA,NA,NA,NA,NA,NA,NA,NA,NA,NA,NA,NA,NA,NA,NA,NA,NA,NA,NA,NA,NA,NA
"182",1,NA,1,NA,NA,0,0,NA,0,0,0,0,NA,0,NA,0,NA,0,0,0,NA,0,0,0,0,0,NA,0,0,NA,0,0,0,0,NA,0,0,0,0,0,0,0,0,0,NA,0,0,0,0,NA,0,0,NA,NA,0,0,NA,0,0,0,0,0,0,0,0,NA,NA,NA,NA,NA,NA,NA,NA,NA,NA,NA,NA,NA,NA,NA,NA,NA,NA,NA,NA,NA,NA
"183",1,NA,1,NA,NA,0,0,0,0,0,0,0,NA,0,NA,0,NA,0,0,0,NA,0,0,0,0,0,NA,0,0,NA,0,0,0,0,NA,0,NA,0,0,0,0,0,0,0,NA,NA,0,0,0,0,0,0,NA,0,0,0,NA,0,0,0,0,0,0,0,0,NA,NA,NA,NA,NA,NA,NA,NA,NA,NA,NA,NA,NA,NA,NA,NA,NA,NA,NA,NA,NA,NA
"184",1,NA,1,NA,NA,0,0,NA,0,0,0,0,NA,0,NA,0,NA,0,0,0,NA,0,0,0,0,0,NA,0,0,NA,0,0,0,0,NA,0,0,0,0,0,0,0,0,0,NA,NA,0,0,0,0,0,0,NA,0,0,0,NA,0,0,0,0,0,0,0,0,NA,NA,NA,NA,NA,NA,NA,NA,NA,NA,NA,NA,NA,NA,NA,NA,NA,NA,NA,NA,NA,NA
"185",1,NA,1,NA,NA,0,0,0,0,0,0,0,NA,0,NA,0,NA,0,0,0,NA,0,0,0,0,0,NA,0,0,NA,0,0,0,0,NA,0,NA,0,0,0,0,0,0,0,NA,0,0,0,0,NA,0,0,NA,0,0,0,NA,0,0,0,0,0,0,0,0,NA,NA,NA,NA,NA,NA,NA,NA,NA,NA,NA,NA,NA,NA,NA,NA,NA,NA,NA,NA,NA,NA
"186",1,NA,1,NA,NA,0,0,NA,0,0,0,0,NA,0,NA,0,NA,0,0,0,NA,0,0,0,0,0,NA,0,0,NA,0,0,0,0,NA,0,NA,0,0,0,0,0,0,0,NA,NA,0,0,0,0,0,0,NA,0,0,0,NA,0,0,0,0,0,0,0,0,NA,NA,NA,NA,NA,NA,NA,NA,NA,NA,NA,NA,NA,NA,NA,NA,NA,NA,NA,NA,NA,NA
"187",1,NA,1,NA,NA,0,0,NA,0,0,0,0,NA,0,NA,0,NA,0,0,0,NA,0,0,0,0,0,NA,0,0,NA,0,0,0,0,NA,0,0,0,0,0,0,0,0,0,NA,NA,0,0,0,0,0,0,NA,NA,0,0,NA,0,0,0,0,0,0,0,0,NA,NA,NA,NA,NA,NA,NA,NA,NA,NA,NA,NA,NA,NA,NA,NA,NA,NA,NA,NA,NA,NA
"188",1,NA,1,NA,NA,0,0,NA,0,0,0,0,NA,0,NA,0,NA,0,0,0,NA,0,0,0,0,0,NA,0,0,NA,0,0,0,0,NA,0,NA,0,0,0,0,0,0,0,NA,0,0,0,0,NA,0,0,NA,0,0,0,NA,0,0,0,0,0,0,0,0,NA,NA,NA,NA,NA,NA,NA,NA,NA,NA,NA,NA,NA,NA,NA,NA,NA,NA,NA,NA,NA,NA
"189",1,NA,1,NA,NA,0,0,0,0,0,0,0,NA,0,NA,0,NA,0,0,0,NA,0,0,0,0,0,NA,0,0,NA,0,0,0,0,NA,0,NA,0,0,0,0,0,0,0,NA,0,0,0,0,0,0,0,NA,NA,0,0,NA,0,0,0,0,0,0,0,0,NA,NA,NA,NA,NA,NA,NA,NA,NA,NA,NA,NA,NA,NA,NA,NA,NA,NA,NA,NA,NA,NA
"190",1,NA,1,NA,NA,0,0,0,0,0,0,0,NA,0,NA,0,NA,0,0,0,NA,0,0,0,0,0,NA,0,0,NA,0,0,0,0,NA,0,0,0,0,0,0,0,0,0,NA,NA,0,0,0,NA,0,0,NA,0,0,0,NA,0,0,0,0,0,0,0,0,NA,NA,NA,NA,NA,NA,NA,NA,NA,NA,NA,NA,NA,NA,NA,NA,NA,NA,NA,NA,NA,NA
"191",1,NA,1,NA,NA,0,0,NA,0,0,0,0,NA,0,NA,0,NA,0,0,0,NA,0,0,0,0,0,NA,0,0,NA,0,0,0,0,NA,0,NA,0,0,0,0,0,0,0,NA,0,0,0,0,0,0,0,NA,NA,0,0,NA,0,0,0,0,0,0,0,0,NA,NA,NA,NA,NA,NA,NA,NA,NA,NA,NA,NA,NA,NA,NA,NA,NA,NA,NA,NA,NA,NA
"192",1,NA,1,NA,NA,0,0,NA,0,0,0,0,NA,0,NA,0,NA,0,0,0,NA,0,0,0,0,0,NA,0,0,NA,0,0,0,0,NA,0,0,0,0,0,0,0,0,0,NA,NA,0,0,0,NA,0,0,NA,0,0,0,NA,0,0,0,0,0,0,0,0,NA,NA,NA,NA,NA,NA,NA,NA,NA,NA,NA,NA,NA,NA,NA,NA,NA,NA,NA,NA,NA,NA
"193",1,NA,1,NA,NA,0,0,0,0,0,0,0,NA,0,NA,0,NA,0,0,0,NA,0,0,0,0,0,NA,0,0,NA,0,0,0,0,NA,0,NA,0,0,0,0,0,0,0,NA,NA,0,0,0,0,0,0,NA,NA,0,0,NA,0,0,0,0,0,0,0,0,NA,NA,NA,NA,NA,NA,NA,NA,NA,NA,NA,NA,NA,NA,NA,NA,NA,NA,NA,NA,NA,NA
"194",1,NA,1,NA,NA,0,0,0,0,0,0,0,NA,0,NA,0,NA,0,0,0,NA,0,0,0,0,0,NA,0,0,NA,0,0,0,0,NA,0,0,0,0,0,0,0,0,0,NA,NA,0,0,0,NA,0,0,NA,NA,0,0,NA,0,0,0,0,0,0,0,0,NA,NA,NA,NA,NA,NA,NA,NA,NA,NA,NA,NA,NA,NA,NA,NA,NA,NA,NA,NA,NA,NA
"195",1,NA,1,NA,NA,0,0,NA,0,0,0,0,NA,0,NA,0,NA,0,0,0,NA,0,0,0,0,0,NA,0,0,NA,0,0,0,0,NA,0,NA,0,0,0,0,0,0,0,NA,NA,0,0,0,0,0,0,NA,NA,0,0,NA,0,0,0,0,0,0,0,0,NA,NA,NA,NA,NA,NA,NA,NA,NA,NA,NA,NA,NA,NA,NA,NA,NA,NA,NA,NA,NA,NA
"196",1,NA,1,NA,NA,0,0,0,0,0,0,0,NA,0,NA,0,NA,0,0,0,NA,0,0,0,0,0,NA,0,0,NA,0,0,0,0,NA,0,NA,0,0,0,0,0,0,0,NA,0,0,0,0,NA,0,0,NA,NA,0,0,NA,0,0,0,0,0,0,0,0,NA,NA,NA,NA,NA,NA,NA,NA,NA,NA,NA,NA,NA,NA,NA,NA,NA,NA,NA,NA,NA,NA
"197",1,NA,1,NA,NA,0,0,0,0,0,0,0,NA,0,NA,0,NA,0,0,0,NA,0,0,0,0,0,NA,0,0,NA,0,0,0,0,NA,0,NA,0,0,0,0,0,0,0,NA,NA,0,0,0,NA,0,0,NA,0,0,0,NA,0,0,0,0,0,0,0,0,NA,NA,NA,NA,NA,NA,NA,NA,NA,NA,NA,NA,NA,NA,NA,NA,NA,NA,NA,NA,NA,NA
"198",1,NA,1,NA,NA,0,0,NA,0,0,0,0,NA,0,NA,0,NA,0,0,0,NA,0,0,0,0,0,NA,0,0,NA,0,0,0,0,NA,0,NA,0,0,0,0,0,0,0,NA,0,0,0,0,NA,0,0,NA,NA,0,0,NA,0,0,0,0,0,0,0,0,NA,NA,NA,NA,NA,NA,NA,NA,NA,NA,NA,NA,NA,NA,NA,NA,NA,NA,NA,NA,NA,NA
"199",1,NA,1,NA,NA,0,0,NA,0,0,0,0,NA,0,NA,0,NA,0,0,0,NA,0,0,0,0,0,NA,0,0,NA,0,0,0,0,NA,0,NA,0,0,0,0,0,0,0,NA,NA,0,0,0,NA,0,0,NA,0,0,0,NA,0,0,0,0,0,0,0,0,NA,NA,NA,NA,NA,NA,NA,NA,NA,NA,NA,NA,NA,NA,NA,NA,NA,NA,NA,NA,NA,NA
"200",1,NA,1,NA,NA,0,0,0,0,0,0,0,NA,0,NA,0,NA,0,0,0,NA,0,0,0,0,0,NA,0,0,NA,0,0,0,0,NA,0,NA,0,0,0,0,0,0,0,NA,NA,0,0,0,NA,0,0,NA,NA,0,0,NA,0,0,0,0,0,0,0,0,NA,NA,NA,NA,NA,NA,NA,NA,NA,NA,NA,NA,NA,NA,NA,NA,NA,NA,NA,NA,NA,NA
"201",1,NA,1,NA,NA,0,0,NA,0,0,0,0,NA,0,NA,0,NA,0,0,0,NA,0,0,0,0,0,NA,0,0,NA,0,0,0,0,NA,0,0,0,0,0,0,0,0,0,NA,NA,0,0,0,NA,0,0,NA,NA,0,0,NA,0,0,0,0,0,0,0,0,NA,NA,NA,NA,NA,NA,NA,NA,NA,NA,NA,NA,NA,NA,NA,NA,NA,NA,NA,NA,NA,NA
"202",1,NA,1,NA,NA,0,0,NA,0,0,0,0,NA,0,NA,0,NA,0,0,0,NA,0,0,0,0,0,NA,0,0,NA,0,0,0,0,NA,0,NA,0,0,0,0,0,0,0,NA,NA,0,0,0,NA,0,0,NA,NA,0,0,NA,0,0,0,0,0,0,0,0,NA,NA,NA,NA,NA,NA,NA,NA,NA,NA,NA,NA,NA,NA,NA,NA,NA,NA,NA,NA,NA,NA
"203",1,NA,1,NA,NA,0,0,0,0,0,0,0,NA,0,NA,0,NA,0,0,0,NA,0,0,0,0,0,NA,0,0,NA,0,0,0,0,NA,0,0,0,0,0,0,0,0,0,NA,0,0,0,0,0,NA,0,NA,0,0,0,NA,0,0,0,0,0,0,0,0,NA,NA,NA,NA,NA,NA,NA,NA,NA,NA,NA,NA,NA,NA,NA,NA,NA,NA,NA,NA,NA,NA
"204",1,NA,1,NA,NA,1,0,0,0,0,0,0,NA,0,NA,0,NA,0,0,0,NA,0,0,0,0,0,NA,0,0,NA,0,0,0,0,NA,0,0,0,0,0,0,0,0,0,NA,0,0,0,0,0,0,0,NA,0,0,0,NA,NA,0,0,0,0,0,0,0,NA,NA,NA,NA,NA,NA,NA,NA,NA,NA,NA,NA,NA,NA,NA,NA,NA,NA,NA,NA,NA,NA
"205",1,NA,1,NA,NA,0,0,NA,0,0,0,0,NA,0,NA,0,NA,0,0,0,NA,0,0,0,0,0,NA,0,0,NA,0,0,0,0,NA,0,0,0,0,0,0,0,0,0,NA,0,0,0,0,0,NA,0,NA,0,0,0,NA,0,0,0,0,0,0,0,0,NA,NA,NA,NA,NA,NA,NA,NA,NA,NA,NA,NA,NA,NA,NA,NA,NA,NA,NA,NA,NA,NA
"206",1,NA,1,NA,NA,1,0,NA,0,0,0,0,NA,0,NA,0,NA,0,0,0,NA,0,0,0,0,0,NA,0,0,NA,0,0,0,0,NA,0,0,0,0,0,0,0,0,0,NA,0,0,0,0,0,0,0,NA,0,0,0,NA,NA,0,0,0,0,0,0,0,NA,NA,NA,NA,NA,NA,NA,NA,NA,NA,NA,NA,NA,NA,NA,NA,NA,NA,NA,NA,NA,NA
"207",1,NA,1,NA,NA,0,0,0,0,0,0,0,NA,0,NA,0,NA,0,0,0,NA,0,0,0,0,0,NA,0,0,NA,0,0,0,0,NA,0,0,0,0,0,0,0,0,0,NA,0,0,0,0,0,NA,0,NA,NA,0,0,NA,0,0,0,0,0,0,0,0,NA,NA,NA,NA,NA,NA,NA,NA,NA,NA,NA,NA,NA,NA,NA,NA,NA,NA,NA,NA,NA,NA
"208",1,NA,1,NA,NA,1,0,0,0,0,0,0,NA,0,NA,0,NA,0,0,0,NA,0,0,0,0,0,NA,0,0,NA,0,0,0,0,NA,0,0,0,0,0,0,0,0,0,NA,0,0,0,0,0,0,0,NA,NA,0,0,NA,NA,0,0,0,0,0,0,0,NA,NA,NA,NA,NA,NA,NA,NA,NA,NA,NA,NA,NA,NA,NA,NA,NA,NA,NA,NA,NA,NA
"209",1,NA,1,NA,NA,0,0,NA,0,0,0,0,NA,0,NA,0,NA,0,0,0,NA,0,0,0,0,0,NA,0,0,NA,0,0,0,0,NA,0,0,0,0,0,0,0,0,0,NA,0,0,0,0,0,NA,0,NA,NA,0,0,NA,0,0,0,0,0,0,0,0,NA,NA,NA,NA,NA,NA,NA,NA,NA,NA,NA,NA,NA,NA,NA,NA,NA,NA,NA,NA,NA,NA
"210",1,NA,1,NA,NA,1,0,0,0,0,0,0,NA,0,NA,0,NA,0,0,0,NA,0,0,0,0,0,NA,0,0,NA,0,0,0,0,NA,0,NA,0,0,0,0,0,0,0,NA,0,0,0,0,0,0,0,NA,0,0,0,NA,NA,0,0,0,0,0,0,0,NA,NA,NA,NA,NA,NA,NA,NA,NA,NA,NA,NA,NA,NA,NA,NA,NA,NA,NA,NA,NA,NA
"211",1,NA,1,NA,NA,0,0,0,0,0,0,0,NA,0,NA,0,NA,0,0,0,NA,0,0,0,0,0,NA,0,0,NA,0,0,0,0,NA,0,0,0,0,0,0,0,0,0,NA,0,0,0,0,NA,NA,0,NA,0,0,0,NA,0,0,0,0,0,0,0,0,NA,NA,NA,NA,NA,NA,NA,NA,NA,NA,NA,NA,NA,NA,NA,NA,NA,NA,NA,NA,NA,NA
"212",1,NA,1,NA,NA,1,0,NA,0,0,0,0,NA,0,NA,0,NA,0,0,0,NA,0,0,0,0,0,NA,0,0,NA,0,0,0,0,NA,0,0,0,0,0,0,0,0,0,NA,0,0,0,0,0,0,0,NA,NA,0,0,NA,NA,0,0,0,0,0,0,0,NA,NA,NA,NA,NA,NA,NA,NA,NA,NA,NA,NA,NA,NA,NA,NA,NA,NA,NA,NA,NA,NA
"213",1,NA,1,NA,NA,0,0,NA,0,0,0,0,NA,0,NA,0,NA,0,0,0,NA,0,0,0,0,0,NA,0,0,NA,0,0,0,0,NA,0,0,0,0,0,0,0,0,0,NA,0,0,0,0,NA,NA,0,NA,0,0,0,NA,0,0,0,0,0,0,0,0,NA,NA,NA,NA,NA,NA,NA,NA,NA,NA,NA,NA,NA,NA,NA,NA,NA,NA,NA,NA,NA,NA
"214",1,NA,1,NA,NA,1,0,0,0,0,0,0,NA,0,NA,0,NA,0,0,0,NA,0,0,0,0,0,NA,0,0,NA,0,0,0,0,NA,0,NA,0,0,0,0,0,0,0,NA,0,0,0,0,0,0,0,NA,NA,0,0,NA,NA,0,0,0,0,0,0,0,NA,NA,NA,NA,NA,NA,NA,NA,NA,NA,NA,NA,NA,NA,NA,NA,NA,NA,NA,NA,NA,NA
"215",1,NA,1,NA,NA,0,0,0,0,0,0,0,NA,0,NA,0,NA,0,0,0,NA,0,0,0,0,0,NA,0,0,NA,0,0,0,0,NA,0,0,0,0,0,0,0,0,0,NA,0,0,0,0,NA,NA,0,NA,NA,0,0,NA,0,0,0,0,0,0,0,0,NA,NA,NA,NA,NA,NA,NA,NA,NA,NA,NA,NA,NA,NA,NA,NA,NA,NA,NA,NA,NA,NA
"216",1,NA,1,NA,NA,1,0,NA,0,0,0,0,NA,0,NA,0,NA,0,0,0,NA,0,0,0,0,0,NA,0,0,NA,0,0,0,0,NA,0,NA,0,0,0,0,0,0,0,NA,0,0,0,0,0,0,0,NA,0,0,0,NA,NA,0,0,0,0,0,0,0,NA,NA,NA,NA,NA,NA,NA,NA,NA,NA,NA,NA,NA,NA,NA,NA,NA,NA,NA,NA,NA,NA
"217",1,NA,1,NA,NA,0,0,NA,0,0,0,0,NA,0,NA,0,NA,0,0,0,NA,0,0,0,0,0,NA,0,0,NA,0,0,0,0,NA,0,0,0,0,0,0,0,0,0,NA,0,0,0,0,NA,NA,0,NA,NA,0,0,NA,0,0,0,0,0,0,0,0,NA,NA,NA,NA,NA,NA,NA,NA,NA,NA,NA,NA,NA,NA,NA,NA,NA,NA,NA,NA,NA,NA
"218",1,NA,1,NA,NA,1,0,NA,0,0,0,0,NA,0,NA,0,NA,0,0,0,NA,0,0,0,0,0,NA,0,0,NA,0,0,0,0,NA,0,NA,0,0,0,0,0,0,0,NA,0,0,0,0,0,0,0,NA,NA,0,0,NA,NA,0,0,0,0,0,0,0,NA,NA,NA,NA,NA,NA,NA,NA,NA,NA,NA,NA,NA,NA,NA,NA,NA,NA,NA,NA,NA,NA
"219",1,NA,1,NA,NA,0,0,0,0,0,0,0,NA,0,NA,0,NA,0,0,0,NA,0,0,0,0,0,NA,0,0,NA,0,0,0,0,NA,0,0,0,0,0,0,0,0,0,NA,NA,0,0,0,0,NA,0,NA,0,0,0,NA,0,0,0,0,0,0,0,0,NA,NA,NA,NA,NA,NA,NA,NA,NA,NA,NA,NA,NA,NA,NA,NA,NA,NA,NA,NA,NA,NA
"220",1,NA,1,NA,NA,1,0,0,0,0,0,0,NA,0,NA,0,NA,0,0,0,NA,0,0,0,0,0,NA,0,0,NA,0,0,0,0,NA,0,0,0,0,0,0,0,0,0,NA,0,0,0,0,NA,0,0,NA,0,0,0,NA,NA,0,0,0,0,0,0,0,NA,NA,NA,NA,NA,NA,NA,NA,NA,NA,NA,NA,NA,NA,NA,NA,NA,NA,NA,NA,NA,NA
"221",1,NA,1,NA,NA,0,0,0,0,0,0,0,NA,0,NA,0,NA,0,0,0,NA,0,0,0,0,0,NA,0,0,NA,0,0,0,0,NA,0,0,0,0,0,0,0,0,0,NA,NA,0,0,0,0,NA,0,NA,NA,0,0,NA,0,0,0,0,0,0,0,0,NA,NA,NA,NA,NA,NA,NA,NA,NA,NA,NA,NA,NA,NA,NA,NA,NA,NA,NA,NA,NA,NA
"222",1,NA,1,NA,NA,1,0,0,0,0,0,0,NA,0,NA,0,NA,0,0,0,NA,0,0,0,0,0,NA,0,0,NA,0,0,0,0,NA,0,0,0,0,0,0,0,0,0,NA,0,0,0,0,NA,0,0,NA,NA,0,0,NA,NA,0,0,0,0,0,0,0,NA,NA,NA,NA,NA,NA,NA,NA,NA,NA,NA,NA,NA,NA,NA,NA,NA,NA,NA,NA,NA,NA
"223",1,NA,1,NA,NA,0,0,NA,0,0,0,0,NA,0,NA,0,NA,0,0,0,NA,0,0,0,0,0,NA,0,0,NA,0,0,0,0,NA,0,0,0,0,0,0,0,0,0,NA,NA,0,0,0,0,NA,0,NA,0,0,0,NA,0,0,0,0,0,0,0,0,NA,NA,NA,NA,NA,NA,NA,NA,NA,NA,NA,NA,NA,NA,NA,NA,NA,NA,NA,NA,NA,NA
"224",1,NA,1,NA,NA,1,0,NA,0,0,0,0,NA,0,NA,0,NA,0,0,0,NA,0,0,0,0,0,NA,0,0,NA,0,0,0,0,NA,0,0,0,0,0,0,0,0,0,NA,0,0,0,0,NA,0,0,NA,0,0,0,NA,NA,0,0,0,0,0,0,0,NA,NA,NA,NA,NA,NA,NA,NA,NA,NA,NA,NA,NA,NA,NA,NA,NA,NA,NA,NA,NA,NA
"225",1,NA,1,NA,NA,0,0,NA,0,0,0,0,NA,0,NA,0,NA,0,0,0,NA,0,0,0,0,0,NA,0,0,NA,0,0,0,0,NA,0,0,0,0,0,0,0,0,0,NA,NA,0,0,0,0,NA,0,NA,NA,0,0,NA,0,0,0,0,0,0,0,0,NA,NA,NA,NA,NA,NA,NA,NA,NA,NA,NA,NA,NA,NA,NA,NA,NA,NA,NA,NA,NA,NA
"226",1,NA,1,NA,NA,1,0,0,0,0,0,0,NA,0,NA,0,NA,0,0,0,NA,0,0,0,0,0,NA,0,0,NA,0,0,0,0,NA,0,NA,0,0,0,0,0,0,0,NA,0,0,0,0,NA,0,0,NA,0,0,0,NA,NA,0,0,0,0,0,0,0,NA,NA,NA,NA,NA,NA,NA,NA,NA,NA,NA,NA,NA,NA,NA,NA,NA,NA,NA,NA,NA,NA
"227",1,NA,1,NA,NA,0,0,0,0,0,0,0,NA,0,NA,0,NA,0,0,0,NA,0,0,0,0,0,NA,0,0,NA,0,0,0,0,NA,0,0,0,0,0,0,0,0,0,NA,NA,0,0,0,NA,NA,0,NA,0,0,0,NA,0,0,0,0,0,0,0,0,NA,NA,NA,NA,NA,NA,NA,NA,NA,NA,NA,NA,NA,NA,NA,NA,NA,NA,NA,NA,NA,NA
"228",1,NA,1,NA,NA,1,0,0,0,0,0,0,NA,0,NA,0,NA,0,0,0,NA,0,0,0,0,0,NA,0,0,NA,0,0,0,0,NA,0,0,0,0,0,0,0,0,0,NA,NA,0,0,0,0,0,0,NA,0,0,0,NA,NA,0,0,0,0,0,0,0,NA,NA,NA,NA,NA,NA,NA,NA,NA,NA,NA,NA,NA,NA,NA,NA,NA,NA,NA,NA,NA,NA
"229",1,NA,1,NA,NA,0,0,0,0,0,0,0,NA,0,NA,0,NA,0,0,0,NA,0,0,0,0,0,NA,0,0,NA,0,0,0,0,NA,0,NA,0,0,0,0,0,0,0,NA,0,0,0,0,0,NA,0,NA,0,0,0,NA,0,0,0,0,0,0,0,0,NA,NA,NA,NA,NA,NA,NA,NA,NA,NA,NA,NA,NA,NA,NA,NA,NA,NA,NA,NA,NA,NA
"230",1,NA,1,NA,NA,1,0,0,0,0,0,0,NA,0,NA,0,NA,0,0,0,NA,0,0,0,0,0,NA,0,0,NA,0,0,0,0,NA,0,0,0,0,0,0,0,0,0,NA,NA,0,0,0,NA,0,0,NA,0,0,0,NA,NA,0,0,0,0,0,0,0,NA,NA,NA,NA,NA,NA,NA,NA,NA,NA,NA,NA,NA,NA,NA,NA,NA,NA,NA,NA,NA,NA
"231",1,NA,1,NA,NA,0,0,0,0,0,0,0,NA,0,NA,0,NA,0,0,0,NA,0,0,0,0,0,NA,0,0,NA,0,0,0,0,NA,0,NA,0,0,0,0,0,0,0,NA,0,0,0,0,NA,NA,0,NA,0,0,0,NA,0,0,0,0,0,0,0,0,NA,NA,NA,NA,NA,NA,NA,NA,NA,NA,NA,NA,NA,NA,NA,NA,NA,NA,NA,NA,NA,NA
"232",1,NA,1,NA,NA,1,0,NA,0,0,0,0,NA,0,NA,0,NA,0,0,0,NA,0,0,0,0,0,NA,0,0,NA,0,0,0,0,NA,0,0,0,0,0,0,0,0,0,NA,NA,0,0,0,0,0,0,NA,0,0,0,NA,NA,0,0,0,0,0,0,0,NA,NA,NA,NA,NA,NA,NA,NA,NA,NA,NA,NA,NA,NA,NA,NA,NA,NA,NA,NA,NA,NA
"233",1,NA,1,NA,NA,0,0,NA,0,0,0,0,NA,0,NA,0,NA,0,0,0,NA,0,0,0,0,0,NA,0,0,NA,0,0,0,0,NA,0,NA,0,0,0,0,0,0,0,NA,0,0,0,0,0,NA,0,NA,0,0,0,NA,0,0,0,0,0,0,0,0,NA,NA,NA,NA,NA,NA,NA,NA,NA,NA,NA,NA,NA,NA,NA,NA,NA,NA,NA,NA,NA,NA
"234",1,NA,1,NA,NA,1,0,NA,0,0,0,0,NA,0,NA,0,NA,0,0,0,NA,0,0,0,0,0,NA,0,0,NA,0,0,0,0,NA,0,0,0,0,0,0,0,0,0,NA,NA,0,0,0,NA,0,0,NA,0,0,0,NA,NA,0,0,0,0,0,0,0,NA,NA,NA,NA,NA,NA,NA,NA,NA,NA,NA,NA,NA,NA,NA,NA,NA,NA,NA,NA,NA,NA
"235",1,NA,1,NA,NA,0,0,0,0,0,0,0,NA,0,NA,0,NA,0,0,0,NA,0,0,0,0,0,NA,0,0,NA,0,0,0,0,NA,0,NA,0,0,0,0,0,0,0,NA,0,0,0,0,0,NA,0,NA,NA,0,0,NA,0,0,0,0,0,0,0,0,NA,NA,NA,NA,NA,NA,NA,NA,NA,NA,NA,NA,NA,NA,NA,NA,NA,NA,NA,NA,NA,NA
"236",1,NA,1,NA,NA,1,0,0,0,0,0,0,NA,0,NA,0,NA,0,0,0,NA,0,0,0,0,0,NA,0,0,NA,0,0,0,0,NA,0,NA,0,0,0,0,0,0,0,NA,NA,0,0,0,0,0,0,NA,0,0,0,NA,NA,0,0,0,0,0,0,0,NA,NA,NA,NA,NA,NA,NA,NA,NA,NA,NA,NA,NA,NA,NA,NA,NA,NA,NA,NA,NA,NA
"237",1,NA,1,NA,NA,0,0,0,0,0,0,0,NA,0,NA,0,NA,0,0,0,NA,0,0,0,0,0,NA,0,0,NA,0,0,0,0,NA,0,NA,0,0,0,0,0,0,0,NA,NA,0,0,0,0,NA,0,NA,0,0,0,NA,0,0,0,0,0,0,0,0,NA,NA,NA,NA,NA,NA,NA,NA,NA,NA,NA,NA,NA,NA,NA,NA,NA,NA,NA,NA,NA,NA
"238",1,NA,1,NA,NA,1,0,NA,0,0,0,0,NA,0,NA,0,NA,0,0,0,NA,0,0,0,0,0,NA,0,0,NA,0,0,0,0,NA,0,NA,0,0,0,0,0,0,0,NA,NA,0,0,0,0,0,0,NA,0,0,0,NA,NA,0,0,0,0,0,0,0,NA,NA,NA,NA,NA,NA,NA,NA,NA,NA,NA,NA,NA,NA,NA,NA,NA,NA,NA,NA,NA,NA
"239",1,NA,1,NA,NA,0,0,NA,0,0,0,0,NA,0,NA,0,NA,0,0,0,NA,0,0,0,0,0,NA,0,0,NA,0,0,0,0,NA,0,NA,0,0,0,0,0,0,0,NA,NA,0,0,0,0,NA,0,NA,0,0,0,NA,0,0,0,0,0,0,0,0,NA,NA,NA,NA,NA,NA,NA,NA,NA,NA,NA,NA,NA,NA,NA,NA,NA,NA,NA,NA,NA,NA
"240",1,NA,1,NA,NA,1,0,NA,0,0,0,0,NA,0,NA,0,NA,0,0,0,NA,0,0,0,0,0,NA,0,0,NA,0,0,0,0,NA,0,NA,0,0,0,0,0,0,0,NA,0,0,0,0,NA,0,0,NA,0,0,0,NA,NA,0,0,0,0,0,0,0,NA,NA,NA,NA,NA,NA,NA,NA,NA,NA,NA,NA,NA,NA,NA,NA,NA,NA,NA,NA,NA,NA
"241",1,NA,1,NA,NA,0,0,NA,0,0,0,0,NA,0,NA,0,NA,0,0,0,NA,0,0,0,0,0,NA,0,0,NA,0,0,0,0,NA,0,NA,0,0,0,0,0,0,0,NA,0,0,0,0,0,NA,0,NA,NA,0,0,NA,0,0,0,0,0,0,0,0,NA,NA,NA,NA,NA,NA,NA,NA,NA,NA,NA,NA,NA,NA,NA,NA,NA,NA,NA,NA,NA,NA
"242",1,NA,1,NA,NA,1,0,0,0,0,0,0,NA,0,NA,0,NA,0,0,0,NA,0,0,0,0,0,NA,0,0,NA,0,0,0,0,NA,0,NA,0,0,0,0,0,0,0,NA,NA,0,0,0,NA,0,0,NA,0,0,0,NA,NA,0,0,0,0,0,0,0,NA,NA,NA,NA,NA,NA,NA,NA,NA,NA,NA,NA,NA,NA,NA,NA,NA,NA,NA,NA,NA,NA
"243",1,NA,1,NA,NA,0,0,0,0,0,0,0,NA,0,NA,0,NA,0,0,0,NA,0,0,0,0,0,NA,0,0,NA,0,0,0,0,NA,0,NA,0,0,0,0,0,0,0,NA,NA,0,0,0,0,NA,0,NA,NA,0,0,NA,0,0,0,0,0,0,0,0,NA,NA,NA,NA,NA,NA,NA,NA,NA,NA,NA,NA,NA,NA,NA,NA,NA,NA,NA,NA,NA,NA
"244",1,NA,1,NA,NA,1,0,NA,0,0,0,0,NA,0,NA,0,NA,0,0,0,NA,0,0,0,0,0,NA,0,0,NA,0,0,0,0,NA,0,NA,0,0,0,0,0,0,0,NA,NA,0,0,0,NA,0,0,NA,0,0,0,NA,NA,0,0,0,0,0,0,0,NA,NA,NA,NA,NA,NA,NA,NA,NA,NA,NA,NA,NA,NA,NA,NA,NA,NA,NA,NA,NA,NA
"245",1,NA,1,NA,NA,0,0,NA,0,0,0,0,NA,0,NA,0,NA,0,0,0,NA,0,0,0,0,0,NA,0,0,NA,0,0,0,0,NA,0,NA,0,0,0,0,0,0,0,NA,0,0,0,0,NA,NA,0,NA,0,0,0,NA,0,0,0,0,0,0,0,0,NA,NA,NA,NA,NA,NA,NA,NA,NA,NA,NA,NA,NA,NA,NA,NA,NA,NA,NA,NA,NA,NA
"246",1,NA,1,NA,NA,1,0,0,0,0,0,0,NA,0,NA,0,NA,0,0,0,NA,0,0,0,0,0,NA,0,0,NA,0,0,0,0,NA,0,0,0,0,0,0,0,0,0,NA,NA,0,0,0,0,0,0,NA,NA,0,0,NA,NA,0,0,0,0,0,0,0,NA,NA,NA,NA,NA,NA,NA,NA,NA,NA,NA,NA,NA,NA,NA,NA,NA,NA,NA,NA,NA,NA
"247",1,NA,1,NA,NA,0,0,0,0,0,0,0,NA,0,NA,0,NA,0,0,0,NA,0,0,0,0,0,NA,0,0,NA,0,0,0,0,NA,0,NA,0,0,0,0,0,0,0,NA,0,0,0,0,NA,NA,0,NA,NA,0,0,NA,0,0,0,0,0,0,0,0,NA,NA,NA,NA,NA,NA,NA,NA,NA,NA,NA,NA,NA,NA,NA,NA,NA,NA,NA,NA,NA,NA
"248",1,NA,1,NA,NA,1,0,NA,0,0,0,0,NA,0,NA,0,NA,0,0,0,NA,0,0,0,0,0,NA,0,0,NA,0,0,0,0,NA,0,0,0,0,0,0,0,0,0,NA,NA,0,0,0,0,0,0,NA,NA,0,0,NA,NA,0,0,0,0,0,0,0,NA,NA,NA,NA,NA,NA,NA,NA,NA,NA,NA,NA,NA,NA,NA,NA,NA,NA,NA,NA,NA,NA
"249",1,NA,1,NA,NA,0,0,NA,0,0,0,0,NA,0,NA,0,NA,0,0,0,NA,0,0,0,0,0,NA,0,0,NA,0,0,0,0,NA,0,NA,0,0,0,0,0,0,0,NA,0,0,0,0,NA,NA,0,NA,NA,0,0,NA,0,0,0,0,0,0,0,0,NA,NA,NA,NA,NA,NA,NA,NA,NA,NA,NA,NA,NA,NA,NA,NA,NA,NA,NA,NA,NA,NA
"250",1,NA,1,NA,NA,1,0,0,0,0,0,0,NA,0,NA,0,NA,0,0,0,NA,0,0,0,0,0,NA,0,0,NA,0,0,0,0,NA,0,NA,0,0,0,0,0,0,0,NA,0,0,0,0,NA,0,0,NA,NA,0,0,NA,NA,0,0,0,0,0,0,0,NA,NA,NA,NA,NA,NA,NA,NA,NA,NA,NA,NA,NA,NA,NA,NA,NA,NA,NA,NA,NA,NA
"251",1,NA,1,NA,NA,0,0,NA,0,0,0,0,NA,0,NA,0,NA,0,0,0,NA,0,0,0,0,0,NA,0,0,NA,0,0,0,0,NA,0,NA,0,0,0,0,0,0,0,NA,NA,0,0,0,0,NA,0,NA,NA,0,0,NA,0,0,0,0,0,0,0,0,NA,NA,NA,NA,NA,NA,NA,NA,NA,NA,NA,NA,NA,NA,NA,NA,NA,NA,NA,NA,NA,NA
"252",1,NA,1,NA,NA,1,0,NA,0,0,0,0,NA,0,NA,0,NA,0,0,0,NA,0,0,0,0,0,NA,0,0,NA,0,0,0,0,NA,0,0,0,0,0,0,0,0,0,NA,0,0,0,0,NA,0,0,NA,NA,0,0,NA,NA,0,0,0,0,0,0,0,NA,NA,NA,NA,NA,NA,NA,NA,NA,NA,NA,NA,NA,NA,NA,NA,NA,NA,NA,NA,NA,NA
"253",1,NA,1,NA,NA,0,0,0,0,0,0,0,NA,0,NA,0,NA,0,0,0,NA,0,0,0,0,0,NA,0,0,NA,0,0,0,0,NA,0,0,0,0,0,0,0,0,0,NA,NA,0,0,0,NA,NA,0,NA,NA,0,0,NA,0,0,0,0,0,0,0,0,NA,NA,NA,NA,NA,NA,NA,NA,NA,NA,NA,NA,NA,NA,NA,NA,NA,NA,NA,NA,NA,NA
"254",1,NA,1,NA,NA,1,0,NA,0,0,0,0,NA,0,NA,0,NA,0,0,0,NA,0,0,0,0,0,NA,0,0,NA,0,0,0,0,NA,0,NA,0,0,0,0,0,0,0,NA,0,0,0,0,NA,0,0,NA,NA,0,0,NA,NA,0,0,0,0,0,0,0,NA,NA,NA,NA,NA,NA,NA,NA,NA,NA,NA,NA,NA,NA,NA,NA,NA,NA,NA,NA,NA,NA
"255",1,NA,1,NA,NA,0,0,0,0,0,0,0,NA,0,NA,0,NA,0,0,0,NA,0,0,0,0,0,NA,0,0,NA,0,0,0,0,NA,0,NA,0,0,0,0,0,0,0,NA,NA,0,0,0,NA,NA,0,NA,0,0,0,NA,0,0,0,0,0,0,0,0,NA,NA,NA,NA,NA,NA,NA,NA,NA,NA,NA,NA,NA,NA,NA,NA,NA,NA,NA,NA,NA,NA
"256",1,NA,1,NA,NA,1,0,0,0,0,0,0,NA,0,NA,0,NA,0,0,0,NA,0,0,0,0,0,NA,0,0,NA,0,0,0,0,NA,0,NA,0,0,0,0,0,0,0,NA,NA,0,0,0,0,0,0,NA,NA,0,0,NA,NA,0,0,0,0,0,0,0,NA,NA,NA,NA,NA,NA,NA,NA,NA,NA,NA,NA,NA,NA,NA,NA,NA,NA,NA,NA,NA,NA
"257",1,NA,1,NA,NA,0,0,0,0,0,0,0,NA,0,NA,0,NA,0,0,0,NA,0,0,0,0,0,NA,0,0,NA,0,0,0,0,NA,0,NA,0,0,0,0,0,0,0,NA,NA,0,0,0,NA,NA,0,NA,NA,0,0,NA,0,0,0,0,0,0,0,0,NA,NA,NA,NA,NA,NA,NA,NA,NA,NA,NA,NA,NA,NA,NA,NA,NA,NA,NA,NA,NA,NA
"258",1,NA,1,NA,NA,1,0,0,0,0,0,0,NA,0,NA,0,NA,0,0,0,NA,0,0,0,0,0,NA,0,0,NA,0,0,0,0,NA,0,0,0,0,0,0,0,0,0,NA,NA,0,0,0,NA,0,0,NA,NA,0,0,NA,NA,0,0,0,0,0,0,0,NA,NA,NA,NA,NA,NA,NA,NA,NA,NA,NA,NA,NA,NA,NA,NA,NA,NA,NA,NA,NA,NA
"259",1,NA,1,NA,NA,0,0,NA,0,0,0,0,NA,0,NA,0,NA,0,0,0,NA,0,0,0,0,0,NA,0,0,NA,0,0,0,0,NA,0,0,0,0,0,0,0,0,0,NA,NA,0,0,0,NA,NA,0,NA,0,0,0,NA,0,0,0,0,0,0,0,0,NA,NA,NA,NA,NA,NA,NA,NA,NA,NA,NA,NA,NA,NA,NA,NA,NA,NA,NA,NA,NA,NA
"260",1,NA,1,NA,NA,1,0,0,0,0,0,0,NA,0,NA,0,NA,0,0,0,NA,0,0,0,0,0,NA,0,0,NA,0,0,0,0,NA,0,NA,0,0,0,0,0,0,0,NA,NA,0,0,0,NA,0,0,NA,NA,0,0,NA,NA,0,0,0,0,0,0,0,NA,NA,NA,NA,NA,NA,NA,NA,NA,NA,NA,NA,NA,NA,NA,NA,NA,NA,NA,NA,NA,NA
"261",1,NA,1,NA,NA,0,0,NA,0,0,0,0,NA,0,NA,0,NA,0,0,0,NA,0,0,0,0,0,NA,0,0,NA,0,0,0,0,NA,0,NA,0,0,0,0,0,0,0,NA,NA,0,0,0,NA,NA,0,NA,0,0,0,NA,0,0,0,0,0,0,0,0,NA,NA,NA,NA,NA,NA,NA,NA,NA,NA,NA,NA,NA,NA,NA,NA,NA,NA,NA,NA,NA,NA
"262",1,NA,1,NA,NA,1,0,NA,0,0,0,0,NA,0,NA,0,NA,0,0,0,NA,0,0,0,0,0,NA,0,0,NA,0,0,0,0,NA,0,NA,0,0,0,0,0,0,0,NA,NA,0,0,0,0,0,0,NA,NA,0,0,NA,NA,0,0,0,0,0,0,0,NA,NA,NA,NA,NA,NA,NA,NA,NA,NA,NA,NA,NA,NA,NA,NA,NA,NA,NA,NA,NA,NA
"263",1,NA,1,NA,NA,0,0,NA,0,0,0,0,NA,0,NA,0,NA,0,0,0,NA,0,0,0,0,0,NA,0,0,NA,0,0,0,0,NA,0,0,0,0,0,0,0,0,0,NA,NA,0,0,0,NA,NA,0,NA,NA,0,0,NA,0,0,0,0,0,0,0,0,NA,NA,NA,NA,NA,NA,NA,NA,NA,NA,NA,NA,NA,NA,NA,NA,NA,NA,NA,NA,NA,NA
"264",1,NA,1,NA,NA,1,0,NA,0,0,0,0,NA,0,NA,0,NA,0,0,0,NA,0,0,0,0,0,NA,0,0,NA,0,0,0,0,NA,0,0,0,0,0,0,0,0,0,NA,NA,0,0,0,NA,0,0,NA,NA,0,0,NA,NA,0,0,0,0,0,0,0,NA,NA,NA,NA,NA,NA,NA,NA,NA,NA,NA,NA,NA,NA,NA,NA,NA,NA,NA,NA,NA,NA
"265",1,NA,1,NA,NA,0,0,NA,0,0,0,0,NA,0,NA,0,NA,0,0,0,NA,0,0,0,0,0,NA,0,0,NA,0,0,0,0,NA,0,NA,0,0,0,0,0,0,0,NA,NA,0,0,0,NA,NA,0,NA,NA,0,0,NA,0,0,0,0,0,0,0,0,NA,NA,NA,NA,NA,NA,NA,NA,NA,NA,NA,NA,NA,NA,NA,NA,NA,NA,NA,NA,NA,NA
"266",1,NA,1,NA,NA,1,0,NA,0,0,0,0,NA,0,NA,0,NA,0,0,0,NA,0,0,0,0,0,NA,0,0,NA,0,0,0,0,NA,0,NA,0,0,0,0,0,0,0,NA,NA,0,0,0,NA,0,0,NA,NA,0,0,NA,NA,0,0,0,0,0,0,0,NA,NA,NA,NA,NA,NA,NA,NA,NA,NA,NA,NA,NA,NA,NA,NA,NA,NA,NA,NA,NA,NA
"267",1,NA,1,NA,NA,1,0,0,0,0,0,0,NA,0,NA,0,NA,0,0,0,NA,0,0,0,0,0,NA,0,0,NA,0,0,0,0,NA,0,0,0,0,0,0,0,0,0,NA,0,0,0,0,0,NA,0,NA,0,0,0,NA,NA,0,0,0,0,0,0,0,NA,NA,NA,NA,NA,NA,NA,NA,NA,NA,NA,NA,NA,NA,NA,NA,NA,NA,NA,NA,NA,NA
"268",1,NA,1,NA,NA,1,0,NA,0,0,0,0,NA,0,NA,0,NA,0,0,0,NA,0,0,0,0,0,NA,0,0,NA,0,0,0,0,NA,0,0,0,0,0,0,0,0,0,NA,0,0,0,0,0,NA,0,NA,0,0,0,NA,NA,0,0,0,0,0,0,0,NA,NA,NA,NA,NA,NA,NA,NA,NA,NA,NA,NA,NA,NA,NA,NA,NA,NA,NA,NA,NA,NA
"269",1,NA,1,NA,NA,1,0,0,0,0,0,0,NA,0,NA,0,NA,0,0,0,NA,0,0,0,0,0,NA,0,0,NA,0,0,0,0,NA,0,0,0,0,0,0,0,0,0,NA,NA,0,0,0,0,NA,0,NA,0,0,0,NA,NA,0,0,0,0,0,0,0,NA,NA,NA,NA,NA,NA,NA,NA,NA,NA,NA,NA,NA,NA,NA,NA,NA,NA,NA,NA,NA,NA
"270",1,NA,1,NA,NA,1,0,NA,0,0,0,0,NA,0,NA,0,NA,0,0,0,NA,0,0,0,0,0,NA,0,0,NA,0,0,0,0,NA,0,0,0,0,0,0,0,0,0,NA,NA,0,0,0,0,NA,0,NA,0,0,0,NA,NA,0,0,0,0,0,0,0,NA,NA,NA,NA,NA,NA,NA,NA,NA,NA,NA,NA,NA,NA,NA,NA,NA,NA,NA,NA,NA,NA
"271",1,NA,1,NA,NA,1,0,0,0,0,0,0,NA,0,NA,0,NA,0,0,0,NA,0,0,0,0,0,NA,0,0,NA,0,0,0,0,NA,0,0,0,0,0,0,0,0,0,NA,0,0,0,0,0,NA,0,NA,NA,0,0,NA,NA,0,0,0,0,0,0,0,NA,NA,NA,NA,NA,NA,NA,NA,NA,NA,NA,NA,NA,NA,NA,NA,NA,NA,NA,NA,NA,NA
"272",1,NA,1,NA,NA,1,0,0,0,0,0,0,NA,0,NA,0,NA,0,0,0,NA,0,0,0,0,0,NA,0,0,NA,0,0,0,0,NA,0,0,0,0,0,0,0,0,0,NA,0,0,0,0,NA,NA,0,NA,0,0,0,NA,NA,0,0,0,0,0,0,0,NA,NA,NA,NA,NA,NA,NA,NA,NA,NA,NA,NA,NA,NA,NA,NA,NA,NA,NA,NA,NA,NA
"273",1,NA,1,NA,NA,1,0,0,0,0,0,0,NA,0,NA,0,NA,0,0,0,NA,0,0,0,0,0,NA,0,0,NA,0,0,0,0,NA,0,0,0,0,0,0,0,0,0,NA,NA,0,0,0,0,NA,0,NA,NA,0,0,NA,NA,0,0,0,0,0,0,0,NA,NA,NA,NA,NA,NA,NA,NA,NA,NA,NA,NA,NA,NA,NA,NA,NA,NA,NA,NA,NA,NA
"274",1,NA,1,NA,NA,1,0,NA,0,0,0,0,NA,0,NA,0,NA,0,0,0,NA,0,0,0,0,0,NA,0,0,NA,0,0,0,0,NA,0,0,0,0,0,0,0,0,0,NA,0,0,0,0,NA,NA,0,NA,0,0,0,NA,NA,0,0,0,0,0,0,0,NA,NA,NA,NA,NA,NA,NA,NA,NA,NA,NA,NA,NA,NA,NA,NA,NA,NA,NA,NA,NA,NA
"275",1,NA,1,NA,NA,1,0,NA,0,0,0,0,NA,0,NA,0,NA,0,0,0,NA,0,0,0,0,0,NA,0,0,NA,0,0,0,0,NA,0,0,0,0,0,0,0,0,0,NA,0,0,0,0,0,NA,0,NA,NA,0,0,NA,NA,0,0,0,0,0,0,0,NA,NA,NA,NA,NA,NA,NA,NA,NA,NA,NA,NA,NA,NA,NA,NA,NA,NA,NA,NA,NA,NA
"276",1,NA,1,NA,NA,1,0,0,0,0,0,0,NA,0,NA,0,NA,0,0,0,NA,0,0,0,0,0,NA,0,0,NA,0,0,0,0,NA,0,0,0,0,0,0,0,0,0,NA,NA,0,0,0,NA,NA,0,NA,0,0,0,NA,NA,0,0,0,0,0,0,0,NA,NA,NA,NA,NA,NA,NA,NA,NA,NA,NA,NA,NA,NA,NA,NA,NA,NA,NA,NA,NA,NA
"277",1,NA,1,NA,NA,1,0,NA,0,0,0,0,NA,0,NA,0,NA,0,0,0,NA,0,0,0,0,0,NA,0,0,NA,0,0,0,0,NA,0,0,0,0,0,0,0,0,0,NA,NA,0,0,0,0,NA,0,NA,NA,0,0,NA,NA,0,0,0,0,0,0,0,NA,NA,NA,NA,NA,NA,NA,NA,NA,NA,NA,NA,NA,NA,NA,NA,NA,NA,NA,NA,NA,NA
"278",1,NA,1,NA,NA,1,0,0,0,0,0,0,NA,0,NA,0,NA,0,0,0,NA,0,0,0,0,0,NA,0,0,NA,0,0,0,0,NA,0,NA,0,0,0,0,0,0,0,NA,0,0,0,0,0,NA,0,NA,0,0,0,NA,NA,0,0,0,0,0,0,0,NA,NA,NA,NA,NA,NA,NA,NA,NA,NA,NA,NA,NA,NA,NA,NA,NA,NA,NA,NA,NA,NA
"279",1,NA,1,NA,NA,1,0,NA,0,0,0,0,NA,0,NA,0,NA,0,0,0,NA,0,0,0,0,0,NA,0,0,NA,0,0,0,0,NA,0,0,0,0,0,0,0,0,0,NA,NA,0,0,0,NA,NA,0,NA,0,0,0,NA,NA,0,0,0,0,0,0,0,NA,NA,NA,NA,NA,NA,NA,NA,NA,NA,NA,NA,NA,NA,NA,NA,NA,NA,NA,NA,NA,NA
"280",1,NA,1,NA,NA,1,0,0,0,0,0,0,NA,0,NA,0,NA,0,0,0,NA,0,0,0,0,0,NA,0,0,NA,0,0,0,0,NA,0,NA,0,0,0,0,0,0,0,NA,NA,0,0,0,0,NA,0,NA,0,0,0,NA,NA,0,0,0,0,0,0,0,NA,NA,NA,NA,NA,NA,NA,NA,NA,NA,NA,NA,NA,NA,NA,NA,NA,NA,NA,NA,NA,NA
"281",1,NA,1,NA,NA,1,0,0,0,0,0,0,NA,0,NA,0,NA,0,0,0,NA,0,0,0,0,0,NA,0,0,NA,0,0,0,0,NA,0,0,0,0,0,0,0,0,0,NA,0,0,0,0,NA,NA,0,NA,NA,0,0,NA,NA,0,0,0,0,0,0,0,NA,NA,NA,NA,NA,NA,NA,NA,NA,NA,NA,NA,NA,NA,NA,NA,NA,NA,NA,NA,NA,NA
"282",1,NA,1,NA,NA,1,0,NA,0,0,0,0,NA,0,NA,0,NA,0,0,0,NA,0,0,0,0,0,NA,0,0,NA,0,0,0,0,NA,0,NA,0,0,0,0,0,0,0,NA,0,0,0,0,0,NA,0,NA,0,0,0,NA,NA,0,0,0,0,0,0,0,NA,NA,NA,NA,NA,NA,NA,NA,NA,NA,NA,NA,NA,NA,NA,NA,NA,NA,NA,NA,NA,NA
"283",1,NA,1,NA,NA,1,0,NA,0,0,0,0,NA,0,NA,0,NA,0,0,0,NA,0,0,0,0,0,NA,0,0,NA,0,0,0,0,NA,0,0,0,0,0,0,0,0,0,NA,0,0,0,0,NA,NA,0,NA,NA,0,0,NA,NA,0,0,0,0,0,0,0,NA,NA,NA,NA,NA,NA,NA,NA,NA,NA,NA,NA,NA,NA,NA,NA,NA,NA,NA,NA,NA,NA
"284",1,NA,1,NA,NA,1,0,0,0,0,0,0,NA,0,NA,0,NA,0,0,0,NA,0,0,0,0,0,NA,0,0,NA,0,0,0,0,NA,0,NA,0,0,0,0,0,0,0,NA,0,0,0,0,NA,NA,0,NA,0,0,0,NA,NA,0,0,0,0,0,0,0,NA,NA,NA,NA,NA,NA,NA,NA,NA,NA,NA,NA,NA,NA,NA,NA,NA,NA,NA,NA,NA,NA
"285",1,NA,1,NA,NA,1,0,0,0,0,0,0,NA,0,NA,0,NA,0,0,0,NA,0,0,0,0,0,NA,0,0,NA,0,0,0,0,NA,0,0,0,0,0,0,0,0,0,NA,NA,0,0,0,NA,NA,0,NA,NA,0,0,NA,NA,0,0,0,0,0,0,0,NA,NA,NA,NA,NA,NA,NA,NA,NA,NA,NA,NA,NA,NA,NA,NA,NA,NA,NA,NA,NA,NA
"286",1,NA,1,NA,NA,1,0,0,0,0,0,0,NA,0,NA,0,NA,0,0,0,NA,0,0,0,0,0,NA,0,0,NA,0,0,0,0,NA,0,NA,0,0,0,0,0,0,0,NA,0,0,0,0,0,NA,0,NA,NA,0,0,NA,NA,0,0,0,0,0,0,0,NA,NA,NA,NA,NA,NA,NA,NA,NA,NA,NA,NA,NA,NA,NA,NA,NA,NA,NA,NA,NA,NA
"287",1,NA,1,NA,NA,1,0,NA,0,0,0,0,NA,0,NA,0,NA,0,0,0,NA,0,0,0,0,0,NA,0,0,NA,0,0,0,0,NA,0,NA,0,0,0,0,0,0,0,NA,NA,0,0,0,0,NA,0,NA,0,0,0,NA,NA,0,0,0,0,0,0,0,NA,NA,NA,NA,NA,NA,NA,NA,NA,NA,NA,NA,NA,NA,NA,NA,NA,NA,NA,NA,NA,NA
"288",1,NA,1,NA,NA,1,0,NA,0,0,0,0,NA,0,NA,0,NA,0,0,0,NA,0,0,0,0,0,NA,0,0,NA,0,0,0,0,NA,0,NA,0,0,0,0,0,0,0,NA,0,0,0,0,0,NA,0,NA,NA,0,0,NA,NA,0,0,0,0,0,0,0,NA,NA,NA,NA,NA,NA,NA,NA,NA,NA,NA,NA,NA,NA,NA,NA,NA,NA,NA,NA,NA,NA
"289",1,NA,1,NA,NA,1,0,0,0,0,0,0,NA,0,NA,0,NA,0,0,0,NA,0,0,0,0,0,NA,0,0,NA,0,0,0,0,NA,0,NA,0,0,0,0,0,0,0,NA,NA,0,0,0,NA,NA,0,NA,0,0,0,NA,NA,0,0,0,0,0,0,0,NA,NA,NA,NA,NA,NA,NA,NA,NA,NA,NA,NA,NA,NA,NA,NA,NA,NA,NA,NA,NA,NA
"290",1,NA,1,NA,NA,1,0,NA,0,0,0,0,NA,0,NA,0,NA,0,0,0,NA,0,0,0,0,0,NA,0,0,NA,0,0,0,0,NA,0,0,0,0,0,0,0,0,0,NA,NA,0,0,0,NA,NA,0,NA,NA,0,0,NA,NA,0,0,0,0,0,0,0,NA,NA,NA,NA,NA,NA,NA,NA,NA,NA,NA,NA,NA,NA,NA,NA,NA,NA,NA,NA,NA,NA
"291",1,NA,1,NA,NA,1,0,0,0,0,0,0,NA,0,NA,0,NA,0,0,0,NA,0,0,0,0,0,NA,0,0,NA,0,0,0,0,NA,0,NA,0,0,0,0,0,0,0,NA,0,0,0,0,NA,NA,0,NA,NA,0,0,NA,NA,0,0,0,0,0,0,0,NA,NA,NA,NA,NA,NA,NA,NA,NA,NA,NA,NA,NA,NA,NA,NA,NA,NA,NA,NA,NA,NA
"292",1,NA,1,NA,NA,1,0,0,0,0,0,0,NA,0,NA,0,NA,0,0,0,NA,0,0,0,0,0,NA,0,0,NA,0,0,0,0,NA,0,NA,0,0,0,0,0,0,0,NA,NA,0,0,0,0,NA,0,NA,NA,0,0,NA,NA,0,0,0,0,0,0,0,NA,NA,NA,NA,NA,NA,NA,NA,NA,NA,NA,NA,NA,NA,NA,NA,NA,NA,NA,NA,NA,NA
"293",1,NA,1,NA,NA,1,0,NA,0,0,0,0,NA,0,NA,0,NA,0,0,0,NA,0,0,0,0,0,NA,0,0,NA,0,0,0,0,NA,0,NA,0,0,0,0,0,0,0,NA,0,0,0,0,NA,NA,0,NA,0,0,0,NA,NA,0,0,0,0,0,0,0,NA,NA,NA,NA,NA,NA,NA,NA,NA,NA,NA,NA,NA,NA,NA,NA,NA,NA,NA,NA,NA,NA
"294",1,NA,1,NA,NA,1,0,NA,0,0,0,0,NA,0,NA,0,NA,0,0,0,NA,0,0,0,0,0,NA,0,0,NA,0,0,0,0,NA,0,NA,0,0,0,0,0,0,0,NA,NA,0,0,0,0,NA,0,NA,NA,0,0,NA,NA,0,0,0,0,0,0,0,NA,NA,NA,NA,NA,NA,NA,NA,NA,NA,NA,NA,NA,NA,NA,NA,NA,NA,NA,NA,NA,NA
"295",1,NA,1,NA,NA,1,0,NA,0,0,0,0,NA,0,NA,0,NA,0,0,0,NA,0,0,0,0,0,NA,0,0,NA,0,0,0,0,NA,0,NA,0,0,0,0,0,0,0,NA,0,0,0,0,NA,NA,0,NA,NA,0,0,NA,NA,0,0,0,0,0,0,0,NA,NA,NA,NA,NA,NA,NA,NA,NA,NA,NA,NA,NA,NA,NA,NA,NA,NA,NA,NA,NA,NA
"296",1,NA,1,NA,NA,1,0,0,0,0,0,0,NA,0,NA,0,NA,0,0,0,NA,0,0,0,0,0,NA,0,0,NA,0,0,0,0,NA,0,NA,0,0,0,0,0,0,0,NA,NA,0,0,0,NA,NA,0,NA,NA,0,0,NA,NA,0,0,0,0,0,0,0,NA,NA,NA,NA,NA,NA,NA,NA,NA,NA,NA,NA,NA,NA,NA,NA,NA,NA,NA,NA,NA,NA
"297",1,NA,1,NA,NA,1,0,NA,0,0,0,0,NA,0,NA,0,NA,0,0,0,NA,0,0,0,0,0,NA,0,0,NA,0,0,0,0,NA,0,NA,0,0,0,0,0,0,0,NA,NA,0,0,0,NA,NA,0,NA,0,0,0,NA,NA,0,0,0,0,0,0,0,NA,NA,NA,NA,NA,NA,NA,NA,NA,NA,NA,NA,NA,NA,NA,NA,NA,NA,NA,NA,NA,NA
"298",1,NA,1,NA,NA,1,0,NA,0,0,0,0,NA,0,NA,0,NA,0,0,0,NA,0,0,0,0,0,NA,0,0,NA,0,0,0,0,NA,0,NA,0,0,0,0,0,0,0,NA,NA,0,0,0,NA,NA,0,NA,NA,0,0,NA,NA,0,0,0,0,0,0,0,NA,NA,NA,NA,NA,NA,NA,NA,NA,NA,NA,NA,NA,NA,NA,NA,NA,NA,NA,NA,NA,NA
"299",1,NA,1,NA,NA,0,1,0,0,0,0,0,NA,0,NA,0,NA,0,0,0,NA,0,0,0,0,0,NA,0,0,NA,0,0,0,0,NA,0,NA,0,0,0,0,0,0,0,NA,0,NA,0,0,0,0,0,NA,0,0,0,NA,0,0,0,0,0,0,0,0,NA,NA,NA,NA,NA,NA,NA,NA,NA,NA,NA,NA,NA,NA,NA,NA,NA,NA,NA,NA,NA,NA
"300",1,NA,1,NA,NA,0,1,0,0,0,0,0,NA,0,NA,0,NA,0,0,0,NA,0,0,0,0,0,NA,0,0,NA,0,0,0,0,NA,0,0,0,0,0,0,0,0,0,NA,0,NA,0,0,NA,0,0,NA,0,0,0,NA,0,0,0,0,0,0,0,0,NA,NA,NA,NA,NA,NA,NA,NA,NA,NA,NA,NA,NA,NA,NA,NA,NA,NA,NA,NA,NA,NA
"301",1,NA,1,NA,NA,0,1,0,0,0,0,0,NA,0,NA,0,NA,0,0,0,NA,0,0,0,0,0,NA,0,0,NA,0,0,0,0,NA,0,NA,0,0,0,0,0,0,0,NA,0,NA,0,0,NA,0,0,NA,0,0,0,NA,0,0,0,0,0,0,0,0,NA,NA,NA,NA,NA,NA,NA,NA,NA,NA,NA,NA,NA,NA,NA,NA,NA,NA,NA,NA,NA,NA
"302",1,NA,1,NA,NA,0,1,0,0,0,0,0,NA,0,NA,0,NA,0,0,0,NA,0,0,0,0,0,NA,0,0,NA,0,0,0,0,NA,0,0,0,0,0,0,0,0,0,NA,NA,NA,0,0,0,0,0,NA,0,0,0,NA,0,0,0,0,0,0,0,0,NA,NA,NA,NA,NA,NA,NA,NA,NA,NA,NA,NA,NA,NA,NA,NA,NA,NA,NA,NA,NA,NA
"303",1,NA,1,NA,NA,0,1,NA,0,0,0,0,NA,0,NA,0,NA,0,0,0,NA,0,0,0,0,0,NA,0,0,NA,0,0,0,0,NA,0,0,0,0,0,0,0,0,0,NA,0,NA,0,0,NA,0,0,NA,0,0,0,NA,0,0,0,0,0,0,0,0,NA,NA,NA,NA,NA,NA,NA,NA,NA,NA,NA,NA,NA,NA,NA,NA,NA,NA,NA,NA,NA,NA
"304",1,NA,1,NA,NA,0,1,0,0,0,0,0,NA,0,NA,0,NA,0,0,0,NA,0,0,0,0,0,NA,0,0,NA,0,0,0,0,NA,0,0,0,0,0,0,0,0,0,NA,NA,NA,0,0,NA,0,0,NA,0,0,0,NA,0,0,0,0,0,0,0,0,NA,NA,NA,NA,NA,NA,NA,NA,NA,NA,NA,NA,NA,NA,NA,NA,NA,NA,NA,NA,NA,NA
"305",1,NA,1,NA,NA,0,1,NA,0,0,0,0,NA,0,NA,0,NA,0,0,0,NA,0,0,0,0,0,NA,0,0,NA,0,0,0,0,NA,0,NA,0,0,0,0,0,0,0,NA,0,NA,0,0,0,0,0,NA,0,0,0,NA,0,0,0,0,0,0,0,0,NA,NA,NA,NA,NA,NA,NA,NA,NA,NA,NA,NA,NA,NA,NA,NA,NA,NA,NA,NA,NA,NA
"306",1,NA,1,NA,NA,0,1,0,0,0,0,0,NA,0,NA,0,NA,0,0,0,NA,0,0,0,0,0,NA,0,0,NA,0,0,0,0,NA,0,NA,0,0,0,0,0,0,0,NA,NA,NA,0,0,0,0,0,NA,0,0,0,NA,0,0,0,0,0,0,0,0,NA,NA,NA,NA,NA,NA,NA,NA,NA,NA,NA,NA,NA,NA,NA,NA,NA,NA,NA,NA,NA,NA
"307",1,NA,1,NA,NA,0,1,NA,0,0,0,0,NA,0,NA,0,NA,0,0,0,NA,0,0,0,0,0,NA,0,0,NA,0,0,0,0,NA,0,NA,0,0,0,0,0,0,0,NA,0,NA,0,0,NA,0,0,NA,0,0,0,NA,0,0,0,0,0,0,0,0,NA,NA,NA,NA,NA,NA,NA,NA,NA,NA,NA,NA,NA,NA,NA,NA,NA,NA,NA,NA,NA,NA
"308",1,NA,1,NA,NA,0,1,0,0,0,0,0,NA,0,NA,0,NA,0,0,0,NA,0,0,0,0,0,NA,0,0,NA,0,0,0,0,NA,0,0,0,0,0,0,0,0,0,NA,0,NA,0,0,0,0,0,NA,NA,0,0,NA,0,0,0,0,0,0,0,0,NA,NA,NA,NA,NA,NA,NA,NA,NA,NA,NA,NA,NA,NA,NA,NA,NA,NA,NA,NA,NA,NA
"309",1,NA,1,NA,NA,0,1,0,0,0,0,0,NA,0,NA,0,NA,0,0,0,NA,0,0,0,0,0,NA,0,0,NA,0,0,0,0,NA,0,NA,0,0,0,0,0,0,0,NA,NA,NA,0,0,NA,0,0,NA,0,0,0,NA,0,0,0,0,0,0,0,0,NA,NA,NA,NA,NA,NA,NA,NA,NA,NA,NA,NA,NA,NA,NA,NA,NA,NA,NA,NA,NA,NA
"310",1,NA,1,NA,NA,0,1,0,0,0,0,0,NA,0,NA,0,NA,0,0,0,NA,0,0,0,0,0,NA,0,0,NA,0,0,0,0,NA,0,0,0,0,0,0,0,0,0,NA,0,NA,0,0,NA,0,0,NA,NA,0,0,NA,0,0,0,0,0,0,0,0,NA,NA,NA,NA,NA,NA,NA,NA,NA,NA,NA,NA,NA,NA,NA,NA,NA,NA,NA,NA,NA,NA
"311",1,NA,1,NA,NA,0,1,NA,0,0,0,0,NA,0,NA,0,NA,0,0,0,NA,0,0,0,0,0,NA,0,0,NA,0,0,0,0,NA,0,0,0,0,0,0,0,0,0,NA,NA,NA,0,0,0,0,0,NA,0,0,0,NA,0,0,0,0,0,0,0,0,NA,NA,NA,NA,NA,NA,NA,NA,NA,NA,NA,NA,NA,NA,NA,NA,NA,NA,NA,NA,NA,NA
"312",1,NA,1,NA,NA,0,1,0,0,0,0,0,NA,0,NA,0,NA,0,0,0,NA,0,0,0,0,0,NA,0,0,NA,0,0,0,0,NA,0,NA,0,0,0,0,0,0,0,NA,0,NA,0,0,0,0,0,NA,NA,0,0,NA,0,0,0,0,0,0,0,0,NA,NA,NA,NA,NA,NA,NA,NA,NA,NA,NA,NA,NA,NA,NA,NA,NA,NA,NA,NA,NA,NA
"313",1,NA,1,NA,NA,0,1,NA,0,0,0,0,NA,0,NA,0,NA,0,0,0,NA,0,0,0,0,0,NA,0,0,NA,0,0,0,0,NA,0,NA,0,0,0,0,0,0,0,NA,NA,NA,0,0,0,0,0,NA,0,0,0,NA,0,0,0,0,0,0,0,0,NA,NA,NA,NA,NA,NA,NA,NA,NA,NA,NA,NA,NA,NA,NA,NA,NA,NA,NA,NA,NA,NA
"314",1,NA,1,NA,NA,0,1,NA,0,0,0,0,NA,0,NA,0,NA,0,0,0,NA,0,0,0,0,0,NA,0,0,NA,0,0,0,0,NA,0,0,0,0,0,0,0,0,0,NA,0,NA,0,0,0,0,0,NA,NA,0,0,NA,0,0,0,0,0,0,0,0,NA,NA,NA,NA,NA,NA,NA,NA,NA,NA,NA,NA,NA,NA,NA,NA,NA,NA,NA,NA,NA,NA
"315",1,NA,1,NA,NA,0,1,NA,0,0,0,0,NA,0,NA,0,NA,0,0,0,NA,0,0,0,0,0,NA,0,0,NA,0,0,0,0,NA,0,0,0,0,0,0,0,0,0,NA,NA,NA,0,0,NA,0,0,NA,0,0,0,NA,0,0,0,0,0,0,0,0,NA,NA,NA,NA,NA,NA,NA,NA,NA,NA,NA,NA,NA,NA,NA,NA,NA,NA,NA,NA,NA,NA
"316",1,NA,1,NA,NA,0,1,NA,0,0,0,0,NA,0,NA,0,NA,0,0,0,NA,0,0,0,0,0,NA,0,0,NA,0,0,0,0,NA,0,NA,0,0,0,0,0,0,0,NA,0,NA,0,0,0,0,0,NA,NA,0,0,NA,0,0,0,0,0,0,0,0,NA,NA,NA,NA,NA,NA,NA,NA,NA,NA,NA,NA,NA,NA,NA,NA,NA,NA,NA,NA,NA,NA
"317",1,NA,1,NA,NA,0,1,0,0,0,0,0,NA,0,NA,0,NA,0,0,0,NA,0,0,0,0,0,NA,0,0,NA,0,0,0,0,NA,0,NA,0,0,0,0,0,0,0,NA,0,NA,0,0,NA,0,0,NA,NA,0,0,NA,0,0,0,0,0,0,0,0,NA,NA,NA,NA,NA,NA,NA,NA,NA,NA,NA,NA,NA,NA,NA,NA,NA,NA,NA,NA,NA,NA
"318",1,NA,1,NA,NA,0,1,0,0,0,0,0,NA,0,NA,0,NA,0,0,0,NA,0,0,0,0,0,NA,0,0,NA,0,0,0,0,NA,0,0,0,0,0,0,0,0,0,NA,NA,NA,0,0,0,0,0,NA,NA,0,0,NA,0,0,0,0,0,0,0,0,NA,NA,NA,NA,NA,NA,NA,NA,NA,NA,NA,NA,NA,NA,NA,NA,NA,NA,NA,NA,NA,NA
"319",1,NA,1,NA,NA,0,1,NA,0,0,0,0,NA,0,NA,0,NA,0,0,0,NA,0,0,0,0,0,NA,0,0,NA,0,0,0,0,NA,0,0,0,0,0,0,0,0,0,NA,0,NA,0,0,NA,0,0,NA,NA,0,0,NA,0,0,0,0,0,0,0,0,NA,NA,NA,NA,NA,NA,NA,NA,NA,NA,NA,NA,NA,NA,NA,NA,NA,NA,NA,NA,NA,NA
"320",1,NA,1,NA,NA,0,1,NA,0,0,0,0,NA,0,NA,0,NA,0,0,0,NA,0,0,0,0,0,NA,0,0,NA,0,0,0,0,NA,0,0,0,0,0,0,0,0,0,NA,NA,NA,0,0,0,0,0,NA,NA,0,0,NA,0,0,0,0,0,0,0,0,NA,NA,NA,NA,NA,NA,NA,NA,NA,NA,NA,NA,NA,NA,NA,NA,NA,NA,NA,NA,NA,NA
"321",1,NA,1,NA,NA,0,1,NA,0,0,0,0,NA,0,NA,0,NA,0,0,0,NA,0,0,0,0,0,NA,0,0,NA,0,0,0,0,NA,0,NA,0,0,0,0,0,0,0,NA,0,NA,0,0,NA,0,0,NA,NA,0,0,NA,0,0,0,0,0,0,0,0,NA,NA,NA,NA,NA,NA,NA,NA,NA,NA,NA,NA,NA,NA,NA,NA,NA,NA,NA,NA,NA,NA
"322",1,NA,1,NA,NA,0,1,0,0,0,0,0,NA,0,NA,0,NA,0,0,0,NA,0,0,0,0,0,NA,0,0,NA,0,0,0,0,NA,0,NA,0,0,0,0,0,0,0,NA,NA,NA,0,0,0,0,0,NA,NA,0,0,NA,0,0,0,0,0,0,0,0,NA,NA,NA,NA,NA,NA,NA,NA,NA,NA,NA,NA,NA,NA,NA,NA,NA,NA,NA,NA,NA,NA
"323",1,NA,1,NA,NA,0,1,NA,0,0,0,0,NA,0,NA,0,NA,0,0,0,NA,0,0,0,0,0,NA,0,0,NA,0,0,0,0,NA,0,NA,0,0,0,0,0,0,0,NA,NA,NA,0,0,0,0,0,NA,NA,0,0,NA,0,0,0,0,0,0,0,0,NA,NA,NA,NA,NA,NA,NA,NA,NA,NA,NA,NA,NA,NA,NA,NA,NA,NA,NA,NA,NA,NA
"324",1,NA,1,NA,NA,0,1,0,0,0,0,0,NA,0,NA,0,NA,0,0,0,NA,0,0,0,0,0,NA,0,0,NA,0,0,0,0,NA,0,0,0,0,0,0,0,0,0,NA,NA,NA,0,0,NA,0,0,NA,NA,0,0,NA,0,0,0,0,0,0,0,0,NA,NA,NA,NA,NA,NA,NA,NA,NA,NA,NA,NA,NA,NA,NA,NA,NA,NA,NA,NA,NA,NA
"325",1,NA,1,NA,NA,0,1,0,0,0,0,0,NA,0,NA,0,NA,0,0,0,NA,0,0,0,0,0,NA,0,0,NA,0,0,0,0,NA,0,NA,0,0,0,0,0,0,0,NA,NA,NA,0,0,NA,0,0,NA,NA,0,0,NA,0,0,0,0,0,0,0,0,NA,NA,NA,NA,NA,NA,NA,NA,NA,NA,NA,NA,NA,NA,NA,NA,NA,NA,NA,NA,NA,NA
"326",1,NA,1,NA,NA,0,1,NA,0,0,0,0,NA,0,NA,0,NA,0,0,0,NA,0,0,0,0,0,NA,0,0,NA,0,0,0,0,NA,0,0,0,0,0,0,0,0,0,NA,NA,NA,0,0,NA,0,0,NA,NA,0,0,NA,0,0,0,0,0,0,0,0,NA,NA,NA,NA,NA,NA,NA,NA,NA,NA,NA,NA,NA,NA,NA,NA,NA,NA,NA,NA,NA,NA
"327",1,NA,1,NA,NA,0,1,NA,0,0,0,0,NA,0,NA,0,NA,0,0,0,NA,0,0,0,0,0,NA,0,0,NA,0,0,0,0,NA,0,NA,0,0,0,0,0,0,0,NA,NA,NA,0,0,NA,0,0,NA,0,0,0,NA,0,0,0,0,0,0,0,0,NA,NA,NA,NA,NA,NA,NA,NA,NA,NA,NA,NA,NA,NA,NA,NA,NA,NA,NA,NA,NA,NA
"328",1,NA,1,NA,NA,0,1,NA,0,0,0,0,NA,0,NA,0,NA,0,0,0,NA,0,0,0,0,0,NA,0,0,NA,0,0,0,0,NA,0,NA,0,0,0,0,0,0,0,NA,NA,NA,0,0,NA,0,0,NA,NA,0,0,NA,0,0,0,0,0,0,0,0,NA,NA,NA,NA,NA,NA,NA,NA,NA,NA,NA,NA,NA,NA,NA,NA,NA,NA,NA,NA,NA,NA
"329",1,NA,1,NA,NA,0,1,0,0,0,0,0,NA,0,NA,0,NA,0,0,0,NA,0,0,0,0,0,NA,0,0,NA,0,0,0,0,NA,0,0,0,0,0,0,0,0,0,NA,0,NA,0,0,0,NA,0,NA,0,0,0,NA,0,0,0,0,0,0,0,0,NA,NA,NA,NA,NA,NA,NA,NA,NA,NA,NA,NA,NA,NA,NA,NA,NA,NA,NA,NA,NA,NA
"330",1,NA,1,NA,NA,1,1,0,0,0,0,0,NA,0,NA,0,NA,0,0,0,NA,0,0,0,0,0,NA,0,0,NA,0,0,0,0,NA,0,0,0,0,0,0,0,0,0,NA,0,NA,0,0,0,0,0,NA,0,0,0,NA,NA,0,0,0,0,0,0,0,NA,NA,NA,NA,NA,NA,NA,NA,NA,NA,NA,NA,NA,NA,NA,NA,NA,NA,NA,NA,NA,NA
"331",1,NA,1,NA,NA,0,1,0,0,0,0,0,NA,0,NA,0,NA,0,0,0,NA,0,0,0,0,0,NA,0,0,NA,0,0,0,0,NA,0,0,0,0,0,0,0,0,0,NA,0,NA,0,0,NA,NA,0,NA,0,0,0,NA,0,0,0,0,0,0,0,0,NA,NA,NA,NA,NA,NA,NA,NA,NA,NA,NA,NA,NA,NA,NA,NA,NA,NA,NA,NA,NA,NA
"332",1,NA,1,NA,NA,1,1,NA,0,0,0,0,NA,0,NA,0,NA,0,0,0,NA,0,0,0,0,0,NA,0,0,NA,0,0,0,0,NA,0,0,0,0,0,0,0,0,0,NA,0,NA,0,0,0,0,0,NA,0,0,0,NA,NA,0,0,0,0,0,0,0,NA,NA,NA,NA,NA,NA,NA,NA,NA,NA,NA,NA,NA,NA,NA,NA,NA,NA,NA,NA,NA,NA
"333",1,NA,1,NA,NA,0,1,NA,0,0,0,0,NA,0,NA,0,NA,0,0,0,NA,0,0,0,0,0,NA,0,0,NA,0,0,0,0,NA,0,0,0,0,0,0,0,0,0,NA,0,NA,0,0,0,NA,0,NA,0,0,0,NA,0,0,0,0,0,0,0,0,NA,NA,NA,NA,NA,NA,NA,NA,NA,NA,NA,NA,NA,NA,NA,NA,NA,NA,NA,NA,NA,NA
"334",1,NA,1,NA,NA,1,1,0,0,0,0,0,NA,0,NA,0,NA,0,0,0,NA,0,0,0,0,0,NA,0,0,NA,0,0,0,0,NA,0,0,0,0,0,0,0,0,0,NA,0,NA,0,0,NA,0,0,NA,0,0,0,NA,NA,0,0,0,0,0,0,0,NA,NA,NA,NA,NA,NA,NA,NA,NA,NA,NA,NA,NA,NA,NA,NA,NA,NA,NA,NA,NA,NA
"335",1,NA,1,NA,NA,0,1,NA,0,0,0,0,NA,0,NA,0,NA,0,0,0,NA,0,0,0,0,0,NA,0,0,NA,0,0,0,0,NA,0,0,0,0,0,0,0,0,0,NA,0,NA,0,0,NA,NA,0,NA,0,0,0,NA,0,0,0,0,0,0,0,0,NA,NA,NA,NA,NA,NA,NA,NA,NA,NA,NA,NA,NA,NA,NA,NA,NA,NA,NA,NA,NA,NA
"336",1,NA,1,NA,NA,1,1,0,0,0,0,0,NA,0,NA,0,NA,0,0,0,NA,0,0,0,0,0,NA,0,0,NA,0,0,0,0,NA,0,0,0,0,0,0,0,0,0,NA,0,NA,0,0,0,0,0,NA,NA,0,0,NA,NA,0,0,0,0,0,0,0,NA,NA,NA,NA,NA,NA,NA,NA,NA,NA,NA,NA,NA,NA,NA,NA,NA,NA,NA,NA,NA,NA
"337",1,NA,1,NA,NA,0,1,0,0,0,0,0,NA,0,NA,0,NA,0,0,0,NA,0,0,0,0,0,NA,0,0,NA,0,0,0,0,NA,0,0,0,0,0,0,0,0,0,NA,0,NA,0,0,0,NA,0,NA,NA,0,0,NA,0,0,0,0,0,0,0,0,NA,NA,NA,NA,NA,NA,NA,NA,NA,NA,NA,NA,NA,NA,NA,NA,NA,NA,NA,NA,NA,NA
"338",1,NA,1,NA,NA,1,1,0,0,0,0,0,NA,0,NA,0,NA,0,0,0,NA,0,0,0,0,0,NA,0,0,NA,0,0,0,0,NA,0,0,0,0,0,0,0,0,0,NA,NA,NA,0,0,0,0,0,NA,0,0,0,NA,NA,0,0,0,0,0,0,0,NA,NA,NA,NA,NA,NA,NA,NA,NA,NA,NA,NA,NA,NA,NA,NA,NA,NA,NA,NA,NA,NA
"339",1,NA,1,NA,NA,0,1,0,0,0,0,0,NA,0,NA,0,NA,0,0,0,NA,0,0,0,0,0,NA,0,0,NA,0,0,0,0,NA,0,0,0,0,0,0,0,0,0,NA,0,NA,0,0,NA,NA,0,NA,NA,0,0,NA,0,0,0,0,0,0,0,0,NA,NA,NA,NA,NA,NA,NA,NA,NA,NA,NA,NA,NA,NA,NA,NA,NA,NA,NA,NA,NA,NA
"340",1,NA,1,NA,NA,1,1,0,0,0,0,0,NA,0,NA,0,NA,0,0,0,NA,0,0,0,0,0,NA,0,0,NA,0,0,0,0,NA,0,0,0,0,0,0,0,0,0,NA,NA,NA,0,0,NA,0,0,NA,0,0,0,NA,NA,0,0,0,0,0,0,0,NA,NA,NA,NA,NA,NA,NA,NA,NA,NA,NA,NA,NA,NA,NA,NA,NA,NA,NA,NA,NA,NA
"341",1,NA,1,NA,NA,0,1,NA,0,0,0,0,NA,0,NA,0,NA,0,0,0,NA,0,0,0,0,0,NA,0,0,NA,0,0,0,0,NA,0,0,0,0,0,0,0,0,0,NA,0,NA,0,0,0,NA,0,NA,NA,0,0,NA,0,0,0,0,0,0,0,0,NA,NA,NA,NA,NA,NA,NA,NA,NA,NA,NA,NA,NA,NA,NA,NA,NA,NA,NA,NA,NA,NA
"342",1,NA,1,NA,NA,1,1,0,0,0,0,0,NA,0,NA,0,NA,0,0,0,NA,0,0,0,0,0,NA,0,0,NA,0,0,0,0,NA,0,0,0,0,0,0,0,0,0,NA,0,NA,0,0,NA,0,0,NA,NA,0,0,NA,NA,0,0,0,0,0,0,0,NA,NA,NA,NA,NA,NA,NA,NA,NA,NA,NA,NA,NA,NA,NA,NA,NA,NA,NA,NA,NA,NA
"343",1,NA,1,NA,NA,0,1,0,0,0,0,0,NA,0,NA,0,NA,0,0,0,NA,0,0,0,0,0,NA,0,0,NA,0,0,0,0,NA,0,NA,0,0,0,0,0,0,0,NA,0,NA,0,0,0,NA,0,NA,0,0,0,NA,0,0,0,0,0,0,0,0,NA,NA,NA,NA,NA,NA,NA,NA,NA,NA,NA,NA,NA,NA,NA,NA,NA,NA,NA,NA,NA,NA
"344",1,NA,1,NA,NA,1,1,NA,0,0,0,0,NA,0,NA,0,NA,0,0,0,NA,0,0,0,0,0,NA,0,0,NA,0,0,0,0,NA,0,0,0,0,0,0,0,0,0,NA,0,NA,0,0,NA,0,0,NA,0,0,0,NA,NA,0,0,0,0,0,0,0,NA,NA,NA,NA,NA,NA,NA,NA,NA,NA,NA,NA,NA,NA,NA,NA,NA,NA,NA,NA,NA,NA
"345",1,NA,1,NA,NA,0,1,0,0,0,0,0,NA,0,NA,0,NA,0,0,0,NA,0,0,0,0,0,NA,0,0,NA,0,0,0,0,NA,0,NA,0,0,0,0,0,0,0,NA,0,NA,0,0,NA,NA,0,NA,0,0,0,NA,0,0,0,0,0,0,0,0,NA,NA,NA,NA,NA,NA,NA,NA,NA,NA,NA,NA,NA,NA,NA,NA,NA,NA,NA,NA,NA,NA
"346",1,NA,1,NA,NA,1,1,NA,0,0,0,0,NA,0,NA,0,NA,0,0,0,NA,0,0,0,0,0,NA,0,0,NA,0,0,0,0,NA,0,0,0,0,0,0,0,0,0,NA,0,NA,0,0,0,0,0,NA,NA,0,0,NA,NA,0,0,0,0,0,0,0,NA,NA,NA,NA,NA,NA,NA,NA,NA,NA,NA,NA,NA,NA,NA,NA,NA,NA,NA,NA,NA,NA
"347",1,NA,1,NA,NA,0,1,NA,0,0,0,0,NA,0,NA,0,NA,0,0,0,NA,0,0,0,0,0,NA,0,0,NA,0,0,0,0,NA,0,NA,0,0,0,0,0,0,0,NA,0,NA,0,0,0,NA,0,NA,0,0,0,NA,0,0,0,0,0,0,0,0,NA,NA,NA,NA,NA,NA,NA,NA,NA,NA,NA,NA,NA,NA,NA,NA,NA,NA,NA,NA,NA,NA
"348",1,NA,1,NA,NA,1,1,NA,0,0,0,0,NA,0,NA,0,NA,0,0,0,NA,0,0,0,0,0,NA,0,0,NA,0,0,0,0,NA,0,0,0,0,0,0,0,0,0,NA,0,NA,0,0,NA,0,0,NA,NA,0,0,NA,NA,0,0,0,0,0,0,0,NA,NA,NA,NA,NA,NA,NA,NA,NA,NA,NA,NA,NA,NA,NA,NA,NA,NA,NA,NA,NA,NA
"349",1,NA,1,NA,NA,0,1,NA,0,0,0,0,NA,0,NA,0,NA,0,0,0,NA,0,0,0,0,0,NA,0,0,NA,0,0,0,0,NA,0,NA,0,0,0,0,0,0,0,NA,0,NA,0,0,NA,NA,0,NA,0,0,0,NA,0,0,0,0,0,0,0,0,NA,NA,NA,NA,NA,NA,NA,NA,NA,NA,NA,NA,NA,NA,NA,NA,NA,NA,NA,NA,NA,NA
"350",1,NA,1,NA,NA,1,1,0,0,0,0,0,NA,0,NA,0,NA,0,0,0,NA,0,0,0,0,0,NA,0,0,NA,0,0,0,0,NA,0,0,0,0,0,0,0,0,0,NA,NA,NA,0,0,0,0,0,NA,NA,0,0,NA,NA,0,0,0,0,0,0,0,NA,NA,NA,NA,NA,NA,NA,NA,NA,NA,NA,NA,NA,NA,NA,NA,NA,NA,NA,NA,NA,NA
"351",1,NA,1,NA,NA,0,1,NA,0,0,0,0,NA,0,NA,0,NA,0,0,0,NA,0,0,0,0,0,NA,0,0,NA,0,0,0,0,NA,0,0,0,0,0,0,0,0,0,NA,0,NA,0,0,NA,NA,0,NA,NA,0,0,NA,0,0,0,0,0,0,0,0,NA,NA,NA,NA,NA,NA,NA,NA,NA,NA,NA,NA,NA,NA,NA,NA,NA,NA,NA,NA,NA,NA
"352",1,NA,1,NA,NA,1,1,0,0,0,0,0,NA,0,NA,0,NA,0,0,0,NA,0,0,0,0,0,NA,0,0,NA,0,0,0,0,NA,0,NA,0,0,0,0,0,0,0,NA,0,NA,0,0,0,0,0,NA,0,0,0,NA,NA,0,0,0,0,0,0,0,NA,NA,NA,NA,NA,NA,NA,NA,NA,NA,NA,NA,NA,NA,NA,NA,NA,NA,NA,NA,NA,NA
"353",1,NA,1,NA,NA,0,1,0,0,0,0,0,NA,0,NA,0,NA,0,0,0,NA,0,0,0,0,0,NA,0,0,NA,0,0,0,0,NA,0,0,0,0,0,0,0,0,0,NA,NA,NA,0,0,0,NA,0,NA,0,0,0,NA,0,0,0,0,0,0,0,0,NA,NA,NA,NA,NA,NA,NA,NA,NA,NA,NA,NA,NA,NA,NA,NA,NA,NA,NA,NA,NA,NA
"354",1,NA,1,NA,NA,1,1,0,0,0,0,0,NA,0,NA,0,NA,0,0,0,NA,0,0,0,0,0,NA,0,0,NA,0,0,0,0,NA,0,NA,0,0,0,0,0,0,0,NA,0,NA,0,0,0,0,0,NA,NA,0,0,NA,NA,0,0,0,0,0,0,0,NA,NA,NA,NA,NA,NA,NA,NA,NA,NA,NA,NA,NA,NA,NA,NA,NA,NA,NA,NA,NA,NA
"355",1,NA,1,NA,NA,0,1,0,0,0,0,0,NA,0,NA,0,NA,0,0,0,NA,0,0,0,0,0,NA,0,0,NA,0,0,0,0,NA,0,0,0,0,0,0,0,0,0,NA,NA,NA,0,0,NA,NA,0,NA,0,0,0,NA,0,0,0,0,0,0,0,0,NA,NA,NA,NA,NA,NA,NA,NA,NA,NA,NA,NA,NA,NA,NA,NA,NA,NA,NA,NA,NA,NA
"356",1,NA,1,NA,NA,1,1,0,0,0,0,0,NA,0,NA,0,NA,0,0,0,NA,0,0,0,0,0,NA,0,0,NA,0,0,0,0,NA,0,NA,0,0,0,0,0,0,0,NA,0,NA,0,0,NA,0,0,NA,0,0,0,NA,NA,0,0,0,0,0,0,0,NA,NA,NA,NA,NA,NA,NA,NA,NA,NA,NA,NA,NA,NA,NA,NA,NA,NA,NA,NA,NA,NA
"357",1,NA,1,NA,NA,0,1,0,0,0,0,0,NA,0,NA,0,NA,0,0,0,NA,0,0,0,0,0,NA,0,0,NA,0,0,0,0,NA,0,0,0,0,0,0,0,0,0,NA,NA,NA,0,0,0,NA,0,NA,NA,0,0,NA,0,0,0,0,0,0,0,0,NA,NA,NA,NA,NA,NA,NA,NA,NA,NA,NA,NA,NA,NA,NA,NA,NA,NA,NA,NA,NA,NA
"358",1,NA,1,NA,NA,1,1,0,0,0,0,0,NA,0,NA,0,NA,0,0,0,NA,0,0,0,0,0,NA,0,0,NA,0,0,0,0,NA,0,NA,0,0,0,0,0,0,0,NA,0,NA,0,0,NA,0,0,NA,NA,0,0,NA,NA,0,0,0,0,0,0,0,NA,NA,NA,NA,NA,NA,NA,NA,NA,NA,NA,NA,NA,NA,NA,NA,NA,NA,NA,NA,NA,NA
"359",1,NA,1,NA,NA,0,1,NA,0,0,0,0,NA,0,NA,0,NA,0,0,0,NA,0,0,0,0,0,NA,0,0,NA,0,0,0,0,NA,0,0,0,0,0,0,0,0,0,NA,NA,NA,0,0,0,NA,0,NA,0,0,0,NA,0,0,0,0,0,0,0,0,NA,NA,NA,NA,NA,NA,NA,NA,NA,NA,NA,NA,NA,NA,NA,NA,NA,NA,NA,NA,NA,NA
"360",1,NA,1,NA,NA,1,1,0,0,0,0,0,NA,0,NA,0,NA,0,0,0,NA,0,0,0,0,0,NA,0,0,NA,0,0,0,0,NA,0,0,0,0,0,0,0,0,0,NA,NA,NA,0,0,NA,0,0,NA,NA,0,0,NA,NA,0,0,0,0,0,0,0,NA,NA,NA,NA,NA,NA,NA,NA,NA,NA,NA,NA,NA,NA,NA,NA,NA,NA,NA,NA,NA,NA
"361",1,NA,1,NA,NA,0,1,0,0,0,0,0,NA,0,NA,0,NA,0,0,0,NA,0,0,0,0,0,NA,0,0,NA,0,0,0,0,NA,0,NA,0,0,0,0,0,0,0,NA,NA,NA,0,0,0,NA,0,NA,0,0,0,NA,0,0,0,0,0,0,0,0,NA,NA,NA,NA,NA,NA,NA,NA,NA,NA,NA,NA,NA,NA,NA,NA,NA,NA,NA,NA,NA,NA
"362",1,NA,1,NA,NA,1,1,NA,0,0,0,0,NA,0,NA,0,NA,0,0,0,NA,0,0,0,0,0,NA,0,0,NA,0,0,0,0,NA,0,NA,0,0,0,0,0,0,0,NA,0,NA,0,0,0,0,0,NA,0,0,0,NA,NA,0,0,0,0,0,0,0,NA,NA,NA,NA,NA,NA,NA,NA,NA,NA,NA,NA,NA,NA,NA,NA,NA,NA,NA,NA,NA,NA
"363",1,NA,1,NA,NA,0,1,0,0,0,0,0,NA,0,NA,0,NA,0,0,0,NA,0,0,0,0,0,NA,0,0,NA,0,0,0,0,NA,0,0,0,0,0,0,0,0,0,NA,NA,NA,0,0,NA,NA,0,NA,NA,0,0,NA,0,0,0,0,0,0,0,0,NA,NA,NA,NA,NA,NA,NA,NA,NA,NA,NA,NA,NA,NA,NA,NA,NA,NA,NA,NA,NA,NA
"364",1,NA,1,NA,NA,1,1,NA,0,0,0,0,NA,0,NA,0,NA,0,0,0,NA,0,0,0,0,0,NA,0,0,NA,0,0,0,0,NA,0,NA,0,0,0,0,0,0,0,NA,0,NA,0,0,NA,0,0,NA,0,0,0,NA,NA,0,0,0,0,0,0,0,NA,NA,NA,NA,NA,NA,NA,NA,NA,NA,NA,NA,NA,NA,NA,NA,NA,NA,NA,NA,NA,NA
"365",1,NA,1,NA,NA,0,1,NA,0,0,0,0,NA,0,NA,0,NA,0,0,0,NA,0,0,0,0,0,NA,0,0,NA,0,0,0,0,NA,0,0,0,0,0,0,0,0,0,NA,NA,NA,0,0,0,NA,0,NA,NA,0,0,NA,0,0,0,0,0,0,0,0,NA,NA,NA,NA,NA,NA,NA,NA,NA,NA,NA,NA,NA,NA,NA,NA,NA,NA,NA,NA,NA,NA
"366",1,NA,1,NA,NA,1,1,0,0,0,0,0,NA,0,NA,0,NA,0,0,0,NA,0,0,0,0,0,NA,0,0,NA,0,0,0,0,NA,0,NA,0,0,0,0,0,0,0,NA,NA,NA,0,0,0,0,0,NA,0,0,0,NA,NA,0,0,0,0,0,0,0,NA,NA,NA,NA,NA,NA,NA,NA,NA,NA,NA,NA,NA,NA,NA,NA,NA,NA,NA,NA,NA,NA
"367",1,NA,1,NA,NA,0,1,0,0,0,0,0,NA,0,NA,0,NA,0,0,0,NA,0,0,0,0,0,NA,0,0,NA,0,0,0,0,NA,0,NA,0,0,0,0,0,0,0,NA,0,NA,0,0,0,NA,0,NA,NA,0,0,NA,0,0,0,0,0,0,0,0,NA,NA,NA,NA,NA,NA,NA,NA,NA,NA,NA,NA,NA,NA,NA,NA,NA,NA,NA,NA,NA,NA
"368",1,NA,1,NA,NA,1,1,NA,0,0,0,0,NA,0,NA,0,NA,0,0,0,NA,0,0,0,0,0,NA,0,0,NA,0,0,0,0,NA,0,0,0,0,0,0,0,0,0,NA,NA,NA,0,0,0,0,0,NA,0,0,0,NA,NA,0,0,0,0,0,0,0,NA,NA,NA,NA,NA,NA,NA,NA,NA,NA,NA,NA,NA,NA,NA,NA,NA,NA,NA,NA,NA,NA
"369",1,NA,1,NA,NA,0,1,0,0,0,0,0,NA,0,NA,0,NA,0,0,0,NA,0,0,0,0,0,NA,0,0,NA,0,0,0,0,NA,0,NA,0,0,0,0,0,0,0,NA,0,NA,0,0,NA,NA,0,NA,NA,0,0,NA,0,0,0,0,0,0,0,0,NA,NA,NA,NA,NA,NA,NA,NA,NA,NA,NA,NA,NA,NA,NA,NA,NA,NA,NA,NA,NA,NA
"370",1,NA,1,NA,NA,1,1,NA,0,0,0,0,NA,0,NA,0,NA,0,0,0,NA,0,0,0,0,0,NA,0,0,NA,0,0,0,0,NA,0,0,0,0,0,0,0,0,0,NA,NA,NA,0,0,NA,0,0,NA,0,0,0,NA,NA,0,0,0,0,0,0,0,NA,NA,NA,NA,NA,NA,NA,NA,NA,NA,NA,NA,NA,NA,NA,NA,NA,NA,NA,NA,NA,NA
"371",1,NA,1,NA,NA,0,1,NA,0,0,0,0,NA,0,NA,0,NA,0,0,0,NA,0,0,0,0,0,NA,0,0,NA,0,0,0,0,NA,0,NA,0,0,0,0,0,0,0,NA,0,NA,0,0,0,NA,0,NA,NA,0,0,NA,0,0,0,0,0,0,0,0,NA,NA,NA,NA,NA,NA,NA,NA,NA,NA,NA,NA,NA,NA,NA,NA,NA,NA,NA,NA,NA,NA
"372",1,NA,1,NA,NA,1,1,NA,0,0,0,0,NA,0,NA,0,NA,0,0,0,NA,0,0,0,0,0,NA,0,0,NA,0,0,0,0,NA,0,0,0,0,0,0,0,0,0,NA,NA,NA,0,0,0,0,0,NA,NA,0,0,NA,NA,0,0,0,0,0,0,0,NA,NA,NA,NA,NA,NA,NA,NA,NA,NA,NA,NA,NA,NA,NA,NA,NA,NA,NA,NA,NA,NA
"373",1,NA,1,NA,NA,0,1,0,0,0,0,0,NA,0,NA,0,NA,0,0,0,NA,0,0,0,0,0,NA,0,0,NA,0,0,0,0,NA,0,NA,0,0,0,0,0,0,0,NA,NA,NA,0,0,0,NA,0,NA,NA,0,0,NA,0,0,0,0,0,0,0,0,NA,NA,NA,NA,NA,NA,NA,NA,NA,NA,NA,NA,NA,NA,NA,NA,NA,NA,NA,NA,NA,NA
"374",1,NA,1,NA,NA,1,1,NA,0,0,0,0,NA,0,NA,0,NA,0,0,0,NA,0,0,0,0,0,NA,0,0,NA,0,0,0,0,NA,0,0,0,0,0,0,0,0,0,NA,NA,NA,0,0,NA,0,0,NA,NA,0,0,NA,NA,0,0,0,0,0,0,0,NA,NA,NA,NA,NA,NA,NA,NA,NA,NA,NA,NA,NA,NA,NA,NA,NA,NA,NA,NA,NA,NA
"375",1,NA,1,NA,NA,0,1,NA,0,0,0,0,NA,0,NA,0,NA,0,0,0,NA,0,0,0,0,0,NA,0,0,NA,0,0,0,0,NA,0,NA,0,0,0,0,0,0,0,NA,NA,NA,0,0,0,NA,0,NA,0,0,0,NA,0,0,0,0,0,0,0,0,NA,NA,NA,NA,NA,NA,NA,NA,NA,NA,NA,NA,NA,NA,NA,NA,NA,NA,NA,NA,NA,NA
"376",1,NA,1,NA,NA,1,1,NA,0,0,0,0,NA,0,NA,0,NA,0,0,0,NA,0,0,0,0,0,NA,0,0,NA,0,0,0,0,NA,0,NA,0,0,0,0,0,0,0,NA,0,NA,0,0,0,0,0,NA,NA,0,0,NA,NA,0,0,0,0,0,0,0,NA,NA,NA,NA,NA,NA,NA,NA,NA,NA,NA,NA,NA,NA,NA,NA,NA,NA,NA,NA,NA,NA
"377",1,NA,1,NA,NA,0,1,NA,0,0,0,0,NA,0,NA,0,NA,0,0,0,NA,0,0,0,0,0,NA,0,0,NA,0,0,0,0,NA,0,0,0,0,0,0,0,0,0,NA,NA,NA,0,0,NA,NA,0,NA,0,0,0,NA,0,0,0,0,0,0,0,0,NA,NA,NA,NA,NA,NA,NA,NA,NA,NA,NA,NA,NA,NA,NA,NA,NA,NA,NA,NA,NA,NA
"378",1,NA,1,NA,NA,1,1,0,0,0,0,0,NA,0,NA,0,NA,0,0,0,NA,0,0,0,0,0,NA,0,0,NA,0,0,0,0,NA,0,NA,0,0,0,0,0,0,0,NA,NA,NA,0,0,0,0,0,NA,NA,0,0,NA,NA,0,0,0,0,0,0,0,NA,NA,NA,NA,NA,NA,NA,NA,NA,NA,NA,NA,NA,NA,NA,NA,NA,NA,NA,NA,NA,NA
"379",1,NA,1,NA,NA,0,1,NA,0,0,0,0,NA,0,NA,0,NA,0,0,0,NA,0,0,0,0,0,NA,0,0,NA,0,0,0,0,NA,0,NA,0,0,0,0,0,0,0,NA,0,NA,0,0,NA,NA,0,NA,NA,0,0,NA,0,0,0,0,0,0,0,0,NA,NA,NA,NA,NA,NA,NA,NA,NA,NA,NA,NA,NA,NA,NA,NA,NA,NA,NA,NA,NA,NA
"380",1,NA,1,NA,NA,1,1,0,0,0,0,0,NA,0,NA,0,NA,0,0,0,NA,0,0,0,0,0,NA,0,0,NA,0,0,0,0,NA,0,NA,0,0,0,0,0,0,0,NA,NA,NA,0,0,NA,0,0,NA,0,0,0,NA,NA,0,0,0,0,0,0,0,NA,NA,NA,NA,NA,NA,NA,NA,NA,NA,NA,NA,NA,NA,NA,NA,NA,NA,NA,NA,NA,NA
"381",1,NA,1,NA,NA,0,1,NA,0,0,0,0,NA,0,NA,0,NA,0,0,0,NA,0,0,0,0,0,NA,0,0,NA,0,0,0,0,NA,0,NA,0,0,0,0,0,0,0,NA,NA,NA,0,0,0,NA,0,NA,NA,0,0,NA,0,0,0,0,0,0,0,0,NA,NA,NA,NA,NA,NA,NA,NA,NA,NA,NA,NA,NA,NA,NA,NA,NA,NA,NA,NA,NA,NA
"382",1,NA,1,NA,NA,1,1,0,0,0,0,0,NA,0,NA,0,NA,0,0,0,NA,0,0,0,0,0,NA,0,0,NA,0,0,0,0,NA,0,NA,0,0,0,0,0,0,0,NA,NA,NA,0,0,NA,0,0,NA,NA,0,0,NA,NA,0,0,0,0,0,0,0,NA,NA,NA,NA,NA,NA,NA,NA,NA,NA,NA,NA,NA,NA,NA,NA,NA,NA,NA,NA,NA,NA
"383",1,NA,1,NA,NA,0,1,NA,0,0,0,0,NA,0,NA,0,NA,0,0,0,NA,0,0,0,0,0,NA,0,0,NA,0,0,0,0,NA,0,0,0,0,0,0,0,0,0,NA,NA,NA,0,0,NA,NA,0,NA,NA,0,0,NA,0,0,0,0,0,0,0,0,NA,NA,NA,NA,NA,NA,NA,NA,NA,NA,NA,NA,NA,NA,NA,NA,NA,NA,NA,NA,NA,NA
"384",1,NA,1,NA,NA,1,1,NA,0,0,0,0,NA,0,NA,0,NA,0,0,0,NA,0,0,0,0,0,NA,0,0,NA,0,0,0,0,NA,0,NA,0,0,0,0,0,0,0,NA,NA,NA,0,0,0,0,0,NA,0,0,0,NA,NA,0,0,0,0,0,0,0,NA,NA,NA,NA,NA,NA,NA,NA,NA,NA,NA,NA,NA,NA,NA,NA,NA,NA,NA,NA,NA,NA
"385",1,NA,1,NA,NA,0,1,0,0,0,0,0,NA,0,NA,0,NA,0,0,0,NA,0,0,0,0,0,NA,0,0,NA,0,0,0,0,NA,0,NA,0,0,0,0,0,0,0,NA,NA,NA,0,0,NA,NA,0,NA,0,0,0,NA,0,0,0,0,0,0,0,0,NA,NA,NA,NA,NA,NA,NA,NA,NA,NA,NA,NA,NA,NA,NA,NA,NA,NA,NA,NA,NA,NA
"386",1,NA,1,NA,NA,1,1,NA,0,0,0,0,NA,0,NA,0,NA,0,0,0,NA,0,0,0,0,0,NA,0,0,NA,0,0,0,0,NA,0,NA,0,0,0,0,0,0,0,NA,NA,NA,0,0,0,0,0,NA,NA,0,0,NA,NA,0,0,0,0,0,0,0,NA,NA,NA,NA,NA,NA,NA,NA,NA,NA,NA,NA,NA,NA,NA,NA,NA,NA,NA,NA,NA,NA
"387",1,NA,1,NA,NA,0,1,NA,0,0,0,0,NA,0,NA,0,NA,0,0,0,NA,0,0,0,0,0,NA,0,0,NA,0,0,0,0,NA,0,NA,0,0,0,0,0,0,0,NA,NA,NA,0,0,NA,NA,0,NA,0,0,0,NA,0,0,0,0,0,0,0,0,NA,NA,NA,NA,NA,NA,NA,NA,NA,NA,NA,NA,NA,NA,NA,NA,NA,NA,NA,NA,NA,NA
"388",1,NA,1,NA,NA,1,1,NA,0,0,0,0,NA,0,NA,0,NA,0,0,0,NA,0,0,0,0,0,NA,0,0,NA,0,0,0,0,NA,0,NA,0,0,0,0,0,0,0,NA,NA,NA,0,0,NA,0,0,NA,0,0,0,NA,NA,0,0,0,0,0,0,0,NA,NA,NA,NA,NA,NA,NA,NA,NA,NA,NA,NA,NA,NA,NA,NA,NA,NA,NA,NA,NA,NA
"389",1,NA,1,NA,NA,0,1,0,0,0,0,0,NA,0,NA,0,NA,0,0,0,NA,0,0,0,0,0,NA,0,0,NA,0,0,0,0,NA,0,NA,0,0,0,0,0,0,0,NA,NA,NA,0,0,NA,NA,0,NA,NA,0,0,NA,0,0,0,0,0,0,0,0,NA,NA,NA,NA,NA,NA,NA,NA,NA,NA,NA,NA,NA,NA,NA,NA,NA,NA,NA,NA,NA,NA
"390",1,NA,1,NA,NA,1,1,NA,0,0,0,0,NA,0,NA,0,NA,0,0,0,NA,0,0,0,0,0,NA,0,0,NA,0,0,0,0,NA,0,NA,0,0,0,0,0,0,0,NA,0,NA,0,0,NA,0,0,NA,NA,0,0,NA,NA,0,0,0,0,0,0,0,NA,NA,NA,NA,NA,NA,NA,NA,NA,NA,NA,NA,NA,NA,NA,NA,NA,NA,NA,NA,NA,NA
"391",1,NA,1,NA,NA,0,1,NA,0,0,0,0,NA,0,NA,0,NA,0,0,0,NA,0,0,0,0,0,NA,0,0,NA,0,0,0,0,NA,0,NA,0,0,0,0,0,0,0,NA,NA,NA,0,0,NA,NA,0,NA,NA,0,0,NA,0,0,0,0,0,0,0,0,NA,NA,NA,NA,NA,NA,NA,NA,NA,NA,NA,NA,NA,NA,NA,NA,NA,NA,NA,NA,NA,NA
"392",1,NA,1,NA,NA,1,1,NA,0,0,0,0,NA,0,NA,0,NA,0,0,0,NA,0,0,0,0,0,NA,0,0,NA,0,0,0,0,NA,0,NA,0,0,0,0,0,0,0,NA,NA,NA,0,0,NA,0,0,NA,NA,0,0,NA,NA,0,0,0,0,0,0,0,NA,NA,NA,NA,NA,NA,NA,NA,NA,NA,NA,NA,NA,NA,NA,NA,NA,NA,NA,NA,NA,NA
"393",1,NA,1,NA,NA,1,1,0,0,0,0,0,NA,0,NA,0,NA,0,0,0,NA,0,0,0,0,0,NA,0,0,NA,0,0,0,0,NA,0,0,0,0,0,0,0,0,0,NA,0,NA,0,0,0,NA,0,NA,0,0,0,NA,NA,0,0,0,0,0,0,0,NA,NA,NA,NA,NA,NA,NA,NA,NA,NA,NA,NA,NA,NA,NA,NA,NA,NA,NA,NA,NA,NA
"394",1,NA,1,NA,NA,1,1,NA,0,0,0,0,NA,0,NA,0,NA,0,0,0,NA,0,0,0,0,0,NA,0,0,NA,0,0,0,0,NA,0,0,0,0,0,0,0,0,0,NA,0,NA,0,0,0,NA,0,NA,0,0,0,NA,NA,0,0,0,0,0,0,0,NA,NA,NA,NA,NA,NA,NA,NA,NA,NA,NA,NA,NA,NA,NA,NA,NA,NA,NA,NA,NA,NA
"395",1,NA,1,NA,NA,1,1,0,0,0,0,0,NA,0,NA,0,NA,0,0,0,NA,0,0,0,0,0,NA,0,0,NA,0,0,0,0,NA,0,0,0,0,0,0,0,0,0,NA,NA,NA,0,0,0,NA,0,NA,0,0,0,NA,NA,0,0,0,0,0,0,0,NA,NA,NA,NA,NA,NA,NA,NA,NA,NA,NA,NA,NA,NA,NA,NA,NA,NA,NA,NA,NA,NA
"396",1,NA,1,NA,NA,1,1,0,0,0,0,0,NA,0,NA,0,NA,0,0,0,NA,0,0,0,0,0,NA,0,0,NA,0,0,0,0,NA,0,0,0,0,0,0,0,0,0,NA,0,NA,0,0,0,NA,0,NA,NA,0,0,NA,NA,0,0,0,0,0,0,0,NA,NA,NA,NA,NA,NA,NA,NA,NA,NA,NA,NA,NA,NA,NA,NA,NA,NA,NA,NA,NA,NA
"397",1,NA,1,NA,NA,1,1,NA,0,0,0,0,NA,0,NA,0,NA,0,0,0,NA,0,0,0,0,0,NA,0,0,NA,0,0,0,0,NA,0,0,0,0,0,0,0,0,0,NA,NA,NA,0,0,0,NA,0,NA,0,0,0,NA,NA,0,0,0,0,0,0,0,NA,NA,NA,NA,NA,NA,NA,NA,NA,NA,NA,NA,NA,NA,NA,NA,NA,NA,NA,NA,NA,NA
"398",1,NA,1,NA,NA,1,1,0,0,0,0,0,NA,0,NA,0,NA,0,0,0,NA,0,0,0,0,0,NA,0,0,NA,0,0,0,0,NA,0,0,0,0,0,0,0,0,0,NA,NA,NA,0,0,0,NA,0,NA,NA,0,0,NA,NA,0,0,0,0,0,0,0,NA,NA,NA,NA,NA,NA,NA,NA,NA,NA,NA,NA,NA,NA,NA,NA,NA,NA,NA,NA,NA,NA
"399",1,NA,1,NA,NA,1,1,NA,0,0,0,0,NA,0,NA,0,NA,0,0,0,NA,0,0,0,0,0,NA,0,0,NA,0,0,0,0,NA,0,0,0,0,0,0,0,0,0,NA,0,NA,0,0,0,NA,0,NA,NA,0,0,NA,NA,0,0,0,0,0,0,0,NA,NA,NA,NA,NA,NA,NA,NA,NA,NA,NA,NA,NA,NA,NA,NA,NA,NA,NA,NA,NA,NA
"400",1,NA,1,NA,NA,1,1,0,0,0,0,0,NA,0,NA,0,NA,0,0,0,NA,0,0,0,0,0,NA,0,0,NA,0,0,0,0,NA,0,NA,0,0,0,0,0,0,0,NA,0,NA,0,0,0,NA,0,NA,0,0,0,NA,NA,0,0,0,0,0,0,0,NA,NA,NA,NA,NA,NA,NA,NA,NA,NA,NA,NA,NA,NA,NA,NA,NA,NA,NA,NA,NA,NA
"401",1,NA,1,NA,NA,1,1,0,0,0,0,0,NA,0,NA,0,NA,0,0,0,NA,0,0,0,0,0,NA,0,0,NA,0,0,0,0,NA,0,0,0,0,0,0,0,0,0,NA,0,NA,0,0,NA,NA,0,NA,0,0,0,NA,NA,0,0,0,0,0,0,0,NA,NA,NA,NA,NA,NA,NA,NA,NA,NA,NA,NA,NA,NA,NA,NA,NA,NA,NA,NA,NA,NA
"402",1,NA,1,NA,NA,1,1,0,0,0,0,0,NA,0,NA,0,NA,0,0,0,NA,0,0,0,0,0,NA,0,0,NA,0,0,0,0,NA,0,NA,0,0,0,0,0,0,0,NA,NA,NA,0,0,0,NA,0,NA,0,0,0,NA,NA,0,0,0,0,0,0,0,NA,NA,NA,NA,NA,NA,NA,NA,NA,NA,NA,NA,NA,NA,NA,NA,NA,NA,NA,NA,NA,NA
"403",1,NA,1,NA,NA,1,1,NA,0,0,0,0,NA,0,NA,0,NA,0,0,0,NA,0,0,0,0,0,NA,0,0,NA,0,0,0,0,NA,0,0,0,0,0,0,0,0,0,NA,0,NA,0,0,NA,NA,0,NA,0,0,0,NA,NA,0,0,0,0,0,0,0,NA,NA,NA,NA,NA,NA,NA,NA,NA,NA,NA,NA,NA,NA,NA,NA,NA,NA,NA,NA,NA,NA
"404",1,NA,1,NA,NA,1,1,0,0,0,0,0,NA,0,NA,0,NA,0,0,0,NA,0,0,0,0,0,NA,0,0,NA,0,0,0,0,NA,0,NA,0,0,0,0,0,0,0,NA,0,NA,0,0,0,NA,0,NA,NA,0,0,NA,NA,0,0,0,0,0,0,0,NA,NA,NA,NA,NA,NA,NA,NA,NA,NA,NA,NA,NA,NA,NA,NA,NA,NA,NA,NA,NA,NA
"405",1,NA,1,NA,NA,1,1,0,0,0,0,0,NA,0,NA,0,NA,0,0,0,NA,0,0,0,0,0,NA,0,0,NA,0,0,0,0,NA,0,0,0,0,0,0,0,0,0,NA,0,NA,0,0,NA,NA,0,NA,NA,0,0,NA,NA,0,0,0,0,0,0,0,NA,NA,NA,NA,NA,NA,NA,NA,NA,NA,NA,NA,NA,NA,NA,NA,NA,NA,NA,NA,NA,NA
"406",1,NA,1,NA,NA,1,1,NA,0,0,0,0,NA,0,NA,0,NA,0,0,0,NA,0,0,0,0,0,NA,0,0,NA,0,0,0,0,NA,0,NA,0,0,0,0,0,0,0,NA,0,NA,0,0,0,NA,0,NA,0,0,0,NA,NA,0,0,0,0,0,0,0,NA,NA,NA,NA,NA,NA,NA,NA,NA,NA,NA,NA,NA,NA,NA,NA,NA,NA,NA,NA,NA,NA
"407",1,NA,1,NA,NA,1,1,NA,0,0,0,0,NA,0,NA,0,NA,0,0,0,NA,0,0,0,0,0,NA,0,0,NA,0,0,0,0,NA,0,0,0,0,0,0,0,0,0,NA,0,NA,0,0,NA,NA,0,NA,NA,0,0,NA,NA,0,0,0,0,0,0,0,NA,NA,NA,NA,NA,NA,NA,NA,NA,NA,NA,NA,NA,NA,NA,NA,NA,NA,NA,NA,NA,NA
"408",1,NA,1,NA,NA,1,1,NA,0,0,0,0,NA,0,NA,0,NA,0,0,0,NA,0,0,0,0,0,NA,0,0,NA,0,0,0,0,NA,0,NA,0,0,0,0,0,0,0,NA,NA,NA,0,0,0,NA,0,NA,0,0,0,NA,NA,0,0,0,0,0,0,0,NA,NA,NA,NA,NA,NA,NA,NA,NA,NA,NA,NA,NA,NA,NA,NA,NA,NA,NA,NA,NA,NA
"409",1,NA,1,NA,NA,1,1,0,0,0,0,0,NA,0,NA,0,NA,0,0,0,NA,0,0,0,0,0,NA,0,0,NA,0,0,0,0,NA,0,NA,0,0,0,0,0,0,0,NA,0,NA,0,0,NA,NA,0,NA,0,0,0,NA,NA,0,0,0,0,0,0,0,NA,NA,NA,NA,NA,NA,NA,NA,NA,NA,NA,NA,NA,NA,NA,NA,NA,NA,NA,NA,NA,NA
"410",1,NA,1,NA,NA,1,1,NA,0,0,0,0,NA,0,NA,0,NA,0,0,0,NA,0,0,0,0,0,NA,0,0,NA,0,0,0,0,NA,0,NA,0,0,0,0,0,0,0,NA,0,NA,0,0,0,NA,0,NA,NA,0,0,NA,NA,0,0,0,0,0,0,0,NA,NA,NA,NA,NA,NA,NA,NA,NA,NA,NA,NA,NA,NA,NA,NA,NA,NA,NA,NA,NA,NA
"411",1,NA,1,NA,NA,1,1,0,0,0,0,0,NA,0,NA,0,NA,0,0,0,NA,0,0,0,0,0,NA,0,0,NA,0,0,0,0,NA,0,0,0,0,0,0,0,0,0,NA,NA,NA,0,0,NA,NA,0,NA,0,0,0,NA,NA,0,0,0,0,0,0,0,NA,NA,NA,NA,NA,NA,NA,NA,NA,NA,NA,NA,NA,NA,NA,NA,NA,NA,NA,NA,NA,NA
"412",1,NA,1,NA,NA,1,1,NA,0,0,0,0,NA,0,NA,0,NA,0,0,0,NA,0,0,0,0,0,NA,0,0,NA,0,0,0,0,NA,0,NA,0,0,0,0,0,0,0,NA,0,NA,0,0,NA,NA,0,NA,0,0,0,NA,NA,0,0,0,0,0,0,0,NA,NA,NA,NA,NA,NA,NA,NA,NA,NA,NA,NA,NA,NA,NA,NA,NA,NA,NA,NA,NA,NA
"413",1,NA,1,NA,NA,1,1,0,0,0,0,0,NA,0,NA,0,NA,0,0,0,NA,0,0,0,0,0,NA,0,0,NA,0,0,0,0,NA,0,0,0,0,0,0,0,0,0,NA,NA,NA,0,0,NA,NA,0,NA,NA,0,0,NA,NA,0,0,0,0,0,0,0,NA,NA,NA,NA,NA,NA,NA,NA,NA,NA,NA,NA,NA,NA,NA,NA,NA,NA,NA,NA,NA,NA
"414",1,NA,1,NA,NA,1,1,0,0,0,0,0,NA,0,NA,0,NA,0,0,0,NA,0,0,0,0,0,NA,0,0,NA,0,0,0,0,NA,0,NA,0,0,0,0,0,0,0,NA,NA,NA,0,0,NA,NA,0,NA,0,0,0,NA,NA,0,0,0,0,0,0,0,NA,NA,NA,NA,NA,NA,NA,NA,NA,NA,NA,NA,NA,NA,NA,NA,NA,NA,NA,NA,NA,NA
"415",1,NA,1,NA,NA,1,1,NA,0,0,0,0,NA,0,NA,0,NA,0,0,0,NA,0,0,0,0,0,NA,0,0,NA,0,0,0,0,NA,0,0,0,0,0,0,0,0,0,NA,NA,NA,0,0,0,NA,0,NA,NA,0,0,NA,NA,0,0,0,0,0,0,0,NA,NA,NA,NA,NA,NA,NA,NA,NA,NA,NA,NA,NA,NA,NA,NA,NA,NA,NA,NA,NA,NA
"416",1,NA,1,NA,NA,1,1,0,0,0,0,0,NA,0,NA,0,NA,0,0,0,NA,0,0,0,0,0,NA,0,0,NA,0,0,0,0,NA,0,NA,0,0,0,0,0,0,0,NA,NA,NA,0,0,0,NA,0,NA,NA,0,0,NA,NA,0,0,0,0,0,0,0,NA,NA,NA,NA,NA,NA,NA,NA,NA,NA,NA,NA,NA,NA,NA,NA,NA,NA,NA,NA,NA,NA
"417",1,NA,1,NA,NA,1,1,0,0,0,0,0,NA,0,NA,0,NA,0,0,0,NA,0,0,0,0,0,NA,0,0,NA,0,0,0,0,NA,0,NA,0,0,0,0,0,0,0,NA,0,NA,0,0,NA,NA,0,NA,NA,0,0,NA,NA,0,0,0,0,0,0,0,NA,NA,NA,NA,NA,NA,NA,NA,NA,NA,NA,NA,NA,NA,NA,NA,NA,NA,NA,NA,NA,NA
"418",1,NA,1,NA,NA,1,1,NA,0,0,0,0,NA,0,NA,0,NA,0,0,0,NA,0,0,0,0,0,NA,0,0,NA,0,0,0,0,NA,0,NA,0,0,0,0,0,0,0,NA,NA,NA,0,0,0,NA,0,NA,NA,0,0,NA,NA,0,0,0,0,0,0,0,NA,NA,NA,NA,NA,NA,NA,NA,NA,NA,NA,NA,NA,NA,NA,NA,NA,NA,NA,NA,NA,NA
"419",1,NA,1,NA,NA,1,1,NA,0,0,0,0,NA,0,NA,0,NA,0,0,0,NA,0,0,0,0,0,NA,0,0,NA,0,0,0,0,NA,0,NA,0,0,0,0,0,0,0,NA,0,NA,0,0,NA,NA,0,NA,NA,0,0,NA,NA,0,0,0,0,0,0,0,NA,NA,NA,NA,NA,NA,NA,NA,NA,NA,NA,NA,NA,NA,NA,NA,NA,NA,NA,NA,NA,NA
"420",1,NA,1,NA,NA,1,1,0,0,0,0,0,NA,0,NA,0,NA,0,0,0,NA,0,0,0,0,0,NA,0,0,NA,0,0,0,0,NA,0,NA,0,0,0,0,0,0,0,NA,NA,NA,0,0,NA,NA,0,NA,NA,0,0,NA,NA,0,0,0,0,0,0,0,NA,NA,NA,NA,NA,NA,NA,NA,NA,NA,NA,NA,NA,NA,NA,NA,NA,NA,NA,NA,NA,NA
"421",1,NA,1,NA,NA,1,1,NA,0,0,0,0,NA,0,NA,0,NA,0,0,0,NA,0,0,0,0,0,NA,0,0,NA,0,0,0,0,NA,0,0,0,0,0,0,0,0,0,NA,NA,NA,0,0,NA,NA,0,NA,0,0,0,NA,NA,0,0,0,0,0,0,0,NA,NA,NA,NA,NA,NA,NA,NA,NA,NA,NA,NA,NA,NA,NA,NA,NA,NA,NA,NA,NA,NA
"422",1,NA,1,NA,NA,1,1,NA,0,0,0,0,NA,0,NA,0,NA,0,0,0,NA,0,0,0,0,0,NA,0,0,NA,0,0,0,0,NA,0,0,0,0,0,0,0,0,0,NA,NA,NA,0,0,NA,NA,0,NA,NA,0,0,NA,NA,0,0,0,0,0,0,0,NA,NA,NA,NA,NA,NA,NA,NA,NA,NA,NA,NA,NA,NA,NA,NA,NA,NA,NA,NA,NA,NA
"423",1,NA,1,NA,NA,1,1,NA,0,0,0,0,NA,0,NA,0,NA,0,0,0,NA,0,0,0,0,0,NA,0,0,NA,0,0,0,0,NA,0,NA,0,0,0,0,0,0,0,NA,NA,NA,0,0,NA,NA,0,NA,0,0,0,NA,NA,0,0,0,0,0,0,0,NA,NA,NA,NA,NA,NA,NA,NA,NA,NA,NA,NA,NA,NA,NA,NA,NA,NA,NA,NA,NA,NA
"424",1,NA,1,NA,NA,1,1,NA,0,0,0,0,NA,0,NA,0,NA,0,0,0,NA,0,0,0,0,0,NA,0,0,NA,0,0,0,0,NA,0,NA,0,0,0,0,0,0,0,NA,NA,NA,0,0,NA,NA,0,NA,NA,0,0,NA,NA,0,0,0,0,0,0,0,NA,NA,NA,NA,NA,NA,NA,NA,NA,NA,NA,NA,NA,NA,NA,NA,NA,NA,NA,NA,NA,NA
"425",0.975247524752475,0.947368421052632,0.905660377358491,0.8,0.774193548387097,0.533018867924528,0.452830188679245,0.432432432432432,0.0398009950248756,0,0,0,0,0,0,0,0,0,0,0,0,0,0,0,0,0,0,0,0,0,0,0,0,0,0,0,0,0,0,0,0,0,0,0,0,0,0,0,0,0,0,0,0,0,0,0,0,0,0,0,0,0,0,0,0,NA,NA,NA,NA,NA,NA,NA,NA,NA,NA,NA,NA,NA,NA,NA,NA,NA,NA,NA,NA,NA,NA
"426",0.952830188679245,0.0448113207547169,1,0.0943396226415094,0.0731132075471698,1,1,0.69811320754717,0.94811320754717,1,1,1,0.0471698113207547,0.905660377358491,0.0943396226415094,1,0.0943396226415094,1,1,1,0.39622641509434,1,1,1,1,1,0.0943396226415094,1,1,0.0943396226415094,0.905660377358491,1,1,1,0.0943396226415094,1,0.547169811320755,1,1,1,0.976415094339623,1,1,1,0.0188679245283019,0.547169811320755,0.547169811320755,1,1,0.547169811320755,0.476415094339623,1,0.0943396226415094,0.547169811320755,1,1,0.0471698113207547,0.5,1,1,1,1,1,1,1,0,0,0,0,0,0,0,0,0,0,0,0,0,0,0,0,0,0,0,0,0,0
