"","rhaR","rhaS","crp","cra","galS","mazF","phoB","galR","mazE","cspA","fis","hns","ompR","mlrA","zraR","asnC","dnaA","metR","cusR","puuR","yiaJ","putA","melR","araC","yqjI","malI","idnR","mraZ","pdeL","purR","prpR","fucR","lsrR","nikR","aidB","rbsR","betI","lldR","metJ","mlc","uxuR","argP","exuR","glnG","csgD","soxR","oxyR","narL","marA","soxS","arcA","fur","fnr","cadC","tdcA","glcC","nhaR","hyfR","yeiL","dpiA","dcuR","adiY","flhD","flhC","ptsG","fhlA","pdhR","srlR","xylR","nac","gutM","marR","hdfR","stpA","yjjQ","rob","evgA","bglJ","ydeO","gadW","gadX","leuO","lrp","fliZ","gadE","rcsA","rcsB"
"1",NA,NA,NA,NA,NA,NA,1,0,0,0,0,0,NA,0,NA,0,0,NA,0,NA,0,NA,NA,NA,NA,NA,0,0,NA,0,NA,0,NA,NA,0,0,NA,NA,0,0,NA,0,0,NA,NA,0,0,0,NA,0,NA,NA,NA,NA,NA,NA,NA,NA,NA,NA,NA,NA,NA,NA,NA,NA,NA,NA,NA,NA,NA,NA,NA,NA,NA,NA,NA,NA,NA,NA,NA,NA,NA,NA,NA,NA,NA
"2",1,1,1,1,1,1,NA,NA,NA,1,1,1,1,1,0,0,0,0,NA,NA,NA,0,0,0,NA,0,0,0,NA,NA,0,0,0,NA,0,0,0,0,NA,0,0,NA,NA,0,0,0,0,0,0,0,NA,0,NA,NA,NA,NA,NA,NA,NA,NA,NA,NA,NA,NA,NA,NA,NA,NA,NA,NA,NA,NA,NA,NA,NA,NA,NA,NA,NA,NA,NA,NA,NA,NA,NA,NA,NA
"3",1,1,1,1,NA,0,NA,1,0,1,1,1,1,1,0,0,0,0,NA,NA,NA,0,0,0,NA,0,0,0,NA,NA,0,0,0,NA,0,0,0,0,NA,0,0,NA,NA,0,0,0,0,0,0,0,NA,0,NA,NA,NA,NA,NA,NA,NA,NA,NA,NA,NA,NA,NA,NA,NA,NA,NA,NA,NA,NA,NA,NA,NA,NA,NA,NA,NA,NA,NA,NA,NA,NA,NA,NA,NA
"4",1,1,1,1,0,NA,NA,0,1,0,0,0,1,1,0,0,0,0,NA,NA,NA,0,0,0,NA,0,0,0,NA,NA,0,0,0,NA,0,0,0,0,NA,0,0,NA,NA,0,0,0,0,0,0,0,NA,0,NA,NA,NA,NA,NA,NA,NA,NA,NA,NA,NA,NA,NA,NA,NA,NA,NA,NA,NA,NA,NA,NA,NA,NA,NA,NA,NA,NA,NA,NA,NA,NA,NA,NA,NA
"5",1,1,1,1,NA,0,NA,NA,0,1,1,1,1,1,0,0,0,0,NA,NA,NA,0,0,0,NA,0,0,0,NA,NA,0,0,0,NA,0,0,0,0,NA,0,0,NA,NA,0,0,0,0,0,0,0,NA,0,NA,NA,NA,NA,NA,NA,NA,NA,NA,NA,NA,NA,NA,NA,NA,NA,NA,NA,NA,NA,NA,NA,NA,NA,NA,NA,NA,NA,NA,NA,NA,NA,NA,NA,NA
"6",1,1,1,1,1,NA,NA,NA,1,0,0,0,1,1,0,0,0,0,NA,NA,NA,0,0,0,NA,0,0,0,NA,NA,0,0,0,NA,0,0,0,0,NA,0,0,NA,NA,0,0,0,0,0,0,0,NA,0,NA,NA,NA,NA,NA,NA,NA,NA,NA,NA,NA,NA,NA,NA,NA,NA,NA,NA,NA,NA,NA,NA,NA,NA,NA,NA,NA,NA,NA,NA,NA,NA,NA,NA,NA
"7",1,1,1,1,NA,NA,NA,NA,NA,1,1,1,1,1,0,0,0,0,NA,NA,NA,0,0,0,NA,0,0,0,NA,NA,0,0,0,NA,0,0,0,0,NA,0,0,NA,NA,0,0,0,0,0,0,0,NA,0,NA,NA,NA,NA,NA,NA,NA,NA,NA,NA,NA,NA,NA,NA,NA,NA,NA,NA,NA,NA,NA,NA,NA,NA,NA,NA,NA,NA,NA,NA,NA,NA,NA,NA,NA
"8",1,1,1,1,NA,NA,NA,NA,NA,1,1,1,1,1,NA,0,0,0,NA,NA,NA,0,0,0,NA,0,0,0,NA,NA,0,0,0,NA,0,0,0,0,NA,0,0,NA,NA,0,0,0,0,0,0,0,NA,0,NA,NA,NA,NA,NA,NA,NA,NA,NA,NA,NA,NA,NA,NA,NA,NA,NA,NA,NA,NA,NA,NA,NA,NA,NA,NA,NA,NA,NA,NA,NA,NA,NA,NA,NA
"9",1,1,1,1,NA,1,NA,NA,NA,1,1,1,1,1,0,0,0,0,NA,NA,NA,0,0,0,NA,0,0,0,NA,NA,0,0,0,NA,0,0,0,0,NA,0,0,NA,NA,0,0,0,0,0,0,0,NA,0,NA,NA,NA,NA,NA,NA,NA,NA,NA,NA,NA,NA,NA,NA,NA,NA,NA,NA,NA,NA,NA,NA,NA,NA,NA,NA,NA,NA,NA,NA,NA,NA,NA,NA,NA
"10",1,1,1,1,NA,NA,NA,NA,NA,1,1,1,1,1,0,0,0,0,NA,NA,NA,0,0,NA,NA,0,0,0,NA,NA,0,0,0,NA,0,0,0,0,NA,0,0,NA,NA,0,0,0,0,0,0,0,NA,0,NA,NA,NA,NA,NA,NA,NA,NA,NA,NA,NA,NA,NA,NA,NA,NA,NA,NA,NA,NA,NA,NA,NA,NA,NA,NA,NA,NA,NA,NA,NA,NA,NA,NA,NA
"11",1,1,1,1,NA,NA,NA,NA,1,0,0,0,1,1,NA,0,0,0,NA,NA,NA,0,0,0,NA,0,0,0,NA,NA,0,0,0,NA,0,0,0,0,NA,0,0,NA,NA,0,0,0,0,0,0,0,NA,0,NA,NA,NA,NA,NA,NA,NA,NA,NA,NA,NA,NA,NA,NA,NA,NA,NA,NA,NA,NA,NA,NA,NA,NA,NA,NA,NA,NA,NA,NA,NA,NA,NA,NA,NA
"12",1,1,1,1,1,NA,NA,NA,NA,1,1,1,1,1,0,0,0,0,NA,NA,NA,0,0,0,NA,0,0,0,NA,NA,0,0,0,NA,0,0,0,0,NA,0,0,NA,NA,0,0,0,0,0,0,0,NA,0,NA,NA,NA,NA,NA,NA,NA,NA,NA,NA,NA,NA,NA,NA,NA,NA,NA,NA,NA,NA,NA,NA,NA,NA,NA,NA,NA,NA,NA,NA,NA,NA,NA,NA,NA
"13",1,1,1,1,NA,NA,NA,NA,NA,1,1,1,0,0,0,0,0,0,NA,NA,NA,0,0,0,NA,0,0,0,NA,NA,0,0,0,NA,0,0,0,0,NA,0,0,NA,NA,0,NA,0,0,0,0,0,NA,0,NA,NA,NA,NA,NA,NA,NA,NA,NA,NA,NA,NA,NA,NA,NA,NA,NA,NA,NA,NA,NA,NA,NA,NA,NA,NA,NA,NA,NA,NA,NA,NA,NA,NA,NA
"14",NA,NA,1,1,NA,NA,NA,NA,NA,1,1,1,1,1,0,0,0,0,NA,NA,NA,0,0,0,NA,0,0,0,NA,NA,0,0,0,NA,0,0,0,0,NA,0,0,NA,NA,0,0,0,0,0,0,0,NA,0,NA,NA,NA,NA,NA,NA,NA,NA,NA,NA,NA,NA,NA,NA,NA,NA,NA,NA,NA,NA,NA,NA,NA,NA,NA,NA,NA,NA,NA,NA,NA,NA,NA,NA,NA
"15",1,1,1,1,NA,NA,NA,NA,NA,1,1,1,1,1,0,0,0,0,NA,NA,NA,0,NA,0,NA,0,0,0,NA,NA,0,0,0,NA,0,0,0,0,NA,0,0,NA,NA,0,0,0,0,0,0,0,NA,0,NA,NA,NA,NA,NA,NA,NA,NA,NA,NA,NA,NA,NA,NA,NA,NA,NA,NA,NA,NA,NA,NA,NA,NA,NA,NA,NA,NA,NA,NA,NA,NA,NA,NA,NA
"16",1,1,1,1,1,NA,NA,NA,NA,1,1,1,0,0,0,0,0,0,NA,NA,NA,0,0,0,NA,0,0,0,NA,NA,0,0,0,NA,0,0,0,0,NA,0,0,NA,NA,0,NA,0,0,0,0,0,NA,0,NA,NA,NA,NA,NA,NA,NA,NA,NA,NA,NA,NA,NA,NA,NA,NA,NA,NA,NA,NA,NA,NA,NA,NA,NA,NA,NA,NA,NA,NA,NA,NA,NA,NA,NA
"17",1,1,1,1,NA,NA,NA,1,NA,1,1,1,0,0,0,0,0,0,NA,NA,NA,0,0,0,NA,0,0,0,NA,NA,0,0,0,NA,0,0,0,0,NA,0,0,NA,NA,0,NA,0,0,0,0,0,NA,0,NA,NA,NA,NA,NA,NA,NA,NA,NA,NA,NA,NA,NA,NA,NA,NA,NA,NA,NA,NA,NA,NA,NA,NA,NA,NA,NA,NA,NA,NA,NA,NA,NA,NA,NA
"18",1,1,1,1,NA,NA,NA,NA,1,0,0,0,0,0,0,0,0,0,NA,NA,NA,0,0,0,NA,0,0,0,NA,NA,0,0,0,NA,0,0,0,0,NA,0,0,NA,NA,0,NA,0,0,0,0,0,NA,0,NA,NA,NA,NA,NA,NA,NA,NA,NA,NA,NA,NA,NA,NA,NA,NA,NA,NA,NA,NA,NA,NA,NA,NA,NA,NA,NA,NA,NA,NA,NA,NA,NA,NA,NA
"19",1,1,1,1,NA,NA,NA,NA,NA,1,1,1,0,0,NA,0,0,0,NA,NA,NA,0,0,0,NA,0,0,0,NA,NA,0,0,0,NA,0,0,0,0,NA,0,0,NA,NA,0,NA,0,0,0,0,0,NA,0,NA,NA,NA,NA,NA,NA,NA,NA,NA,NA,NA,NA,NA,NA,NA,NA,NA,NA,NA,NA,NA,NA,NA,NA,NA,NA,NA,NA,NA,NA,NA,NA,NA,NA,NA
"20",NA,NA,1,1,NA,NA,NA,NA,NA,1,1,1,1,1,0,0,0,0,NA,NA,NA,0,0,NA,NA,0,0,0,NA,NA,0,0,0,NA,0,0,0,0,NA,0,0,NA,NA,0,0,0,0,0,0,0,NA,0,NA,NA,NA,NA,NA,NA,NA,NA,NA,NA,NA,NA,NA,NA,NA,NA,NA,NA,NA,NA,NA,NA,NA,NA,NA,NA,NA,NA,NA,NA,NA,NA,NA,NA,NA
"21",1,1,1,1,NA,1,NA,NA,NA,1,1,1,1,1,0,0,0,0,NA,NA,NA,0,NA,0,NA,0,0,0,NA,NA,0,0,0,NA,0,0,0,0,NA,0,0,NA,NA,0,0,0,0,0,0,0,NA,0,NA,NA,NA,NA,NA,NA,NA,NA,NA,NA,NA,NA,NA,NA,NA,NA,NA,NA,NA,NA,NA,NA,NA,NA,NA,NA,NA,NA,NA,NA,NA,NA,NA,NA,NA
"22",1,1,1,1,NA,NA,NA,1,NA,1,1,1,1,1,0,0,0,0,NA,NA,NA,0,0,NA,NA,0,0,0,NA,NA,0,0,0,NA,0,0,0,0,NA,0,0,NA,NA,0,0,0,0,0,0,0,NA,0,NA,NA,NA,NA,NA,NA,NA,NA,NA,NA,NA,NA,NA,NA,NA,NA,NA,NA,NA,NA,NA,NA,NA,NA,NA,NA,NA,NA,NA,NA,NA,NA,NA,NA,NA
"23",1,1,1,1,NA,1,NA,NA,NA,1,1,1,1,1,NA,0,0,0,NA,NA,NA,0,0,0,NA,0,0,0,NA,NA,0,0,0,NA,0,0,0,0,NA,0,0,NA,NA,0,0,0,0,0,0,0,NA,0,NA,NA,NA,NA,NA,NA,NA,NA,NA,NA,NA,NA,NA,NA,NA,NA,NA,NA,NA,NA,NA,NA,NA,NA,NA,NA,NA,NA,NA,NA,NA,NA,NA,NA,NA
"24",1,1,1,1,NA,NA,NA,NA,NA,1,1,1,0,0,0,0,0,0,NA,NA,NA,0,NA,0,NA,0,0,0,NA,NA,0,0,0,NA,0,0,0,0,NA,0,0,NA,NA,0,NA,0,0,0,0,0,NA,0,NA,NA,NA,NA,NA,NA,NA,NA,NA,NA,NA,NA,NA,NA,NA,NA,NA,NA,NA,NA,NA,NA,NA,NA,NA,NA,NA,NA,NA,NA,NA,NA,NA,NA,NA
"25",1,1,1,1,NA,1,NA,1,NA,1,1,1,1,1,0,0,0,0,NA,NA,NA,0,0,0,NA,0,0,0,NA,NA,0,0,0,NA,0,0,0,0,NA,0,0,NA,NA,0,0,0,0,0,0,0,NA,0,NA,NA,NA,NA,NA,NA,NA,NA,NA,NA,NA,NA,NA,NA,NA,NA,NA,NA,NA,NA,NA,NA,NA,NA,NA,NA,NA,NA,NA,NA,NA,NA,NA,NA,NA
"26",1,1,1,1,NA,NA,NA,NA,1,0,0,0,1,1,0,0,0,0,NA,NA,NA,0,0,NA,NA,0,0,0,NA,NA,0,0,0,NA,0,0,0,0,NA,0,0,NA,NA,0,0,0,0,0,0,0,NA,0,NA,NA,NA,NA,NA,NA,NA,NA,NA,NA,NA,NA,NA,NA,NA,NA,NA,NA,NA,NA,NA,NA,NA,NA,NA,NA,NA,NA,NA,NA,NA,NA,NA,NA,NA
"27",1,1,1,1,NA,NA,NA,NA,NA,1,1,1,1,1,NA,0,0,0,NA,NA,NA,0,NA,0,NA,0,0,0,NA,NA,0,0,0,NA,0,0,0,0,NA,0,0,NA,NA,0,0,0,0,0,0,0,NA,0,NA,NA,NA,NA,NA,NA,NA,NA,NA,NA,NA,NA,NA,NA,NA,NA,NA,NA,NA,NA,NA,NA,NA,NA,NA,NA,NA,NA,NA,NA,NA,NA,NA,NA,NA
"28",1,1,1,1,NA,NA,NA,1,1,0,0,0,1,1,0,0,0,0,NA,NA,NA,0,0,0,NA,0,0,0,NA,NA,0,0,0,NA,0,0,0,0,NA,0,0,NA,NA,0,0,0,0,0,0,0,NA,0,NA,NA,NA,NA,NA,NA,NA,NA,NA,NA,NA,NA,NA,NA,NA,NA,NA,NA,NA,NA,NA,NA,NA,NA,NA,NA,NA,NA,NA,NA,NA,NA,NA,NA,NA
"29",1,1,1,1,1,NA,NA,NA,NA,1,1,1,1,1,NA,0,0,0,NA,NA,NA,0,0,0,NA,0,0,0,NA,NA,0,0,0,NA,0,0,0,0,NA,0,0,NA,NA,0,0,0,0,0,0,0,NA,0,NA,NA,NA,NA,NA,NA,NA,NA,NA,NA,NA,NA,NA,NA,NA,NA,NA,NA,NA,NA,NA,NA,NA,NA,NA,NA,NA,NA,NA,NA,NA,NA,NA,NA,NA
"30",1,1,1,1,NA,NA,NA,NA,NA,1,1,1,1,1,0,0,0,0,NA,NA,NA,0,NA,NA,NA,0,0,0,NA,NA,0,0,0,NA,0,0,0,0,NA,0,0,NA,NA,0,0,0,0,0,0,0,NA,0,NA,NA,NA,NA,NA,NA,NA,NA,NA,NA,NA,NA,NA,NA,NA,NA,NA,NA,NA,NA,NA,NA,NA,NA,NA,NA,NA,NA,NA,NA,NA,NA,NA,NA,NA
"31",1,1,1,1,NA,0,NA,NA,0,1,1,1,1,1,NA,0,0,0,NA,NA,NA,0,0,0,NA,0,0,0,NA,NA,0,0,0,NA,0,0,0,0,NA,0,0,NA,NA,0,0,0,0,0,0,0,NA,0,NA,NA,NA,NA,NA,NA,NA,NA,NA,NA,NA,NA,NA,NA,NA,NA,NA,NA,NA,NA,NA,NA,NA,NA,NA,NA,NA,NA,NA,NA,NA,NA,NA,NA,NA
"32",1,1,1,1,1,NA,NA,NA,NA,1,1,1,1,1,0,0,0,0,NA,NA,NA,0,0,NA,NA,0,0,0,NA,NA,0,0,0,NA,0,0,0,0,NA,0,0,NA,NA,0,0,0,0,0,0,0,NA,0,NA,NA,NA,NA,NA,NA,NA,NA,NA,NA,NA,NA,NA,NA,NA,NA,NA,NA,NA,NA,NA,NA,NA,NA,NA,NA,NA,NA,NA,NA,NA,NA,NA,NA,NA
"33",1,1,1,1,NA,1,NA,NA,NA,1,1,1,1,1,NA,0,0,0,NA,NA,NA,0,NA,0,NA,0,0,0,NA,NA,0,0,0,NA,0,0,0,0,NA,0,0,NA,NA,0,0,0,0,0,0,0,NA,0,NA,NA,NA,NA,NA,NA,NA,NA,NA,NA,NA,NA,NA,NA,NA,NA,NA,NA,NA,NA,NA,NA,NA,NA,NA,NA,NA,NA,NA,NA,NA,NA,NA,NA,NA
"34",1,1,1,1,1,NA,NA,NA,1,0,0,0,1,1,0,0,0,0,NA,NA,NA,0,0,NA,NA,0,0,0,NA,NA,0,0,0,NA,0,0,0,0,NA,0,0,NA,NA,0,0,0,0,0,0,0,NA,0,NA,NA,NA,NA,NA,NA,NA,NA,NA,NA,NA,NA,NA,NA,NA,NA,NA,NA,NA,NA,NA,NA,NA,NA,NA,NA,NA,NA,NA,NA,NA,NA,NA,NA,NA
"35",1,1,1,1,NA,NA,NA,1,NA,1,1,1,1,1,NA,0,0,0,NA,NA,NA,0,0,0,NA,0,0,0,NA,NA,0,0,0,NA,0,0,0,0,NA,0,0,NA,NA,0,0,0,0,0,0,0,NA,0,NA,NA,NA,NA,NA,NA,NA,NA,NA,NA,NA,NA,NA,NA,NA,NA,NA,NA,NA,NA,NA,NA,NA,NA,NA,NA,NA,NA,NA,NA,NA,NA,NA,NA,NA
"36",1,1,1,1,NA,1,NA,NA,NA,1,1,1,1,1,0,0,0,0,NA,NA,NA,0,0,NA,NA,0,0,0,NA,NA,0,0,0,NA,0,0,0,0,NA,0,0,NA,NA,0,0,0,0,0,0,0,NA,0,NA,NA,NA,NA,NA,NA,NA,NA,NA,NA,NA,NA,NA,NA,NA,NA,NA,NA,NA,NA,NA,NA,NA,NA,NA,NA,NA,NA,NA,NA,NA,NA,NA,NA,NA
"37",1,1,1,1,NA,NA,NA,NA,1,0,0,0,1,1,0,0,0,0,NA,NA,NA,0,NA,0,NA,0,0,0,NA,NA,0,0,0,NA,0,0,0,0,NA,0,0,NA,NA,0,0,0,0,0,0,0,NA,0,NA,NA,NA,NA,NA,NA,NA,NA,NA,NA,NA,NA,NA,NA,NA,NA,NA,NA,NA,NA,NA,NA,NA,NA,NA,NA,NA,NA,NA,NA,NA,NA,NA,NA,NA
"38",1,1,1,1,NA,NA,NA,NA,NA,1,1,1,1,1,NA,0,0,0,NA,NA,NA,0,0,NA,NA,0,0,0,NA,NA,0,0,0,NA,0,0,0,0,NA,0,0,NA,NA,0,0,0,0,0,0,0,NA,0,NA,NA,NA,NA,NA,NA,NA,NA,NA,NA,NA,NA,NA,NA,NA,NA,NA,NA,NA,NA,NA,NA,NA,NA,NA,NA,NA,NA,NA,NA,NA,NA,NA,NA,NA
"39",1,1,1,1,NA,NA,NA,1,NA,1,1,1,1,1,0,0,0,0,NA,NA,NA,0,NA,0,NA,0,0,0,NA,NA,0,0,0,NA,0,0,0,0,NA,0,0,NA,NA,0,0,0,0,0,0,0,NA,0,NA,NA,NA,NA,NA,NA,NA,NA,NA,NA,NA,NA,NA,NA,NA,NA,NA,NA,NA,NA,NA,NA,NA,NA,NA,NA,NA,NA,NA,NA,NA,NA,NA,NA,NA
"40",1,1,1,1,NA,NA,NA,NA,1,0,0,0,1,1,NA,0,0,0,NA,NA,NA,0,0,NA,NA,0,0,0,NA,NA,0,0,0,NA,0,0,0,0,NA,0,0,NA,NA,0,0,0,0,0,0,0,NA,0,NA,NA,NA,NA,NA,NA,NA,NA,NA,NA,NA,NA,NA,NA,NA,NA,NA,NA,NA,NA,NA,NA,NA,NA,NA,NA,NA,NA,NA,NA,NA,NA,NA,NA,NA
"41",1,1,1,1,1,NA,NA,NA,NA,1,1,1,1,1,0,0,0,0,NA,NA,NA,0,NA,0,NA,0,0,0,NA,NA,0,0,0,NA,0,0,0,0,NA,0,0,NA,NA,0,0,0,0,0,0,0,NA,0,NA,NA,NA,NA,NA,NA,NA,NA,NA,NA,NA,NA,NA,NA,NA,NA,NA,NA,NA,NA,NA,NA,NA,NA,NA,NA,NA,NA,NA,NA,NA,NA,NA,NA,NA
"42",1,1,1,1,NA,1,NA,NA,NA,1,1,1,1,1,NA,0,0,0,NA,NA,NA,0,0,NA,NA,0,0,0,NA,NA,0,0,0,NA,0,0,0,0,NA,0,0,NA,NA,0,0,0,0,0,0,0,NA,0,NA,NA,NA,NA,NA,NA,NA,NA,NA,NA,NA,NA,NA,NA,NA,NA,NA,NA,NA,NA,NA,NA,NA,NA,NA,NA,NA,NA,NA,NA,NA,NA,NA,NA,NA
"43",1,1,1,1,NA,NA,NA,1,1,0,0,0,1,1,0,0,0,0,NA,NA,NA,0,NA,0,NA,0,0,0,NA,NA,0,0,0,NA,0,0,0,0,NA,0,0,NA,NA,0,0,0,0,0,0,0,NA,0,NA,NA,NA,NA,NA,NA,NA,NA,NA,NA,NA,NA,NA,NA,NA,NA,NA,NA,NA,NA,NA,NA,NA,NA,NA,NA,NA,NA,NA,NA,NA,NA,NA,NA,NA
"44",1,1,1,1,1,NA,NA,NA,NA,1,1,1,1,1,NA,0,0,0,NA,NA,NA,0,0,NA,NA,0,0,0,NA,NA,0,0,0,NA,0,0,0,0,NA,0,0,NA,NA,0,0,0,0,0,0,0,NA,0,NA,NA,NA,NA,NA,NA,NA,NA,NA,NA,NA,NA,NA,NA,NA,NA,NA,NA,NA,NA,NA,NA,NA,NA,NA,NA,NA,NA,NA,NA,NA,NA,NA,NA,NA
"45",1,1,1,1,NA,0,NA,NA,0,1,1,1,1,1,0,0,0,0,NA,NA,NA,0,NA,0,NA,0,0,0,NA,NA,0,0,0,NA,0,0,0,0,NA,0,0,NA,NA,0,0,0,0,0,0,0,NA,0,NA,NA,NA,NA,NA,NA,NA,NA,NA,NA,NA,NA,NA,NA,NA,NA,NA,NA,NA,NA,NA,NA,NA,NA,NA,NA,NA,NA,NA,NA,NA,NA,NA,NA,NA
"46",1,1,1,1,NA,NA,NA,1,NA,1,1,1,1,1,NA,0,0,0,NA,NA,NA,0,0,NA,NA,0,0,0,NA,NA,0,0,0,NA,0,0,0,0,NA,0,0,NA,NA,0,0,0,0,0,0,0,NA,0,NA,NA,NA,NA,NA,NA,NA,NA,NA,NA,NA,NA,NA,NA,NA,NA,NA,NA,NA,NA,NA,NA,NA,NA,NA,NA,NA,NA,NA,NA,NA,NA,NA,NA,NA
"47",1,1,1,1,1,NA,NA,NA,1,0,0,0,1,1,0,0,0,0,NA,NA,NA,0,NA,0,NA,0,0,0,NA,NA,0,0,0,NA,0,0,0,0,NA,0,0,NA,NA,0,0,0,0,0,0,0,NA,0,NA,NA,NA,NA,NA,NA,NA,NA,NA,NA,NA,NA,NA,NA,NA,NA,NA,NA,NA,NA,NA,NA,NA,NA,NA,NA,NA,NA,NA,NA,NA,NA,NA,NA,NA
"48",1,1,1,1,NA,NA,NA,NA,NA,1,1,1,0,0,0,0,0,0,NA,NA,NA,0,0,NA,NA,0,0,0,NA,NA,0,0,0,NA,0,0,0,0,NA,0,0,NA,NA,0,NA,0,0,0,0,0,NA,0,NA,NA,NA,NA,NA,NA,NA,NA,NA,NA,NA,NA,NA,NA,NA,NA,NA,NA,NA,NA,NA,NA,NA,NA,NA,NA,NA,NA,NA,NA,NA,NA,NA,NA,NA
"49",1,1,1,1,NA,NA,NA,NA,1,0,0,0,0,0,0,0,0,0,NA,NA,NA,0,NA,0,NA,0,0,0,NA,NA,0,0,0,NA,0,0,0,0,NA,0,0,NA,NA,0,NA,0,0,0,0,0,NA,0,NA,NA,NA,NA,NA,NA,NA,NA,NA,NA,NA,NA,NA,NA,NA,NA,NA,NA,NA,NA,NA,NA,NA,NA,NA,NA,NA,NA,NA,NA,NA,NA,NA,NA,NA
"50",1,1,1,1,1,1,NA,NA,NA,1,1,1,1,1,0,0,0,0,NA,NA,NA,0,0,NA,NA,0,0,0,NA,NA,0,0,0,NA,0,0,0,0,NA,0,0,NA,NA,0,0,0,0,0,0,0,NA,0,NA,NA,NA,NA,NA,NA,NA,NA,NA,NA,NA,NA,NA,NA,NA,NA,NA,NA,NA,NA,NA,NA,NA,NA,NA,NA,NA,NA,NA,NA,NA,NA,NA,NA,NA
"51",1,1,1,1,NA,NA,NA,1,1,0,0,0,1,1,NA,0,0,0,NA,NA,NA,0,0,0,NA,0,0,0,NA,NA,0,0,0,NA,0,0,0,0,NA,0,0,NA,NA,0,0,0,0,0,0,0,NA,0,NA,NA,NA,NA,NA,NA,NA,NA,NA,NA,NA,NA,NA,NA,NA,NA,NA,NA,NA,NA,NA,NA,NA,NA,NA,NA,NA,NA,NA,NA,NA,NA,NA,NA,NA
"52",1,1,1,1,NA,1,NA,NA,NA,1,1,1,1,1,0,0,0,0,NA,NA,NA,0,NA,NA,NA,0,0,0,NA,NA,0,0,0,NA,0,0,0,0,NA,0,0,NA,NA,0,0,0,0,0,0,0,NA,0,NA,NA,NA,NA,NA,NA,NA,NA,NA,NA,NA,NA,NA,NA,NA,NA,NA,NA,NA,NA,NA,NA,NA,NA,NA,NA,NA,NA,NA,NA,NA,NA,NA,NA,NA
"53",1,1,1,1,NA,NA,NA,1,NA,1,1,1,0,0,NA,0,0,0,NA,NA,NA,0,0,0,NA,0,0,0,NA,NA,0,0,0,NA,0,0,0,0,NA,0,0,NA,NA,0,NA,0,0,0,0,0,NA,0,NA,NA,NA,NA,NA,NA,NA,NA,NA,NA,NA,NA,NA,NA,NA,NA,NA,NA,NA,NA,NA,NA,NA,NA,NA,NA,NA,NA,NA,NA,NA,NA,NA,NA,NA
"54",1,1,1,1,NA,NA,NA,NA,1,0,0,0,1,1,0,0,0,0,NA,NA,NA,0,NA,NA,NA,0,0,0,NA,NA,0,0,0,NA,0,0,0,0,NA,0,0,NA,NA,0,0,0,0,0,0,0,NA,0,NA,NA,NA,NA,NA,NA,NA,NA,NA,NA,NA,NA,NA,NA,NA,NA,NA,NA,NA,NA,NA,NA,NA,NA,NA,NA,NA,NA,NA,NA,NA,NA,NA,NA,NA
"55",1,1,1,1,1,1,NA,NA,NA,1,1,1,1,1,NA,0,0,0,NA,NA,NA,0,0,0,NA,0,0,0,NA,NA,0,0,0,NA,0,0,0,0,NA,0,0,NA,NA,0,0,0,0,0,0,0,NA,0,NA,NA,NA,NA,NA,NA,NA,NA,NA,NA,NA,NA,NA,NA,NA,NA,NA,NA,NA,NA,NA,NA,NA,NA,NA,NA,NA,NA,NA,NA,NA,NA,NA,NA,NA
"56",1,1,1,1,NA,NA,NA,1,NA,1,1,1,1,1,0,0,0,0,NA,NA,NA,0,NA,NA,NA,0,0,0,NA,NA,0,0,0,NA,0,0,0,0,NA,0,0,NA,NA,0,0,0,0,0,0,0,NA,0,NA,NA,NA,NA,NA,NA,NA,NA,NA,NA,NA,NA,NA,NA,NA,NA,NA,NA,NA,NA,NA,NA,NA,NA,NA,NA,NA,NA,NA,NA,NA,NA,NA,NA,NA
"57",1,1,1,1,NA,1,NA,NA,NA,1,1,1,0,0,0,0,0,0,NA,NA,NA,0,0,0,NA,0,0,0,NA,NA,0,0,0,NA,0,0,0,0,NA,0,0,NA,NA,0,NA,0,0,0,0,0,NA,0,NA,NA,NA,NA,NA,NA,NA,NA,NA,NA,NA,NA,NA,NA,NA,NA,NA,NA,NA,NA,NA,NA,NA,NA,NA,NA,NA,NA,NA,NA,NA,NA,NA,NA,NA
"58",1,1,1,1,NA,NA,NA,NA,NA,1,1,1,1,1,NA,0,0,0,NA,NA,NA,0,NA,NA,NA,0,0,0,NA,NA,0,0,0,NA,0,0,0,0,NA,0,0,NA,NA,0,0,0,0,0,0,0,NA,0,NA,NA,NA,NA,NA,NA,NA,NA,NA,NA,NA,NA,NA,NA,NA,NA,NA,NA,NA,NA,NA,NA,NA,NA,NA,NA,NA,NA,NA,NA,NA,NA,NA,NA,NA
"59",1,1,1,1,NA,0,NA,NA,0,1,1,1,0,0,0,0,0,0,NA,NA,NA,0,0,0,NA,0,0,0,NA,NA,0,0,0,NA,0,0,0,0,NA,0,0,NA,NA,0,NA,0,0,0,0,0,NA,0,NA,NA,NA,NA,NA,NA,NA,NA,NA,NA,NA,NA,NA,NA,NA,NA,NA,NA,NA,NA,NA,NA,NA,NA,NA,NA,NA,NA,NA,NA,NA,NA,NA,NA,NA
"60",1,1,1,1,1,NA,NA,NA,NA,1,1,1,1,1,0,0,0,0,NA,NA,NA,0,NA,NA,NA,0,0,0,NA,NA,0,0,0,NA,0,0,0,0,NA,0,0,NA,NA,0,0,0,0,0,0,0,NA,0,NA,NA,NA,NA,NA,NA,NA,NA,NA,NA,NA,NA,NA,NA,NA,NA,NA,NA,NA,NA,NA,NA,NA,NA,NA,NA,NA,NA,NA,NA,NA,NA,NA,NA,NA
"61",1,1,1,1,NA,1,NA,1,NA,1,1,1,1,1,NA,0,0,0,NA,NA,NA,0,0,0,NA,0,0,0,NA,NA,0,0,0,NA,0,0,0,0,NA,0,0,NA,NA,0,0,0,0,0,0,0,NA,0,NA,NA,NA,NA,NA,NA,NA,NA,NA,NA,NA,NA,NA,NA,NA,NA,NA,NA,NA,NA,NA,NA,NA,NA,NA,NA,NA,NA,NA,NA,NA,NA,NA,NA,NA
"62",1,1,1,1,NA,NA,NA,NA,NA,1,1,1,0,0,0,0,0,0,NA,NA,NA,0,NA,NA,NA,0,0,0,NA,NA,0,0,0,NA,0,0,0,0,NA,0,0,NA,NA,0,NA,0,0,0,0,0,NA,0,NA,NA,NA,NA,NA,NA,NA,NA,NA,NA,NA,NA,NA,NA,NA,NA,NA,NA,NA,NA,NA,NA,NA,NA,NA,NA,NA,NA,NA,NA,NA,NA,NA,NA,NA
"63",1,1,1,1,1,NA,NA,NA,NA,1,1,1,0,0,NA,0,0,0,NA,NA,NA,0,0,0,NA,0,0,0,NA,NA,0,0,0,NA,0,0,0,0,NA,0,0,NA,NA,0,NA,0,0,0,0,0,NA,0,NA,NA,NA,NA,NA,NA,NA,NA,NA,NA,NA,NA,NA,NA,NA,NA,NA,NA,NA,NA,NA,NA,NA,NA,NA,NA,NA,NA,NA,NA,NA,NA,NA,NA,NA
"64",1,1,1,1,NA,0,NA,NA,0,1,1,1,1,1,0,0,0,0,NA,NA,NA,0,0,NA,NA,0,0,0,NA,NA,0,0,0,NA,0,0,0,0,NA,0,0,NA,NA,0,0,0,0,0,0,0,NA,0,NA,NA,NA,NA,NA,NA,NA,NA,NA,NA,NA,NA,NA,NA,NA,NA,NA,NA,NA,NA,NA,NA,NA,NA,NA,NA,NA,NA,NA,NA,NA,NA,NA,NA,NA
"65",1,1,1,1,NA,NA,NA,1,NA,1,1,1,0,0,0,0,0,0,NA,NA,NA,0,NA,0,NA,0,0,0,NA,NA,0,0,0,NA,0,0,0,0,NA,0,0,NA,NA,0,NA,0,0,0,0,0,NA,0,NA,NA,NA,NA,NA,NA,NA,NA,NA,NA,NA,NA,NA,NA,NA,NA,NA,NA,NA,NA,NA,NA,NA,NA,NA,NA,NA,NA,NA,NA,NA,NA,NA,NA,NA
"66",1,1,1,1,NA,NA,NA,NA,NA,1,1,1,0,0,NA,0,0,0,NA,NA,NA,0,0,NA,NA,0,0,0,NA,NA,0,0,0,NA,0,0,0,0,NA,0,0,NA,NA,0,NA,0,0,0,0,0,NA,0,NA,NA,NA,NA,NA,NA,NA,NA,NA,NA,NA,NA,NA,NA,NA,NA,NA,NA,NA,NA,NA,NA,NA,NA,NA,NA,NA,NA,NA,NA,NA,NA,NA,NA,NA
"67",1,1,1,1,NA,NA,NA,1,1,0,0,0,0,0,0,0,0,0,NA,NA,NA,0,0,0,NA,0,0,0,NA,NA,0,0,0,NA,0,0,0,0,NA,0,0,NA,NA,0,NA,0,0,0,0,0,NA,0,NA,NA,NA,NA,NA,NA,NA,NA,NA,NA,NA,NA,NA,NA,NA,NA,NA,NA,NA,NA,NA,NA,NA,NA,NA,NA,NA,NA,NA,NA,NA,NA,NA,NA,NA
"68",1,1,1,1,NA,1,NA,NA,NA,1,1,1,0,0,0,0,0,0,NA,NA,NA,0,NA,0,NA,0,0,0,NA,NA,0,0,0,NA,0,0,0,0,NA,0,0,NA,NA,0,NA,0,0,0,0,0,NA,0,NA,NA,NA,NA,NA,NA,NA,NA,NA,NA,NA,NA,NA,NA,NA,NA,NA,NA,NA,NA,NA,NA,NA,NA,NA,NA,NA,NA,NA,NA,NA,NA,NA,NA,NA
"69",1,1,1,1,1,NA,NA,NA,1,0,0,0,1,1,NA,0,0,0,NA,NA,NA,0,0,0,NA,0,0,0,NA,NA,0,0,0,NA,0,0,0,0,NA,0,0,NA,NA,0,0,0,0,0,0,0,NA,0,NA,NA,NA,NA,NA,NA,NA,NA,NA,NA,NA,NA,NA,NA,NA,NA,NA,NA,NA,NA,NA,NA,NA,NA,NA,NA,NA,NA,NA,NA,NA,NA,NA,NA,NA
"70",1,1,1,1,NA,1,NA,1,NA,1,1,1,1,1,0,0,0,0,NA,NA,NA,0,0,NA,NA,0,0,0,NA,NA,0,0,0,NA,0,0,0,0,NA,0,0,NA,NA,0,0,0,0,0,0,0,NA,0,NA,NA,NA,NA,NA,NA,NA,NA,NA,NA,NA,NA,NA,NA,NA,NA,NA,NA,NA,NA,NA,NA,NA,NA,NA,NA,NA,NA,NA,NA,NA,NA,NA,NA,NA
"71",1,1,1,1,NA,NA,NA,NA,1,0,0,0,1,1,NA,0,0,0,NA,NA,NA,0,NA,0,NA,0,0,0,NA,NA,0,0,0,NA,0,0,0,0,NA,0,0,NA,NA,0,0,0,0,0,0,0,NA,0,NA,NA,NA,NA,NA,NA,NA,NA,NA,NA,NA,NA,NA,NA,NA,NA,NA,NA,NA,NA,NA,NA,NA,NA,NA,NA,NA,NA,NA,NA,NA,NA,NA,NA,NA
"72",1,1,1,1,NA,NA,NA,1,NA,1,1,1,0,0,0,0,0,0,NA,NA,NA,0,0,NA,NA,0,0,0,NA,NA,0,0,0,NA,0,0,0,0,NA,0,0,NA,NA,0,NA,0,0,0,0,0,NA,0,NA,NA,NA,NA,NA,NA,NA,NA,NA,NA,NA,NA,NA,NA,NA,NA,NA,NA,NA,NA,NA,NA,NA,NA,NA,NA,NA,NA,NA,NA,NA,NA,NA,NA,NA
"73",1,1,1,1,NA,NA,NA,NA,1,0,0,0,0,0,NA,0,0,0,NA,NA,NA,0,0,0,NA,0,0,0,NA,NA,0,0,0,NA,0,0,0,0,NA,0,0,NA,NA,0,NA,0,0,0,0,0,NA,0,NA,NA,NA,NA,NA,NA,NA,NA,NA,NA,NA,NA,NA,NA,NA,NA,NA,NA,NA,NA,NA,NA,NA,NA,NA,NA,NA,NA,NA,NA,NA,NA,NA,NA,NA
"74",1,1,1,1,1,NA,NA,NA,NA,1,1,1,0,0,0,0,0,0,NA,NA,NA,0,NA,0,NA,0,0,0,NA,NA,0,0,0,NA,0,0,0,0,NA,0,0,NA,NA,0,NA,0,0,0,0,0,NA,0,NA,NA,NA,NA,NA,NA,NA,NA,NA,NA,NA,NA,NA,NA,NA,NA,NA,NA,NA,NA,NA,NA,NA,NA,NA,NA,NA,NA,NA,NA,NA,NA,NA,NA,NA
"75",1,1,1,1,NA,1,NA,NA,NA,1,1,1,0,0,NA,0,0,0,NA,NA,NA,0,0,0,NA,0,0,0,NA,NA,0,0,0,NA,0,0,0,0,NA,0,0,NA,NA,0,NA,0,0,0,0,0,NA,0,NA,NA,NA,NA,NA,NA,NA,NA,NA,NA,NA,NA,NA,NA,NA,NA,NA,NA,NA,NA,NA,NA,NA,NA,NA,NA,NA,NA,NA,NA,NA,NA,NA,NA,NA
"76",1,1,1,1,NA,NA,NA,1,1,0,0,0,1,1,0,0,0,0,NA,NA,NA,0,0,NA,NA,0,0,0,NA,NA,0,0,0,NA,0,0,0,0,NA,0,0,NA,NA,0,0,0,0,0,0,0,NA,0,NA,NA,NA,NA,NA,NA,NA,NA,NA,NA,NA,NA,NA,NA,NA,NA,NA,NA,NA,NA,NA,NA,NA,NA,NA,NA,NA,NA,NA,NA,NA,NA,NA,NA,NA
"77",1,1,1,1,NA,0,NA,NA,0,1,1,1,0,0,0,0,0,0,NA,NA,NA,0,NA,0,NA,0,0,0,NA,NA,0,0,0,NA,0,0,0,0,NA,0,0,NA,NA,0,NA,0,0,0,0,0,NA,0,NA,NA,NA,NA,NA,NA,NA,NA,NA,NA,NA,NA,NA,NA,NA,NA,NA,NA,NA,NA,NA,NA,NA,NA,NA,NA,NA,NA,NA,NA,NA,NA,NA,NA,NA
"78",1,1,1,1,NA,NA,NA,1,1,0,0,0,1,1,NA,0,0,0,NA,NA,NA,0,0,NA,NA,0,0,0,NA,NA,0,0,0,NA,0,0,0,0,NA,0,0,NA,NA,0,0,0,0,0,0,0,NA,0,NA,NA,NA,NA,NA,NA,NA,NA,NA,NA,NA,NA,NA,NA,NA,NA,NA,NA,NA,NA,NA,NA,NA,NA,NA,NA,NA,NA,NA,NA,NA,NA,NA,NA,NA
"79",1,1,1,1,1,1,NA,NA,NA,1,1,1,1,1,0,0,0,0,NA,NA,NA,0,NA,0,NA,0,0,0,NA,NA,0,0,0,NA,0,0,0,0,NA,0,0,NA,NA,0,0,0,0,0,0,0,NA,0,NA,NA,NA,NA,NA,NA,NA,NA,NA,NA,NA,NA,NA,NA,NA,NA,NA,NA,NA,NA,NA,NA,NA,NA,NA,NA,NA,NA,NA,NA,NA,NA,NA,NA,NA
"80",1,1,1,1,NA,NA,NA,1,NA,1,1,1,0,0,0,0,0,0,NA,NA,NA,0,NA,NA,NA,0,0,0,NA,NA,0,0,0,NA,0,0,0,0,NA,0,0,NA,NA,0,NA,0,0,0,0,0,NA,0,NA,NA,NA,NA,NA,NA,NA,NA,NA,NA,NA,NA,NA,NA,NA,NA,NA,NA,NA,NA,NA,NA,NA,NA,NA,NA,NA,NA,NA,NA,NA,NA,NA,NA,NA
"81",1,1,1,1,1,NA,NA,NA,NA,1,1,1,1,1,NA,0,0,0,NA,NA,NA,0,NA,0,NA,0,0,0,NA,NA,0,0,0,NA,0,0,0,0,NA,0,0,NA,NA,0,0,0,0,0,0,0,NA,0,NA,NA,NA,NA,NA,NA,NA,NA,NA,NA,NA,NA,NA,NA,NA,NA,NA,NA,NA,NA,NA,NA,NA,NA,NA,NA,NA,NA,NA,NA,NA,NA,NA,NA,NA
"82",1,1,1,1,NA,1,NA,1,NA,1,1,1,1,1,0,0,0,0,NA,NA,NA,0,NA,0,NA,0,0,0,NA,NA,0,0,0,NA,0,0,0,0,NA,0,0,NA,NA,0,0,0,0,0,0,0,NA,0,NA,NA,NA,NA,NA,NA,NA,NA,NA,NA,NA,NA,NA,NA,NA,NA,NA,NA,NA,NA,NA,NA,NA,NA,NA,NA,NA,NA,NA,NA,NA,NA,NA,NA,NA
"83",1,1,1,1,1,NA,NA,NA,1,0,0,0,0,0,0,0,0,0,NA,NA,NA,0,0,0,NA,0,0,0,NA,NA,0,0,0,NA,0,0,0,0,NA,0,0,NA,NA,0,NA,0,0,0,0,0,NA,0,NA,NA,NA,NA,NA,NA,NA,NA,NA,NA,NA,NA,NA,NA,NA,NA,NA,NA,NA,NA,NA,NA,NA,NA,NA,NA,NA,NA,NA,NA,NA,NA,NA,NA,NA
"84",1,1,1,1,NA,NA,NA,NA,NA,1,1,1,0,0,NA,0,0,0,NA,NA,NA,0,NA,0,NA,0,0,0,NA,NA,0,0,0,NA,0,0,0,0,NA,0,0,NA,NA,0,NA,0,0,0,0,0,NA,0,NA,NA,NA,NA,NA,NA,NA,NA,NA,NA,NA,NA,NA,NA,NA,NA,NA,NA,NA,NA,NA,NA,NA,NA,NA,NA,NA,NA,NA,NA,NA,NA,NA,NA,NA
"85",1,1,1,1,NA,0,NA,NA,0,1,1,1,1,1,NA,0,0,0,NA,NA,NA,0,0,NA,NA,0,0,0,NA,NA,0,0,0,NA,0,0,0,0,NA,0,0,NA,NA,0,0,0,0,0,0,0,NA,0,NA,NA,NA,NA,NA,NA,NA,NA,NA,NA,NA,NA,NA,NA,NA,NA,NA,NA,NA,NA,NA,NA,NA,NA,NA,NA,NA,NA,NA,NA,NA,NA,NA,NA,NA
"86",1,1,1,1,1,1,NA,NA,NA,1,1,1,0,0,0,0,0,0,NA,NA,NA,0,0,0,NA,0,0,0,NA,NA,0,0,0,NA,0,0,0,0,NA,0,0,NA,NA,0,NA,0,0,0,0,0,NA,0,NA,NA,NA,NA,NA,NA,NA,NA,NA,NA,NA,NA,NA,NA,NA,NA,NA,NA,NA,NA,NA,NA,NA,NA,NA,NA,NA,NA,NA,NA,NA,NA,NA,NA,NA
"87",1,1,1,1,NA,NA,NA,1,1,0,0,0,1,1,0,0,0,0,NA,NA,NA,0,NA,NA,NA,0,0,0,NA,NA,0,0,0,NA,0,0,0,0,NA,0,0,NA,NA,0,0,0,0,0,0,0,NA,0,NA,NA,NA,NA,NA,NA,NA,NA,NA,NA,NA,NA,NA,NA,NA,NA,NA,NA,NA,NA,NA,NA,NA,NA,NA,NA,NA,NA,NA,NA,NA,NA,NA,NA,NA
"88",1,1,1,1,1,NA,NA,NA,NA,1,1,1,0,0,0,0,0,0,NA,NA,NA,0,0,NA,NA,0,0,0,NA,NA,0,0,0,NA,0,0,0,0,NA,0,0,NA,NA,0,NA,0,0,0,0,0,NA,0,NA,NA,NA,NA,NA,NA,NA,NA,NA,NA,NA,NA,NA,NA,NA,NA,NA,NA,NA,NA,NA,NA,NA,NA,NA,NA,NA,NA,NA,NA,NA,NA,NA,NA,NA
"89",1,1,1,1,NA,1,NA,1,NA,1,1,1,1,1,0,0,0,0,NA,NA,NA,0,NA,NA,NA,0,0,0,NA,NA,0,0,0,NA,0,0,0,0,NA,0,0,NA,NA,0,0,0,0,0,0,0,NA,0,NA,NA,NA,NA,NA,NA,NA,NA,NA,NA,NA,NA,NA,NA,NA,NA,NA,NA,NA,NA,NA,NA,NA,NA,NA,NA,NA,NA,NA,NA,NA,NA,NA,NA,NA
"90",1,1,1,1,1,NA,NA,NA,1,0,0,0,0,0,0,0,0,0,NA,NA,NA,0,NA,0,NA,0,0,0,NA,NA,0,0,0,NA,0,0,0,0,NA,0,0,NA,NA,0,NA,0,0,0,0,0,NA,0,NA,NA,NA,NA,NA,NA,NA,NA,NA,NA,NA,NA,NA,NA,NA,NA,NA,NA,NA,NA,NA,NA,NA,NA,NA,NA,NA,NA,NA,NA,NA,NA,NA,NA,NA
"91",1,1,1,1,NA,NA,NA,1,NA,1,1,1,1,1,NA,0,0,0,NA,NA,NA,0,NA,0,NA,0,0,0,NA,NA,0,0,0,NA,0,0,0,0,NA,0,0,NA,NA,0,0,0,0,0,0,0,NA,0,NA,NA,NA,NA,NA,NA,NA,NA,NA,NA,NA,NA,NA,NA,NA,NA,NA,NA,NA,NA,NA,NA,NA,NA,NA,NA,NA,NA,NA,NA,NA,NA,NA,NA,NA
"92",1,1,1,1,NA,NA,NA,NA,1,0,0,0,1,1,NA,0,0,0,NA,NA,NA,0,NA,NA,NA,0,0,0,NA,NA,0,0,0,NA,0,0,0,0,NA,0,0,NA,NA,0,0,0,0,0,0,0,NA,0,NA,NA,NA,NA,NA,NA,NA,NA,NA,NA,NA,NA,NA,NA,NA,NA,NA,NA,NA,NA,NA,NA,NA,NA,NA,NA,NA,NA,NA,NA,NA,NA,NA,NA,NA
"93",1,1,1,1,0,NA,NA,0,NA,1,1,1,0,0,NA,0,0,0,NA,NA,NA,0,0,0,NA,0,0,0,NA,NA,0,0,0,NA,0,0,0,0,NA,0,0,NA,NA,0,NA,0,0,0,0,0,NA,0,NA,NA,NA,NA,NA,NA,NA,NA,NA,NA,NA,NA,NA,NA,NA,NA,NA,NA,NA,NA,NA,NA,NA,NA,NA,NA,NA,NA,NA,NA,NA,NA,NA,NA,NA
"94",1,1,1,1,NA,0,NA,NA,0,1,1,1,1,1,NA,0,0,0,NA,NA,NA,0,NA,0,NA,0,0,0,NA,NA,0,0,0,NA,0,0,0,0,NA,0,0,NA,NA,0,0,0,0,0,0,0,NA,0,NA,NA,NA,NA,NA,NA,NA,NA,NA,NA,NA,NA,NA,NA,NA,NA,NA,NA,NA,NA,NA,NA,NA,NA,NA,NA,NA,NA,NA,NA,NA,NA,NA,NA,NA
"95",1,1,1,1,1,NA,NA,NA,NA,1,1,1,0,0,0,0,0,0,NA,NA,NA,0,NA,NA,NA,0,0,0,NA,NA,0,0,0,NA,0,0,0,0,NA,0,0,NA,NA,0,NA,0,0,0,0,0,NA,0,NA,NA,NA,NA,NA,NA,NA,NA,NA,NA,NA,NA,NA,NA,NA,NA,NA,NA,NA,NA,NA,NA,NA,NA,NA,NA,NA,NA,NA,NA,NA,NA,NA,NA,NA
"96",1,1,1,1,1,NA,NA,NA,1,0,0,0,1,1,NA,0,0,0,NA,NA,NA,0,0,NA,NA,0,0,0,NA,NA,0,0,0,NA,0,0,0,0,NA,0,0,NA,NA,0,0,0,0,0,0,0,NA,0,NA,NA,NA,NA,NA,NA,NA,NA,NA,NA,NA,NA,NA,NA,NA,NA,NA,NA,NA,NA,NA,NA,NA,NA,NA,NA,NA,NA,NA,NA,NA,NA,NA,NA,NA
"97",1,1,1,1,NA,1,NA,NA,NA,1,1,1,0,0,0,0,0,0,NA,NA,NA,0,0,NA,NA,0,0,0,NA,NA,0,0,0,NA,0,0,0,0,NA,0,0,NA,NA,0,NA,0,0,0,0,0,NA,0,NA,NA,NA,NA,NA,NA,NA,NA,NA,NA,NA,NA,NA,NA,NA,NA,NA,NA,NA,NA,NA,NA,NA,NA,NA,NA,NA,NA,NA,NA,NA,NA,NA,NA,NA
"98",1,1,1,1,1,NA,NA,NA,1,0,0,0,1,1,0,0,0,0,NA,NA,NA,0,NA,NA,NA,0,0,0,NA,NA,0,0,0,NA,0,0,0,0,NA,0,0,NA,NA,0,0,0,0,0,0,0,NA,0,NA,NA,NA,NA,NA,NA,NA,NA,NA,NA,NA,NA,NA,NA,NA,NA,NA,NA,NA,NA,NA,NA,NA,NA,NA,NA,NA,NA,NA,NA,NA,NA,NA,NA,NA
"99",1,1,1,1,NA,1,NA,1,NA,1,1,1,1,1,NA,0,0,0,NA,NA,NA,0,0,NA,NA,0,0,0,NA,NA,0,0,0,NA,0,0,0,0,NA,0,0,NA,NA,0,0,0,0,0,0,0,NA,0,NA,NA,NA,NA,NA,NA,NA,NA,NA,NA,NA,NA,NA,NA,NA,NA,NA,NA,NA,NA,NA,NA,NA,NA,NA,NA,NA,NA,NA,NA,NA,NA,NA,NA,NA
"100",1,1,1,1,NA,0,NA,NA,0,1,1,1,1,1,0,0,0,0,NA,NA,NA,0,NA,NA,NA,0,0,0,NA,NA,0,0,0,NA,0,0,0,0,NA,0,0,NA,NA,0,0,0,0,0,0,0,NA,0,NA,NA,NA,NA,NA,NA,NA,NA,NA,NA,NA,NA,NA,NA,NA,NA,NA,NA,NA,NA,NA,NA,NA,NA,NA,NA,NA,NA,NA,NA,NA,NA,NA,NA,NA
"101",1,1,1,1,0,NA,NA,0,NA,1,1,1,0,0,0,0,0,0,NA,NA,NA,0,0,NA,NA,0,0,0,NA,NA,0,0,0,NA,0,0,0,0,NA,0,0,NA,NA,0,NA,0,0,0,0,0,NA,0,NA,NA,NA,NA,NA,NA,NA,NA,NA,NA,NA,NA,NA,NA,NA,NA,NA,NA,NA,NA,NA,NA,NA,NA,NA,NA,NA,NA,NA,NA,NA,NA,NA,NA,NA
"102",1,1,1,1,1,1,NA,NA,NA,1,1,1,1,1,NA,0,0,0,NA,NA,NA,0,0,NA,NA,0,0,0,NA,NA,0,0,0,NA,0,0,0,0,NA,0,0,NA,NA,0,0,0,0,0,0,0,NA,0,NA,NA,NA,NA,NA,NA,NA,NA,NA,NA,NA,NA,NA,NA,NA,NA,NA,NA,NA,NA,NA,NA,NA,NA,NA,NA,NA,NA,NA,NA,NA,NA,NA,NA,NA
"103",1,1,1,1,NA,1,NA,NA,NA,1,1,1,1,1,NA,0,0,0,NA,NA,NA,0,NA,NA,NA,0,0,0,NA,NA,0,0,0,NA,0,0,0,0,NA,0,0,NA,NA,0,0,0,0,0,0,0,NA,0,NA,NA,NA,NA,NA,NA,NA,NA,NA,NA,NA,NA,NA,NA,NA,NA,NA,NA,NA,NA,NA,NA,NA,NA,NA,NA,NA,NA,NA,NA,NA,NA,NA,NA,NA
"104",1,1,1,1,NA,1,NA,1,NA,1,1,1,0,0,0,0,0,0,NA,NA,NA,0,0,0,NA,0,0,0,NA,NA,0,0,0,NA,0,0,0,0,NA,0,0,NA,NA,0,NA,0,0,0,0,0,NA,0,NA,NA,NA,NA,NA,NA,NA,NA,NA,NA,NA,NA,NA,NA,NA,NA,NA,NA,NA,NA,NA,NA,NA,NA,NA,NA,NA,NA,NA,NA,NA,NA,NA,NA,NA
"105",1,1,1,1,1,1,NA,NA,NA,1,1,1,0,0,0,0,0,0,NA,NA,NA,0,NA,0,NA,0,0,0,NA,NA,0,0,0,NA,0,0,0,0,NA,0,0,NA,NA,0,NA,0,0,0,0,0,NA,0,NA,NA,NA,NA,NA,NA,NA,NA,NA,NA,NA,NA,NA,NA,NA,NA,NA,NA,NA,NA,NA,NA,NA,NA,NA,NA,NA,NA,NA,NA,NA,NA,NA,NA,NA
"106",1,1,1,1,1,NA,NA,NA,NA,1,1,1,1,1,NA,0,0,0,NA,NA,NA,0,NA,NA,NA,0,0,0,NA,NA,0,0,0,NA,0,0,0,0,NA,0,0,NA,NA,0,0,0,0,0,0,0,NA,0,NA,NA,NA,NA,NA,NA,NA,NA,NA,NA,NA,NA,NA,NA,NA,NA,NA,NA,NA,NA,NA,NA,NA,NA,NA,NA,NA,NA,NA,NA,NA,NA,NA,NA,NA
"107",1,1,1,1,NA,1,NA,1,NA,1,1,1,0,0,0,0,0,0,NA,NA,NA,0,NA,0,NA,0,0,0,NA,NA,0,0,0,NA,0,0,0,0,NA,0,0,NA,NA,0,NA,0,0,0,0,0,NA,0,NA,NA,NA,NA,NA,NA,NA,NA,NA,NA,NA,NA,NA,NA,NA,NA,NA,NA,NA,NA,NA,NA,NA,NA,NA,NA,NA,NA,NA,NA,NA,NA,NA,NA,NA
"108",1,1,1,1,1,1,NA,NA,NA,1,1,1,0,0,NA,0,0,0,NA,NA,NA,0,0,0,NA,0,0,0,NA,NA,0,0,0,NA,0,0,0,0,NA,0,0,NA,NA,0,NA,0,0,0,0,0,NA,0,NA,NA,NA,NA,NA,NA,NA,NA,NA,NA,NA,NA,NA,NA,NA,NA,NA,NA,NA,NA,NA,NA,NA,NA,NA,NA,NA,NA,NA,NA,NA,NA,NA,NA,NA
"109",1,1,1,1,NA,NA,NA,NA,NA,1,1,1,0,0,NA,0,0,0,NA,NA,NA,0,NA,NA,NA,0,0,0,NA,NA,0,0,0,NA,0,0,0,0,NA,0,0,NA,NA,0,NA,0,0,0,0,0,NA,0,NA,NA,NA,NA,NA,NA,NA,NA,NA,NA,NA,NA,NA,NA,NA,NA,NA,NA,NA,NA,NA,NA,NA,NA,NA,NA,NA,NA,NA,NA,NA,NA,NA,NA,NA
"110",1,1,1,1,NA,NA,NA,1,1,0,0,0,0,0,NA,0,0,0,NA,NA,NA,0,0,0,NA,0,0,0,NA,NA,0,0,0,NA,0,0,0,0,NA,0,0,NA,NA,0,NA,0,0,0,0,0,NA,0,NA,NA,NA,NA,NA,NA,NA,NA,NA,NA,NA,NA,NA,NA,NA,NA,NA,NA,NA,NA,NA,NA,NA,NA,NA,NA,NA,NA,NA,NA,NA,NA,NA,NA,NA
"111",1,1,1,1,NA,1,NA,NA,NA,1,1,1,0,0,NA,0,0,0,NA,NA,NA,0,NA,0,NA,0,0,0,NA,NA,0,0,0,NA,0,0,0,0,NA,0,0,NA,NA,0,NA,0,0,0,0,0,NA,0,NA,NA,NA,NA,NA,NA,NA,NA,NA,NA,NA,NA,NA,NA,NA,NA,NA,NA,NA,NA,NA,NA,NA,NA,NA,NA,NA,NA,NA,NA,NA,NA,NA,NA,NA
"112",1,1,1,1,0,NA,NA,0,NA,1,1,1,0,0,0,0,0,0,NA,NA,NA,0,NA,NA,NA,0,0,0,NA,NA,0,0,0,NA,0,0,0,0,NA,0,0,NA,NA,0,NA,0,0,0,0,0,NA,0,NA,NA,NA,NA,NA,NA,NA,NA,NA,NA,NA,NA,NA,NA,NA,NA,NA,NA,NA,NA,NA,NA,NA,NA,NA,NA,NA,NA,NA,NA,NA,NA,NA,NA,NA
"113",1,1,1,1,NA,NA,NA,1,1,0,0,0,1,1,NA,0,0,0,NA,NA,NA,0,NA,0,NA,0,0,0,NA,NA,0,0,0,NA,0,0,0,0,NA,0,0,NA,NA,0,0,0,0,0,0,0,NA,0,NA,NA,NA,NA,NA,NA,NA,NA,NA,NA,NA,NA,NA,NA,NA,NA,NA,NA,NA,NA,NA,NA,NA,NA,NA,NA,NA,NA,NA,NA,NA,NA,NA,NA,NA
"114",1,1,1,1,1,1,NA,NA,NA,1,1,1,1,1,NA,0,0,0,NA,NA,NA,0,NA,0,NA,0,0,0,NA,NA,0,0,0,NA,0,0,0,0,NA,0,0,NA,NA,0,0,0,0,0,0,0,NA,0,NA,NA,NA,NA,NA,NA,NA,NA,NA,NA,NA,NA,NA,NA,NA,NA,NA,NA,NA,NA,NA,NA,NA,NA,NA,NA,NA,NA,NA,NA,NA,NA,NA,NA,NA
"115",1,1,1,1,1,NA,NA,NA,NA,1,1,1,0,0,NA,0,0,0,NA,NA,NA,0,NA,0,NA,0,0,0,NA,NA,0,0,0,NA,0,0,0,0,NA,0,0,NA,NA,0,NA,0,0,0,0,0,NA,0,NA,NA,NA,NA,NA,NA,NA,NA,NA,NA,NA,NA,NA,NA,NA,NA,NA,NA,NA,NA,NA,NA,NA,NA,NA,NA,NA,NA,NA,NA,NA,NA,NA,NA,NA
"116",1,1,1,1,1,1,NA,NA,NA,1,1,1,1,1,0,0,0,0,NA,NA,NA,0,NA,NA,NA,0,0,0,NA,NA,0,0,0,NA,0,0,0,0,NA,0,0,NA,NA,0,0,0,0,0,0,0,NA,0,NA,NA,NA,NA,NA,NA,NA,NA,NA,NA,NA,NA,NA,NA,NA,NA,NA,NA,NA,NA,NA,NA,NA,NA,NA,NA,NA,NA,NA,NA,NA,NA,NA,NA,NA
"117",1,1,1,1,NA,NA,NA,1,1,0,0,0,0,0,0,0,0,0,NA,NA,NA,0,NA,0,NA,0,0,0,NA,NA,0,0,0,NA,0,0,0,0,NA,0,0,NA,NA,0,NA,0,0,0,0,0,NA,0,NA,NA,NA,NA,NA,NA,NA,NA,NA,NA,NA,NA,NA,NA,NA,NA,NA,NA,NA,NA,NA,NA,NA,NA,NA,NA,NA,NA,NA,NA,NA,NA,NA,NA,NA
"118",1,1,1,1,1,1,NA,NA,NA,1,1,1,0,0,0,0,0,0,NA,NA,NA,0,0,NA,NA,0,0,0,NA,NA,0,0,0,NA,0,0,0,0,NA,0,0,NA,NA,0,NA,0,0,0,0,0,NA,0,NA,NA,NA,NA,NA,NA,NA,NA,NA,NA,NA,NA,NA,NA,NA,NA,NA,NA,NA,NA,NA,NA,NA,NA,NA,NA,NA,NA,NA,NA,NA,NA,NA,NA,NA
"119",1,1,1,1,NA,NA,NA,NA,1,0,0,0,0,0,0,0,0,0,NA,NA,NA,0,0,NA,NA,0,0,0,NA,NA,0,0,0,NA,0,0,0,0,NA,0,0,NA,NA,0,NA,0,0,0,0,0,NA,0,NA,NA,NA,NA,NA,NA,NA,NA,NA,NA,NA,NA,NA,NA,NA,NA,NA,NA,NA,NA,NA,NA,NA,NA,NA,NA,NA,NA,NA,NA,NA,NA,NA,NA,NA
"120",1,1,1,1,NA,1,NA,NA,NA,1,1,1,0,0,0,0,0,0,NA,NA,NA,0,NA,NA,NA,0,0,0,NA,NA,0,0,0,NA,0,0,0,0,NA,0,0,NA,NA,0,NA,0,0,0,0,0,NA,0,NA,NA,NA,NA,NA,NA,NA,NA,NA,NA,NA,NA,NA,NA,NA,NA,NA,NA,NA,NA,NA,NA,NA,NA,NA,NA,NA,NA,NA,NA,NA,NA,NA,NA,NA
"121",1,1,1,1,1,NA,NA,NA,1,0,0,0,0,0,0,0,0,0,NA,NA,NA,0,0,NA,NA,0,0,0,NA,NA,0,0,0,NA,0,0,0,0,NA,0,0,NA,NA,0,NA,0,0,0,0,0,NA,0,NA,NA,NA,NA,NA,NA,NA,NA,NA,NA,NA,NA,NA,NA,NA,NA,NA,NA,NA,NA,NA,NA,NA,NA,NA,NA,NA,NA,NA,NA,NA,NA,NA,NA,NA
"122",1,1,1,1,NA,NA,NA,1,NA,1,1,1,1,1,NA,0,0,0,NA,NA,NA,0,NA,NA,NA,0,0,0,NA,NA,0,0,0,NA,0,0,0,0,NA,0,0,NA,NA,0,0,0,0,0,0,0,NA,0,NA,NA,NA,NA,NA,NA,NA,NA,NA,NA,NA,NA,NA,NA,NA,NA,NA,NA,NA,NA,NA,NA,NA,NA,NA,NA,NA,NA,NA,NA,NA,NA,NA,NA,NA
"123",1,1,1,1,NA,NA,NA,1,NA,1,1,1,0,0,NA,0,0,0,NA,NA,NA,0,NA,0,NA,0,0,0,NA,NA,0,0,0,NA,0,0,0,0,NA,0,0,NA,NA,0,NA,0,0,0,0,0,NA,0,NA,NA,NA,NA,NA,NA,NA,NA,NA,NA,NA,NA,NA,NA,NA,NA,NA,NA,NA,NA,NA,NA,NA,NA,NA,NA,NA,NA,NA,NA,NA,NA,NA,NA,NA
"124",1,1,1,1,1,NA,NA,NA,1,0,0,0,0,0,NA,0,0,0,NA,NA,NA,0,0,0,NA,0,0,0,NA,NA,0,0,0,NA,0,0,0,0,NA,0,0,NA,NA,0,NA,0,0,0,0,0,NA,0,NA,NA,NA,NA,NA,NA,NA,NA,NA,NA,NA,NA,NA,NA,NA,NA,NA,NA,NA,NA,NA,NA,NA,NA,NA,NA,NA,NA,NA,NA,NA,NA,NA,NA,NA
"125",1,1,1,1,1,NA,NA,NA,NA,1,1,1,0,0,NA,0,0,0,NA,NA,NA,0,0,NA,NA,0,0,0,NA,NA,0,0,0,NA,0,0,0,0,NA,0,0,NA,NA,0,NA,0,0,0,0,0,NA,0,NA,NA,NA,NA,NA,NA,NA,NA,NA,NA,NA,NA,NA,NA,NA,NA,NA,NA,NA,NA,NA,NA,NA,NA,NA,NA,NA,NA,NA,NA,NA,NA,NA,NA,NA
"126",1,1,1,1,NA,NA,NA,NA,1,0,0,0,0,0,NA,0,0,0,NA,NA,NA,0,NA,0,NA,0,0,0,NA,NA,0,0,0,NA,0,0,0,0,NA,0,0,NA,NA,0,NA,0,0,0,0,0,NA,0,NA,NA,NA,NA,NA,NA,NA,NA,NA,NA,NA,NA,NA,NA,NA,NA,NA,NA,NA,NA,NA,NA,NA,NA,NA,NA,NA,NA,NA,NA,NA,NA,NA,NA,NA
"127",1,1,1,1,NA,1,NA,1,NA,1,1,1,1,1,NA,0,0,0,NA,NA,NA,0,NA,0,NA,0,0,0,NA,NA,0,0,0,NA,0,0,0,0,NA,0,0,NA,NA,0,0,0,0,0,0,0,NA,0,NA,NA,NA,NA,NA,NA,NA,NA,NA,NA,NA,NA,NA,NA,NA,NA,NA,NA,NA,NA,NA,NA,NA,NA,NA,NA,NA,NA,NA,NA,NA,NA,NA,NA,NA
"128",1,1,1,1,NA,1,NA,NA,NA,1,1,1,0,0,NA,0,0,0,NA,NA,NA,0,0,NA,NA,0,0,0,NA,NA,0,0,0,NA,0,0,0,0,NA,0,0,NA,NA,0,NA,0,0,0,0,0,NA,0,NA,NA,NA,NA,NA,NA,NA,NA,NA,NA,NA,NA,NA,NA,NA,NA,NA,NA,NA,NA,NA,NA,NA,NA,NA,NA,NA,NA,NA,NA,NA,NA,NA,NA,NA
"129",1,1,1,1,NA,1,NA,1,NA,1,1,1,0,0,0,0,0,0,NA,NA,NA,0,0,NA,NA,0,0,0,NA,NA,0,0,0,NA,0,0,0,0,NA,0,0,NA,NA,0,NA,0,0,0,0,0,NA,0,NA,NA,NA,NA,NA,NA,NA,NA,NA,NA,NA,NA,NA,NA,NA,NA,NA,NA,NA,NA,NA,NA,NA,NA,NA,NA,NA,NA,NA,NA,NA,NA,NA,NA,NA
"130",1,1,1,1,NA,NA,NA,1,1,0,0,0,0,0,0,0,0,0,NA,NA,NA,0,0,NA,NA,0,0,0,NA,NA,0,0,0,NA,0,0,0,0,NA,0,0,NA,NA,0,NA,0,0,0,0,0,NA,0,NA,NA,NA,NA,NA,NA,NA,NA,NA,NA,NA,NA,NA,NA,NA,NA,NA,NA,NA,NA,NA,NA,NA,NA,NA,NA,NA,NA,NA,NA,NA,NA,NA,NA,NA
"131",1,1,1,1,0,NA,NA,0,NA,1,1,1,1,1,NA,0,0,0,NA,NA,NA,0,NA,NA,NA,0,0,0,NA,NA,0,0,0,NA,0,0,0,0,NA,0,0,NA,NA,0,0,0,0,0,0,0,NA,0,NA,NA,NA,NA,NA,NA,NA,NA,NA,NA,NA,NA,NA,NA,NA,NA,NA,NA,NA,NA,NA,NA,NA,NA,NA,NA,NA,NA,NA,NA,NA,NA,NA,NA,NA
"132",1,1,1,1,NA,1,NA,1,NA,1,1,1,0,0,NA,0,0,0,NA,NA,NA,0,0,0,NA,0,0,0,NA,NA,0,0,0,NA,0,0,0,0,NA,0,0,NA,NA,0,NA,0,0,0,0,0,NA,0,NA,NA,NA,NA,NA,NA,NA,NA,NA,NA,NA,NA,NA,NA,NA,NA,NA,NA,NA,NA,NA,NA,NA,NA,NA,NA,NA,NA,NA,NA,NA,NA,NA,NA,NA
"133",1,1,1,1,NA,NA,NA,NA,1,0,0,0,0,0,NA,0,0,0,NA,NA,NA,0,0,NA,NA,0,0,0,NA,NA,0,0,0,NA,0,0,0,0,NA,0,0,NA,NA,0,NA,0,0,0,0,0,NA,0,NA,NA,NA,NA,NA,NA,NA,NA,NA,NA,NA,NA,NA,NA,NA,NA,NA,NA,NA,NA,NA,NA,NA,NA,NA,NA,NA,NA,NA,NA,NA,NA,NA,NA,NA
"134",1,1,1,1,NA,NA,NA,NA,1,0,0,0,0,0,0,0,0,0,NA,NA,NA,0,NA,NA,NA,0,0,0,NA,NA,0,0,0,NA,0,0,0,0,NA,0,0,NA,NA,0,NA,0,0,0,0,0,NA,0,NA,NA,NA,NA,NA,NA,NA,NA,NA,NA,NA,NA,NA,NA,NA,NA,NA,NA,NA,NA,NA,NA,NA,NA,NA,NA,NA,NA,NA,NA,NA,NA,NA,NA,NA
"135",1,1,1,1,NA,0,NA,NA,0,1,1,1,0,0,NA,0,0,0,NA,NA,NA,0,0,NA,NA,0,0,0,NA,NA,0,0,0,NA,0,0,0,0,NA,0,0,NA,NA,0,NA,0,0,0,0,0,NA,0,NA,NA,NA,NA,NA,NA,NA,NA,NA,NA,NA,NA,NA,NA,NA,NA,NA,NA,NA,NA,NA,NA,NA,NA,NA,NA,NA,NA,NA,NA,NA,NA,NA,NA,NA
"136",1,1,1,1,1,NA,NA,NA,1,0,0,0,1,1,NA,0,0,0,NA,NA,NA,0,NA,0,NA,0,0,0,NA,NA,0,0,0,NA,0,0,0,0,NA,0,0,NA,NA,0,0,0,0,0,0,0,NA,0,NA,NA,NA,NA,NA,NA,NA,NA,NA,NA,NA,NA,NA,NA,NA,NA,NA,NA,NA,NA,NA,NA,NA,NA,NA,NA,NA,NA,NA,NA,NA,NA,NA,NA,NA
"137",1,1,1,1,1,NA,NA,NA,1,0,0,0,0,0,0,0,0,0,NA,NA,NA,0,NA,NA,NA,0,0,0,NA,NA,0,0,0,NA,0,0,0,0,NA,0,0,NA,NA,0,NA,0,0,0,0,0,NA,0,NA,NA,NA,NA,NA,NA,NA,NA,NA,NA,NA,NA,NA,NA,NA,NA,NA,NA,NA,NA,NA,NA,NA,NA,NA,NA,NA,NA,NA,NA,NA,NA,NA,NA,NA
"138",1,1,1,1,1,NA,NA,NA,1,0,0,0,1,1,NA,0,0,0,NA,NA,NA,0,NA,NA,NA,0,0,0,NA,NA,0,0,0,NA,0,0,0,0,NA,0,0,NA,NA,0,0,0,0,0,0,0,NA,0,NA,NA,NA,NA,NA,NA,NA,NA,NA,NA,NA,NA,NA,NA,NA,NA,NA,NA,NA,NA,NA,NA,NA,NA,NA,NA,NA,NA,NA,NA,NA,NA,NA,NA,NA
"139",1,1,1,1,1,NA,NA,NA,1,0,0,0,0,0,NA,0,0,0,NA,NA,NA,0,NA,0,NA,0,0,0,NA,NA,0,0,0,NA,0,0,0,0,NA,0,0,NA,NA,0,NA,0,0,0,0,0,NA,0,NA,NA,NA,NA,NA,NA,NA,NA,NA,NA,NA,NA,NA,NA,NA,NA,NA,NA,NA,NA,NA,NA,NA,NA,NA,NA,NA,NA,NA,NA,NA,NA,NA,NA,NA
"140",1,1,1,1,NA,NA,NA,1,1,0,0,0,0,0,NA,0,0,0,NA,NA,NA,0,NA,0,NA,0,0,0,NA,NA,0,0,0,NA,0,0,0,0,NA,0,0,NA,NA,0,NA,0,0,0,0,0,NA,0,NA,NA,NA,NA,NA,NA,NA,NA,NA,NA,NA,NA,NA,NA,NA,NA,NA,NA,NA,NA,NA,NA,NA,NA,NA,NA,NA,NA,NA,NA,NA,NA,NA,NA,NA
"141",1,1,1,1,NA,1,NA,NA,NA,1,1,1,0,0,NA,0,0,0,NA,NA,NA,0,NA,NA,NA,0,0,0,NA,NA,0,0,0,NA,0,0,0,0,NA,0,0,NA,NA,0,NA,0,0,0,0,0,NA,0,NA,NA,NA,NA,NA,NA,NA,NA,NA,NA,NA,NA,NA,NA,NA,NA,NA,NA,NA,NA,NA,NA,NA,NA,NA,NA,NA,NA,NA,NA,NA,NA,NA,NA,NA
"142",1,1,1,1,NA,NA,NA,1,NA,1,1,1,0,0,NA,0,0,0,NA,NA,NA,0,0,NA,NA,0,0,0,NA,NA,0,0,0,NA,0,0,0,0,NA,0,0,NA,NA,0,NA,0,0,0,0,0,NA,0,NA,NA,NA,NA,NA,NA,NA,NA,NA,NA,NA,NA,NA,NA,NA,NA,NA,NA,NA,NA,NA,NA,NA,NA,NA,NA,NA,NA,NA,NA,NA,NA,NA,NA,NA
"143",1,1,1,1,NA,1,NA,1,NA,1,1,1,0,0,NA,0,0,0,NA,NA,NA,0,NA,0,NA,0,0,0,NA,NA,0,0,0,NA,0,0,0,0,NA,0,0,NA,NA,0,NA,0,0,0,0,0,NA,0,NA,NA,NA,NA,NA,NA,NA,NA,NA,NA,NA,NA,NA,NA,NA,NA,NA,NA,NA,NA,NA,NA,NA,NA,NA,NA,NA,NA,NA,NA,NA,NA,NA,NA,NA
"144",1,1,1,1,NA,1,NA,1,NA,1,1,1,0,0,NA,0,0,0,NA,NA,NA,0,0,NA,NA,0,0,0,NA,NA,0,0,0,NA,0,0,0,0,NA,0,0,NA,NA,0,NA,0,0,0,0,0,NA,0,NA,NA,NA,NA,NA,NA,NA,NA,NA,NA,NA,NA,NA,NA,NA,NA,NA,NA,NA,NA,NA,NA,NA,NA,NA,NA,NA,NA,NA,NA,NA,NA,NA,NA,NA
"145",1,1,1,1,NA,NA,NA,1,1,0,0,0,1,1,NA,0,0,0,NA,NA,NA,0,NA,NA,NA,0,0,0,NA,NA,0,0,0,NA,0,0,0,0,NA,0,0,NA,NA,0,0,0,0,0,0,0,NA,0,NA,NA,NA,NA,NA,NA,NA,NA,NA,NA,NA,NA,NA,NA,NA,NA,NA,NA,NA,NA,NA,NA,NA,NA,NA,NA,NA,NA,NA,NA,NA,NA,NA,NA,NA
"146",1,1,1,1,NA,NA,NA,1,1,0,0,0,0,0,0,0,0,0,NA,NA,NA,0,NA,NA,NA,0,0,0,NA,NA,0,0,0,NA,0,0,0,0,NA,0,0,NA,NA,0,NA,0,0,0,0,0,NA,0,NA,NA,NA,NA,NA,NA,NA,NA,NA,NA,NA,NA,NA,NA,NA,NA,NA,NA,NA,NA,NA,NA,NA,NA,NA,NA,NA,NA,NA,NA,NA,NA,NA,NA,NA
"147",1,1,1,1,NA,1,NA,1,NA,1,1,1,1,1,NA,0,0,0,NA,NA,NA,0,NA,NA,NA,0,0,0,NA,NA,0,0,0,NA,0,0,0,0,NA,0,0,NA,NA,0,0,0,0,0,0,0,NA,0,NA,NA,NA,NA,NA,NA,NA,NA,NA,NA,NA,NA,NA,NA,NA,NA,NA,NA,NA,NA,NA,NA,NA,NA,NA,NA,NA,NA,NA,NA,NA,NA,NA,NA,NA
"148",1,1,1,1,NA,NA,NA,1,NA,1,1,1,0,0,NA,0,0,0,NA,NA,NA,0,NA,NA,NA,0,0,0,NA,NA,0,0,0,NA,0,0,0,0,NA,0,0,NA,NA,0,NA,0,0,0,0,0,NA,0,NA,NA,NA,NA,NA,NA,NA,NA,NA,NA,NA,NA,NA,NA,NA,NA,NA,NA,NA,NA,NA,NA,NA,NA,NA,NA,NA,NA,NA,NA,NA,NA,NA,NA,NA
"149",1,1,1,1,1,1,NA,NA,NA,1,1,1,0,0,NA,0,0,0,NA,NA,NA,0,0,NA,NA,0,0,0,NA,NA,0,0,0,NA,0,0,0,0,NA,0,0,NA,NA,0,NA,0,0,0,0,0,NA,0,NA,NA,NA,NA,NA,NA,NA,NA,NA,NA,NA,NA,NA,NA,NA,NA,NA,NA,NA,NA,NA,NA,NA,NA,NA,NA,NA,NA,NA,NA,NA,NA,NA,NA,NA
"150",1,1,1,1,NA,0,NA,NA,0,1,1,1,0,0,NA,0,0,0,NA,NA,NA,0,NA,0,NA,0,0,0,NA,NA,0,0,0,NA,0,0,0,0,NA,0,0,NA,NA,0,NA,0,0,0,0,0,NA,0,NA,NA,NA,NA,NA,NA,NA,NA,NA,NA,NA,NA,NA,NA,NA,NA,NA,NA,NA,NA,NA,NA,NA,NA,NA,NA,NA,NA,NA,NA,NA,NA,NA,NA,NA
"151",1,1,1,1,NA,NA,NA,1,1,0,0,0,0,0,NA,0,0,0,NA,NA,NA,0,0,NA,NA,0,0,0,NA,NA,0,0,0,NA,0,0,0,0,NA,0,0,NA,NA,0,NA,0,0,0,0,0,NA,0,NA,NA,NA,NA,NA,NA,NA,NA,NA,NA,NA,NA,NA,NA,NA,NA,NA,NA,NA,NA,NA,NA,NA,NA,NA,NA,NA,NA,NA,NA,NA,NA,NA,NA,NA
"152",1,1,1,1,1,1,NA,NA,NA,1,1,1,1,1,NA,0,0,0,NA,NA,NA,0,NA,NA,NA,0,0,0,NA,NA,0,0,0,NA,0,0,0,0,NA,0,0,NA,NA,0,0,0,0,0,0,0,NA,0,NA,NA,NA,NA,NA,NA,NA,NA,NA,NA,NA,NA,NA,NA,NA,NA,NA,NA,NA,NA,NA,NA,NA,NA,NA,NA,NA,NA,NA,NA,NA,NA,NA,NA,NA
"153",1,1,1,1,1,1,NA,NA,NA,1,1,1,0,0,NA,0,0,0,NA,NA,NA,0,NA,0,NA,0,0,0,NA,NA,0,0,0,NA,0,0,0,0,NA,0,0,NA,NA,0,NA,0,0,0,0,0,NA,0,NA,NA,NA,NA,NA,NA,NA,NA,NA,NA,NA,NA,NA,NA,NA,NA,NA,NA,NA,NA,NA,NA,NA,NA,NA,NA,NA,NA,NA,NA,NA,NA,NA,NA,NA
"154",1,1,1,1,1,1,NA,NA,NA,1,1,1,0,0,0,0,0,0,NA,NA,NA,0,NA,NA,NA,0,0,0,NA,NA,0,0,0,NA,0,0,0,0,NA,0,0,NA,NA,0,NA,0,0,0,0,0,NA,0,NA,NA,NA,NA,NA,NA,NA,NA,NA,NA,NA,NA,NA,NA,NA,NA,NA,NA,NA,NA,NA,NA,NA,NA,NA,NA,NA,NA,NA,NA,NA,NA,NA,NA,NA
"155",1,1,1,1,NA,1,NA,1,NA,1,1,1,0,0,0,0,0,0,NA,NA,NA,0,NA,NA,NA,0,0,0,NA,NA,0,0,0,NA,0,0,0,0,NA,0,0,NA,NA,0,NA,0,0,0,0,0,NA,0,NA,NA,NA,NA,NA,NA,NA,NA,NA,NA,NA,NA,NA,NA,NA,NA,NA,NA,NA,NA,NA,NA,NA,NA,NA,NA,NA,NA,NA,NA,NA,NA,NA,NA,NA
"156",1,1,1,1,1,NA,NA,NA,NA,1,1,1,0,0,NA,0,0,0,NA,NA,NA,0,NA,NA,NA,0,0,0,NA,NA,0,0,0,NA,0,0,0,0,NA,0,0,NA,NA,0,NA,0,0,0,0,0,NA,0,NA,NA,NA,NA,NA,NA,NA,NA,NA,NA,NA,NA,NA,NA,NA,NA,NA,NA,NA,NA,NA,NA,NA,NA,NA,NA,NA,NA,NA,NA,NA,NA,NA,NA,NA
"157",1,1,1,1,1,NA,NA,NA,1,0,0,0,0,0,NA,0,0,0,NA,NA,NA,0,0,NA,NA,0,0,0,NA,NA,0,0,0,NA,0,0,0,0,NA,0,0,NA,NA,0,NA,0,0,0,0,0,NA,0,NA,NA,NA,NA,NA,NA,NA,NA,NA,NA,NA,NA,NA,NA,NA,NA,NA,NA,NA,NA,NA,NA,NA,NA,NA,NA,NA,NA,NA,NA,NA,NA,NA,NA,NA
"158",1,1,1,1,1,1,NA,NA,NA,1,1,1,0,0,NA,0,0,0,NA,NA,NA,0,NA,NA,NA,0,0,0,NA,NA,0,0,0,NA,0,0,0,0,NA,0,0,NA,NA,0,NA,0,0,0,0,0,NA,0,NA,NA,NA,NA,NA,NA,NA,NA,NA,NA,NA,NA,NA,NA,NA,NA,NA,NA,NA,NA,NA,NA,NA,NA,NA,NA,NA,NA,NA,NA,NA,NA,NA,NA,NA
"159",1,1,1,1,NA,1,NA,1,NA,1,1,1,0,0,NA,0,0,0,NA,NA,NA,0,NA,NA,NA,0,0,0,NA,NA,0,0,0,NA,0,0,0,0,NA,0,0,NA,NA,0,NA,0,0,0,0,0,NA,0,NA,NA,NA,NA,NA,NA,NA,NA,NA,NA,NA,NA,NA,NA,NA,NA,NA,NA,NA,NA,NA,NA,NA,NA,NA,NA,NA,NA,NA,NA,NA,NA,NA,NA,NA
"160",1,1,1,1,NA,NA,NA,NA,1,0,0,0,0,0,NA,0,0,0,NA,NA,NA,0,NA,NA,NA,0,0,0,NA,NA,0,0,0,NA,0,0,0,0,NA,0,0,NA,NA,0,NA,0,0,0,0,0,NA,0,NA,NA,NA,NA,NA,NA,NA,NA,NA,NA,NA,NA,NA,NA,NA,NA,NA,NA,NA,NA,NA,NA,NA,NA,NA,NA,NA,NA,NA,NA,NA,NA,NA,NA,NA
"161",1,1,1,1,1,NA,NA,NA,1,0,0,0,0,0,NA,0,0,0,NA,NA,NA,0,NA,NA,NA,0,0,0,NA,NA,0,0,0,NA,0,0,0,0,NA,0,0,NA,NA,0,NA,0,0,0,0,0,NA,0,NA,NA,NA,NA,NA,NA,NA,NA,NA,NA,NA,NA,NA,NA,NA,NA,NA,NA,NA,NA,NA,NA,NA,NA,NA,NA,NA,NA,NA,NA,NA,NA,NA,NA,NA
"162",1,1,1,1,NA,NA,NA,1,1,0,0,0,0,0,NA,0,0,0,NA,NA,NA,0,NA,NA,NA,0,0,0,NA,NA,0,0,0,NA,0,0,0,0,NA,0,0,NA,NA,0,NA,0,0,0,0,0,NA,0,NA,NA,NA,NA,NA,NA,NA,NA,NA,NA,NA,NA,NA,NA,NA,NA,NA,NA,NA,NA,NA,NA,NA,NA,NA,NA,NA,NA,NA,NA,NA,NA,NA,NA,NA
"163",1,1,1,1,NA,0,NA,NA,0,1,1,1,0,0,NA,0,0,0,NA,NA,NA,0,NA,NA,NA,0,0,0,NA,NA,0,0,0,NA,0,0,0,0,NA,0,0,NA,NA,0,NA,0,0,0,0,0,NA,0,NA,NA,NA,NA,NA,NA,NA,NA,NA,NA,NA,NA,NA,NA,NA,NA,NA,NA,NA,NA,NA,NA,NA,NA,NA,NA,NA,NA,NA,NA,NA,NA,NA,NA,NA
"164",NA,NA,1,1,NA,NA,NA,NA,NA,1,1,1,1,1,NA,0,0,0,NA,NA,NA,0,0,0,NA,0,0,0,NA,NA,0,0,0,NA,0,0,0,0,NA,0,0,NA,NA,0,0,0,0,0,0,0,NA,0,NA,NA,NA,NA,NA,NA,NA,NA,NA,NA,NA,NA,NA,NA,NA,NA,NA,NA,NA,NA,NA,NA,NA,NA,NA,NA,NA,NA,NA,NA,NA,NA,NA,NA,NA
"165",NA,NA,1,1,NA,NA,NA,NA,NA,1,1,1,0,0,0,0,0,0,NA,NA,NA,0,0,0,NA,0,0,0,NA,NA,0,0,0,NA,0,0,0,0,NA,0,0,NA,NA,0,NA,0,0,0,0,0,NA,0,NA,NA,NA,NA,NA,NA,NA,NA,NA,NA,NA,NA,NA,NA,NA,NA,NA,NA,NA,NA,NA,NA,NA,NA,NA,NA,NA,NA,NA,NA,NA,NA,NA,NA,NA
"166",NA,NA,1,1,1,NA,NA,NA,NA,1,1,1,1,1,0,0,0,0,NA,NA,NA,0,0,0,NA,0,0,0,NA,NA,0,0,0,NA,0,0,0,0,NA,0,0,NA,NA,0,0,0,0,0,0,0,NA,0,NA,NA,NA,NA,NA,NA,NA,NA,NA,NA,NA,NA,NA,NA,NA,NA,NA,NA,NA,NA,NA,NA,NA,NA,NA,NA,NA,NA,NA,NA,NA,NA,NA,NA,NA
"167",NA,NA,1,1,NA,NA,NA,NA,1,0,0,0,1,1,0,0,0,0,NA,NA,NA,0,0,0,NA,0,0,0,NA,NA,0,0,0,NA,0,0,0,0,NA,0,0,NA,NA,0,0,0,0,0,0,0,NA,0,NA,NA,NA,NA,NA,NA,NA,NA,NA,NA,NA,NA,NA,NA,NA,NA,NA,NA,NA,NA,NA,NA,NA,NA,NA,NA,NA,NA,NA,NA,NA,NA,NA,NA,NA
"168",NA,NA,1,1,NA,NA,NA,NA,NA,1,1,1,1,1,0,0,0,0,NA,NA,NA,0,NA,0,NA,0,0,0,NA,NA,0,0,0,NA,0,0,0,0,NA,0,0,NA,NA,0,0,0,0,0,0,0,NA,0,NA,NA,NA,NA,NA,NA,NA,NA,NA,NA,NA,NA,NA,NA,NA,NA,NA,NA,NA,NA,NA,NA,NA,NA,NA,NA,NA,NA,NA,NA,NA,NA,NA,NA,NA
"169",NA,NA,1,1,NA,1,NA,NA,NA,1,1,1,1,1,0,0,0,0,NA,NA,NA,0,0,0,NA,0,0,0,NA,NA,0,0,0,NA,0,0,0,0,NA,0,0,NA,NA,0,0,0,0,0,0,0,NA,0,NA,NA,NA,NA,NA,NA,NA,NA,NA,NA,NA,NA,NA,NA,NA,NA,NA,NA,NA,NA,NA,NA,NA,NA,NA,NA,NA,NA,NA,NA,NA,NA,NA,NA,NA
"170",NA,NA,1,1,NA,NA,NA,1,NA,1,1,1,1,1,0,0,0,0,NA,NA,NA,0,0,0,NA,0,0,0,NA,NA,0,0,0,NA,0,0,0,0,NA,0,0,NA,NA,0,0,0,0,0,0,0,NA,0,NA,NA,NA,NA,NA,NA,NA,NA,NA,NA,NA,NA,NA,NA,NA,NA,NA,NA,NA,NA,NA,NA,NA,NA,NA,NA,NA,NA,NA,NA,NA,NA,NA,NA,NA
"171",NA,NA,1,1,NA,NA,NA,NA,1,0,0,0,0,0,0,0,0,0,NA,NA,NA,0,0,0,NA,0,0,0,NA,NA,0,0,0,NA,0,0,0,0,NA,0,0,NA,NA,0,NA,0,0,0,0,0,NA,0,NA,NA,NA,NA,NA,NA,NA,NA,NA,NA,NA,NA,NA,NA,NA,NA,NA,NA,NA,NA,NA,NA,NA,NA,NA,NA,NA,NA,NA,NA,NA,NA,NA,NA,NA
"172",NA,NA,1,1,1,NA,NA,NA,NA,1,1,1,1,1,0,0,0,0,NA,NA,NA,0,0,NA,NA,0,0,0,NA,NA,0,0,0,NA,0,0,0,0,NA,0,0,NA,NA,0,0,0,0,0,0,0,NA,0,NA,NA,NA,NA,NA,NA,NA,NA,NA,NA,NA,NA,NA,NA,NA,NA,NA,NA,NA,NA,NA,NA,NA,NA,NA,NA,NA,NA,NA,NA,NA,NA,NA,NA,NA
"173",NA,NA,1,1,NA,0,NA,NA,0,1,1,1,1,1,0,0,0,0,NA,NA,NA,0,0,0,NA,0,0,0,NA,NA,0,0,0,NA,0,0,0,0,NA,0,0,NA,NA,0,0,0,0,0,0,0,NA,0,NA,NA,NA,NA,NA,NA,NA,NA,NA,NA,NA,NA,NA,NA,NA,NA,NA,NA,NA,NA,NA,NA,NA,NA,NA,NA,NA,NA,NA,NA,NA,NA,NA,NA,NA
"174",NA,NA,1,1,NA,NA,NA,NA,NA,1,1,1,1,1,NA,0,0,0,NA,NA,NA,0,NA,0,NA,0,0,0,NA,NA,0,0,0,NA,0,0,0,0,NA,0,0,NA,NA,0,0,0,0,0,0,0,NA,0,NA,NA,NA,NA,NA,NA,NA,NA,NA,NA,NA,NA,NA,NA,NA,NA,NA,NA,NA,NA,NA,NA,NA,NA,NA,NA,NA,NA,NA,NA,NA,NA,NA,NA,NA
"175",NA,NA,1,1,NA,1,NA,1,NA,1,1,1,1,1,0,0,0,0,NA,NA,NA,0,0,0,NA,0,0,0,NA,NA,0,0,0,NA,0,0,0,0,NA,0,0,NA,NA,0,0,0,0,0,0,0,NA,0,NA,NA,NA,NA,NA,NA,NA,NA,NA,NA,NA,NA,NA,NA,NA,NA,NA,NA,NA,NA,NA,NA,NA,NA,NA,NA,NA,NA,NA,NA,NA,NA,NA,NA,NA
"176",NA,NA,1,1,1,NA,NA,NA,NA,1,1,1,1,1,NA,0,0,0,NA,NA,NA,0,0,0,NA,0,0,0,NA,NA,0,0,0,NA,0,0,0,0,NA,0,0,NA,NA,0,0,0,0,0,0,0,NA,0,NA,NA,NA,NA,NA,NA,NA,NA,NA,NA,NA,NA,NA,NA,NA,NA,NA,NA,NA,NA,NA,NA,NA,NA,NA,NA,NA,NA,NA,NA,NA,NA,NA,NA,NA
"177",NA,NA,1,1,NA,1,NA,NA,NA,1,1,1,0,0,0,0,0,0,NA,NA,NA,0,0,0,NA,0,0,0,NA,NA,0,0,0,NA,0,0,0,0,NA,0,0,NA,NA,0,NA,0,0,0,0,0,NA,0,NA,NA,NA,NA,NA,NA,NA,NA,NA,NA,NA,NA,NA,NA,NA,NA,NA,NA,NA,NA,NA,NA,NA,NA,NA,NA,NA,NA,NA,NA,NA,NA,NA,NA,NA
"178",NA,NA,1,1,NA,NA,NA,NA,NA,1,1,1,1,1,0,0,0,0,NA,NA,NA,0,NA,NA,NA,0,0,0,NA,NA,0,0,0,NA,0,0,0,0,NA,0,0,NA,NA,0,0,0,0,0,0,0,NA,0,NA,NA,NA,NA,NA,NA,NA,NA,NA,NA,NA,NA,NA,NA,NA,NA,NA,NA,NA,NA,NA,NA,NA,NA,NA,NA,NA,NA,NA,NA,NA,NA,NA,NA,NA
"179",NA,NA,1,1,NA,NA,NA,1,NA,1,1,1,1,1,NA,0,0,0,NA,NA,NA,0,0,0,NA,0,0,0,NA,NA,0,0,0,NA,0,0,0,0,NA,0,0,NA,NA,0,0,0,0,0,0,0,NA,0,NA,NA,NA,NA,NA,NA,NA,NA,NA,NA,NA,NA,NA,NA,NA,NA,NA,NA,NA,NA,NA,NA,NA,NA,NA,NA,NA,NA,NA,NA,NA,NA,NA,NA,NA
"180",NA,NA,1,1,NA,NA,NA,NA,NA,1,1,1,0,0,0,0,0,0,NA,NA,NA,0,0,NA,NA,0,0,0,NA,NA,0,0,0,NA,0,0,0,0,NA,0,0,NA,NA,0,NA,0,0,0,0,0,NA,0,NA,NA,NA,NA,NA,NA,NA,NA,NA,NA,NA,NA,NA,NA,NA,NA,NA,NA,NA,NA,NA,NA,NA,NA,NA,NA,NA,NA,NA,NA,NA,NA,NA,NA,NA
"181",NA,NA,1,1,NA,1,NA,NA,NA,1,1,1,1,1,NA,0,0,0,NA,NA,NA,0,0,0,NA,0,0,0,NA,NA,0,0,0,NA,0,0,0,0,NA,0,0,NA,NA,0,0,0,0,0,0,0,NA,0,NA,NA,NA,NA,NA,NA,NA,NA,NA,NA,NA,NA,NA,NA,NA,NA,NA,NA,NA,NA,NA,NA,NA,NA,NA,NA,NA,NA,NA,NA,NA,NA,NA,NA,NA
"182",NA,NA,1,1,1,NA,NA,NA,NA,1,1,1,1,1,0,0,0,0,NA,NA,NA,0,NA,0,NA,0,0,0,NA,NA,0,0,0,NA,0,0,0,0,NA,0,0,NA,NA,0,0,0,0,0,0,0,NA,0,NA,NA,NA,NA,NA,NA,NA,NA,NA,NA,NA,NA,NA,NA,NA,NA,NA,NA,NA,NA,NA,NA,NA,NA,NA,NA,NA,NA,NA,NA,NA,NA,NA,NA,NA
"183",NA,NA,1,1,NA,NA,NA,NA,NA,1,1,1,0,0,NA,0,0,0,NA,NA,NA,0,0,0,NA,0,0,0,NA,NA,0,0,0,NA,0,0,0,0,NA,0,0,NA,NA,0,NA,0,0,0,0,0,NA,0,NA,NA,NA,NA,NA,NA,NA,NA,NA,NA,NA,NA,NA,NA,NA,NA,NA,NA,NA,NA,NA,NA,NA,NA,NA,NA,NA,NA,NA,NA,NA,NA,NA,NA,NA
"184",NA,NA,1,1,NA,NA,NA,1,NA,1,1,1,1,1,0,0,0,0,NA,NA,NA,0,NA,0,NA,0,0,0,NA,NA,0,0,0,NA,0,0,0,0,NA,0,0,NA,NA,0,0,0,0,0,0,0,NA,0,NA,NA,NA,NA,NA,NA,NA,NA,NA,NA,NA,NA,NA,NA,NA,NA,NA,NA,NA,NA,NA,NA,NA,NA,NA,NA,NA,NA,NA,NA,NA,NA,NA,NA,NA
"185",NA,NA,1,1,NA,NA,NA,NA,1,0,0,0,1,1,NA,0,0,0,NA,NA,NA,0,0,0,NA,0,0,0,NA,NA,0,0,0,NA,0,0,0,0,NA,0,0,NA,NA,0,0,0,0,0,0,0,NA,0,NA,NA,NA,NA,NA,NA,NA,NA,NA,NA,NA,NA,NA,NA,NA,NA,NA,NA,NA,NA,NA,NA,NA,NA,NA,NA,NA,NA,NA,NA,NA,NA,NA,NA,NA
"186",NA,NA,1,1,NA,NA,NA,1,NA,1,1,1,1,1,0,0,0,0,NA,NA,NA,0,0,NA,NA,0,0,0,NA,NA,0,0,0,NA,0,0,0,0,NA,0,0,NA,NA,0,0,0,0,0,0,0,NA,0,NA,NA,NA,NA,NA,NA,NA,NA,NA,NA,NA,NA,NA,NA,NA,NA,NA,NA,NA,NA,NA,NA,NA,NA,NA,NA,NA,NA,NA,NA,NA,NA,NA,NA,NA
"187",NA,NA,1,1,NA,NA,NA,NA,1,0,0,0,1,1,0,0,0,0,NA,NA,NA,0,NA,0,NA,0,0,0,NA,NA,0,0,0,NA,0,0,0,0,NA,0,0,NA,NA,0,0,0,0,0,0,0,NA,0,NA,NA,NA,NA,NA,NA,NA,NA,NA,NA,NA,NA,NA,NA,NA,NA,NA,NA,NA,NA,NA,NA,NA,NA,NA,NA,NA,NA,NA,NA,NA,NA,NA,NA,NA
"188",NA,NA,1,1,1,1,NA,NA,NA,1,1,1,1,1,0,0,0,0,NA,NA,NA,0,0,0,NA,0,0,0,NA,NA,0,0,0,NA,0,0,0,0,NA,0,0,NA,NA,0,0,0,0,0,0,0,NA,0,NA,NA,NA,NA,NA,NA,NA,NA,NA,NA,NA,NA,NA,NA,NA,NA,NA,NA,NA,NA,NA,NA,NA,NA,NA,NA,NA,NA,NA,NA,NA,NA,NA,NA,NA
"189",NA,NA,1,1,NA,NA,NA,NA,NA,1,1,1,0,0,0,0,0,0,NA,NA,NA,0,NA,0,NA,0,0,0,NA,NA,0,0,0,NA,0,0,0,0,NA,0,0,NA,NA,0,NA,0,0,0,0,0,NA,0,NA,NA,NA,NA,NA,NA,NA,NA,NA,NA,NA,NA,NA,NA,NA,NA,NA,NA,NA,NA,NA,NA,NA,NA,NA,NA,NA,NA,NA,NA,NA,NA,NA,NA,NA
"190",NA,NA,1,1,NA,1,NA,NA,NA,1,1,1,1,1,0,0,0,0,NA,NA,NA,0,0,NA,NA,0,0,0,NA,NA,0,0,0,NA,0,0,0,0,NA,0,0,NA,NA,0,0,0,0,0,0,0,NA,0,NA,NA,NA,NA,NA,NA,NA,NA,NA,NA,NA,NA,NA,NA,NA,NA,NA,NA,NA,NA,NA,NA,NA,NA,NA,NA,NA,NA,NA,NA,NA,NA,NA,NA,NA
"191",NA,NA,1,1,NA,NA,NA,1,NA,1,1,1,0,0,0,0,0,0,NA,NA,NA,0,0,0,NA,0,0,0,NA,NA,0,0,0,NA,0,0,0,0,NA,0,0,NA,NA,0,NA,0,0,0,0,0,NA,0,NA,NA,NA,NA,NA,NA,NA,NA,NA,NA,NA,NA,NA,NA,NA,NA,NA,NA,NA,NA,NA,NA,NA,NA,NA,NA,NA,NA,NA,NA,NA,NA,NA,NA,NA
"192",NA,NA,1,1,1,NA,NA,NA,1,0,0,0,1,1,0,0,0,0,NA,NA,NA,0,0,0,NA,0,0,0,NA,NA,0,0,0,NA,0,0,0,0,NA,0,0,NA,NA,0,0,0,0,0,0,0,NA,0,NA,NA,NA,NA,NA,NA,NA,NA,NA,NA,NA,NA,NA,NA,NA,NA,NA,NA,NA,NA,NA,NA,NA,NA,NA,NA,NA,NA,NA,NA,NA,NA,NA,NA,NA
"193",NA,NA,1,1,NA,NA,NA,1,NA,1,1,1,0,0,0,0,0,0,NA,NA,NA,0,0,NA,NA,0,0,0,NA,NA,0,0,0,NA,0,0,0,0,NA,0,0,NA,NA,0,NA,0,0,0,0,0,NA,0,NA,NA,NA,NA,NA,NA,NA,NA,NA,NA,NA,NA,NA,NA,NA,NA,NA,NA,NA,NA,NA,NA,NA,NA,NA,NA,NA,NA,NA,NA,NA,NA,NA,NA,NA
"194",NA,NA,1,1,1,NA,NA,NA,1,0,0,0,1,1,0,0,0,0,NA,NA,NA,0,NA,0,NA,0,0,0,NA,NA,0,0,0,NA,0,0,0,0,NA,0,0,NA,NA,0,0,0,0,0,0,0,NA,0,NA,NA,NA,NA,NA,NA,NA,NA,NA,NA,NA,NA,NA,NA,NA,NA,NA,NA,NA,NA,NA,NA,NA,NA,NA,NA,NA,NA,NA,NA,NA,NA,NA,NA,NA
"195",NA,NA,1,1,NA,1,NA,1,NA,1,1,1,1,1,0,0,0,0,NA,NA,NA,0,0,NA,NA,0,0,0,NA,NA,0,0,0,NA,0,0,0,0,NA,0,0,NA,NA,0,0,0,0,0,0,0,NA,0,NA,NA,NA,NA,NA,NA,NA,NA,NA,NA,NA,NA,NA,NA,NA,NA,NA,NA,NA,NA,NA,NA,NA,NA,NA,NA,NA,NA,NA,NA,NA,NA,NA,NA,NA
"196",NA,NA,1,1,1,NA,NA,NA,NA,1,1,1,0,0,0,0,0,0,NA,NA,NA,0,0,0,NA,0,0,0,NA,NA,0,0,0,NA,0,0,0,0,NA,0,0,NA,NA,0,NA,0,0,0,0,0,NA,0,NA,NA,NA,NA,NA,NA,NA,NA,NA,NA,NA,NA,NA,NA,NA,NA,NA,NA,NA,NA,NA,NA,NA,NA,NA,NA,NA,NA,NA,NA,NA,NA,NA,NA,NA
"197",NA,NA,1,1,NA,NA,NA,NA,NA,1,1,1,1,1,NA,0,0,0,NA,NA,NA,0,0,NA,NA,0,0,0,NA,NA,0,0,0,NA,0,0,0,0,NA,0,0,NA,NA,0,0,0,0,0,0,0,NA,0,NA,NA,NA,NA,NA,NA,NA,NA,NA,NA,NA,NA,NA,NA,NA,NA,NA,NA,NA,NA,NA,NA,NA,NA,NA,NA,NA,NA,NA,NA,NA,NA,NA,NA,NA
"198",NA,NA,1,1,0,NA,NA,0,NA,1,1,1,0,0,0,0,0,0,NA,NA,NA,0,0,0,NA,0,0,0,NA,NA,0,0,0,NA,0,0,0,0,NA,0,0,NA,NA,0,NA,0,0,0,0,0,NA,0,NA,NA,NA,NA,NA,NA,NA,NA,NA,NA,NA,NA,NA,NA,NA,NA,NA,NA,NA,NA,NA,NA,NA,NA,NA,NA,NA,NA,NA,NA,NA,NA,NA,NA,NA
"199",NA,NA,1,1,NA,NA,NA,NA,1,0,0,0,1,1,0,0,0,0,NA,NA,NA,0,0,NA,NA,0,0,0,NA,NA,0,0,0,NA,0,0,0,0,NA,0,0,NA,NA,0,0,0,0,0,0,0,NA,0,NA,NA,NA,NA,NA,NA,NA,NA,NA,NA,NA,NA,NA,NA,NA,NA,NA,NA,NA,NA,NA,NA,NA,NA,NA,NA,NA,NA,NA,NA,NA,NA,NA,NA,NA
"200",NA,NA,1,1,1,NA,NA,NA,NA,1,1,1,0,0,NA,0,0,0,NA,NA,NA,0,0,0,NA,0,0,0,NA,NA,0,0,0,NA,0,0,0,0,NA,0,0,NA,NA,0,NA,0,0,0,0,0,NA,0,NA,NA,NA,NA,NA,NA,NA,NA,NA,NA,NA,NA,NA,NA,NA,NA,NA,NA,NA,NA,NA,NA,NA,NA,NA,NA,NA,NA,NA,NA,NA,NA,NA,NA,NA
"201",NA,NA,1,1,NA,NA,NA,1,1,0,0,0,1,1,0,0,0,0,NA,NA,NA,0,0,0,NA,0,0,0,NA,NA,0,0,0,NA,0,0,0,0,NA,0,0,NA,NA,0,0,0,0,0,0,0,NA,0,NA,NA,NA,NA,NA,NA,NA,NA,NA,NA,NA,NA,NA,NA,NA,NA,NA,NA,NA,NA,NA,NA,NA,NA,NA,NA,NA,NA,NA,NA,NA,NA,NA,NA,NA
"202",NA,NA,1,1,NA,1,NA,NA,NA,1,1,1,1,1,0,0,0,0,NA,NA,NA,0,NA,0,NA,0,0,0,NA,NA,0,0,0,NA,0,0,0,0,NA,0,0,NA,NA,0,0,0,0,0,0,0,NA,0,NA,NA,NA,NA,NA,NA,NA,NA,NA,NA,NA,NA,NA,NA,NA,NA,NA,NA,NA,NA,NA,NA,NA,NA,NA,NA,NA,NA,NA,NA,NA,NA,NA,NA,NA
"203",NA,NA,1,1,NA,NA,NA,1,1,0,0,0,1,1,NA,0,0,0,NA,NA,NA,0,0,0,NA,0,0,0,NA,NA,0,0,0,NA,0,0,0,0,NA,0,0,NA,NA,0,0,0,0,0,0,0,NA,0,NA,NA,NA,NA,NA,NA,NA,NA,NA,NA,NA,NA,NA,NA,NA,NA,NA,NA,NA,NA,NA,NA,NA,NA,NA,NA,NA,NA,NA,NA,NA,NA,NA,NA,NA
"204",NA,NA,1,1,1,1,NA,NA,NA,1,1,1,1,1,0,0,0,0,NA,NA,NA,0,0,NA,NA,0,0,0,NA,NA,0,0,0,NA,0,0,0,0,NA,0,0,NA,NA,0,0,0,0,0,0,0,NA,0,NA,NA,NA,NA,NA,NA,NA,NA,NA,NA,NA,NA,NA,NA,NA,NA,NA,NA,NA,NA,NA,NA,NA,NA,NA,NA,NA,NA,NA,NA,NA,NA,NA,NA,NA
"205",NA,NA,1,1,NA,NA,NA,1,NA,1,1,1,0,0,NA,0,0,0,NA,NA,NA,0,0,0,NA,0,0,0,NA,NA,0,0,0,NA,0,0,0,0,NA,0,0,NA,NA,0,NA,0,0,0,0,0,NA,0,NA,NA,NA,NA,NA,NA,NA,NA,NA,NA,NA,NA,NA,NA,NA,NA,NA,NA,NA,NA,NA,NA,NA,NA,NA,NA,NA,NA,NA,NA,NA,NA,NA,NA,NA
"206",NA,NA,1,1,1,1,NA,NA,NA,1,1,1,1,1,0,0,0,0,NA,NA,NA,0,NA,0,NA,0,0,0,NA,NA,0,0,0,NA,0,0,0,0,NA,0,0,NA,NA,0,0,0,0,0,0,0,NA,0,NA,NA,NA,NA,NA,NA,NA,NA,NA,NA,NA,NA,NA,NA,NA,NA,NA,NA,NA,NA,NA,NA,NA,NA,NA,NA,NA,NA,NA,NA,NA,NA,NA,NA,NA
"207",NA,NA,1,1,NA,NA,NA,NA,NA,1,1,1,0,0,NA,0,0,0,NA,NA,NA,0,0,NA,NA,0,0,0,NA,NA,0,0,0,NA,0,0,0,0,NA,0,0,NA,NA,0,NA,0,0,0,0,0,NA,0,NA,NA,NA,NA,NA,NA,NA,NA,NA,NA,NA,NA,NA,NA,NA,NA,NA,NA,NA,NA,NA,NA,NA,NA,NA,NA,NA,NA,NA,NA,NA,NA,NA,NA,NA
"208",NA,NA,1,1,0,NA,NA,0,NA,1,1,1,1,1,0,0,0,0,NA,NA,NA,0,NA,0,NA,0,0,0,NA,NA,0,0,0,NA,0,0,0,0,NA,0,0,NA,NA,0,0,0,0,0,0,0,NA,0,NA,NA,NA,NA,NA,NA,NA,NA,NA,NA,NA,NA,NA,NA,NA,NA,NA,NA,NA,NA,NA,NA,NA,NA,NA,NA,NA,NA,NA,NA,NA,NA,NA,NA,NA
"209",NA,NA,1,1,NA,NA,NA,NA,NA,1,1,1,1,1,NA,0,0,0,NA,NA,NA,0,NA,NA,NA,0,0,0,NA,NA,0,0,0,NA,0,0,0,0,NA,0,0,NA,NA,0,0,0,0,0,0,0,NA,0,NA,NA,NA,NA,NA,NA,NA,NA,NA,NA,NA,NA,NA,NA,NA,NA,NA,NA,NA,NA,NA,NA,NA,NA,NA,NA,NA,NA,NA,NA,NA,NA,NA,NA,NA
"210",NA,NA,1,1,1,1,NA,NA,NA,1,1,1,0,0,0,0,0,0,NA,NA,NA,0,0,0,NA,0,0,0,NA,NA,0,0,0,NA,0,0,0,0,NA,0,0,NA,NA,0,NA,0,0,0,0,0,NA,0,NA,NA,NA,NA,NA,NA,NA,NA,NA,NA,NA,NA,NA,NA,NA,NA,NA,NA,NA,NA,NA,NA,NA,NA,NA,NA,NA,NA,NA,NA,NA,NA,NA,NA,NA
"211",NA,NA,1,1,NA,NA,NA,1,NA,1,1,1,1,1,NA,0,0,0,NA,NA,NA,0,0,NA,NA,0,0,0,NA,NA,0,0,0,NA,0,0,0,0,NA,0,0,NA,NA,0,0,0,0,0,0,0,NA,0,NA,NA,NA,NA,NA,NA,NA,NA,NA,NA,NA,NA,NA,NA,NA,NA,NA,NA,NA,NA,NA,NA,NA,NA,NA,NA,NA,NA,NA,NA,NA,NA,NA,NA,NA
"212",NA,NA,1,1,NA,NA,NA,1,1,0,0,0,1,1,0,0,0,0,NA,NA,NA,0,NA,0,NA,0,0,0,NA,NA,0,0,0,NA,0,0,0,0,NA,0,0,NA,NA,0,0,0,0,0,0,0,NA,0,NA,NA,NA,NA,NA,NA,NA,NA,NA,NA,NA,NA,NA,NA,NA,NA,NA,NA,NA,NA,NA,NA,NA,NA,NA,NA,NA,NA,NA,NA,NA,NA,NA,NA,NA
"213",NA,NA,1,1,NA,NA,NA,NA,NA,1,1,1,0,0,NA,0,0,0,NA,NA,NA,0,NA,0,NA,0,0,0,NA,NA,0,0,0,NA,0,0,0,0,NA,0,0,NA,NA,0,NA,0,0,0,0,0,NA,0,NA,NA,NA,NA,NA,NA,NA,NA,NA,NA,NA,NA,NA,NA,NA,NA,NA,NA,NA,NA,NA,NA,NA,NA,NA,NA,NA,NA,NA,NA,NA,NA,NA,NA,NA
"214",NA,NA,1,1,NA,1,NA,1,NA,1,1,1,1,1,0,0,0,0,NA,NA,NA,0,NA,0,NA,0,0,0,NA,NA,0,0,0,NA,0,0,0,0,NA,0,0,NA,NA,0,0,0,0,0,0,0,NA,0,NA,NA,NA,NA,NA,NA,NA,NA,NA,NA,NA,NA,NA,NA,NA,NA,NA,NA,NA,NA,NA,NA,NA,NA,NA,NA,NA,NA,NA,NA,NA,NA,NA,NA,NA
"215",NA,NA,1,1,NA,NA,NA,1,NA,1,1,1,0,0,0,0,0,0,NA,NA,NA,0,NA,0,NA,0,0,0,NA,NA,0,0,0,NA,0,0,0,0,NA,0,0,NA,NA,0,NA,0,0,0,0,0,NA,0,NA,NA,NA,NA,NA,NA,NA,NA,NA,NA,NA,NA,NA,NA,NA,NA,NA,NA,NA,NA,NA,NA,NA,NA,NA,NA,NA,NA,NA,NA,NA,NA,NA,NA,NA
"216",NA,NA,1,1,1,1,NA,NA,NA,1,1,1,1,1,NA,0,0,0,NA,NA,NA,0,0,0,NA,0,0,0,NA,NA,0,0,0,NA,0,0,0,0,NA,0,0,NA,NA,0,0,0,0,0,0,0,NA,0,NA,NA,NA,NA,NA,NA,NA,NA,NA,NA,NA,NA,NA,NA,NA,NA,NA,NA,NA,NA,NA,NA,NA,NA,NA,NA,NA,NA,NA,NA,NA,NA,NA,NA,NA
"217",NA,NA,1,1,NA,NA,NA,1,NA,1,1,1,0,0,NA,0,0,0,NA,NA,NA,0,0,NA,NA,0,0,0,NA,NA,0,0,0,NA,0,0,0,0,NA,0,0,NA,NA,0,NA,0,0,0,0,0,NA,0,NA,NA,NA,NA,NA,NA,NA,NA,NA,NA,NA,NA,NA,NA,NA,NA,NA,NA,NA,NA,NA,NA,NA,NA,NA,NA,NA,NA,NA,NA,NA,NA,NA,NA,NA
"218",NA,NA,1,1,NA,NA,NA,1,NA,1,1,1,1,1,NA,0,0,0,NA,NA,NA,0,NA,0,NA,0,0,0,NA,NA,0,0,0,NA,0,0,0,0,NA,0,0,NA,NA,0,0,0,0,0,0,0,NA,0,NA,NA,NA,NA,NA,NA,NA,NA,NA,NA,NA,NA,NA,NA,NA,NA,NA,NA,NA,NA,NA,NA,NA,NA,NA,NA,NA,NA,NA,NA,NA,NA,NA,NA,NA
"219",NA,NA,1,1,NA,0,NA,NA,0,1,1,1,1,1,0,0,0,0,NA,NA,NA,0,0,NA,NA,0,0,0,NA,NA,0,0,0,NA,0,0,0,0,NA,0,0,NA,NA,0,0,0,0,0,0,0,NA,0,NA,NA,NA,NA,NA,NA,NA,NA,NA,NA,NA,NA,NA,NA,NA,NA,NA,NA,NA,NA,NA,NA,NA,NA,NA,NA,NA,NA,NA,NA,NA,NA,NA,NA,NA
"220",NA,NA,1,1,1,NA,NA,NA,NA,1,1,1,0,0,0,0,0,0,NA,NA,NA,0,NA,0,NA,0,0,0,NA,NA,0,0,0,NA,0,0,0,0,NA,0,0,NA,NA,0,NA,0,0,0,0,0,NA,0,NA,NA,NA,NA,NA,NA,NA,NA,NA,NA,NA,NA,NA,NA,NA,NA,NA,NA,NA,NA,NA,NA,NA,NA,NA,NA,NA,NA,NA,NA,NA,NA,NA,NA,NA
"221",NA,NA,1,1,NA,1,NA,NA,NA,1,1,1,1,1,NA,0,0,0,NA,NA,NA,0,0,NA,NA,0,0,0,NA,NA,0,0,0,NA,0,0,0,0,NA,0,0,NA,NA,0,0,0,0,0,0,0,NA,0,NA,NA,NA,NA,NA,NA,NA,NA,NA,NA,NA,NA,NA,NA,NA,NA,NA,NA,NA,NA,NA,NA,NA,NA,NA,NA,NA,NA,NA,NA,NA,NA,NA,NA,NA
"222",NA,NA,1,1,1,NA,NA,NA,1,0,0,0,0,0,0,0,0,0,NA,NA,NA,0,0,0,NA,0,0,0,NA,NA,0,0,0,NA,0,0,0,0,NA,0,0,NA,NA,0,NA,0,0,0,0,0,NA,0,NA,NA,NA,NA,NA,NA,NA,NA,NA,NA,NA,NA,NA,NA,NA,NA,NA,NA,NA,NA,NA,NA,NA,NA,NA,NA,NA,NA,NA,NA,NA,NA,NA,NA,NA
"223",NA,NA,1,1,NA,1,NA,1,NA,1,1,1,1,1,NA,0,0,0,NA,NA,NA,0,0,0,NA,0,0,0,NA,NA,0,0,0,NA,0,0,0,0,NA,0,0,NA,NA,0,0,0,0,0,0,0,NA,0,NA,NA,NA,NA,NA,NA,NA,NA,NA,NA,NA,NA,NA,NA,NA,NA,NA,NA,NA,NA,NA,NA,NA,NA,NA,NA,NA,NA,NA,NA,NA,NA,NA,NA,NA
"224",NA,NA,1,1,1,NA,NA,NA,NA,1,1,1,1,1,0,0,0,0,NA,NA,NA,0,NA,NA,NA,0,0,0,NA,NA,0,0,0,NA,0,0,0,0,NA,0,0,NA,NA,0,0,0,0,0,0,0,NA,0,NA,NA,NA,NA,NA,NA,NA,NA,NA,NA,NA,NA,NA,NA,NA,NA,NA,NA,NA,NA,NA,NA,NA,NA,NA,NA,NA,NA,NA,NA,NA,NA,NA,NA,NA
"225",NA,NA,NA,NA,NA,NA,1,0,0,0,0,0,NA,0,NA,0,0,NA,0,NA,0,NA,NA,NA,0,NA,0,0,0,0,NA,0,NA,0,0,0,NA,NA,0,0,NA,0,0,NA,NA,NA,0,NA,NA,0,0,NA,NA,NA,NA,NA,NA,NA,NA,NA,NA,NA,NA,NA,NA,NA,NA,NA,NA,NA,NA,NA,NA,NA,NA,NA,NA,NA,NA,NA,NA,NA,NA,NA,NA,NA,NA
"226",NA,NA,NA,NA,NA,NA,1,0,0,0,0,0,NA,0,NA,0,0,NA,NA,NA,0,NA,NA,NA,NA,NA,0,0,0,0,NA,0,NA,NA,0,0,NA,NA,0,0,NA,0,0,NA,NA,0,0,0,NA,0,NA,NA,NA,NA,NA,NA,NA,NA,NA,NA,NA,NA,NA,NA,NA,NA,NA,NA,NA,NA,NA,NA,NA,NA,NA,NA,NA,NA,NA,NA,NA,NA,NA,NA,NA,NA,NA
"227",NA,NA,NA,NA,NA,NA,1,0,0,0,0,0,NA,0,NA,0,0,NA,0,0,0,NA,NA,NA,0,NA,NA,0,0,0,NA,0,NA,NA,0,0,NA,0,0,0,NA,0,0,NA,NA,NA,0,NA,NA,0,0,NA,0,NA,NA,NA,NA,NA,NA,NA,NA,NA,NA,NA,NA,NA,NA,NA,NA,NA,NA,NA,NA,NA,NA,NA,NA,NA,NA,NA,NA,NA,NA,NA,NA,NA,NA
"228",NA,NA,NA,NA,NA,NA,1,0,0,0,0,0,NA,0,NA,0,0,NA,0,NA,0,NA,NA,NA,NA,NA,0,0,0,0,NA,NA,NA,NA,0,0,NA,NA,0,0,NA,0,0,NA,NA,0,0,0,NA,0,NA,NA,NA,NA,NA,NA,NA,NA,NA,NA,NA,NA,NA,NA,NA,NA,NA,NA,NA,NA,NA,NA,NA,NA,NA,NA,NA,NA,NA,NA,NA,NA,NA,NA,NA,NA,NA
"229",NA,NA,NA,0,NA,NA,NA,0,0,0,0,0,NA,0,NA,0,0,NA,NA,0,0,NA,NA,NA,0,NA,0,0,NA,0,NA,0,NA,NA,0,0,0,0,0,0,NA,NA,0,NA,NA,NA,0,NA,NA,0,0,NA,0,NA,NA,NA,NA,NA,NA,NA,NA,NA,NA,NA,NA,NA,NA,NA,NA,NA,NA,NA,NA,NA,NA,NA,NA,NA,NA,NA,NA,NA,NA,NA,NA,NA,NA
"230",NA,NA,NA,NA,NA,NA,1,0,0,0,0,0,NA,0,NA,0,0,NA,0,NA,0,NA,NA,NA,NA,NA,NA,0,0,0,NA,NA,NA,NA,0,0,NA,NA,0,0,NA,0,0,NA,NA,0,0,0,NA,0,NA,NA,NA,NA,NA,NA,NA,NA,NA,NA,NA,NA,NA,NA,NA,NA,NA,NA,NA,NA,NA,NA,NA,NA,NA,NA,NA,NA,NA,NA,NA,NA,NA,NA,NA,NA,NA
"231",NA,NA,NA,NA,NA,NA,0,0,0,0,0,0,NA,0,NA,0,0,NA,NA,0,0,NA,NA,NA,0,NA,0,0,NA,0,NA,0,NA,NA,0,0,NA,0,0,0,NA,0,0,NA,NA,NA,0,NA,NA,0,0,NA,0,NA,NA,NA,NA,NA,NA,NA,NA,NA,NA,NA,NA,NA,NA,NA,NA,NA,NA,NA,NA,NA,NA,NA,NA,NA,NA,NA,NA,NA,NA,NA,NA,NA,NA
"232",NA,NA,NA,NA,NA,NA,1,0,0,0,0,0,NA,0,NA,0,0,NA,0,NA,0,NA,NA,NA,NA,NA,NA,0,NA,0,NA,0,NA,NA,0,0,NA,NA,0,0,NA,0,0,NA,NA,0,0,0,NA,0,NA,NA,NA,NA,NA,NA,NA,NA,NA,NA,NA,NA,NA,NA,NA,NA,NA,NA,NA,NA,NA,NA,NA,NA,NA,NA,NA,NA,NA,NA,NA,NA,NA,NA,NA,NA,NA
"233",NA,NA,NA,NA,NA,NA,1,0,0,0,0,0,NA,0,NA,0,0,NA,NA,NA,0,NA,NA,NA,NA,NA,0,0,0,0,NA,NA,NA,NA,0,0,NA,NA,0,0,NA,0,0,NA,NA,0,0,0,NA,0,NA,NA,NA,NA,NA,NA,NA,NA,NA,NA,NA,NA,NA,NA,NA,NA,NA,NA,NA,NA,NA,NA,NA,NA,NA,NA,NA,NA,NA,NA,NA,NA,NA,NA,NA,NA,NA
"234",NA,NA,NA,NA,NA,NA,1,0,0,0,0,0,NA,0,NA,0,0,NA,0,NA,0,NA,NA,NA,0,NA,0,0,NA,0,NA,NA,NA,0,0,0,NA,NA,0,0,NA,0,0,NA,NA,NA,0,NA,NA,0,0,NA,NA,NA,NA,NA,NA,NA,NA,NA,NA,NA,NA,NA,NA,NA,NA,NA,NA,NA,NA,NA,NA,NA,NA,NA,NA,NA,NA,NA,NA,NA,NA,NA,NA,NA,NA
"235",NA,NA,1,1,NA,NA,NA,1,1,0,0,0,0,0,0,0,0,0,NA,NA,NA,0,0,0,NA,0,0,0,NA,NA,0,0,0,NA,0,0,0,0,NA,0,0,NA,NA,0,NA,0,0,0,0,0,NA,0,NA,NA,NA,NA,NA,NA,NA,NA,NA,NA,NA,NA,NA,NA,NA,NA,NA,NA,NA,NA,NA,NA,NA,NA,NA,NA,NA,NA,NA,NA,NA,NA,NA,NA,NA
"236",NA,NA,1,1,1,NA,NA,NA,NA,1,1,1,1,1,NA,0,0,0,NA,NA,NA,0,NA,0,NA,0,0,0,NA,NA,0,0,0,NA,0,0,0,0,NA,0,0,NA,NA,0,0,0,0,0,0,0,NA,0,NA,NA,NA,NA,NA,NA,NA,NA,NA,NA,NA,NA,NA,NA,NA,NA,NA,NA,NA,NA,NA,NA,NA,NA,NA,NA,NA,NA,NA,NA,NA,NA,NA,NA,NA
"237",NA,NA,1,1,NA,NA,NA,NA,1,0,0,0,0,0,NA,0,0,0,NA,NA,NA,0,0,0,NA,0,0,0,NA,NA,0,0,0,NA,0,0,0,0,NA,0,0,NA,NA,0,NA,0,0,0,0,0,NA,0,NA,NA,NA,NA,NA,NA,NA,NA,NA,NA,NA,NA,NA,NA,NA,NA,NA,NA,NA,NA,NA,NA,NA,NA,NA,NA,NA,NA,NA,NA,NA,NA,NA,NA,NA
"238",NA,NA,1,1,1,NA,NA,NA,1,0,0,0,1,1,0,0,0,0,NA,NA,NA,0,0,NA,NA,0,0,0,NA,NA,0,0,0,NA,0,0,0,0,NA,0,0,NA,NA,0,0,0,0,0,0,0,NA,0,NA,NA,NA,NA,NA,NA,NA,NA,NA,NA,NA,NA,NA,NA,NA,NA,NA,NA,NA,NA,NA,NA,NA,NA,NA,NA,NA,NA,NA,NA,NA,NA,NA,NA,NA
"239",NA,NA,1,1,NA,NA,NA,NA,NA,1,1,1,0,0,0,0,0,0,NA,NA,NA,0,NA,NA,NA,0,0,0,NA,NA,0,0,0,NA,0,0,0,0,NA,0,0,NA,NA,0,NA,0,0,0,0,0,NA,0,NA,NA,NA,NA,NA,NA,NA,NA,NA,NA,NA,NA,NA,NA,NA,NA,NA,NA,NA,NA,NA,NA,NA,NA,NA,NA,NA,NA,NA,NA,NA,NA,NA,NA,NA
"240",NA,NA,1,1,NA,NA,NA,NA,1,0,0,0,1,1,0,0,0,0,NA,NA,NA,0,NA,NA,NA,0,0,0,NA,NA,0,0,0,NA,0,0,0,0,NA,0,0,NA,NA,0,0,0,0,0,0,0,NA,0,NA,NA,NA,NA,NA,NA,NA,NA,NA,NA,NA,NA,NA,NA,NA,NA,NA,NA,NA,NA,NA,NA,NA,NA,NA,NA,NA,NA,NA,NA,NA,NA,NA,NA,NA
"241",NA,NA,1,1,NA,1,NA,NA,NA,1,1,1,0,0,0,0,0,0,NA,NA,NA,0,0,NA,NA,0,0,0,NA,NA,0,0,0,NA,0,0,0,0,NA,0,0,NA,NA,0,NA,0,0,0,0,0,NA,0,NA,NA,NA,NA,NA,NA,NA,NA,NA,NA,NA,NA,NA,NA,NA,NA,NA,NA,NA,NA,NA,NA,NA,NA,NA,NA,NA,NA,NA,NA,NA,NA,NA,NA,NA
"242",NA,NA,1,1,1,NA,NA,NA,1,0,0,0,1,1,NA,0,0,0,NA,NA,NA,0,0,0,NA,0,0,0,NA,NA,0,0,0,NA,0,0,0,0,NA,0,0,NA,NA,0,0,0,0,0,0,0,NA,0,NA,NA,NA,NA,NA,NA,NA,NA,NA,NA,NA,NA,NA,NA,NA,NA,NA,NA,NA,NA,NA,NA,NA,NA,NA,NA,NA,NA,NA,NA,NA,NA,NA,NA,NA
"243",NA,NA,1,1,NA,1,NA,NA,NA,1,1,1,1,1,NA,0,0,0,NA,NA,NA,0,NA,0,NA,0,0,0,NA,NA,0,0,0,NA,0,0,0,0,NA,0,0,NA,NA,0,0,0,0,0,0,0,NA,0,NA,NA,NA,NA,NA,NA,NA,NA,NA,NA,NA,NA,NA,NA,NA,NA,NA,NA,NA,NA,NA,NA,NA,NA,NA,NA,NA,NA,NA,NA,NA,NA,NA,NA,NA
"244",NA,NA,1,1,NA,1,NA,1,NA,1,1,1,0,0,0,0,0,0,NA,NA,NA,0,0,0,NA,0,0,0,NA,NA,0,0,0,NA,0,0,0,0,NA,0,0,NA,NA,0,NA,0,0,0,0,0,NA,0,NA,NA,NA,NA,NA,NA,NA,NA,NA,NA,NA,NA,NA,NA,NA,NA,NA,NA,NA,NA,NA,NA,NA,NA,NA,NA,NA,NA,NA,NA,NA,NA,NA,NA,NA
"245",NA,NA,1,1,NA,NA,NA,NA,1,0,0,0,0,0,0,0,0,0,NA,NA,NA,0,NA,0,NA,0,0,0,NA,NA,0,0,0,NA,0,0,0,0,NA,0,0,NA,NA,0,NA,0,0,0,0,0,NA,0,NA,NA,NA,NA,NA,NA,NA,NA,NA,NA,NA,NA,NA,NA,NA,NA,NA,NA,NA,NA,NA,NA,NA,NA,NA,NA,NA,NA,NA,NA,NA,NA,NA,NA,NA
"246",NA,NA,1,1,NA,1,NA,NA,NA,1,1,1,0,0,NA,0,0,0,NA,NA,NA,0,0,0,NA,0,0,0,NA,NA,0,0,0,NA,0,0,0,0,NA,0,0,NA,NA,0,NA,0,0,0,0,0,NA,0,NA,NA,NA,NA,NA,NA,NA,NA,NA,NA,NA,NA,NA,NA,NA,NA,NA,NA,NA,NA,NA,NA,NA,NA,NA,NA,NA,NA,NA,NA,NA,NA,NA,NA,NA
"247",NA,NA,1,1,NA,NA,NA,1,1,0,0,0,1,1,0,0,0,0,NA,NA,NA,0,0,NA,NA,0,0,0,NA,NA,0,0,0,NA,0,0,0,0,NA,0,0,NA,NA,0,0,0,0,0,0,0,NA,0,NA,NA,NA,NA,NA,NA,NA,NA,NA,NA,NA,NA,NA,NA,NA,NA,NA,NA,NA,NA,NA,NA,NA,NA,NA,NA,NA,NA,NA,NA,NA,NA,NA,NA,NA
"248",NA,NA,1,1,NA,1,NA,NA,NA,1,1,1,1,1,0,0,0,0,NA,NA,NA,0,NA,NA,NA,0,0,0,NA,NA,0,0,0,NA,0,0,0,0,NA,0,0,NA,NA,0,0,0,0,0,0,0,NA,0,NA,NA,NA,NA,NA,NA,NA,NA,NA,NA,NA,NA,NA,NA,NA,NA,NA,NA,NA,NA,NA,NA,NA,NA,NA,NA,NA,NA,NA,NA,NA,NA,NA,NA,NA
"249",NA,NA,1,1,NA,NA,NA,NA,1,0,0,0,1,1,NA,0,0,0,NA,NA,NA,0,0,NA,NA,0,0,0,NA,NA,0,0,0,NA,0,0,0,0,NA,0,0,NA,NA,0,0,0,0,0,0,0,NA,0,NA,NA,NA,NA,NA,NA,NA,NA,NA,NA,NA,NA,NA,NA,NA,NA,NA,NA,NA,NA,NA,NA,NA,NA,NA,NA,NA,NA,NA,NA,NA,NA,NA,NA,NA
"250",NA,NA,1,1,NA,NA,NA,1,NA,1,1,1,1,1,0,0,0,0,NA,NA,NA,0,NA,NA,NA,0,0,0,NA,NA,0,0,0,NA,0,0,0,0,NA,0,0,NA,NA,0,0,0,0,0,0,0,NA,0,NA,NA,NA,NA,NA,NA,NA,NA,NA,NA,NA,NA,NA,NA,NA,NA,NA,NA,NA,NA,NA,NA,NA,NA,NA,NA,NA,NA,NA,NA,NA,NA,NA,NA,NA
"251",NA,NA,1,1,NA,NA,NA,NA,1,0,0,0,0,0,0,0,0,0,NA,NA,NA,0,0,NA,NA,0,0,0,NA,NA,0,0,0,NA,0,0,0,0,NA,0,0,NA,NA,0,NA,0,0,0,0,0,NA,0,NA,NA,NA,NA,NA,NA,NA,NA,NA,NA,NA,NA,NA,NA,NA,NA,NA,NA,NA,NA,NA,NA,NA,NA,NA,NA,NA,NA,NA,NA,NA,NA,NA,NA,NA
"252",NA,NA,1,1,1,1,NA,NA,NA,1,1,1,1,1,0,0,0,0,NA,NA,NA,0,NA,NA,NA,0,0,0,NA,NA,0,0,0,NA,0,0,0,0,NA,0,0,NA,NA,0,0,0,0,0,0,0,NA,0,NA,NA,NA,NA,NA,NA,NA,NA,NA,NA,NA,NA,NA,NA,NA,NA,NA,NA,NA,NA,NA,NA,NA,NA,NA,NA,NA,NA,NA,NA,NA,NA,NA,NA,NA
"253",NA,NA,1,1,NA,NA,NA,1,1,0,0,0,1,1,NA,0,0,0,NA,NA,NA,0,0,NA,NA,0,0,0,NA,NA,0,0,0,NA,0,0,0,0,NA,0,0,NA,NA,0,0,0,0,0,0,0,NA,0,NA,NA,NA,NA,NA,NA,NA,NA,NA,NA,NA,NA,NA,NA,NA,NA,NA,NA,NA,NA,NA,NA,NA,NA,NA,NA,NA,NA,NA,NA,NA,NA,NA,NA,NA
"254",NA,NA,1,1,1,NA,NA,NA,1,0,0,0,0,0,0,0,0,0,NA,NA,NA,0,NA,0,NA,0,0,0,NA,NA,0,0,0,NA,0,0,0,0,NA,0,0,NA,NA,0,NA,0,0,0,0,0,NA,0,NA,NA,NA,NA,NA,NA,NA,NA,NA,NA,NA,NA,NA,NA,NA,NA,NA,NA,NA,NA,NA,NA,NA,NA,NA,NA,NA,NA,NA,NA,NA,NA,NA,NA,NA
"255",NA,NA,1,1,NA,1,NA,1,NA,1,1,1,0,0,0,0,0,0,NA,NA,NA,0,0,NA,NA,0,0,0,NA,NA,0,0,0,NA,0,0,0,0,NA,0,0,NA,NA,0,NA,0,0,0,0,0,NA,0,NA,NA,NA,NA,NA,NA,NA,NA,NA,NA,NA,NA,NA,NA,NA,NA,NA,NA,NA,NA,NA,NA,NA,NA,NA,NA,NA,NA,NA,NA,NA,NA,NA,NA,NA
"256",NA,NA,1,1,NA,0,NA,NA,0,1,1,1,1,1,0,0,0,0,NA,NA,NA,0,NA,NA,NA,0,0,0,NA,NA,0,0,0,NA,0,0,0,0,NA,0,0,NA,NA,0,0,0,0,0,0,0,NA,0,NA,NA,NA,NA,NA,NA,NA,NA,NA,NA,NA,NA,NA,NA,NA,NA,NA,NA,NA,NA,NA,NA,NA,NA,NA,NA,NA,NA,NA,NA,NA,NA,NA,NA,NA
"257",NA,NA,1,1,NA,NA,NA,NA,1,0,0,0,0,0,NA,0,0,0,NA,NA,NA,0,0,NA,NA,0,0,0,NA,NA,0,0,0,NA,0,0,0,0,NA,0,0,NA,NA,0,NA,0,0,0,0,0,NA,0,NA,NA,NA,NA,NA,NA,NA,NA,NA,NA,NA,NA,NA,NA,NA,NA,NA,NA,NA,NA,NA,NA,NA,NA,NA,NA,NA,NA,NA,NA,NA,NA,NA,NA,NA
"258",NA,NA,1,1,NA,NA,NA,1,1,0,0,0,1,1,0,0,0,0,NA,NA,NA,0,NA,NA,NA,0,0,0,NA,NA,0,0,0,NA,0,0,0,0,NA,0,0,NA,NA,0,0,0,0,0,0,0,NA,0,NA,NA,NA,NA,NA,NA,NA,NA,NA,NA,NA,NA,NA,NA,NA,NA,NA,NA,NA,NA,NA,NA,NA,NA,NA,NA,NA,NA,NA,NA,NA,NA,NA,NA,NA
"259",NA,NA,1,1,1,NA,NA,NA,NA,1,1,1,0,0,0,0,0,0,NA,NA,NA,0,0,NA,NA,0,0,0,NA,NA,0,0,0,NA,0,0,0,0,NA,0,0,NA,NA,0,NA,0,0,0,0,0,NA,0,NA,NA,NA,NA,NA,NA,NA,NA,NA,NA,NA,NA,NA,NA,NA,NA,NA,NA,NA,NA,NA,NA,NA,NA,NA,NA,NA,NA,NA,NA,NA,NA,NA,NA,NA
"260",NA,NA,1,1,NA,1,NA,1,NA,1,1,1,0,0,NA,0,0,0,NA,NA,NA,0,0,0,NA,0,0,0,NA,NA,0,0,0,NA,0,0,0,0,NA,0,0,NA,NA,0,NA,0,0,0,0,0,NA,0,NA,NA,NA,NA,NA,NA,NA,NA,NA,NA,NA,NA,NA,NA,NA,NA,NA,NA,NA,NA,NA,NA,NA,NA,NA,NA,NA,NA,NA,NA,NA,NA,NA,NA,NA
"261",NA,NA,1,1,1,NA,NA,NA,NA,1,1,1,1,1,NA,0,0,0,NA,NA,NA,0,0,NA,NA,0,0,0,NA,NA,0,0,0,NA,0,0,0,0,NA,0,0,NA,NA,0,0,0,0,0,0,0,NA,0,NA,NA,NA,NA,NA,NA,NA,NA,NA,NA,NA,NA,NA,NA,NA,NA,NA,NA,NA,NA,NA,NA,NA,NA,NA,NA,NA,NA,NA,NA,NA,NA,NA,NA,NA
"262",NA,NA,1,1,NA,1,NA,NA,NA,1,1,1,0,0,0,0,0,0,NA,NA,NA,0,NA,0,NA,0,0,0,NA,NA,0,0,0,NA,0,0,0,0,NA,0,0,NA,NA,0,NA,0,0,0,0,0,NA,0,NA,NA,NA,NA,NA,NA,NA,NA,NA,NA,NA,NA,NA,NA,NA,NA,NA,NA,NA,NA,NA,NA,NA,NA,NA,NA,NA,NA,NA,NA,NA,NA,NA,NA,NA
"263",NA,NA,1,1,0,NA,NA,0,NA,1,1,1,1,1,NA,0,0,0,NA,NA,NA,0,0,0,NA,0,0,0,NA,NA,0,0,0,NA,0,0,0,0,NA,0,0,NA,NA,0,0,0,0,0,0,0,NA,0,NA,NA,NA,NA,NA,NA,NA,NA,NA,NA,NA,NA,NA,NA,NA,NA,NA,NA,NA,NA,NA,NA,NA,NA,NA,NA,NA,NA,NA,NA,NA,NA,NA,NA,NA
"264",NA,NA,1,1,NA,1,NA,NA,NA,1,1,1,0,0,NA,0,0,0,NA,NA,NA,0,0,NA,NA,0,0,0,NA,NA,0,0,0,NA,0,0,0,0,NA,0,0,NA,NA,0,NA,0,0,0,0,0,NA,0,NA,NA,NA,NA,NA,NA,NA,NA,NA,NA,NA,NA,NA,NA,NA,NA,NA,NA,NA,NA,NA,NA,NA,NA,NA,NA,NA,NA,NA,NA,NA,NA,NA,NA,NA
"265",NA,NA,1,1,0,NA,NA,0,NA,1,1,1,0,0,0,0,0,0,NA,NA,NA,0,NA,0,NA,0,0,0,NA,NA,0,0,0,NA,0,0,0,0,NA,0,0,NA,NA,0,NA,0,0,0,0,0,NA,0,NA,NA,NA,NA,NA,NA,NA,NA,NA,NA,NA,NA,NA,NA,NA,NA,NA,NA,NA,NA,NA,NA,NA,NA,NA,NA,NA,NA,NA,NA,NA,NA,NA,NA,NA
"266",NA,NA,1,1,NA,0,NA,NA,0,1,1,1,0,0,0,0,0,0,NA,NA,NA,0,0,NA,NA,0,0,0,NA,NA,0,0,0,NA,0,0,0,0,NA,0,0,NA,NA,0,NA,0,0,0,0,0,NA,0,NA,NA,NA,NA,NA,NA,NA,NA,NA,NA,NA,NA,NA,NA,NA,NA,NA,NA,NA,NA,NA,NA,NA,NA,NA,NA,NA,NA,NA,NA,NA,NA,NA,NA,NA
"267",NA,NA,1,1,0,NA,NA,0,NA,1,1,1,0,0,NA,0,0,0,NA,NA,NA,0,0,0,NA,0,0,0,NA,NA,0,0,0,NA,0,0,0,0,NA,0,0,NA,NA,0,NA,0,0,0,0,0,NA,0,NA,NA,NA,NA,NA,NA,NA,NA,NA,NA,NA,NA,NA,NA,NA,NA,NA,NA,NA,NA,NA,NA,NA,NA,NA,NA,NA,NA,NA,NA,NA,NA,NA,NA,NA
"268",NA,NA,1,1,1,NA,NA,NA,1,0,0,0,1,1,0,0,0,0,NA,NA,NA,0,NA,NA,NA,0,0,0,NA,NA,0,0,0,NA,0,0,0,0,NA,0,0,NA,NA,0,0,0,0,0,0,0,NA,0,NA,NA,NA,NA,NA,NA,NA,NA,NA,NA,NA,NA,NA,NA,NA,NA,NA,NA,NA,NA,NA,NA,NA,NA,NA,NA,NA,NA,NA,NA,NA,NA,NA,NA,NA
"269",NA,NA,1,1,NA,NA,NA,NA,1,0,0,0,1,1,NA,0,0,0,NA,NA,NA,0,NA,0,NA,0,0,0,NA,NA,0,0,0,NA,0,0,0,0,NA,0,0,NA,NA,0,0,0,0,0,0,0,NA,0,NA,NA,NA,NA,NA,NA,NA,NA,NA,NA,NA,NA,NA,NA,NA,NA,NA,NA,NA,NA,NA,NA,NA,NA,NA,NA,NA,NA,NA,NA,NA,NA,NA,NA,NA
"270",NA,NA,1,1,NA,NA,NA,1,NA,1,1,1,1,1,NA,0,0,0,NA,NA,NA,0,NA,NA,NA,0,0,0,NA,NA,0,0,0,NA,0,0,0,0,NA,0,0,NA,NA,0,0,0,0,0,0,0,NA,0,NA,NA,NA,NA,NA,NA,NA,NA,NA,NA,NA,NA,NA,NA,NA,NA,NA,NA,NA,NA,NA,NA,NA,NA,NA,NA,NA,NA,NA,NA,NA,NA,NA,NA,NA
"271",NA,NA,1,1,NA,NA,NA,1,1,0,0,0,0,0,0,0,0,0,NA,NA,NA,0,NA,0,NA,0,0,0,NA,NA,0,0,0,NA,0,0,0,0,NA,0,0,NA,NA,0,NA,0,0,0,0,0,NA,0,NA,NA,NA,NA,NA,NA,NA,NA,NA,NA,NA,NA,NA,NA,NA,NA,NA,NA,NA,NA,NA,NA,NA,NA,NA,NA,NA,NA,NA,NA,NA,NA,NA,NA,NA
"272",NA,NA,1,1,1,NA,NA,NA,NA,1,1,1,0,0,NA,0,0,0,NA,NA,NA,0,NA,0,NA,0,0,0,NA,NA,0,0,0,NA,0,0,0,0,NA,0,0,NA,NA,0,NA,0,0,0,0,0,NA,0,NA,NA,NA,NA,NA,NA,NA,NA,NA,NA,NA,NA,NA,NA,NA,NA,NA,NA,NA,NA,NA,NA,NA,NA,NA,NA,NA,NA,NA,NA,NA,NA,NA,NA,NA
"273",NA,NA,1,1,NA,1,NA,1,NA,1,1,1,1,1,NA,0,0,0,NA,NA,NA,0,0,NA,NA,0,0,0,NA,NA,0,0,0,NA,0,0,0,0,NA,0,0,NA,NA,0,0,0,0,0,0,0,NA,0,NA,NA,NA,NA,NA,NA,NA,NA,NA,NA,NA,NA,NA,NA,NA,NA,NA,NA,NA,NA,NA,NA,NA,NA,NA,NA,NA,NA,NA,NA,NA,NA,NA,NA,NA
"274",NA,NA,1,1,NA,NA,NA,NA,1,0,0,0,0,0,NA,0,0,0,NA,NA,NA,0,NA,0,NA,0,0,0,NA,NA,0,0,0,NA,0,0,0,0,NA,0,0,NA,NA,0,NA,0,0,0,0,0,NA,0,NA,NA,NA,NA,NA,NA,NA,NA,NA,NA,NA,NA,NA,NA,NA,NA,NA,NA,NA,NA,NA,NA,NA,NA,NA,NA,NA,NA,NA,NA,NA,NA,NA,NA,NA
"275",NA,NA,1,1,0,NA,NA,0,NA,1,1,1,1,1,NA,0,0,0,NA,NA,NA,0,NA,0,NA,0,0,0,NA,NA,0,0,0,NA,0,0,0,0,NA,0,0,NA,NA,0,0,0,0,0,0,0,NA,0,NA,NA,NA,NA,NA,NA,NA,NA,NA,NA,NA,NA,NA,NA,NA,NA,NA,NA,NA,NA,NA,NA,NA,NA,NA,NA,NA,NA,NA,NA,NA,NA,NA,NA,NA
"276",NA,NA,1,1,NA,NA,NA,NA,1,0,0,0,1,1,NA,0,0,0,NA,NA,NA,0,NA,NA,NA,0,0,0,NA,NA,0,0,0,NA,0,0,0,0,NA,0,0,NA,NA,0,0,0,0,0,0,0,NA,0,NA,NA,NA,NA,NA,NA,NA,NA,NA,NA,NA,NA,NA,NA,NA,NA,NA,NA,NA,NA,NA,NA,NA,NA,NA,NA,NA,NA,NA,NA,NA,NA,NA,NA,NA
"277",NA,NA,1,1,NA,1,NA,1,NA,1,1,1,1,1,0,0,0,0,NA,NA,NA,0,NA,NA,NA,0,0,0,NA,NA,0,0,0,NA,0,0,0,0,NA,0,0,NA,NA,0,0,0,0,0,0,0,NA,0,NA,NA,NA,NA,NA,NA,NA,NA,NA,NA,NA,NA,NA,NA,NA,NA,NA,NA,NA,NA,NA,NA,NA,NA,NA,NA,NA,NA,NA,NA,NA,NA,NA,NA,NA
"278",NA,NA,1,1,NA,NA,NA,NA,NA,1,1,1,0,0,NA,0,0,0,NA,NA,NA,0,NA,NA,NA,0,0,0,NA,NA,0,0,0,NA,0,0,0,0,NA,0,0,NA,NA,0,NA,0,0,0,0,0,NA,0,NA,NA,NA,NA,NA,NA,NA,NA,NA,NA,NA,NA,NA,NA,NA,NA,NA,NA,NA,NA,NA,NA,NA,NA,NA,NA,NA,NA,NA,NA,NA,NA,NA,NA,NA
"279",NA,NA,1,1,NA,NA,NA,1,1,0,0,0,1,1,NA,0,0,0,NA,NA,NA,0,NA,0,NA,0,0,0,NA,NA,0,0,0,NA,0,0,0,0,NA,0,0,NA,NA,0,0,0,0,0,0,0,NA,0,NA,NA,NA,NA,NA,NA,NA,NA,NA,NA,NA,NA,NA,NA,NA,NA,NA,NA,NA,NA,NA,NA,NA,NA,NA,NA,NA,NA,NA,NA,NA,NA,NA,NA,NA
"280",NA,NA,1,1,1,1,NA,NA,NA,1,1,1,1,1,NA,0,0,0,NA,NA,NA,0,0,NA,NA,0,0,0,NA,NA,0,0,0,NA,0,0,0,0,NA,0,0,NA,NA,0,0,0,0,0,0,0,NA,0,NA,NA,NA,NA,NA,NA,NA,NA,NA,NA,NA,NA,NA,NA,NA,NA,NA,NA,NA,NA,NA,NA,NA,NA,NA,NA,NA,NA,NA,NA,NA,NA,NA,NA,NA
"281",NA,NA,1,1,NA,NA,NA,NA,1,0,0,0,0,0,0,0,0,0,NA,NA,NA,0,NA,NA,NA,0,0,0,NA,NA,0,0,0,NA,0,0,0,0,NA,0,0,NA,NA,0,NA,0,0,0,0,0,NA,0,NA,NA,NA,NA,NA,NA,NA,NA,NA,NA,NA,NA,NA,NA,NA,NA,NA,NA,NA,NA,NA,NA,NA,NA,NA,NA,NA,NA,NA,NA,NA,NA,NA,NA,NA
"282",NA,NA,1,1,NA,1,NA,1,NA,1,1,1,1,1,NA,0,0,0,NA,NA,NA,0,NA,0,NA,0,0,0,NA,NA,0,0,0,NA,0,0,0,0,NA,0,0,NA,NA,0,0,0,0,0,0,0,NA,0,NA,NA,NA,NA,NA,NA,NA,NA,NA,NA,NA,NA,NA,NA,NA,NA,NA,NA,NA,NA,NA,NA,NA,NA,NA,NA,NA,NA,NA,NA,NA,NA,NA,NA,NA
"283",NA,NA,1,1,1,NA,NA,NA,1,0,0,0,0,0,NA,0,0,0,NA,NA,NA,0,0,0,NA,0,0,0,NA,NA,0,0,0,NA,0,0,0,0,NA,0,0,NA,NA,0,NA,0,0,0,0,0,NA,0,NA,NA,NA,NA,NA,NA,NA,NA,NA,NA,NA,NA,NA,NA,NA,NA,NA,NA,NA,NA,NA,NA,NA,NA,NA,NA,NA,NA,NA,NA,NA,NA,NA,NA,NA
"284",NA,NA,1,1,NA,1,NA,NA,NA,1,1,1,1,1,NA,0,0,0,NA,NA,NA,0,NA,NA,NA,0,0,0,NA,NA,0,0,0,NA,0,0,0,0,NA,0,0,NA,NA,0,0,0,0,0,0,0,NA,0,NA,NA,NA,NA,NA,NA,NA,NA,NA,NA,NA,NA,NA,NA,NA,NA,NA,NA,NA,NA,NA,NA,NA,NA,NA,NA,NA,NA,NA,NA,NA,NA,NA,NA,NA
"285",NA,NA,1,1,1,1,NA,NA,NA,1,1,1,0,0,NA,0,0,0,NA,NA,NA,0,0,0,NA,0,0,0,NA,NA,0,0,0,NA,0,0,0,0,NA,0,0,NA,NA,0,NA,0,0,0,0,0,NA,0,NA,NA,NA,NA,NA,NA,NA,NA,NA,NA,NA,NA,NA,NA,NA,NA,NA,NA,NA,NA,NA,NA,NA,NA,NA,NA,NA,NA,NA,NA,NA,NA,NA,NA,NA
"286",NA,NA,1,1,NA,NA,NA,1,NA,1,1,1,0,0,NA,0,0,0,NA,NA,NA,0,NA,0,NA,0,0,0,NA,NA,0,0,0,NA,0,0,0,0,NA,0,0,NA,NA,0,NA,0,0,0,0,0,NA,0,NA,NA,NA,NA,NA,NA,NA,NA,NA,NA,NA,NA,NA,NA,NA,NA,NA,NA,NA,NA,NA,NA,NA,NA,NA,NA,NA,NA,NA,NA,NA,NA,NA,NA,NA
"287",NA,NA,1,1,1,1,NA,NA,NA,1,1,1,0,0,0,0,0,0,NA,NA,NA,0,NA,0,NA,0,0,0,NA,NA,0,0,0,NA,0,0,0,0,NA,0,0,NA,NA,0,NA,0,0,0,0,0,NA,0,NA,NA,NA,NA,NA,NA,NA,NA,NA,NA,NA,NA,NA,NA,NA,NA,NA,NA,NA,NA,NA,NA,NA,NA,NA,NA,NA,NA,NA,NA,NA,NA,NA,NA,NA
"288",NA,NA,1,1,NA,NA,NA,1,NA,1,1,1,0,0,0,0,0,0,NA,NA,NA,0,NA,NA,NA,0,0,0,NA,NA,0,0,0,NA,0,0,0,0,NA,0,0,NA,NA,0,NA,0,0,0,0,0,NA,0,NA,NA,NA,NA,NA,NA,NA,NA,NA,NA,NA,NA,NA,NA,NA,NA,NA,NA,NA,NA,NA,NA,NA,NA,NA,NA,NA,NA,NA,NA,NA,NA,NA,NA,NA
"289",NA,NA,1,1,NA,1,NA,NA,NA,1,1,1,0,0,NA,0,0,0,NA,NA,NA,0,NA,0,NA,0,0,0,NA,NA,0,0,0,NA,0,0,0,0,NA,0,0,NA,NA,0,NA,0,0,0,0,0,NA,0,NA,NA,NA,NA,NA,NA,NA,NA,NA,NA,NA,NA,NA,NA,NA,NA,NA,NA,NA,NA,NA,NA,NA,NA,NA,NA,NA,NA,NA,NA,NA,NA,NA,NA,NA
"290",NA,NA,1,1,1,1,NA,NA,NA,1,1,1,1,1,NA,0,0,0,NA,NA,NA,0,NA,0,NA,0,0,0,NA,NA,0,0,0,NA,0,0,0,0,NA,0,0,NA,NA,0,0,0,0,0,0,0,NA,0,NA,NA,NA,NA,NA,NA,NA,NA,NA,NA,NA,NA,NA,NA,NA,NA,NA,NA,NA,NA,NA,NA,NA,NA,NA,NA,NA,NA,NA,NA,NA,NA,NA,NA,NA
"291",NA,NA,1,1,NA,NA,NA,1,1,0,0,0,1,1,NA,0,0,0,NA,NA,NA,0,NA,NA,NA,0,0,0,NA,NA,0,0,0,NA,0,0,0,0,NA,0,0,NA,NA,0,0,0,0,0,0,0,NA,0,NA,NA,NA,NA,NA,NA,NA,NA,NA,NA,NA,NA,NA,NA,NA,NA,NA,NA,NA,NA,NA,NA,NA,NA,NA,NA,NA,NA,NA,NA,NA,NA,NA,NA,NA
"292",NA,NA,1,1,NA,NA,NA,1,1,0,0,0,0,0,NA,0,0,0,NA,NA,NA,0,0,0,NA,0,0,0,NA,NA,0,0,0,NA,0,0,0,0,NA,0,0,NA,NA,0,NA,0,0,0,0,0,NA,0,NA,NA,NA,NA,NA,NA,NA,NA,NA,NA,NA,NA,NA,NA,NA,NA,NA,NA,NA,NA,NA,NA,NA,NA,NA,NA,NA,NA,NA,NA,NA,NA,NA,NA,NA
"293",NA,NA,1,1,NA,1,NA,1,NA,1,1,1,1,1,NA,0,0,0,NA,NA,NA,0,NA,NA,NA,0,0,0,NA,NA,0,0,0,NA,0,0,0,0,NA,0,0,NA,NA,0,0,0,0,0,0,0,NA,0,NA,NA,NA,NA,NA,NA,NA,NA,NA,NA,NA,NA,NA,NA,NA,NA,NA,NA,NA,NA,NA,NA,NA,NA,NA,NA,NA,NA,NA,NA,NA,NA,NA,NA,NA
"294",NA,NA,1,1,1,NA,NA,NA,NA,1,1,1,0,0,NA,0,0,0,NA,NA,NA,0,0,NA,NA,0,0,0,NA,NA,0,0,0,NA,0,0,0,0,NA,0,0,NA,NA,0,NA,0,0,0,0,0,NA,0,NA,NA,NA,NA,NA,NA,NA,NA,NA,NA,NA,NA,NA,NA,NA,NA,NA,NA,NA,NA,NA,NA,NA,NA,NA,NA,NA,NA,NA,NA,NA,NA,NA,NA,NA
"295",NA,NA,1,1,1,NA,NA,NA,NA,1,1,1,0,0,0,0,0,0,NA,NA,NA,0,NA,NA,NA,0,0,0,NA,NA,0,0,0,NA,0,0,0,0,NA,0,0,NA,NA,0,NA,0,0,0,0,0,NA,0,NA,NA,NA,NA,NA,NA,NA,NA,NA,NA,NA,NA,NA,NA,NA,NA,NA,NA,NA,NA,NA,NA,NA,NA,NA,NA,NA,NA,NA,NA,NA,NA,NA,NA,NA
"296",NA,NA,1,1,NA,1,NA,1,NA,1,1,1,0,0,NA,0,0,0,NA,NA,NA,0,0,NA,NA,0,0,0,NA,NA,0,0,0,NA,0,0,0,0,NA,0,0,NA,NA,0,NA,0,0,0,0,0,NA,0,NA,NA,NA,NA,NA,NA,NA,NA,NA,NA,NA,NA,NA,NA,NA,NA,NA,NA,NA,NA,NA,NA,NA,NA,NA,NA,NA,NA,NA,NA,NA,NA,NA,NA,NA
"297",NA,NA,1,1,1,NA,NA,NA,1,0,0,0,1,1,NA,0,0,0,NA,NA,NA,0,NA,0,NA,0,0,0,NA,NA,0,0,0,NA,0,0,0,0,NA,0,0,NA,NA,0,0,0,0,0,0,0,NA,0,NA,NA,NA,NA,NA,NA,NA,NA,NA,NA,NA,NA,NA,NA,NA,NA,NA,NA,NA,NA,NA,NA,NA,NA,NA,NA,NA,NA,NA,NA,NA,NA,NA,NA,NA
"298",NA,NA,1,1,NA,NA,NA,1,NA,1,1,1,0,0,NA,0,0,0,NA,NA,NA,0,NA,NA,NA,0,0,0,NA,NA,0,0,0,NA,0,0,0,0,NA,0,0,NA,NA,0,NA,0,0,0,0,0,NA,0,NA,NA,NA,NA,NA,NA,NA,NA,NA,NA,NA,NA,NA,NA,NA,NA,NA,NA,NA,NA,NA,NA,NA,NA,NA,NA,NA,NA,NA,NA,NA,NA,NA,NA,NA
"299",NA,NA,1,1,NA,1,NA,1,NA,1,1,1,0,0,0,0,0,0,NA,NA,NA,0,NA,0,NA,0,0,0,NA,NA,0,0,0,NA,0,0,0,0,NA,0,0,NA,NA,0,NA,0,0,0,0,0,NA,0,NA,NA,NA,NA,NA,NA,NA,NA,NA,NA,NA,NA,NA,NA,NA,NA,NA,NA,NA,NA,NA,NA,NA,NA,NA,NA,NA,NA,NA,NA,NA,NA,NA,NA,NA
"300",NA,NA,1,1,NA,NA,NA,1,1,0,0,0,0,0,NA,0,0,0,NA,NA,NA,0,NA,0,NA,0,0,0,NA,NA,0,0,0,NA,0,0,0,0,NA,0,0,NA,NA,0,NA,0,0,0,0,0,NA,0,NA,NA,NA,NA,NA,NA,NA,NA,NA,NA,NA,NA,NA,NA,NA,NA,NA,NA,NA,NA,NA,NA,NA,NA,NA,NA,NA,NA,NA,NA,NA,NA,NA,NA,NA
"301",NA,NA,1,1,1,NA,NA,NA,1,0,0,0,0,0,0,0,0,0,NA,NA,NA,0,0,NA,NA,0,0,0,NA,NA,0,0,0,NA,0,0,0,0,NA,0,0,NA,NA,0,NA,0,0,0,0,0,NA,0,NA,NA,NA,NA,NA,NA,NA,NA,NA,NA,NA,NA,NA,NA,NA,NA,NA,NA,NA,NA,NA,NA,NA,NA,NA,NA,NA,NA,NA,NA,NA,NA,NA,NA,NA
"302",NA,NA,1,1,0,NA,NA,0,NA,1,1,1,1,1,NA,0,0,0,NA,NA,NA,0,0,NA,NA,0,0,0,NA,NA,0,0,0,NA,0,0,0,0,NA,0,0,NA,NA,0,0,0,0,0,0,0,NA,0,NA,NA,NA,NA,NA,NA,NA,NA,NA,NA,NA,NA,NA,NA,NA,NA,NA,NA,NA,NA,NA,NA,NA,NA,NA,NA,NA,NA,NA,NA,NA,NA,NA,NA,NA
"303",NA,NA,1,1,1,1,NA,NA,NA,1,1,1,0,0,0,0,0,0,NA,NA,NA,0,0,NA,NA,0,0,0,NA,NA,0,0,0,NA,0,0,0,0,NA,0,0,NA,NA,0,NA,0,0,0,0,0,NA,0,NA,NA,NA,NA,NA,NA,NA,NA,NA,NA,NA,NA,NA,NA,NA,NA,NA,NA,NA,NA,NA,NA,NA,NA,NA,NA,NA,NA,NA,NA,NA,NA,NA,NA,NA
"304",NA,NA,1,1,1,NA,NA,NA,NA,1,1,1,1,1,NA,0,0,0,NA,NA,NA,0,NA,NA,NA,0,0,0,NA,NA,0,0,0,NA,0,0,0,0,NA,0,0,NA,NA,0,0,0,0,0,0,0,NA,0,NA,NA,NA,NA,NA,NA,NA,NA,NA,NA,NA,NA,NA,NA,NA,NA,NA,NA,NA,NA,NA,NA,NA,NA,NA,NA,NA,NA,NA,NA,NA,NA,NA,NA,NA
"305",NA,NA,1,1,NA,NA,NA,1,1,0,0,0,0,0,0,0,0,0,NA,NA,NA,0,0,NA,NA,0,0,0,NA,NA,0,0,0,NA,0,0,0,0,NA,0,0,NA,NA,0,NA,0,0,0,0,0,NA,0,NA,NA,NA,NA,NA,NA,NA,NA,NA,NA,NA,NA,NA,NA,NA,NA,NA,NA,NA,NA,NA,NA,NA,NA,NA,NA,NA,NA,NA,NA,NA,NA,NA,NA,NA
"306",NA,NA,1,1,1,NA,NA,NA,1,0,0,0,0,0,NA,0,0,0,NA,NA,NA,0,NA,0,NA,0,0,0,NA,NA,0,0,0,NA,0,0,0,0,NA,0,0,NA,NA,0,NA,0,0,0,0,0,NA,0,NA,NA,NA,NA,NA,NA,NA,NA,NA,NA,NA,NA,NA,NA,NA,NA,NA,NA,NA,NA,NA,NA,NA,NA,NA,NA,NA,NA,NA,NA,NA,NA,NA,NA,NA
"307",NA,NA,1,1,0,NA,NA,0,NA,1,1,1,1,1,NA,0,0,0,NA,NA,NA,0,NA,NA,NA,0,0,0,NA,NA,0,0,0,NA,0,0,0,0,NA,0,0,NA,NA,0,0,0,0,0,0,0,NA,0,NA,NA,NA,NA,NA,NA,NA,NA,NA,NA,NA,NA,NA,NA,NA,NA,NA,NA,NA,NA,NA,NA,NA,NA,NA,NA,NA,NA,NA,NA,NA,NA,NA,NA,NA
"308",NA,NA,1,1,1,1,NA,NA,NA,1,1,1,0,0,NA,0,0,0,NA,NA,NA,0,0,NA,NA,0,0,0,NA,NA,0,0,0,NA,0,0,0,0,NA,0,0,NA,NA,0,NA,0,0,0,0,0,NA,0,NA,NA,NA,NA,NA,NA,NA,NA,NA,NA,NA,NA,NA,NA,NA,NA,NA,NA,NA,NA,NA,NA,NA,NA,NA,NA,NA,NA,NA,NA,NA,NA,NA,NA,NA
"309",NA,NA,1,1,1,NA,NA,NA,1,0,0,0,1,1,NA,0,0,0,NA,NA,NA,0,0,NA,NA,0,0,0,NA,NA,0,0,0,NA,0,0,0,0,NA,0,0,NA,NA,0,0,0,0,0,0,0,NA,0,NA,NA,NA,NA,NA,NA,NA,NA,NA,NA,NA,NA,NA,NA,NA,NA,NA,NA,NA,NA,NA,NA,NA,NA,NA,NA,NA,NA,NA,NA,NA,NA,NA,NA,NA
"310",NA,NA,1,1,0,NA,NA,0,NA,1,1,1,0,0,NA,0,0,0,NA,NA,NA,0,0,NA,NA,0,0,0,NA,NA,0,0,0,NA,0,0,0,0,NA,0,0,NA,NA,0,NA,0,0,0,0,0,NA,0,NA,NA,NA,NA,NA,NA,NA,NA,NA,NA,NA,NA,NA,NA,NA,NA,NA,NA,NA,NA,NA,NA,NA,NA,NA,NA,NA,NA,NA,NA,NA,NA,NA,NA,NA
"311",NA,NA,1,1,NA,NA,NA,1,1,0,0,0,0,0,0,0,0,0,NA,NA,NA,0,NA,NA,NA,0,0,0,NA,NA,0,0,0,NA,0,0,0,0,NA,0,0,NA,NA,0,NA,0,0,0,0,0,NA,0,NA,NA,NA,NA,NA,NA,NA,NA,NA,NA,NA,NA,NA,NA,NA,NA,NA,NA,NA,NA,NA,NA,NA,NA,NA,NA,NA,NA,NA,NA,NA,NA,NA,NA,NA
"312",NA,NA,1,1,1,NA,NA,NA,1,0,0,0,0,0,NA,0,0,0,NA,NA,NA,0,0,NA,NA,0,0,0,NA,NA,0,0,0,NA,0,0,0,0,NA,0,0,NA,NA,0,NA,0,0,0,0,0,NA,0,NA,NA,NA,NA,NA,NA,NA,NA,NA,NA,NA,NA,NA,NA,NA,NA,NA,NA,NA,NA,NA,NA,NA,NA,NA,NA,NA,NA,NA,NA,NA,NA,NA,NA,NA
"313",NA,NA,1,1,NA,NA,NA,1,1,0,0,0,0,0,NA,0,0,0,NA,NA,NA,0,0,NA,NA,0,0,0,NA,NA,0,0,0,NA,0,0,0,0,NA,0,0,NA,NA,0,NA,0,0,0,0,0,NA,0,NA,NA,NA,NA,NA,NA,NA,NA,NA,NA,NA,NA,NA,NA,NA,NA,NA,NA,NA,NA,NA,NA,NA,NA,NA,NA,NA,NA,NA,NA,NA,NA,NA,NA,NA
"314",NA,NA,1,1,NA,NA,NA,NA,1,0,0,0,0,0,NA,0,0,0,NA,NA,NA,0,NA,NA,NA,0,0,0,NA,NA,0,0,0,NA,0,0,0,0,NA,0,0,NA,NA,0,NA,0,0,0,0,0,NA,0,NA,NA,NA,NA,NA,NA,NA,NA,NA,NA,NA,NA,NA,NA,NA,NA,NA,NA,NA,NA,NA,NA,NA,NA,NA,NA,NA,NA,NA,NA,NA,NA,NA,NA,NA
"315",NA,NA,1,1,1,1,NA,NA,NA,1,1,1,1,1,NA,0,0,0,NA,NA,NA,0,NA,NA,NA,0,0,0,NA,NA,0,0,0,NA,0,0,0,0,NA,0,0,NA,NA,0,0,0,0,0,0,0,NA,0,NA,NA,NA,NA,NA,NA,NA,NA,NA,NA,NA,NA,NA,NA,NA,NA,NA,NA,NA,NA,NA,NA,NA,NA,NA,NA,NA,NA,NA,NA,NA,NA,NA,NA,NA
"316",NA,NA,1,1,NA,1,NA,1,NA,1,1,1,0,0,NA,0,0,0,NA,NA,NA,0,NA,0,NA,0,0,0,NA,NA,0,0,0,NA,0,0,0,0,NA,0,0,NA,NA,0,NA,0,0,0,0,0,NA,0,NA,NA,NA,NA,NA,NA,NA,NA,NA,NA,NA,NA,NA,NA,NA,NA,NA,NA,NA,NA,NA,NA,NA,NA,NA,NA,NA,NA,NA,NA,NA,NA,NA,NA,NA
"317",NA,NA,1,1,1,1,NA,NA,NA,1,1,1,0,0,NA,0,0,0,NA,NA,NA,0,NA,0,NA,0,0,0,NA,NA,0,0,0,NA,0,0,0,0,NA,0,0,NA,NA,0,NA,0,0,0,0,0,NA,0,NA,NA,NA,NA,NA,NA,NA,NA,NA,NA,NA,NA,NA,NA,NA,NA,NA,NA,NA,NA,NA,NA,NA,NA,NA,NA,NA,NA,NA,NA,NA,NA,NA,NA,NA
"318",NA,NA,0,1,NA,NA,NA,1,1,0,0,0,0,0,NA,0,0,0,NA,NA,NA,0,NA,NA,NA,0,0,0,NA,NA,0,0,0,NA,0,0,0,0,NA,0,0,NA,NA,0,NA,0,0,0,0,0,NA,0,NA,NA,NA,NA,NA,NA,NA,NA,NA,NA,NA,NA,NA,NA,NA,NA,NA,NA,NA,NA,NA,NA,NA,NA,NA,NA,NA,NA,NA,NA,NA,NA,NA,NA,NA
"319",NA,NA,1,1,NA,1,NA,NA,NA,1,1,1,0,0,0,0,0,0,NA,NA,NA,0,NA,NA,NA,0,0,0,NA,NA,0,0,0,NA,0,0,0,0,NA,0,0,NA,NA,0,NA,0,0,0,0,0,NA,0,NA,NA,NA,NA,NA,NA,NA,NA,NA,NA,NA,NA,NA,NA,NA,NA,NA,NA,NA,NA,NA,NA,NA,NA,NA,NA,NA,NA,NA,NA,NA,NA,NA,NA,NA
"320",NA,NA,NA,0,NA,NA,NA,0,0,0,0,0,NA,0,NA,0,0,NA,NA,NA,0,NA,NA,NA,0,NA,NA,0,NA,0,NA,0,NA,0,0,0,NA,NA,0,0,NA,NA,0,NA,NA,NA,0,NA,NA,0,0,NA,NA,NA,NA,NA,NA,NA,NA,NA,NA,NA,NA,NA,NA,NA,NA,NA,NA,NA,NA,NA,NA,NA,NA,NA,NA,NA,NA,NA,NA,NA,NA,NA,NA,NA,NA
"321",NA,NA,1,1,NA,0,NA,NA,0,1,1,1,0,0,NA,0,0,0,NA,NA,NA,0,NA,0,NA,0,0,0,NA,NA,0,0,0,NA,0,0,0,0,NA,0,0,NA,NA,0,NA,0,0,0,0,0,NA,0,NA,NA,NA,NA,NA,NA,NA,NA,NA,NA,NA,NA,NA,NA,NA,NA,NA,NA,NA,NA,NA,NA,NA,NA,NA,NA,NA,NA,NA,NA,NA,NA,NA,NA,NA
"322",NA,NA,1,1,1,NA,NA,NA,NA,1,1,1,0,0,NA,0,0,0,NA,NA,NA,0,NA,NA,NA,0,0,0,NA,NA,0,0,0,NA,0,0,0,0,NA,0,0,NA,NA,0,NA,0,0,0,0,0,NA,0,NA,NA,NA,NA,NA,NA,NA,NA,NA,NA,NA,NA,NA,NA,NA,NA,NA,NA,NA,NA,NA,NA,NA,NA,NA,NA,NA,NA,NA,NA,NA,NA,NA,NA,NA
"323",NA,NA,1,1,1,1,NA,NA,NA,1,1,1,0,0,0,0,0,0,NA,NA,NA,0,NA,NA,NA,0,0,0,NA,NA,0,0,0,NA,0,0,0,0,NA,0,0,NA,NA,0,NA,0,0,0,0,0,NA,0,NA,NA,NA,NA,NA,NA,NA,NA,NA,NA,NA,NA,NA,NA,NA,NA,NA,NA,NA,NA,NA,NA,NA,NA,NA,NA,NA,NA,NA,NA,NA,NA,NA,NA,NA
"324",NA,NA,1,1,NA,1,NA,NA,NA,1,1,1,0,0,NA,0,0,0,NA,NA,NA,0,NA,NA,NA,0,0,0,NA,NA,0,0,0,NA,0,0,0,0,NA,0,0,NA,NA,0,NA,0,0,0,0,0,NA,0,NA,NA,NA,NA,NA,NA,NA,NA,NA,NA,NA,NA,NA,NA,NA,NA,NA,NA,NA,NA,NA,NA,NA,NA,NA,NA,NA,NA,NA,NA,NA,NA,NA,NA,NA
"325",NA,NA,1,1,NA,0,NA,NA,0,1,1,1,0,0,0,0,0,0,NA,NA,NA,0,NA,NA,NA,0,0,0,NA,NA,0,0,0,NA,0,0,0,0,NA,0,0,NA,NA,0,NA,0,0,0,0,0,NA,0,NA,NA,NA,NA,NA,NA,NA,NA,NA,NA,NA,NA,NA,NA,NA,NA,NA,NA,NA,NA,NA,NA,NA,NA,NA,NA,NA,NA,NA,NA,NA,NA,NA,NA,NA
"326",NA,NA,1,1,1,NA,NA,NA,1,0,0,0,0,0,0,0,0,0,NA,NA,NA,0,NA,NA,NA,0,0,0,NA,NA,0,0,0,NA,0,0,0,0,NA,0,0,NA,NA,0,NA,0,0,0,0,0,NA,0,NA,NA,NA,NA,NA,NA,NA,NA,NA,NA,NA,NA,NA,NA,NA,NA,NA,NA,NA,NA,NA,NA,NA,NA,NA,NA,NA,NA,NA,NA,NA,NA,NA,NA,NA
"327",NA,NA,1,1,NA,0,NA,NA,0,1,1,1,0,0,NA,0,0,0,NA,NA,NA,0,NA,NA,NA,0,0,0,NA,NA,0,0,0,NA,0,0,0,0,NA,0,0,NA,NA,0,NA,0,0,0,0,0,NA,0,NA,NA,NA,NA,NA,NA,NA,NA,NA,NA,NA,NA,NA,NA,NA,NA,NA,NA,NA,NA,NA,NA,NA,NA,NA,NA,NA,NA,NA,NA,NA,NA,NA,NA,NA
"328",NA,NA,1,1,1,NA,NA,NA,1,0,0,0,1,1,NA,0,0,0,NA,NA,NA,0,NA,NA,NA,0,0,0,NA,NA,0,0,0,NA,0,0,0,0,NA,0,0,NA,NA,0,0,0,0,0,0,0,NA,0,NA,NA,NA,NA,NA,NA,NA,NA,NA,NA,NA,NA,NA,NA,NA,NA,NA,NA,NA,NA,NA,NA,NA,NA,NA,NA,NA,NA,NA,NA,NA,NA,NA,NA,NA
"329",NA,NA,1,1,1,1,NA,NA,NA,1,1,1,0,0,NA,0,0,0,NA,NA,NA,0,NA,NA,NA,0,0,0,NA,NA,0,0,0,NA,0,0,0,0,NA,0,0,NA,NA,0,NA,0,0,0,0,0,NA,0,NA,NA,NA,NA,NA,NA,NA,NA,NA,NA,NA,NA,NA,NA,NA,NA,NA,NA,NA,NA,NA,NA,NA,NA,NA,NA,NA,NA,NA,NA,NA,NA,NA,NA,NA
"330",NA,NA,1,1,1,NA,NA,NA,1,0,0,0,0,0,NA,0,0,0,NA,NA,NA,0,NA,NA,NA,0,0,0,NA,NA,0,0,0,NA,0,0,0,0,NA,0,0,NA,NA,0,NA,0,0,0,0,0,NA,0,NA,NA,NA,NA,NA,NA,NA,NA,NA,NA,NA,NA,NA,NA,NA,NA,NA,NA,NA,NA,NA,NA,NA,NA,NA,NA,NA,NA,NA,NA,NA,NA,NA,NA,NA
"331",NA,NA,1,1,NA,1,NA,1,NA,1,1,1,0,0,0,0,0,0,NA,NA,NA,0,NA,NA,NA,0,0,0,NA,NA,0,0,0,NA,0,0,0,0,NA,0,0,NA,NA,0,NA,0,0,0,0,0,NA,0,NA,NA,NA,NA,NA,NA,NA,NA,NA,NA,NA,NA,NA,NA,NA,NA,NA,NA,NA,NA,NA,NA,NA,NA,NA,NA,NA,NA,NA,NA,NA,NA,NA,NA,NA
"332",NA,NA,NA,NA,NA,NA,1,0,0,0,0,0,NA,0,NA,0,0,NA,0,0,0,NA,NA,NA,0,NA,NA,0,NA,0,NA,NA,NA,NA,0,0,NA,0,0,0,NA,0,0,NA,NA,NA,0,NA,NA,0,0,NA,0,NA,NA,NA,NA,NA,NA,NA,NA,NA,NA,NA,NA,NA,NA,NA,NA,NA,NA,NA,NA,NA,NA,NA,NA,NA,NA,NA,NA,NA,NA,NA,NA,NA,NA
"333",NA,NA,1,1,NA,1,NA,1,NA,1,1,1,0,0,NA,0,0,0,NA,NA,NA,0,NA,NA,NA,0,0,0,NA,NA,0,0,0,NA,0,0,0,0,NA,0,0,NA,NA,0,NA,0,0,0,0,0,NA,0,NA,NA,NA,NA,NA,NA,NA,NA,NA,NA,NA,NA,NA,NA,NA,NA,NA,NA,NA,NA,NA,NA,NA,NA,NA,NA,NA,NA,NA,NA,NA,NA,NA,NA,NA
"334",NA,NA,NA,NA,NA,NA,0,0,0,0,0,0,NA,0,NA,0,0,NA,NA,NA,0,NA,NA,NA,0,NA,0,0,NA,0,NA,NA,NA,0,0,0,NA,NA,0,0,NA,0,0,NA,NA,NA,0,NA,NA,0,0,NA,NA,NA,NA,NA,NA,NA,NA,NA,NA,NA,NA,NA,NA,NA,NA,NA,NA,NA,NA,NA,NA,NA,NA,NA,NA,NA,NA,NA,NA,NA,NA,NA,NA,NA,NA
"335",NA,NA,NA,NA,NA,NA,1,0,0,0,0,0,NA,0,NA,0,0,NA,NA,NA,0,NA,NA,NA,NA,NA,NA,0,0,0,NA,0,NA,NA,0,0,NA,NA,0,0,NA,0,0,NA,NA,0,0,0,NA,0,NA,NA,NA,NA,NA,NA,NA,NA,NA,NA,NA,NA,NA,NA,NA,NA,NA,NA,NA,NA,NA,NA,NA,NA,NA,NA,NA,NA,NA,NA,NA,NA,NA,NA,NA,NA,NA
"336",NA,NA,NA,NA,NA,NA,1,0,0,0,0,0,NA,0,NA,0,0,NA,NA,NA,0,NA,NA,NA,0,NA,NA,0,0,0,NA,NA,NA,0,0,0,NA,NA,0,0,NA,0,0,NA,NA,NA,0,NA,NA,0,0,NA,NA,NA,NA,NA,NA,NA,NA,NA,NA,NA,NA,NA,NA,NA,NA,NA,NA,NA,NA,NA,NA,NA,NA,NA,NA,NA,NA,NA,NA,NA,NA,NA,NA,NA,NA
"337",NA,NA,NA,0,NA,NA,NA,0,0,0,0,0,NA,0,NA,0,0,NA,NA,0,0,NA,NA,NA,0,NA,0,0,NA,0,NA,NA,NA,NA,0,0,0,0,0,0,NA,NA,0,NA,NA,NA,0,NA,NA,0,0,NA,0,NA,NA,NA,NA,NA,NA,NA,NA,NA,NA,NA,NA,NA,NA,NA,NA,NA,NA,NA,NA,NA,NA,NA,NA,NA,NA,NA,NA,NA,NA,NA,NA,NA,NA
"338",NA,NA,NA,NA,NA,NA,0,0,0,0,0,0,NA,0,NA,0,0,NA,NA,0,0,NA,NA,NA,0,NA,NA,0,NA,0,NA,0,NA,NA,0,0,NA,0,0,0,NA,0,0,NA,NA,NA,0,NA,NA,0,0,NA,0,NA,NA,NA,NA,NA,NA,NA,NA,NA,NA,NA,NA,NA,NA,NA,NA,NA,NA,NA,NA,NA,NA,NA,NA,NA,NA,NA,NA,NA,NA,NA,NA,NA,NA
"339",NA,NA,NA,NA,NA,NA,0,0,0,0,0,0,NA,0,NA,0,0,NA,NA,0,0,NA,NA,NA,0,NA,NA,0,NA,0,NA,NA,NA,NA,0,0,NA,0,0,0,NA,0,0,NA,NA,NA,0,NA,NA,0,0,NA,0,NA,NA,NA,NA,NA,NA,NA,NA,NA,NA,NA,NA,NA,NA,NA,NA,NA,NA,NA,NA,NA,NA,NA,NA,NA,NA,NA,NA,NA,NA,NA,NA,NA,NA
"340",NA,NA,NA,0,NA,NA,NA,0,0,0,0,0,NA,0,NA,0,0,NA,NA,0,0,NA,NA,NA,0,NA,NA,0,NA,0,NA,NA,NA,NA,0,0,0,0,0,0,NA,NA,0,NA,NA,NA,0,NA,NA,0,0,NA,0,NA,NA,NA,NA,NA,NA,NA,NA,NA,NA,NA,NA,NA,NA,NA,NA,NA,NA,NA,NA,NA,NA,NA,NA,NA,NA,NA,NA,NA,NA,NA,NA,NA,NA
"341",1,1,0.996875,0.987654320987654,0.872727272727273,0.827586206896552,0.75,0.738461538461539,0.705882352941177,0.658823529411765,0.658823529411765,0.658823529411765,0.5,0.470588235294118,0,0,0,0,0,0,0,0,0,0,0,0,0,0,0,0,0,0,0,0,0,0,0,0,0,0,0,0,0,0,0,0,0,0,0,0,0,0,0,NA,NA,NA,NA,NA,NA,NA,NA,NA,NA,NA,NA,NA,NA,NA,NA,NA,NA,NA,NA,NA,NA,NA,NA,NA,NA,NA,NA,NA,NA,NA,NA,NA,NA
"342",0.470588235294118,0.470588235294118,0.941176470588235,0.952941176470588,0.323529411764706,0.341176470588235,0.0470588235294118,0.382352941176471,0.4,1,1,1,0.941176470588235,1,0.470588235294118,1,1,0.941176470588235,0.0235294117647059,0.0235294117647059,0.0588235294117647,0.941176470588235,0.470588235294118,0.470588235294118,0.038235294117647,0.941176470588235,0.970588235294118,1,0.0235294117647059,0.0588235294117647,0.941176470588235,0.970588235294118,0.941176470588235,0.0147058823529411,1,1,0.95,0.964705882352941,0.0588235294117647,1,0.941176470588235,0.0470588235294118,0.0588235294117647,0.941176470588235,0.470588235294118,0.961764705882353,1,0.961764705882353,0.941176470588235,1,0.038235294117647,0.941176470588235,0.0235294117647059,0,0,0,0,0,0,0,0,0,0,0,0,0,0,0,0,0,0,0,0,0,0,0,0,0,0,0,0,0,0,0,0,0,0
