"","crp","cspA","fis","cra","hns","phoB","fnr","arcA","leuO","bglJ","rhaS","zraR","asnC","dnaA","metR","cusR","puuR","yiaJ","putA","melR","araC","yqjI","malI","idnR","mraZ","pdeL","purR","prpR","fucR","tdcA","lsrR","glcC","hyfR","yeiL","nikR","aidB","rbsR","betI","lldR","dcuR","metJ","adiY","flhC","ptsG","rhaR","galR","mlc","pdhR","srlR","mazE","uxuR","argP","nac","gutM","glnG","marR","hdfR","stpA","csgD","yjjQ","mlrA","soxR","oxyR","rob","narL","ompR","marA","lrp","soxS","fur","rcsB","cadC","nhaR","dpiA","flhD","fhlA","xylR","galS","exuR","mazF","evgA","ydeO","gadW","gadX","fliZ","gadE","rcsA"
"1",NA,NA,0,NA,0,1,0,0,0,0,1,NA,0,0,0,0,0,0,NA,0,0,0,0,NA,0,0,0,NA,0,NA,NA,0,0,NA,0,0,0,0,0,NA,0,NA,NA,NA,0,0,0,0,NA,NA,0,0,0,0,0,0,NA,0,NA,0,0,NA,0,0,NA,NA,NA,0,0,NA,NA,NA,NA,NA,NA,NA,NA,NA,NA,NA,NA,NA,NA,NA,NA,NA,NA
"2",NA,NA,1,0,NA,NA,0,1,NA,0,1,NA,0,0,0,0,0,0,NA,0,0,0,0,NA,0,NA,0,0,0,NA,NA,0,0,NA,0,0,0,0,0,NA,0,NA,NA,NA,0,0,0,NA,NA,NA,0,NA,0,0,0,0,NA,0,NA,0,0,NA,0,0,NA,NA,NA,0,0,NA,NA,NA,NA,NA,NA,NA,NA,NA,NA,NA,NA,NA,NA,NA,NA,NA,NA
"3",1,NA,1,1,1,NA,NA,NA,0,0,0,0,0,0,0,0,NA,0,0,0,0,0,0,0,0,NA,NA,0,0,0,0,0,0,0,0,0,0,0,0,0,NA,NA,NA,0,0,0,NA,0,0,0,0,NA,0,0,0,NA,NA,0,0,0,0,NA,0,0,0,0,0,0,NA,0,NA,NA,NA,NA,NA,NA,NA,NA,NA,NA,NA,NA,NA,NA,NA,NA,NA
"4",1,1,1,1,0,NA,1,0,0,0,0,0,0,0,0,0,0,0,0,0,0,0,0,0,0,NA,NA,0,0,0,0,0,0,NA,0,0,0,0,0,0,NA,0,NA,0,0,0,NA,0,0,0,0,NA,0,0,0,NA,0,0,0,0,0,NA,0,0,NA,0,0,0,NA,0,0,NA,NA,NA,NA,NA,NA,NA,NA,NA,NA,NA,NA,NA,NA,NA,NA
"5",1,NA,1,1,1,NA,1,0,0,0,0,0,0,0,0,0,0,0,0,0,0,0,0,0,0,NA,NA,0,0,0,0,0,0,NA,0,0,0,0,0,0,NA,NA,NA,0,0,0,NA,0,0,0,0,NA,0,0,0,NA,NA,0,NA,0,0,NA,0,0,NA,0,0,0,NA,0,NA,NA,NA,NA,NA,NA,NA,NA,NA,NA,NA,NA,NA,NA,NA,NA,NA
"6",1,1,1,1,0,NA,0,NA,0,0,0,0,0,0,0,0,0,0,0,0,0,0,0,0,0,NA,NA,0,0,0,0,0,0,0,NA,0,0,0,0,NA,NA,0,NA,0,0,0,NA,0,0,0,0,NA,0,0,0,NA,0,0,0,0,0,NA,0,0,0,0,0,0,NA,0,0,NA,NA,NA,NA,NA,NA,NA,NA,NA,NA,NA,NA,NA,NA,NA,NA
"7",1,1,1,1,0,NA,NA,NA,0,0,0,0,0,0,0,0,NA,0,0,0,0,0,0,0,0,NA,NA,0,0,0,0,0,0,0,0,0,0,0,0,0,NA,0,NA,0,0,0,NA,0,0,0,0,NA,0,0,0,NA,0,0,0,0,0,NA,0,0,0,0,0,0,NA,0,0,NA,NA,NA,NA,NA,NA,NA,NA,NA,NA,NA,NA,NA,NA,NA,NA
"8",1,0,0,1,NA,NA,0,NA,0,0,0,0,0,0,0,0,0,0,0,0,0,0,0,0,0,NA,NA,0,0,0,0,0,0,0,NA,0,0,0,0,NA,NA,0,NA,0,0,0,NA,0,0,0,0,NA,0,0,0,NA,0,0,NA,0,0,NA,0,0,0,0,0,0,NA,0,0,NA,NA,NA,NA,NA,NA,NA,NA,NA,NA,NA,NA,NA,NA,NA,NA
"9",1,NA,1,1,1,NA,1,0,0,0,0,0,0,0,0,0,0,0,0,0,0,0,0,0,0,NA,NA,0,0,0,0,0,0,NA,0,0,0,0,0,0,NA,NA,NA,0,NA,0,NA,0,0,0,0,NA,0,0,0,NA,NA,0,0,0,0,NA,0,0,NA,0,0,0,NA,0,NA,NA,NA,NA,NA,NA,NA,NA,NA,NA,NA,NA,NA,NA,NA,NA,NA
"10",1,1,1,1,0,NA,1,0,0,0,0,NA,0,0,0,0,0,0,0,0,0,0,0,0,0,NA,NA,0,0,0,0,0,0,NA,0,0,0,0,0,0,NA,0,NA,0,0,0,NA,0,0,0,0,NA,0,0,0,NA,0,0,0,0,0,NA,0,0,NA,0,0,0,NA,0,0,NA,NA,NA,NA,NA,NA,NA,NA,NA,NA,NA,NA,NA,NA,NA,NA
"11",1,NA,1,1,1,NA,1,0,0,0,0,NA,0,0,0,0,0,0,0,0,0,0,0,0,0,NA,NA,0,0,0,0,0,0,NA,0,0,0,0,0,0,NA,NA,NA,0,0,0,NA,0,0,0,0,NA,0,0,0,NA,NA,0,0,0,0,NA,0,0,NA,0,0,0,NA,0,NA,NA,NA,NA,NA,NA,NA,NA,NA,NA,NA,NA,NA,NA,NA,NA,NA
"12",1,NA,1,1,1,NA,1,0,0,0,0,0,0,0,0,0,0,0,0,0,0,0,0,NA,0,NA,NA,0,0,0,0,0,0,NA,0,0,0,0,0,0,NA,NA,NA,0,0,0,NA,0,0,0,0,NA,0,0,0,NA,NA,0,0,0,0,NA,0,0,NA,0,0,0,NA,0,NA,NA,NA,NA,NA,NA,NA,NA,NA,NA,NA,NA,NA,NA,NA,NA,NA
"13",1,0,0,1,NA,NA,1,0,0,0,0,NA,0,0,0,0,0,0,0,0,0,0,0,0,0,NA,NA,0,0,0,0,0,0,NA,0,0,0,0,0,0,NA,0,NA,0,0,0,NA,0,0,0,0,NA,0,0,0,NA,0,0,0,0,0,NA,0,0,NA,0,0,0,NA,0,0,NA,NA,NA,NA,NA,NA,NA,NA,NA,NA,NA,NA,NA,NA,NA,NA
"14",1,NA,1,1,1,NA,1,0,0,0,0,0,0,0,0,0,0,0,0,0,0,0,0,0,0,NA,NA,0,0,0,0,0,0,NA,0,0,0,0,0,0,NA,NA,NA,0,NA,0,NA,0,0,0,0,NA,0,0,0,NA,NA,0,NA,0,0,NA,0,0,NA,0,0,0,NA,0,NA,NA,NA,NA,NA,NA,NA,NA,NA,NA,NA,NA,NA,NA,NA,NA,NA
"15",1,0,0,1,NA,NA,1,0,0,0,0,0,0,0,0,0,0,0,0,0,0,0,0,NA,0,NA,NA,0,0,0,0,0,0,NA,0,0,0,0,0,0,NA,0,NA,0,0,0,NA,0,0,0,0,NA,0,0,0,NA,0,0,0,0,0,NA,0,0,NA,0,0,0,NA,0,0,NA,NA,NA,NA,NA,NA,NA,NA,NA,NA,NA,NA,NA,NA,NA,NA
"16",1,NA,1,1,1,NA,1,0,0,0,0,NA,0,0,0,0,0,0,0,0,0,0,0,0,0,NA,NA,0,0,0,0,0,0,NA,0,0,0,0,0,0,NA,NA,NA,0,NA,0,NA,0,0,0,0,NA,0,0,0,NA,NA,0,0,0,0,NA,0,0,NA,0,0,0,NA,0,NA,NA,NA,NA,NA,NA,NA,NA,NA,NA,NA,NA,NA,NA,NA,NA,NA
"17",1,NA,1,1,NA,NA,1,0,NA,0,0,0,0,0,0,0,0,0,0,0,0,0,0,0,0,NA,NA,0,0,0,0,0,0,NA,0,0,0,0,0,0,NA,NA,0,0,NA,0,NA,0,0,0,0,NA,0,0,0,NA,NA,0,0,0,0,NA,0,0,NA,0,0,0,NA,0,NA,NA,NA,NA,NA,NA,NA,NA,NA,NA,NA,NA,NA,NA,NA,NA,NA
"18",1,NA,1,1,1,NA,0,NA,0,0,0,NA,0,0,0,0,0,0,0,0,0,0,0,0,0,NA,NA,0,0,0,0,0,0,0,NA,0,0,0,0,NA,NA,NA,NA,0,0,0,NA,0,0,0,0,NA,0,0,0,NA,NA,0,0,0,0,NA,0,0,0,0,0,0,NA,0,NA,NA,NA,NA,NA,NA,NA,NA,NA,NA,NA,NA,NA,NA,NA,NA,NA
"19",1,NA,1,1,1,NA,0,NA,0,0,0,0,0,0,0,0,0,0,0,0,0,0,0,NA,0,NA,NA,0,0,0,0,0,0,0,NA,0,0,0,0,NA,NA,NA,NA,0,0,0,NA,0,0,0,0,NA,0,0,0,NA,NA,0,0,0,0,NA,0,0,0,0,0,0,NA,0,NA,NA,NA,NA,NA,NA,NA,NA,NA,NA,NA,NA,NA,NA,NA,NA,NA
"20",1,NA,1,1,1,NA,0,NA,0,0,0,NA,0,0,0,0,0,0,0,0,0,0,0,0,0,NA,NA,0,0,0,0,0,0,0,NA,0,0,0,0,NA,NA,NA,NA,0,NA,0,NA,0,0,0,0,NA,0,0,0,NA,NA,0,0,0,0,NA,0,0,0,0,0,0,NA,0,NA,NA,NA,NA,NA,NA,NA,NA,NA,NA,NA,NA,NA,NA,NA,NA,NA
"21",1,NA,1,1,1,NA,0,NA,0,0,0,NA,0,0,0,0,0,0,0,0,0,0,0,NA,0,NA,NA,0,0,0,0,0,0,0,NA,0,0,0,0,NA,NA,NA,NA,0,0,0,NA,0,0,0,0,NA,0,0,0,NA,NA,0,0,0,0,NA,0,0,0,0,0,0,NA,0,NA,NA,NA,NA,NA,NA,NA,NA,NA,NA,NA,NA,NA,NA,NA,NA,NA
"22",1,NA,1,1,1,NA,0,NA,0,0,0,0,0,0,0,NA,0,0,0,0,0,0,0,0,0,NA,NA,0,0,0,0,0,0,0,NA,0,0,0,0,NA,NA,NA,NA,0,0,0,NA,0,0,0,0,NA,0,0,0,NA,NA,0,0,0,0,NA,0,0,0,0,0,0,NA,0,NA,NA,NA,NA,NA,NA,NA,NA,NA,NA,NA,NA,NA,NA,NA,NA,NA
"23",1,NA,1,1,1,NA,0,NA,0,0,0,0,0,0,0,0,0,0,0,0,0,0,0,0,0,NA,NA,0,0,NA,0,0,0,0,NA,0,0,0,0,NA,NA,NA,NA,0,0,0,NA,0,0,0,0,NA,0,0,0,NA,NA,0,0,0,0,NA,0,0,0,0,0,0,NA,0,NA,NA,NA,NA,NA,NA,NA,NA,NA,NA,NA,NA,NA,NA,NA,NA,NA
"24",1,NA,1,1,1,NA,0,NA,0,0,0,NA,0,0,0,NA,0,0,0,0,0,0,0,0,0,NA,NA,0,0,0,0,0,0,0,NA,0,0,0,0,NA,NA,NA,NA,0,0,0,NA,0,0,0,0,NA,0,0,0,NA,NA,0,0,0,0,NA,0,0,0,0,0,0,NA,0,NA,NA,NA,NA,NA,NA,NA,NA,NA,NA,NA,NA,NA,NA,NA,NA,NA
"25",1,NA,1,1,1,NA,0,NA,0,0,0,0,0,0,0,0,0,0,0,0,0,0,0,NA,0,NA,NA,0,0,0,0,0,0,0,NA,0,0,0,0,NA,NA,NA,NA,0,NA,0,NA,0,0,0,0,NA,0,0,0,NA,NA,0,0,0,0,NA,0,0,0,0,0,0,NA,0,NA,NA,NA,NA,NA,NA,NA,NA,NA,NA,NA,NA,NA,NA,NA,NA,NA
"26",1,NA,1,1,1,NA,0,NA,0,0,0,NA,0,0,0,0,0,0,0,0,0,0,0,0,0,NA,NA,0,0,NA,0,0,0,0,NA,0,0,0,0,NA,NA,NA,NA,0,0,0,NA,0,0,0,0,NA,0,0,0,NA,NA,0,0,0,0,NA,0,0,0,0,0,0,NA,0,NA,NA,NA,NA,NA,NA,NA,NA,NA,NA,NA,NA,NA,NA,NA,NA,NA
"27",1,NA,1,1,1,NA,NA,NA,0,0,0,0,0,0,0,0,NA,0,0,0,0,0,0,0,0,NA,NA,0,0,0,0,0,0,0,0,0,0,0,0,0,NA,NA,NA,0,NA,0,NA,0,0,0,0,NA,0,0,0,NA,NA,0,0,0,0,NA,0,0,0,0,0,0,NA,0,NA,NA,NA,NA,NA,NA,NA,NA,NA,NA,NA,NA,NA,NA,NA,NA,NA
"28",NA,NA,0,NA,1,1,NA,0,1,1,1,NA,0,0,0,0,0,0,NA,0,0,0,0,NA,0,0,0,NA,0,NA,NA,0,0,NA,0,0,0,0,0,NA,0,NA,NA,NA,0,0,0,0,NA,NA,0,0,0,0,0,0,NA,0,NA,0,0,NA,0,0,NA,NA,NA,0,NA,NA,NA,NA,NA,NA,NA,NA,NA,NA,NA,NA,NA,NA,NA,NA,NA,NA,NA
"29",NA,NA,0,NA,1,1,NA,0,1,1,0,NA,0,0,0,0,0,0,NA,0,0,0,0,NA,0,0,0,NA,0,NA,NA,0,0,NA,0,0,0,0,0,NA,0,NA,NA,NA,NA,0,0,0,NA,NA,0,0,0,0,0,0,NA,0,NA,0,0,NA,0,0,NA,NA,NA,0,NA,NA,NA,NA,NA,NA,NA,NA,NA,NA,NA,NA,NA,NA,NA,NA,NA,NA,NA
"30",NA,NA,0,NA,0,0,0,0,0,0,1,NA,0,0,0,0,0,0,NA,0,0,0,0,NA,0,NA,0,NA,0,NA,NA,0,0,NA,0,0,0,0,0,NA,0,NA,NA,NA,0,0,0,0,NA,NA,0,0,0,0,0,0,NA,0,NA,0,0,NA,0,0,NA,NA,NA,0,0,NA,NA,NA,NA,NA,NA,NA,NA,NA,NA,NA,NA,NA,NA,NA,NA,NA,NA
"31",NA,NA,0,NA,0,1,0,0,0,0,0,NA,0,0,0,0,0,0,NA,0,0,0,0,NA,0,0,0,NA,0,NA,NA,0,0,NA,0,0,0,0,0,NA,0,NA,NA,NA,NA,0,0,0,NA,NA,0,0,0,0,0,0,NA,0,NA,0,0,NA,0,0,NA,NA,NA,0,0,NA,NA,NA,NA,NA,NA,NA,NA,NA,NA,NA,NA,NA,NA,NA,NA,NA,NA
"32",1,NA,1,1,1,NA,0,NA,0,0,0,0,0,0,0,NA,0,0,0,0,0,0,0,NA,0,NA,NA,0,0,0,0,0,0,0,NA,0,0,0,0,NA,NA,NA,NA,0,0,0,NA,0,0,0,0,NA,0,0,0,NA,NA,0,0,0,0,NA,0,0,0,0,0,0,NA,0,NA,NA,NA,NA,NA,NA,NA,NA,NA,NA,NA,NA,NA,NA,NA,NA,NA
"33",1,NA,1,1,1,NA,0,NA,0,0,0,0,0,0,0,0,0,0,0,0,0,0,0,NA,0,NA,NA,0,0,NA,0,0,0,0,NA,0,0,0,0,NA,NA,NA,NA,0,0,0,NA,0,0,0,0,NA,0,0,0,NA,NA,0,0,0,0,NA,0,0,0,0,0,0,NA,0,NA,NA,NA,NA,NA,NA,NA,NA,NA,NA,NA,NA,NA,NA,NA,NA,NA
"34",1,NA,1,1,1,NA,0,NA,0,0,0,NA,0,0,0,0,0,0,0,0,0,0,0,NA,0,NA,NA,0,0,NA,0,0,0,0,NA,0,0,0,0,NA,NA,NA,NA,0,0,0,NA,0,0,0,0,NA,0,0,0,NA,NA,0,0,0,0,NA,0,0,0,0,0,0,NA,0,NA,NA,NA,NA,NA,NA,NA,NA,NA,NA,NA,NA,NA,NA,NA,NA,NA
"35",1,NA,1,1,1,NA,0,NA,0,0,0,0,0,0,0,0,0,0,0,0,0,0,0,0,0,NA,NA,0,0,0,0,0,0,0,NA,0,0,0,0,NA,NA,NA,NA,0,0,0,NA,0,0,0,0,NA,0,0,0,NA,NA,0,NA,0,0,NA,0,0,0,0,0,0,NA,0,NA,NA,NA,NA,NA,NA,NA,NA,NA,NA,NA,NA,NA,NA,NA,NA,NA
"36",1,NA,1,1,1,NA,0,NA,0,0,0,NA,0,0,0,NA,0,0,0,0,0,0,0,NA,0,NA,NA,0,0,0,0,0,0,0,NA,0,0,0,0,NA,NA,NA,NA,0,0,0,NA,0,0,0,0,NA,0,0,0,NA,NA,0,0,0,0,NA,0,0,0,0,0,0,NA,0,NA,NA,NA,NA,NA,NA,NA,NA,NA,NA,NA,NA,NA,NA,NA,NA,NA
"37",NA,NA,0,NA,0,0,0,0,0,0,0,NA,0,0,0,0,0,0,NA,0,0,0,0,NA,0,NA,0,NA,0,NA,NA,0,0,NA,0,0,0,0,0,NA,0,NA,NA,NA,NA,0,0,0,NA,NA,0,0,0,0,0,0,NA,0,NA,0,0,NA,0,0,NA,NA,NA,0,0,NA,NA,NA,NA,NA,NA,NA,NA,NA,NA,NA,NA,NA,NA,NA,NA,NA,NA
"38",NA,NA,0,NA,0,1,0,0,0,0,NA,NA,0,0,0,0,0,0,NA,0,0,0,0,NA,0,0,0,NA,0,NA,NA,0,0,NA,0,0,0,0,0,NA,0,NA,NA,NA,NA,0,0,0,NA,NA,0,0,0,0,0,0,NA,0,NA,0,0,NA,0,0,NA,NA,NA,0,0,NA,NA,NA,NA,NA,NA,NA,NA,NA,NA,NA,NA,NA,NA,NA,NA,NA,NA
"39",NA,NA,0,NA,0,1,0,0,0,0,1,NA,0,0,0,0,0,0,NA,0,0,0,0,NA,0,0,0,NA,NA,NA,NA,0,0,NA,0,0,0,0,0,NA,0,NA,NA,NA,0,0,0,0,NA,NA,0,0,0,0,0,0,NA,0,NA,0,0,NA,0,0,NA,NA,NA,0,0,NA,NA,NA,NA,NA,NA,NA,NA,NA,NA,NA,NA,NA,NA,NA,NA,NA,NA
"40",NA,NA,1,NA,NA,0,NA,NA,NA,1,1,NA,0,0,0,0,0,0,NA,0,0,0,0,NA,0,NA,0,NA,0,NA,NA,0,0,0,0,0,0,0,0,NA,0,NA,NA,NA,0,0,0,0,NA,NA,0,0,0,0,0,0,NA,0,NA,0,0,0,0,0,0,NA,NA,0,NA,NA,NA,NA,NA,NA,NA,NA,NA,NA,NA,NA,NA,NA,NA,NA,NA,NA,NA
"41",NA,NA,0,NA,0,1,0,0,0,0,1,NA,0,0,0,0,0,0,NA,NA,0,0,0,NA,0,0,0,NA,0,NA,NA,0,0,NA,0,0,0,0,0,NA,0,NA,NA,NA,0,0,0,0,NA,NA,0,0,0,0,0,0,NA,0,NA,0,0,NA,0,0,NA,NA,NA,0,0,NA,NA,NA,NA,NA,NA,NA,NA,NA,NA,NA,NA,NA,NA,NA,NA,NA,NA
"42",NA,NA,0,NA,0,1,0,0,0,0,0,NA,0,0,0,0,0,0,NA,0,0,0,0,NA,0,0,0,NA,NA,NA,NA,0,0,NA,0,0,0,0,0,NA,0,NA,NA,NA,NA,0,0,0,NA,NA,0,0,0,0,0,0,NA,0,NA,0,0,NA,0,0,NA,NA,NA,0,0,NA,NA,NA,NA,NA,NA,NA,NA,NA,NA,NA,NA,NA,NA,NA,NA,NA,NA
"43",NA,NA,0,NA,0,0,0,0,0,0,1,NA,0,0,0,0,0,0,NA,NA,0,0,0,NA,0,NA,0,NA,0,NA,NA,0,0,NA,0,0,0,0,0,NA,0,NA,NA,NA,0,0,0,0,NA,NA,0,0,0,0,0,0,NA,0,NA,0,0,NA,0,0,NA,NA,NA,0,0,NA,NA,NA,NA,NA,NA,NA,NA,NA,NA,NA,NA,NA,NA,NA,NA,NA,NA
"44",NA,NA,0,NA,0,0,0,0,0,0,1,NA,0,0,0,0,0,0,NA,0,0,0,0,NA,0,NA,0,NA,NA,NA,NA,0,0,NA,0,0,0,0,0,NA,0,NA,NA,NA,0,0,0,0,NA,NA,0,0,0,0,0,0,NA,0,NA,0,0,NA,0,0,NA,NA,NA,0,0,NA,NA,NA,NA,NA,NA,NA,NA,NA,NA,NA,NA,NA,NA,NA,NA,NA,NA
"45",NA,NA,0,NA,0,1,0,0,0,0,1,NA,0,0,0,0,0,0,NA,NA,0,0,0,NA,0,0,0,NA,NA,NA,NA,0,0,NA,0,0,0,0,0,NA,0,NA,NA,NA,0,0,0,0,NA,NA,0,0,0,0,0,0,NA,0,NA,0,0,NA,0,0,NA,NA,NA,0,0,NA,NA,NA,NA,NA,NA,NA,NA,NA,NA,NA,NA,NA,NA,NA,NA,NA,NA
"46",NA,NA,0,NA,1,1,NA,0,1,1,1,NA,0,0,0,0,0,0,NA,NA,0,0,0,NA,0,0,0,NA,0,NA,NA,0,0,NA,0,0,0,0,0,NA,0,NA,NA,NA,0,0,0,0,NA,NA,0,0,0,0,0,0,NA,0,NA,0,0,NA,0,0,NA,NA,NA,0,NA,NA,NA,NA,NA,NA,NA,NA,NA,NA,NA,NA,NA,NA,NA,NA,NA,NA,NA
"47",NA,NA,0,NA,1,0,NA,0,1,1,1,NA,0,0,0,0,0,0,NA,NA,0,0,0,NA,0,NA,0,NA,0,NA,NA,0,0,NA,0,0,0,0,0,NA,0,NA,NA,NA,0,0,0,0,NA,NA,0,0,0,0,0,0,NA,0,NA,0,0,NA,0,0,NA,NA,NA,0,NA,NA,NA,NA,NA,NA,NA,NA,NA,NA,NA,NA,NA,NA,NA,NA,NA,NA,NA
"48",NA,NA,0,NA,1,1,NA,0,1,1,1,NA,0,0,0,0,0,0,NA,0,0,0,0,NA,0,0,0,NA,NA,NA,NA,0,0,NA,0,0,0,0,0,NA,0,NA,NA,NA,0,0,0,0,NA,NA,0,0,0,0,0,0,NA,0,NA,0,0,NA,0,0,NA,NA,NA,0,NA,NA,NA,NA,NA,NA,NA,NA,NA,NA,NA,NA,NA,NA,NA,NA,NA,NA,NA
"49",NA,NA,0,NA,0,0,0,0,0,0,1,NA,0,0,0,0,0,0,NA,NA,0,0,0,NA,0,NA,0,NA,NA,NA,NA,0,0,NA,0,0,0,0,0,NA,0,NA,NA,NA,0,0,0,0,NA,NA,0,0,0,0,0,0,NA,0,NA,0,0,NA,0,0,NA,NA,NA,0,0,NA,NA,NA,NA,NA,NA,NA,NA,NA,NA,NA,NA,NA,NA,NA,NA,NA,NA
"50",NA,NA,0,NA,1,1,NA,0,1,1,1,NA,0,0,0,0,0,0,NA,NA,0,0,0,NA,0,0,0,NA,NA,NA,NA,0,0,NA,0,0,0,0,0,NA,0,NA,NA,NA,0,0,0,0,NA,NA,0,0,0,0,0,0,NA,0,NA,0,0,NA,0,0,NA,NA,NA,0,NA,NA,NA,NA,NA,NA,NA,NA,NA,NA,NA,NA,NA,NA,NA,NA,NA,NA,NA
"51",NA,NA,0,NA,1,0,NA,0,1,1,1,NA,0,0,0,0,0,0,NA,0,0,0,0,NA,0,NA,0,NA,NA,NA,NA,0,0,NA,0,0,0,0,0,NA,0,NA,NA,NA,0,0,0,0,NA,NA,0,0,0,0,0,0,NA,0,NA,0,0,NA,0,0,NA,NA,NA,0,NA,NA,NA,NA,NA,NA,NA,NA,NA,NA,NA,NA,NA,NA,NA,NA,NA,NA,NA
"52",NA,NA,0,NA,1,0,NA,0,1,1,1,NA,0,0,0,0,0,0,NA,NA,0,0,0,NA,0,NA,0,NA,NA,NA,NA,0,0,NA,0,0,0,0,0,NA,0,NA,NA,NA,0,0,0,0,NA,NA,0,0,0,0,0,0,NA,0,NA,0,0,NA,0,0,NA,NA,NA,0,NA,NA,NA,NA,NA,NA,NA,NA,NA,NA,NA,NA,NA,NA,NA,NA,NA,NA,NA
"53",NA,NA,0,NA,0,0,0,0,0,0,NA,NA,0,0,0,0,0,0,NA,0,0,0,0,NA,0,NA,0,NA,0,NA,NA,0,0,NA,0,0,0,0,0,NA,0,NA,NA,NA,NA,0,0,0,NA,NA,0,0,0,0,0,0,NA,0,NA,0,0,NA,0,0,NA,NA,NA,0,0,NA,NA,NA,NA,NA,NA,NA,NA,NA,NA,NA,NA,NA,NA,NA,NA,NA,NA
"54",NA,NA,0,NA,0,1,0,0,0,0,0,NA,0,0,0,0,0,0,NA,NA,0,0,0,NA,0,0,0,NA,0,NA,NA,0,0,NA,0,0,0,0,0,NA,0,NA,NA,NA,NA,0,0,0,NA,NA,0,0,0,0,0,0,NA,0,NA,0,0,NA,0,0,NA,NA,NA,0,0,NA,NA,NA,NA,NA,NA,NA,NA,NA,NA,NA,NA,NA,NA,NA,NA,NA,NA
"55",NA,NA,0,NA,0,1,0,0,0,0,NA,NA,0,0,0,0,0,0,NA,NA,0,0,0,NA,0,0,0,NA,0,NA,NA,0,0,NA,0,0,0,0,0,NA,0,NA,NA,NA,NA,0,0,0,NA,NA,0,0,0,0,0,0,NA,0,NA,0,0,NA,0,0,NA,NA,NA,0,0,NA,NA,NA,NA,NA,NA,NA,NA,NA,NA,NA,NA,NA,NA,NA,NA,NA,NA
"56",NA,NA,0,NA,0,0,0,0,0,0,0,NA,0,0,0,0,0,0,NA,NA,0,0,0,NA,0,NA,0,NA,0,NA,NA,0,0,NA,0,0,0,0,0,NA,0,NA,NA,NA,NA,0,0,0,NA,NA,0,0,0,0,0,0,NA,0,NA,0,0,NA,0,0,NA,NA,NA,0,0,NA,NA,NA,NA,NA,NA,NA,NA,NA,NA,NA,NA,NA,NA,NA,NA,NA,NA
"57",NA,NA,0,NA,0,0,0,0,0,0,NA,NA,0,0,0,0,0,0,NA,NA,0,0,0,NA,0,NA,0,NA,0,NA,NA,0,0,NA,0,0,0,0,0,NA,0,NA,NA,NA,NA,0,0,0,NA,NA,0,0,0,0,0,0,NA,0,NA,0,0,NA,0,0,NA,NA,NA,0,0,NA,NA,NA,NA,NA,NA,NA,NA,NA,NA,NA,NA,NA,NA,NA,NA,NA,NA
"58",NA,NA,0,NA,1,1,NA,0,1,1,0,NA,0,0,0,0,0,0,NA,NA,0,0,0,NA,0,0,0,NA,0,NA,NA,0,0,NA,0,0,0,0,0,NA,0,NA,NA,NA,NA,0,0,0,NA,NA,0,0,0,0,0,0,NA,0,NA,0,0,NA,0,0,NA,NA,NA,0,NA,NA,NA,NA,NA,NA,NA,NA,NA,NA,NA,NA,NA,NA,NA,NA,NA,NA,NA
"59",NA,NA,0,NA,0,1,0,0,0,0,0,NA,0,0,0,0,0,0,NA,NA,0,0,0,NA,0,0,0,NA,NA,NA,NA,0,0,NA,0,0,0,0,0,NA,0,NA,NA,NA,NA,0,0,0,NA,NA,0,0,0,0,0,0,NA,0,NA,0,0,NA,0,0,NA,NA,NA,0,0,NA,NA,NA,NA,NA,NA,NA,NA,NA,NA,NA,NA,NA,NA,NA,NA,NA,NA
"60",NA,NA,0,NA,1,0,NA,0,1,1,0,NA,0,0,0,0,0,0,NA,0,0,0,0,NA,0,NA,0,NA,0,NA,NA,0,0,NA,0,0,0,0,0,NA,0,NA,NA,NA,NA,0,0,0,NA,NA,0,0,0,0,0,0,NA,0,NA,0,0,NA,0,0,NA,NA,NA,0,NA,NA,NA,NA,NA,NA,NA,NA,NA,NA,NA,NA,NA,NA,NA,NA,NA,NA,NA
"61",NA,NA,0,NA,0,1,0,0,0,0,NA,NA,0,0,0,0,0,0,NA,0,0,0,0,NA,0,0,0,NA,NA,NA,NA,0,0,NA,0,0,0,0,0,NA,0,NA,NA,NA,NA,0,0,0,NA,NA,0,0,0,0,0,0,NA,0,NA,0,0,NA,0,0,NA,NA,NA,0,0,NA,NA,NA,NA,NA,NA,NA,NA,NA,NA,NA,NA,NA,NA,NA,NA,NA,NA
"62",NA,NA,0,NA,1,1,NA,0,1,1,NA,NA,0,0,0,0,0,0,NA,0,0,0,0,NA,0,0,0,NA,0,NA,NA,0,0,NA,0,0,0,0,0,NA,0,NA,NA,NA,NA,0,0,0,NA,NA,0,0,0,0,0,0,NA,0,NA,0,0,NA,0,0,NA,NA,NA,0,NA,NA,NA,NA,NA,NA,NA,NA,NA,NA,NA,NA,NA,NA,NA,NA,NA,NA,NA
"63",NA,NA,0,NA,0,1,0,0,0,0,NA,NA,0,0,0,0,0,0,NA,NA,0,0,0,NA,0,0,0,NA,NA,NA,NA,0,0,NA,0,0,0,0,0,NA,0,NA,NA,NA,NA,0,0,0,NA,NA,0,0,0,0,0,0,NA,0,NA,0,0,NA,0,0,NA,NA,NA,0,0,NA,NA,NA,NA,NA,NA,NA,NA,NA,NA,NA,NA,NA,NA,NA,NA,NA,NA
"64",NA,NA,0,NA,1,0,NA,0,1,1,NA,NA,0,0,0,0,0,0,NA,0,0,0,0,NA,0,NA,0,NA,0,NA,NA,0,0,NA,0,0,0,0,0,NA,0,NA,NA,NA,NA,0,0,0,NA,NA,0,0,0,0,0,0,NA,0,NA,0,0,NA,0,0,NA,NA,NA,0,NA,NA,NA,NA,NA,NA,NA,NA,NA,NA,NA,NA,NA,NA,NA,NA,NA,NA,NA
"65",NA,NA,0,NA,0,0,0,0,0,0,0,NA,0,0,0,0,0,0,NA,0,0,0,0,NA,0,NA,0,NA,NA,NA,NA,0,0,NA,0,0,0,0,0,NA,0,NA,NA,NA,NA,0,0,0,NA,NA,0,0,0,0,0,0,NA,0,NA,0,0,NA,0,0,NA,NA,NA,0,0,NA,NA,NA,NA,NA,NA,NA,NA,NA,NA,NA,NA,NA,NA,NA,NA,NA,NA
"66",NA,NA,0,NA,1,0,NA,0,1,1,0,NA,0,0,0,0,0,0,NA,NA,0,0,0,NA,0,NA,0,NA,0,NA,NA,0,0,NA,0,0,0,0,0,NA,0,NA,NA,NA,NA,0,0,0,NA,NA,0,0,0,0,0,0,NA,0,NA,0,0,NA,0,0,NA,NA,NA,0,NA,NA,NA,NA,NA,NA,NA,NA,NA,NA,NA,NA,NA,NA,NA,NA,NA,NA,NA
"67",NA,NA,0,NA,0,0,0,0,0,0,NA,NA,0,0,0,0,0,0,NA,0,0,0,0,NA,0,NA,0,NA,NA,NA,NA,0,0,NA,0,0,0,0,0,NA,0,NA,NA,NA,NA,0,0,0,NA,NA,0,0,0,0,0,0,NA,0,NA,0,0,NA,0,0,NA,NA,NA,0,0,NA,NA,NA,NA,NA,NA,NA,NA,NA,NA,NA,NA,NA,NA,NA,NA,NA,NA
"68",NA,NA,0,NA,1,1,NA,0,1,1,NA,NA,0,0,0,0,0,0,NA,NA,0,0,0,NA,0,0,0,NA,0,NA,NA,0,0,NA,0,0,0,0,0,NA,0,NA,NA,NA,NA,0,0,0,NA,NA,0,0,0,0,0,0,NA,0,NA,0,0,NA,0,0,NA,NA,NA,0,NA,NA,NA,NA,NA,NA,NA,NA,NA,NA,NA,NA,NA,NA,NA,NA,NA,NA,NA
"69",NA,NA,0,NA,0,0,0,0,0,0,0,NA,0,0,0,0,0,0,NA,NA,0,0,0,NA,0,NA,0,NA,NA,NA,NA,0,0,NA,0,0,0,0,0,NA,0,NA,NA,NA,NA,0,0,0,NA,NA,0,0,0,0,0,0,NA,0,NA,0,0,NA,0,0,NA,NA,NA,0,0,NA,NA,NA,NA,NA,NA,NA,NA,NA,NA,NA,NA,NA,NA,NA,NA,NA,NA
"70",NA,NA,0,NA,1,0,NA,0,1,1,NA,NA,0,0,0,0,0,0,NA,NA,0,0,0,NA,0,NA,0,NA,0,NA,NA,0,0,NA,0,0,0,0,0,NA,0,NA,NA,NA,NA,0,0,0,NA,NA,0,0,0,0,0,0,NA,0,NA,0,0,NA,0,0,NA,NA,NA,0,NA,NA,NA,NA,NA,NA,NA,NA,NA,NA,NA,NA,NA,NA,NA,NA,NA,NA,NA
"71",NA,NA,0,NA,0,0,0,0,0,0,NA,NA,0,0,0,0,0,0,NA,NA,0,0,0,NA,0,NA,0,NA,NA,NA,NA,0,0,NA,0,0,0,0,0,NA,0,NA,NA,NA,NA,0,0,0,NA,NA,0,0,0,0,0,0,NA,0,NA,0,0,NA,0,0,NA,NA,NA,0,0,NA,NA,NA,NA,NA,NA,NA,NA,NA,NA,NA,NA,NA,NA,NA,NA,NA,NA
"72",NA,NA,0,NA,1,1,NA,0,1,1,0,NA,0,0,0,0,0,0,NA,0,0,0,0,NA,0,0,0,NA,NA,NA,NA,0,0,NA,0,0,0,0,0,NA,0,NA,NA,NA,NA,0,0,0,NA,NA,0,0,0,0,0,0,NA,0,NA,0,0,NA,0,0,NA,NA,NA,0,NA,NA,NA,NA,NA,NA,NA,NA,NA,NA,NA,NA,NA,NA,NA,NA,NA,NA,NA
"73",NA,NA,0,NA,1,0,NA,0,1,1,0,NA,0,0,0,0,0,0,NA,0,0,0,0,NA,0,NA,0,NA,NA,NA,NA,0,0,NA,0,0,0,0,0,NA,0,NA,NA,NA,NA,0,0,0,NA,NA,0,0,0,0,0,0,NA,0,NA,0,0,NA,0,0,NA,NA,NA,0,NA,NA,NA,NA,NA,NA,NA,NA,NA,NA,NA,NA,NA,NA,NA,NA,NA,NA,NA
"74",NA,NA,0,NA,1,1,NA,0,1,1,NA,NA,0,0,0,0,0,0,NA,0,0,0,0,NA,0,0,0,NA,NA,NA,NA,0,0,NA,0,0,0,0,0,NA,0,NA,NA,NA,NA,0,0,0,NA,NA,0,0,0,0,0,0,NA,0,NA,0,0,NA,0,0,NA,NA,NA,0,NA,NA,NA,NA,NA,NA,NA,NA,NA,NA,NA,NA,NA,NA,NA,NA,NA,NA,NA
"75",NA,NA,0,NA,1,0,NA,0,1,1,NA,NA,0,0,0,0,0,0,NA,0,0,0,0,NA,0,NA,0,NA,NA,NA,NA,0,0,NA,0,0,0,0,0,NA,0,NA,NA,NA,NA,0,0,0,NA,NA,0,0,0,0,0,0,NA,0,NA,0,0,NA,0,0,NA,NA,NA,0,NA,NA,NA,NA,NA,NA,NA,NA,NA,NA,NA,NA,NA,NA,NA,NA,NA,NA,NA
"76",NA,NA,0,NA,1,1,NA,0,1,1,0,NA,0,0,0,0,0,0,NA,NA,0,0,0,NA,0,0,0,NA,NA,NA,NA,0,0,NA,0,0,0,0,0,NA,0,NA,NA,NA,NA,0,0,0,NA,NA,0,0,0,0,0,0,NA,0,NA,0,0,NA,0,0,NA,NA,NA,0,NA,NA,NA,NA,NA,NA,NA,NA,NA,NA,NA,NA,NA,NA,NA,NA,NA,NA,NA
"77",NA,NA,0,NA,1,0,NA,0,1,1,0,NA,0,0,0,0,0,0,NA,NA,0,0,0,NA,0,NA,0,NA,NA,NA,NA,0,0,NA,0,0,0,0,0,NA,0,NA,NA,NA,NA,0,0,0,NA,NA,0,0,0,0,0,0,NA,0,NA,0,0,NA,0,0,NA,NA,NA,0,NA,NA,NA,NA,NA,NA,NA,NA,NA,NA,NA,NA,NA,NA,NA,NA,NA,NA,NA
"78",NA,NA,0,NA,1,1,NA,0,1,1,NA,NA,0,0,0,0,0,0,NA,NA,0,0,0,NA,0,0,0,NA,NA,NA,NA,0,0,NA,0,0,0,0,0,NA,0,NA,NA,NA,NA,0,0,0,NA,NA,0,0,0,0,0,0,NA,0,NA,0,0,NA,0,0,NA,NA,NA,0,NA,NA,NA,NA,NA,NA,NA,NA,NA,NA,NA,NA,NA,NA,NA,NA,NA,NA,NA
"79",NA,NA,0,NA,1,0,NA,0,1,1,NA,NA,0,0,0,0,0,0,NA,NA,0,0,0,NA,0,NA,0,NA,NA,NA,NA,0,0,NA,0,0,0,0,0,NA,0,NA,NA,NA,NA,0,0,0,NA,NA,0,0,0,0,0,0,NA,0,NA,0,0,NA,0,0,NA,NA,NA,0,NA,NA,NA,NA,NA,NA,NA,NA,NA,NA,NA,NA,NA,NA,NA,NA,NA,NA,NA
"80",NA,NA,1,0,1,NA,0,NA,0,0,1,NA,0,0,0,0,0,0,NA,NA,0,0,0,NA,0,NA,0,0,0,NA,NA,0,0,0,NA,0,0,0,0,NA,0,NA,NA,NA,0,0,0,NA,NA,NA,0,NA,0,0,0,NA,NA,0,NA,0,0,0,0,0,0,NA,NA,0,0,NA,NA,NA,NA,NA,NA,NA,NA,NA,NA,NA,NA,NA,NA,NA,NA,NA,NA
"81",NA,NA,1,0,1,NA,0,NA,0,0,1,NA,0,0,0,NA,0,0,NA,0,0,0,0,NA,0,NA,0,0,0,NA,NA,0,0,0,NA,0,0,0,0,NA,0,NA,NA,NA,0,0,0,NA,NA,NA,0,NA,0,0,0,NA,NA,0,NA,0,0,0,0,0,0,NA,NA,0,0,NA,NA,NA,NA,NA,NA,NA,NA,NA,NA,NA,NA,NA,NA,NA,NA,NA,NA
"82",NA,NA,1,0,1,NA,0,NA,0,0,1,NA,0,0,0,NA,0,0,NA,NA,0,0,0,NA,0,NA,0,0,0,NA,NA,0,0,0,NA,0,0,0,0,NA,0,NA,NA,NA,0,0,0,NA,NA,NA,0,NA,0,0,0,NA,NA,0,NA,0,0,0,0,0,0,NA,NA,0,0,NA,NA,NA,NA,NA,NA,NA,NA,NA,NA,NA,NA,NA,NA,NA,NA,NA,NA
"83",NA,NA,1,0,1,NA,0,NA,0,0,1,NA,0,0,0,0,0,0,NA,0,0,0,0,NA,0,NA,0,0,NA,NA,NA,0,0,0,NA,0,0,0,0,NA,0,NA,NA,NA,0,0,0,NA,NA,NA,0,NA,0,0,0,NA,NA,0,NA,0,0,0,0,0,0,NA,NA,0,0,NA,NA,NA,NA,NA,NA,NA,NA,NA,NA,NA,NA,NA,NA,NA,NA,NA,NA
"84",NA,NA,1,0,1,NA,0,NA,0,0,1,NA,0,0,0,0,0,0,NA,NA,0,0,0,NA,0,NA,0,0,NA,NA,NA,0,0,0,NA,0,0,0,0,NA,0,NA,NA,NA,0,0,0,NA,NA,NA,0,NA,0,0,0,NA,NA,0,NA,0,0,0,0,0,0,NA,NA,0,0,NA,NA,NA,NA,NA,NA,NA,NA,NA,NA,NA,NA,NA,NA,NA,NA,NA,NA
"85",NA,NA,1,0,1,NA,0,NA,0,0,1,NA,0,0,0,NA,0,0,NA,0,0,0,0,NA,0,NA,0,0,NA,NA,NA,0,0,0,NA,0,0,0,0,NA,0,NA,NA,NA,0,0,0,NA,NA,NA,0,NA,0,0,0,NA,NA,0,NA,0,0,0,0,0,0,NA,NA,0,0,NA,NA,NA,NA,NA,NA,NA,NA,NA,NA,NA,NA,NA,NA,NA,NA,NA,NA
"86",NA,NA,1,0,1,NA,0,NA,0,0,1,NA,0,0,0,NA,0,0,NA,NA,0,0,0,NA,0,NA,0,0,NA,NA,NA,0,0,0,NA,0,0,0,0,NA,0,NA,NA,NA,0,0,0,NA,NA,NA,0,NA,0,0,0,NA,NA,0,NA,0,0,0,0,0,0,NA,NA,0,0,NA,NA,NA,NA,NA,NA,NA,NA,NA,NA,NA,NA,NA,NA,NA,NA,NA,NA
"87",NA,NA,1,0,1,NA,0,NA,0,0,0,NA,0,0,0,0,0,0,NA,0,0,0,0,NA,0,NA,0,0,0,NA,NA,0,0,0,NA,0,0,0,0,NA,0,NA,NA,NA,NA,0,0,NA,NA,NA,0,NA,0,0,0,NA,NA,0,NA,0,0,0,0,0,0,NA,NA,0,0,NA,NA,NA,NA,NA,NA,NA,NA,NA,NA,NA,NA,NA,NA,NA,NA,NA,NA
"88",NA,NA,1,0,1,NA,0,NA,0,0,NA,NA,0,0,0,0,0,0,NA,0,0,0,0,NA,0,NA,0,0,0,NA,NA,0,0,0,NA,0,0,0,0,NA,0,NA,NA,NA,NA,0,0,NA,NA,NA,0,NA,0,0,0,NA,NA,0,NA,0,0,0,0,0,0,NA,NA,0,0,NA,NA,NA,NA,NA,NA,NA,NA,NA,NA,NA,NA,NA,NA,NA,NA,NA,NA
"89",NA,NA,1,0,1,NA,0,NA,0,0,0,NA,0,0,0,0,0,0,NA,NA,0,0,0,NA,0,NA,0,0,0,NA,NA,0,0,0,NA,0,0,0,0,NA,0,NA,NA,NA,NA,0,0,NA,NA,NA,0,NA,0,0,0,NA,NA,0,NA,0,0,0,0,0,0,NA,NA,0,0,NA,NA,NA,NA,NA,NA,NA,NA,NA,NA,NA,NA,NA,NA,NA,NA,NA,NA
"90",NA,NA,1,0,1,NA,0,NA,0,0,NA,NA,0,0,0,0,0,0,NA,NA,0,0,0,NA,0,NA,0,0,0,NA,NA,0,0,0,NA,0,0,0,0,NA,0,NA,NA,NA,NA,0,0,NA,NA,NA,0,NA,0,0,0,NA,NA,0,NA,0,0,0,0,0,0,NA,NA,0,0,NA,NA,NA,NA,NA,NA,NA,NA,NA,NA,NA,NA,NA,NA,NA,NA,NA,NA
"91",NA,NA,1,0,1,NA,0,NA,0,0,0,NA,0,0,0,NA,0,0,NA,0,0,0,0,NA,0,NA,0,0,0,NA,NA,0,0,0,NA,0,0,0,0,NA,0,NA,NA,NA,NA,0,0,NA,NA,NA,0,NA,0,0,0,NA,NA,0,NA,0,0,0,0,0,0,NA,NA,0,0,NA,NA,NA,NA,NA,NA,NA,NA,NA,NA,NA,NA,NA,NA,NA,NA,NA,NA
"92",NA,NA,1,0,1,NA,0,NA,0,0,0,NA,0,0,0,NA,0,0,NA,NA,0,0,0,NA,0,NA,0,0,0,NA,NA,0,0,0,NA,0,0,0,0,NA,0,NA,NA,NA,NA,0,0,NA,NA,NA,0,NA,0,0,0,NA,NA,0,NA,0,0,0,0,0,0,NA,NA,0,0,NA,NA,NA,NA,NA,NA,NA,NA,NA,NA,NA,NA,NA,NA,NA,NA,NA,NA
"93",NA,NA,1,0,1,NA,0,NA,0,0,NA,NA,0,0,0,NA,0,0,NA,0,0,0,0,NA,0,NA,0,0,0,NA,NA,0,0,0,NA,0,0,0,0,NA,0,NA,NA,NA,NA,0,0,NA,NA,NA,0,NA,0,0,0,NA,NA,0,NA,0,0,0,0,0,0,NA,NA,0,0,NA,NA,NA,NA,NA,NA,NA,NA,NA,NA,NA,NA,NA,NA,NA,NA,NA,NA
"94",NA,NA,1,0,1,NA,0,NA,0,0,NA,NA,0,0,0,NA,0,0,NA,NA,0,0,0,NA,0,NA,0,0,0,NA,NA,0,0,0,NA,0,0,0,0,NA,0,NA,NA,NA,NA,0,0,NA,NA,NA,0,NA,0,0,0,NA,NA,0,NA,0,0,0,0,0,0,NA,NA,0,0,NA,NA,NA,NA,NA,NA,NA,NA,NA,NA,NA,NA,NA,NA,NA,NA,NA,NA
"95",NA,NA,1,0,1,NA,0,NA,0,0,0,NA,0,0,0,0,0,0,NA,0,0,0,0,NA,0,NA,0,0,NA,NA,NA,0,0,0,NA,0,0,0,0,NA,0,NA,NA,NA,NA,0,0,NA,NA,NA,0,NA,0,0,0,NA,NA,0,NA,0,0,0,0,0,0,NA,NA,0,0,NA,NA,NA,NA,NA,NA,NA,NA,NA,NA,NA,NA,NA,NA,NA,NA,NA,NA
"96",NA,NA,1,0,1,NA,0,NA,0,0,0,NA,0,0,0,0,0,0,NA,NA,0,0,0,NA,0,NA,0,0,NA,NA,NA,0,0,0,NA,0,0,0,0,NA,0,NA,NA,NA,NA,0,0,NA,NA,NA,0,NA,0,0,0,NA,NA,0,NA,0,0,0,0,0,0,NA,NA,0,0,NA,NA,NA,NA,NA,NA,NA,NA,NA,NA,NA,NA,NA,NA,NA,NA,NA,NA
"97",NA,NA,1,0,1,NA,0,NA,0,0,NA,NA,0,0,0,0,0,0,NA,0,0,0,0,NA,0,NA,0,0,NA,NA,NA,0,0,0,NA,0,0,0,0,NA,0,NA,NA,NA,NA,0,0,NA,NA,NA,0,NA,0,0,0,NA,NA,0,NA,0,0,0,0,0,0,NA,NA,0,0,NA,NA,NA,NA,NA,NA,NA,NA,NA,NA,NA,NA,NA,NA,NA,NA,NA,NA
"98",NA,NA,1,0,1,NA,0,NA,0,0,NA,NA,0,0,0,0,0,0,NA,NA,0,0,0,NA,0,NA,0,0,NA,NA,NA,0,0,0,NA,0,0,0,0,NA,0,NA,NA,NA,NA,0,0,NA,NA,NA,0,NA,0,0,0,NA,NA,0,NA,0,0,0,0,0,0,NA,NA,0,0,NA,NA,NA,NA,NA,NA,NA,NA,NA,NA,NA,NA,NA,NA,NA,NA,NA,NA
"99",NA,NA,1,0,1,NA,0,NA,0,0,0,NA,0,0,0,NA,0,0,NA,0,0,0,0,NA,0,NA,0,0,NA,NA,NA,0,0,0,NA,0,0,0,0,NA,0,NA,NA,NA,NA,0,0,NA,NA,NA,0,NA,0,0,0,NA,NA,0,NA,0,0,0,0,0,0,NA,NA,0,0,NA,NA,NA,NA,NA,NA,NA,NA,NA,NA,NA,NA,NA,NA,NA,NA,NA,NA
"100",NA,NA,1,0,1,NA,0,NA,0,0,0,NA,0,0,0,NA,0,0,NA,NA,0,0,0,NA,0,NA,0,0,NA,NA,NA,0,0,0,NA,0,0,0,0,NA,0,NA,NA,NA,NA,0,0,NA,NA,NA,0,NA,0,0,0,NA,NA,0,NA,0,0,0,0,0,0,NA,NA,0,0,NA,NA,NA,NA,NA,NA,NA,NA,NA,NA,NA,NA,NA,NA,NA,NA,NA,NA
"101",NA,NA,1,0,1,NA,0,NA,0,0,NA,NA,0,0,0,NA,0,0,NA,0,0,0,0,NA,0,NA,0,0,NA,NA,NA,0,0,0,NA,0,0,0,0,NA,0,NA,NA,NA,NA,0,0,NA,NA,NA,0,NA,0,0,0,NA,NA,0,NA,0,0,0,0,0,0,NA,NA,0,0,NA,NA,NA,NA,NA,NA,NA,NA,NA,NA,NA,NA,NA,NA,NA,NA,NA,NA
"102",NA,NA,1,0,1,NA,0,NA,0,0,NA,NA,0,0,0,NA,0,0,NA,NA,0,0,0,NA,0,NA,0,0,NA,NA,NA,0,0,0,NA,0,0,0,0,NA,0,NA,NA,NA,NA,0,0,NA,NA,NA,0,NA,0,0,0,NA,NA,0,NA,0,0,0,0,0,0,NA,NA,0,0,NA,NA,NA,NA,NA,NA,NA,NA,NA,NA,NA,NA,NA,NA,NA,NA,NA,NA
"103",NA,NA,0,0,1,NA,NA,1,1,1,1,NA,0,0,0,0,0,0,NA,0,0,0,0,NA,0,NA,0,0,0,NA,NA,0,0,NA,0,0,0,0,0,NA,0,NA,NA,NA,0,0,0,NA,NA,NA,0,NA,0,0,0,0,NA,0,NA,0,0,NA,0,0,NA,NA,NA,0,NA,NA,NA,NA,NA,NA,NA,NA,NA,NA,NA,NA,NA,NA,NA,NA,NA,NA,NA
"104",NA,NA,0,0,1,NA,NA,1,1,1,1,NA,0,0,0,0,0,0,NA,NA,0,0,0,NA,0,NA,0,0,0,NA,NA,0,0,NA,0,0,0,0,0,NA,0,NA,NA,NA,0,0,0,NA,NA,NA,0,NA,0,0,0,0,NA,0,NA,0,0,NA,0,0,NA,NA,NA,0,NA,NA,NA,NA,NA,NA,NA,NA,NA,NA,NA,NA,NA,NA,NA,NA,NA,NA,NA
"105",NA,NA,0,0,1,NA,NA,1,1,1,1,NA,0,0,0,NA,0,0,NA,0,0,0,0,NA,0,NA,0,0,0,NA,NA,0,0,NA,0,0,0,0,0,NA,0,NA,NA,NA,0,0,0,NA,NA,NA,0,NA,0,0,0,0,NA,0,NA,0,0,NA,0,0,NA,NA,NA,0,NA,NA,NA,NA,NA,NA,NA,NA,NA,NA,NA,NA,NA,NA,NA,NA,NA,NA,NA
"106",NA,NA,0,0,1,NA,NA,1,1,1,1,NA,0,0,0,NA,0,0,NA,NA,0,0,0,NA,0,NA,0,0,0,NA,NA,0,0,NA,0,0,0,0,0,NA,0,NA,NA,NA,0,0,0,NA,NA,NA,0,NA,0,0,0,0,NA,0,NA,0,0,NA,0,0,NA,NA,NA,0,NA,NA,NA,NA,NA,NA,NA,NA,NA,NA,NA,NA,NA,NA,NA,NA,NA,NA,NA
"107",NA,NA,1,0,NA,NA,NA,1,NA,0,1,NA,0,0,0,0,0,0,NA,0,0,0,0,NA,0,NA,0,0,0,NA,NA,0,0,NA,0,0,0,0,0,NA,0,NA,NA,NA,0,0,0,NA,NA,NA,0,NA,0,0,0,0,NA,0,NA,0,0,NA,0,0,NA,NA,NA,0,NA,NA,NA,NA,NA,NA,NA,NA,NA,NA,NA,NA,NA,NA,NA,NA,NA,NA,NA
"108",NA,NA,1,0,NA,NA,NA,1,NA,0,1,NA,0,0,0,0,0,0,NA,NA,0,0,0,NA,0,NA,0,0,0,NA,NA,0,0,NA,0,0,0,0,0,NA,0,NA,NA,NA,0,0,0,NA,NA,NA,0,NA,0,0,0,0,NA,0,NA,0,0,NA,0,0,NA,NA,NA,0,NA,NA,NA,NA,NA,NA,NA,NA,NA,NA,NA,NA,NA,NA,NA,NA,NA,NA,NA
"109",NA,NA,1,0,NA,NA,NA,1,NA,0,1,NA,0,0,0,NA,0,0,NA,0,0,0,0,NA,0,NA,0,0,0,NA,NA,0,0,NA,0,0,0,0,0,NA,0,NA,NA,NA,0,0,0,NA,NA,NA,0,NA,0,0,0,0,NA,0,NA,0,0,NA,0,0,NA,NA,NA,0,NA,NA,NA,NA,NA,NA,NA,NA,NA,NA,NA,NA,NA,NA,NA,NA,NA,NA,NA
"110",NA,NA,1,0,NA,NA,NA,1,NA,0,1,NA,0,0,0,NA,0,0,NA,NA,0,0,0,NA,0,NA,0,0,0,NA,NA,0,0,NA,0,0,0,0,0,NA,0,NA,NA,NA,0,0,0,NA,NA,NA,0,NA,0,0,0,0,NA,0,NA,0,0,NA,0,0,NA,NA,NA,0,NA,NA,NA,NA,NA,NA,NA,NA,NA,NA,NA,NA,NA,NA,NA,NA,NA,NA,NA
"111",NA,NA,0,0,1,NA,NA,1,1,1,1,NA,0,0,0,0,0,0,NA,0,0,0,0,NA,0,NA,0,0,NA,NA,NA,0,0,NA,0,0,0,0,0,NA,0,NA,NA,NA,0,0,0,NA,NA,NA,0,NA,0,0,0,0,NA,0,NA,0,0,NA,0,0,NA,NA,NA,0,NA,NA,NA,NA,NA,NA,NA,NA,NA,NA,NA,NA,NA,NA,NA,NA,NA,NA,NA
"112",NA,NA,0,0,1,NA,NA,1,1,1,1,NA,0,0,0,0,0,0,NA,NA,0,0,0,NA,0,NA,0,0,NA,NA,NA,0,0,NA,0,0,0,0,0,NA,0,NA,NA,NA,0,0,0,NA,NA,NA,0,NA,0,0,0,0,NA,0,NA,0,0,NA,0,0,NA,NA,NA,0,NA,NA,NA,NA,NA,NA,NA,NA,NA,NA,NA,NA,NA,NA,NA,NA,NA,NA,NA
"113",NA,NA,0,0,1,NA,NA,1,1,1,1,NA,0,0,0,NA,0,0,NA,0,0,0,0,NA,0,NA,0,0,NA,NA,NA,0,0,NA,0,0,0,0,0,NA,0,NA,NA,NA,0,0,0,NA,NA,NA,0,NA,0,0,0,0,NA,0,NA,0,0,NA,0,0,NA,NA,NA,0,NA,NA,NA,NA,NA,NA,NA,NA,NA,NA,NA,NA,NA,NA,NA,NA,NA,NA,NA
"114",NA,NA,0,0,1,NA,NA,1,1,1,1,NA,0,0,0,NA,0,0,NA,NA,0,0,0,NA,0,NA,0,0,NA,NA,NA,0,0,NA,0,0,0,0,0,NA,0,NA,NA,NA,0,0,0,NA,NA,NA,0,NA,0,0,0,0,NA,0,NA,0,0,NA,0,0,NA,NA,NA,0,NA,NA,NA,NA,NA,NA,NA,NA,NA,NA,NA,NA,NA,NA,NA,NA,NA,NA,NA
"115",NA,NA,1,0,NA,NA,NA,1,NA,0,1,NA,0,0,0,0,0,0,NA,0,0,0,0,NA,0,NA,0,0,NA,NA,NA,0,0,NA,0,0,0,0,0,NA,0,NA,NA,NA,0,0,0,NA,NA,NA,0,NA,0,0,0,0,NA,0,NA,0,0,NA,0,0,NA,NA,NA,0,NA,NA,NA,NA,NA,NA,NA,NA,NA,NA,NA,NA,NA,NA,NA,NA,NA,NA,NA
"116",NA,NA,1,0,NA,NA,NA,1,NA,0,1,NA,0,0,0,0,0,0,NA,NA,0,0,0,NA,0,NA,0,0,NA,NA,NA,0,0,NA,0,0,0,0,0,NA,0,NA,NA,NA,0,0,0,NA,NA,NA,0,NA,0,0,0,0,NA,0,NA,0,0,NA,0,0,NA,NA,NA,0,NA,NA,NA,NA,NA,NA,NA,NA,NA,NA,NA,NA,NA,NA,NA,NA,NA,NA,NA
"117",NA,NA,1,0,NA,NA,NA,1,NA,0,1,NA,0,0,0,NA,0,0,NA,0,0,0,0,NA,0,NA,0,0,NA,NA,NA,0,0,NA,0,0,0,0,0,NA,0,NA,NA,NA,0,0,0,NA,NA,NA,0,NA,0,0,0,0,NA,0,NA,0,0,NA,0,0,NA,NA,NA,0,NA,NA,NA,NA,NA,NA,NA,NA,NA,NA,NA,NA,NA,NA,NA,NA,NA,NA,NA
"118",NA,NA,1,0,NA,NA,NA,1,NA,0,1,NA,0,0,0,NA,0,0,NA,NA,0,0,0,NA,0,NA,0,0,NA,NA,NA,0,0,NA,0,0,0,0,0,NA,0,NA,NA,NA,0,0,0,NA,NA,NA,0,NA,0,0,0,0,NA,0,NA,0,0,NA,0,0,NA,NA,NA,0,NA,NA,NA,NA,NA,NA,NA,NA,NA,NA,NA,NA,NA,NA,NA,NA,NA,NA,NA
"119",NA,NA,0,0,1,NA,NA,1,1,1,0,NA,0,0,0,0,0,0,NA,0,0,0,0,NA,0,NA,0,0,0,NA,NA,0,0,NA,0,0,0,0,0,NA,0,NA,NA,NA,NA,0,0,NA,NA,NA,0,NA,0,0,0,0,NA,0,NA,0,0,NA,0,0,NA,NA,NA,0,NA,NA,NA,NA,NA,NA,NA,NA,NA,NA,NA,NA,NA,NA,NA,NA,NA,NA,NA
"120",NA,NA,0,0,1,NA,NA,1,1,1,NA,NA,0,0,0,0,0,0,NA,0,0,0,0,NA,0,NA,0,0,0,NA,NA,0,0,NA,0,0,0,0,0,NA,0,NA,NA,NA,NA,0,0,NA,NA,NA,0,NA,0,0,0,0,NA,0,NA,0,0,NA,0,0,NA,NA,NA,0,NA,NA,NA,NA,NA,NA,NA,NA,NA,NA,NA,NA,NA,NA,NA,NA,NA,NA,NA
"121",NA,NA,0,0,1,NA,NA,1,1,1,0,NA,0,0,0,0,0,0,NA,NA,0,0,0,NA,0,NA,0,0,0,NA,NA,0,0,NA,0,0,0,0,0,NA,0,NA,NA,NA,NA,0,0,NA,NA,NA,0,NA,0,0,0,0,NA,0,NA,0,0,NA,0,0,NA,NA,NA,0,NA,NA,NA,NA,NA,NA,NA,NA,NA,NA,NA,NA,NA,NA,NA,NA,NA,NA,NA
"122",NA,NA,0,0,1,NA,NA,1,1,1,NA,NA,0,0,0,0,0,0,NA,NA,0,0,0,NA,0,NA,0,0,0,NA,NA,0,0,NA,0,0,0,0,0,NA,0,NA,NA,NA,NA,0,0,NA,NA,NA,0,NA,0,0,0,0,NA,0,NA,0,0,NA,0,0,NA,NA,NA,0,NA,NA,NA,NA,NA,NA,NA,NA,NA,NA,NA,NA,NA,NA,NA,NA,NA,NA,NA
"123",NA,NA,0,0,1,NA,NA,1,1,1,0,NA,0,0,0,NA,0,0,NA,0,0,0,0,NA,0,NA,0,0,0,NA,NA,0,0,NA,0,0,0,0,0,NA,0,NA,NA,NA,NA,0,0,NA,NA,NA,0,NA,0,0,0,0,NA,0,NA,0,0,NA,0,0,NA,NA,NA,0,NA,NA,NA,NA,NA,NA,NA,NA,NA,NA,NA,NA,NA,NA,NA,NA,NA,NA,NA
"124",NA,NA,0,0,1,NA,NA,1,1,1,0,NA,0,0,0,NA,0,0,NA,NA,0,0,0,NA,0,NA,0,0,0,NA,NA,0,0,NA,0,0,0,0,0,NA,0,NA,NA,NA,NA,0,0,NA,NA,NA,0,NA,0,0,0,0,NA,0,NA,0,0,NA,0,0,NA,NA,NA,0,NA,NA,NA,NA,NA,NA,NA,NA,NA,NA,NA,NA,NA,NA,NA,NA,NA,NA,NA
"125",NA,NA,0,0,1,NA,NA,1,1,1,NA,NA,0,0,0,NA,0,0,NA,0,0,0,0,NA,0,NA,0,0,0,NA,NA,0,0,NA,0,0,0,0,0,NA,0,NA,NA,NA,NA,0,0,NA,NA,NA,0,NA,0,0,0,0,NA,0,NA,0,0,NA,0,0,NA,NA,NA,0,NA,NA,NA,NA,NA,NA,NA,NA,NA,NA,NA,NA,NA,NA,NA,NA,NA,NA,NA
"126",NA,NA,0,0,1,NA,NA,1,1,1,NA,NA,0,0,0,NA,0,0,NA,NA,0,0,0,NA,0,NA,0,0,0,NA,NA,0,0,NA,0,0,0,0,0,NA,0,NA,NA,NA,NA,0,0,NA,NA,NA,0,NA,0,0,0,0,NA,0,NA,0,0,NA,0,0,NA,NA,NA,0,NA,NA,NA,NA,NA,NA,NA,NA,NA,NA,NA,NA,NA,NA,NA,NA,NA,NA,NA
"127",NA,NA,1,0,NA,NA,NA,1,NA,0,0,NA,0,0,0,0,0,0,NA,0,0,0,0,NA,0,NA,0,0,0,NA,NA,0,0,NA,0,0,0,0,0,NA,0,NA,NA,NA,NA,0,0,NA,NA,NA,0,NA,0,0,0,0,NA,0,NA,0,0,NA,0,0,NA,NA,NA,0,NA,NA,NA,NA,NA,NA,NA,NA,NA,NA,NA,NA,NA,NA,NA,NA,NA,NA,NA
"128",NA,NA,1,0,NA,NA,NA,1,NA,0,0,NA,0,0,0,0,0,0,NA,NA,0,0,0,NA,0,NA,0,0,0,NA,NA,0,0,NA,0,0,0,0,0,NA,0,NA,NA,NA,NA,0,0,NA,NA,NA,0,NA,0,0,0,0,NA,0,NA,0,0,NA,0,0,NA,NA,NA,0,NA,NA,NA,NA,NA,NA,NA,NA,NA,NA,NA,NA,NA,NA,NA,NA,NA,NA,NA
"129",NA,NA,1,0,NA,NA,NA,1,NA,0,NA,NA,0,0,0,0,0,0,NA,0,0,0,0,NA,0,NA,0,0,0,NA,NA,0,0,NA,0,0,0,0,0,NA,0,NA,NA,NA,NA,0,0,NA,NA,NA,0,NA,0,0,0,0,NA,0,NA,0,0,NA,0,0,NA,NA,NA,0,NA,NA,NA,NA,NA,NA,NA,NA,NA,NA,NA,NA,NA,NA,NA,NA,NA,NA,NA
"130",NA,NA,1,0,NA,NA,NA,1,NA,0,NA,NA,0,0,0,0,0,0,NA,NA,0,0,0,NA,0,NA,0,0,0,NA,NA,0,0,NA,0,0,0,0,0,NA,0,NA,NA,NA,NA,0,0,NA,NA,NA,0,NA,0,0,0,0,NA,0,NA,0,0,NA,0,0,NA,NA,NA,0,NA,NA,NA,NA,NA,NA,NA,NA,NA,NA,NA,NA,NA,NA,NA,NA,NA,NA,NA
"131",NA,NA,1,0,NA,NA,NA,1,NA,0,0,NA,0,0,0,NA,0,0,NA,0,0,0,0,NA,0,NA,0,0,0,NA,NA,0,0,NA,0,0,0,0,0,NA,0,NA,NA,NA,NA,0,0,NA,NA,NA,0,NA,0,0,0,0,NA,0,NA,0,0,NA,0,0,NA,NA,NA,0,NA,NA,NA,NA,NA,NA,NA,NA,NA,NA,NA,NA,NA,NA,NA,NA,NA,NA,NA
"132",NA,NA,1,0,NA,NA,NA,1,NA,0,0,NA,0,0,0,NA,0,0,NA,NA,0,0,0,NA,0,NA,0,0,0,NA,NA,0,0,NA,0,0,0,0,0,NA,0,NA,NA,NA,NA,0,0,NA,NA,NA,0,NA,0,0,0,0,NA,0,NA,0,0,NA,0,0,NA,NA,NA,0,NA,NA,NA,NA,NA,NA,NA,NA,NA,NA,NA,NA,NA,NA,NA,NA,NA,NA,NA
"133",NA,NA,1,0,NA,NA,NA,1,NA,0,NA,NA,0,0,0,NA,0,0,NA,0,0,0,0,NA,0,NA,0,0,0,NA,NA,0,0,NA,0,0,0,0,0,NA,0,NA,NA,NA,NA,0,0,NA,NA,NA,0,NA,0,0,0,0,NA,0,NA,0,0,NA,0,0,NA,NA,NA,0,NA,NA,NA,NA,NA,NA,NA,NA,NA,NA,NA,NA,NA,NA,NA,NA,NA,NA,NA
"134",NA,NA,1,0,NA,NA,NA,1,NA,0,NA,NA,0,0,0,NA,0,0,NA,NA,0,0,0,NA,0,NA,0,0,0,NA,NA,0,0,NA,0,0,0,0,0,NA,0,NA,NA,NA,NA,0,0,NA,NA,NA,0,NA,0,0,0,0,NA,0,NA,0,0,NA,0,0,NA,NA,NA,0,NA,NA,NA,NA,NA,NA,NA,NA,NA,NA,NA,NA,NA,NA,NA,NA,NA,NA,NA
"135",NA,NA,0,0,1,NA,NA,1,1,1,0,NA,0,0,0,0,0,0,NA,0,0,0,0,NA,0,NA,0,0,NA,NA,NA,0,0,NA,0,0,0,0,0,NA,0,NA,NA,NA,NA,0,0,NA,NA,NA,0,NA,0,0,0,0,NA,0,NA,0,0,NA,0,0,NA,NA,NA,0,NA,NA,NA,NA,NA,NA,NA,NA,NA,NA,NA,NA,NA,NA,NA,NA,NA,NA,NA
"136",NA,NA,0,0,1,NA,NA,1,1,1,NA,NA,0,0,0,0,0,0,NA,0,0,0,0,NA,0,NA,0,0,NA,NA,NA,0,0,NA,0,0,0,0,0,NA,0,NA,NA,NA,NA,0,0,NA,NA,NA,0,NA,0,0,0,0,NA,0,NA,0,0,NA,0,0,NA,NA,NA,0,NA,NA,NA,NA,NA,NA,NA,NA,NA,NA,NA,NA,NA,NA,NA,NA,NA,NA,NA
"137",NA,NA,0,0,1,NA,NA,1,1,1,0,NA,0,0,0,0,0,0,NA,NA,0,0,0,NA,0,NA,0,0,NA,NA,NA,0,0,NA,0,0,0,0,0,NA,0,NA,NA,NA,NA,0,0,NA,NA,NA,0,NA,0,0,0,0,NA,0,NA,0,0,NA,0,0,NA,NA,NA,0,NA,NA,NA,NA,NA,NA,NA,NA,NA,NA,NA,NA,NA,NA,NA,NA,NA,NA,NA
"138",NA,NA,0,0,1,NA,NA,1,1,1,NA,NA,0,0,0,0,0,0,NA,NA,0,0,0,NA,0,NA,0,0,NA,NA,NA,0,0,NA,0,0,0,0,0,NA,0,NA,NA,NA,NA,0,0,NA,NA,NA,0,NA,0,0,0,0,NA,0,NA,0,0,NA,0,0,NA,NA,NA,0,NA,NA,NA,NA,NA,NA,NA,NA,NA,NA,NA,NA,NA,NA,NA,NA,NA,NA,NA
"139",NA,NA,0,0,1,NA,NA,1,1,1,0,NA,0,0,0,NA,0,0,NA,0,0,0,0,NA,0,NA,0,0,NA,NA,NA,0,0,NA,0,0,0,0,0,NA,0,NA,NA,NA,NA,0,0,NA,NA,NA,0,NA,0,0,0,0,NA,0,NA,0,0,NA,0,0,NA,NA,NA,0,NA,NA,NA,NA,NA,NA,NA,NA,NA,NA,NA,NA,NA,NA,NA,NA,NA,NA,NA
"140",NA,NA,0,0,1,NA,NA,1,1,1,0,NA,0,0,0,NA,0,0,NA,NA,0,0,0,NA,0,NA,0,0,NA,NA,NA,0,0,NA,0,0,0,0,0,NA,0,NA,NA,NA,NA,0,0,NA,NA,NA,0,NA,0,0,0,0,NA,0,NA,0,0,NA,0,0,NA,NA,NA,0,NA,NA,NA,NA,NA,NA,NA,NA,NA,NA,NA,NA,NA,NA,NA,NA,NA,NA,NA
"141",NA,NA,0,0,1,NA,NA,1,1,1,NA,NA,0,0,0,NA,0,0,NA,0,0,0,0,NA,0,NA,0,0,NA,NA,NA,0,0,NA,0,0,0,0,0,NA,0,NA,NA,NA,NA,0,0,NA,NA,NA,0,NA,0,0,0,0,NA,0,NA,0,0,NA,0,0,NA,NA,NA,0,NA,NA,NA,NA,NA,NA,NA,NA,NA,NA,NA,NA,NA,NA,NA,NA,NA,NA,NA
"142",NA,NA,0,0,1,NA,NA,1,1,1,NA,NA,0,0,0,NA,0,0,NA,NA,0,0,0,NA,0,NA,0,0,NA,NA,NA,0,0,NA,0,0,0,0,0,NA,0,NA,NA,NA,NA,0,0,NA,NA,NA,0,NA,0,0,0,0,NA,0,NA,0,0,NA,0,0,NA,NA,NA,0,NA,NA,NA,NA,NA,NA,NA,NA,NA,NA,NA,NA,NA,NA,NA,NA,NA,NA,NA
"143",NA,NA,1,0,NA,NA,NA,1,NA,0,0,NA,0,0,0,0,0,0,NA,0,0,0,0,NA,0,NA,0,0,NA,NA,NA,0,0,NA,0,0,0,0,0,NA,0,NA,NA,NA,NA,0,0,NA,NA,NA,0,NA,0,0,0,0,NA,0,NA,0,0,NA,0,0,NA,NA,NA,0,NA,NA,NA,NA,NA,NA,NA,NA,NA,NA,NA,NA,NA,NA,NA,NA,NA,NA,NA
"144",NA,NA,1,0,NA,NA,NA,1,NA,0,0,NA,0,0,0,0,0,0,NA,NA,0,0,0,NA,0,NA,0,0,NA,NA,NA,0,0,NA,0,0,0,0,0,NA,0,NA,NA,NA,NA,0,0,NA,NA,NA,0,NA,0,0,0,0,NA,0,NA,0,0,NA,0,0,NA,NA,NA,0,NA,NA,NA,NA,NA,NA,NA,NA,NA,NA,NA,NA,NA,NA,NA,NA,NA,NA,NA
"145",NA,NA,1,0,NA,NA,NA,1,NA,0,NA,NA,0,0,0,0,0,0,NA,0,0,0,0,NA,0,NA,0,0,NA,NA,NA,0,0,NA,0,0,0,0,0,NA,0,NA,NA,NA,NA,0,0,NA,NA,NA,0,NA,0,0,0,0,NA,0,NA,0,0,NA,0,0,NA,NA,NA,0,NA,NA,NA,NA,NA,NA,NA,NA,NA,NA,NA,NA,NA,NA,NA,NA,NA,NA,NA
"146",NA,NA,1,0,NA,NA,NA,1,NA,0,NA,NA,0,0,0,0,0,0,NA,NA,0,0,0,NA,0,NA,0,0,NA,NA,NA,0,0,NA,0,0,0,0,0,NA,0,NA,NA,NA,NA,0,0,NA,NA,NA,0,NA,0,0,0,0,NA,0,NA,0,0,NA,0,0,NA,NA,NA,0,NA,NA,NA,NA,NA,NA,NA,NA,NA,NA,NA,NA,NA,NA,NA,NA,NA,NA,NA
"147",NA,NA,1,0,NA,NA,NA,1,NA,0,0,NA,0,0,0,NA,0,0,NA,0,0,0,0,NA,0,NA,0,0,NA,NA,NA,0,0,NA,0,0,0,0,0,NA,0,NA,NA,NA,NA,0,0,NA,NA,NA,0,NA,0,0,0,0,NA,0,NA,0,0,NA,0,0,NA,NA,NA,0,NA,NA,NA,NA,NA,NA,NA,NA,NA,NA,NA,NA,NA,NA,NA,NA,NA,NA,NA
"148",NA,NA,1,0,NA,NA,NA,1,NA,0,0,NA,0,0,0,NA,0,0,NA,NA,0,0,0,NA,0,NA,0,0,NA,NA,NA,0,0,NA,0,0,0,0,0,NA,0,NA,NA,NA,NA,0,0,NA,NA,NA,0,NA,0,0,0,0,NA,0,NA,0,0,NA,0,0,NA,NA,NA,0,NA,NA,NA,NA,NA,NA,NA,NA,NA,NA,NA,NA,NA,NA,NA,NA,NA,NA,NA
"149",NA,NA,1,0,NA,NA,NA,1,NA,0,NA,NA,0,0,0,NA,0,0,NA,0,0,0,0,NA,0,NA,0,0,NA,NA,NA,0,0,NA,0,0,0,0,0,NA,0,NA,NA,NA,NA,0,0,NA,NA,NA,0,NA,0,0,0,0,NA,0,NA,0,0,NA,0,0,NA,NA,NA,0,NA,NA,NA,NA,NA,NA,NA,NA,NA,NA,NA,NA,NA,NA,NA,NA,NA,NA,NA
"150",NA,NA,1,0,NA,NA,NA,1,NA,0,NA,NA,0,0,0,NA,0,0,NA,NA,0,0,0,NA,0,NA,0,0,NA,NA,NA,0,0,NA,0,0,0,0,0,NA,0,NA,NA,NA,NA,0,0,NA,NA,NA,0,NA,0,0,0,0,NA,0,NA,0,0,NA,0,0,NA,NA,NA,0,NA,NA,NA,NA,NA,NA,NA,NA,NA,NA,NA,NA,NA,NA,NA,NA,NA,NA,NA
"151",1,NA,1,1,1,NA,1,0,0,0,0,NA,0,0,0,0,0,0,0,0,0,0,0,NA,0,NA,NA,0,0,0,0,0,0,NA,0,0,0,0,0,0,NA,NA,NA,0,0,0,NA,0,0,0,0,NA,0,0,0,NA,NA,0,0,0,0,NA,0,0,NA,0,0,0,NA,0,NA,NA,NA,NA,NA,NA,NA,NA,NA,NA,NA,NA,NA,NA,NA,NA,NA
"152",1,NA,1,1,1,NA,0,NA,0,0,0,NA,0,0,0,0,0,0,0,0,0,0,0,0,0,NA,NA,0,0,0,0,0,0,0,NA,0,0,0,0,NA,NA,NA,NA,0,0,0,NA,0,0,0,0,NA,0,0,0,NA,NA,0,NA,0,0,NA,0,0,0,0,0,0,NA,0,NA,NA,NA,NA,NA,NA,NA,NA,NA,NA,NA,NA,NA,NA,NA,NA,NA
"153",1,NA,1,1,1,NA,1,0,0,0,0,0,0,0,0,NA,0,0,0,0,0,0,0,0,0,NA,NA,0,0,0,0,0,0,NA,0,0,0,0,0,0,NA,NA,NA,0,0,0,NA,0,0,0,0,NA,0,0,0,NA,NA,0,0,0,0,NA,0,0,NA,0,0,0,NA,0,NA,NA,NA,NA,NA,NA,NA,NA,NA,NA,NA,NA,NA,NA,NA,NA,NA
"154",1,NA,1,1,1,NA,0,NA,0,0,0,0,0,0,0,0,0,0,0,0,0,0,0,NA,0,NA,NA,0,0,0,0,0,0,0,NA,0,0,0,0,NA,NA,NA,NA,0,0,0,NA,0,0,0,0,NA,0,0,0,NA,NA,0,NA,0,0,NA,0,0,0,0,0,0,NA,0,NA,NA,NA,NA,NA,NA,NA,NA,NA,NA,NA,NA,NA,NA,NA,NA,NA
"155",1,NA,1,1,1,NA,1,0,0,0,0,NA,0,0,0,0,0,0,0,0,0,0,0,0,0,NA,NA,0,0,0,0,0,0,NA,0,0,0,0,0,0,NA,NA,NA,0,0,0,NA,0,0,0,0,NA,0,0,0,NA,NA,0,NA,0,0,NA,0,0,NA,0,0,0,NA,0,NA,NA,NA,NA,NA,NA,NA,NA,NA,NA,NA,NA,NA,NA,NA,NA,NA
"156",1,NA,1,1,1,NA,0,NA,0,0,0,NA,0,0,0,0,0,0,0,0,0,0,0,NA,0,NA,NA,0,0,0,0,0,0,0,NA,0,0,0,0,NA,NA,NA,NA,0,0,0,NA,0,0,0,0,NA,0,0,0,NA,NA,0,NA,0,0,NA,0,0,0,0,0,0,NA,0,NA,NA,NA,NA,NA,NA,NA,NA,NA,NA,NA,NA,NA,NA,NA,NA,NA
"157",1,NA,1,1,1,NA,1,0,0,0,0,0,0,0,0,0,0,0,0,0,0,0,0,NA,0,NA,NA,0,0,0,0,0,0,NA,0,0,0,0,0,0,NA,NA,NA,0,0,0,NA,0,0,0,0,NA,0,0,0,NA,NA,0,NA,0,0,NA,0,0,NA,0,0,0,NA,0,NA,NA,NA,NA,NA,NA,NA,NA,NA,NA,NA,NA,NA,NA,NA,NA,NA
"158",1,NA,1,1,1,NA,0,NA,0,0,0,0,0,0,0,NA,0,0,0,0,0,0,0,0,0,NA,NA,0,0,0,0,0,0,0,NA,0,0,0,0,NA,NA,NA,NA,0,0,0,NA,0,0,0,0,NA,0,0,0,NA,NA,0,NA,0,0,NA,0,0,0,0,0,0,NA,0,NA,NA,NA,NA,NA,NA,NA,NA,NA,NA,NA,NA,NA,NA,NA,NA,NA
"159",1,NA,1,1,1,NA,1,0,0,0,0,NA,0,0,0,0,0,0,0,0,0,0,0,NA,0,NA,NA,0,0,0,0,0,0,NA,0,0,0,0,0,0,NA,NA,NA,0,0,0,NA,0,0,0,0,NA,0,0,0,NA,NA,0,NA,0,0,NA,0,0,NA,0,0,0,NA,0,NA,NA,NA,NA,NA,NA,NA,NA,NA,NA,NA,NA,NA,NA,NA,NA,NA
"160",1,NA,1,1,1,NA,0,NA,0,0,0,NA,0,0,0,NA,0,0,0,0,0,0,0,0,0,NA,NA,0,0,0,0,0,0,0,NA,0,0,0,0,NA,NA,NA,NA,0,0,0,NA,0,0,0,0,NA,0,0,0,NA,NA,0,NA,0,0,NA,0,0,0,0,0,0,NA,0,NA,NA,NA,NA,NA,NA,NA,NA,NA,NA,NA,NA,NA,NA,NA,NA,NA
"161",1,NA,1,1,1,NA,1,0,0,0,0,NA,0,0,0,NA,0,0,0,0,0,0,0,0,0,NA,NA,0,0,0,0,0,0,NA,0,0,0,0,0,0,NA,NA,NA,0,0,0,NA,0,0,0,0,NA,0,0,0,NA,NA,0,0,0,0,NA,0,0,NA,0,0,0,NA,0,NA,NA,NA,NA,NA,NA,NA,NA,NA,NA,NA,NA,NA,NA,NA,NA,NA
"162",1,NA,1,1,1,NA,0,NA,0,0,0,0,0,0,0,NA,0,0,0,0,0,0,0,NA,0,NA,NA,0,0,0,0,0,0,0,NA,0,0,0,0,NA,NA,NA,NA,0,0,0,NA,0,0,0,0,NA,0,0,0,NA,NA,0,NA,0,0,NA,0,0,0,0,0,0,NA,0,NA,NA,NA,NA,NA,NA,NA,NA,NA,NA,NA,NA,NA,NA,NA,NA,NA
"163",1,NA,1,1,1,NA,1,0,0,0,0,0,0,0,0,NA,0,0,0,0,0,0,0,NA,0,NA,NA,0,0,0,0,0,0,NA,0,0,0,0,0,0,NA,NA,NA,0,0,0,NA,0,0,0,0,NA,0,0,0,NA,NA,0,0,0,0,NA,0,0,NA,0,0,0,NA,0,NA,NA,NA,NA,NA,NA,NA,NA,NA,NA,NA,NA,NA,NA,NA,NA,NA
"164",1,NA,1,1,1,NA,0,NA,0,0,0,NA,0,0,0,NA,0,0,0,0,0,0,0,NA,0,NA,NA,0,0,0,0,0,0,0,NA,0,0,0,0,NA,NA,NA,NA,0,0,0,NA,0,0,0,0,NA,0,0,0,NA,NA,0,NA,0,0,NA,0,0,0,0,0,0,NA,0,NA,NA,NA,NA,NA,NA,NA,NA,NA,NA,NA,NA,NA,NA,NA,NA,NA
"165",1,NA,1,1,1,NA,1,0,0,0,0,NA,0,0,0,NA,0,0,0,0,0,0,0,NA,0,NA,NA,0,0,0,0,0,0,NA,0,0,0,0,0,0,NA,NA,NA,0,0,0,NA,0,0,0,0,NA,0,0,0,NA,NA,0,0,0,0,NA,0,0,NA,0,0,0,NA,0,NA,NA,NA,NA,NA,NA,NA,NA,NA,NA,NA,NA,NA,NA,NA,NA,NA
"166",1,NA,1,1,NA,NA,0,NA,NA,0,0,NA,0,0,0,0,0,0,0,0,0,0,0,NA,0,NA,NA,0,0,0,0,0,0,0,NA,0,0,0,0,NA,NA,NA,0,0,0,0,NA,0,0,0,0,NA,0,0,0,NA,NA,0,0,0,0,NA,0,0,0,0,0,0,NA,0,NA,NA,NA,NA,NA,NA,NA,NA,NA,NA,NA,NA,NA,NA,NA,NA,NA
"167",1,NA,1,1,1,NA,1,0,0,0,0,0,0,0,0,NA,0,0,0,0,0,0,0,0,0,NA,NA,0,0,0,0,0,0,NA,0,0,0,0,0,0,NA,NA,NA,0,0,0,NA,0,0,0,0,NA,0,0,0,NA,NA,0,NA,0,0,NA,0,0,NA,0,0,0,NA,0,NA,NA,NA,NA,NA,NA,NA,NA,NA,NA,NA,NA,NA,NA,NA,NA,NA
"168",1,NA,1,1,NA,NA,0,NA,NA,0,0,0,0,0,0,0,0,0,0,0,0,0,0,0,0,NA,NA,0,0,0,0,0,0,0,NA,0,0,0,0,NA,NA,NA,0,0,0,0,NA,0,0,0,0,NA,0,0,0,NA,NA,0,NA,0,0,NA,0,0,0,0,0,0,NA,0,NA,NA,NA,NA,NA,NA,NA,NA,NA,NA,NA,NA,NA,NA,NA,NA,NA
"169",1,NA,1,1,1,NA,1,0,0,0,0,NA,0,0,0,NA,0,0,0,0,0,0,0,0,0,NA,NA,0,0,0,0,0,0,NA,0,0,0,0,0,0,NA,NA,NA,0,0,0,NA,0,0,0,0,NA,0,0,0,NA,NA,0,NA,0,0,NA,0,0,NA,0,0,0,NA,0,NA,NA,NA,NA,NA,NA,NA,NA,NA,NA,NA,NA,NA,NA,NA,NA,NA
"170",1,NA,1,1,NA,NA,0,NA,NA,0,0,NA,0,0,0,0,0,0,0,0,0,0,0,0,0,NA,NA,0,0,0,0,0,0,0,NA,0,0,0,0,NA,NA,NA,0,0,0,0,NA,0,0,0,0,NA,0,0,0,NA,NA,0,NA,0,0,NA,0,0,0,0,0,0,NA,0,NA,NA,NA,NA,NA,NA,NA,NA,NA,NA,NA,NA,NA,NA,NA,NA,NA
"171",1,NA,1,1,1,NA,1,0,0,0,0,0,0,0,0,NA,0,0,0,0,0,0,0,NA,0,NA,NA,0,0,0,0,0,0,NA,0,0,0,0,0,0,NA,NA,NA,0,0,0,NA,0,0,0,0,NA,0,0,0,NA,NA,0,NA,0,0,NA,0,0,NA,0,0,0,NA,0,NA,NA,NA,NA,NA,NA,NA,NA,NA,NA,NA,NA,NA,NA,NA,NA,NA
"172",1,NA,1,1,NA,NA,0,NA,NA,0,0,0,0,0,0,0,0,0,0,0,0,0,0,NA,0,NA,NA,0,0,0,0,0,0,0,NA,0,0,0,0,NA,NA,NA,0,0,0,0,NA,0,0,0,0,NA,0,0,0,NA,NA,0,NA,0,0,NA,0,0,0,0,0,0,NA,0,NA,NA,NA,NA,NA,NA,NA,NA,NA,NA,NA,NA,NA,NA,NA,NA,NA
"173",1,NA,1,1,1,NA,1,0,0,0,0,NA,0,0,0,NA,0,0,0,0,0,0,0,NA,0,NA,NA,0,0,0,0,0,0,NA,0,0,0,0,0,0,NA,NA,NA,0,0,0,NA,0,0,0,0,NA,0,0,0,NA,NA,0,NA,0,0,NA,0,0,NA,0,0,0,NA,0,NA,NA,NA,NA,NA,NA,NA,NA,NA,NA,NA,NA,NA,NA,NA,NA,NA
"174",1,NA,1,1,NA,NA,0,NA,NA,0,0,NA,0,0,0,0,0,0,0,0,0,0,0,NA,0,NA,NA,0,0,0,0,0,0,0,NA,0,0,0,0,NA,NA,NA,0,0,0,0,NA,0,0,0,0,NA,0,0,0,NA,NA,0,NA,0,0,NA,0,0,0,0,0,0,NA,0,NA,NA,NA,NA,NA,NA,NA,NA,NA,NA,NA,NA,NA,NA,NA,NA,NA
"175",1,NA,1,1,NA,NA,0,NA,NA,0,0,0,0,0,0,NA,0,0,0,0,0,0,0,0,0,NA,NA,0,0,0,0,0,0,0,NA,0,0,0,0,NA,NA,NA,0,0,0,0,NA,0,0,0,0,NA,0,0,0,NA,NA,0,0,0,0,NA,0,0,0,0,0,0,NA,0,NA,NA,NA,NA,NA,NA,NA,NA,NA,NA,NA,NA,NA,NA,NA,NA,NA
"176",1,NA,1,1,NA,NA,0,NA,NA,0,0,NA,0,0,0,NA,0,0,0,0,0,0,0,0,0,NA,NA,0,0,0,0,0,0,0,NA,0,0,0,0,NA,NA,NA,0,0,0,0,NA,0,0,0,0,NA,0,0,0,NA,NA,0,0,0,0,NA,0,0,0,0,0,0,NA,0,NA,NA,NA,NA,NA,NA,NA,NA,NA,NA,NA,NA,NA,NA,NA,NA,NA
"177",1,NA,1,1,NA,NA,0,NA,NA,0,0,0,0,0,0,NA,0,0,0,0,0,0,0,NA,0,NA,NA,0,0,0,0,0,0,0,NA,0,0,0,0,NA,NA,NA,0,0,0,0,NA,0,0,0,0,NA,0,0,0,NA,NA,0,0,0,0,NA,0,0,0,0,0,0,NA,0,NA,NA,NA,NA,NA,NA,NA,NA,NA,NA,NA,NA,NA,NA,NA,NA,NA
"178",1,NA,1,1,NA,NA,0,NA,NA,0,0,NA,0,0,0,NA,0,0,0,0,0,0,0,NA,0,NA,NA,0,0,0,0,0,0,0,NA,0,0,0,0,NA,NA,NA,0,0,0,0,NA,0,0,0,0,NA,0,0,0,NA,NA,0,0,0,0,NA,0,0,0,0,0,0,NA,0,NA,NA,NA,NA,NA,NA,NA,NA,NA,NA,NA,NA,NA,NA,NA,NA,NA
"179",1,NA,1,1,NA,NA,0,NA,NA,0,0,0,0,0,0,NA,0,0,0,0,0,0,0,0,0,NA,NA,0,0,0,0,0,0,0,NA,0,0,0,0,NA,NA,NA,0,0,0,0,NA,0,0,0,0,NA,0,0,0,NA,NA,0,NA,0,0,NA,0,0,0,0,0,0,NA,0,NA,NA,NA,NA,NA,NA,NA,NA,NA,NA,NA,NA,NA,NA,NA,NA,NA
"180",1,NA,1,1,NA,NA,0,NA,NA,0,0,NA,0,0,0,NA,0,0,0,0,0,0,0,0,0,NA,NA,0,0,0,0,0,0,0,NA,0,0,0,0,NA,NA,NA,0,0,0,0,NA,0,0,0,0,NA,0,0,0,NA,NA,0,NA,0,0,NA,0,0,0,0,0,0,NA,0,NA,NA,NA,NA,NA,NA,NA,NA,NA,NA,NA,NA,NA,NA,NA,NA,NA
"181",1,NA,1,1,NA,NA,0,NA,NA,0,0,0,0,0,0,NA,0,0,0,0,0,0,0,NA,0,NA,NA,0,0,0,0,0,0,0,NA,0,0,0,0,NA,NA,NA,0,0,0,0,NA,0,0,0,0,NA,0,0,0,NA,NA,0,NA,0,0,NA,0,0,0,0,0,0,NA,0,NA,NA,NA,NA,NA,NA,NA,NA,NA,NA,NA,NA,NA,NA,NA,NA,NA
"182",1,NA,1,1,NA,NA,0,NA,NA,0,0,NA,0,0,0,NA,0,0,0,0,0,0,0,NA,0,NA,NA,0,0,0,0,0,0,0,NA,0,0,0,0,NA,NA,NA,0,0,0,0,NA,0,0,0,0,NA,0,0,0,NA,NA,0,NA,0,0,NA,0,0,0,0,0,0,NA,0,NA,NA,NA,NA,NA,NA,NA,NA,NA,NA,NA,NA,NA,NA,NA,NA,NA
"183",1,NA,1,1,1,NA,1,0,0,0,0,0,0,0,0,0,0,0,0,0,0,0,0,0,0,NA,NA,0,0,NA,0,0,0,NA,0,0,0,0,0,0,NA,NA,NA,0,0,0,NA,0,0,0,0,NA,0,0,0,NA,NA,0,0,0,0,NA,0,0,NA,0,0,0,NA,0,NA,NA,NA,NA,NA,NA,NA,NA,NA,NA,NA,NA,NA,NA,NA,NA,NA
"184",1,NA,1,1,1,NA,0,NA,0,0,0,0,0,0,0,NA,0,0,0,0,0,0,0,0,0,NA,NA,0,0,NA,0,0,0,0,NA,0,0,0,0,NA,NA,NA,NA,0,0,0,NA,0,0,0,0,NA,0,0,0,NA,NA,0,0,0,0,NA,0,0,0,0,0,0,NA,0,NA,NA,NA,NA,NA,NA,NA,NA,NA,NA,NA,NA,NA,NA,NA,NA,NA
"185",1,NA,1,1,1,NA,0,NA,0,0,0,NA,0,0,0,NA,0,0,0,0,0,0,0,0,0,NA,NA,0,0,NA,0,0,0,0,NA,0,0,0,0,NA,NA,NA,NA,0,0,0,NA,0,0,0,0,NA,0,0,0,NA,NA,0,0,0,0,NA,0,0,0,0,0,0,NA,0,NA,NA,NA,NA,NA,NA,NA,NA,NA,NA,NA,NA,NA,NA,NA,NA,NA
"186",1,NA,1,1,1,NA,0,NA,0,0,0,0,0,0,0,NA,0,0,0,0,0,0,0,NA,0,NA,NA,0,0,NA,0,0,0,0,NA,0,0,0,0,NA,NA,NA,NA,0,0,0,NA,0,0,0,0,NA,0,0,0,NA,NA,0,0,0,0,NA,0,0,0,0,0,0,NA,0,NA,NA,NA,NA,NA,NA,NA,NA,NA,NA,NA,NA,NA,NA,NA,NA,NA
"187",1,NA,1,1,1,NA,0,NA,0,0,0,NA,0,0,0,NA,0,0,0,0,0,0,0,NA,0,NA,NA,0,0,NA,0,0,0,0,NA,0,0,0,0,NA,NA,NA,NA,0,0,0,NA,0,0,0,0,NA,0,0,0,NA,NA,0,0,0,0,NA,0,0,0,0,0,0,NA,0,NA,NA,NA,NA,NA,NA,NA,NA,NA,NA,NA,NA,NA,NA,NA,NA,NA
"188",1,NA,1,1,1,NA,0,NA,0,0,0,0,0,0,0,0,0,0,0,0,0,0,0,0,0,NA,NA,0,0,NA,0,0,0,0,NA,0,0,0,0,NA,NA,NA,NA,0,0,0,NA,0,0,0,0,NA,0,0,0,NA,NA,0,NA,0,0,NA,0,0,0,0,0,0,NA,0,NA,NA,NA,NA,NA,NA,NA,NA,NA,NA,NA,NA,NA,NA,NA,NA,NA
"189",1,NA,1,1,1,NA,0,NA,0,0,0,NA,0,0,0,0,0,0,0,0,0,0,0,0,0,NA,NA,0,0,NA,0,0,0,0,NA,0,0,0,0,NA,NA,NA,NA,0,0,0,NA,0,0,0,0,NA,0,0,0,NA,NA,0,NA,0,0,NA,0,0,0,0,0,0,NA,0,NA,NA,NA,NA,NA,NA,NA,NA,NA,NA,NA,NA,NA,NA,NA,NA,NA
"190",1,NA,1,1,1,NA,0,NA,0,0,0,0,0,0,0,0,0,0,0,0,0,0,0,NA,0,NA,NA,0,0,NA,0,0,0,0,NA,0,0,0,0,NA,NA,NA,NA,0,0,0,NA,0,0,0,0,NA,0,0,0,NA,NA,0,NA,0,0,NA,0,0,0,0,0,0,NA,0,NA,NA,NA,NA,NA,NA,NA,NA,NA,NA,NA,NA,NA,NA,NA,NA,NA
"191",0,NA,1,1,1,NA,0,NA,0,0,0,NA,0,0,0,0,0,0,0,0,0,0,0,NA,0,NA,NA,0,0,NA,0,0,0,0,NA,0,0,0,0,NA,NA,NA,NA,0,0,0,NA,0,0,0,0,NA,0,0,0,NA,NA,0,NA,0,0,NA,0,0,0,0,0,0,NA,0,NA,NA,NA,NA,NA,NA,NA,NA,NA,NA,NA,NA,NA,NA,NA,NA,NA
"192",1,NA,1,1,1,NA,0,NA,0,0,0,0,0,0,0,NA,0,0,0,0,0,0,0,0,0,NA,NA,0,0,NA,0,0,0,0,NA,0,0,0,0,NA,NA,NA,NA,0,0,0,NA,0,0,0,0,NA,0,0,0,NA,NA,0,NA,0,0,NA,0,0,0,0,0,0,NA,0,NA,NA,NA,NA,NA,NA,NA,NA,NA,NA,NA,NA,NA,NA,NA,NA,NA
"193",1,NA,1,1,1,NA,0,NA,0,0,0,NA,0,0,0,NA,0,0,0,0,0,0,0,0,0,NA,NA,0,0,NA,0,0,0,0,NA,0,0,0,0,NA,NA,NA,NA,0,0,0,NA,0,0,0,0,NA,0,0,0,NA,NA,0,NA,0,0,NA,0,0,0,0,0,0,NA,0,NA,NA,NA,NA,NA,NA,NA,NA,NA,NA,NA,NA,NA,NA,NA,NA,NA
"194",1,NA,1,1,1,NA,0,NA,0,0,0,0,0,0,0,NA,0,0,0,0,0,0,0,NA,0,NA,NA,0,0,NA,0,0,0,0,NA,0,0,0,0,NA,NA,NA,NA,0,0,0,NA,0,0,0,0,NA,0,0,0,NA,NA,0,NA,0,0,NA,0,0,0,0,0,0,NA,0,NA,NA,NA,NA,NA,NA,NA,NA,NA,NA,NA,NA,NA,NA,NA,NA,NA
"195",0,NA,1,1,1,NA,0,NA,0,0,0,NA,0,0,0,NA,0,0,0,0,0,0,0,NA,0,NA,NA,0,0,NA,0,0,0,0,NA,0,0,0,0,NA,NA,NA,NA,0,0,0,NA,0,0,0,0,NA,0,0,0,NA,NA,0,NA,0,0,NA,0,0,0,0,0,0,NA,0,NA,NA,NA,NA,NA,NA,NA,NA,NA,NA,NA,NA,NA,NA,NA,NA,NA
"196",1,NA,1,1,NA,NA,0,NA,NA,0,0,0,0,0,0,0,0,0,0,0,0,0,0,0,0,NA,NA,0,0,NA,0,0,0,0,NA,0,0,0,0,NA,NA,NA,0,0,0,0,NA,0,0,0,0,NA,0,0,0,NA,NA,0,0,0,0,NA,0,0,0,0,0,0,NA,0,NA,NA,NA,NA,NA,NA,NA,NA,NA,NA,NA,NA,NA,NA,NA,NA,NA
"197",1,NA,1,1,NA,NA,0,NA,NA,0,0,NA,0,0,0,0,0,0,0,0,0,0,0,0,0,NA,NA,0,0,NA,0,0,0,0,NA,0,0,0,0,NA,NA,NA,0,0,0,0,NA,0,0,0,0,NA,0,0,0,NA,NA,0,0,0,0,NA,0,0,0,0,0,0,NA,0,NA,NA,NA,NA,NA,NA,NA,NA,NA,NA,NA,NA,NA,NA,NA,NA,NA
"198",1,NA,1,1,NA,NA,0,NA,NA,0,0,0,0,0,0,0,0,0,0,0,0,0,0,NA,0,NA,NA,0,0,NA,0,0,0,0,NA,0,0,0,0,NA,NA,NA,0,0,0,0,NA,0,0,0,0,NA,0,0,0,NA,NA,0,0,0,0,NA,0,0,0,0,0,0,NA,0,NA,NA,NA,NA,NA,NA,NA,NA,NA,NA,NA,NA,NA,NA,NA,NA,NA
"199",1,NA,1,1,NA,NA,0,NA,NA,0,0,NA,0,0,0,0,0,0,0,0,0,0,0,NA,0,NA,NA,0,0,NA,0,0,0,0,NA,0,0,0,0,NA,NA,NA,0,0,0,0,NA,0,0,0,0,NA,0,0,0,NA,NA,0,0,0,0,NA,0,0,0,0,0,0,NA,0,NA,NA,NA,NA,NA,NA,NA,NA,NA,NA,NA,NA,NA,NA,NA,NA,NA
"200",1,NA,1,1,NA,NA,0,NA,NA,0,0,0,0,0,0,0,0,0,0,0,0,0,0,0,0,NA,NA,0,0,NA,0,0,0,0,NA,0,0,0,0,NA,NA,NA,0,0,0,0,NA,0,0,0,0,NA,0,0,0,NA,NA,0,NA,0,0,NA,0,0,0,0,0,0,NA,0,NA,NA,NA,NA,NA,NA,NA,NA,NA,NA,NA,NA,NA,NA,NA,NA,NA
"201",1,NA,1,1,NA,NA,0,NA,NA,0,0,0,0,0,0,NA,0,0,0,0,0,0,0,0,0,NA,NA,0,0,NA,0,0,0,0,NA,0,0,0,0,NA,NA,NA,0,0,0,0,NA,0,0,0,0,NA,0,0,0,NA,NA,0,0,0,0,NA,0,0,0,0,0,0,NA,0,NA,NA,NA,NA,NA,NA,NA,NA,NA,NA,NA,NA,NA,NA,NA,NA,NA
"202",1,NA,1,1,NA,NA,0,NA,NA,0,0,NA,0,0,0,0,0,0,0,0,0,0,0,0,0,NA,NA,0,0,NA,0,0,0,0,NA,0,0,0,0,NA,NA,NA,0,0,0,0,NA,0,0,0,0,NA,0,0,0,NA,NA,0,NA,0,0,NA,0,0,0,0,0,0,NA,0,NA,NA,NA,NA,NA,NA,NA,NA,NA,NA,NA,NA,NA,NA,NA,NA,NA
"203",1,NA,1,1,NA,NA,0,NA,NA,0,0,NA,0,0,0,NA,0,0,0,0,0,0,0,0,0,NA,NA,0,0,NA,0,0,0,0,NA,0,0,0,0,NA,NA,NA,0,0,0,0,NA,0,0,0,0,NA,0,0,0,NA,NA,0,0,0,0,NA,0,0,0,0,0,0,NA,0,NA,NA,NA,NA,NA,NA,NA,NA,NA,NA,NA,NA,NA,NA,NA,NA,NA
"204",1,NA,1,1,NA,NA,0,NA,NA,0,0,0,0,0,0,0,0,0,0,0,0,0,0,NA,0,NA,NA,0,0,NA,0,0,0,0,NA,0,0,0,0,NA,NA,NA,0,0,0,0,NA,0,0,0,0,NA,0,0,0,NA,NA,0,NA,0,0,NA,0,0,0,0,0,0,NA,0,NA,NA,NA,NA,NA,NA,NA,NA,NA,NA,NA,NA,NA,NA,NA,NA,NA
"205",1,NA,1,1,NA,NA,0,NA,NA,0,0,0,0,0,0,NA,0,0,0,0,0,0,0,NA,0,NA,NA,0,0,NA,0,0,0,0,NA,0,0,0,0,NA,NA,NA,0,0,0,0,NA,0,0,0,0,NA,0,0,0,NA,NA,0,0,0,0,NA,0,0,0,0,0,0,NA,0,NA,NA,NA,NA,NA,NA,NA,NA,NA,NA,NA,NA,NA,NA,NA,NA,NA
"206",1,NA,1,1,NA,NA,0,NA,NA,0,0,NA,0,0,0,0,0,0,0,0,0,0,0,NA,0,NA,NA,0,0,NA,0,0,0,0,NA,0,0,0,0,NA,NA,NA,0,0,0,0,NA,0,0,0,0,NA,0,0,0,NA,NA,0,NA,0,0,NA,0,0,0,0,0,0,NA,0,NA,NA,NA,NA,NA,NA,NA,NA,NA,NA,NA,NA,NA,NA,NA,NA,NA
"207",1,NA,1,1,NA,NA,0,NA,NA,0,0,NA,0,0,0,NA,0,0,0,0,0,0,0,NA,0,NA,NA,0,0,NA,0,0,0,0,NA,0,0,0,0,NA,NA,NA,0,0,0,0,NA,0,0,0,0,NA,0,0,0,NA,NA,0,0,0,0,NA,0,0,0,0,0,0,NA,0,NA,NA,NA,NA,NA,NA,NA,NA,NA,NA,NA,NA,NA,NA,NA,NA,NA
"208",1,NA,1,1,NA,NA,0,NA,NA,0,0,0,0,0,0,NA,0,0,0,0,0,0,0,0,0,NA,NA,0,0,NA,0,0,0,0,NA,0,0,0,0,NA,NA,NA,0,0,0,0,NA,0,0,0,0,NA,0,0,0,NA,NA,0,NA,0,0,NA,0,0,0,0,0,0,NA,0,NA,NA,NA,NA,NA,NA,NA,NA,NA,NA,NA,NA,NA,NA,NA,NA,NA
"209",1,NA,1,1,NA,NA,0,NA,NA,0,0,NA,0,0,0,NA,0,0,0,0,0,0,0,0,0,NA,NA,0,0,NA,0,0,0,0,NA,0,0,0,0,NA,NA,NA,0,0,0,0,NA,0,0,0,0,NA,0,0,0,NA,NA,0,NA,0,0,NA,0,0,0,0,0,0,NA,0,NA,NA,NA,NA,NA,NA,NA,NA,NA,NA,NA,NA,NA,NA,NA,NA,NA
"210",1,NA,1,1,NA,NA,0,NA,NA,0,0,0,0,0,0,NA,0,0,0,0,0,0,0,NA,0,NA,NA,0,0,NA,0,0,0,0,NA,0,0,0,0,NA,NA,NA,0,0,0,0,NA,0,0,0,0,NA,0,0,0,NA,NA,0,NA,0,0,NA,0,0,0,0,0,0,NA,0,NA,NA,NA,NA,NA,NA,NA,NA,NA,NA,NA,NA,NA,NA,NA,NA,NA
"211",1,NA,1,1,NA,NA,0,NA,NA,0,0,NA,0,0,0,NA,0,0,0,0,0,0,0,NA,0,NA,NA,0,0,NA,0,0,0,0,NA,0,0,0,0,NA,NA,NA,0,0,0,0,NA,0,0,0,0,NA,0,0,0,NA,NA,0,NA,0,0,NA,0,0,0,0,0,0,NA,0,NA,NA,NA,NA,NA,NA,NA,NA,NA,NA,NA,NA,NA,NA,NA,NA,NA
"212",1,NA,1,1,1,NA,1,0,0,0,0,NA,0,0,0,0,0,0,0,0,0,0,0,0,0,NA,NA,0,0,NA,0,0,0,NA,0,0,0,0,0,0,NA,NA,NA,0,0,0,NA,0,0,0,0,NA,0,0,0,NA,NA,0,0,0,0,NA,0,0,NA,0,0,0,NA,0,NA,NA,NA,NA,NA,NA,NA,NA,NA,NA,NA,NA,NA,NA,NA,NA,NA
"213",1,NA,1,1,1,NA,1,0,0,0,0,0,0,0,0,0,0,0,0,0,0,0,0,NA,0,NA,NA,0,0,NA,0,0,0,NA,0,0,0,0,0,0,NA,NA,NA,0,0,0,NA,0,0,0,0,NA,0,0,0,NA,NA,0,0,0,0,NA,0,0,NA,0,0,0,NA,0,NA,NA,NA,NA,NA,NA,NA,NA,NA,NA,NA,NA,NA,NA,NA,NA,NA
"214",1,NA,1,1,1,NA,1,0,0,0,0,NA,0,0,0,0,0,0,0,0,0,0,0,NA,0,NA,NA,0,0,NA,0,0,0,NA,0,0,0,0,0,0,NA,NA,NA,0,0,0,NA,0,0,0,0,NA,0,0,0,NA,NA,0,0,0,0,NA,0,0,NA,0,0,0,NA,0,NA,NA,NA,NA,NA,NA,NA,NA,NA,NA,NA,NA,NA,NA,NA,NA,NA
"215",1,NA,1,1,1,NA,1,0,0,0,0,0,0,0,0,NA,0,0,0,0,0,0,0,0,0,NA,NA,0,0,NA,0,0,0,NA,0,0,0,0,0,0,NA,NA,NA,0,0,0,NA,0,0,0,0,NA,0,0,0,NA,NA,0,0,0,0,NA,0,0,NA,0,0,0,NA,0,NA,NA,NA,NA,NA,NA,NA,NA,NA,NA,NA,NA,NA,NA,NA,NA,NA
"216",1,NA,1,1,1,NA,1,0,0,0,0,0,0,0,0,0,0,0,0,0,0,0,0,0,0,NA,NA,0,0,NA,0,0,0,NA,0,0,0,0,0,0,NA,NA,NA,0,0,0,NA,0,0,0,0,NA,0,0,0,NA,NA,0,NA,0,0,NA,0,0,NA,0,0,0,NA,0,NA,NA,NA,NA,NA,NA,NA,NA,NA,NA,NA,NA,NA,NA,NA,NA,NA
"217",1,NA,1,1,1,NA,1,0,0,0,0,NA,0,0,0,NA,0,0,0,0,0,0,0,0,0,NA,NA,0,0,NA,0,0,0,NA,0,0,0,0,0,0,NA,NA,NA,0,0,0,NA,0,0,0,0,NA,0,0,0,NA,NA,0,0,0,0,NA,0,0,NA,0,0,0,NA,0,NA,NA,NA,NA,NA,NA,NA,NA,NA,NA,NA,NA,NA,NA,NA,NA,NA
"218",1,NA,1,1,1,NA,1,0,0,0,0,NA,0,0,0,0,0,0,0,0,0,0,0,0,0,NA,NA,0,0,NA,0,0,0,NA,0,0,0,0,0,0,NA,NA,NA,0,0,0,NA,0,0,0,0,NA,0,0,0,NA,NA,0,NA,0,0,NA,0,0,NA,0,0,0,NA,0,NA,NA,NA,NA,NA,NA,NA,NA,NA,NA,NA,NA,NA,NA,NA,NA,NA
"219",1,NA,1,1,1,NA,1,0,0,0,0,0,0,0,0,NA,0,0,0,0,0,0,0,NA,0,NA,NA,0,0,NA,0,0,0,NA,0,0,0,0,0,0,NA,NA,NA,0,0,0,NA,0,0,0,0,NA,0,0,0,NA,NA,0,0,0,0,NA,0,0,NA,0,0,0,NA,0,NA,NA,NA,NA,NA,NA,NA,NA,NA,NA,NA,NA,NA,NA,NA,NA,NA
"220",1,NA,1,1,1,NA,1,0,0,0,0,0,0,0,0,0,0,0,0,0,0,0,0,NA,0,NA,NA,0,0,NA,0,0,0,NA,0,0,0,0,0,0,NA,NA,NA,0,0,0,NA,0,0,0,0,NA,0,0,0,NA,NA,0,NA,0,0,NA,0,0,NA,0,0,0,NA,0,NA,NA,NA,NA,NA,NA,NA,NA,NA,NA,NA,NA,NA,NA,NA,NA,NA
"221",1,NA,1,1,1,NA,1,0,0,0,0,NA,0,0,0,NA,0,0,0,0,0,0,0,NA,0,NA,NA,0,0,NA,0,0,0,NA,0,0,0,0,0,0,NA,NA,NA,0,0,0,NA,0,0,0,0,NA,0,0,0,NA,NA,0,0,0,0,NA,0,0,NA,0,0,0,NA,0,NA,NA,NA,NA,NA,NA,NA,NA,NA,NA,NA,NA,NA,NA,NA,NA,NA
"222",0,NA,1,1,1,NA,1,0,0,0,0,NA,0,0,0,0,0,0,0,0,0,0,0,NA,0,NA,NA,0,0,NA,0,0,0,NA,0,0,0,0,0,0,NA,NA,NA,0,0,0,NA,0,0,0,0,NA,0,0,0,NA,NA,0,NA,0,0,NA,0,0,NA,0,0,0,NA,0,NA,NA,NA,NA,NA,NA,NA,NA,NA,NA,NA,NA,NA,NA,NA,NA,NA
"223",1,NA,1,1,1,NA,1,0,0,0,0,0,0,0,0,NA,0,0,0,0,0,0,0,0,0,NA,NA,0,0,NA,0,0,0,NA,0,0,0,0,0,0,NA,NA,NA,0,0,0,NA,0,0,0,0,NA,0,0,0,NA,NA,0,NA,0,0,NA,0,0,NA,0,0,0,NA,0,NA,NA,NA,NA,NA,NA,NA,NA,NA,NA,NA,NA,NA,NA,NA,NA,NA
"224",1,NA,1,1,1,NA,1,0,0,0,0,NA,0,0,0,NA,0,0,0,0,0,0,0,0,0,NA,NA,0,0,NA,0,0,0,NA,0,0,0,0,0,0,NA,NA,NA,0,0,0,NA,0,0,0,0,NA,0,0,0,NA,NA,0,NA,0,0,NA,0,0,NA,0,0,0,NA,0,NA,NA,NA,NA,NA,NA,NA,NA,NA,NA,NA,NA,NA,NA,NA,NA,NA
"225",1,NA,1,1,1,NA,1,0,0,0,0,0,0,0,0,NA,0,0,0,0,0,0,0,NA,0,NA,NA,0,0,NA,0,0,0,NA,0,0,0,0,0,0,NA,NA,NA,0,0,0,NA,0,0,0,0,NA,0,0,0,NA,NA,0,NA,0,0,NA,0,0,NA,0,0,0,NA,0,NA,NA,NA,NA,NA,NA,NA,NA,NA,NA,NA,NA,NA,NA,NA,NA,NA
"226",0,NA,1,1,1,NA,1,0,0,0,0,NA,0,0,0,NA,0,0,0,0,0,0,0,NA,0,NA,NA,0,0,NA,0,0,0,NA,0,0,0,0,0,0,NA,NA,NA,0,0,0,NA,0,0,0,0,NA,0,0,0,NA,NA,0,NA,0,0,NA,0,0,NA,0,0,0,NA,0,NA,NA,NA,NA,NA,NA,NA,NA,NA,NA,NA,NA,NA,NA,NA,NA,NA
"227",1,NA,1,1,1,NA,1,0,0,0,0,0,0,0,0,0,0,0,0,0,0,0,0,NA,0,NA,NA,0,0,0,0,0,0,NA,0,0,0,0,0,0,NA,NA,NA,0,NA,0,NA,0,0,0,0,NA,0,0,0,NA,NA,0,0,0,0,NA,0,0,NA,0,0,0,NA,0,NA,NA,NA,NA,NA,NA,NA,NA,NA,NA,NA,NA,NA,NA,NA,NA,NA
"228",1,NA,1,1,1,NA,0,NA,0,0,0,NA,0,0,0,0,0,0,0,0,0,0,0,NA,0,NA,NA,0,0,0,0,0,0,0,NA,0,0,0,0,NA,NA,NA,NA,0,NA,0,NA,0,0,0,0,NA,0,0,0,NA,NA,0,0,0,0,NA,0,0,0,0,0,0,NA,0,NA,NA,NA,NA,NA,NA,NA,NA,NA,NA,NA,NA,NA,NA,NA,NA,NA
"229",1,NA,1,1,1,NA,1,0,0,0,0,NA,0,0,0,0,0,0,0,0,0,0,0,NA,0,NA,NA,0,0,0,0,0,0,NA,0,0,0,0,0,0,NA,NA,NA,0,NA,0,NA,0,0,0,0,NA,0,0,0,NA,NA,0,0,0,0,NA,0,0,NA,0,0,0,NA,0,NA,NA,NA,NA,NA,NA,NA,NA,NA,NA,NA,NA,NA,NA,NA,NA,NA
"230",1,NA,1,1,1,NA,0,NA,0,0,0,0,0,0,0,NA,0,0,0,0,0,0,0,0,0,NA,NA,0,0,0,0,0,0,0,NA,0,0,0,0,NA,NA,NA,NA,0,NA,0,NA,0,0,0,0,NA,0,0,0,NA,NA,0,0,0,0,NA,0,0,0,0,0,0,NA,0,NA,NA,NA,NA,NA,NA,NA,NA,NA,NA,NA,NA,NA,NA,NA,NA,NA
"231",1,NA,1,1,1,NA,1,0,0,0,0,0,0,0,0,NA,0,0,0,0,0,0,0,0,0,NA,NA,0,0,0,0,0,0,NA,0,0,0,0,0,0,NA,NA,NA,0,NA,0,NA,0,0,0,0,NA,0,0,0,NA,NA,0,0,0,0,NA,0,0,NA,0,0,0,NA,0,NA,NA,NA,NA,NA,NA,NA,NA,NA,NA,NA,NA,NA,NA,NA,NA,NA
"232",1,NA,1,1,1,NA,0,NA,0,0,0,0,0,0,0,0,0,0,0,0,0,0,0,0,0,NA,NA,0,0,0,0,0,0,0,NA,0,0,0,0,NA,NA,NA,NA,0,NA,0,NA,0,0,0,0,NA,0,0,0,NA,NA,0,NA,0,0,NA,0,0,0,0,0,0,NA,0,NA,NA,NA,NA,NA,NA,NA,NA,NA,NA,NA,NA,NA,NA,NA,NA,NA
"233",1,NA,1,1,1,NA,1,0,0,0,0,NA,0,0,0,0,0,0,0,0,0,0,0,0,0,NA,NA,0,0,0,0,0,0,NA,0,0,0,0,0,0,NA,NA,NA,0,NA,0,NA,0,0,0,0,NA,0,0,0,NA,NA,0,NA,0,0,NA,0,0,NA,0,0,0,NA,0,NA,NA,NA,NA,NA,NA,NA,NA,NA,NA,NA,NA,NA,NA,NA,NA,NA
"234",1,NA,1,1,1,NA,0,NA,0,0,0,NA,0,0,0,NA,0,0,0,0,0,0,0,0,0,NA,NA,0,0,0,0,0,0,0,NA,0,0,0,0,NA,NA,NA,NA,0,NA,0,NA,0,0,0,0,NA,0,0,0,NA,NA,0,0,0,0,NA,0,0,0,0,0,0,NA,0,NA,NA,NA,NA,NA,NA,NA,NA,NA,NA,NA,NA,NA,NA,NA,NA,NA
"235",1,NA,1,1,1,NA,1,0,0,0,0,NA,0,0,0,NA,0,0,0,0,0,0,0,0,0,NA,NA,0,0,0,0,0,0,NA,0,0,0,0,0,0,NA,NA,NA,0,NA,0,NA,0,0,0,0,NA,0,0,0,NA,NA,0,0,0,0,NA,0,0,NA,0,0,0,NA,0,NA,NA,NA,NA,NA,NA,NA,NA,NA,NA,NA,NA,NA,NA,NA,NA,NA
"236",1,NA,1,1,1,NA,0,NA,0,0,0,NA,0,0,0,0,0,0,0,0,0,0,0,0,0,NA,NA,0,0,0,0,0,0,0,NA,0,0,0,0,NA,NA,NA,NA,0,NA,0,NA,0,0,0,0,NA,0,0,0,NA,NA,0,NA,0,0,NA,0,0,0,0,0,0,NA,0,NA,NA,NA,NA,NA,NA,NA,NA,NA,NA,NA,NA,NA,NA,NA,NA,NA
"237",1,NA,1,1,1,NA,1,0,0,0,0,0,0,0,0,0,0,0,0,0,0,0,0,NA,0,NA,NA,0,0,0,0,0,0,NA,0,0,0,0,0,0,NA,NA,NA,0,NA,0,NA,0,0,0,0,NA,0,0,0,NA,NA,0,NA,0,0,NA,0,0,NA,0,0,0,NA,0,NA,NA,NA,NA,NA,NA,NA,NA,NA,NA,NA,NA,NA,NA,NA,NA,NA
"238",1,NA,1,1,1,NA,0,NA,0,0,0,0,0,0,0,NA,0,0,0,0,0,0,0,NA,0,NA,NA,0,0,0,0,0,0,0,NA,0,0,0,0,NA,NA,NA,NA,0,NA,0,NA,0,0,0,0,NA,0,0,0,NA,NA,0,0,0,0,NA,0,0,0,0,0,0,NA,0,NA,NA,NA,NA,NA,NA,NA,NA,NA,NA,NA,NA,NA,NA,NA,NA,NA
"239",1,NA,1,1,1,NA,1,0,0,0,0,0,0,0,0,NA,0,0,0,0,0,0,0,NA,0,NA,NA,0,0,0,0,0,0,NA,0,0,0,0,0,0,NA,NA,NA,0,NA,0,NA,0,0,0,0,NA,0,0,0,NA,NA,0,0,0,0,NA,0,0,NA,0,0,0,NA,0,NA,NA,NA,NA,NA,NA,NA,NA,NA,NA,NA,NA,NA,NA,NA,NA,NA
"240",1,NA,1,1,1,NA,0,NA,0,0,0,0,0,0,0,0,0,0,0,0,0,0,0,NA,0,NA,NA,0,0,0,0,0,0,0,NA,0,0,0,0,NA,NA,NA,NA,0,NA,0,NA,0,0,0,0,NA,0,0,0,NA,NA,0,NA,0,0,NA,0,0,0,0,0,0,NA,0,NA,NA,NA,NA,NA,NA,NA,NA,NA,NA,NA,NA,NA,NA,NA,NA,NA
"241",1,NA,1,1,1,NA,1,0,0,0,0,NA,0,0,0,0,0,0,0,0,0,0,0,NA,0,NA,NA,0,0,0,0,0,0,NA,0,0,0,0,0,0,NA,NA,NA,0,NA,0,NA,0,0,0,0,NA,0,0,0,NA,NA,0,NA,0,0,NA,0,0,NA,0,0,0,NA,0,NA,NA,NA,NA,NA,NA,NA,NA,NA,NA,NA,NA,NA,NA,NA,NA,NA
"242",1,NA,1,1,1,NA,0,NA,0,0,0,NA,0,0,0,NA,0,0,0,0,0,0,0,NA,0,NA,NA,0,0,0,0,0,0,0,NA,0,0,0,0,NA,NA,NA,NA,0,NA,0,NA,0,0,0,0,NA,0,0,0,NA,NA,0,0,0,0,NA,0,0,0,0,0,0,NA,0,NA,NA,NA,NA,NA,NA,NA,NA,NA,NA,NA,NA,NA,NA,NA,NA,NA
"243",1,NA,1,1,1,NA,1,0,0,0,0,NA,0,0,0,NA,0,0,0,0,0,0,0,NA,0,NA,NA,0,0,0,0,0,0,NA,0,0,0,0,0,0,NA,NA,NA,0,NA,0,NA,0,0,0,0,NA,0,0,0,NA,NA,0,0,0,0,NA,0,0,NA,0,0,0,NA,0,NA,NA,NA,NA,NA,NA,NA,NA,NA,NA,NA,NA,NA,NA,NA,NA,NA
"244",1,NA,1,1,1,NA,0,NA,0,0,0,NA,0,0,0,0,0,0,0,0,0,0,0,NA,0,NA,NA,0,0,0,0,0,0,0,NA,0,0,0,0,NA,NA,NA,NA,0,NA,0,NA,0,0,0,0,NA,0,0,0,NA,NA,0,NA,0,0,NA,0,0,0,0,0,0,NA,0,NA,NA,NA,NA,NA,NA,NA,NA,NA,NA,NA,NA,NA,NA,NA,NA,NA
"245",1,NA,1,1,1,NA,1,0,0,0,0,0,0,0,0,NA,0,0,0,0,0,0,0,0,0,NA,NA,0,0,0,0,0,0,NA,0,0,0,0,0,0,NA,NA,NA,0,NA,0,NA,0,0,0,0,NA,0,0,0,NA,NA,0,NA,0,0,NA,0,0,NA,0,0,0,NA,0,NA,NA,NA,NA,NA,NA,NA,NA,NA,NA,NA,NA,NA,NA,NA,NA,NA
"246",1,NA,1,1,1,NA,0,NA,0,0,0,0,0,0,0,NA,0,0,0,0,0,0,0,0,0,NA,NA,0,0,0,0,0,0,0,NA,0,0,0,0,NA,NA,NA,NA,0,NA,0,NA,0,0,0,0,NA,0,0,0,NA,NA,0,NA,0,0,NA,0,0,0,0,0,0,NA,0,NA,NA,NA,NA,NA,NA,NA,NA,NA,NA,NA,NA,NA,NA,NA,NA,NA
"247",1,NA,1,1,1,NA,1,0,0,0,0,NA,0,0,0,NA,0,0,0,0,0,0,0,0,0,NA,NA,0,0,0,0,0,0,NA,0,0,0,0,0,0,NA,NA,NA,0,NA,0,NA,0,0,0,0,NA,0,0,0,NA,NA,0,NA,0,0,NA,0,0,NA,0,0,0,NA,0,NA,NA,NA,NA,NA,NA,NA,NA,NA,NA,NA,NA,NA,NA,NA,NA,NA
"248",1,NA,1,1,1,NA,0,NA,0,0,0,NA,0,0,0,NA,0,0,0,0,0,0,0,0,0,NA,NA,0,0,0,0,0,0,0,NA,0,0,0,0,NA,NA,NA,NA,0,NA,0,NA,0,0,0,0,NA,0,0,0,NA,NA,0,NA,0,0,NA,0,0,0,0,0,0,NA,0,NA,NA,NA,NA,NA,NA,NA,NA,NA,NA,NA,NA,NA,NA,NA,NA,NA
"249",1,NA,1,1,1,NA,1,0,0,0,0,0,0,0,0,NA,0,0,0,0,0,0,0,NA,0,NA,NA,0,0,0,0,0,0,NA,0,0,0,0,0,0,NA,NA,NA,0,NA,0,NA,0,0,0,0,NA,0,0,0,NA,NA,0,NA,0,0,NA,0,0,NA,0,0,0,NA,0,NA,NA,NA,NA,NA,NA,NA,NA,NA,NA,NA,NA,NA,NA,NA,NA,NA
"250",1,NA,1,1,1,NA,0,NA,0,0,0,0,0,0,0,NA,0,0,0,0,0,0,0,NA,0,NA,NA,0,0,0,0,0,0,0,NA,0,0,0,0,NA,NA,NA,NA,0,NA,0,NA,0,0,0,0,NA,0,0,0,NA,NA,0,NA,0,0,NA,0,0,0,0,0,0,NA,0,NA,NA,NA,NA,NA,NA,NA,NA,NA,NA,NA,NA,NA,NA,NA,NA,NA
"251",1,NA,1,1,1,NA,1,0,0,0,0,NA,0,0,0,NA,0,0,0,0,0,0,0,NA,0,NA,NA,0,0,0,0,0,0,NA,0,0,0,0,0,0,NA,NA,NA,0,NA,0,NA,0,0,0,0,NA,0,0,0,NA,NA,0,NA,0,0,NA,0,0,NA,0,0,0,NA,0,NA,NA,NA,NA,NA,NA,NA,NA,NA,NA,NA,NA,NA,NA,NA,NA,NA
"252",1,NA,1,1,1,NA,0,NA,0,0,0,NA,0,0,0,NA,0,0,0,0,0,0,0,NA,0,NA,NA,0,0,0,0,0,0,0,NA,0,0,0,0,NA,NA,NA,NA,0,NA,0,NA,0,0,0,0,NA,0,0,0,NA,NA,0,NA,0,0,NA,0,0,0,0,0,0,NA,0,NA,NA,NA,NA,NA,NA,NA,NA,NA,NA,NA,NA,NA,NA,NA,NA,NA
"253",1,NA,1,1,1,NA,1,0,0,0,0,0,0,0,0,0,0,0,0,0,0,0,0,0,0,NA,NA,0,0,NA,0,0,0,NA,0,0,0,0,0,0,NA,NA,NA,0,NA,0,NA,0,0,0,0,NA,0,0,0,NA,NA,0,0,0,0,NA,0,0,NA,0,0,0,NA,0,NA,NA,NA,NA,NA,NA,NA,NA,NA,NA,NA,NA,NA,NA,NA,NA,NA
"254",1,NA,1,1,NA,NA,0,NA,NA,0,0,NA,0,0,0,0,0,0,0,0,0,0,0,0,0,NA,NA,0,0,0,0,0,0,0,NA,0,0,0,0,NA,NA,NA,0,0,NA,0,NA,0,0,0,0,NA,0,0,0,NA,NA,0,0,0,0,NA,0,0,0,0,0,0,NA,0,NA,NA,NA,NA,NA,NA,NA,NA,NA,NA,NA,NA,NA,NA,NA,NA,NA
"255",1,NA,1,1,NA,NA,0,NA,NA,0,0,0,0,0,0,0,0,0,0,0,0,0,0,NA,0,NA,NA,0,0,0,0,0,0,0,NA,0,0,0,0,NA,NA,NA,0,0,NA,0,NA,0,0,0,0,NA,0,0,0,NA,NA,0,0,0,0,NA,0,0,0,0,0,0,NA,0,NA,NA,NA,NA,NA,NA,NA,NA,NA,NA,NA,NA,NA,NA,NA,NA,NA
"256",1,NA,1,1,NA,NA,0,NA,NA,0,0,NA,0,0,0,0,0,0,0,0,0,0,0,NA,0,NA,NA,0,0,0,0,0,0,0,NA,0,0,0,0,NA,NA,NA,0,0,NA,0,NA,0,0,0,0,NA,0,0,0,NA,NA,0,0,0,0,NA,0,0,0,0,0,0,NA,0,NA,NA,NA,NA,NA,NA,NA,NA,NA,NA,NA,NA,NA,NA,NA,NA,NA
"257",1,NA,1,1,NA,NA,0,NA,NA,0,0,0,0,0,0,0,0,0,0,0,0,0,0,0,0,NA,NA,0,0,0,0,0,0,0,NA,0,0,0,0,NA,NA,NA,0,0,NA,0,NA,0,0,0,0,NA,0,0,0,NA,NA,0,NA,0,0,NA,0,0,0,0,0,0,NA,0,NA,NA,NA,NA,NA,NA,NA,NA,NA,NA,NA,NA,NA,NA,NA,NA,NA
"258",1,NA,1,1,NA,NA,0,NA,NA,0,0,0,0,0,0,NA,0,0,0,0,0,0,0,0,0,NA,NA,0,0,0,0,0,0,0,NA,0,0,0,0,NA,NA,NA,0,0,NA,0,NA,0,0,0,0,NA,0,0,0,NA,NA,0,0,0,0,NA,0,0,0,0,0,0,NA,0,NA,NA,NA,NA,NA,NA,NA,NA,NA,NA,NA,NA,NA,NA,NA,NA,NA
"259",1,NA,1,1,NA,NA,0,NA,NA,0,0,NA,0,0,0,NA,0,0,0,0,0,0,0,0,0,NA,NA,0,0,0,0,0,0,0,NA,0,0,0,0,NA,NA,NA,0,0,NA,0,NA,0,0,0,0,NA,0,0,0,NA,NA,0,0,0,0,NA,0,0,0,0,0,0,NA,0,NA,NA,NA,NA,NA,NA,NA,NA,NA,NA,NA,NA,NA,NA,NA,NA,NA
"260",1,NA,1,1,NA,NA,0,NA,NA,0,0,NA,0,0,0,0,0,0,0,0,0,0,0,0,0,NA,NA,0,0,0,0,0,0,0,NA,0,0,0,0,NA,NA,NA,0,0,NA,0,NA,0,0,0,0,NA,0,0,0,NA,NA,0,NA,0,0,NA,0,0,0,0,0,0,NA,0,NA,NA,NA,NA,NA,NA,NA,NA,NA,NA,NA,NA,NA,NA,NA,NA,NA
"261",1,NA,1,1,NA,NA,0,NA,NA,0,0,0,0,0,0,0,0,0,0,0,0,0,0,NA,0,NA,NA,0,0,0,0,0,0,0,NA,0,0,0,0,NA,NA,NA,0,0,NA,0,NA,0,0,0,0,NA,0,0,0,NA,NA,0,NA,0,0,NA,0,0,0,0,0,0,NA,0,NA,NA,NA,NA,NA,NA,NA,NA,NA,NA,NA,NA,NA,NA,NA,NA,NA
"262",1,NA,1,1,NA,NA,0,NA,NA,0,0,0,0,0,0,NA,0,0,0,0,0,0,0,NA,0,NA,NA,0,0,0,0,0,0,0,NA,0,0,0,0,NA,NA,NA,0,0,NA,0,NA,0,0,0,0,NA,0,0,0,NA,NA,0,0,0,0,NA,0,0,0,0,0,0,NA,0,NA,NA,NA,NA,NA,NA,NA,NA,NA,NA,NA,NA,NA,NA,NA,NA,NA
"263",1,NA,1,1,NA,NA,0,NA,NA,0,0,NA,0,0,0,NA,0,0,0,0,0,0,0,NA,0,NA,NA,0,0,0,0,0,0,0,NA,0,0,0,0,NA,NA,NA,0,0,NA,0,NA,0,0,0,0,NA,0,0,0,NA,NA,0,0,0,0,NA,0,0,0,0,0,0,NA,0,NA,NA,NA,NA,NA,NA,NA,NA,NA,NA,NA,NA,NA,NA,NA,NA,NA
"264",1,NA,1,1,NA,NA,0,NA,NA,0,0,NA,0,0,0,0,0,0,0,0,0,0,0,NA,0,NA,NA,0,0,0,0,0,0,0,NA,0,0,0,0,NA,NA,NA,0,0,NA,0,NA,0,0,0,0,NA,0,0,0,NA,NA,0,NA,0,0,NA,0,0,0,0,0,0,NA,0,NA,NA,NA,NA,NA,NA,NA,NA,NA,NA,NA,NA,NA,NA,NA,NA,NA
"265",1,NA,1,1,NA,NA,0,NA,NA,0,0,0,0,0,0,NA,0,0,0,0,0,0,0,0,0,NA,NA,0,0,0,0,0,0,0,NA,0,0,0,0,NA,NA,NA,0,0,NA,0,NA,0,0,0,0,NA,0,0,0,NA,NA,0,NA,0,0,NA,0,0,0,0,0,0,NA,0,NA,NA,NA,NA,NA,NA,NA,NA,NA,NA,NA,NA,NA,NA,NA,NA,NA
"266",1,NA,1,1,NA,NA,0,NA,NA,0,0,NA,0,0,0,NA,0,0,0,0,0,0,0,0,0,NA,NA,0,0,0,0,0,0,0,NA,0,0,0,0,NA,NA,NA,0,0,NA,0,NA,0,0,0,0,NA,0,0,0,NA,NA,0,NA,0,0,NA,0,0,0,0,0,0,NA,0,NA,NA,NA,NA,NA,NA,NA,NA,NA,NA,NA,NA,NA,NA,NA,NA,NA
"267",1,NA,1,1,NA,NA,0,NA,NA,0,0,0,0,0,0,NA,0,0,0,0,0,0,0,NA,0,NA,NA,0,0,0,0,0,0,0,NA,0,0,0,0,NA,NA,NA,0,0,NA,0,NA,0,0,0,0,NA,0,0,0,NA,NA,0,NA,0,0,NA,0,0,0,0,0,0,NA,0,NA,NA,NA,NA,NA,NA,NA,NA,NA,NA,NA,NA,NA,NA,NA,NA,NA
"268",1,NA,1,1,NA,NA,0,NA,NA,0,0,NA,0,0,0,NA,0,0,0,0,0,0,0,NA,0,NA,NA,0,0,0,0,0,0,0,NA,0,0,0,0,NA,NA,NA,0,0,NA,0,NA,0,0,0,0,NA,0,0,0,NA,NA,0,NA,0,0,NA,0,0,0,0,0,0,NA,0,NA,NA,NA,NA,NA,NA,NA,NA,NA,NA,NA,NA,NA,NA,NA,NA,NA
"269",1,NA,1,1,1,NA,0,NA,0,0,0,0,0,0,0,0,0,0,0,0,0,0,0,0,0,NA,NA,0,0,NA,0,0,0,0,NA,0,0,0,0,NA,NA,NA,NA,0,NA,0,NA,0,0,0,0,NA,0,0,0,NA,NA,0,0,0,0,NA,0,0,0,0,0,0,NA,0,NA,NA,NA,NA,NA,NA,NA,NA,NA,NA,NA,NA,NA,NA,NA,NA,NA
"270",1,NA,1,1,1,NA,0,NA,0,0,0,NA,0,0,0,0,0,0,0,0,0,0,0,0,0,NA,NA,0,0,NA,0,0,0,0,NA,0,0,0,0,NA,NA,NA,NA,0,NA,0,NA,0,0,0,0,NA,0,0,0,NA,NA,0,0,0,0,NA,0,0,0,0,0,0,NA,0,NA,NA,NA,NA,NA,NA,NA,NA,NA,NA,NA,NA,NA,NA,NA,NA,NA
"271",1,NA,1,1,1,NA,1,0,0,0,0,NA,0,0,0,0,0,0,0,0,0,0,0,0,0,NA,NA,0,0,NA,0,0,0,NA,0,0,0,0,0,0,NA,NA,NA,0,NA,0,NA,0,0,0,0,NA,0,0,0,NA,NA,0,0,0,0,NA,0,0,NA,0,0,0,NA,0,NA,NA,NA,NA,NA,NA,NA,NA,NA,NA,NA,NA,NA,NA,NA,NA,NA
"272",1,NA,1,1,1,NA,0,NA,0,0,0,0,0,0,0,0,0,0,0,0,0,0,0,NA,0,NA,NA,0,0,NA,0,0,0,0,NA,0,0,0,0,NA,NA,NA,NA,0,NA,0,NA,0,0,0,0,NA,0,0,0,NA,NA,0,0,0,0,NA,0,0,0,0,0,0,NA,0,NA,NA,NA,NA,NA,NA,NA,NA,NA,NA,NA,NA,NA,NA,NA,NA,NA
"273",1,NA,1,1,1,NA,1,0,0,0,0,0,0,0,0,0,0,0,0,0,0,0,0,NA,0,NA,NA,0,0,NA,0,0,0,NA,0,0,0,0,0,0,NA,NA,NA,0,NA,0,NA,0,0,0,0,NA,0,0,0,NA,NA,0,0,0,0,NA,0,0,NA,0,0,0,NA,0,NA,NA,NA,NA,NA,NA,NA,NA,NA,NA,NA,NA,NA,NA,NA,NA,NA
"274",1,NA,1,1,1,NA,0,NA,0,0,0,NA,0,0,0,0,0,0,0,0,0,0,0,NA,0,NA,NA,0,0,NA,0,0,0,0,NA,0,0,0,0,NA,NA,NA,NA,0,NA,0,NA,0,0,0,0,NA,0,0,0,NA,NA,0,0,0,0,NA,0,0,0,0,0,0,NA,0,NA,NA,NA,NA,NA,NA,NA,NA,NA,NA,NA,NA,NA,NA,NA,NA,NA
"275",1,NA,1,1,1,NA,1,0,0,0,0,0,0,0,0,0,0,0,0,0,0,0,0,0,0,NA,NA,0,0,NA,0,0,0,NA,0,0,0,0,0,0,NA,NA,NA,0,NA,0,NA,0,0,0,0,NA,0,0,0,NA,NA,0,NA,0,0,NA,0,0,NA,0,0,0,NA,0,NA,NA,NA,NA,NA,NA,NA,NA,NA,NA,NA,NA,NA,NA,NA,NA,NA
"276",1,NA,1,1,1,NA,0,NA,0,0,0,0,0,0,0,0,0,0,0,0,0,0,0,0,0,NA,NA,0,0,NA,0,0,0,0,NA,0,0,0,0,NA,NA,NA,NA,0,NA,0,NA,0,0,0,0,NA,0,0,0,NA,NA,0,NA,0,0,NA,0,0,0,0,0,0,NA,0,NA,NA,NA,NA,NA,NA,NA,NA,NA,NA,NA,NA,NA,NA,NA,NA,NA
"277",1,NA,1,1,1,NA,1,0,0,0,0,NA,0,0,0,0,0,0,0,0,0,0,0,NA,0,NA,NA,0,0,NA,0,0,0,NA,0,0,0,0,0,0,NA,NA,NA,0,NA,0,NA,0,0,0,0,NA,0,0,0,NA,NA,0,0,0,0,NA,0,0,NA,0,0,0,NA,0,NA,NA,NA,NA,NA,NA,NA,NA,NA,NA,NA,NA,NA,NA,NA,NA,NA
"278",1,NA,1,1,1,NA,0,NA,0,0,0,NA,0,0,0,0,0,0,0,0,0,0,0,0,0,NA,NA,0,0,NA,0,0,0,0,NA,0,0,0,0,NA,NA,NA,NA,0,NA,0,NA,0,0,0,0,NA,0,0,0,NA,NA,0,NA,0,0,NA,0,0,0,0,0,0,NA,0,NA,NA,NA,NA,NA,NA,NA,NA,NA,NA,NA,NA,NA,NA,NA,NA,NA
"279",1,NA,1,1,1,NA,1,0,0,0,0,NA,0,0,0,0,0,0,0,0,0,0,0,0,0,NA,NA,0,0,NA,0,0,0,NA,0,0,0,0,0,0,NA,NA,NA,0,NA,0,NA,0,0,0,0,NA,0,0,0,NA,NA,0,NA,0,0,NA,0,0,NA,0,0,0,NA,0,NA,NA,NA,NA,NA,NA,NA,NA,NA,NA,NA,NA,NA,NA,NA,NA,NA
"280",1,NA,1,1,1,NA,0,NA,0,0,0,0,0,0,0,0,0,0,0,0,0,0,0,NA,0,NA,NA,0,0,NA,0,0,0,0,NA,0,0,0,0,NA,NA,NA,NA,0,NA,0,NA,0,0,0,0,NA,0,0,0,NA,NA,0,NA,0,0,NA,0,0,0,0,0,0,NA,0,NA,NA,NA,NA,NA,NA,NA,NA,NA,NA,NA,NA,NA,NA,NA,NA,NA
"281",1,NA,1,1,1,NA,1,0,0,0,0,0,0,0,0,0,0,0,0,0,0,0,0,NA,0,NA,NA,0,0,NA,0,0,0,NA,0,0,0,0,0,0,NA,NA,NA,0,NA,0,NA,0,0,0,0,NA,0,0,0,NA,NA,0,NA,0,0,NA,0,0,NA,0,0,0,NA,0,NA,NA,NA,NA,NA,NA,NA,NA,NA,NA,NA,NA,NA,NA,NA,NA,NA
"282",0,NA,1,1,1,NA,1,0,0,0,0,NA,0,0,0,0,0,0,0,0,0,0,0,NA,0,NA,NA,0,0,NA,0,0,0,NA,0,0,0,0,0,0,NA,NA,NA,0,NA,0,NA,0,0,0,0,NA,0,0,0,NA,NA,0,NA,0,0,NA,0,0,NA,0,0,0,NA,0,NA,NA,NA,NA,NA,NA,NA,NA,NA,NA,NA,NA,NA,NA,NA,NA,NA
"283",0,NA,1,1,1,NA,0,NA,0,0,0,NA,0,0,0,0,0,0,0,0,0,0,0,NA,0,NA,NA,0,0,NA,0,0,0,0,NA,0,0,0,0,NA,NA,NA,NA,0,NA,0,NA,0,0,0,0,NA,0,0,0,NA,NA,0,NA,0,0,NA,0,0,0,0,0,0,NA,0,NA,NA,NA,NA,NA,NA,NA,NA,NA,NA,NA,NA,NA,NA,NA,NA,NA
"284",1,NA,1,1,1,NA,1,0,0,0,0,0,0,0,0,NA,0,0,0,0,0,0,0,0,0,NA,NA,0,0,NA,0,0,0,NA,0,0,0,0,0,0,NA,NA,NA,0,NA,0,NA,0,0,0,0,NA,0,0,0,NA,NA,0,0,0,0,NA,0,0,NA,0,0,0,NA,0,NA,NA,NA,NA,NA,NA,NA,NA,NA,NA,NA,NA,NA,NA,NA,NA,NA
"285",1,NA,1,1,1,NA,0,NA,0,0,0,0,0,0,0,NA,0,0,0,0,0,0,0,0,0,NA,NA,0,0,NA,0,0,0,0,NA,0,0,0,0,NA,NA,NA,NA,0,NA,0,NA,0,0,0,0,NA,0,0,0,NA,NA,0,0,0,0,NA,0,0,0,0,0,0,NA,0,NA,NA,NA,NA,NA,NA,NA,NA,NA,NA,NA,NA,NA,NA,NA,NA,NA
"286",1,NA,1,1,1,NA,1,0,0,0,0,NA,0,0,0,NA,0,0,0,0,0,0,0,0,0,NA,NA,0,0,NA,0,0,0,NA,0,0,0,0,0,0,NA,NA,NA,0,NA,0,NA,0,0,0,0,NA,0,0,0,NA,NA,0,0,0,0,NA,0,0,NA,0,0,0,NA,0,NA,NA,NA,NA,NA,NA,NA,NA,NA,NA,NA,NA,NA,NA,NA,NA,NA
"287",1,NA,1,1,1,NA,0,NA,0,0,0,NA,0,0,0,NA,0,0,0,0,0,0,0,0,0,NA,NA,0,0,NA,0,0,0,0,NA,0,0,0,0,NA,NA,NA,NA,0,NA,0,NA,0,0,0,0,NA,0,0,0,NA,NA,0,0,0,0,NA,0,0,0,0,0,0,NA,0,NA,NA,NA,NA,NA,NA,NA,NA,NA,NA,NA,NA,NA,NA,NA,NA,NA
"288",1,NA,1,1,1,NA,1,0,0,0,0,0,0,0,0,NA,0,0,0,0,0,0,0,NA,0,NA,NA,0,0,NA,0,0,0,NA,0,0,0,0,0,0,NA,NA,NA,0,NA,0,NA,0,0,0,0,NA,0,0,0,NA,NA,0,0,0,0,NA,0,0,NA,0,0,0,NA,0,NA,NA,NA,NA,NA,NA,NA,NA,NA,NA,NA,NA,NA,NA,NA,NA,NA
"289",1,NA,1,1,1,NA,0,NA,0,0,0,0,0,0,0,NA,0,0,0,0,0,0,0,NA,0,NA,NA,0,0,NA,0,0,0,0,NA,0,0,0,0,NA,NA,NA,NA,0,NA,0,NA,0,0,0,0,NA,0,0,0,NA,NA,0,0,0,0,NA,0,0,0,0,0,0,NA,0,NA,NA,NA,NA,NA,NA,NA,NA,NA,NA,NA,NA,NA,NA,NA,NA,NA
"290",1,NA,1,1,1,NA,1,0,0,0,0,NA,0,0,0,NA,0,0,0,0,0,0,0,NA,0,NA,NA,0,0,NA,0,0,0,NA,0,0,0,0,0,0,NA,NA,NA,0,NA,0,NA,0,0,0,0,NA,0,0,0,NA,NA,0,0,0,0,NA,0,0,NA,0,0,0,NA,0,NA,NA,NA,NA,NA,NA,NA,NA,NA,NA,NA,NA,NA,NA,NA,NA,NA
"291",1,NA,1,1,1,NA,0,NA,0,0,0,NA,0,0,0,NA,0,0,0,0,0,0,0,NA,0,NA,NA,0,0,NA,0,0,0,0,NA,0,0,0,0,NA,NA,NA,NA,0,NA,0,NA,0,0,0,0,NA,0,0,0,NA,NA,0,0,0,0,NA,0,0,0,0,0,0,NA,0,NA,NA,NA,NA,NA,NA,NA,NA,NA,NA,NA,NA,NA,NA,NA,NA,NA
"292",1,NA,1,1,1,NA,1,0,0,0,0,0,0,0,0,NA,0,0,0,0,0,0,0,0,0,NA,NA,0,0,NA,0,0,0,NA,0,0,0,0,0,0,NA,NA,NA,0,NA,0,NA,0,0,0,0,NA,0,0,0,NA,NA,0,NA,0,0,NA,0,0,NA,0,0,0,NA,0,NA,NA,NA,NA,NA,NA,NA,NA,NA,NA,NA,NA,NA,NA,NA,NA,NA
"293",1,NA,1,1,1,NA,0,NA,0,0,0,0,0,0,0,NA,0,0,0,0,0,0,0,0,0,NA,NA,0,0,NA,0,0,0,0,NA,0,0,0,0,NA,NA,NA,NA,0,NA,0,NA,0,0,0,0,NA,0,0,0,NA,NA,0,NA,0,0,NA,0,0,0,0,0,0,NA,0,NA,NA,NA,NA,NA,NA,NA,NA,NA,NA,NA,NA,NA,NA,NA,NA,NA
"294",1,NA,1,1,1,NA,1,0,0,0,0,NA,0,0,0,NA,0,0,0,0,0,0,0,0,0,NA,NA,0,0,NA,0,0,0,NA,0,0,0,0,0,0,NA,NA,NA,0,NA,0,NA,0,0,0,0,NA,0,0,0,NA,NA,0,NA,0,0,NA,0,0,NA,0,0,0,NA,0,NA,NA,NA,NA,NA,NA,NA,NA,NA,NA,NA,NA,NA,NA,NA,NA,NA
"295",1,NA,1,1,1,NA,0,NA,0,0,0,NA,0,0,0,NA,0,0,0,0,0,0,0,0,0,NA,NA,0,0,NA,0,0,0,0,NA,0,0,0,0,NA,NA,NA,NA,0,NA,0,NA,0,0,0,0,NA,0,0,0,NA,NA,0,NA,0,0,NA,0,0,0,0,0,0,NA,0,NA,NA,NA,NA,NA,NA,NA,NA,NA,NA,NA,NA,NA,NA,NA,NA,NA
"296",1,NA,1,1,1,NA,1,0,0,0,0,0,0,0,0,NA,0,0,0,0,0,0,0,NA,0,NA,NA,0,0,NA,0,0,0,NA,0,0,0,0,0,0,NA,NA,NA,0,NA,0,NA,0,0,0,0,NA,0,0,0,NA,NA,0,NA,0,0,NA,0,0,NA,0,0,0,NA,0,NA,NA,NA,NA,NA,NA,NA,NA,NA,NA,NA,NA,NA,NA,NA,NA,NA
"297",1,NA,1,1,1,NA,0,NA,0,0,0,0,0,0,0,NA,0,0,0,0,0,0,0,NA,0,NA,NA,0,0,NA,0,0,0,0,NA,0,0,0,0,NA,NA,NA,NA,0,NA,0,NA,0,0,0,0,NA,0,0,0,NA,NA,0,NA,0,0,NA,0,0,0,0,0,0,NA,0,NA,NA,NA,NA,NA,NA,NA,NA,NA,NA,NA,NA,NA,NA,NA,NA,NA
"298",0,NA,1,1,1,NA,1,0,0,0,0,NA,0,0,0,NA,0,0,0,0,0,0,0,NA,0,NA,NA,0,0,NA,0,0,0,NA,0,0,0,0,0,0,NA,NA,NA,0,NA,0,NA,0,0,0,0,NA,0,0,0,NA,NA,0,NA,0,0,NA,0,0,NA,0,0,0,NA,0,NA,NA,NA,NA,NA,NA,NA,NA,NA,NA,NA,NA,NA,NA,NA,NA,NA
"299",0,NA,1,1,1,NA,0,NA,0,0,0,NA,0,0,0,NA,0,0,0,0,0,0,0,NA,0,NA,NA,0,0,NA,0,0,0,0,NA,0,0,0,0,NA,NA,NA,NA,0,NA,0,NA,0,0,0,0,NA,0,0,0,NA,NA,0,NA,0,0,NA,0,0,0,0,0,0,NA,0,NA,NA,NA,NA,NA,NA,NA,NA,NA,NA,NA,NA,NA,NA,NA,NA,NA
"300",1,NA,1,1,NA,NA,0,NA,NA,0,0,0,0,0,0,0,0,0,0,0,0,0,0,0,0,NA,NA,0,0,NA,0,0,0,0,NA,0,0,0,0,NA,NA,NA,0,0,NA,0,NA,0,0,0,0,NA,0,0,0,NA,NA,0,0,0,0,NA,0,0,0,0,0,0,NA,0,NA,NA,NA,NA,NA,NA,NA,NA,NA,NA,NA,NA,NA,NA,NA,NA,NA
"301",1,NA,1,1,NA,NA,0,NA,NA,0,0,NA,0,0,0,0,0,0,0,0,0,0,0,0,0,NA,NA,0,0,NA,0,0,0,0,NA,0,0,0,0,NA,NA,NA,0,0,NA,0,NA,0,0,0,0,NA,0,0,0,NA,NA,0,0,0,0,NA,0,0,0,0,0,0,NA,0,NA,NA,NA,NA,NA,NA,NA,NA,NA,NA,NA,NA,NA,NA,NA,NA,NA
"302",1,NA,1,1,NA,NA,0,NA,NA,0,0,0,0,0,0,0,0,0,0,0,0,0,0,NA,0,NA,NA,0,0,NA,0,0,0,0,NA,0,0,0,0,NA,NA,NA,0,0,NA,0,NA,0,0,0,0,NA,0,0,0,NA,NA,0,0,0,0,NA,0,0,0,0,0,0,NA,0,NA,NA,NA,NA,NA,NA,NA,NA,NA,NA,NA,NA,NA,NA,NA,NA,NA
"303",1,NA,1,1,NA,NA,0,NA,NA,0,0,NA,0,0,0,0,0,0,0,0,0,0,0,NA,0,NA,NA,0,0,NA,0,0,0,0,NA,0,0,0,0,NA,NA,NA,0,0,NA,0,NA,0,0,0,0,NA,0,0,0,NA,NA,0,0,0,0,NA,0,0,0,0,0,0,NA,0,NA,NA,NA,NA,NA,NA,NA,NA,NA,NA,NA,NA,NA,NA,NA,NA,NA
"304",1,NA,1,1,NA,NA,0,NA,NA,0,0,0,0,0,0,NA,0,0,0,0,0,0,0,0,0,NA,NA,0,0,NA,0,0,0,0,NA,0,0,0,0,NA,NA,NA,0,0,NA,0,NA,0,0,0,0,NA,0,0,0,NA,NA,0,0,0,0,NA,0,0,0,0,0,0,NA,0,NA,NA,NA,NA,NA,NA,NA,NA,NA,NA,NA,NA,NA,NA,NA,NA,NA
"305",1,NA,1,1,NA,NA,0,NA,NA,0,0,0,0,0,0,0,0,0,0,0,0,0,0,0,0,NA,NA,0,0,NA,0,0,0,0,NA,0,0,0,0,NA,NA,NA,0,0,NA,0,NA,0,0,0,0,NA,0,0,0,NA,NA,0,NA,0,0,NA,0,0,0,0,0,0,NA,0,NA,NA,NA,NA,NA,NA,NA,NA,NA,NA,NA,NA,NA,NA,NA,NA,NA
"306",1,NA,1,1,NA,NA,0,NA,NA,0,0,NA,0,0,0,NA,0,0,0,0,0,0,0,0,0,NA,NA,0,0,NA,0,0,0,0,NA,0,0,0,0,NA,NA,NA,0,0,NA,0,NA,0,0,0,0,NA,0,0,0,NA,NA,0,0,0,0,NA,0,0,0,0,0,0,NA,0,NA,NA,NA,NA,NA,NA,NA,NA,NA,NA,NA,NA,NA,NA,NA,NA,NA
"307",1,NA,1,1,NA,NA,0,NA,NA,0,0,NA,0,0,0,0,0,0,0,0,0,0,0,0,0,NA,NA,0,0,NA,0,0,0,0,NA,0,0,0,0,NA,NA,NA,0,0,NA,0,NA,0,0,0,0,NA,0,0,0,NA,NA,0,NA,0,0,NA,0,0,0,0,0,0,NA,0,NA,NA,NA,NA,NA,NA,NA,NA,NA,NA,NA,NA,NA,NA,NA,NA,NA
"308",1,NA,1,1,NA,NA,0,NA,NA,0,0,0,0,0,0,NA,0,0,0,0,0,0,0,NA,0,NA,NA,0,0,NA,0,0,0,0,NA,0,0,0,0,NA,NA,NA,0,0,NA,0,NA,0,0,0,0,NA,0,0,0,NA,NA,0,0,0,0,NA,0,0,0,0,0,0,NA,0,NA,NA,NA,NA,NA,NA,NA,NA,NA,NA,NA,NA,NA,NA,NA,NA,NA
"309",1,NA,1,1,NA,NA,0,NA,NA,0,0,0,0,0,0,0,0,0,0,0,0,0,0,NA,0,NA,NA,0,0,NA,0,0,0,0,NA,0,0,0,0,NA,NA,NA,0,0,NA,0,NA,0,0,0,0,NA,0,0,0,NA,NA,0,NA,0,0,NA,0,0,0,0,0,0,NA,0,NA,NA,NA,NA,NA,NA,NA,NA,NA,NA,NA,NA,NA,NA,NA,NA,NA
"310",1,NA,1,1,NA,NA,0,NA,NA,0,0,NA,0,0,0,NA,0,0,0,0,0,0,0,NA,0,NA,NA,0,0,NA,0,0,0,0,NA,0,0,0,0,NA,NA,NA,0,0,NA,0,NA,0,0,0,0,NA,0,0,0,NA,NA,0,0,0,0,NA,0,0,0,0,0,0,NA,0,NA,NA,NA,NA,NA,NA,NA,NA,NA,NA,NA,NA,NA,NA,NA,NA,NA
"311",1,NA,1,1,NA,NA,0,NA,NA,0,0,NA,0,0,0,0,0,0,0,0,0,0,0,NA,0,NA,NA,0,0,NA,0,0,0,0,NA,0,0,0,0,NA,NA,NA,0,0,NA,0,NA,0,0,0,0,NA,0,0,0,NA,NA,0,NA,0,0,NA,0,0,0,0,0,0,NA,0,NA,NA,NA,NA,NA,NA,NA,NA,NA,NA,NA,NA,NA,NA,NA,NA,NA
"312",1,NA,1,1,NA,NA,0,NA,NA,0,0,0,0,0,0,NA,0,0,0,0,0,0,0,0,0,NA,NA,0,0,NA,0,0,0,0,NA,0,0,0,0,NA,NA,NA,0,0,NA,0,NA,0,0,0,0,NA,0,0,0,NA,NA,0,NA,0,0,NA,0,0,0,0,0,0,NA,0,NA,NA,NA,NA,NA,NA,NA,NA,NA,NA,NA,NA,NA,NA,NA,NA,NA
"313",1,NA,1,1,NA,NA,0,NA,NA,0,0,NA,0,0,0,NA,0,0,0,0,0,0,0,0,0,NA,NA,0,0,NA,0,0,0,0,NA,0,0,0,0,NA,NA,NA,0,0,NA,0,NA,0,0,0,0,NA,0,0,0,NA,NA,0,NA,0,0,NA,0,0,0,0,0,0,NA,0,NA,NA,NA,NA,NA,NA,NA,NA,NA,NA,NA,NA,NA,NA,NA,NA,NA
"314",1,NA,1,1,NA,NA,0,NA,NA,0,0,0,0,0,0,NA,0,0,0,0,0,0,0,NA,0,NA,NA,0,0,NA,0,0,0,0,NA,0,0,0,0,NA,NA,NA,0,0,NA,0,NA,0,0,0,0,NA,0,0,0,NA,NA,0,NA,0,0,NA,0,0,0,0,0,0,NA,0,NA,NA,NA,NA,NA,NA,NA,NA,NA,NA,NA,NA,NA,NA,NA,NA,NA
"315",1,NA,1,1,NA,NA,0,NA,NA,0,0,NA,0,0,0,NA,0,0,0,0,0,0,0,NA,0,NA,NA,0,0,NA,0,0,0,0,NA,0,0,0,0,NA,NA,NA,0,0,NA,0,NA,0,0,0,0,NA,0,0,0,NA,NA,0,NA,0,0,NA,0,0,0,0,0,0,NA,0,NA,NA,NA,NA,NA,NA,NA,NA,NA,NA,NA,NA,NA,NA,NA,NA,NA
"316",1,1,1,1,0,NA,1,0,0,0,0,0,0,0,0,0,0,0,0,0,0,0,0,NA,0,NA,NA,0,0,0,0,0,0,NA,0,0,0,0,0,0,NA,0,NA,0,0,0,NA,0,0,0,0,NA,0,0,0,NA,0,0,0,0,0,NA,0,0,NA,0,0,0,NA,0,0,NA,NA,NA,NA,NA,NA,NA,NA,NA,NA,NA,NA,NA,NA,NA,NA
"317",1,1,1,1,0,NA,1,0,0,0,0,NA,0,0,0,0,0,0,0,0,0,0,0,NA,0,NA,NA,0,0,0,0,0,0,NA,0,0,0,0,0,0,NA,0,NA,0,0,0,NA,0,0,0,0,NA,0,0,0,NA,0,0,0,0,0,NA,0,0,NA,0,0,0,NA,0,0,NA,NA,NA,NA,NA,NA,NA,NA,NA,NA,NA,NA,NA,NA,NA,NA
"318",1,1,1,1,0,NA,1,0,0,0,0,0,0,0,0,NA,0,0,0,0,0,0,0,0,0,NA,NA,0,0,0,0,0,0,NA,0,0,0,0,0,0,NA,0,NA,0,0,0,NA,0,0,0,0,NA,0,0,0,NA,0,0,0,0,0,NA,0,0,NA,0,0,0,NA,0,0,NA,NA,NA,NA,NA,NA,NA,NA,NA,NA,NA,NA,NA,NA,NA,NA
"319",1,1,1,1,0,NA,1,0,0,0,0,NA,0,0,0,0,0,0,0,0,0,0,0,0,0,NA,NA,0,0,0,0,0,0,NA,0,0,0,0,0,0,NA,0,NA,0,0,0,NA,0,0,0,0,NA,0,0,0,NA,0,0,NA,0,0,NA,0,0,NA,0,0,0,NA,0,0,NA,NA,NA,NA,NA,NA,NA,NA,NA,NA,NA,NA,NA,NA,NA,NA
"320",1,1,1,1,0,NA,1,0,0,0,0,NA,0,0,0,NA,0,0,0,0,0,0,0,0,0,NA,NA,0,0,0,0,0,0,NA,0,0,0,0,0,0,NA,0,NA,0,0,0,NA,0,0,0,0,NA,0,0,0,NA,0,0,0,0,0,NA,0,0,NA,0,0,0,NA,0,0,NA,NA,NA,NA,NA,NA,NA,NA,NA,NA,NA,NA,NA,NA,NA,NA
"321",1,1,1,1,0,NA,1,0,0,0,0,0,0,0,0,0,0,0,0,0,0,0,0,NA,0,NA,NA,0,0,0,0,0,0,NA,0,0,0,0,0,0,NA,0,NA,0,0,0,NA,0,0,0,0,NA,0,0,0,NA,0,0,NA,0,0,NA,0,0,NA,0,0,0,NA,0,0,NA,NA,NA,NA,NA,NA,NA,NA,NA,NA,NA,NA,NA,NA,NA,NA
"322",1,1,1,1,0,NA,1,0,0,0,0,0,0,0,0,NA,0,0,0,0,0,0,0,NA,0,NA,NA,0,0,0,0,0,0,NA,0,0,0,0,0,0,NA,0,NA,0,0,0,NA,0,0,0,0,NA,0,0,0,NA,0,0,0,0,0,NA,0,0,NA,0,0,0,NA,0,0,NA,NA,NA,NA,NA,NA,NA,NA,NA,NA,NA,NA,NA,NA,NA,NA
"323",1,1,1,1,0,NA,1,0,0,0,0,NA,0,0,0,0,0,0,0,0,0,0,0,NA,0,NA,NA,0,0,0,0,0,0,NA,0,0,0,0,0,0,NA,0,NA,0,0,0,NA,0,0,0,0,NA,0,0,0,NA,0,0,NA,0,0,NA,0,0,NA,0,0,0,NA,0,0,NA,NA,NA,NA,NA,NA,NA,NA,NA,NA,NA,NA,NA,NA,NA,NA
"324",1,1,1,1,0,NA,1,0,0,0,0,NA,0,0,0,NA,0,0,0,0,0,0,0,NA,0,NA,NA,0,0,0,0,0,0,NA,0,0,0,0,0,0,NA,0,NA,0,0,0,NA,0,0,0,0,NA,0,0,0,NA,0,0,0,0,0,NA,0,0,NA,0,0,0,NA,0,0,NA,NA,NA,NA,NA,NA,NA,NA,NA,NA,NA,NA,NA,NA,NA,NA
"325",1,1,1,1,0,NA,1,0,0,0,0,0,0,0,0,NA,0,0,0,0,0,0,0,0,0,NA,NA,0,0,0,0,0,0,NA,0,0,0,0,0,0,NA,0,NA,0,0,0,NA,0,0,0,0,NA,0,0,0,NA,0,0,NA,0,0,NA,0,0,NA,0,0,0,NA,0,0,NA,NA,NA,NA,NA,NA,NA,NA,NA,NA,NA,NA,NA,NA,NA,NA
"326",1,1,1,1,0,NA,1,0,0,0,0,NA,0,0,0,NA,0,0,0,0,0,0,0,0,0,NA,NA,0,0,0,0,0,0,NA,0,0,0,0,0,0,NA,0,NA,0,0,0,NA,0,0,0,0,NA,0,0,0,NA,0,0,NA,0,0,NA,0,0,NA,0,0,0,NA,0,0,NA,NA,NA,NA,NA,NA,NA,NA,NA,NA,NA,NA,NA,NA,NA,NA
"327",1,1,1,1,0,NA,1,0,0,0,0,0,0,0,0,NA,0,0,0,0,0,0,0,NA,0,NA,NA,0,0,0,0,0,0,NA,0,0,0,0,0,0,NA,0,NA,0,0,0,NA,0,0,0,0,NA,0,0,0,NA,0,0,NA,0,0,NA,0,0,NA,0,0,0,NA,0,0,NA,NA,NA,NA,NA,NA,NA,NA,NA,NA,NA,NA,NA,NA,NA,NA
"328",1,1,1,1,0,NA,1,0,0,0,0,NA,0,0,0,NA,0,0,0,0,0,0,0,NA,0,NA,NA,0,0,0,0,0,0,NA,0,0,0,0,0,0,NA,0,NA,0,0,0,NA,0,0,0,0,NA,0,0,0,NA,0,0,NA,0,0,NA,0,0,NA,0,0,0,NA,0,0,NA,NA,NA,NA,NA,NA,NA,NA,NA,NA,NA,NA,NA,NA,NA,NA
"329",1,1,1,1,0,NA,1,0,0,0,0,0,0,0,0,0,0,0,0,0,0,0,0,0,0,NA,NA,0,0,0,0,0,0,NA,0,0,0,0,0,0,NA,0,NA,0,NA,0,NA,0,0,0,0,NA,0,0,0,NA,0,0,0,0,0,NA,0,0,NA,0,0,0,NA,0,0,NA,NA,NA,NA,NA,NA,NA,NA,NA,NA,NA,NA,NA,NA,NA,NA
"330",1,1,1,1,0,NA,1,0,0,0,0,NA,0,0,0,0,0,0,0,0,0,0,0,0,0,NA,NA,0,0,0,0,0,0,NA,0,0,0,0,0,0,NA,0,NA,0,NA,0,NA,0,0,0,0,NA,0,0,0,NA,0,0,0,0,0,NA,0,0,NA,0,0,0,NA,0,0,NA,NA,NA,NA,NA,NA,NA,NA,NA,NA,NA,NA,NA,NA,NA,NA
"331",1,1,1,1,0,NA,1,0,0,0,0,0,0,0,0,0,0,0,0,0,0,0,0,NA,0,NA,NA,0,0,0,0,0,0,NA,0,0,0,0,0,0,NA,0,NA,0,NA,0,NA,0,0,0,0,NA,0,0,0,NA,0,0,0,0,0,NA,0,0,NA,0,0,0,NA,0,0,NA,NA,NA,NA,NA,NA,NA,NA,NA,NA,NA,NA,NA,NA,NA,NA
"332",1,1,1,1,0,NA,1,0,0,0,0,NA,0,0,0,0,0,0,0,0,0,0,0,NA,0,NA,NA,0,0,0,0,0,0,NA,0,0,0,0,0,0,NA,0,NA,0,NA,0,NA,0,0,0,0,NA,0,0,0,NA,0,0,0,0,0,NA,0,0,NA,0,0,0,NA,0,0,NA,NA,NA,NA,NA,NA,NA,NA,NA,NA,NA,NA,NA,NA,NA,NA
"333",1,1,1,1,0,NA,1,0,0,0,0,0,0,0,0,NA,0,0,0,0,0,0,0,0,0,NA,NA,0,0,0,0,0,0,NA,0,0,0,0,0,0,NA,0,NA,0,NA,0,NA,0,0,0,0,NA,0,0,0,NA,0,0,0,0,0,NA,0,0,NA,0,0,0,NA,0,0,NA,NA,NA,NA,NA,NA,NA,NA,NA,NA,NA,NA,NA,NA,NA,NA
"334",1,1,1,1,0,NA,1,0,0,0,0,0,0,0,0,0,0,0,0,0,0,0,0,0,0,NA,NA,0,0,0,0,0,0,NA,0,0,0,0,0,0,NA,0,NA,0,NA,0,NA,0,0,0,0,NA,0,0,0,NA,0,0,NA,0,0,NA,0,0,NA,0,0,0,NA,0,0,NA,NA,NA,NA,NA,NA,NA,NA,NA,NA,NA,NA,NA,NA,NA,NA
"335",1,1,1,1,0,NA,1,0,0,0,0,NA,0,0,0,0,0,0,0,0,0,0,0,0,0,NA,NA,0,0,0,0,0,0,NA,0,0,0,0,0,0,NA,0,NA,0,NA,0,NA,0,0,0,0,NA,0,0,0,NA,0,0,NA,0,0,NA,0,0,NA,0,0,0,NA,0,0,NA,NA,NA,NA,NA,NA,NA,NA,NA,NA,NA,NA,NA,NA,NA,NA
"336",1,1,1,1,0,NA,1,0,0,0,0,NA,0,0,0,NA,0,0,0,0,0,0,0,0,0,NA,NA,0,0,0,0,0,0,NA,0,0,0,0,0,0,NA,0,NA,0,NA,0,NA,0,0,0,0,NA,0,0,0,NA,0,0,0,0,0,NA,0,0,NA,0,0,0,NA,0,0,NA,NA,NA,NA,NA,NA,NA,NA,NA,NA,NA,NA,NA,NA,NA,NA
"337",1,1,1,1,0,NA,1,0,0,0,0,0,0,0,0,NA,0,0,0,0,0,0,0,NA,0,NA,NA,0,0,0,0,0,0,NA,0,0,0,0,0,0,NA,0,NA,0,NA,0,NA,0,0,0,0,NA,0,0,0,NA,0,0,0,0,0,NA,0,0,NA,0,0,0,NA,0,0,NA,NA,NA,NA,NA,NA,NA,NA,NA,NA,NA,NA,NA,NA,NA,NA
"338",1,1,1,1,0,NA,1,0,0,0,0,0,0,0,0,0,0,0,0,0,0,0,0,NA,0,NA,NA,0,0,0,0,0,0,NA,0,0,0,0,0,0,NA,0,NA,0,NA,0,NA,0,0,0,0,NA,0,0,0,NA,0,0,NA,0,0,NA,0,0,NA,0,0,0,NA,0,0,NA,NA,NA,NA,NA,NA,NA,NA,NA,NA,NA,NA,NA,NA,NA,NA
"339",1,1,1,1,0,NA,1,0,0,0,0,NA,0,0,0,0,0,0,0,0,0,0,0,NA,0,NA,NA,0,0,0,0,0,0,NA,0,0,0,0,0,0,NA,0,NA,0,NA,0,NA,0,0,0,0,NA,0,0,0,NA,0,0,NA,0,0,NA,0,0,NA,0,0,0,NA,0,0,NA,NA,NA,NA,NA,NA,NA,NA,NA,NA,NA,NA,NA,NA,NA,NA
"340",1,1,1,1,0,NA,1,0,0,0,0,NA,0,0,0,NA,0,0,0,0,0,0,0,NA,0,NA,NA,0,0,0,0,0,0,NA,0,0,0,0,0,0,NA,0,NA,0,NA,0,NA,0,0,0,0,NA,0,0,0,NA,0,0,0,0,0,NA,0,0,NA,0,0,0,NA,0,0,NA,NA,NA,NA,NA,NA,NA,NA,NA,NA,NA,NA,NA,NA,NA,NA
"341",1,1,1,1,0,NA,1,0,0,0,0,0,0,0,0,NA,0,0,0,0,0,0,0,0,0,NA,NA,0,0,0,0,0,0,NA,0,0,0,0,0,0,NA,0,NA,0,NA,0,NA,0,0,0,0,NA,0,0,0,NA,0,0,NA,0,0,NA,0,0,NA,0,0,0,NA,0,0,NA,NA,NA,NA,NA,NA,NA,NA,NA,NA,NA,NA,NA,NA,NA,NA
"342",1,1,1,1,0,NA,1,0,0,0,0,NA,0,0,0,NA,0,0,0,0,0,0,0,0,0,NA,NA,0,0,0,0,0,0,NA,0,0,0,0,0,0,NA,0,NA,0,NA,0,NA,0,0,0,0,NA,0,0,0,NA,0,0,NA,0,0,NA,0,0,NA,0,0,0,NA,0,0,NA,NA,NA,NA,NA,NA,NA,NA,NA,NA,NA,NA,NA,NA,NA,NA
"343",1,1,1,1,0,NA,1,0,0,0,0,0,0,0,0,NA,0,0,0,0,0,0,0,NA,0,NA,NA,0,0,0,0,0,0,NA,0,0,0,0,0,0,NA,0,NA,0,NA,0,NA,0,0,0,0,NA,0,0,0,NA,0,0,NA,0,0,NA,0,0,NA,0,0,0,NA,0,0,NA,NA,NA,NA,NA,NA,NA,NA,NA,NA,NA,NA,NA,NA,NA,NA
"344",1,1,1,1,0,NA,1,0,0,0,0,NA,0,0,0,NA,0,0,0,0,0,0,0,NA,0,NA,NA,0,0,0,0,0,0,NA,0,0,0,0,0,0,NA,0,NA,0,NA,0,NA,0,0,0,0,NA,0,0,0,NA,0,0,NA,0,0,NA,0,0,NA,0,0,0,NA,0,0,NA,NA,NA,NA,NA,NA,NA,NA,NA,NA,NA,NA,NA,NA,NA,NA
"345",1,1,1,1,0,NA,1,0,0,0,0,0,0,0,0,0,0,0,0,0,0,0,0,0,0,NA,NA,0,0,NA,0,0,0,NA,0,0,0,0,0,0,NA,0,NA,0,0,0,NA,0,0,0,0,NA,0,0,0,NA,0,0,0,0,0,NA,0,0,NA,0,0,0,NA,0,0,NA,NA,NA,NA,NA,NA,NA,NA,NA,NA,NA,NA,NA,NA,NA,NA
"346",1,1,1,1,0,NA,1,0,0,0,0,NA,0,0,0,0,0,0,0,0,0,0,0,0,0,NA,NA,0,0,NA,0,0,0,NA,0,0,0,0,0,0,NA,0,NA,0,0,0,NA,0,0,0,0,NA,0,0,0,NA,0,0,0,0,0,NA,0,0,NA,0,0,0,NA,0,0,NA,NA,NA,NA,NA,NA,NA,NA,NA,NA,NA,NA,NA,NA,NA,NA
"347",1,1,1,1,0,NA,1,0,0,0,0,0,0,0,0,0,0,0,0,0,0,0,0,NA,0,NA,NA,0,0,NA,0,0,0,NA,0,0,0,0,0,0,NA,0,NA,0,0,0,NA,0,0,0,0,NA,0,0,0,NA,0,0,0,0,0,NA,0,0,NA,0,0,0,NA,0,0,NA,NA,NA,NA,NA,NA,NA,NA,NA,NA,NA,NA,NA,NA,NA,NA
"348",1,1,1,1,0,NA,1,0,0,0,0,NA,0,0,0,0,0,0,0,0,0,0,0,NA,0,NA,NA,0,0,NA,0,0,0,NA,0,0,0,0,0,0,NA,0,NA,0,0,0,NA,0,0,0,0,NA,0,0,0,NA,0,0,0,0,0,NA,0,0,NA,0,0,0,NA,0,0,NA,NA,NA,NA,NA,NA,NA,NA,NA,NA,NA,NA,NA,NA,NA,NA
"349",1,1,1,1,0,NA,1,0,0,0,0,0,0,0,0,NA,0,0,0,0,0,0,0,0,0,NA,NA,0,0,NA,0,0,0,NA,0,0,0,0,0,0,NA,0,NA,0,0,0,NA,0,0,0,0,NA,0,0,0,NA,0,0,0,0,0,NA,0,0,NA,0,0,0,NA,0,0,NA,NA,NA,NA,NA,NA,NA,NA,NA,NA,NA,NA,NA,NA,NA,NA
"350",1,1,1,1,0,NA,1,0,0,0,0,0,0,0,0,0,0,0,0,0,0,0,0,0,0,NA,NA,0,0,NA,0,0,0,NA,0,0,0,0,0,0,NA,0,NA,0,0,0,NA,0,0,0,0,NA,0,0,0,NA,0,0,NA,0,0,NA,0,0,NA,0,0,0,NA,0,0,NA,NA,NA,NA,NA,NA,NA,NA,NA,NA,NA,NA,NA,NA,NA,NA
"351",1,1,1,1,0,NA,1,0,0,0,0,NA,0,0,0,NA,0,0,0,0,0,0,0,0,0,NA,NA,0,0,NA,0,0,0,NA,0,0,0,0,0,0,NA,0,NA,0,0,0,NA,0,0,0,0,NA,0,0,0,NA,0,0,0,0,0,NA,0,0,NA,0,0,0,NA,0,0,NA,NA,NA,NA,NA,NA,NA,NA,NA,NA,NA,NA,NA,NA,NA,NA
"352",1,1,1,1,0,NA,1,0,0,0,0,NA,0,0,0,0,0,0,0,0,0,0,0,0,0,NA,NA,0,0,NA,0,0,0,NA,0,0,0,0,0,0,NA,0,NA,0,0,0,NA,0,0,0,0,NA,0,0,0,NA,0,0,NA,0,0,NA,0,0,NA,0,0,0,NA,0,0,NA,NA,NA,NA,NA,NA,NA,NA,NA,NA,NA,NA,NA,NA,NA,NA
"353",1,1,1,1,0,NA,1,0,0,0,0,0,0,0,0,NA,0,0,0,0,0,0,0,NA,0,NA,NA,0,0,NA,0,0,0,NA,0,0,0,0,0,0,NA,0,NA,0,0,0,NA,0,0,0,0,NA,0,0,0,NA,0,0,0,0,0,NA,0,0,NA,0,0,0,NA,0,0,NA,NA,NA,NA,NA,NA,NA,NA,NA,NA,NA,NA,NA,NA,NA,NA
"354",1,1,1,1,0,NA,1,0,0,0,0,0,0,0,0,0,0,0,0,0,0,0,0,NA,0,NA,NA,0,0,NA,0,0,0,NA,0,0,0,0,0,0,NA,0,NA,0,0,0,NA,0,0,0,0,NA,0,0,0,NA,0,0,NA,0,0,NA,0,0,NA,0,0,0,NA,0,0,NA,NA,NA,NA,NA,NA,NA,NA,NA,NA,NA,NA,NA,NA,NA,NA
"355",1,1,1,1,0,NA,1,0,0,0,0,NA,0,0,0,NA,0,0,0,0,0,0,0,NA,0,NA,NA,0,0,NA,0,0,0,NA,0,0,0,0,0,0,NA,0,NA,0,0,0,NA,0,0,0,0,NA,0,0,0,NA,0,0,0,0,0,NA,0,0,NA,0,0,0,NA,0,0,NA,NA,NA,NA,NA,NA,NA,NA,NA,NA,NA,NA,NA,NA,NA,NA
"356",0,0,0,1,NA,NA,0,NA,0,0,0,NA,0,0,0,0,0,0,0,0,0,0,0,NA,0,NA,NA,0,0,NA,0,0,0,0,NA,0,0,0,0,NA,NA,0,NA,0,0,0,NA,0,0,0,0,NA,0,0,0,NA,0,0,NA,0,0,NA,0,0,0,0,0,0,NA,0,0,NA,NA,NA,NA,NA,NA,NA,NA,NA,NA,NA,NA,NA,NA,NA,NA
"357",1,1,1,1,0,NA,1,0,0,0,0,0,0,0,0,NA,0,0,0,0,0,0,0,0,0,NA,NA,0,0,NA,0,0,0,NA,0,0,0,0,0,0,NA,0,NA,0,0,0,NA,0,0,0,0,NA,0,0,0,NA,0,0,NA,0,0,NA,0,0,NA,0,0,0,NA,0,0,NA,NA,NA,NA,NA,NA,NA,NA,NA,NA,NA,NA,NA,NA,NA,NA
"358",1,1,1,1,0,NA,1,0,0,0,0,NA,0,0,0,NA,0,0,0,0,0,0,0,0,0,NA,NA,0,0,NA,0,0,0,NA,0,0,0,0,0,0,NA,0,NA,0,0,0,NA,0,0,0,0,NA,0,0,0,NA,0,0,NA,0,0,NA,0,0,NA,0,0,0,NA,0,0,NA,NA,NA,NA,NA,NA,NA,NA,NA,NA,NA,NA,NA,NA,NA,NA
"359",1,1,1,1,0,NA,1,0,0,0,0,0,0,0,0,NA,0,0,0,0,0,0,0,NA,0,NA,NA,0,0,NA,0,0,0,NA,0,0,0,0,0,0,NA,0,NA,0,0,0,NA,0,0,0,0,NA,0,0,0,NA,0,0,NA,0,0,NA,0,0,NA,0,0,0,NA,0,0,NA,NA,NA,NA,NA,NA,NA,NA,NA,NA,NA,NA,NA,NA,NA,NA
"360",0,1,1,1,0,NA,1,0,0,0,0,NA,0,0,0,NA,0,0,0,0,0,0,0,NA,0,NA,NA,0,0,NA,0,0,0,NA,0,0,0,0,0,0,NA,0,NA,0,0,0,NA,0,0,0,0,NA,0,0,0,NA,0,0,NA,0,0,NA,0,0,NA,0,0,0,NA,0,0,NA,NA,NA,NA,NA,NA,NA,NA,NA,NA,NA,NA,NA,NA,NA,NA
"361",1,1,1,1,0,NA,1,0,0,0,0,0,0,0,0,0,0,0,0,0,0,0,0,0,0,NA,NA,0,0,NA,0,0,0,NA,0,0,0,0,0,0,NA,0,NA,0,NA,0,NA,0,0,0,0,NA,0,0,0,NA,0,0,0,0,0,NA,0,0,NA,0,0,0,NA,0,0,NA,NA,NA,NA,NA,NA,NA,NA,NA,NA,NA,NA,NA,NA,NA,NA
"362",1,1,1,1,0,NA,1,0,0,0,0,NA,0,0,0,0,0,0,0,0,0,0,0,0,0,NA,NA,0,0,NA,0,0,0,NA,0,0,0,0,0,0,NA,0,NA,0,NA,0,NA,0,0,0,0,NA,0,0,0,NA,0,0,0,0,0,NA,0,0,NA,0,0,0,NA,0,0,NA,NA,NA,NA,NA,NA,NA,NA,NA,NA,NA,NA,NA,NA,NA,NA
"363",1,1,1,1,0,NA,1,0,0,0,0,0,0,0,0,0,0,0,0,0,0,0,0,NA,0,NA,NA,0,0,NA,0,0,0,NA,0,0,0,0,0,0,NA,0,NA,0,NA,0,NA,0,0,0,0,NA,0,0,0,NA,0,0,0,0,0,NA,0,0,NA,0,0,0,NA,0,0,NA,NA,NA,NA,NA,NA,NA,NA,NA,NA,NA,NA,NA,NA,NA,NA
"364",1,1,1,1,0,NA,1,0,0,0,0,NA,0,0,0,0,0,0,0,0,0,0,0,NA,0,NA,NA,0,0,NA,0,0,0,NA,0,0,0,0,0,0,NA,0,NA,0,NA,0,NA,0,0,0,0,NA,0,0,0,NA,0,0,0,0,0,NA,0,0,NA,0,0,0,NA,0,0,NA,NA,NA,NA,NA,NA,NA,NA,NA,NA,NA,NA,NA,NA,NA,NA
"365",1,1,1,1,0,NA,1,0,0,0,0,0,0,0,0,0,0,0,0,0,0,0,0,0,0,NA,NA,0,0,NA,0,0,0,NA,0,0,0,0,0,0,NA,0,NA,0,NA,0,NA,0,0,0,0,NA,0,0,0,NA,0,0,NA,0,0,NA,0,0,NA,0,0,0,NA,0,0,NA,NA,NA,NA,NA,NA,NA,NA,NA,NA,NA,NA,NA,NA,NA,NA
"366",1,1,1,1,0,NA,1,0,0,0,0,NA,0,0,0,0,0,0,0,0,0,0,0,0,0,NA,NA,0,0,NA,0,0,0,NA,0,0,0,0,0,0,NA,0,NA,0,NA,0,NA,0,0,0,0,NA,0,0,0,NA,0,0,NA,0,0,NA,0,0,NA,0,0,0,NA,0,0,NA,NA,NA,NA,NA,NA,NA,NA,NA,NA,NA,NA,NA,NA,NA,NA
"367",1,1,1,1,0,NA,1,0,0,0,0,0,0,0,0,0,0,0,0,0,0,0,0,NA,0,NA,NA,0,0,NA,0,0,0,NA,0,0,0,0,0,0,NA,0,NA,0,NA,0,NA,0,0,0,0,NA,0,0,0,NA,0,0,NA,0,0,NA,0,0,NA,0,0,0,NA,0,0,NA,NA,NA,NA,NA,NA,NA,NA,NA,NA,NA,NA,NA,NA,NA,NA
"368",0,1,1,1,0,NA,1,0,0,0,0,NA,0,0,0,0,0,0,0,0,0,0,0,NA,0,NA,NA,0,0,NA,0,0,0,NA,0,0,0,0,0,0,NA,0,NA,0,NA,0,NA,0,0,0,0,NA,0,0,0,NA,0,0,NA,0,0,NA,0,0,NA,0,0,0,NA,0,0,NA,NA,NA,NA,NA,NA,NA,NA,NA,NA,NA,NA,NA,NA,NA,NA
"369",1,1,1,1,0,NA,1,0,0,0,0,0,0,0,0,NA,0,0,0,0,0,0,0,0,0,NA,NA,0,0,NA,0,0,0,NA,0,0,0,0,0,0,NA,0,NA,0,NA,0,NA,0,0,0,0,NA,0,0,0,NA,0,0,0,0,0,NA,0,0,NA,0,0,0,NA,0,0,NA,NA,NA,NA,NA,NA,NA,NA,NA,NA,NA,NA,NA,NA,NA,NA
"370",1,1,1,1,0,NA,1,0,0,0,0,NA,0,0,0,NA,0,0,0,0,0,0,0,0,0,NA,NA,0,0,NA,0,0,0,NA,0,0,0,0,0,0,NA,0,NA,0,NA,0,NA,0,0,0,0,NA,0,0,0,NA,0,0,0,0,0,NA,0,0,NA,0,0,0,NA,0,0,NA,NA,NA,NA,NA,NA,NA,NA,NA,NA,NA,NA,NA,NA,NA,NA
"371",1,1,1,1,0,NA,1,0,0,0,0,0,0,0,0,NA,0,0,0,0,0,0,0,0,0,NA,NA,0,0,NA,0,0,0,NA,0,0,0,0,0,0,NA,0,NA,0,NA,0,NA,0,0,0,0,NA,0,0,0,NA,0,0,NA,0,0,NA,0,0,NA,0,0,0,NA,0,0,NA,NA,NA,NA,NA,NA,NA,NA,NA,NA,NA,NA,NA,NA,NA,NA
"372",1,1,1,1,0,NA,1,0,0,0,0,0,0,0,0,NA,0,0,0,0,0,0,0,NA,0,NA,NA,0,0,NA,0,0,0,NA,0,0,0,0,0,0,NA,0,NA,0,NA,0,NA,0,0,0,0,NA,0,0,0,NA,0,0,0,0,0,NA,0,0,NA,0,0,0,NA,0,0,NA,NA,NA,NA,NA,NA,NA,NA,NA,NA,NA,NA,NA,NA,NA,NA
"373",1,1,1,1,0,NA,1,0,0,0,0,NA,0,0,0,NA,0,0,0,0,0,0,0,NA,0,NA,NA,0,0,NA,0,0,0,NA,0,0,0,0,0,0,NA,0,NA,0,NA,0,NA,0,0,0,0,NA,0,0,0,NA,0,0,0,0,0,NA,0,0,NA,0,0,0,NA,0,0,NA,NA,NA,NA,NA,NA,NA,NA,NA,NA,NA,NA,NA,NA,NA,NA
"374",1,1,1,1,0,NA,1,0,0,0,0,NA,0,0,0,NA,0,0,0,0,0,0,0,0,0,NA,NA,0,0,NA,0,0,0,NA,0,0,0,0,0,0,NA,0,NA,0,NA,0,NA,0,0,0,0,NA,0,0,0,NA,0,0,NA,0,0,NA,0,0,NA,0,0,0,NA,0,0,NA,NA,NA,NA,NA,NA,NA,NA,NA,NA,NA,NA,NA,NA,NA,NA
"375",1,1,1,1,0,NA,1,0,0,0,0,0,0,0,0,NA,0,0,0,0,0,0,0,NA,0,NA,NA,0,0,NA,0,0,0,NA,0,0,0,0,0,0,NA,0,NA,0,NA,0,NA,0,0,0,0,NA,0,0,0,NA,0,0,NA,0,0,NA,0,0,NA,0,0,0,NA,0,0,NA,NA,NA,NA,NA,NA,NA,NA,NA,NA,NA,NA,NA,NA,NA,NA
"376",0,1,1,1,0,NA,1,0,0,0,0,NA,0,0,0,NA,0,0,0,0,0,0,0,NA,0,NA,NA,0,0,NA,0,0,0,NA,0,0,0,0,0,0,NA,0,NA,0,NA,0,NA,0,0,0,0,NA,0,0,0,NA,0,0,NA,0,0,NA,0,0,NA,0,0,0,NA,0,0,NA,NA,NA,NA,NA,NA,NA,NA,NA,NA,NA,NA,NA,NA,NA,NA
"377",0.953125,0.941176470588235,0.800531914893617,0.780487804878049,0.691228070175439,0.5,0.425249169435216,0.21875,0.162629757785467,0.127659574468085,0.119047619047619,0,0,0,0,0,0,0,0,0,0,0,0,0,0,0,0,0,0,0,0,0,0,0,0,0,0,0,0,0,0,0,0,0,0,0,0,0,0,0,0,0,0,0,0,0,0,0,0,0,0,0,0,0,0,0,0,0,0,0,0,NA,NA,NA,NA,NA,NA,NA,NA,NA,NA,NA,NA,NA,NA,NA,NA
"378",0.680851063829787,0.180851063829787,1,0.872340425531915,0.757978723404255,0.127659574468085,0.800531914893617,0.595744680851064,0.768617021276596,1,0.893617021276596,0.340425531914894,1,1,1,0.563829787234043,0.992021276595745,1,0.680851063829787,0.840425531914894,1,1,1,0.340425531914894,1,0.0638297872340425,0.319148936170213,0.872340425531915,0.840425531914894,0.340425531914894,0.680851063829787,1,1,0.404255319148936,0.606382978723404,1,1,1,1,0.348404255319149,0.319148936170213,0.180851063829787,0.162234042553192,0.680851063829787,0.446808510638298,1,0.319148936170213,0.808510638297872,0.680851063829787,0.680851063829787,1,0.127659574468085,1,1,1,0.257978723404255,0.180851063829787,1,0.340425531914894,1,1,0.0638297872340425,1,1,0.404255319148936,0.680851063829787,0.680851063829787,1,0.127659574468085,0.680851063829787,0.180851063829787,0,0,0,0,0,0,0,0,0,0,0,0,0,0,0,0
