"","phoB","crp","cra","fur","oxyR","fnr","fis","narL","rhaR","bglJ","leuO","gadE","rcsA","lrp","rcsB","stpA","hns","arcA","fliZ","gadX","marA","ompR","evgA","ydeO","gadW","hdfR","csgD","yjjQ","mlrA","glnG","ptsG","galR","fhlA","rhaS","srlR","xylR","mazE","argP","galS","gutM","exuR","mazF","adiY","cspA","flhD","flhC","dcuR","metJ","zraR","asnC","cusR","yiaJ","putA","cadC","melR","araC","idnR","mraZ","pdeL","purR","fucR","glcC","nhaR","hyfR","yeiL","dpiA","rbsR","betI","lldR","soxS","rob","soxR","marR","mlc","pdhR","uxuR","nac","dnaA","metR","puuR","yqjI","malI","prpR","tdcA","lsrR","nikR","aidB"
"1",NA,0,0,0,0,NA,0,0,0,NA,0,0,0,0,NA,NA,NA,NA,0,0,0,0,NA,NA,NA,NA,NA,NA,NA,0,0,NA,NA,NA,0,0,0,NA,0,0,NA,0,NA,NA,0,0,NA,NA,NA,0,NA,NA,0,0,0,0,NA,0,NA,NA,0,0,0,0,NA,0,0,0,0,NA,NA,NA,NA,NA,NA,NA,NA,NA,NA,NA,NA,NA,NA,NA,NA,NA,NA
"2",NA,0,0,0,0,NA,0,0,0,0,0,NA,0,0,0,0,NA,NA,0,0,0,0,NA,0,0,0,0,0,NA,0,0,NA,NA,NA,0,0,0,NA,0,NA,NA,0,0,0,0,NA,NA,NA,NA,0,0,NA,0,0,0,0,NA,0,NA,NA,0,0,0,0,NA,0,0,0,0,NA,NA,NA,NA,NA,NA,NA,NA,NA,NA,NA,NA,NA,NA,NA,NA,NA,NA
"3",1,NA,NA,NA,NA,1,NA,NA,NA,NA,NA,0,0,0,0,1,NA,0,NA,0,NA,NA,NA,0,0,0,NA,NA,0,NA,NA,0,NA,NA,NA,0,0,0,NA,NA,0,NA,0,NA,NA,NA,0,0,NA,0,0,0,NA,0,NA,NA,NA,0,NA,0,NA,0,0,NA,NA,0,NA,NA,NA,NA,NA,NA,NA,NA,NA,NA,NA,NA,NA,NA,NA,NA,NA,NA,NA,NA,NA
"4",1,NA,NA,NA,NA,1,NA,NA,NA,NA,NA,0,0,0,0,1,NA,0,NA,0,NA,NA,NA,0,0,0,NA,NA,0,NA,NA,0,NA,NA,NA,0,0,0,NA,NA,0,NA,0,NA,NA,NA,0,0,NA,0,0,0,NA,0,0,NA,NA,0,NA,0,NA,0,0,NA,NA,0,NA,NA,NA,NA,NA,NA,NA,NA,NA,NA,NA,NA,NA,NA,NA,NA,NA,NA,NA,NA,NA
"5",1,NA,NA,NA,NA,1,NA,NA,NA,1,1,0,0,0,1,0,NA,0,NA,0,NA,NA,NA,0,0,0,NA,0,0,NA,NA,0,NA,NA,NA,0,0,0,NA,NA,0,NA,0,NA,NA,NA,0,0,NA,0,0,0,NA,0,NA,NA,NA,0,NA,0,NA,0,0,NA,NA,0,NA,NA,NA,NA,NA,NA,NA,NA,NA,NA,NA,NA,NA,NA,NA,NA,NA,NA,NA,NA,NA
"6",1,NA,NA,NA,NA,0,NA,NA,NA,NA,NA,0,0,0,0,1,NA,0,NA,0,NA,NA,NA,0,0,0,NA,NA,0,NA,NA,0,NA,NA,NA,0,0,0,NA,NA,0,NA,0,NA,NA,NA,0,0,NA,0,0,0,NA,0,NA,NA,NA,0,NA,0,NA,0,0,0,NA,0,NA,NA,NA,NA,NA,NA,NA,NA,NA,NA,NA,NA,NA,NA,NA,NA,NA,NA,NA,NA,NA
"7",1,NA,NA,NA,NA,1,NA,NA,NA,NA,NA,0,0,0,0,1,NA,0,NA,0,NA,NA,0,0,0,0,NA,NA,0,NA,NA,0,NA,NA,NA,0,0,0,NA,NA,0,NA,0,NA,NA,NA,0,0,NA,0,0,0,NA,0,NA,NA,NA,0,NA,0,NA,0,0,NA,NA,0,NA,NA,NA,NA,NA,NA,NA,NA,NA,NA,NA,NA,NA,NA,NA,NA,NA,NA,NA,NA,NA
"8",1,NA,NA,NA,NA,1,NA,NA,NA,NA,NA,0,0,0,0,1,NA,0,NA,0,NA,NA,NA,0,0,0,NA,NA,0,NA,NA,0,0,NA,NA,0,0,0,NA,NA,0,NA,0,NA,NA,NA,0,0,NA,0,0,0,NA,0,NA,NA,NA,0,NA,0,NA,0,0,0,NA,0,NA,NA,NA,NA,NA,NA,NA,NA,NA,NA,NA,NA,NA,NA,NA,NA,NA,NA,NA,NA,NA
"9",1,NA,NA,NA,NA,1,NA,NA,NA,NA,NA,0,0,0,0,1,NA,0,NA,0,NA,NA,NA,0,0,0,NA,NA,0,NA,NA,0,NA,NA,NA,0,0,0,NA,NA,0,NA,0,NA,NA,NA,0,0,NA,0,0,0,NA,0,NA,NA,NA,0,0,0,NA,0,0,NA,NA,0,NA,NA,NA,NA,NA,NA,NA,NA,NA,NA,NA,NA,NA,NA,NA,NA,NA,NA,NA,NA,NA
"10",1,NA,NA,NA,NA,0,NA,NA,NA,NA,NA,0,0,0,0,1,NA,0,NA,0,NA,NA,NA,0,0,0,NA,NA,0,NA,NA,0,NA,NA,NA,0,0,0,NA,NA,0,NA,0,NA,NA,NA,0,0,NA,0,0,0,NA,0,NA,NA,NA,0,0,0,NA,0,0,0,NA,0,NA,NA,NA,NA,NA,NA,NA,NA,NA,NA,NA,NA,NA,NA,NA,NA,NA,NA,NA,NA,NA
"11",1,NA,NA,NA,NA,1,NA,NA,NA,NA,NA,0,0,0,0,1,NA,0,NA,0,NA,NA,NA,0,0,0,NA,NA,0,NA,NA,0,NA,NA,NA,0,0,0,NA,NA,0,NA,0,NA,NA,NA,0,0,NA,0,0,0,NA,0,0,NA,NA,0,0,0,NA,0,0,NA,NA,0,NA,NA,NA,NA,NA,NA,NA,NA,NA,NA,NA,NA,NA,NA,NA,NA,NA,NA,NA,NA,NA
"12",1,NA,NA,NA,NA,1,NA,NA,NA,NA,NA,0,0,0,0,1,NA,0,NA,0,NA,NA,0,0,0,0,NA,NA,0,NA,NA,0,NA,NA,NA,0,0,0,NA,NA,0,NA,0,NA,NA,NA,0,0,NA,0,0,0,NA,0,NA,NA,NA,0,0,0,NA,0,0,NA,NA,0,NA,NA,NA,NA,NA,NA,NA,NA,NA,NA,NA,NA,NA,NA,NA,NA,NA,NA,NA,NA,NA
"13",1,NA,NA,NA,NA,1,NA,NA,NA,NA,NA,0,0,0,0,1,NA,0,NA,0,NA,NA,NA,0,0,0,NA,NA,0,NA,NA,0,NA,NA,NA,0,0,0,NA,NA,0,NA,0,NA,NA,NA,0,0,NA,0,0,0,NA,0,NA,NA,NA,0,NA,0,0,0,0,NA,NA,0,NA,NA,NA,NA,NA,NA,NA,NA,NA,NA,NA,NA,NA,NA,NA,NA,NA,NA,NA,NA,NA
"14",1,NA,NA,NA,NA,1,NA,NA,NA,NA,NA,0,0,0,0,1,NA,0,NA,0,NA,NA,NA,0,0,0,NA,NA,0,NA,NA,0,NA,NA,NA,0,0,0,NA,NA,0,NA,0,NA,NA,NA,0,0,NA,0,0,0,NA,0,0,NA,NA,0,NA,0,0,0,0,NA,NA,0,NA,NA,NA,NA,NA,NA,NA,NA,NA,NA,NA,NA,NA,NA,NA,NA,NA,NA,NA,NA,NA
"15",1,NA,NA,NA,NA,1,NA,NA,NA,NA,NA,0,0,0,0,1,NA,0,NA,0,NA,NA,NA,0,0,0,NA,NA,0,NA,NA,0,NA,NA,NA,0,0,0,NA,NA,0,NA,0,NA,NA,NA,0,0,NA,0,0,0,NA,0,NA,NA,NA,0,0,0,0,0,0,NA,NA,0,NA,NA,NA,NA,NA,NA,NA,NA,NA,NA,NA,NA,NA,NA,NA,NA,NA,NA,NA,NA,NA
"16",1,NA,NA,NA,NA,1,NA,NA,NA,NA,NA,0,0,0,0,1,NA,0,NA,0,NA,NA,0,0,0,0,NA,NA,0,NA,NA,0,NA,NA,NA,0,0,0,NA,NA,0,NA,0,NA,NA,NA,0,0,NA,0,0,0,NA,0,0,NA,NA,0,NA,0,NA,0,0,NA,NA,0,NA,NA,NA,NA,NA,NA,NA,NA,NA,NA,NA,NA,NA,NA,NA,NA,NA,NA,NA,NA,NA
"17",1,NA,NA,NA,NA,1,NA,NA,NA,NA,NA,0,0,0,0,1,NA,0,NA,0,NA,NA,0,0,0,0,NA,NA,0,NA,NA,0,NA,NA,NA,0,0,0,NA,NA,0,NA,0,NA,NA,NA,0,0,NA,0,0,0,NA,0,0,NA,NA,0,0,0,NA,0,0,NA,NA,0,NA,NA,NA,NA,NA,NA,NA,NA,NA,NA,NA,NA,NA,NA,NA,NA,NA,NA,NA,NA,NA
"18",1,NA,NA,NA,NA,1,NA,NA,NA,NA,NA,0,0,0,0,1,NA,0,NA,0,NA,NA,NA,0,0,0,NA,NA,0,NA,NA,0,0,NA,NA,0,0,0,NA,NA,0,NA,0,NA,NA,NA,0,0,NA,0,0,0,NA,0,NA,NA,NA,0,0,0,NA,0,0,0,NA,0,NA,NA,NA,NA,NA,NA,NA,NA,NA,NA,NA,NA,NA,NA,NA,NA,NA,NA,NA,NA,NA
"19",1,NA,NA,NA,NA,1,NA,NA,NA,NA,NA,0,0,0,0,1,NA,0,NA,0,NA,NA,0,0,0,0,NA,NA,0,NA,NA,0,NA,NA,NA,0,0,0,NA,NA,0,NA,0,NA,NA,NA,0,0,NA,0,0,0,NA,0,NA,NA,NA,0,NA,0,0,0,0,NA,NA,0,NA,NA,NA,NA,NA,NA,NA,NA,NA,NA,NA,NA,NA,NA,NA,NA,NA,NA,NA,NA,NA
"20",1,NA,NA,NA,NA,0,NA,NA,NA,NA,NA,0,0,0,0,1,NA,0,NA,0,NA,NA,NA,0,0,0,NA,NA,0,NA,NA,0,NA,NA,NA,0,0,0,NA,NA,0,NA,0,NA,NA,NA,0,0,NA,0,0,0,NA,0,0,NA,NA,0,NA,0,NA,0,0,0,NA,0,NA,NA,NA,NA,NA,NA,NA,NA,NA,NA,NA,NA,NA,NA,NA,NA,NA,NA,NA,NA,NA
"21",1,NA,NA,NA,NA,1,NA,NA,NA,NA,NA,0,0,0,0,1,NA,0,NA,0,NA,NA,0,0,0,0,NA,NA,0,NA,NA,0,NA,NA,NA,0,0,0,NA,NA,0,NA,0,NA,NA,NA,0,0,NA,0,0,0,NA,0,0,NA,NA,0,NA,0,0,0,0,NA,NA,0,NA,NA,NA,NA,NA,NA,NA,NA,NA,NA,NA,NA,NA,NA,NA,NA,NA,NA,NA,NA,NA
"22",1,NA,NA,NA,NA,0,NA,NA,NA,NA,NA,0,0,0,0,1,NA,0,NA,0,NA,NA,NA,0,0,0,NA,NA,0,NA,NA,0,NA,NA,NA,0,0,0,NA,NA,0,NA,0,NA,NA,NA,0,0,NA,0,0,0,NA,0,0,NA,NA,0,0,0,NA,0,0,0,NA,0,NA,NA,NA,NA,NA,NA,NA,NA,NA,NA,NA,NA,NA,NA,NA,NA,NA,NA,NA,NA,NA
"23",1,NA,NA,NA,NA,1,NA,NA,NA,NA,NA,0,0,0,0,1,NA,0,NA,0,NA,NA,0,0,0,0,NA,NA,0,NA,NA,0,NA,NA,NA,0,0,0,NA,NA,0,NA,0,NA,NA,NA,0,0,NA,0,0,0,NA,0,NA,NA,NA,0,0,0,0,0,0,NA,NA,0,NA,NA,NA,NA,NA,NA,NA,NA,NA,NA,NA,NA,NA,NA,NA,NA,NA,NA,NA,NA,NA
"24",1,NA,NA,NA,NA,0,NA,NA,NA,NA,NA,0,0,0,0,1,NA,0,NA,0,NA,NA,0,0,0,0,NA,NA,0,NA,NA,0,NA,NA,NA,0,0,0,NA,NA,0,NA,0,NA,NA,NA,0,0,NA,0,0,0,NA,0,NA,NA,NA,0,NA,0,NA,0,0,0,NA,0,NA,NA,NA,NA,NA,NA,NA,NA,NA,NA,NA,NA,NA,NA,NA,NA,NA,NA,NA,NA,NA
"25",1,NA,NA,NA,NA,1,NA,NA,NA,NA,NA,0,0,0,0,1,NA,0,NA,0,NA,NA,NA,0,0,0,NA,NA,0,NA,NA,0,NA,NA,NA,0,0,0,NA,NA,0,NA,0,NA,NA,NA,0,0,NA,0,0,0,NA,0,0,NA,NA,0,0,0,0,0,0,NA,NA,0,NA,NA,NA,NA,NA,NA,NA,NA,NA,NA,NA,NA,NA,NA,NA,NA,NA,NA,NA,NA,NA
"26",1,NA,NA,NA,NA,0,NA,NA,NA,NA,NA,0,0,0,0,1,NA,0,NA,0,NA,NA,0,0,0,0,NA,NA,0,NA,NA,0,NA,NA,NA,0,0,0,NA,NA,0,NA,0,NA,NA,NA,0,0,NA,0,0,0,NA,0,0,NA,NA,0,NA,0,NA,0,0,0,NA,0,NA,NA,NA,NA,NA,NA,NA,NA,NA,NA,NA,NA,NA,NA,NA,NA,NA,NA,NA,NA,NA
"27",1,NA,NA,NA,NA,1,NA,NA,NA,NA,NA,0,0,0,0,1,NA,0,NA,0,NA,NA,0,0,0,0,NA,NA,0,NA,NA,0,NA,NA,NA,0,0,0,NA,NA,0,NA,0,NA,NA,NA,0,0,NA,0,0,0,NA,0,0,NA,NA,0,0,0,0,0,0,NA,NA,0,NA,NA,NA,NA,NA,NA,NA,NA,NA,NA,NA,NA,NA,NA,NA,NA,NA,NA,NA,NA,NA
"28",1,NA,NA,NA,NA,0,NA,NA,NA,NA,NA,0,0,0,0,1,NA,0,NA,0,NA,NA,0,0,0,0,NA,NA,0,NA,NA,0,NA,NA,NA,0,0,0,NA,NA,0,NA,0,NA,NA,NA,0,0,NA,0,0,0,NA,0,NA,NA,NA,0,0,0,NA,0,0,0,NA,0,NA,NA,NA,NA,NA,NA,NA,NA,NA,NA,NA,NA,NA,NA,NA,NA,NA,NA,NA,NA,NA
"29",1,NA,NA,NA,NA,0,NA,NA,NA,NA,NA,0,0,0,0,1,NA,0,NA,0,NA,NA,0,0,0,0,NA,NA,0,NA,NA,0,NA,NA,NA,0,0,0,NA,NA,0,NA,0,NA,NA,NA,0,0,NA,0,0,0,NA,0,0,NA,NA,0,0,0,NA,0,0,0,NA,0,NA,NA,NA,NA,NA,NA,NA,NA,NA,NA,NA,NA,NA,NA,NA,NA,NA,NA,NA,NA,NA
"30",1,NA,NA,NA,NA,0,NA,NA,NA,NA,NA,0,0,0,0,1,NA,0,NA,0,NA,NA,NA,0,0,0,NA,NA,0,NA,NA,0,NA,NA,NA,0,0,0,NA,NA,0,NA,0,NA,NA,NA,0,0,NA,0,0,0,NA,0,NA,NA,NA,0,NA,0,0,0,0,0,NA,0,NA,NA,NA,NA,NA,NA,NA,NA,NA,NA,NA,NA,NA,NA,NA,NA,NA,NA,NA,NA,NA
"31",1,NA,NA,NA,NA,0,NA,NA,NA,NA,NA,0,0,0,0,1,NA,0,NA,0,NA,NA,0,0,0,0,NA,NA,0,NA,NA,0,NA,NA,NA,0,0,0,NA,NA,0,NA,0,NA,NA,NA,0,0,NA,0,0,0,NA,0,NA,NA,NA,0,NA,0,0,0,0,0,NA,0,NA,NA,NA,NA,NA,NA,NA,NA,NA,NA,NA,NA,NA,NA,NA,NA,NA,NA,NA,NA,NA
"32",1,NA,NA,NA,NA,0,NA,NA,NA,NA,NA,0,0,0,0,1,NA,0,NA,0,NA,NA,NA,0,0,0,NA,NA,0,NA,NA,0,NA,NA,NA,0,0,0,NA,NA,0,NA,0,NA,NA,NA,0,0,NA,0,0,0,NA,0,NA,NA,NA,0,0,0,0,0,0,0,NA,0,NA,NA,NA,NA,NA,NA,NA,NA,NA,NA,NA,NA,NA,NA,NA,NA,NA,NA,NA,NA,NA
"33",1,NA,NA,NA,NA,0,NA,NA,NA,NA,NA,0,0,0,0,1,NA,0,NA,0,NA,NA,NA,0,0,0,NA,NA,0,NA,NA,0,NA,NA,NA,0,0,0,NA,NA,0,NA,0,NA,NA,NA,0,0,NA,0,0,0,NA,0,0,NA,NA,0,NA,0,0,0,0,0,NA,0,NA,NA,NA,NA,NA,NA,NA,NA,NA,NA,NA,NA,NA,NA,NA,NA,NA,NA,NA,NA,NA
"34",1,NA,NA,NA,NA,0,NA,NA,NA,NA,NA,0,0,0,0,1,NA,0,NA,0,NA,NA,NA,0,0,0,NA,NA,0,NA,NA,0,NA,NA,NA,0,0,0,NA,NA,0,NA,0,NA,NA,NA,0,0,NA,0,0,0,NA,0,0,NA,NA,0,0,0,0,0,0,0,NA,0,NA,NA,NA,NA,NA,NA,NA,NA,NA,NA,NA,NA,NA,NA,NA,NA,NA,NA,NA,NA,NA
"35",1,NA,NA,NA,NA,0,NA,NA,NA,NA,NA,0,0,0,0,1,NA,0,NA,0,NA,NA,0,0,0,0,NA,NA,0,NA,NA,0,NA,NA,NA,0,0,0,NA,NA,0,NA,0,NA,NA,NA,0,0,NA,0,0,0,NA,0,0,NA,NA,0,NA,0,0,0,0,0,NA,0,NA,NA,NA,NA,NA,NA,NA,NA,NA,NA,NA,NA,NA,NA,NA,NA,NA,NA,NA,NA,NA
"36",1,NA,NA,NA,NA,0,NA,NA,NA,NA,NA,0,0,0,0,1,NA,0,NA,0,NA,NA,0,0,0,0,NA,NA,0,NA,NA,0,NA,NA,NA,0,0,0,NA,NA,0,NA,0,NA,NA,NA,0,0,NA,0,0,0,NA,0,NA,NA,NA,0,0,0,0,0,0,0,NA,0,NA,NA,NA,NA,NA,NA,NA,NA,NA,NA,NA,NA,NA,NA,NA,NA,NA,NA,NA,NA,NA
"37",1,NA,NA,NA,NA,0,NA,NA,NA,NA,NA,0,0,0,0,1,NA,0,NA,0,NA,NA,0,0,0,0,NA,NA,0,NA,NA,0,NA,NA,NA,0,0,0,NA,NA,0,NA,0,NA,NA,NA,0,0,NA,0,0,0,NA,0,0,NA,NA,0,0,0,0,0,0,0,NA,0,NA,NA,NA,NA,NA,NA,NA,NA,NA,NA,NA,NA,NA,NA,NA,NA,NA,NA,NA,NA,NA
"38",1,NA,NA,NA,NA,1,NA,NA,NA,NA,NA,0,0,0,0,1,NA,0,NA,0,NA,NA,0,0,0,0,NA,NA,0,NA,NA,0,0,NA,NA,0,0,0,NA,NA,0,NA,0,NA,NA,NA,0,0,NA,0,0,0,NA,0,NA,NA,NA,0,NA,0,NA,0,0,0,NA,0,NA,NA,NA,NA,NA,NA,NA,NA,NA,NA,NA,NA,NA,NA,NA,NA,NA,NA,NA,NA,NA
"39",1,NA,NA,NA,NA,1,NA,NA,NA,NA,NA,0,0,0,0,1,NA,0,NA,0,NA,NA,NA,0,0,0,NA,NA,0,NA,NA,0,0,NA,NA,0,0,0,NA,NA,0,NA,0,NA,NA,NA,0,0,NA,0,0,0,NA,0,0,NA,NA,0,NA,0,NA,0,0,0,NA,0,NA,NA,NA,NA,NA,NA,NA,NA,NA,NA,NA,NA,NA,NA,NA,NA,NA,NA,NA,NA,NA
"40",1,NA,NA,NA,NA,1,NA,NA,NA,NA,NA,0,0,0,0,1,NA,0,NA,0,NA,NA,0,0,0,0,NA,NA,0,NA,NA,0,0,NA,NA,0,0,0,NA,NA,0,NA,0,NA,NA,NA,0,0,NA,0,0,0,NA,0,NA,NA,NA,0,0,0,NA,0,0,0,NA,0,NA,NA,NA,NA,NA,NA,NA,NA,NA,NA,NA,NA,NA,NA,NA,NA,NA,NA,NA,NA,NA
"41",1,NA,NA,NA,NA,1,NA,NA,NA,NA,NA,0,0,0,0,1,NA,0,NA,0,NA,NA,0,0,0,0,NA,NA,0,NA,NA,0,0,NA,NA,0,0,0,NA,NA,0,NA,0,NA,NA,NA,0,0,NA,0,0,0,NA,0,0,NA,NA,0,NA,0,NA,0,0,0,NA,0,NA,NA,NA,NA,NA,NA,NA,NA,NA,NA,NA,NA,NA,NA,NA,NA,NA,NA,NA,NA,NA
"42",1,NA,NA,NA,NA,1,NA,NA,NA,NA,NA,0,0,0,0,1,NA,0,NA,0,NA,NA,NA,0,0,0,NA,NA,0,NA,NA,0,0,NA,NA,0,0,0,NA,NA,0,NA,0,NA,NA,NA,0,0,NA,0,0,0,NA,0,0,NA,NA,0,0,0,NA,0,0,0,NA,0,NA,NA,NA,NA,NA,NA,NA,NA,NA,NA,NA,NA,NA,NA,NA,NA,NA,NA,NA,NA,NA
"43",1,NA,NA,NA,NA,1,NA,NA,NA,NA,NA,0,0,0,0,1,NA,0,NA,0,NA,NA,0,0,0,0,NA,NA,0,NA,NA,0,0,NA,NA,0,0,0,NA,NA,0,NA,0,NA,NA,NA,0,0,NA,0,0,0,NA,0,0,NA,NA,0,0,0,NA,0,0,0,NA,0,NA,NA,NA,NA,NA,NA,NA,NA,NA,NA,NA,NA,NA,NA,NA,NA,NA,NA,NA,NA,NA
"44",1,NA,NA,NA,NA,1,NA,NA,NA,NA,NA,0,0,0,0,1,NA,0,NA,0,NA,NA,NA,0,0,0,NA,NA,0,NA,NA,0,0,NA,NA,0,0,0,NA,NA,0,NA,0,NA,NA,NA,0,0,NA,0,0,0,NA,0,NA,NA,NA,0,NA,0,0,0,0,0,NA,0,NA,NA,NA,NA,NA,NA,NA,NA,NA,NA,NA,NA,NA,NA,NA,NA,NA,NA,NA,NA,NA
"45",1,NA,NA,NA,NA,1,NA,NA,NA,NA,NA,0,0,0,0,1,NA,0,NA,0,NA,NA,0,0,0,0,NA,NA,0,NA,NA,0,0,NA,NA,0,0,0,NA,NA,0,NA,0,NA,NA,NA,0,0,NA,0,0,0,NA,0,NA,NA,NA,0,NA,0,0,0,0,0,NA,0,NA,NA,NA,NA,NA,NA,NA,NA,NA,NA,NA,NA,NA,NA,NA,NA,NA,NA,NA,NA,NA
"46",1,NA,NA,NA,NA,1,NA,NA,NA,NA,NA,0,0,0,0,1,NA,0,NA,0,NA,NA,NA,0,0,0,NA,NA,0,NA,NA,0,0,NA,NA,0,0,0,NA,NA,0,NA,0,NA,NA,NA,0,0,NA,0,0,0,NA,0,NA,NA,NA,0,0,0,0,0,0,0,NA,0,NA,NA,NA,NA,NA,NA,NA,NA,NA,NA,NA,NA,NA,NA,NA,NA,NA,NA,NA,NA,NA
"47",1,NA,NA,NA,NA,1,NA,NA,NA,NA,NA,0,0,0,0,1,NA,0,NA,0,NA,NA,NA,0,0,0,NA,NA,0,NA,NA,0,0,NA,NA,0,0,0,NA,NA,0,NA,0,NA,NA,NA,0,0,NA,0,0,0,NA,0,0,NA,NA,0,NA,0,0,0,0,0,NA,0,NA,NA,NA,NA,NA,NA,NA,NA,NA,NA,NA,NA,NA,NA,NA,NA,NA,NA,NA,NA,NA
"48",1,NA,NA,NA,NA,1,NA,NA,NA,NA,NA,0,0,0,0,1,NA,0,NA,0,NA,NA,NA,0,0,0,NA,NA,0,NA,NA,0,0,NA,NA,0,0,0,NA,NA,0,NA,0,NA,NA,NA,0,0,NA,0,0,0,NA,0,0,NA,NA,0,0,0,0,0,0,0,NA,0,NA,NA,NA,NA,NA,NA,NA,NA,NA,NA,NA,NA,NA,NA,NA,NA,NA,NA,NA,NA,NA
"49",1,NA,NA,NA,NA,1,NA,NA,NA,NA,NA,0,0,0,0,1,NA,0,NA,0,NA,NA,0,0,0,0,NA,NA,0,NA,NA,0,0,NA,NA,0,0,0,NA,NA,0,NA,0,NA,NA,NA,0,0,NA,0,0,0,NA,0,0,NA,NA,0,NA,0,0,0,0,0,NA,0,NA,NA,NA,NA,NA,NA,NA,NA,NA,NA,NA,NA,NA,NA,NA,NA,NA,NA,NA,NA,NA
"50",1,NA,NA,NA,NA,1,NA,NA,NA,NA,NA,0,0,0,0,1,NA,0,NA,0,NA,NA,0,0,0,0,NA,NA,0,NA,NA,0,0,NA,NA,0,0,0,NA,NA,0,NA,0,NA,NA,NA,0,0,NA,0,0,0,NA,0,NA,NA,NA,0,0,0,0,0,0,0,NA,0,NA,NA,NA,NA,NA,NA,NA,NA,NA,NA,NA,NA,NA,NA,NA,NA,NA,NA,NA,NA,NA
"51",1,NA,NA,NA,NA,1,NA,NA,NA,NA,NA,0,0,0,0,1,NA,0,NA,0,NA,NA,0,0,0,0,NA,NA,0,NA,NA,0,0,NA,NA,0,0,0,NA,NA,0,NA,0,NA,NA,NA,0,0,NA,0,0,0,NA,0,0,NA,NA,0,0,0,0,0,0,0,NA,0,NA,NA,NA,NA,NA,NA,NA,NA,NA,NA,NA,NA,NA,NA,NA,NA,NA,NA,NA,NA,NA
"52",NA,1,1,1,1,NA,1,1,0,NA,0,0,1,0,NA,NA,NA,NA,0,NA,0,0,NA,NA,0,NA,NA,NA,NA,0,0,NA,NA,NA,0,0,0,NA,0,0,NA,0,NA,NA,0,0,NA,NA,NA,0,NA,NA,0,0,0,0,NA,0,NA,NA,0,0,0,0,NA,NA,0,0,0,NA,NA,NA,NA,NA,NA,NA,NA,NA,NA,NA,NA,NA,NA,NA,NA,NA,NA
"53",NA,1,1,1,1,NA,1,1,0,NA,NA,0,1,0,NA,NA,0,NA,0,NA,0,0,NA,0,0,NA,NA,NA,0,0,0,NA,NA,NA,NA,0,0,NA,0,0,NA,0,NA,NA,0,0,NA,NA,0,0,NA,NA,0,0,0,0,NA,0,NA,NA,0,0,0,0,NA,NA,0,0,0,NA,NA,NA,NA,NA,NA,NA,NA,NA,NA,NA,NA,NA,NA,NA,NA,NA,NA
"54",1,NA,NA,NA,NA,1,NA,NA,NA,1,1,0,0,0,1,0,NA,0,NA,0,NA,NA,NA,0,0,0,NA,0,0,NA,NA,0,NA,NA,NA,0,0,0,NA,NA,0,NA,0,NA,NA,NA,0,0,NA,0,0,0,NA,0,0,NA,NA,0,NA,0,NA,0,0,NA,NA,0,NA,NA,NA,NA,NA,NA,NA,NA,NA,NA,NA,NA,NA,NA,NA,NA,NA,NA,NA,NA,NA
"55",1,NA,NA,NA,NA,1,NA,NA,NA,1,1,0,0,0,1,0,NA,0,NA,0,NA,NA,0,0,0,0,NA,0,0,NA,NA,0,NA,NA,NA,0,0,0,NA,NA,0,NA,0,NA,NA,NA,0,0,NA,0,0,0,NA,0,NA,NA,NA,0,NA,0,NA,0,0,NA,NA,0,NA,NA,NA,NA,NA,NA,NA,NA,NA,NA,NA,NA,NA,NA,NA,NA,NA,NA,NA,NA,NA
"56",1,NA,NA,NA,NA,1,NA,NA,NA,1,1,0,0,0,1,0,NA,0,NA,0,NA,NA,NA,0,0,0,NA,0,0,NA,NA,0,NA,NA,NA,0,0,0,NA,NA,0,NA,0,NA,NA,NA,0,0,NA,0,0,0,NA,0,NA,NA,NA,0,0,0,NA,0,0,NA,NA,0,NA,NA,NA,NA,NA,NA,NA,NA,NA,NA,NA,NA,NA,NA,NA,NA,NA,NA,NA,NA,NA
"57",1,NA,NA,NA,NA,1,NA,NA,NA,1,1,0,0,0,1,0,NA,0,NA,0,NA,NA,0,0,0,0,NA,0,0,NA,NA,0,NA,NA,NA,0,0,0,NA,NA,0,NA,0,NA,NA,NA,0,0,NA,0,0,0,NA,0,0,NA,NA,0,NA,0,NA,0,0,NA,NA,0,NA,NA,NA,NA,NA,NA,NA,NA,NA,NA,NA,NA,NA,NA,NA,NA,NA,NA,NA,NA,NA
"58",1,NA,NA,NA,NA,1,NA,NA,NA,1,1,0,0,0,1,0,NA,0,NA,0,NA,NA,NA,0,0,0,NA,0,0,NA,NA,0,NA,NA,NA,0,0,0,NA,NA,0,NA,0,NA,NA,NA,0,0,NA,0,0,0,NA,0,0,NA,NA,0,0,0,NA,0,0,NA,NA,0,NA,NA,NA,NA,NA,NA,NA,NA,NA,NA,NA,NA,NA,NA,NA,NA,NA,NA,NA,NA,NA
"59",1,NA,NA,NA,NA,1,NA,NA,NA,1,1,0,0,0,1,0,NA,0,NA,0,NA,NA,0,0,0,0,NA,0,0,NA,NA,0,NA,NA,NA,0,0,0,NA,NA,0,NA,0,NA,NA,NA,0,0,NA,0,0,0,NA,0,NA,NA,NA,0,0,0,NA,0,0,NA,NA,0,NA,NA,NA,NA,NA,NA,NA,NA,NA,NA,NA,NA,NA,NA,NA,NA,NA,NA,NA,NA,NA
"60",1,NA,NA,NA,NA,1,NA,NA,NA,1,1,0,0,0,1,0,NA,0,NA,0,NA,NA,0,0,0,0,NA,0,0,NA,NA,0,NA,NA,NA,0,0,0,NA,NA,0,NA,0,NA,NA,NA,0,0,NA,0,0,0,NA,0,0,NA,NA,0,0,0,NA,0,0,NA,NA,0,NA,NA,NA,NA,NA,NA,NA,NA,NA,NA,NA,NA,NA,NA,NA,NA,NA,NA,NA,NA,NA
"61",1,NA,NA,NA,NA,1,NA,NA,NA,1,1,0,0,0,1,0,NA,0,NA,0,NA,NA,NA,0,0,0,NA,0,0,NA,NA,0,NA,NA,NA,0,0,0,NA,NA,0,NA,0,NA,NA,NA,0,0,NA,0,0,0,NA,0,NA,NA,NA,0,NA,0,0,0,0,NA,NA,0,NA,NA,NA,NA,NA,NA,NA,NA,NA,NA,NA,NA,NA,NA,NA,NA,NA,NA,NA,NA,NA
"62",1,NA,NA,NA,NA,1,NA,NA,NA,1,1,0,0,0,1,0,NA,0,NA,0,NA,NA,NA,0,0,0,NA,0,0,NA,NA,0,NA,NA,NA,0,0,0,NA,NA,0,NA,0,NA,NA,NA,0,0,NA,0,0,0,NA,0,NA,NA,NA,0,0,0,0,0,0,NA,NA,0,NA,NA,NA,NA,NA,NA,NA,NA,NA,NA,NA,NA,NA,NA,NA,NA,NA,NA,NA,NA,NA
"63",1,NA,NA,NA,NA,1,NA,NA,NA,1,1,0,0,0,1,0,NA,0,NA,0,NA,NA,0,0,0,0,NA,0,0,NA,NA,0,NA,NA,NA,0,0,0,NA,NA,0,NA,0,NA,NA,NA,0,0,NA,0,0,0,NA,0,NA,NA,NA,0,NA,0,0,0,0,NA,NA,0,NA,NA,NA,NA,NA,NA,NA,NA,NA,NA,NA,NA,NA,NA,NA,NA,NA,NA,NA,NA,NA
"64",1,NA,NA,NA,NA,1,NA,NA,NA,1,1,0,0,0,1,0,NA,0,NA,0,NA,NA,NA,0,0,0,NA,0,0,NA,NA,0,NA,NA,NA,0,0,0,NA,NA,0,NA,0,NA,NA,NA,0,0,NA,0,0,0,NA,0,0,NA,NA,0,NA,0,0,0,0,NA,NA,0,NA,NA,NA,NA,NA,NA,NA,NA,NA,NA,NA,NA,NA,NA,NA,NA,NA,NA,NA,NA,NA
"65",1,NA,NA,NA,NA,1,NA,NA,NA,1,1,0,0,0,1,0,NA,0,NA,0,NA,NA,0,0,0,0,NA,0,0,NA,NA,0,NA,NA,NA,0,0,0,NA,NA,0,NA,0,NA,NA,NA,0,0,NA,0,0,0,NA,0,NA,NA,NA,0,0,0,0,0,0,NA,NA,0,NA,NA,NA,NA,NA,NA,NA,NA,NA,NA,NA,NA,NA,NA,NA,NA,NA,NA,NA,NA,NA
"66",1,NA,NA,NA,NA,1,NA,NA,NA,1,1,0,0,0,1,0,NA,0,NA,0,NA,NA,NA,0,0,0,NA,0,0,NA,NA,0,NA,NA,NA,0,0,0,NA,NA,0,NA,0,NA,NA,NA,0,0,NA,0,0,0,NA,0,0,NA,NA,0,0,0,0,0,0,NA,NA,0,NA,NA,NA,NA,NA,NA,NA,NA,NA,NA,NA,NA,NA,NA,NA,NA,NA,NA,NA,NA,NA
"67",1,NA,NA,NA,NA,1,NA,NA,NA,1,1,0,0,0,1,0,NA,0,NA,0,NA,NA,0,0,0,0,NA,0,0,NA,NA,0,NA,NA,NA,0,0,0,NA,NA,0,NA,0,NA,NA,NA,0,0,NA,0,0,0,NA,0,0,NA,NA,0,NA,0,0,0,0,NA,NA,0,NA,NA,NA,NA,NA,NA,NA,NA,NA,NA,NA,NA,NA,NA,NA,NA,NA,NA,NA,NA,NA
"68",1,NA,NA,NA,NA,1,NA,NA,NA,1,1,0,0,0,1,0,NA,0,NA,0,NA,NA,0,0,0,0,NA,0,0,NA,NA,0,NA,NA,NA,0,0,0,NA,NA,0,NA,0,NA,NA,NA,0,0,NA,0,0,0,NA,0,0,NA,NA,0,0,0,0,0,0,NA,NA,0,NA,NA,NA,NA,NA,NA,NA,NA,NA,NA,NA,NA,NA,NA,NA,NA,NA,NA,NA,NA,NA
"69",1,NA,NA,NA,NA,0,NA,NA,NA,1,1,0,0,0,1,0,NA,0,NA,0,NA,NA,NA,0,0,0,NA,0,0,NA,NA,0,NA,NA,NA,0,0,0,NA,NA,0,NA,0,NA,NA,NA,0,0,NA,0,0,0,NA,0,NA,NA,NA,0,NA,0,NA,0,0,0,NA,0,NA,NA,NA,NA,NA,NA,NA,NA,NA,NA,NA,NA,NA,NA,NA,NA,NA,NA,NA,NA,NA
"70",1,NA,NA,NA,NA,0,NA,NA,NA,1,1,0,0,0,1,0,NA,0,NA,0,NA,NA,NA,0,0,0,NA,0,0,NA,NA,0,NA,NA,NA,0,0,0,NA,NA,0,NA,0,NA,NA,NA,0,0,NA,0,0,0,NA,0,NA,NA,NA,0,0,0,NA,0,0,0,NA,0,NA,NA,NA,NA,NA,NA,NA,NA,NA,NA,NA,NA,NA,NA,NA,NA,NA,NA,NA,NA,NA
"71",1,NA,NA,NA,NA,0,NA,NA,NA,1,1,0,0,0,1,0,NA,0,NA,0,NA,NA,0,0,0,0,NA,0,0,NA,NA,0,NA,NA,NA,0,0,0,NA,NA,0,NA,0,NA,NA,NA,0,0,NA,0,0,0,NA,0,NA,NA,NA,0,NA,0,NA,0,0,0,NA,0,NA,NA,NA,NA,NA,NA,NA,NA,NA,NA,NA,NA,NA,NA,NA,NA,NA,NA,NA,NA,NA
"72",1,NA,NA,NA,NA,0,NA,NA,NA,1,1,0,0,0,1,0,NA,0,NA,0,NA,NA,NA,0,0,0,NA,0,0,NA,NA,0,NA,NA,NA,0,0,0,NA,NA,0,NA,0,NA,NA,NA,0,0,NA,0,0,0,NA,0,0,NA,NA,0,NA,0,NA,0,0,0,NA,0,NA,NA,NA,NA,NA,NA,NA,NA,NA,NA,NA,NA,NA,NA,NA,NA,NA,NA,NA,NA,NA
"73",1,NA,NA,NA,NA,0,NA,NA,NA,1,1,0,0,0,1,0,NA,0,NA,0,NA,NA,NA,0,0,0,NA,0,0,NA,NA,0,NA,NA,NA,0,0,0,NA,NA,0,NA,0,NA,NA,NA,0,0,NA,0,0,0,NA,0,0,NA,NA,0,0,0,NA,0,0,0,NA,0,NA,NA,NA,NA,NA,NA,NA,NA,NA,NA,NA,NA,NA,NA,NA,NA,NA,NA,NA,NA,NA
"74",1,NA,NA,NA,NA,0,NA,NA,NA,1,1,0,0,0,1,0,NA,0,NA,0,NA,NA,0,0,0,0,NA,0,0,NA,NA,0,NA,NA,NA,0,0,0,NA,NA,0,NA,0,NA,NA,NA,0,0,NA,0,0,0,NA,0,NA,NA,NA,0,0,0,NA,0,0,0,NA,0,NA,NA,NA,NA,NA,NA,NA,NA,NA,NA,NA,NA,NA,NA,NA,NA,NA,NA,NA,NA,NA
"75",1,NA,NA,NA,NA,0,NA,NA,NA,1,1,0,0,0,1,0,NA,0,NA,0,NA,NA,0,0,0,0,NA,0,0,NA,NA,0,NA,NA,NA,0,0,0,NA,NA,0,NA,0,NA,NA,NA,0,0,NA,0,0,0,NA,0,0,NA,NA,0,NA,0,NA,0,0,0,NA,0,NA,NA,NA,NA,NA,NA,NA,NA,NA,NA,NA,NA,NA,NA,NA,NA,NA,NA,NA,NA,NA
"76",1,NA,NA,NA,NA,0,NA,NA,NA,1,1,0,0,0,1,0,NA,0,NA,0,NA,NA,0,0,0,0,NA,0,0,NA,NA,0,NA,NA,NA,0,0,0,NA,NA,0,NA,0,NA,NA,NA,0,0,NA,0,0,0,NA,0,0,NA,NA,0,0,0,NA,0,0,0,NA,0,NA,NA,NA,NA,NA,NA,NA,NA,NA,NA,NA,NA,NA,NA,NA,NA,NA,NA,NA,NA,NA
"77",1,NA,NA,NA,NA,1,NA,NA,NA,1,1,0,0,0,1,0,NA,0,NA,0,NA,NA,NA,0,0,0,NA,0,0,NA,NA,0,0,NA,NA,0,0,0,NA,NA,0,NA,0,NA,NA,NA,0,0,NA,0,0,0,NA,0,NA,NA,NA,0,NA,0,NA,0,0,0,NA,0,NA,NA,NA,NA,NA,NA,NA,NA,NA,NA,NA,NA,NA,NA,NA,NA,NA,NA,NA,NA,NA
"78",1,NA,NA,NA,NA,1,NA,NA,NA,1,1,0,0,0,1,0,NA,0,NA,0,NA,NA,0,0,0,0,NA,0,0,NA,NA,0,0,NA,NA,0,0,0,NA,NA,0,NA,0,NA,NA,NA,0,0,NA,0,0,0,NA,0,NA,NA,NA,0,NA,0,NA,0,0,0,NA,0,NA,NA,NA,NA,NA,NA,NA,NA,NA,NA,NA,NA,NA,NA,NA,NA,NA,NA,NA,NA,NA
"79",1,NA,NA,NA,NA,1,NA,NA,NA,1,1,0,0,0,1,0,NA,0,NA,0,NA,NA,NA,0,0,0,NA,0,0,NA,NA,0,0,NA,NA,0,0,0,NA,NA,0,NA,0,NA,NA,NA,0,0,NA,0,0,0,NA,0,NA,NA,NA,0,0,0,NA,0,0,0,NA,0,NA,NA,NA,NA,NA,NA,NA,NA,NA,NA,NA,NA,NA,NA,NA,NA,NA,NA,NA,NA,NA
"80",1,NA,NA,NA,NA,1,NA,NA,NA,1,1,0,0,0,1,0,NA,0,NA,0,NA,NA,NA,0,0,0,NA,0,0,NA,NA,0,0,NA,NA,0,0,0,NA,NA,0,NA,0,NA,NA,NA,0,0,NA,0,0,0,NA,0,0,NA,NA,0,NA,0,NA,0,0,0,NA,0,NA,NA,NA,NA,NA,NA,NA,NA,NA,NA,NA,NA,NA,NA,NA,NA,NA,NA,NA,NA,NA
"81",1,NA,NA,NA,NA,1,NA,NA,NA,1,1,0,0,0,1,0,NA,0,NA,0,NA,NA,0,0,0,0,NA,0,0,NA,NA,0,0,NA,NA,0,0,0,NA,NA,0,NA,0,NA,NA,NA,0,0,NA,0,0,0,NA,0,0,NA,NA,0,NA,0,NA,0,0,0,NA,0,NA,NA,NA,NA,NA,NA,NA,NA,NA,NA,NA,NA,NA,NA,NA,NA,NA,NA,NA,NA,NA
"82",1,NA,NA,NA,NA,1,NA,NA,NA,1,1,0,0,0,1,0,NA,0,NA,0,NA,NA,0,0,0,0,NA,0,0,NA,NA,0,0,NA,NA,0,0,0,NA,NA,0,NA,0,NA,NA,NA,0,0,NA,0,0,0,NA,0,NA,NA,NA,0,0,0,NA,0,0,0,NA,0,NA,NA,NA,NA,NA,NA,NA,NA,NA,NA,NA,NA,NA,NA,NA,NA,NA,NA,NA,NA,NA
"83",1,NA,NA,NA,NA,1,NA,NA,NA,1,1,0,0,0,1,0,NA,0,NA,0,NA,NA,NA,0,0,0,NA,0,0,NA,NA,0,0,NA,NA,0,0,0,NA,NA,0,NA,0,NA,NA,NA,0,0,NA,0,0,0,NA,0,0,NA,NA,0,0,0,NA,0,0,0,NA,0,NA,NA,NA,NA,NA,NA,NA,NA,NA,NA,NA,NA,NA,NA,NA,NA,NA,NA,NA,NA,NA
"84",1,NA,NA,NA,NA,1,NA,NA,NA,1,1,0,0,0,1,0,NA,0,NA,0,NA,NA,0,0,0,0,NA,0,0,NA,NA,0,0,NA,NA,0,0,0,NA,NA,0,NA,0,NA,NA,NA,0,0,NA,0,0,0,NA,0,0,NA,NA,0,0,0,NA,0,0,0,NA,0,NA,NA,NA,NA,NA,NA,NA,NA,NA,NA,NA,NA,NA,NA,NA,NA,NA,NA,NA,NA,NA
"85",1,NA,NA,NA,NA,0,NA,NA,NA,1,1,0,0,0,1,0,NA,0,NA,0,NA,NA,NA,0,0,0,NA,0,0,NA,NA,0,NA,NA,NA,0,0,0,NA,NA,0,NA,0,NA,NA,NA,0,0,NA,0,0,0,NA,0,NA,NA,NA,0,NA,0,0,0,0,0,NA,0,NA,NA,NA,NA,NA,NA,NA,NA,NA,NA,NA,NA,NA,NA,NA,NA,NA,NA,NA,NA,NA
"86",NA,1,1,1,1,NA,0,1,0,NA,0,0,0,0,NA,NA,NA,NA,0,0,0,0,NA,NA,NA,NA,NA,NA,NA,0,0,NA,NA,NA,0,0,0,NA,0,0,NA,0,NA,NA,0,0,NA,NA,NA,0,NA,NA,0,0,0,0,NA,0,NA,NA,0,0,0,0,NA,NA,0,0,0,NA,NA,NA,NA,NA,NA,NA,NA,NA,NA,NA,NA,NA,NA,NA,NA,NA,NA
"87",NA,1,1,1,1,NA,0,1,0,NA,0,1,0,1,NA,NA,NA,NA,0,0,0,0,NA,NA,NA,NA,NA,NA,NA,0,0,NA,NA,NA,0,0,0,NA,0,0,NA,0,NA,NA,0,0,NA,NA,NA,0,NA,NA,0,0,0,0,NA,0,NA,NA,0,0,0,0,0,NA,0,0,0,NA,NA,NA,NA,NA,NA,NA,NA,NA,NA,NA,NA,NA,NA,NA,NA,NA,NA
"88",NA,1,1,1,1,NA,0,1,0,NA,0,0,0,0,NA,NA,NA,NA,0,0,0,0,NA,NA,NA,NA,NA,NA,NA,0,0,NA,NA,NA,0,0,0,NA,0,0,NA,0,NA,NA,0,0,NA,NA,NA,0,NA,NA,0,0,0,0,0,0,NA,NA,0,0,0,0,NA,NA,0,0,0,NA,NA,NA,NA,NA,NA,NA,NA,NA,NA,NA,NA,NA,NA,NA,NA,NA,NA
"89",NA,1,1,0,0,NA,1,0,0,NA,0,0,1,0,NA,NA,NA,NA,0,NA,0,0,NA,NA,0,NA,NA,NA,NA,0,0,NA,NA,NA,0,0,0,NA,0,0,NA,0,NA,NA,0,0,NA,NA,NA,0,NA,NA,0,0,0,0,NA,0,NA,NA,0,0,0,0,NA,0,0,0,0,NA,NA,NA,NA,NA,NA,NA,NA,NA,NA,NA,NA,NA,NA,NA,NA,NA,NA
"90",NA,1,1,1,1,NA,0,1,1,NA,0,0,0,0,NA,NA,NA,NA,0,0,0,0,NA,NA,NA,NA,NA,NA,NA,0,0,NA,NA,0,0,0,0,NA,0,0,NA,0,NA,NA,0,0,NA,NA,NA,0,NA,NA,0,0,0,0,NA,0,NA,NA,0,0,0,0,NA,NA,0,0,0,NA,NA,NA,NA,NA,NA,NA,NA,NA,NA,NA,NA,NA,NA,NA,NA,NA,NA
"91",NA,1,1,1,1,NA,0,0,0,NA,0,1,0,1,NA,NA,NA,NA,0,0,0,0,NA,NA,NA,NA,NA,NA,NA,0,0,NA,NA,NA,0,0,0,NA,0,0,NA,0,NA,NA,0,0,NA,NA,NA,0,NA,NA,0,0,0,0,NA,0,NA,NA,0,0,0,0,0,0,0,0,0,NA,NA,NA,NA,NA,NA,NA,NA,NA,NA,NA,NA,NA,NA,NA,NA,NA,NA
"92",NA,1,1,1,1,NA,0,1,0,NA,0,0,0,0,NA,NA,NA,NA,0,0,0,0,NA,NA,NA,NA,NA,NA,NA,0,0,NA,NA,NA,0,0,0,NA,0,0,NA,0,NA,NA,0,0,NA,NA,NA,0,0,NA,0,0,0,0,NA,0,NA,NA,0,0,0,0,NA,NA,0,0,0,NA,NA,NA,NA,NA,NA,NA,NA,NA,NA,NA,NA,NA,NA,NA,NA,NA,NA
"93",NA,1,1,1,1,NA,1,1,0,NA,0,0,1,0,NA,NA,NA,NA,0,NA,0,0,NA,NA,0,NA,NA,NA,NA,0,0,NA,NA,NA,0,0,0,NA,0,0,NA,0,NA,NA,0,0,NA,NA,NA,0,NA,NA,0,0,0,0,0,0,NA,NA,0,0,0,0,NA,NA,0,0,0,NA,NA,NA,NA,NA,NA,NA,NA,NA,NA,NA,NA,NA,NA,NA,NA,NA,NA
"94",NA,1,1,1,1,NA,0,1,0,NA,0,0,0,0,NA,NA,NA,NA,0,0,0,0,NA,NA,NA,NA,NA,NA,NA,0,0,NA,NA,NA,0,0,0,NA,0,0,NA,0,NA,NA,0,0,NA,NA,0,0,NA,NA,0,0,0,0,NA,0,NA,NA,0,0,0,0,NA,NA,0,0,0,NA,NA,NA,NA,NA,NA,NA,NA,NA,NA,NA,NA,NA,NA,NA,NA,NA,NA
"95",NA,1,1,1,1,NA,1,1,0,NA,0,0,1,0,NA,NA,NA,NA,0,NA,0,0,NA,NA,0,NA,NA,NA,NA,0,0,NA,NA,NA,0,0,0,NA,0,0,NA,0,NA,NA,0,0,NA,NA,NA,0,0,NA,0,0,0,0,NA,0,NA,NA,0,0,0,0,NA,NA,0,0,0,NA,NA,NA,NA,NA,NA,NA,NA,NA,NA,NA,NA,NA,NA,NA,NA,NA,NA
"96",NA,1,1,1,1,NA,0,1,0,NA,0,1,0,1,NA,NA,NA,NA,0,0,0,0,NA,NA,NA,NA,NA,NA,NA,0,0,NA,NA,NA,0,0,0,NA,0,0,NA,0,NA,NA,0,0,NA,NA,NA,0,NA,NA,0,0,0,0,0,0,NA,NA,0,0,0,0,0,NA,0,0,0,NA,NA,NA,NA,NA,NA,NA,NA,NA,NA,NA,NA,NA,NA,NA,NA,NA,NA
"97",NA,1,1,0,0,NA,1,0,0,NA,0,0,1,0,NA,NA,NA,NA,0,NA,0,0,NA,NA,0,NA,NA,NA,NA,0,0,NA,NA,NA,0,0,0,NA,0,0,NA,0,NA,NA,0,0,NA,NA,NA,0,0,NA,0,0,0,0,NA,0,NA,NA,0,0,0,0,NA,0,0,0,0,NA,NA,NA,NA,NA,NA,NA,NA,NA,NA,NA,NA,NA,NA,NA,NA,NA,NA
"98",NA,1,1,1,1,NA,1,1,0,NA,0,0,1,0,NA,NA,NA,NA,0,NA,0,0,NA,NA,0,NA,NA,NA,NA,0,0,NA,NA,NA,0,0,0,NA,0,0,NA,0,NA,NA,0,0,NA,NA,NA,0,0,NA,0,0,0,0,0,0,NA,NA,0,0,0,0,NA,NA,0,0,0,NA,NA,NA,NA,NA,NA,NA,NA,NA,NA,NA,NA,NA,NA,NA,NA,NA,NA
"99",NA,1,1,1,1,NA,1,1,1,NA,0,0,1,0,NA,NA,NA,NA,0,NA,0,0,NA,NA,0,NA,NA,NA,NA,0,0,NA,NA,0,0,0,0,NA,0,0,NA,0,NA,NA,0,0,NA,NA,NA,0,NA,NA,0,0,0,0,NA,0,NA,NA,0,0,0,0,NA,NA,0,0,0,NA,NA,NA,NA,NA,NA,NA,NA,NA,NA,NA,NA,NA,NA,NA,NA,NA,NA
"100",NA,1,1,1,1,NA,0,1,1,NA,0,0,0,0,NA,NA,NA,NA,0,0,0,0,NA,NA,NA,NA,NA,NA,NA,0,0,NA,NA,0,0,0,0,NA,0,0,NA,0,NA,NA,0,0,NA,NA,NA,0,0,NA,0,0,0,0,NA,0,NA,NA,0,0,0,0,NA,NA,0,0,0,NA,NA,NA,NA,NA,NA,NA,NA,NA,NA,NA,NA,NA,NA,NA,NA,NA,NA
"101",NA,1,1,0,0,NA,1,0,0,NA,0,0,1,0,NA,NA,NA,NA,0,NA,0,0,NA,NA,0,NA,NA,NA,NA,0,0,NA,NA,NA,0,0,0,NA,0,0,NA,0,NA,NA,0,0,NA,NA,NA,0,NA,NA,0,0,0,0,0,0,NA,NA,0,0,0,0,NA,0,0,0,0,NA,NA,NA,NA,NA,NA,NA,NA,NA,NA,NA,NA,NA,NA,NA,NA,NA,NA
"102",NA,1,1,1,1,NA,0,1,1,NA,0,0,0,0,NA,NA,NA,NA,0,0,0,0,NA,NA,NA,NA,NA,NA,NA,0,0,NA,NA,0,0,0,0,NA,0,0,NA,0,NA,NA,0,0,NA,NA,0,0,NA,NA,0,0,0,0,NA,0,NA,NA,0,0,0,0,NA,NA,0,0,0,NA,NA,NA,NA,NA,NA,NA,NA,NA,NA,NA,NA,NA,NA,NA,NA,NA,NA
"103",NA,1,1,1,1,NA,1,1,0,NA,0,1,1,1,NA,NA,NA,NA,0,NA,0,0,NA,NA,0,NA,NA,NA,NA,0,0,NA,NA,NA,0,0,0,NA,0,0,NA,0,NA,NA,0,0,NA,NA,NA,0,NA,NA,0,0,0,0,NA,0,NA,NA,0,0,0,0,0,NA,0,0,0,NA,NA,NA,NA,NA,NA,NA,NA,NA,NA,NA,NA,NA,NA,NA,NA,NA,NA
"104",NA,1,1,1,1,NA,0,1,1,0,0,1,0,1,0,0,0,NA,NA,0,0,0,NA,0,0,0,NA,0,NA,0,0,NA,NA,0,NA,0,0,NA,0,NA,NA,0,0,0,0,NA,NA,NA,NA,0,NA,NA,0,0,0,0,NA,0,NA,NA,0,0,0,0,0,NA,0,0,0,NA,NA,NA,NA,NA,NA,NA,NA,NA,NA,NA,NA,NA,NA,NA,NA,NA,NA
"105",NA,1,1,1,1,NA,0,1,0,0,0,0,0,0,0,0,0,NA,NA,0,0,0,NA,0,0,0,NA,0,NA,0,0,NA,NA,NA,NA,0,0,NA,0,NA,NA,0,0,0,0,NA,NA,NA,0,0,NA,NA,0,0,0,0,0,0,NA,NA,0,0,0,0,NA,NA,0,0,0,NA,NA,NA,NA,NA,NA,NA,NA,NA,NA,NA,NA,NA,NA,NA,NA,NA,NA
"106",NA,1,1,1,1,NA,1,1,0,NA,NA,1,1,1,NA,NA,0,NA,0,NA,0,0,NA,0,0,NA,NA,NA,0,0,0,NA,NA,NA,NA,0,0,NA,0,0,NA,0,NA,NA,0,0,NA,NA,NA,0,NA,NA,0,0,0,0,0,0,NA,NA,0,0,0,0,0,NA,0,0,0,NA,NA,NA,NA,NA,NA,NA,NA,NA,NA,NA,NA,NA,NA,NA,NA,NA,NA
"107",NA,1,1,0,0,NA,0,0,1,0,0,0,0,0,0,0,0,NA,NA,0,0,0,NA,0,0,0,NA,0,NA,0,0,NA,NA,0,NA,0,0,NA,0,NA,NA,0,0,0,0,NA,NA,NA,NA,0,NA,NA,0,0,0,0,NA,0,NA,NA,0,0,0,0,NA,0,0,0,0,NA,NA,NA,NA,NA,NA,NA,NA,NA,NA,NA,NA,NA,NA,NA,NA,NA,NA
"108",NA,1,1,1,1,NA,0,1,0,0,0,1,0,1,0,0,0,NA,NA,0,0,0,NA,0,0,0,NA,0,NA,0,0,NA,NA,NA,NA,0,0,NA,0,NA,NA,0,0,0,0,NA,NA,NA,0,0,NA,NA,0,0,0,0,NA,0,NA,NA,0,0,0,0,0,NA,0,0,0,NA,NA,NA,NA,NA,NA,NA,NA,NA,NA,NA,NA,NA,NA,NA,NA,NA,NA
"109",NA,1,1,1,1,NA,0,1,1,0,0,0,0,0,0,0,0,NA,NA,0,0,0,NA,0,0,0,NA,0,NA,0,0,NA,NA,0,NA,0,0,NA,0,NA,NA,0,0,0,0,NA,NA,NA,NA,0,NA,NA,0,0,0,0,0,0,NA,NA,0,0,0,0,NA,NA,0,0,0,NA,NA,NA,NA,NA,NA,NA,NA,NA,NA,NA,NA,NA,NA,NA,NA,NA,NA
"110",NA,1,1,1,1,NA,0,1,0,0,0,0,0,0,0,0,0,NA,NA,0,0,0,NA,0,0,0,NA,0,NA,0,0,NA,NA,NA,NA,0,0,NA,0,NA,NA,0,0,0,0,NA,NA,NA,0,0,0,NA,0,0,0,0,NA,0,NA,NA,0,0,0,0,NA,NA,0,0,0,NA,NA,NA,NA,NA,NA,NA,NA,NA,NA,NA,NA,NA,NA,NA,NA,NA,NA
"111",NA,1,1,1,1,NA,0,0,1,0,0,1,0,1,0,0,0,NA,NA,0,0,0,NA,0,0,0,NA,0,NA,0,0,NA,NA,0,NA,0,0,NA,0,NA,NA,0,0,0,0,NA,NA,NA,NA,0,NA,NA,0,0,0,0,NA,0,NA,NA,0,0,0,0,0,0,0,0,0,NA,NA,NA,NA,NA,NA,NA,NA,NA,NA,NA,NA,NA,NA,NA,NA,NA,NA
"112",NA,1,1,1,1,NA,0,1,0,0,0,0,0,0,0,0,0,NA,NA,0,0,0,NA,0,0,0,NA,0,NA,0,0,NA,NA,NA,NA,0,0,NA,0,NA,NA,0,0,0,0,NA,NA,NA,NA,0,0,NA,0,0,0,0,0,0,NA,NA,0,0,0,0,NA,NA,0,0,0,NA,NA,NA,NA,NA,NA,NA,NA,NA,NA,NA,NA,NA,NA,NA,NA,NA,NA
"113",NA,1,1,0,0,NA,0,0,0,0,0,0,0,0,0,0,0,NA,NA,0,0,0,NA,0,0,0,NA,0,NA,0,0,NA,NA,NA,NA,0,0,NA,0,NA,NA,0,0,0,0,NA,NA,NA,0,0,NA,NA,0,0,0,0,NA,0,NA,NA,0,0,0,0,NA,0,0,0,0,NA,NA,NA,NA,NA,NA,NA,NA,NA,NA,NA,NA,NA,NA,NA,NA,NA,NA
"114",NA,1,1,1,1,NA,0,1,0,0,0,0,0,0,0,0,0,NA,NA,0,0,0,NA,0,0,0,NA,0,NA,0,0,NA,NA,NA,NA,0,0,NA,0,NA,NA,0,0,0,0,NA,NA,NA,0,0,0,NA,0,0,0,0,0,0,NA,NA,0,0,0,0,NA,NA,0,0,0,NA,NA,NA,NA,NA,NA,NA,NA,NA,NA,NA,NA,NA,NA,NA,NA,NA,NA
"115",NA,1,1,1,1,NA,0,1,1,0,0,1,0,1,0,0,0,NA,NA,0,0,0,NA,0,0,0,NA,0,NA,0,0,NA,NA,0,NA,0,0,NA,0,NA,NA,0,0,0,0,NA,NA,NA,NA,0,NA,NA,0,0,0,0,0,0,NA,NA,0,0,0,0,0,NA,0,0,0,NA,NA,NA,NA,NA,NA,NA,NA,NA,NA,NA,NA,NA,NA,NA,NA,NA,NA
"116",NA,1,1,1,1,NA,0,1,1,0,0,0,0,0,0,0,0,NA,NA,0,0,0,NA,0,0,0,NA,0,NA,0,0,NA,NA,0,NA,0,0,NA,0,NA,NA,0,0,0,0,NA,NA,NA,0,0,NA,NA,0,0,0,0,0,0,NA,NA,0,0,0,0,NA,NA,0,0,0,NA,NA,NA,NA,NA,NA,NA,NA,NA,NA,NA,NA,NA,NA,NA,NA,NA,NA
"117",NA,1,1,0,0,NA,0,0,0,0,0,0,0,0,0,0,0,NA,NA,0,0,0,NA,0,0,0,NA,0,NA,0,0,NA,NA,NA,NA,0,0,NA,0,NA,NA,0,0,0,0,NA,NA,NA,NA,0,NA,NA,0,0,0,0,0,0,NA,NA,0,0,0,0,NA,0,0,0,0,NA,NA,NA,NA,NA,NA,NA,NA,NA,NA,NA,NA,NA,NA,NA,NA,NA,NA
"118",NA,1,1,0,0,NA,0,0,0,0,0,0,0,0,0,0,0,NA,NA,0,0,0,NA,0,0,0,NA,0,NA,0,0,NA,NA,NA,NA,0,0,NA,0,NA,NA,0,0,0,0,NA,NA,NA,0,0,NA,NA,0,0,0,0,0,0,NA,NA,0,0,0,0,NA,0,0,0,0,NA,NA,NA,NA,NA,NA,NA,NA,NA,NA,NA,NA,NA,NA,NA,NA,NA,NA
"119",NA,1,1,1,1,NA,0,0,0,0,0,1,0,1,0,0,0,NA,NA,0,0,0,NA,0,0,0,NA,0,NA,0,0,NA,NA,NA,NA,0,0,NA,0,NA,NA,0,0,0,0,NA,NA,NA,NA,0,NA,NA,0,0,0,0,0,0,NA,NA,0,0,0,0,0,0,0,0,0,NA,NA,NA,NA,NA,NA,NA,NA,NA,NA,NA,NA,NA,NA,NA,NA,NA,NA
"120",NA,1,1,0,0,NA,0,0,0,0,0,0,0,0,0,0,0,NA,NA,0,0,0,NA,0,0,0,NA,0,NA,0,0,NA,NA,NA,NA,0,0,NA,0,NA,NA,0,0,0,0,NA,NA,NA,NA,0,0,NA,0,0,0,0,0,0,NA,NA,0,0,0,0,NA,0,0,0,0,NA,NA,NA,NA,NA,NA,NA,NA,NA,NA,NA,NA,NA,NA,NA,NA,NA,NA
"121",NA,1,1,1,1,NA,0,0,0,0,0,1,0,1,0,0,0,NA,NA,0,0,0,NA,0,0,0,NA,0,NA,0,0,NA,NA,NA,NA,0,0,NA,0,NA,NA,0,0,0,0,NA,NA,NA,0,0,NA,NA,0,0,0,0,NA,0,NA,NA,0,0,0,0,0,0,0,0,0,NA,NA,NA,NA,NA,NA,NA,NA,NA,NA,NA,NA,NA,NA,NA,NA,NA,NA
"122",NA,1,1,1,1,NA,0,1,0,0,0,1,0,1,0,0,0,NA,NA,0,0,0,NA,0,0,0,NA,0,NA,0,0,NA,NA,NA,NA,0,0,NA,0,NA,NA,0,0,0,0,NA,NA,NA,0,0,NA,NA,0,0,0,0,0,0,NA,NA,0,0,0,0,0,NA,0,0,0,NA,NA,NA,NA,NA,NA,NA,NA,NA,NA,NA,NA,NA,NA,NA,NA,NA,NA
"123",NA,1,1,1,1,NA,1,0,0,NA,0,1,1,1,NA,NA,NA,NA,0,NA,0,0,NA,NA,0,NA,NA,NA,NA,0,0,NA,NA,NA,0,0,0,NA,0,0,NA,0,NA,NA,0,0,NA,NA,NA,0,NA,NA,0,0,0,0,NA,0,NA,NA,0,0,0,0,0,0,0,0,0,NA,NA,NA,NA,NA,NA,NA,NA,NA,NA,NA,NA,NA,NA,NA,NA,NA,NA
"124",NA,1,1,0,0,NA,0,0,0,0,0,0,0,0,0,0,0,NA,NA,0,0,0,NA,0,0,0,NA,0,NA,0,0,NA,NA,NA,NA,0,0,NA,0,NA,NA,0,0,0,0,NA,NA,NA,0,0,0,NA,0,0,0,0,NA,0,NA,NA,0,0,0,0,NA,0,0,0,0,NA,NA,NA,NA,NA,NA,NA,NA,NA,NA,NA,NA,NA,NA,NA,NA,NA,NA
"125",NA,1,1,0,0,NA,0,0,1,0,0,0,0,0,0,0,0,NA,NA,0,0,0,NA,0,0,0,NA,0,NA,0,0,NA,NA,0,NA,0,0,NA,0,NA,NA,0,0,0,0,NA,NA,NA,NA,0,0,NA,0,0,0,0,NA,0,NA,NA,0,0,0,0,NA,0,0,0,0,NA,NA,NA,NA,NA,NA,NA,NA,NA,NA,NA,NA,NA,NA,NA,NA,NA,NA
"126",NA,1,1,1,1,NA,0,1,1,0,0,0,0,0,0,0,0,NA,NA,0,0,0,NA,0,0,0,NA,0,NA,0,0,NA,NA,0,NA,0,0,NA,0,NA,NA,0,0,0,0,NA,NA,NA,NA,0,0,NA,0,0,0,0,0,0,NA,NA,0,0,0,0,NA,NA,0,0,0,NA,NA,NA,NA,NA,NA,NA,NA,NA,NA,NA,NA,NA,NA,NA,NA,NA,NA
"127",NA,1,1,1,1,NA,0,1,1,0,0,1,0,1,0,0,0,NA,NA,0,0,0,NA,0,0,0,NA,0,NA,0,0,NA,NA,0,NA,0,0,NA,0,NA,NA,0,0,0,0,NA,NA,NA,0,0,NA,NA,0,0,0,0,NA,0,NA,NA,0,0,0,0,0,NA,0,0,0,NA,NA,NA,NA,NA,NA,NA,NA,NA,NA,NA,NA,NA,NA,NA,NA,NA,NA
"128",NA,1,1,1,1,NA,0,1,0,0,0,1,0,1,0,0,0,NA,NA,0,0,0,NA,0,0,0,NA,0,NA,0,0,NA,NA,NA,NA,0,0,NA,0,NA,NA,0,0,0,0,NA,NA,NA,NA,0,0,NA,0,0,0,0,NA,0,NA,NA,0,0,0,0,0,NA,0,0,0,NA,NA,NA,NA,NA,NA,NA,NA,NA,NA,NA,NA,NA,NA,NA,NA,NA,NA
"129",NA,1,1,1,1,NA,0,1,1,0,0,1,0,1,0,0,0,NA,NA,0,0,0,NA,0,0,0,NA,0,NA,0,0,NA,NA,0,NA,0,0,NA,0,NA,NA,0,0,0,0,NA,NA,NA,NA,0,0,NA,0,0,0,0,NA,0,NA,NA,0,0,0,0,0,NA,0,0,0,NA,NA,NA,NA,NA,NA,NA,NA,NA,NA,NA,NA,NA,NA,NA,NA,NA,NA
"130",NA,1,1,0,0,NA,0,0,0,0,0,0,0,0,0,0,0,NA,NA,0,0,0,NA,0,0,0,NA,0,NA,0,0,NA,NA,NA,NA,0,0,NA,0,NA,NA,0,0,0,0,NA,NA,NA,0,0,0,NA,0,0,0,0,0,0,NA,NA,0,0,0,0,NA,0,0,0,0,NA,NA,NA,NA,NA,NA,NA,NA,NA,NA,NA,NA,NA,NA,NA,NA,NA,NA
"131",NA,1,1,0,0,NA,0,0,1,0,0,0,0,0,0,0,0,NA,NA,0,0,0,NA,0,0,0,NA,0,NA,0,0,NA,NA,0,NA,0,0,NA,0,NA,NA,0,0,0,0,NA,NA,NA,0,0,NA,NA,0,0,0,0,NA,0,NA,NA,0,0,0,0,NA,0,0,0,0,NA,NA,NA,NA,NA,NA,NA,NA,NA,NA,NA,NA,NA,NA,NA,NA,NA,NA
"132",NA,1,1,1,1,NA,0,0,0,0,0,1,0,1,0,0,0,NA,NA,0,0,0,NA,0,0,0,NA,0,NA,0,0,NA,NA,NA,NA,0,0,NA,0,NA,NA,0,0,0,0,NA,NA,NA,0,0,NA,NA,0,0,0,0,0,0,NA,NA,0,0,0,0,0,0,0,0,0,NA,NA,NA,NA,NA,NA,NA,NA,NA,NA,NA,NA,NA,NA,NA,NA,NA,NA
"133",NA,1,1,1,1,NA,0,1,0,0,0,1,0,1,0,0,0,NA,NA,0,0,0,NA,0,0,0,NA,0,NA,0,0,NA,NA,NA,NA,0,0,NA,0,NA,NA,0,0,0,0,NA,NA,NA,NA,0,0,NA,0,0,0,0,0,0,NA,NA,0,0,0,0,0,NA,0,0,0,NA,NA,NA,NA,NA,NA,NA,NA,NA,NA,NA,NA,NA,NA,NA,NA,NA,NA
"134",NA,1,1,1,1,NA,0,1,0,0,0,1,0,1,0,0,0,NA,NA,0,0,0,NA,0,0,0,NA,0,NA,0,0,NA,NA,NA,NA,0,0,NA,0,NA,NA,0,0,0,0,NA,NA,NA,0,0,0,NA,0,0,0,0,NA,0,NA,NA,0,0,0,0,0,NA,0,0,0,NA,NA,NA,NA,NA,NA,NA,NA,NA,NA,NA,NA,NA,NA,NA,NA,NA,NA
"135",NA,1,1,0,0,NA,0,0,1,0,0,0,0,0,0,0,0,NA,NA,0,0,0,NA,0,0,0,NA,0,NA,0,0,NA,NA,0,NA,0,0,NA,0,NA,NA,0,0,0,0,NA,NA,NA,NA,0,NA,NA,0,0,0,0,0,0,NA,NA,0,0,0,0,NA,0,0,0,0,NA,NA,NA,NA,NA,NA,NA,NA,NA,NA,NA,NA,NA,NA,NA,NA,NA,NA
"136",NA,1,1,1,1,NA,0,1,1,0,0,1,0,1,0,0,0,NA,NA,0,0,0,NA,0,0,0,NA,0,NA,0,0,NA,NA,0,NA,0,0,NA,0,NA,NA,0,0,0,0,NA,NA,NA,0,0,NA,NA,0,0,0,0,0,0,NA,NA,0,0,0,0,0,NA,0,0,0,NA,NA,NA,NA,NA,NA,NA,NA,NA,NA,NA,NA,NA,NA,NA,NA,NA,NA
"137",NA,1,1,1,1,NA,0,1,1,0,0,1,0,1,0,0,0,NA,NA,0,0,0,NA,0,0,0,NA,0,NA,0,0,NA,NA,0,NA,0,0,NA,0,NA,NA,0,0,0,0,NA,NA,NA,NA,0,0,NA,0,0,0,0,0,0,NA,NA,0,0,0,0,0,NA,0,0,0,NA,NA,NA,NA,NA,NA,NA,NA,NA,NA,NA,NA,NA,NA,NA,NA,NA,NA
"138",NA,1,1,1,1,NA,0,0,0,0,0,1,0,1,0,0,0,NA,NA,0,0,0,NA,0,0,0,NA,0,NA,0,0,NA,NA,NA,NA,0,0,NA,0,NA,NA,0,0,0,0,NA,NA,NA,NA,0,0,NA,0,0,0,0,NA,0,NA,NA,0,0,0,0,0,0,0,0,0,NA,NA,NA,NA,NA,NA,NA,NA,NA,NA,NA,NA,NA,NA,NA,NA,NA,NA
"139",NA,1,1,1,1,NA,0,0,1,0,0,1,0,1,0,0,0,NA,NA,0,0,0,NA,0,0,0,NA,0,NA,0,0,NA,NA,0,NA,0,0,NA,0,NA,NA,0,0,0,0,NA,NA,NA,NA,0,0,NA,0,0,0,0,NA,0,NA,NA,0,0,0,0,0,0,0,0,0,NA,NA,NA,NA,NA,NA,NA,NA,NA,NA,NA,NA,NA,NA,NA,NA,NA,NA
"140",NA,1,1,1,1,NA,0,0,0,0,0,1,0,1,0,0,0,NA,NA,0,0,0,NA,0,0,0,NA,0,NA,0,0,NA,NA,NA,NA,0,0,NA,0,NA,NA,0,0,0,0,NA,NA,NA,0,0,0,NA,0,0,0,0,NA,0,NA,NA,0,0,0,0,0,0,0,0,0,NA,NA,NA,NA,NA,NA,NA,NA,NA,NA,NA,NA,NA,NA,NA,NA,NA,NA
"141",NA,1,1,1,1,NA,0,0,0,0,0,1,0,1,0,0,0,NA,NA,0,0,0,NA,0,0,0,NA,0,NA,0,0,NA,NA,NA,NA,0,0,NA,0,NA,NA,0,0,0,0,NA,NA,NA,NA,0,0,NA,0,0,0,0,0,0,NA,NA,0,0,0,0,0,0,0,0,0,NA,NA,NA,NA,NA,NA,NA,NA,NA,NA,NA,NA,NA,NA,NA,NA,NA,NA
"142",NA,1,1,0,0,NA,0,0,1,0,0,0,0,0,0,0,0,NA,NA,0,0,0,NA,0,0,0,NA,0,NA,0,0,NA,NA,0,NA,0,0,NA,0,NA,NA,0,0,0,0,NA,NA,NA,0,0,NA,NA,0,0,0,0,0,0,NA,NA,0,0,0,0,NA,0,0,0,0,NA,NA,NA,NA,NA,NA,NA,NA,NA,NA,NA,NA,NA,NA,NA,NA,NA,NA
"143",NA,1,1,0,0,NA,0,0,1,0,0,0,0,0,0,0,0,NA,NA,0,0,0,NA,0,0,0,NA,0,NA,0,0,NA,NA,0,NA,0,0,NA,0,NA,NA,0,0,0,0,NA,NA,NA,NA,0,0,NA,0,0,0,0,0,0,NA,NA,0,0,0,0,NA,0,0,0,0,NA,NA,NA,NA,NA,NA,NA,NA,NA,NA,NA,NA,NA,NA,NA,NA,NA,NA
"144",NA,1,1,1,1,NA,0,0,1,0,0,1,0,1,0,0,0,NA,NA,0,0,0,NA,0,0,0,NA,0,NA,0,0,NA,NA,0,NA,0,0,NA,0,NA,NA,0,0,0,0,NA,NA,NA,NA,0,NA,NA,0,0,0,0,0,0,NA,NA,0,0,0,0,0,0,0,0,0,NA,NA,NA,NA,NA,NA,NA,NA,NA,NA,NA,NA,NA,NA,NA,NA,NA,NA
"145",NA,1,1,1,1,NA,0,1,0,0,0,1,0,1,0,0,0,NA,NA,0,0,0,NA,0,0,0,NA,0,NA,0,0,NA,NA,NA,NA,0,0,NA,0,NA,NA,0,0,0,0,NA,NA,NA,0,0,0,NA,0,0,0,0,0,0,NA,NA,0,0,0,0,0,NA,0,0,0,NA,NA,NA,NA,NA,NA,NA,NA,NA,NA,NA,NA,NA,NA,NA,NA,NA,NA
"146",NA,1,1,1,1,NA,0,1,1,0,0,0,0,0,0,0,0,NA,NA,0,0,0,NA,0,0,0,NA,0,NA,0,0,NA,NA,0,NA,0,0,NA,0,NA,NA,0,0,0,0,NA,NA,NA,0,0,0,NA,0,0,0,0,NA,0,NA,NA,0,0,0,0,NA,NA,0,0,0,NA,NA,NA,NA,NA,NA,NA,NA,NA,NA,NA,NA,NA,NA,NA,NA,NA,NA
"147",NA,1,1,0,0,NA,0,0,1,0,0,0,0,0,0,0,0,NA,NA,0,0,0,NA,0,0,0,NA,0,NA,0,0,NA,NA,0,NA,0,0,NA,0,NA,NA,0,0,0,0,NA,NA,NA,0,0,0,NA,0,0,0,0,NA,0,NA,NA,0,0,0,0,NA,0,0,0,0,NA,NA,NA,NA,NA,NA,NA,NA,NA,NA,NA,NA,NA,NA,NA,NA,NA,NA
"148",NA,1,1,1,1,NA,0,1,1,0,0,1,0,1,0,0,0,NA,NA,0,0,0,NA,0,0,0,NA,0,NA,0,0,NA,NA,0,NA,0,0,NA,0,NA,NA,0,0,0,0,NA,NA,NA,0,0,0,NA,0,0,0,0,NA,0,NA,NA,0,0,0,0,0,NA,0,0,0,NA,NA,NA,NA,NA,NA,NA,NA,NA,NA,NA,NA,NA,NA,NA,NA,NA,NA
"149",NA,1,1,1,1,NA,0,1,1,0,0,0,0,0,0,0,0,NA,NA,0,0,0,NA,0,0,0,NA,0,NA,0,0,NA,NA,0,NA,0,0,NA,0,NA,NA,0,0,0,0,NA,NA,NA,0,0,0,NA,0,0,0,0,0,0,NA,NA,0,0,0,0,NA,NA,0,0,0,NA,NA,NA,NA,NA,NA,NA,NA,NA,NA,NA,NA,NA,NA,NA,NA,NA,NA
"150",NA,1,1,1,1,NA,0,1,1,0,0,1,0,1,0,0,0,NA,NA,0,0,0,NA,0,0,0,NA,0,NA,0,0,NA,NA,0,NA,0,0,NA,0,NA,NA,0,0,0,0,NA,NA,NA,0,0,0,NA,0,0,0,0,0,0,NA,NA,0,0,0,0,0,NA,0,0,0,NA,NA,NA,NA,NA,NA,NA,NA,NA,NA,NA,NA,NA,NA,NA,NA,NA,NA
"151",NA,1,1,1,1,NA,0,0,1,0,0,1,0,1,0,0,0,NA,NA,0,0,0,NA,0,0,0,NA,0,NA,0,0,NA,NA,0,NA,0,0,NA,0,NA,NA,0,0,0,0,NA,NA,NA,NA,0,0,NA,0,0,0,0,0,0,NA,NA,0,0,0,0,0,0,0,0,0,NA,NA,NA,NA,NA,NA,NA,NA,NA,NA,NA,NA,NA,NA,NA,NA,NA,NA
"152",NA,1,1,1,1,NA,0,0,1,0,0,1,0,1,0,0,0,NA,NA,0,0,0,NA,0,0,0,NA,0,NA,0,0,NA,NA,0,NA,0,0,NA,0,NA,NA,0,0,0,0,NA,NA,NA,0,0,NA,NA,0,0,0,0,NA,0,NA,NA,0,0,0,0,0,0,0,0,0,NA,NA,NA,NA,NA,NA,NA,NA,NA,NA,NA,NA,NA,NA,NA,NA,NA,NA
"153",NA,1,1,1,1,NA,0,0,1,0,0,1,0,1,0,0,0,NA,NA,0,0,0,NA,0,0,0,NA,0,NA,0,0,NA,NA,0,NA,0,0,NA,0,NA,NA,0,0,0,0,NA,NA,NA,0,0,NA,NA,0,0,0,0,0,0,NA,NA,0,0,0,0,0,0,0,0,0,NA,NA,NA,NA,NA,NA,NA,NA,NA,NA,NA,NA,NA,NA,NA,NA,NA,NA
"154",NA,1,1,1,1,NA,0,0,1,0,0,1,0,1,0,0,0,NA,NA,0,0,0,NA,0,0,0,NA,0,NA,0,0,NA,NA,0,NA,0,0,NA,0,NA,NA,0,0,0,0,NA,NA,NA,0,0,0,NA,0,0,0,0,NA,0,NA,NA,0,0,0,0,0,0,0,0,0,NA,NA,NA,NA,NA,NA,NA,NA,NA,NA,NA,NA,NA,NA,NA,NA,NA,NA
"155",NA,1,1,1,1,NA,0,0,0,0,0,1,0,1,0,0,0,NA,NA,0,0,0,NA,0,0,0,NA,0,NA,0,0,NA,NA,NA,NA,0,0,NA,0,NA,NA,0,0,0,0,NA,NA,NA,0,0,0,NA,0,0,0,0,0,0,NA,NA,0,0,0,0,0,0,0,0,0,NA,NA,NA,NA,NA,NA,NA,NA,NA,NA,NA,NA,NA,NA,NA,NA,NA,NA
"156",NA,1,1,0,0,NA,0,0,1,0,0,0,0,0,0,0,0,NA,NA,0,0,0,NA,0,0,0,NA,0,NA,0,0,NA,NA,0,NA,0,0,NA,0,NA,NA,0,0,0,0,NA,NA,NA,0,0,0,NA,0,0,0,0,0,0,NA,NA,0,0,0,0,NA,0,0,0,0,NA,NA,NA,NA,NA,NA,NA,NA,NA,NA,NA,NA,NA,NA,NA,NA,NA,NA
"157",NA,1,1,1,1,NA,0,0,1,0,0,1,0,1,0,0,0,NA,NA,0,0,0,NA,0,0,0,NA,0,NA,0,0,NA,NA,0,NA,0,0,NA,0,NA,NA,0,0,0,0,NA,NA,NA,0,0,0,NA,0,0,0,0,0,0,NA,NA,0,0,0,0,0,0,0,0,0,NA,NA,NA,NA,NA,NA,NA,NA,NA,NA,NA,NA,NA,NA,NA,NA,NA,NA
"158",NA,1,1,1,1,NA,1,1,0,NA,NA,0,1,0,NA,NA,0,NA,0,NA,0,0,NA,0,0,NA,NA,NA,0,0,0,NA,NA,NA,NA,0,0,NA,0,0,NA,0,NA,NA,0,0,NA,NA,0,0,0,NA,0,0,0,0,NA,0,NA,NA,0,0,0,0,NA,NA,0,0,0,NA,NA,NA,NA,NA,NA,NA,NA,NA,NA,NA,NA,NA,NA,NA,NA,NA,NA
"159",NA,1,1,1,1,NA,1,1,1,NA,NA,1,1,1,NA,NA,0,NA,0,NA,0,0,NA,0,0,NA,NA,NA,0,0,0,NA,NA,0,NA,0,0,NA,0,0,NA,0,NA,NA,0,0,NA,NA,NA,0,NA,NA,0,0,0,0,NA,0,NA,NA,0,0,0,0,0,NA,0,0,0,NA,NA,NA,NA,NA,NA,NA,NA,NA,NA,NA,NA,NA,NA,NA,NA,NA,NA
"160",NA,1,1,1,1,NA,1,1,0,0,0,0,1,0,0,0,0,NA,NA,NA,0,0,NA,0,0,0,NA,0,NA,0,0,NA,NA,NA,NA,0,0,NA,0,NA,NA,0,0,0,0,NA,NA,NA,0,0,NA,NA,0,0,0,0,0,0,NA,NA,0,0,0,0,NA,NA,0,0,0,NA,NA,NA,NA,NA,NA,NA,NA,NA,NA,NA,NA,NA,NA,NA,NA,NA,NA
"161",NA,1,1,1,1,NA,1,1,0,0,0,1,1,1,0,0,0,NA,NA,NA,0,0,NA,0,0,0,NA,0,NA,0,0,NA,NA,NA,NA,0,0,NA,0,NA,NA,0,0,0,0,NA,NA,NA,NA,0,0,NA,0,0,0,0,NA,0,NA,NA,0,0,0,0,0,NA,0,0,0,NA,NA,NA,NA,NA,NA,NA,NA,NA,NA,NA,NA,NA,NA,NA,NA,NA,NA
"162",NA,1,1,1,1,NA,1,1,1,NA,NA,0,1,0,NA,NA,0,NA,0,NA,0,0,NA,0,0,NA,NA,NA,0,0,0,NA,NA,0,NA,0,0,NA,0,0,NA,0,NA,NA,0,0,NA,NA,0,0,NA,NA,0,0,0,0,NA,0,NA,NA,0,0,0,0,NA,NA,0,0,0,NA,NA,NA,NA,NA,NA,NA,NA,NA,NA,NA,NA,NA,NA,NA,NA,NA,NA
"163",NA,1,1,1,1,NA,1,1,0,NA,NA,1,1,1,NA,NA,0,NA,0,NA,0,0,NA,0,0,NA,NA,NA,0,0,0,NA,NA,NA,NA,0,0,NA,0,0,NA,0,NA,NA,0,0,NA,NA,NA,0,0,NA,0,0,0,0,0,0,NA,NA,0,0,0,0,0,NA,0,0,0,NA,NA,NA,NA,NA,NA,NA,NA,NA,NA,NA,NA,NA,NA,NA,NA,NA,NA
"164",NA,1,1,0,0,NA,1,0,0,NA,NA,0,1,0,NA,NA,0,NA,0,NA,0,0,NA,0,0,NA,NA,NA,0,0,0,NA,NA,NA,NA,0,0,NA,0,0,NA,0,NA,NA,0,0,NA,NA,0,0,NA,NA,0,0,0,0,NA,0,NA,NA,0,0,0,0,NA,0,0,0,0,NA,NA,NA,NA,NA,NA,NA,NA,NA,NA,NA,NA,NA,NA,NA,NA,NA,NA
"165",NA,1,1,1,1,NA,1,1,1,NA,NA,0,1,0,NA,NA,0,NA,0,NA,0,0,NA,0,0,NA,NA,NA,0,0,0,NA,NA,0,NA,0,0,NA,0,0,NA,0,NA,NA,0,0,NA,NA,NA,0,0,NA,0,0,0,0,NA,0,NA,NA,0,0,0,0,NA,NA,0,0,0,NA,NA,NA,NA,NA,NA,NA,NA,NA,NA,NA,NA,NA,NA,NA,NA,NA,NA
"166",NA,1,1,0,0,NA,1,0,0,NA,NA,0,1,0,NA,NA,0,NA,0,NA,0,0,NA,0,0,NA,NA,NA,0,0,0,NA,NA,NA,NA,0,0,NA,0,0,NA,0,NA,NA,0,0,NA,NA,0,0,NA,NA,0,0,0,0,0,0,NA,NA,0,0,0,0,NA,0,0,0,0,NA,NA,NA,NA,NA,NA,NA,NA,NA,NA,NA,NA,NA,NA,NA,NA,NA,NA
"167",NA,1,1,1,1,NA,1,1,1,NA,NA,0,1,0,NA,NA,0,NA,0,NA,0,0,NA,0,0,NA,NA,NA,0,0,0,NA,NA,0,NA,0,0,NA,0,0,NA,0,NA,NA,0,0,NA,NA,0,0,0,NA,0,0,0,0,NA,0,NA,NA,0,0,0,0,NA,NA,0,0,0,NA,NA,NA,NA,NA,NA,NA,NA,NA,NA,NA,NA,NA,NA,NA,NA,NA,NA
"168",NA,1,1,1,1,NA,1,0,0,NA,NA,1,1,1,NA,NA,0,NA,0,NA,0,0,NA,0,0,NA,NA,NA,0,0,0,NA,NA,NA,NA,0,0,NA,0,0,NA,0,NA,NA,0,0,NA,NA,NA,0,NA,NA,0,0,0,0,0,0,NA,NA,0,0,0,0,0,0,0,0,0,NA,NA,NA,NA,NA,NA,NA,NA,NA,NA,NA,NA,NA,NA,NA,NA,NA,NA
"169",NA,1,1,1,1,NA,1,1,1,NA,NA,1,1,1,NA,NA,0,NA,0,NA,0,0,NA,0,0,NA,NA,NA,0,0,0,NA,NA,0,NA,0,0,NA,0,0,NA,0,NA,NA,0,0,NA,NA,NA,0,0,NA,0,0,0,0,NA,0,NA,NA,0,0,0,0,0,NA,0,0,0,NA,NA,NA,NA,NA,NA,NA,NA,NA,NA,NA,NA,NA,NA,NA,NA,NA,NA
"170",NA,1,1,1,1,NA,1,1,0,0,0,1,1,1,0,0,0,NA,NA,NA,0,0,NA,0,0,0,NA,0,NA,0,0,NA,NA,NA,NA,0,0,NA,0,NA,NA,0,0,0,0,NA,NA,NA,0,0,NA,NA,0,0,0,0,NA,0,NA,NA,0,0,0,0,0,NA,0,0,0,NA,NA,NA,NA,NA,NA,NA,NA,NA,NA,NA,NA,NA,NA,NA,NA,NA,NA
"171",NA,1,1,1,1,NA,1,1,1,0,0,1,1,1,0,0,0,NA,NA,NA,0,0,NA,0,0,0,NA,0,NA,0,0,NA,NA,0,NA,0,0,NA,0,NA,NA,0,0,0,0,NA,NA,NA,0,0,NA,NA,0,0,0,0,NA,0,NA,NA,0,0,0,0,0,NA,0,0,0,NA,NA,NA,NA,NA,NA,NA,NA,NA,NA,NA,NA,NA,NA,NA,NA,NA,NA
"172",NA,1,1,0,0,NA,1,0,1,0,0,0,1,0,0,0,0,NA,NA,NA,0,0,NA,0,0,0,NA,0,NA,0,0,NA,NA,0,NA,0,0,NA,0,NA,NA,0,0,0,0,NA,NA,NA,NA,0,NA,NA,0,0,0,0,NA,0,NA,NA,0,0,0,0,NA,0,0,0,0,NA,NA,NA,NA,NA,NA,NA,NA,NA,NA,NA,NA,NA,NA,NA,NA,NA,NA
"173",NA,1,1,1,1,NA,1,1,0,NA,NA,1,1,1,NA,NA,0,NA,0,NA,0,0,NA,0,0,NA,NA,NA,0,0,0,NA,NA,NA,NA,0,0,NA,0,0,NA,0,NA,NA,0,0,NA,NA,0,0,0,NA,0,0,0,0,NA,0,NA,NA,0,0,0,0,0,NA,0,0,0,NA,NA,NA,NA,NA,NA,NA,NA,NA,NA,NA,NA,NA,NA,NA,NA,NA,NA
"174",NA,1,1,0,0,NA,1,0,1,NA,NA,0,1,0,NA,NA,0,NA,0,NA,0,0,NA,0,0,NA,NA,NA,0,0,0,NA,NA,0,NA,0,0,NA,0,0,NA,0,NA,NA,0,0,NA,NA,NA,0,0,NA,0,0,0,0,NA,0,NA,NA,0,0,0,0,NA,0,0,0,0,NA,NA,NA,NA,NA,NA,NA,NA,NA,NA,NA,NA,NA,NA,NA,NA,NA,NA
"175",NA,1,1,1,1,NA,1,1,1,0,0,1,1,1,0,0,0,NA,NA,NA,0,0,NA,0,0,0,NA,0,NA,0,0,NA,NA,0,NA,0,0,NA,0,NA,NA,0,0,0,0,NA,NA,NA,0,0,0,NA,0,0,0,0,NA,0,NA,NA,0,0,0,0,0,NA,0,0,0,NA,NA,NA,NA,NA,NA,NA,NA,NA,NA,NA,NA,NA,NA,NA,NA,NA,NA
"176",NA,1,1,1,1,NA,1,1,1,0,0,0,1,0,0,0,0,NA,NA,NA,0,0,NA,0,0,0,NA,0,NA,0,0,NA,NA,0,NA,0,0,NA,0,NA,NA,0,0,0,0,NA,NA,NA,NA,0,NA,NA,0,0,0,0,0,0,NA,NA,0,0,0,0,NA,NA,0,0,0,NA,NA,NA,NA,NA,NA,NA,NA,NA,NA,NA,NA,NA,NA,NA,NA,NA,NA
"177",NA,1,1,0,0,NA,1,0,1,0,0,0,1,0,0,0,0,NA,NA,NA,0,0,NA,0,0,0,NA,0,NA,0,0,NA,NA,0,NA,0,0,NA,0,NA,NA,0,0,0,0,NA,NA,NA,0,0,NA,NA,0,0,0,0,NA,0,NA,NA,0,0,0,0,NA,0,0,0,0,NA,NA,NA,NA,NA,NA,NA,NA,NA,NA,NA,NA,NA,NA,NA,NA,NA,NA
"178",NA,1,1,1,1,NA,1,1,1,0,0,0,1,0,0,0,0,NA,NA,NA,0,0,NA,0,0,0,NA,0,NA,0,0,NA,NA,0,NA,0,0,NA,0,NA,NA,0,0,0,0,NA,NA,NA,NA,0,0,NA,0,0,0,0,0,0,NA,NA,0,0,0,0,NA,NA,0,0,0,NA,NA,NA,NA,NA,NA,NA,NA,NA,NA,NA,NA,NA,NA,NA,NA,NA,NA
"179",NA,1,1,0,0,NA,1,0,0,NA,NA,0,1,0,NA,NA,0,NA,0,NA,0,0,NA,0,0,NA,NA,NA,0,0,0,NA,NA,NA,NA,0,0,NA,0,0,NA,0,NA,NA,0,0,NA,NA,0,0,0,NA,0,0,0,0,NA,0,NA,NA,0,0,0,0,NA,0,0,0,0,NA,NA,NA,NA,NA,NA,NA,NA,NA,NA,NA,NA,NA,NA,NA,NA,NA,NA
"180",NA,1,1,1,1,NA,1,1,0,NA,NA,0,1,0,NA,NA,0,NA,0,NA,0,0,NA,0,0,NA,NA,NA,0,0,0,NA,NA,NA,NA,0,0,NA,0,0,NA,0,NA,NA,0,0,NA,NA,0,0,0,NA,0,0,0,0,0,0,NA,NA,0,0,0,0,NA,NA,0,0,0,NA,NA,NA,NA,NA,NA,NA,NA,NA,NA,NA,NA,NA,NA,NA,NA,NA,NA
"181",NA,1,1,0,0,NA,1,0,1,0,0,0,1,0,0,0,0,NA,NA,NA,0,0,NA,0,0,0,NA,0,NA,0,0,NA,NA,0,NA,0,0,NA,0,NA,NA,0,0,0,0,NA,NA,NA,0,0,0,NA,0,0,0,0,NA,0,NA,NA,0,0,0,0,NA,0,0,0,0,NA,NA,NA,NA,NA,NA,NA,NA,NA,NA,NA,NA,NA,NA,NA,NA,NA,NA
"182",NA,1,1,1,1,NA,1,1,1,0,0,0,1,0,0,0,0,NA,NA,NA,0,0,NA,0,0,0,NA,0,NA,0,0,NA,NA,0,NA,0,0,NA,0,NA,NA,0,0,0,0,NA,NA,NA,0,0,NA,NA,0,0,0,0,0,0,NA,NA,0,0,0,0,NA,NA,0,0,0,NA,NA,NA,NA,NA,NA,NA,NA,NA,NA,NA,NA,NA,NA,NA,NA,NA,NA
"183",NA,1,1,1,1,NA,1,0,0,NA,NA,1,1,1,NA,NA,0,NA,0,NA,0,0,NA,0,0,NA,NA,NA,0,0,0,NA,NA,NA,NA,0,0,NA,0,0,NA,0,NA,NA,0,0,NA,NA,NA,0,0,NA,0,0,0,0,NA,0,NA,NA,0,0,0,0,0,0,0,0,0,NA,NA,NA,NA,NA,NA,NA,NA,NA,NA,NA,NA,NA,NA,NA,NA,NA,NA
"184",NA,1,1,1,1,NA,1,1,1,NA,NA,0,1,0,NA,NA,0,NA,0,NA,0,0,NA,0,0,NA,NA,NA,0,0,0,NA,NA,0,NA,0,0,NA,0,0,NA,0,NA,NA,0,0,NA,NA,0,0,0,NA,0,0,0,0,0,0,NA,NA,0,0,0,0,NA,NA,0,0,0,NA,NA,NA,NA,NA,NA,NA,NA,NA,NA,NA,NA,NA,NA,NA,NA,NA,NA
"185",NA,1,1,1,1,NA,1,0,0,0,0,1,1,1,0,0,0,NA,NA,NA,0,0,NA,0,0,0,NA,0,NA,0,0,NA,NA,NA,NA,0,0,NA,0,NA,NA,0,0,0,0,NA,NA,NA,0,0,NA,NA,0,0,0,0,NA,0,NA,NA,0,0,0,0,0,0,0,0,0,NA,NA,NA,NA,NA,NA,NA,NA,NA,NA,NA,NA,NA,NA,NA,NA,NA,NA
"186",NA,1,1,1,1,NA,1,1,1,0,0,1,1,1,0,0,0,NA,NA,NA,0,0,NA,0,0,0,NA,0,NA,0,0,NA,NA,0,NA,0,0,NA,0,NA,NA,0,0,0,0,NA,NA,NA,NA,0,NA,NA,0,0,0,0,0,0,NA,NA,0,0,0,0,0,NA,0,0,0,NA,NA,NA,NA,NA,NA,NA,NA,NA,NA,NA,NA,NA,NA,NA,NA,NA,NA
"187",NA,1,1,1,1,NA,1,0,0,NA,NA,1,1,1,NA,NA,0,NA,0,NA,0,0,NA,0,0,NA,NA,NA,0,0,0,NA,NA,NA,NA,0,0,NA,0,0,NA,0,NA,NA,0,0,NA,NA,0,0,0,NA,0,0,0,0,NA,0,NA,NA,0,0,0,0,0,0,0,0,0,NA,NA,NA,NA,NA,NA,NA,NA,NA,NA,NA,NA,NA,NA,NA,NA,NA,NA
"188",NA,1,1,1,1,NA,1,1,0,NA,NA,1,1,1,NA,NA,0,NA,0,NA,0,0,NA,0,0,NA,NA,NA,0,0,0,NA,NA,NA,NA,0,0,NA,0,0,NA,0,NA,NA,0,0,NA,NA,0,0,NA,NA,0,0,0,0,0,0,NA,NA,0,0,0,0,0,NA,0,0,0,NA,NA,NA,NA,NA,NA,NA,NA,NA,NA,NA,NA,NA,NA,NA,NA,NA,NA
"189",NA,1,1,1,1,NA,1,0,1,0,0,1,1,1,0,0,0,NA,NA,NA,0,0,NA,0,0,0,NA,0,NA,0,0,NA,NA,0,NA,0,0,NA,0,NA,NA,0,0,0,0,NA,NA,NA,NA,0,NA,NA,0,0,0,0,NA,0,NA,NA,0,0,0,0,0,0,0,0,0,NA,NA,NA,NA,NA,NA,NA,NA,NA,NA,NA,NA,NA,NA,NA,NA,NA,NA
"190",NA,1,1,1,1,NA,1,1,0,0,0,1,1,1,0,0,0,NA,NA,NA,0,0,NA,0,0,0,NA,0,NA,0,0,NA,NA,NA,NA,0,0,NA,0,NA,NA,0,0,0,0,NA,NA,NA,0,0,0,NA,0,0,0,0,0,0,NA,NA,0,0,0,0,0,NA,0,0,0,NA,NA,NA,NA,NA,NA,NA,NA,NA,NA,NA,NA,NA,NA,NA,NA,NA,NA
"191",NA,1,1,1,1,NA,1,0,1,NA,NA,1,1,1,NA,NA,0,NA,0,NA,0,0,NA,0,0,NA,NA,NA,0,0,0,NA,NA,0,NA,0,0,NA,0,0,NA,0,NA,NA,0,0,NA,NA,0,0,NA,NA,0,0,0,0,NA,0,NA,NA,0,0,0,0,0,0,0,0,0,NA,NA,NA,NA,NA,NA,NA,NA,NA,NA,NA,NA,NA,NA,NA,NA,NA,NA
"192",NA,1,1,1,1,NA,1,1,1,NA,NA,1,1,1,NA,NA,0,NA,0,NA,0,0,NA,0,0,NA,NA,NA,0,0,0,NA,NA,0,NA,0,0,NA,0,0,NA,0,NA,NA,0,0,NA,NA,NA,0,0,NA,0,0,0,0,0,0,NA,NA,0,0,0,0,0,NA,0,0,0,NA,NA,NA,NA,NA,NA,NA,NA,NA,NA,NA,NA,NA,NA,NA,NA,NA,NA
"193",NA,1,1,1,1,NA,1,0,1,0,0,1,1,1,0,0,0,NA,NA,NA,0,0,NA,0,0,0,NA,0,NA,0,0,NA,NA,0,NA,0,0,NA,0,NA,NA,0,0,0,0,NA,NA,NA,NA,0,0,NA,0,0,0,0,NA,0,NA,NA,0,0,0,0,0,0,0,0,0,NA,NA,NA,NA,NA,NA,NA,NA,NA,NA,NA,NA,NA,NA,NA,NA,NA,NA
"194",NA,1,1,1,1,NA,1,1,1,0,0,1,1,1,0,0,0,NA,NA,NA,0,0,NA,0,0,0,NA,0,NA,0,0,NA,NA,0,NA,0,0,NA,0,NA,NA,0,0,0,0,NA,NA,NA,0,0,NA,NA,0,0,0,0,0,0,NA,NA,0,0,0,0,0,NA,0,0,0,NA,NA,NA,NA,NA,NA,NA,NA,NA,NA,NA,NA,NA,NA,NA,NA,NA,NA
"195",NA,1,1,1,1,NA,1,0,1,NA,NA,1,1,1,NA,NA,0,NA,0,NA,0,0,NA,0,0,NA,NA,NA,0,0,0,NA,NA,0,NA,0,0,NA,0,0,NA,0,NA,NA,0,0,NA,NA,0,0,0,NA,0,0,0,0,NA,0,NA,NA,0,0,0,0,0,0,0,0,0,NA,NA,NA,NA,NA,NA,NA,NA,NA,NA,NA,NA,NA,NA,NA,NA,NA,NA
"196",NA,1,1,1,1,NA,1,1,1,NA,NA,1,1,1,NA,NA,0,NA,0,NA,0,0,NA,0,0,NA,NA,NA,0,0,0,NA,NA,0,NA,0,0,NA,0,0,NA,0,NA,NA,0,0,NA,NA,0,0,0,NA,0,0,0,0,0,0,NA,NA,0,0,0,0,0,NA,0,0,0,NA,NA,NA,NA,NA,NA,NA,NA,NA,NA,NA,NA,NA,NA,NA,NA,NA,NA
"197",NA,1,1,0,0,NA,1,0,1,0,0,0,1,0,0,0,0,NA,NA,NA,0,0,NA,0,0,0,NA,0,NA,0,0,NA,NA,0,NA,0,0,NA,0,NA,NA,0,0,0,0,NA,NA,NA,NA,0,NA,NA,0,0,0,0,0,0,NA,NA,0,0,0,0,NA,0,0,0,0,NA,NA,NA,NA,NA,NA,NA,NA,NA,NA,NA,NA,NA,NA,NA,NA,NA,NA
"198",NA,1,1,0,0,NA,1,0,0,0,0,0,1,0,0,0,0,NA,NA,NA,0,0,NA,0,0,0,NA,0,NA,0,0,NA,NA,NA,NA,0,0,NA,0,NA,NA,0,0,0,0,NA,NA,NA,NA,0,0,NA,0,0,0,0,0,0,NA,NA,0,0,0,0,NA,0,0,0,0,NA,NA,NA,NA,NA,NA,NA,NA,NA,NA,NA,NA,NA,NA,NA,NA,NA,NA
"199",NA,1,1,0,0,NA,1,0,1,0,0,0,1,0,0,0,0,NA,NA,NA,0,0,NA,0,0,0,NA,0,NA,0,0,NA,NA,0,NA,0,0,NA,0,NA,NA,0,0,0,0,NA,NA,NA,NA,0,0,NA,0,0,0,0,0,0,NA,NA,0,0,0,0,NA,0,0,0,0,NA,NA,NA,NA,NA,NA,NA,NA,NA,NA,NA,NA,NA,NA,NA,NA,NA,NA
"200",NA,1,1,0,0,NA,1,0,0,0,0,0,1,0,0,0,0,NA,NA,NA,0,0,NA,0,0,0,NA,0,NA,0,0,NA,NA,NA,NA,0,0,NA,0,NA,NA,0,0,0,0,NA,NA,NA,0,0,0,NA,0,0,0,0,0,0,NA,NA,0,0,0,0,NA,0,0,0,0,NA,NA,NA,NA,NA,NA,NA,NA,NA,NA,NA,NA,NA,NA,NA,NA,NA,NA
"201",NA,1,1,0,0,NA,1,0,1,0,0,0,1,0,0,0,0,NA,NA,NA,0,0,NA,0,0,0,NA,0,NA,0,0,NA,NA,0,NA,0,0,NA,0,NA,NA,0,0,0,0,NA,NA,NA,0,0,NA,NA,0,0,0,0,0,0,NA,NA,0,0,0,0,NA,0,0,0,0,NA,NA,NA,NA,NA,NA,NA,NA,NA,NA,NA,NA,NA,NA,NA,NA,NA,NA
"202",NA,1,1,0,0,NA,1,0,1,0,0,0,1,0,0,0,0,NA,NA,NA,0,0,NA,0,0,0,NA,0,NA,0,0,NA,NA,0,NA,0,0,NA,0,NA,NA,0,0,0,0,NA,NA,NA,0,0,0,NA,0,0,0,0,0,0,NA,NA,0,0,0,0,NA,0,0,0,0,NA,NA,NA,NA,NA,NA,NA,NA,NA,NA,NA,NA,NA,NA,NA,NA,NA,NA
"203",NA,1,1,1,1,NA,1,0,0,0,0,1,1,1,0,0,0,NA,NA,NA,0,0,NA,0,0,0,NA,0,NA,0,0,NA,NA,NA,NA,0,0,NA,0,NA,NA,0,0,0,0,NA,NA,NA,NA,0,0,NA,0,0,0,0,0,0,NA,NA,0,0,0,0,0,0,0,0,0,NA,NA,NA,NA,NA,NA,NA,NA,NA,NA,NA,NA,NA,NA,NA,NA,NA,NA
"204",NA,1,1,1,1,NA,1,0,0,0,0,1,1,1,0,0,0,NA,NA,NA,0,0,NA,0,0,0,NA,0,NA,0,0,NA,NA,NA,NA,0,0,NA,0,NA,NA,0,0,0,0,NA,NA,NA,0,0,NA,NA,0,0,0,0,0,0,NA,NA,0,0,0,0,0,0,0,0,0,NA,NA,NA,NA,NA,NA,NA,NA,NA,NA,NA,NA,NA,NA,NA,NA,NA,NA
"205",NA,1,1,1,1,NA,1,0,1,NA,NA,1,1,1,NA,NA,0,NA,0,NA,0,0,NA,0,0,NA,NA,NA,0,0,0,NA,NA,0,NA,0,0,NA,0,0,NA,0,NA,NA,0,0,NA,NA,NA,0,NA,NA,0,0,0,0,0,0,NA,NA,0,0,0,0,0,0,0,0,0,NA,NA,NA,NA,NA,NA,NA,NA,NA,NA,NA,NA,NA,NA,NA,NA,NA,NA
"206",NA,1,1,1,1,NA,1,0,0,NA,NA,1,1,1,NA,NA,0,NA,0,NA,0,0,NA,0,0,NA,NA,NA,0,0,0,NA,NA,NA,NA,0,0,NA,0,0,NA,0,NA,NA,0,0,NA,NA,0,0,0,NA,0,0,0,0,0,0,NA,NA,0,0,0,0,0,0,0,0,0,NA,NA,NA,NA,NA,NA,NA,NA,NA,NA,NA,NA,NA,NA,NA,NA,NA,NA
"207",NA,1,1,1,1,NA,1,0,1,NA,NA,1,1,1,NA,NA,0,NA,0,NA,0,0,NA,0,0,NA,NA,NA,0,0,0,NA,NA,0,NA,0,0,NA,0,0,NA,0,NA,NA,0,0,NA,NA,0,0,NA,NA,0,0,0,0,0,0,NA,NA,0,0,0,0,0,0,0,0,0,NA,NA,NA,NA,NA,NA,NA,NA,NA,NA,NA,NA,NA,NA,NA,NA,NA,NA
"208",NA,1,1,1,1,NA,1,0,1,NA,NA,1,1,1,NA,NA,0,NA,0,NA,0,0,NA,0,0,NA,NA,NA,0,0,0,NA,NA,0,NA,0,0,NA,0,0,NA,0,NA,NA,0,0,NA,NA,NA,0,0,NA,0,0,0,0,0,0,NA,NA,0,0,0,0,0,0,0,0,0,NA,NA,NA,NA,NA,NA,NA,NA,NA,NA,NA,NA,NA,NA,NA,NA,NA,NA
"209",NA,1,1,1,1,NA,1,0,1,NA,NA,1,1,1,NA,NA,0,NA,0,NA,0,0,NA,0,0,NA,NA,NA,0,0,0,NA,NA,0,NA,0,0,NA,0,0,NA,0,NA,NA,0,0,NA,NA,0,0,0,NA,0,0,0,0,0,0,NA,NA,0,0,0,0,0,0,0,0,0,NA,NA,NA,NA,NA,NA,NA,NA,NA,NA,NA,NA,NA,NA,NA,NA,NA,NA
"210",0,NA,NA,NA,NA,0,NA,NA,NA,1,1,0,0,0,1,0,NA,0,NA,0,NA,NA,NA,0,0,0,NA,0,0,NA,NA,0,NA,NA,NA,0,0,0,NA,NA,0,NA,0,NA,NA,NA,0,0,NA,0,0,0,NA,0,0,NA,NA,0,NA,0,0,0,0,0,NA,0,NA,NA,NA,NA,NA,NA,NA,NA,NA,NA,NA,NA,NA,NA,NA,NA,NA,NA,NA,NA,NA
"211",1,NA,NA,NA,NA,0,NA,NA,NA,1,1,0,0,0,1,0,NA,0,NA,0,NA,NA,0,0,0,0,NA,0,0,NA,NA,0,NA,NA,NA,0,0,0,NA,NA,0,NA,0,NA,NA,NA,0,0,NA,0,0,0,NA,0,NA,NA,NA,0,NA,0,0,0,0,0,NA,0,NA,NA,NA,NA,NA,NA,NA,NA,NA,NA,NA,NA,NA,NA,NA,NA,NA,NA,NA,NA,NA
"212",1,NA,NA,NA,NA,0,NA,NA,NA,1,1,0,0,0,1,0,NA,0,NA,0,NA,NA,NA,0,0,0,NA,0,0,NA,NA,0,NA,NA,NA,0,0,0,NA,NA,0,NA,0,NA,NA,NA,0,0,NA,0,0,0,NA,0,NA,NA,NA,0,0,0,0,0,0,0,NA,0,NA,NA,NA,NA,NA,NA,NA,NA,NA,NA,NA,NA,NA,NA,NA,NA,NA,NA,NA,NA,NA
"213",1,NA,NA,NA,NA,0,NA,NA,NA,1,1,0,0,0,1,0,NA,0,NA,0,NA,NA,0,0,0,0,NA,0,0,NA,NA,0,NA,NA,NA,0,0,0,NA,NA,0,NA,0,NA,NA,NA,0,0,NA,0,0,0,NA,0,NA,NA,NA,0,0,0,0,0,0,0,NA,0,NA,NA,NA,NA,NA,NA,NA,NA,NA,NA,NA,NA,NA,NA,NA,NA,NA,NA,NA,NA,NA
"214",1,NA,NA,NA,NA,0,NA,NA,NA,1,1,0,0,0,1,0,NA,0,NA,0,NA,NA,NA,0,0,0,NA,0,0,NA,NA,0,NA,NA,NA,0,0,0,NA,NA,0,NA,0,NA,NA,NA,0,0,NA,0,0,0,NA,0,0,NA,NA,0,0,0,0,0,0,0,NA,0,NA,NA,NA,NA,NA,NA,NA,NA,NA,NA,NA,NA,NA,NA,NA,NA,NA,NA,NA,NA,NA
"215",1,NA,NA,NA,NA,0,NA,NA,NA,1,1,0,0,0,1,0,NA,0,NA,0,NA,NA,0,0,0,0,NA,0,0,NA,NA,0,NA,NA,NA,0,0,0,NA,NA,0,NA,0,NA,NA,NA,0,0,NA,0,0,0,NA,0,0,NA,NA,0,NA,0,0,0,0,0,NA,0,NA,NA,NA,NA,NA,NA,NA,NA,NA,NA,NA,NA,NA,NA,NA,NA,NA,NA,NA,NA,NA
"216",1,NA,NA,NA,NA,0,NA,NA,NA,1,1,0,0,0,1,0,NA,0,NA,0,NA,NA,0,0,0,0,NA,0,0,NA,NA,0,NA,NA,NA,0,0,0,NA,NA,0,NA,0,NA,NA,NA,0,0,NA,0,0,0,NA,0,0,NA,NA,0,0,0,0,0,0,0,NA,0,NA,NA,NA,NA,NA,NA,NA,NA,NA,NA,NA,NA,NA,NA,NA,NA,NA,NA,NA,NA,NA
"217",1,NA,NA,NA,NA,1,NA,NA,NA,1,1,0,0,0,1,0,NA,0,NA,0,NA,NA,NA,0,0,0,NA,0,0,NA,NA,0,0,NA,NA,0,0,0,NA,NA,0,NA,0,NA,NA,NA,0,0,NA,0,0,0,NA,0,NA,NA,NA,0,NA,0,0,0,0,0,NA,0,NA,NA,NA,NA,NA,NA,NA,NA,NA,NA,NA,NA,NA,NA,NA,NA,NA,NA,NA,NA,NA
"218",1,NA,NA,NA,NA,1,NA,NA,NA,1,1,0,0,0,1,0,NA,0,NA,0,NA,NA,0,0,0,0,NA,0,0,NA,NA,0,0,NA,NA,0,0,0,NA,NA,0,NA,0,NA,NA,NA,0,0,NA,0,0,0,NA,0,NA,NA,NA,0,NA,0,0,0,0,0,NA,0,NA,NA,NA,NA,NA,NA,NA,NA,NA,NA,NA,NA,NA,NA,NA,NA,NA,NA,NA,NA,NA
"219",1,NA,NA,NA,NA,1,NA,NA,NA,1,1,0,0,0,1,0,NA,0,NA,0,NA,NA,NA,0,0,0,NA,0,0,NA,NA,0,0,NA,NA,0,0,0,NA,NA,0,NA,0,NA,NA,NA,0,0,NA,0,0,0,NA,0,NA,NA,NA,0,0,0,0,0,0,0,NA,0,NA,NA,NA,NA,NA,NA,NA,NA,NA,NA,NA,NA,NA,NA,NA,NA,NA,NA,NA,NA,NA
"220",1,NA,NA,NA,NA,1,NA,NA,NA,1,1,0,0,0,1,0,NA,0,NA,0,NA,NA,NA,0,0,0,NA,0,0,NA,NA,0,0,NA,NA,0,0,0,NA,NA,0,NA,0,NA,NA,NA,0,0,NA,0,0,0,NA,0,0,NA,NA,0,NA,0,0,0,0,0,NA,0,NA,NA,NA,NA,NA,NA,NA,NA,NA,NA,NA,NA,NA,NA,NA,NA,NA,NA,NA,NA,NA
"221",1,NA,NA,NA,NA,1,NA,NA,NA,1,1,0,0,0,1,0,NA,0,NA,0,NA,NA,0,0,0,0,NA,0,0,NA,NA,0,0,NA,NA,0,0,0,NA,NA,0,NA,0,NA,NA,NA,0,0,NA,0,0,0,NA,0,0,NA,NA,0,NA,0,0,0,0,0,NA,0,NA,NA,NA,NA,NA,NA,NA,NA,NA,NA,NA,NA,NA,NA,NA,NA,NA,NA,NA,NA,NA
"222",1,NA,NA,NA,NA,1,NA,NA,NA,1,1,0,0,0,1,0,NA,0,NA,0,NA,NA,0,0,0,0,NA,0,0,NA,NA,0,0,NA,NA,0,0,0,NA,NA,0,NA,0,NA,NA,NA,0,0,NA,0,0,0,NA,0,NA,NA,NA,0,0,0,0,0,0,0,NA,0,NA,NA,NA,NA,NA,NA,NA,NA,NA,NA,NA,NA,NA,NA,NA,NA,NA,NA,NA,NA,NA
"223",1,NA,NA,NA,NA,1,NA,NA,NA,1,1,0,0,0,1,0,NA,0,NA,0,NA,NA,NA,0,0,0,NA,0,0,NA,NA,0,0,NA,NA,0,0,0,NA,NA,0,NA,0,NA,NA,NA,0,0,NA,0,0,0,NA,0,0,NA,NA,0,0,0,0,0,0,0,NA,0,NA,NA,NA,NA,NA,NA,NA,NA,NA,NA,NA,NA,NA,NA,NA,NA,NA,NA,NA,NA,NA
"224",1,NA,NA,NA,NA,1,NA,NA,NA,1,1,0,0,0,1,0,NA,0,NA,0,NA,NA,0,0,0,0,NA,0,0,NA,NA,0,0,NA,NA,0,0,0,NA,NA,0,NA,0,NA,NA,NA,0,0,NA,0,0,0,NA,0,0,NA,NA,0,0,0,0,0,0,0,NA,0,NA,NA,NA,NA,NA,NA,NA,NA,NA,NA,NA,NA,NA,NA,NA,NA,NA,NA,NA,NA,NA
"225",0.989583333333333,0.984375,0.984375,0.75,0.75,0.666666666666667,0.5,0.5,0.5,0.380952380952381,0.326530612244898,0.286995515695067,0.285714285714286,0.285714285714286,0.275862068965517,0.275862068965517,0,0,0,0,0,0,0,0,0,0,0,0,0,0,0,0,0,0,0,0,0,0,0,0,0,0,0,0,0,0,0,0,0,0,0,0,0,0,0,0,0,0,0,0,0,0,0,0,0,0,0,0,0,NA,NA,NA,NA,NA,NA,NA,NA,NA,NA,NA,NA,NA,NA,NA,NA,NA,NA
"226",0.428571428571429,0.571428571428571,0.571428571428571,0.571428571428571,0.571428571428571,0.428571428571429,0.571428571428571,0.571428571428571,0.571428571428571,0.5625,0.65625,0.995535714285714,1,1,0.776785714285714,0.776785714285714,0.473214285714286,0.428571428571429,0.227678571428571,0.714285714285714,0.571428571428571,0.571428571428571,0.214285714285714,0.90625,0.950892857142857,0.776785714285714,0.00446428571428571,0.5625,0.558035714285714,0.571428571428571,0.571428571428571,0.428571428571429,0.142857142857143,0.285714285714286,0.0982142857142857,1,1,0.428571428571429,0.571428571428571,0.223214285714286,0.428571428571429,0.571428571428571,0.776785714285714,0.348214285714286,0.571428571428571,0.223214285714286,0.428571428571429,0.428571428571429,0.285714285714286,1,0.714285714285714,0.428571428571429,0.571428571428571,1,0.785714285714286,0.571428571428571,0.285714285714286,1,0.214285714285714,0.428571428571429,0.785714285714286,1,1,0.857142857142857,0.285714285714286,0.714285714285714,0.571428571428571,0.571428571428571,0.571428571428571,0,0,0,0,0,0,0,0,0,0,0,0,0,0,0,0,0,0
