1 	 gadE, ydeO, gadW
12 	 gadE, ydeO, gadW
13 	 gadE, ydeO, gadW
14 	 gadE, ydeO, gadW, idnR
15 	 gadE, ydeO, gadW
16 	 gadE, ydeO, gadW, idnR
18 	 gadE, ydeO, gadW
19 	 gadE, ydeO, gadW
20 	 gadE, ydeO, gadW
21 	 gadE, ydeO, gadW, zraR
22 	 gadE, ydeO, gadW
23 	 gadE, ydeO, gadW
24 	 gadE, ydeO, gadW
25 	 gadE, ydeO, gadW, zraR
26 	 gadE, ydeO, gadW
28 	 gadE, ydeO, gadW
32 	 gadE, ydeO, gadW, idnR
34 	 gadE, ydeO, gadW, idnR
36 	 gadE, ydeO, gadW
37 	 gadE, ydeO, gadW
38 	 gadE, ydeO, gadW
39 	 gadE, ydeO, gadW
40 	 gadE, ydeO, gadW
41 	 gadE, ydeO, gadW, zraR
42 	 gadE, ydeO, gadW
44 	 gadE, ydeO, gadW
45 	 gadE, ydeO, gadW, zraR
46 	 gadE, ydeO, gadW, idnR
47 	 gadE, ydeO, gadW, zraR
48 	 gadE, ydeO, gadW, idnR
49 	 gadE, ydeO, gadW, zraR
50 	 gadE, ydeO, gadW, idnR
51 	 gadE, ydeO, gadW, zraR
52 	 gadE, ydeO, gadW, idnR
53 	 gadE, ydeO, gadW
54 	 gadE, ydeO, gadW, zraR, idnR
55 	 gadE, ydeO, gadW
56 	 gadE, ydeO, gadW, idnR
57 	 gadE, ydeO, gadW, zraR
58 	 gadE, ydeO, gadW, idnR
59 	 gadE, ydeO, gadW, zraR
60 	 gadE, ydeO, gadW, idnR
61 	 gadE, ydeO, gadW
62 	 gadE, ydeO, gadW, zraR, idnR
63 	 gadE, ydeO, gadW, zraR
64 	 gadE, ydeO, gadW, idnR
65 	 gadE, ydeO, gadW, zraR
66 	 gadE, ydeO, gadW
67 	 gadE, ydeO, gadW, idnR
68 	 gadE, ydeO, gadW, idnR
69 	 gadE, ydeO, gadW, idnR
70 	 gadE, ydeO, gadW, idnR
71 	 gadE, ydeO, gadW, idnR
72 	 gadE, ydeO, gadW, zraR
73 	 gadE, ydeO, gadW
74 	 gadE, ydeO, gadW, zraR
75 	 gadE, ydeO, gadW, zraR
76 	 gadE, ydeO, gadW, zraR, idnR
77 	 gadE, ydeO, gadW, zraR
78 	 gadE, ydeO, gadW, zraR, idnR
79 	 gadE, ydeO, gadW, zraR
80 	 gadE, ydeO, gadW, zraR, idnR
81 	 gadE, ydeO, gadW, zraR
82 	 gadE, ydeO, gadW, zraR, idnR
83 	 gadE, ydeO, gadW, idnR
84 	 gadE, ydeO, gadW
85 	 gadE, ydeO, gadW, idnR
86 	 gadE, ydeO, gadW
87 	 gadE, ydeO, gadW, idnR
88 	 gadE, ydeO, gadW, zraR
89 	 gadE, ydeO, gadW
90 	 gadE, ydeO, gadW, zraR
91 	 gadE, ydeO, gadW
92 	 gadE, ydeO, gadW, zraR
93 	 gadE, ydeO, gadW, idnR
94 	 gadE, ydeO, gadW, zraR
95 	 gadE, ydeO, gadW, idnR
96 	 gadE, ydeO, gadW, zraR
97 	 gadE, ydeO, gadW, idnR
98 	 gadE, ydeO, gadW, zraR
99 	 gadE, ydeO, gadW, zraR, idnR
100 	 gadE, ydeO, gadW
101 	 gadE, ydeO, gadW, zraR
102 	 gadE, ydeO, gadW, zraR, idnR
103 	 gadE, ydeO, gadW
104 	 gadE, ydeO, gadW, zraR
105 	 gadE, ydeO, gadW, zraR, idnR
106 	 gadE, ydeO, gadW
107 	 gadE, ydeO, gadW, zraR, idnR
108 	 gadE, ydeO, gadW, zraR, idnR
109 	 gadE, ydeO, gadW
110 	 gadE, ydeO, gadW, zraR, idnR
111 	 gadE, ydeO, gadW, idnR
112 	 gadE, ydeO, gadW, zraR, idnR
113 	 gadE, ydeO, gadW, zraR, idnR
114 	 gadE, ydeO, gadW, zraR
115 	 gadE, ydeO, gadW, zraR
116 	 gadE, ydeO, gadW, idnR
117 	 gadE, ydeO, gadW, zraR, idnR
118 	 gadE, ydeO, gadW, zraR, idnR
119 	 gadE, ydeO, gadW, idnR
120 	 gadE, ydeO, gadW, idnR
121 	 gadE, ydeO, gadW, idnR
122 	 gadE, ydeO, gadW, zraR, idnR
123 	 gadE, ydeO, gadW, zraR
124 	 gadE, ydeO, gadW, zraR
125 	 gadE, ydeO, gadW, zraR, idnR
126 	 gadE, ydeO, gadW, zraR
127 	 gadE, ydeO, gadW, zraR, idnR
128 	 gadE, ydeO, gadW, zraR
129 	 gadE, ydeO, gadW, zraR, idnR
130 	 gadE, ydeO, gadW, zraR
131 	 gadE, ydeO, gadW, zraR, idnR
132 	 gadE, ydeO, gadW, zraR, idnR
133 	 gadE, ydeO, gadW, zraR, idnR
134 	 gadE, ydeO, gadW, idnR
135 	 gadE, ydeO, gadW, zraR, idnR
136 	 gadE, ydeO, gadW, idnR
137 	 gadE, ydeO, gadW, zraR, idnR
138 	 gadE, ydeO, gadW, idnR
139 	 gadE, ydeO, gadW, zraR, idnR
140 	 gadE, ydeO, gadW, zraR, idnR
141 	 gadE, ydeO, gadW, zraR, idnR
142 	 gadE, ydeO, gadW, idnR
143 	 gadE, ydeO, gadW, zraR, idnR
144 	 gadE, ydeO, gadW, zraR, idnR
145 	 gadE, ydeO, gadW, zraR, idnR
146 	 gadE, ydeO, gadW, zraR, idnR
150 	 idnR
151 	 zraR
154 	 idnR
169 	 zraR
171 	 zraR
173 	 zraR
175 	 zraR
177 	 zraR
179 	 zraR
181 	 zraR
183 	 zraR
185 	 zraR
187 	 zraR
189 	 zraR
191 	 zraR
193 	 zraR
195 	 zraR
197 	 zraR
199 	 zraR
201 	 zraR
203 	 zraR
205 	 zraR
207 	 zraR
209 	 zraR
211 	 zraR
213 	 zraR
215 	 zraR
217 	 zraR
219 	 zraR
221 	 zraR
222 	 idnR
223 	 zraR
224 	 idnR
225 	 zraR
226 	 idnR
228 	 idnR
230 	 idnR
232 	 idnR
234 	 idnR
236 	 idnR
238 	 idnR
240 	 idnR
242 	 idnR
244 	 idnR
246 	 idnR
248 	 idnR
250 	 idnR
252 	 idnR
254 	 idnR
256 	 idnR
258 	 idnR
260 	 idnR
262 	 idnR
264 	 idnR
266 	 idnR
268 	 idnR
270 	 idnR
272 	 idnR
274 	 idnR
276 	 idnR
278 	 idnR
280 	 idnR
281 	 zraR
282 	 idnR
283 	 zraR
284 	 idnR
285 	 zraR
286 	 idnR
287 	 zraR
288 	 idnR
289 	 zraR
290 	 idnR
291 	 zraR
292 	 idnR
293 	 zraR
294 	 idnR
295 	 zraR
296 	 idnR
297 	 zraR
298 	 idnR
299 	 zraR
300 	 idnR
301 	 zraR
302 	 idnR
303 	 zraR
304 	 idnR
305 	 zraR
306 	 idnR
307 	 zraR
308 	 idnR
309 	 zraR
310 	 idnR
311 	 zraR
312 	 idnR
313 	 zraR
314 	 idnR
315 	 zraR
316 	 idnR
317 	 zraR
318 	 idnR
319 	 zraR
320 	 idnR
321 	 zraR
322 	 idnR
323 	 zraR
324 	 idnR
325 	 zraR
326 	 idnR
327 	 zraR
328 	 idnR
329 	 zraR
330 	 idnR
331 	 zraR
332 	 idnR
333 	 zraR
334 	 idnR
335 	 zraR
336 	 idnR
337 	 zraR
339 	 zraR
341 	 idnR
342 	 zraR
343 	 idnR
344 	 zraR
345 	 idnR
346 	 zraR
347 	 idnR
348 	 zraR
349 	 idnR
350 	 zraR
351 	 idnR
352 	 zraR
353 	 idnR
354 	 zraR
355 	 idnR
356 	 zraR
357 	 idnR
358 	 zraR
359 	 idnR
360 	 zraR
361 	 idnR
362 	 zraR
363 	 idnR
364 	 zraR
365 	 idnR
366 	 zraR
367 	 idnR
368 	 zraR
369 	 idnR
370 	 zraR
371 	 idnR
372 	 zraR
373 	 idnR
374 	 zraR
375 	 idnR
376 	 zraR
377 	 idnR
378 	 zraR
379 	 idnR
380 	 zraR
381 	 idnR
382 	 zraR
383 	 idnR
384 	 zraR
385 	 idnR
386 	 zraR
387 	 idnR
388 	 zraR
389 	 idnR
390 	 zraR
391 	 idnR
392 	 zraR
393 	 idnR
394 	 zraR
395 	 idnR
396 	 zraR
397 	 idnR
398 	 zraR
399 	 idnR
400 	 zraR
401 	 zraR, idnR
402 	 zraR, idnR
403 	 zraR, idnR
404 	 zraR, idnR
405 	 zraR, idnR
406 	 zraR, idnR
407 	 zraR, idnR
408 	 zraR, idnR
409 	 zraR, idnR
410 	 zraR, idnR
411 	 zraR, idnR
412 	 zraR, idnR
413 	 zraR, idnR
414 	 zraR, idnR
415 	 zraR, idnR
416 	 zraR, idnR
417 	 zraR, idnR
418 	 zraR, idnR
419 	 zraR, idnR
420 	 zraR, idnR
421 	 zraR, idnR
422 	 zraR, idnR
423 	 zraR, idnR
424 	 zraR, idnR
425 	 zraR, idnR
426 	 zraR, idnR
427 	 zraR, idnR
428 	 zraR, idnR
429 	 zraR, idnR
430 	 zraR, idnR
431 	 zraR, idnR
432 	 zraR, idnR
433 	 zraR, idnR
434 	 zraR, idnR
435 	 zraR, idnR
436 	 zraR, idnR
437 	 zraR, idnR
438 	 zraR, idnR
439 	 zraR, idnR
440 	 zraR, idnR
441 	 zraR, idnR
442 	 zraR, idnR
443 	 zraR, idnR
444 	 zraR, idnR
445 	 zraR, idnR
446 	 zraR, idnR
447 	 zraR, idnR
448 	 zraR, idnR
449 	 zraR, idnR
450 	 zraR, idnR
451 	 zraR, idnR
452 	 zraR, idnR
453 	 zraR, idnR
454 	 zraR, idnR
455 	 zraR, idnR
456 	 zraR, idnR
457 	 zraR, idnR
458 	 zraR, idnR
459 	 zraR, idnR
460 	 zraR, idnR
461 	 zraR, idnR
462 	 zraR, idnR
463 	 zraR, idnR
464 	 zraR, idnR
465 	 zraR, idnR
466 	 zraR, idnR
467 	 zraR, idnR
468 	 zraR, idnR
469 	 zraR, idnR
470 	 zraR, idnR
471 	 zraR, idnR
472 	 zraR, idnR
473 	 zraR, idnR
474 	 zraR, idnR
475 	 zraR, idnR
476 	 zraR, idnR
477 	 zraR, idnR
478 	 zraR, idnR
479 	 zraR, idnR
480 	 zraR, idnR
481 	 zraR, idnR
482 	 zraR, idnR
483 	 zraR, idnR
484 	 zraR, idnR
485 	 zraR, idnR
486 	 zraR, idnR
487 	 zraR, idnR
488 	 zraR, idnR
489 	 zraR, idnR
490 	 zraR, idnR
519 	 zraR
520 	 idnR
521 	 zraR
522 	 idnR
523 	 zraR
524 	 idnR
525 	 zraR
526 	 idnR
527 	 zraR
528 	 idnR
529 	 zraR
530 	 idnR
531 	 zraR
532 	 idnR
533 	 zraR
534 	 idnR
535 	 zraR
536 	 idnR
537 	 zraR
538 	 idnR
539 	 zraR
540 	 idnR
541 	 zraR
542 	 idnR
543 	 zraR
544 	 idnR
545 	 zraR
546 	 idnR
547 	 zraR
548 	 idnR
549 	 zraR
550 	 idnR
551 	 zraR
552 	 idnR
553 	 zraR
554 	 idnR
555 	 zraR
556 	 idnR
557 	 zraR
558 	 idnR
559 	 zraR
560 	 idnR
561 	 zraR
562 	 idnR
563 	 zraR
564 	 idnR
565 	 zraR
566 	 idnR
567 	 zraR
568 	 idnR
569 	 zraR
570 	 idnR
571 	 zraR
572 	 idnR
573 	 zraR
574 	 idnR
575 	 zraR
576 	 idnR
577 	 zraR
578 	 idnR
579 	 zraR, idnR
580 	 zraR, idnR
581 	 zraR, idnR
582 	 zraR, idnR
583 	 zraR, idnR
584 	 zraR, idnR
585 	 zraR, idnR
586 	 zraR, idnR
587 	 zraR, idnR
588 	 zraR, idnR
589 	 zraR, idnR
590 	 zraR, idnR
591 	 zraR, idnR
592 	 zraR, idnR
593 	 zraR, idnR
594 	 zraR, idnR
595 	 zraR, idnR
596 	 zraR, idnR
597 	 zraR, idnR
598 	 zraR, idnR
599 	 zraR, idnR
600 	 zraR, idnR
601 	 zraR, idnR
602 	 zraR, idnR
603 	 zraR, idnR
604 	 zraR, idnR
605 	 zraR, idnR
606 	 zraR, idnR
607 	 zraR, idnR
608 	 zraR, idnR
