3 	 uxuR
4 	 uxuR
5 	 uxuR
7 	 uxuR, exuR
8 	 uxuR
9 	 uxuR, melR
10 	 uxuR
11 	 uxuR, tdcA
12 	 uxuR, fucR
13 	 uxuR
14 	 uxuR, exuR
15 	 uxuR, exuR, tdcA
16 	 uxuR, exuR
17 	 uxuR, exuR, fucR
18 	 uxuR, exuR, melR
19 	 uxuR, fucR, tdcA
21 	 uxuR, exuR
22 	 fucR
23 	 uxuR, zraR
24 	 tdcA
25 	 uxuR, idnR
26 	 uxuR
27 	 uxuR, exuR, zraR
28 	 uxuR, exuR
29 	 uxuR, tdcA
30 	 melR
32 	 uxuR, melR
33 	 uxuR, exuR
34 	 uxuR, melR, fucR
36 	 uxuR, exuR, melR, fucR
37 	 uxuR
38 	 melR, fucR
39 	 uxuR
40 	 uxuR, exuR, idnR
41 	 uxuR, fucR
42 	 idnR
43 	 uxuR, idnR
44 	 zraR
45 	 uxuR, idnR, fucR
46 	 uxuR, zraR
48 	 uxuR, zraR
49 	 uxuR, zraR
50 	 uxuR, tdcA
51 	 uxuR, exuR, melR
52 	 uxuR, exuR, fucR, tdcA
53 	 melR
54 	 uxuR, idnR, tdcA
55 	 uxuR, tdcA
56 	 uxuR, exuR, idnR, fucR
57 	 uxuR, idnR
58 	 fucR, tdcA
59 	 uxuR, idnR
60 	 uxuR, fucR
61 	 uxuR, exuR, tdcA
62 	 idnR, fucR
63 	 uxuR
64 	 uxuR, exuR, idnR, tdcA
65 	 uxuR, fucR
66 	 uxuR, exuR, tdcA
67 	 uxuR, exuR, idnR
68 	 uxuR, exuR, idnR
69 	 tdcA
70 	 idnR, tdcA
71 	 uxuR, exuR
72 	 uxuR, melR, tdcA
73 	 uxuR, exuR, fucR
74 	 uxuR, exuR, fucR
76 	 uxuR, exuR, melR, tdcA
77 	 fucR
78 	 melR, tdcA
79 	 uxuR, exuR, zraR
80 	 uxuR, melR, idnR
81 	 uxuR, exuR, zraR
82 	 uxuR, melR
83 	 uxuR, zraR, idnR
84 	 idnR
85 	 uxuR, zraR, melR
86 	 zraR
87 	 uxuR, exuR, melR, idnR
88 	 uxuR, exuR
89 	 uxuR, exuR, zraR, idnR
90 	 uxuR, exuR, melR
91 	 melR, idnR
92 	 melR
93 	 uxuR, melR, idnR, tdcA
94 	 tdcA
95 	 uxuR, melR, idnR
96 	 uxuR, exuR, tdcA
97 	 uxuR, exuR, melR, idnR
98 	 uxuR, exuR, idnR
99 	 melR, idnR
100 	 uxuR, exuR
101 	 idnR
102 	 zraR, idnR
104 	 uxuR, zraR, fucR
105 	 uxuR, melR, fucR
106 	 idnR
107 	 uxuR, exuR, fucR
108 	 fucR
109 	 fucR
110 	 uxuR, melR
111 	 uxuR, exuR, melR, fucR
112 	 uxuR, tdcA
113 	 uxuR, exuR, melR
114 	 melR, fucR
115 	 uxuR
116 	 melR
117 	 uxuR, melR
118 	 uxuR, melR, tdcA
119 	 uxuR, fucR, tdcA
120 	 uxuR, melR
121 	 uxuR, melR, fucR, tdcA
122 	 uxuR, idnR, tdcA
123 	 uxuR, melR, fucR
124 	 uxuR, exuR, melR, idnR, tdcA
125 	 uxuR, idnR, fucR
126 	 uxuR, melR, tdcA
127 	 uxuR, idnR, fucR, tdcA
128 	 uxuR, exuR, melR
129 	 uxuR, exuR, idnR, tdcA
130 	 uxuR, melR, idnR, fucR
131 	 uxuR, exuR, melR, tdcA
132 	 uxuR, exuR, idnR, fucR, tdcA
133 	 uxuR, fucR
134 	 idnR, tdcA
135 	 uxuR, exuR, melR, idnR, fucR
136 	 melR, tdcA
137 	 uxuR, exuR, idnR, fucR
138 	 uxuR, exuR, melR, fucR, tdcA
139 	 uxuR, idnR
140 	 uxuR, melR, fucR
141 	 melR, idnR, tdcA
142 	 idnR, fucR
143 	 melR, fucR, tdcA
144 	 melR
145 	 uxuR, exuR, zraR, fucR
146 	 uxuR, exuR, fucR, tdcA
147 	 zraR
148 	 uxuR, fucR
149 	 uxuR, exuR, zraR, melR
150 	 uxuR, exuR, melR, fucR
151 	 zraR, fucR
152 	 fucR, tdcA
153 	 uxuR, exuR, zraR
154 	 uxuR, exuR, tdcA
155 	 uxuR, zraR, idnR
156 	 uxuR, exuR, melR, tdcA
157 	 uxuR, zraR, tdcA
158 	 uxuR, melR, idnR
159 	 uxuR, exuR, zraR, tdcA
160 	 uxuR, exuR, melR, idnR
161 	 zraR, melR
162 	 melR, idnR
163 	 uxuR, zraR, melR, fucR
164 	 uxuR, idnR
165 	 zraR, tdcA
166 	 uxuR, exuR, idnR
167 	 uxuR, zraR
168 	 uxuR, zraR, idnR, tdcA
169 	 uxuR, idnR
170 	 uxuR, zraR, tdcA
171 	 tdcA
172 	 uxuR, exuR, zraR, idnR
173 	 uxuR, zraR, tdcA
174 	 zraR, idnR
175 	 uxuR, tdcA
176 	 uxuR, exuR, zraR, idnR, tdcA
177 	 uxuR, exuR, idnR
178 	 uxuR, exuR, zraR, tdcA
179 	 uxuR, zraR, idnR, fucR
180 	 uxuR, exuR, tdcA
181 	 uxuR, exuR, melR, fucR
182 	 uxuR, melR, tdcA
183 	 uxuR, fucR, tdcA
184 	 melR, fucR
185 	 melR, tdcA
186 	 uxuR, exuR
187 	 uxuR, exuR, melR, tdcA
188 	 melR, fucR
190 	 uxuR, zraR, melR
191 	 uxuR, exuR, fucR, tdcA
192 	 uxuR, fucR, tdcA
193 	 uxuR, exuR, zraR, melR
194 	 uxuR, zraR, fucR, tdcA
195 	 melR, tdcA
196 	 uxuR, exuR, zraR, fucR, tdcA
197 	 zraR
198 	 fucR, tdcA
199 	 uxuR, exuR, zraR, melR, fucR
200 	 uxuR, exuR, fucR, tdcA
201 	 uxuR, zraR, melR, tdcA
202 	 uxuR, melR, idnR
203 	 fucR, tdcA
204 	 zraR, melR, fucR
205 	 zraR, tdcA
206 	 melR, idnR, fucR
207 	 zraR, fucR, tdcA
208 	 uxuR, idnR, tdcA
209 	 uxuR, zraR, melR
210 	 uxuR, tdcA
211 	 uxuR, exuR, zraR, melR
212 	 uxuR, zraR, fucR
213 	 zraR, melR
214 	 zraR, idnR, tdcA
215 	 uxuR, exuR, zraR, fucR
216 	 uxuR, melR
217 	 idnR, fucR, tdcA
218 	 zraR, fucR
219 	 uxuR, exuR, idnR, tdcA
220 	 uxuR, zraR, melR, fucR
221 	 uxuR, exuR, tdcA
222 	 zraR, melR
223 	 uxuR, zraR, fucR, tdcA
224 	 uxuR, idnR, tdcA
225 	 idnR, tdcA
226 	 uxuR, zraR
227 	 uxuR, melR, fucR, tdcA
228 	 uxuR, zraR, idnR
229 	 uxuR, exuR, melR, fucR, tdcA
230 	 uxuR, exuR, zraR, idnR, fucR
231 	 melR, fucR, tdcA
232 	 uxuR, zraR, melR, idnR
233 	 uxuR, idnR, fucR
234 	 tdcA
235 	 uxuR, idnR, fucR
236 	 uxuR, zraR, fucR
237 	 uxuR, exuR, zraR, melR, tdcA
238 	 uxuR, exuR, zraR, fucR
239 	 uxuR, exuR, melR
240 	 uxuR, exuR, zraR, melR, fucR
241 	 uxuR, exuR, idnR, tdcA
242 	 uxuR, fucR
243 	 zraR, melR, tdcA
244 	 uxuR, exuR, idnR, fucR
245 	 uxuR, exuR, melR, idnR
246 	 melR
247 	 uxuR, exuR, idnR, fucR
248 	 uxuR, exuR, zraR
249 	 uxuR, zraR, melR, fucR, tdcA
250 	 melR, idnR
251 	 zraR, fucR
252 	 uxuR, melR, tdcA
253 	 zraR, idnR, fucR
254 	 uxuR, zraR, melR, tdcA
255 	 uxuR, exuR, fucR
256 	 uxuR, exuR, zraR, melR, tdcA
257 	 idnR, fucR
258 	 uxuR, exuR, melR, tdcA
259 	 idnR, fucR
260 	 uxuR, exuR, zraR, melR, fucR, tdcA
261 	 zraR
262 	 zraR, melR, fucR, tdcA
263 	 uxuR, idnR
264 	 uxuR, melR, fucR, tdcA
265 	 uxuR, exuR, zraR, idnR
266 	 uxuR, exuR, zraR, melR, idnR
267 	 uxuR, zraR, melR
268 	 fucR
269 	 zraR, melR, idnR
270 	 uxuR, exuR, melR, fucR, tdcA
271 	 zraR, idnR
272 	 uxuR, zraR, melR, fucR
273 	 uxuR, zraR, idnR, tdcA
274 	 uxuR, exuR, zraR, melR, fucR
275 	 uxuR, idnR, fucR, tdcA
276 	 uxuR, zraR, idnR
277 	 uxuR, fucR, tdcA
278 	 uxuR, zraR, melR, idnR, fucR
279 	 uxuR, melR, idnR, fucR, tdcA
280 	 uxuR, exuR, zraR, idnR
281 	 uxuR, exuR, idnR, fucR, tdcA
282 	 zraR, melR, fucR
283 	 uxuR, melR, idnR, tdcA
284 	 zraR, idnR
285 	 uxuR, exuR, melR, idnR, tdcA
286 	 uxuR, exuR, idnR
287 	 melR, tdcA
288 	 uxuR, zraR, melR, idnR
289 	 idnR, fucR, tdcA
290 	 uxuR, zraR, tdcA
291 	 melR, idnR, tdcA
292 	 uxuR, zraR, fucR
293 	 uxuR, exuR, melR, idnR, fucR, tdcA
294 	 uxuR, exuR, zraR, tdcA
295 	 uxuR, melR, idnR, fucR
296 	 zraR, tdcA
297 	 uxuR, exuR, melR, idnR, fucR
298 	 uxuR, zraR, tdcA
299 	 melR, idnR, fucR
300 	 uxuR, exuR, zraR, tdcA
301 	 idnR, tdcA
302 	 zraR, tdcA
303 	 melR, idnR, fucR, tdcA
304 	 zraR, melR, tdcA
305 	 uxuR, melR, idnR, tdcA
306 	 uxuR, zraR, idnR, fucR
307 	 uxuR, exuR, zraR, melR, idnR
308 	 uxuR, exuR, zraR, idnR, fucR
309 	 uxuR, exuR, zraR, melR
310 	 uxuR, melR, idnR, fucR
311 	 uxuR, zraR, melR, tdcA
312 	 idnR
313 	 uxuR, exuR, zraR, idnR, tdcA
314 	 uxuR, zraR, idnR, fucR
315 	 uxuR, exuR, zraR, fucR, tdcA
316 	 uxuR, exuR, melR, idnR, fucR
317 	 zraR, fucR, tdcA
318 	 uxuR, exuR, zraR, melR, idnR, fucR
319 	 uxuR, exuR, zraR, melR, tdcA
320 	 uxuR, idnR, fucR
321 	 zraR, melR, tdcA
322 	 melR, idnR, fucR
323 	 zraR, melR
324 	 uxuR, zraR, melR, idnR
325 	 melR, fucR, tdcA
326 	 zraR, idnR, tdcA
327 	 zraR, melR, fucR
328 	 uxuR, zraR, idnR, tdcA
329 	 zraR, melR, idnR, fucR
330 	 uxuR, zraR, melR, tdcA
331 	 uxuR, exuR, idnR, fucR
332 	 uxuR, zraR, melR, fucR, tdcA
333 	 uxuR, idnR, fucR, tdcA
334 	 uxuR, exuR, zraR, melR, fucR, tdcA
335 	 uxuR, melR, idnR
336 	 uxuR, zraR, idnR, fucR, tdcA
337 	 uxuR, exuR, zraR, melR, tdcA
338 	 uxuR, exuR, idnR, fucR, tdcA
339 	 uxuR, exuR, zraR, melR, idnR
340 	 idnR, fucR, tdcA
341 	 zraR, melR, fucR, tdcA
342 	 idnR, fucR
343 	 uxuR, zraR, fucR, tdcA
344 	 uxuR, exuR, zraR, idnR, tdcA
345 	 uxuR, melR, fucR
346 	 uxuR, exuR, zraR, idnR, fucR, tdcA
347 	 uxuR, exuR, melR, fucR
348 	 zraR, idnR, fucR, tdcA
349 	 melR, fucR
350 	 uxuR, exuR, zraR, idnR, fucR
351 	 uxuR, exuR, melR, idnR
352 	 zraR, idnR, fucR
353 	 zraR, melR, tdcA
354 	 uxuR, exuR, zraR, fucR, tdcA
355 	 zraR, melR, idnR
356 	 uxuR, exuR, melR, idnR, tdcA
357 	 uxuR, zraR, melR, idnR, tdcA
358 	 melR, idnR, tdcA
359 	 uxuR, zraR, idnR
360 	 uxuR, melR, idnR, fucR, tdcA
361 	 uxuR, exuR, zraR, fucR
362 	 uxuR, exuR, melR, idnR, fucR, tdcA
363 	 zraR, fucR
364 	 melR, idnR, fucR, tdcA
365 	 uxuR, exuR, zraR, idnR
366 	 uxuR, exuR, fucR, tdcA
367 	 zraR, idnR, tdcA
368 	 fucR, tdcA
369 	 zraR, idnR
370 	 uxuR, melR, fucR, tdcA
371 	 zraR, idnR, fucR
372 	 uxuR, exuR, melR, fucR, tdcA
373 	 uxuR, zraR, idnR, fucR
374 	 melR, idnR
375 	 zraR, fucR, tdcA
376 	 uxuR, melR, idnR, fucR, tdcA
377 	 uxuR, exuR, zraR, melR, idnR, tdcA
378 	 zraR, melR, idnR
379 	 uxuR, idnR, tdcA
380 	 uxuR, zraR, melR, idnR, fucR
381 	 zraR, melR, idnR, tdcA
382 	 uxuR, exuR, zraR, melR, idnR, fucR
383 	 uxuR, zraR, melR, idnR, tdcA
384 	 zraR, melR, idnR, fucR
385 	 uxuR, exuR, zraR, melR, idnR, tdcA
386 	 uxuR, zraR, melR, idnR, tdcA
387 	 uxuR, exuR, idnR, tdcA
388 	 zraR, melR, idnR, tdcA
389 	 uxuR, zraR, idnR, fucR, tdcA
390 	 uxuR, zraR, fucR, tdcA
391 	 uxuR, melR, idnR, fucR
392 	 idnR, tdcA
393 	 uxuR, exuR, melR, idnR, fucR
394 	 uxuR, zraR, idnR, tdcA
395 	 melR, idnR, fucR
396 	 uxuR, exuR, zraR, idnR, tdcA
397 	 uxuR, exuR, melR, idnR, fucR, tdcA
398 	 uxuR, zraR, idnR, fucR, tdcA
399 	 melR, idnR, fucR, tdcA
400 	 zraR, idnR, tdcA
401 	 uxuR, zraR, melR, idnR, fucR
402 	 uxuR, exuR, zraR, fucR, tdcA
403 	 uxuR, exuR, zraR, melR, idnR, tdcA
404 	 uxuR, exuR, zraR, idnR, fucR, tdcA
405 	 uxuR, idnR, fucR, tdcA
406 	 zraR, fucR, tdcA
407 	 uxuR, exuR, zraR, idnR, fucR, tdcA
408 	 uxuR, melR, idnR, tdcA
409 	 zraR, idnR, fucR, tdcA
410 	 uxuR, exuR, melR, idnR, tdcA
411 	 zraR, melR, idnR, tdcA
412 	 zraR, idnR, fucR, tdcA
413 	 uxuR, exuR, zraR, idnR, fucR
414 	 melR, fucR, tdcA
415 	 uxuR, zraR, melR, fucR, tdcA
416 	 uxuR, zraR, melR, idnR, fucR, tdcA
417 	 uxuR, exuR, idnR, fucR, tdcA
418 	 uxuR, exuR, zraR, melR, idnR, fucR, tdcA
419 	 idnR, fucR, tdcA
420 	 uxuR, exuR, zraR, melR, idnR, fucR
421 	 uxuR, exuR, zraR, melR, fucR, tdcA
422 	 zraR, melR, idnR, fucR
423 	 zraR, melR, fucR, tdcA
424 	 zraR, melR, idnR, fucR, tdcA
425 	 uxuR, zraR, melR, idnR, fucR, tdcA
426 	 uxuR, zraR, melR, idnR, fucR, tdcA
427 	 uxuR, exuR, zraR, melR, idnR, fucR, tdcA
428 	 uxuR, exuR, zraR, melR, idnR, fucR, tdcA
429 	 zraR, melR, idnR, fucR, tdcA
430 	 zraR, melR, idnR, fucR, tdcA
431 	 uxuR, zraR, melR, idnR
432 	 melR, idnR, tdcA
433 	 uxuR, exuR, zraR, melR, idnR
434 	 uxuR, zraR, melR, fucR
435 	 zraR, idnR, fucR
436 	 uxuR, exuR, zraR, melR, fucR
437 	 uxuR, zraR, idnR, fucR, tdcA
438 	 zraR, melR, fucR
439 	 zraR, melR, idnR
440 	 uxuR, zraR, melR, idnR, fucR
441 	 uxuR, zraR, melR, idnR, tdcA
442 	 uxuR, exuR, zraR, melR, idnR, fucR
443 	 uxuR, exuR, zraR, melR, idnR, tdcA
444 	 zraR, melR, idnR, fucR
445 	 zraR, melR, idnR, tdcA
446 	 uxuR, zraR, melR, fucR, tdcA
447 	 uxuR, melR, idnR, fucR, tdcA
448 	 uxuR, exuR, zraR, idnR, fucR, tdcA
449 	 uxuR, exuR, melR, idnR, fucR, tdcA
450 	 zraR, idnR, fucR, tdcA
451 	 melR, idnR, fucR, tdcA
452 	 uxuR, exuR, zraR, melR, fucR, tdcA
453 	 zraR, melR, fucR, tdcA
454 	 uxuR, zraR, melR, idnR, fucR, tdcA
455 	 uxuR, exuR, zraR, melR, idnR, fucR, tdcA
456 	 zraR, melR, idnR, fucR, tdcA
457 	 uxuR, zraR
458 	 uxuR, fucR
459 	 uxuR, exuR
460 	 uxuR, melR
461 	 uxuR, idnR
462 	 uxuR, exuR, zraR
463 	 uxuR, exuR, melR
464 	 uxuR, tdcA
465 	 uxuR, exuR, fucR
467 	 uxuR, exuR, tdcA
468 	 uxuR, exuR, idnR
469 	 zraR
470 	 melR
471 	 idnR
472 	 fucR
473 	 uxuR, zraR
474 	 uxuR, exuR, melR, tdcA
475 	 uxuR, idnR, fucR
476 	 uxuR, zraR
477 	 tdcA
478 	 uxuR, idnR
479 	 uxuR, fucR
480 	 uxuR, zraR, tdcA
481 	 uxuR, melR
482 	 uxuR, exuR, idnR, fucR
483 	 uxuR, tdcA
484 	 uxuR, zraR, melR
485 	 uxuR, exuR, idnR
486 	 uxuR, exuR, fucR
487 	 uxuR, melR, tdcA
488 	 uxuR, zraR, idnR
489 	 uxuR
490 	 uxuR, fucR, tdcA
491 	 uxuR, exuR, zraR, melR
492 	 idnR
493 	 fucR
494 	 melR, tdcA
495 	 uxuR, exuR, zraR
496 	 uxuR, idnR
497 	 uxuR, exuR, fucR, tdcA
498 	 zraR, melR
499 	 uxuR, exuR
500 	 idnR, fucR
501 	 uxuR, melR
502 	 zraR
503 	 uxuR, melR, fucR
504 	 uxuR, idnR, tdcA
505 	 uxuR, zraR, fucR
507 	 uxuR, exuR, zraR, fucR
508 	 uxuR, exuR, melR
509 	 zraR, fucR
510 	 uxuR, melR, idnR
511 	 fucR, tdcA
512 	 melR
513 	 uxuR, exuR, zraR, idnR
514 	 uxuR, exuR, melR, fucR
515 	 uxuR, tdcA
516 	 melR, fucR
517 	 uxuR, exuR, idnR
518 	 uxuR, exuR, zraR, tdcA
519 	 idnR
520 	 uxuR, exuR, tdcA
521 	 uxuR, idnR, fucR
522 	 uxuR, exuR, melR
523 	 uxuR, exuR, idnR, fucR
524 	 melR
525 	 idnR, fucR
526 	 uxuR, zraR, melR
527 	 uxuR, fucR
528 	 uxuR, exuR, zraR, melR
529 	 uxuR, exuR, tdcA
530 	 zraR, melR
531 	 tdcA
532 	 zraR, tdcA
533 	 uxuR, exuR, idnR, tdcA
534 	 uxuR, exuR, zraR
535 	 idnR, tdcA
536 	 uxuR, zraR, melR, tdcA
537 	 uxuR, exuR, fucR
538 	 uxuR, exuR, zraR, melR, tdcA
539 	 uxuR, fucR, tdcA
540 	 zraR, idnR
541 	 uxuR, exuR, fucR, tdcA
542 	 tdcA
543 	 uxuR, exuR, melR, idnR
544 	 uxuR, zraR, tdcA
545 	 melR, idnR
546 	 uxuR, exuR, zraR, tdcA
547 	 uxuR, melR, idnR
548 	 zraR, tdcA
549 	 uxuR, exuR, melR, idnR
550 	 uxuR, zraR, idnR
551 	 melR, idnR
552 	 fucR
553 	 uxuR, melR, fucR
554 	 uxuR, melR, tdcA
555 	 zraR
556 	 uxuR, exuR, melR, tdcA
557 	 fucR, tdcA
558 	 uxuR, melR, idnR
559 	 uxuR, idnR, tdcA
560 	 melR, tdcA
561 	 uxuR, zraR, idnR
562 	 uxuR, idnR, tdcA
563 	 uxuR, melR, idnR, fucR
564 	 uxuR, zraR
565 	 uxuR, exuR, melR, idnR, fucR
566 	 uxuR, zraR, fucR
567 	 uxuR, idnR, fucR, tdcA
568 	 uxuR, zraR, melR
569 	 uxuR, zraR, fucR, tdcA
570 	 uxuR, exuR, melR, idnR
571 	 melR, idnR, fucR
572 	 uxuR, zraR, tdcA
573 	 uxuR, zraR, melR, idnR
574 	 uxuR, fucR, tdcA
575 	 uxuR, exuR, zraR, melR, idnR
576 	 uxuR, exuR, idnR, fucR, tdcA
577 	 uxuR, exuR, zraR
578 	 idnR, fucR, tdcA
579 	 uxuR, exuR, zraR, idnR
580 	 uxuR, zraR, melR, fucR
581 	 uxuR, exuR, zraR, tdcA
582 	 zraR, idnR
583 	 uxuR, melR, fucR
584 	 uxuR, tdcA
585 	 zraR, melR, idnR
586 	 zraR, tdcA
587 	 uxuR, zraR, idnR, fucR
588 	 melR, idnR
589 	 uxuR, exuR, idnR, tdcA
590 	 uxuR, exuR, zraR, fucR, tdcA
591 	 uxuR, exuR, melR, fucR
592 	 zraR, melR, tdcA
593 	 uxuR, exuR, melR, fucR
594 	 uxuR, exuR, zraR, melR, fucR
595 	 uxuR, zraR, melR, tdcA
596 	 melR, fucR
597 	 uxuR, idnR, fucR
598 	 zraR, fucR, tdcA
599 	 idnR, tdcA
600 	 uxuR, melR, idnR, tdcA
601 	 uxuR, exuR, zraR, idnR
602 	 uxuR, melR, fucR, tdcA
603 	 uxuR, idnR, fucR, tdcA
604 	 uxuR, zraR, idnR, tdcA
605 	 uxuR, exuR, zraR, melR
606 	 uxuR, zraR, fucR
607 	 uxuR, exuR, zraR, melR, tdcA
608 	 uxuR, exuR, melR, idnR, tdcA
609 	 zraR, melR, tdcA
610 	 uxuR, exuR, zraR, idnR, fucR
611 	 uxuR, exuR, melR, fucR, tdcA
612 	 uxuR, exuR, tdcA
613 	 uxuR, exuR, zraR, fucR
614 	 zraR, idnR, fucR
615 	 zraR, fucR
616 	 uxuR, idnR
617 	 uxuR, exuR, idnR, fucR, tdcA
618 	 zraR, melR
619 	 uxuR, melR, idnR, fucR
620 	 uxuR, exuR, zraR, fucR
621 	 zraR, idnR
622 	 uxuR, melR, tdcA
623 	 melR, fucR
624 	 uxuR, exuR, idnR, tdcA
625 	 uxuR, exuR, zraR, idnR, tdcA
626 	 zraR, fucR
627 	 zraR, melR, fucR
628 	 zraR, idnR, tdcA
629 	 uxuR, exuR, fucR, tdcA
630 	 zraR
631 	 uxuR, melR
632 	 uxuR, fucR
633 	 uxuR, exuR, melR, tdcA
634 	 uxuR, exuR, idnR
635 	 tdcA
636 	 idnR, fucR, tdcA
637 	 fucR, tdcA
638 	 idnR, tdcA
639 	 idnR
640 	 uxuR, exuR, melR, idnR, fucR
641 	 uxuR, exuR, melR
642 	 uxuR, exuR, idnR, fucR
643 	 uxuR, zraR, fucR, tdcA
644 	 uxuR, exuR, fucR
645 	 uxuR, zraR, tdcA
646 	 melR, fucR, tdcA
647 	 uxuR, zraR, melR, fucR
648 	 melR, idnR, tdcA
649 	 melR, idnR, fucR
650 	 idnR, fucR
651 	 fucR
652 	 melR
653 	 uxuR, fucR, tdcA
654 	 uxuR, zraR, melR
655 	 uxuR, exuR, fucR, tdcA
656 	 uxuR, exuR, zraR, melR
657 	 fucR, tdcA
658 	 zraR, melR
659 	 melR, tdcA
660 	 uxuR, zraR, melR, tdcA
661 	 uxuR, melR, fucR
662 	 uxuR, exuR, zraR, melR, tdcA
663 	 uxuR, melR, fucR, tdcA
664 	 uxuR, melR, idnR, fucR, tdcA
665 	 uxuR, melR, idnR
666 	 uxuR, idnR, fucR, tdcA
667 	 uxuR, exuR, melR, idnR
668 	 uxuR, exuR, zraR, melR, fucR
669 	 uxuR, zraR, idnR
670 	 zraR, melR, fucR
671 	 uxuR, exuR, zraR, idnR
672 	 uxuR, zraR, melR, idnR
673 	 zraR, idnR
674 	 uxuR, melR, idnR, fucR
675 	 uxuR, exuR, zraR, melR, idnR
676 	 uxuR, zraR, melR, idnR, fucR
677 	 uxuR, idnR, fucR
678 	 uxuR, zraR, melR, fucR
679 	 uxuR, zraR, idnR, fucR
680 	 uxuR, idnR, tdcA
681 	 uxuR, zraR, idnR, tdcA
682 	 uxuR, exuR, zraR, melR, idnR, fucR
683 	 uxuR, melR, idnR, tdcA
684 	 zraR, melR, idnR, fucR
685 	 uxuR, exuR, zraR, fucR, tdcA
686 	 uxuR, exuR, zraR, idnR, fucR
687 	 uxuR, exuR, melR, idnR, fucR, tdcA
688 	 uxuR, exuR, zraR, idnR, tdcA
689 	 uxuR, zraR, idnR, fucR, tdcA
690 	 uxuR, exuR, melR, idnR, tdcA
691 	 uxuR, zraR, fucR
692 	 uxuR, exuR, idnR, fucR
693 	 zraR, idnR, tdcA
694 	 uxuR, zraR, fucR, tdcA
695 	 uxuR, exuR, zraR, idnR, fucR, tdcA
696 	 zraR, idnR, fucR
697 	 uxuR, exuR, idnR, fucR, tdcA
698 	 uxuR, zraR, fucR
699 	 uxuR, exuR, melR, fucR
700 	 melR, idnR, tdcA
701 	 uxuR, exuR, melR, fucR, tdcA
702 	 melR, idnR, fucR, tdcA
703 	 melR, fucR
704 	 melR, fucR, tdcA
705 	 uxuR, melR, fucR, tdcA
706 	 uxuR, zraR, melR, idnR
707 	 uxuR, zraR, melR, fucR, tdcA
708 	 zraR, fucR, tdcA
709 	 uxuR, exuR, melR, fucR, tdcA
710 	 uxuR, exuR, zraR, melR, idnR
711 	 melR, fucR, tdcA
712 	 zraR, melR, tdcA
713 	 uxuR, exuR, zraR, melR, fucR, tdcA
714 	 uxuR, exuR, melR, idnR, fucR
715 	 uxuR, exuR, zraR, fucR
716 	 uxuR, exuR, zraR, fucR, tdcA
717 	 uxuR, zraR, idnR, fucR
718 	 uxuR, exuR, zraR, melR, fucR
719 	 zraR, melR, fucR, tdcA
720 	 zraR, idnR, fucR, tdcA
721 	 zraR, fucR, tdcA
722 	 zraR, melR, fucR
723 	 melR, idnR, fucR
724 	 zraR, fucR
725 	 uxuR, exuR, zraR, tdcA
726 	 uxuR, zraR, idnR, tdcA
727 	 uxuR, zraR, melR, idnR, tdcA
728 	 uxuR, melR, idnR, tdcA
729 	 zraR, tdcA
730 	 uxuR, exuR, idnR, tdcA
731 	 uxuR, exuR, melR, idnR, tdcA
732 	 uxuR, melR, tdcA
733 	 melR, idnR, tdcA
734 	 uxuR, exuR, melR, tdcA
735 	 uxuR, melR, idnR, fucR, tdcA
736 	 melR, tdcA
737 	 idnR, fucR
738 	 idnR, fucR, tdcA
739 	 zraR, melR, idnR
740 	 uxuR, exuR, zraR, idnR, tdcA
741 	 uxuR, zraR, idnR, fucR, tdcA
742 	 zraR, idnR, tdcA
743 	 idnR, tdcA
744 	 uxuR, idnR, fucR, tdcA
745 	 uxuR, exuR, zraR, idnR, fucR
746 	 zraR, melR, idnR
747 	 uxuR, exuR, zraR, melR, idnR, tdcA
748 	 uxuR, zraR, melR, tdcA
749 	 uxuR, zraR, fucR, tdcA
750 	 zraR, idnR, fucR
751 	 uxuR, zraR, idnR, fucR, tdcA
752 	 uxuR, zraR, idnR, fucR
753 	 uxuR, exuR, zraR, idnR, fucR, tdcA
754 	 uxuR, exuR, zraR, idnR, fucR
755 	 zraR, idnR, fucR, tdcA
756 	 zraR, idnR, fucR
757 	 uxuR, exuR, zraR, idnR, fucR, tdcA
758 	 uxuR, zraR, idnR, tdcA
759 	 uxuR, exuR, melR, idnR, fucR, tdcA
760 	 uxuR, exuR, zraR, fucR, tdcA
761 	 uxuR, zraR, melR, idnR, fucR
762 	 uxuR, exuR, zraR, idnR, tdcA
763 	 uxuR, exuR, zraR, melR, idnR, fucR
764 	 zraR, idnR, tdcA
765 	 zraR, melR, idnR, fucR
766 	 zraR, idnR, fucR, tdcA
767 	 melR, idnR
768 	 uxuR, melR, idnR, tdcA
769 	 uxuR, melR, idnR, fucR
770 	 uxuR, exuR, melR, idnR, tdcA
771 	 uxuR, exuR, melR, idnR, fucR
772 	 melR, idnR, tdcA
773 	 melR, idnR, fucR
774 	 melR, idnR, fucR, tdcA
775 	 uxuR, melR, fucR, tdcA
776 	 zraR, melR, idnR, tdcA
777 	 uxuR, zraR, melR, idnR, fucR, tdcA
778 	 uxuR, zraR, melR, idnR, tdcA
779 	 uxuR, exuR, idnR, fucR, tdcA
780 	 uxuR, exuR, zraR, melR, idnR, tdcA
781 	 idnR, fucR, tdcA
782 	 zraR, melR, idnR, tdcA
783 	 uxuR, melR, idnR, fucR, tdcA
784 	 uxuR, zraR, melR, idnR
785 	 zraR, fucR, tdcA
786 	 uxuR, exuR, melR, idnR, fucR, tdcA
787 	 uxuR, zraR, idnR, fucR, tdcA
788 	 melR, idnR, fucR, tdcA
789 	 uxuR, exuR, zraR, idnR, fucR, tdcA
790 	 uxuR, zraR, melR, idnR, fucR
791 	 zraR, idnR, fucR, tdcA
792 	 uxuR, zraR, melR, idnR, tdcA
793 	 uxuR, exuR, melR, fucR, tdcA
794 	 uxuR, zraR, melR, fucR, tdcA
795 	 uxuR, exuR, zraR, melR, idnR, fucR, tdcA
796 	 uxuR, exuR, zraR, melR, idnR, tdcA
797 	 uxuR, exuR, zraR, melR, tdcA
798 	 uxuR, exuR, zraR, melR, idnR, fucR
799 	 zraR, melR, idnR, tdcA
800 	 zraR, melR, idnR, fucR
801 	 uxuR, exuR, zraR, melR, fucR, tdcA
802 	 uxuR, exuR, zraR, melR, idnR
803 	 uxuR, zraR, melR, fucR
804 	 zraR, melR, fucR, tdcA
805 	 uxuR, zraR, melR, fucR, tdcA
806 	 zraR, melR, tdcA
807 	 zraR, melR, idnR
808 	 zraR, melR, idnR, fucR, tdcA
809 	 uxuR, exuR, zraR, melR, fucR, tdcA
810 	 zraR, melR, fucR, tdcA
811 	 melR, fucR, tdcA
812 	 uxuR, exuR, zraR, melR, fucR
813 	 uxuR, zraR, melR, idnR, fucR, tdcA
814 	 uxuR, zraR, melR, idnR, fucR, tdcA
815 	 zraR, melR, fucR
816 	 uxuR, zraR, melR, idnR, fucR
817 	 uxuR, zraR, melR, idnR, tdcA
818 	 uxuR, exuR, zraR, melR, idnR, fucR
819 	 uxuR, zraR, melR, fucR, tdcA
820 	 uxuR, melR, idnR, fucR, tdcA
821 	 uxuR, exuR, zraR, melR, fucR, tdcA
822 	 uxuR, exuR, melR, idnR, fucR, tdcA
823 	 zraR, melR, fucR, tdcA
824 	 melR, idnR, fucR, tdcA
825 	 uxuR, exuR, zraR, melR, idnR, fucR, tdcA
826 	 uxuR, exuR, zraR, melR, idnR, fucR, tdcA
827 	 zraR, melR, idnR, fucR
828 	 uxuR, exuR, zraR, melR, idnR, tdcA
829 	 zraR, melR, idnR, fucR, tdcA
830 	 zraR, melR, idnR, fucR, tdcA
831 	 zraR, melR, idnR, tdcA
832 	 uxuR, zraR, melR, idnR, fucR, tdcA
833 	 uxuR, exuR, zraR, melR, idnR, fucR, tdcA
834 	 zraR, melR, idnR, fucR, tdcA
835 	 uxuR, exuR, zraR, tdcA
836 	 uxuR, melR
837 	 uxuR, zraR, melR
838 	 uxuR, tdcA
839 	 uxuR, exuR, zraR, melR
840 	 uxuR, exuR, idnR
841 	 uxuR, exuR, zraR, fucR
842 	 uxuR, exuR, tdcA
843 	 uxuR, fucR
844 	 idnR
845 	 uxuR, idnR, fucR, tdcA
846 	 idnR
847 	 uxuR, melR, idnR, fucR
848 	 tdcA
849 	 uxuR, melR, fucR, tdcA
850 	 uxuR, exuR, fucR
851 	 uxuR, melR, idnR, tdcA
852 	 uxuR, exuR, fucR
853 	 uxuR, exuR, idnR, fucR, tdcA
854 	 uxuR, exuR, melR
855 	 uxuR, exuR, melR, idnR, fucR
856 	 tdcA
857 	 melR, idnR, fucR
858 	 uxuR, idnR, tdcA
859 	 zraR, melR
860 	 fucR
861 	 uxuR, zraR
862 	 fucR
863 	 zraR, tdcA
864 	 uxuR, exuR, fucR
865 	 uxuR, fucR, tdcA
866 	 tdcA
867 	 uxuR, exuR, melR
868 	 fucR
869 	 uxuR, fucR, tdcA
870 	 idnR
871 	 idnR, fucR, tdcA
872 	 melR
873 	 uxuR, zraR, idnR, tdcA
874 	 melR
875 	 zraR, fucR
876 	 uxuR, exuR, melR, idnR, tdcA
877 	 uxuR, zraR, melR, fucR
878 	 melR, idnR, tdcA
879 	 uxuR, exuR, zraR
880 	 uxuR, zraR
881 	 uxuR, idnR, tdcA
882 	 uxuR, exuR, zraR
883 	 uxuR, exuR, idnR, tdcA
884 	 uxuR
885 	 uxuR, idnR, tdcA
886 	 zraR
887 	 uxuR, exuR, idnR, tdcA
888 	 uxuR, zraR, tdcA
889 	 uxuR, exuR, idnR, tdcA
890 	 uxuR, zraR, idnR
891 	 uxuR, exuR, zraR
892 	 idnR, tdcA
893 	 uxuR
894 	 uxuR, fucR, tdcA
895 	 zraR
896 	 uxuR, melR, fucR
897 	 zraR
898 	 uxuR, melR, idnR
899 	 uxuR, zraR, idnR
900 	 uxuR, exuR, melR, fucR
901 	 uxuR, zraR, melR
902 	 uxuR, zraR, idnR, fucR
903 	 uxuR, melR, fucR
904 	 uxuR, zraR, melR, idnR
905 	 uxuR, idnR, fucR
906 	 uxuR, zraR, melR
907 	 uxuR, exuR, zraR, idnR, fucR
908 	 uxuR, melR, fucR
909 	 uxuR, exuR, zraR, melR, idnR
910 	 uxuR, idnR, fucR
911 	 uxuR, exuR, zraR, melR, fucR
912 	 uxuR, zraR, idnR
913 	 uxuR, exuR, melR, fucR
914 	 zraR, melR, idnR
915 	 uxuR, exuR, idnR, fucR
916 	 zraR, melR, fucR
917 	 uxuR, melR, idnR
918 	 uxuR, zraR, fucR
919 	 uxuR, exuR, zraR, idnR, tdcA
920 	 uxuR, zraR, fucR
921 	 uxuR, exuR, zraR, tdcA
922 	 uxuR, exuR, idnR, fucR
923 	 uxuR, zraR, melR
924 	 uxuR, exuR, zraR, fucR
925 	 uxuR, melR, idnR
926 	 zraR, idnR, fucR
927 	 uxuR, exuR, melR, fucR
928 	 zraR, idnR, tdcA
929 	 uxuR, exuR, melR, idnR
930 	 zraR, tdcA
931 	 melR, fucR
932 	 uxuR, exuR, zraR, melR
933 	 uxuR, zraR, fucR
934 	 melR, fucR
935 	 uxuR, exuR, zraR, idnR
936 	 idnR, fucR
937 	 uxuR, exuR, zraR, fucR
938 	 uxuR, exuR, zraR, idnR
939 	 uxuR, idnR, fucR
940 	 uxuR, zraR, melR, tdcA
941 	 uxuR, exuR, idnR, fucR
942 	 uxuR, exuR, fucR, tdcA
943 	 uxuR, exuR, melR, idnR
944 	 uxuR, exuR, fucR, tdcA
945 	 melR, idnR
946 	 fucR, tdcA
947 	 uxuR, exuR, zraR, melR
948 	 uxuR, exuR, melR, idnR
949 	 uxuR, zraR, fucR, tdcA
950 	 uxuR, zraR, melR, idnR
951 	 uxuR, exuR, melR, fucR, tdcA
952 	 uxuR, exuR, zraR, melR, idnR
953 	 melR, fucR, tdcA
954 	 zraR, melR
955 	 uxuR, melR, idnR, fucR, tdcA
956 	 zraR, idnR
957 	 idnR, tdcA
958 	 uxuR, idnR
959 	 melR, idnR
960 	 zraR, idnR
962 	 idnR, fucR
963 	 uxuR, idnR
964 	 melR, idnR
965 	 zraR, idnR
966 	 uxuR, idnR, fucR, tdcA
968 	 uxuR, melR, idnR, fucR
969 	 uxuR, zraR, idnR, fucR
970 	 fucR, tdcA
971 	 idnR
972 	 melR, idnR, fucR
973 	 zraR, fucR
974 	 idnR, fucR, tdcA
975 	 uxuR, exuR
976 	 uxuR, exuR, melR, idnR, fucR
977 	 zraR, idnR, fucR
978 	 uxuR, exuR, idnR, fucR, tdcA
979 	 uxuR, exuR, idnR
980 	 uxuR, melR, idnR, fucR
981 	 uxuR, exuR, zraR, fucR
982 	 idnR, tdcA
983 	 uxuR, fucR
984 	 melR, fucR
985 	 uxuR, exuR, zraR, idnR, fucR
986 	 uxuR, idnR, fucR, tdcA
987 	 uxuR, idnR, fucR
988 	 melR, idnR, fucR
989 	 zraR, fucR
990 	 idnR, fucR, tdcA
991 	 fucR
992 	 uxuR, exuR, melR, idnR, fucR
993 	 uxuR, exuR, zraR, idnR
994 	 uxuR, exuR, idnR, fucR, tdcA
995 	 uxuR
996 	 uxuR, melR, tdcA
997 	 uxuR
998 	 uxuR, melR, tdcA
999 	 uxuR
1000 	 melR, tdcA
1002 	 uxuR, exuR, melR, tdcA
1003 	 uxuR, idnR
1004 	 uxuR, melR, idnR, tdcA
1006 	 melR, idnR, tdcA
1007 	 idnR
1008 	 uxuR, melR, fucR, tdcA
1009 	 uxuR, idnR
1010 	 uxuR, melR, idnR, tdcA
1012 	 melR, tdcA
1013 	 idnR
1014 	 melR, idnR, tdcA
1015 	 uxuR, fucR
1016 	 uxuR, exuR, melR, tdcA
1017 	 uxuR, idnR, fucR
1018 	 uxuR, exuR, melR, idnR, tdcA
1019 	 fucR
1020 	 uxuR, melR, fucR, tdcA
1021 	 idnR, fucR
1022 	 melR, fucR, tdcA
1023 	 uxuR, exuR
1024 	 uxuR, melR, idnR, fucR, tdcA
1025 	 uxuR, exuR, idnR
1026 	 melR, idnR, fucR, tdcA
1027 	 uxuR, exuR, fucR
1028 	 uxuR, exuR, melR, fucR, tdcA
1029 	 uxuR, exuR, idnR, fucR
1030 	 uxuR, exuR, melR, idnR, fucR, tdcA
1031 	 uxuR, idnR
1032 	 uxuR, exuR, melR, idnR, tdcA
1033 	 idnR
1034 	 uxuR, melR, idnR, fucR, tdcA
1035 	 uxuR, fucR
1036 	 melR, fucR, tdcA
1037 	 uxuR, idnR, fucR
1038 	 melR, idnR, fucR, tdcA
1039 	 fucR
1040 	 melR, idnR, fucR, tdcA
1041 	 idnR, fucR
1042 	 uxuR, exuR, melR, idnR, fucR, tdcA
1043 	 uxuR, fucR
1044 	 uxuR, exuR, melR, fucR, tdcA
1045 	 uxuR, exuR
1046 	 uxuR, zraR, idnR, fucR
1047 	 zraR, idnR, fucR
1048 	 uxuR, exuR, zraR, idnR, fucR
1049 	 uxuR, zraR
1050 	 uxuR, zraR, tdcA
1051 	 uxuR, zraR
1052 	 uxuR, zraR, tdcA
1053 	 uxuR, zraR, idnR
1054 	 uxuR, zraR, idnR, tdcA
1055 	 uxuR, zraR, idnR
1056 	 uxuR, zraR, idnR, tdcA
1057 	 uxuR, zraR
1058 	 zraR, tdcA
1059 	 uxuR, zraR, idnR
1060 	 zraR, idnR, tdcA
1061 	 zraR
1062 	 zraR, tdcA
1063 	 zraR
1064 	 zraR, idnR, tdcA
1065 	 zraR, idnR
1066 	 uxuR, exuR, zraR, tdcA
1067 	 zraR, idnR
1068 	 uxuR, zraR, fucR, tdcA
1069 	 zraR
1070 	 uxuR, exuR, zraR, tdcA
1071 	 zraR, idnR
1072 	 uxuR, zraR, idnR, fucR, tdcA
1073 	 uxuR, idnR, fucR
1074 	 uxuR, exuR, zraR, idnR, tdcA
1075 	 uxuR, exuR, idnR
1076 	 uxuR, zraR, fucR, tdcA
1077 	 uxuR, zraR, fucR
1078 	 uxuR, exuR, zraR, idnR, tdcA
1079 	 uxuR, exuR
1080 	 uxuR, zraR, idnR, fucR, tdcA
1081 	 uxuR, zraR, fucR
1082 	 uxuR, zraR, idnR, fucR, tdcA
1083 	 uxuR, exuR, idnR
1084 	 zraR, fucR, tdcA
1085 	 uxuR, zraR, fucR
1086 	 zraR, fucR, tdcA
1087 	 uxuR, zraR, idnR, fucR
1088 	 zraR, idnR, fucR, tdcA
1089 	 uxuR, zraR, idnR, fucR
1090 	 zraR, idnR, fucR, tdcA
1091 	 uxuR, zraR, idnR, fucR
1092 	 zraR, fucR, tdcA
1093 	 fucR
1094 	 zraR, idnR, fucR, tdcA
1095 	 idnR, fucR
1096 	 uxuR, exuR, zraR, fucR, tdcA
1097 	 zraR, fucR
1098 	 uxuR, exuR, zraR, fucR, tdcA
1099 	 zraR, fucR
1100 	 uxuR, exuR, zraR, idnR, fucR, tdcA
1101 	 zraR, fucR
1102 	 uxuR, exuR, zraR, idnR, fucR, tdcA
1103 	 zraR, idnR, fucR
1104 	 uxuR, exuR, zraR, fucR, tdcA
1105 	 zraR, idnR, fucR
1106 	 uxuR, exuR, zraR, idnR, fucR, tdcA
1107 	 zraR, idnR, fucR
1108 	 uxuR, zraR, melR, idnR
1109 	 uxuR, exuR, zraR
1110 	 uxuR, zraR, melR, idnR
1111 	 uxuR, exuR, zraR
1112 	 zraR, melR
1113 	 uxuR, exuR, zraR, idnR
1114 	 zraR, melR
1115 	 uxuR, exuR, zraR, idnR
1116 	 zraR, melR, idnR
1117 	 uxuR, exuR, zraR
1118 	 zraR, melR, idnR
1119 	 uxuR, exuR, zraR, idnR
1120 	 uxuR, zraR, melR, fucR
1121 	 uxuR, exuR, fucR
1122 	 uxuR, zraR, melR, idnR, fucR
1123 	 uxuR, exuR, idnR, fucR
1124 	 uxuR, zraR, melR, fucR
1125 	 uxuR, exuR, fucR
1126 	 uxuR, zraR, melR, idnR, fucR
1127 	 uxuR, exuR, idnR, fucR
1128 	 uxuR, zraR, melR, idnR, fucR
1129 	 uxuR, exuR, zraR, fucR
1130 	 zraR, melR, idnR, fucR
1131 	 uxuR, exuR, zraR, fucR
1132 	 zraR, melR, fucR
1133 	 uxuR, exuR, zraR, fucR
1134 	 zraR, melR, fucR
1135 	 uxuR, exuR, zraR, idnR, fucR
1136 	 zraR, melR, idnR, fucR
1137 	 uxuR, exuR, zraR, idnR, fucR
1138 	 zraR, melR, idnR, fucR
1139 	 uxuR, exuR, zraR, idnR, fucR
1140 	 uxuR, exuR, zraR, melR
1141 	 uxuR, zraR
1142 	 uxuR, exuR, zraR, melR, idnR
1143 	 uxuR, zraR, idnR
1144 	 uxuR, exuR, zraR, melR, idnR
1145 	 uxuR, zraR
1146 	 uxuR, exuR, zraR, melR, idnR, fucR
1147 	 uxuR, zraR, idnR
1148 	 uxuR, exuR, zraR, melR, fucR
1149 	 idnR
1150 	 uxuR, exuR, zraR, melR, fucR
1151 	 zraR
1152 	 uxuR, exuR, zraR, melR, idnR, fucR
1153 	 zraR, idnR
1154 	 uxuR, exuR, zraR, melR, idnR, fucR
1155 	 zraR
1156 	 uxuR, zraR, melR, idnR, tdcA
1157 	 zraR, idnR
1158 	 uxuR, zraR, melR, tdcA
1159 	 uxuR, exuR
1160 	 uxuR, zraR, melR, tdcA
1161 	 uxuR, fucR
1162 	 uxuR, zraR, melR, idnR, tdcA
1163 	 uxuR, exuR, idnR
1164 	 uxuR, zraR, melR, idnR, tdcA
1165 	 uxuR, idnR, fucR
1166 	 zraR, melR, tdcA
1167 	 uxuR, exuR, zraR
1168 	 zraR, melR, idnR, tdcA
1169 	 uxuR, zraR, idnR, fucR
1170 	 zraR, melR, tdcA
1171 	 uxuR, exuR, zraR
1172 	 zraR, melR, idnR, tdcA
1173 	 uxuR, zraR, fucR
1174 	 zraR, melR, tdcA
1175 	 uxuR, exuR, zraR, idnR
1176 	 zraR, melR, idnR, tdcA
1177 	 uxuR, zraR, idnR, fucR
1178 	 uxuR, exuR, zraR, melR, tdcA
1179 	 uxuR, exuR, zraR, idnR
1180 	 uxuR, zraR, melR, fucR, tdcA
1181 	 uxuR, zraR, fucR
1182 	 uxuR, exuR, zraR, melR, tdcA
1183 	 uxuR, zraR, idnR, fucR
1184 	 uxuR, zraR, melR, fucR, tdcA
1185 	 idnR, fucR
1186 	 uxuR, zraR, melR, idnR, fucR, tdcA
1187 	 fucR
1188 	 uxuR, zraR, melR, idnR, fucR, tdcA
1189 	 idnR, fucR
1190 	 uxuR, zraR, melR, fucR, tdcA
1191 	 idnR, fucR
1192 	 uxuR, zraR, melR, idnR, fucR, tdcA
1193 	 zraR, fucR
1194 	 zraR, melR, fucR, tdcA
1195 	 zraR, idnR, fucR
1196 	 zraR, melR, fucR, tdcA
1197 	 zraR, fucR
1198 	 zraR, melR, idnR, fucR, tdcA
1199 	 zraR, fucR
1200 	 zraR, melR, idnR, fucR, tdcA
1201 	 zraR, idnR, fucR
1202 	 zraR, melR, fucR, tdcA
1203 	 zraR, idnR, fucR
1204 	 zraR, melR, idnR, fucR, tdcA
1205 	 uxuR, exuR, fucR
1206 	 uxuR, exuR, zraR, melR, tdcA
1207 	 uxuR, exuR, idnR, fucR
1208 	 uxuR, exuR, zraR, melR, idnR, tdcA
1209 	 uxuR, exuR, fucR
1210 	 uxuR, exuR, zraR, melR, idnR, tdcA
1211 	 uxuR, exuR, idnR, fucR
1212 	 uxuR, exuR, zraR, melR, idnR, tdcA
1213 	 uxuR, exuR, zraR, fucR
1214 	 uxuR, exuR, melR, idnR, fucR, tdcA
1215 	 uxuR, exuR, zraR, idnR, fucR
1216 	 uxuR, exuR, zraR, melR, fucR, tdcA
1217 	 uxuR, exuR, zraR, idnR, fucR
1218 	 uxuR, exuR, zraR, melR, idnR, fucR, tdcA
1219 	 uxuR, exuR, zraR, fucR
1220 	 uxuR, exuR, zraR, melR, fucR, tdcA
1221 	 uxuR, exuR, zraR, idnR, fucR
1222 	 uxuR, exuR, zraR, melR, fucR, tdcA
1223 	 uxuR
1224 	 uxuR, exuR, zraR, melR, idnR, fucR, tdcA
1225 	 uxuR
1226 	 uxuR, exuR, zraR, melR, idnR, fucR, tdcA
1227 	 uxuR, idnR
1228 	 uxuR, melR
1229 	 uxuR, idnR
1230 	 uxuR, melR
1231 	 uxuR
1232 	 uxuR, melR, idnR
1233 	 uxuR, idnR
1234 	 uxuR, melR
1235 	 uxuR, zraR
1236 	 uxuR, melR
1237 	 uxuR, zraR
1238 	 uxuR, melR, idnR
1239 	 uxuR, zraR, idnR
1240 	 uxuR, melR, idnR
1241 	 uxuR, zraR
1242 	 uxuR, zraR, melR
1243 	 uxuR, zraR, idnR
1244 	 uxuR, zraR, melR, idnR
1245 	 uxuR, zraR, idnR
1246 	 uxuR, zraR, melR
1248 	 uxuR, zraR, melR, idnR
1250 	 uxuR, zraR, melR
1252 	 uxuR, zraR, melR, idnR
1253 	 idnR
1254 	 melR
1255 	 idnR
1256 	 melR
1257 	 idnR
1258 	 melR, idnR
1259 	 zraR
1260 	 melR, idnR
1261 	 zraR
1262 	 melR
1263 	 zraR, idnR
1264 	 melR, idnR
1265 	 zraR, idnR
1266 	 zraR, melR
1267 	 zraR
1268 	 zraR, melR, idnR
1269 	 zraR, idnR
1270 	 zraR, melR
1271 	 uxuR, fucR
1272 	 zraR, melR
1273 	 uxuR, exuR
1274 	 zraR, melR, idnR
1275 	 uxuR, idnR, fucR
1276 	 zraR, melR, idnR
1277 	 uxuR, exuR, idnR
1278 	 uxuR, exuR, melR
1279 	 uxuR, fucR
1280 	 uxuR, melR, fucR
1281 	 uxuR, exuR
1282 	 uxuR, exuR, melR, idnR
1283 	 uxuR, idnR, fucR
1284 	 uxuR, melR, idnR, fucR
1285 	 uxuR, exuR, idnR
1286 	 uxuR, exuR, melR
1287 	 uxuR, fucR
1288 	 uxuR, melR, fucR
1289 	 uxuR, exuR
1290 	 uxuR, exuR, melR, idnR
1291 	 uxuR, idnR, fucR
1292 	 uxuR, melR, fucR
1293 	 uxuR, exuR, idnR
1294 	 uxuR, exuR, melR
1295 	 uxuR, zraR, fucR
1296 	 uxuR, melR, idnR, fucR
1297 	 uxuR, exuR, zraR
1298 	 uxuR, exuR, melR, idnR
1299 	 uxuR, zraR, idnR, fucR
1300 	 uxuR, melR, idnR, fucR
1301 	 uxuR, exuR, zraR
1302 	 uxuR, exuR, zraR, melR
1303 	 uxuR, zraR, fucR
1304 	 uxuR, zraR, melR, fucR
1305 	 uxuR, exuR, zraR, idnR
1306 	 uxuR, exuR, zraR, melR
1307 	 uxuR, zraR, idnR, fucR
1308 	 uxuR, zraR, melR, fucR
1309 	 uxuR, exuR, zraR
1310 	 uxuR, exuR, zraR, melR, idnR
1311 	 uxuR, zraR, fucR
1312 	 uxuR, zraR, melR, idnR, fucR
1313 	 uxuR, exuR, zraR, idnR
1314 	 uxuR, exuR, zraR, melR, idnR
1315 	 uxuR, zraR, idnR, fucR
1316 	 uxuR, zraR, melR, idnR, fucR
1317 	 uxuR, exuR, zraR, idnR
1318 	 uxuR, exuR, zraR, melR
1319 	 fucR
1320 	 uxuR, zraR, melR, fucR
1321 	 idnR, fucR
1322 	 uxuR, exuR, zraR, melR, idnR
1323 	 fucR
1324 	 uxuR, zraR, melR, idnR, fucR
1325 	 fucR
1326 	 melR, fucR
1327 	 idnR, fucR
1328 	 melR, fucR
1329 	 idnR, fucR
1330 	 melR, idnR, fucR
1331 	 zraR, fucR
1332 	 melR, fucR
1333 	 zraR, idnR, fucR
1334 	 melR, idnR, fucR
1335 	 zraR, fucR
1336 	 melR, idnR, fucR
1337 	 zraR, idnR, fucR
1338 	 zraR, melR, fucR
1339 	 zraR, fucR
1340 	 zraR, melR, idnR, fucR
1341 	 zraR, idnR, fucR
1342 	 zraR, melR, fucR
1343 	 uxuR, exuR, fucR
1344 	 zraR, melR, idnR, fucR
1345 	 uxuR, exuR, fucR
1346 	 zraR, melR, fucR
1347 	 uxuR, exuR, idnR, fucR
1348 	 zraR, melR, idnR, fucR
1349 	 uxuR, exuR, fucR
1350 	 uxuR, exuR, melR, fucR
1351 	 uxuR, exuR, idnR, fucR
1352 	 uxuR, exuR, melR, idnR, fucR
1353 	 uxuR, exuR, idnR, fucR
1354 	 uxuR, exuR, melR, fucR
1355 	 uxuR, exuR, zraR, fucR
1356 	 uxuR, exuR, melR, fucR
1357 	 uxuR, exuR, zraR, fucR
1358 	 uxuR, exuR, melR, idnR, fucR
1359 	 uxuR, exuR, zraR, idnR, fucR
1360 	 uxuR, exuR, melR, idnR, fucR
1361 	 uxuR, exuR, zraR, fucR
1362 	 uxuR, exuR, zraR, melR, fucR
1363 	 uxuR, exuR, zraR, idnR, fucR
1364 	 uxuR, exuR, zraR, melR, idnR, fucR
1365 	 uxuR, exuR, zraR, idnR, fucR
1366 	 uxuR, exuR, zraR, melR, fucR
1367 	 uxuR, tdcA
1368 	 uxuR, melR
1369 	 uxuR, tdcA
1370 	 uxuR, melR, idnR
1371 	 uxuR, idnR, tdcA
1372 	 uxuR, melR, idnR
1373 	 uxuR, idnR, tdcA
1374 	 uxuR, zraR, melR
1375 	 uxuR, tdcA
1376 	 uxuR, zraR, melR
1377 	 uxuR, idnR, tdcA
1378 	 uxuR, zraR, melR, idnR
1379 	 uxuR, zraR, tdcA
1380 	 uxuR, zraR, melR, idnR
1381 	 uxuR, zraR, tdcA
1382 	 melR
1383 	 uxuR, zraR, idnR, tdcA
1384 	 melR
1385 	 uxuR, zraR, idnR, tdcA
1386 	 melR, idnR
1387 	 uxuR, zraR, tdcA
1388 	 melR, idnR
1389 	 uxuR, zraR, idnR, tdcA
1390 	 zraR, melR
1391 	 tdcA
1392 	 zraR, melR, idnR
1393 	 tdcA
1394 	 zraR, melR, idnR
1395 	 tdcA
1396 	 zraR, melR
1397 	 idnR, tdcA
1398 	 zraR, melR, idnR
1399 	 idnR, tdcA
1400 	 uxuR, exuR, melR
1401 	 idnR, tdcA
1402 	 uxuR, melR, fucR
1403 	 zraR, tdcA
1404 	 uxuR, exuR, melR
1405 	 zraR, tdcA
1406 	 uxuR, melR, fucR
1407 	 zraR, idnR, tdcA
1408 	 uxuR, exuR, melR, idnR
1409 	 zraR, idnR, tdcA
1410 	 uxuR, melR, idnR, fucR
1411 	 zraR, tdcA
1412 	 uxuR, exuR, melR, idnR
1413 	 zraR, idnR, tdcA
1414 	 uxuR, melR, idnR, fucR
1415 	 uxuR, fucR, tdcA
1416 	 uxuR, exuR, zraR, melR
1417 	 uxuR, exuR, tdcA
1418 	 uxuR, melR, idnR, fucR
1419 	 uxuR, idnR, fucR, tdcA
1420 	 uxuR, exuR, zraR, melR, idnR
1421 	 uxuR, exuR, idnR, tdcA
1422 	 uxuR, zraR, melR, fucR
1423 	 uxuR, fucR, tdcA
1424 	 uxuR, exuR, zraR, melR
1425 	 uxuR, exuR, tdcA
1426 	 uxuR, zraR, melR, fucR
1427 	 uxuR, fucR, tdcA
1428 	 uxuR, exuR, zraR, melR, idnR
1429 	 uxuR, exuR, idnR, tdcA
1430 	 uxuR, zraR, melR, idnR, fucR
1431 	 uxuR, idnR, fucR, tdcA
1432 	 uxuR, zraR, melR, idnR, fucR
1433 	 uxuR, exuR, tdcA
1434 	 uxuR, zraR, melR, fucR
1435 	 uxuR, idnR, fucR, tdcA
1436 	 uxuR, zraR, melR, idnR, fucR
1437 	 uxuR, zraR, fucR, tdcA
1438 	 melR, fucR
1439 	 uxuR, zraR, fucR, tdcA
1440 	 melR, idnR, fucR
1441 	 uxuR, zraR, fucR, tdcA
1442 	 melR, idnR, fucR
1443 	 uxuR, zraR, idnR, fucR, tdcA
1444 	 melR, fucR
1445 	 uxuR, zraR, idnR, fucR, tdcA
1446 	 melR, idnR, fucR
1447 	 uxuR, zraR, idnR, fucR, tdcA
1448 	 zraR, melR, fucR
1449 	 fucR, tdcA
1450 	 zraR, melR, fucR
1451 	 fucR, tdcA
1452 	 zraR, melR, fucR
1453 	 fucR, tdcA
1454 	 zraR, melR, idnR, fucR
1455 	 idnR, fucR, tdcA
1456 	 zraR, melR, idnR, fucR
1457 	 idnR, fucR, tdcA
1458 	 zraR, melR, idnR, fucR
1459 	 idnR, fucR, tdcA
1460 	 uxuR, exuR, melR, idnR, fucR
1461 	 zraR, fucR, tdcA
1462 	 uxuR, exuR, melR, fucR
1463 	 zraR, fucR, tdcA
1464 	 uxuR, exuR, melR, idnR, fucR
1465 	 zraR, fucR, tdcA
1466 	 uxuR, exuR, melR, fucR
1467 	 zraR, idnR, fucR, tdcA
1468 	 uxuR, exuR, melR, idnR, fucR
1469 	 zraR, idnR, fucR, tdcA
1470 	 uxuR, exuR, zraR, melR, fucR
1471 	 zraR, idnR, fucR, tdcA
1472 	 uxuR, exuR, zraR, melR, idnR, fucR
1473 	 uxuR, exuR, idnR, tdcA
1474 	 uxuR, exuR, zraR, melR, fucR
1475 	 uxuR, exuR, zraR, tdcA
1476 	 uxuR, exuR, zraR, melR, fucR
1477 	 uxuR, exuR, zraR, tdcA
1478 	 uxuR, exuR, zraR, melR, idnR, fucR
1479 	 uxuR, exuR, zraR, tdcA
1480 	 uxuR, exuR, zraR, melR, idnR, fucR
1481 	 uxuR, exuR, zraR, idnR, tdcA
1482 	 uxuR, tdcA
1483 	 uxuR, exuR, zraR, idnR, tdcA
1484 	 uxuR, tdcA
1485 	 uxuR, exuR, zraR, idnR, tdcA
1486 	 uxuR, idnR, tdcA
1487 	 uxuR, exuR, fucR, tdcA
1488 	 uxuR, idnR, tdcA
1489 	 uxuR, exuR, fucR, tdcA
1490 	 uxuR, zraR, tdcA
1491 	 uxuR, exuR, fucR, tdcA
1492 	 uxuR, zraR, idnR, tdcA
1493 	 uxuR, exuR, idnR, fucR, tdcA
1494 	 uxuR, zraR, idnR, tdcA
1495 	 uxuR, exuR, idnR, fucR, tdcA
1496 	 uxuR, zraR, tdcA
1497 	 uxuR, exuR, idnR, fucR, tdcA
1498 	 uxuR, zraR, idnR, tdcA
1499 	 uxuR, exuR, zraR, fucR, tdcA
1500 	 tdcA
1501 	 uxuR, exuR, zraR, fucR, tdcA
1502 	 tdcA
1503 	 uxuR, exuR, zraR, idnR, fucR, tdcA
1504 	 idnR, tdcA
1505 	 uxuR, exuR, zraR, idnR, fucR, tdcA
1506 	 idnR, tdcA
1507 	 uxuR, exuR, zraR, fucR, tdcA
1508 	 zraR, tdcA
1509 	 uxuR, exuR, zraR, melR, fucR
1510 	 uxuR, exuR, zraR, idnR, fucR, tdcA
1511 	 uxuR, exuR, zraR, melR, idnR, fucR
1512 	 uxuR, exuR, zraR, melR, idnR, fucR
1513 	 uxuR, melR
1514 	 uxuR, melR, tdcA
1515 	 uxuR, melR, idnR
1516 	 uxuR, melR, idnR, tdcA
1517 	 uxuR, melR
1518 	 uxuR, melR, tdcA
1519 	 uxuR, melR
1520 	 uxuR, melR, tdcA
1521 	 uxuR, melR, idnR
1522 	 uxuR, melR, idnR, tdcA
1523 	 uxuR, melR, idnR
1524 	 uxuR, melR, idnR, tdcA
1525 	 uxuR, zraR, melR
1526 	 uxuR, zraR, melR, tdcA
1527 	 uxuR, zraR, melR, idnR
1528 	 uxuR, zraR, melR, tdcA
1529 	 uxuR, zraR, melR
1530 	 uxuR, zraR, melR, idnR, tdcA
1531 	 uxuR, zraR, melR, idnR
1532 	 uxuR, zraR, melR, idnR, tdcA
1533 	 uxuR, zraR, melR
1534 	 uxuR, zraR, melR, tdcA
1535 	 uxuR, zraR, melR, idnR
1536 	 uxuR, zraR, melR, idnR, tdcA
1537 	 melR
1538 	 melR, tdcA
1539 	 melR, idnR
1540 	 melR, idnR, tdcA
1541 	 melR
1542 	 melR, tdcA
1543 	 melR
1544 	 melR, tdcA
1545 	 melR, idnR
1546 	 melR, idnR, tdcA
1547 	 melR, idnR
1548 	 melR, idnR, tdcA
1549 	 zraR, melR
1550 	 zraR, melR, tdcA
1551 	 zraR, melR, idnR
1552 	 zraR, melR, tdcA
1553 	 zraR, melR
1554 	 zraR, melR, idnR, tdcA
1555 	 zraR, melR, idnR
1556 	 zraR, melR, idnR, tdcA
1557 	 zraR, melR
1558 	 zraR, melR, tdcA
1559 	 zraR, melR, idnR
1560 	 zraR, melR, idnR, tdcA
1561 	 uxuR, exuR, melR
1562 	 uxuR, exuR, melR, tdcA
1563 	 uxuR, exuR, melR, idnR
1564 	 uxuR, exuR, melR, idnR, tdcA
1565 	 uxuR, exuR, melR
1566 	 uxuR, exuR, melR, tdcA
1567 	 uxuR, exuR, melR
1568 	 uxuR, exuR, melR, tdcA
1569 	 uxuR, exuR, melR, idnR
1570 	 uxuR, exuR, melR, idnR, tdcA
1571 	 uxuR, exuR, melR, idnR
1572 	 uxuR, exuR, melR, idnR, tdcA
1573 	 uxuR, exuR, zraR, melR
1574 	 uxuR, exuR, zraR, melR, tdcA
1575 	 uxuR, exuR, zraR, melR, idnR
1576 	 uxuR, exuR, zraR, melR, tdcA
1577 	 uxuR, exuR, zraR, melR
1578 	 uxuR, exuR, zraR, melR, idnR, tdcA
1579 	 uxuR, exuR, zraR, melR, idnR
1580 	 uxuR, exuR, zraR, melR, idnR, tdcA
1581 	 uxuR, exuR, zraR, melR
1582 	 uxuR, exuR, zraR, melR, tdcA
1583 	 uxuR, exuR, zraR, melR, idnR
1584 	 uxuR, exuR, zraR, melR, idnR, tdcA
1585 	 uxuR, melR, fucR
1586 	 uxuR, melR, fucR, tdcA
1587 	 uxuR, melR, idnR, fucR
1588 	 uxuR, melR, idnR, fucR, tdcA
1589 	 uxuR, melR, fucR
1590 	 uxuR, melR, fucR, tdcA
1591 	 uxuR, melR, fucR
1592 	 uxuR, melR, fucR, tdcA
1593 	 uxuR, melR, idnR, fucR
1594 	 uxuR, melR, idnR, fucR, tdcA
1595 	 uxuR, melR, idnR, fucR
1596 	 uxuR, melR, idnR, fucR, tdcA
1597 	 uxuR, zraR, melR, fucR
1598 	 uxuR, zraR, melR, fucR, tdcA
1599 	 uxuR, zraR, melR, idnR, fucR
1600 	 uxuR, zraR, melR, fucR, tdcA
1601 	 uxuR, zraR, melR, fucR
1602 	 uxuR, zraR, melR, idnR, fucR, tdcA
1603 	 uxuR, zraR, melR, idnR, fucR
1604 	 uxuR, zraR, melR, idnR, fucR, tdcA
1605 	 uxuR, zraR, melR, fucR
1606 	 uxuR, zraR, melR, fucR, tdcA
1607 	 uxuR, zraR, melR, idnR, fucR
1608 	 uxuR, zraR, melR, idnR, fucR, tdcA
1609 	 melR, fucR
1610 	 melR, fucR, tdcA
1611 	 melR, idnR, fucR
1612 	 melR, idnR, fucR, tdcA
1613 	 melR, fucR
1614 	 melR, fucR, tdcA
1615 	 melR, fucR
1616 	 melR, fucR, tdcA
1617 	 melR, idnR, fucR
1618 	 melR, idnR, fucR, tdcA
1619 	 melR, idnR, fucR
1620 	 melR, idnR, fucR, tdcA
1621 	 zraR, melR, fucR
1622 	 zraR, melR, fucR, tdcA
1623 	 zraR, melR, idnR, fucR
1624 	 zraR, melR, fucR, tdcA
1625 	 zraR, melR, fucR
1626 	 zraR, melR, idnR, fucR, tdcA
1627 	 zraR, melR, idnR, fucR
1628 	 zraR, melR, idnR, fucR, tdcA
1629 	 zraR, melR, fucR
1630 	 zraR, melR, fucR, tdcA
1631 	 zraR, melR, idnR, fucR
1632 	 zraR, melR, idnR, fucR, tdcA
1633 	 uxuR, exuR, melR, fucR, tdcA
1634 	 uxuR, exuR, melR, fucR
1635 	 uxuR, exuR, melR, idnR, fucR, tdcA
1636 	 uxuR, exuR, melR, idnR, fucR
1637 	 uxuR, exuR, melR, fucR, tdcA
1638 	 uxuR, exuR, melR, fucR
1639 	 uxuR, exuR, melR, fucR, tdcA
1640 	 uxuR, exuR, melR, idnR, fucR
1641 	 uxuR, exuR, melR, idnR, fucR, tdcA
1642 	 uxuR, exuR, melR, fucR
1643 	 uxuR, exuR, melR, idnR, fucR, tdcA
1644 	 uxuR, exuR, melR, idnR, fucR
1645 	 uxuR, exuR, zraR, melR, fucR, tdcA
1646 	 uxuR, exuR, zraR, melR, fucR
1647 	 uxuR, exuR, zraR, melR, idnR, fucR, tdcA
1648 	 uxuR, exuR, zraR, melR, fucR
1649 	 uxuR, exuR, zraR, melR, fucR, tdcA
1650 	 uxuR, exuR, zraR, melR, idnR, fucR
1651 	 uxuR, exuR, zraR, melR, fucR, tdcA
1652 	 uxuR, exuR, zraR, melR, fucR
1653 	 uxuR, exuR, zraR, melR, idnR, fucR, tdcA
1654 	 uxuR, exuR, zraR, melR, idnR, fucR
1655 	 uxuR, exuR, zraR, melR, idnR, fucR, tdcA
1656 	 uxuR, exuR, zraR, melR, idnR, fucR
1657 	 zraR, idnR, tdcA
1658 	 zraR, tdcA
1659 	 zraR, idnR, tdcA
1660 	 zraR, idnR, tdcA
1661 	 uxuR, fucR, tdcA
1662 	 uxuR, exuR, tdcA
1663 	 uxuR, exuR, tdcA
1664 	 uxuR, fucR, tdcA
1665 	 uxuR, idnR, fucR, tdcA
1666 	 uxuR, exuR, idnR, tdcA
1667 	 uxuR, exuR, idnR, tdcA
1668 	 uxuR, idnR, fucR, tdcA
1669 	 uxuR, idnR, fucR, tdcA
1670 	 uxuR, exuR, zraR, tdcA
1671 	 uxuR, exuR, zraR, idnR, tdcA
1672 	 uxuR, zraR, fucR, tdcA
1673 	 uxuR, zraR, fucR, tdcA
1674 	 uxuR, exuR, zraR, idnR, tdcA
1675 	 uxuR, exuR, zraR, tdcA
1676 	 uxuR, zraR, idnR, fucR, tdcA
1677 	 uxuR, zraR, fucR, tdcA
1678 	 uxuR, exuR, zraR, idnR, tdcA
1679 	 uxuR, zraR, idnR, fucR, tdcA
1680 	 uxuR, zraR, idnR, fucR, tdcA
1681 	 fucR, tdcA
1682 	 fucR, tdcA
1683 	 idnR, fucR, tdcA
1684 	 idnR, fucR, tdcA
1685 	 fucR, tdcA
1686 	 idnR, fucR, tdcA
1687 	 zraR, fucR, tdcA
1688 	 zraR, fucR, tdcA
1689 	 zraR, idnR, fucR, tdcA
1690 	 zraR, fucR, tdcA
1691 	 zraR, idnR, fucR, tdcA
1692 	 zraR, idnR, fucR, tdcA
1693 	 uxuR, exuR, fucR, tdcA
1694 	 uxuR, exuR, fucR, tdcA
1695 	 uxuR, exuR, idnR, fucR, tdcA
1696 	 uxuR, exuR, idnR, fucR, tdcA
1697 	 uxuR, exuR, fucR, tdcA
1698 	 uxuR, exuR, idnR, fucR, tdcA
1699 	 uxuR, exuR, zraR, fucR, tdcA
1700 	 uxuR, exuR, zraR, fucR, tdcA
1701 	 uxuR, exuR, zraR, idnR, fucR, tdcA
1702 	 uxuR, exuR, zraR, fucR, tdcA
1703 	 uxuR, exuR, zraR, idnR, fucR, tdcA
1704 	 uxuR, exuR, zraR, idnR, fucR, tdcA
1705 	 uxuR, melR, tdcA
1706 	 uxuR, tdcA
1707 	 uxuR, melR, idnR, tdcA
1708 	 uxuR, idnR, tdcA
1709 	 uxuR, melR, tdcA
1710 	 uxuR, tdcA
1711 	 uxuR, melR, idnR, tdcA
1712 	 uxuR, idnR, tdcA
1713 	 uxuR, melR, tdcA
1714 	 uxuR, tdcA
1715 	 uxuR, melR, idnR, tdcA
1716 	 uxuR, idnR, tdcA
1717 	 uxuR, zraR, melR, tdcA
1718 	 uxuR, zraR, tdcA
1719 	 uxuR, zraR, melR, idnR, tdcA
1720 	 uxuR, zraR, idnR, tdcA
1721 	 uxuR, zraR, melR, tdcA
1722 	 uxuR, zraR, tdcA
1723 	 uxuR, zraR, melR, tdcA
1724 	 uxuR, zraR, idnR, tdcA
1725 	 uxuR, zraR, melR, idnR, tdcA
1726 	 uxuR, zraR, tdcA
1727 	 uxuR, zraR, melR, idnR, tdcA
1728 	 uxuR, zraR, idnR, tdcA
1729 	 melR, tdcA
1730 	 tdcA
1731 	 melR, idnR, tdcA
1732 	 idnR, tdcA
1733 	 melR, tdcA
1734 	 tdcA
1735 	 melR, idnR, tdcA
1736 	 idnR, tdcA
1737 	 melR, tdcA
1738 	 tdcA
1739 	 melR, idnR, tdcA
1740 	 idnR, tdcA
1741 	 zraR, melR, tdcA
1742 	 zraR, tdcA
1743 	 zraR, melR, idnR, tdcA
1744 	 zraR, idnR, tdcA
1745 	 zraR, melR, tdcA
1746 	 zraR, tdcA
1747 	 zraR, melR, tdcA
1748 	 zraR, idnR, tdcA
1749 	 zraR, melR, idnR, tdcA
1750 	 zraR, tdcA
1751 	 zraR, melR, idnR, tdcA
1752 	 zraR, idnR, tdcA
1753 	 uxuR, melR, fucR, tdcA
1754 	 uxuR, exuR, tdcA
1755 	 uxuR, melR, idnR, fucR, tdcA
1756 	 uxuR, exuR, idnR, tdcA
1757 	 uxuR, melR, fucR, tdcA
1758 	 uxuR, exuR, tdcA
1759 	 uxuR, melR, idnR, fucR, tdcA
1760 	 uxuR, exuR, idnR, tdcA
1761 	 uxuR, melR, fucR, tdcA
1762 	 uxuR, exuR, tdcA
1763 	 uxuR, melR, idnR, fucR, tdcA
1764 	 uxuR, exuR, idnR, tdcA
1765 	 uxuR, zraR, melR, fucR, tdcA
1766 	 uxuR, exuR, zraR, tdcA
1767 	 uxuR, zraR, melR, idnR, fucR, tdcA
1768 	 uxuR, exuR, zraR, idnR, tdcA
1769 	 uxuR, zraR, melR, fucR, tdcA
1770 	 uxuR, exuR, zraR, tdcA
1771 	 uxuR, zraR, melR, fucR, tdcA
1772 	 uxuR, exuR, zraR, idnR, tdcA
1773 	 uxuR, zraR, melR, idnR, fucR, tdcA
1774 	 uxuR, exuR, zraR, tdcA
1775 	 uxuR, zraR, melR, idnR, fucR, tdcA
1776 	 uxuR, exuR, zraR, idnR, tdcA
1777 	 melR, fucR, tdcA
1778 	 uxuR, fucR, tdcA
1779 	 melR, idnR, fucR, tdcA
1780 	 uxuR, idnR, fucR, tdcA
1781 	 melR, fucR, tdcA
1782 	 uxuR, fucR, tdcA
1783 	 melR, idnR, fucR, tdcA
1784 	 uxuR, idnR, fucR, tdcA
1785 	 melR, fucR, tdcA
1786 	 uxuR, fucR, tdcA
1787 	 melR, idnR, fucR, tdcA
1788 	 uxuR, idnR, fucR, tdcA
1789 	 zraR, melR, fucR, tdcA
1790 	 uxuR, zraR, fucR, tdcA
1791 	 zraR, melR, idnR, fucR, tdcA
1792 	 uxuR, zraR, idnR, fucR, tdcA
1793 	 zraR, melR, fucR, tdcA
1794 	 uxuR, zraR, fucR, tdcA
1795 	 zraR, melR, fucR, tdcA
1796 	 uxuR, zraR, idnR, fucR, tdcA
1797 	 zraR, melR, idnR, fucR, tdcA
1798 	 uxuR, zraR, fucR, tdcA
1799 	 zraR, melR, idnR, fucR, tdcA
1800 	 uxuR, zraR, idnR, fucR, tdcA
1801 	 uxuR, exuR, melR, tdcA
1802 	 fucR, tdcA
1803 	 uxuR, exuR, melR, idnR, tdcA
1804 	 idnR, fucR, tdcA
1805 	 uxuR, exuR, melR, tdcA
1806 	 fucR, tdcA
1807 	 uxuR, exuR, melR, idnR, tdcA
1808 	 idnR, fucR, tdcA
1809 	 uxuR, exuR, melR, tdcA
1810 	 fucR, tdcA
1811 	 uxuR, exuR, melR, idnR, tdcA
1812 	 idnR, fucR, tdcA
1813 	 uxuR, exuR, zraR, melR, tdcA
1814 	 zraR, fucR, tdcA
1815 	 uxuR, exuR, zraR, melR, idnR, tdcA
1816 	 zraR, idnR, fucR, tdcA
1817 	 uxuR, exuR, zraR, melR, tdcA
1818 	 zraR, fucR, tdcA
1819 	 uxuR, exuR, zraR, melR, tdcA
1820 	 zraR, idnR, fucR, tdcA
1821 	 uxuR, exuR, zraR, melR, idnR, tdcA
1822 	 zraR, fucR, tdcA
1823 	 uxuR, exuR, zraR, melR, idnR, tdcA
1824 	 zraR, idnR, fucR, tdcA
1825 	 uxuR, exuR, melR, fucR, tdcA
1826 	 uxuR, exuR, fucR, tdcA
1827 	 uxuR, exuR, melR, idnR, fucR, tdcA
1828 	 uxuR, exuR, melR, fucR, tdcA
1829 	 uxuR, exuR, fucR, tdcA
1830 	 uxuR, exuR, melR, idnR, fucR, tdcA
1831 	 uxuR, exuR, idnR, fucR, tdcA
1832 	 uxuR, exuR, melR, fucR, tdcA
1833 	 uxuR, exuR, idnR, fucR, tdcA
1834 	 uxuR, exuR, melR, idnR, fucR, tdcA
1835 	 uxuR, exuR, fucR, tdcA
1836 	 uxuR, exuR, zraR, melR, fucR, tdcA
1837 	 uxuR, exuR, idnR, fucR, tdcA
1838 	 uxuR, exuR, zraR, melR, fucR, tdcA
1839 	 uxuR, exuR, zraR, fucR, tdcA
1840 	 uxuR, exuR, zraR, melR, idnR, fucR, tdcA
1841 	 uxuR, exuR, zraR, fucR, tdcA
1842 	 uxuR, exuR, zraR, melR, idnR, fucR, tdcA
1843 	 uxuR, exuR, zraR, fucR, tdcA
1844 	 uxuR, exuR, zraR, melR, fucR, tdcA
1845 	 uxuR, exuR, zraR, idnR, fucR, tdcA
1846 	 uxuR, exuR, zraR, melR, idnR, fucR, tdcA
1847 	 uxuR, exuR, zraR, idnR, fucR, tdcA
1848 	 uxuR, exuR, zraR, idnR, fucR, tdcA
1849 	 uxuR, melR, tdcA
1850 	 uxuR, melR, tdcA
1851 	 uxuR, melR, idnR, tdcA
1852 	 uxuR, melR, idnR, tdcA
1853 	 uxuR, melR, tdcA
1854 	 uxuR, melR, idnR, tdcA
1855 	 uxuR, zraR, melR, tdcA
1856 	 uxuR, zraR, melR, tdcA
1857 	 uxuR, zraR, melR, tdcA
1858 	 uxuR, zraR, melR, idnR, tdcA
1859 	 uxuR, zraR, melR, idnR, tdcA
1860 	 uxuR, zraR, melR, idnR, tdcA
1861 	 melR, tdcA
1862 	 melR, tdcA
1863 	 melR, idnR, tdcA
1864 	 melR, idnR, tdcA
1865 	 melR, tdcA
1866 	 melR, idnR, tdcA
1867 	 zraR, melR, tdcA
1868 	 zraR, melR, tdcA
1869 	 zraR, melR, tdcA
1870 	 zraR, melR, idnR, tdcA
1871 	 zraR, melR, idnR, tdcA
1872 	 zraR, melR, idnR, tdcA
1873 	 uxuR, melR, fucR, tdcA
1874 	 uxuR, exuR, melR, tdcA
1875 	 uxuR, melR, idnR, fucR, tdcA
1876 	 uxuR, exuR, melR, idnR, tdcA
1877 	 uxuR, melR, fucR, tdcA
1878 	 uxuR, exuR, melR, tdcA
1879 	 uxuR, melR, idnR, fucR, tdcA
1880 	 uxuR, exuR, melR, idnR, tdcA
1881 	 uxuR, melR, fucR, tdcA
1882 	 uxuR, exuR, melR, tdcA
1883 	 uxuR, melR, idnR, fucR, tdcA
1884 	 uxuR, exuR, melR, idnR, tdcA
1885 	 uxuR, zraR, melR, fucR, tdcA
1886 	 uxuR, exuR, zraR, melR, tdcA
1887 	 uxuR, zraR, melR, fucR, tdcA
1888 	 uxuR, exuR, zraR, melR, tdcA
1889 	 uxuR, zraR, melR, idnR, fucR, tdcA
1890 	 uxuR, exuR, zraR, melR, idnR, tdcA
1891 	 uxuR, zraR, melR, fucR, tdcA
1892 	 uxuR, exuR, zraR, melR, idnR, tdcA
1893 	 uxuR, zraR, melR, idnR, fucR, tdcA
1894 	 uxuR, exuR, zraR, melR, tdcA
1895 	 uxuR, zraR, melR, idnR, fucR, tdcA
1896 	 uxuR, exuR, zraR, melR, idnR, tdcA
1897 	 melR, fucR, tdcA
1898 	 melR, idnR, fucR, tdcA
1899 	 melR, fucR, tdcA
1900 	 melR, idnR, fucR, tdcA
1901 	 melR, fucR, tdcA
1902 	 melR, idnR, fucR, tdcA
1903 	 uxuR, exuR, melR, fucR, tdcA
1904 	 zraR, melR, fucR, tdcA
1905 	 uxuR, exuR, melR, fucR, tdcA
1906 	 zraR, melR, idnR, fucR, tdcA
1907 	 uxuR, exuR, melR, idnR, fucR, tdcA
1908 	 zraR, melR, fucR, tdcA
1909 	 uxuR, exuR, melR, fucR, tdcA
1910 	 zraR, melR, fucR, tdcA
1911 	 uxuR, exuR, melR, idnR, fucR, tdcA
1912 	 zraR, melR, idnR, fucR, tdcA
1913 	 uxuR, exuR, melR, idnR, fucR, tdcA
1914 	 zraR, melR, idnR, fucR, tdcA
1915 	 uxuR, exuR, zraR, melR, fucR, tdcA
1916 	 uxuR, exuR, zraR, melR, idnR, fucR, tdcA
1917 	 uxuR, exuR, zraR, melR, fucR, tdcA
1918 	 uxuR, exuR, zraR, melR, idnR, fucR, tdcA
1919 	 uxuR, exuR, zraR, melR, fucR, tdcA
1920 	 uxuR, exuR, zraR, melR, idnR, fucR, tdcA
