148 	 zraR, yqjI, nikR, dcuR, nac, gutM, soxR, rob, narL, arcA
149 	 zraR, asnC, puuR, fucR, nikR, betI, lldR, dcuR, gutM, soxS, fnr
153 	 zraR, yqjI, nikR, dcuR, nac, gutM, soxR, rob, narL, arcA
154 	 zraR, asnC, puuR, melR, nikR, betI, lldR, dcuR, gutM, soxS, fnr
157 	 zraR, yqjI, nikR, dcuR, nac, gutM, soxR, rob, narL, arcA
158 	 zraR, asnC, puuR, nikR, betI, lldR, dcuR, gutM, soxS, fnr
160 	 zraR, asnC, puuR, nikR, betI, lldR, dcuR, gutM, soxS, fnr
161 	 zraR, asnC, puuR, fucR, nikR, betI, lldR, dcuR, gutM, soxS, fnr
162 	 zraR, asnC, puuR, nikR, betI, lldR, dcuR, gutM, soxS, fnr
163 	 zraR, asnC, puuR, nikR, betI, lldR, dcuR, soxS, fnr
164 	 zraR, asnC, puuR, fucR, nikR, betI, lldR, dcuR, gutM, soxS, fnr
165 	 zraR, asnC, puuR, melR, nikR, betI, lldR, dcuR, gutM, soxS, fnr
166 	 zraR, asnC, puuR, nikR, betI, lldR, dcuR, gutM, soxS, fnr
167 	 zraR, asnC, puuR, melR, nikR, betI, lldR, dcuR, gutM, soxS, fnr
169 	 zraR, asnC, puuR, melR, fucR, nikR, betI, lldR, dcuR, gutM, soxS, fnr
170 	 zraR, asnC, puuR, nikR, betI, lldR, dcuR, gutM, soxS, fnr
172 	 zraR, asnC, puuR, melR, nikR, betI, lldR, dcuR, soxS, fnr
173 	 zraR, asnC, puuR, nikR, betI, lldR, dcuR, gutM, soxS, fnr
174 	 zraR, asnC, puuR, melR, nikR, betI, lldR, dcuR, gutM, soxS, fnr
176 	 zraR, asnC, puuR, nikR, betI, lldR, dcuR, gutM, soxS, fnr
177 	 zraR, asnC, puuR, nikR, betI, lldR, dcuR, gutM, soxS, fnr
178 	 zraR, asnC, puuR, melR, fucR, nikR, betI, lldR, dcuR, gutM, soxS, fnr
179 	 zraR, asnC, puuR, nikR, betI, lldR, dcuR, gutM, soxS, fnr
180 	 zraR, asnC, puuR, fucR, nikR, betI, lldR, dcuR, gutM, soxS, fnr
181 	 zraR, asnC, puuR, fucR, nikR, betI, lldR, dcuR, soxS, fnr
183 	 zraR, asnC, puuR, fucR, nikR, betI, lldR, dcuR, gutM, soxS, fnr
186 	 zraR, melR, yqjI, fucR, nikR, dcuR, nac, gutM, soxR, rob, narL, arcA
187 	 zraR, asnC, puuR, nikR, betI, lldR, dcuR, gutM, soxS, fnr
188 	 zraR, asnC, puuR, fucR, nikR, betI, lldR, dcuR, gutM, soxS, fnr
189 	 zraR, asnC, puuR, fucR, nikR, betI, lldR, dcuR, soxS, fnr
190 	 zraR, asnC, puuR, melR, nikR, betI, lldR, dcuR, gutM, soxS, fnr
191 	 zraR, asnC, puuR, fucR, nikR, betI, lldR, dcuR, soxS, fnr
192 	 zraR, asnC, puuR, melR, nikR, betI, lldR, dcuR, gutM, soxS, fnr
194 	 zraR, melR, yqjI, nikR, dcuR, nac, gutM, soxR, rob, narL, arcA
195 	 zraR, asnC, puuR, fucR, nikR, betI, lldR, dcuR, soxS, fnr
196 	 zraR, asnC, puuR, melR, fucR, nikR, betI, lldR, dcuR, gutM, soxS, fnr
197 	 zraR, asnC, puuR, fucR, nikR, betI, lldR, dcuR, gutM, soxS, fnr
198 	 zraR, melR, yqjI, fucR, nikR, dcuR, nac, gutM, soxR, rob, narL, arcA
199 	 zraR, yqjI, nikR, dcuR, nac, soxR, rob, narL, arcA
200 	 zraR, asnC, puuR, fucR, nikR, betI, lldR, dcuR, gutM, soxS, fnr
202 	 zraR, asnC, puuR, melR, nikR, betI, lldR, dcuR, gutM, soxS, fnr
204 	 zraR, melR, yqjI, fucR, nikR, dcuR, nac, gutM, soxR, rob, narL, arcA
205 	 zraR, yqjI, fucR, nikR, dcuR, nac, soxR, rob, narL, arcA
206 	 zraR, asnC, puuR, fucR, nikR, betI, lldR, dcuR, gutM, soxS, fnr
208 	 zraR, asnC, puuR, fucR, nikR, betI, lldR, dcuR, gutM, soxS, fnr
209 	 zraR, yqjI, nikR, dcuR, nac, soxR, rob, narL, arcA
210 	 zraR, melR, yqjI, nikR, dcuR, nac, gutM, soxR, rob, narL, arcA
212 	 zraR, melR, yqjI, fucR, nikR, dcuR, nac, gutM, soxR, rob, narL, arcA
213 	 zraR, asnC, puuR, fucR, nikR, betI, lldR, dcuR, soxS, fnr
214 	 zraR, asnC, puuR, melR, nikR, betI, lldR, dcuR, gutM, soxS, fnr
215 	 zraR, asnC, puuR, melR, fucR, nikR, betI, lldR, dcuR, gutM, soxS, fnr
216 	 zraR, melR, yqjI, nikR, dcuR, nac, gutM, soxR, rob, narL, arcA
217 	 zraR, yqjI, fucR, nikR, dcuR, nac, soxR, rob, narL, arcA
218 	 zraR, asnC, puuR, melR, fucR, nikR, betI, lldR, dcuR, gutM, soxS, fnr
219 	 zraR, asnC, puuR, melR, nikR, betI, lldR, dcuR, soxS, fnr
220 	 zraR, melR, yqjI, fucR, nikR, dcuR, nac, gutM, soxR, rob, narL, arcA
221 	 zraR, yqjI, nikR, dcuR, nac, soxR, rob, narL, arcA
222 	 zraR, asnC, puuR, melR, fucR, nikR, betI, lldR, dcuR, soxS, fnr
224 	 zraR, yqjI, nikR, dcuR, nac, gutM, soxR, rob, narL, arcA
226 	 zraR, yqjI, fucR, nikR, dcuR, nac, gutM, soxR, rob, narL, arcA
228 	 zraR, yqjI, fucR, nikR, dcuR, nac, gutM, soxR, rob, narL, arcA
232 	 zraR, yqjI, nikR, dcuR, nac, soxR, rob, narL, arcA
234 	 zraR, yqjI, fucR, nikR, dcuR, nac, soxR, rob, narL, arcA
236 	 zraR, yqjI, fucR, nikR, dcuR, nac, soxR, rob, narL, arcA
237 	 zraR, asnC, puuR, melR, nikR, betI, lldR, dcuR, soxS, fnr
238 	 zraR, asnC, puuR, melR, fucR, nikR, betI, lldR, dcuR, soxS, fnr
240 	 zraR, asnC, puuR, melR, nikR, betI, lldR, dcuR, soxS, fnr
241 	 zraR, asnC, puuR, yqjI, fucR, nikR, betI, lldR, dcuR, nac, gutM, soxR, rob, narL, soxS, arcA, fnr
242 	 zraR, asnC, puuR, melR, fucR, nikR, betI, lldR, dcuR, soxS, fnr
243 	 zraR, asnC, puuR, yqjI, nikR, betI, lldR, dcuR, nac, gutM, soxR, rob, narL, soxS, arcA, fnr
244 	 zraR, asnC, puuR, melR, fucR, nikR, betI, lldR, dcuR, soxS, fnr
245 	 zraR, asnC, puuR, yqjI, fucR, nikR, betI, lldR, dcuR, nac, gutM, soxR, rob, narL, soxS, arcA, fnr
246 	 zraR, asnC, puuR, melR, yqjI, nikR, betI, lldR, dcuR, nac, gutM, soxR, rob, narL, soxS, arcA, fnr
248 	 zraR, asnC, puuR, melR, yqjI, fucR, nikR, betI, lldR, dcuR, nac, gutM, soxR, rob, narL, soxS, arcA, fnr
249 	 zraR, asnC, puuR, nikR, betI, lldR, dcuR, soxS, fnr
250 	 zraR, asnC, puuR, melR, yqjI, nikR, betI, lldR, dcuR, nac, gutM, soxR, rob, narL, soxS, arcA, fnr
251 	 zraR, asnC, puuR, fucR, nikR, betI, lldR, dcuR, soxS, fnr
252 	 zraR, asnC, puuR, melR, yqjI, fucR, nikR, betI, lldR, dcuR, nac, gutM, soxR, rob, narL, soxS, arcA, fnr
253 	 zraR, asnC, puuR, fucR, nikR, betI, lldR, dcuR, soxS, fnr
254 	 zraR, asnC, puuR, melR, yqjI, nikR, betI, lldR, dcuR, nac, soxR, rob, narL, soxS, arcA, fnr
255 	 zraR, asnC, puuR, fucR, nikR, betI, lldR, dcuR, soxS, fnr
256 	 zraR, asnC, puuR, melR, yqjI, nikR, betI, lldR, dcuR, nac, soxR, rob, narL, soxS, arcA, fnr
257 	 zraR, asnC, puuR, yqjI, fucR, nikR, betI, lldR, dcuR, nac, gutM, soxR, rob, narL, soxS, arcA, fnr
258 	 zraR, asnC, puuR, melR, fucR, nikR, betI, lldR, dcuR, soxS, fnr
259 	 zraR, asnC, puuR, yqjI, nikR, betI, lldR, dcuR, nac, gutM, soxR, rob, narL, soxS, arcA, fnr
260 	 zraR, asnC, puuR, melR, fucR, nikR, betI, lldR, dcuR, soxS, fnr
261 	 zraR, asnC, puuR, yqjI, fucR, nikR, betI, lldR, dcuR, nac, gutM, soxR, rob, narL, soxS, arcA, fnr
262 	 zraR, asnC, puuR, melR, nikR, betI, lldR, dcuR, soxS, fnr
264 	 zraR, asnC, puuR, melR, nikR, betI, lldR, dcuR, soxS, fnr
265 	 zraR, asnC, puuR, yqjI, nikR, betI, lldR, dcuR, nac, soxR, rob, narL, soxS, arcA, fnr
266 	 zraR, asnC, puuR, melR, fucR, nikR, betI, lldR, dcuR, soxS, fnr
267 	 zraR, asnC, puuR, yqjI, nikR, betI, lldR, dcuR, nac, soxR, rob, narL, soxS, arcA, fnr
268 	 zraR, asnC, puuR, melR, fucR, nikR, betI, lldR, dcuR, soxS, fnr
269 	 zraR, asnC, puuR, yqjI, fucR, nikR, betI, lldR, dcuR, nac, soxR, rob, narL, soxS, arcA, fnr
270 	 zraR, asnC, puuR, melR, yqjI, nikR, betI, lldR, dcuR, nac, gutM, soxR, rob, narL, soxS, arcA, fnr
271 	 zraR, asnC, puuR, melR, yqjI, fucR, nikR, betI, lldR, dcuR, nac, gutM, soxR, rob, narL, soxS, arcA, fnr
272 	 zraR, asnC, puuR, melR, yqjI, fucR, nikR, betI, lldR, dcuR, nac, gutM, soxR, rob, narL, soxS, arcA, fnr
273 	 zraR, asnC, puuR, melR, yqjI, nikR, betI, lldR, dcuR, nac, soxR, rob, narL, soxS, arcA, fnr
274 	 zraR, asnC, puuR, melR, yqjI, nikR, betI, lldR, dcuR, nac, soxR, rob, narL, soxS, arcA, fnr
275 	 zraR, asnC, puuR, melR, yqjI, fucR, nikR, betI, lldR, dcuR, nac, soxR, rob, narL, soxS, arcA, fnr
276 	 zraR, asnC, puuR, melR, yqjI, nikR, betI, lldR, dcuR, nac, soxR, rob, narL, soxS, arcA, fnr
277 	 zraR, asnC, puuR, melR, yqjI, fucR, nikR, betI, lldR, dcuR, nac, soxR, rob, narL, soxS, arcA, fnr
278 	 zraR, asnC, puuR, melR, yqjI, nikR, betI, lldR, dcuR, nac, soxR, rob, narL, soxS, arcA, fnr
279 	 zraR, asnC, puuR, melR, yqjI, fucR, nikR, betI, lldR, dcuR, nac, soxR, rob, narL, soxS, arcA, fnr
280 	 zraR, asnC, puuR, melR, yqjI, fucR, nikR, betI, lldR, dcuR, nac, soxR, rob, narL, soxS, arcA, fnr
281 	 zraR, asnC, puuR, fucR, nikR, betI, lldR, dcuR, soxS, fnr
282 	 zraR, asnC, puuR, fucR, nikR, betI, lldR, dcuR, soxS, fnr
283 	 zraR, asnC, puuR, yqjI, fucR, nikR, betI, lldR, dcuR, nac, soxR, rob, narL, soxS, arcA, fnr
284 	 zraR, asnC, puuR, melR, yqjI, nikR, betI, lldR, dcuR, nac, gutM, soxR, rob, narL, soxS, arcA, fnr
285 	 zraR, asnC, puuR, melR, nikR, betI, lldR, dcuR, gutM, soxS, fnr
286 	 zraR, asnC, puuR, melR, yqjI, fucR, nikR, betI, lldR, dcuR, nac, gutM, soxR, rob, narL, soxS, arcA, fnr
287 	 zraR, asnC, puuR, melR, fucR, nikR, betI, lldR, dcuR, gutM, soxS, fnr
288 	 zraR, asnC, puuR, melR, yqjI, nikR, betI, lldR, dcuR, nac, soxR, rob, narL, soxS, arcA, fnr
289 	 zraR, asnC, puuR, melR, nikR, betI, lldR, dcuR, soxS, fnr
290 	 zraR, asnC, puuR, melR, yqjI, fucR, nikR, betI, lldR, dcuR, nac, soxR, rob, narL, soxS, arcA, fnr
291 	 zraR, asnC, puuR, melR, nikR, betI, lldR, dcuR, soxS, fnr
292 	 zraR, asnC, puuR, melR, yqjI, fucR, nikR, betI, lldR, dcuR, nac, soxR, rob, narL, soxS, arcA, fnr
293 	 zraR, asnC, puuR, melR, nikR, betI, lldR, dcuR, soxS, fnr
294 	 zraR, asnC, puuR, melR, yqjI, fucR, nikR, betI, lldR, dcuR, nac, soxR, rob, narL, soxS, arcA, fnr
295 	 zraR, asnC, puuR, melR, fucR, nikR, betI, lldR, dcuR, soxS, fnr
296 	 zraR, asnC, puuR, yqjI, nikR, lldR, dcuR, nac, gutM, soxR, rob, narL, soxS, arcA, fnr
297 	 zraR, asnC, puuR, yqjI, fucR, nikR, lldR, dcuR, nac, gutM, soxR, rob, narL, soxS, arcA, fnr
298 	 zraR, asnC, puuR, yqjI, nikR, betI, lldR, dcuR, nac, gutM, soxR, rob, narL, soxS, arcA, fnr
326 	 zraR, asnC, puuR, yqjI, nikR, betI, lldR, dcuR, nac, gutM, soxR, rob, narL, soxS, arcA, fnr
327 	 zraR, asnC, puuR, yqjI, fucR, nikR, betI, lldR, dcuR, nac, gutM, soxR, rob, narL, soxS, arcA, fnr
328 	 zraR, asnC, puuR, yqjI, nikR, lldR, dcuR, nac, gutM, soxR, rob, narL, soxS, arcA, fnr
329 	 zraR, asnC, puuR, yqjI, nikR, lldR, dcuR, nac, gutM, soxR, rob, narL, soxS, arcA, fnr
330 	 zraR, asnC, puuR, yqjI, fucR, nikR, betI, lldR, dcuR, nac, gutM, soxR, rob, narL, soxS, arcA, fnr
331 	 zraR, asnC, puuR, yqjI, fucR, nikR, lldR, dcuR, nac, gutM, soxR, rob, narL, soxS, arcA, fnr
332 	 zraR, asnC, puuR, yqjI, nikR, betI, lldR, dcuR, nac, gutM, soxR, rob, narL, soxS, arcA, fnr
333 	 zraR, asnC, puuR, yqjI, fucR, nikR, lldR, dcuR, nac, gutM, soxR, rob, narL, soxS, arcA, fnr
334 	 zraR, asnC, puuR, yqjI, nikR, betI, lldR, dcuR, nac, gutM, soxR, rob, narL, soxS, arcA, fnr
335 	 zraR, asnC, puuR, yqjI, nikR, lldR, dcuR, nac, gutM, soxR, rob, narL, soxS, arcA, fnr
336 	 zraR, asnC, puuR, yqjI, fucR, nikR, lldR, dcuR, nac, gutM, soxR, rob, narL, soxS, arcA, fnr
337 	 zraR, asnC, puuR, yqjI, fucR, nikR, betI, lldR, dcuR, nac, gutM, soxR, rob, narL, soxS, arcA, fnr
338 	 zraR, asnC, puuR, yqjI, fucR, nikR, betI, lldR, dcuR, nac, gutM, soxR, rob, narL, soxS, arcA, fnr
340 	 zraR, asnC, puuR, yqjI, nikR, lldR, dcuR, nac, soxR, rob, narL, soxS, arcA, fnr
341 	 zraR, asnC, puuR, yqjI, fucR, nikR, lldR, dcuR, nac, soxR, rob, narL, soxS, arcA, fnr
342 	 zraR, asnC, puuR, yqjI, fucR, nikR, lldR, dcuR, nac, soxR, rob, narL, soxS, arcA, fnr
344 	 zraR, asnC, puuR, yqjI, fucR, nikR, lldR, dcuR, nac, soxR, rob, narL, soxS, arcA, fnr
345 	 zraR, asnC, puuR, yqjI, nikR, lldR, dcuR, nac, soxR, rob, narL, soxS, arcA, fnr
346 	 zraR, asnC, puuR, yqjI, fucR, nikR, lldR, dcuR, nac, soxR, rob, narL, soxS, arcA, fnr
350 	 zraR, asnC, puuR, yqjI, nikR, betI, lldR, dcuR, nac, soxR, rob, narL, soxS, arcA, fnr
351 	 zraR, asnC, puuR, yqjI, nikR, betI, lldR, dcuR, nac, soxR, rob, narL, soxS, arcA, fnr
352 	 zraR, asnC, puuR, yqjI, fucR, nikR, betI, lldR, dcuR, nac, soxR, rob, narL, soxS, arcA, fnr
353 	 zraR, asnC, puuR, yqjI, fucR, nikR, betI, lldR, dcuR, nac, soxR, rob, narL, soxS, arcA, fnr
354 	 zraR, asnC, puuR, yqjI, fucR, nikR, betI, lldR, dcuR, nac, soxR, rob, narL, soxS, arcA, fnr
355 	 zraR, asnC, puuR, yqjI, fucR, nikR, betI, lldR, dcuR, nac, soxR, rob, narL, soxS, arcA, fnr
357 	 zraR, asnC, puuR, yqjI, nikR, lldR, dcuR, nac, gutM, soxR, rob, narL, soxS, arcA, fnr
388 	 zraR, asnC, puuR, yqjI, nikR, lldR, dcuR, nac, gutM, soxR, rob, narL, soxS, arcA, fnr
389 	 zraR, asnC, puuR, yqjI, nikR, lldR, dcuR, nac, gutM, soxR, rob, narL, soxS, arcA, fnr
390 	 zraR, asnC, puuR, yqjI, fucR, nikR, lldR, dcuR, nac, gutM, soxR, rob, narL, soxS, arcA, fnr
391 	 zraR, asnC, puuR, yqjI, fucR, nikR, lldR, dcuR, nac, gutM, soxR, rob, narL, soxS, arcA, fnr
392 	 zraR, asnC, puuR, yqjI, nikR, lldR, dcuR, nac, gutM, soxR, rob, narL, soxS, arcA, fnr
393 	 zraR, asnC, puuR, yqjI, fucR, nikR, lldR, dcuR, nac, gutM, soxR, rob, narL, soxS, arcA, fnr
394 	 zraR, asnC, puuR, yqjI, fucR, nikR, lldR, dcuR, nac, gutM, soxR, rob, narL, soxS, arcA, fnr
395 	 zraR, asnC, puuR, yqjI, nikR, lldR, dcuR, nac, gutM, soxR, rob, narL, soxS, arcA, fnr
396 	 zraR, asnC, puuR, yqjI, nikR, lldR, dcuR, nac, gutM, soxR, rob, narL, soxS, arcA, fnr
397 	 zraR, asnC, puuR, yqjI, fucR, nikR, lldR, dcuR, nac, gutM, soxR, rob, narL, soxS, arcA, fnr
398 	 zraR, asnC, puuR, yqjI, nikR, lldR, dcuR, nac, gutM, soxR, rob, narL, soxS, arcA, fnr
399 	 zraR, asnC, puuR, yqjI, nikR, lldR, dcuR, nac, gutM, soxR, rob, narL, soxS, arcA, fnr
400 	 zraR, asnC, puuR, yqjI, fucR, nikR, lldR, dcuR, nac, gutM, soxR, rob, narL, soxS, arcA, fnr
401 	 zraR, asnC, puuR, yqjI, fucR, nikR, lldR, dcuR, nac, gutM, soxR, rob, narL, soxS, arcA, fnr
402 	 zraR, asnC, puuR, yqjI, fucR, nikR, lldR, dcuR, nac, gutM, soxR, rob, narL, soxS, arcA, fnr
403 	 zraR, asnC, puuR, yqjI, nikR, betI, lldR, dcuR, nac, gutM, soxR, rob, narL, soxS, arcA, fnr
404 	 zraR, asnC, puuR, yqjI, nikR, betI, lldR, dcuR, nac, gutM, soxR, rob, narL, soxS, arcA, fnr
427 	 zraR, asnC, puuR, nikR, betI, lldR, dcuR, gutM, soxS, fnr
428 	 zraR, asnC, puuR, nikR, betI, lldR, dcuR, gutM, soxS, fnr
429 	 zraR, asnC, puuR, nikR, betI, lldR, dcuR, gutM, soxS, fnr
430 	 zraR, asnC, puuR, fucR, nikR, betI, lldR, dcuR, gutM, soxS, fnr
431 	 zraR, asnC, puuR, nikR, betI, lldR, dcuR, gutM, soxS, fnr
432 	 zraR, asnC, puuR, fucR, nikR, betI, lldR, dcuR, gutM, soxS, fnr
433 	 zraR, asnC, puuR, fucR, nikR, betI, lldR, dcuR, gutM, soxS, fnr
434 	 zraR, asnC, puuR, nikR, betI, lldR, dcuR, gutM, soxS, fnr
435 	 zraR, asnC, puuR, fucR, nikR, betI, lldR, dcuR, gutM, soxS, fnr
436 	 zraR, asnC, puuR, nikR, betI, lldR, dcuR, gutM, soxS, fnr
437 	 zraR, asnC, puuR, fucR, nikR, betI, lldR, dcuR, gutM, soxS, fnr
438 	 zraR, asnC, puuR, fucR, nikR, betI, lldR, dcuR, gutM, soxS, fnr
439 	 zraR, asnC, puuR, fucR, nikR, betI, lldR, dcuR, gutM, soxS, fnr
440 	 zraR, asnC, puuR, fucR, nikR, betI, lldR, dcuR, gutM, soxS, fnr
443 	 zraR, asnC, puuR, nikR, lldR, dcuR, soxS, fnr
444 	 zraR, asnC, puuR, fucR, nikR, lldR, dcuR, soxS, fnr
445 	 zraR, asnC, puuR, fucR, nikR, lldR, dcuR, soxS, fnr
446 	 zraR, asnC, puuR, nikR, lldR, dcuR, soxS, fnr
447 	 zraR, asnC, puuR, fucR, nikR, lldR, dcuR, soxS, fnr
448 	 zraR, asnC, puuR, fucR, nikR, lldR, dcuR, soxS, fnr
451 	 zraR, asnC, puuR, nikR, lldR, dcuR, soxS, fnr
452 	 zraR, asnC, puuR, fucR, nikR, lldR, dcuR, soxS, fnr
453 	 zraR, asnC, puuR, fucR, nikR, lldR, dcuR, soxS, fnr
454 	 zraR, asnC, puuR, nikR, lldR, dcuR, soxS, fnr
455 	 zraR, asnC, puuR, fucR, nikR, lldR, dcuR, soxS, fnr
456 	 zraR, asnC, puuR, fucR, nikR, lldR, dcuR, soxS, fnr
461 	 zraR, asnC, puuR, nikR, betI, lldR, dcuR, soxS, fnr
462 	 zraR, asnC, puuR, nikR, betI, lldR, dcuR, soxS, fnr
463 	 zraR, asnC, puuR, nikR, betI, lldR, dcuR, soxS, fnr
464 	 zraR, asnC, puuR, nikR, betI, lldR, dcuR, soxS, fnr
465 	 zraR, asnC, puuR, fucR, nikR, betI, lldR, dcuR, soxS, fnr
466 	 zraR, asnC, puuR, fucR, nikR, betI, lldR, dcuR, soxS, fnr
467 	 zraR, asnC, puuR, fucR, nikR, betI, lldR, dcuR, soxS, fnr
468 	 zraR, asnC, puuR, fucR, nikR, betI, lldR, dcuR, soxS, fnr
469 	 zraR, asnC, puuR, fucR, nikR, betI, lldR, dcuR, soxS, fnr
470 	 zraR, asnC, puuR, fucR, nikR, betI, lldR, dcuR, soxS, fnr
471 	 zraR, asnC, puuR, fucR, nikR, betI, lldR, dcuR, soxS, fnr
472 	 zraR, asnC, puuR, fucR, nikR, betI, lldR, dcuR, soxS, fnr
481 	 zraR, asnC, puuR, nikR, lldR, dcuR, gutM, soxS, fnr
482 	 zraR, asnC, puuR, fucR, nikR, lldR, dcuR, gutM, soxS, fnr
483 	 zraR, asnC, puuR, nikR, lldR, dcuR, gutM, soxS, fnr
484 	 zraR, asnC, puuR, fucR, nikR, lldR, dcuR, gutM, soxS, fnr
485 	 zraR, asnC, puuR, nikR, lldR, dcuR, gutM, soxS, fnr
486 	 zraR, asnC, puuR, fucR, nikR, lldR, dcuR, gutM, soxS, fnr
487 	 zraR, asnC, puuR, nikR, lldR, dcuR, gutM, soxS, fnr
488 	 zraR, asnC, puuR, fucR, nikR, lldR, dcuR, gutM, soxS, fnr
489 	 zraR, asnC, puuR, nikR, betI, lldR, dcuR, gutM, soxS, fnr
490 	 zraR, asnC, puuR, nikR, betI, lldR, dcuR, gutM, soxS, fnr
491 	 zraR, asnC, puuR, nikR, betI, lldR, dcuR, gutM, soxS, fnr
492 	 zraR, asnC, puuR, fucR, nikR, betI, lldR, dcuR, gutM, soxS, fnr
493 	 zraR, asnC, puuR, nikR, betI, lldR, dcuR, gutM, soxS, fnr
494 	 zraR, asnC, puuR, fucR, nikR, betI, lldR, dcuR, gutM, soxS, fnr
495 	 zraR, asnC, puuR, fucR, nikR, betI, lldR, dcuR, gutM, soxS, fnr
496 	 zraR, asnC, puuR, fucR, nikR, betI, lldR, dcuR, gutM, soxS, fnr
498 	 zraR, asnC, puuR, fucR, nikR, lldR, dcuR, soxS, fnr
499 	 zraR, asnC, puuR, nikR, lldR, dcuR, soxS, fnr
500 	 zraR, asnC, puuR, fucR, nikR, lldR, dcuR, soxS, fnr
502 	 zraR, asnC, puuR, fucR, nikR, lldR, dcuR, soxS, fnr
503 	 zraR, asnC, puuR, nikR, lldR, dcuR, soxS, fnr
504 	 zraR, asnC, puuR, fucR, nikR, lldR, dcuR, soxS, fnr
507 	 zraR, asnC, puuR, fucR, nikR, betI, lldR, dcuR, soxS, fnr
508 	 zraR, asnC, puuR, fucR, nikR, betI, lldR, dcuR, soxS, fnr
509 	 zraR, asnC, puuR, nikR, betI, lldR, dcuR, soxS, fnr
510 	 zraR, asnC, puuR, nikR, betI, lldR, dcuR, soxS, fnr
511 	 zraR, asnC, puuR, fucR, nikR, betI, lldR, dcuR, soxS, fnr
512 	 zraR, asnC, puuR, fucR, nikR, betI, lldR, dcuR, soxS, fnr
513 	 zraR, asnC, puuR, melR, nikR, lldR, dcuR, gutM, soxS, fnr
514 	 zraR, asnC, puuR, melR, nikR, lldR, dcuR, gutM, soxS, fnr
515 	 zraR, asnC, puuR, melR, fucR, nikR, lldR, dcuR, gutM, soxS, fnr
516 	 zraR, asnC, puuR, melR, fucR, nikR, lldR, dcuR, gutM, soxS, fnr
517 	 zraR, asnC, puuR, melR, nikR, lldR, dcuR, gutM, soxS, fnr
518 	 zraR, asnC, puuR, melR, nikR, lldR, dcuR, gutM, soxS, fnr
519 	 zraR, asnC, puuR, melR, fucR, nikR, lldR, dcuR, gutM, soxS, fnr
520 	 zraR, asnC, puuR, melR, nikR, lldR, dcuR, gutM, soxS, fnr
521 	 zraR, asnC, puuR, melR, nikR, lldR, dcuR, gutM, soxS, fnr
522 	 zraR, asnC, puuR, melR, fucR, nikR, lldR, dcuR, gutM, soxS, fnr
523 	 zraR, asnC, puuR, melR, fucR, nikR, lldR, dcuR, gutM, soxS, fnr
524 	 zraR, asnC, puuR, melR, fucR, nikR, lldR, dcuR, gutM, soxS, fnr
525 	 zraR, asnC, puuR, melR, nikR, lldR, dcuR, gutM, soxS, fnr
526 	 zraR, melR, yqjI, fucR, nikR, dcuR, nac, gutM, soxR, rob, narL, arcA
527 	 zraR, asnC, puuR, melR, nikR, lldR, dcuR, gutM, soxS, fnr
528 	 zraR, asnC, puuR, melR, fucR, nikR, lldR, dcuR, gutM, soxS, fnr
529 	 zraR, asnC, puuR, melR, nikR, lldR, dcuR, gutM, soxS, fnr
530 	 zraR, asnC, puuR, melR, nikR, lldR, dcuR, soxS, fnr
531 	 zraR, asnC, puuR, melR, nikR, lldR, dcuR, gutM, soxS, fnr
532 	 zraR, asnC, puuR, melR, fucR, nikR, lldR, dcuR, soxS, fnr
533 	 zraR, asnC, puuR, melR, fucR, nikR, lldR, dcuR, gutM, soxS, fnr
534 	 zraR, asnC, puuR, melR, nikR, lldR, dcuR, soxS, fnr
535 	 zraR, asnC, puuR, melR, fucR, nikR, lldR, dcuR, gutM, soxS, fnr
536 	 zraR, asnC, puuR, melR, fucR, nikR, lldR, dcuR, soxS, fnr
537 	 zraR, asnC, puuR, melR, nikR, lldR, dcuR, gutM, soxS, fnr
538 	 zraR, asnC, puuR, melR, nikR, lldR, dcuR, soxS, fnr
539 	 zraR, asnC, puuR, melR, fucR, nikR, lldR, dcuR, gutM, soxS, fnr
540 	 zraR, asnC, puuR, melR, nikR, lldR, dcuR, soxS, fnr
541 	 zraR, asnC, puuR, melR, nikR, lldR, dcuR, gutM, soxS, fnr
542 	 zraR, asnC, puuR, melR, fucR, nikR, lldR, dcuR, soxS, fnr
543 	 zraR, asnC, puuR, melR, fucR, nikR, lldR, dcuR, gutM, soxS, fnr
544 	 zraR, asnC, puuR, melR, fucR, nikR, lldR, dcuR, soxS, fnr
545 	 zraR, asnC, puuR, melR, nikR, lldR, dcuR, gutM, soxS, fnr
546 	 zraR, asnC, puuR, melR, nikR, lldR, dcuR, soxS, fnr
547 	 zraR, asnC, puuR, melR, nikR, lldR, dcuR, gutM, soxS, fnr
548 	 zraR, asnC, puuR, melR, fucR, nikR, lldR, dcuR, soxS, fnr
549 	 zraR, asnC, puuR, melR, fucR, nikR, lldR, dcuR, gutM, soxS, fnr
550 	 zraR, asnC, puuR, melR, nikR, lldR, dcuR, soxS, fnr
551 	 zraR, asnC, puuR, melR, fucR, nikR, lldR, dcuR, gutM, soxS, fnr
552 	 zraR, asnC, puuR, melR, fucR, nikR, lldR, dcuR, soxS, fnr
553 	 zraR, asnC, puuR, melR, nikR, lldR, dcuR, gutM, soxS, fnr
554 	 zraR, asnC, puuR, melR, nikR, lldR, dcuR, soxS, fnr
555 	 zraR, asnC, puuR, melR, fucR, nikR, lldR, dcuR, gutM, soxS, fnr
556 	 zraR, asnC, puuR, melR, nikR, lldR, dcuR, soxS, fnr
557 	 zraR, asnC, puuR, melR, nikR, lldR, dcuR, gutM, soxS, fnr
558 	 zraR, asnC, puuR, melR, fucR, nikR, lldR, dcuR, soxS, fnr
559 	 zraR, asnC, puuR, melR, fucR, nikR, lldR, dcuR, gutM, soxS, fnr
560 	 zraR, asnC, puuR, melR, fucR, nikR, lldR, dcuR, soxS, fnr
561 	 zraR, asnC, puuR, melR, nikR, betI, lldR, dcuR, gutM, soxS, fnr
562 	 zraR, asnC, puuR, melR, nikR, lldR, dcuR, soxS, fnr
563 	 zraR, asnC, puuR, melR, fucR, nikR, lldR, dcuR, soxS, fnr
564 	 zraR, asnC, puuR, melR, nikR, lldR, dcuR, soxS, fnr
565 	 zraR, asnC, puuR, melR, fucR, nikR, lldR, dcuR, soxS, fnr
566 	 zraR, asnC, puuR, melR, nikR, lldR, dcuR, soxS, fnr
567 	 zraR, asnC, puuR, melR, fucR, nikR, lldR, dcuR, soxS, fnr
568 	 zraR, asnC, puuR, melR, nikR, lldR, dcuR, soxS, fnr
569 	 zraR, asnC, puuR, melR, fucR, nikR, lldR, dcuR, soxS, fnr
570 	 zraR, asnC, puuR, melR, nikR, lldR, dcuR, soxS, fnr
571 	 zraR, asnC, puuR, melR, fucR, nikR, lldR, dcuR, soxS, fnr
572 	 zraR, asnC, puuR, melR, nikR, lldR, dcuR, soxS, fnr
573 	 zraR, asnC, puuR, melR, fucR, nikR, lldR, dcuR, soxS, fnr
574 	 zraR, asnC, puuR, melR, nikR, lldR, dcuR, soxS, fnr
575 	 zraR, asnC, puuR, melR, fucR, nikR, lldR, dcuR, soxS, fnr
576 	 zraR, asnC, puuR, melR, nikR, lldR, dcuR, soxS, fnr
577 	 zraR, asnC, puuR, melR, fucR, nikR, lldR, dcuR, soxS, fnr
578 	 zraR, asnC, puuR, melR, nikR, betI, lldR, dcuR, gutM, soxS, fnr
579 	 zraR, asnC, puuR, melR, nikR, betI, lldR, dcuR, gutM, soxS, fnr
580 	 zraR, asnC, puuR, melR, nikR, betI, lldR, dcuR, gutM, soxS, fnr
581 	 zraR, asnC, puuR, melR, fucR, nikR, betI, lldR, dcuR, gutM, soxS, fnr
582 	 zraR, asnC, puuR, melR, fucR, nikR, betI, lldR, dcuR, gutM, soxS, fnr
583 	 zraR, asnC, puuR, melR, fucR, nikR, betI, lldR, dcuR, gutM, soxS, fnr
584 	 zraR, asnC, puuR, melR, yqjI, fucR, nikR, betI, lldR, dcuR, nac, gutM, soxR, rob, narL, soxS, arcA, fnr
585 	 zraR, asnC, puuR, melR, nikR, betI, lldR, dcuR, gutM, soxS, fnr
586 	 zraR, asnC, puuR, melR, nikR, betI, lldR, dcuR, gutM, soxS, fnr
587 	 zraR, asnC, puuR, melR, fucR, nikR, betI, lldR, dcuR, gutM, soxS, fnr
588 	 zraR, asnC, puuR, melR, nikR, betI, lldR, dcuR, gutM, soxS, fnr
589 	 zraR, asnC, puuR, melR, fucR, nikR, betI, lldR, dcuR, gutM, soxS, fnr
590 	 zraR, asnC, puuR, melR, fucR, nikR, betI, lldR, dcuR, gutM, soxS, fnr
591 	 zraR, asnC, puuR, melR, nikR, betI, lldR, dcuR, gutM, soxS, fnr
592 	 zraR, asnC, puuR, melR, fucR, nikR, betI, lldR, dcuR, gutM, soxS, fnr
593 	 zraR, asnC, puuR, melR, nikR, betI, lldR, dcuR, gutM, soxS, fnr
594 	 zraR, asnC, puuR, melR, nikR, betI, lldR, dcuR, gutM, soxS, fnr
595 	 zraR, asnC, puuR, melR, nikR, betI, lldR, dcuR, gutM, soxS, fnr
596 	 zraR, asnC, puuR, melR, nikR, betI, lldR, dcuR, gutM, soxS, fnr
597 	 zraR, asnC, puuR, melR, fucR, nikR, betI, lldR, dcuR, gutM, soxS, fnr
598 	 zraR, asnC, puuR, melR, fucR, nikR, betI, lldR, dcuR, gutM, soxS, fnr
599 	 zraR, asnC, puuR, melR, fucR, nikR, betI, lldR, dcuR, gutM, soxS, fnr
600 	 zraR, asnC, puuR, melR, fucR, nikR, betI, lldR, dcuR, gutM, soxS, fnr
601 	 zraR, asnC, puuR, melR, nikR, betI, lldR, dcuR, gutM, soxS, fnr
602 	 zraR, asnC, puuR, melR, nikR, betI, lldR, dcuR, gutM, soxS, fnr
603 	 zraR, asnC, puuR, melR, nikR, betI, lldR, dcuR, gutM, soxS, fnr
604 	 zraR, asnC, puuR, melR, nikR, betI, lldR, dcuR, gutM, soxS, fnr
605 	 zraR, asnC, puuR, melR, fucR, nikR, betI, lldR, dcuR, gutM, soxS, fnr
606 	 zraR, asnC, puuR, melR, fucR, nikR, betI, lldR, dcuR, gutM, soxS, fnr
607 	 zraR, asnC, puuR, melR, fucR, nikR, betI, lldR, dcuR, gutM, soxS, fnr
608 	 zraR, asnC, puuR, melR, fucR, nikR, betI, lldR, dcuR, gutM, soxS, fnr
609 	 zraR, asnC, puuR, melR, nikR, betI, lldR, dcuR, soxS, fnr
610 	 zraR, asnC, puuR, melR, nikR, betI, lldR, dcuR, soxS, fnr
611 	 zraR, asnC, puuR, melR, nikR, betI, lldR, dcuR, soxS, fnr
612 	 zraR, asnC, puuR, melR, fucR, nikR, betI, lldR, dcuR, soxS, fnr
613 	 zraR, asnC, puuR, melR, nikR, betI, lldR, dcuR, soxS, fnr
614 	 zraR, asnC, puuR, melR, fucR, nikR, betI, lldR, dcuR, soxS, fnr
615 	 zraR, asnC, puuR, melR, fucR, nikR, betI, lldR, dcuR, soxS, fnr
616 	 zraR, asnC, puuR, melR, fucR, nikR, betI, lldR, dcuR, soxS, fnr
617 	 zraR, asnC, puuR, melR, nikR, betI, lldR, dcuR, soxS, fnr
618 	 zraR, asnC, puuR, melR, nikR, betI, lldR, dcuR, soxS, fnr
619 	 zraR, asnC, puuR, melR, fucR, nikR, betI, lldR, dcuR, soxS, fnr
620 	 zraR, asnC, puuR, melR, nikR, betI, lldR, dcuR, soxS, fnr
621 	 zraR, asnC, puuR, melR, nikR, betI, lldR, dcuR, soxS, fnr
622 	 zraR, asnC, puuR, melR, fucR, nikR, betI, lldR, dcuR, soxS, fnr
623 	 zraR, asnC, puuR, melR, nikR, betI, lldR, dcuR, soxS, fnr
624 	 zraR, asnC, puuR, melR, nikR, betI, lldR, dcuR, soxS, fnr
625 	 zraR, asnC, puuR, melR, fucR, nikR, betI, lldR, dcuR, soxS, fnr
626 	 zraR, asnC, puuR, melR, nikR, betI, lldR, dcuR, soxS, fnr
627 	 zraR, asnC, puuR, melR, fucR, nikR, betI, lldR, dcuR, soxS, fnr
628 	 zraR, asnC, puuR, melR, fucR, nikR, betI, lldR, dcuR, soxS, fnr
629 	 zraR, asnC, puuR, melR, nikR, betI, lldR, dcuR, soxS, fnr
630 	 zraR, asnC, puuR, melR, fucR, nikR, betI, lldR, dcuR, soxS, fnr
631 	 zraR, asnC, puuR, melR, fucR, nikR, betI, lldR, dcuR, soxS, fnr
632 	 zraR, asnC, puuR, melR, fucR, nikR, betI, lldR, dcuR, soxS, fnr
633 	 zraR, asnC, puuR, melR, nikR, betI, lldR, dcuR, soxS, fnr
634 	 zraR, asnC, puuR, melR, fucR, nikR, betI, lldR, dcuR, soxS, fnr
635 	 zraR, asnC, puuR, melR, nikR, betI, lldR, dcuR, soxS, fnr
636 	 zraR, asnC, puuR, melR, nikR, betI, lldR, dcuR, soxS, fnr
637 	 zraR, asnC, puuR, melR, fucR, nikR, betI, lldR, dcuR, soxS, fnr
638 	 zraR, asnC, puuR, melR, nikR, betI, lldR, dcuR, soxS, fnr
639 	 zraR, asnC, puuR, melR, fucR, nikR, betI, lldR, dcuR, soxS, fnr
640 	 zraR, asnC, puuR, melR, fucR, nikR, betI, lldR, dcuR, soxS, fnr
