4 	 zraR, csgD
5 	 zraR, csgD
6 	 zraR, csgD
7 	 zraR, csgD
8 	 zraR, csgD
10 	 zraR, csgD
11 	 zraR, csgD
13 	 zraR, csgD
14 	 zraR, csgD
16 	 zraR, csgD
17 	 zraR, csgD
19 	 zraR, csgD
20 	 zraR, csgD
22 	 zraR, csgD
23 	 zraR, csgD
24 	 zraR, csgD
26 	 zraR, csgD
27 	 zraR, csgD
28 	 zraR, csgD
29 	 zraR, csgD
30 	 zraR, csgD
32 	 zraR, csgD
33 	 zraR, csgD
35 	 zraR, csgD
36 	 zraR, csgD
37 	 zraR, csgD
38 	 zraR, csgD
39 	 zraR, csgD
42 	 zraR, csgD
46 	 zraR, csgD
47 	 zraR, csgD
49 	 zraR, csgD
55 	 zraR, csgD
56 	 zraR, csgD
58 	 zraR, csgD
62 	 zraR, csgD
66 	 zraR, csgD
70 	 zraR, csgD
75 	 zraR, csgD
76 	 zraR, csgD
77 	 zraR, csgD
83 	 zraR, csgD
89 	 zraR, csgD
91 	 zraR, csgD
94 	 zraR, csgD
100 	 zraR, csgD
104 	 zraR, csgD
105 	 zraR, csgD
106 	 zraR, csgD
107 	 zraR, csgD
118 	 zraR, csgD
121 	 zraR, csgD
127 	 zraR, csgD
136 	 zraR, csgD
139 	 zraR, csgD
141 	 zraR, csgD
148 	 zraR, csgD
156 	 zraR, csgD
163 	 zraR, csgD
472 	 zraR, csgD
475 	 zraR, csgD
478 	 zraR, csgD
482 	 zraR, csgD
484 	 zraR, csgD
