9 	 zraR, melR, lldR, narL, arcA, fnr
11 	 zraR, idnR, lldR, fnr
13 	 zraR, melR, lldR, fnr
14 	 zraR, idnR
15 	 zraR, melR, lldR, fnr
16 	 zraR, idnR, nikR, narL, arcA
17 	 zraR, melR, idnR, lldR, fnr
20 	 zraR, idnR, lldR, fnr
21 	 zraR, idnR, lldR, fnr
22 	 zraR, melR, idnR
25 	 zraR, melR, lldR, fnr
26 	 zraR, melR, idnR
27 	 zraR, idnR, lldR, fnr
29 	 zraR, melR, idnR, lldR, fnr
31 	 zraR, melR
34 	 zraR, idnR, lldR, fnr
35 	 zraR, melR, idnR
36 	 zraR, melR, lldR, fnr
38 	 zraR, melR, idnR, lldR, fnr
39 	 zraR, idnR
40 	 zraR, idnR
41 	 zraR, idnR, lldR, fnr
43 	 zraR, melR
45 	 zraR, melR, idnR
46 	 zraR, idnR, lldR, fnr
47 	 zraR, idnR
49 	 zraR, idnR
50 	 zraR, melR, lldR, fnr
52 	 zraR, idnR, lldR, fnr
53 	 zraR, idnR
54 	 zraR, idnR, lldR, fnr
55 	 zraR, melR, idnR
57 	 zraR, idnR
58 	 zraR, idnR, lldR, fnr
59 	 zraR, idnR
61 	 zraR, idnR
62 	 zraR, idnR, lldR, fnr
66 	 zraR, melR, lldR, fnr
68 	 zraR, idnR, lldR, fnr
70 	 zraR, melR, idnR, lldR, fnr
71 	 zraR, idnR
73 	 zraR, idnR
75 	 zraR, melR
76 	 zraR, idnR, lldR, fnr
77 	 zraR, idnR
78 	 zraR, idnR, lldR, fnr
79 	 zraR, idnR
80 	 zraR, idnR, lldR, fnr
81 	 zraR, melR
84 	 zraR, melR, lldR, fnr
85 	 zraR, melR
86 	 zraR, idnR, lldR, fnr
87 	 zraR, melR
88 	 zraR, idnR, lldR, fnr
89 	 zraR, melR, idnR
94 	 zraR, melR, idnR, lldR, fnr
95 	 zraR, idnR
96 	 zraR, idnR, lldR, fnr
97 	 zraR, melR
98 	 zraR, idnR, lldR, fnr
99 	 zraR, melR, idnR
100 	 zraR, idnR, lldR, fnr
101 	 zraR, melR, idnR
102 	 zraR, idnR, lldR, fnr
103 	 zraR, melR
105 	 zraR, melR, idnR
107 	 zraR, melR
109 	 zraR, melR, idnR
111 	 zraR, melR
112 	 zraR, idnR, lldR, fnr
113 	 zraR, melR, idnR
114 	 zraR, idnR
115 	 zraR, idnR
116 	 zraR, idnR, lldR, fnr
117 	 zraR, melR
119 	 zraR, melR, lldR, fnr
120 	 zraR, melR, idnR
122 	 zraR, melR, idnR, lldR, fnr
124 	 zraR, melR, idnR, lldR, fnr
126 	 zraR, melR, idnR, lldR, fnr
128 	 zraR, melR, lldR, fnr
129 	 zraR, idnR
130 	 zraR, melR, lldR, fnr
131 	 zraR, idnR
132 	 zraR, melR, lldR, fnr
133 	 zraR, idnR
134 	 zraR, melR, lldR, fnr
135 	 zraR, idnR
136 	 zraR, melR, idnR, lldR, fnr
138 	 zraR, melR, idnR, lldR, fnr
140 	 zraR, melR, idnR, lldR, fnr
142 	 zraR, melR, idnR, lldR, fnr
144 	 zraR, melR, lldR, fnr
145 	 zraR, idnR
146 	 zraR, melR, lldR, fnr
147 	 zraR, idnR
148 	 zraR, melR, lldR, fnr
149 	 zraR, idnR
150 	 zraR, melR, lldR, fnr
151 	 zraR, idnR
152 	 zraR, melR, idnR, lldR, fnr
154 	 zraR, melR, idnR, lldR, fnr
156 	 zraR, melR, idnR, lldR, fnr
158 	 zraR, melR, idnR, lldR, fnr
159 	 zraR, idnR
160 	 zraR, melR, lldR, fnr
161 	 zraR, idnR
162 	 zraR, melR, lldR, fnr
163 	 zraR, idnR
164 	 zraR, melR, lldR, fnr
165 	 zraR, idnR
166 	 zraR, melR, lldR, fnr
168 	 zraR, melR, idnR, lldR, fnr
170 	 zraR, melR, idnR, lldR, fnr
172 	 zraR, melR, idnR, lldR, fnr
174 	 zraR, melR, idnR, lldR, fnr
175 	 zraR, idnR
176 	 zraR, idnR, lldR, fnr
177 	 zraR, idnR
178 	 zraR, idnR, lldR, fnr
181 	 zraR, idnR
182 	 zraR, idnR, lldR, fnr
183 	 zraR, idnR
184 	 zraR, idnR, lldR, fnr
189 	 zraR, idnR
190 	 zraR, idnR, lldR, fnr
191 	 zraR, idnR
192 	 zraR, idnR, lldR, fnr
193 	 zraR, melR, lldR, fnr
194 	 zraR, melR
195 	 zraR, melR
196 	 zraR, melR, lldR, fnr
197 	 zraR, melR, idnR
198 	 zraR, melR, idnR, lldR, fnr
199 	 zraR, melR, idnR
200 	 zraR, melR, idnR, lldR, fnr
201 	 zraR, melR
202 	 zraR, melR, lldR, fnr
203 	 zraR, melR
204 	 zraR, melR, lldR, fnr
205 	 zraR, melR, idnR
206 	 zraR, melR, idnR, lldR, fnr
207 	 zraR, melR, idnR
208 	 zraR, melR, idnR, lldR, fnr
209 	 zraR, melR
210 	 zraR, melR, lldR, fnr
211 	 zraR, melR
212 	 zraR, melR, lldR, fnr
213 	 zraR, melR
214 	 zraR, melR, lldR, fnr
215 	 zraR, melR
216 	 zraR, melR, lldR, fnr
217 	 zraR, melR, idnR
218 	 zraR, melR, idnR, lldR, fnr
219 	 zraR, melR, idnR
220 	 zraR, melR, idnR, lldR, fnr
221 	 zraR, melR, idnR
222 	 zraR, melR, idnR, lldR, fnr
223 	 zraR, melR, idnR
224 	 zraR, melR, idnR, lldR, fnr
225 	 zraR, melR
226 	 zraR, melR, lldR, fnr
227 	 zraR, melR
228 	 zraR, melR, lldR, fnr
229 	 zraR, melR
230 	 zraR, melR, lldR, fnr
231 	 zraR, melR
232 	 zraR, melR, lldR, fnr
233 	 zraR, melR, idnR
234 	 zraR, melR, idnR, lldR, fnr
235 	 zraR, melR, idnR
236 	 zraR, melR, idnR, lldR, fnr
237 	 zraR, melR, idnR
238 	 zraR, melR, idnR, lldR, fnr
239 	 zraR, melR, idnR
240 	 zraR, melR, idnR, lldR, fnr
241 	 zraR, melR
242 	 zraR, melR, lldR, fnr
243 	 zraR, melR
244 	 zraR, melR, lldR, fnr
245 	 zraR, melR, idnR
246 	 zraR, melR, idnR, lldR, fnr
247 	 zraR, melR, idnR
248 	 zraR, melR, idnR, lldR, fnr
249 	 zraR, melR
250 	 zraR, melR, lldR, fnr
251 	 zraR, melR
252 	 zraR, melR, lldR, fnr
253 	 zraR, melR, idnR
254 	 zraR, melR, idnR, lldR, fnr
255 	 zraR, melR, idnR
256 	 zraR, melR, idnR, lldR, fnr
