1 	 cadC
4 	 fhlA, uxuR, cadC, dpiA
5 	 fhlA, uxuR, dpiA
7 	 cadC
8 	 cadC
9 	 leuO, evgA, bglJ, ydeO, fhlA, uxuR, cadC, nhaR, dpiA
10 	 leuO, evgA, bglJ, ydeO, fhlA, uxuR, cadC, nhaR, dpiA
11 	 leuO, evgA, bglJ, ydeO, fhlA, uxuR, nhaR, dpiA
12 	 leuO, evgA, bglJ, ydeO, fhlA, uxuR, cadC, dpiA
13 	 leuO, evgA, bglJ, ydeO, uxuR, cadC, nhaR, dpiA
14 	 leuO, evgA, bglJ, ydeO, fhlA, uxuR, exuR, cadC, nhaR, dpiA
15 	 leuO, evgA, bglJ, ydeO, uxuR, nhaR, dpiA
16 	 leuO, evgA, bglJ, ydeO, fhlA, uxuR, cadC, dpiA
17 	 leuO, evgA, bglJ, ydeO, fhlA, uxuR, cadC, nhaR
18 	 leuO, evgA, bglJ, ydeO, fhlA, uxuR, cadC, fucR, nhaR, dpiA
19 	 leuO, evgA, bglJ, ydeO, uxuR, cadC, dpiA
20 	 leuO, evgA, bglJ, ydeO, fhlA, uxuR, cadC, nhaR, dpiA
21 	 leuO, evgA, bglJ, ydeO, uxuR, cadC, nhaR
22 	 leuO, evgA, bglJ, ydeO, fhlA, uxuR, exuR, cadC, nhaR, dpiA
23 	 leuO, bglJ, ydeO, fhlA, uxuR, cadC, nhaR, dpiA
24 	 leuO, evgA, bglJ, ydeO, fhlA, uxuR, cadC, fucR, dpiA
25 	 evgA, ydeO, fhlA, uxuR, cadC, nhaR, dpiA
26 	 leuO, evgA, bglJ, ydeO, fhlA, uxuR, cadC
27 	 leuO, evgA, bglJ, ydeO, uxuR, exuR, cadC, nhaR, dpiA
28 	 leuO, evgA, bglJ, ydeO, fhlA, cadC, nhaR, dpiA
29 	 leuO, evgA, bglJ, ydeO, fhlA, uxuR, exuR, cadC, fucR, nhaR, dpiA
30 	 leuO, evgA, bglJ, ydeO, fhlA, uxuR, cadC, nhaR
31 	 leuO, bglJ, ydeO, fhlA, uxuR, exuR, cadC, nhaR, dpiA
32 	 evgA, ydeO, fhlA, uxuR, cadC, dpiA
33 	 leuO, evgA, bglJ, ydeO, fhlA, uxuR, exuR, cadC, dpiA
34 	 evgA, ydeO, fhlA, uxuR, cadC, nhaR, dpiA
35 	 leuO, evgA, bglJ, ydeO, fhlA, uxuR, exuR, cadC, dpiA
36 	 evgA, ydeO, fhlA, uxuR, cadC, dpiA
37 	 leuO, evgA, bglJ, ydeO, uxuR, cadC, nhaR, dpiA
38 	 leuO, evgA, bglJ, ydeO, fhlA, cadC, dpiA
39 	 leuO, evgA, bglJ, ydeO, fhlA, uxuR, cadC, fucR, nhaR, dpiA
40 	 leuO, bglJ, ydeO, fhlA, uxuR, cadC, nhaR, dpiA
41 	 leuO, evgA, bglJ, ydeO, fhlA, uxuR, cadC
42 	 leuO, evgA, bglJ, ydeO, fhlA, uxuR, nhaR, dpiA
43 	 leuO, evgA, bglJ, ydeO, fhlA, uxuR, cadC, fucR, dpiA
44 	 leuO, evgA, bglJ, ydeO, fhlA, uxuR, cadC, nhaR, dpiA
45 	 leuO, bglJ, ydeO, fhlA, uxuR, cadC, dpiA
46 	 leuO, evgA, bglJ, ydeO, fhlA, uxuR, cadC, dpiA
47 	 leuO, evgA, bglJ, ydeO, fhlA, uxuR, exuR, cadC, nhaR
48 	 leuO, evgA, bglJ, ydeO, fhlA, uxuR, cadC, nhaR, dpiA
49 	 leuO, evgA, bglJ, ydeO, uxuR, cadC, dpiA
50 	 leuO, evgA, bglJ, ydeO, fhlA, uxuR, cadC, dpiA
51 	 leuO, bglJ, ydeO, fhlA, uxuR, cadC, dpiA
52 	 leuO, evgA, bglJ, ydeO, fhlA, uxuR, cadC, dpiA
53 	 leuO, evgA, bglJ, ydeO, fhlA, uxuR, exuR, cadC
54 	 evgA, ydeO, fhlA, uxuR, cadC, nhaR, dpiA
55 	 leuO, evgA, bglJ, ydeO, fhlA, uxuR, exuR, cadC, nhaR, dpiA
56 	 evgA, ydeO, fhlA, uxuR, cadC, nhaR, dpiA
57 	 leuO, evgA, bglJ, ydeO, fhlA, uxuR, exuR, cadC, nhaR, dpiA
58 	 evgA, ydeO, fhlA, uxuR, cadC, nhaR, dpiA
59 	 leuO, evgA, bglJ, ydeO, fhlA, uxuR, exuR, cadC, dpiA
60 	 evgA, ydeO, fhlA, uxuR, cadC, dpiA
61 	 leuO, evgA, bglJ, ydeO, fhlA, cadC, nhaR, dpiA
62 	 evgA, ydeO, fhlA, uxuR, cadC, dpiA
63 	 leuO, evgA, bglJ, ydeO, fhlA, uxuR, exuR, cadC, dpiA
64 	 evgA, ydeO, fhlA, uxuR, cadC, dpiA
65 	 leuO, evgA, bglJ, ydeO, fhlA, uxuR, exuR, cadC, nhaR, dpiA
66 	 leuO, evgA, bglJ, ydeO, fhlA, cadC, dpiA
67 	 leuO, evgA, bglJ, ydeO, fhlA, uxuR, exuR, cadC, dpiA
68 	 leuO, evgA, bglJ, ydeO, fhlA, cadC, nhaR, dpiA
69 	 leuO, evgA, bglJ, ydeO, uxuR, cadC, nhaR, dpiA
70 	 leuO, evgA, bglJ, ydeO, fhlA, cadC, nhaR, dpiA
71 	 leuO, evgA, bglJ, ydeO, uxuR, cadC, nhaR, dpiA
72 	 leuO, evgA, bglJ, ydeO, fhlA, cadC, dpiA
73 	 leuO, evgA, bglJ, ydeO, uxuR, cadC, nhaR, dpiA
74 	 leuO, evgA, bglJ, ydeO, fhlA, cadC, dpiA
75 	 leuO, evgA, bglJ, ydeO, uxuR, cadC, dpiA
76 	 leuO, evgA, bglJ, ydeO, fhlA, cadC, nhaR, dpiA
77 	 leuO, evgA, bglJ, ydeO, uxuR, cadC, dpiA
78 	 leuO, evgA, bglJ, ydeO, fhlA, cadC, dpiA
79 	 leuO, evgA, bglJ, ydeO, uxuR, cadC, dpiA
80 	 evgA, ydeO, fhlA, cadC, nhaR, dpiA
81 	 leuO, evgA, bglJ, ydeO, uxuR, exuR, cadC, nhaR, dpiA
82 	 evgA, ydeO, fhlA, cadC, nhaR, dpiA
83 	 leuO, evgA, bglJ, ydeO, uxuR, exuR, cadC, dpiA
84 	 evgA, ydeO, fhlA, cadC, dpiA
85 	 leuO, evgA, bglJ, ydeO, uxuR, exuR, cadC, dpiA
86 	 evgA, ydeO, fhlA, cadC, dpiA
87 	 leuO, evgA, bglJ, ydeO, uxuR, exuR, cadC, nhaR, dpiA
88 	 evgA, ydeO, fhlA, cadC, nhaR, dpiA
89 	 leuO, evgA, bglJ, ydeO, uxuR, exuR, cadC, dpiA
90 	 evgA, ydeO, fhlA, cadC, nhaR, dpiA
91 	 leuO, evgA, bglJ, ydeO, uxuR, exuR, cadC, nhaR, dpiA
92 	 evgA, ydeO, fhlA, cadC, nhaR, dpiA
93 	 leuO, evgA, bglJ, ydeO, uxuR, exuR, cadC, dpiA
94 	 evgA, ydeO, fhlA, uxuR, cadC, fucR, nhaR, dpiA
95 	 leuO, evgA, bglJ, ydeO, fhlA, uxuR, cadC, nhaR
96 	 leuO, bglJ, ydeO, fhlA, uxuR, cadC, nhaR, dpiA
97 	 leuO, evgA, bglJ, ydeO, fhlA, uxuR, cadC
98 	 leuO, bglJ, ydeO, fhlA, uxuR, cadC, dpiA
99 	 leuO, evgA, bglJ, ydeO, fhlA, uxuR, cadC, nhaR
100 	 leuO, bglJ, ydeO, fhlA, uxuR, cadC, nhaR, dpiA
101 	 leuO, evgA, bglJ, ydeO, fhlA, uxuR, cadC
102 	 leuO, bglJ, ydeO, fhlA, uxuR, cadC, dpiA
103 	 leuO, evgA, bglJ, ydeO, fhlA, uxuR, cadC, nhaR
104 	 leuO, bglJ, ydeO, fhlA, uxuR, cadC, nhaR, dpiA
105 	 leuO, evgA, bglJ, ydeO, fhlA, uxuR, cadC
106 	 leuO, bglJ, ydeO, fhlA, uxuR, cadC, dpiA
107 	 leuO, bglJ, ydeO, fhlA, uxuR, cadC, nhaR
108 	 fhlA, uxuR, cadC, nhaR, dpiA
109 	 leuO, bglJ, ydeO, fhlA, uxuR, cadC
110 	 fhlA, uxuR, cadC, dpiA
111 	 leuO, bglJ, ydeO, fhlA, uxuR, cadC, nhaR
112 	 fhlA, uxuR, cadC, nhaR, dpiA
113 	 leuO, bglJ, ydeO, fhlA, uxuR, cadC
114 	 fhlA, uxuR, cadC, nhaR, dpiA
115 	 leuO, bglJ, ydeO, fhlA, uxuR, cadC, nhaR
116 	 fhlA, uxuR, cadC, dpiA
117 	 fhlA, uxuR, cadC, nhaR, dpiA
118 	 fhlA, uxuR, cadC, dpiA
119 	 fhlA, uxuR, cadC, nhaR, dpiA
120 	 fhlA, uxuR, cadC, dpiA
121 	 leuO, bglJ, ydeO, fhlA, uxuR, cadC
122 	 leuO, evgA, bglJ, ydeO, fhlA, uxuR, dpiA
123 	 evgA, ydeO, fhlA, uxuR, cadC, nhaR
124 	 leuO, evgA, bglJ, ydeO, fhlA, uxuR, nhaR, dpiA
125 	 evgA, ydeO, fhlA, uxuR, cadC
126 	 leuO, evgA, bglJ, ydeO, fhlA, uxuR, dpiA
127 	 evgA, ydeO, fhlA, uxuR, cadC, nhaR
128 	 leuO, bglJ, ydeO, fhlA, uxuR, nhaR, dpiA
129 	 evgA, ydeO, fhlA, uxuR, cadC
130 	 leuO, bglJ, ydeO, fhlA, uxuR, dpiA
131 	 fhlA, uxuR, cadC, nhaR
132 	 leuO, bglJ, ydeO, fhlA, uxuR, nhaR, dpiA
133 	 fhlA, uxuR, cadC
134 	 leuO, bglJ, ydeO, fhlA, uxuR, dpiA
135 	 fhlA, uxuR, cadC, nhaR
136 	 evgA, ydeO, fhlA, uxuR, nhaR, dpiA
137 	 fhlA, uxuR, cadC
138 	 evgA, ydeO, fhlA, uxuR, dpiA
139 	 leuO, bglJ, ydeO, fhlA, uxuR, cadC, nhaR
140 	 evgA, ydeO, fhlA, uxuR, nhaR, dpiA
141 	 leuO, bglJ, ydeO, fhlA, uxuR, cadC
142 	 evgA, ydeO, fhlA, uxuR, dpiA
143 	 evgA, ydeO, fhlA, uxuR, cadC, nhaR
144 	 fhlA, uxuR, nhaR, dpiA
145 	 evgA, ydeO, fhlA, uxuR, cadC
146 	 fhlA, uxuR, dpiA
147 	 evgA, ydeO, fhlA, uxuR, cadC, nhaR
148 	 fhlA, uxuR, nhaR, dpiA
149 	 evgA, ydeO, fhlA, uxuR, cadC
150 	 leuO, evgA, bglJ, ydeO, fhlA, uxuR, dpiA
151 	 fhlA, uxuR, cadC, nhaR
152 	 leuO, evgA, bglJ, ydeO, fhlA, uxuR, nhaR, dpiA
153 	 fhlA, uxuR, cadC
154 	 leuO, evgA, bglJ, ydeO, fhlA, uxuR, dpiA
155 	 fhlA, uxuR, cadC, nhaR
156 	 leuO, bglJ, ydeO, fhlA, uxuR, nhaR, dpiA
157 	 fhlA, uxuR, cadC
158 	 leuO, bglJ, ydeO, fhlA, uxuR, dpiA
159 	 leuO, bglJ, ydeO, fhlA, uxuR, cadC, nhaR
160 	 leuO, bglJ, ydeO, fhlA, uxuR, nhaR, dpiA
161 	 leuO, bglJ, ydeO, fhlA, uxuR, cadC
162 	 leuO, bglJ, ydeO, fhlA, uxuR, dpiA
163 	 evgA, ydeO, fhlA, uxuR, cadC, nhaR
164 	 evgA, ydeO, fhlA, uxuR, nhaR, dpiA
165 	 evgA, ydeO, fhlA, uxuR, cadC
166 	 evgA, ydeO, fhlA, uxuR, dpiA
167 	 fhlA, uxuR, cadC, nhaR
168 	 evgA, ydeO, fhlA, uxuR, nhaR, dpiA
169 	 fhlA, uxuR, cadC
170 	 evgA, ydeO, fhlA, uxuR, dpiA
171 	 leuO, evgA, bglJ, ydeO, fhlA, uxuR, cadC, fucR, nhaR, dpiA
172 	 fhlA, uxuR, nhaR, dpiA
173 	 leuO, evgA, bglJ, ydeO, fhlA, uxuR, cadC, fucR, dpiA
174 	 fhlA, uxuR, dpiA
175 	 fhlA, uxuR, nhaR, dpiA
176 	 fhlA, uxuR, dpiA
177 	 leuO, evgA, bglJ, ydeO, fhlA, uxuR, nhaR, dpiA
178 	 leuO, evgA, bglJ, ydeO, fhlA, uxuR, dpiA
179 	 leuO, bglJ, ydeO, fhlA, uxuR, nhaR, dpiA
180 	 leuO, bglJ, ydeO, fhlA, uxuR, dpiA
181 	 evgA, ydeO, fhlA, uxuR, nhaR, dpiA
182 	 evgA, ydeO, fhlA, uxuR, dpiA
183 	 fhlA, uxuR, nhaR, dpiA
184 	 fhlA, uxuR, dpiA
185 	 leuO, evgA, bglJ, ydeO, fhlA, uxuR, nhaR
186 	 leuO, bglJ, ydeO, fhlA, uxuR, exuR, cadC, dpiA
187 	 leuO, evgA, bglJ, ydeO, fhlA, uxuR
188 	 leuO, bglJ, ydeO, fhlA, uxuR, exuR, cadC, nhaR, dpiA
189 	 leuO, evgA, bglJ, ydeO, fhlA, uxuR, nhaR
190 	 leuO, bglJ, ydeO, fhlA, uxuR, exuR, cadC, dpiA
191 	 leuO, evgA, bglJ, ydeO, fhlA, uxuR
192 	 evgA, ydeO, fhlA, uxuR, exuR, cadC, nhaR, dpiA
193 	 leuO, bglJ, ydeO, fhlA, uxuR, nhaR
194 	 evgA, ydeO, fhlA, uxuR, exuR, cadC, dpiA
195 	 leuO, bglJ, ydeO, fhlA, uxuR
196 	 evgA, ydeO, fhlA, uxuR, exuR, cadC, nhaR, dpiA
197 	 leuO, bglJ, ydeO, fhlA, uxuR, nhaR
198 	 evgA, ydeO, fhlA, uxuR, exuR, cadC, dpiA
199 	 leuO, bglJ, ydeO, fhlA, uxuR
200 	 fhlA, uxuR, exuR, cadC, nhaR, dpiA
201 	 evgA, ydeO, fhlA, uxuR, nhaR
202 	 fhlA, uxuR, exuR, cadC, dpiA
203 	 evgA, ydeO, fhlA, uxuR
204 	 fhlA, uxuR, exuR, cadC, nhaR, dpiA
205 	 evgA, ydeO, fhlA, uxuR, nhaR
206 	 fhlA, uxuR, exuR, cadC, dpiA
207 	 evgA, ydeO, fhlA, uxuR
208 	 leuO, evgA, bglJ, ydeO, fhlA, uxuR, exuR, nhaR, dpiA
209 	 fhlA, uxuR, nhaR
210 	 leuO, evgA, bglJ, ydeO, fhlA, uxuR, exuR, dpiA
211 	 fhlA, uxuR
212 	 leuO, evgA, bglJ, ydeO, fhlA, uxuR, exuR, nhaR, dpiA
213 	 fhlA, uxuR, nhaR
214 	 leuO, evgA, bglJ, ydeO, fhlA, uxuR, exuR, dpiA
215 	 fhlA, uxuR
216 	 leuO, bglJ, ydeO, fhlA, uxuR, exuR, nhaR, dpiA
217 	 leuO, evgA, bglJ, ydeO, fhlA, uxuR, nhaR
218 	 leuO, bglJ, ydeO, fhlA, uxuR, exuR, dpiA
219 	 leuO, evgA, bglJ, ydeO, fhlA, uxuR
220 	 leuO, bglJ, ydeO, fhlA, uxuR, exuR, nhaR, dpiA
221 	 leuO, evgA, bglJ, ydeO, fhlA, uxuR, nhaR
222 	 leuO, bglJ, ydeO, fhlA, uxuR, exuR, dpiA
223 	 leuO, evgA, bglJ, ydeO, fhlA, uxuR
224 	 evgA, ydeO, fhlA, uxuR, exuR, nhaR, dpiA
225 	 leuO, bglJ, ydeO, fhlA, uxuR, nhaR
226 	 evgA, ydeO, fhlA, uxuR, exuR, dpiA
227 	 leuO, bglJ, ydeO, fhlA, uxuR
228 	 evgA, ydeO, fhlA, uxuR, exuR, nhaR, dpiA
229 	 leuO, bglJ, ydeO, fhlA, uxuR, nhaR
230 	 evgA, ydeO, fhlA, uxuR, exuR, dpiA
231 	 leuO, bglJ, ydeO, fhlA, uxuR
232 	 fhlA, uxuR, exuR, nhaR, dpiA
233 	 evgA, ydeO, fhlA, uxuR, nhaR
234 	 fhlA, uxuR, exuR, dpiA
235 	 evgA, ydeO, fhlA, uxuR
236 	 fhlA, uxuR, exuR, nhaR, dpiA
237 	 evgA, ydeO, fhlA, uxuR, nhaR
238 	 leuO, bglJ, ydeO, fhlA, uxuR, exuR, cadC, nhaR, dpiA
239 	 evgA, ydeO, fhlA, uxuR
240 	 fhlA, uxuR, exuR, dpiA
241 	 fhlA, uxuR, nhaR
242 	 leuO, bglJ, ydeO, fhlA, uxuR, exuR, cadC, dpiA
243 	 fhlA, uxuR
244 	 leuO, bglJ, ydeO, fhlA, uxuR, exuR, cadC, nhaR, dpiA
245 	 fhlA, uxuR, nhaR
246 	 leuO, bglJ, ydeO, fhlA, uxuR, exuR, cadC, dpiA
247 	 fhlA, uxuR
248 	 evgA, ydeO, fhlA, uxuR, exuR, cadC, nhaR, dpiA
249 	 leuO, evgA, bglJ, ydeO, fhlA, uxuR, nhaR
250 	 evgA, ydeO, fhlA, uxuR, exuR, cadC, dpiA
251 	 leuO, evgA, bglJ, ydeO, fhlA, uxuR
252 	 evgA, ydeO, fhlA, uxuR, exuR, cadC, nhaR, dpiA
253 	 leuO, bglJ, ydeO, fhlA, uxuR, nhaR
254 	 evgA, ydeO, fhlA, uxuR, exuR, cadC, dpiA
255 	 leuO, bglJ, ydeO, fhlA, uxuR
256 	 fhlA, uxuR, exuR, cadC, nhaR, dpiA
257 	 evgA, ydeO, fhlA, uxuR, nhaR
258 	 fhlA, uxuR, exuR, cadC, dpiA
259 	 evgA, ydeO, fhlA, uxuR
260 	 fhlA, uxuR, exuR, cadC, nhaR, dpiA
261 	 fhlA, uxuR, nhaR
262 	 fhlA, uxuR, exuR, cadC, dpiA
263 	 fhlA, uxuR
264 	 leuO, evgA, bglJ, ydeO, fhlA, uxuR, exuR, nhaR, dpiA
265 	 leuO, bglJ, ydeO, fhlA, uxuR, cadC, fucR, nhaR, dpiA
266 	 leuO, evgA, bglJ, ydeO, fhlA, uxuR, exuR, dpiA
267 	 leuO, bglJ, ydeO, fhlA, uxuR, cadC, fucR, dpiA
268 	 leuO, evgA, bglJ, ydeO, fhlA, uxuR, exuR, nhaR, dpiA
269 	 leuO, bglJ, ydeO, fhlA, uxuR, cadC, fucR, nhaR, dpiA
270 	 leuO, evgA, bglJ, ydeO, fhlA, uxuR, exuR, dpiA
271 	 leuO, bglJ, ydeO, fhlA, uxuR, cadC, fucR, dpiA
272 	 leuO, bglJ, ydeO, fhlA, uxuR, exuR, nhaR, dpiA
273 	 evgA, ydeO, fhlA, uxuR, cadC, fucR, dpiA
274 	 leuO, bglJ, ydeO, fhlA, uxuR, exuR, dpiA
275 	 evgA, ydeO, fhlA, uxuR, cadC, fucR, nhaR, dpiA
276 	 leuO, bglJ, ydeO, fhlA, uxuR, exuR, nhaR, dpiA
277 	 evgA, ydeO, fhlA, uxuR, cadC, fucR, dpiA
278 	 leuO, bglJ, ydeO, fhlA, uxuR, exuR, dpiA
279 	 fhlA, uxuR, cadC, fucR, nhaR, dpiA
280 	 evgA, ydeO, fhlA, uxuR, exuR, nhaR, dpiA
281 	 fhlA, uxuR, cadC, fucR, dpiA
282 	 evgA, ydeO, fhlA, uxuR, exuR, dpiA
283 	 fhlA, uxuR, cadC, fucR, nhaR, dpiA
284 	 evgA, ydeO, fhlA, uxuR, exuR, nhaR, dpiA
285 	 fhlA, uxuR, cadC, fucR, dpiA
286 	 evgA, ydeO, fhlA, uxuR, exuR, dpiA
287 	 leuO, evgA, bglJ, ydeO, fhlA, uxuR, fucR, nhaR, dpiA
288 	 fhlA, uxuR, exuR, nhaR, dpiA
289 	 leuO, evgA, bglJ, ydeO, fhlA, uxuR, fucR, dpiA
290 	 fhlA, uxuR, exuR, dpiA
291 	 leuO, evgA, bglJ, ydeO, fhlA, uxuR, fucR, nhaR, dpiA
292 	 fhlA, uxuR, exuR, nhaR, dpiA
293 	 leuO, evgA, bglJ, ydeO, fhlA, uxuR, fucR, dpiA
294 	 fhlA, uxuR, exuR, dpiA
295 	 leuO, bglJ, ydeO, fhlA, uxuR, fucR, nhaR, dpiA
296 	 leuO, bglJ, ydeO, fhlA, uxuR, exuR, cadC, nhaR, dpiA
297 	 leuO, bglJ, ydeO, fhlA, uxuR, fucR, dpiA
298 	 leuO, bglJ, ydeO, fhlA, uxuR, exuR, cadC, dpiA
299 	 leuO, bglJ, ydeO, fhlA, uxuR, fucR, nhaR, dpiA
300 	 evgA, ydeO, fhlA, uxuR, exuR, cadC, nhaR, dpiA
301 	 leuO, bglJ, ydeO, fhlA, uxuR, fucR, dpiA
302 	 evgA, ydeO, fhlA, uxuR, exuR, cadC, dpiA
303 	 evgA, ydeO, fhlA, uxuR, fucR, nhaR, dpiA
304 	 fhlA, uxuR, exuR, cadC, nhaR, dpiA
305 	 evgA, ydeO, fhlA, uxuR, fucR, dpiA
306 	 fhlA, uxuR, exuR, cadC, dpiA
307 	 evgA, ydeO, fhlA, uxuR, fucR, nhaR, dpiA
308 	 leuO, evgA, bglJ, ydeO, fhlA, uxuR, exuR, nhaR, dpiA
309 	 evgA, ydeO, fhlA, uxuR, fucR, dpiA
310 	 leuO, evgA, bglJ, ydeO, fhlA, uxuR, exuR, dpiA
311 	 fhlA, uxuR, fucR, nhaR, dpiA
312 	 leuO, bglJ, ydeO, fhlA, uxuR, exuR, nhaR, dpiA
313 	 fhlA, uxuR, fucR, dpiA
314 	 leuO, bglJ, ydeO, fhlA, uxuR, exuR, dpiA
315 	 fhlA, uxuR, fucR, nhaR, dpiA
316 	 evgA, ydeO, fhlA, uxuR, exuR, nhaR, dpiA
317 	 fhlA, uxuR, fucR, dpiA
318 	 evgA, ydeO, fhlA, uxuR, exuR, dpiA
319 	 leuO, evgA, bglJ, ydeO, fhlA, uxuR, cadC, fucR, nhaR, dpiA
320 	 fhlA, uxuR, exuR, nhaR, dpiA
321 	 leuO, evgA, bglJ, ydeO, fhlA, uxuR, cadC, fucR, dpiA
322 	 fhlA, uxuR, exuR, dpiA
323 	 leuO, bglJ, ydeO, fhlA, uxuR, cadC, fucR, nhaR, dpiA
324 	 leuO, bglJ, ydeO, fhlA, cadC, nhaR, dpiA
325 	 leuO, bglJ, ydeO, fhlA, uxuR, cadC, fucR, dpiA
326 	 leuO, bglJ, ydeO, fhlA, cadC, dpiA
327 	 leuO, bglJ, ydeO, fhlA, uxuR, cadC, fucR, nhaR, dpiA
328 	 leuO, bglJ, ydeO, fhlA, cadC, nhaR, dpiA
329 	 leuO, bglJ, ydeO, fhlA, uxuR, cadC, fucR, dpiA
330 	 leuO, bglJ, ydeO, fhlA, cadC, dpiA
331 	 evgA, ydeO, fhlA, uxuR, cadC, fucR, nhaR, dpiA
332 	 evgA, ydeO, fhlA, cadC, dpiA
333 	 evgA, ydeO, fhlA, uxuR, cadC, fucR, dpiA
334 	 fhlA, cadC, nhaR, dpiA
335 	 evgA, ydeO, fhlA, uxuR, cadC, fucR, nhaR, dpiA
336 	 fhlA, cadC, dpiA
337 	 evgA, ydeO, fhlA, uxuR, cadC, fucR, dpiA
338 	 fhlA, cadC, nhaR, dpiA
339 	 fhlA, uxuR, cadC, fucR, nhaR, dpiA
340 	 fhlA, cadC, dpiA
341 	 fhlA, uxuR, cadC, fucR, dpiA
342 	 leuO, evgA, bglJ, ydeO, fhlA, nhaR, dpiA
343 	 fhlA, uxuR, cadC, fucR, nhaR, dpiA
344 	 leuO, evgA, bglJ, ydeO, fhlA, dpiA
345 	 fhlA, uxuR, cadC, fucR, dpiA
346 	 leuO, evgA, bglJ, ydeO, fhlA, nhaR, dpiA
347 	 leuO, evgA, bglJ, ydeO, fhlA, uxuR, fucR, nhaR, dpiA
348 	 leuO, evgA, bglJ, ydeO, fhlA, dpiA
349 	 leuO, evgA, bglJ, ydeO, fhlA, uxuR, fucR, dpiA
350 	 leuO, bglJ, ydeO, fhlA, nhaR, dpiA
351 	 leuO, evgA, bglJ, ydeO, fhlA, uxuR, fucR, nhaR, dpiA
352 	 leuO, bglJ, ydeO, fhlA, dpiA
353 	 leuO, evgA, bglJ, ydeO, fhlA, uxuR, fucR, dpiA
354 	 leuO, bglJ, ydeO, fhlA, nhaR, dpiA
355 	 leuO, bglJ, ydeO, fhlA, uxuR, fucR, nhaR, dpiA
356 	 leuO, bglJ, ydeO, fhlA, dpiA
357 	 leuO, bglJ, ydeO, fhlA, uxuR, fucR, dpiA
358 	 evgA, ydeO, fhlA, nhaR, dpiA
359 	 leuO, bglJ, ydeO, fhlA, uxuR, fucR, nhaR, dpiA
360 	 evgA, ydeO, fhlA, dpiA
361 	 leuO, bglJ, ydeO, fhlA, uxuR, fucR, dpiA
362 	 evgA, ydeO, fhlA, nhaR, dpiA
363 	 evgA, ydeO, fhlA, uxuR, fucR, nhaR, dpiA
364 	 evgA, ydeO, fhlA, dpiA
365 	 evgA, ydeO, fhlA, uxuR, fucR, dpiA
366 	 fhlA, nhaR, dpiA
367 	 evgA, ydeO, fhlA, uxuR, fucR, nhaR, dpiA
368 	 fhlA, dpiA
369 	 evgA, ydeO, fhlA, uxuR, fucR, dpiA
370 	 fhlA, nhaR, dpiA
371 	 fhlA, uxuR, fucR, nhaR, dpiA
372 	 fhlA, dpiA
373 	 fhlA, uxuR, fucR, dpiA
374 	 leuO, bglJ, ydeO, fhlA, cadC, nhaR, dpiA
375 	 fhlA, uxuR, fucR, nhaR, dpiA
376 	 leuO, bglJ, ydeO, fhlA, cadC, dpiA
377 	 fhlA, uxuR, fucR, dpiA
378 	 leuO, bglJ, ydeO, fhlA, cadC, nhaR, dpiA
379 	 leuO, evgA, bglJ, ydeO, fhlA, uxuR, cadC, fucR, nhaR, dpiA
380 	 leuO, bglJ, ydeO, fhlA, cadC, dpiA
381 	 leuO, evgA, bglJ, ydeO, fhlA, uxuR, cadC, fucR, dpiA
382 	 evgA, ydeO, fhlA, cadC, dpiA
383 	 leuO, bglJ, ydeO, fhlA, uxuR, cadC, fucR, nhaR, dpiA
384 	 fhlA, cadC, nhaR, dpiA
385 	 leuO, bglJ, ydeO, fhlA, uxuR, cadC, fucR, dpiA
386 	 fhlA, cadC, dpiA
387 	 evgA, ydeO, fhlA, uxuR, cadC, fucR, nhaR, dpiA
388 	 fhlA, cadC, nhaR, dpiA
389 	 evgA, ydeO, fhlA, uxuR, cadC, fucR, dpiA
390 	 fhlA, cadC, dpiA
391 	 fhlA, uxuR, cadC, fucR, nhaR, dpiA
392 	 leuO, evgA, bglJ, ydeO, fhlA, nhaR, dpiA
393 	 fhlA, uxuR, cadC, fucR, dpiA
394 	 leuO, evgA, bglJ, ydeO, fhlA, dpiA
395 	 leuO, evgA, bglJ, ydeO, fhlA, uxuR, fucR, nhaR, dpiA
396 	 leuO, evgA, bglJ, ydeO, fhlA, nhaR, dpiA
397 	 leuO, evgA, bglJ, ydeO, fhlA, uxuR, fucR, dpiA
398 	 leuO, evgA, bglJ, ydeO, fhlA, dpiA
399 	 leuO, bglJ, ydeO, fhlA, uxuR, fucR, nhaR, dpiA
400 	 leuO, bglJ, ydeO, fhlA, nhaR, dpiA
401 	 leuO, bglJ, ydeO, fhlA, uxuR, fucR, dpiA
402 	 leuO, bglJ, ydeO, fhlA, dpiA
403 	 evgA, ydeO, fhlA, uxuR, fucR, nhaR, dpiA
404 	 leuO, bglJ, ydeO, fhlA, nhaR, dpiA
405 	 evgA, ydeO, fhlA, uxuR, fucR, dpiA
406 	 leuO, bglJ, ydeO, fhlA, dpiA
407 	 fhlA, uxuR, fucR, nhaR, dpiA
408 	 evgA, ydeO, fhlA, nhaR, dpiA
409 	 fhlA, uxuR, fucR, dpiA
410 	 evgA, ydeO, fhlA, dpiA
411 	 leuO, evgA, bglJ, ydeO, fhlA, uxuR, cadC, fucR, nhaR
412 	 evgA, ydeO, fhlA, nhaR, dpiA
413 	 leuO, evgA, bglJ, ydeO, fhlA, uxuR, cadC, fucR
414 	 evgA, ydeO, fhlA, dpiA
415 	 leuO, evgA, bglJ, ydeO, fhlA, uxuR, cadC, fucR, nhaR
416 	 fhlA, nhaR, dpiA
417 	 leuO, evgA, bglJ, ydeO, fhlA, uxuR, cadC, fucR
418 	 fhlA, dpiA
419 	 leuO, bglJ, ydeO, fhlA, uxuR, cadC, fucR, nhaR
420 	 fhlA, nhaR, dpiA
421 	 leuO, bglJ, ydeO, fhlA, uxuR, cadC, fucR
422 	 fhlA, dpiA
423 	 leuO, bglJ, ydeO, fhlA, uxuR, cadC, fucR, nhaR
424 	 leuO, bglJ, ydeO, fhlA, cadC, nhaR, dpiA
425 	 leuO, bglJ, ydeO, fhlA, uxuR, cadC, fucR
426 	 leuO, bglJ, ydeO, fhlA, cadC, dpiA
427 	 evgA, ydeO, fhlA, uxuR, cadC, fucR, nhaR
428 	 evgA, ydeO, fhlA, cadC, dpiA
429 	 evgA, ydeO, fhlA, uxuR, cadC, fucR
430 	 fhlA, cadC, nhaR, dpiA
431 	 evgA, ydeO, fhlA, uxuR, cadC, fucR, nhaR
432 	 fhlA, cadC, dpiA
433 	 evgA, ydeO, fhlA, uxuR, cadC, fucR
434 	 leuO, evgA, bglJ, ydeO, fhlA, nhaR, dpiA
435 	 fhlA, uxuR, cadC, fucR, nhaR
436 	 leuO, evgA, bglJ, ydeO, fhlA, dpiA
437 	 fhlA, uxuR, cadC, fucR
438 	 leuO, bglJ, ydeO, fhlA, nhaR, dpiA
439 	 fhlA, uxuR, cadC, fucR, nhaR
440 	 leuO, bglJ, ydeO, fhlA, dpiA
441 	 fhlA, uxuR, cadC, fucR
442 	 evgA, ydeO, fhlA, nhaR, dpiA
443 	 leuO, evgA, bglJ, ydeO, fhlA, uxuR, fucR, nhaR
444 	 evgA, ydeO, fhlA, dpiA
445 	 leuO, evgA, bglJ, ydeO, fhlA, uxuR, fucR
446 	 fhlA, nhaR, dpiA
447 	 leuO, evgA, bglJ, ydeO, fhlA, uxuR, fucR, nhaR
448 	 fhlA, dpiA
449 	 leuO, evgA, bglJ, ydeO, fhlA, uxuR, fucR
450 	 leuO, bglJ, ydeO, uxuR, cadC, nhaR, dpiA
451 	 leuO, bglJ, ydeO, fhlA, uxuR, fucR, nhaR
452 	 leuO, bglJ, ydeO, uxuR, cadC, dpiA
453 	 leuO, bglJ, ydeO, fhlA, uxuR, fucR
454 	 leuO, bglJ, ydeO, uxuR, cadC, nhaR, dpiA
455 	 leuO, bglJ, ydeO, fhlA, uxuR, fucR, nhaR
456 	 leuO, bglJ, ydeO, uxuR, cadC, dpiA
457 	 leuO, bglJ, ydeO, fhlA, uxuR, fucR
458 	 evgA, ydeO, uxuR, cadC, nhaR, dpiA
459 	 evgA, ydeO, fhlA, uxuR, fucR, nhaR
460 	 evgA, ydeO, uxuR, cadC, dpiA
461 	 evgA, ydeO, fhlA, uxuR, fucR
462 	 evgA, ydeO, uxuR, cadC, nhaR, dpiA
463 	 evgA, ydeO, fhlA, uxuR, fucR, nhaR
464 	 evgA, ydeO, uxuR, cadC, dpiA
465 	 evgA, ydeO, fhlA, uxuR, fucR
466 	 uxuR, cadC, nhaR, dpiA
467 	 fhlA, uxuR, fucR, nhaR
468 	 uxuR, cadC, dpiA
469 	 fhlA, uxuR, fucR
470 	 uxuR, cadC, nhaR, dpiA
471 	 fhlA, uxuR, fucR, nhaR
472 	 uxuR, cadC, dpiA
473 	 fhlA, uxuR, fucR
474 	 leuO, evgA, bglJ, ydeO, uxuR, dpiA
475 	 leuO, evgA, bglJ, ydeO, fhlA, uxuR, cadC, fucR, nhaR
476 	 leuO, evgA, bglJ, ydeO, uxuR, nhaR, dpiA
477 	 leuO, evgA, bglJ, ydeO, fhlA, uxuR, cadC, fucR
478 	 leuO, evgA, bglJ, ydeO, uxuR, dpiA
479 	 leuO, bglJ, ydeO, uxuR, nhaR, dpiA
480 	 leuO, evgA, bglJ, ydeO, fhlA, uxuR, cadC, fucR, nhaR
481 	 leuO, bglJ, ydeO, uxuR, dpiA
482 	 leuO, evgA, bglJ, ydeO, fhlA, uxuR, cadC, fucR
483 	 leuO, bglJ, ydeO, uxuR, nhaR, dpiA
484 	 leuO, bglJ, ydeO, fhlA, uxuR, cadC, fucR, nhaR
485 	 leuO, bglJ, ydeO, uxuR, dpiA
486 	 leuO, bglJ, ydeO, fhlA, uxuR, cadC, fucR
487 	 evgA, ydeO, uxuR, nhaR, dpiA
488 	 leuO, bglJ, ydeO, fhlA, uxuR, cadC, fucR, nhaR
489 	 evgA, ydeO, uxuR, dpiA
490 	 leuO, bglJ, ydeO, fhlA, uxuR, cadC, fucR
491 	 leuO, evgA, bglJ, ydeO, fhlA, cadC, fucR, nhaR, dpiA
492 	 evgA, ydeO, uxuR, nhaR, dpiA
493 	 leuO, evgA, bglJ, ydeO, fhlA, cadC, fucR, dpiA
494 	 evgA, ydeO, uxuR, dpiA
495 	 leuO, evgA, bglJ, ydeO, fhlA, cadC, fucR, nhaR, dpiA
496 	 uxuR, nhaR, dpiA
497 	 leuO, evgA, bglJ, ydeO, fhlA, cadC, fucR, dpiA
498 	 uxuR, dpiA
499 	 leuO, bglJ, ydeO, fhlA, cadC, fucR, nhaR, dpiA
500 	 uxuR, nhaR, dpiA
501 	 leuO, bglJ, ydeO, fhlA, cadC, fucR, dpiA
502 	 uxuR, dpiA
503 	 leuO, bglJ, ydeO, fhlA, cadC, fucR, nhaR, dpiA
504 	 leuO, bglJ, ydeO, uxuR, cadC, nhaR, dpiA
505 	 leuO, evgA, bglJ, ydeO, fhlA, cadC, fucR, nhaR, dpiA
506 	 leuO, bglJ, ydeO, uxuR, cadC, dpiA
507 	 leuO, bglJ, ydeO, fhlA, cadC, fucR, dpiA
508 	 leuO, bglJ, ydeO, uxuR, cadC, nhaR, dpiA
509 	 evgA, ydeO, fhlA, cadC, fucR, nhaR, dpiA
510 	 leuO, bglJ, ydeO, uxuR, cadC, dpiA
511 	 evgA, ydeO, fhlA, cadC, fucR, dpiA
512 	 evgA, ydeO, uxuR, cadC, nhaR, dpiA
513 	 evgA, ydeO, fhlA, cadC, fucR, nhaR, dpiA
514 	 evgA, ydeO, uxuR, cadC, dpiA
515 	 evgA, ydeO, fhlA, cadC, fucR, dpiA
516 	 evgA, ydeO, uxuR, cadC, nhaR, dpiA
517 	 fhlA, cadC, fucR, nhaR, dpiA
518 	 evgA, ydeO, uxuR, cadC, dpiA
519 	 fhlA, cadC, fucR, dpiA
520 	 uxuR, cadC, nhaR, dpiA
521 	 fhlA, cadC, fucR, nhaR, dpiA
522 	 uxuR, cadC, dpiA
523 	 fhlA, cadC, fucR, dpiA
524 	 uxuR, cadC, nhaR, dpiA
525 	 leuO, evgA, bglJ, ydeO, fhlA, fucR, nhaR, dpiA
526 	 uxuR, cadC, dpiA
527 	 leuO, evgA, bglJ, ydeO, fhlA, fucR, dpiA
528 	 leuO, evgA, bglJ, ydeO, uxuR, nhaR, dpiA
529 	 leuO, evgA, bglJ, ydeO, fhlA, fucR, nhaR, dpiA
530 	 leuO, evgA, bglJ, ydeO, uxuR, dpiA
531 	 leuO, evgA, bglJ, ydeO, fhlA, fucR, dpiA
532 	 leuO, evgA, bglJ, ydeO, uxuR, nhaR, dpiA
533 	 leuO, bglJ, ydeO, fhlA, fucR, nhaR, dpiA
534 	 leuO, evgA, bglJ, ydeO, uxuR, dpiA
535 	 leuO, bglJ, ydeO, fhlA, fucR, dpiA
536 	 leuO, bglJ, ydeO, uxuR, nhaR, dpiA
537 	 leuO, bglJ, ydeO, fhlA, fucR, nhaR, dpiA
538 	 leuO, bglJ, ydeO, uxuR, dpiA
539 	 leuO, bglJ, ydeO, fhlA, fucR, dpiA
540 	 leuO, bglJ, ydeO, uxuR, nhaR, dpiA
541 	 evgA, ydeO, fhlA, fucR, nhaR, dpiA
542 	 leuO, bglJ, ydeO, uxuR, dpiA
543 	 evgA, ydeO, fhlA, fucR, dpiA
544 	 evgA, ydeO, uxuR, nhaR, dpiA
545 	 evgA, ydeO, fhlA, fucR, nhaR, dpiA
546 	 evgA, ydeO, uxuR, dpiA
547 	 evgA, ydeO, fhlA, fucR, dpiA
548 	 evgA, ydeO, uxuR, nhaR, dpiA
549 	 fhlA, fucR, nhaR, dpiA
550 	 evgA, ydeO, uxuR, dpiA
551 	 fhlA, fucR, dpiA
552 	 uxuR, nhaR, dpiA
553 	 fhlA, fucR, nhaR, dpiA
554 	 uxuR, dpiA
555 	 fhlA, fucR, dpiA
556 	 uxuR, nhaR, dpiA
557 	 leuO, evgA, bglJ, ydeO, fhlA, cadC, fucR, nhaR, dpiA
558 	 uxuR, dpiA
559 	 leuO, evgA, bglJ, ydeO, fhlA, cadC, fucR, dpiA
560 	 leuO, bglJ, ydeO, uxuR, cadC, nhaR, dpiA
561 	 leuO, evgA, bglJ, ydeO, fhlA, cadC, fucR, nhaR, dpiA
562 	 leuO, bglJ, ydeO, uxuR, cadC, dpiA
563 	 leuO, evgA, bglJ, ydeO, fhlA, cadC, fucR, dpiA
564 	 evgA, ydeO, uxuR, cadC, nhaR, dpiA
565 	 leuO, bglJ, ydeO, fhlA, cadC, fucR, nhaR, dpiA
566 	 evgA, ydeO, uxuR, cadC, dpiA
567 	 leuO, bglJ, ydeO, fhlA, cadC, fucR, dpiA
568 	 uxuR, cadC, nhaR, dpiA
569 	 leuO, bglJ, ydeO, fhlA, cadC, fucR, nhaR, dpiA
570 	 uxuR, cadC, dpiA
571 	 leuO, bglJ, ydeO, fhlA, cadC, fucR, dpiA
572 	 leuO, evgA, bglJ, ydeO, uxuR, nhaR, dpiA
573 	 evgA, ydeO, fhlA, cadC, fucR, nhaR, dpiA
574 	 leuO, evgA, bglJ, ydeO, uxuR, dpiA
575 	 evgA, ydeO, fhlA, cadC, fucR, dpiA
576 	 leuO, bglJ, ydeO, uxuR, nhaR, dpiA
577 	 evgA, ydeO, fhlA, cadC, fucR, nhaR, dpiA
578 	 leuO, bglJ, ydeO, uxuR, dpiA
579 	 evgA, ydeO, fhlA, cadC, fucR, dpiA
580 	 evgA, ydeO, uxuR, nhaR, dpiA
581 	 fhlA, cadC, fucR, nhaR, dpiA
582 	 evgA, ydeO, uxuR, dpiA
583 	 fhlA, cadC, fucR, dpiA
584 	 uxuR, nhaR, dpiA
585 	 fhlA, cadC, fucR, nhaR, dpiA
586 	 uxuR, dpiA
587 	 fhlA, cadC, fucR, dpiA
588 	 leuO, evgA, bglJ, ydeO, uxuR, cadC
589 	 leuO, evgA, bglJ, ydeO, fhlA, fucR, nhaR, dpiA
590 	 leuO, evgA, bglJ, ydeO, fhlA, fucR, dpiA
591 	 leuO, evgA, bglJ, ydeO, fhlA, fucR, nhaR, dpiA
592 	 leuO, evgA, bglJ, ydeO, fhlA, fucR, dpiA
593 	 leuO, bglJ, ydeO, fhlA, fucR, nhaR, dpiA
594 	 leuO, bglJ, ydeO, fhlA, fucR, dpiA
595 	 leuO, bglJ, ydeO, fhlA, fucR, nhaR, dpiA
596 	 leuO, bglJ, ydeO, fhlA, fucR, dpiA
597 	 evgA, ydeO, fhlA, fucR, nhaR, dpiA
598 	 evgA, ydeO, fhlA, fucR, dpiA
599 	 evgA, ydeO, fhlA, fucR, nhaR, dpiA
600 	 evgA, ydeO, fhlA, fucR, dpiA
601 	 fhlA, fucR, nhaR, dpiA
602 	 fhlA, fucR, dpiA
603 	 fhlA, fucR, nhaR, dpiA
604 	 fhlA, fucR, dpiA
605 	 leuO, evgA, bglJ, ydeO, fhlA, cadC, fucR, dpiA
606 	 leuO, bglJ, ydeO, fhlA, cadC, fucR, nhaR, dpiA
607 	 leuO, bglJ, ydeO, fhlA, cadC, fucR, dpiA
608 	 evgA, ydeO, fhlA, cadC, fucR, nhaR, dpiA
609 	 evgA, ydeO, fhlA, cadC, fucR, dpiA
610 	 fhlA, cadC, fucR, nhaR, dpiA
611 	 fhlA, cadC, fucR, dpiA
612 	 leuO, evgA, bglJ, ydeO, fhlA, fucR, nhaR, dpiA
613 	 leuO, evgA, bglJ, ydeO, fhlA, fucR, dpiA
614 	 leuO, bglJ, ydeO, fhlA, fucR, nhaR, dpiA
615 	 leuO, bglJ, ydeO, fhlA, fucR, dpiA
616 	 evgA, ydeO, fhlA, fucR, nhaR, dpiA
617 	 evgA, ydeO, fhlA, fucR, dpiA
618 	 fhlA, fucR, nhaR, dpiA
619 	 fhlA, fucR, dpiA
620 	 leuO, evgA, bglJ, ydeO, fhlA, cadC, nhaR
621 	 leuO, evgA, bglJ, ydeO, fhlA, uxuR, exuR, cadC, fucR, dpiA
622 	 leuO, evgA, bglJ, ydeO, fhlA, cadC
623 	 leuO, evgA, bglJ, ydeO, fhlA, uxuR, exuR, cadC, fucR, nhaR, dpiA
624 	 leuO, evgA, bglJ, ydeO, fhlA, cadC, nhaR
625 	 leuO, evgA, bglJ, ydeO, fhlA, uxuR, exuR, cadC, fucR, dpiA
626 	 leuO, evgA, bglJ, ydeO, fhlA, cadC
627 	 leuO, bglJ, ydeO, fhlA, uxuR, exuR, cadC, fucR, nhaR, dpiA
628 	 leuO, bglJ, ydeO, fhlA, cadC, nhaR
629 	 leuO, bglJ, ydeO, fhlA, uxuR, exuR, cadC, fucR, dpiA
630 	 leuO, bglJ, ydeO, fhlA, cadC
631 	 leuO, bglJ, ydeO, fhlA, uxuR, exuR, cadC, fucR, nhaR, dpiA
632 	 leuO, bglJ, ydeO, fhlA, cadC, nhaR
633 	 leuO, bglJ, ydeO, fhlA, uxuR, exuR, cadC, fucR, dpiA
634 	 leuO, bglJ, ydeO, fhlA, cadC
635 	 evgA, ydeO, fhlA, uxuR, exuR, cadC, fucR, nhaR, dpiA
636 	 evgA, ydeO, fhlA, cadC, nhaR
637 	 evgA, ydeO, fhlA, uxuR, exuR, cadC, fucR, dpiA
638 	 evgA, ydeO, fhlA, cadC
639 	 evgA, ydeO, fhlA, uxuR, exuR, cadC, fucR, nhaR, dpiA
640 	 evgA, ydeO, fhlA, cadC, nhaR
641 	 evgA, ydeO, fhlA, uxuR, exuR, cadC, fucR, dpiA
642 	 evgA, ydeO, fhlA, cadC
643 	 fhlA, uxuR, exuR, cadC, fucR, nhaR, dpiA
644 	 fhlA, cadC, nhaR
645 	 fhlA, uxuR, exuR, cadC, fucR, dpiA
646 	 fhlA, cadC
647 	 fhlA, uxuR, exuR, cadC, fucR, nhaR, dpiA
648 	 fhlA, cadC, nhaR
649 	 fhlA, uxuR, exuR, cadC, fucR, dpiA
650 	 fhlA, cadC
651 	 leuO, evgA, bglJ, ydeO, fhlA, uxuR, exuR, fucR, nhaR, dpiA
652 	 leuO, evgA, bglJ, ydeO, fhlA, nhaR
653 	 leuO, evgA, bglJ, ydeO, fhlA, uxuR, exuR, fucR, dpiA
654 	 leuO, evgA, bglJ, ydeO, fhlA
655 	 leuO, evgA, bglJ, ydeO, fhlA, uxuR, exuR, fucR, nhaR, dpiA
656 	 leuO, evgA, bglJ, ydeO, fhlA, nhaR
657 	 leuO, evgA, bglJ, ydeO, fhlA, uxuR, exuR, fucR, dpiA
658 	 leuO, evgA, bglJ, ydeO, fhlA
659 	 leuO, bglJ, ydeO, fhlA, uxuR, exuR, fucR, nhaR, dpiA
660 	 leuO, bglJ, ydeO, fhlA, nhaR
661 	 leuO, bglJ, ydeO, fhlA, uxuR, exuR, fucR, dpiA
662 	 leuO, bglJ, ydeO, fhlA
663 	 leuO, bglJ, ydeO, fhlA, uxuR, exuR, fucR, nhaR, dpiA
664 	 leuO, bglJ, ydeO, fhlA, nhaR
665 	 leuO, bglJ, ydeO, fhlA, uxuR, exuR, fucR, dpiA
666 	 leuO, bglJ, ydeO, fhlA
667 	 evgA, ydeO, fhlA, uxuR, exuR, fucR, nhaR, dpiA
668 	 evgA, ydeO, fhlA, nhaR
669 	 evgA, ydeO, fhlA, uxuR, exuR, fucR, dpiA
670 	 evgA, ydeO, fhlA
671 	 evgA, ydeO, fhlA, uxuR, exuR, fucR, nhaR, dpiA
672 	 evgA, ydeO, fhlA, nhaR
673 	 evgA, ydeO, fhlA, uxuR, exuR, fucR, dpiA
674 	 evgA, ydeO, fhlA
675 	 fhlA, uxuR, exuR, fucR, nhaR, dpiA
676 	 fhlA, nhaR
677 	 fhlA, uxuR, exuR, fucR, dpiA
678 	 fhlA
679 	 fhlA, uxuR, exuR, fucR, nhaR, dpiA
680 	 fhlA, nhaR
681 	 fhlA, uxuR, exuR, fucR, dpiA
682 	 fhlA
683 	 leuO, evgA, bglJ, ydeO, fhlA, uxuR, exuR, cadC, fucR, nhaR, dpiA
684 	 leuO, evgA, bglJ, ydeO, fhlA, cadC, fucR, nhaR
685 	 leuO, evgA, bglJ, ydeO, fhlA, uxuR, exuR, cadC, fucR, dpiA
686 	 leuO, evgA, bglJ, ydeO, fhlA, uxuR, exuR, cadC, fucR, nhaR, dpiA
687 	 leuO, evgA, bglJ, ydeO, fhlA, uxuR, exuR, cadC, fucR, dpiA
688 	 leuO, bglJ, ydeO, fhlA, uxuR, exuR, cadC, fucR, nhaR, dpiA
689 	 leuO, bglJ, ydeO, fhlA, uxuR, exuR, cadC, fucR, dpiA
690 	 leuO, bglJ, ydeO, fhlA, uxuR, exuR, cadC, fucR, nhaR, dpiA
691 	 leuO, bglJ, ydeO, fhlA, uxuR, exuR, cadC, fucR, dpiA
692 	 evgA, ydeO, fhlA, uxuR, exuR, cadC, fucR, nhaR, dpiA
693 	 evgA, ydeO, fhlA, uxuR, exuR, cadC, fucR, dpiA
694 	 evgA, ydeO, fhlA, uxuR, exuR, cadC, fucR, nhaR, dpiA
695 	 evgA, ydeO, fhlA, uxuR, exuR, cadC, fucR, dpiA
696 	 fhlA, uxuR, exuR, cadC, fucR, nhaR, dpiA
697 	 fhlA, uxuR, exuR, cadC, fucR, dpiA
698 	 fhlA, uxuR, exuR, cadC, fucR, nhaR, dpiA
699 	 fhlA, uxuR, exuR, cadC, fucR, dpiA
700 	 leuO, evgA, bglJ, ydeO, fhlA, uxuR, exuR, fucR, nhaR, dpiA
701 	 leuO, evgA, bglJ, ydeO, fhlA, uxuR, exuR, fucR, dpiA
702 	 leuO, evgA, bglJ, ydeO, fhlA, uxuR, exuR, fucR, nhaR, dpiA
703 	 leuO, evgA, bglJ, ydeO, fhlA, uxuR, exuR, fucR, dpiA
704 	 leuO, bglJ, ydeO, fhlA, uxuR, exuR, fucR, nhaR, dpiA
705 	 leuO, bglJ, ydeO, fhlA, uxuR, exuR, fucR, dpiA
706 	 leuO, bglJ, ydeO, fhlA, uxuR, exuR, fucR, nhaR, dpiA
707 	 leuO, bglJ, ydeO, fhlA, uxuR, exuR, fucR, dpiA
708 	 evgA, ydeO, fhlA, uxuR, exuR, fucR, nhaR, dpiA
709 	 evgA, ydeO, fhlA, uxuR, exuR, fucR, dpiA
710 	 evgA, ydeO, fhlA, uxuR, exuR, fucR, nhaR, dpiA
711 	 evgA, ydeO, fhlA, uxuR, exuR, fucR, dpiA
712 	 fhlA, uxuR, exuR, fucR, nhaR, dpiA
713 	 fhlA, uxuR, exuR, fucR, dpiA
714 	 fhlA, uxuR, exuR, fucR, nhaR, dpiA
715 	 fhlA, uxuR, exuR, fucR, dpiA
716 	 leuO, evgA, bglJ, ydeO, fhlA, uxuR, exuR, cadC, fucR, nhaR, dpiA
717 	 leuO, evgA, bglJ, ydeO, fhlA, uxuR, exuR, cadC, fucR, dpiA
718 	 leuO, bglJ, ydeO, fhlA, uxuR, exuR, cadC, fucR, nhaR, dpiA
719 	 leuO, bglJ, ydeO, fhlA, uxuR, exuR, cadC, fucR, dpiA
720 	 evgA, ydeO, fhlA, uxuR, exuR, cadC, fucR, nhaR, dpiA
721 	 evgA, ydeO, fhlA, uxuR, exuR, cadC, fucR, dpiA
722 	 fhlA, uxuR, exuR, cadC, fucR, nhaR, dpiA
723 	 fhlA, uxuR, exuR, cadC, fucR, dpiA
724 	 leuO, evgA, bglJ, ydeO, fhlA, uxuR, exuR, fucR, nhaR, dpiA
725 	 leuO, evgA, bglJ, ydeO, fhlA, uxuR, exuR, fucR, dpiA
726 	 leuO, bglJ, ydeO, fhlA, uxuR, exuR, fucR, nhaR, dpiA
727 	 leuO, bglJ, ydeO, fhlA, uxuR, exuR, fucR, dpiA
728 	 evgA, ydeO, fhlA, uxuR, exuR, fucR, nhaR, dpiA
729 	 evgA, ydeO, fhlA, uxuR, exuR, fucR, dpiA
730 	 fhlA, uxuR, exuR, fucR, nhaR, dpiA
731 	 fhlA, uxuR, exuR, fucR, dpiA
732 	 leuO, evgA, bglJ, ydeO, fhlA, cadC, fucR
733 	 leuO, evgA, bglJ, ydeO, cadC, nhaR, dpiA
734 	 leuO, evgA, bglJ, ydeO, fhlA, cadC, fucR, nhaR
735 	 leuO, evgA, bglJ, ydeO, cadC, dpiA
736 	 leuO, evgA, bglJ, ydeO, fhlA, cadC, fucR
737 	 leuO, evgA, bglJ, ydeO, cadC, nhaR, dpiA
738 	 leuO, bglJ, ydeO, fhlA, cadC, fucR, nhaR
739 	 leuO, evgA, bglJ, ydeO, cadC, dpiA
740 	 leuO, bglJ, ydeO, fhlA, cadC, fucR
741 	 leuO, bglJ, ydeO, cadC, nhaR, dpiA
742 	 leuO, bglJ, ydeO, fhlA, cadC, fucR, nhaR
743 	 leuO, bglJ, ydeO, cadC, dpiA
744 	 leuO, bglJ, ydeO, fhlA, cadC, fucR
745 	 leuO, bglJ, ydeO, cadC, nhaR, dpiA
746 	 evgA, ydeO, fhlA, cadC, fucR, nhaR
747 	 leuO, bglJ, ydeO, cadC, dpiA
748 	 evgA, ydeO, fhlA, cadC, fucR
749 	 evgA, ydeO, cadC, nhaR, dpiA
750 	 evgA, ydeO, fhlA, cadC, fucR, nhaR
751 	 evgA, ydeO, cadC, dpiA
752 	 evgA, ydeO, fhlA, cadC, fucR
753 	 evgA, ydeO, cadC, nhaR, dpiA
754 	 fhlA, cadC, fucR, nhaR
755 	 evgA, ydeO, cadC, dpiA
756 	 fhlA, cadC, fucR
757 	 cadC, nhaR, dpiA
758 	 fhlA, cadC, fucR, nhaR
759 	 cadC, dpiA
760 	 fhlA, cadC, fucR
761 	 cadC, nhaR, dpiA
762 	 leuO, evgA, bglJ, ydeO, fhlA, fucR, nhaR
763 	 cadC, dpiA
764 	 leuO, evgA, bglJ, ydeO, fhlA, fucR
765 	 leuO, evgA, bglJ, ydeO, nhaR, dpiA
766 	 leuO, evgA, bglJ, ydeO, fhlA, fucR, nhaR
767 	 leuO, evgA, bglJ, ydeO, dpiA
768 	 leuO, evgA, bglJ, ydeO, fhlA, fucR
769 	 leuO, evgA, bglJ, ydeO, nhaR, dpiA
770 	 leuO, bglJ, ydeO, fhlA, fucR, nhaR
771 	 leuO, evgA, bglJ, ydeO, dpiA
772 	 leuO, bglJ, ydeO, fhlA, fucR
773 	 leuO, bglJ, ydeO, nhaR, dpiA
774 	 leuO, bglJ, ydeO, fhlA, fucR, nhaR
775 	 leuO, bglJ, ydeO, dpiA
776 	 leuO, bglJ, ydeO, fhlA, fucR
777 	 leuO, bglJ, ydeO, nhaR, dpiA
778 	 evgA, ydeO, fhlA, fucR, nhaR
779 	 leuO, bglJ, ydeO, dpiA
780 	 evgA, ydeO, fhlA, fucR
781 	 evgA, ydeO, nhaR, dpiA
782 	 evgA, ydeO, fhlA, fucR, nhaR
783 	 evgA, ydeO, dpiA
784 	 evgA, ydeO, fhlA, fucR
785 	 evgA, ydeO, nhaR, dpiA
786 	 fhlA, fucR, nhaR
787 	 evgA, ydeO, dpiA
788 	 fhlA, fucR
789 	 nhaR, dpiA
790 	 fhlA, fucR, nhaR
791 	 dpiA
792 	 fhlA, fucR
793 	 nhaR, dpiA
794 	 leuO, evgA, bglJ, ydeO, fhlA, uxuR, exuR, cadC, nhaR
795 	 leuO, evgA, bglJ, ydeO, uxuR, cadC, fucR, nhaR, dpiA
796 	 leuO, evgA, bglJ, ydeO, fhlA, uxuR, exuR, cadC
797 	 leuO, evgA, bglJ, ydeO, uxuR, cadC, fucR, dpiA
798 	 leuO, bglJ, ydeO, fhlA, uxuR, exuR, cadC, nhaR
799 	 leuO, evgA, bglJ, ydeO, uxuR, cadC, fucR, nhaR, dpiA
800 	 leuO, bglJ, ydeO, fhlA, uxuR, exuR, cadC
801 	 leuO, evgA, bglJ, ydeO, uxuR, cadC, fucR, dpiA
802 	 leuO, bglJ, ydeO, fhlA, uxuR, exuR, cadC, nhaR
803 	 leuO, bglJ, ydeO, uxuR, cadC, fucR, nhaR, dpiA
804 	 leuO, bglJ, ydeO, fhlA, uxuR, exuR, cadC
805 	 leuO, bglJ, ydeO, uxuR, cadC, fucR, dpiA
806 	 evgA, ydeO, fhlA, uxuR, exuR, cadC, nhaR
807 	 leuO, bglJ, ydeO, uxuR, cadC, fucR, nhaR, dpiA
808 	 evgA, ydeO, fhlA, uxuR, exuR, cadC
809 	 leuO, bglJ, ydeO, uxuR, cadC, fucR, dpiA
810 	 evgA, ydeO, fhlA, uxuR, exuR, cadC, nhaR
811 	 evgA, ydeO, uxuR, cadC, fucR, nhaR, dpiA
812 	 evgA, ydeO, fhlA, uxuR, exuR, cadC
813 	 dpiA
814 	 fhlA, uxuR, exuR, cadC, nhaR
815 	 evgA, ydeO, uxuR, cadC, fucR, dpiA
816 	 fhlA, uxuR, exuR, cadC
817 	 evgA, ydeO, uxuR, cadC, fucR, nhaR, dpiA
818 	 fhlA, uxuR, exuR, cadC, nhaR
819 	 evgA, ydeO, uxuR, cadC, fucR, dpiA
820 	 fhlA, uxuR, exuR, cadC
821 	 uxuR, cadC, fucR, nhaR, dpiA
822 	 leuO, evgA, bglJ, ydeO, fhlA, uxuR, exuR, nhaR
823 	 uxuR, cadC, fucR, dpiA
824 	 leuO, evgA, bglJ, ydeO, fhlA, uxuR, exuR
825 	 uxuR, cadC, fucR, nhaR, dpiA
826 	 leuO, evgA, bglJ, ydeO, fhlA, uxuR, exuR, nhaR
827 	 uxuR, cadC, fucR, dpiA
828 	 leuO, evgA, bglJ, ydeO, fhlA, uxuR, exuR
829 	 leuO, evgA, bglJ, ydeO, uxuR, fucR, nhaR, dpiA
830 	 leuO, bglJ, ydeO, fhlA, uxuR, exuR, nhaR
831 	 leuO, evgA, bglJ, ydeO, uxuR, fucR, dpiA
832 	 leuO, bglJ, ydeO, fhlA, uxuR, exuR
833 	 leuO, evgA, bglJ, ydeO, uxuR, fucR, nhaR, dpiA
834 	 leuO, bglJ, ydeO, fhlA, uxuR, exuR, nhaR
835 	 leuO, evgA, bglJ, ydeO, uxuR, fucR, dpiA
836 	 leuO, bglJ, ydeO, fhlA, uxuR, exuR
837 	 leuO, bglJ, ydeO, uxuR, fucR, nhaR, dpiA
838 	 evgA, ydeO, fhlA, uxuR, exuR, nhaR
839 	 leuO, bglJ, ydeO, uxuR, fucR, dpiA
840 	 evgA, ydeO, fhlA, uxuR, exuR
841 	 leuO, bglJ, ydeO, uxuR, fucR, nhaR, dpiA
842 	 evgA, ydeO, fhlA, uxuR, exuR, nhaR
843 	 leuO, bglJ, ydeO, uxuR, fucR, dpiA
844 	 evgA, ydeO, fhlA, uxuR, exuR
845 	 evgA, ydeO, uxuR, fucR, nhaR, dpiA
846 	 fhlA, uxuR, exuR, nhaR
847 	 evgA, ydeO, uxuR, fucR, dpiA
848 	 fhlA, uxuR, exuR
849 	 evgA, ydeO, uxuR, fucR, nhaR, dpiA
850 	 fhlA, uxuR, exuR, nhaR
851 	 evgA, ydeO, uxuR, fucR, dpiA
852 	 fhlA, uxuR, exuR
853 	 uxuR, fucR, nhaR, dpiA
854 	 leuO, evgA, bglJ, ydeO, fhlA, uxuR, exuR, cadC, fucR, nhaR
855 	 uxuR, fucR, dpiA
856 	 leuO, evgA, bglJ, ydeO, fhlA, uxuR, exuR, cadC, fucR
857 	 uxuR, fucR, nhaR, dpiA
858 	 leuO, evgA, bglJ, ydeO, fhlA, uxuR, exuR, cadC, fucR, nhaR
859 	 uxuR, fucR, dpiA
860 	 leuO, evgA, bglJ, ydeO, fhlA, uxuR, exuR, cadC, fucR
861 	 leuO, evgA, bglJ, ydeO, cadC, fucR, nhaR, dpiA
862 	 leuO, bglJ, ydeO, fhlA, uxuR, exuR, cadC, fucR, nhaR
863 	 leuO, evgA, bglJ, ydeO, cadC, fucR, dpiA
864 	 leuO, bglJ, ydeO, fhlA, uxuR, exuR, cadC, fucR
865 	 leuO, evgA, bglJ, ydeO, cadC, fucR, nhaR, dpiA
866 	 leuO, bglJ, ydeO, fhlA, uxuR, exuR, cadC, fucR, nhaR
867 	 leuO, evgA, bglJ, ydeO, cadC, fucR, dpiA
868 	 leuO, bglJ, ydeO, fhlA, uxuR, exuR, cadC, fucR
869 	 leuO, bglJ, ydeO, cadC, fucR, nhaR, dpiA
870 	 evgA, ydeO, fhlA, uxuR, exuR, cadC, fucR, nhaR
871 	 leuO, bglJ, ydeO, cadC, fucR, dpiA
872 	 evgA, ydeO, fhlA, uxuR, exuR, cadC, fucR
873 	 leuO, bglJ, ydeO, cadC, fucR, nhaR, dpiA
874 	 evgA, ydeO, fhlA, uxuR, exuR, cadC, fucR, nhaR
875 	 leuO, bglJ, ydeO, cadC, fucR, dpiA
876 	 evgA, ydeO, fhlA, uxuR, exuR, cadC, fucR
877 	 evgA, ydeO, cadC, fucR, nhaR, dpiA
878 	 fhlA, uxuR, exuR, cadC, fucR, nhaR
879 	 evgA, ydeO, cadC, fucR, dpiA
880 	 fhlA, uxuR, exuR, cadC, fucR
881 	 evgA, ydeO, cadC, fucR, nhaR, dpiA
882 	 fhlA, uxuR, exuR, cadC, fucR, nhaR
883 	 evgA, ydeO, cadC, fucR, dpiA
884 	 fhlA, uxuR, exuR, cadC, fucR
885 	 cadC, fucR, nhaR, dpiA
886 	 leuO, evgA, bglJ, ydeO, fhlA, uxuR, exuR, fucR, nhaR
887 	 cadC, fucR, dpiA
888 	 leuO, evgA, bglJ, ydeO, fhlA, uxuR, exuR, fucR
889 	 cadC, fucR, nhaR, dpiA
890 	 leuO, evgA, bglJ, ydeO, fhlA, uxuR, exuR, fucR, nhaR
891 	 cadC, fucR, dpiA
892 	 leuO, evgA, bglJ, ydeO, fhlA, uxuR, exuR, fucR
893 	 leuO, evgA, bglJ, ydeO, fucR, nhaR, dpiA
894 	 leuO, bglJ, ydeO, fhlA, uxuR, exuR, fucR, nhaR
895 	 leuO, evgA, bglJ, ydeO, fucR, nhaR, dpiA
896 	 leuO, bglJ, ydeO, fhlA, uxuR, exuR, fucR
897 	 leuO, evgA, bglJ, ydeO, fucR, dpiA
898 	 leuO, bglJ, ydeO, fhlA, uxuR, exuR, fucR, nhaR
899 	 leuO, evgA, bglJ, ydeO, fucR, dpiA
900 	 leuO, bglJ, ydeO, fhlA, uxuR, exuR, fucR
901 	 leuO, bglJ, ydeO, fucR, nhaR, dpiA
902 	 evgA, ydeO, fhlA, uxuR, exuR, fucR, nhaR
903 	 leuO, bglJ, ydeO, fucR, dpiA
904 	 evgA, ydeO, fhlA, uxuR, exuR, fucR
905 	 leuO, bglJ, ydeO, fucR, nhaR, dpiA
906 	 evgA, ydeO, fhlA, uxuR, exuR, fucR, nhaR
907 	 leuO, bglJ, ydeO, fucR, dpiA
908 	 evgA, ydeO, fhlA, uxuR, exuR, fucR
909 	 evgA, ydeO, fucR, nhaR, dpiA
910 	 fhlA, uxuR, exuR, fucR, nhaR
911 	 evgA, ydeO, fucR, dpiA
912 	 fhlA, uxuR, exuR, fucR
913 	 evgA, ydeO, fucR, nhaR, dpiA
914 	 fhlA, uxuR, exuR, fucR, nhaR
915 	 evgA, ydeO, fucR, dpiA
916 	 fhlA, uxuR, exuR, fucR
917 	 fucR, nhaR, dpiA
918 	 leuO, evgA, bglJ, ydeO, fhlA, cadC, nhaR
919 	 fucR, dpiA
920 	 evgA, ydeO, fhlA, uxuR, cadC, fucR, nhaR
921 	 fucR, nhaR, dpiA
922 	 evgA, ydeO, fhlA, uxuR, cadC, fucR
923 	 fucR, dpiA
924 	 evgA, ydeO, fhlA, uxuR, cadC, fucR, nhaR
925 	 leuO, bglJ, ydeO, uxuR, exuR, cadC, nhaR, dpiA
926 	 leuO, evgA, bglJ, ydeO, fhlA, cadC
927 	 leuO, bglJ, ydeO, uxuR, exuR, cadC, dpiA
928 	 evgA, ydeO, fhlA, uxuR, cadC, fucR
929 	 leuO, bglJ, ydeO, uxuR, exuR, cadC, nhaR, dpiA
930 	 leuO, evgA, bglJ, ydeO, fhlA, cadC, nhaR
931 	 leuO, bglJ, ydeO, uxuR, exuR, cadC, dpiA
932 	 fhlA, uxuR, cadC, fucR, nhaR
933 	 evgA, ydeO, uxuR, exuR, cadC, nhaR, dpiA
934 	 leuO, evgA, bglJ, ydeO, fhlA, cadC
935 	 evgA, ydeO, uxuR, exuR, cadC, dpiA
936 	 fhlA, uxuR, cadC, fucR
937 	 evgA, ydeO, uxuR, exuR, cadC, nhaR, dpiA
938 	 leuO, bglJ, ydeO, fhlA, cadC, nhaR
939 	 evgA, ydeO, uxuR, exuR, cadC, dpiA
940 	 fhlA, uxuR, cadC, fucR, nhaR
941 	 uxuR, exuR, cadC, nhaR, dpiA
942 	 leuO, bglJ, ydeO, fhlA, cadC
943 	 uxuR, exuR, cadC, dpiA
944 	 fhlA, uxuR, cadC, fucR
945 	 uxuR, exuR, cadC, nhaR, dpiA
946 	 leuO, bglJ, ydeO, fhlA, cadC, nhaR
947 	 uxuR, exuR, cadC, dpiA
948 	 leuO, evgA, bglJ, ydeO, fhlA, uxuR, fucR, nhaR
949 	 leuO, evgA, bglJ, ydeO, uxuR, exuR, nhaR, dpiA
950 	 leuO, bglJ, ydeO, fhlA, cadC
951 	 leuO, evgA, bglJ, ydeO, uxuR, exuR, dpiA
952 	 leuO, evgA, bglJ, ydeO, fhlA, uxuR, fucR
953 	 leuO, evgA, bglJ, ydeO, uxuR, exuR, nhaR, dpiA
954 	 evgA, ydeO, fhlA, cadC, nhaR
955 	 leuO, evgA, bglJ, ydeO, uxuR, exuR, dpiA
956 	 leuO, evgA, bglJ, ydeO, fhlA, uxuR, fucR, nhaR
957 	 leuO, bglJ, ydeO, uxuR, exuR, nhaR, dpiA
958 	 evgA, ydeO, fhlA, cadC
959 	 leuO, bglJ, ydeO, uxuR, exuR, dpiA
960 	 leuO, evgA, bglJ, ydeO, fhlA, uxuR, fucR
961 	 leuO, bglJ, ydeO, uxuR, exuR, nhaR, dpiA
962 	 evgA, ydeO, fhlA, cadC, nhaR
963 	 leuO, bglJ, ydeO, uxuR, exuR, dpiA
964 	 leuO, bglJ, ydeO, fhlA, uxuR, fucR, nhaR
965 	 evgA, ydeO, uxuR, exuR, nhaR, dpiA
966 	 evgA, ydeO, fhlA, cadC
967 	 evgA, ydeO, uxuR, exuR, dpiA
968 	 leuO, bglJ, ydeO, fhlA, uxuR, fucR
969 	 evgA, ydeO, uxuR, exuR, nhaR, dpiA
970 	 fhlA, cadC, nhaR
971 	 evgA, ydeO, uxuR, exuR, dpiA
972 	 leuO, bglJ, ydeO, fhlA, uxuR, fucR, nhaR
973 	 uxuR, exuR, nhaR, dpiA
974 	 fhlA, cadC
975 	 uxuR, exuR, dpiA
976 	 leuO, bglJ, ydeO, fhlA, uxuR, fucR
977 	 uxuR, exuR, nhaR, dpiA
978 	 fhlA, cadC, nhaR
979 	 uxuR, exuR, dpiA
980 	 evgA, ydeO, fhlA, uxuR, fucR, nhaR
981 	 leuO, evgA, bglJ, ydeO, uxuR, exuR, cadC, fucR, nhaR, dpiA
982 	 fhlA, cadC
983 	 leuO, evgA, bglJ, ydeO, uxuR, exuR, cadC, fucR, dpiA
984 	 evgA, ydeO, fhlA, uxuR, fucR
985 	 leuO, evgA, bglJ, ydeO, uxuR, exuR, cadC, fucR, nhaR, dpiA
986 	 evgA, ydeO, fhlA, uxuR, fucR, nhaR
987 	 leuO, evgA, bglJ, ydeO, uxuR, exuR, cadC, fucR, dpiA
988 	 evgA, ydeO, fhlA, uxuR, fucR
989 	 leuO, bglJ, ydeO, uxuR, exuR, cadC, fucR, nhaR, dpiA
990 	 fhlA, uxuR, fucR, nhaR
991 	 leuO, bglJ, ydeO, uxuR, exuR, cadC, fucR, dpiA
992 	 fhlA, uxuR, fucR
993 	 leuO, bglJ, ydeO, uxuR, exuR, cadC, fucR, nhaR, dpiA
994 	 fhlA, uxuR, fucR, nhaR
995 	 leuO, bglJ, ydeO, uxuR, exuR, cadC, fucR, dpiA
996 	 fhlA, uxuR, fucR
997 	 evgA, ydeO, uxuR, exuR, cadC, fucR, nhaR, dpiA
998 	 leuO, evgA, bglJ, ydeO, fhlA, nhaR
999 	 evgA, ydeO, uxuR, exuR, cadC, fucR, dpiA
1000 	 leuO, evgA, bglJ, ydeO, fhlA
1001 	 evgA, ydeO, uxuR, exuR, cadC, fucR, nhaR, dpiA
1002 	 leuO, evgA, bglJ, ydeO, fhlA, nhaR
1003 	 evgA, ydeO, uxuR, exuR, cadC, fucR, dpiA
1004 	 leuO, evgA, bglJ, ydeO, fhlA
1005 	 uxuR, exuR, cadC, fucR, nhaR, dpiA
1006 	 leuO, bglJ, ydeO, fhlA, nhaR
1007 	 leuO, evgA, bglJ, ydeO, cadC, nhaR, dpiA
1008 	 leuO, bglJ, ydeO, fhlA
1009 	 uxuR, exuR, cadC, fucR, dpiA
1010 	 leuO, bglJ, ydeO, fhlA, nhaR
1011 	 uxuR, exuR, cadC, fucR, nhaR, dpiA
1012 	 leuO, bglJ, ydeO, fhlA
1013 	 uxuR, exuR, cadC, fucR, dpiA
1014 	 evgA, ydeO, fhlA, nhaR
1015 	 leuO, evgA, bglJ, ydeO, uxuR, exuR, fucR, nhaR, dpiA
1016 	 evgA, ydeO, fhlA
1017 	 leuO, evgA, bglJ, ydeO, uxuR, exuR, fucR, dpiA
1018 	 evgA, ydeO, fhlA, nhaR
1019 	 leuO, evgA, bglJ, ydeO, uxuR, exuR, fucR, nhaR, dpiA
1020 	 evgA, ydeO, fhlA
1021 	 leuO, evgA, bglJ, ydeO, uxuR, exuR, fucR, dpiA
1022 	 fhlA, nhaR
1023 	 leuO, bglJ, ydeO, uxuR, exuR, fucR, nhaR, dpiA
1024 	 fhlA
1025 	 leuO, bglJ, ydeO, uxuR, exuR, fucR, dpiA
1026 	 fhlA, nhaR
1027 	 leuO, bglJ, ydeO, uxuR, exuR, fucR, nhaR, dpiA
1028 	 fhlA
1029 	 leuO, bglJ, ydeO, uxuR, exuR, fucR, dpiA
1030 	 leuO, evgA, bglJ, ydeO, fhlA, cadC, fucR, nhaR
1031 	 evgA, ydeO, uxuR, exuR, fucR, nhaR, dpiA
1032 	 leuO, evgA, bglJ, ydeO, fhlA, cadC, fucR
1033 	 evgA, ydeO, uxuR, exuR, fucR, dpiA
1034 	 leuO, evgA, bglJ, ydeO, fhlA, cadC, fucR, nhaR
1035 	 evgA, ydeO, uxuR, exuR, fucR, nhaR, dpiA
1036 	 leuO, evgA, bglJ, ydeO, fhlA, cadC, fucR
1037 	 evgA, ydeO, uxuR, exuR, fucR, dpiA
1038 	 leuO, bglJ, ydeO, fhlA, cadC, fucR, nhaR
1039 	 uxuR, exuR, fucR, nhaR, dpiA
1040 	 leuO, bglJ, ydeO, fhlA, cadC, fucR
1041 	 uxuR, exuR, fucR, dpiA
1042 	 leuO, bglJ, ydeO, fhlA, cadC, fucR, nhaR
1043 	 uxuR, exuR, fucR, nhaR, dpiA
1044 	 leuO, bglJ, ydeO, fhlA, cadC, fucR
1045 	 uxuR, exuR, fucR, dpiA
1046 	 evgA, ydeO, fhlA, cadC, fucR, nhaR
1047 	 leuO, evgA, bglJ, ydeO, uxuR, cadC, fucR, nhaR, dpiA
1048 	 leuO, evgA, bglJ, ydeO, uxuR, cadC, nhaR
1049 	 evgA, ydeO, fhlA, cadC, fucR, nhaR
1050 	 leuO, evgA, bglJ, ydeO, uxuR, cadC
1051 	 evgA, ydeO, fhlA, cadC, fucR
1052 	 leuO, bglJ, ydeO, uxuR, cadC, nhaR
1053 	 evgA, ydeO, fhlA, cadC, fucR
1054 	 leuO, bglJ, ydeO, uxuR, cadC
1055 	 fhlA, cadC, fucR, nhaR
1056 	 leuO, bglJ, ydeO, uxuR, cadC, nhaR
1057 	 fhlA, cadC, fucR, nhaR
1058 	 leuO, bglJ, ydeO, uxuR, cadC
1059 	 fhlA, cadC, fucR
1060 	 evgA, ydeO, uxuR, cadC, nhaR
1061 	 fhlA, cadC, fucR
1062 	 evgA, ydeO, uxuR, cadC, nhaR
1063 	 leuO, evgA, bglJ, ydeO, fhlA, fucR, nhaR
1064 	 evgA, ydeO, uxuR, cadC
1065 	 leuO, evgA, bglJ, ydeO, fhlA, fucR
1066 	 evgA, ydeO, uxuR, cadC
1067 	 leuO, evgA, bglJ, ydeO, fhlA, fucR, nhaR
1068 	 uxuR, cadC, nhaR
1069 	 leuO, evgA, bglJ, ydeO, fhlA, fucR
1070 	 uxuR, cadC, nhaR
1071 	 leuO, bglJ, ydeO, fhlA, fucR, nhaR
1072 	 uxuR, cadC
1073 	 leuO, bglJ, ydeO, fhlA, fucR
1074 	 uxuR, cadC
1075 	 leuO, bglJ, ydeO, fhlA, fucR, nhaR
1076 	 leuO, evgA, bglJ, ydeO, uxuR, nhaR
1077 	 leuO, bglJ, ydeO, fhlA, fucR
1078 	 leuO, evgA, bglJ, ydeO, uxuR, nhaR
1079 	 evgA, ydeO, fhlA, fucR, nhaR
1080 	 leuO, evgA, bglJ, ydeO, uxuR
1081 	 evgA, ydeO, fhlA, fucR, nhaR
1082 	 leuO, evgA, bglJ, ydeO, uxuR
1083 	 evgA, ydeO, fhlA, fucR
1084 	 leuO, bglJ, ydeO, uxuR, nhaR
1085 	 evgA, ydeO, fhlA, fucR
1086 	 leuO, bglJ, ydeO, uxuR, nhaR
1087 	 fhlA, fucR, nhaR
1088 	 leuO, bglJ, ydeO, uxuR
1089 	 fhlA, fucR, nhaR
1090 	 leuO, bglJ, ydeO, uxuR
1091 	 fhlA, fucR
1092 	 evgA, ydeO, uxuR, nhaR
1093 	 fhlA, fucR
1094 	 evgA, ydeO, uxuR
1095 	 leuO, evgA, bglJ, ydeO, fhlA, uxuR, exuR, cadC, nhaR
1096 	 uxuR, nhaR
1097 	 leuO, evgA, bglJ, ydeO, fhlA, uxuR, exuR, cadC, nhaR
1098 	 evgA, ydeO, uxuR, nhaR
1099 	 leuO, evgA, bglJ, ydeO, fhlA, uxuR, exuR, cadC
1100 	 evgA, ydeO, uxuR
1101 	 leuO, bglJ, ydeO, fhlA, uxuR, exuR, cadC, nhaR
1102 	 uxuR, nhaR
1103 	 leuO, bglJ, ydeO, fhlA, uxuR, exuR, cadC
1104 	 uxuR
1105 	 leuO, evgA, bglJ, ydeO, fhlA, uxuR, exuR, cadC
1106 	 uxuR
1107 	 evgA, ydeO, fhlA, uxuR, exuR, cadC, nhaR
1108 	 leuO, bglJ, ydeO, fhlA, uxuR, exuR, cadC, nhaR
1109 	 evgA, ydeO, fhlA, uxuR, exuR, cadC
1110 	 leuO, bglJ, ydeO, fhlA, uxuR, exuR, cadC
1111 	 evgA, ydeO, fhlA, uxuR, exuR, cadC, nhaR
1112 	 evgA, ydeO, fhlA, uxuR, exuR, cadC
1113 	 fhlA, uxuR, exuR, cadC, nhaR
1114 	 fhlA, uxuR, exuR, cadC
1115 	 fhlA, uxuR, exuR, cadC, nhaR
1116 	 fhlA, uxuR, exuR, cadC
1117 	 leuO, evgA, bglJ, ydeO, fhlA, uxuR, exuR, nhaR
1118 	 leuO, evgA, bglJ, ydeO, fhlA, uxuR, exuR
1119 	 leuO, evgA, bglJ, ydeO, fhlA, uxuR, exuR, nhaR
1120 	 leuO, evgA, bglJ, ydeO, uxuR, exuR, cadC, nhaR
1121 	 leuO, evgA, bglJ, ydeO, fhlA, uxuR, exuR
1122 	 leuO, bglJ, ydeO, fhlA, uxuR, exuR, nhaR
1123 	 leuO, bglJ, ydeO, fhlA, uxuR, exuR, nhaR
1124 	 leuO, bglJ, ydeO, fhlA, uxuR, exuR
1125 	 leuO, bglJ, ydeO, fhlA, uxuR, exuR
1126 	 evgA, ydeO, fhlA, uxuR, exuR, nhaR
1127 	 evgA, ydeO, fhlA, uxuR, exuR
1128 	 evgA, ydeO, fhlA, uxuR, exuR, nhaR
1129 	 evgA, ydeO, fhlA, uxuR, exuR
1130 	 fhlA, uxuR, exuR, nhaR
1131 	 fhlA, uxuR, exuR
1132 	 fhlA, uxuR, exuR, nhaR
1133 	 fhlA, uxuR, exuR
1134 	 leuO, evgA, bglJ, ydeO, fhlA, uxuR, exuR, cadC, fucR, nhaR
1135 	 leuO, evgA, bglJ, ydeO, fhlA, uxuR, exuR, cadC, fucR, nhaR
1136 	 leuO, evgA, bglJ, ydeO, fhlA, uxuR, exuR, cadC, fucR
1137 	 leuO, evgA, bglJ, ydeO, fhlA, uxuR, exuR, cadC, fucR
1138 	 leuO, bglJ, ydeO, fhlA, uxuR, exuR, cadC, fucR, nhaR
1139 	 leuO, bglJ, ydeO, fhlA, uxuR, exuR, cadC, fucR, nhaR
1140 	 leuO, bglJ, ydeO, fhlA, uxuR, exuR, cadC, fucR
1141 	 leuO, bglJ, ydeO, fhlA, uxuR, exuR, cadC, fucR
1142 	 evgA, ydeO, fhlA, uxuR, exuR, cadC, fucR, nhaR
1143 	 evgA, ydeO, fhlA, uxuR, exuR, cadC, fucR
1144 	 evgA, ydeO, fhlA, uxuR, exuR, cadC, fucR, nhaR
1145 	 evgA, ydeO, fhlA, uxuR, exuR, cadC, fucR
1146 	 fhlA, uxuR, exuR, cadC, fucR, nhaR
1147 	 fhlA, uxuR, exuR, cadC, fucR
1148 	 fhlA, uxuR, exuR, cadC, fucR, nhaR
1149 	 fhlA, uxuR, exuR, cadC, fucR
1150 	 leuO, evgA, bglJ, ydeO, fhlA, uxuR, exuR, fucR, nhaR
1151 	 leuO, evgA, bglJ, ydeO, fhlA, uxuR, exuR, fucR
1152 	 leuO, evgA, bglJ, ydeO, fhlA, uxuR, exuR, fucR, nhaR
1153 	 leuO, evgA, bglJ, ydeO, fhlA, uxuR, exuR, fucR
1154 	 leuO, bglJ, ydeO, fhlA, uxuR, exuR, fucR, nhaR
1155 	 leuO, bglJ, ydeO, fhlA, uxuR, exuR, fucR
1156 	 leuO, bglJ, ydeO, fhlA, uxuR, exuR, fucR, nhaR
1157 	 leuO, bglJ, ydeO, fhlA, uxuR, exuR, fucR
1158 	 evgA, ydeO, fhlA, uxuR, exuR, fucR, nhaR
1159 	 evgA, ydeO, fhlA, uxuR, exuR, fucR, nhaR
1160 	 evgA, ydeO, fhlA, uxuR, exuR, fucR
1161 	 evgA, ydeO, fhlA, uxuR, exuR, fucR
1162 	 fhlA, uxuR, exuR, fucR, nhaR
1163 	 fhlA, uxuR, exuR, fucR, nhaR
1164 	 fhlA, uxuR, exuR, fucR
1165 	 fhlA, uxuR, exuR, fucR
1166 	 leuO, evgA, bglJ, ydeO, uxuR, exuR, cadC
1167 	 leuO, evgA, bglJ, ydeO, fhlA, uxuR, exuR, cadC, nhaR
1168 	 leuO, evgA, bglJ, ydeO, uxuR, exuR, cadC, nhaR
1169 	 leuO, evgA, bglJ, ydeO, fhlA, uxuR, exuR, cadC
1170 	 leuO, evgA, bglJ, ydeO, uxuR, exuR, cadC
1171 	 leuO, bglJ, ydeO, fhlA, uxuR, exuR, cadC, nhaR
1172 	 leuO, evgA, bglJ, ydeO, uxuR, cadC, nhaR
1173 	 leuO, bglJ, ydeO, fhlA, uxuR, exuR, cadC
1174 	 leuO, evgA, bglJ, ydeO, uxuR, cadC, nhaR
1175 	 leuO, evgA, bglJ, ydeO, fhlA, cadC, nhaR
1176 	 leuO, evgA, bglJ, ydeO, uxuR, cadC
1177 	 leuO, evgA, bglJ, ydeO, fhlA, cadC
1178 	 leuO, evgA, bglJ, ydeO, uxuR, cadC
1179 	 leuO, bglJ, ydeO, fhlA, cadC, nhaR
1180 	 leuO, evgA, bglJ, ydeO, uxuR, exuR, cadC, nhaR
1181 	 leuO, bglJ, ydeO, fhlA, cadC
1182 	 leuO, evgA, bglJ, ydeO, uxuR, exuR, cadC, nhaR
1183 	 leuO, evgA, bglJ, ydeO, fhlA, uxuR, cadC, fucR, nhaR
1184 	 leuO, evgA, bglJ, ydeO, uxuR, exuR, cadC
1185 	 leuO, evgA, bglJ, ydeO, fhlA, uxuR, cadC, fucR
1186 	 leuO, evgA, bglJ, ydeO, uxuR, exuR, cadC
1187 	 leuO, evgA, bglJ, ydeO, fhlA, uxuR, exuR, cadC, fucR, nhaR
1188 	 leuO, bglJ, ydeO, uxuR, exuR, cadC, nhaR
1189 	 leuO, evgA, bglJ, ydeO, fhlA, uxuR, exuR, cadC, fucR
1190 	 leuO, bglJ, ydeO, uxuR, exuR, cadC, nhaR
1191 	 leuO, bglJ, ydeO, fhlA, uxuR, cadC, fucR, nhaR
1192 	 leuO, bglJ, ydeO, uxuR, exuR, cadC
1193 	 leuO, bglJ, ydeO, fhlA, uxuR, cadC, fucR
1194 	 leuO, bglJ, ydeO, uxuR, exuR, cadC
1195 	 leuO, bglJ, ydeO, fhlA, uxuR, exuR, cadC, fucR, nhaR
1196 	 leuO, bglJ, ydeO, uxuR, exuR, cadC, nhaR, dpiA
1197 	 leuO, bglJ, ydeO, fhlA, uxuR, exuR, cadC, fucR
1198 	 leuO, bglJ, ydeO, uxuR, exuR, cadC, nhaR, dpiA
1199 	 leuO, evgA, bglJ, ydeO, fhlA, cadC, fucR, nhaR
1200 	 leuO, bglJ, ydeO, uxuR, exuR, cadC, dpiA
1201 	 leuO, evgA, bglJ, ydeO, fhlA, cadC, fucR
1202 	 leuO, bglJ, ydeO, uxuR, exuR, cadC, dpiA
1203 	 leuO, bglJ, ydeO, fhlA, cadC, fucR, nhaR
1204 	 leuO, bglJ, ydeO, uxuR, cadC, nhaR
1205 	 leuO, bglJ, ydeO, fhlA, cadC, fucR
1206 	 leuO, bglJ, ydeO, uxuR, cadC
1207 	 leuO, evgA, bglJ, ydeO, fhlA, uxuR, exuR, nhaR
1208 	 leuO, bglJ, ydeO, uxuR, cadC, nhaR
1209 	 leuO, evgA, bglJ, ydeO, fhlA, uxuR, exuR
1210 	 leuO, bglJ, ydeO, uxuR, cadC
1211 	 leuO, bglJ, ydeO, fhlA, uxuR, exuR, nhaR
1212 	 leuO, bglJ, ydeO, uxuR, exuR, cadC, nhaR
1213 	 leuO, bglJ, ydeO, fhlA, uxuR, exuR
1214 	 leuO, bglJ, ydeO, uxuR, exuR, cadC, nhaR
1215 	 leuO, evgA, bglJ, ydeO, fhlA, nhaR
1216 	 leuO, bglJ, ydeO, uxuR, exuR, cadC
1217 	 leuO, evgA, bglJ, ydeO, fhlA
1218 	 leuO, bglJ, ydeO, uxuR, exuR, cadC
1219 	 leuO, bglJ, ydeO, fhlA, nhaR
1220 	 leuO, evgA, bglJ, ydeO, cadC, nhaR
1221 	 leuO, bglJ, ydeO, fhlA
1222 	 leuO, evgA, bglJ, ydeO, cadC, nhaR
1223 	 leuO, evgA, bglJ, ydeO, fhlA, uxuR, fucR, nhaR
1224 	 leuO, evgA, bglJ, ydeO, cadC
1225 	 leuO, evgA, bglJ, ydeO, fhlA, uxuR, fucR
1226 	 leuO, evgA, bglJ, ydeO, cadC
1227 	 leuO, evgA, bglJ, ydeO, fhlA, uxuR, exuR, fucR, nhaR
1228 	 leuO, evgA, bglJ, ydeO, cadC, nhaR, dpiA
1229 	 leuO, evgA, bglJ, ydeO, fhlA, uxuR, exuR, fucR
1230 	 leuO, evgA, bglJ, ydeO, cadC, nhaR, dpiA
1231 	 leuO, bglJ, ydeO, fhlA, uxuR, fucR, nhaR
1232 	 leuO, evgA, bglJ, ydeO, cadC, dpiA
1233 	 leuO, bglJ, ydeO, fhlA, uxuR, fucR
1234 	 leuO, evgA, bglJ, ydeO, cadC, dpiA
1235 	 leuO, bglJ, ydeO, fhlA, uxuR, exuR, fucR, nhaR
1236 	 leuO, evgA, bglJ, ydeO, cadC, nhaR
1237 	 leuO, bglJ, ydeO, fhlA, uxuR, exuR, fucR
1238 	 leuO, evgA, bglJ, ydeO, cadC, nhaR
1239 	 leuO, evgA, bglJ, ydeO, fhlA, fucR, nhaR
1240 	 leuO, evgA, bglJ, ydeO, cadC
1241 	 leuO, evgA, bglJ, ydeO, fhlA, fucR
1242 	 leuO, evgA, bglJ, ydeO, cadC
1243 	 leuO, bglJ, ydeO, fhlA, fucR, nhaR
1244 	 leuO, bglJ, ydeO, cadC, nhaR
1245 	 leuO, bglJ, ydeO, fhlA, fucR
1246 	 leuO, bglJ, ydeO, cadC
1247 	 leuO, bglJ, ydeO, cadC, nhaR
1248 	 leuO, bglJ, ydeO, cadC
1249 	 leuO, bglJ, ydeO, cadC, nhaR, dpiA
1250 	 leuO, bglJ, ydeO, cadC, dpiA
1251 	 leuO, bglJ, ydeO, cadC, nhaR, dpiA
1252 	 leuO, bglJ, ydeO, cadC, dpiA
1253 	 leuO, bglJ, ydeO, cadC, nhaR
1254 	 leuO, bglJ, ydeO, cadC
1255 	 leuO, bglJ, ydeO, cadC, nhaR
1256 	 leuO, bglJ, ydeO, cadC
1257 	 leuO, evgA, bglJ, ydeO, uxuR, cadC, fucR, nhaR
1258 	 leuO, evgA, bglJ, ydeO, uxuR, cadC, fucR
1259 	 leuO, evgA, bglJ, ydeO, uxuR, cadC, fucR, nhaR
1260 	 leuO, evgA, bglJ, ydeO, uxuR, cadC, fucR
1261 	 leuO, evgA, bglJ, ydeO, uxuR, exuR, cadC, fucR, nhaR
1262 	 leuO, evgA, bglJ, ydeO, uxuR, exuR, cadC, fucR
1263 	 leuO, evgA, bglJ, ydeO, uxuR, exuR, cadC, fucR, nhaR
1264 	 leuO, evgA, bglJ, ydeO, uxuR, exuR, cadC, fucR
1265 	 leuO, evgA, bglJ, ydeO, uxuR, cadC, fucR, nhaR, dpiA
1266 	 leuO, evgA, bglJ, ydeO, uxuR, cadC, fucR, dpiA
1267 	 leuO, evgA, bglJ, ydeO, uxuR, cadC, fucR, dpiA
1268 	 leuO, evgA, bglJ, ydeO, uxuR, exuR, cadC, fucR, nhaR, dpiA
1269 	 leuO, evgA, bglJ, ydeO, uxuR, exuR, cadC, fucR, nhaR, dpiA
1270 	 leuO, evgA, bglJ, ydeO, uxuR, exuR, cadC, fucR, dpiA
1271 	 leuO, evgA, bglJ, ydeO, uxuR, exuR, cadC, fucR, dpiA
1272 	 leuO, evgA, bglJ, ydeO, uxuR, cadC, fucR, nhaR
1273 	 leuO, evgA, bglJ, ydeO, uxuR, cadC, fucR, nhaR
1274 	 leuO, evgA, bglJ, ydeO, uxuR, cadC, fucR
1275 	 leuO, evgA, bglJ, ydeO, uxuR, cadC, fucR
1276 	 leuO, evgA, bglJ, ydeO, uxuR, exuR, cadC, fucR, nhaR
1277 	 leuO, evgA, bglJ, ydeO, uxuR, nhaR
1278 	 leuO, evgA, bglJ, ydeO, uxuR, exuR, cadC, fucR
1279 	 leuO, evgA, bglJ, ydeO, uxuR, exuR, cadC, fucR, nhaR
1280 	 leuO, evgA, bglJ, ydeO, uxuR, exuR, cadC, fucR
1281 	 leuO, bglJ, ydeO, uxuR, cadC, fucR, nhaR
1282 	 leuO, bglJ, ydeO, uxuR, cadC, fucR
1283 	 leuO, bglJ, ydeO, uxuR, cadC, fucR, nhaR
1284 	 leuO, bglJ, ydeO, uxuR, cadC, fucR
1285 	 leuO, bglJ, ydeO, uxuR, exuR, cadC, fucR, nhaR
1286 	 leuO, bglJ, ydeO, uxuR, exuR, cadC, fucR
1287 	 leuO, bglJ, ydeO, uxuR, exuR, cadC, fucR, nhaR
1288 	 leuO, bglJ, ydeO, uxuR, exuR, cadC, fucR
1289 	 leuO, bglJ, ydeO, uxuR, cadC, fucR, nhaR, dpiA
1290 	 leuO, bglJ, ydeO, uxuR, cadC, fucR, dpiA
1291 	 leuO, bglJ, ydeO, uxuR, cadC, fucR, nhaR, dpiA
1292 	 leuO, bglJ, ydeO, uxuR, cadC, fucR, dpiA
1293 	 leuO, bglJ, ydeO, uxuR, exuR, cadC, fucR, nhaR, dpiA
1294 	 leuO, bglJ, ydeO, uxuR, exuR, cadC, fucR, dpiA
1295 	 leuO, bglJ, ydeO, uxuR, exuR, cadC, fucR, nhaR, dpiA
1296 	 leuO, bglJ, ydeO, uxuR, exuR, cadC, fucR, dpiA
1297 	 leuO, bglJ, ydeO, uxuR, cadC, fucR, nhaR
1298 	 leuO, bglJ, ydeO, uxuR, cadC, fucR
1299 	 leuO, bglJ, ydeO, uxuR, cadC, fucR, nhaR
1300 	 leuO, bglJ, ydeO, uxuR, cadC, fucR
1301 	 leuO, bglJ, ydeO, uxuR, exuR, cadC, fucR, nhaR
1302 	 leuO, bglJ, ydeO, uxuR, exuR, cadC, fucR
1303 	 leuO, bglJ, ydeO, uxuR, exuR, cadC, fucR, nhaR
1304 	 leuO, bglJ, ydeO, uxuR, exuR, cadC, fucR
1305 	 leuO, evgA, bglJ, ydeO, cadC, fucR, nhaR
1306 	 leuO, evgA, bglJ, ydeO, cadC, fucR
1307 	 leuO, evgA, bglJ, ydeO, cadC, fucR, nhaR
1308 	 leuO, evgA, bglJ, ydeO, cadC, fucR
1309 	 leuO, evgA, bglJ, ydeO, cadC, fucR, nhaR, dpiA
1310 	 leuO, evgA, bglJ, ydeO, cadC, fucR, nhaR, dpiA
1311 	 leuO, evgA, bglJ, ydeO, cadC, fucR, dpiA
1312 	 leuO, evgA, bglJ, ydeO, cadC, fucR, dpiA
1313 	 leuO, evgA, bglJ, ydeO, cadC, fucR, nhaR
1314 	 leuO, evgA, bglJ, ydeO, cadC, fucR
1315 	 leuO, evgA, bglJ, ydeO, cadC, fucR, nhaR
1316 	 leuO, evgA, bglJ, ydeO, cadC, fucR
1317 	 leuO, bglJ, ydeO, cadC, fucR, nhaR
1318 	 leuO, bglJ, ydeO, cadC, fucR, nhaR
1319 	 leuO, bglJ, ydeO, cadC, fucR
1320 	 leuO, bglJ, ydeO, cadC, fucR
1321 	 leuO, bglJ, ydeO, cadC, fucR, nhaR, dpiA
1322 	 leuO, bglJ, ydeO, cadC, fucR, dpiA
1323 	 leuO, bglJ, ydeO, cadC, fucR, nhaR, dpiA
1324 	 leuO, bglJ, ydeO, cadC, fucR, dpiA
1325 	 leuO, bglJ, ydeO, cadC, fucR, nhaR
1326 	 leuO, bglJ, ydeO, cadC, fucR, nhaR
1327 	 leuO, bglJ, ydeO, cadC, fucR
1328 	 leuO, bglJ, ydeO, cadC, fucR
1329 	 leuO, evgA, bglJ, ydeO, uxuR, exuR, nhaR
1330 	 leuO, evgA, bglJ, ydeO, uxuR, exuR
1331 	 leuO, evgA, bglJ, ydeO, uxuR, exuR, nhaR
1332 	 leuO, evgA, bglJ, ydeO, uxuR, exuR
1333 	 leuO, evgA, bglJ, ydeO, uxuR, exuR, nhaR, dpiA
1334 	 leuO, evgA, bglJ, ydeO, uxuR, exuR, dpiA
1335 	 leuO, evgA, bglJ, ydeO, uxuR, exuR, nhaR, dpiA
1336 	 leuO, evgA, bglJ, ydeO, uxuR, exuR, dpiA
1337 	 leuO, evgA, bglJ, ydeO, uxuR, nhaR
1338 	 leuO, evgA, bglJ, ydeO, uxuR
1339 	 leuO, evgA, bglJ, ydeO, uxuR
1340 	 leuO, evgA, bglJ, ydeO, uxuR, exuR, nhaR
1341 	 leuO, evgA, bglJ, ydeO, uxuR, exuR
1342 	 leuO, evgA, bglJ, ydeO, uxuR, exuR, nhaR
1343 	 leuO, evgA, bglJ, ydeO, uxuR, exuR
1344 	 leuO, bglJ, ydeO, uxuR, exuR, nhaR
1345 	 leuO, bglJ, ydeO, uxuR, exuR
1346 	 leuO, bglJ, ydeO, uxuR, exuR, nhaR
1347 	 leuO, bglJ, ydeO, uxuR, exuR
1348 	 leuO, bglJ, ydeO, uxuR, exuR, nhaR, dpiA
1349 	 leuO, bglJ, ydeO, uxuR, exuR, dpiA
1350 	 leuO, bglJ, ydeO, uxuR, exuR, nhaR, dpiA
1351 	 leuO, bglJ, ydeO, uxuR, exuR, dpiA
1352 	 leuO, bglJ, ydeO, uxuR, nhaR
1353 	 leuO, bglJ, ydeO, uxuR
1354 	 leuO, bglJ, ydeO, uxuR, nhaR
1355 	 leuO, bglJ, ydeO, uxuR
1356 	 leuO, bglJ, ydeO, uxuR, exuR, nhaR
1357 	 leuO, bglJ, ydeO, uxuR, exuR, nhaR
1358 	 leuO, bglJ, ydeO, uxuR, exuR
1359 	 leuO, bglJ, ydeO, uxuR, exuR
1360 	 leuO, evgA, bglJ, ydeO, nhaR
1361 	 leuO, evgA, bglJ, ydeO, nhaR
1362 	 leuO, evgA, bglJ, ydeO
1363 	 leuO, evgA, bglJ, ydeO
1364 	 leuO, evgA, bglJ, ydeO, nhaR, dpiA
1365 	 leuO, evgA, bglJ, ydeO, nhaR, dpiA
1366 	 leuO, evgA, bglJ, ydeO, dpiA
1367 	 leuO, evgA, bglJ, ydeO, dpiA
1368 	 leuO, evgA, bglJ, ydeO, nhaR
1369 	 leuO, evgA, bglJ, ydeO, nhaR
1370 	 leuO, evgA, bglJ, ydeO
1371 	 leuO, evgA, bglJ, ydeO
1372 	 leuO, bglJ, ydeO, nhaR
1373 	 leuO, bglJ, ydeO, nhaR
1374 	 leuO, bglJ, ydeO
1375 	 leuO, bglJ, ydeO
1376 	 leuO, bglJ, ydeO, nhaR, dpiA
1377 	 leuO, bglJ, ydeO, nhaR, dpiA
1378 	 leuO, bglJ, ydeO, dpiA
1379 	 leuO, bglJ, ydeO, dpiA
1380 	 leuO, bglJ, ydeO, nhaR
1381 	 leuO, bglJ, ydeO, nhaR
1382 	 leuO, bglJ, ydeO
1383 	 leuO, bglJ, ydeO
1384 	 leuO, evgA, bglJ, ydeO, uxuR, fucR, nhaR
1385 	 leuO, evgA, bglJ, ydeO, uxuR, fucR, nhaR
1386 	 leuO, evgA, bglJ, ydeO, uxuR, fucR
1387 	 leuO, evgA, bglJ, ydeO, uxuR, fucR
1388 	 leuO, evgA, bglJ, ydeO, uxuR, exuR, fucR, nhaR
1389 	 leuO, evgA, bglJ, ydeO, uxuR, exuR, fucR, nhaR
1390 	 leuO, evgA, bglJ, ydeO, uxuR, exuR, fucR
1391 	 leuO, evgA, bglJ, ydeO, uxuR, exuR, fucR
1392 	 leuO, evgA, bglJ, ydeO, uxuR, fucR, nhaR, dpiA
1393 	 leuO, evgA, bglJ, ydeO, uxuR, fucR, nhaR, dpiA
1394 	 leuO, evgA, bglJ, ydeO, uxuR, fucR, dpiA
1395 	 leuO, evgA, bglJ, ydeO, uxuR, fucR, dpiA
1396 	 leuO, evgA, bglJ, ydeO, uxuR, exuR, fucR, nhaR, dpiA
1397 	 leuO, evgA, bglJ, ydeO, uxuR, exuR, fucR, nhaR, dpiA
1398 	 leuO, evgA, bglJ, ydeO, uxuR, exuR, fucR, dpiA
1399 	 leuO, evgA, bglJ, ydeO, uxuR, exuR, fucR, dpiA
1400 	 leuO, evgA, bglJ, ydeO, uxuR, fucR, nhaR
1401 	 leuO, evgA, bglJ, ydeO, uxuR, fucR, nhaR
1402 	 leuO, evgA, bglJ, ydeO, uxuR, fucR
1403 	 leuO, evgA, bglJ, ydeO, uxuR, fucR
1404 	 leuO, evgA, bglJ, ydeO, uxuR, exuR, fucR, nhaR
1405 	 leuO, evgA, bglJ, ydeO, uxuR, exuR, fucR, nhaR
1406 	 leuO, evgA, bglJ, ydeO, uxuR, exuR, fucR
1407 	 leuO, evgA, bglJ, ydeO, uxuR, exuR, fucR
1408 	 leuO, bglJ, ydeO, uxuR, fucR, nhaR
1409 	 leuO, bglJ, ydeO, uxuR, fucR, nhaR
1410 	 leuO, bglJ, ydeO, uxuR, fucR
1411 	 leuO, bglJ, ydeO, uxuR, fucR
1412 	 leuO, bglJ, ydeO, uxuR, exuR, fucR, nhaR
1413 	 leuO, bglJ, ydeO, uxuR, exuR, fucR, nhaR
1414 	 leuO, bglJ, ydeO, uxuR, exuR, fucR
1415 	 leuO, bglJ, ydeO, uxuR, exuR, fucR
1416 	 leuO, bglJ, ydeO, uxuR, fucR, nhaR, dpiA
1417 	 leuO, bglJ, ydeO, uxuR, fucR, nhaR, dpiA
1418 	 leuO, bglJ, ydeO, uxuR, fucR, dpiA
1419 	 leuO, bglJ, ydeO, uxuR, fucR, dpiA
1420 	 leuO, bglJ, ydeO, uxuR, exuR, fucR, nhaR, dpiA
1421 	 leuO, bglJ, ydeO, uxuR, exuR, fucR, nhaR, dpiA
1422 	 leuO, bglJ, ydeO, uxuR, exuR, fucR, dpiA
1423 	 leuO, bglJ, ydeO, uxuR, exuR, fucR, dpiA
1424 	 leuO, bglJ, ydeO, uxuR, fucR, nhaR
1425 	 leuO, bglJ, ydeO, uxuR, fucR, nhaR
1426 	 leuO, bglJ, ydeO, uxuR, fucR
1427 	 leuO, bglJ, ydeO, uxuR, fucR
1428 	 leuO, bglJ, ydeO, uxuR, exuR, fucR, nhaR
1429 	 leuO, bglJ, ydeO, uxuR, exuR, fucR, nhaR
1430 	 leuO, bglJ, ydeO, uxuR, exuR, fucR
1431 	 leuO, bglJ, ydeO, uxuR, exuR, fucR
1432 	 leuO, evgA, bglJ, ydeO, fucR, nhaR
1433 	 leuO, evgA, bglJ, ydeO, fucR, nhaR
1434 	 leuO, evgA, bglJ, ydeO, fucR
1435 	 leuO, evgA, bglJ, ydeO, fucR
1436 	 leuO, evgA, bglJ, ydeO, fucR, nhaR, dpiA
1437 	 leuO, evgA, bglJ, ydeO, fucR, dpiA
1438 	 leuO, evgA, bglJ, ydeO, fucR, nhaR, dpiA
1439 	 leuO, evgA, bglJ, ydeO, fucR, dpiA
1440 	 leuO, evgA, bglJ, ydeO, fucR, nhaR
1441 	 leuO, evgA, bglJ, ydeO, fucR, nhaR
1442 	 leuO, evgA, bglJ, ydeO, fucR
1443 	 leuO, evgA, bglJ, ydeO, fucR
1444 	 leuO, bglJ, ydeO, fucR, nhaR
1445 	 leuO, bglJ, ydeO, fucR
1446 	 leuO, bglJ, ydeO, fucR, nhaR
1447 	 leuO, bglJ, ydeO, fucR
1448 	 leuO, bglJ, ydeO, fucR, nhaR, dpiA
1449 	 leuO, bglJ, ydeO, fucR, nhaR, dpiA
1450 	 leuO, bglJ, ydeO, fucR, dpiA
1451 	 leuO, bglJ, ydeO, fucR, dpiA
1452 	 leuO, bglJ, ydeO, fucR, nhaR
1453 	 leuO, bglJ, ydeO, fucR
1454 	 leuO, bglJ, ydeO, fucR, nhaR
1455 	 leuO, bglJ, ydeO, fucR
1456 	 leuO, evgA, bglJ, ydeO, uxuR, exuR, cadC, nhaR, dpiA
1457 	 leuO, evgA, bglJ, ydeO, uxuR, exuR, cadC, dpiA
1458 	 leuO, evgA, bglJ, ydeO, uxuR, cadC, nhaR
1459 	 leuO, evgA, bglJ, ydeO, uxuR, cadC
1460 	 leuO, evgA, bglJ, ydeO, uxuR, exuR, cadC, nhaR
1461 	 leuO, evgA, bglJ, ydeO, uxuR, exuR, cadC
1462 	 leuO, bglJ, ydeO, uxuR, exuR, cadC, nhaR, dpiA
1463 	 leuO, bglJ, ydeO, uxuR, exuR, cadC, dpiA
1464 	 leuO, bglJ, ydeO, uxuR, cadC, nhaR
1465 	 leuO, bglJ, ydeO, uxuR, cadC
1466 	 leuO, bglJ, ydeO, uxuR, exuR, cadC, nhaR
1467 	 leuO, bglJ, ydeO, uxuR, exuR, cadC
1468 	 leuO, evgA, bglJ, ydeO, cadC, dpiA
1469 	 leuO, evgA, bglJ, ydeO, cadC, nhaR
1470 	 leuO, evgA, bglJ, ydeO, cadC
1471 	 leuO, bglJ, ydeO, cadC, nhaR, dpiA
1472 	 leuO, bglJ, ydeO, cadC, dpiA
1473 	 leuO, bglJ, ydeO, cadC, nhaR
1474 	 leuO, bglJ, ydeO, cadC
1475 	 leuO, evgA, bglJ, ydeO, uxuR, cadC, fucR, nhaR, dpiA
1476 	 leuO, evgA, bglJ, ydeO, uxuR, cadC, fucR, dpiA
1477 	 leuO, evgA, bglJ, ydeO, uxuR, exuR, cadC, fucR, nhaR, dpiA
1478 	 leuO, evgA, bglJ, ydeO, uxuR, exuR, cadC, fucR, dpiA
1479 	 leuO, evgA, bglJ, ydeO, uxuR, cadC, fucR, nhaR
1480 	 leuO, evgA, bglJ, ydeO, uxuR, cadC, fucR
1481 	 leuO, evgA, bglJ, ydeO, uxuR, exuR, cadC, fucR, nhaR
1482 	 leuO, evgA, bglJ, ydeO, uxuR, exuR, cadC, fucR
1483 	 leuO, bglJ, ydeO, uxuR, cadC, fucR, nhaR, dpiA
1484 	 leuO, bglJ, ydeO, uxuR, cadC, fucR, dpiA
1485 	 leuO, bglJ, ydeO, uxuR, exuR, cadC, fucR, nhaR, dpiA
1486 	 leuO, bglJ, ydeO, uxuR, exuR, cadC, fucR, dpiA
1487 	 leuO, bglJ, ydeO, uxuR, cadC, fucR, nhaR
1488 	 leuO, bglJ, ydeO, uxuR, cadC, fucR
1489 	 leuO, evgA, bglJ, ydeO, cadC, fucR, nhaR, dpiA
1490 	 leuO, bglJ, ydeO, uxuR, exuR, cadC, fucR, nhaR
1491 	 leuO, bglJ, ydeO, uxuR, exuR, cadC, fucR
1492 	 leuO, evgA, bglJ, ydeO, cadC, fucR, dpiA
1493 	 leuO, evgA, bglJ, ydeO, cadC, fucR, nhaR
1494 	 leuO, evgA, bglJ, ydeO, cadC, fucR
1495 	 leuO, bglJ, ydeO, cadC, fucR, nhaR, dpiA
1496 	 leuO, bglJ, ydeO, cadC, fucR, dpiA
1497 	 leuO, bglJ, ydeO, cadC, fucR, nhaR
1498 	 leuO, bglJ, ydeO, cadC, fucR
1499 	 leuO, evgA, bglJ, ydeO, uxuR, exuR, nhaR, dpiA
1500 	 leuO, evgA, bglJ, ydeO, uxuR, exuR, dpiA
1501 	 leuO, evgA, bglJ, ydeO, uxuR, nhaR
1502 	 leuO, evgA, bglJ, ydeO, uxuR
1503 	 leuO, evgA, bglJ, ydeO, uxuR, exuR, nhaR
1504 	 leuO, evgA, bglJ, ydeO, uxuR, exuR
1505 	 leuO, bglJ, ydeO, uxuR, exuR, nhaR, dpiA
1506 	 leuO, bglJ, ydeO, uxuR, exuR, dpiA
1507 	 leuO, bglJ, ydeO, uxuR, nhaR
1508 	 leuO, bglJ, ydeO, uxuR, exuR, nhaR
1509 	 leuO, bglJ, ydeO, uxuR
1510 	 leuO, bglJ, ydeO, uxuR, exuR
1511 	 leuO, evgA, bglJ, ydeO, nhaR, dpiA
1512 	 leuO, evgA, bglJ, ydeO, dpiA
1513 	 leuO, evgA, bglJ, ydeO, nhaR
1514 	 leuO, evgA, bglJ, ydeO
1515 	 leuO, bglJ, ydeO, nhaR, dpiA
1516 	 leuO, bglJ, ydeO, dpiA
1517 	 leuO, bglJ, ydeO, nhaR
1518 	 leuO, bglJ, ydeO
1519 	 leuO, evgA, bglJ, ydeO, uxuR, fucR, nhaR, dpiA
1520 	 leuO, evgA, bglJ, ydeO, uxuR, fucR, dpiA
1521 	 leuO, evgA, bglJ, ydeO, uxuR, exuR, fucR, nhaR, dpiA
1522 	 leuO, evgA, bglJ, ydeO, uxuR, exuR, fucR, dpiA
1523 	 leuO, evgA, bglJ, ydeO, uxuR, fucR, nhaR
1524 	 leuO, evgA, bglJ, ydeO, uxuR, fucR
1525 	 leuO, evgA, bglJ, ydeO, uxuR, exuR, fucR, nhaR
1526 	 leuO, evgA, bglJ, ydeO, uxuR, exuR, fucR
1527 	 leuO, bglJ, ydeO, uxuR, fucR, nhaR, dpiA
1528 	 leuO, bglJ, ydeO, uxuR, fucR, dpiA
1529 	 leuO, bglJ, ydeO, uxuR, exuR, fucR, nhaR, dpiA
1530 	 leuO, bglJ, ydeO, uxuR, exuR, fucR, dpiA
1531 	 leuO, bglJ, ydeO, uxuR, fucR, nhaR
1532 	 leuO, bglJ, ydeO, uxuR, fucR
1533 	 leuO, bglJ, ydeO, uxuR, exuR, fucR, nhaR
1534 	 leuO, bglJ, ydeO, uxuR, exuR, fucR
1535 	 leuO, evgA, bglJ, ydeO, fucR, nhaR, dpiA
1536 	 leuO, evgA, bglJ, ydeO, fucR, dpiA
1537 	 leuO, evgA, bglJ, ydeO, fucR, nhaR
1538 	 leuO, evgA, bglJ, ydeO, fucR
1539 	 leuO, bglJ, ydeO, fucR, nhaR, dpiA
1540 	 leuO, bglJ, ydeO, fucR, dpiA
1541 	 leuO, bglJ, ydeO, fucR, nhaR
1542 	 leuO, bglJ, ydeO, fucR
1543 	 evgA, ydeO, fhlA, uxuR, exuR, cadC, nhaR
1544 	 evgA, ydeO, uxuR, exuR, cadC, nhaR
1545 	 evgA, ydeO, fhlA, uxuR, exuR, cadC
1546 	 evgA, ydeO, uxuR, exuR, cadC, nhaR
1547 	 fhlA, uxuR, exuR, cadC, nhaR
1548 	 evgA, ydeO, uxuR, exuR, cadC
1549 	 fhlA, uxuR, exuR, cadC
1550 	 evgA, ydeO, uxuR, exuR, cadC
1551 	 evgA, ydeO, fhlA, cadC, nhaR
1552 	 evgA, ydeO, uxuR, exuR, cadC, nhaR, dpiA
1553 	 evgA, ydeO, fhlA, cadC
1554 	 evgA, ydeO, uxuR, exuR, cadC, nhaR, dpiA
1555 	 fhlA, cadC, nhaR
1556 	 evgA, ydeO, uxuR, exuR, cadC, dpiA
1557 	 fhlA, cadC
1558 	 evgA, ydeO, uxuR, exuR, cadC, dpiA
1559 	 evgA, ydeO, fhlA, uxuR, cadC, fucR, nhaR
1560 	 evgA, ydeO, uxuR, cadC, nhaR
1561 	 evgA, ydeO, fhlA, uxuR, exuR, cadC, fucR, nhaR
1562 	 evgA, ydeO, uxuR, cadC
1563 	 evgA, ydeO, fhlA, uxuR, cadC, fucR
1564 	 evgA, ydeO, uxuR, exuR, cadC, nhaR
1565 	 evgA, ydeO, fhlA, uxuR, exuR, cadC, fucR
1566 	 evgA, ydeO, uxuR, cadC, nhaR
1567 	 fhlA, uxuR, cadC, fucR, nhaR
1568 	 evgA, ydeO, uxuR, exuR, cadC, nhaR
1569 	 fhlA, uxuR, exuR, cadC, fucR, nhaR
1570 	 evgA, ydeO, uxuR, cadC
1571 	 fhlA, uxuR, cadC, fucR
1572 	 evgA, ydeO, uxuR, exuR, cadC
1573 	 fhlA, uxuR, exuR, cadC, fucR
1574 	 uxuR, exuR, cadC, nhaR, dpiA
1575 	 evgA, ydeO, fhlA, cadC, fucR, nhaR
1576 	 evgA, ydeO, uxuR, exuR, cadC
1577 	 evgA, ydeO, fhlA, cadC, fucR
1578 	 uxuR, exuR, cadC, nhaR
1579 	 fhlA, cadC, fucR, nhaR
1580 	 uxuR, exuR, cadC, nhaR
1581 	 fhlA, cadC, fucR
1582 	 uxuR, exuR, cadC
1583 	 evgA, ydeO, fhlA, uxuR, exuR, nhaR
1584 	 uxuR, exuR, cadC
1585 	 evgA, ydeO, fhlA, uxuR, exuR
1586 	 uxuR, exuR, cadC, nhaR, dpiA
1587 	 fhlA, uxuR, exuR, nhaR
1588 	 uxuR, exuR, cadC, dpiA
1589 	 fhlA, uxuR, exuR
1590 	 uxuR, exuR, cadC, dpiA
1591 	 evgA, ydeO, fhlA, nhaR
1592 	 uxuR, cadC, nhaR
1593 	 evgA, ydeO, fhlA
1594 	 uxuR, cadC, nhaR
1595 	 fhlA, nhaR
1596 	 uxuR, cadC
1597 	 fhlA
1598 	 uxuR, exuR, cadC, nhaR
1599 	 evgA, ydeO, fhlA, uxuR, fucR, nhaR
1600 	 uxuR, exuR, cadC, nhaR
1601 	 evgA, ydeO, fhlA, uxuR, fucR
1602 	 uxuR, exuR, cadC
1603 	 evgA, ydeO, fhlA, uxuR, exuR, fucR, nhaR
1604 	 uxuR, cadC
1605 	 evgA, ydeO, fhlA, uxuR, exuR, fucR
1606 	 uxuR, exuR, cadC
1607 	 fhlA, uxuR, fucR, nhaR
1608 	 evgA, ydeO, cadC, nhaR
1609 	 fhlA, uxuR, fucR
1610 	 evgA, ydeO, cadC, nhaR
1611 	 fhlA, uxuR, exuR, fucR, nhaR
1612 	 evgA, ydeO, cadC
1613 	 fhlA, uxuR, exuR, fucR
1614 	 evgA, ydeO, cadC
1615 	 evgA, ydeO, fhlA, fucR, nhaR
1616 	 evgA, ydeO, cadC, nhaR, dpiA
1617 	 evgA, ydeO, fhlA, fucR
1618 	 evgA, ydeO, cadC, nhaR
1619 	 fhlA, fucR, nhaR
1620 	 evgA, ydeO, cadC, dpiA
1621 	 fhlA, fucR
1622 	 evgA, ydeO, cadC
1623 	 evgA, ydeO, cadC, nhaR, dpiA
1624 	 evgA, ydeO, cadC, dpiA
1625 	 evgA, ydeO, cadC, nhaR
1626 	 evgA, ydeO, cadC
1627 	 cadC, nhaR
1628 	 cadC, nhaR
1629 	 cadC
1630 	 cadC, nhaR, dpiA
1631 	 cadC, nhaR
1632 	 cadC, nhaR, dpiA
1633 	 cadC, dpiA
1634 	 cadC, dpiA
1635 	 cadC
1636 	 cadC, nhaR
1637 	 evgA, ydeO, uxuR, cadC, fucR, nhaR
1638 	 evgA, ydeO, uxuR, exuR, cadC, fucR, nhaR
1639 	 evgA, ydeO, uxuR, cadC, fucR, nhaR
1640 	 evgA, ydeO, uxuR, cadC, fucR
1641 	 evgA, ydeO, uxuR, exuR, cadC, fucR, nhaR
1642 	 evgA, ydeO, uxuR, cadC, fucR
1643 	 evgA, ydeO, uxuR, exuR, cadC, fucR
1644 	 evgA, ydeO, uxuR, exuR, cadC, fucR
1645 	 evgA, ydeO, uxuR, cadC, fucR, nhaR, dpiA
1646 	 evgA, ydeO, uxuR, cadC, fucR, dpiA
1647 	 evgA, ydeO, uxuR, cadC, fucR, nhaR
1648 	 evgA, ydeO, uxuR, cadC, fucR
1649 	 evgA, ydeO, uxuR, cadC, fucR, nhaR, dpiA
1650 	 evgA, ydeO, uxuR, exuR, cadC, fucR, nhaR, dpiA
1651 	 evgA, ydeO, uxuR, cadC, fucR, nhaR
1652 	 evgA, ydeO, uxuR, exuR, cadC, fucR, nhaR
1653 	 evgA, ydeO, uxuR, cadC, fucR, dpiA
1654 	 evgA, ydeO, uxuR, exuR, cadC, fucR, dpiA
1655 	 evgA, ydeO, uxuR, cadC, fucR
1656 	 evgA, ydeO, uxuR, exuR, cadC, fucR, nhaR, dpiA
1657 	 evgA, ydeO, uxuR, exuR, cadC, fucR
1658 	 evgA, ydeO, uxuR, exuR, cadC, fucR, nhaR
1659 	 evgA, ydeO, uxuR, exuR, cadC, fucR, dpiA
1660 	 evgA, ydeO, uxuR, exuR, cadC, fucR
1661 	 uxuR, cadC, fucR, nhaR
1662 	 uxuR, exuR, cadC, fucR, nhaR
1663 	 uxuR, cadC, fucR
1664 	 uxuR, cadC, fucR, nhaR
1665 	 uxuR, exuR, cadC, fucR
1666 	 uxuR, cadC, fucR
1667 	 uxuR, exuR, cadC, fucR, nhaR
1668 	 uxuR, exuR, cadC, fucR
1669 	 uxuR, cadC, fucR, nhaR, dpiA
1670 	 uxuR, cadC, fucR, nhaR, dpiA
1671 	 uxuR, cadC, fucR, nhaR
1672 	 uxuR, cadC, fucR, nhaR
1673 	 uxuR, cadC, fucR, dpiA
1674 	 uxuR, exuR, cadC, fucR, nhaR, dpiA
1675 	 uxuR, cadC, fucR
1676 	 uxuR, exuR, cadC, fucR, nhaR, dpiA
1677 	 uxuR, cadC, fucR, dpiA
1678 	 uxuR, exuR, cadC, fucR, nhaR
1679 	 uxuR, cadC, fucR
1680 	 uxuR, exuR, cadC, fucR, dpiA
1681 	 uxuR, exuR, cadC, fucR, dpiA
1682 	 uxuR, exuR, cadC, fucR, nhaR
1683 	 uxuR, exuR, cadC, fucR
1684 	 uxuR, exuR, cadC, fucR
1685 	 evgA, ydeO, cadC, fucR, nhaR
1686 	 evgA, ydeO, cadC, fucR
1687 	 evgA, ydeO, cadC, fucR, nhaR
1688 	 evgA, ydeO, cadC, fucR
1689 	 evgA, ydeO, cadC, fucR, nhaR, dpiA
1690 	 evgA, ydeO, cadC, fucR, dpiA
1691 	 evgA, ydeO, cadC, fucR, nhaR
1692 	 evgA, ydeO, cadC, fucR
1693 	 evgA, ydeO, cadC, fucR, nhaR, dpiA
1694 	 evgA, ydeO, cadC, fucR, nhaR
1695 	 evgA, ydeO, cadC, fucR, dpiA
1696 	 evgA, ydeO, cadC, fucR
1697 	 cadC, fucR, nhaR
1698 	 cadC, fucR
1699 	 cadC, fucR, nhaR
1700 	 cadC, fucR
1701 	 cadC, fucR, nhaR, dpiA
1702 	 cadC, fucR, nhaR
1703 	 cadC, fucR, dpiA
1704 	 cadC, fucR, nhaR, dpiA
1705 	 cadC, fucR
1706 	 cadC, fucR, dpiA
1707 	 cadC, fucR, nhaR
1708 	 cadC, fucR
1709 	 evgA, ydeO, uxuR, exuR, nhaR
1710 	 evgA, ydeO, uxuR, exuR
1711 	 evgA, ydeO, uxuR, exuR, nhaR
1712 	 evgA, ydeO, uxuR, exuR
1713 	 evgA, ydeO, uxuR, exuR, nhaR, dpiA
1714 	 evgA, ydeO, uxuR, exuR, nhaR, dpiA
1715 	 evgA, ydeO, uxuR, nhaR
1716 	 evgA, ydeO, uxuR, exuR, dpiA
1717 	 evgA, ydeO, uxuR, exuR, dpiA
1718 	 evgA, ydeO, uxuR, nhaR
1719 	 evgA, ydeO, uxuR, exuR, nhaR
1720 	 evgA, ydeO, uxuR
1721 	 evgA, ydeO, uxuR, exuR
1722 	 evgA, ydeO, uxuR
1723 	 evgA, ydeO, uxuR, exuR, nhaR
1724 	 evgA, ydeO, uxuR, exuR
1725 	 uxuR, exuR, nhaR
1726 	 uxuR, exuR, nhaR
1727 	 uxuR, exuR
1728 	 uxuR, exuR
1729 	 uxuR, exuR, nhaR, dpiA
1730 	 uxuR, nhaR
1731 	 uxuR, exuR, nhaR
1732 	 uxuR
1733 	 uxuR, exuR, nhaR, dpiA
1734 	 uxuR, nhaR
1735 	 uxuR, exuR, nhaR
1736 	 uxuR
1737 	 uxuR, exuR, dpiA
1738 	 uxuR, exuR, dpiA
1739 	 uxuR, exuR
1740 	 uxuR, exuR
1741 	 evgA, ydeO, nhaR
1742 	 evgA, ydeO
1743 	 evgA, ydeO, nhaR
1744 	 evgA, ydeO
1745 	 evgA, ydeO, nhaR, dpiA
1746 	 evgA, ydeO, nhaR
1747 	 evgA, ydeO, nhaR, dpiA
1748 	 evgA, ydeO, dpiA
1749 	 evgA, ydeO, nhaR
1750 	 evgA, ydeO
1751 	 evgA, ydeO, dpiA
1752 	 evgA, ydeO
1753 	 nhaR
1754 	 nhaR
1756 	 nhaR, dpiA
1757 	 dpiA
1758 	 nhaR
1759 	 nhaR, dpiA
1760 	 nhaR
1761 	 dpiA
1763 	 evgA, ydeO, uxuR, fucR, nhaR, dpiA
1764 	 evgA, ydeO, uxuR, exuR, fucR, nhaR, dpiA
1765 	 evgA, ydeO, uxuR, fucR, nhaR, dpiA
1766 	 evgA, ydeO, uxuR, exuR, fucR, nhaR, dpiA
1767 	 evgA, ydeO, uxuR, fucR, nhaR
1768 	 evgA, ydeO, uxuR, fucR, dpiA
1769 	 evgA, ydeO, uxuR, fucR, nhaR
1770 	 evgA, ydeO, uxuR, fucR, dpiA
1771 	 evgA, ydeO, uxuR, fucR, nhaR
1772 	 evgA, ydeO, uxuR, fucR
1773 	 evgA, ydeO, uxuR, exuR, fucR, dpiA
1774 	 evgA, ydeO, uxuR, exuR, fucR, nhaR
1775 	 evgA, ydeO, uxuR, exuR, fucR, nhaR
1776 	 evgA, ydeO, uxuR, fucR, nhaR
1777 	 evgA, ydeO, uxuR, fucR
1778 	 evgA, ydeO, uxuR, exuR, fucR, nhaR
1779 	 evgA, ydeO, uxuR, exuR, fucR
1780 	 evgA, ydeO, uxuR, exuR, fucR, nhaR
1781 	 evgA, ydeO, uxuR, exuR, fucR
1782 	 evgA, ydeO, uxuR, exuR, fucR, dpiA
1783 	 evgA, ydeO, uxuR, fucR
1784 	 evgA, ydeO, uxuR, fucR
1785 	 evgA, ydeO, uxuR, exuR, fucR
1786 	 evgA, ydeO, uxuR, exuR, fucR
1787 	 uxuR, fucR, nhaR, dpiA
1788 	 uxuR, fucR, nhaR, dpiA
1789 	 uxuR, exuR, fucR, nhaR, dpiA
1790 	 uxuR, exuR, fucR, nhaR, dpiA
1791 	 uxuR, fucR, dpiA
1792 	 uxuR, fucR, nhaR
1793 	 uxuR, fucR, dpiA
1794 	 uxuR, fucR, nhaR
1795 	 uxuR, fucR
1796 	 uxuR, exuR, fucR, dpiA
1797 	 uxuR, exuR, fucR, nhaR
1798 	 uxuR, exuR, fucR, nhaR
1799 	 uxuR, fucR, nhaR
1800 	 uxuR, fucR
1801 	 uxuR, fucR, nhaR
1802 	 uxuR, exuR, fucR
1803 	 uxuR, exuR, fucR, nhaR
1804 	 uxuR, exuR, fucR
1805 	 uxuR, exuR, fucR, nhaR
1806 	 uxuR, exuR, fucR, dpiA
1807 	 uxuR, fucR
1808 	 uxuR, fucR
1809 	 uxuR, exuR, fucR
1810 	 uxuR, exuR, fucR
1811 	 evgA, ydeO, fucR, nhaR, dpiA
1812 	 evgA, ydeO, fucR, nhaR
1813 	 evgA, ydeO, fucR, nhaR
1814 	 evgA, ydeO, fucR, dpiA
1815 	 evgA, ydeO, fucR, nhaR, dpiA
1816 	 evgA, ydeO, fucR, dpiA
1817 	 evgA, ydeO, fucR
1818 	 evgA, ydeO, fucR, nhaR
1819 	 evgA, ydeO, fucR, nhaR
1820 	 evgA, ydeO, fucR
1821 	 evgA, ydeO, fucR
1822 	 evgA, ydeO, fucR
1823 	 fucR, nhaR, dpiA
1824 	 fucR, dpiA
1825 	 fucR, nhaR
1826 	 fucR, nhaR, dpiA
1827 	 fucR, nhaR
1828 	 fucR, dpiA
1829 	 fucR
1830 	 fucR, nhaR
1831 	 fucR, nhaR
1832 	 fucR
1833 	 fucR
1834 	 fucR
1835 	 evgA, ydeO, uxuR, cadC, nhaR
1836 	 evgA, ydeO, uxuR, exuR, cadC, nhaR, dpiA
1837 	 evgA, ydeO, uxuR, cadC
1838 	 evgA, ydeO, uxuR, exuR, cadC, dpiA
1839 	 evgA, ydeO, uxuR, exuR, cadC, nhaR
1840 	 evgA, ydeO, uxuR, exuR, cadC
1841 	 uxuR, exuR, cadC, nhaR, dpiA
1842 	 uxuR, cadC, nhaR
1843 	 uxuR, exuR, cadC, dpiA
1844 	 uxuR, cadC
1845 	 uxuR, exuR, cadC, nhaR
1846 	 uxuR, exuR, cadC
1847 	 evgA, ydeO, cadC, nhaR, dpiA
1848 	 evgA, ydeO, cadC, nhaR
1849 	 evgA, ydeO, cadC, dpiA
1850 	 evgA, ydeO, cadC
1851 	 cadC, nhaR, dpiA
1852 	 cadC, dpiA
1853 	 cadC, nhaR
1854 	 evgA, ydeO, uxuR, cadC, fucR, nhaR, dpiA
1855 	 evgA, ydeO, uxuR, cadC, fucR, dpiA
1856 	 evgA, ydeO, uxuR, exuR, cadC, fucR, nhaR, dpiA
1857 	 evgA, ydeO, uxuR, cadC, fucR, nhaR
1858 	 evgA, ydeO, uxuR, exuR, cadC, fucR, dpiA
1859 	 evgA, ydeO, uxuR, exuR, cadC, fucR, nhaR
1860 	 evgA, ydeO, uxuR, cadC, fucR
1861 	 evgA, ydeO, uxuR, exuR, cadC, fucR
1862 	 uxuR, cadC, fucR, nhaR, dpiA
1863 	 uxuR, cadC, fucR, dpiA
1864 	 uxuR, cadC, fucR, nhaR
1865 	 uxuR, cadC, fucR
1866 	 uxuR, exuR, cadC, fucR, nhaR, dpiA
1867 	 uxuR, exuR, cadC, fucR, dpiA
1868 	 uxuR, exuR, cadC, fucR, nhaR
1869 	 uxuR, exuR, cadC, fucR
1870 	 evgA, ydeO, cadC, fucR, nhaR, dpiA
1871 	 evgA, ydeO, cadC, fucR, dpiA
1872 	 evgA, ydeO, cadC, fucR, nhaR
1873 	 evgA, ydeO, cadC, fucR
1874 	 cadC, fucR, nhaR, dpiA
1875 	 cadC, fucR, nhaR
1876 	 cadC, fucR, dpiA
1877 	 cadC, fucR
1878 	 evgA, ydeO, uxuR, exuR, nhaR, dpiA
1879 	 evgA, ydeO, uxuR, nhaR
1880 	 evgA, ydeO, uxuR, exuR, dpiA
1881 	 evgA, ydeO, uxuR
1882 	 evgA, ydeO, uxuR, exuR, nhaR
1883 	 evgA, ydeO, uxuR, exuR
1884 	 uxuR, nhaR
1885 	 uxuR, exuR, nhaR, dpiA
1886 	 uxuR
1887 	 uxuR, exuR, dpiA
1888 	 uxuR, exuR, nhaR
1889 	 uxuR, exuR
1890 	 evgA, ydeO, nhaR, dpiA
1891 	 evgA, ydeO, dpiA
1892 	 evgA, ydeO, nhaR
1893 	 evgA, ydeO
1894 	 nhaR, dpiA
1895 	 dpiA
1896 	 nhaR
1897 	 evgA, ydeO, uxuR, fucR, nhaR, dpiA
1898 	 evgA, ydeO, uxuR, fucR, dpiA
1899 	 evgA, ydeO, uxuR, exuR, fucR, nhaR, dpiA
1900 	 evgA, ydeO, uxuR, fucR, nhaR
1901 	 evgA, ydeO, uxuR, exuR, fucR, dpiA
1902 	 evgA, ydeO, uxuR, exuR, fucR, nhaR
1903 	 evgA, ydeO, uxuR, fucR
1904 	 evgA, ydeO, uxuR, exuR, fucR
1905 	 uxuR, fucR, nhaR, dpiA
1906 	 uxuR, fucR, nhaR
1907 	 uxuR, fucR, dpiA
1908 	 uxuR, fucR
1909 	 uxuR, exuR, fucR, nhaR, dpiA
1910 	 uxuR, exuR, fucR, nhaR
1911 	 uxuR, exuR, fucR, dpiA
1912 	 uxuR, exuR, fucR
1913 	 evgA, ydeO, fucR, nhaR, dpiA
1914 	 evgA, ydeO, fucR, nhaR
1915 	 evgA, ydeO, fucR, dpiA
1916 	 evgA, ydeO, fucR
1917 	 fucR, nhaR, dpiA
1918 	 fucR, dpiA
1919 	 fucR, nhaR
1920 	 fucR
