9 	 zraR, melR
13 	 zraR, idnR
14 	 zraR, melR
16 	 zraR, melR, idnR
17 	 zraR, melR
18 	 zraR, fucR
19 	 zraR, fucR
22 	 zraR, idnR
24 	 zraR, melR
25 	 zraR, idnR, fucR
26 	 zraR, hyfR
27 	 zraR, melR, idnR
28 	 zraR, hyfR
29 	 zraR, fucR
30 	 zraR, idnR
31 	 zraR, melR
34 	 zraR, fucR
35 	 zraR, idnR
38 	 zraR, hyfR
40 	 zraR, idnR, fucR
41 	 zraR, idnR
42 	 zraR, idnR
43 	 zraR, melR
45 	 zraR, melR, fucR
46 	 zraR, hyfR
47 	 zraR, idnR
48 	 zraR, hyfR
49 	 zraR, idnR
50 	 zraR, melR, fucR
52 	 zraR, melR, idnR, fucR
54 	 zraR, melR, idnR, fucR
55 	 zraR, hyfR
56 	 zraR, melR
57 	 zraR, hyfR
58 	 zraR, melR
59 	 zraR, idnR
60 	 zraR, idnR
62 	 zraR, melR, idnR
63 	 zraR, hyfR
64 	 zraR, fucR
66 	 zraR, idnR, fucR
67 	 zraR, melR
68 	 zraR, fucR
69 	 zraR, idnR
70 	 zraR, melR
72 	 zraR, melR
73 	 zraR, fucR
74 	 zraR, idnR
75 	 zraR, idnR
76 	 zraR, melR, idnR
77 	 zraR, idnR
78 	 zraR, idnR
79 	 zraR, idnR, fucR
80 	 zraR, idnR
81 	 zraR, fucR
82 	 zraR, melR
83 	 zraR, fucR
84 	 zraR, melR, idnR
85 	 zraR, idnR, fucR
86 	 zraR, melR, idnR
87 	 zraR, idnR, fucR
88 	 zraR, melR
89 	 zraR, fucR
90 	 zraR, melR, idnR
91 	 zraR, fucR
92 	 zraR, melR, idnR
93 	 zraR, idnR, fucR
94 	 zraR, melR
95 	 zraR, idnR, fucR
96 	 zraR, melR
98 	 zraR, melR, fucR
99 	 zraR, melR
100 	 zraR, idnR
101 	 zraR, idnR, hyfR
102 	 zraR, idnR
103 	 zraR, idnR, hyfR
104 	 zraR, idnR
105 	 zraR, idnR, hyfR
106 	 zraR, idnR
107 	 zraR, idnR, hyfR
108 	 zraR, idnR
112 	 zraR, hyfR
113 	 zraR, idnR
114 	 zraR, hyfR
115 	 zraR, idnR
116 	 zraR, idnR, hyfR
117 	 zraR, idnR
118 	 zraR, idnR, hyfR
119 	 zraR, melR, idnR
120 	 zraR, melR, fucR
121 	 zraR, fucR
122 	 zraR, melR, idnR
123 	 zraR, melR, idnR, fucR
124 	 zraR, melR, idnR
125 	 zraR, melR, idnR, fucR
126 	 zraR, melR, idnR
127 	 zraR, fucR
128 	 zraR, melR
129 	 zraR, idnR, fucR
130 	 zraR, melR
131 	 zraR, fucR
132 	 zraR, melR, idnR
133 	 zraR, idnR, fucR
134 	 zraR, melR
135 	 zraR, idnR, fucR
136 	 zraR, melR, idnR
137 	 zraR, idnR, fucR
138 	 zraR, melR
139 	 zraR, melR, fucR
140 	 zraR, melR, idnR
141 	 zraR, melR, fucR
142 	 zraR, melR, idnR
143 	 zraR, melR, fucR
144 	 zraR, melR, fucR
145 	 zraR, melR, idnR, fucR
146 	 zraR, melR
147 	 zraR, melR, idnR, fucR
148 	 zraR, melR, idnR
149 	 zraR, melR, idnR, fucR
150 	 zraR, melR, idnR
151 	 zraR, melR, idnR, fucR
152 	 zraR, melR, idnR
153 	 zraR, melR, fucR
154 	 zraR, melR, idnR
155 	 zraR, melR, fucR
156 	 zraR, melR
157 	 zraR, fucR
158 	 zraR, melR
159 	 zraR, fucR
160 	 zraR, melR
161 	 zraR, fucR
162 	 zraR, melR, idnR
163 	 zraR, idnR, fucR
164 	 zraR, melR
165 	 zraR, fucR
166 	 zraR, melR, idnR
167 	 zraR, idnR, fucR
168 	 zraR, melR, idnR
169 	 zraR, idnR, fucR
170 	 zraR, melR, idnR
171 	 zraR, idnR, fucR
172 	 zraR, fucR
173 	 zraR, melR, fucR
174 	 zraR, idnR, fucR
175 	 zraR, melR, fucR
176 	 zraR, idnR, fucR
177 	 zraR, melR, idnR, fucR
178 	 zraR, fucR
179 	 zraR, melR, idnR, fucR
180 	 zraR, idnR, fucR
181 	 zraR, melR, idnR, fucR
182 	 zraR, idnR, fucR
183 	 zraR, melR, idnR, fucR
184 	 zraR, melR, fucR
185 	 zraR, melR, fucR
186 	 zraR, melR, fucR
187 	 zraR, melR, fucR
188 	 zraR, melR, idnR, fucR
189 	 zraR, melR, fucR
190 	 zraR, melR, idnR, fucR
191 	 zraR, melR, fucR
192 	 zraR, melR, fucR
193 	 zraR, melR, idnR, fucR
194 	 zraR, melR, fucR
195 	 zraR, melR, idnR, fucR
196 	 zraR, melR, idnR, fucR
197 	 zraR, melR, idnR, fucR
198 	 zraR, melR, idnR, fucR
199 	 zraR, melR, idnR, fucR
200 	 zraR, fucR
202 	 zraR, fucR
204 	 zraR, idnR, fucR
205 	 zraR, idnR
206 	 zraR, idnR, fucR
207 	 zraR, idnR
208 	 zraR, fucR
210 	 zraR, idnR, hyfR
211 	 zraR, melR
212 	 zraR, fucR
214 	 zraR, idnR, fucR
215 	 zraR, idnR
216 	 zraR, idnR, fucR
217 	 zraR, idnR
218 	 zraR, melR, fucR
219 	 zraR, melR, idnR
220 	 zraR, melR, fucR
221 	 zraR, melR
222 	 zraR, melR, idnR, fucR
223 	 zraR, melR, idnR
224 	 zraR, melR, fucR
225 	 zraR, melR
226 	 zraR, melR, idnR, fucR
227 	 zraR, melR, idnR
228 	 zraR, melR, fucR
229 	 zraR, melR
230 	 zraR, melR, idnR, fucR
231 	 zraR, melR, idnR
232 	 zraR, melR, idnR, fucR
233 	 zraR, fucR
234 	 zraR, melR, hyfR
235 	 zraR, fucR
236 	 zraR, idnR
237 	 zraR, idnR, fucR
238 	 zraR, idnR
239 	 zraR, idnR, fucR
240 	 zraR, idnR
241 	 zraR, melR, fucR
242 	 zraR, idnR
243 	 zraR, melR, idnR, fucR
245 	 zraR, melR, fucR
247 	 zraR, melR, idnR, fucR
248 	 zraR, idnR
249 	 zraR, fucR
251 	 zraR, fucR
252 	 zraR, idnR
253 	 zraR, idnR, fucR
255 	 zraR, idnR, fucR
256 	 zraR, idnR
257 	 zraR, melR, fucR
258 	 zraR, idnR
259 	 zraR, melR, fucR
260 	 zraR, melR
261 	 zraR, melR, idnR, fucR
262 	 zraR, melR
263 	 zraR, melR, idnR, fucR
264 	 zraR, melR
265 	 zraR, melR, idnR
266 	 zraR, melR, hyfR
267 	 zraR, melR, idnR
268 	 zraR, melR, hyfR
269 	 zraR, melR
270 	 zraR, melR, hyfR
271 	 zraR, melR, idnR
272 	 zraR, melR, idnR, hyfR
273 	 zraR, melR, idnR
274 	 zraR, melR, idnR, hyfR
275 	 zraR, melR
276 	 zraR, melR, idnR, hyfR
277 	 zraR, melR
278 	 zraR, melR, idnR, hyfR
279 	 zraR, melR, idnR
280 	 zraR, idnR, hyfR
281 	 zraR, melR
282 	 zraR, melR, hyfR
283 	 zraR, melR, idnR
284 	 zraR, melR, hyfR
285 	 zraR, melR
286 	 zraR, melR, idnR, hyfR
287 	 zraR, melR, idnR
288 	 zraR, melR, hyfR
289 	 zraR, melR, idnR
290 	 zraR, melR, hyfR
291 	 zraR, fucR
292 	 zraR, melR, idnR, hyfR
293 	 zraR, fucR
294 	 zraR, melR, idnR, hyfR
295 	 zraR, fucR
296 	 zraR, melR, idnR, hyfR
297 	 zraR, idnR, fucR
298 	 zraR, fucR, hyfR
299 	 zraR, idnR, fucR
300 	 zraR, fucR, hyfR
303 	 zraR, idnR
304 	 zraR, idnR
305 	 zraR, melR
307 	 zraR, melR
308 	 zraR, idnR
309 	 zraR, melR, idnR
311 	 zraR, melR, idnR
312 	 zraR, idnR
313 	 zraR, melR
314 	 zraR, melR, idnR
315 	 zraR, melR
316 	 zraR, melR, idnR
317 	 zraR, hyfR
318 	 zraR, fucR
319 	 zraR, hyfR
320 	 zraR, idnR, fucR
321 	 zraR, hyfR
322 	 zraR, idnR, fucR
323 	 zraR, idnR, hyfR
324 	 zraR, melR, fucR
325 	 zraR, idnR, hyfR
326 	 zraR, melR, fucR
327 	 zraR, idnR, hyfR
328 	 zraR, melR, idnR, fucR
329 	 zraR, idnR, hyfR
330 	 zraR, melR, idnR, fucR
331 	 zraR, melR, hyfR
332 	 zraR, melR, fucR
333 	 zraR, melR, hyfR
334 	 zraR, melR, fucR
335 	 zraR, melR, idnR, hyfR
336 	 zraR, melR, idnR, fucR
337 	 zraR, melR, idnR, hyfR
338 	 zraR, melR, idnR, fucR
339 	 zraR, melR, hyfR
340 	 zraR, fucR
341 	 zraR, melR, hyfR
342 	 zraR, fucR
343 	 zraR, melR, idnR, hyfR
344 	 zraR, fucR
345 	 zraR, melR, idnR, hyfR
346 	 zraR, fucR
347 	 zraR, hyfR
348 	 zraR, idnR, fucR
349 	 zraR, hyfR
350 	 zraR, idnR, fucR
351 	 zraR, hyfR
352 	 zraR, idnR, fucR
353 	 zraR, hyfR
354 	 zraR, idnR, fucR
355 	 zraR, idnR, hyfR
356 	 zraR, melR, fucR
357 	 zraR, idnR, hyfR
358 	 zraR, melR, fucR
359 	 zraR, idnR, hyfR
360 	 zraR, melR, idnR, fucR
361 	 zraR, idnR, hyfR
362 	 zraR, melR, idnR, fucR
363 	 zraR, melR, hyfR
364 	 zraR, melR, fucR
365 	 zraR, melR, hyfR
366 	 zraR, melR, fucR
367 	 zraR, melR, idnR, hyfR
368 	 zraR, melR, idnR, fucR
369 	 zraR, melR, idnR, hyfR
370 	 zraR, melR, idnR, fucR
371 	 zraR, melR, hyfR
372 	 zraR, fucR
373 	 zraR, melR, hyfR
374 	 zraR, fucR
375 	 zraR, melR, idnR, hyfR
376 	 zraR, idnR, fucR
377 	 zraR, melR, idnR, hyfR
378 	 zraR, idnR, fucR
379 	 zraR, hyfR
380 	 zraR, melR, fucR
381 	 zraR, idnR, hyfR
382 	 zraR, melR, fucR
383 	 zraR, idnR, fucR, hyfR
384 	 zraR, idnR, hyfR
385 	 zraR, melR, idnR, fucR
386 	 zraR, hyfR
387 	 zraR, melR, idnR, fucR
388 	 zraR, hyfR
389 	 zraR, fucR
390 	 zraR, idnR, hyfR
391 	 zraR, idnR, fucR
392 	 zraR, idnR, hyfR
393 	 zraR, fucR
394 	 zraR, melR, hyfR
395 	 zraR, idnR, fucR
396 	 zraR, melR, idnR, hyfR
397 	 zraR, melR, fucR
398 	 zraR, melR, hyfR
399 	 zraR, melR, fucR
400 	 zraR, melR, idnR, hyfR
401 	 zraR, melR, idnR, fucR
402 	 zraR, melR, hyfR
403 	 zraR, melR, idnR, fucR
404 	 zraR, melR, hyfR
405 	 zraR, melR, idnR, hyfR
406 	 zraR, idnR, fucR, hyfR
407 	 zraR, melR, idnR, hyfR
408 	 zraR, fucR, hyfR
409 	 zraR, fucR, hyfR
410 	 zraR, idnR, fucR, hyfR
411 	 zraR, idnR, fucR, hyfR
412 	 zraR, fucR, hyfR
413 	 zraR, melR, fucR, hyfR
414 	 zraR, fucR, hyfR
415 	 zraR, melR, fucR, hyfR
416 	 zraR, idnR, fucR, hyfR
417 	 zraR, melR, fucR, hyfR
418 	 zraR, idnR, fucR, hyfR
419 	 zraR, melR, fucR, hyfR
420 	 zraR, fucR, hyfR
421 	 zraR, melR, idnR, fucR, hyfR
422 	 zraR, fucR, hyfR
423 	 zraR, melR, idnR, fucR, hyfR
424 	 zraR, idnR, fucR, hyfR
425 	 zraR, melR, idnR, fucR, hyfR
426 	 zraR, idnR, fucR, hyfR
427 	 zraR, melR, idnR, fucR, hyfR
428 	 zraR, melR, fucR, hyfR
429 	 zraR, melR, fucR, hyfR
430 	 zraR, melR, fucR, hyfR
431 	 zraR, melR, idnR, fucR, hyfR
432 	 zraR, melR, fucR, hyfR
433 	 zraR, melR, idnR, fucR, hyfR
434 	 zraR, melR, idnR, fucR, hyfR
435 	 zraR, melR, idnR, fucR, hyfR
436 	 zraR, fucR, hyfR
437 	 zraR, fucR, hyfR
438 	 zraR, fucR, hyfR
439 	 zraR, idnR, fucR, hyfR
440 	 zraR, fucR, hyfR
441 	 zraR, idnR, fucR, hyfR
442 	 zraR, idnR, fucR, hyfR
443 	 zraR, idnR, fucR, hyfR
444 	 zraR, fucR, hyfR
445 	 zraR, melR, fucR, hyfR
446 	 zraR, fucR, hyfR
447 	 zraR, melR, fucR, hyfR
448 	 zraR, idnR, fucR, hyfR
449 	 zraR, melR, fucR, hyfR
450 	 zraR, idnR, fucR, hyfR
451 	 zraR, melR, fucR, hyfR
452 	 zraR, fucR, hyfR
453 	 zraR, melR, idnR, fucR, hyfR
454 	 zraR, fucR, hyfR
455 	 zraR, melR, idnR, fucR, hyfR
456 	 zraR, idnR, fucR, hyfR
457 	 zraR, melR, idnR, fucR, hyfR
458 	 zraR, idnR, fucR, hyfR
459 	 zraR, melR, idnR, fucR, hyfR
460 	 zraR, melR, fucR, hyfR
461 	 zraR, melR, fucR, hyfR
462 	 zraR, melR, fucR, hyfR
463 	 zraR, melR, idnR, fucR, hyfR
464 	 zraR, melR, fucR, hyfR
465 	 zraR, melR, idnR, fucR, hyfR
466 	 zraR, melR, idnR, fucR, hyfR
467 	 zraR, melR, idnR, fucR, hyfR
468 	 zraR, fucR, hyfR
469 	 zraR, idnR, fucR, hyfR
470 	 zraR, fucR, hyfR
471 	 zraR, idnR, fucR, hyfR
472 	 zraR, fucR, hyfR
473 	 zraR, idnR, fucR, hyfR
474 	 zraR, fucR, hyfR
475 	 zraR, idnR, fucR, hyfR
476 	 zraR, melR, fucR, hyfR
477 	 zraR, melR, idnR, fucR, hyfR
478 	 zraR, melR, fucR, hyfR
479 	 zraR, melR, idnR, fucR, hyfR
480 	 zraR, melR, fucR, hyfR
481 	 zraR, melR, idnR, fucR, hyfR
482 	 zraR, melR, fucR, hyfR
483 	 zraR, melR, idnR, fucR, hyfR
485 	 zraR, idnR
486 	 zraR, idnR
487 	 zraR, rhaS
489 	 zraR, rhaS
491 	 zraR, idnR, rhaS
492 	 zraR, idnR
493 	 zraR, idnR, rhaS
494 	 zraR, idnR
495 	 zraR, rhaS
496 	 zraR, rhaS
497 	 zraR, idnR, rhaS
498 	 zraR, idnR, rhaS
500 	 zraR, melR
502 	 zraR, melR
504 	 zraR, melR
506 	 zraR, melR, idnR
507 	 zraR, rhaS
508 	 zraR, melR, idnR
509 	 zraR, rhaS
510 	 zraR, melR, idnR
511 	 zraR, rhaS
512 	 zraR, melR, idnR
513 	 zraR, rhaS
514 	 zraR, melR, rhaS
515 	 zraR, idnR
516 	 zraR, melR, rhaS
517 	 zraR, idnR
518 	 zraR, melR, idnR, rhaS
519 	 zraR, idnR, rhaS
520 	 zraR, melR, idnR, rhaS
521 	 zraR, idnR, rhaS
522 	 zraR, melR, rhaS
523 	 zraR, idnR
524 	 zraR, melR, rhaS
525 	 zraR, idnR
526 	 zraR, melR, idnR, rhaS
527 	 zraR, idnR, rhaS
528 	 zraR, melR, idnR, rhaS
529 	 zraR, idnR, rhaS
530 	 zraR, melR
531 	 zraR, melR
532 	 zraR, melR, rhaS
533 	 zraR, melR
534 	 zraR, melR, rhaS
535 	 zraR, melR
536 	 zraR, melR, idnR
537 	 zraR, melR, idnR
538 	 zraR, melR, idnR, rhaS
539 	 zraR, melR, idnR
540 	 zraR, melR, idnR, rhaS
541 	 zraR, melR, idnR
542 	 zraR, melR, rhaS
543 	 zraR, melR, rhaS
544 	 zraR, melR, idnR, rhaS
545 	 zraR, melR, idnR, rhaS
552 	 zraR, rhaS
554 	 zraR, rhaS
555 	 zraR, idnR
556 	 zraR, rhaS
557 	 zraR, idnR
558 	 zraR, rhaS
559 	 zraR, idnR
560 	 zraR, idnR
561 	 zraR, idnR
562 	 zraR, idnR
563 	 zraR, rhaS
564 	 zraR, idnR
565 	 zraR, rhaS
566 	 zraR, idnR, rhaS
567 	 zraR, idnR, rhaS
568 	 zraR, idnR, rhaS
569 	 zraR, idnR, rhaS
570 	 zraR, idnR
571 	 zraR, rhaS
572 	 zraR, idnR, rhaS
573 	 zraR, rhaS
574 	 zraR, idnR, rhaS
575 	 zraR, idnR, rhaS
576 	 zraR, melR
577 	 zraR, idnR, rhaS
578 	 zraR, melR
580 	 zraR, melR
582 	 zraR, melR
584 	 zraR, melR, idnR
586 	 zraR, melR, idnR
587 	 zraR, rhaS
588 	 zraR, melR, idnR
589 	 zraR, rhaS
590 	 zraR, melR, idnR
591 	 zraR, rhaS
592 	 zraR, melR, rhaS
593 	 zraR, rhaS
594 	 zraR, melR, rhaS
595 	 zraR, idnR
596 	 zraR, melR, idnR, rhaS
597 	 zraR, idnR
598 	 zraR, melR, idnR, rhaS
599 	 zraR, idnR, rhaS
600 	 zraR, melR, rhaS
601 	 zraR, idnR, rhaS
602 	 zraR, melR, rhaS
603 	 zraR, idnR
604 	 zraR, melR, idnR, rhaS
605 	 zraR, idnR
606 	 zraR, melR, idnR, rhaS
607 	 zraR, idnR, rhaS
609 	 zraR, idnR, rhaS
611 	 zraR, melR
612 	 zraR, rhaS
613 	 zraR, melR
614 	 zraR, rhaS
615 	 zraR, melR, rhaS
616 	 zraR, idnR
617 	 zraR, melR, rhaS
618 	 zraR, idnR
619 	 zraR, melR
620 	 zraR, idnR, rhaS
621 	 zraR, melR
622 	 zraR, idnR, rhaS
623 	 zraR, melR, rhaS
625 	 zraR, melR, rhaS
627 	 zraR, melR, idnR
628 	 zraR, idnR
629 	 zraR, melR, idnR
630 	 zraR, idnR
631 	 zraR, melR, idnR
632 	 zraR, rhaS
633 	 zraR, melR, idnR
634 	 zraR, rhaS
635 	 zraR, melR, idnR, rhaS
636 	 zraR, idnR, rhaS
637 	 zraR, melR, idnR, rhaS
638 	 zraR, idnR, rhaS
639 	 zraR, melR, idnR, rhaS
640 	 zraR, melR
641 	 zraR, melR, idnR, rhaS
642 	 zraR, melR
643 	 zraR, melR
644 	 zraR, melR
645 	 zraR, melR
646 	 zraR, melR, idnR
647 	 zraR, melR, rhaS
648 	 zraR, melR, rhaS
649 	 zraR, melR
650 	 zraR, melR
651 	 zraR, melR, idnR
652 	 zraR, melR, idnR
653 	 zraR, melR, rhaS
654 	 zraR, melR, rhaS
655 	 zraR, melR
656 	 zraR, melR, rhaS
657 	 zraR, melR, idnR
658 	 zraR, melR, idnR
659 	 zraR, melR, idnR, rhaS
660 	 zraR, melR, rhaS
661 	 zraR, melR, idnR
662 	 zraR, melR, idnR, rhaS
663 	 zraR, melR, idnR
664 	 zraR, melR, idnR, rhaS
665 	 zraR, melR, rhaS
666 	 zraR, melR, idnR
667 	 zraR, melR, idnR, rhaS
668 	 zraR, melR, idnR, rhaS
669 	 zraR, melR, rhaS
670 	 zraR, melR, idnR, rhaS
671 	 zraR, melR, idnR, rhaS
673 	 zraR, melR, idnR, rhaS
674 	 zraR, rhaS
675 	 zraR, hyfR
677 	 zraR, hyfR
678 	 zraR, rhaS
679 	 zraR, idnR, hyfR
680 	 zraR, idnR
681 	 zraR, hyfR, rhaS
682 	 zraR, idnR
683 	 zraR, hyfR, rhaS
684 	 zraR, idnR, rhaS
685 	 zraR, idnR, hyfR
686 	 zraR, idnR, rhaS
687 	 zraR, idnR, hyfR, rhaS
689 	 zraR, hyfR
690 	 zraR, idnR
691 	 zraR, idnR, hyfR, rhaS
693 	 zraR, hyfR
694 	 zraR, rhaS
695 	 zraR, hyfR, rhaS
696 	 zraR, idnR
697 	 zraR, hyfR, rhaS
698 	 zraR, idnR, rhaS
699 	 zraR, idnR, hyfR
700 	 zraR, rhaS
701 	 zraR, idnR, hyfR
702 	 zraR, idnR, rhaS
703 	 zraR, idnR, hyfR, rhaS
704 	 zraR, melR
705 	 zraR, idnR, hyfR, rhaS
706 	 zraR, melR
707 	 zraR, melR, hyfR
708 	 zraR, melR, idnR
709 	 zraR, melR, hyfR
710 	 zraR, melR, rhaS
711 	 zraR, melR, idnR, hyfR
712 	 zraR, melR, idnR, rhaS
713 	 zraR, melR, hyfR, rhaS
714 	 zraR, melR, rhaS
715 	 zraR, melR, idnR, hyfR
716 	 zraR, melR, idnR
717 	 zraR, melR, hyfR, rhaS
718 	 zraR, melR, idnR, rhaS
719 	 zraR, melR, hyfR
720 	 zraR, melR
721 	 zraR, melR, hyfR
722 	 zraR, melR
723 	 zraR, melR, idnR, hyfR, rhaS
724 	 zraR, melR, idnR
725 	 zraR, melR, hyfR, rhaS
726 	 zraR, melR, rhaS
727 	 zraR, melR, idnR, hyfR
728 	 zraR, melR, idnR, rhaS
729 	 zraR, melR, hyfR, rhaS
730 	 zraR, melR, rhaS
731 	 zraR, melR, idnR, hyfR
732 	 zraR, melR, idnR
733 	 zraR, hyfR
734 	 zraR, fucR
735 	 zraR, melR, idnR, rhaS
736 	 zraR, melR, idnR, hyfR, rhaS
737 	 zraR, fucR
738 	 zraR, hyfR
739 	 zraR, idnR, fucR
740 	 zraR, hyfR, rhaS
741 	 zraR, fucR, rhaS
742 	 zraR, hyfR
743 	 zraR, fucR
744 	 zraR, idnR, hyfR
745 	 zraR, idnR, fucR
746 	 zraR, hyfR, rhaS
747 	 zraR, fucR, rhaS
748 	 zraR, hyfR
749 	 zraR, fucR
750 	 zraR, idnR, hyfR
751 	 zraR, idnR, fucR
752 	 zraR, hyfR, rhaS
753 	 zraR, idnR, fucR, rhaS
754 	 zraR, hyfR, rhaS
755 	 zraR, idnR, fucR, rhaS
756 	 zraR, idnR, hyfR
757 	 zraR, idnR, fucR
758 	 zraR, idnR, hyfR, rhaS
759 	 zraR, fucR, rhaS
760 	 zraR, idnR, hyfR
761 	 zraR, fucR, rhaS
762 	 zraR, idnR, hyfR, rhaS
763 	 zraR, idnR, fucR, rhaS
764 	 zraR, idnR, hyfR, rhaS
765 	 zraR, idnR, fucR, rhaS
766 	 zraR, idnR, hyfR, rhaS
767 	 zraR, melR, fucR
768 	 zraR, melR, idnR, hyfR, rhaS
769 	 zraR, melR, fucR
770 	 zraR, melR, idnR, hyfR, rhaS
771 	 zraR, melR, fucR, rhaS
772 	 zraR, melR, hyfR
773 	 zraR, melR, fucR
774 	 zraR, melR, hyfR
775 	 zraR, melR, idnR, fucR
776 	 zraR, melR, idnR, hyfR
777 	 zraR, melR, fucR, rhaS
778 	 zraR, melR, hyfR, rhaS
779 	 zraR, melR, fucR
780 	 zraR, melR, hyfR
781 	 zraR, melR, idnR, fucR
782 	 zraR, melR, idnR, hyfR
783 	 zraR, melR, fucR, rhaS
784 	 zraR, melR, hyfR, rhaS
785 	 zraR, melR, idnR, fucR
786 	 zraR, melR, hyfR
787 	 zraR, melR, idnR, fucR, rhaS
788 	 zraR, melR, hyfR, rhaS
789 	 zraR, melR, idnR, fucR
790 	 zraR, melR, hyfR, rhaS
791 	 zraR, melR, fucR, rhaS
792 	 zraR, melR, idnR, hyfR
793 	 zraR, melR, idnR, fucR, rhaS
794 	 zraR, melR, idnR, hyfR, rhaS
795 	 zraR, melR, idnR, fucR, rhaS
796 	 zraR, melR, idnR, hyfR, rhaS
797 	 zraR, melR, idnR, fucR, rhaS
798 	 zraR, melR, idnR, hyfR
799 	 zraR, fucR
800 	 zraR, melR, idnR, hyfR, rhaS
801 	 zraR, fucR
802 	 zraR, melR, idnR, hyfR, rhaS
803 	 zraR, idnR, fucR
804 	 zraR, fucR
806 	 zraR, idnR, fucR
808 	 zraR, fucR, rhaS
810 	 zraR, fucR
811 	 zraR, idnR
812 	 zraR, idnR, fucR
813 	 zraR, rhaS
814 	 zraR, fucR, rhaS
816 	 zraR, idnR, fucR
817 	 zraR, rhaS
818 	 zraR, fucR, rhaS
819 	 zraR, idnR
820 	 zraR, fucR, rhaS
821 	 zraR, idnR, rhaS
822 	 zraR, idnR, fucR, rhaS
823 	 zraR, idnR, rhaS
824 	 zraR, idnR, fucR, rhaS
825 	 zraR, rhaS
826 	 zraR, idnR, fucR, rhaS
827 	 zraR, rhaS
828 	 zraR, idnR, fucR, rhaS
829 	 zraR, idnR
830 	 zraR, melR, fucR
831 	 zraR, idnR
832 	 zraR, melR, fucR
833 	 zraR, idnR, rhaS
834 	 zraR, melR, fucR, rhaS
835 	 zraR, idnR, rhaS
836 	 zraR, melR, fucR, rhaS
837 	 zraR, melR
838 	 zraR, melR, idnR, fucR
839 	 zraR, melR
840 	 zraR, melR, idnR, fucR
841 	 zraR, melR, rhaS
842 	 zraR, melR, idnR, fucR, rhaS
843 	 zraR, melR, rhaS
844 	 zraR, melR, idnR, fucR, rhaS
845 	 zraR, melR
846 	 zraR, melR, fucR
847 	 zraR, melR
848 	 zraR, melR, fucR
849 	 zraR, melR, rhaS
850 	 zraR, melR, fucR, rhaS
851 	 zraR, melR, rhaS
852 	 zraR, melR, fucR, rhaS
853 	 zraR, melR, idnR
854 	 zraR, melR, idnR, fucR
855 	 zraR, melR, idnR
856 	 zraR, melR, idnR, fucR
857 	 zraR, melR, idnR
858 	 zraR, melR, idnR, fucR, rhaS
859 	 zraR, melR, idnR
860 	 zraR, melR, idnR, fucR, rhaS
861 	 zraR, melR, idnR, rhaS
862 	 zraR, fucR
863 	 zraR, melR, idnR, rhaS
864 	 zraR, fucR
865 	 zraR, melR, idnR, rhaS
866 	 zraR, idnR, fucR
867 	 zraR, melR, idnR, rhaS
868 	 zraR, idnR, fucR
870 	 zraR, fucR
872 	 zraR, fucR, rhaS
873 	 zraR, idnR
874 	 zraR, fucR, rhaS
876 	 zraR, fucR
877 	 zraR, rhaS
878 	 zraR, idnR, fucR, rhaS
880 	 zraR, idnR, fucR
881 	 zraR, rhaS
882 	 zraR, idnR, fucR, rhaS
883 	 zraR, idnR
884 	 zraR, fucR, rhaS
885 	 zraR, idnR, rhaS
886 	 zraR, idnR, fucR
887 	 zraR, rhaS
888 	 zraR, fucR, rhaS
889 	 zraR, idnR, rhaS
890 	 zraR, idnR, fucR, rhaS
891 	 zraR, rhaS
892 	 zraR, idnR, fucR, rhaS
893 	 zraR, idnR
894 	 zraR, fucR
895 	 zraR, idnR
896 	 zraR, fucR
897 	 zraR, idnR, rhaS
898 	 zraR, idnR, fucR
899 	 zraR, idnR, rhaS
900 	 zraR, idnR, fucR
901 	 zraR, melR
902 	 zraR, fucR
903 	 zraR, melR
904 	 zraR, fucR, rhaS
905 	 zraR, melR, idnR
906 	 zraR, fucR, rhaS
907 	 zraR, melR, rhaS
908 	 zraR, fucR
909 	 zraR, melR, idnR
910 	 zraR, fucR, rhaS
911 	 zraR, melR
912 	 zraR, idnR, fucR, rhaS
913 	 zraR, melR
914 	 zraR, fucR, rhaS
915 	 zraR, melR, idnR
916 	 zraR, idnR, fucR
917 	 zraR, melR, idnR
918 	 zraR, idnR, fucR, rhaS
919 	 zraR, melR, rhaS
920 	 zraR, idnR, fucR
921 	 zraR, melR, rhaS
922 	 zraR, idnR, fucR, rhaS
923 	 zraR, melR, idnR, rhaS
924 	 zraR, idnR, fucR, rhaS
925 	 zraR, melR, idnR, rhaS
926 	 zraR, melR, fucR
927 	 zraR, melR, rhaS
928 	 zraR, melR, fucR
929 	 zraR, melR, idnR, rhaS
930 	 zraR, melR, fucR, rhaS
931 	 zraR, melR, idnR, rhaS
932 	 zraR, melR, fucR, rhaS
933 	 zraR, hyfR
934 	 zraR, melR, idnR, fucR
935 	 zraR, hyfR
936 	 zraR, melR, idnR, fucR
937 	 zraR, hyfR
938 	 zraR, melR, idnR, fucR, rhaS
939 	 zraR, hyfR
940 	 zraR, melR, idnR, fucR, rhaS
941 	 zraR, hyfR, rhaS
942 	 zraR, melR, fucR
943 	 zraR, idnR, hyfR
944 	 zraR, melR, fucR
945 	 zraR, idnR, hyfR
946 	 zraR, melR, fucR, rhaS
947 	 zraR, idnR, hyfR
948 	 zraR, melR, fucR, rhaS
949 	 zraR, idnR, hyfR
950 	 zraR, melR, idnR, fucR
951 	 zraR, hyfR, rhaS
952 	 zraR, melR, idnR, fucR
953 	 zraR, hyfR, rhaS
954 	 zraR, melR, idnR, fucR, rhaS
955 	 zraR, hyfR, rhaS
956 	 zraR, melR, idnR, fucR, rhaS
957 	 zraR, idnR, hyfR, rhaS
958 	 zraR, melR, fucR
959 	 zraR, idnR, hyfR, rhaS
960 	 zraR, melR, fucR
961 	 zraR, idnR, hyfR, rhaS
962 	 zraR, melR, fucR, rhaS
963 	 zraR, idnR, hyfR, rhaS
964 	 zraR, melR, fucR, rhaS
965 	 zraR, melR, hyfR
966 	 zraR, melR, idnR, fucR
967 	 zraR, melR, hyfR
968 	 zraR, melR, idnR, fucR
969 	 zraR, melR, idnR, hyfR
970 	 zraR, melR, fucR
971 	 zraR, melR, idnR, hyfR
972 	 zraR, melR, fucR
973 	 zraR, melR, hyfR, rhaS
974 	 zraR, melR, idnR, fucR
975 	 zraR, melR, hyfR, rhaS
976 	 zraR, melR, idnR, fucR
977 	 zraR, melR, idnR, hyfR, rhaS
978 	 zraR, melR, fucR, rhaS
979 	 zraR, melR, hyfR
980 	 zraR, melR, idnR, fucR, rhaS
981 	 zraR, melR, idnR, hyfR, rhaS
982 	 zraR, melR, idnR, fucR, rhaS
983 	 zraR, melR, hyfR
984 	 zraR, melR, fucR, rhaS
985 	 zraR, melR, hyfR, rhaS
986 	 zraR, melR, idnR, fucR, rhaS
987 	 zraR, melR, hyfR, rhaS
988 	 zraR, melR, idnR, fucR, rhaS
989 	 zraR, melR, idnR, hyfR
990 	 zraR, fucR, hyfR
991 	 zraR, hyfR
992 	 zraR, fucR, hyfR
993 	 zraR, hyfR
994 	 zraR, fucR, hyfR, rhaS
995 	 zraR, hyfR
996 	 zraR, fucR, hyfR
997 	 zraR, idnR, hyfR
998 	 zraR, idnR, fucR, hyfR
999 	 zraR, hyfR, rhaS
1000 	 zraR, fucR, hyfR, rhaS
1001 	 zraR, hyfR
1002 	 zraR, fucR, hyfR
1003 	 zraR, idnR, hyfR
1004 	 zraR, idnR, fucR, hyfR
1005 	 zraR, hyfR, rhaS
1006 	 zraR, idnR, fucR, hyfR, rhaS
1007 	 zraR, idnR, hyfR
1008 	 zraR, fucR, hyfR, rhaS
1009 	 zraR, idnR, hyfR
1010 	 zraR, fucR, hyfR, rhaS
1011 	 zraR, hyfR, rhaS
1012 	 zraR, idnR, fucR, hyfR, rhaS
1013 	 zraR, idnR, hyfR, rhaS
1014 	 zraR, idnR, fucR, hyfR
1015 	 zraR, idnR, hyfR, rhaS
1016 	 zraR, idnR, fucR, hyfR
1017 	 zraR, hyfR, rhaS
1018 	 zraR, idnR, fucR, hyfR, rhaS
1019 	 zraR, idnR, hyfR, rhaS
1020 	 zraR, idnR, fucR, hyfR, rhaS
1021 	 zraR, idnR, hyfR, rhaS
1022 	 zraR, melR, fucR, hyfR
1023 	 zraR, melR, idnR, hyfR
1024 	 zraR, melR, fucR, hyfR
1025 	 zraR, melR, idnR, hyfR, rhaS
1026 	 zraR, fucR, hyfR
1027 	 zraR, melR, idnR, hyfR, rhaS
1028 	 zraR, fucR, hyfR
1029 	 zraR, melR, hyfR
1030 	 zraR, idnR, fucR, hyfR
1031 	 zraR, melR, hyfR
1032 	 zraR, fucR, hyfR, rhaS
1033 	 zraR, melR, hyfR, rhaS
1034 	 zraR, fucR, hyfR
1035 	 zraR, melR, hyfR
1036 	 zraR, idnR, fucR, hyfR
1037 	 zraR, melR, idnR, hyfR
1038 	 zraR, fucR, hyfR, rhaS
1039 	 zraR, melR, hyfR, rhaS
1040 	 zraR, fucR, hyfR
1041 	 zraR, melR, hyfR
1042 	 zraR, idnR, fucR, hyfR, rhaS
1043 	 zraR, melR, idnR, hyfR
1044 	 zraR, fucR, hyfR, rhaS
1045 	 zraR, melR, idnR, hyfR, rhaS
1046 	 zraR, idnR, fucR, hyfR
1047 	 zraR, melR, idnR, hyfR, rhaS
1048 	 zraR, idnR, fucR, hyfR
1049 	 zraR, melR, hyfR, rhaS
1050 	 zraR, fucR, hyfR, rhaS
1051 	 zraR, melR, hyfR, rhaS
1052 	 zraR, idnR, fucR, hyfR, rhaS
1053 	 zraR, melR, idnR, hyfR
1054 	 zraR, idnR, fucR, hyfR, rhaS
1055 	 zraR, melR, idnR, hyfR
1056 	 zraR, idnR, fucR, hyfR, rhaS
1057 	 zraR, melR, idnR, hyfR, rhaS
1058 	 zraR, melR, fucR, hyfR
1059 	 zraR, melR, idnR, hyfR, rhaS
1060 	 zraR, melR, idnR, fucR, hyfR
1062 	 zraR, rhaS
1064 	 zraR, idnR
1065 	 zraR, rhaS
1066 	 zraR, idnR
1067 	 zraR, idnR, rhaS
1068 	 zraR, idnR, rhaS
1070 	 zraR, melR
1071 	 zraR, idnR
1072 	 zraR, melR, idnR
1074 	 zraR, melR
1075 	 zraR, rhaS
1076 	 zraR, melR, rhaS
1077 	 zraR, idnR, rhaS
1078 	 zraR, melR, idnR
1079 	 zraR, idnR
1080 	 zraR, melR, idnR, rhaS
1081 	 zraR, rhaS
1082 	 zraR, melR, rhaS
1083 	 zraR, idnR, rhaS
1084 	 zraR, melR, idnR, rhaS
1085 	 zraR, melR
1086 	 zraR, melR
1087 	 zraR, melR, idnR
1088 	 zraR, melR, idnR
1089 	 zraR, melR, rhaS
1090 	 zraR, melR, rhaS
1091 	 zraR, melR, idnR, rhaS
1092 	 zraR, melR, idnR, rhaS
1093 	 zraR, hyfR
1094 	 zraR, idnR, hyfR
1095 	 zraR, hyfR, rhaS
1096 	 zraR, hyfR
1097 	 zraR, idnR, hyfR, rhaS
1098 	 zraR, hyfR, rhaS
1099 	 zraR, idnR, hyfR
1100 	 zraR, idnR, hyfR, rhaS
1101 	 zraR, melR, hyfR
1102 	 zraR, hyfR
1103 	 zraR, melR, hyfR
1104 	 zraR, idnR, hyfR
1105 	 zraR, melR, hyfR, rhaS
1106 	 zraR, hyfR
1107 	 zraR, melR, idnR, hyfR
1108 	 zraR, hyfR, rhaS
1109 	 zraR, melR, idnR, hyfR
1110 	 zraR, idnR, hyfR, rhaS
1111 	 zraR, melR, hyfR, rhaS
1112 	 zraR, hyfR, rhaS
1113 	 zraR, melR, idnR, hyfR, rhaS
1114 	 zraR, idnR, hyfR
1115 	 zraR, melR, idnR, hyfR, rhaS
1116 	 zraR, idnR, hyfR, rhaS
1117 	 zraR, melR, hyfR
1118 	 zraR, melR, idnR, hyfR
1119 	 zraR, melR, hyfR
1120 	 zraR, melR, hyfR, rhaS
1121 	 zraR, melR, idnR, hyfR
1122 	 zraR, melR, hyfR, rhaS
1123 	 zraR, melR, idnR, hyfR, rhaS
1124 	 zraR, melR, idnR, hyfR, rhaS
1125 	 zraR, fucR
1126 	 zraR, fucR
1127 	 zraR, idnR, fucR
1128 	 zraR, fucR, rhaS
1129 	 zraR, idnR, fucR
1130 	 zraR, fucR, rhaS
1131 	 zraR, fucR
1132 	 zraR, fucR
1133 	 zraR, idnR, fucR
1134 	 zraR, fucR, rhaS
1135 	 zraR, idnR, fucR
1136 	 zraR, fucR, rhaS
1137 	 zraR, idnR, fucR, rhaS
1138 	 zraR, idnR, fucR, rhaS
1139 	 zraR, idnR, fucR, rhaS
1140 	 zraR, idnR, fucR, rhaS
1141 	 zraR, melR, fucR
1142 	 zraR, fucR
1143 	 zraR, melR, fucR
1144 	 zraR, fucR
1145 	 zraR, melR, idnR, fucR
1146 	 zraR, idnR, fucR
1147 	 zraR, melR, idnR, fucR
1148 	 zraR, idnR, fucR
1149 	 zraR, melR, fucR
1150 	 zraR, fucR, rhaS
1151 	 zraR, melR, fucR
1152 	 zraR, fucR, rhaS
1153 	 zraR, melR, idnR, fucR
1154 	 zraR, idnR, fucR, rhaS
1155 	 zraR, melR, idnR, fucR
1156 	 zraR, idnR, fucR, rhaS
1157 	 zraR, melR, fucR, rhaS
1158 	 zraR, fucR
1159 	 zraR, melR, fucR, rhaS
1160 	 zraR, fucR
1161 	 zraR, melR, fucR, rhaS
1162 	 zraR, fucR, rhaS
1163 	 zraR, melR, fucR, rhaS
1164 	 zraR, fucR, rhaS
1165 	 zraR, melR, idnR, fucR, rhaS
1166 	 zraR, idnR, fucR
1167 	 zraR, melR, idnR, fucR, rhaS
1168 	 zraR, idnR, fucR
1169 	 zraR, melR, idnR, fucR, rhaS
1170 	 zraR, idnR, fucR, rhaS
1171 	 zraR, melR, idnR, fucR, rhaS
1172 	 zraR, idnR, fucR, rhaS
1173 	 zraR, melR, fucR
1174 	 zraR, melR, fucR
1175 	 zraR, melR, fucR
1176 	 zraR, melR, idnR, fucR
1177 	 zraR, melR, fucR
1178 	 zraR, melR, idnR, fucR
1179 	 zraR, melR, fucR, rhaS
1180 	 zraR, melR, fucR, rhaS
1181 	 zraR, melR, fucR, rhaS
1182 	 zraR, melR, idnR, fucR, rhaS
1183 	 zraR, melR, fucR, rhaS
1184 	 zraR, melR, idnR, fucR, rhaS
1185 	 zraR, melR, idnR, fucR
1186 	 zraR, melR, idnR, fucR
1187 	 zraR, melR, idnR, fucR, rhaS
1188 	 zraR, melR, idnR, fucR, rhaS
1189 	 zraR, fucR
1190 	 zraR, fucR, rhaS
1191 	 zraR, idnR, fucR
1192 	 zraR, fucR
1193 	 zraR, idnR, fucR, rhaS
1194 	 zraR, idnR, fucR
1195 	 zraR, fucR, rhaS
1196 	 zraR, idnR, fucR, rhaS
1197 	 zraR, fucR
1198 	 zraR, melR, fucR
1199 	 zraR, fucR
1200 	 zraR, melR, fucR, rhaS
1201 	 zraR, idnR, fucR
1202 	 zraR, melR, fucR
1203 	 zraR, fucR, rhaS
1204 	 zraR, melR, idnR, fucR
1205 	 zraR, fucR, rhaS
1206 	 zraR, melR, idnR, fucR, rhaS
1207 	 zraR, idnR, fucR
1208 	 zraR, melR, idnR, fucR
1209 	 zraR, idnR, fucR, rhaS
1210 	 zraR, melR, fucR, rhaS
1211 	 zraR, idnR, fucR, rhaS
1212 	 zraR, melR, idnR, fucR, rhaS
1213 	 zraR, melR, fucR
1214 	 zraR, melR, fucR, rhaS
1215 	 zraR, melR, fucR
1216 	 zraR, melR, idnR, fucR
1217 	 zraR, melR, fucR, rhaS
1218 	 zraR, melR, idnR, fucR
1219 	 zraR, melR, idnR, fucR, rhaS
1220 	 zraR, melR, idnR, fucR, rhaS
1221 	 zraR, melR, fucR, hyfR, rhaS
1222 	 zraR, melR, idnR, fucR, hyfR
1223 	 zraR, melR, fucR, hyfR, rhaS
1224 	 zraR, melR, fucR, hyfR
1225 	 zraR, melR, fucR, hyfR, rhaS
1226 	 zraR, melR, idnR, fucR, hyfR
1227 	 zraR, melR, fucR, hyfR, rhaS
1228 	 zraR, melR, idnR, fucR, hyfR
1229 	 zraR, melR, idnR, fucR, hyfR, rhaS
1230 	 zraR, melR, idnR, fucR, hyfR, rhaS
1231 	 zraR, melR, idnR, fucR, hyfR, rhaS
1232 	 zraR, melR, idnR, fucR, hyfR, rhaS
1233 	 zraR, melR, fucR, hyfR
1234 	 zraR, melR, fucR, hyfR
1235 	 zraR, melR, idnR, fucR, hyfR
1236 	 zraR, melR, fucR, hyfR, rhaS
1237 	 zraR, melR, fucR, hyfR, rhaS
1238 	 zraR, melR, fucR, hyfR
1239 	 zraR, melR, fucR, hyfR
1240 	 zraR, melR, idnR, fucR, hyfR
1241 	 zraR, melR, idnR, fucR, hyfR
1242 	 zraR, melR, fucR, hyfR, rhaS
1243 	 zraR, melR, idnR, fucR, hyfR
1244 	 zraR, melR, fucR, hyfR, rhaS
1245 	 zraR, melR, idnR, fucR, hyfR, rhaS
1246 	 zraR, melR, idnR, fucR, hyfR, rhaS
1247 	 zraR, melR, idnR, fucR, hyfR, rhaS
1248 	 zraR, melR, idnR, fucR, hyfR, rhaS
1249 	 zraR, fucR
1250 	 zraR, fucR
1251 	 zraR, fucR
1252 	 zraR, idnR, fucR
1253 	 zraR, fucR
1254 	 zraR, idnR, fucR
1255 	 zraR, fucR, rhaS
1256 	 zraR, fucR, rhaS
1257 	 zraR, fucR, rhaS
1258 	 zraR, idnR, fucR, rhaS
1259 	 zraR, fucR, rhaS
1260 	 zraR, idnR, fucR, rhaS
1261 	 zraR, idnR, fucR
1262 	 zraR, idnR, fucR
1263 	 zraR, melR, fucR
1264 	 zraR, idnR, fucR, rhaS
1265 	 zraR, idnR, fucR, rhaS
1266 	 zraR, fucR
1267 	 zraR, melR, fucR
1268 	 zraR, fucR
1269 	 zraR, melR, idnR, fucR
1270 	 zraR, idnR, fucR
1271 	 zraR, melR, idnR, fucR
1272 	 zraR, idnR, fucR
1273 	 zraR, melR, fucR, rhaS
1274 	 zraR, fucR
1275 	 zraR, melR, fucR, rhaS
1276 	 zraR, fucR
1277 	 zraR, melR, idnR, fucR, rhaS
1278 	 zraR, idnR, fucR
1279 	 zraR, melR, idnR, fucR, rhaS
1280 	 zraR, idnR, fucR
1281 	 zraR, melR, fucR
1282 	 zraR, fucR, rhaS
1283 	 zraR, melR, fucR
1284 	 zraR, fucR, rhaS
1285 	 zraR, melR, fucR, rhaS
1286 	 zraR, fucR, rhaS
1287 	 zraR, melR, fucR, rhaS
1288 	 zraR, fucR, rhaS
1289 	 zraR, melR, idnR, fucR
1290 	 zraR, idnR, fucR, rhaS
1291 	 zraR, melR, idnR, fucR
1292 	 zraR, idnR, fucR, rhaS
1293 	 zraR, melR, idnR, fucR, rhaS
1294 	 zraR, idnR, fucR, rhaS
1295 	 zraR, melR, idnR, fucR, rhaS
1296 	 zraR, idnR, fucR, rhaS
1297 	 zraR, melR, fucR
1298 	 zraR, melR, fucR
1299 	 zraR, melR, idnR, fucR
1300 	 zraR, melR, idnR, fucR
1301 	 zraR, melR, fucR
1302 	 zraR, melR, fucR, rhaS
1303 	 zraR, melR, fucR
1304 	 zraR, melR, fucR, rhaS
1305 	 zraR, melR, idnR, fucR
1306 	 zraR, melR, idnR, fucR, rhaS
1307 	 zraR, melR, idnR, fucR
1308 	 zraR, melR, idnR, fucR, rhaS
1309 	 zraR, melR, fucR, rhaS
1310 	 zraR, melR, fucR, rhaS
1311 	 zraR, melR, idnR, fucR, rhaS
1312 	 zraR, melR, idnR, fucR, rhaS
1313 	 zraR, fucR, hyfR
1314 	 zraR, fucR, hyfR
1315 	 zraR, fucR, hyfR
1316 	 zraR, idnR, fucR, hyfR
1317 	 zraR, fucR, hyfR
1318 	 zraR, idnR, fucR, hyfR
1319 	 zraR, fucR, hyfR, rhaS
1320 	 zraR, fucR, hyfR, rhaS
1321 	 zraR, fucR, hyfR, rhaS
1322 	 zraR, idnR, fucR, hyfR, rhaS
1323 	 zraR, fucR, hyfR, rhaS
1324 	 zraR, idnR, fucR, hyfR, rhaS
1325 	 zraR, idnR, fucR, hyfR
1326 	 zraR, idnR, fucR, hyfR, rhaS
1327 	 zraR, idnR, fucR, hyfR
1328 	 zraR, idnR, fucR, hyfR, rhaS
1329 	 zraR, melR, fucR, hyfR
1330 	 zraR, fucR, hyfR
1331 	 zraR, melR, fucR, hyfR, rhaS
1332 	 zraR, fucR, hyfR
1333 	 zraR, melR, fucR, hyfR
1334 	 zraR, fucR, hyfR, rhaS
1335 	 zraR, melR, fucR, hyfR, rhaS
1336 	 zraR, idnR, fucR, hyfR
1337 	 zraR, melR, idnR, fucR, hyfR
1338 	 zraR, fucR, hyfR
1339 	 zraR, melR, idnR, fucR, hyfR, rhaS
1340 	 zraR, fucR, hyfR, rhaS
1341 	 zraR, melR, idnR, fucR, hyfR
1342 	 zraR, idnR, fucR, hyfR, rhaS
1343 	 zraR, melR, fucR, hyfR
1344 	 zraR, fucR, hyfR, rhaS
1345 	 zraR, melR, fucR, hyfR, rhaS
1346 	 zraR, idnR, fucR, hyfR
1347 	 zraR, melR, idnR, fucR, hyfR
1348 	 zraR, idnR, fucR, hyfR, rhaS
1349 	 zraR, melR, idnR, fucR, hyfR, rhaS
1350 	 zraR, fucR, hyfR
1351 	 zraR, melR, idnR, fucR, hyfR, rhaS
1352 	 zraR, fucR, hyfR, rhaS
1353 	 zraR, melR, fucR, hyfR
1354 	 zraR, idnR, fucR, hyfR
1355 	 zraR, melR, idnR, fucR, hyfR
1356 	 zraR, idnR, fucR, hyfR
1357 	 zraR, melR, fucR, hyfR, rhaS
1358 	 zraR, idnR, fucR, hyfR, rhaS
1359 	 zraR, melR, idnR, fucR, hyfR, rhaS
1360 	 zraR, idnR, fucR, hyfR, rhaS
1361 	 zraR, melR, fucR, hyfR
1362 	 zraR, melR, fucR, hyfR, rhaS
1363 	 zraR, melR, fucR, hyfR
1364 	 zraR, melR, idnR, fucR, hyfR
1365 	 zraR, melR, fucR, hyfR, rhaS
1366 	 zraR, melR, idnR, fucR, hyfR
1367 	 zraR, melR, idnR, fucR, hyfR, rhaS
1368 	 zraR, melR, fucR, hyfR
1369 	 zraR, melR, idnR, fucR, hyfR
1370 	 zraR, melR, fucR, hyfR
1371 	 zraR, melR, fucR, hyfR, rhaS
1372 	 zraR, melR, idnR, fucR, hyfR
1373 	 zraR, melR, idnR, fucR, hyfR, rhaS
1374 	 zraR, melR, fucR, hyfR, rhaS
1375 	 zraR, melR, idnR, fucR, hyfR, rhaS
1376 	 zraR, melR, idnR, fucR, hyfR, rhaS
1377 	 zraR, fucR
1378 	 zraR, fucR, rhaS
1379 	 zraR, fucR
1380 	 zraR, fucR, rhaS
1381 	 zraR, melR, fucR
1382 	 zraR, fucR
1383 	 zraR, melR, fucR
1384 	 zraR, fucR, rhaS
1385 	 zraR, melR, fucR, rhaS
1386 	 zraR, fucR
1387 	 zraR, melR, fucR, rhaS
1388 	 zraR, idnR, fucR
1389 	 zraR, fucR, rhaS
1390 	 zraR, idnR, fucR
1391 	 zraR, melR, fucR
1392 	 zraR, idnR, fucR, rhaS
1393 	 zraR, melR, fucR
1394 	 zraR, idnR, fucR
1395 	 zraR, melR, idnR, fucR
1396 	 zraR, idnR, fucR
1397 	 zraR, melR, idnR, fucR
1398 	 zraR, idnR, fucR, rhaS
1399 	 zraR, melR, fucR, rhaS
1400 	 zraR, idnR, fucR, rhaS
1401 	 zraR, melR, idnR, fucR
1402 	 zraR, melR, idnR, fucR
1403 	 zraR, melR, idnR, fucR, rhaS
1404 	 zraR, melR, fucR, rhaS
1405 	 zraR, melR, idnR, fucR, rhaS
1406 	 zraR, idnR, fucR, rhaS
1407 	 zraR, melR, idnR, fucR, rhaS
1408 	 zraR, melR, idnR, fucR, rhaS
1409 	 zraR, fucR, hyfR
1410 	 zraR, fucR, hyfR, rhaS
1411 	 zraR, fucR, hyfR
1412 	 zraR, fucR, hyfR
1413 	 zraR, fucR, hyfR, rhaS
1414 	 zraR, fucR, hyfR
1415 	 zraR, fucR, hyfR, rhaS
1416 	 zraR, melR, fucR, hyfR
1417 	 zraR, idnR, fucR, hyfR
1418 	 zraR, melR, fucR, hyfR
1419 	 zraR, idnR, fucR, hyfR, rhaS
1420 	 zraR, melR, fucR, hyfR
1421 	 zraR, idnR, fucR, hyfR
1422 	 zraR, melR, fucR, hyfR, rhaS
1423 	 zraR, idnR, fucR, hyfR
1424 	 zraR, melR, fucR, hyfR, rhaS
1425 	 zraR, idnR, fucR, hyfR, rhaS
1426 	 zraR, melR, fucR, hyfR
1427 	 zraR, melR, idnR, fucR, hyfR
1428 	 zraR, melR, fucR, hyfR, rhaS
1429 	 zraR, idnR, fucR, hyfR, rhaS
1430 	 zraR, melR, idnR, fucR, hyfR
1431 	 zraR, melR, idnR, fucR, hyfR
1432 	 zraR, melR, idnR, fucR, hyfR, rhaS
1433 	 zraR, idnR, fucR, hyfR
1434 	 zraR, melR, idnR, fucR, hyfR, rhaS
1435 	 zraR, fucR, hyfR, rhaS
1436 	 zraR, melR, fucR, hyfR, rhaS
1437 	 zraR, idnR, fucR, hyfR, rhaS
1438 	 zraR, melR, idnR, fucR, hyfR
1439 	 zraR, melR, idnR, fucR, hyfR, rhaS
1440 	 zraR, melR, idnR, fucR, hyfR, rhaS
