2 	 yeiL
3 	 yeiL
4 	 yeiL
5 	 leuO, evgA, uxuR, yeiL
6 	 evgA, uxuR, yeiL
7 	 leuO, evgA, uxuR, idnR, yeiL
8 	 leuO, evgA, uxuR, yeiL
9 	 leuO, evgA, uxuR, melR, yeiL
10 	 leuO, uxuR, yeiL
11 	 leuO, evgA, uxuR
12 	 leuO, evgA, uxuR, exuR, yeiL
13 	 leuO, evgA, uxuR, zraR, yeiL
14 	 leuO, evgA, uxuR, idnR
15 	 leuO, evgA, uxuR, yeiL
16 	 leuO, evgA, uxuR, melR, idnR, yeiL
17 	 leuO, evgA, yeiL
18 	 leuO, evgA, uxuR, exuR, melR, yeiL
19 	 evgA, uxuR
20 	 leuO, evgA, uxuR, melR, yeiL
21 	 leuO, evgA, uxuR, exuR
22 	 leuO, uxuR, idnR, yeiL
23 	 leuO, evgA, uxuR
24 	 leuO, evgA, uxuR, idnR, yeiL
25 	 leuO, evgA, uxuR, melR
26 	 leuO, evgA, idnR, yeiL
27 	 leuO, evgA, uxuR, exuR, melR
28 	 leuO, evgA, uxuR, yeiL
29 	 leuO, uxuR, zraR, yeiL
30 	 leuO, uxuR, yeiL
31 	 leuO, evgA, uxuR, zraR
32 	 leuO, evgA, yeiL
33 	 leuO, uxuR
34 	 evgA, uxuR, yeiL
35 	 leuO, evgA, uxuR, zraR, idnR, yeiL
36 	 evgA, yeiL
37 	 leuO, uxuR, melR, yeiL
38 	 evgA, uxuR, yeiL
39 	 leuO, uxuR, exuR, yeiL
40 	 leuO, evgA, uxuR
41 	 leuO, uxuR, exuR
42 	 evgA, uxuR, zraR, yeiL
43 	 leuO, evgA, uxuR, exuR, yeiL
44 	 leuO, evgA, zraR, yeiL
45 	 leuO, evgA, uxuR, exuR, idnR, yeiL
46 	 leuO, evgA, uxuR, exuR, zraR, yeiL
47 	 evgA, uxuR, melR, yeiL
48 	 leuO, evgA
49 	 evgA, uxuR, exuR, yeiL
50 	 leuO, evgA, uxuR, zraR, yeiL
51 	 evgA, uxuR, idnR, yeiL
52 	 leuO, evgA, uxuR, exuR, yeiL
53 	 evgA, uxuR, exuR, melR, yeiL
54 	 leuO, uxuR, idnR
55 	 leuO, evgA, uxuR, idnR, yeiL
56 	 leuO, yeiL
57 	 leuO, evgA, uxuR, zraR, melR, yeiL
58 	 evgA, uxuR, melR, idnR, yeiL
59 	 leuO, zraR, yeiL
60 	 evgA, uxuR, melR, yeiL
61 	 leuO, uxuR, yeiL
62 	 leuO, evgA, uxuR, exuR, melR, idnR, yeiL
63 	 uxuR, yeiL
64 	 leuO, evgA, melR, yeiL
65 	 leuO, evgA, uxuR, zraR, idnR, yeiL
66 	 leuO, uxuR, melR
67 	 leuO, evgA, uxuR, exuR, zraR, idnR, yeiL
68 	 leuO
69 	 leuO, evgA, uxuR, zraR, yeiL
70 	 leuO, evgA, idnR
71 	 leuO, evgA, uxuR, melR, yeiL
72 	 uxuR
73 	 leuO, evgA, zraR, idnR, yeiL
74 	 leuO, evgA, uxuR
75 	 evgA, uxuR, exuR, zraR, yeiL
76 	 leuO, evgA, uxuR, idnR
77 	 leuO, uxuR, exuR, melR, yeiL
78 	 leuO, evgA
79 	 leuO, uxuR, exuR, idnR, yeiL
80 	 leuO, evgA, zraR
81 	 leuO, uxuR, melR, idnR, yeiL
82 	 leuO, evgA, yeiL
83 	 evgA, uxuR, idnR
84 	 leuO, uxuR, yeiL
85 	 leuO, evgA, uxuR, idnR, yeiL
86 	 leuO, evgA, melR
87 	 leuO, evgA, uxuR, exuR, idnR, yeiL
88 	 leuO, evgA, uxuR, idnR
89 	 leuO, uxuR, zraR, yeiL
90 	 leuO, evgA, uxuR, melR, idnR
91 	 leuO, evgA, uxuR, exuR, zraR, yeiL
92 	 leuO, uxuR
93 	 leuO, evgA, uxuR, exuR, yeiL
94 	 evgA, melR, yeiL
95 	 leuO, uxuR, exuR, yeiL
96 	 leuO, evgA, uxuR, zraR, yeiL
97 	 leuO, evgA, uxuR, exuR, idnR
98 	 evgA, zraR, yeiL
99 	 leuO, uxuR, idnR, yeiL
100 	 leuO, evgA, zraR, melR, yeiL
101 	 uxuR, idnR, yeiL
102 	 leuO, evgA, zraR, yeiL
103 	 evgA, uxuR, yeiL
104 	 evgA, uxuR, zraR, melR, yeiL
105 	 leuO, uxuR, exuR, idnR, yeiL
106 	 leuO, evgA, uxuR, melR, yeiL
107 	 leuO, evgA, uxuR, exuR
108 	 leuO, evgA, uxuR, melR, idnR, yeiL
109 	 leuO, uxuR, exuR, yeiL
110 	 evgA, uxuR, idnR, yeiL
111 	 leuO, uxuR, exuR, idnR
112 	 evgA, uxuR, zraR, yeiL
113 	 leuO, uxuR
114 	 leuO, evgA, uxuR, zraR, idnR
115 	 leuO, yeiL
116 	 leuO, evgA, uxuR, exuR, idnR, yeiL
117 	 uxuR, melR, yeiL
118 	 evgA, uxuR, zraR, idnR, yeiL
119 	 leuO, uxuR, melR, yeiL
120 	 evgA, idnR, yeiL
121 	 leuO, evgA, uxuR, zraR, melR, yeiL
122 	 evgA, uxuR
123 	 leuO, melR, yeiL
124 	 leuO, evgA, uxuR, zraR
125 	 uxuR, yeiL
126 	 leuO, evgA, melR, yeiL
127 	 leuO, evgA, uxuR, exuR
128 	 leuO, evgA, melR, idnR, yeiL
129 	 leuO, evgA, uxuR, zraR
130 	 evgA, uxuR, exuR, idnR, yeiL
131 	 evgA, uxuR, zraR
132 	 leuO, evgA, uxuR, melR
133 	 evgA, uxuR, exuR, yeiL
134 	 evgA, uxuR, melR
135 	 leuO, evgA, idnR, yeiL
136 	 leuO, uxuR
137 	 yeiL
138 	 leuO, evgA, uxuR, zraR, melR
139 	 leuO, yeiL
140 	 leuO, evgA, uxuR, exuR
141 	 leuO, uxuR, zraR, idnR, yeiL
142 	 evgA, uxuR, exuR
143 	 leuO, idnR, yeiL
144 	 evgA, uxuR, melR, yeiL
145 	 leuO, evgA, uxuR, exuR, zraR
146 	 uxuR, yeiL
147 	 leuO, evgA, melR, yeiL
148 	 leuO, uxuR, exuR
149 	 leuO, evgA, uxuR, exuR, zraR, melR, yeiL
150 	 leuO, uxuR, melR, yeiL
151 	 leuO, idnR
152 	 evgA, uxuR, zraR, yeiL
153 	 leuO, evgA, yeiL
154 	 evgA, uxuR, exuR, zraR, idnR, yeiL
155 	 leuO, evgA, uxuR, melR
156 	 uxuR, zraR, yeiL
157 	 leuO, evgA, idnR, yeiL
158 	 uxuR, yeiL
159 	 leuO, evgA, zraR, idnR
160 	 leuO, uxuR, zraR
161 	 evgA, yeiL
162 	 leuO, uxuR, zraR, idnR, yeiL
163 	 evgA, uxuR, melR, yeiL
164 	 leuO, uxuR, exuR, zraR, yeiL
165 	 leuO, evgA, melR
166 	 leuO, uxuR, zraR, yeiL
167 	 leuO, evgA, uxuR, exuR, melR, yeiL
168 	 leuO, uxuR, zraR, melR, yeiL
169 	 evgA, uxuR, exuR, yeiL
170 	 leuO, uxuR, zraR, melR
171 	 evgA, uxuR, idnR, yeiL
172 	 leuO, uxuR, exuR, zraR, melR, yeiL
173 	 evgA, uxuR
174 	 leuO, evgA, zraR, idnR, yeiL
175 	 evgA, uxuR, exuR, yeiL
176 	 leuO, uxuR, idnR, yeiL
177 	 evgA
178 	 leuO, uxuR, melR, idnR
179 	 evgA, uxuR, exuR, zraR, yeiL
180 	 uxuR, idnR
181 	 leuO, evgA, uxuR, exuR, melR, yeiL
182 	 leuO, idnR, yeiL
183 	 leuO, evgA, uxuR, zraR, melR, yeiL
184 	 uxuR, exuR, yeiL
185 	 evgA, uxuR
186 	 evgA, zraR, idnR, yeiL
187 	 leuO, evgA, uxuR, yeiL
188 	 leuO, evgA, uxuR, exuR, zraR, yeiL
190 	 evgA, uxuR, exuR, melR, yeiL
191 	 leuO, evgA, uxuR, idnR
192 	 evgA, melR, yeiL
193 	 leuO, uxuR, zraR, idnR
194 	 leuO, evgA, uxuR, exuR, zraR, yeiL
195 	 leuO, evgA, uxuR, idnR, yeiL
196 	 leuO, evgA, uxuR, exuR, zraR
197 	 leuO, uxuR, yeiL
198 	 uxuR, idnR, yeiL
199 	 evgA, uxuR, zraR
200 	 leuO, uxuR, exuR, melR, idnR, yeiL
201 	 leuO, evgA, zraR, melR, yeiL
202 	 evgA, uxuR, exuR, melR, idnR, yeiL
203 	 leuO, zraR
204 	 leuO, evgA, uxuR, exuR, zraR, melR, yeiL
205 	 evgA, yeiL
206 	 leuO, evgA, uxuR
207 	 leuO, uxuR, zraR, yeiL
208 	 leuO
209 	 leuO, evgA, uxuR, melR, idnR, yeiL
210 	 leuO, uxuR, idnR, yeiL
211 	 leuO, evgA, uxuR, zraR, melR, idnR, yeiL
212 	 leuO, evgA
213 	 leuO, evgA, melR, yeiL
214 	 leuO, evgA, uxuR, exuR, idnR
215 	 melR, yeiL
216 	 leuO, evgA, zraR, yeiL
217 	 leuO, uxuR, melR
218 	 evgA, melR, yeiL
219 	 leuO, uxuR, zraR
220 	 evgA, uxuR, idnR, yeiL
221 	 leuO, uxuR, exuR, melR
222 	 evgA, idnR, yeiL
223 	 leuO, uxuR, melR, yeiL
224 	 evgA, uxuR, exuR
225 	 leuO, uxuR, zraR, melR, idnR, yeiL
226 	 evgA, uxuR, exuR
227 	 leuO, evgA, uxuR, zraR
228 	 evgA, melR, idnR, yeiL
229 	 leuO, evgA, uxuR, zraR, idnR
230 	 evgA, melR
231 	 leuO, evgA, uxuR, zraR, melR, idnR
232 	 evgA, zraR, yeiL
233 	 leuO, evgA, uxuR, exuR, idnR, yeiL
234 	 uxuR, melR
235 	 leuO, evgA, uxuR, exuR, zraR, idnR, yeiL
236 	 leuO, melR
237 	 evgA, uxuR, exuR, idnR, yeiL
238 	 leuO, evgA, uxuR, melR, idnR
239 	 evgA, uxuR, exuR, melR, yeiL
240 	 leuO, evgA, uxuR, zraR, idnR, yeiL
241 	 uxuR, exuR, yeiL
242 	 leuO, uxuR, idnR, yeiL
243 	 evgA, uxuR, exuR, melR
244 	 leuO, zraR, idnR, yeiL
245 	 leuO, evgA
246 	 leuO, uxuR, exuR, zraR, idnR, yeiL
247 	 evgA
248 	 uxuR, melR, idnR, yeiL
249 	 evgA, zraR, yeiL
250 	 leuO, evgA, uxuR, exuR, melR
251 	 evgA, idnR, yeiL
252 	 leuO, uxuR, zraR, melR, idnR
253 	 evgA, uxuR, exuR, idnR, yeiL
254 	 leuO, uxuR, idnR
255 	 leuO, evgA, zraR, melR, yeiL
256 	 leuO, evgA, uxuR, exuR, zraR, idnR
257 	 leuO, evgA, uxuR, melR, yeiL
258 	 leuO, uxuR, idnR
259 	 leuO, evgA, zraR, melR
260 	 leuO, evgA, uxuR, exuR, melR, idnR, yeiL
261 	 leuO, zraR, idnR
262 	 leuO, melR, yeiL
263 	 leuO, uxuR, exuR, zraR
264 	 evgA, uxuR, zraR, melR, yeiL
265 	 leuO, evgA, zraR, melR, idnR, yeiL
266 	 leuO, evgA, yeiL
267 	 leuO, yeiL
268 	 leuO, evgA, uxuR, exuR, yeiL
269 	 leuO, idnR, yeiL
270 	 leuO, evgA, uxuR, exuR, zraR, idnR, yeiL
271 	 leuO, evgA, zraR, yeiL
272 	 uxuR, exuR
273 	 evgA, zraR, melR, yeiL
274 	 leuO, zraR, melR, yeiL
275 	 leuO, evgA, uxuR, exuR, melR
276 	 evgA, uxuR, exuR, zraR, melR, yeiL
277 	 leuO, uxuR, exuR, idnR, yeiL
278 	 uxuR, idnR, yeiL
279 	 leuO, uxuR, exuR, zraR, yeiL
280 	 leuO, evgA, uxuR, melR, idnR
281 	 evgA, uxuR, zraR, yeiL
282 	 evgA, uxuR, melR, idnR
283 	 uxuR, exuR, yeiL
284 	 leuO, melR, idnR, yeiL
285 	 evgA, uxuR, melR
286 	 leuO, uxuR, zraR
287 	 evgA, uxuR, zraR, idnR, yeiL
288 	 leuO, evgA, uxuR, exuR, melR, idnR
289 	 evgA, uxuR, zraR, idnR, yeiL
290 	 leuO, evgA, uxuR, melR
291 	 uxuR, zraR, idnR, yeiL
292 	 evgA, zraR, melR, yeiL
293 	 leuO, evgA, uxuR, zraR, melR, idnR, yeiL
294 	 leuO, evgA, uxuR, exuR, idnR, yeiL
295 	 leuO, evgA, uxuR, melR, idnR, yeiL
296 	 leuO, evgA, uxuR, exuR, melR, yeiL
297 	 leuO, evgA, uxuR, melR, idnR
298 	 evgA, uxuR, yeiL
299 	 melR
300 	 uxuR, exuR, idnR, yeiL
301 	 evgA, uxuR, idnR
302 	 leuO, evgA, uxuR, zraR, melR, yeiL
303 	 evgA, idnR
304 	 evgA, zraR, idnR, yeiL
305 	 leuO, uxuR, melR, idnR, yeiL
306 	 evgA, uxuR, zraR, idnR
307 	 leuO, uxuR, exuR
308 	 leuO, evgA, melR, idnR
309 	 leuO, melR, yeiL
310 	 evgA, uxuR, exuR, idnR
311 	 leuO, uxuR, zraR, melR, yeiL
312 	 leuO, evgA, uxuR, exuR, idnR
313 	 leuO, evgA, zraR, melR, yeiL
314 	 leuO, evgA, idnR
315 	 leuO, evgA, uxuR, exuR, zraR, melR
316 	 leuO, zraR, yeiL
317 	 evgA, uxuR, zraR
318 	 leuO, evgA, uxuR, exuR, melR, yeiL
319 	 uxuR, zraR
320 	 leuO, evgA, melR, idnR, yeiL
321 	 leuO, uxuR, exuR, zraR, melR
322 	 evgA, melR, idnR
323 	 leuO, evgA, zraR, idnR, yeiL
324 	 evgA, uxuR
325 	 leuO, evgA, uxuR, zraR, yeiL
326 	 uxuR, exuR, zraR, yeiL
327 	 idnR, yeiL
328 	 leuO, evgA, uxuR, exuR, zraR
329 	 evgA, yeiL
330 	 leuO, zraR, melR
331 	 uxuR, melR, yeiL
332 	 leuO, uxuR, exuR, yeiL
333 	 zraR, yeiL
334 	 uxuR, idnR, yeiL
335 	 evgA
336 	 leuO, evgA, uxuR, zraR, idnR
337 	 evgA, yeiL
338 	 leuO, evgA, zraR
339 	 evgA, uxuR, exuR, zraR, idnR, yeiL
340 	 evgA, zraR
341 	 uxuR, zraR, yeiL
342 	 evgA, zraR
343 	 uxuR, exuR, zraR, yeiL
344 	 evgA, uxuR, exuR, zraR
345 	 leuO, zraR, yeiL
346 	 evgA, uxuR, exuR, zraR
347 	 yeiL
348 	 evgA, idnR
349 	 zraR, yeiL
350 	 evgA, uxuR, exuR, zraR, melR, yeiL
351 	 zraR, idnR, yeiL
352 	 leuO, evgA, uxuR, zraR, melR
353 	 uxuR, exuR, zraR, idnR, yeiL
354 	 evgA, uxuR, zraR, melR
355 	 leuO, zraR, idnR, yeiL
356 	 evgA, uxuR, exuR, melR
357 	 uxuR, zraR, idnR, yeiL
358 	 evgA, zraR, melR
359 	 uxuR, exuR, idnR, yeiL
360 	 leuO, evgA, uxuR, exuR, zraR, melR
361 	 idnR, yeiL
362 	 evgA, melR
363 	 leuO, uxuR, exuR, zraR, idnR, yeiL
364 	 evgA, uxuR, zraR, melR
365 	 uxuR, exuR, zraR, idnR, yeiL
366 	 evgA, uxuR, exuR, zraR, melR
367 	 zraR, idnR, yeiL
368 	 leuO, evgA, zraR, melR
369 	 leuO, evgA, zraR, yeiL
370 	 evgA, zraR, melR
371 	 leuO, evgA, uxuR, exuR, zraR, yeiL
372 	 evgA, uxuR, exuR, zraR, melR
373 	 evgA, uxuR, exuR, zraR, yeiL
374 	 evgA, uxuR, exuR, yeiL
375 	 evgA, uxuR, exuR, zraR, idnR
376 	 uxuR, zraR, melR, yeiL
377 	 leuO, evgA, uxuR, exuR, zraR, idnR
378 	 leuO, uxuR, zraR, melR, yeiL
379 	 evgA, zraR, idnR
380 	 uxuR, zraR, melR, yeiL
381 	 leuO, evgA, zraR, idnR
382 	 leuO, melR, yeiL
383 	 evgA, uxuR, zraR, idnR
384 	 melR, yeiL
385 	 evgA, uxuR, exuR, idnR
386 	 leuO, uxuR, exuR, melR, yeiL
387 	 evgA, zraR, idnR
388 	 leuO, zraR, melR, yeiL
389 	 evgA, uxuR, exuR, zraR, idnR
390 	 zraR, melR, yeiL
391 	 evgA, uxuR, zraR, yeiL
392 	 uxuR, exuR, melR, yeiL
393 	 evgA, uxuR, exuR, zraR, yeiL
394 	 uxuR, exuR, zraR, melR, yeiL
395 	 evgA, zraR, yeiL
396 	 uxuR, exuR, melR, yeiL
397 	 leuO, evgA, uxuR, exuR
398 	 zraR, melR, yeiL
399 	 leuO, evgA
400 	 leuO, uxuR, exuR, zraR, melR, yeiL
401 	 leuO, evgA, zraR
402 	 uxuR, exuR, zraR, melR, yeiL
403 	 evgA, uxuR, exuR
404 	 leuO, evgA, uxuR, zraR, melR, idnR, yeiL
405 	 leuO, evgA, uxuR, zraR
406 	 evgA, uxuR, zraR, melR, idnR, yeiL
407 	 evgA, zraR
408 	 evgA, uxuR, melR, idnR, yeiL
409 	 evgA, uxuR, exuR, zraR
410 	 evgA, uxuR, exuR, melR, idnR, yeiL
411 	 evgA, uxuR, zraR
412 	 evgA, melR, idnR, yeiL
413 	 evgA
414 	 leuO, evgA, uxuR, exuR, zraR, melR, idnR, yeiL
415 	 leuO, evgA, uxuR, exuR, zraR
416 	 evgA, uxuR, zraR, melR, idnR, yeiL
417 	 leuO, evgA, zraR
418 	 leuO, evgA, uxuR, exuR, zraR, melR, idnR, yeiL
419 	 evgA, uxuR, exuR, zraR
420 	 evgA, zraR, melR, idnR, yeiL
421 	 evgA, zraR
422 	 leuO, evgA, zraR, melR, idnR, yeiL
423 	 leuO, evgA, melR, yeiL
424 	 evgA, zraR, melR, idnR, yeiL
425 	 leuO, evgA, uxuR, zraR, melR, yeiL
426 	 leuO, uxuR, exuR, zraR, yeiL
427 	 evgA, uxuR, melR, yeiL
428 	 uxuR, zraR, yeiL
429 	 leuO, evgA, zraR, melR, yeiL
430 	 zraR, yeiL
431 	 evgA, uxuR, zraR, melR, yeiL
432 	 leuO, uxuR, zraR, yeiL
433 	 evgA, uxuR, zraR, melR, yeiL
434 	 leuO, uxuR, exuR, yeiL
435 	 leuO, evgA, uxuR, exuR, zraR, melR, yeiL
436 	 leuO, yeiL
437 	 evgA, uxuR, exuR, melR, yeiL
438 	 uxuR, yeiL
439 	 leuO, evgA, uxuR, exuR, zraR, melR, yeiL
440 	 uxuR, zraR, yeiL
441 	 evgA, melR, yeiL
442 	 uxuR, exuR, zraR, yeiL
443 	 evgA, uxuR, exuR, zraR, melR, yeiL
444 	 uxuR, exuR, yeiL
445 	 evgA, uxuR, exuR, zraR, melR, yeiL
446 	 leuO, zraR, yeiL
447 	 evgA, zraR, melR, yeiL
448 	 leuO, uxuR, exuR, zraR, yeiL
449 	 evgA, zraR, melR, yeiL
450 	 uxuR, exuR, zraR, yeiL
451 	 leuO, evgA, uxuR, melR
452 	 zraR, yeiL
453 	 leuO, evgA, melR
454 	 evgA, zraR, yeiL
455 	 leuO, evgA, uxuR, zraR, melR
456 	 evgA, uxuR, exuR, zraR, yeiL
457 	 evgA, uxuR, melR
458 	 uxuR, exuR, yeiL
459 	 leuO, evgA, zraR, melR
460 	 leuO, uxuR, exuR, zraR, yeiL
461 	 leuO, evgA, uxuR, zraR, melR
462 	 uxuR, zraR, yeiL
463 	 evgA, uxuR, zraR, melR
464 	 leuO, zraR, yeiL
465 	 leuO, evgA, uxuR, exuR, zraR, melR
466 	 zraR, yeiL
467 	 evgA, melR
468 	 uxuR, exuR, zraR, yeiL
469 	 leuO, evgA, uxuR, exuR, melR
470 	 evgA, uxuR, exuR, zraR, idnR, yeiL
471 	 leuO, evgA, melR
472 	 evgA, zraR, idnR, yeiL
473 	 evgA, uxuR, exuR, melR
474 	 leuO, evgA, uxuR, zraR, idnR, yeiL
475 	 evgA, uxuR, melR
476 	 leuO, evgA, idnR, yeiL
477 	 evgA, melR
478 	 leuO, evgA, uxuR, exuR, zraR, idnR, yeiL
479 	 evgA, uxuR, exuR, melR
480 	 evgA, uxuR, idnR, yeiL
481 	 leuO, evgA, zraR, melR
482 	 evgA, uxuR, exuR, idnR, yeiL
483 	 evgA, zraR, melR
484 	 evgA, uxuR, zraR, idnR, yeiL
485 	 evgA, uxuR, zraR, melR
486 	 leuO, evgA, zraR, idnR, yeiL
487 	 evgA, zraR, melR
488 	 evgA, idnR, yeiL
489 	 evgA, uxuR, exuR, zraR, melR
490 	 evgA, zraR, idnR, yeiL
491 	 leuO, evgA, uxuR, exuR, zraR, melR
492 	 leuO, evgA, idnR, yeiL
493 	 evgA, uxuR, exuR, zraR, melR
494 	 uxuR, exuR, zraR
495 	 evgA, uxuR, zraR, melR, yeiL
496 	 leuO, uxuR, exuR, zraR
497 	 evgA
498 	 uxuR
499 	 evgA, uxuR, zraR
500 	 uxuR, exuR
501 	 leuO, evgA, zraR
503 	 evgA, zraR
504 	 leuO, zraR
505 	 evgA, uxuR, exuR
506 	 zraR
507 	 leuO, evgA, uxuR, exuR, zraR
508 	 uxuR, zraR
509 	 evgA, uxuR, exuR, zraR
510 	 zraR
511 	 evgA, uxuR, exuR, melR, yeiL
512 	 uxuR, exuR, zraR
513 	 leuO, evgA, uxuR, exuR, zraR, melR, yeiL
514 	 leuO, uxuR, melR
515 	 evgA, melR, yeiL
516 	 uxuR, zraR, melR
517 	 evgA, zraR, melR, yeiL
518 	 uxuR, exuR, melR
519 	 evgA, uxuR, exuR, zraR, melR, yeiL
520 	 uxuR, exuR, zraR, melR
521 	 leuO, evgA, uxuR, zraR, melR
522 	 leuO, melR
523 	 evgA, uxuR, melR
524 	 leuO, uxuR, exuR, melR
525 	 leuO, evgA, melR
526 	 uxuR, melR
527 	 leuO, evgA, uxuR, exuR, melR
528 	 leuO, uxuR, zraR, melR
529 	 leuO, evgA, zraR, melR
530 	 leuO, zraR, melR
531 	 evgA, uxuR, exuR, melR
532 	 uxuR, exuR, melR
533 	 evgA, melR
534 	 uxuR, zraR, melR
535 	 leuO, evgA, uxuR, exuR, zraR, melR
536 	 leuO, uxuR, exuR, zraR, melR
537 	 evgA, uxuR, zraR, melR
538 	 melR
539 	 evgA, uxuR, exuR, zraR, melR
540 	 uxuR, exuR, zraR, melR
541 	 evgA, zraR, melR
542 	 zraR, melR
543 	 evgA, uxuR, exuR, zraR, melR, idnR, yeiL
544 	 zraR, melR
545 	 evgA, uxuR, exuR, zraR, melR, idnR, yeiL
546 	 leuO, evgA, uxuR, exuR, zraR, melR, idnR
547 	 leuO, evgA, zraR, melR, idnR
548 	 evgA, uxuR, exuR, melR, idnR
549 	 leuO, evgA, melR, idnR
550 	 evgA, uxuR, melR, idnR
551 	 evgA, uxuR, zraR, melR, idnR
552 	 leuO, evgA, uxuR, exuR, melR, idnR
553 	 leuO, evgA, uxuR, zraR, melR, idnR
554 	 evgA, melR, idnR
555 	 leuO, evgA, uxuR, exuR, zraR, melR, idnR
556 	 evgA, uxuR, exuR, melR, idnR
557 	 leuO, evgA, zraR, melR, idnR
558 	 evgA, uxuR, zraR, melR, idnR
559 	 evgA, zraR, melR, idnR
560 	 evgA, zraR, melR, idnR
561 	 evgA, uxuR, exuR, zraR, melR, idnR
562 	 evgA, uxuR, exuR, zraR, melR, idnR
563 	 evgA, uxuR, exuR, zraR, idnR, yeiL
564 	 melR, idnR, yeiL
565 	 leuO, evgA, uxuR, idnR
566 	 uxuR, melR, idnR, yeiL
567 	 evgA, uxuR, idnR
568 	 uxuR, exuR, melR, idnR, yeiL
569 	 evgA, uxuR, idnR
570 	 leuO, uxuR, exuR, melR, idnR, yeiL
571 	 leuO, evgA, idnR
572 	 uxuR, exuR, melR, idnR, yeiL
573 	 evgA, idnR
574 	 leuO, uxuR, exuR, zraR, melR, idnR, yeiL
575 	 leuO, evgA, uxuR, exuR, idnR
576 	 leuO, uxuR, zraR, melR, idnR, yeiL
577 	 evgA, uxuR, exuR, idnR
578 	 uxuR, zraR, melR, idnR, yeiL
579 	 evgA, uxuR, exuR, idnR
580 	 uxuR, zraR, melR, idnR, yeiL
581 	 leuO, evgA, idnR
582 	 leuO, uxuR, exuR, zraR, melR, idnR, yeiL
583 	 leuO, evgA, zraR, idnR
584 	 leuO, melR, idnR, yeiL
585 	 leuO, evgA, uxuR, exuR, zraR, idnR
586 	 melR, idnR, yeiL
587 	 leuO, evgA, uxuR, zraR, idnR
588 	 leuO, zraR, melR, idnR, yeiL
589 	 leuO, evgA, uxuR, exuR, zraR, idnR
590 	 leuO, zraR, melR, idnR, yeiL
591 	 evgA, uxuR, zraR, idnR
592 	 uxuR, exuR, zraR, melR, idnR, yeiL
593 	 leuO, evgA, zraR, idnR
594 	 zraR, melR, idnR, yeiL
595 	 evgA, idnR
596 	 uxuR, exuR, zraR, melR, idnR, yeiL
597 	 evgA, uxuR, exuR, zraR, idnR
598 	 zraR, melR, idnR, yeiL
599 	 evgA, uxuR, zraR, idnR
600 	 leuO, uxuR, exuR, zraR, idnR
601 	 evgA, zraR, idnR
602 	 leuO, uxuR, idnR
603 	 evgA, uxuR, exuR, zraR, idnR
604 	 idnR
605 	 evgA, zraR, idnR
606 	 uxuR, idnR
607 	 evgA, uxuR, melR, idnR, yeiL
608 	 leuO, uxuR, exuR, idnR
609 	 leuO, evgA, uxuR, melR, idnR, yeiL
610 	 uxuR, exuR, idnR
611 	 evgA, uxuR, melR, idnR, yeiL
612 	 uxuR, zraR, idnR
613 	 leuO, evgA, uxuR, exuR, melR, idnR, yeiL
614 	 zraR, idnR
615 	 leuO, evgA, melR, idnR, yeiL
616 	 leuO, idnR
617 	 evgA, uxuR, exuR, melR, idnR, yeiL
618 	 idnR
619 	 leuO, evgA, uxuR, exuR, melR, idnR, yeiL
620 	 uxuR, exuR, zraR, idnR
621 	 evgA, melR, idnR, yeiL
622 	 leuO, uxuR, zraR, idnR
623 	 leuO, evgA, melR, idnR, yeiL
624 	 leuO, uxuR, exuR, zraR, idnR
625 	 evgA, melR, idnR, yeiL
626 	 leuO, zraR, idnR
627 	 leuO, evgA, uxuR, zraR, melR, idnR, yeiL
628 	 uxuR, zraR, idnR
629 	 evgA, uxuR, exuR, melR, idnR, yeiL
630 	 zraR, idnR
631 	 leuO, evgA, zraR, melR, idnR, yeiL
632 	 uxuR, exuR, idnR
633 	 evgA, uxuR, zraR, melR, idnR, yeiL
634 	 uxuR, exuR, zraR, idnR
635 	 leuO, evgA, uxuR, exuR, zraR, melR, idnR, yeiL
636 	 leuO, uxuR, melR, idnR
637 	 leuO, evgA, zraR, melR, idnR, yeiL
638 	 leuO, uxuR, exuR, melR, idnR
639 	 evgA, uxuR, zraR, melR, idnR, yeiL
640 	 leuO, uxuR, exuR, melR, idnR
641 	 leuO, evgA, uxuR, exuR, zraR, melR, idnR, yeiL
642 	 leuO, uxuR, zraR, melR, idnR
643 	 evgA, uxuR, exuR, zraR, melR, idnR, yeiL
644 	 uxuR, melR, idnR
645 	 evgA, uxuR, exuR, zraR, melR, idnR, yeiL
646 	 leuO, uxuR, exuR, zraR, melR, idnR
647 	 evgA, zraR, melR, idnR, yeiL
648 	 uxuR, zraR, melR, idnR
649 	 evgA, zraR, melR, idnR, yeiL
650 	 uxuR, exuR, melR, idnR
651 	 leuO, evgA, uxuR, zraR, melR, idnR
652 	 leuO, melR, idnR
653 	 evgA, uxuR, melR, idnR
654 	 melR, idnR
655 	 evgA, uxuR, zraR, melR, idnR
656 	 leuO, melR, idnR
657 	 leuO, evgA, uxuR, melR, idnR
658 	 uxuR, melR, idnR
659 	 leuO, evgA, melR, idnR
660 	 uxuR, exuR, melR, idnR
661 	 leuO, evgA, uxuR, exuR, melR, idnR
662 	 uxuR, zraR, melR, idnR
663 	 leuO, evgA, uxuR, exuR, zraR, melR, idnR
664 	 melR, idnR
665 	 evgA, uxuR, melR, idnR
666 	 leuO, zraR, melR, idnR
667 	 evgA, melR, idnR
668 	 leuO, uxuR, exuR, zraR, melR, idnR
669 	 leuO, evgA, uxuR, zraR, melR, idnR
670 	 leuO, zraR, melR, idnR
671 	 leuO, evgA, uxuR, exuR, melR, idnR
672 	 zraR, melR, idnR
673 	 evgA, uxuR, zraR, melR, idnR
674 	 zraR, melR, idnR
675 	 leuO, evgA, uxuR, exuR, zraR, melR, idnR
676 	 uxuR, exuR, zraR, melR, idnR
677 	 uxuR, exuR, zraR, melR, idnR
678 	 leuO, uxuR, exuR, zraR
679 	 leuO, uxuR, exuR, melR, yeiL
680 	 leuO, uxuR, exuR, zraR, melR, yeiL
681 	 leuO, uxuR, exuR, melR
682 	 leuO, uxuR, zraR, melR
683 	 leuO, uxuR, exuR, zraR, melR
684 	 leuO, uxuR, zraR, idnR, yeiL
685 	 leuO, uxuR, exuR, zraR, idnR, yeiL
686 	 leuO, uxuR, zraR, idnR
687 	 leuO, uxuR, melR, idnR, yeiL
688 	 leuO, uxuR, zraR, melR, idnR, yeiL
689 	 leuO, uxuR, exuR, idnR
690 	 leuO, uxuR, exuR, zraR, idnR
691 	 leuO, uxuR, exuR, melR, idnR, yeiL
692 	 leuO, uxuR, exuR, zraR, melR, idnR, yeiL
693 	 leuO, uxuR, melR, idnR
694 	 leuO, uxuR, zraR, melR, idnR
695 	 leuO, uxuR, exuR, melR, idnR
696 	 leuO, uxuR, exuR, zraR, melR, idnR
697 	 leuO, evgA, zraR, melR, idnR
698 	 leuO, uxuR, melR, yeiL
699 	 leuO
700 	 leuO, evgA, uxuR, zraR, idnR, yeiL
701 	 leuO, zraR
702 	 leuO, uxuR
703 	 leuO, zraR, melR, yeiL
704 	 leuO, uxuR, zraR, melR, yeiL
705 	 leuO, melR
706 	 leuO, uxuR, zraR
707 	 leuO, zraR, melR
708 	 leuO, uxuR, exuR, melR, yeiL
709 	 leuO, zraR, idnR, yeiL
710 	 leuO, uxuR, exuR
711 	 leuO, melR, idnR, yeiL
712 	 leuO, uxuR, exuR, zraR, melR, yeiL
713 	 leuO, idnR
714 	 leuO, uxuR, exuR, zraR
715 	 leuO, zraR, melR, idnR, yeiL
716 	 leuO, uxuR, melR
717 	 leuO, zraR, idnR
718 	 leuO, uxuR, zraR, melR
719 	 leuO, melR, idnR
720 	 leuO, uxuR, exuR, melR
721 	 leuO, zraR, melR, idnR
722 	 leuO, uxuR, exuR, zraR, melR
723 	 evgA, uxuR, exuR, melR, idnR
724 	 leuO, uxuR, exuR
725 	 uxuR, melR, yeiL
726 	 leuO, evgA, uxuR, exuR, zraR, idnR, yeiL
727 	 evgA, uxuR, exuR, zraR, melR, idnR
728 	 leuO, uxuR, exuR, melR, yeiL
729 	 uxuR
730 	 leuO, evgA, uxuR, zraR, idnR
731 	 uxuR, exuR, melR, yeiL
732 	 leuO, uxuR, zraR, melR, yeiL
733 	 uxuR, exuR
734 	 leuO, uxuR, zraR
735 	 uxuR, zraR, melR, yeiL
736 	 leuO, uxuR, exuR, zraR, melR, yeiL
737 	 uxuR, zraR
738 	 leuO, uxuR, exuR, zraR
739 	 uxuR, exuR, zraR, melR, yeiL
740 	 leuO, uxuR, melR
741 	 uxuR, exuR, zraR
742 	 leuO, uxuR, zraR, melR
743 	 uxuR, melR
744 	 leuO, uxuR, exuR, melR
745 	 uxuR, exuR, melR
746 	 leuO, uxuR, exuR, zraR, melR
747 	 uxuR, zraR, melR
748 	 leuO, evgA, uxuR, exuR, idnR
749 	 uxuR, exuR, zraR, melR
750 	 leuO, evgA, uxuR, exuR, zraR, idnR
751 	 uxuR, zraR, idnR, yeiL
752 	 leuO, evgA, uxuR, exuR, melR, idnR, yeiL
753 	 uxuR, exuR, idnR, yeiL
754 	 leuO, evgA, uxuR, zraR, melR, idnR, yeiL
755 	 uxuR, exuR, zraR, idnR, yeiL
756 	 leuO, evgA, uxuR, exuR, zraR, melR, idnR, yeiL
757 	 uxuR, melR, idnR, yeiL
758 	 leuO, evgA, uxuR, zraR, melR, idnR
759 	 uxuR, exuR, melR, idnR, yeiL
760 	 leuO, evgA, uxuR, exuR, melR, idnR
761 	 uxuR, zraR, melR, idnR, yeiL
762 	 leuO, evgA, uxuR, exuR, zraR, melR, idnR
763 	 uxuR, exuR, zraR, melR, idnR, yeiL
764 	 leuO, uxuR, exuR, idnR, yeiL
765 	 uxuR, idnR
766 	 leuO, uxuR, zraR, idnR, yeiL
767 	 uxuR, zraR, idnR
768 	 leuO, uxuR, exuR, zraR, idnR, yeiL
769 	 uxuR, exuR, idnR
770 	 leuO, uxuR, idnR
771 	 uxuR, exuR, zraR, idnR
772 	 leuO, uxuR, zraR, idnR
773 	 uxuR, melR, idnR
774 	 leuO, uxuR, exuR, idnR
775 	 uxuR, exuR, melR, idnR
776 	 leuO, uxuR, exuR, zraR, idnR
777 	 uxuR, zraR, melR, idnR
778 	 leuO, uxuR, melR, idnR, yeiL
779 	 uxuR, exuR, zraR, melR, idnR
780 	 leuO, uxuR, zraR, melR, idnR, yeiL
781 	 zraR
782 	 leuO, uxuR, exuR, melR, idnR, yeiL
783 	 evgA, zraR, melR, idnR
784 	 leuO, uxuR, exuR, zraR, melR, idnR, yeiL
785 	 leuO, uxuR, melR, idnR
786 	 leuO, uxuR, exuR, melR, idnR
787 	 leuO, uxuR, zraR, melR, idnR
788 	 leuO, uxuR, exuR, zraR, melR, idnR
789 	 leuO, uxuR, zraR, idnR, yeiL
790 	 leuO, uxuR, exuR, idnR, yeiL
791 	 leuO, uxuR, exuR, zraR, idnR, yeiL
792 	 leuO, uxuR, exuR, idnR
793 	 leuO, uxuR, melR, idnR, yeiL
794 	 leuO, uxuR, zraR, idnR
795 	 leuO, uxuR, zraR, melR, idnR, yeiL
796 	 leuO, uxuR, exuR, zraR, idnR
797 	 leuO, uxuR, exuR, melR, idnR, yeiL
798 	 leuO, uxuR, exuR, zraR, melR, idnR, yeiL
799 	 leuO, uxuR, melR, idnR
800 	 leuO, uxuR, zraR, melR, idnR
801 	 leuO, uxuR, exuR, melR, idnR
802 	 leuO, uxuR, exuR, zraR, melR, idnR
803 	 leuO
804 	 evgA, uxuR, exuR, melR, idnR
805 	 leuO, melR, yeiL
806 	 evgA, uxuR, exuR, zraR, melR, idnR
807 	 leuO, zraR, melR, yeiL
808 	 uxuR, melR, yeiL
809 	 leuO, zraR
810 	 uxuR, zraR, melR, yeiL
811 	 leuO, evgA, melR, idnR
812 	 uxuR
813 	 leuO, evgA, zraR, melR, idnR
814 	 uxuR, zraR
815 	 leuO, evgA, zraR, idnR, yeiL
816 	 uxuR, exuR, melR, yeiL
817 	 leuO, evgA, idnR
818 	 uxuR, exuR, zraR, melR, yeiL
819 	 leuO, evgA, zraR, idnR
820 	 uxuR, exuR
821 	 leuO, evgA, melR, idnR, yeiL
822 	 uxuR, exuR, zraR
823 	 leuO, evgA, zraR, melR, idnR, yeiL
824 	 uxuR, melR
825 	 leuO, evgA, melR, idnR
826 	 uxuR, exuR, melR
827 	 leuO, evgA, zraR, melR, idnR
828 	 uxuR, zraR, melR
829 	 leuO, melR
830 	 uxuR, exuR, zraR, melR
831 	 leuO, zraR, melR
832 	 uxuR, idnR, yeiL
833 	 leuO, idnR, yeiL
834 	 uxuR, exuR, idnR, yeiL
835 	 leuO, zraR, idnR, yeiL
836 	 uxuR, zraR, idnR, yeiL
837 	 leuO, melR, idnR, yeiL
838 	 uxuR, exuR, zraR, idnR, yeiL
839 	 leuO, zraR, melR, idnR, yeiL
840 	 uxuR, idnR
841 	 leuO, idnR
842 	 uxuR, zraR, idnR
843 	 leuO, zraR, idnR
844 	 uxuR, exuR, idnR
845 	 leuO, melR, idnR
846 	 uxuR, exuR, zraR, idnR
847 	 leuO, zraR, melR, idnR
848 	 uxuR, melR, idnR, yeiL
849 	 leuO
850 	 uxuR, zraR, melR, idnR, yeiL
851 	 leuO, zraR, melR, yeiL
852 	 uxuR, melR, yeiL
853 	 leuO, zraR
854 	 uxuR
855 	 leuO, melR
856 	 uxuR, exuR, melR, yeiL
857 	 leuO, zraR, melR
858 	 uxuR, exuR
859 	 leuO, idnR, yeiL
860 	 uxuR, zraR
861 	 leuO, zraR, idnR, yeiL
862 	 uxuR, zraR, melR, yeiL
863 	 leuO, idnR
864 	 uxuR, exuR, zraR
865 	 leuO, melR, idnR, yeiL
866 	 uxuR, exuR, zraR, melR, yeiL
867 	 leuO, zraR, idnR
868 	 uxuR, melR
869 	 leuO, zraR, melR, idnR, yeiL
870 	 uxuR, exuR, melR
871 	 leuO, melR, idnR
872 	 uxuR, zraR, melR
873 	 leuO, zraR, melR, idnR
874 	 uxuR, exuR, zraR, melR
875 	 evgA, uxuR, zraR, idnR, yeiL
876 	 melR, yeiL
877 	 evgA, uxuR, exuR, idnR, yeiL
878 	 zraR, melR, yeiL
879 	 uxuR, exuR, melR, idnR, yeiL
880 	 melR
881 	 uxuR, exuR, zraR, melR, idnR, yeiL
882 	 zraR, melR
883 	 uxuR, melR, idnR
884 	 idnR, yeiL
885 	 uxuR, exuR, melR, idnR
886 	 zraR, idnR, yeiL
887 	 uxuR, zraR, melR, idnR
888 	 melR, idnR, yeiL
889 	 uxuR, exuR, zraR, melR, idnR
890 	 zraR, melR, idnR, yeiL
891 	 evgA, uxuR, exuR, zraR, idnR, yeiL
892 	 idnR
893 	 evgA, uxuR, melR, idnR, yeiL
894 	 zraR, idnR
895 	 evgA, uxuR, idnR
896 	 melR, idnR
897 	 evgA, uxuR, zraR, idnR
898 	 zraR, melR, idnR
899 	 evgA, uxuR, exuR, idnR
900 	 evgA, uxuR, exuR, zraR, idnR
901 	 evgA, uxuR, exuR, melR, idnR, yeiL
902 	 evgA, uxuR, zraR, melR, idnR, yeiL
903 	 evgA, uxuR, exuR, zraR, melR, idnR, yeiL
904 	 evgA, uxuR, melR, idnR
905 	 evgA, uxuR, exuR, melR, idnR
906 	 evgA, uxuR, zraR, melR, idnR
907 	 evgA, uxuR, exuR, zraR, melR, idnR
908 	 uxuR, zraR, idnR, yeiL
909 	 uxuR, exuR, idnR, yeiL
910 	 uxuR, exuR, zraR, idnR, yeiL
911 	 uxuR, melR, idnR, yeiL
912 	 uxuR, idnR
913 	 uxuR, zraR, melR, idnR, yeiL
914 	 uxuR, exuR, idnR
915 	 uxuR, exuR, melR, idnR, yeiL
916 	 uxuR, zraR, idnR
917 	 uxuR, exuR, zraR, melR, idnR, yeiL
918 	 uxuR, exuR, zraR, idnR
919 	 uxuR, melR, idnR
920 	 uxuR, zraR, melR, idnR
921 	 uxuR, exuR, melR, idnR
922 	 uxuR, exuR, zraR, melR, idnR
923 	 evgA, melR, idnR
924 	 melR, yeiL
925 	 evgA, zraR, melR, idnR
926 	 zraR, melR, yeiL
927 	 evgA, idnR, yeiL
929 	 zraR
930 	 melR
931 	 zraR, melR
932 	 idnR, yeiL
933 	 melR, yeiL
934 	 zraR, idnR, yeiL
935 	 zraR, melR, yeiL
936 	 idnR
938 	 zraR, idnR
939 	 zraR
940 	 melR, idnR, yeiL
941 	 melR
942 	 zraR, melR, idnR, yeiL
943 	 zraR, melR
944 	 melR, idnR
945 	 zraR, melR, idnR
946 	 evgA, zraR, idnR, yeiL
947 	 evgA, melR, idnR, yeiL
948 	 evgA, zraR, melR, idnR, yeiL
949 	 evgA, idnR
950 	 evgA, zraR, idnR
951 	 evgA, melR, idnR
952 	 evgA, zraR, melR, idnR
953 	 idnR, yeiL
954 	 zraR, idnR, yeiL
955 	 idnR
956 	 melR, idnR, yeiL
957 	 zraR, idnR
958 	 zraR, melR, idnR, yeiL
959 	 melR, idnR
960 	 zraR, melR, idnR
