3 	 zraR, puuR, nhaR, csgD, fnr
22 	 zraR, puuR, nhaR, galR, galS, csgD, fnr
23 	 zraR, puuR, nhaR, galR, galS, csgD, fnr
25 	 zraR, puuR, nhaR, galR, galS, csgD, fnr
26 	 zraR, yqjI, nhaR, galR, galS, csgD, soxR, narL, arcA
27 	 zraR, yqjI, nhaR, galR, galS, csgD, soxR, narL, arcA
28 	 zraR, yqjI, nhaR, galR, galS, csgD, soxR, narL, arcA
29 	 zraR, puuR, nhaR, csgD, fnr
30 	 zraR, yqjI, fucR, nhaR, galR, galS, csgD, soxR, narL, arcA
31 	 zraR, puuR, nhaR, galR, galS, csgD, fnr
32 	 zraR, puuR, nhaR, galR, galS, fnr
33 	 zraR, puuR, nhaR, galR, galS, csgD, fnr
34 	 zraR, yqjI, nhaR, galR, galS, soxR, narL, arcA
35 	 zraR, puuR, nhaR, galR, galS, csgD, fnr
36 	 zraR, yqjI, nhaR, galR, galS, csgD, soxR, narL, arcA
37 	 zraR, puuR, fucR, nhaR, galR, galS, csgD, fnr
38 	 zraR, yqjI, nhaR, galR, galS, csgD, soxR, narL, arcA
39 	 zraR, puuR, nhaR, csgD, fnr
40 	 zraR, yqjI, nhaR, galR, rhaS, galS, csgD, soxR, narL, arcA
41 	 zraR, puuR, nhaR, csgD, fnr
42 	 zraR, puuR, fucR, nhaR, galR, galS, csgD, fnr
43 	 zraR, puuR, nhaR, galR, galS, fnr
44 	 zraR, puuR, nhaR, csgD, fnr
45 	 zraR, puuR, nhaR, csgD, fnr
46 	 zraR, yqjI, fucR, nhaR, csgD, soxR, narL, arcA
47 	 zraR, puuR, nhaR, csgD, fnr
48 	 zraR, yqjI, nhaR, soxR, narL, arcA
49 	 zraR, puuR, nhaR, galR, rhaS, galS, csgD, fnr
50 	 zraR, yqjI, fucR, nhaR, galR, galS, csgD, soxR, narL, arcA
51 	 zraR, yqjI, fucR, nhaR, galR, galS, csgD, soxR, narL, arcA
52 	 zraR, puuR, fucR, nhaR, galR, galS, csgD, soxS, fnr
53 	 zraR, yqjI, fucR, nhaR, galR, galS, csgD, soxR, narL, arcA
54 	 zraR, yqjI, fucR, nhaR, galR, galS, csgD, soxR, narL, arcA
55 	 zraR, yqjI, fucR, nhaR, csgD, soxR, narL, arcA
56 	 zraR, yqjI, fucR, nhaR, csgD, soxR, narL, arcA
57 	 zraR, puuR, fucR, nhaR, galR, galS, csgD, soxS, fnr
58 	 zraR, yqjI, fucR, nhaR, galR, galS, soxR, narL, arcA
59 	 zraR, puuR, fucR, nhaR, csgD, fnr
60 	 zraR, puuR, nhaR, csgD, fnr
61 	 zraR, puuR, nhaR, fnr
62 	 zraR, puuR, fucR, nhaR, csgD, fnr
63 	 zraR, puuR, fucR, nhaR, galR, galS, fnr
64 	 zraR, puuR, fucR, nhaR, csgD, fnr
65 	 zraR, puuR, fucR, nhaR, fnr
66 	 zraR, puuR, nhaR, csgD, fnr
67 	 zraR, puuR, fucR, nhaR, fnr
68 	 zraR, puuR, fucR, nhaR, csgD, fnr
69 	 zraR, puuR, nhaR, fnr
70 	 zraR, puuR, fucR, nhaR, csgD, fnr
71 	 zraR, puuR, nhaR, fnr
72 	 zraR, puuR, nhaR, csgD, fnr
73 	 zraR, puuR, nhaR, galR, galS, fnr
74 	 zraR, puuR, nhaR, csgD, fnr
75 	 zraR, puuR, fucR, nhaR, galR, galS, fnr
76 	 zraR, puuR, nhaR, galR, galS, csgD, fnr
77 	 zraR, puuR, fucR, nhaR, fnr
78 	 zraR, puuR, fucR, nhaR, galR, galS, csgD, fnr
79 	 zraR, puuR, fucR, nhaR, fnr
80 	 zraR, puuR, fucR, nhaR, csgD, fnr
81 	 zraR, puuR, fucR, nhaR, galR, galS, fnr
82 	 zraR, puuR, fucR, nhaR, csgD, fnr
83 	 zraR, puuR, nhaR, galR, galS, csgD, fnr
84 	 zraR, puuR, nhaR, galR, galS, fnr
85 	 zraR, puuR, nhaR, csgD, fnr
86 	 zraR, puuR, nhaR, fnr
87 	 zraR, puuR, nhaR, csgD, fnr
88 	 zraR, puuR, nhaR, galR, galS, csgD, fnr
89 	 zraR, puuR, nhaR, fnr
90 	 zraR, puuR, fucR, nhaR, galR, galS, csgD, fnr
91 	 zraR, puuR, nhaR, galR, galS, fnr
92 	 zraR, puuR, fucR, nhaR, csgD, fnr
93 	 zraR, puuR, fucR, nhaR, galR, galS, fnr
94 	 zraR, puuR, fucR, nhaR, csgD, fnr
95 	 zraR, puuR, fucR, nhaR, fnr
96 	 zraR, puuR, nhaR, galR, galS, csgD, fnr
97 	 zraR, puuR, fucR, nhaR, fnr
98 	 zraR, puuR, fucR, nhaR, galR, galS, csgD, fnr
99 	 zraR, puuR, fucR, nhaR, galR, galS, fnr
100 	 zraR, puuR, nhaR, csgD, fnr
101 	 zraR, puuR, nhaR, galR, galS, fnr
102 	 zraR, puuR, nhaR, csgD, fnr
103 	 zraR, puuR, nhaR, fnr
104 	 zraR, puuR, nhaR, galR, galS, csgD, fnr
105 	 zraR, puuR, nhaR, fnr
106 	 zraR, puuR, fucR, nhaR, galR, galS, csgD, fnr
107 	 zraR, puuR, nhaR, galR, galS, fnr
108 	 zraR, puuR, fucR, nhaR, csgD, fnr
109 	 zraR, puuR, fucR, nhaR, galR, galS, fnr
110 	 zraR, puuR, fucR, nhaR, csgD, fnr
111 	 zraR, puuR, fucR, nhaR, fnr
112 	 zraR, puuR, fucR, nhaR, galR, galS, csgD, fnr
113 	 zraR, puuR, fucR, nhaR, fnr
114 	 zraR, puuR, fucR, nhaR, galR, galS, csgD, fnr
115 	 zraR, puuR, fucR, nhaR, galR, galS, fnr
116 	 zraR, puuR, nhaR, galR, galS, fnr
117 	 zraR, puuR, nhaR, galR, galS, fnr
118 	 zraR, puuR, nhaR, fnr
119 	 zraR, puuR, nhaR, fnr
120 	 zraR, puuR, nhaR, fnr
121 	 zraR, puuR, nhaR, fnr
122 	 zraR, puuR, nhaR, galR, galS, fnr
123 	 zraR, puuR, nhaR, galR, galS, fnr
124 	 zraR, puuR, fucR, nhaR, galR, galS, fnr
125 	 zraR, puuR, fucR, nhaR, galR, galS, fnr
126 	 zraR, puuR, fucR, nhaR, fnr
127 	 zraR, puuR, fucR, nhaR, fnr
128 	 zraR, puuR, fucR, nhaR, fnr
129 	 zraR, puuR, fucR, nhaR, fnr
130 	 zraR, puuR, fucR, nhaR, galR, galS, fnr
131 	 zraR, puuR, fucR, nhaR, galR, galS, fnr
132 	 zraR, puuR, nhaR, galR, galS, csgD, soxS, fnr
133 	 zraR, puuR, nhaR, csgD, fnr
134 	 zraR, puuR, nhaR, csgD, fnr
135 	 zraR, puuR, nhaR, galR, galS, csgD, fnr
136 	 zraR, puuR, nhaR, galR, galS, fnr
137 	 zraR, puuR, nhaR, fnr
138 	 zraR, puuR, nhaR, fnr
139 	 zraR, puuR, nhaR, galR, galS, fnr
140 	 zraR, puuR, nhaR, galR, galS, fnr
141 	 zraR, puuR, nhaR, fnr
142 	 zraR, puuR, nhaR, fnr
143 	 zraR, puuR, nhaR, galR, galS, fnr
144 	 zraR, puuR, fucR, nhaR, galR, galS, csgD, fnr
145 	 zraR, puuR, fucR, nhaR, csgD, fnr
146 	 zraR, puuR, fucR, nhaR, csgD, fnr
431 	 zraR, yqjI, fucR, nhaR, galR, galS, csgD, soxR, narL, arcA
608 	 zraR, yqjI, nhaR, galR, galS, csgD, soxR, narL, arcA
645 	 zraR, yqjI, nhaR, galR, galS, soxR, narL, arcA
646 	 zraR, yqjI, galR, galS, csgD, soxR, narL, arcA
647 	 zraR, yqjI, nhaR, csgD, soxR, narL, arcA
648 	 zraR, yqjI, nhaR, rhaS, csgD, soxR, narL, arcA
649 	 zraR, yqjI, csgD, soxR, narL, arcA
650 	 zraR, yqjI, nhaR, galR, rhaS, galS, csgD, soxR, narL, arcA
651 	 zraR, puuR, galR, galS, csgD, soxS, fnr
652 	 zraR, yqjI, nhaR, galR, galS, csgD, soxR, narL, arcA
653 	 zraR, yqjI, galR, galS, csgD, soxR, narL, arcA
654 	 zraR, puuR, fucR, nhaR, galR, galS, csgD, fnr
655 	 zraR, yqjI, fucR, nhaR, galR, galS, soxR, narL, arcA
656 	 zraR, yqjI, nhaR, rhaS, csgD, soxR, narL, arcA
657 	 zraR, yqjI, nhaR, csgD, soxR, narL, arcA
658 	 zraR, yqjI, nhaR, soxR, narL, arcA
659 	 zraR, yqjI, fucR, nhaR, csgD, soxR, narL, arcA
660 	 zraR, yqjI, galR, galS, csgD, soxR, narL, arcA
661 	 zraR, puuR, nhaR, galR, galS, csgD, soxS, fnr
662 	 zraR, yqjI, nhaR, csgD, soxR, narL, arcA
663 	 zraR, yqjI, nhaR, galR, galS, csgD, soxR, narL, arcA
664 	 zraR, puuR, nhaR, galR, galS, fnr
665 	 zraR, yqjI, nhaR, galR, galS, csgD, soxR, narL, arcA
666 	 zraR, yqjI, nhaR, csgD, soxR, narL, arcA
667 	 zraR, yqjI, nhaR, galR, galS, soxR, narL, arcA
668 	 zraR, puuR, nhaR, galR, galS, csgD, fnr
669 	 zraR, yqjI, csgD, soxR, narL, arcA
670 	 zraR, yqjI, nhaR, galR, rhaS, galS, csgD, soxR, narL, arcA
671 	 zraR, yqjI, fucR, nhaR, galR, galS, soxR, narL, arcA
672 	 zraR, yqjI, nhaR, csgD, soxR, narL, arcA
674 	 zraR, yqjI, nhaR, rhaS, csgD, soxR, narL, arcA
675 	 zraR, yqjI, nhaR, galR, galS, soxR, narL, arcA
676 	 zraR, puuR, nhaR, galR, galS, csgD, fnr
677 	 zraR, yqjI, nhaR, soxR, narL, arcA
678 	 zraR, yqjI, fucR, nhaR, galR, galS, csgD, soxR, narL, arcA
679 	 zraR, yqjI, csgD, soxR, narL, arcA
680 	 zraR, yqjI, nhaR, galR, rhaS, galS, soxR, narL, arcA
681 	 zraR, puuR, fucR, nhaR, csgD, fnr
682 	 zraR, yqjI, nhaR, galR, galS, soxR, narL, arcA
683 	 zraR, yqjI, nhaR, csgD, soxR, narL, arcA
684 	 zraR, yqjI, nhaR, csgD, soxR, narL, arcA
685 	 zraR, yqjI, fucR, nhaR, galR, rhaS, galS, csgD, soxR, narL, arcA
686 	 zraR, yqjI, nhaR, rhaS, soxR, narL, arcA
687 	 zraR, yqjI, nhaR, soxR, narL, arcA
688 	 zraR, puuR, galR, galS, csgD, soxS, fnr
689 	 zraR, yqjI, nhaR, rhaS, csgD, soxR, narL, arcA
690 	 zraR, puuR, nhaR, galR, rhaS, galS, soxS, fnr
691 	 zraR, yqjI, nhaR, galR, galS, csgD, soxR, narL, arcA
693 	 zraR, yqjI, fucR, nhaR, galR, galS, csgD, soxR, narL, arcA
694 	 zraR, yqjI, galR, rhaS, galS, csgD, soxR, narL, arcA
695 	 zraR, yqjI, fucR, nhaR, csgD, soxR, narL, arcA
696 	 zraR, yqjI, csgD, soxR, narL, arcA
697 	 zraR, yqjI, nhaR, galR, rhaS, galS, csgD, soxR, narL, arcA
698 	 zraR, yqjI, fucR, galR, galS, csgD, soxR, narL, arcA
699 	 zraR, yqjI, nhaR, csgD, soxR, narL, arcA
700 	 zraR, yqjI, nhaR, rhaS, csgD, soxR, narL, arcA
701 	 zraR, yqjI, csgD, soxR, narL, arcA
702 	 zraR, yqjI, fucR, nhaR, rhaS, csgD, soxR, narL, arcA
703 	 zraR, yqjI, nhaR, galR, galS, csgD, soxR, narL, arcA
704 	 zraR, yqjI, nhaR, soxR, narL, arcA
705 	 zraR, yqjI, fucR, csgD, soxR, narL, arcA
706 	 zraR, puuR, nhaR, galR, rhaS, galS, csgD, soxS, fnr
707 	 zraR, yqjI, nhaR, soxR, narL, arcA
708 	 zraR, puuR, fucR, nhaR, galR, rhaS, galS, csgD, soxS, fnr
709 	 zraR, yqjI, fucR, nhaR, csgD, soxR, narL, arcA
710 	 zraR, puuR, fucR, nhaR, galR, galS, csgD, soxS, fnr
711 	 zraR, puuR, nhaR, galR, galS, csgD, fnr
713 	 zraR, yqjI, nhaR, csgD, soxR, narL, arcA
714 	 zraR, yqjI, galR, galS, csgD, soxR, narL, arcA
716 	 zraR, yqjI, csgD, soxR, narL, arcA
717 	 zraR, puuR, fucR, nhaR, galR, galS, csgD, fnr
718 	 zraR, puuR, nhaR, galR, galS, soxS, fnr
719 	 zraR, yqjI, fucR, nhaR, soxR, narL, arcA
720 	 zraR, yqjI, fucR, nhaR, galR, galS, csgD, soxR, narL, arcA
721 	 zraR, puuR, nhaR, galR, galS, fnr
722 	 zraR, yqjI, nhaR, rhaS, csgD, soxR, narL, arcA
724 	 zraR, puuR, nhaR, galR, rhaS, galS, csgD, soxS, fnr
725 	 zraR, yqjI, nhaR, soxR, narL, arcA
726 	 zraR, yqjI, nhaR, csgD, soxR, narL, arcA
727 	 zraR, yqjI, fucR, nhaR, galR, rhaS, galS, csgD, soxR, narL, arcA
728 	 zraR, puuR, nhaR, galR, galS, csgD, soxS, fnr
729 	 zraR, puuR, nhaR, galR, galS, csgD, fnr
730 	 zraR, yqjI, rhaS, csgD, soxR, narL, arcA
731 	 zraR, puuR, nhaR, galR, rhaS, galS, csgD, fnr
732 	 zraR, puuR, galR, rhaS, galS, csgD, soxS, fnr
733 	 zraR, yqjI, nhaR, csgD, soxR, narL, arcA
734 	 zraR, yqjI, galR, galS, csgD, soxR, narL, arcA
735 	 zraR, yqjI, nhaR, galR, rhaS, galS, soxR, narL, arcA
736 	 zraR, yqjI, fucR, nhaR, csgD, soxR, narL, arcA
738 	 zraR, yqjI, galR, galS, csgD, soxR, narL, arcA
739 	 zraR, yqjI, fucR, nhaR, galR, galS, soxR, narL, arcA
740 	 zraR, yqjI, nhaR, rhaS, csgD, soxR, narL, arcA
741 	 zraR, puuR, fucR, nhaR, galR, galS, csgD, fnr
742 	 zraR, yqjI, fucR, nhaR, rhaS, csgD, soxR, narL, arcA
743 	 zraR, puuR, galR, galS, csgD, fnr
744 	 zraR, puuR, fucR, nhaR, galR, galS, soxS, fnr
745 	 zraR, yqjI, csgD, soxR, narL, arcA
746 	 zraR, yqjI, nhaR, galR, galS, soxR, narL, arcA
747 	 zraR, yqjI, nhaR, soxR, narL, arcA
748 	 zraR, yqjI, fucR, nhaR, galR, rhaS, galS, csgD, soxR, narL, arcA
749 	 zraR, yqjI, galR, galS, csgD, soxR, narL, arcA
750 	 zraR, yqjI, fucR, nhaR, galR, rhaS, galS, soxR, narL, arcA
751 	 zraR, yqjI, nhaR, galR, galS, csgD, soxR, narL, arcA
753 	 zraR, yqjI, csgD, soxR, narL, arcA
754 	 zraR, yqjI, nhaR, soxR, narL, arcA
755 	 zraR, yqjI, rhaS, csgD, soxR, narL, arcA
756 	 zraR, yqjI, nhaR, rhaS, csgD, soxR, narL, arcA
757 	 zraR, puuR, galR, galS, csgD, fnr
758 	 zraR, yqjI, nhaR, galR, rhaS, galS, soxR, narL, arcA
759 	 zraR, yqjI, nhaR, csgD, soxR, narL, arcA
760 	 zraR, yqjI, fucR, nhaR, rhaS, soxR, narL, arcA
761 	 zraR, yqjI, nhaR, galR, rhaS, galS, csgD, soxR, narL, arcA
762 	 zraR, yqjI, nhaR, rhaS, soxR, narL, arcA
763 	 zraR, yqjI, nhaR, csgD, soxR, narL, arcA
765 	 zraR, yqjI, nhaR, rhaS, csgD, soxR, narL, arcA
766 	 zraR, yqjI, galR, rhaS, galS, soxR, narL, arcA
767 	 zraR, yqjI, fucR, nhaR, csgD, soxR, narL, arcA
768 	 zraR, yqjI, fucR, nhaR, galR, galS, csgD, soxR, narL, arcA
769 	 zraR, yqjI, galR, galS, csgD, soxR, narL, arcA
770 	 zraR, yqjI, csgD, soxR, narL, arcA
771 	 zraR, yqjI, fucR, nhaR, galR, galS, soxR, narL, arcA
772 	 zraR, yqjI, nhaR, rhaS, soxR, narL, arcA
773 	 zraR, yqjI, fucR, nhaR, galR, galS, csgD, soxR, narL, arcA
774 	 zraR, puuR, nhaR, galR, rhaS, galS, fnr
775 	 zraR, yqjI, fucR, nhaR, galR, rhaS, galS, csgD, soxR, narL, arcA
776 	 zraR, yqjI, nhaR, csgD, soxR, narL, arcA
777 	 zraR, puuR, galR, galS, csgD, soxS, fnr
778 	 zraR, yqjI, fucR, nhaR, rhaS, csgD, soxR, narL, arcA
779 	 zraR, yqjI, nhaR, soxR, narL, arcA
780 	 zraR, yqjI, fucR, nhaR, galR, galS, csgD, soxR, narL, arcA
781 	 zraR, yqjI, rhaS, soxR, narL, arcA
782 	 zraR, puuR, nhaR, galR, galS, fnr
783 	 zraR, puuR, fucR, nhaR, galR, rhaS, galS, csgD, soxS, fnr
784 	 zraR, yqjI, fucR, nhaR, csgD, soxR, narL, arcA
785 	 zraR, yqjI, galR, rhaS, galS, csgD, soxR, narL, arcA
786 	 zraR, puuR, fucR, nhaR, csgD, fnr
787 	 zraR, yqjI, galR, galS, csgD, soxR, narL, arcA
788 	 zraR, yqjI, nhaR, soxR, narL, arcA
789 	 zraR, yqjI, fucR, nhaR, rhaS, csgD, soxR, narL, arcA
790 	 zraR, yqjI, csgD, soxR, narL, arcA
791 	 zraR, yqjI, fucR, nhaR, csgD, soxR, narL, arcA
792 	 zraR, yqjI, nhaR, galR, rhaS, galS, soxR, narL, arcA
793 	 zraR, yqjI, fucR, galR, galS, csgD, soxR, narL, arcA
794 	 zraR, yqjI, nhaR, rhaS, soxR, narL, arcA
795 	 zraR, yqjI, fucR, csgD, soxR, narL, arcA
796 	 zraR, yqjI, fucR, nhaR, csgD, soxR, narL, arcA
797 	 zraR, puuR, fucR, galR, galS, csgD, fnr
798 	 zraR, yqjI, fucR, nhaR, rhaS, csgD, soxR, narL, arcA
799 	 zraR, puuR, fucR, galR, galS, csgD, soxS, fnr
800 	 zraR, puuR, fucR, nhaR, galR, rhaS, galS, csgD, soxS, fnr
801 	 zraR, yqjI, fucR, galR, galS, csgD, soxR, narL, arcA
802 	 zraR, yqjI, fucR, nhaR, rhaS, csgD, soxR, narL, arcA
803 	 zraR, puuR, galR, galS, csgD, soxS, fnr
804 	 zraR, puuR, fucR, nhaR, galR, galS, csgD, fnr
805 	 zraR, yqjI, fucR, galR, galS, csgD, soxR, narL, arcA
806 	 zraR, puuR, nhaR, galR, rhaS, galS, csgD, soxS, fnr
807 	 zraR, yqjI, fucR, csgD, soxR, narL, arcA
808 	 zraR, yqjI, fucR, nhaR, galR, rhaS, galS, csgD, soxR, narL, arcA
809 	 zraR, yqjI, fucR, csgD, soxR, narL, arcA
810 	 zraR, yqjI, fucR, nhaR, rhaS, csgD, soxR, narL, arcA
811 	 zraR, puuR, fucR, galR, galS, csgD, soxS, fnr
812 	 zraR, puuR, fucR, nhaR, galR, rhaS, galS, csgD, soxS, fnr
813 	 zraR, puuR, fucR, galR, galS, csgD, soxS, fnr
814 	 zraR, yqjI, fucR, nhaR, csgD, soxR, narL, arcA
815 	 zraR, yqjI, fucR, galR, galS, soxR, narL, arcA
816 	 zraR, yqjI, fucR, nhaR, rhaS, csgD, soxR, narL, arcA
817 	 zraR, yqjI, fucR, galR, galS, soxR, narL, arcA
818 	 zraR, yqjI, nhaR, rhaS, csgD, soxR, narL, arcA
819 	 zraR, yqjI, fucR, soxR, narL, arcA
820 	 zraR, yqjI, fucR, nhaR, rhaS, csgD, soxR, narL, arcA
821 	 zraR, yqjI, fucR, soxR, narL, arcA
822 	 zraR, yqjI, fucR, nhaR, soxR, narL, arcA
823 	 zraR, puuR, fucR, galR, galS, soxS, fnr
824 	 zraR, puuR, fucR, nhaR, galR, galS, soxS, fnr
825 	 zraR, puuR, fucR, galR, galS, fnr
826 	 zraR, yqjI, fucR, nhaR, soxR, narL, arcA
827 	 zraR, yqjI, fucR, nhaR, galR, galS, soxR, narL, arcA
828 	 zraR, yqjI, fucR, nhaR, soxR, narL, arcA
829 	 zraR, yqjI, fucR, nhaR, soxR, narL, arcA
830 	 zraR, puuR, fucR, nhaR, galR, rhaS, galS, fnr
831 	 zraR, puuR, fucR, nhaR, galR, galS, fnr
832 	 zraR, yqjI, fucR, nhaR, rhaS, soxR, narL, arcA
834 	 zraR, yqjI, fucR, nhaR, galR, rhaS, galS, soxR, narL, arcA
836 	 zraR, yqjI, fucR, nhaR, rhaS, soxR, narL, arcA
838 	 zraR, puuR, fucR, nhaR, galR, rhaS, galS, soxS, fnr
839 	 zraR, yqjI, fucR, galR, galS, soxR, narL, arcA
840 	 zraR, yqjI, nhaR, rhaS, soxR, narL, arcA
842 	 zraR, yqjI, fucR, nhaR, rhaS, soxR, narL, arcA
843 	 zraR, yqjI, fucR, galR, galS, soxR, narL, arcA
844 	 zraR, yqjI, fucR, nhaR, soxR, narL, arcA
846 	 zraR, puuR, fucR, nhaR, galR, galS, fnr
847 	 zraR, yqjI, fucR, soxR, narL, arcA
848 	 zraR, yqjI, fucR, nhaR, galR, rhaS, galS, soxR, narL, arcA
849 	 zraR, yqjI, fucR, soxR, narL, arcA
850 	 zraR, puuR, nhaR, galR, rhaS, galS, soxS, fnr
851 	 zraR, puuR, fucR, galR, galS, soxS, fnr
852 	 zraR, yqjI, fucR, nhaR, rhaS, soxR, narL, arcA
853 	 zraR, puuR, fucR, galR, galS, soxS, fnr
854 	 zraR, puuR, fucR, nhaR, galR, rhaS, galS, soxS, fnr
855 	 zraR, yqjI, fucR, nhaR, csgD, soxR, narL, arcA
856 	 zraR, yqjI, fucR, galR, rhaS, galS, csgD, soxR, narL, arcA
857 	 zraR, puuR, fucR, nhaR, galR, galS, csgD, fnr
858 	 zraR, yqjI, fucR, rhaS, csgD, soxR, narL, arcA
859 	 zraR, yqjI, nhaR, galR, galS, soxR, narL, arcA
860 	 zraR, yqjI, fucR, galR, galS, csgD, soxR, narL, arcA
861 	 zraR, puuR, fucR, nhaR, galR, rhaS, galS, csgD, soxS, fnr
862 	 zraR, yqjI, fucR, galR, galS, csgD, soxR, narL, arcA
863 	 zraR, yqjI, nhaR, rhaS, soxR, narL, arcA
864 	 zraR, yqjI, fucR, csgD, soxR, narL, arcA
865 	 zraR, puuR, nhaR, galR, rhaS, galS, soxS, fnr
866 	 zraR, yqjI, fucR, csgD, soxR, narL, arcA
867 	 zraR, yqjI, fucR, nhaR, galR, rhaS, galS, soxR, narL, arcA
868 	 zraR, puuR, fucR, galR, galS, csgD, soxS, fnr
869 	 zraR, yqjI, fucR, nhaR, rhaS, soxR, narL, arcA
870 	 zraR, puuR, fucR, galR, galS, csgD, fnr
871 	 zraR, puuR, fucR, nhaR, galR, rhaS, galS, fnr
872 	 zraR, yqjI, fucR, csgD, soxR, narL, arcA
873 	 zraR, puuR, fucR, galR, rhaS, galS, csgD, soxS, fnr
874 	 zraR, yqjI, fucR, csgD, soxR, narL, arcA
875 	 zraR, yqjI, galR, rhaS, galS, csgD, soxR, narL, arcA
876 	 zraR, yqjI, csgD, soxR, narL, arcA
877 	 zraR, yqjI, rhaS, csgD, soxR, narL, arcA
878 	 zraR, yqjI, csgD, soxR, narL, arcA
879 	 zraR, puuR, galR, rhaS, galS, csgD, soxS, fnr
880 	 zraR, yqjI, fucR, csgD, soxR, narL, arcA
881 	 zraR, yqjI, fucR, galR, rhaS, galS, csgD, soxR, narL, arcA
882 	 zraR, yqjI, fucR, csgD, soxR, narL, arcA
883 	 zraR, yqjI, fucR, rhaS, csgD, soxR, narL, arcA
884 	 zraR, puuR, galR, galS, csgD, fnr
885 	 zraR, puuR, fucR, galR, rhaS, galS, csgD, soxS, fnr
886 	 zraR, yqjI, fucR, galR, galS, csgD, soxR, narL, arcA
887 	 zraR, yqjI, fucR, galR, rhaS, galS, soxR, narL, arcA
888 	 zraR, puuR, galR, galS, csgD, fnr
889 	 zraR, yqjI, fucR, rhaS, soxR, narL, arcA
890 	 zraR, yqjI, fucR, csgD, soxR, narL, arcA
891 	 zraR, puuR, galR, rhaS, galS, soxS, fnr
892 	 zraR, yqjI, fucR, galR, galS, csgD, soxR, narL, arcA
893 	 zraR, puuR, fucR, galR, rhaS, galS, fnr
894 	 zraR, yqjI, fucR, csgD, soxR, narL, arcA
895 	 zraR, yqjI, galR, rhaS, galS, soxR, narL, arcA
896 	 zraR, puuR, fucR, galR, galS, csgD, soxS, fnr
897 	 zraR, yqjI, rhaS, soxR, narL, arcA
898 	 zraR, puuR, fucR, galR, galS, csgD, fnr
899 	 zraR, yqjI, fucR, galR, rhaS, galS, soxR, narL, arcA
900 	 zraR, yqjI, csgD, soxR, narL, arcA
901 	 zraR, puuR, galR, rhaS, galS, fnr
902 	 zraR, yqjI, csgD, soxR, narL, arcA
903 	 zraR, yqjI, fucR, rhaS, soxR, narL, arcA
904 	 zraR, yqjI, fucR, csgD, soxR, narL, arcA
905 	 zraR, puuR, fucR, galR, rhaS, galS, fnr
906 	 zraR, yqjI, fucR, csgD, soxR, narL, arcA
907 	 zraR, yqjI, galR, rhaS, galS, csgD, soxR, narL, arcA
908 	 zraR, yqjI, fucR, nhaR, csgD, soxR, narL, arcA
909 	 zraR, yqjI, rhaS, csgD, soxR, narL, arcA
910 	 zraR, puuR, fucR, nhaR, galR, galS, csgD, fnr
911 	 zraR, yqjI, fucR, galR, rhaS, galS, csgD, soxR, narL, arcA
912 	 zraR, yqjI, fucR, nhaR, csgD, soxR, narL, arcA
913 	 zraR, puuR, galR, rhaS, galS, csgD, fnr
914 	 zraR, yqjI, fucR, nhaR, galR, galS, csgD, soxR, narL, arcA
915 	 zraR, yqjI, fucR, rhaS, csgD, soxR, narL, arcA
916 	 zraR, puuR, nhaR, galR, galS, csgD, soxS, fnr
917 	 zraR, puuR, fucR, galR, rhaS, galS, csgD, fnr
918 	 zraR, yqjI, fucR, nhaR, csgD, soxR, narL, arcA
920 	 zraR, puuR, fucR, nhaR, galR, galS, csgD, soxS, fnr
922 	 zraR, yqjI, nhaR, csgD, soxR, narL, arcA
924 	 zraR, yqjI, fucR, nhaR, csgD, soxR, narL, arcA
926 	 zraR, yqjI, galR, galS, csgD, soxR, narL, arcA
927 	 zraR, yqjI, fucR, rhaS, csgD, soxR, narL, arcA
928 	 zraR, yqjI, galR, galS, csgD, soxR, narL, arcA
929 	 zraR, yqjI, fucR, soxR, narL, arcA
930 	 zraR, yqjI, csgD, soxR, narL, arcA
931 	 zraR, yqjI, fucR, soxR, narL, arcA
932 	 zraR, yqjI, csgD, soxR, narL, arcA
933 	 zraR, yqjI, rhaS, soxR, narL, arcA
934 	 zraR, puuR, galR, galS, csgD, fnr
935 	 zraR, yqjI, fucR, rhaS, soxR, narL, arcA
936 	 zraR, yqjI, fucR, galR, galS, csgD, soxR, narL, arcA
937 	 zraR, yqjI, fucR, nhaR, soxR, narL, arcA
938 	 zraR, yqjI, nhaR, galR, rhaS, galS, csgD, soxR, narL, arcA
939 	 zraR, yqjI, csgD, soxR, narL, arcA
940 	 zraR, yqjI, nhaR, rhaS, csgD, soxR, narL, arcA
941 	 zraR, yqjI, csgD, soxR, narL, arcA
942 	 zraR, puuR, nhaR, galR, rhaS, galS, csgD, soxS, fnr
943 	 zraR, yqjI, fucR, csgD, soxR, narL, arcA
944 	 zraR, yqjI, fucR, nhaR, galR, rhaS, galS, csgD, soxR, narL, arcA
945 	 zraR, yqjI, fucR, csgD, soxR, narL, arcA
946 	 zraR, yqjI, fucR, nhaR, rhaS, csgD, soxR, narL, arcA
947 	 zraR, yqjI, fucR, nhaR, soxR, narL, arcA
948 	 zraR, puuR, fucR, nhaR, galR, rhaS, galS, csgD, soxS, fnr
950 	 zraR, yqjI, nhaR, galR, rhaS, galS, csgD, soxR, narL, arcA
952 	 zraR, yqjI, nhaR, rhaS, csgD, soxR, narL, arcA
953 	 zraR, yqjI, fucR, soxR, narL, arcA
954 	 zraR, puuR, nhaR, galR, rhaS, galS, csgD, soxS, fnr
955 	 zraR, yqjI, fucR, soxR, narL, arcA
956 	 zraR, yqjI, fucR, nhaR, galR, rhaS, galS, csgD, soxR, narL, arcA
957 	 zraR, yqjI, fucR, nhaR, rhaS, csgD, soxR, narL, arcA
958 	 zraR, yqjI, fucR, nhaR, rhaS, csgD, soxR, narL, arcA
959 	 zraR, yqjI, nhaR, rhaS, soxR, narL, arcA
960 	 zraR, puuR, fucR, nhaR, galR, rhaS, galS, csgD, soxS, fnr
961 	 zraR, yqjI, fucR, nhaR, rhaS, soxR, narL, arcA
962 	 zraR, yqjI, nhaR, galR, rhaS, galS, csgD, soxR, narL, arcA
963 	 zraR, yqjI, rhaS, csgD, soxR, narL, arcA
964 	 zraR, yqjI, nhaR, rhaS, csgD, soxR, narL, arcA
965 	 zraR, yqjI, fucR, rhaS, csgD, soxR, narL, arcA
966 	 zraR, puuR, nhaR, galR, rhaS, galS, csgD, fnr
967 	 zraR, yqjI, rhaS, soxR, narL, arcA
968 	 zraR, yqjI, fucR, nhaR, galR, rhaS, galS, csgD, soxR, narL, arcA
969 	 zraR, yqjI, fucR, rhaS, soxR, narL, arcA
970 	 zraR, yqjI, fucR, nhaR, rhaS, csgD, soxR, narL, arcA
971 	 zraR, yqjI, nhaR, rhaS, csgD, soxR, narL, arcA
972 	 zraR, yqjI, fucR, nhaR, galR, galS, soxR, narL, arcA
973 	 zraR, yqjI, nhaR, rhaS, csgD, soxR, narL, arcA
974 	 zraR, puuR, nhaR, galR, galS, fnr
975 	 zraR, yqjI, fucR, nhaR, rhaS, csgD, soxR, narL, arcA
976 	 zraR, yqjI, fucR, nhaR, soxR, narL, arcA
977 	 zraR, puuR, galR, galS, csgD, soxS, fnr
979 	 zraR, yqjI, fucR, nhaR, rhaS, csgD, soxR, narL, arcA
980 	 zraR, puuR, fucR, nhaR, galR, galS, fnr
981 	 zraR, yqjI, rhaS, csgD, soxR, narL, arcA
982 	 zraR, yqjI, galR, galS, soxR, narL, arcA
983 	 zraR, yqjI, fucR, galR, galS, csgD, soxR, narL, arcA
984 	 zraR, yqjI, galR, galS, soxR, narL, arcA
985 	 zraR, yqjI, fucR, csgD, soxR, narL, arcA
986 	 zraR, yqjI, soxR, narL, arcA
987 	 zraR, yqjI, fucR, csgD, soxR, narL, arcA
988 	 zraR, yqjI, soxR, narL, arcA
989 	 zraR, puuR, fucR, galR, galS, csgD, soxS, fnr
990 	 zraR, puuR, galR, galS, fnr
991 	 zraR, puuR, fucR, galR, galS, csgD, fnr
992 	 zraR, puuR, galR, galS, soxS, fnr
993 	 zraR, puuR, galR, rhaS, galS, csgD, soxS, fnr
995 	 zraR, yqjI, fucR, galR, rhaS, galS, csgD, soxR, narL, arcA
996 	 zraR, yqjI, fucR, galR, galS, soxR, narL, arcA
997 	 zraR, yqjI, fucR, rhaS, csgD, soxR, narL, arcA
998 	 zraR, yqjI, fucR, galR, galS, soxR, narL, arcA
999 	 zraR, puuR, fucR, galR, rhaS, galS, csgD, fnr
1000 	 zraR, yqjI, fucR, soxR, narL, arcA
1001 	 zraR, yqjI, galR, galS, csgD, soxR, narL, arcA
1002 	 zraR, puuR, nhaR, galR, rhaS, galS, fnr
1003 	 zraR, yqjI, fucR, galR, galS, csgD, soxR, narL, arcA
1004 	 zraR, yqjI, nhaR, galR, rhaS, galS, soxR, narL, arcA
1005 	 zraR, puuR, galR, galS, csgD, fnr
1006 	 zraR, puuR, galR, galS, csgD, soxS, fnr
1007 	 zraR, yqjI, csgD, soxR, narL, arcA
1008 	 zraR, yqjI, galR, galS, csgD, soxR, narL, arcA
1009 	 zraR, puuR, fucR, galR, galS, csgD, fnr
1010 	 zraR, yqjI, galR, galS, csgD, soxR, narL, arcA
1011 	 zraR, yqjI, fucR, csgD, soxR, narL, arcA
1012 	 zraR, puuR, galR, galS, csgD, fnr
1013 	 zraR, yqjI, csgD, soxR, narL, arcA
1014 	 zraR, puuR, fucR, galR, galS, csgD, fnr
1015 	 zraR, puuR, galR, galS, csgD, fnr
1016 	 zraR, puuR, csgD, fnr
1017 	 zraR, puuR, fucR, galR, galS, csgD, fnr
1018 	 zraR, puuR, csgD, fnr
1019 	 zraR, yqjI, fucR, galR, galS, csgD, soxR, narL, arcA
1021 	 zraR, puuR, fucR, csgD, fnr
1022 	 zraR, puuR, fucR, galR, galS, fnr
1023 	 zraR, yqjI, fucR, galR, galS, csgD, soxR, narL, soxS, arcA
1024 	 zraR, yqjI, nhaR, galR, galS, soxR, narL, arcA
1025 	 zraR, puuR, fucR, csgD, fnr
1026 	 zraR, puuR, fucR, galR, galS, csgD, fnr
1027 	 zraR, puuR, fucR, galR, galS, fnr
1028 	 zraR, puuR, fucR, nhaR, galR, galS, fnr
1029 	 zraR, puuR, nhaR, galR, galS, fnr
1030 	 zraR, puuR, nhaR, galR, galS, fnr
1031 	 zraR, puuR, fucR, nhaR, galR, galS, fnr
1032 	 zraR, puuR, fucR, nhaR, fnr
1033 	 zraR, puuR, nhaR, fnr
1034 	 zraR, puuR, nhaR, galR, rhaS, galS, fnr
1035 	 zraR, puuR, fucR, nhaR, fnr
1036 	 zraR, puuR, nhaR, fnr
1037 	 zraR, puuR, nhaR, rhaS, fnr
1038 	 zraR, puuR, nhaR, rhaS, fnr
1039 	 zraR, puuR, nhaR, galR, rhaS, galS, fnr
1040 	 zraR, puuR, fucR, nhaR, fnr
1041 	 zraR, puuR, fucR, nhaR, fnr
1042 	 zraR, puuR, fucR, nhaR, galR, rhaS, galS, fnr
1043 	 zraR, puuR, fucR, nhaR, galR, galS, fnr
1044 	 zraR, puuR, fucR, nhaR, rhaS, fnr
1045 	 zraR, puuR, fucR, nhaR, rhaS, fnr
1046 	 zraR, puuR, fucR, nhaR, galR, rhaS, galS, fnr
1047 	 zraR, puuR, nhaR, fnr
1049 	 zraR, puuR, nhaR, rhaS, csgD, fnr
1051 	 zraR, puuR, nhaR, rhaS, fnr
1053 	 zraR, puuR, csgD, fnr
1056 	 zraR, puuR, galR, rhaS, galS, csgD, fnr
1057 	 zraR, puuR, fucR, galR, galS, fnr
1058 	 zraR, puuR, rhaS, csgD, fnr
1059 	 zraR, puuR, fucR, csgD, fnr
1060 	 zraR, puuR, galR, rhaS, galS, fnr
1061 	 zraR, puuR, fucR, fnr
1062 	 zraR, puuR, rhaS, fnr
1063 	 zraR, puuR, fucR, fnr
1065 	 zraR, puuR, fucR, fnr
1066 	 zraR, puuR, rhaS, fnr
1067 	 zraR, puuR, fucR, galR, galS, fnr
1068 	 zraR, puuR, galR, rhaS, galS, fnr
1069 	 zraR, puuR, rhaS, csgD, fnr
1071 	 zraR, puuR, csgD, fnr
1074 	 zraR, puuR, galR, rhaS, galS, fnr
1076 	 zraR, puuR, rhaS, fnr
1077 	 zraR, puuR, rhaS, csgD, fnr
1078 	 zraR, puuR, galR, rhaS, galS, csgD, fnr
1079 	 zraR, puuR, rhaS, fnr
1080 	 zraR, puuR, galR, rhaS, galS, fnr
1081 	 zraR, puuR, fucR, galR, galS, fnr
1082 	 zraR, puuR, fucR, csgD, fnr
1083 	 zraR, puuR, fucR, rhaS, csgD, fnr
1084 	 zraR, puuR, fucR, fnr
1085 	 zraR, puuR, fucR, galR, rhaS, galS, csgD, fnr
1086 	 zraR, puuR, fucR, galR, galS, fnr
1087 	 zraR, puuR, fucR, rhaS, csgD, fnr
1088 	 zraR, puuR, fucR, fnr
1089 	 zraR, puuR, fucR, rhaS, csgD, fnr
1090 	 zraR, puuR, fucR, galR, rhaS, galS, fnr
1091 	 zraR, puuR, fucR, galR, rhaS, galS, csgD, fnr
1092 	 zraR, puuR, fucR, galR, rhaS, galS, fnr
1093 	 zraR, puuR, fucR, fnr
1094 	 zraR, puuR, fucR, rhaS, fnr
1095 	 zraR, puuR, fucR, rhaS, fnr
1096 	 zraR, puuR, fucR, galR, rhaS, galS, fnr
1097 	 zraR, puuR, fucR, fnr
1098 	 zraR, puuR, fucR, galR, galS, fnr
1099 	 zraR, puuR, fucR, rhaS, fnr
1100 	 zraR, puuR, fucR, rhaS, fnr
1101 	 zraR, puuR, fucR, galR, rhaS, galS, fnr
1342 	 zraR, yqjI, csgD, soxR, narL, arcA
1610 	 zraR, puuR, fucR, nhaR, galR, rhaS, galS, csgD, fnr
1611 	 zraR, puuR, galR, galS, csgD, fnr
1612 	 zraR, puuR, csgD, fnr
1613 	 zraR, puuR, galR, rhaS, galS, csgD, fnr
1614 	 zraR, puuR, csgD, fnr
1615 	 zraR, puuR, csgD, fnr
1616 	 zraR, puuR, rhaS, csgD, fnr
1617 	 zraR, puuR, galR, galS, csgD, fnr
1618 	 zraR, puuR, fucR, csgD, fnr
1619 	 zraR, puuR, fucR, csgD, fnr
1620 	 zraR, puuR, galR, rhaS, galS, csgD, fnr
1621 	 zraR, puuR, fucR, galR, galS, csgD, fnr
1622 	 zraR, puuR, fucR, csgD, fnr
1623 	 zraR, yqjI, fucR, galR, galS, csgD, soxR, narL, arcA
1624 	 zraR, puuR, fucR, galR, rhaS, galS, csgD, fnr
1625 	 zraR, puuR, galR, galS, csgD, fnr
1626 	 zraR, puuR, fucR, csgD, fnr
1627 	 zraR, puuR, rhaS, csgD, fnr
1628 	 zraR, yqjI, fucR, galR, galS, csgD, soxR, narL, arcA
1629 	 zraR, puuR, csgD, fnr
1630 	 zraR, puuR, fucR, galR, galS, csgD, fnr
1631 	 zraR, puuR, fucR, csgD, fnr
1632 	 zraR, puuR, csgD, fnr
1633 	 zraR, puuR, fucR, rhaS, csgD, fnr
1634 	 zraR, puuR, fucR, csgD, fnr
1635 	 zraR, puuR, rhaS, csgD, fnr
1636 	 zraR, puuR, galR, rhaS, galS, csgD, fnr
1637 	 zraR, puuR, fucR, csgD, fnr
1638 	 zraR, puuR, fucR, galR, rhaS, galS, csgD, fnr
1639 	 zraR, puuR, rhaS, csgD, fnr
1640 	 zraR, puuR, rhaS, csgD, fnr
1641 	 zraR, puuR, galR, rhaS, galS, csgD, fnr
1642 	 zraR, puuR, csgD, fnr
1643 	 zraR, puuR, csgD, fnr
1644 	 zraR, puuR, galR, galS, csgD, fnr
1645 	 zraR, puuR, rhaS, csgD, fnr
1646 	 zraR, puuR, galR, rhaS, galS, csgD, fnr
1647 	 zraR, puuR, rhaS, csgD, fnr
1648 	 zraR, puuR, galR, rhaS, galS, csgD, fnr
1649 	 zraR, puuR, fucR, galR, rhaS, galS, csgD, fnr
1650 	 zraR, puuR, fucR, csgD, fnr
1651 	 zraR, puuR, fucR, rhaS, csgD, fnr
1652 	 zraR, puuR, fucR, csgD, fnr
1653 	 zraR, puuR, fucR, rhaS, csgD, fnr
1654 	 zraR, puuR, fucR, galR, galS, csgD, fnr
1655 	 zraR, puuR, fucR, rhaS, csgD, fnr
1656 	 zraR, puuR, fucR, rhaS, csgD, fnr
1657 	 zraR, puuR, fucR, galR, rhaS, galS, csgD, fnr
1658 	 zraR, puuR, fucR, nhaR, rhaS, csgD, fnr
1659 	 zraR, puuR, fucR, rhaS, csgD, fnr
1660 	 zraR, puuR, fucR, galR, rhaS, galS, csgD, fnr
1661 	 zraR, puuR, fucR, rhaS, csgD, fnr
1662 	 zraR, puuR, fucR, galR, rhaS, galS, csgD, fnr
1663 	 zraR, puuR, galR, galS, fnr
1664 	 zraR, puuR, fnr
1665 	 zraR, puuR, galR, galS, fnr
1666 	 zraR, puuR, fnr
1667 	 zraR, puuR, galR, galS, fnr
1668 	 zraR, puuR, fnr
1669 	 zraR, puuR, fnr
1670 	 zraR, puuR, fnr
1671 	 zraR, puuR, galR, galS, fnr
1672 	 zraR, puuR, fnr
1673 	 zraR, puuR, galR, galS, fnr
1674 	 zraR, puuR, fnr
1675 	 zraR, puuR, galR, galS, fnr
1676 	 zraR, puuR, fucR, galR, galS, fnr
1677 	 zraR, puuR, fucR, fnr
1678 	 zraR, puuR, fucR, fnr
1679 	 zraR, puuR, fucR, fnr
1680 	 zraR, puuR, fucR, fnr
1681 	 zraR, puuR, fucR, galR, galS, fnr
1682 	 zraR, puuR, fucR, fnr
1683 	 zraR, puuR, fucR, galR, galS, fnr
1684 	 zraR, puuR, fucR, galR, galS, fnr
1685 	 zraR, puuR, fucR, nhaR, galR, galS, fnr
1686 	 zraR, puuR, fucR, nhaR, fnr
1687 	 zraR, puuR, fucR, galR, galS, fnr
1688 	 zraR, puuR, fucR, fnr
1689 	 zraR, puuR, fucR, fnr
1690 	 zraR, puuR, fucR, nhaR, fnr
1691 	 zraR, puuR, fucR, galR, galS, fnr
1692 	 zraR, puuR, fucR, fnr
1693 	 zraR, puuR, fucR, nhaR, galR, galS, fnr
1694 	 zraR, puuR, fucR, galR, galS, fnr
1695 	 zraR, puuR, galR, galS, fnr
1696 	 zraR, puuR, fnr
1697 	 zraR, yqjI, galR, galS, soxR, narL, arcA
1698 	 zraR, puuR, galR, galS, fnr
1699 	 zraR, puuR, fnr
1700 	 zraR, puuR, fnr
1701 	 zraR, puuR, fnr
1702 	 zraR, puuR, nhaR, galR, galS, fnr
1703 	 zraR, puuR, galR, galS, fnr
1704 	 zraR, puuR, nhaR, fnr
1705 	 zraR, puuR, fnr
1706 	 zraR, yqjI, nhaR, galR, galS, soxR, narL, arcA
1707 	 zraR, yqjI, galR, galS, soxR, narL, arcA
1708 	 zraR, puuR, nhaR, fnr
1709 	 zraR, yqjI, galR, galS, soxR, narL, arcA
1710 	 zraR, puuR, nhaR, fnr
1711 	 zraR, puuR, fnr
1712 	 zraR, puuR, fucR, galR, galS, fnr
1713 	 zraR, puuR, fucR, fnr
1714 	 zraR, puuR, fucR, galR, galS, fnr
1715 	 zraR, puuR, fucR, fnr
1716 	 zraR, yqjI, fucR, galR, galS, soxR, narL, arcA
1717 	 zraR, yqjI, fucR, galR, galS, soxR, narL, arcA
1718 	 zraR, puuR, fucR, fnr
1719 	 zraR, puuR, fucR, nhaR, fnr
1720 	 zraR, puuR, fnr
1721 	 zraR, puuR, fucR, fnr
1722 	 zraR, puuR, fucR, nhaR, galR, galS, fnr
1723 	 zraR, puuR, fucR, galR, galS, fnr
1724 	 zraR, puuR, fucR, nhaR, fnr
1725 	 zraR, puuR, fucR, fnr
1726 	 zraR, puuR, fucR, nhaR, galR, galS, fnr
1727 	 zraR, puuR, fucR, galR, galS, fnr
1728 	 zraR, puuR, fucR, nhaR, fnr
1729 	 zraR, puuR, fucR, fnr
1730 	 zraR, yqjI, fucR, nhaR, galR, galS, soxR, narL, arcA
1731 	 zraR, yqjI, fucR, nhaR, galR, galS, soxR, narL, arcA
1732 	 zraR, yqjI, fucR, galR, galS, soxR, narL, arcA
1733 	 zraR, yqjI, fucR, galR, galS, soxR, narL, arcA
1734 	 zraR, puuR, fucR, nhaR, fnr
1735 	 zraR, puuR, fucR, fnr
1736 	 zraR, puuR, fucR, nhaR, fnr
1737 	 zraR, puuR, fucR, fnr
1738 	 zraR, puuR, galR, rhaS, galS, fnr
1739 	 zraR, puuR, galR, rhaS, galS, fnr
1740 	 zraR, puuR, rhaS, fnr
1741 	 zraR, puuR, nhaR, rhaS, fnr
1742 	 zraR, puuR, rhaS, fnr
1743 	 zraR, yqjI, galR, rhaS, galS, soxR, narL, arcA
1744 	 zraR, yqjI, galR, rhaS, galS, soxR, narL, arcA
1745 	 zraR, puuR, nhaR, rhaS, fnr
1746 	 zraR, puuR, fucR, nhaR, galR, rhaS, galS, fnr
1747 	 zraR, puuR, rhaS, fnr
1748 	 zraR, puuR, fucR, nhaR, rhaS, fnr
1749 	 zraR, puuR, rhaS, fnr
1750 	 zraR, puuR, fucR, galR, rhaS, galS, fnr
1751 	 zraR, puuR, nhaR, galR, rhaS, galS, fnr
1752 	 zraR, puuR, fucR, rhaS, fnr
1753 	 zraR, puuR, nhaR, rhaS, fnr
1754 	 zraR, puuR, fucR, galR, rhaS, galS, fnr
1755 	 zraR, puuR, galR, rhaS, galS, fnr
1756 	 zraR, puuR, fucR, rhaS, fnr
1757 	 zraR, puuR, nhaR, galR, rhaS, galS, fnr
1758 	 zraR, yqjI, fucR, galR, rhaS, galS, soxR, narL, arcA
1759 	 zraR, puuR, rhaS, fnr
1760 	 zraR, yqjI, fucR, nhaR, galR, rhaS, galS, soxR, narL, arcA
1761 	 zraR, puuR, galR, rhaS, galS, fnr
1762 	 zraR, yqjI, fucR, galR, rhaS, galS, soxR, narL, arcA
1763 	 zraR, puuR, nhaR, rhaS, fnr
1764 	 zraR, puuR, rhaS, fnr
1765 	 zraR, yqjI, nhaR, galR, rhaS, galS, soxR, narL, arcA
1766 	 zraR, yqjI, nhaR, galR, rhaS, galS, soxR, narL, arcA
1767 	 zraR, yqjI, galR, rhaS, galS, soxR, narL, arcA
1768 	 zraR, yqjI, galR, rhaS, galS, soxR, narL, arcA
1769 	 zraR, puuR, nhaR, rhaS, fnr
1770 	 zraR, puuR, fucR, nhaR, galR, rhaS, galS, fnr
1771 	 zraR, puuR, nhaR, rhaS, fnr
1772 	 zraR, puuR, fucR, nhaR, galR, rhaS, galS, fnr
1773 	 zraR, puuR, rhaS, fnr
1774 	 zraR, puuR, fucR, galR, rhaS, galS, fnr
1775 	 zraR, puuR, rhaS, fnr
1776 	 zraR, puuR, fucR, nhaR, rhaS, fnr
1777 	 zraR, puuR, fucR, nhaR, rhaS, fnr
1778 	 zraR, puuR, fucR, rhaS, fnr
1779 	 zraR, puuR, fucR, galR, rhaS, galS, fnr
1780 	 zraR, puuR, fucR, rhaS, fnr
1781 	 zraR, yqjI, fucR, nhaR, galR, rhaS, galS, soxR, narL, arcA
1782 	 zraR, yqjI, fucR, nhaR, galR, rhaS, galS, soxR, narL, arcA
1783 	 zraR, yqjI, fucR, galR, rhaS, galS, soxR, narL, arcA
1784 	 zraR, yqjI, fucR, galR, rhaS, galS, soxR, narL, arcA
1785 	 zraR, puuR, fucR, nhaR, rhaS, fnr
1786 	 zraR, puuR, fucR, rhaS, fnr
1787 	 zraR, puuR, fucR, nhaR, rhaS, fnr
1788 	 zraR, puuR, fucR, rhaS, fnr
1789 	 zraR, puuR, fucR, nhaR, rhaS, fnr
1790 	 zraR, puuR, fucR, nhaR, rhaS, fnr
1791 	 zraR, puuR, fucR, rhaS, fnr
1792 	 zraR, puuR, fucR, rhaS, fnr
