2 	 zraR, puuR, melR, idnR, tdcA, betI, fnr
3 	 zraR, puuR, melR, idnR, tdcA, betI, fnr
4 	 zraR, puuR, melR, yqjI, idnR, nikR, betI, narL, gadW, arcA, fnr
5 	 zraR, melR, idnR, tdcA
6 	 zraR, melR, idnR, tdcA
7 	 zraR, melR, idnR, tdcA
8 	 zraR, puuR, melR, idnR, tdcA, betI, fnr
9 	 zraR, melR, tdcA
10 	 zraR, melR, idnR
11 	 zraR, melR, idnR, tdcA
12 	 zraR, melR, idnR
13 	 zraR, puuR, melR, tdcA, betI, fnr
14 	 zraR, melR, idnR
15 	 zraR, melR, idnR, tdcA
16 	 zraR, puuR, melR, idnR, tdcA, betI, fnr
17 	 zraR, idnR, tdcA
18 	 zraR, puuR, melR, tdcA, betI, fnr
19 	 zraR, idnR, tdcA
20 	 zraR, melR, tdcA
21 	 zraR, idnR, tdcA
22 	 zraR, melR, idnR
23 	 zraR, idnR, tdcA
24 	 zraR, melR, idnR
25 	 zraR, puuR, melR, idnR, tdcA, betI, fnr
26 	 zraR, melR
27 	 zraR, tdcA
28 	 zraR, puuR, melR, idnR, tdcA, betI, fnr
29 	 zraR, puuR, melR, betI, fnr
30 	 zraR, puuR, melR, idnR, tdcA, betI, fnr
31 	 zraR, puuR, tdcA, betI, fnr
32 	 zraR, puuR, melR, idnR, tdcA, betI, fnr
33 	 zraR, melR, tdcA
34 	 zraR, melR, idnR, tdcA
36 	 zraR, puuR, melR, idnR, tdcA, betI, fnr
38 	 zraR, puuR, idnR, tdcA, betI, fnr
49 	 zraR, idnR
84 	 zraR, idnR, tdcA
94 	 zraR, idnR
107 	 zraR, idnR, tdcA
121 	 zraR, idnR
122 	 zraR, melR, idnR
127 	 zraR, puuR, tdcA, betI, fnr
128 	 zraR, melR, idnR
137 	 zraR, melR
138 	 zraR, idnR
150 	 zraR, idnR
152 	 zraR, idnR
154 	 zraR, tdcA
156 	 zraR, melR, tdcA
158 	 zraR, melR, tdcA
160 	 zraR, tdcA
162 	 zraR, tdcA
164 	 zraR, melR
168 	 zraR, melR
170 	 zraR, melR
181 	 zraR, puuR, idnR, tdcA, betI, fnr
183 	 zraR, idnR, tdcA
185 	 zraR, melR, idnR
188 	 zraR, idnR
190 	 zraR, melR, idnR
192 	 zraR, melR, idnR
194 	 zraR, idnR
196 	 zraR, idnR
198 	 zraR, melR, tdcA
199 	 zraR, melR, tdcA
201 	 zraR, tdcA
203 	 zraR, melR, tdcA
206 	 zraR, tdcA
208 	 zraR, tdcA
210 	 zraR, melR
213 	 zraR, melR
214 	 zraR, melR
251 	 zraR, idnR, tdcA
252 	 zraR, idnR
253 	 zraR, tdcA
254 	 zraR, melR
261 	 zraR, idnR, tdcA
281 	 zraR, puuR, melR, idnR, betI, fnr
321 	 zraR, idnR
331 	 zraR, puuR, melR, tdcA, betI, fnr
332 	 zraR, puuR, tdcA, betI, fnr
333 	 zraR, melR
335 	 zraR, idnR, tdcA
336 	 zraR, puuR, melR, idnR, betI, fnr
337 	 zraR, puuR, idnR, betI, fnr
338 	 zraR, melR, tdcA
339 	 zraR, puuR, tdcA, betI, fnr
340 	 zraR, puuR, melR, betI, fnr
342 	 zraR, idnR, tdcA
343 	 zraR, puuR, melR, idnR, betI, fnr
344 	 zraR, puuR, idnR, betI, fnr
345 	 zraR, melR, tdcA
346 	 zraR, tdcA
347 	 zraR, melR
349 	 zraR, idnR, tdcA
350 	 zraR, puuR, melR, idnR, betI, fnr
351 	 zraR, puuR, idnR, betI, fnr
352 	 zraR, melR, tdcA
353 	 zraR, puuR, tdcA, betI, fnr
354 	 zraR, melR
356 	 zraR, idnR, tdcA
357 	 zraR, puuR, melR, idnR, betI, fnr
358 	 zraR, puuR, idnR, betI, fnr
359 	 zraR, melR, tdcA
360 	 zraR, tdcA
361 	 zraR, melR
363 	 zraR, idnR, tdcA
364 	 zraR, puuR, melR, idnR, betI, fnr
365 	 zraR, puuR, idnR, betI, fnr
366 	 zraR, melR, tdcA
367 	 zraR, tdcA
368 	 zraR, puuR, melR, betI, fnr
