61 	 tdcA
167 	 xylR
197 	 xylR, tdcA
214 	 xylR
330 	 xylR
333 	 xylR
334 	 tdcA
336 	 tdcA
337 	 xylR, tdcA
340 	 xylR, tdcA
341 	 xylR
342 	 tdcA
343 	 tdcA
344 	 xylR
345 	 tdcA
346 	 tdcA
347 	 xylR
348 	 xylR, tdcA
349 	 xylR, tdcA
351 	 xylR
352 	 tdcA
354 	 xylR, tdcA
355 	 tdcA
356 	 xylR, tdcA
357 	 xylR, tdcA
358 	 tdcA
359 	 xylR
360 	 xylR
361 	 xylR, tdcA
362 	 xylR
363 	 xylR, tdcA
364 	 xylR
365 	 tdcA
366 	 xylR, tdcA
367 	 tdcA
368 	 xylR, tdcA
371 	 tdcA
372 	 xylR
373 	 tdcA
374 	 xylR, tdcA
375 	 xylR
376 	 xylR, tdcA
378 	 tdcA
379 	 xylR
381 	 xylR, tdcA
382 	 xylR
383 	 tdcA
384 	 xylR, tdcA
386 	 xylR
388 	 tdcA
389 	 xylR
390 	 tdcA
391 	 xylR, tdcA
392 	 xylR, tdcA
394 	 xylR
395 	 tdcA
397 	 xylR, tdcA
398 	 tdcA
399 	 xylR
400 	 xylR, tdcA
