1 	 galR, fucR
2 	 galR, fucR
3 	 galR, fucR
4 	 galR, fucR
5 	 galR, fucR
6 	 galR, fucR
7 	 galR, fucR
9 	 galR, fucR
11 	 galR, fucR
12 	 galR, fucR
14 	 galR, fucR
16 	 galR, fucR
18 	 galR, fucR
20 	 galR, galS, fucR
22 	 galR
24 	 galR, fucR
26 	 galR, galS, fucR
27 	 galR, fucR
28 	 galR, fucR
29 	 fucR
31 	 galR, fucR
33 	 galR, galS, fucR
34 	 galR, fucR
35 	 galR, fucR
36 	 galR, fucR
37 	 galR, fucR
38 	 galR, galS, fucR
39 	 galR, fucR
40 	 galR, fucR
41 	 galR, galS, fucR
42 	 galR, fucR
43 	 fucR
44 	 galR, fucR
45 	 galR, fucR
46 	 galR, galS, fucR
47 	 galR, fucR
48 	 galR
50 	 galR, fucR
51 	 galR, fucR
52 	 galR, fucR
53 	 galR, fucR
54 	 galR
55 	 galR, galS, fucR
56 	 galR, fucR
57 	 galR, fucR
58 	 galR, fucR
59 	 galR, fucR
60 	 fucR
61 	 galR, galS, fucR
62 	 fucR
63 	 galR, fucR
64 	 galR
65 	 galR, fucR
66 	 galR, fucR
67 	 galR, fucR
68 	 galR, fucR
69 	 galR, fucR
70 	 galR, galS, fucR
71 	 galR, galS, fucR
72 	 galR, fucR
73 	 galR, galS, fucR
74 	 fucR
75 	 galR, galS, fucR
77 	 galR, galS, fucR
78 	 galR, fucR
79 	 galR, galS, fucR
80 	 galR, fucR
81 	 galR, fucR
82 	 galR, fucR
83 	 galR, fucR
84 	 galR, fucR
85 	 galR, fucR
86 	 galR, fucR
87 	 galR
88 	 galR, fucR
89 	 galR
90 	 galR, fucR
91 	 galR, galS
92 	 galR, fucR
93 	 galR, fucR
94 	 galR, fucR
95 	 galR, galS, fucR
96 	 galR, fucR
97 	 galR, galS, fucR
98 	 galR, fucR
99 	 galR, fucR
100 	 galR, fucR
101 	 fucR
102 	 galR, fucR
104 	 fucR
105 	 galR, galS, fucR
106 	 galR, fucR
107 	 fucR
108 	 galR, galS
109 	 fucR
110 	 galR
111 	 fucR
112 	 galR
113 	 galR, fucR
114 	 galR
115 	 fucR
116 	 galR
118 	 galR
120 	 galR
121 	 galR
122 	 galR, galS
123 	 galR
124 	 galR
125 	 galR
126 	 galR
127 	 galR
128 	 galR, galS
129 	 galR
130 	 galR
131 	 galR
132 	 galR
133 	 galR, galS, fucR
134 	 galR, fucR
135 	 galR
136 	 galR
137 	 galR
138 	 galR
139 	 galR, galS, fucR
140 	 galR
141 	 galR
142 	 galR, galS, fucR
143 	 galR, fucR
144 	 galR
145 	 galR
146 	 galR, fucR
147 	 galR
148 	 galR
150 	 galR, galS, fucR
151 	 galR, galS
152 	 galR, galS
153 	 galR, galS
154 	 galR, galS
155 	 galR, galS, fucR
156 	 galR, galS
157 	 galR, galS
158 	 galR, galS
159 	 galR, galS
160 	 galR
161 	 galR, galS
162 	 galR
163 	 galR, galS
164 	 galR, galS, fucR
166 	 galR
168 	 galR, galS
170 	 galR
172 	 galR
174 	 galR
176 	 galR
178 	 galR
180 	 galR, galS, fucR
182 	 galR, galS
184 	 galR, galS
186 	 galR
188 	 galR, fucR
190 	 galR, galS
192 	 galR, fucR
194 	 galR, fucR
196 	 galR, galS
198 	 galR, fucR
200 	 galR, fucR
202 	 galR, galS
204 	 galR, galS
206 	 galR, fucR
208 	 galR, fucR
210 	 galR, fucR
212 	 galR, galS
214 	 galR, fucR
216 	 galR
217 	 galR
219 	 galR
220 	 fucR
221 	 galR, galS
223 	 fucR
224 	 galR
226 	 galR, fucR
227 	 galR
228 	 galR, fucR
230 	 galR
231 	 galR, galS
232 	 galR, fucR
234 	 galR, fucR
235 	 galR
237 	 galR
238 	 galR
240 	 galR
241 	 galR, fucR
242 	 galR, fucR
244 	 galR
245 	 galR
246 	 galR
248 	 galR
249 	 galR
250 	 galR
252 	 galR
253 	 galR
254 	 galR
256 	 galR
257 	 galR, fucR
258 	 galR
260 	 galR
261 	 galR
262 	 galR
264 	 galR
265 	 galR, galS, fucR
266 	 galR
268 	 galR, galS, fucR
269 	 galR
270 	 galR
272 	 galR, galS, fucR
273 	 galR, galS, fucR
274 	 galR, fucR
276 	 galR, galS, fucR
277 	 galR
278 	 galR, galS, fucR
280 	 galR, galS, fucR
281 	 galR, galS, fucR
282 	 galR, galS, fucR
284 	 galR
285 	 galR, galS, fucR
286 	 galR, galS, fucR
288 	 galR, galS
289 	 galR, galS, fucR
290 	 galR, galS, fucR
292 	 galR, galS
293 	 galR, galS
294 	 galR, galS, fucR
296 	 galR, galS, fucR
297 	 galR
298 	 galR, galS, fucR
300 	 galR, galS
301 	 galR, galS, fucR
302 	 galR, galS, fucR
304 	 galR, galS
305 	 galR, galS
306 	 galR, galS, fucR
308 	 galR, galS, fucR
309 	 galR, galS
310 	 galR, galS
312 	 galR, galS
313 	 galR, galS
314 	 galR, galS
316 	 galR, fucR
317 	 galR, fucR
318 	 galR, galS
320 	 galR, galS
321 	 galR, fucR
322 	 galR, galS
324 	 galR, fucR
325 	 galR, galS
326 	 galR, galS
328 	 galR, fucR
329 	 galR, fucR
330 	 galR, galS
331 	 galR, galS
332 	 galR
333 	 galR, fucR
334 	 galR, galS
336 	 galR, fucR
337 	 galR
338 	 galR, galS
340 	 galR, fucR
341 	 galR
342 	 galR, fucR
344 	 galR
345 	 galR, fucR
346 	 galR, fucR
348 	 galR
349 	 galR
350 	 galR, fucR
352 	 galR, fucR
353 	 galR
354 	 galR, fucR
356 	 galR
357 	 galR
359 	 galR, fucR
360 	 galR
361 	 galR, fucR
362 	 galR
363 	 galR
364 	 galR
365 	 galR
366 	 galR
368 	 galR
369 	 galR
370 	 galR
372 	 galR
373 	 galR, galS, fucR
374 	 galR
376 	 galR, galS, fucR
377 	 galR, fucR
378 	 galR, galS, fucR
380 	 galR, fucR
381 	 galR, galS, fucR
382 	 galR, galS, fucR
384 	 galR, galS, fucR
385 	 galR
386 	 galR, galS, fucR
388 	 galR
389 	 galR, galS
390 	 galR, galS, fucR
392 	 galR, galS
393 	 galR
394 	 galR, galS
396 	 galR, galS, fucR
397 	 galR, galS
398 	 galR, galS
400 	 galR, galS
401 	 galR
402 	 galR, galS
404 	 galR, galS, fucR
405 	 galR, fucR
406 	 galR, galS
408 	 galR, fucR
409 	 galR, galS, fucR
410 	 galR, fucR
412 	 galR, galS, fucR
413 	 galR, fucR
414 	 galR, fucR
416 	 galR, fucR
417 	 galR, galS
418 	 galR, fucR
420 	 galR, galS
421 	 galR
422 	 galR, fucR
424 	 galR
425 	 galR, galS
426 	 galR
428 	 galR, galS
429 	 galR, fucR
430 	 galR
432 	 galR, fucR
433 	 galR
434 	 galR
436 	 galR
437 	 galR, fucR
438 	 galR
440 	 galR, fucR
441 	 galR, fucR
442 	 galR, fucR
444 	 galR, fucR
445 	 galR
446 	 galR, fucR
448 	 galR
449 	 galR, fucR
450 	 galR, fucR
452 	 galR, fucR
453 	 galR
454 	 galR
456 	 galR, fucR
457 	 galR, fucR
458 	 galR
460 	 galR
462 	 galR
463 	 galR, fucR
464 	 galR
465 	 galR
466 	 galR
467 	 galR
468 	 galR, galS, fucR
469 	 galR
470 	 galR, galS, fucR
471 	 galR
472 	 galR, fucR
473 	 galR, galS, fucR
474 	 galR, galS
475 	 galR, galS, fucR
476 	 galR, galS
477 	 galR, galS
478 	 galR, galS, fucR
479 	 galR, galS
480 	 galR, galS, fucR
481 	 galR, galS, fucR
482 	 galR, galS
483 	 galR, galS, fucR
484 	 galR, galS
485 	 galR, galS
486 	 galR
487 	 galR, galS
488 	 galR, fucR
489 	 galR, fucR
490 	 galR
492 	 galR, fucR
494 	 galR, fucR
496 	 galR, fucR
497 	 galR, fucR
498 	 galR
499 	 galR, fucR
500 	 galR
501 	 galR
502 	 galR
503 	 galR
504 	 galR
505 	 galR, fucR
506 	 galR
507 	 galR
508 	 galR
509 	 galR, galS, fucR
510 	 galR, fucR
511 	 galR, galS, fucR
512 	 galR
513 	 galR, galS, fucR
514 	 galR, fucR
515 	 galR, galS
516 	 galR, galS, fucR
517 	 galR, galS, fucR
518 	 galR, galS
519 	 galR, galS
520 	 galR, fucR
521 	 galR, galS
522 	 galR, galS, fucR
523 	 galR, galS
524 	 galR
525 	 galR, fucR
526 	 galR
527 	 galR, fucR
528 	 galR, galS
529 	 galR
530 	 galR, galS, fucR
531 	 galR, fucR
532 	 galR, fucR
533 	 galR
534 	 galR, galS
535 	 galR, fucR
536 	 galR
537 	 galR
538 	 galR, galS, fucR
539 	 galR
540 	 galR, galS
577 	 fucR
578 	 fucR
579 	 fucR
582 	 fucR
591 	 fucR
638 	 fucR
640 	 fucR
773 	 fucR
774 	 fucR
782 	 fucR
783 	 fucR
784 	 fucR
785 	 fucR
786 	 fucR
787 	 fucR
788 	 fucR
789 	 fucR
790 	 galS, fucR
791 	 fucR
792 	 fucR
793 	 fucR
794 	 galR, fucR
795 	 galR
796 	 fucR
809 	 galS
819 	 fucR
824 	 fucR
825 	 fucR
830 	 fucR
831 	 fucR
836 	 fucR
837 	 galS, fucR
842 	 fucR
843 	 fucR
855 	 fucR
857 	 fucR
859 	 galR, fucR
861 	 fucR
862 	 fucR
881 	 galS
898 	 galS
1011 	 fucR
1018 	 fucR
1019 	 galR, fucR
1020 	 galR, galS, fucR
1021 	 fucR
1022 	 fucR
1023 	 galR, galS, fucR
1024 	 fucR
1025 	 galS, fucR
1026 	 galR, fucR
1027 	 galR, galS, fucR
1028 	 fucR
1029 	 galS, fucR
1030 	 galR, fucR
1031 	 galR, galS, fucR
1032 	 galR, fucR
1034 	 galS, fucR
1035 	 galR, galS, fucR
1036 	 galR, fucR
1037 	 fucR
1038 	 galR, galS, fucR
1039 	 fucR
1040 	 fucR
1041 	 galS, fucR
1042 	 galS, fucR
1043 	 galS, fucR
1044 	 galR, fucR
1045 	 galR, fucR
1046 	 galR, fucR
1047 	 galR, galS, fucR
1048 	 galR, galS, fucR
1049 	 galR, fucR
1050 	 galR, galS, fucR
1051 	 galR, galS, fucR
1052 	 fucR
1053 	 fucR
1054 	 fucR
1055 	 galS, fucR
1056 	 galS, fucR
1057 	 fucR
1058 	 galS, fucR
1059 	 galS, fucR
1060 	 galR, fucR
1061 	 fucR
1062 	 galR, fucR
1063 	 fucR
1064 	 galR, galS, fucR
1065 	 fucR
1066 	 galR, galS, fucR
1067 	 fucR
1068 	 fucR
1069 	 galR, fucR
1070 	 fucR
1071 	 galR, galS, fucR
1072 	 galS, fucR
1073 	 fucR
1074 	 galS, fucR
1075 	 galS, fucR
1076 	 fucR
1077 	 galR, fucR
1078 	 fucR
1079 	 galR, galS, fucR
1080 	 fucR
1081 	 fucR
1082 	 galR, fucR
1083 	 galS, fucR
1084 	 galR, galS, fucR
1085 	 galR, fucR
1086 	 fucR
1087 	 galR, fucR
1088 	 galS, fucR
1089 	 galR, galS, fucR
1090 	 galR, fucR
1091 	 galR, galS, fucR
1092 	 galR, galS, fucR
1093 	 fucR
1094 	 fucR
1095 	 fucR
1096 	 galS, fucR
1097 	 galS, fucR
1098 	 galR, fucR
1099 	 galS, fucR
1100 	 galR, fucR
1101 	 galR, fucR
1102 	 galR, galS, fucR
1103 	 galR, fucR
1104 	 galR, galS, fucR
1105 	 galR, galS, fucR
1106 	 fucR
1107 	 galR, galS, fucR
1108 	 galS, fucR
1109 	 fucR
1110 	 fucR
1111 	 galS, fucR
1112 	 galS, fucR
1113 	 fucR
1114 	 galR, fucR
1115 	 galS, fucR
1116 	 galR, fucR
1117 	 fucR
1118 	 galR, galS, fucR
1119 	 fucR
1120 	 galR, galS, fucR
1121 	 fucR
1122 	 fucR
1123 	 fucR
1124 	 fucR
1125 	 galR, fucR
1126 	 galR, fucR
1127 	 galS, fucR
1128 	 fucR
1129 	 galS, fucR
1130 	 galR, galS, fucR
1131 	 fucR
1132 	 galS, fucR
1133 	 fucR
1134 	 galR, fucR
1135 	 fucR
1136 	 fucR
1137 	 fucR
1138 	 galR, galS, fucR
1139 	 galR, fucR
1140 	 galS, fucR
1141 	 galR, galS, fucR
1142 	 galR, fucR
1143 	 fucR
1144 	 fucR
1145 	 galS, fucR
1146 	 galR, galS, fucR
1147 	 galR, fucR
1148 	 galR, galS, fucR
1149 	 fucR
1150 	 galS, fucR
1151 	 galR, galS, fucR
1152 	 fucR
1153 	 galS, fucR
1154 	 galS, fucR
1155 	 galR, fucR
1156 	 galR, fucR
1157 	 galR, fucR
1158 	 galR, galS, fucR
1159 	 galR, galS, fucR
1160 	 fucR
1161 	 fucR
1162 	 galS, fucR
1163 	 galS, fucR
1164 	 galR, fucR
1165 	 galR, galS, fucR
1166 	 galR, galS, fucR
1167 	 fucR
1168 	 fucR
1169 	 galS, fucR
1170 	 galS, fucR
1171 	 galR, fucR
1172 	 fucR
1173 	 galR, fucR
1174 	 fucR
1175 	 fucR
1176 	 fucR
1177 	 fucR
1178 	 fucR
1179 	 galR, galS, fucR
1180 	 galR, fucR
1181 	 galR, galS, fucR
1182 	 galR, galS, fucR
1183 	 galS, fucR
1184 	 fucR
1185 	 galS, fucR
1186 	 galS, fucR
1187 	 fucR
1188 	 galR, fucR
1189 	 fucR
1190 	 fucR
1191 	 fucR
1192 	 galR, galS, fucR
1193 	 fucR
1194 	 galS, fucR
1195 	 galS, fucR
1196 	 galR, fucR
1197 	 galR, fucR
1198 	 galR, fucR
1199 	 fucR
1200 	 galR, galS, fucR
1201 	 galR, galS, fucR
1202 	 galR, galS, fucR
1203 	 galS, fucR
1204 	 fucR
1205 	 galR, fucR
1206 	 fucR
1207 	 galR, galS, fucR
1208 	 galS, fucR
1209 	 fucR
1210 	 galS, fucR
1211 	 galS, fucR
1212 	 galR, fucR
1213 	 galR, fucR
1214 	 galR, galS, fucR
1215 	 fucR
1216 	 fucR
1217 	 galR, fucR
1218 	 galS, fucR
1219 	 fucR
1220 	 galR, fucR
1221 	 galR, galS, fucR
1222 	 fucR
1223 	 galR, galS, fucR
1224 	 galR, galS, fucR
1225 	 galS, fucR
1226 	 galS, fucR
1227 	 galS, fucR
1228 	 galR, fucR
1229 	 galR, fucR
1230 	 galR, fucR
1231 	 galR, fucR
1232 	 galR, galS, fucR
1233 	 galR, galS, fucR
1234 	 fucR
1235 	 fucR
1236 	 galS, fucR
1237 	 fucR
1238 	 fucR
1239 	 galR, galS, fucR
1240 	 galR, galS, fucR
1241 	 galS, fucR
1242 	 galS, fucR
1243 	 galS, fucR
1244 	 galR, fucR
1245 	 galR, galS, fucR
1246 	 galR, fucR
1247 	 galR, galS, fucR
1248 	 fucR
1249 	 galR, fucR
1250 	 fucR
1251 	 galS, fucR
1252 	 galS, fucR
1253 	 fucR
1254 	 galR, galS, fucR
1255 	 galS, fucR
1256 	 galR, fucR
1257 	 fucR
1258 	 galR, galS, fucR
1259 	 galS, fucR
1260 	 galR, fucR
1261 	 galR, fucR
1262 	 galR, galS, fucR
1263 	 galR, fucR
1264 	 galR, galS, fucR
1265 	 fucR
1266 	 galR, fucR
1267 	 galR, galS, fucR
1268 	 fucR
1269 	 fucR
1270 	 galR, galS, fucR
1271 	 galS, fucR
1272 	 galS, fucR
1273 	 fucR
1274 	 galS, fucR
1275 	 galS, fucR
1276 	 galR, fucR
1277 	 galR, fucR
1278 	 galR, fucR
1279 	 galR, fucR
1280 	 galR, fucR
1281 	 galR, fucR
1282 	 galR, fucR
1283 	 galR, galS, fucR
1284 	 galR, fucR
1285 	 galR, fucR
1286 	 fucR
1287 	 galR, fucR
1288 	 fucR
1289 	 fucR
1290 	 fucR
1291 	 galR, fucR
1292 	 galR, fucR
1293 	 galR, fucR
1296 	 galR
1297 	 galR
1314 	 galR
1348 	 galR, galS, fucR
1416 	 galR
1418 	 galR
1424 	 galR
1426 	 galR
1432 	 galR, galS
1433 	 galS
1435 	 galR, galS
1437 	 galR, galS
1439 	 galS
1441 	 galR, galS
1443 	 galS
1445 	 galS
1447 	 galR
1449 	 galR
1453 	 galR, galS
1455 	 galS
1457 	 galR, galS
1459 	 galR
1463 	 galR, galS
1467 	 galR
1469 	 galR
1471 	 galR
1477 	 galR, galS
1479 	 galR, galS
1481 	 galS
1483 	 galS
1485 	 galR
1491 	 galS
1493 	 galS
1495 	 galR
1499 	 galR, galS
1501 	 galR, galS
1503 	 galR, galS
1505 	 galS
1507 	 galS
1509 	 galS
1519 	 galR
1521 	 galR
1523 	 galR
1529 	 galR, galS
1531 	 galS
1535 	 galR, galS
1537 	 galS
1539 	 galR
1545 	 galR, galS
1547 	 galS
1549 	 galR, galS
1551 	 galS
1557 	 galS
1561 	 galS
1563 	 galR
1565 	 galR
1567 	 galR
1569 	 galR
1577 	 galR, galS
1579 	 galS
1581 	 galR, galS
1583 	 galR, galS
1585 	 galS
1587 	 galS
1589 	 galR, galS
1591 	 galR
1593 	 galR
1601 	 galR
1605 	 galR, galS
1607 	 galS
1609 	 galR, galS
1611 	 galR, galS
1613 	 galS
1615 	 galS
1619 	 galR
1621 	 galS
1623 	 galR, galS
1627 	 galS
1963 	 galR
1967 	 galR
1971 	 galR, fucR
1979 	 galR, galS
1987 	 galR
1993 	 galR
2000 	 galR
2010 	 galR, galS
2014 	 galS
2020 	 galR, fucR
2021 	 galR, galS
2032 	 galS
2033 	 galR, galS, fucR
2449 	 galR, galS
2518 	 galR, fucR
2522 	 galR
2524 	 galR
2526 	 galR
2529 	 fucR
2530 	 galR
2531 	 fucR
2534 	 galR
2537 	 galR
2538 	 galR
2540 	 galR
2541 	 galR, fucR
2543 	 galR
2544 	 galR
2545 	 fucR
2547 	 fucR
2550 	 galR
2551 	 galR
2552 	 galR
2555 	 galR, galS, fucR
2556 	 galR
2557 	 galR
2559 	 galR, galS, fucR
2561 	 galR, galS
2562 	 galR
2563 	 galS, fucR
2565 	 galS
2566 	 galR
2567 	 galR, galS
2569 	 galS
2570 	 galR
2571 	 galS, fucR
2573 	 galR, galS
2574 	 galR
2575 	 galR, galS, fucR
2576 	 galR
2577 	 galS
2579 	 galR, galS
2580 	 galR
2581 	 galS, fucR
2583 	 galS
2585 	 galR
2586 	 galR
2588 	 galR
2589 	 galR, fucR
2590 	 galR
2591 	 galR
2592 	 galR
2593 	 fucR
2594 	 galR
2595 	 galR, fucR
2596 	 galR
2597 	 galR
2601 	 fucR
2603 	 galR
2605 	 galR
2607 	 fucR
2610 	 galR
2612 	 galR, galS
2615 	 galR, fucR
2616 	 galR
2617 	 galR, fucR
2618 	 galR
2619 	 fucR
2621 	 galR
2623 	 galR
2624 	 galS
2625 	 fucR
2626 	 galR, galS
2628 	 galR, galS
2630 	 galS
2631 	 galR, galS
2632 	 galR, galS
2633 	 galR, galS
2634 	 galR, galS
2635 	 galS
2636 	 galR, galS
2637 	 galS
2638 	 galS
2639 	 galS
2640 	 galR, galS, fucR
2641 	 galS
2642 	 galR, galS
2643 	 galR, galS
2644 	 galR, galS, fucR
2645 	 galR, galS
2646 	 galS
2647 	 galS
2648 	 galS, fucR
2649 	 galR
2650 	 galR
2651 	 galR
2652 	 galR
2653 	 galR
2654 	 galR
2655 	 galR
2656 	 galR, galS
2658 	 galR
2659 	 galR, fucR
2660 	 galR, galS
2661 	 galR
2662 	 galR, galS
2663 	 galR, galS
2664 	 galR
2665 	 galR, galS, fucR
2666 	 galR
2667 	 galR
2668 	 galR
2669 	 galR, galS
2670 	 galR
2671 	 galR
2672 	 galR
2673 	 galR
2674 	 galR
2675 	 galR
2676 	 galR
2677 	 galR
2678 	 galR
2680 	 galR, fucR
2681 	 galR, fucR
2682 	 galR
2683 	 fucR
2685 	 galR, fucR
2686 	 galR
2687 	 fucR
2689 	 galR
2690 	 galR, fucR
2691 	 galR
2692 	 galR
2693 	 fucR
2695 	 galR
2696 	 galR, fucR
2697 	 fucR
2698 	 galR, fucR
2699 	 galR
2700 	 galR
2702 	 galR, fucR
2703 	 galR, fucR
2704 	 galR, fucR
2705 	 galR
2706 	 galR
2707 	 fucR
2708 	 galR
2710 	 galR, fucR
2711 	 fucR
2712 	 galR, galS
2713 	 galR, galS
2714 	 galR
2715 	 galR, galS
2716 	 galR, fucR
2717 	 galR
2719 	 galR, galS
2720 	 galR, galS
2721 	 galR, galS
2722 	 galR
2723 	 galR, galS, fucR
2724 	 galR, galS, fucR
2725 	 galR, galS
2726 	 galR, galS
2727 	 galR
2729 	 galR
2730 	 galR
2732 	 galR, fucR
2733 	 galR, fucR
2734 	 fucR
2735 	 galR
2736 	 galR
2738 	 galR
2739 	 galR
2741 	 galR, galS
2742 	 galR, galS
2743 	 galR, galS, fucR
2744 	 galR, galS
2745 	 galR, galS, fucR
2746 	 galR, galS
2747 	 galR, galS, fucR
2749 	 galR, galS
2750 	 galR
2751 	 galR, galS
2753 	 galR, galS
2754 	 galR, galS
2755 	 galR
2756 	 galR
2757 	 galR, fucR
2759 	 galR
2760 	 galR, galS
2761 	 fucR
2763 	 galR, fucR
2764 	 galR, galS
2765 	 galR, galS
2766 	 galR
2767 	 galS
2768 	 galR, fucR
2769 	 galR
2770 	 galR
2771 	 fucR
2773 	 galR, galS, fucR
2774 	 galR, galS
2775 	 galR, galS, fucR
2776 	 galR, galS
2778 	 galR, fucR
2779 	 galR
2780 	 galR, galS, fucR
2781 	 galR, galS, fucR
2782 	 galR, galS
2783 	 galR, galS
2784 	 galR, galS
2785 	 galR, galS, fucR
2786 	 galR, galS, fucR
2787 	 galR, fucR
2788 	 galR, galS
2789 	 galR, galS
2790 	 galR
2791 	 galR, fucR
2792 	 galR, fucR
2793 	 fucR
2794 	 galR
2795 	 galR
2797 	 galR, fucR
2798 	 galR, fucR
2799 	 galR, galS, fucR
2800 	 galR
2801 	 fucR
2802 	 fucR
2803 	 galR, galS
2805 	 galR
2806 	 galR, fucR
2808 	 galR, fucR
2809 	 galR
2810 	 galR, galS, fucR
2811 	 galR
2812 	 galR, galS, fucR
2813 	 galR, fucR
2814 	 galR, galS
2815 	 galR
2816 	 galR, fucR
2817 	 galR, galS
2818 	 fucR
2820 	 galR
2821 	 galR, galS, fucR
2822 	 galR, galS
2823 	 galR, galS, fucR
2824 	 galR, galS
2825 	 galR, galS, fucR
2826 	 galR, galS
2827 	 galR, fucR
2828 	 galR
2829 	 galR
2830 	 galR, galS
2831 	 fucR
2833 	 galR, galS, fucR
2834 	 galR, fucR
2835 	 galS, fucR
2836 	 fucR
2837 	 galR, fucR
2838 	 galR
2839 	 galR, galS
2841 	 galR
2842 	 galR, galS
2843 	 galR
2844 	 galR, fucR
2845 	 fucR
2846 	 galR, galS
2848 	 galR, galS, fucR
2849 	 galR, fucR
2850 	 galR, galS
2851 	 galR
2852 	 galS
2853 	 galR, fucR
2854 	 fucR
2855 	 galR, galS, fucR
2856 	 galR, galS
2857 	 galR, galS
2858 	 galR
2860 	 galR, galS, fucR
2861 	 galR, fucR
2862 	 galR, galS
2863 	 galR
