1270 	 zraR
1355 	 melR
3011 	 zraR
4128 	 idnR
4512 	 idnR
5784 	 zraR
7448 	 idnR
8022 	 melR, idnR
8420 	 zraR, melR
8687 	 idnR
8926 	 zraR, idnR
9541 	 zraR
9666 	 zraR
9701 	 zraR, melR, idnR
10282 	 idnR
10360 	 zraR
10514 	 zraR
10856 	 zraR
12158 	 idnR
13613 	 idnR
13758 	 idnR
14051 	 zraR
14053 	 zraR
14055 	 zraR
14057 	 zraR
14059 	 zraR
14061 	 zraR
14063 	 zraR
14065 	 zraR
14067 	 zraR
14069 	 zraR
14071 	 zraR
14074 	 idnR
14077 	 zraR
14078 	 melR
14081 	 melR
14082 	 melR
14085 	 melR
14086 	 melR, idnR
14089 	 melR
14090 	 melR, idnR
14093 	 melR
14094 	 melR
14097 	 melR
14098 	 melR
14101 	 melR
14102 	 melR, idnR
14105 	 zraR, melR
14106 	 melR, idnR
14109 	 melR
14110 	 zraR, idnR
14113 	 zraR, melR
14114 	 melR, idnR
14117 	 zraR, idnR
14118 	 zraR, melR
14121 	 zraR
14122 	 idnR
14125 	 melR
14126 	 idnR
14129 	 melR
14130 	 zraR, melR
14133 	 zraR, melR
14134 	 melR, idnR
14136 	 idnR
14137 	 zraR, melR, idnR
14138 	 zraR, melR
14139 	 melR, idnR
14140 	 zraR, idnR
14141 	 idnR
14142 	 zraR, melR
14143 	 zraR, idnR
14144 	 melR, idnR
14145 	 zraR, idnR
14146 	 melR, idnR
14147 	 zraR, idnR
14148 	 melR
14149 	 zraR, melR
14150 	 zraR, melR, idnR
14151 	 idnR
14152 	 zraR, melR, idnR
14153 	 idnR
14154 	 zraR, idnR
14155 	 idnR
14156 	 zraR, idnR
14157 	 melR, idnR
14158 	 zraR, melR
14159 	 zraR, idnR
14160 	 zraR, melR
14161 	 zraR, melR
14162 	 zraR, idnR
14218 	 zraR, melR, idnR
14230 	 zraR, idnR
14232 	 zraR, melR, idnR
14234 	 melR, idnR
14236 	 zraR, melR, idnR
14238 	 melR, idnR
14240 	 zraR, melR
14241 	 zraR, melR
14242 	 zraR, idnR
14243 	 zraR, melR, idnR
14244 	 zraR, melR, idnR
14245 	 idnR
14246 	 zraR, melR, idnR
14247 	 zraR, idnR
14248 	 zraR, melR, idnR
14249 	 melR, idnR
14250 	 zraR, melR, idnR
14251 	 melR, idnR
14252 	 zraR, melR
14253 	 melR
14254 	 zraR, melR, idnR
14255 	 zraR, melR, idnR
14256 	 zraR, idnR
14257 	 idnR
14258 	 zraR, melR, idnR
14259 	 zraR, idnR
14260 	 zraR, melR
14261 	 melR, idnR
14262 	 zraR, melR, idnR
14264 	 zraR
14266 	 zraR
14268 	 melR
14270 	 zraR, melR
14272 	 melR, idnR
14273 	 zraR
14274 	 idnR
14275 	 melR
14276 	 zraR, idnR
14277 	 melR
14278 	 zraR, idnR
14279 	 melR
14281 	 zraR, melR
14282 	 idnR
14283 	 idnR
14284 	 melR
14288 	 zraR
14289 	 zraR
14297 	 zraR
14299 	 zraR
14301 	 zraR
14303 	 melR
14307 	 zraR
14309 	 zraR
14311 	 zraR
14313 	 zraR
14315 	 zraR
14317 	 melR
