3 	 fnr, marA, cadC, nikR, betI
5 	 fnr, cadC, nikR
6 	 cadC
7 	 gadE, rcsA, lrp, evgA, stpA, cadC
8 	 fnr, gadE, gadX, lrp, evgA, stpA, cadC, nikR
9 	 fnr, arcA, soxS, gadE, rcsA, lrp, evgA, narL, stpA, nac
10 	 fnr, gadE, gadX, lrp, evgA, stpA, cadC, idnR, nikR
11 	 gadE, rcsA, lrp, evgA, stpA, cadC, idnR
12 	 fnr, gadE, gadX, lrp, evgA, stpA, nikR
13 	 gadE, rcsA, lrp, evgA, stpA, idnR
14 	 arcA, soxS, gadE, gadX, lrp, evgA, narL, stpA, nac, idnR, nikR
15 	 arcA, soxS, gadE, gadX, lrp, evgA, narL, stpA, nac, cadC, nikR
16 	 fnr, arcA, soxS, gadE, lrp, evgA, narL, stpA, nac, cadC
17 	 arcA, soxS, gadE, gadX, lrp, evgA, narL, stpA, nac, nikR
18 	 fnr, arcA, soxS, gadE, lrp, evgA, narL, stpA, nac, cadC, idnR
19 	 arcA, soxS, gadE, gadX, lrp, evgA, narL, stpA, nac, cadC, idnR, nikR
20 	 fnr, arcA, soxS, gadE, lrp, evgA, narL, stpA, nac
21 	 arcA, soxS, gadE, gadX, lrp, evgA, narL, stpA, nac, idnR, nikR
22 	 fnr, arcA, soxS, gadE, lrp, evgA, narL, stpA, nac, idnR
23 	 arcA, soxS, gadE, gadX, lrp, evgA, narL, stpA, nac, cadC, nikR
24 	 arcA, soxS, gadE, gadX, lrp, narL, stpA, nac, cadC, nikR
25 	 arcA, soxS, gadE, gadX, lrp, narL, stpA, nac, cadC, idnR, nikR
26 	 fnr, arcA, soxS, gadE, rcsA, lrp, evgA, narL, stpA, nac, cadC
27 	 arcA, soxS, gadE, gadX, lrp, narL, stpA, nac, nikR
28 	 fnr, arcA, soxS, gadE, rcsA, lrp, evgA, narL, stpA, nac
29 	 arcA, soxS, gadE, gadX, lrp, narL, stpA, nac, idnR, nikR
30 	 fnr, arcA, soxS, gadE, rcsA, lrp, evgA, narL, stpA, nac, cadC, idnR
31 	 arcA, soxS, gadE, gadX, lrp, narL, stpA, nac, cadC, nikR
32 	 fnr, arcA, soxS, gadE, rcsA, lrp, evgA, narL, stpA, nac, idnR
33 	 arcA, soxS, gadE, gadX, lrp, narL, stpA, nac, nikR
34 	 arcA, soxS, gadE, gadX, lrp, evgA, narL, stpA, nac, cadC, idnR, nikR
35 	 arcA, soxS, gadE, gadX, lrp, narL, stpA, nac, cadC, idnR, nikR
36 	 arcA, soxS, gadE, gadX, lrp, evgA, narL, stpA, nac, nikR
37 	 arcA, soxS, gadE, gadX, lrp, narL, stpA, nac, idnR, nikR
38 	 arcA, soxS, gadE, gadX, lrp, evgA, narL, stpA, nac, idnR, nikR
39 	 arcA, soxS, gadE, gadX, lrp, narL, stpA, nac, cadC, nikR
40 	 fnr, arcA, soxS, gadE, lrp, evgA, narL, stpA, nac, cadC
41 	 fnr, arcA, soxS, gadE, rcsA, lrp, evgA, narL, stpA, nac, cadC
42 	 fnr, arcA, soxS, gadE, rcsA, lrp, evgA, narL, stpA, nac, cadC, idnR
43 	 fnr, arcA, soxS, gadE, rcsA, lrp, evgA, narL, stpA, nac
44 	 fnr, arcA, soxS, gadE, rcsA, lrp, evgA, narL, stpA, nac, idnR
45 	 arcA, soxS, gadE, gadX, lrp, narL, stpA, nac, nikR
46 	 arcA, soxS, gadE, gadX, lrp, narL, stpA, nac, cadC, idnR, nikR
47 	 arcA, soxS, gadE, gadX, lrp, narL, stpA, nac, idnR, nikR
48 	 arcA, soxS, gadE, gadX, lrp, evgA, narL, stpA, nac, cadC, nikR
49 	 arcA, soxS, gadE, gadX, lrp, evgA, narL, stpA, nac, nikR
50 	 arcA, soxS, gadE, gadX, lrp, evgA, narL, stpA, nac, cadC, idnR, nikR
51 	 arcA, soxS, gadE, gadX, lrp, evgA, narL, stpA, nac, idnR, nikR
52 	 arcA, soxS, gadE, gadX, lrp, narL, stpA, nac, cadC, nikR
53 	 arcA, soxS, gadE, gadX, lrp, narL, stpA, nac, nikR
54 	 arcA, soxS, gadE, gadX, lrp, narL, stpA, nac, cadC, idnR, nikR
55 	 arcA, soxS, gadE, gadX, lrp, narL, stpA, nac, idnR, nikR
56 	 fnr, arcA, soxS, gadE, rcsA, lrp, marA, evgA, narL, stpA, nac, cadC, betI
57 	 fnr, arcA, soxS, narL, nac, cadC, idnR
58 	 fnr, arcA, soxS, gadE, rcsA, lrp, evgA, narL, stpA, nac, cadC
59 	 fnr, arcA, soxS, gadE, rcsA, lrp, evgA, narL, stpA, nac, cadC, idnR
60 	 fnr, arcA, soxS, gadE, rcsA, lrp, marA, evgA, narL, stpA, nac, cadC, idnR, betI
61 	 fnr, arcA, soxS, gadE, rcsA, lrp, evgA, narL, stpA, nac
62 	 fnr, arcA, soxS, gadE, rcsA, lrp, evgA, narL, stpA, nac, idnR
63 	 fnr, arcA, soxS, gadE, rcsA, lrp, marA, evgA, narL, stpA, nac, betI
65 	 fnr, arcA, soxS, gadE, lrp, evgA, narL, stpA, nac, cadC, idnR
66 	 fnr, arcA, soxS, gadE, lrp, evgA, narL, stpA, nac
67 	 fnr, arcA, soxS, gadE, lrp, evgA, narL, stpA, nac, cadC
68 	 fnr, arcA, soxS, gadE, lrp, evgA, narL, stpA, nac, idnR
69 	 fnr, arcA, soxS, gadE, lrp, evgA, narL, stpA, nac
70 	 fnr, arcA, soxS, narL, nac, idnR
71 	 fnr, arcA, soxS, gadE, lrp, evgA, narL, stpA, nac, cadC, idnR
72 	 fnr, arcA, soxS, narL, nac, cadC, idnR
73 	 fnr, arcA, soxS, gadE, lrp, evgA, narL, stpA, nac, idnR
74 	 fnr, arcA, soxS, narL, nac, idnR
75 	 fnr, gadE, lrp, evgA, stpA, cadC, nikR
76 	 fnr, arcA, soxS, gadE, lrp, evgA, narL, stpA, nac, cadC, idnR
77 	 fnr, arcA, soxS, gadE, lrp, evgA, narL, stpA, nac
78 	 fnr, arcA, soxS, gadE, lrp, evgA, narL, stpA, nac, idnR
79 	 fnr, arcA, soxS, gadE, rcsA, lrp, marA, evgA, narL, stpA, nac, idnR, betI
80 	 fnr, arcA, soxS, gadE, lrp, marA, evgA, narL, stpA, nac, cadC, betI
81 	 fnr, arcA, soxS, gadE, lrp, marA, evgA, narL, stpA, nac, cadC, idnR, betI
82 	 fnr, arcA, soxS, gadE, lrp, marA, evgA, narL, stpA, nac, betI
83 	 fnr, arcA, soxS, gadE, lrp, marA, evgA, narL, stpA, nac, idnR, betI
84 	 fnr, arcA, soxS, narL, nac, cadC
85 	 fnr, arcA, soxS, narL, nac, cadC, idnR
87 	 fnr, arcA, soxS, narL, nac, idnR
88 	 fnr, arcA, soxS, narL, nac, cadC
89 	 fnr, arcA, soxS, narL, nac, cadC, idnR
90 	 fnr, arcA, soxS, narL, nac, idnR
91 	 fnr, arcA, soxS, marA, narL, nac, cadC, idnR, betI
92 	 fnr, arcA, soxS, marA, narL, nac, idnR, betI
