148 	 rcsB, lrp, hdfR, adiY, cspA, dpiA
149 	 hns, dpiA, aidB
360 	 rcsB, lrp, hdfR, rhaR, adiY, cspA, dpiA
724 	 dpiA
1137 	 rcsB, lrp, hdfR, rhaR, adiY, cspA, dpiA
1213 	 dpiA
1751 	 rcsB, lrp, hdfR, adiY, cspA
1752 	 dpiA
1753 	 rhaR, dpiA
1754 	 rcsB, lrp, hdfR, adiY, cspA, dpiA
1761 	 rcsB, lrp, hdfR, adiY, cspA, dpiA
1922 	 rcsB, lrp, hdfR, rhaR, adiY, cspA, dpiA
2712 	 dpiA
2713 	 dpiA
2715 	 rcsB, lrp, hdfR, adiY, cspA
2716 	 dpiA
2717 	 hns, dpiA, aidB
2718 	 dpiA
2720 	 dpiA
2721 	 dpiA
2722 	 rhaR, dpiA
2723 	 dpiA
2724 	 rcsB, lrp, hdfR, adiY, cspA
2725 	 rhaR, dpiA
2726 	 dpiA
2727 	 rcsB, lrp, hdfR, adiY, cspA
2728 	 dpiA
2729 	 dpiA
2730 	 rcsB, lrp, hdfR, adiY, cspA, dpiA
2731 	 dpiA
2732 	 rcsB, lrp, hdfR, rhaR, adiY, cspA
2733 	 rcsB, lrp, hdfR, adiY, cspA, dpiA
2734 	 rcsB, lrp, hdfR, adiY, cspA, dpiA
2735 	 rcsB, lrp, hdfR, rhaR, adiY, cspA, dpiA
2736 	 rcsB, lrp, hdfR, adiY, cspA, dpiA
2737 	 rcsB, lrp, hdfR, adiY, cspA, dpiA
2738 	 rcsB, lrp, hdfR, adiY, cspA, dpiA
2739 	 rcsB, lrp, hdfR, rhaR, adiY, cspA, dpiA
2740 	 rcsB, lrp, hdfR, adiY, cspA
2741 	 rcsB, lrp, hdfR, rhaR, adiY, cspA, dpiA
2742 	 rcsB, lrp, hdfR, adiY, cspA, dpiA
2744 	 rcsB, lrp, hdfR, rhaR, adiY, cspA
2745 	 rcsB, lrp, hdfR, adiY, cspA, dpiA
2746 	 rcsB, lrp, hdfR, adiY, cspA
2747 	 rcsB, lrp, hdfR, adiY, cspA, dpiA
2748 	 rcsB, lrp, hdfR, rhaR, adiY, cspA, dpiA
2749 	 rcsB, lrp, hdfR, rhaR, adiY, cspA, dpiA
2750 	 rcsB, lrp, hdfR, rhaR, adiY, cspA, dpiA
2751 	 rcsB, lrp, hdfR, rhaR, adiY, cspA, dpiA
2752 	 rcsB, lrp, hdfR, adiY, cspA, dpiA
2753 	 rcsB, lrp, hdfR, adiY, cspA, dpiA
2754 	 rcsB, lrp, hdfR, adiY, cspA
2755 	 rcsB, lrp, hdfR, adiY, cspA
2756 	 rcsB, lrp, hdfR, rhaR, adiY, cspA, dpiA
2757 	 rcsB, lrp, hdfR, adiY, cspA
2758 	 rcsB, lrp, hdfR, adiY, cspA, dpiA
2759 	 rcsB, lrp, hdfR, adiY, cspA
2760 	 rcsB, lrp, hdfR, rhaR, adiY, cspA, dpiA
2761 	 rcsB, lrp, hdfR, adiY, cspA
2762 	 rcsB, lrp, hdfR, adiY, cspA, dpiA
2763 	 rcsB, lrp, hdfR, adiY, cspA
2764 	 rcsB, lrp, hdfR, adiY, cspA, dpiA
2765 	 rcsB, lrp, hdfR, adiY, cspA
2766 	 rcsB, lrp, hdfR, rhaR, adiY, cspA, dpiA
2767 	 rcsB, lrp, hdfR, adiY, cspA, dpiA
2768 	 rcsB, lrp, hdfR, adiY, cspA
2769 	 rcsB, lrp, hdfR, adiY, cspA
2770 	 rcsB, lrp, hdfR, rhaR, adiY, cspA, dpiA
2771 	 rcsB, lrp, hdfR, adiY, cspA
2772 	 rcsB, lrp, hdfR, adiY, cspA, dpiA
2773 	 rcsB, lrp, hdfR, adiY, cspA, dpiA
2774 	 rcsB, lrp, hdfR, rhaR, adiY, cspA, dpiA
2775 	 rcsB, lrp, hdfR, adiY, cspA
2776 	 rcsB, lrp, hdfR, adiY, cspA, dpiA
2777 	 rcsB, lrp, hdfR, adiY, cspA
2778 	 rcsB, lrp, hdfR, rhaR, adiY, cspA, dpiA
2779 	 rcsB, lrp, hdfR, adiY, cspA, dpiA
2780 	 rcsB, lrp, hdfR, adiY, cspA, dpiA
2781 	 rcsB, lrp, hdfR, rhaR, adiY, cspA
2782 	 rcsB, lrp, hdfR, rhaR, adiY, cspA, dpiA
2783 	 rcsB, lrp, hdfR, rhaR, adiY, cspA
2784 	 rcsB, lrp, hdfR, adiY, cspA, dpiA
2785 	 rcsB, lrp, hdfR, adiY, cspA
2786 	 rcsB, lrp, hdfR, rhaR, adiY, cspA, dpiA
2787 	 rcsB, lrp, hdfR, rhaR, adiY, cspA, dpiA
2788 	 rcsB, lrp, hdfR, rhaR, adiY, cspA, dpiA
2789 	 rcsB, lrp, hdfR, adiY, cspA
2790 	 rcsB, lrp, hdfR, rhaR, adiY, cspA, dpiA
2791 	 rcsB, lrp, hdfR, adiY, cspA
2792 	 rcsB, lrp, hdfR, rhaR, adiY, cspA, dpiA
2793 	 rcsB, lrp, hdfR, adiY, cspA
2794 	 rcsB, lrp, hdfR, adiY, cspA, dpiA
2795 	 rcsB, lrp, hdfR, rhaR, adiY, cspA
2796 	 rcsB, lrp, hdfR, rhaR, adiY, cspA, dpiA
2797 	 rcsB, lrp, hdfR, adiY, cspA, dpiA
2798 	 rcsB, lrp, hdfR, rhaR, adiY, cspA
2799 	 rcsB, lrp, hdfR, adiY, cspA
2800 	 rcsB, lrp, hdfR, adiY, cspA, dpiA
2801 	 rcsB, lrp, hdfR, adiY, cspA, dpiA
2802 	 rcsB, lrp, hdfR, rhaR, adiY, cspA
2803 	 rcsB, lrp, hdfR, adiY, cspA
2804 	 rcsB, lrp, hdfR, rhaR, adiY, cspA, dpiA
2805 	 rcsB, lrp, hdfR, adiY, cspA
2806 	 rcsB, lrp, hdfR, rhaR, adiY, cspA, dpiA
2807 	 rcsB, lrp, hdfR, adiY, cspA, dpiA
2808 	 rcsB, lrp, hdfR, rhaR, adiY, cspA
2809 	 rcsB, lrp, hdfR, adiY, cspA
2810 	 rcsB, lrp, hdfR, rhaR, adiY, cspA
2811 	 rcsB, lrp, hdfR, rhaR, adiY, cspA
2812 	 rcsB, lrp, hdfR, rhaR, adiY, cspA
2813 	 rcsB, lrp, hdfR, adiY, cspA
2814 	 rcsB, lrp, hdfR, rhaR, adiY, cspA, dpiA
2815 	 rcsB, lrp, hdfR, rhaR, adiY, cspA
2816 	 rcsB, lrp, hdfR, rhaR, adiY, cspA, dpiA
2817 	 rcsB, lrp, hdfR, rhaR, adiY, cspA, dpiA
2818 	 rcsB, lrp, hdfR, adiY, cspA, dpiA
2819 	 rcsB, lrp, hdfR, rhaR, adiY, cspA
2820 	 rcsB, lrp, hdfR, adiY, cspA
2821 	 rcsB, lrp, hdfR, rhaR, adiY, cspA
2822 	 rcsB, lrp, hdfR, rhaR, adiY, cspA
2823 	 rcsB, lrp, hdfR, rhaR, adiY, cspA
2824 	 rcsB, lrp, hdfR, rhaR, adiY, cspA, dpiA
2825 	 rcsB, lrp, hdfR, rhaR, adiY, cspA
2826 	 rcsB, lrp, hdfR, rhaR, adiY, cspA
2827 	 rcsB, lrp, hdfR, rhaR, adiY, cspA, dpiA
2828 	 rcsB, lrp, hdfR, rhaR, adiY, cspA
2829 	 rcsB, lrp, hdfR, rhaR, adiY, cspA
2830 	 rcsB, lrp, hdfR, rhaR, adiY, cspA
2831 	 rcsB, lrp, hdfR, rhaR, adiY, cspA, dpiA
2832 	 rcsB, lrp, hdfR, adiY, cspA
2833 	 rcsB, lrp, hdfR, rhaR, adiY, cspA
2834 	 rcsB, lrp, hdfR, adiY, cspA
2835 	 rcsB, lrp, hdfR, rhaR, adiY, cspA
2836 	 rcsB, lrp, hdfR, rhaR, adiY, cspA
2837 	 rcsB, lrp, hdfR, rhaR, adiY, cspA
2838 	 rcsB, lrp, hdfR, rhaR, adiY, cspA
2839 	 rcsB, lrp, hdfR, adiY, cspA
2840 	 rcsB, lrp, hdfR, rhaR, adiY, cspA
2841 	 rcsB, lrp, hdfR, rhaR, adiY, cspA
2842 	 rcsB, lrp, hdfR, adiY, cspA
2843 	 rcsB, lrp, hdfR, rhaR, adiY, cspA, dpiA
2844 	 rcsB, lrp, hdfR, rhaR, adiY, cspA
2845 	 rcsB, lrp, hdfR, rhaR, adiY, cspA
2846 	 rcsB, lrp, hdfR, rhaR, adiY, cspA
2847 	 rcsB, lrp, hdfR, rhaR, adiY, cspA
2848 	 dpiA
2849 	 dpiA
2850 	 dpiA
2851 	 dpiA
2853 	 dpiA
2854 	 dpiA
2855 	 dpiA
2856 	 dpiA
2857 	 dpiA
2858 	 dpiA
2859 	 dpiA
2860 	 rhaR, dpiA
2861 	 rhaR, dpiA
2862 	 dpiA
2863 	 dpiA
2864 	 rhaR, dpiA
2865 	 dpiA
2866 	 rhaR, dpiA
2867 	 dpiA
2868 	 rhaR, dpiA
2869 	 dpiA
2870 	 rhaR, dpiA
2871 	 dpiA
2872 	 rhaR, dpiA
2873 	 rhaR, dpiA
2874 	 dpiA
2875 	 rhaR, dpiA
2876 	 dpiA
2877 	 rhaR, dpiA
2878 	 dpiA
2879 	 rhaR, dpiA
2880 	 dpiA
2881 	 rhaR, dpiA
2882 	 rhaR, dpiA
2883 	 rhaR, dpiA
2884 	 rhaR, dpiA
2885 	 rhaR, dpiA
2886 	 rhaR, dpiA
2888 	 rhaR, dpiA
2889 	 rhaR, dpiA
2890 	 rhaR, dpiA
2891 	 rhaR, dpiA
2892 	 rhaR, dpiA
2893 	 rhaR, dpiA
2894 	 rhaR, dpiA
2895 	 dpiA
2896 	 dpiA
2897 	 rhaR, dpiA
2898 	 rhaR, dpiA
2899 	 dpiA
2900 	 dpiA
2901 	 rhaR, dpiA
2902 	 rhaR, dpiA
2903 	 rhaR, dpiA
2904 	 rhaR, dpiA
2905 	 dpiA
2906 	 rhaR, dpiA
2907 	 dpiA
2908 	 rhaR, dpiA
2909 	 dpiA
2910 	 rhaR, dpiA
2911 	 rhaR, dpiA
2912 	 rhaR, dpiA
2913 	 rhaR, dpiA
2914 	 dpiA
2915 	 rhaR, dpiA
2916 	 dpiA
2917 	 dpiA
2918 	 dpiA
2919 	 dpiA
2920 	 dpiA
2921 	 dpiA
2922 	 rhaR, dpiA
2923 	 dpiA
2924 	 rhaR, dpiA
2925 	 rhaR, dpiA
2926 	 rhaR, dpiA
2927 	 rhaR, dpiA
2928 	 rhaR, dpiA
2929 	 rhaR, dpiA
2930 	 dpiA
2931 	 rhaR, dpiA
2932 	 dpiA
2933 	 dpiA
2934 	 dpiA
2935 	 dpiA
2936 	 dpiA
2937 	 dpiA
2938 	 dpiA
2939 	 dpiA
2940 	 dpiA
2941 	 dpiA
2942 	 dpiA
2943 	 dpiA
2944 	 dpiA
2945 	 dpiA
2946 	 dpiA
2947 	 dpiA
2948 	 dpiA
2949 	 dpiA
2950 	 dpiA
2951 	 dpiA
2952 	 dpiA
2953 	 dpiA
2954 	 dpiA
2955 	 dpiA
2956 	 rhaR, dpiA
2957 	 dpiA
2958 	 rhaR, dpiA
2959 	 dpiA
2960 	 rhaR, dpiA
2961 	 dpiA
2962 	 rhaR, dpiA
2963 	 dpiA
2964 	 rhaR, dpiA
2965 	 dpiA
2966 	 rhaR, dpiA
2967 	 dpiA
2968 	 rhaR, dpiA
2969 	 dpiA
2970 	 rhaR, dpiA
2971 	 dpiA
2972 	 rhaR, dpiA
2973 	 dpiA
2974 	 rhaR, dpiA
2975 	 rhaR, dpiA
2976 	 dpiA
2977 	 rhaR, dpiA
2978 	 dpiA
2979 	 rhaR, dpiA
2980 	 rhaR, dpiA
2981 	 rhaR, dpiA
2982 	 rhaR, dpiA
2983 	 rhaR, dpiA
2984 	 dpiA
2985 	 rhaR, dpiA
2986 	 dpiA
2987 	 rhaR, dpiA
2988 	 dpiA
2989 	 rhaR, dpiA
2990 	 rhaR, dpiA
2991 	 rhaR, dpiA
2992 	 rhaR, dpiA
2993 	 rhaR, dpiA
2994 	 rhaR, dpiA
2995 	 rhaR, dpiA
2996 	 rhaR, dpiA
2997 	 rhaR, dpiA
2998 	 dpiA
2999 	 rhaR, dpiA
3000 	 dpiA
3001 	 rhaR, dpiA
3002 	 dpiA
3003 	 rhaR, dpiA
3004 	 rhaR, dpiA
3005 	 rhaR, dpiA
3006 	 rhaR, dpiA
3007 	 rhaR, dpiA
3008 	 rhaR, dpiA
3009 	 rhaR, dpiA
3010 	 rhaR, dpiA
3011 	 rhaR, dpiA
3012 	 dpiA
3013 	 rhaR, dpiA
3014 	 dpiA
3015 	 rhaR, dpiA
3016 	 dpiA
3017 	 rhaR, dpiA
3018 	 dpiA
3019 	 rhaR, dpiA
3020 	 rhaR, dpiA
3021 	 rhaR, dpiA
3022 	 rhaR, dpiA
3023 	 rhaR, dpiA
3024 	 rhaR, dpiA
3025 	 dpiA
3026 	 dpiA
3027 	 dpiA
3028 	 dpiA
3029 	 rhaR, dpiA
3030 	 dpiA
3031 	 rhaR, dpiA
3032 	 dpiA
3033 	 rhaR, dpiA
3034 	 dpiA
3035 	 rhaR, dpiA
3036 	 dpiA
3037 	 dpiA
3038 	 dpiA
3039 	 dpiA
3040 	 dpiA
3041 	 dpiA
3042 	 dpiA
3043 	 dpiA
3044 	 dpiA
3045 	 rhaR, dpiA
3046 	 dpiA
3047 	 rhaR, dpiA
3048 	 dpiA
3049 	 rhaR, dpiA
3050 	 dpiA
3051 	 rhaR, dpiA
3052 	 dpiA
3053 	 rhaR, dpiA
3054 	 dpiA
3055 	 rhaR, dpiA
3056 	 dpiA
3057 	 rhaR, dpiA
3058 	 dpiA
3059 	 rhaR, dpiA
3060 	 dpiA
3062 	 rhaR, dpiA
3063 	 rhaR, dpiA
3064 	 rhaR, dpiA
3065 	 rhaR, dpiA
3066 	 rhaR, dpiA
3067 	 rhaR, dpiA
3068 	 rhaR, dpiA
3069 	 rhaR, dpiA
3070 	 rhaR, dpiA
3071 	 rhaR, dpiA
3072 	 rhaR, dpiA
3073 	 rhaR, dpiA
3074 	 dpiA
3075 	 dpiA
3076 	 dpiA
3077 	 dpiA
3078 	 rhaR, dpiA
3079 	 dpiA
3080 	 rhaR, dpiA
3081 	 dpiA
3082 	 rhaR, dpiA
3083 	 dpiA
3084 	 rhaR, dpiA
3085 	 dpiA
3086 	 rhaR, dpiA
3087 	 rhaR, dpiA
3088 	 rhaR, dpiA
3089 	 rhaR, dpiA
3096 	 rhaR
3102 	 rhaR
3103 	 rhaR
3108 	 rhaR
3109 	 rhaR
3112 	 rhaR
3113 	 rhaR
3115 	 rhaR
3118 	 rhaR
3119 	 rhaR
3121 	 rhaR
3124 	 rhaR
3125 	 rhaR
3127 	 rhaR
3129 	 rhaR
3130 	 rhaR
3131 	 rhaR
3132 	 rhaR
3133 	 rhaR
3135 	 rhaR
3137 	 rhaR
3139 	 rhaR
3141 	 rhaR
3142 	 rhaR
3143 	 rhaR
3144 	 rhaR
3145 	 rhaR
3146 	 rhaR
3147 	 rhaR
3148 	 rhaR
3149 	 rhaR
3151 	 rhaR
3184 	 rhaR
3186 	 rhaR
3188 	 rhaR
3190 	 rhaR
3192 	 rhaR
3194 	 rhaR
3196 	 rhaR
3198 	 rhaR
3200 	 rhaR
3202 	 rhaR
3204 	 rhaR
3206 	 rhaR
3208 	 rhaR
3210 	 rhaR
3212 	 rhaR
3214 	 rhaR
3248 	 rhaR
3250 	 rhaR
3252 	 rhaR
3254 	 rhaR
3256 	 rhaR
3258 	 rhaR
3260 	 rhaR
3262 	 rhaR
3264 	 rhaR
3266 	 rhaR
3268 	 rhaR
3270 	 rhaR
3272 	 rhaR
3274 	 rhaR
3276 	 rhaR
3278 	 rhaR
3281 	 rhaR
3283 	 rhaR
3285 	 rhaR
3287 	 rhaR
3289 	 rhaR
3291 	 rhaR
3293 	 rhaR
3295 	 rhaR
3297 	 rhaR
3298 	 rhaR
3301 	 rhaR
3303 	 rhaR
3305 	 rhaR
3307 	 rhaR
3309 	 rhaR
3311 	 rhaR
4172 	 rhaR
4198 	 rhaR
4215 	 rhaR
5436 	 rhaR
5832 	 rhaR
6056 	 rhaR
6178 	 rhaR
6578 	 rhaR
6679 	 rhaR
6685 	 rhaR
6689 	 rhaR
6691 	 rhaR
6695 	 rhaR
7505 	 rhaR
7642 	 rhaR
8411 	 rhaR
8629 	 rhaR
8633 	 rhaR
8643 	 rhaR
8645 	 rhaR
8647 	 rhaR
8649 	 rhaR
9248 	 rhaR
9263 	 rhaR
9266 	 rhaR
9272 	 rhaR
9278 	 rhaR
9284 	 rhaR
9290 	 rhaR
9293 	 rhaR
9296 	 rhaR
9521 	 rhaR
9523 	 rhaR
9527 	 rhaR
9529 	 rhaR
9531 	 rhaR
9535 	 rhaR
9537 	 rhaR
9841 	 rhaR
9845 	 rhaR
9846 	 rhaR
9847 	 rhaR
9850 	 rhaR
9851 	 rhaR
9852 	 rhaR
9853 	 rhaR
9855 	 rhaR
9856 	 rhaR
