38 	 zraR, rhaS, leuO, soxS, fnr, hns
39 	 zraR, fucR, leuO, soxS, fnr, hns
41 	 zraR, melR, leuO, soxS, fnr, hns
42 	 zraR, fucR, leuO, soxS, fnr, hns
43 	 zraR, melR, leuO, soxS, fnr, hns
44 	 zraR, fucR, leuO, soxS, fnr, hns
45 	 zraR, melR, fucR, leuO, soxS, fnr, hns
46 	 zraR, melR, yeiL, soxR, narL, leuO, arcA, hns
47 	 zraR, melR, yeiL, soxR, narL, leuO, arcA, hns
48 	 zraR, fucR, yeiL, soxR, narL, leuO, arcA, hns
49 	 zraR, melR, fucR, leuO, soxS, fnr, hns
50 	 zraR, melR, fucR, yeiL, soxR, narL, leuO, arcA, hns
51 	 zraR, fucR, yeiL, soxR, narL, leuO, arcA, hns
52 	 zraR, melR, fucR, yeiL, soxR, narL, leuO, arcA, hns
53 	 zraR, rhaS, leuO, soxS, fnr, hns
54 	 zraR, melR, leuO, soxS, fnr, hns
55 	 zraR, melR, rhaS, leuO, soxS, fnr, hns
56 	 zraR, melR, leuO, soxS, fnr, hns
57 	 zraR, melR, rhaS, leuO, soxS, fnr, hns
58 	 zraR, melR, yeiL, soxR, narL, leuO, arcA, hns
59 	 zraR, melR, fucR, leuO, soxS, fnr, hns
61 	 zraR, fucR, rhaS, leuO, soxS, fnr, hns
62 	 zraR, yeiL, rhaS, soxR, narL, leuO, arcA, hns
63 	 zraR, melR, fucR, rhaS, leuO, soxS, fnr, hns
64 	 zraR, yeiL, rhaS, soxR, narL, leuO, arcA, hns
65 	 zraR, fucR, leuO, soxS, fnr, hns
66 	 zraR, melR, yeiL, soxR, narL, leuO, arcA, hns
67 	 zraR, fucR, rhaS, leuO, soxS, fnr, hns
68 	 zraR, melR, yeiL, rhaS, soxR, narL, leuO, arcA, hns
69 	 zraR, melR, fucR, leuO, soxS, fnr, hns
70 	 zraR, melR, yeiL, rhaS, soxR, narL, leuO, arcA, hns
71 	 zraR, melR, fucR, rhaS, leuO, soxS, fnr, hns
72 	 zraR, fucR, yeiL, soxR, narL, leuO, arcA, hns
73 	 zraR, fucR, yeiL, soxR, narL, leuO, arcA, hns
74 	 zraR, fucR, yeiL, rhaS, soxR, narL, leuO, arcA, hns
75 	 zraR, fucR, yeiL, rhaS, soxR, narL, leuO, arcA, hns
76 	 zraR, melR, fucR, yeiL, soxR, narL, leuO, arcA, hns
77 	 zraR, melR, fucR, yeiL, soxR, narL, leuO, arcA, hns
78 	 zraR, melR, fucR, yeiL, rhaS, soxR, narL, leuO, arcA, hns
79 	 zraR, melR, fucR, yeiL, rhaS, soxR, narL, leuO, arcA, hns
80 	 zraR, melR, nikR, adiY, cspA, hdfR, gadX, soxS, rcsB, fnr
82 	 zraR, melR, nikR, adiY, cspA, hdfR, gadX, soxS, rcsB, fnr
83 	 zraR, fucR, nikR, adiY, cspA, hdfR, gadX, soxS, rcsB, fnr
84 	 zraR, melR, fucR, nikR, adiY, cspA, hdfR, gadX, soxS, rcsB, fnr
85 	 zraR, fucR, nikR, adiY, cspA, hdfR, gadX, soxS, rcsB, fnr
86 	 zraR, melR, fucR, nikR, adiY, cspA, hdfR, gadX, soxS, rcsB, fnr
88 	 zraR, nikR, adiY, cspA, rhaS, hdfR, gadX, soxS, rcsB, fnr
89 	 zraR, melR, nikR, adiY, cspA, hdfR, gadX, soxS, rcsB, fnr
90 	 zraR, melR, nikR, adiY, cspA, rhaS, hdfR, gadX, soxS, rcsB, fnr
92 	 zraR, melR, nikR, adiY, cspA, hdfR, gadX, soxS, rcsB, fnr
93 	 zraR, nikR, adiY, cspA, rhaS, hdfR, gadX, soxS, rcsB, fnr
94 	 zraR, melR, nikR, adiY, cspA, rhaS, hdfR, gadX, soxS, rcsB, fnr
95 	 zraR, fucR, nikR, adiY, cspA, hdfR, gadX, soxS, rcsB, fnr
96 	 zraR, melR, fucR, nikR, adiY, cspA, hdfR, gadX, soxS, rcsB, fnr
97 	 zraR, fucR, nikR, adiY, cspA, rhaS, hdfR, gadX, soxS, rcsB, fnr
98 	 zraR, melR, fucR, nikR, adiY, cspA, rhaS, hdfR, gadX, soxS, rcsB, fnr
99 	 zraR, fucR, nikR, adiY, cspA, hdfR, gadX, soxS, rcsB, fnr
100 	 zraR, melR, fucR, nikR, adiY, cspA, hdfR, gadX, soxS, rcsB, fnr
101 	 zraR, fucR, nikR, adiY, cspA, rhaS, hdfR, gadX, soxS, rcsB, fnr
102 	 zraR, melR, fucR, nikR, adiY, cspA, rhaS, hdfR, gadX, soxS, rcsB, fnr
104 	 zraR, melR, yeiL, marR, soxR, narL, leuO, arcA, hns
106 	 zraR, melR, yeiL, marR, soxR, narL, leuO, arcA, hns
108 	 zraR, melR, yeiL, adiY, cspA, marR, hdfR, soxR, narL, leuO, arcA, rcsB
110 	 zraR, melR, yeiL, adiY, cspA, marR, hdfR, soxR, narL, leuO, arcA, rcsB
111 	 zraR, fucR, yeiL, marR, soxR, narL, leuO, arcA, hns
112 	 zraR, melR, fucR, yeiL, marR, soxR, narL, leuO, arcA, hns
113 	 zraR, fucR, yeiL, marR, soxR, narL, leuO, arcA, hns
114 	 zraR, melR, fucR, yeiL, marR, soxR, narL, leuO, arcA, hns
115 	 zraR, fucR, yeiL, adiY, cspA, marR, hdfR, soxR, narL, leuO, arcA, rcsB
116 	 zraR, melR, fucR, yeiL, adiY, cspA, marR, hdfR, soxR, narL, leuO, arcA, rcsB
117 	 zraR, fucR, yeiL, adiY, cspA, marR, hdfR, soxR, narL, leuO, arcA, rcsB
118 	 zraR, melR, fucR, yeiL, adiY, cspA, marR, hdfR, soxR, narL, leuO, arcA, rcsB
120 	 zraR, yeiL, rhaS, marR, soxR, narL, leuO, arcA, hns
121 	 zraR, melR, yeiL, marR, soxR, narL, leuO, arcA, hns
122 	 zraR, melR, yeiL, rhaS, marR, soxR, narL, leuO, arcA, hns
124 	 zraR, melR, yeiL, marR, soxR, narL, leuO, arcA, hns
125 	 zraR, yeiL, rhaS, marR, soxR, narL, leuO, arcA, hns
126 	 zraR, melR, yeiL, rhaS, marR, soxR, narL, leuO, arcA, hns
128 	 zraR, melR, yeiL, adiY, cspA, marR, hdfR, soxR, narL, leuO, arcA, rcsB
129 	 zraR, yeiL, adiY, cspA, rhaS, marR, hdfR, soxR, narL, leuO, arcA, rcsB
130 	 zraR, melR, yeiL, adiY, cspA, rhaS, marR, hdfR, soxR, narL, leuO, arcA, rcsB
132 	 zraR, melR, yeiL, adiY, cspA, marR, hdfR, soxR, narL, leuO, arcA, rcsB
133 	 zraR, yeiL, adiY, cspA, rhaS, marR, hdfR, soxR, narL, leuO, arcA, rcsB
134 	 zraR, melR, yeiL, adiY, cspA, rhaS, marR, hdfR, soxR, narL, leuO, arcA, rcsB
135 	 zraR, fucR, yeiL, marR, soxR, narL, leuO, arcA, hns
136 	 zraR, fucR, yeiL, rhaS, marR, soxR, narL, leuO, arcA, hns
137 	 zraR, melR, fucR, yeiL, marR, soxR, narL, leuO, arcA, hns
138 	 zraR, melR, fucR, yeiL, rhaS, marR, soxR, narL, leuO, arcA, hns
139 	 zraR, fucR, yeiL, marR, soxR, narL, leuO, arcA, hns
140 	 zraR, melR, fucR, yeiL, marR, soxR, narL, leuO, arcA, hns
141 	 zraR, fucR, yeiL, rhaS, marR, soxR, narL, leuO, arcA, hns
142 	 zraR, melR, fucR, yeiL, rhaS, marR, soxR, narL, leuO, arcA, hns
143 	 zraR, fucR, yeiL, adiY, cspA, marR, hdfR, soxR, narL, leuO, arcA, rcsB
144 	 zraR, melR, fucR, yeiL, adiY, cspA, marR, hdfR, soxR, narL, leuO, arcA, rcsB
145 	 zraR, fucR, yeiL, adiY, cspA, rhaS, marR, hdfR, soxR, narL, leuO, arcA, rcsB
146 	 zraR, melR, fucR, yeiL, adiY, cspA, rhaS, marR, hdfR, soxR, narL, leuO, arcA, rcsB
147 	 zraR, fucR, yeiL, adiY, cspA, marR, hdfR, soxR, narL, leuO, arcA, rcsB
148 	 zraR, melR, fucR, yeiL, adiY, cspA, marR, hdfR, soxR, narL, leuO, arcA, rcsB
149 	 zraR, fucR, yeiL, adiY, cspA, rhaS, marR, hdfR, soxR, narL, leuO, arcA, rcsB
150 	 zraR, melR, fucR, yeiL, adiY, cspA, rhaS, marR, hdfR, soxR, narL, leuO, arcA, rcsB
