2075 	 zraR
2076 	 zraR, idnR
2077 	 zraR
2078 	 zraR, idnR
2079 	 zraR
2080 	 zraR, idnR
2081 	 zraR
2082 	 zraR, idnR
2083 	 zraR
2084 	 zraR, idnR
2085 	 zraR
2086 	 zraR, idnR
2087 	 zraR
2088 	 zraR, idnR
2089 	 zraR
2090 	 zraR, idnR
2091 	 zraR
2092 	 zraR, idnR
2093 	 zraR
2094 	 zraR, idnR
2095 	 zraR
2096 	 zraR, idnR
2097 	 zraR
2098 	 zraR, idnR
2099 	 zraR
2100 	 zraR, idnR
2101 	 zraR
2102 	 zraR, idnR
2103 	 zraR
2104 	 zraR, idnR
2105 	 zraR
2106 	 zraR, idnR
2107 	 zraR, asnC, lldR, rob, fnr, hns
2108 	 zraR, asnC, idnR, lldR, rob, fnr, hns
2109 	 zraR, asnC, lldR, rob, fnr, hns
2110 	 zraR, asnC, idnR, lldR, rob, fnr, hns
2111 	 zraR, asnC, lldR, rob, fnr, hns
2112 	 zraR, asnC, idnR, lldR, rob, fnr, hns
2113 	 zraR, asnC, lldR, rob, fnr, hns
2114 	 zraR, asnC, idnR, lldR, rob, fnr, hns
2115 	 zraR, asnC, lldR, rob, fnr, hns
2116 	 zraR, asnC, idnR, lldR, rob, fnr, hns
2117 	 zraR, asnC, lldR, rob, fnr, hns
2118 	 zraR, asnC, idnR, lldR, rob, fnr, hns
2119 	 zraR, asnC, lldR, rob, fnr, hns
2120 	 zraR, idnR
2121 	 zraR, asnC, idnR, lldR, rob, fnr, hns
2122 	 zraR, idnR
2123 	 zraR, asnC, idnR, lldR, rob, fnr, hns
2124 	 zraR, idnR
2125 	 zraR, idnR
2126 	 zraR, idnR
2127 	 zraR, idnR
2128 	 zraR, idnR
2129 	 zraR, idnR
2130 	 zraR, idnR
2131 	 zraR, idnR
2132 	 zraR, idnR
2133 	 zraR, idnR
2134 	 zraR, idnR
2135 	 zraR, idnR
2136 	 zraR, idnR
2137 	 zraR, idnR
2138 	 zraR, asnC, lldR, rob, fnr, hns
2139 	 zraR, asnC, idnR, lldR, rob, fnr, hns
2140 	 zraR, asnC, idnR, lldR, rob, fnr, hns
2141 	 zraR, asnC, idnR, lldR, rob, fnr, hns
2142 	 zraR, asnC, idnR, lldR, rob, fnr, hns
2143 	 zraR, asnC, idnR, lldR, rob, fnr, hns
2144 	 zraR, asnC, idnR, lldR, rob, fnr, hns
2145 	 zraR, asnC, idnR, lldR, rob, fnr, hns
2146 	 zraR, asnC, idnR, lldR, rob, fnr, hns
2153 	 zraR
2154 	 zraR
2155 	 zraR
2156 	 zraR
2157 	 zraR
2158 	 zraR
2159 	 zraR
2160 	 zraR
2161 	 zraR, idnR
2162 	 zraR, idnR
2163 	 zraR, idnR
2164 	 zraR, idnR
2165 	 zraR, idnR
2166 	 zraR, idnR
2167 	 zraR, idnR
2168 	 zraR, idnR
2169 	 zraR, idnR
2170 	 zraR, idnR
2171 	 zraR, idnR
2172 	 zraR, idnR
2173 	 zraR, idnR
2174 	 zraR, idnR
2175 	 zraR, idnR
2176 	 zraR, idnR
