12 	 csgD
14 	 idnR
16 	 melR
23 	 rhaS
25 	 zraR
27 	 csgD
29 	 melR
32 	 fucR
33 	 idnR
34 	 zraR
35 	 fucR
36 	 idnR
37 	 zraR
38 	 fucR
39 	 idnR
40 	 zraR
41 	 fucR
42 	 csgD
43 	 melR
44 	 csgD
45 	 melR
46 	 csgD, zraR
47 	 melR, fucR
48 	 csgD, idnR
49 	 zraR, melR
50 	 csgD, fucR
51 	 zraR, idnR
52 	 csgD, melR
53 	 zraR, fucR
54 	 melR, idnR
55 	 csgD, zraR
56 	 idnR, fucR
57 	 zraR, melR
58 	 csgD, fucR
59 	 zraR, idnR
60 	 csgD, melR
61 	 zraR, fucR
62 	 melR, idnR
63 	 csgD, zraR
64 	 idnR, fucR
65 	 zraR, melR
66 	 csgD, fucR
67 	 zraR, idnR
68 	 csgD, melR
69 	 zraR, fucR
70 	 melR, idnR
71 	 csgD, zraR
72 	 idnR, fucR
73 	 zraR, melR
74 	 csgD, fucR
75 	 zraR, idnR
76 	 csgD, melR
77 	 zraR, fucR
78 	 melR, idnR
79 	 csgD, zraR, melR
80 	 idnR, fucR
81 	 zraR, melR, idnR
82 	 csgD, idnR
83 	 melR, fucR
84 	 csgD, idnR
85 	 zraR, melR, idnR
86 	 csgD, zraR, fucR
87 	 melR, fucR
88 	 csgD, zraR, melR
89 	 zraR, idnR, fucR
90 	 csgD, zraR, melR
91 	 zraR, idnR, fucR
92 	 csgD, zraR, melR
93 	 zraR, idnR, fucR
94 	 melR, fucR
95 	 zraR, idnR, fucR
96 	 csgD, melR, fucR
97 	 zraR, melR, idnR
98 	 csgD, idnR
99 	 zraR, melR, idnR
100 	 melR, idnR, fucR
101 	 csgD, zraR, idnR
102 	 csgD, melR, fucR
103 	 zraR, melR, fucR
104 	 csgD, melR, fucR
105 	 csgD, zraR, idnR
106 	 csgD, melR, fucR
107 	 csgD, zraR, idnR
108 	 csgD, melR, idnR
109 	 csgD, zraR, idnR
110 	 zraR, melR, fucR
111 	 csgD, idnR, fucR
112 	 melR, idnR, fucR
113 	 csgD, idnR, fucR
114 	 csgD, melR, idnR
115 	 csgD, idnR, fucR
116 	 melR, idnR, fucR
117 	 csgD, melR, idnR
118 	 melR, idnR, fucR
119 	 csgD, melR, idnR
120 	 csgD, idnR, fucR
121 	 csgD, zraR, melR, idnR
122 	 csgD, melR, idnR, fucR
123 	 csgD, zraR, fucR
124 	 zraR, melR, fucR
125 	 zraR, melR, fucR
126 	 csgD, zraR, fucR
127 	 csgD, zraR, fucR
128 	 csgD, zraR, melR, fucR
129 	 zraR, melR, idnR, fucR
130 	 csgD, zraR, melR, fucR
131 	 csgD, zraR, idnR, fucR
132 	 csgD, zraR, melR, fucR
133 	 csgD, zraR, idnR, fucR
134 	 csgD, zraR, melR, fucR
135 	 csgD, zraR, idnR, fucR
136 	 csgD, zraR, melR, idnR
137 	 csgD, melR, idnR, fucR
138 	 csgD, zraR, idnR, fucR
139 	 csgD, melR, idnR, fucR
140 	 zraR, melR, idnR, fucR
141 	 csgD, zraR, melR, idnR
142 	 zraR, melR, idnR, fucR
143 	 csgD, zraR, melR, idnR
144 	 zraR, melR, idnR, fucR
145 	 csgD, melR, idnR, fucR
146 	 csgD, zraR, melR, idnR, fucR
147 	 csgD, zraR, melR, idnR, fucR
148 	 csgD, zraR, melR, idnR, fucR
149 	 csgD, zraR, melR, idnR, fucR
150 	 rhaS
151 	 rhaS
152 	 rhaS
153 	 rhaR, rhaS
154 	 rhaS, zraR
155 	 rhaR, rhaS
156 	 rhaS, zraR
157 	 rhaR, rhaS
158 	 rhaS, zraR
159 	 rhaR, rhaS
160 	 rhaS, fucR
161 	 rhaS, fucR
162 	 rhaS, zraR
163 	 rhaS, fucR
164 	 csgD, rhaS
165 	 rhaS, fucR
166 	 csgD, rhaS
167 	 rhaR, rhaS, fucR
168 	 csgD, rhaS
169 	 rhaR, rhaS, fucR
170 	 csgD, rhaS
171 	 rhaR, rhaS, fucR
172 	 csgD, rhaS, zraR
173 	 rhaR, rhaS, fucR
174 	 csgD, rhaS, zraR
175 	 rhaS, idnR
176 	 csgD, rhaS, zraR
177 	 rhaS, idnR
178 	 csgD, rhaS, zraR
179 	 rhaS, idnR
180 	 rhaS, melR
181 	 rhaS, idnR
182 	 rhaS, melR
183 	 rhaR, rhaS, idnR
184 	 rhaS, melR
185 	 rhaR, rhaS, idnR
186 	 rhaS, melR
187 	 rhaR, rhaS, idnR
188 	 rhaS, zraR, melR
189 	 rhaR, rhaS, idnR
190 	 rhaS, zraR, melR
191 	 rhaS, idnR, fucR
192 	 rhaS, zraR, melR
193 	 rhaS, idnR, fucR
194 	 rhaS, zraR, melR
195 	 rhaS, idnR, fucR
196 	 csgD, rhaS, melR
197 	 rhaS, idnR, fucR
198 	 csgD, rhaS, melR
199 	 rhaR, rhaS, idnR, fucR
200 	 csgD, rhaS, melR
201 	 rhaR, rhaS, idnR, fucR
202 	 csgD, rhaS, melR
203 	 rhaR, rhaS, melR
204 	 rhaS, zraR, idnR
205 	 rhaR, rhaS, melR
206 	 rhaS, zraR, idnR
207 	 rhaR, rhaS, melR
208 	 rhaS, zraR, idnR
209 	 rhaR, rhaS, melR
210 	 rhaS, zraR, idnR
211 	 rhaS, melR, fucR
212 	 csgD, rhaS, idnR
213 	 rhaS, melR, fucR
214 	 csgD, rhaS, idnR
215 	 rhaS, melR, fucR
216 	 csgD, rhaS, idnR
217 	 rhaS, melR, fucR
218 	 csgD, rhaS, idnR
219 	 rhaR, rhaS, melR, fucR
220 	 csgD, rhaS, zraR, idnR
221 	 rhaR, rhaS, melR, fucR
222 	 csgD, rhaS, zraR, idnR
223 	 rhaR, rhaS, melR, fucR
224 	 csgD, rhaS, zraR, idnR
225 	 rhaR, rhaS, melR, fucR
226 	 csgD, rhaS, zraR, idnR
227 	 rhaR, rhaS, idnR, fucR
228 	 rhaS, melR, idnR
229 	 csgD, rhaS, fucR
230 	 rhaS, melR, idnR
231 	 csgD, rhaS, fucR
232 	 rhaS, melR, idnR
233 	 csgD, rhaS, fucR
234 	 rhaS, melR, idnR
235 	 csgD, rhaS, fucR
236 	 rhaS, zraR, melR, idnR
237 	 csgD, rhaR, rhaS
238 	 rhaS, zraR, melR, idnR
239 	 csgD, rhaR, rhaS
240 	 rhaS, zraR, melR, idnR
241 	 csgD, rhaR, rhaS
242 	 rhaS, zraR, melR, idnR
243 	 csgD, rhaR, rhaS
244 	 csgD, rhaS, zraR, melR
245 	 csgD, rhaR, rhaS, fucR
246 	 csgD, rhaS, zraR, melR
247 	 csgD, rhaR, rhaS, fucR
248 	 csgD, rhaS, zraR, melR
249 	 csgD, rhaR, rhaS, fucR
250 	 csgD, rhaS, zraR, melR
251 	 csgD, rhaR, rhaS, fucR
252 	 csgD, rhaS, melR, idnR
253 	 csgD, rhaR, rhaS, melR
254 	 csgD, rhaS, melR, idnR
255 	 rhaR, rhaS, idnR, fucR
256 	 csgD, rhaS, melR, idnR
257 	 csgD, rhaS, melR, fucR
258 	 csgD, rhaS, melR, idnR
259 	 csgD, rhaS, melR, fucR
260 	 csgD, rhaS, zraR, melR, idnR
261 	 csgD, rhaS, melR, fucR
262 	 csgD, rhaS, zraR, melR, idnR
263 	 csgD, rhaS, melR, fucR
264 	 csgD, rhaS, zraR, melR, idnR
265 	 csgD, rhaR, rhaS, melR
266 	 csgD, rhaS, zraR, melR, idnR
267 	 csgD, rhaR, rhaS, melR
268 	 rhaR, rhaS, zraR
269 	 csgD, rhaR, rhaS, melR
270 	 rhaR, rhaS, zraR
271 	 csgD, rhaR, rhaS, melR, fucR
272 	 rhaR, rhaS, zraR
273 	 csgD, rhaR, rhaS, melR, fucR
274 	 rhaR, rhaS, zraR
275 	 csgD, rhaR, rhaS, melR, fucR
276 	 rhaR, rhaS, zraR, idnR
277 	 csgD, rhaR, rhaS, melR, fucR
278 	 rhaR, rhaS, zraR, idnR
279 	 csgD, rhaR, rhaS, zraR
280 	 rhaS, zraR, fucR
281 	 csgD, rhaR, rhaS, zraR
282 	 rhaS, zraR, fucR
283 	 csgD, rhaR, rhaS, zraR
284 	 rhaS, zraR, fucR
285 	 csgD, rhaR, rhaS, zraR
286 	 rhaS, zraR, fucR
287 	 rhaR, rhaS, zraR, melR
288 	 rhaS, zraR, idnR, fucR
289 	 rhaR, rhaS, zraR, melR
290 	 rhaS, zraR, idnR, fucR
291 	 rhaR, rhaS, zraR, melR
292 	 rhaS, zraR, idnR, fucR
293 	 rhaR, rhaS, zraR, melR
294 	 rhaS, zraR, idnR, fucR
295 	 csgD, rhaR, rhaS, zraR, melR
296 	 rhaR, rhaS, zraR, fucR
297 	 csgD, rhaR, rhaS, idnR
298 	 rhaR, rhaS, zraR, fucR
299 	 csgD, rhaR, rhaS, idnR
300 	 rhaR, rhaS, zraR, fucR
301 	 csgD, rhaR, rhaS, idnR
302 	 rhaR, rhaS, zraR, fucR
303 	 csgD, rhaR, rhaS, idnR
304 	 rhaR, rhaS, zraR, idnR
305 	 rhaR, rhaS, melR, idnR
306 	 rhaR, rhaS, zraR, idnR
307 	 rhaR, rhaS, melR, idnR
308 	 rhaR, rhaS, zraR, idnR, fucR
309 	 rhaR, rhaS, melR, idnR
310 	 rhaR, rhaS, zraR, idnR, fucR
311 	 rhaR, rhaS, melR, idnR
312 	 rhaR, rhaS, zraR, idnR, fucR
313 	 csgD, rhaR, rhaS, melR, idnR
314 	 rhaR, rhaS, zraR, idnR, fucR
315 	 csgD, rhaR, rhaS, melR, idnR
316 	 rhaS, zraR, melR, fucR
317 	 csgD, rhaS, idnR, fucR
318 	 rhaS, zraR, melR, fucR
319 	 csgD, rhaS, idnR, fucR
320 	 rhaS, zraR, melR, fucR
321 	 csgD, rhaS, idnR, fucR
322 	 rhaS, zraR, melR, fucR
323 	 csgD, rhaS, idnR, fucR
324 	 rhaR, rhaS, zraR, melR, fucR
325 	 rhaS, melR, idnR, fucR
326 	 rhaR, rhaS, zraR, melR, fucR
327 	 rhaS, melR, idnR, fucR
328 	 rhaR, rhaS, zraR, melR, fucR
329 	 rhaS, melR, idnR, fucR
330 	 rhaR, rhaS, zraR, melR, fucR
331 	 rhaS, melR, idnR, fucR
332 	 rhaR, rhaS, zraR, melR, idnR
333 	 csgD, rhaS, melR, idnR, fucR
334 	 rhaR, rhaS, zraR, melR, idnR
335 	 csgD, rhaS, melR, idnR, fucR
336 	 rhaR, rhaS, zraR, melR, idnR
337 	 csgD, rhaS, melR, idnR, fucR
338 	 rhaR, rhaS, zraR, melR, idnR
339 	 csgD, rhaS, melR, idnR, fucR
340 	 rhaS, zraR, melR, idnR, fucR
341 	 csgD, rhaR, rhaS, melR, idnR
342 	 rhaS, zraR, melR, idnR, fucR
343 	 csgD, rhaR, rhaS, melR, idnR
344 	 rhaS, zraR, melR, idnR, fucR
345 	 rhaR, rhaS, melR, idnR, fucR
346 	 csgD, rhaR, rhaS, zraR, idnR
347 	 rhaR, rhaS, melR, idnR, fucR
348 	 csgD, rhaR, rhaS, zraR, idnR
349 	 rhaR, rhaS, melR, idnR, fucR
350 	 csgD, rhaR, rhaS, zraR, idnR
351 	 rhaR, rhaS, melR, idnR, fucR
352 	 csgD, rhaR, rhaS, zraR, idnR
353 	 csgD, rhaR, rhaS, idnR, fucR
354 	 csgD, rhaS, zraR, fucR
355 	 csgD, rhaS, zraR, fucR
356 	 csgD, rhaS, zraR, fucR
357 	 csgD, rhaS, zraR, fucR
358 	 csgD, rhaR, rhaS, zraR, fucR
359 	 csgD, rhaS, zraR, melR, fucR
360 	 csgD, rhaR, rhaS, zraR, fucR
361 	 csgD, rhaS, zraR, melR, fucR
362 	 csgD, rhaR, rhaS, zraR, fucR
363 	 csgD, rhaS, zraR, melR, fucR
364 	 csgD, rhaR, rhaS, zraR, fucR
365 	 csgD, rhaS, zraR, melR, fucR
366 	 csgD, rhaR, rhaS, idnR, fucR
367 	 rhaS, zraR, melR, idnR, fucR
368 	 csgD, rhaR, rhaS, idnR, fucR
369 	 csgD, rhaS, zraR, idnR, fucR
370 	 csgD, rhaR, rhaS, idnR, fucR
371 	 csgD, rhaS, zraR, idnR, fucR
372 	 csgD, rhaS, zraR, idnR, fucR
373 	 csgD, rhaS, zraR, idnR, fucR
374 	 csgD, rhaR, rhaS, zraR, idnR, fucR
375 	 csgD, rhaS, zraR, melR, idnR, fucR
376 	 csgD, rhaR, rhaS, zraR, idnR, fucR
377 	 csgD, rhaS, zraR, melR, idnR, fucR
378 	 csgD, rhaR, rhaS, zraR, idnR, fucR
379 	 csgD, rhaS, zraR, melR, idnR, fucR
380 	 csgD, rhaR, rhaS, zraR, idnR, fucR
381 	 csgD, rhaS, zraR, melR, idnR, fucR
382 	 csgD, rhaR, rhaS, zraR, melR
383 	 csgD, rhaR, rhaS, zraR, melR
384 	 csgD, rhaR, rhaS, zraR, melR
385 	 csgD, rhaR, rhaS, zraR, melR, fucR
386 	 csgD, rhaR, rhaS, zraR, melR, idnR
387 	 csgD, rhaR, rhaS, zraR, melR, fucR
388 	 csgD, rhaR, rhaS, zraR, melR, idnR
389 	 csgD, rhaR, rhaS, zraR, melR, fucR
390 	 csgD, rhaR, rhaS, zraR, melR, idnR
391 	 csgD, rhaR, rhaS, zraR, melR, fucR
392 	 csgD, rhaR, rhaS, zraR, melR, idnR
393 	 rhaR, rhaS, zraR, melR, idnR, fucR
394 	 rhaR, rhaS, zraR, melR, idnR, fucR
395 	 csgD, rhaR, rhaS, melR, idnR, fucR
396 	 rhaR, rhaS, zraR, melR, idnR, fucR
397 	 csgD, rhaR, rhaS, melR, idnR, fucR
398 	 rhaR, rhaS, zraR, melR, idnR, fucR
399 	 csgD, rhaR, rhaS, melR, idnR, fucR
400 	 csgD, rhaR, rhaS, melR, idnR, fucR
401 	 csgD, rhaR, rhaS, zraR, melR, idnR, fucR
402 	 csgD, rhaR, rhaS, zraR, melR, idnR, fucR
403 	 csgD, rhaR, rhaS, zraR, melR, idnR, fucR
404 	 csgD, rhaR, rhaS, zraR, melR, idnR, fucR
