1 	 zraR, dpiA, nikR, dcuR, csgD, soxR, narL, arcA, fnr
2 	 zraR, dpiA, nikR, dcuR, csgD, soxR, narL, arcA, fnr
3 	 zraR, gadW, gadX
4 	 zraR, gadW, gadX
5 	 zraR, soxR, narL, gadW, gadX, arcA, fnr
6 	 zraR, idnR, soxR, narL, gadW, gadX, arcA, fnr
7 	 zraR, soxR, narL, gadW, gadX, arcA, fnr
8 	 zraR, gadW, gadX
9 	 zraR, melR, gadW, gadX, fnr
10 	 zraR, gadW, gadX
11 	 zraR, csgD, gadW, gadX
12 	 zraR, gadW, gadX, fnr
13 	 zraR, melR, gadW, gadX
14 	 zraR, csgD, gadW, gadX, fnr
15 	 zraR, idnR, gadW, gadX
16 	 zraR, melR, idnR, gadW, gadX, fnr
17 	 zraR, idnR, csgD, gadW, gadX
18 	 zraR, gadW, gadX, fnr
19 	 zraR, idnR, gadW, gadX, fnr
20 	 zraR, dpiA, nikR, dcuR, soxR, narL, gadW, gadX, arcA, fnr
21 	 zraR, csgD, gadW, gadX
22 	 zraR, gadW, gadX, fnr
23 	 zraR, idnR, gadW, gadX
24 	 zraR, nikR, dcuR, csgD, soxR, narL, gadW, gadX, arcA, fnr
25 	 zraR, gadW, gadX, fnr
26 	 zraR, gadW, gadX
27 	 zraR, nikR, dcuR, soxR, narL, gadW, gadX, arcA, fnr
28 	 zraR, melR, csgD, gadW, gadX
29 	 zraR, idnR, gadW, gadX, fnr
30 	 zraR, dpiA, nikR, dcuR, soxR, narL, gadW, gadX, arcA, fnr
31 	 zraR, gadW, gadX
32 	 zraR, csgD, gadW, gadX, fnr
33 	 zraR, melR, gadW, gadX
34 	 zraR, dpiA, nikR, dcuR, csgD, soxR, narL, gadW, gadX, arcA, fnr
35 	 zraR, idnR, dpiA, nikR, dcuR, soxR, narL, gadW, gadX, arcA, fnr
36 	 zraR, dpiA, nikR, dcuR, csgD, soxR, narL, gadW, gadX, arcA, fnr
37 	 zraR, dpiA, nikR, dcuR, soxR, narL, gadW, gadX, arcA, fnr
38 	 zraR, idnR, dpiA, nikR, dcuR, csgD, soxR, narL, gadW, gadX, arcA, fnr
39 	 zraR, nikR, dcuR, soxR, narL, gadW, gadX, arcA, fnr
40 	 zraR, idnR, dpiA, nikR, dcuR, csgD, soxR, narL, gadW, gadX, arcA, fnr
41 	 zraR, nikR, dcuR, soxR, narL, gadW, gadX, arcA, fnr
42 	 zraR, idnR, dpiA, nikR, dcuR, csgD, soxR, narL, gadW, gadX, arcA, fnr
43 	 zraR, nikR, dcuR, soxR, narL, gadW, gadX, arcA, fnr
44 	 zraR, dpiA, nikR, dcuR, soxR, narL, gadW, gadX, arcA, fnr
45 	 zraR, idnR, nikR, dcuR, soxR, narL, gadW, gadX, arcA, fnr
46 	 zraR, dpiA, nikR, dcuR, soxR, narL, gadW, gadX, arcA, fnr
47 	 zraR, melR, dpiA, nikR, dcuR, soxR, narL, gadW, gadX, arcA, fnr
48 	 zraR, dpiA, nikR, dcuR, soxR, narL, gadW, gadX, arcA, fnr
49 	 zraR, melR, dpiA, nikR, dcuR, soxR, narL, gadW, gadX, arcA, fnr
50 	 zraR, dpiA, nikR, dcuR, soxR, narL, gadW, gadX, arcA, fnr
51 	 zraR, melR, nikR, dcuR, soxR, narL, gadW, gadX, arcA, fnr
52 	 zraR, idnR, dpiA, nikR, dcuR, soxR, narL, gadW, gadX, arcA, fnr
53 	 zraR, melR, nikR, dcuR, soxR, narL, gadW, gadX, arcA, fnr
54 	 zraR, idnR, dpiA, nikR, dcuR, soxR, narL, gadW, gadX, arcA, fnr
55 	 zraR, melR, nikR, dcuR, soxR, narL, gadW, gadX, arcA, fnr
56 	 zraR, idnR, dpiA, nikR, dcuR, soxR, narL, gadW, gadX, arcA, fnr
57 	 zraR, melR, nikR, dcuR, soxR, narL, gadW, gadX, arcA, fnr
58 	 zraR, idnR, dpiA, nikR, dcuR, soxR, narL, gadW, gadX, arcA, fnr
59 	 zraR, melR, dpiA, nikR, dcuR, csgD, soxR, narL, gadW, gadX, arcA, fnr
60 	 zraR, idnR, dpiA, nikR, dcuR, soxR, narL, gadW, gadX, arcA, fnr
61 	 zraR, melR, dpiA, nikR, dcuR, csgD, soxR, narL, gadW, gadX, arcA, fnr
62 	 zraR, nikR, dcuR, soxR, narL, gadW, gadX, arcA, fnr
63 	 zraR, melR, idnR, dpiA, nikR, dcuR, soxR, narL, gadW, gadX, arcA, fnr
64 	 zraR, dpiA, nikR, dcuR, csgD, soxR, narL, gadW, gadX, arcA, fnr
65 	 zraR, nikR, dcuR, csgD, soxR, narL, gadW, gadX, arcA, fnr
66 	 zraR, idnR, dpiA, nikR, dcuR, soxR, narL, gadW, gadX, arcA, fnr
67 	 zraR, nikR, dcuR, csgD, soxR, narL, gadW, gadX, arcA, fnr
68 	 zraR, melR, dpiA, nikR, dcuR, soxR, narL, gadW, gadX, arcA, fnr
69 	 zraR, idnR, nikR, dcuR, soxR, narL, gadW, gadX, arcA, fnr
70 	 zraR, dpiA, nikR, dcuR, csgD, soxR, narL, gadW, gadX, arcA, fnr
71 	 zraR, melR, dpiA, nikR, dcuR, csgD, soxR, narL, gadW, gadX, arcA, fnr
72 	 zraR, idnR, dpiA, nikR, dcuR, soxR, narL, gadW, gadX, arcA, fnr
73 	 zraR, nikR, dcuR, csgD, soxR, narL, gadW, gadX, arcA, fnr
74 	 zraR, nikR, dcuR, soxR, narL, gadW, gadX, arcA, fnr
75 	 zraR, melR, idnR, dpiA, nikR, dcuR, soxR, narL, gadW, gadX, arcA, fnr
76 	 zraR, nikR, dcuR, soxR, narL, gadW, gadX, arcA, fnr
77 	 zraR, dpiA, nikR, dcuR, csgD, soxR, narL, gadW, gadX, arcA, fnr
78 	 zraR, dpiA, nikR, dcuR, csgD, soxR, narL, gadW, gadX, arcA, fnr
79 	 zraR, csgD, gadW, gadX, fnr
80 	 zraR, dpiA, nikR, dcuR, csgD, soxR, narL, gadW, gadX, arcA, fnr
81 	 zraR, idnR, dpiA, nikR, dcuR, csgD, soxR, narL, gadW, gadX, arcA, fnr
82 	 zraR, dpiA, nikR, dcuR, csgD, soxR, narL, gadW, gadX, arcA, fnr
83 	 zraR, idnR, dpiA, nikR, dcuR, csgD, soxR, narL, gadW, gadX, arcA, fnr
84 	 zraR, dpiA, nikR, dcuR, csgD, soxR, narL, gadW, gadX, arcA, fnr
85 	 zraR, idnR, dpiA, nikR, dcuR, csgD, soxR, narL, gadW, gadX, arcA, fnr
86 	 zraR, dpiA, nikR, dcuR, csgD, soxR, narL, gadW, gadX, arcA, fnr
87 	 zraR, idnR, dpiA, nikR, dcuR, csgD, soxR, narL, gadW, gadX, arcA, fnr
88 	 zraR, dpiA, nikR, dcuR, csgD, soxR, narL, gadW, gadX, arcA, fnr
89 	 zraR, melR, dpiA, nikR, dcuR, csgD, soxR, narL, gadW, gadX, arcA, fnr
90 	 zraR, nikR, dcuR, csgD, soxR, narL, gadW, gadX, arcA, fnr
91 	 zraR, melR, dpiA, nikR, dcuR, soxR, narL, gadW, gadX, arcA, fnr
92 	 zraR, nikR, dcuR, csgD, soxR, narL, gadW, gadX, arcA, fnr
93 	 zraR, melR, dpiA, nikR, dcuR, csgD, soxR, narL, gadW, gadX, arcA, fnr
94 	 zraR, nikR, dcuR, csgD, soxR, narL, gadW, gadX, arcA, fnr
95 	 zraR, melR, dpiA, nikR, dcuR, soxR, narL, gadW, gadX, arcA, fnr
96 	 zraR, nikR, dcuR, soxR, narL, gadW, gadX, arcA, fnr
97 	 zraR, melR, dpiA, nikR, dcuR, csgD, soxR, narL, gadW, gadX, arcA, fnr
98 	 zraR, nikR, dcuR, csgD, soxR, narL, gadW, gadX, arcA, fnr
99 	 zraR, melR, dpiA, nikR, dcuR, soxR, narL, gadW, gadX, arcA, fnr
100 	 zraR, nikR, dcuR, csgD, soxR, narL, gadW, gadX, arcA, fnr
101 	 zraR, melR, dpiA, nikR, dcuR, csgD, soxR, narL, gadW, gadX, arcA, fnr
103 	 zraR, melR, idnR, dpiA, nikR, dcuR, soxR, narL, gadW, gadX, arcA, fnr
104 	 zraR, nikR, dcuR, soxR, narL, gadW, gadX, arcA, fnr
105 	 zraR, melR, idnR, dpiA, nikR, dcuR, csgD, soxR, narL, gadW, gadX, arcA, fnr
106 	 zraR, nikR, dcuR, csgD, soxR, narL, gadW, gadX, arcA, fnr
107 	 zraR, melR, idnR, dpiA, nikR, dcuR, csgD, soxR, narL, gadW, gadX, arcA, fnr
108 	 zraR, nikR, dcuR, csgD, soxR, narL, gadW, gadX, arcA, fnr
109 	 zraR, melR, idnR, dpiA, nikR, dcuR, csgD, soxR, narL, gadW, gadX, arcA, fnr
110 	 zraR, nikR, dcuR, soxR, narL, gadW, gadX, arcA, fnr
111 	 zraR, melR, idnR, dpiA, nikR, dcuR, soxR, narL, gadW, gadX, arcA, fnr
112 	 zraR, nikR, dcuR, csgD, soxR, narL, gadW, gadX, arcA, fnr
113 	 zraR, melR, idnR, dpiA, nikR, dcuR, csgD, soxR, narL, gadW, gadX, arcA, fnr
114 	 zraR, nikR, dcuR, soxR, narL, gadW, gadX, arcA, fnr
115 	 zraR, melR, idnR, dpiA, nikR, dcuR, csgD, soxR, narL, gadW, gadX, arcA, fnr
116 	 zraR, nikR, dcuR, csgD, soxR, narL, gadW, gadX, arcA, fnr
117 	 zraR, melR, idnR, dpiA, nikR, dcuR, soxR, narL, gadW, gadX, arcA, fnr
118 	 zraR, nikR, dcuR, csgD, soxR, narL, gadW, gadX, arcA, fnr
119 	 zraR, melR, idnR, dpiA, nikR, dcuR, csgD, soxR, narL, gadW, gadX, arcA, fnr
120 	 zraR, nikR, dcuR, soxR, narL, gadW, gadX, arcA, fnr
121 	 zraR, melR, idnR, dpiA, nikR, dcuR, soxR, narL, gadW, gadX, arcA, fnr
122 	 zraR, nikR, dcuR, soxR, narL, gadW, gadX, arcA, fnr
123 	 zraR, melR, idnR, dpiA, nikR, dcuR, soxR, narL, gadW, gadX, arcA, fnr
124 	 zraR, nikR, dcuR, csgD, soxR, narL, gadW, gadX, arcA, fnr
125 	 zraR, melR, idnR, dpiA, nikR, dcuR, csgD, soxR, narL, gadW, gadX, arcA, fnr
126 	 zraR, nikR, dcuR, csgD, soxR, narL, gadW, gadX, arcA, fnr
127 	 zraR, melR, idnR, dpiA, nikR, dcuR, csgD, soxR, narL, gadW, gadX, arcA, fnr
128 	 zraR, melR, dpiA, nikR, dcuR, csgD, soxR, narL, gadW, gadX, arcA, fnr
129 	 zraR, idnR, nikR, dcuR, csgD, soxR, narL, gadW, gadX, arcA, fnr
130 	 zraR, melR, dpiA, nikR, dcuR, soxR, narL, gadW, gadX, arcA, fnr
131 	 zraR, idnR, nikR, dcuR, soxR, narL, gadW, gadX, arcA, fnr
132 	 zraR, melR, dpiA, nikR, dcuR, csgD, soxR, narL, gadW, gadX, arcA, fnr
133 	 zraR, idnR, nikR, dcuR, csgD, soxR, narL, gadW, gadX, arcA, fnr
134 	 zraR, melR, dpiA, nikR, dcuR, soxR, narL, gadW, gadX, arcA, fnr
135 	 zraR, idnR, nikR, dcuR, soxR, narL, gadW, gadX, arcA, fnr
136 	 zraR, melR, dpiA, nikR, dcuR, soxR, narL, gadW, gadX, arcA, fnr
137 	 zraR, idnR, nikR, dcuR, csgD, soxR, narL, gadW, gadX, arcA, fnr
138 	 zraR, melR, dpiA, nikR, dcuR, csgD, soxR, narL, gadW, gadX, arcA, fnr
139 	 zraR, idnR, nikR, dcuR, csgD, soxR, narL, gadW, gadX, arcA, fnr
140 	 zraR, melR, dpiA, nikR, dcuR, csgD, soxR, narL, gadW, gadX, arcA, fnr
141 	 zraR, idnR, nikR, dcuR, csgD, soxR, narL, gadW, gadX, arcA, fnr
142 	 zraR, melR, dpiA, nikR, dcuR, soxR, narL, gadW, gadX, arcA, fnr
143 	 zraR, idnR, nikR, dcuR, soxR, narL, gadW, gadX, arcA, fnr
144 	 zraR, melR, dpiA, nikR, dcuR, csgD, soxR, narL, gadW, gadX, arcA, fnr
145 	 zraR, idnR, nikR, dcuR, csgD, soxR, narL, gadW, gadX, arcA, fnr
146 	 zraR, melR, dpiA, nikR, dcuR, soxR, narL, gadW, gadX, arcA, fnr
147 	 zraR, idnR, nikR, dcuR, soxR, narL, gadW, gadX, arcA, fnr
148 	 zraR, melR, dpiA, nikR, dcuR, csgD, soxR, narL, gadW, gadX, arcA, fnr
149 	 zraR, idnR, nikR, dcuR, soxR, narL, gadW, gadX, arcA, fnr
150 	 zraR, melR, dpiA, nikR, dcuR, soxR, narL, gadW, gadX, arcA, fnr
151 	 zraR, idnR, nikR, dcuR, csgD, soxR, narL, gadW, gadX, arcA, fnr
152 	 zraR, melR, dpiA, nikR, dcuR, soxR, narL, gadW, gadX, arcA, fnr
153 	 zraR, idnR, nikR, dcuR, csgD, soxR, narL, gadW, gadX, arcA, fnr
154 	 zraR, melR, dpiA, nikR, dcuR, csgD, soxR, narL, gadW, gadX, arcA, fnr
155 	 zraR, idnR, dpiA, nikR, dcuR, csgD, soxR, narL, gadW, gadX, arcA, fnr
156 	 zraR, melR, dpiA, nikR, dcuR, csgD, soxR, narL, gadW, gadX, arcA, fnr
157 	 zraR, idnR, dpiA, nikR, dcuR, soxR, narL, gadW, gadX, arcA, fnr
158 	 zraR, idnR, dpiA, nikR, dcuR, csgD, soxR, narL, gadW, gadX, arcA, fnr
159 	 zraR, idnR, dpiA, nikR, dcuR, soxR, narL, gadW, gadX, arcA, fnr
160 	 zraR, idnR, dpiA, nikR, dcuR, csgD, soxR, narL, gadW, gadX, arcA, fnr
161 	 zraR, idnR, dpiA, nikR, dcuR, csgD, soxR, narL, gadW, gadX, arcA, fnr
162 	 zraR, idnR, dpiA, nikR, dcuR, csgD, soxR, narL, gadW, gadX, arcA, fnr
163 	 zraR, idnR, dpiA, nikR, dcuR, soxR, narL, gadW, gadX, arcA, fnr
164 	 zraR, idnR, dpiA, nikR, dcuR, csgD, soxR, narL, gadW, gadX, arcA, fnr
165 	 zraR, idnR, dpiA, nikR, dcuR, soxR, narL, gadW, gadX, arcA, fnr
166 	 zraR, idnR, dpiA, nikR, dcuR, csgD, soxR, narL, gadW, gadX, arcA, fnr
167 	 zraR, idnR, dpiA, nikR, dcuR, csgD, soxR, narL, gadW, gadX, arcA, fnr
168 	 zraR, idnR, nikR, dcuR, soxR, narL, gadW, gadX, arcA, fnr
169 	 zraR, melR, idnR, dpiA, nikR, dcuR, soxR, narL, gadW, gadX, arcA, fnr
170 	 zraR, idnR, nikR, dcuR, csgD, soxR, narL, gadW, gadX, arcA, fnr
171 	 zraR, melR, idnR, dpiA, nikR, dcuR, csgD, soxR, narL, gadW, gadX, arcA, fnr
172 	 zraR, idnR, nikR, dcuR, soxR, narL, gadW, gadX, arcA, fnr
173 	 zraR, melR, idnR, dpiA, nikR, dcuR, soxR, narL, gadW, gadX, arcA, fnr
174 	 zraR, idnR, nikR, dcuR, csgD, soxR, narL, gadW, gadX, arcA, fnr
175 	 zraR, melR, idnR, dpiA, nikR, dcuR, csgD, soxR, narL, gadW, gadX, arcA, fnr
176 	 zraR, idnR, nikR, dcuR, soxR, narL, gadW, gadX, arcA, fnr
177 	 zraR, melR, idnR, dpiA, nikR, dcuR, soxR, narL, gadW, gadX, arcA, fnr
178 	 zraR, idnR, nikR, dcuR, soxR, narL, gadW, gadX, arcA, fnr
179 	 zraR, melR, idnR, dpiA, nikR, dcuR, soxR, narL, gadW, gadX, arcA, fnr
180 	 zraR, idnR, nikR, dcuR, csgD, soxR, narL, gadW, gadX, arcA, fnr
181 	 zraR, melR, idnR, dpiA, nikR, dcuR, csgD, soxR, narL, gadW, gadX, arcA, fnr
182 	 zraR, idnR, nikR, dcuR, csgD, soxR, narL, gadW, gadX, arcA, fnr
183 	 zraR, melR, idnR, dpiA, nikR, dcuR, csgD, soxR, narL, gadW, gadX, arcA, fnr
184 	 zraR, idnR, nikR, dcuR, soxR, narL, gadW, gadX, arcA, fnr
185 	 zraR, melR, idnR, dpiA, nikR, dcuR, soxR, narL, gadW, gadX, arcA, fnr
186 	 zraR, idnR, nikR, dcuR, csgD, soxR, narL, gadW, gadX, arcA, fnr
187 	 zraR, melR, idnR, dpiA, nikR, dcuR, csgD, soxR, narL, gadW, gadX, arcA, fnr
188 	 zraR, idnR, nikR, dcuR, soxR, narL, gadW, gadX, arcA, fnr
189 	 zraR, melR, idnR, dpiA, nikR, dcuR, soxR, narL, gadW, gadX, arcA, fnr
190 	 zraR, idnR, nikR, dcuR, csgD, soxR, narL, gadW, gadX, arcA, fnr
191 	 zraR, melR, idnR, dpiA, nikR, dcuR, csgD, soxR, narL, gadW, gadX, arcA, fnr
192 	 zraR, idnR, nikR, dcuR, soxR, narL, gadW, gadX, arcA, fnr
194 	 zraR, melR, nikR, dcuR, csgD, soxR, narL, gadW, gadX, arcA, fnr
195 	 zraR, melR, nikR, dcuR, soxR, narL, gadW, gadX, arcA, fnr
196 	 zraR, melR, nikR, dcuR, csgD, soxR, narL, gadW, gadX, arcA, fnr
197 	 zraR, melR, nikR, dcuR, soxR, narL, gadW, gadX, arcA, fnr
198 	 zraR, melR, nikR, dcuR, csgD, soxR, narL, gadW, gadX, arcA, fnr
199 	 zraR, melR, nikR, dcuR, csgD, soxR, narL, gadW, gadX, arcA, fnr
200 	 zraR, melR, nikR, dcuR, csgD, soxR, narL, gadW, gadX, arcA, fnr
201 	 zraR, melR, nikR, dcuR, soxR, narL, gadW, gadX, arcA, fnr
202 	 zraR, melR, nikR, dcuR, csgD, soxR, narL, gadW, gadX, arcA, fnr
203 	 zraR, melR, nikR, dcuR, soxR, narL, gadW, gadX, arcA, fnr
204 	 zraR, melR, nikR, dcuR, csgD, soxR, narL, gadW, gadX, arcA, fnr
205 	 zraR, melR, nikR, dcuR, csgD, soxR, narL, gadW, gadX, arcA, fnr
206 	 zraR, melR, idnR, nikR, dcuR, soxR, narL, gadW, gadX, arcA, fnr
207 	 zraR, melR, nikR, dcuR, soxR, narL, gadW, gadX, arcA, fnr
208 	 zraR, melR, idnR, nikR, dcuR, csgD, soxR, narL, gadW, gadX, arcA, fnr
209 	 zraR, melR, nikR, dcuR, csgD, soxR, narL, gadW, gadX, arcA, fnr
210 	 zraR, melR, idnR, nikR, dcuR, soxR, narL, gadW, gadX, arcA, fnr
211 	 zraR, melR, nikR, dcuR, soxR, narL, gadW, gadX, arcA, fnr
212 	 zraR, melR, idnR, nikR, dcuR, csgD, soxR, narL, gadW, gadX, arcA, fnr
213 	 zraR, melR, nikR, dcuR, csgD, soxR, narL, gadW, gadX, arcA, fnr
214 	 zraR, melR, idnR, nikR, dcuR, soxR, narL, gadW, gadX, arcA, fnr
215 	 zraR, melR, nikR, dcuR, soxR, narL, gadW, gadX, arcA, fnr
216 	 zraR, melR, idnR, nikR, dcuR, soxR, narL, gadW, gadX, arcA, fnr
217 	 zraR, melR, nikR, dcuR, soxR, narL, gadW, gadX, arcA, fnr
218 	 zraR, melR, idnR, nikR, dcuR, csgD, soxR, narL, gadW, gadX, arcA, fnr
219 	 zraR, melR, nikR, dcuR, csgD, soxR, narL, gadW, gadX, arcA, fnr
220 	 zraR, melR, idnR, nikR, dcuR, csgD, soxR, narL, gadW, gadX, arcA, fnr
221 	 zraR, melR, nikR, dcuR, csgD, soxR, narL, gadW, gadX, arcA, fnr
222 	 zraR, melR, idnR, nikR, dcuR, soxR, narL, gadW, gadX, arcA, fnr
223 	 zraR, melR, nikR, dcuR, soxR, narL, gadW, gadX, arcA, fnr
224 	 zraR, melR, idnR, nikR, dcuR, csgD, soxR, narL, gadW, gadX, arcA, fnr
225 	 zraR, melR, nikR, dcuR, csgD, soxR, narL, gadW, gadX, arcA, fnr
226 	 zraR, melR, idnR, nikR, dcuR, soxR, narL, gadW, gadX, arcA, fnr
227 	 zraR, melR, nikR, dcuR, soxR, narL, gadW, gadX, arcA, fnr
228 	 zraR, melR, idnR, nikR, dcuR, csgD, soxR, narL, gadW, gadX, arcA, fnr
229 	 zraR, melR, nikR, dcuR, csgD, soxR, narL, gadW, gadX, arcA, fnr
230 	 zraR, melR, idnR, nikR, dcuR, soxR, narL, gadW, gadX, arcA, fnr
231 	 zraR, melR, nikR, dcuR, soxR, narL, gadW, gadX, arcA, fnr
232 	 zraR, melR, idnR, nikR, dcuR, soxR, narL, gadW, gadX, arcA, fnr
233 	 zraR, melR, nikR, dcuR, soxR, narL, gadW, gadX, arcA, fnr
234 	 zraR, melR, idnR, nikR, dcuR, csgD, soxR, narL, gadW, gadX, arcA, fnr
235 	 zraR, melR, nikR, dcuR, csgD, soxR, narL, gadW, gadX, arcA, fnr
236 	 zraR, melR, idnR, nikR, dcuR, csgD, soxR, narL, gadW, gadX, arcA, fnr
237 	 zraR, melR, nikR, dcuR, csgD, soxR, narL, gadW, gadX, arcA, fnr
238 	 zraR, melR, idnR, dpiA, nikR, dcuR, soxR, narL, gadW, gadX, arcA, fnr
239 	 zraR, idnR, nikR, dcuR, soxR, narL, gadW, gadX, arcA, fnr
240 	 zraR, melR, idnR, dpiA, nikR, dcuR, soxR, narL, gadW, gadX, arcA, fnr
241 	 zraR, idnR, nikR, dcuR, csgD, soxR, narL, gadW, gadX, arcA, fnr
242 	 zraR, melR, idnR, dpiA, nikR, dcuR, csgD, soxR, narL, gadW, gadX, arcA, fnr
243 	 zraR, idnR, nikR, dcuR, csgD, soxR, narL, gadW, gadX, arcA, fnr
244 	 zraR, melR, idnR, dpiA, nikR, dcuR, csgD, soxR, narL, gadW, gadX, arcA, fnr
245 	 zraR, melR, idnR, nikR, dcuR, soxR, narL, gadW, gadX, arcA, fnr
246 	 zraR, melR, idnR, nikR, dcuR, csgD, soxR, narL, gadW, gadX, arcA, fnr
247 	 zraR, melR, idnR, nikR, dcuR, soxR, narL, gadW, gadX, arcA, fnr
248 	 zraR, melR, idnR, nikR, dcuR, csgD, soxR, narL, gadW, gadX, arcA, fnr
521 	 zraR, dpiA, nikR, dcuR, soxR, narL, arcA, fnr
912 	 zraR, dpiA, nikR, dcuR, soxR, narL, arcA, fnr
915 	 zraR, dpiA, nikR, dcuR, soxR, narL, arcA, fnr
1017 	 zraR, melR, dpiA, nikR, dcuR, soxR, narL, arcA, fnr
1020 	 zraR, idnR, dpiA, nikR, dcuR, soxR, narL, arcA, fnr
1022 	 zraR, melR, csgD, fnr
1023 	 zraR, melR, idnR, fnr
1024 	 zraR, melR, fnr
1025 	 zraR, idnR, fnr
1026 	 zraR, melR, idnR, fnr
1027 	 zraR, melR, csgD, fnr
1028 	 zraR, idnR, csgD, fnr
1029 	 zraR, idnR, csgD, fnr
1030 	 zraR, melR, idnR, csgD, fnr
1031 	 zraR, melR, idnR, csgD, fnr
1034 	 zraR, idnR, fnr
1035 	 zraR, csgD, fnr
1036 	 zraR, nikR, dcuR, csgD, soxR, narL, arcA, fnr
1037 	 zraR, idnR, fnr
1038 	 zraR, melR, fnr
1039 	 zraR, idnR, csgD, fnr
1040 	 zraR, melR, fnr
1041 	 zraR, melR, idnR, fnr
1042 	 zraR, melR, csgD, fnr
1043 	 zraR, melR, idnR, csgD, fnr
1044 	 zraR, idnR, csgD, fnr
1045 	 zraR, melR, idnR, fnr
1046 	 zraR, melR, csgD, fnr
1047 	 zraR, melR, idnR, csgD, fnr
1049 	 zraR, melR, fnr
1050 	 zraR, idnR, fnr
1051 	 zraR, csgD, fnr
1052 	 zraR, melR, idnR, fnr
1053 	 zraR, melR, csgD, fnr
1055 	 zraR, idnR, csgD, fnr
1056 	 zraR, idnR, fnr
1057 	 zraR, csgD, fnr
1058 	 zraR, melR, fnr
1059 	 zraR, idnR, csgD, fnr
1060 	 zraR, melR, csgD, fnr
1061 	 zraR, melR, idnR, fnr
1062 	 zraR, melR, idnR, csgD, fnr
1063 	 zraR, melR, idnR, csgD, fnr
1065 	 zraR, melR, fnr
1066 	 zraR, csgD, fnr
1068 	 zraR, melR, fnr
1069 	 zraR, melR, csgD, fnr
1070 	 zraR, idnR, fnr
1071 	 zraR, csgD, fnr
1072 	 zraR, melR, idnR, fnr
1073 	 zraR, idnR, csgD, fnr
1074 	 zraR, idnR, fnr
1075 	 zraR, melR, csgD, fnr
1076 	 zraR, melR, idnR, csgD, fnr
1077 	 zraR, melR, idnR, fnr
1078 	 zraR, idnR, csgD, fnr
1079 	 zraR, melR, idnR, csgD, fnr
1081 	 zraR, csgD, fnr
1083 	 zraR, melR, fnr
1085 	 zraR, melR, csgD, fnr
1086 	 zraR, csgD, fnr
1087 	 zraR, idnR, fnr
1088 	 zraR, melR, fnr
1089 	 zraR, idnR, csgD, fnr
1090 	 zraR, idnR, fnr
1091 	 zraR, melR, idnR, fnr
1092 	 zraR, melR, idnR, fnr
1093 	 zraR, melR, csgD, fnr
1094 	 zraR, idnR, csgD, fnr
1095 	 zraR, melR, idnR, csgD, fnr
1096 	 zraR, melR, idnR, csgD, fnr
1098 	 zraR, csgD, fnr
1100 	 zraR, idnR, fnr
1101 	 zraR, csgD, fnr
1102 	 zraR, idnR, fnr
1103 	 zraR, melR, fnr
1104 	 zraR, idnR, csgD, fnr
1105 	 zraR, melR, csgD, fnr
1106 	 zraR, melR, idnR, fnr
1107 	 zraR, melR, fnr
1108 	 zraR, idnR, csgD, fnr
1109 	 zraR, melR, idnR, csgD, fnr
1110 	 zraR, melR, idnR, fnr
1111 	 zraR, melR, csgD, fnr
1112 	 zraR, melR, idnR, csgD, fnr
1114 	 zraR, idnR, fnr
1115 	 zraR, melR, fnr
1116 	 zraR, idnR, fnr
1119 	 zraR, csgD, fnr
1120 	 zraR, idnR, fnr
1121 	 zraR, idnR, csgD, fnr
1122 	 zraR, melR, fnr
1123 	 zraR, csgD, fnr
1124 	 zraR, melR, fnr
1125 	 zraR, csgD, fnr
1127 	 zraR, idnR, csgD, fnr
1128 	 zraR, melR, fnr
1129 	 zraR, idnR, fnr
1130 	 zraR, melR, idnR, fnr
1131 	 zraR, csgD, fnr
1132 	 zraR, melR, idnR, fnr
1133 	 zraR, idnR, fnr
1134 	 zraR, melR, csgD, fnr
1135 	 zraR, melR, csgD, fnr
1136 	 zraR, melR, idnR, csgD, fnr
1137 	 zraR, melR, csgD, fnr
1138 	 zraR, melR, idnR, fnr
1139 	 zraR, melR, csgD, fnr
1140 	 zraR, melR, idnR, fnr
1141 	 zraR, idnR, csgD, fnr
1142 	 zraR, idnR, csgD, fnr
1143 	 zraR, melR, idnR, csgD, fnr
1144 	 zraR, melR, idnR, csgD, fnr
1145 	 zraR, melR, idnR, csgD, fnr
1146 	 zraR, melR, fnr
1148 	 zraR, csgD, fnr
1149 	 zraR, idnR, fnr
1152 	 zraR, melR, idnR, gadW, gadX, fnr
1153 	 zraR, melR, idnR, gadW, gadX, fnr
1154 	 zraR, melR, idnR, csgD, gadW, gadX, fnr
1155 	 zraR, melR, idnR, csgD, gadW, gadX, fnr
1156 	 zraR, melR, idnR, gadW, gadX, fnr
1157 	 zraR, melR, idnR, csgD, gadW, gadX, fnr
1158 	 zraR, melR, idnR, gadW, gadX, fnr
1159 	 zraR, melR, idnR, csgD, gadW, gadX, fnr
1160 	 zraR, melR, idnR, gadW, gadX, fnr
1161 	 zraR, melR, fnr
1162 	 zraR, melR, idnR, csgD, gadW, gadX, fnr
1163 	 zraR, melR, idnR, gadW, gadX, fnr
1165 	 zraR, melR, idnR, csgD, gadW, gadX, fnr
1692 	 zraR, csgD, fnr
1933 	 zraR, idnR, dpiA, nikR, dcuR, csgD, soxR, narL, arcA, fnr
1934 	 zraR, dpiA, nikR, dcuR, soxR, narL, arcA, fnr
1935 	 zraR, melR, dpiA, nikR, dcuR, soxR, narL, arcA, fnr
1936 	 zraR, dpiA, nikR, dcuR, soxR, narL, arcA, fnr
1937 	 zraR, melR, fnr
1938 	 zraR, melR, fnr
1939 	 zraR, melR, fnr
1940 	 zraR, dpiA, nikR, dcuR, soxR, narL, arcA, fnr
1941 	 zraR, dpiA, nikR, dcuR, soxR, narL, arcA, fnr
1942 	 zraR, melR, fnr
1943 	 zraR, melR, dpiA, nikR, dcuR, soxR, narL, arcA, fnr
1945 	 zraR, melR, dpiA, nikR, dcuR, soxR, narL, arcA, fnr
1946 	 zraR, melR, fnr
1951 	 zraR, melR, dpiA, nikR, dcuR, soxR, narL, arcA, fnr
1952 	 zraR, melR, dpiA, nikR, dcuR, soxR, narL, arcA, fnr
1953 	 zraR, melR, nikR, dcuR, soxR, narL, arcA, fnr
1957 	 zraR, melR, nikR, dcuR, soxR, narL, arcA, fnr
1958 	 zraR, melR, fnr
1959 	 zraR, melR, nikR, dcuR, soxR, narL, arcA, fnr
1961 	 zraR, melR, fnr
1962 	 zraR, melR, nikR, dcuR, soxR, narL, arcA, fnr
1965 	 zraR, melR, dpiA, nikR, dcuR, soxR, narL, arcA, fnr
1966 	 zraR, melR, fnr
1967 	 zraR, dpiA, nikR, dcuR, soxR, narL, arcA, fnr
1968 	 zraR, dpiA, nikR, dcuR, soxR, narL, arcA, fnr
1969 	 zraR, melR, fnr
1970 	 zraR, melR, dpiA, nikR, dcuR, soxR, narL, arcA, fnr
1974 	 zraR, melR, nikR, dcuR, soxR, narL, arcA, fnr
1975 	 zraR, melR, fnr
1977 	 zraR, melR, fnr
1978 	 zraR, melR, nikR, dcuR, soxR, narL, arcA, fnr
1979 	 zraR, melR, fnr
1982 	 zraR, melR, nikR, dcuR, soxR, narL, arcA, fnr
1983 	 zraR, melR, fnr
1985 	 zraR, melR, nikR, dcuR, soxR, narL, arcA, fnr
1987 	 zraR, melR, nikR, dcuR, soxR, narL, arcA, fnr
1989 	 zraR, melR, nikR, dcuR, soxR, narL, arcA, fnr
1990 	 zraR, melR, dpiA, nikR, dcuR, csgD, soxR, narL, arcA, fnr
1991 	 zraR, melR, csgD, fnr
1992 	 zraR, csgD, fnr
1993 	 zraR, dpiA, nikR, dcuR, csgD, soxR, narL, arcA, fnr
1994 	 zraR, csgD, fnr
1995 	 zraR, melR, dpiA, nikR, dcuR, csgD, soxR, narL, arcA, fnr
1996 	 zraR, melR, csgD, fnr
1997 	 zraR, dpiA, nikR, dcuR, csgD, soxR, narL, arcA, fnr
1998 	 zraR, melR, csgD, fnr
1999 	 zraR, melR, csgD, fnr
2000 	 zraR, csgD, fnr
2001 	 zraR, dpiA, nikR, dcuR, csgD, soxR, narL, arcA, fnr
2002 	 zraR, csgD, fnr
2003 	 zraR, dpiA, nikR, dcuR, csgD, soxR, narL, arcA, fnr
2004 	 zraR, melR, csgD, fnr
2005 	 zraR, melR, dpiA, nikR, dcuR, csgD, soxR, narL, arcA, fnr
2006 	 zraR, melR, csgD, fnr
2007 	 zraR, melR, csgD, fnr
2008 	 zraR, csgD, fnr
2009 	 zraR, dpiA, nikR, dcuR, csgD, soxR, narL, arcA, fnr
2010 	 zraR, csgD, fnr
2011 	 zraR, melR, dpiA, nikR, dcuR, csgD, soxR, narL, arcA, fnr
2012 	 zraR, melR, csgD, fnr
2013 	 zraR, dpiA, nikR, dcuR, csgD, soxR, narL, arcA, fnr
2014 	 zraR, melR, csgD, fnr
2015 	 zraR, melR, dpiA, nikR, dcuR, csgD, soxR, narL, arcA, fnr
2016 	 zraR, nikR, dcuR, csgD, soxR, narL, arcA, fnr
2017 	 zraR, dpiA, nikR, dcuR, csgD, soxR, narL, arcA, fnr
2018 	 zraR, nikR, dcuR, csgD, soxR, narL, arcA, fnr
2019 	 zraR, csgD, fnr
2020 	 zraR, melR, nikR, dcuR, csgD, soxR, narL, arcA, fnr
2021 	 zraR, melR, csgD, fnr
2022 	 zraR, melR, nikR, dcuR, csgD, soxR, narL, arcA, fnr
2023 	 zraR, csgD, fnr
2024 	 zraR, csgD, fnr
2025 	 zraR, melR, dpiA, nikR, dcuR, csgD, soxR, narL, arcA, fnr
2026 	 zraR, melR, csgD, fnr
2027 	 zraR, melR, csgD, fnr
2028 	 zraR, csgD, fnr
2029 	 zraR, dpiA, nikR, dcuR, csgD, soxR, narL, arcA, fnr
2030 	 zraR, melR, csgD, fnr
2031 	 zraR, melR, dpiA, nikR, dcuR, csgD, soxR, narL, arcA, fnr
2032 	 zraR, csgD, fnr
2033 	 zraR, dpiA, nikR, dcuR, csgD, soxR, narL, arcA, fnr
2034 	 zraR, melR, csgD, fnr
2035 	 zraR, melR, dpiA, nikR, dcuR, csgD, soxR, narL, arcA, fnr
2036 	 zraR, csgD, fnr
2037 	 zraR, melR, nikR, dcuR, csgD, soxR, narL, arcA, fnr
2038 	 zraR, csgD, fnr
2039 	 zraR, melR, nikR, dcuR, csgD, soxR, narL, arcA, fnr
2040 	 zraR, nikR, dcuR, csgD, soxR, narL, arcA, fnr
2041 	 zraR, csgD, fnr
2042 	 zraR, melR, nikR, dcuR, csgD, soxR, narL, arcA, fnr
2043 	 zraR, csgD, fnr
2044 	 zraR, nikR, dcuR, csgD, soxR, narL, arcA, fnr
2045 	 zraR, melR, csgD, fnr
2046 	 zraR, melR, nikR, dcuR, csgD, soxR, narL, arcA, fnr
2047 	 zraR, melR, csgD, fnr
2048 	 zraR, nikR, dcuR, csgD, soxR, narL, arcA, fnr
2049 	 zraR, melR, csgD, fnr
2050 	 zraR, nikR, dcuR, csgD, soxR, narL, arcA, fnr
2051 	 zraR, melR, csgD, fnr
2052 	 zraR, melR, idnR, fnr
2053 	 zraR, idnR, dpiA, nikR, dcuR, soxR, narL, arcA, fnr
2054 	 zraR, melR, idnR, dpiA, nikR, dcuR, soxR, narL, arcA, fnr
2055 	 zraR, idnR, dpiA, nikR, dcuR, soxR, narL, arcA, fnr
2056 	 zraR, idnR, nikR, dcuR, soxR, narL, arcA, fnr
2057 	 zraR, idnR, fnr
2058 	 zraR, idnR, nikR, dcuR, soxR, narL, arcA, fnr
2059 	 zraR, melR, idnR, fnr
2060 	 zraR, melR, idnR, nikR, dcuR, soxR, narL, arcA, fnr
2061 	 zraR, melR, idnR, fnr
2062 	 zraR, melR, idnR, nikR, dcuR, soxR, narL, arcA, fnr
2063 	 zraR, idnR, dpiA, nikR, dcuR, soxR, narL, arcA, fnr
2064 	 zraR, melR, idnR, dpiA, nikR, dcuR, soxR, narL, arcA, fnr
2065 	 zraR, melR, idnR, fnr
2066 	 zraR, idnR, dpiA, nikR, dcuR, soxR, narL, arcA, fnr
2067 	 zraR, idnR, dpiA, nikR, dcuR, soxR, narL, arcA, fnr
2068 	 zraR, melR, idnR, fnr
2069 	 zraR, melR, idnR, dpiA, nikR, dcuR, soxR, narL, arcA, fnr
2070 	 zraR, idnR, nikR, dcuR, soxR, narL, arcA, fnr
2071 	 zraR, idnR, fnr
2072 	 zraR, melR, idnR, nikR, dcuR, soxR, narL, arcA, fnr
2073 	 zraR, idnR, fnr
2074 	 zraR, idnR, nikR, dcuR, soxR, narL, arcA, fnr
2075 	 zraR, melR, idnR, fnr
2076 	 zraR, melR, idnR, nikR, dcuR, soxR, narL, arcA, fnr
2077 	 zraR, melR, idnR, fnr
2078 	 zraR, idnR, fnr
2079 	 zraR, idnR, fnr
2080 	 zraR, idnR, dpiA, nikR, dcuR, soxR, narL, arcA, fnr
2081 	 zraR, idnR, fnr
2082 	 zraR, melR, idnR, dpiA, nikR, dcuR, soxR, narL, arcA, fnr
2083 	 zraR, idnR, fnr
2084 	 zraR, melR, idnR, dpiA, nikR, dcuR, soxR, narL, arcA, fnr
2085 	 zraR, melR, idnR, fnr
2086 	 zraR, idnR, fnr
2087 	 zraR, melR, idnR, fnr
2088 	 zraR, melR, idnR, nikR, dcuR, soxR, narL, arcA, fnr
2089 	 zraR, melR, idnR, nikR, dcuR, soxR, narL, arcA, fnr
2090 	 zraR, idnR, nikR, dcuR, soxR, narL, arcA, fnr
2091 	 zraR, idnR, fnr
2092 	 zraR, idnR, nikR, dcuR, soxR, narL, arcA, fnr
2093 	 zraR, idnR, fnr
2094 	 zraR, melR, idnR, dpiA, nikR, dcuR, soxR, narL, arcA, fnr
2095 	 zraR, idnR, fnr
2096 	 zraR, melR, idnR, dpiA, nikR, dcuR, soxR, narL, arcA, fnr
2097 	 zraR, idnR, dpiA, nikR, dcuR, soxR, narL, arcA, fnr
2098 	 zraR, idnR, fnr
2099 	 zraR, melR, idnR, nikR, dcuR, soxR, narL, arcA, fnr
2100 	 zraR, melR, idnR, fnr
2101 	 zraR, melR, idnR, nikR, dcuR, soxR, narL, arcA, fnr
2102 	 zraR, idnR, fnr
2103 	 zraR, melR, idnR, fnr
2104 	 zraR, melR, idnR, nikR, dcuR, soxR, narL, arcA, fnr
2105 	 zraR, idnR, fnr
2106 	 zraR, idnR, nikR, dcuR, soxR, narL, arcA, fnr
2107 	 zraR, melR, idnR, fnr
2108 	 zraR, melR, idnR, nikR, dcuR, soxR, narL, arcA, fnr
2109 	 zraR, melR, idnR, fnr
2110 	 zraR, idnR, fnr
2111 	 zraR, melR, idnR, fnr
2112 	 zraR, idnR, fnr
2113 	 zraR, melR, idnR, fnr
2114 	 zraR, idnR, csgD, fnr
2115 	 zraR, melR, idnR, csgD, fnr
2116 	 zraR, idnR, dpiA, nikR, dcuR, csgD, soxR, narL, arcA, fnr
2117 	 zraR, idnR, dpiA, nikR, dcuR, csgD, soxR, narL, arcA, fnr
2118 	 zraR, idnR, dpiA, nikR, dcuR, csgD, soxR, narL, arcA, fnr
2119 	 zraR, melR, idnR, nikR, dcuR, csgD, soxR, narL, arcA, fnr
2120 	 zraR, idnR, csgD, fnr
2121 	 zraR, idnR, csgD, fnr
2122 	 zraR, idnR, nikR, dcuR, csgD, soxR, narL, arcA, fnr
2123 	 zraR, idnR, dpiA, nikR, dcuR, csgD, soxR, narL, arcA, fnr
2124 	 zraR, idnR, csgD, fnr
2125 	 zraR, melR, idnR, dpiA, nikR, dcuR, csgD, soxR, narL, arcA, fnr
2126 	 zraR, idnR, dpiA, nikR, dcuR, csgD, soxR, narL, arcA, fnr
2127 	 zraR, idnR, dpiA, nikR, dcuR, csgD, soxR, narL, arcA, fnr
2128 	 zraR, melR, idnR, dpiA, nikR, dcuR, csgD, soxR, narL, arcA, fnr
2129 	 zraR, idnR, csgD, fnr
2130 	 zraR, idnR, dpiA, nikR, dcuR, csgD, soxR, narL, arcA, fnr
2131 	 zraR, melR, idnR, dpiA, nikR, dcuR, csgD, soxR, narL, arcA, fnr
2132 	 zraR, idnR, csgD, fnr
2133 	 zraR, melR, idnR, dpiA, nikR, dcuR, csgD, soxR, narL, arcA, fnr
2134 	 zraR, idnR, csgD, fnr
2135 	 zraR, idnR, dpiA, nikR, dcuR, csgD, soxR, narL, arcA, fnr
2136 	 zraR, idnR, nikR, dcuR, csgD, soxR, narL, arcA, fnr
2137 	 zraR, melR, idnR, dpiA, nikR, dcuR, csgD, soxR, narL, arcA, fnr
2138 	 zraR, idnR, csgD, fnr
2139 	 zraR, idnR, dpiA, nikR, dcuR, csgD, soxR, narL, arcA, fnr
2140 	 zraR, melR, idnR, nikR, dcuR, csgD, soxR, narL, arcA, fnr
2141 	 zraR, idnR, dpiA, nikR, dcuR, csgD, soxR, narL, arcA, fnr
2142 	 zraR, melR, idnR, csgD, fnr
2143 	 zraR, idnR, csgD, fnr
2144 	 zraR, melR, idnR, dpiA, nikR, dcuR, csgD, soxR, narL, arcA, fnr
2145 	 zraR, idnR, csgD, fnr
2146 	 zraR, melR, idnR, dpiA, nikR, dcuR, csgD, soxR, narL, arcA, fnr
2147 	 zraR, idnR, nikR, dcuR, csgD, soxR, narL, arcA, fnr
2148 	 zraR, melR, idnR, dpiA, nikR, dcuR, csgD, soxR, narL, arcA, fnr
2149 	 zraR, melR, idnR, nikR, dcuR, csgD, soxR, narL, arcA, fnr
2150 	 zraR, melR, idnR, dpiA, nikR, dcuR, csgD, soxR, narL, arcA, fnr
2151 	 zraR, idnR, dpiA, nikR, dcuR, csgD, soxR, narL, arcA, fnr
2152 	 zraR, melR, idnR, nikR, dcuR, csgD, soxR, narL, arcA, fnr
2153 	 zraR, melR, idnR, csgD, fnr
2154 	 zraR, melR, idnR, dpiA, nikR, dcuR, csgD, soxR, narL, arcA, fnr
2155 	 zraR, idnR, nikR, dcuR, csgD, soxR, narL, arcA, fnr
2156 	 zraR, melR, idnR, csgD, fnr
2157 	 zraR, melR, idnR, dpiA, nikR, dcuR, csgD, soxR, narL, arcA, fnr
2158 	 zraR, idnR, csgD, fnr
2159 	 zraR, melR, idnR, nikR, dcuR, csgD, soxR, narL, arcA, fnr
2160 	 zraR, melR, idnR, csgD, fnr
2161 	 zraR, melR, idnR, dpiA, nikR, dcuR, csgD, soxR, narL, arcA, fnr
2162 	 zraR, melR, idnR, csgD, fnr
2163 	 zraR, melR, idnR, nikR, dcuR, csgD, soxR, narL, arcA, fnr
2164 	 zraR, melR, idnR, dpiA, nikR, dcuR, csgD, soxR, narL, arcA, fnr
2165 	 zraR, idnR, nikR, dcuR, csgD, soxR, narL, arcA, fnr
2166 	 zraR, idnR, csgD, fnr
2167 	 zraR, idnR, nikR, dcuR, csgD, soxR, narL, arcA, fnr
2168 	 zraR, melR, idnR, nikR, dcuR, csgD, soxR, narL, arcA, fnr
2169 	 zraR, idnR, nikR, dcuR, csgD, soxR, narL, arcA, fnr
2170 	 zraR, melR, idnR, csgD, fnr
2171 	 zraR, idnR, nikR, dcuR, csgD, soxR, narL, arcA, fnr
2172 	 zraR, melR, idnR, csgD, fnr
2173 	 zraR, melR, idnR, dpiA, nikR, dcuR, csgD, soxR, narL, arcA, fnr
2174 	 zraR, melR, idnR, csgD, fnr
2175 	 zraR, melR, idnR, csgD, fnr
2176 	 zraR, melR, idnR, nikR, dcuR, csgD, soxR, narL, arcA, fnr
