1 	 zraR, melR, lldR, dcuR, ptsG, rhaR, rhaS, marR, rob, fnr
3 	 zraR, melR, lldR, dcuR, ptsG, rhaR, rhaS, marR, rob, fnr
4 	 zraR, melR, rhaR, rhaS
5 	 zraR, cadC, melR, nikR, rhaR, rhaS, nac, marR, rob, narL, arcA
6 	 zraR, cadC, melR, nikR, rhaR, rhaS, nac, marR, rob, narL, arcA
7 	 zraR, cadC, nikR, rhaR, rhaS, nac, marR, rob, narL, arcA
8 	 zraR, cadC, melR, nikR, rhaR, rhaS, nac, marR, rob, narL, arcA
9 	 zraR, nikR, rhaR, rhaS, nac, marR, rob, narL, arcA
10 	 zraR, cadC, melR, nikR, rhaR, rhaS, nac, narL, marA, arcA
11 	 zraR, cadC, melR, nikR, rhaR, rhaS, nac, marR, rob, narL, arcA
12 	 zraR, cadC, melR, nikR, rhaR, rhaS, nac, narL, marA, arcA
13 	 zraR, cadC, melR, nikR, rhaR, rhaS, nac, marR, rob, narL, arcA
14 	 zraR, cadC, melR, nikR, rhaR, rhaS, nac, narL, marA, arcA
15 	 zraR, cadC, melR, nikR, rhaR, rhaS, nac, marR, rob, narL, arcA
16 	 zraR, melR, lldR, dcuR, ptsG, rhaR, rhaS, marR, rob, fnr
17 	 zraR, cadC, melR, nikR, rhaR, rhaS, nac, narL, marA, arcA
18 	 zraR, lldR, dcuR, ptsG, rhaR, rhaS, marA, fnr
19 	 zraR, cadC, melR, nikR, rhaR, rhaS, nac, narL, marA, arcA
21 	 zraR, melR, lldR, dcuR, ptsG, marA, fnr
22 	 zraR, cadC, melR, nikR, rhaR, rhaS, nac, narL, marA, arcA
23 	 zraR, cadC, melR, nikR, nac, narL, marA, arcA
24 	 zraR, melR, lldR, dcuR, ptsG, rhaR, rhaS, marA, fnr
25 	 zraR, cadC, nikR, rhaR, rhaS, nac, marR, rob, narL, arcA
26 	 zraR, melR, lldR, dcuR, ptsG, rhaR, rhaS, marA, fnr
27 	 zraR, cadC, melR, nikR, rhaR, rhaS, nac, marR, rob, narL, arcA
28 	 zraR, melR, lldR, dcuR, ptsG, rhaR, rhaS, marR, rob, fnr
29 	 zraR, cadC, nikR, rhaR, rhaS, nac, marR, rob, narL, arcA
30 	 zraR, melR, lldR, dcuR, ptsG, rhaR, rhaS, marR, rob, fnr
31 	 zraR, lldR, dcuR, ptsG, rhaR, rhaS, marA, fnr
32 	 zraR, melR, lldR, dcuR, ptsG, rhaR, rhaS, marA, fnr
33 	 zraR, lldR, dcuR, ptsG, rhaR, rhaS, marR, rob, fnr
34 	 zraR, melR, lldR, dcuR, ptsG, rhaR, rhaS, marR, rob, fnr
35 	 zraR, lldR, dcuR, ptsG, rhaR, rhaS, marR, rob, fnr
36 	 zraR, melR, lldR, dcuR, ptsG, rhaR, rhaS, marR, rob, fnr
37 	 zraR, melR, lldR, dcuR, ptsG, marR, rob, fnr
38 	 zraR, melR, lldR, dcuR, ptsG, rhaR, rhaS, marR, rob, fnr
40 	 zraR, melR, lldR, dcuR, ptsG, marA, fnr
41 	 zraR, melR, lldR, dcuR, ptsG, rhaR, rhaS, marR, rob, fnr
42 	 zraR, melR, lldR, dcuR, ptsG, rhaR, rhaS, marA, fnr
44 	 zraR, melR, lldR, dcuR, ptsG, rhaR, rhaS, marA, fnr
46 	 zraR, melR, lldR, dcuR, ptsG, rhaR, rhaS, marA, fnr
48 	 zraR, melR, lldR, dcuR, ptsG, rhaR, rhaS, marA, fnr
49 	 zraR, cadC, melR, nikR, nac, marR, rob, narL, arcA
50 	 zraR, melR, lldR, dcuR, ptsG, marA, fnr
51 	 zraR, cadC, melR, nikR, nac, marR, rob, narL, arcA
52 	 zraR, melR, lldR, dcuR, ptsG, marR, rob, fnr
54 	 zraR, melR, lldR, dcuR, ptsG, marA, fnr
55 	 zraR, lldR, dcuR, ptsG, rhaR, rhaS, marR, rob, fnr
56 	 zraR, cadC, melR, nikR, rhaR, rhaS, nac, marR, rob, narL, arcA
57 	 zraR, lldR, dcuR, ptsG, rhaR, rhaS, marR, rob, fnr
58 	 zraR, melR, lldR, dcuR, ptsG, marR, rob, fnr
59 	 zraR, lldR, dcuR, ptsG, rhaR, rhaS, marR, rob, fnr
60 	 zraR, cadC, melR, nikR, rhaR, rhaS, nac, marR, rob, narL, arcA
61 	 zraR, cadC, melR, nikR, rhaR, rhaS, nac, marR, rob, narL, arcA
62 	 zraR, melR, lldR, dcuR, ptsG, marA, fnr
63 	 zraR, cadC, melR, nikR, rhaR, rhaS, nac, marR, rob, narL, arcA
64 	 zraR, melR, lldR, dcuR, ptsG, marA, fnr
65 	 zraR, cadC, melR, nikR, rhaR, rhaS, nac, marR, rob, narL, arcA
66 	 zraR, melR, lldR, dcuR, ptsG, marA, fnr
67 	 zraR, cadC, melR, nikR, rhaR, rhaS, nac, marR, rob, narL, arcA
68 	 zraR, melR, lldR, dcuR, ptsG, marA, fnr
69 	 zraR, lldR, dcuR, ptsG, rhaR, rhaS, marA, fnr
70 	 zraR, melR, lldR, dcuR, ptsG, marR, rob, fnr
71 	 zraR, melR, lldR, dcuR, ptsG, marR, rob, fnr
72 	 zraR, lldR, dcuR, ptsG, rhaR, rhaS, marR, rob, fnr
73 	 zraR, lldR, dcuR, ptsG, rhaR, rhaS, marR, rob, fnr
74 	 zraR, melR, lldR, dcuR, ptsG, marR, rob, fnr
75 	 zraR, melR, lldR, dcuR, ptsG, marR, rob, fnr
76 	 zraR, lldR, dcuR, ptsG, rhaR, rhaS, marR, rob, fnr
77 	 zraR, lldR, dcuR, ptsG, rhaR, rhaS, marR, rob, fnr
78 	 zraR, melR, lldR, dcuR, ptsG, marR, rob, fnr
79 	 zraR, melR, lldR, dcuR, ptsG, marR, rob, fnr
80 	 zraR, lldR, dcuR, ptsG, rhaR, rhaS, marR, rob, fnr
81 	 zraR, lldR, dcuR, ptsG, rhaR, rhaS, marA, fnr
82 	 zraR, cadC, melR, nikR, nac, marR, rob, narL, arcA
83 	 zraR, melR, lldR, dcuR, ptsG, marA, fnr
84 	 zraR, lldR, dcuR, ptsG, rhaR, rhaS, marA, fnr
85 	 zraR, melR, lldR, dcuR, ptsG, marA, fnr
86 	 zraR, lldR, dcuR, ptsG, rhaR, rhaS, marA, fnr
87 	 zraR, lldR, dcuR, ptsG, rhaR, rhaS, marA, fnr
88 	 zraR, lldR, dcuR, ptsG, rhaR, rhaS, marA, fnr
90 	 zraR, lldR, dcuR, ptsG, rhaR, rhaS, marA, fnr
92 	 zraR, lldR, dcuR, ptsG, rhaR, rhaS, marA, fnr
94 	 zraR, cadC, nikR, rhaR, rhaS, nac, marR, rob, narL, arcA
96 	 zraR, cadC, nikR, rhaR, rhaS, nac, marR, rob, narL, arcA
98 	 zraR, cadC, nikR, rhaR, rhaS, nac, marR, rob, narL, arcA
100 	 zraR, cadC, nikR, rhaR, rhaS, nac, marR, rob, narL, arcA
102 	 zraR, cadC, nikR, rhaR, rhaS, nac, marR, rob, narL, arcA
104 	 zraR, cadC, nikR, rhaR, rhaS, nac, marR, rob, narL, arcA
106 	 zraR, cadC, nikR, rhaR, rhaS, nac, marR, rob, narL, arcA
107 	 zraR, cadC, melR, nikR, nac, marR, rob, narL, arcA
108 	 zraR, cadC, melR, nikR, nac, marR, rob, narL, arcA
116 	 zraR, cadC, melR, nikR, nac, marR, rob, narL, arcA
117 	 zraR, cadC, melR, nikR, nac, marR, rob, narL, arcA
118 	 zraR, cadC, melR, nikR, nac, marR, rob, narL, arcA
119 	 zraR, cadC, melR, nikR, nac, marR, rob, narL, arcA
120 	 zraR, cadC, melR, nikR, nac, marR, rob, narL, arcA
131 	 zraR, lldR, dcuR, ptsG, rhaR, rhaS, marR, rob, fnr
132 	 zraR, lldR, dcuR, ptsG, rhaR, rhaS, marR, rob, fnr
133 	 zraR, melR, lldR, dcuR, ptsG, rhaR, rhaS, marR, rob, fnr
134 	 zraR, melR, lldR, dcuR, ptsG, rhaR, rhaS, marR, rob, fnr
135 	 zraR, melR, lldR, dcuR, ptsG, rhaR, rhaS, marR, rob, fnr
136 	 zraR, melR, lldR, dcuR, ptsG, rhaR, rhaS, marR, rob, fnr
137 	 zraR, melR, lldR, dcuR, ptsG, rhaR, rhaS, marR, rob, fnr
138 	 zraR, melR, lldR, dcuR, ptsG, rhaR, rhaS, marR, rob, fnr
139 	 zraR, melR, lldR, dcuR, ptsG, rhaR, rhaS, marR, rob, fnr
140 	 zraR, lldR, dcuR, ptsG, rhaR, rhaS, marR, rob, fnr
141 	 zraR, lldR, dcuR, ptsG, rhaR, rhaS, marR, rob, fnr
142 	 zraR, lldR, dcuR, ptsG, rhaR, rhaS, marR, rob, fnr
143 	 zraR, lldR, dcuR, ptsG, rhaR, rhaS, marR, rob, fnr
144 	 zraR, lldR, dcuR, ptsG, rhaR, rhaS, marR, rob, fnr
145 	 zraR, lldR, dcuR, ptsG, rhaR, rhaS, marR, rob, fnr
146 	 zraR, lldR, dcuR, ptsG, rhaR, rhaS, marR, rob, fnr
147 	 zraR, lldR, dcuR, ptsG, rhaR, rhaS, marR, rob, fnr
148 	 zraR, melR, lldR, dcuR, ptsG, marR, rob, fnr
149 	 zraR, melR, lldR, dcuR, ptsG, marR, rob, fnr
152 	 zraR, melR, lldR, dcuR, ptsG, marR, rob, fnr
153 	 zraR, melR, lldR, dcuR, ptsG, marR, rob, fnr
154 	 zraR, melR, lldR, dcuR, ptsG, marR, rob, fnr
155 	 zraR, melR, lldR, dcuR, ptsG, marR, rob, fnr
156 	 zraR, melR, lldR, dcuR, ptsG, marR, rob, fnr
157 	 zraR, melR, lldR, dcuR, ptsG, marR, rob, fnr
158 	 zraR, melR, lldR, dcuR, ptsG, marR, rob, fnr
159 	 zraR, melR, lldR, dcuR, ptsG, marR, rob, fnr
168 	 zraR, melR, nikR, rhaR, rhaS, nac, narL, marA, arcA
169 	 zraR, melR, nikR, rhaR, rhaS, nac, marR, rob, narL, arcA
170 	 zraR, melR, nikR, rhaR, rhaS, nac, narL, marA, arcA
171 	 zraR, melR, nikR, rhaR, rhaS, nac, marR, rob, narL, arcA
172 	 zraR, melR, nikR, rhaR, rhaS, nac, narL, marA, arcA
173 	 zraR, nikR, rhaR, rhaS, nac, narL, marA, arcA
174 	 zraR, nikR, rhaR, rhaS, nac, marR, rob, narL, arcA
175 	 zraR, nikR, rhaR, rhaS, nac, narL, marA, arcA
176 	 zraR, nikR, rhaR, rhaS, nac, marR, rob, narL, arcA
177 	 zraR, nikR, rhaR, rhaS, nac, narL, marA, arcA
178 	 zraR, nikR, rhaR, rhaS, nac, narL, marA, arcA
179 	 zraR, melR, nikR, rhaR, rhaS, nac, narL, marA, arcA
180 	 zraR, melR, nikR, rhaR, rhaS, nac, marR, rob, narL, arcA
181 	 zraR, melR, nikR, rhaR, rhaS, nac, marR, rob, narL, arcA
182 	 zraR, melR, nikR, rhaR, rhaS, nac, narL, marA, arcA
183 	 zraR, melR, nikR, rhaR, rhaS, nac, narL, marA, arcA
184 	 zraR, melR, nikR, rhaR, rhaS, nac, marR, rob, narL, arcA
185 	 zraR, melR, nikR, rhaR, rhaS, nac, narL, marA, arcA
186 	 zraR, melR, nikR, rhaR, rhaS, nac, marR, rob, narL, arcA
187 	 zraR, melR, nikR, rhaR, rhaS, nac, narL, marA, arcA
188 	 zraR, melR, nikR, rhaR, rhaS, nac, marR, rob, narL, arcA
189 	 zraR, melR, nikR, rhaR, rhaS, nac, marR, rob, narL, arcA
190 	 zraR, melR, nikR, rhaR, rhaS, nac, narL, marA, arcA
191 	 zraR, melR, nikR, rhaR, rhaS, nac, narL, marA, arcA
192 	 zraR, melR, nikR, rhaR, rhaS, nac, marR, rob, narL, arcA
193 	 zraR, nikR, rhaR, rhaS, nac, narL, marA, arcA
194 	 zraR, nikR, rhaR, rhaS, nac, narL, marA, arcA
195 	 zraR, nikR, rhaR, rhaS, nac, marR, rob, narL, arcA
196 	 zraR, nikR, rhaR, rhaS, nac, marR, rob, narL, arcA
197 	 zraR, nikR, rhaR, rhaS, nac, narL, marA, arcA
198 	 zraR, nikR, rhaR, rhaS, nac, narL, marA, arcA
199 	 zraR, nikR, rhaR, rhaS, nac, marR, rob, narL, arcA
200 	 zraR, nikR, rhaR, rhaS, nac, narL, marA, arcA
201 	 zraR, nikR, rhaR, rhaS, nac, marR, rob, narL, arcA
202 	 zraR, nikR, rhaR, rhaS, nac, narL, marA, arcA
203 	 zraR, nikR, rhaR, rhaS, nac, marR, rob, narL, arcA
204 	 zraR, nikR, rhaR, rhaS, nac, marR, rob, narL, arcA
205 	 zraR, nikR, rhaR, rhaS, nac, narL, marA, arcA
206 	 zraR, nikR, rhaR, rhaS, nac, narL, marA, arcA
207 	 zraR, nikR, rhaR, rhaS, nac, marR, rob, narL, arcA
208 	 zraR, melR, nikR, rhaR, rhaS, nac, narL, marA, arcA
209 	 zraR, melR, nikR, rhaR, rhaS, nac, narL, marA, arcA
210 	 zraR, melR, nikR, rhaR, rhaS, nac, narL, marA, arcA
211 	 zraR, melR, nikR, rhaR, rhaS, nac, narL, marA, arcA
212 	 zraR, melR, nikR, rhaR, rhaS, nac, narL, marA, arcA
213 	 zraR, melR, nikR, rhaR, rhaS, nac, narL, marA, arcA
214 	 zraR, melR, nikR, rhaR, rhaS, nac, narL, marA, arcA
215 	 zraR, melR, nikR, rhaR, rhaS, nac, narL, marA, arcA
216 	 zraR, nikR, rhaR, rhaS, nac, narL, marA, arcA
217 	 zraR, nikR, rhaR, rhaS, nac, narL, marA, arcA
218 	 zraR, nikR, rhaR, rhaS, nac, narL, marA, arcA
219 	 zraR, nikR, rhaR, rhaS, nac, narL, marA, arcA
220 	 zraR, nikR, rhaR, rhaS, nac, narL, marA, arcA
221 	 zraR, nikR, rhaR, rhaS, nac, narL, marA, arcA
222 	 zraR, nikR, rhaR, rhaS, nac, narL, marA, arcA
223 	 zraR, nikR, rhaR, rhaS, nac, narL, marA, arcA
224 	 zraR, melR, nikR, nac, narL, marA, arcA
225 	 zraR, melR, nikR, nac, marR, rob, narL, arcA
226 	 zraR, melR, nikR, nac, narL, marA, arcA
227 	 zraR, melR, nikR, nac, marR, rob, narL, arcA
232 	 zraR, melR, nikR, nac, narL, marA, arcA
233 	 zraR, melR, nikR, nac, narL, marA, arcA
236 	 zraR, melR, nikR, nac, narL, marA, arcA
237 	 zraR, melR, nikR, nac, marR, rob, narL, arcA
238 	 zraR, melR, nikR, nac, narL, marA, arcA
239 	 zraR, melR, nikR, nac, marR, rob, narL, arcA
240 	 zraR, melR, nikR, nac, marR, rob, narL, arcA
241 	 zraR, melR, nikR, nac, narL, marA, arcA
242 	 zraR, melR, nikR, nac, narL, marA, arcA
243 	 zraR, melR, nikR, nac, marR, rob, narL, arcA
244 	 zraR, melR, nikR, nac, narL, marA, arcA
245 	 zraR, melR, nikR, nac, marR, rob, narL, arcA
246 	 zraR, melR, nikR, nac, narL, marA, arcA
247 	 zraR, melR, nikR, nac, marR, rob, narL, arcA
248 	 zraR, melR, nikR, nac, marR, rob, narL, arcA
249 	 zraR, melR, nikR, nac, narL, marA, arcA
250 	 zraR, melR, nikR, nac, narL, marA, arcA
251 	 zraR, melR, nikR, nac, marR, rob, narL, arcA
268 	 zraR, melR, nikR, nac, narL, marA, arcA
269 	 zraR, melR, nikR, nac, narL, marA, arcA
270 	 zraR, melR, nikR, nac, narL, marA, arcA
271 	 zraR, melR, nikR, nac, narL, marA, arcA
272 	 zraR, melR, nikR, nac, narL, marA, arcA
273 	 zraR, melR, nikR, nac, narL, marA, arcA
274 	 zraR, melR, nikR, nac, narL, marA, arcA
275 	 zraR, melR, nikR, nac, narL, marA, arcA
284 	 zraR, melR, nikR, rhaR, rhaS, nac, marR, rob, narL, arcA
285 	 zraR, melR, nikR, rhaR, rhaS, nac, marR, rob, narL, arcA
286 	 zraR, nikR, rhaR, rhaS, nac, marR, rob, narL, arcA
287 	 zraR, nikR, rhaR, rhaS, nac, marR, rob, narL, arcA
288 	 zraR, melR, nikR, rhaR, rhaS, nac, marR, rob, narL, arcA
289 	 zraR, melR, nikR, rhaR, rhaS, nac, marR, rob, narL, arcA
290 	 zraR, melR, nikR, rhaR, rhaS, nac, marR, rob, narL, arcA
291 	 zraR, melR, nikR, rhaR, rhaS, nac, marR, rob, narL, arcA
292 	 zraR, melR, nikR, rhaR, rhaS, nac, marR, rob, narL, arcA
293 	 zraR, melR, nikR, rhaR, rhaS, nac, marR, rob, narL, arcA
294 	 zraR, melR, nikR, rhaR, rhaS, nac, marR, rob, narL, arcA
295 	 zraR, melR, nikR, rhaR, rhaS, nac, marR, rob, narL, arcA
296 	 zraR, nikR, rhaR, rhaS, nac, marR, rob, narL, arcA
297 	 zraR, nikR, rhaR, rhaS, nac, marR, rob, narL, arcA
298 	 zraR, nikR, rhaR, rhaS, nac, marR, rob, narL, arcA
299 	 zraR, nikR, rhaR, rhaS, nac, marR, rob, narL, arcA
300 	 zraR, nikR, rhaR, rhaS, nac, marR, rob, narL, arcA
301 	 zraR, nikR, rhaR, rhaS, nac, marR, rob, narL, arcA
302 	 zraR, nikR, rhaR, rhaS, nac, marR, rob, narL, arcA
303 	 zraR, nikR, rhaR, rhaS, nac, marR, rob, narL, arcA
304 	 zraR, melR, nikR, nac, marR, rob, narL, arcA
305 	 zraR, melR, nikR, nac, marR, rob, narL, arcA
308 	 zraR, melR, nikR, nac, marR, rob, narL, arcA
309 	 zraR, melR, nikR, nac, marR, rob, narL, arcA
310 	 zraR, melR, nikR, nac, marR, rob, narL, arcA
311 	 zraR, melR, nikR, nac, marR, rob, narL, arcA
312 	 zraR, melR, nikR, nac, marR, rob, narL, arcA
313 	 zraR, melR, nikR, nac, marR, rob, narL, arcA
314 	 zraR, melR, nikR, nac, marR, rob, narL, arcA
315 	 zraR, melR, nikR, nac, marR, rob, narL, arcA
