6 	 zraR, melR, tdcA, flhD, mlrA, fliZ, rcsA
7 	 zraR, melR, tdcA
9 	 zraR, tdcA
10 	 zraR, melR, tdcA
12 	 zraR, melR, tdcA
13 	 zraR, melR, tdcA
14 	 zraR, melR, tdcA
15 	 zraR, melR, tdcA
16 	 zraR, melR, tdcA, flhD, mlrA, fliZ, rcsA
17 	 zraR, melR, tdcA
18 	 zraR, melR, tdcA
19 	 zraR, melR
20 	 zraR, tdcA, flhD, mlrA, fliZ, rcsA
21 	 zraR, melR
22 	 zraR, tdcA, flhD, mlrA, fliZ, rcsA
23 	 zraR, melR
24 	 zraR, melR, tdcA
25 	 zraR, melR, tdcA
26 	 zraR, melR, tdcA
27 	 zraR, melR, tdcA
28 	 zraR, melR, tdcA
29 	 zraR, melR
30 	 zraR, melR, tdcA
31 	 zraR, melR, tdcA
32 	 zraR, melR, tdcA
33 	 zraR, melR
34 	 zraR, tdcA
35 	 zraR, melR
36 	 zraR, tdcA
37 	 zraR, melR, tdcA
84 	 zraR, melR, tdcA
95 	 zraR, melR
101 	 zraR, melR, tdcA
122 	 zraR, melR
133 	 zraR, tdcA
143 	 zraR, tdcA
147 	 zraR, melR, tdcA
150 	 zraR, melR
244 	 zraR, tdcA
247 	 zraR, melR, tdcA
250 	 zraR, melR, tdcA
252 	 zraR, tdcA
253 	 zraR, melR, tdcA
255 	 zraR, melR, tdcA
256 	 zraR, tdcA
257 	 zraR, tdcA
258 	 zraR, melR
266 	 zraR, melR
270 	 zraR, tdcA
274 	 zraR, melR, tdcA
276 	 zraR, tdcA
278 	 zraR, melR
282 	 zraR, tdcA
289 	 zraR, melR, tdcA
291 	 zraR, tdcA
293 	 zraR, melR
296 	 zraR, melR
301 	 zraR, melR
304 	 zraR, tdcA
315 	 zraR, melR, tdcA
317 	 zraR, melR
320 	 zraR, tdcA
326 	 zraR, melR
329 	 zraR, tdcA
331 	 zraR, melR, tdcA
335 	 zraR, tdcA
337 	 zraR, tdcA
338 	 zraR, melR
358 	 zraR, melR
376 	 zraR, melR
386 	 zraR, tdcA
392 	 zraR, melR, tdcA
395 	 zraR, melR, tdcA
398 	 zraR, tdcA
404 	 zraR, melR, tdcA
406 	 zraR, tdcA
409 	 zraR, melR
411 	 zraR, tdcA
414 	 zraR, tdcA
417 	 zraR, melR
420 	 zraR, melR
422 	 zraR, melR
430 	 zraR, tdcA
433 	 zraR, melR
441 	 zraR, tdcA
446 	 zraR, melR, tdcA
448 	 zraR, tdcA
451 	 zraR, melR
457 	 zraR, melR, tdcA
462 	 zraR, melR, tdcA
464 	 zraR, tdcA
467 	 zraR, tdcA
470 	 zraR, melR
475 	 zraR, melR, tdcA
477 	 zraR, melR
480 	 zraR, melR, tdcA
483 	 zraR, tdcA
486 	 zraR, melR
489 	 zraR, tdcA
497 	 zraR, melR
503 	 zraR, tdcA
505 	 zraR, melR, tdcA
508 	 zraR, melR
511 	 zraR, melR
513 	 zraR, tdcA
515 	 zraR, melR, tdcA
520 	 zraR, tdcA
523 	 zraR, melR
529 	 zraR, tdcA
532 	 zraR, melR
538 	 zraR, tdcA
541 	 zraR, melR
545 	 zraR, melR, tdcA
547 	 zraR, melR, tdcA
552 	 zraR, melR, tdcA
559 	 zraR, tdcA
562 	 zraR, melR
597 	 zraR, melR, tdcA
599 	 zraR, tdcA
631 	 zraR, tdcA
645 	 zraR, melR
671 	 zraR, melR, tdcA
686 	 zraR, melR, tdcA
689 	 zraR, melR
690 	 zraR, tdcA
691 	 zraR, melR
692 	 zraR, tdcA
695 	 zraR, melR, tdcA
696 	 zraR, melR, tdcA
697 	 zraR, tdcA
698 	 zraR, tdcA
699 	 zraR, melR
700 	 zraR, melR
754 	 zraR, melR, tdcA
755 	 zraR, melR, tdcA
756 	 zraR, tdcA
757 	 zraR, tdcA
758 	 zraR, melR
759 	 zraR, melR
762 	 zraR, melR
764 	 zraR, melR, tdcA
765 	 zraR, melR, tdcA
766 	 zraR, melR
767 	 zraR, tdcA
768 	 zraR, melR
769 	 zraR, tdcA
851 	 zraR, melR, tdcA
853 	 zraR, melR, tdcA
854 	 zraR, melR, tdcA
855 	 zraR, tdcA
856 	 zraR, melR, tdcA
857 	 zraR, melR
858 	 zraR, melR
859 	 zraR, tdcA
860 	 zraR, tdcA
861 	 zraR, melR
862 	 zraR, melR
864 	 zraR, tdcA
867 	 zraR, melR
869 	 zraR, tdcA
870 	 zraR, melR, tdcA
872 	 zraR, melR, tdcA
873 	 zraR, melR, tdcA
874 	 zraR, melR
875 	 zraR, melR, tdcA
876 	 zraR, melR
877 	 zraR, melR
878 	 zraR, tdcA
879 	 zraR, melR
880 	 zraR, tdcA
881 	 zraR, tdcA
883 	 zraR, tdcA
890 	 zraR, melR, tdcA
892 	 zraR, melR, tdcA
893 	 zraR, melR, tdcA
901 	 zraR, melR, tdcA
909 	 zraR, melR, tdcA
930 	 zraR, melR
932 	 zraR, melR
934 	 zraR, tdcA
936 	 zraR, tdcA
942 	 zraR, melR, tdcA
943 	 zraR, melR, tdcA
944 	 zraR, melR, tdcA
945 	 zraR, tdcA
946 	 zraR, melR
947 	 zraR, melR
948 	 zraR, tdcA
949 	 zraR, tdcA
950 	 zraR, melR
951 	 zraR, melR
954 	 zraR, tdcA
957 	 zraR, melR, tdcA
959 	 zraR, melR, tdcA
961 	 zraR, tdcA
963 	 zraR, tdcA
965 	 zraR, melR
967 	 zraR, melR
973 	 zraR, melR, tdcA
975 	 zraR, melR, tdcA
977 	 zraR, tdcA
979 	 zraR, tdcA
981 	 zraR, melR
983 	 zraR, melR
988 	 zraR, melR, tdcA
989 	 zraR, melR, tdcA
991 	 zraR, melR, tdcA
994 	 zraR, melR
995 	 zraR, melR
996 	 zraR, tdcA
997 	 zraR, tdcA
1027 	 zraR, melR, tdcA
1095 	 zraR, melR
1096 	 zraR, tdcA
1098 	 zraR, melR, tdcA
1099 	 zraR, melR, tdcA
1100 	 zraR, melR
1101 	 zraR, melR
1102 	 zraR, tdcA
1103 	 zraR, tdcA
1106 	 zraR, melR, tdcA
1107 	 zraR, tdcA
1108 	 zraR, melR
1111 	 zraR, melR, tdcA
1112 	 zraR, melR, tdcA
1113 	 zraR, tdcA
1114 	 zraR, tdcA
1115 	 zraR, melR
1116 	 zraR, melR
1120 	 zraR, melR, tdcA
1121 	 zraR, melR, tdcA
1122 	 zraR, melR
1123 	 zraR, tdcA
1124 	 zraR, melR
1125 	 zraR, tdcA
1128 	 zraR, melR, tdcA
1129 	 zraR, melR, tdcA
1130 	 zraR, tdcA
1131 	 zraR, tdcA
1132 	 zraR, melR
1133 	 zraR, melR
1136 	 zraR, melR, tdcA
1137 	 zraR, melR, tdcA
1138 	 zraR, melR
1139 	 zraR, tdcA
1140 	 zraR, melR
1141 	 zraR, tdcA
1144 	 zraR, melR, tdcA
1145 	 zraR, melR, tdcA
1146 	 zraR, tdcA
1148 	 zraR, melR
1149 	 zraR, tdcA
1150 	 zraR, melR
1164 	 zraR, melR
1214 	 zraR, melR, tdcA, flhD, mlrA, fliZ, rcsA
1308 	 zraR, melR
1328 	 zraR, tdcA
1330 	 zraR, tdcA
1336 	 zraR, melR, tdcA
1338 	 zraR, melR, tdcA
1340 	 zraR, melR
1342 	 zraR, melR
1344 	 zraR, tdcA
1346 	 zraR, tdcA
1352 	 zraR, melR, tdcA
1354 	 zraR, melR, tdcA
1356 	 zraR, melR
1358 	 zraR, melR
1360 	 zraR, tdcA
1362 	 zraR, tdcA
1368 	 zraR, melR, tdcA
1370 	 zraR, melR, tdcA
1372 	 zraR, melR
1374 	 zraR, melR
1376 	 zraR, tdcA
1378 	 zraR, tdcA
1384 	 zraR, melR, tdcA
1386 	 zraR, melR, tdcA
1388 	 zraR, melR
1390 	 zraR, melR
1392 	 zraR, tdcA
1394 	 zraR, tdcA
1400 	 zraR, melR, tdcA
1402 	 zraR, melR, tdcA
1404 	 zraR, melR
1406 	 zraR, melR
1408 	 zraR, tdcA
1410 	 zraR, tdcA
1416 	 zraR, melR, tdcA
1418 	 zraR, melR, tdcA
1420 	 zraR, melR
1422 	 zraR, melR
1424 	 zraR, tdcA
1426 	 zraR, tdcA
1432 	 zraR, melR, tdcA
1434 	 zraR, melR, tdcA
1436 	 zraR, melR
1438 	 zraR, melR
1440 	 zraR, tdcA
1442 	 zraR, tdcA
1452 	 zraR, melR, tdcA
1456 	 zraR, melR
1460 	 zraR, tdcA
1468 	 zraR, melR, tdcA
1472 	 zraR, melR, tdcA
1476 	 zraR, melR
1480 	 zraR, melR
1482 	 zraR, tdcA
1484 	 zraR, tdcA
1496 	 zraR, melR, tdcA
1498 	 zraR, melR
1500 	 zraR, tdcA
1521 	 zraR, melR, tdcA
1522 	 zraR, melR, tdcA
1526 	 zraR, melR, tdcA
1527 	 zraR, tdcA
1530 	 zraR, tdcA
1531 	 zraR, melR
1534 	 zraR, melR
1539 	 zraR, melR, tdcA
1542 	 zraR, melR
1543 	 zraR, tdcA
1546 	 zraR, melR, tdcA
1547 	 zraR, melR, tdcA
1550 	 zraR, melR, tdcA
1551 	 zraR, melR, tdcA
1554 	 zraR, melR, tdcA
1555 	 zraR, melR, tdcA
1559 	 zraR, melR, tdcA
1562 	 zraR, melR, tdcA
1563 	 zraR, melR, tdcA
1566 	 zraR, melR
1567 	 zraR, melR, tdcA
1570 	 zraR, tdcA
1571 	 zraR, tdcA
1574 	 zraR, tdcA
1575 	 zraR, melR, tdcA
1579 	 zraR, tdcA
1583 	 zraR, tdcA
1586 	 zraR, melR
1587 	 zraR, tdcA
1589 	 zraR, melR, tdcA
1592 	 zraR, tdcA
1593 	 zraR, tdcA
1596 	 zraR, melR
1597 	 zraR, melR, tdcA
1601 	 zraR, melR, tdcA
1604 	 zraR, melR
1605 	 zraR, melR, tdcA
1607 	 zraR, tdcA
1611 	 zraR, tdcA
1614 	 zraR, melR
1615 	 zraR, tdcA
1618 	 zraR, melR
1619 	 zraR, tdcA
1623 	 zraR, melR
1626 	 zraR, melR
1627 	 zraR, melR
1631 	 zraR, melR
1639 	 zraR, tdcA
1643 	 zraR, melR
1646 	 zraR, melR, tdcA
1647 	 zraR, melR
1650 	 zraR, tdcA
1651 	 zraR, tdcA
1653 	 zraR, melR
1654 	 zraR, melR
1656 	 zraR, tdcA
1659 	 zraR, melR
1661 	 zraR, melR
1713 	 zraR, tdcA
1720 	 zraR, melR, flhD, mlrA, fliZ, rcsA
1765 	 zraR, flhD, mlrA, fliZ, rcsA
1821 	 zraR, melR
1822 	 zraR, melR, tdcA, flhD, mlrA, fliZ, rcsA
1824 	 zraR, melR, tdcA, flhD, mlrA, fliZ, rcsA
1825 	 zraR, melR, tdcA
1826 	 zraR, melR, flhD, mlrA, fliZ, rcsA
1827 	 zraR, melR, tdcA
1828 	 zraR, melR, tdcA, flhD, mlrA, fliZ, rcsA
1829 	 zraR, melR
1830 	 zraR, melR, flhD, mlrA, fliZ, rcsA
1831 	 zraR, melR
1832 	 zraR, melR, tdcA
1833 	 zraR, melR
1834 	 zraR, tdcA, flhD, mlrA, fliZ, rcsA
1835 	 zraR, melR
1836 	 zraR, melR, flhD, mlrA, fliZ, rcsA
1837 	 zraR, melR, tdcA
1838 	 zraR, melR
1839 	 zraR, tdcA
1840 	 zraR, melR, tdcA, flhD, mlrA, fliZ, rcsA
1841 	 zraR, melR, tdcA
1842 	 zraR, melR, flhD, mlrA, fliZ, rcsA
1843 	 zraR, melR
1844 	 zraR, melR
1845 	 zraR, tdcA
1846 	 zraR, melR, tdcA, flhD, mlrA, fliZ, rcsA
1848 	 zraR, melR, flhD, mlrA, fliZ, rcsA
1849 	 zraR, tdcA
1850 	 zraR, tdcA
1851 	 zraR, melR, tdcA
1852 	 zraR, melR, tdcA
1853 	 zraR, melR
1854 	 zraR, melR, tdcA
1856 	 zraR, melR, tdcA, flhD, mlrA, fliZ, rcsA
1858 	 zraR, melR, tdcA, flhD, mlrA, fliZ, rcsA
1859 	 zraR, tdcA
1860 	 zraR, melR, flhD, mlrA, fliZ, rcsA
1861 	 zraR, tdcA
1862 	 zraR, tdcA
1863 	 zraR, melR
1864 	 zraR, flhD, mlrA, fliZ, rcsA
1867 	 zraR, tdcA
1868 	 zraR, tdcA, flhD, mlrA, fliZ, rcsA
1869 	 zraR, tdcA
1870 	 zraR, melR, tdcA
1874 	 zraR, melR, flhD, mlrA, fliZ, rcsA
1876 	 zraR, tdcA, flhD, mlrA, fliZ, rcsA
1878 	 zraR, melR, tdcA, flhD, mlrA, fliZ, rcsA
1879 	 zraR, melR, tdcA
1882 	 zraR, tdcA, flhD, mlrA, fliZ, rcsA
1883 	 zraR, melR, tdcA
1884 	 zraR, melR
1885 	 zraR, melR, tdcA
1886 	 zraR, melR, tdcA, flhD, mlrA, fliZ, rcsA
1887 	 zraR, melR
1888 	 zraR, melR, tdcA, flhD, mlrA, fliZ, rcsA
1889 	 zraR, tdcA
1890 	 zraR, melR, tdcA, flhD, mlrA, fliZ, rcsA
1891 	 zraR, melR, tdcA
1892 	 zraR, melR, tdcA, flhD, mlrA, fliZ, rcsA
1893 	 zraR, melR
1894 	 zraR, melR, tdcA, flhD, mlrA, fliZ, rcsA
1896 	 zraR, tdcA, flhD, mlrA, fliZ, rcsA
1897 	 zraR, tdcA
1898 	 zraR, melR, tdcA, flhD, mlrA, fliZ, rcsA
1900 	 zraR, melR, tdcA, flhD, mlrA, fliZ, rcsA
1901 	 zraR, melR, tdcA
1902 	 zraR, melR, tdcA, flhD, mlrA, fliZ, rcsA
1903 	 zraR, tdcA
1904 	 zraR, melR, tdcA, flhD, mlrA, fliZ, rcsA
1905 	 zraR, tdcA
1906 	 zraR, melR, tdcA, flhD, mlrA, fliZ, rcsA
1907 	 zraR, melR
1908 	 zraR, tdcA, flhD, mlrA, fliZ, rcsA
1909 	 zraR, melR
1910 	 zraR, melR, tdcA, flhD, mlrA, fliZ, rcsA
1911 	 zraR, melR
1912 	 zraR, melR, tdcA
1913 	 zraR, melR, tdcA
1914 	 zraR, melR, tdcA
1915 	 zraR, melR, tdcA
1916 	 zraR, melR, tdcA
1917 	 zraR, melR
1918 	 zraR, melR, flhD, mlrA, fliZ, rcsA
1919 	 zraR, tdcA
1920 	 zraR, melR, tdcA, flhD, mlrA, fliZ, rcsA
1922 	 zraR, tdcA
1923 	 zraR, tdcA
1924 	 zraR, melR, tdcA
1925 	 zraR, tdcA
1927 	 zraR, melR
1930 	 zraR, melR
1947 	 zraR, tdcA
1948 	 zraR, melR, tdcA
1949 	 zraR, melR, tdcA
1950 	 zraR, tdcA
1951 	 zraR, tdcA
1952 	 zraR, melR, tdcA
1953 	 zraR, melR, tdcA
1954 	 zraR, tdcA
1955 	 zraR, tdcA
1956 	 zraR, melR, tdcA
1957 	 zraR, melR, tdcA
1958 	 zraR, tdcA
1959 	 zraR, tdcA
1960 	 zraR, melR, tdcA
1961 	 zraR, melR, tdcA
1962 	 zraR, tdcA
1963 	 zraR, melR, tdcA
1964 	 zraR, tdcA
1965 	 zraR, tdcA
1966 	 zraR, melR, tdcA
1967 	 zraR, melR, tdcA
1968 	 zraR, tdcA
1969 	 zraR, tdcA
1970 	 zraR, melR, tdcA
1971 	 zraR, melR, tdcA
1972 	 zraR, melR, tdcA
1973 	 zraR, melR, tdcA
1974 	 zraR, melR, tdcA
1975 	 zraR, tdcA
1976 	 zraR, melR, tdcA
1977 	 zraR, tdcA
1978 	 zraR, melR, tdcA
1979 	 zraR, tdcA
1980 	 zraR, melR, tdcA
1981 	 zraR, melR, tdcA
1982 	 zraR, tdcA
1983 	 zraR, melR, tdcA
1984 	 zraR, tdcA
1985 	 zraR, melR, tdcA
1986 	 zraR, tdcA
1987 	 zraR, melR, tdcA
1988 	 zraR, tdcA
1989 	 zraR, tdcA
1990 	 zraR, tdcA
1991 	 zraR, tdcA
1992 	 zraR, tdcA
1993 	 zraR, tdcA
1994 	 zraR, melR
1996 	 zraR, melR
1997 	 zraR, melR
2000 	 zraR, melR
2001 	 zraR, melR
2002 	 zraR, melR
2004 	 zraR, melR
2006 	 zraR, melR
2007 	 zraR, melR
2010 	 zraR, melR
2011 	 zraR, melR
2015 	 zraR, melR
2018 	 zraR, melR
2019 	 zraR, melR
2022 	 zraR, melR
2023 	 zraR, melR
2026 	 zraR, melR
2027 	 zraR, melR
2029 	 zraR, melR
2032 	 zraR, melR
2033 	 zraR, melR
2035 	 zraR, melR
2038 	 zraR, melR
2039 	 zraR, melR
2042 	 zraR, tdcA, flhD, mlrA, fliZ, rcsA
2043 	 zraR, tdcA, flhD, mlrA, fliZ, rcsA
2044 	 zraR, tdcA
2045 	 zraR, tdcA, flhD, mlrA, fliZ, rcsA
2046 	 zraR, melR, tdcA
2048 	 zraR, tdcA
2049 	 zraR, melR, tdcA
2050 	 zraR, tdcA
2051 	 zraR, tdcA
2052 	 zraR, tdcA
2053 	 zraR, melR, tdcA
2054 	 zraR, tdcA
2055 	 zraR, melR, tdcA, flhD, mlrA, fliZ, rcsA
2056 	 zraR, melR, tdcA, flhD, mlrA, fliZ, rcsA
2057 	 zraR, melR, tdcA, flhD, mlrA, fliZ, rcsA
2058 	 zraR, melR, tdcA, flhD, mlrA, fliZ, rcsA
2059 	 zraR, melR, tdcA
2060 	 zraR, tdcA, flhD, mlrA, fliZ, rcsA
2061 	 zraR, melR, tdcA
2062 	 zraR, tdcA, flhD, mlrA, fliZ, rcsA
2063 	 zraR, melR, tdcA
2064 	 zraR, tdcA, flhD, mlrA, fliZ, rcsA
2065 	 zraR, melR, tdcA
2066 	 zraR, melR, tdcA, flhD, mlrA, fliZ, rcsA
2067 	 zraR, tdcA, flhD, mlrA, fliZ, rcsA
2068 	 zraR, melR, tdcA
2069 	 zraR, tdcA
2070 	 zraR, melR, tdcA, flhD, mlrA, fliZ, rcsA
2071 	 zraR, tdcA
2072 	 zraR, melR, tdcA
2073 	 zraR, tdcA, flhD, mlrA, fliZ, rcsA
2074 	 zraR, tdcA
2075 	 zraR, tdcA, flhD, mlrA, fliZ, rcsA
2076 	 zraR, tdcA
2077 	 zraR, tdcA
2078 	 zraR, tdcA
2079 	 zraR, melR, tdcA, flhD, mlrA, fliZ, rcsA
2080 	 zraR, melR, tdcA
2081 	 zraR, melR, tdcA, flhD, mlrA, fliZ, rcsA
2082 	 zraR, melR, tdcA
2083 	 zraR, melR, tdcA, flhD, mlrA, fliZ, rcsA
2084 	 zraR, tdcA, flhD, mlrA, fliZ, rcsA
2085 	 zraR, melR, tdcA
2086 	 zraR, tdcA, flhD, mlrA, fliZ, rcsA
2087 	 zraR, melR, tdcA
2088 	 zraR, tdcA, flhD, mlrA, fliZ, rcsA
2089 	 zraR, melR, tdcA
2090 	 zraR, tdcA, flhD, mlrA, fliZ, rcsA
2091 	 zraR, tdcA
2092 	 zraR, melR, tdcA
2093 	 zraR, tdcA, flhD, mlrA, fliZ, rcsA
2094 	 zraR, tdcA
2095 	 zraR, tdcA, flhD, mlrA, fliZ, rcsA
2096 	 zraR, tdcA
2097 	 zraR, tdcA, flhD, mlrA, fliZ, rcsA
2098 	 zraR, tdcA
2099 	 zraR, tdcA, flhD, mlrA, fliZ, rcsA
2100 	 zraR, tdcA
2101 	 zraR, tdcA
2102 	 zraR, tdcA
2103 	 zraR, melR, tdcA
2104 	 zraR, tdcA
2105 	 zraR, tdcA
2106 	 zraR, melR, tdcA
2107 	 zraR, melR, tdcA
2108 	 zraR, tdcA
2109 	 zraR, melR, tdcA
2110 	 zraR, tdcA, flhD, mlrA, fliZ, rcsA
2111 	 zraR, melR, tdcA
2112 	 zraR, tdcA, flhD, mlrA, fliZ, rcsA
2113 	 zraR, tdcA
2114 	 zraR, tdcA, flhD, mlrA, fliZ, rcsA
2115 	 zraR, tdcA
2116 	 zraR, tdcA
2117 	 zraR, tdcA
2118 	 zraR, melR, tdcA, flhD, mlrA, fliZ, rcsA
2119 	 zraR, melR, tdcA, flhD, mlrA, fliZ, rcsA
2120 	 zraR, melR, tdcA, flhD, mlrA, fliZ, rcsA
2121 	 zraR, melR, tdcA, flhD, mlrA, fliZ, rcsA
2122 	 zraR, tdcA, flhD, mlrA, fliZ, rcsA
2123 	 zraR, melR, tdcA, flhD, mlrA, fliZ, rcsA
2124 	 zraR, tdcA, flhD, mlrA, fliZ, rcsA
2125 	 zraR, melR, tdcA, flhD, mlrA, fliZ, rcsA
2126 	 zraR, tdcA, flhD, mlrA, fliZ, rcsA
2127 	 zraR, melR, tdcA
2128 	 zraR, tdcA, flhD, mlrA, fliZ, rcsA
2129 	 zraR, melR, tdcA
2130 	 zraR, tdcA, flhD, mlrA, fliZ, rcsA
2131 	 zraR, tdcA
2132 	 zraR, tdcA, flhD, mlrA, fliZ, rcsA
2133 	 zraR, melR, tdcA
2134 	 zraR, melR, tdcA
2135 	 zraR, melR, tdcA
2136 	 zraR, tdcA
2137 	 zraR, melR, tdcA
2138 	 zraR, tdcA
2139 	 zraR, tdcA
2140 	 zraR, tdcA
2141 	 zraR, tdcA
2142 	 zraR, tdcA, flhD, mlrA, fliZ, rcsA
2143 	 zraR, melR, tdcA, flhD, mlrA, fliZ, rcsA
2144 	 zraR, tdcA, flhD, mlrA, fliZ, rcsA
2145 	 zraR, melR, tdcA
2146 	 zraR, tdcA, flhD, mlrA, fliZ, rcsA
2147 	 zraR, melR, tdcA
2148 	 zraR, melR, tdcA, flhD, mlrA, fliZ, rcsA
2149 	 zraR, melR, tdcA
2150 	 zraR, tdcA, flhD, mlrA, fliZ, rcsA
2151 	 zraR, melR, tdcA
2152 	 zraR, tdcA
2153 	 zraR, melR, tdcA
2154 	 zraR, tdcA
2155 	 zraR, melR, tdcA
2156 	 zraR, tdcA
2157 	 zraR, tdcA, flhD, mlrA, fliZ, rcsA
2158 	 zraR, tdcA
2159 	 zraR, tdcA
2160 	 zraR, tdcA, flhD, mlrA, fliZ, rcsA
2161 	 zraR, tdcA
2162 	 zraR, melR, flhD, mlrA, fliZ, rcsA
2163 	 zraR, melR, flhD, mlrA, fliZ, rcsA
2164 	 zraR, melR
2165 	 zraR, melR
2166 	 zraR, flhD, mlrA, fliZ, rcsA
2167 	 zraR, flhD, mlrA, fliZ, rcsA
2168 	 zraR, melR, flhD, mlrA, fliZ, rcsA
2170 	 zraR, melR
2171 	 zraR, flhD, mlrA, fliZ, rcsA
2173 	 zraR, melR, flhD, mlrA, fliZ, rcsA
2174 	 zraR, melR
2175 	 zraR, flhD, mlrA, fliZ, rcsA
2176 	 zraR, flhD, mlrA, fliZ, rcsA
2179 	 zraR, flhD, mlrA, fliZ, rcsA
2180 	 zraR, melR, flhD, mlrA, fliZ, rcsA
2181 	 zraR, flhD, mlrA, fliZ, rcsA
2182 	 zraR, melR, flhD, mlrA, fliZ, rcsA
2183 	 zraR, melR, flhD, mlrA, fliZ, rcsA
2184 	 zraR, melR, flhD, mlrA, fliZ, rcsA
2185 	 zraR, flhD, mlrA, fliZ, rcsA
2186 	 zraR, flhD, mlrA, fliZ, rcsA
2187 	 zraR, melR, flhD, mlrA, fliZ, rcsA
2188 	 zraR, melR
2189 	 zraR, melR, flhD, mlrA, fliZ, rcsA
2190 	 zraR, melR
2191 	 zraR, melR
2192 	 zraR, melR, flhD, mlrA, fliZ, rcsA
2194 	 zraR, flhD, mlrA, fliZ, rcsA
2197 	 zraR, melR
2198 	 zraR, flhD, mlrA, fliZ, rcsA
2200 	 zraR, melR
2201 	 zraR, flhD, mlrA, fliZ, rcsA
2204 	 zraR, melR
2205 	 zraR, melR
2208 	 zraR, melR
2209 	 zraR, melR, flhD, mlrA, fliZ, rcsA
2210 	 zraR, melR
2211 	 zraR, melR, flhD, mlrA, fliZ, rcsA
2212 	 zraR, melR, flhD, mlrA, fliZ, rcsA
2213 	 zraR, melR
2214 	 zraR, melR, flhD, mlrA, fliZ, rcsA
2215 	 zraR, melR, flhD, mlrA, fliZ, rcsA
2216 	 zraR, flhD, mlrA, fliZ, rcsA
2217 	 zraR, melR, flhD, mlrA, fliZ, rcsA
2218 	 zraR, flhD, mlrA, fliZ, rcsA
2219 	 zraR, melR, flhD, mlrA, fliZ, rcsA
2221 	 zraR, melR, flhD, mlrA, fliZ, rcsA
2222 	 zraR, melR
2223 	 zraR, melR, flhD, mlrA, fliZ, rcsA
2224 	 zraR, melR
2225 	 zraR, melR
2226 	 zraR, flhD, mlrA, fliZ, rcsA
2227 	 zraR, melR, flhD, mlrA, fliZ, rcsA
2228 	 zraR, flhD, mlrA, fliZ, rcsA
2229 	 zraR, melR
2230 	 zraR, flhD, mlrA, fliZ, rcsA
2231 	 zraR, melR
2232 	 zraR, flhD, mlrA, fliZ, rcsA
2233 	 zraR, flhD, mlrA, fliZ, rcsA
2234 	 zraR, melR
2235 	 zraR, flhD, mlrA, fliZ, rcsA
2236 	 zraR, melR
2237 	 zraR, melR
2239 	 zraR, melR
2243 	 zraR, melR
2245 	 zraR, flhD, mlrA, fliZ, rcsA
2247 	 zraR, flhD, mlrA, fliZ, rcsA
2248 	 zraR, melR
2249 	 zraR, flhD, mlrA, fliZ, rcsA
2250 	 zraR, melR
2251 	 zraR, flhD, mlrA, fliZ, rcsA
2252 	 zraR, melR
2254 	 zraR, melR, flhD, mlrA, fliZ, rcsA
2255 	 zraR, flhD, mlrA, fliZ, rcsA
2256 	 zraR, melR
2257 	 zraR, flhD, mlrA, fliZ, rcsA
2258 	 zraR, melR, flhD, mlrA, fliZ, rcsA
2260 	 zraR, melR, flhD, mlrA, fliZ, rcsA
2262 	 zraR, melR
2264 	 zraR, melR, flhD, mlrA, fliZ, rcsA
2266 	 zraR, flhD, mlrA, fliZ, rcsA
2268 	 zraR, melR
2269 	 zraR, flhD, mlrA, fliZ, rcsA
2270 	 zraR, flhD, mlrA, fliZ, rcsA
2271 	 zraR, melR
2275 	 zraR, flhD, mlrA, fliZ, rcsA
2278 	 zraR, flhD, mlrA, fliZ, rcsA
2279 	 zraR, flhD, mlrA, fliZ, rcsA
2282 	 zraR, melR, flhD, mlrA, fliZ, rcsA
2283 	 zraR, melR, flhD, mlrA, fliZ, rcsA
2284 	 zraR, melR
2285 	 zraR, melR, flhD, mlrA, fliZ, rcsA
2286 	 zraR, melR, flhD, mlrA, fliZ, rcsA
2287 	 zraR, melR
2288 	 zraR, melR, flhD, mlrA, fliZ, rcsA
2289 	 zraR, melR
2290 	 zraR, melR, flhD, mlrA, fliZ, rcsA
2291 	 zraR, flhD, mlrA, fliZ, rcsA
2292 	 zraR, melR
2294 	 zraR, melR
2295 	 zraR, flhD, mlrA, fliZ, rcsA
2296 	 zraR, melR
2297 	 zraR, flhD, mlrA, fliZ, rcsA
2298 	 zraR, flhD, mlrA, fliZ, rcsA
2301 	 zraR, flhD, mlrA, fliZ, rcsA
2302 	 zraR, flhD, mlrA, fliZ, rcsA
2337 	 zraR, melR, tdcA, flhD, mlrA, fliZ, rcsA
2352 	 zraR, melR, tdcA
2353 	 zraR, melR, tdcA, flhD, mlrA, fliZ, rcsA
2354 	 zraR, melR, tdcA, flhD, mlrA, fliZ, rcsA
2355 	 zraR, tdcA, flhD, mlrA, fliZ, rcsA
2356 	 zraR, melR, tdcA
2357 	 zraR, tdcA
2358 	 zraR, melR, tdcA, flhD, mlrA, fliZ, rcsA
2359 	 zraR, tdcA, flhD, mlrA, fliZ, rcsA
2360 	 zraR, melR, tdcA
2361 	 zraR, tdcA
2362 	 zraR, melR, tdcA, flhD, mlrA, fliZ, rcsA
2363 	 zraR, tdcA, flhD, mlrA, fliZ, rcsA
2364 	 zraR, melR, tdcA, flhD, mlrA, fliZ, rcsA
2365 	 zraR, tdcA
2366 	 zraR, tdcA, flhD, mlrA, fliZ, rcsA
2367 	 zraR, tdcA, flhD, mlrA, fliZ, rcsA
2368 	 zraR, melR, tdcA, flhD, mlrA, fliZ, rcsA
2369 	 zraR, melR, tdcA, flhD, mlrA, fliZ, rcsA
2370 	 zraR, tdcA, flhD, mlrA, fliZ, rcsA
2371 	 zraR, melR, tdcA
2372 	 zraR, melR, tdcA, flhD, mlrA, fliZ, rcsA
2373 	 zraR, tdcA
2374 	 zraR, melR, tdcA, flhD, mlrA, fliZ, rcsA
2375 	 zraR, tdcA, flhD, mlrA, fliZ, rcsA
2376 	 zraR, tdcA, flhD, mlrA, fliZ, rcsA
2377 	 zraR, tdcA, flhD, mlrA, fliZ, rcsA
2378 	 zraR, melR, tdcA
2379 	 zraR, melR, tdcA, flhD, mlrA, fliZ, rcsA
2380 	 zraR, tdcA
2381 	 zraR, melR, tdcA, flhD, mlrA, fliZ, rcsA
2382 	 zraR, tdcA, flhD, mlrA, fliZ, rcsA
2383 	 zraR, tdcA, flhD, mlrA, fliZ, rcsA
2384 	 zraR, melR, tdcA
2385 	 zraR, melR, tdcA, flhD, mlrA, fliZ, rcsA
2386 	 zraR, melR, tdcA
2387 	 zraR, melR, tdcA, flhD, mlrA, fliZ, rcsA
2388 	 zraR, melR, tdcA
2389 	 zraR, melR, tdcA
2390 	 zraR, melR, tdcA, flhD, mlrA, fliZ, rcsA
2391 	 zraR, tdcA
2392 	 zraR, tdcA, flhD, mlrA, fliZ, rcsA
2393 	 zraR, melR, tdcA
2394 	 zraR, tdcA, flhD, mlrA, fliZ, rcsA
2395 	 zraR, tdcA
2396 	 zraR, melR, tdcA
2397 	 zraR, tdcA, flhD, mlrA, fliZ, rcsA
2398 	 zraR, melR, tdcA
2399 	 zraR, tdcA
2400 	 zraR, melR, tdcA
2401 	 zraR, tdcA
2402 	 zraR, tdcA
2403 	 zraR, melR, tdcA
2404 	 zraR, tdcA
2405 	 zraR, tdcA
2406 	 zraR, tdcA
2407 	 zraR, tdcA
2408 	 zraR, melR, tdcA, flhD, mlrA, fliZ, rcsA
2409 	 zraR, melR, tdcA, flhD, mlrA, fliZ, rcsA
2410 	 zraR, melR, tdcA, flhD, mlrA, fliZ, rcsA
2411 	 zraR, tdcA, flhD, mlrA, fliZ, rcsA
2412 	 zraR, melR, tdcA, flhD, mlrA, fliZ, rcsA
2413 	 zraR, melR, tdcA, flhD, mlrA, fliZ, rcsA
2414 	 zraR, melR, tdcA, flhD, mlrA, fliZ, rcsA
2415 	 zraR, melR, tdcA
2416 	 zraR, tdcA, flhD, mlrA, fliZ, rcsA
2417 	 zraR, melR, tdcA
2418 	 zraR, tdcA, flhD, mlrA, fliZ, rcsA
2419 	 zraR, melR, tdcA
2420 	 zraR, tdcA, flhD, mlrA, fliZ, rcsA
2421 	 zraR, tdcA, flhD, mlrA, fliZ, rcsA
2422 	 zraR, melR, tdcA, flhD, mlrA, fliZ, rcsA
2423 	 zraR, tdcA
2424 	 zraR, melR, tdcA, flhD, mlrA, fliZ, rcsA
2425 	 zraR, tdcA, flhD, mlrA, fliZ, rcsA
2426 	 zraR, melR, tdcA, flhD, mlrA, fliZ, rcsA
2427 	 zraR, tdcA
2428 	 zraR, melR, tdcA, flhD, mlrA, fliZ, rcsA
2429 	 zraR, melR, tdcA, flhD, mlrA, fliZ, rcsA
2430 	 zraR, tdcA, flhD, mlrA, fliZ, rcsA
2431 	 zraR, melR, tdcA
2432 	 zraR, melR, tdcA, flhD, mlrA, fliZ, rcsA
2433 	 zraR, melR, tdcA
2434 	 zraR, melR, tdcA, flhD, mlrA, fliZ, rcsA
2435 	 zraR, tdcA
2436 	 zraR, tdcA, flhD, mlrA, fliZ, rcsA
2437 	 zraR, tdcA, flhD, mlrA, fliZ, rcsA
2438 	 zraR, tdcA
2439 	 zraR, tdcA, flhD, mlrA, fliZ, rcsA
2440 	 zraR, melR, tdcA
2441 	 zraR, melR, tdcA, flhD, mlrA, fliZ, rcsA
2442 	 zraR, melR, tdcA
2443 	 zraR, melR, tdcA
2444 	 zraR, tdcA, flhD, mlrA, fliZ, rcsA
2445 	 zraR, melR, tdcA, flhD, mlrA, fliZ, rcsA
2446 	 zraR, tdcA, flhD, mlrA, fliZ, rcsA
2447 	 zraR, melR, tdcA
2448 	 zraR, tdcA
2449 	 zraR, melR, tdcA, flhD, mlrA, fliZ, rcsA
2450 	 zraR, melR, tdcA
2451 	 zraR, tdcA
2452 	 zraR, tdcA
2453 	 zraR, melR, tdcA
2454 	 zraR, tdcA
2455 	 zraR, tdcA, flhD, mlrA, fliZ, rcsA
2456 	 zraR, melR, tdcA
2457 	 zraR, tdcA, flhD, mlrA, fliZ, rcsA
2458 	 zraR, tdcA
2459 	 zraR, melR, tdcA, flhD, mlrA, fliZ, rcsA
2460 	 zraR, tdcA, flhD, mlrA, fliZ, rcsA
2461 	 zraR, tdcA
2462 	 zraR, tdcA, flhD, mlrA, fliZ, rcsA
2463 	 zraR, tdcA, flhD, mlrA, fliZ, rcsA
2464 	 zraR, tdcA
2465 	 zraR, melR, tdcA
2466 	 zraR, melR, tdcA
2467 	 zraR, melR, tdcA
2468 	 zraR, tdcA
2469 	 zraR, melR, tdcA
2470 	 zraR, melR, tdcA, flhD, mlrA, fliZ, rcsA
2471 	 zraR, tdcA
2472 	 zraR, tdcA, flhD, mlrA, fliZ, rcsA
2473 	 zraR, tdcA
2474 	 zraR, melR, tdcA
2475 	 zraR, melR, tdcA, flhD, mlrA, fliZ, rcsA
2476 	 zraR, melR, tdcA
2477 	 zraR, tdcA
2478 	 zraR, melR, tdcA
2479 	 zraR, tdcA, flhD, mlrA, fliZ, rcsA
2480 	 zraR, melR, tdcA
2481 	 zraR, tdcA, flhD, mlrA, fliZ, rcsA
2482 	 zraR, tdcA
2483 	 zraR, tdcA
2484 	 zraR, tdcA
2485 	 zraR, tdcA
2486 	 zraR, tdcA
2487 	 zraR, melR, tdcA, flhD, mlrA, fliZ, rcsA
2488 	 zraR, melR, tdcA, flhD, mlrA, fliZ, rcsA
2489 	 zraR, melR, tdcA
2490 	 zraR, melR, tdcA, flhD, mlrA, fliZ, rcsA
2491 	 zraR, melR, tdcA
2492 	 zraR, melR, tdcA, flhD, mlrA, fliZ, rcsA
2493 	 zraR, tdcA, flhD, mlrA, fliZ, rcsA
2494 	 zraR, tdcA, flhD, mlrA, fliZ, rcsA
2495 	 zraR, tdcA, flhD, mlrA, fliZ, rcsA
2496 	 zraR, tdcA, flhD, mlrA, fliZ, rcsA
2497 	 zraR, melR, tdcA
2498 	 zraR, tdcA
2499 	 zraR, melR, tdcA, flhD, mlrA, fliZ, rcsA
2500 	 zraR, tdcA
2501 	 zraR, melR, tdcA
2502 	 zraR, melR, tdcA
2503 	 zraR, melR, tdcA, flhD, mlrA, fliZ, rcsA
2504 	 zraR, melR, tdcA
2505 	 zraR, tdcA, flhD, mlrA, fliZ, rcsA
2506 	 zraR, tdcA
2507 	 zraR, tdcA, flhD, mlrA, fliZ, rcsA
2508 	 zraR, tdcA
2509 	 zraR, tdcA
2510 	 zraR, tdcA
2511 	 zraR, melR, flhD, mlrA, fliZ, rcsA
2512 	 zraR, melR, flhD, mlrA, fliZ, rcsA
2513 	 zraR, melR
2514 	 zraR, melR, flhD, mlrA, fliZ, rcsA
2515 	 zraR, melR, flhD, mlrA, fliZ, rcsA
2516 	 zraR, melR, flhD, mlrA, fliZ, rcsA
2517 	 zraR, melR, flhD, mlrA, fliZ, rcsA
2518 	 zraR, melR
2519 	 zraR, melR, flhD, mlrA, fliZ, rcsA
2520 	 zraR, melR
2521 	 zraR, melR, flhD, mlrA, fliZ, rcsA
2522 	 zraR, melR
2523 	 zraR, flhD, mlrA, fliZ, rcsA
2524 	 zraR, melR
2525 	 zraR, flhD, mlrA, fliZ, rcsA
2526 	 zraR, melR
2527 	 zraR, melR, flhD, mlrA, fliZ, rcsA
2528 	 zraR, flhD, mlrA, fliZ, rcsA
2529 	 zraR, melR, flhD, mlrA, fliZ, rcsA
2530 	 zraR, flhD, mlrA, fliZ, rcsA
2531 	 zraR, melR, flhD, mlrA, fliZ, rcsA
2532 	 zraR, flhD, mlrA, fliZ, rcsA
2533 	 zraR, melR, flhD, mlrA, fliZ, rcsA
2534 	 zraR, melR, flhD, mlrA, fliZ, rcsA
2535 	 zraR, melR, flhD, mlrA, fliZ, rcsA
2536 	 zraR, melR
2537 	 zraR, melR, flhD, mlrA, fliZ, rcsA
2538 	 zraR, melR, flhD, mlrA, fliZ, rcsA
2539 	 zraR, melR
2540 	 zraR, melR, flhD, mlrA, fliZ, rcsA
2541 	 zraR, melR
2542 	 zraR, flhD, mlrA, fliZ, rcsA
2544 	 zraR, melR, flhD, mlrA, fliZ, rcsA
2545 	 zraR, melR
2546 	 zraR, melR, flhD, mlrA, fliZ, rcsA
2547 	 zraR, flhD, mlrA, fliZ, rcsA
2550 	 zraR, flhD, mlrA, fliZ, rcsA
2551 	 zraR, melR
2552 	 zraR, melR, flhD, mlrA, fliZ, rcsA
2554 	 zraR, melR, flhD, mlrA, fliZ, rcsA
2556 	 zraR, flhD, mlrA, fliZ, rcsA
2557 	 zraR, melR, flhD, mlrA, fliZ, rcsA
2559 	 zraR, melR, flhD, mlrA, fliZ, rcsA
2560 	 zraR, melR, flhD, mlrA, fliZ, rcsA
2561 	 zraR, flhD, mlrA, fliZ, rcsA
2562 	 zraR, flhD, mlrA, fliZ, rcsA
2563 	 zraR, melR
2564 	 zraR, flhD, mlrA, fliZ, rcsA
2566 	 zraR, melR, flhD, mlrA, fliZ, rcsA
2568 	 zraR, melR, flhD, mlrA, fliZ, rcsA
2569 	 zraR, flhD, mlrA, fliZ, rcsA
2570 	 zraR, melR
2571 	 zraR, melR, flhD, mlrA, fliZ, rcsA
2572 	 zraR, melR
2573 	 zraR, flhD, mlrA, fliZ, rcsA
2574 	 zraR, melR
2575 	 zraR, flhD, mlrA, fliZ, rcsA
2576 	 zraR, melR
2577 	 zraR, flhD, mlrA, fliZ, rcsA
2578 	 zraR, flhD, mlrA, fliZ, rcsA
2579 	 zraR, melR, flhD, mlrA, fliZ, rcsA
2580 	 zraR, melR
2581 	 zraR, flhD, mlrA, fliZ, rcsA
2582 	 zraR, melR
2583 	 zraR, melR, flhD, mlrA, fliZ, rcsA
2584 	 zraR, melR
2585 	 zraR, flhD, mlrA, fliZ, rcsA
2586 	 zraR, melR, flhD, mlrA, fliZ, rcsA
2587 	 zraR, flhD, mlrA, fliZ, rcsA
2588 	 zraR, melR, flhD, mlrA, fliZ, rcsA
2590 	 zraR, melR, flhD, mlrA, fliZ, rcsA
2592 	 zraR, melR
2594 	 zraR, flhD, mlrA, fliZ, rcsA
2595 	 zraR, melR
2596 	 zraR, melR
2597 	 zraR, melR, flhD, mlrA, fliZ, rcsA
2599 	 zraR, melR, flhD, mlrA, fliZ, rcsA
2600 	 zraR, melR
2601 	 zraR, flhD, mlrA, fliZ, rcsA
2603 	 zraR, melR
2604 	 zraR, flhD, mlrA, fliZ, rcsA
2605 	 zraR, melR, flhD, mlrA, fliZ, rcsA
2607 	 zraR, melR, flhD, mlrA, fliZ, rcsA
2609 	 zraR, melR
2610 	 zraR, melR
2611 	 zraR, melR, flhD, mlrA, fliZ, rcsA
2613 	 zraR, flhD, mlrA, fliZ, rcsA
2614 	 zraR, flhD, mlrA, fliZ, rcsA
2615 	 zraR, melR
2616 	 zraR, melR
2617 	 zraR, melR, flhD, mlrA, fliZ, rcsA
2618 	 zraR, melR
2619 	 zraR, melR
2620 	 zraR, flhD, mlrA, fliZ, rcsA
2621 	 zraR, melR
2622 	 zraR, flhD, mlrA, fliZ, rcsA
2623 	 zraR, melR
2625 	 zraR, melR, flhD, mlrA, fliZ, rcsA
2627 	 zraR, melR, flhD, mlrA, fliZ, rcsA
2629 	 zraR, flhD, mlrA, fliZ, rcsA
2630 	 zraR, flhD, mlrA, fliZ, rcsA
2631 	 zraR, melR
2632 	 zraR, flhD, mlrA, fliZ, rcsA
2634 	 zraR, flhD, mlrA, fliZ, rcsA
2635 	 zraR, melR
2636 	 zraR, melR
2637 	 zraR, melR
2640 	 zraR, melR
2642 	 zraR, flhD, mlrA, fliZ, rcsA
2644 	 zraR, flhD, mlrA, fliZ, rcsA
2648 	 zraR, flhD, mlrA, fliZ, rcsA
2650 	 zraR, flhD, mlrA, fliZ, rcsA
2652 	 zraR, flhD, mlrA, fliZ, rcsA
2654 	 zraR, flhD, mlrA, fliZ, rcsA
2655 	 zraR, flhD, mlrA, fliZ, rcsA
2656 	 zraR, melR
2658 	 zraR, flhD, mlrA, fliZ, rcsA
2660 	 zraR, flhD, mlrA, fliZ, rcsA
2663 	 zraR, melR
2667 	 zraR, melR
