1 	 rhaR, rhaS, fucR
2 	 rhaR, rhaS, fucR
3 	 rhaR, rhaS, fucR
4 	 rhaR, rhaS
5 	 rhaR, rhaS, fucR
6 	 rhaR, rhaS, fucR
7 	 rhaR, rhaS, fucR
8 	 rhaR, rhaS, fucR
9 	 rhaR, rhaS
10 	 rhaR, rhaS, fucR
12 	 rhaR, rhaS, fucR
13 	 rhaR, rhaS
14 	 rhaR, rhaS
15 	 rhaR, rhaS
16 	 rhaR, fucR
17 	 rhaR, rhaS
19 	 rhaR
20 	 rhaR, rhaS, fucR
21 	 rhaR, rhaS, fucR
22 	 rhaR, rhaS, fucR
23 	 rhaR, rhaS, fucR
24 	 rhaR, rhaS, fucR
26 	 rhaR, rhaS
27 	 rhaR, rhaS
28 	 rhaR, rhaS
29 	 rhaR, rhaS
30 	 rhaR, rhaS
31 	 rhaR, rhaS
32 	 rhaR, rhaS, fucR
33 	 rhaR, rhaS, fucR
34 	 rhaR, rhaS, fucR
35 	 rhaR, rhaS, fucR
36 	 rhaR, rhaS, fucR
37 	 rhaR, rhaS
38 	 rhaR, rhaS, fucR
39 	 rhaR, rhaS, fucR
40 	 rhaR, rhaS, fucR
42 	 rhaR, rhaS, fucR
43 	 rhaR, fucR
45 	 rhaR
46 	 rhaR, rhaS
47 	 rhaR, fucR
48 	 rhaR, rhaS, fucR
49 	 rhaR
50 	 rhaR, rhaS
51 	 rhaR, rhaS
52 	 rhaR, rhaS
53 	 rhaR, rhaS, fucR
54 	 rhaR, rhaS
55 	 rhaR, rhaS, fucR
56 	 rhaR, rhaS
57 	 rhaR, rhaS, fucR
58 	 rhaR, rhaS
59 	 rhaR, fucR
61 	 rhaR, fucR
62 	 rhaR, rhaS, fucR
63 	 rhaR, rhaS
64 	 rhaR, rhaS, fucR
65 	 rhaR, fucR
66 	 rhaR, rhaS
67 	 rhaR
68 	 rhaR, rhaS
69 	 rhaR, rhaS
71 	 rhaR, rhaS
73 	 fucR
74 	 rhaR
76 	 rhaR
77 	 rhaR, fucR
81 	 rhaR, fucR
82 	 rhaR, fucR
84 	 rhaR
86 	 fucR
102 	 rhaR, fucR
111 	 rhaR
115 	 fucR
140 	 fucR
151 	 rhaR
178 	 fucR
180 	 fucR
187 	 fucR
222 	 rhaR, rhaS, fucR
241 	 fucR
244 	 rhaR, rhaS
265 	 rhaR, fucR
272 	 rhaR
273 	 rhaR, fucR
277 	 rhaR
285 	 fucR
299 	 fucR
318 	 rhaR, rhaS, fucR
411 	 rhaR, rhaS
412 	 fucR
862 	 rhaR, fucR
914 	 rhaR
918 	 rhaR, fucR
922 	 rhaR
926 	 fucR
934 	 fucR
940 	 rhaR, rhaS, fucR
944 	 rhaR, rhaS
948 	 rhaR, fucR
952 	 rhaR
956 	 rhaR, fucR
960 	 rhaR, rhaS, fucR
964 	 rhaR
968 	 fucR
976 	 fucR
984 	 rhaR, rhaS
988 	 rhaR, rhaS, fucR
992 	 rhaR, rhaS
996 	 rhaR, fucR
1000 	 rhaR
1001 	 rhaR, fucR
1002 	 rhaR, rhaS, fucR
1003 	 rhaR
1004 	 fucR
1006 	 fucR
1008 	 rhaR, rhaS, fucR
1009 	 rhaR, rhaS, fucR
1010 	 rhaR, rhaS
1011 	 rhaR, rhaS
1012 	 rhaR, rhaS
1013 	 rhaR, rhaS, fucR
1014 	 rhaR, rhaS
1015 	 rhaR, rhaS
1016 	 rhaR, rhaS, fucR
1017 	 rhaR, rhaS, fucR
1018 	 rhaR, rhaS, fucR
1019 	 rhaR, rhaS
1020 	 rhaR, rhaS
1021 	 rhaR, rhaS
1022 	 rhaR, rhaS, fucR
1023 	 rhaR, rhaS, fucR
1024 	 rhaR, rhaS
1025 	 rhaR, rhaS
1026 	 rhaR, rhaS
1027 	 rhaR, rhaS, fucR
1028 	 rhaR, rhaS, fucR
1029 	 rhaR, rhaS
1030 	 rhaR, rhaS, fucR
1031 	 rhaR, rhaS, fucR
1032 	 rhaR, rhaS, fucR
1033 	 rhaR, rhaS
1034 	 rhaR, rhaS
1035 	 rhaR, rhaS, fucR
1036 	 rhaR, rhaS
1037 	 rhaR, rhaS
1038 	 rhaR, rhaS
1039 	 rhaR, rhaS, fucR
1040 	 rhaR, rhaS, fucR
1041 	 rhaR, rhaS
1042 	 rhaR, rhaS, fucR
1043 	 rhaR, rhaS, fucR
1044 	 rhaR, rhaS, fucR
1045 	 rhaR, rhaS
1046 	 rhaR, rhaS
1047 	 rhaR, fucR
1048 	 rhaR, rhaS
1049 	 rhaR
1050 	 rhaR, rhaS
1051 	 rhaR, fucR
1052 	 rhaR, rhaS, fucR
1053 	 rhaR
1054 	 rhaR, rhaS, fucR
1055 	 rhaR, fucR
1056 	 rhaR, rhaS, fucR
1057 	 rhaR
1058 	 rhaR, rhaS
1059 	 rhaR, fucR
1060 	 rhaR, rhaS
1061 	 rhaR
1062 	 rhaR, rhaS
1063 	 rhaR, fucR
1064 	 rhaR, rhaS, fucR
1065 	 rhaR
1066 	 rhaR, rhaS, fucR
1067 	 rhaR, fucR
1068 	 rhaR, rhaS, fucR
1069 	 rhaR
1070 	 rhaR, rhaS
1071 	 rhaR, fucR
1072 	 rhaR, rhaS
1073 	 rhaR
1074 	 rhaR, rhaS
1075 	 rhaR, fucR
1076 	 rhaR, rhaS, fucR
1077 	 rhaR
1078 	 rhaR, rhaS, fucR
1079 	 rhaR, fucR
1080 	 rhaR, rhaS, fucR
1081 	 rhaR
1082 	 rhaR, rhaS
1083 	 rhaR, fucR
1084 	 rhaR, rhaS
1085 	 rhaR
1086 	 rhaR, rhaS
1087 	 rhaR, fucR
1088 	 rhaR, rhaS, fucR
1089 	 rhaR
1090 	 rhaR, rhaS, fucR
1091 	 rhaR, fucR
1092 	 rhaR, rhaS
1093 	 rhaR
1094 	 rhaR, rhaS
1095 	 rhaR, fucR
1096 	 rhaR, rhaS
1097 	 rhaR
1098 	 rhaR, rhaS, fucR
1099 	 rhaR, fucR
1100 	 rhaR, rhaS, fucR
1101 	 rhaR
1102 	 rhaR, rhaS
1103 	 rhaR, fucR
1104 	 rhaR, rhaS, fucR
1105 	 rhaR
1106 	 rhaR, rhaS
1107 	 rhaR, fucR
1108 	 rhaR, rhaS
1109 	 rhaR
1110 	 rhaR, rhaS, fucR
1112 	 rhaR, rhaS, fucR
1114 	 rhaR, rhaS
1116 	 rhaR, rhaS, fucR
1118 	 rhaR, rhaS
1120 	 rhaR, rhaS
1122 	 rhaR, rhaS, fucR
1124 	 rhaR, rhaS, fucR
1126 	 rhaR, rhaS
1128 	 rhaR, rhaS, fucR
1130 	 rhaR, rhaS
1132 	 rhaR, rhaS
1134 	 rhaR, rhaS, fucR
1136 	 rhaR, rhaS, fucR
1138 	 rhaR, rhaS
1140 	 rhaR, rhaS, fucR
1142 	 rhaR, rhaS
1144 	 rhaR, rhaS
1146 	 rhaR, rhaS, fucR
1148 	 rhaR, rhaS, fucR
1150 	 rhaR, rhaS
1152 	 rhaR, rhaS, fucR
1153 	 fucR
1154 	 rhaR, rhaS
1156 	 rhaR, rhaS
1157 	 fucR
1158 	 rhaR, rhaS, fucR
1160 	 rhaR, rhaS, fucR
1161 	 fucR
1162 	 rhaR, rhaS, fucR
1164 	 rhaR, rhaS
1165 	 fucR
1166 	 rhaR, rhaS
1168 	 rhaR, rhaS
1169 	 fucR
1170 	 rhaR, rhaS, fucR
1172 	 rhaR, rhaS, fucR
1173 	 fucR
1174 	 rhaR, rhaS, fucR
1176 	 rhaR, rhaS
1177 	 fucR
1178 	 rhaR, rhaS
1180 	 rhaR, rhaS
1181 	 fucR
1182 	 rhaR, fucR
1184 	 rhaR
1185 	 rhaR, fucR
1186 	 rhaR, fucR
1187 	 rhaR
1188 	 rhaR
1189 	 rhaR, fucR
1190 	 rhaR, fucR
1191 	 rhaR
1192 	 rhaR
1193 	 rhaR, fucR
1194 	 rhaR, fucR
1195 	 rhaR
1196 	 rhaR
1197 	 rhaR, fucR
1198 	 rhaR, fucR
1199 	 rhaR
1200 	 rhaR
1201 	 rhaR, fucR
1202 	 rhaR, fucR
1203 	 rhaR
1204 	 rhaR
1205 	 rhaR, fucR
1206 	 rhaR, fucR
1207 	 rhaR
1208 	 rhaR
1209 	 rhaR, fucR
1210 	 rhaR, fucR
1211 	 rhaR
1212 	 rhaR
1213 	 rhaR, fucR
1214 	 rhaR, fucR
1215 	 rhaR
1216 	 rhaR
1217 	 rhaR, fucR
1218 	 rhaR, fucR
1219 	 rhaR
1220 	 rhaR
1221 	 rhaR, fucR
1222 	 rhaR, fucR
1223 	 rhaR
1224 	 rhaR, fucR
1225 	 rhaR, fucR
1226 	 rhaR
1227 	 rhaR
1228 	 rhaR
1229 	 rhaR, fucR
1230 	 rhaR, fucR
1231 	 rhaR
1232 	 rhaR
1233 	 rhaR, fucR
1234 	 rhaR, fucR
1235 	 rhaR
1236 	 rhaR
1237 	 rhaR, fucR
1238 	 rhaR, fucR
1239 	 rhaR
1240 	 rhaR
1241 	 rhaR, fucR
1242 	 rhaR, fucR
1243 	 rhaR
1244 	 rhaR
1245 	 rhaR, fucR
1246 	 rhaR, fucR
1247 	 rhaR
1248 	 rhaR, fucR
1249 	 fucR
1250 	 rhaR, fucR
1252 	 rhaR
1253 	 fucR
1254 	 rhaR
1256 	 rhaR
1257 	 fucR
1258 	 rhaR, fucR
1260 	 rhaR
1261 	 fucR
1262 	 rhaR, fucR
1264 	 rhaR
1265 	 fucR
1266 	 rhaR, fucR
1268 	 rhaR
1269 	 fucR
1270 	 rhaR, fucR
1272 	 rhaR
1273 	 fucR
1274 	 rhaR, fucR
1275 	 fucR
1276 	 rhaR
1278 	 rhaR, fucR
1280 	 rhaR
1281 	 fucR
1282 	 rhaR, fucR
1283 	 fucR
1284 	 rhaR, fucR
1285 	 fucR
1286 	 rhaR, fucR
1287 	 fucR
1288 	 rhaR
1290 	 rhaR
1292 	 rhaR, fucR
1294 	 rhaR, fucR
1296 	 rhaR
1297 	 fucR
1298 	 rhaR
1299 	 fucR
1300 	 rhaR, fucR
1301 	 fucR
1302 	 rhaR
1303 	 fucR
1304 	 rhaR, fucR
1306 	 rhaR
1308 	 rhaR
1310 	 fucR
1312 	 fucR
1313 	 fucR
1315 	 fucR
1317 	 fucR
1318 	 fucR
1320 	 fucR
1324 	 fucR
1327 	 fucR
1328 	 fucR
1329 	 fucR
1331 	 fucR
1332 	 fucR
1335 	 fucR
1336 	 fucR
1340 	 fucR
1343 	 fucR
1345 	 fucR
1346 	 fucR
1347 	 fucR
1351 	 fucR
1352 	 fucR
1353 	 fucR
1356 	 fucR
1359 	 fucR
1360 	 fucR
1361 	 fucR
1362 	 fucR
1365 	 fucR
1367 	 fucR
1369 	 fucR
1371 	 fucR
1375 	 rhaR, rhaS, fucR
1376 	 rhaR, rhaS, fucR
1377 	 rhaR, rhaS
1378 	 rhaR, rhaS
1379 	 rhaR, rhaS, fucR
1380 	 rhaR, rhaS, fucR
1381 	 rhaR, rhaS
1382 	 rhaR, rhaS
1383 	 rhaR, rhaS, fucR
1384 	 rhaR, rhaS, fucR
1385 	 rhaR, rhaS
1386 	 rhaR, rhaS
1387 	 rhaR, rhaS, fucR
1388 	 rhaR, rhaS, fucR
1389 	 rhaR, rhaS
1390 	 rhaR, rhaS
1391 	 rhaR, rhaS, fucR
1392 	 rhaR, rhaS, fucR
1393 	 rhaR, rhaS
1394 	 rhaR, rhaS, fucR
1395 	 rhaR, rhaS
1396 	 rhaR, rhaS
1397 	 rhaR, rhaS, fucR
1398 	 rhaR, rhaS
1399 	 rhaR, rhaS, fucR
1400 	 rhaR, rhaS
1401 	 rhaR, rhaS, fucR
1402 	 rhaR, rhaS, fucR
1403 	 rhaR, rhaS, fucR
1404 	 rhaR, rhaS
1405 	 rhaR, rhaS
1406 	 rhaR, rhaS
1407 	 rhaR, rhaS, fucR
1408 	 rhaR, rhaS, fucR
1409 	 rhaR, rhaS, fucR
1410 	 rhaR, rhaS
1411 	 rhaR, rhaS, fucR
1412 	 rhaR, rhaS
1413 	 rhaR, rhaS, fucR
1414 	 rhaR, rhaS, fucR
1415 	 rhaR, rhaS
1416 	 rhaR, rhaS
1417 	 rhaR, rhaS, fucR
1418 	 rhaR, rhaS
1419 	 rhaR, rhaS
1420 	 rhaR, rhaS
1421 	 rhaR, rhaS, fucR
1422 	 rhaR, rhaS
1423 	 rhaR, rhaS, fucR
1424 	 rhaR, rhaS
1425 	 rhaR, rhaS, fucR
1426 	 rhaR, rhaS, fucR
1427 	 rhaR, rhaS, fucR
1428 	 rhaR, rhaS
1429 	 rhaR, rhaS, fucR
1430 	 rhaR, rhaS, fucR
1431 	 rhaR, rhaS, fucR
1432 	 rhaR, rhaS
1433 	 rhaR, rhaS, fucR
1434 	 rhaR, rhaS
1435 	 rhaR, rhaS
1436 	 rhaR, rhaS
1437 	 rhaR, rhaS
1438 	 rhaR, rhaS, fucR
1439 	 rhaR, rhaS
1440 	 rhaR, rhaS, fucR
1441 	 rhaR, rhaS, fucR
1442 	 rhaR, rhaS, fucR
1443 	 rhaR, rhaS
1444 	 rhaR, rhaS
1445 	 rhaR, rhaS, fucR
1446 	 rhaR, rhaS
1447 	 rhaR, rhaS, fucR
1448 	 rhaR, rhaS
1449 	 rhaR, rhaS, fucR
1450 	 rhaR, rhaS
1451 	 rhaR, rhaS
1452 	 rhaR, rhaS, fucR
1453 	 rhaR, rhaS
1454 	 rhaR, rhaS
1455 	 rhaR, rhaS, fucR
1456 	 rhaR, rhaS, fucR
1457 	 rhaR, rhaS, fucR
1458 	 rhaR, rhaS, fucR
1459 	 rhaR, rhaS
1460 	 rhaR, rhaS, fucR
1461 	 rhaR, rhaS
1462 	 rhaR, rhaS
1463 	 rhaR, rhaS
1464 	 rhaR, rhaS, fucR
1465 	 rhaR, rhaS, fucR
1466 	 rhaR, rhaS, fucR
1467 	 rhaR, rhaS
1468 	 rhaR, rhaS
1469 	 rhaR, rhaS
1470 	 rhaR, rhaS
1495 	 fucR
1665 	 rhaR, fucR
1667 	 rhaR
1669 	 fucR
1673 	 rhaR, fucR
1675 	 rhaR
1677 	 fucR
1681 	 rhaR, fucR
1683 	 fucR
1685 	 rhaR
1689 	 rhaR, fucR
1691 	 rhaR
1693 	 fucR
1697 	 rhaR, fucR
1699 	 rhaR
1701 	 fucR
1705 	 rhaR, fucR
1707 	 rhaR
1709 	 fucR
1713 	 rhaR, fucR
1715 	 rhaR
1717 	 fucR
1721 	 rhaR, fucR
1723 	 rhaR
1725 	 fucR
1731 	 rhaR, fucR
1733 	 rhaR
1735 	 fucR
1739 	 fucR
1743 	 rhaR, fucR
1745 	 rhaR
1747 	 fucR
1751 	 fucR
1755 	 rhaR, fucR
1757 	 rhaR
1759 	 fucR
1763 	 fucR
1767 	 rhaR, fucR
1769 	 rhaR
1771 	 fucR
1775 	 fucR
1779 	 rhaR, fucR
1781 	 rhaR
1783 	 fucR
1787 	 fucR
1791 	 rhaR, fucR
1793 	 rhaR
1795 	 fucR
1799 	 fucR
1803 	 rhaR, fucR
1805 	 rhaR
1807 	 fucR
1811 	 fucR
1815 	 rhaR, fucR
1817 	 rhaR
1819 	 fucR
1935 	 rhaR, fucR
1936 	 rhaR
1937 	 rhaR, fucR
1938 	 rhaR
1939 	 fucR
1940 	 fucR
1943 	 rhaR, fucR
1944 	 rhaR, fucR
1945 	 rhaR
1946 	 rhaR
1947 	 fucR
1948 	 fucR
1951 	 rhaR, fucR
1952 	 rhaR, fucR
1953 	 rhaR
1954 	 rhaR
1955 	 fucR
1956 	 fucR
1959 	 rhaR, fucR
1960 	 rhaR, fucR
1961 	 rhaR
1962 	 rhaR
1963 	 fucR
1964 	 fucR
1967 	 rhaR, fucR
1968 	 rhaR, fucR
1969 	 rhaR
1970 	 rhaR, fucR
1971 	 rhaR, fucR
1972 	 rhaR
1973 	 rhaR
1974 	 rhaR
1975 	 fucR
1976 	 fucR
1979 	 fucR
1980 	 fucR
1983 	 rhaR, fucR
1984 	 rhaR, fucR
1985 	 rhaR
1986 	 rhaR, fucR
1987 	 rhaR, fucR
1988 	 rhaR
1989 	 rhaR
1990 	 rhaR
1991 	 fucR
1992 	 fucR
1993 	 fucR
1996 	 fucR
1999 	 rhaR, fucR
2000 	 rhaR, fucR
2001 	 rhaR
2002 	 rhaR, fucR
2003 	 rhaR, fucR
2004 	 rhaR
2005 	 rhaR
2006 	 rhaR
2007 	 fucR
2008 	 fucR
2009 	 fucR
2012 	 fucR
2015 	 rhaR, fucR
2016 	 rhaR, fucR
2017 	 rhaR
2018 	 rhaR, fucR
2019 	 rhaR, fucR
2020 	 rhaR
2021 	 rhaR
2022 	 rhaR
2023 	 fucR
2024 	 fucR
2025 	 fucR
2028 	 fucR
2031 	 rhaR, fucR
2032 	 rhaR, fucR
2033 	 rhaR
2034 	 rhaR
2035 	 fucR
2037 	 fucR
2039 	 rhaR, fucR
2040 	 rhaR
2041 	 rhaR, fucR
2042 	 rhaR
2043 	 fucR
2045 	 fucR
2047 	 rhaR, fucR
2048 	 rhaR
2049 	 rhaR, fucR
2050 	 rhaR
2051 	 fucR
2053 	 fucR
2055 	 rhaR, fucR
2056 	 rhaR
2057 	 rhaR, fucR
2058 	 rhaR
2059 	 fucR
2061 	 fucR
2065 	 rhaR, rhaS, fucR
2066 	 rhaR, rhaS
2067 	 rhaR, rhaS, fucR
2068 	 rhaR, rhaS
2069 	 rhaR, fucR
2070 	 rhaR, rhaS, fucR
2072 	 rhaR, rhaS
2074 	 rhaR, rhaS, fucR
2075 	 rhaR
2076 	 fucR
2080 	 rhaR, fucR
2081 	 rhaR
2082 	 fucR
2086 	 rhaR, rhaS
2087 	 rhaR, fucR
2088 	 rhaR
2089 	 fucR
2093 	 rhaR, fucR
2094 	 rhaR
2095 	 fucR
2101 	 rhaR, rhaS, fucR
2102 	 rhaR, rhaS
2103 	 rhaR, rhaS, fucR
2104 	 rhaR, rhaS
2105 	 rhaR, fucR
2106 	 rhaR, rhaS, fucR
2108 	 rhaR, rhaS
2110 	 rhaR, rhaS, fucR
2111 	 rhaR
2112 	 fucR
2117 	 rhaR, fucR
2125 	 rhaR
2126 	 fucR
2130 	 rhaR, fucR
2131 	 rhaR
2132 	 fucR
2137 	 rhaR, rhaS
2138 	 rhaR, fucR
2139 	 rhaR
2140 	 fucR
2205 	 rhaR, rhaS, fucR
2214 	 rhaR, rhaS, fucR
2215 	 rhaR, rhaS
2216 	 rhaR, rhaS
2217 	 rhaR, fucR
2218 	 rhaR, fucR
2219 	 rhaR
2220 	 fucR
2221 	 fucR
2222 	 rhaR
2225 	 rhaR, rhaS, fucR
2226 	 rhaR, rhaS, fucR
2227 	 rhaR, rhaS
2228 	 rhaR, rhaS
2229 	 rhaR, fucR
2230 	 rhaR, fucR
2231 	 rhaR
2232 	 fucR
2233 	 fucR
2234 	 rhaR
2240 	 rhaR, rhaS, fucR
2242 	 rhaR, rhaS
2244 	 rhaR, fucR
2245 	 rhaR
2246 	 fucR
2247 	 rhaR, rhaS, fucR
2249 	 rhaR, rhaS
2250 	 rhaR, fucR
2251 	 rhaR
2252 	 fucR
2260 	 rhaR, rhaS, fucR
2261 	 rhaR, rhaS
2262 	 rhaR, fucR
2263 	 rhaR
2264 	 fucR
2266 	 rhaR, rhaS, fucR
2267 	 rhaR, rhaS
2268 	 rhaR, fucR
2269 	 rhaR
2270 	 fucR
2272 	 rhaR, rhaS, fucR
2274 	 rhaR, rhaS
2275 	 rhaR, fucR
2277 	 rhaR
2279 	 fucR
2283 	 rhaR, rhaS, fucR
2284 	 rhaR, rhaS
2285 	 rhaR, fucR
2286 	 rhaR
2287 	 fucR
2383 	 rhaR, rhaS, fucR
2385 	 rhaR, rhaS
2387 	 rhaR, fucR
2389 	 rhaR
2391 	 fucR
2395 	 rhaR, rhaS, fucR
2397 	 rhaR, rhaS
2399 	 rhaR, fucR
2401 	 rhaR
2403 	 fucR
2407 	 rhaR, rhaS, fucR
2409 	 rhaR, rhaS
2411 	 rhaR, fucR
2413 	 rhaR
2415 	 fucR
2419 	 rhaR, rhaS, fucR
2421 	 rhaR, rhaS
2423 	 rhaR, fucR
2425 	 rhaR
2427 	 fucR
2431 	 rhaR, rhaS, fucR
2433 	 rhaR, rhaS
2435 	 rhaR, fucR
2437 	 rhaR
2439 	 fucR
2443 	 rhaR, rhaS, fucR
2445 	 rhaR, rhaS
2447 	 rhaR, fucR
2449 	 rhaR
2451 	 fucR
2455 	 rhaR, rhaS, fucR
2457 	 rhaR, rhaS
2459 	 rhaR, fucR
2461 	 rhaR
2463 	 fucR
2467 	 rhaR, rhaS, fucR
2469 	 rhaR, rhaS
2470 	 rhaR, fucR
2472 	 rhaR
2474 	 fucR
2478 	 rhaR, rhaS, fucR
2480 	 rhaR, rhaS
2482 	 rhaR, fucR
2484 	 rhaR
2486 	 fucR
2490 	 rhaR, rhaS, fucR
2492 	 rhaR, rhaS
2494 	 rhaR, fucR
2496 	 rhaR
2498 	 fucR
2502 	 rhaR, rhaS, fucR
2504 	 rhaR, rhaS
2506 	 rhaR, fucR
2508 	 rhaR
2510 	 fucR
2514 	 rhaR, rhaS, fucR
2516 	 rhaR, rhaS
2518 	 rhaR, fucR
2520 	 rhaR
2522 	 fucR
2526 	 rhaR, rhaS, fucR
2528 	 rhaR, rhaS
2530 	 rhaR, fucR
2532 	 rhaR
2534 	 fucR
2537 	 rhaR, rhaS, fucR
2539 	 rhaR, rhaS
2541 	 rhaR, fucR
2543 	 rhaR
2545 	 fucR
2549 	 rhaR, fucR
2552 	 rhaR
2555 	 fucR
2561 	 rhaR, fucR
2564 	 rhaR
2565 	 fucR
2568 	 rhaR, rhaS, fucR
2569 	 rhaR, rhaS
2570 	 rhaR, fucR
2571 	 rhaR
2572 	 rhaR, rhaS, fucR
2573 	 rhaR, rhaS
2574 	 rhaR, rhaS, fucR
2575 	 rhaR, rhaS
2576 	 rhaR, rhaS, fucR
2577 	 rhaR, rhaS
2578 	 rhaR, rhaS, fucR
2579 	 rhaR, rhaS
2580 	 rhaR, rhaS, fucR
2581 	 rhaR, rhaS
2582 	 rhaR, rhaS, fucR
2583 	 rhaR, rhaS
2584 	 rhaR, fucR
2585 	 rhaR, rhaS
2586 	 rhaR
2587 	 rhaR, rhaS, fucR
2588 	 rhaR, fucR
2589 	 rhaR, rhaS
2590 	 rhaR
2591 	 rhaR, rhaS, fucR
2592 	 rhaR, fucR
2593 	 rhaR, rhaS, fucR
2594 	 rhaR, rhaS, fucR
2595 	 rhaR
2596 	 rhaR, rhaS
2597 	 rhaR, fucR
2598 	 rhaR, rhaS
2599 	 rhaR
2600 	 rhaR, fucR
2601 	 rhaR
2602 	 rhaR, fucR
2603 	 rhaR
2604 	 rhaR, fucR
2605 	 rhaR
2606 	 rhaR, fucR
2607 	 rhaR
2608 	 rhaR, fucR
2609 	 rhaR
2610 	 rhaR, fucR
2611 	 rhaR
2612 	 rhaR, rhaS, fucR
2613 	 rhaR, rhaS
2614 	 rhaR, rhaS, fucR
2615 	 rhaR, rhaS
2616 	 rhaR, rhaS, fucR
2617 	 rhaR, rhaS
2618 	 rhaR, rhaS, fucR
2619 	 rhaR, rhaS
2620 	 rhaR, rhaS, fucR
2621 	 rhaR, rhaS
2622 	 rhaR, rhaS, fucR
2623 	 rhaR, rhaS
2624 	 rhaR, rhaS, fucR
2625 	 rhaR, fucR
2626 	 rhaR, rhaS, fucR
2627 	 rhaR
2628 	 rhaR, rhaS
2629 	 rhaR, fucR
2630 	 rhaR, rhaS
2631 	 rhaR
2632 	 rhaR, rhaS, fucR
2633 	 rhaR, fucR
2634 	 rhaR, rhaS
2635 	 rhaR, fucR
2636 	 rhaR, rhaS, fucR
2637 	 rhaR
2638 	 rhaR, rhaS
2639 	 rhaR
2640 	 rhaR, fucR
2641 	 rhaR, fucR
2642 	 rhaR
2643 	 rhaR
2644 	 rhaR, fucR
2645 	 rhaR, fucR
2646 	 rhaR
2647 	 rhaR
2648 	 rhaR, fucR
2649 	 rhaR, fucR
2650 	 rhaR
2651 	 rhaR
2652 	 rhaR, rhaS
2653 	 rhaR, fucR
2654 	 rhaR
2655 	 rhaR, fucR
2656 	 rhaR
2657 	 rhaR, rhaS, fucR
2658 	 rhaR, rhaS
2659 	 rhaR, rhaS, fucR
2660 	 rhaR, rhaS
2661 	 rhaR, fucR
2662 	 rhaR
2663 	 rhaR, fucR
2664 	 rhaR
2665 	 rhaR, rhaS, fucR
2666 	 rhaR, rhaS
2667 	 rhaR, rhaS, fucR
2668 	 rhaR, rhaS
2669 	 rhaR, rhaS, fucR
2670 	 rhaR, rhaS
2671 	 rhaR, rhaS, fucR
2672 	 rhaR, rhaS
2673 	 rhaR, rhaS, fucR
2674 	 rhaR, rhaS
2675 	 rhaR, rhaS, fucR
2676 	 rhaR, rhaS
2677 	 rhaR, fucR
2678 	 rhaR, rhaS, fucR
2679 	 rhaR
2680 	 rhaR, rhaS, fucR
2681 	 rhaR, fucR
2682 	 rhaR, rhaS
2683 	 rhaR
2684 	 rhaR, rhaS
2685 	 rhaR, fucR
2686 	 rhaR, fucR
2687 	 rhaR, rhaS, fucR
2688 	 rhaR
2689 	 rhaR, rhaS
2690 	 rhaR
2691 	 rhaR, rhaS, fucR
2692 	 rhaR, fucR
2693 	 rhaR, rhaS
2694 	 rhaR, fucR
2695 	 rhaR
2696 	 rhaR
2697 	 rhaR, fucR
2698 	 rhaR, fucR
2699 	 rhaR
2700 	 rhaR
2701 	 rhaR, fucR
2702 	 rhaR, fucR
2703 	 rhaR
2704 	 rhaR
2705 	 rhaR, rhaS, fucR
2706 	 rhaR, rhaS
2707 	 rhaR, rhaS, fucR
2708 	 rhaR, rhaS
2709 	 rhaR, rhaS, fucR
2710 	 rhaR, rhaS
2711 	 rhaR, rhaS, fucR
2712 	 rhaR, rhaS
2713 	 rhaR, rhaS, fucR
2714 	 rhaR, rhaS
2715 	 rhaR, rhaS, fucR
2716 	 rhaR, rhaS, fucR
2717 	 rhaR, rhaS
2718 	 rhaR, fucR
2719 	 rhaR, rhaS, fucR
2720 	 rhaR
2721 	 rhaR, rhaS, fucR
2722 	 rhaR, fucR
2723 	 rhaR, rhaS
2724 	 rhaR
2725 	 rhaR, rhaS
2726 	 rhaR, fucR
2727 	 rhaR, rhaS, fucR
2728 	 rhaR, fucR
2729 	 rhaR, rhaS
2730 	 rhaR
2731 	 rhaR, rhaS, fucR
2732 	 rhaR
2733 	 rhaR, rhaS
2734 	 rhaR, fucR
2735 	 rhaR, fucR
2736 	 rhaR
2737 	 rhaR
2738 	 rhaR, fucR
2739 	 rhaR, fucR
2740 	 rhaR
2741 	 rhaR
2742 	 rhaR, fucR
2743 	 rhaR, fucR
2744 	 rhaR
2745 	 rhaR
2746 	 rhaR, rhaS
2747 	 rhaR
2748 	 rhaR, fucR
2749 	 rhaR
2750 	 rhaR, rhaS, fucR
2751 	 rhaR, rhaS
2752 	 rhaR, rhaS, fucR
2753 	 rhaR, rhaS
2754 	 rhaR, fucR
2755 	 rhaR
2756 	 rhaR, fucR
2757 	 rhaR
2758 	 rhaR, rhaS, fucR
2759 	 rhaR, rhaS, fucR
2760 	 rhaR, rhaS
2761 	 rhaR, rhaS
2762 	 rhaR, rhaS, fucR
2763 	 rhaR, rhaS, fucR
2764 	 rhaR, rhaS
2765 	 rhaR, rhaS
2766 	 rhaR, rhaS, fucR
2767 	 rhaR, fucR
2768 	 rhaR, rhaS
2769 	 rhaR
2770 	 rhaR, rhaS, fucR
2771 	 rhaR, fucR
2772 	 rhaR, rhaS
2773 	 rhaR
2774 	 rhaR, rhaS, fucR
2775 	 rhaR, rhaS, fucR
2776 	 rhaR, rhaS
2777 	 rhaR, rhaS
2778 	 rhaR, rhaS, fucR
2779 	 rhaR, rhaS, fucR
2780 	 rhaR, rhaS
2781 	 rhaR, rhaS
2782 	 rhaR, rhaS, fucR
2783 	 rhaR, fucR
2784 	 rhaR, rhaS
2785 	 rhaR
2786 	 rhaR, rhaS, fucR
2787 	 rhaR, fucR
2788 	 rhaR, rhaS
2789 	 rhaR
2790 	 rhaR, rhaS, fucR
2791 	 rhaR, fucR
2792 	 rhaR, rhaS, fucR
2793 	 rhaR
2794 	 rhaR, rhaS
2795 	 rhaR, fucR
2796 	 rhaR, rhaS
2797 	 rhaR
2798 	 rhaR, fucR
2799 	 rhaR
2800 	 rhaR, fucR
2801 	 rhaR
2802 	 rhaR, fucR
2803 	 rhaR
2804 	 rhaR, fucR
2805 	 rhaR
2806 	 rhaR, fucR
2807 	 rhaR
2808 	 rhaR, fucR
2809 	 rhaR
2810 	 rhaR, fucR
2811 	 rhaR
2812 	 rhaR, fucR
2813 	 rhaR
2814 	 rhaR, rhaS, fucR
2815 	 rhaR, rhaS
2816 	 rhaR, rhaS, fucR
2817 	 rhaR, rhaS
2818 	 rhaR, rhaS, fucR
2819 	 rhaR, rhaS
2820 	 rhaR, rhaS, fucR
2821 	 rhaR, rhaS
2822 	 rhaR, rhaS, fucR
2823 	 rhaR, rhaS
2824 	 rhaR, rhaS, fucR
2825 	 rhaR, rhaS
2826 	 rhaR, fucR
2827 	 rhaR, rhaS, fucR
2828 	 rhaR
2829 	 rhaR, rhaS, fucR
2830 	 rhaR, fucR
2831 	 rhaR, rhaS
2832 	 rhaR
2833 	 rhaR, rhaS
2834 	 rhaR, fucR
2835 	 rhaR, rhaS, fucR
2836 	 rhaR, fucR
2837 	 rhaR, rhaS
2838 	 rhaR
2839 	 rhaR, rhaS, fucR
2840 	 rhaR
2841 	 rhaR, rhaS
2842 	 rhaR, fucR
2843 	 rhaR, fucR
2844 	 rhaR
2845 	 rhaR
2846 	 rhaR, fucR
2847 	 rhaR, fucR
2848 	 rhaR
2849 	 rhaR
2850 	 rhaR, fucR
2851 	 rhaR, fucR
2852 	 rhaR
2853 	 rhaR
2854 	 rhaR, rhaS, fucR
2855 	 rhaR, rhaS
2856 	 rhaR, rhaS, fucR
2857 	 rhaR, rhaS
2858 	 rhaR, rhaS, fucR
2859 	 rhaR, rhaS
2860 	 rhaR, rhaS, fucR
2861 	 rhaR, rhaS
2862 	 rhaR, rhaS, fucR
2863 	 rhaR, rhaS
2864 	 rhaR, rhaS, fucR
2865 	 rhaR, rhaS
2866 	 rhaR, rhaS, fucR
2867 	 rhaR, fucR
2868 	 rhaR, rhaS, fucR
2869 	 rhaR
2870 	 rhaR, rhaS
2871 	 rhaR, fucR
2872 	 rhaR, rhaS
2873 	 rhaR
2874 	 rhaR, rhaS, fucR
2875 	 rhaR, fucR
2876 	 rhaR, rhaS
2877 	 rhaR, fucR
2878 	 rhaR, rhaS, fucR
2879 	 rhaR
2880 	 rhaR, rhaS
2881 	 rhaR
2882 	 rhaR, fucR
2883 	 rhaR, fucR
2884 	 rhaR
2885 	 rhaR
2886 	 rhaR, fucR
2887 	 rhaR, fucR
2888 	 rhaR
2889 	 rhaR
2890 	 rhaR, fucR
2891 	 rhaR, fucR
2892 	 rhaR
2893 	 rhaR
2894 	 rhaR, rhaS, fucR
2895 	 rhaR, rhaS
2896 	 rhaR, rhaS, fucR
2897 	 rhaR, rhaS
2898 	 rhaR, rhaS, fucR
2899 	 rhaR, rhaS
2900 	 rhaR, rhaS, fucR
2901 	 rhaR, rhaS
2902 	 rhaR, rhaS, fucR
2903 	 rhaR, rhaS
2904 	 rhaR, rhaS, fucR
2905 	 rhaR, rhaS
2906 	 rhaR, fucR
2907 	 rhaR, rhaS, fucR
2908 	 rhaR
2909 	 rhaR, rhaS, fucR
2910 	 rhaR, fucR
2911 	 rhaR, rhaS
2912 	 rhaR
2913 	 rhaR, rhaS
2914 	 rhaR, fucR
2915 	 rhaR, rhaS, fucR
2916 	 rhaR, fucR
2917 	 rhaR, rhaS
2918 	 rhaR
2919 	 rhaR, rhaS, fucR
2920 	 rhaR
2921 	 rhaR, rhaS
2922 	 rhaR, fucR
2923 	 rhaR, fucR
2924 	 rhaR
2925 	 rhaR
2926 	 rhaR, fucR
2927 	 rhaR, fucR
2928 	 rhaR
2929 	 rhaR
2930 	 rhaR, fucR
2931 	 rhaR, fucR
2932 	 rhaR
2933 	 rhaR
2934 	 fucR
2937 	 fucR
2938 	 fucR
2941 	 fucR
2942 	 fucR
2946 	 fucR
2950 	 fucR
2954 	 fucR
2958 	 fucR
2964 	 fucR
2968 	 fucR
2972 	 fucR
2976 	 fucR
2982 	 fucR
2986 	 fucR
2990 	 fucR
2994 	 fucR
2998 	 fucR
3002 	 fucR
3008 	 fucR
3012 	 fucR
3016 	 fucR
3020 	 fucR
3032 	 fucR
3034 	 fucR
3086 	 fucR
3088 	 fucR
3090 	 fucR
3092 	 fucR
3094 	 fucR
3096 	 fucR
3098 	 fucR
3100 	 fucR
3102 	 fucR
3104 	 fucR
3106 	 fucR
3108 	 fucR
3110 	 fucR
3114 	 fucR
3118 	 fucR
3122 	 fucR
3126 	 fucR
3130 	 fucR
3134 	 fucR
3138 	 fucR
3230 	 fucR
3232 	 fucR
3234 	 fucR
3236 	 fucR
3238 	 fucR
3240 	 fucR
3242 	 fucR
3244 	 fucR
3256 	 fucR
3486 	 fucR
3488 	 fucR
3490 	 fucR
3492 	 fucR
3494 	 fucR
3496 	 fucR
3498 	 fucR
3500 	 fucR
3502 	 fucR
3504 	 fucR
3507 	 fucR
3509 	 fucR
3511 	 fucR
3512 	 fucR
3514 	 fucR
3517 	 fucR
3518 	 fucR
3519 	 fucR
3521 	 fucR
3525 	 fucR
3526 	 fucR
3529 	 fucR
3530 	 fucR
3534 	 fucR
3536 	 fucR
3540 	 fucR
3546 	 fucR
3550 	 fucR
3552 	 fucR
3554 	 fucR
3556 	 fucR
3558 	 fucR
3560 	 fucR
3566 	 fucR
3570 	 fucR
3582 	 fucR
3583 	 fucR
3585 	 fucR
3593 	 fucR
