8 	 fnr, arcA, soxS, narL, dcuR, araC, nikR
12 	 fnr, arcA, soxS, narL, dcuR, araC, nikR
68 	 fnr, arcA, soxS, narL, dcuR, araC, nikR
94 	 araC, idnR
95 	 araC
97 	 araC
99 	 araC, idnR
101 	 araC, idnR
103 	 melR, araC
105 	 melR, araC
107 	 araC
108 	 zraR, araC
109 	 araC
110 	 zraR, araC
111 	 araC, idnR
112 	 zraR, araC, idnR
113 	 araC, idnR
114 	 melR, araC, idnR
115 	 araC
116 	 zraR, araC
117 	 araC, idnR
118 	 melR, araC
119 	 araC
120 	 zraR, araC, idnR
121 	 araC, idnR
122 	 melR, araC, idnR
123 	 araC, idnR
124 	 zraR, melR, araC
125 	 araC
126 	 zraR, melR, araC, idnR
127 	 araC
128 	 zraR, melR, araC
129 	 araC, idnR
130 	 zraR, melR, araC, idnR
131 	 araC, idnR
132 	 zraR, araC
133 	 araC
134 	 melR, araC
135 	 araC, idnR
136 	 zraR, araC
137 	 araC
138 	 melR, araC, idnR
139 	 araC, idnR
140 	 zraR, araC, idnR
141 	 fnr, arcA, soxS, narL, dcuR, zraR, araC, nikR
142 	 melR, araC, idnR
143 	 melR, araC
144 	 zraR, araC, idnR
145 	 zraR, araC, idnR
146 	 zraR, melR, araC
147 	 melR, araC, idnR
148 	 zraR, melR, araC
150 	 zraR, araC, idnR
151 	 zraR, araC
152 	 melR, araC
153 	 zraR, araC, idnR
154 	 melR, araC, idnR
155 	 zraR, araC
156 	 zraR, melR, araC
157 	 zraR, araC, idnR
158 	 zraR, melR, araC, idnR
159 	 zraR, araC
162 	 zraR, melR, araC
163 	 zraR, araC, idnR
164 	 melR, araC
165 	 zraR, araC
166 	 melR, araC
167 	 zraR, araC, idnR
168 	 melR, araC, idnR
169 	 zraR, araC
170 	 zraR, araC, idnR
171 	 zraR, araC
172 	 zraR, araC, idnR
173 	 melR, araC, idnR
174 	 melR, araC
175 	 melR, araC
176 	 melR, araC, idnR
177 	 melR, araC, idnR
178 	 melR, araC
179 	 melR, araC
180 	 melR, araC, idnR
181 	 melR, araC, idnR
182 	 zraR, melR, araC, idnR
183 	 zraR, melR, araC, idnR
184 	 zraR, melR, araC, idnR
185 	 zraR, melR, araC
186 	 zraR, melR, araC, idnR
187 	 zraR, melR, araC
188 	 zraR, melR, araC, idnR
189 	 zraR, melR, araC
190 	 zraR, melR, araC, idnR
191 	 zraR, melR, araC
192 	 zraR, melR, araC, idnR
193 	 zraR, melR, araC
194 	 zraR, melR, araC, idnR
195 	 zraR, melR, araC
196 	 zraR, melR, araC, idnR
198 	 idnR
199 	 idnR
202 	 idnR
203 	 idnR
204 	 melR
205 	 melR
206 	 melR, idnR
207 	 melR, idnR
208 	 melR
209 	 melR
210 	 melR, idnR
211 	 melR, idnR
214 	 idnR
215 	 idnR
218 	 idnR
219 	 idnR
220 	 melR
221 	 melR
222 	 melR, idnR
223 	 melR, idnR
224 	 melR
225 	 melR
226 	 melR, idnR
227 	 melR, idnR
230 	 idnR
231 	 idnR
234 	 idnR
235 	 idnR
236 	 melR
237 	 melR
238 	 melR, idnR
239 	 melR, idnR
240 	 melR
241 	 melR
242 	 melR, idnR
243 	 melR, idnR
244 	 zraR
245 	 zraR
246 	 zraR, idnR
247 	 zraR, idnR
248 	 zraR
249 	 zraR
250 	 zraR, idnR
251 	 zraR, idnR
252 	 zraR, melR
253 	 zraR, melR
254 	 zraR, melR, idnR
255 	 zraR, melR, idnR
256 	 zraR, melR
257 	 zraR, melR
258 	 zraR, melR, idnR
259 	 zraR, melR, idnR
260 	 zraR
261 	 zraR
262 	 zraR, idnR
263 	 zraR, idnR
264 	 zraR
265 	 zraR
266 	 zraR, idnR
267 	 zraR, idnR
268 	 zraR, melR
269 	 zraR, melR
270 	 fnr, arcA, soxS, narL, dcuR, zraR, melR, idnR, nikR
271 	 zraR, melR, idnR
272 	 zraR, melR
273 	 zraR, melR, idnR
274 	 zraR, melR
275 	 zraR, melR, idnR
276 	 zraR
277 	 zraR, idnR
278 	 zraR
279 	 zraR
280 	 zraR, idnR
281 	 zraR
282 	 zraR, idnR
283 	 zraR, idnR
284 	 zraR, melR
285 	 zraR, melR
286 	 zraR, melR, idnR
287 	 zraR, melR, idnR
288 	 zraR, melR
290 	 zraR, melR, idnR
291 	 zraR, melR
292 	 zraR, melR, idnR
322 	 fnr, arcA, soxS, narL, dcuR, araC, nikR
323 	 fnr, arcA, soxS, narL, dcuR, araC, nikR
324 	 fnr, arcA, soxS, narL, dcuR, araC, nikR
325 	 fnr, arcA, soxS, narL, dcuR, araC, nikR
326 	 fnr, arcA, soxS, narL, dcuR, araC, idnR, nikR
327 	 fnr, arcA, soxS, narL, dcuR, araC, idnR, nikR
328 	 fnr, arcA, soxS, narL, dcuR, araC, idnR, nikR
329 	 fnr, arcA, soxS, narL, dcuR, araC, idnR, nikR
330 	 fnr, arcA, soxS, narL, dcuR, melR, araC, nikR
331 	 fnr, arcA, soxS, narL, dcuR, melR, araC, nikR
332 	 fnr, arcA, soxS, narL, dcuR, melR, araC, nikR
333 	 fnr, arcA, soxS, narL, dcuR, melR, araC, nikR
334 	 fnr, arcA, soxS, narL, dcuR, melR, araC, idnR, nikR
335 	 fnr, arcA, soxS, narL, dcuR, melR, araC, idnR, nikR
336 	 fnr, arcA, soxS, narL, dcuR, melR, araC, idnR, nikR
337 	 fnr, arcA, soxS, narL, dcuR, melR, araC, idnR, nikR
342 	 fnr, arcA, soxS, narL, dcuR, idnR, nikR
343 	 fnr, arcA, soxS, narL, dcuR, idnR, nikR
344 	 fnr, arcA, soxS, narL, dcuR, idnR, nikR
345 	 fnr, arcA, soxS, narL, dcuR, idnR, nikR
346 	 fnr, arcA, soxS, narL, dcuR, melR, nikR
347 	 fnr, arcA, soxS, narL, dcuR, melR, nikR
348 	 fnr, arcA, soxS, narL, dcuR, melR, nikR
349 	 fnr, arcA, soxS, narL, dcuR, melR, nikR
350 	 fnr, arcA, soxS, narL, dcuR, melR, idnR, nikR
351 	 fnr, arcA, soxS, narL, dcuR, melR, idnR, nikR
352 	 fnr, arcA, soxS, narL, dcuR, melR, idnR, nikR
353 	 fnr, arcA, soxS, narL, dcuR, melR, idnR, nikR
354 	 fnr, arcA, soxS, narL, dcuR, araC, nikR
355 	 fnr, arcA, soxS, narL, dcuR, araC, nikR
356 	 fnr, arcA, soxS, narL, dcuR, araC, nikR
357 	 fnr, arcA, soxS, narL, dcuR, araC, nikR
358 	 fnr, arcA, soxS, narL, dcuR, araC, idnR, nikR
359 	 fnr, arcA, soxS, narL, dcuR, araC, idnR, nikR
360 	 fnr, arcA, soxS, narL, dcuR, araC, idnR, nikR
361 	 fnr, arcA, soxS, narL, dcuR, araC, idnR, nikR
362 	 fnr, arcA, soxS, narL, dcuR, melR, araC, nikR
363 	 fnr, arcA, soxS, narL, dcuR, melR, araC, nikR
364 	 fnr, arcA, soxS, narL, dcuR, melR, araC, nikR
365 	 fnr, arcA, soxS, narL, dcuR, melR, araC, nikR
366 	 fnr, arcA, soxS, narL, dcuR, melR, araC, idnR, nikR
367 	 fnr, arcA, soxS, narL, dcuR, melR, araC, idnR, nikR
368 	 fnr, arcA, soxS, narL, dcuR, melR, araC, idnR, nikR
369 	 fnr, arcA, soxS, narL, dcuR, melR, araC, idnR, nikR
374 	 fnr, arcA, soxS, narL, dcuR, idnR, nikR
375 	 fnr, arcA, soxS, narL, dcuR, idnR, nikR
376 	 fnr, arcA, soxS, narL, dcuR, idnR, nikR
377 	 fnr, arcA, soxS, narL, dcuR, idnR, nikR
378 	 fnr, arcA, soxS, narL, dcuR, melR, nikR
379 	 fnr, arcA, soxS, narL, dcuR, melR, nikR
380 	 fnr, arcA, soxS, narL, dcuR, melR, nikR
381 	 fnr, arcA, soxS, narL, dcuR, melR, nikR
382 	 fnr, arcA, soxS, narL, dcuR, melR, idnR, nikR
383 	 fnr, arcA, soxS, narL, dcuR, melR, idnR, nikR
384 	 fnr, arcA, soxS, narL, dcuR, melR, idnR, nikR
385 	 fnr, arcA, soxS, narL, dcuR, melR, idnR, nikR
386 	 fnr, arcA, soxS, narL, dcuR, zraR, araC, nikR
387 	 fnr, arcA, soxS, narL, dcuR, zraR, araC, nikR
388 	 fnr, arcA, soxS, narL, dcuR, zraR, araC, nikR
389 	 fnr, arcA, soxS, narL, dcuR, zraR, araC, nikR
390 	 fnr, arcA, soxS, narL, dcuR, zraR, araC, idnR, nikR
391 	 fnr, arcA, soxS, narL, dcuR, zraR, araC, idnR, nikR
392 	 fnr, arcA, soxS, narL, dcuR, zraR, araC, idnR, nikR
393 	 fnr, arcA, soxS, narL, dcuR, zraR, araC, idnR, nikR
394 	 fnr, arcA, soxS, narL, dcuR, zraR, melR, araC, nikR
395 	 fnr, arcA, soxS, narL, dcuR, zraR, melR, araC, nikR
396 	 fnr, arcA, soxS, narL, dcuR, zraR, melR, araC, nikR
397 	 fnr, arcA, soxS, narL, dcuR, zraR, melR, araC, nikR
398 	 fnr, arcA, soxS, narL, dcuR, zraR, melR, araC, idnR, nikR
399 	 fnr, arcA, soxS, narL, dcuR, zraR, melR, araC, idnR, nikR
400 	 fnr, arcA, soxS, narL, dcuR, zraR, melR, araC, idnR, nikR
401 	 fnr, arcA, soxS, narL, dcuR, zraR, melR, araC, idnR, nikR
402 	 fnr, arcA, soxS, narL, dcuR, zraR, nikR
403 	 fnr, arcA, soxS, narL, dcuR, zraR, nikR
404 	 fnr, arcA, soxS, narL, dcuR, zraR, nikR
405 	 fnr, arcA, soxS, narL, dcuR, zraR, nikR
406 	 fnr, arcA, soxS, narL, dcuR, zraR, idnR, nikR
407 	 fnr, arcA, soxS, narL, dcuR, zraR, idnR, nikR
408 	 fnr, arcA, soxS, narL, dcuR, zraR, idnR, nikR
409 	 fnr, arcA, soxS, narL, dcuR, zraR, idnR, nikR
410 	 fnr, arcA, soxS, narL, dcuR, zraR, melR, nikR
411 	 fnr, arcA, soxS, narL, dcuR, zraR, melR, nikR
412 	 fnr, arcA, soxS, narL, dcuR, zraR, melR, nikR
413 	 fnr, arcA, soxS, narL, dcuR, zraR, melR, nikR
414 	 fnr, arcA, soxS, narL, dcuR, zraR, melR, idnR, nikR
415 	 fnr, arcA, soxS, narL, dcuR, zraR, melR, idnR, nikR
416 	 fnr, arcA, soxS, narL, dcuR, zraR, melR, idnR, nikR
417 	 fnr, arcA, soxS, narL, dcuR, zraR, melR, idnR, nikR
418 	 fnr, arcA, soxS, narL, dcuR, zraR, araC, nikR
419 	 fnr, arcA, soxS, narL, dcuR, zraR, araC, nikR
420 	 fnr, arcA, soxS, narL, dcuR, zraR, araC, nikR
421 	 fnr, arcA, soxS, narL, dcuR, zraR, araC, nikR
422 	 fnr, arcA, soxS, narL, dcuR, zraR, araC, idnR, nikR
423 	 fnr, arcA, soxS, narL, dcuR, zraR, araC, idnR, nikR
424 	 fnr, arcA, soxS, narL, dcuR, zraR, araC, idnR, nikR
425 	 fnr, arcA, soxS, narL, dcuR, zraR, araC, idnR, nikR
426 	 fnr, arcA, soxS, narL, dcuR, zraR, melR, araC, nikR
427 	 fnr, arcA, soxS, narL, dcuR, zraR, melR, araC, nikR
428 	 fnr, arcA, soxS, narL, dcuR, zraR, melR, araC, nikR
429 	 fnr, arcA, soxS, narL, dcuR, zraR, melR, araC, nikR
430 	 fnr, arcA, soxS, narL, dcuR, zraR, melR, araC, idnR, nikR
431 	 fnr, arcA, soxS, narL, dcuR, zraR, melR, araC, idnR, nikR
432 	 fnr, arcA, soxS, narL, dcuR, zraR, melR, araC, idnR, nikR
433 	 fnr, arcA, soxS, narL, dcuR, zraR, melR, araC, idnR, nikR
434 	 fnr, arcA, soxS, narL, dcuR, zraR, nikR
435 	 fnr, arcA, soxS, narL, dcuR, zraR, nikR
436 	 fnr, arcA, soxS, narL, dcuR, zraR, nikR
437 	 fnr, arcA, soxS, narL, dcuR, zraR, nikR
438 	 fnr, arcA, soxS, narL, dcuR, zraR, idnR, nikR
439 	 fnr, arcA, soxS, narL, dcuR, zraR, idnR, nikR
440 	 fnr, arcA, soxS, narL, dcuR, zraR, idnR, nikR
441 	 fnr, arcA, soxS, narL, dcuR, zraR, idnR, nikR
442 	 fnr, arcA, soxS, narL, dcuR, zraR, melR, nikR
443 	 zraR, melR
444 	 fnr, arcA, soxS, narL, dcuR, zraR, melR, nikR
445 	 fnr, arcA, soxS, narL, dcuR, zraR, melR, nikR
446 	 fnr, arcA, soxS, narL, dcuR, zraR, melR, idnR, nikR
447 	 fnr, arcA, soxS, narL, dcuR, zraR, melR, idnR, nikR
448 	 fnr, arcA, soxS, narL, dcuR, zraR, melR, idnR, nikR
449 	 fnr, arcA, soxS, narL, dcuR, zraR, melR, idnR, nikR
450 	 fnr, arcA, soxS, narL, rhaR, dcuR, araC, nikR
451 	 fnr, arcA, soxS, narL, dcuR, araC, nikR
452 	 fnr, arcA, soxS, narL, rhaR, dcuR, araC, nikR
453 	 fnr, arcA, soxS, narL, dcuR, melR, araC, nikR
454 	 araC, idnR
455 	 arcA, soxS, narL, dcuR, melR, araC, nikR
456 	 rhaR, araC, idnR
457 	 fnr, arcA, soxS, narL, rhaR, dcuR, melR, araC, nikR
458 	 arcA, soxS, narL, dcuR, araC, idnR, nikR
459 	 fnr, arcA, soxS, narL, rhaR, dcuR, melR, araC, nikR
460 	 rhaR, araC, idnR
461 	 arcA, soxS, narL, dcuR, araC, nikR
462 	 melR, araC, idnR
463 	 fnr, arcA, soxS, narL, dcuR, zraR, araC, nikR
465 	 melR
466 	 arcA, soxS, narL, dcuR, zraR, araC, nikR
467 	 araC
468 	 fnr, arcA, soxS, narL, rhaR, dcuR, nikR
469 	 fnr, arcA, soxS, narL, dcuR, zraR, melR, araC, nikR
470 	 araC
471 	 arcA, soxS, narL, rhaR, dcuR, melR, nikR
472 	 fnr, arcA, soxS, narL, rhaR, dcuR, melR, araC, idnR, nikR
473 	 arcA, soxS, narL, rhaR, dcuR, zraR, araC, nikR
474 	 arcA, soxS, narL, dcuR, melR, araC, idnR, nikR
475 	 fnr, arcA, soxS, narL, rhaR, dcuR, araC, nikR
476 	 rhaR, zraR, melR, araC
477 	 arcA, soxS, narL, dcuR, idnR, nikR
478 	 fnr, arcA, soxS, narL, dcuR, zraR, araC, idnR, nikR
479 	 arcA, soxS, narL, rhaR, dcuR, melR, araC, idnR, nikR
480 	 melR, araC
481 	 fnr, arcA, soxS, narL, dcuR, melR, idnR, nikR
482 	 arcA, soxS, narL, rhaR, dcuR, zraR, araC, idnR, nikR
483 	 fnr, arcA, soxS, narL, dcuR, melR, araC, nikR
484 	 arcA, soxS, narL, rhaR, dcuR, melR, araC, nikR
485 	 zraR, melR, araC, idnR
486 	 arcA, soxS, narL, rhaR, dcuR, idnR, nikR
487 	 fnr, arcA, soxS, narL, dcuR, araC, idnR, nikR
488 	 rhaR, araC, idnR
489 	 arcA, soxS, narL, rhaR, dcuR, zraR, melR, araC, idnR, nikR
490 	 rhaR, araC
491 	 arcA, soxS, narL, rhaR, dcuR, melR, idnR, nikR
492 	 fnr, arcA, soxS, narL, rhaR, dcuR, melR, araC, nikR
493 	 arcA, soxS, narL, dcuR, araC, idnR, nikR
494 	 fnr, arcA, soxS, narL, dcuR, melR, araC, idnR, nikR
495 	 arcA, soxS, narL, rhaR, dcuR, araC, idnR, nikR
496 	 fnr, arcA, soxS, narL, dcuR, melR, araC, idnR, nikR
497 	 arcA, soxS, narL, rhaR, dcuR, melR, araC, idnR, nikR
498 	 fnr, arcA, soxS, narL, rhaR, dcuR, melR, araC, idnR, nikR
499 	 arcA, soxS, narL, dcuR, araC, nikR
500 	 arcA, soxS, narL, rhaR, dcuR, araC, nikR
502 	 arcA, soxS, narL, dcuR, zraR, araC, nikR
503 	 arcA, soxS, narL, dcuR, melR, araC, nikR
504 	 arcA, soxS, narL, rhaR, dcuR, araC, nikR
505 	 arcA, soxS, narL, dcuR, melR, nikR
506 	 arcA, soxS, narL, rhaR, dcuR, melR, araC, nikR
507 	 arcA, soxS, narL, rhaR, dcuR, nikR
508 	 arcA, soxS, narL, dcuR, araC, idnR, nikR
509 	 arcA, soxS, narL, rhaR, dcuR, zraR, araC, nikR
510 	 arcA, soxS, narL, rhaR, dcuR, melR, nikR
511 	 arcA, soxS, narL, dcuR, melR, araC, nikR
512 	 arcA, soxS, narL, dcuR, idnR, nikR
513 	 arcA, soxS, narL, dcuR, zraR, melR, araC, nikR
514 	 arcA, soxS, narL, rhaR, dcuR, melR, araC, nikR
515 	 arcA, soxS, narL, rhaR, dcuR, zraR, melR, araC, nikR
516 	 arcA, soxS, narL, dcuR, melR, idnR, nikR
517 	 arcA, soxS, narL, dcuR, zraR, araC, idnR, nikR
518 	 arcA, soxS, narL, dcuR, araC, idnR, nikR
519 	 arcA, soxS, narL, rhaR, dcuR, idnR, nikR
520 	 arcA, soxS, narL, rhaR, dcuR, araC, idnR, nikR
521 	 arcA, soxS, narL, dcuR, melR, araC, idnR, nikR
522 	 arcA, soxS, narL, rhaR, dcuR, melR, idnR, nikR
523 	 arcA, soxS, narL, rhaR, dcuR, zraR, araC, idnR, nikR
524 	 arcA, soxS, narL, rhaR, dcuR, araC, idnR, nikR
525 	 arcA, soxS, narL, rhaR, dcuR, melR, araC, idnR, nikR
526 	 arcA, soxS, narL, dcuR, melR, araC, idnR, nikR
527 	 arcA, soxS, narL, dcuR, araC, nikR
528 	 arcA, soxS, narL, dcuR, melR, araC, nikR
529 	 arcA, soxS, narL, dcuR, zraR, melR, araC, idnR, nikR
530 	 arcA, soxS, narL, rhaR, dcuR, araC, nikR
531 	 arcA, soxS, narL, rhaR, dcuR, melR, araC, nikR
532 	 arcA, soxS, narL, rhaR, dcuR, melR, araC, idnR, nikR
533 	 arcA, soxS, narL, dcuR, araC, idnR, nikR
534 	 arcA, soxS, narL, dcuR, melR, araC, idnR, nikR
535 	 arcA, soxS, narL, rhaR, dcuR, zraR, melR, araC, idnR, nikR
536 	 arcA, soxS, narL, rhaR, dcuR, araC, idnR, nikR
537 	 arcA, soxS, narL, rhaR, dcuR, melR, araC, idnR, nikR
538 	 arcA, soxS, narL, dcuR, zraR, melR, araC, nikR
539 	 arcA, soxS, narL, dcuR, araC, nikR
540 	 arcA, soxS, narL, dcuR, melR, araC, nikR
541 	 arcA, soxS, narL, rhaR, dcuR, zraR, araC, nikR
542 	 arcA, soxS, narL, rhaR, dcuR, araC, nikR
543 	 arcA, soxS, narL, dcuR, zraR, nikR
544 	 arcA, soxS, narL, rhaR, dcuR, melR, araC, nikR
545 	 arcA, soxS, narL, dcuR, araC, idnR, nikR
546 	 arcA, soxS, narL, dcuR, zraR, melR, nikR
548 	 arcA, soxS, narL, dcuR, melR, araC, idnR, nikR
549 	 arcA, soxS, narL, rhaR, dcuR, zraR, nikR
550 	 arcA, soxS, narL, dcuR, melR, nikR
551 	 arcA, soxS, narL, rhaR, dcuR, araC, idnR, nikR
552 	 arcA, soxS, narL, rhaR, dcuR, zraR, melR, nikR
553 	 arcA, soxS, narL, rhaR, dcuR, nikR
554 	 arcA, soxS, narL, rhaR, dcuR, melR, araC, idnR, nikR
555 	 arcA, soxS, narL, dcuR, zraR, idnR, nikR
556 	 arcA, soxS, narL, rhaR, dcuR, melR, nikR
558 	 arcA, soxS, narL, dcuR, zraR, melR, idnR, nikR
559 	 arcA, soxS, narL, dcuR, idnR, nikR
560 	 arcA, soxS, narL, dcuR, melR, nikR
561 	 arcA, soxS, narL, rhaR, dcuR, zraR, idnR, nikR
562 	 arcA, soxS, narL, dcuR, melR, idnR, nikR
563 	 arcA, soxS, narL, rhaR, dcuR, nikR
564 	 arcA, soxS, narL, rhaR, dcuR, zraR, melR, idnR, nikR
565 	 arcA, soxS, narL, rhaR, dcuR, idnR, nikR
566 	 arcA, soxS, narL, rhaR, dcuR, melR, nikR
567 	 arcA, soxS, narL, dcuR, zraR, nikR
568 	 arcA, soxS, narL, rhaR, dcuR, melR, idnR, nikR
569 	 arcA, soxS, narL, dcuR, idnR, nikR
570 	 arcA, soxS, narL, dcuR, zraR, melR, nikR
572 	 arcA, soxS, narL, dcuR, melR, idnR, nikR
573 	 arcA, soxS, narL, rhaR, dcuR, zraR, nikR
574 	 arcA, soxS, narL, dcuR, melR, nikR
575 	 arcA, soxS, narL, rhaR, dcuR, idnR, nikR
576 	 arcA, soxS, narL, rhaR, dcuR, zraR, melR, nikR
577 	 arcA, soxS, narL, rhaR, dcuR, nikR
578 	 arcA, soxS, narL, rhaR, dcuR, melR, idnR, nikR
579 	 arcA, soxS, narL, dcuR, zraR, idnR, nikR
580 	 arcA, soxS, narL, rhaR, dcuR, melR, nikR
582 	 arcA, soxS, narL, dcuR, zraR, melR, idnR, nikR
583 	 arcA, soxS, narL, dcuR, idnR, nikR
584 	 arcA, soxS, narL, dcuR, melR, nikR
585 	 arcA, soxS, narL, rhaR, dcuR, zraR, idnR, nikR
586 	 arcA, soxS, narL, dcuR, melR, idnR, nikR
587 	 arcA, soxS, narL, rhaR, dcuR, nikR
588 	 arcA, soxS, narL, rhaR, dcuR, zraR, melR, idnR, nikR
589 	 arcA, soxS, narL, rhaR, dcuR, idnR, nikR
590 	 arcA, soxS, narL, rhaR, dcuR, melR, nikR
591 	 arcA, soxS, narL, dcuR, idnR, nikR
592 	 arcA, soxS, narL, rhaR, dcuR, melR, idnR, nikR
593 	 arcA, soxS, narL, rhaR, dcuR, idnR, nikR
594 	 arcA, soxS, narL, dcuR, melR, idnR, nikR
595 	 arcA, soxS, narL, rhaR, dcuR, melR, idnR, nikR
597 	 arcA, soxS, narL, rhaR, dcuR, nikR
598 	 arcA, soxS, narL, dcuR, melR, nikR
599 	 arcA, soxS, narL, rhaR, dcuR, melR, nikR
600 	 arcA, soxS, narL, dcuR, idnR, nikR
601 	 arcA, soxS, narL, rhaR, dcuR, idnR, nikR
602 	 arcA, soxS, narL, dcuR, melR, idnR, nikR
603 	 arcA, soxS, narL, rhaR, dcuR, melR, idnR, nikR
605 	 arcA, soxS, narL, rhaR, dcuR, nikR
606 	 arcA, soxS, narL, dcuR, melR, nikR
607 	 arcA, soxS, narL, rhaR, dcuR, melR, nikR
608 	 arcA, soxS, narL, dcuR, idnR, nikR
609 	 arcA, soxS, narL, rhaR, dcuR, idnR, nikR
610 	 arcA, soxS, narL, dcuR, melR, idnR, nikR
611 	 arcA, soxS, narL, rhaR, dcuR, melR, idnR, nikR
612 	 arcA, soxS, narL, dcuR, zraR, araC, nikR
613 	 arcA, soxS, narL, dcuR, araC, nikR
614 	 arcA, soxS, narL, rhaR, dcuR, zraR, melR, araC, nikR
615 	 arcA, soxS, narL, rhaR, dcuR, araC, nikR
616 	 arcA, soxS, narL, dcuR, zraR, araC, idnR, nikR
617 	 arcA, soxS, narL, dcuR, melR, araC, nikR
618 	 arcA, soxS, narL, rhaR, dcuR, zraR, araC, idnR, nikR
619 	 arcA, soxS, narL, dcuR, zraR, melR, araC, nikR
620 	 arcA, soxS, narL, dcuR, zraR, melR, araC, idnR, nikR
621 	 arcA, soxS, narL, rhaR, dcuR, zraR, araC, nikR
622 	 arcA, soxS, narL, dcuR, araC, nikR
623 	 arcA, soxS, narL, rhaR, dcuR, zraR, melR, araC, nikR
624 	 arcA, soxS, narL, rhaR, dcuR, zraR, melR, araC, idnR, nikR
625 	 arcA, soxS, narL, dcuR, zraR, araC, idnR, nikR
626 	 arcA, soxS, narL, dcuR, zraR, araC, nikR
627 	 arcA, soxS, narL, rhaR, dcuR, zraR, araC, idnR, nikR
628 	 arcA, soxS, narL, dcuR, zraR, melR, araC, nikR
629 	 arcA, soxS, narL, dcuR, zraR, melR, araC, idnR, nikR
630 	 arcA, soxS, narL, rhaR, dcuR, zraR, araC, nikR
631 	 arcA, soxS, narL, rhaR, dcuR, zraR, melR, araC, idnR, nikR
632 	 arcA, soxS, narL, rhaR, dcuR, zraR, melR, araC, nikR
633 	 arcA, soxS, narL, dcuR, zraR, araC, nikR
634 	 arcA, soxS, narL, dcuR, zraR, araC, idnR, nikR
635 	 arcA, soxS, narL, rhaR, dcuR, zraR, araC, nikR
636 	 arcA, soxS, narL, dcuR, zraR, melR, araC, idnR, nikR
637 	 arcA, soxS, narL, dcuR, zraR, melR, araC, nikR
638 	 arcA, soxS, narL, rhaR, dcuR, zraR, araC, idnR, nikR
639 	 arcA, soxS, narL, rhaR, dcuR, zraR, melR, araC, nikR
640 	 arcA, soxS, narL, rhaR, dcuR, zraR, melR, araC, idnR, nikR
641 	 arcA, soxS, narL, dcuR, zraR, araC, idnR, nikR
642 	 arcA, soxS, narL, dcuR, zraR, nikR
643 	 arcA, soxS, narL, dcuR, zraR, melR, araC, idnR, nikR
644 	 arcA, soxS, narL, rhaR, dcuR, zraR, nikR
645 	 arcA, soxS, narL, rhaR, dcuR, zraR, araC, idnR, nikR
646 	 arcA, soxS, narL, dcuR, zraR, melR, nikR
647 	 arcA, soxS, narL, rhaR, dcuR, zraR, melR, araC, idnR, nikR
648 	 arcA, soxS, narL, rhaR, dcuR, zraR, melR, nikR
649 	 arcA, soxS, narL, dcuR, zraR, araC, nikR
650 	 arcA, soxS, narL, dcuR, zraR, idnR, nikR
651 	 arcA, soxS, narL, dcuR, zraR, melR, araC, nikR
652 	 arcA, soxS, narL, rhaR, dcuR, zraR, idnR, nikR
653 	 arcA, soxS, narL, rhaR, dcuR, zraR, araC, nikR
654 	 arcA, soxS, narL, dcuR, zraR, melR, idnR, nikR
655 	 arcA, soxS, narL, rhaR, dcuR, zraR, melR, araC, nikR
656 	 arcA, soxS, narL, rhaR, dcuR, zraR, melR, idnR, nikR
657 	 arcA, soxS, narL, dcuR, zraR, araC, idnR, nikR
658 	 arcA, soxS, narL, dcuR, zraR, nikR
659 	 arcA, soxS, narL, rhaR, dcuR, zraR, araC, idnR, nikR
660 	 arcA, soxS, narL, dcuR, zraR, melR, nikR
661 	 arcA, soxS, narL, dcuR, zraR, melR, araC, idnR, nikR
662 	 arcA, soxS, narL, rhaR, dcuR, zraR, nikR
663 	 arcA, soxS, narL, rhaR, dcuR, zraR, melR, araC, idnR, nikR
664 	 arcA, soxS, narL, rhaR, dcuR, zraR, melR, nikR
665 	 arcA, soxS, narL, dcuR, zraR, araC, nikR
666 	 arcA, soxS, narL, dcuR, zraR, idnR, nikR
667 	 arcA, soxS, narL, rhaR, dcuR, zraR, araC, nikR
668 	 arcA, soxS, narL, dcuR, zraR, melR, idnR, nikR
669 	 arcA, soxS, narL, dcuR, zraR, melR, araC, nikR
670 	 arcA, soxS, narL, rhaR, dcuR, zraR, idnR, nikR
671 	 arcA, soxS, narL, rhaR, dcuR, zraR, melR, araC, nikR
672 	 arcA, soxS, narL, rhaR, dcuR, zraR, melR, idnR, nikR
673 	 arcA, soxS, narL, dcuR, zraR, araC, idnR, nikR
674 	 arcA, soxS, narL, rhaR, dcuR, zraR, araC, idnR, nikR
675 	 arcA, soxS, narL, rhaR, dcuR, araC, nikR
676 	 arcA, soxS, narL, dcuR, zraR, melR, araC, idnR, nikR
677 	 arcA, soxS, narL, dcuR, melR, araC, nikR
678 	 arcA, soxS, narL, rhaR, dcuR, zraR, melR, araC, idnR, nikR
679 	 arcA, soxS, narL, rhaR, dcuR, melR, araC, nikR
680 	 arcA, soxS, narL, dcuR, zraR, nikR
681 	 arcA, soxS, narL, dcuR, araC, idnR, nikR
682 	 arcA, soxS, narL, dcuR, zraR, melR, nikR
683 	 arcA, soxS, narL, rhaR, dcuR, araC, idnR, nikR
684 	 arcA, soxS, narL, rhaR, dcuR, zraR, nikR
685 	 arcA, soxS, narL, dcuR, melR, araC, idnR, nikR
686 	 arcA, soxS, narL, rhaR, dcuR, zraR, melR, nikR
687 	 arcA, soxS, narL, rhaR, dcuR, melR, araC, idnR, nikR
688 	 arcA, soxS, narL, dcuR, zraR, idnR, nikR
689 	 arcA, soxS, narL, dcuR, araC, nikR
690 	 arcA, soxS, narL, rhaR, dcuR, zraR, idnR, nikR
691 	 arcA, soxS, narL, dcuR, melR, araC, nikR
692 	 arcA, soxS, narL, dcuR, zraR, melR, idnR, nikR
693 	 arcA, soxS, narL, rhaR, dcuR, araC, nikR
694 	 arcA, soxS, narL, rhaR, dcuR, zraR, melR, idnR, nikR
695 	 arcA, soxS, narL, rhaR, dcuR, melR, araC, nikR
696 	 arcA, soxS, narL, dcuR, zraR, nikR
697 	 arcA, soxS, narL, dcuR, araC, idnR, nikR
698 	 arcA, soxS, narL, dcuR, zraR, melR, nikR
699 	 arcA, soxS, narL, rhaR, dcuR, araC, idnR, nikR
700 	 arcA, soxS, narL, rhaR, dcuR, zraR, nikR
701 	 arcA, soxS, narL, dcuR, melR, araC, idnR, nikR
702 	 arcA, soxS, narL, rhaR, dcuR, zraR, melR, nikR
703 	 arcA, soxS, narL, rhaR, dcuR, melR, araC, idnR, nikR
704 	 arcA, soxS, narL, dcuR, zraR, idnR, nikR
705 	 arcA, soxS, narL, dcuR, araC, nikR
706 	 arcA, soxS, narL, rhaR, dcuR, zraR, idnR, nikR
707 	 arcA, soxS, narL, dcuR, melR, araC, nikR
708 	 arcA, soxS, narL, dcuR, zraR, melR, idnR, nikR
709 	 arcA, soxS, narL, rhaR, dcuR, araC, nikR
710 	 arcA, soxS, narL, rhaR, dcuR, zraR, melR, idnR, nikR
711 	 arcA, soxS, narL, rhaR, dcuR, melR, araC, nikR
712 	 arcA, soxS, narL, dcuR, zraR, nikR
713 	 arcA, soxS, narL, dcuR, araC, idnR, nikR
714 	 arcA, soxS, narL, rhaR, dcuR, zraR, nikR
715 	 arcA, soxS, narL, dcuR, melR, araC, idnR, nikR
716 	 arcA, soxS, narL, dcuR, zraR, melR, nikR
717 	 arcA, soxS, narL, rhaR, dcuR, araC, idnR, nikR
718 	 arcA, soxS, narL, rhaR, dcuR, zraR, melR, nikR
719 	 arcA, soxS, narL, rhaR, dcuR, melR, araC, idnR, nikR
720 	 arcA, soxS, narL, dcuR, zraR, idnR, nikR
721 	 arcA, soxS, narL, dcuR, araC, nikR
722 	 arcA, soxS, narL, dcuR, zraR, melR, idnR, nikR
723 	 arcA, soxS, narL, rhaR, dcuR, araC, nikR
724 	 arcA, soxS, narL, rhaR, dcuR, zraR, idnR, nikR
725 	 arcA, soxS, narL, dcuR, melR, araC, nikR
726 	 arcA, soxS, narL, rhaR, dcuR, zraR, melR, idnR, nikR
727 	 arcA, soxS, narL, rhaR, dcuR, melR, araC, nikR
728 	 arcA, soxS, narL, dcuR, zraR, nikR
729 	 arcA, soxS, narL, dcuR, araC, idnR, nikR
730 	 arcA, soxS, narL, dcuR, zraR, melR, nikR
731 	 arcA, soxS, narL, rhaR, dcuR, araC, idnR, nikR
732 	 arcA, soxS, narL, rhaR, dcuR, zraR, nikR
733 	 arcA, soxS, narL, dcuR, melR, araC, idnR, nikR
734 	 arcA, soxS, narL, rhaR, dcuR, zraR, melR, nikR
735 	 arcA, soxS, narL, rhaR, dcuR, melR, araC, idnR, nikR
736 	 arcA, soxS, narL, dcuR, zraR, idnR, nikR
738 	 arcA, soxS, narL, rhaR, dcuR, zraR, idnR, nikR
739 	 arcA, soxS, narL, dcuR, melR, nikR
740 	 arcA, soxS, narL, dcuR, zraR, melR, idnR, nikR
741 	 arcA, soxS, narL, rhaR, dcuR, nikR
742 	 arcA, soxS, narL, rhaR, dcuR, zraR, melR, idnR, nikR
743 	 arcA, soxS, narL, rhaR, dcuR, melR, nikR
744 	 arcA, soxS, narL, rhaR, dcuR, melR, araC, nikR
745 	 arcA, soxS, narL, dcuR, idnR, nikR
746 	 arcA, soxS, narL, dcuR, araC, idnR, nikR
747 	 arcA, soxS, narL, dcuR, melR, idnR, nikR
748 	 arcA, soxS, narL, rhaR, dcuR, araC, idnR, nikR
749 	 arcA, soxS, narL, rhaR, dcuR, idnR, nikR
750 	 arcA, soxS, narL, dcuR, melR, araC, idnR, nikR
751 	 arcA, soxS, narL, rhaR, dcuR, melR, idnR, nikR
752 	 arcA, soxS, narL, rhaR, dcuR, melR, araC, idnR, nikR
754 	 arcA, soxS, narL, dcuR, araC, nikR
755 	 arcA, soxS, narL, dcuR, melR, nikR
756 	 arcA, soxS, narL, dcuR, melR, araC, nikR
757 	 arcA, soxS, narL, rhaR, dcuR, nikR
758 	 arcA, soxS, narL, rhaR, dcuR, araC, nikR
759 	 arcA, soxS, narL, rhaR, dcuR, melR, nikR
760 	 arcA, soxS, narL, rhaR, dcuR, melR, araC, nikR
761 	 arcA, soxS, narL, dcuR, idnR, nikR
762 	 arcA, soxS, narL, dcuR, araC, idnR, nikR
763 	 arcA, soxS, narL, dcuR, melR, idnR, nikR
764 	 arcA, soxS, narL, rhaR, dcuR, araC, idnR, nikR
765 	 arcA, soxS, narL, rhaR, dcuR, idnR, nikR
766 	 arcA, soxS, narL, dcuR, melR, araC, idnR, nikR
767 	 arcA, soxS, narL, rhaR, dcuR, melR, idnR, nikR
768 	 arcA, soxS, narL, rhaR, dcuR, melR, araC, idnR, nikR
770 	 arcA, soxS, narL, dcuR, araC, nikR
771 	 arcA, soxS, narL, rhaR, dcuR, nikR
772 	 arcA, soxS, narL, dcuR, melR, araC, nikR
773 	 arcA, soxS, narL, dcuR, melR, nikR
774 	 arcA, soxS, narL, rhaR, dcuR, araC, nikR
775 	 arcA, soxS, narL, rhaR, dcuR, melR, nikR
776 	 arcA, soxS, narL, rhaR, dcuR, melR, araC, nikR
777 	 arcA, soxS, narL, dcuR, idnR, nikR
778 	 arcA, soxS, narL, dcuR, araC, idnR, nikR
779 	 arcA, soxS, narL, dcuR, melR, idnR, nikR
780 	 arcA, soxS, narL, rhaR, dcuR, araC, idnR, nikR
781 	 arcA, soxS, narL, rhaR, dcuR, idnR, nikR
782 	 arcA, soxS, narL, dcuR, melR, araC, idnR, nikR
783 	 arcA, soxS, narL, rhaR, dcuR, melR, idnR, nikR
784 	 arcA, soxS, narL, rhaR, dcuR, melR, araC, idnR, nikR
786 	 arcA, soxS, narL, dcuR, araC, nikR
787 	 arcA, soxS, narL, rhaR, dcuR, nikR
788 	 arcA, soxS, narL, dcuR, melR, araC, nikR
789 	 arcA, soxS, narL, dcuR, melR, nikR
790 	 arcA, soxS, narL, rhaR, dcuR, araC, nikR
791 	 arcA, soxS, narL, rhaR, dcuR, melR, nikR
792 	 arcA, soxS, narL, rhaR, dcuR, melR, araC, nikR
793 	 arcA, soxS, narL, dcuR, idnR, nikR
794 	 arcA, soxS, narL, dcuR, araC, idnR, nikR
795 	 arcA, soxS, narL, dcuR, melR, idnR, nikR
796 	 arcA, soxS, narL, rhaR, dcuR, araC, idnR, nikR
797 	 arcA, soxS, narL, rhaR, dcuR, idnR, nikR
798 	 arcA, soxS, narL, dcuR, melR, araC, idnR, nikR
799 	 arcA, soxS, narL, rhaR, dcuR, melR, idnR, nikR
800 	 arcA, soxS, narL, rhaR, dcuR, melR, araC, idnR, nikR
802 	 arcA, soxS, narL, rhaR, dcuR, nikR
803 	 arcA, soxS, narL, dcuR, melR, nikR
804 	 arcA, soxS, narL, rhaR, dcuR, melR, nikR
805 	 arcA, soxS, narL, dcuR, idnR, nikR
806 	 arcA, soxS, narL, rhaR, dcuR, idnR, nikR
807 	 arcA, soxS, narL, dcuR, melR, idnR, nikR
808 	 arcA, soxS, narL, rhaR, dcuR, melR, idnR, nikR
810 	 arcA, soxS, narL, rhaR, dcuR, nikR
811 	 arcA, soxS, narL, dcuR, melR, nikR
812 	 arcA, soxS, narL, rhaR, dcuR, melR, nikR
813 	 arcA, soxS, narL, dcuR, idnR, nikR
814 	 arcA, soxS, narL, rhaR, dcuR, idnR, nikR
815 	 arcA, soxS, narL, dcuR, melR, idnR, nikR
816 	 arcA, soxS, narL, rhaR, dcuR, melR, idnR, nikR
818 	 arcA, soxS, narL, rhaR, dcuR, nikR
819 	 arcA, soxS, narL, dcuR, melR, nikR
820 	 arcA, soxS, narL, rhaR, dcuR, melR, nikR
821 	 arcA, soxS, narL, dcuR, idnR, nikR
822 	 arcA, soxS, narL, rhaR, dcuR, idnR, nikR
823 	 arcA, soxS, narL, dcuR, melR, idnR, nikR
824 	 arcA, soxS, narL, rhaR, dcuR, melR, idnR, nikR
826 	 arcA, soxS, narL, rhaR, dcuR, nikR
827 	 arcA, soxS, narL, dcuR, melR, nikR
828 	 arcA, soxS, narL, rhaR, dcuR, melR, nikR
829 	 arcA, soxS, narL, dcuR, idnR, nikR
830 	 arcA, soxS, narL, rhaR, dcuR, idnR, nikR
831 	 arcA, soxS, narL, dcuR, melR, idnR, nikR
832 	 arcA, soxS, narL, rhaR, dcuR, melR, idnR, nikR
833 	 arcA, soxS, narL, dcuR, araC, nikR
834 	 arcA, soxS, narL, dcuR, zraR, araC, nikR
835 	 arcA, soxS, narL, dcuR, melR, araC, nikR
836 	 arcA, soxS, narL, rhaR, dcuR, zraR, araC, nikR
837 	 arcA, soxS, narL, rhaR, dcuR, araC, nikR
838 	 arcA, soxS, narL, dcuR, zraR, melR, araC, nikR
839 	 arcA, soxS, narL, rhaR, dcuR, melR, araC, nikR
840 	 arcA, soxS, narL, rhaR, dcuR, zraR, melR, araC, nikR
841 	 arcA, soxS, narL, dcuR, araC, idnR, nikR
842 	 arcA, soxS, narL, dcuR, zraR, araC, idnR, nikR
843 	 arcA, soxS, narL, rhaR, dcuR, araC, idnR, nikR
844 	 arcA, soxS, narL, dcuR, zraR, melR, araC, idnR, nikR
845 	 arcA, soxS, narL, dcuR, melR, araC, idnR, nikR
846 	 arcA, soxS, narL, rhaR, dcuR, zraR, araC, idnR, nikR
847 	 arcA, soxS, narL, rhaR, dcuR, melR, araC, idnR, nikR
848 	 arcA, soxS, narL, rhaR, dcuR, zraR, melR, araC, idnR, nikR
849 	 arcA, soxS, narL, dcuR, araC, nikR
850 	 arcA, soxS, narL, dcuR, zraR, araC, nikR
851 	 arcA, soxS, narL, dcuR, melR, araC, nikR
852 	 arcA, soxS, narL, rhaR, dcuR, zraR, araC, nikR
853 	 arcA, soxS, narL, rhaR, dcuR, araC, nikR
854 	 arcA, soxS, narL, dcuR, zraR, melR, araC, nikR
855 	 arcA, soxS, narL, rhaR, dcuR, melR, araC, nikR
856 	 arcA, soxS, narL, rhaR, dcuR, zraR, melR, araC, nikR
857 	 arcA, soxS, narL, dcuR, araC, idnR, nikR
858 	 arcA, soxS, narL, dcuR, zraR, araC, idnR, nikR
859 	 arcA, soxS, narL, rhaR, dcuR, araC, idnR, nikR
860 	 arcA, soxS, narL, dcuR, zraR, melR, araC, idnR, nikR
861 	 arcA, soxS, narL, dcuR, melR, araC, idnR, nikR
862 	 arcA, soxS, narL, rhaR, dcuR, zraR, araC, idnR, nikR
863 	 arcA, soxS, narL, rhaR, dcuR, melR, araC, idnR, nikR
864 	 arcA, soxS, narL, rhaR, dcuR, zraR, melR, araC, idnR, nikR
865 	 arcA, soxS, narL, dcuR, araC, nikR
866 	 arcA, soxS, narL, dcuR, zraR, araC, nikR
867 	 arcA, soxS, narL, dcuR, araC, idnR, nikR
868 	 arcA, soxS, narL, rhaR, dcuR, zraR, araC, nikR
869 	 arcA, soxS, narL, dcuR, melR, araC, nikR
870 	 arcA, soxS, narL, dcuR, zraR, araC, idnR, nikR
871 	 arcA, soxS, narL, rhaR, dcuR, araC, nikR
872 	 arcA, soxS, narL, dcuR, zraR, melR, araC, nikR
873 	 arcA, soxS, narL, rhaR, dcuR, araC, idnR, nikR
874 	 arcA, soxS, narL, rhaR, dcuR, zraR, melR, araC, nikR
875 	 arcA, soxS, narL, dcuR, melR, araC, idnR, nikR
876 	 arcA, soxS, narL, dcuR, zraR, melR, araC, idnR, nikR
877 	 arcA, soxS, narL, rhaR, dcuR, melR, araC, nikR
878 	 arcA, soxS, narL, rhaR, dcuR, zraR, araC, idnR, nikR
879 	 arcA, soxS, narL, rhaR, dcuR, melR, araC, idnR, nikR
880 	 arcA, soxS, narL, rhaR, dcuR, zraR, melR, araC, idnR, nikR
881 	 arcA, soxS, narL, dcuR, araC, nikR
882 	 arcA, soxS, narL, dcuR, zraR, araC, nikR
883 	 arcA, soxS, narL, rhaR, dcuR, araC, nikR
884 	 arcA, soxS, narL, dcuR, zraR, melR, araC, nikR
885 	 arcA, soxS, narL, dcuR, melR, araC, nikR
886 	 arcA, soxS, narL, rhaR, dcuR, zraR, araC, nikR
887 	 arcA, soxS, narL, dcuR, araC, idnR, nikR
888 	 arcA, soxS, narL, rhaR, dcuR, zraR, melR, araC, nikR
889 	 arcA, soxS, narL, rhaR, dcuR, melR, araC, nikR
890 	 arcA, soxS, narL, dcuR, zraR, araC, idnR, nikR
891 	 arcA, soxS, narL, dcuR, melR, araC, idnR, nikR
892 	 arcA, soxS, narL, dcuR, zraR, melR, araC, idnR, nikR
893 	 arcA, soxS, narL, rhaR, dcuR, araC, idnR, nikR
894 	 arcA, soxS, narL, rhaR, dcuR, zraR, araC, idnR, nikR
895 	 arcA, soxS, narL, dcuR, zraR, araC, nikR
896 	 fnr, arcA, soxS, narL, dcuR, zraR, nikR
897 	 arcA, soxS, narL, dcuR, zraR, araC, nikR
898 	 fnr, arcA, soxS, narL, dcuR, zraR, nikR
899 	 arcA, soxS, narL, dcuR, zraR, araC, idnR, nikR
900 	 fnr, arcA, soxS, narL, rhaR, dcuR, zraR, melR, araC, idnR, nikR
901 	 fnr, arcA, soxS, narL, rhaR, dcuR, zraR, araC, nikR
902 	 arcA, soxS, narL, rhaR, dcuR, zraR, nikR
903 	 fnr, arcA, soxS, narL, dcuR, zraR, araC, nikR
904 	 arcA, soxS, narL, dcuR, zraR, idnR, nikR
905 	 fnr, arcA, soxS, narL, dcuR, zraR, nikR
906 	 fnr, arcA, soxS, narL, rhaR, dcuR, zraR, idnR, nikR
907 	 arcA, soxS, narL, dcuR, zraR, araC, idnR, nikR
908 	 fnr, arcA, soxS, narL, dcuR, zraR, idnR, nikR
909 	 arcA, soxS, narL, rhaR, dcuR, zraR, araC, idnR, nikR
910 	 fnr, arcA, soxS, narL, dcuR, zraR, melR, nikR
911 	 fnr, arcA, soxS, narL, dcuR, zraR, araC, idnR, nikR
912 	 fnr, arcA, soxS, narL, rhaR, dcuR, zraR, melR, nikR
913 	 arcA, soxS, narL, dcuR, zraR, nikR
914 	 fnr, arcA, soxS, narL, dcuR, zraR, nikR
915 	 zraR, araC
916 	 fnr, arcA, soxS, narL, dcuR, zraR, melR, idnR, nikR
917 	 rhaR, melR, araC, idnR
918 	 arcA, soxS, narL, rhaR, dcuR, zraR, melR, idnR, nikR
919 	 zraR, araC
920 	 arcA, soxS, narL, dcuR, zraR, melR, nikR
921 	 zraR, araC
922 	 arcA, soxS, narL, dcuR, zraR, melR, nikR
923 	 rhaR, zraR, araC
924 	 arcA, soxS, narL, rhaR, dcuR, zraR, nikR
925 	 zraR, araC, idnR
926 	 arcA, soxS, narL, rhaR, dcuR, zraR, nikR
927 	 zraR, araC
928 	 arcA, soxS, narL, dcuR, zraR, idnR, nikR
929 	 zraR, araC, idnR
930 	 arcA, soxS, narL, rhaR, dcuR, zraR, idnR, nikR
931 	 zraR, araC
932 	 arcA, soxS, narL, dcuR, zraR, nikR
933 	 zraR, melR, araC
934 	 arcA, soxS, narL, rhaR, dcuR, zraR, nikR
935 	 zraR, melR, araC, idnR
936 	 arcA, soxS, narL, dcuR, zraR, idnR, nikR
937 	 zraR, melR, araC
938 	 arcA, soxS, narL, dcuR, zraR, melR, idnR, nikR
939 	 rhaR, zraR, araC
940 	 arcA, soxS, narL, dcuR, zraR, melR, nikR
941 	 rhaR, zraR, araC
942 	 arcA, soxS, narL, rhaR, dcuR, zraR, melR, nikR
943 	 zraR, melR, araC, idnR
944 	 arcA, soxS, narL, rhaR, dcuR, zraR, melR, idnR, nikR
945 	 rhaR, zraR, araC
946 	 arcA, soxS, narL, dcuR, zraR, melR, idnR, nikR
947 	 zraR, melR, araC
948 	 arcA, soxS, narL, rhaR, dcuR, zraR, idnR, nikR
949 	 rhaR, zraR, melR, araC
950 	 arcA, soxS, narL, rhaR, dcuR, zraR, idnR, nikR
951 	 zraR, melR, araC
952 	 arcA, soxS, narL, rhaR, dcuR, zraR, melR, nikR
953 	 rhaR, zraR, melR, araC
954 	 arcA, soxS, narL, rhaR, dcuR, zraR, melR, idnR, nikR
955 	 zraR, melR, araC
956 	 arcA, soxS, narL, rhaR, dcuR, zraR, melR, nikR
957 	 zraR, melR, araC
958 	 arcA, soxS, narL, dcuR, zraR, melR, idnR, nikR
959 	 rhaR, zraR, melR, araC
960 	 arcA, soxS, narL, rhaR, dcuR, zraR, melR, idnR, nikR
961 	 rhaR, zraR, melR, araC
962 	 arcA, soxS, narL, dcuR, zraR, araC, idnR, nikR
963 	 zraR, melR, araC, idnR
964 	 arcA, soxS, narL, rhaR, dcuR, zraR, melR, araC, idnR, nikR
965 	 rhaR, zraR, melR, araC
966 	 arcA, soxS, narL, dcuR, zraR, melR, araC, idnR, nikR
967 	 zraR, melR, araC, idnR
968 	 arcA, soxS, narL, rhaR, dcuR, zraR, araC, idnR, nikR
969 	 rhaR, zraR, araC, idnR
970 	 arcA, soxS, narL, rhaR, dcuR, zraR, araC, idnR, nikR
971 	 rhaR, zraR, araC
972 	 arcA, soxS, narL, dcuR, zraR, melR, araC, nikR
973 	 rhaR, zraR, melR, araC, idnR
974 	 arcA, soxS, narL, rhaR, dcuR, zraR, araC, nikR
975 	 zraR, araC, idnR
976 	 arcA, soxS, narL, rhaR, dcuR, zraR, melR, araC, nikR
977 	 rhaR, zraR, araC, idnR
978 	 arcA, soxS, narL, rhaR, dcuR, zraR, araC, idnR, nikR
979 	 zraR, melR, araC, idnR
980 	 arcA, soxS, narL, dcuR, zraR, melR, araC, nikR
981 	 rhaR, zraR, melR, araC, idnR
982 	 arcA, soxS, narL, rhaR, dcuR, zraR, melR, araC, nikR
983 	 rhaR, zraR, araC, idnR
984 	 arcA, soxS, narL, rhaR, dcuR, zraR, araC, nikR
985 	 zraR, melR, araC, idnR
986 	 arcA, soxS, narL, dcuR, zraR, araC, idnR, nikR
987 	 rhaR, zraR, araC, idnR
988 	 arcA, soxS, narL, rhaR, dcuR, zraR, melR, araC, nikR
989 	 rhaR, zraR, melR, araC, idnR
990 	 arcA, soxS, narL, rhaR, dcuR, zraR, melR, araC, idnR, nikR
991 	 zraR, melR, araC, idnR
992 	 arcA, soxS, narL, rhaR, dcuR, zraR, melR, araC, idnR, nikR
993 	 rhaR, zraR, melR, araC, idnR
994 	 arcA, soxS, narL, rhaR, dcuR, zraR, melR, araC, idnR, nikR
996 	 zraR, melR
997 	 fnr, arcA, soxS, narL, dcuR, zraR, nikR
998 	 melR
1000 	 zraR, melR
1001 	 fnr, arcA, soxS, narL, dcuR, zraR, nikR
1002 	 idnR
1003 	 fnr, arcA, soxS, narL, dcuR, zraR, idnR, nikR
1004 	 zraR, melR
1005 	 fnr, arcA, soxS, narL, dcuR, zraR, idnR, nikR
1006 	 rhaR, zraR
1007 	 fnr, arcA, soxS, narL, dcuR, zraR, melR, nikR
1008 	 rhaR, zraR
1009 	 fnr, arcA, soxS, narL, dcuR, zraR, melR, idnR, nikR
1010 	 rhaR
1011 	 fnr, arcA, soxS, narL, rhaR, dcuR, melR, nikR
1012 	 zraR
1013 	 fnr, arcA, soxS, narL, rhaR, dcuR, zraR, nikR
1014 	 zraR, melR
1015 	 fnr, arcA, soxS, narL, rhaR, dcuR, zraR, melR, nikR
1016 	 zraR, idnR
1017 	 fnr, arcA, soxS, narL, rhaR, dcuR, zraR, melR, nikR
1018 	 zraR, idnR
1019 	 fnr, arcA, soxS, narL, dcuR, zraR, nikR
1021 	 fnr, arcA, soxS, narL, dcuR, melR, idnR, nikR
1022 	 rhaR
1023 	 fnr, arcA, soxS, narL, rhaR, dcuR, zraR, idnR, nikR
1025 	 fnr, arcA, soxS, narL, rhaR, dcuR, zraR, melR, idnR, nikR
1026 	 idnR
1027 	 fnr, arcA, soxS, narL, rhaR, dcuR, zraR, melR, nikR
1028 	 idnR
1029 	 fnr, arcA, soxS, narL, dcuR, melR, nikR
1030 	 zraR, idnR
1031 	 fnr, arcA, soxS, narL, dcuR, zraR, melR, idnR, nikR
1032 	 idnR
1033 	 fnr, arcA, soxS, narL, rhaR, dcuR, idnR, nikR
1034 	 rhaR, zraR, idnR
1035 	 fnr, arcA, soxS, narL, rhaR, dcuR, zraR, idnR, nikR
1036 	 rhaR
1037 	 fnr, arcA, soxS, narL, dcuR, zraR, nikR
1038 	 rhaR
1039 	 fnr, arcA, soxS, narL, dcuR, melR, nikR
1040 	 rhaR, zraR
1041 	 fnr, arcA, soxS, narL, rhaR, dcuR, melR, idnR, nikR
1042 	 rhaR, idnR
1043 	 fnr, arcA, soxS, narL, dcuR, zraR, melR, nikR
1044 	 rhaR, idnR
1045 	 fnr, arcA, soxS, narL, dcuR, zraR, melR, nikR
1046 	 melR
1047 	 fnr, arcA, soxS, narL, rhaR, dcuR, zraR, nikR
1048 	 melR, idnR
1049 	 fnr, arcA, soxS, narL, rhaR, dcuR, zraR, nikR
1050 	 melR, idnR
1051 	 fnr, arcA, soxS, narL, rhaR, dcuR, melR, nikR
1052 	 zraR, melR, idnR
1053 	 fnr, arcA, soxS, narL, rhaR, dcuR, zraR, melR, idnR, nikR
1054 	 melR, idnR
1055 	 fnr, arcA, soxS, narL, rhaR, dcuR, melR, idnR, nikR
1056 	 rhaR, zraR
1057 	 fnr, arcA, soxS, narL, dcuR, zraR, melR, idnR, nikR
1058 	 zraR
1059 	 fnr, arcA, soxS, narL, dcuR, zraR, idnR, nikR
1060 	 rhaR, zraR, melR
1061 	 fnr, arcA, soxS, narL, dcuR, zraR, melR, idnR, nikR
1062 	 rhaR, zraR, melR
1063 	 fnr, arcA, soxS, narL, rhaR, dcuR, zraR, melR, nikR
1064 	 rhaR, zraR, idnR
1065 	 fnr, arcA, soxS, narL, rhaR, dcuR, zraR, melR, idnR, nikR
1066 	 arcA, soxS, narL, rhaR, dcuR, idnR, nikR
1067 	 fnr, arcA, soxS, narL, rhaR, dcuR, zraR, idnR, nikR
1068 	 rhaR, zraR, idnR
1069 	 fnr, arcA, soxS, narL, rhaR, dcuR, zraR, melR, idnR, nikR
1070 	 rhaR, zraR, melR, idnR
1071 	 fnr, arcA, soxS, narL, dcuR, zraR, melR, nikR
1072 	 rhaR, melR
1073 	 fnr, arcA, soxS, narL, rhaR, dcuR, melR, nikR
1074 	 zraR, idnR
1075 	 fnr, arcA, soxS, narL, rhaR, dcuR, zraR, nikR
1076 	 rhaR, melR, idnR
1077 	 fnr, arcA, soxS, narL, rhaR, dcuR, zraR, melR, nikR
1078 	 zraR, melR, idnR
1079 	 fnr, arcA, soxS, narL, dcuR, zraR, melR, idnR, nikR
1080 	 rhaR, melR, idnR
1081 	 fnr, arcA, soxS, narL, rhaR, dcuR, zraR, melR, nikR
1082 	 zraR, idnR
1083 	 fnr, arcA, soxS, narL, rhaR, dcuR, zraR, melR, idnR, nikR
1084 	 zraR, melR, idnR
1085 	 fnr, arcA, soxS, narL, rhaR, dcuR, zraR, idnR, nikR
1086 	 rhaR, zraR, idnR
1087 	 fnr, arcA, soxS, narL, rhaR, dcuR, zraR, melR, idnR, nikR
1088 	 rhaR, zraR, melR, idnR
