1 	 zraR, fucR, hyfR, nikR, rhaR, rhaS, soxR, narL, soxS, arcA, fnr
3 	 zraR, hyfR, nikR, rhaR, rhaS, soxR, narL, soxS, arcA, fnr
10 	 zraR, fucR, hyfR, betI, rhaR, rhaS, soxR, narL, gadW, soxS, arcA, fnr
11 	 zraR, fucR, hyfR, nikR, rhaR, rhaS, soxR, narL, soxS, arcA, fnr
12 	 zraR, fucR, hyfR, betI, rhaR, rhaS, soxR, narL, gadW, soxS, arcA, fnr
13 	 zraR, fucR, hyfR, nikR, rhaR, rhaS, soxR, narL, soxS, arcA, fnr
14 	 zraR, fucR, hyfR, nikR, betI, rhaR, rhaS, soxR, narL, gadW, soxS, arcA, fnr
15 	 zraR, fucR, hyfR, nikR, soxR, narL, soxS, arcA, fnr
16 	 zraR, fucR, betI, rhaR, rhaS, soxR, narL, gadW, soxS, arcA, fnr
17 	 zraR, hyfR, nikR, soxR, narL, soxS, arcA, fnr
18 	 zraR, fucR, nikR, rhaR, rhaS, soxR, narL, soxS, arcA, fnr
19 	 zraR, hyfR, nikR, rhaR, rhaS, soxR, narL, soxS, arcA, fnr
20 	 zraR, fucR, hyfR, betI, rhaR, rhaS, soxR, narL, gadW, soxS, arcA, fnr
21 	 zraR, fucR, hyfR, betI, rhaR, rhaS, soxR, narL, gadW, soxS, arcA, fnr
22 	 zraR, araC, fucR, hyfR, nikR, rhaR, rhaS, soxR, narL, soxS, arcA, fnr
23 	 zraR, nikR, rhaR, rhaS, soxR, narL, soxS, arcA, fnr
24 	 zraR, araC, fucR, hyfR, nikR, rhaR, rhaS, soxR, narL, soxS, arcA, fnr
25 	 zraR, fucR, hyfR, betI, rhaR, rhaS, soxR, narL, gadW, soxS, arcA, fnr
26 	 zraR, fucR, hyfR, nikR, rhaR, rhaS, soxR, narL, soxS, arcA, fnr
27 	 zraR, hyfR, betI, rhaR, rhaS, soxR, narL, gadW, soxS, arcA, fnr
28 	 zraR, fucR, hyfR, nikR, rhaR, rhaS, soxR, narL, soxS, arcA, fnr
29 	 zraR, hyfR, betI, rhaR, rhaS, soxR, narL, gadW, soxS, arcA, fnr
30 	 zraR, hyfR, nikR, rhaR, rhaS, soxR, narL, soxS, arcA, fnr
31 	 zraR, fucR, hyfR, betI, rhaR, rhaS, soxR, narL, gadW, soxS, arcA, fnr
32 	 zraR, fucR, nikR, rhaR, rhaS, soxR, narL, soxS, arcA, fnr
33 	 zraR, fucR, hyfR, betI, rhaR, rhaS, soxR, narL, gadW, soxS, arcA, fnr
34 	 zraR, araC, fucR, hyfR, nikR, soxR, narL, soxS, arcA, fnr
35 	 zraR, fucR, hyfR, betI, rhaR, rhaS, soxR, narL, gadW, soxS, arcA, fnr
36 	 zraR, araC, hyfR, nikR, rhaR, rhaS, soxR, narL, soxS, arcA, fnr
37 	 zraR, araC, fucR, hyfR, nikR, rhaR, rhaS, soxR, narL, soxS, arcA, fnr
38 	 zraR, araC, hyfR, rhaR, rhaS, soxR, narL, soxS, arcA, fnr
39 	 zraR, fucR, betI, rhaR, rhaS, soxR, narL, gadW, soxS, arcA, fnr
40 	 zraR, araC, fucR, hyfR, rhaR, rhaS, soxR, narL, soxS, arcA, fnr
41 	 zraR, hyfR, betI, rhaR, rhaS, soxR, narL, gadW, soxS, arcA, fnr
42 	 zraR, fucR, hyfR, betI, rhaR, rhaS, soxR, narL, gadW, soxS, arcA, fnr
43 	 zraR, hyfR, nikR, rhaR, rhaS, soxR, narL, soxS, arcA, fnr
44 	 zraR, fucR, hyfR, betI, rhaR, rhaS, soxR, narL, gadW, soxS, arcA, fnr
45 	 zraR, fucR, nikR, rhaR, rhaS, soxR, narL, soxS, arcA, fnr
46 	 zraR, fucR, hyfR, nikR, rhaR, rhaS, soxR, narL, soxS, arcA, fnr
47 	 zraR, hyfR, betI, rhaR, rhaS, soxR, narL, gadW, soxS, arcA, fnr
48 	 zraR, fucR, hyfR, betI, rhaR, rhaS, soxR, narL, gadW, soxS, arcA, fnr
49 	 zraR, fucR, hyfR, nikR, rhaR, rhaS, soxR, narL, soxS, arcA, fnr
50 	 zraR, fucR, betI, rhaR, rhaS, soxR, narL, gadW, soxS, arcA, fnr
51 	 zraR, fucR, hyfR, nikR, rhaR, rhaS, soxR, narL, soxS, arcA, fnr
52 	 zraR, fucR, rhaR, rhaS, soxR, narL, soxS, arcA, fnr
53 	 zraR, fucR, hyfR, betI, rhaR, rhaS, soxR, narL, gadW, soxS, arcA, fnr
54 	 zraR, fucR, nikR, rhaR, rhaS, soxR, narL, soxS, arcA, fnr
55 	 zraR, hyfR, rhaR, rhaS, soxR, narL, soxS, arcA, fnr
56 	 zraR, fucR, nikR, rhaR, rhaS, soxR, narL, soxS, arcA, fnr
57 	 zraR, nikR, rhaR, rhaS, soxR, narL, soxS, arcA, fnr
58 	 zraR, fucR, hyfR, betI, soxR, narL, gadW, soxS, arcA, fnr
59 	 zraR, fucR, hyfR, soxR, narL, soxS, arcA, fnr
60 	 zraR, hyfR, rhaR, rhaS, soxR, narL, soxS, arcA, fnr
61 	 zraR, fucR, hyfR, betI, rhaR, rhaS, soxR, narL, gadW, soxS, arcA, fnr
62 	 zraR, nikR, rhaR, rhaS, soxR, narL, soxS, arcA, fnr
63 	 zraR, araC, fucR, hyfR, betI, rhaR, rhaS, soxR, narL, gadW, soxS, arcA, fnr
64 	 zraR, hyfR, nikR, rhaR, rhaS, soxR, narL, soxS, arcA, fnr
65 	 zraR, araC, fucR, hyfR, betI, rhaR, rhaS, soxR, narL, gadW, soxS, arcA, fnr
66 	 zraR, araC, fucR, nikR, rhaR, rhaS, soxR, narL, soxS, arcA, fnr
67 	 zraR, araC, fucR, hyfR, rhaR, rhaS, soxR, narL, soxS, arcA, fnr
68 	 zraR, rhaR, rhaS, soxR, narL, soxS, arcA, fnr
69 	 zraR, fucR, hyfR, betI, rhaR, rhaS, soxR, narL, gadW, soxS, arcA, fnr
70 	 zraR, hyfR, nikR, rhaR, rhaS, soxR, narL, soxS, arcA, fnr
71 	 zraR, fucR, betI, rhaR, rhaS, soxR, narL, gadW, soxS, arcA, fnr
72 	 zraR, fucR, nikR, rhaR, rhaS, soxR, narL, soxS, arcA, fnr
73 	 zraR, araC, nikR, rhaR, rhaS, soxR, narL, soxS, arcA, fnr
74 	 zraR, rhaR, rhaS, soxR, narL, soxS, arcA, fnr
75 	 zraR, araC, fucR, rhaR, rhaS, soxR, narL, soxS, arcA, fnr
76 	 zraR, rhaR, rhaS, soxR, narL, soxS, arcA, fnr
77 	 zraR, araC, nikR, rhaR, rhaS, soxR, narL, soxS, arcA, fnr
78 	 zraR, betI, rhaR, rhaS, soxR, narL, gadW, soxS, arcA, fnr
79 	 zraR, araC, fucR, nikR, rhaR, rhaS, soxR, narL, soxS, arcA, fnr
80 	 zraR, betI, rhaR, rhaS, soxR, narL, gadW, soxS, arcA, fnr
81 	 zraR, araC, fucR, hyfR, rhaR, rhaS, soxR, narL, soxS, arcA, fnr
82 	 zraR, betI, rhaR, rhaS, soxR, narL, gadW, soxS, arcA, fnr
83 	 zraR, fucR, hyfR, betI, rhaR, rhaS, soxR, narL, gadW, soxS, arcA, fnr
84 	 zraR, araC, hyfR, nikR, rhaR, rhaS, soxR, narL, soxS, arcA, fnr
85 	 zraR, fucR, betI, rhaR, rhaS, soxR, narL, gadW, soxS, arcA, fnr
86 	 zraR, araC, hyfR, nikR, rhaR, rhaS, soxR, narL, soxS, arcA, fnr
87 	 zraR, fucR, betI, rhaR, rhaS, soxR, narL, gadW, soxS, arcA, fnr
88 	 zraR, araC, fucR, nikR, rhaR, rhaS, soxR, narL, soxS, arcA, fnr
89 	 zraR, betI, rhaR, rhaS, soxR, narL, gadW, soxS, arcA, fnr
90 	 zraR, araC, nikR, rhaR, rhaS, soxR, narL, soxS, arcA, fnr
91 	 zraR, fucR, betI, rhaR, rhaS, soxR, narL, gadW, soxS, arcA, fnr
92 	 zraR, araC, nikR, rhaR, rhaS, soxR, narL, soxS, arcA, fnr
93 	 zraR, fucR, betI, rhaR, rhaS, soxR, narL, gadW, soxS, arcA, fnr
94 	 zraR, hyfR, betI, rhaR, rhaS, soxR, narL, gadW, soxS, arcA, fnr
95 	 zraR, hyfR, betI, rhaR, rhaS, soxR, narL, gadW, soxS, arcA, fnr
96 	 zraR, hyfR, betI, rhaR, rhaS, soxR, narL, gadW, soxS, arcA, fnr
97 	 zraR, hyfR, nikR, betI, rhaR, rhaS, soxR, narL, gadW, soxS, arcA, fnr
98 	 zraR, betI, rhaR, rhaS, soxR, narL, gadW, soxS, arcA, fnr
99 	 zraR, betI, rhaR, rhaS, soxR, narL, gadW, soxS, arcA, fnr
100 	 zraR, betI, rhaR, rhaS, soxR, narL, gadW, soxS, arcA, fnr
101 	 zraR, betI, rhaR, rhaS, soxR, narL, gadW, soxS, arcA, fnr
102 	 zraR, araC, fucR, hyfR, betI, rhaR, rhaS, soxR, narL, gadW, soxS, arcA, fnr
103 	 zraR, araC, fucR, hyfR, betI, rhaR, rhaS, soxR, narL, gadW, soxS, arcA, fnr
104 	 zraR, araC, hyfR, betI, rhaR, rhaS, soxR, narL, gadW, soxS, arcA, fnr
105 	 zraR, araC, hyfR, betI, rhaR, rhaS, soxR, narL, gadW, soxS, arcA, fnr
106 	 zraR, araC, hyfR, betI, rhaR, rhaS, soxR, narL, gadW, soxS, arcA, fnr
107 	 zraR, araC, hyfR, betI, rhaR, rhaS, soxR, narL, gadW, soxS, arcA, fnr
108 	 zraR, araC, fucR, hyfR, betI, rhaR, rhaS, soxR, narL, gadW, soxS, arcA, fnr
109 	 zraR, araC, fucR, hyfR, betI, rhaR, rhaS, soxR, narL, gadW, soxS, arcA, fnr
110 	 zraR, araC, hyfR, betI, rhaR, rhaS, soxR, narL, gadW, soxS, arcA, fnr
111 	 zraR, araC, fucR, hyfR, betI, rhaR, rhaS, soxR, narL, gadW, soxS, arcA, fnr
112 	 zraR, araC, hyfR, betI, rhaR, rhaS, soxR, narL, gadW, soxS, arcA, fnr
113 	 zraR, araC, fucR, hyfR, betI, rhaR, rhaS, soxR, narL, gadW, soxS, arcA, fnr
114 	 zraR, araC, hyfR, betI, rhaR, rhaS, soxR, narL, gadW, soxS, arcA, fnr
115 	 zraR, araC, hyfR, betI, rhaR, rhaS, soxR, narL, gadW, soxS, arcA, fnr
116 	 zraR, araC, fucR, betI, rhaR, rhaS, soxR, narL, gadW, soxS, arcA, fnr
117 	 zraR, araC, fucR, betI, rhaR, rhaS, soxR, narL, gadW, soxS, arcA, fnr
118 	 zraR, araC, fucR, betI, rhaR, rhaS, soxR, narL, gadW, soxS, arcA, fnr
119 	 zraR, araC, betI, rhaR, rhaS, soxR, narL, gadW, soxS, arcA, fnr
120 	 zraR, araC, betI, rhaR, rhaS, soxR, narL, gadW, soxS, arcA, fnr
121 	 zraR, araC, fucR, betI, rhaR, rhaS, soxR, narL, gadW, soxS, arcA, fnr
122 	 zraR, araC, betI, rhaR, rhaS, soxR, narL, gadW, soxS, arcA, fnr
123 	 zraR, araC, betI, rhaR, rhaS, soxR, narL, gadW, soxS, arcA, fnr
124 	 zraR, araC, fucR, betI, rhaR, rhaS, soxR, narL, gadW, soxS, arcA, fnr
125 	 zraR, araC, fucR, betI, rhaR, rhaS, soxR, narL, gadW, soxS, arcA, fnr
126 	 zraR, araC, betI, rhaR, rhaS, soxR, narL, gadW, soxS, arcA, fnr
127 	 zraR, araC, fucR, betI, rhaR, rhaS, soxR, narL, gadW, soxS, arcA, fnr
128 	 zraR, araC, betI, rhaR, rhaS, soxR, narL, gadW, soxS, arcA, fnr
129 	 zraR, araC, fucR, betI, rhaR, rhaS, soxR, narL, gadW, soxS, arcA, fnr
130 	 zraR, araC, betI, rhaR, rhaS, soxR, narL, gadW, soxS, arcA, fnr
131 	 zraR, araC, betI, rhaR, rhaS, soxR, narL, gadW, soxS, arcA, fnr
132 	 zraR, fucR, hyfR, betI, rhaR, rhaS, soxR, narL, gadW, soxS, arcA, fnr
133 	 zraR, fucR, hyfR, betI, rhaR, rhaS, soxR, narL, gadW, soxS, arcA, fnr
134 	 zraR, fucR, hyfR, betI, rhaR, rhaS, soxR, narL, gadW, soxS, arcA, fnr
135 	 zraR, hyfR, betI, rhaR, rhaS, soxR, narL, gadW, soxS, arcA, fnr
136 	 zraR, hyfR, betI, rhaR, rhaS, soxR, narL, gadW, soxS, arcA, fnr
137 	 zraR, hyfR, betI, rhaR, rhaS, soxR, narL, gadW, soxS, arcA, fnr
138 	 zraR, hyfR, betI, rhaR, rhaS, soxR, narL, gadW, soxS, arcA, fnr
139 	 zraR, hyfR, betI, rhaR, rhaS, soxR, narL, gadW, soxS, arcA, fnr
140 	 zraR, fucR, hyfR, betI, rhaR, rhaS, soxR, narL, gadW, soxS, arcA, fnr
141 	 zraR, hyfR, betI, rhaR, rhaS, soxR, narL, gadW, soxS, arcA, fnr
142 	 zraR, hyfR, betI, rhaR, rhaS, soxR, narL, gadW, soxS, arcA, fnr
143 	 zraR, hyfR, betI, rhaR, rhaS, soxR, narL, gadW, soxS, arcA, fnr
144 	 zraR, hyfR, betI, rhaR, rhaS, soxR, narL, gadW, soxS, arcA, fnr
145 	 zraR, fucR, hyfR, betI, rhaR, rhaS, soxR, narL, gadW, soxS, arcA, fnr
146 	 zraR, fucR, hyfR, betI, rhaR, rhaS, soxR, narL, gadW, soxS, arcA, fnr
147 	 zraR, fucR, hyfR, betI, rhaR, rhaS, soxR, narL, gadW, soxS, arcA, fnr
148 	 zraR, hyfR, betI, rhaR, rhaS, soxR, narL, gadW, soxS, arcA, fnr
149 	 zraR, hyfR, betI, rhaR, rhaS, soxR, narL, gadW, soxS, arcA, fnr
150 	 zraR, fucR, hyfR, betI, rhaR, rhaS, soxR, narL, gadW, soxS, arcA, fnr
151 	 zraR, hyfR, betI, rhaR, rhaS, soxR, narL, gadW, soxS, arcA, fnr
152 	 zraR, hyfR, betI, rhaR, rhaS, soxR, narL, gadW, soxS, arcA, fnr
153 	 zraR, hyfR, betI, rhaR, rhaS, soxR, narL, gadW, soxS, arcA, fnr
154 	 zraR, hyfR, betI, rhaR, rhaS, soxR, narL, gadW, soxS, arcA, fnr
155 	 zraR, fucR, betI, rhaR, rhaS, soxR, narL, gadW, soxS, arcA, fnr
156 	 zraR, hyfR, betI, rhaR, rhaS, soxR, narL, gadW, soxS, arcA, fnr
157 	 zraR, fucR, betI, rhaR, rhaS, soxR, narL, gadW, soxS, arcA, fnr
158 	 zraR, fucR, betI, rhaR, rhaS, soxR, narL, gadW, soxS, arcA, fnr
159 	 zraR, betI, rhaR, rhaS, soxR, narL, gadW, soxS, arcA, fnr
160 	 zraR, fucR, betI, rhaR, rhaS, soxR, narL, gadW, soxS, arcA, fnr
161 	 zraR, fucR, betI, rhaR, rhaS, soxR, narL, gadW, soxS, arcA, fnr
162 	 zraR, betI, rhaR, rhaS, soxR, narL, gadW, soxS, arcA, fnr
163 	 zraR, betI, rhaR, rhaS, soxR, narL, gadW, soxS, arcA, fnr
164 	 zraR, betI, rhaR, rhaS, soxR, narL, gadW, soxS, arcA, fnr
165 	 zraR, fucR, betI, rhaR, rhaS, soxR, narL, gadW, soxS, arcA, fnr
166 	 zraR, fucR, betI, rhaR, rhaS, soxR, narL, gadW, soxS, arcA, fnr
167 	 zraR, betI, rhaR, rhaS, soxR, narL, gadW, soxS, arcA, fnr
168 	 zraR, fucR, betI, rhaR, rhaS, soxR, narL, gadW, soxS, arcA, fnr
169 	 zraR, betI, rhaR, rhaS, soxR, narL, gadW, soxS, arcA, fnr
170 	 zraR, betI, rhaR, rhaS, soxR, narL, gadW, soxS, arcA, fnr
171 	 zraR, fucR, betI, rhaR, rhaS, soxR, narL, gadW, soxS, arcA, fnr
172 	 zraR, betI, rhaR, rhaS, soxR, narL, gadW, soxS, arcA, fnr
173 	 zraR, fucR, betI, rhaR, rhaS, soxR, narL, gadW, soxS, arcA, fnr
174 	 zraR, fucR, betI, rhaR, rhaS, soxR, narL, gadW, soxS, arcA, fnr
175 	 zraR, betI, rhaR, rhaS, soxR, narL, gadW, soxS, arcA, fnr
176 	 zraR, fucR, betI, rhaR, rhaS, soxR, narL, gadW, soxS, arcA, fnr
177 	 zraR, betI, rhaR, rhaS, soxR, narL, gadW, soxS, arcA, fnr
178 	 zraR, fucR, betI, rhaR, rhaS, soxR, narL, gadW, soxS, arcA, fnr
179 	 zraR, fucR, betI, rhaR, rhaS, soxR, narL, gadW, soxS, arcA, fnr
180 	 zraR, fucR, betI, rhaR, rhaS, soxR, narL, gadW, soxS, arcA, fnr
181 	 zraR, fucR, betI, rhaR, rhaS, soxR, narL, gadW, soxS, arcA, fnr
182 	 zraR, betI, rhaR, rhaS, soxR, narL, gadW, soxS, arcA, fnr
183 	 zraR, betI, rhaR, rhaS, soxR, narL, gadW, soxS, arcA, fnr
184 	 zraR, betI, rhaR, rhaS, soxR, narL, gadW, soxS, arcA, fnr
185 	 zraR, betI, rhaR, rhaS, soxR, narL, gadW, soxS, arcA, fnr
186 	 zraR, betI, rhaR, rhaS, soxR, narL, gadW, soxS, arcA, fnr
187 	 zraR, araC, fucR, hyfR, betI, rhaR, rhaS, soxR, narL, gadW, soxS, arcA, fnr
188 	 zraR, betI, rhaR, rhaS, soxR, narL, gadW, soxS, arcA, fnr
189 	 zraR, araC, fucR, hyfR, betI, rhaR, rhaS, soxR, narL, gadW, soxS, arcA, fnr
190 	 zraR, araC, fucR, hyfR, betI, rhaR, rhaS, soxR, narL, gadW, soxS, arcA, fnr
191 	 zraR, araC, hyfR, betI, rhaR, rhaS, soxR, narL, gadW, soxS, arcA, fnr
192 	 zraR, araC, fucR, hyfR, betI, rhaR, rhaS, soxR, narL, gadW, soxS, arcA, fnr
193 	 zraR, araC, hyfR, betI, rhaR, rhaS, soxR, narL, gadW, soxS, arcA, fnr
194 	 zraR, araC, hyfR, betI, rhaR, rhaS, soxR, narL, gadW, soxS, arcA, fnr
195 	 zraR, araC, fucR, hyfR, betI, rhaR, rhaS, soxR, narL, gadW, soxS, arcA, fnr
196 	 zraR, araC, hyfR, betI, rhaR, rhaS, soxR, narL, gadW, soxS, arcA, fnr
197 	 zraR, araC, fucR, hyfR, betI, rhaR, rhaS, soxR, narL, gadW, soxS, arcA, fnr
198 	 zraR, araC, fucR, hyfR, betI, rhaR, rhaS, soxR, narL, gadW, soxS, arcA, fnr
199 	 zraR, araC, hyfR, betI, rhaR, rhaS, soxR, narL, gadW, soxS, arcA, fnr
200 	 zraR, araC, fucR, hyfR, betI, rhaR, rhaS, soxR, narL, gadW, soxS, arcA, fnr
201 	 zraR, araC, hyfR, betI, rhaR, rhaS, soxR, narL, gadW, soxS, arcA, fnr
202 	 zraR, araC, hyfR, betI, rhaR, rhaS, soxR, narL, gadW, soxS, arcA, fnr
203 	 zraR, araC, fucR, hyfR, betI, rhaR, rhaS, soxR, narL, gadW, soxS, arcA, fnr
204 	 zraR, araC, hyfR, betI, rhaR, rhaS, soxR, narL, gadW, soxS, arcA, fnr
205 	 zraR, araC, fucR, hyfR, betI, rhaR, rhaS, soxR, narL, gadW, soxS, arcA, fnr
206 	 zraR, araC, fucR, hyfR, betI, rhaR, rhaS, soxR, narL, gadW, soxS, arcA, fnr
207 	 zraR, araC, fucR, hyfR, betI, rhaR, rhaS, soxR, narL, gadW, soxS, arcA, fnr
208 	 zraR, araC, fucR, hyfR, betI, rhaR, rhaS, soxR, narL, gadW, soxS, arcA, fnr
209 	 zraR, araC, fucR, hyfR, betI, rhaR, rhaS, soxR, narL, gadW, soxS, arcA, fnr
210 	 zraR, araC, hyfR, betI, rhaR, rhaS, soxR, narL, gadW, soxS, arcA, fnr
211 	 zraR, araC, hyfR, betI, rhaR, rhaS, soxR, narL, gadW, soxS, arcA, fnr
212 	 zraR, araC, fucR, hyfR, betI, rhaR, rhaS, soxR, narL, gadW, soxS, arcA, fnr
213 	 zraR, araC, hyfR, betI, rhaR, rhaS, soxR, narL, gadW, soxS, arcA, fnr
214 	 zraR, araC, hyfR, betI, rhaR, rhaS, soxR, narL, gadW, soxS, arcA, fnr
215 	 zraR, araC, hyfR, betI, rhaR, rhaS, soxR, narL, gadW, soxS, arcA, fnr
216 	 zraR, araC, fucR, hyfR, betI, rhaR, rhaS, soxR, narL, gadW, soxS, arcA, fnr
217 	 zraR, araC, hyfR, betI, rhaR, rhaS, soxR, narL, gadW, soxS, arcA, fnr
218 	 zraR, araC, hyfR, betI, rhaR, rhaS, soxR, narL, gadW, soxS, arcA, fnr
219 	 zraR, araC, fucR, betI, rhaR, rhaS, soxR, narL, gadW, soxS, arcA, fnr
220 	 zraR, araC, hyfR, nikR, rhaR, rhaS, soxR, narL, soxS, arcA, fnr
221 	 zraR, araC, fucR, betI, rhaR, rhaS, soxR, narL, gadW, soxS, arcA, fnr
222 	 zraR, araC, fucR, hyfR, nikR, rhaR, rhaS, soxR, narL, soxS, arcA, fnr
223 	 zraR, araC, betI, rhaR, rhaS, soxR, narL, gadW, soxS, arcA, fnr
224 	 zraR, araC, hyfR, nikR, rhaR, rhaS, soxR, narL, soxS, arcA, fnr
225 	 zraR, araC, betI, rhaR, rhaS, soxR, narL, gadW, soxS, arcA, fnr
226 	 zraR, araC, hyfR, betI, rhaR, rhaS, soxR, narL, gadW, soxS, arcA, fnr
227 	 zraR, araC, fucR, betI, rhaR, rhaS, soxR, narL, gadW, soxS, arcA, fnr
228 	 zraR, araC, fucR, betI, rhaR, rhaS, soxR, narL, gadW, soxS, arcA, fnr
229 	 zraR, araC, fucR, betI, rhaR, rhaS, soxR, narL, gadW, soxS, arcA, fnr
230 	 zraR, araC, fucR, betI, rhaR, rhaS, soxR, narL, gadW, soxS, arcA, fnr
231 	 zraR, araC, betI, rhaR, rhaS, soxR, narL, gadW, soxS, arcA, fnr
232 	 zraR, araC, betI, rhaR, rhaS, soxR, narL, gadW, soxS, arcA, fnr
233 	 zraR, araC, betI, rhaR, rhaS, soxR, narL, gadW, soxS, arcA, fnr
234 	 zraR, araC, betI, rhaR, rhaS, soxR, narL, gadW, soxS, arcA, fnr
235 	 zraR, araC, fucR, betI, rhaR, rhaS, soxR, narL, gadW, soxS, arcA, fnr
236 	 zraR, araC, fucR, betI, rhaR, rhaS, soxR, narL, gadW, soxS, arcA, fnr
237 	 zraR, araC, fucR, betI, rhaR, rhaS, soxR, narL, gadW, soxS, arcA, fnr
238 	 zraR, araC, fucR, betI, rhaR, rhaS, soxR, narL, gadW, soxS, arcA, fnr
239 	 zraR, araC, betI, rhaR, rhaS, soxR, narL, gadW, soxS, arcA, fnr
240 	 zraR, araC, betI, rhaR, rhaS, soxR, narL, gadW, soxS, arcA, fnr
241 	 zraR, araC, betI, rhaR, rhaS, soxR, narL, gadW, soxS, arcA, fnr
242 	 zraR, araC, betI, rhaR, rhaS, soxR, narL, gadW, soxS, arcA, fnr
243 	 zraR, araC, fucR, betI, rhaR, rhaS, soxR, narL, gadW, soxS, arcA, fnr
244 	 zraR, araC, fucR, betI, rhaR, rhaS, soxR, narL, gadW, soxS, arcA, fnr
245 	 zraR, araC, fucR, betI, rhaR, rhaS, soxR, narL, gadW, soxS, arcA, fnr
246 	 zraR, araC, fucR, betI, rhaR, rhaS, soxR, narL, gadW, soxS, arcA, fnr
247 	 zraR, araC, betI, rhaR, rhaS, soxR, narL, gadW, soxS, arcA, fnr
248 	 zraR, araC, fucR, betI, rhaR, rhaS, soxR, narL, gadW, soxS, arcA, fnr
249 	 zraR, araC, betI, rhaR, rhaS, soxR, narL, gadW, soxS, arcA, fnr
250 	 zraR, araC, fucR, betI, rhaR, rhaS, soxR, narL, gadW, soxS, arcA, fnr
251 	 zraR, fucR, hyfR, betI, rhaR, rhaS, soxR, narL, gadW, soxS, arcA, fnr
252 	 zraR, fucR, hyfR, betI, rhaR, rhaS, soxR, narL, gadW, soxS, arcA, fnr
253 	 zraR, fucR, hyfR, betI, rhaR, rhaS, soxR, narL, gadW, soxS, arcA, fnr
254 	 zraR, hyfR, betI, rhaR, rhaS, soxR, narL, gadW, soxS, arcA, fnr
255 	 zraR, hyfR, betI, rhaR, rhaS, soxR, narL, gadW, soxS, arcA, fnr
256 	 zraR, fucR, hyfR, betI, rhaR, rhaS, soxR, narL, gadW, soxS, arcA, fnr
257 	 zraR, hyfR, betI, rhaR, rhaS, soxR, narL, gadW, soxS, arcA, fnr
258 	 zraR, hyfR, betI, rhaR, rhaS, soxR, narL, gadW, soxS, arcA, fnr
259 	 zraR, fucR, hyfR, betI, rhaR, rhaS, soxR, narL, gadW, soxS, arcA, fnr
260 	 zraR, fucR, hyfR, betI, rhaR, rhaS, soxR, narL, gadW, soxS, arcA, fnr
261 	 zraR, hyfR, betI, rhaR, rhaS, soxR, narL, gadW, soxS, arcA, fnr
262 	 zraR, hyfR, betI, rhaR, rhaS, soxR, narL, gadW, soxS, arcA, fnr
263 	 zraR, fucR, hyfR, betI, rhaR, rhaS, soxR, narL, gadW, soxS, arcA, fnr
264 	 zraR, fucR, hyfR, betI, rhaR, rhaS, soxR, narL, gadW, soxS, arcA, fnr
265 	 zraR, hyfR, betI, rhaR, rhaS, soxR, narL, gadW, soxS, arcA, fnr
266 	 zraR, hyfR, betI, rhaR, rhaS, soxR, narL, gadW, soxS, arcA, fnr
267 	 zraR, fucR, betI, rhaR, rhaS, soxR, narL, gadW, soxS, arcA, fnr
268 	 zraR, fucR, betI, rhaR, rhaS, soxR, narL, gadW, soxS, arcA, fnr
269 	 zraR, fucR, betI, rhaR, rhaS, soxR, narL, gadW, soxS, arcA, fnr
270 	 zraR, fucR, betI, rhaR, rhaS, soxR, narL, gadW, soxS, arcA, fnr
271 	 zraR, betI, rhaR, rhaS, soxR, narL, gadW, soxS, arcA, fnr
272 	 zraR, betI, rhaR, rhaS, soxR, narL, gadW, soxS, arcA, fnr
273 	 zraR, betI, rhaR, rhaS, soxR, narL, gadW, soxS, arcA, fnr
274 	 zraR, betI, rhaR, rhaS, soxR, narL, gadW, soxS, arcA, fnr
275 	 zraR, fucR, betI, rhaR, rhaS, soxR, narL, gadW, soxS, arcA, fnr
276 	 zraR, fucR, nikR, rhaR, rhaS, soxR, narL, soxS, arcA, fnr
277 	 zraR, fucR, betI, rhaR, rhaS, soxR, narL, gadW, soxS, arcA, fnr
278 	 zraR, nikR, rhaR, rhaS, soxR, narL, soxS, arcA, fnr
279 	 zraR, betI, rhaR, rhaS, soxR, narL, gadW, soxS, arcA, fnr
280 	 zraR, nikR, rhaR, rhaS, soxR, narL, soxS, arcA, fnr
281 	 zraR, fucR, betI, rhaR, rhaS, soxR, narL, gadW, soxS, arcA, fnr
282 	 zraR, fucR, betI, rhaR, rhaS, soxR, narL, gadW, soxS, arcA, fnr
283 	 zraR, betI, rhaR, rhaS, soxR, narL, gadW, soxS, arcA, fnr
284 	 zraR, betI, rhaR, rhaS, soxR, narL, gadW, soxS, arcA, fnr
285 	 zraR, betI, rhaR, rhaS, soxR, narL, gadW, soxS, arcA, fnr
286 	 zraR, araC, betI, rhaR, rhaS, soxR, narL, gadW, soxS, arcA, fnr
287 	 zraR, araC, fucR, nikR, rhaR, rhaS, soxR, narL, soxS, arcA, fnr
288 	 zraR, araC, betI, rhaR, rhaS, soxR, narL, gadW, soxS, arcA, fnr
289 	 zraR, araC, nikR, rhaR, rhaS, soxR, narL, soxS, arcA, fnr
290 	 zraR, araC, betI, rhaR, rhaS, soxR, narL, gadW, soxS, arcA, fnr
291 	 zraR, araC, fucR, nikR, rhaR, rhaS, soxR, narL, soxS, arcA, fnr
292 	 zraR, araC, betI, rhaR, rhaS, soxR, narL, gadW, soxS, arcA, fnr
293 	 zraR, araC, nikR, rhaR, rhaS, soxR, narL, soxS, arcA, fnr
294 	 zraR, araC, fucR, hyfR, betI, rhaR, rhaS, soxR, narL, gadW, soxS, arcA, fnr
295 	 zraR, araC, fucR, hyfR, betI, rhaR, rhaS, soxR, narL, gadW, soxS, arcA, fnr
296 	 zraR, araC, fucR, hyfR, betI, rhaR, rhaS, soxR, narL, gadW, soxS, arcA, fnr
297 	 zraR, araC, fucR, hyfR, betI, rhaR, rhaS, soxR, narL, gadW, soxS, arcA, fnr
298 	 zraR, araC, hyfR, betI, rhaR, rhaS, soxR, narL, gadW, soxS, arcA, fnr
299 	 zraR, araC, hyfR, betI, rhaR, rhaS, soxR, narL, gadW, soxS, arcA, fnr
300 	 zraR, araC, hyfR, betI, rhaR, rhaS, soxR, narL, gadW, soxS, arcA, fnr
301 	 zraR, araC, hyfR, betI, rhaR, rhaS, soxR, narL, gadW, soxS, arcA, fnr
302 	 zraR, araC, fucR, hyfR, nikR, rhaR, rhaS, soxR, narL, soxS, arcA, fnr
303 	 zraR, araC, fucR, hyfR, betI, rhaR, rhaS, soxR, narL, gadW, soxS, arcA, fnr
304 	 zraR, araC, hyfR, nikR, rhaR, rhaS, soxR, narL, soxS, arcA, fnr
305 	 zraR, araC, fucR, hyfR, betI, rhaR, rhaS, soxR, narL, gadW, soxS, arcA, fnr
306 	 zraR, araC, hyfR, nikR, rhaR, rhaS, soxR, narL, soxS, arcA, fnr
307 	 zraR, araC, fucR, hyfR, betI, rhaR, rhaS, soxR, narL, gadW, soxS, arcA, fnr
308 	 zraR, araC, hyfR, betI, rhaR, rhaS, soxR, narL, gadW, soxS, arcA, fnr
309 	 zraR, araC, fucR, hyfR, betI, rhaR, rhaS, soxR, narL, gadW, soxS, arcA, fnr
310 	 zraR, araC, hyfR, betI, rhaR, rhaS, soxR, narL, gadW, soxS, arcA, fnr
311 	 zraR, araC, hyfR, betI, rhaR, rhaS, soxR, narL, gadW, soxS, arcA, fnr
312 	 zraR, araC, hyfR, betI, rhaR, rhaS, soxR, narL, gadW, soxS, arcA, fnr
313 	 zraR, araC, fucR, betI, rhaR, rhaS, soxR, narL, gadW, soxS, arcA, fnr
314 	 zraR, araC, fucR, betI, rhaR, rhaS, soxR, narL, gadW, soxS, arcA, fnr
315 	 zraR, araC, betI, rhaR, rhaS, soxR, narL, gadW, soxS, arcA, fnr
316 	 zraR, araC, betI, rhaR, rhaS, soxR, narL, gadW, soxS, arcA, fnr
317 	 zraR, araC, fucR, betI, rhaR, rhaS, soxR, narL, gadW, soxS, arcA, fnr
318 	 zraR, araC, fucR, betI, rhaR, rhaS, soxR, narL, gadW, soxS, arcA, fnr
319 	 zraR, araC, betI, rhaR, rhaS, soxR, narL, gadW, soxS, arcA, fnr
320 	 zraR, araC, betI, rhaR, rhaS, soxR, narL, gadW, soxS, arcA, fnr
321 	 zraR, araC, fucR, betI, rhaR, rhaS, soxR, narL, gadW, soxS, arcA, fnr
322 	 zraR, araC, fucR, nikR, rhaR, rhaS, soxR, narL, soxS, arcA, fnr
323 	 zraR, araC, fucR, betI, rhaR, rhaS, soxR, narL, gadW, soxS, arcA, fnr
324 	 zraR, araC, fucR, nikR, rhaR, rhaS, soxR, narL, soxS, arcA, fnr
325 	 zraR, araC, fucR, betI, rhaR, rhaS, soxR, narL, gadW, soxS, arcA, fnr
326 	 zraR, araC, nikR, rhaR, rhaS, soxR, narL, soxS, arcA, fnr
327 	 zraR, araC, fucR, betI, rhaR, rhaS, soxR, narL, gadW, soxS, arcA, fnr
328 	 zraR, araC, nikR, rhaR, rhaS, soxR, narL, soxS, arcA, fnr
329 	 zraR, araC, betI, rhaR, rhaS, soxR, narL, gadW, soxS, arcA, fnr
330 	 zraR, araC, betI, rhaR, rhaS, soxR, narL, gadW, soxS, arcA, fnr
331 	 zraR, araC, betI, rhaR, rhaS, soxR, narL, gadW, soxS, arcA, fnr
332 	 zraR, araC, betI, rhaR, rhaS, soxR, narL, gadW, soxS, arcA, fnr
333 	 zraR, fucR, hyfR, betI, soxR, narL, gadW, soxS, arcA, fnr
334 	 zraR, fucR, hyfR, betI, soxR, narL, gadW, soxS, arcA, fnr
335 	 zraR, fucR, hyfR, betI, soxR, narL, gadW, soxS, arcA, fnr
336 	 zraR, hyfR, betI, soxR, narL, gadW, soxS, arcA, fnr
337 	 zraR, hyfR, betI, soxR, narL, gadW, soxS, arcA, fnr
338 	 zraR, hyfR, betI, soxR, narL, gadW, soxS, arcA, fnr
339 	 zraR, hyfR, betI, soxR, narL, gadW, soxS, arcA, fnr
340 	 zraR, hyfR, nikR, soxR, narL, soxS, arcA, fnr
341 	 zraR, fucR, hyfR, betI, soxR, narL, gadW, soxS, arcA, fnr
342 	 zraR, fucR, hyfR, betI, soxR, narL, gadW, soxS, arcA, fnr
343 	 zraR, hyfR, betI, soxR, narL, gadW, soxS, arcA, fnr
344 	 zraR, hyfR, betI, soxR, narL, gadW, soxS, arcA, fnr
345 	 zraR, fucR, hyfR, betI, soxR, narL, gadW, soxS, arcA, fnr
346 	 zraR, fucR, hyfR, betI, soxR, narL, gadW, soxS, arcA, fnr
347 	 zraR, hyfR, betI, soxR, narL, gadW, soxS, arcA, fnr
348 	 zraR, hyfR, betI, soxR, narL, gadW, soxS, arcA, fnr
349 	 zraR, fucR, betI, soxR, narL, gadW, soxS, arcA, fnr
350 	 zraR, fucR, betI, soxR, narL, gadW, soxS, arcA, fnr
351 	 zraR, fucR, betI, soxR, narL, gadW, soxS, arcA, fnr
354 	 zraR, fucR, betI, soxR, narL, gadW, soxS, arcA, fnr
356 	 zraR, fucR, hyfR, betI, soxR, narL, gadW, soxS, arcA, fnr
358 	 zraR, fucR, nikR, betI, soxR, narL, gadW, soxS, arcA, fnr
359 	 zraR, fucR, nikR, betI, soxR, narL, gadW, soxS, arcA, fnr
360 	 zraR, fucR, nikR, betI, soxR, narL, gadW, soxS, arcA, fnr
361 	 zraR, fucR, nikR, betI, soxR, narL, gadW, soxS, arcA, fnr
366 	 zraR, araC, fucR, hyfR, nikR, betI, soxR, narL, gadW, soxS, arcA, fnr
367 	 zraR, fucR, hyfR, nikR, betI, soxR, narL, gadW, soxS, arcA, fnr
368 	 zraR, fucR, hyfR, nikR, betI, soxR, narL, gadW, soxS, arcA, fnr
369 	 zraR, araC, fucR, hyfR, nikR, betI, soxR, narL, gadW, soxS, arcA, fnr
370 	 zraR, fucR, hyfR, nikR, betI, soxR, narL, gadW, soxS, arcA, fnr
371 	 zraR, hyfR, nikR, betI, soxR, narL, gadW, soxS, arcA, fnr
372 	 zraR, araC, fucR, hyfR, nikR, betI, soxR, narL, gadW, soxS, arcA, fnr
373 	 zraR, fucR, hyfR, nikR, betI, soxR, narL, gadW, soxS, arcA, fnr
374 	 zraR, hyfR, nikR, betI, soxR, narL, gadW, soxS, arcA, fnr
375 	 zraR, araC, fucR, hyfR, nikR, betI, soxR, narL, gadW, soxS, arcA, fnr
376 	 zraR, fucR, hyfR, nikR, betI, soxR, narL, gadW, soxS, arcA, fnr
377 	 zraR, fucR, hyfR, nikR, betI, soxR, narL, gadW, soxS, arcA, fnr
378 	 zraR, araC, hyfR, nikR, betI, soxR, narL, gadW, soxS, arcA, fnr
379 	 zraR, hyfR, nikR, betI, soxR, narL, gadW, soxS, arcA, fnr
380 	 zraR, fucR, hyfR, nikR, betI, soxR, narL, gadW, soxS, arcA, fnr
381 	 zraR, araC, hyfR, nikR, betI, soxR, narL, gadW, soxS, arcA, fnr
382 	 zraR, hyfR, nikR, betI, soxR, narL, gadW, soxS, arcA, fnr
383 	 zraR, hyfR, nikR, betI, soxR, narL, gadW, soxS, arcA, fnr
384 	 zraR, araC, hyfR, nikR, betI, soxR, narL, gadW, soxS, arcA, fnr
385 	 zraR, hyfR, nikR, betI, soxR, narL, gadW, soxS, arcA, fnr
386 	 zraR, hyfR, nikR, betI, soxR, narL, gadW, soxS, arcA, fnr
387 	 zraR, araC, hyfR, nikR, betI, soxR, narL, gadW, soxS, arcA, fnr
388 	 zraR, hyfR, nikR, betI, soxR, narL, gadW, soxS, arcA, fnr
389 	 zraR, fucR, nikR, betI, soxR, narL, gadW, soxS, arcA, fnr
390 	 zraR, araC, fucR, nikR, betI, soxR, narL, gadW, soxS, arcA, fnr
391 	 zraR, fucR, nikR, betI, soxR, narL, gadW, soxS, arcA, fnr
392 	 zraR, fucR, nikR, betI, soxR, narL, gadW, soxS, arcA, fnr
393 	 zraR, araC, fucR, nikR, betI, soxR, narL, gadW, soxS, arcA, fnr
394 	 zraR, fucR, nikR, betI, soxR, narL, gadW, soxS, arcA, fnr
396 	 zraR, araC, nikR, betI, soxR, narL, gadW, soxS, arcA, fnr
397 	 zraR, fucR, nikR, betI, soxR, narL, gadW, soxS, arcA, fnr
399 	 zraR, araC, nikR, betI, soxR, narL, gadW, soxS, arcA, fnr
400 	 zraR, fucR, nikR, betI, soxR, narL, gadW, soxS, arcA, fnr
401 	 zraR, fucR, nikR, betI, soxR, narL, gadW, soxS, arcA, fnr
402 	 zraR, araC, fucR, nikR, betI, soxR, narL, gadW, soxS, arcA, fnr
404 	 zraR, fucR, nikR, betI, soxR, narL, gadW, soxS, arcA, fnr
405 	 zraR, araC, fucR, nikR, betI, soxR, narL, gadW, soxS, arcA, fnr
408 	 zraR, araC, nikR, betI, soxR, narL, gadW, soxS, arcA, fnr
411 	 zraR, araC, nikR, betI, soxR, narL, gadW, soxS, arcA, fnr
413 	 zraR, fucR, hyfR, nikR, betI, soxR, narL, gadW, soxS, arcA, fnr
414 	 zraR, araC, fucR, hyfR, nikR, betI, soxR, narL, gadW, soxS, arcA, fnr
415 	 zraR, fucR, hyfR, nikR, betI, soxR, narL, gadW, soxS, arcA, fnr
416 	 zraR, fucR, hyfR, nikR, betI, soxR, narL, gadW, soxS, arcA, fnr
417 	 zraR, araC, fucR, hyfR, nikR, betI, soxR, narL, gadW, soxS, arcA, fnr
418 	 zraR, hyfR, nikR, betI, soxR, narL, gadW, soxS, arcA, fnr
419 	 zraR, fucR, hyfR, nikR, betI, soxR, narL, gadW, soxS, arcA, fnr
420 	 zraR, araC, hyfR, nikR, betI, soxR, narL, gadW, soxS, arcA, fnr
421 	 zraR, fucR, hyfR, nikR, betI, soxR, narL, gadW, soxS, arcA, fnr
422 	 zraR, fucR, hyfR, nikR, betI, soxR, narL, gadW, soxS, arcA, fnr
423 	 zraR, araC, hyfR, nikR, betI, soxR, narL, gadW, soxS, arcA, fnr
424 	 zraR, hyfR, nikR, betI, soxR, narL, gadW, soxS, arcA, fnr
425 	 zraR, hyfR, nikR, betI, soxR, narL, gadW, soxS, arcA, fnr
426 	 zraR, araC, fucR, hyfR, nikR, betI, soxR, narL, gadW, soxS, arcA, fnr
427 	 zraR, fucR, hyfR, nikR, betI, soxR, narL, gadW, soxS, arcA, fnr
428 	 zraR, hyfR, nikR, betI, soxR, narL, gadW, soxS, arcA, fnr
429 	 zraR, araC, hyfR, nikR, betI, soxR, narL, gadW, soxS, arcA, fnr
430 	 zraR, fucR, hyfR, nikR, betI, soxR, narL, gadW, soxS, arcA, fnr
431 	 zraR, hyfR, nikR, betI, soxR, narL, gadW, soxS, arcA, fnr
432 	 zraR, araC, fucR, hyfR, nikR, betI, soxR, narL, gadW, soxS, arcA, fnr
433 	 zraR, hyfR, nikR, betI, soxR, narL, gadW, soxS, arcA, fnr
434 	 zraR, hyfR, nikR, betI, soxR, narL, gadW, soxS, arcA, fnr
435 	 zraR, araC, hyfR, nikR, betI, soxR, narL, gadW, soxS, arcA, fnr
436 	 zraR, hyfR, nikR, betI, soxR, narL, gadW, soxS, arcA, fnr
437 	 zraR, fucR, nikR, betI, soxR, narL, gadW, soxS, arcA, fnr
438 	 zraR, araC, fucR, nikR, betI, soxR, narL, gadW, soxS, arcA, fnr
439 	 zraR, fucR, nikR, betI, soxR, narL, gadW, soxS, arcA, fnr
440 	 zraR, fucR, nikR, betI, soxR, narL, gadW, soxS, arcA, fnr
441 	 zraR, araC, nikR, betI, soxR, narL, gadW, soxS, arcA, fnr
442 	 zraR, fucR, nikR, betI, soxR, narL, gadW, soxS, arcA, fnr
444 	 zraR, araC, fucR, nikR, betI, soxR, narL, gadW, soxS, arcA, fnr
447 	 zraR, araC, nikR, betI, soxR, narL, gadW, soxS, arcA, fnr
449 	 zraR, fucR, nikR, betI, soxR, narL, gadW, soxS, arcA, fnr
450 	 zraR, araC, fucR, nikR, betI, soxR, narL, gadW, soxS, arcA, fnr
451 	 zraR, fucR, nikR, betI, soxR, narL, gadW, soxS, arcA, fnr
452 	 zraR, fucR, nikR, betI, soxR, narL, gadW, soxS, arcA, fnr
453 	 zraR, araC, nikR, betI, soxR, narL, gadW, soxS, arcA, fnr
454 	 zraR, fucR, nikR, betI, soxR, narL, gadW, soxS, arcA, fnr
456 	 zraR, araC, fucR, nikR, betI, soxR, narL, gadW, soxS, arcA, fnr
459 	 zraR, araC, nikR, betI, soxR, narL, gadW, soxS, arcA, fnr
461 	 zraR, araC, fucR, hyfR, nikR, betI, soxR, narL, gadW, soxS, arcA, fnr
462 	 zraR, araC, fucR, hyfR, nikR, betI, soxR, narL, gadW, soxS, arcA, fnr
463 	 zraR, fucR, hyfR, nikR, betI, soxR, narL, gadW, soxS, arcA, fnr
464 	 zraR, araC, hyfR, nikR, betI, soxR, narL, gadW, soxS, arcA, fnr
465 	 zraR, fucR, hyfR, nikR, betI, soxR, narL, gadW, soxS, arcA, fnr
466 	 zraR, araC, fucR, hyfR, nikR, betI, soxR, narL, gadW, soxS, arcA, fnr
467 	 zraR, hyfR, nikR, betI, soxR, narL, gadW, soxS, arcA, fnr
468 	 zraR, araC, hyfR, nikR, betI, soxR, narL, gadW, soxS, arcA, fnr
469 	 zraR, fucR, hyfR, nikR, betI, soxR, narL, gadW, soxS, arcA, fnr
470 	 zraR, araC, fucR, hyfR, nikR, betI, soxR, narL, gadW, soxS, arcA, fnr
471 	 zraR, hyfR, nikR, betI, soxR, narL, gadW, soxS, arcA, fnr
472 	 zraR, araC, fucR, hyfR, nikR, betI, soxR, narL, gadW, soxS, arcA, fnr
473 	 zraR, fucR, hyfR, nikR, betI, soxR, narL, gadW, soxS, arcA, fnr
474 	 zraR, araC, hyfR, nikR, betI, soxR, narL, gadW, soxS, arcA, fnr
475 	 zraR, hyfR, nikR, betI, soxR, narL, gadW, soxS, arcA, fnr
476 	 zraR, araC, hyfR, nikR, betI, soxR, narL, gadW, soxS, arcA, fnr
477 	 zraR, hyfR, nikR, betI, soxR, narL, gadW, soxS, arcA, fnr
478 	 zraR, araC, fucR, hyfR, nikR, betI, soxR, narL, gadW, soxS, arcA, fnr
479 	 zraR, fucR, hyfR, nikR, betI, soxR, narL, gadW, soxS, arcA, fnr
480 	 zraR, araC, hyfR, nikR, betI, soxR, narL, gadW, soxS, arcA, fnr
481 	 zraR, fucR, hyfR, nikR, betI, soxR, narL, gadW, soxS, arcA, fnr
482 	 zraR, araC, fucR, hyfR, nikR, betI, soxR, narL, gadW, soxS, arcA, fnr
483 	 zraR, fucR, hyfR, nikR, betI, soxR, narL, gadW, soxS, arcA, fnr
484 	 zraR, araC, fucR, hyfR, nikR, betI, soxR, narL, gadW, soxS, arcA, fnr
485 	 zraR, hyfR, nikR, betI, soxR, narL, gadW, soxS, arcA, fnr
486 	 zraR, araC, fucR, hyfR, nikR, betI, soxR, narL, gadW, soxS, arcA, fnr
487 	 zraR, fucR, hyfR, nikR, betI, soxR, narL, gadW, soxS, arcA, fnr
488 	 zraR, araC, hyfR, nikR, betI, soxR, narL, gadW, soxS, arcA, fnr
489 	 zraR, hyfR, nikR, betI, soxR, narL, gadW, soxS, arcA, fnr
490 	 zraR, araC, hyfR, nikR, betI, soxR, narL, gadW, soxS, arcA, fnr
491 	 zraR, hyfR, nikR, betI, soxR, narL, gadW, soxS, arcA, fnr
492 	 zraR, araC, hyfR, nikR, betI, soxR, narL, gadW, soxS, arcA, fnr
493 	 zraR, hyfR, nikR, betI, soxR, narL, gadW, soxS, arcA, fnr
494 	 zraR, araC, fucR, nikR, betI, soxR, narL, gadW, soxS, arcA, fnr
495 	 zraR, fucR, nikR, betI, soxR, narL, gadW, soxS, arcA, fnr
496 	 zraR, araC, fucR, nikR, betI, soxR, narL, gadW, soxS, arcA, fnr
497 	 zraR, fucR, nikR, betI, soxR, narL, gadW, soxS, arcA, fnr
498 	 zraR, araC, nikR, betI, soxR, narL, gadW, soxS, arcA, fnr
499 	 zraR, fucR, nikR, betI, soxR, narL, gadW, soxS, arcA, fnr
500 	 zraR, araC, fucR, nikR, betI, soxR, narL, gadW, soxS, arcA, fnr
502 	 zraR, araC, fucR, nikR, betI, soxR, narL, gadW, soxS, arcA, fnr
504 	 zraR, araC, nikR, betI, soxR, narL, gadW, soxS, arcA, fnr
506 	 zraR, araC, nikR, betI, soxR, narL, gadW, soxS, arcA, fnr
507 	 zraR, fucR, nikR, betI, soxR, narL, gadW, soxS, arcA, fnr
508 	 zraR, araC, nikR, betI, soxR, narL, gadW, soxS, arcA, fnr
510 	 zraR, araC, fucR, nikR, betI, soxR, narL, gadW, soxS, arcA, fnr
511 	 zraR, fucR, nikR, betI, soxR, narL, gadW, soxS, arcA, fnr
512 	 zraR, araC, fucR, nikR, betI, soxR, narL, gadW, soxS, arcA, fnr
513 	 zraR, fucR, nikR, betI, soxR, narL, gadW, soxS, arcA, fnr
514 	 zraR, araC, fucR, nikR, betI, soxR, narL, gadW, soxS, arcA, fnr
515 	 zraR, fucR, nikR, betI, soxR, narL, gadW, soxS, arcA, fnr
516 	 zraR, araC, fucR, nikR, betI, soxR, narL, gadW, soxS, arcA, fnr
518 	 zraR, araC, nikR, betI, soxR, narL, gadW, soxS, arcA, fnr
519 	 zraR, fucR, nikR, betI, soxR, narL, gadW, soxS, arcA, fnr
520 	 zraR, araC, nikR, betI, soxR, narL, gadW, soxS, arcA, fnr
522 	 zraR, araC, nikR, betI, soxR, narL, gadW, soxS, arcA, fnr
524 	 zraR, araC, nikR, betI, soxR, narL, gadW, soxS, arcA, fnr
526 	 zraR, araC, hyfR, nikR, betI, soxR, narL, gadW, soxS, arcA, fnr
527 	 zraR, araC, fucR, hyfR, nikR, betI, soxR, narL, gadW, soxS, arcA, fnr
528 	 zraR, araC, hyfR, nikR, betI, soxR, narL, gadW, soxS, arcA, fnr
529 	 zraR, araC, fucR, hyfR, nikR, betI, soxR, narL, gadW, soxS, arcA, fnr
530 	 zraR, araC, hyfR, nikR, betI, soxR, narL, gadW, soxS, arcA, fnr
531 	 zraR, araC, fucR, hyfR, nikR, betI, soxR, narL, gadW, soxS, arcA, fnr
532 	 zraR, araC, hyfR, nikR, betI, soxR, narL, gadW, soxS, arcA, fnr
533 	 zraR, araC, fucR, hyfR, nikR, betI, soxR, narL, gadW, soxS, arcA, fnr
534 	 zraR, araC, fucR, hyfR, nikR, betI, soxR, narL, gadW, soxS, arcA, fnr
535 	 zraR, araC, fucR, hyfR, nikR, betI, soxR, narL, gadW, soxS, arcA, fnr
536 	 zraR, araC, hyfR, nikR, betI, soxR, narL, gadW, soxS, arcA, fnr
537 	 zraR, araC, fucR, hyfR, nikR, betI, soxR, narL, gadW, soxS, arcA, fnr
538 	 zraR, araC, hyfR, nikR, betI, soxR, narL, gadW, soxS, arcA, fnr
539 	 zraR, araC, hyfR, nikR, betI, soxR, narL, gadW, soxS, arcA, fnr
540 	 zraR, araC, hyfR, nikR, betI, soxR, narL, gadW, soxS, arcA, fnr
541 	 zraR, araC, fucR, nikR, betI, soxR, narL, gadW, soxS, arcA, fnr
542 	 zraR, araC, fucR, nikR, betI, soxR, narL, gadW, soxS, arcA, fnr
543 	 zraR, araC, nikR, betI, soxR, narL, gadW, soxS, arcA, fnr
544 	 zraR, araC, nikR, betI, soxR, narL, gadW, soxS, arcA, fnr
545 	 zraR, araC, fucR, nikR, betI, soxR, narL, gadW, soxS, arcA, fnr
546 	 zraR, araC, fucR, nikR, betI, soxR, narL, gadW, soxS, arcA, fnr
547 	 zraR, araC, nikR, betI, soxR, narL, gadW, soxS, arcA, fnr
548 	 zraR, araC, nikR, betI, soxR, narL, gadW, soxS, arcA, fnr
549 	 zraR, araC, fucR, nikR, betI, soxR, narL, gadW, soxS, arcA, fnr
550 	 zraR, araC, nikR, betI, soxR, narL, gadW, soxS, arcA, fnr
551 	 zraR, araC, fucR, nikR, betI, soxR, narL, gadW, soxS, arcA, fnr
552 	 zraR, araC, nikR, betI, soxR, narL, gadW, soxS, arcA, fnr
553 	 zraR, araC, fucR, nikR, betI, soxR, narL, gadW, soxS, arcA, fnr
554 	 zraR, araC, nikR, betI, soxR, narL, gadW, soxS, arcA, fnr
555 	 zraR, araC, fucR, nikR, betI, soxR, narL, gadW, soxS, arcA, fnr
556 	 zraR, araC, nikR, betI, soxR, narL, gadW, soxS, arcA, fnr
557 	 zraR, araC, fucR, hyfR, nikR, betI, soxR, narL, gadW, soxS, arcA, fnr
558 	 zraR, araC, fucR, hyfR, nikR, betI, soxR, narL, gadW, soxS, arcA, fnr
559 	 zraR, araC, fucR, hyfR, nikR, betI, soxR, narL, gadW, soxS, arcA, fnr
560 	 zraR, araC, fucR, hyfR, nikR, betI, soxR, narL, gadW, soxS, arcA, fnr
561 	 zraR, araC, hyfR, nikR, betI, soxR, narL, gadW, soxS, arcA, fnr
562 	 zraR, araC, hyfR, nikR, betI, soxR, narL, gadW, soxS, arcA, fnr
563 	 zraR, araC, hyfR, nikR, betI, soxR, narL, gadW, soxS, arcA, fnr
564 	 zraR, araC, hyfR, nikR, betI, soxR, narL, gadW, soxS, arcA, fnr
565 	 zraR, araC, fucR, nikR, betI, soxR, narL, gadW, soxS, arcA, fnr
566 	 zraR, araC, fucR, hyfR, nikR, betI, soxR, narL, gadW, soxS, arcA, fnr
567 	 zraR, araC, fucR, nikR, betI, soxR, narL, gadW, soxS, arcA, fnr
568 	 zraR, araC, hyfR, nikR, betI, soxR, narL, gadW, soxS, arcA, fnr
569 	 zraR, araC, nikR, betI, soxR, narL, gadW, soxS, arcA, fnr
570 	 zraR, araC, fucR, hyfR, nikR, betI, soxR, narL, gadW, soxS, arcA, fnr
571 	 zraR, araC, nikR, betI, soxR, narL, gadW, soxS, arcA, fnr
572 	 zraR, araC, hyfR, nikR, betI, soxR, narL, gadW, soxS, arcA, fnr
573 	 zraR, araC, fucR, nikR, betI, soxR, narL, gadW, soxS, arcA, fnr
574 	 zraR, araC, fucR, hyfR, nikR, betI, soxR, narL, gadW, soxS, arcA, fnr
575 	 zraR, araC, nikR, betI, soxR, narL, gadW, soxS, arcA, fnr
576 	 zraR, araC, fucR, hyfR, nikR, betI, soxR, narL, gadW, soxS, arcA, fnr
577 	 zraR, araC, fucR, nikR, betI, soxR, narL, gadW, soxS, arcA, fnr
578 	 zraR, araC, hyfR, nikR, betI, soxR, narL, gadW, soxS, arcA, fnr
579 	 zraR, araC, nikR, betI, soxR, narL, gadW, soxS, arcA, fnr
580 	 zraR, araC, hyfR, nikR, betI, soxR, narL, gadW, soxS, arcA, fnr
581 	 zraR, araC, fucR, nikR, betI, soxR, narL, gadW, soxS, arcA, fnr
582 	 zraR, araC, fucR, nikR, betI, soxR, narL, gadW, soxS, arcA, fnr
583 	 zraR, araC, nikR, betI, soxR, narL, gadW, soxS, arcA, fnr
584 	 zraR, araC, fucR, nikR, betI, soxR, narL, gadW, soxS, arcA, fnr
585 	 zraR, araC, nikR, betI, soxR, narL, gadW, soxS, arcA, fnr
586 	 zraR, araC, nikR, betI, soxR, narL, gadW, soxS, arcA, fnr
587 	 zraR, araC, fucR, nikR, betI, soxR, narL, gadW, soxS, arcA, fnr
588 	 zraR, araC, nikR, betI, soxR, narL, gadW, soxS, arcA, fnr
589 	 zraR, fucR, hyfR, nikR, soxR, narL, soxS, arcA, fnr
590 	 zraR, araC, fucR, hyfR, nikR, soxR, narL, soxS, arcA, fnr
592 	 zraR, fucR, hyfR, nikR, soxR, narL, soxS, arcA, fnr
593 	 zraR, fucR, nikR, soxR, narL, soxS, arcA, fnr
595 	 zraR, fucR, hyfR, nikR, soxR, narL, soxS, arcA, fnr
596 	 zraR, fucR, nikR, soxR, narL, soxS, arcA, fnr
598 	 zraR, hyfR, nikR, soxR, narL, soxS, arcA, fnr
599 	 zraR, fucR, nikR, soxR, narL, soxS, arcA, fnr
602 	 zraR, hyfR, nikR, soxR, narL, soxS, arcA, fnr
603 	 zraR, fucR, hyfR, nikR, soxR, narL, soxS, arcA, fnr
604 	 zraR, fucR, hyfR, nikR, soxR, narL, soxS, arcA, fnr
605 	 zraR, fucR, hyfR, nikR, soxR, narL, soxS, arcA, fnr
606 	 zraR, hyfR, nikR, soxR, narL, soxS, arcA, fnr
607 	 zraR, araC, fucR, hyfR, nikR, soxR, narL, soxS, arcA, fnr
608 	 zraR, hyfR, nikR, soxR, narL, soxS, arcA, fnr
609 	 zraR, araC, fucR, hyfR, nikR, soxR, narL, soxS, arcA, fnr
610 	 zraR, araC, hyfR, nikR, soxR, narL, soxS, arcA, fnr
611 	 zraR, araC, fucR, hyfR, nikR, soxR, narL, soxS, arcA, fnr
612 	 zraR, hyfR, nikR, soxR, narL, soxS, arcA, fnr
613 	 zraR, araC, fucR, hyfR, nikR, soxR, narL, soxS, arcA, fnr
614 	 zraR, hyfR, nikR, soxR, narL, soxS, arcA, fnr
615 	 zraR, araC, fucR, hyfR, nikR, soxR, narL, soxS, arcA, fnr
616 	 zraR, araC, hyfR, nikR, soxR, narL, soxS, arcA, fnr
617 	 zraR, araC, hyfR, nikR, soxR, narL, soxS, arcA, fnr
618 	 zraR, araC, fucR, hyfR, nikR, soxR, narL, soxS, arcA, fnr
619 	 zraR, araC, hyfR, nikR, soxR, narL, soxS, arcA, fnr
620 	 zraR, araC, hyfR, nikR, soxR, narL, soxS, arcA, fnr
621 	 zraR, araC, hyfR, nikR, soxR, narL, soxS, arcA, fnr
622 	 zraR, araC, hyfR, nikR, soxR, narL, soxS, arcA, fnr
623 	 zraR, araC, hyfR, nikR, soxR, narL, soxS, arcA, fnr
631 	 zraR, fucR, nikR, soxR, narL, soxS, arcA, fnr
632 	 zraR, fucR, nikR, soxR, narL, soxS, arcA, fnr
635 	 zraR, araC, fucR, nikR, soxR, narL, soxS, arcA, fnr
636 	 zraR, araC, nikR, soxR, narL, soxS, arcA, fnr
642 	 zraR, fucR, nikR, soxR, narL, soxS, arcA, fnr
643 	 zraR, araC, fucR, nikR, soxR, narL, soxS, arcA, fnr
645 	 zraR, araC, fucR, nikR, soxR, narL, soxS, arcA, fnr
647 	 zraR, araC, nikR, soxR, narL, soxS, arcA, fnr
649 	 zraR, araC, fucR, nikR, soxR, narL, soxS, arcA, fnr
654 	 zraR, araC, nikR, soxR, narL, soxS, arcA, fnr
663 	 zraR, araC, nikR, soxR, narL, soxS, arcA, fnr
666 	 zraR, araC, fucR, nikR, soxR, narL, soxS, arcA, fnr
668 	 zraR, araC, nikR, soxR, narL, soxS, arcA, fnr
725 	 zraR, araC, fucR, nikR, soxR, narL, soxS, arcA, fnr
727 	 zraR, araC, nikR, soxR, narL, soxS, arcA, fnr
729 	 zraR, fucR, nikR, soxR, narL, soxS, arcA, fnr
731 	 zraR, araC, fucR, nikR, soxR, narL, soxS, arcA, fnr
735 	 zraR, araC, nikR, soxR, narL, soxS, arcA, fnr
737 	 zraR, fucR, nikR, soxR, narL, soxS, arcA, fnr
739 	 zraR, araC, fucR, nikR, soxR, narL, soxS, arcA, fnr
743 	 zraR, araC, nikR, soxR, narL, soxS, arcA, fnr
