2 	 zraR, dpiA, adiY, cspA, flhD, flhC, hdfR, gadX, lrp, rcsB
15 	 zraR, dpiA, aidB, flhD, flhC, gadX, fliZ, hns
16 	 zraR, dpiA, aidB, adiY, cspA, flhC, hdfR, mlrA, gadX, rcsB, hns
17 	 zraR, dpiA, aidB, adiY, cspA, flhC, hdfR, mlrA, gadX, rcsB, hns
19 	 zraR, dpiA, aidB, adiY, cspA, flhC, hdfR, mlrA, gadX, rcsB, hns
22 	 zraR, dpiA, aidB, adiY, cspA, flhC, hdfR, mlrA, gadX, rcsB, hns
24 	 zraR, dpiA, aidB, adiY, cspA, flhC, hdfR, mlrA, gadX, rcsB, hns
25 	 zraR, dpiA, aidB, adiY, cspA, flhC, hdfR, mlrA, gadX, rcsB, hns
27 	 zraR, dpiA, aidB, adiY, cspA, flhC, hdfR, mlrA, gadX, rcsB, hns
28 	 zraR, dpiA, aidB, adiY, cspA, flhC, hdfR, mlrA, gadX, rcsB, hns
31 	 zraR, dpiA, aidB, adiY, cspA, flhC, hdfR, mlrA, gadX, rcsB, hns
32 	 zraR, dpiA, aidB, adiY, cspA, flhC, hdfR, mlrA, gadX, rcsB, hns
34 	 zraR, dpiA, aidB, adiY, cspA, flhC, hdfR, mlrA, gadX, rcsB, hns
35 	 zraR, dpiA, aidB, adiY, cspA, flhC, hdfR, mlrA, gadX, rcsB, hns
38 	 zraR, dpiA, aidB, adiY, cspA, flhC, hdfR, mlrA, gadX, rcsB, hns
40 	 zraR, dpiA, aidB, adiY, cspA, flhC, hdfR, mlrA, gadX, rcsB, hns
41 	 zraR, dpiA, aidB, adiY, cspA, flhC, hdfR, mlrA, gadX, rcsB, hns
46 	 zraR, dpiA, aidB, adiY, cspA, flhC, hdfR, mlrA, gadX, rcsB, hns
49 	 zraR, dpiA, aidB, adiY, cspA, flhC, hdfR, mlrA, gadX, rcsB, hns
53 	 zraR, dpiA, aidB, adiY, cspA, flhC, hdfR, mlrA, gadX, rcsB, hns
