2 	 zraR, fucR
25 	 zraR, rhaR, rhaS
29 	 zraR, hyfR
35 	 zraR, fucR, hyfR
41 	 zraR, melR
43 	 zraR, melR, hyfR
47 	 zraR, melR, fucR
49 	 zraR, melR, rhaR, rhaS
50 	 zraR, fucR
51 	 zraR, fucR, rhaR, rhaS
52 	 zraR, melR
53 	 zraR, melR, fucR, rhaR, rhaS
54 	 zraR, melR, fucR
55 	 zraR
56 	 zraR, melR, fucR, hyfR
57 	 zraR, melR
58 	 zraR, hyfR
59 	 zraR, fucR
60 	 zraR, fucR, hyfR
61 	 zraR, melR, fucR
62 	 zraR, melR, hyfR
63 	 zraR, rhaR, rhaS
64 	 zraR
65 	 zraR, melR, rhaR, rhaS
66 	 zraR, fucR
67 	 zraR, fucR, rhaR, rhaS
68 	 zraR, melR
69 	 zraR, melR, fucR, rhaR, rhaS
70 	 zraR, melR, fucR
72 	 zraR, hyfR
74 	 zraR, melR, hyfR
76 	 zraR, fucR, hyfR
77 	 zraR, fucR
78 	 zraR, melR, fucR, hyfR
79 	 zraR, melR
80 	 zraR, melR, fucR, hyfR
81 	 zraR, melR, fucR
82 	 zraR, hyfR
83 	 zraR
84 	 zraR, fucR, hyfR
85 	 zraR, fucR
86 	 zraR, melR, hyfR
87 	 zraR, melR
88 	 zraR, melR, fucR, hyfR
89 	 zraR, melR, fucR
90 	 zraR, fucR
91 	 zraR, rhaR, rhaS
93 	 zraR, melR, rhaR, rhaS
94 	 zraR, fucR
95 	 zraR, fucR, rhaR, rhaS
96 	 zraR, melR
97 	 zraR, melR, fucR, rhaR, rhaS
98 	 zraR, melR, fucR
99 	 zraR, rhaR, rhaS
100 	 zraR
101 	 zraR, fucR, rhaR, rhaS
102 	 zraR, melR
103 	 zraR, melR, rhaR, rhaS
104 	 zraR, fucR
105 	 zraR, melR, fucR, rhaR, rhaS
106 	 zraR, melR, fucR
107 	 zraR, melR
108 	 zraR, hyfR
109 	 zraR, melR, fucR
110 	 zraR, fucR, hyfR
111 	 zraR
112 	 zraR, melR, hyfR
113 	 zraR, melR
114 	 zraR, melR, fucR, hyfR
115 	 zraR, fucR
116 	 zraR, hyfR
117 	 zraR, melR, fucR
118 	 zraR, melR, hyfR
120 	 zraR, fucR, hyfR
122 	 zraR, melR, fucR, hyfR
123 	 zraR, melR
124 	 zraR, hyfR
125 	 zraR, fucR
126 	 zraR, melR, hyfR
127 	 zraR, melR, fucR
128 	 zraR, fucR, hyfR
129 	 zraR
130 	 zraR, melR, fucR, hyfR
131 	 zraR, fucR
132 	 zraR, hyfR
133 	 zraR, melR
134 	 zraR, melR, hyfR
135 	 zraR, melR, fucR
136 	 zraR, fucR, hyfR
138 	 zraR, melR, fucR, hyfR
140 	 zraR, fucR
141 	 zraR, melR
142 	 zraR, melR, fucR
143 	 zraR
144 	 zraR, fucR
145 	 zraR, melR
146 	 zraR, melR, fucR
149 	 zraR, melR
150 	 zraR, fucR
151 	 zraR, melR, fucR
152 	 zraR
153 	 zraR, fucR
154 	 zraR, melR
155 	 zraR, melR, fucR
157 	 zraR, rhaR, rhaS
158 	 zraR, melR
159 	 zraR, melR, rhaR, rhaS
160 	 zraR, fucR
161 	 zraR, fucR, rhaR, rhaS
162 	 zraR, melR, fucR
163 	 zraR, melR, fucR, rhaR, rhaS
164 	 zraR
165 	 zraR, rhaR, rhaS
166 	 zraR, fucR
167 	 zraR, fucR, rhaR, rhaS
168 	 zraR, melR
169 	 zraR, melR, rhaR, rhaS
170 	 zraR, melR, fucR
171 	 zraR, melR, fucR, rhaR, rhaS
173 	 zraR, rhaR, rhaS
175 	 zraR, melR, rhaR, rhaS
177 	 zraR, fucR, rhaR, rhaS
178 	 zraR, fucR
179 	 zraR, melR
180 	 zraR, melR, fucR
181 	 zraR
182 	 zraR, fucR
183 	 zraR, melR
184 	 zraR, melR, fucR
190 	 zraR, fucR
192 	 zraR, fucR
193 	 zraR, melR
194 	 zraR, melR, fucR
195 	 zraR, melR
196 	 zraR, melR, fucR
197 	 zraR
198 	 zraR, fucR
199 	 zraR
200 	 zraR, fucR
201 	 zraR, melR
202 	 zraR, melR, fucR
203 	 zraR, melR
204 	 zraR, melR, fucR
205 	 zraR, rhaR, rhaS
206 	 zraR, hyfR
207 	 zraR, fucR, rhaR, rhaS
208 	 zraR, fucR, hyfR
209 	 zraR, rhaR, rhaS
210 	 zraR, hyfR
211 	 zraR, fucR, rhaR, rhaS
212 	 zraR, fucR, hyfR
213 	 zraR, rhaR, rhaS
214 	 zraR, hyfR
215 	 zraR, fucR, rhaR, rhaS
216 	 zraR, fucR, hyfR
217 	 zraR, melR, fucR, rhaR, rhaS
218 	 zraR, hyfR
219 	 zraR, melR, rhaR, rhaS
220 	 zraR, fucR, hyfR
221 	 zraR, melR, fucR, rhaR, rhaS
222 	 zraR, melR, hyfR
223 	 zraR, melR, rhaR, rhaS
224 	 zraR, melR, fucR, hyfR
225 	 zraR, melR, fucR, rhaR, rhaS
226 	 zraR, melR, hyfR
227 	 zraR, melR, rhaR, rhaS
228 	 zraR, melR, fucR, hyfR
229 	 zraR, melR, fucR, rhaR, rhaS
230 	 zraR, melR, hyfR
231 	 zraR, rhaR, rhaS
232 	 zraR, melR, fucR, hyfR
233 	 zraR, fucR, rhaR, rhaS
234 	 zraR, melR, hyfR
235 	 zraR, rhaR, rhaS
236 	 zraR, melR, fucR, hyfR
237 	 zraR, fucR, rhaR, rhaS
238 	 zraR, hyfR
239 	 zraR, rhaR, rhaS
240 	 zraR, fucR, hyfR
241 	 zraR, fucR, rhaR, rhaS
242 	 zraR, hyfR
243 	 zraR, rhaR, rhaS
244 	 zraR, fucR, hyfR
245 	 zraR, fucR, rhaR, rhaS
246 	 zraR, hyfR
247 	 zraR, melR, rhaR, rhaS
248 	 zraR, fucR, hyfR
249 	 zraR, melR, fucR, rhaR, rhaS
250 	 zraR, hyfR
251 	 zraR, melR, rhaR, rhaS
252 	 zraR, fucR, hyfR
253 	 zraR, melR, fucR, rhaR, rhaS
254 	 zraR, melR, hyfR
255 	 zraR, melR, rhaR, rhaS
256 	 zraR, melR, fucR, hyfR
257 	 zraR, melR, fucR, rhaR, rhaS
258 	 zraR, melR, hyfR
259 	 zraR, melR, rhaR, rhaS
260 	 zraR, melR, fucR, hyfR
261 	 zraR, melR, fucR, rhaR, rhaS
262 	 zraR, melR, hyfR
263 	 zraR, rhaR, rhaS
264 	 zraR, melR, fucR, hyfR
265 	 zraR, fucR, rhaR, rhaS
266 	 zraR, melR, hyfR
267 	 zraR, rhaR, rhaS
268 	 zraR, melR, fucR, hyfR
269 	 zraR, fucR, rhaR, rhaS
270 	 zraR, hyfR
271 	 zraR, rhaR, rhaS
272 	 zraR, fucR, hyfR
273 	 zraR, fucR, rhaR, rhaS
274 	 zraR, hyfR
275 	 zraR, rhaR, rhaS
276 	 zraR, fucR, hyfR
277 	 zraR, fucR, rhaR, rhaS
278 	 zraR, hyfR
279 	 zraR, rhaR, rhaS
280 	 zraR, fucR, hyfR
281 	 zraR, fucR, rhaR, rhaS
282 	 zraR, hyfR
283 	 zraR, melR, rhaR, rhaS
284 	 zraR, fucR, hyfR
285 	 zraR, melR, fucR, rhaR, rhaS
286 	 zraR, melR, hyfR
287 	 zraR, melR, rhaR, rhaS
288 	 zraR, melR, fucR, hyfR
289 	 zraR, melR, fucR, rhaR, rhaS
290 	 zraR, melR, hyfR
291 	 zraR, melR, rhaR, rhaS
292 	 zraR, melR, fucR, hyfR
293 	 zraR, melR, fucR, rhaR, rhaS
294 	 zraR, melR, hyfR
295 	 zraR, melR, rhaR, rhaS
296 	 zraR, melR, fucR, hyfR
297 	 zraR, melR, fucR, rhaR, rhaS
298 	 zraR, melR, hyfR
299 	 zraR, melR, rhaR, rhaS
300 	 zraR, melR, fucR, hyfR
301 	 zraR, melR, fucR, rhaR, rhaS
302 	 zraR, hyfR
303 	 zraR, rhaR, rhaS
304 	 zraR, fucR, hyfR
305 	 zraR, fucR, rhaR, rhaS
306 	 zraR, hyfR
307 	 zraR, rhaR, rhaS
308 	 zraR, fucR, hyfR
309 	 zraR, fucR, rhaR, rhaS
310 	 zraR, hyfR
311 	 zraR, rhaR, rhaS
312 	 zraR, fucR, hyfR
313 	 zraR, fucR, rhaR, rhaS
314 	 zraR, hyfR
315 	 zraR, rhaR, rhaS
316 	 zraR, fucR, hyfR
317 	 zraR, fucR, rhaR, rhaS
318 	 zraR, melR, hyfR
319 	 zraR, rhaR, rhaS
320 	 zraR, melR, fucR, hyfR
321 	 zraR, fucR, rhaR, rhaS
322 	 zraR, melR, hyfR
323 	 zraR, melR, rhaR, rhaS
324 	 zraR, melR, fucR, hyfR
325 	 zraR, melR, fucR, rhaR, rhaS
326 	 zraR, melR, hyfR
327 	 zraR, melR, rhaR, rhaS
328 	 zraR, melR, fucR, hyfR
329 	 zraR, melR, fucR, rhaR, rhaS
330 	 zraR, melR, hyfR
331 	 zraR, melR, rhaR, rhaS
332 	 zraR, melR, fucR, hyfR
333 	 zraR, melR, fucR, rhaR, rhaS
335 	 zraR, melR, rhaR, rhaS
337 	 zraR, melR, fucR, rhaR, rhaS
339 	 zraR, melR, rhaR, rhaS
341 	 zraR, melR, fucR, rhaR, rhaS
345 	 zraR, fucR
347 	 zraR, fucR
349 	 zraR, fucR
351 	 zraR, fucR
352 	 zraR, melR
353 	 zraR, melR, fucR
354 	 zraR, melR
355 	 zraR, melR, fucR
356 	 zraR, melR
357 	 zraR, melR, fucR
358 	 zraR, melR
359 	 zraR, melR, fucR
360 	 zraR
361 	 zraR, fucR
362 	 zraR
363 	 zraR, fucR
364 	 zraR
365 	 zraR, fucR
366 	 zraR
367 	 zraR, fucR
368 	 zraR, melR
369 	 zraR, melR, fucR
370 	 zraR, melR
371 	 zraR, melR, fucR
372 	 zraR, melR
373 	 zraR, melR, fucR
374 	 zraR, melR
375 	 zraR, melR, fucR
386 	 zraR, fucR
388 	 zraR, fucR
390 	 zraR, fucR
392 	 zraR, fucR
393 	 zraR, melR
394 	 zraR, melR, fucR
395 	 zraR, melR
396 	 zraR, melR, fucR
397 	 zraR, melR
398 	 zraR, melR, fucR
399 	 zraR, melR
400 	 zraR, melR, fucR
401 	 zraR
402 	 zraR, fucR
403 	 zraR
404 	 zraR, fucR
405 	 zraR
406 	 zraR, fucR
407 	 zraR
408 	 zraR, fucR
409 	 zraR, melR
410 	 zraR, melR, fucR
411 	 zraR, melR
412 	 zraR, melR, fucR
413 	 zraR, melR
414 	 zraR, melR, fucR
415 	 zraR, melR
416 	 zraR, melR, fucR
417 	 zraR, rhaR, rhaS
418 	 zraR, hyfR
419 	 zraR, fucR, rhaR, rhaS
420 	 zraR, fucR, hyfR
421 	 zraR, rhaR, rhaS
422 	 zraR, hyfR
423 	 zraR, fucR, rhaR, rhaS
424 	 zraR, fucR, hyfR
425 	 zraR, rhaR, rhaS
426 	 zraR, hyfR
427 	 zraR, fucR, rhaR, rhaS
428 	 zraR, fucR, hyfR
429 	 zraR, rhaR, rhaS
430 	 zraR, hyfR
431 	 zraR, fucR, rhaR, rhaS
432 	 zraR, fucR, hyfR
433 	 zraR, melR, rhaR, rhaS
434 	 zraR, melR, hyfR
435 	 zraR, melR, fucR, rhaR, rhaS
436 	 zraR, melR, fucR, hyfR
437 	 zraR, melR, rhaR, rhaS
438 	 zraR, melR, hyfR
439 	 zraR, melR, fucR, rhaR, rhaS
440 	 zraR, melR, fucR, hyfR
441 	 zraR, melR, rhaR, rhaS
442 	 zraR, melR, hyfR
443 	 zraR, melR, fucR, rhaR, rhaS
444 	 zraR, melR, fucR, hyfR
445 	 zraR, melR, rhaR, rhaS
446 	 zraR, melR, hyfR
447 	 zraR, melR, fucR, rhaR, rhaS
448 	 zraR, melR, fucR, hyfR
449 	 zraR, rhaR, rhaS
450 	 zraR, hyfR
451 	 zraR, fucR, rhaR, rhaS
452 	 zraR, fucR, hyfR
453 	 zraR, rhaR, rhaS
454 	 zraR, hyfR
455 	 zraR, fucR, rhaR, rhaS
456 	 zraR, fucR, hyfR
457 	 zraR, rhaR, rhaS
458 	 zraR, hyfR
459 	 zraR, fucR, rhaR, rhaS
460 	 zraR, fucR, hyfR
461 	 zraR, rhaR, rhaS
462 	 zraR, hyfR
463 	 zraR, fucR, rhaR, rhaS
464 	 zraR, fucR, hyfR
465 	 zraR, melR, rhaR, rhaS
466 	 zraR, melR, hyfR
467 	 zraR, melR, fucR, rhaR, rhaS
468 	 zraR, melR, fucR, hyfR
469 	 zraR, melR, rhaR, rhaS
470 	 zraR, melR, hyfR
471 	 zraR, melR, fucR, rhaR, rhaS
472 	 zraR, melR, fucR, hyfR
473 	 zraR, melR, rhaR, rhaS
474 	 zraR, melR, hyfR
475 	 zraR, melR, fucR, rhaR, rhaS
476 	 zraR, melR, fucR, hyfR
477 	 zraR, melR, rhaR, rhaS
478 	 zraR, melR, hyfR
479 	 zraR, melR, fucR, rhaR, rhaS
480 	 zraR, melR, fucR, hyfR
481 	 zraR, rhaR, rhaS
482 	 zraR, hyfR
483 	 zraR, fucR, rhaR, rhaS
484 	 zraR, fucR, hyfR
485 	 zraR, rhaR, rhaS
486 	 zraR, hyfR
487 	 zraR, fucR, rhaR, rhaS
488 	 zraR, fucR, hyfR
489 	 zraR, rhaR, rhaS
490 	 zraR, hyfR
491 	 zraR, fucR, rhaR, rhaS
492 	 zraR, fucR, hyfR
493 	 zraR, rhaR, rhaS
494 	 zraR, hyfR
495 	 zraR, fucR, rhaR, rhaS
496 	 zraR, fucR, hyfR
497 	 zraR, melR, rhaR, rhaS
498 	 zraR, melR, hyfR
499 	 zraR, melR, fucR, rhaR, rhaS
500 	 zraR, melR, fucR, hyfR
501 	 zraR, melR, rhaR, rhaS
502 	 zraR, melR, hyfR
503 	 zraR, melR, fucR, rhaR, rhaS
504 	 zraR, melR, fucR, hyfR
505 	 zraR, melR, rhaR, rhaS
506 	 zraR, melR, hyfR
507 	 zraR, melR, fucR, rhaR, rhaS
508 	 zraR, melR, fucR, hyfR
509 	 zraR, melR, rhaR, rhaS
510 	 zraR, melR, hyfR
511 	 zraR, melR, fucR, rhaR, rhaS
512 	 zraR, melR, fucR, hyfR
513 	 zraR, rhaR, rhaS
514 	 zraR, hyfR
515 	 zraR, fucR, rhaR, rhaS
516 	 zraR, fucR, hyfR
517 	 zraR, rhaR, rhaS
518 	 zraR, hyfR
519 	 zraR, fucR, rhaR, rhaS
520 	 zraR, fucR, hyfR
521 	 zraR, rhaR, rhaS
522 	 zraR, hyfR
523 	 zraR, fucR, rhaR, rhaS
524 	 zraR, fucR, hyfR
525 	 zraR, rhaR, rhaS
526 	 zraR, hyfR
527 	 zraR, fucR, rhaR, rhaS
528 	 zraR, fucR, hyfR
529 	 zraR, melR, rhaR, rhaS
530 	 zraR, melR, hyfR
531 	 zraR, melR, fucR, rhaR, rhaS
532 	 zraR, melR, fucR, hyfR
533 	 zraR, melR, rhaR, rhaS
534 	 zraR, melR, hyfR
535 	 zraR, melR, fucR, rhaR, rhaS
536 	 zraR, melR, fucR, hyfR
537 	 zraR, melR, rhaR, rhaS
538 	 zraR, melR, hyfR
539 	 zraR, melR, fucR, rhaR, rhaS
540 	 zraR, melR, fucR, hyfR
541 	 zraR, melR, rhaR, rhaS
542 	 zraR, melR, hyfR
543 	 zraR, melR, fucR, rhaR, rhaS
544 	 zraR, melR, fucR, hyfR
545 	 zraR, hyfR, rhaR, rhaS
546 	 zraR, fucR, hyfR, rhaR, rhaS
547 	 zraR, hyfR, rhaR, rhaS
548 	 zraR, fucR, hyfR, rhaR, rhaS
549 	 zraR, hyfR, rhaR, rhaS
550 	 zraR, fucR, hyfR, rhaR, rhaS
551 	 zraR, hyfR, rhaR, rhaS
552 	 zraR, fucR, hyfR, rhaR, rhaS
553 	 zraR, hyfR, rhaR, rhaS
554 	 zraR, fucR, hyfR, rhaR, rhaS
555 	 zraR, hyfR, rhaR, rhaS
556 	 zraR, fucR, hyfR, rhaR, rhaS
557 	 zraR, melR, hyfR, rhaR, rhaS
558 	 zraR, melR, fucR, hyfR, rhaR, rhaS
559 	 zraR, melR, hyfR, rhaR, rhaS
560 	 zraR, melR, fucR, hyfR, rhaR, rhaS
561 	 zraR, melR, hyfR, rhaR, rhaS
562 	 zraR, melR, fucR, hyfR, rhaR, rhaS
563 	 zraR, melR, hyfR, rhaR, rhaS
564 	 zraR, melR, fucR, hyfR, rhaR, rhaS
565 	 zraR, melR, hyfR, rhaR, rhaS
566 	 zraR, melR, fucR, hyfR, rhaR, rhaS
567 	 zraR, melR, hyfR, rhaR, rhaS
568 	 zraR, melR, fucR, hyfR, rhaR, rhaS
569 	 zraR, hyfR, rhaR, rhaS
570 	 zraR, fucR, hyfR, rhaR, rhaS
571 	 zraR, hyfR, rhaR, rhaS
572 	 zraR, fucR, hyfR, rhaR, rhaS
573 	 zraR, hyfR, rhaR, rhaS
574 	 zraR, fucR, hyfR, rhaR, rhaS
575 	 zraR, hyfR, rhaR, rhaS
576 	 zraR, fucR, hyfR, rhaR, rhaS
577 	 zraR, hyfR, rhaR, rhaS
578 	 zraR, fucR, hyfR, rhaR, rhaS
579 	 zraR, hyfR, rhaR, rhaS
580 	 zraR, fucR, hyfR, rhaR, rhaS
581 	 zraR, melR, hyfR, rhaR, rhaS
582 	 zraR, melR, fucR, hyfR, rhaR, rhaS
583 	 zraR, melR, hyfR, rhaR, rhaS
584 	 zraR, melR, fucR, hyfR, rhaR, rhaS
585 	 zraR, melR, hyfR, rhaR, rhaS
586 	 zraR, melR, fucR, hyfR, rhaR, rhaS
587 	 zraR, melR, hyfR, rhaR, rhaS
588 	 zraR, melR, fucR, hyfR, rhaR, rhaS
589 	 zraR, melR, hyfR, rhaR, rhaS
590 	 zraR, melR, fucR, hyfR, rhaR, rhaS
591 	 zraR, melR, hyfR, rhaR, rhaS
592 	 zraR, melR, fucR, hyfR, rhaR, rhaS
593 	 zraR, hyfR, rhaR, rhaS
594 	 zraR, fucR, hyfR, rhaR, rhaS
595 	 zraR, hyfR, rhaR, rhaS
596 	 zraR, fucR, hyfR, rhaR, rhaS
597 	 zraR, hyfR, rhaR, rhaS
598 	 zraR, fucR, hyfR, rhaR, rhaS
599 	 zraR, hyfR, rhaR, rhaS
600 	 zraR, fucR, hyfR, rhaR, rhaS
601 	 zraR, melR, hyfR, rhaR, rhaS
602 	 zraR, melR, fucR, hyfR, rhaR, rhaS
603 	 zraR, melR, hyfR, rhaR, rhaS
604 	 zraR, melR, fucR, hyfR, rhaR, rhaS
605 	 zraR, melR, hyfR, rhaR, rhaS
606 	 zraR, melR, fucR, hyfR, rhaR, rhaS
607 	 zraR, melR, hyfR, rhaR, rhaS
608 	 zraR, melR, fucR, hyfR, rhaR, rhaS
609 	 zraR, hyfR, rhaR, rhaS
610 	 zraR, fucR, hyfR, rhaR, rhaS
611 	 zraR, hyfR, rhaR, rhaS
612 	 zraR, fucR, hyfR, rhaR, rhaS
613 	 zraR, hyfR, rhaR, rhaS
614 	 zraR, fucR, hyfR, rhaR, rhaS
615 	 zraR, hyfR, rhaR, rhaS
616 	 zraR, fucR, hyfR, rhaR, rhaS
617 	 zraR, melR, hyfR, rhaR, rhaS
618 	 zraR, melR, fucR, hyfR, rhaR, rhaS
619 	 zraR, melR, hyfR, rhaR, rhaS
620 	 zraR, melR, fucR, hyfR, rhaR, rhaS
621 	 zraR, melR, hyfR, rhaR, rhaS
622 	 zraR, melR, fucR, hyfR, rhaR, rhaS
623 	 zraR, melR, hyfR, rhaR, rhaS
624 	 zraR, melR, fucR, hyfR, rhaR, rhaS
625 	 zraR, hyfR, rhaR, rhaS
626 	 zraR, fucR, hyfR, rhaR, rhaS
627 	 zraR, hyfR, rhaR, rhaS
628 	 zraR, fucR, hyfR, rhaR, rhaS
629 	 zraR, hyfR, rhaR, rhaS
630 	 zraR, fucR, hyfR, rhaR, rhaS
631 	 zraR, hyfR, rhaR, rhaS
632 	 zraR, fucR, hyfR, rhaR, rhaS
633 	 zraR, hyfR, rhaR, rhaS
634 	 zraR, fucR, hyfR, rhaR, rhaS
635 	 zraR, hyfR, rhaR, rhaS
636 	 zraR, fucR, hyfR, rhaR, rhaS
637 	 zraR, melR, hyfR, rhaR, rhaS
638 	 zraR, melR, fucR, hyfR, rhaR, rhaS
639 	 zraR, melR, hyfR, rhaR, rhaS
640 	 zraR, melR, fucR, hyfR, rhaR, rhaS
641 	 zraR, melR, hyfR, rhaR, rhaS
642 	 zraR, melR, fucR, hyfR, rhaR, rhaS
643 	 zraR, melR, hyfR, rhaR, rhaS
644 	 zraR, melR, fucR, hyfR, rhaR, rhaS
645 	 zraR, melR, hyfR, rhaR, rhaS
646 	 zraR, melR, fucR, hyfR, rhaR, rhaS
647 	 zraR, melR, hyfR, rhaR, rhaS
648 	 zraR, melR, fucR, hyfR, rhaR, rhaS
649 	 zraR, hyfR, rhaR, rhaS
650 	 zraR, fucR, hyfR, rhaR, rhaS
651 	 zraR, hyfR, rhaR, rhaS
652 	 zraR, fucR, hyfR, rhaR, rhaS
653 	 zraR, hyfR, rhaR, rhaS
654 	 zraR, fucR, hyfR, rhaR, rhaS
655 	 zraR, hyfR, rhaR, rhaS
656 	 zraR, fucR, hyfR, rhaR, rhaS
657 	 zraR, hyfR, rhaR, rhaS
658 	 zraR, fucR, hyfR, rhaR, rhaS
659 	 zraR, hyfR, rhaR, rhaS
660 	 zraR, fucR, hyfR, rhaR, rhaS
661 	 zraR, melR, hyfR, rhaR, rhaS
662 	 zraR, melR, fucR, hyfR, rhaR, rhaS
663 	 zraR, melR, hyfR, rhaR, rhaS
664 	 zraR, melR, fucR, hyfR, rhaR, rhaS
665 	 zraR, melR, hyfR, rhaR, rhaS
666 	 zraR, melR, fucR, hyfR, rhaR, rhaS
667 	 zraR, melR, hyfR, rhaR, rhaS
668 	 zraR, melR, fucR, hyfR, rhaR, rhaS
669 	 zraR, melR, hyfR, rhaR, rhaS
670 	 zraR, melR, fucR, hyfR, rhaR, rhaS
671 	 zraR, melR, hyfR, rhaR, rhaS
672 	 zraR, melR, fucR, hyfR, rhaR, rhaS
673 	 zraR, hyfR, rhaR, rhaS
674 	 zraR, fucR, hyfR, rhaR, rhaS
675 	 zraR, hyfR, rhaR, rhaS
676 	 zraR, fucR, hyfR, rhaR, rhaS
677 	 zraR, hyfR, rhaR, rhaS
678 	 zraR, fucR, hyfR, rhaR, rhaS
679 	 zraR, hyfR, rhaR, rhaS
680 	 zraR, fucR, hyfR, rhaR, rhaS
681 	 zraR, melR, hyfR, rhaR, rhaS
682 	 zraR, melR, fucR, hyfR, rhaR, rhaS
683 	 zraR, melR, hyfR, rhaR, rhaS
684 	 zraR, melR, fucR, hyfR, rhaR, rhaS
685 	 zraR, melR, hyfR, rhaR, rhaS
686 	 zraR, melR, fucR, hyfR, rhaR, rhaS
687 	 zraR, melR, hyfR, rhaR, rhaS
688 	 zraR, melR, fucR, hyfR, rhaR, rhaS
689 	 zraR, hyfR, rhaR, rhaS
690 	 zraR, fucR, hyfR, rhaR, rhaS
691 	 zraR, hyfR, rhaR, rhaS
692 	 zraR, fucR, hyfR, rhaR, rhaS
693 	 zraR, hyfR, rhaR, rhaS
694 	 zraR, fucR, hyfR, rhaR, rhaS
695 	 zraR, hyfR, rhaR, rhaS
696 	 zraR, fucR, hyfR, rhaR, rhaS
697 	 zraR, melR, hyfR, rhaR, rhaS
698 	 zraR, melR, fucR, hyfR, rhaR, rhaS
699 	 zraR, melR, hyfR, rhaR, rhaS
700 	 zraR, melR, fucR, hyfR, rhaR, rhaS
701 	 zraR, melR, hyfR, rhaR, rhaS
702 	 zraR, melR, fucR, hyfR, rhaR, rhaS
703 	 zraR, melR, hyfR, rhaR, rhaS
704 	 zraR, melR, fucR, hyfR, rhaR, rhaS
