1 	 melR
2 	 melR
9 	 melR
12 	 melR
13 	 melR
17 	 melR
20 	 melR
22 	 melR
24 	 melR
26 	 melR
27 	 melR
28 	 melR
30 	 melR
33 	 melR
36 	 melR
37 	 melR
40 	 melR
43 	 melR
146 	 melR
597 	 gadE, melR
1575 	 melR
1576 	 melR
1577 	 gadE
1579 	 gadE, melR
1580 	 gadE, melR
1582 	 gadE
1583 	 melR
1586 	 melR
1587 	 gadE, melR
1588 	 gadE
1590 	 melR
1594 	 gadE, melR
1597 	 gadE
1600 	 melR
1601 	 gadE, melR
1603 	 gadE
1663 	 gadE, melR
1665 	 gadE
1667 	 gadE
1669 	 gadE, melR
1671 	 gadE
1859 	 melR
1861 	 melR
1863 	 melR
1865 	 melR
1866 	 gadE, melR
1868 	 gadE
1869 	 melR
1870 	 gadE, melR
1871 	 melR
1872 	 gadE, melR
1874 	 gadE
1876 	 gadE
1877 	 melR
1878 	 gadE, melR
1880 	 gadE
1940 	 gadE, melR
1942 	 gadE
1944 	 gadE, melR
1946 	 gadE
1948 	 gadE, melR
1950 	 gadE
1952 	 gadE, melR
1954 	 gadE
