3 	 zraR, fucR
19 	 zraR, melR
129 	 zraR
134 	 zraR, idnR
135 	 zraR, idnR, fucR
137 	 zraR, melR, fucR
138 	 zraR
139 	 zraR, fucR
140 	 zraR, melR
141 	 zraR, melR
142 	 zraR, melR
143 	 zraR, melR, fucR
144 	 zraR, fucR
145 	 zraR, fucR
146 	 zraR, melR, fucR
147 	 zraR, melR, fucR
148 	 zraR, melR, idnR
149 	 zraR, idnR
150 	 zraR, idnR
151 	 zraR, idnR, fucR
152 	 zraR, melR, idnR, fucR
153 	 zraR, idnR
154 	 zraR, melR, idnR
155 	 zraR, idnR, fucR
156 	 zraR, melR, idnR
157 	 zraR, melR, idnR, fucR
158 	 zraR, melR, idnR
159 	 zraR, idnR, fucR
160 	 zraR, melR, idnR, fucR
161 	 zraR, melR, idnR, fucR
169 	 zraR, melR
170 	 zraR, fucR
172 	 zraR
173 	 zraR, melR, fucR
174 	 zraR, fucR
175 	 zraR
176 	 zraR, melR
177 	 zraR, fucR
178 	 zraR, melR
179 	 zraR, melR
180 	 zraR, melR, fucR
181 	 zraR, fucR
182 	 zraR, melR, fucR
183 	 zraR, melR, fucR
184 	 zraR, idnR
185 	 zraR, melR, idnR
186 	 zraR, idnR
187 	 zraR, idnR, fucR
188 	 zraR, melR, idnR
189 	 zraR, idnR, fucR
190 	 zraR, melR, idnR, fucR
191 	 zraR, idnR
192 	 zraR, idnR, fucR
194 	 zraR, melR, idnR, fucR
195 	 zraR, melR, idnR
196 	 zraR, idnR
197 	 zraR, melR, idnR
199 	 zraR, melR, idnR, fucR
200 	 zraR, idnR, fucR
201 	 zraR, melR, idnR, fucR
213 	 zraR, rhaS
215 	 zraR, fucR
226 	 zraR, rhaS
227 	 zraR, melR
228 	 zraR, fucR
229 	 zraR, melR
230 	 zraR, fucR, rhaS
231 	 zraR, melR, rhaS
232 	 zraR, fucR, rhaS
233 	 zraR, melR, fucR
234 	 zraR, melR, rhaS
235 	 zraR
236 	 zraR, melR, fucR, rhaS
237 	 zraR, rhaS
238 	 zraR, melR
239 	 zraR, melR, fucR
240 	 zraR, fucR
241 	 zraR, fucR, rhaS
242 	 zraR, melR, rhaS
243 	 zraR
244 	 zraR, melR, fucR
245 	 zraR, rhaS
246 	 zraR, melR, fucR, rhaS
247 	 zraR, melR
248 	 zraR, fucR
249 	 zraR, melR, rhaS
250 	 zraR, fucR, rhaS
251 	 zraR, melR, fucR
252 	 zraR, melR, fucR, rhaS
253 	 zraR, melR, fucR, rhaS
254 	 zraR, idnR
255 	 zraR, idnR
256 	 zraR, idnR, rhaS
257 	 zraR, melR, idnR
258 	 zraR, idnR, rhaS
259 	 zraR, melR, idnR, rhaS
261 	 zraR, idnR
262 	 zraR, idnR, fucR
263 	 zraR, melR, idnR
264 	 zraR, idnR, fucR, rhaS
265 	 zraR, melR, idnR
266 	 zraR, idnR, fucR
267 	 zraR, idnR
269 	 zraR, melR, idnR, rhaS
270 	 zraR, idnR, rhaS
271 	 zraR, melR, idnR, fucR
272 	 zraR, melR, idnR, rhaS
273 	 zraR, melR, idnR, fucR
274 	 zraR, idnR, fucR
275 	 zraR, melR, idnR
276 	 zraR, melR, idnR, fucR, rhaS
277 	 zraR, idnR, fucR
278 	 zraR, melR, idnR, fucR
279 	 zraR, idnR, fucR, rhaS
280 	 zraR, idnR, rhaS
281 	 zraR, melR, idnR, fucR, rhaS
282 	 zraR, idnR, fucR, rhaS
283 	 zraR, melR, idnR, fucR
284 	 zraR, idnR, fucR, rhaS
285 	 zraR, melR, idnR, fucR, rhaS
286 	 zraR, melR, idnR, rhaS
287 	 zraR, melR, idnR, fucR, rhaS
296 	 zraR, rhaS
297 	 zraR, melR
298 	 zraR, fucR
299 	 zraR, rhaS
300 	 zraR, melR
301 	 zraR, fucR
302 	 zraR, melR, rhaS
303 	 zraR, melR, fucR
304 	 zraR, fucR, rhaS
305 	 zraR
306 	 zraR, fucR, rhaS
307 	 zraR, melR, rhaS
308 	 zraR
309 	 zraR, melR, fucR
310 	 zraR, melR, fucR, rhaS
311 	 zraR, melR
312 	 zraR, rhaS
313 	 zraR, melR
314 	 zraR, fucR
315 	 zraR, rhaS
316 	 zraR, fucR
317 	 zraR, melR, fucR, rhaS
318 	 zraR, melR, fucR
319 	 zraR, melR, fucR
320 	 zraR, fucR, rhaS
321 	 zraR, melR, rhaS
322 	 zraR, fucR, rhaS
323 	 zraR, melR, rhaS
324 	 zraR, melR, fucR, rhaS
325 	 zraR, melR, fucR, rhaS
326 	 zraR, idnR
327 	 zraR, idnR
328 	 zraR, idnR, fucR
329 	 zraR, idnR, fucR
330 	 zraR, melR, idnR
331 	 zraR, melR, idnR
332 	 zraR, melR, idnR, fucR
333 	 zraR, melR, idnR, fucR
334 	 zraR, idnR, rhaS
335 	 zraR, idnR, rhaS
336 	 zraR, idnR, fucR, rhaS
337 	 zraR, melR, idnR, rhaS
338 	 zraR, idnR, fucR, rhaS
339 	 zraR, melR, idnR, rhaS
340 	 zraR, melR, idnR, fucR, rhaS
341 	 zraR, melR, idnR, fucR, rhaS
342 	 zraR, idnR
343 	 zraR, idnR
344 	 zraR, melR, idnR
345 	 zraR, idnR, fucR
346 	 zraR, melR, idnR
347 	 zraR, idnR, fucR
348 	 zraR, melR, idnR, fucR
349 	 zraR, melR, idnR, fucR
350 	 zraR, idnR, rhaS
351 	 zraR, idnR, rhaS
352 	 zraR, melR, idnR, rhaS
353 	 zraR, idnR, fucR, rhaS
354 	 zraR, melR, idnR, rhaS
355 	 zraR, idnR, fucR, rhaS
356 	 zraR, melR, idnR, fucR, rhaS
357 	 zraR, melR, idnR, fucR, rhaS
