1 	 hns, marA
2 	 hns, marA
6 	 rcsB, rcsA, lrp, hdfR, stpA, uxuR, adiY, cspA
7 	 gadX, stpA
8 	 rcsB, rcsA, lrp, hdfR, stpA, exuR, adiY, cspA
9 	 gadX, stpA
10 	 hns, uxuR
11 	 uxuR
12 	 uxuR, fucR
13 	 rcsB, rcsA, lrp, hdfR, stpA, uxuR, adiY, cspA
15 	 rcsB, rcsA, lrp, hdfR, stpA, uxuR, adiY, cspA, idnR
16 	 uxuR
17 	 uxuR, exuR
18 	 rcsB, rcsA, lrp, hdfR, stpA, adiY, cspA
19 	 uxuR, araC
20 	 uxuR
21 	 uxuR, idnR
22 	 uxuR, exuR, fucR
23 	 uxuR, araC
24 	 marA, uxuR
25 	 uxuR
26 	 uxuR, araC
27 	 xylR, uxuR
28 	 uxuR
29 	 rcsB, rcsA, lrp, hdfR, stpA, xylR, uxuR, adiY, cspA
30 	 rcsB, rcsA, lrp, marA, hdfR, stpA, uxuR, adiY, cspA
31 	 uxuR, fucR
32 	 uxuR
33 	 uxuR, idnR
34 	 xylR, uxuR
35 	 uxuR, fucR
36 	 xylR, uxuR, exuR
37 	 marA
38 	 uxuR, idnR
39 	 xylR, uxuR, fucR
40 	 rcsB, rcsA, lrp, marA, hdfR, stpA, uxuR, adiY, cspA, idnR
41 	 uxuR
42 	 fucR
43 	 rcsB, rcsA, lrp, hdfR, stpA, uxuR, adiY, cspA, araC
44 	 xylR, uxuR
45 	 idnR
46 	 rcsB, rcsA, lrp, hdfR, stpA, xylR, uxuR, adiY, cspA
47 	 uxuR, exuR
48 	 marA, uxuR, fucR
49 	 rcsB, rcsA, lrp, hdfR, stpA, uxuR, exuR, adiY, cspA
51 	 marA, uxuR, exuR
52 	 rcsB, rcsA, lrp, hdfR, stpA, xylR, adiY, cspA
53 	 uxuR, araC
54 	 uxuR, exuR, idnR
55 	 rcsB, rcsA, lrp, hdfR, stpA, uxuR, adiY, cspA, araC
56 	 uxuR
57 	 marA, uxuR
58 	 uxuR, araC
59 	 uxuR
60 	 uxuR, idnR, fucR
61 	 uxuR
62 	 uxuR
63 	 uxuR, araC
64 	 uxuR, fucR
65 	 uxuR, exuR
67 	 uxuR, fucR
68 	 uxuR, exuR, araC
69 	 uxuR, idnR
70 	 xylR, uxuR, fucR
72 	 uxuR
73 	 uxuR, araC, fucR
74 	 uxuR, exuR
75 	 marA, uxuR, idnR
76 	 rcsB, rcsA, lrp, hdfR, stpA, uxuR, exuR, adiY, cspA, araC
77 	 xylR, uxuR
78 	 idnR, fucR
79 	 hns, araC
80 	 marA, uxuR
81 	 uxuR, exuR
82 	 rcsB, rcsA, lrp, marA, hdfR, stpA, uxuR, adiY, cspA, araC
84 	 uxuR
85 	 uxuR, exuR, idnR
86 	 xylR, uxuR
87 	 uxuR, araC
88 	 xylR, uxuR, exuR
89 	 rcsB, rcsA, lrp, hdfR, stpA, uxuR, adiY, cspA, fucR
90 	 marA, uxuR
91 	 xylR, uxuR, idnR
92 	 marA, uxuR
93 	 uxuR, idnR, fucR
94 	 uxuR
95 	 xylR
96 	 marA, uxuR
97 	 xylR, uxuR
98 	 uxuR, araC
100 	 marA, uxuR, fucR
101 	 rcsB, rcsA, lrp, hdfR, stpA, uxuR, exuR, adiY, cspA, idnR
102 	 xylR, uxuR
103 	 fucR
104 	 uxuR, idnR
105 	 xylR, uxuR
106 	 uxuR, exuR, idnR, fucR
107 	 uxuR
108 	 uxuR
109 	 araC
110 	 marA, uxuR, exuR
111 	 uxuR, araC
112 	 xylR, uxuR, idnR
113 	 marA
114 	 uxuR, idnR
115 	 marA, uxuR, fucR
116 	 rcsB, rcsA, lrp, hdfR, stpA, xylR, uxuR, adiY, cspA, idnR
117 	 araC
118 	 marA, uxuR, fucR
119 	 xylR
120 	 uxuR, exuR
121 	 marA, fucR
122 	 rcsB, rcsA, lrp, hdfR, stpA, uxuR, adiY, cspA, idnR
123 	 uxuR, exuR
124 	 xylR, uxuR
125 	 marA, uxuR
126 	 uxuR, idnR
127 	 uxuR
128 	 marA, uxuR, exuR
129 	 uxuR, fucR
130 	 uxuR, araC
132 	 uxuR, fucR
133 	 uxuR
134 	 xylR
135 	 uxuR, araC, fucR
136 	 uxuR
137 	 xylR
138 	 marA, uxuR, fucR
140 	 uxuR, araC, idnR
141 	 fucR
142 	 xylR, uxuR
143 	 marA, uxuR, exuR
144 	 xylR
145 	 uxuR, araC
147 	 uxuR, fucR
148 	 uxuR, exuR, idnR
149 	 uxuR
150 	 uxuR, araC
151 	 uxuR, fucR
152 	 uxuR, exuR
153 	 marA, uxuR
154 	 hns, uxuR, fucR
155 	 xylR, uxuR
156 	 uxuR
157 	 uxuR, idnR
158 	 uxuR
160 	 uxuR, araC
161 	 uxuR, exuR
162 	 marA, uxuR
163 	 uxuR, araC
164 	 uxuR, exuR
166 	 uxuR, idnR
167 	 fucR
168 	 xylR, uxuR
169 	 marA, uxuR
170 	 uxuR
171 	 uxuR, idnR
172 	 marA, uxuR, araC
173 	 idnR
174 	 xylR, uxuR
175 	 marA, xylR, uxuR
176 	 xylR, uxuR
177 	 uxuR
178 	 xylR, uxuR, fucR
179 	 xylR, uxuR, exuR
180 	 uxuR
181 	 xylR, uxuR, fucR
182 	 xylR, uxuR
183 	 xylR, uxuR, exuR
184 	 xylR, uxuR, fucR
185 	 marA, xylR, uxuR
186 	 xylR, uxuR, idnR
187 	 marA, xylR, uxuR
188 	 xylR
189 	 marA, xylR, uxuR
190 	 xylR
191 	 xylR, uxuR, idnR
192 	 marA, xylR, uxuR
193 	 xylR
194 	 marA, xylR, uxuR
195 	 xylR, uxuR, exuR
196 	 marA, xylR, uxuR
197 	 xylR, uxuR, fucR
198 	 xylR, uxuR, exuR
199 	 xylR, uxuR, fucR
200 	 xylR
201 	 xylR, uxuR, exuR
202 	 xylR, uxuR
203 	 marA, xylR, uxuR
204 	 xylR, uxuR, exuR
205 	 xylR, uxuR, idnR
206 	 xylR, uxuR, fucR
207 	 xylR, uxuR, idnR
208 	 rcsB, rcsA, lrp, hdfR, stpA, xylR, uxuR, adiY, cspA
209 	 araC
210 	 xylR, uxuR
211 	 uxuR, araC, fucR
212 	 xylR, uxuR
213 	 araC
215 	 xylR, uxuR
216 	 marA
217 	 fucR
218 	 xylR, uxuR
219 	 fucR
220 	 uxuR, exuR, araC
221 	 xylR, uxuR
223 	 marA
225 	 xylR, uxuR, idnR
227 	 fucR
229 	 araC
230 	 xylR
231 	 marA
232 	 araC
233 	 xylR, uxuR, idnR
234 	 xylR
235 	 araC
236 	 fucR
237 	 araC
238 	 xylR, fucR
239 	 uxuR, exuR, araC
240 	 xylR, fucR
241 	 uxuR, exuR, araC
242 	 xylR, fucR
243 	 uxuR, exuR, araC
244 	 xylR, fucR
245 	 uxuR, exuR, araC
246 	 xylR, fucR
247 	 uxuR, exuR, araC
248 	 xylR, fucR
249 	 uxuR, exuR, araC
250 	 xylR, fucR
251 	 idnR
252 	 xylR, fucR
253 	 idnR
254 	 uxuR, exuR, fucR
255 	 idnR
256 	 uxuR, exuR, fucR
257 	 idnR
258 	 uxuR, exuR, fucR
259 	 idnR
260 	 uxuR, exuR, fucR
261 	 idnR
262 	 uxuR, exuR, fucR
263 	 xylR, idnR
264 	 uxuR, exuR, fucR
265 	 xylR, idnR
266 	 uxuR, exuR, fucR
267 	 xylR, idnR
268 	 xylR, uxuR, exuR, fucR
269 	 xylR, idnR
270 	 xylR, uxuR, exuR, fucR
271 	 xylR, idnR
272 	 xylR, uxuR, exuR, fucR
273 	 xylR, idnR
274 	 xylR, uxuR, exuR, fucR
275 	 xylR, idnR
276 	 xylR, uxuR, exuR, fucR
277 	 xylR, idnR
278 	 xylR, uxuR, exuR, fucR
279 	 uxuR, exuR, idnR
280 	 xylR, uxuR, exuR, fucR
281 	 uxuR, exuR, idnR
282 	 xylR, uxuR, exuR, fucR
283 	 uxuR, exuR, idnR
284 	 xylR, uxuR
285 	 uxuR, exuR, idnR
286 	 xylR, uxuR
287 	 uxuR, exuR, idnR
288 	 xylR, uxuR
289 	 xylR, uxuR, exuR, idnR
291 	 xylR, uxuR, exuR, idnR
293 	 xylR, uxuR, exuR, idnR
295 	 xylR, uxuR, exuR, idnR
297 	 xylR, uxuR, exuR, idnR
299 	 xylR, uxuR, exuR, idnR
301 	 xylR, uxuR, exuR, idnR
302 	 xylR
303 	 xylR, uxuR, exuR, idnR
304 	 xylR
305 	 uxuR, araC, idnR
306 	 xylR
307 	 uxuR, araC, idnR
308 	 xylR
309 	 uxuR, araC, idnR
310 	 xylR
311 	 uxuR, araC, idnR
312 	 xylR
313 	 uxuR, araC, idnR
314 	 xylR
315 	 uxuR, araC, idnR
316 	 xylR
317 	 uxuR, araC, idnR
318 	 uxuR, exuR
319 	 araC, idnR
320 	 uxuR, exuR
321 	 araC, idnR
322 	 uxuR, exuR
323 	 araC, idnR
324 	 uxuR, exuR
325 	 araC, idnR
326 	 uxuR, exuR
327 	 araC, idnR
328 	 uxuR, exuR
329 	 araC, idnR
330 	 uxuR, exuR
331 	 araC, idnR
332 	 xylR, uxuR, exuR
333 	 araC, idnR
334 	 xylR, uxuR, exuR
335 	 uxuR, exuR, araC, idnR
336 	 xylR, uxuR, exuR
337 	 uxuR, exuR, araC, idnR
338 	 xylR, uxuR, exuR
339 	 uxuR, exuR, araC, idnR
340 	 xylR, uxuR, exuR
341 	 uxuR, exuR, araC, idnR
342 	 xylR, uxuR, exuR
343 	 uxuR, exuR, araC, idnR
344 	 xylR, uxuR, exuR
345 	 uxuR, exuR, araC, idnR
346 	 xylR, uxuR, exuR
347 	 uxuR, exuR, araC, idnR
348 	 uxuR, fucR
349 	 marA
350 	 uxuR, fucR
351 	 marA
352 	 uxuR, fucR
353 	 marA
354 	 uxuR, fucR
355 	 marA, xylR
356 	 uxuR, fucR
357 	 marA, xylR
358 	 uxuR, fucR
359 	 marA, xylR
360 	 uxuR, fucR
361 	 marA, xylR
362 	 xylR, uxuR, fucR
363 	 marA, xylR
364 	 xylR, uxuR, fucR
365 	 marA, xylR
366 	 xylR, uxuR, fucR
367 	 marA, xylR
368 	 xylR, uxuR, fucR
369 	 marA, xylR
370 	 xylR, uxuR, fucR
371 	 marA, uxuR, exuR
372 	 xylR, uxuR, fucR
373 	 marA, uxuR, exuR
374 	 xylR, uxuR, fucR
375 	 marA, uxuR, exuR
376 	 xylR, uxuR, fucR
377 	 marA, uxuR, exuR
378 	 fucR
379 	 marA, xylR, uxuR, exuR
380 	 fucR
381 	 xylR
382 	 marA, xylR, uxuR, exuR
383 	 rcsB, rcsA, lrp, hdfR, stpA, xylR, adiY, cspA
384 	 xylR
385 	 xylR
386 	 marA, xylR, uxuR, exuR
387 	 uxuR, idnR
388 	 marA, xylR, uxuR, exuR
389 	 uxuR, idnR
390 	 marA, xylR, uxuR, exuR
391 	 uxuR, idnR
392 	 marA, xylR, uxuR, exuR
393 	 uxuR, idnR
394 	 marA, xylR, uxuR, exuR
395 	 uxuR, idnR
396 	 uxuR, araC, fucR
397 	 xylR
398 	 xylR
399 	 uxuR, exuR
400 	 uxuR, exuR
401 	 marA, xylR, uxuR, exuR
402 	 uxuR, exuR
403 	 uxuR, exuR
404 	 rcsB, rcsA, lrp, hdfR, stpA, uxuR, exuR, adiY, cspA
405 	 uxuR, exuR
406 	 uxuR, exuR
407 	 uxuR, exuR
408 	 xylR, uxuR, exuR
409 	 xylR, uxuR, exuR
410 	 xylR, uxuR, exuR
411 	 rcsB, rcsA, lrp, hdfR, stpA, xylR, uxuR, exuR, adiY, cspA
412 	 xylR, uxuR, exuR
413 	 hns, xylR, uxuR, exuR
414 	 xylR, uxuR, exuR
415 	 xylR, uxuR, exuR
416 	 xylR, uxuR, exuR
417 	 xylR, uxuR, exuR
418 	 uxuR, araC
419 	 rcsB, rcsA, lrp, hdfR, stpA, adiY, cspA, idnR
420 	 uxuR, araC
421 	 rcsB, rcsA, lrp, hdfR, stpA, adiY, cspA, fucR
422 	 araC
423 	 rcsB, rcsA, lrp, hdfR, stpA, uxuR, exuR, adiY, cspA
424 	 araC
425 	 rcsB, rcsA, lrp, marA, hdfR, stpA, uxuR, exuR, adiY, cspA
426 	 araC
427 	 uxuR, idnR
428 	 araC
429 	 rcsB, rcsA, lrp, hdfR, stpA, uxuR, exuR, adiY, cspA, fucR
430 	 uxuR, exuR, araC
431 	 uxuR
432 	 uxuR, exuR, araC
433 	 marA, uxuR
434 	 uxuR, exuR, araC
435 	 uxuR, idnR
436 	 uxuR, exuR, araC
437 	 uxuR, fucR
438 	 rcsB, rcsA, lrp, hdfR, stpA, uxuR, adiY, cspA, araC
439 	 uxuR
440 	 rcsB, rcsA, lrp, hdfR, stpA, adiY, cspA, araC
441 	 marA, uxuR
442 	 rcsB, rcsA, lrp, hdfR, stpA, uxuR, exuR, adiY, cspA, araC
443 	 uxuR, idnR
444 	 uxuR, araC
445 	 uxuR, fucR
446 	 uxuR, araC
447 	 uxuR
448 	 uxuR, araC
449 	 marA, uxuR
450 	 uxuR, araC
451 	 idnR
452 	 araC
453 	 uxuR, fucR
454 	 araC
456 	 araC
457 	 marA
458 	 araC
459 	 idnR
460 	 uxuR, exuR, araC
461 	 uxuR, fucR
462 	 uxuR, exuR, araC
464 	 uxuR, exuR, araC
465 	 marA
466 	 uxuR, exuR, araC
467 	 idnR
468 	 fucR
469 	 fucR
471 	 fucR
473 	 fucR
474 	 uxuR, exuR
475 	 uxuR, exuR, fucR
476 	 uxuR, exuR
477 	 uxuR, exuR, fucR
478 	 uxuR, exuR
479 	 uxuR, exuR, fucR
480 	 uxuR, exuR
481 	 uxuR, exuR, fucR
482 	 idnR
483 	 rcsB, rcsA, lrp, hdfR, stpA, adiY, cspA, fucR
484 	 rcsB, rcsA, lrp, hdfR, stpA, uxuR, exuR, adiY, cspA, fucR
485 	 uxuR, fucR
486 	 uxuR, fucR
487 	 uxuR, fucR
488 	 uxuR, fucR
489 	 fucR
490 	 fucR
491 	 fucR
492 	 fucR
493 	 uxuR, exuR, fucR
494 	 uxuR, exuR, fucR
495 	 uxuR, exuR, fucR
496 	 uxuR, exuR, fucR
497 	 rcsB, rcsA, lrp, hdfR, stpA, xylR, uxuR, adiY, cspA, fucR
498 	 rcsB, rcsA, lrp, hdfR, stpA, xylR, adiY, cspA, fucR
499 	 rcsB, rcsA, lrp, hdfR, stpA, xylR, uxuR, exuR, adiY, cspA, fucR
500 	 xylR, uxuR, fucR
501 	 xylR, uxuR, fucR
502 	 xylR, uxuR, fucR
503 	 xylR, uxuR, fucR
504 	 xylR, fucR
505 	 xylR, fucR
506 	 xylR, fucR
507 	 xylR, fucR
508 	 xylR, uxuR, exuR, fucR
509 	 xylR, uxuR, exuR, fucR
510 	 xylR, uxuR, exuR, fucR
511 	 xylR, uxuR, exuR, fucR
512 	 rcsB, rcsA, lrp, hdfR, stpA, xylR, uxuR, adiY, cspA, fucR
513 	 rcsB, rcsA, lrp, hdfR, stpA, xylR, adiY, cspA, fucR
514 	 rcsB, rcsA, lrp, hdfR, stpA, xylR, uxuR, exuR, adiY, cspA, fucR
515 	 xylR, uxuR, fucR
516 	 xylR, uxuR, fucR
517 	 xylR, uxuR, fucR
518 	 xylR, uxuR, fucR
519 	 xylR, fucR
520 	 xylR, fucR
521 	 xylR, fucR
522 	 xylR, fucR
523 	 xylR, uxuR, exuR, fucR
524 	 xylR, uxuR, exuR, fucR
525 	 xylR, uxuR, exuR, fucR
526 	 xylR, uxuR, exuR, fucR
527 	 rcsB, rcsA, lrp, hdfR, stpA, uxuR, adiY, cspA, idnR
528 	 rcsB, rcsA, lrp, hdfR, stpA, uxuR, adiY, cspA, araC, fucR
529 	 rcsB, rcsA, lrp, hdfR, stpA, adiY, cspA, idnR
530 	 rcsB, rcsA, lrp, hdfR, stpA, adiY, cspA, araC, fucR
531 	 rcsB, rcsA, lrp, hdfR, stpA, uxuR, exuR, adiY, cspA, idnR
532 	 rcsB, rcsA, lrp, hdfR, stpA, uxuR, exuR, adiY, cspA, araC, fucR
533 	 rcsB, rcsA, lrp, hdfR, stpA, xylR, adiY, cspA, idnR
534 	 rcsB, rcsA, lrp, hdfR, stpA, uxuR, adiY, cspA, araC, fucR
535 	 rcsB, rcsA, lrp, hdfR, stpA, xylR, uxuR, exuR, adiY, cspA, idnR
536 	 rcsB, rcsA, lrp, hdfR, stpA, adiY, cspA, araC, fucR
537 	 rcsB, rcsA, lrp, hdfR, stpA, xylR, uxuR, adiY, cspA, idnR
538 	 rcsB, rcsA, lrp, hdfR, stpA, uxuR, exuR, adiY, cspA, araC, fucR
539 	 rcsB, rcsA, lrp, hdfR, stpA, xylR, adiY, cspA, idnR
540 	 araC, fucR
541 	 rcsB, rcsA, lrp, hdfR, stpA, xylR, uxuR, exuR, adiY, cspA, idnR
542 	 araC, fucR
543 	 rcsB, rcsA, lrp, hdfR, stpA, uxuR, adiY, cspA, idnR, fucR
544 	 araC, fucR
545 	 rcsB, rcsA, lrp, hdfR, stpA, adiY, cspA, idnR, fucR
546 	 araC, fucR
547 	 rcsB, rcsA, lrp, hdfR, stpA, uxuR, exuR, adiY, cspA, idnR, fucR
548 	 uxuR, exuR, araC, fucR
549 	 rcsB, rcsA, lrp, hdfR, stpA, uxuR, adiY, cspA, idnR, fucR
550 	 uxuR, exuR, araC, fucR
551 	 rcsB, rcsA, lrp, hdfR, stpA, adiY, cspA, idnR, fucR
552 	 uxuR, exuR, araC, fucR
553 	 rcsB, rcsA, lrp, hdfR, stpA, uxuR, exuR, adiY, cspA, idnR, fucR
554 	 uxuR, exuR, araC, fucR
555 	 rcsB, rcsA, lrp, hdfR, stpA, xylR, uxuR, adiY, cspA, idnR, fucR
556 	 uxuR, araC, fucR
557 	 rcsB, rcsA, lrp, hdfR, stpA, xylR, adiY, cspA, idnR, fucR
558 	 uxuR, araC, fucR
559 	 rcsB, rcsA, lrp, hdfR, stpA, xylR, uxuR, exuR, adiY, cspA, idnR, fucR
560 	 uxuR, araC, fucR
561 	 rcsB, rcsA, lrp, hdfR, stpA, xylR, uxuR, adiY, cspA, idnR, fucR
562 	 uxuR, araC, fucR
563 	 rcsB, rcsA, lrp, hdfR, stpA, xylR, adiY, cspA, idnR, fucR
564 	 araC, fucR
565 	 rcsB, rcsA, lrp, hdfR, stpA, xylR, uxuR, exuR, adiY, cspA, idnR, fucR
566 	 araC, fucR
567 	 uxuR, idnR, fucR
568 	 araC, fucR
569 	 uxuR, idnR, fucR
570 	 araC, fucR
571 	 uxuR, idnR, fucR
572 	 uxuR, exuR, araC, fucR
573 	 idnR, fucR
574 	 uxuR, exuR, araC, fucR
575 	 idnR, fucR
576 	 uxuR, exuR, araC, fucR
577 	 idnR, fucR
578 	 uxuR, exuR, araC, fucR
579 	 uxuR, exuR, idnR, fucR
580 	 uxuR, araC, fucR
581 	 uxuR, exuR, idnR, fucR
582 	 uxuR, araC, fucR
583 	 uxuR, exuR, idnR, fucR
584 	 uxuR, araC, fucR
585 	 uxuR, idnR, fucR
586 	 uxuR, araC, fucR
587 	 uxuR, idnR, fucR
588 	 araC, fucR
589 	 uxuR, idnR, fucR
590 	 araC, fucR
591 	 uxuR, idnR, fucR
592 	 araC, fucR
593 	 idnR, fucR
594 	 araC, fucR
595 	 idnR, fucR
596 	 uxuR, exuR, araC, fucR
597 	 idnR, fucR
598 	 uxuR, exuR, araC, fucR
599 	 idnR, fucR
600 	 uxuR, exuR, araC, fucR
601 	 uxuR, exuR, idnR, fucR
602 	 uxuR, exuR, araC, fucR
603 	 uxuR, exuR, idnR, fucR
604 	 uxuR, araC, fucR
605 	 uxuR, exuR, idnR, fucR
606 	 uxuR, araC, fucR
607 	 uxuR, exuR, idnR, fucR
608 	 uxuR, araC, fucR
609 	 xylR, uxuR, idnR, fucR
610 	 uxuR, araC, fucR
611 	 xylR, uxuR, idnR, fucR
612 	 araC, fucR
613 	 xylR, uxuR, idnR, fucR
614 	 araC, fucR
615 	 xylR, uxuR, idnR, fucR
616 	 araC, fucR
617 	 xylR, idnR, fucR
618 	 araC, fucR
619 	 xylR, idnR, fucR
620 	 uxuR, exuR, araC, fucR
621 	 xylR, idnR, fucR
622 	 uxuR, exuR, araC, fucR
623 	 xylR, idnR, fucR
624 	 uxuR, exuR, araC, fucR
625 	 xylR, uxuR, exuR, idnR, fucR
626 	 uxuR, exuR, araC, fucR
627 	 xylR, uxuR, exuR, idnR, fucR
628 	 rcsB, rcsA, lrp, hdfR, stpA, uxuR, adiY, cspA
629 	 xylR, uxuR, exuR, idnR, fucR
630 	 rcsB, rcsA, lrp, hdfR, stpA, adiY, cspA
631 	 xylR, uxuR, exuR, idnR, fucR
632 	 rcsB, rcsA, lrp, hdfR, stpA, uxuR, exuR, adiY, cspA
633 	 xylR, uxuR, idnR, fucR
634 	 rcsB, rcsA, lrp, hdfR, stpA, xylR, adiY, cspA
635 	 xylR, uxuR, idnR, fucR
636 	 rcsB, rcsA, lrp, hdfR, stpA, xylR, uxuR, exuR, adiY, cspA
637 	 xylR, uxuR, idnR, fucR
638 	 rcsB, rcsA, lrp, hdfR, stpA, xylR, uxuR, adiY, cspA
639 	 xylR, uxuR, idnR, fucR
640 	 rcsB, rcsA, lrp, hdfR, stpA, xylR, adiY, cspA
641 	 xylR, idnR, fucR
642 	 rcsB, rcsA, lrp, hdfR, stpA, xylR, uxuR, exuR, adiY, cspA
643 	 xylR, idnR, fucR
644 	 rcsB, rcsA, lrp, hdfR, stpA, uxuR, adiY, cspA, fucR
645 	 xylR, idnR, fucR
646 	 rcsB, rcsA, lrp, hdfR, stpA, adiY, cspA, fucR
647 	 xylR, idnR, fucR
648 	 rcsB, rcsA, lrp, hdfR, stpA, uxuR, exuR, adiY, cspA, fucR
649 	 xylR, uxuR, exuR, idnR, fucR
650 	 rcsB, rcsA, lrp, hdfR, stpA, uxuR, adiY, cspA, fucR
651 	 xylR, uxuR, exuR, idnR, fucR
652 	 rcsB, rcsA, lrp, hdfR, stpA, adiY, cspA, fucR
653 	 xylR, uxuR, exuR, idnR, fucR
654 	 rcsB, rcsA, lrp, hdfR, stpA, uxuR, exuR, adiY, cspA, fucR
655 	 xylR, uxuR, exuR, idnR, fucR
656 	 rcsB, rcsA, lrp, hdfR, stpA, xylR, uxuR, adiY, cspA, fucR
657 	 uxuR, exuR, idnR
658 	 rcsB, rcsA, lrp, hdfR, stpA, xylR, adiY, cspA, fucR
659 	 uxuR, exuR, idnR
660 	 rcsB, rcsA, lrp, hdfR, stpA, xylR, uxuR, exuR, adiY, cspA, fucR
661 	 uxuR, exuR, idnR
662 	 rcsB, rcsA, lrp, hdfR, stpA, xylR, uxuR, adiY, cspA, fucR
663 	 uxuR, exuR, idnR
664 	 rcsB, rcsA, lrp, hdfR, stpA, xylR, adiY, cspA, fucR
665 	 uxuR, idnR
666 	 rcsB, rcsA, lrp, hdfR, stpA, xylR, uxuR, exuR, adiY, cspA, fucR
667 	 uxuR, idnR
668 	 fucR
669 	 uxuR, idnR
670 	 fucR
671 	 uxuR, idnR
672 	 uxuR, exuR, fucR
673 	 idnR
674 	 uxuR, exuR, fucR
675 	 idnR
676 	 uxuR, exuR, fucR
677 	 idnR
678 	 uxuR, exuR, fucR
679 	 idnR
680 	 fucR
681 	 uxuR, exuR, idnR
682 	 fucR
683 	 uxuR, exuR, idnR
684 	 fucR
685 	 uxuR, exuR, idnR
686 	 fucR
687 	 uxuR, exuR, idnR
688 	 uxuR, exuR, fucR
689 	 xylR, uxuR, idnR
690 	 uxuR, exuR, fucR
691 	 xylR, uxuR, idnR
692 	 uxuR, exuR, fucR
693 	 xylR, uxuR, idnR
694 	 uxuR, exuR, fucR
695 	 xylR, uxuR, idnR
696 	 xylR, fucR
697 	 xylR, idnR
698 	 xylR, fucR
699 	 xylR, idnR
700 	 xylR, fucR
701 	 xylR, idnR
702 	 xylR, fucR
703 	 xylR, idnR
704 	 xylR, uxuR, exuR, fucR
705 	 xylR, uxuR, exuR, idnR
706 	 xylR, uxuR, exuR, fucR
707 	 xylR, uxuR, exuR, idnR
708 	 xylR, uxuR, exuR, fucR
709 	 xylR, uxuR, exuR, idnR
710 	 xylR, uxuR, exuR, fucR
711 	 xylR, uxuR, exuR, idnR
712 	 xylR, fucR
713 	 xylR, uxuR, idnR
714 	 xylR, fucR
715 	 xylR, uxuR, idnR
716 	 xylR, fucR
717 	 xylR, uxuR, idnR
718 	 xylR, fucR
719 	 xylR, uxuR, idnR
720 	 xylR, uxuR, exuR, fucR
721 	 xylR, idnR
722 	 xylR, uxuR, exuR, fucR
723 	 xylR, idnR
724 	 xylR, uxuR, exuR, fucR
725 	 xylR, idnR
726 	 xylR, uxuR, exuR, fucR
727 	 rcsB, rcsA, lrp, marA, hdfR, stpA, uxuR, adiY, cspA
728 	 xylR, idnR
729 	 rcsB, rcsA, lrp, marA, hdfR, stpA, uxuR, exuR, adiY, cspA
730 	 xylR, uxuR, exuR, idnR
731 	 rcsB, rcsA, lrp, marA, hdfR, stpA, xylR, uxuR, adiY, cspA
732 	 xylR, uxuR, exuR, idnR
733 	 rcsB, rcsA, lrp, marA, hdfR, stpA, xylR, adiY, cspA
734 	 xylR, uxuR, exuR, idnR
735 	 rcsB, rcsA, lrp, marA, hdfR, stpA, xylR, uxuR, exuR, adiY, cspA
736 	 xylR, uxuR, exuR, idnR
737 	 rcsB, rcsA, lrp, marA, hdfR, stpA, xylR, uxuR, adiY, cspA
738 	 uxuR, idnR, fucR
739 	 rcsB, rcsA, lrp, marA, hdfR, stpA, xylR, adiY, cspA
740 	 uxuR, idnR, fucR
741 	 rcsB, rcsA, lrp, marA, hdfR, stpA, xylR, uxuR, exuR, adiY, cspA
742 	 uxuR, idnR, fucR
743 	 rcsB, rcsA, lrp, marA, hdfR, stpA, uxuR, adiY, cspA, fucR
744 	 uxuR, idnR, fucR
745 	 rcsB, rcsA, lrp, marA, hdfR, stpA, adiY, cspA, fucR
746 	 idnR, fucR
747 	 rcsB, rcsA, lrp, marA, hdfR, stpA, uxuR, exuR, adiY, cspA, fucR
748 	 idnR, fucR
749 	 rcsB, rcsA, lrp, marA, hdfR, stpA, uxuR, adiY, cspA, fucR
750 	 uxuR, exuR, idnR, fucR
751 	 rcsB, rcsA, lrp, marA, hdfR, stpA, adiY, cspA, fucR
752 	 idnR, fucR
753 	 rcsB, rcsA, lrp, marA, hdfR, stpA, uxuR, exuR, adiY, cspA, fucR
754 	 idnR, fucR
755 	 rcsB, rcsA, lrp, marA, hdfR, stpA, xylR, uxuR, adiY, cspA, fucR
756 	 uxuR, exuR, idnR, fucR
757 	 rcsB, rcsA, lrp, marA, hdfR, stpA, xylR, adiY, cspA, fucR
758 	 uxuR, exuR, idnR, fucR
759 	 rcsB, rcsA, lrp, marA, hdfR, stpA, xylR, uxuR, exuR, adiY, cspA, fucR
760 	 uxuR, exuR, idnR, fucR
761 	 rcsB, rcsA, lrp, marA, hdfR, stpA, xylR, uxuR, adiY, cspA, fucR
762 	 uxuR, idnR, fucR
763 	 rcsB, rcsA, lrp, marA, hdfR, stpA, xylR, adiY, cspA, fucR
764 	 uxuR, idnR, fucR
765 	 rcsB, rcsA, lrp, marA, hdfR, stpA, xylR, uxuR, exuR, adiY, cspA, fucR
766 	 uxuR, idnR, fucR
767 	 marA, uxuR, fucR
768 	 uxuR, idnR, fucR
769 	 marA, fucR
770 	 idnR, fucR
771 	 gadX, marA, stpA, uxuR
772 	 uxuR
773 	 marA, fucR
774 	 marA, fucR
775 	 marA, uxuR, exuR, fucR
776 	 marA, uxuR, exuR, fucR
777 	 marA, uxuR, exuR, fucR
778 	 marA, uxuR, exuR, fucR
779 	 marA, uxuR, fucR
780 	 marA, uxuR, fucR
781 	 marA, uxuR, fucR
782 	 marA, fucR
783 	 marA, fucR
784 	 marA, fucR
785 	 marA, fucR
786 	 marA, uxuR, exuR, fucR
787 	 marA, uxuR, exuR, fucR
788 	 marA, uxuR, exuR, fucR
789 	 marA, uxuR, exuR, fucR
790 	 marA, xylR, uxuR, fucR
791 	 marA, xylR, uxuR, fucR
792 	 marA, xylR, uxuR, fucR
793 	 marA, xylR, uxuR, fucR
794 	 marA, xylR, fucR
795 	 marA, xylR, fucR
796 	 marA, xylR, fucR
797 	 marA, xylR, fucR
798 	 marA, xylR, uxuR, exuR, fucR
799 	 marA, xylR, uxuR, exuR, fucR
800 	 marA, xylR, uxuR, exuR, fucR
801 	 marA, xylR, uxuR, exuR, fucR
802 	 marA, xylR, uxuR, fucR
803 	 marA, xylR, uxuR, fucR
804 	 marA, xylR, uxuR, fucR
805 	 marA, xylR, uxuR, fucR
806 	 marA, xylR, fucR
807 	 marA, xylR, fucR
808 	 marA, xylR, fucR
809 	 marA, xylR, fucR
810 	 marA, xylR, uxuR, exuR, fucR
811 	 marA, xylR, uxuR, exuR, fucR
812 	 marA, xylR, uxuR, exuR, fucR
813 	 marA, xylR, uxuR, exuR, fucR
814 	 marA
815 	 marA
816 	 marA, uxuR, exuR
817 	 marA, uxuR, exuR
818 	 marA, uxuR, exuR
819 	 marA, uxuR, exuR
820 	 marA, uxuR
821 	 marA, uxuR
822 	 marA, uxuR
823 	 marA, uxuR
824 	 marA
825 	 marA
826 	 marA
827 	 marA
828 	 marA, uxuR, exuR
829 	 marA, uxuR, exuR
830 	 marA, uxuR, exuR
831 	 marA, uxuR, exuR
832 	 marA, xylR, uxuR
833 	 marA, xylR, uxuR
834 	 marA, xylR, uxuR
835 	 marA, xylR, uxuR
836 	 marA, xylR
837 	 marA, xylR
838 	 marA, xylR
839 	 marA, xylR
840 	 marA, xylR, uxuR, exuR
841 	 marA, xylR, uxuR, exuR
842 	 marA, xylR, uxuR, exuR
843 	 marA, xylR, uxuR, exuR
844 	 marA, xylR, uxuR
845 	 marA, xylR, uxuR
846 	 marA, xylR, uxuR
847 	 marA, xylR, uxuR
848 	 marA, xylR
849 	 marA, xylR
850 	 marA, xylR
851 	 marA, xylR
852 	 marA, xylR, uxuR, exuR
853 	 marA, xylR, uxuR, exuR
854 	 marA, xylR, uxuR, exuR
855 	 marA, xylR, uxuR, exuR
856 	 marA, uxuR, fucR
857 	 marA, uxuR, fucR
858 	 marA, uxuR, fucR
859 	 marA, uxuR, fucR
860 	 marA, fucR
861 	 marA, fucR
862 	 marA, fucR
863 	 marA, fucR
864 	 marA, uxuR, exuR, fucR
865 	 marA, uxuR, exuR, fucR
866 	 marA, uxuR, exuR, fucR
867 	 marA, uxuR, exuR, fucR
868 	 marA, uxuR, fucR
869 	 marA, uxuR, fucR
870 	 marA, uxuR, fucR
871 	 marA, uxuR, fucR
872 	 marA, fucR
873 	 marA, fucR
874 	 marA, fucR
875 	 marA, fucR
876 	 marA, uxuR, exuR, fucR
877 	 marA, uxuR, exuR, fucR
878 	 marA, uxuR, exuR, fucR
879 	 marA, uxuR, exuR, fucR
880 	 marA, xylR, uxuR, fucR
881 	 marA, xylR, uxuR, fucR
882 	 marA, xylR, uxuR, fucR
883 	 marA, xylR, uxuR, fucR
884 	 marA, xylR, fucR
885 	 marA, xylR, fucR
886 	 marA, xylR, fucR
887 	 marA, xylR, fucR
888 	 marA, xylR, uxuR, exuR, fucR
889 	 marA, xylR, uxuR, exuR, fucR
890 	 marA, xylR, uxuR, exuR, fucR
891 	 marA, xylR, uxuR, exuR, fucR
892 	 marA, xylR, uxuR, fucR
893 	 marA, xylR, uxuR, fucR
894 	 marA, xylR, uxuR, fucR
895 	 marA, xylR, uxuR, fucR
896 	 marA, xylR, fucR
897 	 marA, xylR, fucR
898 	 marA, xylR, fucR
899 	 marA, xylR, fucR
900 	 marA, xylR, uxuR, exuR, fucR
901 	 marA, xylR, uxuR, exuR, fucR
902 	 marA, xylR, uxuR, exuR, fucR
903 	 marA, xylR, uxuR, exuR, fucR
904 	 rcsB, rcsA, lrp, marA, hdfR, stpA, adiY, cspA, araC
905 	 rcsB, rcsA, lrp, marA, hdfR, stpA, adiY, cspA, idnR
906 	 rcsB, rcsA, lrp, marA, hdfR, stpA, uxuR, exuR, adiY, cspA, araC
907 	 rcsB, rcsA, lrp, marA, hdfR, stpA, uxuR, exuR, adiY, cspA, idnR
908 	 rcsB, rcsA, lrp, marA, hdfR, stpA, uxuR, adiY, cspA, araC
909 	 rcsB, rcsA, lrp, marA, hdfR, stpA, uxuR, adiY, cspA, idnR
910 	 rcsB, rcsA, lrp, marA, hdfR, stpA, adiY, cspA, araC
911 	 rcsB, rcsA, lrp, marA, hdfR, stpA, adiY, cspA, idnR
912 	 rcsB, rcsA, lrp, marA, hdfR, stpA, uxuR, exuR, adiY, cspA, araC
913 	 rcsB, rcsA, lrp, marA, hdfR, stpA, uxuR, exuR, adiY, cspA, idnR
914 	 rcsB, rcsA, lrp, marA, hdfR, stpA, uxuR, adiY, cspA, araC, fucR
915 	 rcsB, rcsA, lrp, marA, hdfR, stpA, xylR, uxuR, adiY, cspA, idnR
916 	 rcsB, rcsA, lrp, marA, hdfR, stpA, adiY, cspA, araC, fucR
917 	 rcsB, rcsA, lrp, marA, hdfR, stpA, xylR, adiY, cspA, idnR
918 	 rcsB, rcsA, lrp, marA, hdfR, stpA, uxuR, exuR, adiY, cspA, araC, fucR
919 	 rcsB, rcsA, lrp, marA, hdfR, stpA, xylR, uxuR, exuR, adiY, cspA, idnR
920 	 rcsB, rcsA, lrp, marA, hdfR, stpA, uxuR, adiY, cspA, araC, fucR
921 	 rcsB, rcsA, lrp, marA, hdfR, stpA, xylR, uxuR, adiY, cspA, idnR
922 	 rcsB, rcsA, lrp, marA, hdfR, stpA, adiY, cspA, araC, fucR
923 	 rcsB, rcsA, lrp, marA, hdfR, stpA, xylR, adiY, cspA, idnR
924 	 rcsB, rcsA, lrp, marA, hdfR, stpA, uxuR, exuR, adiY, cspA, araC, fucR
925 	 rcsB, rcsA, lrp, marA, hdfR, stpA, xylR, uxuR, exuR, adiY, cspA, idnR
926 	 marA, araC
927 	 rcsB, rcsA, lrp, marA, hdfR, stpA, uxuR, adiY, cspA, idnR, fucR
928 	 marA, uxuR, exuR, araC
929 	 marA, uxuR, araC
930 	 marA, araC
931 	 marA, uxuR, exuR, araC
932 	 marA, uxuR, araC, fucR
933 	 marA, araC, fucR
934 	 marA, uxuR, exuR, araC, fucR
935 	 marA, uxuR, araC, fucR
936 	 marA, araC, fucR
937 	 marA, uxuR, exuR, araC, fucR
938 	 marA, uxuR, araC
939 	 marA, uxuR, araC
940 	 marA, araC
941 	 marA, araC
942 	 marA, uxuR, exuR, araC
943 	 marA, uxuR, exuR, araC
944 	 marA, uxuR, araC
945 	 marA, uxuR, araC
946 	 marA, araC
947 	 marA, araC
948 	 marA, uxuR, exuR, araC
949 	 marA, uxuR, exuR, araC
950 	 marA, uxuR, araC, fucR
951 	 marA, uxuR, araC, fucR
952 	 marA, araC, fucR
953 	 marA, araC, fucR
954 	 marA, uxuR, exuR, araC, fucR
955 	 marA, uxuR, exuR, araC, fucR
956 	 marA, uxuR, araC, fucR
957 	 marA, uxuR, araC, fucR
958 	 marA, araC, fucR
959 	 marA, uxuR, exuR, araC, fucR
960 	 marA, uxuR, exuR, araC, fucR
961 	 marA, araC, fucR
962 	 marA, uxuR, araC
963 	 marA, uxuR, exuR, araC
964 	 marA, araC
965 	 marA, uxuR, araC
966 	 marA, uxuR, exuR, araC
967 	 marA, araC
968 	 marA, uxuR, araC, fucR
969 	 marA, uxuR, exuR, araC, fucR
970 	 marA, araC, fucR
971 	 marA, uxuR, araC, fucR
972 	 marA, uxuR, exuR, araC, fucR
973 	 marA, araC, fucR
974 	 marA, uxuR, araC
975 	 marA, uxuR, exuR, araC
976 	 marA, araC
977 	 marA, uxuR, araC
978 	 marA, uxuR, exuR, araC
979 	 marA, araC
980 	 marA, uxuR, araC, fucR
981 	 marA, uxuR, exuR, araC, fucR
982 	 marA, araC, fucR
983 	 marA, uxuR, araC, fucR
984 	 marA, uxuR, exuR, araC, fucR
985 	 marA, araC, fucR
986 	 marA, uxuR, araC
987 	 marA, uxuR, araC
988 	 marA, araC
989 	 marA, uxuR, exuR, araC
990 	 marA, uxuR, exuR, araC
991 	 marA, araC
992 	 marA, uxuR, araC
993 	 marA, uxuR, araC
994 	 marA, araC
995 	 marA, uxuR, exuR, araC
996 	 marA, uxuR, exuR, araC
997 	 marA, araC
998 	 marA, uxuR, araC, fucR
999 	 marA, uxuR, araC, fucR
1000 	 marA, araC, fucR
1001 	 marA, uxuR, exuR, araC, fucR
1002 	 marA, uxuR, exuR, araC, fucR
1003 	 marA, araC, fucR
1004 	 marA, uxuR, araC, fucR
1005 	 marA, uxuR, araC, fucR
1006 	 marA, uxuR, exuR, araC, fucR
1007 	 marA, araC, fucR
1008 	 marA, araC, fucR
1009 	 marA, uxuR, exuR, araC, fucR
1010 	 marA, uxuR, araC
1011 	 marA, uxuR, exuR, araC
1012 	 marA, araC
1013 	 marA, uxuR, araC, fucR
1014 	 marA, uxuR, exuR, araC, fucR
1015 	 marA, araC, fucR
1016 	 marA, uxuR, araC
1017 	 marA, uxuR, exuR, araC
1018 	 marA, araC
1019 	 marA, uxuR, araC, fucR
1020 	 marA, uxuR, exuR, araC, fucR
1021 	 marA, araC, fucR
1022 	 rcsB, rcsA, lrp, marA, hdfR, stpA, uxuR, exuR, adiY, cspA
1023 	 rcsB, rcsA, lrp, marA, hdfR, stpA, adiY, cspA, idnR, fucR
1024 	 rcsB, rcsA, lrp, marA, hdfR, stpA, adiY, cspA
1025 	 rcsB, rcsA, lrp, marA, hdfR, stpA, uxuR, exuR, adiY, cspA, idnR, fucR
1026 	 rcsB, rcsA, lrp, marA, hdfR, stpA, xylR, uxuR, adiY, cspA
1027 	 rcsB, rcsA, lrp, marA, hdfR, stpA, uxuR, adiY, cspA, idnR, fucR
1028 	 rcsB, rcsA, lrp, marA, hdfR, stpA, uxuR, adiY, cspA
1029 	 rcsB, rcsA, lrp, marA, hdfR, stpA, xylR, uxuR, adiY, cspA, idnR, fucR
1030 	 rcsB, rcsA, lrp, marA, hdfR, stpA, xylR, adiY, cspA
1031 	 rcsB, rcsA, lrp, marA, hdfR, stpA, adiY, cspA, idnR, fucR
1032 	 rcsB, rcsA, lrp, marA, hdfR, stpA, uxuR, adiY, cspA, fucR
1033 	 rcsB, rcsA, lrp, marA, hdfR, stpA, xylR, adiY, cspA, idnR, fucR
1034 	 rcsB, rcsA, lrp, marA, hdfR, stpA, xylR, uxuR, exuR, adiY, cspA
1035 	 rcsB, rcsA, lrp, marA, hdfR, stpA, uxuR, exuR, adiY, cspA, idnR, fucR
1036 	 rcsB, rcsA, lrp, marA, hdfR, stpA, uxuR, exuR, adiY, cspA
1037 	 rcsB, rcsA, lrp, marA, hdfR, stpA, xylR, uxuR, exuR, adiY, cspA, idnR, fucR
1038 	 rcsB, rcsA, lrp, marA, hdfR, stpA, adiY, cspA, fucR
1039 	 rcsB, rcsA, lrp, marA, hdfR, stpA, xylR, uxuR, adiY, cspA, idnR, fucR
1040 	 rcsB, rcsA, lrp, marA, hdfR, stpA, adiY, cspA
1041 	 rcsB, rcsA, lrp, marA, hdfR, stpA, xylR, uxuR, exuR, adiY, cspA, idnR, fucR
1042 	 rcsB, rcsA, lrp, hdfR, stpA, uxuR, exuR, adiY, cspA
1043 	 hns, marA, xylR, idnR, fucR
1044 	 rcsB, rcsA, lrp, marA, hdfR, stpA, uxuR, exuR, adiY, cspA, fucR
1045 	 rcsB, rcsA, lrp, hdfR, stpA, uxuR, adiY, cspA, araC, idnR
1046 	 rcsB, rcsA, lrp, hdfR, stpA, adiY, cspA
1047 	 rcsB, rcsA, lrp, hdfR, stpA, adiY, cspA, araC, idnR
1048 	 rcsB, rcsA, lrp, hdfR, stpA, xylR, uxuR, adiY, cspA
1049 	 rcsB, rcsA, lrp, hdfR, stpA, uxuR, exuR, adiY, cspA, araC, idnR
1050 	 rcsB, rcsA, lrp, marA, hdfR, stpA, xylR, uxuR, adiY, cspA
1051 	 rcsB, rcsA, lrp, hdfR, stpA, uxuR, adiY, cspA, araC, idnR, fucR
1052 	 rcsB, rcsA, lrp, marA, hdfR, stpA, xylR, adiY, cspA
1053 	 rcsB, rcsA, lrp, hdfR, stpA, uxuR, exuR, adiY, cspA, araC, idnR, fucR
1054 	 rcsB, rcsA, lrp, marA, hdfR, stpA, xylR, uxuR, exuR, adiY, cspA
1055 	 rcsB, rcsA, lrp, hdfR, stpA, adiY, cspA, araC, idnR, fucR
1056 	 rcsB, rcsA, lrp, hdfR, stpA, xylR, uxuR, exuR, adiY, cspA
1057 	 rcsB, rcsA, lrp, hdfR, stpA, uxuR, adiY, cspA, araC, idnR
1058 	 rcsB, rcsA, lrp, hdfR, stpA, xylR, adiY, cspA
1059 	 rcsB, rcsA, lrp, hdfR, stpA, adiY, cspA, araC, idnR
1060 	 rcsB, rcsA, lrp, marA, hdfR, stpA, xylR, uxuR, adiY, cspA, fucR
1061 	 rcsB, rcsA, lrp, hdfR, stpA, uxuR, exuR, adiY, cspA, araC, idnR
1062 	 rcsB, rcsA, lrp, marA, hdfR, stpA, xylR, uxuR, exuR, adiY, cspA, fucR
1063 	 rcsB, rcsA, lrp, hdfR, stpA, uxuR, adiY, cspA, araC, idnR, fucR
1064 	 rcsB, rcsA, lrp, marA, hdfR, stpA, xylR, adiY, cspA, fucR
1065 	 rcsB, rcsA, lrp, hdfR, stpA, uxuR, exuR, adiY, cspA, araC, idnR, fucR
1066 	 rcsB, rcsA, lrp, marA, hdfR, stpA, uxuR, adiY, cspA, fucR
1067 	 rcsB, rcsA, lrp, hdfR, stpA, adiY, cspA, araC, idnR, fucR
1068 	 rcsB, rcsA, lrp, marA, hdfR, stpA, adiY, cspA, fucR
1069 	 rcsB, rcsA, lrp, marA, hdfR, stpA, uxuR, adiY, cspA, araC, idnR
1070 	 rcsB, rcsA, lrp, marA, hdfR, stpA, uxuR, exuR, adiY, cspA, fucR
1071 	 rcsB, rcsA, lrp, marA, hdfR, stpA, adiY, cspA, araC, idnR
1072 	 rcsB, rcsA, lrp, hdfR, stpA, uxuR, adiY, cspA, fucR
1073 	 rcsB, rcsA, lrp, marA, hdfR, stpA, uxuR, exuR, adiY, cspA, araC, idnR
1074 	 rcsB, rcsA, lrp, hdfR, stpA, adiY, cspA, fucR
1075 	 rcsB, rcsA, lrp, marA, hdfR, stpA, uxuR, adiY, cspA, araC, idnR, fucR
1076 	 rcsB, rcsA, lrp, hdfR, stpA, uxuR, exuR, adiY, cspA, fucR
1077 	 rcsB, rcsA, lrp, marA, hdfR, stpA, uxuR, exuR, adiY, cspA, araC, idnR, fucR
1078 	 rcsB, rcsA, lrp, hdfR, stpA, xylR, uxuR, adiY, cspA, fucR
1079 	 rcsB, rcsA, lrp, marA, hdfR, stpA, adiY, cspA, araC, idnR, fucR
1080 	 rcsB, rcsA, lrp, marA, hdfR, stpA, xylR, uxuR, adiY, cspA, fucR
1081 	 rcsB, rcsA, lrp, marA, hdfR, stpA, uxuR, adiY, cspA, araC, idnR
1082 	 rcsB, rcsA, lrp, marA, hdfR, stpA, xylR, uxuR, exuR, adiY, cspA, fucR
1083 	 rcsB, rcsA, lrp, marA, hdfR, stpA, uxuR, exuR, adiY, cspA, araC, idnR
1084 	 rcsB, rcsA, lrp, marA, hdfR, stpA, xylR, adiY, cspA, fucR
1085 	 rcsB, rcsA, lrp, marA, hdfR, stpA, adiY, cspA, araC, idnR
1086 	 rcsB, rcsA, lrp, hdfR, stpA, xylR, uxuR, exuR, adiY, cspA, fucR
1087 	 rcsB, rcsA, lrp, marA, hdfR, stpA, uxuR, adiY, cspA, araC, idnR, fucR
1088 	 rcsB, rcsA, lrp, hdfR, stpA, xylR, adiY, cspA, fucR
1089 	 rcsB, rcsA, lrp, marA, hdfR, stpA, uxuR, exuR, adiY, cspA, araC, idnR, fucR
1090 	 rcsB, rcsA, lrp, hdfR, stpA, adiY, cspA, araC
1091 	 rcsB, rcsA, lrp, marA, hdfR, stpA, adiY, cspA, araC, idnR, fucR
1092 	 rcsB, rcsA, lrp, hdfR, stpA, uxuR, exuR, adiY, cspA, araC
1093 	 marA, idnR
1094 	 rcsB, rcsA, lrp, hdfR, stpA, uxuR, adiY, cspA, araC, fucR
1095 	 marA, uxuR, exuR, idnR
1096 	 marA, xylR, uxuR, idnR
1097 	 marA, xylR, idnR
1098 	 marA, xylR, uxuR, exuR, idnR
1099 	 marA, uxuR, idnR, fucR
1100 	 marA, uxuR, idnR
1101 	 marA, uxuR, exuR, idnR, fucR
1102 	 marA, idnR
1103 	 marA, idnR, fucR
1104 	 marA, uxuR, exuR, idnR
1105 	 marA, xylR, uxuR, idnR, fucR
1106 	 marA, xylR, uxuR, idnR
1107 	 marA, xylR, idnR, fucR
1108 	 marA, xylR, uxuR, exuR, idnR
1109 	 marA, xylR, uxuR, exuR, idnR, fucR
1110 	 marA, xylR, idnR
1111 	 marA, uxuR, idnR, fucR
1112 	 marA, uxuR, exuR, idnR, fucR
1113 	 marA, idnR, fucR
1114 	 marA, xylR, uxuR, idnR, fucR
1115 	 marA, xylR, uxuR, exuR, idnR, fucR
1116 	 marA, xylR, idnR, fucR
1117 	 marA, uxuR, idnR
1118 	 marA, uxuR, idnR
1119 	 marA, idnR
1120 	 marA, uxuR, exuR, idnR
1121 	 marA, uxuR, exuR, idnR
1122 	 marA, idnR
1123 	 marA, xylR, uxuR, idnR
1124 	 marA, uxuR, idnR
1125 	 marA, uxuR, idnR, fucR
1126 	 marA, xylR, uxuR, idnR
1127 	 marA, uxuR, idnR
1128 	 marA, uxuR, idnR, fucR
1129 	 marA, xylR, uxuR, exuR, idnR
1130 	 marA, idnR
1131 	 marA, uxuR, exuR, idnR, fucR
1132 	 marA, xylR, idnR
1133 	 marA, uxuR, exuR, idnR
1134 	 marA, idnR, fucR
1135 	 marA, xylR, idnR
1136 	 marA, uxuR, exuR, idnR
1137 	 rcsB, rcsA, lrp, hdfR, stpA, uxuR, exuR, adiY, cspA, araC, fucR
1138 	 marA, uxuR, exuR, idnR, fucR
1139 	 marA, idnR
1140 	 marA, xylR, uxuR, exuR, idnR
1141 	 marA, idnR, fucR
1142 	 marA, uxuR, idnR, fucR
1143 	 marA, xylR, uxuR, idnR
1144 	 marA, xylR, uxuR, idnR, fucR
1145 	 marA, uxuR, idnR, fucR
1146 	 marA, xylR, idnR, fucR
1147 	 marA, xylR, idnR
1148 	 marA, uxuR, exuR, idnR, fucR
1149 	 marA, xylR, uxuR, idnR, fucR
1150 	 marA, xylR, uxuR, idnR
1151 	 marA, xylR, idnR, fucR
1152 	 marA, xylR, uxuR, exuR, idnR
1153 	 marA, xylR, uxuR, exuR, idnR, fucR
1154 	 marA, xylR, idnR
1155 	 marA, xylR, uxuR, idnR, fucR
1156 	 marA, xylR, uxuR, idnR, fucR
1157 	 marA, uxuR, exuR, idnR, fucR
1158 	 marA, idnR, fucR
1159 	 marA, idnR, fucR
1160 	 marA, xylR, uxuR, exuR, idnR, fucR
1161 	 marA, xylR, uxuR, exuR, idnR
1162 	 marA, xylR, idnR, fucR
1163 	 marA, xylR, uxuR, exuR, idnR, fucR
1164 	 marA, xylR, uxuR, exuR, idnR, fucR
1165 	 marA, xylR, idnR, fucR
1166 	 marA, uxuR, idnR
1167 	 marA, uxuR, idnR
1168 	 marA, idnR
1169 	 marA, uxuR, idnR, fucR
1170 	 marA, idnR, fucR
1171 	 marA, idnR
1172 	 marA, xylR, uxuR, idnR
1173 	 marA, uxuR, exuR, idnR
1174 	 marA, uxuR, idnR, fucR
1175 	 marA, xylR, uxuR, exuR, idnR
1176 	 marA, idnR, fucR
1177 	 marA, uxuR, exuR, idnR
1178 	 marA, xylR, idnR
1179 	 marA, uxuR, exuR, idnR, fucR
1180 	 xylR, uxuR, idnR, fucR
1181 	 marA, uxuR, exuR, idnR, fucR
1182 	 marA, xylR, uxuR, idnR
1183 	 marA, xylR, uxuR, idnR, fucR
1184 	 marA, xylR, uxuR, idnR, fucR
1185 	 marA, xylR, uxuR, exuR, idnR
1186 	 marA, xylR, idnR
1187 	 uxuR, exuR, idnR, fucR
1188 	 marA, xylR, uxuR, exuR, idnR, fucR
1189 	 marA, xylR, uxuR, exuR, idnR, fucR
1190 	 marA, xylR, idnR, fucR
1191 	 marA, xylR, idnR, fucR
1192 	 xylR, uxuR, idnR, fucR
1193 	 xylR, uxuR, exuR, idnR, fucR
1194 	 xylR, uxuR, exuR, idnR, fucR
1195 	 xylR, idnR, fucR
1196 	 xylR, idnR, fucR
1197 	 marA, uxuR, idnR
1198 	 marA, idnR
1199 	 marA, uxuR, exuR, idnR
1200 	 marA, uxuR, idnR
1201 	 marA, xylR, uxuR, idnR
1202 	 marA, uxuR, exuR, idnR
1203 	 marA, xylR, idnR
1204 	 marA, idnR
1205 	 marA, xylR, uxuR, exuR, idnR
1206 	 marA, uxuR, idnR, fucR
1207 	 marA, xylR, uxuR, idnR
1208 	 marA, uxuR, exuR, idnR, fucR
1209 	 marA, xylR, uxuR, exuR, idnR
1210 	 marA, idnR, fucR
1211 	 marA, uxuR, idnR, fucR
1212 	 marA, xylR, uxuR, idnR, fucR
1213 	 marA, idnR, fucR
1214 	 marA, xylR, uxuR, exuR, idnR, fucR
1215 	 marA, uxuR, exuR, idnR, fucR
1216 	 marA, xylR, idnR, fucR
1217 	 marA, xylR, uxuR, idnR, fucR
1218 	 marA, xylR, idnR
1219 	 marA, xylR, idnR, fucR
1220 	 marA, xylR, uxuR, exuR, idnR, fucR
1221 	 xylR, uxuR, idnR, fucR
1222 	 idnR, fucR
1223 	 xylR, idnR, fucR
1224 	 uxuR, exuR, idnR, fucR
1225 	 xylR, uxuR, exuR, idnR, fucR
1226 	 xylR, uxuR, idnR, fucR
1227 	 uxuR, exuR, idnR, fucR
1228 	 xylR, uxuR, exuR, idnR, fucR
1229 	 xylR, uxuR, idnR, fucR
1230 	 xylR, uxuR, idnR, fucR
1231 	 xylR, uxuR, exuR, idnR, fucR
1232 	 xylR, uxuR, exuR, idnR, fucR
1233 	 idnR, fucR
1234 	 xylR, idnR, fucR
1235 	 xylR, idnR, fucR
1236 	 xylR, idnR, fucR
1237 	 marA, uxuR, idnR
1238 	 marA, uxuR, idnR
1239 	 marA, uxuR, idnR, fucR
1240 	 marA, uxuR, exuR, idnR
1241 	 marA, uxuR, idnR
1242 	 marA, idnR
1243 	 marA, uxuR, exuR, idnR
1244 	 marA, xylR, uxuR, idnR
1245 	 marA, idnR
1246 	 marA, uxuR, idnR
1247 	 marA, uxuR, exuR, idnR, fucR
1248 	 marA, xylR, idnR
1249 	 marA, uxuR, exuR, idnR
1250 	 marA, idnR
1251 	 marA, xylR, uxuR, idnR
1252 	 marA, uxuR, idnR, fucR
1253 	 marA, xylR, uxuR, idnR
1254 	 marA, idnR, fucR
1255 	 marA, idnR
1256 	 marA, xylR, uxuR, idnR, fucR
1257 	 marA, xylR, uxuR, exuR, idnR
1258 	 marA, uxuR, exuR, idnR, fucR
1259 	 marA, xylR, uxuR, exuR, idnR
1260 	 marA, xylR, idnR, fucR
1261 	 rcsB, rcsA, lrp, hdfR, stpA, uxuR, adiY, cspA, araC
1262 	 marA, xylR, uxuR, idnR, fucR
1263 	 rcsB, rcsA, lrp, hdfR, stpA, uxuR, exuR, adiY, cspA, araC
1264 	 marA, xylR, idnR
1265 	 rcsB, rcsA, lrp, hdfR, stpA, adiY, cspA, araC
1266 	 marA, idnR, fucR
1267 	 rcsB, rcsA, lrp, hdfR, stpA, uxuR, adiY, cspA, araC, fucR
1268 	 marA, xylR, idnR
1269 	 rcsB, rcsA, lrp, hdfR, stpA, adiY, cspA, araC, fucR
1270 	 marA, xylR, uxuR, exuR, idnR, fucR
1271 	 rcsB, rcsA, lrp, hdfR, stpA, adiY, cspA, araC, fucR
1272 	 marA, xylR, idnR, fucR
1273 	 rcsB, rcsA, lrp, hdfR, stpA, uxuR, exuR, adiY, cspA, araC, fucR
1274 	 marA, uxuR, idnR, fucR
1275 	 rcsB, rcsA, lrp, marA, hdfR, stpA, uxuR, adiY, cspA, araC
1276 	 marA, xylR, uxuR, idnR, fucR
1277 	 rcsB, rcsA, lrp, marA, hdfR, stpA, adiY, cspA, araC
1278 	 marA, idnR, fucR
1279 	 rcsB, rcsA, lrp, marA, hdfR, stpA, uxuR, exuR, adiY, cspA, araC
1280 	 marA, xylR, idnR, fucR
1281 	 rcsB, rcsA, lrp, marA, hdfR, stpA, uxuR, adiY, cspA, araC, fucR
1282 	 marA, uxuR, exuR, idnR, fucR
1283 	 rcsB, rcsA, lrp, marA, hdfR, stpA, adiY, cspA, araC, fucR
1284 	 marA, xylR, uxuR, exuR, idnR, fucR
1285 	 rcsB, rcsA, lrp, marA, hdfR, stpA, uxuR, exuR, adiY, cspA, araC, fucR
1286 	 marA, uxuR, idnR, fucR
1287 	 rcsB, rcsA, lrp, hdfR, stpA, uxuR, adiY, cspA, araC
1288 	 marA, xylR, uxuR, idnR
1289 	 rcsB, rcsA, lrp, hdfR, stpA, uxuR, exuR, adiY, cspA, araC
1290 	 marA, xylR, uxuR, exuR, idnR
1291 	 rcsB, rcsA, lrp, hdfR, stpA, adiY, cspA, araC
1292 	 marA, xylR, idnR
1293 	 rcsB, rcsA, lrp, marA, hdfR, stpA, uxuR, adiY, cspA, araC
1294 	 marA, uxuR, exuR, idnR
1295 	 rcsB, rcsA, lrp, marA, hdfR, stpA, adiY, cspA, araC
1296 	 marA, xylR, uxuR, idnR, fucR
1297 	 rcsB, rcsA, lrp, marA, hdfR, stpA, uxuR, exuR, adiY, cspA, araC
1298 	 marA, xylR, uxuR, exuR, idnR
1299 	 rcsB, rcsA, lrp, hdfR, stpA, uxuR, adiY, cspA, araC, fucR
1300 	 marA, idnR, fucR
1301 	 rcsB, rcsA, lrp, marA, hdfR, stpA, uxuR, adiY, cspA, araC, fucR
1302 	 marA, xylR, uxuR, exuR, idnR, fucR
1303 	 rcsB, rcsA, lrp, hdfR, stpA, adiY, cspA, araC, fucR
1304 	 marA, xylR, idnR, fucR
1305 	 rcsB, rcsA, lrp, marA, hdfR, stpA, uxuR, exuR, adiY, cspA, araC, fucR
1306 	 marA, uxuR, exuR, idnR, fucR
1307 	 rcsB, rcsA, lrp, hdfR, stpA, uxuR, exuR, adiY, cspA, araC, fucR
1308 	 marA, xylR, uxuR, exuR, idnR, fucR
1309 	 rcsB, rcsA, lrp, marA, hdfR, stpA, adiY, cspA, araC, fucR
1310 	 uxuR, exuR, idnR, fucR
1311 	 rcsB, rcsA, lrp, hdfR, stpA, uxuR, adiY, cspA, idnR
1312 	 marA, uxuR, idnR
1313 	 rcsB, rcsA, lrp, hdfR, stpA, uxuR, adiY, cspA, idnR
1314 	 xylR, uxuR, idnR, fucR
1315 	 rcsB, rcsA, lrp, hdfR, stpA, adiY, cspA, idnR
1316 	 marA, uxuR, exuR, idnR
1317 	 rcsB, rcsA, lrp, hdfR, stpA, adiY, cspA, idnR
1318 	 xylR, uxuR, idnR, fucR
1319 	 rcsB, rcsA, lrp, hdfR, stpA, uxuR, exuR, adiY, cspA, idnR
1320 	 marA, xylR, uxuR, idnR
1321 	 rcsB, rcsA, lrp, marA, hdfR, stpA, uxuR, adiY, cspA, idnR
1322 	 xylR, uxuR, exuR, idnR, fucR
1323 	 rcsB, rcsA, lrp, marA, hdfR, stpA, uxuR, adiY, cspA, idnR
1324 	 xylR, idnR, fucR
1325 	 rcsB, rcsA, lrp, hdfR, stpA, uxuR, exuR, adiY, cspA, idnR
1326 	 xylR, uxuR, exuR, idnR, fucR
1327 	 rcsB, rcsA, lrp, hdfR, stpA, uxuR, adiY, cspA, idnR, fucR
1328 	 marA, xylR, uxuR, exuR, idnR
1329 	 rcsB, rcsA, lrp, marA, hdfR, stpA, adiY, cspA, idnR
1330 	 marA, uxuR, idnR
1331 	 rcsB, rcsA, lrp, marA, hdfR, stpA, uxuR, adiY, cspA, idnR, fucR
1332 	 marA, xylR, uxuR, idnR
1333 	 rcsB, rcsA, lrp, hdfR, stpA, adiY, cspA, idnR, fucR
1334 	 marA, idnR
1335 	 rcsB, rcsA, lrp, hdfR, stpA, uxuR, exuR, adiY, cspA, idnR
1336 	 marA, uxuR, exuR, idnR
1337 	 rcsB, rcsA, lrp, marA, hdfR, stpA, adiY, cspA, idnR, fucR
1338 	 marA, xylR, uxuR, exuR, idnR
1339 	 rcsB, rcsA, lrp, hdfR, stpA, uxuR, exuR, adiY, cspA, idnR, fucR
1340 	 marA, uxuR, idnR, fucR
1341 	 rcsB, rcsA, lrp, hdfR, stpA, adiY, cspA, idnR
1342 	 marA, xylR, idnR
1343 	 rcsB, rcsA, lrp, hdfR, stpA, uxuR, adiY, cspA, idnR, fucR
1344 	 marA, xylR, uxuR, idnR, fucR
1345 	 rcsB, rcsA, lrp, marA, hdfR, stpA, adiY, cspA, idnR
1346 	 marA, idnR
1347 	 rcsB, rcsA, lrp, marA, hdfR, stpA, uxuR, exuR, adiY, cspA, idnR
1348 	 marA, idnR, fucR
1349 	 rcsB, rcsA, lrp, marA, hdfR, stpA, uxuR, exuR, adiY, cspA, idnR
1350 	 idnR, fucR
1351 	 rcsB, rcsA, lrp, hdfR, stpA, uxuR, adiY, cspA, idnR, fucR
1352 	 marA, xylR, idnR, fucR
1353 	 rcsB, rcsA, lrp, marA, hdfR, stpA, uxuR, adiY, cspA, idnR, fucR
1354 	 marA, uxuR, exuR, idnR, fucR
1355 	 rcsB, rcsA, lrp, hdfR, stpA, uxuR, exuR, adiY, cspA, idnR, fucR
1356 	 marA, xylR, uxuR, exuR, idnR, fucR
1357 	 rcsB, rcsA, lrp, hdfR, stpA, uxuR, exuR, adiY, cspA, idnR, fucR
1358 	 xylR, idnR, fucR
1359 	 rcsB, rcsA, lrp, hdfR, stpA, adiY, cspA, idnR, fucR
1360 	 marA, uxuR, idnR, fucR
1361 	 rcsB, rcsA, lrp, hdfR, stpA, xylR, uxuR, adiY, cspA, idnR
1362 	 marA, uxuR, exuR, idnR, fucR
1363 	 rcsB, rcsA, lrp, marA, hdfR, stpA, adiY, cspA, idnR, fucR
1364 	 marA, xylR, uxuR, idnR, fucR
1365 	 rcsB, rcsA, lrp, hdfR, stpA, adiY, cspA, idnR, fucR
1366 	 marA, xylR, uxuR, exuR, idnR, fucR
1367 	 rcsB, rcsA, lrp, hdfR, stpA, xylR, uxuR, adiY, cspA, idnR
1368 	 marA, idnR, fucR
1369 	 rcsB, rcsA, lrp, hdfR, stpA, xylR, adiY, cspA, idnR
1370 	 marA, xylR, idnR
1371 	 rcsB, rcsA, lrp, hdfR, stpA, xylR, uxuR, adiY, cspA, idnR
1372 	 marA, xylR, idnR, fucR
1373 	 rcsB, rcsA, lrp, marA, hdfR, stpA, xylR, uxuR, adiY, cspA, idnR
1374 	 marA, uxuR, araC, idnR
1375 	 rcsB, rcsA, lrp, hdfR, stpA, xylR, uxuR, exuR, adiY, cspA, idnR
1376 	 uxuR, araC, idnR, fucR
1377 	 rcsB, rcsA, lrp, hdfR, stpA, xylR, uxuR, exuR, adiY, cspA, idnR
1378 	 araC, idnR, fucR
1379 	 rcsB, rcsA, lrp, hdfR, stpA, xylR, adiY, cspA, idnR
1380 	 uxuR, exuR, araC, idnR, fucR
1381 	 rcsB, rcsA, lrp, marA, hdfR, stpA, xylR, uxuR, adiY, cspA, idnR
1382 	 uxuR, araC, idnR, fucR
1383 	 rcsB, rcsA, lrp, hdfR, stpA, xylR, adiY, cspA, idnR
1384 	 marA, uxuR, araC, idnR, fucR
1385 	 rcsB, rcsA, lrp, hdfR, stpA, xylR, uxuR, adiY, cspA, idnR, fucR
1386 	 marA, uxuR, araC, idnR
1387 	 rcsB, rcsA, lrp, hdfR, stpA, xylR, uxuR, adiY, cspA, idnR, fucR
1388 	 marA, araC, idnR
1389 	 rcsB, rcsA, lrp, hdfR, stpA, xylR, adiY, cspA, idnR, fucR
1390 	 marA, uxuR, araC, idnR, fucR
1391 	 rcsB, rcsA, lrp, marA, hdfR, stpA, xylR, adiY, cspA, idnR
1392 	 araC, idnR, fucR
1393 	 marA, uxuR, exuR, araC, idnR
1394 	 rcsB, rcsA, lrp, hdfR, stpA, xylR, uxuR, exuR, adiY, cspA, idnR, fucR
1395 	 marA, araC, idnR, fucR
1396 	 rcsB, rcsA, lrp, marA, hdfR, stpA, xylR, uxuR, exuR, adiY, cspA, idnR
1397 	 marA, uxuR, exuR, araC, idnR, fucR
1398 	 rcsB, rcsA, lrp, marA, hdfR, stpA, xylR, adiY, cspA, idnR
1399 	 marA, araC, idnR
1400 	 rcsB, rcsA, lrp, marA, hdfR, stpA, xylR, uxuR, adiY, cspA, idnR, fucR
1401 	 uxuR, exuR, araC, idnR, fucR
1402 	 rcsB, rcsA, lrp, hdfR, stpA, xylR, adiY, cspA, idnR, fucR
1403 	 marA, uxuR, exuR, araC, idnR
1404 	 rcsB, rcsA, lrp, marA, hdfR, stpA, uxuR, exuR, adiY, cspA, idnR, fucR
1405 	 marA, uxuR, exuR, araC, idnR, fucR
1406 	 rcsB, rcsA, lrp, hdfR, stpA, xylR, uxuR, exuR, adiY, cspA, idnR
1407 	 marA, araC, idnR, fucR
1408 	 rcsB, rcsA, lrp, hdfR, stpA, xylR, uxuR, exuR, adiY, cspA, idnR, fucR
1409 	 marA, uxuR, araC, idnR
1410 	 rcsB, rcsA, lrp, marA, hdfR, stpA, uxuR, exuR, adiY, cspA, idnR, fucR
1411 	 uxuR, araC, idnR, fucR
1412 	 rcsB, rcsA, lrp, marA, hdfR, stpA, xylR, uxuR, adiY, cspA, idnR, fucR
1413 	 marA, uxuR, araC, idnR
1414 	 rcsB, rcsA, lrp, hdfR, stpA, xylR, uxuR, adiY, cspA, idnR, fucR
1415 	 marA, uxuR, exuR, araC, idnR
1416 	 rcsB, rcsA, lrp, marA, hdfR, stpA, xylR, adiY, cspA, idnR, fucR
1417 	 uxuR, exuR, araC, idnR, fucR
1418 	 rcsB, rcsA, lrp, marA, hdfR, stpA, xylR, uxuR, exuR, adiY, cspA, idnR
1419 	 marA, uxuR, araC, idnR, fucR
1420 	 rcsB, rcsA, lrp, hdfR, stpA, xylR, uxuR, exuR, adiY, cspA, idnR, fucR
1421 	 araC, idnR, fucR
1422 	 rcsB, rcsA, lrp, marA, hdfR, stpA, xylR, uxuR, exuR, adiY, cspA, idnR, fucR
1423 	 marA, araC, idnR
1424 	 rcsB, rcsA, lrp, marA, hdfR, stpA, xylR, uxuR, exuR, adiY, cspA, idnR, fucR
1425 	 marA, araC, idnR, fucR
1426 	 rcsB, rcsA, lrp, marA, hdfR, stpA, xylR, adiY, cspA, idnR, fucR
1427 	 uxuR, araC, idnR, fucR
1428 	 rcsB, rcsA, lrp, hdfR, stpA, xylR, adiY, cspA, idnR, fucR
1429 	 rcsB, rcsA, lrp, hdfR, stpA, uxuR, adiY, cspA, araC, idnR
1430 	 rcsB, rcsA, lrp, hdfR, stpA, uxuR, adiY, cspA, araC, idnR, fucR
1431 	 rcsB, rcsA, lrp, hdfR, stpA, uxuR, exuR, adiY, cspA, araC, idnR
1432 	 rcsB, rcsA, lrp, marA, hdfR, stpA, uxuR, adiY, cspA, araC, idnR
1433 	 rcsB, rcsA, lrp, hdfR, stpA, uxuR, exuR, adiY, cspA, araC, idnR, fucR
1434 	 rcsB, rcsA, lrp, marA, hdfR, stpA, uxuR, exuR, adiY, cspA, araC, idnR
1435 	 rcsB, rcsA, lrp, marA, hdfR, stpA, uxuR, adiY, cspA, araC, idnR, fucR
1436 	 rcsB, rcsA, lrp, hdfR, stpA, adiY, cspA, araC, idnR
1437 	 rcsB, rcsA, lrp, hdfR, stpA, adiY, cspA, araC, idnR, fucR
1438 	 rcsB, rcsA, lrp, marA, hdfR, stpA, adiY, cspA, araC, idnR
1439 	 rcsB, rcsA, lrp, marA, hdfR, stpA, adiY, cspA, araC, idnR, fucR
1440 	 rcsB, rcsA, lrp, marA, hdfR, stpA, uxuR, exuR, adiY, cspA, araC, idnR, fucR
1441 	 rcsB, rcsA, lrp, hdfR, stpA, uxuR, adiY, cspA, araC, idnR
1442 	 rcsB, rcsA, lrp, hdfR, stpA, uxuR, adiY, cspA, araC, idnR, fucR
1443 	 rcsB, rcsA, lrp, hdfR, stpA, adiY, cspA, araC, idnR
1444 	 rcsB, rcsA, lrp, hdfR, stpA, uxuR, exuR, adiY, cspA, araC, idnR
1445 	 rcsB, rcsA, lrp, marA, hdfR, stpA, uxuR, adiY, cspA, araC, idnR
1446 	 rcsB, rcsA, lrp, marA, hdfR, stpA, adiY, cspA, araC, idnR
1447 	 rcsB, rcsA, lrp, marA, hdfR, stpA, uxuR, exuR, adiY, cspA, araC, idnR
1448 	 rcsB, rcsA, lrp, hdfR, stpA, adiY, cspA, araC, idnR, fucR
1449 	 rcsB, rcsA, lrp, marA, hdfR, stpA, uxuR, adiY, cspA, araC, idnR, fucR
1450 	 rcsB, rcsA, lrp, marA, hdfR, stpA, adiY, cspA, araC, idnR, fucR
1451 	 rcsB, rcsA, lrp, hdfR, stpA, uxuR, exuR, adiY, cspA, araC, idnR, fucR
1452 	 rcsB, rcsA, lrp, marA, hdfR, stpA, uxuR, exuR, adiY, cspA, araC, idnR, fucR
1453 	 rcsB, rcsA, lrp, hdfR, stpA, uxuR, adiY, cspA, araC, idnR
1454 	 rcsB, rcsA, lrp, hdfR, stpA, uxuR, exuR, adiY, cspA, araC, idnR
1455 	 rcsB, rcsA, lrp, hdfR, stpA, adiY, cspA, araC, idnR
1456 	 rcsB, rcsA, lrp, hdfR, stpA, uxuR, adiY, cspA, araC, idnR, fucR
1457 	 rcsB, rcsA, lrp, hdfR, stpA, uxuR, exuR, adiY, cspA, araC, idnR, fucR
1458 	 rcsB, rcsA, lrp, hdfR, stpA, adiY, cspA, araC, idnR, fucR
1459 	 marA, uxuR, exuR
1460 	 marA
1461 	 marA, uxuR, exuR, fucR
1462 	 marA, fucR
1463 	 marA, xylR, uxuR
1464 	 marA, xylR, uxuR, exuR
1465 	 marA, xylR, uxuR, fucR
1466 	 marA, xylR, uxuR, exuR, fucR
1467 	 marA, xylR
1468 	 marA, xylR, fucR
1469 	 idnR
1470 	 uxuR, exuR, idnR
1471 	 idnR, fucR
1472 	 xylR, uxuR, idnR
1473 	 marA, uxuR, idnR
1474 	 xylR, uxuR, idnR, fucR
1475 	 uxuR, exuR, idnR, fucR
1476 	 xylR, idnR
1477 	 marA, idnR
1478 	 xylR, idnR, fucR
1479 	 marA, uxuR, exuR, idnR
1480 	 xylR, uxuR, exuR, idnR
1481 	 marA, xylR, uxuR, idnR
1482 	 marA, xylR, idnR
1483 	 marA, xylR, uxuR, exuR, idnR
1484 	 xylR, uxuR, exuR, idnR, fucR
1485 	 marA, uxuR, idnR, fucR
1486 	 marA, idnR, fucR
1487 	 marA, xylR, uxuR, idnR, fucR
1488 	 marA, uxuR, exuR, idnR, fucR
1489 	 marA, xylR, uxuR, exuR, idnR, fucR
1490 	 marA, xylR, idnR, fucR
1491 	 marA, uxuR
1492 	 marA, uxuR
1493 	 marA
1494 	 marA, uxuR, fucR
1495 	 marA, uxuR, fucR
1496 	 marA
1497 	 marA, fucR
1498 	 marA, xylR, uxuR
1499 	 marA, uxuR, exuR
1500 	 marA, fucR
1501 	 marA, uxuR, exuR, fucR
1502 	 marA, xylR
1503 	 marA, xylR, uxuR
1504 	 marA, uxuR, exuR
1505 	 marA, xylR
1506 	 marA, xylR, uxuR, fucR
1507 	 marA, xylR, uxuR, fucR
1508 	 marA, xylR, fucR
1509 	 marA, xylR, fucR
1510 	 marA, xylR, uxuR, exuR
1511 	 marA, xylR, uxuR, exuR
1512 	 marA, uxuR, exuR, fucR
1513 	 marA, xylR, uxuR, exuR, fucR
1514 	 marA, xylR, uxuR, exuR, fucR
1515 	 marA, uxuR, idnR
1516 	 marA, uxuR, idnR
1517 	 idnR
1518 	 marA, uxuR
1519 	 uxuR, idnR, fucR
1520 	 xylR, uxuR
1521 	 idnR
1522 	 uxuR, fucR
1523 	 xylR, uxuR, idnR
1524 	 marA, uxuR, fucR
1525 	 marA, idnR
1526 	 xylR, uxuR, exuR
1527 	 uxuR, exuR, idnR
1528 	 xylR, uxuR, fucR
1529 	 idnR, fucR
1530 	 marA, xylR, uxuR
1531 	 xylR, idnR
1532 	 marA, uxuR, exuR
1533 	 xylR, uxuR, exuR, idnR
1534 	 marA
1535 	 xylR, uxuR, idnR, fucR
1536 	 uxuR, exuR, fucR
1537 	 marA, xylR, uxuR, idnR
1538 	 fucR
1539 	 marA, uxuR, idnR, fucR
1540 	 marA, uxuR, exuR, fucR
1541 	 xylR, idnR, fucR
1542 	 marA, fucR
1543 	 marA, idnR, fucR
1544 	 xylR
1545 	 uxuR, exuR, idnR, fucR
1546 	 marA, xylR, uxuR, fucR
1547 	 marA, xylR, idnR
1548 	 marA, xylR, uxuR, exuR
1549 	 marA, uxuR, exuR, idnR
1550 	 xylR, fucR
1551 	 marA, xylR, uxuR, idnR, fucR
1552 	 marA, xylR
1553 	 xylR, uxuR, exuR, idnR, fucR
1554 	 xylR, uxuR, exuR, fucR
1555 	 marA, xylR, idnR, fucR
1556 	 marA, xylR, uxuR, exuR, fucR
1557 	 marA, xylR, uxuR, exuR, idnR
1558 	 marA, xylR, fucR
1559 	 marA, uxuR, exuR, idnR, fucR
1560 	 uxuR, idnR
1561 	 marA, xylR, uxuR, exuR, idnR, fucR
1562 	 uxuR, idnR, fucR
1563 	 xylR, uxuR, idnR
1564 	 uxuR, exuR, idnR
1565 	 uxuR, idnR, fucR
1566 	 marA, uxuR, idnR
1567 	 marA, idnR
1568 	 marA, uxuR, idnR, fucR
1569 	 xylR, idnR
1570 	 idnR
1571 	 uxuR, exuR, idnR
1572 	 xylR, uxuR, idnR
1573 	 marA, uxuR, exuR, idnR
1574 	 marA, xylR, uxuR, idnR
1575 	 uxuR, exuR, idnR, fucR
1576 	 uxuR, exuR, idnR, fucR
1577 	 marA, xylR, uxuR, idnR
1578 	 marA, idnR
1579 	 xylR, uxuR, idnR, fucR
1580 	 xylR, idnR
1581 	 idnR, fucR
1582 	 xylR, uxuR, exuR, idnR
1583 	 marA, uxuR, idnR, fucR
1584 	 marA, uxuR, exuR, idnR
1585 	 marA, xylR, uxuR, idnR, fucR
1586 	 idnR, fucR
1587 	 xylR, uxuR, exuR, idnR
1588 	 marA, uxuR, exuR, idnR, fucR
1589 	 marA, xylR, uxuR, exuR, idnR
1590 	 marA, idnR, fucR
1591 	 marA, xylR, idnR
1592 	 xylR, uxuR, idnR, fucR
1593 	 xylR, uxuR, exuR, idnR, fucR
1594 	 xylR, uxuR, exuR, idnR, fucR
1595 	 marA, idnR, fucR
1596 	 marA, xylR, uxuR, idnR, fucR
1597 	 xylR, idnR, fucR
1598 	 marA, xylR, uxuR, exuR, idnR
1599 	 marA, xylR, idnR, fucR
1600 	 marA, xylR, uxuR, exuR, idnR, fucR
1601 	 marA, uxuR, exuR, idnR, fucR
1602 	 marA, xylR, idnR
1603 	 marA, xylR, uxuR, exuR, idnR, fucR
1604 	 xylR, idnR, fucR
1605 	 marA, xylR, idnR, fucR
1606 	 xylR, uxuR
1607 	 xylR, uxuR
1608 	 uxuR, fucR
1609 	 xylR
1610 	 uxuR, exuR, fucR
1611 	 xylR, uxuR, exuR
1612 	 fucR
1613 	 marA, uxuR
1614 	 xylR, uxuR, fucR
1615 	 uxuR, fucR
1616 	 xylR
1617 	 uxuR, exuR, fucR
1618 	 xylR, uxuR, exuR
1619 	 fucR
1620 	 marA, uxuR
1621 	 xylR, uxuR, fucR
1622 	 marA, uxuR, exuR
1623 	 marA, uxuR, fucR
1624 	 xylR, uxuR, exuR, fucR
1625 	 marA, uxuR, exuR
1626 	 xylR, fucR
1627 	 marA, xylR, uxuR
1628 	 marA, uxuR, fucR
1629 	 xylR, uxuR, exuR, fucR
1630 	 marA, xylR, uxuR
1631 	 marA
1632 	 marA, xylR, uxuR, fucR
1633 	 marA, fucR
1634 	 marA, xylR, uxuR, exuR
1635 	 marA, xylR
1636 	 marA
1637 	 marA, xylR, uxuR, fucR
1638 	 marA, fucR
1639 	 marA, xylR, uxuR, exuR
1640 	 marA, xylR
1641 	 xylR, fucR
1642 	 marA, uxuR, exuR, fucR
1643 	 marA, xylR, fucR
1644 	 marA, xylR, fucR
1645 	 marA, uxuR, exuR, fucR
1646 	 marA, xylR, uxuR, exuR, fucR
1647 	 marA, xylR, uxuR, exuR, fucR
1648 	 uxuR, idnR
1649 	 uxuR, idnR
1650 	 uxuR, exuR, idnR
1651 	 marA, uxuR, idnR
1652 	 idnR
1653 	 idnR
1654 	 uxuR, idnR, fucR
1655 	 uxuR, exuR, idnR
1656 	 idnR, fucR
1657 	 marA, uxuR, exuR, idnR
1658 	 xylR, uxuR, idnR
1659 	 marA, idnR
1660 	 xylR, uxuR, idnR, fucR
1661 	 xylR, uxuR, idnR
1662 	 marA, uxuR, idnR
1663 	 xylR, uxuR, exuR, idnR
1664 	 xylR, idnR
1665 	 xylR, idnR
1666 	 xylR, idnR, fucR
1667 	 marA, xylR, uxuR, idnR
1668 	 marA, xylR, uxuR, idnR
1669 	 uxuR, idnR, fucR
1670 	 marA, uxuR, idnR, fucR
1671 	 uxuR, exuR, idnR, fucR
1672 	 marA, xylR, uxuR, idnR, fucR
1673 	 marA, uxuR, idnR, fucR
1674 	 marA, idnR
1675 	 marA, xylR, uxuR, exuR, idnR
1676 	 marA, idnR, fucR
1677 	 marA, xylR, idnR
1678 	 uxuR, exuR, idnR, fucR
1679 	 xylR, uxuR, idnR, fucR
1680 	 marA, uxuR, exuR, idnR
1681 	 marA, xylR, uxuR, idnR, fucR
1682 	 marA, uxuR, exuR, idnR, fucR
1683 	 idnR, fucR
1684 	 xylR, uxuR, exuR, idnR
1685 	 marA, uxuR, exuR, idnR, fucR
1686 	 xylR, uxuR, exuR, idnR, fucR
1687 	 xylR, uxuR, exuR, idnR, fucR
1688 	 marA, xylR, uxuR, exuR, idnR
1689 	 marA, idnR, fucR
1690 	 marA, xylR, uxuR, exuR, idnR, fucR
1691 	 xylR, idnR, fucR
1692 	 marA, xylR, idnR
1693 	 marA, xylR, idnR, fucR
1694 	 marA, xylR, idnR, fucR
1695 	 marA, xylR, uxuR, exuR, idnR, fucR
1696 	 marA, uxuR
1697 	 marA, uxuR, exuR
1698 	 marA
1699 	 marA, xylR, uxuR
1700 	 marA, uxuR, fucR
1701 	 marA, xylR
1702 	 marA, uxuR, exuR, fucR
1703 	 marA, xylR, uxuR, exuR
1704 	 marA, fucR
1705 	 marA, xylR, uxuR, fucR
1706 	 marA, xylR, fucR
1707 	 marA, xylR, uxuR, exuR, fucR
1708 	 xylR, uxuR, idnR
1709 	 idnR
1710 	 uxuR, idnR, fucR
1711 	 idnR, fucR
1712 	 marA, uxuR, idnR
1713 	 xylR, idnR
1714 	 marA, uxuR, idnR, fucR
1715 	 xylR, uxuR, idnR, fucR
1716 	 marA, idnR
1717 	 xylR, idnR, fucR
1718 	 uxuR, exuR, idnR
1719 	 marA, idnR, fucR
1720 	 xylR, uxuR, exuR, idnR
1721 	 marA, uxuR, exuR, idnR
1722 	 marA, xylR, uxuR, idnR
1723 	 uxuR, exuR, idnR, fucR
1724 	 marA, xylR, uxuR, idnR, fucR
1725 	 xylR, uxuR, exuR, idnR, fucR
1726 	 marA, xylR, idnR
1727 	 marA, uxuR, exuR, idnR, fucR
1728 	 marA, xylR, idnR, fucR
1729 	 marA, xylR, uxuR, exuR, idnR
1730 	 marA, xylR, uxuR, exuR, idnR, fucR
1731 	 marA, uxuR
1732 	 uxuR, fucR
1733 	 marA
1734 	 uxuR, exuR, fucR
1735 	 marA, uxuR, exuR
1736 	 fucR
1737 	 xylR, uxuR
1738 	 marA, uxuR, fucR
1739 	 xylR
1740 	 marA, fucR
1741 	 xylR, uxuR, exuR
1742 	 marA, xylR, uxuR
1743 	 xylR, uxuR, fucR
1744 	 marA, xylR, uxuR, exuR
1745 	 xylR, fucR
1746 	 marA, xylR
1747 	 xylR, uxuR, exuR, fucR
1748 	 marA, xylR, uxuR, fucR
1749 	 marA, uxuR, exuR, fucR
1750 	 marA, uxuR, exuR, araC, idnR, fucR
1751 	 uxuR, idnR
1752 	 uxuR, idnR, fucR
1753 	 idnR
1754 	 marA, xylR, fucR
1755 	 uxuR, exuR, idnR
1756 	 marA, uxuR, idnR
1757 	 xylR, uxuR, idnR
1758 	 xylR, uxuR, exuR, idnR
1759 	 uxuR, exuR, idnR, fucR
1760 	 xylR, idnR
1761 	 xylR, uxuR, idnR, fucR
1762 	 marA, idnR
1763 	 idnR, fucR
1764 	 marA, xylR, uxuR, idnR
1765 	 marA, uxuR, idnR, fucR
1766 	 marA, uxuR, exuR, idnR
1767 	 xylR, idnR, fucR
1768 	 marA, xylR, uxuR, exuR, fucR
1769 	 marA, xylR, idnR
1770 	 marA, uxuR, exuR, idnR, fucR
1771 	 marA, xylR, uxuR, exuR, idnR
1772 	 xylR, uxuR, exuR, idnR, fucR
1773 	 marA, xylR, uxuR, idnR, fucR
1774 	 marA, idnR, fucR
1775 	 marA, xylR, uxuR, exuR, idnR, fucR
1776 	 marA, xylR, idnR, fucR
1777 	 uxuR, araC, idnR, fucR
1778 	 uxuR, araC, idnR
1779 	 uxuR, exuR, araC, idnR, fucR
1780 	 araC, idnR
1781 	 marA, uxuR, araC, idnR
1782 	 marA, uxuR, araC, idnR
1783 	 araC, idnR, fucR
1784 	 uxuR, araC, idnR, fucR
1785 	 marA, uxuR, araC, idnR, fucR
1786 	 uxuR, exuR, araC, idnR
1787 	 marA, araC, idnR
1788 	 marA, uxuR, exuR, araC, idnR
1789 	 marA, araC, idnR, fucR
1790 	 uxuR, exuR, araC, idnR, fucR
1791 	 marA, uxuR, exuR, araC, idnR
1792 	 marA, uxuR, araC, idnR, fucR
1793 	 marA, uxuR, exuR, araC, idnR, fucR
1794 	 marA, araC, idnR
1795 	 marA, uxuR, araC, idnR
1796 	 araC, idnR, fucR
1797 	 uxuR, araC, idnR, fucR
1798 	 marA, araC, idnR, fucR
1799 	 araC, idnR, fucR
1800 	 marA, uxuR, exuR, araC, idnR, fucR
1801 	 marA, uxuR, exuR, araC, idnR
1802 	 uxuR, araC, idnR
1803 	 marA, uxuR, araC, idnR, fucR
1804 	 araC, idnR
1805 	 marA, araC, idnR
1806 	 uxuR, araC, idnR, fucR
1807 	 marA, araC, idnR, fucR
1808 	 uxuR, exuR, araC, idnR
1809 	 uxuR, exuR, araC, idnR, fucR
1810 	 araC, idnR, fucR
1811 	 marA, uxuR, exuR, araC, idnR, fucR
1812 	 marA, uxuR, araC, idnR
1813 	 uxuR, araC, idnR
1814 	 uxuR, araC, idnR, fucR
1815 	 marA, uxuR, araC, idnR
1816 	 marA, uxuR, araC, idnR, fucR
1817 	 araC, idnR
1818 	 uxuR, exuR, araC, idnR
1819 	 marA, araC, idnR
1820 	 marA, uxuR, exuR, araC, idnR
1821 	 araC, idnR, fucR
1822 	 uxuR, exuR, araC, idnR, fucR
1823 	 marA, araC, idnR, fucR
1824 	 marA, uxuR, exuR, araC, idnR, fucR
1825 	 marA, uxuR, araC, idnR, fucR
1826 	 marA, uxuR, exuR, araC, idnR
1827 	 uxuR, exuR, araC, idnR, fucR
1828 	 marA, araC, idnR
1829 	 marA, uxuR, exuR, araC, idnR, fucR
1830 	 marA, araC, idnR, fucR
1831 	 uxuR, araC, idnR
1832 	 marA, uxuR, araC, idnR
1833 	 araC, idnR
1834 	 marA, araC, idnR
1835 	 uxuR, araC, idnR, fucR
1836 	 uxuR, exuR, araC, idnR
1837 	 araC, idnR, fucR
1838 	 marA, uxuR, exuR, araC, idnR
1839 	 marA, uxuR, araC, idnR, fucR
1840 	 uxuR, exuR, araC, idnR, fucR
1841 	 marA, araC, idnR, fucR
1842 	 marA, uxuR, exuR, araC, idnR, fucR
1843 	 uxuR, araC, idnR
1844 	 marA, uxuR, araC
1845 	 marA, uxuR, araC, idnR
1846 	 uxuR, araC, fucR
1847 	 araC
1848 	 marA, uxuR, araC, fucR
1849 	 araC, idnR
1850 	 uxuR, araC, idnR, fucR
1851 	 marA, araC
1852 	 marA, uxuR, araC, idnR, fucR
1853 	 uxuR, exuR, araC
1854 	 marA, araC, idnR
1855 	 marA, uxuR, exuR, araC
1856 	 araC, fucR
1857 	 uxuR, exuR, araC, fucR
1858 	 marA, araC, fucR
1859 	 uxuR, exuR, araC, idnR
1860 	 araC, idnR, fucR
1861 	 marA, uxuR, exuR, araC, idnR
1862 	 marA, uxuR, exuR, araC, fucR
1863 	 uxuR, exuR, araC, idnR, fucR
1864 	 marA, araC, idnR, fucR
1865 	 marA, uxuR, exuR, araC, idnR, fucR
1866 	 uxuR, araC, idnR
1867 	 uxuR, araC
1868 	 uxuR, exuR, araC
1869 	 uxuR, exuR, araC
1870 	 uxuR, exuR, araC, idnR
1871 	 uxuR, araC, idnR
1872 	 araC
1873 	 marA, uxuR, araC
1874 	 marA, uxuR, araC
1875 	 uxuR, araC, fucR
1876 	 marA, uxuR, araC, idnR
1877 	 uxuR, araC, idnR, fucR
1878 	 marA, araC
1879 	 marA, uxuR, araC, idnR
1880 	 araC, idnR
1881 	 marA, uxuR, araC, fucR
1882 	 marA, araC, idnR
1883 	 marA, uxuR, araC, idnR, fucR
1884 	 marA, uxuR, exuR, araC
1885 	 araC
1886 	 uxuR, araC, fucR
1887 	 araC, idnR
1888 	 marA, uxuR, araC, fucR
1889 	 marA, araC
1890 	 uxuR, araC, idnR, fucR
1891 	 marA, araC, idnR
1892 	 uxuR, exuR, araC, fucR
1893 	 araC, fucR
1894 	 marA, uxuR, exuR, araC, idnR
1895 	 marA, uxuR, exuR, araC
1896 	 araC, fucR
1897 	 uxuR, exuR, araC, fucR
1898 	 uxuR, exuR, araC, idnR, fucR
1899 	 marA, uxuR, exuR, araC, fucR
1900 	 marA, uxuR, araC, idnR, fucR
1901 	 uxuR, exuR, araC, idnR
1902 	 marA, araC, fucR
1903 	 uxuR, exuR, araC, idnR, fucR
1904 	 marA, uxuR, exuR, araC, fucR
1905 	 araC, idnR, fucR
1906 	 marA, uxuR, exuR, araC, idnR, fucR
1907 	 marA, araC, fucR
1908 	 araC, idnR, fucR
1909 	 marA, araC, idnR, fucR
1910 	 marA, araC, idnR, fucR
1911 	 marA, uxuR, exuR, araC, idnR
1912 	 araC
1913 	 marA, uxuR, exuR, araC, idnR, fucR
1914 	 uxuR, araC, idnR
1915 	 marA, uxuR, araC
1916 	 marA, uxuR, araC, idnR
1917 	 araC, idnR
1918 	 uxuR, araC, fucR
1919 	 marA, araC
1920 	 marA, uxuR, araC, fucR
1921 	 marA, araC, idnR
1922 	 uxuR, araC, idnR, fucR
1923 	 uxuR, exuR, araC
1924 	 araC, fucR
1925 	 marA, uxuR, exuR, araC
1926 	 marA, araC, fucR
1927 	 uxuR, exuR, araC, idnR
1928 	 uxuR, exuR, araC, fucR
1929 	 araC, idnR, fucR
1930 	 marA, uxuR, exuR, araC, fucR
1931 	 marA, uxuR, araC, idnR, fucR
1932 	 uxuR, exuR, araC, idnR, fucR
1933 	 marA, araC, idnR, fucR
1934 	 marA, uxuR, exuR, araC, idnR
1935 	 marA, uxuR, exuR, araC, idnR, fucR
1936 	 uxuR, araC
1937 	 uxuR, araC
1938 	 marA, uxuR, araC
1939 	 uxuR, araC, idnR
1940 	 marA, uxuR, araC
1941 	 araC
1942 	 araC
1943 	 marA, araC
1944 	 marA, araC
1945 	 marA, uxuR, araC, idnR
1946 	 uxuR, araC, idnR
1947 	 uxuR, exuR, araC
1948 	 marA, uxuR, araC, idnR
1949 	 marA, uxuR, exuR, araC
1950 	 araC, idnR
1951 	 uxuR, exuR, araC, idnR
1952 	 marA, araC, idnR
1953 	 marA, uxuR, exuR, araC, idnR
1954 	 uxuR, araC, fucR
1955 	 araC, idnR
1956 	 uxuR, exuR, araC
1957 	 marA, araC, idnR
1958 	 uxuR, exuR, araC, idnR
1959 	 uxuR, araC, fucR
1960 	 uxuR, exuR, araC, fucR
1961 	 uxuR, exuR, araC, fucR
1962 	 marA, uxuR, exuR, araC
1963 	 araC, fucR
1964 	 marA, uxuR, exuR, araC, idnR
1965 	 uxuR, araC, idnR, fucR
1966 	 marA, uxuR, araC, fucR
1967 	 marA, uxuR, araC, fucR
1968 	 marA, uxuR, exuR, araC, fucR
1969 	 uxuR, exuR, araC, idnR, fucR
1970 	 uxuR, araC, idnR, fucR
1971 	 marA, uxuR, exuR, araC, fucR
1972 	 araC, fucR
1973 	 marA, uxuR, araC, idnR, fucR
1974 	 marA, araC, fucR
1975 	 marA, uxuR, exuR, araC, idnR, fucR
1976 	 araC, idnR, fucR
1977 	 marA, araC, fucR
1978 	 uxuR, exuR, araC, idnR, fucR
1979 	 araC, idnR, fucR
1980 	 marA, uxuR, araC, idnR, fucR
1981 	 marA, araC, idnR, fucR
1982 	 marA, uxuR, exuR, araC, idnR, fucR
1983 	 marA, araC, idnR, fucR
1984 	 uxuR, araC
1985 	 uxuR, araC, fucR
1986 	 marA, uxuR, araC
1987 	 marA, uxuR, araC, fucR
1988 	 uxuR, araC, idnR
1989 	 araC
1990 	 uxuR, exuR, araC
1991 	 uxuR, exuR, araC, fucR
1992 	 araC, idnR
1993 	 marA, uxuR, exuR, araC
1994 	 araC, fucR
1995 	 uxuR, exuR, araC, idnR
1996 	 marA, araC
1997 	 uxuR, araC, idnR, fucR
1998 	 marA, araC, fucR
1999 	 marA, uxuR, araC, idnR
2000 	 marA, uxuR, exuR, araC, fucR
2001 	 araC, idnR, fucR
2002 	 marA, uxuR, araC, idnR, fucR
2003 	 uxuR, exuR, araC, idnR, fucR
2004 	 marA, uxuR, exuR, araC, idnR
2005 	 marA, araC, idnR
2006 	 marA, uxuR, exuR, araC, idnR, fucR
2007 	 marA, araC, idnR, fucR
2008 	 uxuR, araC
2009 	 uxuR, araC, fucR
2010 	 marA, uxuR, araC
2011 	 marA, uxuR, araC, fucR
2012 	 araC
2013 	 uxuR, exuR, araC
2014 	 uxuR, araC, idnR
2015 	 araC, fucR
2016 	 marA, uxuR, exuR, araC
2017 	 uxuR, araC, idnR, fucR
2018 	 marA, araC
2019 	 uxuR, exuR, araC, fucR
2020 	 marA, uxuR, araC, idnR
2021 	 marA, araC, fucR
2022 	 marA, uxuR, exuR, araC, fucR
2023 	 marA, uxuR, araC, idnR, fucR
2024 	 araC, idnR
2025 	 uxuR, exuR, araC, idnR
2026 	 marA, uxuR, exuR, araC, idnR
2027 	 uxuR, exuR, araC, idnR, fucR
2028 	 marA, uxuR, exuR, araC, idnR, fucR
2029 	 araC, idnR, fucR
2030 	 marA, araC, idnR
2031 	 marA, araC, idnR, fucR
2032 	 marA, uxuR
2033 	 marA, uxuR, idnR
2034 	 marA, xylR, uxuR
2035 	 marA, uxuR, exuR
2036 	 marA
2037 	 marA, uxuR, fucR
2038 	 xylR, uxuR, idnR
2039 	 uxuR, idnR, fucR
2040 	 marA, xylR, uxuR, exuR
2041 	 idnR
2042 	 marA, xylR
2043 	 marA, uxuR, idnR, fucR
2044 	 xylR, idnR
2045 	 marA, uxuR, exuR, fucR
2046 	 uxuR, exuR, idnR
2047 	 marA, xylR, uxuR, idnR
2048 	 xylR, uxuR, exuR, idnR
2049 	 idnR, fucR
2050 	 uxuR, exuR, idnR, fucR
2051 	 marA, xylR, uxuR, fucR
2052 	 xylR, uxuR, idnR, fucR
2053 	 marA, idnR
2054 	 marA, xylR, uxuR, exuR, fucR
2055 	 marA, xylR, uxuR, idnR, fucR
2056 	 marA, fucR
2057 	 marA, xylR, fucR
2058 	 marA, uxuR, exuR, idnR
2059 	 marA, idnR, fucR
2060 	 marA, uxuR, exuR, idnR, fucR
2061 	 marA, xylR, uxuR, exuR, idnR
2062 	 xylR, uxuR, exuR, idnR, fucR
2063 	 xylR, idnR, fucR
2064 	 marA, xylR, idnR
2065 	 marA, xylR, idnR, fucR
2066 	 marA, xylR, uxuR, exuR, idnR, fucR
2067 	 uxuR
2068 	 uxuR, idnR
2069 	 uxuR, fucR
2070 	 uxuR, exuR
2072 	 uxuR, exuR, idnR
2073 	 idnR
2074 	 uxuR, exuR, fucR
2075 	 xylR, uxuR
2076 	 fucR
2077 	 xylR
2078 	 xylR, uxuR, fucR
2079 	 uxuR, idnR, fucR
2080 	 xylR, fucR
2081 	 uxuR, exuR, idnR, fucR
2082 	 xylR, uxuR, exuR
2083 	 xylR, uxuR, idnR
2084 	 idnR, fucR
2085 	 xylR, uxuR, idnR, fucR
2086 	 xylR, uxuR, exuR, idnR
2087 	 xylR, idnR
2088 	 xylR, uxuR, exuR, fucR
2089 	 xylR, idnR, fucR
2090 	 xylR, uxuR, exuR, idnR, fucR
2091 	 uxuR, exuR, araC
2092 	 marA, uxuR
2093 	 uxuR, araC, idnR
2094 	 marA, xylR, uxuR
2095 	 uxuR, araC, fucR
2096 	 xylR, uxuR, idnR
2097 	 uxuR, exuR, araC, fucR
2098 	 marA, uxuR, fucR
2099 	 marA, uxuR, araC
2100 	 marA, xylR, uxuR, fucR
2101 	 araC
2102 	 uxuR, exuR, idnR
2103 	 marA, uxuR, araC, idnR
2104 	 marA
2105 	 uxuR, araC, idnR, fucR
2106 	 xylR, uxuR, exuR, idnR
2107 	 marA, uxuR, araC, fucR
2108 	 idnR
2109 	 marA, uxuR, exuR, araC
2110 	 uxuR, idnR, fucR
2111 	 marA, araC
2112 	 xylR, idnR
2113 	 marA, uxuR, araC, idnR, fucR
2114 	 xylR, uxuR, idnR, fucR
2115 	 araC, idnR
2116 	 marA, uxuR, idnR
2117 	 uxuR, araC
2118 	 idnR, fucR
2119 	 uxuR, araC, idnR
2120 	 xylR, idnR, fucR
2121 	 uxuR, araC, fucR
2122 	 marA, xylR
2123 	 uxuR, araC, idnR, fucR
2124 	 uxuR, exuR, idnR, fucR
2125 	 marA, araC, idnR
2126 	 marA, xylR, uxuR, idnR
2127 	 araC, fucR
2128 	 marA, uxuR, exuR
2129 	 araC
2130 	 xylR, uxuR, exuR, idnR, fucR
2131 	 uxuR, exuR, araC, idnR
2132 	 uxuR
2133 	 marA, uxuR, exuR, araC, fucR
2134 	 xylR, uxuR
2135 	 uxuR, exuR, araC
2136 	 marA, uxuR, exuR, fucR
2137 	 uxuR, exuR, araC, fucR
2138 	 uxuR, fucR
2139 	 uxuR
2140 	 uxuR, exuR, araC, idnR, fucR
2141 	 uxuR
2142 	 marA, uxuR, exuR, araC, idnR
2144 	 marA, uxuR, exuR, araC, idnR, fucR
2145 	 uxuR, araC
2146 	 marA, uxuR, idnR, fucR
2147 	 xylR, uxuR
2148 	 araC, idnR, fucR
2149 	 uxuR
2150 	 uxuR, idnR
2151 	 uxuR, araC
2152 	 araC, idnR
2153 	 uxuR, araC
2154 	 uxuR, fucR
2155 	 xylR, uxuR
2156 	 uxuR, araC, idnR, fucR
2157 	 marA, uxuR
2158 	 uxuR, exuR
2160 	 xylR, uxuR, fucR
2161 	 uxuR, idnR
2162 	 marA, fucR
2163 	 uxuR, araC
2164 	 uxuR, fucR
2165 	 uxuR, idnR
2166 	 marA, xylR, uxuR, exuR
2167 	 araC
2168 	 uxuR, araC, fucR
2169 	 idnR
2170 	 marA, araC, fucR
2171 	 uxuR, exuR
2172 	 uxuR, exuR, araC, idnR
2173 	 araC
2174 	 araC, fucR
2175 	 uxuR, araC, idnR
2176 	 marA, uxuR, idnR
2177 	 araC, idnR, fucR
2178 	 uxuR, araC
2179 	 uxuR, araC, idnR
2180 	 marA, araC, idnR, fucR
2182 	 marA, idnR
2183 	 uxuR, exuR, araC, idnR, fucR
2184 	 marA, uxuR, araC
2185 	 araC, idnR
2186 	 uxuR, araC, idnR
2187 	 araC
2188 	 araC
2189 	 uxuR, fucR
2190 	 marA, uxuR, araC, idnR
2191 	 uxuR, exuR, idnR
2192 	 fucR
2193 	 idnR
2194 	 uxuR, exuR, idnR
2195 	 uxuR, idnR, fucR
2196 	 uxuR, idnR, fucR
2197 	 idnR, fucR
2198 	 fucR
2199 	 uxuR, exuR, fucR
2200 	 uxuR, exuR, idnR, fucR
2201 	 idnR, fucR
2202 	 uxuR, exuR, araC
2203 	 uxuR, exuR, fucR
2204 	 uxuR, araC, fucR
2205 	 uxuR, exuR, idnR, fucR
2206 	 araC, idnR
2207 	 araC, fucR
2208 	 uxuR, araC, idnR, fucR
2209 	 uxuR, araC, idnR, fucR
2210 	 araC, fucR
2211 	 uxuR, exuR, araC, idnR
2212 	 araC, idnR, fucR
2213 	 araC, idnR, fucR
2214 	 uxuR, exuR, araC, fucR
2215 	 uxuR, exuR, araC
2216 	 uxuR, exuR, araC, idnR, fucR
2217 	 uxuR, exuR, araC, idnR
2218 	 uxuR, exuR, araC, fucR
2219 	 uxuR, exuR, araC, idnR, fucR
2220 	 xylR
2221 	 uxuR, idnR
2222 	 marA, uxuR, exuR, idnR
2223 	 xylR
2224 	 idnR
2225 	 xylR, uxuR, idnR
2227 	 marA, idnR, fucR
2228 	 idnR
2229 	 xylR, uxuR, idnR
2230 	 uxuR, exuR
2231 	 marA
2232 	 uxuR, exuR, idnR
2233 	 xylR, idnR
2234 	 uxuR, fucR
2235 	 marA, uxuR, exuR, idnR, fucR
2236 	 fucR
2237 	 xylR, idnR
2238 	 uxuR, idnR, fucR
2239 	 marA, idnR
2240 	 idnR, fucR
2241 	 xylR, fucR
2242 	 uxuR, exuR, fucR
2243 	 uxuR, araC, idnR
2244 	 uxuR, exuR, idnR, fucR
2245 	 xylR, uxuR, fucR
2246 	 araC
2247 	 uxuR, idnR, fucR
2248 	 uxuR, araC, idnR
2249 	 xylR, uxuR, idnR, fucR
2250 	 araC, idnR
2251 	 marA, uxuR, araC, idnR
2252 	 uxuR, exuR, araC
2253 	 xylR, uxuR, exuR
2254 	 uxuR, araC, fucR
2255 	 uxuR, exuR
2256 	 uxuR, exuR, araC, idnR
2257 	 xylR, uxuR, exuR
2258 	 araC, fucR
2259 	 araC, idnR
2260 	 uxuR, araC, idnR, fucR
2261 	 xylR, fucR
2262 	 araC, idnR, fucR
2263 	 marA, uxuR, fucR
2264 	 uxuR, exuR, araC, fucR
2265 	 xylR, idnR, fucR
2266 	 uxuR, exuR, araC, idnR, fucR
2267 	 marA, araC
2268 	 marA, araC, idnR
2269 	 xylR, uxuR, exuR, idnR
2270 	 xylR, uxuR, exuR, fucR
2271 	 fucR
2272 	 idnR, fucR
2273 	 xylR, uxuR, idnR, fucR
2274 	 xylR, uxuR, exuR, idnR
2275 	 marA, araC, idnR
2276 	 marA, uxuR, araC, idnR, fucR
2277 	 xylR, uxuR, exuR, idnR, fucR
2278 	 xylR, idnR, fucR
2279 	 marA, uxuR, exuR
2280 	 uxuR, exuR, idnR
2281 	 xylR, uxuR, exuR, fucR
2282 	 xylR, uxuR, exuR, idnR, fucR
2283 	 marA, uxuR, idnR, fucR
2284 	 marA, fucR
2285 	 marA, idnR, fucR
2286 	 xylR, uxuR
2287 	 marA, uxuR, exuR, idnR
2288 	 uxuR, araC, fucR
2289 	 uxuR, exuR, araC
2290 	 uxuR, exuR, fucR
2291 	 marA, uxuR, exuR, fucR
2292 	 uxuR, exuR, araC, idnR
2293 	 araC, idnR, fucR
2294 	 uxuR, exuR, idnR, fucR
2295 	 marA, uxuR, exuR, idnR, fucR
2296 	 marA, uxuR, exuR, araC
2297 	 uxuR, araC, idnR, fucR
2298 	 uxuR, araC, idnR
2299 	 marA, uxuR, araC
2300 	 araC, fucR
2301 	 marA, uxuR, exuR, araC, idnR
2302 	 araC, idnR
2303 	 marA, uxuR, araC, idnR
2304 	 marA, araC, idnR, fucR
2305 	 marA, uxuR, exuR, araC, idnR
2306 	 marA, araC
2307 	 marA, uxuR, araC, idnR
2308 	 marA, uxuR, araC, fucR
2309 	 marA, uxuR, araC, idnR, fucR
2310 	 marA, araC, idnR
2311 	 araC, idnR
2312 	 araC, idnR, fucR
2313 	 marA, araC, fucR
2314 	 marA, araC, idnR
2315 	 uxuR, exuR, araC
2316 	 marA, araC, idnR, fucR
2317 	 uxuR, exuR, araC, idnR, fucR
2318 	 uxuR, araC, idnR, fucR
2319 	 marA, uxuR, exuR, araC
2320 	 uxuR, exuR, araC, fucR
2321 	 uxuR, exuR, araC, idnR, fucR
2322 	 araC, idnR, fucR
2323 	 uxuR, exuR, araC, idnR
2324 	 marA, uxuR, exuR, araC, fucR
2325 	 marA, uxuR, exuR, araC, idnR, fucR
2326 	 uxuR, araC, fucR
2327 	 uxuR, exuR, araC, idnR
2328 	 marA, uxuR, exuR, araC, idnR, fucR
2329 	 marA, xylR, idnR
2330 	 marA, uxuR, araC, fucR
2331 	 uxuR, araC, idnR, fucR
2332 	 marA, xylR, uxuR, exuR, idnR
2333 	 marA, uxuR, exuR, araC, idnR
2334 	 marA, uxuR, araC, idnR, fucR
2335 	 marA, uxuR, exuR, araC, idnR
2336 	 marA, araC, idnR, fucR
2337 	 marA, uxuR, araC, idnR, fucR
2338 	 araC, fucR
2339 	 marA, araC, fucR
2340 	 araC, idnR, fucR
2341 	 marA, araC, idnR, fucR
2342 	 uxuR, exuR, araC, fucR
2343 	 uxuR, exuR, araC, idnR, fucR
2344 	 marA, uxuR, exuR, araC, idnR, fucR
2345 	 marA, uxuR, exuR, araC, fucR
2346 	 uxuR, exuR, araC, idnR, fucR
2347 	 marA, uxuR, exuR, araC, idnR, fucR
2348 	 xylR, uxuR, idnR
2349 	 marA, uxuR
2350 	 xylR
2352 	 xylR, idnR
2353 	 uxuR, idnR
2354 	 marA, xylR, uxuR
2355 	 marA
2356 	 marA, xylR
2357 	 marA, uxuR, idnR
2358 	 marA, xylR, uxuR, idnR
2359 	 idnR
2360 	 marA, xylR, idnR
2361 	 marA, idnR
2362 	 xylR, uxuR, exuR
2363 	 uxuR, exuR
2364 	 xylR, uxuR, fucR
2365 	 marA, uxuR, fucR
2366 	 marA, xylR, uxuR, exuR
2367 	 uxuR, exuR, idnR
2368 	 xylR, uxuR, idnR, fucR
2369 	 fucR
2370 	 xylR, uxuR, exuR, idnR
2371 	 marA, uxuR, exuR
2372 	 xylR, fucR
2373 	 marA, fucR
2374 	 marA, xylR, uxuR, exuR, idnR
2375 	 marA, uxuR, exuR, idnR
2376 	 marA, xylR, uxuR, fucR
2377 	 uxuR, idnR, fucR
2378 	 marA, xylR, uxuR, idnR, fucR
2379 	 idnR, fucR
2380 	 marA, xylR, fucR
2381 	 marA, uxuR, idnR, fucR
2382 	 xylR, idnR, fucR
2383 	 marA, idnR, fucR
2384 	 marA, xylR, idnR, fucR
2385 	 uxuR, exuR, fucR
2386 	 xylR, uxuR, exuR, fucR
2387 	 marA, uxuR, exuR, fucR
2388 	 marA, xylR, uxuR, exuR, fucR
2389 	 uxuR, exuR, idnR, fucR
2390 	 xylR, uxuR, exuR, idnR, fucR
2391 	 marA, uxuR, exuR, idnR, fucR
2392 	 marA, xylR, uxuR, exuR, idnR, fucR
2393 	 uxuR, araC, idnR
2394 	 uxuR, araC
2395 	 marA, xylR, fucR
2396 	 marA, uxuR, araC
2397 	 marA, xylR, uxuR, idnR, fucR
2398 	 uxuR, araC, idnR
2399 	 marA, xylR, idnR, fucR
2400 	 araC
2401 	 marA, xylR, uxuR, exuR, fucR
2402 	 marA, uxuR, araC, idnR
2403 	 marA, xylR, uxuR, exuR, idnR, fucR
2404 	 araC, idnR
2405 	 araC, idnR
2406 	 xylR, uxuR, idnR
2407 	 marA, araC
2408 	 xylR
2409 	 marA, uxuR, araC, idnR
2410 	 xylR, idnR
2411 	 marA, araC, idnR
2412 	 xylR, uxuR, fucR
2413 	 marA, araC, idnR
2414 	 xylR, uxuR, idnR, fucR
2415 	 uxuR, exuR, araC
2416 	 xylR, fucR
2417 	 uxuR, exuR, araC, idnR
2418 	 xylR, idnR, fucR
2419 	 marA, uxuR, exuR, araC
2420 	 xylR, uxuR, exuR
2421 	 marA, uxuR, exuR, araC, idnR
2422 	 xylR, uxuR, exuR, idnR
2423 	 uxuR, exuR, araC, idnR
2424 	 xylR, uxuR, exuR, fucR
2425 	 marA, uxuR, exuR, araC, idnR
2426 	 xylR, uxuR, exuR, idnR, fucR
2427 	 uxuR, araC, fucR
2428 	 marA, uxuR, araC, fucR
2429 	 araC, fucR
2430 	 uxuR, araC, idnR, fucR
2431 	 marA, uxuR, araC, idnR, fucR
2432 	 araC, idnR, fucR
2433 	 uxuR, araC, idnR, fucR
2434 	 araC, idnR, fucR
2435 	 marA, araC, fucR
2436 	 marA, araC, idnR, fucR
2437 	 marA, uxuR, araC, idnR, fucR
2438 	 marA, araC, idnR, fucR
2439 	 uxuR, exuR, araC, fucR
2440 	 uxuR, exuR, araC, idnR, fucR
2441 	 marA, uxuR, exuR, araC, idnR, fucR
2442 	 marA, uxuR, exuR, araC, fucR
2443 	 uxuR, exuR, araC, idnR, fucR
2444 	 marA, uxuR, exuR, araC, idnR, fucR
2445 	 xylR, uxuR
2446 	 marA, xylR, uxuR
2447 	 xylR
2448 	 marA, xylR
2449 	 xylR, uxuR, idnR
2450 	 marA, xylR, uxuR, idnR
2451 	 xylR, idnR
2452 	 marA, xylR, idnR
2453 	 xylR, uxuR, exuR
2454 	 xylR, uxuR, exuR, idnR
2455 	 xylR, uxuR, fucR
2456 	 marA, xylR, uxuR, fucR
2457 	 marA, xylR, uxuR, exuR
2458 	 marA, xylR, uxuR, exuR, idnR
2459 	 xylR, fucR
2460 	 xylR, uxuR, idnR, fucR
2461 	 marA, xylR, fucR
2462 	 marA, xylR, uxuR, idnR, fucR
2463 	 xylR, idnR, fucR
2464 	 marA, xylR, idnR, fucR
2465 	 xylR, uxuR, exuR, fucR
2466 	 xylR, uxuR, exuR, idnR, fucR
2467 	 marA, xylR, uxuR, exuR, fucR
2468 	 marA, xylR, uxuR, exuR, idnR, fucR
2469 	 uxuR
2470 	 uxuR, idnR
2471 	 idnR
2472 	 uxuR, fucR
2473 	 uxuR, idnR, fucR
2474 	 fucR
2475 	 idnR, fucR
2476 	 uxuR, exuR
2477 	 uxuR, exuR, idnR
2478 	 uxuR, exuR, fucR
2479 	 uxuR, exuR, idnR, fucR
2480 	 uxuR, araC
2481 	 uxuR
2482 	 araC
2483 	 uxuR, araC, idnR
2484 	 araC, idnR
2485 	 uxuR, araC, fucR
2486 	 araC, fucR
2487 	 uxuR, exuR, araC
2488 	 uxuR, exuR, araC, idnR
2489 	 uxuR, araC, idnR, fucR
2490 	 araC, idnR, fucR
2491 	 uxuR, exuR, araC, fucR
2492 	 uxuR, exuR, araC, idnR, fucR
2493 	 uxuR, idnR
2494 	 marA, uxuR
2496 	 uxuR, idnR
2497 	 idnR
2498 	 marA, uxuR, idnR
2499 	 uxuR, fucR
2500 	 idnR
2501 	 uxuR, exuR
2502 	 marA
2503 	 fucR
2504 	 marA, idnR
2505 	 uxuR, exuR, idnR
2506 	 uxuR, exuR, idnR
2507 	 uxuR, idnR, fucR
2508 	 marA, uxuR, fucR
2509 	 idnR, fucR
2510 	 marA, uxuR, exuR
2511 	 uxuR, exuR, fucR
2512 	 marA, uxuR, exuR, idnR
2513 	 uxuR, exuR, idnR, fucR
2514 	 uxuR, idnR, fucR
2515 	 uxuR, araC
2516 	 marA, fucR
2517 	 araC
2518 	 marA, uxuR, idnR, fucR
2519 	 uxuR, araC, idnR
2520 	 idnR, fucR
2521 	 araC, idnR
2522 	 marA, idnR, fucR
2523 	 uxuR, araC, fucR
2524 	 uxuR, exuR, idnR, fucR
2525 	 araC, fucR
2526 	 marA, uxuR, exuR, fucR
2527 	 uxuR, araC, idnR, fucR
2528 	 marA, uxuR, exuR, idnR, fucR
2529 	 araC, idnR, fucR
2530 	 uxuR, araC
2531 	 uxuR, exuR, araC
2532 	 uxuR, araC, idnR
2533 	 uxuR, exuR, araC, idnR
2534 	 araC
2535 	 uxuR, exuR, araC, fucR
2536 	 marA, uxuR, araC
2537 	 uxuR, exuR, araC, idnR, fucR
2538 	 marA, araC, idnR
2539 	 uxuR
2540 	 marA, araC
2541 	 xylR, uxuR
2542 	 marA, uxuR, araC, idnR
2543 	 uxuR, idnR
2544 	 araC, idnR
2545 	 xylR, uxuR, idnR
2546 	 marA, araC, idnR
2548 	 uxuR, exuR, araC
2549 	 xylR
2550 	 uxuR, araC, fucR
2551 	 idnR
2552 	 marA, uxuR, araC, fucR
2553 	 xylR, idnR
2554 	 marA, uxuR, exuR, araC
2555 	 uxuR, exuR
2556 	 uxuR, exuR, araC, idnR
2557 	 marA, uxuR, exuR, araC, idnR
2558 	 marA, uxuR, araC, idnR, fucR
2559 	 uxuR, fucR
2560 	 araC, fucR
2561 	 xylR, uxuR, fucR
2562 	 marA, uxuR, exuR, araC, idnR
2563 	 uxuR, exuR, idnR
2564 	 uxuR, araC, idnR, fucR
2565 	 xylR, uxuR, exuR
2566 	 marA, araC, fucR
2567 	 uxuR, idnR, fucR
2568 	 araC, idnR, fucR
2569 	 xylR, uxuR, exuR, idnR
2570 	 araC, idnR, fucR
2571 	 fucR
2572 	 marA, uxuR, araC, idnR, fucR
2573 	 xylR, fucR
2574 	 marA, araC, idnR, fucR
2575 	 idnR, fucR
2576 	 marA, araC, idnR, fucR
2577 	 xylR, uxuR, idnR, fucR
2578 	 uxuR, exuR, araC, fucR
2579 	 uxuR, exuR, fucR
2580 	 marA, uxuR, exuR, araC, fucR
2581 	 xylR, idnR, fucR
2582 	 uxuR, exuR, araC, idnR, fucR
2583 	 uxuR, exuR, idnR, fucR
2584 	 uxuR, exuR, araC, idnR, fucR
2585 	 xylR, uxuR, exuR, fucR
2586 	 marA, uxuR, exuR, araC, idnR, fucR
2587 	 uxuR, araC
2588 	 marA, uxuR, exuR, araC, idnR, fucR
2589 	 xylR, uxuR, exuR, idnR, fucR
2590 	 marA, xylR, uxuR
2591 	 araC
2592 	 uxuR, araC, idnR
2593 	 xylR, uxuR
2594 	 marA, uxuR
2595 	 araC, idnR
2596 	 marA
2597 	 uxuR, exuR, araC
2598 	 uxuR, idnR
2599 	 uxuR, araC, fucR
2600 	 idnR
2601 	 marA, uxuR, idnR
2602 	 uxuR, exuR, araC, idnR
2603 	 marA, idnR
2604 	 araC, fucR
2605 	 uxuR, araC, idnR, fucR
2606 	 xylR
2607 	 xylR, uxuR, idnR
2608 	 araC, idnR, fucR
2609 	 marA, xylR
2610 	 uxuR, exuR, araC, fucR
2611 	 marA, xylR, uxuR, idnR
2612 	 uxuR, exuR, araC, idnR, fucR
2613 	 xylR, idnR
2614 	 uxuR
2615 	 marA, xylR, idnR
2616 	 uxuR, idnR
2617 	 xylR, uxuR, idnR, fucR
2619 	 marA, xylR, uxuR, fucR
2620 	 idnR
2621 	 marA, xylR, fucR
2622 	 uxuR, fucR
2623 	 marA, xylR, uxuR, idnR, fucR
2624 	 fucR
2625 	 xylR, idnR, fucR
2626 	 uxuR, idnR, fucR
2627 	 marA, xylR, idnR, fucR
2628 	 idnR, fucR
2629 	 xylR, uxuR, exuR, idnR
2630 	 uxuR, exuR
2631 	 marA, xylR, uxuR, exuR
2632 	 uxuR, exuR, idnR
2633 	 marA, xylR, uxuR, exuR, idnR
2634 	 uxuR, exuR, fucR
2635 	 xylR, uxuR, exuR, idnR, fucR
2636 	 uxuR, exuR, idnR, fucR
2637 	 marA, xylR, uxuR, exuR, fucR
2638 	 uxuR, araC
2639 	 marA, xylR, uxuR, exuR, idnR, fucR
2640 	 araC
2641 	 uxuR
2642 	 uxuR, araC, idnR
2643 	 marA, uxuR, exuR
2644 	 araC, idnR
2645 	 uxuR, exuR, idnR
2646 	 uxuR, araC, fucR
2647 	 marA, uxuR, exuR, idnR
2648 	 uxuR, araC, idnR, fucR
2649 	 uxuR, idnR, fucR
2650 	 araC, fucR
2651 	 marA, uxuR, fucR
2652 	 araC, idnR, fucR
2653 	 marA, fucR
2654 	 uxuR, exuR, araC
2655 	 marA, uxuR, idnR, fucR
2656 	 uxuR, exuR, araC, idnR
2657 	 idnR, fucR
2658 	 uxuR, exuR, araC, fucR
2659 	 marA, idnR, fucR
2660 	 uxuR, exuR, araC, idnR, fucR
2661 	 marA, uxuR, exuR, fucR
2662 	 xylR, uxuR, idnR
2663 	 marA, uxuR
2664 	 xylR, idnR
2665 	 uxuR, idnR
2666 	 xylR, uxuR, exuR
2668 	 xylR, uxuR, fucR
2669 	 marA, uxuR, idnR
2670 	 xylR, uxuR, exuR, idnR
2671 	 marA
2672 	 xylR, fucR
2673 	 idnR
2674 	 xylR, uxuR, idnR, fucR
2675 	 marA, idnR
2676 	 xylR, idnR, fucR
2677 	 uxuR, exuR
2678 	 xylR, uxuR, exuR, fucR
2679 	 marA, uxuR, exuR
2680 	 xylR, uxuR, exuR, idnR, fucR
2681 	 uxuR, exuR, idnR
2682 	 xylR, uxuR
2683 	 marA, uxuR, exuR, idnR
2684 	 xylR
2685 	 uxuR, fucR
2686 	 xylR, uxuR, idnR
2687 	 marA, uxuR, fucR
2688 	 xylR, idnR
2689 	 uxuR, idnR, fucR
2690 	 xylR, uxuR, fucR
2691 	 fucR
2692 	 xylR, uxuR, idnR, fucR
2693 	 marA, fucR
2694 	 xylR, fucR
2695 	 idnR, fucR
2696 	 xylR, idnR, fucR
2697 	 marA, uxuR, idnR, fucR
2698 	 xylR, uxuR, exuR
2699 	 marA, idnR, fucR
2700 	 xylR, uxuR, exuR, idnR
2701 	 uxuR, exuR, fucR
2702 	 xylR, uxuR, exuR, fucR
2703 	 marA, uxuR, exuR, fucR
2704 	 xylR, uxuR, exuR, idnR, fucR
2705 	 uxuR, exuR, idnR, fucR
2706 	 xylR, uxuR
2707 	 marA, uxuR, exuR, idnR, fucR
2708 	 uxuR, exuR, idnR, fucR
2709 	 uxuR, araC
2710 	 marA, uxuR, exuR, idnR, fucR
2711 	 marA, uxuR, araC
2712 	 uxuR, araC
2713 	 araC
2714 	 marA, uxuR, araC
2715 	 uxuR, araC, idnR
2716 	 marA, uxuR, araC, idnR
2717 	 uxuR, araC, idnR
2718 	 marA, araC, idnR
2719 	 marA, uxuR, araC, idnR
2720 	 uxuR, araC, idnR
2721 	 marA, araC
2722 	 marA, uxuR, araC, idnR
2723 	 marA, uxuR, araC, idnR
2724 	 araC
2725 	 araC, idnR
2726 	 araC, idnR
2727 	 marA, araC, idnR
2728 	 marA, araC
2729 	 araC, idnR
2730 	 marA, araC, idnR
2731 	 marA, araC, idnR
2732 	 uxuR, araC, fucR
2733 	 uxuR, exuR, araC, idnR
2734 	 uxuR, araC, idnR, fucR
2735 	 uxuR, exuR, araC
2736 	 araC, idnR, fucR
2737 	 marA, uxuR, exuR, araC
2738 	 marA, uxuR, araC, idnR, fucR
2739 	 uxuR, exuR, araC, idnR
2740 	 marA, uxuR, araC, fucR
2741 	 marA, uxuR, exuR, araC, idnR
2742 	 marA, araC, idnR, fucR
2743 	 marA, uxuR, exuR, araC, idnR
2744 	 uxuR, araC, idnR, fucR
2745 	 uxuR, araC, idnR, fucR
2746 	 araC, fucR
2747 	 araC, idnR, fucR
2748 	 marA, uxuR, araC, idnR, fucR
2749 	 uxuR, araC, fucR
2750 	 marA, araC, fucR
2751 	 marA, uxuR, araC, idnR, fucR
2752 	 araC, idnR, fucR
2753 	 marA, uxuR, araC, fucR
2754 	 marA, araC, idnR, fucR
2755 	 marA, araC, idnR, fucR
2756 	 uxuR, exuR, araC
2757 	 uxuR, araC, idnR, fucR
2758 	 uxuR, exuR, araC, idnR
2759 	 araC, fucR
2760 	 marA, uxuR, exuR, araC
2761 	 marA, uxuR, araC, idnR, fucR
2762 	 uxuR, exuR, araC, idnR
2763 	 araC, idnR, fucR
2764 	 marA, uxuR, exuR, araC, idnR
2765 	 marA, araC, fucR
2766 	 marA, uxuR, exuR, araC, idnR
2767 	 marA, araC, idnR, fucR
2768 	 uxuR, exuR, araC, fucR
2769 	 uxuR, exuR, araC, fucR
2770 	 marA, uxuR, exuR, araC, fucR
2771 	 uxuR, exuR, araC, idnR, fucR
2772 	 uxuR, exuR, araC, idnR, fucR
2773 	 marA, uxuR, exuR, araC, idnR, fucR
2774 	 uxuR, exuR, araC, idnR, fucR
2775 	 uxuR, exuR, araC, idnR, fucR
2776 	 marA, uxuR, exuR, araC, idnR, fucR
2777 	 marA, uxuR, exuR, araC, fucR
2778 	 marA, uxuR, exuR, araC, idnR, fucR
2779 	 marA, uxuR, exuR, araC, idnR, fucR
2780 	 marA, xylR, uxuR
2781 	 uxuR
2782 	 xylR, uxuR
2783 	 marA, uxuR
2784 	 xylR
2785 	 uxuR, idnR
2786 	 marA, xylR, uxuR
2788 	 xylR, uxuR, idnR
2789 	 marA
2790 	 xylR, idnR
2791 	 idnR
2792 	 marA, xylR, uxuR, idnR
2793 	 marA, uxuR, idnR
2794 	 marA, xylR
2795 	 marA, idnR
2796 	 marA, xylR, idnR
2797 	 uxuR, fucR
2798 	 xylR, uxuR, exuR
2799 	 uxuR, exuR
2800 	 xylR, uxuR, fucR
2801 	 marA, uxuR, fucR
2802 	 marA, xylR, uxuR, exuR
2803 	 uxuR, exuR, idnR
2804 	 xylR, uxuR, idnR, fucR
2805 	 fucR
2806 	 xylR, uxuR, exuR, idnR
2807 	 marA, uxuR, exuR
2808 	 xylR, fucR
2809 	 marA, fucR
2810 	 marA, xylR, uxuR, exuR, idnR
2811 	 marA, uxuR, exuR, idnR
2812 	 marA, xylR, uxuR, fucR
2813 	 uxuR, idnR, fucR
2814 	 marA, xylR, uxuR, idnR, fucR
2815 	 idnR, fucR
2816 	 marA, xylR, fucR
2817 	 marA, uxuR, idnR, fucR
2818 	 xylR, idnR, fucR
2819 	 marA, idnR, fucR
2820 	 marA, xylR, idnR, fucR
2821 	 uxuR, exuR, fucR
2822 	 xylR, uxuR, exuR, fucR
2823 	 marA, uxuR, exuR, fucR
2824 	 marA, xylR, uxuR, exuR, fucR
2825 	 uxuR, exuR, idnR, fucR
2826 	 xylR, uxuR, exuR, idnR, fucR
2827 	 marA, uxuR, exuR, idnR, fucR
2828 	 marA, xylR, uxuR, exuR, idnR, fucR
2829 	 uxuR, araC, idnR
2830 	 uxuR, araC
2831 	 xylR, uxuR, idnR
2832 	 uxuR, araC, idnR
2833 	 marA, xylR, uxuR, idnR
2834 	 marA, uxuR, araC
2835 	 xylR, idnR
2836 	 araC
2837 	 marA, xylR
2838 	 marA, uxuR, araC, idnR
2839 	 marA, xylR, idnR
2840 	 araC, idnR
2841 	 xylR, uxuR, idnR, fucR
2842 	 marA, uxuR, araC, idnR
2843 	 marA, xylR, uxuR, exuR
2844 	 marA, araC
2845 	 marA, xylR, uxuR, fucR
2846 	 araC, idnR
2847 	 xylR, uxuR, exuR, idnR
2848 	 marA, araC, idnR
2849 	 xylR, idnR, fucR
2850 	 marA, araC, idnR
2851 	 marA, xylR, uxuR, exuR, idnR
2852 	 uxuR, exuR, araC
2853 	 marA, xylR, uxuR, idnR, fucR
2854 	 uxuR, araC, fucR
2855 	 marA, xylR, fucR
2856 	 uxuR, exuR, araC, idnR
2857 	 marA, xylR, idnR, fucR
2858 	 marA, uxuR, araC, fucR
2859 	 marA, xylR, uxuR, exuR, fucR
2860 	 uxuR, araC, idnR, fucR
2861 	 xylR, uxuR, exuR, idnR, fucR
2862 	 araC, fucR
2863 	 marA, xylR, uxuR, exuR, idnR, fucR
2864 	 marA, araC, fucR
2865 	 uxuR, araC, idnR, fucR
2866 	 xylR
2867 	 marA, uxuR, exuR, araC
2868 	 xylR, uxuR, idnR
2869 	 marA, uxuR, araC, idnR, fucR
2870 	 xylR, idnR
2871 	 marA, uxuR, exuR, araC, idnR
2872 	 xylR, uxuR, fucR
2873 	 araC, idnR, fucR
2874 	 xylR, uxuR, exuR
2875 	 uxuR, exuR, araC, idnR
2876 	 xylR, fucR
2877 	 marA, uxuR, araC, idnR, fucR
2878 	 xylR, uxuR, exuR, idnR
2879 	 marA, uxuR, exuR, araC, idnR
2880 	 xylR, uxuR, idnR, fucR
2881 	 marA, araC, idnR, fucR
2882 	 xylR, idnR, fucR
2883 	 araC, idnR, fucR
2884 	 xylR, uxuR, exuR, fucR
2885 	 marA, araC, idnR, fucR
2886 	 xylR, uxuR, exuR, idnR, fucR
2887 	 uxuR, exuR, araC, fucR
2888 	 marA, uxuR, exuR, araC, fucR
2889 	 uxuR, exuR, araC, idnR, fucR
2890 	 marA, uxuR, exuR, araC, idnR, fucR
2891 	 uxuR, exuR, araC, idnR, fucR
2892 	 marA, uxuR, exuR, araC, idnR, fucR
2893 	 xylR, uxuR
2894 	 xylR, uxuR, idnR
2895 	 marA, xylR, uxuR
2896 	 marA, xylR, uxuR, idnR
2897 	 xylR
2898 	 xylR, idnR
2899 	 marA, xylR
2900 	 marA, xylR, idnR
2901 	 xylR, uxuR, exuR
2902 	 xylR, uxuR, fucR
2903 	 marA, xylR, uxuR, exuR
2904 	 xylR, uxuR, idnR, fucR
2905 	 xylR, uxuR, exuR, idnR
2906 	 xylR, fucR
2907 	 marA, xylR, uxuR, exuR, idnR
2908 	 xylR, idnR, fucR
2909 	 marA, xylR, uxuR, fucR
2910 	 marA, xylR, fucR
2911 	 marA, xylR, uxuR, idnR, fucR
2912 	 marA, xylR, idnR, fucR
2913 	 xylR, uxuR, exuR, fucR
2914 	 marA, xylR, uxuR, exuR, fucR
2915 	 xylR, uxuR, exuR, idnR, fucR
2916 	 marA, xylR, uxuR, exuR, idnR, fucR
