1 	 fliZ, rhaR, rhaS, gutM, zraR
2 	 fliZ, marA, csgD, rhaR, rhaS, gutM, zraR
3 	 rhaR, rhaS, gutM, zraR
4 	 rhaR, rhaS, gutM, zraR, dpiA
5 	 marA, rhaR, rhaS, zraR
6 	 marA, rhaR, rhaS, zraR, dpiA
7 	 marA, evgA, mlrA, marR, rhaR, rhaS, gutM, zraR
8 	 marA, mlrA, marR, rhaR, rhaS, gutM, zraR, dpiA
9 	 marA, evgA, marR, rhaR, rhaS, gutM, zraR
10 	 marA, mlrA, marR, rhaR, rhaS, gutM
11 	 fliZ, marA, evgA, mlrA, marR, rhaR, rhaS, gutM, zraR
12 	 marA, mlrA, marR, rhaR, rhaS, gutM, dpiA
13 	 mlrA, marR, rhaR, rhaS, gutM, zraR
14 	 marA, mlrA, marR, rhaS, gutM, zraR
15 	 fliZ, marA, mlrA, marR, rhaR, rhaS, gutM
16 	 marA, mlrA, marR, rhaR, rhaS, zraR
17 	 fliZ, marA, mlrA, marR, rhaR, rhaS, gutM, zraR, dpiA
18 	 marA, mlrA, marR, gutM, zraR
19 	 mlrA, marR, rhaR, rhaS, gutM, zraR
20 	 marA, evgA, mlrA, marR, rhaS, gutM, zraR
21 	 mlrA, marR, rhaR, rhaS, gutM, zraR
22 	 marA, mlrA, marR, rhaR, rhaS
23 	 marA, evgA, mlrA, marR, rhaR, rhaS, gutM, zraR, dpiA
24 	 marA, evgA, mlrA, marR, rhaR, rhaS, gutM
25 	 csgD, mlrA, marR, rhaR, rhaS, zraR
26 	 fliZ, marA, mlrA, marR, rhaR, rhaS
27 	 marA, marR, rhaR, rhaS, gutM
28 	 marA, evgA, mlrA, marR, rhaR, rhaS, gutM, dpiA
29 	 marA, marR, rhaR, rhaS, gutM, dpiA
30 	 marA, evgA, mlrA, marR, rhaR, rhaS, zraR
31 	 fliZ, marA, mlrA, marR, rhaR, rhaS, gutM, dpiA
32 	 marA, evgA, marR, rhaR, rhaS, zraR
33 	 fliZ, csgD, mlrA, marR, rhaR, rhaS, gutM, zraR
34 	 marA, evgA, marR, rhaR, rhaS, gutM, zraR, dpiA
35 	 marA, mlrA, marR, rhaR, rhaS, zraR, dpiA
36 	 marA, evgA, marR, rhaR, rhaS, gutM
37 	 fliZ, marA, evgA, mlrA, marR, rhaR, rhaS, gutM, zraR, dpiA
38 	 evgA, csgD, mlrA, marR, rhaR, rhaS, gutM
39 	 marA, marR, rhaR, rhaS
40 	 csgD, mlrA, marR, rhaR, rhaS, zraR, dpiA
41 	 marA, evgA, marR, rhaR, rhaS, gutM, dpiA
42 	 csgD, mlrA, rhaR, rhaS, gutM, zraR
43 	 marA, evgA, mlrA, marR, rhaR, rhaS
44 	 fliZ, csgD, mlrA, marR, rhaR, rhaS, gutM
45 	 marA, evgA, mlrA, marR, rhaR, rhaS, zraR, dpiA
46 	 fliZ, csgD, mlrA, marR, rhaR, rhaS, zraR
47 	 fliZ, marA, evgA, mlrA, marR, rhaR, rhaS, zraR
48 	 evgA, csgD, mlrA, marR, rhaR, rhaS, zraR, dpiA
49 	 marA, mlrA, marR, rhaR, rhaS, dpiA
50 	 marA, evgA, mlrA, marR, rhaR, rhaS, dpiA
51 	 marA, marR, rhaR, rhaS, dpiA
52 	 marA, evgA, marR, rhaR, rhaS
53 	 mlrA, marR, rhaR, rhaS, zraR
54 	 csgD, mlrA, marR, rhaR, rhaS, dpiA
55 	 evgA, csgD, mlrA, marR, rhaR, rhaS
56 	 fliZ, csgD, mlrA, marR, rhaR, rhaS, gutM, zraR, dpiA
57 	 fliZ, evgA, csgD, mlrA, marR, rhaR, rhaS, gutM, zraR
58 	 fliZ, csgD, mlrA, marR, rhaR, rhaS, zraR, dpiA
59 	 marA, evgA, marR, rhaR, rhaS, zraR, dpiA
60 	 mlrA, marR, rhaR, rhaS, zraR
61 	 fliZ, csgD, mlrA, marR, rhaR, rhaS
62 	 evgA, mlrA, marR, rhaR, rhaS, gutM, zraR
63 	 marA, evgA, marR, rhaR, rhaS, dpiA
64 	 fliZ, evgA, csgD, mlrA, marR, rhaR, rhaS, zraR
65 	 evgA, csgD, mlrA, marR, rhaR, rhaS, gutM, dpiA
66 	 marR, rhaR, rhaS, gutM, zraR
67 	 fliZ, evgA, csgD, mlrA, marR, rhaR, rhaS, gutM
68 	 mlrA, marR, rhaR, rhaS, zraR
69 	 fliZ, csgD, mlrA, marR, rhaR, rhaS, gutM, dpiA
70 	 fliZ, marA, evgA, mlrA, marR, rhaR, rhaS, dpiA
71 	 mlrA, marR, rhaR, rhaS, gutM, zraR, dpiA
72 	 fliZ, csgD, mlrA, marR, rhaR, rhaS, dpiA
73 	 evgA, mlrA, marR, rhaR, rhaS, zraR
74 	 fliZ, evgA, csgD, mlrA, marR, rhaR, rhaS, gutM, zraR, dpiA
75 	 fliZ, evgA, csgD, mlrA, marR, rhaR, rhaS
76 	 fliZ, mlrA, marR, rhaR, rhaS, zraR
77 	 evgA, mlrA, marR, rhaR, rhaS, gutM, zraR
78 	 fliZ, evgA, csgD, mlrA, marR, rhaR, rhaS, zraR, dpiA
79 	 mlrA, marR, rhaR, rhaS, gutM
80 	 mlrA, marR, rhaR, rhaS, zraR, dpiA
81 	 csgD, mlrA, rhaR, rhaS, gutM, zraR
82 	 fliZ, evgA, csgD, mlrA, marR, rhaR, rhaS, gutM, dpiA
83 	 marR, rhaR, rhaS, zraR
84 	 mlrA, marR, rhaR, rhaS, gutM, zraR, dpiA
85 	 marR, rhaR, rhaS, gutM, zraR
86 	 mlrA, marR, rhaR, rhaS
87 	 mlrA, marR, rhaR, rhaS, gutM
88 	 fliZ, evgA, csgD, mlrA, marR, rhaR, rhaS, dpiA
89 	 csgD, mlrA, rhaR, rhaS, gutM, zraR
90 	 evgA, mlrA, marR, rhaR, rhaS, gutM
91 	 csgD, mlrA, rhaR, rhaS, gutM, zraR, dpiA
92 	 mlrA, marR, rhaR, rhaS, zraR, dpiA
93 	 evgA, mlrA, marR, rhaR, rhaS, gutM, zraR, dpiA
94 	 csgD, mlrA, rhaR, rhaS, zraR, dpiA
95 	 csgD, mlrA, rhaR, rhaS, zraR
96 	 mlrA, marR, rhaR, rhaS
97 	 evgA, mlrA, marR, rhaR, rhaS, zraR, dpiA
98 	 evgA, csgD, mlrA, rhaR, rhaS, gutM, zraR
99 	 evgA, mlrA, marR, rhaR, rhaS, gutM, zraR
100 	 mlrA, marR, rhaR, rhaS, gutM, dpiA
101 	 csgD, mlrA, rhaR, rhaS, gutM
102 	 evgA, mlrA, marR, rhaR, rhaS, zraR
103 	 mlrA, marR, rhaR, rhaS, dpiA
104 	 csgD, mlrA, rhaR, rhaS
105 	 evgA, mlrA, marR, rhaR, rhaS
106 	 evgA, csgD, mlrA, rhaR, rhaS, zraR
107 	 evgA, csgD, mlrA, rhaR, rhaS, gutM
108 	 evgA, mlrA, marR, rhaR, rhaS, gutM
109 	 evgA, mlrA, marR, rhaR, rhaS, gutM, dpiA
110 	 csgD, mlrA, rhaR, rhaS, gutM, dpiA
111 	 csgD, mlrA, rhaR, rhaS, gutM, zraR, dpiA
112 	 evgA, csgD, mlrA, rhaR, rhaS, gutM, zraR
113 	 csgD, mlrA, rhaR, rhaS, gutM
114 	 csgD, mlrA, rhaR, rhaS, zraR, dpiA
115 	 evgA, csgD, mlrA, rhaR, rhaS, gutM, zraR, dpiA
116 	 csgD, mlrA, rhaR, rhaS, dpiA
117 	 evgA, csgD, mlrA, rhaR, rhaS, zraR
118 	 evgA, mlrA, marR, rhaR, rhaS, gutM, zraR, dpiA
119 	 evgA, csgD, mlrA, rhaR, rhaS
120 	 evgA, mlrA, marR, rhaR, rhaS
121 	 evgA, mlrA, marR, rhaR, rhaS, dpiA
122 	 csgD, mlrA, rhaR, rhaS
123 	 evgA, csgD, mlrA, rhaR, rhaS, zraR, dpiA
124 	 evgA, csgD, mlrA, rhaR, rhaS, gutM
125 	 mlrA, marR, rhaR, rhaS, gutM, dpiA
126 	 mlrA, marR, rhaR, rhaS, dpiA
127 	 fliZ, evgA, mlrA, marR, rhaR, rhaS, gutM, dpiA
128 	 evgA, csgD, mlrA, rhaR, rhaS
129 	 evgA, mlrA, marR, rhaR, rhaS, zraR, dpiA
130 	 evgA, csgD, mlrA, rhaR, rhaS, gutM, zraR, dpiA
131 	 evgA, mlrA, marR, rhaR, rhaS, gutM, dpiA
132 	 evgA, csgD, mlrA, rhaR, rhaS, zraR, dpiA
133 	 evgA, csgD, mlrA, rhaR, rhaS, dpiA
134 	 evgA, mlrA, marR, rhaR, rhaS, dpiA
135 	 csgD, mlrA, rhaR, rhaS, gutM, dpiA
136 	 csgD, mlrA, rhaR, rhaS, dpiA
137 	 evgA, csgD, mlrA, rhaR, rhaS, gutM, dpiA
138 	 evgA, csgD, mlrA, rhaR, rhaS, dpiA
139 	 fliZ, csgD, mlrA, rhaR, rhaS, gutM, zraR
140 	 fliZ, csgD, mlrA, rhaR, rhaS, zraR
141 	 fliZ, evgA, csgD, mlrA, rhaR, rhaS, gutM, zraR
142 	 fliZ, csgD, mlrA, rhaR, rhaS, gutM, zraR
143 	 fliZ, csgD, mlrA, rhaR, rhaS, zraR
144 	 fliZ, evgA, csgD, mlrA, rhaR, rhaS, zraR
145 	 fliZ, csgD, mlrA, rhaR, rhaS, gutM
146 	 fliZ, csgD, mlrA, rhaR, rhaS, gutM, zraR, dpiA
147 	 fliZ, csgD, mlrA, rhaR, rhaS
148 	 fliZ, evgA, csgD, mlrA, rhaR, rhaS, gutM
149 	 fliZ, csgD, mlrA, rhaR, rhaS, zraR, dpiA
150 	 fliZ, evgA, csgD, mlrA, rhaR, rhaS, gutM, zraR, dpiA
151 	 fliZ, csgD, mlrA, rhaR, rhaS, gutM
152 	 fliZ, evgA, csgD, mlrA, rhaR, rhaS
153 	 fliZ, csgD, mlrA, rhaR, rhaS, gutM, zraR, dpiA
154 	 fliZ, evgA, csgD, mlrA, rhaR, rhaS, zraR, dpiA
155 	 fliZ, csgD, mlrA, rhaR, rhaS
156 	 fliZ, csgD, mlrA, rhaR, rhaS, gutM, dpiA
157 	 fliZ, evgA, csgD, mlrA, rhaR, rhaS, gutM, zraR
158 	 fliZ, csgD, mlrA, rhaR, rhaS, dpiA
159 	 fliZ, csgD, mlrA, rhaR, rhaS, zraR, dpiA
160 	 fliZ, evgA, csgD, mlrA, rhaR, rhaS, zraR
161 	 fliZ, csgD, mlrA, rhaR, rhaS, gutM, dpiA
162 	 fliZ, evgA, csgD, mlrA, rhaR, rhaS, gutM, zraR, dpiA
163 	 fliZ, evgA, csgD, mlrA, rhaR, rhaS, gutM
164 	 fliZ, evgA, csgD, mlrA, rhaR, rhaS, zraR, dpiA
165 	 fliZ, evgA, csgD, mlrA, rhaR, rhaS, gutM, dpiA
166 	 fliZ, evgA, csgD, mlrA, rhaR, rhaS, dpiA
167 	 fliZ, evgA, csgD, mlrA, rhaR, rhaS
168 	 fliZ, csgD, mlrA, rhaR, rhaS, dpiA
169 	 fliZ, evgA, csgD, mlrA, rhaR, rhaS, gutM, dpiA
170 	 fliZ, evgA, csgD, mlrA, rhaR, rhaS, dpiA
171 	 csgD, mlrA, rhaR, rhaS, zraR
172 	 marR, rhaR, rhaS, gutM, zraR
173 	 mlrA, marR, rhaR, rhaS, gutM
174 	 evgA, marR, rhaR, rhaS, gutM, zraR
175 	 mlrA, marR, rhaR, rhaS, gutM, zraR
176 	 marR, rhaR, rhaS, gutM, zraR, dpiA
177 	 mlrA, marR, rhaR, rhaS
178 	 evgA, marR, rhaR, rhaS, zraR
179 	 mlrA, marR, rhaR, rhaS, zraR
180 	 marR, rhaR, rhaS, zraR
181 	 mlrA, marR, rhaR, rhaS, gutM
182 	 marR, rhaR, rhaS, zraR, dpiA
183 	 evgA, mlrA, marR, rhaR, rhaS, zraR
184 	 evgA, marR, rhaR, rhaS, gutM, zraR, dpiA
185 	 mlrA, marR, rhaR, rhaS, gutM, zraR, dpiA
186 	 marR, rhaR, rhaS, gutM, zraR, dpiA
187 	 csgD, mlrA, rhaR, rhaS, gutM, zraR
188 	 evgA, marR, rhaR, rhaS, gutM, zraR
189 	 csgD, mlrA, rhaR, rhaS, zraR
190 	 evgA, marR, rhaR, rhaS, zraR, dpiA
191 	 mlrA, marR, rhaR, rhaS, zraR, dpiA
192 	 marR, rhaR, rhaS, gutM
193 	 mlrA, marR, rhaR, rhaS
194 	 marR, rhaR, rhaS, zraR, dpiA
195 	 evgA, mlrA, marR, rhaR, rhaS, gutM, zraR, dpiA
196 	 marR, rhaR, rhaS
197 	 evgA, mlrA, marR, rhaR, rhaS, gutM, zraR
198 	 evgA, marR, rhaR, rhaS, zraR
199 	 csgD, mlrA, rhaR, rhaS, gutM, zraR, dpiA
200 	 evgA, marR, rhaR, rhaS, gutM
201 	 csgD, mlrA, rhaR, rhaS, gutM
202 	 evgA, marR, rhaR, rhaS, gutM, zraR, dpiA
203 	 csgD, mlrA, rhaR, rhaS, zraR, dpiA
204 	 marR, rhaR, rhaS, gutM, dpiA
205 	 mlrA, marR, rhaR, rhaS, gutM, zraR, dpiA
206 	 marR, rhaR, rhaS, dpiA
207 	 evgA, mlrA, marR, rhaR, rhaS, gutM
208 	 marR, rhaR, rhaS, gutM
209 	 mlrA, marR, rhaR, rhaS, gutM, dpiA
210 	 marR, rhaR, rhaS
211 	 mlrA, marR, rhaR, rhaS, dpiA
212 	 evgA, marR, rhaR, rhaS, zraR, dpiA
213 	 evgA, csgD, mlrA, rhaR, rhaS, gutM, zraR
214 	 marR, rhaR, rhaS, gutM, dpiA
215 	 evgA, mlrA, marR, rhaR, rhaS
216 	 evgA, marR, rhaR, rhaS
217 	 mlrA, marR, rhaR, rhaS, zraR, dpiA
218 	 evgA, marR, rhaR, rhaS, gutM, dpiA
219 	 evgA, csgD, mlrA, rhaR, rhaS, zraR
220 	 evgA, marR, rhaR, rhaS, dpiA
221 	 csgD, mlrA, rhaR, rhaS
222 	 evgA, marR, rhaR, rhaS, gutM
223 	 evgA, mlrA, marR, rhaR, rhaS, zraR
224 	 evgA, marR, rhaR, rhaS
225 	 csgD, mlrA, rhaR, rhaS, gutM, dpiA
226 	 marR, rhaR, rhaS, dpiA
227 	 marA, mlrA, marR, rhaS, zraR
228 	 marA, mlrA, marR, rhaS, gutM
229 	 marA, mlrA, marR, zraR
230 	 csgD, mlrA, marR, rhaS, gutM, zraR
231 	 csgD, mlrA, marR, rhaS, zraR
232 	 marA, evgA, mlrA, marR, rhaS, zraR
233 	 evgA, csgD, mlrA, marR, rhaS, gutM, zraR
234 	 marA, mlrA, marR, rhaS, gutM, zraR, dpiA
235 	 marA, mlrA, marR, rhaS, zraR, dpiA
236 	 csgD, mlrA, marR, gutM, zraR
237 	 evgA, csgD, mlrA, marR, rhaS, zraR
238 	 marA, mlrA, marR, gutM, zraR, dpiA
239 	 csgD, mlrA, marR, rhaS, gutM, zraR, dpiA
240 	 marA, evgA, mlrA, marR, gutM, zraR
241 	 marA, evgA, mlrA, marR, rhaS, gutM, zraR, dpiA
242 	 csgD, mlrA, marR, zraR
243 	 marA, evgA, mlrA, marR, rhaS, zraR, dpiA
244 	 marA, mlrA, marR, zraR, dpiA
245 	 marA, evgA, mlrA, marR, zraR
246 	 csgD, mlrA, marR, rhaS, zraR, dpiA
247 	 marA, evgA, mlrA, marR, gutM, zraR, dpiA
248 	 csgD, mlrA, marR, gutM, zraR, dpiA
249 	 csgD, mlrA, marR, zraR, dpiA
250 	 evgA, csgD, mlrA, marR, rhaS, gutM, zraR, dpiA
251 	 evgA, csgD, mlrA, marR, gutM, zraR
252 	 marA, mlrA, marR, rhaS
253 	 evgA, csgD, mlrA, marR, zraR
254 	 marA, evgA, mlrA, marR, zraR, dpiA
255 	 evgA, csgD, mlrA, marR, rhaS, zraR, dpiA
256 	 csgD, mlrA, marR, rhaS, gutM
257 	 marA, evgA, mlrA, marR, rhaS, gutM
258 	 marA, evgA, mlrA, marR, rhaS
259 	 evgA, csgD, mlrA, marR, gutM, zraR, dpiA
260 	 csgD, mlrA, marR, rhaS
261 	 evgA, csgD, mlrA, marR, rhaS, gutM
262 	 marA, mlrA, marR, gutM
263 	 mlrA, marR
264 	 marA, evgA, mlrA, marR, gutM
265 	 csgD, mlrA, marR, gutM
266 	 marA, mlrA, marR, rhaS, gutM, dpiA
267 	 marA, evgA, mlrA, marR
268 	 marA, mlrA, marR, rhaS, dpiA
269 	 csgD, mlrA, marR
270 	 csgD, mlrA, marR, rhaS, gutM, dpiA
271 	 evgA, csgD, mlrA, marR, rhaS
272 	 marA, mlrA, marR, gutM, dpiA
273 	 evgA, csgD, mlrA, marR, gutM
274 	 marA, mlrA, marR, dpiA
275 	 evgA, csgD, mlrA, marR
276 	 marA, evgA, mlrA, marR, rhaS, gutM, dpiA
277 	 marA, evgA, mlrA, marR, rhaS, dpiA
278 	 marA, evgA, mlrA, marR, gutM, dpiA
279 	 csgD, mlrA, marR, rhaS, dpiA
280 	 marA, evgA, mlrA, marR, dpiA
281 	 csgD, mlrA, marR, gutM, dpiA
282 	 evgA, csgD, mlrA, marR, rhaS, gutM, dpiA
283 	 csgD, mlrA, marR, dpiA
284 	 evgA, csgD, mlrA, marR, rhaS, dpiA
285 	 evgA, csgD, mlrA, marR, zraR, dpiA
286 	 evgA, csgD, mlrA, marR, gutM, dpiA
287 	 evgA, csgD, mlrA, marR, dpiA
288 	 fliZ, csgD, mlrA, marR, rhaS, gutM, zraR
289 	 mlrA, marR, rhaS, gutM, zraR
290 	 evgA, marR, rhaR, rhaS, gutM, dpiA
291 	 mlrA, marR, rhaS, zraR
292 	 evgA, marR, rhaR, rhaS, dpiA
293 	 mlrA, marR, gutM, zraR
294 	 mlrA, marR, rhaS, gutM
295 	 fliZ, csgD, mlrA, rhaR, rhaS, gutM, zraR
296 	 mlrA, marR, zraR
297 	 fliZ, csgD, mlrA, marR, rhaS, gutM, zraR, dpiA
298 	 mlrA, marR, rhaS, gutM, zraR
299 	 fliZ, evgA, csgD, mlrA, marR, rhaS, gutM, zraR
300 	 mlrA, marR, rhaS, zraR
301 	 fliZ, evgA, csgD, mlrA, rhaR, rhaS, gutM, zraR
302 	 mlrA, marR, rhaS, gutM, zraR
303 	 fliZ, csgD, mlrA, marR, rhaS, gutM
304 	 mlrA, marR, rhaS, gutM, zraR
305 	 fliZ, csgD, mlrA, rhaR, rhaS, gutM
306 	 mlrA, marR, rhaS, gutM, zraR, dpiA
307 	 fliZ, csgD, mlrA, marR, gutM, zraR
308 	 evgA, mlrA, marR, rhaS, gutM, zraR
309 	 fliZ, csgD, mlrA, marR, gutM
310 	 evgA, mlrA, marR, rhaS, gutM, zraR
311 	 marA, marR, rhaS, gutM, zraR
312 	 evgA, mlrA, marR, rhaS, zraR
313 	 fliZ, csgD, mlrA, marR, rhaS, gutM, dpiA
314 	 mlrA, marR, rhaS, zraR
315 	 marA, marR, rhaS, gutM, zraR, dpiA
316 	 csgD, mlrA, rhaS, gutM, zraR
317 	 fliZ, csgD, mlrA, marR, rhaS, zraR
318 	 evgA, mlrA, marR, rhaS, gutM, zraR
319 	 fliZ, csgD, mlrA, marR, rhaS
320 	 evgA, mlrA, marR, gutM, zraR
321 	 fliZ, csgD, mlrA, marR, rhaS, zraR, dpiA
322 	 mlrA, marR, gutM, zraR
323 	 fliZ, csgD, mlrA, marR, rhaS, dpiA
324 	 evgA, mlrA, marR, gutM, zraR
325 	 marA, marR, rhaS, zraR
326 	 mlrA, marR, gutM, zraR
327 	 marA, marR, rhaS, gutM
328 	 marA, evgA, marR, rhaS, gutM, zraR
329 	 marA, marR, rhaS
330 	 marA, marR, gutM, zraR
331 	 marA, marR, rhaS, zraR, dpiA
332 	 marA, evgA, marR, gutM, zraR
333 	 marA, marR, rhaS, gutM, dpiA
334 	 marR, rhaS, gutM, zraR
335 	 fliZ, mlrA, marR, rhaS, gutM, zraR
336 	 csgD, mlrA, rhaS, gutM, zraR
337 	 marA, marR, gutM, zraR, dpiA
338 	 marR, rhaS, gutM, zraR
339 	 evgA, mlrA, marR, rhaR, rhaS, zraR, dpiA
340 	 marA, evgA, marR, rhaS, gutM
341 	 mlrA, marR, rhaS, zraR, dpiA
342 	 fliZ, evgA, csgD, mlrA, marR, rhaS, gutM
343 	 mlrA, marR, gutM, zraR
344 	 evgA, csgD, mlrA, rhaS, gutM, zraR
345 	 marA, marR, gutM
346 	 fliZ, evgA, csgD, mlrA, marR, rhaS, gutM, zraR, dpiA
347 	 mlrA, marR, rhaR, rhaS, gutM, dpiA
348 	 fliZ, csgD, mlrA, rhaS, gutM, zraR
349 	 marA, evgA, marR, gutM
350 	 marR, rhaS, gutM, zraR
351 	 evgA, mlrA, marR, rhaR, rhaS, gutM, zraR, dpiA
352 	 marR, rhaS, gutM
353 	 fliZ, csgD, mlrA, marR, gutM, zraR, dpiA
354 	 csgD, mlrA, rhaS, gutM
355 	 marA, marR, rhaS, dpiA
356 	 fliZ, csgD, mlrA, rhaS, gutM
357 	 marA, marR, gutM, dpiA
358 	 mlrA, marR, rhaS, gutM
359 	 fliZ, csgD, mlrA, marR, gutM, dpiA
360 	 fliZ, mlrA, marR, rhaS, gutM
361 	 fliZ, evgA, csgD, mlrA, marR, gutM, zraR
362 	 fliZ, csgD, mlrA, rhaS, gutM, zraR
363 	 fliZ, evgA, csgD, mlrA, marR, gutM
364 	 marR, rhaS, gutM
365 	 fliZ, evgA, csgD, mlrA, marR, rhaS, zraR
366 	 fliZ, csgD, mlrA, rhaS, gutM
367 	 fliZ, evgA, csgD, mlrA, marR, rhaS
368 	 marR, rhaR, rhaS, gutM
369 	 marA, evgA, marR, rhaS, zraR
370 	 mlrA, marR, rhaS, gutM
371 	 marA, evgA, marR, rhaS
372 	 marR, rhaS, gutM
373 	 marA, marR, zraR
374 	 fliZ, mlrA, marR, rhaS, gutM
375 	 fliZ, csgD, mlrA, marR, zraR
376 	 fliZ, csgD, mlrA, rhaS, gutM, zraR
377 	 fliZ, csgD, mlrA, marR
378 	 fliZ, csgD, mlrA, rhaS, gutM
380 	 marR, rhaR, rhaS, gutM, zraR
381 	 marA, evgA, marR, zraR
382 	 mlrA, marR, rhaS, gutM
383 	 marA, evgA, marR
384 	 csgD, mlrA, rhaR, rhaS, gutM
385 	 fliZ, evgA, csgD, mlrA, marR, zraR
386 	 csgD, mlrA, rhaS, gutM, zraR
387 	 fliZ, evgA, csgD, mlrA, marR
388 	 csgD, mlrA, rhaS, gutM
389 	 marA, evgA, marR, rhaS, gutM, zraR, dpiA
390 	 csgD, mlrA, rhaS, zraR
391 	 marA, evgA, marR, rhaS, gutM, dpiA
392 	 mlrA, marR, rhaS
393 	 fliZ, evgA, csgD, mlrA, marR, rhaS, gutM, dpiA
394 	 fliZ, evgA, csgD, mlrA, rhaS, gutM, zraR
395 	 fliZ, evgA, csgD, mlrA, marR, rhaS, zraR, dpiA
396 	 evgA, mlrA, marR, rhaS, gutM
397 	 fliZ, evgA, csgD, mlrA, marR, rhaS, dpiA
398 	 fliZ, evgA, mlrA, marR, rhaS, gutM
399 	 marA, evgA, marR, rhaS, zraR, dpiA
400 	 evgA, marR, rhaS, gutM, zraR
401 	 marA, evgA, marR, rhaS, dpiA
402 	 fliZ, evgA, csgD, mlrA, rhaS, gutM
403 	 csgD, mlrA, rhaS
404 	 marA, marR, zraR, dpiA
405 	 evgA, marR, rhaS, gutM
406 	 marA, evgA, marR, gutM, zraR, dpiA
407 	 fliZ, csgD, mlrA, rhaS, zraR
408 	 marA, marR, dpiA
409 	 marR, rhaS, zraR
410 	 fliZ, evgA, csgD, mlrA, marR, gutM, zraR, dpiA
411 	 marR, rhaS
412 	 fliZ, evgA, csgD, mlrA, marR, gutM, dpiA
413 	 fliZ, csgD, mlrA, rhaS
414 	 marA, evgA, marR, gutM, dpiA
415 	 evgA, mlrA, marR, rhaS
416 	 fliZ, csgD, mlrA, marR, zraR, dpiA
417 	 evgA, csgD, mlrA, rhaS, zraR
418 	 fliZ, csgD, mlrA, marR, dpiA
419 	 evgA, csgD, mlrA, rhaS
420 	 marA, evgA, marR, zraR, dpiA
421 	 evgA, marR, rhaS, zraR
422 	 fliZ, evgA, csgD, mlrA, marR, zraR, dpiA
423 	 evgA, marR, rhaS
424 	 marA, evgA, marR, dpiA
425 	 fliZ, evgA, csgD, mlrA, rhaS, zraR
426 	 fliZ, evgA, csgD, mlrA, marR, dpiA
427 	 fliZ, evgA, csgD, mlrA, rhaS
428 	 fliZ, mlrA, marR, gutM, zraR
429 	 evgA, marR, rhaS, gutM, zraR
430 	 mlrA, marR, gutM
431 	 fliZ, evgA, mlrA, marR, rhaS, gutM, zraR
432 	 fliZ, mlrA, marR, gutM
433 	 fliZ, evgA, csgD, mlrA, rhaS, gutM, zraR
434 	 marR, gutM, zraR
435 	 evgA, mlrA, marR, rhaS, gutM
436 	 marR, gutM
437 	 evgA, csgD, mlrA, rhaS, gutM
438 	 fliZ, csgD, mlrA, gutM, zraR
439 	 evgA, marR, rhaS, gutM
440 	 fliZ, csgD, mlrA, gutM
441 	 fliZ, evgA, csgD, mlrA, rhaS, gutM
442 	 csgD, mlrA, zraR
443 	 mlrA, marR, rhaS
444 	 fliZ, csgD, mlrA, zraR
445 	 fliZ, mlrA, marR, rhaS, zraR
446 	 marR, zraR
447 	 fliZ, csgD, mlrA, rhaS, zraR
448 	 mlrA, marR
449 	 marR, rhaS, zraR
450 	 fliZ, mlrA, marR
451 	 csgD, mlrA, rhaS
453 	 marR, rhaS
454 	 fliZ, csgD, mlrA
455 	 fliZ, csgD, mlrA, rhaS
456 	 evgA, mlrA, marR, gutM
457 	 evgA, mlrA, marR, rhaS, zraR
458 	 evgA, marR, gutM, zraR
459 	 fliZ, evgA, mlrA, marR, rhaS, zraR
460 	 evgA, marR, gutM
461 	 evgA, marR, rhaS, zraR
462 	 fliZ, evgA, mlrA, marR, gutM, zraR
463 	 fliZ, evgA, csgD, mlrA, rhaS, zraR
464 	 evgA, csgD, mlrA, gutM
465 	 evgA, mlrA, marR, rhaS
466 	 fliZ, evgA, csgD, mlrA, gutM, zraR
467 	 evgA, csgD, mlrA, rhaS
468 	 fliZ, evgA, csgD, mlrA, gutM
469 	 evgA, marR, rhaS
470 	 evgA, mlrA, marR, zraR
471 	 fliZ, evgA, csgD, mlrA, rhaS
472 	 evgA, csgD, mlrA, zraR
473 	 csgD, mlrA, rhaS, zraR
474 	 evgA, marR, zraR
475 	 evgA, marR, rhaR, rhaS, gutM, zraR
476 	 fliZ, evgA, csgD, mlrA, zraR
477 	 evgA, marR, rhaS, gutM, zraR
478 	 evgA, mlrA, marR
479 	 fliZ, evgA, mlrA, marR, rhaS, gutM, zraR
480 	 evgA, csgD, mlrA
481 	 evgA, marR, rhaR, rhaS, gutM
482 	 fliZ, evgA, csgD, mlrA
483 	 evgA, mlrA, marR, rhaS, gutM
484 	 evgA, marR
485 	 fliZ, evgA, mlrA, marR, rhaR, rhaS, gutM
486 	 csgD, mlrA, rhaS, gutM, zraR, dpiA
487 	 marR, rhaR, rhaS, zraR
488 	 mlrA, marR, rhaS, gutM, dpiA
489 	 mlrA, marR, rhaS
490 	 marR, rhaS, gutM, zraR, dpiA
491 	 fliZ, csgD, mlrA, rhaR, rhaS, zraR
492 	 marR, rhaS, gutM, dpiA
493 	 marR, rhaS, zraR
494 	 csgD, mlrA, rhaS, gutM, dpiA
495 	 fliZ, evgA, csgD, mlrA, rhaS, gutM, zraR
496 	 fliZ, csgD, mlrA, rhaS, gutM, zraR, dpiA
497 	 fliZ, evgA, mlrA, marR, rhaS, gutM
498 	 fliZ, csgD, mlrA, rhaS, gutM, dpiA
499 	 fliZ, evgA, csgD, mlrA, rhaR, rhaS, gutM
500 	 csgD, mlrA, rhaS, zraR, dpiA
501 	 evgA, marR, rhaS, gutM
502 	 fliZ, csgD, mlrA, rhaS, zraR, dpiA
503 	 fliZ, evgA, csgD, mlrA, rhaS, gutM
504 	 marR, rhaS, zraR, dpiA
505 	 csgD, mlrA, rhaS
506 	 mlrA, marR, rhaS, dpiA
507 	 fliZ, csgD, mlrA, rhaR, rhaS
508 	 csgD, mlrA, rhaS, dpiA
509 	 marR, rhaR, rhaS
510 	 fliZ, csgD, mlrA, rhaS, dpiA
511 	 fliZ, csgD, mlrA, rhaS, zraR
512 	 marR, rhaS, dpiA
513 	 marR, rhaS
514 	 evgA, mlrA, marR, rhaS, gutM, zraR, dpiA
515 	 fliZ, csgD, mlrA, rhaS
516 	 evgA, mlrA, marR, rhaS, gutM, dpiA
517 	 evgA, mlrA, marR, rhaS, zraR
518 	 evgA, csgD, mlrA, rhaS, gutM, zraR, dpiA
519 	 evgA, mlrA, marR, rhaS
520 	 evgA, marR, rhaS, gutM, zraR, dpiA
521 	 evgA, marR, rhaR, rhaS, zraR
522 	 evgA, csgD, mlrA, rhaS, gutM, dpiA
523 	 evgA, csgD, mlrA, rhaS, zraR
524 	 evgA, marR, rhaS, gutM, dpiA
525 	 evgA, marR, rhaS, zraR
526 	 fliZ, evgA, csgD, mlrA, rhaS, gutM, zraR, dpiA
527 	 evgA, marR, rhaR, rhaS
528 	 fliZ, evgA, csgD, mlrA, rhaS, gutM, dpiA
529 	 evgA, marR, rhaS
530 	 evgA, mlrA, marR, rhaS, zraR, dpiA
531 	 evgA, csgD, mlrA, rhaR, rhaS
532 	 fliZ, evgA, mlrA, marR, rhaS, zraR, dpiA
533 	 fliZ, evgA, mlrA, marR, rhaS
534 	 evgA, marR, rhaS, zraR, dpiA
535 	 fliZ, evgA, csgD, mlrA, rhaR, rhaS, zraR
536 	 fliZ, evgA, csgD, mlrA, rhaS, zraR, dpiA
537 	 fliZ, evgA, csgD, mlrA, rhaS, zraR
538 	 evgA, mlrA, marR, rhaS, dpiA
539 	 fliZ, evgA, csgD, mlrA, rhaR, rhaS
540 	 fliZ, evgA, mlrA, marR, rhaS, dpiA
541 	 fliZ, evgA, csgD, mlrA, rhaS
542 	 fliZ, evgA, csgD, mlrA, rhaS, dpiA
543 	 fliZ, csgD, mlrA, rhaR, rhaS, gutM, zraR
544 	 evgA, marR, rhaS, dpiA
545 	 marR, rhaR, rhaS, gutM
546 	 mlrA, marR, gutM, zraR, dpiA
547 	 marR, rhaS, gutM, zraR
548 	 fliZ, mlrA, marR, gutM, zraR, dpiA
549 	 marR, rhaS, gutM
550 	 marR, gutM, zraR, dpiA
551 	 fliZ, csgD, mlrA, rhaR, rhaS, gutM
552 	 fliZ, csgD, mlrA, gutM, zraR, dpiA
553 	 fliZ, evgA, mlrA, marR, rhaR, rhaS, gutM, zraR
554 	 mlrA, marR, gutM, dpiA
555 	 fliZ, mlrA, marR, gutM, dpiA
556 	 marR, gutM, dpiA
557 	 fliZ, csgD, mlrA, gutM, dpiA
558 	 evgA, mlrA, marR, gutM, zraR, dpiA
559 	 evgA, csgD, mlrA, gutM, zraR, dpiA
560 	 mlrA, marR, zraR, dpiA
561 	 fliZ, evgA, csgD, mlrA, gutM, zraR, dpiA
562 	 fliZ, mlrA, marR, zraR, dpiA
563 	 evgA, mlrA, marR, gutM, dpiA
564 	 fliZ, csgD, mlrA, zraR, dpiA
565 	 evgA, marR, gutM, zraR, dpiA
566 	 marR, zraR, dpiA
567 	 evgA, csgD, mlrA, gutM, dpiA
568 	 mlrA, marR, dpiA
569 	 evgA, marR, gutM, dpiA
570 	 marR, dpiA
571 	 evgA, mlrA, marR, zraR, dpiA
572 	 csgD, mlrA, dpiA
573 	 evgA, csgD, mlrA, zraR, dpiA
574 	 fliZ, csgD, mlrA, dpiA
575 	 evgA, marR, zraR, dpiA
576 	 fliZ, evgA, csgD, mlrA, zraR, dpiA
577 	 evgA, mlrA, marR, dpiA
578 	 fliZ, evgA, csgD, mlrA, gutM, dpiA
579 	 evgA, marR, dpiA
580 	 fliZ, evgA, mlrA, marR, dpiA
581 	 fliZ, evgA, csgD, mlrA, dpiA
582 	 mlrA, marR, rhaS, gutM, zraR, dpiA
583 	 fliZ, evgA, mlrA, marR, rhaR, rhaS, gutM, zraR, dpiA
584 	 mlrA, marR, rhaS, zraR, dpiA
585 	 marR, gutM, zraR
586 	 evgA, mlrA, marR, gutM, zraR
587 	 marR, rhaR, rhaS, gutM, zraR, dpiA
588 	 mlrA, marR, zraR
589 	 mlrA, marR, rhaS, gutM, zraR, dpiA
590 	 fliZ, mlrA, marR, gutM, zraR
591 	 evgA, marR, rhaR, rhaS, gutM, zraR, dpiA
592 	 marR, gutM, zraR
593 	 mlrA, marR, rhaS, gutM, dpiA
594 	 evgA, csgD, mlrA, gutM, zraR
595 	 mlrA, marR, zraR
596 	 mlrA, marR, gutM
597 	 fliZ, mlrA, marR, rhaR, rhaS, dpiA
598 	 marR, gutM
599 	 fliZ, mlrA, marR, rhaS, gutM, zraR, dpiA
600 	 evgA, mlrA, marR, gutM
601 	 marR, rhaS, gutM, zraR, dpiA
602 	 csgD, mlrA, gutM
603 	 marR, rhaR, rhaS, zraR, dpiA
604 	 fliZ, csgD, mlrA, gutM, zraR
605 	 fliZ, csgD, mlrA, rhaR, rhaS, gutM, zraR, dpiA
606 	 evgA, marR, gutM, zraR
607 	 fliZ, mlrA, marR, rhaS, gutM, dpiA
608 	 evgA, mlrA, marR, zraR
609 	 fliZ, csgD, mlrA, rhaR, rhaS, gutM, dpiA
610 	 fliZ, evgA, csgD, mlrA, gutM, zraR
611 	 mlrA, marR, rhaS, zraR, dpiA
612 	 fliZ, csgD, mlrA, gutM
613 	 mlrA, marR, gutM, zraR, dpiA
614 	 csgD, mlrA, rhaS, gutM, zraR, dpiA
615 	 evgA, marR, gutM, zraR
616 	 fliZ, mlrA, marR, rhaS, zraR, dpiA
617 	 mlrA, marR, zraR, dpiA
618 	 mlrA, marR, rhaS, gutM, dpiA
619 	 marR, rhaR, rhaS, gutM, dpiA
620 	 csgD, mlrA, zraR
621 	 fliZ, evgA, mlrA, marR, rhaR, rhaS, zraR, dpiA
622 	 marR, zraR
623 	 csgD, mlrA, rhaS, zraR, dpiA
624 	 mlrA, marR
625 	 fliZ, csgD, mlrA, rhaS, gutM, zraR, dpiA
626 	 evgA, marR, zraR
627 	 fliZ, csgD, mlrA, rhaS, gutM, dpiA
629 	 evgA, mlrA, marR, rhaS, gutM, zraR, dpiA
630 	 fliZ, evgA, mlrA, marR, zraR
631 	 mlrA, marR, rhaS, dpiA
632 	 fliZ, csgD, mlrA, zraR
633 	 marR, rhaS, zraR, dpiA
634 	 mlrA, marR, gutM, zraR, dpiA
635 	 evgA, marR, rhaR, rhaS, zraR, dpiA
636 	 csgD, mlrA
637 	 fliZ, mlrA, marR, gutM, zraR
638 	 evgA, mlrA, marR, rhaS, gutM, zraR, dpiA
639 	 mlrA, marR, gutM
640 	 marR, rhaS, gutM, zraR, dpiA
641 	 marR, zraR
642 	 fliZ, mlrA, marR, rhaS, gutM, dpiA
643 	 marR, gutM, zraR, dpiA
644 	 mlrA, marR, gutM, dpiA
645 	 evgA, csgD, mlrA, gutM, zraR
646 	 evgA, mlrA, marR, rhaS, zraR, dpiA
647 	 mlrA, marR
648 	 marR, rhaS, gutM, dpiA
649 	 evgA, mlrA, marR, zraR
650 	 marR, rhaS, zraR, dpiA
651 	 fliZ, mlrA, marR, gutM
652 	 fliZ, csgD, mlrA, rhaS, gutM, zraR, dpiA
653 	 mlrA, marR, gutM, dpiA
654 	 evgA, csgD, mlrA, gutM
655 	 fliZ, evgA, mlrA, marR, rhaS, gutM, zraR, dpiA
656 	 evgA, mlrA, marR
657 	 marR, rhaS, gutM, dpiA
658 	 fliZ, csgD, mlrA
659 	 marR, rhaR, rhaS, dpiA
660 	 fliZ, evgA, csgD, mlrA, gutM
661 	 csgD, mlrA, gutM, zraR, dpiA
662 	 fliZ, csgD, mlrA, rhaS, zraR, dpiA
663 	 evgA, marR, rhaS, gutM, zraR, dpiA
664 	 evgA, mlrA, marR, gutM, zraR, dpiA
665 	 fliZ, csgD, mlrA, rhaR, rhaS, zraR, dpiA
666 	 fliZ, mlrA, marR, gutM, zraR, dpiA
667 	 evgA, mlrA, marR, rhaS, zraR, dpiA
668 	 mlrA, marR, zraR, dpiA
669 	 evgA, mlrA, marR, rhaR, rhaS, gutM, dpiA
670 	 fliZ, evgA, mlrA, marR
671 	 csgD, mlrA, rhaS, dpiA
672 	 fliZ, evgA, csgD, mlrA, zraR
673 	 fliZ, csgD, mlrA, rhaS, zraR, dpiA
674 	 evgA, marR, gutM
675 	 evgA, mlrA, marR, gutM, zraR, dpiA
676 	 evgA, marR, rhaR, rhaS, gutM, dpiA
677 	 marR, rhaS, dpiA
678 	 evgA, marR, zraR
679 	 fliZ, csgD, mlrA, gutM, zraR
680 	 fliZ, evgA, mlrA, marR, rhaR, rhaS, gutM, dpiA
681 	 fliZ, csgD, mlrA, gutM, zraR, dpiA
682 	 evgA, mlrA, marR, rhaR, rhaS, dpiA
683 	 csgD, mlrA, zraR
684 	 evgA, mlrA, marR, rhaS, gutM, dpiA
685 	 marR, gutM
686 	 evgA, marR, rhaR, rhaS, dpiA
688 	 fliZ, evgA, mlrA, marR, rhaR, rhaS, dpiA
689 	 fliZ, evgA, csgD, mlrA, gutM, zraR
690 	 fliZ, csgD, mlrA, rhaR, rhaS, dpiA
691 	 fliZ, evgA, csgD, mlrA, rhaR, rhaS, gutM, zraR, dpiA
692 	 evgA, csgD, mlrA, rhaS, gutM, dpiA
693 	 fliZ, evgA, csgD, mlrA, rhaR, rhaS, zraR, dpiA
694 	 evgA, csgD, mlrA, rhaS, zraR, dpiA
695 	 fliZ, csgD, mlrA, rhaS, dpiA
696 	 fliZ, evgA, csgD, mlrA, rhaR, rhaS, gutM, dpiA
697 	 mlrA, marR, dpiA
698 	 evgA, mlrA, marR, rhaS, dpiA
699 	 csgD, mlrA
700 	 fliZ, evgA, csgD, mlrA, rhaR, rhaS, dpiA
701 	 evgA, mlrA, marR, gutM
702 	 fliZ, evgA, mlrA, marR, gutM
703 	 fliZ, mlrA, marR, zraR, dpiA
704 	 evgA, csgD, mlrA, zraR
705 	 fliZ, csgD, mlrA, gutM
706 	 evgA, marR, rhaS, gutM, dpiA
707 	 evgA, marR, rhaS, zraR, dpiA
708 	 evgA, marR, rhaS, dpiA
709 	 fliZ, evgA, mlrA, marR, rhaS, dpiA
710 	 fliZ, evgA, mlrA, marR, gutM, zraR, dpiA
711 	 evgA, marR, gutM
712 	 evgA, mlrA, marR, zraR, dpiA
713 	 evgA, mlrA, marR
714 	 evgA, marR, gutM, zraR, dpiA
715 	 evgA, marR
716 	 fliZ, evgA, mlrA, marR, zraR, dpiA
717 	 marR, gutM, dpiA
718 	 marR, zraR, dpiA
719 	 evgA, mlrA, marR, gutM, dpiA
720 	 fliZ, mlrA, marR, gutM, dpiA
721 	 evgA, mlrA, marR, dpiA
722 	 evgA, marR, gutM, dpiA
723 	 fliZ, mlrA, marR, dpiA
724 	 fliZ, evgA, mlrA, marR, gutM, dpiA
725 	 fliZ, evgA, mlrA, marR
726 	 evgA, marR, zraR, dpiA
727 	 marR, dpiA
728 	 evgA, marR, dpiA
729 	 fliZ, evgA, mlrA, marR, dpiA
730 	 fliZ, evgA, csgD, mlrA, rhaS, gutM, zraR, dpiA
731 	 fliZ, evgA, csgD, mlrA, rhaS, gutM, dpiA
732 	 fliZ, evgA, csgD, mlrA, rhaS, zraR, dpiA
733 	 fliZ, evgA, csgD, mlrA, rhaS, dpiA
734 	 fliZ, evgA, csgD, mlrA, gutM, zraR, dpiA
735 	 fliZ, csgD, mlrA, zraR
736 	 fliZ, csgD, mlrA, zraR, dpiA
737 	 fliZ, evgA, csgD, mlrA, gutM
738 	 fliZ, csgD, mlrA
739 	 fliZ, csgD, mlrA, gutM, dpiA
740 	 fliZ, csgD, mlrA, dpiA
741 	 fliZ, evgA, csgD, mlrA, gutM, dpiA
742 	 fliZ, evgA, csgD, mlrA, zraR
743 	 fliZ, evgA, csgD, mlrA, zraR, dpiA
744 	 fliZ, evgA, csgD, mlrA
745 	 fliZ, evgA, csgD, mlrA, dpiA
746 	 evgA, marR, rhaR, rhaS, gutM, zraR
747 	 fliZ, mlrA, marR, rhaR, rhaS
748 	 marR, rhaR, rhaS, zraR
749 	 fliZ, mlrA, marR, rhaR, rhaS, gutM, zraR, dpiA
750 	 evgA, mlrA, marR, rhaR, rhaS, zraR, dpiA
751 	 evgA, mlrA, marR, rhaR, rhaS, gutM
752 	 fliZ, evgA, mlrA, marR, rhaR, rhaS, gutM, zraR, dpiA
753 	 marR, rhaR, rhaS, gutM, zraR, dpiA
754 	 fliZ, evgA, mlrA, marR, rhaR, rhaS, zraR
755 	 evgA, marR, rhaR, rhaS, gutM
756 	 fliZ, mlrA, marR, rhaR, rhaS, zraR, dpiA
757 	 marR, rhaR, rhaS
758 	 fliZ, evgA, mlrA, marR, rhaR, rhaS, zraR, dpiA
759 	 fliZ, evgA, mlrA, marR, rhaR, rhaS, gutM
760 	 marR, rhaR, rhaS, zraR, dpiA
761 	 evgA, marR, rhaR, rhaS, zraR
762 	 evgA, mlrA, marR, rhaR, rhaS, gutM, dpiA
763 	 evgA, mlrA, marR, rhaR, rhaS
764 	 evgA, marR, rhaR, rhaS, gutM, zraR, dpiA
765 	 mlrA, marR, rhaR, rhaS, dpiA
766 	 marR, rhaR, rhaS, gutM, dpiA
767 	 fliZ, mlrA, marR, rhaR, rhaS, gutM, dpiA
768 	 evgA, marR, rhaR, rhaS, gutM, dpiA
769 	 fliZ, mlrA, marR, rhaR, rhaS, dpiA
770 	 fliZ, evgA, mlrA, marR, rhaR, rhaS, gutM, dpiA
771 	 marR, rhaR, rhaS, dpiA
772 	 fliZ, evgA, mlrA, marR, rhaR, rhaS
773 	 evgA, marR, rhaR, rhaS, zraR, dpiA
774 	 evgA, mlrA, marR, rhaR, rhaS, dpiA
775 	 evgA, marR, rhaR, rhaS
776 	 evgA, marR, rhaR, rhaS, dpiA
777 	 fliZ, evgA, mlrA, marR, rhaR, rhaS, dpiA
778 	 mlrA, marR, rhaS, gutM, zraR, dpiA
779 	 fliZ, csgD, mlrA, rhaR, rhaS, gutM, zraR, dpiA
780 	 mlrA, marR, rhaS, dpiA
781 	 fliZ, csgD, mlrA, rhaR, rhaS, gutM, dpiA
782 	 evgA, mlrA, marR, rhaS, gutM, zraR
783 	 fliZ, evgA, csgD, mlrA, rhaR, rhaS, gutM, zraR
784 	 fliZ, mlrA, marR, rhaS, dpiA
785 	 fliZ, evgA, csgD, mlrA, rhaR, rhaS, gutM, zraR, dpiA
786 	 fliZ, mlrA, marR, rhaS, gutM, zraR, dpiA
787 	 fliZ, csgD, mlrA, rhaR, rhaS, zraR
788 	 evgA, marR, rhaS, gutM, zraR
789 	 fliZ, evgA, csgD, mlrA, rhaR, rhaS, zraR
790 	 fliZ, evgA, mlrA, marR, rhaS, gutM, zraR
791 	 fliZ, evgA, csgD, mlrA, rhaR, rhaS, gutM
792 	 mlrA, marR, rhaS, gutM, dpiA
793 	 fliZ, csgD, mlrA, rhaR, rhaS, zraR, dpiA
794 	 mlrA, marR, rhaS, zraR
795 	 fliZ, csgD, mlrA, rhaR, rhaS
796 	 evgA, mlrA, marR, rhaS, gutM
797 	 fliZ, evgA, csgD, mlrA, rhaR, rhaS
798 	 fliZ, mlrA, marR, rhaS, zraR
799 	 fliZ, evgA, csgD, mlrA, rhaR, rhaS, zraR, dpiA
800 	 marR, rhaS, zraR
801 	 fliZ, csgD, mlrA, rhaR, rhaS, dpiA
802 	 fliZ, evgA, mlrA, marR, rhaS, gutM, zraR, dpiA
803 	 fliZ, evgA, csgD, mlrA, rhaR, rhaS, gutM, dpiA
804 	 evgA, mlrA, marR, rhaS, zraR
805 	 fliZ, evgA, csgD, mlrA, rhaR, rhaS, dpiA
806 	 fliZ, evgA, mlrA, marR, rhaS, gutM
807 	 mlrA, marR, rhaS
808 	 fliZ, evgA, mlrA, marR, rhaS, zraR, dpiA
809 	 evgA, marR, rhaS, gutM
810 	 marR, rhaS, dpiA
811 	 fliZ, mlrA, marR, rhaS
812 	 evgA, mlrA, marR, rhaS
813 	 mlrA, marR, rhaS, zraR, dpiA
814 	 evgA, marR, rhaS, zraR
815 	 marR, rhaS, gutM, zraR, dpiA
816 	 evgA, mlrA, marR, rhaS, gutM, zraR, dpiA
817 	 fliZ, evgA, mlrA, marR, rhaS, zraR
818 	 evgA, mlrA, marR, rhaS, zraR, dpiA
819 	 marR, rhaS, zraR, dpiA
820 	 marR, rhaS
821 	 evgA, mlrA, marR, rhaS, gutM, dpiA
822 	 mlrA, marR, rhaS, dpiA
823 	 fliZ, evgA, mlrA, marR, rhaS
824 	 evgA, marR, rhaS, gutM, zraR, dpiA
825 	 fliZ, mlrA, marR, rhaS, zraR, dpiA
826 	 fliZ, mlrA, marR, rhaS, gutM, dpiA
827 	 evgA, marR, rhaS
828 	 evgA, marR, rhaS, gutM, zraR, dpiA
829 	 evgA, marR, rhaS, zraR, dpiA
830 	 evgA, marR, rhaS, gutM, dpiA
831 	 fliZ, evgA, mlrA, marR, rhaS, gutM, zraR, dpiA
832 	 fliZ, evgA, mlrA, marR, rhaS, zraR, dpiA
833 	 evgA, mlrA, marR, rhaS, dpiA
834 	 fliZ, mlrA, marR, rhaS, dpiA
835 	 evgA, marR, rhaS, zraR, dpiA
836 	 fliZ, evgA, mlrA, marR, rhaS, gutM, dpiA
837 	 evgA, mlrA, marR, rhaS, gutM, dpiA
838 	 marR, rhaS, gutM, dpiA
839 	 evgA, marR, rhaS, dpiA
840 	 marR, rhaS, dpiA
841 	 fliZ, evgA, mlrA, marR, rhaS, dpiA
842 	 evgA, marR, rhaS, gutM, dpiA
843 	 fliZ, evgA, mlrA, marR, rhaS, gutM, dpiA
844 	 evgA, mlrA, marR, rhaS, dpiA
845 	 evgA, marR, rhaS, dpiA
846 	 fliZ, evgA, mlrA, marR, rhaS, dpiA
847 	 fliZ, csgD, mlrA, rhaS, gutM, zraR
848 	 marR, gutM, zraR
849 	 fliZ, csgD, mlrA, rhaS, gutM, zraR, dpiA
850 	 marR, gutM, zraR, dpiA
851 	 fliZ, csgD, mlrA, rhaS, zraR
852 	 fliZ, mlrA, marR, zraR, dpiA
853 	 fliZ, evgA, csgD, mlrA, rhaS, gutM, zraR
854 	 mlrA, marR, gutM, zraR, dpiA
855 	 evgA, marR
856 	 mlrA, marR, gutM
857 	 fliZ, evgA, csgD, mlrA
858 	 mlrA, marR, dpiA
859 	 fliZ, csgD, mlrA, gutM, zraR, dpiA
860 	 csgD, mlrA, gutM, zraR
861 	 fliZ, mlrA, marR, gutM, dpiA
862 	 evgA, mlrA, marR, zraR, dpiA
863 	 mlrA, marR, zraR
864 	 csgD, mlrA, gutM
865 	 fliZ, mlrA, marR, zraR
866 	 evgA, mlrA, marR, gutM, zraR
867 	 fliZ, evgA, csgD, mlrA, rhaS, gutM, zraR, dpiA
868 	 fliZ, evgA, csgD, mlrA, rhaS, gutM, zraR, dpiA
869 	 fliZ, csgD, mlrA, rhaS, gutM
870 	 fliZ, csgD, mlrA, rhaS, gutM, dpiA
871 	 fliZ, evgA, csgD, mlrA, rhaS, gutM
872 	 fliZ, csgD, mlrA, rhaS, gutM, dpiA
873 	 fliZ, evgA, csgD, mlrA, rhaS, gutM, dpiA
874 	 fliZ, evgA, csgD, mlrA, rhaS, gutM, dpiA
875 	 fliZ, csgD, mlrA, rhaS, dpiA
876 	 evgA, mlrA, marR, gutM
877 	 fliZ, evgA, csgD, mlrA, rhaS, zraR
878 	 evgA, mlrA, marR, gutM, zraR, dpiA
879 	 fliZ, evgA, csgD, mlrA, rhaS, zraR, dpiA
880 	 fliZ, evgA, mlrA, marR, gutM, zraR, dpiA
881 	 fliZ, csgD, mlrA, rhaS
882 	 marR, gutM, dpiA
883 	 fliZ, evgA, csgD, mlrA, rhaS
884 	 evgA, mlrA, marR, gutM, dpiA
885 	 fliZ, csgD, mlrA, rhaS, zraR, dpiA
886 	 fliZ, csgD, mlrA, gutM, dpiA
887 	 fliZ, evgA, csgD, mlrA, rhaS, dpiA
888 	 fliZ, evgA, csgD, mlrA, gutM, zraR, dpiA
889 	 fliZ, csgD, mlrA, rhaS, dpiA
890 	 marR, gutM, zraR, dpiA
891 	 fliZ, evgA, csgD, mlrA, rhaS, zraR, dpiA
892 	 mlrA, marR, gutM, dpiA
893 	 fliZ, evgA, csgD, mlrA, rhaS, dpiA
894 	 csgD, mlrA, gutM, zraR, dpiA
895 	 fliZ, csgD, mlrA, gutM, zraR
896 	 fliZ, evgA, mlrA, marR, gutM, zraR
897 	 fliZ, mlrA, marR, gutM, dpiA
898 	 fliZ, csgD, mlrA, gutM, zraR, dpiA
899 	 fliZ, evgA, mlrA, marR, gutM, zraR, dpiA
900 	 fliZ, evgA, mlrA, marR, gutM, dpiA
901 	 evgA, marR, gutM, zraR
902 	 evgA, marR, gutM, zraR, dpiA
903 	 fliZ, evgA, csgD, mlrA, gutM, zraR
904 	 fliZ, evgA, csgD, mlrA, gutM, zraR, dpiA
905 	 fliZ, evgA, mlrA, marR, gutM
906 	 evgA, marR, gutM, dpiA
907 	 evgA, marR, gutM, zraR, dpiA
908 	 marR, gutM
909 	 fliZ, csgD, mlrA, gutM
910 	 evgA, mlrA, marR, gutM, dpiA
911 	 evgA, marR, gutM
912 	 fliZ, evgA, csgD, mlrA, gutM, dpiA
913 	 marR, gutM, dpiA
914 	 evgA, marR, gutM, dpiA
915 	 fliZ, evgA, csgD, mlrA, gutM
916 	 fliZ, evgA, mlrA, marR, gutM, dpiA
917 	 fliZ, csgD, mlrA, gutM, dpiA
918 	 fliZ, evgA, csgD, mlrA, gutM, dpiA
919 	 fliZ, mlrA, marR, dpiA
920 	 evgA, mlrA, marR, zraR
921 	 marR, zraR
922 	 mlrA, marR, zraR, dpiA
923 	 mlrA, marR
924 	 marR, zraR, dpiA
925 	 fliZ, csgD, mlrA, zraR, dpiA
927 	 evgA, marR, zraR
928 	 csgD, mlrA, zraR, dpiA
929 	 marR, dpiA
930 	 fliZ, evgA, mlrA, marR, zraR, dpiA
931 	 fliZ, mlrA, marR
932 	 evgA, mlrA, marR
933 	 fliZ, evgA, mlrA, marR, zraR
934 	 fliZ, csgD, mlrA, zraR
935 	 evgA, csgD, mlrA
936 	 evgA, mlrA, marR, dpiA
937 	 marR, zraR, dpiA
938 	 evgA, mlrA, marR, zraR, dpiA
939 	 fliZ, evgA, mlrA, marR, dpiA
940 	 evgA, marR, zraR, dpiA
941 	 fliZ, csgD, mlrA, zraR, dpiA
942 	 evgA, marR
943 	 evgA, marR, zraR, dpiA
944 	 fliZ, csgD, mlrA
945 	 evgA, marR, dpiA
946 	 mlrA, marR, dpiA
947 	 fliZ, evgA, csgD, mlrA, zraR, dpiA
948 	 marR, dpiA
949 	 fliZ, evgA, csgD, mlrA, zraR
950 	 fliZ, mlrA, marR, dpiA
951 	 evgA, mlrA, marR, dpiA
952 	 evgA, csgD, mlrA, zraR, dpiA
953 	 fliZ, evgA, mlrA, marR, dpiA
954 	 fliZ, evgA, csgD, mlrA, zraR, dpiA
955 	 fliZ, csgD, mlrA, dpiA
956 	 fliZ, csgD, mlrA, dpiA
957 	 fliZ, evgA, csgD, mlrA
958 	 evgA, marR, dpiA
959 	 fliZ, evgA, csgD, mlrA, dpiA
960 	 fliZ, evgA, csgD, mlrA, dpiA
