56 	 rhaR
69 	 hyfR
324 	 melR
325 	 fucR
326 	 rhaR, melR
327 	 melR, fucR
328 	 melR, hyfR
329 	 fucR, hyfR
330 	 rhaR, hyfR
331 	 melR, fucR, hyfR
332 	 rhaR, melR, hyfR
333 	 rhaR, fucR
334 	 rhaR, fucR, hyfR
335 	 rhaR, melR, fucR
336 	 rhaR, melR, fucR, hyfR
338 	 fucR
339 	 melR
340 	 melR, fucR
341 	 hyfR
342 	 rhaR
343 	 melR, hyfR
344 	 rhaR, fucR
345 	 fucR, hyfR
346 	 rhaR, melR
347 	 melR, fucR, hyfR
348 	 rhaR, hyfR
349 	 rhaR, fucR, hyfR
350 	 rhaR, melR, fucR
351 	 rhaR, melR, hyfR
352 	 rhaR, melR, fucR, hyfR
355 	 hyfR
356 	 fucR
357 	 rhaR
358 	 melR
359 	 fucR
360 	 rhaR
361 	 melR
362 	 hyfR
363 	 fucR, hyfR
364 	 melR, fucR
365 	 melR, hyfR
366 	 rhaR, fucR
367 	 rhaR, melR
368 	 melR, hyfR
369 	 rhaR, fucR
370 	 rhaR, hyfR
371 	 melR, fucR
372 	 fucR, hyfR
373 	 rhaR, hyfR
374 	 melR, fucR, hyfR
375 	 rhaR, fucR, hyfR
376 	 rhaR, melR
377 	 rhaR, melR, fucR
378 	 rhaR, fucR, hyfR
379 	 rhaR, melR, hyfR
380 	 rhaR, melR, hyfR
381 	 melR, fucR, hyfR
382 	 rhaR, melR, fucR
383 	 rhaR, melR, fucR, hyfR
384 	 rhaR, melR, fucR, hyfR
387 	 fucR
388 	 rhaR
389 	 rhaR
390 	 fucR
391 	 rhaR, fucR
392 	 melR
393 	 melR
394 	 hyfR
395 	 melR, fucR
396 	 fucR, hyfR
397 	 rhaR, melR
398 	 melR, fucR
399 	 hyfR
400 	 rhaR, fucR
401 	 fucR, hyfR
402 	 rhaR, melR
403 	 melR, hyfR
404 	 rhaR, melR, fucR
405 	 melR, fucR, hyfR
406 	 rhaR, hyfR
407 	 rhaR, melR, fucR
408 	 rhaR, fucR, hyfR
409 	 rhaR, hyfR
410 	 melR, hyfR
411 	 rhaR, melR, hyfR
412 	 rhaR, melR, hyfR
413 	 rhaR, fucR, hyfR
414 	 melR, fucR, hyfR
415 	 rhaR, melR, fucR, hyfR
416 	 rhaR, melR, fucR, hyfR
418 	 hyfR
419 	 fucR
420 	 rhaR
421 	 melR
422 	 fucR, hyfR
423 	 rhaR, fucR
424 	 rhaR, melR
425 	 melR, hyfR
426 	 melR, fucR
427 	 rhaR, hyfR
428 	 rhaR, melR, hyfR
429 	 melR, fucR, hyfR
430 	 rhaR, melR, fucR
431 	 rhaR, fucR, hyfR
432 	 rhaR, melR, fucR, hyfR
434 	 hyfR
435 	 fucR
436 	 rhaR
437 	 fucR, hyfR
438 	 rhaR, fucR
439 	 rhaR, hyfR
440 	 melR
441 	 rhaR, melR
442 	 melR, fucR
443 	 melR, hyfR
444 	 rhaR, melR, fucR
445 	 melR, fucR, hyfR
446 	 rhaR, melR, hyfR
447 	 rhaR, fucR, hyfR
448 	 rhaR, melR, fucR, hyfR
450 	 fucR
451 	 melR
452 	 hyfR
453 	 rhaR
454 	 melR, fucR
455 	 melR, hyfR
456 	 rhaR, hyfR
457 	 fucR, hyfR
458 	 rhaR, melR
459 	 rhaR, fucR
460 	 rhaR, melR, hyfR
461 	 melR, fucR, hyfR
462 	 rhaR, fucR, hyfR
463 	 rhaR, melR, fucR
464 	 rhaR, melR, fucR, hyfR
466 	 rhaR
467 	 hyfR
468 	 rhaR, hyfR
469 	 fucR
470 	 melR
471 	 fucR, hyfR
472 	 melR, hyfR
473 	 rhaR, fucR
474 	 rhaR, melR
475 	 rhaR, fucR, hyfR
476 	 melR, fucR
477 	 rhaR, melR, hyfR
478 	 melR, fucR, hyfR
479 	 rhaR, melR, fucR
480 	 rhaR, melR, fucR, hyfR
483 	 rhaR
484 	 hyfR
485 	 fucR
486 	 melR
487 	 hyfR
488 	 fucR
489 	 melR
490 	 rhaR
491 	 rhaR, hyfR
492 	 melR, hyfR
493 	 rhaR, melR
494 	 melR, fucR
495 	 fucR, hyfR
496 	 rhaR, hyfR
497 	 melR, fucR
498 	 rhaR, fucR
499 	 melR, hyfR
500 	 rhaR, melR
501 	 rhaR, melR, hyfR
502 	 fucR, hyfR
503 	 melR, fucR, hyfR
504 	 rhaR, melR, fucR
505 	 rhaR, fucR
506 	 rhaR, melR, hyfR
507 	 rhaR, fucR, hyfR
508 	 rhaR, fucR, hyfR
509 	 rhaR, melR, fucR
510 	 melR, fucR, hyfR
511 	 rhaR, melR, fucR, hyfR
512 	 rhaR, melR, fucR, hyfR
515 	 fucR
516 	 melR
517 	 melR
518 	 fucR
519 	 melR, fucR
520 	 hyfR
521 	 hyfR
522 	 rhaR
523 	 fucR, hyfR
524 	 rhaR, fucR
525 	 melR, hyfR
526 	 fucR, hyfR
527 	 rhaR
528 	 melR, fucR
529 	 rhaR, melR
530 	 melR, hyfR
531 	 rhaR, fucR
532 	 melR, fucR, hyfR
533 	 rhaR, hyfR
534 	 rhaR, melR
535 	 rhaR, melR, hyfR
536 	 rhaR, melR, fucR
537 	 rhaR, melR, fucR
538 	 rhaR, hyfR
539 	 rhaR, fucR, hyfR
540 	 rhaR, melR, hyfR
541 	 melR, fucR, hyfR
542 	 rhaR, fucR, hyfR
543 	 rhaR, melR, fucR, hyfR
544 	 rhaR, melR, fucR, hyfR
546 	 hyfR
547 	 fucR
548 	 melR
549 	 rhaR
550 	 fucR, hyfR
551 	 melR, fucR
552 	 rhaR, melR
553 	 rhaR, hyfR
554 	 rhaR, fucR
555 	 melR, hyfR
556 	 rhaR, melR, hyfR
557 	 rhaR, fucR, hyfR
558 	 rhaR, melR, fucR
559 	 melR, fucR, hyfR
560 	 rhaR, melR, fucR, hyfR
562 	 melR
563 	 rhaR
564 	 hyfR
565 	 rhaR, melR
566 	 rhaR, hyfR
567 	 melR, hyfR
568 	 fucR
569 	 fucR, hyfR
570 	 rhaR, fucR
571 	 melR, fucR
572 	 rhaR, fucR, hyfR
573 	 melR, fucR, hyfR
574 	 rhaR, melR, fucR
575 	 rhaR, melR, hyfR
576 	 rhaR, melR, fucR, hyfR
