1 	 zraR, galR, csgD
2 	 zraR, lldR, galR, csgD, fnr
3 	 zraR, galR, galS, csgD
4 	 zraR, galS
5 	 zraR, galR, galS
6 	 zraR, csgD
8 	 zraR, galR, csgD
9 	 zraR, galR, csgD
10 	 zraR, csgD
11 	 zraR, galR, csgD
14 	 zraR, lldR, galR, fnr
15 	 zraR, galR, csgD
55 	 zraR, lldR, csgD, fnr
58 	 zraR, galR
61 	 zraR, lldR, galR, fnr
67 	 zraR, galR, galS, csgD
70 	 zraR, lldR, galR, galS, fnr
73 	 zraR, lldR, galR, csgD, fnr
76 	 zraR, lldR, galR, fnr
79 	 zraR, lldR, csgD, fnr
86 	 zraR, galR, csgD
89 	 zraR, galR
92 	 zraR, lldR, galR, galS, csgD, fnr
437 	 zraR, lldR, galR, galS, fnr
440 	 zraR, lldR, galR, csgD, fnr
443 	 zraR, lldR, galR, fnr
446 	 zraR, lldR, csgD, fnr
452 	 zraR, galR, csgD
455 	 zraR, galR
458 	 zraR, lldR, galR, galS, csgD, fnr
461 	 zraR, lldR, galR, galS, fnr
463 	 zraR, galR
465 	 zraR, lldR, galR, fnr
467 	 zraR, lldR, galR, galS, csgD, fnr
468 	 zraR, lldR, galR, galS, fnr
469 	 zraR, lldR, galR, csgD, fnr
470 	 zraR, lldR, galR, fnr
471 	 zraR, lldR, csgD, fnr
472 	 zraR, galR, csgD
474 	 zraR, galR
475 	 zraR, galR, galS, csgD
476 	 zraR, galR, galS
477 	 zraR, lldR, galR, csgD, fnr
478 	 zraR, galR, csgD
479 	 zraR, lldR, galR, fnr
480 	 zraR, csgD
481 	 zraR, galR
483 	 zraR, lldR, galR, galS, csgD, fnr
484 	 zraR, lldR, galR, galS, fnr
485 	 zraR, lldR, galR, csgD, fnr
486 	 zraR, galR, csgD
487 	 zraR, lldR, galR, fnr
488 	 zraR, csgD
489 	 zraR, galR
491 	 zraR, lldR, galR, galS, csgD, fnr
492 	 zraR, lldR, galR, galS, fnr
548 	 zraR, galR, csgD
705 	 zraR, galR, csgD
835 	 zraR, galR, csgD
836 	 zraR, galR, galS, csgD
837 	 zraR, csgD
838 	 zraR, galR, csgD
839 	 zraR, csgD
840 	 zraR, galR
841 	 zraR, csgD
842 	 zraR, galR, galS, csgD
843 	 zraR, galR, galS
844 	 zraR, galR, galS, csgD
845 	 zraR, galS, csgD
847 	 zraR, galR
848 	 zraR, galR, csgD
849 	 zraR, galR, galS
851 	 zraR, galR, galS, csgD
852 	 zraR, galS, csgD
853 	 zraR, galR
854 	 zraR, csgD
855 	 zraR, galR, galS
856 	 zraR, galS, csgD
857 	 zraR, galR
859 	 zraR, galS
860 	 zraR, galS
862 	 zraR, galS
863 	 zraR, galR, galS
864 	 zraR, galS
865 	 zraR, galR, csgD
866 	 zraR, galR, csgD
867 	 zraR, galR, csgD
868 	 zraR, galR, galS, csgD
869 	 zraR, galR
870 	 zraR, galR, csgD
871 	 zraR, galR, galS, csgD
872 	 zraR, galR, galS
873 	 zraR, galR
874 	 zraR, galR
875 	 zraR, csgD
876 	 zraR, galR
877 	 zraR, galR, galS, csgD
878 	 zraR, galS, csgD
879 	 zraR, csgD
880 	 zraR, csgD
881 	 zraR, galS, csgD
887 	 zraR, galS
890 	 zraR, galR, galS
896 	 zraR, galR, galS
899 	 zraR, galS
902 	 zraR, galS, csgD
905 	 zraR, csgD
908 	 zraR, galR, galS, csgD
914 	 zraR, galS
920 	 zraR, galR, galS
923 	 zraR, galS, csgD
926 	 zraR, galS
930 	 zraR, galR, csgD
1317 	 zraR, galR, csgD
1395 	 zraR, galR, galS, csgD
1476 	 zraR, galR, csgD
1477 	 zraR, csgD
1478 	 zraR, galR
1480 	 zraR, galR
1481 	 zraR, csgD
1482 	 zraR, galR, galS
1483 	 zraR, galR, galS, csgD
1484 	 zraR, galS, csgD
1485 	 zraR, galR
1487 	 zraR, galR
1488 	 zraR, galR, galS
1489 	 zraR, galR, csgD
1490 	 zraR, csgD
1491 	 zraR, galR, csgD
1492 	 zraR, galR, galS, csgD
1493 	 zraR, galR, csgD
1494 	 zraR, galR
1495 	 zraR, csgD
1497 	 zraR, galR, galS
1498 	 zraR, galR, csgD
1499 	 zraR, galR, galS, csgD
1500 	 zraR, galR
1502 	 zraR, galR
1503 	 zraR, galR, galS
1504 	 zraR, galR
1505 	 zraR, galR, csgD
1506 	 zraR, csgD
1507 	 zraR, galR, csgD
1508 	 zraR, csgD
1509 	 zraR, galR, csgD
1510 	 zraR, csgD
1511 	 zraR, galR, csgD
1512 	 zraR, csgD
1513 	 zraR, galR, csgD
1514 	 zraR, galR
1515 	 zraR, galR, csgD
1516 	 zraR, galR, galS, csgD
1517 	 zraR, galR, csgD
1519 	 zraR, galR
1521 	 zraR, galR
1523 	 zraR, galR
1525 	 zraR, galR, csgD
1526 	 zraR, galR, galS, csgD
1527 	 zraR, galR
1528 	 zraR, galR, galS, csgD
1529 	 zraR, galR
1530 	 zraR, galR, galS, csgD
1531 	 zraR, galR
1532 	 zraR, galR, galS
1533 	 zraR, galR
1534 	 zraR, galR, galS
1535 	 zraR, galR, galS
1536 	 zraR, galR, galS
