2 	 zraR, puuR, melR, araC, yqjI, idnR, tdcA, nikR, betI, narL, arcA, fnr
3 	 zraR, melR, araC, yqjI, idnR, nikR, narL, arcA
4 	 zraR, puuR, araC, idnR, tdcA, betI, xylR, fnr
5 	 zraR, araC, yqjI, idnR, nikR, narL, arcA
6 	 zraR, melR, araC, yqjI, idnR, tdcA, nikR, narL, arcA
7 	 zraR, melR, araC, yqjI, tdcA, nikR, narL, arcA
8 	 zraR, araC, yqjI, idnR, tdcA, nikR, narL, arcA
9 	 zraR, puuR, melR, araC, idnR, tdcA, betI, evgA, ydeO, fnr
11 	 zraR, melR, araC, yqjI, idnR, nikR, narL, arcA
12 	 zraR, puuR, melR, yqjI, idnR, tdcA, nikR, betI, narL, arcA, fnr
13 	 zraR, melR, yqjI, idnR, tdcA, nikR, narL, arcA
14 	 zraR, araC, idnR, tdcA, evgA, ydeO
15 	 zraR, puuR, yqjI, idnR, tdcA, nikR, betI, narL, arcA, fnr
16 	 zraR, puuR, araC, yqjI, idnR, nikR, betI, narL, arcA, fnr
17 	 zraR, melR, araC, idnR, evgA, ydeO
18 	 zraR, puuR, araC, yqjI, tdcA, nikR, betI, narL, arcA, fnr
19 	 zraR, puuR, melR, yqjI, idnR, nikR, betI, narL, arcA, fnr
20 	 zraR, puuR, yqjI, idnR, tdcA, nikR, betI, narL, arcA, fnr
21 	 zraR, araC, idnR, evgA, ydeO
22 	 zraR, puuR, melR, yqjI, idnR, nikR, betI, narL, arcA, fnr
23 	 zraR, melR, araC, idnR, tdcA, evgA, ydeO
24 	 zraR, puuR, yqjI, idnR, nikR, betI, narL, arcA, fnr
25 	 zraR, araC, idnR, tdcA, evgA, ydeO
26 	 zraR, puuR, yqjI, idnR, nikR, betI, narL, arcA, fnr
27 	 zraR, melR, araC, idnR, evgA, ydeO
28 	 zraR, puuR, melR, yqjI, idnR, tdcA, nikR, betI, narL, arcA, fnr
29 	 zraR, puuR, melR, araC, yqjI, nikR, betI, narL, arcA, fnr
30 	 zraR, araC, idnR, evgA, ydeO
33 	 zraR, melR, idnR, tdcA, evgA, ydeO
35 	 zraR, puuR, araC, yqjI, nikR, betI, narL, arcA, fnr
41 	 zraR, idnR, tdcA, evgA, ydeO
42 	 zraR, puuR, melR, yqjI, tdcA, nikR, betI, narL, arcA, fnr
43 	 zraR, melR, araC, tdcA, evgA, ydeO
44 	 zraR, puuR, yqjI, idnR, tdcA, nikR, betI, narL, arcA, fnr
45 	 zraR, puuR, melR, yqjI, idnR, nikR, betI, narL, arcA, fnr
46 	 zraR, puuR, melR, yqjI, idnR, tdcA, nikR, betI, narL, arcA, fnr
47 	 zraR, puuR, yqjI, tdcA, nikR, betI, narL, arcA, fnr
48 	 zraR, melR, idnR, tdcA, evgA, ydeO
49 	 zraR, puuR, yqjI, idnR, tdcA, nikR, betI, narL, arcA, fnr
50 	 zraR, puuR, melR, yqjI, nikR, betI, narL, arcA, fnr
51 	 zraR, araC, tdcA, evgA, ydeO
52 	 zraR, puuR, melR, yqjI, idnR, nikR, betI, narL, arcA, fnr
53 	 zraR, melR, araC, evgA, ydeO
54 	 zraR, puuR, melR, araC, yqjI, tdcA, nikR, betI, narL, arcA, fnr
55 	 zraR, puuR, melR, yqjI, idnR, tdcA, nikR, betI, narL, arcA, fnr
56 	 zraR, araC, evgA, ydeO
57 	 zraR, puuR, yqjI, idnR, nikR, betI, narL, arcA, fnr
59 	 zraR, puuR, araC, yqjI, tdcA, nikR, betI, narL, arcA, fnr
60 	 zraR, idnR, tdcA, evgA, ydeO
61 	 zraR, puuR, yqjI, idnR, tdcA, nikR, betI, narL, arcA, fnr
62 	 zraR, melR, idnR, evgA, ydeO
63 	 zraR, puuR, melR, yqjI, idnR, nikR, betI, narL, arcA, fnr
64 	 zraR, melR, idnR, evgA, ydeO
65 	 zraR, puuR, yqjI, idnR, nikR, betI, narL, arcA, fnr
66 	 zraR, idnR, evgA, ydeO
67 	 zraR, melR, idnR, tdcA, evgA, ydeO
68 	 zraR, puuR, melR, araC, yqjI, nikR, betI, narL, arcA, fnr
69 	 zraR, idnR, tdcA, evgA, ydeO
70 	 zraR, puuR, araC, yqjI, nikR, betI, narL, arcA, fnr
71 	 zraR, melR, idnR, evgA, ydeO
72 	 zraR, melR, araC, tdcA, evgA, ydeO
73 	 zraR, idnR, evgA, ydeO
74 	 zraR, araC, tdcA, evgA, ydeO
75 	 zraR, idnR, evgA, ydeO
76 	 zraR, melR, araC, evgA, ydeO
77 	 zraR, puuR, yqjI, idnR, nikR, betI, narL, arcA, fnr
78 	 zraR, araC, evgA, ydeO
79 	 zraR, melR, idnR, tdcA, evgA, ydeO
80 	 zraR, idnR, tdcA, evgA, ydeO
81 	 zraR, melR, idnR, evgA, ydeO
82 	 zraR, idnR, evgA, ydeO
83 	 zraR, puuR, melR, yqjI, idnR, tdcA, nikR, betI, narL, arcA, fnr
84 	 zraR, puuR, melR, yqjI, tdcA, nikR, betI, narL, arcA, fnr
85 	 zraR, puuR, yqjI, idnR, tdcA, nikR, betI, narL, arcA, fnr
86 	 zraR, puuR, melR, yqjI, tdcA, nikR, betI, narL, arcA, fnr
87 	 zraR, puuR, melR, yqjI, idnR, nikR, betI, narL, arcA, fnr
88 	 zraR, puuR, yqjI, tdcA, nikR, betI, narL, arcA, fnr
89 	 zraR, puuR, yqjI, idnR, nikR, betI, narL, arcA, fnr
90 	 zraR, puuR, melR, yqjI, nikR, betI, narL, arcA, fnr
91 	 zraR, melR, idnR, tdcA, evgA, ydeO
93 	 zraR, idnR, tdcA, evgA, ydeO
94 	 zraR, melR, tdcA, evgA, ydeO
95 	 zraR, melR, idnR, evgA, ydeO
96 	 zraR, tdcA, evgA, ydeO
97 	 zraR, idnR, evgA, ydeO
98 	 zraR, melR, evgA, ydeO
99 	 zraR, melR, idnR, tdcA, evgA, ydeO
100 	 zraR, evgA, ydeO
101 	 zraR, idnR, tdcA, evgA, ydeO
102 	 zraR, melR, tdcA, evgA, ydeO
103 	 zraR, melR, idnR, evgA, ydeO
104 	 zraR, tdcA, evgA, ydeO
105 	 zraR, idnR, evgA, ydeO
106 	 zraR, melR, evgA, ydeO
107 	 zraR, evgA, ydeO
108 	 zraR, puuR, yqjI, tdcA, nikR, betI, narL, arcA, fnr
109 	 zraR, puuR, melR, yqjI, nikR, betI, narL, arcA, fnr
111 	 zraR, melR, tdcA, evgA, ydeO
112 	 zraR, tdcA, evgA, ydeO
113 	 zraR, puuR, melR, yqjI, tdcA, nikR, betI, narL, arcA, fnr
114 	 zraR, puuR, yqjI, tdcA, nikR, betI, narL, arcA, fnr
115 	 zraR, puuR, melR, yqjI, nikR, betI, narL, arcA, fnr
117 	 zraR, melR, evgA, ydeO
118 	 zraR, evgA, ydeO
119 	 zraR, melR, tdcA, evgA, ydeO
120 	 zraR, tdcA, evgA, ydeO
121 	 zraR, melR, evgA, ydeO
122 	 zraR, evgA, ydeO
123 	 zraR, puuR, melR, yqjI, tdcA, nikR, betI, narL, arcA, fnr
124 	 zraR, puuR, yqjI, tdcA, nikR, betI, narL, arcA, fnr
125 	 zraR, puuR, melR, yqjI, nikR, betI, narL, arcA, fnr
127 	 zraR, puuR, melR, yqjI, tdcA, nikR, betI, narL, arcA, fnr
128 	 zraR, melR, tdcA, evgA, ydeO
129 	 zraR, puuR, yqjI, tdcA, nikR, betI, narL, arcA, fnr
130 	 zraR, tdcA, evgA, ydeO
131 	 zraR, melR, evgA, ydeO
132 	 zraR, evgA, ydeO
133 	 zraR, puuR, melR, yqjI, nikR, betI, narL, arcA, fnr
135 	 zraR, melR, tdcA, evgA, ydeO
136 	 zraR, tdcA, evgA, ydeO
137 	 zraR, melR, evgA, ydeO
138 	 zraR, evgA, ydeO
