1 	 zraR, idnR, rhaS
2 	 zraR, idnR, rhaS
3 	 zraR, idnR, rhaS
4 	 zraR, idnR, rhaS
8 	 zraR, rhaS
9 	 zraR, idnR
10 	 zraR, rhaS
11 	 zraR, idnR, rhaS
12 	 zraR, rhaS
13 	 zraR, idnR, rhaS
14 	 zraR, rhaS
15 	 zraR, idnR
16 	 zraR, idnR, rhaS
17 	 zraR, idnR, rhaS
18 	 zraR, idnR
19 	 zraR, idnR, rhaS
20 	 zraR, idnR
23 	 zraR, idnR, rhaS
24 	 zraR, rhaS
25 	 zraR, idnR
26 	 zraR, rhaS
27 	 zraR, idnR, rhaS
28 	 zraR, rhaS
29 	 zraR, idnR
30 	 zraR, rhaS
31 	 zraR, rhaS
32 	 zraR, rhaS
36 	 zraR, idnR
37 	 zraR, idnR, rhaS
38 	 zraR, idnR
39 	 zraR, idnR
41 	 zraR, idnR
46 	 zraR, rhaS
47 	 zraR, idnR
68 	 zraR, idnR, rhaS
69 	 zraR, idnR, rhaS
70 	 zraR, idnR
71 	 zraR, idnR, rhaS
72 	 zraR, idnR
73 	 zraR, rhaS
74 	 zraR, idnR
75 	 zraR, idnR, rhaS
86 	 zraR, rhaS
87 	 zraR, rhaS
89 	 zraR, idnR
90 	 zraR, rhaS
91 	 zraR, idnR
94 	 zraR, rhaS
