52 	 gadX, gadW, dpiA
53 	 hns, gadX, leuO, ydeO, gadW, mlrA, srlR, zraR, dpiA
86 	 dpiA
87 	 yeiL, dpiA
88 	 idnR, dpiA
89 	 gadX, gadW
90 	 rhaS, dpiA
91 	 yeiL
92 	 dpiA
93 	 gadX, gadW, idnR, dpiA
94 	 zraR, dpiA
95 	 gadX, gadW, dpiA
96 	 idnR, yeiL, dpiA
97 	 gadX, gadW
98 	 gadX, gadW, idnR, dpiA
99 	 gadX, gadW, rhaS, dpiA
100 	 rhaS, dpiA
101 	 gadX, gadW, idnR
102 	 rhaS, zraR, dpiA
103 	 gadX, gadW, yeiL, dpiA
104 	 hns, rcsB, fliZ, bglJ, ydeO, gadW, hdfR, stpA, yjjQ, rhaS, srlR, gutM, adiY, cspA, flhC, yeiL, dpiA
105 	 hns, rcsB, fliZ, bglJ, ydeO, gadW, hdfR, stpA, yjjQ, srlR, gutM, adiY, cspA, flhC, zraR, idnR, dpiA
106 	 hns, gadX, leuO, ydeO, gadW, mlrA, srlR, idnR, yeiL, dpiA
107 	 hns, rcsB, fliZ, bglJ, ydeO, gadW, hdfR, stpA, yjjQ, rhaS, srlR, gutM, adiY, cspA, flhC
108 	 hns, rcsB, fliZ, bglJ, ydeO, gadW, hdfR, stpA, yjjQ, srlR, gutM, adiY, cspA, flhC, zraR, yeiL, dpiA
109 	 hns, rcsB, fliZ, bglJ, ydeO, gadW, hdfR, stpA, yjjQ, rhaS, srlR, gutM, adiY, cspA, flhC, idnR, dpiA
110 	 hns, rcsB, fliZ, bglJ, ydeO, gadW, hdfR, stpA, yjjQ, srlR, gutM, adiY, cspA, flhC, zraR, dpiA
111 	 hns, rcsB, fliZ, bglJ, ydeO, gadW, hdfR, stpA, yjjQ, rhaS, srlR, gutM, adiY, cspA, flhC, yeiL
112 	 hns, rcsB, fliZ, bglJ, ydeO, gadW, hdfR, stpA, yjjQ, srlR, gutM, adiY, cspA, flhC, idnR, dpiA
113 	 hns, rcsB, fliZ, bglJ, ydeO, gadW, hdfR, stpA, yjjQ, srlR, gutM, adiY, cspA, flhC, zraR
114 	 hns, rcsB, fliZ, bglJ, ydeO, gadW, hdfR, stpA, yjjQ, srlR, gutM, adiY, cspA, flhC, zraR, idnR, dpiA
115 	 hns, rcsB, fliZ, bglJ, ydeO, gadW, hdfR, stpA, yjjQ, rhaS, srlR, gutM, adiY, cspA, flhC, idnR, yeiL, dpiA
116 	 hns, rcsB, fliZ, bglJ, ydeO, gadW, hdfR, stpA, yjjQ, rhaS, srlR, gutM, adiY, cspA, flhC, zraR, idnR, dpiA
117 	 hns, rcsB, fliZ, bglJ, ydeO, gadW, hdfR, stpA, yjjQ, srlR, gutM, adiY, cspA, flhC, idnR
118 	 hns, rcsB, fliZ, bglJ, ydeO, gadW, hdfR, stpA, yjjQ, srlR, gutM, adiY, cspA, flhC, zraR, idnR
119 	 hns, rcsB, fliZ, bglJ, ydeO, gadW, hdfR, stpA, yjjQ, srlR, gutM, adiY, cspA, flhC, idnR, yeiL
120 	 hns, rcsB, fliZ, bglJ, ydeO, gadW, hdfR, stpA, yjjQ, srlR, gutM, adiY, cspA, flhC, idnR
121 	 hns, rcsB, fliZ, bglJ, ydeO, gadW, hdfR, stpA, yjjQ, srlR, gutM, adiY, cspA, flhC, zraR, yeiL
122 	 hns, rcsB, fliZ, bglJ, ydeO, gadW, hdfR, stpA, yjjQ, srlR, gutM, adiY, cspA, flhC, zraR, idnR, yeiL, dpiA
123 	 gadX, gadW, yeiL
124 	 hns, rcsB, fliZ, bglJ, ydeO, gadW, hdfR, stpA, yjjQ, srlR, gutM, adiY, cspA, flhC, zraR
125 	 hns, rcsB, fliZ, bglJ, ydeO, gadW, hdfR, stpA, yjjQ, rhaS, srlR, gutM, adiY, cspA, flhC
126 	 hns, rcsB, fliZ, bglJ, ydeO, gadW, hdfR, stpA, yjjQ, rhaS, srlR, gutM, adiY, cspA, flhC, idnR, dpiA
127 	 hns, rcsB, fliZ, bglJ, ydeO, gadW, hdfR, stpA, yjjQ, rhaS, srlR, gutM, adiY, cspA, flhC, zraR, yeiL, dpiA
128 	 hns, rcsB, fliZ, bglJ, ydeO, gadW, hdfR, stpA, yjjQ, srlR, gutM, adiY, cspA, flhC, yeiL, dpiA
129 	 hns, rcsB, fliZ, bglJ, ydeO, gadW, hdfR, stpA, yjjQ, rhaS, srlR, gutM, adiY, cspA, flhC, yeiL, dpiA
130 	 hns, rcsB, fliZ, bglJ, ydeO, gadW, hdfR, stpA, yjjQ, srlR, gutM, adiY, cspA, flhC, zraR, idnR
131 	 hns, rcsB, fliZ, bglJ, ydeO, gadW, hdfR, stpA, yjjQ, rhaS, srlR, gutM, adiY, cspA, flhC, zraR
132 	 hns, rcsB, fliZ, bglJ, ydeO, gadW, hdfR, stpA, yjjQ, srlR, gutM, adiY, cspA, flhC, zraR, idnR, yeiL
133 	 hns, rcsB, fliZ, bglJ, ydeO, gadW, hdfR, stpA, yjjQ, srlR, gutM, adiY, cspA, flhC, idnR, yeiL, dpiA
134 	 hns, rcsB, fliZ, bglJ, ydeO, gadW, hdfR, stpA, yjjQ, srlR, gutM, adiY, cspA, flhC, zraR, yeiL, dpiA
135 	 hns, rcsB, fliZ, bglJ, ydeO, gadW, hdfR, stpA, yjjQ, rhaS, srlR, gutM, adiY, cspA, flhC, idnR
136 	 hns, rcsB, fliZ, bglJ, ydeO, gadW, hdfR, stpA, yjjQ, rhaS, srlR, gutM, adiY, cspA, flhC, zraR, idnR, yeiL, dpiA
137 	 hns, rcsB, fliZ, bglJ, ydeO, gadW, hdfR, stpA, yjjQ, rhaS, srlR, gutM, adiY, cspA, flhC, idnR, yeiL, dpiA
138 	 hns, rcsB, fliZ, bglJ, ydeO, gadW, hdfR, stpA, yjjQ, srlR, gutM, adiY, cspA, flhC, yeiL
139 	 hns, rcsB, fliZ, bglJ, ydeO, gadW, hdfR, stpA, yjjQ, rhaS, srlR, gutM, adiY, cspA, flhC, yeiL
140 	 hns, rcsB, fliZ, bglJ, ydeO, gadW, hdfR, stpA, yjjQ, srlR, gutM, adiY, cspA, flhC, zraR, yeiL
141 	 hns, rcsB, fliZ, bglJ, ydeO, gadW, hdfR, stpA, yjjQ, srlR, gutM, adiY, cspA, flhC, idnR, yeiL
142 	 hns, rcsB, fliZ, bglJ, ydeO, gadW, hdfR, stpA, yjjQ, rhaS, srlR, gutM, adiY, cspA, flhC, zraR, idnR
143 	 hns, rcsB, fliZ, bglJ, ydeO, gadW, hdfR, stpA, yjjQ, rhaS, srlR, gutM, adiY, cspA, flhC, idnR
144 	 hns, rcsB, fliZ, bglJ, ydeO, gadW, hdfR, stpA, yjjQ, rhaS, srlR, gutM, adiY, cspA, flhC, idnR, yeiL
145 	 hns, rcsB, fliZ, bglJ, ydeO, gadW, hdfR, stpA, yjjQ, srlR, gutM, adiY, cspA, flhC, zraR, idnR, yeiL, dpiA
146 	 hns, rcsB, fliZ, bglJ, ydeO, gadW, hdfR, stpA, yjjQ, rhaS, srlR, gutM, adiY, cspA, flhC, zraR, dpiA
147 	 hns, rcsB, fliZ, bglJ, ydeO, gadW, hdfR, stpA, yjjQ, rhaS, srlR, gutM, adiY, cspA, flhC, zraR
148 	 hns, rcsB, fliZ, bglJ, ydeO, gadW, hdfR, stpA, yjjQ, rhaS, srlR, gutM, adiY, cspA, flhC, zraR, yeiL, dpiA
149 	 hns, rcsB, fliZ, bglJ, ydeO, gadW, hdfR, stpA, yjjQ, rhaS, srlR, gutM, adiY, cspA, flhC, zraR, idnR, dpiA
150 	 hns, rcsB, fliZ, bglJ, ydeO, gadW, hdfR, stpA, yjjQ, rhaS, srlR, gutM, adiY, cspA, flhC, zraR, idnR, yeiL, dpiA
151 	 hns, rcsB, fliZ, bglJ, ydeO, gadW, hdfR, stpA, yjjQ, rhaS, srlR, gutM, adiY, cspA, flhC, idnR, yeiL
152 	 hns, rcsB, fliZ, bglJ, ydeO, gadW, hdfR, stpA, yjjQ, rhaS, srlR, gutM, adiY, cspA, flhC, zraR, yeiL
153 	 hns, rcsB, fliZ, bglJ, ydeO, gadW, hdfR, stpA, yjjQ, rhaS, srlR, gutM, adiY, cspA, flhC, zraR, idnR, yeiL
154 	 hns, rcsB, fliZ, bglJ, ydeO, gadW, hdfR, stpA, yjjQ, rhaS, srlR, gutM, adiY, cspA, flhC, zraR, yeiL
155 	 hns, rcsB, fliZ, bglJ, ydeO, gadW, hdfR, stpA, yjjQ, srlR, gutM, adiY, cspA, flhC, zraR, idnR, yeiL
156 	 hns, rcsB, fliZ, bglJ, ydeO, gadW, hdfR, stpA, yjjQ, rhaS, srlR, gutM, adiY, cspA, flhC, zraR, idnR
157 	 hns, rcsB, fliZ, bglJ, ydeO, gadW, hdfR, stpA, yjjQ, rhaS, srlR, gutM, adiY, cspA, flhC, zraR, idnR, yeiL
158 	 hns, gadX, leuO, ydeO, gadW, mlrA, srlR, zraR, dpiA
159 	 hns, gadX, leuO, ydeO, gadW, mlrA, rhaS, srlR, yeiL, dpiA
160 	 hns, rcsB, fliZ, gadX, bglJ, ydeO, gadW, hdfR, stpA, yjjQ, srlR, gutM, adiY, cspA, flhC, zraR, idnR, dpiA
161 	 hns, rcsB, fliZ, gadX, bglJ, ydeO, gadW, hdfR, stpA, yjjQ, srlR, gutM, adiY, cspA, flhC, yeiL, dpiA
162 	 hns, gadX, leuO, ydeO, gadW, mlrA, rhaS, srlR, zraR, dpiA
163 	 hns, gadX, leuO, ydeO, gadW, mlrA, srlR, idnR, yeiL, dpiA
164 	 hns, gadX, leuO, ydeO, gadW, mlrA, srlR, zraR
165 	 hns, gadX, leuO, ydeO, gadW, mlrA, rhaS, srlR, dpiA
166 	 hns, gadX, leuO, ydeO, gadW, mlrA, srlR, zraR, idnR
167 	 hns, gadX, leuO, ydeO, gadW, mlrA, rhaS, srlR, zraR, dpiA
168 	 hns, gadX, leuO, ydeO, gadW, mlrA, srlR, idnR, yeiL
169 	 hns, gadX, leuO, ydeO, gadW, mlrA, rhaS, srlR, yeiL, dpiA
170 	 hns, rcsB, fliZ, gadX, bglJ, ydeO, gadW, hdfR, stpA, yjjQ, srlR, gutM, adiY, cspA, flhC, zraR, yeiL, dpiA
171 	 hns, rcsB, fliZ, gadX, bglJ, ydeO, gadW, hdfR, stpA, yjjQ, rhaS, srlR, gutM, adiY, cspA, flhC, zraR, yeiL, dpiA
172 	 hns, rcsB, fliZ, gadX, bglJ, ydeO, gadW, hdfR, stpA, yjjQ, rhaS, srlR, gutM, adiY, cspA, flhC
173 	 hns, gadX, leuO, ydeO, gadW, mlrA, srlR, zraR, yeiL, dpiA
174 	 hns, gadX, leuO, ydeO, gadW, mlrA, rhaS, srlR
175 	 hns, rcsB, fliZ, gadX, bglJ, ydeO, gadW, hdfR, stpA, yjjQ, rhaS, srlR, gutM, adiY, cspA, flhC, zraR, yeiL, dpiA
176 	 hns, rcsB, fliZ, gadX, bglJ, ydeO, gadW, hdfR, stpA, yjjQ, rhaS, srlR, gutM, adiY, cspA, flhC, idnR, dpiA
177 	 hns, rcsB, fliZ, gadX, bglJ, ydeO, gadW, hdfR, stpA, yjjQ, rhaS, srlR, gutM, adiY, cspA, flhC, zraR
178 	 hns, rcsB, fliZ, gadX, bglJ, ydeO, gadW, hdfR, stpA, yjjQ, rhaS, srlR, gutM, adiY, cspA, flhC, idnR, dpiA
179 	 hns, gadX, leuO, ydeO, gadW, mlrA, srlR, zraR
180 	 hns, gadX, leuO, ydeO, gadW, mlrA, srlR, zraR, idnR, dpiA
181 	 hns, rcsB, fliZ, gadX, bglJ, ydeO, gadW, hdfR, stpA, yjjQ, rhaS, srlR, gutM, adiY, cspA, flhC, zraR
182 	 hns, rcsB, fliZ, gadX, bglJ, ydeO, gadW, hdfR, stpA, yjjQ, rhaS, srlR, gutM, adiY, cspA, flhC, zraR, idnR, dpiA
183 	 hns, gadX, leuO, ydeO, gadW, mlrA, srlR, yeiL
184 	 hns, gadX, leuO, ydeO, gadW, mlrA, rhaS, srlR, zraR, idnR, dpiA
185 	 hns, rcsB, fliZ, gadX, bglJ, ydeO, gadW, hdfR, stpA, yjjQ, srlR, gutM, adiY, cspA, flhC, zraR, yeiL
186 	 hns, rcsB, fliZ, gadX, bglJ, ydeO, gadW, hdfR, stpA, yjjQ, rhaS, srlR, gutM, adiY, cspA, flhC, idnR, yeiL, dpiA
187 	 hns, gadX, leuO, ydeO, gadW, mlrA, srlR, zraR, yeiL
188 	 hns, gadX, leuO, ydeO, gadW, mlrA, srlR, zraR, idnR, yeiL, dpiA
189 	 hns, rcsB, fliZ, gadX, bglJ, ydeO, gadW, hdfR, stpA, yjjQ, rhaS, srlR, gutM, adiY, cspA, flhC, yeiL
190 	 hns, rcsB, fliZ, gadX, bglJ, ydeO, gadW, hdfR, stpA, yjjQ, srlR, gutM, adiY, cspA, flhC, zraR, idnR, yeiL, dpiA
191 	 hns, gadX, leuO, ydeO, gadW, mlrA, rhaS, srlR, zraR, yeiL
192 	 hns, gadX, leuO, ydeO, gadW, mlrA, rhaS, srlR, idnR, yeiL, dpiA
193 	 hns, rcsB, fliZ, gadX, bglJ, ydeO, gadW, hdfR, stpA, yjjQ, rhaS, srlR, gutM, adiY, cspA, flhC, yeiL
194 	 hns, rcsB, fliZ, gadX, bglJ, ydeO, gadW, hdfR, stpA, yjjQ, rhaS, srlR, gutM, adiY, cspA, flhC, zraR, idnR, yeiL, dpiA
195 	 hns, gadX, leuO, ydeO, gadW, mlrA, rhaS, srlR, zraR, yeiL
196 	 hns, gadX, leuO, ydeO, gadW, mlrA, rhaS, srlR, zraR, idnR, yeiL, dpiA
197 	 hns, rcsB, fliZ, gadX, bglJ, ydeO, gadW, hdfR, stpA, yjjQ, rhaS, srlR, gutM, adiY, cspA, flhC, idnR
198 	 hns, rcsB, fliZ, gadX, bglJ, ydeO, gadW, hdfR, stpA, yjjQ, srlR, gutM, adiY, cspA, flhC, idnR
199 	 hns, rcsB, fliZ, gadX, bglJ, ydeO, gadW, hdfR, stpA, yjjQ, rhaS, srlR, gutM, adiY, cspA, flhC, idnR
200 	 hns, rcsB, fliZ, gadX, bglJ, ydeO, gadW, hdfR, stpA, yjjQ, srlR, gutM, adiY, cspA, flhC, zraR, idnR
201 	 hns, rcsB, fliZ, gadX, bglJ, ydeO, gadW, hdfR, stpA, yjjQ, rhaS, srlR, gutM, adiY, cspA, flhC, zraR, idnR
202 	 hns, rcsB, fliZ, gadX, bglJ, ydeO, gadW, hdfR, stpA, yjjQ, rhaS, srlR, gutM, adiY, cspA, flhC, zraR, idnR
203 	 hns, rcsB, fliZ, gadX, bglJ, ydeO, gadW, hdfR, stpA, yjjQ, srlR, gutM, adiY, cspA, flhC, idnR, yeiL
204 	 hns, rcsB, fliZ, gadX, bglJ, ydeO, gadW, hdfR, stpA, yjjQ, srlR, gutM, adiY, cspA, flhC, zraR, idnR, yeiL
205 	 hns, gadX, leuO, ydeO, gadW, mlrA, rhaS, srlR, idnR, yeiL
206 	 hns, gadX, leuO, ydeO, gadW, mlrA, srlR, zraR, idnR, yeiL
207 	 hns, gadX, leuO, ydeO, gadW, mlrA, rhaS, srlR, zraR, idnR, yeiL
208 	 hns, gadX, leuO, ydeO, gadW, mlrA, rhaS, srlR, idnR, yeiL
209 	 hns, gadX, leuO, ydeO, gadW, mlrA, rhaS, srlR, zraR, idnR, yeiL
