238 	 zraR, cadC, nhaR, yeiL
695 	 zraR, cadC, nhaR
759 	 zraR, cadC, nhaR, yeiL
823 	 zraR, cadC, nhaR, yeiL
824 	 zraR, yqjI, nhaR, yeiL, nikR, betI, narL, arcA, fnr
825 	 zraR, cadC, yqjI, nhaR, yeiL, nikR, betI, rhaR, rhaS, narL, arcA, fnr
826 	 zraR, cadC, yqjI, nhaR, yeiL, dpiA, nikR, narL, arcA
827 	 zraR, cadC, nhaR, yeiL, nikR, betI, fnr
828 	 zraR, cadC, nhaR
829 	 zraR, cadC, yqjI, nhaR, dpiA, nikR, narL, arcA
830 	 zraR, cadC, yqjI, yeiL, nikR, betI, narL, arcA, fnr
831 	 zraR, cadC, nhaR, yeiL
832 	 zraR, cadC, fucR, nhaR, yeiL, nikR, betI, fnr
833 	 zraR, yqjI, yeiL, dpiA, nikR, narL, arcA
841 	 zraR, cadC, fucR, nhaR, yeiL
842 	 zraR, nhaR, yeiL
843 	 zraR, cadC, yqjI, nhaR, yeiL, dpiA, nikR, narL, arcA
844 	 zraR, cadC, fucR, yeiL, nikR, betI, fnr
845 	 zraR, cadC, yqjI, fucR, nhaR, yeiL, dpiA, nikR, narL, arcA
846 	 zraR, cadC, yeiL
847 	 zraR, cadC, yeiL
848 	 zraR, yqjI, nhaR, yeiL, nikR, betI, narL, arcA, fnr
849 	 zraR, cadC, fucR, yeiL
850 	 zraR, yqjI, yeiL, nikR, betI, narL, arcA, fnr
851 	 zraR, yqjI, nhaR, yeiL, nikR, betI, narL, arcA, fnr
852 	 zraR, yqjI, fucR, nhaR, yeiL, nikR, betI, narL, arcA, fnr
853 	 zraR, cadC, yqjI, nhaR, yeiL, nikR, betI, narL, arcA, fnr
854 	 zraR, yqjI, fucR, nhaR, yeiL, nikR, betI, narL, arcA, fnr
855 	 zraR, yqjI, nhaR, yeiL, nikR, betI, narL, arcA, fnr
856 	 zraR, cadC, yqjI, yeiL, nikR, betI, narL, arcA, fnr
857 	 zraR, yqjI, fucR, yeiL, nikR, betI, narL, arcA, fnr
858 	 zraR, yqjI, yeiL, nikR, betI, narL, arcA, fnr
859 	 zraR, yqjI, yeiL, nikR, betI, narL, arcA, fnr
860 	 zraR, yqjI, fucR, yeiL, nikR, betI, narL, arcA, fnr
861 	 zraR, cadC, yqjI, yeiL, nikR, betI, narL, arcA, fnr
862 	 zraR, yqjI, yeiL, nikR, betI, narL, arcA, fnr
863 	 zraR, cadC, yqjI, fucR, nhaR, yeiL, nikR, betI, narL, arcA, fnr
864 	 zraR, yqjI, fucR, nhaR, yeiL, nikR, betI, narL, arcA, fnr
865 	 zraR, fucR, nhaR, yeiL, nikR, betI, fnr
866 	 zraR, cadC, fucR, yeiL, nikR, betI, fnr
867 	 zraR, cadC, fucR, yeiL, nikR, betI, fnr
868 	 zraR, fucR, yeiL, nikR, betI, fnr
869 	 zraR, fucR, yeiL, nikR, betI, fnr
870 	 zraR, cadC, fucR, nhaR, yeiL, nikR, betI, fnr
871 	 zraR, fucR, nhaR, yeiL, nikR, betI, fnr
872 	 zraR, cadC, fucR, yeiL, nikR, betI, fnr
873 	 zraR, fucR, yeiL, nikR, betI, fnr
874 	 zraR, cadC, nhaR, yeiL, nikR, betI, rhaR, rhaS, fnr
875 	 zraR, nhaR, yeiL, nikR, betI, rhaR, rhaS, fnr
876 	 zraR, nhaR, yeiL, nikR, betI, rhaR, rhaS, fnr
877 	 zraR, cadC, yeiL, nikR, betI, rhaR, rhaS, fnr
878 	 zraR, yeiL, nikR, betI, rhaR, rhaS, fnr
879 	 zraR, cadC, yeiL, nikR, betI, rhaR, rhaS, fnr
880 	 zraR, yeiL, nikR, betI, rhaR, rhaS, fnr
881 	 zraR, cadC, nhaR, yeiL, nikR, betI, rhaR, rhaS, fnr
882 	 zraR, cadC, nhaR, yeiL, nikR, betI, rhaR, rhaS, fnr
883 	 zraR, nhaR, yeiL, nikR, betI, rhaR, rhaS, fnr
884 	 zraR, nhaR, yeiL, nikR, betI, rhaR, rhaS, fnr
885 	 zraR, cadC, yeiL, nikR, betI, rhaR, rhaS, fnr
886 	 zraR, cadC, nhaR, yeiL, nikR, betI, rhaR, rhaS, fnr
887 	 zraR, yeiL, nikR, betI, rhaR, rhaS, fnr
888 	 zraR, cadC, yeiL, nikR, betI, rhaR, rhaS, fnr
889 	 zraR, yeiL, nikR, betI, rhaR, rhaS, fnr
890 	 zraR, nhaR, yeiL, nikR, betI, rhaR, rhaS, fnr
891 	 zraR, cadC, yeiL, nikR, betI, rhaR, rhaS, fnr
892 	 zraR, yeiL, nikR, betI, rhaR, rhaS, fnr
893 	 zraR, cadC, fucR, nhaR, yeiL, nikR, betI, rhaR, rhaS, fnr
894 	 zraR, fucR, nhaR, yeiL, nikR, betI, rhaR, rhaS, fnr
895 	 zraR, cadC, fucR, nhaR, yeiL, nikR, betI, rhaR, rhaS, fnr
896 	 zraR, fucR, nhaR, yeiL, nikR, betI, rhaR, rhaS, fnr
897 	 zraR, cadC, fucR, yeiL, nikR, betI, rhaR, rhaS, fnr
898 	 zraR, cadC, fucR, yeiL, nikR, betI, rhaR, rhaS, fnr
899 	 zraR, fucR, yeiL, nikR, betI, rhaR, rhaS, fnr
900 	 zraR, fucR, yeiL, nikR, betI, rhaR, rhaS, fnr
901 	 zraR, cadC, fucR, nhaR, yeiL, nikR, betI, rhaR, rhaS, fnr
902 	 zraR, fucR, nhaR, yeiL, nikR, betI, rhaR, rhaS, fnr
903 	 zraR, cadC, fucR, nhaR, yeiL, nikR, betI, rhaR, rhaS, fnr
904 	 zraR, fucR, nhaR, yeiL, nikR, betI, rhaR, rhaS, fnr
905 	 zraR, cadC, fucR, yeiL, nikR, betI, rhaR, rhaS, fnr
906 	 zraR, cadC, fucR, yeiL, nikR, betI, rhaR, rhaS, fnr
907 	 zraR, fucR, yeiL, nikR, betI, rhaR, rhaS, fnr
908 	 zraR, fucR, yeiL, nikR, betI, rhaR, rhaS, fnr
909 	 zraR, cadC, fucR, nhaR, yeiL, nikR, betI, rhaR, rhaS, fnr
910 	 zraR, fucR, nhaR, yeiL, nikR, betI, rhaR, rhaS, fnr
911 	 zraR, cadC, fucR, yeiL, nikR, betI, rhaR, rhaS, fnr
912 	 zraR, fucR, yeiL, nikR, betI, rhaR, rhaS, fnr
913 	 zraR, cadC, nhaR, yeiL, nikR, betI, fnr
915 	 zraR, nhaR, yeiL, nikR, betI, fnr
916 	 zraR, nhaR, yeiL, nikR, betI, fnr
917 	 zraR, cadC, yeiL, nikR, betI, fnr
918 	 zraR, cadC, yeiL, nikR, betI, fnr
920 	 zraR, yeiL, nikR, betI, fnr
921 	 zraR, yeiL, nikR, betI, fnr
922 	 zraR, cadC, nhaR, yeiL, nikR, betI, fnr
923 	 zraR, cadC, nhaR, yeiL, nikR, betI, fnr
924 	 zraR, nhaR, yeiL, nikR, betI, fnr
925 	 zraR, nhaR, yeiL, nikR, betI, fnr
926 	 zraR, cadC, yeiL, nikR, betI, fnr
927 	 zraR, yeiL, nikR, betI, fnr
928 	 zraR, cadC, yeiL, nikR, betI, fnr
929 	 zraR, yeiL, nikR, betI, fnr
930 	 zraR, cadC, nhaR, yeiL, nikR, betI, fnr
931 	 zraR, nhaR, yeiL, nikR, betI, fnr
932 	 zraR, cadC, yeiL, nikR, betI, fnr
933 	 zraR, yeiL, nikR, betI, fnr
934 	 zraR, cadC, fucR, nhaR, yeiL, nikR, betI, fnr
935 	 zraR, cadC, fucR, nhaR, yeiL, nikR, betI, fnr
936 	 zraR, fucR, nhaR, yeiL, nikR, betI, fnr
937 	 zraR, fucR, nhaR, yeiL, nikR, betI, fnr
938 	 zraR, cadC, fucR, yeiL, nikR, betI, fnr
940 	 zraR, fucR, yeiL, nikR, betI, fnr
941 	 zraR, cadC, fucR, yeiL, nikR, betI, fnr
942 	 zraR, fucR, yeiL, nikR, betI, fnr
943 	 zraR, cadC, fucR, nhaR, yeiL, nikR, betI, fnr
944 	 zraR, cadC, fucR, nhaR, yeiL, nikR, betI, fnr
945 	 zraR, fucR, nhaR, yeiL, nikR, betI, fnr
946 	 zraR, fucR, nhaR, yeiL, nikR, betI, fnr
947 	 zraR, cadC, fucR, yeiL, nikR, betI, fnr
948 	 zraR, fucR, yeiL, nikR, betI, fnr
950 	 zraR, cadC, fucR, yeiL, nikR, betI, fnr
951 	 zraR, fucR, yeiL, nikR, betI, fnr
952 	 zraR, cadC, fucR, nhaR, yeiL, nikR, betI, fnr
953 	 zraR, fucR, nhaR, yeiL, nikR, betI, fnr
955 	 zraR, cadC, fucR, yeiL, nikR, betI, fnr
956 	 zraR, fucR, yeiL, nikR, betI, fnr
957 	 zraR, cadC, nhaR, yeiL, nikR, betI, rhaR, rhaS, fnr
958 	 zraR, nhaR, yeiL, nikR, betI, rhaR, rhaS, fnr
959 	 zraR, cadC, nhaR, yeiL, nikR, betI, rhaR, rhaS, fnr
960 	 zraR, nhaR, yeiL, nikR, betI, rhaR, rhaS, fnr
961 	 zraR, cadC, yeiL, nikR, betI, rhaR, rhaS, fnr
962 	 zraR, yeiL, nikR, betI, rhaR, rhaS, fnr
963 	 zraR, cadC, yeiL, nikR, betI, rhaR, rhaS, fnr
964 	 zraR, yeiL, nikR, betI, rhaR, rhaS, fnr
965 	 zraR, cadC, nhaR, yeiL, nikR, betI, rhaR, rhaS, fnr
966 	 zraR, cadC, nhaR, yeiL, nikR, betI, rhaR, rhaS, fnr
967 	 zraR, nhaR, yeiL, nikR, betI, rhaR, rhaS, fnr
968 	 zraR, nhaR, yeiL, nikR, betI, rhaR, rhaS, fnr
969 	 zraR, cadC, yeiL, nikR, betI, rhaR, rhaS, fnr
970 	 zraR, cadC, yeiL, nikR, betI, rhaR, rhaS, fnr
971 	 zraR, yeiL, nikR, betI, rhaR, rhaS, fnr
972 	 zraR, yeiL
973 	 zraR, yeiL, nikR, betI, rhaR, rhaS, fnr
974 	 zraR, cadC, nhaR, yeiL, nikR, betI, rhaR, rhaS, fnr
975 	 zraR, nhaR, yeiL, nikR, betI, rhaR, rhaS, fnr
976 	 zraR, cadC, yeiL, nikR, betI, rhaR, rhaS, fnr
977 	 zraR, yeiL, nikR, betI, rhaR, rhaS, fnr
978 	 zraR, cadC, fucR, nhaR, yeiL, nikR, betI, rhaR, rhaS, fnr
979 	 zraR, cadC, fucR, nhaR, yeiL, nikR, betI, rhaR, rhaS, fnr
980 	 zraR, fucR, nhaR, yeiL, nikR, betI, rhaR, rhaS, fnr
982 	 zraR, fucR, nhaR, yeiL, nikR, betI, rhaR, rhaS, fnr
983 	 zraR, cadC, fucR, yeiL, nikR, betI, rhaR, rhaS, fnr
984 	 zraR, fucR, yeiL, nikR, betI, rhaR, rhaS, fnr
985 	 zraR, cadC, fucR, yeiL, nikR, betI, rhaR, rhaS, fnr
987 	 zraR, fucR, yeiL, nikR, betI, rhaR, rhaS, fnr
988 	 zraR, cadC, fucR, nhaR, yeiL, nikR, betI, rhaR, rhaS, fnr
989 	 zraR, cadC, fucR, nhaR, yeiL, nikR, betI, rhaR, rhaS, fnr
990 	 zraR, fucR, nhaR, yeiL, nikR, betI, rhaR, rhaS, fnr
991 	 zraR, fucR, nhaR, yeiL, nikR, betI, rhaR, rhaS, fnr
992 	 zraR, cadC, fucR, yeiL, nikR, betI, rhaR, rhaS, fnr
993 	 zraR, cadC, fucR, yeiL, nikR, betI, rhaR, rhaS, fnr
994 	 zraR, fucR, yeiL, nikR, betI, rhaR, rhaS, fnr
995 	 zraR, fucR, yeiL, nikR, betI, rhaR, rhaS, fnr
996 	 zraR, cadC, fucR, nhaR, yeiL, nikR, betI, rhaR, rhaS, fnr
997 	 zraR, fucR, nhaR, yeiL, nikR, betI, rhaR, rhaS, fnr
998 	 zraR, cadC, fucR, yeiL, nikR, betI, rhaR, rhaS, fnr
999 	 zraR, fucR, yeiL, nikR, betI, rhaR, rhaS, fnr
1001 	 zraR, nhaR, nikR, betI, fnr
1111 	 zraR, yqjI, nhaR, yeiL, nikR, betI, narL, arcA, fnr
1197 	 zraR, cadC, nhaR
1213 	 zraR, cadC, nhaR, yeiL
1222 	 zraR, cadC, yqjI, nhaR, yeiL, nikR, betI, narL, arcA, fnr
1224 	 zraR, cadC, yqjI, nhaR, dpiA, nikR, narL, arcA
1225 	 zraR, cadC, nhaR
1226 	 zraR, cadC, fucR, nhaR, nikR, betI, fnr
1227 	 zraR, cadC, nikR, betI, fnr
1228 	 zraR, cadC, nhaR, nikR, betI, fnr
1229 	 zraR, cadC, yqjI, nhaR, nikR, betI, rhaR, rhaS, narL, arcA, fnr
1230 	 zraR, cadC, nhaR, nikR, betI, fnr
1231 	 zraR, cadC, yqjI, nhaR, nikR, betI, rhaR, rhaS, narL, arcA, fnr
1232 	 zraR, cadC, fucR, nhaR, nikR, betI, fnr
1233 	 zraR, cadC, yqjI, nhaR, yeiL, nikR, betI, rhaR, rhaS, narL, arcA, fnr
1234 	 zraR, nhaR, nikR, betI, fnr
1235 	 zraR, cadC, yqjI, nhaR, nikR, betI, narL, arcA, fnr
1236 	 zraR, cadC, fucR, nhaR, yeiL, nikR, betI, fnr
1237 	 zraR, cadC, yqjI, nikR, betI, narL, arcA, fnr
1238 	 zraR, cadC, nhaR, yeiL, nikR, betI, fnr
1239 	 zraR, yqjI, nhaR, nikR, betI, narL, arcA, fnr
1240 	 zraR, cadC, fucR, nhaR, nikR, betI, fnr
1241 	 zraR, yqjI, nhaR, yeiL, nikR, betI, narL, arcA, fnr
1242 	 zraR, cadC, nhaR, nikR, betI, rhaR, rhaS, fnr
1243 	 zraR, cadC, yqjI, nhaR, nikR, betI, narL, arcA, fnr
1244 	 zraR, cadC, nhaR, yeiL, nikR, betI, rhaR, rhaS, fnr
1245 	 zraR, cadC, yqjI, nhaR, nikR, betI, narL, arcA, fnr
1246 	 zraR, cadC, fucR, nhaR, yeiL, nikR, betI, fnr
1247 	 zraR, cadC, yqjI, nhaR, nikR, betI, narL, arcA, fnr
1248 	 zraR, nhaR, nikR, betI, fnr
1249 	 zraR, cadC, yqjI, fucR, nhaR, nikR, betI, narL, arcA, fnr
1250 	 zraR, cadC, nhaR, yeiL, nikR, betI, fnr
1251 	 zraR, cadC, yqjI, nhaR, nikR, betI, rhaR, rhaS, narL, arcA, fnr
1252 	 zraR, cadC, nhaR, nikR, betI, fnr
1253 	 zraR, cadC, yqjI, yeiL, nikR, betI, narL, arcA, fnr
1254 	 zraR, cadC, yqjI, fucR, nhaR, nikR, betI, rhaR, rhaS, narL, arcA, fnr
1255 	 zraR, nhaR, nikR, betI, rhaR, rhaS, fnr
1256 	 zraR, cadC, yqjI, nhaR, nikR, betI, rhaR, rhaS, narL, arcA, fnr
1257 	 zraR, nhaR, nikR, betI, rhaR, rhaS, fnr
1258 	 zraR, cadC, yqjI, nikR, betI, narL, arcA, fnr
1259 	 zraR, nhaR, yeiL, nikR, betI, rhaR, rhaS, fnr
1260 	 zraR, cadC, yqjI, nhaR, nikR, betI, rhaR, rhaS, narL, arcA, fnr
1261 	 zraR, cadC, fucR, nhaR, nikR, betI, rhaR, rhaS, fnr
1262 	 zraR, cadC, yqjI, yeiL, nikR, betI, narL, arcA, fnr
1263 	 zraR, cadC, nhaR, yeiL, nikR, betI, rhaR, rhaS, fnr
1264 	 zraR, yqjI, nhaR, nikR, betI, rhaR, rhaS, narL, arcA, fnr
1265 	 zraR, cadC, fucR, nhaR, yeiL, nikR, betI, rhaR, rhaS, fnr
1266 	 zraR, yqjI, nhaR, yeiL, nikR, betI, rhaR, rhaS, narL, arcA, fnr
1267 	 zraR, cadC, nhaR, yeiL, nikR, betI, fnr
1268 	 zraR, cadC, yqjI, nhaR, nikR, betI, rhaR, rhaS, narL, arcA, fnr
1269 	 zraR, cadC, fucR, nhaR, nikR, betI, rhaR, rhaS, fnr
1270 	 zraR, cadC, yqjI, nikR, betI, narL, arcA, fnr
1271 	 zraR, cadC, nhaR, yeiL, nikR, betI, rhaR, rhaS, fnr
1272 	 zraR, cadC, yqjI, nikR, betI, rhaR, rhaS, narL, arcA, fnr
1273 	 zraR, nhaR, nikR, betI, rhaR, rhaS, fnr
1274 	 zraR, cadC, yqjI, nikR, betI, rhaR, rhaS, narL, arcA, fnr
1275 	 zraR, cadC, nhaR, nikR, betI, fnr
1276 	 zraR, cadC, yqjI, nhaR, nikR, betI, rhaR, rhaS, narL, arcA, fnr
1277 	 zraR, cadC, nhaR, nikR, betI, rhaR, rhaS, fnr
1278 	 zraR, cadC, yqjI, fucR, nhaR, yeiL, nikR, betI, rhaR, rhaS, narL, arcA, fnr
1279 	 zraR, nhaR, nikR, betI, fnr
1280 	 zraR, cadC, yqjI, yeiL, nikR, betI, rhaR, rhaS, narL, arcA, fnr
1281 	 zraR, cadC, nhaR, nikR, betI, rhaR, rhaS, fnr
1282 	 zraR, cadC, yqjI, nikR, betI, rhaR, rhaS, narL, arcA, fnr
1283 	 zraR, cadC, fucR, nhaR, nikR, betI, rhaR, rhaS, fnr
1284 	 zraR, cadC, yqjI, yeiL, nikR, betI, rhaR, rhaS, narL, arcA, fnr
1285 	 zraR, nhaR, nikR, betI, fnr
1286 	 zraR, cadC, yqjI, nikR, betI, rhaR, rhaS, narL, arcA, fnr
1287 	 zraR, yqjI, fucR, nhaR, nikR, betI, narL, arcA, fnr
1288 	 zraR, cadC, nikR, betI, fnr
1289 	 zraR, yqjI, nhaR, yeiL, nikR, betI, narL, arcA, fnr
1290 	 zraR, cadC, fucR, nikR, betI, fnr
1291 	 zraR, yqjI, nhaR, nikR, betI, narL, arcA, fnr
1294 	 zraR, cadC, yqjI, nhaR, nikR, betI, rhaR, rhaS, narL, arcA, fnr
1295 	 zraR, nhaR, yeiL, nikR, betI, fnr
1297 	 zraR, cadC, nhaR, yeiL, nikR, betI, rhaR, rhaS, fnr
1298 	 zraR, cadC, yqjI, fucR, nikR, betI, narL, arcA, fnr
1299 	 zraR, fucR, nhaR, nikR, betI, fnr
1300 	 zraR, cadC, yqjI, nhaR, nikR, betI, rhaR, rhaS, narL, arcA, fnr
1301 	 zraR, cadC, fucR, nhaR, nikR, betI, fnr
1302 	 zraR, cadC, yqjI, nhaR, yeiL, nikR, betI, rhaR, rhaS, narL, arcA, fnr
1303 	 zraR, nhaR, nikR, betI, fnr
1304 	 zraR, cadC, yqjI, nhaR, nikR, betI, rhaR, rhaS, narL, arcA, fnr
1305 	 zraR, cadC, fucR, nhaR, nikR, betI, fnr
1306 	 zraR, cadC, yqjI, nhaR, yeiL, nikR, betI, rhaR, rhaS, narL, arcA, fnr
1307 	 zraR, fucR, nhaR, yeiL, nikR, betI, fnr
1308 	 zraR, cadC, yqjI, nhaR, nikR, betI, rhaR, rhaS, narL, arcA, fnr
1309 	 zraR, cadC, fucR, nhaR, yeiL, nikR, betI, fnr
1310 	 zraR, cadC, nikR, betI, fnr
1311 	 zraR, cadC, yqjI, nhaR, nikR, betI, narL, arcA, fnr
1312 	 zraR, cadC, fucR, nhaR, nikR, betI, fnr
1313 	 zraR, cadC, yqjI, nhaR, nikR, betI, narL, arcA, fnr
1314 	 zraR, cadC, fucR, nhaR, nikR, betI, fnr
1315 	 zraR, cadC, yqjI, nhaR, nikR, betI, narL, arcA, fnr
1316 	 zraR, cadC, fucR, nhaR, nikR, betI, fnr
1317 	 zraR, cadC, yqjI, nhaR, yeiL, nikR, betI, narL, arcA, fnr
1318 	 zraR, cadC, fucR, nhaR, yeiL, nikR, betI, fnr
1319 	 zraR, cadC, yqjI, nhaR, nikR, betI, narL, arcA, fnr
1320 	 zraR, cadC, fucR, nhaR, nikR, betI, fnr
1321 	 zraR, cadC, yqjI, nhaR, yeiL, nikR, betI, narL, arcA, fnr
1322 	 zraR, cadC, fucR, nhaR, yeiL, nikR, betI, fnr
1323 	 zraR, cadC, yqjI, nhaR, nikR, betI, narL, arcA, fnr
1324 	 zraR, cadC, fucR, nhaR, nikR, betI, fnr
1325 	 zraR, cadC, yqjI, nhaR, yeiL, nikR, betI, narL, arcA, fnr
1326 	 zraR, cadC, fucR, nhaR, yeiL, nikR, betI, fnr
1327 	 zraR, cadC, yqjI, nhaR, nikR, betI, narL, arcA, fnr
1328 	 zraR, cadC, fucR, nhaR, nikR, betI, fnr
1329 	 zraR, cadC, yqjI, nhaR, nikR, betI, rhaR, rhaS, narL, arcA, fnr
1330 	 zraR, cadC, fucR, nhaR, nikR, betI, rhaR, rhaS, fnr
1331 	 zraR, cadC, yqjI, nhaR, nikR, betI, rhaR, rhaS, narL, arcA, fnr
1332 	 zraR, cadC, fucR, nhaR, nikR, betI, rhaR, rhaS, fnr
1333 	 zraR, cadC, yqjI, nhaR, nikR, betI, rhaR, rhaS, narL, arcA, fnr
1334 	 zraR, cadC, fucR, nhaR, nikR, betI, rhaR, rhaS, fnr
1335 	 zraR, cadC, yqjI, nhaR, yeiL, nikR, betI, rhaR, rhaS, narL, arcA, fnr
1336 	 zraR, cadC, fucR, nhaR, yeiL, nikR, betI, rhaR, rhaS, fnr
1337 	 zraR, cadC, yqjI, nhaR, nikR, betI, rhaR, rhaS, narL, arcA, fnr
1338 	 zraR, cadC, fucR, nhaR, nikR, betI, rhaR, rhaS, fnr
1339 	 zraR, cadC, yqjI, nhaR, yeiL, nikR, betI, rhaR, rhaS, narL, arcA, fnr
1340 	 zraR, cadC, fucR, nhaR, yeiL, nikR, betI, rhaR, rhaS, fnr
1341 	 zraR, cadC, yqjI, nhaR, nikR, betI, rhaR, rhaS, narL, arcA, fnr
1342 	 zraR, cadC, fucR, nhaR, nikR, betI, rhaR, rhaS, fnr
1343 	 zraR, cadC, yqjI, nhaR, yeiL, nikR, betI, rhaR, rhaS, narL, arcA, fnr
1344 	 zraR, cadC, fucR, nhaR, yeiL, nikR, betI, rhaR, rhaS, fnr
1345 	 zraR, cadC, yqjI, nhaR, nikR, betI, rhaR, rhaS, narL, arcA, fnr
1346 	 zraR, cadC, fucR, nhaR, nikR, betI, rhaR, rhaS, fnr
1347 	 zraR, nhaR, nikR, betI, fnr
1348 	 zraR, cadC, nikR, betI, fnr
1349 	 zraR, yqjI, nhaR, nikR, betI, narL, arcA, fnr
1350 	 zraR, cadC, nikR, betI, fnr
1351 	 zraR, yqjI, nhaR, nikR, betI, narL, arcA, fnr
1352 	 zraR, cadC, yeiL, nikR, betI, fnr
1353 	 zraR, yqjI, nhaR, yeiL, nikR, betI, narL, arcA, fnr
1354 	 zraR, cadC, nikR, betI, fnr
1355 	 zraR, yqjI, nhaR, nikR, betI, narL, arcA, fnr
1356 	 zraR, cadC, yeiL, nikR, betI, fnr
1357 	 zraR, yqjI, nhaR, yeiL, nikR, betI, narL, arcA, fnr
1358 	 zraR, cadC, nikR, betI, fnr
1359 	 zraR, yqjI, nhaR, nikR, betI, narL, arcA, fnr
1360 	 zraR, cadC, yeiL, nikR, betI, fnr
1361 	 zraR, yqjI, nhaR, yeiL, nikR, betI, narL, arcA, fnr
1362 	 zraR, cadC, nikR, betI, fnr
1363 	 zraR, yqjI, nhaR, nikR, betI, narL, arcA, fnr
1364 	 zraR, cadC, nikR, betI, rhaR, rhaS, fnr
1365 	 zraR, yqjI, nhaR, nikR, betI, rhaR, rhaS, narL, arcA, fnr
1366 	 zraR, cadC, nikR, betI, rhaR, rhaS, fnr
1367 	 zraR, yqjI, nhaR, nikR, betI, rhaR, rhaS, narL, arcA, fnr
1368 	 zraR, cadC, nikR, betI, rhaR, rhaS, fnr
1369 	 zraR, yqjI, nhaR, nikR, betI, rhaR, rhaS, narL, arcA, fnr
1370 	 zraR, cadC, yeiL, nikR, betI, rhaR, rhaS, fnr
1371 	 zraR, yqjI, nhaR, yeiL, nikR, betI, rhaR, rhaS, narL, arcA, fnr
1372 	 zraR, cadC, nikR, betI, rhaR, rhaS, fnr
1373 	 zraR, yqjI, nhaR, nikR, betI, rhaR, rhaS, narL, arcA, fnr
1374 	 zraR, cadC, yeiL, nikR, betI, rhaR, rhaS, fnr
1375 	 zraR, yqjI, nhaR, yeiL, nikR, betI, rhaR, rhaS, narL, arcA, fnr
1376 	 zraR, cadC, nikR, betI, rhaR, rhaS, fnr
1377 	 zraR, yqjI, nhaR, nikR, betI, rhaR, rhaS, narL, arcA, fnr
1378 	 zraR, cadC, nikR, betI, fnr
1379 	 zraR, yqjI, nhaR, yeiL, nikR, betI, rhaR, rhaS, narL, arcA, fnr
1380 	 zraR, cadC, yeiL, nikR, betI, rhaR, rhaS, fnr
1381 	 zraR, yqjI, nhaR, nikR, betI, rhaR, rhaS, narL, arcA, fnr
1382 	 zraR, cadC, nikR, betI, rhaR, rhaS, fnr
1383 	 zraR, yqjI, nhaR, nikR, betI, rhaR, rhaS, narL, arcA, fnr
1384 	 zraR, cadC, nikR, betI, fnr
1385 	 zraR, yqjI, nhaR, nikR, betI, rhaR, rhaS, narL, arcA, fnr
1386 	 zraR, cadC, yeiL, nikR, betI, fnr
1387 	 zraR, yqjI, nhaR, yeiL, nikR, betI, rhaR, rhaS, narL, arcA, fnr
1388 	 zraR, cadC, nikR, betI, fnr
1389 	 zraR, yqjI, nhaR, nikR, betI, rhaR, rhaS, narL, arcA, fnr
1390 	 zraR, cadC, yeiL, nikR, betI, fnr
1391 	 zraR, yqjI, nhaR, yeiL, nikR, betI, rhaR, rhaS, narL, arcA, fnr
1392 	 zraR, cadC, nikR, betI, fnr
1393 	 zraR, yqjI, nhaR, nikR, betI, rhaR, rhaS, narL, arcA, fnr
1394 	 zraR, cadC, nikR, betI, rhaR, rhaS, fnr
1395 	 zraR, yqjI, nhaR, nikR, betI, narL, arcA, fnr
1396 	 zraR, cadC, nikR, betI, rhaR, rhaS, fnr
1397 	 zraR, yqjI, nhaR, nikR, betI, narL, arcA, fnr
1398 	 zraR, cadC, yeiL, nikR, betI, rhaR, rhaS, fnr
1399 	 zraR, yqjI, nhaR, nikR, betI, narL, arcA, fnr
1400 	 zraR, cadC, nikR, betI, rhaR, rhaS, fnr
1401 	 zraR, yqjI, nhaR, yeiL, nikR, betI, narL, arcA, fnr
1402 	 zraR, cadC, yeiL, nikR, betI, rhaR, rhaS, fnr
1403 	 zraR, yqjI, nhaR, nikR, betI, narL, arcA, fnr
1404 	 zraR, cadC, nikR, betI, rhaR, rhaS, fnr
1405 	 zraR, yqjI, nhaR, yeiL, nikR, betI, narL, arcA, fnr
1406 	 zraR, cadC, nikR, betI, fnr
1407 	 zraR, yqjI, nhaR, nikR, betI, narL, arcA, fnr
1408 	 zraR, cadC, nikR, betI, fnr
1409 	 zraR, yqjI, nhaR, yeiL, nikR, betI, narL, arcA, fnr
1410 	 zraR, cadC, yeiL, nikR, betI, fnr
1411 	 zraR, yqjI, nhaR, nikR, betI, narL, arcA, fnr
1412 	 zraR, cadC, nikR, betI, fnr
1413 	 zraR, yqjI, nhaR, nikR, betI, rhaR, rhaS, narL, arcA, fnr
1414 	 zraR, cadC, yeiL, nikR, betI, fnr
1415 	 zraR, yqjI, nhaR, nikR, betI, rhaR, rhaS, narL, arcA, fnr
1416 	 zraR, cadC, nikR, betI, fnr
1417 	 zraR, yqjI, nhaR, nikR, betI, rhaR, rhaS, narL, arcA, fnr
1418 	 zraR, cadC, yeiL, nikR, betI, fnr
1419 	 zraR, yqjI, nhaR, yeiL, nikR, betI, rhaR, rhaS, narL, arcA, fnr
1420 	 zraR, cadC, nikR, betI, fnr
1421 	 zraR, yqjI, nhaR, nikR, betI, rhaR, rhaS, narL, arcA, fnr
1422 	 zraR, cadC, nikR, betI, rhaR, rhaS, fnr
1423 	 zraR, yqjI, nhaR, yeiL, nikR, betI, rhaR, rhaS, narL, arcA, fnr
1424 	 zraR, cadC, nikR, betI, rhaR, rhaS, fnr
1425 	 zraR, yqjI, nhaR, nikR, betI, rhaR, rhaS, narL, arcA, fnr
1426 	 zraR, cadC, nikR, betI, rhaR, rhaS, fnr
1427 	 zraR, yqjI, nhaR, yeiL, nikR, betI, rhaR, rhaS, narL, arcA, fnr
1428 	 zraR, cadC, yeiL, nikR, betI, rhaR, rhaS, fnr
1429 	 zraR, yqjI, nhaR, nikR, betI, rhaR, rhaS, narL, arcA, fnr
1430 	 zraR, cadC, nikR, betI, rhaR, rhaS, fnr
1431 	 zraR, cadC, fucR, nhaR, nikR, betI, fnr
1432 	 zraR, cadC, yeiL, nikR, betI, rhaR, rhaS, fnr
1433 	 zraR, cadC, yqjI, fucR, nhaR, yeiL, nikR, betI, narL, arcA, fnr
1436 	 zraR, cadC, nikR, betI, rhaR, rhaS, fnr
1437 	 zraR, cadC, yeiL, nikR, betI, rhaR, rhaS, fnr
1438 	 zraR, cadC, nikR, betI, rhaR, rhaS, fnr
1440 	 zraR, yeiL, nikR, betI, fnr
1485 	 zraR, yeiL, nikR, betI, fnr
1672 	 zraR, fucR, nhaR, nikR, betI, fnr
2185 	 zraR, yeiL, nikR, betI, fnr
2187 	 zraR, yeiL, nikR, betI, fnr
2194 	 zraR, yeiL, nikR, betI, fnr
2195 	 zraR, yeiL, nikR, betI, fnr
2197 	 zraR, yeiL, nikR, betI, fnr
2199 	 zraR, yeiL, nikR, betI, fnr
2202 	 zraR, yeiL, nikR, betI, fnr
2204 	 zraR, nikR, betI, rhaR, rhaS, fnr
2205 	 zraR, nikR, betI, rhaR, rhaS, fnr
2206 	 zraR, nikR, betI, rhaR, rhaS, fnr
2207 	 zraR, nikR, betI, rhaR, rhaS, fnr
2208 	 zraR, nikR, betI, rhaR, rhaS, fnr
2209 	 zraR, yeiL, nikR, betI, rhaR, rhaS, fnr
2210 	 zraR, yeiL, nikR, betI, rhaR, rhaS, fnr
2211 	 zraR, yeiL, nikR, betI, rhaR, rhaS, fnr
2212 	 zraR, yeiL, nikR, betI, rhaR, rhaS, fnr
2213 	 zraR, nikR, betI, rhaR, rhaS, fnr
2214 	 zraR, nikR, betI, rhaR, rhaS, fnr
2215 	 zraR, nikR, betI, rhaR, rhaS, fnr
2216 	 zraR, nikR, betI, rhaR, rhaS, fnr
2217 	 zraR, yeiL, nikR, betI, rhaR, rhaS, fnr
2218 	 zraR, nikR, betI, rhaR, rhaS, fnr
2219 	 zraR, nikR, betI, rhaR, rhaS, fnr
2220 	 zraR, nikR, betI, rhaR, rhaS, fnr
2221 	 zraR, nikR, betI, rhaR, rhaS, fnr
2222 	 zraR, nikR, betI, rhaR, rhaS, fnr
2223 	 zraR, nikR, betI, rhaR, rhaS, fnr
2224 	 zraR, yeiL, nikR, betI, rhaR, rhaS, fnr
2225 	 zraR, yeiL, nikR, betI, rhaR, rhaS, fnr
2226 	 zraR, yeiL, nikR, betI, rhaR, rhaS, fnr
2227 	 zraR, nikR, betI, rhaR, rhaS, fnr
2228 	 zraR, yeiL, nikR, betI, rhaR, rhaS, fnr
2229 	 zraR, nikR, betI, rhaR, rhaS, fnr
2230 	 zraR, nikR, betI, rhaR, rhaS, fnr
2231 	 zraR, nikR, betI, rhaR, rhaS, fnr
2232 	 zraR, yeiL, nikR, betI, rhaR, rhaS, fnr
2233 	 zraR, nikR, betI, rhaR, rhaS, fnr
2234 	 zraR, cadC, fucR, nikR, betI, fnr
2235 	 zraR, fucR, nhaR, nikR, betI, fnr
2236 	 zraR, cadC, fucR, nikR, betI, fnr
2237 	 zraR, fucR, nikR, betI, fnr
2238 	 zraR, fucR, nikR, betI, fnr
2239 	 zraR, fucR, nikR, betI, fnr
2240 	 zraR, fucR, nikR, betI, fnr
2241 	 zraR, cadC, fucR, nikR, betI, fnr
2242 	 zraR, fucR, nhaR, nikR, betI, fnr
2243 	 zraR, fucR, nikR, betI, fnr
2244 	 zraR, cadC, fucR, nhaR, nikR, betI, fnr
2245 	 zraR, cadC, yqjI, fucR, dpiA, nikR, narL, arcA
2246 	 zraR, cadC, yqjI, fucR, yeiL, nikR, betI, narL, arcA, fnr
2247 	 zraR, yqjI, fucR, nhaR, dpiA, nikR, narL, arcA
2248 	 zraR, fucR, nhaR, yeiL
2249 	 zraR, yqjI, fucR, nhaR, nikR, betI, narL, arcA, fnr
2250 	 zraR, cadC, fucR, yeiL
2251 	 zraR, cadC, yqjI, fucR, nhaR, nikR, betI, narL, arcA, fnr
2252 	 zraR, cadC, yqjI, fucR, dpiA, nikR, narL, arcA
2253 	 zraR, yqjI, fucR, yeiL, nikR, betI, narL, arcA, fnr
2254 	 zraR, yqjI, fucR, nhaR, dpiA, nikR, narL, arcA
2255 	 zraR, cadC, yqjI, fucR, yeiL, nikR, betI, narL, arcA, fnr
2256 	 zraR, yqjI, fucR, nhaR, dpiA, nikR, narL, arcA
2257 	 zraR, yqjI, fucR, yeiL, nikR, betI, narL, arcA, fnr
2258 	 zraR, cadC, yqjI, fucR, yeiL, dpiA, nikR, narL, arcA
2259 	 zraR, cadC, yqjI, fucR, nhaR, nikR, betI, narL, arcA, fnr
2260 	 zraR, cadC, yqjI, fucR, nhaR, dpiA, nikR, narL, arcA
2261 	 zraR, yqjI, fucR, nhaR, yeiL, nikR, betI, narL, arcA, fnr
2262 	 zraR, yqjI, fucR, nhaR, dpiA, nikR, narL, arcA
2263 	 zraR, cadC, yqjI, fucR, nikR, betI, narL, arcA, fnr
2264 	 zraR, yqjI, fucR, nhaR, yeiL, dpiA, nikR, narL, arcA
2265 	 zraR, cadC, fucR, nhaR, yeiL, nikR, betI, fnr
2266 	 zraR, yqjI, fucR, dpiA, nikR, narL, arcA
2267 	 zraR, yqjI, fucR, nhaR, yeiL, nikR, betI, narL, arcA, fnr
2268 	 zraR, yqjI, fucR, nhaR, dpiA, nikR, narL, arcA
2269 	 zraR, cadC, yqjI, fucR, nikR, betI, narL, arcA, fnr
2270 	 zraR, cadC, yqjI, fucR, nhaR, dpiA, nikR, narL, arcA
2271 	 zraR, cadC, yqjI, fucR, nikR, betI, narL, arcA, fnr
2272 	 zraR, cadC, yqjI, fucR, dpiA, nikR, narL, arcA
2273 	 zraR, yqjI, fucR, nhaR, yeiL, nikR, betI, narL, arcA, fnr
2274 	 zraR, yqjI, fucR, yeiL, dpiA, nikR, narL, arcA
2275 	 zraR, yqjI, fucR, nhaR, yeiL, nikR, betI, narL, arcA, fnr
2276 	 zraR, cadC, yqjI, fucR, yeiL, dpiA, nikR, narL, arcA
2277 	 zraR, yqjI, fucR, yeiL, nikR, betI, narL, arcA, fnr
2278 	 zraR, cadC, fucR
2279 	 zraR, cadC, yqjI, fucR, yeiL, nikR, betI, narL, arcA, fnr
2280 	 zraR, cadC, yqjI, fucR, yeiL, dpiA, nikR, narL, arcA
2281 	 zraR, cadC, yqjI, fucR, yeiL, dpiA, nikR, narL, arcA
2282 	 zraR, cadC, yqjI, fucR, dpiA, nikR, narL, arcA
2283 	 zraR, yqjI, fucR, nhaR, dpiA, nikR, narL, arcA
2284 	 zraR, cadC, yqjI, fucR, dpiA, nikR, narL, arcA
2285 	 zraR, yqjI, fucR, dpiA, nikR, narL, arcA
2286 	 zraR, cadC, yqjI, fucR, dpiA, nikR, narL, arcA
2287 	 zraR, yqjI, fucR, dpiA, nikR, narL, arcA
2288 	 zraR, cadC, yqjI, fucR, nhaR, yeiL, dpiA, nikR, narL, arcA
2289 	 zraR, yqjI, fucR, dpiA, nikR, narL, arcA
2290 	 zraR, cadC, yqjI, fucR, yeiL, dpiA, nikR, narL, arcA
2291 	 zraR, yqjI, fucR, nhaR, dpiA, nikR, narL, arcA
2292 	 zraR, cadC, yqjI, fucR, nhaR, dpiA, nikR, narL, arcA
2293 	 zraR, yqjI, fucR, yeiL, dpiA, nikR, narL, arcA
2294 	 zraR, cadC, yqjI, fucR, dpiA, nikR, narL, arcA
2295 	 zraR, yqjI, fucR, nhaR, dpiA, nikR, narL, arcA
2296 	 zraR, cadC, yqjI, fucR, dpiA, nikR, narL, arcA
2297 	 zraR, yqjI, fucR, yeiL, dpiA, nikR, narL, arcA
2298 	 zraR, yqjI, fucR, dpiA, nikR, narL, arcA
2299 	 zraR, yqjI, fucR, dpiA, nikR, narL, arcA
2300 	 zraR, cadC, yqjI, fucR, dpiA, nikR, narL, arcA
2301 	 zraR, yqjI, fucR, nhaR, yeiL, dpiA, nikR, narL, arcA
2302 	 zraR, yqjI, fucR, dpiA, nikR, narL, arcA
2303 	 zraR, yqjI, fucR, yeiL, dpiA, nikR, narL, arcA
2304 	 zraR, yqjI, fucR, dpiA, nikR, narL, arcA
2305 	 zraR, yqjI, fucR, nhaR, dpiA, nikR, narL, arcA
2306 	 zraR, yqjI, fucR, nhaR, yeiL, dpiA, nikR, narL, arcA
2307 	 zraR, yqjI, fucR, dpiA, nikR, narL, arcA
2308 	 zraR, yqjI, fucR, nhaR, dpiA, nikR, narL, arcA
2309 	 zraR, yqjI, fucR, nhaR, dpiA, nikR, narL, arcA
2310 	 zraR, cadC, yqjI, fucR, nhaR, yeiL, dpiA, nikR, narL, arcA
2311 	 zraR, yqjI, fucR, dpiA, nikR, narL, arcA
2312 	 zraR, cadC, yqjI, fucR, nhaR, dpiA, nikR, narL, arcA
2313 	 zraR, yqjI, fucR, dpiA, nikR, narL, arcA
2314 	 zraR, cadC, yqjI, fucR, yeiL, dpiA, nikR, narL, arcA
2315 	 zraR, yqjI, fucR, yeiL, dpiA, nikR, narL, arcA
2316 	 zraR, cadC, yqjI, fucR, dpiA, nikR, narL, arcA
2317 	 zraR, yqjI, fucR, yeiL, dpiA, nikR, narL, arcA
2318 	 zraR, cadC, yqjI, fucR, dpiA, nikR, narL, arcA
2319 	 zraR, yqjI, fucR, dpiA, nikR, narL, arcA
2320 	 zraR, yqjI, fucR, nhaR, dpiA, nikR, narL, arcA
2321 	 zraR, yqjI, fucR, dpiA, nikR, narL, arcA
2322 	 zraR, yqjI, fucR, nhaR, yeiL, dpiA, nikR, narL, arcA
2323 	 zraR, yqjI, fucR, nhaR, dpiA, nikR, narL, arcA
2324 	 zraR, yqjI, fucR, yeiL, dpiA, nikR, narL, arcA
2325 	 zraR, yqjI, fucR, nhaR, dpiA, nikR, narL, arcA
2326 	 zraR, yqjI, fucR, dpiA, nikR, narL, arcA
2327 	 zraR, yqjI, fucR, dpiA, nikR, narL, arcA
2328 	 zraR, cadC, yqjI, fucR, dpiA, nikR, rhaR, rhaS, narL, arcA
2329 	 zraR, cadC, yqjI, fucR, dpiA, nikR, rhaR, rhaS, narL, arcA
2330 	 zraR, cadC, yqjI, fucR, yeiL, dpiA, nikR, rhaR, rhaS, narL, arcA
2331 	 zraR, cadC, yqjI, fucR, dpiA, nikR, rhaR, rhaS, narL, arcA
2332 	 zraR, cadC, yqjI, fucR, yeiL, dpiA, nikR, rhaR, rhaS, narL, arcA
2333 	 zraR, cadC, yqjI, fucR, dpiA, nikR, rhaR, rhaS, narL, arcA
2334 	 zraR, yqjI, fucR, nhaR, dpiA, nikR, rhaR, rhaS, narL, arcA
2335 	 zraR, cadC, yqjI, fucR, nhaR, yeiL, dpiA, nikR, rhaR, rhaS, narL, arcA
2336 	 zraR, cadC, yqjI, fucR, yeiL, dpiA, nikR, rhaR, rhaS, narL, arcA
2337 	 zraR, cadC, yqjI, fucR, nhaR, yeiL, dpiA, nikR, rhaR, rhaS, narL, arcA
2338 	 zraR, yqjI, fucR, dpiA, nikR, rhaR, rhaS, narL, arcA
2339 	 zraR, cadC, yqjI, fucR, yeiL, dpiA, nikR, rhaR, rhaS, narL, arcA
2340 	 zraR, yqjI, fucR, nhaR, yeiL, dpiA, nikR, rhaR, rhaS, narL, arcA
2341 	 zraR, cadC, yqjI, fucR, nhaR, dpiA, nikR, rhaR, rhaS, narL, arcA
2342 	 zraR, yqjI, fucR, yeiL, dpiA, nikR, rhaR, rhaS, narL, arcA
2343 	 zraR, cadC, yqjI, fucR, dpiA, nikR, rhaR, rhaS, narL, arcA
2344 	 zraR, yqjI, fucR, nhaR, yeiL, dpiA, nikR, rhaR, rhaS, narL, arcA
2345 	 zraR, cadC, yqjI, fucR, nhaR, dpiA, nikR, rhaR, rhaS, narL, arcA
2346 	 zraR, yqjI, fucR, yeiL, dpiA, nikR, rhaR, rhaS, narL, arcA
2347 	 zraR, cadC, yqjI, fucR, dpiA, nikR, rhaR, rhaS, narL, arcA
2348 	 zraR, yqjI, fucR, nhaR, dpiA, nikR, rhaR, rhaS, narL, arcA
2349 	 zraR, cadC, yqjI, fucR, nhaR, dpiA, nikR, rhaR, rhaS, narL, arcA
2350 	 zraR, yqjI, fucR, nhaR, dpiA, nikR, rhaR, rhaS, narL, arcA
2351 	 zraR, cadC, yqjI, fucR, nhaR, dpiA, nikR, rhaR, rhaS, narL, arcA
2352 	 zraR, yqjI, fucR, nhaR, dpiA, nikR, rhaR, rhaS, narL, arcA
2353 	 zraR, cadC, yqjI, fucR, dpiA, nikR, rhaR, rhaS, narL, arcA
2354 	 zraR, yqjI, fucR, dpiA, nikR, rhaR, rhaS, narL, arcA
2355 	 zraR, cadC, yqjI, fucR, dpiA, nikR, rhaR, rhaS, narL, arcA
2356 	 zraR, yqjI, fucR, dpiA, nikR, rhaR, rhaS, narL, arcA
2357 	 zraR, yqjI, fucR, dpiA, nikR, rhaR, rhaS, narL, arcA
2358 	 zraR, yqjI, fucR, nhaR, yeiL, dpiA, nikR, rhaR, rhaS, narL, arcA
2359 	 zraR, yqjI, fucR, nhaR, dpiA, nikR, rhaR, rhaS, narL, arcA
2360 	 zraR, yqjI, fucR, yeiL, dpiA, nikR, rhaR, rhaS, narL, arcA
2361 	 zraR, yqjI, fucR, nhaR, dpiA, nikR, rhaR, rhaS, narL, arcA
2362 	 zraR, yqjI, fucR, nhaR, yeiL, dpiA, nikR, rhaR, rhaS, narL, arcA
2363 	 zraR, yqjI, fucR, dpiA, nikR, rhaR, rhaS, narL, arcA
2364 	 zraR, yqjI, fucR, yeiL, dpiA, nikR, rhaR, rhaS, narL, arcA
2365 	 zraR, yqjI, fucR, dpiA, nikR, rhaR, rhaS, narL, arcA
2366 	 zraR, yqjI, fucR, nhaR, dpiA, nikR, rhaR, rhaS, narL, arcA
2367 	 zraR, yqjI, fucR, nhaR, dpiA, nikR, rhaR, rhaS, narL, arcA
2368 	 zraR, yqjI, fucR, dpiA, nikR, rhaR, rhaS, narL, arcA
2369 	 zraR, yqjI, fucR, dpiA, nikR, rhaR, rhaS, narL, arcA
2370 	 zraR, cadC, yqjI, fucR, dpiA, nikR, rhaR, rhaS, narL, arcA
2371 	 zraR, cadC, yqjI, fucR, dpiA, nikR, rhaR, rhaS, narL, arcA
2372 	 zraR, cadC, yqjI, fucR, yeiL, dpiA, nikR, rhaR, rhaS, narL, arcA
2373 	 zraR, cadC, yqjI, fucR, dpiA, nikR, rhaR, rhaS, narL, arcA
2374 	 zraR, cadC, yqjI, fucR, yeiL, dpiA, nikR, rhaR, rhaS, narL, arcA
2375 	 zraR, cadC, yqjI, fucR, dpiA, nikR, rhaR, rhaS, narL, arcA
2376 	 zraR, yqjI, fucR, nhaR, dpiA, nikR, rhaR, rhaS, narL, arcA
2377 	 zraR, cadC, yqjI, fucR, nhaR, dpiA, nikR, rhaR, rhaS, narL, arcA
2378 	 zraR, yqjI, fucR, nhaR, yeiL, dpiA, nikR, rhaR, rhaS, narL, arcA
2379 	 zraR, cadC, yqjI, fucR, dpiA, nikR, rhaR, rhaS, narL, arcA
2380 	 zraR, yqjI, fucR, nhaR, yeiL, dpiA, nikR, rhaR, rhaS, narL, arcA
2381 	 zraR, cadC, yqjI, fucR, nhaR, dpiA, nikR, rhaR, rhaS, narL, arcA
2382 	 zraR, yqjI, fucR, yeiL, dpiA, nikR, rhaR, rhaS, narL, arcA
2383 	 zraR, cadC, yqjI, fucR, dpiA, nikR, rhaR, rhaS, narL, arcA
2384 	 zraR, yqjI, fucR, nhaR, dpiA, nikR, rhaR, rhaS, narL, arcA
2385 	 zraR, cadC, yqjI, fucR, nhaR, yeiL, dpiA, nikR, rhaR, rhaS, narL, arcA
2386 	 zraR, yqjI, fucR, nhaR, dpiA, nikR, rhaR, rhaS, narL, arcA
2387 	 zraR, cadC, yqjI, fucR, yeiL, dpiA, nikR, rhaR, rhaS, narL, arcA
2388 	 zraR, yqjI, fucR, dpiA, nikR, rhaR, rhaS, narL, arcA
2389 	 zraR, cadC, yqjI, fucR, nhaR, yeiL, dpiA, nikR, rhaR, rhaS, narL, arcA
2390 	 zraR, yqjI, fucR, dpiA, nikR, rhaR, rhaS, narL, arcA
2391 	 zraR, cadC, yqjI, fucR, yeiL, dpiA, nikR, rhaR, rhaS, narL, arcA
2392 	 zraR, yqjI, fucR, dpiA, nikR, rhaR, rhaS, narL, arcA
2393 	 zraR, cadC, yqjI, fucR, nhaR, dpiA, nikR, rhaR, rhaS, narL, arcA
2394 	 zraR, yqjI, fucR, nhaR, dpiA, nikR, rhaR, rhaS, narL, arcA
2395 	 zraR, cadC, yqjI, fucR, nhaR, dpiA, nikR, rhaR, rhaS, narL, arcA
2396 	 zraR, yqjI, fucR, yeiL, dpiA, nikR, rhaR, rhaS, narL, arcA
2397 	 zraR, cadC, yqjI, fucR, dpiA, nikR, rhaR, rhaS, narL, arcA
2398 	 zraR, yqjI, fucR, dpiA, nikR, rhaR, rhaS, narL, arcA
2399 	 zraR, cadC, yqjI, fucR, dpiA, nikR, rhaR, rhaS, narL, arcA
2400 	 zraR, yqjI, fucR, nhaR, yeiL, dpiA, nikR, rhaR, rhaS, narL, arcA
2401 	 zraR, yqjI, fucR, nhaR, dpiA, nikR, rhaR, rhaS, narL, arcA
2402 	 zraR, yqjI, fucR, yeiL, dpiA, nikR, rhaR, rhaS, narL, arcA
2403 	 zraR, yqjI, fucR, nhaR, dpiA, nikR, rhaR, rhaS, narL, arcA
2404 	 zraR, yqjI, fucR, nhaR, yeiL, dpiA, nikR, rhaR, rhaS, narL, arcA
2405 	 zraR, yqjI, fucR, dpiA, nikR, rhaR, rhaS, narL, arcA
2406 	 zraR, yqjI, fucR, yeiL, dpiA, nikR, rhaR, rhaS, narL, arcA
2407 	 zraR, yqjI, fucR, nhaR, dpiA, nikR, rhaR, rhaS, narL, arcA
2408 	 zraR, yqjI, fucR, nhaR, dpiA, nikR, rhaR, rhaS, narL, arcA
2409 	 zraR, yqjI, fucR, dpiA, nikR, rhaR, rhaS, narL, arcA
2410 	 zraR, yqjI, fucR, dpiA, nikR, rhaR, rhaS, narL, arcA
2411 	 zraR, yqjI, fucR, dpiA, nikR, rhaR, rhaS, narL, arcA
2412 	 zraR, cadC, yqjI, fucR, dpiA, nikR, rhaR, rhaS, narL, arcA
2413 	 zraR, cadC, yqjI, fucR, yeiL, dpiA, nikR, rhaR, rhaS, narL, arcA
2414 	 zraR, cadC, yqjI, fucR, dpiA, nikR, rhaR, rhaS, narL, arcA
2415 	 zraR, yqjI, fucR, nhaR, dpiA, nikR, rhaR, rhaS, narL, arcA
2416 	 zraR, cadC, yqjI, fucR, nhaR, yeiL, dpiA, nikR, rhaR, rhaS, narL, arcA
2417 	 zraR, cadC, yqjI, fucR, yeiL, dpiA, nikR, rhaR, rhaS, narL, arcA
2418 	 zraR, yqjI, fucR, nhaR, yeiL, dpiA, nikR, rhaR, rhaS, narL, arcA
2419 	 zraR, cadC, yqjI, fucR, nhaR, dpiA, nikR, rhaR, rhaS, narL, arcA
2420 	 zraR, yqjI, fucR, dpiA, nikR, rhaR, rhaS, narL, arcA
2421 	 zraR, cadC, yqjI, fucR, dpiA, nikR, rhaR, rhaS, narL, arcA
2422 	 zraR, yqjI, fucR, nhaR, dpiA, nikR, rhaR, rhaS, narL, arcA
2423 	 zraR, cadC, yqjI, fucR, nhaR, dpiA, nikR, rhaR, rhaS, narL, arcA
2424 	 zraR, yqjI, fucR, yeiL, dpiA, nikR, rhaR, rhaS, narL, arcA
2425 	 zraR, cadC, yqjI, fucR, dpiA, nikR, rhaR, rhaS, narL, arcA
2426 	 zraR, yqjI, fucR, dpiA, nikR, rhaR, rhaS, narL, arcA
2427 	 zraR, yqjI, fucR, nhaR, yeiL, dpiA, nikR, rhaR, rhaS, narL, arcA
2428 	 zraR, yqjI, fucR, nhaR, dpiA, nikR, rhaR, rhaS, narL, arcA
2429 	 zraR, yqjI, fucR, yeiL, dpiA, nikR, rhaR, rhaS, narL, arcA
2430 	 zraR, yqjI, fucR, nhaR, dpiA, nikR, rhaR, rhaS, narL, arcA
2431 	 zraR, yqjI, fucR, dpiA, nikR, rhaR, rhaS, narL, arcA
2432 	 zraR, yqjI, fucR, dpiA, nikR, rhaR, rhaS, narL, arcA
