1 	 fnr, rcsB, arcA, soxS, lrp, bglJ, narL, hdfR, nac, adiY, cspA, asnC, puuR, yqjI, nikR, aidB, lldR
2 	 fnr, asnC, puuR, nikR, lldR
3 	 fnr, asnC, puuR, nikR, betI, lldR
4 	 fnr, asnC, puuR, nikR, betI, lldR
5 	 hns, stpA, melR, aidB
6 	 fnr, asnC, puuR, nikR, betI, lldR
7 	 hns, stpA, idnR, aidB
8 	 hns, stpA, aidB
9 	 rcsB, lrp, bglJ, hdfR, rhaS, adiY, cspA, aidB
10 	 fnr, asnC, puuR, melR, nikR, betI, lldR
12 	 fnr, asnC, puuR, melR, nikR, betI, lldR
13 	 rcsB, arcA, soxS, lrp, bglJ, narL, hdfR, nac, adiY, cspA, zraR, yqjI, nikR, aidB
14 	 fnr, asnC, puuR, nikR, betI, lldR
15 	 rcsB, arcA, soxS, lrp, bglJ, narL, hdfR, nac, adiY, cspA, melR, yqjI, nikR, aidB
16 	 rcsB, lrp, bglJ, hdfR, rhaS, adiY, cspA, aidB
18 	 rcsB, lrp, bglJ, hdfR, adiY, cspA, zraR, aidB
19 	 hns, arcA, soxS, lrp, narL, nac, melR, yqjI, nikR
22 	 melR
23 	 rcsB, arcA, soxS, lrp, bglJ, narL, hdfR, nac, adiY, cspA, yqjI, idnR, nikR, aidB
24 	 rhaS
25 	 rcsB, lrp, bglJ, hdfR, adiY, cspA, aidB
26 	 fnr, asnC, puuR, nikR, betI, lldR
27 	 rcsB, lrp, bglJ, hdfR, adiY, cspA, aidB
28 	 fnr, asnC, puuR, nikR, betI, lldR
29 	 rcsB, lrp, bglJ, hdfR, adiY, cspA, aidB
30 	 fnr, asnC, puuR, nikR, betI, lldR
31 	 hns, lrp
32 	 fnr, asnC, puuR, nikR, betI, lldR
33 	 fnr, asnC, puuR, nikR, betI, lldR
34 	 rcsB, lrp, bglJ, hdfR, adiY, cspA, idnR, aidB
35 	 fnr, zraR, asnC, puuR, nikR, betI, lldR
36 	 rcsB, lrp, bglJ, hdfR, adiY, cspA, idnR, aidB
37 	 fnr, zraR, asnC, puuR, nikR, betI, lldR
38 	 fnr, asnC, puuR, idnR, nikR, betI, lldR
39 	 rcsB, lrp, bglJ, hdfR, adiY, cspA, zraR, aidB
40 	 rcsB, lrp, bglJ, hdfR, adiY, cspA, melR, aidB
41 	 fnr, zraR, asnC, puuR, nikR, betI, lldR
42 	 fnr, asnC, puuR, melR, nikR, betI, lldR
43 	 rcsB, lrp, bglJ, hdfR, adiY, cspA, zraR, aidB
44 	 fnr, asnC, puuR, melR, nikR, betI, lldR
45 	 fnr, zraR, asnC, puuR, nikR, betI, lldR
46 	 rcsB, lrp, bglJ, hdfR, adiY, cspA, melR, aidB
47 	 rcsB, lrp, bglJ, hdfR, adiY, cspA, zraR, aidB
48 	 rcsB, lrp, bglJ, hdfR, adiY, cspA, melR, aidB
49 	 fnr, zraR, asnC, puuR, nikR, betI, lldR
50 	 fnr, asnC, puuR, melR, nikR, betI, lldR
51 	 fnr, zraR, asnC, puuR, nikR, betI, lldR
52 	 fnr, asnC, puuR, melR, nikR, betI, lldR
53 	 fnr, zraR, asnC, puuR, nikR, betI, lldR
54 	 fnr, asnC, puuR, melR, nikR, betI, lldR
55 	 fnr, zraR, asnC, puuR, nikR, betI, lldR
56 	 fnr, asnC, puuR, melR, nikR, betI, lldR
57 	 fnr, zraR, asnC, puuR, nikR, betI, lldR
58 	 fnr, asnC, puuR, melR, nikR, betI, lldR
59 	 fnr, zraR, asnC, puuR, nikR, betI, lldR
60 	 fnr, asnC, puuR, melR, nikR, betI, lldR
61 	 hns, lrp, zraR
62 	 fnr, asnC, puuR, melR, nikR, betI, lldR
63 	 hns, lrp, zraR
64 	 hns, lrp, melR
65 	 fnr, asnC, puuR, idnR, nikR, betI, lldR
66 	 fnr, rhaS, asnC, puuR, nikR, betI, lldR
67 	 fnr, asnC, puuR, idnR, nikR, betI, lldR
68 	 fnr, rhaS, asnC, puuR, nikR, betI, lldR
69 	 fnr, asnC, puuR, idnR, nikR, betI, lldR
70 	 rcsB, lrp, bglJ, hdfR, rhaS, adiY, cspA, aidB
71 	 rcsB, lrp, bglJ, hdfR, adiY, cspA, idnR, aidB
72 	 fnr, rhaS, asnC, puuR, nikR, betI, lldR
73 	 rcsB, lrp, bglJ, hdfR, adiY, cspA, idnR, aidB
74 	 fnr, rhaS, asnC, puuR, nikR, betI, lldR
75 	 fnr, asnC, puuR, idnR, nikR, betI, lldR
76 	 rcsB, lrp, bglJ, hdfR, rhaS, adiY, cspA, aidB
77 	 fnr, asnC, puuR, idnR, nikR, betI, lldR
78 	 rcsB, lrp, bglJ, hdfR, rhaS, adiY, cspA, aidB
79 	 fnr, asnC, puuR, idnR, nikR, betI, lldR
80 	 fnr, rhaS, asnC, puuR, nikR, betI, lldR
81 	 fnr, asnC, puuR, idnR, nikR, betI, lldR
82 	 fnr, rhaS, asnC, puuR, nikR, betI, lldR
83 	 fnr, asnC, puuR, idnR, nikR, betI, lldR
84 	 fnr, rhaS, asnC, puuR, nikR, betI, lldR
85 	 fnr, asnC, puuR, idnR, nikR, betI, lldR
86 	 fnr, rhaS, asnC, puuR, nikR, betI, lldR
87 	 hns, lrp, idnR
88 	 fnr, rhaS, asnC, puuR, nikR, betI, lldR
89 	 hns, lrp, idnR
90 	 fnr, rhaS, asnC, puuR, nikR, betI, lldR
91 	 fnr, zraR, asnC, puuR, idnR, nikR, betI, lldR
92 	 hns, lrp, rhaS
93 	 rcsB, lrp, bglJ, hdfR, adiY, cspA, zraR, idnR, aidB
94 	 fnr, rhaS, asnC, puuR, melR, nikR, betI, lldR
95 	 fnr, zraR, asnC, puuR, idnR, nikR, betI, lldR
96 	 rcsB, lrp, bglJ, hdfR, rhaS, adiY, cspA, melR, aidB
97 	 rcsB, lrp, bglJ, hdfR, adiY, cspA, zraR, idnR, aidB
98 	 fnr, rhaS, asnC, puuR, melR, nikR, betI, lldR
99 	 fnr, zraR, asnC, puuR, idnR, nikR, betI, lldR
100 	 rcsB, lrp, bglJ, hdfR, rhaS, adiY, cspA, melR, aidB
101 	 fnr, zraR, asnC, puuR, idnR, nikR, betI, lldR
102 	 fnr, rhaS, asnC, puuR, melR, nikR, betI, lldR
103 	 rcsB, lrp, bglJ, hdfR, adiY, cspA, zraR, idnR, aidB
104 	 rcsB, lrp, bglJ, hdfR, rhaS, adiY, cspA, melR, aidB
105 	 rcsB, lrp, bglJ, hdfR, adiY, cspA, zraR, idnR, aidB
106 	 fnr, rhaS, asnC, puuR, melR, nikR, betI, lldR
107 	 fnr, zraR, asnC, puuR, idnR, nikR, betI, lldR
108 	 rcsB, lrp, bglJ, hdfR, rhaS, adiY, cspA, melR, aidB
109 	 fnr, zraR, asnC, puuR, idnR, nikR, betI, lldR
110 	 fnr, rhaS, asnC, puuR, melR, nikR, betI, lldR
111 	 fnr, zraR, asnC, puuR, idnR, nikR, betI, lldR
112 	 fnr, rhaS, asnC, puuR, melR, nikR, betI, lldR
113 	 fnr, zraR, asnC, puuR, idnR, nikR, betI, lldR
114 	 fnr, rhaS, asnC, puuR, melR, nikR, betI, lldR
115 	 fnr, zraR, asnC, puuR, idnR, nikR, betI, lldR
116 	 fnr, rhaS, asnC, puuR, melR, nikR, betI, lldR
117 	 fnr, zraR, asnC, puuR, idnR, nikR, betI, lldR
118 	 fnr, rhaS, asnC, puuR, melR, nikR, betI, lldR
119 	 hns, lrp, zraR, idnR
120 	 hns, lrp, rhaS, melR
121 	 hns, lrp, zraR, idnR
122 	 hns, lrp, rhaS, melR
123 	 rcsB, lrp, bglJ, hdfR, rhaS, adiY, cspA, idnR, aidB
124 	 hns, lrp, rhaS, melR
125 	 rcsB, lrp, bglJ, hdfR, adiY, cspA, melR, idnR, aidB
126 	 fnr, zraR, asnC, puuR, melR, nikR, betI, lldR
127 	 rcsB, lrp, bglJ, hdfR, rhaS, adiY, cspA, idnR, aidB
128 	 rcsB, lrp, bglJ, hdfR, adiY, cspA, zraR, melR, aidB
129 	 fnr, rhaS, asnC, puuR, idnR, nikR, betI, lldR
130 	 fnr, zraR, asnC, puuR, melR, nikR, betI, lldR
131 	 fnr, rhaS, asnC, puuR, idnR, nikR, betI, lldR
132 	 rcsB, lrp, bglJ, hdfR, adiY, cspA, zraR, melR, aidB
133 	 rcsB, lrp, bglJ, hdfR, rhaS, adiY, cspA, idnR, aidB
134 	 fnr, zraR, asnC, puuR, melR, nikR, betI, lldR
135 	 fnr, rhaS, asnC, puuR, idnR, nikR, betI, lldR
136 	 rcsB, lrp, bglJ, hdfR, adiY, cspA, zraR, melR, aidB
137 	 fnr, rhaS, asnC, puuR, idnR, nikR, betI, lldR
138 	 rcsB, lrp, bglJ, hdfR, adiY, cspA, zraR, melR, aidB
139 	 rcsB, lrp, bglJ, hdfR, rhaS, adiY, cspA, idnR, aidB
140 	 fnr, zraR, asnC, puuR, melR, nikR, betI, lldR
141 	 fnr, rhaS, asnC, puuR, idnR, nikR, betI, lldR
142 	 fnr, zraR, asnC, puuR, melR, nikR, betI, lldR
143 	 fnr, rhaS, asnC, puuR, idnR, nikR, betI, lldR
144 	 fnr, zraR, asnC, puuR, melR, nikR, betI, lldR
145 	 fnr, rhaS, asnC, puuR, idnR, nikR, betI, lldR
146 	 fnr, zraR, asnC, puuR, melR, nikR, betI, lldR
147 	 fnr, rhaS, asnC, puuR, idnR, nikR, betI, lldR
148 	 fnr, zraR, asnC, puuR, melR, nikR, betI, lldR
149 	 fnr, rhaS, asnC, puuR, idnR, nikR, betI, lldR
150 	 fnr, zraR, asnC, puuR, melR, nikR, betI, lldR
151 	 fnr, rhaS, asnC, puuR, idnR, nikR, betI, lldR
152 	 fnr, zraR, asnC, puuR, melR, nikR, betI, lldR
153 	 fnr, rhaS, asnC, puuR, idnR, nikR, betI, lldR
154 	 hns, lrp, zraR, melR
155 	 hns, lrp, rhaS, idnR
156 	 hns, lrp, zraR, melR
157 	 fnr, rhaS, zraR, asnC, puuR, nikR, betI, lldR
158 	 rcsB, lrp, bglJ, hdfR, rhaS, adiY, cspA, zraR, aidB
159 	 fnr, rhaS, zraR, asnC, puuR, nikR, betI, lldR
160 	 fnr, rhaS, zraR, asnC, puuR, nikR, betI, lldR
161 	 rcsB, lrp, bglJ, hdfR, rhaS, adiY, cspA, zraR, aidB
162 	 fnr, rhaS, zraR, asnC, puuR, nikR, betI, lldR
163 	 rcsB, lrp, bglJ, hdfR, rhaS, adiY, cspA, zraR, aidB
164 	 rcsB, lrp, bglJ, hdfR, rhaS, adiY, cspA, zraR, aidB
165 	 rcsB, lrp, bglJ, hdfR, rhaS, adiY, cspA, zraR, idnR, aidB
166 	 fnr, rhaS, zraR, asnC, puuR, melR, nikR, betI, lldR
167 	 fnr, rhaS, zraR, asnC, puuR, idnR, nikR, betI, lldR
168 	 fnr, rhaS, zraR, asnC, puuR, melR, nikR, betI, lldR
169 	 fnr, rhaS, zraR, asnC, puuR, idnR, nikR, betI, lldR
170 	 rcsB, lrp, bglJ, hdfR, rhaS, adiY, cspA, zraR, melR, aidB
171 	 rcsB, lrp, bglJ, hdfR, rhaS, adiY, cspA, zraR, idnR, aidB
172 	 rcsB, lrp, bglJ, hdfR, rhaS, adiY, cspA, zraR, melR, aidB
173 	 fnr, rhaS, zraR, asnC, puuR, idnR, nikR, betI, lldR
174 	 rcsB, lrp, bglJ, hdfR, rhaS, adiY, cspA, zraR, melR, aidB
175 	 fnr, rhaS, zraR, asnC, puuR, idnR, nikR, betI, lldR
176 	 rcsB, lrp, bglJ, hdfR, rhaS, adiY, cspA, zraR, melR, aidB
177 	 rcsB, lrp, bglJ, hdfR, rhaS, adiY, cspA, zraR, idnR, aidB
178 	 fnr, rhaS, zraR, asnC, puuR, melR, nikR, betI, lldR
179 	 rcsB, lrp, bglJ, hdfR, rhaS, adiY, cspA, zraR, idnR, aidB
180 	 fnr, rhaS, zraR, asnC, puuR, melR, nikR, betI, lldR
181 	 fnr, asnC, puuR, melR, idnR, nikR, betI, lldR
182 	 rcsB, lrp, bglJ, hdfR, adiY, cspA, melR, idnR, aidB
183 	 fnr, asnC, puuR, melR, idnR, nikR, betI, lldR
184 	 fnr, asnC, puuR, melR, idnR, nikR, betI, lldR
185 	 rcsB, lrp, bglJ, hdfR, adiY, cspA, melR, idnR, aidB
186 	 rcsB, lrp, bglJ, hdfR, adiY, cspA, melR, idnR, aidB
187 	 fnr, asnC, puuR, melR, idnR, nikR, betI, lldR
188 	 fnr, zraR, asnC, puuR, melR, idnR, nikR, betI, lldR
189 	 fnr, rhaS, asnC, puuR, melR, idnR, nikR, betI, lldR
190 	 fnr, zraR, asnC, puuR, melR, idnR, nikR, betI, lldR
191 	 rcsB, lrp, bglJ, hdfR, rhaS, adiY, cspA, melR, idnR, aidB
192 	 rcsB, lrp, bglJ, hdfR, adiY, cspA, zraR, melR, idnR, aidB
193 	 fnr, rhaS, asnC, puuR, melR, idnR, nikR, betI, lldR
194 	 rcsB, lrp, bglJ, hdfR, adiY, cspA, zraR, melR, idnR, aidB
195 	 rcsB, lrp, bglJ, hdfR, rhaS, adiY, cspA, melR, idnR, aidB
196 	 fnr, zraR, asnC, puuR, melR, idnR, nikR, betI, lldR
197 	 fnr, rhaS, asnC, puuR, melR, idnR, nikR, betI, lldR
198 	 rcsB, lrp, bglJ, hdfR, adiY, cspA, zraR, melR, idnR, aidB
199 	 rcsB, lrp, bglJ, hdfR, rhaS, adiY, cspA, melR, idnR, aidB
200 	 fnr, zraR, asnC, puuR, melR, idnR, nikR, betI, lldR
201 	 rcsB, lrp, bglJ, hdfR, rhaS, adiY, cspA, melR, idnR, aidB
202 	 rcsB, lrp, bglJ, hdfR, adiY, cspA, zraR, melR, idnR, aidB
203 	 fnr, rhaS, asnC, puuR, melR, idnR, nikR, betI, lldR
204 	 fnr, rhaS, zraR, asnC, puuR, melR, idnR, nikR, betI, lldR
205 	 fnr, rhaS, zraR, asnC, puuR, melR, idnR, nikR, betI, lldR
206 	 rcsB, lrp, bglJ, hdfR, rhaS, adiY, cspA, zraR, melR, idnR, aidB
207 	 rcsB, lrp, bglJ, hdfR, rhaS, adiY, cspA, zraR, melR, idnR, aidB
208 	 rcsB, lrp, bglJ, hdfR, rhaS, adiY, cspA, zraR, melR, idnR, aidB
209 	 fnr, rhaS, zraR, asnC, puuR, melR, idnR, nikR, betI, lldR
210 	 fnr, rhaS, zraR, asnC, puuR, melR, idnR, nikR, betI, lldR
211 	 rcsB, lrp, bglJ, hdfR, rhaS, adiY, cspA, zraR, melR, idnR, aidB
212 	 rcsB, lrp, bglJ, hdfR, adiY, cspA, melR, aidB
213 	 hns, fnr, arcA, soxS, narL, stpA, nac, zraR, asnC, puuR, yqjI, nikR, aidB, lldR
214 	 fnr, rhaS, asnC, puuR, nikR, lldR
215 	 fnr, zraR, asnC, puuR, nikR, lldR
216 	 rcsB, arcA, soxS, lrp, bglJ, narL, hdfR, rhaS, nac, adiY, cspA, yqjI, nikR, aidB
217 	 rcsB, lrp, bglJ, hdfR, adiY, cspA, zraR, aidB
218 	 hns, fnr, arcA, soxS, narL, stpA, rhaS, nac, asnC, puuR, yqjI, nikR, aidB, lldR
219 	 rcsB, lrp, bglJ, hdfR, adiY, cspA, idnR, aidB
220 	 rcsB, arcA, soxS, lrp, bglJ, narL, hdfR, rhaS, nac, adiY, cspA, melR, yqjI, nikR, aidB
221 	 hns, fnr, arcA, soxS, narL, stpA, nac, asnC, puuR, yqjI, idnR, nikR, aidB, lldR
222 	 hns, fnr, arcA, soxS, narL, stpA, rhaS, nac, asnC, puuR, melR, yqjI, nikR, aidB, lldR
223 	 fnr, zraR, asnC, puuR, idnR, nikR, lldR
224 	 fnr, rhaS, asnC, puuR, melR, nikR, lldR
225 	 rcsB, lrp, bglJ, hdfR, adiY, cspA, zraR, idnR, aidB
226 	 rcsB, lrp, bglJ, hdfR, rhaS, adiY, cspA, melR, aidB
227 	 rcsB, arcA, soxS, lrp, bglJ, narL, hdfR, nac, adiY, cspA, zraR, yqjI, idnR, nikR, aidB
228 	 rcsB, arcA, soxS, lrp, bglJ, narL, hdfR, rhaS, nac, adiY, cspA, yqjI, idnR, nikR, aidB
229 	 hns, fnr, arcA, soxS, narL, stpA, nac, zraR, asnC, puuR, yqjI, idnR, nikR, aidB, lldR
230 	 rcsB, arcA, soxS, lrp, bglJ, narL, hdfR, rhaS, nac, adiY, cspA, zraR, yqjI, nikR, aidB
231 	 rcsB, arcA, soxS, lrp, bglJ, narL, hdfR, nac, adiY, cspA, zraR, melR, yqjI, nikR, aidB
232 	 hns, fnr, arcA, soxS, narL, stpA, rhaS, nac, asnC, puuR, yqjI, idnR, nikR, aidB, lldR
233 	 rcsB, lrp, bglJ, hdfR, adiY, cspA, zraR, melR, aidB
234 	 fnr, rhaS, asnC, puuR, idnR, nikR, lldR
235 	 fnr, zraR, asnC, puuR, melR, nikR, lldR
236 	 rcsB, lrp, bglJ, hdfR, rhaS, adiY, cspA, idnR, aidB
237 	 hns, fnr, arcA, soxS, narL, stpA, nac, zraR, asnC, puuR, melR, yqjI, nikR, aidB, lldR
238 	 rcsB, arcA, soxS, lrp, bglJ, narL, hdfR, nac, adiY, cspA, melR, yqjI, idnR, nikR, aidB
239 	 hns, fnr, arcA, soxS, narL, stpA, nac, asnC, puuR, melR, yqjI, idnR, nikR, aidB, lldR
240 	 rcsB, lrp, bglJ, hdfR, adiY, cspA, melR, idnR, aidB
241 	 fnr, asnC, puuR, melR, idnR, nikR, lldR
242 	 melR, idnR
243 	 melR, idnR
244 	 melR, idnR
245 	 hns, fnr, arcA, soxS, narL, stpA, nac, asnC, puuR, melR, yqjI, idnR, nikR, aidB, betI, lldR
246 	 melR, idnR
247 	 hns, fnr, arcA, soxS, narL, stpA, nac, asnC, puuR, melR, yqjI, idnR, nikR, aidB, betI, lldR
248 	 hns, fnr, arcA, soxS, narL, stpA, nac, asnC, puuR, melR, yqjI, idnR, nikR, aidB, betI, lldR
249 	 hns, fnr, arcA, soxS, narL, stpA, nac, asnC, puuR, melR, yqjI, idnR, nikR, aidB, betI, lldR
250 	 rcsB, arcA, soxS, lrp, bglJ, narL, hdfR, rhaS, nac, adiY, cspA, melR, yqjI, idnR, nikR, aidB
251 	 rcsB, lrp, bglJ, hdfR, adiY, cspA, zraR, melR, idnR, aidB
252 	 fnr, rhaS, asnC, puuR, melR, idnR, nikR, lldR
253 	 fnr, zraR, asnC, puuR, melR, idnR, nikR, lldR
254 	 rcsB, lrp, bglJ, hdfR, rhaS, adiY, cspA, melR, idnR, aidB
255 	 rcsB, arcA, soxS, lrp, bglJ, narL, hdfR, nac, adiY, cspA, zraR, melR, yqjI, idnR, nikR, aidB
256 	 rcsB, lrp, bglJ, hdfR, rhaS, adiY, cspA, zraR, aidB
257 	 hns, fnr, arcA, soxS, narL, stpA, nac, zraR, asnC, puuR, melR, yqjI, idnR, nikR, aidB, lldR
258 	 hns, fnr, arcA, soxS, narL, stpA, rhaS, nac, zraR, asnC, puuR, yqjI, nikR, aidB, lldR
259 	 zraR, melR, idnR
260 	 rhaS, zraR
261 	 zraR, melR, idnR
262 	 hns, fnr, arcA, soxS, narL, stpA, rhaS, nac, zraR, asnC, puuR, yqjI, nikR, aidB, betI, lldR
263 	 zraR, melR, idnR
264 	 rhaS, zraR
265 	 zraR, melR, idnR
266 	 hns, fnr, arcA, soxS, narL, stpA, rhaS, nac, zraR, asnC, puuR, yqjI, nikR, aidB, betI, lldR
267 	 hns, fnr, arcA, soxS, narL, stpA, nac, zraR, asnC, puuR, melR, yqjI, idnR, nikR, aidB, betI, lldR
268 	 rhaS, zraR
269 	 hns, fnr, arcA, soxS, narL, stpA, nac, zraR, asnC, puuR, melR, yqjI, idnR, nikR, aidB, betI, lldR
270 	 rhaS, zraR
271 	 hns, fnr, arcA, soxS, narL, stpA, nac, zraR, asnC, puuR, melR, yqjI, idnR, nikR, aidB, betI, lldR
272 	 hns, fnr, arcA, soxS, narL, stpA, rhaS, nac, zraR, asnC, puuR, yqjI, nikR, aidB, betI, lldR
273 	 hns, fnr, arcA, soxS, narL, stpA, nac, zraR, asnC, puuR, melR, yqjI, idnR, nikR, aidB, betI, lldR
274 	 hns, fnr, arcA, soxS, narL, stpA, rhaS, nac, zraR, asnC, puuR, yqjI, nikR, aidB, betI, lldR
275 	 fnr, rhaS, zraR, asnC, puuR, nikR, lldR
276 	 hns, fnr, arcA, soxS, narL, stpA, rhaS, nac, asnC, puuR, melR, yqjI, idnR, nikR, aidB, lldR
277 	 rcsB, arcA, soxS, lrp, bglJ, narL, hdfR, rhaS, nac, adiY, cspA, zraR, melR, yqjI, nikR, aidB
278 	 rhaS, melR, idnR
279 	 hns, fnr, arcA, soxS, narL, stpA, rhaS, nac, zraR, asnC, puuR, melR, yqjI, nikR, aidB, lldR
280 	 rhaS, melR, idnR
281 	 rhaS, zraR, melR
282 	 hns, fnr, arcA, soxS, narL, stpA, rhaS, nac, asnC, puuR, melR, yqjI, idnR, nikR, aidB, betI, lldR
283 	 rhaS, zraR, melR
284 	 hns, fnr, arcA, soxS, narL, stpA, rhaS, nac, asnC, puuR, melR, yqjI, idnR, nikR, aidB, betI, lldR
285 	 rhaS, zraR, melR
286 	 rhaS, melR, idnR
287 	 rhaS, zraR, melR
288 	 rhaS, melR, idnR
289 	 hns, fnr, arcA, soxS, narL, stpA, rhaS, nac, zraR, asnC, puuR, melR, yqjI, nikR, aidB, betI, lldR
290 	 hns, fnr, arcA, soxS, narL, stpA, rhaS, nac, asnC, puuR, melR, yqjI, idnR, nikR, aidB, betI, lldR
291 	 hns, fnr, arcA, soxS, narL, stpA, rhaS, nac, zraR, asnC, puuR, melR, yqjI, nikR, aidB, betI, lldR
292 	 hns, fnr, arcA, soxS, narL, stpA, rhaS, nac, asnC, puuR, melR, yqjI, idnR, nikR, aidB, betI, lldR
293 	 hns, fnr, arcA, soxS, narL, stpA, rhaS, nac, zraR, asnC, puuR, melR, yqjI, nikR, aidB, betI, lldR
294 	 rcsB, lrp, bglJ, hdfR, rhaS, adiY, cspA, zraR, idnR, aidB
295 	 fnr, rhaS, zraR, asnC, puuR, idnR, nikR, lldR
296 	 rcsB, arcA, soxS, lrp, bglJ, narL, hdfR, rhaS, nac, adiY, cspA, zraR, yqjI, idnR, nikR, aidB
297 	 hns, fnr, arcA, soxS, narL, stpA, rhaS, nac, zraR, asnC, puuR, yqjI, idnR, nikR, aidB, lldR
298 	 rhaS, zraR, idnR
299 	 rhaS, zraR, idnR
300 	 rhaS, zraR, idnR
301 	 hns, fnr, arcA, soxS, narL, stpA, rhaS, nac, zraR, asnC, puuR, yqjI, idnR, nikR, aidB, betI, lldR
302 	 rhaS, zraR, idnR
303 	 hns, fnr, arcA, soxS, narL, stpA, rhaS, nac, zraR, asnC, puuR, yqjI, idnR, nikR, aidB, betI, lldR
304 	 hns, fnr, arcA, soxS, narL, stpA, rhaS, nac, zraR, asnC, puuR, yqjI, idnR, nikR, aidB, betI, lldR
305 	 hns, fnr, arcA, soxS, narL, stpA, rhaS, nac, zraR, asnC, puuR, yqjI, idnR, nikR, aidB, betI, lldR
306 	 hns, fnr, arcA, soxS, narL, stpA, rhaS, nac, zraR, asnC, puuR, melR, yqjI, nikR, aidB, betI, lldR
307 	 rcsB, lrp, bglJ, hdfR, rhaS, adiY, cspA, zraR, melR, aidB
308 	 fnr, rhaS, zraR, asnC, puuR, melR, nikR, lldR
309 	 rcsB, lrp, bglJ, hdfR, rhaS, adiY, cspA, zraR, melR, idnR, aidB
310 	 rcsB, arcA, soxS, lrp, bglJ, narL, hdfR, rhaS, nac, adiY, cspA, zraR, melR, yqjI, idnR, nikR, aidB
311 	 fnr, rhaS, zraR, asnC, puuR, melR, idnR, nikR, lldR
312 	 hns, fnr, arcA, soxS, narL, stpA, rhaS, nac, zraR, asnC, puuR, melR, yqjI, idnR, nikR, aidB, lldR
313 	 rhaS, zraR, melR, idnR
314 	 rhaS, zraR, melR, idnR
315 	 hns, fnr, arcA, soxS, narL, stpA, rhaS, nac, zraR, asnC, puuR, melR, yqjI, idnR, nikR, aidB, betI, lldR
316 	 hns, fnr, arcA, soxS, narL, stpA, rhaS, nac, zraR, asnC, puuR, melR, yqjI, idnR, nikR, aidB, betI, lldR
317 	 rhaS, zraR, melR, idnR
318 	 rhaS, zraR, melR, idnR
319 	 hns, fnr, arcA, soxS, narL, stpA, rhaS, nac, zraR, asnC, puuR, melR, yqjI, idnR, nikR, aidB, betI, lldR
320 	 hns, fnr, arcA, soxS, narL, stpA, rhaS, nac, zraR, asnC, puuR, melR, yqjI, idnR, nikR, aidB, betI, lldR
