1387 	 zraR, fucR
1695 	 zraR, idnR
1934 	 zraR, idnR, fucR
2587 	 zraR, fucR
3065 	 zraR, idnR
3142 	 zraR, idnR
3706 	 zraR, fucR
3960 	 zraR, idnR, fucR
4795 	 zraR, fucR
5019 	 zraR, idnR
5068 	 zraR, idnR
5479 	 zraR, idnR, fucR
5503 	 zraR, idnR
5618 	 zraR, idnR, fucR
5791 	 zraR, fucR
5930 	 zraR, idnR, fucR
5971 	 zraR, fucR
8187 	 zraR, fucR
8244 	 zraR, idnR
8438 	 zraR, fucR
8439 	 zraR, idnR
8665 	 zraR, fucR
9319 	 zraR, idnR, fucR
9915 	 zraR, rhaS
9987 	 zraR, idnR
10303 	 zraR, rhaS
10354 	 zraR, fucR
11102 	 zraR, idnR
11201 	 zraR, idnR, fucR
11244 	 zraR, fucR
11428 	 zraR, idnR, fucR
11945 	 zraR, idnR
11947 	 zraR, fucR
11949 	 zraR, idnR, fucR
11951 	 zraR, fucR
11953 	 zraR, idnR, fucR
11955 	 zraR, idnR
11957 	 zraR, idnR, fucR
11983 	 zraR, idnR
12001 	 zraR, idnR, fucR
12008 	 zraR, fucR
12010 	 zraR, idnR
12012 	 zraR, idnR, fucR
12079 	 zraR, idnR
12148 	 zraR, fucR
12163 	 zraR, idnR
12165 	 zraR, fucR
12167 	 zraR, idnR, fucR
12171 	 zraR, idnR, fucR
12173 	 zraR, fucR
12175 	 zraR, idnR
12177 	 zraR, idnR, fucR
12181 	 zraR, fucR
12183 	 zraR, idnR
12185 	 zraR, idnR, fucR
12189 	 zraR, fucR
12191 	 zraR, idnR
12193 	 zraR, idnR, fucR
12317 	 zraR, idnR
12319 	 zraR, fucR
12321 	 zraR, fucR
12323 	 zraR, idnR
12325 	 zraR, idnR, fucR
12327 	 zraR, idnR, fucR
12495 	 zraR, fucR
13015 	 zraR, fucR
13529 	 zraR, idnR, fucR
13536 	 zraR, fucR
14219 	 zraR, idnR, rhaS
14331 	 zraR, fucR, rhaS
14384 	 zraR, idnR
14586 	 zraR, idnR, fucR, rhaS
14711 	 zraR, rhaS
14719 	 zraR, fucR, rhaS
14739 	 zraR, rhaS
14882 	 zraR, idnR
14886 	 zraR, idnR, rhaS
14896 	 zraR, idnR
14898 	 zraR, idnR, fucR
14900 	 zraR, idnR, fucR, rhaS
14904 	 zraR, rhaS
14906 	 zraR, fucR
14907 	 zraR, fucR
14910 	 zraR, fucR
14911 	 zraR, idnR
14912 	 zraR, fucR, rhaS
14915 	 zraR, rhaS
14916 	 zraR, idnR, rhaS
14917 	 zraR, idnR
14918 	 zraR, idnR, fucR
14919 	 zraR, idnR
14920 	 zraR, idnR
14923 	 zraR, fucR
14925 	 zraR, fucR
14927 	 zraR, idnR, fucR
14929 	 zraR, idnR, fucR
14931 	 zraR, fucR, rhaS
14933 	 zraR, rhaS
14935 	 zraR, idnR, rhaS
14937 	 zraR, fucR, rhaS
14939 	 zraR, idnR, fucR, rhaS
14941 	 zraR, idnR, fucR, rhaS
14943 	 zraR, rhaS
14946 	 zraR, idnR, fucR
14948 	 zraR, idnR
14952 	 zraR, fucR
14954 	 zraR, idnR
14956 	 zraR, idnR, fucR
14958 	 zraR, idnR, fucR
14960 	 zraR, rhaS
14962 	 zraR, fucR, rhaS
14964 	 zraR, idnR, rhaS
14966 	 zraR, idnR, fucR, rhaS
14972 	 zraR, fucR
14974 	 zraR, fucR
14976 	 zraR, idnR
14978 	 zraR, idnR
14980 	 zraR, idnR, fucR
14982 	 zraR, idnR, fucR
