2 	 zraR, asnC, puuR, araC, lldR, nac, soxR, rob, narL, arcA, fnr
4 	 zraR, nhaR, nikR, nac, soxR, narL, evgA, arcA
5 	 zraR, asnC, puuR, nhaR, lldR, soxS, fnr
6 	 zraR, nhaR, nikR, nac, soxR, narL, evgA, arcA
7 	 zraR, asnC, puuR, nhaR, lldR, evgA, soxS, fnr
8 	 zraR, asnC, puuR, araC, nhaR, nikR, lldR, rob, evgA, fnr
9 	 zraR, asnC, puuR, araC, nhaR, lldR, evgA, soxS, fnr
10 	 zraR, asnC, puuR, araC, nhaR, nikR, lldR, rob, fnr
11 	 zraR, asnC, puuR, nikR, lldR, rob, evgA, fnr
13 	 zraR, asnC, puuR, nhaR, nikR, lldR, rob, evgA, fnr
14 	 zraR, araC, nikR, nac, soxR, narL, evgA, arcA
15 	 zraR, asnC, puuR, nhaR, nikR, lldR, rob, evgA, fnr
16 	 zraR, araC, nikR, nac, soxR, narL, arcA
17 	 zraR, asnC, puuR, araC, nhaR, nikR, lldR, rob, evgA, fnr
18 	 zraR, araC, nhaR, nikR, nac, soxR, narL, evgA, arcA
19 	 zraR, asnC, puuR, nikR, lldR, rob, evgA, fnr
20 	 zraR, asnC, puuR, lldR, evgA, soxS, fnr
21 	 zraR, asnC, puuR, nhaR, nikR, lldR, rob, fnr
23 	 zraR, asnC, puuR, nhaR, nikR, lldR, rob, fnr
24 	 zraR, asnC, puuR, nhaR, nikR, lldR, rob, fnr
25 	 zraR, asnC, puuR, araC, lldR, evgA, soxS, fnr
26 	 zraR, asnC, puuR, nikR, lldR, rob, evgA, fnr
27 	 zraR, asnC, puuR, araC, nhaR, lldR, soxS, fnr
28 	 zraR, asnC, puuR, araC, nikR, lldR, rob, evgA, fnr
29 	 zraR, asnC, puuR, araC, lldR, soxS, fnr
30 	 zraR, asnC, puuR, araC, nhaR, nikR, lldR, rob, fnr
31 	 zraR, asnC, puuR, nhaR, lldR, soxS, fnr
32 	 zraR, asnC, puuR, araC, nikR, lldR, nac, soxR, narL, soxS, arcA, fnr
33 	 zraR, asnC, puuR, lldR, evgA, soxS, fnr
35 	 zraR, asnC, puuR, araC, nhaR, nikR, lldR, rob, evgA, fnr
36 	 zraR, asnC, puuR, araC, nhaR, lldR, soxS, fnr
37 	 zraR, asnC, puuR, araC, nhaR, nikR, lldR, rob, fnr
38 	 zraR, asnC, puuR, araC, lldR, evgA, soxS, fnr
39 	 zraR, asnC, puuR, araC, nikR, lldR, rob, evgA, fnr
40 	 zraR, asnC, puuR, araC, lldR, soxS, fnr
