5 	 evgA
6 	 evgA, fucR
7 	 evgA, melR
8 	 evgA
9 	 evgA, melR, fucR
10 	 evgA, melR
11 	 evgA, tdcA
12 	 melR
13 	 evgA
14 	 evgA, tdcA
15 	 evgA, rhaS
16 	 evgA, tdcA
17 	 evgA, idnR
18 	 evgA, melR
19 	 evgA, fucR, tdcA
20 	 evgA, melR, tdcA
21 	 tdcA
22 	 melR
23 	 evgA, idnR, fucR
24 	 evgA
25 	 evgA, melR, idnR
26 	 evgA, fucR
27 	 idnR
28 	 evgA, melR, fucR
29 	 evgA, fucR
30 	 tdcA
31 	 evgA, idnR
32 	 fucR
33 	 melR
34 	 idnR
35 	 fucR
36 	 evgA, melR, tdcA
37 	 melR, idnR
38 	 evgA, idnR, fucR
39 	 fucR, tdcA
40 	 tdcA
41 	 evgA, idnR
42 	 evgA, melR, idnR
43 	 evgA, fucR, tdcA
44 	 idnR, fucR
45 	 melR, fucR
46 	 melR, tdcA
47 	 evgA, idnR, tdcA
48 	 fucR, tdcA
49 	 evgA, melR, fucR
50 	 melR, idnR
51 	 melR, tdcA
52 	 idnR, tdcA
53 	 idnR, fucR
54 	 melR, fucR
55 	 fucR
56 	 idnR
57 	 evgA, idnR, tdcA
58 	 evgA, idnR, fucR
59 	 evgA, melR, idnR, fucR
60 	 idnR, tdcA
61 	 idnR, fucR
62 	 evgA, idnR, fucR, tdcA
63 	 idnR, fucR, tdcA
64 	 evgA, melR, idnR, fucR
65 	 melR, idnR, fucR
66 	 evgA, idnR, fucR, tdcA
67 	 idnR, fucR, tdcA
68 	 melR, idnR, fucR
69 	 evgA, melR, fucR, tdcA
70 	 evgA, idnR, tdcA
71 	 evgA, melR, fucR, tdcA
72 	 evgA, melR, idnR
73 	 evgA, fucR, tdcA
74 	 evgA, melR, idnR, tdcA
75 	 melR, fucR
76 	 idnR, tdcA
77 	 melR, fucR, tdcA
78 	 melR, idnR
79 	 fucR, tdcA
80 	 evgA, melR, idnR, tdcA
81 	 evgA, melR, idnR, fucR
82 	 evgA, idnR, fucR, tdcA
83 	 melR, fucR, tdcA
84 	 melR, idnR, fucR
85 	 idnR, fucR, tdcA
86 	 melR, idnR, tdcA
87 	 evgA, fucR
88 	 fucR
89 	 evgA, idnR
90 	 idnR
91 	 evgA, idnR, fucR
92 	 idnR, fucR
93 	 evgA, melR
94 	 evgA, tdcA
95 	 melR, idnR, tdcA
96 	 tdcA
97 	 evgA, melR, idnR, fucR, tdcA
98 	 evgA, idnR, tdcA
99 	 melR, idnR, fucR, tdcA
100 	 idnR, tdcA
101 	 evgA, melR, idnR, fucR, tdcA
102 	 evgA, fucR, tdcA
103 	 melR, idnR, fucR, tdcA
104 	 fucR, tdcA
105 	 evgA, idnR, fucR, tdcA
106 	 melR
107 	 idnR, fucR, tdcA
108 	 evgA, melR, fucR
109 	 evgA, melR, tdcA
110 	 evgA, melR, idnR
111 	 melR, tdcA
112 	 melR, idnR
113 	 evgA, melR, fucR, tdcA
114 	 melR, fucR
115 	 melR, fucR, tdcA
116 	 evgA, melR, idnR, fucR
117 	 evgA, melR, idnR, tdcA
118 	 melR, idnR, fucR
119 	 melR, idnR, tdcA
120 	 evgA, melR, idnR, fucR, tdcA
121 	 melR, idnR, fucR, tdcA
122 	 evgA, melR, tdcA
123 	 melR, tdcA
124 	 evgA, melR, fucR, tdcA
125 	 evgA, melR, idnR, tdcA
126 	 melR, fucR, tdcA
127 	 melR, idnR, tdcA
128 	 evgA, melR, idnR, fucR, tdcA
129 	 melR, idnR, fucR, tdcA
130 	 evgA, rhaR, rhaS
131 	 evgA, rhaS
132 	 rhaS
133 	 rhaR, rhaS
134 	 evgA, rhaR, rhaS
135 	 rhaS
136 	 rhaR, rhaS
137 	 evgA, rhaS, idnR
138 	 evgA, rhaS, idnR
139 	 evgA, rhaR, rhaS, idnR
140 	 rhaS, idnR
141 	 evgA, rhaR, rhaS, idnR
142 	 rhaR, rhaS, idnR
143 	 rhaS, idnR
144 	 rhaR, rhaS, idnR
145 	 evgA, rhaS, fucR
146 	 evgA, rhaR, rhaS, fucR
147 	 rhaS, fucR
148 	 evgA, rhaS, fucR
149 	 rhaR, rhaS, fucR
150 	 rhaS, fucR
151 	 evgA, rhaR, rhaS, fucR
152 	 rhaR, rhaS, fucR
153 	 evgA, rhaS, idnR, fucR
154 	 evgA, rhaR, rhaS, idnR, fucR
155 	 evgA, rhaS, idnR, fucR
156 	 evgA, rhaR, rhaS, idnR, fucR
157 	 rhaS, idnR, fucR
158 	 rhaR, rhaS, idnR, fucR
159 	 rhaS, idnR, fucR
160 	 rhaR, rhaS, idnR, fucR
161 	 evgA, rhaS, tdcA
162 	 evgA, rhaS, melR
163 	 evgA, rhaR, rhaS, tdcA
164 	 rhaS, melR
165 	 evgA, rhaS, tdcA
166 	 evgA, rhaR, rhaS, melR
167 	 rhaS, tdcA
168 	 evgA, rhaS, melR
169 	 rhaR, rhaS, tdcA
170 	 rhaS, melR
171 	 evgA, rhaR, rhaS, tdcA
172 	 evgA, rhaR, rhaS, melR
173 	 rhaS, tdcA
174 	 rhaR, rhaS, melR
175 	 rhaR, rhaS, tdcA
176 	 rhaR, rhaS, melR
177 	 evgA, rhaS, idnR, tdcA
178 	 evgA, rhaS, melR, fucR
179 	 evgA, rhaS, fucR, tdcA
180 	 evgA, rhaS, melR, idnR
181 	 evgA, rhaR, rhaS, idnR, tdcA
182 	 evgA, rhaS, melR, fucR
183 	 rhaS, fucR, tdcA
184 	 evgA, rhaR, rhaS, melR, idnR
185 	 evgA, rhaS, idnR, tdcA
186 	 rhaS, melR, fucR
187 	 evgA, rhaR, rhaS, fucR, tdcA
188 	 evgA, rhaS, melR, idnR
189 	 rhaS, idnR, tdcA
190 	 evgA, rhaR, rhaS, melR, fucR
191 	 evgA, rhaS, fucR, tdcA
192 	 rhaS, melR, idnR
193 	 evgA, rhaR, rhaS, idnR, tdcA
194 	 rhaS, melR, fucR
195 	 rhaR, rhaS, fucR, tdcA
196 	 evgA, rhaR, rhaS, melR, idnR
197 	 rhaS, idnR, tdcA
198 	 rhaR, rhaS, melR, fucR
199 	 evgA, rhaR, rhaS, fucR, tdcA
200 	 rhaS, melR, idnR
201 	 rhaR, rhaS, idnR, tdcA
202 	 evgA, rhaR, rhaS, melR, fucR
203 	 rhaS, fucR, tdcA
204 	 rhaR, rhaS, melR, idnR
205 	 rhaR, rhaS, idnR, tdcA
206 	 rhaR, rhaS, melR, fucR
207 	 rhaR, rhaS, fucR, tdcA
208 	 rhaR, rhaS, melR, idnR
209 	 evgA, rhaS, idnR, fucR, tdcA
210 	 evgA, rhaS, melR, idnR, fucR
211 	 evgA, rhaS, idnR, fucR, tdcA
212 	 rhaS, melR, idnR, fucR
213 	 evgA, rhaR, rhaS, idnR, fucR, tdcA
214 	 evgA, rhaS, melR, idnR, fucR
215 	 rhaS, idnR, fucR, tdcA
216 	 evgA, rhaR, rhaS, melR, idnR, fucR
217 	 rhaS, idnR, fucR, tdcA
218 	 rhaR, rhaS, melR, idnR, fucR
219 	 evgA, rhaR, rhaS, idnR, fucR, tdcA
220 	 evgA, rhaR, rhaS, melR, idnR, fucR
221 	 rhaR, rhaS, idnR, fucR, tdcA
222 	 rhaS, melR, idnR, fucR
223 	 rhaR, rhaS, idnR, fucR, tdcA
224 	 rhaR, rhaS, melR, idnR, fucR
225 	 evgA, rhaS
226 	 rhaS
227 	 evgA, rhaS, melR, tdcA
228 	 evgA, rhaR, rhaS
229 	 evgA, rhaR, rhaS, melR, tdcA
230 	 rhaR, rhaS
231 	 rhaS, melR, tdcA
232 	 evgA, rhaS, idnR
233 	 rhaR, rhaS, melR, tdcA
234 	 evgA, rhaR, rhaS, idnR
235 	 evgA, rhaS, melR, tdcA
236 	 rhaS, idnR
237 	 evgA, rhaR, rhaS, melR, tdcA
238 	 rhaR, rhaS, idnR
239 	 rhaS, melR, tdcA
240 	 evgA, rhaS, fucR
241 	 rhaR, rhaS, melR, tdcA
242 	 rhaS, fucR
243 	 evgA, rhaS, melR, fucR, tdcA
244 	 evgA, rhaR, rhaS, fucR
245 	 evgA, rhaR, rhaS, melR, fucR, tdcA
246 	 rhaR, rhaS, fucR
247 	 rhaS, melR, fucR, tdcA
248 	 evgA, rhaS, idnR, fucR
249 	 rhaR, rhaS, melR, fucR, tdcA
250 	 evgA, rhaR, rhaS, idnR, fucR
251 	 evgA, rhaS, melR, fucR, tdcA
252 	 rhaS, idnR, fucR
253 	 evgA, rhaR, rhaS, melR, fucR, tdcA
254 	 rhaR, rhaS, idnR, fucR
255 	 rhaS, melR, fucR, tdcA
256 	 evgA, rhaS
257 	 evgA, rhaS, melR, idnR, tdcA
258 	 evgA, rhaR, rhaS
259 	 rhaR, rhaS, melR, fucR, tdcA
260 	 rhaS
261 	 evgA, rhaR, rhaS, melR, idnR, tdcA
262 	 rhaR, rhaS
263 	 evgA, rhaS, melR, idnR, tdcA
264 	 evgA, rhaS, idnR
265 	 rhaS, melR, idnR, tdcA
266 	 rhaS, idnR
267 	 rhaR, rhaS, melR, idnR, tdcA
268 	 evgA, rhaR, rhaS, idnR
269 	 rhaS, melR, idnR, tdcA
270 	 rhaR, rhaS, idnR
271 	 evgA, rhaR, rhaS, melR, idnR, tdcA
272 	 evgA, rhaS, fucR
273 	 rhaR, rhaS, melR, idnR, tdcA
274 	 rhaS, fucR
275 	 evgA, rhaS, melR, idnR, fucR, tdcA
276 	 evgA, rhaR, rhaS, fucR
277 	 rhaS, melR, idnR, fucR, tdcA
278 	 rhaR, rhaS, fucR
279 	 evgA, rhaS, melR, idnR, fucR, tdcA
280 	 evgA, rhaS, idnR, fucR
281 	 evgA, rhaR, rhaS, melR, idnR, fucR, tdcA
282 	 rhaS, idnR, fucR
283 	 rhaR, rhaS, melR, idnR, fucR, tdcA
284 	 evgA, rhaR, rhaS, idnR, fucR
285 	 evgA, rhaR, rhaS, melR, idnR, fucR, tdcA
286 	 rhaR, rhaS, idnR, fucR
287 	 rhaS, melR, idnR, fucR, tdcA
288 	 evgA, rhaS, melR
289 	 rhaR, rhaS, melR, idnR, fucR, tdcA
290 	 rhaS, melR
291 	 evgA, rhaS, tdcA
292 	 evgA, rhaR, rhaS, melR
293 	 evgA, rhaR, rhaS, tdcA
294 	 rhaR, rhaS, melR
295 	 rhaS, tdcA
296 	 evgA, rhaS, melR, idnR
297 	 rhaR, rhaS, tdcA
298 	 evgA, rhaR, rhaS, melR, idnR
299 	 evgA, rhaS, fucR, tdcA
300 	 rhaS, melR, idnR
301 	 evgA, rhaR, rhaS, fucR, tdcA
302 	 rhaR, rhaS, melR, idnR
303 	 rhaS, fucR, tdcA
304 	 evgA, rhaS, melR, fucR
305 	 rhaR, rhaS, fucR, tdcA
306 	 rhaS, melR, fucR
307 	 evgA, rhaS, idnR, tdcA
308 	 evgA, rhaR, rhaS, melR, fucR
309 	 evgA, rhaR, rhaS, idnR, tdcA
310 	 rhaR, rhaS, melR, fucR
311 	 rhaS, idnR, tdcA
312 	 evgA, rhaS, melR, idnR, fucR
313 	 rhaR, rhaS, idnR, tdcA
314 	 evgA, rhaR, rhaS, melR, idnR, fucR
315 	 evgA, rhaS, idnR, fucR, tdcA
316 	 rhaS, melR, idnR, fucR
317 	 evgA, rhaR, rhaS, idnR, fucR, tdcA
318 	 rhaR, rhaS, melR, idnR, fucR
319 	 rhaS, idnR, fucR, tdcA
320 	 evgA, rhaS, melR
321 	 rhaR, rhaS, idnR, fucR, tdcA
322 	 evgA, rhaS, tdcA
323 	 evgA, rhaS, melR, tdcA
324 	 rhaS, tdcA
325 	 evgA, rhaR, rhaS, melR, tdcA
326 	 evgA, rhaR, rhaS, tdcA
327 	 rhaS, melR, tdcA
328 	 rhaR, rhaS, tdcA
329 	 rhaR, rhaS, melR, tdcA
330 	 evgA, rhaS, idnR, tdcA
331 	 evgA, rhaS, melR, idnR, tdcA
332 	 evgA, rhaR, rhaS, idnR, tdcA
333 	 rhaS, melR, idnR, tdcA
334 	 rhaS, idnR, tdcA
335 	 evgA, rhaR, rhaS, melR, idnR, tdcA
336 	 rhaR, rhaS, idnR, tdcA
337 	 rhaR, rhaS, melR, idnR, tdcA
338 	 evgA, rhaS, fucR, tdcA
339 	 evgA, rhaS, melR, fucR, tdcA
340 	 rhaS, fucR, tdcA
341 	 evgA, rhaR, rhaS, melR, fucR, tdcA
342 	 evgA, rhaR, rhaS, fucR, tdcA
343 	 rhaS, melR, fucR, tdcA
344 	 rhaR, rhaS, fucR, tdcA
345 	 rhaR, rhaS, melR, fucR, tdcA
346 	 evgA, rhaS, idnR, fucR, tdcA
347 	 evgA, rhaS, melR, idnR, fucR, tdcA
348 	 evgA, rhaR, rhaS, idnR, fucR, tdcA
349 	 rhaS, melR, idnR, fucR, tdcA
350 	 rhaS, idnR, fucR, tdcA
351 	 evgA, rhaR, rhaS, melR, idnR, fucR, tdcA
352 	 rhaR, rhaS, idnR, fucR, tdcA
353 	 rhaR, rhaS, melR, idnR, fucR, tdcA
354 	 evgA, rhaR, rhaS, melR
355 	 rhaS, melR
356 	 rhaR, rhaS, melR
357 	 evgA, rhaS, melR, idnR
358 	 evgA, rhaS, melR, fucR
359 	 rhaS, melR, idnR
360 	 evgA, rhaR, rhaS, melR, fucR
361 	 evgA, rhaR, rhaS, melR, idnR
362 	 rhaS, melR, fucR
363 	 rhaR, rhaS, melR, idnR
364 	 rhaR, rhaS, melR, fucR
365 	 evgA, rhaS, melR, idnR, fucR
366 	 evgA, rhaR, rhaS, melR, idnR, fucR
367 	 rhaS, melR, idnR, fucR
368 	 rhaR, rhaS, melR, idnR, fucR
369 	 evgA, rhaS, melR, tdcA
370 	 evgA, rhaR, rhaS, melR, tdcA
371 	 rhaS, melR, tdcA
372 	 rhaR, rhaS, melR, tdcA
373 	 evgA, rhaS, melR, fucR, tdcA
374 	 evgA, rhaS, melR, idnR, tdcA
375 	 rhaS, melR, fucR, tdcA
376 	 evgA, rhaR, rhaS, melR, idnR, tdcA
377 	 evgA, rhaR, rhaS, melR, fucR, tdcA
378 	 rhaS, melR, idnR, tdcA
379 	 rhaR, rhaS, melR, fucR, tdcA
380 	 rhaR, rhaS, melR, idnR, tdcA
381 	 evgA, rhaS, melR, idnR, fucR, tdcA
382 	 evgA, rhaR, rhaS, melR, idnR, fucR, tdcA
383 	 rhaS, melR, idnR, fucR, tdcA
384 	 rhaR, rhaS, melR, idnR, fucR, tdcA
