16 	 rhaR, rhaS
18 	 rhaR, rhaS
20 	 melR
22 	 melR
24 	 rhaR, rhaS, melR
26 	 rhaR, rhaS, melR
28 	 idnR
30 	 idnR
35 	 melR
36 	 melR
38 	 rhaR, rhaS
40 	 rhaR, rhaS
41 	 araC
42 	 rhaR, rhaS, melR
43 	 araC
44 	 rhaR, rhaS, melR
45 	 araC
46 	 idnR
47 	 araC
48 	 idnR
49 	 melR, araC
50 	 melR, idnR
51 	 melR, araC
52 	 melR, idnR
53 	 melR, araC
54 	 melR, idnR
55 	 melR, araC
56 	 melR, idnR
58 	 rhaR, rhaS, idnR
60 	 rhaR, rhaS, idnR
62 	 rhaR, rhaS, idnR
64 	 rhaR, rhaS, idnR
66 	 rhaR, rhaS, melR, idnR
68 	 rhaR, rhaS, melR, idnR
72 	 melR
73 	 melR
74 	 melR
75 	 melR
76 	 idnR
77 	 idnR
78 	 idnR
79 	 idnR
80 	 melR, idnR
81 	 melR, idnR
82 	 melR, idnR
83 	 melR, idnR
84 	 rhaR, rhaS
86 	 rhaR, rhaS
88 	 rhaR, rhaS
90 	 rhaR, rhaS
91 	 araC
92 	 rhaR, rhaS, melR
93 	 araC
94 	 rhaR, rhaS, melR
95 	 araC
96 	 rhaR, rhaS, melR
97 	 araC
98 	 rhaR, rhaS, melR
99 	 melR, araC
100 	 rhaR, rhaS, melR, idnR
101 	 melR, araC
102 	 rhaR, rhaS, melR, idnR
103 	 melR, araC
104 	 rhaR, rhaS, idnR
105 	 melR, araC
106 	 rhaR, rhaS, idnR
107 	 araC, idnR
108 	 rhaR, rhaS, idnR
109 	 araC, idnR
110 	 rhaR, rhaS, idnR
111 	 araC, idnR
112 	 rhaR, rhaS, melR, idnR
113 	 araC, idnR
114 	 rhaR, rhaS, melR, idnR
115 	 melR, araC, idnR
116 	 rhaR, rhaS, melR, idnR
117 	 melR, araC, idnR
118 	 rhaR, rhaS, melR, idnR
119 	 melR, araC, idnR
120 	 fucR
121 	 melR, araC, idnR
122 	 fucR
123 	 araC, idnR
124 	 fucR
125 	 araC, idnR
126 	 fucR
127 	 araC, idnR
128 	 melR, fucR
129 	 araC, idnR
130 	 melR, fucR
131 	 melR, araC, idnR
132 	 melR, fucR
133 	 melR, araC, idnR
134 	 melR, fucR
135 	 melR, araC, idnR
136 	 fucR
137 	 melR, araC, idnR
138 	 fucR
139 	 fucR
140 	 fucR
141 	 melR, fucR
142 	 melR, fucR
143 	 melR, fucR
144 	 melR, fucR
145 	 idnR, fucR
146 	 idnR, fucR
147 	 idnR, fucR
148 	 idnR, fucR
149 	 melR, idnR, fucR
150 	 idnR, fucR
151 	 melR, idnR, fucR
152 	 melR, idnR, fucR
153 	 melR, idnR, fucR
154 	 idnR, fucR
155 	 idnR, fucR
156 	 idnR, fucR
157 	 melR, idnR, fucR
158 	 melR, idnR, fucR
159 	 melR, idnR, fucR
160 	 melR, idnR, fucR
161 	 araC, fucR
162 	 araC, fucR
163 	 araC, fucR
164 	 araC, fucR
165 	 melR, araC, fucR
166 	 melR, araC, fucR
167 	 melR, araC, fucR
168 	 melR, araC, fucR
169 	 araC, fucR
170 	 araC, fucR
171 	 araC, fucR
172 	 araC, fucR
173 	 melR, araC, fucR
174 	 melR, araC, fucR
175 	 melR, araC, fucR
176 	 melR, araC, fucR
177 	 araC, idnR, fucR
178 	 araC, idnR, fucR
179 	 araC, idnR, fucR
180 	 araC, idnR, fucR
181 	 melR, araC, idnR, fucR
182 	 melR, araC, idnR, fucR
183 	 melR, araC, idnR, fucR
184 	 melR, araC, idnR, fucR
185 	 araC, idnR, fucR
186 	 araC, idnR, fucR
187 	 araC, idnR, fucR
188 	 araC, idnR, fucR
189 	 melR, araC, idnR, fucR
190 	 melR, araC, idnR, fucR
191 	 melR, araC, idnR, fucR
192 	 melR, araC, idnR, fucR
193 	 rhaR, rhaS, fucR
194 	 rhaR, rhaS, araC
195 	 rhaR, rhaS, fucR
196 	 rhaR, rhaS, araC
197 	 rhaR, rhaS, fucR
198 	 rhaR, rhaS, araC
199 	 rhaR, rhaS, fucR
200 	 rhaR, rhaS, araC
201 	 rhaR, rhaS, melR, fucR
202 	 rhaR, rhaS, melR, araC
203 	 rhaR, rhaS, melR, fucR
204 	 rhaR, rhaS, melR, araC
205 	 rhaR, rhaS, melR, fucR
206 	 rhaR, rhaS, melR, araC
207 	 rhaR, rhaS, melR, fucR
208 	 rhaR, rhaS, melR, araC
209 	 rhaR, rhaS, fucR
210 	 rhaR, rhaS, araC
211 	 rhaR, rhaS, fucR
212 	 rhaR, rhaS, araC
213 	 rhaR, rhaS, fucR
214 	 rhaR, rhaS, araC
215 	 rhaR, rhaS, fucR
216 	 rhaR, rhaS, araC
217 	 rhaR, rhaS, melR, fucR
218 	 rhaR, rhaS, melR, araC
219 	 rhaR, rhaS, melR, fucR
220 	 rhaR, rhaS, melR, araC
221 	 rhaR, rhaS, melR, fucR
222 	 rhaR, rhaS, melR, araC
223 	 rhaR, rhaS, melR, fucR
224 	 rhaR, rhaS, melR, araC
225 	 rhaR, rhaS, idnR, fucR
226 	 rhaR, rhaS, araC, idnR
227 	 rhaR, rhaS, idnR, fucR
228 	 rhaR, rhaS, araC, idnR
229 	 rhaR, rhaS, idnR, fucR
230 	 rhaR, rhaS, araC, idnR
231 	 rhaR, rhaS, idnR, fucR
232 	 rhaR, rhaS, araC, idnR
233 	 rhaR, rhaS, melR, idnR, fucR
234 	 rhaR, rhaS, melR, araC, idnR
235 	 rhaR, rhaS, melR, idnR, fucR
236 	 rhaR, rhaS, melR, araC, idnR
237 	 rhaR, rhaS, melR, idnR, fucR
238 	 rhaR, rhaS, melR, araC, idnR
239 	 rhaR, rhaS, melR, idnR, fucR
240 	 rhaR, rhaS, melR, araC, idnR
241 	 rhaR, rhaS, idnR, fucR
242 	 rhaR, rhaS, araC, idnR
243 	 rhaR, rhaS, idnR, fucR
244 	 rhaR, rhaS, araC, idnR
245 	 rhaR, rhaS, idnR, fucR
246 	 rhaR, rhaS, araC, idnR
247 	 rhaR, rhaS, idnR, fucR
248 	 rhaR, rhaS, araC, idnR
249 	 rhaR, rhaS, melR, idnR, fucR
250 	 rhaR, rhaS, melR, araC, idnR
251 	 rhaR, rhaS, melR, idnR, fucR
252 	 rhaR, rhaS, melR, araC, idnR
253 	 rhaR, rhaS, melR, idnR, fucR
254 	 rhaR, rhaS, melR, araC, idnR
255 	 rhaR, rhaS, melR, idnR, fucR
256 	 rhaR, rhaS, melR, araC, idnR
257 	 rhaR, rhaS, araC, fucR
258 	 rhaR, rhaS, araC, fucR
259 	 rhaR, rhaS, araC, fucR
260 	 rhaR, rhaS, araC, fucR
261 	 rhaR, rhaS, melR, araC, fucR
262 	 rhaR, rhaS, melR, araC, fucR
263 	 rhaR, rhaS, melR, araC, fucR
264 	 rhaR, rhaS, melR, araC, fucR
265 	 rhaR, rhaS, araC, fucR
266 	 rhaR, rhaS, araC, fucR
267 	 rhaR, rhaS, araC, fucR
268 	 rhaR, rhaS, araC, fucR
269 	 rhaR, rhaS, melR, araC, fucR
270 	 rhaR, rhaS, melR, araC, fucR
271 	 rhaR, rhaS, melR, araC, fucR
272 	 rhaR, rhaS, melR, araC, fucR
273 	 rhaR, rhaS, araC, idnR, fucR
274 	 rhaR, rhaS, araC, idnR, fucR
275 	 rhaR, rhaS, araC, idnR, fucR
276 	 rhaR, rhaS, araC, idnR, fucR
277 	 rhaR, rhaS, melR, araC, idnR, fucR
278 	 rhaR, rhaS, melR, araC, idnR, fucR
279 	 rhaR, rhaS, melR, araC, idnR, fucR
280 	 rhaR, rhaS, melR, araC, idnR, fucR
281 	 rhaR, rhaS, araC, idnR, fucR
282 	 rhaR, rhaS, araC, idnR, fucR
283 	 rhaR, rhaS, araC, idnR, fucR
284 	 rhaR, rhaS, araC, idnR, fucR
285 	 rhaR, rhaS, melR, araC, idnR, fucR
286 	 rhaR, rhaS, melR, araC, idnR, fucR
287 	 rhaR, rhaS, melR, araC, idnR, fucR
288 	 rhaR, rhaS, melR, araC, idnR, fucR
