2 	 gadE, rcsA, ydeO, gadW
3 	 gadE, rcsA, ydeO, gadW, araC
4 	 gadE, rcsA, ydeO, gadW, araC
5 	 gadE, rcsA, ydeO, gadW
6 	 gadE, rcsA, ydeO, gadW, cadC, araC
7 	 gadE, rcsA, ydeO, gadW, araC
9 	 gadE, rcsA, ydeO, gadW, cadC, araC
10 	 gadX, cadC, araC
11 	 gadE, rcsA, ydeO, gadW, cadC, araC, idnR
12 	 gadE, rcsA, ydeO, gadW, cadC, araC
13 	 gadX, cadC, araC
14 	 gadE, rcsA, ydeO, gadW, cadC, melR, araC
15 	 gadE, rcsA, ydeO, gadW, cadC
23 	 gadX, cadC, araC
24 	 gadX, cadC
25 	 gadX, cadC, melR, araC
26 	 gadX, cadC, araC
27 	 gadX, cadC, araC
28 	 gadX, cadC, melR, araC
29 	 gadX, araC
30 	 gadX, cadC, araC, fucR
31 	 gadX, melR, araC
32 	 gadX, cadC
33 	 gadX, araC
34 	 gadX, cadC, melR
35 	 gadX, araC
36 	 gadX, cadC
37 	 gadX, araC, fucR
38 	 gadX, cadC
39 	 gadX, cadC, araC, fucR
40 	 gadX, cadC, araC, idnR
41 	 gadX, cadC, melR, araC, idnR
42 	 gadX, cadC, araC
43 	 gadX, cadC, idnR
44 	 gadX, cadC, araC, fucR
45 	 gadX, cadC, araC, idnR
46 	 gadX, cadC, fucR
47 	 gadX, cadC, melR, araC
48 	 gadX, cadC, araC, fucR
49 	 gadX
50 	 gadX, cadC, araC
51 	 gadX, araC, idnR
52 	 gadX, cadC, melR, araC
53 	 gadX, cadC, araC, idnR
54 	 gadX, cadC, melR, araC, fucR
55 	 gadX, melR, araC
56 	 gadX, cadC, fucR
57 	 gadX, cadC, araC
58 	 gadX, fucR
59 	 gadX, cadC, araC, idnR
60 	 gadX, cadC, melR, araC, fucR
61 	 gadX, idnR
62 	 gadX, cadC, melR, araC, fucR
63 	 gadX, cadC, araC, idnR
64 	 gadX, melR
65 	 gadX, cadC, araC
66 	 gadX, cadC
67 	 gadX, cadC
68 	 gadX, araC, idnR
69 	 gadX, cadC, araC, fucR
70 	 gadX, cadC, melR, idnR
71 	 gadX, cadC, araC, idnR, fucR
72 	 gadX, cadC, melR, araC
73 	 gadX, cadC, araC, fucR
74 	 gadX, cadC, melR, araC, idnR
75 	 gadX, cadC, fucR
76 	 gadX, araC
77 	 gadX, cadC, araC
78 	 gadX, araC, idnR
79 	 gadX, cadC, araC, fucR
80 	 gadX, araC, idnR, fucR
81 	 gadX, cadC, araC
82 	 gadX, araC
83 	 gadX, cadC, melR, fucR
84 	 gadX, cadC, araC
85 	 gadX, cadC, melR, araC, idnR, fucR
86 	 gadX, araC
87 	 gadX, cadC, araC, idnR, fucR
88 	 gadX, cadC
89 	 gadX, cadC
90 	 gadX, melR, araC, idnR
91 	 gadX, cadC
92 	 gadX, melR, idnR
93 	 gadX, cadC, araC, fucR
94 	 gadX, cadC, melR, araC, idnR
95 	 gadX, cadC, araC
96 	 gadX, cadC, idnR, fucR
97 	 gadX, araC, fucR
98 	 gadX, cadC, melR
99 	 gadX, cadC, araC
100 	 gadX, cadC, idnR
101 	 gadX, cadC, araC, fucR
102 	 gadX, cadC, idnR
103 	 gadX, cadC, araC, idnR
104 	 gadX, melR, araC, fucR
105 	 gadX, cadC, araC, idnR
106 	 gadX, melR, fucR
107 	 gadX, cadC, araC, idnR
108 	 gadX, cadC, idnR
109 	 gadX, cadC, araC, idnR, fucR
110 	 gadX, cadC, idnR
111 	 gadX, cadC, araC, idnR, fucR
112 	 gadX, cadC, idnR
113 	 gadX, cadC, melR, araC
114 	 gadX, cadC, araC, idnR
115 	 gadX, cadC, melR, araC, idnR
116 	 gadX, cadC
117 	 gadX, cadC, melR, araC, fucR
118 	 gadX, cadC, idnR
119 	 gadX, cadC, melR, araC, idnR, fucR
120 	 gadX, cadC
121 	 gadX, cadC, melR, araC, idnR, fucR
122 	 gadX, cadC, idnR
123 	 gadX, cadC, melR, araC, fucR
124 	 gadX, cadC, idnR
125 	 gadX, cadC, melR, araC, idnR, fucR
126 	 gadX, cadC, araC
127 	 gadX, araC
128 	 gadX, cadC, araC, idnR
129 	 gadX, araC, idnR
130 	 gadX, araC, idnR
131 	 gadX, melR, araC
132 	 gadX
133 	 gadX, melR, araC, idnR
134 	 gadX
135 	 gadX, melR, araC
136 	 gadX, idnR
137 	 gadX, melR, araC, idnR
138 	 gadX
139 	 gadX, melR, araC, idnR
140 	 gadX, idnR
141 	 gadX, araC, fucR
142 	 gadX, idnR
143 	 gadX, araC, idnR, fucR
144 	 gadX, araC
145 	 gadX, araC, idnR, fucR
146 	 gadX, araC
147 	 gadX, araC, fucR
148 	 gadX, araC, idnR
149 	 gadX, araC, idnR, fucR
150 	 gadX, araC, idnR
151 	 gadX, melR, araC, fucR
152 	 gadX, araC, idnR
153 	 gadX, melR, araC, fucR
154 	 gadX, araC
155 	 gadX, cadC, araC
156 	 gadX, cadC, melR
157 	 gadX, melR, araC, idnR, fucR
158 	 gadX, araC, idnR
159 	 gadX, cadC, araC, idnR
160 	 gadX, cadC, melR
161 	 gadX, melR, araC, idnR, fucR
162 	 gadX
163 	 gadX, cadC, araC, idnR
164 	 gadX, cadC, melR
165 	 gadX, melR, araC, idnR, fucR
166 	 gadX
167 	 gadX, cadC, araC, idnR
168 	 gadX, cadC, melR, idnR
169 	 gadX, melR, araC, fucR
170 	 gadX
171 	 gadX, cadC, araC, idnR
172 	 gadX
173 	 gadX, melR, araC, idnR, fucR
174 	 gadX, cadC, araC, idnR
175 	 gadX, cadC, melR, araC, idnR
176 	 gadX, idnR
177 	 gadX, cadC, melR, idnR
178 	 gadX, idnR
179 	 gadX, cadC, melR, idnR
180 	 gadX, idnR
181 	 gadX, cadC, fucR
182 	 gadX, idnR
183 	 gadX, cadC, idnR, fucR
184 	 gadX, cadC, araC, idnR, fucR
185 	 gadX, cadC, idnR, fucR
186 	 gadX, cadC, araC, idnR, fucR
187 	 gadX, cadC, fucR
188 	 gadX, cadC, araC, idnR, fucR
189 	 gadX, cadC, idnR, fucR
190 	 gadX, cadC, araC, idnR, fucR
191 	 gadX, cadC, melR, fucR
192 	 gadX, araC, fucR
193 	 gadX, cadC, melR, fucR
194 	 gadX, araC, fucR
195 	 gadX, cadC, araC, idnR
196 	 gadX, araC, idnR, fucR
197 	 gadX, cadC, idnR
198 	 gadX, araC, idnR, fucR
199 	 gadX, cadC
200 	 gadX, araC, fucR
201 	 gadX, cadC, idnR
202 	 gadX, araC, fucR
203 	 gadX, cadC
204 	 gadX, araC, idnR, fucR
205 	 gadX, cadC, idnR
206 	 gadX, araC, idnR, fucR
207 	 gadX, cadC
208 	 gadX, cadC, melR, araC, idnR
209 	 gadX, cadC
210 	 gadX, cadC, melR, araC
211 	 gadX, cadC, idnR
212 	 gadX, cadC, melR, araC
213 	 gadX, cadC, idnR
214 	 gadX, cadC, melR, araC, idnR
215 	 gadX, cadC, idnR
216 	 gadX, cadC, melR, araC, idnR
217 	 gadX, cadC
218 	 gadX, melR, araC
219 	 gadX, cadC, idnR
220 	 gadX, melR, araC, idnR
221 	 gadX, cadC, melR, araC
222 	 gadX, melR, araC
223 	 gadX, cadC, melR, araC
224 	 gadX, melR, araC, idnR
225 	 gadX, cadC, melR, araC
226 	 gadX, melR, araC
227 	 gadX, cadC, melR, araC
228 	 gadX, melR, araC
229 	 gadX, cadC, melR, araC
230 	 gadX, melR, araC, idnR
231 	 gadX, cadC, melR, araC, idnR
232 	 gadX, melR, araC, idnR
233 	 gadX, cadC, melR, araC
234 	 gadX, cadC, melR, araC, fucR
235 	 gadX, cadC, melR, araC, idnR
236 	 gadX, cadC, melR, araC, idnR, fucR
237 	 gadX, cadC, melR, araC, idnR
238 	 gadX, cadC, melR, araC, fucR
239 	 gadX, cadC, melR, araC, idnR
240 	 gadX, cadC, melR, araC, idnR, fucR
241 	 gadX, cadC, melR, araC
242 	 gadX, cadC, melR, araC, idnR, fucR
243 	 gadX, cadC, melR, araC
244 	 gadX, cadC, melR, araC, fucR
245 	 gadX, cadC, melR, araC, idnR
246 	 gadX, cadC, melR, araC, idnR, fucR
247 	 gadX, cadC, melR, araC, idnR
248 	 gadX, melR, araC, fucR
249 	 gadX, cadC, melR, araC, idnR
250 	 gadX, melR, araC, fucR
251 	 gadX, cadC, melR, araC, idnR
252 	 gadX, melR, araC, fucR
253 	 gadX, cadC, araC, fucR
254 	 gadX, melR, araC, fucR
255 	 gadX, cadC, melR
256 	 gadX, melR, araC, idnR, fucR
257 	 gadX, cadC, melR
258 	 gadX, melR, araC, idnR, fucR
259 	 gadX, cadC, melR, idnR
260 	 gadX, melR, araC, idnR, fucR
261 	 gadX, cadC, melR, idnR
262 	 gadX, melR, araC, idnR, fucR
263 	 gadX, cadC, melR, idnR
264 	 gadX, melR
265 	 gadX, cadC, melR, idnR, fucR
266 	 gadX, cadC, idnR, fucR
267 	 gadX, melR, idnR
268 	 gadX, cadC, fucR
269 	 gadX, cadC, melR, fucR
270 	 gadX, araC
271 	 gadX, cadC, araC, fucR
272 	 gadX, araC
273 	 gadX, cadC, araC, fucR
274 	 gadX, araC
275 	 gadX, cadC, araC, fucR
276 	 gadX, araC, idnR
277 	 gadX, cadC, araC, fucR
278 	 gadX, araC, idnR
279 	 gadX, cadC, araC, fucR
280 	 gadX, araC, idnR
281 	 gadX, cadC, araC, idnR, fucR
282 	 gadX, araC
283 	 gadX, cadC, araC, fucR
284 	 gadX, araC
285 	 gadX, cadC, araC, idnR, fucR
286 	 gadX, araC, idnR
287 	 gadX, cadC, araC, idnR, fucR
288 	 gadX, araC
289 	 gadX, cadC, araC, idnR, fucR
290 	 gadX, araC, idnR
291 	 gadX, cadC, araC, idnR, fucR
292 	 gadX, araC, idnR
293 	 gadX, cadC, araC, idnR, fucR
294 	 gadX, araC, idnR
295 	 gadX, cadC, araC, idnR, fucR
296 	 gadX
297 	 gadX, cadC, araC, idnR, fucR
298 	 gadX
299 	 gadX, cadC, melR, idnR, fucR
300 	 gadX
301 	 gadX, cadC, melR, idnR, fucR
302 	 gadX
303 	 gadX, cadC, melR, idnR, fucR
304 	 gadX
305 	 gadX, melR
306 	 gadX, idnR
307 	 gadX, melR
308 	 gadX
309 	 gadX, melR, idnR
310 	 gadX, idnR
311 	 gadX, melR, idnR
312 	 gadX
313 	 gadX, fucR
314 	 gadX, idnR
315 	 gadX, idnR, fucR
316 	 gadX, cadC, fucR
317 	 gadX, fucR
318 	 gadX, cadC, idnR, fucR
319 	 gadX, idnR, fucR
320 	 gadX, cadC, idnR, fucR
321 	 gadX, idnR, fucR
322 	 gadX, cadC, fucR
323 	 gadX, fucR
324 	 gadX, cadC, idnR, fucR
325 	 gadX, idnR, fucR
326 	 gadX, fucR
327 	 gadX, melR, fucR
328 	 gadX, fucR
329 	 gadX, melR, idnR, fucR
330 	 gadX, idnR, fucR
331 	 gadX, melR, idnR, fucR
332 	 gadX, idnR, fucR
333 	 gadX, melR, fucR
334 	 gadX, fucR
335 	 gadX, melR, fucR
336 	 gadX, fucR
337 	 gadX, melR, idnR, fucR
338 	 gadX, idnR, fucR
339 	 gadX, melR, idnR, fucR
340 	 gadX, idnR, fucR
341 	 gadX, cadC, fucR
342 	 gadX, melR, araC
343 	 gadX, cadC, fucR
344 	 gadX, cadC, melR
345 	 gadX, cadC, fucR
346 	 gadX, cadC, melR, idnR
347 	 gadX, cadC, fucR
348 	 gadX, melR
349 	 gadX, cadC, melR, fucR
350 	 gadX, melR, araC
351 	 gadX, cadC, idnR, fucR
352 	 gadX, melR, araC
353 	 gadX, cadC, fucR
354 	 gadX, melR
355 	 gadX, cadC, fucR
356 	 gadX, melR, idnR
357 	 gadX, cadC, idnR, fucR
358 	 gadX, melR, idnR
359 	 gadX, cadC, idnR, fucR
360 	 gadX, melR
361 	 gadX, cadC, idnR, fucR
362 	 gadX, melR
363 	 gadX, cadC, idnR, fucR
364 	 gadX, melR, idnR
365 	 gadX, cadC, fucR
366 	 gadX, melR, idnR
367 	 gadX, cadC, fucR
368 	 gadX, cadC, melR, fucR
369 	 gadX, cadC, idnR, fucR
370 	 gadX, cadC, melR, idnR, fucR
371 	 gadX, cadC, idnR, fucR
372 	 gadX, cadC, melR, idnR, fucR
373 	 gadX, cadC, idnR, fucR
374 	 gadX, cadC, melR, fucR
375 	 gadX, cadC, melR, araC, fucR
376 	 gadX, melR, araC, idnR
377 	 gadX, araC, fucR
378 	 gadX, melR, araC
379 	 gadX, araC, fucR
380 	 gadX, melR, araC
381 	 gadX, araC, idnR, fucR
382 	 gadX, melR, araC, idnR
383 	 gadX, araC, fucR
384 	 gadX, melR, araC, idnR
385 	 gadX, araC, idnR, fucR
386 	 gadX, melR, araC
387 	 gadX, araC, fucR
388 	 gadX, melR, araC
389 	 gadX, araC, idnR, fucR
390 	 gadX, melR, araC, idnR
391 	 gadX, araC, fucR
392 	 gadX, melR, araC, idnR
393 	 gadX, araC, fucR
394 	 gadX, melR, araC, idnR
395 	 gadX, araC, fucR
396 	 gadX, melR, araC, idnR
397 	 gadX, araC, idnR, fucR
398 	 gadX, melR, araC
399 	 gadX, araC, idnR, fucR
400 	 gadX, melR, araC, idnR
401 	 gadX, araC, fucR
402 	 gadX, cadC, melR
403 	 gadX, araC, idnR, fucR
404 	 gadX, cadC, melR, idnR
405 	 gadX, araC, idnR, fucR
406 	 gadX, cadC, melR
407 	 gadX, araC, idnR, fucR
408 	 gadX, cadC, melR, idnR
409 	 gadX, idnR
410 	 gadX, cadC, melR
411 	 gadX, idnR
412 	 gadX, cadC, melR
413 	 gadX, idnR
414 	 gadX, cadC, melR, idnR
415 	 gadX, idnR
416 	 gadX, cadC, melR
417 	 gadX
418 	 gadX, cadC, melR, idnR
419 	 gadX, idnR
420 	 gadX, cadC, melR, idnR
421 	 gadX, fucR
422 	 gadX, cadC, melR
423 	 gadX, cadC, melR, araC, fucR
424 	 gadX, cadC, melR, idnR
425 	 gadX, cadC, melR, araC, idnR, fucR
426 	 gadX, cadC, melR
427 	 gadX, cadC, melR, araC, fucR
428 	 gadX, cadC, melR
429 	 gadX, cadC, melR, araC, fucR
430 	 gadX, cadC, melR, idnR
431 	 gadX, cadC, melR, araC, fucR
432 	 gadX, cadC, melR, idnR
433 	 gadX, cadC, melR, araC, fucR
434 	 gadX, melR
435 	 gadX, cadC, melR, araC, fucR
436 	 gadX, cadC, melR, fucR
437 	 gadX, cadC, melR, araC, idnR, fucR
438 	 gadX, cadC, melR, idnR, fucR
439 	 gadX, cadC, melR, araC, idnR, fucR
440 	 gadX, cadC, melR, idnR, fucR
441 	 gadX, cadC, melR, araC, idnR, fucR
442 	 gadX, melR, fucR
443 	 gadX, cadC, melR, araC, fucR
444 	 gadX, cadC, melR, araC, idnR, fucR
445 	 gadX, cadC, melR, araC, idnR, fucR
446 	 gadX, cadC, melR, araC, idnR, fucR
447 	 gadX, cadC, melR, araC, idnR, fucR
448 	 gadX, melR, araC, fucR
449 	 gadX, cadC, melR, fucR
450 	 gadX, melR, araC, fucR
451 	 gadX, cadC, melR, fucR
452 	 gadX, melR, araC, fucR
453 	 gadX, cadC, melR, fucR
454 	 gadX, melR, araC, fucR
455 	 gadX, cadC, melR, idnR, fucR
456 	 gadX, melR, araC, idnR, fucR
457 	 gadX, cadC, melR, fucR
458 	 gadX, melR, araC, idnR, fucR
459 	 gadX, cadC, melR, fucR
460 	 gadX, melR, araC, idnR, fucR
461 	 gadX, cadC, melR, idnR, fucR
462 	 gadX, melR, araC, fucR
463 	 gadX, cadC, melR, fucR
464 	 gadX, melR, araC, fucR
465 	 gadX, cadC, melR, idnR, fucR
466 	 gadX, melR, araC, fucR
467 	 gadX, cadC, melR, idnR, fucR
468 	 gadX, melR, araC, idnR, fucR
469 	 gadX, cadC, melR, idnR, fucR
470 	 gadX, melR, araC, idnR, fucR
471 	 gadX, cadC, melR, fucR
472 	 gadX, melR, araC, fucR
473 	 gadX, cadC, melR, idnR, fucR
474 	 gadX, melR, araC, idnR, fucR
475 	 gadX, cadC, melR, idnR, fucR
476 	 gadX, melR, araC, idnR, fucR
477 	 gadX, cadC, melR, fucR
478 	 gadX, melR, araC, idnR, fucR
479 	 gadX, cadC, melR, idnR, fucR
480 	 gadX, melR, fucR
481 	 gadX, fucR
482 	 gadX, melR
483 	 gadX, melR, idnR, fucR
484 	 gadX, fucR
485 	 gadX, melR
486 	 gadX, fucR
487 	 gadX, melR
488 	 gadX, idnR, fucR
489 	 gadX, melR
490 	 gadX, idnR, fucR
491 	 gadX, melR
492 	 gadX, idnR, fucR
493 	 gadX, melR
494 	 gadX, idnR, fucR
495 	 gadX, melR, idnR
496 	 gadX, fucR
497 	 gadX, melR, idnR
498 	 gadX, fucR
499 	 gadX, melR, idnR
500 	 gadX, fucR
501 	 gadX, melR, idnR
502 	 gadX, idnR, fucR
503 	 gadX, melR
504 	 gadX, idnR, fucR
505 	 gadX, melR, idnR
506 	 gadX, idnR, fucR
507 	 gadX, melR, idnR
508 	 gadX, fucR
509 	 gadX, melR, idnR
510 	 gadX, idnR, fucR
511 	 gadX, melR, idnR
512 	 gadX, melR, fucR
513 	 gadX, melR, idnR, fucR
514 	 gadX, melR, idnR, fucR
515 	 gadX, melR, fucR
516 	 gadX, melR, idnR, fucR
517 	 gadX, melR, fucR
518 	 gadX, melR, fucR
519 	 gadX, melR, fucR
520 	 gadX, melR, fucR
521 	 gadX, melR, fucR
522 	 gadX, melR, fucR
523 	 gadX, melR, fucR
524 	 gadX, melR, fucR
525 	 gadX, melR, idnR, fucR
526 	 gadX, melR, idnR, fucR
527 	 gadX, melR, idnR, fucR
528 	 gadX, melR, idnR, fucR
529 	 gadX, melR, idnR, fucR
530 	 gadX, melR, idnR, fucR
531 	 gadX, melR, idnR, fucR
533 	 gadX, melR, idnR, fucR
534 	 gadE, rcsA, ydeO, gadW, cadC, araC, idnR
535 	 gadE, ydeO, gadW, cadC, araC
536 	 gadE, ydeO, gadW, cadC, araC
537 	 gadE, ydeO, gadW, cadC, araC, idnR
538 	 gadE, rcsA, ydeO, gadW, cadC
539 	 gadE, rcsA, ydeO, gadW, cadC, idnR
540 	 gadE, rcsA, ydeO, gadW, araC, idnR
541 	 gadE, rcsA, ydeO, gadW, cadC, melR, araC
542 	 gadE, rcsA, ydeO, gadW, cadC, araC, fucR
543 	 gadE, rcsA, ydeO, gadW, cadC, idnR
544 	 gadE, rcsA, ydeO, gadW, araC, idnR
545 	 gadE, rcsA, ydeO, gadW, cadC, araC
546 	 gadE, rcsA, ydeO, gadW, cadC, araC, fucR
547 	 gadE, rcsA, ydeO, gadW, cadC, melR, araC, idnR
548 	 gadE, rcsA, ydeO, gadW, cadC, araC, idnR, fucR
549 	 gadE, rcsA, ydeO, gadW, cadC, araC, idnR
550 	 gadE, ydeO, gadW, cadC, araC, idnR
551 	 gadE, ydeO, gadW, cadC
552 	 gadE, ydeO, gadW, araC
553 	 gadE, ydeO, gadW, cadC, melR, araC
554 	 gadE, ydeO, gadW, araC
555 	 gadE, ydeO, gadW, cadC, araC, fucR
556 	 gadE, ydeO, gadW, araC, idnR
557 	 gadE, ydeO, gadW, cadC
558 	 gadE, ydeO, gadW, araC, idnR
559 	 gadE, ydeO, gadW, cadC, melR, araC
560 	 gadE, ydeO, gadW, cadC, araC
561 	 gadE, ydeO, gadW, cadC, araC, fucR
562 	 gadE, ydeO, gadW, cadC, araC
563 	 gadE, ydeO, gadW, cadC, idnR
564 	 gadE, rcsA, ydeO, gadW, cadC, araC, idnR
565 	 gadE, ydeO, gadW, cadC, melR, araC, idnR
566 	 gadE, ydeO, gadW, cadC, araC, idnR
567 	 gadE, ydeO, gadW, cadC, araC, idnR, fucR
568 	 gadE, ydeO, gadW, cadC, araC, idnR
569 	 gadE, ydeO, gadW, cadC, idnR
570 	 gadE, rcsA, ydeO, gadW, araC
571 	 gadE, rcsA, ydeO, gadW, cadC, melR, araC, idnR
572 	 gadE, ydeO, gadW, araC
573 	 gadE, rcsA, ydeO, gadW, cadC, araC, idnR, fucR
574 	 gadE, ydeO, gadW, araC
575 	 gadE, ydeO, gadW, cadC, araC, idnR, fucR
576 	 gadE, rcsA, ydeO, gadW, araC, idnR
577 	 gadE, ydeO, gadW, cadC, melR, araC, idnR
578 	 gadE, rcsA, ydeO, gadW, araC, idnR
579 	 gadE, rcsA, ydeO, gadW, cadC, melR
580 	 gadE, ydeO, gadW, araC, idnR
581 	 gadE, ydeO, gadW, cadC, melR
582 	 gadE, ydeO, gadW, araC, idnR
583 	 gadE, rcsA, ydeO, gadW, cadC, melR
584 	 gadE, rcsA, ydeO, gadW, cadC, melR, araC
585 	 gadE, ydeO, gadW, cadC, melR
586 	 gadE, rcsA, ydeO, gadW, cadC, araC, fucR
587 	 gadE, rcsA, ydeO, gadW, cadC, melR, idnR
588 	 gadE, ydeO, gadW, cadC, araC, fucR
589 	 gadE, rcsA, ydeO, gadW, cadC, melR, idnR
590 	 gadE, rcsA, ydeO, gadW, cadC, araC, fucR
591 	 gadE, ydeO, gadW, cadC, melR, idnR
592 	 gadE, ydeO, gadW, cadC, araC, fucR
593 	 gadE, ydeO, gadW, cadC, melR, idnR
594 	 gadE, rcsA, ydeO, gadW, cadC, araC, idnR, fucR
595 	 gadE, rcsA, ydeO, gadW, cadC, fucR
596 	 gadE, rcsA, ydeO, gadW, cadC, araC, idnR, fucR
597 	 gadE, ydeO, gadW
598 	 gadE, rcsA, ydeO, gadW, cadC, fucR
599 	 gadE, rcsA, ydeO, gadW, araC, fucR
600 	 gadE, ydeO, gadW, cadC, fucR
601 	 gadE, rcsA, ydeO, gadW, melR, araC
602 	 gadE, rcsA, ydeO, gadW, araC, fucR
603 	 gadE, rcsA, ydeO, gadW, cadC, melR, araC, fucR
604 	 gadE, ydeO, gadW, araC, fucR
605 	 gadE, ydeO, gadW, cadC, melR, araC
606 	 gadE, rcsA, ydeO, gadW, cadC, melR, araC, fucR
607 	 gadE, rcsA, ydeO, gadW, cadC
608 	 gadE, ydeO, gadW, cadC, melR, araC, fucR
609 	 gadE, ydeO, gadW, cadC, araC, idnR, fucR
610 	 gadE, rcsA, ydeO, gadW, melR, araC
611 	 gadE, ydeO, gadW, cadC, melR, araC, fucR
612 	 gadE, rcsA, ydeO, gadW
613 	 gadE, rcsA, ydeO, gadW, cadC, melR, araC, idnR, fucR
614 	 gadE, ydeO, gadW, araC, fucR
615 	 gadE, rcsA, ydeO, gadW, cadC, melR, araC
616 	 gadE, rcsA, ydeO, gadW, cadC, melR, araC, idnR, fucR
617 	 gadE, ydeO, gadW, cadC
618 	 gadE, ydeO, gadW, cadC, melR, araC, idnR, fucR
619 	 gadE, ydeO, gadW, cadC, araC, idnR, fucR
620 	 gadE, ydeO, gadW, melR, araC
621 	 gadE, ydeO, gadW, cadC, melR, araC, idnR, fucR
622 	 gadE, ydeO, gadW
623 	 gadE, ydeO, gadW, cadC, fucR
624 	 gadE, rcsA, ydeO, gadW, araC, idnR, fucR
625 	 gadE, ydeO, gadW, cadC, melR, araC
626 	 gadE, rcsA, ydeO, gadW, cadC, melR, araC, idnR
627 	 gadE, rcsA, ydeO, gadW, cadC
628 	 gadE, rcsA, ydeO, gadW, idnR
629 	 gadE, ydeO, gadW, cadC, melR, araC, idnR
630 	 gadE, ydeO, gadW, melR, araC
631 	 gadE, rcsA, ydeO, gadW, araC, idnR, fucR
632 	 gadE, ydeO, gadW, idnR
633 	 gadE, ydeO, gadW, araC, idnR, fucR
634 	 gadE, rcsA, ydeO, gadW, idnR
635 	 gadE, ydeO, gadW, araC, idnR, fucR
636 	 gadE, ydeO, gadW, idnR
637 	 gadE, rcsA, ydeO, gadW, melR, araC, idnR
638 	 gadE, rcsA, ydeO, gadW, melR, araC, idnR
639 	 gadE, ydeO, gadW, melR, araC, idnR
640 	 gadE, ydeO, gadW, melR, araC, idnR
641 	 gadE, rcsA, ydeO, gadW, melR, araC, fucR
642 	 gadE, rcsA, ydeO, gadW, melR
643 	 gadE, ydeO, gadW, melR, araC, fucR
644 	 gadE, rcsA, ydeO, gadW, melR
645 	 gadE, rcsA, ydeO, gadW, melR, araC, fucR
646 	 gadE, ydeO, gadW, melR
647 	 gadE, ydeO, gadW, melR, araC, fucR
648 	 gadE, ydeO, gadW, melR
649 	 gadE, rcsA, ydeO, gadW, melR, araC, idnR, fucR
650 	 gadE, rcsA, ydeO, gadW, melR, idnR
651 	 gadE, rcsA, ydeO, gadW, melR, araC, idnR, fucR
652 	 gadE, ydeO, gadW, melR, idnR
653 	 gadE, ydeO, gadW, melR, araC, idnR, fucR
654 	 gadE, rcsA, ydeO, gadW, melR, idnR
655 	 gadE, ydeO, gadW, melR, araC, idnR, fucR
656 	 gadE, ydeO, gadW, melR, idnR
657 	 gadE, rcsA, ydeO, gadW, cadC, idnR, fucR
658 	 gadE, rcsA, ydeO, gadW, cadC, idnR, fucR
659 	 gadE, rcsA, ydeO, gadW, cadC, melR, araC, idnR
660 	 gadE, ydeO, gadW, cadC, idnR, fucR
661 	 gadE, ydeO, gadW, cadC, melR, araC, idnR
662 	 gadE, ydeO, gadW, cadC
663 	 gadE, ydeO, gadW, cadC, idnR, fucR
664 	 gadE, rcsA, ydeO, gadW, fucR
665 	 gadE, rcsA, ydeO, gadW, fucR
666 	 gadE, rcsA, ydeO, gadW, cadC, idnR
667 	 gadE, rcsA, ydeO, gadW, cadC, idnR
668 	 gadE, ydeO, gadW, cadC, idnR
669 	 gadE, ydeO, gadW, cadC, idnR
670 	 gadE, rcsA, ydeO, gadW, cadC, fucR
671 	 gadE, rcsA, ydeO, gadW
672 	 gadE, ydeO, gadW, cadC, fucR
673 	 gadE, ydeO, gadW
674 	 gadE, rcsA, ydeO, gadW, cadC, fucR
675 	 gadE, ydeO, gadW
676 	 gadE, ydeO, gadW, cadC, fucR
677 	 gadE, rcsA, ydeO, gadW, idnR
678 	 gadE, rcsA, ydeO, gadW, cadC, idnR, fucR
679 	 gadE, ydeO, gadW, idnR
680 	 gadE, rcsA, ydeO, gadW, cadC, idnR, fucR
681 	 gadE, rcsA, ydeO, gadW, idnR
682 	 gadE, ydeO, gadW, cadC, idnR, fucR
683 	 gadE, ydeO, gadW, idnR
684 	 gadE, ydeO, gadW, cadC, idnR, fucR
685 	 gadE, rcsA, ydeO, gadW, araC, fucR
686 	 gadE, rcsA, ydeO, gadW, araC, fucR
687 	 gadE, rcsA, ydeO, gadW, cadC, melR, fucR
688 	 gadE, rcsA, ydeO, gadW, cadC, melR, fucR
689 	 gadE, ydeO, gadW, araC, fucR
690 	 gadE, ydeO, gadW, araC, fucR
691 	 gadE, ydeO, gadW, cadC, melR, fucR
692 	 gadE, ydeO, gadW, cadC, melR, fucR
693 	 gadE, rcsA, ydeO, gadW, araC, idnR, fucR
694 	 gadE, rcsA, ydeO, gadW, araC, idnR, fucR
695 	 gadE, rcsA, ydeO, gadW, cadC, melR, idnR, fucR
696 	 gadE, rcsA, ydeO, gadW, cadC, melR, idnR, fucR
697 	 gadE, ydeO, gadW, araC, idnR, fucR
698 	 gadE, ydeO, gadW, araC, idnR, fucR
699 	 gadE, ydeO, gadW, cadC, melR, idnR, fucR
700 	 gadE, ydeO, gadW, cadC, melR, idnR, fucR
701 	 gadE, ydeO, gadW, fucR
702 	 gadE, rcsA, ydeO, gadW, cadC, melR, araC, fucR
703 	 gadE, ydeO, gadW, cadC, melR, araC, fucR
704 	 gadE, ydeO, gadW, fucR
705 	 gadE, rcsA, ydeO, gadW, cadC, melR, araC, fucR
706 	 gadE, ydeO, gadW, cadC, melR, araC, fucR
707 	 gadE, rcsA, ydeO, gadW, idnR, fucR
708 	 gadE, rcsA, ydeO, gadW, cadC, melR, araC, idnR, fucR
709 	 gadE, ydeO, gadW, cadC, melR, araC, idnR, fucR
710 	 gadE, rcsA, ydeO, gadW, idnR, fucR
711 	 gadE, rcsA, ydeO, gadW, cadC, melR, araC, idnR, fucR
712 	 gadE, ydeO, gadW, cadC, melR, araC, idnR, fucR
713 	 gadE, ydeO, gadW, idnR, fucR
714 	 gadE, rcsA, ydeO, gadW, melR, araC
715 	 gadE, rcsA, ydeO, gadW, cadC, melR
716 	 gadE, ydeO, gadW, idnR, fucR
717 	 gadE, ydeO, gadW, cadC, melR
718 	 gadE, rcsA, ydeO, gadW, melR, fucR
719 	 gadE, rcsA, ydeO, gadW, cadC, melR
720 	 gadE, rcsA, ydeO, gadW, melR, fucR
721 	 gadE, ydeO, gadW, cadC, melR
722 	 gadE, ydeO, gadW, melR, fucR
723 	 gadE, rcsA, ydeO, gadW, cadC, melR, idnR
724 	 gadE, ydeO, gadW, melR, fucR
725 	 gadE, ydeO, gadW, cadC, melR, idnR
727 	 gadE, rcsA, ydeO, gadW, melR, idnR, fucR
728 	 gadE, rcsA, ydeO, gadW, cadC, melR, idnR
729 	 gadE, ydeO, gadW, melR, idnR, fucR
730 	 gadE, ydeO, gadW, cadC, melR, idnR
731 	 gadE, rcsA, ydeO, gadW, melR, idnR, fucR
732 	 gadE, rcsA, ydeO, gadW, cadC, melR, fucR
733 	 gadE, ydeO, gadW, melR, idnR, fucR
734 	 gadE, rcsA, ydeO, gadW, cadC, melR, fucR
735 	 gadE, ydeO, gadW, cadC, melR, fucR
736 	 gadE, rcsA, ydeO, gadW, melR, araC
737 	 gadE, ydeO, gadW, melR, araC
738 	 gadE, ydeO, gadW, melR, araC
739 	 gadE, rcsA, ydeO, gadW, melR, araC, idnR
740 	 gadE, rcsA, ydeO, gadW, melR, araC, idnR
741 	 gadE, ydeO, gadW, melR, araC, idnR
742 	 gadE, ydeO, gadW, melR, araC, idnR
743 	 gadE, rcsA, ydeO, gadW, melR, araC, fucR
744 	 gadE, rcsA, ydeO, gadW, melR
745 	 gadE, ydeO, gadW, melR, araC, fucR
746 	 gadE, rcsA, ydeO, gadW, melR
747 	 gadE, rcsA, ydeO, gadW, melR, araC, fucR
748 	 gadE, ydeO, gadW, melR
749 	 gadE, ydeO, gadW, melR, araC, fucR
750 	 gadE, ydeO, gadW, melR
751 	 gadE, rcsA, ydeO, gadW, melR, araC, idnR, fucR
752 	 gadE, rcsA, ydeO, gadW, melR, idnR
753 	 gadE, rcsA, ydeO, gadW, melR, araC, idnR, fucR
754 	 gadE, ydeO, gadW, melR, idnR
755 	 gadE, ydeO, gadW, melR, araC, idnR, fucR
756 	 gadE, rcsA, ydeO, gadW, melR, idnR
757 	 gadE, ydeO, gadW, melR, araC, idnR, fucR
758 	 gadE, ydeO, gadW, melR, idnR
759 	 gadE, ydeO, gadW, cadC, melR, fucR
760 	 gadE, rcsA, ydeO, gadW, cadC, melR, idnR, fucR
761 	 gadE, ydeO, gadW, cadC, melR, idnR, fucR
762 	 gadE, rcsA, ydeO, gadW, cadC, melR, idnR, fucR
763 	 gadE, ydeO, gadW, cadC, melR, idnR, fucR
764 	 gadE, rcsA, ydeO, gadW, fucR
765 	 gadE, ydeO, gadW, fucR
766 	 gadE, rcsA, ydeO, gadW, fucR
767 	 gadE, ydeO, gadW, fucR
768 	 gadE, rcsA, ydeO, gadW, idnR, fucR
769 	 gadE, ydeO, gadW, idnR, fucR
770 	 gadE, rcsA, ydeO, gadW, idnR, fucR
771 	 gadE, ydeO, gadW, idnR, fucR
772 	 gadE, rcsA, ydeO, gadW, melR, fucR
773 	 gadE, ydeO, gadW, melR, fucR
774 	 gadE, rcsA, ydeO, gadW, melR, fucR
775 	 gadE, ydeO, gadW, melR, fucR
776 	 gadE, rcsA, ydeO, gadW, melR, idnR, fucR
777 	 gadE, ydeO, gadW, melR, idnR, fucR
778 	 gadE, rcsA, ydeO, gadW, melR, idnR, fucR
779 	 gadE, ydeO, gadW, melR, idnR, fucR
785 	 cadC, araC
789 	 cadC, araC
790 	 cadC, araC, idnR
791 	 cadC, araC, idnR
792 	 cadC, araC
793 	 araC
794 	 cadC, araC
795 	 araC
796 	 cadC, araC, idnR
797 	 araC, idnR
799 	 cadC, araC
800 	 cadC, araC
801 	 cadC, araC, idnR
802 	 cadC, araC, idnR
803 	 cadC, araC
804 	 cadC
805 	 cadC, melR, araC
806 	 cadC, araC
807 	 cadC
808 	 cadC, melR, araC
809 	 cadC, araC, idnR
810 	 cadC
811 	 cadC, melR, araC
812 	 cadC, araC, idnR
813 	 cadC
814 	 cadC, melR, araC
815 	 cadC, araC, idnR
816 	 cadC, idnR
817 	 cadC, melR, araC, idnR
818 	 araC
819 	 cadC, idnR
820 	 cadC, melR, araC, idnR
821 	 cadC, araC, fucR
822 	 cadC, idnR
823 	 cadC, melR, araC, idnR
824 	 araC
825 	 cadC, idnR
826 	 cadC, melR, araC, idnR
827 	 cadC, araC, fucR
828 	 araC, idnR
829 	 cadC, araC, fucR
830 	 araC, idnR
831 	 cadC, araC, fucR
832 	 araC, idnR
833 	 cadC, araC, idnR, fucR
835 	 cadC, araC, idnR, fucR
836 	 araC
837 	 cadC, araC, idnR, fucR
838 	 melR, araC
839 	 cadC, araC, fucR
840 	 cadC, melR
841 	 araC
842 	 cadC, fucR
843 	 melR, araC
844 	 cadC, araC, fucR
845 	 cadC, melR
846 	 cadC, araC, idnR, fucR
847 	 cadC
848 	 cadC, melR, araC, fucR
850 	 cadC, araC, fucR
851 	 melR, araC
852 	 cadC
853 	 cadC, melR, araC, fucR
854 	 araC
855 	 cadC, melR, araC
856 	 cadC, araC, fucR
857 	 melR, araC
858 	 cadC, melR, araC
859 	 cadC, melR, araC
860 	 cadC, melR
861 	 cadC, melR, araC, fucR
862 	 cadC
863 	 melR, araC, idnR
864 	 cadC, fucR
865 	 cadC, melR, araC
866 	 araC, fucR
867 	 cadC, araC, idnR, fucR
868 	 cadC, melR, araC, idnR
869 	 cadC, melR
870 	 cadC, melR, araC, fucR
871 	 cadC, fucR
872 	 melR
873 	 cadC
874 	 cadC, melR, idnR
875 	 araC, fucR
876 	 cadC, araC, idnR, fucR
877 	 cadC, melR, araC, idnR
878 	 melR
879 	 cadC, melR, araC, idnR, fucR
880 	 cadC, fucR
881 	 melR
882 	 cadC, idnR, fucR
883 	 araC
884 	 melR
885 	 cadC, idnR, fucR
886 	 araC, fucR
887 	 cadC, melR, idnR
888 	 araC, fucR
889 	 cadC, melR, araC, fucR
891 	 cadC, araC, idnR, fucR
892 	 cadC, melR
893 	 idnR
894 	 cadC, araC, idnR, fucR
895 	 melR, araC, fucR
896 	 cadC, fucR
897 	 idnR
898 	 cadC, melR, araC, idnR
899 	 araC, fucR
900 	 cadC, melR
901 	 araC, idnR
902 	 cadC, idnR, fucR
903 	 melR, araC, fucR
904 	 cadC, melR, araC, idnR
905 	 cadC, melR, fucR
906 	 idnR
907 	 araC, fucR
908 	 melR, araC, idnR
909 	 cadC, idnR
910 	 cadC, melR, fucR
911 	 araC, fucR
912 	 melR, araC, idnR
913 	 cadC, idnR
914 	 cadC, melR, fucR
915 	 araC, fucR
916 	 melR, araC, idnR
917 	 cadC, idnR
918 	 cadC, melR, fucR
919 	 melR, araC
920 	 cadC, melR, araC, idnR, fucR
921 	 cadC, melR
922 	 araC, idnR, fucR
923 	 cadC, melR, idnR
924 	 fucR
925 	 cadC, idnR
926 	 cadC, melR
927 	 melR, araC
928 	 cadC, melR, araC, idnR, fucR
929 	 cadC, araC
930 	 cadC, melR, araC, idnR, fucR
931 	 melR, araC
932 	 cadC, araC
933 	 melR, araC
934 	 cadC, araC
936 	 cadC, araC
938 	 cadC, araC
939 	 melR
940 	 cadC, araC
941 	 melR
942 	 cadC, araC
943 	 melR
944 	 cadC, araC
945 	 melR
946 	 cadC, araC, fucR
947 	 cadC, melR, araC
948 	 cadC, araC, fucR
949 	 cadC
950 	 cadC, melR, araC, fucR
951 	 cadC, melR, araC
952 	 cadC, idnR, fucR
953 	 cadC, araC, idnR
954 	 fucR
955 	 cadC, araC, idnR
956 	 cadC, melR, idnR
957 	 araC, idnR, fucR
958 	 idnR
959 	 araC, idnR, fucR
960 	 melR, idnR
961 	 araC, idnR, fucR
962 	 melR, idnR
963 	 araC, idnR
964 	 melR, idnR
965 	 araC, idnR
966 	 araC, idnR
967 	 cadC, melR, araC, fucR
968 	 fucR
969 	 cadC, melR, araC, fucR
970 	 cadC, araC, fucR
971 	 cadC, melR, araC
972 	 cadC, fucR
973 	 melR, araC, fucR
974 	 cadC, fucR
975 	 melR, araC, fucR
976 	 cadC, fucR
977 	 cadC, melR, araC
978 	 fucR
979 	 melR, fucR
980 	 cadC, araC, idnR
981 	 melR, fucR
982 	 idnR
983 	 cadC, melR, araC
984 	 idnR
985 	 cadC, melR, araC
986 	 cadC
987 	 cadC, melR, araC, idnR, fucR
988 	 melR, araC, idnR
989 	 cadC, melR, fucR
990 	 cadC, araC, idnR
991 	 cadC, melR, araC
992 	 cadC, idnR, fucR
993 	 cadC, araC, idnR
994 	 fucR
995 	 melR, idnR
996 	 cadC, melR, idnR, fucR
997 	 cadC, melR, fucR
998 	 melR, araC, idnR
999 	 cadC
1000 	 cadC, melR, araC, idnR, fucR
1001 	 araC, idnR, fucR
1002 	 cadC, idnR, fucR
1003 	 cadC, melR, fucR
1004 	 melR, araC, idnR
1005 	 cadC
1006 	 cadC, melR, araC, idnR, fucR
1007 	 melR, araC, idnR
1008 	 cadC, melR, fucR
1009 	 melR, araC, idnR, fucR
1010 	 cadC
1011 	 melR, araC, idnR, fucR
1012 	 araC, idnR, fucR
1013 	 cadC, idnR, fucR
1014 	 cadC, melR, idnR
1015 	 melR, araC, fucR
1016 	 cadC
1017 	 melR, araC, idnR, fucR
1018 	 araC, idnR, fucR
1019 	 fucR
1020 	 cadC, melR, araC
1021 	 fucR
1022 	 cadC, melR, idnR, fucR
1023 	 cadC, melR, idnR
1024 	 cadC, araC, fucR
1025 	 cadC, melR, idnR
1026 	 cadC, araC, fucR
1027 	 cadC, melR, idnR
1028 	 cadC, araC, fucR
1029 	 cadC, melR, idnR, fucR
1031 	 cadC, melR, araC, idnR, fucR
1032 	 cadC, melR, idnR, fucR
1033 	 melR, araC, fucR
1034 	 melR, araC, idnR, fucR
1035 	 melR, araC, fucR
1036 	 melR, fucR
1037 	 melR, araC, fucR
1038 	 melR, fucR
1039 	 araC, idnR, fucR
1040 	 idnR, fucR
1041 	 melR, araC, idnR, fucR
1042 	 idnR, fucR
1043 	 melR, araC, idnR, fucR
1044 	 idnR, fucR
1045 	 melR, araC, idnR, fucR
1046 	 idnR, fucR
1047 	 melR, araC, idnR, fucR
1048 	 melR, idnR, fucR
1049 	 cadC, araC, fucR
1050 	 melR, idnR, fucR
1051 	 melR, idnR, fucR
1052 	 melR, idnR, fucR
1053 	 cadC, araC, fucR
1054 	 fucR
1055 	 cadC, melR, araC, fucR
1056 	 melR, fucR
1057 	 cadC, melR, araC, fucR
1058 	 melR, fucR
1059 	 cadC, melR, araC, fucR
1060 	 melR, fucR
1061 	 cadC, melR, araC, fucR
1062 	 melR, fucR
1063 	 cadC, melR, araC, fucR
1064 	 cadC, idnR, fucR
1065 	 cadC, melR, araC, fucR
1066 	 cadC, melR, idnR, fucR
1067 	 cadC, melR, araC, fucR
1068 	 cadC, melR, idnR, fucR
1069 	 cadC, melR, araC, fucR
1070 	 cadC, melR, idnR, fucR
1072 	 cadC, melR, idnR, fucR
1073 	 idnR
1075 	 idnR
1077 	 idnR, fucR
1079 	 idnR, fucR
1081 	 idnR, fucR
1083 	 idnR, fucR
1085 	 melR, idnR
1087 	 melR, idnR
1089 	 melR, idnR
1091 	 melR, idnR
1093 	 melR, idnR, fucR
1095 	 melR, idnR, fucR
1097 	 melR, idnR, fucR
1099 	 melR, idnR, fucR
1114 	 araC
1167 	 araC
1168 	 araC
1169 	 araC
1170 	 araC
1171 	 araC
1172 	 araC
1173 	 araC
1174 	 araC, fucR
1175 	 melR, araC
1176 	 araC, fucR
1177 	 melR, araC
1178 	 araC, fucR
1179 	 melR, araC
1180 	 araC, fucR
1181 	 melR, araC
1182 	 araC, fucR
1183 	 melR, araC
1184 	 araC, fucR
1185 	 melR, araC
1186 	 araC, fucR
1187 	 melR, araC
1188 	 araC, fucR
1189 	 melR, araC
1190 	 melR, araC, fucR
1191 	 melR, araC, fucR
1192 	 melR, araC, fucR
1193 	 melR, araC, fucR
1194 	 melR, araC, fucR
1195 	 melR, araC, fucR
1196 	 melR, araC, fucR
1197 	 melR, araC, fucR
1198 	 cadC, araC, idnR
1199 	 araC, idnR
1200 	 araC, idnR
1201 	 araC, idnR
1202 	 araC, idnR
1203 	 cadC, araC, idnR
1204 	 cadC, araC, idnR
1205 	 araC, idnR
1206 	 araC, idnR
1207 	 araC, idnR
1208 	 araC, idnR
1209 	 cadC, araC, idnR, fucR
1210 	 cadC, melR, araC, idnR
1211 	 cadC, araC, idnR, fucR
1212 	 cadC, melR, araC, idnR
1213 	 cadC, araC, idnR, fucR
1214 	 cadC, melR, araC, idnR
1215 	 cadC, araC, idnR, fucR
1216 	 cadC, melR, araC, idnR
1217 	 araC, idnR, fucR
1218 	 melR, araC, idnR
1219 	 araC, idnR, fucR
1220 	 melR, araC, idnR
1221 	 araC, idnR, fucR
1222 	 melR, araC, idnR
1223 	 araC, idnR, fucR
1224 	 melR, araC, idnR
1225 	 cadC, araC, idnR, fucR
1226 	 cadC, melR, araC, idnR
1227 	 cadC, araC, idnR, fucR
1228 	 cadC, melR, araC, idnR
1229 	 cadC, araC, idnR, fucR
1230 	 cadC, melR, araC, idnR
1231 	 cadC, araC, idnR, fucR
1232 	 cadC, melR, araC, idnR
1233 	 araC, idnR, fucR
1234 	 melR, araC, idnR
1235 	 araC, idnR, fucR
1236 	 melR, araC, idnR
1237 	 araC, idnR, fucR
1238 	 melR, araC, idnR
1239 	 araC, idnR, fucR
1240 	 melR, araC, idnR
1241 	 cadC, melR, araC, idnR, fucR
1242 	 cadC, melR, araC, idnR, fucR
1243 	 cadC, melR, araC, idnR, fucR
1244 	 cadC, melR, araC, idnR, fucR
1245 	 melR, araC, idnR, fucR
1246 	 melR, araC, idnR, fucR
1247 	 melR, araC, idnR, fucR
1248 	 melR, araC, idnR, fucR
1249 	 cadC, melR, araC, idnR, fucR
1250 	 cadC, melR, araC, idnR, fucR
1251 	 cadC, melR, araC, idnR, fucR
1252 	 cadC, melR, araC, idnR, fucR
1253 	 melR, araC, idnR, fucR
1254 	 melR, araC, idnR, fucR
1256 	 melR, araC, idnR, fucR
1257 	 melR, araC, idnR, fucR
1355 	 cadC
1356 	 cadC
1361 	 cadC, fucR
1362 	 cadC, melR
1363 	 cadC, fucR
1364 	 cadC, melR
1365 	 cadC, fucR
1366 	 cadC, melR
1367 	 cadC, fucR
1368 	 cadC, melR
1369 	 fucR
1370 	 melR
1371 	 fucR
1372 	 melR
1373 	 fucR
1374 	 melR
1375 	 fucR
1376 	 melR
1377 	 cadC, fucR
1378 	 cadC, melR
1379 	 cadC, fucR
1380 	 cadC, melR
1381 	 cadC, fucR
1382 	 cadC, melR
1383 	 cadC, fucR
1384 	 cadC, melR
1385 	 fucR
1386 	 melR
1387 	 fucR
1388 	 melR
1389 	 fucR
1390 	 melR
1391 	 fucR
1392 	 melR
1393 	 cadC, melR, fucR
1394 	 cadC, melR, fucR
1395 	 cadC, melR, fucR
1396 	 cadC, melR, fucR
1397 	 melR, fucR
1398 	 melR, fucR
1399 	 melR, fucR
1400 	 melR, fucR
1401 	 cadC, melR, fucR
1402 	 cadC, melR, fucR
1403 	 cadC, melR, fucR
1404 	 cadC, melR, fucR
1405 	 melR, fucR
1406 	 melR, fucR
1407 	 melR, fucR
1408 	 melR, fucR
1409 	 cadC, idnR
1410 	 cadC, idnR
1411 	 cadC, idnR
1412 	 cadC, idnR
1413 	 idnR
1414 	 idnR
1415 	 idnR
1416 	 idnR
1417 	 cadC, idnR
1418 	 cadC, idnR
1419 	 cadC, idnR
1420 	 cadC, idnR
1421 	 idnR
1422 	 idnR
1423 	 idnR
1424 	 idnR
1425 	 cadC, melR, idnR
1426 	 cadC, idnR, fucR
1427 	 cadC, melR, idnR
1428 	 cadC, idnR, fucR
1429 	 cadC, melR, idnR
1430 	 cadC, idnR, fucR
1431 	 cadC, melR, idnR
1432 	 cadC, idnR, fucR
1433 	 melR, idnR
1434 	 idnR, fucR
1435 	 melR, idnR
1436 	 idnR, fucR
1437 	 melR, idnR
1438 	 idnR, fucR
1439 	 melR, idnR
1440 	 idnR, fucR
1441 	 cadC, melR, idnR
1442 	 cadC, idnR, fucR
1443 	 cadC, melR, idnR
1444 	 cadC, idnR, fucR
1445 	 cadC, melR, idnR
1446 	 cadC, idnR, fucR
1447 	 cadC, melR, idnR
1448 	 cadC, idnR, fucR
1449 	 melR, idnR
1450 	 idnR, fucR
1451 	 melR, idnR
1452 	 idnR, fucR
1453 	 melR, idnR
1454 	 melR, idnR
1455 	 idnR, fucR
1456 	 idnR, fucR
1457 	 cadC, melR, idnR, fucR
1458 	 cadC, melR, idnR, fucR
1459 	 cadC, melR, idnR, fucR
1460 	 cadC, melR, idnR, fucR
1461 	 melR, idnR, fucR
1462 	 melR, idnR, fucR
1463 	 melR, idnR, fucR
1464 	 melR, idnR, fucR
1465 	 cadC, melR, idnR, fucR
1466 	 cadC, melR, idnR, fucR
1467 	 cadC, melR, idnR, fucR
1468 	 cadC, melR, idnR, fucR
1469 	 melR, idnR, fucR
1470 	 melR, idnR, fucR
1471 	 melR, idnR, fucR
1472 	 melR, idnR, fucR
