535 	 zraR, melR, lldR, narL, arcA, fnr
537 	 zraR, lldR, xylR, narL, arcA, fnr
539 	 zraR, melR, lldR, xylR, narL, arcA, fnr
547 	 zraR, melR, lldR, narL, arcA, fnr
549 	 zraR, lldR, xylR, narL, arcA, fnr
550 	 zraR, melR, lldR, narL, arcA, fnr
551 	 zraR, lldR, xylR, narL, arcA, fnr
553 	 zraR, melR, lldR, xylR, narL, arcA, fnr
593 	 zraR, lldR, xylR, narL, arcA, fnr
594 	 zraR, melR, lldR, narL, arcA, fnr
595 	 zraR, melR, lldR, xylR, narL, arcA, fnr
596 	 zraR, melR, lldR, xylR, narL, arcA, fnr
607 	 zraR, araC, lldR, xylR, narL, arcA, fnr
608 	 zraR, melR, lldR, narL, arcA, fnr
609 	 zraR, araC, lldR, xylR, narL, arcA, fnr
610 	 zraR, melR, lldR, narL, arcA, fnr
611 	 zraR, araC, lldR, xylR, narL, arcA, fnr
612 	 zraR, melR, lldR, narL, arcA, fnr
613 	 zraR, araC, lldR, xylR, narL, arcA, fnr
614 	 zraR, melR, lldR, narL, arcA, fnr
615 	 zraR, melR, araC, lldR, xylR, narL, arcA, fnr
616 	 zraR, melR, araC, lldR, xylR, narL, arcA, fnr
617 	 zraR, melR, araC, lldR, xylR, narL, arcA, fnr
618 	 zraR, melR, araC, lldR, xylR, narL, arcA, fnr
