9 	 zraR, fhlA
51 	 zraR, cadC, fhlA
71 	 zraR, cadC, melR, fhlA
73 	 zraR, cadC, fhlA
75 	 zraR, cadC
77 	 zraR, cadC
79 	 zraR, fhlA
80 	 zraR, cadC, fhlA
81 	 zraR, cadC, melR
82 	 zraR, fhlA
83 	 zraR, cadC, melR, fhlA
84 	 zraR, cadC, fhlA
85 	 zraR, cadC, melR, fhlA
86 	 zraR, cadC
87 	 zraR, cadC, fhlA
88 	 zraR, melR, fhlA
89 	 zraR, cadC, fhlA
90 	 zraR, fhlA
91 	 zraR, cadC
92 	 zraR, cadC, melR, fhlA
93 	 zraR, cadC, fhlA
94 	 zraR, cadC, melR, fhlA
95 	 zraR, melR, fhlA
96 	 zraR, cadC, fhlA
97 	 zraR, melR
98 	 zraR, cadC, melR, fhlA
99 	 zraR, cadC, melR
100 	 zraR, cadC, fhlA
101 	 zraR, fhlA
102 	 zraR, cadC, melR, fhlA
103 	 zraR, fhlA
104 	 zraR, cadC, fhlA
105 	 zraR, cadC, melR
106 	 zraR, fhlA
107 	 zraR, melR, fhlA
108 	 zraR, cadC
109 	 zraR
110 	 zraR, cadC
111 	 zraR, fhlA
112 	 zraR, cadC, melR, fhlA
113 	 zraR, melR
114 	 zraR, cadC, fhlA
115 	 zraR, melR, fhlA
116 	 zraR, melR
117 	 zraR, cadC, melR, fhlA
118 	 zraR, cadC, melR
119 	 zraR, cadC, fhlA
120 	 zraR, cadC
121 	 zraR, cadC, fhlA
122 	 zraR, cadC, fhlA
123 	 zraR, fhlA
124 	 zraR, cadC
125 	 zraR, cadC, fhlA
126 	 zraR, cadC
127 	 zraR, cadC, fhlA
128 	 zraR, cadC, melR, fhlA
129 	 zraR, cadC, fhlA
130 	 zraR, cadC, fhlA
131 	 zraR, cadC, melR, fhlA
132 	 zraR, cadC, melR, fhlA
133 	 zraR, cadC, fhlA
134 	 zraR, cadC, fhlA
135 	 zraR, cadC, melR, fhlA
136 	 zraR, melR, fhlA
137 	 zraR, cadC, melR, fhlA
138 	 zraR, cadC
139 	 zraR, cadC, melR, fhlA
140 	 zraR, melR, fhlA
141 	 zraR, cadC, fhlA
142 	 zraR, cadC
143 	 zraR, cadC, fhlA
144 	 zraR, cadC, melR
145 	 zraR, cadC, fhlA
146 	 zraR, fhlA
147 	 zraR, cadC, melR, fhlA
148 	 zraR, cadC, melR
149 	 zraR, cadC, fhlA
150 	 zraR, fhlA
151 	 zraR, cadC, melR, fhlA
152 	 zraR, fhlA
153 	 zraR, fhlA
154 	 zraR, melR, fhlA
155 	 zraR, fhlA
156 	 zraR, melR
157 	 zraR, cadC, melR, fhlA
158 	 zraR, melR
159 	 zraR, cadC, melR, fhlA
160 	 zraR, cadC, melR
161 	 zraR, cadC, melR, fhlA
162 	 zraR, cadC
163 	 zraR, fhlA
164 	 zraR, cadC, melR
165 	 zraR, fhlA
166 	 zraR, cadC
167 	 zraR, fhlA
168 	 zraR, fhlA
169 	 zraR, fhlA
170 	 zraR, cadC
171 	 zraR, cadC
172 	 zraR, cadC, melR
173 	 zraR, cadC
174 	 zraR, cadC, melR
175 	 zraR, cadC
176 	 zraR, cadC, melR
177 	 zraR, cadC
178 	 zraR, melR, fhlA
179 	 zraR, fhlA
180 	 zraR, melR, fhlA
181 	 zraR, fhlA
182 	 zraR, melR, fhlA
183 	 zraR, fhlA
184 	 zraR, melR, fhlA
185 	 zraR, fhlA
186 	 zraR, melR, fhlA
187 	 zraR, fhlA
188 	 zraR, cadC, melR
189 	 zraR, cadC
190 	 zraR, melR, fhlA
191 	 zraR
192 	 zraR, melR, fhlA
194 	 zraR, melR, fhlA
196 	 zraR, melR, fhlA
198 	 zraR, cadC, melR
199 	 zraR, cadC, melR, fhlA
201 	 zraR, cadC
202 	 zraR, melR
203 	 zraR, cadC
204 	 zraR, cadC
205 	 zraR, melR
206 	 zraR, cadC
207 	 zraR, cadC, melR
208 	 zraR, melR
209 	 zraR
210 	 zraR, cadC
211 	 zraR, melR
212 	 zraR
213 	 zraR, cadC, melR
214 	 zraR, cadC, melR
215 	 zraR
216 	 zraR
217 	 zraR
218 	 zraR
219 	 zraR, melR
220 	 zraR, melR
221 	 zraR
222 	 zraR
223 	 zraR
224 	 zraR
225 	 zraR, melR
226 	 zraR, melR
227 	 zraR, cadC, melR, fhlA
228 	 zraR, melR, fhlA
229 	 zraR, cadC, melR, fhlA
230 	 zraR, cadC, melR, fhlA
231 	 zraR, melR, fhlA
232 	 zraR, melR, fhlA
233 	 zraR, melR, fhlA
234 	 zraR, melR, fhlA
235 	 zraR, cadC, melR
236 	 zraR, cadC, melR
237 	 zraR, melR
238 	 zraR, cadC, melR
239 	 zraR, melR
240 	 zraR, cadC, melR
241 	 zraR, melR
242 	 zraR, melR
243 	 zraR, melR
244 	 zraR, melR
245 	 zraR, melR
246 	 zraR, melR, fhlA
247 	 zraR, melR, fhlA
248 	 zraR, melR, fhlA
249 	 zraR, cadC, melR
250 	 zraR, cadC, melR
251 	 zraR, cadC, melR
252 	 zraR, cadC, melR
253 	 zraR, melR
254 	 zraR, melR
255 	 zraR, melR
256 	 zraR, melR
257 	 zraR, cadC, fhlA
258 	 zraR, cadC, fhlA
259 	 zraR, cadC, fhlA
260 	 zraR, cadC, fhlA
261 	 zraR, fhlA
262 	 zraR, fhlA
263 	 zraR, fhlA
264 	 zraR, fhlA
265 	 zraR, cadC
266 	 zraR, cadC
267 	 zraR, cadC
268 	 zraR, cadC
273 	 zraR, cadC, melR, fhlA
274 	 zraR, cadC, melR, fhlA
275 	 zraR, cadC, melR, fhlA
276 	 zraR, cadC, melR, fhlA
277 	 zraR, melR, fhlA
278 	 zraR, melR, fhlA
279 	 zraR, melR, fhlA
280 	 zraR, melR, fhlA
281 	 zraR, cadC, melR
282 	 zraR, cadC, melR
283 	 zraR, cadC, melR
284 	 zraR, cadC, melR
285 	 zraR, melR
286 	 zraR, melR
287 	 zraR, melR
288 	 zraR, melR
289 	 zraR, cadC, fhlA
290 	 zraR, cadC, fhlA
291 	 zraR, cadC, fhlA
292 	 zraR, cadC, fhlA
293 	 zraR, fhlA
294 	 zraR, fhlA
295 	 zraR, fhlA
296 	 zraR, fhlA
297 	 zraR, cadC
298 	 zraR, cadC
299 	 zraR, cadC
300 	 zraR, cadC
301 	 zraR
302 	 zraR
303 	 zraR
304 	 zraR
305 	 zraR, cadC, melR, fhlA
306 	 zraR, cadC, melR, fhlA
307 	 zraR, cadC, melR, fhlA
308 	 zraR, cadC, melR, fhlA
309 	 zraR, melR, fhlA
310 	 zraR, melR, fhlA
311 	 zraR, melR, fhlA
312 	 zraR, melR, fhlA
313 	 zraR, cadC, melR
314 	 zraR, cadC, melR
315 	 zraR, cadC, melR
316 	 zraR, cadC, melR
317 	 zraR, melR
318 	 zraR, melR
319 	 zraR, melR
320 	 zraR, melR
