7 	 zraR, idnR
11 	 zraR, araC
13 	 zraR, fucR
15 	 zraR, araC, fucR
17 	 zraR, idnR, fucR
28 	 zraR, araC, idnR
29 	 zraR, araC, idnR, fucR
31 	 zraR, melR
32 	 zraR, idnR
33 	 zraR, idnR
34 	 zraR, melR, idnR
35 	 zraR, araC
36 	 zraR, fucR
37 	 zraR, melR, araC
38 	 zraR, fucR
39 	 zraR, araC
40 	 zraR, melR, fucR
41 	 zraR, araC, idnR
42 	 zraR, idnR, fucR
43 	 zraR, melR, araC, idnR
44 	 zraR, idnR, fucR
45 	 zraR, araC, idnR
46 	 zraR, melR, idnR, fucR
47 	 zraR, araC, fucR
48 	 zraR, araC, fucR
49 	 zraR, melR, araC, fucR
50 	 zraR, araC, idnR, fucR
51 	 zraR, araC, idnR, fucR
52 	 zraR, melR, araC, idnR, fucR
53 	 zraR
54 	 zraR, fucR
55 	 zraR, araC
56 	 zraR, idnR
57 	 zraR, araC, fucR
58 	 zraR, idnR, fucR
59 	 zraR, araC, idnR
60 	 zraR, araC, idnR, fucR
61 	 zraR, melR
62 	 zraR
63 	 zraR
64 	 zraR, melR
65 	 zraR, melR
66 	 zraR, melR, idnR
67 	 zraR, idnR
69 	 zraR, melR, idnR
70 	 zraR, melR, araC
71 	 zraR, idnR
72 	 zraR, araC
73 	 zraR, melR, fucR
74 	 zraR, melR, idnR
75 	 zraR, melR, fucR
76 	 zraR, araC, idnR
77 	 zraR, idnR
78 	 zraR, melR, araC
79 	 zraR, melR, idnR, fucR
80 	 zraR, araC
81 	 zraR, fucR
82 	 zraR, melR, araC, idnR
83 	 zraR, melR, fucR
84 	 zraR, melR, araC, idnR
85 	 zraR, idnR, fucR
86 	 zraR, araC
87 	 zraR, melR, idnR, fucR
88 	 zraR, melR, araC, fucR
89 	 zraR, fucR
90 	 zraR, araC, fucR
91 	 zraR, melR, araC, fucR
92 	 zraR, melR, araC
93 	 zraR, melR, araC, idnR, fucR
94 	 zraR, araC, idnR, fucR
95 	 zraR, fucR
96 	 zraR, melR, araC, idnR, fucR
97 	 zraR, idnR, fucR
98 	 zraR, melR, araC, idnR
99 	 zraR, idnR, fucR
100 	 zraR, melR
101 	 zraR, melR, idnR, fucR
102 	 zraR, araC, idnR
103 	 zraR, araC, fucR
104 	 zraR, melR, araC, fucR
105 	 zraR, araC, fucR
106 	 zraR, araC, idnR
107 	 zraR, melR, araC, idnR, fucR
108 	 zraR, araC, idnR, fucR
109 	 zraR, araC, idnR, fucR
110 	 zraR, melR
111 	 zraR
112 	 zraR, melR
113 	 zraR, idnR
114 	 zraR, melR, araC
115 	 zraR, fucR
116 	 zraR, melR, fucR
117 	 zraR, araC
118 	 zraR, melR, araC, fucR
119 	 zraR, idnR, fucR
120 	 zraR, melR, idnR
121 	 zraR, araC, idnR
122 	 zraR, melR, idnR, fucR
123 	 zraR, araC, fucR
124 	 zraR, melR, araC, idnR
125 	 zraR, araC, idnR, fucR
126 	 zraR, melR, araC, idnR, fucR
127 	 zraR, melR, fucR
128 	 zraR, melR, fucR
129 	 zraR, melR, idnR
130 	 zraR, melR, araC
131 	 zraR, melR, idnR, fucR
132 	 zraR, melR, araC, fucR
133 	 zraR, melR, araC
134 	 zraR, melR, idnR
135 	 zraR, melR, araC, idnR
136 	 zraR, melR, araC, idnR
137 	 zraR, melR, araC, fucR
138 	 zraR, melR, idnR, fucR
139 	 zraR, melR, araC, idnR, fucR
140 	 zraR, melR, araC, idnR, fucR
141 	 zraR, melR
142 	 zraR, melR, idnR
143 	 zraR, melR, fucR
144 	 zraR, melR, araC
145 	 zraR, melR, araC, fucR
146 	 zraR, melR, araC, idnR
147 	 zraR, melR, idnR, fucR
148 	 zraR, melR, araC, idnR, fucR
149 	 zraR, rhaR, rhaS
150 	 zraR, fucR, rhaR, rhaS
151 	 zraR, idnR, rhaR, rhaS
152 	 zraR, idnR, fucR, rhaR, rhaS
153 	 zraR, araC, rhaR, rhaS
154 	 zraR, araC, fucR, rhaR, rhaS
155 	 zraR, araC, idnR, rhaR, rhaS
156 	 zraR, araC, idnR, fucR, rhaR, rhaS
157 	 zraR, rhaR, rhaS
158 	 zraR, rhaR, rhaS
159 	 zraR, idnR, rhaR, rhaS
160 	 zraR, araC, rhaR, rhaS
161 	 zraR, fucR, rhaR, rhaS
162 	 zraR, idnR, rhaR, rhaS
163 	 zraR, araC, rhaR, rhaS
164 	 zraR, fucR, rhaR, rhaS
165 	 zraR, araC, fucR, rhaR, rhaS
166 	 zraR, araC, idnR, rhaR, rhaS
167 	 zraR, araC, idnR, rhaR, rhaS
168 	 zraR, idnR, fucR, rhaR, rhaS
169 	 zraR, idnR, fucR, rhaR, rhaS
170 	 zraR, araC, fucR, rhaR, rhaS
171 	 zraR, araC, idnR, fucR, rhaR, rhaS
172 	 zraR, araC, idnR, fucR, rhaR, rhaS
173 	 zraR, rhaR, rhaS
174 	 zraR, melR, rhaR, rhaS
175 	 zraR, fucR, rhaR, rhaS
176 	 zraR, melR, idnR, rhaR, rhaS
177 	 zraR, araC, rhaR, rhaS
178 	 zraR, melR, fucR, rhaR, rhaS
179 	 zraR, idnR, rhaR, rhaS
180 	 zraR, melR, araC, rhaR, rhaS
181 	 zraR, idnR, fucR, rhaR, rhaS
182 	 zraR, melR, araC, idnR, rhaR, rhaS
183 	 zraR, araC, fucR, rhaR, rhaS
184 	 zraR, melR, araC, fucR, rhaR, rhaS
185 	 zraR, araC, idnR, rhaR, rhaS
186 	 zraR, melR, idnR, fucR, rhaR, rhaS
187 	 zraR, araC, idnR, fucR, rhaR, rhaS
188 	 zraR, melR, araC, idnR, fucR, rhaR, rhaS
189 	 zraR, rhaR, rhaS
190 	 zraR, melR, rhaR, rhaS
191 	 zraR, idnR, rhaR, rhaS
192 	 zraR, melR, fucR, rhaR, rhaS
193 	 zraR, fucR, rhaR, rhaS
194 	 zraR, melR, idnR, rhaR, rhaS
195 	 zraR, idnR, fucR, rhaR, rhaS
196 	 zraR, melR, araC, rhaR, rhaS
197 	 zraR, araC, rhaR, rhaS
198 	 zraR, melR, idnR, fucR, rhaR, rhaS
199 	 zraR, araC, fucR, rhaR, rhaS
200 	 zraR, melR, araC, fucR, rhaR, rhaS
201 	 zraR, araC, idnR, rhaR, rhaS
202 	 zraR, melR, araC, idnR, rhaR, rhaS
203 	 zraR, araC, idnR, fucR, rhaR, rhaS
204 	 zraR, melR, araC, idnR, fucR, rhaR, rhaS
205 	 zraR, melR, rhaR, rhaS
206 	 zraR, melR, rhaR, rhaS
207 	 zraR, rhaR, rhaS
208 	 zraR, melR, fucR, rhaR, rhaS
209 	 zraR, idnR, rhaR, rhaS
210 	 zraR, melR, araC, rhaR, rhaS
211 	 zraR, fucR, rhaR, rhaS
212 	 zraR, melR, idnR, rhaR, rhaS
213 	 zraR, araC, rhaR, rhaS
214 	 zraR, melR, idnR, fucR, rhaR, rhaS
215 	 zraR, araC, idnR, rhaR, rhaS
216 	 zraR, melR, araC, fucR, rhaR, rhaS
217 	 zraR, araC, fucR, rhaR, rhaS
218 	 zraR, melR, araC, idnR, rhaR, rhaS
219 	 zraR, idnR, fucR, rhaR, rhaS
220 	 zraR, melR, araC, idnR, fucR, rhaR, rhaS
221 	 zraR, araC, idnR, fucR, rhaR, rhaS
222 	 zraR, rhaR, rhaS
223 	 zraR, fucR, rhaR, rhaS
224 	 zraR, idnR, rhaR, rhaS
225 	 zraR, araC, rhaR, rhaS
226 	 zraR, araC, idnR, rhaR, rhaS
227 	 zraR, idnR, fucR, rhaR, rhaS
228 	 zraR, araC, fucR, rhaR, rhaS
229 	 zraR, araC, idnR, fucR, rhaR, rhaS
230 	 zraR, melR, rhaR, rhaS
231 	 zraR, rhaR, rhaS
232 	 zraR, melR, fucR, rhaR, rhaS
233 	 zraR, idnR, rhaR, rhaS
234 	 zraR, melR, idnR, rhaR, rhaS
235 	 zraR, fucR, rhaR, rhaS
236 	 zraR, melR, idnR, fucR, rhaR, rhaS
237 	 zraR, araC, rhaR, rhaS
238 	 zraR, melR, araC, rhaR, rhaS
239 	 zraR, idnR, fucR, rhaR, rhaS
240 	 zraR, melR, araC, idnR, rhaR, rhaS
241 	 zraR, araC, idnR, rhaR, rhaS
242 	 zraR, melR, araC, fucR, rhaR, rhaS
243 	 zraR, araC, fucR, rhaR, rhaS
244 	 zraR, melR, araC, idnR, fucR, rhaR, rhaS
245 	 zraR, araC, idnR, fucR, rhaR, rhaS
246 	 zraR, melR, fucR, rhaR, rhaS
247 	 zraR, melR, araC, rhaR, rhaS
248 	 zraR, melR, araC, fucR, rhaR, rhaS
249 	 zraR, melR, idnR, rhaR, rhaS
250 	 zraR, melR, idnR, fucR, rhaR, rhaS
251 	 zraR, melR, araC, idnR, rhaR, rhaS
252 	 zraR, melR, araC, idnR, fucR, rhaR, rhaS
253 	 zraR, melR, rhaR, rhaS
254 	 zraR, melR, rhaR, rhaS
255 	 zraR, melR, araC, rhaR, rhaS
256 	 zraR, melR, fucR, rhaR, rhaS
257 	 zraR, melR, idnR, rhaR, rhaS
258 	 zraR, melR, araC, rhaR, rhaS
259 	 zraR, melR, fucR, rhaR, rhaS
260 	 zraR, melR, idnR, rhaR, rhaS
261 	 zraR, melR, araC, fucR, rhaR, rhaS
262 	 zraR, melR, idnR, fucR, rhaR, rhaS
263 	 zraR, melR, araC, idnR, rhaR, rhaS
264 	 zraR, melR, araC, idnR, rhaR, rhaS
265 	 zraR, melR, idnR, fucR, rhaR, rhaS
266 	 zraR, melR, araC, fucR, rhaR, rhaS
267 	 zraR, melR, araC, idnR, fucR, rhaR, rhaS
268 	 zraR, melR, araC, idnR, fucR, rhaR, rhaS
269 	 zraR, melR, rhaR, rhaS
270 	 zraR, melR, fucR, rhaR, rhaS
271 	 zraR, melR, araC, rhaR, rhaS
272 	 zraR, melR, idnR, rhaR, rhaS
273 	 zraR, melR, araC, fucR, rhaR, rhaS
274 	 zraR, melR, araC, idnR, rhaR, rhaS
275 	 zraR, melR, idnR, fucR, rhaR, rhaS
276 	 zraR, melR, araC, idnR, fucR, rhaR, rhaS
