2 	 zraR, evgA, ydeO, rcsA
3 	 zraR, evgA, ydeO, rcsA
4 	 zraR, evgA, ydeO, rcsA
7 	 zraR, evgA, ydeO, rcsA
9 	 zraR, araC, marR, soxR, rob, narL, arcA
10 	 zraR, araC, marR, soxR, rob, narL, arcA
11 	 zraR, evgA, ydeO, rcsA
12 	 zraR, marR, soxR, rob, narL, evgA, ydeO, rcsA, arcA
13 	 zraR, puuR, fucR, nikR, lldR, marR, soxR, rob, narL, evgA, ydeO, marA, rcsA, soxS, arcA, fnr
14 	 zraR, marR, soxR, rob, narL, evgA, ydeO, rcsA, arcA
15 	 zraR, puuR, fucR, nikR, lldR, marR, soxR, rob, narL, evgA, ydeO, marA, rcsA, soxS, arcA, fnr
16 	 zraR, marR, soxR, rob, narL, evgA, arcA
17 	 zraR, melR, marR, soxR, rob, narL, evgA, ydeO, rcsA, arcA
18 	 zraR, marR, soxR, rob, narL, evgA, ydeO, rcsA, arcA
19 	 zraR, marR, soxR, rob, narL, evgA, ydeO, rcsA, arcA
20 	 zraR, araC, marR, soxR, rob, narL, evgA, ydeO, rcsA, arcA
21 	 zraR, araC, marR, soxR, rob, narL, evgA, ydeO, rcsA, arcA
22 	 zraR, marR, soxR, rob, narL, evgA, ydeO, rcsA, arcA
23 	 zraR, araC, marR, soxR, rob, narL, evgA, ydeO, rcsA, arcA
24 	 zraR, marR, soxR, rob, narL, evgA, arcA
25 	 zraR, marR, soxR, rob, narL, evgA, ydeO, rcsA, arcA
26 	 zraR, melR, marR, soxR, rob, narL, evgA, ydeO, rcsA, arcA
27 	 zraR, melR, marR, soxR, rob, narL, evgA, arcA
28 	 zraR, fucR, marR, soxR, rob, narL, evgA, ydeO, rcsA, arcA
29 	 zraR, araC, marR, soxR, rob, narL, evgA, ydeO, rcsA, arcA
30 	 zraR, melR, marR, soxR, rob, narL, evgA, arcA
31 	 zraR, marR, soxR, rob, narL, evgA, ydeO, rcsA, arcA
32 	 zraR, fucR, marR, soxR, rob, narL, evgA, ydeO, rcsA, arcA
33 	 zraR, puuR, betI, lldR, evgA, marA, soxS, fnr
34 	 zraR, marR, soxR, rob, narL, rcsA, arcA
35 	 zraR, marR, soxR, rob, narL, evgA, ydeO, rcsA, arcA
36 	 zraR, marR, soxR, rob, narL, evgA, arcA
37 	 zraR, marR, soxR, rob, narL, evgA, ydeO, rcsA, arcA
38 	 zraR, fucR, marR, soxR, rob, narL, evgA, ydeO, rcsA, arcA
39 	 zraR, melR, fucR, marR, soxR, rob, narL, evgA, ydeO, rcsA, arcA
40 	 zraR, melR, marR, soxR, rob, narL, evgA, ydeO, rcsA, arcA
41 	 zraR, araC, fucR, marR, soxR, rob, narL, evgA, ydeO, rcsA, arcA
42 	 zraR, marR, soxR, rob, narL, evgA, ydeO, rcsA, arcA
43 	 zraR, fucR, marR, soxR, rob, narL, evgA, ydeO, rcsA, arcA
44 	 zraR, fucR, marR, soxR, rob, narL, evgA, ydeO, rcsA, arcA
45 	 zraR, fucR, marR, soxR, rob, narL, evgA, ydeO, rcsA, arcA
46 	 zraR, marR, soxR, rob, narL, evgA, ydeO, rcsA, arcA
47 	 zraR, fucR, marR, soxR, rob, narL, evgA, ydeO, rcsA, arcA
48 	 zraR, fucR, marR, soxR, rob, narL, evgA, ydeO, rcsA, arcA
49 	 zraR, araC, marR, soxR, rob, narL, evgA, ydeO, rcsA, arcA
50 	 zraR, melR, fucR, marR, soxR, rob, narL, evgA, ydeO, rcsA, arcA
51 	 zraR, fucR, marR, soxR, rob, narL, evgA, ydeO, rcsA, arcA
52 	 zraR, araC, fucR, marR, soxR, rob, narL, evgA, ydeO, rcsA, arcA
53 	 zraR, melR, marR, soxR, rob, narL, evgA, ydeO, rcsA, arcA
54 	 zraR, marR, soxR, rob, narL, evgA, ydeO, rcsA, arcA
55 	 zraR, araC, marR, soxR, rob, narL, evgA, ydeO, rcsA, arcA
56 	 zraR, melR, marR, soxR, rob, narL, evgA, ydeO, rcsA, arcA
57 	 zraR, fucR, marR, soxR, rob, narL, evgA, ydeO, rcsA, arcA
58 	 zraR, araC, marR, soxR, rob, narL, evgA, ydeO, rcsA, arcA
59 	 zraR, melR, fucR, marR, soxR, rob, narL, evgA, ydeO, rcsA, arcA
60 	 zraR, marR, soxR, rob, narL, evgA, ydeO, rcsA, arcA
61 	 zraR, araC, fucR, marR, soxR, rob, narL, evgA, ydeO, rcsA, arcA
62 	 zraR, melR, fucR, marR, soxR, rob, narL, evgA, ydeO, rcsA, arcA
63 	 zraR, fucR, marR, soxR, rob, narL, evgA, ydeO, rcsA, arcA
64 	 zraR, araC, fucR, marR, soxR, rob, narL, evgA, ydeO, rcsA, arcA
65 	 zraR, marR, soxR, rob, narL, evgA, ydeO, rcsA, arcA
66 	 zraR, marR, soxR, rob, narL, evgA, ydeO, rcsA, arcA
67 	 zraR, fucR, marR, soxR, rob, narL, evgA, ydeO, rcsA, arcA
68 	 zraR, marR, soxR, rob, narL, evgA, ydeO, rcsA, arcA
69 	 zraR, marR, soxR, rob, narL, evgA, ydeO, rcsA, arcA
70 	 zraR, fucR, marR, soxR, rob, narL, evgA, ydeO, rcsA, arcA
71 	 zraR, fucR, marR, soxR, rob, narL, evgA, ydeO, rcsA, arcA
72 	 zraR, fucR, marR, soxR, rob, narL, evgA, ydeO, rcsA, arcA
73 	 zraR, araC, marR, soxR, rob, narL, evgA, ydeO, rcsA, arcA
74 	 zraR, melR, marR, soxR, rob, narL, evgA, ydeO, rcsA, arcA
75 	 zraR, fucR, marR, soxR, rob, narL, evgA, ydeO, rcsA, arcA
76 	 zraR, araC, marR, soxR, rob, narL, evgA, ydeO, rcsA, arcA
77 	 zraR, melR, marR, soxR, rob, narL, evgA, ydeO, rcsA, arcA
78 	 zraR, marR, soxR, rob, narL, evgA, ydeO, rcsA, arcA
79 	 zraR, araC, marR, soxR, rob, narL, evgA, ydeO, rcsA, arcA
80 	 zraR, melR, marR, soxR, rob, narL, evgA, ydeO, rcsA, arcA
81 	 zraR, melR, marR, soxR, rob, narL, evgA, ydeO, rcsA, arcA
82 	 zraR, fucR, marR, soxR, rob, narL, evgA, ydeO, rcsA, arcA
83 	 zraR, marR, soxR, rob, narL, evgA, ydeO, rcsA, arcA
84 	 zraR, marR, soxR, rob, narL, evgA, ydeO, rcsA, arcA
85 	 zraR, melR, fucR, marR, soxR, rob, narL, evgA, ydeO, rcsA, arcA
86 	 zraR, melR, marR, soxR, rob, narL, evgA, ydeO, rcsA, arcA
87 	 zraR, melR, fucR, marR, soxR, rob, narL, evgA, ydeO, rcsA, arcA
88 	 zraR, fucR, marR, soxR, rob, narL, evgA, ydeO, rcsA, arcA
89 	 zraR, fucR, marR, soxR, rob, narL, evgA, ydeO, rcsA, arcA
90 	 zraR, melR, fucR, marR, soxR, rob, narL, evgA, ydeO, rcsA, arcA
91 	 zraR, araC, fucR, marR, soxR, rob, narL, evgA, ydeO, rcsA, arcA
92 	 zraR, araC, marR, soxR, rob, narL, evgA, ydeO, rcsA, arcA
93 	 zraR, fucR, marR, soxR, rob, narL, evgA, ydeO, rcsA, arcA
94 	 zraR, marR, soxR, rob, narL, evgA, ydeO, rcsA, arcA
95 	 zraR, araC, marR, soxR, rob, narL, evgA, ydeO, rcsA, arcA
96 	 zraR, araC, fucR, marR, soxR, rob, narL, evgA, ydeO, rcsA, arcA
97 	 zraR, melR, fucR, marR, soxR, rob, narL, evgA, ydeO, rcsA, arcA
98 	 zraR, marR, soxR, rob, narL, evgA, ydeO, rcsA, arcA
99 	 zraR, melR, marR, soxR, rob, narL, evgA, ydeO, rcsA, arcA
100 	 zraR, melR, fucR, marR, soxR, rob, narL, evgA, ydeO, rcsA, arcA
101 	 zraR, melR, marR, soxR, rob, narL, evgA, ydeO, rcsA, arcA
102 	 zraR, melR, fucR, marR, soxR, rob, narL, evgA, ydeO, rcsA, arcA
103 	 zraR, melR, marR, soxR, rob, narL, evgA, ydeO, rcsA, arcA
104 	 zraR, fucR, marR, soxR, rob, narL, evgA, ydeO, rcsA, arcA
105 	 zraR, melR, marR, soxR, rob, narL, evgA, ydeO, rcsA, arcA
106 	 zraR, melR, fucR, marR, soxR, rob, narL, evgA, ydeO, rcsA, arcA
107 	 zraR, fucR, marR, soxR, rob, narL, evgA, ydeO, rcsA, arcA
108 	 zraR, melR, fucR, marR, soxR, rob, narL, evgA, ydeO, rcsA, arcA
109 	 zraR, melR, marR, soxR, rob, narL, evgA, ydeO, rcsA, arcA
110 	 zraR, araC, fucR, marR, soxR, rob, narL, evgA, ydeO, rcsA, arcA
111 	 zraR, melR, fucR, marR, soxR, rob, narL, evgA, ydeO, rcsA, arcA
112 	 zraR, marR, soxR, rob, narL, evgA, ydeO, rcsA, arcA
113 	 zraR, araC, fucR, marR, soxR, rob, narL, evgA, ydeO, rcsA, arcA
114 	 zraR, melR, araC, marR, soxR, rob, narL, evgA, ydeO, rcsA, arcA
115 	 zraR, araC, fucR, marR, soxR, rob, narL, evgA, ydeO, rcsA, arcA
116 	 zraR, melR, araC, marR, soxR, rob, narL, evgA, ydeO, rcsA, arcA
117 	 zraR, araC, marR, soxR, rob, narL, evgA, ydeO, rcsA, arcA
118 	 zraR, melR, araC, fucR, marR, soxR, rob, narL, evgA, ydeO, rcsA, arcA
119 	 zraR, araC, marR, soxR, rob, narL, evgA, ydeO, rcsA, arcA
120 	 zraR, melR, marR, soxR, rob, narL, evgA, ydeO, rcsA, arcA
121 	 zraR, araC, fucR, marR, soxR, rob, narL, evgA, ydeO, rcsA, arcA
122 	 zraR, melR, marR, soxR, rob, narL, evgA, ydeO, rcsA, arcA
123 	 zraR, araC, marR, soxR, rob, narL, evgA, ydeO, rcsA, arcA
124 	 zraR, melR, araC, fucR, marR, soxR, rob, narL, evgA, ydeO, rcsA, arcA
125 	 zraR, araC, fucR, marR, soxR, rob, narL, evgA, ydeO, rcsA, arcA
126 	 zraR, melR, araC, marR, soxR, rob, narL, evgA, ydeO, rcsA, arcA
127 	 zraR, araC, marR, soxR, rob, narL, evgA, ydeO, rcsA, arcA
128 	 zraR, melR, araC, fucR, marR, soxR, rob, narL, evgA, ydeO, rcsA, arcA
129 	 zraR, araC, fucR, marR, soxR, rob, narL, evgA, ydeO, rcsA, arcA
130 	 zraR, melR, araC, marR, soxR, rob, narL, evgA, ydeO, rcsA, arcA
131 	 zraR, melR, marR, soxR, rob, narL, evgA, ydeO, rcsA, arcA
132 	 zraR, melR, fucR, marR, soxR, rob, narL, evgA, ydeO, rcsA, arcA
133 	 zraR, araC, marR, soxR, rob, narL, evgA, ydeO, rcsA, arcA
134 	 zraR, marR, soxR, rob, narL, evgA, ydeO, rcsA, arcA
135 	 zraR, melR, marR, soxR, rob, narL, evgA, ydeO, rcsA, arcA
136 	 zraR, araC, fucR, marR, soxR, rob, narL, evgA, ydeO, rcsA, arcA
137 	 zraR, melR, araC, marR, soxR, rob, narL, evgA, ydeO, rcsA, arcA
138 	 zraR, araC, marR, soxR, rob, narL, evgA, ydeO, rcsA, arcA
139 	 zraR, melR, araC, marR, soxR, rob, narL, evgA, ydeO, rcsA, arcA
140 	 zraR, araC, fucR, marR, soxR, rob, narL, evgA, ydeO, rcsA, arcA
141 	 zraR, melR, araC, fucR, marR, soxR, rob, narL, evgA, ydeO, rcsA, arcA
142 	 zraR, melR, araC, fucR, marR, soxR, rob, narL, evgA, ydeO, rcsA, arcA
143 	 zraR, melR, marR, soxR, rob, narL, evgA, ydeO, rcsA, arcA
144 	 zraR, araC, fucR, marR, soxR, rob, narL, evgA, ydeO, rcsA, arcA
145 	 zraR, melR, araC, fucR, marR, soxR, rob, narL, evgA, ydeO, rcsA, arcA
146 	 zraR, araC, marR, soxR, rob, narL, evgA, ydeO, rcsA, arcA
147 	 zraR, melR, araC, marR, soxR, rob, narL, evgA, ydeO, rcsA, arcA
148 	 zraR, marR, soxR, rob, narL, evgA, ydeO, rcsA, arcA
149 	 zraR, fucR, marR, soxR, rob, narL, evgA, ydeO, rcsA, arcA
150 	 zraR, araC, marR, soxR, rob, narL, evgA, ydeO, rcsA, arcA
151 	 zraR, melR, fucR, marR, soxR, rob, narL, evgA, ydeO, rcsA, arcA
152 	 zraR, marR, soxR, rob, narL, rcsA, arcA
153 	 zraR, fucR, marR, soxR, rob, narL, evgA, ydeO, rcsA, arcA
154 	 zraR, marR, soxR, rob, narL, evgA, ydeO, rcsA, arcA
155 	 zraR, fucR, marR, soxR, rob, narL, rcsA, arcA
156 	 zraR, melR, fucR, marR, soxR, rob, narL, evgA, ydeO, rcsA, arcA
157 	 zraR, fucR, marR, soxR, rob, narL, rcsA, arcA
158 	 zraR, melR, marR, soxR, rob, narL, evgA, ydeO, rcsA, arcA
159 	 zraR, marR, soxR, rob, narL, evgA, ydeO, rcsA, arcA
160 	 zraR, melR, marR, soxR, rob, narL, rcsA, arcA
161 	 zraR, fucR, marR, soxR, rob, narL, evgA, ydeO, rcsA, arcA
162 	 zraR, melR, marR, soxR, rob, narL, rcsA, arcA
163 	 zraR, araC, marR, soxR, rob, narL, evgA, ydeO, rcsA, arcA
164 	 zraR, melR, fucR, marR, soxR, rob, narL, rcsA, arcA
165 	 zraR, araC, marR, soxR, rob, narL, evgA, ydeO, rcsA, arcA
166 	 zraR, melR, fucR, marR, soxR, rob, narL, rcsA, arcA
167 	 zraR, araC, marR, soxR, rob, narL, evgA, ydeO, rcsA, arcA
168 	 zraR, marR, soxR, rob, narL, rcsA, arcA
169 	 zraR, araC, fucR, marR, soxR, rob, narL, evgA, ydeO, rcsA, arcA
170 	 zraR, fucR, marR, soxR, rob, narL, rcsA, arcA
171 	 zraR, araC, fucR, marR, soxR, rob, narL, evgA, ydeO, rcsA, arcA
172 	 zraR, marR, soxR, rob, narL, rcsA, arcA
173 	 zraR, araC, marR, soxR, rob, narL, evgA, ydeO, rcsA, arcA
174 	 zraR, fucR, marR, soxR, rob, narL, rcsA, arcA
175 	 zraR, araC, fucR, marR, soxR, rob, narL, evgA, ydeO, rcsA, arcA
176 	 zraR, melR, marR, soxR, rob, narL, rcsA, arcA
177 	 zraR, araC, fucR, marR, soxR, rob, narL, evgA, ydeO, rcsA, arcA
178 	 zraR, melR, fucR, marR, soxR, rob, narL, rcsA, arcA
179 	 zraR, marR, soxR, rob, narL, rcsA, arcA
180 	 zraR, melR, marR, soxR, rob, narL, rcsA, arcA
181 	 zraR, fucR, marR, soxR, rob, narL, evgA, ydeO, rcsA, arcA
182 	 zraR, araC, fucR, marR, soxR, rob, narL, evgA, ydeO, rcsA, arcA
183 	 zraR, marR, soxR, rob, narL, rcsA, arcA
184 	 zraR, fucR, marR, soxR, rob, narL, evgA, ydeO, rcsA, arcA
185 	 zraR, araC, marR, soxR, rob, narL, evgA, ydeO, rcsA, arcA
186 	 zraR, melR, araC, fucR, marR, soxR, rob, narL, evgA, ydeO, rcsA, arcA
187 	 zraR, marR, soxR, rob, narL, evgA, ydeO, rcsA, arcA
188 	 zraR, melR, marR, soxR, rob, narL, evgA, ydeO, rcsA, arcA
189 	 zraR, araC, fucR, marR, soxR, rob, narL, evgA, ydeO, rcsA, arcA
190 	 zraR, fucR, marR, soxR, rob, narL, evgA, ydeO, rcsA, arcA
191 	 zraR, araC, fucR, marR, soxR, rob, narL, evgA, ydeO, rcsA, arcA
192 	 zraR, marR, soxR, rob, narL, evgA, ydeO, rcsA, arcA
193 	 zraR, marR, soxR, rob, narL, evgA, ydeO, rcsA, arcA
194 	 zraR, melR, fucR, marR, soxR, rob, narL, evgA, ydeO, rcsA, arcA
195 	 zraR, araC, fucR, marR, soxR, rob, narL, evgA, ydeO, rcsA, arcA
196 	 zraR, melR, araC, marR, soxR, rob, narL, evgA, ydeO, rcsA, arcA
197 	 zraR, araC, marR, soxR, rob, narL, evgA, ydeO, rcsA, arcA
198 	 zraR, melR, araC, fucR, marR, soxR, rob, narL, evgA, ydeO, rcsA, arcA
199 	 zraR, araC, fucR, marR, soxR, rob, narL, evgA, ydeO, rcsA, arcA
200 	 zraR, melR, araC, marR, soxR, rob, narL, evgA, ydeO, rcsA, arcA
201 	 zraR, araC, fucR, marR, soxR, rob, narL, evgA, ydeO, rcsA, arcA
202 	 zraR, melR, araC, fucR, marR, soxR, rob, narL, evgA, ydeO, rcsA, arcA
203 	 zraR, fucR, marR, soxR, rob, narL, evgA, ydeO, rcsA, arcA
204 	 zraR, melR, araC, marR, soxR, rob, narL, evgA, ydeO, rcsA, arcA
205 	 zraR, fucR, marR, soxR, rob, narL, evgA, ydeO, rcsA, arcA
206 	 zraR, melR, araC, fucR, marR, soxR, rob, narL, evgA, ydeO, rcsA, arcA
207 	 zraR, marR, soxR, rob, narL, evgA, ydeO, rcsA, arcA
208 	 zraR, melR, marR, soxR, rob, narL, evgA, ydeO, rcsA, arcA
209 	 zraR, fucR, marR, soxR, rob, narL, evgA, ydeO, rcsA, arcA
210 	 zraR, melR, marR, soxR, rob, narL, evgA, ydeO, rcsA, arcA
211 	 zraR, fucR, marR, soxR, rob, narL, evgA, ydeO, rcsA, arcA
212 	 zraR, melR, fucR, marR, soxR, rob, narL, evgA, ydeO, rcsA, arcA
213 	 zraR, araC, marR, soxR, rob, narL, evgA, ydeO, rcsA, arcA
214 	 zraR, melR, fucR, marR, soxR, rob, narL, evgA, ydeO, rcsA, arcA
215 	 zraR, araC, marR, soxR, rob, narL, evgA, ydeO, rcsA, arcA
216 	 zraR, melR, araC, marR, soxR, rob, narL, evgA, ydeO, rcsA, arcA
217 	 zraR, araC, marR, soxR, rob, narL, evgA, ydeO, rcsA, arcA
218 	 zraR, melR, araC, fucR, marR, soxR, rob, narL, evgA, ydeO, rcsA, arcA
219 	 zraR, araC, marR, soxR, rob, narL, evgA, ydeO, rcsA, arcA
220 	 zraR, melR, araC, marR, soxR, rob, narL, evgA, ydeO, rcsA, arcA
221 	 zraR, araC, fucR, marR, soxR, rob, narL, evgA, ydeO, rcsA, arcA
222 	 zraR, melR, araC, fucR, marR, soxR, rob, narL, evgA, ydeO, rcsA, arcA
223 	 zraR, araC, fucR, marR, soxR, rob, narL, evgA, ydeO, rcsA, arcA
224 	 zraR, araC, fucR, marR, soxR, rob, narL, evgA, ydeO, rcsA, arcA
225 	 zraR, araC, fucR, marR, soxR, rob, narL, evgA, ydeO, rcsA, arcA
226 	 zraR, melR, fucR, marR, soxR, rob, narL, evgA, ydeO, rcsA, arcA
227 	 zraR, marR, soxR, rob, narL, evgA, ydeO, rcsA, arcA
228 	 zraR, melR, araC, marR, soxR, rob, narL, evgA, ydeO, rcsA, arcA
229 	 zraR, marR, soxR, rob, narL, evgA, ydeO, rcsA, arcA
230 	 zraR, araC, marR, soxR, rob, narL, rcsA, arcA
231 	 zraR, marR, soxR, rob, narL, rcsA, arcA
232 	 zraR, fucR, marR, soxR, rob, narL, rcsA, arcA
233 	 zraR, melR, fucR, marR, soxR, rob, narL, evgA, ydeO, rcsA, arcA
234 	 zraR, marR, soxR, rob, narL, rcsA, arcA
235 	 zraR, fucR, marR, soxR, rob, narL, evgA, ydeO, rcsA, arcA
236 	 zraR, melR, araC, fucR, marR, soxR, rob, narL, evgA, ydeO, rcsA, arcA
237 	 zraR, melR, fucR, marR, soxR, rob, narL, evgA, ydeO, rcsA, arcA
238 	 zraR, araC, fucR, marR, soxR, rob, narL, evgA, ydeO, rcsA, arcA
239 	 zraR, melR, fucR, marR, soxR, rob, narL, evgA, ydeO, rcsA, arcA
240 	 zraR, melR, marR, soxR, rob, narL, evgA, ydeO, rcsA, arcA
241 	 zraR, fucR, marR, soxR, rob, narL, rcsA, arcA
242 	 zraR, araC, marR, soxR, rob, narL, evgA, ydeO, rcsA, arcA
243 	 zraR, araC, marR, soxR, rob, narL, rcsA, arcA
244 	 zraR, araC, fucR, marR, soxR, rob, narL, evgA, ydeO, rcsA, arcA
245 	 zraR, araC, fucR, marR, soxR, rob, narL, rcsA, arcA
246 	 zraR, fucR, marR, soxR, rob, narL, evgA, ydeO, rcsA, arcA
247 	 zraR, araC, fucR, marR, soxR, rob, narL, rcsA, arcA
248 	 zraR, araC, marR, soxR, rob, narL, evgA, ydeO, rcsA, arcA
249 	 zraR, araC, marR, soxR, rob, narL, rcsA, arcA
250 	 zraR, araC, fucR, marR, soxR, rob, narL, evgA, ydeO, rcsA, arcA
251 	 zraR, araC, marR, soxR, rob, narL, rcsA, arcA
252 	 zraR, araC, marR, soxR, rob, narL, evgA, ydeO, rcsA, arcA
253 	 zraR, araC, fucR, marR, soxR, rob, narL, rcsA, arcA
254 	 zraR, araC, fucR, marR, soxR, rob, narL, evgA, ydeO, rcsA, arcA
255 	 zraR, araC, fucR, marR, soxR, rob, narL, rcsA, arcA
256 	 zraR, fucR, marR, soxR, rob, narL, evgA, ydeO, rcsA, arcA
257 	 zraR, fucR, marR, soxR, rob, narL, evgA, arcA
258 	 zraR, araC, marR, soxR, rob, narL, evgA, ydeO, rcsA, arcA
259 	 zraR, araC, marR, soxR, rob, narL, rcsA, arcA
260 	 zraR, araC, fucR, marR, soxR, rob, narL, evgA, ydeO, rcsA, arcA
261 	 zraR, puuR, fucR, nikR, lldR, marR, soxR, rob, narL, evgA, marA, soxS, arcA, fnr
262 	 zraR, araC, marR, soxR, rob, narL, evgA, ydeO, rcsA, arcA
263 	 zraR, araC, marR, soxR, rob, narL, rcsA, arcA
264 	 zraR, araC, fucR, marR, soxR, rob, narL, evgA, ydeO, rcsA, arcA
265 	 zraR, araC, fucR, marR, soxR, rob, narL, rcsA, arcA
266 	 zraR, araC, marR, soxR, rob, narL, evgA, ydeO, rcsA, arcA
267 	 zraR, araC, fucR, marR, soxR, rob, narL, rcsA, arcA
268 	 zraR, araC, fucR, marR, soxR, rob, narL, evgA, ydeO, rcsA, arcA
269 	 zraR, marR, soxR, rob, narL, rcsA, arcA
270 	 zraR, fucR, marR, soxR, rob, narL, evgA, ydeO, rcsA, arcA
271 	 zraR, fucR, marR, soxR, rob, narL, rcsA, arcA
272 	 zraR, marR, soxR, rob, narL, evgA, ydeO, rcsA, arcA
273 	 zraR, fucR, marR, soxR, rob, narL, arcA
274 	 zraR, araC, marR, soxR, rob, narL, evgA, ydeO, rcsA, arcA
275 	 zraR, fucR, marR, soxR, rob, narL, arcA
276 	 zraR, fucR, marR, soxR, rob, narL, evgA, ydeO, rcsA, arcA
277 	 zraR, marR, soxR, rob, narL, evgA, arcA
278 	 zraR, araC, fucR, marR, soxR, rob, narL, evgA, ydeO, rcsA, arcA
279 	 zraR, araC, marR, soxR, rob, narL, evgA, arcA
280 	 zraR, marR, soxR, rob, narL, evgA, ydeO, rcsA, arcA
282 	 zraR, araC, marR, soxR, rob, narL, evgA, ydeO, rcsA, arcA
283 	 zraR, araC, marR, soxR, rob, narL, evgA, arcA
284 	 zraR, fucR, marR, soxR, rob, narL, evgA, ydeO, rcsA, arcA
285 	 zraR, marR, soxR, rob, narL, evgA, arcA
286 	 zraR, araC, fucR, marR, soxR, rob, narL, evgA, ydeO, rcsA, arcA
287 	 zraR, araC, marR, soxR, rob, narL, arcA
288 	 zraR, araC, marR, soxR, rob, narL, evgA, ydeO, rcsA, arcA
289 	 zraR, araC, fucR, marR, soxR, rob, narL, evgA, ydeO, rcsA, arcA
290 	 zraR, marR, soxR, rob, narL, rcsA, arcA
291 	 zraR, melR, araC, marR, soxR, rob, narL, evgA, ydeO, rcsA, arcA
293 	 zraR, melR, araC, marR, soxR, rob, narL, evgA, ydeO, rcsA, arcA
294 	 zraR, melR, marR, soxR, rob, narL, evgA, ydeO, rcsA, arcA
295 	 zraR, araC, fucR, marR, soxR, rob, narL, evgA, arcA
296 	 zraR, araC, marR, soxR, rob, narL, evgA, ydeO, rcsA, arcA
297 	 zraR, araC, fucR, marR, soxR, rob, narL, arcA
298 	 zraR, araC, fucR, marR, soxR, rob, narL, evgA, ydeO, rcsA, arcA
299 	 zraR, fucR, marR, soxR, rob, narL, rcsA, arcA
300 	 zraR, melR, araC, marR, soxR, rob, narL, evgA, ydeO, rcsA, arcA
301 	 zraR, araC, fucR, marR, soxR, rob, narL, evgA, arcA
302 	 zraR, araC, marR, soxR, rob, narL, rcsA, arcA
303 	 zraR, melR, araC, fucR, marR, soxR, rob, narL, evgA, ydeO, rcsA, arcA
304 	 zraR, fucR, marR, soxR, rob, narL, evgA, arcA
305 	 zraR, melR, araC, marR, soxR, rob, narL, evgA, ydeO, rcsA, arcA
306 	 zraR, fucR, marR, soxR, rob, narL, arcA
307 	 zraR, araC, marR, soxR, rob, narL, rcsA, arcA
308 	 zraR, araC, fucR, marR, soxR, rob, narL, rcsA, arcA
309 	 zraR, araC, fucR, marR, soxR, rob, narL, arcA
310 	 zraR, fucR, marR, soxR, rob, narL, evgA, arcA
311 	 zraR, araC, fucR, marR, soxR, rob, narL, rcsA, arcA
312 	 zraR, fucR, marR, soxR, rob, narL, arcA
313 	 zraR, araC, marR, soxR, rob, narL, evgA, arcA
314 	 zraR, araC, fucR, marR, soxR, rob, narL, evgA, arcA
315 	 zraR, araC, marR, soxR, rob, narL, evgA, arcA
316 	 zraR, araC, fucR, marR, soxR, rob, narL, evgA, arcA
317 	 zraR, araC, marR, soxR, rob, narL, arcA
318 	 zraR, araC, marR, soxR, rob, narL, arcA
319 	 zraR, araC, fucR, marR, soxR, rob, narL, arcA
320 	 zraR, araC, fucR, marR, soxR, rob, narL, arcA
321 	 zraR, marR, soxR, rob, narL, evgA, arcA
322 	 zraR, fucR, marR, soxR, rob, narL, evgA, arcA
323 	 zraR, marR, soxR, rob, narL, evgA, arcA
324 	 zraR, fucR, marR, soxR, rob, narL, evgA, arcA
326 	 zraR, fucR, marR, soxR, rob, narL, arcA
327 	 zraR, fucR, marR, soxR, rob, narL, arcA
328 	 zraR, araC, marR, soxR, rob, narL, evgA, arcA
329 	 zraR, marR, soxR, rob, narL, evgA, arcA
330 	 zraR, araC, marR, soxR, rob, narL, evgA, arcA
331 	 zraR, fucR, marR, soxR, rob, narL, evgA, arcA
332 	 zraR, araC, fucR, marR, soxR, rob, narL, evgA, arcA
333 	 zraR, marR, soxR, rob, narL, evgA, arcA
334 	 zraR, araC, fucR, marR, soxR, rob, narL, evgA, arcA
336 	 zraR, araC, marR, soxR, rob, narL, arcA
337 	 zraR, fucR, marR, soxR, rob, narL, arcA
338 	 zraR, araC, fucR, marR, soxR, rob, narL, arcA
340 	 zraR, araC, marR, soxR, rob, narL, arcA
341 	 zraR, fucR, marR, soxR, rob, narL, evgA, arcA
342 	 zraR, araC, fucR, marR, soxR, rob, narL, arcA
343 	 zraR, fucR, marR, soxR, rob, narL, arcA
344 	 zraR, araC, marR, soxR, rob, narL, evgA, arcA
345 	 zraR, araC, marR, soxR, rob, narL, evgA, arcA
346 	 zraR, araC, fucR, marR, soxR, rob, narL, evgA, arcA
347 	 zraR, araC, marR, soxR, rob, narL, arcA
348 	 zraR, araC, fucR, marR, soxR, rob, narL, arcA
349 	 zraR, araC, marR, soxR, rob, narL, arcA
350 	 zraR, araC, fucR, marR, soxR, rob, narL, evgA, arcA
351 	 zraR, araC, fucR, marR, soxR, rob, narL, arcA
352 	 zraR, melR, marR, soxR, rob, narL, rcsA, arcA
353 	 zraR, marR, soxR, rob, narL, rcsA, arcA
354 	 zraR, melR, araC, marR, soxR, rob, narL, rcsA, arcA
355 	 zraR, marR, soxR, rob, narL, rcsA, arcA
356 	 zraR, melR, araC, fucR, marR, soxR, rob, narL, rcsA, arcA
357 	 zraR, fucR, marR, soxR, rob, narL, rcsA, arcA
358 	 zraR, melR, araC, marR, soxR, rob, narL, rcsA, arcA
359 	 zraR, marR, soxR, rob, narL, rcsA, arcA
360 	 zraR, melR, araC, fucR, marR, soxR, rob, narL, rcsA, arcA
361 	 zraR, fucR, marR, soxR, rob, narL, rcsA, arcA
362 	 zraR, melR, marR, soxR, rob, narL, rcsA, arcA
363 	 zraR, fucR, marR, soxR, rob, narL, rcsA, arcA
364 	 zraR, melR, fucR, marR, soxR, rob, narL, rcsA, arcA
365 	 zraR, marR, soxR, rob, narL, rcsA, arcA
366 	 zraR, melR, fucR, marR, soxR, rob, narL, rcsA, arcA
367 	 zraR, fucR, marR, soxR, rob, narL, rcsA, arcA
368 	 zraR, melR, araC, marR, soxR, rob, narL, rcsA, arcA
369 	 zraR, marR, soxR, rob, narL, rcsA, arcA
370 	 zraR, melR, araC, fucR, marR, soxR, rob, narL, rcsA, arcA
371 	 zraR, araC, marR, soxR, rob, narL, rcsA, arcA
372 	 zraR, melR, araC, marR, soxR, rob, narL, rcsA, arcA
373 	 zraR, puuR, melR, araC, fucR, nikR, lldR, marR, soxR, rob, narL, marA, rcsA, soxS, arcA, fnr
374 	 zraR, araC, marR, soxR, rob, narL, rcsA, arcA
375 	 zraR, melR, fucR, marR, soxR, rob, narL, rcsA, arcA
376 	 zraR, fucR, marR, soxR, rob, narL, rcsA, arcA
377 	 zraR, melR, marR, soxR, rob, narL, evgA, arcA
378 	 zraR, fucR, marR, soxR, rob, narL, rcsA, arcA
379 	 zraR, melR, marR, soxR, rob, narL, rcsA, arcA
380 	 zraR, araC, fucR, marR, soxR, rob, narL, rcsA, arcA
381 	 zraR, melR, fucR, marR, soxR, rob, narL, evgA, arcA
382 	 zraR, araC, marR, soxR, rob, narL, rcsA, arcA
383 	 zraR, melR, araC, marR, soxR, rob, narL, rcsA, arcA
384 	 zraR, araC, fucR, marR, soxR, rob, narL, rcsA, arcA
385 	 zraR, melR, marR, soxR, rob, narL, arcA
386 	 zraR, araC, marR, soxR, rob, narL, rcsA, arcA
387 	 zraR, melR, araC, fucR, marR, soxR, rob, narL, rcsA, arcA
388 	 zraR, araC, marR, soxR, rob, narL, rcsA, arcA
389 	 zraR, melR, fucR, marR, soxR, rob, narL, evgA, arcA
390 	 zraR, araC, fucR, marR, soxR, rob, narL, rcsA, arcA
391 	 zraR, melR, araC, marR, soxR, rob, narL, rcsA, arcA
392 	 zraR, araC, fucR, marR, soxR, rob, narL, rcsA, arcA
393 	 zraR, melR, fucR, marR, soxR, rob, narL, arcA
394 	 zraR, marR, soxR, rob, narL, evgA, arcA
395 	 zraR, melR, araC, fucR, marR, soxR, rob, narL, rcsA, arcA
396 	 zraR, marR, soxR, rob, narL, rcsA, arcA
397 	 zraR, melR, marR, soxR, rob, narL, arcA
398 	 zraR, marR, soxR, rob, narL, rcsA, arcA
399 	 zraR, melR, fucR, marR, soxR, rob, narL, rcsA, arcA
400 	 zraR, melR, fucR, nikR, marR, soxR, rob, narL, evgA, ydeO, rcsA, arcA
401 	 zraR, fucR, marR, soxR, rob, narL, rcsA, arcA
402 	 zraR, melR, araC, marR, soxR, rob, narL, evgA, ydeO, rcsA, arcA
403 	 zraR, marR, soxR, rob, narL, rcsA, arcA
404 	 zraR, melR, araC, fucR, marR, soxR, rob, narL, evgA, ydeO, rcsA, arcA
405 	 zraR, fucR, marR, soxR, rob, narL, rcsA, arcA
406 	 zraR, melR, araC, fucR, marR, soxR, rob, narL, evgA, ydeO, rcsA, arcA
407 	 zraR, marR, soxR, rob, narL, rcsA, arcA
408 	 zraR, melR, fucR, marR, soxR, rob, narL, evgA, ydeO, rcsA, arcA
409 	 zraR, fucR, marR, soxR, rob, narL, rcsA, arcA
410 	 zraR, melR, araC, marR, soxR, rob, narL, evgA, ydeO, rcsA, arcA
411 	 zraR, fucR, marR, soxR, rob, narL, evgA, arcA
412 	 zraR, marR, soxR, rob, narL, rcsA, arcA
413 	 zraR, melR, marR, soxR, rob, narL, rcsA, arcA
414 	 zraR, araC, marR, soxR, rob, narL, rcsA, arcA
415 	 zraR, melR, fucR, marR, soxR, rob, narL, rcsA, arcA
416 	 zraR, araC, marR, soxR, rob, narL, rcsA, arcA
417 	 zraR, melR, araC, marR, soxR, rob, narL, rcsA, arcA
418 	 zraR, araC, fucR, marR, soxR, rob, narL, rcsA, arcA
419 	 zraR, melR, araC, fucR, marR, soxR, rob, narL, rcsA, arcA
420 	 zraR, araC, fucR, marR, soxR, rob, narL, rcsA, arcA
421 	 zraR, melR, araC, marR, soxR, rob, narL, rcsA, arcA
422 	 zraR, fucR, marR, soxR, rob, narL, rcsA, arcA
423 	 zraR, melR, araC, fucR, marR, soxR, rob, narL, rcsA, arcA
424 	 zraR, araC, marR, soxR, rob, narL, rcsA, arcA
425 	 zraR, melR, fucR, marR, soxR, rob, narL, arcA
426 	 zraR, araC, marR, soxR, rob, narL, rcsA, arcA
427 	 zraR, melR, marR, soxR, rob, narL, evgA, arcA
428 	 zraR, araC, fucR, marR, soxR, rob, narL, rcsA, arcA
429 	 zraR, melR, fucR, marR, soxR, rob, narL, evgA, ydeO, rcsA, arcA
430 	 zraR, melR, araC, fucR, marR, soxR, rob, narL, evgA, ydeO, rcsA, arcA
431 	 zraR, melR, marR, soxR, rob, narL, arcA
432 	 zraR, melR, marR, soxR, rob, narL, evgA, ydeO, rcsA, arcA
433 	 zraR, melR, araC, marR, soxR, rob, narL, evgA, arcA
434 	 zraR, melR, araC, marR, soxR, rob, narL, evgA, ydeO, rcsA, arcA
435 	 zraR, melR, marR, soxR, rob, narL, evgA, arcA
436 	 zraR, melR, marR, soxR, rob, narL, evgA, ydeO, rcsA, arcA
437 	 zraR, melR, araC, marR, soxR, rob, narL, arcA
438 	 zraR, melR, araC, fucR, marR, soxR, rob, narL, evgA, ydeO, rcsA, arcA
439 	 zraR, melR, marR, soxR, rob, narL, arcA
440 	 zraR, melR, fucR, marR, soxR, rob, narL, evgA, ydeO, rcsA, arcA
441 	 zraR, melR, araC, fucR, marR, soxR, rob, narL, evgA, arcA
442 	 zraR, melR, fucR, marR, soxR, rob, narL, evgA, ydeO, rcsA, arcA
443 	 zraR, melR, fucR, marR, soxR, rob, narL, evgA, arcA
444 	 zraR, melR, araC, marR, soxR, rob, narL, evgA, ydeO, rcsA, arcA
445 	 zraR, melR, fucR, marR, soxR, rob, narL, arcA
446 	 zraR, melR, araC, fucR, marR, soxR, rob, narL, evgA, ydeO, rcsA, arcA
447 	 zraR, melR, fucR, marR, soxR, rob, narL, evgA, arcA
448 	 zraR, melR, araC, marR, soxR, rob, narL, evgA, ydeO, rcsA, arcA
449 	 zraR, melR, fucR, marR, soxR, rob, narL, arcA
450 	 zraR, melR, araC, fucR, marR, soxR, rob, narL, evgA, ydeO, rcsA, arcA
451 	 zraR, melR, araC, fucR, marR, soxR, rob, narL, arcA
452 	 zraR, melR, araC, fucR, marR, soxR, rob, narL, evgA, ydeO, rcsA, arcA
453 	 zraR, melR, araC, marR, soxR, rob, narL, evgA, arcA
454 	 zraR, melR, araC, fucR, marR, soxR, rob, narL, evgA, ydeO, rcsA, arcA
455 	 zraR, melR, araC, fucR, marR, soxR, rob, narL, evgA, arcA
456 	 zraR, melR, araC, marR, soxR, rob, narL, evgA, ydeO, rcsA, arcA
457 	 zraR, melR, araC, marR, soxR, rob, narL, arcA
458 	 zraR, melR, araC, marR, soxR, rob, narL, evgA, ydeO, rcsA, arcA
459 	 zraR, melR, araC, fucR, marR, soxR, rob, narL, arcA
460 	 zraR, melR, araC, fucR, marR, soxR, rob, narL, evgA, ydeO, rcsA, arcA
461 	 zraR, melR, araC, marR, soxR, rob, narL, evgA, arcA
462 	 zraR, melR, araC, fucR, marR, soxR, rob, narL, evgA, ydeO, rcsA, arcA
463 	 zraR, melR, araC, marR, soxR, rob, narL, arcA
464 	 zraR, melR, marR, soxR, rob, narL, evgA, ydeO, rcsA, arcA
465 	 zraR, melR, araC, fucR, marR, soxR, rob, narL, evgA, arcA
466 	 zraR, melR, fucR, marR, soxR, rob, narL, evgA, ydeO, rcsA, arcA
467 	 zraR, melR, araC, marR, soxR, rob, narL, evgA, arcA
468 	 zraR, melR, marR, soxR, rob, narL, evgA, ydeO, rcsA, arcA
469 	 zraR, melR, araC, fucR, marR, soxR, rob, narL, arcA
470 	 zraR, melR, fucR, marR, soxR, rob, narL, evgA, ydeO, rcsA, arcA
471 	 zraR, melR, araC, marR, soxR, rob, narL, arcA
472 	 zraR, melR, araC, marR, soxR, rob, narL, evgA, ydeO, rcsA, arcA
473 	 zraR, melR, araC, fucR, marR, soxR, rob, narL, evgA, arcA
474 	 zraR, melR, araC, fucR, marR, soxR, rob, narL, evgA, ydeO, rcsA, arcA
475 	 zraR, melR, araC, fucR, marR, soxR, rob, narL, arcA
476 	 zraR, melR, araC, marR, soxR, rob, narL, evgA, ydeO, rcsA, arcA
477 	 zraR, melR, marR, soxR, rob, narL, evgA, arcA
478 	 zraR, melR, araC, fucR, marR, soxR, rob, narL, evgA, ydeO, rcsA, arcA
479 	 zraR, melR, marR, soxR, rob, narL, arcA
480 	 zraR, melR, araC, marR, soxR, rob, narL, evgA, ydeO, rcsA, arcA
481 	 zraR, melR, marR, soxR, rob, narL, evgA, arcA
482 	 zraR, melR, araC, marR, soxR, rob, narL, evgA, ydeO, rcsA, arcA
483 	 zraR, melR, fucR, marR, soxR, rob, narL, evgA, arcA
484 	 zraR, melR, araC, fucR, marR, soxR, rob, narL, evgA, ydeO, rcsA, arcA
485 	 zraR, araC, fucR, marR, soxR, rob, narL, rcsA, arcA
486 	 zraR, melR, araC, fucR, marR, soxR, rob, narL, evgA, ydeO, rcsA, arcA
487 	 zraR, melR, marR, soxR, rob, narL, arcA
488 	 zraR, marR, soxR, rob, narL, rcsA, arcA
489 	 zraR, melR, fucR, marR, soxR, rob, narL, evgA, arcA
490 	 zraR, marR, soxR, rob, narL, rcsA, arcA
491 	 zraR, melR, fucR, marR, soxR, rob, narL, arcA
492 	 zraR, fucR, marR, soxR, rob, narL, rcsA, arcA
493 	 zraR, melR, fucR, marR, soxR, rob, narL, arcA
494 	 zraR, fucR, marR, soxR, rob, narL, rcsA, arcA
495 	 zraR, melR, araC, marR, soxR, rob, narL, evgA, arcA
496 	 zraR, araC, marR, soxR, rob, narL, rcsA, arcA
497 	 zraR, melR, araC, fucR, marR, soxR, rob, narL, evgA, arcA
498 	 zraR, araC, fucR, marR, soxR, rob, narL, rcsA, arcA
499 	 zraR, melR, araC, marR, soxR, rob, narL, evgA, arcA
500 	 zraR, araC, fucR, marR, soxR, rob, narL, rcsA, arcA
501 	 zraR, melR, araC, marR, soxR, rob, narL, arcA
502 	 zraR, araC, marR, soxR, rob, narL, rcsA, arcA
503 	 zraR, melR, araC, fucR, marR, soxR, rob, narL, evgA, arcA
504 	 zraR, araC, fucR, marR, soxR, rob, narL, rcsA, arcA
505 	 zraR, melR, araC, fucR, marR, soxR, rob, narL, arcA
506 	 zraR, araC, marR, soxR, rob, narL, rcsA, arcA
507 	 zraR, melR, araC, marR, soxR, rob, narL, arcA
508 	 zraR, araC, fucR, marR, soxR, rob, narL, rcsA, arcA
509 	 zraR, melR, araC, fucR, marR, soxR, rob, narL, arcA
510 	 zraR, marR, soxR, rob, narL, rcsA, arcA
511 	 zraR, melR, marR, soxR, rob, narL, evgA, arcA
512 	 zraR, marR, soxR, rob, narL, rcsA, arcA
513 	 zraR, melR, fucR, marR, soxR, rob, narL, evgA, arcA
514 	 zraR, fucR, marR, soxR, rob, narL, rcsA, arcA
515 	 zraR, fucR, marR, soxR, rob, narL, rcsA, arcA
516 	 zraR, fucR, marR, soxR, rob, narL, rcsA, arcA
517 	 zraR, melR, marR, soxR, rob, narL, evgA, arcA
518 	 zraR, marR, soxR, rob, narL, evgA, arcA
519 	 zraR, melR, marR, soxR, rob, narL, arcA
520 	 zraR, fucR, marR, soxR, rob, narL, evgA, arcA
521 	 zraR, melR, marR, soxR, rob, narL, arcA
523 	 zraR, melR, fucR, marR, soxR, rob, narL, arcA
524 	 zraR, fucR, marR, soxR, rob, narL, arcA
525 	 zraR, melR, fucR, marR, soxR, rob, narL, evgA, arcA
526 	 zraR, fucR, marR, soxR, rob, narL, evgA, arcA
527 	 zraR, melR, fucR, marR, soxR, rob, narL, arcA
528 	 zraR, fucR, marR, soxR, rob, narL, arcA
529 	 zraR, melR, araC, marR, soxR, rob, narL, evgA, arcA
530 	 zraR, marR, soxR, rob, narL, evgA, arcA
531 	 zraR, melR, araC, fucR, marR, soxR, rob, narL, evgA, arcA
532 	 zraR, marR, soxR, rob, narL, evgA, arcA
533 	 zraR, melR, araC, marR, soxR, rob, narL, evgA, arcA
534 	 zraR, fucR, marR, soxR, rob, narL, evgA, arcA
535 	 zraR, melR, araC, fucR, marR, soxR, rob, narL, evgA, arcA
536 	 zraR, fucR, marR, soxR, rob, narL, evgA, arcA
537 	 zraR, melR, araC, marR, soxR, rob, narL, arcA
539 	 zraR, melR, araC, marR, soxR, rob, narL, arcA
540 	 zraR, fucR, marR, soxR, rob, narL, arcA
541 	 zraR, melR, araC, fucR, marR, soxR, rob, narL, arcA
543 	 zraR, melR, araC, fucR, marR, soxR, rob, narL, arcA
544 	 zraR, fucR, marR, soxR, rob, narL, arcA
545 	 zraR, marR, soxR, rob, narL, arcA
546 	 zraR, melR, marR, soxR, rob, narL, evgA, ydeO, rcsA, arcA
547 	 zraR, fucR, marR, soxR, rob, narL, arcA
548 	 zraR, melR, fucR, marR, soxR, rob, narL, evgA, ydeO, rcsA, arcA
549 	 zraR, marR, soxR, rob, narL, evgA, arcA
550 	 zraR, melR, marR, soxR, rob, narL, evgA, ydeO, rcsA, arcA
551 	 zraR, fucR, marR, soxR, rob, narL, evgA, arcA
552 	 zraR, melR, fucR, marR, soxR, rob, narL, evgA, ydeO, rcsA, arcA
553 	 zraR, marR, soxR, rob, narL, arcA
554 	 zraR, melR, marR, soxR, rob, narL, evgA, ydeO, rcsA, arcA
555 	 zraR, fucR, marR, soxR, rob, narL, arcA
556 	 zraR, melR, marR, soxR, rob, narL, evgA, ydeO, rcsA, arcA
557 	 zraR, araC, marR, soxR, rob, narL, evgA, arcA
558 	 zraR, melR, fucR, marR, soxR, rob, narL, evgA, ydeO, rcsA, arcA
559 	 zraR, araC, marR, soxR, rob, narL, arcA
560 	 zraR, melR, fucR, marR, soxR, rob, narL, evgA, ydeO, rcsA, arcA
561 	 zraR, araC, fucR, marR, soxR, rob, narL, evgA, arcA
562 	 zraR, melR, araC, marR, soxR, rob, narL, evgA, ydeO, rcsA, arcA
563 	 zraR, araC, marR, soxR, rob, narL, evgA, arcA
564 	 zraR, melR, araC, marR, soxR, rob, narL, evgA, ydeO, rcsA, arcA
565 	 zraR, araC, fucR, marR, soxR, rob, narL, arcA
566 	 zraR, melR, araC, fucR, marR, soxR, rob, narL, evgA, ydeO, rcsA, arcA
567 	 zraR, araC, marR, soxR, rob, narL, arcA
568 	 zraR, melR, araC, fucR, marR, soxR, rob, narL, evgA, ydeO, rcsA, arcA
569 	 zraR, araC, fucR, marR, soxR, rob, narL, evgA, arcA
570 	 zraR, melR, araC, marR, soxR, rob, narL, evgA, ydeO, rcsA, arcA
571 	 zraR, araC, fucR, marR, soxR, rob, narL, arcA
572 	 zraR, melR, araC, marR, soxR, rob, narL, evgA, ydeO, rcsA, arcA
573 	 zraR, marR, soxR, rob, narL, evgA, arcA
574 	 zraR, melR, araC, fucR, marR, soxR, rob, narL, evgA, ydeO, rcsA, arcA
575 	 zraR, marR, soxR, rob, narL, arcA
576 	 zraR, melR, araC, fucR, marR, soxR, rob, narL, evgA, ydeO, rcsA, arcA
577 	 zraR, fucR, marR, soxR, rob, narL, evgA, arcA
578 	 zraR, melR, marR, soxR, rob, narL, evgA, ydeO, rcsA, arcA
579 	 zraR, marR, soxR, rob, narL, evgA, arcA
580 	 zraR, araC, marR, soxR, rob, narL, evgA, arcA
581 	 zraR, fucR, marR, soxR, rob, narL, evgA, arcA
582 	 zraR, araC, fucR, marR, soxR, rob, narL, evgA, arcA
583 	 zraR, fucR, marR, soxR, rob, narL, arcA
584 	 zraR, araC, marR, soxR, rob, narL, evgA, arcA
585 	 zraR, marR, soxR, rob, narL, arcA
586 	 zraR, araC, fucR, marR, soxR, rob, narL, arcA
587 	 zraR, fucR, marR, soxR, rob, narL, arcA
588 	 zraR, araC, fucR, marR, soxR, rob, narL, evgA, arcA
589 	 zraR, araC, marR, soxR, rob, narL, evgA, arcA
590 	 zraR, araC, marR, soxR, rob, narL, arcA
591 	 zraR, araC, marR, soxR, rob, narL, evgA, arcA
592 	 zraR, araC, fucR, marR, soxR, rob, narL, arcA
593 	 zraR, araC, fucR, marR, soxR, rob, narL, evgA, arcA
594 	 zraR, araC, marR, soxR, rob, narL, evgA, arcA
595 	 zraR, araC, fucR, marR, soxR, rob, narL, evgA, arcA
596 	 zraR, araC, marR, soxR, rob, narL, arcA
597 	 zraR, araC, marR, soxR, rob, narL, arcA
598 	 zraR, araC, fucR, marR, soxR, rob, narL, evgA, arcA
599 	 zraR, araC, fucR, marR, soxR, rob, narL, arcA
600 	 zraR, araC, marR, soxR, rob, narL, evgA, arcA
601 	 zraR, araC, marR, soxR, rob, narL, arcA
602 	 zraR, araC, marR, soxR, rob, narL, arcA
603 	 zraR, araC, fucR, marR, soxR, rob, narL, arcA
604 	 zraR, araC, fucR, marR, soxR, rob, narL, evgA, arcA
605 	 zraR, fucR, marR, soxR, rob, narL, rcsA, arcA
606 	 zraR, araC, fucR, marR, soxR, rob, narL, arcA
607 	 zraR, araC, marR, soxR, rob, narL, rcsA, arcA
608 	 zraR, araC, fucR, marR, soxR, rob, narL, arcA
609 	 zraR, araC, fucR, marR, soxR, rob, narL, rcsA, arcA
610 	 zraR, araC, marR, soxR, rob, narL, rcsA, arcA
611 	 zraR, araC, marR, soxR, rob, narL, rcsA, arcA
612 	 zraR, marR, soxR, rob, narL, evgA, arcA
613 	 zraR, marR, soxR, rob, narL, rcsA, arcA
615 	 zraR, araC, fucR, marR, soxR, rob, narL, rcsA, arcA
616 	 zraR, marR, soxR, rob, narL, evgA, arcA
617 	 zraR, fucR, marR, soxR, rob, narL, rcsA, arcA
619 	 zraR, marR, soxR, rob, narL, rcsA, arcA
620 	 zraR, fucR, marR, soxR, rob, narL, evgA, arcA
621 	 zraR, fucR, marR, soxR, rob, narL, rcsA, arcA
622 	 zraR, fucR, marR, soxR, rob, narL, arcA
623 	 zraR, araC, marR, soxR, rob, narL, rcsA, arcA
624 	 zraR, fucR, marR, soxR, rob, narL, evgA, arcA
625 	 zraR, araC, fucR, marR, soxR, rob, narL, rcsA, arcA
626 	 zraR, fucR, marR, soxR, rob, narL, arcA
627 	 zraR, araC, marR, soxR, rob, narL, rcsA, arcA
628 	 zraR, marR, soxR, rob, narL, evgA, arcA
629 	 zraR, araC, fucR, marR, soxR, rob, narL, rcsA, arcA
631 	 zraR, marR, soxR, rob, narL, evgA, arcA
632 	 zraR, marR, soxR, rob, narL, evgA, arcA
633 	 zraR, fucR, marR, soxR, rob, narL, evgA, arcA
635 	 zraR, marR, soxR, rob, narL, evgA, arcA
636 	 zraR, fucR, marR, soxR, rob, narL, evgA, arcA
637 	 zraR, fucR, marR, soxR, rob, narL, evgA, arcA
638 	 zraR, fucR, marR, soxR, rob, narL, arcA
639 	 zraR, marR, soxR, rob, narL, arcA
640 	 zraR, fucR, marR, soxR, rob, narL, evgA, arcA
641 	 zraR, fucR, marR, soxR, rob, narL, arcA
642 	 zraR, fucR, marR, soxR, rob, narL, arcA
643 	 zraR, marR, soxR, rob, narL, arcA
644 	 zraR, araC, marR, soxR, rob, narL, evgA, arcA
645 	 zraR, fucR, marR, soxR, rob, narL, arcA
646 	 zraR, araC, marR, soxR, rob, narL, arcA
647 	 zraR, marR, soxR, rob, narL, evgA, arcA
648 	 zraR, araC, fucR, marR, soxR, rob, narL, evgA, arcA
649 	 zraR, marR, soxR, rob, narL, evgA, arcA
650 	 zraR, araC, marR, soxR, rob, narL, evgA, arcA
651 	 zraR, fucR, marR, soxR, rob, narL, evgA, arcA
652 	 zraR, araC, fucR, marR, soxR, rob, narL, evgA, arcA
653 	 zraR, marR, soxR, rob, narL, arcA
654 	 zraR, araC, marR, soxR, rob, narL, arcA
655 	 zraR, fucR, marR, soxR, rob, narL, evgA, arcA
656 	 zraR, marR, soxR, rob, narL, rcsA, arcA
657 	 zraR, fucR, marR, soxR, rob, narL, arcA
658 	 zraR, araC, fucR, marR, soxR, rob, narL, arcA
659 	 zraR, marR, soxR, rob, narL, arcA
660 	 zraR, araC, fucR, marR, soxR, rob, narL, arcA
661 	 zraR, fucR, marR, soxR, rob, narL, arcA
662 	 zraR, araC, marR, soxR, rob, narL, evgA, arcA
663 	 zraR, araC, marR, soxR, rob, narL, evgA, arcA
664 	 zraR, araC, fucR, marR, soxR, rob, narL, evgA, arcA
665 	 zraR, araC, marR, soxR, rob, narL, evgA, arcA
666 	 zraR, melR, araC, marR, soxR, rob, narL, evgA, ydeO, rcsA, arcA
667 	 zraR, araC, marR, soxR, rob, narL, arcA
668 	 zraR, araC, marR, soxR, rob, narL, arcA
669 	 zraR, araC, fucR, marR, soxR, rob, narL, evgA, arcA
670 	 zraR, araC, fucR, marR, soxR, rob, narL, arcA
671 	 zraR, araC, marR, soxR, rob, narL, arcA
672 	 zraR, araC, marR, soxR, rob, narL, evgA, arcA
673 	 zraR, araC, fucR, marR, soxR, rob, narL, evgA, arcA
674 	 zraR, araC, fucR, marR, soxR, rob, narL, evgA, arcA
675 	 zraR, araC, fucR, marR, soxR, rob, narL, arcA
676 	 zraR, araC, marR, soxR, rob, narL, arcA
677 	 zraR, araC, fucR, marR, soxR, rob, narL, arcA
678 	 zraR, araC, fucR, marR, soxR, rob, narL, arcA
679 	 zraR, araC, marR, soxR, rob, narL, evgA, arcA
680 	 zraR, araC, fucR, marR, soxR, rob, narL, rcsA, arcA
681 	 zraR, araC, marR, soxR, rob, narL, evgA, arcA
682 	 zraR, araC, marR, soxR, rob, narL, rcsA, arcA
683 	 zraR, araC, fucR, marR, soxR, rob, narL, evgA, arcA
684 	 zraR, araC, fucR, marR, soxR, rob, narL, rcsA, arcA
685 	 zraR, araC, fucR, marR, soxR, rob, narL, evgA, arcA
686 	 zraR, marR, soxR, rob, narL, rcsA, arcA
687 	 zraR, araC, marR, soxR, rob, narL, arcA
688 	 zraR, fucR, marR, soxR, rob, narL, rcsA, arcA
689 	 zraR, araC, fucR, marR, soxR, rob, narL, arcA
690 	 zraR, fucR, marR, soxR, rob, narL, rcsA, arcA
691 	 zraR, araC, marR, soxR, rob, narL, arcA
692 	 zraR, araC, marR, soxR, rob, narL, rcsA, arcA
693 	 zraR, araC, fucR, marR, soxR, rob, narL, arcA
694 	 zraR, araC, marR, soxR, rob, narL, rcsA, arcA
695 	 zraR, melR, marR, soxR, rob, narL, rcsA, arcA
696 	 zraR, araC, fucR, marR, soxR, rob, narL, rcsA, arcA
697 	 zraR, melR, marR, soxR, rob, narL, rcsA, arcA
698 	 zraR, araC, fucR, marR, soxR, rob, narL, rcsA, arcA
699 	 zraR, melR, fucR, marR, soxR, rob, narL, rcsA, arcA
700 	 zraR, marR, soxR, rob, narL, evgA, arcA
701 	 zraR, melR, fucR, marR, soxR, rob, narL, rcsA, arcA
702 	 zraR, marR, soxR, rob, narL, evgA, arcA
703 	 zraR, melR, araC, marR, soxR, rob, narL, rcsA, arcA
704 	 zraR, fucR, marR, soxR, rob, narL, evgA, arcA
705 	 zraR, melR, araC, marR, soxR, rob, narL, rcsA, arcA
706 	 zraR, fucR, marR, soxR, rob, narL, evgA, arcA
707 	 zraR, melR, araC, fucR, marR, soxR, rob, narL, rcsA, arcA
709 	 zraR, melR, araC, fucR, marR, soxR, rob, narL, rcsA, arcA
711 	 zraR, melR, marR, soxR, rob, narL, rcsA, arcA
712 	 zraR, marR, soxR, rob, narL, rcsA, arcA
713 	 zraR, fucR, marR, soxR, rob, narL, arcA
714 	 zraR, melR, marR, soxR, rob, narL, rcsA, arcA
715 	 zraR, fucR, marR, soxR, rob, narL, arcA
716 	 zraR, melR, fucR, marR, soxR, rob, narL, rcsA, arcA
717 	 zraR, marR, soxR, rob, narL, evgA, arcA
718 	 zraR, melR, fucR, marR, soxR, rob, narL, rcsA, arcA
719 	 zraR, marR, soxR, rob, narL, evgA, arcA
720 	 zraR, melR, araC, marR, soxR, rob, narL, rcsA, arcA
721 	 zraR, fucR, marR, soxR, rob, narL, evgA, arcA
722 	 zraR, melR, araC, marR, soxR, rob, narL, rcsA, arcA
723 	 zraR, fucR, marR, soxR, rob, narL, evgA, arcA
724 	 zraR, melR, araC, fucR, marR, soxR, rob, narL, rcsA, arcA
726 	 zraR, melR, araC, fucR, marR, soxR, rob, narL, rcsA, arcA
727 	 zraR, fucR, marR, soxR, rob, narL, arcA
728 	 zraR, melR, marR, soxR, rob, narL, rcsA, arcA
730 	 zraR, melR, marR, soxR, rob, narL, rcsA, arcA
731 	 zraR, araC, marR, soxR, rob, narL, evgA, arcA
732 	 zraR, melR, fucR, marR, soxR, rob, narL, rcsA, arcA
733 	 zraR, fucR, marR, soxR, rob, narL, arcA
734 	 zraR, melR, fucR, marR, soxR, rob, narL, rcsA, arcA
735 	 zraR, araC, marR, soxR, rob, narL, evgA, arcA
736 	 zraR, melR, marR, soxR, rob, narL, rcsA, arcA
737 	 zraR, araC, fucR, marR, soxR, rob, narL, evgA, arcA
738 	 zraR, melR, araC, marR, soxR, rob, narL, rcsA, arcA
739 	 zraR, araC, fucR, marR, soxR, rob, narL, evgA, arcA
740 	 zraR, melR, araC, marR, soxR, rob, narL, rcsA, arcA
741 	 zraR, fucR, marR, soxR, rob, narL, rcsA, arcA
742 	 zraR, melR, marR, soxR, rob, narL, rcsA, arcA
743 	 zraR, araC, marR, soxR, rob, narL, arcA
744 	 zraR, melR, araC, fucR, marR, soxR, rob, narL, rcsA, arcA
745 	 zraR, araC, fucR, marR, soxR, rob, narL, arcA
746 	 zraR, melR, araC, fucR, marR, soxR, rob, narL, rcsA, arcA
747 	 zraR, araC, marR, soxR, rob, narL, arcA
748 	 zraR, melR, fucR, marR, soxR, rob, narL, rcsA, arcA
749 	 zraR, araC, fucR, marR, soxR, rob, narL, arcA
750 	 zraR, melR, fucR, marR, soxR, rob, narL, rcsA, arcA
751 	 zraR, araC, marR, soxR, rob, narL, evgA, arcA
752 	 zraR, melR, araC, marR, soxR, rob, narL, rcsA, arcA
753 	 zraR, araC, marR, soxR, rob, narL, evgA, arcA
754 	 zraR, melR, araC, marR, soxR, rob, narL, rcsA, arcA
755 	 zraR, araC, fucR, marR, soxR, rob, narL, evgA, arcA
756 	 zraR, melR, araC, fucR, marR, soxR, rob, narL, rcsA, arcA
757 	 zraR, araC, marR, soxR, rob, narL, arcA
758 	 zraR, melR, araC, fucR, marR, soxR, rob, narL, rcsA, arcA
759 	 zraR, araC, fucR, marR, soxR, rob, narL, arcA
760 	 zraR, melR, marR, soxR, rob, narL, evgA, arcA
761 	 zraR, araC, marR, soxR, rob, narL, arcA
762 	 zraR, melR, marR, soxR, rob, narL, evgA, arcA
763 	 zraR, araC, fucR, marR, soxR, rob, narL, evgA, arcA
764 	 zraR, melR, marR, soxR, rob, narL, arcA
765 	 zraR, araC, fucR, marR, soxR, rob, narL, arcA
766 	 zraR, melR, fucR, marR, soxR, rob, narL, evgA, arcA
767 	 zraR, marR, soxR, rob, narL, rcsA, arcA
768 	 zraR, melR, marR, soxR, rob, narL, arcA
769 	 zraR, fucR, marR, soxR, rob, narL, rcsA, arcA
770 	 zraR, melR, fucR, marR, soxR, rob, narL, arcA
771 	 zraR, marR, soxR, rob, narL, rcsA, arcA
772 	 zraR, melR, fucR, marR, soxR, rob, narL, evgA, arcA
773 	 zraR, fucR, marR, soxR, rob, narL, rcsA, arcA
774 	 zraR, melR, fucR, marR, soxR, rob, narL, arcA
775 	 zraR, marR, soxR, rob, narL, rcsA, arcA
776 	 zraR, melR, marR, soxR, rob, narL, evgA, arcA
777 	 zraR, fucR, marR, soxR, rob, narL, rcsA, arcA
778 	 zraR, melR, araC, marR, soxR, rob, narL, evgA, arcA
779 	 zraR, araC, marR, soxR, rob, narL, rcsA, arcA
780 	 zraR, melR, araC, marR, soxR, rob, narL, arcA
781 	 zraR, araC, fucR, marR, soxR, rob, narL, rcsA, arcA
782 	 zraR, melR, araC, marR, soxR, rob, narL, evgA, arcA
783 	 zraR, araC, marR, soxR, rob, narL, rcsA, arcA
784 	 zraR, melR, araC, fucR, marR, soxR, rob, narL, evgA, arcA
785 	 zraR, araC, fucR, marR, soxR, rob, narL, rcsA, arcA
786 	 zraR, melR, araC, marR, soxR, rob, narL, arcA
787 	 zraR, araC, marR, soxR, rob, narL, rcsA, arcA
788 	 zraR, melR, marR, soxR, rob, narL, rcsA, arcA
789 	 zraR, melR, marR, soxR, rob, narL, rcsA, arcA
790 	 zraR, melR, fucR, marR, soxR, rob, narL, evgA, arcA
791 	 zraR, marR, soxR, rob, narL, rcsA, arcA
792 	 zraR, melR, marR, soxR, rob, narL, arcA
793 	 zraR, fucR, marR, soxR, rob, narL, rcsA, arcA
794 	 zraR, melR, marR, soxR, rob, narL, evgA, arcA
795 	 zraR, marR, soxR, rob, narL, rcsA, arcA
796 	 zraR, melR, marR, soxR, rob, narL, arcA
797 	 zraR, fucR, marR, soxR, rob, narL, rcsA, arcA
798 	 zraR, melR, fucR, marR, soxR, rob, narL, arcA
799 	 zraR, marR, soxR, rob, narL, rcsA, arcA
800 	 zraR, melR, fucR, marR, soxR, rob, narL, evgA, arcA
801 	 zraR, fucR, marR, soxR, rob, narL, rcsA, arcA
802 	 zraR, melR, fucR, marR, soxR, rob, narL, arcA
803 	 zraR, marR, soxR, rob, narL, rcsA, arcA
804 	 zraR, melR, araC, fucR, marR, soxR, rob, narL, arcA
805 	 zraR, fucR, marR, soxR, rob, narL, rcsA, arcA
806 	 zraR, melR, araC, fucR, marR, soxR, rob, narL, evgA, arcA
807 	 zraR, araC, marR, soxR, rob, narL, rcsA, arcA
808 	 zraR, melR, fucR, marR, soxR, rob, narL, rcsA, arcA
809 	 zraR, melR, marR, soxR, rob, narL, rcsA, arcA
810 	 zraR, melR, araC, fucR, marR, soxR, rob, narL, arcA
811 	 zraR, araC, fucR, marR, soxR, rob, narL, rcsA, arcA
812 	 zraR, melR, araC, marR, soxR, rob, narL, evgA, arcA
813 	 zraR, araC, marR, soxR, rob, narL, rcsA, arcA
814 	 zraR, melR, araC, fucR, marR, soxR, rob, narL, evgA, arcA
815 	 zraR, araC, fucR, marR, soxR, rob, narL, rcsA, arcA
816 	 zraR, melR, araC, marR, soxR, rob, narL, evgA, arcA
817 	 zraR, araC, marR, soxR, rob, narL, rcsA, arcA
818 	 zraR, melR, araC, marR, soxR, rob, narL, arcA
819 	 zraR, araC, fucR, marR, soxR, rob, narL, rcsA, arcA
820 	 zraR, melR, araC, fucR, marR, soxR, rob, narL, arcA
821 	 zraR, araC, marR, soxR, rob, narL, rcsA, arcA
822 	 zraR, melR, araC, marR, soxR, rob, narL, arcA
823 	 zraR, araC, fucR, marR, soxR, rob, narL, rcsA, arcA
824 	 zraR, melR, araC, fucR, marR, soxR, rob, narL, evgA, arcA
825 	 zraR, marR, soxR, rob, narL, evgA, arcA
826 	 zraR, melR, araC, fucR, marR, soxR, rob, narL, arcA
827 	 zraR, marR, soxR, rob, narL, evgA, arcA
828 	 zraR, melR, marR, soxR, rob, narL, evgA, arcA
829 	 zraR, fucR, marR, soxR, rob, narL, evgA, arcA
830 	 zraR, melR, fucR, marR, soxR, rob, narL, evgA, arcA
831 	 zraR, marR, soxR, rob, narL, arcA
832 	 zraR, melR, marR, soxR, rob, narL, arcA
833 	 zraR, fucR, marR, soxR, rob, narL, evgA, arcA
834 	 zraR, melR, fucR, marR, soxR, rob, narL, arcA
835 	 zraR, marR, soxR, rob, narL, arcA
836 	 zraR, melR, marR, soxR, rob, narL, evgA, arcA
837 	 zraR, fucR, marR, soxR, rob, narL, arcA
838 	 zraR, melR, marR, soxR, rob, narL, arcA
839 	 zraR, fucR, marR, soxR, rob, narL, arcA
840 	 zraR, melR, fucR, marR, soxR, rob, narL, evgA, arcA
841 	 zraR, araC, marR, soxR, rob, narL, evgA, arcA
842 	 zraR, melR, fucR, marR, soxR, rob, narL, arcA
843 	 zraR, araC, marR, soxR, rob, narL, evgA, arcA
844 	 zraR, melR, marR, soxR, rob, narL, evgA, arcA
845 	 zraR, araC, marR, soxR, rob, narL, arcA
846 	 zraR, melR, marR, soxR, rob, narL, evgA, arcA
847 	 zraR, araC, fucR, marR, soxR, rob, narL, evgA, arcA
848 	 zraR, melR, marR, soxR, rob, narL, arcA
849 	 zraR, araC, fucR, marR, soxR, rob, narL, evgA, arcA
850 	 zraR, melR, marR, soxR, rob, narL, arcA
851 	 zraR, araC, fucR, marR, soxR, rob, narL, arcA
852 	 zraR, melR, fucR, marR, soxR, rob, narL, evgA, arcA
853 	 zraR, araC, marR, soxR, rob, narL, arcA
854 	 zraR, melR, fucR, marR, soxR, rob, narL, arcA
855 	 zraR, araC, fucR, marR, soxR, rob, narL, arcA
856 	 zraR, melR, fucR, marR, soxR, rob, narL, evgA, arcA
857 	 zraR, marR, soxR, rob, narL, evgA, arcA
858 	 zraR, melR, fucR, marR, soxR, rob, narL, arcA
859 	 zraR, marR, soxR, rob, narL, arcA
860 	 zraR, melR, araC, marR, soxR, rob, narL, evgA, arcA
861 	 zraR, fucR, marR, soxR, rob, narL, evgA, arcA
862 	 zraR, melR, araC, marR, soxR, rob, narL, evgA, arcA
863 	 zraR, marR, soxR, rob, narL, evgA, arcA
864 	 zraR, melR, araC, fucR, marR, soxR, rob, narL, evgA, arcA
865 	 zraR, fucR, marR, soxR, rob, narL, evgA, arcA
866 	 zraR, melR, araC, marR, soxR, rob, narL, arcA
867 	 zraR, marR, soxR, rob, narL, arcA
868 	 zraR, melR, araC, fucR, marR, soxR, rob, narL, arcA
869 	 zraR, fucR, marR, soxR, rob, narL, arcA
870 	 zraR, melR, araC, marR, soxR, rob, narL, arcA
871 	 zraR, fucR, marR, soxR, rob, narL, arcA
872 	 zraR, melR, araC, fucR, marR, soxR, rob, narL, evgA, arcA
873 	 zraR, araC, marR, soxR, rob, narL, evgA, arcA
874 	 zraR, melR, araC, fucR, marR, soxR, rob, narL, arcA
875 	 zraR, araC, marR, soxR, rob, narL, evgA, arcA
876 	 zraR, melR, araC, marR, soxR, rob, narL, evgA, arcA
877 	 zraR, araC, marR, soxR, rob, narL, arcA
878 	 zraR, melR, araC, fucR, marR, soxR, rob, narL, evgA, arcA
879 	 zraR, araC, fucR, marR, soxR, rob, narL, evgA, arcA
880 	 zraR, melR, araC, marR, soxR, rob, narL, arcA
881 	 zraR, araC, marR, soxR, rob, narL, arcA
882 	 zraR, melR, araC, fucR, marR, soxR, rob, narL, arcA
883 	 zraR, araC, fucR, marR, soxR, rob, narL, evgA, arcA
884 	 zraR, melR, araC, marR, soxR, rob, narL, evgA, arcA
885 	 zraR, araC, fucR, marR, soxR, rob, narL, arcA
886 	 zraR, melR, araC, fucR, marR, soxR, rob, narL, evgA, arcA
887 	 zraR, araC, fucR, marR, soxR, rob, narL, arcA
888 	 zraR, melR, araC, marR, soxR, rob, narL, arcA
889 	 zraR, marR, soxR, rob, narL, rcsA, arcA
890 	 zraR, melR, araC, fucR, marR, soxR, rob, narL, arcA
891 	 zraR, marR, soxR, rob, narL, rcsA, arcA
892 	 zraR, araC, fucR, marR, soxR, rob, narL, rcsA, arcA
893 	 zraR, melR, fucR, marR, soxR, rob, narL, rcsA, arcA
894 	 zraR, araC, marR, soxR, rob, narL, rcsA, arcA
895 	 zraR, melR, fucR, marR, soxR, rob, narL, rcsA, arcA
896 	 zraR, araC, fucR, marR, soxR, rob, narL, rcsA, arcA
897 	 zraR, melR, marR, soxR, rob, narL, rcsA, arcA
898 	 zraR, marR, soxR, rob, narL, evgA, arcA
899 	 zraR, melR, fucR, marR, soxR, rob, narL, rcsA, arcA
900 	 zraR, fucR, marR, soxR, rob, narL, evgA, arcA
901 	 zraR, melR, marR, soxR, rob, narL, rcsA, arcA
902 	 zraR, fucR, marR, soxR, rob, narL, evgA, arcA
903 	 zraR, melR, fucR, marR, soxR, rob, narL, rcsA, arcA
904 	 zraR, marR, soxR, rob, narL, arcA
905 	 zraR, melR, araC, marR, soxR, rob, narL, rcsA, arcA
906 	 zraR, fucR, marR, soxR, rob, narL, arcA
907 	 zraR, melR, araC, marR, soxR, rob, narL, rcsA, arcA
908 	 zraR, marR, soxR, rob, narL, arcA
909 	 zraR, melR, araC, fucR, marR, soxR, rob, narL, rcsA, arcA
910 	 zraR, fucR, marR, soxR, rob, narL, arcA
911 	 zraR, melR, araC, fucR, marR, soxR, rob, narL, rcsA, arcA
912 	 zraR, araC, marR, soxR, rob, narL, evgA, arcA
913 	 zraR, melR, araC, marR, soxR, rob, narL, rcsA, arcA
914 	 zraR, araC, fucR, marR, soxR, rob, narL, evgA, arcA
915 	 zraR, melR, araC, fucR, marR, soxR, rob, narL, rcsA, arcA
916 	 zraR, araC, marR, soxR, rob, narL, evgA, arcA
917 	 zraR, melR, araC, marR, soxR, rob, narL, rcsA, arcA
918 	 zraR, araC, fucR, marR, soxR, rob, narL, evgA, arcA
919 	 zraR, melR, araC, fucR, marR, soxR, rob, narL, rcsA, arcA
920 	 zraR, araC, marR, soxR, rob, narL, arcA
921 	 zraR, melR, marR, soxR, rob, narL, rcsA, arcA
922 	 zraR, araC, fucR, marR, soxR, rob, narL, arcA
923 	 zraR, melR, fucR, marR, soxR, rob, narL, rcsA, arcA
924 	 zraR, araC, marR, soxR, rob, narL, arcA
925 	 zraR, melR, marR, soxR, rob, narL, rcsA, arcA
926 	 zraR, araC, fucR, marR, soxR, rob, narL, arcA
927 	 zraR, melR, fucR, marR, soxR, rob, narL, rcsA, arcA
928 	 zraR, marR, soxR, rob, narL, evgA, arcA
929 	 zraR, melR, marR, soxR, rob, narL, rcsA, arcA
930 	 zraR, marR, soxR, rob, narL, evgA, arcA
931 	 zraR, melR, fucR, marR, soxR, rob, narL, rcsA, arcA
932 	 zraR, fucR, marR, soxR, rob, narL, evgA, arcA
933 	 zraR, melR, marR, soxR, rob, narL, rcsA, arcA
934 	 zraR, fucR, marR, soxR, rob, narL, evgA, arcA
935 	 zraR, melR, fucR, marR, soxR, rob, narL, rcsA, arcA
936 	 zraR, marR, soxR, rob, narL, arcA
937 	 zraR, melR, araC, marR, soxR, rob, narL, rcsA, arcA
938 	 zraR, fucR, marR, soxR, rob, narL, arcA
939 	 zraR, melR, araC, marR, soxR, rob, narL, rcsA, arcA
940 	 zraR, marR, soxR, rob, narL, arcA
941 	 zraR, melR, araC, fucR, marR, soxR, rob, narL, rcsA, arcA
942 	 zraR, fucR, marR, soxR, rob, narL, arcA
943 	 zraR, melR, araC, fucR, marR, soxR, rob, narL, rcsA, arcA
944 	 zraR, araC, marR, soxR, rob, narL, evgA, arcA
945 	 zraR, melR, araC, marR, soxR, rob, narL, rcsA, arcA
946 	 zraR, araC, fucR, marR, soxR, rob, narL, evgA, arcA
947 	 zraR, fucR, marR, soxR, rob, narL, rcsA, arcA
948 	 zraR, melR, marR, soxR, rob, narL, rcsA, arcA
949 	 zraR, fucR, marR, soxR, rob, narL, rcsA, arcA
950 	 zraR, melR, fucR, marR, soxR, rob, narL, rcsA, arcA
951 	 zraR, marR, soxR, rob, narL, rcsA, arcA
952 	 zraR, melR, marR, soxR, rob, narL, rcsA, arcA
953 	 zraR, marR, soxR, rob, narL, rcsA, arcA
954 	 zraR, melR, fucR, marR, soxR, rob, narL, rcsA, arcA
955 	 zraR, fucR, marR, soxR, rob, narL, rcsA, arcA
956 	 zraR, melR, marR, soxR, rob, narL, rcsA, arcA
957 	 zraR, fucR, marR, soxR, rob, narL, rcsA, arcA
958 	 zraR, melR, fucR, marR, soxR, rob, narL, rcsA, arcA
959 	 zraR, araC, marR, soxR, rob, narL, rcsA, arcA
960 	 zraR, melR, araC, marR, soxR, rob, narL, rcsA, arcA
961 	 zraR, melR, araC, fucR, marR, soxR, rob, narL, rcsA, arcA
962 	 zraR, araC, marR, soxR, rob, narL, evgA, arcA
963 	 zraR, melR, araC, marR, soxR, rob, narL, rcsA, arcA
964 	 zraR, araC, marR, soxR, rob, narL, arcA
965 	 zraR, melR, araC, fucR, marR, soxR, rob, narL, rcsA, arcA
966 	 zraR, araC, marR, soxR, rob, narL, arcA
967 	 zraR, melR, marR, soxR, rob, narL, evgA, arcA
968 	 zraR, araC, fucR, marR, soxR, rob, narL, arcA
969 	 zraR, melR, marR, soxR, rob, narL, evgA, arcA
970 	 zraR, araC, fucR, marR, soxR, rob, narL, evgA, arcA
971 	 zraR, melR, marR, soxR, rob, narL, arcA
972 	 zraR, araC, fucR, marR, soxR, rob, narL, arcA
973 	 zraR, araC, marR, soxR, rob, narL, rcsA, arcA
974 	 zraR, melR, fucR, marR, soxR, rob, narL, evgA, arcA
975 	 zraR, melR, nikR, marR, soxR, rob, narL, arcA
976 	 zraR, puuR, melR, nikR, lldR, marR, soxR, rob, narL, evgA, ydeO, marA, rcsA, soxS, arcA, fnr
977 	 zraR, puuR, melR, nikR, lldR, marR, soxR, rob, narL, marA, soxS, arcA, fnr
978 	 zraR, melR, marR, soxR, rob, narL, evgA, arcA
979 	 zraR, melR, nikR, marR, soxR, rob, narL, arcA
980 	 zraR, marR, soxR, rob, narL, evgA, arcA
981 	 zraR, puuR, melR, nikR, lldR, marR, soxR, rob, narL, marA, rcsA, soxS, arcA, fnr
982 	 zraR, melR, fucR, marR, soxR, rob, narL, evgA, arcA
983 	 zraR, puuR, melR, nikR, lldR, marR, soxR, rob, narL, marA, rcsA, soxS, arcA, fnr
984 	 zraR, melR, araC, fucR, marR, soxR, rob, narL, evgA, ydeO, rcsA, arcA
985 	 zraR, puuR, melR, fucR, nikR, lldR, marR, soxR, rob, narL, evgA, ydeO, marA, rcsA, soxS, arcA, fnr
986 	 zraR, melR, marR, soxR, rob, narL, evgA, arcA
987 	 zraR, melR, nikR, marR, soxR, rob, narL, evgA, arcA
988 	 zraR, melR, araC, evgA, ydeO, rcsA
989 	 zraR, melR, marR, soxR, rob, narL, rcsA, arcA
990 	 zraR, araC, rcsA
991 	 zraR, melR, marR, soxR, rob, narL, evgA, ydeO, rcsA, arcA
992 	 zraR, puuR, melR, fucR, nikR, lldR, marR, soxR, rob, narL, marA, soxS, arcA, fnr
993 	 zraR, melR, nikR, marR, soxR, rob, narL, arcA
994 	 zraR, puuR, melR, nikR, lldR, marR, soxR, rob, narL, evgA, marA, soxS, arcA, fnr
995 	 zraR, melR, fucR, nikR, marR, soxR, rob, narL, arcA
996 	 zraR, puuR, melR, nikR, lldR, marR, soxR, rob, narL, marA, soxS, arcA, fnr
997 	 zraR, melR, araC, nikR, marR, soxR, rob, narL, evgA, arcA
998 	 zraR, puuR, melR, nikR, lldR, marR, soxR, rob, narL, evgA, marA, soxS, arcA, fnr
999 	 zraR, melR, nikR, marR, soxR, rob, narL, evgA, arcA
1000 	 zraR, melR, fucR, nikR, marR, soxR, rob, narL, evgA, arcA
1001 	 zraR, puuR, melR, araC, nikR, lldR, marR, soxR, rob, narL, evgA, marA, soxS, arcA, fnr
1002 	 zraR, puuR, melR, fucR, nikR, lldR, marR, soxR, rob, narL, evgA, marA, soxS, arcA, fnr
1003 	 zraR, melR, fucR, nikR, marR, soxR, rob, narL, arcA
1004 	 zraR, melR, nikR, marR, soxR, rob, narL, arcA
1005 	 zraR, puuR, melR, araC, nikR, lldR, marR, soxR, rob, narL, marA, soxS, arcA, fnr
1006 	 zraR, melR, nikR, marR, soxR, rob, narL, evgA, arcA
1007 	 zraR, puuR, melR, nikR, lldR, marR, soxR, rob, narL, marA, soxS, arcA, fnr
1008 	 zraR, melR, nikR, marR, soxR, rob, narL, rcsA, arcA
1009 	 zraR, puuR, melR, nikR, lldR, marR, soxR, rob, narL, marA, soxS, arcA, fnr
1010 	 zraR, melR, araC, nikR, marR, soxR, rob, narL, arcA
1011 	 zraR, puuR, melR, nikR, lldR, marR, soxR, rob, narL, evgA, marA, soxS, arcA, fnr
1012 	 zraR, melR, fucR, nikR, marR, soxR, rob, narL, evgA, arcA
1013 	 zraR, puuR, melR, araC, nikR, lldR, marR, soxR, rob, narL, evgA, marA, soxS, arcA, fnr
1014 	 zraR, melR, nikR, marR, soxR, rob, narL, arcA
1015 	 zraR, melR, nikR, marR, soxR, rob, narL, rcsA, arcA
1016 	 zraR, puuR, melR, fucR, nikR, lldR, marR, soxR, rob, narL, marA, soxS, arcA, fnr
1017 	 zraR, puuR, melR, nikR, lldR, marR, soxR, rob, narL, marA, soxS, arcA, fnr
1018 	 zraR, melR, nikR, marR, soxR, rob, narL, evgA, arcA
1019 	 zraR, puuR, melR, nikR, lldR, marR, soxR, rob, narL, evgA, marA, soxS, arcA, fnr
1020 	 zraR, puuR, melR, fucR, nikR, lldR, marR, soxR, rob, narL, marA, rcsA, soxS, arcA, fnr
1021 	 zraR, melR, fucR, nikR, marR, soxR, rob, narL, rcsA, arcA
1022 	 zraR, melR, fucR, nikR, marR, soxR, rob, narL, evgA, arcA
1023 	 zraR, puuR, melR, fucR, nikR, lldR, marR, soxR, rob, narL, evgA, marA, soxS, arcA, fnr
1024 	 zraR, melR, fucR, nikR, marR, soxR, rob, narL, arcA
1025 	 zraR, puuR, melR, fucR, nikR, lldR, marR, soxR, rob, narL, marA, soxS, arcA, fnr
1026 	 zraR, melR, fucR, nikR, marR, soxR, rob, narL, rcsA, arcA
1027 	 zraR, puuR, melR, nikR, lldR, marR, soxR, rob, narL, evgA, marA, soxS, arcA, fnr
1028 	 zraR, puuR, melR, nikR, lldR, marR, soxR, rob, narL, marA, rcsA, soxS, arcA, fnr
1029 	 zraR, melR, fucR, nikR, marR, soxR, rob, narL, evgA, arcA
1030 	 zraR, puuR, melR, fucR, nikR, lldR, marR, soxR, rob, narL, marA, rcsA, soxS, arcA, fnr
1031 	 zraR, melR, fucR, nikR, marR, soxR, rob, narL, arcA
1032 	 zraR, puuR, melR, fucR, nikR, lldR, marR, soxR, rob, narL, evgA, marA, soxS, arcA, fnr
1033 	 zraR, puuR, melR, nikR, lldR, marR, soxR, rob, narL, marA, soxS, arcA, fnr
1034 	 zraR, puuR, melR, fucR, nikR, lldR, marR, soxR, rob, narL, marA, soxS, arcA, fnr
1035 	 zraR, puuR, melR, araC, fucR, nikR, lldR, marR, soxR, rob, narL, evgA, marA, soxS, arcA, fnr
1036 	 zraR, puuR, melR, araC, fucR, nikR, lldR, marR, soxR, rob, narL, marA, soxS, arcA, fnr
1037 	 zraR, melR, araC, fucR, nikR, marR, soxR, rob, narL, evgA, arcA
1038 	 zraR, puuR, melR, araC, nikR, lldR, marR, soxR, rob, narL, evgA, marA, soxS, arcA, fnr
1039 	 zraR, puuR, melR, araC, fucR, nikR, lldR, marR, soxR, rob, narL, evgA, marA, soxS, arcA, fnr
1040 	 zraR, melR, araC, fucR, nikR, marR, soxR, rob, narL, rcsA, arcA
1041 	 zraR, melR, araC, fucR, nikR, marR, soxR, rob, narL, arcA
1042 	 zraR, puuR, melR, araC, nikR, lldR, marR, soxR, rob, narL, marA, soxS, arcA, fnr
1043 	 zraR, puuR, melR, araC, fucR, nikR, lldR, marR, soxR, rob, narL, marA, soxS, arcA, fnr
1044 	 zraR, melR, araC, nikR, marR, soxR, rob, narL, rcsA, arcA
1045 	 zraR, melR, araC, nikR, marR, soxR, rob, narL, evgA, arcA
1046 	 zraR, melR, araC, fucR, nikR, marR, soxR, rob, narL, evgA, arcA
1047 	 zraR, puuR, melR, araC, fucR, nikR, lldR, marR, soxR, rob, narL, evgA, marA, soxS, arcA, fnr
1048 	 zraR, puuR, melR, araC, nikR, lldR, marR, soxR, rob, narL, marA, rcsA, soxS, arcA, fnr
1049 	 zraR, puuR, melR, araC, fucR, nikR, lldR, marR, soxR, rob, narL, marA, rcsA, soxS, arcA, fnr
1050 	 zraR, puuR, melR, araC, nikR, lldR, marR, soxR, rob, narL, marA, soxS, arcA, fnr
1051 	 zraR, puuR, melR, araC, fucR, nikR, lldR, marR, soxR, rob, narL, marA, soxS, arcA, fnr
1052 	 zraR, puuR, melR, araC, nikR, lldR, marR, soxR, rob, narL, evgA, ydeO, marA, rcsA, soxS, arcA, fnr
1053 	 zraR, puuR, melR, araC, fucR, nikR, lldR, marR, soxR, rob, narL, evgA, ydeO, marA, rcsA, soxS, arcA, fnr
1054 	 zraR, puuR, melR, araC, nikR, lldR, marR, soxR, rob, narL, evgA, marA, soxS, arcA, fnr
1055 	 zraR, puuR, melR, araC, nikR, lldR, marR, soxR, rob, narL, marA, rcsA, soxS, arcA, fnr
1056 	 zraR, puuR, melR, araC, fucR, nikR, lldR, marR, soxR, rob, narL, evgA, marA, soxS, arcA, fnr
1057 	 zraR, puuR, melR, araC, fucR, nikR, lldR, marR, soxR, rob, narL, marA, rcsA, soxS, arcA, fnr
1058 	 zraR, puuR, melR, araC, nikR, lldR, marR, soxR, rob, narL, marA, soxS, arcA, fnr
1059 	 zraR, puuR, melR, araC, fucR, nikR, lldR, marR, soxR, rob, narL, marA, soxS, arcA, fnr
1060 	 zraR, melR, araC, nikR, marR, soxR, rob, narL, rcsA, arcA
1061 	 zraR, melR, araC, nikR, marR, soxR, rob, narL, evgA, arcA
1062 	 zraR, melR, araC, fucR, nikR, marR, soxR, rob, narL, rcsA, arcA
1063 	 zraR, melR, araC, fucR, nikR, marR, soxR, rob, narL, evgA, arcA
1064 	 zraR, melR, araC, nikR, marR, soxR, rob, narL, arcA
1065 	 zraR, melR, araC, fucR, nikR, marR, soxR, rob, narL, arcA
1066 	 zraR, melR, araC, nikR, marR, soxR, rob, narL, evgA, arcA
1067 	 zraR, melR, araC, nikR, marR, soxR, rob, narL, rcsA, arcA
1068 	 zraR, melR, araC, fucR, nikR, marR, soxR, rob, narL, evgA, arcA
1069 	 zraR, melR, araC, fucR, nikR, marR, soxR, rob, narL, rcsA, arcA
1070 	 zraR, melR, araC, fucR, nikR, marR, soxR, rob, narL, rcsA, arcA
1071 	 zraR, melR, araC, nikR, marR, soxR, rob, narL, arcA
1072 	 zraR, melR, araC, nikR, marR, soxR, rob, narL, arcA
1073 	 zraR, melR, araC, fucR, nikR, marR, soxR, rob, narL, arcA
1074 	 zraR, melR, araC, fucR, nikR, marR, soxR, rob, narL, arcA
1075 	 zraR, puuR, melR, araC, nikR, lldR, marR, soxR, rob, narL, evgA, ydeO, marA, rcsA, soxS, arcA, fnr
1076 	 zraR, puuR, melR, fucR, nikR, lldR, marR, soxR, rob, narL, evgA, ydeO, marA, rcsA, soxS, arcA, fnr
1077 	 zraR, puuR, melR, araC, fucR, nikR, lldR, marR, soxR, rob, narL, evgA, ydeO, marA, rcsA, soxS, arcA, fnr
1078 	 zraR, puuR, melR, araC, fucR, nikR, lldR, marR, soxR, rob, narL, evgA, ydeO, marA, rcsA, soxS, arcA, fnr
1079 	 zraR, puuR, melR, araC, nikR, lldR, marR, soxR, rob, narL, evgA, ydeO, marA, rcsA, soxS, arcA, fnr
1080 	 zraR, puuR, melR, nikR, lldR, marR, soxR, rob, narL, evgA, ydeO, marA, rcsA, soxS, arcA, fnr
1081 	 zraR, puuR, melR, fucR, nikR, lldR, marR, soxR, rob, narL, evgA, ydeO, marA, rcsA, soxS, arcA, fnr
1082 	 zraR, puuR, melR, araC, nikR, lldR, marR, soxR, rob, narL, evgA, ydeO, marA, rcsA, soxS, arcA, fnr
1083 	 zraR, puuR, melR, araC, fucR, nikR, lldR, marR, soxR, rob, narL, evgA, ydeO, marA, rcsA, soxS, arcA, fnr
1084 	 zraR, puuR, melR, nikR, lldR, marR, soxR, rob, narL, evgA, marA, soxS, arcA, fnr
1085 	 zraR, puuR, melR, araC, nikR, lldR, marR, soxR, rob, narL, evgA, marA, soxS, arcA, fnr
1086 	 zraR, puuR, araC, nikR, lldR, marR, soxR, rob, narL, evgA, marA, soxS, arcA, fnr
1087 	 zraR, puuR, melR, araC, nikR, lldR, marR, soxR, rob, narL, evgA, marA, soxS, arcA, fnr
1088 	 zraR, puuR, melR, nikR, lldR, marR, soxR, rob, narL, evgA, marA, soxS, arcA, fnr
1089 	 zraR, puuR, nikR, lldR, marR, soxR, rob, narL, evgA, marA, soxS, arcA, fnr
1090 	 zraR, puuR, melR, nikR, lldR, marR, soxR, rob, narL, evgA, marA, soxS, arcA, fnr
1091 	 zraR, puuR, melR, araC, nikR, lldR, marR, soxR, rob, narL, evgA, marA, soxS, arcA, fnr
1092 	 zraR, puuR, araC, nikR, lldR, marR, soxR, rob, narL, evgA, marA, soxS, arcA, fnr
1093 	 zraR, puuR, melR, araC, nikR, lldR, marR, soxR, rob, narL, evgA, marA, soxS, arcA, fnr
1094 	 zraR, puuR, melR, fucR, nikR, lldR, marR, soxR, rob, narL, evgA, marA, soxS, arcA, fnr
1095 	 zraR, puuR, fucR, nikR, lldR, marR, soxR, rob, narL, evgA, marA, soxS, arcA, fnr
1096 	 zraR, puuR, melR, fucR, nikR, lldR, marR, soxR, rob, narL, evgA, marA, soxS, arcA, fnr
1097 	 zraR, puuR, melR, araC, fucR, nikR, lldR, marR, soxR, rob, narL, evgA, marA, soxS, arcA, fnr
1098 	 zraR, puuR, araC, fucR, nikR, lldR, marR, soxR, rob, narL, evgA, marA, soxS, arcA, fnr
1099 	 zraR, puuR, melR, araC, fucR, nikR, lldR, marR, soxR, rob, narL, evgA, marA, soxS, arcA, fnr
1100 	 zraR, puuR, melR, fucR, nikR, lldR, marR, soxR, rob, narL, evgA, marA, soxS, arcA, fnr
1101 	 zraR, puuR, fucR, nikR, lldR, marR, soxR, rob, narL, evgA, marA, soxS, arcA, fnr
1102 	 zraR, puuR, melR, fucR, nikR, lldR, marR, soxR, rob, narL, evgA, marA, soxS, arcA, fnr
1103 	 zraR, puuR, melR, araC, fucR, nikR, lldR, marR, soxR, rob, narL, evgA, marA, soxS, arcA, fnr
1104 	 zraR, puuR, araC, fucR, lldR, evgA, marA, soxS, fnr
1105 	 zraR, puuR, melR, araC, fucR, nikR, lldR, marR, soxR, rob, narL, evgA, marA, soxS, arcA, fnr
1106 	 zraR, puuR, melR, nikR, lldR, marR, soxR, rob, narL, marA, rcsA, soxS, arcA, fnr
1107 	 zraR, puuR, melR, araC, nikR, lldR, marR, soxR, rob, narL, marA, rcsA, soxS, arcA, fnr
1108 	 zraR, puuR, melR, nikR, lldR, marR, soxR, rob, narL, marA, rcsA, soxS, arcA, fnr
1109 	 zraR, puuR, melR, araC, nikR, lldR, marR, soxR, rob, narL, marA, rcsA, soxS, arcA, fnr
1110 	 zraR, puuR, nikR, lldR, marR, soxR, rob, narL, marA, soxS, arcA, fnr
1111 	 zraR, puuR, melR, nikR, lldR, marR, soxR, rob, narL, marA, soxS, arcA, fnr
1112 	 zraR, puuR, melR, araC, nikR, lldR, marR, soxR, rob, narL, marA, soxS, arcA, fnr
1113 	 zraR, puuR, araC, nikR, lldR, marR, soxR, rob, narL, marA, soxS, arcA, fnr
1114 	 zraR, puuR, melR, araC, nikR, lldR, marR, soxR, rob, narL, marA, soxS, arcA, fnr
1115 	 zraR, puuR, melR, nikR, lldR, marR, soxR, rob, narL, marA, soxS, arcA, fnr
1116 	 zraR, puuR, nikR, lldR, marR, soxR, rob, narL, marA, soxS, arcA, fnr
1117 	 zraR, puuR, melR, nikR, lldR, marR, soxR, rob, narL, marA, soxS, arcA, fnr
1118 	 zraR, puuR, melR, araC, nikR, lldR, marR, soxR, rob, narL, marA, soxS, arcA, fnr
1119 	 zraR, puuR, araC, nikR, lldR, marR, soxR, rob, narL, marA, soxS, arcA, fnr
1120 	 zraR, puuR, melR, araC, nikR, lldR, marR, soxR, rob, narL, marA, soxS, arcA, fnr
1121 	 zraR, puuR, melR, fucR, nikR, lldR, marR, soxR, rob, narL, marA, rcsA, soxS, arcA, fnr
1122 	 zraR, puuR, araC, fucR, nikR, lldR, marR, soxR, rob, narL, marA, rcsA, soxS, arcA, fnr
1123 	 zraR, puuR, melR, araC, fucR, nikR, lldR, marR, soxR, rob, narL, marA, rcsA, soxS, arcA, fnr
1124 	 zraR, puuR, melR, fucR, nikR, lldR, marR, soxR, rob, narL, marA, rcsA, soxS, arcA, fnr
1125 	 zraR, puuR, araC, fucR, nikR, lldR, marR, soxR, rob, narL, marA, rcsA, soxS, arcA, fnr
1126 	 zraR, puuR, melR, araC, fucR, nikR, lldR, marR, soxR, rob, narL, marA, rcsA, soxS, arcA, fnr
1127 	 zraR, puuR, melR, fucR, nikR, lldR, marR, soxR, rob, narL, marA, soxS, arcA, fnr
1128 	 zraR, puuR, fucR, nikR, lldR, marR, soxR, rob, narL, marA, soxS, arcA, fnr
1129 	 zraR, puuR, melR, fucR, nikR, lldR, marR, soxR, rob, narL, marA, soxS, arcA, fnr
1130 	 zraR, puuR, melR, araC, fucR, nikR, lldR, marR, soxR, rob, narL, marA, soxS, arcA, fnr
1131 	 zraR, puuR, araC, fucR, nikR, lldR, marR, soxR, rob, narL, marA, soxS, arcA, fnr
1132 	 zraR, puuR, melR, araC, fucR, nikR, lldR, marR, soxR, rob, narL, marA, soxS, arcA, fnr
1133 	 zraR, puuR, melR, fucR, nikR, lldR, marR, soxR, rob, narL, marA, soxS, arcA, fnr
1134 	 zraR, puuR, fucR, nikR, lldR, marR, soxR, rob, narL, marA, soxS, arcA, fnr
1135 	 zraR, puuR, melR, fucR, nikR, lldR, marR, soxR, rob, narL, marA, soxS, arcA, fnr
1136 	 zraR, puuR, melR, araC, fucR, nikR, lldR, marR, soxR, rob, narL, marA, soxS, arcA, fnr
1137 	 zraR, puuR, araC, fucR, nikR, lldR, marR, soxR, rob, narL, marA, soxS, arcA, fnr
1138 	 zraR, puuR, melR, araC, fucR, nikR, lldR, marR, soxR, rob, narL, marA, soxS, arcA, fnr
1139 	 zraR, puuR, melR, nikR, lldR, marR, soxR, rob, narL, evgA, ydeO, marA, rcsA, soxS, arcA, fnr
1140 	 zraR, puuR, melR, araC, nikR, lldR, marR, soxR, rob, narL, evgA, ydeO, marA, rcsA, soxS, arcA, fnr
1141 	 zraR, puuR, melR, nikR, lldR, marR, soxR, rob, narL, evgA, ydeO, marA, rcsA, soxS, arcA, fnr
1142 	 zraR, puuR, melR, araC, nikR, lldR, marR, soxR, rob, narL, evgA, ydeO, marA, rcsA, soxS, arcA, fnr
1143 	 zraR, puuR, melR, fucR, nikR, lldR, marR, soxR, rob, narL, evgA, ydeO, marA, rcsA, soxS, arcA, fnr
1144 	 zraR, puuR, melR, araC, fucR, nikR, lldR, marR, soxR, rob, narL, evgA, ydeO, marA, rcsA, soxS, arcA, fnr
1145 	 zraR, puuR, melR, fucR, nikR, lldR, marR, soxR, rob, narL, evgA, ydeO, marA, rcsA, soxS, arcA, fnr
1146 	 zraR, puuR, melR, araC, fucR, nikR, lldR, marR, soxR, rob, narL, evgA, ydeO, marA, rcsA, soxS, arcA, fnr
1147 	 zraR, puuR, melR, fucR, nikR, lldR, marR, soxR, rob, narL, evgA, ydeO, marA, rcsA, soxS, arcA, fnr
1148 	 zraR, puuR, melR, araC, fucR, nikR, lldR, marR, soxR, rob, narL, evgA, ydeO, marA, rcsA, soxS, arcA, fnr
1149 	 zraR, puuR, melR, lldR, evgA, marA, soxS, fnr
1150 	 zraR, puuR, melR, araC, nikR, lldR, marR, soxR, rob, narL, evgA, marA, soxS, arcA, fnr
1151 	 zraR, puuR, melR, araC, lldR, evgA, marA, soxS, fnr
1152 	 zraR, puuR, melR, nikR, lldR, marR, soxR, rob, narL, evgA, marA, soxS, arcA, fnr
1153 	 zraR, puuR, melR, araC, lldR, evgA, marA, soxS, fnr
1154 	 zraR, puuR, melR, araC, nikR, lldR, marR, soxR, rob, narL, evgA, marA, soxS, arcA, fnr
1155 	 zraR, melR, evgA
1156 	 zraR, melR, araC, nikR, marR, soxR, rob, narL, evgA, arcA
1157 	 zraR, melR, araC, evgA
1158 	 zraR, melR, nikR, marR, soxR, rob, narL, evgA, arcA
1159 	 zraR, melR, araC, evgA
1160 	 zraR, melR, araC, nikR, marR, soxR, rob, narL, evgA, arcA
1161 	 zraR, puuR, lldR, evgA, marA, soxS, fnr
1162 	 zraR, puuR, melR, nikR, lldR, marR, soxR, rob, narL, evgA, marA, soxS, arcA, fnr
1163 	 zraR, puuR, melR, araC, lldR, evgA, marA, soxS, fnr
1164 	 zraR, puuR, araC, nikR, lldR, marR, soxR, rob, narL, evgA, marA, soxS, arcA, fnr
1165 	 zraR, puuR, melR, araC, lldR, evgA, marA, soxS, fnr
1166 	 zraR, puuR, melR, nikR, lldR, marR, soxR, rob, narL, evgA, marA, soxS, arcA, fnr
1167 	 zraR, puuR, lldR, evgA, marA, soxS, fnr
1168 	 zraR, puuR, melR, nikR, lldR, marR, soxR, rob, narL, evgA, marA, soxS, arcA, fnr
1169 	 zraR, puuR, araC, lldR, evgA, marA, soxS, fnr
1170 	 zraR, puuR, melR, araC, nikR, lldR, marR, soxR, rob, narL, evgA, marA, soxS, arcA, fnr
1171 	 zraR, puuR, melR, araC, lldR, evgA, marA, soxS, fnr
1172 	 zraR, puuR, melR, fucR, nikR, lldR, marR, soxR, rob, narL, evgA, marA, soxS, arcA, fnr
1173 	 zraR, puuR, melR, fucR, nikR, lldR, marR, soxR, rob, narL, evgA, marA, soxS, arcA, fnr
1174 	 zraR, puuR, melR, araC, fucR, lldR, evgA, marA, soxS, fnr
1175 	 zraR, puuR, melR, araC, fucR, nikR, lldR, marR, soxR, rob, narL, evgA, marA, soxS, arcA, fnr
1176 	 zraR, puuR, melR, fucR, lldR, evgA, marA, soxS, fnr
1177 	 zraR, puuR, melR, araC, fucR, nikR, lldR, marR, soxR, rob, narL, evgA, marA, soxS, arcA, fnr
1178 	 zraR, melR, fucR, evgA
1179 	 zraR, melR, araC, fucR, evgA
1180 	 zraR, puuR, melR, fucR, lldR, evgA, marA, soxS, fnr
1181 	 zraR, puuR, melR, araC, fucR, lldR, evgA, marA, soxS, fnr
1182 	 zraR, melR, araC, fucR, evgA
1183 	 zraR, melR, fucR, evgA
1184 	 zraR, melR, araC, fucR, evgA
1185 	 zraR, melR, fucR, evgA
1186 	 zraR, melR, araC, fucR, evgA
1187 	 zraR, puuR, fucR, lldR, evgA, marA, soxS, fnr
1188 	 zraR, puuR, melR, fucR, lldR, evgA, marA, soxS, fnr
1189 	 zraR, puuR, melR, araC, fucR, lldR, evgA, marA, soxS, fnr
1190 	 zraR, puuR, melR, fucR, lldR, evgA, marA, soxS, fnr
1191 	 zraR, puuR, araC, fucR, lldR, evgA, marA, soxS, fnr
1192 	 zraR, puuR, melR, araC, fucR, lldR, evgA, marA, soxS, fnr
1193 	 zraR, puuR, melR, fucR, lldR, evgA, marA, soxS, fnr
1194 	 zraR, puuR, fucR, lldR, evgA, marA, soxS, fnr
1195 	 zraR, puuR, melR, fucR, lldR, evgA, marA, soxS, fnr
1196 	 zraR, puuR, araC, fucR, lldR, evgA, marA, soxS, fnr
1197 	 zraR, puuR, melR, araC, fucR, lldR, evgA, marA, soxS, fnr
1198 	 zraR, puuR, melR, araC, fucR, lldR, evgA, marA, soxS, fnr
1199 	 zraR, melR, araC, rcsA
1200 	 zraR, melR
1201 	 zraR, melR, araC
1202 	 zraR, puuR, melR, araC, lldR, marA, soxS, fnr
1203 	 zraR, melR, araC, rcsA
1204 	 zraR, melR, araC, rcsA
1205 	 zraR, melR, araC
1206 	 zraR, puuR, melR, lldR, marA, soxS, fnr
1207 	 zraR, melR, fucR, rcsA
1208 	 zraR, puuR, melR, araC, lldR, marA, soxS, fnr
1209 	 zraR, melR, fucR
1210 	 zraR, melR, fucR, rcsA
1211 	 zraR, melR, araC, fucR, rcsA
1212 	 zraR, melR, araC, fucR, rcsA
1213 	 zraR, melR, araC, fucR, rcsA
1214 	 zraR, puuR, melR, fucR, lldR, marA, soxS, fnr
1215 	 zraR, melR, araC, fucR
1216 	 zraR, puuR, melR, fucR, lldR, marA, soxS, fnr
1217 	 zraR, melR, fucR
1218 	 zraR, puuR, melR, araC, fucR, lldR, marA, soxS, fnr
1219 	 zraR, melR, araC, fucR
1220 	 zraR, puuR, melR, araC, fucR, lldR, marA, soxS, fnr
1221 	 zraR, melR
1222 	 zraR, puuR, melR, araC, lldR, marA, soxS, fnr
1223 	 zraR, melR, rcsA
1224 	 zraR, puuR, lldR, marA, soxS, fnr
1225 	 zraR, puuR, araC, lldR, marA, soxS, fnr
1226 	 zraR, melR, araC, rcsA
1227 	 zraR, melR, rcsA
1228 	 zraR, melR, rcsA
1229 	 zraR, puuR, melR, lldR, marA, soxS, fnr
1230 	 zraR, puuR, melR, lldR, marA, soxS, fnr
1231 	 zraR, melR
1232 	 zraR, melR, araC, rcsA
1233 	 zraR, puuR, melR, araC, lldR, marA, soxS, fnr
1234 	 zraR, puuR, melR, araC, lldR, marA, soxS, fnr
1235 	 zraR, melR, araC, rcsA
1236 	 zraR, melR, fucR, rcsA
1237 	 zraR, araC, fucR, rcsA
1238 	 zraR, puuR, melR, lldR, marA, soxS, fnr
1239 	 zraR, melR, araC
1240 	 zraR, puuR, melR, fucR, lldR, marA, soxS, fnr
1241 	 zraR, puuR, fucR, lldR, marA, soxS, fnr
1242 	 zraR, puuR, melR, araC, lldR, marA, soxS, fnr
1243 	 zraR, melR, araC, rcsA
1244 	 zraR, puuR, melR, araC, fucR, lldR, marA, soxS, fnr
1245 	 zraR, puuR, araC, fucR, lldR, marA, soxS, fnr
1246 	 zraR, puuR, melR, fucR, lldR, marA, soxS, fnr
1247 	 zraR, melR, araC
1248 	 zraR, melR, araC, fucR, rcsA
1249 	 zraR, puuR, melR, fucR, lldR, marA, soxS, fnr
1250 	 zraR, melR, fucR, rcsA
1251 	 zraR, melR, fucR, rcsA
1252 	 zraR, puuR, melR, araC, fucR, lldR, marA, soxS, fnr
1253 	 zraR, puuR, melR, araC, fucR, lldR, marA, soxS, fnr
1254 	 zraR, melR, araC, fucR, rcsA
1255 	 zraR, melR, araC, fucR, rcsA
1256 	 zraR, puuR, melR, fucR, lldR, marA, soxS, fnr
1257 	 zraR, melR, araC, fucR, rcsA
1258 	 zraR, puuR, melR, araC, fucR, lldR, marA, soxS, fnr
1259 	 zraR, puuR, melR, lldR, marA, soxS, fnr
1260 	 zraR, melR, fucR
1261 	 zraR, melR, fucR
1262 	 zraR, melR, rcsA
1263 	 zraR, melR, araC, fucR
1264 	 zraR, melR, araC, fucR
1265 	 zraR, puuR, lldR, marA, soxS, fnr
1266 	 zraR, araC, rcsA
1267 	 zraR, puuR, melR, fucR, lldR, marA, soxS, fnr
1268 	 zraR, araC, fucR, rcsA
1269 	 zraR, puuR, fucR, lldR, marA, soxS, fnr
1270 	 zraR, puuR, araC, lldR, marA, soxS, fnr
1271 	 zraR, puuR, melR, lldR, marA, soxS, fnr
1272 	 zraR, puuR, araC, fucR, lldR, marA, soxS, fnr
1273 	 zraR, melR, fucR, rcsA
1274 	 zraR, puuR, melR, fucR, lldR, marA, soxS, fnr
1275 	 zraR, melR, araC, rcsA
1276 	 zraR, puuR, melR, araC, lldR, marA, soxS, fnr
1277 	 zraR, puuR, melR, araC, lldR, marA, soxS, fnr
1278 	 zraR, puuR, melR, araC, fucR, lldR, marA, soxS, fnr
1279 	 zraR, melR, araC, fucR, rcsA
1280 	 zraR, puuR, melR, araC, fucR, lldR, marA, soxS, fnr
