10 	 zraR
12 	 melR
13 	 melR
14 	 zraR
15 	 zraR, melR
17 	 zraR
19 	 zraR, melR
20 	 melR
21 	 zraR
22 	 zraR
25 	 melR
27 	 melR
29 	 melR
30 	 zraR
31 	 melR
32 	 zraR
33 	 melR
34 	 zraR
35 	 zraR
36 	 melR
37 	 zraR
38 	 zraR, melR
39 	 melR
40 	 melR
41 	 zraR, melR
42 	 melR
43 	 zraR, melR
44 	 zraR
45 	 zraR
46 	 melR
47 	 zraR, melR
48 	 melR
49 	 zraR, melR
50 	 zraR
51 	 zraR, melR
52 	 zraR, melR
53 	 zraR, melR
54 	 zraR, melR
55 	 zraR, melR
56 	 melR
57 	 melR
58 	 zraR
59 	 zraR
60 	 zraR
61 	 zraR, melR
62 	 zraR, melR
63 	 zraR, melR
64 	 zraR, melR
65 	 rhaR, rhaS
66 	 rhaR, rhaS
67 	 rhaR, rhaS
68 	 rhaR, rhaS
69 	 rhaR, rhaS
70 	 rhaR, rhaS
71 	 rhaR, rhaS
72 	 rhaR, rhaS, melR
73 	 rhaR, rhaS
74 	 rhaR, rhaS
75 	 rhaR, rhaS, melR
76 	 rhaR, rhaS, melR
77 	 rhaR, rhaS, melR
78 	 rhaR, rhaS, zraR
79 	 rhaR, rhaS, zraR
80 	 rhaR, rhaS, zraR
81 	 rhaR, rhaS, zraR
82 	 rhaR, rhaS, zraR, melR
83 	 rhaR, rhaS, zraR, melR
84 	 rhaR, rhaS, zraR, melR
85 	 rhaR, rhaS, zraR, melR
86 	 rhaR, rhaS
87 	 rhaR, rhaS
88 	 rhaR, rhaS
89 	 rhaR, rhaS, melR
90 	 rhaR, rhaS, melR
91 	 rhaR, rhaS, melR
92 	 rhaR, rhaS, melR
93 	 rhaR, rhaS, melR
94 	 rhaR, rhaS, melR
95 	 rhaR, rhaS, melR
96 	 rhaR, rhaS, melR
97 	 rhaR, rhaS, zraR
98 	 rhaR, rhaS, zraR
99 	 rhaR, rhaS, zraR
100 	 rhaR, rhaS, zraR
101 	 rhaR, rhaS, zraR
102 	 rhaR, rhaS, zraR
103 	 rhaR, rhaS, zraR
104 	 rhaR, rhaS, zraR
105 	 rhaR, rhaS, zraR, melR
106 	 rhaR, rhaS, zraR, melR
107 	 rhaR, rhaS, zraR, melR
108 	 rhaR, rhaS, zraR, melR
109 	 rhaR, rhaS, zraR, melR
110 	 rhaR, rhaS, zraR, melR
111 	 rhaR, rhaS, zraR, melR
112 	 rhaR, rhaS, zraR, melR
113 	 rhaR, rhaS
114 	 rhaR, rhaS
115 	 rhaR, rhaS
116 	 rhaR, rhaS
117 	 rhaR, rhaS, melR
118 	 rhaR, rhaS, melR
119 	 rhaR, rhaS, melR
120 	 rhaR, rhaS, melR
121 	 rhaR, rhaS, zraR
122 	 rhaR, rhaS, zraR
123 	 rhaR, rhaS, zraR
124 	 rhaR, rhaS, zraR
125 	 rhaR, rhaS, zraR, melR
126 	 rhaR, rhaS, zraR, melR
127 	 rhaR, rhaS, zraR, melR
128 	 rhaR, rhaS, zraR, melR
