129 	 fucR
384 	 rhaS
596 	 rcsB, rcsA, fliZ, bglJ, hdfR, mlrA, rhaS, adiY, cspA, flhD
647 	 rcsB, rcsA, fliZ, bglJ, hdfR, mlrA, rhaS, adiY, cspA, flhD, fucR
648 	 rcsB, rcsA, fliZ, bglJ, hdfR, mlrA, adiY, cspA, flhD, fucR
649 	 rcsB, rcsA, fliZ, bglJ, hdfR, mlrA, rhaS, adiY, cspA, flhD, fucR
652 	 rcsB, rcsA, fliZ, bglJ, hdfR, mlrA, rhaS, adiY, cspA, flhD
653 	 rcsB, rcsA, fliZ, bglJ, hdfR, mlrA, rhaS, adiY, cspA, flhD
654 	 rcsB, rcsA, fliZ, bglJ, hdfR, mlrA, adiY, cspA, flhD, fucR
655 	 rcsB, rcsA, fliZ, bglJ, hdfR, mlrA, adiY, cspA, flhD, fucR
656 	 rcsB, rcsA, fliZ, bglJ, hdfR, mlrA, rhaS, adiY, cspA, flhD, fucR
657 	 rcsB, rcsA, fliZ, bglJ, hdfR, mlrA, rhaS, adiY, cspA, flhD, fucR
658 	 rcsB, rcsA, fliZ, bglJ, hdfR, mlrA, rhaS, adiY, cspA, flhD
660 	 rcsB, rcsA, fliZ, bglJ, hdfR, mlrA, rhaS, adiY, cspA, flhD
661 	 rcsB, rcsA, fliZ, bglJ, hdfR, mlrA, adiY, cspA, flhD, fucR
662 	 rcsB, rcsA, fliZ, bglJ, hdfR, mlrA, adiY, cspA, flhD, fucR
663 	 rcsB, rcsA, fliZ, bglJ, hdfR, mlrA, rhaS, adiY, cspA, flhD, fucR
664 	 rcsB, rcsA, fliZ, bglJ, hdfR, mlrA, rhaS, adiY, cspA, flhD, fucR
667 	 rcsB, rcsA, fliZ, bglJ, hdfR, mlrA, rhaS, adiY, cspA, flhD
668 	 rcsB, rcsA, fliZ, bglJ, hdfR, mlrA, adiY, cspA, flhD, fucR
669 	 rcsB, rcsA, fliZ, bglJ, hdfR, mlrA, rhaS, adiY, cspA, flhD
670 	 rcsB, rcsA, fliZ, bglJ, hdfR, mlrA, adiY, cspA, flhD, fucR
671 	 rcsB, rcsA, fliZ, bglJ, hdfR, mlrA, rhaS, adiY, cspA, flhD, fucR
672 	 rcsB, rcsA, fliZ, bglJ, hdfR, mlrA, rhaS, adiY, cspA, flhD, fucR
