31 	 melR
33 	 fucR
35 	 melR, fucR
37 	 idnR
39 	 idnR, fucR
41 	 melR, idnR
43 	 melR, idnR, fucR
47 	 fucR
49 	 melR
51 	 melR, fucR
53 	 idnR
54 	 melR, idnR
55 	 idnR, fucR
56 	 melR, idnR, fucR
57 	 zraR
58 	 zraR, idnR
59 	 zraR, fucR
60 	 zraR, melR
61 	 zraR, idnR, fucR
62 	 zraR, melR, idnR
63 	 zraR, melR, fucR
64 	 zraR, melR, idnR, fucR
65 	 zraR
66 	 zraR, melR
67 	 zraR, idnR
68 	 zraR, fucR
69 	 zraR, melR, fucR
70 	 zraR, melR, idnR
71 	 zraR, idnR, fucR
72 	 zraR, melR, idnR, fucR
73 	 rhaR, rhaS
74 	 rhaR, rhaS, fucR
75 	 rhaR, rhaS, idnR
76 	 rhaR, rhaS, melR
77 	 rhaR, rhaS, idnR, fucR
78 	 rhaR, rhaS, melR, idnR
79 	 rhaR, rhaS, melR, fucR
80 	 rhaR, rhaS, melR, idnR, fucR
81 	 rhaR, rhaS
82 	 rhaR, rhaS, idnR
83 	 rhaR, rhaS, melR
84 	 rhaR, rhaS, fucR
85 	 rhaR, rhaS, melR, idnR
86 	 rhaR, rhaS, melR, fucR
87 	 rhaR, rhaS, idnR, fucR
88 	 rhaR, rhaS, melR, idnR, fucR
89 	 rhaR, rhaS, zraR
90 	 rhaR, rhaS, zraR, melR
91 	 rhaR, rhaS, zraR, fucR
92 	 rhaR, rhaS, zraR, idnR
93 	 rhaR, rhaS, zraR, melR, fucR
94 	 rhaR, rhaS, zraR, idnR, fucR
95 	 rhaR, rhaS, zraR, melR, idnR
96 	 rhaR, rhaS, zraR, melR, idnR, fucR
97 	 rhaR, rhaS, zraR
98 	 rhaR, rhaS, zraR, melR
99 	 rhaR, rhaS, zraR, idnR
100 	 rhaR, rhaS, zraR, fucR
101 	 rhaR, rhaS, zraR, melR, idnR
102 	 rhaR, rhaS, zraR, idnR, fucR
103 	 rhaR, rhaS, zraR, melR, fucR
104 	 rhaR, rhaS, zraR, melR, idnR, fucR
