2 	 rcsA
3 	 rcsA, fucR
4 	 rcsA, zraR
19 	 rcsA
36 	 rcsA
73 	 rcsA
74 	 rcsA, rhaS
75 	 rcsA, araC
76 	 rcsA, idnR
77 	 fucR
78 	 rcsA, zraR
80 	 rhaS
81 	 araC
82 	 idnR
83 	 rcsA, rhaS
84 	 zraR
85 	 rcsA, idnR
86 	 rcsA, fucR
87 	 zraR
88 	 rcsA
89 	 rhaS
90 	 rcsA, araC
91 	 idnR
92 	 fucR
93 	 rcsA, zraR, araC
95 	 rcsA, rhaS, fucR
96 	 araC
97 	 rcsA, idnR
98 	 rcsA, rhaS, fucR
99 	 zraR, araC
100 	 rcsA, idnR
101 	 rcsA, rhaS
102 	 rcsA, zraR, fucR
103 	 idnR
104 	 rcsA
105 	 rcsA, zraR, fucR
106 	 idnR
107 	 rhaS
108 	 zraR, fucR
109 	 rcsA, araC, idnR
111 	 zraR, fucR
112 	 rcsA, araC, idnR
113 	 rcsA, araC
114 	 rcsA, zraR, araC
115 	 rcsA, araC
116 	 rcsA, rhaS
117 	 rcsA, araC, fucR
118 	 araC, idnR
119 	 araC
120 	 rcsA, araC, fucR
121 	 araC
122 	 rhaS
123 	 araC, fucR
124 	 rcsA, idnR, fucR
125 	 rcsA, fucR
126 	 zraR, araC
127 	 araC, idnR
128 	 rcsA, rhaS, araC
129 	 rcsA, zraR, araC, fucR
130 	 rcsA, araC
131 	 rcsA, rhaS, araC
132 	 araC, fucR
133 	 rcsA
134 	 rhaS, fucR
135 	 zraR, araC, fucR
136 	 rcsA, zraR, idnR
137 	 rcsA, zraR
138 	 rcsA, zraR, araC, fucR
139 	 rcsA, araC, idnR
140 	 rcsA, rhaS, idnR
141 	 rcsA, zraR, idnR
142 	 araC
144 	 rcsA, fucR
145 	 araC, idnR
146 	 rhaS, araC
147 	 zraR, idnR
148 	 fucR
149 	 fucR
150 	 zraR, araC, fucR
151 	 rcsA, zraR
152 	 rcsA, rhaS, zraR
153 	 rcsA, idnR, fucR
154 	 rcsA, rhaS
155 	 rhaS, araC
156 	 zraR, idnR
157 	 rcsA, fucR
158 	 rcsA, araC
159 	 rcsA, zraR, araC, idnR
160 	 idnR, fucR
161 	 rcsA, rhaS, idnR
162 	 rcsA, zraR, araC, idnR
163 	 fucR
164 	 rcsA
165 	 idnR, fucR
166 	 rcsA, zraR
167 	 rcsA, rhaS, zraR
168 	 zraR, araC, idnR
169 	 rcsA, araC, fucR
170 	 rcsA, fucR
171 	 rcsA, zraR, idnR, fucR
172 	 rcsA, araC, idnR
173 	 rcsA, rhaS, araC
174 	 rcsA, zraR, idnR, fucR
175 	 rcsA, idnR
176 	 araC
177 	 zraR
178 	 araC, idnR
179 	 rcsA, rhaS
180 	 rhaS, zraR
181 	 rhaS, idnR
183 	 zraR
184 	 rcsA, rhaS, araC
185 	 rcsA, idnR, fucR
186 	 rcsA, rhaS, zraR, fucR
187 	 rhaS, araC
188 	 zraR
189 	 rcsA, zraR, fucR
190 	 rcsA, zraR
191 	 idnR
192 	 rcsA, idnR, fucR
193 	 rhaS, zraR
194 	 rhaS, araC
195 	 rcsA, fucR
196 	 rcsA, zraR, idnR
197 	 rcsA, rhaS, zraR, araC
198 	 fucR
199 	 rcsA, idnR
200 	 zraR
201 	 rhaS, fucR
202 	 rhaS, idnR
203 	 rhaS, zraR, araC
204 	 rcsA, araC, fucR
205 	 idnR
206 	 rhaS
207 	 araC, fucR
208 	 rcsA, idnR
209 	 rcsA, rhaS, zraR, idnR
210 	 rcsA, rhaS, araC
211 	 rcsA, rhaS, fucR
212 	 zraR, idnR, fucR
213 	 idnR, fucR
214 	 rcsA, rhaS
215 	 rcsA, zraR, araC
216 	 idnR
217 	 rhaS
218 	 rcsA, rhaS, zraR, araC
219 	 rhaS, fucR
220 	 rcsA, idnR
221 	 zraR, araC
222 	 rcsA, rhaS, fucR
223 	 rcsA, zraR, idnR
224 	 rcsA, zraR, araC
225 	 rcsA, rhaS, fucR
226 	 idnR
227 	 rcsA, zraR, fucR
228 	 rhaS, fucR
229 	 zraR, fucR
230 	 zraR, araC
231 	 rcsA, rhaS
232 	 rcsA, araC, idnR, fucR
233 	 fucR
234 	 rcsA, rhaS, araC, fucR
235 	 rcsA, zraR, araC
236 	 idnR, fucR
237 	 rcsA, rhaS, idnR
238 	 rcsA, zraR, araC
239 	 zraR, fucR
240 	 rhaS
241 	 zraR, idnR
242 	 rcsA, rhaS, zraR
243 	 zraR, araC, idnR
244 	 rcsA, zraR, fucR
245 	 rhaS
246 	 rcsA, rhaS, araC, idnR
247 	 rcsA, rhaS, zraR, fucR
248 	 rcsA, zraR
249 	 rcsA, araC, idnR, fucR
250 	 rhaS, araC, fucR
251 	 zraR, idnR, fucR
252 	 rcsA, rhaS, fucR
253 	 rhaS, idnR
254 	 rhaS, zraR, araC
255 	 rhaS, fucR
256 	 rcsA, araC, idnR
257 	 rcsA, araC, fucR
258 	 rcsA, rhaS, idnR, fucR
259 	 rcsA, zraR
260 	 rcsA, zraR, fucR
261 	 rcsA, rhaS, idnR
262 	 araC, idnR, fucR
263 	 rcsA, rhaS, idnR, fucR
264 	 zraR
265 	 rhaS, zraR, idnR
266 	 rhaS, idnR, fucR
267 	 rcsA, rhaS, zraR
268 	 zraR, araC
269 	 rhaS, idnR
270 	 rcsA, zraR, araC, idnR, fucR
271 	 rcsA, rhaS, araC, fucR
272 	 rcsA, rhaS, idnR
273 	 rcsA, rhaS, araC, idnR
274 	 rhaS, idnR
275 	 zraR
276 	 rhaS, zraR
277 	 rhaS, zraR, fucR
278 	 rcsA, rhaS, idnR
279 	 rhaS, zraR
280 	 rcsA, fucR
281 	 araC, idnR, fucR
282 	 zraR, fucR
283 	 rhaS, idnR, fucR
284 	 zraR, idnR
285 	 rcsA, rhaS, zraR, araC
286 	 rhaS, zraR, fucR
287 	 rcsA, zraR, idnR
288 	 araC, fucR
289 	 rcsA, rhaS, fucR
290 	 rcsA, araC, fucR
291 	 zraR, araC
292 	 rcsA, araC
293 	 rcsA, zraR, araC, idnR
294 	 araC, fucR
295 	 rcsA, rhaS, idnR
296 	 zraR, araC, idnR, fucR
297 	 rhaS, araC, fucR
298 	 araC
299 	 araC, fucR
300 	 rcsA, rhaS, araC, fucR
301 	 rcsA, araC, idnR, fucR
302 	 rcsA, rhaS, zraR, araC, fucR
303 	 rcsA, rhaS, zraR, fucR
304 	 rhaS, idnR
305 	 rcsA, zraR, araC, fucR
306 	 rcsA, zraR, araC, fucR
307 	 rcsA, rhaS, zraR, idnR, fucR
308 	 fucR
309 	 rcsA, rhaS, araC, fucR
310 	 zraR, fucR
311 	 rhaS, idnR
312 	 rhaS, zraR, araC, fucR
313 	 rcsA, araC, idnR
314 	 rhaS, araC, fucR
315 	 rhaS, zraR, araC
316 	 araC, idnR
317 	 rhaS, araC, fucR
318 	 rcsA, zraR, araC, fucR
319 	 rcsA, rhaS, idnR, fucR
320 	 rhaS, fucR
321 	 zraR, araC, fucR
322 	 rcsA, zraR, araC, idnR
323 	 rcsA, rhaS, zraR
324 	 rcsA, zraR, idnR, fucR
325 	 rcsA, zraR, fucR
326 	 rhaS, araC
327 	 rhaS, araC, idnR
328 	 zraR, araC, fucR
329 	 rhaS, idnR, fucR
330 	 rcsA, zraR, idnR
331 	 rcsA, idnR, fucR
332 	 rcsA, zraR, araC
333 	 zraR, fucR
334 	 zraR, idnR
335 	 rcsA, rhaS, araC
336 	 rcsA, idnR, fucR
337 	 idnR, fucR
338 	 rcsA, zraR, araC, idnR
339 	 rcsA, zraR, idnR, fucR
340 	 rcsA, rhaS, zraR
341 	 rcsA, rhaS, zraR, araC, idnR
342 	 rhaS, araC, idnR
343 	 rcsA, araC
344 	 zraR, araC, fucR
345 	 rcsA
346 	 rcsA, idnR, fucR
347 	 idnR, fucR
348 	 rcsA
349 	 rcsA, rhaS, idnR
350 	 rcsA, rhaS, zraR, araC, fucR
351 	 rcsA, rhaS, zraR, idnR
352 	 rhaS, zraR, fucR
353 	 rcsA, rhaS, zraR, araC
355 	 rhaS, zraR
356 	 rcsA
357 	 rhaS, zraR, araC, fucR
360 	 rcsA, idnR
361 	 rcsA, rhaS
362 	 idnR, fucR
363 	 rhaS, zraR, idnR
364 	 rcsA
365 	 rhaS
367 	 rcsA, zraR
368 	 rcsA, fucR
369 	 rcsA, rhaS, zraR, araC
370 	 fucR
371 	 rhaS, zraR, araC
372 	 rcsA, rhaS, idnR, fucR
373 	 rcsA, araC
374 	 idnR
375 	 araC
376 	 rcsA, idnR
377 	 rcsA, fucR
378 	 idnR
379 	 fucR
380 	 zraR, idnR
381 	 rcsA, rhaS, araC, idnR, fucR
382 	 rcsA, rhaS
383 	 rcsA, zraR, araC, idnR, fucR
384 	 rhaS
385 	 zraR, araC, idnR, fucR
386 	 rcsA, rhaS
387 	 rcsA, idnR
388 	 rhaS
389 	 idnR
390 	 rhaS, araC
391 	 zraR, idnR, fucR
392 	 rcsA
393 	 zraR, araC, idnR
395 	 rcsA, araC, idnR, fucR
396 	 araC
397 	 zraR
398 	 rcsA, rhaS
399 	 rcsA, zraR, idnR
400 	 rhaS
401 	 zraR, idnR
402 	 rcsA, araC
403 	 rcsA, zraR, fucR
404 	 rcsA
405 	 zraR, fucR
406 	 araC
407 	 rcsA, idnR, fucR
409 	 idnR, fucR
410 	 rcsA
411 	 rcsA, zraR, araC
412 	 rcsA, fucR
413 	 zraR, araC
414 	 rcsA, rhaS
415 	 rcsA, araC, idnR
417 	 rcsA, zraR, idnR, fucR
418 	 rcsA, araC
419 	 zraR, idnR, fucR
420 	 rhaS
421 	 rcsA
422 	 rcsA
423 	 araC, idnR
424 	 fucR
425 	 rcsA, zraR, araC, idnR
426 	 rcsA, rhaS, araC
427 	 rcsA, araC, fucR
428 	 rhaS, araC
429 	 araC, fucR
431 	 rcsA, zraR, araC, fucR
432 	 rcsA, rhaS, idnR
433 	 zraR, araC, fucR
434 	 rcsA, rhaS
435 	 zraR, araC, idnR
436 	 rhaS
437 	 rcsA, araC, idnR, fucR
438 	 rcsA, rhaS
439 	 araC, idnR, fucR
440 	 rhaS, fucR
441 	 rcsA, rhaS, zraR
442 	 rcsA, idnR
443 	 rcsA, zraR, araC, idnR, fucR
444 	 rhaS, idnR, fucR
445 	 rhaS, zraR
446 	 idnR
447 	 zraR, araC, idnR, fucR
448 	 rcsA, rhaS, idnR, fucR
449 	 rcsA, rhaS, fucR
450 	 rcsA, idnR
451 	 rcsA, rhaS, zraR, idnR, fucR
452 	 rcsA, zraR, idnR, fucR
453 	 rcsA, rhaS, araC
454 	 rcsA, zraR, idnR, fucR
455 	 rhaS, araC
456 	 zraR, idnR, fucR
457 	 rhaS
458 	 rcsA, zraR, idnR
459 	 rcsA, rhaS, araC
460 	 rcsA, zraR
461 	 rcsA, araC
462 	 zraR
463 	 rcsA, araC
464 	 zraR, idnR
465 	 rhaS, fucR
466 	 rcsA, zraR, idnR
467 	 rcsA, rhaS, araC, fucR
468 	 idnR
469 	 rhaS, araC, fucR
470 	 rhaS, zraR
471 	 rcsA, araC, fucR
472 	 rhaS, idnR
473 	 rcsA, fucR
474 	 rhaS, idnR
475 	 fucR
476 	 rcsA, rhaS, idnR
477 	 araC, fucR
478 	 rhaS, idnR
479 	 araC
480 	 rcsA, rhaS, idnR
481 	 rcsA, araC, fucR
482 	 rhaS, idnR
483 	 araC, fucR
484 	 rcsA, rhaS, idnR
485 	 rcsA, zraR
486 	 rhaS, idnR
487 	 zraR
488 	 rcsA, rhaS, zraR, idnR
489 	 rcsA, fucR
490 	 zraR, idnR
491 	 rcsA, rhaS, araC, fucR
492 	 rcsA, idnR
493 	 araC
495 	 fucR
496 	 rcsA, rhaS
497 	 rcsA
498 	 rcsA, rhaS, zraR
499 	 rcsA, zraR, araC
500 	 rcsA, rhaS, zraR, idnR
501 	 rcsA, zraR, araC, fucR
502 	 rcsA, idnR
503 	 rcsA, rhaS, zraR, fucR
504 	 idnR
505 	 rhaS, zraR, fucR
506 	 rcsA, idnR
507 	 rcsA, rhaS, zraR, araC
508 	 idnR
509 	 rhaS, zraR, araC
510 	 araC, idnR
511 	 rcsA, zraR, fucR
512 	 rhaS, zraR, idnR
513 	 zraR, araC, fucR
514 	 rcsA
515 	 rcsA, rhaS, zraR, araC, fucR
516 	 rcsA, araC, idnR
517 	 zraR, fucR
518 	 rcsA, rhaS, zraR, idnR
519 	 rcsA, rhaS, zraR, araC, fucR
521 	 rhaS, zraR, araC, fucR
522 	 araC, idnR
523 	 rhaS, zraR
524 	 rcsA, idnR, fucR
525 	 zraR, araC
527 	 rcsA, rhaS, fucR
528 	 idnR
529 	 rhaS, fucR
530 	 rcsA, idnR
531 	 rcsA, rhaS, zraR, fucR
532 	 idnR
533 	 rhaS, zraR, fucR
534 	 rcsA, idnR
535 	 rhaS, araC
536 	 idnR
537 	 rcsA, rhaS, zraR, araC
538 	 rcsA, araC, idnR
539 	 rhaS, zraR, araC
540 	 rcsA, idnR
541 	 rcsA, rhaS, araC, fucR
542 	 idnR
543 	 rcsA, rhaS, araC
544 	 idnR, fucR
545 	 rhaS, araC
546 	 rcsA, fucR
547 	 rcsA, rhaS, zraR
548 	 rcsA, fucR
549 	 rhaS, araC, fucR
550 	 rcsA, araC, fucR
551 	 rcsA, zraR, araC, fucR
552 	 araC, fucR
553 	 zraR, araC, fucR
554 	 rcsA, zraR, araC
555 	 rcsA, rhaS, idnR
556 	 rcsA, araC, fucR
557 	 rcsA
558 	 araC, fucR
560 	 rcsA, rhaS, araC, fucR
561 	 rcsA, idnR
562 	 rhaS, araC, fucR
563 	 idnR
564 	 rcsA, rhaS, zraR, fucR
565 	 rcsA, rhaS
566 	 rhaS, araC, idnR, fucR
567 	 rhaS
568 	 rcsA, rhaS, zraR, araC, idnR
569 	 rhaS
570 	 rhaS, zraR, araC, idnR
571 	 rcsA, rhaS
572 	 rhaS, zraR, idnR, fucR
573 	 rhaS
574 	 rcsA, rhaS, zraR, araC, idnR, fucR
575 	 rcsA, rhaS
576 	 rhaS, zraR, araC, idnR, fucR
577 	 rhaS
578 	 rhaS, idnR
579 	 rcsA, rhaS
580 	 rcsA, rhaS, zraR, idnR
581 	 rhaS
582 	 rhaS, zraR, idnR
583 	 rcsA, rhaS, idnR
584 	 rcsA, rhaS, idnR, fucR
585 	 rhaS, idnR
586 	 rhaS, idnR, fucR
587 	 rcsA, rhaS, idnR
588 	 rcsA, rhaS, zraR, idnR, fucR
589 	 rhaS, idnR
590 	 rhaS, zraR, idnR, fucR
591 	 rcsA, rhaS, idnR
592 	 rcsA, rhaS, araC, idnR
593 	 rhaS, idnR
594 	 rhaS, araC, idnR
595 	 rcsA, rhaS, araC, idnR
596 	 rcsA, rhaS, zraR, araC, fucR
597 	 zraR, araC
598 	 zraR, araC, idnR
599 	 fucR
600 	 rhaS, zraR, araC, idnR
601 	 rcsA, rhaS, idnR
602 	 rcsA, rhaS, zraR, araC, idnR
603 	 rhaS, araC, idnR
604 	 rhaS, zraR, idnR, fucR
605 	 rhaS, idnR
606 	 rhaS, zraR, araC, idnR
607 	 rcsA, araC
608 	 rcsA, rhaS, araC, idnR, fucR
609 	 rcsA, rhaS, idnR
610 	 rcsA, rhaS, araC, idnR, fucR
611 	 araC
612 	 rhaS, araC, idnR, fucR
613 	 rhaS, idnR, fucR
614 	 rcsA, rhaS, zraR, araC, idnR, fucR
615 	 fucR
616 	 rcsA, rhaS, zraR, idnR
617 	 rcsA, idnR, fucR
618 	 rcsA, zraR
619 	 idnR, fucR
620 	 rhaS, zraR
621 	 rcsA, zraR, idnR
622 	 rhaS, zraR, idnR
623 	 rcsA, rhaS, araC, idnR
624 	 rhaS, araC, idnR, fucR
625 	 rhaS, araC, idnR
626 	 rhaS, zraR, araC
627 	 rcsA, rhaS, zraR, araC, idnR
628 	 rcsA, araC, idnR
629 	 rhaS, zraR, idnR
630 	 rhaS, zraR, araC, idnR
631 	 araC, idnR
632 	 rcsA, rhaS, araC, idnR
633 	 rhaS, zraR, fucR
634 	 rcsA, rhaS, araC, idnR
635 	 rhaS, araC, idnR
636 	 rcsA, zraR
637 	 rhaS, araC, idnR
638 	 rcsA, rhaS, zraR, araC, idnR
639 	 araC, idnR, fucR
640 	 rcsA, zraR, araC, idnR
641 	 rhaS, zraR, araC, idnR
642 	 zraR
643 	 zraR, araC, idnR
644 	 zraR
645 	 rcsA, zraR, araC, idnR, fucR
646 	 rcsA, rhaS, zraR, araC, idnR
647 	 rcsA, araC, idnR, fucR
648 	 rcsA, rhaS, zraR
649 	 rhaS, zraR, araC, idnR
650 	 rcsA, rhaS, zraR, araC, idnR, fucR
651 	 zraR, araC
652 	 rhaS, zraR, araC, idnR, fucR
653 	 rcsA, zraR
654 	 rcsA, rhaS, araC
655 	 araC, idnR, fucR
656 	 rcsA, zraR, araC
657 	 rcsA, rhaS, zraR
658 	 rhaS, zraR, araC, idnR, fucR
659 	 zraR
660 	 rcsA, zraR, idnR
661 	 rcsA, rhaS, zraR, fucR
662 	 rcsA, araC, idnR
663 	 araC, idnR
664 	 zraR, idnR
665 	 araC
666 	 rhaS, zraR
667 	 rhaS, zraR, araC, fucR
668 	 rcsA, zraR, idnR
669 	 rcsA, rhaS, zraR, araC, fucR
670 	 araC, idnR
671 	 rhaS, zraR, fucR
672 	 rcsA, araC, idnR
673 	 rcsA, zraR, idnR, fucR
674 	 zraR, idnR
675 	 rcsA, rhaS, idnR, fucR
676 	 zraR, araC
677 	 rcsA, rhaS, idnR, fucR
678 	 araC, idnR
679 	 zraR, idnR, fucR
680 	 rcsA, rhaS, zraR
681 	 rhaS, zraR, araC, fucR
682 	 rcsA, zraR, idnR
683 	 rhaS, idnR, fucR
684 	 rcsA, zraR, araC
685 	 rcsA, araC, idnR, fucR
686 	 rcsA, araC, idnR
687 	 rhaS, idnR, fucR
688 	 zraR, idnR
689 	 rcsA, rhaS, zraR, idnR, fucR
690 	 zraR, araC
691 	 rcsA, rhaS, idnR, fucR
692 	 rhaS, zraR
693 	 zraR, araC, idnR, fucR
694 	 rcsA, rhaS, zraR, idnR
695 	 rcsA, rhaS, zraR, araC, fucR
696 	 rcsA, rhaS, zraR, idnR
697 	 araC, idnR, fucR
698 	 araC, idnR
699 	 rcsA, rhaS, zraR, idnR, fucR
700 	 rhaS, zraR, idnR
701 	 rcsA, rhaS, araC, idnR, fucR
702 	 rhaS, zraR, idnR
703 	 rhaS, idnR, fucR
704 	 rcsA, zraR, araC
705 	 rcsA, rhaS, araC, idnR, fucR
706 	 rcsA, rhaS, araC, idnR
707 	 rhaS, zraR, araC, fucR
708 	 rhaS, araC
709 	 rcsA, rhaS, araC, idnR, fucR
710 	 zraR, araC
711 	 rhaS, araC, idnR, fucR
712 	 rhaS, araC, idnR
713 	 rhaS, zraR, idnR, fucR
714 	 rcsA, rhaS, zraR, araC
715 	 rhaS, araC, idnR, fucR
716 	 rcsA, zraR, araC, idnR
717 	 rhaS, zraR, idnR, fucR
718 	 rcsA, rhaS, zraR, araC
719 	 rcsA, zraR, araC, idnR, fucR
720 	 rcsA, rhaS, araC, idnR
721 	 rcsA, rhaS, zraR, idnR, fucR
722 	 rcsA, rhaS, zraR, idnR
723 	 rcsA, rhaS, zraR, araC, idnR, fucR
724 	 rcsA, zraR, araC, idnR
725 	 zraR, araC, idnR, fucR
726 	 rcsA, zraR, araC, idnR
727 	 rcsA, zraR, araC, idnR, fucR
728 	 zraR, araC, idnR
729 	 rhaS, zraR, araC, idnR, fucR
730 	 zraR, araC, idnR
731 	 rhaS, araC, idnR, fucR
732 	 zraR, araC, idnR
733 	 zraR, araC, idnR, fucR
734 	 rcsA, rhaS, araC
735 	 rcsA, araC
736 	 rhaS, zraR, araC
737 	 rhaS, zraR
738 	 rcsA, rhaS, zraR, araC, idnR
739 	 rcsA, rhaS, araC
740 	 rhaS, zraR, araC, idnR
741 	 rhaS, araC
742 	 rhaS, zraR, idnR, fucR
743 	 rcsA, zraR, araC, idnR
744 	 rcsA, rhaS, zraR, araC, idnR, fucR
745 	 rcsA, rhaS, araC, idnR
746 	 rcsA, zraR, idnR
747 	 rcsA, rhaS, zraR, idnR
748 	 rhaS, zraR, araC, idnR, fucR
749 	 rcsA, rhaS, zraR, araC
750 	 araC
751 	 rcsA, rhaS, zraR, araC, idnR, fucR
752 	 rcsA, zraR
753 	 rhaS, zraR, araC, idnR, fucR
754 	 zraR
755 	 rhaS, zraR, araC
756 	 rcsA, araC, idnR
757 	 rhaS, zraR, idnR
758 	 rcsA, rhaS, zraR
759 	 zraR, araC, idnR
760 	 araC, idnR
761 	 rhaS, araC, idnR
762 	 rcsA, rhaS, araC
763 	 rcsA, rhaS, zraR, araC, idnR
764 	 rcsA, zraR, idnR
765 	 rhaS, zraR, araC, idnR
766 	 rcsA, zraR, araC
767 	 rcsA, araC, fucR
768 	 zraR, araC
769 	 rcsA, rhaS, fucR
770 	 rcsA, rhaS, araC, idnR
771 	 rhaS, zraR, idnR
772 	 rhaS, zraR
773 	 rhaS, araC
774 	 rhaS, araC
775 	 rcsA, rhaS, zraR, araC
776 	 zraR, idnR
777 	 rcsA, rhaS, araC, idnR
778 	 rhaS, araC, idnR
779 	 rhaS, zraR, araC
780 	 rcsA, rhaS, zraR, araC
781 	 rhaS, araC, idnR
782 	 rhaS, zraR, araC
783 	 rcsA, rhaS, zraR, araC, idnR
784 	 rcsA, rhaS, zraR, idnR
785 	 rhaS, zraR, araC, idnR
786 	 rhaS, zraR, idnR
787 	 rcsA, araC, fucR
788 	 rcsA, zraR, araC, idnR
789 	 rcsA, idnR, fucR
790 	 zraR, araC, idnR
791 	 idnR, fucR
792 	 rcsA, rhaS, zraR, araC, idnR
793 	 rcsA, zraR, fucR
794 	 rhaS, zraR, araC, idnR
795 	 araC, fucR
796 	 rhaS, zraR, idnR
797 	 zraR, fucR
798 	 rcsA, rhaS, zraR, araC
799 	 rcsA, rhaS, fucR
800 	 zraR, araC, idnR
801 	 rcsA, araC, idnR, fucR
802 	 rhaS, zraR, araC
803 	 rhaS, fucR
804 	 rcsA, rhaS, zraR, araC, idnR
805 	 araC, idnR, fucR
806 	 rhaS, zraR, araC, idnR
807 	 rcsA, rhaS, idnR, fucR
808 	 rcsA, zraR, araC, idnR
809 	 rcsA, zraR, idnR, fucR
810 	 rcsA, rhaS, araC, idnR
811 	 rcsA, rhaS, araC, fucR
812 	 zraR, araC, idnR
813 	 zraR, idnR, fucR
814 	 rcsA, rhaS, zraR, idnR
815 	 rcsA, rhaS, zraR, fucR
816 	 rhaS, zraR, idnR
817 	 rcsA, zraR, araC, fucR
818 	 rhaS, araC, idnR
819 	 rhaS, araC, fucR
820 	 rcsA, rhaS, zraR, araC, idnR
821 	 rhaS, zraR, fucR
822 	 rhaS, zraR, araC, idnR
823 	 zraR, araC, fucR
824 	 rcsA, rhaS, zraR
825 	 rcsA, zraR, araC, idnR, fucR
826 	 rhaS, zraR
827 	 zraR, araC, idnR, fucR
828 	 zraR, idnR
829 	 rcsA, rhaS, zraR, araC, fucR
830 	 rcsA, rhaS, zraR, idnR
831 	 rhaS, idnR, fucR
832 	 rcsA, rhaS, zraR, araC
833 	 rcsA, rhaS, zraR, idnR, fucR
834 	 rhaS, zraR, araC
835 	 rhaS, zraR, idnR, fucR
836 	 rhaS, zraR, idnR
837 	 rhaS, zraR, araC, fucR
838 	 rcsA, rhaS, araC, idnR
839 	 rcsA, rhaS, araC, idnR, fucR
840 	 rhaS, araC, idnR
841 	 rhaS, araC, idnR, fucR
842 	 rcsA, zraR, araC, idnR
843 	 rcsA, rhaS, zraR, araC, idnR, fucR
844 	 zraR, araC, idnR
845 	 rhaS, zraR, araC, idnR, fucR
846 	 rcsA, rhaS, zraR, araC, idnR
847 	 rcsA, zraR, araC
848 	 rhaS, zraR, araC, idnR
849 	 rcsA, araC, idnR
850 	 rhaS, araC, idnR
851 	 rcsA, rhaS, araC
852 	 rhaS, zraR, araC
853 	 rhaS, araC
854 	 rcsA, rhaS, zraR, araC, idnR
855 	 araC, idnR
856 	 rhaS, zraR, araC, idnR
857 	 zraR, idnR
858 	 rhaS, idnR
859 	 rcsA, rhaS, zraR
860 	 rcsA, zraR
861 	 rhaS, zraR
862 	 zraR
863 	 zraR, araC
864 	 rcsA, rhaS, zraR
865 	 rcsA, rhaS, zraR, araC
866 	 rhaS, zraR
867 	 rhaS, zraR, araC
868 	 rcsA, zraR, idnR
869 	 rcsA, rhaS, zraR, idnR
870 	 rcsA, araC
871 	 rhaS, zraR, idnR
872 	 araC
873 	 rcsA, zraR, araC, idnR
874 	 zraR, idnR
875 	 rcsA, rhaS, araC, idnR
876 	 rcsA, rhaS, zraR, idnR
877 	 rhaS, araC, idnR
878 	 rhaS, zraR, idnR
879 	 zraR, araC, idnR
880 	 rcsA, zraR, araC
881 	 rcsA, rhaS, zraR, araC, idnR
882 	 rcsA, araC, idnR
883 	 rhaS, zraR, araC, idnR
884 	 araC, idnR
885 	 rcsA, idnR, fucR
886 	 rcsA, rhaS, araC
887 	 rcsA, araC, fucR
888 	 rhaS, araC
889 	 araC, fucR
890 	 zraR, araC
891 	 idnR, fucR
892 	 rcsA, rhaS, zraR, araC
893 	 rcsA, zraR, fucR
894 	 rcsA, rhaS, araC, idnR
895 	 rcsA, araC, fucR
896 	 rhaS, zraR, araC, fucR
897 	 rcsA, zraR
898 	 zraR, idnR, fucR
899 	 rcsA, araC
900 	 rcsA, araC, idnR, fucR
901 	 zraR
902 	 araC, idnR, fucR
903 	 rcsA, zraR, idnR
904 	 rcsA, zraR, araC, idnR, fucR
905 	 zraR, idnR
906 	 zraR, araC, idnR, fucR
907 	 rcsA, rhaS, zraR
908 	 rcsA, rhaS, zraR, idnR, fucR
909 	 rhaS, zraR
910 	 rcsA, rhaS, araC, idnR, fucR
911 	 araC
912 	 rhaS, zraR, idnR, fucR
913 	 rcsA, rhaS, zraR, idnR
914 	 rhaS, araC, idnR, fucR
915 	 rcsA, araC, idnR
916 	 rcsA, rhaS, zraR, araC, idnR, fucR
917 	 rhaS, zraR, idnR
918 	 rhaS, zraR, araC, idnR, fucR
919 	 araC, idnR
920 	 rcsA, araC
921 	 rcsA, zraR, araC
922 	 rcsA, zraR
923 	 rcsA, rhaS, araC
924 	 araC
925 	 rhaS, araC
926 	 rcsA, rhaS, araC
927 	 zraR, araC
928 	 rhaS, araC
929 	 rcsA, rhaS, zraR, araC
930 	 rcsA, araC, idnR
931 	 rhaS, zraR, araC
932 	 araC, idnR
933 	 rcsA, rhaS, araC, idnR
934 	 rcsA, rhaS, araC, idnR
935 	 rhaS, araC, idnR
936 	 rhaS, araC, idnR
937 	 rcsA, zraR, araC, idnR
938 	 zraR
939 	 zraR, araC, idnR
940 	 rcsA, zraR, idnR
941 	 rcsA, rhaS, zraR, araC, idnR
942 	 zraR, idnR
943 	 rhaS, zraR, araC, idnR
944 	 rcsA, rhaS, zraR
945 	 zraR, fucR
946 	 rhaS, araC, idnR
947 	 rcsA, rhaS, fucR
948 	 rcsA, zraR, araC, idnR
949 	 rcsA, zraR, araC, fucR
950 	 zraR, araC, idnR
951 	 rcsA, araC, idnR, fucR
952 	 rhaS, zraR, araC
953 	 zraR, araC, fucR
954 	 rcsA, rhaS, zraR, araC, idnR
955 	 rcsA, zraR, idnR, fucR
956 	 rhaS, zraR, araC, idnR
957 	 rhaS, fucR
958 	 rhaS, fucR
959 	 rcsA, rhaS, araC, fucR
960 	 rcsA, zraR, fucR
961 	 araC, idnR, fucR
962 	 zraR, fucR
963 	 zraR, idnR, fucR
964 	 rcsA, rhaS, idnR, fucR
965 	 rcsA, zraR, araC, idnR, fucR
966 	 rhaS, idnR, fucR
967 	 zraR, araC, idnR, fucR
968 	 araC, fucR
969 	 rcsA, rhaS, zraR, fucR
970 	 rcsA, araC, idnR, fucR
971 	 rhaS, araC, fucR
972 	 rcsA, rhaS, zraR, fucR
973 	 rhaS, zraR, fucR
974 	 rcsA, zraR, idnR, fucR
975 	 rcsA, rhaS, idnR, fucR
976 	 zraR, idnR, fucR
977 	 rhaS, idnR, fucR
978 	 rhaS, zraR, fucR
979 	 rcsA, rhaS, araC, idnR, fucR
980 	 rcsA, rhaS, zraR, idnR, fucR
981 	 rhaS, araC, idnR, fucR
982 	 rhaS, zraR, idnR, fucR
983 	 rcsA, rhaS, zraR, idnR, fucR
984 	 rcsA, zraR, araC, fucR
985 	 rhaS, zraR, idnR, fucR
986 	 rcsA, rhaS, araC, fucR
987 	 rcsA, rhaS, zraR, araC, fucR
988 	 rhaS, araC, fucR
989 	 rhaS, zraR, araC, fucR
990 	 zraR, araC, fucR
991 	 rcsA, rhaS, zraR, araC, idnR, fucR
992 	 rcsA, rhaS, zraR, araC, fucR
993 	 rhaS, zraR, araC, idnR, fucR
994 	 araC, idnR, fucR
995 	 rhaS, zraR, araC, fucR
996 	 rcsA, zraR, araC, idnR, fucR
997 	 zraR, araC, idnR, fucR
998 	 rcsA, rhaS, araC, idnR, fucR
999 	 rhaS, araC, idnR, fucR
1000 	 rcsA, rhaS, zraR, araC, idnR, fucR
1001 	 rhaS, zraR, araC, idnR, fucR
1002 	 rcsA, zraR, fucR
1003 	 zraR, idnR, fucR
1004 	 zraR, fucR
1005 	 araC, idnR, fucR
1006 	 rcsA, rhaS, fucR
1007 	 rcsA, zraR, araC, idnR, fucR
1008 	 rhaS, fucR
1009 	 zraR, araC, idnR, fucR
1010 	 rcsA, rhaS, zraR, fucR
1011 	 rcsA, rhaS, zraR, fucR
1012 	 rcsA, idnR, fucR
1013 	 rhaS, zraR, fucR
1014 	 rhaS, zraR, fucR
1015 	 rhaS, araC, fucR
1016 	 idnR, fucR
1017 	 rcsA, rhaS, araC, idnR, fucR
1018 	 rcsA, rhaS, idnR, fucR
1019 	 rhaS, araC, idnR, fucR
1020 	 rhaS, idnR, fucR
1021 	 rcsA, rhaS, zraR, araC, fucR
1022 	 rcsA, rhaS, araC, fucR
1023 	 rcsA, rhaS, zraR, idnR, fucR
1024 	 rcsA, zraR, idnR, fucR
1025 	 rhaS, zraR, araC, fucR
1026 	 rcsA, zraR, araC, fucR
1027 	 rhaS, zraR, idnR, fucR
1028 	 zraR, idnR, fucR
1029 	 rcsA, rhaS, zraR, araC, idnR, fucR
1030 	 zraR, araC, fucR
1031 	 rhaS, zraR, araC, idnR, fucR
1032 	 rcsA, araC, idnR, fucR
1033 	 rcsA, zraR, araC
1034 	 zraR, araC
1035 	 rhaS, zraR
1036 	 rcsA, zraR, araC, idnR
1037 	 rcsA, rhaS, zraR, araC
1038 	 zraR, araC, idnR
1039 	 rhaS, zraR, araC
1040 	 rcsA, rhaS, zraR, idnR
1041 	 rhaS, zraR, idnR
1042 	 rcsA, rhaS, zraR, araC, idnR
1043 	 rhaS, zraR, araC, idnR
1044 	 rcsA, zraR, fucR
1045 	 rcsA, zraR
1046 	 rcsA, rhaS, zraR, idnR, fucR
1047 	 rcsA, zraR, fucR
1048 	 rhaS, zraR, idnR, fucR
1049 	 zraR, fucR
1050 	 rhaS, araC, fucR
1051 	 araC, fucR
1052 	 rcsA, rhaS, zraR, araC, fucR
1053 	 rcsA, zraR, araC, fucR
1054 	 rhaS, zraR, araC, fucR
1055 	 zraR, araC, fucR
1056 	 araC, idnR, fucR
1057 	 rcsA, rhaS, fucR
1058 	 rcsA, zraR, araC, idnR, fucR
1059 	 rcsA, idnR, fucR
1060 	 rcsA, rhaS, araC, idnR, fucR
1061 	 idnR, fucR
1062 	 zraR, araC, idnR, fucR
1063 	 rcsA, araC, idnR, fucR
1064 	 rhaS, araC, idnR, fucR
1065 	 araC, idnR, fucR
1066 	 rcsA, rhaS, zraR, araC, idnR, fucR
1067 	 rcsA, zraR, idnR, fucR
1068 	 rhaS, zraR, araC, idnR, fucR
1069 	 rhaS, fucR
1070 	 rcsA, fucR
1071 	 rcsA, rhaS, araC, fucR
1072 	 fucR
1073 	 rhaS, araC, fucR
1074 	 rcsA, araC, fucR
1075 	 rcsA, rhaS, zraR, fucR
1076 	 rcsA, rhaS, fucR
1077 	 rhaS, zraR, fucR
1078 	 rhaS, fucR
1079 	 rcsA, rhaS, zraR, araC, fucR
1080 	 rcsA, idnR, fucR
1081 	 rhaS, zraR, araC, fucR
1082 	 idnR, fucR
1083 	 zraR, idnR, fucR
1084 	 rcsA, zraR, fucR
1085 	 rcsA, rhaS, idnR, fucR
1086 	 zraR, fucR
1087 	 rhaS, idnR, fucR
1088 	 araC, fucR
1089 	 rcsA, rhaS, zraR, idnR, fucR
1090 	 rcsA, zraR, idnR, fucR
1091 	 rcsA, rhaS, araC, idnR, fucR
1092 	 rcsA, araC, idnR, fucR
1093 	 rhaS, zraR, idnR, fucR
1094 	 zraR, idnR, fucR
1095 	 rhaS, araC, idnR, fucR
1096 	 rcsA, rhaS, idnR, fucR
1097 	 rcsA, zraR, araC, idnR, fucR
1098 	 rcsA, rhaS, araC, fucR
1099 	 zraR, araC, idnR, fucR
1100 	 rcsA, rhaS, zraR, fucR
1101 	 rcsA, rhaS, zraR, araC, idnR, fucR
1102 	 rhaS, zraR, fucR
1103 	 rhaS, zraR, araC, idnR, fucR
1104 	 rhaS, idnR, fucR
1105 	 rcsA, fucR
1106 	 rhaS, araC, fucR
1107 	 fucR
1108 	 araC, idnR, fucR
1109 	 rcsA, idnR, fucR
1110 	 rcsA, zraR, araC, fucR
1111 	 rcsA, zraR, fucR
1112 	 rcsA, rhaS, araC, idnR, fucR
1113 	 rcsA, rhaS, fucR
1114 	 zraR, araC, fucR
1115 	 idnR, fucR
1116 	 rcsA, rhaS, zraR, araC, fucR
1117 	 rhaS, fucR
1118 	 rcsA, zraR, araC, idnR, fucR
1119 	 rcsA, rhaS, idnR, fucR
1120 	 rhaS, zraR, araC, fucR
1121 	 rhaS, idnR, fucR
1122 	 rcsA, rhaS, zraR, idnR, fucR
1123 	 rcsA, araC, fucR
1124 	 zraR, araC, idnR, fucR
1125 	 zraR, fucR
1126 	 rhaS, zraR, idnR, fucR
1127 	 rcsA, zraR, idnR, fucR
1128 	 rhaS, araC, idnR, fucR
1129 	 araC, fucR
1130 	 rcsA, rhaS, zraR, araC, idnR, fucR
1131 	 zraR, idnR, fucR
1132 	 rhaS, zraR, araC, idnR, fucR
1133 	 rcsA, araC, idnR, fucR
1134 	 rcsA, zraR, araC, fucR
1135 	 rcsA, araC
1136 	 rcsA, zraR, idnR, fucR
1137 	 araC
1138 	 zraR, idnR, fucR
1139 	 rcsA, araC, idnR
1140 	 rcsA, rhaS, zraR, fucR
1141 	 zraR
1142 	 rcsA, araC, idnR, fucR
1143 	 rcsA, zraR, idnR
1144 	 araC, idnR, fucR
1145 	 zraR, idnR
1146 	 rcsA, rhaS, araC, fucR
1147 	 rcsA, zraR, araC
1148 	 rhaS, zraR, fucR
1149 	 zraR, araC
1150 	 rcsA, rhaS, zraR, idnR, fucR
1151 	 rcsA, rhaS, zraR
1152 	 rhaS, zraR, idnR, fucR
1153 	 rhaS, zraR
1154 	 zraR, araC, fucR
1155 	 araC, idnR
1156 	 rhaS, araC, fucR
1157 	 rcsA, zraR, araC, idnR
1158 	 rcsA, rhaS, zraR, araC, fucR
1159 	 zraR, araC, idnR
1160 	 rhaS, zraR, araC, fucR
1161 	 rcsA, rhaS, idnR
1162 	 rcsA, zraR, araC, idnR, fucR
1163 	 rcsA, rhaS, araC
1164 	 rcsA, rhaS, araC, idnR, fucR
1165 	 rhaS, araC
1166 	 rhaS, araC, idnR, fucR
1167 	 rhaS, idnR
1168 	 zraR, araC, idnR, fucR
1169 	 rcsA, rhaS, araC, idnR
1170 	 rcsA, rhaS, zraR, araC, idnR, fucR
1171 	 rcsA, rhaS, zraR, idnR
1172 	 rhaS, zraR, araC, idnR, fucR
1173 	 rhaS, zraR, idnR
1174 	 rcsA, rhaS, zraR, araC
1175 	 rcsA, rhaS, fucR
1176 	 rhaS, araC, idnR
1177 	 rhaS, fucR
1178 	 rhaS, zraR, araC
1179 	 rcsA, rhaS, araC, fucR
1180 	 rcsA, rhaS, zraR, araC, idnR
1181 	 rhaS, araC, fucR
1182 	 rhaS, zraR, araC, idnR
1183 	 zraR, fucR
1184 	 rcsA, araC
1185 	 rcsA, idnR, fucR
1186 	 araC
1187 	 idnR, fucR
1188 	 rcsA, rhaS, idnR
1189 	 rcsA, zraR, araC, fucR
1190 	 rcsA, araC, idnR
1191 	 rcsA, rhaS, zraR, fucR
1192 	 rhaS, idnR
1193 	 zraR, araC, fucR
1194 	 araC, idnR
1195 	 rhaS, zraR, fucR
1196 	 rcsA, zraR
1197 	 rcsA, zraR, idnR, fucR
1198 	 zraR
1199 	 rcsA, araC, idnR, fucR
1200 	 rcsA, rhaS, araC
1201 	 zraR, idnR, fucR
1202 	 rcsA, rhaS, zraR
1203 	 araC, idnR, fucR
1204 	 rhaS, araC
1205 	 rcsA, zraR, araC, idnR, fucR
1206 	 rhaS, zraR
1207 	 zraR, araC, idnR, fucR
1208 	 rcsA, zraR, idnR
1209 	 rcsA, rhaS, idnR, fucR
1210 	 rcsA, rhaS, araC, idnR
1211 	 rcsA, rhaS, zraR, araC, fucR
1212 	 rhaS, araC, idnR
1213 	 rhaS, zraR, araC, fucR
1214 	 rcsA, zraR, araC
1215 	 rhaS, idnR, fucR
1216 	 zraR, araC
1217 	 rcsA, rhaS, zraR, idnR, fucR
1218 	 rcsA, rhaS, zraR, araC
1219 	 rhaS, zraR, idnR, fucR
1220 	 rhaS, zraR, araC
1221 	 rcsA, rhaS, araC, idnR, fucR
1222 	 zraR, idnR
1223 	 rhaS, araC, idnR, fucR
1224 	 rcsA, rhaS, zraR, idnR
1225 	 rcsA, rhaS, zraR, araC, idnR, fucR
1226 	 rhaS, zraR, idnR
1227 	 rhaS, zraR, araC, idnR, fucR
1228 	 rcsA, zraR, araC, idnR
1229 	 rcsA, fucR
1230 	 zraR, araC, idnR
1231 	 fucR
1232 	 rcsA, rhaS, zraR, araC, idnR
1233 	 rcsA, zraR, fucR
1234 	 rhaS, zraR, araC, idnR
1235 	 zraR, fucR
1236 	 rcsA, rhaS, zraR, fucR
1237 	 rcsA, rhaS, fucR
1238 	 rhaS, zraR, fucR
1239 	 rhaS, fucR
1240 	 rcsA, rhaS, zraR, idnR, fucR
1241 	 rcsA, araC, fucR
1242 	 rhaS, zraR, idnR, fucR
1243 	 araC, fucR
1244 	 rcsA, zraR, araC, fucR
1245 	 rcsA, zraR, araC, fucR
1246 	 zraR, araC, fucR
1247 	 zraR, araC, fucR
1248 	 rcsA, rhaS, araC, fucR
1249 	 rcsA, idnR, fucR
1250 	 rhaS, araC, fucR
1251 	 idnR, fucR
1252 	 araC, idnR, fucR
1253 	 rcsA, rhaS, araC, fucR
1254 	 rcsA, rhaS, araC, idnR, fucR
1255 	 rhaS, araC, fucR
1256 	 rhaS, araC, idnR, fucR
1257 	 rcsA, rhaS, zraR, fucR
1258 	 rcsA, rhaS, zraR, araC, fucR
1259 	 rhaS, zraR, fucR
1260 	 rcsA, zraR, araC, idnR, fucR
1261 	 rcsA, araC, idnR, fucR
1262 	 rhaS, zraR, araC, fucR
1263 	 rcsA, rhaS, zraR, araC, fucR
1264 	 zraR, araC, idnR, fucR
1265 	 araC, idnR, fucR
1266 	 rcsA, rhaS, zraR, araC, idnR, fucR
1267 	 rhaS, zraR, araC, fucR
1268 	 rhaS, zraR, araC, idnR, fucR
1269 	 rcsA, zraR, idnR, fucR
1270 	 rcsA, rhaS, idnR, fucR
1271 	 rhaS, idnR, fucR
1272 	 zraR, idnR, fucR
1273 	 rcsA, rhaS, araC, idnR, fucR
1274 	 rcsA, zraR, araC, idnR, fucR
1275 	 rhaS, araC, idnR, fucR
1276 	 zraR, araC, idnR, fucR
1277 	 rcsA, rhaS, zraR, idnR, fucR
1278 	 rhaS, zraR, idnR, fucR
1279 	 rcsA, rhaS, zraR, araC, idnR, fucR
1280 	 rhaS, zraR, araC, idnR, fucR
1281 	 rcsA, fucR
1282 	 fucR
1283 	 rcsA, araC, fucR
1284 	 araC, fucR
1285 	 rcsA, idnR, fucR
1286 	 rcsA, zraR, fucR
1287 	 idnR, fucR
1288 	 zraR, fucR
1289 	 rcsA, araC, idnR, fucR
1290 	 rcsA, zraR, araC, fucR
1291 	 araC, idnR, fucR
1292 	 zraR, araC, fucR
1293 	 rcsA, rhaS, fucR
1294 	 rcsA, zraR, idnR, fucR
1295 	 rhaS, fucR
1296 	 zraR, idnR, fucR
1297 	 rcsA, rhaS, idnR, fucR
1298 	 rcsA, rhaS, zraR, fucR
1299 	 rcsA, zraR, araC, idnR, fucR
1300 	 rhaS, idnR, fucR
1301 	 rcsA, rhaS, araC, fucR
1302 	 rcsA, rhaS, zraR, idnR, fucR
1303 	 rhaS, araC, fucR
1304 	 rhaS, zraR, fucR
1305 	 rcsA, rhaS, araC, idnR, fucR
1306 	 rhaS, zraR, idnR, fucR
1307 	 rcsA, rhaS, zraR, araC, fucR
1308 	 rhaS, araC, idnR, fucR
1309 	 rhaS, zraR, araC, fucR
1310 	 zraR, araC, idnR, fucR
1311 	 rcsA, rhaS, zraR, araC, idnR, fucR
1312 	 rhaS, zraR, araC, idnR, fucR
1313 	 rcsA, fucR
1314 	 rcsA, idnR, fucR
1315 	 fucR
1316 	 rcsA, zraR, fucR
1317 	 idnR, fucR
1318 	 zraR, fucR
1319 	 rcsA, zraR, idnR, fucR
1320 	 rcsA, rhaS, fucR
1321 	 rcsA, araC, fucR
1322 	 rhaS, fucR
1323 	 rcsA, araC, idnR, fucR
1324 	 rcsA, rhaS, zraR, fucR
1325 	 araC, fucR
1326 	 rcsA, rhaS, idnR, fucR
1327 	 rcsA, zraR, araC, fucR
1328 	 rhaS, idnR, fucR
1329 	 rcsA, zraR, araC, idnR, fucR
1330 	 rhaS, zraR, fucR
1331 	 rcsA, rhaS, araC, fucR
1332 	 rcsA, rhaS, zraR, idnR, fucR
1333 	 araC, idnR, fucR
1334 	 rcsA, rhaS, zraR, araC, fucR
1335 	 rhaS, araC, fucR
1336 	 rcsA, rhaS, araC, idnR, fucR
1337 	 zraR, araC, fucR
1338 	 rhaS, araC, idnR, fucR
1339 	 zraR, idnR, fucR
1340 	 rhaS, zraR, idnR, fucR
1341 	 zraR, araC, idnR, fucR
1342 	 rhaS, zraR, araC, fucR
1343 	 rcsA, rhaS, zraR, araC, idnR, fucR
1344 	 rhaS, zraR, araC, idnR, fucR
