312 	 zraR, fucR, dcuR, narL, arcA, fnr
313 	 zraR, idnR, dcuR, narL, arcA, fnr
314 	 zraR, idnR, fucR, dcuR, narL, arcA, fnr
315 	 zraR, csgD, fnr
316 	 zraR, dcuR, rhaR, narL, arcA, fnr
317 	 zraR, fucR, csgD, fnr
318 	 zraR, idnR, csgD, fnr
319 	 zraR, idnR, fucR, csgD, fnr
322 	 zraR, fucR, dcuR, narL, arcA, fnr
323 	 zraR, idnR, dcuR, narL, arcA, fnr
324 	 zraR, idnR, fucR, dcuR, narL, arcA, fnr
325 	 zraR, csgD, fnr
326 	 zraR, fucR, csgD, fnr
327 	 zraR, idnR, csgD, fnr
328 	 zraR, idnR, fucR, csgD, fnr
331 	 zraR, fucR, dcuR, narL, arcA, fnr
332 	 zraR, idnR, dcuR, narL, arcA, fnr
333 	 zraR, idnR, fucR, dcuR, narL, arcA, fnr
334 	 zraR, csgD, fnr
335 	 zraR, fucR, csgD, fnr
336 	 zraR, idnR, csgD, fnr
337 	 zraR, idnR, fucR, csgD, fnr
340 	 zraR, fucR, dcuR, narL, arcA, fnr
341 	 zraR, idnR, dcuR, narL, arcA, fnr
342 	 zraR, idnR, fucR, dcuR, narL, arcA, fnr
343 	 zraR, csgD, fnr
344 	 zraR, fucR, csgD, fnr
345 	 zraR, idnR, csgD, fnr
346 	 zraR, idnR, fucR, csgD, fnr
374 	 zraR, fucR, dcuR, narL, arcA, fnr
375 	 zraR, idnR, dcuR, narL, arcA, fnr
376 	 zraR, idnR, fucR, dcuR, narL, arcA, fnr
377 	 zraR, csgD, fnr
380 	 zraR, fucR, csgD, fnr
383 	 zraR, idnR, csgD, fnr
386 	 zraR, idnR, fucR, csgD, fnr
445 	 zraR, fucR, dcuR, narL, arcA, fnr
447 	 zraR, idnR, dcuR, narL, arcA, fnr
449 	 zraR, idnR, fucR, dcuR, narL, arcA, fnr
450 	 zraR, fucR, dcuR, narL, arcA, fnr
452 	 zraR, idnR, dcuR, narL, arcA, fnr
454 	 zraR, idnR, fucR, dcuR, narL, arcA, fnr
514 	 zraR, fucR, dcuR, narL, arcA, fnr
516 	 zraR, idnR, dcuR, narL, arcA, fnr
518 	 zraR, idnR, fucR, dcuR, narL, arcA, fnr
568 	 zraR, csgD, fnr
570 	 zraR, fucR, csgD, fnr
572 	 zraR, idnR, csgD, fnr
574 	 zraR, idnR, fucR, csgD, fnr
576 	 zraR, csgD, fnr
578 	 zraR, fucR, csgD, fnr
580 	 zraR, idnR, csgD, fnr
582 	 zraR, idnR, fucR, csgD, fnr
584 	 zraR, csgD, fnr
586 	 zraR, fucR, csgD, fnr
588 	 zraR, idnR, csgD, fnr
590 	 zraR, idnR, fucR, csgD, fnr
675 	 zraR, dcuR, rhaR, narL, arcA, fnr
694 	 zraR, fucR, dcuR, narL, arcA, fnr
696 	 zraR, idnR, dcuR, narL, arcA, fnr
698 	 zraR, idnR, fucR, dcuR, narL, arcA, fnr
721 	 zraR, fucR, dcuR, narL, arcA, fnr
723 	 zraR, idnR, dcuR, narL, arcA, fnr
725 	 zraR, idnR, fucR, dcuR, narL, arcA, fnr
746 	 zraR, fucR, dcuR, narL, arcA, fnr
750 	 zraR, idnR, dcuR, narL, arcA, fnr
752 	 zraR, idnR, fucR, dcuR, narL, arcA, fnr
772 	 zraR, fucR, dcuR, narL, arcA, fnr
775 	 zraR, idnR, dcuR, narL, arcA, fnr
776 	 zraR, idnR, fucR, narL, arcA, fnr
822 	 zraR, dcuR, csgD, narL, arcA
824 	 zraR, dcuR, csgD, narL, arcA
826 	 zraR, dcuR, csgD, narL, arcA
828 	 zraR, fucR, dcuR, csgD, narL, arcA
830 	 zraR, dcuR, csgD, narL, arcA
832 	 zraR, fucR, dcuR, csgD, narL, arcA
834 	 zraR, idnR, dcuR, csgD, narL, arcA
836 	 zraR, idnR, fucR, dcuR, csgD, narL, arcA
838 	 zraR, idnR, dcuR, csgD, narL, arcA
840 	 zraR, fucR, dcuR, csgD, narL, arcA
842 	 zraR, fucR, dcuR, csgD, narL, arcA
844 	 zraR, idnR, dcuR, csgD, narL, arcA
846 	 zraR, idnR, fucR, dcuR, csgD, narL, arcA
848 	 zraR, idnR, fucR, dcuR, csgD, narL, arcA
850 	 zraR, idnR, dcuR, csgD, narL, arcA
852 	 zraR, idnR, fucR, dcuR, csgD, narL, arcA
920 	 zraR, idnR, narL, arcA, fnr
921 	 zraR, idnR, narL, arcA, fnr
922 	 zraR, fucR, narL, arcA, fnr
923 	 zraR, idnR, fucR, narL, arcA, fnr
924 	 zraR, fucR, narL, arcA, fnr
925 	 zraR, idnR, narL, arcA, fnr
926 	 zraR, fucR, narL, arcA, fnr
927 	 zraR, idnR, fucR, narL, arcA, fnr
929 	 zraR, fucR, narL, arcA, fnr
930 	 zraR, idnR, narL, arcA, fnr
931 	 zraR, idnR, fucR, narL, arcA, fnr
932 	 zraR, idnR, fucR, narL, arcA, fnr
933 	 zraR, dcuR, csgD, narL, arcA
935 	 zraR, dcuR, csgD, narL, arcA
937 	 zraR, dcuR, csgD, narL, arcA
939 	 zraR, fucR, dcuR, csgD, narL, arcA
941 	 zraR, idnR, dcuR, csgD, narL, arcA
943 	 zraR, idnR, fucR, dcuR, csgD, narL, arcA
945 	 zraR, idnR, dcuR, csgD, narL, arcA
947 	 zraR, fucR, dcuR, csgD, narL, arcA
949 	 zraR, fucR, dcuR, csgD, narL, arcA
951 	 zraR, idnR, fucR, dcuR, csgD, narL, arcA
953 	 zraR, idnR, dcuR, csgD, narL, arcA
955 	 zraR, idnR, fucR, dcuR, csgD, narL, arcA
957 	 zraR, dcuR, csgD, narL, arcA
959 	 zraR, fucR, dcuR, csgD, narL, arcA
961 	 zraR, idnR, dcuR, csgD, narL, arcA
963 	 zraR, idnR, fucR, dcuR, csgD, narL, arcA
1175 	 zraR, fucR, narL, arcA, fnr
1183 	 zraR, idnR, dcuR, narL, arcA, fnr
1185 	 zraR, idnR, fucR, dcuR, narL, arcA, fnr
1191 	 zraR, idnR, dcuR, narL, arcA, fnr
1193 	 zraR, idnR, dcuR, narL, arcA, fnr
1194 	 zraR, idnR, dcuR, narL, arcA, fnr
1195 	 zraR, fucR, dcuR, narL, arcA, fnr
1196 	 zraR, idnR, fucR, dcuR, narL, arcA, fnr
1197 	 zraR, fucR, dcuR, narL, arcA, fnr
1198 	 zraR, fucR, dcuR, narL, arcA, fnr
1200 	 zraR, idnR, fucR, dcuR, narL, arcA, fnr
1201 	 zraR, idnR, fucR, dcuR, narL, arcA, fnr
1285 	 zraR, idnR, dcuR, rhaR, narL, arcA, fnr
1287 	 zraR, dcuR, rhaR, csgD, fnr
1289 	 zraR, idnR, dcuR, rhaR, csgD, fnr
1291 	 zraR, dcuR, rhaR, narL, arcA, fnr
1293 	 zraR, dcuR, rhaR, rhaS, fnr
1295 	 zraR, idnR, dcuR, rhaR, rhaS, fnr
1297 	 zraR, dcuR, rhaR, rhaS, csgD, fnr
1299 	 zraR, idnR, dcuR, rhaR, narL, arcA, fnr
1301 	 zraR, idnR, dcuR, rhaR, rhaS, csgD, fnr
1303 	 zraR, dcuR, rhaR, rhaS, fnr
1305 	 zraR, dcuR, rhaR, csgD, fnr
1307 	 zraR, dcuR, rhaR, narL, arcA, fnr
1309 	 zraR, idnR, dcuR, rhaR, narL, arcA, fnr
1311 	 zraR, dcuR, rhaR, csgD, fnr
1313 	 zraR, idnR, dcuR, rhaR, csgD, fnr
1315 	 zraR, dcuR, rhaR, rhaS, fnr
1317 	 zraR, idnR, dcuR, rhaR, rhaS, fnr
1319 	 zraR, dcuR, rhaR, rhaS, csgD, fnr
1320 	 zraR, dcuR, rhaR, rhaS, csgD, fnr
1321 	 zraR, idnR, dcuR, rhaR, rhaS, csgD, fnr
1322 	 zraR, idnR, dcuR, rhaR, rhaS, fnr
1323 	 zraR, dcuR, rhaR, narL, arcA, fnr
1324 	 zraR, idnR, dcuR, rhaR, csgD, fnr
1325 	 zraR, idnR, dcuR, rhaR, rhaS, csgD, fnr
1326 	 zraR, dcuR, rhaR, narL, arcA, fnr
1327 	 zraR, dcuR, rhaR, rhaS, fnr
1328 	 zraR, idnR, dcuR, rhaR, narL, arcA, fnr
1329 	 zraR, dcuR, rhaR, csgD, fnr
1330 	 zraR, idnR, dcuR, rhaR, rhaS, fnr
1331 	 zraR, idnR, dcuR, rhaR, csgD, fnr
1332 	 zraR, dcuR, rhaR, rhaS, csgD, fnr
1333 	 zraR, idnR, dcuR, rhaR, rhaS, csgD, fnr
1334 	 zraR, dcuR, rhaR, rhaS, fnr
1335 	 zraR, idnR, dcuR, rhaR, narL, arcA, fnr
1336 	 zraR, idnR, dcuR, rhaR, rhaS, fnr
1337 	 zraR, dcuR, rhaR, narL, arcA, fnr
1338 	 zraR, idnR, dcuR, rhaR, narL, arcA, fnr
1339 	 zraR, dcuR, rhaR, rhaS, fnr
1340 	 zraR, idnR, dcuR, rhaR, rhaS, fnr
1341 	 zraR, fucR, dcuR, rhaR, narL, arcA, fnr
1342 	 zraR, fucR, dcuR, rhaR, csgD, fnr
1343 	 zraR, idnR, fucR, dcuR, rhaR, narL, arcA, fnr
1344 	 zraR, fucR, dcuR, rhaR, rhaS, fnr
1345 	 zraR, idnR, fucR, dcuR, rhaR, csgD, fnr
1346 	 zraR, idnR, fucR, dcuR, rhaR, rhaS, fnr
1347 	 zraR, fucR, dcuR, rhaR, rhaS, csgD, fnr
1348 	 zraR, idnR, fucR, dcuR, rhaR, rhaS, csgD, fnr
1349 	 zraR, fucR, dcuR, rhaR, narL, arcA, fnr
1350 	 zraR, fucR, dcuR, rhaR, rhaS, fnr
1351 	 zraR, fucR, dcuR, rhaR, csgD, fnr
1352 	 zraR, fucR, dcuR, rhaR, narL, arcA, fnr
1353 	 zraR, idnR, fucR, dcuR, rhaR, narL, arcA, fnr
1354 	 zraR, idnR, fucR, dcuR, rhaR, rhaS, fnr
1355 	 zraR, idnR, fucR, dcuR, rhaR, csgD, fnr
1356 	 zraR, fucR, dcuR, rhaR, rhaS, csgD, fnr
1357 	 zraR, idnR, fucR, dcuR, rhaR, rhaS, csgD, fnr
1358 	 zraR, idnR, fucR, dcuR, rhaR, narL, arcA, fnr
1359 	 zraR, fucR, dcuR, rhaR, rhaS, fnr
1360 	 zraR, idnR, fucR, dcuR, rhaR, rhaS, fnr
1361 	 zraR, fucR, dcuR, rhaR, csgD, fnr
1362 	 zraR, idnR, fucR, dcuR, rhaR, csgD, fnr
1363 	 zraR, fucR, dcuR, rhaR, rhaS, csgD, fnr
1364 	 zraR, idnR, fucR, dcuR, rhaR, rhaS, csgD, fnr
1365 	 zraR, fucR, dcuR, rhaR, narL, arcA, fnr
1366 	 zraR, dcuR, rhaR, narL, arcA, fnr
1367 	 zraR, fucR, dcuR, rhaR, rhaS, fnr
1368 	 zraR, idnR, fucR, dcuR, rhaR, narL, arcA, fnr
1369 	 zraR, idnR, fucR, dcuR, rhaR, rhaS, fnr
1370 	 zraR, fucR, dcuR, rhaR, csgD, fnr
1371 	 zraR, fucR, dcuR, rhaR, rhaS, csgD, fnr
1372 	 zraR, idnR, fucR, dcuR, rhaR, csgD, fnr
1373 	 zraR, idnR, fucR, dcuR, rhaR, rhaS, csgD, fnr
1374 	 zraR, fucR, dcuR, rhaR, narL, arcA, fnr
1375 	 zraR, fucR, dcuR, rhaR, rhaS, fnr
1376 	 zraR, idnR, fucR, dcuR, rhaR, narL, arcA, fnr
1377 	 zraR, idnR, fucR, dcuR, rhaR, rhaS, fnr
1378 	 zraR, fucR, dcuR, rhaR, narL, arcA, fnr
1379 	 zraR, fucR, dcuR, rhaR, rhaS, fnr
1380 	 zraR, idnR, fucR, dcuR, rhaR, narL, arcA, fnr
1381 	 zraR, idnR, fucR, dcuR, rhaR, rhaS, fnr
1382 	 zraR, idnR, dcuR, rhaR, narL, arcA, fnr
1383 	 zraR, dcuR, rhaR, rhaS, fnr
1384 	 zraR, idnR, dcuR, rhaR, rhaS, fnr
1385 	 zraR, fucR, dcuR, rhaR, narL, arcA, fnr
1386 	 zraR, fucR, dcuR, rhaR, rhaS, fnr
1387 	 zraR, idnR, fucR, dcuR, rhaR, narL, arcA, fnr
1388 	 zraR, idnR, fucR, dcuR, rhaR, rhaS, fnr
1389 	 zraR, dcuR, rhaR, csgD, fnr
1390 	 zraR, dcuR, rhaR, rhaS, csgD, fnr
1391 	 zraR, idnR, dcuR, rhaR, csgD, fnr
1392 	 zraR, idnR, dcuR, rhaR, rhaS, csgD, fnr
1393 	 zraR, fucR, dcuR, rhaR, csgD, fnr
1394 	 zraR, idnR, fucR, dcuR, rhaR, csgD, fnr
1395 	 zraR, fucR, dcuR, rhaR, rhaS, csgD, fnr
1396 	 zraR, idnR, fucR, dcuR, rhaR, rhaS, csgD, fnr
1397 	 zraR, dcuR, rhaR, narL, arcA, fnr
1398 	 zraR, idnR, dcuR, rhaR, narL, arcA, fnr
1399 	 zraR, dcuR, rhaR, rhaS, fnr
1400 	 zraR, idnR, dcuR, rhaR, rhaS, fnr
1401 	 zraR, fucR, dcuR, rhaR, narL, arcA, fnr
1402 	 zraR, fucR, dcuR, rhaR, rhaS, fnr
1403 	 zraR, idnR, fucR, dcuR, rhaR, narL, arcA, fnr
1404 	 zraR, idnR, fucR, dcuR, rhaR, rhaS, fnr
1405 	 zraR, dcuR, rhaR, csgD, fnr
1406 	 zraR, dcuR, rhaR, rhaS, csgD, fnr
1407 	 zraR, idnR, dcuR, rhaR, csgD, fnr
1408 	 zraR, idnR, dcuR, rhaR, rhaS, csgD, fnr
1409 	 zraR, fucR, dcuR, rhaR, csgD, fnr
1410 	 zraR, idnR, fucR, dcuR, rhaR, csgD, fnr
1411 	 zraR, fucR, dcuR, rhaR, rhaS, csgD, fnr
1412 	 zraR, idnR, fucR, dcuR, rhaR, rhaS, csgD, fnr
1413 	 zraR, dcuR, rhaR, narL, arcA, fnr
1414 	 zraR, idnR, dcuR, rhaR, narL, arcA, fnr
1415 	 zraR, dcuR, rhaR, rhaS, fnr
1416 	 zraR, idnR, dcuR, rhaR, rhaS, fnr
1417 	 zraR, fucR, dcuR, rhaR, narL, arcA, fnr
1418 	 zraR, idnR, fucR, dcuR, rhaR, narL, arcA, fnr
1419 	 zraR, fucR, dcuR, rhaR, rhaS, fnr
1420 	 zraR, idnR, fucR, dcuR, rhaR, rhaS, fnr
1421 	 zraR, dcuR, rhaR, csgD, fnr
1422 	 zraR, idnR, dcuR, rhaR, csgD, fnr
1423 	 zraR, dcuR, rhaR, rhaS, csgD, fnr
1424 	 zraR, idnR, dcuR, rhaR, rhaS, csgD, fnr
1425 	 zraR, dcuR, rhaR, rhaS, fnr
1426 	 zraR, fucR, dcuR, rhaR, csgD, fnr
1427 	 zraR, idnR, fucR, dcuR, rhaR, csgD, fnr
1428 	 zraR, fucR, dcuR, rhaR, rhaS, csgD, fnr
1429 	 zraR, idnR, fucR, dcuR, rhaR, rhaS, csgD, fnr
1430 	 zraR, dcuR, rhaR, narL, arcA, fnr
1431 	 zraR, dcuR, rhaR, narL, arcA, fnr
1432 	 zraR, idnR, dcuR, rhaR, narL, arcA, fnr
1433 	 zraR, dcuR, rhaR, rhaS, fnr
1434 	 zraR, idnR, dcuR, rhaR, rhaS, fnr
1435 	 zraR, fucR, dcuR, rhaR, narL, arcA, fnr
1436 	 zraR, idnR, fucR, dcuR, rhaR, narL, arcA, fnr
1437 	 zraR, fucR, dcuR, rhaR, rhaS, fnr
1438 	 zraR, idnR, fucR, dcuR, rhaR, rhaS, fnr
1439 	 zraR, dcuR, rhaR, csgD, fnr
1440 	 zraR, idnR, dcuR, rhaR, csgD, fnr
1441 	 zraR, dcuR, rhaR, rhaS, csgD, fnr
1442 	 zraR, idnR, dcuR, rhaR, rhaS, csgD, fnr
1443 	 zraR, fucR, dcuR, rhaR, csgD, fnr
1444 	 zraR, idnR, fucR, dcuR, rhaR, csgD, fnr
1445 	 zraR, fucR, dcuR, rhaR, rhaS, csgD, fnr
1446 	 zraR, idnR, fucR, dcuR, rhaR, rhaS, csgD, fnr
1447 	 zraR, dcuR, rhaR, narL, arcA, fnr
1448 	 zraR, dcuR, rhaR, rhaS, fnr
1449 	 zraR, idnR, dcuR, rhaR, narL, arcA, fnr
1450 	 zraR, idnR, dcuR, rhaR, rhaS, fnr
1451 	 zraR, fucR, dcuR, rhaR, narL, arcA, fnr
1452 	 zraR, fucR, dcuR, rhaR, rhaS, fnr
1453 	 zraR, idnR, fucR, dcuR, rhaR, narL, arcA, fnr
1454 	 zraR, idnR, fucR, dcuR, rhaR, rhaS, fnr
1455 	 zraR, dcuR, rhaR, narL, arcA, fnr
1456 	 zraR, dcuR, rhaR, rhaS, fnr
1457 	 zraR, idnR, dcuR, rhaR, narL, arcA, fnr
1458 	 zraR, idnR, dcuR, rhaR, rhaS, fnr
1459 	 zraR, fucR, dcuR, rhaR, narL, arcA, fnr
1460 	 zraR, fucR, dcuR, rhaR, rhaS, fnr
1461 	 zraR, idnR, fucR, dcuR, rhaR, narL, arcA, fnr
1462 	 zraR, idnR, fucR, dcuR, rhaR, rhaS, fnr
1463 	 zraR, dcuR, rhaR, rhaS, fnr
1464 	 zraR, idnR, dcuR, rhaR, narL, arcA, fnr
1465 	 zraR, idnR, dcuR, rhaR, rhaS, fnr
1466 	 zraR, idnR, dcuR, rhaR, narL, arcA, fnr
1467 	 zraR, idnR, dcuR, rhaR, rhaS, fnr
1468 	 zraR, fucR, dcuR, rhaR, narL, arcA, fnr
1469 	 zraR, fucR, dcuR, rhaR, rhaS, fnr
1470 	 zraR, fucR, dcuR, rhaR, narL, arcA, fnr
1471 	 zraR, idnR, fucR, dcuR, rhaR, narL, arcA, fnr
1472 	 zraR, fucR, dcuR, rhaR, rhaS, fnr
1473 	 zraR, idnR, fucR, dcuR, rhaR, narL, arcA, fnr
1474 	 zraR, idnR, fucR, dcuR, rhaR, rhaS, fnr
1475 	 zraR, idnR, fucR, dcuR, rhaR, rhaS, fnr
1476 	 zraR, dcuR, rhaR, csgD, fnr
1477 	 zraR, dcuR, rhaR, csgD, fnr
1478 	 zraR, dcuR, rhaR, rhaS, csgD, fnr
1479 	 zraR, idnR, dcuR, rhaR, csgD, fnr
1480 	 zraR, dcuR, rhaR, rhaS, csgD, fnr
1481 	 zraR, idnR, dcuR, rhaR, rhaS, csgD, fnr
1482 	 zraR, idnR, dcuR, rhaR, csgD, fnr
1483 	 zraR, idnR, dcuR, rhaR, rhaS, csgD, fnr
1484 	 zraR, fucR, dcuR, rhaR, csgD, fnr
1485 	 zraR, idnR, fucR, dcuR, rhaR, csgD, fnr
1486 	 zraR, fucR, dcuR, rhaR, csgD, fnr
1487 	 zraR, idnR, fucR, dcuR, rhaR, csgD, fnr
1488 	 zraR, fucR, dcuR, rhaR, rhaS, csgD, fnr
1489 	 zraR, idnR, fucR, dcuR, rhaR, rhaS, csgD, fnr
1490 	 zraR, fucR, dcuR, rhaR, rhaS, csgD, fnr
1491 	 zraR, idnR, fucR, dcuR, rhaR, rhaS, csgD, fnr
1492 	 zraR, dcuR, rhaR, narL, arcA, fnr
1493 	 zraR, dcuR, rhaR, narL, arcA, fnr
1494 	 zraR, dcuR, rhaR, rhaS, fnr
1495 	 zraR, dcuR, rhaR, rhaS, fnr
1496 	 zraR, idnR, dcuR, rhaR, narL, arcA, fnr
1497 	 zraR, idnR, dcuR, rhaR, narL, arcA, fnr
1498 	 zraR, idnR, dcuR, rhaR, rhaS, fnr
1499 	 zraR, idnR, dcuR, rhaR, rhaS, fnr
1500 	 zraR, fucR, dcuR, rhaR, narL, arcA, fnr
1501 	 zraR, fucR, dcuR, rhaR, narL, arcA, fnr
1502 	 zraR, fucR, dcuR, rhaR, rhaS, fnr
1503 	 zraR, fucR, dcuR, rhaR, rhaS, fnr
1504 	 zraR, idnR, fucR, dcuR, rhaR, narL, arcA, fnr
1505 	 zraR, idnR, fucR, dcuR, rhaR, narL, arcA, fnr
1506 	 zraR, idnR, fucR, dcuR, rhaR, rhaS, fnr
1507 	 zraR, idnR, fucR, dcuR, rhaR, rhaS, fnr
1508 	 zraR, dcuR, rhaR, csgD, fnr
1509 	 zraR, idnR, dcuR, rhaR, csgD, fnr
1510 	 zraR, dcuR, rhaR, rhaS, csgD, fnr
1511 	 zraR, dcuR, rhaR, csgD, fnr
1512 	 zraR, idnR, dcuR, rhaR, rhaS, csgD, fnr
1513 	 zraR, dcuR, rhaR, rhaS, csgD, fnr
1514 	 zraR, idnR, dcuR, rhaR, csgD, fnr
1515 	 zraR, idnR, dcuR, rhaR, rhaS, csgD, fnr
1516 	 zraR, fucR, dcuR, rhaR, csgD, fnr
1517 	 zraR, fucR, dcuR, rhaR, csgD, fnr
1518 	 zraR, idnR, fucR, dcuR, rhaR, csgD, fnr
1519 	 zraR, idnR, fucR, dcuR, rhaR, csgD, fnr
1520 	 zraR, fucR, dcuR, rhaR, rhaS, csgD, fnr
1521 	 zraR, fucR, dcuR, rhaR, rhaS, csgD, fnr
1522 	 zraR, idnR, fucR, dcuR, rhaR, rhaS, csgD, fnr
1523 	 zraR, idnR, fucR, dcuR, rhaR, rhaS, csgD, fnr
1524 	 zraR, dcuR, rhaR, narL, arcA, fnr
1525 	 zraR, idnR, dcuR, rhaR, narL, arcA, fnr
1526 	 zraR, dcuR, rhaR, rhaS, fnr
1527 	 zraR, idnR, dcuR, rhaR, rhaS, fnr
1528 	 zraR, dcuR, rhaR, narL, arcA, fnr
1529 	 zraR, idnR, dcuR, rhaR, narL, arcA, fnr
1530 	 zraR, dcuR, rhaR, rhaS, fnr
1531 	 zraR, idnR, dcuR, rhaR, rhaS, fnr
1532 	 zraR, fucR, dcuR, rhaR, narL, arcA, fnr
1533 	 zraR, idnR, fucR, dcuR, rhaR, narL, arcA, fnr
1534 	 zraR, fucR, dcuR, rhaR, rhaS, fnr
1535 	 zraR, fucR, dcuR, rhaR, narL, arcA, fnr
1536 	 zraR, idnR, fucR, dcuR, rhaR, rhaS, fnr
1537 	 zraR, fucR, dcuR, rhaR, rhaS, fnr
1538 	 zraR, idnR, fucR, dcuR, rhaR, narL, arcA, fnr
1539 	 zraR, idnR, fucR, dcuR, rhaR, rhaS, fnr
1540 	 zraR, dcuR, rhaR, csgD, fnr
1541 	 zraR, dcuR, rhaR, rhaS, csgD, fnr
1542 	 zraR, idnR, dcuR, rhaR, csgD, fnr
1543 	 zraR, dcuR, rhaR, csgD, fnr
1544 	 zraR, idnR, dcuR, rhaR, rhaS, csgD, fnr
1545 	 zraR, idnR, dcuR, rhaR, csgD, fnr
1546 	 zraR, dcuR, rhaR, rhaS, csgD, fnr
1547 	 zraR, idnR, dcuR, rhaR, rhaS, csgD, fnr
1548 	 zraR, fucR, dcuR, rhaR, csgD, fnr
1549 	 zraR, fucR, dcuR, rhaR, csgD, fnr
1550 	 zraR, fucR, dcuR, rhaR, rhaS, csgD, fnr
1551 	 zraR, fucR, dcuR, rhaR, rhaS, csgD, fnr
1552 	 zraR, idnR, fucR, dcuR, rhaR, csgD, fnr
1553 	 zraR, idnR, fucR, dcuR, rhaR, csgD, fnr
1554 	 zraR, idnR, fucR, dcuR, rhaR, rhaS, csgD, fnr
1555 	 zraR, idnR, fucR, dcuR, rhaR, rhaS, csgD, fnr
1556 	 zraR, dcuR, rhaR, narL, arcA, fnr
1557 	 zraR, dcuR, rhaR, rhaS, fnr
1558 	 zraR, idnR, dcuR, rhaR, narL, arcA, fnr
1559 	 zraR, idnR, dcuR, rhaR, rhaS, fnr
1560 	 zraR, dcuR, rhaR, narL, arcA, fnr
1561 	 zraR, dcuR, rhaR, rhaS, fnr
1562 	 zraR, idnR, dcuR, rhaR, narL, arcA, fnr
1563 	 zraR, idnR, dcuR, rhaR, rhaS, fnr
1564 	 zraR, fucR, dcuR, rhaR, narL, arcA, fnr
1565 	 zraR, fucR, dcuR, rhaR, rhaS, fnr
1566 	 zraR, idnR, fucR, dcuR, rhaR, narL, arcA, fnr
1567 	 zraR, idnR, fucR, dcuR, rhaR, rhaS, fnr
1568 	 zraR, fucR, dcuR, rhaR, narL, arcA, fnr
1569 	 zraR, fucR, dcuR, rhaR, rhaS, fnr
1570 	 zraR, idnR, fucR, dcuR, rhaR, narL, arcA, fnr
1571 	 zraR, idnR, fucR, dcuR, rhaR, rhaS, fnr
1572 	 zraR, dcuR, rhaR, csgD, fnr
1573 	 zraR, dcuR, rhaR, csgD, fnr
1574 	 zraR, idnR, dcuR, rhaR, csgD, fnr
1575 	 zraR, dcuR, rhaR, rhaS, csgD, fnr
1576 	 zraR, idnR, dcuR, rhaR, csgD, fnr
1577 	 zraR, idnR, dcuR, rhaR, rhaS, csgD, fnr
1578 	 zraR, dcuR, rhaR, rhaS, csgD, fnr
1579 	 zraR, idnR, dcuR, rhaR, rhaS, csgD, fnr
1580 	 zraR, fucR, dcuR, rhaR, csgD, fnr
1581 	 zraR, idnR, fucR, dcuR, rhaR, csgD, fnr
1582 	 zraR, fucR, dcuR, rhaR, csgD, fnr
1583 	 zraR, fucR, dcuR, rhaR, rhaS, csgD, fnr
1584 	 zraR, idnR, fucR, dcuR, rhaR, csgD, fnr
1585 	 zraR, fucR, dcuR, rhaR, rhaS, csgD, fnr
1586 	 zraR, idnR, fucR, dcuR, rhaR, rhaS, csgD, fnr
1587 	 zraR, idnR, fucR, dcuR, rhaR, rhaS, csgD, fnr
1839 	 zraR, idnR, narL, arcA, fnr
1841 	 zraR, idnR, narL, arcA, fnr
1845 	 zraR, idnR, dcuR, narL, arcA, fnr
1847 	 zraR, idnR, narL, arcA, fnr
2012 	 zraR, idnR, dcuR, narL, arcA, fnr
2016 	 zraR, idnR, dcuR, narL, arcA, fnr
2017 	 zraR, idnR, dcuR, narL, arcA, fnr
2019 	 zraR, idnR, dcuR, narL, arcA, fnr
2020 	 zraR, idnR, dcuR, narL, arcA, fnr
2021 	 zraR, idnR, dcuR, narL, arcA, fnr
2022 	 zraR, idnR, dcuR, narL, arcA, fnr
2024 	 zraR, idnR, dcuR, narL, arcA, fnr
2026 	 zraR, idnR, dcuR, narL, arcA, fnr
2029 	 zraR, idnR, dcuR, narL, arcA, fnr
2031 	 zraR, idnR, dcuR, narL, arcA, fnr
2032 	 zraR, idnR, dcuR, narL, arcA, fnr
2033 	 zraR, dcuR, rhaR, narL, arcA, fnr
2034 	 zraR, dcuR, csgD, fnr
2035 	 zraR, dcuR, rhaR, rhaS, fnr
2036 	 zraR, dcuR, csgD, fnr
2037 	 zraR, dcuR, rhaR, narL, arcA, fnr
2038 	 zraR, dcuR, csgD, fnr
2039 	 zraR, dcuR, rhaR, narL, arcA, fnr
2040 	 zraR, idnR, dcuR, csgD, fnr
2041 	 zraR, idnR, dcuR, rhaR, narL, arcA, fnr
2042 	 zraR, idnR, dcuR, csgD, fnr
2043 	 zraR, dcuR, rhaR, rhaS, fnr
2044 	 zraR, dcuR, csgD, fnr
2045 	 zraR, idnR, dcuR, rhaR, rhaS, fnr
2046 	 zraR, idnR, dcuR, csgD, fnr
2047 	 zraR, idnR, dcuR, rhaR, narL, arcA, fnr
2048 	 zraR, idnR, dcuR, csgD, fnr
2049 	 zraR, dcuR, rhaR, rhaS, fnr
2050 	 zraR, dcuR, csgD, fnr
2051 	 zraR, idnR, dcuR, rhaR, rhaS, fnr
2052 	 zraR, idnR, dcuR, csgD, fnr
2053 	 zraR, dcuR, rhaR, narL, arcA, fnr
2054 	 zraR, dcuR, csgD, fnr
2055 	 zraR, idnR, dcuR, rhaR, narL, arcA, fnr
2056 	 zraR, idnR, dcuR, csgD, fnr
2057 	 zraR, dcuR, rhaR, rhaS, fnr
2058 	 zraR, dcuR, csgD, fnr
2059 	 zraR, idnR, dcuR, rhaR, rhaS, fnr
2060 	 zraR, idnR, dcuR, csgD, fnr
2061 	 zraR, idnR, dcuR, rhaR, narL, arcA, fnr
2062 	 zraR, dcuR, csgD, fnr
2063 	 zraR, dcuR, rhaR, narL, arcA, fnr
2064 	 zraR, idnR, dcuR, csgD, fnr
2065 	 zraR, idnR, dcuR, rhaR, rhaS, fnr
2066 	 zraR, dcuR, rhaR, narL, arcA, fnr
2067 	 zraR, idnR, dcuR, rhaR, narL, arcA, fnr
2068 	 zraR, dcuR, rhaR, rhaS, fnr
2069 	 zraR, dcuR, rhaR, narL, arcA, fnr
2070 	 zraR, dcuR, rhaR, narL, arcA, fnr
2071 	 zraR, dcuR, rhaR, rhaS, fnr
2072 	 zraR, dcuR, rhaR, rhaS, fnr
2073 	 zraR, dcuR, rhaR, narL, arcA, fnr
2074 	 zraR, dcuR, rhaR, narL, arcA, fnr
2075 	 zraR, idnR, dcuR, rhaR, rhaS, fnr
2076 	 zraR, dcuR, rhaR, rhaS, fnr
2077 	 zraR, idnR, dcuR, rhaR, narL, arcA, fnr
2078 	 zraR, idnR, dcuR, rhaR, narL, arcA, fnr
2079 	 zraR, dcuR, rhaR, rhaS, fnr
2080 	 zraR, idnR, dcuR, rhaR, rhaS, fnr
2081 	 zraR, dcuR, rhaR, narL, arcA, fnr
2082 	 zraR, idnR, dcuR, rhaR, narL, arcA, fnr
2083 	 zraR, dcuR, rhaR, rhaS, fnr
2084 	 zraR, idnR, dcuR, rhaR, rhaS, fnr
2085 	 zraR, dcuR, rhaR, rhaS, fnr
2086 	 zraR, idnR, dcuR, rhaR, narL, arcA, fnr
2087 	 zraR, idnR, dcuR, rhaR, narL, arcA, fnr
2088 	 zraR, dcuR, rhaR, narL, arcA, fnr
2089 	 zraR, idnR, dcuR, rhaR, narL, arcA, fnr
2090 	 zraR, idnR, dcuR, rhaR, narL, arcA, fnr
2091 	 zraR, idnR, dcuR, rhaR, rhaS, fnr
2092 	 zraR, idnR, dcuR, rhaR, rhaS, fnr
2093 	 zraR, idnR, dcuR, rhaR, rhaS, fnr
2094 	 zraR, dcuR, rhaR, rhaS, fnr
2095 	 zraR, idnR, dcuR, rhaR, rhaS, fnr
2096 	 zraR, idnR, dcuR, rhaR, rhaS, fnr
2097 	 zraR, dcuR, rhaR, narL, arcA, fnr
2098 	 zraR, dcuR, rhaR, narL, arcA, fnr
2099 	 zraR, dcuR, rhaR, rhaS, fnr
2100 	 zraR, dcuR, rhaR, narL, arcA, fnr
2101 	 zraR, idnR, dcuR, rhaR, narL, arcA, fnr
2102 	 zraR, idnR, dcuR, rhaR, narL, arcA, fnr
2103 	 zraR, dcuR, rhaR, rhaS, fnr
2104 	 zraR, dcuR, rhaR, narL, arcA, fnr
2105 	 zraR, dcuR, rhaR, rhaS, fnr
2106 	 zraR, dcuR, rhaR, rhaS, fnr
2107 	 zraR, idnR, dcuR, rhaR, rhaS, fnr
2108 	 zraR, idnR, dcuR, rhaR, narL, arcA, fnr
2109 	 zraR, idnR, dcuR, rhaR, rhaS, fnr
2110 	 zraR, idnR, dcuR, rhaR, rhaS, fnr
2111 	 zraR, idnR, dcuR, rhaR, narL, arcA, fnr
2112 	 zraR, idnR, dcuR, rhaR, rhaS, fnr
2113 	 zraR, dcuR, rhaR, csgD, fnr
2114 	 zraR, dcuR, rhaR, csgD, fnr
2115 	 zraR, idnR, dcuR, rhaR, csgD, fnr
2116 	 zraR, dcuR, rhaR, rhaS, csgD, fnr
2117 	 zraR, dcuR, rhaR, rhaS, csgD, fnr
2118 	 zraR, dcuR, rhaR, csgD, fnr
2119 	 zraR, dcuR, rhaR, csgD, fnr
2120 	 zraR, dcuR, rhaR, rhaS, csgD, fnr
2121 	 zraR, dcuR, rhaR, rhaS, csgD, fnr
2122 	 zraR, idnR, dcuR, rhaR, rhaS, csgD, fnr
2123 	 zraR, idnR, dcuR, rhaR, csgD, fnr
2124 	 zraR, idnR, dcuR, rhaR, csgD, fnr
2125 	 zraR, idnR, dcuR, rhaR, rhaS, csgD, fnr
2126 	 zraR, idnR, dcuR, rhaR, csgD, fnr
2127 	 zraR, idnR, dcuR, rhaR, rhaS, csgD, fnr
2128 	 zraR, idnR, dcuR, rhaR, rhaS, csgD, fnr
2129 	 zraR, dcuR, rhaR, csgD, fnr
2130 	 zraR, dcuR, rhaR, rhaS, csgD, fnr
2131 	 zraR, dcuR, rhaR, csgD, fnr
2132 	 zraR, rhaR, csgD, fnr
2133 	 zraR, dcuR, rhaR, rhaS, csgD, fnr
2134 	 zraR, idnR, rhaR, csgD, fnr
2135 	 zraR, dcuR, rhaR, rhaS, csgD, narL, arcA
2136 	 zraR, idnR, dcuR, rhaR, rhaS, csgD, narL, arcA
2137 	 zraR, idnR, rhaR, csgD, fnr
2138 	 zraR, idnR, rhaR, csgD, fnr
2139 	 zraR, idnR, rhaR, rhaS, csgD, fnr
2140 	 zraR, rhaR, csgD, fnr
2141 	 zraR, idnR, rhaR, rhaS, csgD, fnr
2142 	 zraR, rhaR, rhaS, csgD, fnr
2143 	 zraR, fucR, dcuR, narL, arcA, fnr
2144 	 zraR, fucR, dcuR, rhaR, narL, arcA, fnr
2145 	 zraR, fucR, rhaR, rhaS, fnr
2146 	 zraR, fucR, dcuR, narL, arcA, fnr
2147 	 zraR, fucR, dcuR, narL, arcA, fnr
2148 	 zraR, fucR, dcuR, rhaR, narL, arcA, fnr
2149 	 zraR, fucR, csgD, fnr
2150 	 zraR, fucR, rhaR, rhaS, fnr
2151 	 zraR, fucR, dcuR, rhaR, narL, arcA, fnr
2152 	 zraR, fucR, dcuR, narL, arcA, fnr
2153 	 zraR, fucR, csgD, fnr
2154 	 zraR, fucR, rhaR, csgD, fnr
2155 	 zraR, fucR, rhaR, rhaS, csgD, fnr
2156 	 zraR, fucR, rhaR, csgD, fnr
2157 	 zraR, fucR, dcuR, rhaR, narL, arcA, fnr
2158 	 zraR, fucR, rhaR, rhaS, fnr
2159 	 zraR, fucR, rhaR, rhaS, csgD, fnr
2160 	 zraR, fucR, rhaR, rhaS, fnr
2161 	 zraR, fucR, dcuR, narL, arcA, fnr
2162 	 zraR, fucR, dcuR, narL, arcA, fnr
2163 	 zraR, fucR, dcuR, narL, arcA, fnr
2164 	 zraR, fucR, csgD, fnr
2165 	 zraR, fucR, csgD, fnr
2166 	 zraR, fucR, dcuR, narL, arcA, fnr
2167 	 zraR, fucR, dcuR, narL, arcA, fnr
2168 	 zraR, fucR, dcuR, rhaR, narL, arcA, fnr
2169 	 zraR, fucR, dcuR, rhaR, narL, arcA, fnr
2170 	 zraR, fucR, dcuR, narL, arcA, fnr
2171 	 zraR, fucR, dcuR, narL, arcA, fnr
2172 	 zraR, fucR, rhaR, csgD, fnr
2173 	 zraR, fucR, dcuR, narL, arcA, fnr
2174 	 zraR, fucR, csgD, fnr
2175 	 zraR, fucR, dcuR, rhaR, narL, arcA, fnr
2176 	 zraR, fucR, rhaR, rhaS, fnr
2177 	 zraR, fucR, rhaR, rhaS, csgD, fnr
2178 	 zraR, fucR, rhaR, rhaS, fnr
2179 	 zraR, fucR, dcuR, rhaR, narL, arcA, fnr
2180 	 zraR, fucR, rhaR, csgD, fnr
2181 	 zraR, fucR, dcuR, rhaR, narL, arcA, fnr
2182 	 zraR, fucR, rhaR, rhaS, fnr
2183 	 zraR, fucR, rhaR, rhaS, csgD, fnr
2184 	 zraR, fucR, rhaR, rhaS, fnr
2185 	 zraR, fucR, dcuR, narL, arcA, fnr
2186 	 zraR, idnR, fucR, dcuR, narL, arcA, fnr
2187 	 zraR, fucR, dcuR, narL, arcA, fnr
2188 	 zraR, idnR, fucR, csgD, fnr
2189 	 zraR, fucR, csgD, fnr
2190 	 zraR, idnR, fucR, dcuR, narL, arcA, fnr
2191 	 zraR, fucR, dcuR, rhaR, narL, arcA, fnr
2192 	 zraR, idnR, fucR, dcuR, narL, arcA, fnr
2193 	 zraR, fucR, rhaR, csgD, fnr
2194 	 zraR, idnR, fucR, csgD, fnr
2195 	 zraR, fucR, dcuR, rhaR, narL, arcA, fnr
2196 	 zraR, idnR, fucR, dcuR, narL, arcA, fnr
2197 	 zraR, fucR, dcuR, rhaR, narL, arcA, fnr
2198 	 zraR, idnR, fucR, dcuR, narL, arcA, fnr
2199 	 zraR, fucR, rhaR, csgD, fnr
2200 	 zraR, idnR, fucR, csgD, fnr
2201 	 zraR, fucR, rhaR, rhaS, fnr
2202 	 zraR, idnR, fucR, dcuR, narL, arcA, fnr
2203 	 zraR, fucR, rhaR, rhaS, fnr
2204 	 zraR, idnR, fucR, dcuR, narL, arcA, fnr
2205 	 zraR, fucR, rhaR, rhaS, csgD, fnr
2206 	 zraR, idnR, fucR, csgD, fnr
2207 	 zraR, fucR, rhaR, rhaS, fnr
2208 	 zraR, idnR, fucR, dcuR, narL, arcA, fnr
2209 	 zraR, fucR, rhaR, rhaS, csgD, fnr
2210 	 zraR, idnR, fucR, dcuR, rhaR, narL, arcA, fnr
2211 	 zraR, fucR, rhaR, rhaS, fnr
2212 	 zraR, idnR, fucR, rhaR, csgD, fnr
2213 	 zraR, fucR, csgD, fnr
2214 	 zraR, idnR, fucR, dcuR, rhaR, narL, arcA, fnr
2215 	 zraR, idnR, fucR, dcuR, rhaR, narL, arcA, fnr
2216 	 zraR, idnR, fucR, rhaR, csgD, fnr
2217 	 zraR, idnR, fucR, dcuR, rhaR, narL, arcA, fnr
2218 	 zraR, idnR, fucR, dcuR, rhaR, narL, arcA, fnr
2219 	 zraR, idnR, fucR, rhaR, csgD, fnr
2220 	 zraR, idnR, fucR, dcuR, rhaR, narL, arcA, fnr
2221 	 zraR, idnR, fucR, dcuR, rhaR, narL, arcA, fnr
2222 	 zraR, idnR, fucR, rhaR, csgD, fnr
2223 	 zraR, idnR, fucR, dcuR, rhaR, narL, arcA, fnr
2224 	 zraR, idnR, fucR, rhaR, rhaS, fnr
2225 	 zraR, idnR, fucR, rhaR, rhaS, csgD, fnr
2226 	 zraR, idnR, fucR, rhaR, rhaS, fnr
2227 	 zraR, idnR, fucR, rhaR, rhaS, fnr
2228 	 zraR, idnR, fucR, rhaR, rhaS, csgD, fnr
2229 	 zraR, idnR, fucR, rhaR, rhaS, fnr
2230 	 zraR, idnR, fucR, rhaR, rhaS, fnr
2231 	 zraR, idnR, fucR, rhaR, rhaS, csgD, fnr
2232 	 zraR, idnR, fucR, rhaR, rhaS, fnr
2233 	 zraR, idnR, fucR, rhaR, rhaS, fnr
2234 	 zraR, idnR, fucR, rhaR, rhaS, csgD, fnr
2235 	 zraR, idnR, fucR, rhaR, rhaS, fnr
2236 	 zraR, fucR, dcuR, narL, arcA, fnr
2237 	 zraR, fucR, csgD, fnr
2238 	 zraR, fucR, dcuR, narL, arcA, fnr
2239 	 zraR, idnR, fucR, dcuR, narL, arcA, fnr
2240 	 zraR, idnR, fucR, csgD, fnr
2241 	 zraR, idnR, fucR, dcuR, narL, arcA, fnr
2242 	 zraR, idnR, fucR, dcuR, narL, arcA, fnr
2243 	 zraR, idnR, fucR, csgD, fnr
2244 	 zraR, idnR, fucR, dcuR, narL, arcA, fnr
2245 	 zraR, idnR, fucR, dcuR, narL, arcA, fnr
2246 	 zraR, idnR, fucR, csgD, fnr
2247 	 zraR, idnR, fucR, dcuR, narL, arcA, fnr
2248 	 zraR, idnR, fucR, dcuR, narL, arcA, fnr
2249 	 zraR, idnR, fucR, csgD, fnr
2250 	 zraR, idnR, fucR, dcuR, narL, arcA, fnr
2251 	 zraR, fucR, dcuR, rhaR, narL, arcA, fnr
2252 	 zraR, fucR, rhaR, csgD, fnr
2253 	 zraR, fucR, dcuR, rhaR, narL, arcA, fnr
2254 	 zraR, fucR, dcuR, rhaR, narL, arcA, fnr
2255 	 zraR, fucR, dcuR, rhaR, narL, arcA, fnr
2256 	 zraR, fucR, rhaR, csgD, fnr
2257 	 zraR, idnR, fucR, dcuR, rhaR, narL, arcA, fnr
2258 	 zraR, idnR, fucR, dcuR, rhaR, narL, arcA, fnr
2259 	 zraR, idnR, fucR, rhaR, csgD, fnr
2260 	 zraR, idnR, fucR, dcuR, rhaR, narL, arcA, fnr
2261 	 zraR, idnR, fucR, dcuR, rhaR, narL, arcA, fnr
2262 	 zraR, idnR, fucR, rhaR, csgD, fnr
2263 	 zraR, idnR, fucR, dcuR, rhaR, narL, arcA, fnr
2264 	 zraR, idnR, fucR, dcuR, rhaR, narL, arcA, fnr
2265 	 zraR, idnR, fucR, rhaR, csgD, fnr
2266 	 zraR, idnR, rhaR, csgD, fnr
2267 	 zraR, idnR, fucR, dcuR, rhaR, narL, arcA, fnr
2268 	 zraR, idnR, fucR, rhaR, csgD, fnr
2269 	 zraR, idnR, fucR, dcuR, rhaR, narL, arcA, fnr
2270 	 zraR, fucR, rhaR, rhaS, fnr
2271 	 zraR, fucR, rhaR, rhaS, csgD, fnr
2272 	 zraR, fucR, rhaR, rhaS, fnr
2273 	 zraR, fucR, rhaR, rhaS, fnr
2274 	 zraR, fucR, rhaR, rhaS, fnr
2275 	 zraR, fucR, rhaR, rhaS, csgD, fnr
2276 	 zraR, idnR, fucR, rhaR, rhaS, fnr
2277 	 zraR, idnR, fucR, rhaR, rhaS, fnr
2278 	 zraR, idnR, fucR, rhaR, rhaS, csgD, fnr
2279 	 zraR, idnR, fucR, rhaR, rhaS, fnr
2280 	 zraR, idnR, fucR, rhaR, rhaS, csgD, fnr
2281 	 zraR, idnR, fucR, rhaR, rhaS, fnr
2282 	 zraR, idnR, fucR, rhaR, rhaS, fnr
2283 	 zraR, idnR, fucR, rhaR, rhaS, csgD, fnr
2284 	 zraR, idnR, fucR, rhaR, rhaS, fnr
2285 	 zraR, idnR, rhaR, rhaS, csgD, fnr
2286 	 zraR, idnR, fucR, rhaR, rhaS, fnr
2287 	 zraR, idnR, fucR, rhaR, rhaS, csgD, fnr
2288 	 zraR, idnR, fucR, rhaR, rhaS, fnr
