14 	 araC
15 	 araC
16 	 araC
17 	 araC, fucR
20 	 fucR
22 	 melR, araC
23 	 araC, fucR
24 	 melR, araC, fucR
25 	 fucR
26 	 melR, araC
27 	 araC
28 	 melR, araC
29 	 araC, fucR
30 	 melR, araC, fucR
31 	 zraR, araC
32 	 melR, araC
33 	 zraR, araC
34 	 melR
35 	 zraR, melR, araC
37 	 zraR, araC, fucR
38 	 araC, fucR
39 	 araC, idnR
40 	 araC, idnR
41 	 melR
42 	 zraR, araC
43 	 melR, fucR
44 	 zraR, araC, fucR
45 	 melR, araC, fucR
46 	 zraR, araC, idnR
47 	 zraR, melR, araC
48 	 araC, idnR
49 	 zraR, araC
50 	 idnR
51 	 melR
52 	 araC, idnR
53 	 melR
54 	 araC, idnR, fucR
55 	 zraR
56 	 melR, fucR
57 	 zraR, melR, araC
58 	 fucR
59 	 zraR, melR, araC
60 	 fucR
61 	 zraR, araC, idnR
62 	 idnR, fucR
63 	 zraR, fucR
64 	 araC, idnR, fucR
65 	 melR, araC, idnR
66 	 zraR, melR, araC, fucR
67 	 melR, araC, idnR
68 	 idnR
69 	 zraR, melR
70 	 melR, araC, fucR
71 	 zraR
72 	 melR, araC, idnR
73 	 zraR
74 	 melR, araC, idnR, fucR
75 	 zraR, araC, idnR, fucR
76 	 melR, fucR
77 	 zraR, idnR
78 	 zraR, araC, fucR
79 	 melR, idnR
80 	 zraR, fucR
81 	 zraR, melR, araC, idnR
82 	 zraR, araC, fucR
83 	 zraR, araC, idnR
84 	 zraR, fucR
85 	 melR, idnR, fucR
86 	 zraR, araC, idnR, fucR
87 	 zraR, melR
88 	 melR, idnR
89 	 idnR
90 	 araC, idnR, fucR
91 	 zraR, melR, araC, fucR
92 	 zraR, araC, idnR, fucR
93 	 zraR, melR, fucR
94 	 zraR, araC, idnR
95 	 melR, idnR
96 	 zraR, melR
97 	 idnR, fucR
98 	 araC, idnR, fucR
99 	 zraR
100 	 melR, araC, idnR, fucR
101 	 zraR, araC, idnR, fucR
102 	 zraR, melR, araC, fucR
103 	 idnR
104 	 zraR, melR, araC, idnR
105 	 melR, fucR
106 	 zraR, idnR
107 	 zraR, melR, fucR
108 	 melR, araC, idnR
109 	 zraR, idnR, fucR
110 	 zraR, melR
111 	 melR, araC, idnR, fucR
112 	 zraR, fucR
113 	 melR, araC, idnR, fucR
114 	 zraR, idnR
115 	 melR, idnR, fucR
116 	 zraR, melR, idnR
117 	 idnR, fucR
118 	 zraR, melR, araC, idnR
119 	 idnR, fucR
120 	 zraR, melR, araC, idnR
121 	 melR, idnR, fucR
122 	 zraR, melR, araC, idnR, fucR
123 	 melR, idnR
124 	 zraR, idnR, fucR
125 	 zraR, melR, idnR
126 	 zraR, idnR, fucR
127 	 melR, idnR, fucR
128 	 zraR, melR, araC, fucR
129 	 zraR, melR, idnR
130 	 zraR, melR, araC, idnR, fucR
131 	 zraR, melR, fucR
132 	 zraR, melR, araC, idnR, fucR
133 	 zraR, idnR
134 	 zraR, melR, idnR
135 	 zraR, melR, araC, idnR, fucR
136 	 zraR, idnR, fucR
137 	 zraR, melR, idnR, fucR
138 	 zraR, melR, idnR, fucR
139 	 zraR, melR, fucR
140 	 zraR, melR, idnR, fucR
141 	 zraR, melR, idnR, fucR
