25 	 zraR
26 	 idnR
27 	 melR
32 	 fucR
57 	 melR
58 	 fucR
59 	 zraR
62 	 melR
64 	 zraR, fucR
65 	 fucR
66 	 zraR, melR
67 	 fucR
68 	 idnR
69 	 idnR
70 	 idnR, fucR
71 	 fucR
72 	 zraR
73 	 zraR, fucR
74 	 melR, fucR
75 	 zraR, melR
76 	 zraR
77 	 zraR
78 	 melR, idnR
79 	 melR, fucR
81 	 zraR
84 	 zraR
85 	 melR
86 	 idnR, fucR
87 	 idnR
88 	 zraR, idnR
89 	 fucR
90 	 melR
91 	 zraR, melR
92 	 melR, idnR
93 	 melR, fucR
94 	 zraR, melR, fucR
95 	 zraR, idnR
96 	 idnR
97 	 idnR
98 	 fucR
99 	 melR
100 	 zraR, melR
101 	 melR, fucR
102 	 melR
103 	 zraR, melR, fucR
104 	 fucR
105 	 idnR
106 	 zraR, idnR
107 	 zraR, idnR
108 	 melR, idnR
109 	 melR
110 	 zraR, fucR
111 	 zraR, melR
112 	 zraR, melR, fucR
113 	 fucR
114 	 zraR, fucR
115 	 melR, fucR
116 	 melR, idnR, fucR
117 	 zraR
118 	 zraR, melR, fucR
119 	 zraR, melR
120 	 idnR
121 	 idnR, fucR
122 	 idnR
124 	 zraR
125 	 idnR
126 	 idnR, fucR
127 	 zraR, fucR
128 	 zraR, melR
129 	 zraR, melR, idnR
130 	 zraR, idnR, fucR
131 	 melR
132 	 melR, idnR
133 	 zraR, melR
134 	 zraR, idnR
135 	 zraR, fucR
136 	 zraR, idnR, fucR
137 	 zraR, melR
138 	 melR, idnR, fucR
139 	 zraR, fucR
140 	 melR, idnR
141 	 melR
142 	 zraR, melR, idnR
143 	 melR, fucR
144 	 zraR, idnR
145 	 melR, fucR
146 	 melR, idnR
147 	 zraR, idnR, fucR
148 	 zraR, fucR
149 	 idnR, fucR
150 	 melR, fucR
151 	 zraR, melR, idnR, fucR
152 	 fucR
153 	 zraR, melR, fucR
154 	 idnR, fucR
155 	 melR, fucR
156 	 zraR
157 	 zraR, fucR
158 	 zraR, melR, idnR, fucR
159 	 melR, fucR
160 	 zraR, melR, idnR
161 	 melR, idnR
162 	 zraR, fucR
163 	 melR, idnR, fucR
164 	 zraR, idnR
165 	 zraR, melR, fucR
166 	 melR, idnR
167 	 zraR, melR, fucR
168 	 zraR, melR, idnR
169 	 zraR, melR, fucR
170 	 zraR, idnR
171 	 melR, idnR
172 	 idnR, fucR
173 	 zraR, melR, fucR
174 	 zraR, idnR, fucR
175 	 zraR, melR
176 	 idnR, fucR
177 	 melR, idnR, fucR
178 	 idnR, fucR
179 	 melR, idnR, fucR
180 	 zraR, melR, idnR
181 	 melR, idnR
182 	 zraR, idnR, fucR
183 	 zraR, idnR, fucR
184 	 zraR, idnR
185 	 zraR, melR, idnR
186 	 melR, idnR, fucR
187 	 zraR, melR, idnR
188 	 zraR, melR, idnR
189 	 melR, idnR, fucR
190 	 melR, idnR, fucR
191 	 zraR, melR, idnR, fucR
192 	 melR, idnR, fucR
193 	 zraR, melR, idnR
194 	 zraR, idnR, fucR
195 	 zraR, idnR, fucR
196 	 zraR, melR, idnR, fucR
197 	 zraR, idnR, fucR
198 	 zraR, melR, idnR, fucR
199 	 zraR, melR, idnR, fucR
200 	 idnR, fucR
201 	 zraR, melR, idnR, fucR
202 	 zraR, melR, idnR, fucR
203 	 melR, idnR, fucR
204 	 zraR, melR, idnR, fucR
205 	 zraR, idnR
206 	 zraR, melR, idnR
207 	 zraR, idnR, fucR
208 	 zraR, melR, fucR
209 	 zraR, melR, idnR, fucR
210 	 rhaR, rhaS
211 	 rhaR, rhaS
212 	 rhaR, rhaS, melR
213 	 rhaR, rhaS, idnR
214 	 rhaR, rhaS, melR
215 	 rhaR, rhaS, idnR
216 	 rhaR, rhaS, fucR
217 	 rhaR, rhaS
218 	 rhaR, rhaS, fucR
219 	 rhaR, rhaS, idnR
220 	 rhaR, rhaS, melR, fucR
221 	 rhaR, rhaS
222 	 rhaR, rhaS, melR, fucR
223 	 rhaR, rhaS
224 	 rhaR, rhaS
225 	 rhaR, rhaS, idnR
226 	 rhaR, rhaS
227 	 rhaR, rhaS, idnR
228 	 rhaR, rhaS, fucR
229 	 rhaR, rhaS, zraR
230 	 rhaR, rhaS, fucR
231 	 rhaR, rhaS, zraR
232 	 rhaR, rhaS, melR
233 	 rhaR, rhaS, zraR
234 	 rhaR, rhaS, melR
235 	 rhaR, rhaS, zraR, idnR
236 	 rhaR, rhaS, melR, fucR
237 	 rhaR, rhaS, zraR, idnR
238 	 rhaR, rhaS, melR, fucR
239 	 rhaR, rhaS, zraR, idnR
240 	 rhaR, rhaS, zraR
241 	 rhaR, rhaS, zraR
242 	 rhaR, rhaS, zraR
243 	 rhaR, rhaS, zraR
244 	 rhaR, rhaS, zraR, melR
245 	 rhaR, rhaS, zraR, idnR
246 	 rhaR, rhaS, zraR, melR
247 	 rhaR, rhaS, zraR, idnR
248 	 rhaR, rhaS, zraR, melR
249 	 rhaR, rhaS, fucR
250 	 rhaR, rhaS, zraR, melR
251 	 rhaR, rhaS, zraR, fucR
252 	 rhaR, rhaS
253 	 rhaR, rhaS, zraR, fucR
254 	 rhaR, rhaS, melR
255 	 rhaR, rhaS, idnR, fucR
256 	 rhaR, rhaS, melR
257 	 rhaR, rhaS, zraR, melR, fucR
258 	 rhaR, rhaS
259 	 rhaR, rhaS, zraR, melR, fucR
260 	 rhaR, rhaS
261 	 rhaR, rhaS, zraR, fucR
262 	 rhaR, rhaS, idnR
263 	 rhaR, rhaS, zraR, fucR
264 	 rhaR, rhaS, idnR
265 	 rhaR, rhaS, zraR, melR, fucR
266 	 rhaR, rhaS, idnR
267 	 rhaR, rhaS, zraR, melR, fucR
268 	 rhaR, rhaS, idnR
269 	 rhaR, rhaS, melR, idnR
270 	 rhaR, rhaS, idnR
271 	 rhaR, rhaS, melR, idnR
272 	 rhaR, rhaS, idnR, fucR
273 	 rhaR, rhaS, melR
274 	 rhaR, rhaS, fucR
275 	 rhaR, rhaS, fucR
276 	 rhaR, rhaS, zraR
277 	 rhaR, rhaS, melR, fucR
278 	 rhaR, rhaS, zraR, fucR
279 	 rhaR, rhaS, idnR, fucR
280 	 rhaR, rhaS, zraR, idnR
281 	 rhaR, rhaS, zraR, fucR
282 	 rhaR, rhaS, zraR
283 	 rhaR, rhaS, melR, idnR, fucR
284 	 rhaR, rhaS, zraR
285 	 rhaR, rhaS, melR, idnR, fucR
286 	 rhaR, rhaS, zraR, idnR
287 	 rhaR, rhaS, zraR, melR, idnR
288 	 rhaR, rhaS, zraR, idnR
289 	 rhaR, rhaS, melR, idnR
290 	 rhaR, rhaS, zraR, idnR
291 	 rhaR, rhaS, melR, idnR
292 	 rhaR, rhaS, zraR, idnR
293 	 rhaR, rhaS, idnR, fucR
294 	 rhaR, rhaS, zraR, idnR, fucR
295 	 rhaR, rhaS, melR
296 	 rhaR, rhaS, zraR, idnR, fucR
297 	 rhaR, rhaS, fucR
298 	 rhaR, rhaS, idnR, fucR
299 	 rhaR, rhaS, melR, fucR
300 	 rhaR, rhaS, zraR, idnR, fucR
301 	 rhaR, rhaS, idnR, fucR
302 	 rhaR, rhaS, zraR, melR, idnR
303 	 rhaR, rhaS, zraR, melR, idnR
304 	 rhaR, rhaS, fucR
305 	 rhaR, rhaS, zraR, melR, idnR
306 	 rhaR, rhaS, idnR, fucR
307 	 rhaR, rhaS, zraR, melR
308 	 rhaR, rhaS, melR, fucR
309 	 rhaR, rhaS, zraR, melR
310 	 rhaR, rhaS, melR, idnR
311 	 rhaR, rhaS, zraR, melR
312 	 rhaR, rhaS, melR, idnR, fucR
313 	 rhaR, rhaS, zraR, fucR
314 	 rhaR, rhaS, melR, idnR, fucR
315 	 rhaR, rhaS, zraR, melR, idnR
316 	 rhaR, rhaS, melR, fucR
317 	 rhaR, rhaS, melR, idnR
318 	 rhaR, rhaS, melR, idnR, fucR
319 	 rhaR, rhaS, melR, idnR
320 	 rhaR, rhaS, zraR, melR, fucR
321 	 rhaR, rhaS, zraR, fucR
322 	 rhaR, rhaS, melR
323 	 rhaR, rhaS, melR, idnR
324 	 rhaR, rhaS, zraR, melR, fucR
325 	 rhaR, rhaS, idnR, fucR
326 	 rhaR, rhaS, zraR, melR, fucR
327 	 rhaR, rhaS, zraR, idnR, fucR
328 	 rhaR, rhaS, zraR, fucR
329 	 rhaR, rhaS, zraR, melR, idnR, fucR
330 	 rhaR, rhaS, zraR, idnR, fucR
331 	 rhaR, rhaS, melR, fucR
332 	 rhaR, rhaS, zraR, melR
333 	 rhaR, rhaS, melR, idnR, fucR
334 	 rhaR, rhaS, zraR, melR, idnR
335 	 rhaR, rhaS, idnR, fucR
336 	 rhaR, rhaS, zraR, melR
337 	 rhaR, rhaS, melR, idnR, fucR
338 	 rhaR, rhaS, melR
339 	 rhaR, rhaS, fucR
340 	 rhaR, rhaS, zraR, melR, idnR, fucR
341 	 rhaR, rhaS, zraR, idnR, fucR
342 	 rhaR, rhaS, melR, idnR, fucR
343 	 rhaR, rhaS, zraR, idnR, fucR
344 	 rhaR, rhaS, melR, fucR
345 	 rhaR, rhaS, zraR, fucR
346 	 rhaR, rhaS, idnR, fucR
347 	 rhaR, rhaS, zraR, idnR, fucR
348 	 rhaR, rhaS, melR, idnR
349 	 rhaR, rhaS, zraR, idnR, fucR
350 	 rhaR, rhaS, zraR, melR, idnR, fucR
351 	 rhaR, rhaS, melR, idnR, fucR
352 	 rhaR, rhaS, zraR, melR
353 	 rhaR, rhaS, zraR, melR, idnR, fucR
354 	 rhaR, rhaS, zraR, melR, fucR
355 	 rhaR, rhaS, zraR, melR, idnR, fucR
356 	 rhaR, rhaS, zraR, melR, idnR
357 	 rhaR, rhaS, melR, idnR
358 	 rhaR, rhaS, zraR, melR, idnR
359 	 rhaR, rhaS, zraR, melR, idnR, fucR
360 	 rhaR, rhaS, zraR, melR, idnR
361 	 rhaR, rhaS, zraR, melR, idnR, fucR
362 	 rhaR, rhaS, zraR, idnR, fucR
363 	 rhaR, rhaS, zraR, melR, fucR
364 	 rhaR, rhaS, zraR, melR, idnR
365 	 rhaR, rhaS, zraR, melR, idnR, fucR
366 	 rhaR, rhaS, melR, idnR, fucR
367 	 rhaR, rhaS, zraR, melR, idnR, fucR
368 	 rhaR, rhaS, zraR, melR, fucR
369 	 rhaR, rhaS, zraR, melR, idnR, fucR
371 	 zraR
373 	 zraR
374 	 melR
375 	 fucR
377 	 melR
378 	 fucR
379 	 zraR, melR
381 	 zraR, fucR
382 	 melR
383 	 zraR
385 	 zraR
386 	 idnR
387 	 zraR, fucR
388 	 melR
389 	 idnR
390 	 melR
391 	 zraR
392 	 melR, fucR
394 	 melR, fucR
396 	 melR, idnR
397 	 zraR
398 	 fucR
399 	 idnR
400 	 melR
401 	 fucR
402 	 melR, fucR
404 	 melR, idnR
405 	 zraR, fucR
406 	 fucR
407 	 zraR, idnR
408 	 fucR
409 	 zraR, melR
411 	 idnR, fucR
412 	 zraR, melR
413 	 idnR, fucR
414 	 melR
415 	 fucR
416 	 idnR
417 	 zraR, fucR
418 	 melR
419 	 idnR, fucR
420 	 zraR, idnR
421 	 idnR
422 	 melR, fucR
423 	 zraR
424 	 melR, idnR
425 	 fucR
426 	 zraR, idnR
427 	 melR
428 	 zraR, melR, idnR
429 	 zraR, melR
430 	 melR, fucR
431 	 idnR
432 	 zraR, melR
433 	 zraR, idnR
434 	 idnR
435 	 melR, idnR
436 	 idnR, fucR
437 	 zraR
438 	 zraR, melR, fucR
439 	 zraR
440 	 melR, fucR
441 	 melR, idnR
442 	 zraR, idnR
443 	 fucR
444 	 melR, idnR, fucR
445 	 fucR
446 	 zraR, melR, fucR
447 	 zraR, fucR
448 	 zraR, idnR, fucR
449 	 melR, idnR
450 	 zraR, idnR, fucR
451 	 idnR
452 	 idnR
453 	 zraR, idnR
454 	 idnR, fucR
455 	 melR, idnR
456 	 zraR
457 	 zraR, idnR, fucR
458 	 zraR, fucR
459 	 zraR, idnR
460 	 melR, idnR
461 	 idnR, fucR
462 	 zraR, idnR
463 	 zraR, melR
464 	 zraR, idnR, fucR
465 	 zraR, fucR
466 	 zraR, melR
467 	 zraR, melR, fucR
468 	 idnR, fucR
469 	 zraR, melR, fucR
470 	 zraR, fucR
471 	 zraR, idnR, fucR
472 	 melR
473 	 melR, idnR, fucR
474 	 zraR, fucR
475 	 idnR, fucR
476 	 zraR, melR
477 	 melR, idnR, fucR
478 	 melR, fucR
479 	 melR, fucR
480 	 zraR, melR
481 	 zraR, melR, idnR
482 	 zraR, idnR, fucR
483 	 melR, idnR, fucR
484 	 zraR, melR, fucR
485 	 zraR, melR, idnR
486 	 zraR, idnR, fucR
487 	 zraR, melR, idnR, fucR
488 	 melR, idnR
489 	 zraR, melR, idnR, fucR
490 	 melR, idnR, fucR
491 	 zraR, idnR
492 	 melR, idnR, fucR
493 	 idnR, fucR
494 	 melR, fucR
495 	 melR, idnR, fucR
496 	 zraR, idnR, fucR
497 	 melR, idnR, fucR
498 	 idnR
499 	 idnR, fucR
500 	 zraR, fucR
501 	 melR, idnR
502 	 zraR, idnR
503 	 melR, fucR
504 	 zraR, idnR, fucR
505 	 melR, idnR, fucR
506 	 zraR, idnR, fucR
507 	 melR, idnR, fucR
508 	 zraR, melR, idnR
509 	 zraR, melR, idnR
510 	 zraR, melR, idnR, fucR
511 	 zraR, melR, fucR
512 	 zraR, melR, idnR, fucR
513 	 zraR, melR, fucR
514 	 zraR, melR, fucR
515 	 zraR, melR, idnR
516 	 zraR, melR, idnR
517 	 zraR, melR, idnR, fucR
518 	 zraR, melR, idnR, fucR
519 	 zraR, melR, idnR
520 	 zraR, melR, idnR, fucR
521 	 zraR, melR, idnR, fucR
522 	 zraR, melR, idnR
523 	 zraR, melR
524 	 zraR, melR, fucR
525 	 zraR, melR, fucR
526 	 zraR, melR, idnR, fucR
527 	 zraR, melR, idnR
528 	 zraR, melR, idnR, fucR
529 	 rhaR, rhaS
530 	 rhaR, rhaS
531 	 rhaR, rhaS
532 	 rhaR, rhaS, fucR
533 	 rhaR, rhaS, fucR
534 	 rhaR, rhaS, idnR
535 	 rhaR, rhaS, idnR
536 	 rhaR, rhaS, idnR, fucR
537 	 rhaR, rhaS, idnR, fucR
538 	 rhaR, rhaS, idnR
539 	 rhaR, rhaS, fucR
540 	 rhaR, rhaS
541 	 rhaR, rhaS, fucR
542 	 rhaR, rhaS, idnR
543 	 rhaR, rhaS, idnR, fucR
544 	 rhaR, rhaS, idnR, fucR
545 	 rhaR, rhaS
546 	 rhaR, rhaS, melR
547 	 rhaR, rhaS, idnR
548 	 rhaR, rhaS, melR
549 	 rhaR, rhaS, fucR
550 	 rhaR, rhaS, melR, fucR
551 	 rhaR, rhaS, idnR, fucR
552 	 rhaR, rhaS, melR, fucR
553 	 rhaR, rhaS
554 	 rhaR, rhaS, melR, idnR
555 	 rhaR, rhaS, fucR
556 	 rhaR, rhaS, melR, idnR
557 	 rhaR, rhaS, idnR
558 	 rhaR, rhaS, melR, idnR, fucR
559 	 rhaR, rhaS, idnR, fucR
560 	 rhaR, rhaS, melR, idnR, fucR
561 	 rhaR, rhaS, zraR
562 	 rhaR, rhaS, melR
563 	 rhaR, rhaS, zraR
564 	 rhaR, rhaS, melR, idnR
565 	 rhaR, rhaS, zraR
566 	 rhaR, rhaS, melR, fucR
567 	 rhaR, rhaS, zraR, fucR
568 	 rhaR, rhaS, melR, idnR, fucR
569 	 rhaR, rhaS, zraR, fucR
570 	 rhaR, rhaS, melR
571 	 rhaR, rhaS, zraR, idnR
572 	 rhaR, rhaS, melR, fucR
573 	 rhaR, rhaS, zraR, idnR
574 	 rhaR, rhaS, melR, idnR
575 	 rhaR, rhaS, zraR, idnR, fucR
576 	 rhaR, rhaS, melR, idnR, fucR
577 	 rhaR, rhaS, zraR, idnR, fucR
578 	 rhaR, rhaS
579 	 rhaR, rhaS, zraR
580 	 rhaR, rhaS, fucR
581 	 rhaR, rhaS, zraR, idnR
582 	 rhaR, rhaS
583 	 rhaR, rhaS, zraR, fucR
584 	 rhaR, rhaS, idnR
585 	 rhaR, rhaS, zraR, idnR, fucR
586 	 rhaR, rhaS, fucR
587 	 rhaR, rhaS, zraR, fucR
588 	 rhaR, rhaS, idnR
589 	 rhaR, rhaS, zraR, idnR
590 	 rhaR, rhaS, idnR, fucR
591 	 rhaR, rhaS, zraR, idnR, fucR
592 	 rhaR, rhaS, idnR, fucR
593 	 rhaR, rhaS, zraR
594 	 rhaR, rhaS, melR
595 	 rhaR, rhaS, zraR
596 	 rhaR, rhaS, melR, fucR
597 	 rhaR, rhaS, zraR, idnR
598 	 rhaR, rhaS, melR, idnR
599 	 rhaR, rhaS, zraR, idnR
600 	 rhaR, rhaS, melR, idnR, fucR
601 	 rhaR, rhaS, zraR, fucR
602 	 rhaR, rhaS, melR
603 	 rhaR, rhaS, zraR, idnR, fucR
604 	 rhaR, rhaS, melR, fucR
605 	 rhaR, rhaS, zraR, fucR
606 	 rhaR, rhaS, melR, idnR
607 	 rhaR, rhaS, zraR, idnR, fucR
608 	 rhaR, rhaS, melR, idnR, fucR
609 	 rhaR, rhaS, zraR
610 	 rhaR, rhaS
611 	 rhaR, rhaS, zraR, melR
612 	 rhaR, rhaS, idnR
613 	 rhaR, rhaS, zraR, melR
614 	 rhaR, rhaS, fucR
615 	 rhaR, rhaS, zraR, melR, fucR
616 	 rhaR, rhaS, idnR, fucR
617 	 rhaR, rhaS, zraR, melR, fucR
618 	 rhaR, rhaS
619 	 rhaR, rhaS, zraR, melR, idnR
620 	 rhaR, rhaS, fucR
621 	 rhaR, rhaS, zraR, melR, idnR
622 	 rhaR, rhaS, idnR
623 	 rhaR, rhaS, zraR, melR, idnR, fucR
624 	 rhaR, rhaS, idnR, fucR
625 	 rhaR, rhaS, zraR, melR, idnR, fucR
626 	 rhaR, rhaS, melR
627 	 rhaR, rhaS, zraR, melR
628 	 rhaR, rhaS, melR
629 	 rhaR, rhaS, zraR, melR, idnR
630 	 rhaR, rhaS, melR, fucR
631 	 rhaR, rhaS, zraR, melR, fucR
632 	 rhaR, rhaS, melR, idnR
633 	 rhaR, rhaS, zraR, melR, idnR, fucR
634 	 rhaR, rhaS, melR, fucR
635 	 rhaR, rhaS, zraR, melR
636 	 rhaR, rhaS, melR, idnR
637 	 rhaR, rhaS, zraR, melR, idnR
638 	 rhaR, rhaS, melR, idnR, fucR
639 	 rhaR, rhaS, zraR, melR, fucR
640 	 rhaR, rhaS, melR, idnR, fucR
641 	 rhaR, rhaS, zraR, melR, idnR, fucR
642 	 rhaR, rhaS, melR
643 	 rhaR, rhaS, zraR, melR
644 	 rhaR, rhaS, zraR, idnR
645 	 rhaR, rhaS, zraR
646 	 rhaR, rhaS, zraR, fucR
647 	 rhaR, rhaS, zraR, idnR
648 	 rhaR, rhaS, zraR, fucR
649 	 rhaR, rhaS, zraR, idnR, fucR
650 	 rhaR, rhaS, zraR, idnR, fucR
651 	 rhaR, rhaS, zraR
652 	 rhaR, rhaS, zraR, melR
653 	 rhaR, rhaS, zraR
654 	 rhaR, rhaS, zraR, melR, idnR
655 	 rhaR, rhaS, zraR, fucR
656 	 rhaR, rhaS, zraR, melR, fucR
657 	 rhaR, rhaS, zraR, fucR
658 	 rhaR, rhaS, zraR, melR, idnR, fucR
659 	 rhaR, rhaS, zraR, idnR
660 	 rhaR, rhaS, zraR, melR
661 	 rhaR, rhaS, zraR, idnR, fucR
662 	 rhaR, rhaS, zraR, melR, idnR
663 	 rhaR, rhaS, zraR, idnR
664 	 rhaR, rhaS, zraR, melR, fucR
665 	 rhaR, rhaS, zraR, idnR, fucR
666 	 rhaR, rhaS, zraR, melR, idnR, fucR
667 	 rhaR, rhaS, zraR, melR
668 	 rhaR, rhaS, melR, idnR
669 	 rhaR, rhaS, zraR, melR, fucR
670 	 rhaR, rhaS, melR, fucR
671 	 rhaR, rhaS, zraR, melR, fucR
672 	 rhaR, rhaS, melR, idnR, fucR
673 	 rhaR, rhaS, zraR, melR, idnR
674 	 rhaR, rhaS, melR
675 	 rhaR, rhaS, zraR, melR, idnR, fucR
676 	 rhaR, rhaS, melR, idnR
677 	 rhaR, rhaS, zraR, melR, idnR
678 	 rhaR, rhaS, melR, fucR
679 	 rhaR, rhaS, zraR, melR, idnR, fucR
680 	 rhaR, rhaS, melR, idnR, fucR
681 	 rhaR, rhaS, zraR, melR
682 	 rhaR, rhaS, zraR, melR, idnR
683 	 rhaR, rhaS, zraR, melR
684 	 rhaR, rhaS, zraR, melR, fucR
685 	 rhaR, rhaS, zraR, melR, fucR
686 	 rhaR, rhaS, zraR, melR, idnR, fucR
687 	 rhaR, rhaS, zraR, melR, idnR
688 	 rhaR, rhaS, zraR, melR, idnR, fucR
