85 	 fucR
109 	 arcA, narL, soxR, dcuR, zraR, cadC, yqjI, hyfR, nikR
111 	 fnr, dcuR, zraR, puuR, fucR, lldR
113 	 fnr, dcuR, puuR, araC, lldR
117 	 fnr, dcuR, zraR, puuR, araC, lldR
118 	 fnr, dcuR, puuR, fucR, lldR
121 	 fnr, dcuR, puuR, araC, fucR, lldR
122 	 fnr, dcuR, puuR, araC, lldR
125 	 fnr, dcuR, zraR, puuR, lldR
126 	 fnr, dcuR, zraR, puuR, araC, lldR
131 	 fnr, dcuR, zraR, puuR, araC, fucR, lldR
134 	 fnr, dcuR, zraR, puuR, fucR, lldR
136 	 fnr, dcuR, puuR, araC, fucR, lldR
138 	 fnr, dcuR, zraR, puuR, araC, fucR, lldR
