133 	 idnR
135 	 idnR
137 	 melR
139 	 melR
141 	 melR, idnR
143 	 melR, idnR
165 	 idnR
167 	 idnR
168 	 melR
170 	 melR
171 	 melR, idnR
172 	 melR, idnR
177 	 melR
178 	 idnR
179 	 melR, idnR
228 	 idnR
229 	 melR
230 	 melR, idnR
233 	 idnR
234 	 idnR
237 	 idnR
238 	 idnR
239 	 melR
240 	 melR
241 	 melR, idnR
242 	 melR, idnR
243 	 melR
244 	 melR
245 	 melR, idnR
246 	 melR, idnR
442 	 idnR
444 	 idnR
445 	 melR
446 	 melR, idnR
447 	 melR
448 	 melR, idnR
451 	 idnR
452 	 idnR
455 	 idnR
456 	 idnR
459 	 idnR
460 	 idnR
463 	 idnR
464 	 idnR
465 	 melR
466 	 melR
467 	 melR, idnR
468 	 melR, idnR
469 	 melR
470 	 melR
471 	 melR, idnR
472 	 melR, idnR
473 	 melR
474 	 melR
475 	 melR, idnR
476 	 melR, idnR
478 	 melR
479 	 melR
480 	 melR, idnR
481 	 melR, idnR
