27 	 zraR
29 	 rhaR
30 	 melR
32 	 tdcA
36 	 rhaR, zraR
37 	 zraR
38 	 zraR
39 	 rhaR
40 	 rhaR
41 	 rhaR, zraR
42 	 rhaR, zraR
44 	 rhaR
45 	 zraR
46 	 rhaR, zraR
48 	 fucR
49 	 rhaR
51 	 rhaR
52 	 zraR
54 	 rhaR, zraR
56 	 zraR
57 	 rhaR
58 	 rhaR, zraR
59 	 zraR
60 	 zraR
61 	 rhaR
62 	 rhaR, zraR
63 	 rhaR, zraR
64 	 tdcA
65 	 rhaR, fucR
66 	 rhaR, tdcA
67 	 fucR
68 	 rhaR, tdcA
69 	 zraR, fucR
70 	 tdcA
71 	 zraR, fucR
72 	 tdcA
73 	 rhaR, zraR, fucR
74 	 rhaR, tdcA
75 	 fucR
76 	 zraR, tdcA
77 	 rhaR, fucR
78 	 rhaR, zraR, tdcA
79 	 fucR
80 	 zraR, tdcA
81 	 zraR, fucR
82 	 zraR, tdcA
83 	 rhaR, fucR
84 	 rhaR, tdcA
85 	 rhaR, zraR, fucR
86 	 zraR, tdcA
87 	 rhaR, zraR, fucR
88 	 rhaR, zraR, tdcA
89 	 zraR, fucR
90 	 rhaR, zraR, tdcA
91 	 rhaR, fucR
92 	 rhaR, zraR, tdcA
93 	 rhaR, zraR, fucR
94 	 tdcA
95 	 fucR
96 	 tdcA
97 	 fucR
98 	 rhaR, tdcA
99 	 rhaR, fucR
100 	 rhaR, tdcA
101 	 fucR
102 	 zraR, tdcA
103 	 rhaR, fucR
104 	 zraR, tdcA
105 	 rhaR, fucR
106 	 rhaR, zraR, tdcA
107 	 fucR
108 	 rhaR, zraR, tdcA
109 	 rhaR, fucR
110 	 tdcA
111 	 zraR, fucR
112 	 rhaR, tdcA
113 	 rhaR, zraR, fucR
114 	 tdcA
115 	 zraR, fucR
116 	 rhaR, tdcA
117 	 zraR, fucR
118 	 zraR, tdcA
119 	 zraR, fucR
120 	 zraR, tdcA
121 	 melR
122 	 rhaR, zraR, fucR
123 	 rhaR, zraR, tdcA
124 	 melR
125 	 rhaR, zraR, fucR
126 	 rhaR, zraR, tdcA
127 	 rhaR, melR
128 	 rhaR, zraR, fucR
129 	 rhaR, melR
130 	 zraR, melR
131 	 fucR, tdcA
132 	 rhaR, fucR, tdcA
133 	 fucR, tdcA
134 	 fucR, tdcA
135 	 rhaR, fucR, tdcA
136 	 fucR, tdcA
137 	 rhaR, fucR, tdcA
138 	 zraR, fucR, tdcA
139 	 rhaR, zraR, fucR, tdcA
140 	 zraR, fucR, tdcA
141 	 zraR, fucR, tdcA
142 	 zraR, fucR, tdcA
143 	 rhaR, zraR, fucR, tdcA
144 	 rhaR, zraR, fucR, tdcA
145 	 rhaR, fucR, tdcA
146 	 rhaR, zraR, fucR, tdcA
147 	 fucR, tdcA
148 	 rhaR, fucR, tdcA
149 	 zraR, fucR, tdcA
150 	 fucR, tdcA
151 	 rhaR, zraR, fucR, tdcA
152 	 zraR, fucR, tdcA
153 	 rhaR, fucR, tdcA
154 	 fucR, tdcA
155 	 fucR, tdcA
156 	 zraR, fucR, tdcA
157 	 rhaR, fucR, tdcA
158 	 zraR, fucR, tdcA
159 	 rhaR, fucR, tdcA
160 	 rhaR, zraR, melR
161 	 rhaR, melR
162 	 melR
163 	 zraR, melR
164 	 zraR, melR
165 	 rhaR, zraR, melR
166 	 rhaR, zraR, melR
167 	 rhaR, melR
168 	 zraR, melR
169 	 rhaR, zraR, melR
170 	 melR
171 	 zraR, melR
172 	 melR
173 	 zraR, melR
174 	 melR
175 	 rhaR, melR
176 	 melR
177 	 rhaR, zraR, melR
178 	 zraR, melR
179 	 rhaR, melR
180 	 zraR, melR
181 	 rhaR, melR
182 	 rhaR, zraR, melR
183 	 rhaR, melR
184 	 rhaR, zraR, melR
185 	 rhaR, zraR, melR
186 	 melR, tdcA
187 	 rhaR, melR, tdcA
188 	 melR, tdcA
189 	 melR, tdcA
190 	 rhaR, melR, tdcA
191 	 melR, tdcA
192 	 rhaR, melR, tdcA
193 	 zraR, melR, tdcA
194 	 rhaR, zraR, melR, tdcA
195 	 zraR, melR, tdcA
196 	 zraR, melR, tdcA
197 	 zraR, melR, tdcA
198 	 rhaR, zraR, melR, tdcA
199 	 rhaR, zraR, melR, tdcA
200 	 rhaR, melR, tdcA
201 	 rhaR, zraR, melR, tdcA
202 	 melR, tdcA
203 	 rhaR, melR, tdcA
204 	 zraR, melR, tdcA
205 	 melR, tdcA
206 	 rhaR, zraR, melR, tdcA
207 	 zraR, melR, tdcA
208 	 rhaR, melR, tdcA
209 	 melR, tdcA
210 	 melR, tdcA
211 	 zraR, melR, tdcA
212 	 rhaR, melR, tdcA
213 	 zraR, melR, tdcA
214 	 rhaR, melR, tdcA
215 	 rhaR, zraR, melR, tdcA
216 	 rhaR, zraR, melR, tdcA
217 	 rhaR, zraR, melR, tdcA
218 	 idnR
219 	 idnR
220 	 zraR, idnR
221 	 idnR
222 	 zraR, idnR
223 	 idnR
224 	 rhaR, idnR
225 	 zraR, idnR
226 	 rhaR, zraR, idnR
227 	 rhaR, idnR
228 	 rhaR, idnR
229 	 rhaR, zraR, idnR
230 	 rhaR, idnR
231 	 rhaR, zraR, idnR
232 	 zraR, idnR
233 	 rhaR, zraR, idnR
234 	 idnR
235 	 zraR, idnR
236 	 idnR
237 	 zraR, idnR
238 	 rhaR, idnR
239 	 idnR
240 	 rhaR, idnR
241 	 zraR, idnR
242 	 rhaR, zraR, idnR
243 	 idnR
244 	 rhaR, zraR, idnR
245 	 rhaR, idnR
246 	 rhaR, zraR, idnR
247 	 zraR, idnR
248 	 rhaR, idnR
249 	 rhaR, zraR, idnR
250 	 idnR, tdcA
251 	 melR, idnR
252 	 idnR, tdcA
253 	 melR, idnR
254 	 idnR, tdcA
255 	 melR, idnR
256 	 idnR, tdcA
257 	 zraR, melR, idnR
258 	 rhaR, idnR, tdcA
259 	 zraR, melR, idnR
260 	 rhaR, idnR, tdcA
261 	 zraR, melR, idnR
262 	 rhaR, idnR, tdcA
263 	 rhaR, melR, idnR
264 	 zraR, idnR, tdcA
265 	 rhaR, melR, idnR
266 	 rhaR, idnR, tdcA
267 	 rhaR, zraR, melR, idnR
268 	 zraR, idnR, tdcA
269 	 rhaR, melR, idnR
270 	 zraR, idnR, tdcA
271 	 rhaR, zraR, melR, idnR
272 	 rhaR, zraR, idnR, tdcA
273 	 melR, idnR
274 	 rhaR, zraR, idnR, tdcA
275 	 zraR, melR, idnR
276 	 rhaR, zraR, idnR, tdcA
277 	 rhaR, zraR, melR, idnR
278 	 zraR, idnR, tdcA
279 	 rhaR, melR, idnR
280 	 rhaR, zraR, idnR, tdcA
281 	 rhaR, zraR, melR, idnR
282 	 idnR, tdcA
283 	 melR, idnR
284 	 idnR, tdcA
285 	 rhaR, melR, idnR
286 	 rhaR, idnR, tdcA
287 	 melR, idnR
288 	 rhaR, idnR, tdcA
289 	 melR, idnR
290 	 idnR, tdcA
291 	 zraR, melR, idnR
292 	 idnR, tdcA
293 	 zraR, melR, idnR
294 	 rhaR, idnR, tdcA
295 	 melR, idnR
296 	 zraR, idnR, tdcA
297 	 rhaR, melR, idnR
298 	 zraR, idnR, tdcA
299 	 rhaR, melR, idnR
300 	 zraR, idnR, tdcA
301 	 rhaR, melR, idnR
302 	 zraR, idnR, tdcA
303 	 rhaR, zraR, melR, idnR
304 	 rhaR, zraR, idnR, tdcA
305 	 zraR, melR, idnR
306 	 rhaR, idnR, tdcA
307 	 rhaR, zraR, melR, idnR
308 	 rhaR, zraR, idnR, tdcA
309 	 rhaR, zraR, melR, idnR
310 	 zraR, melR, idnR
311 	 rhaR, zraR, idnR, tdcA
312 	 rhaR, zraR, idnR, tdcA
313 	 rhaR, zraR, melR, idnR
314 	 melR, idnR, tdcA
315 	 melR, idnR, tdcA
316 	 melR, fucR
317 	 rhaR, zraR, fucR, tdcA
318 	 rhaR, melR, fucR
319 	 rhaR, zraR, fucR, tdcA
320 	 zraR, melR, fucR
321 	 rhaR, zraR, fucR, tdcA
322 	 melR, fucR
323 	 melR, fucR
324 	 rhaR, zraR, melR, fucR
325 	 zraR, melR, idnR, tdcA
326 	 rhaR, melR, fucR
327 	 melR, idnR, tdcA
328 	 rhaR, melR, fucR
329 	 rhaR, melR, idnR, tdcA
330 	 melR, fucR
331 	 rhaR, melR, idnR, tdcA
332 	 zraR, melR, fucR
333 	 rhaR, melR, idnR, tdcA
334 	 zraR, melR, fucR
335 	 zraR, melR, idnR, tdcA
336 	 rhaR, zraR, melR, fucR
337 	 rhaR, zraR, melR, idnR, tdcA
338 	 zraR, melR, fucR
339 	 rhaR, zraR, melR, idnR, tdcA
340 	 rhaR, zraR, melR, fucR
341 	 melR, idnR, tdcA
342 	 rhaR, melR, fucR
343 	 zraR, melR, idnR, tdcA
344 	 rhaR, zraR, melR, fucR
345 	 rhaR, melR, idnR, tdcA
346 	 melR, fucR
347 	 rhaR, zraR, melR, idnR, tdcA
348 	 melR, fucR
349 	 zraR, melR, idnR, tdcA
350 	 rhaR, melR, fucR
351 	 idnR, fucR
352 	 rhaR, zraR, melR, idnR, tdcA
353 	 rhaR, melR, fucR
354 	 melR, idnR, tdcA
355 	 zraR, melR, fucR
356 	 rhaR, melR, idnR, tdcA
357 	 zraR, melR, fucR
358 	 zraR, melR, idnR, tdcA
359 	 melR, fucR
360 	 melR, idnR, tdcA
361 	 zraR, melR, fucR
362 	 melR, idnR, tdcA
363 	 rhaR, zraR, melR, fucR
364 	 rhaR, melR, idnR, tdcA
365 	 melR, fucR
366 	 zraR, melR, idnR, tdcA
367 	 rhaR, melR, fucR
368 	 melR, idnR, tdcA
369 	 rhaR, zraR, melR, fucR
370 	 rhaR, melR, idnR, tdcA
371 	 zraR, melR, fucR
372 	 rhaR, melR, idnR, tdcA
373 	 rhaR, zraR, melR, fucR
374 	 zraR, melR, idnR, tdcA
375 	 rhaR, melR, fucR
376 	 zraR, melR, idnR, tdcA
377 	 rhaR, zraR, melR, fucR
378 	 rhaR, zraR, melR, idnR, tdcA
379 	 melR, fucR, tdcA
380 	 rhaR, zraR, melR, idnR, tdcA
381 	 rhaR, melR, fucR, tdcA
382 	 rhaR, zraR, melR, idnR, tdcA
383 	 rhaR, idnR, fucR
384 	 rhaR, zraR, melR, idnR, tdcA
385 	 melR, fucR, tdcA
386 	 melR, fucR, tdcA
387 	 zraR, melR, fucR, tdcA
388 	 rhaR, zraR, melR, fucR, tdcA
389 	 zraR, melR, fucR, tdcA
390 	 zraR, melR, fucR, tdcA
391 	 rhaR, melR, fucR, tdcA
392 	 melR, fucR, tdcA
393 	 rhaR, melR, fucR, tdcA
394 	 zraR, idnR, fucR
395 	 idnR, fucR
396 	 idnR, fucR
397 	 rhaR, idnR, fucR
398 	 rhaR, idnR, fucR
399 	 zraR, idnR, fucR
400 	 idnR, fucR
401 	 rhaR, zraR, idnR, fucR
402 	 zraR, idnR, fucR
403 	 rhaR, zraR, idnR, fucR
404 	 zraR, idnR, fucR
405 	 rhaR, idnR, fucR
406 	 rhaR, zraR, idnR, fucR
407 	 rhaR, zraR, idnR, fucR
408 	 idnR, fucR
409 	 idnR, fucR
410 	 rhaR, idnR, fucR
411 	 rhaR, idnR, fucR
412 	 zraR, idnR, fucR
413 	 idnR, fucR
414 	 rhaR, zraR, idnR, fucR
415 	 idnR, fucR
416 	 zraR, idnR, fucR
417 	 rhaR, idnR, fucR
418 	 rhaR, zraR, idnR, fucR
419 	 zraR, idnR, fucR
420 	 zraR, idnR, fucR
421 	 rhaR, idnR, fucR
422 	 rhaR, zraR, idnR, fucR
423 	 rhaR, zraR, idnR, fucR
424 	 melR, idnR, fucR
425 	 melR, idnR, fucR
426 	 rhaR, melR, idnR, fucR
427 	 melR, idnR, fucR
428 	 rhaR, melR, idnR, fucR
429 	 melR, idnR, fucR
430 	 zraR, melR, idnR, fucR
431 	 rhaR, melR, idnR, fucR
432 	 rhaR, zraR, melR, idnR, fucR
433 	 zraR, melR, idnR, fucR
434 	 zraR, melR, idnR, fucR
435 	 rhaR, zraR, melR, idnR, fucR
436 	 zraR, melR, idnR, fucR
437 	 rhaR, zraR, melR, idnR, fucR
438 	 rhaR, melR, idnR, fucR
439 	 rhaR, zraR, melR, idnR, fucR
440 	 melR, idnR, fucR
441 	 rhaR, melR, idnR, fucR
442 	 melR, idnR, fucR
443 	 zraR, melR, idnR, fucR
444 	 rhaR, melR, idnR, fucR
445 	 zraR, melR, idnR, fucR
446 	 rhaR, zraR, melR, idnR, fucR
447 	 melR, idnR, fucR
448 	 zraR, melR, idnR, fucR
449 	 melR, idnR, fucR
450 	 rhaR, melR, idnR, fucR
451 	 zraR, melR, idnR, fucR
452 	 rhaR, melR, idnR, fucR
453 	 rhaR, zraR, melR, idnR, fucR
454 	 rhaR, zraR, melR, idnR, fucR
455 	 rhaR, zraR, melR, idnR, fucR
456 	 zraR, melR, fucR, tdcA
457 	 idnR, fucR, tdcA
458 	 rhaR, zraR, melR, fucR, tdcA
459 	 idnR, fucR, tdcA
460 	 rhaR, zraR, melR, fucR, tdcA
461 	 idnR, fucR, tdcA
462 	 rhaR, melR, fucR, tdcA
463 	 zraR, idnR, fucR, tdcA
464 	 rhaR, zraR, melR, fucR, tdcA
465 	 zraR, idnR, fucR, tdcA
466 	 melR, fucR, tdcA
467 	 rhaR, idnR, fucR, tdcA
468 	 rhaR, melR, fucR, tdcA
469 	 rhaR, idnR, fucR, tdcA
470 	 zraR, melR, fucR, tdcA
471 	 rhaR, zraR, idnR, fucR, tdcA
472 	 melR, fucR, tdcA
473 	 rhaR, idnR, fucR, tdcA
474 	 melR, fucR, tdcA
475 	 rhaR, zraR, idnR, fucR, tdcA
476 	 rhaR, melR, fucR, tdcA
477 	 idnR, fucR, tdcA
478 	 zraR, melR, fucR, tdcA
479 	 zraR, idnR, fucR, tdcA
480 	 zraR, melR, fucR, tdcA
481 	 zraR, idnR, fucR, tdcA
482 	 melR, fucR, tdcA
483 	 rhaR, idnR, fucR, tdcA
484 	 rhaR, zraR, melR, fucR, tdcA
485 	 rhaR, zraR, idnR, fucR, tdcA
486 	 rhaR, melR, fucR, tdcA
487 	 rhaR, zraR, idnR, fucR, tdcA
488 	 rhaR, zraR, melR, fucR, tdcA
489 	 idnR, fucR, tdcA
490 	 rhaR, zraR, melR, fucR, tdcA
491 	 rhaR, idnR, fucR, tdcA
492 	 rhaR, melR, fucR, tdcA
493 	 idnR, fucR, tdcA
494 	 zraR, melR, fucR, tdcA
495 	 idnR, fucR, tdcA
496 	 rhaR, zraR, melR, fucR, tdcA
497 	 idnR, fucR, tdcA
498 	 rhaR, idnR, fucR, tdcA
499 	 zraR, idnR, fucR, tdcA
500 	 rhaR, idnR, fucR, tdcA
501 	 zraR, idnR, fucR, tdcA
502 	 rhaR, idnR, fucR, tdcA
503 	 zraR, idnR, fucR, tdcA
504 	 rhaR, zraR, idnR, fucR, tdcA
505 	 rhaR, zraR, idnR, fucR, tdcA
506 	 rhaR, zraR, idnR, fucR, tdcA
507 	 zraR, idnR, fucR, tdcA
508 	 rhaR, zraR, idnR, fucR, tdcA
509 	 melR, idnR, fucR, tdcA
510 	 melR, idnR, fucR, tdcA
511 	 rhaR, melR, idnR, fucR, tdcA
512 	 zraR, melR, idnR, fucR, tdcA
513 	 rhaR, melR, idnR, fucR, tdcA
514 	 rhaR, zraR, melR, idnR, fucR, tdcA
515 	 zraR, melR, idnR, fucR, tdcA
516 	 rhaR, zraR, melR, idnR, fucR, tdcA
517 	 melR, idnR, fucR, tdcA
518 	 zraR, melR, idnR, fucR, tdcA
519 	 melR, idnR, fucR, tdcA
520 	 rhaR, melR, idnR, fucR, tdcA
521 	 zraR, melR, idnR, fucR, tdcA
522 	 rhaR, melR, idnR, fucR, tdcA
523 	 rhaR, zraR, melR, idnR, fucR, tdcA
524 	 rhaR, zraR, melR, idnR, fucR, tdcA
525 	 melR, idnR, fucR, tdcA
526 	 zraR, melR, idnR, fucR, tdcA
527 	 melR, idnR, fucR, tdcA
528 	 rhaR, melR, idnR, fucR, tdcA
529 	 zraR, melR, idnR, fucR, tdcA
530 	 rhaR, melR, idnR, fucR, tdcA
531 	 rhaR, zraR, melR, idnR, fucR, tdcA
532 	 rhaR, zraR, melR, idnR, fucR, tdcA
533 	 melR, idnR, fucR, tdcA
534 	 rhaR, melR, idnR, fucR, tdcA
535 	 zraR, melR, idnR, fucR, tdcA
536 	 melR, idnR, fucR, tdcA
537 	 rhaR, zraR, melR, idnR, fucR, tdcA
538 	 zraR, melR, idnR, fucR, tdcA
539 	 rhaR, melR, idnR, fucR, tdcA
540 	 rhaR, zraR, melR, idnR, fucR, tdcA
564 	 rhaR
565 	 rhaR
568 	 rhaR
569 	 rhaR
572 	 rhaR
574 	 rhaR
575 	 rhaR
577 	 rhaR
578 	 zraR
579 	 zraR
580 	 rhaR, zraR
581 	 zraR
582 	 rhaR, zraR
583 	 rhaR, zraR
584 	 zraR
585 	 rhaR, zraR
586 	 zraR
587 	 zraR
588 	 zraR
589 	 zraR
590 	 rhaR, zraR
591 	 rhaR, zraR
592 	 rhaR, zraR
593 	 rhaR, zraR
594 	 idnR
595 	 idnR
596 	 rhaR, idnR
597 	 rhaR, idnR
598 	 idnR
599 	 idnR
600 	 rhaR, idnR
601 	 rhaR, idnR
602 	 idnR
603 	 idnR
604 	 rhaR, idnR
605 	 idnR
606 	 rhaR, idnR
607 	 rhaR, idnR
608 	 idnR
609 	 rhaR, idnR
610 	 zraR, idnR
611 	 zraR, idnR
612 	 rhaR, zraR, idnR
613 	 zraR, idnR
614 	 rhaR, zraR, idnR
615 	 rhaR, zraR, idnR
616 	 zraR, idnR
617 	 rhaR, zraR, idnR
618 	 zraR, idnR
619 	 zraR, idnR
620 	 zraR, idnR
621 	 zraR, idnR
622 	 rhaR, zraR, idnR
623 	 rhaR, zraR, idnR
624 	 rhaR, zraR, idnR
625 	 rhaR, zraR, idnR
626 	 fucR
627 	 tdcA
628 	 melR
629 	 fucR
630 	 rhaR, tdcA
631 	 melR
632 	 rhaR, fucR
633 	 tdcA
634 	 rhaR, melR
635 	 rhaR, fucR
636 	 rhaR, tdcA
637 	 rhaR, melR
638 	 fucR
639 	 tdcA
640 	 melR
641 	 fucR
642 	 rhaR, tdcA
643 	 melR
644 	 rhaR, fucR
645 	 tdcA
646 	 rhaR, melR
647 	 rhaR, fucR
648 	 rhaR, tdcA
649 	 rhaR, melR
650 	 fucR
651 	 tdcA
652 	 melR
653 	 fucR
654 	 tdcA
655 	 rhaR, melR
656 	 fucR
657 	 rhaR, tdcA
658 	 melR
659 	 fucR
660 	 rhaR, tdcA
661 	 rhaR, melR
662 	 rhaR, fucR
663 	 tdcA
664 	 melR
665 	 rhaR, fucR
666 	 rhaR, tdcA
667 	 rhaR, melR
668 	 rhaR, fucR
669 	 tdcA
670 	 melR
671 	 rhaR, fucR
672 	 rhaR, tdcA
673 	 rhaR, melR
674 	 zraR, fucR
675 	 zraR, tdcA
676 	 zraR, melR
677 	 rhaR, zraR, fucR
678 	 zraR, tdcA
679 	 zraR, melR
680 	 zraR, fucR
681 	 zraR, tdcA
682 	 rhaR, zraR, melR
683 	 rhaR, zraR, fucR
684 	 zraR, tdcA
685 	 rhaR, zraR, melR
686 	 zraR, fucR
687 	 rhaR, zraR, tdcA
688 	 zraR, melR
689 	 zraR, fucR
690 	 rhaR, zraR, tdcA
691 	 zraR, melR
692 	 rhaR, zraR, fucR
693 	 rhaR, zraR, tdcA
694 	 rhaR, zraR, melR
695 	 rhaR, zraR, fucR
696 	 rhaR, zraR, tdcA
697 	 rhaR, zraR, melR
698 	 zraR, fucR
699 	 zraR, tdcA
700 	 zraR, melR
701 	 zraR, fucR
702 	 zraR, tdcA
703 	 zraR, melR
704 	 zraR, fucR
705 	 zraR, tdcA
706 	 zraR, melR
707 	 zraR, tdcA
708 	 zraR, fucR
709 	 zraR, melR
710 	 rhaR, zraR, tdcA
711 	 rhaR, zraR, fucR
712 	 rhaR, zraR, melR
713 	 rhaR, zraR, tdcA
714 	 rhaR, zraR, fucR
715 	 rhaR, zraR, melR
716 	 rhaR, zraR, tdcA
717 	 rhaR, zraR, fucR
718 	 rhaR, zraR, melR
719 	 rhaR, zraR, tdcA
720 	 rhaR, zraR, fucR
721 	 rhaR, zraR, melR
722 	 idnR, tdcA
723 	 idnR, fucR
724 	 melR, idnR
725 	 idnR, tdcA
726 	 rhaR, idnR, fucR
727 	 melR, idnR
728 	 rhaR, idnR, tdcA
729 	 idnR, fucR
730 	 rhaR, melR, idnR
731 	 rhaR, idnR, tdcA
732 	 rhaR, idnR, fucR
733 	 rhaR, melR, idnR
734 	 idnR, tdcA
735 	 idnR, fucR
736 	 melR, idnR
737 	 idnR, tdcA
738 	 rhaR, idnR, fucR
739 	 melR, idnR
740 	 rhaR, idnR, tdcA
741 	 idnR, fucR
742 	 rhaR, melR, idnR
743 	 rhaR, idnR, tdcA
744 	 rhaR, idnR, fucR
745 	 rhaR, melR, idnR
746 	 idnR, tdcA
747 	 idnR, fucR
748 	 melR, idnR
749 	 idnR, tdcA
750 	 idnR, fucR
751 	 rhaR, melR, idnR
752 	 idnR, tdcA
753 	 rhaR, idnR, fucR
754 	 melR, idnR
755 	 idnR, tdcA
756 	 melR, idnR
757 	 idnR, fucR
758 	 rhaR, idnR, tdcA
759 	 rhaR, melR, idnR
760 	 idnR, fucR
761 	 rhaR, idnR, tdcA
762 	 melR, idnR
763 	 rhaR, idnR, fucR
764 	 rhaR, idnR, tdcA
765 	 rhaR, melR, idnR
766 	 rhaR, idnR, fucR
767 	 rhaR, idnR, tdcA
768 	 rhaR, melR, idnR
769 	 rhaR, idnR, fucR
770 	 zraR, idnR, tdcA
771 	 zraR, melR, idnR
772 	 zraR, idnR, fucR
773 	 zraR, idnR, tdcA
774 	 rhaR, zraR, melR, idnR
775 	 zraR, idnR, fucR
776 	 zraR, melR, idnR
777 	 rhaR, zraR, idnR, fucR
778 	 rhaR, zraR, idnR, tdcA
779 	 zraR, melR, idnR
780 	 rhaR, zraR, idnR, fucR
781 	 rhaR, zraR, idnR, tdcA
782 	 zraR, melR, idnR
783 	 zraR, idnR, fucR
784 	 zraR, idnR, tdcA
786 	 rhaR, zraR, idnR, tdcA
787 	 rhaR, zraR, melR, idnR
788 	 rhaR, zraR, idnR, fucR
789 	 zraR, idnR, tdcA
790 	 rhaR, zraR, melR, idnR
791 	 zraR, idnR, fucR
792 	 rhaR, zraR, idnR, tdcA
793 	 rhaR, zraR, melR, idnR
794 	 rhaR, zraR, idnR, fucR
795 	 zraR, idnR, tdcA
796 	 zraR, melR, idnR
797 	 zraR, idnR, fucR
798 	 zraR, idnR, tdcA
799 	 rhaR, zraR, melR, idnR
800 	 zraR, idnR, fucR
801 	 rhaR, zraR, idnR, tdcA
802 	 zraR, melR, idnR
803 	 rhaR, zraR, idnR, fucR
804 	 rhaR, zraR, idnR, tdcA
805 	 rhaR, zraR, melR, idnR
806 	 rhaR, zraR, idnR, fucR
807 	 zraR, idnR, tdcA
808 	 zraR, melR, idnR
809 	 zraR, idnR, fucR
810 	 zraR, idnR, tdcA
811 	 rhaR, zraR, melR, idnR
812 	 zraR, idnR, fucR
813 	 rhaR, zraR, idnR, tdcA
814 	 zraR, melR, idnR
815 	 rhaR, zraR, idnR, fucR
816 	 rhaR, zraR, idnR, tdcA
817 	 rhaR, zraR, melR, idnR
818 	 rhaR, zraR, idnR, fucR
819 	 melR, tdcA
820 	 melR, fucR
821 	 fucR, tdcA
822 	 melR, fucR
823 	 rhaR, fucR, tdcA
824 	 rhaR, melR, fucR
825 	 fucR, tdcA
826 	 rhaR, melR, fucR
827 	 rhaR, fucR, tdcA
828 	 melR, fucR
829 	 fucR, tdcA
830 	 rhaR, melR, fucR
831 	 fucR, tdcA
832 	 melR, fucR
833 	 rhaR, fucR, tdcA
834 	 rhaR, melR, fucR
835 	 rhaR, fucR, tdcA
836 	 melR, fucR
837 	 fucR, tdcA
838 	 rhaR, melR, fucR
839 	 fucR, tdcA
840 	 melR, fucR
841 	 rhaR, fucR, tdcA
842 	 melR, fucR
843 	 fucR, tdcA
844 	 rhaR, melR, fucR
845 	 fucR, tdcA
846 	 rhaR, melR, fucR
847 	 rhaR, fucR, tdcA
848 	 melR, fucR
849 	 rhaR, fucR, tdcA
850 	 rhaR, melR, fucR
851 	 rhaR, fucR, tdcA
852 	 zraR, melR, fucR
853 	 zraR, fucR, tdcA
854 	 zraR, melR, fucR
855 	 rhaR, zraR, fucR, tdcA
856 	 zraR, melR, fucR
857 	 zraR, fucR, tdcA
858 	 rhaR, zraR, melR, fucR
859 	 zraR, fucR, tdcA
860 	 rhaR, zraR, melR, fucR
861 	 rhaR, zraR, fucR, tdcA
862 	 zraR, melR, fucR
863 	 zraR, fucR, tdcA
864 	 rhaR, zraR, melR, fucR
865 	 rhaR, zraR, fucR, tdcA
866 	 rhaR, zraR, melR, fucR
867 	 rhaR, zraR, fucR, tdcA
868 	 zraR, melR, fucR
869 	 zraR, fucR, tdcA
870 	 rhaR, zraR, melR, fucR
871 	 zraR, fucR, tdcA
872 	 zraR, melR, fucR
873 	 rhaR, zraR, fucR, tdcA
874 	 rhaR, zraR, melR, fucR
875 	 rhaR, zraR, fucR, tdcA
876 	 zraR, melR, fucR
877 	 zraR, fucR, tdcA
878 	 zraR, melR, fucR
879 	 rhaR, zraR, fucR, tdcA
880 	 rhaR, zraR, melR, fucR
881 	 zraR, fucR, tdcA
882 	 rhaR, zraR, melR, fucR
883 	 rhaR, zraR, fucR, tdcA
884 	 melR, idnR, fucR
885 	 idnR, fucR, tdcA
886 	 melR, idnR, fucR
888 	 rhaR, melR, tdcA
889 	 idnR, fucR, tdcA
890 	 rhaR, melR, idnR, fucR
891 	 melR, tdcA
892 	 rhaR, idnR, fucR, tdcA
893 	 rhaR, melR, idnR, fucR
894 	 rhaR, melR, tdcA
895 	 idnR, fucR, tdcA
896 	 melR, idnR, fucR
897 	 melR, tdcA
898 	 idnR, fucR, tdcA
899 	 melR, idnR, fucR
900 	 melR, tdcA
901 	 rhaR, idnR, fucR, tdcA
902 	 rhaR, melR, idnR, fucR
903 	 rhaR, melR, tdcA
904 	 rhaR, idnR, fucR, tdcA
905 	 rhaR, melR, idnR, fucR
906 	 rhaR, melR, tdcA
907 	 rhaR, idnR, fucR, tdcA
908 	 melR, idnR, fucR
909 	 melR, tdcA
910 	 idnR, fucR, tdcA
911 	 rhaR, melR, idnR, fucR
912 	 melR, tdcA
913 	 idnR, fucR, tdcA
914 	 melR, idnR, fucR
915 	 melR, tdcA
916 	 rhaR, idnR, fucR, tdcA
917 	 rhaR, melR, idnR, fucR
918 	 melR, tdcA
919 	 rhaR, idnR, fucR, tdcA
920 	 melR, idnR, fucR
921 	 rhaR, melR, tdcA
922 	 idnR, fucR, tdcA
923 	 melR, idnR, fucR
924 	 rhaR, melR, tdcA
925 	 idnR, fucR, tdcA
926 	 rhaR, melR, idnR, fucR
927 	 rhaR, melR, tdcA
928 	 rhaR, idnR, fucR, tdcA
929 	 rhaR, melR, idnR, fucR
930 	 rhaR, melR, tdcA
931 	 rhaR, idnR, fucR, tdcA
932 	 zraR, melR, idnR, fucR
933 	 zraR, melR, tdcA
934 	 zraR, idnR, fucR, tdcA
935 	 rhaR, zraR, melR, idnR, fucR
936 	 zraR, melR, tdcA
937 	 zraR, idnR, fucR, tdcA
938 	 zraR, melR, idnR, fucR
939 	 zraR, melR, tdcA
940 	 rhaR, zraR, idnR, fucR, tdcA
941 	 rhaR, zraR, melR, idnR, fucR
942 	 zraR, melR, tdcA
943 	 rhaR, zraR, idnR, fucR, tdcA
944 	 zraR, melR, idnR, fucR
945 	 rhaR, zraR, melR, tdcA
946 	 zraR, idnR, fucR, tdcA
947 	 zraR, melR, idnR, fucR
948 	 rhaR, zraR, melR, tdcA
949 	 zraR, idnR, fucR, tdcA
950 	 rhaR, zraR, melR, idnR, fucR
951 	 rhaR, zraR, melR, tdcA
952 	 rhaR, zraR, idnR, fucR, tdcA
953 	 rhaR, zraR, melR, idnR, fucR
954 	 rhaR, zraR, melR, tdcA
955 	 rhaR, zraR, idnR, fucR, tdcA
956 	 zraR, melR, idnR, fucR
957 	 zraR, melR, tdcA
958 	 zraR, idnR, fucR, tdcA
959 	 zraR, melR, idnR, fucR
960 	 zraR, melR, tdcA
961 	 rhaR, zraR, idnR, fucR, tdcA
962 	 zraR, melR, idnR, fucR
963 	 zraR, melR, tdcA
964 	 zraR, idnR, fucR, tdcA
965 	 zraR, melR, idnR, fucR
966 	 rhaR, zraR, melR, tdcA
967 	 zraR, idnR, fucR, tdcA
968 	 rhaR, zraR, melR, idnR, fucR
969 	 rhaR, zraR, melR, tdcA
970 	 rhaR, zraR, idnR, fucR, tdcA
971 	 rhaR, zraR, melR, idnR, fucR
972 	 rhaR, zraR, melR, tdcA
973 	 rhaR, zraR, idnR, fucR, tdcA
974 	 rhaR, zraR, melR, idnR, fucR
975 	 zraR, melR, tdcA
976 	 zraR, idnR, fucR, tdcA
977 	 rhaR, zraR, melR, idnR, fucR
978 	 rhaR, zraR, melR, tdcA
979 	 rhaR, zraR, idnR, fucR, tdcA
980 	 melR, idnR, tdcA
981 	 melR, idnR, tdcA
982 	 rhaR, melR, idnR, tdcA
983 	 rhaR, melR, idnR, tdcA
984 	 melR, idnR, tdcA
985 	 melR, idnR, tdcA
986 	 rhaR, melR, idnR, tdcA
987 	 rhaR, melR, idnR, tdcA
988 	 melR, idnR, tdcA
989 	 melR, idnR, tdcA
990 	 rhaR, melR, idnR, tdcA
991 	 melR, idnR, tdcA
992 	 rhaR, melR, idnR, tdcA
993 	 rhaR, melR, idnR, tdcA
994 	 melR, idnR, tdcA
995 	 rhaR, melR, idnR, tdcA
996 	 zraR, melR, idnR, tdcA
997 	 zraR, melR, idnR, tdcA
998 	 rhaR, zraR, melR, idnR, tdcA
999 	 zraR, melR, idnR, tdcA
1000 	 rhaR, zraR, melR, idnR, tdcA
1001 	 rhaR, zraR, melR, idnR, tdcA
1002 	 zraR, melR, idnR, tdcA
1003 	 rhaR, zraR, melR, idnR, tdcA
1004 	 zraR, melR, idnR, tdcA
1005 	 zraR, melR, idnR, tdcA
1006 	 zraR, melR, idnR, tdcA
1007 	 zraR, melR, idnR, tdcA
1008 	 rhaR, zraR, melR, idnR, tdcA
1009 	 rhaR, zraR, melR, idnR, tdcA
1010 	 rhaR, zraR, melR, idnR, tdcA
1011 	 rhaR, zraR, melR, idnR, tdcA
1012 	 melR, fucR, tdcA
1013 	 melR, fucR, tdcA
1014 	 rhaR, melR, fucR, tdcA
1015 	 rhaR, melR, fucR, tdcA
1016 	 melR, fucR, tdcA
1017 	 melR, fucR, tdcA
1018 	 rhaR, melR, fucR, tdcA
1019 	 rhaR, melR, fucR, tdcA
1020 	 melR, fucR, tdcA
1021 	 melR, fucR, tdcA
1022 	 rhaR, melR, fucR, tdcA
1023 	 melR, fucR, tdcA
1024 	 rhaR, melR, fucR, tdcA
1025 	 rhaR, melR, fucR, tdcA
1026 	 melR, fucR, tdcA
1027 	 rhaR, melR, fucR, tdcA
1028 	 zraR, melR, fucR, tdcA
1029 	 zraR, melR, fucR, tdcA
1030 	 rhaR, zraR, melR, fucR, tdcA
1031 	 zraR, melR, fucR, tdcA
1032 	 rhaR, zraR, melR, fucR, tdcA
1033 	 rhaR, zraR, melR, fucR, tdcA
1034 	 zraR, melR, fucR, tdcA
1035 	 rhaR, zraR, melR, fucR, tdcA
1036 	 zraR, melR, fucR, tdcA
1037 	 zraR, melR, fucR, tdcA
1038 	 zraR, melR, fucR, tdcA
1039 	 zraR, melR, fucR, tdcA
1040 	 rhaR, zraR, melR, fucR, tdcA
1041 	 rhaR, zraR, melR, fucR, tdcA
1042 	 rhaR, zraR, melR, fucR, tdcA
1043 	 rhaR, zraR, melR, fucR, tdcA
1044 	 melR, idnR, fucR, tdcA
1045 	 melR, idnR, fucR, tdcA
1046 	 rhaR, melR, idnR, fucR, tdcA
1047 	 rhaR, melR, idnR, fucR, tdcA
1048 	 melR, idnR, fucR, tdcA
1050 	 rhaR, melR, idnR, fucR, tdcA
1051 	 melR, idnR, fucR, tdcA
1052 	 rhaR, melR, idnR, fucR, tdcA
1053 	 melR, idnR, fucR, tdcA
1054 	 melR, idnR, fucR, tdcA
1055 	 melR, idnR, fucR, tdcA
1056 	 rhaR, melR, idnR, fucR, tdcA
1057 	 melR, idnR, fucR, tdcA
1058 	 rhaR, melR, idnR, fucR, tdcA
1059 	 rhaR, melR, idnR, fucR, tdcA
1060 	 rhaR, melR, idnR, fucR, tdcA
1061 	 zraR, melR, idnR, fucR, tdcA
1062 	 zraR, melR, idnR, fucR, tdcA
1063 	 rhaR, zraR, melR, idnR, fucR, tdcA
1064 	 zraR, melR, idnR, fucR, tdcA
1065 	 rhaR, zraR, melR, idnR, fucR, tdcA
1066 	 rhaR, zraR, melR, idnR, fucR, tdcA
1067 	 zraR, melR, idnR, fucR, tdcA
1068 	 rhaR, zraR, melR, idnR, fucR, tdcA
1069 	 zraR, melR, idnR, fucR, tdcA
1070 	 zraR, melR, idnR, fucR, tdcA
1071 	 zraR, melR, idnR, fucR, tdcA
1072 	 rhaR, zraR, melR, idnR, fucR, tdcA
1073 	 zraR, melR, idnR, fucR, tdcA
1074 	 rhaR, zraR, melR, idnR, fucR, tdcA
1075 	 rhaR, zraR, melR, idnR, fucR, tdcA
1076 	 rhaR, zraR, melR, idnR, fucR, tdcA
