8 	 evgA, nhaR
9 	 evgA, nhaR
10 	 evgA, zraR, nhaR
11 	 evgA
12 	 nhaR
13 	 evgA, nhaR
14 	 evgA
15 	 nhaR
16 	 evgA, idnR, nhaR
17 	 evgA, zraR, nhaR
18 	 evgA, nhaR
19 	 evgA, idnR, nhaR
20 	 evgA, melR, nhaR
21 	 evgA, melR, nhaR
22 	 evgA, zraR, nhaR
23 	 zraR, nhaR
24 	 evgA, idnR
25 	 melR, nhaR
26 	 evgA, idnR, nhaR
27 	 evgA, zraR, nhaR
28 	 idnR, nhaR
29 	 evgA, idnR, nhaR
30 	 zraR, nhaR
31 	 evgA
32 	 evgA, zraR, melR, nhaR
33 	 evgA, zraR, idnR, nhaR
34 	 melR, nhaR
35 	 nhaR
36 	 evgA, melR
37 	 zraR, nhaR
38 	 idnR
39 	 evgA, melR, nhaR
40 	 evgA, melR, idnR, nhaR
41 	 evgA, idnR
42 	 evgA, melR, nhaR
43 	 evgA, zraR
44 	 nhaR
45 	 evgA, idnR
46 	 zraR, melR, nhaR
47 	 evgA, zraR, idnR
48 	 evgA
49 	 evgA, melR, idnR, nhaR
50 	 evgA, melR
52 	 evgA, zraR, idnR, nhaR
53 	 evgA, zraR, melR, nhaR
54 	 evgA, idnR
55 	 evgA, nhaR
56 	 evgA, zraR, idnR, nhaR
57 	 evgA, zraR, nhaR
58 	 evgA, melR, idnR
59 	 zraR, melR, nhaR
60 	 evgA, zraR
61 	 evgA, melR
62 	 evgA, zraR, melR, nhaR
63 	 nhaR
64 	 evgA, melR, idnR, nhaR
65 	 idnR, nhaR
66 	 evgA, zraR, melR
67 	 idnR, nhaR
68 	 evgA, zraR, idnR
69 	 melR, idnR, nhaR
70 	 evgA, zraR
71 	 melR, nhaR
72 	 zraR
73 	 evgA
74 	 zraR, nhaR
75 	 evgA, zraR, melR
76 	 zraR
77 	 evgA, melR, idnR, nhaR
78 	 evgA, zraR, melR
79 	 evgA, nhaR
80 	 evgA, zraR, idnR
81 	 evgA, zraR, melR, nhaR
82 	 evgA, zraR, melR, idnR, nhaR
83 	 nhaR
84 	 evgA, melR, idnR
85 	 evgA, melR
86 	 evgA, zraR, melR, idnR, nhaR
87 	 zraR, melR, nhaR
88 	 evgA, zraR, melR, idnR
89 	 melR, idnR, nhaR
90 	 evgA, zraR, melR, idnR
91 	 evgA, zraR
92 	 idnR, nhaR
93 	 zraR
94 	 melR, nhaR
95 	 evgA, zraR, idnR, nhaR
96 	 melR
97 	 zraR
98 	 melR, idnR, nhaR
99 	 evgA, zraR, nhaR
100 	 idnR
101 	 melR
102 	 zraR, idnR, nhaR
103 	 evgA, idnR, nhaR
104 	 idnR
105 	 zraR, melR, nhaR
106 	 evgA, idnR, nhaR
107 	 melR
108 	 evgA, melR, nhaR
109 	 zraR, idnR, nhaR
110 	 evgA, melR, nhaR
111 	 zraR, idnR
112 	 evgA, melR, idnR, nhaR
113 	 zraR, idnR
114 	 evgA, melR, idnR
115 	 zraR, melR
116 	 melR, nhaR
117 	 zraR, melR
118 	 melR, nhaR
119 	 melR, idnR, nhaR
120 	 evgA, melR, idnR, nhaR
121 	 zraR, melR, idnR, nhaR
122 	 idnR, nhaR
123 	 zraR, melR, idnR, nhaR
124 	 idnR, nhaR
125 	 melR, idnR
126 	 melR, idnR, nhaR
127 	 melR, idnR
128 	 melR
129 	 zraR, melR, idnR
130 	 evgA, melR, idnR
131 	 zraR, melR, idnR
132 	 idnR
133 	 evgA
134 	 melR, idnR
135 	 evgA, zraR, idnR, nhaR
136 	 evgA, zraR, melR
137 	 evgA, zraR, idnR, nhaR
138 	 zraR, melR
139 	 evgA, zraR
140 	 evgA, melR
141 	 evgA, zraR, idnR
142 	 zraR, melR
143 	 melR, idnR, nhaR
144 	 zraR, idnR, nhaR
145 	 evgA, zraR, melR, nhaR
146 	 evgA, zraR, melR, idnR, nhaR
147 	 evgA, zraR, melR, nhaR
148 	 zraR, idnR, nhaR
149 	 evgA, zraR, melR, idnR, nhaR
150 	 zraR, idnR
151 	 evgA, zraR, melR, idnR, nhaR
152 	 zraR, idnR
153 	 evgA, zraR, melR, idnR, nhaR
154 	 evgA, zraR, melR, idnR
155 	 zraR, nhaR
156 	 evgA, zraR
157 	 zraR, nhaR
158 	 zraR
159 	 zraR, melR, nhaR
160 	 zraR
161 	 evgA, idnR
162 	 evgA, melR
163 	 evgA, idnR
164 	 evgA, zraR, melR
165 	 evgA, melR, idnR
166 	 evgA, zraR, idnR
167 	 evgA, melR, idnR
168 	 evgA, zraR, idnR
169 	 idnR
170 	 evgA, zraR, melR
171 	 idnR
172 	 zraR, melR, nhaR
173 	 melR
174 	 evgA, zraR, melR, idnR
175 	 melR
176 	 zraR, melR, idnR, nhaR
177 	 melR, idnR
178 	 zraR, melR, idnR, nhaR
179 	 melR, idnR
180 	 zraR, melR, idnR
181 	 zraR, idnR, nhaR
182 	 zraR, melR
183 	 zraR, idnR, nhaR
184 	 zraR, idnR
185 	 zraR, melR, idnR, nhaR
186 	 zraR, idnR
187 	 zraR, melR, idnR, nhaR
188 	 zraR, melR
189 	 evgA, zraR, melR, idnR
190 	 zraR, melR, idnR
191 	 melR, idnR
192 	 evgA, zraR, melR, idnR
193 	 zraR, melR, idnR
194 	 zraR, melR, idnR
195 	 evgA, nhaR
196 	 evgA, nhaR
197 	 evgA
198 	 nhaR
199 	 evgA
200 	 nhaR
201 	 evgA, zraR, nhaR
202 	 evgA, idnR, nhaR
203 	 evgA, zraR, nhaR
204 	 evgA, idnR, nhaR
205 	 evgA, zraR
206 	 idnR, nhaR
207 	 evgA, zraR
208 	 idnR, nhaR
209 	 evgA, melR, nhaR
210 	 evgA, melR, nhaR
211 	 evgA, zraR, melR, nhaR
212 	 evgA, melR, idnR, nhaR
213 	 evgA, zraR, melR, nhaR
214 	 evgA, melR, idnR, nhaR
215 	 evgA, melR
216 	 melR, nhaR
217 	 evgA, melR
218 	 melR, nhaR
219 	 evgA, zraR, melR
220 	 melR, idnR, nhaR
221 	 evgA, zraR, melR
222 	 melR, idnR, nhaR
223 	 zraR, nhaR
224 	 melR
225 	 evgA, zraR, idnR, nhaR
226 	 melR
227 	 evgA, zraR, idnR, nhaR
228 	 evgA, idnR
229 	 evgA, idnR
230 	 evgA, melR, idnR
231 	 evgA, zraR, idnR
232 	 evgA, melR, idnR
233 	 evgA, zraR, idnR
234 	 idnR
235 	 zraR, nhaR
236 	 zraR, melR, nhaR
237 	 zraR
238 	 zraR, melR, nhaR
239 	 zraR
240 	 zraR, idnR, nhaR
241 	 evgA, zraR, melR, idnR, nhaR
242 	 zraR, idnR, nhaR
243 	 evgA, zraR, melR, idnR, nhaR
244 	 zraR, melR, idnR, nhaR
245 	 evgA, zraR, melR, idnR
246 	 zraR, melR, idnR, nhaR
247 	 evgA, zraR, melR, idnR
248 	 zraR, melR
249 	 idnR
250 	 melR, idnR
251 	 zraR, idnR
252 	 melR, idnR
253 	 zraR, idnR
254 	 zraR, melR
255 	 zraR, melR, idnR
256 	 zraR, melR, idnR
