1798 	 zraR, melR
1800 	 zraR, rhaS
1802 	 zraR, rhaR, rhaS
1819 	 zraR, idnR
1821 	 zraR, melR
1822 	 zraR, rhaS
1823 	 zraR, idnR
1824 	 zraR, rhaR, rhaS
1825 	 zraR, melR, idnR
1827 	 zraR, melR, idnR
1828 	 zraR, rhaS
1829 	 zraR
1830 	 zraR, rhaS
1832 	 zraR
1834 	 zraR, melR
1836 	 zraR, melR
1838 	 zraR, idnR
1840 	 zraR, rhaS
1842 	 zraR, rhaS
1844 	 zraR, rhaR, rhaS
1846 	 zraR, rhaR, rhaS
1848 	 zraR, melR, rhaS
1850 	 zraR, idnR
1851 	 zraR, melR
1852 	 zraR
1853 	 zraR
1854 	 zraR, idnR
1855 	 zraR, melR
1857 	 zraR, melR, idnR
1858 	 zraR, idnR
1859 	 zraR, melR
1860 	 zraR, idnR
1861 	 zraR
1862 	 zraR, melR, idnR
1864 	 zraR, melR, idnR
1865 	 zraR
1866 	 zraR, idnR
1867 	 zraR, idnR
1868 	 zraR, melR
1869 	 zraR, idnR
1870 	 zraR, melR
1872 	 zraR, melR
1873 	 zraR, melR, idnR
1875 	 zraR, melR, idnR
1876 	 zraR, melR
1877 	 zraR, melR, idnR
1878 	 zraR, melR
1879 	 zraR, idnR
1880 	 zraR, idnR
1882 	 zraR, idnR
1884 	 zraR, idnR
1885 	 zraR
1887 	 zraR, melR
1889 	 zraR, melR
1891 	 zraR, melR, idnR
1893 	 zraR, melR, idnR
1895 	 zraR, melR, idnR
1897 	 zraR, melR, idnR
1899 	 zraR
1901 	 zraR, melR, idnR
1903 	 zraR, melR
1905 	 zraR, melR
1907 	 zraR, melR, idnR
1909 	 zraR, idnR
1911 	 zraR, idnR
1913 	 zraR, melR, idnR
1915 	 zraR, melR, idnR
2124 	 zraR, rhaS
2125 	 zraR, idnR, rhaS
2126 	 zraR, rhaS
2127 	 zraR, idnR, rhaS
2128 	 zraR, rhaR, rhaS
2129 	 zraR, idnR, rhaR, rhaS
2130 	 zraR, rhaR, rhaS
2131 	 zraR, idnR, rhaR, rhaS
2132 	 zraR, melR, rhaS
2133 	 zraR, melR, rhaR, rhaS
2134 	 zraR, melR, rhaR, rhaS
2135 	 zraR, melR, idnR, rhaS
2136 	 zraR, melR, rhaS
2137 	 zraR, melR, idnR, rhaS
2138 	 zraR, melR, rhaS
2139 	 zraR, melR, idnR, rhaR, rhaS
2140 	 zraR, melR, rhaR, rhaS
2141 	 zraR, melR, idnR, rhaR, rhaS
2142 	 zraR, melR, rhaR, rhaS
2143 	 zraR, idnR, rhaS
2144 	 zraR, idnR, rhaS
2145 	 zraR, idnR, rhaR, rhaS
2146 	 zraR, idnR, rhaR, rhaS
2147 	 zraR, melR, idnR, rhaS
2148 	 zraR, melR, idnR, rhaS
2149 	 zraR, melR, idnR, rhaR, rhaS
2150 	 zraR, melR, idnR, rhaR, rhaS
2151 	 zraR, rhaR, rhaS
2152 	 zraR, idnR, rhaS
2153 	 zraR, rhaR, rhaS
2154 	 zraR, idnR, rhaS
2155 	 zraR, melR, rhaS
2156 	 zraR, idnR, rhaR, rhaS
2157 	 zraR, melR, rhaS
2158 	 zraR, idnR, rhaR, rhaS
2159 	 zraR, melR, rhaR, rhaS
2160 	 zraR, rhaS
2161 	 zraR, melR, rhaS
2162 	 zraR, idnR, rhaS
2163 	 zraR, melR, rhaS
2164 	 zraR, idnR, rhaS
2165 	 zraR, melR, rhaR, rhaS
2166 	 zraR, idnR, rhaR, rhaS
2167 	 zraR, melR, rhaR, rhaS
2168 	 zraR, idnR, rhaR, rhaS
2169 	 zraR, rhaS
2170 	 zraR, melR, idnR, rhaS
2171 	 zraR, idnR, rhaS
2172 	 zraR, melR, idnR, rhaS
2173 	 zraR, idnR, rhaS
2174 	 zraR, rhaS
2175 	 zraR, melR, rhaS
2176 	 zraR, rhaS
2177 	 zraR, melR, rhaS
2178 	 zraR, melR, rhaS
2179 	 zraR, rhaR, rhaS
2180 	 zraR, melR, rhaS
2181 	 zraR, rhaR, rhaS
2182 	 zraR, idnR, rhaS
2183 	 zraR, melR, rhaR, rhaS
2184 	 zraR, idnR, rhaS
2185 	 zraR, melR, idnR, rhaS
2186 	 zraR, rhaR, rhaS
2187 	 zraR, idnR, rhaR, rhaS
2188 	 zraR, melR, rhaR, rhaS
2189 	 zraR, melR, rhaR, rhaS
2190 	 zraR, melR, idnR, rhaS
2191 	 zraR, melR, idnR, rhaS
2192 	 zraR, rhaR, rhaS
2193 	 zraR, idnR, rhaR, rhaS
2194 	 zraR, melR, idnR, rhaS
2195 	 zraR, melR, idnR, rhaR, rhaS
2196 	 zraR, melR, rhaR, rhaS
2197 	 zraR, melR, idnR, rhaR, rhaS
2198 	 zraR, melR, rhaR, rhaS
2199 	 zraR, melR, idnR, rhaS
2200 	 zraR, melR, idnR, rhaR, rhaS
2201 	 zraR, melR, idnR, rhaS
2202 	 zraR, melR, idnR, rhaR, rhaS
2203 	 zraR, melR, idnR, rhaR, rhaS
2204 	 zraR, idnR, rhaR, rhaS
2205 	 zraR, melR, idnR, rhaR, rhaS
2206 	 zraR, idnR, rhaR, rhaS
2207 	 zraR, melR, idnR, rhaR, rhaS
2208 	 zraR, melR, idnR, rhaR, rhaS
2209 	 zraR, rhaS
2210 	 zraR, rhaS
2211 	 zraR, rhaS
2212 	 zraR, idnR, rhaS
2213 	 zraR, melR, rhaS
2214 	 zraR, rhaS
2215 	 zraR, idnR, rhaS
2216 	 zraR, melR, rhaS
2217 	 zraR, rhaR, rhaS
2218 	 zraR, melR, rhaS
2219 	 zraR, rhaR, rhaS
2220 	 zraR, melR, rhaS
2221 	 zraR, idnR, rhaR, rhaS
2222 	 zraR, melR, rhaR, rhaS
2223 	 zraR, idnR, rhaR, rhaS
2224 	 zraR, melR, idnR, rhaS
2225 	 zraR, rhaR, rhaS
2226 	 zraR, melR, idnR, rhaS
2227 	 zraR, rhaR, rhaS
2228 	 zraR, idnR, rhaS
2229 	 zraR, idnR, rhaS
2230 	 zraR, melR, idnR, rhaS
2231 	 zraR, idnR, rhaR, rhaS
2232 	 zraR, melR, idnR, rhaS
2233 	 zraR, idnR, rhaR, rhaS
2234 	 zraR, melR, rhaR, rhaS
2235 	 zraR, melR, idnR, rhaR, rhaS
2236 	 zraR, melR, rhaR, rhaS
2237 	 zraR, melR, idnR, rhaR, rhaS
2238 	 zraR, melR, rhaR, rhaS
2239 	 zraR, melR, idnR, rhaR, rhaS
2240 	 zraR, melR, idnR, rhaR, rhaS
