2 	 zraR, rcsA
3 	 zraR, csgD, rcsA
4 	 zraR, rcsA
19 	 zraR, rcsA
20 	 zraR, rcsA
21 	 zraR, melR, rcsA
22 	 zraR, melR, rcsA
24 	 zraR, fucR, rcsA
25 	 zraR, rcsA
26 	 zraR, rcsA
27 	 zraR, fucR, rcsA
28 	 zraR, rcsA
29 	 zraR, rhaS, rcsA
30 	 zraR, rcsA
31 	 zraR, rcsA
32 	 zraR, rhaS, rcsA
33 	 zraR, rcsA
34 	 zraR, melR, rcsA
35 	 zraR, rhaS, csgD, rcsA
36 	 zraR, melR, fucR, rcsA
37 	 zraR, rcsA
38 	 zraR, fucR, rhaS, rcsA
39 	 zraR, csgD, rcsA
40 	 zraR, rcsA
41 	 zraR, fucR, csgD, rcsA
42 	 zraR, rhaS, rcsA
43 	 zraR, melR, csgD, rcsA
44 	 zraR, fucR, rcsA
45 	 zraR, rhaS, rcsA
46 	 zraR, melR, rcsA
47 	 zraR, rhaS, rcsA
48 	 zraR, rhaS, rcsA
49 	 zraR, melR, rcsA
50 	 zraR, melR, rhaS, rcsA
51 	 zraR, rcsA
52 	 zraR, melR, rhaS, rcsA
53 	 zraR, rcsA
54 	 zraR, melR, rcsA
55 	 zraR, melR, rcsA
56 	 zraR, rcsA
57 	 zraR, melR, rhaS, rcsA
58 	 zraR, rhaS, rcsA
59 	 zraR, melR, rhaS, csgD, rcsA
60 	 zraR, melR, rcsA
61 	 zraR, fucR, rcsA
62 	 zraR, fucR, rcsA
63 	 zraR, fucR, rcsA
64 	 zraR, melR, fucR, rcsA
65 	 zraR, melR, csgD, rcsA
66 	 zraR, rcsA
67 	 zraR, fucR, rcsA
68 	 zraR, melR, rcsA
69 	 zraR, fucR, rcsA
70 	 zraR, rcsA
71 	 zraR, rcsA
72 	 zraR, melR, rcsA
73 	 zraR, csgD, rcsA
74 	 zraR, fucR, rcsA
75 	 zraR, rhaS, rcsA
77 	 zraR, idnR, rcsA
78 	 zraR, idnR, rcsA
79 	 zraR, idnR, csgD, rcsA
80 	 zraR, idnR, rhaS, rcsA
81 	 zraR, idnR, fucR, rcsA
82 	 zraR, idnR, rcsA
83 	 zraR, idnR, rhaS, rcsA
84 	 zraR, idnR, fucR, rcsA
85 	 zraR, idnR, rcsA
86 	 zraR, idnR, rcsA
87 	 zraR, idnR, rcsA
88 	 zraR, idnR, rcsA
89 	 zraR, idnR, rhaS, rcsA
90 	 zraR, idnR, fucR, rcsA
91 	 zraR, idnR, rcsA
92 	 zraR, idnR, rcsA
93 	 zraR, fucR, rhaS, rcsA
94 	 zraR, csgD, rcsA
95 	 zraR, idnR, fucR, rhaS, rcsA
96 	 zraR, fucR, rhaS, rcsA
97 	 zraR, fucR, rcsA
98 	 zraR, rhaS, rcsA
99 	 zraR, fucR, rhaS, csgD, rcsA
100 	 zraR, idnR, fucR, rhaS, rcsA
101 	 zraR, idnR, fucR, rcsA
102 	 zraR, rcsA
103 	 zraR, rcsA
104 	 zraR, rhaS, rcsA
105 	 zraR, rcsA
106 	 zraR, rhaS, csgD, rcsA
107 	 zraR, idnR, rcsA
108 	 zraR, rcsA
109 	 zraR, idnR, csgD, rcsA
110 	 zraR, idnR, rcsA
111 	 zraR, rcsA
112 	 zraR, fucR, rcsA
113 	 zraR, fucR, csgD, rcsA
114 	 zraR, melR, fucR, rcsA
116 	 zraR, melR, fucR, rcsA
118 	 zraR, fucR, rcsA
119 	 zraR, melR, rcsA
120 	 zraR, fucR, rcsA
121 	 zraR, fucR, rcsA
122 	 zraR, idnR, rcsA
123 	 zraR, idnR, rhaS, rcsA
124 	 zraR, rcsA
125 	 zraR, rhaS, rcsA
126 	 zraR, idnR, rhaS, rcsA
127 	 zraR, rhaS, rcsA
128 	 zraR, fucR, rhaS, rcsA
129 	 zraR, rhaS, rcsA
130 	 zraR, csgD, rcsA
131 	 zraR, rcsA
132 	 zraR, rcsA
133 	 zraR, idnR, rcsA
134 	 zraR, idnR, rcsA
135 	 zraR, fucR, rcsA
136 	 zraR, fucR, rcsA
137 	 zraR, rhaS, rcsA
138 	 zraR, idnR, fucR, rcsA
139 	 zraR, idnR, rcsA
140 	 zraR, csgD, rcsA
141 	 zraR, fucR, rcsA
142 	 zraR, rcsA
143 	 zraR, fucR, csgD, rcsA
144 	 zraR, rcsA
145 	 zraR, fucR, csgD, rcsA
146 	 zraR, fucR, rcsA
147 	 zraR, idnR, fucR, rcsA
148 	 zraR, fucR, rcsA
149 	 zraR, idnR, fucR, rcsA
150 	 zraR, idnR, fucR, rcsA
151 	 zraR, fucR, rhaS, rcsA
152 	 zraR, idnR, fucR, rcsA
153 	 zraR, fucR, rhaS, rcsA
154 	 zraR, idnR, fucR, rcsA
155 	 zraR, fucR, rhaS, rcsA
156 	 zraR, fucR, rcsA
157 	 zraR, idnR, fucR, csgD, rcsA
158 	 zraR, fucR, rcsA
159 	 zraR, idnR, fucR, csgD, rcsA
160 	 zraR, fucR, rcsA
161 	 zraR, fucR, rcsA
163 	 zraR, fucR, rcsA
165 	 zraR, fucR, rcsA
167 	 zraR, fucR, rcsA
169 	 zraR, rcsA
177 	 zraR, fucR, rhaS, rcsA
178 	 zraR, fucR, rhaS, rcsA
179 	 zraR, fucR, rhaS, csgD, rcsA
180 	 zraR, fucR, rhaS, rcsA
181 	 zraR, fucR, rhaS, rcsA
182 	 zraR, rhaS, csgD, rcsA
184 	 zraR, fucR
185 	 zraR, fucR
186 	 zraR, fucR
187 	 zraR, fucR
188 	 zraR, fucR
189 	 zraR, fucR
190 	 zraR, fucR
191 	 zraR, fucR
193 	 zraR, idnR
195 	 zraR
196 	 zraR, melR
197 	 zraR
198 	 zraR, idnR
199 	 zraR, rhaS
201 	 zraR, idnR
202 	 zraR, rhaS
204 	 zraR, idnR
205 	 zraR, rhaS
206 	 zraR, fucR
207 	 zraR, idnR, fucR
208 	 zraR, rhaS
209 	 zraR, fucR
210 	 zraR, idnR, fucR
211 	 zraR, fucR, rhaS
212 	 zraR, fucR
213 	 zraR, idnR, fucR
214 	 zraR, fucR, rhaS
215 	 zraR, fucR
216 	 zraR, idnR, fucR
217 	 zraR, fucR, rhaS
219 	 zraR, idnR
220 	 zraR, rhaS
222 	 zraR, idnR
223 	 zraR, fucR, rhaS
225 	 zraR, idnR
226 	 zraR, rhaS
228 	 zraR, idnR
229 	 zraR, rhaS
230 	 zraR, rhaS
231 	 zraR, fucR, rhaS
232 	 zraR, fucR, rhaS
233 	 zraR, fucR, rhaS
234 	 zraR, fucR, rhaS
235 	 zraR, rhaS, rcsA
236 	 zraR, idnR, rhaS
237 	 zraR, rhaS, rcsA
238 	 zraR, idnR, rhaS
239 	 zraR, rhaS
240 	 zraR, idnR, fucR, rhaS, rcsA
241 	 zraR, rhaS
242 	 zraR, idnR, fucR, rhaS
243 	 zraR, fucR, rhaS, rcsA
244 	 zraR, idnR, fucR, rhaS
245 	 zraR, fucR, rhaS, rcsA
246 	 zraR, idnR, rhaS, csgD, rcsA
247 	 zraR, fucR, rhaS
248 	 zraR, idnR, rhaS, csgD, rcsA
249 	 zraR, fucR, rhaS
250 	 zraR, idnR, fucR, rhaS, csgD, rcsA
251 	 zraR, rhaS, rcsA
252 	 zraR, idnR, fucR, rhaS, csgD, rcsA
253 	 zraR, rhaS, rcsA
254 	 zraR, idnR, fucR
255 	 zraR, fucR, csgD, rcsA
256 	 zraR, idnR, fucR
257 	 zraR, fucR
258 	 zraR, idnR, rhaS
259 	 zraR, fucR
260 	 zraR, idnR, rhaS
261 	 zraR, rhaS
262 	 zraR, idnR, fucR, rhaS
263 	 zraR, rhaS
264 	 zraR
265 	 zraR, idnR, rhaS
266 	 zraR, melR
267 	 zraR, rhaS
268 	 zraR, melR
269 	 zraR, rhaS
270 	 zraR, melR, fucR
271 	 zraR, fucR, rhaS, rcsA
272 	 zraR, melR, fucR
273 	 zraR, fucR, rhaS, rcsA
274 	 zraR, melR, rhaS, rcsA
275 	 zraR, fucR, rhaS
276 	 zraR, melR, rhaS
277 	 zraR, fucR, rhaS
278 	 zraR, melR, rhaS
279 	 zraR, fucR, csgD, rcsA
280 	 zraR, melR, fucR, rhaS, rcsA
281 	 zraR, rhaS, csgD, rcsA
282 	 zraR, melR, fucR, csgD, rcsA
283 	 zraR, rhaS, csgD, rcsA
284 	 zraR, melR, fucR, csgD, rcsA
285 	 zraR, fucR, rhaS, csgD, rcsA
286 	 zraR, melR, fucR, rhaS, rcsA
287 	 zraR, fucR, rhaS, csgD, rcsA
288 	 zraR, melR, fucR, rhaS
289 	 zraR, fucR
290 	 zraR, melR
291 	 zraR, fucR
292 	 zraR, melR, fucR
293 	 zraR, rhaS
294 	 zraR, fucR
295 	 zraR, idnR, rhaS
296 	 zraR, melR, fucR, rhaS
297 	 zraR, fucR, rhaS
298 	 zraR, melR, rhaS, csgD, rcsA
299 	 zraR, fucR, rhaS
300 	 zraR, melR, fucR, rhaS, csgD, rcsA
301 	 zraR, rhaS
302 	 zraR, melR, fucR, rhaS, csgD, rcsA
303 	 zraR, fucR, rhaS
304 	 zraR, melR
305 	 zraR, fucR, rhaS
306 	 zraR, melR
307 	 zraR, melR, fucR
308 	 zraR, melR, fucR
309 	 zraR, melR, rhaS, rcsA
310 	 zraR, melR, rhaS
311 	 zraR, melR, rhaS
312 	 zraR, melR, fucR, rhaS, rcsA
313 	 zraR, melR, fucR, rhaS, rcsA
314 	 zraR, melR, fucR, rhaS
315 	 zraR, melR, fucR, rhaS
316 	 zraR, melR
317 	 zraR, melR
318 	 zraR, melR, fucR
319 	 zraR, melR, fucR
320 	 zraR, melR, rhaS
321 	 zraR, melR, fucR
322 	 zraR, melR, rhaS
323 	 zraR, melR, rhaS
324 	 zraR, melR, fucR, rhaS
325 	 zraR, melR, rhaS
326 	 zraR, melR, fucR, rhaS
327 	 zraR, melR, fucR, rhaS
328 	 zraR, melR, fucR, rhaS
329 	 zraR, melR, rcsA
330 	 zraR, fucR
331 	 zraR, melR, rcsA
332 	 zraR, rhaS
333 	 zraR, melR
334 	 zraR, rhaS
335 	 zraR, melR
336 	 zraR, fucR, rhaS
337 	 zraR, melR, fucR, rcsA
338 	 zraR, fucR, rhaS
339 	 zraR, melR, fucR, rcsA
340 	 zraR, rhaS, csgD, rcsA
341 	 zraR, melR, fucR
342 	 zraR, fucR, rhaS, csgD, rcsA
343 	 zraR, melR, fucR
344 	 zraR, fucR, rhaS, csgD, rcsA
345 	 zraR, melR, rhaS, rcsA
346 	 zraR, melR, rcsA
347 	 zraR, melR, rhaS, rcsA
348 	 zraR, melR
349 	 zraR, melR, rhaS
350 	 zraR, melR
351 	 zraR, melR, rhaS
352 	 zraR, melR, fucR, rcsA
353 	 zraR, melR, fucR, rhaS, rcsA
354 	 zraR, melR, fucR, rcsA
355 	 zraR, melR, fucR, rhaS, rcsA
356 	 zraR, melR, fucR
357 	 zraR, melR, fucR, rhaS
358 	 zraR, melR, fucR
359 	 zraR, melR, fucR, rhaS
360 	 zraR, melR, csgD, rcsA
361 	 zraR, melR, rcsA
362 	 zraR, melR, csgD, rcsA
363 	 zraR, melR
364 	 zraR, melR, rhaS, rcsA
365 	 zraR, melR
366 	 zraR, melR, fucR, csgD, rcsA
367 	 zraR, melR, fucR, rcsA
368 	 zraR, melR, rhaS, rcsA
369 	 zraR, melR, fucR, rcsA
370 	 zraR, melR, fucR, csgD, rcsA
371 	 zraR, melR, fucR
372 	 zraR, melR, rhaS
373 	 zraR, melR, fucR
374 	 zraR, melR, rhaS
375 	 zraR, melR, csgD, rcsA
376 	 zraR, melR, fucR, rhaS, rcsA
377 	 zraR, melR, rhaS, rcsA
378 	 zraR, melR, fucR, rhaS, rcsA
379 	 zraR, melR, rhaS, rcsA
380 	 zraR, melR, fucR, rhaS
381 	 zraR, melR, rhaS
382 	 zraR, melR, fucR, rhaS
383 	 zraR, melR, rhaS
384 	 zraR, melR, rhaS, csgD, rcsA
385 	 zraR, melR, fucR, rhaS, rcsA
386 	 zraR, melR, rhaS, csgD, rcsA
387 	 zraR, melR, fucR, rhaS, rcsA
388 	 zraR, melR, fucR, rhaS, csgD, rcsA
389 	 zraR, melR, fucR, rhaS
390 	 zraR, melR, fucR, rhaS, csgD, rcsA
391 	 zraR, melR, fucR, rhaS
392 	 zraR
393 	 zraR, melR, csgD, rcsA
394 	 zraR
395 	 zraR, melR
396 	 zraR, fucR
397 	 zraR, melR
398 	 zraR, fucR
399 	 zraR, melR, fucR
400 	 zraR, rhaS
401 	 zraR, melR, fucR
402 	 zraR, rhaS
403 	 zraR, melR, rhaS
404 	 zraR
405 	 zraR, melR, rhaS
406 	 zraR, fucR, rhaS
407 	 zraR, melR, fucR, rhaS
408 	 zraR, fucR, rhaS
409 	 zraR, melR, fucR, rhaS
410 	 zraR, melR
411 	 zraR, melR, fucR, csgD, rcsA
412 	 zraR, fucR
413 	 zraR, melR, fucR, csgD, rcsA
414 	 zraR, fucR
415 	 zraR, melR, rhaS, csgD, rcsA
416 	 zraR, rhaS
417 	 zraR, melR, idnR, rcsA
418 	 zraR, melR, rhaS, csgD, rcsA
419 	 zraR, melR, idnR, rcsA
420 	 zraR, melR, fucR, rhaS, csgD, rcsA
421 	 zraR, melR, idnR
422 	 zraR, melR, fucR, rhaS, csgD, rcsA
423 	 zraR, melR, idnR
424 	 zraR, melR
425 	 zraR, melR, idnR, fucR, rcsA
426 	 zraR, melR
427 	 zraR, melR, idnR, fucR, rcsA
428 	 zraR, melR, fucR
429 	 zraR, melR, idnR, fucR
430 	 zraR, melR, fucR
431 	 zraR, melR, idnR, fucR
432 	 zraR, melR, rhaS
433 	 zraR, melR, idnR, csgD, rcsA
434 	 zraR, melR, rhaS
435 	 zraR, melR, idnR, rhaS, rcsA
436 	 zraR, melR, fucR, rhaS
437 	 zraR, melR, idnR, rhaS, rcsA
438 	 zraR, melR, fucR, rhaS
439 	 zraR, melR, idnR, rhaS
440 	 zraR, idnR, fucR, rhaS, rcsA
441 	 zraR, melR, idnR, csgD, rcsA
442 	 zraR, idnR, fucR, rhaS
443 	 zraR, melR, idnR, fucR, csgD, rcsA
444 	 zraR, idnR, fucR, rhaS
445 	 zraR, melR, idnR, fucR, csgD, rcsA
446 	 zraR, melR, idnR, rcsA
447 	 zraR, melR, idnR, rhaS
448 	 zraR, melR, idnR, rcsA
449 	 zraR, melR, idnR, fucR, rhaS, rcsA
450 	 zraR, melR, idnR
451 	 zraR, melR, idnR, fucR, rhaS, rcsA
452 	 zraR, melR, idnR
453 	 zraR, melR, idnR, fucR, rhaS
454 	 zraR, melR, idnR, fucR, rcsA
455 	 zraR, melR, idnR, fucR, rhaS
456 	 zraR, melR, idnR, fucR, rcsA
457 	 zraR, melR, idnR, rhaS, csgD, rcsA
458 	 zraR, melR, idnR, fucR
459 	 zraR, melR, idnR, rhaS, csgD, rcsA
460 	 zraR, melR, idnR, fucR
461 	 zraR, melR, idnR, fucR, rhaS, csgD, rcsA
462 	 zraR, melR, idnR, rhaS, rcsA
463 	 zraR, melR, idnR, fucR, rhaS, csgD, rcsA
464 	 zraR, melR, idnR, rhaS, rcsA
465 	 zraR, melR, idnR, rhaS
466 	 zraR, melR, idnR, rhaS
467 	 zraR, melR, idnR, fucR, rhaS, rcsA
468 	 zraR, melR, idnR, fucR, rhaS, rcsA
469 	 zraR, melR, idnR, fucR, rhaS
470 	 zraR, melR, idnR, fucR, rhaS
471 	 zraR, idnR, fucR
472 	 zraR, idnR, fucR, rhaS
473 	 zraR, idnR, fucR
474 	 zraR, melR, idnR
475 	 zraR, idnR, rhaS
476 	 zraR, melR, idnR
477 	 zraR, idnR, rhaS
478 	 zraR, melR, idnR, fucR
479 	 zraR, idnR, fucR, rhaS
480 	 zraR, melR, idnR, fucR
481 	 zraR, idnR, fucR, rhaS
482 	 zraR, melR, idnR, rhaS
483 	 zraR, melR, idnR
484 	 zraR, melR, idnR, rhaS
485 	 zraR, melR, idnR
486 	 zraR, melR, idnR, fucR, rhaS
487 	 zraR, melR, idnR, fucR
488 	 zraR, melR, idnR, fucR, rhaS
489 	 zraR, melR, idnR, fucR
490 	 zraR, melR, idnR, rhaS
491 	 zraR, melR, idnR, rhaS
492 	 zraR, melR, idnR, fucR, rhaS
493 	 zraR, melR, idnR, fucR, rhaS
494 	 zraR, idnR, rcsA
495 	 zraR, idnR, rcsA
496 	 zraR, idnR, rcsA
497 	 zraR, idnR
498 	 zraR, idnR
499 	 zraR, idnR
500 	 zraR, idnR
501 	 zraR, idnR, fucR, rcsA
502 	 zraR, idnR, fucR, rcsA
503 	 zraR, idnR, fucR, rcsA
504 	 zraR, idnR, fucR, rcsA
505 	 zraR, idnR, fucR
506 	 zraR, idnR, fucR
507 	 zraR, idnR, fucR
508 	 zraR, idnR, fucR
509 	 zraR, idnR, csgD, rcsA
510 	 zraR, idnR, rhaS, rcsA
511 	 zraR, idnR, csgD, rcsA
512 	 zraR, idnR, rhaS, rcsA
513 	 zraR, idnR, fucR, csgD, rcsA
514 	 zraR, idnR, rhaS
515 	 zraR, idnR, fucR, csgD, rcsA
516 	 zraR, idnR, rhaS
517 	 zraR, idnR, rhaS, rcsA
518 	 zraR, idnR, fucR, rhaS, rcsA
519 	 zraR, idnR, rhaS, rcsA
520 	 zraR, idnR, fucR, rhaS, rcsA
521 	 zraR, idnR, rhaS
522 	 zraR, idnR, fucR, rhaS
523 	 zraR, idnR, rhaS
524 	 zraR, idnR, fucR, rhaS
525 	 zraR, idnR, fucR, rhaS, rcsA
526 	 zraR, melR, idnR, rcsA
527 	 zraR, idnR, fucR, rhaS, rcsA
528 	 zraR, melR, idnR, rcsA
529 	 zraR, idnR, fucR, rhaS
530 	 zraR, melR, idnR
531 	 zraR, idnR, fucR, rhaS
532 	 zraR, melR, idnR
533 	 zraR, idnR, rhaS, csgD, rcsA
534 	 zraR, melR, idnR, fucR, rcsA
535 	 zraR, idnR, rhaS, csgD, rcsA
536 	 zraR, melR, idnR, fucR, rcsA
537 	 zraR, idnR, fucR, rhaS, csgD, rcsA
538 	 zraR, melR, idnR, fucR
539 	 zraR, idnR, fucR, rhaS, csgD, rcsA
540 	 zraR, melR, idnR, fucR
541 	 zraR, melR, idnR, rcsA
542 	 zraR, melR, idnR, rhaS, rcsA
543 	 zraR, melR, idnR, rcsA
544 	 zraR, melR, idnR, rhaS, rcsA
545 	 zraR, melR, idnR
546 	 zraR, melR, idnR, rhaS
547 	 zraR, melR, idnR
548 	 zraR, melR, idnR, rhaS
549 	 zraR, melR, idnR, fucR, rcsA
550 	 zraR, melR, idnR, fucR, rhaS, rcsA
551 	 zraR, melR, idnR, fucR, rcsA
552 	 zraR, melR, idnR, fucR, rhaS, rcsA
553 	 zraR, melR, idnR, fucR
554 	 zraR, melR, idnR, fucR, rhaS
555 	 zraR, melR, idnR, fucR
556 	 zraR, melR, idnR, fucR, rhaS
557 	 zraR, melR, idnR, rhaS, rcsA
558 	 zraR, melR, idnR, rhaS, rcsA
559 	 zraR, melR, idnR, csgD, rcsA
560 	 zraR, melR, idnR, csgD, rcsA
561 	 zraR, melR, idnR, fucR, csgD, rcsA
562 	 zraR, melR, idnR, fucR, csgD, rcsA
563 	 zraR, melR, idnR, rhaS
564 	 zraR, melR, idnR, rhaS
565 	 zraR, melR, idnR, fucR, rhaS, rcsA
566 	 zraR, melR, idnR, fucR, rhaS, rcsA
567 	 zraR, melR, idnR, fucR, rhaS
568 	 zraR, melR, idnR, fucR, rhaS
569 	 zraR, melR, idnR, rhaS, csgD, rcsA
570 	 zraR, melR, idnR, rhaS, csgD, rcsA
571 	 zraR, melR, idnR, fucR, rhaS, csgD, rcsA
572 	 zraR, melR, idnR, fucR, rhaS, csgD, rcsA
573 	 zraR, idnR
574 	 zraR, idnR
575 	 zraR, idnR
576 	 zraR, idnR, fucR
577 	 zraR, idnR
578 	 zraR, idnR, fucR
579 	 zraR, idnR, fucR
581 	 zraR, idnR, rhaS
582 	 zraR, idnR, fucR
583 	 zraR, idnR, rhaS
584 	 zraR, idnR, rhaS
585 	 zraR, idnR, fucR, rhaS
586 	 zraR, idnR, rhaS
587 	 zraR, idnR, fucR, rhaS
588 	 zraR, idnR, fucR, rhaS
589 	 zraR, melR, idnR
590 	 zraR, idnR, fucR, rhaS
591 	 zraR, melR, idnR
592 	 zraR, melR, idnR
593 	 zraR, melR, idnR, fucR
594 	 zraR, melR, idnR
595 	 zraR, melR, idnR, fucR
596 	 zraR, melR, idnR, fucR
597 	 zraR, melR, idnR, rhaS
598 	 zraR, melR, idnR, fucR
599 	 zraR, melR, idnR, rhaS
600 	 zraR, melR, idnR, rhaS
601 	 zraR, melR, idnR, fucR, rhaS
602 	 zraR, melR, idnR, rhaS
603 	 zraR, melR, idnR, fucR, rhaS
604 	 zraR, melR, idnR, fucR, rhaS
605 	 zraR, melR, idnR, fucR, rhaS
606 	 zraR, rhaS
607 	 zraR, fucR, rhaS
608 	 zraR, rcsA
609 	 zraR, fucR, rhaS
610 	 zraR, rcsA
611 	 zraR, melR, rcsA
612 	 zraR
613 	 zraR, melR
614 	 zraR
615 	 zraR, melR
616 	 zraR, fucR, rcsA
617 	 zraR, melR, fucR, rcsA
618 	 zraR, fucR, rcsA
619 	 zraR, melR, fucR, rcsA
620 	 zraR, fucR
621 	 zraR, melR, fucR
622 	 zraR, fucR
623 	 zraR, melR, fucR
624 	 zraR, csgD, rcsA
625 	 zraR, melR, rhaS, rcsA
626 	 zraR, csgD, rcsA
627 	 zraR, melR, rhaS, rcsA
628 	 zraR, fucR, csgD, rcsA
629 	 zraR, melR, rhaS
630 	 zraR, fucR, csgD, rcsA
631 	 zraR, melR, rhaS
632 	 zraR, rhaS, rcsA
633 	 zraR, melR, fucR, rhaS, rcsA
634 	 zraR, rhaS, rcsA
635 	 zraR, melR, fucR, rhaS, rcsA
636 	 zraR, rhaS
637 	 zraR, melR, fucR, rhaS
638 	 zraR, rhaS
639 	 zraR, melR, fucR, rhaS
640 	 zraR, fucR, rhaS, rcsA
641 	 zraR, idnR
642 	 zraR, fucR, rhaS, rcsA
643 	 zraR, idnR
644 	 zraR, fucR, rhaS
645 	 zraR, idnR, fucR, rcsA
646 	 zraR, fucR, rhaS
647 	 zraR, idnR, fucR, rcsA
648 	 zraR, rhaS, csgD, rcsA
649 	 zraR, idnR, fucR
650 	 zraR, rhaS, csgD, rcsA
651 	 zraR, idnR, fucR
652 	 zraR, fucR, rhaS, csgD, rcsA
653 	 zraR, idnR, rhaS, rcsA
654 	 zraR, fucR, rhaS, csgD, rcsA
655 	 zraR, idnR, rhaS, rcsA
656 	 zraR, melR, rcsA
657 	 zraR, idnR, rhaS
658 	 zraR, melR, rcsA
659 	 zraR, idnR, rhaS
660 	 zraR, melR
661 	 zraR, idnR, fucR, rhaS, rcsA
662 	 zraR, melR
663 	 zraR, idnR, fucR, rhaS, rcsA
664 	 zraR, melR, fucR, rcsA
665 	 zraR, idnR, fucR, rhaS
666 	 zraR, melR, fucR, rcsA
667 	 zraR, idnR, fucR, rhaS
668 	 zraR, melR, fucR
669 	 zraR, melR, idnR, rcsA
670 	 zraR, melR, fucR
671 	 zraR, melR, idnR, rcsA
672 	 zraR, melR, rhaS, rcsA
673 	 zraR, melR, idnR
674 	 zraR, melR, rhaS, rcsA
675 	 zraR, melR, idnR
676 	 zraR, melR, rhaS
677 	 zraR, melR, idnR, fucR, rcsA
678 	 zraR, melR, rhaS
679 	 zraR, melR, idnR, fucR, rcsA
680 	 zraR, melR, fucR, rhaS, rcsA
681 	 zraR, melR, idnR, fucR
682 	 zraR, melR, fucR, rhaS, rcsA
683 	 zraR, melR, idnR, fucR
684 	 zraR, melR, fucR, rhaS
685 	 zraR, melR, idnR, rhaS, rcsA
686 	 zraR, melR, fucR, rhaS
687 	 zraR, melR, idnR, rhaS, rcsA
688 	 zraR, melR, csgD, rcsA
689 	 zraR, melR, idnR, rhaS
690 	 zraR, melR, csgD, rcsA
691 	 zraR, melR, idnR, rhaS
692 	 zraR, melR, fucR, csgD, rcsA
693 	 zraR, melR, idnR, fucR, rhaS, rcsA
694 	 zraR, melR, fucR, csgD, rcsA
695 	 zraR, rcsA
696 	 zraR, melR, rhaS, csgD, rcsA
697 	 zraR, melR, idnR, fucR, rhaS, rcsA
698 	 zraR, melR, rhaS, csgD, rcsA
699 	 zraR, melR, idnR, fucR, rhaS
700 	 zraR, melR, fucR, rhaS, csgD, rcsA
701 	 zraR, melR, idnR, fucR, rhaS
702 	 zraR, melR, fucR, rhaS, csgD, rcsA
703 	 zraR
704 	 zraR, idnR
705 	 zraR
706 	 zraR, idnR
707 	 zraR, fucR, rcsA
708 	 zraR, idnR, fucR, rcsA
709 	 zraR, fucR, rcsA
710 	 zraR, idnR, fucR, rcsA
711 	 zraR, fucR
712 	 zraR, idnR, fucR
713 	 zraR, fucR
714 	 zraR, idnR, fucR
715 	 zraR, rhaS, rcsA
716 	 zraR, idnR, csgD, rcsA
717 	 zraR, rhaS, rcsA
718 	 zraR, idnR, csgD, rcsA
719 	 zraR, rhaS
720 	 zraR, idnR, fucR, csgD, rcsA
721 	 zraR, rhaS
722 	 zraR, idnR, fucR, csgD, rcsA
723 	 zraR, fucR, rhaS, rcsA
724 	 zraR, idnR, rhaS, rcsA
725 	 zraR, fucR, rhaS, rcsA
726 	 zraR, idnR, rhaS, rcsA
727 	 zraR, fucR, rhaS
728 	 zraR, idnR, rhaS
729 	 zraR, fucR, rhaS
730 	 zraR, idnR, rhaS
731 	 zraR, melR, rcsA
732 	 zraR, idnR, fucR, rhaS, rcsA
733 	 zraR, melR, rcsA
734 	 zraR, idnR, fucR, rhaS, rcsA
735 	 zraR, melR
736 	 zraR, idnR, fucR, rhaS
737 	 zraR, melR
738 	 zraR, idnR, fucR, rhaS
739 	 zraR, melR, fucR, rcsA
740 	 zraR, idnR, rhaS, csgD, rcsA
741 	 zraR, melR, fucR, rcsA
742 	 zraR, idnR, rhaS, csgD, rcsA
743 	 zraR, melR, fucR
744 	 zraR, idnR, fucR, rhaS, csgD, rcsA
745 	 zraR, melR, fucR
747 	 zraR, idnR, fucR, rhaS, csgD, rcsA
748 	 zraR, melR, rhaS, rcsA
749 	 zraR, melR, idnR, rcsA
750 	 zraR, melR, rhaS, rcsA
751 	 zraR, melR, idnR, rcsA
752 	 zraR, melR, rhaS
753 	 zraR, melR, idnR
754 	 zraR, melR, rhaS
755 	 zraR, melR, idnR
756 	 zraR, melR, fucR, rhaS, rcsA
757 	 zraR, melR, idnR, fucR, rcsA
758 	 zraR, melR, fucR, rhaS, rcsA
759 	 zraR, melR, idnR, fucR, rcsA
760 	 zraR, melR, fucR, rhaS
761 	 zraR, melR, idnR, fucR
762 	 zraR, melR, fucR, rhaS
763 	 zraR, melR, idnR, fucR
764 	 zraR, idnR, rcsA
765 	 zraR, melR, idnR, csgD, rcsA
766 	 zraR, idnR, rcsA
767 	 zraR, melR, idnR, csgD, rcsA
768 	 zraR, idnR
769 	 zraR, melR, idnR, fucR, csgD, rcsA
770 	 zraR, idnR
771 	 zraR, melR, idnR, fucR, csgD, rcsA
772 	 zraR, idnR, fucR, rcsA
773 	 zraR, melR, idnR, rhaS, rcsA
774 	 zraR, idnR, fucR, rcsA
775 	 zraR, melR, idnR, rhaS, rcsA
776 	 zraR, idnR, fucR
777 	 zraR, melR, idnR, rhaS
778 	 zraR, idnR, fucR
779 	 zraR, melR, idnR, rhaS
780 	 zraR, idnR, rhaS, rcsA
781 	 zraR, melR, idnR, fucR, rhaS, rcsA
782 	 zraR, idnR, rhaS, rcsA
783 	 zraR, melR, idnR, fucR, rhaS, rcsA
784 	 zraR, idnR, rhaS
785 	 zraR, melR, idnR, fucR, rhaS
786 	 zraR, idnR, rhaS
787 	 zraR, melR, idnR, fucR, rhaS
788 	 zraR, idnR, fucR, rhaS, rcsA
789 	 zraR, melR, idnR, rhaS, csgD, rcsA
790 	 zraR, idnR, fucR, rhaS, rcsA
791 	 zraR, melR, idnR, rhaS, csgD, rcsA
792 	 zraR, idnR, fucR, rhaS
793 	 zraR, melR, idnR, fucR, rhaS, csgD, rcsA
794 	 zraR, idnR, fucR, rhaS
795 	 zraR, melR, idnR, fucR, rhaS, csgD, rcsA
796 	 zraR, melR, idnR, rcsA
797 	 zraR, idnR, rcsA
798 	 zraR, melR, idnR, rcsA
799 	 zraR, idnR, rcsA
800 	 zraR, melR, idnR
801 	 zraR, idnR
802 	 zraR, melR, idnR
803 	 zraR, idnR
804 	 zraR, melR, idnR, fucR, rcsA
805 	 zraR, idnR, fucR, rcsA
806 	 zraR, melR, idnR, fucR, rcsA
807 	 zraR, idnR, fucR, rcsA
808 	 zraR, melR, idnR, fucR
809 	 zraR, idnR, fucR
810 	 zraR, melR, idnR, fucR
811 	 zraR, idnR, fucR
812 	 zraR, melR, idnR, rhaS, rcsA
813 	 zraR, idnR, csgD, rcsA
814 	 zraR, melR, idnR, rhaS, rcsA
815 	 zraR, idnR, rhaS, rcsA
816 	 zraR, melR, idnR, rhaS
817 	 zraR, idnR, rhaS, rcsA
818 	 zraR, melR, idnR, rhaS
819 	 zraR, idnR, rhaS
820 	 zraR, melR, idnR, fucR, rhaS, rcsA
821 	 zraR, idnR, rhaS
822 	 zraR, melR, idnR, fucR, rhaS, rcsA
823 	 zraR, idnR, fucR, rhaS, rcsA
824 	 zraR, melR, idnR, fucR, rhaS
825 	 zraR, idnR, fucR, rhaS, rcsA
826 	 zraR, melR, idnR, fucR, rhaS
827 	 zraR, idnR, fucR, rhaS
828 	 zraR, idnR, fucR, rhaS
829 	 zraR, idnR, csgD, rcsA
830 	 zraR, idnR, fucR, csgD, rcsA
831 	 zraR, idnR, fucR, csgD, rcsA
832 	 zraR, idnR, rhaS, csgD, rcsA
833 	 zraR, idnR, rhaS, csgD, rcsA
834 	 zraR, idnR, fucR, rhaS, csgD, rcsA
835 	 zraR, idnR, fucR, rhaS, csgD, rcsA
836 	 zraR, melR, idnR, rcsA
837 	 zraR, melR, idnR, rcsA
838 	 zraR, melR, idnR
839 	 zraR, melR, idnR
840 	 zraR, melR, idnR, fucR, rcsA
841 	 zraR, melR, idnR, fucR, rcsA
842 	 zraR, melR, idnR, fucR
843 	 zraR, melR, idnR, fucR
844 	 zraR, melR, idnR, rhaS, rcsA
845 	 zraR, melR, idnR, rhaS, rcsA
846 	 zraR, melR, idnR, csgD, rcsA
847 	 zraR, melR, idnR, csgD, rcsA
848 	 zraR, melR, idnR, rhaS
849 	 zraR, melR, idnR, rhaS
850 	 zraR, melR, idnR, fucR, csgD, rcsA
851 	 zraR, melR, idnR, fucR, csgD, rcsA
852 	 zraR, melR, idnR, fucR, rhaS, rcsA
853 	 zraR, melR, idnR, fucR, rhaS, rcsA
854 	 zraR, melR, idnR, fucR, rhaS
855 	 zraR, melR, idnR, fucR, rhaS
856 	 zraR, melR, idnR, rhaS, csgD, rcsA
857 	 zraR, melR, idnR, rhaS, csgD, rcsA
858 	 zraR, melR, idnR, fucR, rhaS, csgD, rcsA
859 	 zraR, melR, idnR, fucR, rhaS, csgD, rcsA
860 	 zraR
861 	 zraR, melR
862 	 zraR
863 	 zraR, melR, fucR
864 	 zraR, fucR
865 	 zraR, melR, fucR
866 	 zraR, fucR
867 	 zraR, melR, rhaS
868 	 zraR, rhaS
869 	 zraR, melR, rhaS
870 	 zraR, rhaS
871 	 zraR, melR, fucR, rhaS
872 	 zraR, fucR, rhaS
873 	 zraR, melR, fucR, rhaS
874 	 zraR, fucR, rhaS
875 	 zraR, idnR
876 	 zraR, melR
877 	 zraR, idnR
878 	 zraR, melR
879 	 zraR, idnR, fucR
880 	 zraR, melR, fucR
881 	 zraR, idnR, fucR
882 	 zraR, melR, fucR
883 	 zraR, idnR, rhaS
884 	 zraR, melR, rhaS
885 	 zraR, idnR, rhaS
886 	 zraR, melR, rhaS
887 	 zraR, idnR, fucR, rhaS
888 	 zraR, melR, fucR, rhaS
889 	 zraR, idnR, fucR, rhaS
890 	 zraR, melR, fucR, rhaS
892 	 zraR
893 	 zraR, idnR
894 	 zraR
895 	 zraR, idnR
896 	 zraR, fucR
897 	 zraR, idnR, fucR
898 	 zraR, fucR
899 	 zraR, idnR, fucR
900 	 zraR, rhaS
901 	 zraR, idnR, rhaS
902 	 zraR, rhaS
903 	 zraR, idnR, rhaS
904 	 zraR, fucR, rhaS
905 	 zraR, idnR, fucR, rhaS
906 	 zraR, fucR, rhaS
907 	 zraR, idnR, fucR, rhaS
908 	 zraR, melR
909 	 zraR, melR, idnR
910 	 zraR, melR
911 	 zraR, melR, idnR
912 	 zraR, melR, fucR
913 	 zraR, melR, idnR, fucR
914 	 zraR, melR, fucR
915 	 zraR, melR, idnR, fucR
916 	 zraR, melR, rhaS
917 	 zraR, melR, idnR, rhaS
918 	 zraR, melR, rhaS
919 	 zraR, melR, idnR, rhaS
920 	 zraR, melR, fucR, rhaS
921 	 zraR, melR, idnR, fucR, rhaS
922 	 zraR, melR, fucR, rhaS
923 	 zraR, melR, idnR, fucR, rhaS
924 	 zraR, melR, idnR
925 	 zraR
926 	 zraR, melR, idnR
927 	 zraR
928 	 zraR, melR, idnR, fucR
929 	 zraR, fucR
930 	 zraR, melR, idnR, fucR
931 	 zraR, fucR
932 	 zraR, melR, idnR, rhaS
933 	 zraR, rhaS
934 	 zraR, melR, idnR, rhaS
935 	 zraR, rhaS
936 	 zraR, melR, idnR, fucR, rhaS
937 	 zraR, fucR, rhaS
938 	 zraR, melR, idnR, fucR, rhaS
939 	 zraR, fucR, rhaS
940 	 zraR, idnR
941 	 zraR, melR
942 	 zraR, idnR
943 	 zraR, melR
944 	 zraR, idnR, fucR
945 	 zraR, melR, fucR
946 	 zraR, idnR, fucR
947 	 zraR, melR, fucR
948 	 zraR, idnR, rhaS
949 	 zraR, melR, rhaS
950 	 zraR, idnR, rhaS
951 	 zraR, melR, rhaS
952 	 zraR, idnR, fucR, rhaS
953 	 zraR, melR, fucR, rhaS
954 	 zraR, idnR, fucR, rhaS
955 	 zraR, melR, fucR, rhaS
956 	 zraR, melR, idnR
957 	 zraR, idnR
959 	 zraR, melR, idnR
960 	 zraR, idnR
961 	 zraR, melR, idnR, fucR
962 	 zraR, idnR, fucR
963 	 zraR, melR, idnR, fucR
964 	 zraR, idnR, fucR
965 	 zraR, melR, idnR, rhaS
966 	 zraR, idnR, rhaS
967 	 zraR, melR, idnR, rhaS
968 	 zraR, idnR, rhaS
969 	 zraR, melR, idnR, fucR, rhaS
970 	 zraR, idnR, fucR, rhaS
971 	 zraR, melR, idnR, fucR, rhaS
972 	 zraR, idnR, fucR, rhaS
973 	 zraR, melR, idnR
974 	 zraR, melR, idnR
976 	 zraR, melR, idnR, fucR
977 	 zraR, melR, idnR, fucR
978 	 zraR, melR, idnR, rhaS
979 	 zraR, melR, idnR, rhaS
980 	 zraR, melR, idnR, fucR, rhaS
981 	 zraR, melR, idnR, fucR, rhaS
983 	 zraR, fucR
984 	 zraR, fucR
985 	 zraR, rhaS
986 	 zraR, rhaS
987 	 zraR, fucR, rhaS
988 	 zraR, fucR, rhaS
989 	 zraR, melR
990 	 zraR, melR
991 	 zraR, melR, fucR, rcsA
992 	 zraR, melR, fucR, rcsA
993 	 zraR, melR, fucR
994 	 zraR, melR, fucR
995 	 zraR, melR, rhaS, rcsA
996 	 zraR, melR, rhaS, rcsA
997 	 zraR, melR, rhaS
998 	 zraR, melR, rhaS
999 	 zraR, melR, fucR, rhaS, rcsA
1000 	 zraR, melR, fucR, rhaS, rcsA
1001 	 zraR, melR, fucR, rhaS
1002 	 zraR, melR, fucR, rhaS
1004 	 zraR, idnR
1007 	 zraR, fucR
1008 	 zraR, idnR
1009 	 zraR, fucR
1010 	 zraR, idnR, fucR
1011 	 zraR, rhaS, rcsA
1012 	 zraR, idnR, fucR
1013 	 zraR, rhaS, rcsA
1014 	 zraR, idnR, rhaS, rcsA
1015 	 zraR, rhaS
1016 	 zraR, idnR, rhaS, rcsA
1017 	 zraR, rhaS
1018 	 zraR, idnR, rhaS
1019 	 zraR, fucR, rhaS, rcsA
1020 	 zraR, idnR, rhaS
1021 	 zraR, fucR, rhaS, rcsA
1022 	 zraR, idnR, fucR, rhaS, rcsA
1023 	 zraR, fucR, rhaS
1024 	 zraR, idnR, fucR, rhaS, rcsA
1025 	 zraR, fucR, rhaS
1026 	 zraR, idnR, fucR, rhaS
1027 	 zraR, melR, rcsA
1028 	 zraR, idnR, fucR, rhaS
1029 	 zraR, melR, rcsA
1030 	 zraR, melR, idnR, rcsA
1031 	 zraR, melR
1032 	 zraR, melR, idnR, rcsA
1033 	 zraR, melR
1034 	 zraR, melR, idnR
1035 	 zraR, melR, fucR, rcsA
1036 	 zraR, melR, idnR
1037 	 zraR, melR, fucR, rcsA
1038 	 zraR, melR, idnR, fucR, rcsA
1039 	 zraR, melR, fucR
1040 	 zraR, melR, idnR, fucR, rcsA
1041 	 zraR, melR, fucR
1042 	 zraR, melR, idnR, fucR
1043 	 zraR, melR, rhaS, rcsA
1044 	 zraR, melR, idnR, fucR
1045 	 zraR, melR, rhaS, rcsA
1046 	 zraR, melR, idnR, rhaS, rcsA
1047 	 zraR, melR, rhaS
1048 	 zraR, melR, idnR, rhaS, rcsA
1049 	 zraR, melR, rhaS
1050 	 zraR, melR, idnR, rhaS
1051 	 zraR, melR, fucR, rhaS, rcsA
1052 	 zraR, melR, idnR, rhaS
1053 	 zraR, melR, fucR, rhaS, rcsA
1054 	 zraR, melR, idnR, fucR, rhaS, rcsA
1055 	 zraR, melR, fucR, rhaS
1056 	 zraR, melR, idnR, fucR, rhaS, rcsA
1057 	 zraR, melR, fucR, rhaS
1058 	 zraR, melR, idnR, fucR, rhaS
1059 	 zraR, melR, idnR, fucR, rhaS
1060 	 zraR, idnR, rcsA
1061 	 zraR, idnR, rcsA
1062 	 zraR, idnR
1063 	 zraR, idnR
1064 	 zraR, idnR, fucR, rcsA
1065 	 zraR, idnR, fucR, rcsA
1066 	 zraR, idnR, fucR
1067 	 zraR, idnR, fucR
1068 	 zraR, idnR, rhaS, rcsA
1069 	 zraR, idnR, rhaS, rcsA
1070 	 zraR, idnR, rhaS
1071 	 zraR, idnR, rhaS
1072 	 zraR, idnR, fucR, rhaS, rcsA
1073 	 zraR, idnR, fucR, rhaS, rcsA
1074 	 zraR, idnR, fucR, rhaS
1075 	 zraR, idnR, fucR, rhaS
1076 	 zraR, melR, idnR, rcsA
1077 	 zraR, melR, idnR, rcsA
1078 	 zraR, melR, idnR
1079 	 zraR, melR, idnR
1080 	 zraR, melR, idnR, fucR, rcsA
1081 	 zraR, melR, idnR, fucR, rcsA
1082 	 zraR, melR, idnR, fucR
1083 	 zraR, melR, idnR, fucR
1084 	 zraR, melR, idnR, rhaS, rcsA
1085 	 zraR, melR, idnR, rhaS, rcsA
1086 	 zraR, melR, idnR, rhaS
1087 	 zraR, melR, idnR, rhaS
1088 	 zraR, melR, idnR, fucR, rhaS, rcsA
1089 	 zraR, melR, idnR, fucR, rhaS, rcsA
1090 	 zraR, melR, idnR, fucR, rhaS
1091 	 zraR, melR, idnR, fucR, rhaS
1092 	 zraR
1093 	 zraR
1094 	 zraR, fucR
1095 	 zraR, fucR
1096 	 zraR, rhaS, rcsA
1097 	 zraR, rhaS, rcsA
1098 	 zraR, rhaS
1099 	 zraR, rhaS
1100 	 zraR, fucR, rhaS, rcsA
1101 	 zraR, fucR, rhaS, rcsA
1102 	 zraR, fucR, rhaS
1103 	 zraR, fucR, rhaS
1104 	 zraR, melR, rcsA
1105 	 zraR, melR, rcsA
1106 	 zraR, melR
1107 	 zraR, melR
1108 	 zraR, melR, fucR, rcsA
1109 	 zraR, melR, fucR, rcsA
1110 	 zraR, melR, fucR
1111 	 zraR, melR, fucR
1112 	 zraR, melR, rhaS, rcsA
1113 	 zraR, melR, rhaS, rcsA
1114 	 zraR, melR, rhaS
1115 	 zraR, melR, rhaS
1116 	 zraR, melR, fucR, rhaS, rcsA
1117 	 zraR, melR, fucR, rhaS, rcsA
1118 	 zraR, melR, fucR, rhaS
1119 	 zraR, melR, fucR, rhaS
1120 	 zraR, idnR, rcsA
1121 	 zraR, rcsA
1122 	 zraR, idnR, rcsA
1123 	 zraR, rcsA
1124 	 zraR, idnR
1125 	 zraR
1126 	 zraR, idnR
1127 	 zraR
1128 	 zraR, idnR, fucR, rcsA
1129 	 zraR, fucR, rcsA
1130 	 zraR, idnR, fucR, rcsA
1131 	 zraR, fucR, rcsA
1132 	 zraR, idnR, fucR
1133 	 zraR, fucR
1134 	 zraR, idnR, fucR
1135 	 zraR, fucR
1136 	 zraR, idnR, rhaS, rcsA
1137 	 zraR, rhaS, rcsA
1138 	 zraR, idnR, rhaS, rcsA
1139 	 zraR, rhaS, rcsA
1140 	 zraR, idnR, rhaS
1141 	 zraR, rhaS
1142 	 zraR, idnR, rhaS
1143 	 zraR, rhaS
1144 	 zraR, idnR, fucR, rhaS, rcsA
1145 	 zraR, fucR, rhaS, rcsA
1146 	 zraR, idnR, fucR, rhaS, rcsA
1147 	 zraR, fucR, rhaS, rcsA
1148 	 zraR, idnR, fucR, rhaS
1149 	 zraR, fucR, rhaS
1150 	 zraR, idnR, fucR, rhaS
1151 	 zraR, fucR, rhaS
1152 	 zraR, melR, idnR, rcsA
1153 	 zraR, melR, rcsA
1154 	 zraR, melR, idnR, rcsA
1155 	 zraR, melR, rcsA
1156 	 zraR, melR, idnR
1157 	 zraR, melR
1158 	 zraR, melR, idnR
1159 	 zraR, melR
1160 	 zraR, melR, idnR, fucR, rcsA
1161 	 zraR, melR, fucR, rcsA
1162 	 zraR, melR, idnR, fucR, rcsA
1163 	 zraR, melR, fucR, rcsA
1164 	 zraR, melR, idnR, fucR
1165 	 zraR, melR, fucR
1166 	 zraR, melR, idnR, fucR
1167 	 zraR, melR, fucR
1168 	 zraR, melR, idnR, rhaS, rcsA
1169 	 zraR, melR, rhaS, rcsA
1170 	 zraR, melR, idnR, rhaS, rcsA
1171 	 zraR, melR, rhaS, rcsA
1172 	 zraR, melR, idnR, rhaS
1173 	 zraR, melR, rhaS
1174 	 zraR, melR, idnR, rhaS
1175 	 zraR, melR, rhaS
1176 	 zraR, melR, idnR, fucR, rhaS, rcsA
1177 	 zraR, melR, fucR, rhaS, rcsA
1178 	 zraR, melR, idnR, fucR, rhaS, rcsA
1179 	 zraR, melR, fucR, rhaS, rcsA
1180 	 zraR, melR, idnR, fucR, rhaS
1181 	 zraR, melR, fucR, rhaS
1182 	 zraR, melR, idnR, fucR, rhaS
1183 	 zraR, melR, fucR, rhaS
1184 	 zraR, idnR, rcsA
1185 	 zraR, idnR, rcsA
1186 	 zraR, idnR
1187 	 zraR, idnR
1188 	 zraR, idnR, fucR, rcsA
1189 	 zraR, idnR, fucR, rcsA
1190 	 zraR, idnR, fucR
1191 	 zraR, idnR, fucR
1192 	 zraR, idnR, rhaS, rcsA
1193 	 zraR, idnR, rhaS, rcsA
1194 	 zraR, idnR, rhaS
1195 	 zraR, idnR, rhaS
1196 	 zraR, idnR, fucR, rhaS, rcsA
1197 	 zraR, idnR, fucR, rhaS, rcsA
1198 	 zraR, idnR, fucR, rhaS
1199 	 zraR, idnR, fucR, rhaS
1200 	 zraR, melR, idnR, rcsA
1201 	 zraR, melR, idnR, rcsA
1202 	 zraR, melR, idnR
1203 	 zraR, melR, idnR
1204 	 zraR, melR, idnR, fucR, rcsA
1205 	 zraR, melR, idnR, fucR, rcsA
1206 	 zraR, melR, idnR, fucR
1207 	 zraR, melR, idnR, fucR
1208 	 zraR, melR, idnR, rhaS, rcsA
1209 	 zraR, melR, idnR, rhaS, rcsA
1210 	 zraR, melR, idnR, rhaS
1211 	 zraR, melR, idnR, rhaS
1212 	 zraR, melR, idnR, fucR, rhaS, rcsA
1213 	 zraR, melR, idnR, fucR, rhaS, rcsA
1214 	 zraR, melR, idnR, fucR, rhaS
1215 	 zraR, melR, idnR, fucR, rhaS
1226 	 zraR, fucR
1227 	 zraR, fucR
1228 	 zraR, rhaS
1229 	 zraR, melR
1230 	 zraR, rhaS
1231 	 zraR, fucR, rhaS
1232 	 zraR, fucR, rhaS
1233 	 zraR, melR
1234 	 zraR, melR, fucR
1235 	 zraR, melR, fucR
1236 	 zraR, melR, rhaS
1237 	 zraR, melR, rhaS
1238 	 zraR, melR, fucR, rhaS
1239 	 zraR, melR, fucR, rhaS
1241 	 zraR, idnR
1243 	 zraR, idnR
1244 	 zraR, fucR
1245 	 zraR, idnR, fucR
1246 	 zraR, fucR
1247 	 zraR, idnR, fucR
1248 	 zraR, rhaS
1249 	 zraR, idnR, rhaS
1250 	 zraR, rhaS
1251 	 zraR, idnR, rhaS
1252 	 zraR, fucR, rhaS
1253 	 zraR, idnR, fucR, rhaS
1254 	 zraR, fucR, rhaS
1255 	 zraR, idnR, fucR, rhaS
1256 	 zraR, melR
1257 	 zraR, melR, idnR
1258 	 zraR, melR
1259 	 zraR, melR, idnR
1260 	 zraR, melR, fucR
1261 	 zraR, melR, idnR, fucR
1262 	 zraR, melR, fucR
1263 	 zraR, melR, idnR, fucR
1264 	 zraR, melR, rhaS
1265 	 zraR, melR, idnR, rhaS
1266 	 zraR, melR, rhaS
1267 	 zraR, melR, idnR, rhaS
1268 	 zraR, melR, fucR, rhaS
1269 	 zraR, melR, idnR, fucR, rhaS
1270 	 zraR, melR, fucR, rhaS
1271 	 zraR, melR, idnR, fucR, rhaS
1272 	 zraR, idnR
1273 	 zraR, idnR
1274 	 zraR, idnR, fucR
1275 	 zraR, idnR, fucR
1276 	 zraR, idnR, rhaS
1277 	 zraR, idnR, rhaS
1278 	 zraR, idnR, fucR, rhaS
1279 	 zraR, idnR, fucR, rhaS
1280 	 zraR, melR, idnR
1281 	 zraR, melR, idnR
1282 	 zraR, melR, idnR, fucR
1283 	 zraR, melR, idnR, fucR
1284 	 zraR, melR, idnR, rhaS
1285 	 zraR, melR, idnR, rhaS
1286 	 zraR, melR, idnR, fucR, rhaS
1287 	 zraR, melR, idnR, fucR, rhaS
1288 	 zraR
1289 	 zraR
1290 	 zraR, fucR
1291 	 zraR, fucR
1292 	 zraR, rhaS
1293 	 zraR, rhaS
1294 	 zraR, fucR, rhaS
1295 	 zraR, fucR, rhaS
1296 	 zraR, melR
1297 	 zraR, melR
1298 	 zraR, melR, fucR
1299 	 zraR, melR, fucR
1300 	 zraR, melR, rhaS
1301 	 zraR, melR, rhaS
1302 	 zraR, melR, fucR, rhaS
1303 	 zraR, melR, fucR, rhaS
1304 	 zraR, idnR
1305 	 zraR
1306 	 zraR, idnR
1307 	 zraR
1308 	 zraR, idnR, fucR
1309 	 zraR, fucR
1310 	 zraR, idnR, fucR
1311 	 zraR, fucR
1312 	 zraR, idnR, rhaS
1313 	 zraR, rhaS
1314 	 zraR, idnR, rhaS
1315 	 zraR, rhaS
1316 	 zraR, idnR, fucR, rhaS
1317 	 zraR, fucR, rhaS
1318 	 zraR, idnR, fucR, rhaS
1319 	 zraR, fucR, rhaS
1320 	 zraR, melR, idnR
1321 	 zraR, melR
1322 	 zraR, melR, idnR
1323 	 zraR, melR
1324 	 zraR, melR, idnR, fucR
1325 	 zraR, melR, fucR
1326 	 zraR, melR, idnR, fucR
1327 	 zraR, melR, fucR
1328 	 zraR, melR, idnR, rhaS
1329 	 zraR, melR, rhaS
1330 	 zraR, melR, idnR, rhaS
1331 	 zraR, melR, rhaS
1332 	 zraR, melR, idnR, fucR, rhaS
1333 	 zraR, melR, fucR, rhaS
1334 	 zraR, melR, idnR, fucR, rhaS
1335 	 zraR, melR, fucR, rhaS
1336 	 zraR, idnR
1337 	 zraR, idnR
1338 	 zraR, idnR, fucR
1339 	 zraR, idnR, fucR
1340 	 zraR, idnR, rhaS
1341 	 zraR, idnR, rhaS
1342 	 zraR, idnR, fucR, rhaS
1344 	 zraR, idnR, fucR, rhaS
1345 	 zraR, melR, idnR
1346 	 zraR, melR, idnR
1347 	 zraR, melR, idnR, fucR
1348 	 zraR, melR, idnR, fucR
1349 	 zraR, melR, idnR, rhaS
1350 	 zraR, melR, idnR, rhaS
1351 	 zraR, melR, idnR, fucR, rhaS
1352 	 zraR, melR, idnR, fucR, rhaS
1353 	 zraR, fucR
1354 	 zraR, fucR
1355 	 zraR, rhaS
1356 	 zraR, rhaS
1357 	 zraR, fucR, rhaS, rcsA
1358 	 zraR, fucR, rhaS
1359 	 zraR, fucR, rhaS
1360 	 zraR, melR
1361 	 zraR, melR
1362 	 zraR, melR, fucR, rcsA
1363 	 zraR, melR, fucR, rcsA
1364 	 zraR, melR, fucR
1365 	 zraR, melR, fucR
1366 	 zraR, melR, rhaS, rcsA
1367 	 zraR, melR, rhaS
1368 	 zraR, melR, rhaS
1369 	 zraR, melR, fucR, rhaS, rcsA
1370 	 zraR, melR, fucR, rhaS, rcsA
1371 	 zraR, melR, fucR, rhaS
1372 	 zraR, melR, fucR, rhaS
1373 	 zraR, idnR
1375 	 zraR, idnR
1377 	 zraR, idnR, fucR
1378 	 zraR, fucR, rcsA
1379 	 zraR, idnR, fucR
1380 	 zraR, fucR, rcsA
1381 	 zraR, idnR, rhaS, rcsA
1382 	 zraR, fucR
1383 	 zraR, idnR, rhaS
1384 	 zraR, fucR
1385 	 zraR, idnR, rhaS
1386 	 zraR, rhaS, rcsA
1387 	 zraR, idnR, fucR, rhaS, rcsA
1388 	 zraR, rhaS, rcsA
1389 	 zraR, idnR, fucR, rhaS, rcsA
1390 	 zraR, rhaS
1391 	 zraR, idnR, fucR, rhaS
1392 	 zraR, rhaS
1393 	 zraR, idnR, fucR, rhaS
1394 	 zraR, fucR, rhaS, rcsA
1395 	 zraR, melR, idnR, rcsA
1396 	 zraR, fucR, rhaS, rcsA
1397 	 zraR, melR, idnR, rcsA
1398 	 zraR, fucR, rhaS
1399 	 zraR, melR, idnR
1400 	 zraR, fucR, rhaS
1401 	 zraR, melR, idnR
1402 	 zraR, melR, rcsA
1403 	 zraR, melR, idnR, fucR, rcsA
1404 	 zraR, melR, rcsA
1405 	 zraR, melR, idnR, fucR, rcsA
1406 	 zraR, melR
1407 	 zraR, melR, idnR, fucR
1408 	 zraR, melR, fucR, rcsA
1409 	 zraR, melR, idnR, fucR
1410 	 zraR, melR, fucR, rcsA
1411 	 zraR, melR, idnR, rhaS, rcsA
1412 	 zraR, melR
1413 	 zraR, melR, idnR, rhaS, rcsA
1414 	 zraR, melR, fucR
1415 	 zraR, melR, idnR, fucR, rhaS, rcsA
1416 	 zraR, melR, fucR
1417 	 zraR, melR, idnR, fucR, rhaS, rcsA
1418 	 zraR, melR, rhaS, rcsA
1419 	 zraR, melR, idnR, rhaS
1420 	 zraR, melR, rhaS, rcsA
1421 	 zraR, melR, idnR, rhaS
1422 	 zraR, melR, rhaS
1423 	 zraR, melR, idnR, fucR, rhaS
1424 	 zraR, melR, rhaS
1425 	 zraR, melR, idnR, fucR, rhaS
1426 	 zraR, melR, fucR, rhaS, rcsA
1427 	 zraR, melR, fucR, rhaS, rcsA
1428 	 zraR, melR, fucR, rhaS
1429 	 zraR, melR, fucR, rhaS
1430 	 zraR, idnR, rcsA
1431 	 zraR, idnR, rcsA
1432 	 zraR, idnR
1433 	 zraR, idnR
1434 	 zraR, idnR, fucR, rcsA
1435 	 zraR, idnR, fucR, rcsA
1436 	 zraR, idnR, fucR
1437 	 zraR, idnR, fucR
1438 	 zraR, idnR, rhaS, rcsA
1439 	 zraR, idnR, rhaS, rcsA
1440 	 zraR, idnR, fucR, rhaS, rcsA
1441 	 zraR, idnR, rhaS
1442 	 zraR, idnR, fucR, rhaS, rcsA
1443 	 zraR, idnR, rhaS
1444 	 zraR, idnR, fucR, rhaS
1445 	 zraR, idnR, fucR, rhaS
1446 	 zraR, melR, idnR, rcsA
1447 	 zraR, melR, idnR, rcsA
1448 	 zraR, melR, idnR, fucR, rcsA
1449 	 zraR, melR, idnR
1450 	 zraR, melR, idnR, fucR, rcsA
1451 	 zraR, melR, idnR
1452 	 zraR, melR, idnR, fucR
1453 	 zraR, melR, idnR, fucR
1454 	 zraR, melR, idnR, rhaS, rcsA
1455 	 zraR, melR, idnR, rhaS, rcsA
1456 	 zraR, melR, idnR, rhaS
1457 	 zraR, melR, idnR, fucR, rhaS, rcsA
1458 	 zraR, melR, idnR, rhaS
1459 	 zraR, melR, idnR, fucR, rhaS, rcsA
1460 	 zraR, melR, idnR, fucR, rhaS
1461 	 zraR, melR, idnR, fucR, rhaS
1462 	 zraR, rhaS, rcsA
1463 	 zraR
1464 	 zraR, rhaS, rcsA
1465 	 zraR
1466 	 zraR, fucR, rhaS, rcsA
1467 	 zraR, rhaS
1468 	 zraR, fucR
1469 	 zraR, rhaS
1470 	 zraR, fucR
1471 	 zraR, fucR, rhaS, rcsA
1472 	 zraR, fucR, rhaS
1473 	 zraR, fucR, rhaS
1474 	 zraR, melR, rcsA
1475 	 zraR, melR, rcsA
1476 	 zraR, melR, fucR, rcsA
1477 	 zraR, melR, fucR, rcsA
1478 	 zraR, melR, rhaS, rcsA
1479 	 zraR, melR
1480 	 zraR, melR, rhaS, rcsA
1481 	 zraR, melR
1482 	 zraR, melR, fucR, rhaS, rcsA
1483 	 zraR, melR, fucR
1484 	 zraR, melR, fucR, rhaS, rcsA
1485 	 zraR, melR, rhaS
1486 	 zraR, melR, fucR
1487 	 zraR, melR, rhaS
1488 	 zraR, melR, fucR, rhaS
1489 	 zraR, melR, fucR, rhaS
1490 	 zraR, idnR, rcsA
1491 	 zraR, rcsA
1492 	 zraR, idnR, rcsA
1493 	 zraR, fucR, rcsA
1494 	 zraR, idnR, rhaS, rcsA
1495 	 zraR
1496 	 zraR, idnR, fucR, rcsA
1497 	 zraR, rhaS, rcsA
1498 	 zraR, idnR
1499 	 zraR, rcsA
1500 	 zraR, idnR
1501 	 zraR, rhaS, rcsA
1502 	 zraR, idnR, rhaS, rcsA
1503 	 zraR, melR, rcsA
1504 	 zraR, idnR, rhaS
1505 	 zraR, fucR, rhaS, rcsA
1506 	 zraR, idnR, rhaS
1507 	 zraR, melR, rhaS, rcsA
1508 	 zraR, melR, idnR, rcsA
1509 	 zraR, rhaS
1510 	 zraR, melR, idnR, rhaS, rcsA
1511 	 zraR, fucR, rcsA
1512 	 zraR, idnR, fucR, rhaS, rcsA
1513 	 zraR, melR, rcsA
1514 	 zraR, melR, idnR, rcsA
1515 	 zraR, fucR, rhaS, rcsA
1516 	 zraR, idnR, fucR, rcsA
1517 	 zraR, melR, rhaS, rcsA
1518 	 zraR, melR, idnR, rhaS, rcsA
1519 	 zraR, melR, fucR, rcsA
1520 	 zraR, idnR, fucR, rhaS, rcsA
1521 	 zraR, melR
1522 	 zraR, melR, idnR
1523 	 zraR, melR, fucR, rhaS, rcsA
1524 	 zraR, idnR, fucR
1525 	 zraR, melR, fucR, rcsA
1526 	 zraR, idnR, fucR
1527 	 zraR
1528 	 zraR, melR, idnR, fucR, rcsA
1529 	 zraR, rhaS
1530 	 zraR, melR, idnR, fucR, rhaS, rcsA
1531 	 zraR, melR
1532 	 zraR, melR, idnR, fucR, rcsA
1533 	 zraR, fucR
1534 	 zraR, melR, idnR, fucR, rhaS, rcsA
1535 	 zraR, melR, fucR
1536 	 zraR, melR, idnR, rhaS
1537 	 zraR, fucR, rhaS
1538 	 zraR, idnR, fucR, rhaS
1539 	 zraR, melR, rhaS
1540 	 zraR, melR, idnR, fucR
1541 	 zraR, fucR
1542 	 zraR, melR, idnR
1543 	 zraR, fucR, rhaS
1544 	 zraR, melR, idnR, rhaS
1545 	 zraR, melR, fucR, rhaS
1546 	 zraR, idnR, fucR, rhaS
1547 	 zraR, melR, fucR
1548 	 zraR, melR, idnR, fucR, rhaS
1549 	 zraR, melR, rhaS
1550 	 zraR, melR, idnR, fucR
1551 	 zraR, melR, fucR, rhaS, rcsA
1552 	 zraR, melR, idnR, fucR, rhaS
1553 	 zraR, melR, fucR, rhaS
1554 	 zraR, idnR, rcsA
1555 	 zraR, idnR, rhaS, rcsA
1556 	 zraR, idnR, rcsA
1557 	 zraR, melR, idnR, rcsA
1558 	 zraR, idnR, rhaS, rcsA
1559 	 zraR, melR, idnR, rcsA
1560 	 zraR, melR, idnR, rhaS, rcsA
1561 	 zraR, idnR, fucR, rcsA
1562 	 zraR, melR, idnR, fucR, rcsA
1563 	 zraR, idnR
1564 	 zraR, idnR, rhaS
1565 	 zraR, idnR
1566 	 zraR, idnR, fucR
1567 	 zraR, melR, idnR, rhaS, rcsA
1568 	 zraR, idnR, fucR, rhaS, rcsA
1569 	 zraR, idnR, fucR, rcsA
1570 	 zraR, idnR, fucR, rhaS
1571 	 zraR, melR, idnR, fucR, rhaS, rcsA
1572 	 zraR, idnR, fucR, rhaS, rcsA
1573 	 zraR, melR, idnR
1574 	 zraR, idnR, rhaS
1575 	 zraR, melR, idnR, fucR, rcsA
1576 	 zraR, idnR, fucR
1577 	 zraR, melR, idnR, fucR, rhaS, rcsA
1578 	 zraR, melR, idnR, fucR
1579 	 zraR, melR, idnR, rhaS
1580 	 zraR, melR, idnR
1581 	 zraR, melR, idnR, fucR, rhaS
1582 	 zraR, melR, idnR, rhaS
1583 	 zraR, melR, idnR, fucR
1584 	 zraR, idnR, fucR, rhaS
1585 	 zraR, melR, idnR, fucR, rhaS
1590 	 zraR, fucR
1592 	 zraR, rcsA
1594 	 zraR, rcsA
1600 	 zraR, fucR, rcsA
1602 	 zraR, fucR
1604 	 zraR, melR, rcsA
1606 	 zraR, fucR, rcsA
1608 	 zraR, idnR, rcsA
1610 	 zraR, idnR
1612 	 zraR, melR, fucR, rcsA
1614 	 zraR, fucR
1616 	 zraR, idnR
1617 	 zraR, rhaS
1618 	 zraR, melR, rcsA
1619 	 zraR, idnR
1620 	 zraR, idnR, rcsA
1621 	 zraR, melR
1622 	 zraR, melR, idnR, rcsA
1624 	 zraR, melR, rhaS, rcsA
1625 	 zraR, idnR
1626 	 zraR, rhaS, rcsA
1627 	 zraR, fucR
1628 	 zraR, idnR, rhaS, rcsA
1629 	 zraR, melR, fucR
1630 	 zraR, melR, rcsA
1632 	 zraR, idnR, rhaS, rcsA
1633 	 zraR, fucR
1634 	 zraR, idnR, fucR, rcsA
1635 	 zraR, melR
1636 	 zraR, melR, rcsA
1637 	 zraR, idnR, rhaS
1638 	 zraR, idnR, fucR, rcsA
1639 	 zraR, melR, rhaS
1640 	 zraR, fucR, rhaS, rcsA
1641 	 zraR, melR
1642 	 zraR, fucR, rhaS, rcsA
1643 	 zraR, melR, idnR
1644 	 zraR, melR, fucR, rcsA
1645 	 zraR, melR, idnR, rhaS
1646 	 zraR, rhaS, rcsA
1647 	 zraR, fucR, rhaS
1648 	 zraR, melR, rhaS, rcsA
1649 	 zraR, melR, fucR
1650 	 zraR, melR, fucR, rhaS, rcsA
1651 	 zraR, idnR
1652 	 zraR, melR, idnR, rhaS, rcsA
1653 	 zraR, melR, idnR
1654 	 zraR, melR, rhaS, rcsA
1655 	 zraR, idnR, fucR
1656 	 zraR, melR, rhaS, rcsA
1657 	 zraR, idnR, fucR
1658 	 zraR, rhaS
1659 	 zraR, melR, idnR, fucR
1660 	 zraR, melR, fucR, rcsA
1661 	 zraR, idnR, fucR, rhaS
1662 	 zraR, melR, idnR, rcsA
1663 	 zraR, melR, fucR, rhaS
1664 	 zraR, melR, fucR, rcsA
1665 	 zraR, rhaS
1666 	 zraR, melR, idnR, rcsA
1667 	 zraR, melR, idnR, fucR, rhaS
1668 	 zraR, fucR, rhaS, rcsA
1669 	 zraR, melR, idnR, fucR
1670 	 zraR, melR
1671 	 zraR, rhaS
1672 	 zraR, melR, idnR, fucR, rcsA
1674 	 zraR, idnR, fucR, rhaS, rcsA
1675 	 zraR, rhaS
1676 	 zraR, melR, idnR, fucR, rhaS, rcsA
1677 	 zraR, idnR
1678 	 zraR, melR, idnR, rhaS, rcsA
1679 	 zraR, fucR, rhaS
1680 	 zraR, melR
1681 	 zraR, idnR, rhaS
1682 	 zraR, melR, idnR, rcsA
1683 	 zraR, idnR, rhaS
1684 	 zraR, idnR, fucR
1685 	 zraR, melR, rhaS
1686 	 zraR, fucR
1687 	 zraR, melR, idnR, rhaS
1688 	 zraR, idnR, rhaS, rcsA
1689 	 zraR, melR, fucR, rhaS
1690 	 zraR, idnR, fucR
1691 	 zraR, melR, rhaS
1692 	 zraR, idnR, rhaS, rcsA
1693 	 zraR, idnR, fucR, rhaS
1694 	 zraR, rhaS
1695 	 zraR, melR, idnR, fucR, rhaS
1696 	 zraR, idnR, fucR, rhaS, rcsA
1697 	 zraR, melR, idnR
1698 	 zraR, rhaS
1699 	 zraR, fucR
1700 	 zraR, idnR, rhaS
1701 	 zraR, melR, fucR
1702 	 zraR, melR, idnR
1703 	 zraR, fucR
1704 	 zraR, idnR
1705 	 zraR, melR, idnR, rhaS
1706 	 zraR, melR
1707 	 zraR, idnR, fucR
1708 	 zraR, rhaS
1709 	 zraR, melR, idnR, fucR
1710 	 zraR, melR
1711 	 zraR, fucR, rhaS
1712 	 zraR, melR, idnR
1713 	 zraR, melR, fucR, rhaS
1714 	 zraR, idnR, fucR, rhaS, rcsA
1715 	 zraR, fucR, rhaS
1716 	 zraR, fucR, rhaS
1717 	 zraR, idnR, fucR
1718 	 zraR, melR, idnR, fucR, rcsA
1719 	 zraR, melR
1720 	 zraR, fucR, rhaS, rcsA
1721 	 zraR, melR, fucR
1722 	 zraR, idnR, fucR, rhaS, rcsA
1723 	 zraR, melR, rhaS
1724 	 zraR, fucR, rhaS
1725 	 zraR, melR, idnR
1726 	 zraR, melR, fucR
1727 	 zraR, idnR, rhaS
1728 	 zraR, fucR, rhaS
1729 	 zraR, melR, idnR, rhaS
1730 	 zraR, melR, idnR, fucR, rcsA
1731 	 zraR, idnR, fucR, rhaS
1732 	 zraR, melR, idnR, rhaS, rcsA
1733 	 zraR, melR, fucR, rhaS
1734 	 zraR, melR, idnR, fucR, rcsA
1735 	 zraR
1736 	 zraR, idnR, fucR
1737 	 zraR, idnR, fucR, rhaS
1738 	 zraR, fucR, rhaS
1739 	 zraR, melR, idnR, fucR, rhaS
1740 	 zraR, melR, idnR
1741 	 zraR, melR, idnR, fucR
1742 	 zraR, idnR, fucR, rhaS
1743 	 zraR, melR, idnR, fucR, rhaS
1744 	 zraR, melR, fucR, rhaS, rcsA
1745 	 zraR, melR
1746 	 zraR, melR, rhaS
1747 	 zraR, idnR
1748 	 zraR, melR, fucR, rhaS, rcsA
1749 	 zraR, melR, idnR
1750 	 zraR, melR, rhaS
1751 	 zraR
1752 	 zraR, idnR, rhaS
1753 	 zraR, melR
1754 	 zraR, idnR, fucR, rhaS
1755 	 zraR
1756 	 zraR, idnR
1757 	 zraR, idnR
1758 	 zraR, idnR, fucR
1759 	 zraR, melR, idnR
1760 	 zraR, idnR, rhaS
1761 	 zraR, fucR
1762 	 zraR, melR, fucR, rhaS
1763 	 zraR, idnR
1764 	 zraR, melR, fucR
1765 	 zraR, idnR, fucR
1766 	 zraR, melR, fucR, rhaS
1767 	 zraR, melR, fucR
1768 	 zraR, melR, rhaS
1769 	 zraR, melR, idnR, fucR
1770 	 zraR, melR, fucR
1771 	 zraR, melR
1772 	 zraR, melR, fucR, rhaS, rcsA
1773 	 zraR, fucR
1774 	 zraR, idnR, rhaS
1775 	 zraR, rhaS
1776 	 zraR, idnR, fucR, rhaS
1777 	 zraR, melR, rhaS
1778 	 zraR, idnR, fucR, rhaS
1779 	 zraR, idnR, rhaS
1780 	 zraR, melR, idnR, fucR, rhaS, rcsA
1781 	 zraR, rhaS
1782 	 zraR, melR, idnR, rhaS
1783 	 zraR, fucR
1784 	 zraR, melR, idnR, rhaS
1785 	 zraR, fucR, rhaS
1787 	 zraR, melR, idnR, fucR
1789 	 zraR, melR, idnR, fucR, rhaS
1791 	 zraR, melR, idnR, fucR
1794 	 zraR, idnR, fucR
1796 	 zraR, melR, idnR, rhaS
1798 	 zraR, melR, idnR, fucR
1800 	 zraR, melR, fucR, rhaS
1802 	 zraR, melR, idnR, fucR, rhaS
1804 	 zraR, melR, idnR, fucR, rhaS, rcsA
1806 	 zraR, melR, idnR, fucR, rhaS
1808 	 zraR, melR, rhaS
1810 	 zraR, melR, fucR
1812 	 zraR
1814 	 zraR, idnR, rcsA
1815 	 zraR, melR, idnR
1816 	 zraR, melR, idnR, rhaS
1817 	 zraR, rcsA
1818 	 zraR, melR, rhaS
1819 	 zraR
1820 	 zraR, melR, fucR
1821 	 zraR, rhaS, rcsA
1822 	 zraR, melR, fucR, rhaS
1823 	 zraR, idnR, rcsA
1824 	 zraR, idnR, fucR
1825 	 zraR, melR, rcsA
1826 	 zraR, melR, fucR
1827 	 zraR, idnR, rhaS, rcsA
1828 	 zraR, rhaS
1829 	 zraR, melR, rcsA
1830 	 zraR, idnR, rhaS
1831 	 zraR, fucR, rhaS, rcsA
1832 	 zraR, melR, idnR
1833 	 zraR, fucR
1834 	 zraR, idnR, fucR, rhaS
1835 	 zraR, idnR, rcsA
1836 	 zraR, fucR, rhaS
1837 	 zraR, melR, rhaS, rcsA
1838 	 zraR, fucR, rhaS
1839 	 zraR, melR, idnR, rcsA
1840 	 zraR, idnR, rhaS
1841 	 zraR, melR, idnR, fucR
1842 	 zraR
1843 	 zraR, idnR, fucR, rcsA
1844 	 zraR, rhaS
1845 	 zraR, melR, idnR, rcsA
1846 	 zraR, fucR
1847 	 zraR, melR, idnR, rhaS, rcsA
1848 	 zraR, melR, idnR, rhaS
1849 	 zraR, rhaS, rcsA
1850 	 zraR, idnR, fucR, rhaS
1851 	 zraR, fucR, rcsA
1852 	 zraR, melR
1853 	 zraR, idnR, fucR, rcsA
1854 	 zraR, melR, idnR, fucR, rhaS
1855 	 zraR, rcsA
1856 	 zraR, melR, fucR
1857 	 zraR, melR, idnR, rhaS, rcsA
1858 	 zraR, melR, rhaS
1859 	 zraR, melR, fucR, rcsA
1860 	 zraR, melR, fucR, rhaS
1861 	 zraR, rhaS, rcsA
1862 	 zraR, melR, idnR, rhaS
1863 	 zraR, fucR, rhaS, rcsA
1864 	 zraR, idnR
1865 	 zraR, melR, idnR, fucR, rcsA
1866 	 zraR, idnR, fucR, rhaS
1867 	 zraR, idnR
1868 	 zraR, melR, idnR, fucR
1869 	 zraR, idnR, rhaS, rcsA
1870 	 zraR, fucR, rhaS
1871 	 zraR, melR, rhaS, rcsA
1872 	 zraR, melR, fucR, rhaS
1873 	 zraR, idnR, rcsA
1874 	 zraR, idnR, rhaS
1875 	 zraR, melR, rcsA
1876 	 zraR, melR, rhaS
1877 	 zraR, fucR, rcsA
1878 	 zraR, melR, idnR
1879 	 zraR, idnR, fucR, rhaS, rcsA
1880 	 zraR, melR, idnR, fucR, rhaS
1881 	 zraR, melR, rcsA
1882 	 zraR, melR, idnR, fucR
1883 	 zraR, melR, idnR, rhaS, rcsA
1884 	 zraR, melR, idnR, rhaS
1885 	 zraR, melR, fucR, rcsA
1886 	 zraR, idnR, fucR
1887 	 zraR, rhaS
1888 	 zraR, melR, idnR, fucR
1889 	 zraR, idnR, rhaS, rcsA
1890 	 zraR, idnR, fucR, rhaS
1891 	 zraR, melR, rhaS, rcsA
1892 	 zraR, melR, idnR, fucR, rhaS
1893 	 zraR
1894 	 zraR, melR, fucR, rhaS
1895 	 zraR, melR
1896 	 zraR, melR, idnR, fucR, rhaS
1897 	 zraR, melR, fucR, rcsA
1898 	 zraR, idnR
1899 	 zraR, fucR, rhaS
1900 	 zraR, melR, fucR
1901 	 zraR, idnR, fucR, rcsA
1902 	 zraR, rhaS
1903 	 zraR, melR, fucR, rhaS, rcsA
1904 	 zraR, idnR, fucR
1905 	 zraR, fucR, rhaS, rcsA
1906 	 zraR, rhaS
1907 	 zraR, melR, idnR
1908 	 zraR
1909 	 zraR, idnR, rhaS
1910 	 zraR, melR
1911 	 zraR, idnR
1912 	 zraR, melR, rhaS
1913 	 zraR, idnR, rhaS
1914 	 zraR, melR
1915 	 zraR, idnR, fucR, rhaS
1916 	 zraR, melR, idnR
1917 	 zraR, melR, rhaS
1918 	 zraR, fucR
1919 	 zraR, idnR, fucR, rcsA
1920 	 zraR, melR, idnR, fucR
1921 	 zraR, melR, fucR, rhaS, rcsA
1922 	 zraR, idnR, fucR, rhaS, rcsA
1923 	 zraR, melR, idnR, rhaS
1924 	 zraR, melR, fucR
1925 	 zraR, fucR
1926 	 zraR, melR, idnR, rcsA
1927 	 zraR, fucR, rhaS
1928 	 zraR, melR, idnR, rhaS, rcsA
1929 	 zraR, idnR, fucR, rhaS, rcsA
1930 	 zraR, melR, rhaS
1931 	 zraR, melR
1932 	 zraR, melR, idnR, fucR, rcsA
1933 	 zraR, melR, fucR, rhaS, rcsA
1934 	 zraR, idnR, fucR
1935 	 zraR, rhaS, rcsA
1936 	 zraR, melR, idnR, rcsA
1937 	 zraR, idnR, fucR, rhaS
1938 	 zraR, melR, idnR, fucR, rcsA
1939 	 zraR, rhaS
1940 	 zraR, melR, idnR, fucR, rhaS, rcsA
1941 	 zraR, melR, idnR, fucR, rhaS, rcsA
1942 	 zraR, melR, idnR
1943 	 zraR, idnR, fucR
1944 	 zraR, fucR, rhaS
1945 	 zraR, melR, idnR, fucR
1946 	 zraR, melR, fucR
1947 	 zraR, fucR, rhaS, rcsA
1948 	 zraR, idnR
1949 	 zraR, idnR, rhaS, rcsA
1950 	 zraR, melR, fucR, rcsA
1951 	 zraR, idnR, rhaS
1952 	 zraR, melR, rhaS, rcsA
1953 	 zraR, melR, idnR, rhaS, rcsA
1954 	 zraR, fucR
1955 	 zraR, melR, fucR
1956 	 zraR, melR, fucR, rhaS
1957 	 zraR, melR, fucR, rhaS
1958 	 zraR, melR, fucR, rhaS
1959 	 zraR, melR, idnR, fucR
1960 	 zraR, melR, fucR, rhaS, rcsA
1961 	 zraR, melR, rhaS
1962 	 zraR, melR, idnR, fucR, rhaS, rcsA
1963 	 zraR, melR, idnR, fucR, rhaS
1964 	 zraR, melR, idnR, rhaS
1965 	 zraR, melR, idnR, fucR, rhaS
1966 	 zraR, melR, fucR, rhaS
1967 	 zraR, melR, idnR, fucR, rcsA
1968 	 zraR, melR, idnR, fucR, rhaS, rcsA
1969 	 zraR, fucR, rhaS
1970 	 zraR, melR, idnR, rhaS
1971 	 zraR, melR, fucR, rhaS
1972 	 zraR, melR, idnR, fucR, rhaS
1973 	 zraR, idnR, fucR, rhaS, rcsA
1976 	 zraR, rhaS
1977 	 zraR
1978 	 zraR, melR
1979 	 zraR, idnR
1981 	 zraR, fucR
1982 	 zraR, fucR, rhaS
1983 	 zraR, melR, fucR
1984 	 zraR, idnR, fucR
1985 	 zraR, melR, idnR
1986 	 zraR, melR, rhaS
1987 	 zraR, idnR, rhaS
1988 	 zraR, fucR
1989 	 zraR, melR
1990 	 zraR, idnR
1991 	 zraR, melR, fucR, rhaS
1992 	 zraR, idnR
1993 	 zraR, fucR
1994 	 zraR, melR
1996 	 zraR, melR, idnR
1997 	 zraR, rhaS
1998 	 zraR, fucR
1999 	 zraR, rhaS
2000 	 zraR, idnR
2001 	 zraR, rhaS
2002 	 zraR, melR, rhaS
2003 	 zraR, idnR, fucR, rhaS
2004 	 zraR, fucR
2005 	 zraR
2006 	 zraR, idnR, fucR
2007 	 zraR, idnR, rhaS
2008 	 zraR, idnR, fucR
2009 	 zraR
2010 	 zraR, melR, rhaS
2011 	 zraR, fucR
2012 	 zraR, idnR
2013 	 zraR, melR, fucR
2014 	 zraR, melR, idnR, rhaS
2015 	 zraR, idnR
2016 	 zraR, fucR, rhaS
2017 	 zraR, idnR, fucR
2018 	 zraR, melR
2019 	 zraR, rhaS
2020 	 zraR, idnR, fucR
2021 	 zraR, melR
2022 	 zraR, idnR, rhaS
2023 	 zraR, melR, fucR
2024 	 zraR, melR, idnR
2025 	 zraR, fucR, rhaS
2026 	 zraR, melR, idnR, rhaS
2027 	 zraR, melR, idnR, fucR
2028 	 zraR, rhaS
2029 	 zraR, rhaS
2030 	 zraR, melR, idnR, fucR, rhaS
2031 	 zraR, idnR, fucR
2032 	 zraR, idnR, fucR, rhaS
2033 	 zraR, melR, fucR
2034 	 zraR, idnR
2035 	 zraR, melR, fucR, rhaS
2036 	 zraR, fucR
2037 	 zraR, melR, rhaS
2038 	 zraR, fucR, rhaS
2039 	 zraR, melR
2040 	 zraR, idnR, rhaS
2041 	 zraR, melR, idnR
2042 	 zraR, fucR, rhaS
2043 	 zraR, idnR, fucR, rhaS
2044 	 zraR, melR, idnR, fucR, rhaS, rcsA
2045 	 zraR, melR, idnR, rhaS
2046 	 zraR, melR, idnR, fucR, rhaS
2047 	 zraR, melR, idnR, fucR
2048 	 zraR, idnR, rhaS
2049 	 zraR, melR, fucR
2050 	 zraR, idnR, fucR, rhaS
2051 	 zraR, melR, idnR
2052 	 zraR, melR, idnR, rhaS
2053 	 zraR, melR, idnR, fucR
2054 	 zraR, melR, idnR, fucR
2055 	 zraR, idnR, fucR
2056 	 zraR, melR, idnR, fucR, rhaS
2057 	 zraR, melR, idnR, fucR
2058 	 zraR, idnR, fucR, rhaS
2059 	 zraR, idnR, rhaS
2060 	 zraR, idnR, fucR, rhaS
2061 	 zraR, melR, fucR, rhaS
2062 	 zraR, fucR, rhaS
2063 	 zraR, melR, idnR, rhaS
2064 	 zraR, melR, rhaS
2065 	 zraR, melR, fucR, rhaS
2066 	 zraR, melR, idnR, fucR, rhaS
2067 	 zraR, melR, idnR, fucR, rhaS
2068 	 zraR, melR, fucR, rhaS
2069 	 zraR, idnR, rhaS
2070 	 zraR, idnR, fucR, rhaS
2071 	 zraR, melR, idnR, rhaS
2072 	 zraR, melR, idnR, fucR, rhaS
2073 	 zraR, melR, idnR
2074 	 zraR
2075 	 zraR, melR
2076 	 zraR, fucR
2077 	 zraR, melR, rhaS
2078 	 zraR, idnR
2079 	 zraR, melR, idnR
2080 	 zraR, idnR, rhaS
2081 	 zraR, melR
2082 	 zraR, idnR, fucR, rhaS
2083 	 zraR, melR, idnR, rhaS
2084 	 zraR, idnR, fucR
2085 	 zraR, melR, idnR, rhaS
2086 	 zraR, rhaS
2087 	 zraR, fucR, rhaS
2088 	 zraR, melR, idnR
2089 	 zraR, melR, fucR
2090 	 zraR, melR, rhaS
2091 	 zraR, melR, fucR, rhaS
2092 	 zraR, melR, idnR, fucR
2093 	 zraR, melR, fucR
2094 	 zraR, idnR, rhaS
2095 	 zraR, melR, fucR, rhaS
2096 	 zraR, melR, rhaS
2097 	 zraR, melR, idnR, rhaS
2098 	 zraR, melR, idnR, fucR
2099 	 zraR, melR, idnR, fucR, rhaS
2100 	 zraR, melR, idnR, fucR
2101 	 zraR, melR, idnR
2102 	 zraR, melR, idnR, fucR, rhaS
2103 	 zraR, melR, idnR, rhaS
2104 	 zraR, idnR, fucR, rhaS
2105 	 zraR, fucR, rhaS
2106 	 zraR, melR, idnR, fucR, rhaS
2107 	 zraR, idnR, fucR
2108 	 zraR, melR, fucR
2109 	 zraR, idnR, fucR, rhaS
2110 	 zraR, melR, idnR, fucR
2111 	 zraR, melR, fucR, rhaS
2112 	 zraR, melR, idnR, fucR, rhaS
