1 	 zraR, stpA, gadW, lrp, gadE, rcsA
2 	 zraR, stpA, gadW, lrp, gadE, rcsA
82 	 zraR, xylR, stpA, gadW, lrp, gadE, rcsA
249 	 zraR, xylR, stpA, gadW, lrp, gadE, rcsA
348 	 zraR, xylR
605 	 zraR, melR, xylR, stpA, gadW, lrp, gadE, rcsA
963 	 zraR, melR, xylR, stpA, gadW, lrp, gadE, rcsA
1242 	 zraR, rhaR, xylR, stpA, gadW, lrp, gadE, rcsA
1367 	 zraR, melR, rhaR, xylR, stpA, gadW, lrp, gadE, rcsA
1383 	 zraR, xylR
2151 	 zraR, xylR
2196 	 zraR, xylR, stpA, gadW, lrp, gadE, rcsA
2232 	 zraR, xylR
2782 	 zraR, rhaR, xylR
2823 	 zraR, stpA, gadW, lrp, gadE, rcsA
3073 	 zraR, melR, xylR
3086 	 zraR, melR
3093 	 zraR, xylR
3094 	 zraR, xylR
3095 	 zraR, melR, rhaR, xylR
3096 	 zraR, melR, xylR
3098 	 zraR, melR, xylR
3099 	 zraR, xylR
3100 	 zraR, rhaR, xylR
3102 	 zraR, rhaR, xylR
3103 	 zraR, xylR
3104 	 zraR, rhaR
3105 	 zraR, rhaR, xylR
3106 	 zraR, rhaR
3107 	 zraR, xylR
3108 	 zraR, rhaR, xylR
3109 	 zraR, xylR
3111 	 zraR, melR, xylR
3112 	 zraR, melR, xylR
3113 	 zraR, rhaR
3114 	 zraR, melR
3115 	 zraR, rhaR
3116 	 zraR, melR, rhaR, xylR
3117 	 zraR, melR, xylR
3118 	 zraR, melR, rhaR, xylR
3119 	 zraR, melR, xylR
3120 	 zraR, melR, rhaR, xylR
3121 	 zraR, xylR
3122 	 zraR, melR
3123 	 zraR, melR
3124 	 zraR, rhaR, xylR
3125 	 zraR, melR, rhaR
3126 	 zraR, melR
3128 	 zraR, melR, xylR
3129 	 zraR, melR, xylR
3130 	 zraR, melR, rhaR
3132 	 zraR, rhaR, xylR
3133 	 zraR, rhaR
3134 	 zraR, melR, rhaR, xylR
3135 	 zraR, melR, rhaR
3136 	 zraR, melR, rhaR, xylR
3137 	 zraR, melR, rhaR
3138 	 zraR, rhaR, xylR
3140 	 zraR, rhaR
3141 	 zraR, melR
3142 	 zraR, xylR
3143 	 zraR, rhaR, xylR
3144 	 zraR, melR, rhaR
3145 	 zraR, rhaR, xylR
3146 	 zraR, melR
3147 	 zraR, rhaR
3148 	 zraR, melR, rhaR, xylR
3149 	 zraR, rhaR
3150 	 zraR, melR, rhaR, xylR
3151 	 zraR, melR, rhaR
3153 	 zraR, melR, rhaR
3155 	 zraR, rhaR
3156 	 zraR, melR, xylR
3157 	 zraR, melR
3158 	 zraR, rhaR
3159 	 zraR, melR
3160 	 zraR, melR
3161 	 zraR, melR, rhaR, xylR
3162 	 zraR, melR, rhaR, xylR
3163 	 zraR, melR, rhaR
3164 	 zraR, melR, rhaR
3165 	 zraR, melR, rhaR
3167 	 zraR, rhaR, xylR
3168 	 zraR, xylR
3169 	 zraR, xylR
3170 	 zraR, xylR
3171 	 zraR, melR, xylR
3172 	 zraR, melR, xylR
3173 	 zraR, melR, xylR
3174 	 zraR, melR, xylR
3175 	 zraR, xylR
3176 	 zraR, xylR
3177 	 zraR, melR, xylR
3178 	 zraR, rhaR, xylR
3179 	 zraR, melR, rhaR, xylR
3180 	 zraR, melR, xylR
3181 	 zraR, xylR
3182 	 zraR, rhaR, xylR
3183 	 zraR, rhaR, xylR
3184 	 zraR, melR, xylR
3185 	 zraR, rhaR, xylR
3186 	 zraR, rhaR, xylR
3187 	 zraR, rhaR, xylR
3188 	 zraR, rhaR, xylR
3190 	 zraR, melR, rhaR, xylR
3191 	 zraR, melR, rhaR, xylR
3193 	 zraR, melR, rhaR, xylR
3195 	 zraR, melR, xylR
3197 	 zraR, melR, rhaR, xylR
3198 	 zraR, melR
3199 	 zraR, melR
3200 	 zraR, melR, rhaR, xylR
3202 	 zraR, rhaR
3204 	 zraR, melR
3205 	 zraR, rhaR
3206 	 zraR, rhaR
3207 	 zraR, rhaR
3208 	 zraR, melR
3209 	 zraR, rhaR
3210 	 zraR, melR
3211 	 zraR, melR, rhaR
3212 	 zraR, rhaR
3213 	 zraR, melR
3214 	 zraR, rhaR
3215 	 zraR, melR
3216 	 zraR, melR, rhaR
3217 	 zraR, melR, rhaR
3218 	 zraR, melR, rhaR, xylR
3219 	 zraR, melR
3220 	 zraR, melR, rhaR
3221 	 zraR, melR, rhaR
3222 	 zraR, melR, rhaR
3223 	 zraR, rhaR
3224 	 zraR, melR, rhaR, xylR
3225 	 zraR, melR, rhaR
3226 	 zraR, melR, rhaR
3227 	 zraR, xylR
3228 	 zraR, xylR
3229 	 zraR, xylR
3230 	 zraR, rhaR, xylR
3231 	 zraR, xylR
3232 	 zraR, melR, xylR
3233 	 zraR, melR, xylR
3234 	 zraR, xylR
3235 	 zraR, xylR
3236 	 zraR, rhaR, xylR
3237 	 zraR, rhaR, xylR
3238 	 zraR, xylR
3239 	 zraR, rhaR, xylR
3240 	 zraR, rhaR, xylR
3241 	 zraR, melR, rhaR, xylR
3242 	 zraR, xylR
3243 	 zraR, rhaR, xylR
3244 	 zraR, melR, xylR
3247 	 zraR, melR, xylR
3248 	 zraR, melR, xylR
3249 	 zraR, rhaR, xylR
3250 	 zraR, melR, rhaR, xylR
3251 	 zraR, rhaR
3252 	 zraR, melR, xylR
3254 	 zraR, rhaR
3255 	 zraR, melR, xylR
3256 	 zraR, melR, rhaR, xylR
3257 	 zraR, rhaR
3259 	 zraR, melR, xylR
3260 	 zraR, melR, rhaR, xylR
3261 	 zraR, melR, rhaR, xylR
3262 	 zraR, rhaR, xylR
3263 	 zraR, melR
3266 	 zraR, melR, rhaR, xylR
3267 	 zraR, melR, rhaR
3268 	 zraR, rhaR
3271 	 zraR, rhaR
3272 	 zraR, melR
3273 	 zraR, melR
3274 	 zraR, melR, rhaR
3275 	 zraR, rhaR
3276 	 zraR, melR
3277 	 zraR, melR, rhaR
3278 	 zraR, melR
3279 	 zraR, melR
3280 	 zraR, melR
3281 	 zraR, melR
3282 	 zraR, melR, rhaR
3283 	 zraR, melR, rhaR, xylR
3284 	 zraR, rhaR
3285 	 zraR, melR, rhaR
3286 	 zraR, rhaR
3287 	 zraR, melR, rhaR, xylR
3288 	 zraR, melR, rhaR
3289 	 zraR, melR, rhaR
3290 	 zraR, melR, rhaR
3291 	 zraR, xylR
3292 	 zraR, xylR
3294 	 zraR, melR, xylR
3295 	 zraR, xylR
3296 	 zraR, rhaR, xylR
3297 	 zraR, melR, xylR
3298 	 zraR, xylR
3299 	 zraR, rhaR, xylR
3301 	 zraR, melR
3302 	 zraR, melR, xylR
3303 	 zraR, melR, xylR
3304 	 zraR, melR
3306 	 zraR, rhaR
3307 	 zraR, rhaR
3308 	 zraR, rhaR, xylR
3309 	 zraR, melR, rhaR, xylR
3311 	 zraR, melR
3312 	 zraR, melR
3313 	 zraR, rhaR, xylR
3314 	 zraR, melR, rhaR, xylR
3315 	 zraR, melR, rhaR, xylR
3316 	 zraR, rhaR
3317 	 zraR, rhaR
3318 	 zraR, melR, rhaR
3319 	 zraR, melR, rhaR
3320 	 zraR, melR, rhaR, xylR
3321 	 zraR, melR, rhaR
3322 	 zraR, melR, rhaR
3323 	 zraR, xylR
3324 	 zraR, melR, xylR
3325 	 zraR, rhaR, xylR
3326 	 zraR, xylR
3327 	 zraR, melR, rhaR, xylR
3328 	 zraR, rhaR, xylR
3329 	 zraR, melR, xylR
3330 	 zraR, xylR
3332 	 zraR, melR, rhaR, xylR
3333 	 zraR, melR, xylR
3334 	 zraR, xylR
3335 	 zraR, rhaR
3336 	 zraR, rhaR, xylR
3337 	 zraR, melR
3338 	 zraR, melR, rhaR, xylR
3340 	 zraR, rhaR, xylR
3341 	 zraR, melR, rhaR
3342 	 zraR, melR, xylR
3343 	 zraR, melR
3346 	 zraR, rhaR
3347 	 zraR, melR, rhaR
3348 	 zraR, melR
3349 	 zraR, rhaR
3350 	 zraR, rhaR
3351 	 zraR, melR
3352 	 zraR, melR, rhaR, xylR
3353 	 zraR, melR, rhaR
3354 	 zraR, melR, rhaR
3355 	 zraR, xylR
3356 	 zraR, rhaR, xylR
3357 	 zraR, melR, xylR
3358 	 zraR, xylR
3359 	 zraR, melR, rhaR, xylR
3360 	 zraR, xylR
3362 	 zraR, rhaR, xylR
3363 	 zraR, xylR
3365 	 zraR, rhaR, xylR
3366 	 zraR, melR, xylR
3367 	 zraR, rhaR, xylR
3368 	 zraR, melR
3370 	 zraR, melR, xylR
3371 	 zraR, rhaR
3372 	 zraR, melR, rhaR
3373 	 zraR, rhaR
3374 	 zraR, rhaR
3376 	 zraR, melR, rhaR, xylR
3377 	 zraR, melR, xylR
3378 	 zraR, melR
3379 	 zraR, melR, rhaR, xylR
3380 	 zraR, melR
3381 	 zraR, melR, rhaR, xylR
3382 	 zraR, melR, rhaR
3383 	 zraR, melR, rhaR
3384 	 zraR, melR
3385 	 zraR, rhaR
3386 	 zraR, melR, rhaR
3387 	 zraR, xylR
3389 	 zraR, melR, xylR
3390 	 zraR, rhaR, xylR
3391 	 zraR, melR
3392 	 zraR, melR, rhaR, xylR
3393 	 zraR, rhaR
3394 	 zraR, xylR
3396 	 zraR, rhaR, xylR
3397 	 zraR, melR, xylR
3398 	 zraR, melR, rhaR, xylR
3399 	 zraR, rhaR
3400 	 zraR, melR, rhaR
3401 	 zraR, melR
3402 	 zraR, melR, rhaR
3403 	 zraR, melR, stpA, gadW, lrp, gadE, rcsA
3404 	 zraR, xylR, stpA, gadW, lrp, gadE
3405 	 zraR, xylR, stpA, gadW, lrp, gadE
3406 	 zraR, rhaR, xylR, stpA, gadW, lrp, gadE
3407 	 zraR, xylR, stpA, gadW, lrp, gadE, rcsA
3408 	 zraR, rhaR, xylR, stpA, gadW, lrp, gadE, rcsA
3409 	 zraR, stpA, gadW, lrp, gadE
3410 	 zraR, melR, xylR, stpA, gadW, lrp, gadE, rcsA
3411 	 zraR, rhaR, stpA, gadW, lrp, gadE, rcsA
3412 	 zraR, melR, xylR, stpA, gadW, lrp, gadE
3413 	 zraR, xylR, stpA, gadW, lrp, gadE, rcsA
3414 	 zraR, stpA, gadW, lrp, gadE
3415 	 zraR, melR, rhaR, xylR, stpA, gadW, lrp, gadE, rcsA
3416 	 zraR, melR, stpA, gadW, lrp, gadE
3417 	 zraR, rhaR, xylR, stpA, gadW, lrp, gadE, rcsA
3418 	 zraR, rhaR, stpA, gadW, lrp, gadE
3419 	 zraR, melR, xylR, stpA, gadW, lrp, gadE
3420 	 zraR, xylR, stpA, gadW, lrp, gadE
3421 	 zraR, melR, rhaR, xylR, stpA, gadW, lrp, gadE
3422 	 zraR, stpA, gadW, lrp, gadE, rcsA
3423 	 zraR, melR, rhaR, xylR, stpA, gadW, lrp, gadE, rcsA
3424 	 zraR, xylR
3425 	 zraR, melR, stpA, gadW, lrp, gadE, rcsA
3426 	 zraR, rhaR, xylR, stpA, gadW, lrp, gadE, rcsA
3427 	 zraR, melR, rhaR, stpA, gadW, lrp, gadE, rcsA
3428 	 zraR, xylR
3429 	 zraR, melR, stpA, gadW, lrp, gadE, rcsA
3430 	 zraR, melR, xylR, stpA, gadW, lrp, gadE
3431 	 zraR, stpA, gadW, lrp, gadE, rcsA
3433 	 zraR, melR, xylR, stpA, gadW, lrp, gadE, rcsA
3434 	 zraR, rhaR, xylR, stpA, gadW, lrp, gadE
3435 	 zraR, melR, rhaR, xylR, stpA, gadW, lrp, gadE, rcsA
3436 	 zraR, rhaR, xylR
3437 	 zraR, stpA, gadW, lrp, gadE
3438 	 zraR, melR, rhaR, xylR, stpA, gadW, lrp, gadE
3439 	 zraR, xylR, stpA, gadW, lrp, gadE
3440 	 zraR, melR, xylR, stpA, gadW, lrp, gadE
3441 	 zraR, rhaR, stpA, gadW, lrp, gadE, rcsA
3442 	 zraR, melR, xylR
3443 	 zraR, rhaR, stpA, gadW, lrp, gadE
3444 	 zraR, melR, xylR
3445 	 zraR, rhaR, xylR, stpA, gadW, lrp, gadE
3446 	 zraR, melR, rhaR, xylR, stpA, gadW, lrp, gadE
3447 	 zraR, stpA, gadW, lrp, gadE
3448 	 zraR, xylR
3449 	 zraR, rhaR, stpA, gadW, lrp, gadE, rcsA
3450 	 zraR, melR, xylR
3451 	 zraR, rhaR, stpA, gadW, lrp, gadE
3452 	 zraR, xylR
3453 	 zraR, melR, rhaR, stpA, gadW, lrp, gadE
3454 	 zraR, melR, rhaR, stpA, gadW, lrp, gadE, rcsA
3455 	 zraR, rhaR
3456 	 zraR, melR, stpA, gadW, lrp, gadE, rcsA
3457 	 zraR, melR, rhaR, stpA, gadW, lrp, gadE, rcsA
3458 	 zraR, melR, stpA, gadW, lrp, gadE
3459 	 zraR, melR, rhaR, xylR
3460 	 zraR, rhaR, xylR
3461 	 zraR, melR, rhaR, stpA, gadW, lrp, gadE
3462 	 zraR, melR, xylR
3463 	 zraR, melR, rhaR, xylR
3464 	 zraR, melR, stpA, gadW, lrp, gadE
3465 	 zraR, rhaR, xylR, stpA, gadW, lrp, gadE
3466 	 zraR, rhaR, xylR
3467 	 zraR, rhaR, stpA, gadW, lrp, gadE, rcsA
3469 	 zraR, melR, rhaR, xylR, stpA, gadW, lrp, gadE
3470 	 zraR, melR
3471 	 zraR, rhaR, stpA, gadW, lrp, gadE
3472 	 zraR, melR, rhaR, stpA, gadW, lrp, gadE
3473 	 zraR, rhaR
3474 	 zraR, rhaR, xylR
3475 	 zraR, melR
3478 	 zraR, melR, rhaR
3479 	 zraR, melR
3480 	 zraR, rhaR
3481 	 zraR, melR, stpA, gadW, lrp, gadE
3482 	 zraR, melR, rhaR, stpA, gadW, lrp, gadE, rcsA
3483 	 zraR, melR
3484 	 zraR, melR, rhaR, stpA, gadW, lrp, gadE
3485 	 zraR, melR, rhaR, xylR
3486 	 zraR, rhaR
3487 	 zraR, melR, rhaR
3488 	 zraR, melR, rhaR
3489 	 zraR, melR, rhaR, xylR
3490 	 zraR, melR, rhaR
3491 	 zraR, melR, xylR, stpA, gadW, lrp, gadE, rcsA
3492 	 zraR, xylR
3493 	 zraR, stpA, gadW, lrp, gadE, rcsA
3495 	 zraR, xylR, stpA, gadW, lrp, gadE
3496 	 zraR, xylR
3497 	 zraR, stpA, gadW, lrp, gadE
3499 	 zraR, xylR
3500 	 zraR, xylR
3501 	 zraR, xylR, stpA, gadW, lrp, gadE, rcsA
3504 	 zraR, melR, xylR
3505 	 zraR, xylR, stpA, gadW, lrp, gadE, rcsA
3506 	 zraR, rhaR, xylR
3507 	 zraR, melR, xylR, stpA, gadW, lrp, gadE
3508 	 zraR, rhaR
3509 	 zraR, melR, stpA, gadW, lrp, gadE, rcsA
3510 	 zraR, rhaR, xylR
3511 	 zraR, melR, stpA, gadW, lrp, gadE
3512 	 zraR, rhaR, xylR
3513 	 zraR, xylR, stpA, gadW, lrp, gadE
3514 	 zraR, melR, rhaR, xylR
3515 	 zraR, rhaR, xylR, stpA, gadW, lrp, gadE, rcsA
3516 	 zraR, melR, xylR
3517 	 zraR, melR, xylR
3518 	 zraR, xylR
3519 	 zraR, xylR, stpA, gadW, lrp, gadE
3520 	 zraR, melR, rhaR, xylR
3521 	 zraR, melR
3522 	 zraR, rhaR, xylR
3523 	 zraR, rhaR, xylR, stpA, gadW, lrp, gadE
3524 	 zraR, melR, xylR
3525 	 zraR, xylR
3526 	 zraR, melR, rhaR, xylR
3527 	 zraR, rhaR, xylR
3528 	 zraR, melR, xylR
3529 	 zraR, stpA, gadW, lrp, gadE, rcsA
3530 	 zraR, melR, rhaR, xylR
3531 	 zraR, xylR
3532 	 zraR, rhaR
3533 	 zraR, rhaR, stpA, gadW, lrp, gadE, rcsA
3534 	 zraR, melR
3535 	 zraR, stpA, gadW, lrp, gadE
3536 	 zraR, melR
3537 	 zraR, stpA, gadW, lrp, gadE, rcsA
3538 	 zraR, melR, rhaR
3539 	 zraR, rhaR, stpA, gadW, lrp, gadE
3540 	 zraR, melR
3542 	 zraR, rhaR
3543 	 zraR, stpA, gadW, lrp, gadE
3545 	 zraR, rhaR
3546 	 zraR, rhaR
3547 	 zraR, melR, rhaR, xylR, stpA, gadW, lrp, gadE, rcsA
3548 	 zraR, melR
3550 	 zraR, melR, rhaR
3551 	 zraR, melR, rhaR, stpA, gadW, lrp, gadE, rcsA
3552 	 zraR, melR, rhaR
3553 	 zraR, melR, xylR, stpA, gadW, lrp, gadE, rcsA
3554 	 zraR, melR, rhaR
3555 	 zraR, rhaR, xylR, stpA, gadW, lrp, gadE, rcsA
3556 	 zraR, melR, xylR, stpA, gadW, lrp, gadE, rcsA
3557 	 zraR, rhaR, stpA, gadW, lrp, gadE, rcsA
3558 	 zraR, melR, xylR, stpA, gadW, lrp, gadE
3559 	 zraR, rhaR, xylR, stpA, gadW, lrp, gadE
3560 	 zraR, melR, stpA, gadW, lrp, gadE, rcsA
3561 	 zraR, rhaR, stpA, gadW, lrp, gadE
3562 	 zraR, xylR, stpA, gadW, lrp, gadE, rcsA
3563 	 zraR, rhaR, xylR
3564 	 zraR, stpA, gadW, lrp, gadE, rcsA
3565 	 zraR, rhaR
3566 	 zraR, melR, xylR, stpA, gadW, lrp, gadE, rcsA
3567 	 zraR, rhaR, xylR, stpA, gadW, lrp, gadE, rcsA
3568 	 zraR, melR, xylR, stpA, gadW, lrp, gadE
3569 	 zraR, rhaR, xylR, stpA, gadW, lrp, gadE
3570 	 zraR, melR, xylR
3571 	 zraR, rhaR, stpA, gadW, lrp, gadE, rcsA
3572 	 zraR, melR, stpA, gadW, lrp, gadE, rcsA
3573 	 zraR, melR, rhaR, xylR, stpA, gadW, lrp, gadE, rcsA
3574 	 zraR, xylR, stpA, gadW, lrp, gadE
3575 	 zraR, melR, rhaR, xylR, stpA, gadW, lrp, gadE, rcsA
3576 	 zraR, rhaR, stpA, gadW, lrp, gadE
3577 	 zraR, melR, xylR, stpA, gadW, lrp, gadE
3578 	 zraR, melR, rhaR, xylR, stpA, gadW, lrp, gadE
3579 	 zraR, melR, stpA, gadW, lrp, gadE, rcsA
3580 	 zraR, rhaR, xylR, stpA, gadW, lrp, gadE, rcsA
3581 	 zraR, xylR
3582 	 zraR, melR, rhaR, stpA, gadW, lrp, gadE
3583 	 zraR, melR, rhaR, stpA, gadW, lrp, gadE, rcsA
3584 	 zraR, rhaR, xylR, stpA, gadW, lrp, gadE
3585 	 zraR, melR, stpA, gadW, lrp, gadE
3586 	 zraR, rhaR, xylR
3587 	 zraR, melR, rhaR, xylR, stpA, gadW, lrp, gadE, rcsA
3588 	 zraR, melR, rhaR, xylR, stpA, gadW, lrp, gadE
3589 	 zraR, rhaR, stpA, gadW, lrp, gadE, rcsA
3590 	 zraR, melR, rhaR, xylR, stpA, gadW, lrp, gadE
3591 	 zraR, melR, xylR
3592 	 zraR, stpA, gadW, lrp, gadE
3593 	 zraR, melR, rhaR, xylR, stpA, gadW, lrp, gadE
3594 	 zraR, melR, rhaR, xylR
3595 	 zraR, melR, rhaR, stpA, gadW, lrp, gadE, rcsA
3596 	 zraR, melR, stpA, gadW, lrp, gadE
3597 	 zraR, melR, rhaR, stpA, gadW, lrp, gadE
3598 	 zraR, melR, stpA, gadW, lrp, gadE
3599 	 zraR, rhaR, xylR
3600 	 zraR, melR, rhaR, stpA, gadW, lrp, gadE, rcsA
3601 	 zraR, melR, rhaR, stpA, gadW, lrp, gadE
3602 	 zraR, rhaR
3603 	 zraR, rhaR, stpA, gadW, lrp, gadE
3604 	 zraR, melR
3605 	 zraR, melR
3606 	 zraR, melR, rhaR, xylR
3608 	 zraR, melR, rhaR, xylR
3609 	 zraR, melR, xylR
3610 	 zraR, melR, rhaR
3611 	 zraR, melR, rhaR, stpA, gadW, lrp, gadE
3612 	 zraR, melR
3613 	 zraR, melR, rhaR
3614 	 zraR, melR, rhaR
3615 	 zraR, rhaR
3616 	 zraR, melR, rhaR, xylR
3617 	 zraR, melR, rhaR
3618 	 zraR, xylR
3620 	 zraR, xylR
3621 	 zraR, melR, xylR
3622 	 zraR, xylR
3623 	 zraR, rhaR, xylR
3624 	 zraR, xylR
3625 	 zraR, rhaR
3626 	 zraR, melR, xylR
3627 	 zraR, melR, rhaR, xylR
3629 	 zraR, rhaR, xylR
3630 	 zraR, rhaR, xylR
3631 	 zraR, melR, xylR
3633 	 zraR, melR, xylR
3634 	 zraR, rhaR
3635 	 zraR, rhaR, xylR
3636 	 zraR, melR, rhaR, xylR
3637 	 zraR, melR, rhaR, xylR
3638 	 zraR, rhaR
3639 	 zraR, melR
3640 	 zraR, melR, rhaR
3641 	 zraR, melR
3642 	 zraR, melR
3643 	 zraR, melR, rhaR
3644 	 zraR, melR, rhaR, xylR
3646 	 zraR, rhaR
3647 	 zraR, melR
3648 	 zraR, melR, rhaR
3649 	 zraR, melR, rhaR
3650 	 zraR, xylR, stpA, gadW, lrp, gadE, rcsA
3651 	 zraR, xylR, stpA, gadW, lrp, gadE, rcsA
3652 	 zraR, melR, xylR, stpA, gadW, lrp, gadE, rcsA
3653 	 zraR, melR, xylR, stpA, gadW, lrp, gadE, rcsA
3654 	 zraR, xylR, stpA, gadW, lrp, gadE, rcsA
3655 	 zraR, rhaR, xylR, stpA, gadW, lrp, gadE, rcsA
3656 	 zraR, melR, stpA, gadW, lrp, gadE, rcsA
3657 	 zraR, xylR, stpA, gadW, lrp, gadE, rcsA
3658 	 zraR, melR, rhaR, xylR, stpA, gadW, lrp, gadE, rcsA
3659 	 zraR, stpA, gadW, lrp, gadE, rcsA
3660 	 zraR, melR, xylR, stpA, gadW, lrp, gadE, rcsA
3661 	 zraR, rhaR, xylR, stpA, gadW, lrp, gadE, rcsA
3662 	 zraR, melR, stpA, gadW, lrp, gadE, rcsA
3663 	 zraR, melR, xylR, stpA, gadW, lrp, gadE, rcsA
3664 	 zraR, melR, rhaR, xylR, stpA, gadW, lrp, gadE, rcsA
3665 	 zraR, rhaR, stpA, gadW, lrp, gadE, rcsA
3666 	 zraR, stpA, gadW, lrp, gadE, rcsA
3667 	 zraR, rhaR, xylR, stpA, gadW, lrp, gadE, rcsA
3668 	 zraR, melR, rhaR, xylR, stpA, gadW, lrp, gadE, rcsA
3669 	 zraR, melR, stpA, gadW, lrp, gadE, rcsA
3670 	 zraR, rhaR, stpA, gadW, lrp, gadE, rcsA
3671 	 zraR, rhaR, xylR, stpA, gadW, lrp, gadE, rcsA
3672 	 zraR, melR, rhaR, stpA, gadW, lrp, gadE, rcsA
3673 	 zraR, melR, rhaR, xylR, stpA, gadW, lrp, gadE, rcsA
3674 	 zraR, rhaR, stpA, gadW, lrp, gadE, rcsA
3675 	 zraR, melR, rhaR, stpA, gadW, lrp, gadE, rcsA
3676 	 zraR, stpA, gadW, lrp, gadE, rcsA
3677 	 zraR, rhaR, stpA, gadW, lrp, gadE, rcsA
3678 	 zraR, melR, stpA, gadW, lrp, gadE, rcsA
3679 	 zraR, melR, rhaR, stpA, gadW, lrp, gadE, rcsA
3680 	 zraR, melR, rhaR, stpA, gadW, lrp, gadE, rcsA
3681 	 zraR, xylR, stpA, gadW, lrp, gadE, rcsA
3682 	 zraR, xylR, stpA, gadW, lrp, gadE, rcsA
3683 	 zraR, stpA, gadW, lrp, gadE, rcsA
3684 	 zraR, rhaR, xylR, stpA, gadW, lrp, gadE, rcsA
3685 	 zraR, stpA, gadW, lrp, gadE, rcsA
3686 	 zraR, xylR, stpA, gadW, lrp, gadE, rcsA
3687 	 zraR, rhaR, stpA, gadW, lrp, gadE, rcsA
3688 	 zraR, melR, xylR, stpA, gadW, lrp, gadE, rcsA
3689 	 zraR, xylR, stpA, gadW, lrp, gadE, rcsA
3690 	 zraR, rhaR, xylR, stpA, gadW, lrp, gadE, rcsA
3691 	 zraR, melR, stpA, gadW, lrp, gadE, rcsA
3692 	 zraR, stpA, gadW, lrp, gadE, rcsA
3693 	 zraR, rhaR, xylR, stpA, gadW, lrp, gadE, rcsA
3694 	 zraR, melR, xylR, stpA, gadW, lrp, gadE, rcsA
3695 	 zraR, melR, rhaR, xylR, stpA, gadW, lrp, gadE, rcsA
3696 	 zraR, rhaR, stpA, gadW, lrp, gadE, rcsA
3697 	 zraR, stpA, gadW, lrp, gadE, rcsA
3698 	 zraR, melR, stpA, gadW, lrp, gadE, rcsA
3699 	 zraR, melR, rhaR, stpA, gadW, lrp, gadE, rcsA
3700 	 zraR, melR, xylR, stpA, gadW, lrp, gadE, rcsA
3701 	 zraR, melR, rhaR, xylR, stpA, gadW, lrp, gadE, rcsA
3702 	 zraR, rhaR, xylR, stpA, gadW, lrp, gadE, rcsA
3703 	 zraR, melR, rhaR, xylR, stpA, gadW, lrp, gadE, rcsA
3704 	 zraR, melR, xylR, stpA, gadW, lrp, gadE, rcsA
3705 	 zraR, rhaR, stpA, gadW, lrp, gadE, rcsA
3706 	 zraR, melR, rhaR, xylR, stpA, gadW, lrp, gadE, rcsA
3707 	 zraR, melR, stpA, gadW, lrp, gadE, rcsA
3708 	 zraR, melR, rhaR, stpA, gadW, lrp, gadE, rcsA
3709 	 zraR, melR, stpA, gadW, lrp, gadE, rcsA
3710 	 zraR, melR, rhaR, stpA, gadW, lrp, gadE, rcsA
3711 	 zraR, rhaR, stpA, gadW, lrp, gadE, rcsA
3712 	 zraR, melR, rhaR, stpA, gadW, lrp, gadE, rcsA
3713 	 zraR, xylR, stpA, gadW, lrp, gadE
3714 	 zraR, xylR, stpA, lrp, gadE, rcsA
3715 	 zraR, melR, xylR, stpA, gadW, lrp, gadE
3716 	 zraR, rhaR, xylR, stpA, lrp, gadE, rcsA
3717 	 zraR, stpA, gadW, lrp, gadE
3718 	 zraR, stpA, lrp, gadE, rcsA
3719 	 zraR, rhaR, xylR, stpA, gadW, lrp, gadE
3720 	 zraR, melR, xylR, stpA, lrp, gadE, rcsA
3721 	 zraR, xylR, stpA, gadW, lrp, gadE
3722 	 zraR, xylR, stpA, lrp, gadE, rcsA
3723 	 zraR, melR, stpA, gadW, lrp, gadE
3724 	 zraR, stpA, lrp, gadE, rcsA
3725 	 zraR, rhaR, xylR, stpA, gadW, lrp, gadE
3726 	 zraR, rhaR, xylR, stpA, lrp, gadE, rcsA
3727 	 zraR, stpA, gadW, lrp, gadE
3728 	 zraR, melR, xylR, stpA, lrp, gadE, rcsA
3729 	 zraR, melR, rhaR, xylR, stpA, gadW, lrp, gadE
3730 	 zraR, melR, stpA, lrp, gadE, rcsA
3731 	 zraR, xylR, stpA, gadW, lrp, gadE
3732 	 zraR, melR, stpA, lrp, gadE, rcsA
3733 	 zraR, stpA, gadW, lrp, gadE
3734 	 zraR, rhaR, stpA, lrp, gadE, rcsA
3735 	 zraR, melR, xylR, stpA, gadW, lrp, gadE
3736 	 zraR, rhaR, stpA, lrp, gadE, rcsA
3737 	 zraR, rhaR, stpA, gadW, lrp, gadE
3738 	 zraR, melR, rhaR, xylR, stpA, lrp, gadE, rcsA
3739 	 zraR, melR, rhaR, xylR, stpA, gadW, lrp, gadE
3740 	 zraR, melR, rhaR, xylR, stpA, lrp, gadE, rcsA
3741 	 zraR, melR, rhaR, stpA, gadW, lrp, gadE
3742 	 zraR, melR, rhaR, stpA, lrp, gadE, rcsA
3743 	 zraR, rhaR, xylR, stpA, gadW, lrp, gadE
3744 	 zraR, melR, rhaR, stpA, lrp, gadE, rcsA
3745 	 zraR, melR, xylR, stpA, gadW, lrp, gadE
3746 	 zraR, xylR, stpA, lrp, gadE, rcsA
3747 	 zraR, melR, stpA, gadW, lrp, gadE
3748 	 zraR, stpA, lrp, gadE, rcsA
3749 	 zraR, melR, rhaR, xylR, stpA, gadW, lrp, gadE
3750 	 zraR, rhaR, xylR, stpA, lrp, gadE, rcsA
3751 	 zraR, xylR, stpA, gadW, lrp, gadE
3752 	 zraR, melR, xylR, stpA, lrp, gadE, rcsA
3753 	 zraR, rhaR, stpA, gadW, lrp, gadE
3754 	 zraR, melR, stpA, lrp, gadE, rcsA
3755 	 zraR, rhaR, xylR, stpA, gadW, lrp, gadE
3756 	 zraR, rhaR, stpA, lrp, gadE, rcsA
3757 	 zraR, melR, xylR, stpA, gadW, lrp, gadE
3758 	 zraR, xylR, stpA, lrp, gadE, rcsA
3759 	 zraR, stpA, gadW, lrp, gadE
3760 	 zraR, stpA, lrp, gadE, rcsA
3761 	 zraR, melR, rhaR, xylR, stpA, gadW, lrp, gadE
3762 	 zraR, melR, xylR, stpA, lrp, gadE, rcsA
3763 	 zraR, rhaR, stpA, gadW, lrp, gadE
3764 	 zraR, melR, rhaR, xylR, stpA, lrp, gadE, rcsA
3765 	 zraR, rhaR, stpA, gadW, lrp, gadE
3766 	 zraR, melR, stpA, lrp, gadE, rcsA
3767 	 zraR, melR, stpA, gadW, lrp, gadE
3768 	 zraR, melR, rhaR, stpA, lrp, gadE, rcsA
3769 	 zraR, melR, rhaR, stpA, gadW, lrp, gadE
3770 	 zraR, rhaR, xylR, stpA, lrp, gadE, rcsA
3771 	 zraR, melR, stpA, gadW, lrp, gadE
3772 	 zraR, rhaR, stpA, lrp, gadE, rcsA
3773 	 zraR, melR, rhaR, stpA, gadW, lrp, gadE
3774 	 zraR, melR, rhaR, xylR, stpA, lrp, gadE, rcsA
3775 	 zraR, melR, rhaR, stpA, gadW, lrp, gadE
3776 	 zraR, melR, rhaR, stpA, lrp, gadE, rcsA
3777 	 zraR, xylR, stpA, gadW, lrp, gadE
3778 	 zraR, rhaR, xylR, stpA, gadW, lrp, gadE
3779 	 zraR, stpA, gadW, lrp, gadE
3780 	 zraR, xylR, stpA, gadW, lrp, gadE
3781 	 zraR, melR, xylR, stpA, gadW, lrp, gadE
3782 	 zraR, melR, stpA, gadW, lrp, gadE
3783 	 zraR, stpA, gadW, lrp, gadE
3784 	 zraR, rhaR, xylR, stpA, gadW, lrp, gadE
3785 	 zraR, xylR, stpA, gadW, lrp, gadE
3786 	 zraR, melR, xylR, stpA, gadW, lrp, gadE
3787 	 zraR, stpA, gadW, lrp, gadE
3788 	 zraR, melR, stpA, gadW, lrp, gadE
3789 	 zraR, xylR, stpA, gadW, lrp, gadE
3790 	 zraR, melR, rhaR, xylR, stpA, gadW, lrp, gadE
3791 	 zraR, melR, xylR, stpA, gadW, lrp, gadE
3792 	 zraR, rhaR, stpA, gadW, lrp, gadE
3793 	 zraR, melR, stpA, gadW, lrp, gadE
3794 	 zraR, rhaR, xylR, stpA, gadW, lrp, gadE
3795 	 zraR, melR, xylR, stpA, gadW, lrp, gadE
3796 	 zraR, rhaR, stpA, gadW, lrp, gadE
3797 	 zraR, rhaR, xylR, stpA, gadW, lrp, gadE
3798 	 zraR, melR, rhaR, xylR, stpA, gadW, lrp, gadE
3799 	 zraR, rhaR, stpA, gadW, lrp, gadE
3800 	 zraR, melR, rhaR, xylR, stpA, gadW, lrp, gadE
3801 	 zraR, stpA, gadW, lrp, gadE
3802 	 zraR, melR, rhaR, stpA, gadW, lrp, gadE
3803 	 zraR, rhaR, stpA, gadW, lrp, gadE
3804 	 zraR, melR, rhaR, stpA, gadW, lrp, gadE
3805 	 zraR, melR, stpA, gadW, lrp, gadE
3806 	 zraR, melR, rhaR, stpA, gadW, lrp, gadE
3807 	 zraR, melR, rhaR, xylR, stpA, gadW, lrp, gadE
3808 	 zraR, melR, rhaR, stpA, gadW, lrp, gadE
3809 	 zraR, xylR
3810 	 zraR, xylR
3811 	 zraR, rhaR, xylR
3813 	 zraR, xylR
3814 	 zraR, xylR
3816 	 zraR, rhaR
3818 	 zraR, rhaR, xylR
3820 	 zraR, melR, xylR
3821 	 zraR, rhaR
3822 	 zraR, melR, xylR
3823 	 zraR, rhaR, xylR
3824 	 zraR, melR
3825 	 zraR, rhaR
3826 	 zraR, melR, xylR
3827 	 zraR, rhaR, xylR
3828 	 zraR, melR, rhaR, xylR
3829 	 zraR, melR
3830 	 zraR, rhaR
3831 	 zraR, melR, rhaR, xylR
3832 	 zraR, melR, rhaR
3833 	 zraR, melR, xylR
3834 	 zraR, melR, rhaR
3835 	 zraR, melR, rhaR, xylR
3836 	 zraR, melR
3837 	 zraR, melR, rhaR, xylR
3838 	 zraR, melR
3839 	 zraR, melR, rhaR
3840 	 zraR, melR, rhaR
3841 	 zraR, xylR
3842 	 zraR, xylR
3843 	 zraR, xylR
3844 	 zraR, rhaR, xylR
3845 	 zraR, melR, xylR
3846 	 zraR, melR, rhaR, xylR
3847 	 zraR, melR, xylR
3848 	 zraR, rhaR, xylR
3850 	 zraR, melR
3851 	 zraR, xylR
3853 	 zraR, rhaR, xylR
3854 	 zraR, melR, xylR
3855 	 zraR, rhaR, xylR
3858 	 zraR, melR
3859 	 zraR, rhaR
3860 	 zraR, melR, rhaR
3861 	 zraR, rhaR
3862 	 zraR, melR
3863 	 zraR, melR, rhaR, xylR
3864 	 zraR, melR, xylR
3865 	 zraR, melR, rhaR
3866 	 zraR, melR, rhaR, xylR
3867 	 zraR, rhaR
3868 	 zraR, melR, rhaR, xylR
3869 	 zraR, melR, rhaR
3870 	 zraR, rhaR
3871 	 zraR, melR
3872 	 zraR, melR, rhaR
3873 	 zraR, xylR, stpA, lrp, gadE
3874 	 zraR, xylR, stpA, lrp, gadE
3875 	 zraR, melR, xylR, stpA, lrp, gadE
3876 	 zraR, rhaR, xylR, stpA, lrp, gadE
3877 	 zraR, xylR
3878 	 zraR, melR, xylR, stpA, lrp, gadE
3879 	 zraR, melR, rhaR, xylR, stpA, lrp, gadE
3880 	 zraR, rhaR, xylR, stpA, lrp, gadE
3881 	 zraR, rhaR, xylR
3882 	 zraR, stpA, lrp, gadE
3883 	 zraR, melR, stpA, lrp, gadE
3884 	 zraR, rhaR, stpA, lrp, gadE
3886 	 zraR, melR, rhaR, xylR, stpA, lrp, gadE
3887 	 zraR, stpA, lrp, gadE
3888 	 zraR, xylR
3889 	 zraR, melR, stpA, lrp, gadE
3890 	 zraR, rhaR, xylR
3892 	 zraR, melR, xylR
3893 	 zraR, melR, rhaR, stpA, lrp, gadE
3894 	 zraR, melR, xylR
3895 	 zraR, melR
3896 	 zraR, melR, rhaR, xylR
3897 	 zraR, rhaR
3898 	 zraR, rhaR, stpA, lrp, gadE
3899 	 zraR, melR, rhaR, stpA, lrp, gadE
3900 	 zraR, rhaR
3901 	 zraR, melR
3902 	 zraR, melR, rhaR
3903 	 zraR, melR, rhaR, xylR
3904 	 zraR, melR, rhaR
3905 	 zraR, xylR, stpA, lrp, gadE
3906 	 zraR, rhaR, xylR, stpA, lrp, gadE
3907 	 zraR, melR, xylR, stpA, lrp, gadE
3908 	 zraR, xylR, stpA, lrp, gadE
3909 	 zraR, melR, rhaR, xylR, stpA, lrp, gadE
3910 	 zraR, melR, xylR, stpA, lrp, gadE
3911 	 zraR, rhaR, xylR, stpA, lrp, gadE
3912 	 zraR, stpA, lrp, gadE
3913 	 zraR, xylR
3914 	 zraR, stpA, lrp, gadE
3915 	 zraR, rhaR, xylR
3916 	 zraR, melR, stpA, lrp, gadE
3917 	 zraR, rhaR, stpA, lrp, gadE
3918 	 zraR, melR, xylR
3919 	 zraR, melR, stpA, lrp, gadE
3921 	 zraR, xylR
3922 	 zraR, melR, rhaR, stpA, lrp, gadE
3923 	 zraR, melR
3924 	 zraR, melR, rhaR, xylR
3925 	 zraR, rhaR
3926 	 zraR, rhaR, xylR
3927 	 zraR, melR, xylR
3928 	 zraR, rhaR, stpA, lrp, gadE
3929 	 zraR, melR, rhaR, xylR, stpA, lrp, gadE
3930 	 zraR, melR, rhaR, stpA, lrp, gadE
3931 	 zraR, melR, rhaR, xylR
3933 	 zraR, rhaR
3934 	 zraR, melR
3935 	 zraR, melR, rhaR
3936 	 zraR, melR, rhaR
3937 	 zraR, xylR
3938 	 zraR, rhaR, xylR
3939 	 zraR, xylR
3940 	 zraR, melR, xylR
3942 	 zraR, rhaR, xylR
3943 	 zraR, melR, xylR
3944 	 zraR, melR
3945 	 zraR, rhaR
3946 	 zraR, xylR
3947 	 zraR, melR, rhaR, xylR
3948 	 zraR, rhaR, xylR
3949 	 zraR, melR, rhaR, xylR
3950 	 zraR, xylR
3951 	 zraR, melR, rhaR
3952 	 zraR, melR, xylR
3955 	 zraR, rhaR
3956 	 zraR, rhaR
3957 	 zraR, melR
3958 	 zraR, rhaR, xylR
3959 	 zraR, melR, rhaR, xylR
3960 	 zraR, melR, xylR
3962 	 zraR, melR
3963 	 zraR, melR, rhaR
3964 	 zraR, melR
3965 	 zraR, melR, rhaR, xylR
3966 	 zraR, melR, rhaR
3967 	 zraR, rhaR
3968 	 zraR, melR, rhaR
3969 	 zraR, xylR
3970 	 zraR, melR, xylR
3971 	 zraR, xylR
3972 	 zraR, xylR
3973 	 zraR, rhaR, xylR
3974 	 zraR, rhaR, xylR
3975 	 zraR, rhaR, xylR
3976 	 zraR, melR, xylR
3977 	 zraR, melR, rhaR, xylR
3979 	 zraR, melR, rhaR, xylR
3981 	 zraR, melR
3983 	 zraR, xylR
3985 	 zraR, melR, xylR
3986 	 zraR, melR
3987 	 zraR, rhaR, xylR
3988 	 zraR, rhaR
3989 	 zraR, xylR
3990 	 zraR, rhaR
3991 	 zraR, rhaR
3992 	 zraR, melR, rhaR
3993 	 zraR, melR, rhaR, xylR
3994 	 zraR, melR
3995 	 zraR, rhaR
3996 	 zraR, melR, rhaR
3997 	 zraR, melR, xylR
3998 	 zraR, melR, rhaR, xylR
3999 	 zraR, melR, rhaR
4000 	 zraR, melR
4001 	 zraR, melR, rhaR
4003 	 zraR, rhaR, xylR
4004 	 zraR, rhaR
4005 	 zraR, melR, xylR
4006 	 zraR, xylR
4007 	 zraR, melR, rhaR, xylR
4008 	 zraR, rhaR, xylR
4009 	 zraR, melR, xylR
4010 	 zraR, melR
4011 	 zraR, melR, rhaR, xylR
4012 	 zraR, melR, rhaR
4014 	 zraR, melR
4015 	 zraR, rhaR
4016 	 zraR, melR, rhaR
4017 	 zraR, xylR
4018 	 zraR, rhaR, xylR
4019 	 zraR, melR, xylR
4021 	 zraR, melR, rhaR, xylR
4022 	 zraR, melR
4023 	 zraR, rhaR
4024 	 zraR, xylR
4026 	 zraR, melR, xylR
4027 	 zraR, rhaR, xylR
4028 	 zraR, melR, rhaR, xylR
4029 	 zraR, melR, rhaR
4030 	 zraR, rhaR
4031 	 zraR, melR
4032 	 zraR, melR, rhaR
