64 	 fnr, arcA, rcsA, narL, soxR, yqjI, nikR, betI, lldR
108 	 fnr, arcA, rcsA, narL, soxR, yqjI, nikR, betI, lldR
110 	 fnr, arcA, rcsA, narL, soxR, araC, yqjI, nikR, betI, lldR
112 	 fnr, arcA, rcsA, narL, soxR, araC, yqjI, nikR, betI, lldR
114 	 fnr, arcA, rcsA, narL, soxR, yqjI, fucR, nikR, betI, lldR
116 	 fnr, arcA, rcsA, narL, soxR, yqjI, fucR, nikR, betI, lldR
118 	 fnr, arcA, rcsA, narL, soxR, araC, yqjI, fucR, nikR, betI, lldR
120 	 arcA, rcsA, narL, soxR, araC, yqjI, fucR, nikR
138 	 fnr, arcA, rcsA, narL, soxR, yqjI, idnR, nikR, betI, lldR
139 	 fnr, arcA, rcsA, narL, soxR, yqjI, nikR, lldR
140 	 arcA, rcsA, narL, soxR, yqjI, idnR, nikR
141 	 fnr, arcA, rcsA, narL, soxR, araC, yqjI, idnR, nikR, betI, lldR
143 	 fnr, arcA, rcsA, narL, soxR, yqjI, nikR, lldR
144 	 arcA, narL, soxR, araC, yqjI, nikR
145 	 fnr, arcA, rcsA, narL, soxR, araC, yqjI, idnR, nikR, betI, lldR
146 	 arcA, rcsA, narL, soxR, yqjI, nikR
147 	 fnr, arcA, narL, soxR, araC, yqjI, nikR, betI, lldR
148 	 arcA, rcsA, narL, soxR, yqjI, nikR
149 	 arcA, rcsA, narL, soxR, yqjI, idnR, fucR, nikR
150 	 fnr, arcA, rcsA, narL, soxR, araC, yqjI, nikR, lldR
151 	 arcA, rcsA, narL, soxR, araC, yqjI, nikR
152 	 fnr, arcA, rcsA, narL, soxR, araC, yqjI, nikR, lldR
153 	 arcA, narL, soxR, yqjI, idnR, nikR
154 	 fnr, arcA, rcsA, narL, soxR, yqjI, idnR, fucR, nikR, betI, lldR
155 	 arcA, rcsA, narL, soxR, araC, yqjI, nikR
156 	 arcA, rcsA, narL, soxR, araC, yqjI, idnR, fucR, nikR
157 	 fnr, arcA, rcsA, narL, soxR, araC, yqjI, idnR, fucR, nikR, betI, lldR
158 	 arcA, rcsA, narL, soxR, yqjI, fucR, nikR
159 	 arcA, narL, soxR, yqjI, fucR, nikR
160 	 fnr, arcA, rcsA, narL, soxR, yqjI, fucR, nikR, lldR
161 	 arcA, narL, soxR, yqjI, fucR, nikR
162 	 fnr, arcA, rcsA, narL, soxR, yqjI, fucR, nikR, lldR
163 	 arcA, narL, soxR, araC, yqjI, fucR, nikR
164 	 fnr, arcA, rcsA, narL, soxR, yqjI, fucR, nikR, lldR
165 	 arcA, narL, soxR, araC, yqjI, fucR, nikR
166 	 fnr, arcA, rcsA, narL, soxR, araC, yqjI, fucR, nikR, lldR
167 	 fnr, arcA, rcsA, narL, soxR, araC, yqjI, fucR, nikR, lldR
168 	 arcA, rcsA, narL, soxR, araC, yqjI, fucR, nikR
170 	 arcA, rcsA, narL, soxR, araC, yqjI, fucR, nikR
172 	 arcA, rcsA, narL, soxR, yqjI, idnR, nikR
174 	 arcA, rcsA, narL, soxR, yqjI, idnR, nikR
176 	 fnr, arcA, rcsA, narL, soxR, yqjI, idnR, nikR, lldR
177 	 arcA, narL, soxR, araC, yqjI, nikR
178 	 fnr, arcA, rcsA, narL, soxR, yqjI, idnR, nikR, lldR
179 	 arcA, narL, soxR, araC, yqjI, nikR
180 	 fnr, arcA, rcsA, narL, soxR, araC, yqjI, idnR, nikR, lldR
181 	 arcA, narL, soxR, araC, yqjI, nikR
182 	 fnr, arcA, rcsA, narL, soxR, araC, yqjI, idnR, nikR, lldR
183 	 arcA, narL, soxR, araC, yqjI, nikR
184 	 fnr, arcA, rcsA, narL, soxR, araC, yqjI, idnR, nikR, lldR
185 	 arcA, narL, soxR, yqjI, fucR, nikR
186 	 fnr, arcA, rcsA, narL, soxR, araC, yqjI, idnR, nikR, lldR
187 	 arcA, narL, soxR, yqjI, fucR, nikR
188 	 fnr, arcA, rcsA, narL, soxR, yqjI, idnR, fucR, nikR, lldR
189 	 arcA, narL, soxR, yqjI, fucR, nikR
190 	 fnr, arcA, rcsA, narL, soxR, yqjI, idnR, fucR, nikR, lldR
191 	 arcA, narL, soxR, yqjI, fucR, nikR
192 	 fnr, arcA, rcsA, narL, soxR, yqjI, idnR, fucR, nikR, lldR
193 	 arcA, narL, soxR, araC, yqjI, fucR, nikR
194 	 fnr, arcA, rcsA, narL, soxR, yqjI, idnR, fucR, nikR, lldR
195 	 arcA, narL, soxR, araC, yqjI, fucR, nikR
196 	 fnr, arcA, rcsA, narL, soxR, araC, yqjI, idnR, fucR, nikR, lldR
197 	 arcA, narL, soxR, araC, yqjI, fucR, nikR
198 	 fnr, arcA, rcsA, narL, soxR, araC, yqjI, idnR, fucR, nikR, lldR
199 	 arcA, narL, soxR, araC, yqjI, fucR, nikR
200 	 fnr, arcA, rcsA, narL, soxR, araC, yqjI, idnR, fucR, nikR, lldR
201 	 fnr, arcA, rcsA, narL, soxR, araC, yqjI, idnR, fucR, nikR, lldR
202 	 arcA, narL, soxR, yqjI, idnR, nikR
203 	 fnr, arcA, narL, soxR, araC, yqjI, idnR, nikR, betI, lldR
204 	 arcA, narL, soxR, araC, yqjI, idnR, nikR
205 	 fnr, arcA, narL, soxR, yqjI, idnR, fucR, nikR, betI, lldR
206 	 arcA, narL, soxR, yqjI, idnR, fucR, nikR
207 	 fnr, arcA, narL, soxR, araC, yqjI, idnR, fucR, nikR, betI, lldR
208 	 arcA, narL, soxR, araC, yqjI, idnR, fucR, nikR
209 	 fnr, arcA, narL, soxR, yqjI, idnR, nikR, lldR
210 	 fnr, arcA, narL, soxR, yqjI, idnR, nikR, lldR
211 	 fnr, arcA, narL, soxR, yqjI, idnR, nikR, lldR
212 	 arcA, narL, soxR, yqjI, idnR, nikR
213 	 fnr, arcA, narL, soxR, araC, yqjI, idnR, nikR, lldR
214 	 arcA, narL, soxR, araC, yqjI, idnR, nikR
215 	 fnr, arcA, narL, soxR, araC, yqjI, idnR, nikR, lldR
216 	 arcA, narL, soxR, araC, yqjI, idnR, nikR
217 	 fnr, arcA, narL, soxR, yqjI, idnR, fucR, nikR, lldR
218 	 arcA, narL, soxR, yqjI, idnR, fucR, nikR
219 	 fnr, arcA, narL, soxR, yqjI, idnR, fucR, nikR, lldR
220 	 arcA, narL, soxR, yqjI, idnR, fucR, nikR
221 	 fnr, arcA, narL, soxR, araC, yqjI, idnR, fucR, nikR, lldR
222 	 arcA, narL, soxR, araC, yqjI, idnR, fucR, nikR
223 	 fnr, arcA, narL, soxR, araC, yqjI, idnR, fucR, nikR, lldR
224 	 arcA, narL, soxR, araC, yqjI, idnR, fucR, nikR
225 	 arcA, rcsA, narL, soxR, yqjI, nikR
226 	 fnr, arcA, rcsA, narL, soxR, yqjI, nikR, betI, lldR
227 	 arcA, rcsA, narL, soxR, araC, yqjI, nikR
228 	 fnr, arcA, rcsA, narL, soxR, araC, yqjI, nikR, betI, lldR
229 	 arcA, rcsA, narL, soxR, yqjI, fucR, nikR
230 	 fnr, arcA, rcsA, narL, soxR, yqjI, fucR, nikR, betI, lldR
231 	 arcA, rcsA, narL, soxR, araC, yqjI, fucR, nikR
232 	 fnr, arcA, rcsA, narL, soxR, araC, yqjI, fucR, nikR, betI, lldR
233 	 arcA, rcsA, narL, soxR, yqjI, idnR, nikR
235 	 fnr, arcA, rcsA, narL, soxR, yqjI, idnR, nikR, betI, lldR
237 	 fnr, arcA, rcsA, narL, soxR, araC, yqjI, idnR, nikR, betI, lldR
238 	 arcA, narL, soxR, araC, yqjI, nikR
239 	 fnr, arcA, rcsA, narL, soxR, araC, yqjI, idnR, nikR, betI, lldR
240 	 arcA, narL, soxR, araC, yqjI, nikR
241 	 fnr, arcA, rcsA, narL, soxR, yqjI, idnR, fucR, nikR, betI, lldR
242 	 arcA, narL, soxR, yqjI, fucR, nikR
243 	 fnr, arcA, rcsA, narL, soxR, yqjI, idnR, fucR, nikR, betI, lldR
244 	 arcA, narL, soxR, yqjI, fucR, nikR
245 	 fnr, arcA, rcsA, narL, soxR, araC, yqjI, idnR, fucR, nikR, betI, lldR
246 	 arcA, narL, soxR, araC, yqjI, fucR, nikR
247 	 fnr, arcA, rcsA, narL, soxR, araC, yqjI, idnR, fucR, nikR, betI, lldR
248 	 arcA, narL, soxR, araC, yqjI, fucR, nikR
249 	 fnr, arcA, narL, soxR, yqjI, idnR, nikR, betI, lldR
250 	 fnr, arcA, narL, soxR, yqjI, idnR, nikR, betI, lldR
251 	 arcA, narL, soxR, araC, yqjI, idnR, nikR
252 	 fnr, arcA, narL, soxR, araC, yqjI, idnR, nikR, betI, lldR
253 	 arcA, narL, soxR, yqjI, idnR, fucR, nikR
254 	 fnr, arcA, narL, soxR, yqjI, idnR, fucR, nikR, betI, lldR
255 	 arcA, narL, soxR, araC, yqjI, idnR, fucR, nikR
256 	 fnr, arcA, narL, soxR, araC, yqjI, idnR, fucR, nikR, betI, lldR
