2 	 zraR, mazE, mazF
3 	 zraR, mazE, mazF
5 	 zraR, mazE
7 	 zraR, mazE
8 	 zraR, araC
9 	 zraR, araC, mazE
10 	 zraR, mazE
11 	 zraR, mazE
13 	 zraR, mazE
14 	 zraR, mazE
15 	 zraR, mazE
17 	 zraR, mazE, uxuR
18 	 zraR, mazE, uxuR
19 	 zraR, mazE, uxuR
20 	 zraR, uxuR
21 	 zraR, mazE, uxuR
22 	 zraR, uxuR
23 	 zraR, mazE, uxuR
24 	 zraR, uxuR
25 	 zraR, mazE, uxuR, exuR
26 	 zraR, uxuR
27 	 zraR, mazE, uxuR, csgD
28 	 zraR, uxuR
29 	 zraR, mazE, uxuR, exuR
30 	 zraR, mazE, uxuR
31 	 zraR, mazE, uxuR, csgD
32 	 zraR, uxuR
33 	 zraR, uxuR, exuR
34 	 zraR, mazE
35 	 zraR, uxuR, csgD
37 	 zraR, uxuR, exuR
38 	 zraR, mazE
39 	 zraR, uxuR, csgD
41 	 zraR, mazE, uxuR, exuR, csgD
43 	 zraR, uxuR, exuR, csgD
44 	 zraR, mazE, uxuR, csgD
45 	 zraR, mazE, uxuR, exuR, csgD
46 	 zraR, uxuR, csgD
47 	 zraR, uxuR, exuR, csgD
48 	 zraR, mazE, uxuR, csgD
49 	 zraR, mazE, uxuR, exuR
51 	 zraR, mazE, uxuR, exuR
52 	 zraR, mazE, uxuR, csgD
53 	 zraR, uxuR, exuR
54 	 zraR, mazE, csgD
55 	 zraR, mazE, uxuR, exuR
56 	 zraR, mazE, uxuR, csgD
57 	 zraR, uxuR, exuR
58 	 zraR, uxuR, csgD
59 	 zraR, uxuR, exuR
60 	 zraR, uxuR, csgD
61 	 zraR, mazE, uxuR, exuR
62 	 zraR, uxuR, csgD
63 	 zraR, uxuR, exuR
64 	 zraR, mazE, uxuR, exuR, csgD
65 	 zraR, mazE, exuR
66 	 zraR, mazE, exuR
67 	 zraR, mazE, csgD
68 	 zraR, mazE, csgD
69 	 zraR, mazE, exuR
70 	 zraR, mazE, exuR
71 	 zraR, csgD
72 	 zraR, csgD
73 	 zraR, mazE, exuR
74 	 zraR, csgD
75 	 zraR, mazE, csgD
76 	 zraR, mazE, exuR, csgD
77 	 zraR, mazE, csgD
78 	 zraR, mazE, exuR, csgD
79 	 zraR, mazE, csgD
80 	 zraR, mazE, exuR
81 	 zraR, mazE, uxuR, exuR, csgD
82 	 zraR, mazE, uxuR, exuR, csgD
83 	 zraR, csgD
84 	 zraR, uxuR, exuR, csgD
85 	 zraR, csgD
86 	 zraR, uxuR, exuR, csgD
87 	 zraR, csgD
88 	 zraR, uxuR, exuR, csgD
89 	 zraR, mazE, uxuR, exuR, csgD
90 	 zraR, uxuR, exuR, csgD
91 	 zraR, mazE, exuR, csgD
92 	 zraR, mazE, exuR, csgD
93 	 zraR, mazE, exuR, csgD
94 	 zraR, mazE, exuR, csgD
95 	 zraR, hyfR, mazE, uxuR
96 	 zraR, hyfR, uxuR
97 	 zraR, hyfR, mazE, uxuR
98 	 zraR, mazE, uxuR
99 	 zraR, uxuR
100 	 zraR, hyfR, mazE, uxuR
101 	 zraR, hyfR, mazE, uxuR, exuR
102 	 zraR, hyfR, uxuR
103 	 zraR, hyfR, mazE
104 	 zraR, mazE, uxuR
105 	 zraR, mazE
106 	 zraR, hyfR, uxuR
107 	 zraR, hyfR, uxuR, exuR
108 	 zraR, uxuR
109 	 zraR, hyfR
110 	 zraR, mazE, uxuR
111 	 zraR, mazE, uxuR, exuR
112 	 zraR, uxuR
114 	 zraR, hyfR, mazE
115 	 zraR, uxuR, exuR
116 	 zraR, hyfR, mazE, uxuR, exuR
117 	 zraR, hyfR, mazE, uxuR, csgD
118 	 zraR, hyfR
119 	 zraR, hyfR, uxuR, csgD
120 	 zraR, mazE, uxuR, exuR
121 	 zraR, mazE, uxuR, csgD
122 	 zraR, mazE
123 	 zraR, uxuR, csgD
124 	 zraR, hyfR, uxuR, exuR
125 	 zraR, hyfR, mazE, csgD
126 	 zraR, hyfR, mazE
127 	 zraR, hyfR, mazE, uxuR, exuR, csgD
128 	 zraR, hyfR, mazE, exuR
129 	 zraR, hyfR, uxuR, exuR, csgD
131 	 zraR, mazE, uxuR, exuR, csgD
132 	 zraR, mazE, exuR
133 	 zraR, uxuR, exuR, csgD
134 	 zraR, mazE, csgD
135 	 zraR, hyfR, mazE, uxuR, csgD
136 	 zraR, hyfR, mazE, uxuR, csgD
137 	 zraR, hyfR
138 	 zraR, hyfR, csgD
139 	 zraR, hyfR, mazE, uxuR, exuR
140 	 zraR, csgD
141 	 zraR, hyfR, uxuR, exuR
142 	 zraR, mazE, uxuR, exuR
143 	 zraR, hyfR, mazE, exuR, csgD
144 	 zraR, uxuR, exuR
145 	 zraR, uxuR, exuR
146 	 zraR, mazE, exuR, csgD
147 	 zraR, mazE
148 	 zraR, hyfR, uxuR, csgD
150 	 zraR, mazE, uxuR, csgD
151 	 zraR, hyfR, mazE, exuR
152 	 zraR, hyfR, uxuR, csgD
153 	 zraR, mazE, exuR
154 	 zraR, uxuR, csgD
155 	 zraR, hyfR, mazE, exuR
156 	 zraR, mazE, uxuR, csgD
157 	 zraR, mazE, exuR
158 	 zraR, uxuR, csgD
159 	 zraR, hyfR, mazE, csgD
160 	 zraR, mazE, csgD
161 	 zraR, hyfR, mazE, csgD
162 	 zraR, hyfR, csgD
163 	 zraR, mazE, csgD
164 	 zraR, csgD
165 	 zraR, hyfR, csgD
166 	 zraR, csgD
167 	 zraR, hyfR, mazE, uxuR, exuR, csgD
168 	 zraR, hyfR, mazE, uxuR, exuR, csgD
169 	 zraR, mazE, uxuR, exuR, csgD
170 	 zraR, hyfR, uxuR, exuR, csgD
171 	 zraR, mazE, uxuR, exuR, csgD
172 	 zraR, uxuR, exuR, csgD
173 	 zraR, hyfR, uxuR, exuR, csgD
174 	 zraR, uxuR, exuR, csgD
175 	 zraR, hyfR, mazE, exuR, csgD
176 	 zraR, hyfR, mazE, exuR, csgD
177 	 zraR, mazE, exuR, csgD
178 	 zraR, mazE, exuR, csgD
179 	 zraR, mazE, uxuR, mazF
180 	 zraR, mazE, uxuR
181 	 zraR, mazE, uxuR, mazF
182 	 zraR, mazE, uxuR
183 	 zraR, mazE, uxuR, mazF
184 	 zraR, mazE, uxuR
185 	 zraR, mazE, uxuR, mazF, csgD
186 	 zraR, uxuR
187 	 zraR, mazE, uxuR, exuR, mazF
188 	 zraR, uxuR
189 	 zraR, mazE, uxuR, exuR, mazF
190 	 zraR, uxuR
191 	 zraR, mazE, uxuR, mazF
192 	 zraR, mazE, uxuR
193 	 zraR, mazE, uxuR, mazF, csgD
194 	 zraR, mazE
195 	 zraR, mazE, uxuR, mazF
196 	 zraR, mazE, uxuR
197 	 zraR, mazE, uxuR, exuR, mazF, csgD
198 	 zraR, uxuR
199 	 zraR, mazE, uxuR, exuR, mazF, csgD
201 	 zraR, mazE, uxuR, mazF
202 	 zraR, uxuR
203 	 zraR, mazE, mazF
204 	 zraR, araC, mazE, uxuR
205 	 zraR, mazE, uxuR, exuR, mazF
206 	 zraR, mazE, mazF, csgD
207 	 zraR, mazE, uxuR, exuR, mazF
208 	 zraR, mazE, mazF, csgD
209 	 zraR, mazE, uxuR, mazF, csgD
210 	 zraR, mazE, uxuR, mazF, csgD
211 	 zraR, mazE, uxuR, exuR, mazF, csgD
212 	 zraR, mazE, uxuR, exuR, mazF
213 	 zraR, mazE, uxuR, exuR, mazF, csgD
214 	 zraR, mazE, uxuR, exuR, mazF
215 	 zraR, mazE, uxuR, mazF, csgD
216 	 zraR, mazE, uxuR, mazF, csgD
217 	 zraR, mazE, uxuR, exuR, mazF, csgD
218 	 zraR, mazE, uxuR, exuR, mazF, csgD
219 	 zraR, mazE, mazF
220 	 zraR, mazE, mazF
221 	 zraR, mazE, mazF, csgD
222 	 zraR, mazE, mazF, csgD
223 	 zraR, mazE, mazF
224 	 zraR, mazE, mazF
225 	 zraR, mazE, mazF, csgD
226 	 zraR, mazE, mazF, csgD
227 	 zraR, hyfR, mazE, uxuR, mazF
228 	 zraR, hyfR, mazE, uxuR, mazF
229 	 zraR, mazE, uxuR, mazF
230 	 zraR, mazE, uxuR, mazF
231 	 zraR, hyfR, mazE, uxuR, exuR, mazF
232 	 zraR, hyfR, mazE, uxuR, exuR, mazF
233 	 zraR, hyfR, mazE, uxuR, mazF, csgD
234 	 zraR, hyfR, mazE, uxuR, mazF, csgD
235 	 zraR, mazE, uxuR, exuR, mazF
236 	 zraR, mazE, uxuR, exuR, mazF
237 	 zraR, mazE, uxuR, mazF, csgD
238 	 zraR, mazE, uxuR, mazF, csgD
239 	 zraR, hyfR, mazE, uxuR, exuR, mazF, csgD
240 	 zraR, hyfR, mazE, uxuR, exuR, mazF, csgD
241 	 zraR, mazE, uxuR, exuR, mazF, csgD
242 	 zraR, mazE, uxuR, exuR, mazF, csgD
243 	 zraR, hyfR, mazE, mazF
244 	 zraR, hyfR, mazE, uxuR, mazF
245 	 zraR, mazE, mazF
246 	 zraR, hyfR, mazE, mazF, csgD
247 	 zraR, mazE, mazF, csgD
248 	 zraR, mazE, uxuR, mazF
249 	 zraR, hyfR, mazE, uxuR, mazF, csgD
250 	 zraR, mazE, uxuR, mazF, csgD
251 	 zraR, hyfR, mazE, uxuR, exuR, mazF
252 	 zraR, mazE, uxuR, exuR, mazF
253 	 zraR, hyfR, mazE, uxuR, exuR, mazF, csgD
254 	 zraR, mazE, uxuR, exuR, mazF, csgD
255 	 zraR, hyfR, mazE, mazF
256 	 zraR, mazE, mazF
257 	 zraR, hyfR, mazE, mazF, csgD
258 	 zraR, mazE, mazF, csgD
259 	 zraR, hyfR, mazE, mazF
260 	 zraR, mazE, mazF
261 	 zraR, hyfR, mazE, mazF, csgD
262 	 zraR, mazE, mazF, csgD
263 	 zraR, mazE, uxuR, exuR
264 	 zraR, mazE, uxuR
265 	 zraR, araC, uxuR
266 	 zraR, mazE, uxuR, csgD
267 	 zraR, uxuR
268 	 zraR, araC, mazE, uxuR
269 	 zraR, uxuR, exuR
270 	 zraR, mazE, uxuR
271 	 zraR, araC, uxuR
272 	 zraR, uxuR, csgD
273 	 zraR, uxuR
274 	 zraR, araC, mazE, uxuR, exuR
275 	 zraR, mazE, uxuR, exuR
276 	 zraR, mazE, uxuR, exuR
277 	 zraR, araC, mazE, uxuR, csgD
278 	 zraR, mazE, uxuR, csgD
279 	 zraR, mazE, uxuR, csgD
280 	 zraR, araC, uxuR, exuR
281 	 zraR, uxuR, exuR
282 	 zraR, uxuR, exuR
283 	 zraR, araC, mazE, uxuR, csgD
284 	 zraR, uxuR, csgD
285 	 zraR, uxuR, csgD
286 	 zraR, araC, mazE, uxuR, exuR
287 	 zraR, mazE, uxuR, exuR, csgD
288 	 zraR, mazE, uxuR, exuR
289 	 zraR, araC, uxuR, csgD
290 	 zraR, mazE, uxuR, exuR, csgD
291 	 zraR, uxuR, exuR
292 	 zraR, araC, uxuR, csgD
293 	 zraR, uxuR, exuR, csgD
294 	 zraR, mazE, uxuR, csgD
295 	 zraR, araC, uxuR, exuR
296 	 zraR, uxuR, exuR, csgD
297 	 zraR, uxuR, csgD
298 	 zraR, araC, mazE, uxuR, exuR, csgD
299 	 zraR, mazE, uxuR, mazF
300 	 zraR, mazE, uxuR, exuR, csgD
301 	 zraR, araC, mazE, uxuR, exuR, csgD
302 	 zraR, uxuR, mazF
303 	 zraR, uxuR, exuR, csgD
304 	 zraR, araC, uxuR, exuR, csgD
305 	 zraR, mazE, uxuR, mazF
306 	 zraR, mazE, uxuR, exuR, csgD
307 	 zraR, araC, uxuR, exuR, csgD
308 	 zraR, uxuR, mazF
309 	 zraR, uxuR, exuR, csgD
310 	 zraR, araC, mazE, uxuR, mazF
311 	 zraR, mazE, uxuR, mazF, csgD
312 	 zraR, mazE, uxuR, mazF
313 	 zraR, araC, mazE, uxuR, mazF
314 	 zraR, uxuR, mazF, csgD
315 	 zraR, mazE, uxuR, mazF
316 	 zraR, araC, uxuR, mazF
317 	 zraR, mazE, uxuR, mazF, csgD
318 	 zraR, uxuR, mazF
319 	 zraR, araC, uxuR, mazF
320 	 zraR, uxuR, mazF, csgD
321 	 zraR, uxuR, mazF
322 	 zraR, araC, mazE, uxuR, mazF, csgD
323 	 zraR, mazE, uxuR, exuR, mazF
324 	 zraR, mazE, uxuR, mazF, csgD
325 	 zraR, araC, uxuR, mazF, csgD
326 	 zraR, mazE, uxuR, exuR, mazF
327 	 zraR, mazE, uxuR, mazF, csgD
328 	 zraR, araC, mazE, uxuR, mazF, csgD
329 	 zraR, mazE, uxuR, exuR, mazF, csgD
330 	 zraR, uxuR, mazF, csgD
331 	 zraR, araC, uxuR, mazF, csgD
332 	 zraR, mazE, uxuR, exuR, mazF, csgD
333 	 zraR, uxuR, mazF, csgD
334 	 zraR, araC, mazE, uxuR, exuR, mazF
335 	 zraR, mazE, csgD
336 	 zraR, mazE, uxuR, exuR, mazF
337 	 zraR, araC, mazE, uxuR, exuR, mazF
338 	 zraR, csgD
339 	 zraR, mazE, uxuR, exuR, mazF
340 	 zraR, araC, mazE, uxuR, exuR, mazF, csgD
341 	 zraR, mazE, csgD
342 	 zraR, mazE, uxuR, exuR, mazF, csgD
343 	 zraR, araC, mazE, uxuR, exuR, mazF, csgD
344 	 zraR, csgD
345 	 zraR, mazE, uxuR, exuR, mazF, csgD
346 	 zraR, araC, mazE, uxuR
347 	 zraR, mazE, mazF
348 	 zraR, mazE
349 	 zraR, araC, mazE, uxuR
350 	 zraR, mazE, mazF
352 	 zraR, araC, uxuR
353 	 zraR, mazE, mazF, csgD
354 	 zraR, mazE, csgD
355 	 zraR, araC, uxuR
356 	 zraR, mazE, mazF, csgD
357 	 zraR, csgD
358 	 zraR, araC, mazE, uxuR, csgD
359 	 zraR, mazE, uxuR, exuR
360 	 zraR, mazE, csgD
361 	 zraR, araC, mazE, uxuR, exuR
362 	 zraR, uxuR, exuR
363 	 zraR, csgD
364 	 zraR, araC, mazE, uxuR, exuR
365 	 zraR, mazE, uxuR, exuR
366 	 zraR, mazE, mazF
367 	 zraR, araC, uxuR, csgD
368 	 zraR, mazE, uxuR, csgD
369 	 zraR, mazE, mazF
370 	 zraR, araC, mazE, uxuR, csgD
371 	 zraR, uxuR, csgD
372 	 zraR, mazE, mazF, csgD
373 	 zraR, araC, uxuR, csgD
374 	 zraR, mazE, uxuR, csgD
375 	 zraR, mazE, mazF, csgD
376 	 zraR, araC, uxuR, exuR
377 	 zraR, uxuR, csgD
378 	 zraR, hyfR, mazE, uxuR
379 	 zraR, araC, uxuR, exuR
380 	 zraR, uxuR, exuR
381 	 zraR, hyfR, uxuR
382 	 zraR, araC, mazE, uxuR, exuR, csgD
383 	 zraR, mazE, uxuR, exuR, csgD
384 	 zraR, mazE, uxuR
385 	 zraR, araC, mazE, uxuR, exuR, csgD
386 	 zraR, uxuR, exuR, csgD
387 	 zraR, uxuR
388 	 zraR, araC, uxuR, exuR, csgD
389 	 zraR, mazE, uxuR, exuR, csgD
390 	 zraR, hyfR, mazE, uxuR, exuR
391 	 zraR, araC, uxuR, exuR, csgD
392 	 zraR, uxuR, exuR, csgD
393 	 zraR, mazE, uxuR, exuR
394 	 zraR, araC, mazE, uxuR, mazF
395 	 zraR, mazE, uxuR, mazF
396 	 zraR, hyfR, mazE, uxuR, csgD
397 	 zraR, araC, mazE, uxuR, mazF
398 	 zraR, uxuR, mazF
399 	 zraR, hyfR, uxuR, exuR
400 	 zraR, araC, uxuR, mazF
401 	 zraR, mazE, uxuR, mazF
402 	 zraR, hyfR, uxuR, csgD
403 	 zraR, araC, uxuR, mazF
404 	 zraR, uxuR, mazF
405 	 zraR, uxuR, exuR
406 	 zraR, araC, mazE, uxuR, mazF, csgD
407 	 zraR, mazE, uxuR, mazF, csgD
408 	 zraR, mazE, uxuR, csgD
409 	 zraR, araC, mazE, uxuR, exuR, mazF
410 	 zraR, mazE, uxuR, exuR, mazF
411 	 zraR, uxuR, csgD
412 	 zraR, araC, uxuR, mazF, csgD
413 	 zraR, mazE, uxuR, mazF, csgD
414 	 zraR, hyfR, mazE, uxuR, exuR, csgD
415 	 zraR, araC, mazE, uxuR, mazF, csgD
416 	 zraR, uxuR, mazF, csgD
417 	 zraR, mazE, uxuR, exuR, csgD
418 	 zraR, araC, uxuR, mazF, csgD
419 	 zraR, uxuR, mazF, csgD
420 	 zraR, hyfR, uxuR, exuR, csgD
421 	 zraR, araC, mazE, uxuR, exuR, mazF
422 	 zraR, mazE, uxuR, exuR, mazF
423 	 zraR, uxuR, exuR, csgD
424 	 zraR, araC, mazE, uxuR, exuR, mazF, csgD
425 	 zraR, mazE, uxuR, exuR, mazF, csgD
426 	 zraR, hyfR, mazE, uxuR, mazF
427 	 zraR, araC, mazE, uxuR, exuR, mazF, csgD
428 	 zraR, mazE, uxuR, exuR, mazF, csgD
429 	 zraR, hyfR, uxuR, mazF
430 	 zraR, araC, mazE
431 	 zraR, mazE, uxuR
432 	 zraR, uxuR
433 	 zraR, mazE, uxuR, mazF
434 	 zraR, araC, mazE
435 	 zraR, mazE, uxuR, csgD
436 	 zraR, uxuR, mazF
437 	 zraR, araC
438 	 zraR, uxuR, csgD
439 	 zraR, hyfR, mazE, uxuR, mazF, csgD
440 	 zraR, araC
441 	 zraR, mazE, uxuR, csgD
442 	 zraR, mazE, uxuR, mazF, csgD
443 	 zraR, araC, mazE, csgD
444 	 zraR, uxuR, csgD
445 	 zraR, hyfR, uxuR, mazF, csgD
446 	 zraR, araC, csgD
447 	 zraR, mazE, uxuR, exuR
448 	 zraR, uxuR, mazF, csgD
449 	 zraR, araC, mazE, csgD
450 	 zraR, uxuR, exuR
451 	 zraR, hyfR, mazE, uxuR, exuR, mazF
452 	 zraR, araC, csgD
453 	 zraR, mazE, uxuR, exuR
454 	 zraR, mazE, uxuR, exuR, mazF
455 	 zraR, araC, mazE, mazF
456 	 zraR, uxuR, exuR
457 	 zraR, hyfR, mazE, uxuR, exuR, mazF, csgD
458 	 zraR, araC, mazE, mazF
459 	 zraR, mazE, uxuR, exuR, csgD
460 	 zraR, mazE, uxuR, exuR, mazF, csgD
461 	 zraR, araC, mazE, mazF, csgD
462 	 zraR, mazE, uxuR, exuR, csgD
463 	 zraR, hyfR, mazE
464 	 zraR, araC, mazE, mazF, csgD
465 	 zraR, uxuR, exuR, csgD
466 	 zraR, hyfR
467 	 zraR, araC, mazE, uxuR
468 	 zraR, uxuR, exuR, csgD
469 	 zraR, mazE
470 	 zraR, araC, mazE, uxuR
471 	 zraR, mazE, uxuR, mazF
473 	 zraR, araC, uxuR
474 	 zraR, uxuR, mazF
475 	 zraR, hyfR, mazE, csgD
476 	 zraR, araC, uxuR
477 	 zraR, mazE, uxuR, mazF
478 	 zraR, mazE, csgD
479 	 zraR, araC, mazE, uxuR, csgD
480 	 zraR, uxuR, mazF
481 	 zraR, hyfR, csgD
482 	 zraR, araC, uxuR, csgD
483 	 zraR, mazE, uxuR, mazF, csgD
484 	 zraR, csgD
485 	 zraR, araC, mazE, uxuR, csgD
486 	 zraR, mazE, uxuR, mazF, csgD
487 	 zraR, hyfR, mazE, mazF
488 	 zraR, araC, uxuR, csgD
489 	 zraR, uxuR, mazF, csgD
490 	 zraR, mazE, mazF
491 	 zraR, araC, mazE, uxuR, exuR
492 	 zraR, uxuR, mazF, csgD
493 	 zraR, hyfR, mazE, mazF, csgD
494 	 zraR, araC, mazE, uxuR, exuR
495 	 zraR, mazE, uxuR, exuR, mazF
496 	 zraR, mazE, mazF, csgD
497 	 zraR, araC, uxuR, exuR
498 	 zraR, mazE, uxuR, exuR, mazF
499 	 zraR, araC
500 	 zraR, araC, mazE
501 	 zraR, mazE, uxuR, exuR, mazF, csgD
502 	 zraR, mazE, uxuR, exuR, mazF, csgD
503 	 zraR, araC
504 	 zraR, araC, mazE, csgD
505 	 zraR, mazE
507 	 zraR, araC, csgD
508 	 zraR, araC, uxuR, exuR
509 	 zraR, mazE
511 	 zraR, araC, mazE, csgD
512 	 zraR, araC, mazE, uxuR, exuR, csgD
513 	 zraR, mazE, csgD
514 	 zraR, csgD
515 	 zraR, araC, csgD
516 	 zraR, araC, mazE, uxuR, exuR, csgD
517 	 zraR, mazE, csgD
518 	 zraR, csgD
519 	 zraR, araC, mazE, mazF
520 	 zraR, araC, uxuR, exuR, csgD
521 	 zraR, mazE, mazF
522 	 zraR, mazE, mazF
523 	 zraR, araC, mazE, mazF
524 	 zraR, araC, mazE, mazF, csgD
525 	 zraR, mazE, mazF, csgD
526 	 zraR, mazE, mazF, csgD
527 	 zraR, araC, mazE, mazF, csgD
528 	 zraR, araC, uxuR, exuR, csgD
529 	 zraR, mazE
531 	 zraR, araC, mazE, uxuR, mazF
532 	 zraR, araC, uxuR, mazF
533 	 zraR, mazE, csgD
534 	 zraR, csgD
535 	 zraR, araC, mazE, uxuR, mazF
536 	 zraR, araC, uxuR, mazF
537 	 zraR, mazE, csgD
538 	 zraR, csgD
539 	 zraR, araC, mazE, uxuR, exuR, mazF
540 	 zraR, araC, mazE, uxuR, exuR, mazF
541 	 zraR, mazE, mazF
542 	 zraR, mazE, mazF, csgD
543 	 zraR, araC, mazE, uxuR, mazF, csgD
544 	 zraR, araC, uxuR, mazF, csgD
545 	 zraR, mazE, mazF, csgD
546 	 zraR, hyfR, mazE, uxuR
547 	 zraR, araC, mazE, uxuR, mazF, csgD
548 	 zraR, araC, uxuR, mazF, csgD
549 	 zraR, mazE, uxuR
550 	 zraR, hyfR, uxuR
551 	 zraR, araC, mazE, uxuR, exuR, mazF, csgD
552 	 zraR, araC, mazE, uxuR, exuR, mazF, csgD
553 	 zraR, uxuR
554 	 zraR, hyfR, mazE, uxuR, exuR
555 	 zraR, araC, mazE
556 	 zraR, araC, mazE
557 	 zraR, hyfR, mazE, uxuR, csgD
558 	 zraR, hyfR, mazE, uxuR
559 	 zraR, araC
560 	 zraR, araC, mazE, csgD
561 	 zraR, hyfR, uxuR, csgD
562 	 zraR, mazE, uxuR
563 	 zraR, araC, mazE, csgD
564 	 zraR, araC, csgD
565 	 zraR, mazE, uxuR, csgD
566 	 zraR, hyfR, uxuR
567 	 zraR, araC, csgD
568 	 zraR, araC, mazE, mazF
569 	 zraR, hyfR, uxuR, exuR
570 	 zraR, uxuR
571 	 zraR, araC, mazE, mazF
572 	 zraR, araC, mazE, mazF, csgD
573 	 zraR, mazE, uxuR, exuR
574 	 zraR, hyfR, mazE, uxuR, exuR
575 	 zraR, araC, mazE, mazF, csgD
576 	 zraR, araC, hyfR, mazE, uxuR
577 	 zraR, uxuR, csgD
578 	 zraR, hyfR, mazE, uxuR, csgD
579 	 zraR, araC, hyfR, mazE, uxuR
580 	 zraR, araC, hyfR, uxuR
581 	 zraR, uxuR, exuR
582 	 zraR, hyfR, uxuR, csgD
583 	 zraR, araC, mazE, uxuR
584 	 zraR, araC, mazE, uxuR
585 	 zraR, hyfR, mazE, uxuR, exuR, csgD
586 	 zraR, mazE, uxuR, csgD
587 	 zraR, araC, hyfR, uxuR
588 	 zraR, araC, uxuR
589 	 zraR, hyfR, uxuR, exuR, csgD
590 	 zraR, uxuR, csgD
591 	 zraR, araC, uxuR
592 	 zraR, araC, hyfR, mazE, uxuR, csgD
593 	 zraR, mazE, uxuR, exuR, csgD
594 	 zraR, hyfR, uxuR, exuR
595 	 zraR, araC, hyfR, mazE, uxuR, csgD
596 	 zraR, araC, hyfR, uxuR, csgD
597 	 zraR, uxuR, exuR, csgD
598 	 zraR, mazE, uxuR, exuR
599 	 zraR, araC, hyfR, mazE, uxuR, exuR
600 	 zraR, araC, hyfR, mazE, uxuR, exuR
601 	 zraR, hyfR, mazE, uxuR, mazF
602 	 zraR, uxuR, exuR
603 	 zraR, araC, mazE, uxuR, exuR
604 	 zraR, araC, hyfR, uxuR, exuR
605 	 zraR, mazE, uxuR, mazF
606 	 zraR, hyfR, mazE, uxuR, exuR, csgD
607 	 zraR, araC, hyfR, uxuR, exuR
608 	 zraR, araC, mazE, uxuR, exuR
609 	 zraR, hyfR, uxuR, mazF
610 	 zraR, mazE, uxuR, exuR, csgD
611 	 zraR, araC, uxuR, exuR
612 	 zraR, araC, uxuR, exuR
613 	 zraR, uxuR, mazF
614 	 zraR, hyfR, uxuR, exuR, csgD
615 	 zraR, araC, mazE, uxuR, csgD
616 	 zraR, araC, mazE, uxuR, csgD
617 	 zraR, hyfR, mazE, uxuR, exuR, mazF
618 	 zraR, uxuR, exuR, csgD
619 	 zraR, araC, hyfR, uxuR, csgD
620 	 zraR, araC, uxuR, csgD
621 	 zraR, mazE, uxuR, exuR, mazF
622 	 zraR, hyfR, mazE, uxuR, mazF
623 	 zraR, araC, uxuR, csgD
624 	 zraR, araC, hyfR, mazE, uxuR, exuR, csgD
625 	 zraR, hyfR, mazE, uxuR, mazF, csgD
626 	 zraR, mazE, uxuR, mazF
627 	 zraR, araC, hyfR, mazE, uxuR, exuR, csgD
628 	 zraR, araC, mazE, uxuR, exuR, csgD
629 	 zraR, hyfR, uxuR, mazF, csgD
630 	 zraR, hyfR, uxuR, mazF
631 	 zraR, araC, mazE, uxuR, exuR, csgD
632 	 zraR, araC, hyfR, uxuR, exuR, csgD
633 	 zraR, mazE, uxuR, mazF, csgD
634 	 zraR, uxuR, mazF
635 	 zraR, araC, hyfR, uxuR, exuR, csgD
636 	 zraR, araC, uxuR, exuR, csgD
637 	 zraR, uxuR, mazF, csgD
638 	 zraR, hyfR, mazE, uxuR, exuR, mazF
639 	 zraR, araC, uxuR, exuR, csgD
640 	 zraR, araC, hyfR, mazE, uxuR, mazF
641 	 zraR, hyfR, mazE, uxuR, exuR, mazF, csgD
642 	 zraR, mazE, uxuR, exuR, mazF
643 	 zraR, araC, hyfR, mazE, uxuR, mazF
644 	 zraR, araC, mazE, uxuR, mazF
645 	 zraR, mazE, uxuR, exuR, mazF, csgD
646 	 zraR, hyfR, mazE, uxuR, mazF, csgD
647 	 zraR, araC, mazE, uxuR, mazF
648 	 zraR, araC, hyfR, uxuR, mazF
649 	 zraR, hyfR, mazE
650 	 zraR, mazE, uxuR, mazF, csgD
651 	 zraR, araC, hyfR, uxuR, mazF
652 	 zraR, araC, uxuR, mazF
653 	 zraR, hyfR
654 	 zraR, mazE
655 	 zraR, araC, uxuR, mazF
656 	 zraR, araC, hyfR, mazE, uxuR, mazF, csgD
658 	 zraR, hyfR, mazE, csgD
659 	 zraR, araC, hyfR, mazE, uxuR, mazF, csgD
660 	 zraR, araC, mazE, uxuR, mazF, csgD
661 	 zraR, hyfR, csgD
662 	 zraR, mazE, csgD
663 	 zraR, araC, hyfR, uxuR, mazF, csgD
664 	 zraR, araC, hyfR, uxuR, mazF, csgD
665 	 zraR, csgD
666 	 zraR, hyfR, mazE, mazF
667 	 zraR, araC, hyfR, mazE, uxuR, exuR, mazF
668 	 zraR, araC, hyfR, mazE, uxuR, exuR, mazF
669 	 zraR, mazE, mazF
670 	 zraR, hyfR, mazE, mazF, csgD
671 	 zraR, araC, mazE, uxuR, exuR, mazF
672 	 zraR, araC, mazE, uxuR, exuR, mazF
673 	 zraR, mazE, mazF, csgD
674 	 zraR, hyfR, uxuR, mazF, csgD
675 	 zraR, araC, mazE, uxuR, mazF, csgD
676 	 zraR, araC, uxuR, mazF, csgD
677 	 zraR, uxuR, mazF, csgD
678 	 zraR, hyfR, mazE, uxuR, exuR, mazF, csgD
679 	 zraR, araC, uxuR, mazF, csgD
680 	 zraR, araC, hyfR, mazE, uxuR, exuR, mazF, csgD
681 	 zraR, mazE, uxuR, exuR, mazF, csgD
682 	 zraR, hyfR, mazE, uxuR
683 	 zraR, araC, mazE, uxuR, exuR, mazF, csgD
684 	 zraR, araC, hyfR, mazE
685 	 zraR, hyfR, uxuR
686 	 zraR, mazE, uxuR
687 	 zraR, araC, hyfR, mazE, uxuR, exuR, mazF, csgD
688 	 zraR, araC, mazE, uxuR, exuR, mazF, csgD
689 	 zraR, uxuR
690 	 zraR, hyfR, mazE, uxuR, exuR
691 	 zraR, araC, hyfR, mazE, uxuR
692 	 zraR, araC, mazE, uxuR
693 	 zraR, hyfR, mazE, uxuR, csgD
694 	 zraR, mazE, uxuR, csgD
695 	 zraR, hyfR, uxuR, csgD
696 	 zraR, araC, mazE
697 	 zraR, araC, hyfR, uxuR
698 	 zraR, mazE, uxuR, exuR
699 	 zraR, hyfR, uxuR, exuR
700 	 zraR, araC, uxuR
701 	 zraR, araC, hyfR, mazE, uxuR, csgD
702 	 zraR, uxuR, csgD
703 	 zraR, araC, mazE, uxuR
704 	 zraR, araC, hyfR, mazE
705 	 zraR, araC, mazE, uxuR
706 	 zraR, araC, hyfR
707 	 zraR, araC, uxuR
708 	 zraR, araC, mazE
709 	 zraR, araC, uxuR
710 	 zraR, araC
711 	 zraR, araC, mazE, uxuR, csgD
712 	 zraR, araC, hyfR, mazE, csgD
713 	 zraR, araC, mazE, uxuR, mazF
714 	 zraR, araC, hyfR, mazE, mazF
715 	 zraR, araC, mazE, uxuR, csgD
716 	 zraR, araC, hyfR, csgD
717 	 zraR, araC, uxuR, mazF
718 	 zraR, araC, mazE, mazF
719 	 zraR, araC, uxuR, csgD
720 	 zraR, araC, mazE, csgD
721 	 zraR, araC, mazE, uxuR, mazF
722 	 zraR, araC, csgD
723 	 zraR, araC, uxuR, csgD
724 	 zraR, araC, hyfR, mazE, mazF, csgD
725 	 zraR, araC, mazE, uxuR, exuR
726 	 zraR, araC, mazE, mazF, csgD
727 	 zraR, araC, mazE, uxuR, exuR
728 	 zraR, araC, hyfR
729 	 zraR, araC, uxuR, mazF
730 	 zraR, araC, hyfR, uxuR, csgD
731 	 zraR, araC, uxuR, exuR
732 	 zraR, araC, mazE, uxuR, csgD
733 	 zraR, araC, mazE, uxuR, mazF, csgD
734 	 zraR, araC, uxuR, csgD
735 	 zraR, araC, uxuR, exuR
736 	 zraR, araC, hyfR, mazE, uxuR, mazF
737 	 zraR, araC, uxuR, mazF, csgD
738 	 zraR, araC, hyfR, mazE, uxuR, exuR
739 	 zraR, araC, mazE, uxuR, exuR, csgD
740 	 zraR, hyfR, mazE, uxuR, mazF
741 	 zraR, araC, mazE, uxuR, exuR, mazF
742 	 zraR, hyfR, uxuR, mazF
743 	 zraR, araC, mazE, uxuR, exuR, mazF
744 	 zraR, mazE, uxuR, mazF
745 	 zraR, araC, mazE, uxuR, exuR, csgD
746 	 zraR, uxuR, exuR
747 	 zraR, araC, mazE, uxuR, mazF, csgD
748 	 zraR, uxuR, mazF
749 	 zraR, araC, uxuR, exuR, csgD
750 	 zraR, hyfR, mazE, uxuR, mazF, csgD
751 	 zraR, araC, mazE, uxuR, exuR, mazF, csgD
752 	 zraR, hyfR, mazE, uxuR, exuR, csgD
753 	 zraR, araC, uxuR, exuR, csgD
754 	 zraR, hyfR, uxuR, mazF, csgD
755 	 zraR, araC, mazE, uxuR, exuR, mazF, csgD
756 	 zraR, mazE, uxuR, exuR, csgD
757 	 zraR, araC, uxuR, mazF, csgD
758 	 zraR, mazE, uxuR, mazF, csgD
759 	 zraR, araC, mazE
760 	 zraR, hyfR, uxuR, exuR, csgD
761 	 zraR, araC, mazE, mazF
762 	 zraR, araC, mazE, uxuR
763 	 zraR, mazE, uxuR
764 	 zraR, araC, mazE, uxuR, mazF
765 	 zraR, araC, mazE, csgD
766 	 zraR, araC, mazE, uxuR
767 	 zraR, mazE, uxuR, csgD
768 	 zraR, araC, mazE, uxuR, mazF
769 	 zraR, araC
770 	 zraR, araC, mazE, uxuR, exuR
771 	 zraR, uxuR
772 	 zraR, araC, uxuR
773 	 zraR, araC, mazE, mazF, csgD
774 	 zraR, araC, uxuR, mazF
775 	 zraR, mazE, uxuR, mazF
776 	 zraR, araC, mazE, uxuR, exuR, mazF
777 	 zraR, araC, csgD
778 	 zraR, araC, uxuR
779 	 zraR, mazE, uxuR
780 	 zraR, araC, mazE, uxuR, csgD
781 	 zraR, araC, mazE
782 	 zraR, araC, mazE, uxuR, mazF, csgD
783 	 zraR, mazE, uxuR, mazF
784 	 zraR, araC, mazE, uxuR, csgD
785 	 zraR, araC, mazE, mazF
786 	 zraR, araC, uxuR, csgD
787 	 zraR, mazE, uxuR, csgD
788 	 zraR, araC, uxuR, csgD
789 	 zraR, araC
790 	 zraR, araC, uxuR, exuR
791 	 zraR, mazE, uxuR, mazF, csgD
792 	 zraR, araC, mazE, uxuR, exuR, csgD
793 	 zraR, araC, mazE, csgD
794 	 zraR, araC, mazE, uxuR, exuR
795 	 zraR, mazE, uxuR, exuR
796 	 zraR, araC, mazE, uxuR, exuR, mazF, csgD
797 	 zraR, araC, mazE, mazF, csgD
798 	 zraR, araC, uxuR, mazF, csgD
799 	 zraR, mazE, uxuR, exuR, csgD
800 	 zraR, araC, mazE, uxuR, mazF, csgD
801 	 zraR, araC, csgD
802 	 zraR, araC, uxuR, exuR, csgD
803 	 zraR, mazE, uxuR, exuR, mazF
804 	 zraR, araC, mazE, uxuR, exuR, mazF
805 	 zraR, araC, hyfR, uxuR, exuR
806 	 zraR, araC, uxuR, mazF
807 	 zraR, hyfR, mazE
808 	 zraR, araC, hyfR, uxuR, mazF
809 	 zraR, araC, hyfR, mazE, csgD
810 	 zraR, araC, mazE, uxuR, exuR, csgD
811 	 zraR, hyfR, mazE, csgD
812 	 zraR, araC, hyfR, mazE, uxuR, exuR, mazF
813 	 zraR, araC, hyfR, csgD
814 	 zraR, araC, uxuR, exuR
815 	 zraR, hyfR
816 	 zraR, araC, hyfR, mazE, uxuR, mazF, csgD
817 	 zraR, araC, hyfR, mazE, mazF
818 	 zraR, araC, uxuR, exuR, csgD
819 	 zraR, mazE
820 	 zraR, araC, mazE, uxuR, mazF
821 	 zraR, araC, mazE, csgD
822 	 zraR, araC, mazE, uxuR, exuR, mazF, csgD
823 	 zraR, mazE, csgD
824 	 zraR, araC, mazE, uxuR, exuR
825 	 zraR, araC, hyfR, mazE, mazF, csgD
826 	 zraR, araC, uxuR, mazF, csgD
828 	 zraR, araC, hyfR, uxuR, mazF, csgD
829 	 zraR, araC
830 	 zraR, araC, hyfR, mazE, uxuR
831 	 zraR, hyfR, csgD
832 	 zraR, araC, mazE, uxuR, exuR, mazF
833 	 zraR, araC, mazE, mazF
834 	 zraR, araC, hyfR, mazE, uxuR, csgD
835 	 zraR, hyfR, mazE, mazF
836 	 zraR, araC, hyfR, mazE, uxuR, exuR, csgD
837 	 zraR, araC, csgD
838 	 zraR, araC, hyfR, mazE, uxuR, exuR
839 	 zraR, csgD
840 	 zraR, araC, uxuR, exuR
841 	 zraR, araC, mazE, mazF, csgD
842 	 zraR, araC, hyfR, uxuR
843 	 zraR, hyfR, mazE, mazF, csgD
844 	 zraR, araC, uxuR, mazF
845 	 zraR, araC, mazE, uxuR, mazF, csgD
846 	 zraR, mazE
847 	 zraR, araC, mazE
848 	 zraR, araC, mazE, mazF
849 	 zraR, araC
850 	 zraR, araC, mazE
851 	 zraR, araC, hyfR, uxuR, exuR, csgD
852 	 zraR, araC, mazE, uxuR, exuR, csgD
853 	 zraR, mazE, uxuR
854 	 zraR, araC, hyfR, mazE, uxuR, exuR, mazF, csgD
855 	 zraR, mazE, uxuR
856 	 zraR, araC, uxuR, mazF, csgD
857 	 zraR, uxuR
858 	 zraR, araC, mazE, uxuR, exuR, mazF, csgD
859 	 zraR, mazE, uxuR, csgD
860 	 zraR, araC, uxuR, exuR, csgD
861 	 zraR, mazE, uxuR, csgD
862 	 zraR, araC, hyfR, mazE
863 	 zraR, mazE, uxuR, mazF
864 	 zraR, araC, hyfR, mazE, mazF
865 	 zraR, mazE, uxuR, exuR
866 	 zraR, araC, hyfR
867 	 zraR, mazE, uxuR, exuR, mazF
868 	 zraR, araC, hyfR, mazE, csgD
869 	 zraR, uxuR
870 	 zraR, araC, hyfR, csgD
871 	 zraR, mazE, uxuR, exuR
872 	 zraR, araC, mazE, csgD
873 	 zraR, uxuR, exuR
874 	 zraR, araC, hyfR, mazE, mazF, csgD
875 	 zraR, uxuR, csgD
876 	 zraR, araC, csgD
877 	 zraR, uxuR, csgD
878 	 zraR, araC, mazE, mazF, csgD
879 	 zraR, mazE, uxuR, mazF, csgD
880 	 zraR, araC, hyfR, mazE, uxuR
881 	 zraR, uxuR, mazF
882 	 zraR, araC, hyfR, uxuR
883 	 zraR, mazE, uxuR, mazF
884 	 zraR, araC, mazE, uxuR
885 	 zraR, uxuR, mazF
886 	 zraR, araC, hyfR, mazE, uxuR, csgD
887 	 zraR, mazE, uxuR, exuR, mazF
888 	 zraR, araC, mazE, uxuR, csgD
889 	 zraR, mazE, uxuR, mazF, csgD
890 	 zraR, araC, hyfR, mazE, uxuR, exuR
891 	 zraR, uxuR, mazF, csgD
892 	 zraR, araC, hyfR, mazE, uxuR, mazF
893 	 zraR, mazE, uxuR, exuR, csgD
894 	 zraR, araC, hyfR, uxuR, csgD
895 	 zraR, uxuR, exuR
896 	 zraR, araC, hyfR, mazE, uxuR, exuR, csgD
897 	 zraR, uxuR, mazF, csgD
898 	 zraR, araC, mazE, uxuR, exuR
899 	 zraR, uxuR, exuR, csgD
900 	 zraR, araC, hyfR, uxuR, mazF
901 	 zraR, mazE, uxuR, exuR, csgD
902 	 zraR, araC, hyfR, uxuR, exuR
903 	 zraR, mazE, uxuR, exuR, mazF, csgD
904 	 zraR, araC, mazE, uxuR, exuR, csgD
905 	 zraR, mazE, uxuR, exuR, mazF, csgD
906 	 zraR, araC, uxuR
907 	 zraR, uxuR, exuR, csgD
908 	 zraR, araC, uxuR, exuR
909 	 zraR, hyfR, mazE, uxuR
910 	 zraR, araC, mazE, uxuR, mazF
911 	 zraR, hyfR, mazE, uxuR, exuR
912 	 zraR, araC, hyfR, mazE, uxuR, exuR, mazF
913 	 zraR, mazE, uxuR
914 	 zraR, araC, mazE, uxuR, exuR, mazF
915 	 zraR, mazE, uxuR, exuR
916 	 zraR, araC, hyfR, mazE, uxuR, mazF, csgD
917 	 zraR, hyfR, mazE
918 	 zraR, araC, uxuR, mazF
919 	 zraR, hyfR, mazE, uxuR, csgD
920 	 zraR, araC, hyfR, mazE
921 	 zraR, araC, mazE, uxuR
922 	 zraR, araC, hyfR, mazE, csgD
923 	 zraR, hyfR, uxuR
924 	 zraR, araC, hyfR, mazE, mazF
925 	 zraR, araC, hyfR, mazE, uxuR
926 	 zraR, araC, hyfR, mazE, exuR, csgD
927 	 zraR, hyfR, mazE, uxuR, mazF
928 	 zraR, araC, hyfR, uxuR, exuR, csgD
929 	 zraR, araC, mazE, uxuR
930 	 zraR, araC, mazE, csgD
931 	 zraR, araC, uxuR
932 	 zraR, araC, mazE, mazF
933 	 zraR, araC, mazE, uxuR, csgD
934 	 zraR, araC, hyfR
935 	 zraR, araC, mazE, uxuR, mazF
936 	 zraR, araC, uxuR, csgD
937 	 zraR, araC, mazE
938 	 zraR, araC
939 	 zraR, araC, hyfR, mazE, uxuR, csgD
940 	 zraR, araC, mazE, exuR, csgD
941 	 zraR, araC, hyfR, uxuR
942 	 zraR, araC, hyfR, mazE, uxuR, exuR, mazF, csgD
943 	 zraR, mazE, csgD
944 	 zraR, araC, hyfR, csgD
945 	 zraR, araC, hyfR, mazE, uxuR, mazF
946 	 zraR, araC, hyfR, mazE, mazF, csgD
947 	 zraR, hyfR, uxuR, csgD
948 	 zraR, araC, uxuR, exuR, csgD
949 	 zraR, araC, mazE, uxuR
950 	 zraR, araC, mazE, uxuR, mazF, csgD
951 	 zraR, araC, mazE, uxuR, mazF
952 	 zraR, araC, csgD
953 	 zraR, araC, mazE, uxuR, csgD
954 	 zraR, araC, mazE, uxuR, exuR, mazF, csgD
955 	 zraR, mazE, uxuR, csgD
956 	 zraR, araC, mazE, mazF, csgD
957 	 zraR, araC, mazE, uxuR, csgD
958 	 zraR, araC, hyfR, mazE, uxuR, exuR, csgD
959 	 zraR, mazE, mazF
960 	 zraR, araC, mazE, uxuR
961 	 zraR, araC, mazE, uxuR, exuR
962 	 zraR, araC, hyfR, uxuR, exuR
963 	 zraR, araC, mazE, uxuR, mazF, csgD
964 	 zraR, araC, mazE
965 	 zraR, araC, hyfR, mazE
966 	 zraR, araC, mazE, mazF
968 	 zraR, araC, mazE, csgD
969 	 zraR, araC, mazE, csgD
970 	 zraR, araC, mazE
971 	 zraR, araC, mazE, uxuR, exuR, mazF
972 	 zraR, araC, hyfR, uxuR, csgD
973 	 zraR, hyfR, mazE, csgD
974 	 zraR, araC, mazE, mazF
975 	 zraR, mazE
976 	 zraR, araC
977 	 zraR, hyfR, mazE, mazF
978 	 zraR, mazE, mazF
979 	 zraR, araC, uxuR
980 	 zraR, araC, hyfR, mazE, uxuR, mazF
981 	 zraR, mazE, csgD
982 	 zraR, mazE, mazF, csgD
983 	 zraR, araC, uxuR, csgD
984 	 zraR, araC, hyfR, mazE, uxuR, exuR, mazF
985 	 zraR, araC, mazE, uxuR, exuR
986 	 zraR, araC, hyfR, uxuR, mazF
988 	 zraR, araC, hyfR, mazE
989 	 zraR, araC, mazE, uxuR, exuR, mazF
990 	 zraR, araC, csgD
991 	 zraR, uxuR
992 	 zraR, araC, hyfR, mazE, uxuR, mazF, csgD
993 	 zraR, csgD
994 	 zraR, araC, mazE, mazF, csgD
995 	 zraR, araC
996 	 zraR, araC, hyfR, uxuR, mazF, csgD
997 	 zraR, mazE
998 	 zraR, araC, mazE, csgD
999 	 zraR, araC, mazE, mazF
1000 	 zraR, araC, mazE, uxuR, mazF
1001 	 zraR, hyfR
1002 	 zraR, araC, hyfR
1003 	 zraR, araC, uxuR
1004 	 zraR, araC, hyfR, mazE, uxuR, exuR, mazF, csgD
1005 	 zraR, araC, mazE
1006 	 zraR, araC
1007 	 zraR, araC, hyfR, mazE, csgD
1008 	 zraR, araC, csgD
1009 	 zraR, araC, hyfR, mazE, mazF
1010 	 zraR, araC, mazE, mazF, csgD
1011 	 zraR, hyfR, mazE, exuR
1012 	 zraR, araC, hyfR, uxuR, exuR, csgD
1013 	 zraR, hyfR, mazE, uxuR, mazF, csgD
1014 	 zraR, araC, mazE, uxuR, csgD
1015 	 zraR, araC, hyfR, mazE, uxuR, exuR
1016 	 zraR, araC, hyfR, mazE, mazF
1017 	 zraR, mazE, uxuR, mazF
1018 	 zraR, araC, mazE, uxuR, exuR
1019 	 zraR, araC, hyfR
1020 	 zraR, araC, uxuR
1021 	 zraR, araC, mazE, exuR
1022 	 zraR, araC, uxuR, csgD
1023 	 zraR, araC, hyfR, mazE, uxuR, mazF, csgD
1024 	 zraR, araC, hyfR, mazE, csgD
1025 	 zraR, araC, mazE, uxuR, exuR
1026 	 zraR, araC, uxuR, mazF
1027 	 zraR, uxuR, csgD
1028 	 zraR, araC, hyfR, csgD
1029 	 zraR, araC, hyfR, uxuR, mazF
1030 	 zraR, araC, mazE
1031 	 zraR, hyfR, mazE, uxuR, exuR, mazF
1032 	 zraR, araC, hyfR, mazE, mazF, csgD
1033 	 zraR, araC, hyfR, uxuR, csgD
1034 	 zraR, araC, mazE, mazF
1035 	 zraR, hyfR, mazE, uxuR, exuR, csgD
1036 	 zraR, araC, mazE, uxuR, exuR, mazF
1037 	 zraR, mazE, csgD
1038 	 zraR, araC, uxuR, exuR
1039 	 zraR, araC, uxuR, csgD
1040 	 zraR, araC, mazE, uxuR, mazF, csgD
1041 	 zraR, araC, mazE
1042 	 zraR, araC, uxuR, mazF, csgD
1043 	 zraR, araC
1044 	 zraR, araC, mazE, csgD
1045 	 zraR, araC, csgD
1046 	 zraR, araC, mazE, mazF, csgD
1047 	 zraR, araC, mazE, uxuR, exuR, csgD
1048 	 zraR, araC, uxuR, exuR, csgD
1049 	 zraR, araC, mazE, uxuR, exuR, mazF, csgD
1050 	 zraR, araC, csgD
1051 	 zraR, araC, mazE, uxuR
1052 	 zraR, araC
1053 	 zraR, araC, mazE
1054 	 zraR, araC, mazE, csgD
1055 	 zraR, araC, mazE, uxuR
1056 	 zraR, mazE, mazF
1057 	 zraR, araC, mazE
1058 	 zraR, araC, mazE, mazF
1059 	 zraR, araC, mazE, uxuR, csgD
1060 	 zraR, araC, uxuR, mazF
1061 	 zraR, araC, mazE, uxuR
1062 	 zraR, mazE, mazF, csgD
1063 	 zraR, araC, mazE, uxuR, csgD
1064 	 zraR, csgD
1065 	 zraR, araC, mazE, uxuR, mazF
1066 	 zraR, araC, csgD
1067 	 zraR, araC, uxuR
1068 	 zraR, mazE, mazF, csgD
1069 	 zraR, araC, mazE, uxuR, mazF
1070 	 zraR, araC, mazE, uxuR, mazF, csgD
1071 	 zraR, araC, mazE, uxuR, mazF, csgD
1072 	 zraR, araC, mazE, mazF, csgD
1073 	 zraR, araC, mazE, uxuR, mazF, csgD
1074 	 zraR, araC, uxuR, mazF, csgD
1075 	 zraR, araC, mazE, uxuR, mazF
1076 	 zraR, araC, uxuR, mazF, csgD
1077 	 zraR, araC, uxuR
1078 	 zraR, araC, mazE, mazF
1079 	 zraR, araC, uxuR, csgD
1080 	 zraR, araC, mazE, uxuR
1081 	 zraR, araC, uxuR, csgD
1082 	 zraR, araC, mazE, mazF
1083 	 zraR, araC, mazE, csgD
1084 	 zraR, araC, uxuR, mazF
1085 	 zraR, araC, mazE, csgD
1086 	 zraR, araC, mazE, uxuR, csgD
1087 	 zraR, araC, mazE, uxuR, csgD
1088 	 zraR, araC, mazE, mazF, csgD
1089 	 zraR, araC, mazE, uxuR, mazF, csgD
1090 	 zraR, araC, uxuR, mazF
1091 	 zraR, araC, uxuR, mazF, csgD
1092 	 zraR, araC, mazE, uxuR, mazF
1093 	 zraR, araC, uxuR, mazF, csgD
1094 	 zraR, araC, mazE, mazF, csgD
1095 	 zraR, araC, mazE, uxuR, mazF, csgD
1096 	 zraR, araC, uxuR
1097 	 zraR, araC, mazE
1098 	 zraR, araC, mazE
1099 	 zraR, araC
1100 	 zraR, araC, mazE, mazF
1101 	 zraR, araC, csgD
1102 	 zraR, araC
1103 	 zraR, araC, mazE, csgD
1104 	 zraR, araC, csgD
1105 	 zraR, araC, mazE, mazF
1106 	 zraR, araC, mazE, csgD
1107 	 zraR, araC, mazE, mazF, csgD
1108 	 zraR, araC, uxuR, mazF
1109 	 zraR, araC, uxuR
1110 	 zraR, araC, mazE, mazF, csgD
1111 	 zraR, araC, uxuR, csgD
1112 	 zraR, araC, uxuR, mazF, csgD
1113 	 zraR, araC, uxuR, csgD
1114 	 zraR, araC
1115 	 zraR, araC, csgD
1116 	 zraR, araC, uxuR, mazF
1117 	 zraR, araC, uxuR, mazF, csgD
1118 	 zraR, araC
1119 	 zraR, araC, csgD
1120 	 zraR, araC, mazE, uxuR, exuR
1121 	 zraR, araC, hyfR, mazE, uxuR
1122 	 zraR, araC, hyfR, mazE, uxuR, mazF
1123 	 zraR, araC, mazE, uxuR, exuR, mazF
1124 	 zraR, araC, mazE, uxuR, exuR
1125 	 zraR, araC, hyfR, mazE, uxuR
1126 	 zraR, araC, hyfR, mazE, uxuR, csgD
1127 	 zraR, araC, mazE, uxuR, exuR, csgD
1128 	 zraR, araC, mazE, uxuR, exuR, mazF
1129 	 zraR, araC, hyfR, mazE, uxuR, csgD
1130 	 zraR, araC, hyfR, mazE, uxuR, mazF, csgD
1131 	 zraR, araC, mazE, uxuR, exuR, mazF, csgD
1132 	 zraR, araC, mazE, uxuR, exuR, csgD
1133 	 zraR, araC, hyfR, mazE, uxuR, mazF
1134 	 zraR, araC, hyfR, uxuR
1135 	 zraR, araC, uxuR, exuR
1136 	 zraR, araC, mazE, uxuR, exuR, mazF, csgD
1137 	 zraR, araC, hyfR, mazE, uxuR, mazF, csgD
1138 	 zraR, araC, hyfR, uxuR, csgD
1139 	 zraR, araC, uxuR, exuR, csgD
1140 	 zraR, araC, uxuR, exuR
1141 	 zraR, araC, hyfR, uxuR
1142 	 zraR, araC, hyfR, uxuR, mazF
1143 	 zraR, araC, mazE, uxuR, exuR
1144 	 zraR, araC, uxuR, exuR, csgD
1145 	 zraR, araC, hyfR, mazE
1146 	 zraR, hyfR, mazE
1147 	 zraR, araC, mazE, uxuR, exuR, mazF
1148 	 zraR, araC, mazE, uxuR, exuR
1149 	 zraR, araC, hyfR, mazE
1150 	 zraR, araC, hyfR, mazE, mazF
1151 	 zraR, araC, mazE, uxuR, exuR, csgD
1152 	 zraR, araC, mazE, uxuR, exuR, mazF
1153 	 zraR, hyfR, mazE, csgD
1154 	 zraR, hyfR, mazE, mazF
1155 	 zraR, araC, hyfR, mazE, csgD
1156 	 zraR, araC, hyfR, mazE, mazF, csgD
1157 	 zraR, araC, mazE, uxuR, exuR, mazF, csgD
1158 	 zraR, araC, uxuR, exuR
1159 	 zraR, araC, hyfR, mazE, csgD
1160 	 zraR, araC, hyfR, uxuR, mazF
1161 	 zraR, araC, uxuR, exuR, csgD
1162 	 zraR, araC, mazE, uxuR, exuR, csgD
1163 	 zraR, araC, hyfR, mazE, mazF
1164 	 zraR, araC, hyfR, uxuR, csgD
1165 	 zraR, araC, mazE, uxuR, exuR, mazF, csgD
1166 	 zraR, araC, uxuR, exuR
1167 	 zraR, araC, hyfR, uxuR, mazF, csgD
1168 	 zraR, araC, hyfR, uxuR, mazF, csgD
1169 	 zraR, araC, uxuR, exuR, csgD
1170 	 zraR, araC, hyfR
1171 	 zraR, hyfR, mazE, mazF, csgD
1172 	 zraR, araC, hyfR, csgD
1173 	 zraR, araC, hyfR, mazE, mazF, csgD
1174 	 zraR, araC, mazE, uxuR
1175 	 zraR, hyfR
1176 	 zraR, araC, mazE, uxuR, mazF
1177 	 zraR, araC, hyfR
1178 	 zraR, araC, mazE, uxuR, csgD
1179 	 zraR, hyfR, csgD
1180 	 zraR, araC, mazE, uxuR, mazF, csgD
1181 	 zraR, araC, hyfR, csgD
1182 	 zraR, araC, mazE
1183 	 zraR, araC, mazE, uxuR
1184 	 zraR, araC, mazE, uxuR, mazF
1185 	 zraR, araC, mazE, uxuR, csgD
1186 	 zraR, araC, mazE, uxuR, mazF, csgD
1187 	 zraR, mazE
1188 	 zraR, araC, uxuR
1189 	 zraR, mazE, csgD
1190 	 zraR, uxuR, mazF, csgD
1191 	 zraR, mazE, mazF
1192 	 zraR, araC, uxuR, csgD
1193 	 zraR, araC, mazE
1194 	 zraR, araC, uxuR, mazF
1195 	 zraR, mazE, mazF, csgD
1196 	 zraR, araC, uxuR, mazF, csgD
1197 	 zraR, araC, mazE, csgD
1198 	 zraR, araC, mazE, mazF
1199 	 zraR, araC, mazE, mazF, csgD
1201 	 zraR, araC
1202 	 zraR, csgD
1203 	 zraR, araC, csgD
1204 	 zraR, araC, mazE, mazF
1205 	 zraR, araC, uxuR
1206 	 zraR, araC, uxuR, mazF
1207 	 zraR, araC, uxuR, csgD
1208 	 zraR, araC, uxuR, mazF, csgD
1209 	 zraR, araC, mazE, csgD
1210 	 zraR, araC, mazE, mazF, csgD
1211 	 zraR, araC
1212 	 zraR, araC, csgD
1213 	 zraR, araC, hyfR, mazE, uxuR, exuR
1214 	 zraR, hyfR, mazE, uxuR, exuR, mazF
1215 	 zraR, araC, hyfR, mazE, uxuR, exuR
1216 	 zraR, araC, hyfR, mazE, uxuR, exuR, mazF
1217 	 zraR, araC, hyfR, mazE, uxuR, exuR, csgD
1218 	 zraR, araC, hyfR, mazE, uxuR, exuR, csgD
1219 	 zraR, araC, hyfR, mazE, uxuR, exuR, mazF
1220 	 zraR, hyfR, mazE, uxuR, exuR, mazF, csgD
1221 	 zraR, araC, hyfR, mazE, uxuR, exuR, mazF, csgD
1222 	 zraR, araC, hyfR, mazE, uxuR, exuR, mazF, csgD
1223 	 zraR, araC, hyfR, uxuR, exuR
1224 	 zraR, araC, hyfR, uxuR, exuR
1225 	 zraR, araC, hyfR, uxuR, exuR, csgD
1226 	 zraR, araC, hyfR, uxuR, exuR, csgD
1227 	 zraR, araC, mazE, uxuR, exuR
1228 	 zraR, mazE, uxuR, exuR, mazF
1229 	 zraR, araC, mazE, uxuR, exuR, csgD
1230 	 zraR, araC, mazE, uxuR, exuR
1231 	 zraR, araC, mazE, uxuR, exuR, csgD
1232 	 zraR, araC, mazE, uxuR, exuR, mazF
1233 	 zraR, mazE, uxuR, exuR, mazF, csgD
1234 	 zraR, araC, mazE, uxuR, exuR, mazF, csgD
1235 	 zraR, araC, uxuR, exuR
1236 	 zraR, uxuR, exuR, csgD
1237 	 zraR, araC, uxuR, exuR, csgD
1238 	 zraR, araC, mazE, uxuR, exuR, mazF
1239 	 zraR, araC, mazE, uxuR, exuR, mazF, csgD
1240 	 zraR, araC, uxuR, exuR
1241 	 zraR, araC, uxuR, exuR, csgD
1242 	 zraR, mazE, uxuR
1243 	 zraR, araC, mazE, uxuR
1244 	 zraR, araC, mazE, uxuR
1245 	 zraR, araC, mazE, uxuR, csgD
1246 	 zraR, mazE, uxuR, mazF
1247 	 zraR, araC, mazE, uxuR, mazF
1248 	 zraR, araC, mazE, uxuR, mazF
1249 	 zraR, araC, mazE, uxuR, mazF, csgD
1250 	 zraR, mazE, uxuR, csgD
1251 	 zraR, mazE
1252 	 zraR, araC, mazE, uxuR, csgD
1253 	 zraR, uxuR, mazF
1254 	 zraR, mazE, uxuR, mazF, csgD
1255 	 zraR, araC, mazE
1256 	 zraR, araC, mazE, uxuR, mazF, csgD
1257 	 zraR, uxuR, csgD
1258 	 zraR, mazE, uxuR
1259 	 zraR, mazE, csgD
1260 	 zraR, mazE, uxuR, csgD
1261 	 zraR, uxuR, mazF, csgD
1262 	 zraR, mazE, uxuR, mazF
1263 	 zraR, araC, mazE, csgD
1264 	 zraR, araC, mazE, uxuR
1265 	 zraR, araC, uxuR
1266 	 zraR, mazE, uxuR, mazF, csgD
1267 	 zraR, mazE, mazF
1268 	 zraR, araC, mazE, uxuR, csgD
1269 	 zraR, araC, uxuR, csgD
1270 	 zraR, araC, mazE, uxuR, mazF
1271 	 zraR, mazE, mazF, csgD
1272 	 zraR, araC, mazE, uxuR, mazF, csgD
1273 	 zraR, araC, uxuR, mazF
1274 	 zraR, uxuR
1275 	 zraR, araC, mazE, mazF
1276 	 zraR, mazE, uxuR
1277 	 zraR, araC, mazE, mazF, csgD
1278 	 zraR, mazE
1279 	 zraR, araC, uxuR, mazF, csgD
1280 	 zraR, araC, uxuR
1282 	 zraR, araC, mazE
1283 	 zraR, csgD
1284 	 zraR, mazE, csgD
1285 	 zraR, araC
1286 	 zraR, mazE, mazF
1287 	 zraR, araC, csgD
1288 	 zraR, araC, mazE, mazF
1289 	 zraR, hyfR, mazE, uxuR
1290 	 zraR, uxuR, mazF
1291 	 zraR, araC, mazE, uxuR, exuR
1292 	 zraR, mazE, mazF, csgD
1293 	 zraR, araC, hyfR, mazE, uxuR
1294 	 zraR, uxuR, csgD
1295 	 zraR, araC, mazE, uxuR, exuR, mazF
1296 	 zraR, araC, mazE, csgD
1297 	 zraR, hyfR, mazE, uxuR, mazF
1298 	 zraR, araC, uxuR, csgD
1299 	 zraR, araC, mazE, uxuR, exuR, csgD
1300 	 zraR, araC, mazE, mazF, csgD
1301 	 zraR, hyfR, mazE, uxuR, csgD
1302 	 zraR, uxuR, mazF, csgD
1303 	 zraR, mazE, uxuR, exuR, mazF, csgD
1304 	 zraR, mazE
1305 	 zraR, hyfR, mazE, uxuR, mazF, csgD
1306 	 zraR, araC, uxuR, mazF
1307 	 zraR, araC, mazE, uxuR, exuR, mazF, csgD
1308 	 zraR, mazE, mazF
1309 	 zraR, araC, hyfR, mazE, uxuR, mazF
1310 	 zraR, araC, uxuR, mazF, csgD
1311 	 zraR, uxuR, exuR
1312 	 zraR, araC, mazE
1313 	 zraR, araC, hyfR, mazE, uxuR, csgD
1314 	 zraR, uxuR
1315 	 zraR, araC, uxuR, exuR
1316 	 zraR, mazE, csgD
1317 	 zraR, araC, hyfR, mazE, uxuR, mazF, csgD
1318 	 zraR, uxuR, csgD
1319 	 zraR, uxuR, exuR, csgD
1320 	 zraR, mazE, mazF, csgD
1321 	 zraR, hyfR, uxuR
1322 	 zraR, araC, uxuR
1323 	 zraR, araC, uxuR, exuR, csgD
1324 	 zraR, araC, mazE, csgD
1325 	 zraR, hyfR, uxuR, csgD
1326 	 zraR, uxuR, mazF
1327 	 zraR, hyfR, uxuR, mazF
1328 	 zraR, araC, uxuR, mazF
1329 	 zraR, hyfR, mazE
1330 	 zraR, araC, mazE, mazF
1331 	 zraR, araC, hyfR, uxuR
1332 	 zraR, araC, uxuR, csgD
1333 	 zraR, araC, hyfR, mazE
1334 	 zraR, araC, mazE, mazF, csgD
1335 	 zraR, araC, hyfR, uxuR, mazF
1336 	 zraR, uxuR, mazF, csgD
1337 	 zraR, hyfR, mazE, csgD
1338 	 zraR, araC, uxuR, mazF, csgD
1339 	 zraR, hyfR, uxuR, mazF, csgD
1341 	 zraR, araC, hyfR, uxuR, csgD
1342 	 zraR, araC
1343 	 zraR, araC, hyfR, uxuR, mazF, csgD
1344 	 zraR, csgD
1345 	 zraR, hyfR, mazE, mazF
1346 	 zraR, araC, csgD
1347 	 zraR, araC, hyfR, mazE, mazF
1349 	 zraR, araC, hyfR, mazE, csgD
1350 	 zraR, csgD
1351 	 zraR, hyfR, mazE, mazF, csgD
1352 	 zraR, araC
1353 	 zraR, araC, hyfR, mazE, mazF, csgD
1354 	 zraR, araC, csgD
1355 	 zraR, hyfR
1356 	 zraR, hyfR, mazE, uxuR
1357 	 zraR, araC, hyfR
1358 	 zraR, hyfR, mazE, uxuR, csgD
1359 	 zraR, hyfR, csgD
1360 	 zraR, araC, hyfR, mazE, uxuR
1361 	 zraR, araC, hyfR, csgD
1362 	 zraR, araC, hyfR, mazE, uxuR, csgD
1363 	 zraR, hyfR, mazE, uxuR, exuR
1364 	 zraR, hyfR, mazE, uxuR, mazF
1365 	 zraR, hyfR, mazE, uxuR, exuR, mazF
1366 	 zraR, araC, hyfR, mazE, uxuR, mazF
1367 	 zraR, hyfR, mazE, uxuR, exuR, csgD
1368 	 zraR, hyfR, mazE, uxuR, mazF, csgD
1369 	 zraR, hyfR, mazE, uxuR, exuR, mazF, csgD
1370 	 zraR, araC, hyfR, mazE, uxuR, mazF, csgD
1371 	 zraR, araC, hyfR, mazE, uxuR, exuR
1372 	 zraR, hyfR, mazE, uxuR
1373 	 zraR, araC, hyfR, mazE, uxuR, exuR, mazF
1374 	 zraR, hyfR, mazE, uxuR, csgD
1375 	 zraR, araC, hyfR, mazE, uxuR, exuR, csgD
1376 	 zraR, araC, hyfR, mazE, uxuR
1377 	 zraR, araC, hyfR, mazE, uxuR, exuR, mazF, csgD
1378 	 zraR, araC, hyfR, mazE, uxuR, csgD
1379 	 zraR, hyfR, uxuR, exuR
1380 	 zraR, hyfR, mazE, uxuR, mazF
1381 	 zraR, hyfR, uxuR, exuR, csgD
1382 	 zraR, araC, hyfR, mazE, uxuR, mazF
1383 	 zraR, araC, hyfR, uxuR, exuR
1384 	 zraR, hyfR, mazE, uxuR, mazF, csgD
1385 	 zraR, araC, hyfR, uxuR, exuR, csgD
1386 	 zraR, araC, hyfR, mazE, uxuR, mazF, csgD
1387 	 zraR, mazE, uxuR, mazF, csgD
1388 	 zraR, mazE, uxuR, exuR
1389 	 zraR, araC, mazE, uxuR
1390 	 zraR, hyfR, mazE
1391 	 zraR, araC, mazE, uxuR, mazF
1392 	 zraR, hyfR, uxuR
1393 	 zraR, araC, mazE, uxuR, csgD
1394 	 zraR, araC, hyfR, mazE
1395 	 zraR, araC, mazE, uxuR, mazF, csgD
1396 	 zraR, araC, hyfR, uxuR
1397 	 zraR, mazE
1398 	 zraR, hyfR, mazE, csgD
1399 	 zraR, uxuR
1400 	 zraR, hyfR, uxuR, csgD
1401 	 zraR, araC, mazE
1402 	 zraR, araC, hyfR, mazE, csgD
1403 	 zraR, uxuR, csgD
1404 	 zraR, araC, hyfR, uxuR, csgD
1405 	 zraR, mazE, mazF
1406 	 zraR, hyfR, mazE, mazF
1407 	 zraR, araC, uxuR
1408 	 zraR, hyfR, uxuR, mazF
1409 	 zraR, mazE, csgD
1410 	 zraR, hyfR, mazE, mazF, csgD
1411 	 zraR, uxuR, mazF
1412 	 zraR, araC, hyfR, uxuR, mazF
1413 	 zraR, mazE, mazF, csgD
1414 	 zraR, araC, hyfR, mazE, mazF
1415 	 zraR, araC, uxuR, mazF
1416 	 zraR, hyfR, uxuR, mazF, csgD
1417 	 zraR, araC, mazE, mazF
1418 	 zraR, araC, hyfR, mazE, mazF, csgD
1419 	 zraR, uxuR, mazF, csgD
1420 	 zraR, araC, hyfR, uxuR, mazF, csgD
1421 	 zraR, araC, mazE, csgD
1422 	 zraR, hyfR, mazE
1423 	 zraR, araC, uxuR, csgD
1424 	 zraR, hyfR, uxuR
1425 	 zraR, araC, mazE, mazF, csgD
1426 	 zraR, araC, hyfR, mazE
1427 	 zraR, araC, uxuR, mazF, csgD
1428 	 zraR, hyfR, uxuR, csgD
1430 	 zraR, araC, hyfR, uxuR
1431 	 zraR, araC
1432 	 zraR, hyfR, mazE, mazF
1433 	 zraR, csgD
1434 	 zraR, araC, hyfR, mazE, mazF
1435 	 zraR, araC, csgD
1436 	 zraR, hyfR, mazE, csgD
1437 	 zraR, mazE, uxuR, exuR
1438 	 zraR, hyfR, uxuR, mazF
1439 	 zraR, mazE, uxuR, exuR, mazF
1440 	 zraR, araC, hyfR, mazE, csgD
1441 	 zraR, araC, mazE, uxuR, exuR
1442 	 zraR, hyfR, uxuR, mazF, csgD
1443 	 zraR, mazE, uxuR, exuR, csgD
1444 	 zraR, hyfR, mazE, mazF, csgD
1445 	 zraR, araC, mazE, uxuR, exuR, csgD
1446 	 zraR, araC, hyfR, uxuR, mazF
1447 	 zraR, mazE, uxuR, exuR, mazF, csgD
1448 	 zraR, araC, hyfR, mazE, mazF, csgD
1449 	 zraR, araC, mazE, uxuR, exuR, mazF
1450 	 zraR, araC, hyfR, uxuR, csgD
1451 	 zraR, araC, mazE, uxuR, exuR, mazF, csgD
1452 	 zraR, araC, hyfR, uxuR, mazF, csgD
1453 	 zraR, uxuR, exuR
1454 	 zraR, hyfR
1455 	 zraR, araC, uxuR, exuR
1456 	 zraR, araC, hyfR
1457 	 zraR, uxuR, exuR, csgD
1458 	 zraR, hyfR, csgD
1459 	 zraR, araC, uxuR, exuR, csgD
1460 	 zraR, araC, hyfR, csgD
1461 	 zraR, mazE, uxuR
1462 	 zraR, hyfR
1463 	 zraR, mazE, uxuR, csgD
1464 	 zraR, araC, hyfR
1465 	 zraR, mazE, uxuR, mazF
1466 	 zraR, hyfR, csgD
1467 	 zraR, araC, mazE, uxuR
1468 	 zraR, araC, hyfR, csgD
1469 	 zraR, araC, mazE, uxuR, mazF
1470 	 zraR, mazE, uxuR, exuR, mazF
1471 	 zraR, araC, mazE, uxuR, csgD
1472 	 zraR, araC, mazE, uxuR, exuR
1473 	 zraR, mazE, uxuR, mazF, csgD
1474 	 zraR, mazE, uxuR, exuR, csgD
1475 	 zraR, araC, mazE, uxuR, mazF, csgD
1476 	 zraR, mazE, uxuR, exuR, mazF, csgD
1477 	 zraR, uxuR
1478 	 zraR, araC, mazE, uxuR, exuR, mazF
1479 	 zraR, mazE
1480 	 zraR, araC, mazE, uxuR, exuR, csgD
1481 	 zraR, uxuR, csgD
1482 	 zraR, araC, mazE, uxuR, exuR, mazF, csgD
1483 	 zraR, araC, mazE
1484 	 zraR, mazE, uxuR, exuR
1485 	 zraR, uxuR, mazF
1486 	 zraR, mazE, uxuR, exuR, csgD
1487 	 zraR, mazE, mazF
1488 	 zraR, araC, mazE, uxuR, exuR
1489 	 zraR, uxuR, mazF, csgD
1490 	 zraR, araC, mazE, uxuR, exuR, csgD
1491 	 zraR, araC, mazE, mazF
1492 	 zraR, mazE, uxuR, exuR, mazF
1493 	 zraR, araC, uxuR
1494 	 zraR, araC, mazE, uxuR, exuR, mazF
1495 	 zraR, mazE, csgD
1496 	 zraR, mazE, uxuR, exuR, mazF, csgD
1497 	 zraR, araC, uxuR, mazF
1498 	 zraR, araC, mazE, uxuR, exuR, mazF, csgD
1499 	 zraR, mazE, mazF, csgD
1500 	 zraR, uxuR, exuR
1501 	 zraR, araC, uxuR, csgD
1502 	 zraR, uxuR, exuR
1503 	 zraR, araC, uxuR, mazF, csgD
1504 	 zraR, araC, uxuR, exuR
1505 	 zraR, araC, mazE, csgD
1506 	 zraR, araC, uxuR, exuR
1507 	 zraR, araC, mazE, mazF, csgD
1508 	 zraR, uxuR, exuR, csgD
1510 	 zraR, uxuR, exuR, csgD
1511 	 zraR, araC
1512 	 zraR, araC, uxuR, exuR, csgD
1513 	 zraR, csgD
1514 	 zraR, araC, uxuR, exuR, csgD
1515 	 zraR, araC, csgD
1516 	 zraR, hyfR, mazE, uxuR, exuR
1517 	 zraR, mazE, uxuR, exuR
1518 	 zraR, hyfR, mazE, uxuR, exuR
1519 	 zraR, araC, mazE, uxuR, exuR
1520 	 zraR, hyfR, mazE, uxuR, exuR, mazF
1521 	 zraR, mazE, uxuR, exuR, mazF
1522 	 zraR, araC, hyfR, mazE, uxuR, exuR
1523 	 zraR, araC, mazE, uxuR, exuR, mazF
1524 	 zraR, araC, hyfR, mazE, uxuR, exuR
1525 	 zraR, mazE, uxuR, exuR, csgD
1526 	 zraR, hyfR, mazE, uxuR, exuR, mazF
1527 	 zraR, araC, mazE, uxuR, exuR, csgD
1528 	 zraR, hyfR, mazE, uxuR, exuR, csgD
1529 	 zraR, mazE, uxuR, exuR, mazF, csgD
1530 	 zraR, hyfR, mazE, uxuR, exuR, csgD
1531 	 zraR, araC, mazE, uxuR, exuR, mazF, csgD
1532 	 zraR, hyfR, mazE, uxuR, exuR, mazF, csgD
1533 	 zraR, uxuR, exuR
1534 	 zraR, hyfR, mazE, uxuR, exuR, mazF, csgD
1535 	 zraR, uxuR, exuR, csgD
1536 	 zraR, araC, hyfR, mazE, uxuR, exuR, mazF
1537 	 zraR, araC, uxuR, exuR
1538 	 zraR, araC, hyfR, mazE, uxuR, exuR, mazF
1539 	 zraR, araC, uxuR, exuR, csgD
1540 	 zraR, araC, hyfR, mazE, uxuR, exuR, csgD
1541 	 zraR, araC, hyfR, mazE, uxuR, exuR, csgD
1542 	 zraR, mazE, uxuR, csgD
1543 	 zraR, araC, hyfR, mazE, uxuR, exuR, mazF, csgD
1544 	 zraR, mazE, uxuR, mazF
1545 	 zraR, araC, hyfR, mazE, uxuR, exuR, mazF, csgD
1546 	 zraR, araC, mazE, uxuR
1547 	 zraR, hyfR, uxuR, exuR
1548 	 zraR, mazE, uxuR, mazF, csgD
1549 	 zraR, hyfR, uxuR, exuR
1550 	 zraR, araC, mazE, uxuR, mazF
1551 	 zraR, araC, hyfR, uxuR, exuR
1552 	 zraR, araC, mazE, uxuR, csgD
1553 	 zraR, hyfR, uxuR, exuR, csgD
1554 	 zraR, araC, mazE, uxuR, mazF, csgD
1555 	 zraR, araC, hyfR, uxuR, exuR
1556 	 zraR, mazE, uxuR
1557 	 zraR, hyfR, uxuR, exuR, csgD
1558 	 zraR, mazE, uxuR, mazF
1559 	 zraR, araC, hyfR, uxuR, exuR, csgD
1560 	 zraR, mazE, uxuR, csgD
1561 	 zraR, araC, hyfR, uxuR, exuR, csgD
1562 	 zraR, araC, mazE, uxuR
1563 	 zraR, mazE, uxuR
1564 	 zraR, araC, mazE, uxuR, mazF
1565 	 zraR, mazE, uxuR, mazF, csgD
1566 	 zraR, mazE, uxuR
1567 	 zraR, araC, mazE, uxuR
1568 	 zraR, araC, mazE, uxuR, csgD
1569 	 zraR, mazE, uxuR, mazF
1570 	 zraR, araC, mazE, uxuR, mazF, csgD
1571 	 zraR, mazE, uxuR, csgD
1572 	 zraR, araC, mazE, uxuR, csgD
1573 	 zraR, araC, mazE, uxuR, mazF
1574 	 zraR, mazE, uxuR, mazF, csgD
1575 	 zraR, araC, mazE, uxuR, mazF, csgD
1576 	 zraR, mazE
1577 	 zraR, uxuR
1578 	 zraR, araC, mazE
1579 	 zraR, araC, uxuR
1580 	 zraR, mazE, csgD
1581 	 zraR, uxuR, csgD
1582 	 zraR, mazE, mazF
1583 	 zraR, uxuR, mazF
1584 	 zraR, araC, mazE, csgD
1585 	 zraR, araC, uxuR, csgD
1586 	 zraR, mazE, mazF, csgD
1587 	 zraR, uxuR, mazF, csgD
1588 	 zraR, araC, mazE, mazF
1589 	 zraR, araC, uxuR, mazF
1590 	 zraR, araC, mazE, mazF, csgD
1591 	 zraR, araC, uxuR, mazF, csgD
1592 	 zraR, mazE
1593 	 zraR, uxuR
1594 	 zraR, mazE, mazF
1595 	 zraR, uxuR, mazF
1596 	 zraR, araC, mazE
1597 	 zraR, araC, uxuR
1598 	 zraR, mazE, csgD
1599 	 zraR, uxuR, csgD
1600 	 zraR, mazE
1601 	 zraR, uxuR
1602 	 zraR, mazE, mazF
1603 	 zraR, araC, uxuR, mazF
1604 	 zraR, araC, mazE, mazF
1605 	 zraR, uxuR, mazF, csgD
1606 	 zraR, araC, mazE, csgD
1607 	 zraR, araC, uxuR
1608 	 zraR, araC, mazE
1609 	 zraR, araC, uxuR, csgD
1610 	 zraR, mazE, mazF, csgD
1611 	 zraR, uxuR, csgD
1612 	 zraR, araC, mazE, mazF
1613 	 zraR, araC, uxuR, csgD
1614 	 zraR, mazE, csgD
1615 	 zraR, uxuR, mazF
1616 	 zraR, araC, mazE, csgD
1617 	 zraR, uxuR, mazF, csgD
1618 	 zraR, mazE, mazF, csgD
1619 	 zraR, araC, uxuR, mazF
1620 	 zraR, araC, mazE, mazF, csgD
1621 	 zraR, araC, uxuR, mazF, csgD
1622 	 zraR, araC, mazE, mazF, csgD
1623 	 zraR, araC, uxuR, mazF, csgD
1625 	 zraR, araC
1626 	 zraR, csgD
1627 	 zraR, araC, csgD
1629 	 zraR, csgD
1631 	 zraR, araC
1632 	 zraR, araC
1633 	 zraR, araC, csgD
1634 	 zraR, csgD
1635 	 zraR, araC, csgD
1636 	 zraR, hyfR, mazE, uxuR
1637 	 zraR, hyfR, mazE, uxuR, csgD
1638 	 zraR, mazE, uxuR, exuR
1639 	 zraR, mazE, uxuR, exuR, csgD
1640 	 zraR, hyfR, mazE, uxuR, mazF
1641 	 zraR, araC, hyfR, mazE, uxuR
1642 	 zraR, araC, mazE, uxuR, exuR
1643 	 zraR, mazE, uxuR, exuR, mazF
1644 	 zraR, araC, hyfR, mazE, uxuR, mazF
1645 	 zraR, araC, hyfR, mazE, uxuR, csgD
1646 	 zraR, araC, mazE, uxuR, exuR, csgD
1647 	 zraR, araC, mazE, uxuR, exuR, mazF, csgD
1648 	 zraR, hyfR, mazE, uxuR, mazF, csgD
1649 	 zraR, araC, hyfR, mazE, uxuR, mazF, csgD
1650 	 zraR, mazE, uxuR, exuR, mazF, csgD
1651 	 zraR, araC, mazE, uxuR, exuR, mazF
1652 	 zraR, hyfR, mazE, uxuR
1653 	 zraR, araC, hyfR, mazE, uxuR
1654 	 zraR, araC, mazE, uxuR, exuR, csgD
1655 	 zraR, araC, mazE, uxuR, exuR, mazF, csgD
1656 	 zraR, hyfR, mazE, uxuR
1657 	 zraR, araC, hyfR, mazE, uxuR
1658 	 zraR, mazE, uxuR, exuR
1659 	 zraR, mazE, uxuR, exuR, mazF
1660 	 zraR, hyfR, mazE, uxuR, mazF
1661 	 zraR, hyfR, mazE, uxuR, mazF
1662 	 zraR, mazE, uxuR, exuR
1663 	 zraR, araC, mazE, uxuR, exuR
1664 	 zraR, araC, hyfR, mazE, uxuR, mazF
1665 	 zraR, hyfR, mazE, uxuR, csgD
1666 	 zraR, araC, mazE, uxuR, exuR
1667 	 zraR, mazE, uxuR, exuR, csgD
1668 	 zraR, araC, hyfR, mazE, uxuR, mazF
1669 	 zraR, hyfR, mazE, uxuR, csgD
1670 	 zraR, mazE, uxuR, exuR, mazF
1671 	 zraR, araC, mazE, uxuR, exuR, csgD
1672 	 zraR, hyfR, mazE, uxuR, mazF, csgD
1673 	 zraR, araC, hyfR, mazE, uxuR, csgD
1674 	 zraR, araC, mazE, uxuR, exuR, mazF
1675 	 zraR, mazE, uxuR, exuR, csgD
1676 	 zraR, araC, hyfR, mazE, uxuR, mazF, csgD
1677 	 zraR, hyfR, mazE, uxuR, mazF, csgD
1678 	 zraR, mazE, uxuR, exuR, mazF, csgD
1679 	 zraR, araC, mazE, uxuR, exuR, mazF
1680 	 zraR, araC, hyfR, mazE, uxuR, csgD
1681 	 zraR, araC, hyfR, mazE, uxuR, mazF, csgD
1682 	 zraR, mazE, uxuR, exuR, mazF, csgD
1683 	 zraR, araC, mazE, uxuR, exuR, mazF, csgD
1684 	 zraR, hyfR, uxuR, mazF, csgD
1685 	 zraR, hyfR, mazE
1686 	 zraR, araC, mazE, uxuR, exuR, csgD
1687 	 zraR, araC, mazE, uxuR, exuR, mazF, csgD
1688 	 zraR, hyfR, uxuR
1689 	 zraR, araC, hyfR, mazE
1690 	 zraR, araC, uxuR, exuR
1691 	 zraR, uxuR, exuR
1692 	 zraR, hyfR, uxuR, csgD
1693 	 zraR, hyfR, mazE, mazF
1694 	 zraR, uxuR, exuR, csgD
1695 	 zraR, araC, uxuR, exuR, csgD
1696 	 zraR, hyfR, uxuR, mazF
1697 	 zraR, hyfR, mazE, csgD
1698 	 zraR, araC, uxuR, exuR
1699 	 zraR, araC, uxuR, exuR, csgD
1700 	 zraR, araC, hyfR, uxuR
1701 	 zraR, araC, hyfR, mazE, mazF
1702 	 zraR, uxuR, exuR
1703 	 zraR, uxuR, exuR
1704 	 zraR, hyfR, uxuR, mazF, csgD
1705 	 zraR, hyfR, mazE, mazF, csgD
1706 	 zraR, uxuR, exuR, csgD
1707 	 zraR, uxuR, exuR, csgD
1708 	 zraR, araC, hyfR, uxuR, mazF, csgD
1709 	 zraR, hyfR, mazE, mazF, csgD
1710 	 zraR, araC, uxuR, exuR
1711 	 zraR, araC, uxuR, exuR
1712 	 zraR, araC, hyfR, uxuR, mazF
1713 	 zraR, araC, hyfR, mazE, csgD
1714 	 zraR, araC, uxuR, exuR, csgD
1715 	 zraR, araC, uxuR, exuR, csgD
1716 	 zraR, araC, hyfR, uxuR, csgD
1717 	 zraR, araC, hyfR, mazE, mazF, csgD
1718 	 zraR, araC, hyfR, uxuR, mazF, csgD
1719 	 zraR, araC, hyfR, mazE, mazF, csgD
1720 	 zraR, hyfR, uxuR
1721 	 zraR, hyfR, mazE
1722 	 zraR, hyfR, uxuR, mazF
1723 	 zraR, hyfR, mazE
1724 	 zraR, hyfR, uxuR
1725 	 zraR, hyfR, mazE, mazF
1726 	 zraR, hyfR, uxuR, mazF
1727 	 zraR, araC, hyfR, mazE
1728 	 zraR, araC, hyfR, uxuR
1729 	 zraR, hyfR, mazE, csgD
1730 	 zraR, araC, hyfR, uxuR, mazF
1731 	 zraR, hyfR, mazE, mazF, csgD
1732 	 zraR, araC, hyfR, uxuR
1733 	 zraR, araC, hyfR, mazE, mazF
1734 	 zraR, hyfR, uxuR, csgD
1735 	 zraR, hyfR, mazE, mazF
1736 	 zraR, hyfR, uxuR, csgD
1737 	 zraR, araC, hyfR, mazE
1738 	 zraR, hyfR, uxuR, mazF, csgD
1739 	 zraR, araC, hyfR, mazE, mazF
1740 	 zraR, araC, hyfR, uxuR, csgD
1741 	 zraR, araC, hyfR, mazE, csgD
1742 	 zraR, araC, hyfR, uxuR, csgD
1743 	 zraR, hyfR, mazE, csgD
1744 	 zraR, hyfR, uxuR, mazF, csgD
1745 	 zraR, araC, hyfR, mazE, csgD
1746 	 zraR, araC, hyfR, uxuR, mazF, csgD
1747 	 zraR, araC, hyfR, mazE, mazF, csgD
1748 	 zraR, araC, hyfR, uxuR, mazF
1749 	 zraR, hyfR, mazE, mazF, csgD
1750 	 zraR, araC, hyfR, uxuR, mazF, csgD
1751 	 zraR, araC, hyfR, mazE, mazF, csgD
1752 	 zraR, hyfR, csgD
1753 	 zraR, hyfR
1754 	 zraR, araC, hyfR, csgD
1755 	 zraR, araC, hyfR
1756 	 zraR, hyfR, csgD
1757 	 zraR, araC, hyfR, csgD
1758 	 zraR, hyfR
1759 	 zraR, hyfR
1760 	 zraR, hyfR, csgD
1761 	 zraR, araC, hyfR
1762 	 zraR, hyfR, csgD
1763 	 zraR, araC, hyfR
1764 	 zraR, araC, hyfR, csgD
1765 	 zraR, araC, hyfR, csgD
1766 	 zraR, araC, hyfR, mazE, uxuR, exuR, csgD
1767 	 zraR, hyfR, mazE, uxuR, exuR, mazF, csgD
1768 	 zraR, hyfR, mazE, uxuR, exuR
1769 	 zraR, araC, hyfR, mazE, uxuR, exuR, mazF
1770 	 zraR, hyfR, mazE, uxuR, exuR, mazF
1771 	 zraR, hyfR, mazE, uxuR, exuR, csgD
1772 	 zraR, araC, hyfR, mazE, uxuR, exuR
1773 	 zraR, araC, hyfR, mazE, uxuR, exuR, csgD
1774 	 zraR, hyfR, mazE, uxuR, exuR, mazF, csgD
1775 	 zraR, araC, hyfR, mazE, uxuR, exuR, mazF
1776 	 zraR, araC, hyfR, mazE, uxuR, exuR, mazF, csgD
1777 	 zraR, araC, hyfR, mazE, uxuR, exuR, mazF, csgD
1778 	 zraR, hyfR, mazE, uxuR, exuR
1779 	 zraR, hyfR, mazE, uxuR, exuR
1780 	 zraR, araC, hyfR, mazE, uxuR, exuR
1781 	 zraR, araC, hyfR, mazE, uxuR, exuR
1782 	 zraR, hyfR, mazE, uxuR, exuR, csgD
1783 	 zraR, hyfR, mazE, uxuR, exuR, mazF
1784 	 zraR, araC, hyfR, mazE, uxuR, exuR, csgD
1785 	 zraR, araC, hyfR, mazE, uxuR, exuR, mazF
1786 	 zraR, hyfR, mazE, uxuR, exuR, csgD
1787 	 zraR, hyfR, mazE, uxuR, exuR, mazF
1788 	 zraR, araC, hyfR, mazE, uxuR, exuR, csgD
1789 	 zraR, araC, hyfR, mazE, uxuR, exuR, mazF
1790 	 zraR, hyfR, mazE, uxuR, exuR, mazF, csgD
1791 	 zraR, hyfR, mazE, uxuR, exuR, mazF, csgD
1792 	 zraR, araC, hyfR, mazE, uxuR, exuR, mazF, csgD
1793 	 zraR, araC, hyfR, mazE, uxuR, exuR, mazF, csgD
1794 	 zraR, hyfR, uxuR, exuR
1795 	 zraR, hyfR, uxuR, exuR, csgD
1796 	 zraR, mazE, uxuR
1797 	 zraR, hyfR, uxuR, exuR
1798 	 zraR, mazE, uxuR, mazF
1799 	 zraR, hyfR, uxuR, exuR, csgD
1800 	 zraR, mazE, uxuR, csgD
1801 	 zraR, hyfR, uxuR, exuR
1802 	 zraR, mazE, uxuR, mazF, csgD
1803 	 zraR, hyfR, uxuR, exuR
1804 	 zraR, araC, mazE, uxuR
1805 	 zraR, araC, hyfR, uxuR, exuR
1806 	 zraR, mazE, uxuR
1807 	 zraR, araC, hyfR, uxuR, exuR
1808 	 zraR, araC, mazE, uxuR, mazF
1809 	 zraR, hyfR, uxuR, exuR, csgD
1810 	 zraR, mazE, uxuR, mazF
1811 	 zraR, araC, hyfR, uxuR, exuR, csgD
1812 	 zraR, mazE, uxuR, csgD
1813 	 zraR, araC, hyfR, uxuR, exuR
1814 	 zraR, araC, mazE, uxuR, csgD
1815 	 zraR, araC, hyfR, uxuR, exuR
1816 	 zraR, araC, mazE, uxuR, mazF, csgD
1817 	 zraR, araC, hyfR, uxuR, exuR, csgD
1818 	 zraR, mazE
1819 	 zraR, hyfR, uxuR, exuR, csgD
1820 	 zraR, mazE, mazF
1821 	 zraR, araC, hyfR, uxuR, exuR, csgD
1822 	 zraR, mazE
1823 	 zraR, araC, hyfR, uxuR, exuR, csgD
1824 	 zraR, araC, mazE, uxuR
1825 	 zraR, mazE, uxuR
1826 	 zraR, mazE, uxuR, exuR
1827 	 zraR, uxuR
1828 	 zraR, mazE, uxuR
1829 	 zraR, mazE
1830 	 zraR, araC, mazE, uxuR, csgD
1831 	 zraR, mazE, uxuR, exuR
1832 	 zraR, mazE
1833 	 zraR, uxuR, exuR
1834 	 zraR, araC, mazE, uxuR, mazF
1835 	 zraR, mazE, uxuR
1836 	 zraR, uxuR
1837 	 zraR, mazE, uxuR, csgD
1838 	 zraR, hyfR, mazE, uxuR
1839 	 zraR, araC, mazE, uxuR
1840 	 zraR, mazE, uxuR, exuR
1841 	 zraR, mazE, uxuR
1842 	 zraR, hyfR, mazE, uxuR, mazF
1843 	 zraR, araC, mazE
1844 	 zraR, mazE, uxuR, exuR
1845 	 zraR, mazE, uxuR, mazF
1846 	 zraR, araC, hyfR, mazE, uxuR
1847 	 zraR, mazE
1848 	 zraR, mazE, uxuR, csgD
1849 	 zraR, araC, mazE, uxuR, exuR
1850 	 zraR, hyfR, mazE, uxuR
1851 	 zraR, araC, mazE, uxuR, mazF
1852 	 zraR, uxuR, exuR
1853 	 zraR, araC, uxuR
1854 	 zraR, hyfR, mazE
1855 	 zraR, uxuR
1856 	 zraR, araC, mazE, uxuR
1857 	 zraR, mazE
1858 	 zraR, mazE, uxuR, exuR, mazF
1859 	 zraR, mazE, uxuR
1861 	 zraR, mazE, uxuR, exuR, csgD
1862 	 zraR, uxuR
1863 	 zraR, mazE, exuR
1864 	 zraR, uxuR, csgD
1865 	 zraR, araC, mazE, uxuR
1866 	 zraR, hyfR, mazE, uxuR, exuR
1867 	 zraR, mazE, uxuR, csgD
1868 	 zraR, araC, uxuR
1869 	 zraR, mazE, mazF
1870 	 zraR, mazE, uxuR, exuR
1871 	 zraR, mazE, uxuR, mazF
1872 	 zraR, mazE, csgD
1873 	 zraR, mazE, uxuR, exuR, mazF
1874 	 zraR, araC, hyfR, mazE, uxuR
1875 	 zraR, mazE, uxuR, mazF, csgD
1876 	 zraR, mazE, uxuR
1877 	 zraR, mazE, csgD
1878 	 zraR, hyfR, uxuR
1879 	 zraR, mazE, uxuR, exuR, mazF, csgD
1880 	 zraR, araC, mazE
1881 	 zraR, mazE, uxuR, csgD
1882 	 zraR, uxuR, mazF
1883 	 zraR, araC, mazE, uxuR
1884 	 zraR, mazE, uxuR, exuR, csgD
1885 	 zraR, mazE, uxuR, exuR
1887 	 zraR, mazE, uxuR, exuR
1888 	 zraR, mazE
1889 	 zraR, uxuR, csgD
1890 	 zraR, hyfR, mazE, uxuR, exuR
1891 	 zraR, mazE, mazF, csgD
1892 	 zraR, araC, uxuR, exuR
1893 	 zraR, mazE, exuR
1894 	 zraR, hyfR, mazE, uxuR, mazF
1895 	 zraR, uxuR, exuR
1896 	 zraR, mazE, uxuR
1897 	 zraR, mazE, uxuR, exuR, csgD
1898 	 zraR, hyfR
1899 	 zraR, mazE, uxuR, mazF
1900 	 zraR, araC, mazE, uxuR, exuR
1901 	 zraR, araC, mazE, uxuR, exuR, mazF
1902 	 zraR, hyfR, mazE, uxuR, csgD
1904 	 zraR, mazE, uxuR, mazF
1905 	 zraR, uxuR
1906 	 zraR, mazE, mazF
1907 	 zraR, araC, mazE, uxuR, csgD
1908 	 zraR, uxuR, mazF
1909 	 zraR, mazE, uxuR, exuR
1910 	 zraR, araC, mazE
1911 	 zraR, mazE, uxuR, exuR, mazF
1912 	 zraR, mazE
1913 	 zraR, uxuR, mazF
1914 	 zraR, hyfR, mazE, uxuR, csgD
1915 	 zraR, mazE, uxuR, exuR, mazF
1916 	 zraR, uxuR
1917 	 zraR, uxuR, csgD
1918 	 zraR, hyfR, mazE, mazF
1919 	 zraR, araC, mazE, uxuR, exuR, csgD
1920 	 zraR, mazE, uxuR, exuR
1921 	 zraR, uxuR, csgD
1922 	 zraR, mazE, csgD
1924 	 zraR, araC, mazE, uxuR
1925 	 zraR, araC, uxuR, mazF
1926 	 zraR, mazE, uxuR, exuR, csgD
1927 	 zraR, mazE, uxuR, mazF, csgD
1928 	 zraR, araC, mazE, uxuR
1929 	 zraR, mazE, uxuR, mazF, csgD
1930 	 zraR, araC, uxuR
1931 	 zraR, mazE, csgD
1932 	 zraR, mazE, uxuR, exuR, mazF
1933 	 zraR, csgD
1934 	 zraR, mazE, uxuR, mazF, csgD
1935 	 zraR, araC, uxuR, exuR
1936 	 zraR, mazE
1937 	 zraR, uxuR, mazF, csgD
1938 	 zraR, araC, hyfR, mazE, uxuR, csgD
1939 	 zraR, mazE, csgD
1940 	 zraR, araC, mazE, uxuR, mazF
1941 	 zraR, mazE, uxuR, csgD
1942 	 zraR, araC
1943 	 zraR, mazE, uxuR, mazF
1944 	 zraR, araC, hyfR, mazE, uxuR, csgD
1945 	 zraR, araC, mazE, mazF
1946 	 zraR, mazE, uxuR, exuR
1947 	 zraR, araC, uxuR, csgD
1948 	 zraR, uxuR
1949 	 zraR, mazE, uxuR, exuR, csgD
1950 	 zraR, araC, mazE, uxuR
1951 	 zraR, mazE, mazF
1952 	 zraR, uxuR, exuR
1953 	 zraR, araC, mazE, uxuR, mazF, csgD
1954 	 zraR, mazE, mazF
1955 	 zraR, araC, mazE, uxuR, exuR
1956 	 zraR, uxuR, csgD
1957 	 zraR, araC, mazE, uxuR, mazF
1958 	 zraR, mazE, uxuR, csgD
1959 	 zraR, mazE, mazF
1960 	 zraR, araC, hyfR, uxuR
1961 	 zraR, araC, uxuR
1962 	 zraR, araC, mazE, uxuR, csgD
1963 	 zraR, mazE, exuR, csgD
1964 	 zraR, hyfR, mazE, uxuR, mazF, csgD
1965 	 zraR, araC, mazE
1966 	 zraR, uxuR, exuR, csgD
1967 	 zraR, araC, mazE, uxuR, exuR
1968 	 zraR, hyfR, uxuR, mazF
1969 	 zraR, araC, mazE, uxuR, csgD
1970 	 zraR, mazE, exuR
1971 	 zraR, uxuR, exuR, csgD
1972 	 zraR, uxuR, mazF
1973 	 zraR, uxuR, exuR
1974 	 zraR, araC, mazE, uxuR, csgD
1975 	 zraR, araC, uxuR, mazF, csgD
1976 	 zraR, araC, mazE
1977 	 zraR, mazE, uxuR, mazF
1978 	 zraR, mazE, exuR
1979 	 zraR, araC, mazE, uxuR, csgD
1980 	 zraR, hyfR, mazE
1981 	 zraR, araC, mazE
1982 	 zraR, araC, uxuR, csgD
1983 	 zraR, araC, mazE, uxuR, mazF, csgD
1984 	 zraR, araC, mazE, mazF
1985 	 zraR, mazE, uxuR
1986 	 zraR, csgD
1987 	 zraR, araC, mazE, uxuR, exuR, csgD
1989 	 zraR, mazE, uxuR, exuR, csgD
1990 	 zraR, mazE, mazF, csgD
1991 	 zraR, uxuR, exuR
1992 	 zraR, hyfR, mazE, mazF
1993 	 zraR, araC, uxuR, exuR, csgD
1994 	 zraR, mazE
1995 	 zraR, araC, uxuR, exuR
1996 	 zraR, mazE, uxuR, mazF
1997 	 zraR, uxuR, exuR, csgD
1998 	 zraR, mazE
1999 	 zraR, araC, mazE, uxuR, exuR, mazF, csgD
2000 	 zraR, mazE, uxuR
2001 	 zraR, araC, mazE, mazF, csgD
2002 	 zraR, mazE, uxuR
2003 	 zraR, araC, mazE, csgD
2004 	 zraR, uxuR
2005 	 zraR, mazE, uxuR, exuR, csgD
2007 	 zraR, araC, mazE, uxuR, exuR, mazF, csgD
2008 	 zraR, araC, hyfR, mazE
2009 	 zraR, mazE, uxuR, csgD
2010 	 zraR, araC, hyfR
2011 	 zraR, mazE, uxuR, exuR, csgD
2012 	 zraR, araC, hyfR, mazE, uxuR, mazF
2013 	 zraR, mazE, uxuR, csgD
2015 	 zraR, mazE, uxuR, csgD
2016 	 zraR, araC, hyfR, mazE, mazF
2017 	 zraR, mazE, uxuR, exuR, mazF
2018 	 zraR, araC, hyfR, mazE
2019 	 zraR, mazE, uxuR, mazF, csgD
2020 	 zraR, hyfR, uxuR
2021 	 zraR, araC, mazE, uxuR, csgD
2022 	 zraR, hyfR
2023 	 zraR, araC, mazE, uxuR, mazF
2024 	 zraR, uxuR
2025 	 zraR, araC, mazE, uxuR, mazF
2027 	 zraR, mazE, uxuR, exuR, mazF
2028 	 zraR, uxuR, exuR
2029 	 zraR, mazE, uxuR, mazF, csgD
2030 	 zraR, uxuR
2031 	 zraR, mazE, uxuR, mazF, csgD
2033 	 zraR, araC, mazE, uxuR, mazF, csgD
2034 	 zraR, mazE
2035 	 zraR, araC, mazE, uxuR, exuR
2036 	 zraR, mazE, uxuR
2037 	 zraR, araC, uxuR, exuR, csgD
2038 	 zraR, mazE
2039 	 zraR, uxuR, csgD
2040 	 zraR, mazE, uxuR
2041 	 zraR, mazE, mazF
2042 	 zraR, mazE, uxuR
2043 	 zraR, araC, mazE, csgD
2044 	 zraR, mazE, uxuR, mazF
2045 	 zraR, araC, mazE, uxuR, exuR, csgD
2046 	 zraR, mazE, uxuR, exuR
2047 	 zraR, mazE, uxuR, csgD
2048 	 zraR, mazE, uxuR, exuR, mazF
2049 	 zraR, araC, mazE, uxuR
2050 	 zraR, uxuR, mazF
2051 	 zraR, araC, mazE, uxuR, exuR
2052 	 zraR, araC, uxuR, mazF
2053 	 zraR, mazE, uxuR, exuR, csgD
2054 	 zraR, araC, hyfR, uxuR, mazF
2055 	 zraR, araC, uxuR
2056 	 zraR, mazE, mazF
2057 	 zraR, araC, uxuR, csgD
2058 	 zraR, mazE
2059 	 zraR, uxuR, mazF, csgD
2060 	 zraR, mazE, csgD
2061 	 zraR, araC, uxuR, mazF
2062 	 zraR, mazE
2063 	 zraR, araC, mazE, mazF, csgD
2064 	 zraR, mazE
2065 	 zraR, mazE, uxuR, exuR, mazF, csgD
2066 	 zraR, araC, mazE, uxuR
2067 	 zraR, mazE, uxuR, mazF
2068 	 zraR, mazE, uxuR, exuR
2069 	 zraR, uxuR, mazF, csgD
2070 	 zraR, araC, mazE, uxuR, exuR
2071 	 zraR, mazE, mazF
2072 	 zraR, mazE, uxuR, exuR
2073 	 zraR, araC, mazE, mazF
2074 	 zraR, mazE, uxuR, exuR, csgD
2075 	 zraR, uxuR, mazF
2076 	 zraR, mazE, uxuR, exuR
2077 	 zraR, mazE, mazF, csgD
2078 	 zraR, uxuR, exuR
2079 	 zraR, araC, mazE
2080 	 zraR, mazE, uxuR, csgD
2081 	 zraR, araC, uxuR, mazF
2082 	 zraR, mazE, csgD
2083 	 zraR, araC, mazE, uxuR, mazF
2084 	 zraR, uxuR, exuR
2085 	 zraR, araC, mazE, mazF, csgD
2086 	 zraR, mazE, uxuR, exuR
2087 	 zraR, csgD
2088 	 zraR, uxuR
2089 	 zraR, mazE, mazF
2090 	 zraR, uxuR
2091 	 zraR, mazE, exuR, csgD
2092 	 zraR, uxuR
2093 	 zraR, araC, mazE, uxuR, exuR, csgD
2094 	 zraR, uxuR
2095 	 zraR, mazE, csgD
2097 	 zraR, uxuR, csgD
2098 	 zraR, mazE, uxuR, mazF
2099 	 zraR, araC, uxuR
2101 	 zraR, araC, uxuR, csgD
2102 	 zraR, uxuR, mazF
2103 	 zraR, uxuR, exuR
2104 	 zraR, araC, mazE, uxuR
2105 	 zraR, uxuR
2106 	 zraR, hyfR, uxuR, exuR
2107 	 zraR, uxuR
2108 	 zraR, mazE, mazF
2109 	 zraR, araC, mazE, uxuR, exuR
2111 	 zraR, mazE, uxuR, mazF
2112 	 zraR, uxuR, exuR
2113 	 zraR, araC, uxuR
2114 	 zraR, uxuR, csgD
2115 	 zraR, araC, uxuR
2116 	 zraR, araC, uxuR
2117 	 zraR, hyfR, uxuR, csgD
2118 	 zraR, mazE, uxuR, csgD
2119 	 zraR, mazE, uxuR, exuR
2120 	 zraR, araC, mazE, uxuR
2121 	 zraR, hyfR, mazE, uxuR, exuR, mazF
2123 	 zraR, mazE, uxuR, exuR, mazF
2124 	 zraR, uxuR, csgD
2125 	 zraR, uxuR, exuR
2126 	 zraR, araC, mazE
2127 	 zraR, uxuR, exuR
2128 	 zraR, uxuR, mazF
2129 	 zraR, uxuR, exuR, csgD
2130 	 zraR, araC, mazE, uxuR, csgD
2131 	 zraR, mazE, uxuR, mazF
2132 	 zraR, araC, uxuR, exuR
2133 	 zraR, uxuR, mazF
2134 	 zraR, uxuR, csgD
2135 	 zraR, uxuR, mazF, csgD
2136 	 zraR, hyfR, mazE, uxuR, exuR, csgD
2137 	 zraR, mazE, uxuR, mazF, csgD
2138 	 zraR, araC, uxuR, csgD
2139 	 zraR, hyfR, uxuR, mazF, csgD
2140 	 zraR, uxuR, csgD
2141 	 zraR, uxuR, mazF, csgD
2142 	 zraR, uxuR, exuR, csgD
2143 	 zraR, mazE, uxuR, mazF, csgD
2144 	 zraR, araC, uxuR, csgD
2145 	 zraR, uxuR, mazF, csgD
2146 	 zraR, hyfR, uxuR, csgD
2147 	 zraR, csgD
2148 	 zraR, mazE, uxuR, exuR, csgD
2149 	 zraR, araC, uxuR, csgD
2150 	 zraR, uxuR, exuR, csgD
2151 	 zraR, araC, hyfR, uxuR, csgD
2152 	 zraR, hyfR, uxuR, exuR, csgD
2153 	 zraR, araC, mazE, uxuR, csgD
2154 	 zraR, uxuR, exuR, csgD
2155 	 zraR, araC, uxuR, csgD
2156 	 zraR, mazE, uxuR, exuR, csgD
2157 	 zraR, araC, mazE, uxuR, mazF
2158 	 zraR, uxuR, exuR, csgD
2159 	 zraR, araC, uxuR, mazF
2160 	 zraR, csgD
2161 	 zraR, araC, mazE, uxuR, mazF, csgD
2162 	 zraR, csgD
2163 	 zraR, araC, uxuR, mazF, csgD
2164 	 zraR, hyfR, mazE, csgD
2165 	 zraR, araC, mazE, uxuR, mazF
2166 	 zraR, mazE, csgD
2167 	 zraR, araC, mazE, uxuR, mazF
2168 	 zraR, hyfR, csgD
2169 	 zraR, araC, uxuR, mazF
2170 	 zraR, csgD
2171 	 zraR, araC, uxuR, mazF
2172 	 zraR, csgD
2173 	 zraR, araC, uxuR, mazF, csgD
2174 	 zraR, mazE, csgD
2175 	 zraR, araC, hyfR, mazE, uxuR, mazF, csgD
2176 	 zraR, csgD
2177 	 zraR, araC, mazE, uxuR, mazF, csgD
2178 	 zraR, mazE, exuR, csgD
2179 	 zraR, araC, uxuR, mazF, csgD
2180 	 zraR, uxuR, csgD
2181 	 zraR, araC, hyfR, uxuR, mazF, csgD
2182 	 zraR, mazE, uxuR, csgD
2183 	 zraR, araC, mazE, uxuR, mazF, csgD
2184 	 zraR, uxuR, csgD
2185 	 zraR, araC, uxuR, mazF, csgD
2186 	 zraR, mazE, csgD
2187 	 zraR, uxuR, mazF
2188 	 zraR, araC
2189 	 zraR, mazE, uxuR, mazF, csgD
2190 	 zraR, araC
2191 	 zraR, uxuR, mazF, csgD
2192 	 zraR, araC, csgD
2193 	 zraR, mazE, uxuR, mazF
2194 	 zraR, araC, mazE, csgD
2195 	 zraR, hyfR, uxuR, mazF
2196 	 zraR, araC, csgD
2197 	 zraR, uxuR, mazF
2198 	 zraR, araC, mazE
2199 	 zraR, mazE, uxuR, mazF, csgD
2200 	 zraR, araC
2201 	 zraR, hyfR, mazE, uxuR, mazF, csgD
2202 	 zraR, araC, mazE
2203 	 zraR, uxuR, mazF, csgD
2204 	 zraR, araC
2205 	 zraR, mazE, uxuR, mazF, csgD
2206 	 zraR, araC, mazE, csgD
2207 	 zraR, hyfR, uxuR, mazF, csgD
2208 	 zraR, araC, hyfR, mazE, csgD
2209 	 zraR, uxuR, mazF, csgD
2210 	 zraR, araC, csgD
2211 	 zraR, uxuR, mazF, csgD
2212 	 zraR, araC, mazE, csgD
2213 	 zraR, araC, mazE, uxuR
2214 	 zraR, araC, mazE, csgD
2215 	 zraR, araC, uxuR
2216 	 zraR, araC, csgD
2217 	 zraR, araC, mazE, uxuR, csgD
2218 	 zraR, araC, hyfR, csgD
2219 	 zraR, araC, uxuR, csgD
2220 	 zraR, araC, csgD
2221 	 zraR, araC, uxuR, csgD
2222 	 zraR, araC
2223 	 zraR, araC, uxuR
2224 	 zraR, araC
2225 	 zraR, araC, mazE, uxuR
2226 	 zraR, araC
2227 	 zraR, araC, uxuR
2228 	 zraR, araC, mazE, csgD
2229 	 zraR, araC, hyfR, uxuR
2230 	 zraR, araC, mazE, csgD
2231 	 zraR, araC, mazE, uxuR
2232 	 zraR, araC, csgD
2233 	 zraR, araC, uxuR
2234 	 zraR, araC, csgD
2235 	 zraR, araC, mazE, uxuR, csgD
2236 	 zraR, araC, csgD
2237 	 zraR, araC, uxuR, csgD
2238 	 zraR, araC, uxuR, exuR
2239 	 zraR, araC, uxuR, csgD
2240 	 zraR, araC, mazE, uxuR, exuR, csgD
2241 	 zraR, araC, mazE, uxuR, csgD
2242 	 zraR, araC, uxuR, exuR, csgD
2243 	 zraR, araC, hyfR, uxuR, csgD
2244 	 zraR, araC, hyfR, mazE, uxuR, exuR
2245 	 zraR, araC, uxuR, csgD
2246 	 zraR, araC, uxuR, exuR
2247 	 zraR, araC, mazE, uxuR, mazF
2248 	 zraR, araC, mazE, uxuR, exuR
2249 	 zraR, araC, uxuR, mazF
2250 	 zraR, araC, mazE, uxuR, exuR
2251 	 zraR, araC, uxuR, mazF
2252 	 zraR, araC, uxuR, exuR
2253 	 zraR, araC, uxuR, mazF, csgD
2254 	 zraR, araC, hyfR, uxuR, exuR
2255 	 zraR, araC, mazE, uxuR, mazF, csgD
2256 	 zraR, araC, uxuR, exuR
2257 	 zraR, araC, uxuR, mazF, csgD
2258 	 zraR, araC, uxuR, exuR, csgD
2259 	 zraR, araC, hyfR, mazE, uxuR, mazF
2260 	 zraR, araC, mazE, uxuR, exuR, csgD
2261 	 zraR, araC, uxuR, mazF
2262 	 zraR, araC, hyfR, mazE, uxuR, exuR, csgD
2263 	 zraR, araC, mazE, uxuR, mazF
2264 	 zraR, araC, hyfR, uxuR, exuR, csgD
2265 	 zraR, araC, mazE, uxuR, mazF
2266 	 zraR, araC, uxuR, exuR, csgD
2267 	 zraR, araC, uxuR, mazF
2268 	 zraR, araC, mazE, uxuR, exuR, csgD
2269 	 zraR, araC, hyfR, uxuR, mazF
2270 	 zraR, araC, uxuR, exuR, csgD
2271 	 zraR, araC, uxuR, mazF
2272 	 zraR, araC, uxuR, exuR
2273 	 zraR, araC, mazE, uxuR, mazF, csgD
2274 	 zraR, araC, mazE, uxuR, exuR, csgD
2275 	 zraR, araC, hyfR, mazE, uxuR, mazF, csgD
2276 	 zraR, araC, uxuR, exuR, csgD
2277 	 zraR, araC, mazE, uxuR, mazF, csgD
2278 	 zraR, araC, mazE, uxuR, exuR, csgD
2279 	 zraR, araC, uxuR, mazF, csgD
2280 	 zraR, araC, uxuR, exuR, csgD
2281 	 zraR, araC, hyfR, uxuR, mazF, csgD
2282 	 zraR, araC, uxuR, exuR, csgD
2283 	 zraR, araC, mazE, uxuR, mazF, csgD
2284 	 zraR, araC, mazE, exuR
2285 	 zraR, araC, uxuR, mazF, csgD
2286 	 zraR, araC, mazE, exuR
2287 	 zraR, araC, uxuR, mazF, csgD
2288 	 zraR, araC, mazE, exuR, csgD
2289 	 zraR, mazE, uxuR, exuR, mazF, csgD
2290 	 zraR, mazE, uxuR, csgD
2291 	 zraR, mazE, uxuR, exuR, mazF, csgD
2292 	 zraR, uxuR, csgD
2293 	 zraR, hyfR, mazE, uxuR, exuR, mazF, csgD
2294 	 zraR, uxuR, csgD
2295 	 zraR, mazE, uxuR, exuR, mazF, csgD
2296 	 zraR, uxuR, csgD
2297 	 zraR, mazE, uxuR, exuR, mazF, csgD
2298 	 zraR, csgD
2299 	 zraR, araC, mazE, uxuR, exuR, mazF
2301 	 zraR, araC, mazE, uxuR, exuR, mazF, csgD
2302 	 zraR, csgD
2303 	 zraR, araC, mazE, uxuR, exuR, mazF
2304 	 zraR, hyfR, mazE, csgD
2305 	 zraR, araC, mazE, uxuR, exuR, mazF
2306 	 zraR, mazE, csgD
2307 	 zraR, araC, hyfR, mazE, uxuR, exuR, mazF
2308 	 zraR, mazE, csgD
2309 	 zraR, araC, mazE, uxuR, exuR, mazF
2310 	 zraR, hyfR, csgD
2311 	 zraR, araC, mazE, uxuR, exuR, mazF, csgD
2312 	 zraR, csgD
2313 	 zraR, araC, hyfR, mazE, uxuR, exuR, mazF, csgD
2314 	 zraR, csgD
2315 	 zraR, araC, mazE, uxuR, exuR, mazF, csgD
2317 	 zraR, araC, mazE, uxuR, exuR, mazF, csgD
2319 	 zraR, uxuR, exuR, csgD
2320 	 zraR, araC, mazE, exuR, csgD
2321 	 zraR, mazE, uxuR, exuR, csgD
2322 	 zraR, araC, mazE, exuR, csgD
2323 	 zraR, uxuR, exuR, csgD
2324 	 zraR, hyfR, uxuR, exuR
2325 	 zraR, mazE, uxuR, mazF, csgD
2326 	 zraR, mazE, mazF, csgD
2327 	 zraR, mazE, uxuR, mazF
2328 	 zraR, mazE, mazF, csgD
2329 	 zraR, uxuR, mazF
2330 	 zraR, hyfR, mazE, mazF, csgD
2331 	 zraR, uxuR, mazF
2332 	 zraR, mazE, mazF, csgD
2333 	 zraR, uxuR, mazF, csgD
2334 	 zraR, araC, mazE, mazF
2335 	 zraR, mazE, uxuR, mazF, csgD
2336 	 zraR, araC, mazE, mazF, csgD
2337 	 zraR, uxuR, mazF, csgD
2338 	 zraR, araC, mazE, mazF
2339 	 zraR, mazE, uxuR, mazF, csgD
2340 	 zraR, araC, mazE, mazF
2341 	 zraR, mazE, uxuR, mazF, csgD
2342 	 zraR, araC, mazE, mazF, csgD
2343 	 zraR, uxuR, mazF, csgD
2344 	 zraR, araC, hyfR, mazE, mazF, csgD
2345 	 zraR, uxuR, mazF, csgD
2346 	 zraR, araC, mazE, mazF, csgD
2347 	 zraR, mazE, mazF
2348 	 zraR, uxuR, exuR
2349 	 zraR, mazE, mazF, csgD
2350 	 zraR, uxuR, exuR, csgD
2351 	 zraR, mazE, mazF, csgD
2352 	 zraR, mazE, uxuR, exuR, csgD
2353 	 zraR, mazE, mazF, csgD
2354 	 zraR, araC
2355 	 zraR, hyfR, mazE, uxuR, exuR, csgD
2356 	 zraR, araC, mazE
2357 	 zraR, uxuR, exuR, csgD
2358 	 zraR, araC
2359 	 zraR, mazE, uxuR, exuR, csgD
2360 	 zraR, araC, mazE, csgD
2361 	 zraR, hyfR, uxuR, exuR, csgD
2362 	 zraR, araC, mazE, csgD
2363 	 zraR, uxuR, exuR, csgD
2364 	 zraR, araC, csgD
2365 	 zraR, mazE, uxuR, exuR, mazF
2366 	 zraR, araC, csgD
2367 	 zraR, mazE, uxuR, exuR, mazF, csgD
2368 	 zraR, araC
2369 	 zraR, mazE, uxuR, exuR, mazF, csgD
2370 	 zraR, araC, mazE
2371 	 zraR, mazE, uxuR, exuR, mazF
2372 	 zraR, araC
2373 	 zraR, hyfR, mazE, uxuR, exuR, mazF
2374 	 zraR, araC, mazE
2375 	 zraR, mazE, uxuR, exuR, mazF
2376 	 zraR, araC, hyfR
2377 	 zraR, mazE, uxuR, exuR, mazF
2378 	 zraR, araC
2379 	 zraR, mazE, uxuR, exuR, mazF, csgD
2380 	 zraR, araC, mazE, csgD
2381 	 zraR, hyfR, mazE, uxuR, exuR, mazF, csgD
2382 	 zraR, araC, mazE, csgD
2383 	 zraR, mazE, uxuR, exuR, mazF, csgD
2384 	 zraR, araC, csgD
2385 	 zraR, mazE, uxuR, exuR, mazF, csgD
2386 	 zraR, araC, csgD
2387 	 zraR, uxuR, exuR
2388 	 zraR, araC, mazE, mazF, csgD
2389 	 zraR, mazE, mazF, csgD
2390 	 zraR, araC, uxuR, exuR
2391 	 zraR, mazE, mazF
2392 	 zraR, araC, mazE, uxuR, exuR
2393 	 zraR, mazE, mazF
2394 	 zraR, araC, uxuR, exuR
2395 	 zraR, mazE, mazF, csgD
2396 	 zraR, araC, mazE, uxuR, exuR, csgD
2397 	 zraR, mazE, mazF, csgD
2398 	 zraR, araC, mazE, uxuR, exuR, csgD
2399 	 zraR, hyfR, mazE, mazF, csgD
2400 	 zraR, araC, uxuR, exuR, csgD
2401 	 zraR, mazE, mazF, csgD
2402 	 zraR, araC, uxuR, exuR, csgD
2404 	 zraR, araC, hyfR, mazE, uxuR, exuR
2405 	 zraR, csgD
2406 	 zraR, araC, mazE, uxuR, exuR
2407 	 zraR, mazE, csgD
2408 	 zraR, araC, uxuR, exuR
2409 	 zraR, csgD
2410 	 zraR, araC, mazE, uxuR, exuR
2411 	 zraR, mazE, csgD
2412 	 zraR, araC, uxuR, exuR
2413 	 zraR, csgD
2414 	 zraR, araC, hyfR, uxuR, exuR
2415 	 zraR, mazE, csgD
2416 	 zraR, araC, uxuR, exuR
2417 	 zraR, csgD
2418 	 zraR, araC, mazE, uxuR, exuR, csgD
2419 	 zraR, mazE, mazF
2420 	 zraR, araC, mazE, uxuR, exuR, csgD
2421 	 zraR, mazE, mazF
2422 	 zraR, araC, uxuR, exuR, csgD
2423 	 zraR, mazE, mazF
2424 	 zraR, araC, hyfR, mazE, uxuR, exuR, csgD
2425 	 zraR, mazE, mazF, csgD
2426 	 zraR, araC, mazE, uxuR, exuR, csgD
2427 	 zraR, mazE, mazF, csgD
2428 	 zraR, araC, hyfR, uxuR, exuR, csgD
2429 	 zraR, mazE, mazF, csgD
2430 	 zraR, araC, uxuR, exuR, csgD
2431 	 zraR, mazE, mazF, csgD
2432 	 zraR, araC, uxuR, exuR, csgD
2433 	 zraR, uxuR, exuR
2434 	 zraR, araC, mazE, uxuR, exuR, mazF
2435 	 zraR, uxuR, exuR
2436 	 zraR, araC, mazE, uxuR, exuR, mazF
2437 	 zraR, araC, hyfR, mazE, csgD
2438 	 zraR, araC, mazE, uxuR, exuR, mazF, csgD
2439 	 zraR, araC, mazE, csgD
2440 	 zraR, araC, mazE, uxuR, exuR, mazF, csgD
2441 	 zraR, araC, hyfR, csgD
2442 	 zraR, araC, mazE, uxuR, exuR, mazF
2443 	 zraR, araC, csgD
2444 	 zraR, araC, mazE, uxuR, exuR, mazF
2445 	 zraR, araC, uxuR
2446 	 zraR, araC, hyfR, mazE, uxuR, exuR, mazF
2447 	 zraR, araC, uxuR
2448 	 zraR, araC, mazE, uxuR, exuR, mazF
2449 	 zraR, araC, uxuR
2450 	 zraR, araC, mazE, uxuR, exuR, mazF, csgD
2451 	 zraR, araC, uxuR, csgD
2452 	 zraR, araC, mazE, uxuR, exuR, mazF, csgD
2453 	 zraR, araC, mazE, uxuR, csgD
2454 	 zraR, araC, hyfR, mazE, uxuR, exuR, mazF, csgD
2455 	 zraR, araC, mazE, uxuR, csgD
2456 	 zraR, araC, mazE, uxuR, exuR, mazF, csgD
2457 	 zraR, araC, mazE, uxuR, csgD
2458 	 zraR, araC, uxuR, csgD
2459 	 zraR, mazE, uxuR, exuR, mazF
2460 	 zraR, araC, uxuR, csgD
2461 	 zraR, mazE, uxuR, exuR, mazF, csgD
2462 	 zraR, araC, uxuR, csgD
2463 	 zraR, mazE, uxuR, exuR, mazF, csgD
2464 	 zraR, uxuR, exuR, csgD
2465 	 zraR, mazE, uxuR, exuR, csgD
2466 	 zraR, uxuR, exuR, csgD
2467 	 zraR, mazE, uxuR, exuR, csgD
2468 	 zraR, uxuR, exuR, csgD
2469 	 zraR, uxuR, exuR, csgD
2470 	 zraR, araC, mazE, uxuR, exuR
2471 	 zraR, mazE, uxuR, exuR, mazF
2472 	 zraR, araC, mazE, uxuR, exuR
2473 	 zraR, mazE, uxuR, exuR, mazF
2474 	 zraR, araC, mazE, uxuR, exuR
2475 	 zraR, mazE, uxuR, exuR, mazF
2476 	 zraR, araC, uxuR, exuR
2477 	 zraR, mazE, uxuR, exuR, mazF, csgD
2478 	 zraR, araC, uxuR, exuR
2479 	 zraR, mazE, uxuR, exuR, mazF, csgD
2480 	 zraR, araC, uxuR, exuR
2481 	 zraR, mazE, uxuR, exuR, mazF, csgD
2482 	 zraR, araC, uxuR, exuR
2483 	 zraR, mazE, uxuR, exuR, mazF, csgD
2484 	 zraR, araC, mazE, uxuR, exuR, csgD
2485 	 zraR, araC, mazE, uxuR, exuR, csgD
2486 	 zraR, araC, mazE, uxuR, mazF
2487 	 zraR, araC, mazE, uxuR, exuR, csgD
2488 	 zraR, araC, mazE, uxuR, mazF, csgD
2489 	 zraR, araC, uxuR, exuR, csgD
2490 	 zraR, araC, mazE, uxuR, mazF, csgD
2491 	 zraR, araC, uxuR, exuR, csgD
2492 	 zraR, araC, mazE, mazF
2493 	 zraR, araC, uxuR, exuR, csgD
2494 	 zraR, araC, mazE, mazF
2495 	 zraR, araC, mazE, uxuR, exuR, csgD
2496 	 zraR, araC, mazE, mazF, csgD
2497 	 zraR, araC, mazE, uxuR, exuR, mazF
2498 	 zraR, araC, mazE, mazF, csgD
2499 	 zraR, araC, uxuR, exuR, csgD
2500 	 zraR, araC, uxuR, mazF
2501 	 zraR, araC, mazE
2502 	 zraR, araC, mazE, uxuR, mazF
2503 	 zraR, araC, mazE
2504 	 zraR, araC, mazE, uxuR, mazF
2505 	 zraR, araC
2506 	 zraR, araC, uxuR, mazF
2507 	 zraR, araC
2508 	 zraR, araC, uxuR, mazF
2509 	 zraR, araC, mazE
2510 	 zraR, araC, mazE, uxuR, mazF, csgD
2511 	 zraR, araC
2512 	 zraR, araC, mazE, uxuR, mazF, csgD
2513 	 zraR, araC
2514 	 zraR, araC, uxuR, mazF, csgD
2515 	 zraR, araC, mazE, csgD
2516 	 zraR, araC, mazE, uxuR, mazF, csgD
2517 	 zraR, araC, mazE, csgD
2518 	 zraR, araC, uxuR, mazF, csgD
2519 	 zraR, araC, csgD
2520 	 zraR, araC, uxuR, mazF, csgD
2521 	 zraR, araC, mazE, csgD
2522 	 zraR, araC, mazE, uxuR, mazF, csgD
2523 	 zraR, araC, csgD
2524 	 zraR, araC, uxuR, mazF, csgD
2525 	 zraR, araC, mazE, csgD
2526 	 zraR, araC, mazE, mazF
2527 	 zraR, araC, csgD
2528 	 zraR, araC, mazE, mazF
2529 	 zraR, araC, csgD
2530 	 zraR, araC, mazE, mazF, csgD
2531 	 zraR, araC, mazE, mazF, csgD
2532 	 zraR, araC, mazE, mazF
2533 	 zraR, araC, hyfR, mazE, mazF
2534 	 zraR, araC, mazE, mazF
2535 	 zraR, araC, mazE, mazF
2536 	 zraR, araC, mazE, mazF, csgD
2537 	 zraR, araC, mazE, mazF, csgD
2538 	 zraR, araC, hyfR, mazE, mazF, csgD
2539 	 zraR, araC, mazE, mazF, csgD
2540 	 zraR, araC, mazE, mazF
2541 	 zraR, araC, mazE, uxuR, exuR, mazF
2542 	 zraR, araC, mazE, uxuR, exuR, mazF
2543 	 zraR, araC, mazE, uxuR, exuR, mazF, csgD
2544 	 zraR, araC, mazE, uxuR, exuR, mazF, csgD
2545 	 zraR, araC, mazE, uxuR, exuR, mazF, csgD
2546 	 zraR, araC, mazE, uxuR, exuR, mazF
2547 	 zraR, araC, mazE, mazF
2548 	 zraR, araC, mazE, uxuR, exuR, mazF
2549 	 zraR, araC, mazE, mazF
2550 	 zraR, araC, mazE, uxuR, exuR, mazF
2551 	 zraR, araC, mazE, mazF
2552 	 zraR, araC, mazE, uxuR, exuR, mazF
2553 	 zraR, araC, mazE, mazF, csgD
2554 	 zraR, araC, mazE, uxuR, exuR, mazF, csgD
2555 	 zraR, araC, mazE, mazF, csgD
2556 	 zraR, araC, mazE, uxuR, exuR, mazF, csgD
2557 	 zraR, araC, mazE, mazF, csgD
2558 	 zraR, araC, mazE, uxuR, exuR, mazF, csgD
2559 	 zraR, araC, mazE, mazF, csgD
2560 	 zraR, araC, mazE, uxuR, exuR, mazF, csgD
