7 	 zraR, nhaR, nikR, aidB, betI, lldR, galS, stpA, evgA, ydeO, lrp, gadE, rcsA, soxS, fnr
8 	 zraR, yqjI, nhaR, aidB, galS, stpA, soxR, rob, narL, evgA, ydeO, lrp, gadE, rcsA, arcA
9 	 zraR, yqjI, nhaR, aidB, galS, stpA, soxR, rob, narL, evgA, ydeO, lrp, gadE, rcsA, arcA
10 	 zraR, nhaR, nikR, aidB, betI, lldR, galS, stpA, evgA, ydeO, lrp, gadE, soxS, fnr
11 	 zraR, melR, yqjI, nhaR, nikR, aidB, galS, stpA, soxR, rob, narL, evgA, ydeO, lrp, gadE, rcsA, arcA
12 	 zraR, melR, yqjI, nhaR, aidB, galS, stpA, soxR, rob, narL, evgA, ydeO, lrp, gadE, rcsA, arcA
13 	 zraR, nhaR, nikR, aidB, lldR, galS, stpA, evgA, ydeO, lrp, gadE, rcsA, soxS, fnr
14 	 zraR, yqjI, nhaR, aidB, galR, galS, stpA, soxR, rob, narL, evgA, ydeO, lrp, gadE, rcsA, arcA
15 	 zraR, yqjI, nhaR, flhD, galS, yjjQ, soxR, rob, narL, bglJ, leuO, arcA
16 	 zraR, nikR, aidB, lldR, galS, stpA, evgA, ydeO, lrp, gadE, rcsA, soxS, fnr
17 	 zraR, yqjI, nhaR, aidB, stpA, soxR, rob, narL, evgA, ydeO, lrp, gadE, rcsA, arcA
18 	 zraR, yqjI, nhaR, nikR, aidB, galS, stpA, soxR, rob, narL, evgA, ydeO, lrp, gadE, arcA
19 	 zraR, yqjI, nhaR, aidB, galS, stpA, soxR, rob, narL, evgA, ydeO, lrp, gadE, rcsA, arcA
20 	 zraR, yqjI, nhaR, nikR, aidB, galR, galS, stpA, soxR, rob, narL, evgA, ydeO, lrp, gadE, rcsA, arcA
21 	 zraR, melR, yqjI, nhaR, aidB, stpA, soxR, rob, narL, evgA, ydeO, lrp, gadE, rcsA, arcA
22 	 zraR, yqjI, aidB, galS, stpA, soxR, rob, narL, evgA, ydeO, lrp, gadE, rcsA, arcA
23 	 zraR, nhaR, nikR, aidB, lldR, galS, stpA, evgA, ydeO, lrp, gadE, soxS, fnr
24 	 zraR, yqjI, nhaR, nikR, aidB, galS, stpA, soxR, rob, narL, evgA, ydeO, lrp, gadE, rcsA, arcA
25 	 zraR, yqjI, nhaR, aidB, stpA, soxR, rob, narL, evgA, ydeO, lrp, gadE, rcsA, arcA
26 	 zraR, melR, nhaR, nikR, aidB, lldR, galS, stpA, evgA, ydeO, lrp, gadE, rcsA, soxS, fnr
27 	 zraR, yqjI, aidB, galS, stpA, soxR, rob, narL, evgA, ydeO, lrp, gadE, rcsA, arcA
28 	 zraR, yqjI, nhaR, aidB, galS, stpA, soxR, rob, narL, evgA, ydeO, lrp, gadE, rcsA, arcA
29 	 zraR, nhaR, nikR, aidB, betI, lldR, stpA, evgA, ydeO, lrp, gadE, rcsA, soxS, fnr
30 	 zraR, yqjI, nhaR, nikR, aidB, galR, galS, stpA, soxR, rob, narL, evgA, ydeO, lrp, gadE, rcsA, arcA
31 	 zraR, yqjI, nhaR, aidB, galS, stpA, soxR, rob, narL, evgA, ydeO, lrp, gadE, arcA
32 	 zraR, yqjI, aidB, galR, galS, stpA, soxR, rob, narL, evgA, ydeO, lrp, gadE, rcsA, arcA
33 	 zraR, yqjI, aidB, galS, stpA, soxR, rob, narL, evgA, ydeO, lrp, gadE, rcsA, arcA
34 	 zraR, yqjI, nhaR, nikR, aidB, stpA, soxR, rob, narL, evgA, ydeO, lrp, gadE, rcsA, arcA
35 	 zraR, yqjI, nhaR, aidB, stpA, soxR, rob, narL, evgA, ydeO, lrp, gadE, rcsA, arcA
36 	 zraR, melR, yqjI, nhaR, nikR, aidB, galS, stpA, soxR, rob, narL, evgA, ydeO, lrp, gadE, rcsA, arcA
37 	 zraR, melR, yqjI, nhaR, aidB, galR, galS, stpA, soxR, rob, narL, evgA, ydeO, lrp, gadE, rcsA, arcA
38 	 zraR, yqjI, nhaR, nikR, aidB, galR, galS, stpA, soxR, rob, narL, evgA, ydeO, lrp, gadE, rcsA, arcA
39 	 zraR, yqjI, nhaR, aidB, stpA, soxR, rob, narL, evgA, ydeO, lrp, gadE, arcA
40 	 zraR, nhaR, nikR, aidB, lldR, galS, stpA, evgA, ydeO, lrp, gadE, rcsA, soxS, fnr
41 	 zraR, yqjI, nhaR, aidB, galR, stpA, soxR, rob, narL, evgA, ydeO, lrp, gadE, rcsA, arcA
42 	 zraR, yqjI, nhaR, aidB, galR, galS, stpA, soxR, rob, narL, evgA, ydeO, lrp, gadE, rcsA, arcA
43 	 zraR, yqjI, aidB, stpA, soxR, rob, narL, evgA, ydeO, lrp, gadE, rcsA, arcA
44 	 zraR, yqjI, nhaR, aidB, galS, stpA, soxR, rob, narL, evgA, ydeO, lrp, gadE, rcsA, arcA
45 	 zraR, yqjI, nhaR, nikR, aidB, galS, stpA, soxR, rob, narL, evgA, ydeO, lrp, gadE, arcA
46 	 zraR, melR, yqjI, aidB, galS, stpA, soxR, rob, narL, evgA, ydeO, lrp, gadE, rcsA, arcA
47 	 zraR, yqjI, aidB, galS, stpA, soxR, rob, narL, evgA, ydeO, lrp, gadE, arcA
48 	 zraR, melR, yqjI, nhaR, aidB, galS, stpA, soxR, rob, narL, evgA, ydeO, lrp, gadE, rcsA, arcA
49 	 zraR, melR, nhaR, nikR, aidB, betI, lldR, galS, stpA, evgA, ydeO, lrp, gadE, rcsA, soxS, fnr
50 	 zraR, melR, yqjI, nikR, aidB, stpA, soxR, rob, narL, evgA, ydeO, lrp, gadE, rcsA, arcA
51 	 zraR, melR, yqjI, nhaR, aidB, stpA, soxR, rob, narL, evgA, ydeO, lrp, gadE, rcsA, arcA
52 	 zraR, yqjI, nikR, aidB, stpA, soxR, rob, narL, evgA, ydeO, lrp, gadE, arcA
53 	 zraR, yqjI, nhaR, aidB, stpA, soxR, rob, narL, evgA, ydeO, lrp, gadE, arcA
54 	 zraR, yqjI, nhaR, nikR, aidB, galS, stpA, soxR, rob, narL, evgA, ydeO, lrp, gadE, rcsA, arcA
55 	 zraR, yqjI, aidB, galS, stpA, soxR, rob, narL, evgA, ydeO, lrp, gadE, rcsA, arcA
56 	 zraR, melR, yqjI, nhaR, nikR, aidB, galS, stpA, soxR, rob, narL, evgA, ydeO, lrp, gadE, arcA
57 	 zraR, aidB, betI, lldR, galS, stpA, evgA, ydeO, lrp, gadE, rcsA, soxS, fnr
58 	 zraR, nhaR, nikR, aidB, lldR, galS, stpA, evgA, ydeO, lrp, gadE, soxS, fnr
59 	 zraR, melR, yqjI, nhaR, aidB, galS, stpA, soxR, rob, narL, evgA, ydeO, lrp, gadE, rcsA, arcA
60 	 zraR, nhaR, nikR, aidB, betI, lldR, galS, stpA, evgA, ydeO, lrp, gadE, rcsA, soxS, fnr
61 	 zraR, yqjI, aidB, stpA, soxR, rob, narL, evgA, ydeO, lrp, gadE, rcsA, arcA
62 	 zraR, yqjI, nikR, aidB, galS, stpA, soxR, rob, narL, evgA, ydeO, lrp, gadE, rcsA, arcA
63 	 zraR, melR, yqjI, nhaR, aidB, galR, galS, stpA, soxR, rob, narL, evgA, ydeO, lrp, gadE, rcsA, arcA
64 	 zraR, yqjI, aidB, galR, galS, stpA, soxR, rob, narL, evgA, ydeO, lrp, gadE, rcsA, arcA
65 	 zraR, nikR, aidB, lldR, galS, stpA, evgA, ydeO, lrp, gadE, soxS, fnr
66 	 zraR, melR, yqjI, nikR, aidB, galS, stpA, soxR, rob, narL, evgA, ydeO, lrp, gadE, rcsA, arcA
67 	 zraR, melR, nikR, aidB, lldR, galS, stpA, evgA, ydeO, lrp, gadE, rcsA, soxS, fnr
68 	 zraR, melR, yqjI, nhaR, aidB, galR, galS, stpA, soxR, rob, narL, evgA, ydeO, lrp, gadE, rcsA, arcA
69 	 zraR, melR, nhaR, nikR, aidB, lldR, galS, stpA, evgA, ydeO, lrp, gadE, rcsA, soxS, fnr
70 	 zraR, melR, yqjI, nhaR, nikR, aidB, stpA, soxR, rob, narL, evgA, ydeO, lrp, gadE, rcsA, arcA
71 	 zraR, melR, nhaR, aidB, lldR, galS, stpA, evgA, ydeO, lrp, gadE, soxS, fnr
72 	 zraR, melR, yqjI, nhaR, aidB, galS, stpA, soxR, rob, narL, evgA, ydeO, lrp, gadE, rcsA, arcA
73 	 zraR, melR, yqjI, nhaR, aidB, galS, stpA, soxR, rob, narL, evgA, ydeO, lrp, gadE, arcA
74 	 zraR, melR, nhaR, nikR, aidB, lldR, galS, stpA, evgA, ydeO, lrp, gadE, rcsA, soxS, fnr
75 	 zraR, nhaR, aidB, lldR, galS, stpA, evgA, ydeO, lrp, gadE, rcsA, soxS, fnr
76 	 zraR, yqjI, nhaR, aidB, galS, stpA, soxR, rob, narL, evgA, ydeO, lrp, gadE, rcsA, arcA
77 	 zraR, melR, yqjI, aidB, galS, stpA, soxR, rob, narL, evgA, ydeO, lrp, gadE, rcsA, arcA
78 	 zraR, yqjI, nhaR, aidB, galS, stpA, soxR, rob, narL, evgA, ydeO, lrp, gadE, arcA
79 	 zraR, melR, yqjI, nhaR, aidB, galR, galS, stpA, soxR, rob, narL, evgA, ydeO, lrp, gadE, rcsA, arcA
80 	 zraR, melR, yqjI, nhaR, aidB, galS, stpA, soxR, rob, narL, evgA, ydeO, lrp, gadE, rcsA, arcA
81 	 zraR, aidB, lldR, galS, stpA, evgA, ydeO, lrp, gadE, rcsA, soxS, fnr
82 	 zraR, melR, yqjI, nhaR, nikR, aidB, stpA, soxR, rob, narL, evgA, ydeO, lrp, gadE, rcsA, arcA
83 	 zraR, melR, nhaR, aidB, lldR, galS, stpA, evgA, ydeO, lrp, gadE, rcsA, soxS, fnr
84 	 zraR, melR, yqjI, aidB, galS, stpA, soxR, rob, narL, evgA, ydeO, lrp, gadE, arcA
85 	 zraR, melR, aidB, lldR, galS, stpA, evgA, ydeO, lrp, gadE, rcsA, soxS, fnr
86 	 zraR, yqjI, nhaR, nikR, aidB, galR, galS, stpA, soxR, rob, narL, evgA, ydeO, lrp, gadE, arcA
87 	 zraR, melR, yqjI, nikR, aidB, galR, galS, stpA, soxR, rob, narL, evgA, ydeO, lrp, gadE, rcsA, arcA
88 	 zraR, melR, yqjI, aidB, galS, stpA, soxR, rob, narL, evgA, ydeO, lrp, gadE, rcsA, arcA
89 	 zraR, melR, yqjI, nhaR, aidB, galS, stpA, soxR, rob, narL, evgA, ydeO, lrp, gadE, rcsA, arcA
90 	 zraR, melR, nikR, aidB, lldR, galS, stpA, evgA, ydeO, lrp, gadE, soxS, fnr
91 	 zraR, yqjI, nikR, aidB, stpA, soxR, rob, narL, evgA, ydeO, lrp, gadE, rcsA, arcA
92 	 zraR, yqjI, nhaR, aidB, stpA, soxR, rob, narL, evgA, ydeO, lrp, gadE, rcsA, arcA
93 	 zraR, melR, yqjI, nhaR, aidB, galR, galS, stpA, soxR, rob, narL, evgA, ydeO, lrp, gadE, arcA
94 	 zraR, yqjI, nhaR, aidB, galR, galS, stpA, soxR, rob, narL, evgA, ydeO, lrp, gadE, rcsA, arcA
95 	 zraR, yqjI, nikR, aidB, galR, galS, stpA, soxR, rob, narL, evgA, ydeO, lrp, gadE, rcsA, arcA
96 	 zraR, aidB, lldR, galS, stpA, evgA, ydeO, lrp, gadE, rcsA, soxS, fnr
97 	 zraR, melR, yqjI, nhaR, aidB, stpA, soxR, rob, narL, evgA, ydeO, lrp, gadE, arcA
98 	 zraR, yqjI, nhaR, aidB, galR, galS, stpA, soxR, rob, narL, evgA, ydeO, lrp, gadE, arcA
99 	 zraR, melR, yqjI, nhaR, aidB, galS, stpA, soxR, rob, narL, evgA, ydeO, lrp, gadE, arcA
100 	 zraR, nikR, aidB, lldR, galS, stpA, evgA, ydeO, lrp, gadE, rcsA, soxS, fnr
101 	 zraR, yqjI, nikR, aidB, galR, galS, stpA, soxR, rob, narL, evgA, ydeO, lrp, gadE, rcsA, arcA
102 	 zraR, melR, yqjI, nhaR, nikR, aidB, galR, galS, stpA, soxR, rob, narL, evgA, ydeO, lrp, gadE, rcsA, arcA
103 	 zraR, yqjI, nhaR, aidB, galS, stpA, soxR, rob, narL, evgA, ydeO, lrp, gadE, rcsA, arcA
104 	 zraR, melR, yqjI, aidB, galR, galS, stpA, soxR, rob, narL, evgA, ydeO, lrp, gadE, rcsA, arcA
105 	 zraR, yqjI, aidB, galR, galS, stpA, soxR, rob, narL, evgA, ydeO, lrp, gadE, arcA
106 	 zraR, yqjI, nhaR, nikR, aidB, galS, stpA, soxR, rob, narL, evgA, ydeO, lrp, gadE, arcA
107 	 zraR, melR, yqjI, nhaR, aidB, galS, stpA, soxR, rob, narL, evgA, ydeO, lrp, gadE, arcA
108 	 zraR, melR, yqjI, nikR, aidB, stpA, soxR, rob, narL, evgA, ydeO, lrp, gadE, arcA
109 	 zraR, melR, yqjI, nhaR, nikR, aidB, stpA, soxR, rob, narL, evgA, ydeO, lrp, gadE, rcsA, arcA
110 	 zraR, nhaR, aidB, lldR, galS, stpA, evgA, ydeO, lrp, gadE, soxS, fnr
111 	 zraR, yqjI, nikR, aidB, galS, stpA, soxR, rob, narL, evgA, ydeO, lrp, gadE, arcA
112 	 zraR, melR, yqjI, aidB, galR, galS, stpA, soxR, rob, narL, evgA, ydeO, lrp, gadE, arcA
113 	 zraR, yqjI, nikR, aidB, galS, stpA, soxR, rob, narL, evgA, ydeO, lrp, gadE, arcA
114 	 zraR, yqjI, nikR, aidB, galS, stpA, soxR, rob, narL, evgA, ydeO, lrp, gadE, arcA
115 	 zraR, nhaR, aidB, lldR, galS, stpA, evgA, ydeO, lrp, gadE, soxS, fnr
116 	 zraR, melR, yqjI, nhaR, flhD, galS, yjjQ, soxR, rob, narL, bglJ, leuO, arcA
117 	 zraR, melR, yqjI, nikR, aidB, galS, stpA, soxR, rob, narL, evgA, ydeO, lrp, gadE, arcA
118 	 zraR, melR, nhaR, aidB, lldR, galS, stpA, evgA, ydeO, lrp, gadE, soxS, fnr
119 	 zraR, yqjI, nhaR, nikR, aidB, galS, stpA, soxR, rob, narL, evgA, ydeO, lrp, gadE, arcA
120 	 zraR, melR, nhaR, aidB, lldR, galS, stpA, evgA, ydeO, lrp, gadE, soxS, fnr
121 	 zraR, yqjI, nhaR, nikR, aidB, galR, galS, stpA, soxR, rob, narL, evgA, ydeO, lrp, gadE, arcA
122 	 zraR, yqjI, nhaR, aidB, stpA, soxR, rob, narL, evgA, ydeO, lrp, gadE, arcA
123 	 zraR, yqjI, nhaR, aidB, stpA, soxR, rob, narL, evgA, ydeO, lrp, gadE, arcA
124 	 zraR, melR, nhaR, aidB, lldR, galS, stpA, evgA, ydeO, lrp, gadE, soxS, fnr
125 	 zraR, melR, yqjI, nhaR, nikR, aidB, galS, stpA, soxR, rob, narL, evgA, ydeO, lrp, gadE, arcA
126 	 zraR, melR, yqjI, aidB, galS, stpA, soxR, rob, narL, evgA, ydeO, lrp, gadE, arcA
127 	 zraR, yqjI, nhaR, aidB, galS, stpA, soxR, rob, narL, evgA, ydeO, lrp, gadE, arcA
128 	 zraR, melR, yqjI, nhaR, nikR, aidB, stpA, soxR, rob, narL, evgA, ydeO, lrp, gadE, arcA
129 	 zraR, melR, yqjI, nikR, aidB, galS, stpA, soxR, rob, narL, evgA, ydeO, lrp, gadE, arcA
130 	 zraR, nhaR, aidB, lldR, galS, stpA, evgA, ydeO, lrp, gadE, rcsA, soxS, fnr
131 	 zraR, melR, yqjI, nhaR, nikR, aidB, stpA, soxR, rob, narL, evgA, ydeO, lrp, gadE, arcA
132 	 zraR, yqjI, nhaR, nikR, aidB, galR, galS, stpA, soxR, rob, narL, evgA, ydeO, lrp, gadE, arcA
133 	 zraR, melR, yqjI, nhaR, aidB, galR, galS, stpA, soxR, rob, narL, evgA, ydeO, lrp, gadE, arcA
134 	 zraR, melR, aidB, lldR, galS, stpA, evgA, ydeO, lrp, gadE, rcsA, soxS, fnr
135 	 zraR, aidB, lldR, galS, stpA, evgA, ydeO, lrp, gadE, soxS, fnr
136 	 zraR, melR, yqjI, nhaR, nikR, aidB, galR, galS, stpA, soxR, rob, narL, evgA, ydeO, lrp, gadE, arcA
137 	 zraR, melR, aidB, lldR, galS, stpA, evgA, ydeO, lrp, gadE, soxS, fnr
138 	 zraR, yqjI, nikR, aidB, galS, stpA, soxR, rob, narL, evgA, ydeO, lrp, gadE, rcsA, arcA
139 	 zraR, melR, yqjI, nhaR, nikR, aidB, stpA, soxR, rob, narL, evgA, ydeO, lrp, gadE, rcsA, arcA
140 	 zraR, yqjI, aidB, stpA, soxR, rob, narL, evgA, ydeO, lrp, gadE, rcsA, arcA
141 	 zraR, melR, yqjI, nhaR, nikR, aidB, galR, galS, stpA, soxR, rob, narL, evgA, ydeO, lrp, gadE, arcA
142 	 zraR, yqjI, nikR, aidB, galR, galS, stpA, soxR, rob, narL, evgA, ydeO, lrp, gadE, rcsA, arcA
143 	 zraR, melR, aidB, lldR, galS, stpA, evgA, ydeO, lrp, gadE, rcsA, soxS, fnr
144 	 zraR, yqjI, nhaR, nikR, aidB, stpA, soxR, rob, narL, evgA, ydeO, lrp, gadE, arcA
145 	 zraR, melR, yqjI, aidB, stpA, soxR, rob, narL, evgA, ydeO, lrp, gadE, rcsA, arcA
146 	 zraR, melR, yqjI, nhaR, nikR, aidB, stpA, soxR, rob, narL, evgA, ydeO, lrp, gadE, arcA
147 	 zraR, melR, yqjI, nikR, aidB, galR, galS, stpA, soxR, rob, narL, evgA, ydeO, lrp, gadE, rcsA, arcA
148 	 zraR, aidB, lldR, galS, stpA, evgA, ydeO, lrp, gadE, soxS, fnr
149 	 zraR, melR, nikR, aidB, lldR, galS, stpA, evgA, ydeO, lrp, gadE, soxS, fnr
150 	 zraR, nhaR, aidB, lldR, galS, stpA, evgA, ydeO, lrp, gadE, rcsA, soxS, fnr
151 	 zraR, yqjI, nikR, aidB, galR, galS, stpA, soxR, rob, narL, evgA, ydeO, lrp, gadE, arcA
152 	 zraR, melR, nhaR, aidB, lldR, galS, stpA, evgA, ydeO, lrp, gadE, rcsA, soxS, fnr
153 	 zraR, yqjI, aidB, galR, galS, stpA, soxR, rob, narL, evgA, ydeO, lrp, gadE, arcA
154 	 zraR, melR, yqjI, nikR, aidB, galR, galS, stpA, soxR, rob, narL, evgA, ydeO, lrp, gadE, arcA
155 	 zraR, yqjI, nhaR, nikR, aidB, galS, stpA, soxR, rob, narL, evgA, ydeO, lrp, gadE, arcA
156 	 zraR, melR, yqjI, aidB, stpA, soxR, rob, narL, evgA, ydeO, lrp, gadE, rcsA, arcA
157 	 zraR, melR, yqjI, nhaR, nikR, aidB, galS, stpA, soxR, rob, narL, evgA, ydeO, lrp, gadE, arcA
158 	 zraR, nhaR, aidB, lldR, galS, stpA, evgA, ydeO, lrp, gadE, soxS, fnr
159 	 zraR, melR, yqjI, nikR, aidB, stpA, soxR, rob, narL, evgA, ydeO, lrp, gadE, rcsA, arcA
160 	 zraR, yqjI, aidB, stpA, soxR, rob, narL, evgA, ydeO, lrp, gadE, arcA
161 	 zraR, melR, yqjI, nikR, aidB, galS, stpA, soxR, rob, narL, evgA, ydeO, lrp, gadE, rcsA, arcA
162 	 zraR, melR, nhaR, aidB, lldR, galS, stpA, evgA, ydeO, lrp, gadE, soxS, fnr
163 	 zraR, yqjI, aidB, galS, stpA, soxR, rob, narL, evgA, ydeO, lrp, gadE, arcA
164 	 zraR, melR, yqjI, nikR, aidB, stpA, soxR, rob, narL, evgA, ydeO, lrp, gadE, arcA
165 	 zraR, melR, yqjI, nhaR, aidB, galS, stpA, soxR, rob, narL, evgA, ydeO, lrp, gadE, arcA
166 	 zraR, melR, nhaR, aidB, lldR, galS, stpA, evgA, ydeO, lrp, gadE, rcsA, soxS, fnr
167 	 zraR, melR, yqjI, aidB, galR, galS, stpA, soxR, rob, narL, evgA, ydeO, lrp, gadE, arcA
168 	 zraR, nhaR, aidB, lldR, galS, stpA, evgA, ydeO, lrp, gadE, soxS, fnr
169 	 zraR, yqjI, nikR, aidB, stpA, soxR, rob, narL, evgA, ydeO, lrp, gadE, arcA
170 	 zraR, melR, nhaR, aidB, lldR, galS, stpA, evgA, ydeO, lrp, gadE, soxS, fnr
171 	 zraR, melR, yqjI, nikR, aidB, stpA, soxR, rob, narL, evgA, ydeO, lrp, gadE, arcA
172 	 zraR, yqjI, nhaR, aidB, galR, galS, stpA, soxR, rob, narL, evgA, ydeO, lrp, gadE, rcsA, arcA
173 	 zraR, nhaR, aidB, lldR, galS, stpA, evgA, ydeO, lrp, gadE, rcsA, soxS, fnr
174 	 zraR, yqjI, nhaR, nikR, aidB, galR, galS, stpA, soxR, rob, narL, evgA, ydeO, lrp, gadE, arcA
175 	 zraR, aidB, lldR, galS, stpA, evgA, ydeO, lrp, gadE, soxS, fnr
176 	 zraR, melR, yqjI, nhaR, nikR, aidB, galR, galS, stpA, soxR, rob, narL, evgA, ydeO, lrp, gadE, rcsA, arcA
177 	 zraR, melR, aidB, lldR, galS, stpA, evgA, ydeO, lrp, gadE, soxS, fnr
178 	 zraR, yqjI, nhaR, nikR, aidB, stpA, soxR, rob, narL, evgA, ydeO, lrp, gadE, rcsA, arcA
179 	 zraR, melR, yqjI, aidB, galR, galS, stpA, soxR, rob, narL, evgA, ydeO, lrp, gadE, rcsA, arcA
180 	 zraR, yqjI, nhaR, nikR, aidB, galR, galS, stpA, soxR, rob, narL, evgA, ydeO, lrp, gadE, arcA
181 	 zraR, yqjI, aidB, stpA, soxR, rob, narL, evgA, ydeO, lrp, gadE, arcA
182 	 zraR, melR, yqjI, nikR, aidB, galS, stpA, soxR, rob, narL, evgA, ydeO, lrp, gadE, arcA
183 	 zraR, melR, nhaR, aidB, lldR, galS, stpA, evgA, ydeO, lrp, gadE, rcsA, soxS, fnr
184 	 zraR, melR, yqjI, nikR, aidB, stpA, soxR, rob, narL, evgA, ydeO, lrp, gadE, arcA
185 	 zraR, melR, yqjI, nhaR, nikR, aidB, galR, galS, stpA, soxR, rob, narL, evgA, ydeO, lrp, gadE, arcA
186 	 zraR, melR, yqjI, nhaR, nikR, aidB, galR, galS, stpA, soxR, rob, narL, evgA, ydeO, lrp, gadE, arcA
187 	 zraR, nhaR, aidB, lldR, galS, stpA, evgA, ydeO, lrp, gadE, soxS, fnr
188 	 zraR, melR, yqjI, nhaR, aidB, stpA, soxR, rob, narL, evgA, ydeO, lrp, gadE, rcsA, arcA
189 	 zraR, yqjI, nikR, aidB, galS, stpA, soxR, rob, narL, evgA, ydeO, lrp, gadE, rcsA, arcA
190 	 zraR, yqjI, nikR, aidB, galR, galS, stpA, soxR, rob, narL, evgA, ydeO, lrp, gadE, arcA
191 	 zraR, yqjI, nhaR, nikR, aidB, stpA, soxR, rob, narL, evgA, ydeO, lrp, gadE, arcA
192 	 zraR, melR, yqjI, aidB, galR, galS, stpA, soxR, rob, narL, evgA, ydeO, lrp, gadE, arcA
193 	 zraR, melR, yqjI, nhaR, nikR, aidB, stpA, soxR, rob, narL, evgA, ydeO, lrp, gadE, arcA
194 	 zraR, melR, yqjI, nhaR, nikR, aidB, galS, stpA, soxR, rob, narL, evgA, ydeO, lrp, gadE, arcA
195 	 zraR, melR, yqjI, aidB, galS, stpA, soxR, rob, narL, evgA, ydeO, lrp, gadE, rcsA, arcA
196 	 zraR, yqjI, nhaR, nikR, aidB, stpA, soxR, rob, narL, evgA, ydeO, lrp, gadE, arcA
197 	 zraR, yqjI, nikR, aidB, galS, stpA, soxR, rob, narL, evgA, ydeO, lrp, gadE, arcA
198 	 zraR, yqjI, nhaR, nikR, aidB, galR, galS, stpA, soxR, rob, narL, evgA, ydeO, lrp, gadE, rcsA, arcA
199 	 zraR, melR, nhaR, aidB, lldR, galS, stpA, evgA, ydeO, lrp, gadE, soxS, fnr
200 	 zraR, melR, yqjI, nikR, aidB, galS, stpA, soxR, rob, narL, evgA, ydeO, lrp, gadE, arcA
201 	 zraR, melR, yqjI, nhaR, aidB, stpA, soxR, rob, narL, evgA, ydeO, lrp, gadE, arcA
202 	 zraR, aidB, lldR, galS, stpA, evgA, ydeO, lrp, gadE, rcsA, soxS, fnr
203 	 zraR, melR, nhaR, aidB, betI, lldR, galS, stpA, evgA, ydeO, lrp, gadE, soxS, fnr
204 	 zraR, yqjI, nikR, aidB, galR, galS, stpA, soxR, rob, narL, evgA, ydeO, lrp, gadE, rcsA, arcA
205 	 zraR, melR, yqjI, nhaR, nikR, aidB, galS, stpA, soxR, rob, narL, evgA, ydeO, lrp, gadE, rcsA, arcA
206 	 zraR, melR, aidB, lldR, galS, stpA, evgA, ydeO, lrp, gadE, rcsA, soxS, fnr
207 	 zraR, melR, yqjI, nhaR, aidB, galR, galS, stpA, soxR, rob, narL, evgA, ydeO, lrp, gadE, rcsA, arcA
208 	 zraR, melR, yqjI, nikR, aidB, galR, galS, stpA, soxR, rob, narL, evgA, ydeO, lrp, gadE, rcsA, arcA
209 	 zraR, melR, yqjI, nhaR, aidB, galR, galS, stpA, soxR, rob, narL, evgA, ydeO, lrp, gadE, rcsA, arcA
210 	 zraR, aidB, lldR, galS, stpA, evgA, ydeO, lrp, gadE, soxS, fnr
211 	 zraR, yqjI, nikR, aidB, stpA, soxR, rob, narL, evgA, ydeO, lrp, gadE, rcsA, arcA
212 	 zraR, yqjI, nhaR, nikR, aidB, galS, stpA, soxR, rob, narL, evgA, ydeO, lrp, gadE, arcA
213 	 zraR, melR, aidB, lldR, galS, stpA, evgA, ydeO, lrp, gadE, soxS, fnr
214 	 zraR, yqjI, nhaR, nikR, aidB, galS, stpA, soxR, rob, narL, evgA, ydeO, lrp, gadE, rcsA, arcA
215 	 zraR, melR, yqjI, nhaR, nikR, aidB, galS, stpA, soxR, rob, narL, evgA, ydeO, lrp, gadE, rcsA, arcA
216 	 zraR, yqjI, aidB, galS, stpA, soxR, rob, narL, evgA, ydeO, lrp, gadE, rcsA, arcA
217 	 zraR, melR, yqjI, nikR, aidB, stpA, soxR, rob, narL, evgA, ydeO, lrp, gadE, rcsA, arcA
218 	 zraR, yqjI, nhaR, aidB, stpA, soxR, rob, narL, evgA, ydeO, lrp, gadE, rcsA, arcA
219 	 zraR, yqjI, nhaR, aidB, galR, galS, stpA, soxR, rob, narL, evgA, ydeO, lrp, gadE, arcA
220 	 zraR, melR, yqjI, nhaR, nikR, aidB, stpA, soxR, rob, narL, evgA, ydeO, lrp, gadE, rcsA, arcA
221 	 zraR, yqjI, nhaR, aidB, stpA, soxR, rob, narL, evgA, ydeO, lrp, gadE, arcA
222 	 zraR, melR, yqjI, nhaR, nikR, aidB, stpA, soxR, rob, narL, evgA, ydeO, lrp, gadE, arcA
223 	 zraR, melR, yqjI, nhaR, aidB, stpA, soxR, rob, narL, evgA, ydeO, lrp, gadE, arcA
224 	 zraR, melR, yqjI, nhaR, nikR, aidB, galS, stpA, soxR, rob, narL, evgA, ydeO, lrp, gadE, arcA
225 	 zraR, melR, yqjI, aidB, galS, stpA, soxR, rob, narL, evgA, ydeO, lrp, gadE, rcsA, arcA
226 	 zraR, yqjI, nhaR, nikR, aidB, galS, stpA, soxR, rob, narL, evgA, ydeO, lrp, gadE, arcA
227 	 zraR, melR, yqjI, aidB, galS, stpA, soxR, rob, narL, evgA, ydeO, lrp, gadE, rcsA, arcA
228 	 zraR, yqjI, nikR, aidB, stpA, soxR, rob, narL, evgA, ydeO, lrp, gadE, arcA
229 	 zraR, nhaR, aidB, lldR, galS, stpA, evgA, ydeO, lrp, gadE, rcsA, soxS, fnr
230 	 zraR, yqjI, nikR, aidB, galR, galS, stpA, soxR, rob, narL, evgA, ydeO, lrp, gadE, rcsA, arcA
231 	 zraR, yqjI, aidB, galR, galS, stpA, soxR, rob, narL, evgA, ydeO, lrp, gadE, arcA
232 	 zraR, melR, yqjI, nhaR, nikR, aidB, galR, galS, stpA, soxR, rob, narL, evgA, ydeO, lrp, gadE, arcA
233 	 zraR, yqjI, nikR, aidB, galS, stpA, soxR, rob, narL, evgA, ydeO, lrp, gadE, arcA
234 	 zraR, melR, yqjI, aidB, galS, stpA, soxR, rob, narL, evgA, ydeO, lrp, gadE, arcA
235 	 zraR, melR, nhaR, aidB, lldR, galS, stpA, evgA, ydeO, lrp, gadE, rcsA, soxS, fnr
236 	 zraR, yqjI, nikR, aidB, galS, stpA, soxR, rob, narL, evgA, ydeO, lrp, gadE, arcA
237 	 zraR, yqjI, aidB, stpA, soxR, rob, narL, evgA, ydeO, lrp, gadE, rcsA, arcA
238 	 zraR, yqjI, nhaR, aidB, galR, galS, stpA, soxR, rob, narL, evgA, ydeO, lrp, gadE, arcA
239 	 zraR, melR, yqjI, nikR, aidB, galS, stpA, soxR, rob, narL, evgA, ydeO, lrp, gadE, arcA
240 	 zraR, melR, yqjI, nhaR, aidB, galR, galS, stpA, soxR, rob, narL, evgA, ydeO, lrp, gadE, arcA
241 	 zraR, yqjI, nikR, aidB, stpA, soxR, rob, narL, evgA, ydeO, lrp, gadE, rcsA, arcA
242 	 zraR, yqjI, nikR, aidB, galR, galS, stpA, soxR, rob, narL, evgA, ydeO, lrp, gadE, rcsA, arcA
243 	 zraR, nhaR, aidB, lldR, galS, stpA, evgA, ydeO, lrp, gadE, soxS, fnr
244 	 zraR, melR, yqjI, nhaR, nikR, aidB, galS, stpA, soxR, rob, narL, evgA, ydeO, lrp, gadE, arcA
245 	 zraR, melR, yqjI, aidB, stpA, soxR, rob, narL, evgA, ydeO, lrp, gadE, rcsA, arcA
246 	 zraR, yqjI, nhaR, nikR, aidB, galR, galS, stpA, soxR, rob, narL, evgA, ydeO, lrp, gadE, rcsA, arcA
247 	 zraR, aidB, lldR, galS, stpA, evgA, ydeO, lrp, gadE, rcsA, soxS, fnr
248 	 zraR, yqjI, nikR, aidB, galS, stpA, soxR, rob, narL, evgA, ydeO, lrp, gadE, rcsA, arcA
249 	 zraR, yqjI, aidB, stpA, soxR, rob, narL, evgA, ydeO, lrp, gadE, arcA
250 	 zraR, melR, yqjI, nhaR, nikR, aidB, galR, galS, stpA, soxR, rob, narL, evgA, ydeO, lrp, gadE, rcsA, arcA
251 	 zraR, melR, aidB, lldR, galS, stpA, evgA, ydeO, lrp, gadE, rcsA, soxS, fnr
252 	 zraR, melR, yqjI, nikR, aidB, galS, stpA, soxR, rob, narL, evgA, ydeO, lrp, gadE, rcsA, arcA
253 	 zraR, melR, yqjI, aidB, stpA, soxR, rob, narL, evgA, ydeO, lrp, gadE, arcA
254 	 zraR, yqjI, nhaR, nikR, aidB, galR, galS, stpA, soxR, rob, narL, evgA, ydeO, lrp, gadE, arcA
255 	 zraR, melR, aidB, betI, lldR, galS, stpA, evgA, ydeO, lrp, gadE, rcsA, soxS, fnr
256 	 zraR, yqjI, nikR, aidB, galS, stpA, soxR, rob, narL, evgA, ydeO, lrp, gadE, arcA
257 	 zraR, melR, yqjI, nikR, aidB, galR, galS, stpA, soxR, rob, narL, evgA, ydeO, lrp, gadE, arcA
258 	 zraR, melR, nhaR, aidB, betI, lldR, galS, stpA, evgA, ydeO, lrp, gadE, rcsA, soxS, fnr
259 	 zraR, melR, yqjI, nikR, aidB, galR, galS, stpA, soxR, rob, narL, evgA, ydeO, lrp, gadE, rcsA, arcA
260 	 zraR, melR, nhaR, aidB, lldR, galS, stpA, evgA, ydeO, lrp, gadE, soxS, fnr
261 	 zraR, yqjI, nikR, aidB, galR, galS, stpA, soxR, rob, narL, evgA, ydeO, lrp, gadE, arcA
262 	 zraR, nhaR, aidB, betI, lldR, galS, stpA, evgA, ydeO, lrp, gadE, soxS, fnr
263 	 zraR, melR, yqjI, nikR, aidB, galR, galS, stpA, soxR, rob, narL, evgA, ydeO, lrp, gadE, arcA
264 	 zraR, melR, nhaR, aidB, betI, lldR, galS, stpA, evgA, ydeO, lrp, gadE, soxS, fnr
265 	 zraR, melR, yqjI, nikR, aidB, galR, galS, stpA, soxR, rob, narL, evgA, ydeO, lrp, gadE, rcsA, arcA
266 	 zraR, melR, yqjI, nhaR, aidB, galR, galS, stpA, soxR, rob, narL, evgA, ydeO, lrp, gadE, arcA
267 	 zraR, yqjI, nikR, aidB, galR, galS, stpA, soxR, rob, narL, evgA, ydeO, lrp, gadE, arcA
268 	 zraR, yqjI, nhaR, aidB, galR, galS, stpA, soxR, rob, narL, evgA, ydeO, lrp, gadE, rcsA, arcA
269 	 zraR, aidB, lldR, galS, stpA, evgA, ydeO, lrp, gadE, soxS, fnr
270 	 zraR, melR, yqjI, nikR, aidB, stpA, soxR, rob, narL, evgA, ydeO, lrp, gadE, rcsA, arcA
271 	 zraR, yqjI, nhaR, aidB, stpA, soxR, rob, narL, evgA, ydeO, lrp, gadE, rcsA, arcA
272 	 zraR, yqjI, nikR, aidB, galS, stpA, soxR, rob, narL, evgA, ydeO, lrp, gadE, rcsA, arcA
273 	 zraR, aidB, lldR, galS, stpA, evgA, ydeO, lrp, gadE, rcsA, soxS, fnr
274 	 zraR, melR, yqjI, nhaR, aidB, galR, galS, stpA, soxR, rob, narL, evgA, ydeO, lrp, gadE, rcsA, arcA
275 	 zraR, melR, yqjI, nikR, aidB, galR, galS, stpA, soxR, rob, narL, evgA, ydeO, lrp, gadE, arcA
276 	 zraR, yqjI, nhaR, aidB, galR, galS, stpA, soxR, rob, narL, evgA, ydeO, lrp, gadE, arcA
277 	 zraR, melR, yqjI, nhaR, nikR, aidB, galR, galS, stpA, soxR, rob, narL, evgA, ydeO, lrp, gadE, arcA
278 	 zraR, melR, aidB, lldR, galS, stpA, evgA, ydeO, lrp, gadE, rcsA, soxS, fnr
279 	 zraR, melR, yqjI, nikR, aidB, galS, stpA, soxR, rob, narL, evgA, ydeO, lrp, gadE, arcA
280 	 zraR, melR, aidB, lldR, galS, stpA, evgA, ydeO, lrp, gadE, soxS, fnr
281 	 zraR, melR, yqjI, nikR, aidB, galS, stpA, soxR, rob, narL, evgA, ydeO, lrp, gadE, rcsA, arcA
282 	 zraR, aidB, betI, lldR, galS, stpA, evgA, ydeO, lrp, gadE, soxS, fnr
283 	 zraR, yqjI, nikR, aidB, galS, stpA, soxR, rob, narL, evgA, ydeO, lrp, gadE, arcA
284 	 zraR, melR, aidB, betI, lldR, galS, stpA, evgA, ydeO, lrp, gadE, soxS, fnr
285 	 zraR, melR, yqjI, nikR, aidB, galS, stpA, soxR, rob, narL, evgA, ydeO, lrp, gadE, arcA
286 	 zraR, yqjI, aidB, stpA, soxR, rob, narL, evgA, ydeO, lrp, gadE, rcsA, arcA
287 	 zraR, melR, yqjI, nikR, aidB, galR, galS, stpA, soxR, rob, narL, evgA, ydeO, lrp, gadE, rcsA, arcA
288 	 zraR, yqjI, aidB, stpA, soxR, rob, narL, evgA, ydeO, lrp, gadE, arcA
289 	 zraR, melR, yqjI, nhaR, nikR, aidB, stpA, soxR, rob, narL, evgA, ydeO, lrp, gadE, rcsA, arcA
290 	 zraR, aidB, lldR, galS, stpA, evgA, ydeO, lrp, gadE, soxS, fnr
291 	 zraR, yqjI, nhaR, aidB, stpA, soxR, rob, narL, evgA, ydeO, lrp, gadE, arcA
292 	 zraR, yqjI, nikR, aidB, galR, galS, stpA, soxR, rob, narL, evgA, ydeO, lrp, gadE, arcA
293 	 zraR, melR, yqjI, aidB, stpA, soxR, rob, narL, evgA, ydeO, lrp, gadE, rcsA, arcA
294 	 zraR, melR, aidB, lldR, galS, stpA, evgA, ydeO, lrp, gadE, soxS, fnr
295 	 zraR, aidB, lldR, galS, stpA, evgA, ydeO, lrp, gadE, rcsA, soxS, fnr
296 	 zraR, melR, yqjI, nikR, aidB, stpA, soxR, rob, narL, evgA, ydeO, lrp, gadE, arcA
297 	 zraR, melR, yqjI, aidB, galR, galS, stpA, soxR, rob, narL, evgA, ydeO, lrp, gadE, arcA
298 	 zraR, yqjI, nikR, aidB, galR, galS, stpA, soxR, rob, narL, evgA, ydeO, lrp, gadE, rcsA, arcA
299 	 zraR, yqjI, aidB, stpA, soxR, rob, narL, evgA, ydeO, lrp, gadE, arcA
300 	 zraR, melR, yqjI, nikR, aidB, galR, galS, stpA, soxR, rob, narL, evgA, ydeO, lrp, gadE, rcsA, arcA
301 	 zraR, melR, yqjI, aidB, stpA, soxR, rob, narL, evgA, ydeO, lrp, gadE, arcA
302 	 zraR, melR, aidB, lldR, galS, stpA, evgA, ydeO, lrp, gadE, rcsA, soxS, fnr
303 	 zraR, melR, yqjI, nikR, aidB, stpA, soxR, rob, narL, evgA, ydeO, lrp, gadE, arcA
304 	 zraR, yqjI, nhaR, aidB, stpA, soxR, rob, narL, evgA, ydeO, lrp, gadE, rcsA, arcA
305 	 zraR, aidB, lldR, galS, stpA, evgA, ydeO, lrp, gadE, soxS, fnr
306 	 zraR, melR, yqjI, nhaR, nikR, aidB, stpA, soxR, rob, narL, evgA, ydeO, lrp, gadE, rcsA, arcA
307 	 zraR, melR, yqjI, nhaR, aidB, stpA, soxR, rob, narL, evgA, ydeO, lrp, gadE, arcA
308 	 zraR, aidB, betI, lldR, galS, stpA, evgA, ydeO, lrp, gadE, rcsA, soxS, fnr
309 	 zraR, yqjI, nhaR, nikR, aidB, stpA, soxR, rob, narL, evgA, ydeO, lrp, gadE, arcA
310 	 zraR, melR, aidB, lldR, galS, stpA, evgA, ydeO, lrp, gadE, soxS, fnr
311 	 zraR, melR, aidB, betI, lldR, galS, stpA, evgA, ydeO, lrp, gadE, rcsA, soxS, fnr
312 	 zraR, melR, yqjI, nhaR, nikR, aidB, stpA, soxR, rob, narL, evgA, ydeO, lrp, gadE, arcA
313 	 zraR, aidB, betI, lldR, galS, stpA, evgA, ydeO, lrp, gadE, soxS, fnr
314 	 zraR, yqjI, nikR, aidB, stpA, soxR, rob, narL, evgA, ydeO, lrp, gadE, rcsA, arcA
315 	 zraR, melR, aidB, betI, lldR, galS, stpA, evgA, ydeO, lrp, gadE, soxS, fnr
316 	 zraR, melR, yqjI, aidB, stpA, soxR, rob, narL, evgA, ydeO, lrp, gadE, rcsA, arcA
317 	 zraR, yqjI, nikR, aidB, galR, galS, stpA, soxR, rob, narL, evgA, ydeO, lrp, gadE, rcsA, arcA
318 	 zraR, yqjI, aidB, stpA, soxR, rob, narL, evgA, ydeO, lrp, gadE, arcA
319 	 zraR, yqjI, nikR, aidB, stpA, soxR, rob, narL, evgA, ydeO, lrp, gadE, rcsA, arcA
320 	 zraR, melR, yqjI, aidB, stpA, soxR, rob, narL, evgA, ydeO, lrp, gadE, rcsA, arcA
321 	 zraR, melR, yqjI, aidB, galR, galS, stpA, soxR, rob, narL, evgA, ydeO, lrp, gadE, rcsA, arcA
322 	 zraR, melR, yqjI, aidB, stpA, soxR, rob, narL, evgA, ydeO, lrp, gadE, arcA
323 	 zraR, yqjI, nikR, aidB, stpA, soxR, rob, narL, evgA, ydeO, lrp, gadE, arcA
324 	 zraR, yqjI, nikR, aidB, galR, galS, stpA, soxR, rob, narL, evgA, ydeO, lrp, gadE, arcA
325 	 zraR, melR, yqjI, aidB, galR, galS, stpA, soxR, rob, narL, evgA, ydeO, lrp, gadE, arcA
326 	 zraR, melR, yqjI, aidB, stpA, soxR, rob, narL, evgA, ydeO, lrp, gadE, arcA
327 	 zraR, yqjI, aidB, galR, galS, stpA, soxR, rob, narL, evgA, ydeO, lrp, gadE, arcA
328 	 zraR, yqjI, nhaR, lldR, galS, soxR, rob, narL, soxS, arcA, fnr
329 	 zraR, melR, yqjI, nhaR, galS, soxR, rob, narL, arcA
330 	 zraR, yqjI, nhaR, lldR, flhD, galS, yjjQ, soxR, rob, narL, bglJ, leuO, soxS, arcA, fnr
331 	 zraR, yqjI, nhaR, nikR, lldR, flhD, galS, yjjQ, soxR, rob, narL, bglJ, leuO, soxS, arcA, fnr
332 	 zraR, yqjI, nhaR, lldR, flhD, galR, galS, yjjQ, soxR, rob, narL, bglJ, leuO, soxS, arcA, fnr
333 	 zraR, melR, yqjI, nhaR, nikR, lldR, flhD, galS, yjjQ, soxR, rob, narL, bglJ, leuO, soxS, arcA, fnr
334 	 zraR, yqjI, nhaR, lldR, flhD, galS, yjjQ, soxR, rob, narL, bglJ, leuO, soxS, arcA, fnr
335 	 zraR, yqjI, flhD, galS, yjjQ, soxR, rob, narL, bglJ, leuO, arcA
336 	 zraR, melR, yqjI, nhaR, lldR, flhD, galR, galS, yjjQ, soxR, rob, narL, bglJ, leuO, soxS, arcA, fnr
337 	 zraR, yqjI, nikR, lldR, flhD, galS, yjjQ, soxR, rob, narL, bglJ, leuO, soxS, arcA, fnr
338 	 zraR, melR, yqjI, nhaR, lldR, flhD, galS, yjjQ, soxR, rob, narL, bglJ, leuO, soxS, arcA, fnr
339 	 zraR, yqjI, nhaR, lldR, flhD, yjjQ, soxR, rob, narL, bglJ, leuO, soxS, arcA, fnr
340 	 zraR, melR, yqjI, nhaR, flhD, galS, yjjQ, soxR, rob, narL, bglJ, leuO, arcA
341 	 zraR, melR, yqjI, nhaR, lldR, flhD, yjjQ, soxR, rob, narL, bglJ, leuO, soxS, arcA, fnr
342 	 zraR, yqjI, nhaR, nikR, lldR, flhD, galS, yjjQ, soxR, rob, narL, bglJ, leuO, soxS, arcA, fnr
343 	 zraR, yqjI, nhaR, lldR, flhD, galS, yjjQ, soxR, rob, narL, bglJ, leuO, soxS, arcA, fnr
344 	 zraR, yqjI, nhaR, nikR, lldR, flhD, galS, yjjQ, soxR, rob, narL, bglJ, leuO, soxS, arcA, fnr
345 	 zraR, melR, yqjI, nhaR, nikR, lldR, flhD, galS, yjjQ, soxR, rob, narL, bglJ, leuO, soxS, arcA, fnr
346 	 zraR, melR, yqjI, lldR, flhD, galS, yjjQ, soxR, rob, narL, bglJ, leuO, soxS, arcA, fnr
347 	 zraR, melR, yqjI, nhaR, flhD, galS, yjjQ, soxR, rob, narL, bglJ, leuO, arcA
348 	 zraR, yqjI, lldR, flhD, galR, galS, yjjQ, soxR, rob, narL, bglJ, leuO, soxS, arcA, fnr
349 	 zraR, yqjI, nhaR, nikR, lldR, flhD, galS, yjjQ, soxR, rob, narL, bglJ, leuO, soxS, arcA, fnr
350 	 zraR, yqjI, nhaR, lldR, flhD, galS, yjjQ, soxR, rob, narL, bglJ, leuO, soxS, arcA, fnr
351 	 zraR, melR, yqjI, nikR, lldR, flhD, galS, yjjQ, soxR, rob, narL, bglJ, leuO, soxS, arcA, fnr
352 	 zraR, yqjI, nhaR, lldR, flhD, galR, galS, yjjQ, soxR, rob, narL, bglJ, leuO, soxS, arcA, fnr
353 	 zraR, yqjI, nhaR, flhD, yjjQ, soxR, rob, narL, bglJ, leuO, arcA
354 	 zraR, melR, yqjI, nhaR, lldR, flhD, galR, galS, yjjQ, soxR, rob, narL, bglJ, leuO, soxS, arcA, fnr
355 	 zraR, melR, yqjI, nhaR, nikR, lldR, flhD, galS, yjjQ, soxR, rob, narL, bglJ, leuO, soxS, arcA, fnr
356 	 zraR, yqjI, flhD, galS, yjjQ, soxR, rob, narL, bglJ, leuO, arcA
357 	 zraR, yqjI, nhaR, lldR, flhD, galR, galS, yjjQ, soxR, rob, narL, bglJ, leuO, soxS, arcA, fnr
358 	 zraR, yqjI, nhaR, flhD, galR, galS, yjjQ, soxR, rob, narL, bglJ, leuO, arcA
359 	 zraR, melR, yqjI, lldR, flhD, galS, yjjQ, soxR, rob, narL, bglJ, leuO, soxS, arcA, fnr
360 	 zraR, melR, yqjI, lldR, flhD, galR, galS, yjjQ, soxR, rob, narL, bglJ, leuO, soxS, arcA, fnr
361 	 zraR, yqjI, nikR, lldR, flhD, galS, yjjQ, soxR, rob, narL, bglJ, leuO, soxS, arcA, fnr
362 	 zraR, melR, yqjI, nhaR, nikR, lldR, flhD, galS, yjjQ, soxR, rob, narL, bglJ, leuO, soxS, arcA, fnr
363 	 zraR, melR, yqjI, nhaR, flhD, galS, yjjQ, soxR, rob, narL, bglJ, leuO, arcA
364 	 zraR, yqjI, lldR, flhD, galS, yjjQ, soxR, rob, narL, bglJ, leuO, soxS, arcA, fnr
365 	 zraR, melR, yqjI, nhaR, lldR, flhD, galR, galS, yjjQ, soxR, rob, narL, bglJ, leuO, soxS, arcA, fnr
366 	 zraR, yqjI, nhaR, flhD, yjjQ, soxR, rob, narL, bglJ, leuO, arcA
367 	 zraR, melR, yqjI, lldR, flhD, galS, yjjQ, soxR, rob, narL, bglJ, leuO, soxS, arcA, fnr
368 	 zraR, melR, yqjI, nhaR, flhD, yjjQ, soxR, rob, narL, bglJ, leuO, arcA
369 	 zraR, yqjI, lldR, flhD, yjjQ, soxR, rob, narL, bglJ, leuO, soxS, arcA, fnr
370 	 zraR, yqjI, nhaR, flhD, yjjQ, soxR, rob, narL, bglJ, leuO, arcA
371 	 zraR, melR, yqjI, lldR, flhD, yjjQ, soxR, rob, narL, bglJ, leuO, soxS, arcA, fnr
372 	 zraR, yqjI, lldR, flhD, yjjQ, soxR, rob, narL, bglJ, leuO, soxS, arcA, fnr
373 	 zraR, melR, yqjI, nikR, lldR, flhD, galS, yjjQ, soxR, rob, narL, bglJ, leuO, soxS, arcA, fnr
374 	 zraR, yqjI, lldR, flhD, galS, yjjQ, soxR, rob, narL, bglJ, leuO, soxS, arcA, fnr
375 	 zraR, melR, yqjI, nhaR, flhD, yjjQ, soxR, rob, narL, bglJ, leuO, arcA
376 	 zraR, yqjI, lldR, flhD, yjjQ, soxR, rob, narL, bglJ, leuO, soxS, arcA, fnr
377 	 zraR, yqjI, lldR, flhD, galR, galS, yjjQ, soxR, rob, narL, bglJ, leuO, soxS, arcA, fnr
378 	 zraR, yqjI, nhaR, flhD, galS, yjjQ, soxR, rob, narL, bglJ, leuO, arcA
379 	 zraR, melR, yqjI, lldR, flhD, yjjQ, soxR, rob, narL, bglJ, leuO, soxS, arcA, fnr
380 	 zraR, yqjI, nhaR, betI, lldR, flhD, galS, yjjQ, soxR, rob, narL, bglJ, leuO, soxS, arcA, fnr
381 	 zraR, yqjI, nhaR, nikR, lldR, flhD, galS, yjjQ, soxR, rob, narL, bglJ, leuO, soxS, arcA, fnr
382 	 zraR, yqjI, nikR, lldR, flhD, galS, yjjQ, soxR, rob, narL, bglJ, leuO, soxS, arcA, fnr
383 	 zraR, melR, yqjI, nhaR, lldR, flhD, yjjQ, soxR, rob, narL, bglJ, leuO, soxS, arcA, fnr
384 	 zraR, melR, yqjI, lldR, flhD, galR, galS, yjjQ, soxR, rob, narL, bglJ, leuO, soxS, arcA, fnr
385 	 zraR, melR, yqjI, nhaR, flhD, galR, galS, yjjQ, soxR, rob, narL, bglJ, leuO, arcA
386 	 zraR, melR, yqjI, nhaR, flhD, galS, yjjQ, soxR, rob, narL, bglJ, leuO, arcA
387 	 zraR, melR, yqjI, nhaR, lldR, flhD, galS, yjjQ, soxR, rob, narL, bglJ, leuO, soxS, arcA, fnr
388 	 zraR, yqjI, flhD, galS, yjjQ, soxR, rob, narL, bglJ, leuO, arcA
389 	 zraR, yqjI, lldR, flhD, galR, galS, yjjQ, soxR, rob, narL, bglJ, leuO, soxS, arcA, fnr
390 	 zraR, melR, yqjI, lldR, flhD, galS, yjjQ, soxR, rob, narL, bglJ, leuO, soxS, arcA, fnr
391 	 zraR, melR, yqjI, nikR, lldR, flhD, galS, yjjQ, soxR, rob, narL, bglJ, leuO, soxS, arcA, fnr
392 	 zraR, yqjI, nhaR, nikR, lldR, flhD, galS, yjjQ, soxR, rob, narL, bglJ, leuO, soxS, arcA, fnr
393 	 zraR, yqjI, nhaR, lldR, flhD, galS, yjjQ, soxR, rob, narL, bglJ, leuO, soxS, arcA, fnr
394 	 zraR, yqjI, nikR, lldR, flhD, galS, yjjQ, soxR, rob, narL, bglJ, leuO, soxS, arcA, fnr
395 	 zraR, melR, yqjI, lldR, flhD, yjjQ, soxR, rob, narL, bglJ, leuO, soxS, arcA, fnr
396 	 zraR, melR, yqjI, nhaR, nikR, lldR, flhD, galS, yjjQ, soxR, rob, narL, bglJ, leuO, soxS, arcA, fnr
397 	 zraR, melR, yqjI, nhaR, nikR, lldR, flhD, galS, yjjQ, soxR, rob, narL, bglJ, leuO, soxS, arcA, fnr
398 	 zraR, melR, yqjI, nikR, lldR, flhD, galS, yjjQ, soxR, rob, narL, bglJ, leuO, soxS, arcA, fnr
399 	 zraR, melR, yqjI, lldR, flhD, galR, galS, yjjQ, soxR, rob, narL, bglJ, leuO, soxS, arcA, fnr
400 	 zraR, yqjI, flhD, galS, yjjQ, soxR, rob, narL, bglJ, leuO, arcA
401 	 zraR, nhaR, nikR, betI, lldR, flhD, galS, yjjQ, bglJ, leuO, soxS, fnr
402 	 zraR, nikR, lldR, flhD, galS, yjjQ, bglJ, leuO, soxS, fnr
403 	 zraR, yqjI, nhaR, lldR, flhD, yjjQ, soxR, rob, narL, bglJ, leuO, soxS, arcA, fnr
404 	 zraR, yqjI, nhaR, flhD, yjjQ, soxR, rob, narL, bglJ, leuO, arcA
405 	 zraR, yqjI, lldR, flhD, galS, yjjQ, soxR, rob, narL, bglJ, leuO, soxS, arcA, fnr
406 	 zraR, yqjI, nhaR, flhD, galR, galS, yjjQ, soxR, rob, narL, bglJ, leuO, arcA
407 	 zraR, melR, yqjI, nhaR, lldR, flhD, yjjQ, soxR, rob, narL, bglJ, leuO, soxS, arcA, fnr
408 	 zraR, yqjI, nhaR, flhD, yjjQ, soxR, rob, narL, bglJ, leuO, arcA
409 	 zraR, melR, yqjI, nhaR, lldR, flhD, galR, galS, yjjQ, soxR, rob, narL, bglJ, leuO, soxS, arcA, fnr
410 	 zraR, yqjI, nhaR, flhD, yjjQ, soxR, rob, narL, bglJ, leuO, arcA
411 	 zraR, melR, yqjI, lldR, flhD, galS, yjjQ, soxR, rob, narL, bglJ, leuO, soxS, arcA, fnr
412 	 zraR, melR, yqjI, nhaR, flhD, yjjQ, soxR, rob, narL, bglJ, leuO, arcA
413 	 zraR, yqjI, lldR, flhD, yjjQ, soxR, rob, narL, bglJ, leuO, soxS, arcA, fnr
414 	 zraR, yqjI, nhaR, flhD, galR, galS, yjjQ, soxR, rob, narL, bglJ, leuO, arcA
415 	 zraR, melR, yqjI, lldR, flhD, yjjQ, soxR, rob, narL, bglJ, leuO, soxS, arcA, fnr
416 	 zraR, melR, yqjI, nhaR, flhD, galR, galS, yjjQ, soxR, rob, narL, bglJ, leuO, arcA
417 	 zraR, yqjI, lldR, flhD, galR, galS, yjjQ, soxR, rob, narL, bglJ, leuO, soxS, arcA, fnr
418 	 zraR, melR, yqjI, nhaR, flhD, galR, yjjQ, soxR, rob, narL, bglJ, leuO, arcA
419 	 zraR, melR, yqjI, lldR, flhD, galR, galS, yjjQ, soxR, rob, narL, bglJ, leuO, soxS, arcA, fnr
420 	 zraR, melR, yqjI, nhaR, flhD, galS, yjjQ, soxR, rob, narL, bglJ, leuO, arcA
421 	 zraR, melR, yqjI, lldR, flhD, galR, yjjQ, soxR, rob, narL, bglJ, leuO, soxS, arcA, fnr
423 	 zraR, yqjI, nhaR, flhD, galR, galS, yjjQ, soxR, rob, narL, bglJ, leuO, arcA
424 	 zraR, melR, yqjI, nhaR, flhD, galR, galS, yjjQ, soxR, rob, narL, bglJ, leuO, arcA
425 	 zraR, melR, yqjI, nhaR, flhD, yjjQ, soxR, rob, narL, bglJ, leuO, arcA
426 	 zraR, yqjI, nhaR, flhD, galR, yjjQ, soxR, rob, narL, bglJ, leuO, arcA
427 	 zraR, melR, yqjI, nhaR, flhD, galR, yjjQ, soxR, rob, narL, bglJ, leuO, arcA
428 	 zraR, yqjI, nhaR, flhD, galS, yjjQ, soxR, rob, narL, bglJ, leuO, arcA
429 	 zraR, yqjI, nhaR, flhD, yjjQ, soxR, rob, narL, bglJ, leuO, arcA
430 	 zraR, yqjI, nhaR, flhD, galR, galS, yjjQ, soxR, rob, narL, bglJ, leuO, arcA
431 	 zraR, yqjI, nhaR, flhD, galR, yjjQ, soxR, rob, narL, bglJ, leuO, arcA
432 	 zraR, melR, yqjI, nhaR, flhD, galS, yjjQ, soxR, rob, narL, bglJ, leuO, arcA
433 	 zraR, melR, yqjI, nhaR, flhD, yjjQ, soxR, rob, narL, bglJ, leuO, arcA
434 	 zraR, melR, yqjI, nhaR, flhD, galR, galS, yjjQ, soxR, rob, narL, bglJ, leuO, arcA
435 	 zraR, melR, yqjI, nhaR, flhD, galR, yjjQ, soxR, rob, narL, bglJ, leuO, arcA
436 	 zraR, yqjI, nhaR, flhD, galR, galS, yjjQ, soxR, rob, narL, bglJ, leuO, arcA
437 	 zraR, yqjI, nhaR, flhD, galS, yjjQ, soxR, rob, narL, bglJ, leuO, arcA
438 	 zraR, melR, yqjI, nhaR, flhD, galR, galS, yjjQ, soxR, rob, narL, bglJ, leuO, arcA
439 	 zraR, yqjI, nhaR, flhD, yjjQ, soxR, rob, narL, bglJ, leuO, arcA
440 	 zraR, yqjI, nhaR, flhD, galR, galS, yjjQ, soxR, rob, narL, bglJ, leuO, arcA
441 	 zraR, melR, yqjI, nhaR, flhD, galS, yjjQ, soxR, rob, narL, bglJ, leuO, arcA
442 	 zraR, melR, yqjI, nhaR, flhD, yjjQ, soxR, rob, narL, bglJ, leuO, arcA
443 	 zraR, melR, yqjI, nhaR, flhD, yjjQ, soxR, rob, narL, bglJ, leuO, arcA
444 	 zraR, melR, yqjI, nhaR, flhD, galR, galS, yjjQ, soxR, rob, narL, bglJ, leuO, arcA
445 	 zraR, yqjI, nhaR, flhD, galR, yjjQ, soxR, rob, narL, bglJ, leuO, arcA
446 	 zraR, melR, yqjI, nhaR, flhD, galR, yjjQ, soxR, rob, narL, bglJ, leuO, arcA
447 	 zraR, yqjI, nhaR, galS, soxR, rob, narL, arcA
448 	 zraR, yqjI, nhaR, soxR, rob, narL, arcA
449 	 zraR, melR, yqjI, nhaR, galS, soxR, rob, narL, arcA
450 	 zraR, yqjI, nhaR, galR, galS, soxR, rob, narL, arcA
451 	 zraR, melR, yqjI, nhaR, soxR, rob, narL, arcA
452 	 zraR, yqjI, nhaR, galR, soxR, rob, narL, arcA
453 	 zraR, melR, yqjI, nhaR, galR, galS, soxR, rob, narL, arcA
454 	 zraR, melR, yqjI, nhaR, galR, soxR, rob, narL, arcA
455 	 zraR, yqjI, nhaR, galR, galS, soxR, rob, narL, arcA
456 	 zraR, yqjI, nhaR, soxR, rob, narL, arcA
457 	 zraR, melR, yqjI, nhaR, soxR, rob, narL, arcA
458 	 zraR, yqjI, nhaR, galR, soxR, rob, narL, arcA
459 	 zraR, yqjI, nhaR, galS, soxR, rob, narL, arcA
460 	 zraR, melR, yqjI, nhaR, galR, galS, soxR, rob, narL, arcA
461 	 zraR, melR, yqjI, nhaR, galS, soxR, rob, narL, arcA
462 	 zraR, yqjI, nhaR, soxR, rob, narL, arcA
463 	 zraR, yqjI, nhaR, galR, galS, soxR, rob, narL, arcA
464 	 zraR, yqjI, nhaR, galR, soxR, rob, narL, arcA
465 	 zraR, melR, yqjI, nhaR, soxR, rob, narL, arcA
466 	 zraR, melR, yqjI, nhaR, galR, galS, soxR, rob, narL, arcA
467 	 zraR, melR, yqjI, nhaR, galR, soxR, rob, narL, arcA
468 	 zraR, melR, yqjI, nhaR, galR, soxR, rob, narL, arcA
469 	 zraR, yqjI, nhaR, galS, soxR, rob, narL, arcA
470 	 zraR, yqjI, nhaR, galS, soxR, rob, narL, arcA
471 	 zraR, yqjI, nhaR, galR, galS, soxR, rob, narL, arcA
472 	 zraR, yqjI, nhaR, soxR, rob, narL, arcA
473 	 zraR, yqjI, nhaR, galR, galS, soxR, rob, narL, arcA
474 	 zraR, yqjI, nhaR, galR, soxR, rob, narL, arcA
475 	 zraR, yqjI, nhaR, soxR, rob, narL, arcA
476 	 zraR, yqjI, nhaR, galR, soxR, rob, narL, arcA
477 	 zraR, melR, yqjI, nhaR, galS, soxR, rob, narL, arcA
478 	 zraR, melR, yqjI, nhaR, soxR, rob, narL, arcA
479 	 zraR, melR, yqjI, nhaR, galS, soxR, rob, narL, arcA
480 	 zraR, melR, yqjI, nhaR, galR, galS, soxR, rob, narL, arcA
481 	 zraR, melR, yqjI, nhaR, soxR, rob, narL, arcA
482 	 zraR, melR, yqjI, nhaR, galR, galS, soxR, rob, narL, arcA
483 	 zraR, melR, yqjI, nhaR, galR, soxR, rob, narL, arcA
484 	 zraR, melR, yqjI, nhaR, galR, soxR, rob, narL, arcA
485 	 zraR, yqjI, nhaR, galS, soxR, rob, narL, arcA
486 	 zraR, yqjI, nhaR, soxR, rob, narL, arcA
487 	 zraR, melR, yqjI, nhaR, galS, soxR, rob, narL, arcA
488 	 zraR, yqjI, nhaR, galR, galS, soxR, rob, narL, arcA
489 	 zraR, yqjI, nhaR, galR, soxR, rob, narL, arcA
490 	 zraR, melR, yqjI, nhaR, galR, galS, soxR, rob, narL, arcA
491 	 zraR, melR, yqjI, nhaR, soxR, rob, narL, arcA
492 	 zraR, melR, yqjI, nhaR, galR, soxR, rob, narL, arcA
493 	 zraR, yqjI, nhaR, galS, soxR, rob, narL, arcA
494 	 zraR, melR, yqjI, nhaR, galS, soxR, rob, narL, arcA
495 	 zraR, yqjI, nhaR, galR, galS, soxR, rob, narL, arcA
496 	 zraR, yqjI, nhaR, soxR, rob, narL, arcA
497 	 zraR, melR, yqjI, nhaR, galR, galS, soxR, rob, narL, arcA
498 	 zraR, nhaR, nikR, lldR, galS, soxS, fnr
499 	 zraR, melR, yqjI, nhaR, soxR, rob, narL, arcA
500 	 zraR, yqjI, nhaR, galS, soxR, rob, narL, arcA
501 	 zraR, melR, yqjI, nhaR, galR, soxR, rob, narL, arcA
502 	 zraR, yqjI, nhaR, soxR, rob, narL, arcA
503 	 zraR, yqjI, nhaR, galR, galS, soxR, rob, narL, arcA
504 	 zraR, melR, yqjI, nhaR, galS, soxR, rob, narL, arcA
505 	 zraR, yqjI, nhaR, galR, soxR, rob, narL, arcA
506 	 zraR, melR, yqjI, nhaR, galR, galS, soxR, rob, narL, arcA
507 	 zraR, melR, yqjI, nhaR, soxR, rob, narL, arcA
508 	 zraR, melR, yqjI, nhaR, galR, soxR, rob, narL, arcA
509 	 zraR, yqjI, nhaR, galS, soxR, rob, narL, arcA
510 	 zraR, melR, yqjI, nhaR, galS, soxR, rob, narL, arcA
511 	 zraR, yqjI, nhaR, galS, soxR, rob, narL, arcA
512 	 zraR, yqjI, nhaR, galR, galS, soxR, rob, narL, arcA
513 	 zraR, melR, yqjI, nhaR, galS, soxR, rob, narL, arcA
514 	 zraR, yqjI, nhaR, galR, galS, soxR, rob, narL, arcA
515 	 zraR, melR, yqjI, nhaR, galR, galS, soxR, rob, narL, arcA
516 	 zraR, melR, yqjI, nhaR, galR, galS, soxR, rob, narL, arcA
517 	 zraR, yqjI, nhaR, soxR, rob, narL, arcA
518 	 zraR, yqjI, nhaR, galR, soxR, rob, narL, arcA
519 	 zraR, melR, yqjI, nhaR, soxR, rob, narL, arcA
520 	 zraR, yqjI, nhaR, soxR, rob, narL, arcA
521 	 zraR, melR, yqjI, nhaR, galR, soxR, rob, narL, arcA
522 	 zraR, melR, yqjI, nhaR, soxR, rob, narL, arcA
523 	 zraR, yqjI, nhaR, galR, soxR, rob, narL, arcA
524 	 zraR, melR, yqjI, nhaR, galR, soxR, rob, narL, arcA
525 	 zraR, yqjI, flhD, galS, yjjQ, soxR, rob, narL, bglJ, leuO, arcA
526 	 zraR, yqjI, flhD, yjjQ, soxR, rob, narL, bglJ, leuO, arcA
527 	 zraR, melR, yqjI, flhD, galS, yjjQ, soxR, rob, narL, bglJ, leuO, arcA
528 	 zraR, yqjI, flhD, galR, galS, yjjQ, soxR, rob, narL, bglJ, leuO, arcA
529 	 zraR, yqjI, flhD, galR, yjjQ, soxR, rob, narL, bglJ, leuO, arcA
530 	 zraR, melR, yqjI, flhD, yjjQ, soxR, rob, narL, bglJ, leuO, arcA
531 	 zraR, melR, yqjI, flhD, galR, galS, yjjQ, soxR, rob, narL, bglJ, leuO, arcA
532 	 zraR, melR, yqjI, flhD, galR, yjjQ, soxR, rob, narL, bglJ, leuO, arcA
533 	 zraR, yqjI, galS, soxR, rob, narL, arcA
534 	 zraR, melR, yqjI, galS, soxR, rob, narL, arcA
535 	 zraR, yqjI, flhD, yjjQ, soxR, rob, narL, bglJ, leuO, arcA
536 	 zraR, yqjI, galR, galS, soxR, rob, narL, arcA
537 	 zraR, yqjI, galR, soxR, rob, narL, arcA
538 	 zraR, melR, yqjI, soxR, rob, narL, arcA
539 	 zraR, melR, yqjI, galR, galS, soxR, rob, narL, arcA
540 	 zraR, melR, yqjI, galR, soxR, rob, narL, arcA
541 	 zraR, yqjI, flhD, galR, galS, yjjQ, soxR, rob, narL, bglJ, leuO, arcA
542 	 zraR, yqjI, flhD, galR, galS, yjjQ, soxR, rob, narL, bglJ, leuO, arcA
543 	 zraR, melR, yqjI, flhD, galR, galS, yjjQ, soxR, rob, narL, bglJ, leuO, arcA
544 	 zraR, yqjI, flhD, yjjQ, soxR, rob, narL, bglJ, leuO, arcA
545 	 zraR, yqjI, flhD, galR, yjjQ, soxR, rob, narL, bglJ, leuO, arcA
546 	 zraR, melR, yqjI, flhD, yjjQ, soxR, rob, narL, bglJ, leuO, arcA
547 	 zraR, melR, yqjI, flhD, galS, yjjQ, soxR, rob, narL, bglJ, leuO, arcA
548 	 zraR, melR, yqjI, flhD, yjjQ, soxR, rob, narL, bglJ, leuO, arcA
549 	 zraR, melR, yqjI, flhD, galR, galS, yjjQ, soxR, rob, narL, bglJ, leuO, arcA
550 	 zraR, melR, yqjI, flhD, galR, yjjQ, soxR, rob, narL, bglJ, leuO, arcA
551 	 zraR, yqjI, galS, soxR, rob, narL, arcA
552 	 zraR, yqjI, galS, soxR, rob, narL, arcA
553 	 zraR, melR, yqjI, galS, soxR, rob, narL, arcA
555 	 zraR, melR, yqjI, soxR, rob, narL, arcA
556 	 zraR, yqjI, galR, galS, soxR, rob, narL, arcA
557 	 zraR, melR, yqjI, galS, soxR, rob, narL, arcA
558 	 zraR, melR, yqjI, soxR, rob, narL, arcA
559 	 zraR, yqjI, galR, galS, soxR, rob, narL, arcA
560 	 zraR, melR, yqjI, galR, galS, soxR, rob, narL, arcA
561 	 zraR, yqjI, galR, soxR, rob, narL, arcA
562 	 zraR, melR, yqjI, galR, galS, soxR, rob, narL, arcA
563 	 zraR, yqjI, galR, soxR, rob, narL, arcA
564 	 zraR, melR, yqjI, galR, soxR, rob, narL, arcA
565 	 zraR, melR, yqjI, galR, soxR, rob, narL, arcA
566 	 zraR, yqjI, galR, soxR, rob, narL, arcA
567 	 zraR, yqjI, galS, soxR, rob, narL, arcA
568 	 zraR, yqjI, galS, soxR, rob, narL, arcA
569 	 zraR, melR, yqjI, galS, soxR, rob, narL, arcA
570 	 zraR, melR, yqjI, galS, soxR, rob, narL, arcA
571 	 zraR, yqjI, galR, galS, soxR, rob, narL, arcA
572 	 zraR, melR, yqjI, galR, galS, soxR, rob, narL, arcA
573 	 zraR, yqjI, galR, galS, soxR, rob, narL, arcA
574 	 zraR, melR, yqjI, galR, galS, soxR, rob, narL, arcA
575 	 zraR, melR, yqjI, soxR, rob, narL, arcA
576 	 zraR, melR, yqjI, soxR, rob, narL, arcA
577 	 zraR, yqjI, galR, soxR, rob, narL, arcA
578 	 zraR, melR, yqjI, galR, soxR, rob, narL, arcA
579 	 zraR, melR, yqjI, galR, soxR, rob, narL, arcA
580 	 zraR, yqjI, galS, soxR, rob, narL, arcA
581 	 zraR, yqjI, galS, soxR, rob, narL, arcA
582 	 zraR, yqjI, galR, galS, soxR, rob, narL, arcA
583 	 zraR, melR, yqjI, galS, soxR, rob, narL, arcA
584 	 zraR, melR, yqjI, galS, soxR, rob, narL, arcA
585 	 zraR, yqjI, galR, galS, soxR, rob, narL, arcA
586 	 zraR, melR, yqjI, galR, galS, soxR, rob, narL, arcA
587 	 zraR, melR, yqjI, galR, galS, soxR, rob, narL, arcA
589 	 zraR, melR, yqjI, soxR, rob, narL, arcA
590 	 zraR, yqjI, galR, soxR, rob, narL, arcA
592 	 zraR, melR, yqjI, galR, soxR, rob, narL, arcA
593 	 zraR, melR, yqjI, soxR, rob, narL, arcA
594 	 zraR, yqjI, galR, soxR, rob, narL, arcA
595 	 zraR, melR, yqjI, galR, soxR, rob, narL, arcA
596 	 zraR, yqjI, flhD, galS, yjjQ, soxR, rob, narL, bglJ, leuO, arcA
597 	 zraR, melR, yqjI, flhD, galS, yjjQ, soxR, rob, narL, bglJ, leuO, arcA
598 	 zraR, yqjI, flhD, galR, galS, yjjQ, soxR, rob, narL, bglJ, leuO, arcA
599 	 zraR, melR, yqjI, flhD, galR, galS, yjjQ, soxR, rob, narL, bglJ, leuO, arcA
600 	 zraR, melR, yqjI, aidB, galR, galS, stpA, soxR, rob, narL, evgA, ydeO, lrp, gadE, arcA
601 	 zraR, yqjI, galS, soxR, rob, narL, arcA
602 	 zraR, melR, yqjI, galS, soxR, rob, narL, arcA
603 	 zraR, yqjI, galR, galS, soxR, rob, narL, arcA
604 	 zraR, melR, yqjI, galR, galS, soxR, rob, narL, arcA
605 	 zraR, yqjI, flhD, galR, galS, yjjQ, soxR, rob, narL, bglJ, leuO, arcA
606 	 zraR, melR, yqjI, flhD, galS, yjjQ, soxR, rob, narL, bglJ, leuO, arcA
607 	 zraR, yqjI, flhD, galS, yjjQ, soxR, rob, narL, bglJ, leuO, arcA
608 	 zraR, melR, yqjI, flhD, galR, galS, yjjQ, soxR, rob, narL, bglJ, leuO, arcA
609 	 zraR, yqjI, flhD, galR, galS, yjjQ, soxR, rob, narL, bglJ, leuO, arcA
610 	 zraR, melR, yqjI, flhD, galS, yjjQ, soxR, rob, narL, bglJ, leuO, arcA
611 	 zraR, melR, yqjI, flhD, galR, galS, yjjQ, soxR, rob, narL, bglJ, leuO, arcA
612 	 zraR, yqjI, galS, soxR, rob, narL, arcA
613 	 zraR, yqjI, galS, soxR, rob, narL, arcA
614 	 zraR, melR, yqjI, galS, soxR, rob, narL, arcA
615 	 zraR, yqjI, galR, galS, soxR, rob, narL, arcA
616 	 zraR, melR, yqjI, galS, soxR, rob, narL, arcA
617 	 zraR, yqjI, galR, galS, soxR, rob, narL, arcA
618 	 zraR, melR, yqjI, galR, galS, soxR, rob, narL, arcA
619 	 zraR, melR, yqjI, galR, galS, soxR, rob, narL, arcA
620 	 zraR, yqjI, flhD, yjjQ, soxR, rob, narL, bglJ, leuO, arcA
621 	 zraR, melR, yqjI, flhD, yjjQ, soxR, rob, narL, bglJ, leuO, arcA
622 	 zraR, yqjI, flhD, galR, yjjQ, soxR, rob, narL, bglJ, leuO, arcA
623 	 zraR, melR, yqjI, flhD, galR, yjjQ, soxR, rob, narL, bglJ, leuO, arcA
624 	 zraR, yqjI, galR, soxR, rob, narL, arcA
625 	 zraR, melR, yqjI, soxR, rob, narL, arcA
626 	 zraR, melR, yqjI, galR, soxR, rob, narL, arcA
627 	 zraR, yqjI, flhD, yjjQ, soxR, rob, narL, bglJ, leuO, arcA
628 	 zraR, yqjI, flhD, galR, yjjQ, soxR, rob, narL, bglJ, leuO, arcA
629 	 zraR, melR, yqjI, flhD, yjjQ, soxR, rob, narL, bglJ, leuO, arcA
630 	 zraR, yqjI, flhD, yjjQ, soxR, rob, narL, bglJ, leuO, arcA
631 	 zraR, yqjI, flhD, galR, yjjQ, soxR, rob, narL, bglJ, leuO, arcA
632 	 zraR, melR, yqjI, flhD, galR, yjjQ, soxR, rob, narL, bglJ, leuO, arcA
633 	 zraR, melR, yqjI, flhD, yjjQ, soxR, rob, narL, bglJ, leuO, arcA
634 	 zraR, melR, yqjI, flhD, galR, yjjQ, soxR, rob, narL, bglJ, leuO, arcA
635 	 zraR, melR, yqjI, soxR, rob, narL, arcA
636 	 zraR, yqjI, galR, soxR, rob, narL, arcA
637 	 zraR, melR, yqjI, galR, soxR, rob, narL, arcA
638 	 zraR, yqjI, galR, soxR, rob, narL, arcA
639 	 zraR, melR, yqjI, soxR, rob, narL, arcA
640 	 zraR, melR, yqjI, galR, soxR, rob, narL, arcA
