1 	 zraR, tdcA, galR, galS, csgD, narL, arcA
7 	 zraR, tdcA, csgD
8 	 zraR, tdcA, csgD
9 	 zraR, tdcA, csgD
10 	 zraR, tdcA, csgD
11 	 zraR, tdcA, csgD
12 	 zraR, tdcA
14 	 zraR, tdcA, csgD
15 	 zraR, tdcA, csgD
16 	 zraR, csgD
17 	 zraR, tdcA, dpiA, csgD
18 	 zraR, tdcA, dpiA, csgD
19 	 zraR, csgD
20 	 zraR, tdcA, dpiA, csgD
21 	 zraR, tdcA, csgD
22 	 zraR, tdcA, dpiA, csgD
23 	 zraR, tdcA, dpiA
24 	 zraR, tdcA, csgD
25 	 zraR, tdcA, dpiA, csgD
26 	 zraR, tdcA, csgD
27 	 zraR, tdcA, dpiA, csgD
28 	 zraR, tdcA, csgD
29 	 zraR, tdcA, csgD
30 	 zraR, tdcA, csgD
31 	 zraR, tdcA, csgD
32 	 zraR, csgD
33 	 zraR, tdcA, csgD
34 	 zraR, tdcA, csgD
35 	 zraR, tdcA, csgD
36 	 zraR, tdcA
37 	 zraR, tdcA, dpiA, csgD
38 	 zraR, tdcA
39 	 zraR, tdcA, dpiA, csgD
40 	 zraR, tdcA
41 	 zraR, tdcA, csgD
42 	 zraR, tdcA
43 	 zraR, tdcA, dpiA, csgD
44 	 zraR, tdcA
45 	 zraR, tdcA, dpiA, csgD
46 	 zraR, tdcA
47 	 zraR, tdcA, dpiA, csgD
48 	 zraR, tdcA
49 	 zraR, tdcA, dpiA, csgD
50 	 zraR, tdcA
51 	 zraR, tdcA, dpiA, csgD
52 	 zraR, csgD
53 	 zraR, tdcA, dpiA, csgD
54 	 zraR, csgD
55 	 zraR, tdcA, csgD
56 	 zraR, csgD
57 	 zraR, tdcA, csgD
58 	 zraR, csgD
59 	 zraR, tdcA, csgD
60 	 zraR, csgD
61 	 zraR, tdcA, csgD
62 	 zraR, csgD
63 	 zraR, tdcA, csgD
65 	 zraR, tdcA, csgD
67 	 zraR, tdcA, csgD
69 	 zraR, tdcA, dpiA, csgD
71 	 zraR, tdcA, dpiA, csgD
73 	 zraR, tdcA, csgD
74 	 zraR, tdcA, dpiA
75 	 zraR, tdcA, csgD
76 	 zraR, tdcA, csgD
77 	 zraR, tdcA, csgD
78 	 zraR, tdcA, csgD
79 	 zraR, tdcA, dpiA, csgD
81 	 zraR, tdcA, dpiA, csgD
83 	 zraR, tdcA, dpiA, csgD
84 	 zraR, tdcA, dpiA
85 	 zraR, tdcA, dpiA, csgD
86 	 zraR, tdcA, dpiA
87 	 zraR, tdcA, dpiA, csgD
88 	 zraR, dpiA, csgD
89 	 zraR, tdcA, dpiA, csgD
90 	 zraR, dpiA, csgD
91 	 zraR, tdcA, dpiA, csgD
92 	 zraR, dpiA, csgD
93 	 zraR, tdcA, csgD
94 	 zraR, dpiA, csgD
95 	 zraR, tdcA, csgD
97 	 zraR, tdcA, csgD
99 	 zraR, tdcA, csgD
101 	 zraR, tdcA, csgD
103 	 zraR, tdcA, csgD
105 	 zraR, tdcA, csgD
107 	 zraR, tdcA, csgD
109 	 zraR, tdcA, dpiA, csgD
110 	 zraR, tdcA, csgD
111 	 zraR, tdcA, dpiA, csgD
112 	 zraR, csgD
113 	 zraR, tdcA, dpiA, csgD
114 	 zraR, tdcA, csgD
115 	 zraR, tdcA, csgD
116 	 zraR, tdcA, csgD
117 	 zraR, tdcA, csgD
118 	 zraR, tdcA, csgD
119 	 zraR, tdcA, csgD
120 	 zraR, tdcA, csgD
121 	 zraR, tdcA, csgD
122 	 zraR, tdcA, dpiA, csgD
123 	 zraR, tdcA, csgD
124 	 zraR, tdcA, csgD
125 	 zraR, tdcA
126 	 zraR, tdcA, csgD
127 	 zraR, tdcA
128 	 zraR, tdcA, dpiA
129 	 zraR, csgD
130 	 zraR, tdcA, csgD
131 	 zraR, csgD
132 	 zraR, tdcA, dpiA
133 	 zraR, tdcA, csgD
134 	 zraR, dpiA, csgD
135 	 zraR, tdcA, csgD
136 	 zraR, tdcA
137 	 zraR, tdcA, csgD
138 	 zraR, tdcA
139 	 zraR, tdcA, csgD
140 	 zraR, tdcA
141 	 zraR, tdcA, csgD
142 	 zraR, tdcA
143 	 zraR, tdcA, csgD
144 	 zraR, tdcA, dpiA
145 	 zraR, tdcA, csgD
146 	 zraR, tdcA, dpiA
147 	 zraR, tdcA, csgD
148 	 zraR, tdcA, dpiA
149 	 zraR, tdcA, csgD
150 	 zraR, tdcA, dpiA
151 	 zraR, tdcA, csgD
152 	 zraR, tdcA, dpiA
153 	 zraR, tdcA, csgD
154 	 zraR, tdcA, dpiA
155 	 zraR, tdcA, csgD
156 	 zraR, tdcA, dpiA
157 	 zraR, tdcA, csgD
158 	 zraR, tdcA
159 	 zraR, tdcA, csgD
160 	 zraR, tdcA, dpiA
161 	 zraR, tdcA, csgD
162 	 zraR, tdcA, dpiA
163 	 zraR, tdcA, csgD
164 	 zraR, tdcA, dpiA
165 	 zraR, tdcA, csgD
166 	 zraR, tdcA
167 	 zraR, tdcA, csgD
168 	 zraR, tdcA
169 	 zraR, tdcA, csgD
170 	 zraR, tdcA
171 	 zraR, tdcA, csgD
172 	 zraR, tdcA
173 	 zraR, tdcA, dpiA, csgD
174 	 zraR, tdcA
175 	 zraR, tdcA, dpiA, csgD
176 	 zraR, tdcA
177 	 zraR, tdcA, dpiA, csgD
178 	 zraR, tdcA
179 	 zraR, tdcA, dpiA, csgD
180 	 zraR, tdcA
181 	 zraR, tdcA, dpiA, csgD
182 	 zraR, tdcA
183 	 zraR, tdcA, dpiA, csgD
184 	 zraR, tdcA
185 	 zraR, tdcA, dpiA, csgD
186 	 zraR, tdcA
187 	 zraR, tdcA, csgD
188 	 zraR, tdcA, csgD
189 	 zraR, tdcA, dpiA, csgD
190 	 zraR, tdcA, csgD
191 	 zraR, tdcA, dpiA, csgD
192 	 zraR, tdcA, csgD
193 	 zraR, tdcA, dpiA
194 	 zraR, tdcA, csgD
195 	 zraR, tdcA
196 	 zraR, tdcA, dpiA, csgD
197 	 zraR, tdcA, dpiA
198 	 zraR, tdcA, csgD
199 	 zraR, tdcA
200 	 zraR, tdcA, dpiA, csgD
201 	 zraR, tdcA, dpiA
202 	 zraR, tdcA, csgD
203 	 zraR, tdcA
204 	 zraR, tdcA, dpiA, csgD
205 	 zraR, tdcA, dpiA
206 	 zraR, tdcA, csgD
207 	 zraR, tdcA, galR, galS, narL, arcA
208 	 zraR, tdcA, dpiA, csgD
209 	 zraR, tdcA, dpiA
210 	 zraR, tdcA, csgD
211 	 zraR, tdcA, galR, galS, csgD, narL, arcA
212 	 zraR, tdcA, galR, galS, narL, arcA
213 	 zraR, tdcA, dpiA, csgD
214 	 zraR, tdcA, dpiA
215 	 zraR, tdcA, csgD
216 	 zraR, tdcA
217 	 zraR, tdcA, dpiA, csgD
218 	 zraR, tdcA, dpiA
219 	 zraR, tdcA, csgD
220 	 zraR, tdcA
221 	 zraR, tdcA, dpiA, csgD
222 	 zraR, tdcA
223 	 zraR, tdcA, dpiA, csgD
224 	 zraR, tdcA, dpiA
225 	 zraR, tdcA
226 	 zraR, tdcA
227 	 zraR, tdcA, dpiA
228 	 zraR, tdcA, dpiA
229 	 zraR, tdcA
230 	 zraR, tdcA
231 	 zraR, tdcA, dpiA
232 	 zraR, tdcA, dpiA
233 	 zraR, tdcA
234 	 zraR, tdcA
235 	 zraR, tdcA, dpiA
236 	 zraR, tdcA, dpiA
237 	 zraR, tdcA
238 	 zraR, tdcA, dpiA
239 	 zraR, tdcA
240 	 zraR, tdcA, dpiA
241 	 zraR, tdcA
242 	 zraR, tdcA
243 	 zraR, tdcA, dpiA
244 	 zraR, tdcA
245 	 zraR, tdcA, dpiA
246 	 zraR, tdcA, dpiA
247 	 zraR, tdcA
248 	 zraR, tdcA, dpiA
249 	 zraR, tdcA
250 	 zraR, tdcA
251 	 zraR, tdcA, dpiA
252 	 zraR, tdcA
253 	 zraR, tdcA, dpiA
254 	 zraR, tdcA, dpiA
255 	 zraR, tdcA
256 	 zraR, tdcA, csgD
257 	 zraR, tdcA, csgD
258 	 zraR, tdcA, csgD
259 	 zraR, tdcA, dpiA, csgD
260 	 zraR, tdcA, csgD
261 	 zraR, tdcA, dpiA, csgD
262 	 zraR, tdcA, csgD
263 	 zraR, tdcA, dpiA, csgD
264 	 zraR, tdcA, csgD
265 	 zraR, tdcA, dpiA, csgD
266 	 zraR, tdcA, csgD
267 	 zraR, tdcA, dpiA, csgD
268 	 zraR, tdcA, csgD
269 	 zraR, tdcA, dpiA, csgD
270 	 zraR, tdcA, csgD
271 	 zraR, tdcA, dpiA, csgD
272 	 zraR, tdcA, csgD
273 	 zraR, tdcA, csgD
274 	 zraR, tdcA, csgD
275 	 zraR, tdcA, csgD
276 	 zraR, tdcA, csgD
277 	 zraR, tdcA, csgD
278 	 zraR, tdcA, csgD
279 	 zraR, tdcA, csgD
280 	 zraR, tdcA, csgD
281 	 zraR, tdcA, dpiA
282 	 zraR, tdcA, csgD
283 	 zraR, tdcA, dpiA
284 	 zraR, tdcA, csgD
285 	 zraR, tdcA, dpiA
286 	 zraR, tdcA, csgD
287 	 zraR, tdcA, dpiA
288 	 zraR, tdcA, csgD
289 	 zraR, tdcA, dpiA
290 	 zraR, tdcA, galR, galS, csgD, narL, arcA
291 	 zraR, tdcA, dpiA
292 	 zraR, tdcA, galR, galS, csgD, narL, arcA
293 	 zraR, tdcA, dpiA
294 	 zraR, tdcA, galR, galS, csgD, narL, arcA
295 	 zraR, tdcA
296 	 zraR, tdcA, galR, galS, csgD, narL, arcA
297 	 zraR, tdcA
298 	 zraR, tdcA, galR, galS, csgD, narL, arcA
299 	 zraR, tdcA, dpiA
300 	 zraR, tdcA, galR, galS, csgD, narL, arcA
301 	 zraR, tdcA, dpiA
302 	 zraR, tdcA, galR, galS, csgD, narL, arcA
303 	 zraR, tdcA, dpiA
304 	 zraR, tdcA, csgD
305 	 zraR, tdcA
306 	 zraR, tdcA, csgD
307 	 zraR, tdcA
308 	 zraR, tdcA, csgD
309 	 zraR, tdcA
310 	 zraR, tdcA, csgD
311 	 zraR, tdcA
312 	 zraR, tdcA, csgD
313 	 zraR, tdcA
314 	 zraR, tdcA, csgD
315 	 zraR, tdcA
316 	 zraR, tdcA, csgD
317 	 zraR, tdcA
318 	 zraR, tdcA
319 	 zraR, tdcA
320 	 zraR, tdcA
321 	 zraR, tdcA, galR, galS, narL, arcA
322 	 zraR, tdcA
323 	 zraR, tdcA
324 	 zraR, tdcA
325 	 zraR, tdcA
326 	 zraR, tdcA
327 	 zraR, tdcA
328 	 zraR, tdcA
329 	 zraR, tdcA
330 	 zraR, tdcA
331 	 zraR, tdcA
332 	 zraR, tdcA
333 	 zraR, tdcA
334 	 zraR, tdcA
335 	 zraR, tdcA, galR, galS, narL, arcA
336 	 zraR, tdcA, galR, galS, narL, arcA
337 	 zraR, tdcA, galR, galS, narL, arcA
338 	 zraR, tdcA, galR, galS, narL, arcA
339 	 zraR, tdcA, galR, galS, narL, arcA
340 	 zraR, tdcA, galR, galS, narL, arcA
341 	 zraR, tdcA, galR, galS, narL, arcA
342 	 zraR, tdcA, csgD
343 	 zraR, tdcA, csgD
344 	 zraR, tdcA
345 	 zraR, tdcA
346 	 zraR, tdcA, csgD
347 	 zraR, tdcA, csgD
348 	 zraR, tdcA, csgD
349 	 zraR, tdcA, csgD
350 	 zraR, tdcA, csgD
351 	 zraR, tdcA, csgD
352 	 zraR, tdcA, csgD
353 	 zraR, tdcA, csgD
354 	 zraR, tdcA, csgD
355 	 zraR, tdcA, csgD
356 	 zraR, tdcA, csgD
357 	 zraR, tdcA, csgD
358 	 zraR, tdcA, csgD
359 	 zraR, tdcA, csgD
360 	 zraR, tdcA, csgD
361 	 zraR, tdcA, csgD
362 	 zraR, tdcA
363 	 zraR, tdcA
364 	 zraR, tdcA
365 	 zraR, tdcA
366 	 zraR, tdcA
367 	 zraR, tdcA
368 	 zraR, tdcA
369 	 zraR, tdcA
370 	 zraR, tdcA
371 	 zraR, tdcA
372 	 zraR, tdcA
373 	 zraR, tdcA
374 	 zraR, tdcA
375 	 zraR, tdcA, csgD
377 	 zraR, tdcA
378 	 zraR, tdcA
379 	 zraR, tdcA
380 	 zraR, tdcA, csgD
381 	 zraR, tdcA
382 	 zraR, tdcA
383 	 zraR, tdcA
384 	 zraR, tdcA
385 	 zraR, tdcA, csgD
386 	 zraR, tdcA, csgD
387 	 zraR, tdcA, csgD
388 	 zraR, tdcA, csgD
389 	 zraR, tdcA, csgD
390 	 zraR, tdcA, csgD
391 	 zraR, tdcA, csgD
392 	 zraR, tdcA, csgD
393 	 zraR, tdcA, csgD
394 	 zraR, tdcA, csgD
395 	 zraR, tdcA, csgD
396 	 zraR, tdcA, csgD
397 	 zraR, tdcA, csgD
398 	 zraR, tdcA, csgD
399 	 zraR, tdcA, csgD
400 	 zraR, tdcA, csgD
401 	 zraR, tdcA
402 	 zraR, tdcA
403 	 zraR, tdcA
404 	 zraR, tdcA
405 	 zraR, tdcA
406 	 zraR, tdcA
407 	 zraR, tdcA
408 	 zraR, tdcA
409 	 zraR, tdcA
410 	 zraR, tdcA
411 	 zraR, tdcA
412 	 zraR, tdcA
413 	 zraR, tdcA
414 	 zraR, tdcA
415 	 zraR, tdcA
416 	 zraR, tdcA
417 	 zraR, tdcA, csgD
418 	 zraR, tdcA, csgD
419 	 zraR, tdcA, csgD
420 	 zraR, tdcA, csgD
421 	 zraR, tdcA
422 	 zraR, tdcA
423 	 zraR, tdcA
424 	 zraR, tdcA
425 	 zraR, tdcA, galR, galS, csgD, narL, arcA
426 	 zraR, tdcA, galR, galS, csgD, narL, arcA
427 	 zraR, tdcA
428 	 zraR, tdcA, galR, galS, narL, arcA
429 	 zraR, tdcA
430 	 zraR, tdcA, galR, galS, narL, arcA
431 	 zraR, tdcA
432 	 zraR, tdcA, galR, galS, narL, arcA
433 	 zraR, tdcA
434 	 zraR, tdcA, galR, galS, narL, arcA
435 	 zraR, tdcA
436 	 zraR, tdcA
437 	 zraR, tdcA
438 	 zraR, tdcA
439 	 zraR, tdcA
440 	 zraR, tdcA
441 	 zraR, tdcA
442 	 zraR, tdcA
443 	 zraR, tdcA
444 	 zraR, tdcA
445 	 zraR, tdcA
446 	 zraR, tdcA
447 	 zraR, tdcA, csgD
448 	 zraR, tdcA, csgD
449 	 zraR, tdcA, csgD
450 	 zraR, tdcA, csgD
451 	 zraR, tdcA, csgD
452 	 zraR, tdcA, csgD
453 	 zraR, tdcA, csgD
454 	 zraR, tdcA, csgD
455 	 zraR, tdcA, csgD
456 	 zraR, tdcA, csgD
457 	 zraR, tdcA, csgD
458 	 zraR, tdcA, csgD
459 	 zraR, tdcA, csgD
460 	 zraR, tdcA, csgD
461 	 zraR, tdcA, csgD
462 	 zraR, tdcA, csgD
463 	 zraR, tdcA
464 	 zraR, tdcA
465 	 zraR, tdcA
466 	 zraR, tdcA
467 	 zraR, tdcA
468 	 zraR, tdcA
469 	 zraR, tdcA
470 	 zraR, tdcA
471 	 zraR, tdcA
472 	 zraR, tdcA
473 	 zraR, tdcA
474 	 zraR, tdcA
475 	 zraR, tdcA
476 	 zraR, tdcA
477 	 zraR, tdcA
478 	 zraR, tdcA
479 	 zraR, tdcA, galR, galS, narL, arcA
480 	 zraR, tdcA, galR, galS, narL, arcA
481 	 zraR, tdcA, galR, galS, narL, arcA
482 	 zraR, tdcA, galR, galS, narL, arcA
483 	 zraR, tdcA, galR, galS, narL, arcA
484 	 zraR, tdcA, galR, galS, narL, arcA
485 	 zraR, tdcA, galR, galS, narL, arcA
486 	 zraR, tdcA, galR, galS, narL, arcA
487 	 zraR, tdcA, galR, galS, narL, arcA
488 	 zraR, tdcA, galR, galS, narL, arcA
489 	 zraR, tdcA, galR, galS, narL, arcA
490 	 zraR, tdcA, galR, galS, narL, arcA
491 	 zraR, tdcA, galR, galS, narL, arcA
492 	 zraR, tdcA, galR, galS, narL, arcA
493 	 zraR, tdcA, galR, galS, narL, arcA
494 	 zraR, tdcA, galR, galS, csgD, narL, arcA
495 	 zraR, tdcA, galR, galS, csgD, narL, arcA
496 	 zraR, tdcA, galR, galS, csgD, narL, arcA
497 	 zraR, tdcA, galR, galS, csgD, narL, arcA
498 	 zraR, tdcA, galR, galS, csgD, narL, arcA
499 	 zraR, tdcA, galR, galS, csgD, narL, arcA
500 	 zraR, tdcA, galR, galS, csgD, narL, arcA
501 	 zraR, tdcA, galR, galS, csgD, narL, arcA
502 	 zraR, tdcA, galR, galS, csgD, narL, arcA
503 	 zraR, tdcA, galR, galS, csgD, narL, arcA
504 	 zraR, tdcA, galR, galS, csgD, narL, arcA
505 	 zraR, tdcA, galR, galS, csgD, narL, arcA
506 	 zraR, tdcA, galR, galS, csgD, narL, arcA
507 	 zraR, tdcA, galR, galS, csgD, narL, arcA
508 	 zraR, tdcA, galR, galS, csgD, narL, arcA
509 	 zraR, tdcA, galR, galS, csgD, narL, arcA
510 	 zraR, tdcA, galR, galS, narL, arcA
511 	 zraR, tdcA, galR, galS, narL, arcA
512 	 zraR, tdcA, galR, galS, narL, arcA
513 	 zraR, tdcA, galR, galS, narL, arcA
514 	 zraR, tdcA, galR, galS, narL, arcA
515 	 zraR, tdcA, galR, galS, narL, arcA
516 	 zraR, tdcA, galR, galS, narL, arcA
517 	 zraR, tdcA, galR, galS, narL, arcA
518 	 zraR, tdcA, galR, galS, narL, arcA
519 	 zraR, tdcA, galR, galS, narL, arcA
520 	 zraR, tdcA, galR, galS, narL, arcA
521 	 zraR, tdcA, galR, galS, narL, arcA
522 	 zraR, tdcA, galR, galS, narL, arcA
523 	 zraR, tdcA, galR, galS, narL, arcA
524 	 zraR, tdcA, galR, galS, narL, arcA
525 	 zraR, tdcA, galR, galS, narL, arcA
526 	 zraR, tdcA, csgD
527 	 zraR, tdcA, csgD
528 	 zraR, tdcA, csgD
529 	 zraR, tdcA, csgD
530 	 zraR, tdcA
531 	 zraR, tdcA
532 	 zraR, tdcA
533 	 zraR, tdcA
534 	 zraR, tdcA, csgD
535 	 zraR, tdcA, csgD
536 	 zraR, tdcA, csgD
537 	 zraR, tdcA, csgD
538 	 zraR, tdcA
539 	 zraR, tdcA
540 	 zraR, tdcA
541 	 zraR, tdcA
542 	 zraR, tdcA, csgD
543 	 zraR, tdcA, csgD
544 	 zraR, tdcA, csgD
545 	 zraR, tdcA, csgD
546 	 zraR, tdcA, csgD
547 	 zraR, tdcA, csgD
548 	 zraR, tdcA, csgD
549 	 zraR, tdcA, csgD
550 	 zraR, tdcA, csgD
551 	 zraR, tdcA, csgD
552 	 zraR, tdcA, csgD
553 	 zraR, tdcA, csgD
554 	 zraR, tdcA, csgD
555 	 zraR, tdcA, csgD
556 	 zraR, tdcA, csgD
557 	 zraR, tdcA, csgD
558 	 zraR, tdcA
559 	 zraR, tdcA
560 	 zraR, tdcA
561 	 zraR, tdcA
562 	 zraR, tdcA
563 	 zraR, tdcA
564 	 zraR, tdcA
565 	 zraR, tdcA
566 	 zraR, tdcA
567 	 zraR, tdcA
568 	 zraR, tdcA
569 	 zraR, tdcA
570 	 zraR, tdcA
571 	 zraR, tdcA
572 	 zraR, tdcA
573 	 zraR, tdcA
574 	 zraR, tdcA, csgD
575 	 zraR, tdcA, csgD
576 	 zraR, tdcA, csgD
577 	 zraR, tdcA, csgD
578 	 zraR, tdcA, csgD
579 	 zraR, tdcA, csgD
580 	 zraR, tdcA, csgD
581 	 zraR, tdcA, csgD
582 	 zraR, tdcA
583 	 zraR, tdcA
584 	 zraR, tdcA, csgD
585 	 zraR, tdcA
586 	 zraR, tdcA
587 	 zraR, tdcA, csgD
588 	 zraR, tdcA, csgD
589 	 zraR, tdcA
590 	 zraR, tdcA, csgD
591 	 zraR, tdcA, csgD
592 	 zraR, tdcA, csgD
593 	 zraR, tdcA, csgD
594 	 zraR, tdcA
595 	 zraR, tdcA
596 	 zraR, tdcA, csgD
597 	 zraR, tdcA
598 	 zraR, tdcA
599 	 zraR, tdcA, csgD
600 	 zraR, tdcA
601 	 zraR, tdcA
602 	 zraR, tdcA, csgD
603 	 zraR, tdcA, csgD
604 	 zraR, tdcA, csgD
605 	 zraR, tdcA
606 	 zraR, tdcA, csgD
607 	 zraR, tdcA
608 	 zraR, tdcA, csgD
609 	 zraR, tdcA
610 	 zraR, tdcA, csgD
611 	 zraR, tdcA
612 	 zraR, tdcA
613 	 zraR, tdcA
614 	 zraR, tdcA, csgD
615 	 zraR, tdcA, csgD
616 	 zraR, tdcA
617 	 zraR, tdcA
618 	 zraR, tdcA, csgD
619 	 zraR, tdcA
620 	 zraR, tdcA, csgD
621 	 zraR, tdcA
622 	 zraR, tdcA, csgD
623 	 zraR, tdcA, csgD
624 	 zraR, tdcA
625 	 zraR, tdcA
626 	 zraR, tdcA
628 	 zraR, csgD
640 	 zraR, csgD
642 	 zraR, csgD
760 	 zraR, csgD
775 	 zraR, tdcA, csgD
776 	 zraR, tdcA
777 	 zraR, tdcA
778 	 zraR, tdcA, csgD
779 	 zraR, tdcA, csgD
780 	 zraR, tdcA, csgD
781 	 zraR, tdcA, csgD
782 	 zraR, tdcA, csgD
783 	 zraR, tdcA
784 	 zraR, tdcA, csgD
785 	 zraR, tdcA
786 	 zraR, tdcA, csgD
787 	 zraR, tdcA
788 	 zraR, tdcA, csgD
789 	 zraR, tdcA
790 	 zraR, tdcA
791 	 zraR, tdcA
792 	 zraR, tdcA, csgD
793 	 zraR, tdcA
794 	 zraR, tdcA
795 	 zraR, tdcA
796 	 zraR, tdcA
797 	 zraR, tdcA
798 	 zraR, tdcA
799 	 zraR, tdcA
800 	 zraR, tdcA, csgD
801 	 zraR, tdcA, csgD
802 	 zraR, tdcA, csgD
803 	 zraR, tdcA
804 	 zraR, tdcA, csgD
805 	 zraR, tdcA
806 	 zraR, tdcA, csgD
807 	 zraR, tdcA
808 	 zraR, tdcA
809 	 zraR, tdcA, csgD
810 	 zraR, tdcA, csgD
811 	 zraR, tdcA
812 	 zraR, tdcA, csgD
813 	 zraR, tdcA
814 	 zraR, tdcA, csgD
815 	 zraR, tdcA
816 	 zraR, tdcA, csgD
817 	 zraR, tdcA
818 	 zraR, tdcA, csgD
819 	 zraR, tdcA
820 	 zraR, tdcA, csgD
821 	 zraR, tdcA
822 	 zraR, tdcA
823 	 zraR, tdcA
824 	 zraR, tdcA
825 	 zraR, tdcA
826 	 zraR, tdcA
827 	 zraR, csgD
828 	 zraR, dpiA
829 	 zraR, csgD
830 	 zraR, dpiA, csgD
832 	 zraR, dpiA, csgD
833 	 zraR, csgD
834 	 zraR, dpiA
836 	 zraR, dpiA
837 	 zraR, csgD
838 	 zraR, dpiA
843 	 zraR, csgD
845 	 zraR, csgD
847 	 zraR, csgD
855 	 zraR, csgD
859 	 zraR, csgD
860 	 zraR, dpiA, csgD
861 	 zraR, csgD
862 	 zraR, dpiA
863 	 zraR, csgD
864 	 zraR, dpiA
865 	 zraR, csgD
866 	 zraR, dpiA
867 	 zraR, csgD
868 	 zraR, dpiA, csgD
869 	 zraR, csgD
870 	 zraR, dpiA
871 	 zraR, csgD
873 	 zraR, csgD
875 	 zraR, csgD
877 	 zraR, csgD
879 	 zraR, csgD
881 	 zraR, csgD
883 	 zraR, csgD
890 	 zraR, csgD
896 	 zraR, csgD
902 	 zraR, csgD
908 	 zraR, csgD
914 	 zraR, csgD
916 	 zraR, csgD
917 	 zraR, csgD
918 	 zraR, csgD
920 	 zraR, csgD
921 	 zraR, csgD
922 	 zraR, csgD
923 	 zraR, csgD
924 	 zraR, csgD
927 	 zraR, csgD
929 	 zraR, csgD
930 	 zraR, csgD
931 	 zraR, csgD
932 	 zraR, csgD
935 	 zraR, csgD
937 	 zraR, csgD
938 	 zraR, csgD
939 	 zraR, csgD
941 	 zraR, csgD
942 	 zraR, csgD
943 	 zraR, csgD
944 	 zraR, csgD
948 	 zraR, csgD
952 	 zraR, csgD
954 	 zraR, csgD
956 	 zraR, csgD
958 	 zraR, csgD
963 	 zraR, csgD
970 	 zraR, csgD
971 	 zraR, csgD
972 	 zraR, csgD
977 	 zraR, csgD
981 	 zraR, csgD
983 	 zraR, csgD
984 	 zraR, csgD
986 	 zraR, csgD
988 	 zraR, csgD
989 	 zraR, csgD
990 	 zraR, csgD
992 	 zraR, csgD
993 	 zraR, csgD
994 	 zraR, csgD
995 	 zraR, csgD
996 	 zraR, csgD
997 	 zraR, csgD
999 	 zraR, csgD
1001 	 zraR, csgD
1003 	 zraR, csgD
1004 	 zraR, csgD
1006 	 zraR, csgD
1007 	 zraR, csgD
1008 	 zraR, csgD
1009 	 zraR, csgD
1010 	 zraR, csgD
1011 	 zraR, dpiA, csgD
1013 	 zraR, csgD
1014 	 zraR, csgD
1015 	 zraR, dpiA, csgD
1016 	 zraR, dpiA, csgD
1017 	 zraR, dpiA, csgD
1018 	 zraR, csgD
1019 	 zraR, dpiA
1020 	 zraR, dpiA, csgD
1021 	 zraR, dpiA, csgD
1023 	 zraR, dpiA, csgD
1024 	 zraR, dpiA, csgD
1025 	 zraR, csgD
1026 	 zraR, dpiA, csgD
1027 	 zraR, dpiA
1028 	 zraR, dpiA
1029 	 zraR, csgD
1030 	 zraR, dpiA, csgD
1031 	 zraR, dpiA, csgD
1032 	 zraR, dpiA, csgD
1033 	 zraR, csgD
1034 	 zraR, csgD
1035 	 zraR, csgD
1036 	 zraR, dpiA, csgD
1037 	 zraR, csgD
1038 	 zraR, dpiA
1039 	 zraR, csgD
1041 	 zraR, csgD
1042 	 zraR, csgD
1043 	 zraR, dpiA, csgD
1044 	 zraR, csgD
1045 	 zraR, csgD
1046 	 zraR, dpiA
1048 	 zraR, dpiA, csgD
1049 	 zraR, csgD
1050 	 zraR, csgD
1051 	 zraR, dpiA, csgD
1052 	 zraR, csgD
1053 	 zraR, dpiA, csgD
1056 	 zraR, csgD
1057 	 zraR, csgD
1058 	 zraR, csgD
1059 	 zraR, csgD
1060 	 zraR, csgD
1061 	 zraR, csgD
1062 	 zraR, csgD
1064 	 zraR, csgD
1066 	 zraR, csgD
1067 	 zraR, dpiA
1068 	 zraR, csgD
1070 	 zraR, dpiA, csgD
1076 	 zraR, dpiA
1077 	 zraR, dpiA, csgD
1079 	 zraR, dpiA, csgD
1080 	 zraR, csgD
1081 	 zraR, dpiA
1082 	 zraR, dpiA
1083 	 zraR, csgD
1084 	 zraR, csgD
1085 	 zraR, csgD
1086 	 zraR, csgD
1094 	 zraR, dpiA, csgD
1095 	 zraR, csgD
1096 	 zraR, csgD
1097 	 zraR, dpiA, csgD
1098 	 zraR, dpiA, csgD
1099 	 zraR, dpiA, csgD
1100 	 zraR, dpiA
1101 	 zraR, dpiA
1102 	 zraR, dpiA
1103 	 zraR, dpiA
1104 	 zraR, csgD
1105 	 zraR, csgD
1106 	 zraR, csgD
1107 	 zraR, csgD
1108 	 zraR, csgD
1109 	 zraR, csgD
1110 	 zraR, csgD
1111 	 zraR, csgD
1124 	 zraR, dpiA, csgD
1125 	 zraR, csgD
1126 	 zraR, dpiA, csgD
1127 	 zraR, csgD
1128 	 zraR, dpiA
1129 	 zraR, csgD
1130 	 zraR, dpiA
1131 	 zraR, csgD
1132 	 zraR, dpiA
1134 	 zraR, dpiA
1136 	 zraR, dpiA
1138 	 zraR, dpiA
1140 	 zraR, dpiA
1142 	 zraR, csgD
1144 	 zraR, csgD
1146 	 zraR, csgD
1147 	 zraR, csgD
1148 	 zraR, csgD
1149 	 zraR, csgD
1150 	 zraR, csgD
1151 	 zraR, csgD
1152 	 zraR, csgD
1153 	 zraR, csgD
1155 	 zraR, csgD
1157 	 zraR, csgD
1171 	 zraR, csgD
1172 	 zraR, dpiA
1173 	 zraR, csgD
1174 	 zraR, dpiA
1175 	 zraR, csgD
1176 	 zraR, dpiA
1177 	 zraR, csgD
1178 	 zraR, dpiA
1179 	 zraR, csgD
1180 	 zraR, dpiA
1182 	 zraR, csgD
1184 	 zraR, csgD
1186 	 zraR, csgD
1188 	 zraR, csgD
1190 	 zraR, csgD
1192 	 zraR, csgD
1194 	 zraR, csgD
1196 	 zraR, csgD
1197 	 zraR, csgD
1199 	 zraR, csgD
1201 	 zraR, csgD
1203 	 zraR, csgD
1205 	 zraR, csgD
1207 	 zraR, csgD
1209 	 zraR, csgD
1211 	 zraR, csgD
1214 	 zraR, dpiA
1215 	 zraR, dpiA, csgD
1217 	 zraR, dpiA, csgD
1219 	 zraR, dpiA, csgD
1220 	 zraR, csgD
1221 	 zraR, dpiA
1222 	 zraR, csgD
1223 	 zraR, dpiA
1224 	 zraR, csgD
1225 	 zraR, dpiA
1226 	 zraR, csgD
1227 	 zraR, dpiA
1228 	 zraR, csgD
1229 	 zraR, dpiA
1230 	 zraR, csgD
1231 	 zraR, dpiA
1232 	 zraR, csgD
1233 	 zraR, dpiA
1234 	 zraR, csgD
1235 	 zraR, csgD
1237 	 zraR, csgD
1240 	 zraR, csgD
1242 	 zraR, csgD
1244 	 zraR, csgD
1246 	 zraR, csgD
1251 	 zraR, csgD
1253 	 zraR, csgD
1255 	 zraR, csgD
1257 	 zraR, csgD
1259 	 zraR, csgD
1269 	 zraR, dpiA
1273 	 zraR, dpiA
1275 	 zraR, dpiA
1277 	 zraR, csgD
1279 	 zraR, csgD
1281 	 zraR, csgD
1283 	 zraR, csgD
1285 	 zraR, csgD
1287 	 zraR, csgD
1289 	 zraR, csgD
1291 	 zraR, csgD
1332 	 zraR, dpiA
1336 	 zraR, dpiA
1338 	 zraR, csgD
1340 	 zraR, csgD
1341 	 zraR, csgD
1342 	 zraR, csgD
1343 	 zraR, csgD
1344 	 zraR, csgD
1345 	 zraR, csgD
1346 	 zraR, csgD
1347 	 zraR, csgD
1348 	 zraR, csgD
1349 	 zraR, csgD
1362 	 zraR, csgD
1363 	 zraR, dpiA, csgD
1364 	 zraR, dpiA, csgD
1365 	 zraR, csgD
1366 	 zraR, csgD
1367 	 zraR, dpiA, csgD
1368 	 zraR, dpiA, csgD
1369 	 zraR, csgD
1370 	 zraR, csgD
1371 	 zraR, dpiA, csgD
1372 	 zraR, dpiA, csgD
1373 	 zraR, csgD
1374 	 zraR, csgD
1375 	 zraR, dpiA, csgD
1376 	 zraR, dpiA
1377 	 zraR, csgD
1379 	 zraR, dpiA, csgD
1380 	 zraR, dpiA
1381 	 zraR, csgD
1383 	 zraR, dpiA, csgD
1385 	 zraR, dpiA, csgD
1386 	 zraR, csgD
1387 	 zraR, dpiA
1389 	 zraR, csgD
1390 	 zraR, csgD
1396 	 zraR, csgD
1398 	 zraR, csgD
1400 	 zraR, csgD
1402 	 zraR, csgD
1404 	 zraR, csgD
1406 	 zraR, csgD
1425 	 zraR, csgD
1427 	 zraR, dpiA
1431 	 zraR, dpiA
1433 	 zraR, dpiA
1435 	 zraR, csgD
1439 	 zraR, csgD
1445 	 zraR, csgD
1447 	 zraR, dpiA
1449 	 zraR, dpiA
1451 	 zraR, dpiA
1453 	 zraR, dpiA
1455 	 zraR, csgD
1460 	 zraR, csgD
1462 	 zraR, csgD
1468 	 zraR, csgD
1470 	 zraR, csgD
1473 	 zraR, csgD
1477 	 zraR, dpiA, csgD
1479 	 zraR, dpiA, csgD
1481 	 zraR, dpiA
1483 	 zraR, dpiA
1485 	 zraR, dpiA, csgD
1487 	 zraR, dpiA, csgD
1489 	 zraR, dpiA
1491 	 zraR, dpiA
1493 	 zraR, dpiA, csgD
1495 	 zraR, dpiA, csgD
1497 	 zraR, dpiA
1499 	 zraR, dpiA
1501 	 zraR, dpiA, csgD
1503 	 zraR, dpiA, csgD
1505 	 zraR, dpiA
1507 	 zraR, dpiA
1509 	 zraR, csgD
1511 	 zraR, csgD
1513 	 zraR, csgD
1515 	 zraR, csgD
1521 	 zraR, csgD
1523 	 zraR, csgD
1533 	 zraR, csgD
1535 	 zraR, csgD
1541 	 zraR, dpiA, csgD
1543 	 zraR, dpiA, csgD
1545 	 zraR, dpiA, csgD
1547 	 zraR, dpiA
1549 	 zraR, dpiA, csgD
1551 	 zraR, dpiA, csgD
1553 	 zraR, dpiA, csgD
1555 	 zraR, dpiA
1557 	 zraR, dpiA
1559 	 zraR, dpiA
1561 	 zraR, dpiA
1563 	 zraR, dpiA
1565 	 zraR, dpiA, csgD
1567 	 zraR, dpiA, csgD
1569 	 zraR, dpiA
1571 	 zraR, dpiA
1573 	 zraR, csgD
1575 	 zraR, csgD
1577 	 zraR, csgD
1579 	 zraR, csgD
1583 	 zraR, csgD
1591 	 zraR, csgD
1597 	 zraR, csgD
1599 	 zraR, csgD
