17 	 zraR, fucR
21 	 zraR, idnR
26 	 zraR
27 	 zraR
28 	 zraR
29 	 zraR, rhaS
31 	 zraR
33 	 zraR, fucR
35 	 zraR, yqjI, narL, gadX, soxS, arcA
38 	 zraR, gadX
41 	 zraR, rhaS
42 	 zraR, rhaS
43 	 zraR, rhaS
46 	 zraR, rhaS
47 	 zraR, rhaS
49 	 zraR, rhaS
50 	 zraR, rhaS
51 	 zraR, fucR
52 	 zraR, fucR
54 	 zraR, fucR
56 	 zraR, idnR
57 	 zraR, fucR
59 	 zraR, idnR
60 	 zraR, fucR
62 	 zraR, idnR
63 	 zraR, fucR
65 	 zraR, idnR
66 	 zraR, fucR
68 	 zraR, idnR
69 	 zraR, fucR
71 	 zraR, idnR
72 	 zraR, fucR
74 	 zraR, idnR
75 	 zraR, fucR
77 	 zraR, idnR
78 	 zraR, fucR, rhaS
80 	 zraR, idnR
81 	 zraR, fucR, rhaS
84 	 zraR, idnR
85 	 zraR, melR
87 	 zraR, idnR
88 	 zraR, melR
90 	 zraR, idnR, rhaS
91 	 zraR, melR
93 	 zraR
94 	 zraR, melR
95 	 zraR, idnR, rhaS
96 	 zraR, fucR, rhaS
98 	 zraR, melR
99 	 zraR, idnR, rhaS
100 	 zraR, fucR, rhaS
102 	 zraR, melR
103 	 zraR, idnR, rhaS
104 	 zraR, melR
105 	 zraR, rhaS
106 	 zraR, melR
107 	 zraR, rhaS
108 	 zraR, melR, rhaS
109 	 zraR, rhaS
110 	 zraR, melR, rhaS
111 	 zraR, rhaS
112 	 zraR, melR, rhaS
113 	 zraR, idnR
114 	 zraR, melR, rhaS
115 	 zraR, idnR
116 	 zraR, melR, fucR
117 	 zraR, idnR
118 	 zraR, melR, fucR
119 	 zraR, idnR
120 	 zraR, melR, fucR
121 	 zraR, idnR
122 	 zraR, melR, fucR
123 	 zraR, idnR
124 	 zraR, melR, fucR
125 	 zraR, idnR
126 	 zraR, melR, fucR
127 	 zraR, idnR
128 	 zraR, melR, fucR
129 	 zraR, idnR, rhaS
130 	 zraR, melR, fucR
131 	 zraR, idnR, rhaS
132 	 zraR, melR, fucR, rhaS
133 	 zraR, idnR, rhaS
134 	 zraR, melR, fucR, rhaS
135 	 zraR, idnR, rhaS
136 	 zraR, melR, fucR, rhaS
137 	 zraR, melR, idnR
138 	 zraR, melR, fucR, rhaS
139 	 zraR, melR
140 	 zraR, idnR, fucR
141 	 zraR
142 	 zraR, idnR, fucR
143 	 zraR
144 	 zraR, idnR, fucR
145 	 zraR
146 	 zraR, idnR, fucR
147 	 zraR
148 	 zraR, idnR, fucR
149 	 zraR
150 	 zraR, idnR, fucR
151 	 zraR, rhaS
152 	 zraR, idnR, fucR
153 	 zraR, rhaS
154 	 zraR, idnR, fucR
155 	 zraR, rhaS
156 	 zraR, idnR, fucR, rhaS
157 	 zraR, rhaS
158 	 zraR, idnR, fucR, rhaS
159 	 zraR
160 	 zraR, idnR, fucR, rhaS
161 	 zraR
162 	 zraR, idnR, fucR, rhaS
163 	 zraR
164 	 zraR, idnR
165 	 zraR
166 	 zraR, fucR
167 	 zraR, melR
168 	 zraR, idnR
169 	 zraR, fucR
170 	 zraR, melR, idnR
171 	 zraR, fucR
172 	 zraR, melR, idnR
173 	 zraR
174 	 zraR, melR, idnR
175 	 zraR
176 	 zraR, fucR
177 	 zraR, melR
178 	 zraR, fucR
179 	 zraR, melR
180 	 zraR, fucR
181 	 zraR, melR
182 	 zraR, fucR
183 	 zraR, melR
184 	 zraR, fucR
185 	 zraR, melR
186 	 zraR, fucR
187 	 zraR, melR
188 	 zraR, fucR, rhaS
189 	 zraR, melR
190 	 zraR, fucR, rhaS
191 	 zraR, melR
192 	 zraR, fucR, rhaS
193 	 zraR, melR, rhaS
194 	 zraR, fucR, rhaS
195 	 zraR, melR, rhaS
196 	 zraR, idnR, fucR
197 	 zraR, melR, rhaS
198 	 zraR, idnR, fucR
199 	 zraR, melR, rhaS
200 	 zraR, idnR, fucR
201 	 zraR
202 	 zraR, idnR, fucR
203 	 zraR
204 	 zraR, melR, idnR
205 	 zraR, idnR
206 	 zraR, melR
207 	 zraR, idnR
208 	 zraR, idnR, fucR
209 	 zraR, idnR
210 	 zraR, idnR, fucR
211 	 zraR, idnR
212 	 zraR, idnR, fucR
213 	 zraR, idnR
214 	 zraR, idnR, fucR
215 	 zraR, idnR
216 	 zraR, idnR, fucR, rhaS
217 	 zraR, idnR, rhaS
218 	 zraR, idnR, fucR, rhaS
219 	 zraR, idnR, rhaS
220 	 zraR, idnR, fucR, rhaS
221 	 zraR, idnR, rhaS
222 	 zraR, idnR, fucR, rhaS
223 	 zraR, idnR, rhaS
224 	 zraR, melR, idnR
225 	 zraR, rhaS
226 	 zraR, melR, idnR
227 	 zraR, rhaS
228 	 zraR, melR, idnR
229 	 zraR, rhaS
230 	 zraR, melR, idnR, rhaS
231 	 zraR, rhaS
232 	 zraR, melR, idnR, rhaS
233 	 zraR, idnR
234 	 zraR, melR, idnR, rhaS
235 	 zraR, melR
236 	 zraR, melR, idnR, rhaS
237 	 zraR, idnR
238 	 zraR, melR, idnR, fucR
239 	 zraR, melR
240 	 zraR, melR, idnR, fucR
241 	 zraR, idnR
242 	 zraR, melR, idnR, fucR
243 	 zraR, melR
244 	 zraR, melR, idnR, fucR
245 	 zraR, idnR
246 	 zraR, melR, idnR, fucR
247 	 zraR, melR
248 	 zraR, melR, idnR, fucR
249 	 zraR, idnR
250 	 zraR, melR, idnR, fucR
251 	 zraR, melR
252 	 zraR, melR, idnR, fucR
253 	 zraR, idnR
254 	 zraR, melR, idnR, fucR, rhaS
255 	 zraR, melR, rhaS
256 	 zraR, melR, idnR, fucR, rhaS
257 	 zraR, idnR
258 	 zraR, melR, idnR, fucR, rhaS
259 	 zraR, melR, rhaS
260 	 zraR, melR, idnR, fucR, rhaS
261 	 zraR, idnR
262 	 zraR, melR, idnR
263 	 zraR, melR, rhaS
264 	 zraR, idnR, rhaS
265 	 zraR, melR, idnR
266 	 zraR, fucR
267 	 zraR, fucR
268 	 zraR, melR, rhaS
269 	 zraR, melR, idnR
270 	 zraR, melR
271 	 zraR, fucR
272 	 zraR, melR
273 	 zraR, fucR
274 	 zraR, melR
275 	 zraR, fucR
276 	 zraR, melR
277 	 zraR, fucR
278 	 zraR, melR
279 	 zraR, fucR
280 	 zraR, melR
281 	 zraR, fucR, rhaS
282 	 zraR, melR
283 	 zraR, fucR, rhaS
284 	 zraR, melR
285 	 zraR, fucR, rhaS
286 	 zraR, melR, rhaS
287 	 zraR, fucR, rhaS
288 	 zraR, melR, rhaS
289 	 zraR, idnR, fucR
290 	 zraR, melR, rhaS
291 	 zraR, idnR, fucR
292 	 zraR, melR, rhaS
293 	 zraR, idnR, fucR
294 	 zraR, melR, fucR
295 	 zraR, idnR, rhaS
296 	 zraR, melR, fucR
297 	 zraR, idnR, fucR
298 	 zraR, melR, fucR
299 	 zraR, idnR, rhaS
300 	 zraR, melR, fucR
301 	 zraR, idnR, fucR
302 	 zraR, melR, fucR
303 	 zraR, idnR, rhaS
304 	 zraR, melR, fucR
305 	 zraR, idnR, fucR
306 	 zraR, melR, fucR
307 	 zraR, idnR, fucR
308 	 zraR, melR, fucR
309 	 zraR, fucR
310 	 zraR, melR, fucR, rhaS
311 	 zraR, melR, idnR
312 	 zraR, melR, fucR, rhaS
313 	 zraR, melR, idnR
314 	 zraR, melR, fucR, rhaS
315 	 zraR, melR, idnR
316 	 zraR, melR, fucR, rhaS
317 	 zraR, melR, idnR
318 	 zraR, melR, idnR
319 	 zraR, fucR
320 	 zraR, melR, idnR
321 	 zraR, fucR
322 	 zraR, melR, idnR
323 	 zraR, fucR
324 	 zraR, melR, idnR
325 	 zraR, fucR
326 	 zraR, melR, idnR
327 	 zraR, fucR
328 	 zraR, melR, idnR
329 	 zraR, fucR
330 	 zraR, melR, idnR, rhaS
331 	 zraR, fucR
332 	 zraR, melR, idnR, rhaS
333 	 zraR, fucR, rhaS
334 	 zraR, melR, idnR, rhaS
335 	 zraR, fucR, rhaS
336 	 zraR, melR, idnR, rhaS
337 	 zraR, fucR, rhaS
338 	 zraR, idnR, fucR
339 	 zraR, fucR, rhaS
340 	 zraR, idnR, fucR, rhaS
341 	 zraR, idnR, fucR, rhaS
342 	 zraR, idnR, fucR, rhaS
343 	 zraR, idnR, fucR, rhaS
344 	 zraR, melR, idnR, fucR
345 	 zraR, idnR, fucR
346 	 zraR, melR, idnR, fucR
347 	 zraR, idnR, fucR
348 	 zraR, melR, idnR, fucR
349 	 zraR, idnR, fucR
350 	 zraR, melR, idnR, fucR
351 	 zraR, idnR, fucR
352 	 zraR, melR, idnR, fucR
353 	 zraR, idnR, fucR
354 	 zraR, melR, idnR, fucR
355 	 zraR, idnR, fucR
356 	 zraR, melR, idnR, fucR
357 	 zraR, idnR, fucR
358 	 zraR, melR, idnR, fucR
359 	 zraR, idnR, fucR
360 	 zraR, melR, idnR, fucR, rhaS
361 	 zraR, idnR, fucR, rhaS
362 	 zraR, melR, idnR, fucR, rhaS
363 	 zraR, idnR, fucR, rhaS
364 	 zraR, melR, idnR, fucR, rhaS
365 	 zraR, idnR, fucR, rhaS
366 	 zraR, melR, idnR, fucR, rhaS
367 	 zraR, idnR, fucR, rhaS
368 	 zraR, melR, fucR
369 	 zraR, melR, fucR
370 	 zraR, melR, idnR
371 	 zraR, melR, fucR
372 	 zraR, melR, idnR
373 	 zraR, melR, fucR
374 	 zraR, melR, idnR
375 	 zraR, melR, fucR
376 	 zraR, melR, idnR, rhaS
377 	 zraR, melR, fucR
378 	 zraR, melR, idnR, rhaS
379 	 zraR, melR, fucR
380 	 zraR, melR, idnR, rhaS
381 	 zraR, melR, fucR
382 	 zraR, melR, idnR, rhaS
383 	 zraR, melR, fucR, rhaS
384 	 zraR, melR, fucR, rhaS
385 	 zraR, melR, fucR, rhaS
386 	 zraR, melR, fucR, rhaS
387 	 zraR, melR, fucR
388 	 zraR, melR, idnR, fucR
389 	 zraR, melR, fucR
390 	 zraR, melR, idnR, fucR
391 	 zraR, melR, fucR
392 	 zraR, melR, idnR, fucR
393 	 zraR, melR, fucR
394 	 zraR, melR, idnR, fucR
395 	 zraR, melR, fucR
396 	 zraR, melR, idnR, fucR
397 	 zraR, melR, fucR
398 	 zraR, melR, idnR, fucR
399 	 zraR, melR, fucR
400 	 zraR, melR, idnR, fucR
401 	 zraR, melR, fucR
402 	 zraR, melR, idnR, fucR
403 	 zraR, melR, fucR, rhaS
404 	 zraR, melR, idnR, fucR, rhaS
405 	 zraR, melR, fucR, rhaS
406 	 zraR, melR, idnR, fucR, rhaS
407 	 zraR, melR, fucR, rhaS
408 	 zraR, melR, idnR, fucR, rhaS
409 	 zraR, melR, fucR, rhaS
410 	 zraR, melR, idnR, fucR, rhaS
411 	 zraR, melR, idnR
412 	 zraR, melR, idnR
413 	 zraR, melR, idnR
414 	 zraR, melR, idnR
415 	 zraR, melR, idnR
416 	 zraR, melR, idnR
417 	 zraR, melR, idnR
418 	 zraR, melR, idnR
419 	 zraR, melR, idnR, rhaS
420 	 zraR, melR, idnR, rhaS
421 	 zraR, melR, idnR, rhaS
422 	 zraR, melR, idnR, rhaS
423 	 zraR, melR, idnR, fucR
424 	 zraR, melR, idnR, fucR
425 	 zraR, melR, idnR, fucR
426 	 zraR, melR, idnR, fucR
427 	 zraR, melR, idnR, fucR
428 	 zraR, melR, idnR, fucR
429 	 zraR, melR, idnR, fucR
430 	 zraR, melR, idnR, fucR
431 	 zraR, melR, idnR, fucR, rhaS
432 	 zraR, melR, idnR, fucR, rhaS
433 	 zraR, melR, idnR, fucR, rhaS
434 	 zraR, melR, idnR, fucR, rhaS
435 	 zraR, melR
436 	 zraR, fucR
438 	 zraR, melR
439 	 zraR, fucR
441 	 zraR, melR
442 	 zraR, fucR
444 	 zraR, melR
445 	 zraR, fucR
447 	 zraR, melR
448 	 zraR, fucR, rhaS
450 	 zraR, melR
451 	 zraR, fucR, rhaS
453 	 zraR, melR
454 	 zraR, fucR, rhaS
456 	 zraR, melR
457 	 zraR, fucR, rhaS
459 	 zraR, melR, rhaS
460 	 zraR
462 	 zraR
464 	 zraR
493 	 zraR
494 	 zraR, idnR
495 	 zraR, melR, rhaS
496 	 zraR, rhaS
497 	 zraR, idnR, rhaS
498 	 zraR, melR, rhaS
499 	 zraR, idnR
500 	 zraR, rhaS
501 	 zraR, idnR
502 	 zraR
503 	 zraR, yqjI, narL, gadX, soxS, arcA
504 	 zraR, melR, rhaS
505 	 zraR, rhaS
506 	 zraR, yqjI, narL, gadX, soxS, arcA
507 	 zraR, idnR
508 	 zraR
509 	 zraR, rhaS
510 	 zraR, idnR, rhaS
511 	 zraR, fucR
512 	 zraR, melR
513 	 zraR, idnR, rhaS
514 	 zraR, fucR
515 	 zraR, melR
516 	 zraR, idnR, rhaS
517 	 zraR, fucR
518 	 zraR, fucR
519 	 zraR, fucR
520 	 zraR, fucR
521 	 zraR, fucR, rhaS
522 	 zraR, fucR
523 	 zraR, fucR, rhaS
524 	 zraR, fucR
525 	 zraR, fucR, rhaS
526 	 zraR, fucR, rhaS
527 	 zraR, idnR
528 	 zraR, idnR
529 	 zraR, yqjI, narL, gadX, soxS, arcA
530 	 zraR, melR
531 	 zraR, idnR
532 	 zraR, melR
533 	 zraR, idnR
534 	 zraR, yqjI, narL, gadX, soxS, arcA
535 	 zraR, melR
536 	 zraR, idnR
537 	 zraR, melR
538 	 zraR, idnR
539 	 zraR, yqjI, narL, gadX, soxS, arcA
540 	 zraR, melR, rhaS
541 	 zraR, idnR
542 	 zraR, melR, rhaS
543 	 zraR, idnR
544 	 zraR, yqjI, narL, gadX, soxS, arcA
545 	 zraR, melR
546 	 zraR, idnR, rhaS
547 	 zraR, melR
549 	 zraR, idnR, rhaS
550 	 zraR, melR, rhaS
551 	 zraR, yqjI, narL, gadX, soxS, arcA
552 	 zraR, idnR, rhaS
553 	 zraR, melR, rhaS
554 	 zraR, idnR, rhaS
555 	 zraR, melR, fucR
556 	 zraR, yqjI, narL, gadX, soxS, arcA
557 	 zraR, idnR, fucR
558 	 zraR, melR, fucR
559 	 zraR, idnR, fucR
560 	 zraR, melR, fucR
561 	 zraR, yqjI, rhaS, narL, gadX, soxS, arcA
562 	 zraR, idnR, fucR
563 	 zraR, melR, fucR
564 	 zraR, idnR, fucR
565 	 zraR, melR, fucR
566 	 zraR, yqjI, narL, gadX, soxS, arcA
567 	 zraR, idnR, fucR
568 	 zraR, melR, fucR
569 	 zraR, idnR, fucR
570 	 zraR, melR, fucR
571 	 zraR, yqjI, narL, gadX, soxS, arcA
572 	 zraR, idnR, fucR
573 	 zraR, melR, fucR
574 	 zraR, idnR, fucR, rhaS
575 	 zraR, melR, fucR, rhaS
576 	 zraR, yqjI, narL, gadX, soxS, arcA
577 	 zraR, idnR, fucR, rhaS
578 	 zraR, melR, fucR, rhaS
579 	 zraR, idnR, fucR, rhaS
580 	 zraR, melR, fucR, rhaS
581 	 zraR, yqjI, narL, gadX, soxS, arcA
582 	 zraR, idnR, fucR
583 	 zraR, melR, fucR, rhaS
584 	 zraR, idnR, fucR, rhaS
585 	 zraR, melR, fucR
586 	 zraR, yqjI, rhaS, narL, gadX, soxS, arcA
587 	 zraR, idnR, fucR
588 	 zraR, melR, fucR
589 	 zraR, idnR, fucR
590 	 zraR, melR, fucR
591 	 zraR, yqjI, rhaS, narL, gadX, soxS, arcA
592 	 zraR, idnR, fucR
593 	 zraR, melR, fucR
594 	 zraR, idnR, fucR
595 	 zraR, melR, fucR
596 	 zraR, yqjI, narL, gadX, soxS, arcA
597 	 zraR, idnR, fucR
598 	 zraR, melR, fucR, rhaS
599 	 zraR, idnR, fucR
600 	 zraR, melR, fucR
601 	 zraR, yqjI, narL, gadX, soxS, arcA
602 	 zraR, idnR, fucR
603 	 zraR, melR, fucR
604 	 zraR, idnR, fucR
605 	 zraR, melR, fucR, rhaS
606 	 zraR, yqjI, rhaS, narL, gadX, soxS, arcA
607 	 zraR, idnR, fucR, rhaS
608 	 zraR, melR, fucR, rhaS
609 	 zraR, idnR, fucR, rhaS
610 	 zraR, melR, fucR
611 	 zraR, yqjI, rhaS, narL, gadX, soxS, arcA
612 	 zraR, idnR, fucR, rhaS
613 	 zraR, melR, fucR, rhaS
614 	 zraR, idnR, fucR, rhaS
615 	 zraR, yqjI, rhaS, narL, gadX, soxS, arcA
616 	 zraR, yqjI, rhaS, narL, gadX, soxS, arcA
617 	 zraR, melR, idnR
618 	 zraR, yqjI, rhaS, narL, gadX, soxS, arcA
620 	 zraR, yqjI, narL, gadX, soxS, arcA
621 	 zraR, melR, idnR
623 	 zraR, yqjI, narL, gadX, soxS, arcA
624 	 zraR, melR, idnR
626 	 zraR, yqjI, narL, gadX, soxS, arcA
627 	 zraR, melR, idnR
629 	 zraR, yqjI, narL, gadX, soxS, arcA
630 	 zraR, melR, idnR
632 	 zraR, yqjI, narL, gadX, soxS, arcA
633 	 zraR, melR, idnR
635 	 zraR, yqjI, narL, gadX, soxS, arcA
636 	 zraR, melR, idnR, rhaS
638 	 zraR, yqjI, narL, gadX, soxS, arcA
639 	 zraR, melR, idnR
641 	 zraR, yqjI, narL, gadX, soxS, arcA
642 	 zraR, melR, idnR, rhaS
644 	 zraR, yqjI, narL, gadX, soxS, arcA
645 	 zraR, melR, idnR, rhaS
647 	 zraR, yqjI, rhaS, narL, gadX, soxS, arcA
648 	 zraR, melR, idnR
649 	 zraR, rhaS
650 	 zraR, yqjI, narL, gadX, soxS, arcA
651 	 zraR, melR, idnR, rhaS
652 	 zraR, rhaS
653 	 zraR, yqjI, rhaS, narL, gadX, soxS, arcA
654 	 zraR, melR, idnR
656 	 zraR, yqjI, narL, gadX, soxS, arcA
657 	 zraR, melR, idnR
659 	 zraR, yqjI, narL, gadX, soxS, arcA
660 	 zraR, melR, idnR
662 	 zraR, yqjI, rhaS, narL, gadX, soxS, arcA
663 	 zraR, melR, idnR
665 	 zraR, yqjI, rhaS, narL, gadX, soxS, arcA
666 	 zraR, melR, idnR
668 	 zraR, yqjI, narL, gadX, soxS, arcA
669 	 zraR, melR, idnR
671 	 zraR, melR, idnR
672 	 zraR, rhaS
673 	 zraR, yqjI, narL, gadX, soxS, arcA
674 	 zraR, melR, idnR
675 	 zraR, rhaS
676 	 zraR, yqjI, narL, gadX, soxS, arcA
677 	 zraR, melR, idnR, rhaS
678 	 zraR, rhaS
679 	 zraR, yqjI, narL, gadX, soxS, arcA
680 	 zraR, melR, idnR, rhaS
681 	 zraR, rhaS
682 	 zraR, yqjI, rhaS, narL, gadX, soxS, arcA
683 	 zraR, melR, idnR, rhaS
684 	 zraR, rhaS
685 	 zraR, yqjI, rhaS, narL, gadX, soxS, arcA
686 	 zraR, melR, idnR, rhaS
687 	 zraR, rhaS
688 	 zraR, yqjI, rhaS, narL, gadX, soxS, arcA
689 	 zraR, melR, idnR, fucR
690 	 zraR, yqjI, rhaS, narL, gadX, soxS, arcA
691 	 zraR
692 	 zraR, melR, idnR, fucR
693 	 zraR
694 	 zraR
695 	 zraR, melR, idnR, fucR
696 	 zraR
697 	 zraR
698 	 zraR, melR, idnR, fucR
699 	 zraR
700 	 zraR
701 	 zraR, melR, idnR, fucR
702 	 zraR
703 	 zraR
704 	 zraR, melR, idnR, fucR, rhaS
706 	 zraR, rhaS
707 	 zraR, melR, idnR, fucR
708 	 zraR
709 	 zraR
710 	 zraR, melR, idnR, fucR
711 	 zraR
712 	 zraR, rhaS
713 	 zraR, melR, idnR, fucR, rhaS
714 	 zraR
715 	 zraR
716 	 zraR, melR, idnR, fucR
717 	 zraR, rhaS
718 	 zraR, rhaS
719 	 zraR, melR, idnR, fucR, rhaS
720 	 zraR, rhaS
721 	 zraR
722 	 zraR, melR, idnR, fucR, rhaS
723 	 zraR, rhaS
724 	 zraR, rhaS
725 	 zraR, melR, idnR, fucR
726 	 zraR
727 	 zraR, rhaS
728 	 zraR, melR, idnR, fucR
729 	 zraR, yqjI, fucR, narL, gadX, soxS, arcA
730 	 zraR, yqjI, fucR, narL, gadX, soxS, arcA
731 	 zraR, melR, idnR, fucR
732 	 zraR, yqjI, fucR, narL, gadX, soxS, arcA
733 	 zraR, yqjI, fucR, narL, gadX, soxS, arcA
734 	 zraR, melR, idnR, fucR
735 	 zraR, yqjI, fucR, narL, gadX, soxS, arcA
736 	 zraR, yqjI, fucR, narL, gadX, soxS, arcA
737 	 zraR, melR, idnR, fucR
738 	 zraR, yqjI, fucR, narL, gadX, soxS, arcA
739 	 zraR, yqjI, fucR, narL, gadX, soxS, arcA
740 	 zraR, melR, idnR, fucR
741 	 zraR, yqjI, fucR, narL, gadX, soxS, arcA
742 	 zraR, yqjI, fucR, narL, gadX, soxS, arcA
743 	 zraR, melR, idnR, fucR
744 	 zraR, yqjI, fucR, narL, gadX, soxS, arcA
745 	 zraR, yqjI, fucR, narL, gadX, soxS, arcA
746 	 zraR, melR, idnR, fucR
747 	 zraR, yqjI, fucR, rhaS, narL, gadX, soxS, arcA
748 	 zraR, yqjI, fucR, rhaS, narL, gadX, soxS, arcA
749 	 zraR, melR, idnR, fucR, rhaS
750 	 zraR, yqjI, fucR, narL, gadX, soxS, arcA
751 	 zraR, yqjI, fucR, narL, gadX, soxS, arcA
752 	 zraR, melR, idnR, fucR, rhaS
753 	 zraR, yqjI, fucR, rhaS, narL, gadX, soxS, arcA
754 	 zraR, yqjI, fucR, rhaS, narL, gadX, soxS, arcA
755 	 zraR, melR, idnR, fucR, rhaS
756 	 zraR, yqjI, fucR, rhaS, narL, gadX, soxS, arcA
757 	 zraR, yqjI, fucR, narL, gadX, soxS, arcA
758 	 zraR, melR, idnR, fucR, rhaS
759 	 zraR, yqjI, fucR, rhaS, narL, gadX, soxS, arcA
760 	 zraR, yqjI, fucR, rhaS, narL, gadX, soxS, arcA
761 	 zraR, yqjI, fucR, narL, gadX, soxS, arcA
762 	 zraR, yqjI, fucR, rhaS, narL, gadX, soxS, arcA
763 	 zraR, fucR
764 	 zraR, yqjI, fucR, narL, gadX, soxS, arcA
765 	 zraR, fucR
766 	 zraR, yqjI, fucR, narL, gadX, soxS, arcA
767 	 zraR, fucR
768 	 zraR, yqjI, fucR, narL, gadX, soxS, arcA
769 	 zraR, fucR
770 	 zraR, yqjI, fucR, narL, gadX, soxS, arcA
771 	 zraR, fucR
772 	 zraR, yqjI, fucR, narL, gadX, soxS, arcA
773 	 zraR, fucR
774 	 zraR, yqjI, fucR, narL, gadX, soxS, arcA
775 	 zraR, fucR
776 	 zraR, yqjI, fucR, narL, gadX, soxS, arcA
777 	 zraR, fucR
778 	 zraR, yqjI, fucR, narL, gadX, soxS, arcA
779 	 zraR, fucR
780 	 zraR, yqjI, fucR, narL, gadX, soxS, arcA
781 	 zraR, fucR
782 	 zraR, yqjI, fucR, narL, gadX, soxS, arcA
783 	 zraR, fucR
784 	 zraR, yqjI, fucR, rhaS, narL, gadX, soxS, arcA
785 	 zraR, fucR
786 	 zraR, yqjI, fucR, narL, gadX, soxS, arcA
787 	 zraR, fucR, rhaS
788 	 zraR, fucR
789 	 zraR, fucR, rhaS
790 	 zraR, fucR, rhaS
791 	 zraR, fucR, rhaS
792 	 zraR, fucR
793 	 zraR, fucR
794 	 zraR, fucR
795 	 zraR, fucR, rhaS
796 	 zraR, fucR, rhaS
797 	 zraR, fucR, rhaS
798 	 zraR, fucR, rhaS
799 	 zraR, fucR
800 	 zraR, fucR
801 	 zraR, fucR
802 	 zraR, fucR
803 	 zraR, yqjI, fucR, narL, gadX, soxS, arcA
804 	 zraR, yqjI, fucR, narL, gadX, soxS, arcA
805 	 zraR, fucR
806 	 zraR, fucR
807 	 zraR, yqjI, fucR, narL, gadX, soxS, arcA
808 	 zraR, fucR
809 	 zraR, fucR
810 	 zraR, fucR
811 	 zraR, fucR
812 	 zraR, fucR
813 	 zraR, yqjI, fucR, rhaS, narL, gadX, soxS, arcA
814 	 zraR, fucR
815 	 zraR, yqjI, fucR, rhaS, narL, gadX, soxS, arcA
816 	 zraR, yqjI, fucR, narL, gadX, soxS, arcA
817 	 zraR, yqjI, fucR, rhaS, narL, gadX, soxS, arcA
818 	 zraR, yqjI, fucR, narL, gadX, soxS, arcA
819 	 zraR, fucR, rhaS
820 	 zraR, fucR
821 	 zraR, fucR, rhaS
822 	 zraR, fucR
823 	 zraR, fucR, rhaS
824 	 zraR, fucR
825 	 zraR, fucR, rhaS
826 	 zraR, fucR
827 	 zraR, yqjI, fucR, rhaS, narL, gadX, soxS, arcA
828 	 zraR, yqjI, fucR, rhaS, narL, gadX, soxS, arcA
829 	 zraR, yqjI, fucR, rhaS, narL, gadX, soxS, arcA
830 	 zraR, yqjI, fucR, rhaS, narL, gadX, soxS, arcA
831 	 zraR, fucR, rhaS
832 	 zraR, fucR, rhaS
833 	 zraR, fucR, rhaS
834 	 zraR, fucR, rhaS
882 	 zraR, yqjI, idnR, narL, gadX, soxS, arcA
883 	 zraR, melR, yqjI, narL, gadX, soxS, arcA
884 	 zraR, melR, yqjI, narL, gadX, soxS, arcA
886 	 zraR, yqjI, idnR, narL, gadX, soxS, arcA
888 	 zraR, yqjI, idnR, narL, gadX, soxS, arcA
889 	 zraR, melR, yqjI, narL, gadX, soxS, arcA
891 	 zraR, yqjI, idnR, narL, gadX, soxS, arcA
892 	 zraR, melR, yqjI, narL, gadX, soxS, arcA
894 	 zraR, yqjI, idnR, narL, gadX, soxS, arcA
895 	 zraR, melR, yqjI, narL, gadX, soxS, arcA
897 	 zraR, yqjI, idnR, narL, gadX, soxS, arcA
898 	 zraR, melR, yqjI, narL, gadX, soxS, arcA
900 	 zraR, yqjI, idnR, narL, gadX, soxS, arcA
901 	 zraR, melR, yqjI, narL, gadX, soxS, arcA
903 	 zraR, yqjI, idnR, narL, gadX, soxS, arcA
904 	 zraR, melR, yqjI, narL, gadX, soxS, arcA
906 	 zraR, yqjI, idnR, rhaS, narL, gadX, soxS, arcA
907 	 zraR, melR, yqjI, rhaS, narL, gadX, soxS, arcA
909 	 zraR, yqjI, idnR, rhaS, narL, gadX, soxS, arcA
910 	 zraR, melR, yqjI, rhaS, narL, gadX, soxS, arcA
912 	 zraR, yqjI, idnR, rhaS, narL, gadX, soxS, arcA
913 	 zraR, melR, yqjI, rhaS, narL, gadX, soxS, arcA
915 	 zraR, yqjI, idnR, rhaS, narL, gadX, soxS, arcA
916 	 zraR, melR, yqjI, rhaS, narL, gadX, soxS, arcA
918 	 zraR, idnR
919 	 zraR, melR, yqjI, fucR, narL, gadX, soxS, arcA
921 	 zraR, idnR
922 	 zraR, melR, yqjI, fucR, narL, gadX, soxS, arcA
924 	 zraR, idnR
925 	 zraR, melR, yqjI, fucR, narL, gadX, soxS, arcA
927 	 zraR, idnR
928 	 zraR, melR, yqjI, fucR, narL, gadX, soxS, arcA
929 	 zraR, melR
931 	 zraR, idnR
932 	 zraR, yqjI, idnR, fucR, narL, gadX, soxS, arcA
933 	 zraR, melR
934 	 zraR, yqjI, idnR, fucR, narL, gadX, soxS, arcA
935 	 zraR, yqjI, idnR, fucR, narL, gadX, soxS, arcA
936 	 zraR, yqjI, idnR, fucR, narL, gadX, soxS, arcA
937 	 zraR, yqjI, idnR, fucR, narL, gadX, soxS, arcA
938 	 zraR, yqjI, idnR, fucR, narL, gadX, soxS, arcA
939 	 zraR, yqjI, idnR, fucR, narL, gadX, soxS, arcA
940 	 zraR, yqjI, idnR, fucR, narL, gadX, soxS, arcA
941 	 zraR, yqjI, idnR, fucR, rhaS, narL, gadX, soxS, arcA
942 	 zraR, yqjI, idnR, fucR, rhaS, narL, gadX, soxS, arcA
943 	 zraR, yqjI, idnR, fucR, rhaS, narL, gadX, soxS, arcA
944 	 zraR, yqjI, idnR, fucR, rhaS, narL, gadX, soxS, arcA
945 	 zraR, idnR
946 	 zraR, idnR
947 	 zraR, idnR
948 	 zraR, idnR, rhaS
949 	 zraR, idnR, rhaS
950 	 zraR, idnR, rhaS
951 	 zraR, idnR, rhaS
952 	 zraR, idnR, fucR
953 	 zraR, idnR, fucR
954 	 zraR, idnR, fucR
955 	 zraR, idnR, fucR
956 	 zraR, idnR, fucR
957 	 zraR, idnR, fucR
958 	 zraR, idnR, fucR
959 	 zraR, idnR, fucR
960 	 zraR, idnR, fucR, rhaS
961 	 zraR, idnR, fucR, rhaS
962 	 zraR, idnR, fucR, rhaS
963 	 zraR, idnR, fucR, rhaS
964 	 zraR, yqjI, idnR, narL, gadX, soxS, arcA
965 	 zraR, melR, yqjI, idnR, narL, gadX, soxS, arcA
966 	 zraR, yqjI, idnR, narL, gadX, soxS, arcA
967 	 zraR, yqjI, idnR, narL, gadX, soxS, arcA
968 	 zraR, melR, yqjI, idnR, narL, gadX, soxS, arcA
969 	 zraR, yqjI, idnR, narL, gadX, soxS, arcA
970 	 zraR, yqjI, idnR, narL, gadX, soxS, arcA
971 	 zraR, melR, yqjI, idnR, narL, gadX, soxS, arcA
972 	 zraR, yqjI, idnR, narL, gadX, soxS, arcA
973 	 zraR, yqjI, idnR, narL, gadX, soxS, arcA
974 	 zraR, melR, yqjI, idnR, narL, gadX, soxS, arcA
975 	 zraR, yqjI, idnR, narL, gadX, soxS, arcA
976 	 zraR, yqjI, idnR, fucR, narL, gadX, soxS, arcA
977 	 zraR, melR, yqjI, idnR, fucR, narL, gadX, soxS, arcA
978 	 zraR, yqjI, idnR, fucR, narL, gadX, soxS, arcA
979 	 zraR, yqjI, idnR, fucR, narL, gadX, soxS, arcA
980 	 zraR, melR, yqjI, idnR, fucR, narL, gadX, soxS, arcA
981 	 zraR, yqjI, idnR, fucR, narL, gadX, soxS, arcA
982 	 zraR, yqjI, idnR, fucR, narL, gadX, soxS, arcA
983 	 zraR, melR, yqjI, idnR, fucR, narL, gadX, soxS, arcA
984 	 zraR, yqjI, idnR, fucR, narL, gadX, soxS, arcA
985 	 zraR, yqjI, idnR, fucR, narL, gadX, soxS, arcA
986 	 zraR, melR, yqjI, idnR, fucR, narL, gadX, soxS, arcA
987 	 zraR, yqjI, idnR, fucR, narL, gadX, soxS, arcA
988 	 zraR, idnR
989 	 zraR, melR
990 	 zraR, idnR
991 	 zraR, idnR
992 	 zraR, melR
993 	 zraR, idnR
994 	 zraR, idnR
995 	 zraR, melR, fucR
996 	 zraR, idnR
997 	 zraR, idnR
998 	 zraR, melR, fucR
999 	 zraR, idnR
1000 	 zraR, idnR, fucR
1001 	 zraR, idnR, fucR
1002 	 zraR, melR, fucR
1003 	 zraR, idnR, fucR
1004 	 zraR, idnR, fucR
1005 	 zraR, melR, fucR
1006 	 zraR, idnR, fucR
1007 	 zraR, idnR, fucR
1008 	 zraR, melR, idnR
1009 	 zraR, idnR, fucR
1010 	 zraR, idnR, fucR
1011 	 zraR, melR, idnR
1012 	 zraR, yqjI, idnR, narL, gadX, soxS, arcA
1013 	 zraR, yqjI, idnR, narL, gadX, soxS, arcA
1014 	 zraR, melR, idnR
1015 	 zraR, yqjI, idnR, narL, gadX, soxS, arcA
1016 	 zraR, yqjI, idnR, narL, gadX, soxS, arcA
1017 	 zraR, melR, idnR
1018 	 zraR, yqjI, idnR, narL, gadX, soxS, arcA
1019 	 zraR, yqjI, idnR, narL, gadX, soxS, arcA
1020 	 zraR, melR, idnR, fucR
1021 	 zraR, yqjI, idnR, narL, gadX, soxS, arcA
1022 	 zraR, yqjI, idnR, narL, gadX, soxS, arcA
1023 	 zraR, melR, idnR, fucR
1024 	 zraR, yqjI, idnR, fucR, narL, gadX, soxS, arcA
1025 	 zraR, yqjI, idnR, fucR, narL, gadX, soxS, arcA
1026 	 zraR, melR, idnR, fucR
1027 	 zraR, yqjI, idnR, fucR, narL, gadX, soxS, arcA
1028 	 zraR, yqjI, idnR, fucR, narL, gadX, soxS, arcA
1029 	 zraR, melR, idnR, fucR
1030 	 zraR, yqjI, idnR, fucR, narL, gadX, soxS, arcA
1031 	 zraR, yqjI, idnR, fucR, narL, gadX, soxS, arcA
1032 	 zraR, melR, yqjI, fucR, narL, gadX, soxS, arcA
1033 	 zraR, yqjI, idnR, fucR, narL, gadX, soxS, arcA
1034 	 zraR, yqjI, idnR, fucR, narL, gadX, soxS, arcA
1035 	 zraR, melR, yqjI, fucR, narL, gadX, soxS, arcA
1036 	 zraR, idnR
1037 	 zraR, idnR
1038 	 zraR, melR, yqjI, fucR, narL, gadX, soxS, arcA
1039 	 zraR, idnR
1040 	 zraR, idnR
1041 	 zraR, melR, yqjI, fucR, narL, gadX, soxS, arcA
1042 	 zraR, idnR
1043 	 zraR, idnR
1044 	 zraR, melR, yqjI, idnR, narL, gadX, soxS, arcA
1045 	 zraR, idnR
1046 	 zraR, idnR
1047 	 zraR, melR, yqjI, idnR, narL, gadX, soxS, arcA
1048 	 zraR, idnR, fucR
1049 	 zraR, idnR, fucR
1050 	 zraR, melR, yqjI, idnR, narL, gadX, soxS, arcA
1051 	 zraR, idnR, fucR
1052 	 zraR, idnR, fucR
1053 	 zraR, melR, yqjI, idnR, narL, gadX, soxS, arcA
1054 	 zraR, idnR, fucR
1055 	 zraR, idnR, fucR
1056 	 zraR, melR, yqjI, idnR, fucR, narL, gadX, soxS, arcA
1057 	 zraR, idnR, fucR
1058 	 zraR, idnR, fucR
1059 	 zraR, melR, yqjI, idnR, fucR, narL, gadX, soxS, arcA
1060 	 zraR, yqjI, idnR, rhaS, narL, gadX, soxS, arcA
1061 	 zraR, yqjI, idnR, rhaS, narL, gadX, soxS, arcA
1062 	 zraR, melR, yqjI, idnR, fucR, narL, gadX, soxS, arcA
1063 	 zraR, yqjI, idnR, rhaS, narL, gadX, soxS, arcA
1064 	 zraR, yqjI, idnR, rhaS, narL, gadX, soxS, arcA
1065 	 zraR, melR, yqjI, idnR, fucR, narL, gadX, soxS, arcA
1066 	 zraR, melR
1067 	 zraR, melR
1068 	 zraR, melR
1069 	 zraR, melR
1070 	 zraR, melR, fucR
1071 	 zraR, melR, fucR
1072 	 zraR, melR, fucR
1073 	 zraR, melR, fucR
1074 	 zraR, melR, idnR
1075 	 zraR, melR, idnR
1076 	 zraR, melR, idnR
1077 	 zraR, melR, idnR
1078 	 zraR, melR, idnR, fucR
1079 	 zraR, melR, idnR, fucR
1080 	 zraR, melR, idnR, fucR
1081 	 zraR, melR, idnR, fucR
1082 	 zraR, melR, yqjI, fucR, rhaS, narL, gadX, soxS, arcA
1083 	 zraR, melR, yqjI, fucR, rhaS, narL, gadX, soxS, arcA
1084 	 zraR, melR, yqjI, fucR, rhaS, narL, gadX, soxS, arcA
1085 	 zraR, melR, yqjI, fucR, rhaS, narL, gadX, soxS, arcA
1086 	 zraR, melR, yqjI, idnR, rhaS, narL, gadX, soxS, arcA
1087 	 zraR, melR, yqjI, idnR, rhaS, narL, gadX, soxS, arcA
1088 	 zraR, melR, yqjI, idnR, rhaS, narL, gadX, soxS, arcA
1089 	 zraR, melR, yqjI, idnR, rhaS, narL, gadX, soxS, arcA
1090 	 zraR, melR, yqjI, idnR, fucR, rhaS, narL, gadX, soxS, arcA
1091 	 zraR, melR, yqjI, idnR, fucR, rhaS, narL, gadX, soxS, arcA
1092 	 zraR, melR, yqjI, idnR, fucR, rhaS, narL, gadX, soxS, arcA
1093 	 zraR, melR, yqjI, idnR, fucR, rhaS, narL, gadX, soxS, arcA
1094 	 zraR, melR, rhaS
1095 	 zraR, melR, rhaS
1096 	 zraR, melR, rhaS
1097 	 zraR, melR, rhaS
1098 	 zraR, melR, fucR, rhaS
1099 	 zraR, melR, fucR, rhaS
1100 	 zraR, melR, fucR, rhaS
1101 	 zraR, melR, fucR, rhaS
1102 	 zraR, melR, idnR, rhaS
1103 	 zraR, melR, idnR, rhaS
1104 	 zraR, melR, idnR, rhaS
1105 	 zraR, melR, idnR, rhaS
1106 	 zraR, melR, idnR, fucR, rhaS
1107 	 zraR, melR, idnR, fucR, rhaS
1108 	 zraR, melR, idnR, fucR, rhaS
1109 	 zraR, melR, idnR, fucR, rhaS
1110 	 zraR, melR, yqjI, narL, gadX, soxS, arcA
1111 	 zraR, melR, yqjI, narL, gadX, soxS, arcA
1112 	 zraR, melR, yqjI, narL, gadX, soxS, arcA
1113 	 zraR, melR, yqjI, narL, gadX, soxS, arcA
1114 	 zraR, melR, yqjI, narL, gadX, soxS, arcA
1115 	 zraR, melR, yqjI, narL, gadX, soxS, arcA
1116 	 zraR, melR, yqjI, narL, gadX, soxS, arcA
1117 	 zraR, melR, yqjI, fucR, narL, gadX, soxS, arcA
1118 	 zraR, melR, yqjI, narL, gadX, soxS, arcA
1119 	 zraR, melR, yqjI, fucR, narL, gadX, soxS, arcA
1120 	 zraR, melR, yqjI, fucR, narL, gadX, soxS, arcA
1121 	 zraR, melR, yqjI, fucR, narL, gadX, soxS, arcA
1122 	 zraR, melR, yqjI, fucR, narL, gadX, soxS, arcA
1123 	 zraR, melR, yqjI, fucR, narL, gadX, soxS, arcA
1124 	 zraR, melR, yqjI, fucR, narL, gadX, soxS, arcA
1125 	 zraR, melR, yqjI, idnR, narL, gadX, soxS, arcA
1126 	 zraR, melR, yqjI, fucR, narL, gadX, soxS, arcA
1127 	 zraR, melR, yqjI, idnR, narL, gadX, soxS, arcA
1128 	 zraR, melR, yqjI, idnR, narL, gadX, soxS, arcA
1129 	 zraR, melR, yqjI, idnR, narL, gadX, soxS, arcA
1130 	 zraR, melR, yqjI, idnR, narL, gadX, soxS, arcA
1131 	 zraR, melR, yqjI, idnR, narL, gadX, soxS, arcA
1132 	 zraR, melR, yqjI, idnR, narL, gadX, soxS, arcA
1133 	 zraR, melR, yqjI, idnR, fucR, narL, gadX, soxS, arcA
1134 	 zraR, melR, yqjI, idnR, narL, gadX, soxS, arcA
1135 	 zraR, melR, yqjI, idnR, fucR, narL, gadX, soxS, arcA
1136 	 zraR, melR, yqjI, idnR, fucR, narL, gadX, soxS, arcA
1137 	 zraR, melR, yqjI, idnR, fucR, narL, gadX, soxS, arcA
1138 	 zraR, melR, yqjI, idnR, fucR, narL, gadX, soxS, arcA
1139 	 zraR, melR, yqjI, idnR, fucR, narL, gadX, soxS, arcA
1140 	 zraR, melR, yqjI, idnR, fucR, narL, gadX, soxS, arcA
1141 	 zraR, melR, yqjI, narL, gadX, soxS, arcA
1142 	 zraR, melR, yqjI, idnR, fucR, narL, gadX, soxS, arcA
1143 	 zraR, melR, yqjI, narL, gadX, soxS, arcA
1144 	 zraR, melR, yqjI, narL, gadX, soxS, arcA
1145 	 zraR, melR, yqjI, narL, gadX, soxS, arcA
1146 	 zraR, melR, yqjI, narL, gadX, soxS, arcA
1147 	 zraR, melR, yqjI, narL, gadX, soxS, arcA
1148 	 zraR, melR, yqjI, narL, gadX, soxS, arcA
1149 	 zraR, melR, yqjI, fucR, narL, gadX, soxS, arcA
1150 	 zraR, melR, yqjI, narL, gadX, soxS, arcA
1151 	 zraR, melR, yqjI, fucR, narL, gadX, soxS, arcA
1152 	 zraR, melR, yqjI, fucR, narL, gadX, soxS, arcA
1153 	 zraR, melR, yqjI, fucR, narL, gadX, soxS, arcA
1154 	 zraR, melR, yqjI, fucR, narL, gadX, soxS, arcA
1155 	 zraR, melR, yqjI, fucR, narL, gadX, soxS, arcA
1156 	 zraR, melR, yqjI, fucR, narL, gadX, soxS, arcA
1157 	 zraR, melR, yqjI, idnR, narL, gadX, soxS, arcA
1158 	 zraR, melR, yqjI, fucR, narL, gadX, soxS, arcA
1159 	 zraR, melR, yqjI, idnR, narL, gadX, soxS, arcA
1160 	 zraR, melR, yqjI, idnR, narL, gadX, soxS, arcA
1161 	 zraR, melR, yqjI, idnR, narL, gadX, soxS, arcA
1162 	 zraR, melR, yqjI, idnR, fucR, narL, gadX, soxS, arcA
1163 	 zraR, melR, yqjI, idnR, fucR, narL, gadX, soxS, arcA
1164 	 zraR, melR, yqjI, idnR, narL, gadX, soxS, arcA
1165 	 zraR, melR, yqjI, idnR, fucR, narL, gadX, soxS, arcA
1166 	 zraR, melR, yqjI, idnR, narL, gadX, soxS, arcA
1167 	 zraR, melR, yqjI, idnR, narL, gadX, soxS, arcA
1168 	 zraR, melR, yqjI, idnR, fucR, narL, gadX, soxS, arcA
1169 	 zraR, melR, yqjI, idnR, fucR, narL, gadX, soxS, arcA
1170 	 zraR, melR, yqjI, idnR, narL, gadX, soxS, arcA
1171 	 zraR, melR, yqjI, idnR, fucR, narL, gadX, soxS, arcA
1172 	 zraR, melR, yqjI, idnR, fucR, narL, gadX, soxS, arcA
1173 	 zraR, yqjI, idnR, rhaS, narL, gadX, soxS, arcA
1174 	 zraR, melR, yqjI, idnR, fucR, narL, gadX, soxS, arcA
1175 	 zraR, yqjI, idnR, fucR, rhaS, narL, gadX, soxS, arcA
1176 	 zraR, yqjI, idnR, fucR, rhaS, narL, gadX, soxS, arcA
1177 	 zraR, yqjI, idnR, fucR, rhaS, narL, gadX, soxS, arcA
1178 	 zraR, yqjI, idnR, fucR, rhaS, narL, gadX, soxS, arcA
1179 	 zraR, yqjI, idnR, fucR, rhaS, narL, gadX, soxS, arcA
1180 	 zraR, yqjI, idnR, rhaS, narL, gadX, soxS, arcA
1181 	 zraR, yqjI, idnR, rhaS, narL, gadX, soxS, arcA
1182 	 zraR, yqjI, idnR, fucR, rhaS, narL, gadX, soxS, arcA
1183 	 zraR, yqjI, idnR, fucR, rhaS, narL, gadX, soxS, arcA
1184 	 zraR, yqjI, idnR, rhaS, narL, gadX, soxS, arcA
1185 	 zraR, melR, yqjI, rhaS, narL, gadX, soxS, arcA
1186 	 zraR, yqjI, idnR, fucR, rhaS, narL, gadX, soxS, arcA
1187 	 zraR, melR, yqjI, idnR, rhaS, narL, gadX, soxS, arcA
1188 	 zraR, melR, yqjI, rhaS, narL, gadX, soxS, arcA
1189 	 zraR, melR, yqjI, rhaS, narL, gadX, soxS, arcA
1190 	 zraR, melR, yqjI, rhaS, narL, gadX, soxS, arcA
1191 	 zraR, melR, yqjI, fucR, rhaS, narL, gadX, soxS, arcA
1192 	 zraR, melR, yqjI, idnR, rhaS, narL, gadX, soxS, arcA
1193 	 zraR, melR, yqjI, rhaS, narL, gadX, soxS, arcA
1194 	 zraR, melR, yqjI, rhaS, narL, gadX, soxS, arcA
1195 	 zraR, melR, yqjI, fucR, rhaS, narL, gadX, soxS, arcA
1196 	 zraR, melR, yqjI, fucR, rhaS, narL, gadX, soxS, arcA
1197 	 zraR, melR, yqjI, idnR, rhaS, narL, gadX, soxS, arcA
1198 	 zraR, melR, yqjI, idnR, rhaS, narL, gadX, soxS, arcA
1199 	 zraR, melR, yqjI, idnR, rhaS, narL, gadX, soxS, arcA
1200 	 zraR, melR, yqjI, idnR, fucR, rhaS, narL, gadX, soxS, arcA
1201 	 zraR, melR, yqjI, idnR, fucR, rhaS, narL, gadX, soxS, arcA
1202 	 zraR, melR, yqjI, fucR, rhaS, narL, gadX, soxS, arcA
1203 	 zraR, melR, yqjI, fucR, rhaS, narL, gadX, soxS, arcA
1204 	 zraR, melR, yqjI, idnR, rhaS, narL, gadX, soxS, arcA
1205 	 zraR, melR, yqjI, idnR, fucR, rhaS, narL, gadX, soxS, arcA
1206 	 zraR, melR, yqjI, fucR, rhaS, narL, gadX, soxS, arcA
1207 	 zraR, melR, yqjI, rhaS, narL, gadX, soxS, arcA
1208 	 zraR, melR, yqjI, idnR, fucR, rhaS, narL, gadX, soxS, arcA
1209 	 zraR, melR, yqjI, fucR, rhaS, narL, gadX, soxS, arcA
1210 	 zraR, melR, yqjI, rhaS, narL, gadX, soxS, arcA
1211 	 zraR, melR, yqjI, idnR, fucR, rhaS, narL, gadX, soxS, arcA
1212 	 zraR, melR, yqjI, idnR, fucR, rhaS, narL, gadX, soxS, arcA
1213 	 zraR, melR, yqjI, idnR, rhaS, narL, gadX, soxS, arcA
1214 	 zraR, melR, yqjI, fucR, rhaS, narL, gadX, soxS, arcA
1215 	 zraR, melR, yqjI, idnR, fucR, rhaS, narL, gadX, soxS, arcA
1216 	 zraR, melR, yqjI, idnR, rhaS, narL, gadX, soxS, arcA
1217 	 zraR, melR
1218 	 zraR, melR, yqjI, idnR, fucR, rhaS, narL, gadX, soxS, arcA
1219 	 zraR, melR
1220 	 zraR, melR
1221 	 zraR, melR
1222 	 zraR, melR, fucR
1223 	 zraR, melR, fucR
1224 	 zraR, melR
1225 	 zraR, melR, idnR
1226 	 zraR, melR, fucR
1227 	 zraR, melR, idnR
1228 	 zraR, melR
1229 	 zraR, melR, idnR, fucR
1230 	 zraR, melR, fucR
1231 	 zraR, melR, idnR
1232 	 zraR, melR, idnR
1233 	 zraR, melR, idnR, fucR
1234 	 zraR, melR, idnR, fucR
1235 	 zraR, melR, idnR, fucR
1236 	 zraR, melR
1237 	 zraR, melR, fucR
1238 	 zraR, melR, idnR
1239 	 zraR, melR, idnR, fucR
1240 	 zraR, melR
1241 	 zraR, melR
1242 	 zraR, melR, idnR
1243 	 zraR, melR, fucR
1244 	 zraR, melR, fucR
1245 	 zraR, melR, idnR
1246 	 zraR, melR, idnR, fucR
1247 	 zraR, melR, idnR, fucR
1248 	 zraR, melR
1249 	 zraR, melR, idnR
1250 	 zraR, melR, fucR
1251 	 zraR, melR, idnR, fucR
1252 	 zraR, idnR, rhaS
1253 	 zraR, idnR, rhaS
1254 	 zraR, idnR, fucR, rhaS
1255 	 zraR, idnR, rhaS
1256 	 zraR, idnR, fucR, rhaS
1257 	 zraR, idnR, fucR, rhaS
1258 	 zraR, idnR, rhaS
1259 	 zraR, idnR, fucR, rhaS
1260 	 zraR, melR, rhaS
1261 	 zraR, melR, rhaS
1262 	 zraR, melR, idnR, rhaS
1263 	 zraR, melR, idnR, rhaS
1264 	 zraR, melR, fucR, rhaS
1265 	 zraR, melR, rhaS
1266 	 zraR, melR, idnR, fucR, rhaS
1267 	 zraR, melR, rhaS
1268 	 zraR, melR, fucR, rhaS
1269 	 zraR, melR, idnR, rhaS
1270 	 zraR, melR, idnR, fucR, rhaS
1271 	 zraR, melR, fucR, rhaS
1272 	 zraR, melR, fucR, rhaS
1273 	 zraR, melR, idnR, rhaS
1274 	 zraR, melR, idnR, fucR, rhaS
1275 	 zraR, melR, idnR, fucR, rhaS
1276 	 zraR, yqjI, idnR, narL, gadX, soxS, arcA
1277 	 zraR, yqjI, idnR, narL, gadX, soxS, arcA
1278 	 zraR, melR, yqjI, narL, gadX, soxS, arcA
1279 	 zraR, yqjI, idnR, fucR, narL, gadX, soxS, arcA
1280 	 zraR, melR, yqjI, narL, gadX, soxS, arcA
1281 	 zraR, yqjI, idnR, narL, gadX, soxS, arcA
1282 	 zraR, melR, yqjI, fucR, narL, gadX, soxS, arcA
1283 	 zraR, yqjI, idnR, fucR, narL, gadX, soxS, arcA
1284 	 zraR, melR, yqjI, narL, gadX, soxS, arcA
1285 	 zraR, yqjI, idnR, fucR, narL, gadX, soxS, arcA
1286 	 zraR, melR, yqjI, idnR, narL, gadX, soxS, arcA
1287 	 zraR, melR, yqjI, fucR, narL, gadX, soxS, arcA
1288 	 zraR, melR, yqjI, idnR, fucR, narL, gadX, soxS, arcA
1289 	 zraR, melR, yqjI, narL, gadX, soxS, arcA
1290 	 zraR, melR, yqjI, idnR, narL, gadX, soxS, arcA
1291 	 zraR, yqjI, idnR, narL, gadX, soxS, arcA
1292 	 zraR, melR, yqjI, idnR, fucR, narL, gadX, soxS, arcA
1293 	 zraR, yqjI, idnR, fucR, narL, gadX, soxS, arcA
1294 	 zraR, melR, yqjI, fucR, narL, gadX, soxS, arcA
1295 	 zraR, melR, yqjI, idnR, narL, gadX, soxS, arcA
1296 	 zraR, melR, yqjI, idnR, narL, gadX, soxS, arcA
1297 	 zraR, melR, yqjI, fucR, narL, gadX, soxS, arcA
1298 	 zraR, melR, yqjI, idnR, fucR, narL, gadX, soxS, arcA
1299 	 zraR, melR, yqjI, idnR, fucR, narL, gadX, soxS, arcA
1300 	 zraR, melR, yqjI, narL, gadX, soxS, arcA
1301 	 zraR, yqjI, idnR, narL, gadX, soxS, arcA
1302 	 zraR, yqjI, idnR, narL, gadX, soxS, arcA
1303 	 zraR, melR, yqjI, fucR, narL, gadX, soxS, arcA
1304 	 zraR, melR, yqjI, narL, gadX, soxS, arcA
1305 	 zraR, yqjI, idnR, fucR, narL, gadX, soxS, arcA
1306 	 zraR, yqjI, idnR, fucR, narL, gadX, soxS, arcA
1307 	 zraR, melR, yqjI, fucR, narL, gadX, soxS, arcA
1308 	 zraR, melR, yqjI, idnR, narL, gadX, soxS, arcA
1309 	 zraR, yqjI, idnR, narL, gadX, soxS, arcA
1310 	 zraR, melR, yqjI, idnR, narL, gadX, soxS, arcA
1311 	 zraR, yqjI, idnR, narL, gadX, soxS, arcA
1312 	 zraR, melR, yqjI, idnR, fucR, narL, gadX, soxS, arcA
1313 	 zraR, melR, yqjI, narL, gadX, soxS, arcA
1314 	 zraR, yqjI, idnR, fucR, narL, gadX, soxS, arcA
1315 	 zraR, melR, yqjI, narL, gadX, soxS, arcA
1316 	 zraR, yqjI, idnR, fucR, narL, gadX, soxS, arcA
1318 	 zraR, melR, yqjI, idnR, fucR, narL, gadX, soxS, arcA
1319 	 zraR, melR, yqjI, fucR, narL, gadX, soxS, arcA
1320 	 zraR, melR, yqjI, idnR, narL, gadX, soxS, arcA
1321 	 zraR, melR, yqjI, idnR, narL, gadX, soxS, arcA
1322 	 zraR, melR, yqjI, idnR, fucR, narL, gadX, soxS, arcA
1323 	 zraR, melR, yqjI, fucR, narL, gadX, soxS, arcA
1324 	 zraR, melR, yqjI, idnR, fucR, narL, gadX, soxS, arcA
1325 	 zraR, melR, yqjI, rhaS, narL, gadX, soxS, arcA
1326 	 zraR, melR, yqjI, rhaS, narL, gadX, soxS, arcA
1327 	 zraR, yqjI, idnR, rhaS, narL, gadX, soxS, arcA
1328 	 zraR, melR, yqjI, rhaS, narL, gadX, soxS, arcA
1329 	 zraR, yqjI, idnR, rhaS, narL, gadX, soxS, arcA
1330 	 zraR, melR, yqjI, fucR, rhaS, narL, gadX, soxS, arcA
1331 	 zraR, yqjI, idnR, rhaS, narL, gadX, soxS, arcA
1332 	 zraR, melR, yqjI, fucR, rhaS, narL, gadX, soxS, arcA
1333 	 zraR, yqjI, idnR, fucR, rhaS, narL, gadX, soxS, arcA
1334 	 zraR, melR, yqjI, rhaS, narL, gadX, soxS, arcA
1335 	 zraR, melR, yqjI, idnR, rhaS, narL, gadX, soxS, arcA
1336 	 zraR, melR, yqjI, fucR, rhaS, narL, gadX, soxS, arcA
1337 	 zraR, melR, yqjI, idnR, rhaS, narL, gadX, soxS, arcA
1338 	 zraR, melR, yqjI, idnR, rhaS, narL, gadX, soxS, arcA
1339 	 zraR, yqjI, idnR, rhaS, narL, gadX, soxS, arcA
1340 	 zraR, melR, yqjI, idnR, fucR, rhaS, narL, gadX, soxS, arcA
1341 	 zraR, melR, yqjI, idnR, rhaS, narL, gadX, soxS, arcA
1342 	 zraR, yqjI, idnR, fucR, rhaS, narL, gadX, soxS, arcA
1343 	 zraR, melR, yqjI, idnR, fucR, rhaS, narL, gadX, soxS, arcA
1344 	 zraR, yqjI, idnR, fucR, rhaS, narL, gadX, soxS, arcA
1345 	 zraR, yqjI, idnR, fucR, rhaS, narL, gadX, soxS, arcA
1346 	 zraR, melR, yqjI, idnR, fucR, rhaS, narL, gadX, soxS, arcA
1347 	 zraR, melR, yqjI, fucR, rhaS, narL, gadX, soxS, arcA
1348 	 zraR, melR, yqjI, idnR, fucR, rhaS, narL, gadX, soxS, arcA
1349 	 zraR, melR
1350 	 zraR, melR, idnR
1351 	 zraR, melR, idnR
1352 	 zraR, melR, idnR
1353 	 zraR, melR
1354 	 zraR, melR, idnR
1355 	 zraR, melR, fucR
1356 	 zraR, melR, idnR, fucR
1357 	 zraR, melR, fucR
1358 	 zraR, melR, idnR, fucR
1359 	 zraR, melR, fucR
1360 	 zraR, melR, fucR
1361 	 zraR, melR, idnR, fucR
1362 	 zraR, melR, idnR, fucR
1363 	 zraR, idnR
1364 	 zraR, idnR, fucR
1365 	 zraR, melR
1366 	 zraR, melR, fucR
1367 	 zraR, idnR
1368 	 zraR, idnR, fucR
1369 	 zraR, melR
1370 	 zraR, melR, fucR
1371 	 zraR, melR, idnR
1372 	 zraR, idnR
1373 	 zraR, melR, idnR
1374 	 zraR, melR
1375 	 zraR, melR, idnR, fucR
1376 	 zraR, melR, fucR
1377 	 zraR, melR, idnR, fucR
1378 	 zraR, idnR
1379 	 zraR, idnR, fucR
1380 	 zraR, melR, idnR
1381 	 zraR, melR, idnR, fucR
1382 	 zraR, melR
1383 	 zraR, melR, idnR
1384 	 zraR, melR, fucR
1385 	 zraR, idnR, fucR
1386 	 zraR, melR, idnR, fucR
1387 	 zraR, melR
1388 	 zraR, melR
1389 	 zraR, melR
1390 	 zraR, melR
1391 	 zraR, melR, idnR
1392 	 zraR, melR, idnR
1393 	 zraR, melR, idnR
1394 	 zraR, melR, idnR
1396 	 zraR, melR, fucR
1397 	 zraR, melR, fucR
1398 	 zraR, melR, idnR, fucR
1399 	 zraR, melR, idnR, fucR
1400 	 zraR, melR, fucR
1401 	 zraR, melR, idnR, fucR
1402 	 zraR, melR, fucR
1403 	 zraR, melR, idnR, fucR
1404 	 zraR, melR
1405 	 zraR, idnR
1406 	 zraR, idnR
1407 	 zraR, melR
1408 	 zraR, melR
1409 	 zraR, idnR
1410 	 zraR, idnR
1411 	 zraR, melR, idnR
1412 	 zraR, melR, fucR
1413 	 zraR, melR, idnR
1414 	 zraR, melR
1415 	 zraR, melR, idnR
1416 	 zraR, idnR, fucR
1417 	 zraR, idnR, fucR
1418 	 zraR, idnR, fucR
1419 	 zraR, melR, idnR
1420 	 zraR, idnR, fucR
1421 	 zraR, melR, fucR
1422 	 zraR, melR, fucR
1423 	 zraR, melR, fucR
1424 	 zraR, melR, idnR, fucR
1425 	 zraR, melR, idnR, fucR
1426 	 zraR, melR, idnR, fucR
1427 	 zraR, melR, idnR, fucR
1428 	 zraR, melR, rhaS
1429 	 zraR, idnR, rhaS
1430 	 zraR, idnR, fucR, rhaS
1431 	 zraR, melR, rhaS
1432 	 zraR, melR, fucR, rhaS
1433 	 zraR, idnR, rhaS
1434 	 zraR, idnR, fucR, rhaS
1435 	 zraR, melR, fucR, rhaS
1436 	 zraR, melR, rhaS
1437 	 zraR, melR, idnR, rhaS
1438 	 zraR, idnR, rhaS
1439 	 zraR, melR, idnR, rhaS
1440 	 zraR, idnR, fucR, rhaS
1441 	 zraR, melR, idnR, fucR, rhaS
1442 	 zraR, idnR, rhaS
1443 	 zraR, melR, idnR, fucR, rhaS
1444 	 zraR, melR, rhaS
1445 	 zraR, melR, fucR, rhaS
1446 	 zraR, melR, idnR, rhaS
1447 	 zraR, melR, idnR, fucR, rhaS
1448 	 zraR, melR, idnR, rhaS
1449 	 zraR, idnR, fucR, rhaS
1450 	 zraR, melR, fucR, rhaS
1451 	 zraR, melR, idnR, fucR, rhaS
1452 	 zraR, melR, rhaS
1453 	 zraR, idnR, rhaS
1454 	 zraR, idnR, rhaS
1455 	 zraR, idnR, fucR, rhaS
1456 	 zraR, idnR, rhaS
1457 	 zraR, idnR, fucR, rhaS
1458 	 zraR, melR, idnR, rhaS
1459 	 zraR, melR, rhaS
1460 	 zraR, melR, fucR, rhaS
1461 	 zraR, melR, rhaS
1462 	 zraR, melR, idnR, rhaS
1463 	 zraR, melR, idnR, rhaS
1464 	 zraR, melR, fucR, rhaS
1465 	 zraR, melR, idnR, fucR, rhaS
1466 	 zraR, melR, fucR, rhaS
1467 	 zraR, idnR, rhaS
1468 	 zraR, melR, idnR, fucR, rhaS
1469 	 zraR, idnR, fucR, rhaS
1470 	 zraR, melR, rhaS
1471 	 zraR, melR, fucR, rhaS
1472 	 zraR, melR, idnR, rhaS
1473 	 zraR, idnR, fucR, rhaS
1474 	 zraR, melR, idnR, fucR, rhaS
1475 	 zraR, melR, idnR, fucR, rhaS
