4 	 rcsA, fhlA
5 	 rcsA, fhlA, araC
6 	 rcsA
7 	 rcsA, fhlA
8 	 rcsA, fhlA, rhaS
9 	 rcsA, fhlA
10 	 rcsA, fhlA
11 	 rcsA, araC
12 	 fhlA
13 	 rcsA
14 	 rcsA, fhlA, rhaS, araC
15 	 rcsA
16 	 fhlA, rhaS
17 	 rcsA, fhlA
18 	 rcsA, rhaS
19 	 fhlA
20 	 rcsA, fhlA, araC
21 	 rcsA, fhlA, rhaS
22 	 rcsA, araC
23 	 fhlA, rhaS
24 	 rcsA, fhlA, rhaS
26 	 rcsA, fhlA, rhaS
27 	 rcsA
28 	 fhlA, araC
29 	 rcsA, fhlA, araC
30 	 fhlA, rhaS, araC
31 	 rcsA, araC
32 	 fhlA
33 	 rcsA
34 	 fhlA, araC
35 	 rcsA, fhlA, rhaS
36 	 rcsA, rhaS
37 	 rcsA, fhlA, rhaS, araC
38 	 rcsA, rhaS
39 	 rcsA, rhaS, araC
40 	 fhlA, rhaS
41 	 fhlA
42 	 rhaS
43 	 fhlA, rhaS, araC
44 	 rcsA, fhlA, araC
45 	 rhaS
46 	 rcsA, fhlA, rhaS, araC
47 	 fhlA, rhaS
48 	 rcsA, rhaS
49 	 rcsA, fhlA, araC
50 	 rcsA, rhaS
51 	 rcsA, fhlA, rhaS, araC
53 	 fhlA, araC
54 	 rcsA, fhlA, rhaS, araC
55 	 rcsA, rhaS, araC
56 	 rcsA, araC
57 	 araC
58 	 rhaS
59 	 fhlA, araC
60 	 rcsA, rhaS, araC
61 	 araC
62 	 rhaS
63 	 fhlA, rhaS, araC
64 	 rcsA, araC
65 	 rhaS, araC
66 	 fhlA
67 	 fhlA, rhaS, araC
68 	 rcsA, rhaS, araC
69 	 rhaS, araC
70 	 rcsA, rhaS, araC
71 	 fhlA, rhaS
72 	 rhaS
73 	 fhlA, araC
74 	 araC
75 	 fhlA, rhaS, araC
76 	 araC
77 	 rhaS, araC
78 	 rhaS, araC
79 	 araC
80 	 rhaS, araC
