1 	 csgD, fucR
2 	 csgD, fucR
3 	 csgD, fucR
4 	 csgD, fucR
5 	 csgD
6 	 csgD, fucR
7 	 csgD, fucR
8 	 csgD
9 	 fucR
10 	 csgD, fucR
11 	 csgD
12 	 csgD, fucR
13 	 fucR
14 	 csgD
15 	 csgD, fucR
16 	 fucR
17 	 csgD, fucR
18 	 csgD, fucR
19 	 fucR
21 	 csgD, fucR
23 	 csgD
24 	 csgD
25 	 fucR
26 	 fucR
28 	 fucR
30 	 csgD, fucR
32 	 fucR
33 	 csgD
34 	 fucR
35 	 csgD, fucR
37 	 csgD
38 	 fucR
39 	 csgD
40 	 csgD, fucR
42 	 csgD, fucR
44 	 csgD
45 	 fucR
46 	 fucR
47 	 fucR
48 	 csgD
49 	 fucR
50 	 csgD
51 	 fucR
52 	 csgD
54 	 csgD
60 	 csgD
62 	 csgD
65 	 fucR
