46 	 araC
47 	 araC, hyfR
49 	 araC
50 	 araC, hyfR
51 	 araC, fucR
52 	 araC, fucR, hyfR
53 	 araC, fucR
54 	 araC, fucR, hyfR
55 	 zraR, araC
57 	 zraR, araC, hyfR
58 	 hyfR
59 	 zraR, araC
60 	 hyfR
61 	 zraR, araC, hyfR
62 	 fucR
63 	 zraR, araC, fucR
64 	 fucR, hyfR
65 	 zraR, araC, fucR, hyfR
66 	 fucR
67 	 zraR, araC, fucR
68 	 melR, araC
69 	 zraR, araC, fucR, hyfR
70 	 fucR, hyfR
71 	 melR, araC
72 	 melR, araC, hyfR
73 	 melR, araC, hyfR
74 	 melR, araC, fucR
75 	 melR, araC, fucR
76 	 melR, araC, fucR, hyfR
77 	 melR, araC, fucR, hyfR
78 	 melR
79 	 zraR, melR, araC
80 	 melR, hyfR
81 	 zraR, melR, araC
82 	 melR
83 	 zraR, melR, araC, hyfR
84 	 melR, hyfR
85 	 zraR, melR, araC, hyfR
86 	 melR, fucR
87 	 zraR, melR, araC, fucR
88 	 melR, fucR
89 	 zraR, melR, araC, fucR
90 	 melR, fucR, hyfR
91 	 zraR, melR, araC, fucR, hyfR
92 	 melR, fucR, hyfR
93 	 zraR, melR, araC, fucR, hyfR
94 	 zraR
95 	 zraR
96 	 zraR, hyfR
98 	 zraR, hyfR
99 	 zraR, fucR
100 	 zraR, fucR, hyfR
101 	 zraR, fucR
102 	 zraR, fucR, hyfR
103 	 zraR, melR
104 	 zraR, melR, hyfR
105 	 zraR, melR
106 	 zraR, melR, hyfR
107 	 zraR, melR, fucR
108 	 zraR, melR, fucR, hyfR
109 	 zraR, melR, fucR
110 	 zraR, melR, fucR, hyfR
111 	 araC
113 	 araC
115 	 araC, fucR
117 	 araC, fucR
118 	 araC
150 	 araC
151 	 araC, hyfR
152 	 araC, hyfR
153 	 araC, fucR
154 	 araC, fucR
155 	 araC, fucR, hyfR
156 	 araC, fucR, hyfR
158 	 zraR, araC
159 	 hyfR
160 	 zraR, araC
162 	 zraR, araC, hyfR
163 	 hyfR
164 	 zraR, araC, hyfR
165 	 fucR
166 	 zraR, araC, fucR
167 	 fucR
168 	 zraR, araC, fucR
169 	 fucR, hyfR
170 	 zraR, araC, fucR, hyfR
171 	 fucR, hyfR
172 	 zraR, araC, fucR, hyfR
173 	 melR, araC
174 	 melR, araC, hyfR
175 	 melR, araC
176 	 melR, araC, hyfR
177 	 melR, araC, fucR
178 	 melR, araC, fucR, hyfR
179 	 melR, araC, fucR
180 	 melR, araC, fucR, hyfR
181 	 melR
182 	 zraR, melR, araC
183 	 melR
184 	 zraR, melR, araC, hyfR
185 	 melR, hyfR
186 	 zraR, melR, araC
187 	 melR, hyfR
188 	 zraR, melR, araC, hyfR
189 	 melR, fucR
190 	 zraR, melR, araC, fucR
191 	 melR, fucR, hyfR
192 	 zraR, melR, araC, fucR, hyfR
193 	 melR, fucR
194 	 zraR, melR, araC, fucR
195 	 melR, fucR, hyfR
196 	 zraR, melR, araC, fucR, hyfR
197 	 zraR
198 	 zraR, hyfR
199 	 zraR
200 	 zraR, hyfR
201 	 zraR, fucR
202 	 zraR, fucR, hyfR
203 	 zraR, fucR
204 	 zraR, fucR, hyfR
205 	 zraR, melR
206 	 zraR, melR, hyfR
207 	 zraR, melR
208 	 zraR, melR, hyfR
209 	 zraR, melR, fucR
210 	 zraR, melR, fucR, hyfR
211 	 zraR, melR, fucR
212 	 zraR, melR, fucR, hyfR
213 	 araC
214 	 araC
215 	 zraR, araC
216 	 araC, fucR
217 	 araC, fucR
218 	 melR, araC
219 	 zraR, araC
220 	 melR, araC
221 	 zraR, araC
222 	 melR, araC
223 	 zraR, araC
224 	 melR, araC
225 	 zraR, araC, fucR
226 	 melR, araC, fucR
227 	 zraR, araC, fucR
228 	 melR, araC, fucR
229 	 zraR, araC, fucR
230 	 melR, araC, fucR
231 	 zraR, araC, fucR
232 	 melR, araC, fucR
237 	 fucR
238 	 fucR
239 	 fucR
240 	 fucR
241 	 zraR
242 	 melR
243 	 zraR
244 	 melR
245 	 zraR
246 	 melR
247 	 zraR
248 	 melR
249 	 zraR, fucR
250 	 melR, fucR
251 	 zraR, fucR
252 	 melR, fucR
253 	 zraR, fucR
254 	 melR, fucR
255 	 zraR, fucR
256 	 melR, fucR
257 	 zraR, melR, araC
258 	 zraR, melR, araC
259 	 zraR, melR, araC
260 	 zraR, melR, araC
261 	 zraR, melR, araC, fucR
262 	 zraR, melR, araC, fucR
263 	 zraR, melR, araC, fucR
264 	 zraR, melR, araC, fucR
265 	 zraR, melR
266 	 zraR, melR
267 	 zraR, melR
268 	 zraR, melR
269 	 zraR, melR, fucR
270 	 zraR, melR, fucR
271 	 zraR, melR, fucR
272 	 zraR, melR, fucR
273 	 rhaR, rhaS, araC
274 	 rhaR, rhaS, araC
275 	 rhaR, rhaS, araC, hyfR
276 	 rhaR, rhaS, araC, hyfR
277 	 rhaR, rhaS, araC
278 	 rhaR, rhaS, araC
279 	 rhaR, rhaS, araC, hyfR
280 	 rhaR, rhaS, araC, hyfR
281 	 rhaR, rhaS, araC, fucR
282 	 rhaR, rhaS, araC, fucR
283 	 rhaR, rhaS, araC, fucR, hyfR
284 	 rhaR, rhaS, araC, fucR, hyfR
285 	 rhaR, rhaS, araC, fucR
286 	 rhaR, rhaS, araC, fucR
287 	 rhaR, rhaS, araC, fucR, hyfR
288 	 rhaR, rhaS, araC, fucR, hyfR
289 	 rhaR, rhaS
290 	 rhaR, rhaS, melR, araC
291 	 rhaR, rhaS, zraR, araC
292 	 rhaR, rhaS
293 	 rhaR, rhaS, melR, araC, hyfR
294 	 rhaR, rhaS, zraR, araC
295 	 rhaR, rhaS, melR, araC
296 	 rhaR, rhaS, hyfR
297 	 rhaR, rhaS, zraR, araC, hyfR
298 	 rhaR, rhaS, melR, araC, hyfR
299 	 rhaR, rhaS, hyfR
300 	 rhaR, rhaS, zraR, araC, hyfR
301 	 rhaR, rhaS, melR, araC
302 	 rhaR, rhaS
303 	 rhaR, rhaS, zraR, araC
304 	 rhaR, rhaS, melR, araC, hyfR
305 	 rhaR, rhaS
306 	 rhaR, rhaS, zraR, araC, hyfR
307 	 rhaR, rhaS, melR, araC
308 	 rhaR, rhaS, hyfR
309 	 rhaR, rhaS, zraR, araC
310 	 rhaR, rhaS, melR, araC, hyfR
311 	 rhaR, rhaS, hyfR
312 	 rhaR, rhaS, zraR, araC, hyfR
313 	 rhaR, rhaS, melR, araC, fucR
314 	 rhaR, rhaS, fucR
315 	 rhaR, rhaS, zraR, araC, fucR
316 	 rhaR, rhaS, melR, araC, fucR, hyfR
317 	 rhaR, rhaS, fucR
318 	 rhaR, rhaS, zraR, araC, fucR, hyfR
319 	 rhaR, rhaS, melR, araC, fucR
320 	 rhaR, rhaS, fucR, hyfR
321 	 rhaR, rhaS, zraR, araC, fucR
322 	 rhaR, rhaS, melR, araC, fucR
323 	 rhaR, rhaS, zraR, araC, fucR, hyfR
324 	 rhaR, rhaS, melR, araC, fucR, hyfR
325 	 rhaR, rhaS, fucR, hyfR
326 	 rhaR, rhaS, zraR, araC, fucR
327 	 rhaR, rhaS, melR, araC, fucR, hyfR
328 	 rhaR, rhaS, fucR
329 	 rhaR, rhaS, zraR, araC, fucR, hyfR
330 	 rhaR, rhaS, melR, araC, fucR
331 	 rhaR, rhaS, fucR
332 	 rhaR, rhaS, zraR, araC, fucR
333 	 rhaR, rhaS, melR, araC, fucR, hyfR
334 	 rhaR, rhaS, fucR, hyfR
335 	 rhaR, rhaS, zraR, araC, fucR, hyfR
336 	 rhaR, rhaS, fucR, hyfR
337 	 rhaR, rhaS, zraR
338 	 rhaR, rhaS, zraR, melR, araC
339 	 rhaR, rhaS, zraR
340 	 rhaR, rhaS, zraR, melR, araC, hyfR
341 	 rhaR, rhaS, zraR, hyfR
342 	 rhaR, rhaS, zraR, melR, araC
343 	 rhaR, rhaS, zraR, hyfR
344 	 rhaR, rhaS, zraR, melR, araC, hyfR
345 	 rhaR, rhaS, zraR
346 	 rhaR, rhaS, zraR, melR, araC
347 	 rhaR, rhaS, zraR, hyfR
348 	 rhaR, rhaS, zraR, melR, araC
349 	 rhaR, rhaS, zraR
350 	 rhaR, rhaS, zraR, melR, araC, hyfR
351 	 rhaR, rhaS, zraR, hyfR
352 	 rhaR, rhaS, zraR, melR, araC, hyfR
353 	 rhaR, rhaS, zraR, fucR
354 	 rhaR, rhaS, zraR, melR, araC, fucR
355 	 rhaR, rhaS, zraR, fucR
356 	 rhaR, rhaS, zraR, melR, araC, fucR, hyfR
357 	 rhaR, rhaS, zraR, fucR, hyfR
358 	 rhaR, rhaS, zraR, melR, araC, fucR
359 	 rhaR, rhaS, zraR, fucR, hyfR
360 	 rhaR, rhaS, zraR, melR, araC, fucR, hyfR
361 	 rhaR, rhaS, zraR, fucR
362 	 rhaR, rhaS, zraR, melR, araC, fucR
363 	 rhaR, rhaS, zraR, fucR, hyfR
364 	 rhaR, rhaS, zraR, melR, araC, fucR
365 	 rhaR, rhaS, zraR, fucR
366 	 rhaR, rhaS, zraR, melR, araC, fucR, hyfR
367 	 rhaR, rhaS, zraR, fucR, hyfR
368 	 rhaR, rhaS, zraR, melR, araC, fucR, hyfR
369 	 rhaR, rhaS, melR
370 	 rhaR, rhaS, melR
371 	 rhaR, rhaS, melR, hyfR
372 	 rhaR, rhaS, melR, hyfR
373 	 rhaR, rhaS, melR
374 	 rhaR, rhaS, melR
375 	 rhaR, rhaS, melR, hyfR
376 	 rhaR, rhaS, melR, hyfR
377 	 rhaR, rhaS, melR, fucR
378 	 rhaR, rhaS, melR, fucR
379 	 rhaR, rhaS, melR, fucR, hyfR
380 	 rhaR, rhaS, melR, fucR, hyfR
381 	 rhaR, rhaS, melR, fucR
382 	 rhaR, rhaS, melR, fucR
383 	 rhaR, rhaS, melR, fucR, hyfR
384 	 rhaR, rhaS, melR, fucR, hyfR
385 	 rhaR, rhaS, zraR, melR
386 	 rhaR, rhaS, zraR, melR
387 	 rhaR, rhaS, zraR, melR, hyfR
388 	 rhaR, rhaS, zraR, melR, hyfR
389 	 rhaR, rhaS, zraR, melR
390 	 rhaR, rhaS, zraR, melR
391 	 rhaR, rhaS, zraR, melR, hyfR
392 	 rhaR, rhaS, zraR, melR, hyfR
393 	 rhaR, rhaS, zraR, melR, fucR
394 	 rhaR, rhaS, zraR, melR, fucR
395 	 rhaR, rhaS, zraR, melR, fucR, hyfR
396 	 rhaR, rhaS, zraR, melR, fucR, hyfR
397 	 rhaR, rhaS, zraR, melR, fucR
398 	 rhaR, rhaS, zraR, melR, fucR
399 	 rhaR, rhaS, zraR, melR, fucR, hyfR
400 	 rhaR, rhaS, zraR, melR, fucR, hyfR
401 	 rhaR, rhaS, araC
402 	 rhaR, rhaS, araC
403 	 rhaR, rhaS, araC
404 	 rhaR, rhaS, araC
405 	 rhaR, rhaS, araC, fucR
406 	 rhaR, rhaS, araC, fucR
407 	 rhaR, rhaS, araC, fucR
408 	 rhaR, rhaS, araC, fucR
409 	 rhaR, rhaS, zraR, araC
410 	 rhaR, rhaS, melR, araC
411 	 rhaR, rhaS, zraR, araC
412 	 rhaR, rhaS, melR, araC
413 	 rhaR, rhaS, zraR, araC
414 	 rhaR, rhaS, melR, araC
415 	 rhaR, rhaS, zraR, araC
416 	 rhaR, rhaS, melR, araC
417 	 rhaR, rhaS, zraR, araC, fucR
418 	 rhaR, rhaS, melR, araC, fucR
419 	 rhaR, rhaS, zraR, araC, fucR
420 	 rhaR, rhaS, melR, araC, fucR
421 	 rhaR, rhaS, zraR, araC, fucR
422 	 rhaR, rhaS, melR, araC, fucR
423 	 rhaR, rhaS, zraR, araC, fucR
424 	 rhaR, rhaS, melR, araC, fucR
425 	 rhaR, rhaS
426 	 rhaR, rhaS
427 	 rhaR, rhaS
428 	 rhaR, rhaS
429 	 rhaR, rhaS, fucR
430 	 rhaR, rhaS, fucR
431 	 rhaR, rhaS, fucR
432 	 rhaR, rhaS, fucR
433 	 rhaR, rhaS, zraR
434 	 rhaR, rhaS, melR
435 	 rhaR, rhaS, zraR
436 	 rhaR, rhaS, melR
437 	 rhaR, rhaS, zraR
438 	 rhaR, rhaS, melR
439 	 rhaR, rhaS, zraR
440 	 rhaR, rhaS, melR
441 	 rhaR, rhaS, zraR, fucR
442 	 rhaR, rhaS, melR, fucR
443 	 rhaR, rhaS, zraR, fucR
444 	 rhaR, rhaS, melR, fucR
445 	 rhaR, rhaS, zraR, fucR
446 	 rhaR, rhaS, melR, fucR
447 	 rhaR, rhaS, zraR, fucR
448 	 rhaR, rhaS, melR, fucR
449 	 rhaR, rhaS, zraR, melR, araC
450 	 rhaR, rhaS, zraR, melR, araC
451 	 rhaR, rhaS, zraR, melR, araC
452 	 rhaR, rhaS, zraR, melR, araC
453 	 rhaR, rhaS, zraR, melR, araC, fucR
454 	 rhaR, rhaS, zraR, melR, araC, fucR
455 	 rhaR, rhaS, zraR, melR, araC, fucR
456 	 rhaR, rhaS, zraR, melR, araC, fucR
457 	 rhaR, rhaS, zraR, melR
458 	 rhaR, rhaS, zraR, melR
459 	 rhaR, rhaS, zraR, melR
460 	 rhaR, rhaS, zraR, melR
461 	 rhaR, rhaS, zraR, melR, fucR
462 	 rhaR, rhaS, zraR, melR, fucR
463 	 rhaR, rhaS, zraR, melR, fucR
464 	 rhaR, rhaS, zraR, melR, fucR
