13 	 fliZ, mlrA, flhC, araC
20 	 fliZ, mlrA, flhC, zraR
21 	 fliZ, mlrA, flhC, idnR
22 	 fliZ, mlrA, rhaR, rhaS, flhC
23 	 fliZ, mlrA, flhC, fucR
24 	 fliZ, mlrA, flhC, zraR, idnR
26 	 fliZ, mlrA, flhC, zraR
27 	 fliZ, mlrA, flhC, zraR, araC
28 	 fliZ, mlrA, flhC, idnR
29 	 fliZ, mlrA, rhaR, rhaS, flhC, zraR
30 	 fliZ, mlrA, flhC, zraR, fucR
31 	 fliZ, mlrA, flhC, idnR, fucR
32 	 fliZ, mlrA, flhC, araC
33 	 fliZ, mlrA, flhC, zraR, araC
34 	 fliZ, mlrA, flhC, araC, fucR
35 	 fliZ, mlrA, flhC, araC, idnR
36 	 fliZ, mlrA, flhC, zraR, araC, idnR
37 	 fliZ, mlrA, flhC, zraR, araC, fucR
39 	 fliZ, mlrA, rhaR, rhaS, flhC, araC
40 	 fliZ, mlrA, flhC, zraR, idnR
41 	 fliZ, mlrA, flhC, araC, idnR
42 	 fliZ, mlrA, rhaR, rhaS, flhC, zraR, araC
43 	 fliZ, mlrA, flhC, zraR, araC, idnR
44 	 fliZ, mlrA, rhaR, rhaS, flhC, idnR
62 	 fliZ, mlrA, flhC, zraR
63 	 fliZ, mlrA, rhaR, rhaS, flhC, zraR, idnR
64 	 fliZ, mlrA, flhC, araC
65 	 fliZ, mlrA, rhaR, rhaS, flhC, araC, idnR
66 	 fliZ, mlrA, flhC, zraR, araC
67 	 fliZ, mlrA, rhaR, rhaS, flhC, zraR, araC, idnR
68 	 fliZ, mlrA, flhC, idnR
69 	 fliZ, mlrA, flhC, zraR, idnR, fucR
70 	 fliZ, mlrA, flhC, zraR, idnR
71 	 fliZ, mlrA, rhaR, rhaS, flhC, fucR
72 	 fliZ, mlrA, flhC, araC, idnR, fucR
73 	 fliZ, mlrA, flhC, zraR, araC, idnR, fucR
74 	 fliZ, mlrA, flhC, zraR
75 	 fliZ, mlrA, flhC, fucR
76 	 fliZ, mlrA, flhC, idnR
77 	 fliZ, mlrA, flhC, zraR, fucR
78 	 fliZ, mlrA, flhC, fucR
79 	 fliZ, mlrA, flhC, idnR, fucR
80 	 fliZ, mlrA, flhC, zraR, idnR
81 	 fliZ, mlrA, flhC, zraR, idnR, fucR
82 	 fliZ, mlrA, flhC, zraR, fucR
83 	 fliZ, mlrA, flhC, araC, fucR
84 	 fliZ, mlrA, flhC, idnR, fucR
85 	 fliZ, mlrA, flhC, zraR, araC, fucR
86 	 fliZ, mlrA, flhC, zraR, idnR, fucR
87 	 fliZ, mlrA, flhC, araC, idnR, fucR
88 	 fliZ, mlrA, flhC, araC
89 	 fliZ, mlrA, flhC, zraR, araC, idnR, fucR
90 	 fliZ, mlrA, flhC, zraR, araC
91 	 fliZ, mlrA, flhC, fucR
92 	 fliZ, mlrA, flhC, araC, idnR
93 	 fliZ, mlrA, flhC, zraR, fucR
94 	 fliZ, mlrA, flhC, zraR, araC, idnR
95 	 fliZ, mlrA, flhC, idnR, fucR
96 	 fliZ, mlrA, flhC, araC, fucR
97 	 fliZ, mlrA, flhC, zraR, idnR, fucR
98 	 fliZ, mlrA, flhC, zraR, araC, fucR
99 	 fliZ, mlrA, flhC, araC, idnR
100 	 fliZ, mlrA, flhC, araC, idnR, fucR
101 	 fliZ, mlrA, flhC, zraR, araC, idnR
102 	 fliZ, mlrA, flhC, zraR, araC, idnR, fucR
103 	 fliZ, mlrA, flhC, araC, fucR
104 	 fliZ, mlrA, flhC, zraR, araC, fucR
105 	 fliZ, mlrA, flhC, araC, idnR, fucR
106 	 fliZ, mlrA, flhC, zraR, araC, idnR, fucR
107 	 fliZ, mlrA, flhC, zraR
109 	 fliZ, mlrA, flhC, idnR
110 	 fliZ, mlrA, flhC, zraR
111 	 fliZ, mlrA, flhC, zraR, idnR
112 	 fliZ, mlrA, flhC, idnR
113 	 fliZ, mlrA, flhC, fucR
114 	 fliZ, mlrA, flhC, zraR, idnR
115 	 fliZ, mlrA, flhC, zraR, fucR
116 	 fliZ, mlrA, flhC, fucR
117 	 fliZ, mlrA, flhC, idnR, fucR
118 	 fliZ, mlrA, flhC, zraR, fucR
119 	 fliZ, mlrA, flhC, zraR, idnR, fucR
120 	 fliZ, mlrA, flhC, idnR, fucR
121 	 fliZ, mlrA, flhC, araC
122 	 fliZ, mlrA, flhC, zraR, idnR, fucR
123 	 fliZ, mlrA, flhC, zraR, araC
124 	 fliZ, mlrA, flhC, araC
125 	 fliZ, mlrA, flhC, araC, idnR
126 	 fliZ, mlrA, flhC, zraR, araC
127 	 fliZ, mlrA, flhC, zraR, araC, idnR
128 	 fliZ, mlrA, flhC, araC, idnR
129 	 fliZ, mlrA, flhC, araC, fucR
130 	 fliZ, mlrA, flhC, zraR, araC, idnR
131 	 fliZ, mlrA, flhC, zraR, araC, fucR
132 	 fliZ, mlrA, flhC, araC, fucR
133 	 fliZ, mlrA, flhC, araC, idnR, fucR
134 	 fliZ, mlrA, flhC, zraR, araC, fucR
135 	 fliZ, mlrA, flhC, zraR, araC, idnR, fucR
136 	 fliZ, mlrA, flhC, araC, idnR, fucR
137 	 fliZ, mlrA, flhC, zraR, araC, idnR, fucR
139 	 fliZ, mlrA, flhC, zraR
140 	 fliZ, mlrA, flhC, idnR
141 	 fliZ, mlrA, flhC, zraR, idnR
142 	 fliZ, mlrA, flhC, fucR
143 	 fliZ, mlrA, flhC, zraR, fucR
144 	 fliZ, mlrA, flhC, idnR, fucR
145 	 fliZ, mlrA, flhC, zraR, idnR, fucR
146 	 fliZ, mlrA, flhC, araC
147 	 fliZ, mlrA, flhC, zraR, araC
148 	 fliZ, mlrA, flhC, araC, idnR
149 	 fliZ, mlrA, flhC, zraR, araC, idnR
150 	 fliZ, mlrA, flhC, araC, fucR
151 	 fliZ, mlrA, flhC, zraR, araC, fucR
152 	 fliZ, mlrA, flhC, araC, idnR, fucR
153 	 fliZ, mlrA, flhC, zraR, araC, idnR, fucR
155 	 fliZ, mlrA, flhC, zraR
156 	 fliZ, mlrA, flhC, idnR
157 	 fliZ, mlrA, flhC, zraR, idnR
158 	 fliZ, mlrA, flhC, fucR
159 	 fliZ, mlrA, flhC, zraR, fucR
160 	 fliZ, mlrA, flhC, idnR, fucR
161 	 fliZ, mlrA, flhC, zraR, idnR, fucR
162 	 fliZ, mlrA, flhC, araC
163 	 fliZ, mlrA, flhC, zraR, araC
164 	 fliZ, mlrA, flhC, araC, idnR
165 	 fliZ, mlrA, flhC, zraR, araC, idnR
166 	 fliZ, mlrA, flhC, araC, fucR
167 	 fliZ, mlrA, flhC, zraR, araC, fucR
168 	 fliZ, mlrA, flhC, araC, idnR, fucR
169 	 fliZ, mlrA, flhC, zraR, araC, idnR, fucR
170 	 fliZ, mlrA, rhaR, rhaS, flhC, zraR, fucR
171 	 fliZ, mlrA, rhaR, rhaS, flhC, idnR, fucR
172 	 fliZ, mlrA, rhaR, rhaS, flhC, zraR, idnR, fucR
173 	 fliZ, mlrA, rhaR, rhaS, flhC, araC, fucR
174 	 fliZ, mlrA, rhaR, rhaS, flhC, zraR, araC, fucR
175 	 fliZ, mlrA, rhaR, rhaS, flhC, araC, idnR, fucR
176 	 fliZ, mlrA, rhaR, rhaS, flhC, zraR, araC, idnR, fucR
177 	 fliZ, mlrA, rhaR, rhaS, flhC
178 	 fliZ, mlrA, rhaR, rhaS, flhC
179 	 fliZ, mlrA, rhaR, rhaS, flhC, zraR
180 	 fliZ, mlrA, rhaR, rhaS, flhC, zraR
181 	 fliZ, mlrA, rhaR, rhaS, flhC, idnR
182 	 fliZ, mlrA, rhaR, rhaS, flhC, idnR
183 	 fliZ, mlrA, rhaR, rhaS, flhC, zraR, idnR
184 	 fliZ, mlrA, rhaR, rhaS, flhC, zraR, idnR
185 	 fliZ, mlrA, rhaR, rhaS, flhC, fucR
186 	 fliZ, mlrA, rhaR, rhaS, flhC, fucR
187 	 fliZ, mlrA, rhaR, rhaS, flhC, zraR, fucR
188 	 fliZ, mlrA, rhaR, rhaS, flhC, zraR, fucR
189 	 fliZ, mlrA, rhaR, rhaS, flhC, idnR, fucR
190 	 fliZ, mlrA, rhaR, rhaS, flhC, idnR, fucR
191 	 fliZ, mlrA, rhaR, rhaS, flhC, zraR, idnR, fucR
192 	 fliZ, mlrA, rhaR, rhaS, flhC, zraR, idnR, fucR
193 	 fliZ, mlrA, rhaR, rhaS, flhC, araC
194 	 fliZ, mlrA, rhaR, rhaS, flhC, araC
195 	 fliZ, mlrA, rhaR, rhaS, flhC, zraR, araC
196 	 fliZ, mlrA, rhaR, rhaS, flhC, zraR, araC
197 	 fliZ, mlrA, rhaR, rhaS, flhC, araC, idnR
198 	 fliZ, mlrA, rhaR, rhaS, flhC, araC, idnR
199 	 fliZ, mlrA, rhaR, rhaS, flhC, zraR, araC, idnR
200 	 fliZ, mlrA, rhaR, rhaS, flhC, zraR, araC, idnR
201 	 fliZ, mlrA, rhaR, rhaS, flhC, araC, fucR
202 	 fliZ, mlrA, rhaR, rhaS, flhC, araC, fucR
203 	 fliZ, mlrA, rhaR, rhaS, flhC, zraR, araC, fucR
204 	 fliZ, mlrA, rhaR, rhaS, flhC, zraR, araC, fucR
205 	 fliZ, mlrA, rhaR, rhaS, flhC, araC, idnR, fucR
206 	 fliZ, mlrA, rhaR, rhaS, flhC, araC, idnR, fucR
207 	 fliZ, mlrA, rhaR, rhaS, flhC, zraR, araC, idnR, fucR
208 	 fliZ, mlrA, rhaR, rhaS, flhC, zraR, araC, idnR, fucR
209 	 fliZ, mlrA, rhaR, rhaS, flhC
210 	 fliZ, mlrA, rhaR, rhaS, flhC, zraR
211 	 fliZ, mlrA, rhaR, rhaS, flhC, idnR
212 	 fliZ, mlrA, rhaR, rhaS, flhC, zraR, idnR
213 	 fliZ, mlrA, rhaR, rhaS, flhC, fucR
214 	 fliZ, mlrA, rhaR, rhaS, flhC, zraR, fucR
215 	 fliZ, mlrA, rhaR, rhaS, flhC, idnR, fucR
216 	 fliZ, mlrA, rhaR, rhaS, flhC, zraR, idnR, fucR
217 	 fliZ, mlrA, rhaR, rhaS, flhC, araC
218 	 fliZ, mlrA, rhaR, rhaS, flhC, zraR, araC
219 	 fliZ, mlrA, rhaR, rhaS, flhC, araC, idnR
220 	 fliZ, mlrA, rhaR, rhaS, flhC, zraR, araC, idnR
221 	 fliZ, mlrA, rhaR, rhaS, flhC, araC, fucR
222 	 fliZ, mlrA, rhaR, rhaS, flhC, zraR, araC, fucR
223 	 fliZ, mlrA, rhaR, rhaS, flhC, araC, idnR, fucR
224 	 fliZ, mlrA, rhaR, rhaS, flhC, zraR, araC, idnR, fucR
225 	 fliZ, mlrA, rhaR, rhaS, flhC
226 	 fliZ, mlrA, rhaR, rhaS, flhC
227 	 fliZ, mlrA, rhaR, rhaS, flhC, zraR
228 	 fliZ, mlrA, rhaR, rhaS, flhC, zraR
229 	 fliZ, mlrA, rhaR, rhaS, flhC, idnR
230 	 fliZ, mlrA, rhaR, rhaS, flhC, idnR
231 	 fliZ, mlrA, rhaR, rhaS, flhC, zraR, idnR
232 	 fliZ, mlrA, rhaR, rhaS, flhC, zraR, idnR
233 	 fliZ, mlrA, rhaR, rhaS, flhC, fucR
234 	 fliZ, mlrA, rhaR, rhaS, flhC, fucR
235 	 fliZ, mlrA, rhaR, rhaS, flhC, zraR, fucR
236 	 fliZ, mlrA, rhaR, rhaS, flhC, zraR, fucR
237 	 fliZ, mlrA, rhaR, rhaS, flhC, idnR, fucR
238 	 fliZ, mlrA, rhaR, rhaS, flhC, idnR, fucR
239 	 fliZ, mlrA, rhaR, rhaS, flhC, zraR, idnR, fucR
240 	 fliZ, mlrA, rhaR, rhaS, flhC, zraR, idnR, fucR
241 	 fliZ, mlrA, rhaR, rhaS, flhC, araC
242 	 fliZ, mlrA, rhaR, rhaS, flhC, araC
243 	 fliZ, mlrA, rhaR, rhaS, flhC, zraR, araC
244 	 fliZ, mlrA, rhaR, rhaS, flhC, zraR, araC
245 	 fliZ, mlrA, rhaR, rhaS, flhC, araC, idnR
246 	 fliZ, mlrA, rhaR, rhaS, flhC, araC, idnR
247 	 fliZ, mlrA, rhaR, rhaS, flhC, zraR, araC, idnR
248 	 fliZ, mlrA, rhaR, rhaS, flhC, zraR, araC, idnR
249 	 fliZ, mlrA, rhaR, rhaS, flhC, araC, fucR
250 	 fliZ, mlrA, rhaR, rhaS, flhC, araC, fucR
251 	 fliZ, mlrA, rhaR, rhaS, flhC, zraR, araC, fucR
252 	 fliZ, mlrA, rhaR, rhaS, flhC, zraR, araC, fucR
253 	 fliZ, mlrA, rhaR, rhaS, flhC, araC, idnR, fucR
254 	 fliZ, mlrA, rhaR, rhaS, flhC, araC, idnR, fucR
255 	 fliZ, mlrA, rhaR, rhaS, flhC, zraR, araC, idnR, fucR
256 	 fliZ, mlrA, rhaR, rhaS, flhC, zraR, araC, idnR, fucR
257 	 fliZ, mlrA, rhaR, rhaS, flhC
258 	 fliZ, mlrA, rhaR, rhaS, flhC, zraR
259 	 fliZ, mlrA, rhaR, rhaS, flhC, idnR
260 	 fliZ, mlrA, rhaR, rhaS, flhC, zraR, idnR
261 	 fliZ, mlrA, rhaR, rhaS, flhC, fucR
262 	 fliZ, mlrA, rhaR, rhaS, flhC, zraR, fucR
263 	 fliZ, mlrA, rhaR, rhaS, flhC, idnR, fucR
264 	 fliZ, mlrA, rhaR, rhaS, flhC, zraR, idnR, fucR
265 	 fliZ, mlrA, rhaR, rhaS, flhC, araC
266 	 fliZ, mlrA, rhaR, rhaS, flhC, zraR, araC
267 	 fliZ, mlrA, rhaR, rhaS, flhC, araC, idnR
268 	 fliZ, mlrA, rhaR, rhaS, flhC, zraR, araC, idnR
269 	 fliZ, mlrA, rhaR, rhaS, flhC, araC, fucR
270 	 fliZ, mlrA, rhaR, rhaS, flhC, zraR, araC, fucR
271 	 fliZ, mlrA, rhaR, rhaS, flhC, araC, idnR, fucR
272 	 fliZ, mlrA, rhaR, rhaS, flhC, zraR, araC, idnR, fucR
273 	 fliZ, mlrA, rhaR, rhaS, flhC
274 	 fliZ, mlrA, rhaR, rhaS, flhC, zraR
275 	 fliZ, mlrA, rhaR, rhaS, flhC, idnR
276 	 fliZ, mlrA, rhaR, rhaS, flhC, zraR, idnR
277 	 fliZ, mlrA, rhaR, rhaS, flhC, fucR
278 	 fliZ, mlrA, rhaR, rhaS, flhC, zraR, fucR
279 	 fliZ, mlrA, rhaR, rhaS, flhC, idnR, fucR
280 	 fliZ, mlrA, rhaR, rhaS, flhC, zraR, idnR, fucR
281 	 fliZ, mlrA, rhaR, rhaS, flhC, araC
282 	 fliZ, mlrA, rhaR, rhaS, flhC, zraR, araC
283 	 fliZ, mlrA, rhaR, rhaS, flhC, araC, idnR
284 	 fliZ, mlrA, rhaR, rhaS, flhC, zraR, araC, idnR
285 	 fliZ, mlrA, rhaR, rhaS, flhC, araC, fucR
286 	 fliZ, mlrA, rhaR, rhaS, flhC, zraR, araC, fucR
287 	 fliZ, mlrA, rhaR, rhaS, flhC, araC, idnR, fucR
288 	 fliZ, mlrA, rhaR, rhaS, flhC, zraR, araC, idnR, fucR
