19 	 zraR, idnR
21 	 zraR, araC
23 	 zraR, araC, idnR
25 	 zraR, melR
27 	 zraR, melR, idnR
29 	 zraR, melR, araC
31 	 zraR, melR, araC, idnR
33 	 zraR
35 	 zraR, melR
37 	 zraR, araC
39 	 zraR, melR, araC
41 	 zraR, idnR
43 	 zraR, melR, idnR
45 	 zraR, araC, idnR
47 	 zraR, melR, araC, idnR
78 	 zraR, araC
81 	 zraR
88 	 zraR, araC
90 	 zraR, araC
92 	 zraR
93 	 zraR, araC
94 	 zraR, araC
97 	 zraR
98 	 zraR, araC
100 	 zraR, melR
101 	 zraR, araC
102 	 zraR, melR, araC
104 	 zraR, melR
105 	 zraR
106 	 zraR, melR
107 	 zraR, araC
108 	 zraR, melR, araC
109 	 zraR, araC
110 	 zraR, melR, araC
111 	 zraR
112 	 zraR, melR
113 	 zraR, araC
114 	 zraR, melR
115 	 zraR, melR, araC
116 	 zraR, melR, araC
117 	 zraR, melR
118 	 zraR, melR, araC
119 	 zraR, melR
120 	 zraR, melR, araC
121 	 zraR, melR
122 	 zraR, melR, araC
123 	 zraR, melR
124 	 zraR, melR, araC
125 	 zraR, melR
126 	 zraR, melR, araC
127 	 zraR, idnR
128 	 zraR, araC, idnR
129 	 zraR, idnR
130 	 zraR, idnR
131 	 zraR, araC, idnR
132 	 zraR, idnR
133 	 zraR, idnR
134 	 zraR, araC, idnR
135 	 zraR, araC, idnR
136 	 zraR, araC, idnR
137 	 zraR, idnR
138 	 zraR, araC, idnR
139 	 zraR, idnR
140 	 zraR, melR, idnR
141 	 zraR, araC, idnR
142 	 zraR, melR, araC, idnR
143 	 zraR, idnR
144 	 zraR, melR, idnR
145 	 zraR, idnR
146 	 zraR, melR, idnR
147 	 zraR, araC, idnR
148 	 zraR, melR, araC, idnR
149 	 zraR, araC, idnR
150 	 zraR, melR, araC, idnR
151 	 zraR, idnR
152 	 zraR, melR, idnR
153 	 zraR, araC, idnR
154 	 zraR, melR, araC, idnR
155 	 zraR, melR, idnR
156 	 zraR, melR, araC, idnR
157 	 zraR, melR, idnR
158 	 zraR, melR, araC, idnR
159 	 zraR, melR, idnR
160 	 zraR, melR, araC, idnR
161 	 zraR, melR, idnR
162 	 zraR, melR, araC, idnR
163 	 zraR, melR, idnR
164 	 zraR, melR, araC, idnR
165 	 zraR, melR, idnR
166 	 zraR, melR, araC, idnR
218 	 zraR, araC
220 	 zraR, rhaS
221 	 zraR, araC, rhaS
223 	 zraR, araC
224 	 zraR, rhaS
225 	 zraR, araC, rhaS
226 	 zraR, rhaS
227 	 zraR
228 	 zraR, araC
229 	 zraR, araC
230 	 zraR, araC, rhaS
231 	 zraR, rhaS
233 	 zraR, araC, rhaS
234 	 zraR, rhaS
235 	 zraR
236 	 zraR, araC
237 	 zraR, rhaS
238 	 zraR, araC, rhaS
239 	 zraR, araC
240 	 zraR
241 	 zraR, rhaS
242 	 zraR, araC
243 	 zraR, araC, rhaS
244 	 zraR, araC, rhaS
245 	 zraR
246 	 zraR, rhaS
247 	 zraR, araC
248 	 zraR, araC, rhaS
250 	 zraR, araC
251 	 zraR, rhaS
252 	 zraR, araC, rhaS
253 	 zraR
254 	 zraR, araC
255 	 zraR, rhaS
256 	 zraR, araC, rhaS
258 	 zraR, araC
259 	 zraR, rhaS
260 	 zraR, araC, rhaS
261 	 zraR
262 	 zraR, araC
263 	 zraR, rhaS
264 	 zraR, araC, rhaS
265 	 zraR, melR
266 	 zraR, melR, araC
267 	 zraR, melR, rhaS
268 	 zraR, melR, araC, rhaS
269 	 zraR, melR
270 	 zraR, melR
271 	 zraR, melR, araC
272 	 zraR, melR, araC
273 	 zraR, melR, rhaS
274 	 zraR, melR, rhaS
275 	 zraR, melR, araC, rhaS
276 	 zraR, melR, araC, rhaS
277 	 zraR, melR
278 	 zraR, melR, araC
279 	 zraR, melR, rhaS
280 	 zraR, melR, araC, rhaS
281 	 zraR, melR
282 	 zraR, melR
283 	 zraR, melR, rhaS
284 	 zraR, melR, araC
285 	 zraR, melR, araC
286 	 zraR, melR, rhaS
287 	 zraR, melR, araC, rhaS
288 	 zraR, melR, araC, rhaS
289 	 zraR, melR
290 	 zraR, melR, rhaS
291 	 zraR, melR, araC
292 	 zraR, melR, araC, rhaS
293 	 zraR, melR
294 	 zraR, melR, rhaS
295 	 zraR, melR, araC
296 	 zraR, melR, araC, rhaS
297 	 zraR, melR
298 	 zraR, melR, rhaS
299 	 zraR, melR, araC
300 	 zraR, melR, araC, rhaS
301 	 zraR, melR
302 	 zraR, melR
303 	 zraR, melR, araC
304 	 zraR, melR, rhaS
305 	 zraR, melR, rhaS
306 	 zraR, melR, araC
307 	 zraR, melR, araC, rhaS
308 	 zraR, melR, araC, rhaS
309 	 zraR, melR
310 	 zraR, melR, rhaS
311 	 zraR, melR, araC
312 	 zraR, melR, araC, rhaS
313 	 zraR, idnR
314 	 zraR, idnR, rhaS
315 	 zraR, araC, idnR
316 	 zraR, araC, idnR, rhaS
317 	 zraR, idnR
318 	 zraR, idnR, rhaS
319 	 zraR, araC, idnR
320 	 zraR, araC, idnR, rhaS
321 	 zraR, idnR
322 	 zraR, idnR
323 	 zraR, araC, idnR
324 	 zraR, idnR, rhaS
325 	 zraR, idnR, rhaS
326 	 zraR, araC, idnR
327 	 zraR, araC, idnR, rhaS
328 	 zraR, araC, idnR, rhaS
329 	 zraR, idnR
330 	 zraR, idnR
331 	 zraR, idnR, rhaS
332 	 zraR, araC, idnR
333 	 zraR, araC, idnR
334 	 zraR, idnR, rhaS
335 	 zraR, araC, idnR, rhaS
336 	 zraR, araC, idnR, rhaS
337 	 zraR, idnR
338 	 zraR, araC, idnR
339 	 zraR, idnR, rhaS
340 	 zraR, araC, idnR, rhaS
341 	 zraR, idnR
342 	 zraR, araC, idnR
343 	 zraR, idnR, rhaS
344 	 zraR, araC, idnR, rhaS
345 	 zraR, idnR
346 	 zraR, araC, idnR
347 	 zraR, idnR, rhaS
348 	 zraR, araC, idnR, rhaS
349 	 zraR, idnR
350 	 zraR, araC, idnR
351 	 zraR, idnR, rhaS
352 	 zraR, araC, idnR, rhaS
353 	 zraR, idnR
354 	 zraR, araC, idnR
355 	 zraR, idnR, rhaS
356 	 zraR, araC, idnR, rhaS
357 	 zraR, idnR
358 	 zraR, araC, idnR
359 	 zraR, idnR, rhaS
360 	 zraR, araC, idnR, rhaS
361 	 zraR, melR, idnR
362 	 zraR, melR, idnR, rhaS
363 	 zraR, melR, araC, idnR
364 	 zraR, melR, araC, idnR, rhaS
365 	 zraR, melR, idnR
366 	 zraR, melR, idnR
367 	 zraR, melR, idnR
368 	 zraR, melR, araC, idnR
369 	 zraR, melR, araC, idnR
370 	 zraR, melR, idnR, rhaS
371 	 zraR, melR, idnR, rhaS
372 	 zraR, melR, araC, idnR, rhaS
373 	 zraR, melR, idnR, rhaS
374 	 zraR, melR, araC, idnR, rhaS
375 	 zraR, melR, araC, idnR
376 	 zraR, melR, araC, idnR, rhaS
377 	 zraR, melR, idnR
378 	 zraR, melR, idnR
379 	 zraR, melR, araC, idnR
380 	 zraR, melR, idnR
381 	 zraR, melR, idnR, rhaS
382 	 zraR, melR, idnR, rhaS
383 	 zraR, melR, araC, idnR, rhaS
384 	 zraR, melR, araC, idnR
385 	 zraR, melR, idnR, rhaS
386 	 zraR, melR, araC, idnR
387 	 zraR, melR, araC, idnR, rhaS
388 	 zraR, melR, araC, idnR, rhaS
389 	 zraR, melR, idnR
390 	 zraR, melR, idnR, rhaS
391 	 zraR, melR, araC, idnR
392 	 zraR, melR, araC, idnR, rhaS
393 	 zraR, melR, idnR
394 	 zraR, melR, idnR, rhaS
395 	 zraR, melR, araC, idnR
396 	 zraR, melR, araC, idnR, rhaS
397 	 zraR, melR, idnR
398 	 zraR, melR, idnR
399 	 zraR, melR, araC, idnR
400 	 zraR, melR, idnR, rhaS
401 	 zraR, melR, idnR, rhaS
402 	 zraR, melR, araC, idnR
403 	 zraR, melR, araC, idnR, rhaS
404 	 zraR, melR, araC, idnR, rhaS
405 	 zraR, melR, idnR
406 	 zraR, melR, idnR, rhaS
407 	 zraR, melR, araC, idnR
408 	 zraR, melR, araC, idnR, rhaS
