1 	 zraR, dpiA, lldR, gutM, fnr
2 	 zraR, yqjI, nac, gutM, narL, arcA
1269 	 zraR, dpiA, lldR, gutM, fnr
1417 	 zraR, melR
1468 	 zraR, melR, yqjI, nac, narL, arcA
1883 	 zraR, yqjI, nac, gutM, narL, arcA
3021 	 zraR, melR, gutM
4057 	 zraR, yqjI, nikR, lldR, dcuR, nac, gutM, narL, arcA, fnr
4541 	 zraR, dpiA, lldR, gutM, fnr
4607 	 zraR, melR, yqjI, nac, narL, arcA
5094 	 zraR, melR, yqjI, nikR, lldR, dcuR, nac, narL, arcA, fnr
5122 	 zraR, gutM
5749 	 zraR, dpiA, lldR, gutM, fnr
5751 	 zraR, melR, dpiA, lldR, fnr
5753 	 zraR, melR, dpiA, lldR, fnr
5755 	 zraR, melR, dpiA, lldR, fnr
5757 	 zraR, melR, dpiA, lldR, fnr
5759 	 zraR, melR, dpiA, lldR, gutM, fnr
5761 	 zraR, melR, dpiA, lldR, gutM, fnr
5763 	 zraR, melR, dpiA, lldR, gutM, fnr
5765 	 zraR, melR, dpiA, lldR, gutM, fnr
5767 	 zraR, melR, dpiA, lldR, gutM, fnr
5769 	 zraR, melR, dpiA, lldR, gutM, fnr
5771 	 zraR, melR, dpiA, lldR, gutM, fnr
5789 	 zraR, dpiA, betI, lldR, gutM, fnr
5799 	 zraR, dpiA, betI, lldR, gutM, fnr
5801 	 zraR, dpiA, betI, lldR, gutM, fnr
5803 	 zraR, dpiA, betI, lldR, gutM, fnr
5805 	 zraR, dpiA, betI, lldR, gutM, fnr
5807 	 zraR, dpiA, betI, lldR, gutM, fnr
5809 	 zraR, dpiA, betI, lldR, gutM, fnr
5811 	 zraR, dpiA, betI, lldR, gutM, fnr
5813 	 zraR, dpiA, betI, lldR, gutM, fnr
5815 	 zraR, dpiA, betI, lldR, gutM, fnr
5817 	 zraR, dpiA, betI, lldR, gutM, fnr
5819 	 zraR, dpiA, betI, lldR, gutM, fnr
5821 	 zraR, dpiA, betI, lldR, gutM, fnr
5823 	 zraR, dpiA, betI, lldR, gutM, fnr
5825 	 zraR, dpiA, betI, lldR, gutM, fnr
5827 	 zraR, dpiA, betI, lldR, gutM, fnr
5829 	 zraR, melR, dpiA, betI, lldR, fnr
5831 	 zraR, melR, dpiA, betI, lldR, fnr
5833 	 zraR, melR, dpiA, betI, lldR, fnr
5835 	 zraR, melR, dpiA, betI, lldR, fnr
5837 	 zraR, melR, dpiA, betI, lldR, fnr
5839 	 zraR, melR, dpiA, betI, lldR, fnr
5841 	 zraR, melR, dpiA, betI, lldR, fnr
5843 	 zraR, melR, dpiA, betI, lldR, fnr
5845 	 zraR, melR, dpiA, betI, lldR, fnr
5847 	 zraR, melR, dpiA, betI, lldR, fnr
5849 	 zraR, melR, dpiA, betI, lldR, fnr
5851 	 zraR, melR, dpiA, betI, lldR, fnr
5853 	 zraR, melR, dpiA, betI, lldR, fnr
5855 	 zraR, melR, dpiA, betI, lldR, fnr
5857 	 zraR, melR, dpiA, betI, lldR, fnr
5859 	 zraR, melR, dpiA, betI, lldR, fnr
5861 	 zraR, melR, dpiA, betI, lldR, gutM, fnr
5863 	 zraR, melR, dpiA, betI, lldR, gutM, fnr
5865 	 zraR, melR, dpiA, betI, lldR, gutM, fnr
5867 	 zraR, melR, dpiA, betI, lldR, gutM, fnr
5869 	 zraR, melR, dpiA, betI, lldR, gutM, fnr
5871 	 zraR, melR, dpiA, betI, lldR, gutM, fnr
5873 	 zraR, melR, dpiA, betI, lldR, gutM, fnr
5875 	 zraR, melR, dpiA, betI, lldR, gutM, fnr
5877 	 zraR, melR, dpiA, betI, lldR, gutM, fnr
5879 	 zraR, melR, dpiA, betI, lldR, gutM, fnr
5881 	 zraR, melR, dpiA, betI, lldR, gutM, fnr
5883 	 zraR, melR, dpiA, betI, lldR, gutM, fnr
5885 	 zraR, melR, dpiA, betI, lldR, gutM, fnr
5887 	 zraR, melR, dpiA, betI, lldR, gutM, fnr
5889 	 zraR, melR, dpiA, betI, lldR, gutM, fnr
5891 	 zraR, melR, dpiA, betI, lldR, gutM, fnr
5907 	 zraR, yqjI, nac, gutM, narL, arcA
5908 	 zraR, yqjI, nac, gutM, narL, arcA
5909 	 zraR, yqjI, nac, gutM, narL, arcA
5910 	 zraR, yqjI, nac, gutM, narL, arcA
5911 	 zraR, yqjI, nac, gutM, narL, arcA
5912 	 zraR, yqjI, nac, gutM, narL, arcA
5913 	 zraR, yqjI, nac, gutM, narL, arcA
5914 	 zraR, yqjI, nac, gutM, narL, arcA
5915 	 zraR, yqjI, nac, gutM, narL, arcA
5916 	 zraR, yqjI, nac, gutM, narL, arcA
5917 	 zraR, yqjI, nac, gutM, narL, arcA
5918 	 zraR, yqjI, nac, gutM, narL, arcA
5919 	 zraR, yqjI, nac, gutM, narL, arcA
5920 	 zraR, yqjI, nac, gutM, narL, arcA
5921 	 zraR, yqjI, nac, gutM, narL, arcA
5922 	 zraR, yqjI, nac, gutM, narL, arcA
5923 	 zraR, melR, yqjI, nac, narL, arcA
5925 	 zraR, melR, yqjI, nac, narL, arcA
5927 	 zraR, melR, yqjI, nac, narL, arcA
5929 	 zraR, melR, yqjI, nac, narL, arcA
5931 	 zraR, melR, yqjI, nac, narL, arcA
5933 	 zraR, melR, yqjI, nac, narL, arcA
5935 	 zraR, melR, yqjI, nac, narL, arcA
5937 	 zraR, melR, yqjI, nac, narL, arcA
5939 	 zraR, melR, yqjI, nac, narL, arcA
5941 	 zraR, melR, yqjI, nac, narL, arcA
5943 	 zraR, melR, yqjI, nac, narL, arcA
5945 	 zraR, melR, yqjI, nac, narL, arcA
5947 	 zraR, melR, yqjI, nac, narL, arcA
5949 	 zraR, melR, yqjI, nac, narL, arcA
5951 	 zraR, melR, yqjI, nac, narL, arcA
5953 	 zraR, melR, yqjI, nac, narL, arcA
5955 	 zraR, melR, yqjI, nac, gutM, narL, arcA
5957 	 zraR, melR, yqjI, nac, gutM, narL, arcA
5959 	 zraR, melR, yqjI, nac, gutM, narL, arcA
5961 	 zraR, melR, yqjI, nac, gutM, narL, arcA
5963 	 zraR, melR, yqjI, nac, gutM, narL, arcA
5965 	 zraR, melR, yqjI, nac, gutM, narL, arcA
5967 	 zraR, melR, yqjI, nac, gutM, narL, arcA
5969 	 zraR, melR, yqjI, nac, gutM, narL, arcA
5971 	 zraR, melR, yqjI, nac, gutM, narL, arcA
5973 	 zraR, melR, yqjI, nac, gutM, narL, arcA
5975 	 zraR, melR, yqjI, nac, gutM, narL, arcA
5977 	 zraR, melR, yqjI, nac, gutM, narL, arcA
5979 	 zraR, melR, yqjI, nac, gutM, narL, arcA
5981 	 zraR, melR, yqjI, nac, gutM, narL, arcA
5983 	 zraR, melR, yqjI, nac, gutM, narL, arcA
5985 	 zraR, melR, yqjI, nac, gutM, narL, arcA
