2 	 arcA, gadX, narL, soxR, nac, fucR
4 	 arcA, gadX, narL, soxR, rhaR, nac
74 	 arcA, gadX, gadW, narL, soxR, nac, idnR
75 	 fnr, puuR, fucR, betI
76 	 arcA, gadX, narL, soxR, nac, idnR
77 	 fnr, zraR, puuR, betI
79 	 arcA, gadX, gadW, narL, soxR, nac, zraR
80 	 arcA, gadX, narL, soxR, nac, zraR
82 	 arcA, gadX, narL, soxR, nac, idnR
85 	 fnr, puuR, idnR, fucR, betI
87 	 arcA, gadX, narL, soxR, nac, zraR, idnR
88 	 arcA, gadX, gadW, narL, soxR, nac, fucR
89 	 arcA, gadX, gadW, narL, soxR, nac, fucR
90 	 arcA, gadX, gadW, narL, soxR, nac, idnR
91 	 arcA, gadX, gadW, narL, soxR, nac, idnR, fucR
92 	 arcA, gadX, narL, soxR, nac, zraR, idnR
97 	 arcA, gadX, gadW, narL, soxR, nac, zraR, idnR
98 	 arcA, gadX, gadW, narL, soxR, nac, zraR
101 	 arcA, gadX, narL, soxR, nac, zraR, fucR
155 	 arcA, gadX, gadW, narL, soxR, nac, zraR, fucR
157 	 arcA, gadX, gadW, narL, soxR, nac, zraR
158 	 fnr, zraR, puuR, idnR
159 	 arcA, gadX, gadW, narL, soxR, nac, zraR
160 	 arcA, gadX, narL, soxR, nac, idnR, fucR
161 	 arcA, gadX, gadW, narL, soxR, nac, zraR
162 	 fnr, arcA, gadX, gadW, narL, soxR, nac, dcuR, puuR, idnR
163 	 arcA, gadX, narL, soxR, nac, zraR, fucR
164 	 arcA, gadX, gadW, narL, soxR, nac, zraR, idnR
165 	 arcA, gadX, gadW, narL, soxR, nac, fucR
166 	 arcA, gadX, gadW, narL, soxR, nac, idnR
167 	 arcA, gadX, gadW, narL, soxR, nac, zraR, fucR
168 	 arcA, gadX, gadW, narL, soxR, nac, zraR, idnR
170 	 arcA, gadX, gadW, narL, soxR, nac, zraR, idnR, fucR
171 	 fnr, arcA, gadX, narL, soxR, nac, dcuR, zraR, puuR, idnR, fucR, betI
172 	 arcA, gadX, gadW, narL, soxR, nac, zraR, fucR
173 	 arcA, gadX, gadW, narL, soxR, nac, idnR
174 	 arcA, gadX, gadW, narL, soxR, nac, fucR
175 	 arcA, gadX, gadW, narL, soxR, nac, idnR, fucR
176 	 arcA, gadX, narL, soxR, nac, zraR, idnR, fucR
177 	 arcA, gadX, gadW, narL, soxR, nac, idnR, fucR
178 	 arcA, gadX, gadW, narL, soxR, nac, idnR
179 	 arcA, gadX, gadW, narL, soxR, nac, fucR
180 	 arcA, gadX, gadW, narL, soxR, nac, idnR, fucR
181 	 arcA, gadX, gadW, narL, soxR, nac, zraR, idnR
182 	 arcA, gadX, gadW, narL, soxR, nac, fucR
183 	 arcA, gadX, gadW, narL, soxR, nac, zraR
184 	 arcA, gadX, gadW, narL, soxR, nac, idnR, fucR
185 	 arcA, gadX, gadW, narL, soxR, nac, zraR, fucR
186 	 arcA, gadX, gadW, narL, soxR, nac, idnR
187 	 arcA, gadX, gadW, narL, soxR, nac, zraR, idnR, fucR
189 	 arcA, gadX, gadW, narL, soxR, nac, zraR, idnR, fucR
190 	 arcA, gadX, gadW, narL, soxR, nac, idnR
191 	 arcA, gadX, gadW, narL, soxR, nac, zraR, idnR
192 	 arcA, gadX, gadW, narL, soxR, nac, fucR
193 	 arcA, gadX, gadW, narL, soxR, nac, zraR, fucR
194 	 arcA, gadX, gadW, narL, soxR, nac, fucR
195 	 arcA, gadX, gadW, narL, soxR, nac, zraR, idnR, fucR
196 	 arcA, gadX, gadW, narL, soxR, nac, idnR, fucR
197 	 arcA, gadX, gadW, narL, soxR, nac, idnR, fucR
198 	 arcA, gadX, gadW, narL, soxR, nac, idnR, fucR
199 	 arcA, gadX, gadW, narL, soxR, nac, zraR, fucR
200 	 arcA, gadX, gadW, narL, soxR, nac, zraR
201 	 arcA, gadX, gadW, narL, soxR, nac, zraR, idnR
202 	 arcA, gadX, gadW, narL, soxR, nac, zraR, idnR, fucR
203 	 arcA, gadX, gadW, narL, soxR, nac, zraR
204 	 arcA, gadX, gadW, narL, soxR, nac, zraR, idnR, fucR
205 	 arcA, gadX, gadW, narL, soxR, nac, zraR, idnR
206 	 arcA, gadX, gadW, narL, soxR, nac, zraR, fucR
207 	 arcA, gadX, gadW, narL, soxR, nac, zraR, idnR, fucR
208 	 arcA, gadX, gadW, narL, soxR, nac, zraR, fucR
209 	 arcA, gadX, gadW, narL, soxR, nac, zraR, idnR, fucR
210 	 rhaR
211 	 arcA, gadX, narL, soxR, rhaR, rhaS, nac
212 	 arcA, gadX, narL, soxR, rhaR, nac, idnR
213 	 arcA, gadX, narL, soxR, rhaR, rhaS, nac, idnR
214 	 arcA, gadX, narL, soxR, rhaR, nac, fucR
215 	 arcA, gadX, narL, soxR, rhaR, nac, idnR, fucR
216 	 arcA, gadX, narL, soxR, rhaR, rhaS, nac, fucR
217 	 arcA, gadX, narL, soxR, rhaR, nac, fucR
218 	 arcA, gadX, narL, soxR, rhaR, rhaS, nac, idnR, fucR
219 	 arcA, gadX, narL, soxR, rhaR, rhaS, nac
220 	 arcA, gadX, narL, soxR, rhaR, nac, idnR
221 	 arcA, gadX, narL, soxR, rhaR, rhaS, nac, fucR
222 	 arcA, gadX, narL, soxR, rhaR, rhaS, nac, idnR
223 	 arcA, gadX, narL, soxR, rhaR, nac, idnR, fucR
224 	 arcA, gadX, narL, soxR, rhaR, rhaS, nac, idnR, fucR
225 	 arcA, gadX, narL, soxR, rhaR, nac, zraR
226 	 arcA, gadX, gadW, narL, soxR, rhaR, nac
227 	 arcA, gadX, narL, soxR, rhaR, nac, zraR
228 	 arcA, gadX, gadW, narL, soxR, rhaR, nac, idnR
229 	 arcA, gadX, narL, soxR, rhaR, nac, zraR, idnR
230 	 arcA, gadX, gadW, narL, soxR, rhaR, nac
231 	 arcA, gadX, narL, soxR, rhaR, nac, zraR, idnR
232 	 arcA, gadX, gadW, narL, soxR, rhaR, nac
233 	 arcA, gadX, narL, soxR, rhaR, nac, zraR, fucR
234 	 arcA, gadX, gadW, narL, soxR, rhaR, nac, fucR
235 	 arcA, gadX, narL, soxR, rhaR, rhaS, nac, zraR
236 	 arcA, gadX, gadW, narL, soxR, rhaR, nac, idnR
237 	 arcA, gadX, narL, soxR, rhaR, rhaS, nac, zraR, idnR
238 	 arcA, gadX, gadW, narL, soxR, rhaR, nac, idnR, fucR
239 	 arcA, gadX, narL, soxR, rhaR, nac, zraR, fucR
240 	 arcA, gadX, gadW, narL, soxR, rhaR, nac
241 	 arcA, gadX, narL, soxR, rhaR, rhaS, nac, zraR, fucR
242 	 arcA, gadX, gadW, narL, soxR, rhaR, rhaS, nac
243 	 arcA, gadX, narL, soxR, rhaR, nac, zraR, idnR, fucR
244 	 arcA, gadX, gadW, narL, soxR, rhaR, rhaS, nac, idnR
245 	 arcA, gadX, narL, soxR, rhaR, rhaS, nac, zraR
246 	 arcA, gadX, gadW, narL, soxR, rhaR, nac, fucR
247 	 arcA, gadX, narL, soxR, rhaR, rhaS, nac, zraR, idnR
248 	 arcA, gadX, gadW, narL, soxR, rhaR, rhaS, nac
249 	 arcA, gadX, narL, soxR, rhaR, rhaS, nac, zraR, idnR, fucR
250 	 arcA, gadX, gadW, narL, soxR, rhaR, nac, idnR
251 	 arcA, gadX, narL, soxR, rhaR, nac, zraR, idnR, fucR
252 	 arcA, gadX, gadW, narL, soxR, rhaR, nac, fucR
253 	 arcA, gadX, narL, soxR, rhaR, rhaS, nac, zraR, fucR
254 	 arcA, gadX, gadW, narL, soxR, rhaR, rhaS, nac, fucR
255 	 arcA, gadX, narL, soxR, rhaR, rhaS, nac, zraR, idnR, fucR
256 	 arcA, gadX, gadW, narL, soxR, rhaR, rhaS, nac
257 	 arcA, gadX, gadW, narL, soxR, rhaR, rhaS, nac, idnR
258 	 arcA, gadX, gadW, narL, soxR, rhaR, rhaS, nac, idnR, fucR
259 	 arcA, gadX, gadW, narL, soxR, rhaR, rhaS, nac
260 	 arcA, gadX, gadW, narL, soxR, rhaR, rhaS, nac, idnR
261 	 arcA, gadX, gadW, narL, soxR, rhaR, nac, idnR, fucR
262 	 arcA, gadX, gadW, narL, soxR, rhaR, nac, idnR
263 	 arcA, gadX, gadW, narL, soxR, rhaR, rhaS, nac, idnR
264 	 arcA, gadX, gadW, narL, soxR, rhaR, rhaS, nac, fucR
265 	 arcA, gadX, gadW, narL, soxR, rhaR, rhaS, nac, idnR, fucR
266 	 arcA, gadX, gadW, narL, soxR, rhaR, nac, idnR, fucR
267 	 arcA, gadX, gadW, narL, soxR, rhaR, rhaS, nac, fucR
268 	 arcA, gadX, gadW, narL, soxR, rhaR, nac, fucR
269 	 arcA, gadX, gadW, narL, soxR, rhaR, rhaS, nac, idnR, fucR
270 	 arcA, gadX, gadW, narL, soxR, rhaR, rhaS, nac, fucR
271 	 arcA, gadX, gadW, narL, soxR, rhaR, nac, idnR, fucR
272 	 arcA, gadX, gadW, narL, soxR, rhaR, rhaS, nac, idnR, fucR
273 	 arcA, gadX, gadW, narL, soxR, rhaR, nac, zraR
274 	 arcA, gadX, gadW, narL, soxR, rhaR, nac
275 	 arcA, gadX, gadW, narL, soxR, rhaR, nac, zraR, idnR
276 	 arcA, gadX, gadW, narL, soxR, rhaR, nac, fucR
277 	 arcA, gadX, gadW, narL, soxR, rhaR, rhaS, nac, zraR
278 	 arcA, gadX, gadW, narL, soxR, rhaR, nac, zraR, fucR
279 	 arcA, gadX, gadW, narL, soxR, rhaR, nac, zraR
280 	 arcA, gadX, gadW, narL, soxR, rhaR, rhaS, nac, zraR
281 	 arcA, gadX, gadW, narL, soxR, rhaR, nac, zraR, fucR
282 	 arcA, gadX, gadW, narL, soxR, rhaR, nac, zraR, idnR
283 	 arcA, gadX, gadW, narL, soxR, rhaR, nac, zraR
284 	 arcA, gadX, gadW, narL, soxR, rhaR, rhaS, nac, zraR, fucR
285 	 arcA, gadX, gadW, narL, soxR, rhaR, rhaS, nac, zraR, idnR
286 	 arcA, gadX, gadW, narL, soxR, rhaR, rhaS, nac, zraR, idnR
287 	 arcA, gadX, gadW, narL, soxR, rhaR, nac, zraR, idnR, fucR
288 	 arcA, gadX, gadW, narL, soxR, rhaR, rhaS, nac, zraR
289 	 arcA, gadX, gadW, narL, soxR, rhaR, nac, zraR, idnR, fucR
290 	 arcA, gadX, gadW, narL, soxR, rhaR, nac, zraR
291 	 arcA, gadX, gadW, narL, soxR, rhaR, rhaS, nac, zraR
292 	 arcA, gadX, gadW, narL, soxR, rhaR, rhaS, nac, zraR, fucR
293 	 arcA, gadX, gadW, narL, soxR, rhaR, nac, zraR, idnR
294 	 arcA, gadX, gadW, narL, soxR, rhaR, rhaS, nac, zraR, idnR, fucR
295 	 arcA, gadX, gadW, narL, soxR, rhaR, nac, zraR, fucR
296 	 arcA, gadX, gadW, narL, soxR, rhaR, rhaS, nac, zraR, idnR, fucR
297 	 arcA, gadX, gadW, narL, soxR, rhaR, nac, zraR, fucR
298 	 arcA, gadX, gadW, narL, soxR, rhaR, nac, zraR, idnR
299 	 arcA, gadX, gadW, narL, soxR, rhaR, rhaS, nac, zraR, idnR
300 	 arcA, gadX, gadW, narL, soxR, rhaR, nac, zraR, idnR, fucR
301 	 arcA, gadX, gadW, narL, soxR, rhaR, rhaS, nac, zraR, fucR
302 	 arcA, gadX, gadW, narL, soxR, rhaR, rhaS, nac, zraR, fucR
303 	 arcA, gadX, gadW, narL, soxR, rhaR, rhaS, nac, zraR, idnR, fucR
304 	 arcA, gadX, gadW, narL, soxR, rhaR, nac, zraR, idnR, fucR
305 	 arcA, gadX, gadW, narL, soxR, rhaR, rhaS, nac, zraR, idnR
306 	 arcA, gadX, gadW, narL, soxR, rhaR, rhaS, nac, zraR, idnR, fucR
307 	 arcA, gadX, gadW, narL, soxR, rhaR, nac
308 	 arcA, gadX, gadW, narL, soxR, rhaR, rhaS, nac
309 	 arcA, gadX, gadW, narL, soxR, rhaR, nac, idnR
310 	 arcA, gadX, gadW, narL, soxR, rhaR, nac, fucR
311 	 arcA, gadX, gadW, narL, soxR, rhaR, rhaS, nac, fucR
312 	 arcA, gadX, gadW, narL, soxR, rhaR, nac, idnR, fucR
313 	 arcA, gadX, gadW, narL, soxR, rhaR, rhaS, nac
314 	 arcA, gadX, gadW, narL, soxR, rhaR, rhaS, nac, fucR
315 	 arcA, gadX, gadW, narL, soxR, rhaR, nac
316 	 arcA, gadX, gadW, narL, soxR, rhaR, rhaS, nac
317 	 arcA, gadX, gadW, narL, soxR, rhaR, nac, idnR
318 	 arcA, gadX, gadW, narL, soxR, rhaR, nac
319 	 arcA, gadX, gadW, narL, soxR, rhaR, nac, fucR
320 	 arcA, gadX, gadW, narL, soxR, rhaR, nac, idnR, fucR
321 	 arcA, gadX, gadW, narL, soxR, rhaR, rhaS, nac
322 	 arcA, gadX, gadW, narL, soxR, rhaR, rhaS, nac, fucR
323 	 arcA, gadX, gadW, narL, soxR, rhaR, nac, idnR
324 	 arcA, gadX, gadW, narL, soxR, rhaR, rhaS, nac, idnR
325 	 arcA, gadX, gadW, narL, soxR, rhaR, nac, fucR
326 	 arcA, gadX, gadW, narL, soxR, rhaR, rhaS, nac, idnR, fucR
327 	 arcA, gadX, gadW, narL, soxR, rhaR, nac, idnR
328 	 arcA, gadX, gadW, narL, soxR, rhaR, rhaS, nac, idnR
329 	 arcA, gadX, gadW, narL, soxR, rhaR, rhaS, nac, idnR
330 	 arcA, gadX, gadW, narL, soxR, rhaR, nac, idnR, fucR
331 	 arcA, gadX, gadW, narL, soxR, rhaR, rhaS, nac, fucR
332 	 arcA, gadX, gadW, narL, soxR, rhaR, rhaS, nac, idnR
333 	 arcA, gadX, gadW, narL, soxR, rhaR, nac, idnR, fucR
334 	 arcA, gadX, gadW, narL, soxR, rhaR, rhaS, nac, idnR, fucR
335 	 arcA, gadX, gadW, narL, soxR, rhaR, rhaS, nac, idnR, fucR
336 	 arcA, gadX, gadW, narL, soxR, rhaR, rhaS, nac, idnR, fucR
337 	 arcA, gadX, gadW, narL, soxR, rhaR, nac, zraR
338 	 arcA, gadX, gadW, narL, soxR, rhaR, nac, zraR
339 	 arcA, gadX, gadW, narL, soxR, rhaR, nac, zraR
340 	 arcA, gadX, gadW, narL, soxR, rhaR, nac, zraR, idnR
341 	 arcA, gadX, gadW, narL, soxR, rhaR, nac, zraR, fucR
342 	 arcA, gadX, gadW, narL, soxR, rhaR, nac, zraR, fucR
343 	 arcA, gadX, gadW, narL, soxR, rhaR, rhaS, nac, zraR
344 	 arcA, gadX, gadW, narL, soxR, rhaR, rhaS, nac, zraR, fucR
345 	 arcA, gadX, gadW, narL, soxR, rhaR, rhaS, nac, zraR
346 	 arcA, gadX, gadW, narL, soxR, rhaR, nac, zraR, idnR
347 	 arcA, gadX, gadW, narL, soxR, rhaR, rhaS, nac, zraR, idnR
348 	 arcA, gadX, gadW, narL, soxR, rhaR, rhaS, nac, zraR
349 	 arcA, gadX, gadW, narL, soxR, rhaR, rhaS, nac, zraR, idnR
350 	 arcA, gadX, gadW, narL, soxR, rhaR, nac, zraR
351 	 arcA, gadX, gadW, narL, soxR, rhaR, nac, zraR, idnR, fucR
352 	 arcA, gadX, gadW, narL, soxR, rhaR, nac, zraR, idnR
353 	 arcA, gadX, gadW, narL, soxR, rhaR, rhaS, nac, zraR, idnR
354 	 arcA, gadX, gadW, narL, soxR, rhaR, nac, zraR, idnR, fucR
355 	 arcA, gadX, gadW, narL, soxR, rhaR, rhaS, nac, zraR
356 	 arcA, gadX, gadW, narL, soxR, rhaR, rhaS, nac, zraR, idnR, fucR
357 	 arcA, gadX, gadW, narL, soxR, rhaR, nac, zraR, idnR
358 	 arcA, gadX, gadW, narL, soxR, rhaR, rhaS, nac, zraR, fucR
359 	 arcA, gadX, gadW, narL, soxR, rhaR, rhaS, nac, zraR, idnR
360 	 arcA, gadX, gadW, narL, soxR, rhaR, nac, zraR, fucR
361 	 arcA, gadX, gadW, narL, soxR, rhaR, rhaS, nac, zraR, idnR, fucR
362 	 arcA, gadX, gadW, narL, soxR, rhaR, nac, zraR, idnR, fucR
363 	 arcA, gadX, gadW, narL, soxR, rhaR, rhaS, nac, zraR, fucR
364 	 arcA, gadX, gadW, narL, soxR, rhaR, nac, zraR, fucR
365 	 arcA, gadX, gadW, narL, soxR, rhaR, nac, zraR, idnR, fucR
366 	 arcA, gadX, gadW, narL, soxR, rhaR, rhaS, nac, zraR, idnR, fucR
367 	 arcA, gadX, gadW, narL, soxR, rhaR, rhaS, nac, zraR, fucR
368 	 arcA, gadX, gadW, narL, soxR, rhaR, rhaS, nac, zraR, idnR, fucR
