1 	 zraR, flhD, mlc, gadX, fliZ, hns
2 	 zraR, adiY, hdfR, mlrA, gadX, fliZ, rcsB, hns
3 	 zraR, mlc
4 	 zraR, flhD, mlc, gadX, fliZ, hns
5 	 zraR, adiY, mlc, hdfR, mlrA, gadX, fliZ, rcsB, hns
7 	 zraR, adiY, hdfR, mlrA, gadX, fliZ, rcsB, hns
8 	 zraR, hns
9 	 zraR, adiY, hdfR, rcsB
10 	 zraR, adiY, mlc, hdfR, rcsB
12 	 zraR, adiY, hdfR, rcsB
14 	 zraR, adiY, hdfR, rcsB
15 	 zraR, adiY, ptsG, hdfR, mlrA, rcsB, hns
16 	 zraR, flhD, ptsG, gadX, fliZ, hns
17 	 zraR, tdcA, adiY, hdfR, rcsB
20 	 zraR, tdcA, adiY, hdfR, mlrA, rcsB, hns
21 	 zraR, adiY, flhD, ptsG, mlc, hdfR, gadX, rcsB
23 	 zraR, adiY, hdfR, mlrA, gadX, fliZ, rcsB, hns
24 	 zraR, tdcA, adiY, mlc, hdfR, rcsB
25 	 zraR, adiY, flhD, ptsG, mlc, hdfR, gadX, rcsB
26 	 zraR, tdcA, adiY, hdfR, mlrA, rcsB, hns
27 	 zraR, adiY, hdfR, mlrA, gadX, fliZ, rcsB, hns
28 	 zraR, hns
29 	 zraR, adiY, flhD, ptsG, mlc, hdfR, gadX, rcsB
30 	 zraR, adiY, mlc, hdfR, mlrA, gadX, fliZ, rcsB, hns
31 	 zraR, tdcA, adiY, hdfR, mlrA, rcsB, hns
32 	 zraR, hns
33 	 zraR, adiY, ptsG, hdfR, mlrA, gadX, fliZ, rcsB, hns
34 	 zraR, adiY, hdfR, mlrA, gadX, fliZ, rcsB, hns
35 	 zraR, tdcA, adiY, hdfR, mlrA, gadX, fliZ, rcsB, hns
37 	 zraR, adiY, ptsG, hdfR, mlrA, gadX, fliZ, rcsB, hns
38 	 zraR, hns
40 	 zraR, adiY, flhD, ptsG, hdfR, gadX, rcsB
41 	 zraR, mlc, hns
42 	 zraR, tdcA, adiY, mlc, hdfR, mlrA, rcsB, hns
43 	 zraR, adiY, mlc, hdfR, mlrA, gadX, fliZ, rcsB, hns
44 	 zraR, ptsG, hns
45 	 zraR, adiY, mlc, hdfR, mlrA, gadX, fliZ, rcsB, hns
46 	 zraR, adiY, mlc, hdfR, mlrA, rcsB, hns
47 	 zraR, ptsG, hns
48 	 zraR, adiY, mlc, hdfR, mlrA, gadX, fliZ, rcsB, hns
49 	 zraR, tdcA, adiY, hdfR, mlrA, rcsB, hns
50 	 zraR, hns
51 	 zraR, adiY, flhD, ptsG, mlc, hdfR, gadX, rcsB
52 	 zraR, adiY, ptsG, hdfR, mlrA, gadX, fliZ, rcsB, hns
53 	 zraR, hns
54 	 zraR, tdcA, adiY, flhD, ptsG, mlc, hdfR, gadX, rcsB
55 	 zraR, tdcA, adiY, hdfR, mlrA, gadX, fliZ, rcsB, hns
56 	 zraR, tdcA, hns
57 	 zraR, tdcA, adiY, hdfR, mlrA, gadX, fliZ, rcsB, hns
58 	 zraR, tdcA, adiY, flhD, ptsG, mlc, hdfR, gadX, rcsB
59 	 zraR, tdcA, hns
60 	 zraR, tdcA, adiY, ptsG, hdfR, mlrA, gadX, fliZ, rcsB, hns
61 	 zraR, tdcA, adiY, flhD, ptsG, hdfR, gadX, rcsB
62 	 zraR, tdcA, adiY, hdfR, mlrA, gadX, fliZ, rcsB, hns
63 	 zraR, tdcA, mlc, hns
64 	 zraR, tdcA, adiY, hdfR, mlrA, gadX, fliZ, rcsB, hns
65 	 zraR, tdcA, adiY, hdfR, mlrA, gadX, fliZ, rcsB, hns
66 	 zraR, tdcA, adiY, hdfR, mlrA, rcsB, hns
67 	 zraR, tdcA, adiY, mlc, hdfR, mlrA, rcsB, hns
68 	 zraR, tdcA, adiY, ptsG, hdfR, mlrA, gadX, fliZ, rcsB, hns
69 	 zraR, tdcA, ptsG, hns
70 	 zraR, tdcA, adiY, hdfR, mlrA, rcsB, hns
71 	 zraR, tdcA, adiY, flhD, mlc, hdfR, gadX, rcsB
72 	 zraR, tdcA, adiY, hdfR, mlrA, rcsB, hns
73 	 zraR, tdcA, adiY, mlc, hdfR, mlrA, gadX, fliZ, rcsB, hns
74 	 zraR, tdcA, adiY, mlc, hdfR, mlrA, rcsB, hns
75 	 zraR, tdcA, adiY, mlc, hdfR, mlrA, rcsB, hns
76 	 zraR, tdcA, adiY, mlc, hdfR, mlrA, rcsB, hns
77 	 zraR, adiY, ptsG, hdfR, mlrA, gadX, fliZ, rcsB, hns
78 	 zraR, hns
79 	 zraR, tdcA, adiY, ptsG, hdfR, mlrA, gadX, fliZ, rcsB, hns
80 	 zraR, adiY, flhD, ptsG, mlc, hdfR, gadX, rcsB
81 	 zraR, mlc, hns
82 	 zraR, adiY, hdfR, mlrA, gadX, fliZ, rcsB, hns
83 	 zraR, adiY, flhD, ptsG, hdfR, gadX, rcsB
84 	 zraR, mlc, hns
85 	 zraR, adiY, ptsG, hdfR, mlrA, gadX, fliZ, rcsB, hns
86 	 zraR, adiY, flhD, ptsG, mlc, hdfR, gadX, rcsB
87 	 zraR, tdcA, adiY, ptsG, hdfR, mlrA, rcsB, hns
88 	 zraR, mlc, hns
89 	 zraR, tdcA, adiY, ptsG, hdfR, mlrA, rcsB, hns
90 	 zraR, adiY, flhD, ptsG, mlc, hdfR, gadX, rcsB
92 	 zraR, tdcA, hns
93 	 zraR, adiY, hdfR, mlrA, gadX, fliZ, rcsB, hns
94 	 zraR, tdcA, adiY, flhD, ptsG, mlc, hdfR, gadX, rcsB
96 	 zraR, tdcA, hns
97 	 zraR, tdcA, adiY, hdfR, mlrA, gadX, fliZ, rcsB, hns
98 	 zraR, tdcA, adiY, flhD, ptsG, mlc, hdfR, gadX, rcsB
99 	 zraR, tdcA, adiY, hdfR, mlrA, gadX, fliZ, rcsB, hns
100 	 zraR, tdcA, hns
101 	 zraR, tdcA, adiY, hdfR, mlrA, rcsB, hns
102 	 zraR, tdcA, adiY, flhD, ptsG, mlc, hdfR, gadX, rcsB
103 	 zraR, tdcA, adiY, hdfR, mlrA, gadX, fliZ, rcsB, hns
104 	 zraR, tdcA, mlc, hns
105 	 zraR, tdcA, adiY, hdfR, mlrA, rcsB, hns
106 	 zraR, tdcA, adiY, flhD, ptsG, hdfR, gadX, rcsB
107 	 zraR, tdcA, adiY, hdfR, mlrA, rcsB, hns
108 	 zraR, tdcA, mlc, hns
109 	 zraR, tdcA, adiY, mlc, hdfR, mlrA, rcsB, hns
110 	 zraR, tdcA, adiY, ptsG, hdfR, mlrA, rcsB, hns
111 	 zraR, tdcA, adiY, mlc, hdfR, mlrA, gadX, fliZ, rcsB, hns
112 	 zraR, tdcA, adiY, ptsG, hdfR, mlrA, gadX, fliZ, rcsB, hns
113 	 zraR, tdcA, adiY, mlc, hdfR, mlrA, rcsB, hns
114 	 zraR, ptsG, hns
115 	 zraR, adiY, ptsG, hdfR, mlrA, gadX, fliZ, rcsB, hns
116 	 zraR, adiY, flhD, ptsG, hdfR, gadX, rcsB
117 	 zraR, tdcA, hns
118 	 zraR, tdcA, adiY, flhD, ptsG, mlc, hdfR, gadX, rcsB
119 	 zraR, tdcA, hns
120 	 zraR, tdcA, mlc, hns
121 	 zraR, tdcA, adiY, flhD, ptsG, mlc, hdfR, gadX, rcsB
122 	 zraR, tdcA, mlc, hns
123 	 zraR, adiY, flhD, mlc, hdfR, gadX, rcsB
124 	 zraR, adiY, flhD, ptsG, mlc, hdfR, gadX, rcsB
125 	 zraR, ptsG, hns
126 	 zraR, hns
127 	 zraR, adiY, ptsG, hdfR, mlrA, rcsB, hns
128 	 zraR, tdcA, adiY, flhD, mlc, hdfR, gadX, rcsB
129 	 zraR, hns
130 	 zraR, adiY, ptsG, hdfR, mlrA, rcsB, hns
131 	 zraR, adiY, flhD, ptsG, mlc, hdfR, gadX, rcsB
132 	 zraR, tdcA, adiY, ptsG, hdfR, mlrA, rcsB, hns
133 	 zraR, ptsG, hns
134 	 zraR, tdcA, adiY, ptsG, hdfR, mlrA, gadX, fliZ, rcsB, hns
135 	 zraR, tdcA, adiY, flhD, mlc, hdfR, gadX, rcsB
136 	 zraR, hns
137 	 zraR, tdcA, adiY, ptsG, hdfR, mlrA, rcsB, hns
138 	 zraR, adiY, flhD, ptsG, mlc, hdfR, gadX, rcsB
139 	 zraR, ptsG, hns
140 	 zraR, mlc, hns
141 	 zraR, adiY, flhD, ptsG, hdfR, gadX, rcsB
142 	 zraR, tdcA, ptsG, hns
143 	 zraR, adiY, flhD, ptsG, hdfR, gadX, rcsB
144 	 zraR, tdcA, ptsG, hns
145 	 zraR, tdcA, adiY, flhD, ptsG, mlc, hdfR, gadX, rcsB
146 	 zraR, tdcA, ptsG, hns
147 	 zraR, tdcA, adiY, flhD, ptsG, mlc, hdfR, gadX, rcsB
148 	 zraR, tdcA, adiY, flhD, ptsG, mlc, hdfR, gadX, rcsB
149 	 zraR, tdcA, hns
150 	 zraR, tdcA, adiY, flhD, ptsG, hdfR, gadX, rcsB
151 	 zraR, tdcA, hns
152 	 zraR, tdcA, adiY, flhD, ptsG, hdfR, gadX, rcsB
153 	 zraR, tdcA, hns
154 	 zraR, tdcA, adiY, flhD, ptsG, hdfR, gadX, rcsB
155 	 zraR, adiY, flhD, mlc, hdfR, gadX, rcsB
156 	 zraR, ptsG, hns
157 	 zraR, adiY, flhD, mlc, hdfR, gadX, rcsB
158 	 zraR, tdcA, ptsG, hns
159 	 zraR, tdcA, adiY, flhD, mlc, hdfR, gadX, rcsB
160 	 zraR, tdcA, ptsG, hns
