14 	 zraR
22 	 araC
23 	 zraR
25 	 zraR
26 	 araC
27 	 rhaR, rhaS
29 	 rhaR, rhaS
30 	 fucR
31 	 araC
32 	 idnR
35 	 fucR
36 	 zraR, araC
37 	 zraR, idnR
38 	 zraR
40 	 zraR, fucR
41 	 araC
42 	 idnR
43 	 zraR
44 	 zraR
45 	 fucR
46 	 zraR
47 	 zraR, fucR
48 	 zraR, araC
49 	 zraR, idnR
50 	 araC, fucR
52 	 idnR, fucR
53 	 araC
54 	 fucR
55 	 idnR
56 	 zraR, araC, fucR
57 	 idnR
58 	 zraR, fucR
59 	 araC, idnR
60 	 zraR, fucR
61 	 zraR, idnR
62 	 araC, fucR
63 	 zraR, idnR
64 	 fucR
65 	 zraR, araC, idnR
66 	 fucR
67 	 idnR
68 	 zraR, araC, fucR
69 	 idnR
70 	 zraR, fucR
71 	 araC, idnR
72 	 zraR, fucR
73 	 zraR, idnR
74 	 araC
75 	 zraR, idnR
76 	 araC
78 	 zraR, araC
79 	 zraR
80 	 zraR, araC
82 	 araC, fucR
83 	 zraR
84 	 zraR, araC, fucR
85 	 zraR
86 	 araC, fucR
87 	 idnR
88 	 zraR, araC, fucR
89 	 zraR, idnR
90 	 fucR
91 	 idnR
92 	 zraR, idnR, fucR
93 	 araC
94 	 idnR, fucR
95 	 araC
96 	 zraR, idnR
97 	 zraR
98 	 idnR
99 	 zraR, idnR, fucR
100 	 zraR, araC
101 	 idnR, fucR
102 	 araC
103 	 idnR
105 	 zraR, idnR
106 	 idnR, fucR
107 	 zraR, araC
108 	 zraR, idnR, fucR
109 	 zraR, araC
110 	 zraR, idnR
111 	 zraR, araC, idnR
112 	 fucR
113 	 araC, idnR
114 	 zraR, fucR
115 	 araC
116 	 zraR, idnR, fucR
117 	 zraR, araC
118 	 idnR, fucR
119 	 zraR
120 	 zraR, fucR
121 	 araC, idnR
122 	 fucR
124 	 zraR, araC
125 	 idnR, fucR
126 	 zraR
127 	 fucR
128 	 zraR, araC, idnR
129 	 zraR, fucR
130 	 araC, idnR
131 	 zraR, araC, idnR
132 	 zraR, araC
133 	 fucR
135 	 idnR
136 	 zraR, fucR
137 	 araC, idnR
138 	 araC, idnR, fucR
139 	 araC, idnR
140 	 araC, fucR
141 	 zraR, araC, idnR
142 	 araC, idnR, fucR
143 	 araC, fucR
144 	 zraR, araC, idnR
145 	 zraR, araC, idnR, fucR
147 	 zraR, araC, idnR, fucR
148 	 zraR
149 	 araC, idnR, fucR
150 	 zraR
151 	 zraR, araC, idnR, fucR
152 	 zraR
153 	 araC, idnR, fucR
154 	 araC
155 	 zraR, araC, idnR, fucR
156 	 araC
157 	 araC
158 	 araC
159 	 zraR, araC
160 	 araC
161 	 zraR, araC
162 	 zraR, araC
163 	 idnR
164 	 zraR, araC
165 	 zraR, idnR
166 	 zraR, araC
167 	 zraR, idnR
168 	 zraR, araC
169 	 araC, idnR
170 	 fucR
171 	 araC, idnR
172 	 fucR
173 	 zraR, araC, idnR
174 	 fucR
175 	 zraR, araC, idnR
176 	 fucR
177 	 idnR
178 	 zraR, fucR
179 	 idnR
180 	 zraR, fucR
181 	 idnR
182 	 zraR, fucR
183 	 idnR
184 	 zraR, fucR
185 	 zraR, idnR
186 	 araC, fucR
187 	 zraR, idnR
188 	 araC, fucR
189 	 zraR, idnR
190 	 araC, fucR
191 	 zraR, idnR
192 	 araC, fucR
193 	 araC, idnR
194 	 araC, fucR
195 	 araC, idnR
196 	 araC, fucR
197 	 araC, idnR
198 	 zraR, araC, fucR
199 	 araC, idnR
200 	 zraR, araC, fucR
201 	 araC, idnR
202 	 zraR, araC, fucR
203 	 araC, idnR
204 	 zraR, araC, fucR
205 	 araC, idnR
206 	 zraR, araC, fucR
207 	 zraR, araC, idnR
208 	 zraR, araC, fucR
209 	 zraR, araC, idnR
210 	 zraR, araC, fucR
211 	 zraR, araC, idnR
212 	 zraR, araC, fucR
213 	 zraR, araC, idnR
214 	 fucR
215 	 zraR, araC, idnR
216 	 zraR, fucR
217 	 zraR, araC, idnR
218 	 zraR, fucR
219 	 zraR, araC, idnR
220 	 araC, fucR
221 	 zraR, araC, idnR
222 	 araC, fucR
223 	 idnR, fucR
224 	 araC, fucR
225 	 idnR, fucR
226 	 araC, fucR
227 	 idnR, fucR
228 	 zraR, araC, fucR
229 	 idnR, fucR
230 	 zraR, araC, fucR
231 	 idnR, fucR
232 	 zraR, araC, fucR
233 	 idnR, fucR
234 	 zraR, araC, fucR
235 	 idnR, fucR
236 	 idnR, fucR
237 	 zraR, idnR, fucR
238 	 zraR, idnR, fucR
239 	 zraR, idnR, fucR
240 	 zraR, idnR, fucR
241 	 zraR, idnR, fucR
242 	 zraR, idnR, fucR
243 	 zraR, idnR, fucR
244 	 zraR, idnR, fucR
245 	 araC, idnR, fucR
246 	 araC, idnR, fucR
247 	 araC, idnR, fucR
248 	 araC, idnR, fucR
249 	 araC, idnR, fucR
250 	 araC, idnR, fucR
251 	 araC, idnR, fucR
252 	 araC, idnR, fucR
253 	 zraR, araC, idnR, fucR
254 	 zraR, araC, idnR, fucR
255 	 zraR, araC, idnR, fucR
256 	 zraR, araC, idnR, fucR
257 	 zraR, araC, idnR, fucR
258 	 zraR, araC, idnR, fucR
259 	 zraR, araC, idnR, fucR
260 	 zraR, araC, idnR, fucR
261 	 idnR, fucR
262 	 idnR, fucR
263 	 zraR, idnR, fucR
264 	 zraR, idnR, fucR
265 	 zraR, idnR, fucR
266 	 zraR, idnR, fucR
267 	 araC, idnR, fucR
268 	 araC, idnR, fucR
269 	 araC, idnR, fucR
270 	 araC, idnR, fucR
271 	 zraR, araC, idnR, fucR
272 	 zraR, araC, idnR, fucR
273 	 zraR, araC, idnR, fucR
274 	 zraR, araC, idnR, fucR
275 	 rhaR, rhaS
276 	 rhaR, rhaS
277 	 rhaR, rhaS
278 	 rhaR, rhaS
279 	 rhaR, rhaS
280 	 rhaR, rhaS
281 	 rhaR, rhaS
282 	 rhaR, rhaS
283 	 rhaR, rhaS
284 	 rhaR, rhaS
285 	 rhaR, rhaS
286 	 rhaR, rhaS, idnR
287 	 rhaR, rhaS
288 	 rhaR, rhaS, idnR
289 	 rhaR, rhaS
290 	 rhaR, rhaS, idnR
291 	 rhaR, rhaS
292 	 rhaR, rhaS, idnR
293 	 rhaR, rhaS, idnR
294 	 rhaR, rhaS, idnR
295 	 rhaR, rhaS, idnR
296 	 rhaR, rhaS, idnR
297 	 rhaR, rhaS, idnR
298 	 rhaR, rhaS, idnR
299 	 rhaR, rhaS, idnR
300 	 rhaR, rhaS, idnR
301 	 rhaR, rhaS, idnR
302 	 rhaR, rhaS, idnR
303 	 rhaR, rhaS, idnR
304 	 rhaR, rhaS, idnR
305 	 rhaR, rhaS, zraR
306 	 rhaR, rhaS, zraR
307 	 rhaR, rhaS, zraR
308 	 rhaR, rhaS, zraR
309 	 rhaR, rhaS, zraR
310 	 rhaR, rhaS, zraR
311 	 rhaR, rhaS, zraR
312 	 rhaR, rhaS, zraR
313 	 rhaR, rhaS, zraR
314 	 rhaR, rhaS, zraR
315 	 rhaR, rhaS, zraR
316 	 rhaR, rhaS, zraR
317 	 rhaR, rhaS, zraR
318 	 rhaR, rhaS, zraR, idnR
319 	 rhaR, rhaS, zraR
320 	 rhaR, rhaS, zraR, idnR
321 	 rhaR, rhaS, zraR
322 	 rhaR, rhaS, zraR, idnR
323 	 rhaR, rhaS, zraR
324 	 rhaR, rhaS, zraR, idnR
325 	 rhaR, rhaS, zraR, idnR
326 	 rhaR, rhaS, zraR, idnR
327 	 rhaR, rhaS, zraR, idnR
328 	 rhaR, rhaS, zraR, idnR
329 	 rhaR, rhaS, zraR, idnR
330 	 rhaR, rhaS, zraR, idnR
331 	 rhaR, rhaS, zraR, idnR
332 	 rhaR, rhaS, zraR, idnR
333 	 rhaR, rhaS, zraR, idnR
334 	 rhaR, rhaS, zraR, idnR
335 	 rhaR, rhaS, zraR, idnR
336 	 rhaR, rhaS, zraR, idnR
337 	 rhaR, rhaS, araC
338 	 rhaR, rhaS, araC
339 	 rhaR, rhaS, araC
340 	 rhaR, rhaS, araC
341 	 rhaR, rhaS, araC
342 	 rhaR, rhaS, araC
343 	 rhaR, rhaS, araC
344 	 rhaR, rhaS, araC
345 	 rhaR, rhaS, araC
346 	 rhaR, rhaS, araC
347 	 rhaR, rhaS, araC
348 	 rhaR, rhaS, araC
349 	 rhaR, rhaS, araC
350 	 rhaR, rhaS, araC
351 	 rhaR, rhaS, araC, idnR
352 	 rhaR, rhaS, araC
353 	 rhaR, rhaS, araC, idnR
354 	 rhaR, rhaS, araC
355 	 rhaR, rhaS, araC, idnR
356 	 rhaR, rhaS, araC, idnR
357 	 rhaR, rhaS, araC, idnR
358 	 rhaR, rhaS, araC, idnR
359 	 rhaR, rhaS, araC, idnR
360 	 rhaR, rhaS, araC, idnR
361 	 rhaR, rhaS, araC, idnR
362 	 rhaR, rhaS, araC, idnR
363 	 rhaR, rhaS, araC, idnR
364 	 rhaR, rhaS, araC, idnR
365 	 rhaR, rhaS, araC, idnR
366 	 rhaR, rhaS, araC, idnR
367 	 rhaR, rhaS, araC, idnR
368 	 rhaR, rhaS, araC, idnR
369 	 rhaR, rhaS, zraR, araC
370 	 rhaR, rhaS, zraR, araC
371 	 rhaR, rhaS, zraR, araC
372 	 rhaR, rhaS, zraR, araC
373 	 rhaR, rhaS, zraR, araC
374 	 rhaR, rhaS, zraR, araC, idnR
375 	 rhaR, rhaS, zraR, araC
376 	 rhaR, rhaS, zraR, araC, idnR
377 	 rhaR, rhaS, zraR, araC
378 	 rhaR, rhaS, zraR, araC, idnR
379 	 rhaR, rhaS, zraR, araC
380 	 rhaR, rhaS, zraR, araC, idnR
381 	 rhaR, rhaS, zraR, araC, idnR
382 	 rhaR, rhaS, zraR, araC, idnR
383 	 rhaR, rhaS, zraR, araC, idnR
384 	 rhaR, rhaS, zraR, araC, idnR
385 	 rhaR, rhaS, zraR, araC
386 	 rhaR, rhaS, zraR, araC
387 	 rhaR, rhaS, zraR, araC
388 	 rhaR, rhaS, zraR, araC
389 	 rhaR, rhaS, zraR, araC
390 	 rhaR, rhaS, zraR, araC
391 	 rhaR, rhaS, zraR, araC
392 	 rhaR, rhaS, zraR, araC
393 	 rhaR, rhaS, zraR, araC, idnR
394 	 rhaR, rhaS, zraR, araC, idnR
395 	 rhaR, rhaS, zraR, araC, idnR
396 	 rhaR, rhaS, zraR, araC, idnR
397 	 rhaR, rhaS, zraR, araC, idnR
398 	 rhaR, rhaS, zraR, araC, idnR
399 	 rhaR, rhaS, zraR, araC, idnR
400 	 rhaR, rhaS, zraR, araC, idnR
401 	 rhaR, rhaS, fucR
402 	 rhaR, rhaS, fucR
403 	 rhaR, rhaS, fucR
404 	 rhaR, rhaS, fucR
405 	 rhaR, rhaS, fucR
406 	 rhaR, rhaS, fucR
407 	 rhaR, rhaS, fucR
408 	 rhaR, rhaS, fucR
409 	 rhaR, rhaS, fucR
410 	 rhaR, rhaS, fucR
411 	 rhaR, rhaS, fucR
412 	 rhaR, rhaS, fucR
413 	 rhaR, rhaS, idnR, fucR
414 	 rhaR, rhaS, fucR
415 	 rhaR, rhaS, idnR, fucR
416 	 rhaR, rhaS, fucR
417 	 rhaR, rhaS, idnR, fucR
418 	 rhaR, rhaS, fucR
419 	 rhaR, rhaS, idnR, fucR
420 	 rhaR, rhaS, fucR
421 	 rhaR, rhaS, idnR, fucR
422 	 rhaR, rhaS, idnR, fucR
423 	 rhaR, rhaS, idnR, fucR
424 	 rhaR, rhaS, idnR, fucR
425 	 rhaR, rhaS, idnR, fucR
426 	 rhaR, rhaS, idnR, fucR
427 	 rhaR, rhaS, idnR, fucR
428 	 rhaR, rhaS, idnR, fucR
429 	 rhaR, rhaS, idnR, fucR
430 	 rhaR, rhaS, idnR, fucR
431 	 rhaR, rhaS, idnR, fucR
432 	 rhaR, rhaS, idnR, fucR
433 	 rhaR, rhaS, zraR, fucR
434 	 rhaR, rhaS, zraR, fucR
435 	 rhaR, rhaS, zraR, fucR
436 	 rhaR, rhaS, zraR, fucR
437 	 rhaR, rhaS, zraR, fucR
438 	 rhaR, rhaS, zraR, fucR
439 	 rhaR, rhaS, zraR, fucR
440 	 rhaR, rhaS, zraR, fucR
441 	 rhaR, rhaS, zraR, fucR
442 	 rhaR, rhaS, zraR, fucR
443 	 rhaR, rhaS, zraR, fucR
444 	 rhaR, rhaS, zraR, fucR
445 	 rhaR, rhaS, zraR, idnR, fucR
446 	 rhaR, rhaS, zraR, fucR
447 	 rhaR, rhaS, zraR, idnR, fucR
448 	 rhaR, rhaS, zraR, fucR
449 	 rhaR, rhaS, zraR, idnR, fucR
450 	 rhaR, rhaS, zraR, fucR
451 	 rhaR, rhaS, zraR, idnR, fucR
452 	 rhaR, rhaS, zraR, fucR
453 	 rhaR, rhaS, zraR, idnR, fucR
454 	 rhaR, rhaS, zraR, idnR, fucR
455 	 rhaR, rhaS, zraR, idnR, fucR
456 	 rhaR, rhaS, zraR, idnR, fucR
457 	 rhaR, rhaS, zraR, idnR, fucR
458 	 rhaR, rhaS, zraR, idnR, fucR
459 	 rhaR, rhaS, zraR, idnR, fucR
460 	 rhaR, rhaS, zraR, idnR, fucR
461 	 rhaR, rhaS, zraR, idnR, fucR
462 	 rhaR, rhaS, zraR, idnR, fucR
463 	 rhaR, rhaS, zraR, idnR, fucR
464 	 rhaR, rhaS, zraR, idnR, fucR
465 	 rhaR, rhaS, araC, fucR
466 	 rhaR, rhaS, araC, fucR
467 	 rhaR, rhaS, araC, fucR
468 	 rhaR, rhaS, araC, fucR
469 	 rhaR, rhaS, zraR, araC, fucR
470 	 rhaR, rhaS, zraR, araC, fucR
471 	 rhaR, rhaS, zraR, araC, fucR
472 	 rhaR, rhaS, zraR, araC, fucR
473 	 rhaR, rhaS, araC, fucR
474 	 rhaR, rhaS, araC, idnR, fucR
475 	 rhaR, rhaS, araC, fucR
476 	 rhaR, rhaS, araC, idnR, fucR
477 	 rhaR, rhaS, araC, fucR
478 	 rhaR, rhaS, araC, idnR, fucR
479 	 rhaR, rhaS, araC, fucR
480 	 rhaR, rhaS, araC, idnR, fucR
481 	 rhaR, rhaS, zraR, araC, fucR
482 	 rhaR, rhaS, zraR, araC, idnR, fucR
483 	 rhaR, rhaS, zraR, araC, fucR
484 	 rhaR, rhaS, zraR, araC, idnR, fucR
485 	 rhaR, rhaS, zraR, araC, fucR
486 	 rhaR, rhaS, zraR, araC, idnR, fucR
487 	 rhaR, rhaS, zraR, araC, fucR
488 	 rhaR, rhaS, zraR, araC, idnR, fucR
489 	 rhaR, rhaS, araC, fucR
490 	 rhaR, rhaS, araC, fucR
491 	 rhaR, rhaS, araC, fucR
492 	 rhaR, rhaS, araC, fucR
493 	 rhaR, rhaS, araC, fucR
494 	 rhaR, rhaS, araC, fucR
495 	 rhaR, rhaS, araC, fucR
496 	 rhaR, rhaS, araC, fucR
497 	 rhaR, rhaS, zraR, araC, fucR
498 	 rhaR, rhaS, zraR, araC, fucR
499 	 rhaR, rhaS, zraR, araC, fucR
500 	 rhaR, rhaS, zraR, araC, fucR
501 	 rhaR, rhaS, zraR, araC, fucR
502 	 rhaR, rhaS, zraR, araC, fucR
503 	 rhaR, rhaS, zraR, araC, fucR
504 	 rhaR, rhaS, zraR, araC, fucR
505 	 rhaR, rhaS, araC, idnR, fucR
506 	 rhaR, rhaS, araC, idnR, fucR
507 	 rhaR, rhaS, araC, idnR, fucR
508 	 rhaR, rhaS, araC, idnR, fucR
509 	 rhaR, rhaS, araC, idnR, fucR
510 	 rhaR, rhaS, araC, idnR, fucR
511 	 rhaR, rhaS, araC, idnR, fucR
512 	 rhaR, rhaS, araC, idnR, fucR
513 	 rhaR, rhaS, araC, idnR, fucR
514 	 rhaR, rhaS, zraR, araC, idnR, fucR
515 	 rhaR, rhaS, araC, idnR, fucR
516 	 rhaR, rhaS, zraR, araC, idnR, fucR
517 	 rhaR, rhaS, araC, idnR, fucR
518 	 rhaR, rhaS, zraR, araC, idnR, fucR
519 	 rhaR, rhaS, araC, idnR, fucR
520 	 rhaR, rhaS, zraR, araC, idnR, fucR
521 	 rhaR, rhaS, zraR, araC, idnR, fucR
522 	 rhaR, rhaS, zraR, araC, idnR, fucR
523 	 rhaR, rhaS, zraR, araC, idnR, fucR
524 	 rhaR, rhaS, zraR, araC, idnR, fucR
525 	 rhaR, rhaS, zraR, araC, idnR, fucR
526 	 rhaR, rhaS, zraR, araC, idnR, fucR
527 	 rhaR, rhaS, zraR, araC, idnR, fucR
528 	 rhaR, rhaS, zraR, araC, idnR, fucR
