2 	 zraR, nikR, betI, lldR, dcuR, ptsG, mlc, uxuR, nac, rob, narL, soxS, arcA, fnr
125 	 zraR, betI, lldR, ptsG, mlc, uxuR, nac, rob, narL, soxS, arcA, fnr
137 	 zraR, nikR, betI, lldR, dcuR, ptsG, mlc, uxuR, nac, rob, narL, soxS, arcA, fnr
396 	 zraR, betI, lldR, ptsG, mlc, uxuR, nac, rob, narL, soxS, arcA, fnr
710 	 zraR, nikR, betI, lldR, dcuR, ptsG, mlc, uxuR, nac, exuR, rob, narL, soxS, arcA, fnr
717 	 zraR, nikR, betI, lldR, dcuR, ptsG, mlc, uxuR, nac, rob, narL, soxS, arcA, fnr
724 	 zraR, nikR, betI, lldR, dcuR, ptsG, mlc, uxuR, nac, rob, narL, soxS, arcA, fnr
776 	 zraR, nikR, betI, lldR, dcuR, ptsG, mlc, uxuR, nac, rob, narL, soxS, arcA, fnr
1338 	 zraR, nikR, betI, lldR, dcuR, ptsG, mlc, uxuR, nac, rob, narL, soxS, arcA, fnr
1382 	 zraR, nikR, betI, lldR, dcuR, ptsG, mlc, uxuR, nac, rob, narL, soxS, arcA, fnr
1640 	 zraR, nikR, betI, lldR, dcuR, ptsG, mlc, uxuR, nac, rob, narL, soxS, arcA, fnr
1641 	 zraR, nikR, betI, lldR, dcuR, ptsG, mlc, uxuR, nac, rob, narL, soxS, arcA, fnr
1642 	 zraR, nikR, betI, lldR, dcuR, ptsG, mlc, uxuR, nac, rob, narL, soxS, arcA, fnr
1643 	 zraR, melR, nikR, betI, lldR, dcuR, ptsG, mlc, uxuR, nac, rob, narL, soxS, arcA, fnr
1645 	 zraR, nikR, betI, lldR, dcuR, ptsG, mlc, uxuR, nac, rob, narL, soxS, arcA, fnr
1646 	 zraR, nikR, betI, lldR, dcuR, ptsG, mlc, uxuR, nac, rob, narL, soxS, arcA, fnr
1647 	 zraR, nikR, betI, lldR, dcuR, ptsG, mlc, uxuR, nac, exuR, rob, narL, soxS, arcA, fnr
1648 	 zraR, nikR, betI, lldR, dcuR, ptsG, mlc, uxuR, nac, exuR, rob, narL, soxS, arcA, fnr
1650 	 zraR, melR, nikR, betI, lldR, dcuR, ptsG, mlc, uxuR, nac, rob, narL, soxS, arcA, fnr
1651 	 zraR, nikR, betI, lldR, dcuR, ptsG, mlc, uxuR, nac, exuR, rob, narL, soxS, arcA, fnr
1652 	 zraR, melR, nikR, betI, lldR, dcuR, ptsG, mlc, uxuR, nac, exuR, rob, narL, soxS, arcA, fnr
1653 	 zraR, nikR, betI, lldR, dcuR, ptsG, mlc, uxuR, nac, exuR, rob, narL, soxS, arcA, fnr
1654 	 zraR, melR, nikR, betI, lldR, dcuR, ptsG, mlc, uxuR, nac, rob, narL, soxS, arcA, fnr
1655 	 zraR, melR, nikR, betI, lldR, dcuR, ptsG, mlc, uxuR, nac, exuR, rob, narL, soxS, arcA, fnr
1657 	 zraR, nikR, betI, lldR, dcuR, ptsG, mlc, uxuR, nac, exuR, rob, narL, soxS, arcA, fnr
1658 	 zraR, nikR, betI, lldR, dcuR, ptsG, mlc, nac, exuR, rob, narL, soxS, arcA, fnr
1659 	 zraR, nikR, betI, lldR, dcuR, ptsG, mlc, uxuR, nac, exuR, rob, narL, soxS, arcA, fnr
1660 	 zraR, nikR, betI, lldR, dcuR, ptsG, mlc, nac, rob, narL, soxS, arcA, fnr
1661 	 zraR, melR, nikR, betI, lldR, dcuR, ptsG, mlc, uxuR, nac, rob, narL, soxS, arcA, fnr
1662 	 zraR, nikR, betI, lldR, dcuR, ptsG, mlc, nac, rob, narL, soxS, arcA, fnr
1663 	 zraR, melR, nikR, betI, lldR, dcuR, ptsG, mlc, uxuR, nac, rob, narL, soxS, arcA, fnr
1664 	 zraR, nikR, betI, lldR, dcuR, ptsG, mlc, nac, exuR, rob, narL, soxS, arcA, fnr
1665 	 zraR, melR, nikR, betI, lldR, dcuR, ptsG, mlc, uxuR, nac, exuR, rob, narL, soxS, arcA, fnr
1666 	 zraR, nikR, betI, lldR, dcuR, ptsG, mlc, nac, exuR, rob, narL, soxS, arcA, fnr
1667 	 zraR, melR, nikR, betI, lldR, dcuR, ptsG, mlc, nac, rob, narL, soxS, arcA, fnr
1668 	 zraR, melR, nikR, betI, lldR, dcuR, ptsG, mlc, uxuR, nac, rob, narL, soxS, arcA, fnr
1669 	 zraR, nikR, betI, lldR, dcuR, ptsG, mlc, uxuR, nac, exuR, rob, narL, soxS, arcA, fnr
1670 	 zraR, melR, nikR, betI, lldR, dcuR, ptsG, mlc, uxuR, nac, exuR, rob, narL, soxS, arcA, fnr
1671 	 zraR, melR, nikR, betI, lldR, dcuR, ptsG, mlc, uxuR, nac, exuR, rob, narL, soxS, arcA, fnr
1672 	 zraR, melR, nikR, betI, lldR, dcuR, ptsG, mlc, uxuR, nac, rob, narL, soxS, arcA, fnr
1673 	 zraR, melR, nikR, betI, lldR, dcuR, ptsG, mlc, nac, rob, narL, soxS, arcA, fnr
1674 	 zraR, nikR, betI, lldR, dcuR, ptsG, mlc, uxuR, nac, rob, narL, soxS, arcA, fnr
1675 	 zraR, nikR, betI, lldR, dcuR, ptsG, mlc, uxuR, nac, rob, narL, soxS, arcA, fnr
1676 	 zraR, nikR, betI, lldR, dcuR, ptsG, mlc, uxuR, nac, exuR, rob, narL, soxS, arcA, fnr
1677 	 zraR, melR, nikR, betI, lldR, dcuR, ptsG, mlc, uxuR, nac, rob, narL, soxS, arcA, fnr
1678 	 zraR, nikR, betI, lldR, dcuR, ptsG, mlc, uxuR, nac, exuR, rob, narL, soxS, arcA, fnr
1679 	 zraR, melR, nikR, betI, lldR, dcuR, ptsG, mlc, nac, exuR, rob, narL, soxS, arcA, fnr
1680 	 zraR, melR, nikR, betI, lldR, dcuR, ptsG, mlc, uxuR, nac, exuR, rob, narL, soxS, arcA, fnr
1681 	 zraR, melR, nikR, betI, lldR, dcuR, ptsG, mlc, nac, exuR, rob, narL, soxS, arcA, fnr
1682 	 zraR, melR, nikR, betI, lldR, dcuR, ptsG, mlc, uxuR, nac, rob, narL, soxS, arcA, fnr
1683 	 zraR, melR, nikR, betI, lldR, dcuR, ptsG, mlc, uxuR, nac, exuR, rob, narL, soxS, arcA, fnr
1684 	 zraR, melR, nikR, betI, lldR, dcuR, ptsG, mlc, uxuR, nac, exuR, rob, narL, soxS, arcA, fnr
1685 	 zraR, nikR, betI, lldR, dcuR, ptsG, mlc, uxuR, nac, rob, narL, soxS, arcA, fnr
1686 	 zraR, melR, nikR, betI, lldR, dcuR, ptsG, mlc, nac, rob, narL, soxS, arcA, fnr
1687 	 zraR, melR, nikR, betI, lldR, dcuR, ptsG, mlc, nac, rob, narL, soxS, arcA, fnr
1688 	 zraR, melR, nikR, betI, lldR, dcuR, ptsG, mlc, nac, exuR, rob, narL, soxS, arcA, fnr
1689 	 zraR, melR, nikR, betI, lldR, dcuR, ptsG, mlc, nac, exuR, rob, narL, soxS, arcA, fnr
1690 	 zraR, melR, nikR, betI, lldR, dcuR, ptsG, mlc, uxuR, nac, rob, narL, soxS, arcA, fnr
1692 	 zraR, nikR, betI, lldR, dcuR, ptsG, mlc, uxuR, nac, rob, narL, soxS, arcA, fnr
1694 	 zraR, melR, nikR, betI, lldR, dcuR, ptsG, mlc, uxuR, nac, rob, narL, soxS, arcA, fnr
1695 	 zraR, melR, nikR, betI, lldR, dcuR, ptsG, mlc, nac, rob, narL, soxS, arcA, fnr
1696 	 zraR, melR, nikR, betI, lldR, dcuR, ptsG, mlc, uxuR, nac, rob, narL, soxS, arcA, fnr
1698 	 zraR, nikR, betI, lldR, dcuR, ptsG, mlc, nac, rob, narL, soxS, arcA, fnr
1699 	 zraR, nikR, betI, lldR, dcuR, ptsG, mlc, uxuR, nac, exuR, rob, narL, soxS, arcA, fnr
1700 	 zraR, nikR, betI, lldR, dcuR, ptsG, mlc, nac, rob, narL, soxS, arcA, fnr
1701 	 zraR, nikR, betI, lldR, dcuR, ptsG, mlc, uxuR, nac, exuR, rob, narL, soxS, arcA, fnr
1702 	 zraR, melR, nikR, betI, lldR, dcuR, ptsG, mlc, nac, rob, narL, soxS, arcA, fnr
1703 	 zraR, melR, nikR, betI, lldR, dcuR, ptsG, mlc, uxuR, nac, exuR, rob, narL, soxS, arcA, fnr
1704 	 zraR, nikR, betI, lldR, dcuR, ptsG, mlc, nac, exuR, rob, narL, soxS, arcA, fnr
1706 	 zraR, melR, nikR, betI, lldR, dcuR, ptsG, mlc, nac, rob, narL, soxS, arcA, fnr
1707 	 zraR, melR, nikR, betI, lldR, dcuR, ptsG, mlc, uxuR, nac, exuR, rob, narL, soxS, arcA, fnr
1708 	 zraR, melR, nikR, betI, lldR, dcuR, ptsG, mlc, nac, rob, narL, soxS, arcA, fnr
1709 	 zraR, melR, nikR, betI, lldR, dcuR, ptsG, mlc, uxuR, nac, exuR, rob, narL, soxS, arcA, fnr
1710 	 zraR, nikR, betI, lldR, dcuR, ptsG, mlc, nac, exuR, rob, narL, soxS, arcA, fnr
1711 	 zraR, melR, nikR, betI, lldR, dcuR, ptsG, mlc, uxuR, nac, exuR, rob, narL, soxS, arcA, fnr
1712 	 zraR, melR, nikR, betI, lldR, dcuR, ptsG, mlc, nac, exuR, rob, narL, soxS, arcA, fnr
1713 	 zraR, nikR, betI, lldR, dcuR, ptsG, mlc, nac, exuR, rob, narL, soxS, arcA, fnr
1714 	 zraR, nikR, betI, lldR, dcuR, ptsG, mlc, nac, exuR, rob, narL, soxS, arcA, fnr
1715 	 zraR, melR, nikR, betI, lldR, dcuR, ptsG, mlc, nac, exuR, rob, narL, soxS, arcA, fnr
1716 	 zraR, melR, nikR, betI, lldR, dcuR, ptsG, mlc, nac, exuR, rob, narL, soxS, arcA, fnr
1717 	 zraR, melR, nikR, betI, lldR, dcuR, ptsG, mlc, nac, exuR, rob, narL, soxS, arcA, fnr
1720 	 zraR, nikR, betI, lldR, dcuR, ptsG, mlc, nac, rob, narL, soxS, arcA, fnr
1721 	 zraR, nikR, betI, lldR, dcuR, ptsG, mlc, nac, rob, narL, soxS, arcA, fnr
1722 	 zraR, nikR, betI, lldR, dcuR, ptsG, mlc, nac, exuR, rob, narL, soxS, arcA, fnr
1723 	 zraR, melR, nikR, betI, lldR, dcuR, ptsG, mlc, nac, rob, narL, soxS, arcA, fnr
1724 	 zraR, nikR, betI, lldR, dcuR, ptsG, mlc, nac, exuR, rob, narL, soxS, arcA, fnr
1725 	 zraR, nikR, betI, lldR, dcuR, ptsG, mlc, nac, exuR, rob, narL, soxS, arcA, fnr
1726 	 zraR, melR, nikR, betI, lldR, dcuR, ptsG, mlc, nac, rob, narL, soxS, arcA, fnr
1727 	 zraR, nikR, betI, lldR, dcuR, ptsG, mlc, nac, exuR, rob, narL, soxS, arcA, fnr
1728 	 zraR, melR, nikR, betI, lldR, dcuR, ptsG, mlc, nac, rob, narL, soxS, arcA, fnr
1729 	 zraR, melR, nikR, betI, lldR, dcuR, ptsG, mlc, nac, rob, narL, soxS, arcA, fnr
1730 	 zraR, melR, nikR, betI, lldR, dcuR, ptsG, mlc, nac, exuR, rob, narL, soxS, arcA, fnr
1731 	 zraR, melR, nikR, betI, lldR, dcuR, ptsG, mlc, nac, exuR, rob, narL, soxS, arcA, fnr
1732 	 zraR, melR, nikR, betI, lldR, dcuR, ptsG, mlc, nac, exuR, rob, narL, soxS, arcA, fnr
1733 	 zraR, melR, nikR, betI, lldR, dcuR, ptsG, mlc, nac, exuR, rob, narL, soxS, arcA, fnr
1734 	 zraR, nikR, betI, lldR, dcuR, ptsG, mlc, uxuR, nac, rob, narL, soxS, arcA, fnr
1735 	 zraR, nikR, betI, lldR, dcuR, ptsG, mlc, uxuR, nac, rob, narL, soxS, arcA, fnr
1736 	 zraR, nikR, betI, lldR, dcuR, ptsG, mlc, uxuR, nac, rob, narL, soxS, arcA, fnr
1737 	 zraR, nikR, betI, lldR, dcuR, ptsG, mlc, uxuR, nac, exuR, rob, narL, soxS, arcA, fnr
1738 	 zraR, melR, nikR, betI, lldR, dcuR, ptsG, mlc, uxuR, nac, rob, narL, soxS, arcA, fnr
1739 	 zraR, nikR, betI, lldR, dcuR, ptsG, mlc, uxuR, nac, exuR, rob, narL, soxS, arcA, fnr
1740 	 zraR, melR, nikR, betI, lldR, dcuR, ptsG, mlc, uxuR, nac, rob, narL, soxS, arcA, fnr
1741 	 zraR, nikR, betI, lldR, dcuR, ptsG, mlc, uxuR, nac, rob, narL, soxS, arcA, fnr
1742 	 zraR, nikR, betI, lldR, dcuR, ptsG, mlc, uxuR, nac, exuR, rob, narL, soxS, arcA, fnr
1743 	 zraR, nikR, betI, lldR, dcuR, ptsG, mlc, uxuR, nac, rob, narL, soxS, arcA, fnr
1744 	 zraR, melR, nikR, betI, lldR, dcuR, ptsG, mlc, uxuR, nac, rob, narL, soxS, arcA, fnr
1745 	 zraR, nikR, betI, lldR, dcuR, ptsG, mlc, uxuR, nac, exuR, rob, narL, soxS, arcA, fnr
1746 	 zraR, melR, nikR, betI, lldR, dcuR, ptsG, mlc, uxuR, nac, rob, narL, soxS, arcA, fnr
1747 	 zraR, nikR, betI, lldR, dcuR, ptsG, mlc, uxuR, nac, rob, narL, soxS, arcA, fnr
1748 	 zraR, nikR, betI, lldR, dcuR, ptsG, mlc, uxuR, nac, rob, narL, soxS, arcA, fnr
1749 	 zraR, melR, nikR, betI, lldR, dcuR, ptsG, mlc, uxuR, nac, rob, narL, soxS, arcA, fnr
1750 	 zraR, melR, nikR, betI, lldR, dcuR, ptsG, mlc, uxuR, nac, rob, narL, soxS, arcA, fnr
1751 	 zraR, melR, nikR, betI, lldR, dcuR, ptsG, mlc, uxuR, nac, exuR, rob, narL, soxS, arcA, fnr
1752 	 zraR, melR, nikR, betI, lldR, dcuR, ptsG, mlc, uxuR, nac, rob, narL, soxS, arcA, fnr
1753 	 zraR, nikR, betI, lldR, dcuR, ptsG, mlc, uxuR, nac, exuR, rob, narL, soxS, arcA, fnr
1754 	 zraR, melR, nikR, betI, lldR, dcuR, ptsG, mlc, uxuR, nac, rob, narL, soxS, arcA, fnr
1755 	 zraR, melR, nikR, betI, lldR, dcuR, ptsG, mlc, uxuR, nac, exuR, rob, narL, soxS, arcA, fnr
1756 	 zraR, melR, nikR, betI, lldR, dcuR, ptsG, mlc, uxuR, nac, exuR, rob, narL, soxS, arcA, fnr
1757 	 zraR, nikR, betI, lldR, dcuR, ptsG, mlc, uxuR, nac, exuR, rob, narL, soxS, arcA, fnr
1758 	 zraR, nikR, betI, lldR, dcuR, ptsG, mlc, uxuR, nac, exuR, rob, narL, soxS, arcA, fnr
1759 	 zraR, nikR, betI, lldR, dcuR, ptsG, mlc, uxuR, nac, exuR, rob, narL, soxS, arcA, fnr
1760 	 zraR, melR, nikR, betI, lldR, dcuR, ptsG, mlc, uxuR, nac, exuR, rob, narL, soxS, arcA, fnr
1761 	 zraR, melR, nikR, betI, lldR, dcuR, ptsG, mlc, uxuR, nac, exuR, rob, narL, soxS, arcA, fnr
1762 	 zraR, melR, nikR, betI, lldR, dcuR, ptsG, mlc, uxuR, nac, exuR, rob, narL, soxS, arcA, fnr
1763 	 zraR, melR, nikR, betI, lldR, dcuR, ptsG, mlc, uxuR, nac, exuR, rob, narL, soxS, arcA, fnr
1765 	 zraR, nikR, betI, lldR, dcuR, ptsG, mlc, uxuR, nac, rob, narL, soxS, arcA, fnr
1767 	 zraR, nikR, betI, lldR, dcuR, ptsG, mlc, uxuR, nac, rob, narL, soxS, arcA, fnr
1768 	 zraR, melR, nikR, betI, lldR, dcuR, ptsG, mlc, nac, rob, narL, soxS, arcA, fnr
1769 	 zraR, melR, nikR, betI, lldR, dcuR, ptsG, mlc, uxuR, nac, rob, narL, soxS, arcA, fnr
1770 	 zraR, melR, nikR, betI, lldR, dcuR, ptsG, mlc, nac, rob, narL, soxS, arcA, fnr
1771 	 zraR, melR, nikR, betI, lldR, dcuR, ptsG, mlc, uxuR, nac, rob, narL, soxS, arcA, fnr
1772 	 zraR, nikR, betI, lldR, dcuR, ptsG, mlc, nac, rob, narL, soxS, arcA, fnr
1773 	 zraR, nikR, betI, lldR, dcuR, ptsG, mlc, uxuR, nac, exuR, rob, narL, soxS, arcA, fnr
1774 	 zraR, nikR, betI, lldR, dcuR, ptsG, mlc, nac, exuR, rob, narL, soxS, arcA, fnr
1775 	 zraR, nikR, betI, lldR, dcuR, ptsG, mlc, uxuR, nac, rob, narL, soxS, arcA, fnr
1776 	 zraR, nikR, betI, lldR, dcuR, ptsG, mlc, nac, rob, narL, soxS, arcA, fnr
1777 	 zraR, nikR, betI, lldR, dcuR, ptsG, mlc, uxuR, nac, exuR, rob, narL, soxS, arcA, fnr
1778 	 zraR, nikR, betI, lldR, dcuR, ptsG, mlc, nac, exuR, rob, narL, soxS, arcA, fnr
1779 	 zraR, nikR, betI, lldR, dcuR, ptsG, mlc, uxuR, nac, rob, narL, soxS, arcA, fnr
1780 	 zraR, melR, nikR, betI, lldR, dcuR, ptsG, mlc, nac, rob, narL, soxS, arcA, fnr
1781 	 zraR, melR, nikR, betI, lldR, dcuR, ptsG, mlc, uxuR, nac, exuR, rob, narL, soxS, arcA, fnr
1782 	 zraR, melR, nikR, betI, lldR, dcuR, ptsG, mlc, nac, exuR, rob, narL, soxS, arcA, fnr
1783 	 zraR, melR, nikR, betI, lldR, dcuR, ptsG, mlc, uxuR, nac, rob, narL, soxS, arcA, fnr
1784 	 zraR, melR, nikR, betI, lldR, dcuR, ptsG, mlc, nac, rob, narL, soxS, arcA, fnr
1785 	 zraR, melR, nikR, betI, lldR, dcuR, ptsG, mlc, uxuR, nac, exuR, rob, narL, soxS, arcA, fnr
1786 	 zraR, melR, nikR, betI, lldR, dcuR, ptsG, mlc, nac, exuR, rob, narL, soxS, arcA, fnr
1787 	 zraR, melR, nikR, betI, lldR, dcuR, ptsG, mlc, uxuR, nac, rob, narL, soxS, arcA, fnr
1788 	 zraR, nikR, betI, lldR, dcuR, ptsG, mlc, nac, exuR, rob, narL, soxS, arcA, fnr
1789 	 zraR, nikR, betI, lldR, dcuR, ptsG, mlc, uxuR, nac, exuR, rob, narL, soxS, arcA, fnr
1790 	 zraR, betI, lldR, ptsG, mlc, uxuR, nac, rob, narL, soxS, arcA, fnr
1791 	 zraR, nikR, betI, lldR, dcuR, ptsG, mlc, uxuR, nac, exuR, rob, narL, soxS, arcA, fnr
1792 	 zraR, melR, betI, lldR, ptsG, mlc, uxuR, nac, rob, narL, soxS, arcA, fnr
1793 	 zraR, melR, nikR, betI, lldR, dcuR, ptsG, mlc, uxuR, nac, exuR, rob, narL, soxS, arcA, fnr
1794 	 zraR, melR, betI, lldR, ptsG, mlc, uxuR, nac, rob, narL, soxS, arcA, fnr
1795 	 zraR, melR, nikR, betI, lldR, dcuR, ptsG, mlc, uxuR, nac, exuR, rob, narL, soxS, arcA, fnr
1796 	 zraR, nikR, betI, lldR, dcuR, ptsG, mlc, uxuR, nac, rob, narL, soxS, arcA, fnr
1797 	 zraR, betI, lldR, ptsG, mlc, uxuR, nac, rob, narL, soxS, arcA, fnr
1798 	 zraR, nikR, betI, lldR, dcuR, ptsG, mlc, uxuR, nac, rob, narL, soxS, arcA, fnr
1799 	 zraR, betI, lldR, ptsG, mlc, uxuR, nac, rob, narL, soxS, arcA, fnr
1800 	 zraR, nikR, betI, lldR, dcuR, ptsG, mlc, uxuR, nac, rob, narL, soxS, arcA, fnr
1801 	 zraR, melR, betI, lldR, ptsG, mlc, uxuR, nac, rob, narL, soxS, arcA, fnr
1802 	 zraR, nikR, betI, lldR, dcuR, ptsG, mlc, uxuR, nac, exuR, rob, narL, soxS, arcA, fnr
1803 	 zraR, betI, lldR, ptsG, mlc, uxuR, nac, rob, narL, soxS, arcA, fnr
1804 	 zraR, melR, nikR, betI, lldR, dcuR, ptsG, mlc, uxuR, nac, rob, narL, soxS, arcA, fnr
1805 	 zraR, melR, betI, lldR, ptsG, mlc, uxuR, nac, rob, narL, soxS, arcA, fnr
1806 	 zraR, nikR, betI, lldR, dcuR, ptsG, mlc, uxuR, nac, rob, narL, soxS, arcA, fnr
1807 	 zraR, betI, lldR, ptsG, mlc, uxuR, nac, rob, narL, soxS, arcA, fnr
1808 	 zraR, nikR, betI, lldR, dcuR, ptsG, mlc, uxuR, nac, exuR, rob, narL, soxS, arcA, fnr
1809 	 zraR, melR, betI, lldR, ptsG, mlc, uxuR, nac, rob, narL, soxS, arcA, fnr
1810 	 zraR, melR, nikR, betI, lldR, dcuR, ptsG, mlc, uxuR, nac, rob, narL, soxS, arcA, fnr
1811 	 zraR, melR, betI, lldR, ptsG, mlc, uxuR, nac, rob, narL, soxS, arcA, fnr
1812 	 zraR, melR, nikR, betI, lldR, dcuR, ptsG, mlc, uxuR, nac, rob, narL, soxS, arcA, fnr
1814 	 zraR, nikR, betI, lldR, dcuR, ptsG, mlc, uxuR, nac, exuR, rob, narL, soxS, arcA, fnr
1816 	 zraR, melR, nikR, betI, lldR, dcuR, ptsG, mlc, uxuR, nac, exuR, rob, narL, soxS, arcA, fnr
1956 	 zraR, nikR, betI, lldR, dcuR, ptsG, mlc, uxuR, nac, rob, narL, soxS, arcA, fnr
1961 	 zraR, nikR, betI, lldR, dcuR, ptsG, mlc, uxuR, nac, rob, narL, soxS, arcA, fnr
1962 	 zraR, melR, nikR, betI, lldR, dcuR, ptsG, mlc, uxuR, nac, rob, narL, soxS, arcA, fnr
1963 	 zraR, nikR, betI, lldR, dcuR, ptsG, mlc, uxuR, nac, exuR, rob, narL, soxS, arcA, fnr
1964 	 zraR, nikR, betI, lldR, dcuR, ptsG, mlc, uxuR, nac, rob, narL, soxS, arcA, fnr
1965 	 zraR, betI, lldR, ptsG, mlc, uxuR, nac, rob, narL, soxS, arcA, fnr
1967 	 zraR, melR, nikR, betI, lldR, dcuR, ptsG, mlc, uxuR, nac, rob, narL, soxS, arcA, fnr
1969 	 zraR, betI, lldR, ptsG, mlc, uxuR, nac, rob, narL, soxS, arcA, fnr
1970 	 zraR, betI, lldR, ptsG, mlc, uxuR, nac, rob, narL, soxS, arcA, fnr
1972 	 zraR, melR, nikR, betI, lldR, dcuR, ptsG, mlc, uxuR, nac, exuR, rob, narL, soxS, arcA, fnr
1973 	 zraR, betI, lldR, ptsG, mlc, uxuR, nac, rob, narL, soxS, arcA, fnr
1974 	 zraR, melR, betI, lldR, ptsG, mlc, uxuR, nac, rob, narL, soxS, arcA, fnr
1975 	 zraR, betI, lldR, ptsG, mlc, uxuR, nac, rob, narL, soxS, arcA, fnr
1976 	 zraR, melR, betI, lldR, ptsG, mlc, nac, rob, narL, soxS, arcA, fnr
1977 	 zraR, betI, lldR, ptsG, mlc, uxuR, nac, rob, narL, soxS, arcA, fnr
1978 	 zraR, betI, lldR, ptsG, mlc, uxuR, nac, exuR, rob, narL, soxS, arcA, fnr
1979 	 zraR, betI, lldR, ptsG, mlc, uxuR, nac, exuR, rob, narL, soxS, arcA, fnr
1980 	 zraR, melR, betI, lldR, ptsG, mlc, uxuR, nac, rob, narL, soxS, arcA, fnr
1981 	 zraR, nikR, betI, lldR, dcuR, ptsG, mlc, uxuR, nac, rob, narL, soxS, arcA, fnr
1982 	 zraR, nikR, betI, lldR, dcuR, ptsG, mlc, uxuR, nac, rob, narL, soxS, arcA, fnr
1983 	 zraR, betI, lldR, ptsG, mlc, uxuR, nac, exuR, rob, narL, soxS, arcA, fnr
1985 	 zraR, melR, betI, lldR, ptsG, mlc, uxuR, nac, rob, narL, soxS, arcA, fnr
1987 	 zraR, melR, betI, lldR, ptsG, mlc, uxuR, nac, rob, narL, soxS, arcA, fnr
1988 	 zraR, melR, betI, lldR, ptsG, mlc, uxuR, nac, exuR, rob, narL, soxS, arcA, fnr
1990 	 zraR, betI, lldR, ptsG, mlc, uxuR, nac, rob, narL, soxS, arcA, fnr
1991 	 zraR, betI, lldR, ptsG, mlc, uxuR, nac, rob, narL, soxS, arcA, fnr
1993 	 zraR, melR, betI, lldR, ptsG, mlc, uxuR, nac, rob, narL, soxS, arcA, fnr
1994 	 zraR, melR, betI, lldR, ptsG, mlc, uxuR, nac, exuR, rob, narL, soxS, arcA, fnr
1995 	 zraR, melR, nikR, betI, lldR, dcuR, ptsG, mlc, uxuR, nac, rob, narL, soxS, arcA, fnr
1996 	 zraR, betI, lldR, ptsG, mlc, uxuR, nac, exuR, rob, narL, soxS, arcA, fnr
1997 	 zraR, melR, nikR, betI, lldR, dcuR, ptsG, mlc, uxuR, nac, rob, narL, soxS, arcA, fnr
1998 	 zraR, nikR, betI, lldR, dcuR, ptsG, mlc, uxuR, nac, rob, narL, soxS, arcA, fnr
1999 	 zraR, melR, betI, lldR, ptsG, mlc, uxuR, nac, exuR, rob, narL, soxS, arcA, fnr
2000 	 zraR, melR, betI, lldR, ptsG, mlc, nac, rob, narL, soxS, arcA, fnr
2001 	 zraR, melR, nikR, betI, lldR, dcuR, ptsG, mlc, uxuR, nac, rob, narL, soxS, arcA, fnr
2003 	 zraR, melR, betI, lldR, ptsG, mlc, uxuR, nac, exuR, rob, narL, soxS, arcA, fnr
2004 	 zraR, melR, nikR, betI, lldR, dcuR, ptsG, mlc, uxuR, nac, rob, narL, soxS, arcA, fnr
2005 	 zraR, melR, betI, lldR, ptsG, mlc, nac, rob, narL, soxS, arcA, fnr
2006 	 zraR, melR, betI, lldR, ptsG, mlc, nac, rob, narL, soxS, arcA, fnr
2007 	 zraR, melR, betI, lldR, ptsG, mlc, uxuR, nac, rob, narL, soxS, arcA, fnr
2008 	 zraR, betI, lldR, ptsG, mlc, uxuR, nac, exuR, rob, narL, soxS, arcA, fnr
2009 	 zraR, melR, betI, lldR, ptsG, mlc, nac, rob, narL, soxS, arcA, fnr
2010 	 zraR, melR, betI, lldR, ptsG, mlc, nac, rob, narL, soxS, arcA, fnr
2011 	 zraR, melR, betI, lldR, ptsG, mlc, uxuR, nac, exuR, rob, narL, soxS, arcA, fnr
2012 	 zraR, melR, nikR, betI, lldR, dcuR, ptsG, mlc, uxuR, nac, rob, narL, soxS, arcA, fnr
2013 	 zraR, betI, lldR, ptsG, mlc, uxuR, nac, rob, narL, soxS, arcA, fnr
2014 	 zraR, betI, lldR, ptsG, mlc, uxuR, nac, exuR, rob, narL, soxS, arcA, fnr
2015 	 zraR, betI, lldR, ptsG, mlc, uxuR, nac, rob, narL, soxS, arcA, fnr
2016 	 zraR, betI, lldR, ptsG, mlc, nac, rob, narL, soxS, arcA, fnr
2017 	 zraR, melR, betI, lldR, ptsG, mlc, uxuR, nac, rob, narL, soxS, arcA, fnr
2018 	 zraR, nikR, betI, lldR, dcuR, ptsG, mlc, uxuR, nac, rob, narL, soxS, arcA, fnr
2019 	 zraR, melR, betI, lldR, ptsG, mlc, uxuR, nac, exuR, rob, narL, soxS, arcA, fnr
2020 	 zraR, betI, lldR, ptsG, mlc, uxuR, nac, rob, narL, soxS, arcA, fnr
2021 	 zraR, melR, betI, lldR, ptsG, mlc, uxuR, nac, rob, narL, soxS, arcA, fnr
2022 	 zraR, nikR, betI, lldR, dcuR, ptsG, mlc, uxuR, nac, rob, narL, soxS, arcA, fnr
2023 	 zraR, melR, betI, lldR, ptsG, mlc, uxuR, nac, rob, narL, soxS, arcA, fnr
2024 	 zraR, melR, nikR, betI, lldR, dcuR, ptsG, mlc, nac, rob, narL, soxS, arcA, fnr
2025 	 zraR, melR, betI, lldR, ptsG, mlc, uxuR, nac, rob, narL, soxS, arcA, fnr
2026 	 zraR, betI, lldR, ptsG, mlc, nac, rob, narL, soxS, arcA, fnr
2027 	 zraR, betI, lldR, ptsG, mlc, uxuR, nac, rob, narL, soxS, arcA, fnr
2028 	 zraR, betI, lldR, ptsG, mlc, uxuR, nac, exuR, rob, narL, soxS, arcA, fnr
2029 	 zraR, melR, betI, lldR, ptsG, mlc, nac, rob, narL, soxS, arcA, fnr
2030 	 zraR, betI, lldR, ptsG, mlc, uxuR, nac, rob, narL, soxS, arcA, fnr
2031 	 zraR, melR, nikR, betI, lldR, dcuR, ptsG, mlc, uxuR, nac, rob, narL, soxS, arcA, fnr
2032 	 zraR, betI, lldR, ptsG, mlc, nac, rob, narL, soxS, arcA, fnr
2033 	 zraR, melR, betI, lldR, ptsG, mlc, uxuR, nac, rob, narL, soxS, arcA, fnr
2034 	 zraR, betI, lldR, ptsG, mlc, nac, rob, narL, soxS, arcA, fnr
2035 	 zraR, betI, lldR, ptsG, mlc, uxuR, nac, exuR, rob, narL, soxS, arcA, fnr
2036 	 zraR, melR, betI, lldR, ptsG, mlc, nac, rob, narL, soxS, arcA, fnr
2037 	 zraR, melR, betI, lldR, ptsG, mlc, uxuR, nac, exuR, rob, narL, soxS, arcA, fnr
2038 	 zraR, melR, betI, lldR, ptsG, mlc, nac, rob, narL, soxS, arcA, fnr
2039 	 zraR, betI, lldR, ptsG, mlc, uxuR, nac, exuR, rob, narL, soxS, arcA, fnr
2040 	 zraR, betI, lldR, ptsG, mlc, nac, rob, narL, soxS, arcA, fnr
2041 	 zraR, melR, betI, lldR, ptsG, mlc, uxuR, nac, exuR, rob, narL, soxS, arcA, fnr
2042 	 zraR, betI, lldR, ptsG, mlc, nac, rob, narL, soxS, arcA, fnr
2043 	 zraR, melR, betI, lldR, ptsG, mlc, nac, exuR, rob, narL, soxS, arcA, fnr
2044 	 zraR, melR, betI, lldR, ptsG, mlc, uxuR, nac, rob, narL, soxS, arcA, fnr
2045 	 zraR, melR, betI, lldR, ptsG, mlc, uxuR, nac, exuR, rob, narL, soxS, arcA, fnr
2046 	 zraR, melR, betI, lldR, ptsG, mlc, nac, rob, narL, soxS, arcA, fnr
2047 	 zraR, betI, lldR, ptsG, mlc, nac, exuR, rob, narL, soxS, arcA, fnr
2048 	 zraR, melR, betI, lldR, ptsG, mlc, nac, rob, narL, soxS, arcA, fnr
2049 	 zraR, melR, betI, lldR, ptsG, mlc, nac, exuR, rob, narL, soxS, arcA, fnr
2050 	 zraR, nikR, betI, lldR, dcuR, ptsG, mlc, uxuR, nac, rob, narL, soxS, arcA, fnr
2051 	 zraR, betI, lldR, ptsG, mlc, uxuR, nac, exuR, rob, narL, soxS, arcA, fnr
2052 	 zraR, melR, nikR, betI, lldR, dcuR, ptsG, mlc, uxuR, nac, rob, narL, soxS, arcA, fnr
2053 	 zraR, nikR, betI, lldR, dcuR, ptsG, mlc, uxuR, nac, rob, narL, soxS, arcA, fnr
2054 	 zraR, betI, lldR, ptsG, mlc, uxuR, nac, exuR, rob, narL, soxS, arcA, fnr
2055 	 zraR, melR, betI, lldR, ptsG, mlc, uxuR, nac, exuR, rob, narL, soxS, arcA, fnr
2056 	 zraR, melR, nikR, betI, lldR, dcuR, ptsG, mlc, uxuR, nac, rob, narL, soxS, arcA, fnr
2057 	 zraR, melR, betI, lldR, ptsG, mlc, uxuR, nac, exuR, rob, narL, soxS, arcA, fnr
2058 	 zraR, betI, lldR, ptsG, mlc, uxuR, nac, rob, narL, soxS, arcA, fnr
2062 	 zraR, betI, lldR, ptsG, mlc, uxuR, nac, rob, narL, soxS, arcA, fnr
2064 	 zraR, betI, lldR, ptsG, mlc, uxuR, nac, rob, narL, soxS, arcA, fnr
2066 	 zraR, melR, betI, lldR, ptsG, mlc, uxuR, nac, rob, narL, soxS, arcA, fnr
2068 	 zraR, melR, betI, lldR, ptsG, mlc, uxuR, nac, rob, narL, soxS, arcA, fnr
2070 	 zraR, melR, betI, lldR, ptsG, mlc, uxuR, nac, rob, narL, soxS, arcA, fnr
2072 	 zraR, melR, betI, lldR, ptsG, mlc, nac, rob, narL, soxS, arcA, fnr
2074 	 zraR, melR, betI, lldR, ptsG, mlc, nac, rob, narL, soxS, arcA, fnr
2075 	 zraR, betI, lldR, ptsG, mlc, uxuR, nac, rob, narL, soxS, arcA, fnr
2076 	 zraR, betI, lldR, ptsG, mlc, nac, rob, narL, soxS, arcA, fnr
2077 	 zraR, melR, betI, lldR, ptsG, mlc, uxuR, nac, rob, narL, soxS, arcA, fnr
2078 	 zraR, betI, lldR, ptsG, mlc, uxuR, nac, rob, narL, soxS, arcA, fnr
2079 	 zraR, melR, betI, lldR, ptsG, mlc, nac, rob, narL, soxS, arcA, fnr
2080 	 zraR, melR, betI, lldR, ptsG, mlc, uxuR, nac, rob, narL, soxS, arcA, fnr
2081 	 zraR, betI, lldR, ptsG, mlc, nac, rob, narL, soxS, arcA, fnr
2082 	 zraR, melR, betI, lldR, ptsG, mlc, nac, rob, narL, soxS, arcA, fnr
2083 	 zraR, melR, betI, lldR, ptsG, mlc, uxuR, nac, rob, narL, soxS, arcA, fnr
2086 	 zraR, melR, betI, lldR, ptsG, mlc, nac, rob, narL, soxS, arcA, fnr
2087 	 zraR, melR, betI, lldR, ptsG, mlc, nac, rob, narL, soxS, arcA, fnr
2088 	 zraR, betI, lldR, ptsG, mlc, uxuR, nac, rob, narL, soxS, arcA, fnr
2089 	 zraR, melR, betI, lldR, ptsG, mlc, uxuR, nac, rob, narL, soxS, arcA, fnr
2090 	 zraR, betI, lldR, ptsG, mlc, nac, rob, narL, soxS, arcA, fnr
2091 	 zraR, betI, lldR, ptsG, mlc, uxuR, nac, rob, narL, soxS, arcA, fnr
2092 	 zraR, melR, betI, lldR, ptsG, mlc, nac, rob, narL, soxS, arcA, fnr
2093 	 zraR, betI, lldR, ptsG, mlc, nac, rob, narL, soxS, arcA, fnr
2094 	 zraR, melR, betI, lldR, ptsG, mlc, uxuR, nac, rob, narL, soxS, arcA, fnr
2096 	 zraR, melR, betI, lldR, ptsG, mlc, nac, rob, narL, soxS, arcA, fnr
2097 	 zraR, nikR, betI, lldR, dcuR, ptsG, mlc, uxuR, nac, rob, narL, soxS, arcA, fnr
2098 	 zraR, nikR, betI, lldR, dcuR, ptsG, mlc, uxuR, nac, rob, narL, soxS, arcA, fnr
2099 	 zraR, melR, nikR, betI, lldR, dcuR, ptsG, mlc, uxuR, nac, rob, narL, soxS, arcA, fnr
2100 	 zraR, melR, nikR, betI, lldR, dcuR, ptsG, mlc, uxuR, nac, rob, narL, soxS, arcA, fnr
2101 	 zraR, nikR, betI, lldR, dcuR, ptsG, mlc, uxuR, nac, rob, narL, soxS, arcA, fnr
2102 	 zraR, nikR, betI, lldR, dcuR, ptsG, mlc, uxuR, nac, rob, narL, soxS, arcA, fnr
2103 	 zraR, melR, nikR, betI, lldR, dcuR, ptsG, mlc, uxuR, nac, rob, narL, soxS, arcA, fnr
2104 	 zraR, melR, nikR, betI, lldR, dcuR, ptsG, mlc, uxuR, nac, rob, narL, soxS, arcA, fnr
2105 	 zraR, betI, lldR, ptsG, mlc, uxuR, nac, exuR, rob, narL, soxS, arcA, fnr
2106 	 zraR, betI, lldR, ptsG, mlc, uxuR, nac, exuR, rob, narL, soxS, arcA, fnr
2107 	 zraR, melR, betI, lldR, ptsG, mlc, uxuR, nac, exuR, rob, narL, soxS, arcA, fnr
2108 	 zraR, melR, betI, lldR, ptsG, mlc, uxuR, nac, exuR, rob, narL, soxS, arcA, fnr
2109 	 zraR, betI, lldR, ptsG, mlc, uxuR, nac, exuR, rob, narL, soxS, arcA, fnr
2110 	 zraR, betI, lldR, ptsG, mlc, uxuR, nac, exuR, rob, narL, soxS, arcA, fnr
2111 	 zraR, melR, betI, lldR, ptsG, mlc, uxuR, nac, exuR, rob, narL, soxS, arcA, fnr
2112 	 zraR, melR, betI, lldR, ptsG, mlc, uxuR, nac, exuR, rob, narL, soxS, arcA, fnr
2122 	 zraR, betI, lldR, ptsG, mlc, uxuR, nac, rob, narL, soxS, arcA, fnr
2126 	 zraR, melR, betI, lldR, ptsG, mlc, uxuR, nac, rob, narL, soxS, arcA, fnr
2149 	 zraR, betI, lldR, ptsG, mlc, uxuR, nac, rob, narL, soxS, arcA, fnr
2150 	 zraR, melR, betI, lldR, ptsG, mlc, nac, rob, narL, soxS, arcA, fnr
2152 	 zraR, betI, lldR, ptsG, mlc, uxuR, nac, rob, narL, soxS, arcA, fnr
2153 	 zraR, betI, lldR, ptsG, mlc, nac, rob, narL, soxS, arcA, fnr
2154 	 zraR, betI, lldR, ptsG, mlc, nac, rob, narL, soxS, arcA, fnr
2155 	 zraR, melR, betI, lldR, ptsG, mlc, nac, rob, narL, soxS, arcA, fnr
2157 	 zraR, melR, betI, lldR, ptsG, mlc, nac, rob, narL, soxS, arcA, fnr
2158 	 zraR, betI, lldR, ptsG, mlc, nac, rob, narL, soxS, arcA, fnr
2159 	 zraR, betI, lldR, ptsG, mlc, nac, rob, narL, soxS, arcA, fnr
2160 	 zraR, melR, betI, lldR, ptsG, mlc, nac, rob, narL, soxS, arcA, fnr
2161 	 zraR, melR, betI, lldR, ptsG, mlc, nac, rob, narL, soxS, arcA, fnr
2162 	 zraR, melR, betI, lldR, ptsG, mlc, uxuR, nac, rob, narL, soxS, arcA, fnr
2164 	 zraR, melR, betI, lldR, ptsG, mlc, nac, rob, narL, soxS, arcA, fnr
2166 	 zraR, melR, nikR, betI, lldR, dcuR, ptsG, mlc, uxuR, nac, rob, narL, soxS, arcA, fnr
2168 	 zraR, betI, lldR, ptsG, mlc, uxuR, nac, rob, narL, soxS, arcA, fnr
2169 	 zraR, melR, betI, lldR, ptsG, mlc, uxuR, nac, rob, narL, soxS, arcA, fnr
2170 	 zraR, betI, lldR, ptsG, mlc, uxuR, nac, rob, narL, soxS, arcA, fnr
2171 	 zraR, melR, betI, lldR, ptsG, mlc, nac, rob, narL, soxS, arcA, fnr
2172 	 zraR, betI, lldR, ptsG, mlc, uxuR, nac, rob, narL, soxS, arcA, fnr
2173 	 zraR, melR, betI, lldR, ptsG, mlc, uxuR, nac, rob, narL, soxS, arcA, fnr
2174 	 zraR, betI, lldR, ptsG, mlc, uxuR, nac, rob, narL, soxS, arcA, fnr
2175 	 zraR, melR, betI, lldR, ptsG, mlc, nac, rob, narL, soxS, arcA, fnr
2177 	 zraR, nikR, betI, lldR, dcuR, ptsG, mlc, uxuR, nac, rob, narL, soxS, arcA, fnr
2178 	 zraR, betI, lldR, ptsG, mlc, nac, rob, narL, soxS, arcA, fnr
2179 	 zraR, betI, lldR, ptsG, mlc, uxuR, nac, rob, narL, soxS, arcA, fnr
2180 	 zraR, melR, betI, lldR, ptsG, mlc, uxuR, nac, rob, narL, soxS, arcA, fnr
2181 	 zraR, nikR, betI, lldR, dcuR, ptsG, mlc, uxuR, nac, rob, narL, soxS, arcA, fnr
2183 	 zraR, betI, lldR, ptsG, mlc, uxuR, nac, rob, narL, soxS, arcA, fnr
2184 	 zraR, melR, betI, lldR, ptsG, mlc, uxuR, nac, rob, narL, soxS, arcA, fnr
2185 	 zraR, melR, nikR, betI, lldR, dcuR, ptsG, mlc, uxuR, nac, rob, narL, soxS, arcA, fnr
2186 	 zraR, melR, betI, lldR, ptsG, mlc, nac, rob, narL, soxS, arcA, fnr
2187 	 zraR, betI, lldR, ptsG, mlc, uxuR, nac, rob, narL, soxS, arcA, fnr
2188 	 zraR, melR, betI, lldR, ptsG, mlc, uxuR, nac, rob, narL, soxS, arcA, fnr
2189 	 zraR, melR, nikR, betI, lldR, dcuR, ptsG, mlc, uxuR, nac, rob, narL, soxS, arcA, fnr
2190 	 zraR, melR, betI, lldR, ptsG, mlc, nac, rob, narL, soxS, arcA, fnr
2191 	 zraR, betI, lldR, ptsG, mlc, uxuR, nac, rob, narL, soxS, arcA, fnr
2192 	 zraR, melR, betI, lldR, ptsG, mlc, nac, rob, narL, soxS, arcA, fnr
2193 	 zraR, nikR, betI, lldR, dcuR, ptsG, mlc, uxuR, nac, rob, narL, soxS, arcA, fnr
2194 	 zraR, betI, lldR, ptsG, mlc, nac, rob, narL, soxS, arcA, fnr
2195 	 zraR, melR, betI, lldR, ptsG, mlc, uxuR, nac, rob, narL, soxS, arcA, fnr
2196 	 zraR, melR, betI, lldR, ptsG, mlc, uxuR, nac, rob, narL, soxS, arcA, fnr
2197 	 zraR, melR, nikR, betI, lldR, dcuR, ptsG, mlc, uxuR, nac, rob, narL, soxS, arcA, fnr
2198 	 zraR, melR, betI, lldR, ptsG, mlc, nac, rob, narL, soxS, arcA, fnr
2199 	 zraR, nikR, betI, lldR, dcuR, ptsG, mlc, uxuR, nac, rob, narL, soxS, arcA, fnr
2200 	 zraR, nikR, betI, lldR, dcuR, ptsG, mlc, uxuR, nac, rob, narL, soxS, arcA, fnr
2201 	 zraR, betI, lldR, ptsG, mlc, uxuR, nac, rob, narL, soxS, arcA, fnr
2203 	 zraR, melR, nikR, betI, lldR, dcuR, ptsG, mlc, uxuR, nac, rob, narL, soxS, arcA, fnr
2204 	 zraR, nikR, betI, lldR, dcuR, ptsG, mlc, uxuR, nac, rob, narL, soxS, arcA, fnr
2205 	 zraR, melR, betI, lldR, ptsG, mlc, uxuR, nac, rob, narL, soxS, arcA, fnr
2206 	 zraR, betI, lldR, ptsG, mlc, uxuR, nac, rob, narL, soxS, arcA, fnr
2207 	 zraR, melR, nikR, betI, lldR, dcuR, ptsG, mlc, uxuR, nac, rob, narL, soxS, arcA, fnr
2208 	 zraR, melR, betI, lldR, ptsG, mlc, uxuR, nac, rob, narL, soxS, arcA, fnr
2209 	 zraR, betI, lldR, ptsG, mlc, nac, rob, narL, soxS, arcA, fnr
2210 	 zraR, melR, nikR, betI, lldR, dcuR, ptsG, mlc, uxuR, nac, rob, narL, soxS, arcA, fnr
2211 	 zraR, nikR, betI, lldR, dcuR, ptsG, mlc, uxuR, nac, rob, narL, soxS, arcA, fnr
2212 	 zraR, melR, betI, lldR, ptsG, mlc, nac, rob, narL, soxS, arcA, fnr
2213 	 zraR, betI, lldR, ptsG, mlc, uxuR, nac, rob, narL, soxS, arcA, fnr
2214 	 zraR, melR, nikR, betI, lldR, dcuR, ptsG, mlc, uxuR, nac, rob, narL, soxS, arcA, fnr
2215 	 zraR, betI, lldR, ptsG, mlc, uxuR, nac, rob, narL, soxS, arcA, fnr
2216 	 zraR, melR, betI, lldR, ptsG, mlc, uxuR, nac, rob, narL, soxS, arcA, fnr
2217 	 zraR, melR, betI, lldR, ptsG, mlc, nac, rob, narL, soxS, arcA, fnr
2218 	 zraR, melR, betI, lldR, ptsG, mlc, uxuR, nac, rob, narL, soxS, arcA, fnr
2220 	 zraR, melR, betI, lldR, ptsG, mlc, nac, rob, narL, soxS, arcA, fnr
2221 	 zraR, betI, lldR, ptsG, mlc, nac, rob, narL, soxS, arcA, fnr
2222 	 zraR, melR, betI, lldR, ptsG, mlc, nac, rob, narL, soxS, arcA, fnr
2223 	 zraR, nikR, betI, lldR, dcuR, ptsG, mlc, uxuR, nac, rob, narL, soxS, arcA, fnr
2224 	 zraR, nikR, betI, lldR, dcuR, ptsG, mlc, uxuR, nac, rob, narL, soxS, arcA, fnr
2225 	 zraR, melR, nikR, betI, lldR, dcuR, ptsG, mlc, uxuR, nac, rob, narL, soxS, arcA, fnr
2226 	 zraR, nikR, betI, lldR, dcuR, ptsG, mlc, uxuR, nac, rob, narL, soxS, arcA, fnr
2227 	 zraR, nikR, betI, lldR, dcuR, ptsG, mlc, uxuR, nac, rob, narL, soxS, arcA, fnr
2228 	 zraR, melR, nikR, betI, lldR, dcuR, ptsG, mlc, uxuR, nac, rob, narL, soxS, arcA, fnr
2229 	 zraR, melR, nikR, betI, lldR, dcuR, ptsG, mlc, uxuR, nac, rob, narL, soxS, arcA, fnr
2230 	 zraR, melR, nikR, betI, lldR, dcuR, ptsG, mlc, uxuR, nac, rob, narL, soxS, arcA, fnr
2232 	 zraR, betI, lldR, ptsG, mlc, uxuR, nac, exuR, rob, narL, soxS, arcA, fnr
2233 	 zraR, betI, lldR, ptsG, mlc, uxuR, nac, rob, narL, soxS, arcA, fnr
2234 	 zraR, melR, betI, lldR, ptsG, mlc, uxuR, nac, exuR, rob, narL, soxS, arcA, fnr
2235 	 zraR, melR, betI, lldR, ptsG, mlc, uxuR, nac, rob, narL, soxS, arcA, fnr
2236 	 zraR, betI, lldR, ptsG, mlc, uxuR, nac, exuR, rob, narL, soxS, arcA, fnr
2237 	 zraR, betI, lldR, ptsG, mlc, uxuR, nac, rob, narL, soxS, arcA, fnr
2238 	 zraR, betI, lldR, ptsG, mlc, uxuR, nac, exuR, rob, narL, soxS, arcA, fnr
2240 	 zraR, melR, betI, lldR, ptsG, mlc, uxuR, nac, exuR, rob, narL, soxS, arcA, fnr
2241 	 zraR, betI, lldR, ptsG, mlc, uxuR, nac, rob, narL, soxS, arcA, fnr
2242 	 zraR, betI, lldR, ptsG, mlc, uxuR, nac, exuR, rob, narL, soxS, arcA, fnr
2243 	 zraR, melR, betI, lldR, ptsG, mlc, uxuR, nac, rob, narL, soxS, arcA, fnr
2244 	 zraR, melR, betI, lldR, ptsG, mlc, uxuR, nac, exuR, rob, narL, soxS, arcA, fnr
2245 	 zraR, betI, lldR, ptsG, mlc, uxuR, nac, rob, narL, soxS, arcA, fnr
2246 	 zraR, melR, betI, lldR, ptsG, mlc, uxuR, nac, exuR, rob, narL, soxS, arcA, fnr
2247 	 zraR, melR, betI, lldR, ptsG, mlc, uxuR, nac, rob, narL, soxS, arcA, fnr
2248 	 zraR, nikR, betI, lldR, dcuR, ptsG, mlc, uxuR, nac, exuR, rob, narL, soxS, arcA, fnr
2249 	 zraR, melR, betI, lldR, ptsG, mlc, uxuR, nac, rob, narL, soxS, arcA, fnr
2250 	 zraR, betI, lldR, ptsG, mlc, uxuR, nac, exuR, rob, narL, soxS, arcA, fnr
2251 	 zraR, melR, betI, lldR, ptsG, mlc, uxuR, nac, exuR, rob, narL, soxS, arcA, fnr
2252 	 zraR, melR, betI, lldR, ptsG, mlc, uxuR, nac, exuR, rob, narL, soxS, arcA, fnr
2253 	 zraR, betI, lldR, ptsG, mlc, uxuR, nac, exuR, rob, narL, soxS, arcA, fnr
2254 	 zraR, melR, betI, lldR, ptsG, mlc, uxuR, nac, exuR, rob, narL, soxS, arcA, fnr
2255 	 zraR, betI, lldR, ptsG, mlc, uxuR, nac, exuR, rob, narL, soxS, arcA, fnr
2256 	 zraR, melR, betI, lldR, ptsG, mlc, uxuR, nac, exuR, rob, narL, soxS, arcA, fnr
2257 	 zraR, betI, lldR, ptsG, mlc, uxuR, nac, rob, narL, soxS, arcA, fnr
2258 	 zraR, nikR, betI, lldR, dcuR, ptsG, mlc, uxuR, nac, rob, narL, soxS, arcA, fnr
2259 	 zraR, betI, lldR, ptsG, mlc, uxuR, nac, rob, narL, soxS, arcA, fnr
2260 	 zraR, melR, betI, lldR, ptsG, mlc, uxuR, nac, rob, narL, soxS, arcA, fnr
2261 	 zraR, nikR, betI, lldR, dcuR, ptsG, mlc, uxuR, nac, rob, narL, soxS, arcA, fnr
2262 	 zraR, melR, betI, lldR, ptsG, mlc, uxuR, nac, rob, narL, soxS, arcA, fnr
2263 	 zraR, melR, betI, lldR, ptsG, mlc, uxuR, nac, exuR, rob, narL, soxS, arcA, fnr
2264 	 zraR, melR, nikR, betI, lldR, dcuR, ptsG, mlc, uxuR, nac, rob, narL, soxS, arcA, fnr
2265 	 zraR, melR, betI, lldR, ptsG, mlc, uxuR, nac, exuR, rob, narL, soxS, arcA, fnr
2266 	 zraR, betI, lldR, ptsG, mlc, uxuR, nac, exuR, rob, narL, soxS, arcA, fnr
2267 	 zraR, melR, nikR, betI, lldR, dcuR, ptsG, mlc, uxuR, nac, rob, narL, soxS, arcA, fnr
2268 	 zraR, melR, betI, lldR, ptsG, mlc, uxuR, nac, exuR, rob, narL, soxS, arcA, fnr
2269 	 zraR, betI, lldR, ptsG, mlc, uxuR, nac, exuR, rob, narL, soxS, arcA, fnr
2270 	 zraR, melR, nikR, betI, lldR, dcuR, ptsG, mlc, uxuR, nac, exuR, rob, narL, soxS, arcA, fnr
2271 	 zraR, betI, lldR, ptsG, mlc, nac, rob, narL, soxS, arcA, fnr
2272 	 zraR, melR, betI, lldR, ptsG, mlc, nac, rob, narL, soxS, arcA, fnr
2273 	 zraR, melR, nikR, betI, lldR, dcuR, ptsG, mlc, nac, rob, narL, soxS, arcA, fnr
2275 	 zraR, betI, lldR, ptsG, mlc, nac, rob, narL, soxS, arcA, fnr
2276 	 zraR, melR, nikR, betI, lldR, dcuR, ptsG, mlc, nac, rob, narL, soxS, arcA, fnr
2277 	 zraR, melR, betI, lldR, ptsG, mlc, nac, rob, narL, soxS, arcA, fnr
2278 	 zraR, betI, lldR, ptsG, mlc, uxuR, nac, rob, narL, soxS, arcA, fnr
2279 	 zraR, melR, nikR, betI, lldR, dcuR, ptsG, mlc, uxuR, nac, rob, narL, soxS, arcA, fnr
2280 	 zraR, betI, lldR, ptsG, mlc, uxuR, nac, rob, narL, soxS, arcA, fnr
2281 	 zraR, melR, betI, lldR, ptsG, mlc, uxuR, nac, rob, narL, soxS, arcA, fnr
2282 	 zraR, nikR, betI, lldR, dcuR, ptsG, mlc, uxuR, nac, rob, narL, soxS, arcA, fnr
2283 	 zraR, melR, betI, lldR, ptsG, mlc, uxuR, nac, rob, narL, soxS, arcA, fnr
2284 	 zraR, nikR, betI, lldR, dcuR, ptsG, mlc, uxuR, nac, rob, narL, soxS, arcA, fnr
2285 	 zraR, betI, lldR, ptsG, mlc, uxuR, nac, exuR, rob, narL, soxS, arcA, fnr
2286 	 zraR, melR, nikR, betI, lldR, dcuR, ptsG, mlc, uxuR, nac, rob, narL, soxS, arcA, fnr
2287 	 zraR, melR, betI, lldR, ptsG, mlc, uxuR, nac, exuR, rob, narL, soxS, arcA, fnr
2288 	 zraR, melR, nikR, betI, lldR, dcuR, ptsG, mlc, uxuR, nac, rob, narL, soxS, arcA, fnr
2289 	 zraR, melR, betI, lldR, ptsG, mlc, uxuR, nac, exuR, rob, narL, soxS, arcA, fnr
2291 	 zraR, nikR, betI, lldR, dcuR, ptsG, mlc, uxuR, nac, exuR, rob, narL, soxS, arcA, fnr
2292 	 zraR, betI, lldR, ptsG, mlc, uxuR, nac, exuR, rob, narL, soxS, arcA, fnr
2293 	 zraR, melR, nikR, betI, lldR, dcuR, ptsG, mlc, uxuR, nac, exuR, rob, narL, soxS, arcA, fnr
2294 	 zraR, melR, betI, lldR, ptsG, mlc, uxuR, nac, exuR, rob, narL, soxS, arcA, fnr
2296 	 zraR, melR, betI, lldR, ptsG, mlc, nac, rob, narL, soxS, arcA, fnr
2297 	 zraR, nikR, betI, lldR, dcuR, ptsG, mlc, nac, rob, narL, soxS, arcA, fnr
2298 	 zraR, melR, betI, lldR, ptsG, mlc, nac, rob, narL, soxS, arcA, fnr
2300 	 zraR, betI, lldR, ptsG, mlc, nac, rob, narL, soxS, arcA, fnr
2301 	 zraR, melR, nikR, betI, lldR, dcuR, ptsG, mlc, nac, rob, narL, soxS, arcA, fnr
2302 	 zraR, melR, betI, lldR, ptsG, mlc, nac, rob, narL, soxS, arcA, fnr
2318 	 zraR, nikR, betI, lldR, dcuR, ptsG, mlc, uxuR, nac, rob, narL, soxS, arcA, fnr
2319 	 zraR, betI, lldR, ptsG, mlc, uxuR, nac, rob, narL, soxS, arcA, fnr
2320 	 zraR, melR, nikR, betI, lldR, dcuR, ptsG, mlc, uxuR, nac, rob, narL, soxS, arcA, fnr
2321 	 zraR, betI, lldR, ptsG, mlc, uxuR, nac, rob, narL, soxS, arcA, fnr
2322 	 zraR, melR, betI, lldR, ptsG, mlc, uxuR, nac, rob, narL, soxS, arcA, fnr
2323 	 zraR, melR, betI, lldR, ptsG, mlc, uxuR, nac, rob, narL, soxS, arcA, fnr
2324 	 zraR, betI, lldR, ptsG, mlc, uxuR, nac, rob, narL, soxS, arcA, fnr
2325 	 zraR, betI, lldR, ptsG, mlc, uxuR, nac, rob, narL, soxS, arcA, fnr
2326 	 zraR, melR, betI, lldR, ptsG, mlc, uxuR, nac, rob, narL, soxS, arcA, fnr
2327 	 zraR, melR, betI, lldR, ptsG, mlc, uxuR, nac, rob, narL, soxS, arcA, fnr
2328 	 zraR, betI, lldR, ptsG, mlc, uxuR, nac, exuR, rob, narL, soxS, arcA, fnr
2329 	 zraR, betI, lldR, ptsG, mlc, uxuR, nac, exuR, rob, narL, soxS, arcA, fnr
2330 	 zraR, melR, betI, lldR, ptsG, mlc, uxuR, nac, exuR, rob, narL, soxS, arcA, fnr
2331 	 zraR, melR, betI, lldR, ptsG, mlc, uxuR, nac, exuR, rob, narL, soxS, arcA, fnr
2332 	 zraR, betI, lldR, ptsG, mlc, uxuR, nac, exuR, rob, narL, soxS, arcA, fnr
2333 	 zraR, betI, lldR, ptsG, mlc, uxuR, nac, exuR, rob, narL, soxS, arcA, fnr
2334 	 zraR, melR, betI, lldR, ptsG, mlc, uxuR, nac, exuR, rob, narL, soxS, arcA, fnr
2335 	 zraR, melR, betI, lldR, ptsG, mlc, uxuR, nac, exuR, rob, narL, soxS, arcA, fnr
2336 	 zraR, betI, lldR, ptsG, mlc, uxuR, nac, rob, narL, soxS, arcA, fnr
2338 	 zraR, betI, lldR, ptsG, mlc, uxuR, nac, rob, narL, soxS, arcA, fnr
2339 	 zraR, betI, lldR, ptsG, mlc, nac, rob, narL, soxS, arcA, fnr
2340 	 zraR, melR, betI, lldR, ptsG, mlc, uxuR, nac, rob, narL, soxS, arcA, fnr
2341 	 zraR, melR, betI, lldR, ptsG, mlc, nac, rob, narL, soxS, arcA, fnr
2342 	 zraR, betI, lldR, ptsG, mlc, uxuR, nac, rob, narL, soxS, arcA, fnr
2343 	 zraR, melR, betI, lldR, ptsG, mlc, nac, rob, narL, soxS, arcA, fnr
2344 	 zraR, melR, betI, lldR, ptsG, mlc, uxuR, nac, rob, narL, soxS, arcA, fnr
2346 	 zraR, betI, lldR, ptsG, mlc, uxuR, nac, rob, narL, soxS, arcA, fnr
2347 	 zraR, betI, lldR, ptsG, mlc, nac, rob, narL, soxS, arcA, fnr
2348 	 zraR, melR, betI, lldR, ptsG, mlc, uxuR, nac, rob, narL, soxS, arcA, fnr
2349 	 zraR, melR, betI, lldR, ptsG, mlc, nac, rob, narL, soxS, arcA, fnr
2350 	 zraR, melR, betI, lldR, ptsG, mlc, uxuR, nac, rob, narL, soxS, arcA, fnr
2351 	 zraR, melR, betI, lldR, ptsG, mlc, nac, rob, narL, soxS, arcA, fnr
2352 	 zraR, betI, lldR, ptsG, mlc, uxuR, nac, rob, narL, soxS, arcA, fnr
2353 	 zraR, betI, lldR, ptsG, mlc, nac, exuR, rob, narL, soxS, arcA, fnr
2354 	 zraR, melR, betI, lldR, ptsG, mlc, uxuR, nac, rob, narL, soxS, arcA, fnr
2355 	 zraR, melR, betI, lldR, ptsG, mlc, nac, exuR, rob, narL, soxS, arcA, fnr
2356 	 zraR, betI, lldR, ptsG, mlc, uxuR, nac, rob, narL, soxS, arcA, fnr
2357 	 zraR, betI, lldR, ptsG, mlc, nac, exuR, rob, narL, soxS, arcA, fnr
2358 	 zraR, melR, betI, lldR, ptsG, mlc, uxuR, nac, rob, narL, soxS, arcA, fnr
2359 	 zraR, melR, betI, lldR, ptsG, mlc, nac, exuR, rob, narL, soxS, arcA, fnr
2360 	 zraR, betI, lldR, ptsG, mlc, uxuR, nac, exuR, rob, narL, soxS, arcA, fnr
2361 	 zraR, betI, lldR, ptsG, mlc, nac, exuR, rob, narL, soxS, arcA, fnr
2362 	 zraR, betI, lldR, ptsG, mlc, uxuR, nac, exuR, rob, narL, soxS, arcA, fnr
2363 	 zraR, melR, betI, lldR, ptsG, mlc, nac, exuR, rob, narL, soxS, arcA, fnr
2364 	 zraR, betI, lldR, ptsG, mlc, uxuR, nac, exuR, rob, narL, soxS, arcA, fnr
2365 	 zraR, betI, lldR, ptsG, mlc, uxuR, nac, rob, narL, soxS, arcA, fnr
2366 	 zraR, melR, betI, lldR, ptsG, mlc, uxuR, nac, exuR, rob, narL, soxS, arcA, fnr
2367 	 zraR, betI, lldR, ptsG, mlc, uxuR, nac, rob, narL, soxS, arcA, fnr
2368 	 zraR, betI, lldR, ptsG, mlc, uxuR, nac, exuR, rob, narL, soxS, arcA, fnr
2369 	 zraR, betI, lldR, ptsG, mlc, uxuR, nac, rob, narL, soxS, arcA, fnr
2370 	 zraR, melR, betI, lldR, ptsG, mlc, uxuR, nac, exuR, rob, narL, soxS, arcA, fnr
2371 	 zraR, melR, betI, lldR, ptsG, mlc, uxuR, nac, rob, narL, soxS, arcA, fnr
2372 	 zraR, melR, betI, lldR, ptsG, mlc, uxuR, nac, exuR, rob, narL, soxS, arcA, fnr
2373 	 zraR, melR, betI, lldR, ptsG, mlc, uxuR, nac, exuR, rob, narL, soxS, arcA, fnr
2374 	 zraR, melR, betI, lldR, ptsG, mlc, uxuR, nac, rob, narL, soxS, arcA, fnr
2375 	 zraR, betI, lldR, ptsG, mlc, uxuR, nac, exuR, rob, narL, soxS, arcA, fnr
2376 	 zraR, melR, betI, lldR, ptsG, mlc, uxuR, nac, exuR, rob, narL, soxS, arcA, fnr
2377 	 zraR, melR, betI, lldR, ptsG, mlc, uxuR, nac, rob, narL, soxS, arcA, fnr
2378 	 zraR, betI, lldR, ptsG, mlc, uxuR, nac, exuR, rob, narL, soxS, arcA, fnr
2379 	 zraR, melR, betI, lldR, ptsG, mlc, uxuR, nac, exuR, rob, narL, soxS, arcA, fnr
2380 	 zraR, betI, lldR, ptsG, mlc, uxuR, nac, rob, narL, soxS, arcA, fnr
2381 	 zraR, betI, lldR, ptsG, mlc, uxuR, nac, exuR, rob, narL, soxS, arcA, fnr
2382 	 zraR, betI, lldR, ptsG, mlc, uxuR, nac, exuR, rob, narL, soxS, arcA, fnr
2383 	 zraR, melR, betI, lldR, ptsG, mlc, uxuR, nac, rob, narL, soxS, arcA, fnr
2384 	 zraR, melR, betI, lldR, ptsG, mlc, uxuR, nac, exuR, rob, narL, soxS, arcA, fnr
2385 	 zraR, melR, betI, lldR, ptsG, mlc, uxuR, nac, exuR, rob, narL, soxS, arcA, fnr
2386 	 zraR, betI, lldR, ptsG, mlc, uxuR, nac, exuR, rob, narL, soxS, arcA, fnr
2388 	 zraR, melR, betI, lldR, ptsG, mlc, nac, rob, narL, soxS, arcA, fnr
2389 	 zraR, melR, betI, lldR, ptsG, mlc, uxuR, nac, exuR, rob, narL, soxS, arcA, fnr
2390 	 zraR, betI, lldR, ptsG, mlc, nac, rob, narL, soxS, arcA, fnr
2391 	 zraR, melR, betI, lldR, ptsG, mlc, nac, rob, narL, soxS, arcA, fnr
2392 	 zraR, betI, lldR, ptsG, mlc, uxuR, nac, exuR, rob, narL, soxS, arcA, fnr
2395 	 zraR, betI, lldR, ptsG, mlc, uxuR, nac, exuR, rob, narL, soxS, arcA, fnr
2396 	 zraR, melR, betI, lldR, ptsG, mlc, nac, rob, narL, soxS, arcA, fnr
2397 	 zraR, betI, lldR, ptsG, mlc, nac, rob, narL, soxS, arcA, fnr
2398 	 zraR, melR, betI, lldR, ptsG, mlc, uxuR, nac, exuR, rob, narL, soxS, arcA, fnr
2399 	 zraR, melR, betI, lldR, ptsG, mlc, nac, rob, narL, soxS, arcA, fnr
2400 	 zraR, betI, lldR, ptsG, mlc, nac, rob, narL, soxS, arcA, fnr
2401 	 zraR, melR, betI, lldR, ptsG, mlc, uxuR, nac, exuR, rob, narL, soxS, arcA, fnr
2402 	 zraR, melR, betI, lldR, ptsG, mlc, nac, rob, narL, soxS, arcA, fnr
2403 	 zraR, melR, betI, lldR, ptsG, mlc, nac, rob, narL, soxS, arcA, fnr
2404 	 zraR, betI, lldR, ptsG, mlc, uxuR, nac, exuR, rob, narL, soxS, arcA, fnr
2405 	 zraR, betI, lldR, ptsG, mlc, nac, exuR, rob, narL, soxS, arcA, fnr
2406 	 zraR, betI, lldR, ptsG, mlc, nac, exuR, rob, narL, soxS, arcA, fnr
2407 	 zraR, melR, betI, lldR, ptsG, mlc, uxuR, nac, exuR, rob, narL, soxS, arcA, fnr
2408 	 zraR, betI, lldR, ptsG, mlc, nac, exuR, rob, narL, soxS, arcA, fnr
2409 	 zraR, melR, betI, lldR, ptsG, mlc, nac, exuR, rob, narL, soxS, arcA, fnr
2411 	 zraR, melR, betI, lldR, ptsG, mlc, nac, exuR, rob, narL, soxS, arcA, fnr
2412 	 zraR, melR, betI, lldR, ptsG, mlc, nac, exuR, rob, narL, soxS, arcA, fnr
2413 	 zraR, melR, betI, lldR, ptsG, mlc, nac, rob, narL, soxS, arcA, fnr
2414 	 zraR, betI, lldR, ptsG, mlc, nac, exuR, rob, narL, soxS, arcA, fnr
2415 	 zraR, melR, betI, lldR, ptsG, mlc, nac, exuR, rob, narL, soxS, arcA, fnr
2417 	 zraR, betI, lldR, ptsG, mlc, nac, exuR, rob, narL, soxS, arcA, fnr
2418 	 zraR, melR, betI, lldR, ptsG, mlc, nac, exuR, rob, narL, soxS, arcA, fnr
2419 	 zraR, betI, lldR, ptsG, mlc, nac, rob, narL, soxS, arcA, fnr
2420 	 zraR, melR, betI, lldR, ptsG, mlc, nac, exuR, rob, narL, soxS, arcA, fnr
2421 	 zraR, betI, lldR, ptsG, mlc, uxuR, nac, rob, narL, soxS, arcA, fnr
2422 	 zraR, melR, betI, lldR, ptsG, mlc, nac, rob, narL, soxS, arcA, fnr
2423 	 zraR, betI, lldR, ptsG, mlc, uxuR, nac, rob, narL, soxS, arcA, fnr
2424 	 zraR, betI, lldR, ptsG, mlc, uxuR, nac, rob, narL, soxS, arcA, fnr
2425 	 zraR, betI, lldR, ptsG, mlc, nac, rob, narL, soxS, arcA, fnr
2426 	 zraR, melR, betI, lldR, ptsG, mlc, uxuR, nac, rob, narL, soxS, arcA, fnr
2427 	 zraR, melR, betI, lldR, ptsG, mlc, uxuR, nac, rob, narL, soxS, arcA, fnr
2428 	 zraR, melR, betI, lldR, ptsG, mlc, nac, rob, narL, soxS, arcA, fnr
2429 	 zraR, betI, lldR, ptsG, mlc, uxuR, nac, rob, narL, soxS, arcA, fnr
2430 	 zraR, melR, betI, lldR, ptsG, mlc, uxuR, nac, rob, narL, soxS, arcA, fnr
2431 	 zraR, melR, betI, lldR, ptsG, mlc, nac, rob, narL, soxS, arcA, fnr
2432 	 zraR, melR, betI, lldR, ptsG, mlc, uxuR, nac, rob, narL, soxS, arcA, fnr
2433 	 zraR, betI, lldR, ptsG, mlc, uxuR, nac, rob, narL, soxS, arcA, fnr
2434 	 zraR, betI, lldR, ptsG, mlc, nac, exuR, rob, narL, soxS, arcA, fnr
2435 	 zraR, betI, lldR, ptsG, mlc, uxuR, nac, rob, narL, soxS, arcA, fnr
2436 	 zraR, melR, betI, lldR, ptsG, mlc, uxuR, nac, rob, narL, soxS, arcA, fnr
2437 	 zraR, melR, betI, lldR, ptsG, mlc, nac, exuR, rob, narL, soxS, arcA, fnr
2438 	 zraR, melR, betI, lldR, ptsG, mlc, uxuR, nac, rob, narL, soxS, arcA, fnr
2439 	 zraR, betI, lldR, ptsG, mlc, uxuR, nac, exuR, rob, narL, soxS, arcA, fnr
2440 	 zraR, betI, lldR, ptsG, mlc, nac, exuR, rob, narL, soxS, arcA, fnr
2441 	 zraR, betI, lldR, ptsG, mlc, uxuR, nac, exuR, rob, narL, soxS, arcA, fnr
2442 	 zraR, melR, betI, lldR, ptsG, mlc, uxuR, nac, exuR, rob, narL, soxS, arcA, fnr
2443 	 zraR, melR, betI, lldR, ptsG, mlc, nac, exuR, rob, narL, soxS, arcA, fnr
2444 	 zraR, betI, lldR, ptsG, mlc, uxuR, nac, exuR, rob, narL, soxS, arcA, fnr
2445 	 zraR, betI, lldR, ptsG, mlc, uxuR, nac, exuR, rob, narL, soxS, arcA, fnr
2446 	 zraR, betI, lldR, ptsG, mlc, nac, exuR, rob, narL, soxS, arcA, fnr
2447 	 zraR, melR, betI, lldR, ptsG, mlc, uxuR, nac, exuR, rob, narL, soxS, arcA, fnr
2448 	 zraR, betI, lldR, ptsG, mlc, uxuR, nac, exuR, rob, narL, soxS, arcA, fnr
2449 	 zraR, melR, betI, lldR, ptsG, mlc, nac, exuR, rob, narL, soxS, arcA, fnr
2450 	 zraR, betI, lldR, ptsG, mlc, uxuR, nac, exuR, rob, narL, soxS, arcA, fnr
2451 	 zraR, melR, betI, lldR, ptsG, mlc, uxuR, nac, exuR, rob, narL, soxS, arcA, fnr
2452 	 zraR, betI, lldR, ptsG, mlc, nac, exuR, rob, narL, soxS, arcA, fnr
2453 	 zraR, melR, betI, lldR, ptsG, mlc, uxuR, nac, exuR, rob, narL, soxS, arcA, fnr
2454 	 zraR, melR, betI, lldR, ptsG, mlc, uxuR, nac, exuR, rob, narL, soxS, arcA, fnr
2455 	 zraR, melR, betI, lldR, ptsG, mlc, nac, exuR, rob, narL, soxS, arcA, fnr
2456 	 zraR, melR, betI, lldR, ptsG, mlc, uxuR, nac, exuR, rob, narL, soxS, arcA, fnr
2457 	 zraR, betI, lldR, ptsG, mlc, uxuR, nac, exuR, rob, narL, soxS, arcA, fnr
2458 	 zraR, melR, betI, lldR, ptsG, mlc, uxuR, nac, exuR, rob, narL, soxS, arcA, fnr
2459 	 zraR, betI, lldR, ptsG, mlc, uxuR, nac, exuR, rob, narL, soxS, arcA, fnr
2460 	 zraR, melR, betI, lldR, ptsG, mlc, uxuR, nac, exuR, rob, narL, soxS, arcA, fnr
2463 	 zraR, betI, lldR, ptsG, mlc, nac, rob, narL, soxS, arcA, fnr
2464 	 zraR, melR, betI, lldR, ptsG, mlc, nac, rob, narL, soxS, arcA, fnr
2465 	 zraR, melR, betI, lldR, ptsG, mlc, nac, rob, narL, soxS, arcA, fnr
2466 	 zraR, betI, lldR, ptsG, mlc, nac, rob, narL, soxS, arcA, fnr
2467 	 zraR, melR, betI, lldR, ptsG, mlc, nac, rob, narL, soxS, arcA, fnr
2468 	 zraR, melR, betI, lldR, ptsG, mlc, nac, rob, narL, soxS, arcA, fnr
2470 	 zraR, betI, lldR, ptsG, mlc, nac, rob, narL, soxS, arcA, fnr
2471 	 zraR, melR, betI, lldR, ptsG, mlc, nac, rob, narL, soxS, arcA, fnr
2472 	 zraR, melR, betI, lldR, ptsG, mlc, nac, rob, narL, soxS, arcA, fnr
2473 	 zraR, betI, lldR, ptsG, mlc, nac, exuR, rob, narL, soxS, arcA, fnr
2474 	 zraR, betI, lldR, ptsG, mlc, nac, exuR, rob, narL, soxS, arcA, fnr
2475 	 zraR, betI, lldR, ptsG, mlc, nac, exuR, rob, narL, soxS, arcA, fnr
2476 	 zraR, melR, betI, lldR, ptsG, mlc, nac, exuR, rob, narL, soxS, arcA, fnr
2477 	 zraR, betI, lldR, ptsG, mlc, nac, exuR, rob, narL, soxS, arcA, fnr
2478 	 zraR, melR, betI, lldR, ptsG, mlc, nac, exuR, rob, narL, soxS, arcA, fnr
2479 	 zraR, betI, lldR, ptsG, mlc, nac, exuR, rob, narL, soxS, arcA, fnr
2480 	 zraR, melR, betI, lldR, ptsG, mlc, nac, exuR, rob, narL, soxS, arcA, fnr
2481 	 zraR, betI, lldR, ptsG, mlc, nac, exuR, rob, narL, soxS, arcA, fnr
2482 	 zraR, melR, betI, lldR, ptsG, mlc, nac, exuR, rob, narL, soxS, arcA, fnr
2483 	 zraR, melR, betI, lldR, ptsG, mlc, nac, exuR, rob, narL, soxS, arcA, fnr
2484 	 zraR, melR, betI, lldR, ptsG, mlc, nac, exuR, rob, narL, soxS, arcA, fnr
2485 	 zraR, betI, lldR, ptsG, mlc, uxuR, nac, rob, narL, soxS, arcA, fnr
2486 	 zraR, betI, lldR, ptsG, mlc, uxuR, nac, rob, narL, soxS, arcA, fnr
2487 	 zraR, betI, lldR, ptsG, mlc, uxuR, nac, rob, narL, soxS, arcA, fnr
2488 	 zraR, betI, lldR, ptsG, mlc, uxuR, nac, rob, narL, soxS, arcA, fnr
2489 	 zraR, melR, betI, lldR, ptsG, mlc, uxuR, nac, rob, narL, soxS, arcA, fnr
2490 	 zraR, melR, betI, lldR, ptsG, mlc, uxuR, nac, rob, narL, soxS, arcA, fnr
2491 	 zraR, betI, lldR, ptsG, mlc, uxuR, nac, rob, narL, soxS, arcA, fnr
2492 	 zraR, melR, betI, lldR, ptsG, mlc, uxuR, nac, rob, narL, soxS, arcA, fnr
2493 	 zraR, melR, betI, lldR, ptsG, mlc, uxuR, nac, rob, narL, soxS, arcA, fnr
2494 	 zraR, melR, betI, lldR, ptsG, mlc, uxuR, nac, rob, narL, soxS, arcA, fnr
2495 	 zraR, betI, lldR, ptsG, mlc, uxuR, nac, rob, narL, soxS, arcA, fnr
2496 	 zraR, melR, betI, lldR, ptsG, mlc, uxuR, nac, rob, narL, soxS, arcA, fnr
2497 	 zraR, melR, betI, lldR, ptsG, mlc, uxuR, nac, rob, narL, soxS, arcA, fnr
2498 	 zraR, betI, lldR, ptsG, mlc, uxuR, nac, exuR, rob, narL, soxS, arcA, fnr
2499 	 zraR, melR, betI, lldR, ptsG, mlc, uxuR, nac, exuR, rob, narL, soxS, arcA, fnr
2500 	 zraR, betI, lldR, ptsG, mlc, uxuR, nac, exuR, rob, narL, soxS, arcA, fnr
2501 	 zraR, melR, betI, lldR, ptsG, mlc, uxuR, nac, exuR, rob, narL, soxS, arcA, fnr
2502 	 zraR, betI, lldR, ptsG, mlc, uxuR, nac, exuR, rob, narL, soxS, arcA, fnr
2503 	 zraR, betI, lldR, ptsG, mlc, uxuR, nac, exuR, rob, narL, soxS, arcA, fnr
2504 	 zraR, betI, lldR, ptsG, mlc, uxuR, nac, exuR, rob, narL, soxS, arcA, fnr
2505 	 zraR, betI, lldR, ptsG, mlc, uxuR, nac, exuR, rob, narL, soxS, arcA, fnr
2506 	 zraR, melR, betI, lldR, ptsG, mlc, uxuR, nac, exuR, rob, narL, soxS, arcA, fnr
2507 	 zraR, melR, betI, lldR, ptsG, mlc, uxuR, nac, exuR, rob, narL, soxS, arcA, fnr
2508 	 zraR, melR, betI, lldR, ptsG, mlc, uxuR, nac, exuR, rob, narL, soxS, arcA, fnr
2509 	 zraR, melR, betI, lldR, ptsG, mlc, uxuR, nac, exuR, rob, narL, soxS, arcA, fnr
2510 	 zraR, betI, lldR, ptsG, mlc, uxuR, nac, exuR, rob, narL, soxS, arcA, fnr
2511 	 zraR, melR, betI, lldR, ptsG, mlc, uxuR, nac, exuR, rob, narL, soxS, arcA, fnr
2512 	 zraR, betI, lldR, ptsG, mlc, uxuR, nac, exuR, rob, narL, soxS, arcA, fnr
2513 	 zraR, melR, betI, lldR, ptsG, mlc, uxuR, nac, exuR, rob, narL, soxS, arcA, fnr
2515 	 zraR, betI, lldR, ptsG, mlc, nac, rob, narL, soxS, arcA, fnr
2516 	 zraR, melR, betI, lldR, ptsG, mlc, nac, rob, narL, soxS, arcA, fnr
2517 	 zraR, melR, betI, lldR, ptsG, mlc, nac, rob, narL, soxS, arcA, fnr
2520 	 zraR, betI, lldR, ptsG, mlc, nac, rob, narL, soxS, arcA, fnr
2521 	 zraR, melR, betI, lldR, ptsG, mlc, nac, rob, narL, soxS, arcA, fnr
2522 	 zraR, melR, betI, lldR, ptsG, mlc, nac, rob, narL, soxS, arcA, fnr
2523 	 zraR, betI, lldR, ptsG, mlc, nac, rob, narL, soxS, arcA, fnr
2524 	 zraR, melR, betI, lldR, ptsG, mlc, nac, rob, narL, soxS, arcA, fnr
2525 	 zraR, melR, betI, lldR, ptsG, mlc, nac, rob, narL, soxS, arcA, fnr
2527 	 zraR, betI, lldR, ptsG, mlc, nac, exuR, rob, narL, soxS, arcA, fnr
2528 	 zraR, betI, lldR, ptsG, mlc, nac, rob, narL, soxS, arcA, fnr
2529 	 zraR, melR, betI, lldR, ptsG, mlc, nac, rob, narL, soxS, arcA, fnr
2530 	 zraR, melR, betI, lldR, ptsG, mlc, nac, rob, narL, soxS, arcA, fnr
2531 	 zraR, betI, lldR, ptsG, mlc, nac, exuR, rob, narL, soxS, arcA, fnr
2532 	 zraR, melR, betI, lldR, ptsG, mlc, nac, exuR, rob, narL, soxS, arcA, fnr
2533 	 zraR, melR, betI, lldR, ptsG, mlc, nac, exuR, rob, narL, soxS, arcA, fnr
2534 	 zraR, betI, lldR, ptsG, mlc, nac, exuR, rob, narL, soxS, arcA, fnr
2535 	 zraR, melR, betI, lldR, ptsG, mlc, nac, exuR, rob, narL, soxS, arcA, fnr
2536 	 zraR, betI, lldR, ptsG, mlc, nac, exuR, rob, narL, soxS, arcA, fnr
2537 	 zraR, betI, lldR, ptsG, mlc, nac, exuR, rob, narL, soxS, arcA, fnr
2538 	 zraR, betI, lldR, ptsG, mlc, nac, exuR, rob, narL, soxS, arcA, fnr
2539 	 zraR, melR, betI, lldR, ptsG, mlc, nac, exuR, rob, narL, soxS, arcA, fnr
2540 	 zraR, melR, betI, lldR, ptsG, mlc, nac, exuR, rob, narL, soxS, arcA, fnr
2541 	 zraR, betI, lldR, ptsG, mlc, nac, exuR, rob, narL, soxS, arcA, fnr
2542 	 zraR, betI, lldR, ptsG, mlc, nac, exuR, rob, narL, soxS, arcA, fnr
2543 	 zraR, melR, betI, lldR, ptsG, mlc, nac, exuR, rob, narL, soxS, arcA, fnr
2544 	 zraR, melR, betI, lldR, ptsG, mlc, nac, exuR, rob, narL, soxS, arcA, fnr
2545 	 zraR, melR, betI, lldR, ptsG, mlc, nac, exuR, rob, narL, soxS, arcA, fnr
2546 	 zraR, betI, lldR, ptsG, mlc, uxuR, nac, rob, narL, soxS, arcA, fnr
2547 	 zraR, melR, betI, lldR, ptsG, mlc, uxuR, nac, rob, narL, soxS, arcA, fnr
2548 	 zraR, melR, betI, lldR, ptsG, mlc, uxuR, nac, rob, narL, soxS, arcA, fnr
2549 	 zraR, betI, lldR, ptsG, mlc, uxuR, nac, rob, narL, soxS, arcA, fnr
2550 	 zraR, betI, lldR, ptsG, mlc, uxuR, nac, rob, narL, soxS, arcA, fnr
2551 	 zraR, melR, betI, lldR, ptsG, mlc, uxuR, nac, rob, narL, soxS, arcA, fnr
2552 	 zraR, betI, lldR, ptsG, mlc, uxuR, nac, rob, narL, soxS, arcA, fnr
2553 	 zraR, melR, betI, lldR, ptsG, mlc, uxuR, nac, rob, narL, soxS, arcA, fnr
2554 	 zraR, melR, betI, lldR, ptsG, mlc, uxuR, nac, rob, narL, soxS, arcA, fnr
2555 	 zraR, betI, lldR, ptsG, mlc, uxuR, nac, rob, narL, soxS, arcA, fnr
2556 	 zraR, melR, betI, lldR, ptsG, mlc, uxuR, nac, rob, narL, soxS, arcA, fnr
2557 	 zraR, melR, betI, lldR, ptsG, mlc, uxuR, nac, rob, narL, soxS, arcA, fnr
2558 	 zraR, betI, lldR, ptsG, mlc, uxuR, nac, rob, narL, soxS, arcA, fnr
2559 	 zraR, melR, betI, lldR, ptsG, mlc, uxuR, nac, rob, narL, soxS, arcA, fnr
2560 	 zraR, betI, lldR, ptsG, mlc, uxuR, nac, exuR, rob, narL, soxS, arcA, fnr
2561 	 zraR, betI, lldR, ptsG, mlc, uxuR, nac, exuR, rob, narL, soxS, arcA, fnr
2562 	 zraR, betI, lldR, ptsG, mlc, uxuR, nac, exuR, rob, narL, soxS, arcA, fnr
2563 	 zraR, betI, lldR, ptsG, mlc, uxuR, nac, exuR, rob, narL, soxS, arcA, fnr
2564 	 zraR, betI, lldR, ptsG, mlc, uxuR, nac, exuR, rob, narL, soxS, arcA, fnr
2565 	 zraR, melR, betI, lldR, ptsG, mlc, uxuR, nac, exuR, rob, narL, soxS, arcA, fnr
2566 	 zraR, melR, betI, lldR, ptsG, mlc, uxuR, nac, exuR, rob, narL, soxS, arcA, fnr
2567 	 zraR, melR, betI, lldR, ptsG, mlc, uxuR, nac, exuR, rob, narL, soxS, arcA, fnr
2568 	 zraR, betI, lldR, ptsG, mlc, uxuR, nac, exuR, rob, narL, soxS, arcA, fnr
2569 	 zraR, melR, betI, lldR, ptsG, mlc, uxuR, nac, exuR, rob, narL, soxS, arcA, fnr
2570 	 zraR, betI, lldR, ptsG, mlc, uxuR, nac, exuR, rob, narL, soxS, arcA, fnr
2571 	 zraR, melR, betI, lldR, ptsG, mlc, uxuR, nac, exuR, rob, narL, soxS, arcA, fnr
2572 	 zraR, melR, betI, lldR, ptsG, mlc, uxuR, nac, exuR, rob, narL, soxS, arcA, fnr
2573 	 zraR, betI, lldR, ptsG, mlc, uxuR, nac, exuR, rob, narL, soxS, arcA, fnr
2574 	 zraR, melR, betI, lldR, ptsG, mlc, uxuR, nac, exuR, rob, narL, soxS, arcA, fnr
2575 	 zraR, melR, betI, lldR, ptsG, mlc, uxuR, nac, exuR, rob, narL, soxS, arcA, fnr
2577 	 zraR, melR, betI, lldR, ptsG, mlc, nac, rob, narL, soxS, arcA, fnr
2578 	 zraR, betI, lldR, ptsG, mlc, nac, rob, narL, soxS, arcA, fnr
2579 	 zraR, melR, betI, lldR, ptsG, mlc, nac, rob, narL, soxS, arcA, fnr
2582 	 zraR, melR, betI, lldR, ptsG, mlc, nac, rob, narL, soxS, arcA, fnr
2583 	 zraR, melR, betI, lldR, ptsG, mlc, nac, rob, narL, soxS, arcA, fnr
2584 	 zraR, betI, lldR, ptsG, mlc, nac, rob, narL, soxS, arcA, fnr
2585 	 zraR, betI, lldR, ptsG, mlc, nac, rob, narL, soxS, arcA, fnr
2586 	 zraR, melR, betI, lldR, ptsG, mlc, nac, rob, narL, soxS, arcA, fnr
2587 	 zraR, melR, betI, lldR, ptsG, mlc, nac, rob, narL, soxS, arcA, fnr
2589 	 zraR, betI, lldR, ptsG, mlc, nac, rob, narL, soxS, arcA, fnr
2590 	 zraR, melR, betI, lldR, ptsG, mlc, nac, rob, narL, soxS, arcA, fnr
2591 	 zraR, melR, betI, lldR, ptsG, mlc, nac, rob, narL, soxS, arcA, fnr
2592 	 zraR, betI, lldR, ptsG, mlc, nac, exuR, rob, narL, soxS, arcA, fnr
2593 	 zraR, betI, lldR, ptsG, mlc, nac, exuR, rob, narL, soxS, arcA, fnr
2594 	 zraR, betI, lldR, ptsG, mlc, nac, exuR, rob, narL, soxS, arcA, fnr
2595 	 zraR, betI, lldR, ptsG, mlc, nac, exuR, rob, narL, soxS, arcA, fnr
2596 	 zraR, betI, lldR, ptsG, mlc, nac, exuR, rob, narL, soxS, arcA, fnr
2597 	 zraR, melR, betI, lldR, ptsG, mlc, nac, exuR, rob, narL, soxS, arcA, fnr
2598 	 zraR, betI, lldR, ptsG, mlc, nac, exuR, rob, narL, soxS, arcA, fnr
2599 	 zraR, melR, betI, lldR, ptsG, mlc, nac, exuR, rob, narL, soxS, arcA, fnr
2600 	 zraR, betI, lldR, ptsG, mlc, nac, exuR, rob, narL, soxS, arcA, fnr
2601 	 zraR, melR, betI, lldR, ptsG, mlc, nac, exuR, rob, narL, soxS, arcA, fnr
2602 	 zraR, betI, lldR, ptsG, mlc, nac, exuR, rob, narL, soxS, arcA, fnr
2603 	 zraR, melR, betI, lldR, ptsG, mlc, nac, exuR, rob, narL, soxS, arcA, fnr
2604 	 zraR, melR, betI, lldR, ptsG, mlc, nac, exuR, rob, narL, soxS, arcA, fnr
2605 	 zraR, melR, betI, lldR, ptsG, mlc, nac, exuR, rob, narL, soxS, arcA, fnr
2606 	 zraR, melR, betI, lldR, ptsG, mlc, nac, exuR, rob, narL, soxS, arcA, fnr
2607 	 zraR, melR, betI, lldR, ptsG, mlc, nac, exuR, rob, narL, soxS, arcA, fnr
2608 	 zraR, betI, lldR, ptsG, mlc, uxuR, nac, rob, narL, soxS, arcA, fnr
2609 	 zraR, betI, lldR, ptsG, mlc, uxuR, nac, rob, narL, soxS, arcA, fnr
2610 	 zraR, nikR, betI, lldR, dcuR, ptsG, mlc, uxuR, nac, rob, narL, soxS, arcA, fnr
2611 	 zraR, betI, lldR, ptsG, mlc, uxuR, nac, rob, narL, soxS, arcA, fnr
2612 	 zraR, nikR, betI, lldR, dcuR, ptsG, mlc, uxuR, nac, rob, narL, soxS, arcA, fnr
2613 	 zraR, betI, lldR, ptsG, mlc, uxuR, nac, rob, narL, soxS, arcA, fnr
2614 	 zraR, melR, nikR, betI, lldR, dcuR, ptsG, mlc, uxuR, nac, rob, narL, soxS, arcA, fnr
2616 	 zraR, nikR, betI, lldR, dcuR, ptsG, mlc, uxuR, nac, rob, narL, soxS, arcA, fnr
2617 	 zraR, melR, betI, lldR, ptsG, mlc, uxuR, nac, rob, narL, soxS, arcA, fnr
2618 	 zraR, nikR, betI, lldR, dcuR, ptsG, mlc, uxuR, nac, rob, narL, soxS, arcA, fnr
2619 	 zraR, melR, betI, lldR, ptsG, mlc, uxuR, nac, rob, narL, soxS, arcA, fnr
2621 	 zraR, betI, lldR, ptsG, mlc, uxuR, nac, rob, narL, soxS, arcA, fnr
2622 	 zraR, nikR, betI, lldR, dcuR, ptsG, mlc, uxuR, nac, rob, narL, soxS, arcA, fnr
2623 	 zraR, melR, betI, lldR, ptsG, mlc, uxuR, nac, rob, narL, soxS, arcA, fnr
2624 	 zraR, nikR, betI, lldR, dcuR, ptsG, mlc, uxuR, nac, exuR, rob, narL, soxS, arcA, fnr
2625 	 zraR, betI, lldR, ptsG, mlc, uxuR, nac, rob, narL, soxS, arcA, fnr
2626 	 zraR, melR, nikR, betI, lldR, dcuR, ptsG, mlc, uxuR, nac, exuR, rob, narL, soxS, arcA, fnr
2627 	 zraR, betI, lldR, ptsG, mlc, uxuR, nac, exuR, rob, narL, soxS, arcA, fnr
2629 	 zraR, betI, lldR, ptsG, mlc, uxuR, nac, exuR, rob, narL, soxS, arcA, fnr
2630 	 zraR, nikR, betI, lldR, dcuR, ptsG, mlc, uxuR, nac, rob, narL, soxS, arcA, fnr
2631 	 zraR, betI, lldR, ptsG, mlc, uxuR, nac, exuR, rob, narL, soxS, arcA, fnr
2632 	 zraR, nikR, betI, lldR, dcuR, ptsG, mlc, uxuR, nac, rob, narL, soxS, arcA, fnr
2633 	 zraR, betI, lldR, ptsG, mlc, uxuR, nac, rob, narL, soxS, arcA, fnr
2634 	 zraR, nikR, betI, lldR, dcuR, ptsG, mlc, nac, rob, narL, soxS, arcA, fnr
2635 	 zraR, betI, lldR, ptsG, mlc, uxuR, nac, exuR, rob, narL, soxS, arcA, fnr
2636 	 zraR, melR, nikR, betI, lldR, dcuR, ptsG, mlc, nac, rob, narL, soxS, arcA, fnr
2638 	 zraR, melR, nikR, betI, lldR, dcuR, ptsG, mlc, uxuR, nac, rob, narL, soxS, arcA, fnr
2639 	 zraR, betI, lldR, ptsG, mlc, uxuR, nac, exuR, rob, narL, soxS, arcA, fnr
2640 	 zraR, melR, nikR, betI, lldR, dcuR, ptsG, mlc, uxuR, nac, rob, narL, soxS, arcA, fnr
2641 	 zraR, melR, betI, lldR, ptsG, mlc, uxuR, nac, exuR, rob, narL, soxS, arcA, fnr
2642 	 zraR, melR, nikR, betI, lldR, dcuR, ptsG, mlc, uxuR, nac, rob, narL, soxS, arcA, fnr
2643 	 zraR, melR, betI, lldR, ptsG, mlc, uxuR, nac, exuR, rob, narL, soxS, arcA, fnr
2644 	 zraR, nikR, betI, lldR, dcuR, ptsG, mlc, uxuR, nac, exuR, rob, narL, soxS, arcA, fnr
2645 	 zraR, melR, betI, lldR, ptsG, mlc, uxuR, nac, rob, narL, soxS, arcA, fnr
2646 	 zraR, melR, nikR, betI, lldR, dcuR, ptsG, mlc, nac, rob, narL, soxS, arcA, fnr
2647 	 zraR, melR, betI, lldR, ptsG, mlc, nac, rob, narL, soxS, arcA, fnr
2648 	 zraR, melR, nikR, betI, lldR, dcuR, ptsG, mlc, uxuR, nac, rob, narL, soxS, arcA, fnr
2649 	 zraR, melR, betI, lldR, ptsG, mlc, uxuR, nac, rob, narL, soxS, arcA, fnr
2650 	 zraR, melR, nikR, betI, lldR, dcuR, ptsG, mlc, nac, rob, narL, soxS, arcA, fnr
2651 	 zraR, nikR, betI, lldR, dcuR, ptsG, mlc, uxuR, nac, rob, narL, soxS, arcA, fnr
2652 	 zraR, betI, lldR, ptsG, mlc, uxuR, nac, rob, narL, soxS, arcA, fnr
2653 	 zraR, nikR, betI, lldR, dcuR, ptsG, mlc, uxuR, nac, rob, narL, soxS, arcA, fnr
2654 	 zraR, melR, betI, lldR, ptsG, mlc, uxuR, nac, rob, narL, soxS, arcA, fnr
2655 	 zraR, nikR, betI, lldR, dcuR, ptsG, mlc, uxuR, nac, rob, narL, soxS, arcA, fnr
2656 	 zraR, melR, betI, lldR, ptsG, mlc, uxuR, nac, exuR, rob, narL, soxS, arcA, fnr
2657 	 zraR, nikR, betI, lldR, dcuR, ptsG, mlc, uxuR, nac, rob, narL, soxS, arcA, fnr
2658 	 zraR, betI, lldR, ptsG, mlc, uxuR, nac, rob, narL, soxS, arcA, fnr
2660 	 zraR, melR, betI, lldR, ptsG, mlc, uxuR, nac, rob, narL, soxS, arcA, fnr
2661 	 zraR, nikR, betI, lldR, dcuR, ptsG, mlc, nac, rob, narL, soxS, arcA, fnr
2662 	 zraR, melR, betI, lldR, ptsG, mlc, uxuR, nac, exuR, rob, narL, soxS, arcA, fnr
2663 	 zraR, melR, nikR, betI, lldR, dcuR, ptsG, mlc, uxuR, nac, rob, narL, soxS, arcA, fnr
2664 	 zraR, betI, lldR, ptsG, mlc, uxuR, nac, exuR, rob, narL, soxS, arcA, fnr
2665 	 zraR, melR, nikR, betI, lldR, dcuR, ptsG, mlc, uxuR, nac, rob, narL, soxS, arcA, fnr
2666 	 zraR, betI, lldR, ptsG, mlc, nac, rob, narL, soxS, arcA, fnr
2667 	 zraR, melR, nikR, betI, lldR, dcuR, ptsG, mlc, uxuR, nac, rob, narL, soxS, arcA, fnr
2668 	 zraR, betI, lldR, ptsG, mlc, uxuR, nac, exuR, rob, narL, soxS, arcA, fnr
2669 	 zraR, melR, nikR, betI, lldR, dcuR, ptsG, mlc, uxuR, nac, rob, narL, soxS, arcA, fnr
2670 	 zraR, melR, betI, lldR, ptsG, mlc, nac, rob, narL, soxS, arcA, fnr
2671 	 zraR, melR, nikR, betI, lldR, dcuR, ptsG, mlc, uxuR, nac, rob, narL, soxS, arcA, fnr
2672 	 zraR, melR, betI, lldR, ptsG, mlc, uxuR, nac, exuR, rob, narL, soxS, arcA, fnr
2673 	 zraR, melR, nikR, betI, lldR, dcuR, ptsG, mlc, uxuR, nac, exuR, rob, narL, soxS, arcA, fnr
2674 	 zraR, betI, lldR, ptsG, mlc, uxuR, nac, rob, narL, soxS, arcA, fnr
2675 	 zraR, nikR, betI, lldR, dcuR, ptsG, mlc, uxuR, nac, exuR, rob, narL, soxS, arcA, fnr
2676 	 zraR, melR, betI, lldR, ptsG, mlc, nac, rob, narL, soxS, arcA, fnr
2677 	 zraR, betI, lldR, ptsG, mlc, uxuR, nac, rob, narL, soxS, arcA, fnr
2678 	 zraR, melR, nikR, betI, lldR, dcuR, ptsG, mlc, uxuR, nac, rob, narL, soxS, arcA, fnr
2679 	 zraR, betI, lldR, ptsG, mlc, nac, rob, narL, soxS, arcA, fnr
2680 	 zraR, nikR, betI, lldR, dcuR, ptsG, mlc, uxuR, nac, rob, narL, soxS, arcA, fnr
2681 	 zraR, betI, lldR, ptsG, mlc, uxuR, nac, rob, narL, soxS, arcA, fnr
2682 	 zraR, melR, nikR, betI, lldR, dcuR, ptsG, mlc, uxuR, nac, rob, narL, soxS, arcA, fnr
2684 	 zraR, melR, nikR, betI, lldR, dcuR, ptsG, mlc, uxuR, nac, exuR, rob, narL, soxS, arcA, fnr
2685 	 zraR, betI, lldR, ptsG, mlc, nac, rob, narL, soxS, arcA, fnr
2686 	 zraR, nikR, betI, lldR, dcuR, ptsG, mlc, uxuR, nac, rob, narL, soxS, arcA, fnr
2687 	 zraR, melR, betI, lldR, ptsG, mlc, uxuR, nac, rob, narL, soxS, arcA, fnr
2688 	 zraR, melR, nikR, betI, lldR, dcuR, ptsG, mlc, uxuR, nac, exuR, rob, narL, soxS, arcA, fnr
2689 	 zraR, melR, betI, lldR, ptsG, mlc, nac, rob, narL, soxS, arcA, fnr
2690 	 zraR, nikR, betI, lldR, dcuR, ptsG, mlc, uxuR, nac, rob, narL, soxS, arcA, fnr
2691 	 zraR, melR, betI, lldR, ptsG, mlc, uxuR, nac, rob, narL, soxS, arcA, fnr
2692 	 zraR, nikR, betI, lldR, dcuR, ptsG, mlc, uxuR, nac, rob, narL, soxS, arcA, fnr
2693 	 zraR, melR, betI, lldR, ptsG, mlc, uxuR, nac, rob, narL, soxS, arcA, fnr
2694 	 zraR, nikR, betI, lldR, dcuR, ptsG, mlc, uxuR, nac, exuR, rob, narL, soxS, arcA, fnr
2695 	 zraR, betI, lldR, ptsG, mlc, uxuR, nac, exuR, rob, narL, soxS, arcA, fnr
2696 	 zraR, melR, nikR, betI, lldR, dcuR, ptsG, mlc, uxuR, nac, exuR, rob, narL, soxS, arcA, fnr
2697 	 zraR, betI, lldR, ptsG, mlc, uxuR, nac, exuR, rob, narL, soxS, arcA, fnr
2698 	 zraR, nikR, betI, lldR, dcuR, ptsG, mlc, uxuR, nac, exuR, rob, narL, soxS, arcA, fnr
2699 	 zraR, betI, lldR, ptsG, mlc, uxuR, nac, rob, narL, soxS, arcA, fnr
2700 	 zraR, melR, nikR, betI, lldR, dcuR, ptsG, mlc, uxuR, nac, rob, narL, soxS, arcA, fnr
2701 	 zraR, melR, betI, lldR, ptsG, mlc, nac, rob, narL, soxS, arcA, fnr
2702 	 zraR, melR, nikR, betI, lldR, dcuR, ptsG, mlc, uxuR, nac, rob, narL, soxS, arcA, fnr
2703 	 zraR, melR, betI, lldR, ptsG, mlc, nac, rob, narL, soxS, arcA, fnr
2704 	 zraR, melR, nikR, betI, lldR, dcuR, ptsG, mlc, uxuR, nac, exuR, rob, narL, soxS, arcA, fnr
2705 	 zraR, melR, betI, lldR, ptsG, mlc, uxuR, nac, rob, narL, soxS, arcA, fnr
2707 	 zraR, melR, betI, lldR, ptsG, mlc, nac, rob, narL, soxS, arcA, fnr
2708 	 zraR, nikR, betI, lldR, dcuR, ptsG, mlc, nac, rob, narL, soxS, arcA, fnr
2709 	 zraR, melR, betI, lldR, ptsG, mlc, uxuR, nac, exuR, rob, narL, soxS, arcA, fnr
2710 	 zraR, melR, nikR, betI, lldR, dcuR, ptsG, mlc, nac, rob, narL, soxS, arcA, fnr
2711 	 zraR, melR, betI, lldR, ptsG, mlc, uxuR, nac, exuR, rob, narL, soxS, arcA, fnr
2712 	 zraR, melR, nikR, betI, lldR, dcuR, ptsG, mlc, nac, exuR, rob, narL, soxS, arcA, fnr
2713 	 zraR, melR, betI, lldR, ptsG, mlc, nac, rob, narL, soxS, arcA, fnr
2714 	 zraR, melR, nikR, betI, lldR, dcuR, ptsG, mlc, nac, rob, narL, soxS, arcA, fnr
2715 	 zraR, melR, betI, lldR, ptsG, mlc, uxuR, nac, rob, narL, soxS, arcA, fnr
2717 	 zraR, betI, lldR, ptsG, mlc, uxuR, nac, rob, narL, soxS, arcA, fnr
2718 	 zraR, nikR, betI, lldR, dcuR, ptsG, mlc, uxuR, nac, exuR, rob, narL, soxS, arcA, fnr
2719 	 zraR, betI, lldR, ptsG, mlc, nac, rob, narL, soxS, arcA, fnr
2720 	 zraR, nikR, betI, lldR, dcuR, ptsG, mlc, uxuR, nac, rob, narL, soxS, arcA, fnr
2721 	 zraR, melR, betI, lldR, ptsG, mlc, uxuR, nac, rob, narL, soxS, arcA, fnr
2722 	 zraR, melR, nikR, betI, lldR, dcuR, ptsG, mlc, uxuR, nac, rob, narL, soxS, arcA, fnr
2723 	 zraR, betI, lldR, ptsG, mlc, uxuR, nac, rob, narL, soxS, arcA, fnr
2724 	 zraR, melR, nikR, betI, lldR, dcuR, ptsG, mlc, nac, rob, narL, soxS, arcA, fnr
2725 	 zraR, melR, betI, lldR, ptsG, mlc, uxuR, nac, rob, narL, soxS, arcA, fnr
2726 	 zraR, nikR, betI, lldR, dcuR, ptsG, mlc, uxuR, nac, exuR, rob, narL, soxS, arcA, fnr
2727 	 zraR, melR, betI, lldR, ptsG, mlc, nac, rob, narL, soxS, arcA, fnr
2728 	 zraR, melR, nikR, betI, lldR, dcuR, ptsG, mlc, uxuR, nac, rob, narL, soxS, arcA, fnr
2729 	 zraR, melR, betI, lldR, ptsG, mlc, uxuR, nac, exuR, rob, narL, soxS, arcA, fnr
2730 	 zraR, nikR, betI, lldR, dcuR, ptsG, mlc, nac, rob, narL, soxS, arcA, fnr
2731 	 zraR, melR, betI, lldR, ptsG, mlc, uxuR, nac, exuR, rob, narL, soxS, arcA, fnr
2732 	 zraR, nikR, betI, lldR, dcuR, ptsG, mlc, nac, exuR, rob, narL, soxS, arcA, fnr
2733 	 zraR, melR, betI, lldR, ptsG, mlc, uxuR, nac, rob, narL, soxS, arcA, fnr
2734 	 zraR, melR, nikR, betI, lldR, dcuR, ptsG, mlc, nac, rob, narL, soxS, arcA, fnr
2735 	 zraR, melR, betI, lldR, ptsG, mlc, uxuR, nac, exuR, rob, narL, soxS, arcA, fnr
2736 	 zraR, betI, lldR, ptsG, mlc, uxuR, nac, rob, narL, soxS, arcA, fnr
2737 	 zraR, nikR, betI, lldR, dcuR, ptsG, mlc, uxuR, nac, rob, narL, soxS, arcA, fnr
2819 	 zraR, betI, lldR, ptsG, mlc, uxuR, nac, rob, narL, soxS, arcA, fnr
2821 	 zraR, nikR, betI, lldR, dcuR, ptsG, mlc, uxuR, nac, exuR, rob, narL, soxS, arcA, fnr
2822 	 zraR, nikR, betI, lldR, dcuR, ptsG, mlc, uxuR, nac, rob, narL, soxS, arcA, fnr
2823 	 zraR, betI, lldR, ptsG, mlc, uxuR, nac, exuR, rob, narL, soxS, arcA, fnr
2824 	 zraR, nikR, betI, lldR, dcuR, ptsG, mlc, nac, rob, narL, soxS, arcA, fnr
2825 	 zraR, melR, betI, lldR, ptsG, mlc, uxuR, nac, rob, narL, soxS, arcA, fnr
2826 	 zraR, melR, betI, lldR, ptsG, mlc, uxuR, nac, rob, narL, soxS, arcA, fnr
2827 	 zraR, melR, betI, lldR, ptsG, mlc, uxuR, nac, exuR, rob, narL, soxS, arcA, fnr
2828 	 zraR, melR, nikR, betI, lldR, dcuR, ptsG, mlc, uxuR, nac, rob, narL, soxS, arcA, fnr
2829 	 zraR, melR, betI, lldR, ptsG, mlc, nac, rob, narL, soxS, arcA, fnr
2830 	 zraR, melR, nikR, betI, lldR, dcuR, ptsG, mlc, uxuR, nac, rob, narL, soxS, arcA, fnr
2831 	 zraR, melR, betI, lldR, ptsG, mlc, uxuR, nac, exuR, rob, narL, soxS, arcA, fnr
2832 	 zraR, melR, betI, lldR, ptsG, mlc, nac, rob, narL, soxS, arcA, fnr
2833 	 zraR, betI, lldR, ptsG, mlc, uxuR, nac, rob, narL, soxS, arcA, fnr
2834 	 zraR, nikR, betI, lldR, dcuR, ptsG, mlc, uxuR, nac, rob, narL, soxS, arcA, fnr
2835 	 zraR, betI, lldR, ptsG, mlc, uxuR, nac, rob, narL, soxS, arcA, fnr
2836 	 zraR, melR, betI, lldR, ptsG, mlc, uxuR, nac, rob, narL, soxS, arcA, fnr
2837 	 zraR, betI, lldR, ptsG, mlc, uxuR, nac, exuR, rob, narL, soxS, arcA, fnr
2838 	 zraR, melR, nikR, betI, lldR, dcuR, ptsG, mlc, uxuR, nac, rob, narL, soxS, arcA, fnr
2840 	 zraR, melR, betI, lldR, ptsG, mlc, uxuR, nac, rob, narL, soxS, arcA, fnr
2841 	 zraR, nikR, betI, lldR, dcuR, ptsG, mlc, uxuR, nac, rob, narL, soxS, arcA, fnr
2842 	 zraR, melR, nikR, betI, lldR, dcuR, ptsG, mlc, uxuR, nac, rob, narL, soxS, arcA, fnr
2843 	 zraR, melR, betI, lldR, ptsG, mlc, uxuR, nac, exuR, rob, narL, soxS, arcA, fnr
2844 	 zraR, nikR, betI, lldR, dcuR, ptsG, mlc, uxuR, nac, exuR, rob, narL, soxS, arcA, fnr
2845 	 zraR, melR, betI, lldR, ptsG, mlc, nac, rob, narL, soxS, arcA, fnr
2846 	 zraR, betI, lldR, ptsG, mlc, nac, rob, narL, soxS, arcA, fnr
2847 	 zraR, melR, betI, lldR, ptsG, mlc, uxuR, nac, exuR, rob, narL, soxS, arcA, fnr
2848 	 zraR, melR, betI, lldR, ptsG, mlc, nac, rob, narL, soxS, arcA, fnr
2849 	 zraR, nikR, betI, lldR, dcuR, ptsG, mlc, uxuR, nac, rob, narL, soxS, arcA, fnr
2850 	 zraR, betI, lldR, ptsG, mlc, uxuR, nac, rob, narL, soxS, arcA, fnr
2851 	 zraR, melR, nikR, betI, lldR, dcuR, ptsG, mlc, uxuR, nac, rob, narL, soxS, arcA, fnr
2852 	 zraR, betI, lldR, ptsG, mlc, uxuR, nac, exuR, rob, narL, soxS, arcA, fnr
2854 	 zraR, melR, nikR, betI, lldR, dcuR, ptsG, mlc, nac, rob, narL, soxS, arcA, fnr
2855 	 zraR, betI, lldR, ptsG, mlc, uxuR, nac, rob, narL, soxS, arcA, fnr
2856 	 zraR, nikR, betI, lldR, dcuR, ptsG, mlc, uxuR, nac, rob, narL, soxS, arcA, fnr
2857 	 zraR, melR, betI, lldR, ptsG, mlc, uxuR, nac, rob, narL, soxS, arcA, fnr
2858 	 zraR, nikR, betI, lldR, dcuR, ptsG, mlc, uxuR, nac, exuR, rob, narL, soxS, arcA, fnr
2859 	 zraR, melR, betI, lldR, ptsG, mlc, uxuR, nac, exuR, rob, narL, soxS, arcA, fnr
2860 	 zraR, melR, betI, lldR, ptsG, mlc, uxuR, nac, rob, narL, soxS, arcA, fnr
2861 	 zraR, betI, lldR, ptsG, mlc, nac, rob, narL, soxS, arcA, fnr
2862 	 zraR, melR, betI, lldR, ptsG, mlc, nac, rob, narL, soxS, arcA, fnr
2863 	 zraR, melR, nikR, betI, lldR, dcuR, ptsG, mlc, uxuR, nac, rob, narL, soxS, arcA, fnr
2864 	 zraR, melR, nikR, betI, lldR, dcuR, ptsG, mlc, uxuR, nac, exuR, rob, narL, soxS, arcA, fnr
2865 	 zraR, betI, lldR, ptsG, mlc, uxuR, nac, rob, narL, soxS, arcA, fnr
2866 	 zraR, nikR, betI, lldR, dcuR, ptsG, mlc, uxuR, nac, rob, narL, soxS, arcA, fnr
2867 	 zraR, betI, lldR, ptsG, mlc, uxuR, nac, rob, narL, soxS, arcA, fnr
2868 	 zraR, nikR, betI, lldR, dcuR, ptsG, mlc, uxuR, nac, rob, narL, soxS, arcA, fnr
2870 	 zraR, nikR, betI, lldR, dcuR, ptsG, mlc, nac, rob, narL, soxS, arcA, fnr
2871 	 zraR, melR, betI, lldR, ptsG, mlc, uxuR, nac, rob, narL, soxS, arcA, fnr
2872 	 zraR, nikR, betI, lldR, dcuR, ptsG, mlc, uxuR, nac, exuR, rob, narL, soxS, arcA, fnr
2873 	 zraR, melR, nikR, betI, lldR, dcuR, ptsG, mlc, uxuR, nac, rob, narL, soxS, arcA, fnr
2874 	 zraR, nikR, betI, lldR, dcuR, ptsG, mlc, uxuR, nac, exuR, rob, narL, soxS, arcA, fnr
2875 	 zraR, melR, nikR, betI, lldR, dcuR, ptsG, mlc, uxuR, nac, rob, narL, soxS, arcA, fnr
2876 	 zraR, melR, betI, lldR, ptsG, mlc, uxuR, nac, rob, narL, soxS, arcA, fnr
2877 	 zraR, melR, nikR, betI, lldR, dcuR, ptsG, mlc, nac, rob, narL, soxS, arcA, fnr
2878 	 zraR, melR, nikR, betI, lldR, dcuR, ptsG, mlc, nac, rob, narL, soxS, arcA, fnr
2879 	 zraR, melR, nikR, betI, lldR, dcuR, ptsG, mlc, uxuR, nac, exuR, rob, narL, soxS, arcA, fnr
2880 	 zraR, melR, nikR, betI, lldR, dcuR, ptsG, mlc, uxuR, nac, exuR, rob, narL, soxS, arcA, fnr
2881 	 zraR, nikR, betI, lldR, dcuR, ptsG, mlc, uxuR, nac, rob, narL, soxS, arcA, fnr
2882 	 zraR, nikR, betI, lldR, dcuR, ptsG, mlc, uxuR, nac, rob, narL, soxS, arcA, fnr
2883 	 zraR, nikR, betI, lldR, dcuR, ptsG, mlc, uxuR, nac, rob, narL, soxS, arcA, fnr
2884 	 zraR, nikR, betI, lldR, dcuR, ptsG, mlc, uxuR, nac, rob, narL, soxS, arcA, fnr
2885 	 zraR, nikR, betI, lldR, dcuR, ptsG, mlc, uxuR, nac, rob, narL, soxS, arcA, fnr
2886 	 zraR, melR, nikR, betI, lldR, dcuR, ptsG, mlc, uxuR, nac, rob, narL, soxS, arcA, fnr
2887 	 zraR, nikR, betI, lldR, dcuR, ptsG, mlc, uxuR, nac, rob, narL, soxS, arcA, fnr
2888 	 zraR, melR, nikR, betI, lldR, dcuR, ptsG, mlc, uxuR, nac, rob, narL, soxS, arcA, fnr
2889 	 zraR, nikR, betI, lldR, dcuR, ptsG, mlc, uxuR, nac, rob, narL, soxS, arcA, fnr
2890 	 zraR, melR, nikR, betI, lldR, dcuR, ptsG, mlc, uxuR, nac, rob, narL, soxS, arcA, fnr
2891 	 zraR, nikR, betI, lldR, dcuR, ptsG, mlc, uxuR, nac, rob, narL, soxS, arcA, fnr
2892 	 zraR, melR, nikR, betI, lldR, dcuR, ptsG, mlc, uxuR, nac, rob, narL, soxS, arcA, fnr
2894 	 zraR, nikR, betI, lldR, dcuR, ptsG, mlc, uxuR, nac, exuR, rob, narL, soxS, arcA, fnr
2896 	 zraR, nikR, betI, lldR, dcuR, ptsG, mlc, uxuR, nac, exuR, rob, narL, soxS, arcA, fnr
2897 	 zraR, nikR, betI, lldR, dcuR, ptsG, mlc, nac, rob, narL, soxS, arcA, fnr
2898 	 zraR, nikR, betI, lldR, dcuR, ptsG, mlc, uxuR, nac, exuR, rob, narL, soxS, arcA, fnr
2899 	 zraR, nikR, betI, lldR, dcuR, ptsG, mlc, nac, rob, narL, soxS, arcA, fnr
2900 	 zraR, nikR, betI, lldR, dcuR, ptsG, mlc, uxuR, nac, exuR, rob, narL, soxS, arcA, fnr
2902 	 zraR, melR, nikR, betI, lldR, dcuR, ptsG, mlc, uxuR, nac, exuR, rob, narL, soxS, arcA, fnr
2903 	 zraR, nikR, betI, lldR, dcuR, ptsG, mlc, nac, rob, narL, soxS, arcA, fnr
2904 	 zraR, melR, nikR, betI, lldR, dcuR, ptsG, mlc, uxuR, nac, exuR, rob, narL, soxS, arcA, fnr
2906 	 zraR, melR, nikR, betI, lldR, dcuR, ptsG, mlc, uxuR, nac, exuR, rob, narL, soxS, arcA, fnr
2907 	 zraR, nikR, betI, lldR, dcuR, ptsG, mlc, nac, rob, narL, soxS, arcA, fnr
2908 	 zraR, melR, nikR, betI, lldR, dcuR, ptsG, mlc, uxuR, nac, exuR, rob, narL, soxS, arcA, fnr
2909 	 zraR, betI, lldR, ptsG, mlc, uxuR, nac, rob, narL, soxS, arcA, fnr
2910 	 zraR, betI, lldR, ptsG, mlc, uxuR, nac, rob, narL, soxS, arcA, fnr
2911 	 zraR, betI, lldR, ptsG, mlc, uxuR, nac, rob, narL, soxS, arcA, fnr
2912 	 zraR, betI, lldR, ptsG, mlc, uxuR, nac, rob, narL, soxS, arcA, fnr
2913 	 zraR, betI, lldR, ptsG, mlc, uxuR, nac, rob, narL, soxS, arcA, fnr
2914 	 zraR, melR, betI, lldR, ptsG, mlc, uxuR, nac, rob, narL, soxS, arcA, fnr
2915 	 zraR, betI, lldR, ptsG, mlc, uxuR, nac, rob, narL, soxS, arcA, fnr
2916 	 zraR, melR, betI, lldR, ptsG, mlc, uxuR, nac, rob, narL, soxS, arcA, fnr
2917 	 zraR, betI, lldR, ptsG, mlc, uxuR, nac, rob, narL, soxS, arcA, fnr
2918 	 zraR, melR, betI, lldR, ptsG, mlc, uxuR, nac, rob, narL, soxS, arcA, fnr
2919 	 zraR, betI, lldR, ptsG, mlc, uxuR, nac, rob, narL, soxS, arcA, fnr
2920 	 zraR, melR, betI, lldR, ptsG, mlc, uxuR, nac, rob, narL, soxS, arcA, fnr
2921 	 zraR, melR, nikR, betI, lldR, dcuR, ptsG, mlc, nac, rob, narL, soxS, arcA, fnr
2922 	 zraR, nikR, betI, lldR, dcuR, ptsG, mlc, uxuR, nac, exuR, rob, narL, soxS, arcA, fnr
2923 	 zraR, melR, nikR, betI, lldR, dcuR, ptsG, mlc, uxuR, nac, rob, narL, soxS, arcA, fnr
2924 	 zraR, melR, nikR, betI, lldR, dcuR, ptsG, mlc, nac, rob, narL, soxS, arcA, fnr
2925 	 zraR, melR, nikR, betI, lldR, dcuR, ptsG, mlc, uxuR, nac, rob, narL, soxS, arcA, fnr
2926 	 zraR, melR, nikR, betI, lldR, dcuR, ptsG, mlc, nac, rob, narL, soxS, arcA, fnr
2927 	 zraR, melR, nikR, betI, lldR, dcuR, ptsG, mlc, uxuR, nac, rob, narL, soxS, arcA, fnr
2928 	 zraR, melR, nikR, betI, lldR, dcuR, ptsG, mlc, nac, rob, narL, soxS, arcA, fnr
2929 	 zraR, melR, nikR, betI, lldR, dcuR, ptsG, mlc, uxuR, nac, rob, narL, soxS, arcA, fnr
2930 	 zraR, melR, nikR, betI, lldR, dcuR, ptsG, mlc, nac, rob, narL, soxS, arcA, fnr
2931 	 zraR, nikR, betI, lldR, dcuR, ptsG, mlc, uxuR, nac, exuR, rob, narL, soxS, arcA, fnr
2932 	 zraR, melR, nikR, betI, lldR, dcuR, ptsG, mlc, nac, rob, narL, soxS, arcA, fnr
2933 	 zraR, nikR, betI, lldR, dcuR, ptsG, mlc, uxuR, nac, exuR, rob, narL, soxS, arcA, fnr
2934 	 zraR, melR, nikR, betI, lldR, dcuR, ptsG, mlc, nac, rob, narL, soxS, arcA, fnr
2935 	 zraR, nikR, betI, lldR, dcuR, ptsG, mlc, uxuR, nac, exuR, rob, narL, soxS, arcA, fnr
2936 	 zraR, melR, nikR, betI, lldR, dcuR, ptsG, mlc, nac, rob, narL, soxS, arcA, fnr
2937 	 zraR, melR, nikR, betI, lldR, dcuR, ptsG, mlc, uxuR, nac, exuR, rob, narL, soxS, arcA, fnr
2938 	 zraR, melR, betI, lldR, ptsG, mlc, uxuR, nac, rob, narL, soxS, arcA, fnr
2939 	 zraR, melR, nikR, betI, lldR, dcuR, ptsG, mlc, uxuR, nac, exuR, rob, narL, soxS, arcA, fnr
2940 	 zraR, melR, betI, lldR, ptsG, mlc, uxuR, nac, rob, narL, soxS, arcA, fnr
2941 	 zraR, melR, nikR, betI, lldR, dcuR, ptsG, mlc, uxuR, nac, exuR, rob, narL, soxS, arcA, fnr
2942 	 zraR, melR, betI, lldR, ptsG, mlc, uxuR, nac, rob, narL, soxS, arcA, fnr
2943 	 zraR, melR, nikR, betI, lldR, dcuR, ptsG, mlc, uxuR, nac, exuR, rob, narL, soxS, arcA, fnr
2944 	 zraR, melR, betI, lldR, ptsG, mlc, uxuR, nac, rob, narL, soxS, arcA, fnr
