7 	 zraR
9 	 fnr, rob, zraR, asnC, puuR, nikR, lldR
10 	 fnr, soxS, asnC, puuR, melR, lldR
13 	 fnr, rob, asnC, puuR, melR, nikR, betI, lldR
15 	 fnr, rob, rhaS, asnC, puuR, nikR, betI, lldR
16 	 fnr, soxS, asnC, puuR, melR, lldR
17 	 fnr, rob, rhaS, asnC, puuR, nikR, lldR
20 	 fnr, soxS, asnC, puuR, melR, lldR
21 	 fnr, rob, rhaS, asnC, puuR, nikR, lldR
22 	 fnr, soxS, asnC, puuR, melR, lldR
23 	 fnr, rob, rhaS, asnC, puuR, nikR, lldR
24 	 fnr, soxS, rhaS, asnC, puuR, lldR
25 	 fnr, soxS, asnC, puuR, melR, lldR
26 	 fnr, rob, rhaS, asnC, puuR, nikR, lldR
28 	 fnr, rob, rhaS, asnC, puuR, nikR, lldR
29 	 fnr, rob, asnC, puuR, melR, nikR, betI, lldR
32 	 fnr, rob, rhaS, asnC, puuR, nikR, betI, lldR
34 	 fnr, rob, rhaS, zraR, asnC, puuR, nikR, lldR
35 	 fnr, rob, asnC, puuR, melR, nikR, lldR
36 	 fnr, rob, zraR, asnC, puuR, nikR, lldR
37 	 fnr, rob, zraR, asnC, puuR, nikR, betI, lldR
38 	 fnr, rob, zraR, asnC, puuR, melR, nikR, lldR
39 	 fnr, soxS, asnC, puuR, melR, betI, lldR
42 	 fnr, rob, zraR, asnC, puuR, nikR, lldR
44 	 fnr, rob, zraR, asnC, puuR, nikR, lldR
46 	 fnr, rob, zraR, asnC, puuR, nikR, betI, lldR
48 	 fnr, rob, zraR, asnC, puuR, nikR, betI, lldR
52 	 fnr, rob, asnC, puuR, melR, nikR, betI, lldR
53 	 fnr, rob, rhaS, asnC, puuR, nikR, lldR
54 	 fnr, rob, asnC, puuR, melR, nikR, betI, lldR
55 	 fnr, rob, asnC, puuR, melR, nikR, lldR
58 	 fnr, rob, rhaS, zraR, asnC, puuR, nikR, lldR
59 	 fnr, rob, asnC, puuR, melR, nikR, betI, lldR
61 	 fnr, rob, rhaS, asnC, puuR, nikR, lldR
62 	 fnr, rob, asnC, puuR, melR, nikR, betI, lldR
66 	 fnr, rob, zraR, asnC, puuR, nikR, lldR
68 	 fnr, rob, zraR, asnC, puuR, nikR, lldR
69 	 fnr, rob, asnC, puuR, melR, nikR, betI, lldR
71 	 fnr, rob, asnC, puuR, melR, nikR, betI, lldR
73 	 fnr, rob, zraR, asnC, puuR, nikR, lldR
74 	 fnr, rob, rhaS, asnC, puuR, nikR, lldR
75 	 fnr, rob, asnC, puuR, melR, nikR, lldR
77 	 fnr, rob, zraR, asnC, puuR, nikR, lldR
78 	 fnr, rob, asnC, puuR, melR, nikR, lldR
79 	 fnr, rob, rhaS, asnC, puuR, nikR, betI, lldR
81 	 fnr, rob, rhaS, asnC, puuR, nikR, betI, lldR
83 	 fnr, rob, rhaS, asnC, puuR, nikR, betI, lldR
85 	 fnr, rob, rhaS, asnC, puuR, nikR, betI, lldR
87 	 fnr, rob, rhaS, asnC, puuR, nikR, betI, lldR
89 	 fnr, rob, rhaS, asnC, puuR, nikR, betI, lldR
90 	 fnr, rob, rhaS, zraR, asnC, puuR, nikR, lldR
91 	 fnr, rob, rhaS, asnC, puuR, melR, nikR, lldR
93 	 fnr, rob, rhaS, asnC, puuR, melR, nikR, lldR
94 	 fnr, rob, rhaS, zraR, asnC, puuR, nikR, lldR
96 	 fnr, rob, rhaS, zraR, asnC, puuR, nikR, lldR
97 	 fnr, rob, rhaS, asnC, puuR, melR, nikR, lldR
99 	 fnr, rob, rhaS, asnC, puuR, melR, nikR, lldR
100 	 fnr, rob, rhaS, zraR, asnC, puuR, nikR, lldR
102 	 fnr, rob, rhaS, zraR, asnC, puuR, nikR, lldR
103 	 fnr, rob, rhaS, asnC, puuR, melR, nikR, lldR
105 	 fnr, rob, rhaS, asnC, puuR, melR, nikR, lldR
106 	 fnr, rob, rhaS, zraR, asnC, puuR, nikR, lldR
108 	 fnr, rob, rhaS, asnC, puuR, melR, nikR, lldR
109 	 fnr, rob, rhaS, asnC, puuR, melR, nikR, lldR
111 	 fnr, rob, zraR, asnC, puuR, melR, nikR, lldR
112 	 fnr, rob, zraR, asnC, puuR, nikR, betI, lldR
114 	 fnr, rob, rhaS, zraR, asnC, puuR, nikR, betI, lldR
116 	 fnr, rob, rhaS, zraR, asnC, puuR, nikR, betI, lldR
118 	 fnr, rob, rhaS, zraR, asnC, puuR, nikR, betI, lldR
119 	 fnr, rob, rhaS, asnC, puuR, nikR, lldR
120 	 fnr, rob, rhaS, zraR, asnC, puuR, nikR, betI, lldR
121 	 fnr, rob, rhaS, asnC, puuR, nikR, lldR
122 	 fnr, rob, zraR, asnC, puuR, nikR, betI, lldR
123 	 fnr, rob, rhaS, asnC, puuR, nikR, lldR
124 	 fnr, rob, zraR, asnC, puuR, nikR, betI, lldR
125 	 fnr, rob, rhaS, asnC, puuR, nikR, lldR
126 	 fnr, rob, zraR, asnC, puuR, nikR, betI, lldR
127 	 fnr, rob, rhaS, asnC, puuR, nikR, lldR
128 	 fnr, rob, rhaS, zraR, asnC, puuR, nikR, betI, lldR
129 	 fnr, rob, rhaS, asnC, puuR, nikR, lldR
130 	 fnr, rob, rhaS, zraR, asnC, puuR, nikR, betI, lldR
131 	 fnr, rob, rhaS, asnC, puuR, nikR, lldR
132 	 fnr, rob, rhaS, zraR, asnC, puuR, nikR, betI, lldR
133 	 fnr, rob, rhaS, asnC, puuR, nikR, lldR
134 	 fnr, rob, rhaS, zraR, asnC, puuR, nikR, betI, lldR
135 	 fnr, rob, rhaS, asnC, puuR, nikR, lldR
136 	 fnr, rob, rhaS, asnC, puuR, nikR, lldR
137 	 fnr, rob, zraR, asnC, puuR, melR, nikR, lldR
138 	 fnr, rob, rhaS, asnC, puuR, nikR, lldR
139 	 fnr, rob, rhaS, asnC, puuR, melR, nikR, betI, lldR
140 	 fnr, rob, rhaS, asnC, puuR, nikR, lldR
141 	 fnr, arcA, soxS, narL, soxR, rhaS, nac, asnC, puuR, melR, yqjI, nikR, betI, lldR
142 	 fnr, rob, rhaS, asnC, puuR, nikR, lldR
143 	 fnr, rob, rhaS, asnC, puuR, melR, nikR, betI, lldR
144 	 fnr, rob, rhaS, asnC, puuR, nikR, lldR
145 	 fnr, rob, rhaS, asnC, puuR, melR, nikR, betI, lldR
146 	 fnr, rob, rhaS, asnC, puuR, nikR, lldR
147 	 fnr, rob, rhaS, asnC, puuR, melR, nikR, betI, lldR
148 	 fnr, rob, rhaS, asnC, puuR, nikR, lldR
149 	 fnr, rob, rhaS, asnC, puuR, melR, nikR, betI, lldR
150 	 fnr, rob, rhaS, asnC, puuR, nikR, lldR
151 	 fnr, rob, rhaS, asnC, puuR, melR, nikR, betI, lldR
152 	 fnr, rob, rhaS, asnC, puuR, nikR, lldR
153 	 fnr, rob, rhaS, asnC, puuR, melR, nikR, betI, lldR
154 	 fnr, rob, rhaS, asnC, puuR, nikR, lldR
155 	 fnr, rob, zraR, asnC, puuR, melR, nikR, lldR
156 	 fnr, rob, rhaS, asnC, puuR, nikR, lldR
157 	 fnr, rob, rhaS, asnC, puuR, nikR, lldR
158 	 fnr, rob, rhaS, asnC, puuR, nikR, lldR
159 	 fnr, rob, rhaS, asnC, puuR, nikR, lldR
160 	 fnr, rob, asnC, puuR, melR, nikR, lldR
161 	 fnr, rob, zraR, asnC, puuR, nikR, lldR
162 	 fnr, rob, asnC, puuR, melR, nikR, lldR
163 	 fnr, rob, zraR, asnC, puuR, nikR, lldR
164 	 fnr, rob, asnC, puuR, melR, nikR, lldR
165 	 fnr, rob, zraR, asnC, puuR, nikR, lldR
166 	 fnr, rob, asnC, puuR, melR, nikR, lldR
167 	 fnr, rob, zraR, asnC, puuR, nikR, lldR
168 	 fnr, rob, asnC, puuR, melR, nikR, lldR
169 	 fnr, rob, zraR, asnC, puuR, nikR, lldR
170 	 fnr, rob, asnC, puuR, melR, nikR, lldR
171 	 fnr, rob, zraR, asnC, puuR, nikR, lldR
172 	 fnr, rob, asnC, puuR, melR, nikR, lldR
173 	 fnr, rob, zraR, asnC, puuR, nikR, lldR
174 	 fnr, rob, asnC, puuR, melR, nikR, lldR
175 	 fnr, rob, zraR, asnC, puuR, nikR, lldR
176 	 fnr, rob, rhaS, asnC, puuR, melR, nikR, lldR
177 	 fnr, rob, zraR, asnC, puuR, nikR, lldR
178 	 fnr, rob, rhaS, asnC, puuR, melR, nikR, lldR
179 	 fnr, rob, zraR, asnC, puuR, nikR, lldR
180 	 fnr, rob, rhaS, asnC, puuR, melR, nikR, lldR
181 	 fnr, rob, zraR, asnC, puuR, nikR, lldR
182 	 fnr, rob, rhaS, asnC, puuR, melR, nikR, lldR
183 	 fnr, rob, zraR, asnC, puuR, nikR, lldR
184 	 fnr, rob, rhaS, asnC, puuR, melR, nikR, lldR
185 	 fnr, arcA, soxS, narL, soxR, nac, zraR, asnC, puuR, yqjI, nikR, lldR
186 	 fnr, rob, rhaS, asnC, puuR, nikR, betI, lldR
187 	 fnr, rob, zraR, asnC, puuR, nikR, lldR
188 	 fnr, rob, zraR, asnC, puuR, melR, nikR, lldR
189 	 fnr, rob, asnC, puuR, melR, nikR, lldR
190 	 fnr, rob, zraR, asnC, puuR, melR, nikR, lldR
191 	 fnr, rob, asnC, puuR, melR, nikR, lldR
192 	 fnr, rob, zraR, asnC, puuR, melR, nikR, lldR
193 	 fnr, rob, asnC, puuR, melR, nikR, lldR
194 	 fnr, rob, zraR, asnC, puuR, melR, nikR, lldR
195 	 fnr, rob, asnC, puuR, melR, nikR, lldR
196 	 fnr, rob, rhaS, zraR, asnC, puuR, melR, nikR, lldR
197 	 fnr, rob, asnC, puuR, melR, nikR, lldR
198 	 fnr, rob, rhaS, zraR, asnC, puuR, melR, nikR, lldR
199 	 fnr, rob, asnC, puuR, melR, nikR, lldR
200 	 fnr, rob, rhaS, zraR, asnC, puuR, melR, nikR, lldR
201 	 fnr, rob, asnC, puuR, melR, nikR, lldR
202 	 fnr, rob, rhaS, zraR, asnC, puuR, melR, nikR, lldR
203 	 fnr, rob, asnC, puuR, melR, nikR, lldR
204 	 fnr, rob, rhaS, zraR, asnC, puuR, melR, nikR, lldR
205 	 fnr, rob, asnC, puuR, melR, nikR, lldR
206 	 fnr, rob, rhaS, zraR, asnC, puuR, melR, nikR, lldR
207 	 fnr, rob, asnC, puuR, melR, nikR, lldR
208 	 fnr, rob, rhaS, zraR, asnC, puuR, melR, nikR, lldR
209 	 fnr, rob, asnC, puuR, melR, nikR, lldR
210 	 fnr, rob, rhaS, zraR, asnC, puuR, melR, nikR, lldR
211 	 fnr, rob, asnC, puuR, melR, nikR, lldR
212 	 fnr, rob, zraR, asnC, puuR, melR, nikR, betI, lldR
213 	 fnr, rob, asnC, puuR, melR, nikR, lldR
214 	 fnr, rob, rhaS, asnC, puuR, nikR, betI, lldR
215 	 fnr, rob, zraR, asnC, puuR, nikR, lldR
216 	 fnr, rob, rhaS, asnC, puuR, nikR, betI, lldR
217 	 fnr, rob, asnC, puuR, melR, nikR, lldR
218 	 fnr, rob, rhaS, asnC, puuR, nikR, betI, lldR
219 	 fnr, rob, zraR, asnC, puuR, nikR, lldR
221 	 fnr, rob, asnC, puuR, melR, nikR, lldR
223 	 fnr, rob, zraR, asnC, puuR, nikR, lldR
225 	 fnr, rob, rhaS, asnC, puuR, melR, nikR, lldR
226 	 fnr, rob, rhaS, asnC, puuR, nikR, betI, lldR
227 	 fnr, rob, zraR, asnC, puuR, nikR, lldR
228 	 fnr, rob, rhaS, asnC, puuR, nikR, betI, lldR
229 	 fnr, rob, rhaS, asnC, puuR, melR, nikR, lldR
230 	 fnr, rob, rhaS, asnC, puuR, nikR, betI, lldR
231 	 fnr, rob, zraR, asnC, puuR, nikR, lldR
232 	 fnr, rob, rhaS, asnC, puuR, nikR, betI, lldR
233 	 fnr, rob, rhaS, asnC, puuR, melR, nikR, lldR
234 	 fnr, rob, rhaS, asnC, puuR, nikR, betI, lldR
235 	 fnr, rob, zraR, asnC, puuR, nikR, lldR
236 	 fnr, rob, rhaS, asnC, puuR, nikR, betI, lldR
237 	 fnr, rob, rhaS, asnC, puuR, melR, nikR, lldR
238 	 fnr, rob, rhaS, asnC, puuR, nikR, betI, lldR
239 	 fnr, rob, zraR, asnC, puuR, nikR, lldR
240 	 fnr, rob, rhaS, asnC, puuR, nikR, betI, lldR
241 	 fnr, rob, rhaS, asnC, puuR, melR, nikR, lldR
243 	 fnr, rob, zraR, asnC, puuR, nikR, lldR
245 	 fnr, rob, rhaS, asnC, puuR, melR, nikR, lldR
247 	 fnr, rob, rhaS, zraR, asnC, puuR, nikR, lldR
249 	 fnr, rob, rhaS, asnC, puuR, melR, nikR, lldR
250 	 fnr, rob, rhaS, asnC, puuR, nikR, betI, lldR
251 	 fnr, rob, rhaS, zraR, asnC, puuR, nikR, lldR
253 	 fnr, rob, rhaS, asnC, puuR, melR, nikR, lldR
254 	 fnr, rob, rhaS, asnC, puuR, nikR, betI, lldR
255 	 fnr, rob, rhaS, zraR, asnC, puuR, nikR, lldR
257 	 fnr, rob, rhaS, asnC, puuR, melR, nikR, lldR
258 	 fnr, rob, rhaS, asnC, puuR, nikR, betI, lldR
259 	 fnr, rob, rhaS, zraR, asnC, puuR, nikR, lldR
261 	 fnr, rob, rhaS, asnC, puuR, melR, nikR, lldR
262 	 fnr, rob, rhaS, asnC, puuR, nikR, betI, lldR
263 	 fnr, rob, rhaS, zraR, asnC, puuR, nikR, lldR
265 	 fnr, rob, rhaS, asnC, puuR, melR, nikR, lldR
267 	 fnr, rob, rhaS, zraR, asnC, puuR, nikR, lldR
269 	 fnr, rob, rhaS, asnC, puuR, melR, nikR, lldR
271 	 fnr, rob, rhaS, zraR, asnC, puuR, nikR, lldR
273 	 fnr, rob, rhaS, asnC, puuR, melR, nikR, lldR
274 	 fnr, rob, rhaS, asnC, puuR, nikR, betI, lldR
275 	 fnr, rob, rhaS, zraR, asnC, puuR, nikR, lldR
276 	 fnr, rob, rhaS, asnC, puuR, nikR, betI, lldR
277 	 fnr, rob, rhaS, asnC, puuR, melR, nikR, lldR
278 	 fnr, rob, rhaS, asnC, puuR, nikR, betI, lldR
279 	 fnr, rob, zraR, asnC, puuR, nikR, lldR
280 	 fnr, rob, zraR, asnC, puuR, melR, nikR, betI, lldR
281 	 fnr, rob, zraR, asnC, puuR, melR, nikR, betI, lldR
282 	 fnr, rob, zraR, asnC, puuR, melR, nikR, betI, lldR
283 	 fnr, rob, rhaS, zraR, asnC, puuR, melR, nikR, betI, lldR
284 	 fnr, rob, rhaS, zraR, asnC, puuR, melR, nikR, betI, lldR
285 	 fnr, rob, rhaS, zraR, asnC, puuR, melR, nikR, betI, lldR
286 	 fnr, rob, rhaS, zraR, asnC, puuR, melR, nikR, betI, lldR
287 	 fnr, rob, zraR, asnC, puuR, melR, nikR, betI, lldR
288 	 fnr, rob, zraR, asnC, puuR, melR, nikR, betI, lldR
289 	 fnr, rob, zraR, asnC, puuR, melR, nikR, betI, lldR
290 	 fnr, rob, zraR, asnC, puuR, melR, nikR, betI, lldR
291 	 fnr, rob, rhaS, zraR, asnC, puuR, melR, nikR, betI, lldR
292 	 fnr, rob, rhaS, zraR, asnC, puuR, melR, nikR, betI, lldR
293 	 fnr, rob, rhaS, zraR, asnC, puuR, melR, nikR, betI, lldR
294 	 fnr, rob, rhaS, zraR, asnC, puuR, melR, nikR, betI, lldR
295 	 fnr, rob, rhaS, asnC, puuR, nikR, betI, lldR
296 	 fnr, rob, rhaS, asnC, puuR, nikR, betI, lldR
297 	 fnr, rob, rhaS, asnC, puuR, nikR, betI, lldR
298 	 fnr, rob, rhaS, asnC, puuR, nikR, betI, lldR
299 	 fnr, rob, rhaS, asnC, puuR, nikR, betI, lldR
300 	 fnr, rob, asnC, puuR, melR, nikR, betI, lldR
301 	 fnr, rob, asnC, puuR, melR, nikR, betI, lldR
302 	 fnr, rob, asnC, puuR, melR, nikR, betI, lldR
303 	 fnr, rob, asnC, puuR, melR, nikR, betI, lldR
304 	 fnr, rob, rhaS, asnC, puuR, melR, nikR, betI, lldR
305 	 fnr, rob, asnC, puuR, melR, nikR, betI, lldR
306 	 fnr, rob, rhaS, asnC, puuR, melR, nikR, betI, lldR
307 	 fnr, rob, asnC, puuR, melR, nikR, betI, lldR
308 	 fnr, rob, rhaS, asnC, puuR, melR, nikR, betI, lldR
309 	 fnr, rob, asnC, puuR, melR, nikR, betI, lldR
310 	 fnr, rob, rhaS, asnC, puuR, melR, nikR, betI, lldR
311 	 fnr, rob, asnC, puuR, melR, nikR, betI, lldR
312 	 fnr, rob, asnC, puuR, melR, nikR, betI, lldR
313 	 fnr, rob, asnC, puuR, melR, nikR, betI, lldR
314 	 fnr, rob, asnC, puuR, melR, nikR, betI, lldR
315 	 fnr, rob, rhaS, asnC, puuR, melR, nikR, betI, lldR
316 	 fnr, rob, rhaS, asnC, puuR, melR, nikR, betI, lldR
317 	 fnr, rob, rhaS, asnC, puuR, melR, nikR, betI, lldR
318 	 fnr, rob, rhaS, asnC, puuR, melR, nikR, betI, lldR
319 	 fnr, rob, rhaS, asnC, puuR, melR, nikR, betI, lldR
320 	 fnr, rob, rhaS, asnC, puuR, melR, nikR, betI, lldR
321 	 fnr, rob, rhaS, asnC, puuR, melR, nikR, betI, lldR
322 	 fnr, rob, rhaS, asnC, puuR, melR, nikR, betI, lldR
323 	 fnr, rob, asnC, puuR, melR, nikR, betI, lldR
324 	 fnr, rob, asnC, puuR, melR, nikR, betI, lldR
325 	 fnr, rob, asnC, puuR, melR, nikR, betI, lldR
326 	 fnr, rob, asnC, puuR, melR, nikR, betI, lldR
327 	 fnr, rob, rhaS, asnC, puuR, melR, nikR, betI, lldR
328 	 fnr, rob, asnC, puuR, melR, nikR, betI, lldR
329 	 fnr, rob, rhaS, asnC, puuR, melR, nikR, betI, lldR
330 	 fnr, rob, asnC, puuR, melR, nikR, betI, lldR
331 	 fnr, rob, rhaS, asnC, puuR, melR, nikR, betI, lldR
332 	 fnr, rob, asnC, puuR, melR, nikR, betI, lldR
333 	 fnr, rob, rhaS, asnC, puuR, melR, nikR, betI, lldR
334 	 fnr, rob, asnC, puuR, melR, nikR, betI, lldR
335 	 fnr, rob, asnC, puuR, melR, nikR, betI, lldR
336 	 fnr, rob, asnC, puuR, melR, nikR, betI, lldR
337 	 fnr, rob, asnC, puuR, melR, nikR, betI, lldR
338 	 fnr, rob, asnC, puuR, melR, nikR, betI, lldR
339 	 fnr, rob, rhaS, asnC, puuR, melR, nikR, betI, lldR
340 	 fnr, rob, zraR, asnC, puuR, nikR, betI, lldR
341 	 fnr, rob, rhaS, asnC, puuR, melR, nikR, betI, lldR
342 	 fnr, rob, rhaS, asnC, puuR, melR, nikR, betI, lldR
343 	 fnr, rob, rhaS, asnC, puuR, melR, nikR, betI, lldR
344 	 fnr, rob, rhaS, asnC, puuR, melR, nikR, betI, lldR
345 	 fnr, rob, rhaS, asnC, puuR, melR, nikR, betI, lldR
346 	 fnr, rob, rhaS, asnC, puuR, melR, nikR, betI, lldR
347 	 fnr, rob, rhaS, asnC, puuR, melR, nikR, betI, lldR
348 	 fnr, rob, zraR, asnC, puuR, nikR, betI, lldR
349 	 fnr, rob, zraR, asnC, puuR, nikR, betI, lldR
350 	 fnr, rob, zraR, asnC, puuR, nikR, betI, lldR
351 	 fnr, rob, zraR, asnC, puuR, nikR, betI, lldR
352 	 fnr, rob, rhaS, zraR, asnC, puuR, nikR, betI, lldR
353 	 fnr, rob, zraR, asnC, puuR, nikR, betI, lldR
354 	 fnr, rob, rhaS, zraR, asnC, puuR, nikR, betI, lldR
355 	 fnr, rob, zraR, asnC, puuR, nikR, betI, lldR
356 	 fnr, rob, rhaS, zraR, asnC, puuR, nikR, betI, lldR
357 	 fnr, rob, zraR, asnC, puuR, nikR, betI, lldR
358 	 fnr, rob, rhaS, zraR, asnC, puuR, nikR, betI, lldR
359 	 fnr, rob, zraR, asnC, puuR, nikR, betI, lldR
360 	 fnr, rob, zraR, asnC, puuR, nikR, betI, lldR
361 	 fnr, rob, zraR, asnC, puuR, nikR, betI, lldR
362 	 fnr, rob, zraR, asnC, puuR, nikR, betI, lldR
363 	 fnr, rob, rhaS, zraR, asnC, puuR, nikR, betI, lldR
364 	 fnr, rob, rhaS, zraR, asnC, puuR, nikR, betI, lldR
365 	 fnr, rob, rhaS, zraR, asnC, puuR, nikR, betI, lldR
366 	 fnr, rob, rhaS, zraR, asnC, puuR, nikR, betI, lldR
367 	 fnr, rob, rhaS, zraR, asnC, puuR, nikR, betI, lldR
368 	 fnr, rob, rhaS, zraR, asnC, puuR, nikR, betI, lldR
369 	 fnr, rob, rhaS, zraR, asnC, puuR, nikR, betI, lldR
370 	 fnr, rob, rhaS, zraR, asnC, puuR, nikR, betI, lldR
371 	 fnr, rob, zraR, asnC, puuR, nikR, betI, lldR
372 	 fnr, rob, zraR, asnC, puuR, nikR, betI, lldR
373 	 fnr, rob, zraR, asnC, puuR, nikR, betI, lldR
374 	 fnr, rob, zraR, asnC, puuR, nikR, betI, lldR
375 	 fnr, rob, rhaS, zraR, asnC, puuR, nikR, betI, lldR
376 	 fnr, rob, zraR, asnC, puuR, nikR, betI, lldR
377 	 fnr, rob, rhaS, zraR, asnC, puuR, nikR, betI, lldR
378 	 fnr, rob, zraR, asnC, puuR, nikR, betI, lldR
379 	 fnr, rob, rhaS, zraR, asnC, puuR, nikR, betI, lldR
380 	 fnr, rob, zraR, asnC, puuR, nikR, betI, lldR
381 	 fnr, rob, rhaS, zraR, asnC, puuR, nikR, betI, lldR
382 	 fnr, rob, zraR, asnC, puuR, nikR, betI, lldR
383 	 fnr, rob, zraR, asnC, puuR, nikR, betI, lldR
384 	 fnr, rob, zraR, asnC, puuR, nikR, betI, lldR
385 	 fnr, rob, zraR, asnC, puuR, nikR, betI, lldR
386 	 fnr, rob, zraR, asnC, puuR, nikR, betI, lldR
387 	 fnr, rob, rhaS, zraR, asnC, puuR, nikR, betI, lldR
388 	 fnr, rob, rhaS, zraR, asnC, puuR, nikR, betI, lldR
389 	 fnr, rob, rhaS, zraR, asnC, puuR, nikR, betI, lldR
390 	 fnr, rob, rhaS, zraR, asnC, puuR, nikR, betI, lldR
391 	 fnr, rob, rhaS, zraR, asnC, puuR, nikR, betI, lldR
392 	 fnr, rob, rhaS, zraR, asnC, puuR, nikR, betI, lldR
393 	 fnr, rob, rhaS, zraR, asnC, puuR, nikR, betI, lldR
394 	 fnr, rob, rhaS, zraR, asnC, puuR, nikR, betI, lldR
395 	 fnr, rob, zraR, asnC, puuR, melR, nikR, betI, lldR
396 	 fnr, rob, zraR, asnC, puuR, melR, nikR, betI, lldR
397 	 fnr, rob, zraR, asnC, puuR, melR, nikR, betI, lldR
398 	 fnr, rob, zraR, asnC, puuR, melR, nikR, betI, lldR
399 	 fnr, rob, rhaS, zraR, asnC, puuR, melR, nikR, betI, lldR
400 	 fnr, rob, zraR, asnC, puuR, melR, nikR, betI, lldR
401 	 fnr, rob, rhaS, zraR, asnC, puuR, melR, nikR, betI, lldR
402 	 fnr, rob, zraR, asnC, puuR, melR, nikR, betI, lldR
403 	 fnr, rob, rhaS, zraR, asnC, puuR, melR, nikR, betI, lldR
404 	 fnr, rob, zraR, asnC, puuR, melR, nikR, betI, lldR
405 	 fnr, rob, rhaS, zraR, asnC, puuR, melR, nikR, betI, lldR
406 	 fnr, rob, zraR, asnC, puuR, melR, nikR, betI, lldR
407 	 fnr, rob, zraR, asnC, puuR, melR, nikR, betI, lldR
408 	 fnr, rob, zraR, asnC, puuR, melR, nikR, betI, lldR
409 	 fnr, rob, zraR, asnC, puuR, melR, nikR, betI, lldR
410 	 fnr, rob, zraR, asnC, puuR, melR, nikR, betI, lldR
411 	 fnr, rob, rhaS, zraR, asnC, puuR, melR, nikR, betI, lldR
412 	 fnr, rob, rhaS, zraR, asnC, puuR, melR, nikR, betI, lldR
413 	 fnr, rob, rhaS, zraR, asnC, puuR, melR, nikR, betI, lldR
414 	 fnr, rob, rhaS, zraR, asnC, puuR, melR, nikR, betI, lldR
415 	 fnr, rob, rhaS, zraR, asnC, puuR, melR, nikR, betI, lldR
416 	 fnr, rob, rhaS, zraR, asnC, puuR, melR, nikR, betI, lldR
417 	 fnr, rob, rhaS, zraR, asnC, puuR, melR, nikR, betI, lldR
418 	 fnr, rob, rhaS, zraR, asnC, puuR, melR, nikR, betI, lldR
419 	 fnr, rob, zraR, asnC, puuR, melR, nikR, betI, lldR
420 	 fnr, rob, zraR, asnC, puuR, melR, nikR, betI, lldR
421 	 fnr, rob, zraR, asnC, puuR, melR, nikR, betI, lldR
422 	 fnr, rob, zraR, asnC, puuR, melR, nikR, betI, lldR
423 	 fnr, rob, rhaS, zraR, asnC, puuR, melR, nikR, betI, lldR
424 	 fnr, rob, zraR, asnC, puuR, melR, nikR, betI, lldR
425 	 fnr, rob, rhaS, zraR, asnC, puuR, melR, nikR, betI, lldR
426 	 fnr, rob, zraR, asnC, puuR, melR, nikR, betI, lldR
427 	 fnr, rob, rhaS, zraR, asnC, puuR, melR, nikR, betI, lldR
428 	 fnr, rob, zraR, asnC, puuR, melR, nikR, betI, lldR
429 	 fnr, rob, rhaS, zraR, asnC, puuR, melR, nikR, betI, lldR
430 	 fnr, rob, zraR, asnC, puuR, melR, nikR, betI, lldR
431 	 fnr, rob, zraR, asnC, puuR, melR, nikR, betI, lldR
432 	 fnr, rob, zraR, asnC, puuR, melR, nikR, betI, lldR
433 	 fnr, rob, zraR, asnC, puuR, melR, nikR, betI, lldR
434 	 fnr, rob, zraR, asnC, puuR, melR, nikR, betI, lldR
435 	 fnr, rob, rhaS, zraR, asnC, puuR, melR, nikR, betI, lldR
436 	 fnr, rob, rhaS, zraR, asnC, puuR, melR, nikR, betI, lldR
437 	 fnr, rob, rhaS, zraR, asnC, puuR, melR, nikR, betI, lldR
438 	 fnr, rob, rhaS, zraR, asnC, puuR, melR, nikR, betI, lldR
439 	 fnr, rob, rhaS, zraR, asnC, puuR, melR, nikR, betI, lldR
440 	 fnr, rob, rhaS, zraR, asnC, puuR, melR, nikR, betI, lldR
441 	 fnr, rob, rhaS, zraR, asnC, puuR, melR, nikR, betI, lldR
442 	 fnr, rob, rhaS, zraR, asnC, puuR, melR, nikR, betI, lldR
443 	 fnr, rob, rhaS, asnC, puuR, melR, nikR, lldR
444 	 fnr, rob, rhaS, asnC, puuR, melR, nikR, lldR
445 	 fnr, rob, rhaS, asnC, puuR, melR, nikR, lldR
446 	 fnr, rob, rhaS, asnC, puuR, melR, nikR, lldR
447 	 fnr, rob, rhaS, asnC, puuR, melR, nikR, lldR
448 	 fnr, rob, zraR, asnC, puuR, nikR, lldR
449 	 fnr, rob, rhaS, zraR, asnC, puuR, nikR, lldR
450 	 fnr, rob, rhaS, zraR, asnC, puuR, nikR, lldR
451 	 fnr, rob, rhaS, zraR, asnC, puuR, nikR, lldR
452 	 fnr, rob, rhaS, zraR, asnC, puuR, nikR, lldR
453 	 fnr, rob, rhaS, zraR, asnC, puuR, nikR, lldR
454 	 fnr, rob, rhaS, zraR, asnC, puuR, nikR, lldR
455 	 fnr, rob, rhaS, zraR, asnC, puuR, nikR, lldR
456 	 fnr, rob, rhaS, zraR, asnC, puuR, nikR, lldR
457 	 fnr, rob, rhaS, zraR, asnC, puuR, nikR, lldR
458 	 fnr, rob, rhaS, zraR, asnC, puuR, nikR, lldR
459 	 fnr, rob, rhaS, zraR, asnC, puuR, nikR, lldR
460 	 fnr, rob, rhaS, zraR, asnC, puuR, nikR, lldR
461 	 fnr, rob, rhaS, zraR, asnC, puuR, nikR, lldR
462 	 fnr, rob, rhaS, zraR, asnC, puuR, nikR, lldR
463 	 fnr, rob, rhaS, zraR, asnC, puuR, nikR, lldR
464 	 fnr, rob, rhaS, zraR, asnC, puuR, nikR, lldR
465 	 fnr, rob, zraR, asnC, puuR, melR, nikR, lldR
466 	 fnr, rob, zraR, asnC, puuR, melR, nikR, lldR
467 	 fnr, rob, zraR, asnC, puuR, melR, nikR, lldR
468 	 fnr, rob, zraR, asnC, puuR, melR, nikR, lldR
469 	 fnr, rob, zraR, asnC, puuR, melR, nikR, lldR
470 	 fnr, rob, zraR, asnC, puuR, melR, nikR, lldR
471 	 fnr, rob, zraR, asnC, puuR, melR, nikR, lldR
472 	 fnr, rob, zraR, asnC, puuR, melR, nikR, lldR
473 	 fnr, rob, zraR, asnC, puuR, melR, nikR, lldR
474 	 fnr, rob, zraR, asnC, puuR, melR, nikR, lldR
475 	 fnr, rob, zraR, asnC, puuR, melR, nikR, lldR
476 	 fnr, rob, zraR, asnC, puuR, melR, nikR, lldR
477 	 fnr, rob, zraR, asnC, puuR, melR, nikR, lldR
478 	 fnr, rob, zraR, asnC, puuR, melR, nikR, lldR
479 	 fnr, rob, zraR, asnC, puuR, melR, nikR, lldR
480 	 fnr, rob, zraR, asnC, puuR, melR, nikR, lldR
481 	 fnr, rob, zraR, asnC, puuR, melR, nikR, lldR
482 	 fnr, rob, zraR, asnC, puuR, melR, nikR, lldR
483 	 fnr, rob, zraR, asnC, puuR, melR, nikR, lldR
484 	 fnr, rob, zraR, asnC, puuR, melR, nikR, lldR
485 	 fnr, rob, zraR, asnC, puuR, melR, nikR, lldR
486 	 fnr, rob, zraR, asnC, puuR, melR, nikR, lldR
487 	 fnr, rob, zraR, asnC, puuR, melR, nikR, lldR
488 	 fnr, rob, zraR, asnC, puuR, melR, nikR, lldR
489 	 fnr, rob, rhaS, zraR, asnC, puuR, melR, nikR, lldR
490 	 fnr, rob, rhaS, zraR, asnC, puuR, melR, nikR, lldR
491 	 fnr, rob, rhaS, zraR, asnC, puuR, melR, nikR, lldR
492 	 fnr, rob, rhaS, zraR, asnC, puuR, melR, nikR, lldR
493 	 fnr, rob, rhaS, zraR, asnC, puuR, melR, nikR, lldR
494 	 fnr, rob, rhaS, zraR, asnC, puuR, melR, nikR, lldR
495 	 fnr, rob, rhaS, zraR, asnC, puuR, melR, nikR, lldR
496 	 fnr, rob, rhaS, zraR, asnC, puuR, melR, nikR, lldR
497 	 fnr, rob, rhaS, zraR, asnC, puuR, melR, nikR, lldR
498 	 fnr, rob, rhaS, zraR, asnC, puuR, melR, nikR, lldR
499 	 fnr, rob, rhaS, zraR, asnC, puuR, melR, nikR, lldR
500 	 fnr, rob, rhaS, zraR, asnC, puuR, melR, nikR, lldR
501 	 fnr, rob, rhaS, zraR, asnC, puuR, melR, nikR, lldR
502 	 fnr, rob, rhaS, zraR, asnC, puuR, melR, nikR, lldR
503 	 fnr, rob, rhaS, zraR, asnC, puuR, melR, nikR, lldR
504 	 fnr, rob, rhaS, zraR, asnC, puuR, melR, nikR, lldR
505 	 fnr, rob, rhaS, zraR, asnC, puuR, melR, nikR, lldR
506 	 fnr, rob, rhaS, zraR, asnC, puuR, melR, nikR, lldR
507 	 fnr, rob, rhaS, zraR, asnC, puuR, melR, nikR, lldR
508 	 fnr, rob, rhaS, zraR, asnC, puuR, melR, nikR, lldR
509 	 fnr, rob, rhaS, zraR, asnC, puuR, melR, nikR, lldR
510 	 fnr, rob, rhaS, zraR, asnC, puuR, melR, nikR, lldR
511 	 fnr, rob, rhaS, zraR, asnC, puuR, melR, nikR, lldR
512 	 fnr, rob, rhaS, zraR, asnC, puuR, melR, nikR, lldR
