2 	 araC
3 	 melR
14 	 rhaS
16 	 zraR
17 	 melR
18 	 zraR, melR
19 	 idnR
20 	 rhaS, zraR
21 	 rhaS, melR
22 	 rhaS, idnR
23 	 zraR, idnR
24 	 rhaS, zraR, idnR
25 	 melR, idnR
26 	 rhaS, zraR, melR
27 	 zraR, melR, idnR
28 	 rhaS, melR, idnR
29 	 rhaS, zraR, melR, idnR
31 	 rhaS
32 	 araC
33 	 zraR
34 	 idnR
35 	 zraR, melR
36 	 araC, idnR
37 	 rhaS, zraR
38 	 rhaS
39 	 rhaS, melR
40 	 zraR, araC
41 	 rhaS, zraR, melR
42 	 rhaS, idnR
43 	 idnR
44 	 rhaS, araC
45 	 zraR, idnR
46 	 zraR
47 	 rhaS, idnR
48 	 rhaS, zraR, araC
49 	 melR, idnR
50 	 melR
51 	 rhaS, zraR, idnR
52 	 melR, araC
53 	 rhaS, melR, idnR
54 	 rhaS, zraR
55 	 zraR, melR, idnR
56 	 zraR, melR, araC
57 	 rhaS, zraR, melR, idnR
58 	 zraR, melR
59 	 rhaS, melR
60 	 rhaS, melR, araC
61 	 melR, araC, idnR
62 	 rhaS, zraR, melR
63 	 zraR, idnR
64 	 zraR, araC, idnR
65 	 rhaS, araC, idnR
67 	 rhaS, zraR, melR, araC
68 	 melR, idnR
69 	 rhaS, zraR, idnR
70 	 zraR, melR, araC, idnR
71 	 rhaS, zraR, araC, idnR
72 	 zraR, melR, idnR
73 	 rhaS, melR, idnR
74 	 rhaS, melR, araC, idnR
75 	 rhaS, zraR, melR, araC, idnR
76 	 rhaS, zraR, melR, idnR
78 	 araC
79 	 araC, idnR
80 	 araC, idnR
81 	 rhaS, araC
82 	 zraR, araC
83 	 rhaS, araC, idnR
84 	 melR, araC
85 	 zraR, araC
86 	 rhaS, araC
87 	 melR, araC
88 	 zraR, araC, idnR
89 	 rhaS, melR, araC
90 	 rhaS, zraR, araC
91 	 melR, araC, idnR
92 	 zraR, melR, araC
93 	 zraR, araC, idnR
94 	 melR, araC, idnR
95 	 rhaS, zraR, araC
96 	 zraR, melR, araC, idnR
97 	 zraR, melR, araC
98 	 rhaS, araC, idnR
99 	 rhaS, zraR, melR, araC
100 	 rhaS, zraR, araC, idnR
101 	 zraR, melR, araC, idnR
102 	 rhaS, melR, araC
103 	 rhaS, melR, araC, idnR
104 	 rhaS, melR, araC, idnR
105 	 rhaS, zraR, araC, idnR
106 	 rhaS, zraR, melR, araC
107 	 rhaS, zraR, melR, araC, idnR
108 	 rhaS, zraR, melR, araC, idnR
109 	 zraR
110 	 idnR
111 	 melR
112 	 zraR, melR
113 	 rhaS
114 	 rhaS, melR
115 	 rhaS, zraR
116 	 rhaS, idnR
117 	 zraR, idnR
118 	 melR, idnR
119 	 rhaS, zraR, idnR
120 	 rhaS, zraR, melR
121 	 zraR, melR, idnR
122 	 rhaS, melR, idnR
123 	 rhaS, zraR, melR, idnR
124 	 araC
125 	 araC, idnR
126 	 melR, araC
127 	 rhaS, araC
128 	 zraR, araC
129 	 melR, araC, idnR
130 	 rhaS, araC, idnR
131 	 zraR, araC, idnR
132 	 zraR, melR, araC
133 	 rhaS, melR, araC
134 	 rhaS, zraR, araC
135 	 rhaS, zraR, araC, idnR
136 	 rhaS, zraR, melR, araC
137 	 rhaS, melR, araC, idnR
138 	 zraR, melR, araC, idnR
139 	 rhaS, zraR, melR, araC, idnR
144 	 zraR
145 	 melR
146 	 rhaS
147 	 zraR
148 	 idnR
149 	 zraR, melR
150 	 melR
151 	 idnR
152 	 rhaS, melR
153 	 zraR, idnR
154 	 zraR, idnR
155 	 rhaS
156 	 rhaS, zraR
157 	 rhaS, melR
158 	 melR, idnR
159 	 melR, idnR
160 	 zraR, melR
161 	 zraR, melR, idnR
162 	 zraR, melR, idnR
163 	 rhaS, idnR
164 	 rhaS, idnR
165 	 rhaS, melR, idnR
166 	 rhaS, melR, idnR
167 	 rhaS, zraR
168 	 rhaS, zraR, idnR
169 	 rhaS, zraR, melR
170 	 rhaS, zraR, melR
171 	 rhaS, zraR, idnR
172 	 rhaS, zraR, melR, idnR
173 	 rhaS, zraR, melR, idnR
176 	 araC
177 	 rhaS
178 	 zraR
179 	 idnR
180 	 melR, araC
181 	 zraR
182 	 idnR
183 	 melR
184 	 rhaS, araC
185 	 melR, idnR
186 	 melR
187 	 rhaS, zraR
188 	 zraR, araC
189 	 rhaS, melR
190 	 rhaS
191 	 zraR, idnR
192 	 araC, idnR
193 	 rhaS, idnR
194 	 rhaS, melR
195 	 zraR, melR
196 	 zraR, melR, araC
197 	 rhaS, melR, idnR
198 	 zraR, melR
199 	 rhaS, zraR, idnR
200 	 rhaS, zraR, araC
201 	 rhaS, zraR, melR
202 	 rhaS, idnR
203 	 zraR, melR, idnR
204 	 rhaS, melR, araC
205 	 rhaS, zraR, melR, idnR
206 	 zraR, idnR
208 	 melR, araC, idnR
209 	 araC
210 	 rhaS, zraR
212 	 zraR, araC, idnR
213 	 melR, araC
214 	 melR, idnR
215 	 melR
216 	 zraR, melR, araC, idnR
217 	 rhaS, araC
218 	 rhaS, zraR, idnR
219 	 zraR
220 	 rhaS, araC, idnR
221 	 araC, idnR
222 	 rhaS, melR, idnR
223 	 idnR
224 	 rhaS, melR, araC, idnR
225 	 zraR, araC
226 	 zraR, melR, idnR
227 	 rhaS
228 	 rhaS, zraR, melR, araC
229 	 melR, araC, idnR
230 	 rhaS, zraR, melR
231 	 rhaS, melR
232 	 rhaS, zraR, araC, idnR
233 	 rhaS, zraR, araC
234 	 rhaS, zraR, melR, idnR
235 	 rhaS, zraR
236 	 rhaS, zraR, melR, araC, idnR
237 	 rhaS, araC, idnR
238 	 araC
239 	 melR, idnR
240 	 melR, araC
241 	 zraR, melR, araC
243 	 zraR, melR
244 	 rhaS, zraR, melR
245 	 rhaS, idnR
246 	 rhaS, melR, idnR
247 	 zraR, idnR
248 	 zraR, melR, idnR
249 	 rhaS, zraR, idnR
250 	 rhaS, zraR, melR, idnR
251 	 rhaS, melR, araC
252 	 rhaS, zraR, melR, araC
254 	 rhaS, melR, araC, idnR
255 	 zraR, araC, idnR
256 	 rhaS, zraR, araC, idnR
257 	 zraR, melR, araC, idnR
258 	 rhaS, zraR, melR, araC, idnR
259 	 araC
260 	 zraR, araC
261 	 melR, araC
262 	 araC, idnR
263 	 zraR, melR, araC
264 	 melR, araC, idnR
265 	 zraR, araC, idnR
266 	 rhaS, araC
267 	 rhaS, zraR, araC
268 	 rhaS, araC, idnR
269 	 rhaS, zraR, araC, idnR
270 	 rhaS, melR, araC
271 	 rhaS, zraR, melR, araC
272 	 zraR, melR, araC, idnR
273 	 rhaS, melR, araC, idnR
274 	 rhaS, zraR, melR, araC, idnR
276 	 zraR
277 	 rhaS
278 	 rhaS, zraR
279 	 idnR
280 	 melR
281 	 rhaS, idnR
282 	 rhaS, melR
283 	 zraR, idnR
284 	 zraR, melR
285 	 rhaS, zraR, idnR
286 	 melR, idnR
287 	 rhaS, zraR, melR
288 	 rhaS, melR, idnR
289 	 zraR, melR, idnR
290 	 rhaS, zraR, melR, idnR
291 	 araC
292 	 araC, idnR
293 	 melR, araC
294 	 rhaS, araC
295 	 zraR, araC
296 	 melR, araC, idnR
297 	 rhaS, melR, araC
298 	 rhaS, zraR, araC
299 	 zraR, araC, idnR
300 	 zraR, melR, araC
301 	 rhaS, araC, idnR
302 	 rhaS, zraR, araC, idnR
303 	 zraR, melR, araC, idnR
304 	 rhaS, zraR, melR, araC
305 	 rhaS, melR, araC, idnR
306 	 rhaS, zraR, melR, araC, idnR
307 	 araC
308 	 melR, araC
309 	 araC, idnR
310 	 melR, araC, idnR
311 	 rhaS, araC
312 	 zraR, araC
313 	 rhaS, araC, idnR
314 	 zraR, araC, idnR
315 	 rhaS, melR, araC
316 	 zraR, melR, araC
317 	 rhaS, melR, araC, idnR
318 	 rhaS, zraR, araC
319 	 zraR, melR, araC, idnR
320 	 rhaS, zraR, araC, idnR
321 	 rhaS, zraR, melR, araC
322 	 rhaS, zraR, melR, araC, idnR
328 	 melR
329 	 zraR
330 	 idnR
331 	 rhaS
332 	 melR, idnR
333 	 rhaS, idnR
334 	 zraR, melR
335 	 rhaS, zraR
336 	 rhaS, melR
337 	 zraR, idnR
338 	 rhaS, melR, idnR
339 	 zraR, melR, idnR
340 	 rhaS, zraR, melR
341 	 rhaS, zraR, idnR
342 	 rhaS, zraR, melR, idnR
344 	 idnR
345 	 rhaS
346 	 melR
347 	 zraR
348 	 melR, idnR
349 	 rhaS, zraR
350 	 zraR, melR
351 	 zraR, idnR
352 	 rhaS, melR
353 	 rhaS, idnR
354 	 rhaS, melR, idnR
355 	 rhaS, zraR, idnR
356 	 rhaS, zraR, melR
357 	 zraR, melR, idnR
358 	 rhaS, zraR, melR, idnR
359 	 araC
360 	 araC, idnR
361 	 zraR, araC
362 	 rhaS, araC
363 	 melR, araC
364 	 rhaS, araC, idnR
365 	 rhaS, melR, araC
366 	 zraR, araC, idnR
367 	 zraR, melR, araC
368 	 melR, araC, idnR
369 	 rhaS, melR, araC, idnR
370 	 zraR, melR, araC, idnR
371 	 rhaS, zraR, araC
372 	 rhaS, zraR, araC, idnR
373 	 rhaS, zraR, melR, araC
374 	 rhaS, zraR, melR, araC, idnR
375 	 araC
376 	 zraR, araC
377 	 melR, araC
378 	 araC, idnR
379 	 rhaS, araC
380 	 zraR, araC, idnR
381 	 rhaS, melR, araC
382 	 rhaS, araC, idnR
383 	 rhaS, zraR, araC
384 	 melR, araC, idnR
385 	 zraR, melR, araC
386 	 zraR, melR, araC, idnR
387 	 rhaS, zraR, melR, araC
388 	 rhaS, zraR, araC, idnR
389 	 rhaS, melR, araC, idnR
390 	 rhaS, zraR, melR, araC, idnR
392 	 rhaS
393 	 melR
394 	 idnR
395 	 zraR
396 	 rhaS, melR
397 	 melR, idnR
398 	 zraR, idnR
399 	 rhaS, zraR
400 	 zraR, melR
401 	 rhaS, idnR
402 	 rhaS, zraR, idnR
403 	 rhaS, zraR, melR
404 	 zraR, melR, idnR
405 	 rhaS, melR, idnR
406 	 rhaS, zraR, melR, idnR
408 	 melR
409 	 idnR
410 	 melR, idnR
411 	 rhaS
412 	 zraR
413 	 rhaS, idnR
414 	 zraR, idnR
415 	 rhaS, melR
416 	 zraR, melR
417 	 rhaS, melR, idnR
418 	 rhaS, zraR
419 	 zraR, melR, idnR
420 	 rhaS, zraR, idnR
421 	 rhaS, zraR, melR
422 	 rhaS, zraR, melR, idnR
423 	 araC
424 	 rhaS, araC
425 	 melR, araC
426 	 araC, idnR
427 	 zraR, araC
428 	 rhaS, melR, araC
429 	 melR, araC, idnR
430 	 zraR, araC, idnR
431 	 rhaS, zraR, araC
432 	 zraR, melR, araC
433 	 rhaS, araC, idnR
434 	 rhaS, zraR, araC, idnR
435 	 rhaS, zraR, melR, araC
436 	 zraR, melR, araC, idnR
437 	 rhaS, melR, araC, idnR
438 	 rhaS, zraR, melR, araC, idnR
439 	 araC
440 	 melR, araC
441 	 araC, idnR
442 	 melR, araC, idnR
443 	 rhaS, araC
444 	 zraR, araC
445 	 rhaS, araC, idnR
446 	 zraR, araC, idnR
447 	 rhaS, melR, araC
448 	 zraR, melR, araC
449 	 rhaS, melR, araC, idnR
450 	 rhaS, zraR, araC
451 	 zraR, melR, araC, idnR
452 	 rhaS, zraR, araC, idnR
453 	 rhaS, zraR, melR, araC
454 	 rhaS, zraR, melR, araC, idnR
459 	 zraR, araC
460 	 araC, idnR
461 	 rhaS, araC
462 	 melR, araC, idnR
463 	 rhaS, zraR, araC
464 	 rhaS, melR, araC
465 	 rhaS, araC, idnR
466 	 zraR, melR, araC
467 	 zraR, araC, idnR
468 	 zraR, melR, araC, idnR
469 	 rhaS, zraR, araC, idnR
470 	 rhaS, zraR, melR, araC
471 	 rhaS, melR, araC, idnR
472 	 rhaS, zraR, melR, araC, idnR
474 	 melR
475 	 zraR
476 	 idnR
477 	 rhaS
478 	 melR, idnR
479 	 rhaS, idnR
480 	 zraR, melR
481 	 rhaS, zraR
482 	 rhaS, melR
483 	 zraR, idnR
484 	 rhaS, melR, idnR
485 	 zraR, melR, idnR
486 	 rhaS, zraR, melR
487 	 rhaS, zraR, idnR
488 	 rhaS, zraR, melR, idnR
490 	 idnR
491 	 rhaS
492 	 melR
493 	 zraR
494 	 melR, idnR
495 	 rhaS, zraR
496 	 zraR, melR
497 	 zraR, idnR
498 	 rhaS, melR
499 	 rhaS, idnR
500 	 rhaS, melR, idnR
501 	 rhaS, zraR, idnR
502 	 rhaS, zraR, melR
503 	 zraR, melR, idnR
504 	 rhaS, zraR, melR, idnR
505 	 araC
506 	 araC, idnR
507 	 zraR, araC
508 	 rhaS, araC
509 	 melR, araC
510 	 rhaS, araC, idnR
511 	 rhaS, melR, araC
512 	 zraR, araC, idnR
513 	 zraR, melR, araC
514 	 melR, araC, idnR
515 	 rhaS, zraR, araC
516 	 rhaS, melR, araC, idnR
517 	 rhaS, zraR, araC, idnR
518 	 zraR, melR, araC, idnR
519 	 rhaS, zraR, melR, araC
520 	 rhaS, zraR, melR, araC, idnR
521 	 araC
522 	 melR, araC
523 	 zraR, araC
524 	 araC, idnR
525 	 rhaS, araC
526 	 melR, araC, idnR
527 	 rhaS, zraR, araC
528 	 zraR, araC, idnR
529 	 rhaS, araC, idnR
530 	 rhaS, melR, araC
531 	 zraR, melR, araC
532 	 zraR, melR, araC, idnR
533 	 rhaS, zraR, araC, idnR
534 	 rhaS, melR, araC, idnR
535 	 rhaS, zraR, melR, araC
536 	 rhaS, zraR, melR, araC, idnR
546 	 rhaS
547 	 melR
548 	 idnR
549 	 zraR
550 	 rhaS, melR
551 	 melR, idnR
552 	 zraR, idnR
553 	 rhaS, zraR
554 	 zraR, melR
555 	 rhaS, idnR
556 	 rhaS, zraR, idnR
557 	 rhaS, zraR, melR
558 	 zraR, melR, idnR
559 	 rhaS, melR, idnR
560 	 rhaS, zraR, melR, idnR
562 	 rhaS
563 	 melR
564 	 rhaS, melR
565 	 zraR
566 	 idnR
567 	 zraR, melR
568 	 melR, idnR
569 	 rhaS, zraR
570 	 rhaS, idnR
571 	 rhaS, zraR, melR
572 	 zraR, idnR
573 	 rhaS, melR, idnR
574 	 zraR, melR, idnR
575 	 rhaS, zraR, idnR
576 	 rhaS, zraR, melR, idnR
577 	 araC
578 	 araC, idnR
579 	 rhaS, araC
580 	 melR, araC
581 	 zraR, araC
582 	 rhaS, araC, idnR
583 	 rhaS, melR, araC
584 	 zraR, melR, araC
585 	 zraR, araC, idnR
586 	 rhaS, zraR, araC
587 	 melR, araC, idnR
588 	 zraR, melR, araC, idnR
589 	 rhaS, zraR, araC, idnR
590 	 rhaS, zraR, melR, araC
591 	 rhaS, melR, araC, idnR
592 	 rhaS, zraR, melR, araC, idnR
593 	 araC
594 	 rhaS, araC
595 	 melR, araC
596 	 rhaS, melR, araC
597 	 zraR, araC
598 	 araC, idnR
599 	 zraR, melR, araC
600 	 rhaS, araC, idnR
601 	 rhaS, zraR, araC
602 	 melR, araC, idnR
603 	 rhaS, zraR, melR, araC
604 	 zraR, araC, idnR
605 	 rhaS, zraR, araC, idnR
606 	 rhaS, melR, araC, idnR
607 	 zraR, melR, araC, idnR
608 	 rhaS, zraR, melR, araC, idnR
610 	 idnR
611 	 zraR
612 	 rhaS
613 	 melR
614 	 zraR, idnR
615 	 rhaS, zraR
616 	 rhaS, melR
617 	 melR, idnR
618 	 zraR, melR
619 	 rhaS, idnR
620 	 rhaS, melR, idnR
621 	 zraR, melR, idnR
622 	 rhaS, zraR, melR
623 	 rhaS, zraR, idnR
624 	 rhaS, zraR, melR, idnR
626 	 idnR
627 	 rhaS
628 	 rhaS, idnR
629 	 zraR
630 	 melR
631 	 rhaS, zraR
632 	 melR, idnR
633 	 zraR, idnR
634 	 rhaS, melR
635 	 rhaS, zraR, idnR
636 	 zraR, melR
637 	 zraR, melR, idnR
638 	 rhaS, melR, idnR
639 	 rhaS, zraR, melR
640 	 rhaS, zraR, melR, idnR
641 	 araC
642 	 melR, araC
643 	 zraR, araC
644 	 araC, idnR
645 	 rhaS, araC
646 	 zraR, melR, araC
647 	 zraR, araC, idnR
648 	 rhaS, araC, idnR
649 	 rhaS, melR, araC
650 	 rhaS, zraR, araC
651 	 melR, araC, idnR
652 	 rhaS, melR, araC, idnR
653 	 rhaS, zraR, melR, araC
654 	 rhaS, zraR, araC, idnR
655 	 zraR, melR, araC, idnR
656 	 rhaS, zraR, melR, araC, idnR
657 	 araC
658 	 zraR, araC
659 	 rhaS, araC
660 	 melR, araC
661 	 rhaS, zraR, araC
662 	 rhaS, melR, araC
663 	 zraR, melR, araC
664 	 araC, idnR
665 	 melR, araC, idnR
666 	 rhaS, araC, idnR
667 	 zraR, araC, idnR
668 	 rhaS, melR, araC, idnR
669 	 rhaS, zraR, araC, idnR
670 	 zraR, melR, araC, idnR
671 	 rhaS, zraR, melR, araC
672 	 rhaS, zraR, melR, araC, idnR
