3 	 fnr, arcA, soxS, narL, soxR, galS, puuR, cadC, yqjI, hyfR, nikR, lldR
4 	 fnr, arcA, soxS, narL, soxR, galS, puuR, cadC, yqjI, hyfR, nikR, lldR
9 	 fnr, arcA, rob, narL, soxR, galS, puuR, cadC, yqjI, hyfR, betI, lldR
10 	 fnr, arcA, rob, narL, soxR, galS, puuR, cadC, yqjI, hyfR, lldR
11 	 fnr, arcA, rob, narL, soxR, rhaR, galS, puuR, cadC, yqjI, hyfR, betI, lldR
12 	 fnr, arcA, rob, narL, soxR, galS, puuR, cadC, yqjI, hyfR, lldR
13 	 fnr, arcA, rob, narL, soxR, rhaR, puuR, cadC, yqjI, hyfR, betI, lldR
14 	 fnr, arcA, rob, narL, soxR, galS, puuR, cadC, yqjI, hyfR, betI, lldR
15 	 fnr, arcA, rob, narL, soxR, galR, galS, puuR, cadC, yqjI, hyfR, betI, lldR
16 	 fnr, arcA, rob, narL, soxR, galS, puuR, cadC, yqjI, fucR, hyfR, lldR
17 	 fnr, arcA, rob, narL, soxR, galS, puuR, cadC, yqjI, fucR, hyfR, betI, lldR
18 	 fnr, arcA, rob, narL, soxR, galS, puuR, cadC, yqjI, idnR, hyfR, lldR
19 	 fnr, arcA, rob, narL, soxR, puuR, cadC, yqjI, fucR, hyfR, betI, lldR
20 	 fnr, arcA, rob, narL, soxR, galS, puuR, cadC, yqjI, idnR, hyfR, lldR
21 	 fnr, arcA, rob, narL, soxR, galR, galS, puuR, cadC, yqjI, fucR, hyfR, betI, lldR
23 	 fnr, arcA, rob, narL, soxR, rhaR, galR, galS, puuR, cadC, yqjI, hyfR, betI, lldR
24 	 fnr, arcA, rob, narL, soxR, galS, puuR, cadC, yqjI, fucR, hyfR, betI, lldR
25 	 fnr, arcA, rob, narL, soxR, galS, puuR, cadC, yqjI, idnR, hyfR, betI, lldR
27 	 fnr, arcA, rob, narL, soxR, galR, galS, puuR, cadC, yqjI, idnR, hyfR, betI, lldR
28 	 fnr, arcA, rob, narL, soxR, puuR, cadC, yqjI, fucR, hyfR, betI, lldR
29 	 fnr, arcA, rob, narL, soxR, rhaR, galS, puuR, cadC, yqjI, idnR, hyfR, betI, lldR
30 	 fnr, arcA, rob, narL, soxR, galR, puuR, cadC, yqjI, hyfR, betI, lldR
31 	 fnr, arcA, rob, narL, soxR, galS, puuR, cadC, yqjI, idnR, hyfR, betI, lldR
32 	 fnr, arcA, rob, narL, soxR, galR, puuR, cadC, yqjI, fucR, hyfR, betI, lldR
33 	 fnr, arcA, rob, narL, soxR, rhaR, galS, puuR, cadC, yqjI, hyfR, betI, lldR
34 	 fnr, arcA, rob, narL, soxR, galS, puuR, cadC, yqjI, idnR, fucR, hyfR, betI, lldR
35 	 fnr, arcA, rob, narL, soxR, rhaR, puuR, cadC, yqjI, hyfR, betI, lldR
36 	 fnr, arcA, rob, narL, soxR, galS, puuR, cadC, yqjI, idnR, fucR, hyfR, betI, lldR
37 	 fnr, arcA, rob, narL, soxR, puuR, cadC, yqjI, idnR, hyfR, betI, lldR
38 	 fnr, arcA, rob, narL, soxR, rhaR, galS, puuR, cadC, yqjI, fucR, hyfR, betI, lldR
39 	 fnr, arcA, rob, narL, soxR, galR, galS, puuR, cadC, yqjI, idnR, fucR, hyfR, betI, lldR
40 	 fnr, arcA, rob, narL, soxR, rhaR, galS, puuR, cadC, yqjI, fucR, hyfR, betI, lldR
41 	 fnr, arcA, soxS, narL, soxR, galS, puuR, cadC, yqjI, idnR, hyfR, nikR, betI, lldR
42 	 fnr, arcA, rob, narL, soxR, rhaR, puuR, cadC, yqjI, fucR, hyfR, betI, lldR
43 	 fnr, arcA, rob, narL, soxR, galR, galS, puuR, cadC, yqjI, hyfR, betI, lldR
44 	 fnr, arcA, rob, narL, soxR, rhaR, galS, puuR, cadC, yqjI, hyfR, lldR
45 	 fnr, arcA, rob, narL, soxR, puuR, cadC, yqjI, idnR, hyfR, lldR
46 	 fnr, arcA, rob, narL, soxR, galS, puuR, cadC, yqjI, hyfR, lldR
47 	 fnr, arcA, rob, narL, soxR, galS, puuR, cadC, yqjI, hyfR, lldR
48 	 fnr, arcA, rob, narL, soxR, puuR, cadC, yqjI, idnR, fucR, hyfR, betI, lldR
49 	 fnr, arcA, rob, narL, soxR, rhaR, galR, puuR, cadC, yqjI, hyfR, betI, lldR
51 	 fnr, arcA, rob, narL, soxR, galR, puuR, cadC, yqjI, hyfR, betI, lldR
52 	 fnr, arcA, rob, narL, soxR, galR, puuR, cadC, yqjI, idnR, fucR, hyfR, betI, lldR
53 	 fnr, arcA, rob, narL, soxR, rhaR, galR, galS, puuR, cadC, yqjI, hyfR, betI, lldR
54 	 fnr, arcA, rob, narL, soxR, galS, puuR, cadC, yqjI, hyfR, lldR
55 	 fnr, arcA, rob, narL, soxR, galR, galS, puuR, cadC, yqjI, fucR, hyfR, betI, lldR
56 	 fnr, arcA, rob, narL, soxR, galR, galS, puuR, cadC, yqjI, idnR, hyfR, betI, lldR
57 	 fnr, arcA, rob, narL, soxR, rhaR, galR, puuR, cadC, yqjI, hyfR, betI, lldR
58 	 fnr, arcA, rob, narL, soxR, puuR, cadC, yqjI, idnR, hyfR, betI, lldR
59 	 fnr, arcA, rob, narL, soxR, galR, puuR, cadC, yqjI, fucR, hyfR, betI, lldR
60 	 fnr, arcA, rob, narL, soxR, galR, puuR, cadC, yqjI, idnR, hyfR, betI, lldR
61 	 fnr, arcA, rob, narL, soxR, rhaR, galR, galS, puuR, cadC, yqjI, fucR, hyfR, betI, lldR
62 	 fnr, arcA, rob, narL, soxR, galR, galS, puuR, cadC, yqjI, hyfR, lldR
63 	 fnr, arcA, rob, narL, soxR, rhaR, galR, puuR, cadC, yqjI, fucR, hyfR, betI, lldR
64 	 fnr, arcA, rob, narL, soxR, galR, galS, puuR, cadC, yqjI, hyfR, lldR
65 	 fnr, arcA, rob, narL, soxR, rhaR, puuR, cadC, yqjI, fucR, hyfR, betI, lldR
66 	 fnr, arcA, rob, narL, soxR, galR, galS, puuR, cadC, yqjI, hyfR, lldR
67 	 fnr, arcA, rob, narL, soxR, rhaR, galR, galS, puuR, cadC, yqjI, fucR, hyfR, betI, lldR
68 	 fnr, arcA, rob, narL, soxR, galR, galS, puuR, cadC, yqjI, hyfR, lldR
69 	 fnr, arcA, rob, narL, soxR, rhaR, galR, puuR, cadC, yqjI, fucR, hyfR, betI, lldR
70 	 fnr, arcA, rob, narL, soxR, galR, puuR, cadC, yqjI, hyfR, lldR
71 	 fnr, arcA, rob, narL, soxR, galR, puuR, cadC, yqjI, hyfR, lldR
72 	 fnr, arcA, rob, narL, soxR, galR, puuR, cadC, yqjI, hyfR, lldR
73 	 fnr, arcA, rob, narL, soxR, galR, galS, puuR, cadC, yqjI, hyfR, lldR
74 	 fnr, arcA, rob, narL, soxR, galS, puuR, cadC, yqjI, hyfR, lldR
75 	 fnr, arcA, rob, narL, soxR, galS, puuR, cadC, yqjI, hyfR, lldR
76 	 fnr, arcA, rob, narL, soxR, galR, galS, puuR, cadC, yqjI, hyfR, lldR
77 	 fnr, arcA, rob, narL, soxR, galR, galS, puuR, cadC, yqjI, hyfR, lldR
79 	 fnr, arcA, rob, narL, soxR, galR, puuR, cadC, yqjI, hyfR, lldR
80 	 fnr, arcA, rob, narL, soxR, galR, puuR, cadC, yqjI, hyfR, lldR
81 	 fnr, arcA, rob, narL, soxR, galS, puuR, cadC, yqjI, hyfR, lldR
82 	 fnr, arcA, rob, narL, soxR, galR, galS, puuR, cadC, yqjI, hyfR, lldR
83 	 fnr, arcA, rob, narL, soxR, galR, puuR, cadC, yqjI, hyfR, lldR
84 	 fnr, arcA, rob, narL, soxR, galS, puuR, cadC, yqjI, idnR, hyfR, lldR
85 	 fnr, arcA, rob, narL, soxR, galS, puuR, cadC, yqjI, fucR, hyfR, lldR
86 	 fnr, arcA, rob, narL, soxR, puuR, cadC, yqjI, idnR, hyfR, lldR
87 	 fnr, arcA, rob, narL, soxR, galS, puuR, cadC, yqjI, fucR, hyfR, lldR
88 	 fnr, arcA, rob, narL, soxR, galS, puuR, cadC, yqjI, idnR, hyfR, lldR
89 	 fnr, arcA, rob, narL, soxR, galS, puuR, cadC, yqjI, fucR, hyfR, lldR
90 	 fnr, arcA, rob, narL, soxR, galR, galS, puuR, cadC, yqjI, idnR, hyfR, lldR
91 	 fnr, arcA, rob, narL, soxR, galR, galS, puuR, cadC, yqjI, fucR, hyfR, lldR
92 	 fnr, arcA, rob, narL, soxR, galR, galS, puuR, cadC, yqjI, idnR, hyfR, lldR
93 	 fnr, arcA, rob, narL, soxR, puuR, cadC, yqjI, fucR, hyfR, lldR
94 	 fnr, arcA, rob, narL, soxR, galR, galS, puuR, cadC, yqjI, idnR, hyfR, lldR
95 	 fnr, arcA, rob, narL, soxR, puuR, cadC, yqjI, fucR, hyfR, lldR
96 	 fnr, arcA, rob, narL, soxR, galR, puuR, cadC, yqjI, idnR, hyfR, lldR
97 	 fnr, arcA, rob, narL, soxR, galR, galS, puuR, cadC, yqjI, fucR, hyfR, lldR
98 	 fnr, arcA, rob, narL, soxR, galR, puuR, cadC, yqjI, idnR, hyfR, lldR
99 	 fnr, arcA, rob, narL, soxR, galR, puuR, cadC, yqjI, fucR, hyfR, lldR
100 	 fnr, arcA, rob, narL, soxR, galS, puuR, cadC, yqjI, idnR, hyfR, lldR
101 	 fnr, arcA, rob, narL, soxR, puuR, cadC, yqjI, fucR, hyfR, lldR
102 	 fnr, arcA, rob, narL, soxR, puuR, cadC, yqjI, idnR, hyfR, lldR
103 	 fnr, arcA, rob, narL, soxR, galR, puuR, cadC, yqjI, fucR, hyfR, lldR
104 	 fnr, arcA, rob, narL, soxR, puuR, cadC, yqjI, idnR, hyfR, lldR
105 	 fnr, arcA, rob, narL, soxR, puuR, cadC, yqjI, fucR, hyfR, lldR
106 	 fnr, arcA, rob, narL, soxR, galR, galS, puuR, cadC, yqjI, idnR, hyfR, lldR
107 	 fnr, arcA, rob, narL, soxR, galR, galS, puuR, cadC, yqjI, fucR, hyfR, lldR
108 	 fnr, arcA, rob, narL, soxR, galR, puuR, cadC, yqjI, idnR, hyfR, lldR
109 	 fnr, arcA, rob, narL, soxR, galR, galS, puuR, cadC, yqjI, fucR, hyfR, lldR
110 	 fnr, arcA, rob, narL, soxR, galR, puuR, cadC, yqjI, idnR, hyfR, lldR
111 	 fnr, arcA, rob, narL, soxR, galR, puuR, cadC, yqjI, fucR, hyfR, lldR
112 	 fnr, arcA, rob, narL, soxR, galS, puuR, cadC, yqjI, idnR, hyfR, lldR
113 	 fnr, arcA, rob, narL, soxR, galR, puuR, cadC, yqjI, fucR, hyfR, lldR
114 	 fnr, arcA, rob, narL, soxR, galS, puuR, cadC, yqjI, idnR, hyfR, lldR
115 	 fnr, arcA, rob, narL, soxR, galS, puuR, cadC, yqjI, fucR, hyfR, lldR
116 	 fnr, arcA, rob, narL, soxR, puuR, cadC, yqjI, idnR, hyfR, lldR
117 	 fnr, arcA, rob, narL, soxR, puuR, cadC, yqjI, fucR, hyfR, lldR
118 	 fnr, arcA, rob, narL, soxR, galR, galS, puuR, cadC, yqjI, idnR, hyfR, lldR
119 	 fnr, arcA, rob, narL, soxR, galR, galS, puuR, cadC, yqjI, fucR, hyfR, lldR
120 	 fnr, arcA, rob, narL, soxR, galS, puuR, cadC, yqjI, idnR, hyfR, lldR
121 	 fnr, arcA, rob, narL, soxR, galS, puuR, cadC, yqjI, fucR, hyfR, lldR
122 	 fnr, arcA, rob, narL, soxR, puuR, cadC, yqjI, idnR, hyfR, lldR
123 	 fnr, arcA, rob, narL, soxR, galS, puuR, cadC, yqjI, fucR, hyfR, lldR
124 	 fnr, arcA, rob, narL, soxR, galR, galS, puuR, cadC, yqjI, idnR, hyfR, lldR
125 	 fnr, arcA, rob, narL, soxR, galR, galS, puuR, cadC, yqjI, fucR, hyfR, lldR
126 	 fnr, arcA, rob, narL, soxR, galR, galS, puuR, cadC, yqjI, idnR, hyfR, lldR
127 	 fnr, arcA, rob, narL, soxR, galS, puuR, cadC, yqjI, fucR, hyfR, lldR
128 	 fnr, arcA, rob, narL, soxR, galR, galS, puuR, cadC, yqjI, idnR, hyfR, lldR
129 	 fnr, arcA, rob, narL, soxR, galR, galS, puuR, cadC, yqjI, fucR, hyfR, lldR
130 	 fnr, arcA, rob, narL, soxR, galR, puuR, cadC, yqjI, idnR, hyfR, lldR
131 	 fnr, arcA, rob, narL, soxR, galR, galS, puuR, cadC, yqjI, fucR, hyfR, lldR
132 	 fnr, arcA, rob, narL, soxR, galR, puuR, cadC, yqjI, idnR, hyfR, lldR
133 	 fnr, arcA, rob, narL, soxR, puuR, cadC, yqjI, fucR, hyfR, lldR
134 	 fnr, arcA, rob, narL, soxR, puuR, cadC, yqjI, idnR, hyfR, lldR
135 	 fnr, arcA, rob, narL, soxR, galR, puuR, cadC, yqjI, fucR, hyfR, lldR
136 	 fnr, arcA, rob, narL, soxR, puuR, cadC, yqjI, idnR, hyfR, lldR
137 	 fnr, arcA, rob, narL, soxR, puuR, cadC, yqjI, fucR, hyfR, lldR
138 	 fnr, arcA, rob, narL, soxR, galR, puuR, cadC, yqjI, idnR, hyfR, lldR
139 	 fnr, arcA, rob, narL, soxR, puuR, cadC, yqjI, fucR, hyfR, lldR
140 	 fnr, arcA, rob, narL, soxR, galR, puuR, cadC, yqjI, idnR, hyfR, lldR
141 	 fnr, arcA, rob, narL, soxR, galR, puuR, cadC, yqjI, fucR, hyfR, lldR
142 	 fnr, arcA, rob, narL, soxR, rhaR, puuR, cadC, yqjI, hyfR, lldR
143 	 fnr, arcA, rob, narL, soxR, puuR, cadC, yqjI, idnR, fucR, hyfR, betI, lldR
144 	 fnr, arcA, rob, narL, soxR, rhaR, galS, puuR, cadC, yqjI, hyfR, lldR
145 	 fnr, arcA, rob, narL, soxR, galR, galS, puuR, cadC, yqjI, idnR, fucR, hyfR, betI, lldR
146 	 fnr, arcA, rob, narL, soxR, rhaR, galS, puuR, cadC, yqjI, hyfR, lldR
147 	 fnr, arcA, rob, narL, soxR, galR, puuR, cadC, yqjI, idnR, fucR, hyfR, betI, lldR
148 	 fnr, arcA, rob, narL, soxR, rhaR, galS, puuR, cadC, yqjI, hyfR, lldR
149 	 fnr, arcA, rob, narL, soxR, rhaR, galR, galS, puuR, cadC, yqjI, idnR, hyfR, betI, lldR
150 	 fnr, arcA, rob, narL, soxR, rhaR, puuR, cadC, yqjI, hyfR, lldR
151 	 fnr, arcA, rob, narL, soxR, rhaR, puuR, cadC, yqjI, idnR, hyfR, betI, lldR
152 	 fnr, arcA, rob, narL, soxR, rhaR, puuR, cadC, yqjI, hyfR, lldR
153 	 fnr, arcA, rob, narL, soxR, rhaR, galR, puuR, cadC, yqjI, idnR, hyfR, betI, lldR
154 	 fnr, arcA, rob, narL, soxR, rhaR, galR, galS, puuR, cadC, yqjI, hyfR, lldR
155 	 fnr, arcA, rob, narL, soxR, rhaR, galS, puuR, cadC, yqjI, idnR, hyfR, betI, lldR
156 	 fnr, arcA, rob, narL, soxR, rhaR, galR, galS, puuR, cadC, yqjI, hyfR, lldR
157 	 fnr, arcA, rob, narL, soxR, rhaR, puuR, cadC, yqjI, idnR, hyfR, betI, lldR
158 	 fnr, arcA, rob, narL, soxR, rhaR, galR, galS, puuR, cadC, yqjI, hyfR, lldR
159 	 fnr, arcA, rob, narL, soxR, rhaR, galR, galS, puuR, cadC, yqjI, idnR, hyfR, betI, lldR
160 	 fnr, arcA, rob, narL, soxR, rhaR, galR, galS, puuR, cadC, yqjI, hyfR, lldR
161 	 fnr, arcA, rob, narL, soxR, rhaR, galR, puuR, cadC, yqjI, idnR, hyfR, betI, lldR
162 	 fnr, arcA, rob, narL, soxR, rhaR, galR, puuR, cadC, yqjI, hyfR, lldR
163 	 fnr, arcA, rob, narL, soxR, rhaR, galS, puuR, cadC, yqjI, idnR, fucR, hyfR, betI, lldR
164 	 fnr, arcA, rob, narL, soxR, rhaR, puuR, cadC, yqjI, hyfR, lldR
165 	 fnr, arcA, rob, narL, soxR, galR, puuR, cadC, yqjI, fucR, hyfR, lldR
166 	 fnr, arcA, rob, narL, soxR, rhaR, galR, puuR, cadC, yqjI, hyfR, lldR
167 	 fnr, arcA, rob, narL, soxR, galR, puuR, cadC, yqjI, fucR, hyfR, lldR
168 	 fnr, arcA, rob, narL, soxR, rhaR, galR, puuR, cadC, yqjI, hyfR, lldR
169 	 fnr, arcA, rob, narL, soxR, rhaR, galR, puuR, cadC, yqjI, hyfR, lldR
170 	 fnr, arcA, rob, narL, soxR, rhaR, galS, puuR, cadC, yqjI, hyfR, lldR
171 	 fnr, arcA, rob, narL, soxR, rhaR, puuR, cadC, yqjI, hyfR, lldR
172 	 fnr, arcA, rob, narL, soxR, rhaR, galS, puuR, cadC, yqjI, hyfR, lldR
173 	 fnr, arcA, rob, narL, soxR, rhaR, puuR, cadC, yqjI, hyfR, lldR
174 	 fnr, arcA, rob, narL, soxR, rhaR, galR, galS, puuR, cadC, yqjI, hyfR, lldR
175 	 fnr, arcA, rob, narL, soxR, rhaR, galR, puuR, cadC, yqjI, hyfR, lldR
176 	 fnr, arcA, rob, narL, soxR, rhaR, galR, galS, puuR, cadC, yqjI, hyfR, lldR
177 	 fnr, arcA, rob, narL, soxR, rhaR, galR, puuR, cadC, yqjI, hyfR, lldR
178 	 fnr, arcA, rob, narL, soxR, rhaR, galS, puuR, cadC, yqjI, hyfR, lldR
179 	 fnr, arcA, rob, narL, soxR, rhaR, galR, galS, puuR, cadC, yqjI, hyfR, lldR
180 	 fnr, arcA, rob, narL, soxR, rhaR, galS, puuR, cadC, yqjI, hyfR, lldR
181 	 fnr, arcA, rob, narL, soxR, rhaR, galR, galS, puuR, cadC, yqjI, hyfR, lldR
182 	 fnr, arcA, rob, narL, soxR, rhaR, puuR, cadC, yqjI, hyfR, lldR
183 	 fnr, arcA, rob, narL, soxR, rhaR, galR, puuR, cadC, yqjI, hyfR, lldR
184 	 fnr, arcA, rob, narL, soxR, rhaR, puuR, cadC, yqjI, hyfR, lldR
185 	 fnr, arcA, rob, narL, soxR, rhaR, galR, puuR, cadC, yqjI, hyfR, lldR
186 	 fnr, arcA, rob, narL, soxR, rhaR, galS, puuR, cadC, yqjI, idnR, hyfR, lldR
187 	 fnr, arcA, rob, narL, soxR, rhaR, galS, puuR, cadC, yqjI, fucR, hyfR, lldR
188 	 fnr, arcA, rob, narL, soxR, rhaR, galR, galS, puuR, cadC, yqjI, idnR, hyfR, lldR
189 	 fnr, arcA, rob, narL, soxR, galS, puuR, cadC, yqjI, idnR, fucR, hyfR, lldR
190 	 fnr, arcA, rob, narL, soxR, rhaR, puuR, cadC, yqjI, idnR, hyfR, lldR
191 	 fnr, arcA, rob, narL, soxR, rhaR, galS, puuR, cadC, yqjI, fucR, hyfR, lldR
192 	 fnr, arcA, rob, narL, soxR, rhaR, galS, puuR, cadC, yqjI, idnR, hyfR, lldR
193 	 fnr, arcA, rob, narL, soxR, rhaR, puuR, cadC, yqjI, fucR, hyfR, lldR
194 	 fnr, arcA, rob, narL, soxR, rhaR, galS, puuR, cadC, yqjI, idnR, hyfR, lldR
195 	 fnr, arcA, rob, narL, soxR, rhaR, galS, puuR, cadC, yqjI, fucR, hyfR, lldR
196 	 fnr, arcA, rob, narL, soxR, rhaR, puuR, cadC, yqjI, idnR, hyfR, lldR
197 	 fnr, arcA, rob, narL, soxR, rhaR, galS, puuR, cadC, yqjI, fucR, hyfR, lldR
198 	 fnr, arcA, rob, narL, soxR, rhaR, puuR, cadC, yqjI, idnR, hyfR, lldR
199 	 fnr, arcA, rob, narL, soxR, rhaR, puuR, cadC, yqjI, fucR, hyfR, lldR
200 	 fnr, arcA, rob, narL, soxR, rhaR, galR, galS, puuR, cadC, yqjI, idnR, hyfR, lldR
201 	 fnr, arcA, rob, narL, soxR, rhaR, galR, galS, puuR, cadC, yqjI, fucR, hyfR, lldR
202 	 fnr, arcA, rob, narL, soxR, rhaR, galR, puuR, cadC, yqjI, idnR, hyfR, lldR
203 	 fnr, arcA, rob, narL, soxR, rhaR, puuR, cadC, yqjI, fucR, hyfR, lldR
204 	 fnr, arcA, rob, narL, soxR, rhaR, galR, galS, puuR, cadC, yqjI, idnR, hyfR, lldR
205 	 fnr, arcA, rob, narL, soxR, rhaR, galR, galS, puuR, cadC, yqjI, fucR, hyfR, lldR
206 	 fnr, arcA, rob, narL, soxR, rhaR, galR, puuR, cadC, yqjI, idnR, hyfR, lldR
207 	 fnr, arcA, rob, narL, soxR, rhaR, galR, puuR, cadC, yqjI, fucR, hyfR, lldR
208 	 fnr, arcA, rob, narL, soxR, rhaR, galR, puuR, cadC, yqjI, idnR, hyfR, lldR
209 	 fnr, arcA, rob, narL, soxR, rhaR, galR, puuR, cadC, yqjI, fucR, hyfR, lldR
210 	 fnr, arcA, rob, narL, soxR, rhaR, galS, puuR, cadC, yqjI, idnR, hyfR, lldR
211 	 fnr, arcA, rob, narL, soxR, rhaR, galR, galS, puuR, cadC, yqjI, fucR, hyfR, lldR
212 	 fnr, arcA, rob, narL, soxR, rhaR, galS, puuR, cadC, yqjI, idnR, hyfR, lldR
213 	 fnr, arcA, rob, narL, soxR, rhaR, puuR, cadC, yqjI, fucR, hyfR, lldR
214 	 fnr, arcA, rob, narL, soxR, rhaR, puuR, cadC, yqjI, idnR, hyfR, lldR
215 	 fnr, arcA, rob, narL, soxR, rhaR, galR, galS, puuR, cadC, yqjI, fucR, hyfR, lldR
216 	 fnr, arcA, rob, narL, soxR, rhaR, galR, galS, puuR, cadC, yqjI, idnR, hyfR, lldR
217 	 fnr, arcA, rob, narL, soxR, rhaR, galR, puuR, cadC, yqjI, fucR, hyfR, lldR
218 	 fnr, arcA, rob, narL, soxR, rhaR, galR, puuR, cadC, yqjI, idnR, hyfR, lldR
219 	 fnr, arcA, rob, narL, soxR, rhaR, galR, puuR, cadC, yqjI, fucR, hyfR, lldR
220 	 fnr, arcA, rob, narL, soxR, rhaR, galS, puuR, cadC, yqjI, idnR, hyfR, lldR
221 	 fnr, arcA, rob, narL, soxR, rhaR, galS, puuR, cadC, yqjI, fucR, hyfR, lldR
222 	 fnr, arcA, rob, narL, soxR, rhaR, puuR, cadC, yqjI, idnR, hyfR, lldR
223 	 fnr, arcA, rob, narL, soxR, rhaR, galS, puuR, cadC, yqjI, fucR, hyfR, lldR
224 	 fnr, arcA, rob, narL, soxR, rhaR, galS, puuR, cadC, yqjI, idnR, hyfR, lldR
225 	 fnr, arcA, rob, narL, soxR, rhaR, galR, galS, puuR, cadC, yqjI, fucR, hyfR, lldR
226 	 fnr, arcA, rob, narL, soxR, rhaR, puuR, cadC, yqjI, idnR, hyfR, lldR
227 	 fnr, arcA, rob, narL, soxR, rhaR, galS, puuR, cadC, yqjI, fucR, hyfR, lldR
228 	 fnr, arcA, rob, narL, soxR, rhaR, galR, galS, puuR, cadC, yqjI, idnR, hyfR, lldR
229 	 fnr, arcA, rob, narL, soxR, rhaR, puuR, cadC, yqjI, fucR, hyfR, lldR
230 	 fnr, arcA, rob, narL, soxR, rhaR, galS, puuR, cadC, yqjI, idnR, hyfR, lldR
231 	 fnr, arcA, rob, narL, soxR, rhaR, puuR, cadC, yqjI, fucR, hyfR, lldR
232 	 fnr, arcA, rob, narL, soxR, rhaR, galR, galS, puuR, cadC, yqjI, idnR, hyfR, lldR
233 	 fnr, arcA, rob, narL, soxR, rhaR, galR, galS, puuR, cadC, yqjI, fucR, hyfR, lldR
234 	 fnr, arcA, rob, narL, soxR, rhaR, puuR, cadC, yqjI, idnR, hyfR, lldR
235 	 fnr, arcA, rob, narL, soxR, rhaR, galS, puuR, cadC, yqjI, fucR, hyfR, lldR
236 	 fnr, arcA, rob, narL, soxR, rhaR, galR, puuR, cadC, yqjI, idnR, hyfR, lldR
237 	 fnr, arcA, rob, narL, soxR, rhaR, galR, galS, puuR, cadC, yqjI, fucR, hyfR, lldR
238 	 fnr, arcA, rob, narL, soxR, rhaR, galR, puuR, cadC, yqjI, idnR, hyfR, lldR
239 	 fnr, arcA, rob, narL, soxR, rhaR, galR, puuR, cadC, yqjI, fucR, hyfR, lldR
240 	 fnr, arcA, rob, narL, soxR, rhaR, galR, galS, puuR, cadC, yqjI, idnR, hyfR, lldR
241 	 fnr, arcA, rob, narL, soxR, rhaR, puuR, cadC, yqjI, fucR, hyfR, lldR
242 	 fnr, arcA, rob, narL, soxR, rhaR, galR, puuR, cadC, yqjI, idnR, hyfR, lldR
243 	 fnr, arcA, rob, narL, soxR, rhaR, galR, puuR, cadC, yqjI, fucR, hyfR, lldR
244 	 fnr, arcA, rob, narL, soxR, rhaR, galR, galS, puuR, cadC, yqjI, idnR, hyfR, lldR
245 	 fnr, arcA, rob, narL, soxR, rhaR, galR, puuR, cadC, yqjI, fucR, hyfR, lldR
246 	 fnr, arcA, rob, narL, soxR, rhaR, puuR, cadC, yqjI, idnR, hyfR, lldR
247 	 fnr, arcA, rob, narL, soxR, rhaR, puuR, cadC, yqjI, fucR, hyfR, lldR
248 	 fnr, arcA, rob, narL, soxR, rhaR, galR, puuR, cadC, yqjI, idnR, hyfR, lldR
249 	 fnr, arcA, rob, narL, soxR, rhaR, galR, galS, puuR, cadC, yqjI, fucR, hyfR, lldR
250 	 fnr, arcA, rob, narL, soxR, rhaR, galR, puuR, cadC, yqjI, fucR, hyfR, lldR
251 	 fnr, arcA, rob, narL, soxR, galS, puuR, cadC, yqjI, idnR, fucR, hyfR, lldR
252 	 fnr, arcA, rob, narL, soxR, rhaR, galR, galS, puuR, cadC, yqjI, idnR, fucR, hyfR, betI, lldR
253 	 fnr, arcA, rob, narL, soxR, puuR, cadC, yqjI, idnR, fucR, hyfR, lldR
254 	 fnr, arcA, rob, narL, soxR, rhaR, puuR, cadC, yqjI, idnR, fucR, hyfR, betI, lldR
255 	 fnr, arcA, rob, narL, soxR, galS, puuR, cadC, yqjI, idnR, fucR, hyfR, lldR
256 	 fnr, arcA, rob, narL, soxR, rhaR, galR, puuR, cadC, yqjI, idnR, fucR, hyfR, betI, lldR
257 	 fnr, arcA, rob, narL, soxR, galS, puuR, cadC, yqjI, idnR, fucR, hyfR, lldR
258 	 fnr, arcA, rob, narL, soxR, rhaR, galS, puuR, cadC, yqjI, idnR, fucR, hyfR, betI, lldR
259 	 fnr, arcA, rob, narL, soxR, galR, galS, puuR, cadC, yqjI, idnR, fucR, hyfR, lldR
260 	 fnr, arcA, rob, narL, soxR, rhaR, puuR, cadC, yqjI, idnR, fucR, hyfR, betI, lldR
261 	 fnr, arcA, rob, narL, soxR, galR, galS, puuR, cadC, yqjI, idnR, fucR, hyfR, lldR
262 	 fnr, arcA, rob, narL, soxR, rhaR, galR, galS, puuR, cadC, yqjI, idnR, fucR, hyfR, betI, lldR
263 	 fnr, arcA, rob, narL, soxR, galR, galS, puuR, cadC, yqjI, idnR, fucR, hyfR, lldR
264 	 fnr, arcA, rob, narL, soxR, rhaR, galR, puuR, cadC, yqjI, idnR, fucR, hyfR, betI, lldR
265 	 fnr, arcA, rob, narL, soxR, galR, galS, puuR, cadC, yqjI, idnR, fucR, hyfR, lldR
266 	 fnr, arcA, rob, narL, soxR, puuR, cadC, yqjI, idnR, fucR, hyfR, lldR
267 	 fnr, arcA, rob, narL, soxR, galR, puuR, cadC, yqjI, idnR, fucR, hyfR, lldR
268 	 fnr, arcA, rob, narL, soxR, puuR, cadC, yqjI, idnR, fucR, hyfR, lldR
269 	 fnr, arcA, rob, narL, soxR, galR, puuR, cadC, yqjI, idnR, fucR, hyfR, lldR
270 	 fnr, arcA, rob, narL, soxR, galR, puuR, cadC, yqjI, idnR, fucR, hyfR, lldR
271 	 fnr, arcA, rob, narL, soxR, puuR, cadC, yqjI, idnR, fucR, hyfR, lldR
272 	 fnr, arcA, rob, narL, soxR, galR, puuR, cadC, yqjI, idnR, fucR, hyfR, lldR
273 	 fnr, arcA, rob, narL, soxR, galS, puuR, cadC, yqjI, idnR, fucR, hyfR, lldR
274 	 fnr, arcA, rob, narL, soxR, galS, puuR, cadC, yqjI, idnR, fucR, hyfR, lldR
275 	 fnr, arcA, rob, narL, soxR, puuR, cadC, yqjI, idnR, fucR, hyfR, lldR
276 	 fnr, arcA, rob, narL, soxR, galS, puuR, cadC, yqjI, idnR, fucR, hyfR, lldR
277 	 fnr, arcA, rob, narL, soxR, galS, puuR, cadC, yqjI, idnR, fucR, hyfR, lldR
278 	 fnr, arcA, rob, narL, soxR, galR, galS, puuR, cadC, yqjI, idnR, fucR, hyfR, lldR
279 	 fnr, arcA, rob, narL, soxR, galR, puuR, cadC, yqjI, idnR, fucR, hyfR, lldR
280 	 fnr, arcA, rob, narL, soxR, galR, galS, puuR, cadC, yqjI, idnR, fucR, hyfR, lldR
281 	 fnr, arcA, rob, narL, soxR, puuR, cadC, yqjI, idnR, fucR, hyfR, lldR
282 	 fnr, arcA, rob, narL, soxR, galR, galS, puuR, cadC, yqjI, idnR, fucR, hyfR, lldR
283 	 fnr, arcA, rob, narL, soxR, galR, galS, puuR, cadC, yqjI, idnR, fucR, hyfR, lldR
284 	 fnr, arcA, rob, narL, soxR, puuR, cadC, yqjI, idnR, fucR, hyfR, lldR
285 	 fnr, arcA, rob, narL, soxR, puuR, cadC, yqjI, idnR, fucR, hyfR, lldR
286 	 fnr, arcA, rob, narL, soxR, galR, puuR, cadC, yqjI, idnR, fucR, hyfR, lldR
287 	 fnr, arcA, rob, narL, soxR, galR, puuR, cadC, yqjI, idnR, fucR, hyfR, lldR
288 	 fnr, arcA, rob, narL, soxR, galR, puuR, cadC, yqjI, idnR, fucR, hyfR, lldR
289 	 fnr, arcA, rob, narL, soxR, rhaR, galS, puuR, cadC, yqjI, idnR, fucR, hyfR, lldR
290 	 fnr, arcA, rob, narL, soxR, rhaR, galS, puuR, cadC, yqjI, idnR, fucR, hyfR, lldR
291 	 fnr, arcA, rob, narL, soxR, rhaR, galS, puuR, cadC, yqjI, idnR, fucR, hyfR, lldR
292 	 fnr, arcA, rob, narL, soxR, rhaR, puuR, cadC, yqjI, idnR, fucR, hyfR, lldR
293 	 fnr, arcA, rob, narL, soxR, rhaR, puuR, cadC, yqjI, idnR, fucR, hyfR, lldR
294 	 fnr, arcA, rob, narL, soxR, rhaR, galS, puuR, cadC, yqjI, idnR, fucR, hyfR, lldR
295 	 fnr, arcA, rob, narL, soxR, rhaR, galR, galS, puuR, cadC, yqjI, idnR, fucR, hyfR, lldR
296 	 fnr, arcA, rob, narL, soxR, rhaR, puuR, cadC, yqjI, idnR, fucR, hyfR, lldR
297 	 fnr, arcA, rob, narL, soxR, rhaR, galR, galS, puuR, cadC, yqjI, idnR, fucR, hyfR, lldR
298 	 fnr, arcA, rob, narL, soxR, rhaR, galR, galS, puuR, cadC, yqjI, idnR, fucR, hyfR, lldR
299 	 fnr, arcA, rob, narL, soxR, rhaR, galR, puuR, cadC, yqjI, idnR, fucR, hyfR, lldR
300 	 fnr, arcA, rob, narL, soxR, rhaR, galR, galS, puuR, cadC, yqjI, idnR, fucR, hyfR, lldR
301 	 fnr, arcA, rob, narL, soxR, rhaR, galR, puuR, cadC, yqjI, idnR, fucR, hyfR, lldR
302 	 fnr, arcA, rob, narL, soxR, rhaR, galR, puuR, cadC, yqjI, idnR, fucR, hyfR, lldR
303 	 fnr, arcA, rob, narL, soxR, rhaR, puuR, cadC, yqjI, idnR, fucR, hyfR, lldR
304 	 fnr, arcA, rob, narL, soxR, rhaR, galR, puuR, cadC, yqjI, idnR, fucR, hyfR, lldR
305 	 fnr, arcA, rob, narL, soxR, rhaR, galS, puuR, cadC, yqjI, idnR, fucR, hyfR, lldR
306 	 fnr, arcA, rob, narL, soxR, rhaR, galS, puuR, cadC, yqjI, idnR, fucR, hyfR, lldR
307 	 fnr, arcA, rob, narL, soxR, rhaR, puuR, cadC, yqjI, idnR, fucR, hyfR, lldR
308 	 fnr, arcA, rob, narL, soxR, rhaR, galS, puuR, cadC, yqjI, idnR, fucR, hyfR, lldR
309 	 fnr, arcA, rob, narL, soxR, rhaR, puuR, cadC, yqjI, idnR, fucR, hyfR, lldR
310 	 fnr, arcA, rob, narL, soxR, rhaR, puuR, cadC, yqjI, idnR, fucR, hyfR, lldR
311 	 fnr, arcA, rob, narL, soxR, rhaR, galS, puuR, cadC, yqjI, idnR, fucR, hyfR, lldR
312 	 fnr, arcA, rob, narL, soxR, rhaR, galR, galS, puuR, cadC, yqjI, idnR, fucR, hyfR, lldR
313 	 fnr, arcA, rob, narL, soxR, rhaR, galR, galS, puuR, cadC, yqjI, idnR, fucR, hyfR, lldR
314 	 fnr, arcA, rob, narL, soxR, rhaR, galR, puuR, cadC, yqjI, idnR, fucR, hyfR, lldR
315 	 fnr, arcA, rob, narL, soxR, rhaR, galR, galS, puuR, cadC, yqjI, idnR, fucR, hyfR, lldR
316 	 fnr, arcA, rob, narL, soxR, rhaR, galR, puuR, cadC, yqjI, idnR, fucR, hyfR, lldR
317 	 fnr, arcA, rob, narL, soxR, rhaR, galR, puuR, cadC, yqjI, idnR, fucR, hyfR, lldR
318 	 fnr, arcA, rob, narL, soxR, rhaR, galR, galS, puuR, cadC, yqjI, idnR, fucR, hyfR, lldR
319 	 fnr, arcA, rob, narL, soxR, rhaR, puuR, cadC, yqjI, idnR, fucR, hyfR, lldR
320 	 fnr, arcA, rob, narL, soxR, rhaR, galR, puuR, cadC, yqjI, idnR, fucR, hyfR, lldR
