57 	 rhaS
108 	 idnR
116 	 rhaS, idnR
120 	 idnR
139 	 rhaS
193 	 rhaS
213 	 rhaS, idnR
216 	 idnR
218 	 rhaS
219 	 idnR
221 	 rhaS
227 	 idnR
246 	 idnR
248 	 idnR
250 	 idnR
252 	 rhaS
253 	 idnR
255 	 rhaS
259 	 rhaS
264 	 idnR
265 	 rhaS
267 	 rhaS
269 	 rhaS
271 	 rhaS
272 	 idnR
274 	 gadE, lrp, gadW, idnR
276 	 idnR
277 	 rhaS
279 	 gadE, lrp, gadW, rhaS
281 	 rhaS
283 	 gadE, lrp, gadW, idnR
285 	 idnR
287 	 gadE, lrp, gadW, rhaS
289 	 rhaS
291 	 idnR
293 	 idnR
295 	 rhaS
297 	 rhaS
299 	 idnR
301 	 idnR
303 	 rhaS
305 	 rhaS
309 	 idnR
311 	 idnR
312 	 idnR
313 	 idnR
314 	 idnR
315 	 idnR
316 	 rhaS
317 	 gadE, lrp, gadW, idnR
318 	 gadE, lrp, gadW, idnR
319 	 rhaS, idnR
322 	 rhaS, idnR
325 	 rhaS, idnR
328 	 rhaS, idnR
331 	 rhaS, idnR
334 	 rhaS, idnR
337 	 rhaS, idnR
340 	 rhaS, idnR
343 	 rhaS, idnR
346 	 rhaS, idnR
349 	 rhaS, idnR
352 	 rhaS
355 	 rhaS
358 	 rhaS
361 	 rhaS
364 	 rhaS, idnR
367 	 rhaS, idnR
370 	 rhaS, idnR
373 	 rhaS, idnR
376 	 rhaS, idnR
379 	 rhaS, idnR
382 	 rhaS
385 	 rhaS
388 	 rhaS, idnR
391 	 rhaS, idnR
430 	 gadE, lrp, gadW, rhaS
513 	 idnR
604 	 idnR
605 	 idnR
606 	 idnR
607 	 idnR
610 	 idnR
611 	 idnR
612 	 idnR
614 	 idnR
615 	 idnR
617 	 idnR
618 	 idnR
619 	 idnR
620 	 idnR
623 	 idnR
624 	 idnR
626 	 idnR
627 	 idnR
628 	 gadE, lrp, gadW, idnR
629 	 rhaS
631 	 gadE, lrp, gadW, idnR
632 	 rhaS, idnR
636 	 gadE, lrp, gadW, idnR
637 	 rhaS
638 	 gadE, lrp, gadW, idnR
639 	 rhaS, idnR
640 	 rhaS, idnR
642 	 rhaS, idnR
644 	 rhaS, idnR
645 	 idnR
646 	 rhaS
647 	 idnR
648 	 rhaS
649 	 idnR
650 	 rhaS, idnR
652 	 rhaS, idnR
654 	 rhaS
655 	 idnR
656 	 rhaS, idnR
658 	 rhaS
659 	 idnR
660 	 rhaS, idnR
662 	 rhaS, idnR
663 	 idnR
664 	 rhaS, idnR
665 	 idnR
666 	 rhaS
668 	 rhaS
670 	 rhaS, idnR
672 	 rhaS, idnR
673 	 idnR
674 	 rhaS
675 	 idnR
676 	 rhaS
677 	 idnR
678 	 rhaS, idnR
679 	 idnR
680 	 rhaS, idnR
682 	 rhaS
684 	 rhaS, idnR
686 	 rhaS
687 	 idnR
688 	 rhaS, idnR
690 	 rhaS
691 	 idnR
692 	 rhaS, idnR
693 	 idnR
694 	 rhaS
695 	 idnR
696 	 rhaS, idnR
698 	 gadE, lrp, gadW, rhaS, idnR
700 	 gadE, lrp, gadW, rhaS, idnR
702 	 gadE, lrp, gadW, rhaS
704 	 gadE, lrp, gadW, rhaS, idnR
706 	 gadE, lrp, gadW, rhaS
708 	 gadE, lrp, gadW, rhaS, idnR
710 	 gadE, lrp, gadW, rhaS
712 	 gadE, lrp, gadW, rhaS, idnR
714 	 gadE, lrp, gadW, rhaS, idnR
716 	 gadE, lrp, gadW, rhaS
718 	 gadE, lrp, gadW, rhaS, idnR
720 	 gadE, lrp, gadW, rhaS
722 	 gadE, lrp, gadW, rhaS, idnR
1610 	 rhaS
1612 	 rhaS
1614 	 rhaS
1616 	 rhaS, idnR
1618 	 rhaS, idnR
1620 	 rhaS
1622 	 rhaS
1624 	 rhaS, idnR
1626 	 rhaS, idnR
1628 	 rhaS
1630 	 rhaS
1632 	 rhaS
1634 	 rhaS, idnR
1636 	 rhaS
1638 	 rhaS, idnR
1640 	 rhaS, idnR
1642 	 rhaS
1644 	 rhaS, idnR
1646 	 rhaS, idnR
1648 	 rhaS, idnR
1650 	 rhaS
1652 	 rhaS, idnR
1654 	 rhaS
1656 	 rhaS
1658 	 rhaS
1660 	 rhaS, idnR
1662 	 rhaS
1664 	 rhaS, idnR
1666 	 rhaS, idnR
1668 	 rhaS, idnR
1670 	 rhaS
1672 	 rhaS, idnR
