16 	 zraR, araC
18 	 zraR, idnR
21 	 zraR
22 	 zraR, araC
24 	 zraR, araC
26 	 zraR, araC
28 	 zraR, rhaR, rhaS
33 	 zraR, araC
36 	 zraR, araC
39 	 zraR, fucR
42 	 zraR, araC, fucR
45 	 zraR, fucR
47 	 zraR, araC
48 	 zraR, araC, fucR
51 	 zraR, fucR
54 	 zraR, araC, fucR
57 	 zraR, fucR
60 	 zraR, araC, fucR
61 	 zraR, araC, idnR
63 	 zraR, idnR
67 	 zraR, araC
68 	 zraR, araC, idnR
69 	 zraR
70 	 zraR, melR
71 	 zraR, idnR
72 	 zraR, melR, araC
73 	 zraR, araC
74 	 zraR, araC, idnR
75 	 zraR
76 	 zraR, melR
77 	 zraR, idnR
78 	 zraR, melR, araC
79 	 zraR, araC
80 	 zraR, araC, idnR
81 	 zraR
82 	 zraR, melR
83 	 zraR, araC
84 	 zraR, melR, araC
86 	 zraR, melR
88 	 zraR, melR, araC
90 	 zraR, melR, fucR
92 	 zraR, melR, idnR
94 	 zraR, melR
95 	 zraR, araC
96 	 zraR, fucR
98 	 zraR, idnR
99 	 zraR, melR, araC, fucR
101 	 zraR, idnR, fucR
102 	 zraR, melR, araC
103 	 zraR, araC
104 	 zraR, araC, idnR
105 	 zraR, melR, fucR
107 	 zraR, araC, idnR, fucR
108 	 zraR, melR
110 	 zraR, idnR
111 	 zraR, melR, araC, fucR
113 	 zraR, melR, araC, idnR
114 	 zraR, araC, fucR
116 	 zraR, melR, araC
117 	 zraR, idnR, fucR
119 	 zraR, melR, idnR
120 	 zraR, fucR
122 	 zraR, melR
123 	 zraR, araC, idnR, fucR
125 	 zraR, melR, araC, idnR
126 	 zraR, araC, fucR
128 	 zraR, melR, araC
129 	 zraR, idnR, fucR
131 	 zraR, melR, idnR
132 	 zraR, fucR
134 	 zraR, melR
135 	 zraR, araC, idnR, fucR
137 	 zraR, melR, araC, idnR
138 	 zraR, araC, fucR
140 	 zraR, melR, araC
141 	 zraR, idnR, fucR
143 	 zraR, melR, idnR
144 	 zraR, fucR
146 	 zraR
147 	 zraR, fucR
149 	 zraR, araC
150 	 zraR, melR
151 	 zraR, araC, fucR
152 	 zraR
153 	 zraR, melR, araC
156 	 zraR, araC
158 	 zraR, melR
159 	 zraR
160 	 zraR, idnR
161 	 zraR, melR, araC
162 	 zraR, araC
164 	 zraR, melR
165 	 zraR
166 	 zraR, araC, idnR
167 	 zraR, melR, araC
168 	 zraR, araC
170 	 zraR, melR
172 	 zraR, idnR
173 	 zraR, melR, araC
174 	 zraR, araC, idnR
176 	 zraR, idnR
178 	 zraR, araC, idnR
180 	 zraR, idnR
182 	 zraR, araC, idnR
184 	 zraR, fucR
186 	 zraR, araC, fucR
188 	 zraR, fucR
190 	 zraR, araC, fucR
192 	 zraR, fucR
194 	 zraR, araC, fucR
196 	 zraR, araC, idnR, fucR
198 	 zraR, araC, fucR
200 	 zraR, melR, fucR
202 	 zraR, melR, araC, idnR
203 	 zraR, fucR
205 	 zraR, idnR, fucR
206 	 zraR, melR
207 	 zraR, araC
208 	 zraR, melR, araC, fucR
209 	 zraR, araC, idnR
211 	 zraR, melR, idnR
212 	 zraR, araC, fucR
213 	 zraR, araC
214 	 zraR, araC, idnR, fucR
215 	 zraR, melR, araC
217 	 zraR, fucR
218 	 zraR, melR, araC, idnR
219 	 zraR, araC
220 	 zraR, idnR
221 	 zraR, melR, fucR
223 	 zraR, idnR, fucR
224 	 zraR, melR
225 	 zraR, araC
226 	 zraR, melR, araC, fucR
227 	 zraR, araC, idnR
229 	 zraR, melR, idnR
230 	 zraR, araC, fucR
231 	 zraR, araC
232 	 zraR, araC, idnR, fucR
233 	 zraR, melR, araC
235 	 zraR, fucR
236 	 zraR, melR, araC, idnR
237 	 zraR, araC
238 	 zraR, idnR
239 	 zraR, melR, fucR
241 	 zraR, idnR, fucR
242 	 zraR, melR
243 	 zraR, araC
244 	 zraR, melR, araC, fucR
245 	 zraR, araC, idnR
247 	 zraR, melR, idnR
248 	 zraR, araC, fucR
249 	 zraR, araC
250 	 zraR, araC, idnR, fucR
251 	 zraR, melR, araC
253 	 zraR, fucR
254 	 zraR, melR, araC, idnR
256 	 zraR, idnR
257 	 zraR, melR, fucR
259 	 zraR, idnR, fucR
260 	 zraR, melR
262 	 zraR, melR, araC, fucR
263 	 zraR, idnR
264 	 zraR, araC, idnR, fucR
266 	 zraR, araC, idnR
269 	 zraR, araC, fucR
272 	 zraR, idnR
276 	 zraR, araC, idnR
277 	 zraR, melR, fucR
279 	 zraR, melR, idnR
280 	 zraR
282 	 zraR, araC, idnR
283 	 zraR, melR, araC
285 	 zraR, melR, araC, idnR
286 	 zraR, araC
288 	 zraR, melR, araC, fucR
289 	 zraR, idnR
291 	 zraR
292 	 zraR, idnR
294 	 zraR, araC
295 	 zraR, araC, idnR
297 	 zraR
298 	 zraR, idnR
300 	 zraR, araC
301 	 zraR, araC, idnR
303 	 zraR
304 	 zraR, idnR
306 	 zraR, araC
307 	 zraR, araC, idnR
309 	 zraR
310 	 zraR, idnR
311 	 zraR, melR
312 	 zraR, araC
313 	 zraR, araC, idnR
314 	 zraR, fucR
315 	 zraR, melR, fucR
316 	 zraR, idnR
317 	 zraR, melR, araC
318 	 zraR, melR, araC, fucR
319 	 zraR, araC, idnR
320 	 zraR, melR
321 	 zraR, melR, fucR
322 	 zraR, idnR
323 	 zraR, melR, araC
324 	 zraR, melR, araC, fucR
325 	 zraR, araC, idnR
326 	 zraR, melR
327 	 zraR, melR, fucR
328 	 zraR, idnR
329 	 zraR, melR, araC
330 	 zraR, melR, araC, fucR
331 	 zraR, araC, idnR
332 	 zraR, melR
333 	 zraR, melR, fucR
334 	 zraR, araC, fucR
335 	 zraR, melR, araC
336 	 zraR, melR, araC, fucR
337 	 zraR, fucR
338 	 zraR, melR
339 	 zraR, melR, fucR
340 	 zraR, araC, fucR
341 	 zraR, melR, araC
342 	 zraR, melR, araC, fucR
343 	 zraR, fucR
344 	 zraR, melR
345 	 zraR, melR, fucR
346 	 zraR, araC, fucR
347 	 zraR, melR, araC
348 	 zraR, melR, araC, fucR
349 	 zraR, fucR
350 	 zraR, melR
351 	 zraR, melR, fucR
352 	 zraR, araC, fucR
353 	 zraR, melR, araC
354 	 zraR, melR, araC, fucR
355 	 zraR, fucR
356 	 zraR, melR
357 	 zraR, melR, fucR
358 	 zraR, araC, fucR
359 	 zraR, melR, araC
360 	 zraR, melR, araC, fucR
361 	 zraR, fucR
362 	 zraR, araC, fucR
363 	 zraR, fucR
364 	 zraR, araC, fucR
365 	 zraR, melR, fucR
366 	 zraR, fucR
367 	 zraR, araC, fucR
368 	 zraR
369 	 zraR, melR, fucR
370 	 zraR, melR, idnR, fucR
375 	 zraR, araC
377 	 zraR, araC
379 	 zraR, araC
381 	 zraR, araC
382 	 zraR, araC, idnR
383 	 zraR, melR, araC, fucR
384 	 zraR, idnR
385 	 zraR, idnR, fucR
386 	 zraR, melR, fucR
387 	 zraR, araC
388 	 zraR, araC, idnR, fucR
389 	 zraR, melR, araC, fucR
390 	 zraR
391 	 zraR, idnR, fucR
392 	 zraR, melR, fucR
393 	 zraR, araC
394 	 zraR, araC, idnR, fucR
395 	 zraR, melR, araC, fucR
396 	 zraR
397 	 zraR, idnR, fucR
398 	 zraR, melR, fucR
399 	 zraR, araC
400 	 zraR, araC, idnR, fucR
401 	 zraR, melR, araC, fucR
402 	 zraR, fucR
403 	 zraR, idnR, fucR
404 	 zraR, melR, fucR
405 	 zraR, araC, fucR
406 	 zraR, araC, idnR, fucR
407 	 zraR, melR, araC, fucR
408 	 zraR, fucR
409 	 zraR, idnR, fucR
410 	 zraR, melR, fucR
411 	 zraR, araC, fucR
412 	 zraR, araC, idnR, fucR
413 	 zraR, melR, araC, fucR
414 	 zraR, fucR
415 	 zraR, melR, araC, idnR, fucR
417 	 zraR, idnR, fucR
418 	 zraR, melR, fucR
419 	 zraR, araC, fucR
420 	 zraR, araC, idnR, fucR
421 	 zraR, melR, araC, fucR
422 	 zraR, fucR
423 	 zraR, idnR, fucR
424 	 zraR, melR, fucR
425 	 zraR, araC, fucR
426 	 zraR, araC, idnR, fucR
427 	 zraR, melR, araC, fucR
428 	 zraR, fucR
429 	 zraR, idnR, fucR
430 	 zraR, araC, fucR
431 	 zraR, fucR
432 	 zraR, araC, idnR, fucR
434 	 zraR, melR, idnR, fucR
435 	 zraR, araC, fucR
436 	 zraR, fucR
438 	 zraR, araC, fucR
440 	 zraR, melR, araC, idnR, fucR
441 	 zraR, fucR
443 	 zraR, melR, idnR, fucR
444 	 zraR, araC, fucR
446 	 zraR, melR, araC, idnR, fucR
447 	 zraR, melR, araC, fucR
449 	 zraR, melR, idnR, fucR
450 	 zraR, melR
452 	 zraR, melR, araC
454 	 zraR, melR
456 	 zraR, melR, araC
458 	 zraR, melR
460 	 zraR, melR, araC
462 	 zraR, melR
464 	 zraR, melR, araC
466 	 zraR, melR
468 	 zraR, melR, araC
470 	 zraR, melR
472 	 zraR, melR, araC
474 	 zraR, melR
476 	 zraR, melR, araC
478 	 zraR, melR
480 	 zraR, melR, araC
482 	 zraR, melR, fucR
484 	 zraR, melR, araC, fucR
485 	 zraR, araC
486 	 zraR, melR, fucR
488 	 zraR, melR, araC, fucR
489 	 zraR, araC
490 	 zraR, melR, fucR
492 	 zraR, melR, araC, fucR
493 	 zraR, araC
494 	 zraR, melR, fucR
495 	 zraR, fucR
496 	 zraR, melR, araC, fucR
497 	 zraR, araC, fucR
498 	 zraR, melR, fucR
499 	 zraR, fucR
500 	 zraR, melR, araC, fucR
501 	 zraR, araC, fucR
502 	 zraR, melR, fucR
503 	 zraR, fucR
504 	 zraR, melR, araC, fucR
505 	 zraR, araC, fucR
506 	 zraR, melR, fucR
507 	 zraR, fucR
508 	 zraR, melR, araC, fucR
509 	 zraR, araC, fucR
510 	 zraR, melR, fucR
511 	 zraR, fucR
512 	 zraR, melR, araC, fucR
513 	 zraR, araC, fucR
514 	 zraR, fucR
515 	 zraR, melR, araC, idnR, fucR
516 	 zraR, araC, fucR
517 	 zraR, melR, idnR, fucR
518 	 zraR, fucR
519 	 zraR, melR, araC, idnR, fucR
520 	 zraR, araC, fucR
521 	 zraR, melR, idnR, fucR
522 	 zraR, fucR
523 	 zraR, melR, araC, idnR, fucR
524 	 zraR, araC, fucR
525 	 zraR, melR, idnR, fucR
527 	 zraR, melR, araC, idnR, fucR
528 	 zraR, araC
529 	 zraR, melR, idnR, fucR
531 	 zraR, melR, araC, idnR, fucR
532 	 zraR, araC
533 	 zraR, melR, idnR
535 	 zraR, melR, araC, idnR
536 	 zraR, araC
537 	 zraR, melR, idnR
539 	 zraR, melR, araC, idnR
540 	 zraR, araC
541 	 zraR, melR, idnR
543 	 zraR, melR, araC, idnR
544 	 zraR, araC
545 	 zraR, melR, idnR
547 	 zraR, melR, araC, idnR
548 	 zraR, araC
549 	 zraR, melR, idnR
551 	 zraR, melR, araC, idnR
552 	 zraR, araC
553 	 zraR, melR, idnR
555 	 zraR, melR, araC, idnR
556 	 zraR, araC
557 	 zraR, melR, idnR
558 	 zraR, fucR
559 	 zraR, melR, araC, idnR
560 	 zraR, araC, fucR
561 	 zraR, melR, idnR
562 	 zraR, fucR
563 	 zraR, melR, araC, idnR
564 	 zraR, araC, fucR
565 	 zraR, melR, idnR, fucR
566 	 zraR, fucR
567 	 zraR, melR, araC, idnR, fucR
568 	 zraR, araC, fucR
569 	 zraR, melR, idnR, fucR
570 	 zraR, fucR
571 	 zraR, melR, araC, idnR, fucR
572 	 zraR, araC, fucR
573 	 zraR, melR, idnR, fucR
574 	 zraR, fucR
575 	 zraR, melR, araC, idnR, fucR
576 	 zraR, araC, fucR
577 	 zraR, melR, idnR, fucR
578 	 zraR, fucR
579 	 zraR, melR, araC, idnR, fucR
580 	 zraR, araC, fucR
581 	 zraR, melR, idnR, fucR
582 	 zraR, fucR
583 	 zraR, melR, araC, idnR, fucR
584 	 zraR, araC, fucR
585 	 zraR, melR, idnR, fucR
586 	 zraR, fucR
587 	 zraR, melR, araC, idnR, fucR
588 	 zraR, araC, fucR
589 	 zraR, melR, idnR, fucR
590 	 zraR
591 	 zraR, melR, araC, idnR, fucR
592 	 zraR, araC
593 	 zraR, melR, idnR, fucR
594 	 zraR
595 	 zraR, melR, araC, idnR, fucR
596 	 zraR, araC
597 	 zraR, idnR
599 	 zraR, araC, idnR
601 	 zraR, idnR, fucR
603 	 zraR, araC, idnR, fucR
605 	 zraR, idnR, fucR
607 	 zraR, araC, idnR, fucR
609 	 zraR, idnR, fucR
611 	 zraR, araC, idnR, fucR
613 	 zraR, idnR, fucR
615 	 zraR, araC, idnR, fucR
617 	 zraR, idnR, fucR
619 	 zraR, araC, idnR, fucR
621 	 zraR, idnR, fucR
623 	 zraR, araC, idnR, fucR
625 	 zraR, idnR, fucR
627 	 zraR, araC, idnR
628 	 zraR, melR
629 	 zraR, araC, idnR, fucR
630 	 zraR, melR, araC
631 	 zraR, idnR, fucR
632 	 zraR, melR
633 	 zraR, araC, idnR, fucR
634 	 zraR, melR, araC
635 	 zraR, idnR
636 	 zraR, melR
637 	 zraR, araC, idnR
638 	 zraR, melR, araC
639 	 zraR, idnR
640 	 zraR, melR
641 	 zraR, araC, idnR
642 	 zraR, melR, araC
643 	 zraR, idnR
644 	 zraR, melR
645 	 zraR, araC, idnR
646 	 zraR, melR, araC
647 	 zraR, idnR
648 	 zraR, melR
649 	 zraR, araC, idnR
650 	 zraR, melR, araC
651 	 zraR, idnR
652 	 zraR, melR
653 	 zraR, araC, idnR
654 	 zraR, melR, araC
655 	 zraR, idnR
656 	 zraR, melR
657 	 zraR, araC, idnR
658 	 zraR, melR, araC
659 	 zraR, idnR
660 	 zraR, melR, fucR
661 	 zraR, idnR
662 	 zraR, melR, araC, fucR
663 	 zraR, araC, idnR
664 	 zraR, melR, fucR
665 	 zraR, araC, idnR
666 	 zraR, melR, fucR
667 	 zraR, idnR, fucR
668 	 zraR, melR, araC, fucR
669 	 zraR, araC, idnR, fucR
670 	 zraR, melR, araC, fucR
671 	 zraR, idnR, fucR
672 	 zraR, melR, fucR
673 	 zraR, araC, idnR, fucR
674 	 zraR, melR, araC, fucR
675 	 zraR, idnR, fucR
676 	 zraR, melR, fucR
677 	 zraR, araC, idnR, fucR
678 	 zraR, melR, araC, fucR
679 	 zraR, idnR, fucR
680 	 zraR, melR, fucR
681 	 zraR, araC, idnR, fucR
682 	 zraR, melR, araC, fucR
683 	 zraR, idnR, fucR
684 	 zraR, melR, fucR
685 	 zraR, araC, idnR, fucR
687 	 zraR, idnR, fucR
689 	 zraR, araC, idnR, fucR
691 	 zraR, idnR, fucR
693 	 zraR, araC, idnR, fucR
695 	 zraR, idnR, fucR
697 	 zraR, araC, idnR, fucR
699 	 zraR, melR, idnR
701 	 zraR, melR, araC, idnR
703 	 zraR, melR, idnR
705 	 zraR, melR, araC, idnR
707 	 zraR, melR, idnR
709 	 zraR, melR, araC, idnR
711 	 zraR, melR, idnR
713 	 zraR, melR, araC, idnR
715 	 zraR, melR, idnR
717 	 zraR, melR, araC, idnR
719 	 zraR, melR, idnR
720 	 zraR, idnR
721 	 zraR, melR, araC, idnR
722 	 zraR, araC, idnR
723 	 zraR, melR, araC, fucR
724 	 zraR
725 	 zraR, araC
726 	 zraR, melR, idnR
727 	 zraR
728 	 zraR, melR, araC, idnR
729 	 zraR, araC
730 	 zraR, melR, idnR
731 	 zraR
732 	 zraR, melR, araC, idnR
733 	 zraR, araC
734 	 zraR, melR, idnR, fucR
735 	 zraR
736 	 zraR, melR, araC, idnR, fucR
737 	 zraR, araC
738 	 zraR, melR, idnR, fucR
739 	 zraR
740 	 zraR, melR, araC, idnR, fucR
741 	 zraR, araC
742 	 zraR, melR, idnR, fucR
743 	 zraR
744 	 zraR, melR, araC, idnR, fucR
745 	 zraR, araC
746 	 zraR, melR, idnR, fucR
747 	 zraR, fucR
748 	 zraR, melR, araC, idnR, fucR
749 	 zraR, araC, fucR
750 	 zraR, melR, idnR, fucR
751 	 zraR, fucR
752 	 zraR, melR, araC, idnR, fucR
753 	 zraR, araC, fucR
754 	 zraR, melR, idnR, fucR
755 	 zraR, fucR
756 	 zraR, melR, araC, idnR, fucR
757 	 zraR, araC, fucR
758 	 zraR, melR, idnR, fucR
759 	 zraR, fucR
760 	 zraR, melR, araC, idnR, fucR
761 	 zraR, araC, fucR
762 	 zraR, melR, idnR, fucR
763 	 zraR, fucR
764 	 zraR, melR, araC, idnR, fucR
765 	 zraR, araC, fucR
766 	 zraR, melR, idnR
767 	 zraR, fucR
768 	 zraR, melR, araC, idnR
769 	 zraR, araC, fucR
770 	 zraR, melR, idnR
771 	 zraR, fucR
772 	 zraR, melR, araC, idnR
773 	 zraR, araC, fucR
774 	 zraR, melR, idnR
775 	 zraR, fucR
776 	 zraR, melR, araC, idnR
777 	 zraR, araC, fucR
778 	 zraR, melR, idnR
779 	 zraR
780 	 zraR, melR, araC, idnR
781 	 zraR, araC
782 	 zraR, melR, idnR
783 	 zraR
784 	 zraR, melR, araC, idnR
785 	 zraR, araC
786 	 zraR, melR, idnR
787 	 zraR
788 	 zraR, melR, araC, idnR
789 	 zraR, araC
790 	 zraR, melR, idnR
791 	 zraR
792 	 zraR, melR, araC, idnR
793 	 zraR, araC
794 	 zraR, melR, idnR
795 	 zraR
796 	 zraR, melR, araC, idnR
797 	 zraR, araC
798 	 zraR, melR, idnR, fucR
799 	 zraR
800 	 zraR, melR, araC, idnR, fucR
801 	 zraR, araC
802 	 zraR, melR, idnR, fucR
803 	 zraR
804 	 zraR, melR, araC, idnR, fucR
805 	 zraR, araC
806 	 zraR, melR, idnR, fucR
807 	 zraR
808 	 zraR, melR, araC, idnR, fucR
809 	 zraR, araC
810 	 zraR, melR, idnR, fucR
811 	 zraR, fucR
812 	 zraR, melR, araC, idnR, fucR
813 	 zraR, araC, fucR
814 	 zraR, melR, idnR, fucR
815 	 zraR, fucR
816 	 zraR, melR, araC, idnR, fucR
817 	 zraR, araC, fucR
818 	 zraR, melR, idnR, fucR
819 	 zraR, fucR
820 	 zraR, melR, araC, idnR, fucR
821 	 zraR, araC, fucR
822 	 zraR, melR, idnR, fucR
823 	 zraR, fucR
824 	 zraR, melR, araC, idnR, fucR
825 	 zraR, araC, fucR
826 	 zraR, melR, idnR, fucR
827 	 zraR, fucR
828 	 zraR, melR, araC, idnR, fucR
829 	 zraR, araC, fucR
830 	 zraR, fucR
831 	 zraR, araC, fucR
832 	 zraR, fucR
833 	 zraR, araC, fucR
834 	 zraR, fucR
835 	 zraR, araC, fucR
836 	 zraR, melR, fucR
837 	 zraR, idnR
838 	 zraR, melR, araC, fucR
839 	 zraR, melR
840 	 zraR, araC, idnR
841 	 zraR, melR, araC
842 	 zraR, idnR
843 	 zraR, melR
844 	 zraR, araC, idnR
845 	 zraR, melR, araC
846 	 zraR, idnR
847 	 zraR, melR
848 	 zraR, araC, idnR
849 	 zraR, melR, araC
850 	 zraR, idnR
851 	 zraR, melR
852 	 zraR, araC, idnR
853 	 zraR, melR, araC
854 	 zraR, idnR
855 	 zraR, melR
856 	 zraR, araC, idnR
857 	 zraR, melR, araC
858 	 zraR, idnR
859 	 zraR, melR
860 	 zraR, araC, idnR
861 	 zraR, melR, araC
862 	 zraR, idnR, fucR
863 	 zraR, melR
864 	 zraR, araC, idnR, fucR
865 	 zraR, melR, araC
866 	 zraR, idnR, fucR
867 	 zraR, melR
868 	 zraR, araC, idnR, fucR
869 	 zraR, melR, araC
870 	 zraR, idnR, fucR
871 	 zraR, melR, fucR
872 	 zraR, araC, idnR, fucR
873 	 zraR, melR, araC, fucR
874 	 zraR, idnR, fucR
875 	 zraR, melR, fucR
876 	 zraR, araC, idnR, fucR
877 	 zraR, melR, araC, fucR
878 	 zraR, idnR, fucR
879 	 zraR, melR, fucR
880 	 zraR, araC, idnR, fucR
881 	 zraR, melR, araC, fucR
882 	 zraR, idnR, fucR
883 	 zraR, melR, fucR
884 	 zraR, araC, idnR, fucR
885 	 zraR, melR, araC, fucR
886 	 zraR, idnR, fucR
887 	 zraR, melR, fucR
888 	 zraR, araC, idnR, fucR
889 	 zraR, melR, araC, fucR
890 	 zraR, idnR, fucR
891 	 zraR, melR, fucR
892 	 zraR, araC, idnR, fucR
893 	 zraR, melR, araC, fucR
894 	 zraR, idnR
895 	 zraR, melR, fucR
896 	 zraR, araC, idnR
897 	 zraR, melR, araC, fucR
898 	 zraR, idnR
899 	 zraR, melR, fucR
900 	 zraR, araC, idnR
901 	 zraR, melR, araC, fucR
902 	 zraR, idnR
903 	 zraR, melR
904 	 zraR, araC, idnR
905 	 zraR, melR, araC
906 	 zraR, idnR
907 	 zraR, melR
908 	 zraR, araC, idnR
909 	 zraR, melR, araC
910 	 zraR, idnR
911 	 zraR, melR
912 	 zraR, araC, idnR
913 	 zraR, melR, araC
914 	 zraR, idnR
915 	 zraR, melR
916 	 zraR, araC, idnR
917 	 zraR, idnR
918 	 zraR, melR, araC
919 	 zraR, araC, idnR
920 	 zraR, melR
921 	 zraR, idnR
922 	 zraR, melR, araC
923 	 zraR, araC, idnR
924 	 zraR, melR
925 	 zraR, idnR, fucR
926 	 zraR, melR, araC
927 	 zraR, araC, idnR, fucR
928 	 zraR, melR
929 	 zraR, idnR, fucR
930 	 zraR, melR, araC
931 	 zraR, araC, idnR, fucR
932 	 zraR, melR
933 	 zraR, idnR, fucR
934 	 zraR, melR, araC
935 	 zraR, araC, idnR, fucR
936 	 zraR, melR, fucR
937 	 zraR, idnR, fucR
938 	 zraR, melR, araC, fucR
939 	 zraR, araC, idnR, fucR
940 	 zraR, melR, fucR
941 	 zraR, idnR, fucR
942 	 zraR, melR, araC, fucR
943 	 zraR, araC, idnR, fucR
944 	 zraR, melR, fucR
945 	 zraR, idnR, fucR
946 	 zraR, melR, araC, fucR
947 	 zraR, araC, idnR, fucR
948 	 zraR, melR, fucR
949 	 zraR, idnR, fucR
950 	 zraR, melR, araC, fucR
951 	 zraR, araC, idnR, fucR
952 	 zraR, melR, fucR
953 	 zraR, idnR, fucR
954 	 zraR, melR, araC, fucR
955 	 zraR, araC, idnR, fucR
956 	 zraR, melR, fucR
957 	 zraR, idnR
958 	 zraR, melR, araC, fucR
959 	 zraR, araC, idnR
960 	 zraR, melR, fucR
961 	 zraR, idnR
962 	 zraR, melR, araC, fucR
963 	 zraR, araC, idnR
964 	 zraR, melR, fucR
965 	 zraR, idnR
966 	 zraR, melR, araC, fucR
967 	 zraR, araC, idnR
968 	 zraR, melR
969 	 zraR, idnR
970 	 zraR, melR, araC
971 	 zraR, araC, idnR
972 	 zraR, melR
973 	 zraR, idnR
974 	 zraR, melR, araC
975 	 zraR, araC, idnR
976 	 zraR, melR
977 	 zraR, idnR
978 	 zraR, melR, araC
979 	 zraR, araC, idnR
980 	 zraR, melR
981 	 zraR, idnR
982 	 zraR, melR, araC
983 	 zraR, araC, idnR
984 	 zraR, melR
985 	 zraR, idnR
986 	 zraR, melR, araC
987 	 zraR, araC, idnR
988 	 zraR, melR
989 	 zraR, idnR, fucR
990 	 zraR, melR, araC
991 	 zraR, araC, idnR, fucR
992 	 zraR, melR
993 	 zraR, idnR, fucR
994 	 zraR, melR, araC
995 	 zraR, araC, idnR, fucR
996 	 zraR, melR
997 	 zraR, idnR, fucR
998 	 zraR, melR, araC
999 	 zraR, araC, idnR, fucR
1000 	 zraR, melR, fucR
1001 	 zraR, idnR, fucR
1002 	 zraR, melR, araC, fucR
1003 	 zraR, araC, idnR, fucR
1004 	 zraR, melR, fucR
1005 	 zraR, idnR, fucR
1006 	 zraR, melR, araC, fucR
1007 	 zraR, araC, idnR, fucR
1008 	 zraR, melR, fucR
1009 	 zraR, idnR, fucR
1010 	 zraR, melR, araC, fucR
1011 	 zraR, araC, idnR, fucR
1012 	 zraR, melR, fucR
1013 	 zraR, idnR, fucR
1014 	 zraR, melR, araC, fucR
1015 	 zraR, araC, idnR, fucR
1016 	 zraR, melR, fucR
1017 	 zraR, idnR, fucR
1018 	 zraR, melR, araC, fucR
1019 	 zraR, araC, idnR, fucR
1020 	 zraR, melR, fucR
1021 	 zraR, idnR
1022 	 zraR, melR, araC, fucR
1023 	 zraR, araC, idnR
1024 	 zraR, melR, fucR
1025 	 zraR, idnR
1026 	 zraR, melR, araC, fucR
1027 	 zraR, araC, idnR
1028 	 zraR, melR, fucR
1029 	 zraR, idnR
1030 	 zraR, melR, araC, fucR
1031 	 zraR, araC, idnR
1032 	 zraR, idnR
1033 	 zraR, araC, idnR
1034 	 zraR, idnR
1035 	 zraR, idnR, fucR
1036 	 zraR, araC, idnR
1037 	 zraR, idnR
1038 	 zraR, araC, idnR
1039 	 zraR, idnR
1040 	 zraR, araC, idnR
1041 	 zraR, idnR
1042 	 zraR, araC, idnR
1043 	 zraR, araC, idnR, fucR
1044 	 zraR, idnR, fucR
1045 	 zraR, araC, idnR, fucR
1046 	 zraR, idnR, fucR
1047 	 zraR, araC, idnR, fucR
1048 	 zraR, idnR, fucR
1049 	 zraR, araC, idnR, fucR
1050 	 zraR, idnR, fucR
1051 	 zraR, araC, idnR, fucR
1052 	 zraR, idnR, fucR
1053 	 zraR, araC, idnR, fucR
1054 	 zraR, idnR, fucR
1055 	 zraR, araC, idnR, fucR
1056 	 zraR, idnR, fucR
1057 	 zraR, araC, idnR, fucR
1058 	 zraR, melR, idnR
1059 	 zraR, melR, araC, idnR
1060 	 zraR, melR, idnR
1061 	 zraR, melR, araC, idnR
1062 	 zraR, melR, idnR
1063 	 zraR, melR, araC, idnR
1064 	 zraR, melR, idnR
1065 	 zraR, melR, araC, idnR
1066 	 zraR, melR, idnR
1067 	 zraR, melR, araC, idnR
1068 	 zraR, melR, idnR
1069 	 zraR, melR, araC, idnR
1070 	 zraR, melR, idnR
1071 	 zraR, melR, araC, idnR
1072 	 zraR, melR, idnR
1073 	 zraR, melR, araC, idnR
1074 	 zraR, melR, idnR, fucR
1075 	 zraR, melR, araC, idnR, fucR
1076 	 zraR, melR, idnR, fucR
1077 	 zraR, melR, araC, idnR, fucR
1078 	 zraR, melR, idnR, fucR
1079 	 zraR, melR, araC, idnR, fucR
1080 	 zraR, melR, idnR, fucR
1081 	 zraR, melR, araC, idnR, fucR
1082 	 zraR, melR, idnR, fucR
1083 	 zraR, melR, araC, idnR, fucR
1084 	 zraR, melR, idnR, fucR
1085 	 zraR, melR, araC, idnR, fucR
1086 	 zraR, melR, idnR, fucR
1087 	 zraR, melR, araC, idnR, fucR
1088 	 zraR, melR, idnR, fucR
1089 	 zraR, melR, araC, idnR, fucR
1090 	 zraR, melR, idnR
1091 	 zraR, melR, araC, idnR
1092 	 zraR, melR, idnR
1093 	 zraR, melR, araC, idnR
1094 	 zraR, melR, idnR
1095 	 zraR, melR, araC, idnR
1096 	 zraR, melR, idnR
1097 	 zraR, melR, araC, idnR
1098 	 zraR, melR, idnR
1099 	 zraR, melR, araC, idnR
1100 	 zraR, melR, idnR
1101 	 zraR, melR, araC, idnR
1102 	 zraR, melR, idnR
1103 	 zraR, melR, araC, idnR
1104 	 zraR, melR, idnR
1105 	 zraR, melR, araC, idnR
1106 	 zraR, melR, idnR, fucR
1107 	 zraR, melR, araC, idnR, fucR
1108 	 zraR, melR, idnR, fucR
1109 	 zraR, melR, araC, idnR, fucR
1110 	 zraR, melR, idnR, fucR
1111 	 zraR, melR, araC, idnR, fucR
1112 	 zraR, melR, idnR, fucR
1113 	 zraR, melR, araC, idnR, fucR
1114 	 zraR, melR, idnR, fucR
1115 	 zraR, melR, araC, idnR, fucR
1116 	 zraR, melR, idnR, fucR
1117 	 zraR, melR, araC, idnR, fucR
1118 	 zraR, melR, idnR, fucR
1119 	 zraR, melR, araC, idnR, fucR
1120 	 zraR, melR, idnR, fucR
1121 	 zraR, melR, araC, idnR, fucR
1122 	 zraR, melR, idnR
1123 	 zraR, melR, araC, idnR
1124 	 zraR, melR, idnR
1125 	 zraR, melR, araC, idnR
1126 	 zraR, melR, idnR
1127 	 zraR, melR, araC, idnR
1128 	 zraR, melR, idnR
1129 	 zraR, melR, araC, idnR
1130 	 zraR, melR, idnR
1131 	 zraR, melR, araC, idnR
1132 	 zraR, melR, idnR
1133 	 zraR, melR, araC, idnR
1134 	 zraR, melR, idnR
1135 	 zraR, melR, araC, idnR
1136 	 zraR, melR, idnR
1137 	 zraR, melR, araC, idnR
1138 	 zraR, melR, idnR, fucR
1139 	 zraR, melR, araC, idnR, fucR
1140 	 zraR, melR, idnR, fucR
1141 	 zraR, melR, araC, idnR, fucR
1142 	 zraR, melR, idnR, fucR
1143 	 zraR, melR, araC, idnR, fucR
1144 	 zraR, melR, idnR, fucR
1145 	 zraR, melR, araC, idnR, fucR
1146 	 zraR, melR, idnR, fucR
1147 	 zraR, melR, araC, idnR, fucR
1148 	 zraR, melR, idnR, fucR
1149 	 zraR, melR, araC, idnR, fucR
1150 	 zraR, melR, idnR, fucR
1151 	 zraR, melR, araC, idnR, fucR
1152 	 zraR, melR, idnR, fucR
1153 	 zraR, melR, araC, idnR, fucR
1154 	 zraR, melR, idnR
1155 	 zraR, melR, araC, idnR
1156 	 zraR, melR, idnR
1157 	 zraR, melR, araC, idnR
1158 	 zraR, melR, idnR
1159 	 zraR, melR, araC, idnR
1160 	 zraR, melR, idnR
1161 	 zraR, melR, araC, idnR
1162 	 zraR, melR, idnR
1163 	 zraR, melR, araC, idnR
1164 	 zraR, melR, idnR
1165 	 zraR, melR, araC, idnR
1166 	 zraR, melR, idnR
1167 	 zraR, melR, araC, idnR
1168 	 zraR, melR, idnR
1169 	 zraR, melR, araC, idnR
1170 	 zraR, melR, idnR, fucR
1171 	 zraR, melR, araC, idnR, fucR
1172 	 zraR, melR, idnR, fucR
1173 	 zraR, melR, araC, idnR, fucR
1174 	 zraR, melR, idnR, fucR
1175 	 zraR, melR, araC, idnR, fucR
1176 	 zraR, melR, idnR, fucR
1177 	 zraR, melR, araC, idnR, fucR
1178 	 zraR, melR, idnR, fucR
1179 	 zraR, melR, araC, idnR, fucR
1180 	 zraR, melR, idnR, fucR
1181 	 zraR, melR, araC, idnR, fucR
1182 	 zraR, melR, idnR, fucR
1183 	 zraR, melR, araC, idnR, fucR
1184 	 zraR, melR, idnR, fucR
1185 	 zraR, melR, araC, idnR, fucR
1186 	 zraR, araC, rhaR, rhaS
1187 	 zraR, rhaR, rhaS
1188 	 zraR, araC, rhaR, rhaS
1189 	 zraR, rhaR, rhaS
1190 	 zraR, rhaR, rhaS
1191 	 zraR, araC, rhaR, rhaS
1192 	 zraR, araC, rhaR, rhaS
1193 	 zraR, rhaR, rhaS
1194 	 zraR, rhaR, rhaS
1195 	 zraR, araC, rhaR, rhaS
1196 	 zraR, araC, rhaR, rhaS
1197 	 zraR, rhaR, rhaS
1198 	 zraR, rhaR, rhaS
1199 	 zraR, araC, rhaR, rhaS
1200 	 zraR, araC, rhaR, rhaS
1201 	 zraR, fucR, rhaR, rhaS
1202 	 zraR, araC, fucR, rhaR, rhaS
1203 	 zraR, fucR, rhaR, rhaS
1204 	 zraR, araC, fucR, rhaR, rhaS
1205 	 zraR, fucR, rhaR, rhaS
1206 	 zraR, fucR, rhaR, rhaS
1207 	 zraR, araC, fucR, rhaR, rhaS
1208 	 zraR, araC, fucR, rhaR, rhaS
1209 	 zraR, fucR, rhaR, rhaS
1210 	 zraR, fucR, rhaR, rhaS
1211 	 zraR, araC, fucR, rhaR, rhaS
1212 	 zraR, araC, fucR, rhaR, rhaS
1213 	 zraR, fucR, rhaR, rhaS
1214 	 zraR, fucR, rhaR, rhaS
1215 	 zraR, araC, fucR, rhaR, rhaS
1216 	 zraR, araC, fucR, rhaR, rhaS
1217 	 zraR, rhaR, rhaS
1218 	 zraR, araC, rhaR, rhaS
1219 	 zraR, rhaR, rhaS
1220 	 zraR, araC, rhaR, rhaS
1221 	 zraR, rhaR, rhaS
1222 	 zraR, rhaR, rhaS
1223 	 zraR, araC, rhaR, rhaS
1224 	 zraR, araC, rhaR, rhaS
1225 	 zraR, rhaR, rhaS
1226 	 zraR, rhaR, rhaS
1227 	 zraR, araC, rhaR, rhaS
1228 	 zraR, araC, rhaR, rhaS
1229 	 zraR, rhaR, rhaS
1230 	 zraR, rhaR, rhaS
1231 	 zraR, araC, rhaR, rhaS
1232 	 zraR, araC, rhaR, rhaS
1233 	 zraR, fucR, rhaR, rhaS
1234 	 zraR, araC, fucR, rhaR, rhaS
1235 	 zraR, fucR, rhaR, rhaS
1236 	 zraR, araC, fucR, rhaR, rhaS
1237 	 zraR, fucR, rhaR, rhaS
1238 	 zraR, fucR, rhaR, rhaS
1239 	 zraR, araC, fucR, rhaR, rhaS
1240 	 zraR, araC, fucR, rhaR, rhaS
1241 	 zraR, fucR, rhaR, rhaS
1242 	 zraR, fucR, rhaR, rhaS
1243 	 zraR, araC, fucR, rhaR, rhaS
1244 	 zraR, araC, fucR, rhaR, rhaS
1245 	 zraR, fucR, rhaR, rhaS
1246 	 zraR, fucR, rhaR, rhaS
1247 	 zraR, araC, fucR, rhaR, rhaS
1248 	 zraR, araC, fucR, rhaR, rhaS
1249 	 zraR, rhaR, rhaS
1250 	 zraR, araC, rhaR, rhaS
1251 	 zraR, rhaR, rhaS
1252 	 zraR, araC, rhaR, rhaS
1253 	 zraR, rhaR, rhaS
1254 	 zraR, rhaR, rhaS
1255 	 zraR, araC, rhaR, rhaS
1256 	 zraR, araC, rhaR, rhaS
1257 	 zraR, rhaR, rhaS
1258 	 zraR, rhaR, rhaS
1259 	 zraR, araC, rhaR, rhaS
1260 	 zraR, araC, rhaR, rhaS
1261 	 zraR, rhaR, rhaS
1262 	 zraR, rhaR, rhaS
1263 	 zraR, araC, rhaR, rhaS
1264 	 zraR, araC, rhaR, rhaS
1265 	 zraR, fucR, rhaR, rhaS
1266 	 zraR, araC, fucR, rhaR, rhaS
1267 	 zraR, fucR, rhaR, rhaS
1268 	 zraR, araC, fucR, rhaR, rhaS
1269 	 zraR, fucR, rhaR, rhaS
1270 	 zraR, fucR, rhaR, rhaS
1271 	 zraR, araC, fucR, rhaR, rhaS
1272 	 zraR, araC, fucR, rhaR, rhaS
1273 	 zraR, fucR, rhaR, rhaS
1274 	 zraR, fucR, rhaR, rhaS
1275 	 zraR, araC, fucR, rhaR, rhaS
1276 	 zraR, araC, fucR, rhaR, rhaS
1277 	 zraR, fucR, rhaR, rhaS
1278 	 zraR, fucR, rhaR, rhaS
1279 	 zraR, araC, fucR, rhaR, rhaS
1280 	 zraR, araC, fucR, rhaR, rhaS
1281 	 zraR, rhaR, rhaS
1282 	 zraR, araC, rhaR, rhaS
1283 	 zraR, rhaR, rhaS
1284 	 zraR, araC, rhaR, rhaS
1285 	 zraR, rhaR, rhaS
1286 	 zraR, rhaR, rhaS
1287 	 zraR, araC, rhaR, rhaS
1288 	 zraR, araC, rhaR, rhaS
1289 	 zraR, rhaR, rhaS
1290 	 zraR, rhaR, rhaS
1291 	 zraR, araC, rhaR, rhaS
1292 	 zraR, araC, rhaR, rhaS
1293 	 zraR, rhaR, rhaS
1294 	 zraR, rhaR, rhaS
1295 	 zraR, araC, rhaR, rhaS
1296 	 zraR, araC, rhaR, rhaS
1297 	 zraR, fucR, rhaR, rhaS
1298 	 zraR, fucR, rhaR, rhaS
1299 	 zraR, fucR, rhaR, rhaS
1300 	 zraR, araC, fucR, rhaR, rhaS
1301 	 zraR, araC, fucR, rhaR, rhaS
1302 	 zraR, fucR, rhaR, rhaS
1303 	 zraR, araC, fucR, rhaR, rhaS
1304 	 zraR, araC, fucR, rhaR, rhaS
1305 	 zraR, fucR, rhaR, rhaS
1306 	 zraR, fucR, rhaR, rhaS
1307 	 zraR, fucR, rhaR, rhaS
1308 	 zraR, araC, fucR, rhaR, rhaS
1309 	 zraR, fucR, rhaR, rhaS
1310 	 zraR, araC, fucR, rhaR, rhaS
1311 	 zraR, araC, fucR, rhaR, rhaS
1312 	 zraR, araC, fucR, rhaR, rhaS
1313 	 zraR, rhaR, rhaS
1314 	 zraR, araC, rhaR, rhaS
1315 	 zraR, rhaR, rhaS
1316 	 zraR, rhaR, rhaS
1317 	 zraR, araC, rhaR, rhaS
1318 	 zraR, araC, rhaR, rhaS
1319 	 zraR, rhaR, rhaS
1320 	 zraR, araC, rhaR, rhaS
1321 	 zraR, rhaR, rhaS
1322 	 zraR, araC, rhaR, rhaS
1323 	 zraR, rhaR, rhaS
1324 	 zraR, araC, rhaR, rhaS
1325 	 zraR, rhaR, rhaS
1326 	 zraR, araC, rhaR, rhaS
1327 	 zraR, rhaR, rhaS
1328 	 zraR, araC, rhaR, rhaS
1329 	 zraR, fucR, rhaR, rhaS
1330 	 zraR, araC, fucR, rhaR, rhaS
1331 	 zraR, fucR, rhaR, rhaS
1332 	 zraR, fucR, rhaR, rhaS
1333 	 zraR, araC, fucR, rhaR, rhaS
1334 	 zraR, araC, fucR, rhaR, rhaS
1335 	 zraR, fucR, rhaR, rhaS
1336 	 zraR, araC, fucR, rhaR, rhaS
1337 	 zraR, fucR, rhaR, rhaS
1338 	 zraR, fucR, rhaR, rhaS
1339 	 zraR, araC, fucR, rhaR, rhaS
1340 	 zraR, araC, fucR, rhaR, rhaS
1341 	 zraR, fucR, rhaR, rhaS
1342 	 zraR, fucR, rhaR, rhaS
1343 	 zraR, araC, fucR, rhaR, rhaS
1344 	 zraR, araC, fucR, rhaR, rhaS
1345 	 zraR, rhaR, rhaS
1346 	 zraR, rhaR, rhaS
1347 	 zraR, rhaR, rhaS
1348 	 zraR, araC, rhaR, rhaS
1349 	 zraR, araC, rhaR, rhaS
1350 	 zraR, rhaR, rhaS
1351 	 zraR, araC, rhaR, rhaS
1352 	 zraR, araC, rhaR, rhaS
1353 	 zraR, rhaR, rhaS
1354 	 zraR, rhaR, rhaS
1355 	 zraR, araC, rhaR, rhaS
1356 	 zraR, araC, rhaR, rhaS
1357 	 zraR, rhaR, rhaS
1358 	 zraR, rhaR, rhaS
1359 	 zraR, araC, rhaR, rhaS
1360 	 zraR, araC, rhaR, rhaS
1361 	 zraR, fucR, rhaR, rhaS
1362 	 zraR, fucR, rhaR, rhaS
1363 	 zraR, fucR, rhaR, rhaS
1364 	 zraR, araC, fucR, rhaR, rhaS
1365 	 zraR, araC, fucR, rhaR, rhaS
1366 	 zraR, fucR, rhaR, rhaS
1367 	 zraR, araC, fucR, rhaR, rhaS
1368 	 zraR, araC, fucR, rhaR, rhaS
1369 	 zraR, fucR, rhaR, rhaS
1370 	 zraR, araC, fucR, rhaR, rhaS
1371 	 zraR, fucR, rhaR, rhaS
1372 	 zraR, fucR, rhaR, rhaS
1373 	 zraR, fucR, rhaR, rhaS
1374 	 zraR, araC, fucR, rhaR, rhaS
1375 	 zraR, araC, fucR, rhaR, rhaS
1376 	 zraR, araC, fucR, rhaR, rhaS
1377 	 zraR, rhaR, rhaS
1378 	 zraR, rhaR, rhaS
1379 	 zraR, rhaR, rhaS
1380 	 zraR, rhaR, rhaS
1381 	 zraR, fucR, rhaR, rhaS
1382 	 zraR, fucR, rhaR, rhaS
1383 	 zraR, fucR, rhaR, rhaS
1384 	 zraR, fucR, rhaR, rhaS
1385 	 zraR, rhaR, rhaS
1386 	 zraR, rhaR, rhaS
1387 	 zraR, rhaR, rhaS
1388 	 zraR, rhaR, rhaS
1389 	 zraR, fucR, rhaR, rhaS
1390 	 zraR, fucR, rhaR, rhaS
1391 	 zraR, fucR, rhaR, rhaS
1392 	 zraR, fucR, rhaR, rhaS
1393 	 zraR, araC, rhaR, rhaS
1394 	 zraR, rhaR, rhaS
1395 	 zraR, araC, rhaR, rhaS
1396 	 zraR, rhaR, rhaS
1397 	 zraR, araC, rhaR, rhaS
1398 	 zraR, rhaR, rhaS
1399 	 zraR, araC, rhaR, rhaS
1400 	 zraR, rhaR, rhaS
1401 	 zraR, araC, fucR, rhaR, rhaS
1402 	 zraR, fucR, rhaR, rhaS
1403 	 zraR, araC, fucR, rhaR, rhaS
1404 	 zraR, fucR, rhaR, rhaS
1405 	 zraR, araC, fucR, rhaR, rhaS
1406 	 zraR, fucR, rhaR, rhaS
1407 	 zraR, araC, fucR, rhaR, rhaS
1408 	 zraR, fucR, rhaR, rhaS
1409 	 zraR, araC, rhaR, rhaS
1410 	 zraR, rhaR, rhaS
1411 	 zraR, araC, rhaR, rhaS
1412 	 zraR, rhaR, rhaS
1413 	 zraR, araC, rhaR, rhaS
1414 	 zraR, rhaR, rhaS
1415 	 zraR, araC, rhaR, rhaS
1416 	 zraR, rhaR, rhaS
1417 	 zraR, araC, fucR, rhaR, rhaS
1418 	 zraR, fucR, rhaR, rhaS
1419 	 zraR, araC, fucR, rhaR, rhaS
1420 	 zraR, fucR, rhaR, rhaS
1421 	 zraR, araC, fucR, rhaR, rhaS
1422 	 zraR, fucR, rhaR, rhaS
1423 	 zraR, araC, fucR, rhaR, rhaS
1424 	 zraR, fucR, rhaR, rhaS
1425 	 zraR, araC, rhaR, rhaS
1426 	 zraR, araC, rhaR, rhaS
1427 	 zraR, araC, rhaR, rhaS
1428 	 zraR, araC, rhaR, rhaS
1429 	 zraR, araC, fucR, rhaR, rhaS
1430 	 zraR, araC, fucR, rhaR, rhaS
1431 	 zraR, araC, fucR, rhaR, rhaS
1432 	 zraR, araC, fucR, rhaR, rhaS
1433 	 zraR, araC, rhaR, rhaS
1434 	 zraR, araC, rhaR, rhaS
1435 	 zraR, araC, rhaR, rhaS
1436 	 zraR, araC, rhaR, rhaS
1437 	 zraR, araC, fucR, rhaR, rhaS
1438 	 zraR, araC, fucR, rhaR, rhaS
1439 	 zraR, araC, fucR, rhaR, rhaS
1440 	 zraR, araC, fucR, rhaR, rhaS
1441 	 zraR, idnR, rhaR, rhaS
1442 	 zraR, melR, rhaR, rhaS
1443 	 zraR, idnR, rhaR, rhaS
1444 	 zraR, melR, rhaR, rhaS
1445 	 zraR, idnR, rhaR, rhaS
1446 	 zraR, melR, rhaR, rhaS
1447 	 zraR, idnR, rhaR, rhaS
1448 	 zraR, melR, rhaR, rhaS
1449 	 zraR, idnR, fucR, rhaR, rhaS
1450 	 zraR, melR, fucR, rhaR, rhaS
1451 	 zraR, idnR, fucR, rhaR, rhaS
1452 	 zraR, melR, fucR, rhaR, rhaS
1453 	 zraR, idnR, fucR, rhaR, rhaS
1454 	 zraR, melR, fucR, rhaR, rhaS
1455 	 zraR, idnR, fucR, rhaR, rhaS
1456 	 zraR, melR, fucR, rhaR, rhaS
1457 	 zraR, idnR, rhaR, rhaS
1458 	 zraR, melR, rhaR, rhaS
1459 	 zraR, idnR, rhaR, rhaS
1460 	 zraR, melR, rhaR, rhaS
1461 	 zraR, idnR, rhaR, rhaS
1462 	 zraR, melR, rhaR, rhaS
1463 	 zraR, idnR, rhaR, rhaS
1464 	 zraR, melR, rhaR, rhaS
1465 	 zraR, idnR, fucR, rhaR, rhaS
1466 	 zraR, melR, fucR, rhaR, rhaS
1467 	 zraR, idnR, fucR, rhaR, rhaS
1468 	 zraR, melR, fucR, rhaR, rhaS
1469 	 zraR, idnR, fucR, rhaR, rhaS
1470 	 zraR, melR, fucR, rhaR, rhaS
1471 	 zraR, idnR, fucR, rhaR, rhaS
1472 	 zraR, melR, fucR, rhaR, rhaS
1473 	 zraR, idnR, rhaR, rhaS
1474 	 zraR, melR, rhaR, rhaS
1475 	 zraR, idnR, rhaR, rhaS
1476 	 zraR, melR, rhaR, rhaS
1477 	 zraR, idnR, rhaR, rhaS
1478 	 zraR, melR, rhaR, rhaS
1479 	 zraR, idnR, rhaR, rhaS
1480 	 zraR, melR, rhaR, rhaS
1481 	 zraR, idnR, fucR, rhaR, rhaS
1482 	 zraR, melR, fucR, rhaR, rhaS
1483 	 zraR, idnR, fucR, rhaR, rhaS
1484 	 zraR, melR, fucR, rhaR, rhaS
1485 	 zraR, idnR, fucR, rhaR, rhaS
1486 	 zraR, melR, fucR, rhaR, rhaS
1487 	 zraR, idnR, fucR, rhaR, rhaS
1488 	 zraR, melR, fucR, rhaR, rhaS
1489 	 zraR, idnR, rhaR, rhaS
1490 	 zraR, melR, rhaR, rhaS
1491 	 zraR, idnR, rhaR, rhaS
1492 	 zraR, melR, rhaR, rhaS
1493 	 zraR, idnR, rhaR, rhaS
1494 	 zraR, melR, rhaR, rhaS
1495 	 zraR, idnR, rhaR, rhaS
1496 	 zraR, melR, rhaR, rhaS
1497 	 zraR, idnR, fucR, rhaR, rhaS
1498 	 zraR, melR, fucR, rhaR, rhaS
1499 	 zraR, idnR, fucR, rhaR, rhaS
1500 	 zraR, melR, fucR, rhaR, rhaS
1501 	 zraR, idnR, fucR, rhaR, rhaS
1502 	 zraR, melR, fucR, rhaR, rhaS
1503 	 zraR, idnR, fucR, rhaR, rhaS
1504 	 zraR, melR, fucR, rhaR, rhaS
1505 	 zraR, idnR, rhaR, rhaS
1506 	 zraR, melR, rhaR, rhaS
1507 	 zraR, idnR, rhaR, rhaS
1508 	 zraR, melR, rhaR, rhaS
1509 	 zraR, idnR, rhaR, rhaS
1510 	 zraR, melR, rhaR, rhaS
1511 	 zraR, idnR, rhaR, rhaS
1512 	 zraR, melR, rhaR, rhaS
1513 	 zraR, idnR, fucR, rhaR, rhaS
1514 	 zraR, melR, fucR, rhaR, rhaS
1515 	 zraR, idnR, fucR, rhaR, rhaS
1516 	 zraR, melR, fucR, rhaR, rhaS
1517 	 zraR, idnR, fucR, rhaR, rhaS
1518 	 zraR, melR, fucR, rhaR, rhaS
1519 	 zraR, idnR, fucR, rhaR, rhaS
1520 	 zraR, melR, fucR, rhaR, rhaS
1521 	 zraR, idnR, rhaR, rhaS
1522 	 zraR, melR, rhaR, rhaS
1523 	 zraR, idnR, rhaR, rhaS
1524 	 zraR, melR, rhaR, rhaS
1525 	 zraR, idnR, rhaR, rhaS
1526 	 zraR, melR, rhaR, rhaS
1527 	 zraR, idnR, rhaR, rhaS
1528 	 zraR, melR, rhaR, rhaS
1529 	 zraR, idnR, fucR, rhaR, rhaS
1530 	 zraR, melR, fucR, rhaR, rhaS
1531 	 zraR, idnR, fucR, rhaR, rhaS
1532 	 zraR, melR, fucR, rhaR, rhaS
1533 	 zraR, idnR, fucR, rhaR, rhaS
1534 	 zraR, melR, fucR, rhaR, rhaS
1535 	 zraR, idnR, fucR, rhaR, rhaS
1536 	 zraR, melR, fucR, rhaR, rhaS
1537 	 zraR, idnR, rhaR, rhaS
1538 	 zraR, melR, rhaR, rhaS
1539 	 zraR, idnR, rhaR, rhaS
1540 	 zraR, melR, rhaR, rhaS
1541 	 zraR, idnR, rhaR, rhaS
1542 	 zraR, melR, rhaR, rhaS
1543 	 zraR, idnR, rhaR, rhaS
1544 	 zraR, melR, rhaR, rhaS
1545 	 zraR, idnR, fucR, rhaR, rhaS
1546 	 zraR, melR, fucR, rhaR, rhaS
1547 	 zraR, idnR, fucR, rhaR, rhaS
1548 	 zraR, melR, fucR, rhaR, rhaS
1549 	 zraR, idnR, fucR, rhaR, rhaS
1550 	 zraR, melR, fucR, rhaR, rhaS
1551 	 zraR, idnR, fucR, rhaR, rhaS
1552 	 zraR, melR, fucR, rhaR, rhaS
1553 	 zraR, idnR, rhaR, rhaS
1554 	 zraR, melR, rhaR, rhaS
1555 	 zraR, idnR, rhaR, rhaS
1556 	 zraR, melR, rhaR, rhaS
1557 	 zraR, idnR, rhaR, rhaS
1558 	 zraR, melR, rhaR, rhaS
1559 	 zraR, idnR, rhaR, rhaS
1560 	 zraR, melR, rhaR, rhaS
1561 	 zraR, idnR, fucR, rhaR, rhaS
1562 	 zraR, melR, fucR, rhaR, rhaS
1563 	 zraR, idnR, fucR, rhaR, rhaS
1564 	 zraR, melR, fucR, rhaR, rhaS
1565 	 zraR, idnR, fucR, rhaR, rhaS
1566 	 zraR, melR, fucR, rhaR, rhaS
1567 	 zraR, idnR, fucR, rhaR, rhaS
1568 	 zraR, melR, fucR, rhaR, rhaS
1569 	 zraR, araC, idnR, rhaR, rhaS
1570 	 zraR, melR, araC, rhaR, rhaS
1571 	 zraR, araC, idnR, rhaR, rhaS
1572 	 zraR, melR, araC, rhaR, rhaS
1573 	 zraR, araC, idnR, rhaR, rhaS
1574 	 zraR, melR, araC, rhaR, rhaS
1575 	 zraR, araC, idnR, rhaR, rhaS
1576 	 zraR, melR, araC, rhaR, rhaS
1577 	 zraR, araC, idnR, fucR, rhaR, rhaS
1578 	 zraR, melR, araC, fucR, rhaR, rhaS
1579 	 zraR, araC, idnR, fucR, rhaR, rhaS
1580 	 zraR, melR, araC, fucR, rhaR, rhaS
1581 	 zraR, araC, idnR, fucR, rhaR, rhaS
1582 	 zraR, melR, araC, fucR, rhaR, rhaS
1583 	 zraR, araC, idnR, fucR, rhaR, rhaS
1584 	 zraR, melR, araC, fucR, rhaR, rhaS
1585 	 zraR, araC, idnR, rhaR, rhaS
1586 	 zraR, melR, araC, rhaR, rhaS
1587 	 zraR, araC, idnR, rhaR, rhaS
1588 	 zraR, melR, araC, rhaR, rhaS
1589 	 zraR, araC, idnR, rhaR, rhaS
1590 	 zraR, melR, araC, rhaR, rhaS
1591 	 zraR, araC, idnR, rhaR, rhaS
1592 	 zraR, melR, araC, rhaR, rhaS
1593 	 zraR, araC, idnR, fucR, rhaR, rhaS
1594 	 zraR, melR, araC, fucR, rhaR, rhaS
1595 	 zraR, araC, idnR, fucR, rhaR, rhaS
1596 	 zraR, melR, araC, fucR, rhaR, rhaS
1597 	 zraR, araC, idnR, fucR, rhaR, rhaS
1598 	 zraR, melR, araC, fucR, rhaR, rhaS
1599 	 zraR, araC, idnR, fucR, rhaR, rhaS
1600 	 zraR, melR, araC, fucR, rhaR, rhaS
1601 	 zraR, araC, idnR, rhaR, rhaS
1602 	 zraR, melR, araC, rhaR, rhaS
1603 	 zraR, araC, idnR, rhaR, rhaS
1604 	 zraR, melR, araC, rhaR, rhaS
1605 	 zraR, araC, idnR, rhaR, rhaS
1606 	 zraR, melR, araC, rhaR, rhaS
1607 	 zraR, araC, idnR, rhaR, rhaS
1608 	 zraR, melR, araC, rhaR, rhaS
1609 	 zraR, araC, idnR, fucR, rhaR, rhaS
1610 	 zraR, melR, araC, fucR, rhaR, rhaS
1611 	 zraR, araC, idnR, fucR, rhaR, rhaS
1612 	 zraR, melR, araC, fucR, rhaR, rhaS
1613 	 zraR, araC, idnR, fucR, rhaR, rhaS
1614 	 zraR, melR, araC, fucR, rhaR, rhaS
1615 	 zraR, araC, idnR, fucR, rhaR, rhaS
1616 	 zraR, melR, araC, fucR, rhaR, rhaS
1617 	 zraR, araC, idnR, rhaR, rhaS
1618 	 zraR, melR, araC, rhaR, rhaS
1619 	 zraR, araC, idnR, rhaR, rhaS
1620 	 zraR, melR, araC, rhaR, rhaS
1621 	 zraR, araC, idnR, rhaR, rhaS
1622 	 zraR, melR, araC, rhaR, rhaS
1623 	 zraR, araC, idnR, rhaR, rhaS
1624 	 zraR, melR, araC, rhaR, rhaS
1625 	 zraR, araC, idnR, fucR, rhaR, rhaS
1626 	 zraR, melR, araC, fucR, rhaR, rhaS
1627 	 zraR, araC, idnR, fucR, rhaR, rhaS
1628 	 zraR, melR, araC, fucR, rhaR, rhaS
1629 	 zraR, araC, idnR, fucR, rhaR, rhaS
1630 	 zraR, melR, araC, fucR, rhaR, rhaS
1631 	 zraR, araC, idnR, fucR, rhaR, rhaS
1632 	 zraR, melR, araC, fucR, rhaR, rhaS
1633 	 zraR, araC, idnR, rhaR, rhaS
1634 	 zraR, melR, araC, rhaR, rhaS
1635 	 zraR, araC, idnR, rhaR, rhaS
1636 	 zraR, melR, araC, rhaR, rhaS
1637 	 zraR, araC, idnR, rhaR, rhaS
1638 	 zraR, melR, araC, rhaR, rhaS
1639 	 zraR, araC, idnR, rhaR, rhaS
1640 	 zraR, melR, araC, rhaR, rhaS
1641 	 zraR, araC, idnR, fucR, rhaR, rhaS
1642 	 zraR, melR, araC, fucR, rhaR, rhaS
1643 	 zraR, araC, idnR, fucR, rhaR, rhaS
1644 	 zraR, melR, araC, fucR, rhaR, rhaS
1645 	 zraR, araC, idnR, fucR, rhaR, rhaS
1646 	 zraR, melR, araC, fucR, rhaR, rhaS
1647 	 zraR, araC, idnR, fucR, rhaR, rhaS
1648 	 zraR, melR, araC, fucR, rhaR, rhaS
1649 	 zraR, araC, idnR, rhaR, rhaS
1650 	 zraR, melR, araC, rhaR, rhaS
1651 	 zraR, araC, idnR, fucR, rhaR, rhaS
1652 	 zraR, melR, araC, rhaR, rhaS
1653 	 zraR, araC, idnR, rhaR, rhaS
1654 	 zraR, melR, araC, fucR, rhaR, rhaS
1655 	 zraR, araC, idnR, rhaR, rhaS
1656 	 zraR, melR, araC, rhaR, rhaS
1657 	 zraR, araC, idnR, fucR, rhaR, rhaS
1658 	 zraR, melR, araC, fucR, rhaR, rhaS
1659 	 zraR, araC, idnR, rhaR, rhaS
1660 	 zraR, melR, araC, fucR, rhaR, rhaS
1661 	 zraR, araC, idnR, fucR, rhaR, rhaS
1662 	 zraR, melR, araC, rhaR, rhaS
1663 	 zraR, araC, idnR, fucR, rhaR, rhaS
1664 	 zraR, melR, araC, fucR, rhaR, rhaS
1665 	 zraR, araC, idnR, rhaR, rhaS
1666 	 zraR, melR, araC, rhaR, rhaS
1667 	 zraR, araC, idnR, rhaR, rhaS
1668 	 zraR, melR, araC, fucR, rhaR, rhaS
1669 	 zraR, araC, idnR, rhaR, rhaS
1670 	 zraR, melR, araC, rhaR, rhaS
1671 	 zraR, araC, idnR, fucR, rhaR, rhaS
1672 	 zraR, melR, araC, rhaR, rhaS
1673 	 zraR, araC, idnR, rhaR, rhaS
1674 	 zraR, melR, araC, fucR, rhaR, rhaS
1675 	 zraR, araC, idnR, fucR, rhaR, rhaS
1676 	 zraR, melR, araC, rhaR, rhaS
1677 	 zraR, araC, idnR, fucR, rhaR, rhaS
1678 	 zraR, melR, araC, fucR, rhaR, rhaS
1679 	 zraR, araC, idnR, fucR, rhaR, rhaS
1680 	 zraR, melR, araC, fucR, rhaR, rhaS
1681 	 zraR, araC, idnR, rhaR, rhaS
1682 	 zraR, melR, araC, rhaR, rhaS
1683 	 zraR, araC, idnR, rhaR, rhaS
1684 	 zraR, melR, araC, fucR, rhaR, rhaS
1685 	 zraR, araC, idnR, rhaR, rhaS
1686 	 zraR, melR, araC, rhaR, rhaS
1687 	 zraR, araC, idnR, rhaR, rhaS
1688 	 zraR, melR, araC, fucR, rhaR, rhaS
1689 	 zraR, araC, idnR, fucR, rhaR, rhaS
1690 	 zraR, melR, araC, rhaR, rhaS
1691 	 zraR, araC, idnR, fucR, rhaR, rhaS
1692 	 zraR, melR, araC, fucR, rhaR, rhaS
1693 	 zraR, araC, idnR, fucR, rhaR, rhaS
1694 	 zraR, melR, araC, rhaR, rhaS
1695 	 zraR, araC, idnR, fucR, rhaR, rhaS
1696 	 zraR, melR, araC, fucR, rhaR, rhaS
1697 	 zraR, idnR, rhaR, rhaS
1698 	 zraR, idnR, rhaR, rhaS
1699 	 zraR, idnR, fucR, rhaR, rhaS
1700 	 zraR, idnR, rhaR, rhaS
1701 	 zraR, idnR, fucR, rhaR, rhaS
1702 	 zraR, idnR, fucR, rhaR, rhaS
1703 	 zraR, idnR, rhaR, rhaS
1704 	 zraR, idnR, rhaR, rhaS
1705 	 zraR, idnR, rhaR, rhaS
1706 	 zraR, idnR, rhaR, rhaS
1707 	 zraR, idnR, rhaR, rhaS
1708 	 zraR, idnR, fucR, rhaR, rhaS
1709 	 zraR, idnR, fucR, rhaR, rhaS
1710 	 zraR, idnR, fucR, rhaR, rhaS
1711 	 zraR, idnR, fucR, rhaR, rhaS
1712 	 zraR, idnR, fucR, rhaR, rhaS
1713 	 zraR, idnR, rhaR, rhaS
1714 	 zraR, idnR, fucR, rhaR, rhaS
1715 	 zraR, idnR, rhaR, rhaS
1716 	 zraR, idnR, fucR, rhaR, rhaS
1717 	 zraR, idnR, rhaR, rhaS
1718 	 zraR, idnR, rhaR, rhaS
1719 	 zraR, idnR, fucR, rhaR, rhaS
1720 	 zraR, idnR, fucR, rhaR, rhaS
1721 	 zraR, idnR, rhaR, rhaS
1722 	 zraR, idnR, rhaR, rhaS
1723 	 zraR, idnR, fucR, rhaR, rhaS
1724 	 zraR, idnR, fucR, rhaR, rhaS
1725 	 zraR, idnR, rhaR, rhaS
1726 	 zraR, idnR, fucR, rhaR, rhaS
1727 	 zraR, idnR, rhaR, rhaS
1728 	 zraR, idnR, fucR, rhaR, rhaS
1729 	 zraR, idnR, rhaR, rhaS
1730 	 zraR, idnR, rhaR, rhaS
1731 	 zraR, idnR, rhaR, rhaS
1732 	 zraR, idnR, rhaR, rhaS
1733 	 zraR, idnR, rhaR, rhaS
1734 	 zraR, idnR, rhaR, rhaS
1735 	 zraR, idnR, rhaR, rhaS
1736 	 zraR, idnR, fucR, rhaR, rhaS
1737 	 zraR, idnR, fucR, rhaR, rhaS
1738 	 zraR, idnR, fucR, rhaR, rhaS
1739 	 zraR, idnR, fucR, rhaR, rhaS
1740 	 zraR, idnR, fucR, rhaR, rhaS
1741 	 zraR, idnR, fucR, rhaR, rhaS
1742 	 zraR, idnR, rhaR, rhaS
1743 	 zraR, idnR, fucR, rhaR, rhaS
1744 	 zraR, idnR, fucR, rhaR, rhaS
1745 	 zraR, idnR, rhaR, rhaS
1746 	 zraR, idnR, fucR, rhaR, rhaS
1747 	 zraR, idnR, rhaR, rhaS
1748 	 zraR, idnR, fucR, rhaR, rhaS
1749 	 zraR, idnR, rhaR, rhaS
1750 	 zraR, idnR, fucR, rhaR, rhaS
1751 	 zraR, idnR, rhaR, rhaS
1752 	 zraR, idnR, fucR, rhaR, rhaS
1753 	 zraR, idnR, rhaR, rhaS
1754 	 zraR, idnR, rhaR, rhaS
1755 	 zraR, idnR, rhaR, rhaS
1756 	 zraR, idnR, rhaR, rhaS
1757 	 zraR, idnR, fucR, rhaR, rhaS
1758 	 zraR, idnR, fucR, rhaR, rhaS
1759 	 zraR, idnR, fucR, rhaR, rhaS
1760 	 zraR, idnR, fucR, rhaR, rhaS
1761 	 zraR, araC, idnR, rhaR, rhaS
1762 	 zraR, araC, idnR, rhaR, rhaS
1763 	 zraR, araC, idnR, rhaR, rhaS
1764 	 zraR, araC, idnR, fucR, rhaR, rhaS
1765 	 zraR, araC, idnR, rhaR, rhaS
1766 	 zraR, araC, idnR, fucR, rhaR, rhaS
1767 	 zraR, araC, idnR, fucR, rhaR, rhaS
1768 	 zraR, araC, idnR, rhaR, rhaS
1769 	 zraR, araC, idnR, rhaR, rhaS
1770 	 zraR, araC, idnR, fucR, rhaR, rhaS
1771 	 zraR, araC, idnR, fucR, rhaR, rhaS
1772 	 zraR, araC, idnR, rhaR, rhaS
1773 	 zraR, araC, idnR, rhaR, rhaS
1774 	 zraR, araC, idnR, fucR, rhaR, rhaS
1775 	 zraR, araC, idnR, fucR, rhaR, rhaS
1776 	 zraR, araC, idnR, fucR, rhaR, rhaS
1777 	 zraR, araC, idnR, rhaR, rhaS
1778 	 zraR, araC, idnR, fucR, rhaR, rhaS
1779 	 zraR, araC, idnR, rhaR, rhaS
1780 	 zraR, araC, idnR, fucR, rhaR, rhaS
1781 	 zraR, araC, idnR, rhaR, rhaS
1782 	 zraR, araC, idnR, fucR, rhaR, rhaS
1783 	 zraR, araC, idnR, rhaR, rhaS
1784 	 zraR, araC, idnR, fucR, rhaR, rhaS
1785 	 zraR, araC, idnR, rhaR, rhaS
1786 	 zraR, araC, idnR, rhaR, rhaS
1787 	 zraR, araC, idnR, rhaR, rhaS
1788 	 zraR, araC, idnR, rhaR, rhaS
1789 	 zraR, araC, idnR, fucR, rhaR, rhaS
1790 	 zraR, araC, idnR, fucR, rhaR, rhaS
1791 	 zraR, araC, idnR, fucR, rhaR, rhaS
1792 	 zraR, araC, idnR, fucR, rhaR, rhaS
1793 	 zraR, araC, idnR, rhaR, rhaS
1794 	 zraR, araC, idnR, fucR, rhaR, rhaS
1795 	 zraR, araC, idnR, rhaR, rhaS
1796 	 zraR, araC, idnR, rhaR, rhaS
1797 	 zraR, araC, idnR, fucR, rhaR, rhaS
1798 	 zraR, araC, idnR, rhaR, rhaS
1799 	 zraR, araC, idnR, fucR, rhaR, rhaS
1800 	 zraR, araC, idnR, rhaR, rhaS
1801 	 zraR, araC, idnR, fucR, rhaR, rhaS
1802 	 zraR, araC, idnR, rhaR, rhaS
1803 	 zraR, araC, idnR, fucR, rhaR, rhaS
1804 	 zraR, araC, idnR, rhaR, rhaS
1805 	 zraR, araC, idnR, fucR, rhaR, rhaS
1806 	 zraR, araC, idnR, fucR, rhaR, rhaS
1807 	 zraR, araC, idnR, rhaR, rhaS
1808 	 zraR, araC, idnR, fucR, rhaR, rhaS
1809 	 zraR, araC, idnR, rhaR, rhaS
1810 	 zraR, araC, idnR, rhaR, rhaS
1811 	 zraR, araC, idnR, rhaR, rhaS
1812 	 zraR, araC, idnR, rhaR, rhaS
1813 	 zraR, araC, idnR, rhaR, rhaS
1814 	 zraR, araC, idnR, rhaR, rhaS
1815 	 zraR, araC, idnR, rhaR, rhaS
1816 	 zraR, araC, idnR, fucR, rhaR, rhaS
1817 	 zraR, araC, idnR, fucR, rhaR, rhaS
1818 	 zraR, araC, idnR, fucR, rhaR, rhaS
1819 	 zraR, araC, idnR, fucR, rhaR, rhaS
1820 	 zraR, araC, idnR, fucR, rhaR, rhaS
1821 	 zraR, araC, idnR, fucR, rhaR, rhaS
1822 	 zraR, araC, idnR, rhaR, rhaS
1823 	 zraR, araC, idnR, fucR, rhaR, rhaS
1824 	 zraR, araC, idnR, fucR, rhaR, rhaS
1825 	 zraR, melR, idnR, rhaR, rhaS
1826 	 zraR, melR, idnR, fucR, rhaR, rhaS
1827 	 zraR, melR, idnR, rhaR, rhaS
1828 	 zraR, melR, idnR, rhaR, rhaS
1829 	 zraR, melR, idnR, rhaR, rhaS
1830 	 zraR, melR, idnR, fucR, rhaR, rhaS
1831 	 zraR, melR, idnR, rhaR, rhaS
1832 	 zraR, melR, idnR, fucR, rhaR, rhaS
1833 	 zraR, melR, idnR, rhaR, rhaS
1834 	 zraR, melR, idnR, fucR, rhaR, rhaS
1835 	 zraR, melR, idnR, rhaR, rhaS
1836 	 zraR, melR, idnR, fucR, rhaR, rhaS
1837 	 zraR, melR, idnR, fucR, rhaR, rhaS
1838 	 zraR, melR, idnR, fucR, rhaR, rhaS
1839 	 zraR, melR, idnR, rhaR, rhaS
1840 	 zraR, melR, idnR, fucR, rhaR, rhaS
1841 	 zraR, melR, idnR, rhaR, rhaS
1842 	 zraR, melR, idnR, rhaR, rhaS
1843 	 zraR, melR, idnR, rhaR, rhaS
1844 	 zraR, melR, idnR, fucR, rhaR, rhaS
1845 	 zraR, melR, idnR, rhaR, rhaS
1846 	 zraR, melR, idnR, fucR, rhaR, rhaS
1847 	 zraR, melR, idnR, rhaR, rhaS
1848 	 zraR, melR, idnR, fucR, rhaR, rhaS
1849 	 zraR, melR, idnR, rhaR, rhaS
1850 	 zraR, melR, idnR, fucR, rhaR, rhaS
1851 	 zraR, melR, idnR, rhaR, rhaS
1852 	 zraR, melR, idnR, fucR, rhaR, rhaS
1853 	 zraR, melR, idnR, rhaR, rhaS
1854 	 zraR, melR, idnR, fucR, rhaR, rhaS
1855 	 zraR, melR, idnR, fucR, rhaR, rhaS
1856 	 zraR, melR, idnR, fucR, rhaR, rhaS
1857 	 zraR, melR, idnR, rhaR, rhaS
1858 	 zraR, melR, idnR, fucR, rhaR, rhaS
1859 	 zraR, melR, idnR, rhaR, rhaS
1860 	 zraR, melR, idnR, rhaR, rhaS
1861 	 zraR, melR, idnR, rhaR, rhaS
1862 	 zraR, melR, idnR, fucR, rhaR, rhaS
1863 	 zraR, melR, idnR, rhaR, rhaS
1864 	 zraR, melR, idnR, fucR, rhaR, rhaS
1865 	 zraR, melR, idnR, rhaR, rhaS
1866 	 zraR, melR, idnR, fucR, rhaR, rhaS
1867 	 zraR, melR, idnR, rhaR, rhaS
1868 	 zraR, melR, idnR, fucR, rhaR, rhaS
1869 	 zraR, melR, idnR, fucR, rhaR, rhaS
1870 	 zraR, melR, idnR, fucR, rhaR, rhaS
1871 	 zraR, melR, idnR, rhaR, rhaS
1872 	 zraR, melR, idnR, fucR, rhaR, rhaS
1873 	 zraR, melR, idnR, rhaR, rhaS
1874 	 zraR, melR, idnR, fucR, rhaR, rhaS
1875 	 zraR, melR, idnR, rhaR, rhaS
1876 	 zraR, melR, idnR, rhaR, rhaS
1877 	 zraR, melR, idnR, rhaR, rhaS
1878 	 zraR, melR, idnR, fucR, rhaR, rhaS
1879 	 zraR, melR, idnR, rhaR, rhaS
1880 	 zraR, melR, idnR, rhaR, rhaS
1881 	 zraR, melR, idnR, fucR, rhaR, rhaS
1882 	 zraR, melR, idnR, rhaR, rhaS
1883 	 zraR, melR, idnR, fucR, rhaR, rhaS
1884 	 zraR, melR, idnR, fucR, rhaR, rhaS
1885 	 zraR, melR, idnR, fucR, rhaR, rhaS
1886 	 zraR, melR, idnR, rhaR, rhaS
1887 	 zraR, melR, idnR, fucR, rhaR, rhaS
1888 	 zraR, melR, idnR, fucR, rhaR, rhaS
1889 	 zraR, melR, araC, idnR, rhaR, rhaS
1890 	 zraR, melR, araC, idnR, rhaR, rhaS
1891 	 zraR, melR, araC, idnR, rhaR, rhaS
1892 	 zraR, melR, araC, idnR, fucR, rhaR, rhaS
1893 	 zraR, melR, araC, idnR, rhaR, rhaS
1894 	 zraR, melR, araC, idnR, fucR, rhaR, rhaS
1895 	 zraR, melR, araC, idnR, fucR, rhaR, rhaS
1896 	 zraR, melR, araC, idnR, rhaR, rhaS
1897 	 zraR, melR, araC, idnR, rhaR, rhaS
1898 	 zraR, melR, araC, idnR, rhaR, rhaS
1899 	 zraR, melR, araC, idnR, fucR, rhaR, rhaS
1900 	 zraR, melR, araC, idnR, fucR, rhaR, rhaS
1901 	 zraR, melR, araC, idnR, fucR, rhaR, rhaS
1902 	 zraR, melR, araC, idnR, rhaR, rhaS
1903 	 zraR, melR, araC, idnR, fucR, rhaR, rhaS
1904 	 zraR, melR, araC, idnR, fucR, rhaR, rhaS
1905 	 zraR, melR, araC, idnR, rhaR, rhaS
1906 	 zraR, melR, araC, idnR, rhaR, rhaS
1907 	 zraR, melR, araC, idnR, rhaR, rhaS
1908 	 zraR, melR, araC, idnR, fucR, rhaR, rhaS
1909 	 zraR, melR, araC, idnR, rhaR, rhaS
1910 	 zraR, melR, araC, idnR, fucR, rhaR, rhaS
1911 	 zraR, melR, araC, idnR, rhaR, rhaS
1912 	 zraR, melR, araC, idnR, fucR, rhaR, rhaS
1913 	 zraR, melR, araC, idnR, fucR, rhaR, rhaS
1914 	 zraR, melR, araC, idnR, rhaR, rhaS
1915 	 zraR, melR, araC, idnR, rhaR, rhaS
1916 	 zraR, melR, araC, idnR, fucR, rhaR, rhaS
1917 	 zraR, melR, araC, idnR, fucR, rhaR, rhaS
1918 	 zraR, melR, araC, idnR, fucR, rhaR, rhaS
1919 	 zraR, melR, araC, idnR, rhaR, rhaS
1920 	 zraR, melR, araC, idnR, fucR, rhaR, rhaS
1921 	 zraR, melR, araC, idnR, rhaR, rhaS
1922 	 zraR, melR, araC, idnR, rhaR, rhaS
1923 	 zraR, melR, araC, idnR, rhaR, rhaS
1924 	 zraR, melR, araC, idnR, rhaR, rhaS
1925 	 zraR, melR, araC, idnR, fucR, rhaR, rhaS
1926 	 zraR, melR, araC, idnR, rhaR, rhaS
1927 	 zraR, melR, araC, idnR, fucR, rhaR, rhaS
1928 	 zraR, melR, araC, idnR, rhaR, rhaS
1929 	 zraR, melR, araC, idnR, fucR, rhaR, rhaS
1930 	 zraR, melR, araC, idnR, fucR, rhaR, rhaS
1931 	 zraR, melR, araC, idnR, rhaR, rhaS
1932 	 zraR, melR, araC, idnR, fucR, rhaR, rhaS
1933 	 zraR, melR, araC, idnR, rhaR, rhaS
1934 	 zraR, melR, araC, idnR, fucR, rhaR, rhaS
1935 	 zraR, melR, araC, idnR, fucR, rhaR, rhaS
1936 	 zraR, melR, araC, idnR, fucR, rhaR, rhaS
1937 	 zraR, melR, araC, idnR, rhaR, rhaS
1938 	 zraR, melR, araC, idnR, rhaR, rhaS
1939 	 zraR, melR, araC, idnR, fucR, rhaR, rhaS
1940 	 zraR, melR, araC, idnR, rhaR, rhaS
1941 	 zraR, melR, araC, idnR, rhaR, rhaS
1942 	 zraR, melR, araC, idnR, rhaR, rhaS
1943 	 zraR, melR, araC, idnR, fucR, rhaR, rhaS
1944 	 zraR, melR, araC, idnR, rhaR, rhaS
1945 	 zraR, melR, araC, idnR, rhaR, rhaS
1946 	 zraR, melR, araC, idnR, fucR, rhaR, rhaS
1947 	 zraR, melR, araC, idnR, fucR, rhaR, rhaS
1948 	 zraR, melR, araC, idnR, fucR, rhaR, rhaS
1949 	 zraR, melR, araC, idnR, fucR, rhaR, rhaS
1950 	 zraR, melR, araC, idnR, fucR, rhaR, rhaS
1951 	 zraR, melR, araC, idnR, rhaR, rhaS
1952 	 zraR, melR, araC, idnR, fucR, rhaR, rhaS
1953 	 zraR, melR, rhaR, rhaS
1954 	 zraR, melR, rhaR, rhaS
1955 	 zraR, melR, rhaR, rhaS
1956 	 zraR, melR, rhaR, rhaS
1957 	 zraR, melR, fucR, rhaR, rhaS
1958 	 zraR, melR, rhaR, rhaS
1959 	 zraR, melR, rhaR, rhaS
1960 	 zraR, melR, fucR, rhaR, rhaS
1961 	 zraR, melR, fucR, rhaR, rhaS
1962 	 zraR, melR, fucR, rhaR, rhaS
1963 	 zraR, melR, rhaR, rhaS
1964 	 zraR, melR, fucR, rhaR, rhaS
1965 	 zraR, melR, fucR, rhaR, rhaS
1966 	 zraR, melR, fucR, rhaR, rhaS
1967 	 zraR, melR, rhaR, rhaS
1968 	 zraR, melR, fucR, rhaR, rhaS
1969 	 zraR, melR, rhaR, rhaS
1970 	 zraR, melR, rhaR, rhaS
1971 	 zraR, melR, rhaR, rhaS
1972 	 zraR, melR, rhaR, rhaS
1973 	 zraR, melR, fucR, rhaR, rhaS
1974 	 zraR, melR, rhaR, rhaS
1975 	 zraR, melR, fucR, rhaR, rhaS
1976 	 zraR, melR, rhaR, rhaS
1977 	 zraR, melR, fucR, rhaR, rhaS
1978 	 zraR, melR, rhaR, rhaS
1979 	 zraR, melR, fucR, rhaR, rhaS
1980 	 zraR, melR, fucR, rhaR, rhaS
1981 	 zraR, melR, rhaR, rhaS
1982 	 zraR, melR, fucR, rhaR, rhaS
1983 	 zraR, melR, fucR, rhaR, rhaS
1984 	 zraR, melR, fucR, rhaR, rhaS
1985 	 zraR, melR, rhaR, rhaS
1986 	 zraR, melR, fucR, rhaR, rhaS
1987 	 zraR, melR, rhaR, rhaS
1988 	 zraR, melR, rhaR, rhaS
1989 	 zraR, melR, rhaR, rhaS
1990 	 zraR, melR, fucR, rhaR, rhaS
1991 	 zraR, melR, rhaR, rhaS
1992 	 zraR, melR, rhaR, rhaS
1993 	 zraR, melR, fucR, rhaR, rhaS
1994 	 zraR, melR, rhaR, rhaS
1995 	 zraR, melR, fucR, rhaR, rhaS
1996 	 zraR, melR, fucR, rhaR, rhaS
1997 	 zraR, melR, fucR, rhaR, rhaS
1998 	 zraR, melR, rhaR, rhaS
1999 	 zraR, melR, fucR, rhaR, rhaS
2000 	 zraR, melR, fucR, rhaR, rhaS
2001 	 zraR, melR, rhaR, rhaS
2002 	 zraR, melR, rhaR, rhaS
2003 	 zraR, melR, fucR, rhaR, rhaS
2004 	 zraR, melR, fucR, rhaR, rhaS
2005 	 zraR, melR, rhaR, rhaS
2006 	 zraR, melR, rhaR, rhaS
2007 	 zraR, melR, fucR, rhaR, rhaS
2008 	 zraR, melR, rhaR, rhaS
2009 	 zraR, melR, rhaR, rhaS
2010 	 zraR, melR, fucR, rhaR, rhaS
2011 	 zraR, melR, fucR, rhaR, rhaS
2012 	 zraR, melR, rhaR, rhaS
2013 	 zraR, melR, rhaR, rhaS
2014 	 zraR, melR, fucR, rhaR, rhaS
2015 	 zraR, melR, fucR, rhaR, rhaS
2016 	 zraR, melR, fucR, rhaR, rhaS
2017 	 zraR, melR, araC, rhaR, rhaS
2018 	 zraR, melR, araC, rhaR, rhaS
2019 	 zraR, melR, araC, rhaR, rhaS
2020 	 zraR, melR, araC, rhaR, rhaS
2021 	 zraR, melR, araC, rhaR, rhaS
2022 	 zraR, melR, araC, rhaR, rhaS
2023 	 zraR, melR, araC, rhaR, rhaS
2024 	 zraR, melR, araC, rhaR, rhaS
2025 	 zraR, melR, araC, rhaR, rhaS
2026 	 zraR, melR, araC, rhaR, rhaS
2027 	 zraR, melR, araC, rhaR, rhaS
2028 	 zraR, melR, araC, fucR, rhaR, rhaS
2029 	 zraR, melR, araC, rhaR, rhaS
2030 	 zraR, melR, araC, fucR, rhaR, rhaS
2031 	 zraR, melR, araC, rhaR, rhaS
2032 	 zraR, melR, araC, fucR, rhaR, rhaS
2033 	 zraR, melR, araC, rhaR, rhaS
2034 	 zraR, melR, araC, fucR, rhaR, rhaS
2035 	 zraR, melR, araC, rhaR, rhaS
2036 	 zraR, melR, araC, fucR, rhaR, rhaS
2037 	 zraR, melR, araC, fucR, rhaR, rhaS
2038 	 zraR, melR, araC, fucR, rhaR, rhaS
2039 	 zraR, melR, araC, fucR, rhaR, rhaS
2040 	 zraR, melR, araC, fucR, rhaR, rhaS
2041 	 zraR, melR, araC, fucR, rhaR, rhaS
2042 	 zraR, melR, araC, fucR, rhaR, rhaS
2043 	 zraR, melR, araC, fucR, rhaR, rhaS
2044 	 zraR, melR, araC, fucR, rhaR, rhaS
2045 	 zraR, melR, araC, fucR, rhaR, rhaS
2046 	 zraR, melR, araC, fucR, rhaR, rhaS
2047 	 zraR, melR, araC, rhaR, rhaS
2048 	 zraR, melR, araC, fucR, rhaR, rhaS
2049 	 zraR, melR, araC, rhaR, rhaS
2050 	 zraR, melR, araC, rhaR, rhaS
2051 	 zraR, melR, araC, rhaR, rhaS
2052 	 zraR, melR, araC, rhaR, rhaS
2053 	 zraR, melR, araC, rhaR, rhaS
2054 	 zraR, melR, araC, fucR, rhaR, rhaS
2055 	 zraR, melR, araC, rhaR, rhaS
2056 	 zraR, melR, araC, fucR, rhaR, rhaS
2057 	 zraR, melR, araC, rhaR, rhaS
2058 	 zraR, melR, araC, fucR, rhaR, rhaS
2059 	 zraR, melR, araC, rhaR, rhaS
2060 	 zraR, melR, araC, rhaR, rhaS
2061 	 zraR, melR, araC, fucR, rhaR, rhaS
2062 	 zraR, melR, araC, rhaR, rhaS
2063 	 zraR, melR, araC, fucR, rhaR, rhaS
2064 	 zraR, melR, araC, rhaR, rhaS
2065 	 zraR, melR, araC, fucR, rhaR, rhaS
2066 	 zraR, melR, araC, fucR, rhaR, rhaS
2067 	 zraR, melR, araC, fucR, rhaR, rhaS
2068 	 zraR, melR, araC, rhaR, rhaS
2069 	 zraR, melR, araC, rhaR, rhaS
2070 	 zraR, melR, araC, rhaR, rhaS
2071 	 zraR, melR, araC, fucR, rhaR, rhaS
2072 	 zraR, melR, araC, fucR, rhaR, rhaS
2073 	 zraR, melR, araC, fucR, rhaR, rhaS
2074 	 zraR, melR, araC, rhaR, rhaS
2075 	 zraR, melR, araC, fucR, rhaR, rhaS
2076 	 zraR, melR, araC, rhaR, rhaS
2077 	 zraR, melR, araC, fucR, rhaR, rhaS
2078 	 zraR, melR, araC, fucR, rhaR, rhaS
2079 	 zraR, melR, araC, fucR, rhaR, rhaS
2080 	 zraR, melR, araC, fucR, rhaR, rhaS
2081 	 zraR, melR, idnR, rhaR, rhaS
2082 	 zraR, melR, idnR, rhaR, rhaS
2083 	 zraR, melR, idnR, fucR, rhaR, rhaS
2084 	 zraR, melR, idnR, fucR, rhaR, rhaS
2085 	 zraR, melR, idnR, rhaR, rhaS
2086 	 zraR, melR, idnR, rhaR, rhaS
2087 	 zraR, melR, idnR, fucR, rhaR, rhaS
2088 	 zraR, melR, idnR, rhaR, rhaS
2089 	 zraR, melR, idnR, rhaR, rhaS
2090 	 zraR, melR, idnR, fucR, rhaR, rhaS
2091 	 zraR, melR, idnR, fucR, rhaR, rhaS
2092 	 zraR, melR, idnR, rhaR, rhaS
2093 	 zraR, melR, idnR, fucR, rhaR, rhaS
2094 	 zraR, melR, idnR, fucR, rhaR, rhaS
2095 	 zraR, melR, idnR, rhaR, rhaS
2096 	 zraR, melR, idnR, rhaR, rhaS
2097 	 zraR, melR, idnR, rhaR, rhaS
2098 	 zraR, melR, idnR, rhaR, rhaS
2099 	 zraR, melR, idnR, fucR, rhaR, rhaS
2100 	 zraR, melR, idnR, rhaR, rhaS
2101 	 zraR, melR, idnR, fucR, rhaR, rhaS
2102 	 zraR, melR, idnR, rhaR, rhaS
2103 	 zraR, melR, idnR, fucR, rhaR, rhaS
2104 	 zraR, melR, idnR, fucR, rhaR, rhaS
2105 	 zraR, melR, idnR, rhaR, rhaS
2106 	 zraR, melR, idnR, fucR, rhaR, rhaS
2107 	 zraR, melR, idnR, rhaR, rhaS
2108 	 zraR, melR, idnR, fucR, rhaR, rhaS
2109 	 zraR, melR, idnR, rhaR, rhaS
2110 	 zraR, melR, idnR, fucR, rhaR, rhaS
2111 	 zraR, melR, idnR, fucR, rhaR, rhaS
2112 	 zraR, melR, idnR, fucR, rhaR, rhaS
2113 	 zraR, melR, idnR, rhaR, rhaS
2114 	 zraR, melR, idnR, fucR, rhaR, rhaS
2115 	 zraR, melR, idnR, rhaR, rhaS
2116 	 zraR, melR, idnR, fucR, rhaR, rhaS
2117 	 zraR, melR, idnR, rhaR, rhaS
2118 	 zraR, melR, idnR, rhaR, rhaS
2119 	 zraR, melR, idnR, rhaR, rhaS
2120 	 zraR, melR, idnR, fucR, rhaR, rhaS
2121 	 zraR, melR, idnR, fucR, rhaR, rhaS
2122 	 zraR, melR, idnR, rhaR, rhaS
2123 	 zraR, melR, idnR, fucR, rhaR, rhaS
2124 	 zraR, melR, idnR, rhaR, rhaS
2125 	 zraR, melR, idnR, fucR, rhaR, rhaS
2126 	 zraR, melR, idnR, rhaR, rhaS
2127 	 zraR, melR, idnR, rhaR, rhaS
2128 	 zraR, melR, idnR, fucR, rhaR, rhaS
2129 	 zraR, melR, idnR, fucR, rhaR, rhaS
2130 	 zraR, melR, idnR, rhaR, rhaS
2131 	 zraR, melR, idnR, rhaR, rhaS
2132 	 zraR, melR, idnR, rhaR, rhaS
2133 	 zraR, melR, idnR, fucR, rhaR, rhaS
2134 	 zraR, melR, idnR, fucR, rhaR, rhaS
2135 	 zraR, melR, idnR, rhaR, rhaS
2136 	 zraR, melR, idnR, fucR, rhaR, rhaS
2137 	 zraR, melR, idnR, rhaR, rhaS
2138 	 zraR, melR, idnR, rhaR, rhaS
2139 	 zraR, melR, idnR, fucR, rhaR, rhaS
2140 	 zraR, melR, idnR, fucR, rhaR, rhaS
2141 	 zraR, melR, idnR, fucR, rhaR, rhaS
2142 	 zraR, melR, idnR, rhaR, rhaS
2143 	 zraR, melR, idnR, fucR, rhaR, rhaS
2144 	 zraR, melR, idnR, fucR, rhaR, rhaS
2145 	 zraR, melR, araC, idnR, rhaR, rhaS
2146 	 zraR, melR, araC, idnR, rhaR, rhaS
2147 	 zraR, melR, araC, idnR, rhaR, rhaS
2148 	 zraR, melR, araC, idnR, rhaR, rhaS
2149 	 zraR, melR, araC, idnR, fucR, rhaR, rhaS
2150 	 zraR, melR, araC, idnR, rhaR, rhaS
2151 	 zraR, melR, araC, idnR, fucR, rhaR, rhaS
2152 	 zraR, melR, araC, idnR, rhaR, rhaS
2153 	 zraR, melR, araC, idnR, fucR, rhaR, rhaS
2154 	 zraR, melR, araC, idnR, rhaR, rhaS
2155 	 zraR, melR, araC, idnR, fucR, rhaR, rhaS
2156 	 zraR, melR, araC, idnR, rhaR, rhaS
2157 	 zraR, melR, araC, idnR, rhaR, rhaS
2158 	 zraR, melR, araC, idnR, rhaR, rhaS
2159 	 zraR, melR, araC, idnR, fucR, rhaR, rhaS
2160 	 zraR, melR, araC, idnR, rhaR, rhaS
2161 	 zraR, melR, araC, idnR, fucR, rhaR, rhaS
2162 	 zraR, melR, araC, idnR, rhaR, rhaS
2163 	 zraR, melR, araC, idnR, fucR, rhaR, rhaS
2164 	 zraR, melR, araC, idnR, fucR, rhaR, rhaS
2165 	 zraR, melR, araC, idnR, rhaR, rhaS
2166 	 zraR, melR, araC, idnR, fucR, rhaR, rhaS
2167 	 zraR, melR, araC, idnR, rhaR, rhaS
2168 	 zraR, melR, araC, idnR, fucR, rhaR, rhaS
2169 	 zraR, melR, araC, idnR, fucR, rhaR, rhaS
2170 	 zraR, melR, araC, idnR, fucR, rhaR, rhaS
2171 	 zraR, melR, araC, idnR, rhaR, rhaS
2172 	 zraR, melR, araC, idnR, fucR, rhaR, rhaS
2173 	 zraR, melR, araC, idnR, fucR, rhaR, rhaS
2174 	 zraR, melR, araC, idnR, fucR, rhaR, rhaS
2175 	 zraR, melR, araC, idnR, rhaR, rhaS
2176 	 zraR, melR, araC, idnR, fucR, rhaR, rhaS
2177 	 zraR, melR, araC, idnR, rhaR, rhaS
2178 	 zraR, melR, araC, idnR, rhaR, rhaS
2179 	 zraR, melR, araC, idnR, rhaR, rhaS
2180 	 zraR, melR, araC, idnR, rhaR, rhaS
2181 	 zraR, melR, araC, idnR, rhaR, rhaS
2182 	 zraR, melR, araC, idnR, rhaR, rhaS
2183 	 zraR, melR, araC, idnR, rhaR, rhaS
2184 	 zraR, melR, araC, idnR, fucR, rhaR, rhaS
2185 	 zraR, melR, araC, idnR, rhaR, rhaS
2186 	 zraR, melR, araC, idnR, fucR, rhaR, rhaS
2187 	 zraR, melR, araC, idnR, rhaR, rhaS
2188 	 zraR, melR, araC, idnR, fucR, rhaR, rhaS
2189 	 zraR, melR, araC, idnR, rhaR, rhaS
2190 	 zraR, melR, araC, idnR, fucR, rhaR, rhaS
2191 	 zraR, melR, araC, idnR, rhaR, rhaS
2192 	 zraR, melR, araC, idnR, fucR, rhaR, rhaS
2193 	 zraR, melR, araC, idnR, rhaR, rhaS
2194 	 zraR, melR, araC, idnR, fucR, rhaR, rhaS
2195 	 zraR, melR, araC, idnR, fucR, rhaR, rhaS
2196 	 zraR, melR, araC, idnR, fucR, rhaR, rhaS
2197 	 zraR, melR, araC, idnR, rhaR, rhaS
2198 	 zraR, melR, araC, idnR, fucR, rhaR, rhaS
2199 	 zraR, melR, araC, idnR, fucR, rhaR, rhaS
2200 	 zraR, melR, araC, idnR, rhaR, rhaS
2201 	 zraR, melR, araC, idnR, fucR, rhaR, rhaS
2202 	 zraR, melR, araC, idnR, fucR, rhaR, rhaS
2203 	 zraR, melR, araC, idnR, fucR, rhaR, rhaS
2204 	 zraR, melR, araC, idnR, fucR, rhaR, rhaS
2205 	 zraR, melR, araC, idnR, rhaR, rhaS
2206 	 zraR, melR, araC, idnR, rhaR, rhaS
2207 	 zraR, melR, araC, idnR, fucR, rhaR, rhaS
2208 	 zraR, melR, araC, idnR, fucR, rhaR, rhaS
