251 	 zraR, fucR
268 	 zraR, rhaR, rhaS
269 	 zraR, fucR, rhaR, rhaS
291 	 zraR, fucR
297 	 zraR, fucR
300 	 zraR, fucR
303 	 zraR, rhaR, rhaS
304 	 zraR, fucR, rhaR, rhaS
307 	 zraR, fucR
311 	 zraR, fucR
344 	 zraR, fucR
369 	 zraR, fucR
374 	 zraR, fucR
376 	 zraR, rhaR, rhaS
377 	 zraR, fucR, rhaR, rhaS
378 	 zraR, rhaR, rhaS
379 	 zraR, fucR, rhaR, rhaS
393 	 zraR, fucR
408 	 zraR, fucR
434 	 zraR, fucR
444 	 zraR, fucR
461 	 zraR, fucR
464 	 zraR, fucR
483 	 zraR, fucR
525 	 zraR, fucR
532 	 zraR, rhaR, rhaS
533 	 zraR, fucR, rhaR, rhaS
534 	 zraR, rhaR, rhaS
535 	 zraR, fucR, rhaR, rhaS
536 	 zraR, rhaR, rhaS
537 	 zraR, fucR, rhaR, rhaS
538 	 zraR, rhaR, rhaS
539 	 zraR, fucR, rhaR, rhaS
552 	 zraR, fucR
561 	 zraR, fucR
574 	 zraR, fucR
618 	 zraR, fucR
619 	 zraR, fucR
637 	 zraR, fucR
680 	 zraR, fucR
698 	 zraR, fucR
717 	 zraR, fucR
718 	 zraR, rhaR, rhaS
719 	 zraR, fucR, rhaR, rhaS
720 	 zraR, rhaR, rhaS
721 	 zraR, fucR, rhaR, rhaS
722 	 zraR, rhaR, rhaS
723 	 zraR, fucR, rhaR, rhaS
724 	 zraR, rhaR, rhaS
725 	 zraR, fucR, rhaR, rhaS
726 	 zraR, rhaR, rhaS
727 	 zraR, fucR, rhaR, rhaS
728 	 zraR, rhaR, rhaS
729 	 zraR, fucR, rhaR, rhaS
730 	 zraR, rhaR, rhaS
731 	 zraR, fucR, rhaR, rhaS
732 	 zraR, rhaR, rhaS
733 	 zraR, fucR, rhaR, rhaS
760 	 zraR, fucR
781 	 zraR, fucR
868 	 zraR, fucR
879 	 zraR, fucR
897 	 zraR, fucR
959 	 zraR, fucR
960 	 zraR, fucR
961 	 zraR, fucR
962 	 zraR, fucR
1031 	 zraR, fucR
1032 	 zraR, fucR
1033 	 zraR, fucR
1034 	 zraR, fucR
1035 	 zraR, rhaR, rhaS
1036 	 zraR, rhaR, rhaS
1037 	 zraR, rhaR, rhaS
1038 	 zraR, rhaR, rhaS
1039 	 zraR, fucR, rhaR, rhaS
1040 	 zraR, fucR, rhaR, rhaS
1041 	 zraR, fucR, rhaR, rhaS
1042 	 zraR, fucR, rhaR, rhaS
1043 	 zraR, rhaR, rhaS
1044 	 zraR, rhaR, rhaS
1045 	 zraR, rhaR, rhaS
1046 	 zraR, rhaR, rhaS
1047 	 zraR, fucR, rhaR, rhaS
1048 	 zraR, fucR, rhaR, rhaS
1049 	 zraR, fucR, rhaR, rhaS
1050 	 zraR, fucR, rhaR, rhaS
1051 	 zraR, rhaR, rhaS
1052 	 zraR, rhaR, rhaS
1053 	 zraR, rhaR, rhaS
1054 	 zraR, rhaR, rhaS
1055 	 zraR, fucR, rhaR, rhaS
1056 	 zraR, fucR, rhaR, rhaS
1057 	 zraR, fucR, rhaR, rhaS
1058 	 zraR, fucR, rhaR, rhaS
1059 	 zraR, rhaR, rhaS
1060 	 zraR, rhaR, rhaS
1061 	 zraR, rhaR, rhaS
1062 	 zraR, rhaR, rhaS
1063 	 zraR, fucR, rhaR, rhaS
1064 	 zraR, fucR, rhaR, rhaS
1065 	 zraR, fucR, rhaR, rhaS
1066 	 zraR, fucR, rhaR, rhaS
1227 	 zraR, fucR
1229 	 zraR, fucR
1231 	 zraR, fucR
1233 	 zraR, fucR
1441 	 zraR, fucR
1442 	 zraR, fucR
1443 	 zraR, fucR
1444 	 zraR, fucR
1445 	 zraR, fucR
1446 	 zraR, fucR
1447 	 zraR, fucR
1448 	 zraR, fucR
1580 	 zraR, fucR
1581 	 zraR, fucR
1582 	 zraR, fucR
1583 	 zraR, fucR
1588 	 zraR, fucR
1589 	 zraR, fucR
1590 	 zraR, fucR
1591 	 zraR, fucR
1668 	 zraR, rhaR, rhaS
1857 	 zraR, fucR
1858 	 zraR, fucR
1859 	 zraR, fucR
1860 	 zraR, fucR
1865 	 zraR, fucR
1866 	 zraR, fucR
1867 	 zraR, fucR
1868 	 zraR, fucR
1873 	 zraR, fucR
1874 	 zraR, fucR
1875 	 zraR, fucR
1876 	 zraR, fucR
1881 	 zraR, fucR
1882 	 zraR, fucR
1883 	 zraR, fucR
1884 	 zraR, fucR
2640 	 zraR, fucR
2641 	 zraR, fucR
2643 	 zraR, fucR
2645 	 zraR, fucR
2647 	 zraR, fucR
2649 	 zraR, fucR
2651 	 zraR, fucR
2653 	 zraR, fucR
2656 	 zraR, fucR
2808 	 zraR, rhaR, rhaS
2971 	 zraR, rhaR, rhaS
2972 	 zraR, fucR, rhaR, rhaS
2974 	 zraR, fucR, rhaR, rhaS
2975 	 zraR, rhaR, rhaS
2977 	 zraR, rhaR, rhaS
2978 	 zraR, fucR, rhaR, rhaS
2980 	 zraR, fucR, rhaR, rhaS
2981 	 zraR, rhaR, rhaS
2983 	 zraR, rhaR, rhaS
2984 	 zraR, fucR, rhaR, rhaS
2986 	 zraR, fucR, rhaR, rhaS
2987 	 zraR, rhaR, rhaS
2989 	 zraR, rhaR, rhaS
2990 	 zraR, fucR, rhaR, rhaS
2992 	 zraR, fucR, rhaR, rhaS
2993 	 zraR, rhaR, rhaS
2995 	 zraR, rhaR, rhaS
2996 	 zraR, fucR, rhaR, rhaS
2998 	 zraR, fucR, rhaR, rhaS
2999 	 zraR, rhaR, rhaS
3001 	 zraR, fucR, rhaR, rhaS
3002 	 zraR, rhaR, rhaS
3004 	 zraR, fucR, rhaR, rhaS
3005 	 zraR, rhaR, rhaS
3007 	 zraR, fucR, rhaR, rhaS
3008 	 zraR, rhaR, rhaS
3010 	 zraR, fucR, rhaR, rhaS
3011 	 zraR, rhaR, rhaS
3013 	 zraR, fucR, rhaR, rhaS
3014 	 zraR, rhaR, rhaS
3016 	 zraR, fucR, rhaR, rhaS
4011 	 zraR, fucR
4023 	 zraR, fucR
4025 	 zraR, fucR
4041 	 zraR, fucR
4055 	 zraR, fucR
4057 	 zraR, fucR
4107 	 zraR, fucR
4109 	 zraR, fucR
4123 	 zraR, fucR
4125 	 zraR, fucR
4143 	 zraR, fucR
4145 	 zraR, fucR
4159 	 zraR, fucR
4161 	 zraR, fucR
4254 	 zraR, fucR
4255 	 zraR, fucR
4262 	 zraR, fucR
4263 	 zraR, fucR
4284 	 zraR, fucR
4285 	 zraR, fucR
4286 	 zraR, fucR
4287 	 zraR, fucR
4387 	 zraR, fucR
4388 	 zraR, fucR
4389 	 zraR, fucR
4390 	 zraR, fucR
4391 	 zraR, fucR
4392 	 zraR, fucR
4393 	 zraR, fucR
4394 	 zraR, fucR
4395 	 zraR, fucR
4396 	 zraR, fucR
4397 	 zraR, fucR
4407 	 zraR, fucR
4426 	 zraR, fucR
4427 	 zraR, fucR
4446 	 zraR, fucR
4447 	 zraR, fucR
4466 	 zraR, fucR
4467 	 zraR, fucR
4486 	 zraR, fucR
4487 	 zraR, fucR
4506 	 zraR, fucR
4507 	 zraR, fucR
4508 	 zraR, rhaR, rhaS
4510 	 zraR, rhaR, rhaS
4512 	 zraR, rhaR, rhaS
4514 	 zraR, rhaR, rhaS
4516 	 zraR, fucR, rhaR, rhaS
4518 	 zraR, fucR, rhaR, rhaS
4520 	 zraR, fucR, rhaR, rhaS
4522 	 zraR, fucR, rhaR, rhaS
4524 	 zraR, rhaR, rhaS
4526 	 zraR, rhaR, rhaS
4528 	 zraR, rhaR, rhaS
4530 	 zraR, rhaR, rhaS
4532 	 zraR, fucR, rhaR, rhaS
4534 	 zraR, fucR, rhaR, rhaS
4536 	 zraR, fucR, rhaR, rhaS
4538 	 zraR, fucR, rhaR, rhaS
4540 	 zraR, rhaR, rhaS
4542 	 zraR, rhaR, rhaS
4544 	 zraR, rhaR, rhaS
4546 	 zraR, rhaR, rhaS
4548 	 zraR, fucR, rhaR, rhaS
4550 	 zraR, fucR, rhaR, rhaS
4552 	 zraR, fucR, rhaR, rhaS
4554 	 zraR, fucR, rhaR, rhaS
4556 	 zraR, rhaR, rhaS
4558 	 zraR, rhaR, rhaS
4560 	 zraR, rhaR, rhaS
4562 	 zraR, rhaR, rhaS
4564 	 zraR, fucR, rhaR, rhaS
4566 	 zraR, fucR, rhaR, rhaS
4568 	 zraR, fucR, rhaR, rhaS
4570 	 zraR, fucR, rhaR, rhaS
4572 	 zraR, rhaR, rhaS
4574 	 zraR, rhaR, rhaS
4576 	 zraR, rhaR, rhaS
4578 	 zraR, rhaR, rhaS
4580 	 zraR, rhaR, rhaS
4582 	 zraR, rhaR, rhaS
4584 	 zraR, rhaR, rhaS
4586 	 zraR, fucR, rhaR, rhaS
4588 	 zraR, fucR, rhaR, rhaS
4590 	 zraR, fucR, rhaR, rhaS
4592 	 zraR, fucR, rhaR, rhaS
4594 	 zraR, fucR, rhaR, rhaS
4596 	 zraR, fucR, rhaR, rhaS
4598 	 zraR, fucR, rhaR, rhaS
4600 	 zraR, fucR, rhaR, rhaS
4602 	 zraR, rhaR, rhaS
4604 	 zraR, rhaR, rhaS
4606 	 zraR, rhaR, rhaS
4608 	 zraR, rhaR, rhaS
4610 	 zraR, rhaR, rhaS
4612 	 zraR, rhaR, rhaS
4614 	 zraR, rhaR, rhaS
4616 	 zraR, rhaR, rhaS
4618 	 zraR, fucR, rhaR, rhaS
4620 	 zraR, fucR, rhaR, rhaS
4622 	 zraR, fucR, rhaR, rhaS
4624 	 zraR, fucR, rhaR, rhaS
4626 	 zraR, fucR, rhaR, rhaS
4628 	 zraR, fucR, rhaR, rhaS
4630 	 zraR, fucR, rhaR, rhaS
4632 	 zraR, fucR, rhaR, rhaS
4634 	 zraR, rhaR, rhaS
4636 	 zraR, rhaR, rhaS
4638 	 zraR, rhaR, rhaS
4640 	 zraR, rhaR, rhaS
4642 	 zraR, rhaR, rhaS
4644 	 zraR, rhaR, rhaS
4646 	 zraR, rhaR, rhaS
4648 	 zraR, rhaR, rhaS
4650 	 zraR, fucR, rhaR, rhaS
4652 	 zraR, fucR, rhaR, rhaS
4654 	 zraR, fucR, rhaR, rhaS
4656 	 zraR, fucR, rhaR, rhaS
4658 	 zraR, fucR, rhaR, rhaS
4660 	 zraR, fucR, rhaR, rhaS
4662 	 zraR, fucR, rhaR, rhaS
4664 	 zraR, fucR, rhaR, rhaS
4666 	 zraR, rhaR, rhaS
4668 	 zraR, rhaR, rhaS
4670 	 zraR, rhaR, rhaS
4672 	 zraR, rhaR, rhaS
4674 	 zraR, rhaR, rhaS
4676 	 zraR, rhaR, rhaS
4678 	 zraR, rhaR, rhaS
4680 	 zraR, rhaR, rhaS
4682 	 zraR, fucR, rhaR, rhaS
4684 	 zraR, fucR, rhaR, rhaS
4686 	 zraR, fucR, rhaR, rhaS
4688 	 zraR, fucR, rhaR, rhaS
4690 	 zraR, fucR, rhaR, rhaS
4692 	 zraR, fucR, rhaR, rhaS
4694 	 zraR, fucR, rhaR, rhaS
4696 	 zraR, fucR, rhaR, rhaS
4698 	 zraR, rhaR, rhaS
4700 	 zraR, rhaR, rhaS
4702 	 zraR, rhaR, rhaS
4704 	 zraR, rhaR, rhaS
4706 	 zraR, rhaR, rhaS
4708 	 zraR, rhaR, rhaS
4710 	 zraR, rhaR, rhaS
4712 	 zraR, rhaR, rhaS
4714 	 zraR, fucR, rhaR, rhaS
4716 	 zraR, fucR, rhaR, rhaS
4718 	 zraR, fucR, rhaR, rhaS
4720 	 zraR, fucR, rhaR, rhaS
4722 	 zraR, fucR, rhaR, rhaS
4724 	 zraR, fucR, rhaR, rhaS
4726 	 zraR, fucR, rhaR, rhaS
4728 	 zraR, fucR, rhaR, rhaS
4730 	 zraR, rhaR, rhaS
4732 	 zraR, rhaR, rhaS
4734 	 zraR, rhaR, rhaS
4736 	 zraR, rhaR, rhaS
4738 	 zraR, rhaR, rhaS
4740 	 zraR, rhaR, rhaS
4742 	 zraR, rhaR, rhaS
4744 	 zraR, rhaR, rhaS
4746 	 zraR, fucR, rhaR, rhaS
4748 	 zraR, fucR, rhaR, rhaS
4750 	 zraR, fucR, rhaR, rhaS
4752 	 zraR, fucR, rhaR, rhaS
4754 	 zraR, fucR, rhaR, rhaS
4756 	 zraR, fucR, rhaR, rhaS
4758 	 zraR, fucR, rhaR, rhaS
4760 	 zraR, fucR, rhaR, rhaS
4762 	 zraR, rhaR, rhaS
4764 	 zraR, rhaR, rhaS
4766 	 zraR, rhaR, rhaS
4768 	 zraR, rhaR, rhaS
4770 	 zraR, rhaR, rhaS
4772 	 zraR, rhaR, rhaS
4774 	 zraR, rhaR, rhaS
4776 	 zraR, rhaR, rhaS
4778 	 zraR, fucR, rhaR, rhaS
4780 	 zraR, fucR, rhaR, rhaS
4782 	 zraR, fucR, rhaR, rhaS
4784 	 zraR, fucR, rhaR, rhaS
4786 	 zraR, fucR, rhaR, rhaS
4788 	 zraR, fucR, rhaR, rhaS
4790 	 zraR, fucR, rhaR, rhaS
4792 	 zraR, fucR, rhaR, rhaS
4794 	 zraR, rhaR, rhaS
4796 	 zraR, rhaR, rhaS
4798 	 zraR, rhaR, rhaS
4800 	 zraR, rhaR, rhaS
4802 	 zraR, rhaR, rhaS
4804 	 zraR, rhaR, rhaS
4806 	 zraR, rhaR, rhaS
4808 	 zraR, rhaR, rhaS
4810 	 zraR, fucR, rhaR, rhaS
4812 	 zraR, fucR, rhaR, rhaS
4814 	 zraR, fucR, rhaR, rhaS
4816 	 zraR, fucR, rhaR, rhaS
4818 	 zraR, fucR, rhaR, rhaS
4820 	 zraR, fucR, rhaR, rhaS
4822 	 zraR, fucR, rhaR, rhaS
4824 	 zraR, fucR, rhaR, rhaS
