7 	 araC
9 	 zraR
11 	 zraR, araC
15 	 fucR
17 	 araC, fucR
19 	 zraR, fucR
21 	 zraR, araC, fucR
22 	 idnR
23 	 melR
24 	 araC, idnR
25 	 rhaR, rhaS
26 	 melR, araC
27 	 zraR, idnR
28 	 zraR, melR
29 	 rhaR, rhaS, araC
30 	 zraR, araC, idnR
31 	 zraR, melR, araC
32 	 melR, idnR
33 	 melR, fucR
34 	 melR, araC, idnR
35 	 idnR, fucR
36 	 zraR, melR, idnR
37 	 araC, idnR, fucR
38 	 zraR, melR, araC, idnR
39 	 zraR, idnR, fucR
40 	 melR, araC, fucR
41 	 zraR, araC, idnR, fucR
42 	 zraR, melR, fucR
43 	 zraR, melR, araC, fucR
44 	 melR, idnR, fucR
45 	 melR, araC, idnR, fucR
46 	 zraR, melR, idnR, fucR
47 	 zraR, melR, araC, idnR, fucR
50 	 araC
51 	 zraR
52 	 zraR, araC
54 	 melR
55 	 melR, araC
56 	 zraR, melR
57 	 zraR, melR, araC
58 	 idnR
59 	 fucR
60 	 araC, idnR
61 	 araC, fucR
62 	 zraR, idnR
63 	 zraR, fucR
64 	 zraR, araC, idnR
65 	 zraR, araC, fucR
66 	 melR, idnR
67 	 melR, fucR
68 	 melR, araC, idnR
69 	 melR, araC, fucR
70 	 zraR, melR, idnR
71 	 zraR, melR, fucR
72 	 zraR, melR, araC, idnR
73 	 zraR, melR, araC, fucR
74 	 idnR, fucR
75 	 araC, idnR, fucR
76 	 zraR, idnR, fucR
77 	 zraR, araC, idnR, fucR
78 	 melR, idnR, fucR
79 	 melR, araC, idnR, fucR
80 	 zraR, melR, idnR, fucR
81 	 zraR, melR, araC, idnR, fucR
88 	 araC
89 	 zraR
91 	 zraR, araC
92 	 melR
93 	 melR, araC
94 	 zraR, melR
95 	 zraR, melR, araC
96 	 fucR
97 	 idnR
98 	 araC, fucR
99 	 araC, idnR
100 	 zraR, fucR
101 	 zraR, idnR
102 	 zraR, araC, fucR
103 	 zraR, araC, idnR
104 	 melR, fucR
105 	 melR, idnR
106 	 melR, araC, fucR
107 	 melR, araC, idnR
108 	 zraR, melR, fucR
109 	 zraR, melR, idnR
110 	 zraR, melR, araC, fucR
111 	 zraR, melR, araC, idnR
112 	 idnR, fucR
113 	 araC, idnR, fucR
114 	 zraR, idnR, fucR
115 	 zraR, araC, idnR, fucR
116 	 melR, idnR, fucR
117 	 melR, araC, idnR, fucR
118 	 zraR, melR, idnR, fucR
119 	 zraR, melR, araC, idnR, fucR
122 	 araC
123 	 zraR
124 	 zraR, araC
125 	 melR
126 	 melR, araC
127 	 zraR, melR
128 	 zraR, melR, araC
129 	 fucR
130 	 idnR
131 	 araC, fucR
132 	 araC, idnR
133 	 zraR, fucR
134 	 zraR, idnR
135 	 zraR, araC, fucR
136 	 zraR, araC, idnR
137 	 melR, fucR
138 	 melR, idnR
139 	 melR, araC, fucR
140 	 melR, araC, idnR
141 	 zraR, melR, fucR
142 	 zraR, melR, idnR
143 	 zraR, melR, araC, fucR
144 	 zraR, melR, araC, idnR
145 	 idnR, fucR
146 	 araC, idnR, fucR
147 	 zraR, idnR, fucR
148 	 zraR, araC, idnR, fucR
149 	 melR, idnR, fucR
150 	 melR, araC, idnR, fucR
151 	 zraR, melR, idnR, fucR
152 	 zraR, melR, araC, idnR, fucR
154 	 araC
156 	 zraR
158 	 zraR, araC
163 	 araC
164 	 zraR
165 	 zraR, araC
166 	 idnR
167 	 idnR
168 	 araC, idnR
169 	 araC, idnR
170 	 zraR, idnR
171 	 zraR, idnR
172 	 zraR, araC, idnR
173 	 zraR, araC, idnR
174 	 fucR
175 	 melR
176 	 fucR
177 	 melR
178 	 araC, fucR
179 	 melR, araC
180 	 araC, fucR
181 	 melR, araC
182 	 zraR, fucR
183 	 zraR, melR
184 	 zraR, fucR
185 	 zraR, melR
186 	 zraR, araC, fucR
187 	 zraR, melR, araC
188 	 zraR, araC, fucR
189 	 zraR, melR, araC
190 	 idnR, fucR
191 	 melR, idnR
192 	 idnR, fucR
193 	 melR, idnR
194 	 araC, idnR, fucR
195 	 melR, araC, idnR
196 	 araC, idnR, fucR
197 	 melR, araC, idnR
198 	 zraR, idnR, fucR
199 	 zraR, melR, idnR
200 	 zraR, idnR, fucR
201 	 zraR, melR, idnR
202 	 zraR, araC, idnR, fucR
203 	 zraR, melR, araC, idnR
204 	 zraR, araC, idnR, fucR
205 	 zraR, melR, araC, idnR
206 	 melR, fucR
207 	 melR, fucR
208 	 melR, araC, fucR
209 	 melR, araC, fucR
210 	 zraR, melR, fucR
211 	 zraR, melR, fucR
212 	 zraR, melR, araC, fucR
213 	 zraR, melR, araC, fucR
214 	 melR, idnR, fucR
215 	 melR, idnR, fucR
216 	 melR, araC, idnR, fucR
217 	 melR, araC, idnR, fucR
218 	 zraR, melR, idnR, fucR
219 	 zraR, melR, idnR, fucR
220 	 zraR, melR, araC, idnR, fucR
221 	 zraR, melR, araC, idnR, fucR
227 	 araC
228 	 araC
229 	 zraR
230 	 zraR
231 	 zraR, araC
232 	 zraR, araC
233 	 fucR
234 	 fucR
235 	 araC, fucR
236 	 araC, fucR
237 	 zraR, fucR
238 	 zraR, fucR
239 	 zraR, araC, fucR
240 	 zraR, araC, fucR
241 	 melR
242 	 idnR
243 	 melR
244 	 idnR
245 	 melR, araC
246 	 araC, idnR
247 	 melR, araC
248 	 araC, idnR
249 	 zraR, melR
250 	 zraR, idnR
251 	 zraR, melR
252 	 zraR, idnR
253 	 zraR, melR, araC
254 	 zraR, araC, idnR
255 	 zraR, melR, araC
256 	 idnR, fucR
257 	 melR, fucR
258 	 zraR, araC, idnR
259 	 melR, fucR
260 	 idnR, fucR
261 	 melR, araC, fucR
262 	 araC, idnR, fucR
263 	 melR, araC, fucR
264 	 araC, idnR, fucR
265 	 zraR, melR, fucR
266 	 melR, idnR
267 	 melR, idnR
268 	 zraR, melR, fucR
269 	 zraR, idnR, fucR
270 	 zraR, melR, araC, fucR
271 	 zraR, idnR, fucR
272 	 zraR, melR, araC, fucR
273 	 zraR, araC, idnR, fucR
274 	 melR, araC, idnR
275 	 zraR, araC, idnR, fucR
276 	 melR, araC, idnR
277 	 zraR, melR, idnR
278 	 zraR, melR, idnR
279 	 zraR, melR, araC, idnR
280 	 zraR, melR, araC, idnR
281 	 melR, idnR, fucR
283 	 melR, idnR, fucR
284 	 melR, araC, idnR, fucR
285 	 melR, araC, idnR, fucR
286 	 zraR, melR, idnR, fucR
287 	 zraR, melR, idnR, fucR
288 	 zraR, melR, araC, idnR, fucR
289 	 zraR, melR, araC, idnR, fucR
299 	 rhaR, rhaS
300 	 rhaR, rhaS
301 	 rhaR, rhaS
302 	 rhaR, rhaS
303 	 rhaR, rhaS
304 	 rhaR, rhaS
305 	 rhaR, rhaS
306 	 rhaR, rhaS, araC
307 	 rhaR, rhaS, araC
308 	 rhaR, rhaS, araC
309 	 rhaR, rhaS, araC
310 	 rhaR, rhaS, araC
311 	 rhaR, rhaS, araC
312 	 rhaR, rhaS, araC
313 	 rhaR, rhaS, zraR
314 	 rhaR, rhaS, zraR
315 	 rhaR, rhaS, zraR
316 	 rhaR, rhaS, zraR
317 	 rhaR, rhaS, zraR
318 	 rhaR, rhaS, zraR
319 	 rhaR, rhaS, zraR
320 	 rhaR, rhaS, zraR
321 	 rhaR, rhaS, zraR, araC
322 	 rhaR, rhaS, zraR, araC
323 	 rhaR, rhaS, zraR, araC
324 	 rhaR, rhaS, zraR, araC
325 	 rhaR, rhaS, zraR, araC
326 	 rhaR, rhaS, zraR, araC
327 	 rhaR, rhaS, zraR, araC
328 	 rhaR, rhaS, zraR, araC
329 	 rhaR, rhaS, idnR
330 	 rhaR, rhaS, melR
331 	 rhaR, rhaS, idnR
332 	 rhaR, rhaS, melR
333 	 rhaR, rhaS, idnR
334 	 rhaR, rhaS, melR
335 	 rhaR, rhaS, idnR
336 	 rhaR, rhaS, melR
337 	 rhaR, rhaS, idnR
338 	 rhaR, rhaS, melR
339 	 rhaR, rhaS, idnR
340 	 rhaR, rhaS, melR
341 	 rhaR, rhaS, idnR
342 	 rhaR, rhaS, melR
343 	 rhaR, rhaS, idnR
344 	 rhaR, rhaS, melR
345 	 rhaR, rhaS, araC, idnR
346 	 rhaR, rhaS, melR, araC
347 	 rhaR, rhaS, araC, idnR
348 	 rhaR, rhaS, melR, araC
349 	 rhaR, rhaS, araC, idnR
350 	 rhaR, rhaS, melR, araC
351 	 rhaR, rhaS, araC, idnR
352 	 rhaR, rhaS, melR, araC
353 	 rhaR, rhaS, araC, idnR
354 	 rhaR, rhaS, melR, araC
355 	 rhaR, rhaS, araC, idnR
356 	 rhaR, rhaS, melR, araC
357 	 rhaR, rhaS, araC, idnR
358 	 rhaR, rhaS, melR, araC
359 	 rhaR, rhaS, araC, idnR
360 	 rhaR, rhaS, melR, araC
361 	 rhaR, rhaS, zraR, idnR
362 	 rhaR, rhaS, zraR, melR
363 	 rhaR, rhaS, zraR, idnR
364 	 rhaR, rhaS, zraR, melR
365 	 rhaR, rhaS, zraR, idnR
366 	 rhaR, rhaS, zraR, melR
367 	 rhaR, rhaS, zraR, idnR
368 	 rhaR, rhaS, zraR, melR
369 	 rhaR, rhaS, zraR, idnR
370 	 rhaR, rhaS, zraR, melR
371 	 rhaR, rhaS, zraR, idnR
372 	 rhaR, rhaS, zraR, melR
373 	 rhaR, rhaS, zraR, idnR
374 	 rhaR, rhaS, zraR, melR
375 	 rhaR, rhaS, zraR, idnR
376 	 rhaR, rhaS, zraR, melR
377 	 rhaR, rhaS, zraR, araC, idnR
378 	 rhaR, rhaS, zraR, melR, araC
379 	 rhaR, rhaS, zraR, araC, idnR
380 	 rhaR, rhaS, zraR, melR, araC
381 	 rhaR, rhaS, zraR, araC, idnR
382 	 rhaR, rhaS, zraR, melR, araC
383 	 rhaR, rhaS, zraR, araC, idnR
384 	 rhaR, rhaS, zraR, melR, araC
385 	 rhaR, rhaS, zraR, araC, idnR
386 	 rhaR, rhaS, zraR, melR, araC
387 	 rhaR, rhaS, zraR, araC, idnR
388 	 rhaR, rhaS, zraR, melR, araC
389 	 rhaR, rhaS, zraR, araC, idnR
390 	 rhaR, rhaS, zraR, melR, araC
391 	 rhaR, rhaS, zraR, araC, idnR
392 	 rhaR, rhaS, zraR, melR, araC
393 	 rhaR, rhaS, fucR
394 	 rhaR, rhaS, fucR
395 	 rhaR, rhaS, fucR
396 	 rhaR, rhaS, fucR
397 	 rhaR, rhaS, fucR
398 	 rhaR, rhaS, fucR
399 	 rhaR, rhaS, fucR
400 	 rhaR, rhaS, fucR
401 	 rhaR, rhaS, araC, fucR
402 	 rhaR, rhaS, araC, fucR
403 	 rhaR, rhaS, araC, fucR
404 	 rhaR, rhaS, araC, fucR
405 	 rhaR, rhaS, araC, fucR
406 	 rhaR, rhaS, araC, fucR
407 	 rhaR, rhaS, araC, fucR
408 	 rhaR, rhaS, araC, fucR
409 	 rhaR, rhaS, zraR, fucR
410 	 rhaR, rhaS, zraR, fucR
411 	 rhaR, rhaS, zraR, fucR
412 	 rhaR, rhaS, zraR, fucR
413 	 rhaR, rhaS, zraR, fucR
414 	 rhaR, rhaS, zraR, fucR
415 	 rhaR, rhaS, zraR, fucR
416 	 rhaR, rhaS, zraR, fucR
417 	 rhaR, rhaS, zraR, araC, fucR
418 	 rhaR, rhaS, zraR, araC, fucR
419 	 rhaR, rhaS, zraR, araC, fucR
420 	 rhaR, rhaS, zraR, araC, fucR
421 	 rhaR, rhaS, zraR, araC, fucR
422 	 rhaR, rhaS, zraR, araC, fucR
423 	 rhaR, rhaS, zraR, araC, fucR
424 	 rhaR, rhaS, zraR, araC, fucR
425 	 rhaR, rhaS, idnR, fucR
426 	 rhaR, rhaS, melR, fucR
427 	 rhaR, rhaS, idnR, fucR
428 	 rhaR, rhaS, melR, fucR
429 	 rhaR, rhaS, idnR, fucR
430 	 rhaR, rhaS, melR, fucR
431 	 rhaR, rhaS, idnR, fucR
432 	 rhaR, rhaS, melR, fucR
433 	 rhaR, rhaS, idnR, fucR
434 	 rhaR, rhaS, melR, fucR
435 	 rhaR, rhaS, idnR, fucR
436 	 rhaR, rhaS, melR, fucR
437 	 rhaR, rhaS, idnR, fucR
438 	 rhaR, rhaS, melR, fucR
439 	 rhaR, rhaS, idnR, fucR
440 	 rhaR, rhaS, melR, fucR
441 	 rhaR, rhaS, araC, idnR, fucR
442 	 rhaR, rhaS, melR, araC, fucR
443 	 rhaR, rhaS, araC, idnR, fucR
444 	 rhaR, rhaS, melR, araC, fucR
445 	 rhaR, rhaS, araC, idnR, fucR
446 	 rhaR, rhaS, melR, araC, fucR
447 	 rhaR, rhaS, araC, idnR, fucR
448 	 rhaR, rhaS, melR, araC, fucR
449 	 rhaR, rhaS, araC, idnR, fucR
450 	 rhaR, rhaS, melR, araC, fucR
451 	 rhaR, rhaS, araC, idnR, fucR
452 	 rhaR, rhaS, melR, araC, fucR
453 	 rhaR, rhaS, araC, idnR, fucR
454 	 rhaR, rhaS, melR, araC, fucR
455 	 rhaR, rhaS, araC, idnR, fucR
456 	 rhaR, rhaS, melR, araC, fucR
457 	 rhaR, rhaS, zraR, idnR, fucR
458 	 rhaR, rhaS, zraR, melR, fucR
459 	 rhaR, rhaS, zraR, idnR, fucR
460 	 rhaR, rhaS, zraR, melR, fucR
461 	 rhaR, rhaS, zraR, idnR, fucR
462 	 rhaR, rhaS, zraR, melR, fucR
463 	 rhaR, rhaS, zraR, idnR, fucR
464 	 rhaR, rhaS, zraR, melR, fucR
465 	 rhaR, rhaS, zraR, idnR, fucR
466 	 rhaR, rhaS, zraR, melR, fucR
467 	 rhaR, rhaS, zraR, idnR, fucR
468 	 rhaR, rhaS, zraR, melR, fucR
469 	 rhaR, rhaS, zraR, idnR, fucR
470 	 rhaR, rhaS, zraR, melR, fucR
471 	 rhaR, rhaS, zraR, idnR, fucR
472 	 rhaR, rhaS, zraR, melR, fucR
473 	 rhaR, rhaS, zraR, araC, idnR, fucR
474 	 rhaR, rhaS, zraR, melR, araC, fucR
475 	 rhaR, rhaS, zraR, araC, idnR, fucR
476 	 rhaR, rhaS, zraR, melR, araC, fucR
477 	 rhaR, rhaS, zraR, araC, idnR, fucR
478 	 rhaR, rhaS, zraR, melR, araC, fucR
479 	 rhaR, rhaS, zraR, araC, idnR, fucR
480 	 rhaR, rhaS, zraR, melR, araC, fucR
481 	 rhaR, rhaS, zraR, araC, idnR, fucR
482 	 rhaR, rhaS, zraR, melR, araC, fucR
483 	 rhaR, rhaS, zraR, araC, idnR, fucR
484 	 rhaR, rhaS, zraR, melR, araC, fucR
485 	 rhaR, rhaS, zraR, araC, idnR, fucR
486 	 rhaR, rhaS, zraR, melR, araC, fucR
487 	 rhaR, rhaS, zraR, araC, idnR, fucR
488 	 rhaR, rhaS, zraR, melR, araC, fucR
489 	 rhaR, rhaS, melR, idnR
490 	 rhaR, rhaS, melR, idnR
491 	 rhaR, rhaS, melR, idnR
492 	 rhaR, rhaS, melR, idnR
493 	 rhaR, rhaS, melR, idnR
494 	 rhaR, rhaS, melR, idnR
495 	 rhaR, rhaS, melR, idnR
496 	 rhaR, rhaS, melR, idnR
497 	 rhaR, rhaS, melR, araC, idnR
498 	 rhaR, rhaS, melR, araC, idnR
499 	 rhaR, rhaS, melR, araC, idnR
500 	 rhaR, rhaS, melR, araC, idnR
501 	 rhaR, rhaS, melR, araC, idnR
502 	 rhaR, rhaS, melR, araC, idnR
503 	 rhaR, rhaS, melR, araC, idnR
504 	 rhaR, rhaS, melR, araC, idnR
505 	 rhaR, rhaS, zraR, melR, idnR
506 	 rhaR, rhaS, zraR, melR, idnR
507 	 rhaR, rhaS, zraR, melR, idnR
508 	 rhaR, rhaS, zraR, melR, idnR
509 	 rhaR, rhaS, zraR, melR, idnR
510 	 rhaR, rhaS, zraR, melR, idnR
511 	 rhaR, rhaS, zraR, melR, idnR
512 	 rhaR, rhaS, zraR, melR, idnR
513 	 rhaR, rhaS, zraR, melR, araC, idnR
514 	 rhaR, rhaS, zraR, melR, araC, idnR
515 	 rhaR, rhaS, zraR, melR, araC, idnR
516 	 rhaR, rhaS, zraR, melR, araC, idnR
517 	 rhaR, rhaS, zraR, melR, araC, idnR
518 	 rhaR, rhaS, zraR, melR, araC, idnR
519 	 rhaR, rhaS, zraR, melR, araC, idnR
520 	 rhaR, rhaS, zraR, melR, araC, idnR
521 	 rhaR, rhaS, melR, idnR, fucR
522 	 rhaR, rhaS, melR, idnR, fucR
523 	 rhaR, rhaS, melR, idnR, fucR
524 	 rhaR, rhaS, melR, idnR, fucR
525 	 rhaR, rhaS, melR, idnR, fucR
526 	 rhaR, rhaS, melR, idnR, fucR
527 	 rhaR, rhaS, melR, idnR, fucR
528 	 rhaR, rhaS, melR, idnR, fucR
529 	 rhaR, rhaS, melR, araC, idnR, fucR
530 	 rhaR, rhaS, melR, araC, idnR, fucR
531 	 rhaR, rhaS, melR, araC, idnR, fucR
532 	 rhaR, rhaS, melR, araC, idnR, fucR
533 	 rhaR, rhaS, melR, araC, idnR, fucR
534 	 rhaR, rhaS, melR, araC, idnR, fucR
535 	 rhaR, rhaS, melR, araC, idnR, fucR
536 	 rhaR, rhaS, melR, araC, idnR, fucR
537 	 rhaR, rhaS, zraR, melR, idnR, fucR
538 	 rhaR, rhaS, zraR, melR, idnR, fucR
539 	 rhaR, rhaS, zraR, melR, idnR, fucR
540 	 rhaR, rhaS, zraR, melR, idnR, fucR
541 	 rhaR, rhaS, zraR, melR, idnR, fucR
542 	 rhaR, rhaS, zraR, melR, idnR, fucR
543 	 rhaR, rhaS, zraR, melR, idnR, fucR
544 	 rhaR, rhaS, zraR, melR, idnR, fucR
545 	 rhaR, rhaS, zraR, melR, araC, idnR, fucR
546 	 rhaR, rhaS, zraR, melR, araC, idnR, fucR
547 	 rhaR, rhaS, zraR, melR, araC, idnR, fucR
548 	 rhaR, rhaS, zraR, melR, araC, idnR, fucR
549 	 rhaR, rhaS, zraR, melR, araC, idnR, fucR
550 	 rhaR, rhaS, zraR, melR, araC, idnR, fucR
551 	 rhaR, rhaS, zraR, melR, araC, idnR, fucR
552 	 rhaR, rhaS, zraR, melR, araC, idnR, fucR
