239 	 fnr, arcA, gadW, narL, soxR, yqjI, fucR, nikR
242 	 fnr, arcA, gadW, narL, soxR, yqjI, fucR, nikR
248 	 fnr, arcA, gadW, narL, soxR, yqjI, fucR, nikR
249 	 fnr, arcA, gadW, narL, soxR, yqjI, fucR, nikR
518 	 fnr, arcA, narL, soxR, yqjI, fucR, nikR
520 	 fnr, arcA, narL, soxR, yqjI, fucR, nikR
522 	 fnr, arcA, narL, soxR, yqjI, fucR, nikR
524 	 fnr, arcA, narL, soxR, yqjI, fucR, nikR
534 	 fnr, arcA, narL, soxR, yqjI, fucR, nikR
537 	 fnr, arcA, narL, soxR, yqjI, fucR, nikR
539 	 fnr, arcA, narL, soxR, yqjI, fucR, nikR
541 	 fnr, arcA, narL, soxR, yqjI, fucR, nikR
551 	 fnr, arcA, narL, soxR, yqjI, fucR, nikR
553 	 fnr, arcA, narL, soxR, yqjI, fucR, nikR
555 	 fnr, arcA, narL, soxR, yqjI, fucR, nikR
557 	 fnr, arcA, narL, soxR, yqjI, fucR, nikR
567 	 fnr, arcA, narL, soxR, yqjI, fucR, nikR
569 	 fnr, arcA, narL, soxR, yqjI, fucR, nikR
571 	 fnr, arcA, narL, soxR, yqjI, fucR, nikR
573 	 fnr, arcA, narL, soxR, yqjI, fucR, nikR
583 	 fnr, arcA, narL, soxR, yqjI, fucR, nikR
585 	 fnr, arcA, narL, soxR, yqjI, fucR, nikR
587 	 fnr, arcA, narL, soxR, yqjI, fucR, nikR
589 	 fnr, arcA, narL, soxR, yqjI, fucR, nikR
599 	 fnr, arcA, narL, soxR, yqjI, fucR, nikR
601 	 fnr, arcA, narL, soxR, yqjI, fucR, nikR
603 	 fnr, arcA, narL, soxR, yqjI, fucR, nikR
605 	 fnr, arcA, narL, soxR, yqjI, fucR, nikR
615 	 fnr, arcA, narL, soxR, yqjI, fucR, nikR
617 	 fnr, arcA, narL, soxR, yqjI, fucR, nikR
619 	 fnr, arcA, narL, soxR, yqjI, fucR, nikR
621 	 fnr, arcA, narL, soxR, yqjI, fucR, nikR
631 	 fnr, arcA, narL, soxR, yqjI, fucR, nikR
633 	 fnr, arcA, narL, soxR, yqjI, fucR, nikR
635 	 fnr, arcA, narL, soxR, yqjI, fucR, nikR
637 	 fnr, arcA, narL, soxR, yqjI, fucR, nikR
