6 	 rcsA
8 	 rcsA
10 	 rcsA
11 	 rcsA, zraR
15 	 rcsA, melR
17 	 melR
19 	 rcsA, melR
42 	 rcsA, rhaR, rhaS
43 	 rcsA, rhaR, rhaS, melR
44 	 zraR
45 	 melR
46 	 rcsA, zraR, melR
47 	 rhaR, rhaS
48 	 zraR, melR
49 	 rhaR, rhaS, melR
50 	 rcsA, zraR
51 	 rcsA, rhaR, rhaS
52 	 rcsA, zraR, melR
53 	 rcsA, rhaR, rhaS, melR
54 	 zraR
55 	 rhaR, rhaS
56 	 zraR, melR
57 	 rhaR, rhaS, melR
58 	 rcsA, rhaR, rhaS, zraR
59 	 rcsA, rhaR, rhaS, zraR, melR
60 	 rhaR, rhaS, zraR
61 	 rhaR, rhaS, zraR, melR
62 	 rcsA, rhaR, rhaS, zraR
63 	 rcsA, rhaR, rhaS, zraR, melR
64 	 rhaR, rhaS, zraR
65 	 rhaR, rhaS, zraR, melR
66 	 rcsA, fucR
67 	 rcsA, melR
68 	 rcsA
69 	 rcsA, melR, fucR
71 	 rcsA, melR
72 	 fucR
73 	 melR
75 	 melR, fucR
76 	 rcsA
77 	 melR
78 	 rcsA, fucR
79 	 rcsA, melR
80 	 rcsA
81 	 rcsA, melR, fucR
83 	 rcsA, melR
84 	 fucR
85 	 melR
87 	 melR, fucR
88 	 rcsA, zraR
89 	 melR
90 	 rcsA, zraR, fucR
91 	 zraR
92 	 rcsA, zraR
93 	 rcsA, zraR, melR, fucR
94 	 rcsA, zraR, melR
95 	 rcsA, zraR, melR
96 	 zraR, fucR
97 	 zraR, melR
98 	 zraR
99 	 zraR, melR, fucR
100 	 rcsA, zraR
101 	 zraR, melR
102 	 rcsA, zraR, fucR
103 	 zraR
104 	 rcsA, zraR
105 	 rcsA, zraR, melR, fucR
106 	 zraR
107 	 rcsA, zraR, melR
108 	 zraR, fucR
109 	 rcsA, zraR, melR
110 	 zraR, melR
111 	 zraR, melR, fucR
112 	 zraR, melR
113 	 rcsA, rhaR, rhaS
114 	 rhaR, rhaS
115 	 rcsA, rhaR, rhaS, melR
116 	 rhaR, rhaS, melR
117 	 rcsA, rhaR, rhaS
118 	 rhaR, rhaS
119 	 rcsA, rhaR, rhaS, melR
120 	 rhaR, rhaS, melR
121 	 rcsA, rhaR, rhaS, zraR
122 	 rhaR, rhaS, zraR
123 	 rcsA, rhaR, rhaS, zraR, melR
124 	 rhaR, rhaS, zraR, melR
125 	 rcsA, rhaR, rhaS, zraR
126 	 rhaR, rhaS, zraR
127 	 rcsA, rhaR, rhaS, zraR, melR
128 	 rhaR, rhaS, zraR, melR
129 	 rcsA, fucR
130 	 rcsA
131 	 rcsA, melR, fucR
133 	 fucR
134 	 rcsA, melR
135 	 melR, fucR
136 	 melR
137 	 rcsA, fucR
138 	 rcsA
139 	 fucR
141 	 rcsA, melR, fucR
142 	 rcsA, melR
143 	 melR, fucR
144 	 melR
145 	 rcsA, zraR, fucR
146 	 rcsA, zraR
147 	 zraR, fucR
148 	 rcsA, zraR, melR
149 	 rcsA, zraR, melR, fucR
150 	 zraR
151 	 zraR, melR, fucR
152 	 zraR, melR
153 	 rcsA, zraR, fucR
154 	 rcsA, zraR
155 	 rcsA, zraR, melR, fucR
156 	 rcsA, zraR, melR
157 	 zraR, fucR
158 	 zraR
159 	 zraR, melR, fucR
160 	 zraR, melR
161 	 rcsA, rhaR, rhaS, fucR
162 	 rcsA, rhaR, rhaS, melR, fucR
163 	 rhaR, rhaS, fucR
164 	 rhaR, rhaS, melR, fucR
165 	 rcsA, rhaR, rhaS, fucR
166 	 rcsA, rhaR, rhaS, melR, fucR
167 	 rhaR, rhaS, fucR
168 	 rhaR, rhaS, melR, fucR
169 	 rcsA, rhaR, rhaS, zraR, fucR
170 	 rcsA, rhaR, rhaS, zraR, melR, fucR
171 	 rhaR, rhaS, zraR, fucR
172 	 rhaR, rhaS, zraR, melR, fucR
173 	 rcsA, rhaR, rhaS, zraR, fucR
174 	 rcsA, rhaR, rhaS, zraR, melR, fucR
175 	 rhaR, rhaS, zraR, fucR
176 	 rhaR, rhaS, zraR, melR, fucR
177 	 rcsA, rhaR, rhaS, fucR
178 	 rcsA, rhaR, rhaS, melR, fucR
179 	 rhaR, rhaS, fucR
180 	 rhaR, rhaS, melR, fucR
181 	 rcsA, rhaR, rhaS, fucR
182 	 rcsA, rhaR, rhaS, melR, fucR
183 	 rhaR, rhaS, fucR
184 	 rhaR, rhaS, melR, fucR
185 	 rcsA, rhaR, rhaS, zraR, fucR
186 	 rcsA, rhaR, rhaS, zraR, melR, fucR
187 	 rhaR, rhaS, zraR, fucR
188 	 rhaR, rhaS, zraR, melR, fucR
189 	 rcsA, rhaR, rhaS, zraR, fucR
190 	 rcsA, rhaR, rhaS, zraR, melR, fucR
191 	 rhaR, rhaS, zraR, fucR
192 	 rhaR, rhaS, zraR, melR, fucR
193 	 rcsA, fucR
194 	 rcsA, melR, fucR
195 	 fucR
196 	 melR, fucR
197 	 rcsA, fucR
198 	 fucR
199 	 rcsA, melR, fucR
200 	 melR, fucR
201 	 rcsA, zraR, fucR
202 	 rcsA, zraR, melR, fucR
203 	 zraR, fucR
204 	 zraR, melR, fucR
205 	 rcsA, zraR, fucR
206 	 zraR, fucR
207 	 rcsA, zraR, melR, fucR
208 	 zraR, melR, fucR
209 	 rcsA, fucR
210 	 fucR
211 	 rcsA, melR, fucR
212 	 melR, fucR
213 	 rcsA, fucR
214 	 rcsA, melR, fucR
215 	 fucR
216 	 melR, fucR
217 	 rcsA, zraR, fucR
218 	 zraR, fucR
219 	 rcsA, zraR, melR, fucR
220 	 zraR, melR, fucR
221 	 rcsA, zraR, fucR
222 	 rcsA, zraR, melR, fucR
223 	 zraR, fucR
224 	 zraR, melR, fucR
225 	 rcsA, rhaR, rhaS
226 	 rcsA, rhaR, rhaS, melR
227 	 rhaR, rhaS
228 	 rhaR, rhaS, melR
229 	 rcsA, rhaR, rhaS
230 	 rcsA, rhaR, rhaS, melR
231 	 rhaR, rhaS
232 	 rhaR, rhaS, melR
233 	 rcsA, rhaR, rhaS, zraR
234 	 rcsA, rhaR, rhaS, zraR, melR
235 	 rhaR, rhaS, zraR
236 	 rhaR, rhaS, zraR, melR
237 	 rcsA, rhaR, rhaS, zraR
238 	 rcsA, rhaR, rhaS, zraR, melR
239 	 rhaR, rhaS, zraR
240 	 rhaR, rhaS, zraR, melR
241 	 rcsA, rhaR, rhaS
242 	 rcsA, rhaR, rhaS, melR
243 	 rhaR, rhaS
244 	 rhaR, rhaS, melR
245 	 rcsA, rhaR, rhaS
246 	 rcsA, rhaR, rhaS, melR
247 	 rhaR, rhaS
248 	 rhaR, rhaS, melR
249 	 rcsA, rhaR, rhaS, zraR
250 	 rcsA, rhaR, rhaS, zraR, melR
251 	 rhaR, rhaS, zraR
252 	 rhaR, rhaS, zraR, melR
253 	 rcsA, rhaR, rhaS, zraR
254 	 rcsA, rhaR, rhaS, zraR, melR
255 	 rhaR, rhaS, zraR
256 	 rhaR, rhaS, zraR, melR
257 	 rcsA, rhaR, rhaS, fucR
258 	 rcsA, rhaR, rhaS, melR, fucR
259 	 rhaR, rhaS, fucR
260 	 rhaR, rhaS, melR, fucR
261 	 rcsA, rhaR, rhaS, fucR
262 	 rcsA, rhaR, rhaS, melR, fucR
263 	 rhaR, rhaS, fucR
264 	 rhaR, rhaS, melR, fucR
265 	 rcsA, rhaR, rhaS, zraR, fucR
266 	 rcsA, rhaR, rhaS, zraR, melR, fucR
267 	 rhaR, rhaS, zraR, fucR
268 	 rhaR, rhaS, zraR, melR, fucR
269 	 rcsA, rhaR, rhaS, zraR, fucR
270 	 rcsA, rhaR, rhaS, zraR, melR, fucR
271 	 rhaR, rhaS, zraR, fucR
272 	 rhaR, rhaS, zraR, melR, fucR
273 	 rcsA, rhaR, rhaS, fucR
274 	 rcsA, rhaR, rhaS, melR, fucR
275 	 rhaR, rhaS, fucR
276 	 rhaR, rhaS, melR, fucR
277 	 rcsA, rhaR, rhaS, fucR
278 	 rcsA, rhaR, rhaS, melR, fucR
279 	 rhaR, rhaS, fucR
280 	 rhaR, rhaS, melR, fucR
281 	 rcsA, rhaR, rhaS, zraR, fucR
282 	 rcsA, rhaR, rhaS, zraR, melR, fucR
283 	 rhaR, rhaS, zraR, fucR
284 	 rhaR, rhaS, zraR, melR, fucR
285 	 rcsA, rhaR, rhaS, zraR, fucR
286 	 rcsA, rhaR, rhaS, zraR, melR, fucR
287 	 rhaR, rhaS, zraR, fucR
288 	 rhaR, rhaS, zraR, melR, fucR
