97 	 fnr, arcA, gadW, narL, soxR, zraR, hyfR, yeiL, betI
99 	 fnr, arcA, gadW, narL, soxR, idnR, hyfR, yeiL, betI
101 	 fnr, arcA, gadW, narL, soxR, melR, hyfR, yeiL, betI
103 	 fnr, arcA, gadW, narL, soxR, melR, idnR, hyfR, yeiL, betI
105 	 arcA, soxS, gadW, narL, soxR, rhaR, hyfR, yeiL
107 	 arcA, soxS, gadW, narL, soxR, rhaR, melR, hyfR, yeiL
109 	 arcA, soxS, gadW, narL, soxR, rhaR, idnR, hyfR, yeiL
111 	 arcA, soxS, gadW, narL, soxR, rhaR, melR, idnR, hyfR, yeiL
113 	 arcA, soxS, gadW, narL, soxR, rhaR, zraR, hyfR, yeiL
115 	 fnr, arcA, gadW, narL, soxR, zraR, idnR, hyfR, yeiL, betI
117 	 fnr, arcA, gadW, narL, soxR, zraR, melR, hyfR, yeiL, betI
119 	 fnr, arcA, gadW, narL, soxR, zraR, melR, idnR, hyfR, yeiL, betI
121 	 arcA, soxS, gadW, narL, soxR, rhaR, zraR, melR, hyfR, yeiL
123 	 arcA, soxS, gadW, narL, soxR, rhaR, zraR, idnR, hyfR, yeiL
125 	 arcA, soxS, gadW, narL, soxR, rhaR, zraR, melR, idnR, hyfR, yeiL
127 	 arcA, soxS, gadW, narL, soxR, rhaR, hyfR, yeiL
129 	 fnr, arcA, gadW, narL, soxR, idnR, hyfR, yeiL, betI
131 	 fnr, arcA, gadW, narL, soxR, melR, hyfR, yeiL, betI
133 	 fnr, arcA, gadW, narL, soxR, melR, idnR, hyfR, yeiL, betI
135 	 arcA, soxS, gadW, narL, soxR, rhaR, melR, hyfR, yeiL
137 	 arcA, soxS, gadW, narL, soxR, rhaR, idnR, hyfR, yeiL
139 	 arcA, soxS, gadW, narL, soxR, rhaR, melR, idnR, hyfR, yeiL
141 	 fnr, arcA, gadW, narL, soxR, zraR, hyfR, yeiL, betI
143 	 fnr, arcA, gadW, narL, soxR, zraR, idnR, hyfR, yeiL, betI
145 	 fnr, arcA, gadW, narL, soxR, zraR, melR, hyfR, yeiL, betI
147 	 fnr, arcA, gadW, narL, soxR, zraR, melR, idnR, hyfR, yeiL, betI
149 	 arcA, soxS, gadW, narL, soxR, rhaR, zraR, hyfR, yeiL
151 	 arcA, soxS, gadW, narL, soxR, rhaR, zraR, idnR, hyfR, yeiL
153 	 arcA, soxS, gadW, narL, soxR, rhaR, zraR, melR, hyfR, yeiL
155 	 arcA, soxS, gadW, narL, soxR, rhaR, zraR, melR, idnR, hyfR, yeiL
159 	 fnr, arcA, gadW, narL, soxR, idnR, hyfR, yeiL
161 	 fnr, arcA, gadW, narL, soxR, idnR, hyfR, yeiL
163 	 fnr, arcA, gadW, narL, soxR, melR, hyfR, yeiL
165 	 fnr, arcA, gadW, narL, soxR, melR, hyfR, yeiL
167 	 fnr, arcA, gadW, narL, soxR, melR, idnR, hyfR, yeiL
188 	 fnr, arcA, gadW, narL, soxR, melR, idnR, hyfR, yeiL
201 	 fnr, arcA, gadW, narL, soxR, zraR, hyfR, yeiL
203 	 arcA, soxS, gadW, narL, soxR, rhaR, hyfR, yeiL
205 	 fnr, arcA, gadW, narL, soxR, zraR, hyfR, yeiL
207 	 fnr, arcA, gadW, narL, soxR, zraR, idnR, hyfR, yeiL
209 	 fnr, arcA, gadW, narL, soxR, zraR, idnR, hyfR, yeiL
211 	 fnr, arcA, gadW, narL, soxR, zraR, melR, hyfR, yeiL
225 	 arcA, soxS, gadW, narL, soxR, rhaR, hyfR, yeiL
227 	 fnr, arcA, gadW, narL, soxR, zraR, melR, hyfR, yeiL
229 	 fnr, arcA, gadW, narL, soxR, zraR, melR, idnR, hyfR, yeiL
231 	 fnr, arcA, gadW, narL, soxR, zraR, melR, idnR, hyfR, yeiL
233 	 arcA, soxS, gadW, narL, soxR, rhaR, zraR, hyfR, yeiL
235 	 arcA, soxS, gadW, narL, soxR, rhaR, zraR, hyfR, yeiL
237 	 arcA, soxS, gadW, narL, soxR, rhaR, idnR, hyfR, yeiL
239 	 arcA, soxS, gadW, narL, soxR, rhaR, idnR, hyfR, yeiL
241 	 arcA, soxS, gadW, narL, soxR, rhaR, zraR, idnR, hyfR, yeiL
243 	 arcA, soxS, gadW, narL, soxR, rhaR, zraR, idnR, hyfR, yeiL
245 	 arcA, soxS, gadW, narL, soxR, rhaR, melR, hyfR, yeiL
247 	 arcA, soxS, gadW, narL, soxR, rhaR, melR, hyfR, yeiL
249 	 arcA, soxS, gadW, narL, soxR, rhaR, melR, idnR, hyfR, yeiL
251 	 arcA, soxS, gadW, narL, soxR, rhaR, melR, idnR, hyfR, yeiL
252 	 arcA, soxS, gadW, narL, soxR, rhaR, zraR, melR, hyfR, yeiL
253 	 arcA, soxS, gadW, narL, soxR, rhaR, zraR, melR, hyfR, yeiL
254 	 arcA, soxS, gadW, narL, soxR, rhaR, zraR, melR, idnR, hyfR, yeiL
255 	 arcA, soxS, gadW, narL, soxR, rhaR, zraR, melR, idnR, hyfR, yeiL
257 	 arcA, soxS, gadW, narL, soxR, rhaR, hyfR, yeiL
258 	 fnr, arcA, gadW, narL, soxR, zraR, hyfR, yeiL, betI
259 	 fnr, arcA, gadW, narL, soxR, idnR, hyfR, yeiL, betI
261 	 arcA, soxS, gadW, narL, soxR, rhaR, zraR, hyfR, yeiL
263 	 fnr, arcA, gadW, narL, soxR, melR, hyfR, yeiL, betI
264 	 arcA, soxS, gadW, narL, soxR, rhaR, melR, hyfR, yeiL
266 	 fnr, arcA, gadW, narL, soxR, zraR, melR, hyfR, yeiL, betI
267 	 fnr, arcA, gadW, narL, soxR, melR, hyfR, yeiL, betI
268 	 arcA, soxS, gadW, narL, soxR, rhaR, hyfR, yeiL
269 	 fnr, arcA, gadW, narL, soxR, zraR, hyfR, yeiL, betI
270 	 arcA, soxS, gadW, narL, soxR, rhaR, zraR, melR, hyfR, yeiL
271 	 fnr, arcA, gadW, narL, soxR, zraR, idnR, hyfR, yeiL, betI
272 	 arcA, soxS, gadW, narL, soxR, rhaR, hyfR, yeiL
273 	 arcA, soxS, gadW, narL, soxR, rhaR, zraR, hyfR, yeiL
274 	 arcA, soxS, gadW, narL, soxR, rhaR, idnR, hyfR, yeiL
275 	 fnr, arcA, gadW, narL, soxR, zraR, hyfR, yeiL
276 	 fnr, arcA, gadW, narL, soxR, zraR, melR, hyfR, yeiL, betI
277 	 arcA, soxS, gadW, narL, soxR, rhaR, zraR, idnR, hyfR, yeiL
278 	 fnr, arcA, gadW, narL, soxR, melR, idnR, hyfR, yeiL, betI
279 	 fnr, arcA, gadW, narL, soxR, idnR, hyfR, yeiL, betI
280 	 arcA, soxS, gadW, narL, soxR, rhaR, hyfR, yeiL
281 	 arcA, soxS, gadW, narL, soxR, rhaR, melR, hyfR, yeiL
282 	 fnr, arcA, gadW, narL, soxR, zraR, melR, idnR, hyfR, yeiL, betI
283 	 fnr, arcA, gadW, narL, soxR, zraR, hyfR, yeiL
284 	 arcA, soxS, gadW, narL, soxR, rhaR, zraR, melR, hyfR, yeiL
285 	 arcA, soxS, gadW, narL, soxR, rhaR, idnR, hyfR, yeiL
286 	 arcA, soxS, gadW, narL, soxR, rhaR, zraR, hyfR, yeiL
287 	 arcA, soxS, gadW, narL, soxR, rhaR, melR, idnR, hyfR, yeiL
288 	 fnr, arcA, gadW, narL, soxR, zraR, idnR, hyfR, yeiL, betI
289 	 arcA, soxS, gadW, narL, soxR, rhaR, zraR, hyfR, yeiL
290 	 arcA, soxS, gadW, narL, soxR, rhaR, zraR, idnR, hyfR, yeiL
291 	 fnr, arcA, gadW, narL, soxR, melR, hyfR, yeiL
292 	 fnr, arcA, gadW, narL, soxR, idnR, hyfR, yeiL
293 	 arcA, soxS, gadW, narL, soxR, rhaR, zraR, melR, idnR, hyfR, yeiL
294 	 fnr, arcA, gadW, narL, soxR, idnR, hyfR, yeiL
295 	 fnr, arcA, gadW, narL, soxR, melR, idnR, hyfR, yeiL, betI
296 	 arcA, soxS, gadW, narL, soxR, rhaR, idnR, hyfR, yeiL
297 	 fnr, arcA, gadW, narL, soxR, zraR, melR, idnR, hyfR, yeiL, betI
298 	 arcA, soxS, gadW, narL, soxR, rhaR, idnR, hyfR, yeiL
299 	 arcA, soxS, gadW, narL, soxR, rhaR, melR, idnR, hyfR, yeiL
300 	 fnr, arcA, gadW, narL, soxR, zraR, idnR, hyfR, yeiL
301 	 arcA, soxS, gadW, narL, soxR, rhaR, zraR, melR, idnR, hyfR, yeiL
302 	 fnr, arcA, gadW, narL, soxR, zraR, idnR, hyfR, yeiL
303 	 fnr, arcA, gadW, narL, soxR, melR, hyfR, yeiL
304 	 arcA, soxS, gadW, narL, soxR, rhaR, zraR, idnR, hyfR, yeiL
305 	 fnr, arcA, gadW, narL, soxR, zraR, melR, hyfR, yeiL
306 	 arcA, soxS, gadW, narL, soxR, rhaR, zraR, idnR, hyfR, yeiL
307 	 fnr, arcA, gadW, narL, soxR, zraR, melR, hyfR, yeiL
308 	 arcA, soxS, gadW, narL, soxR, rhaR, melR, hyfR, yeiL
309 	 arcA, soxS, gadW, narL, soxR, rhaR, melR, hyfR, yeiL
310 	 arcA, soxS, gadW, narL, soxR, rhaR, zraR, melR, hyfR, yeiL
311 	 arcA, soxS, gadW, narL, soxR, rhaR, zraR, melR, hyfR, yeiL
312 	 fnr, arcA, gadW, narL, soxR, melR, idnR, hyfR, yeiL
313 	 fnr, arcA, gadW, narL, soxR, melR, idnR, hyfR, yeiL
314 	 fnr, arcA, gadW, narL, soxR, zraR, melR, idnR, hyfR, yeiL
315 	 arcA, soxS, gadW, narL, soxR, rhaR, melR, idnR, hyfR, yeiL
316 	 fnr, arcA, gadW, narL, soxR, zraR, melR, idnR, hyfR, yeiL
317 	 arcA, soxS, gadW, narL, soxR, rhaR, melR, idnR, hyfR, yeiL
318 	 arcA, soxS, gadW, narL, soxR, rhaR, zraR, melR, idnR, hyfR, yeiL
319 	 arcA, soxS, gadW, narL, soxR, rhaR, zraR, melR, idnR, hyfR, yeiL
320 	 fnr, arcA, gadW, narL, soxR, zraR, hyfR, yeiL, betI
321 	 arcA, soxS, gadW, narL, soxR, rhaR, hyfR, yeiL
388 	 arcA, soxS, gadW, narL, soxR, rhaR, zraR, hyfR, yeiL
392 	 arcA, soxS, gadW, narL, soxR, rhaR, hyfR, yeiL
393 	 fnr, arcA, gadW, narL, soxR, zraR, hyfR, yeiL, betI
394 	 fnr, arcA, gadW, narL, soxR, zraR, hyfR, yeiL, betI
395 	 fnr, arcA, gadW, narL, soxR, zraR, hyfR, yeiL, betI
396 	 arcA, soxS, gadW, narL, soxR, rhaR, zraR, hyfR, yeiL
397 	 arcA, soxS, gadW, narL, soxR, rhaR, hyfR, yeiL
398 	 fnr, arcA, gadW, narL, soxR, melR, hyfR, yeiL, betI
399 	 arcA, soxS, gadW, narL, soxR, rhaR, hyfR, yeiL
401 	 arcA, soxS, gadW, narL, soxR, rhaR, zraR, hyfR, yeiL
402 	 fnr, arcA, gadW, narL, soxR, idnR, hyfR, yeiL, betI
403 	 arcA, soxS, gadW, narL, soxR, rhaR, zraR, hyfR, yeiL
404 	 arcA, soxS, gadW, narL, soxR, rhaR, melR, hyfR, yeiL
405 	 fnr, arcA, gadW, narL, soxR, idnR, hyfR, yeiL, betI
406 	 arcA, soxS, gadW, narL, soxR, rhaR, hyfR, yeiL
407 	 fnr, arcA, gadW, narL, soxR, melR, hyfR, yeiL, betI
408 	 fnr, arcA, gadW, narL, soxR, idnR, hyfR, yeiL, betI
411 	 fnr, arcA, gadW, narL, soxR, idnR, hyfR, yeiL, betI
412 	 fnr, arcA, gadW, narL, soxR, zraR, melR, hyfR, yeiL, betI
413 	 fnr, arcA, gadW, narL, soxR, zraR, hyfR, yeiL, betI
414 	 arcA, soxS, gadW, narL, soxR, rhaR, idnR, hyfR, yeiL
415 	 arcA, soxS, gadW, narL, soxR, rhaR, melR, hyfR, yeiL
416 	 fnr, arcA, gadW, narL, soxR, zraR, hyfR, yeiL, betI
417 	 arcA, soxS, gadW, narL, soxR, rhaR, idnR, hyfR, yeiL
418 	 arcA, soxS, gadW, narL, soxR, rhaR, zraR, melR, hyfR, yeiL
419 	 arcA, soxS, gadW, narL, soxR, rhaR, hyfR, yeiL
420 	 arcA, soxS, gadW, narL, soxR, rhaR, idnR, hyfR, yeiL
421 	 fnr, arcA, gadW, narL, soxR, melR, hyfR, yeiL, betI
423 	 fnr, arcA, gadW, narL, soxR, zraR, idnR, hyfR, yeiL, betI
424 	 fnr, arcA, gadW, narL, soxR, melR, hyfR, yeiL, betI
426 	 fnr, arcA, gadW, narL, soxR, zraR, idnR, hyfR, yeiL, betI
427 	 fnr, arcA, gadW, narL, soxR, zraR, melR, hyfR, yeiL, betI
428 	 arcA, soxS, gadW, narL, soxR, rhaR, hyfR, yeiL
429 	 arcA, soxS, gadW, narL, soxR, rhaR, zraR, idnR, hyfR, yeiL
430 	 fnr, arcA, gadW, narL, soxR, zraR, melR, hyfR, yeiL, betI
431 	 arcA, soxS, gadW, narL, soxR, rhaR, hyfR, yeiL
432 	 arcA, soxS, gadW, narL, soxR, rhaR, zraR, idnR, hyfR, yeiL
433 	 arcA, soxS, gadW, narL, soxR, rhaR, zraR, melR, hyfR, yeiL
434 	 fnr, arcA, gadW, narL, soxR, zraR, hyfR, yeiL, betI
435 	 fnr, arcA, gadW, narL, soxR, zraR, idnR, hyfR, yeiL, betI
436 	 arcA, soxS, gadW, narL, soxR, rhaR, melR, hyfR, yeiL
437 	 arcA, soxS, gadW, narL, soxR, rhaR, zraR, hyfR, yeiL
438 	 fnr, arcA, gadW, narL, soxR, zraR, idnR, hyfR, yeiL, betI
439 	 fnr, arcA, gadW, narL, soxR, zraR, melR, hyfR, yeiL, betI
440 	 arcA, soxS, gadW, narL, soxR, rhaR, zraR, hyfR, yeiL
441 	 arcA, soxS, gadW, narL, soxR, rhaR, idnR, hyfR, yeiL
442 	 arcA, soxS, gadW, narL, soxR, rhaR, zraR, melR, hyfR, yeiL
443 	 fnr, arcA, gadW, narL, soxR, zraR, hyfR, yeiL, betI
444 	 arcA, soxS, gadW, narL, soxR, rhaR, zraR, idnR, hyfR, yeiL
445 	 arcA, soxS, gadW, narL, soxR, rhaR, melR, hyfR, yeiL
446 	 arcA, soxS, gadW, narL, soxR, rhaR, zraR, hyfR, yeiL
447 	 arcA, soxS, gadW, narL, soxR, rhaR, zraR, idnR, hyfR, yeiL
448 	 fnr, arcA, gadW, narL, soxR, melR, hyfR, yeiL, betI
449 	 arcA, soxS, gadW, narL, soxR, rhaR, zraR, hyfR, yeiL
450 	 fnr, arcA, gadW, narL, soxR, melR, idnR, hyfR, yeiL, betI
451 	 arcA, soxS, gadW, narL, soxR, rhaR, zraR, melR, hyfR, yeiL
452 	 arcA, soxS, gadW, narL, soxR, rhaR, melR, hyfR, yeiL
453 	 fnr, arcA, gadW, narL, soxR, melR, hyfR, yeiL, betI
454 	 fnr, arcA, gadW, narL, soxR, zraR, melR, idnR, hyfR, yeiL, betI
455 	 fnr, arcA, gadW, narL, soxR, idnR, hyfR, yeiL, betI
456 	 arcA, soxS, gadW, narL, soxR, rhaR, idnR, hyfR, yeiL
457 	 fnr, arcA, gadW, narL, soxR, melR, idnR, hyfR, yeiL, betI
458 	 arcA, soxS, gadW, narL, soxR, rhaR, melR, idnR, hyfR, yeiL
459 	 fnr, arcA, gadW, narL, soxR, zraR, idnR, hyfR, yeiL, betI
460 	 fnr, arcA, gadW, narL, soxR, idnR, hyfR, yeiL, betI
461 	 fnr, arcA, gadW, narL, soxR, melR, idnR, hyfR, yeiL, betI
463 	 arcA, soxS, gadW, narL, soxR, rhaR, zraR, idnR, hyfR, yeiL
464 	 arcA, soxS, gadW, narL, soxR, rhaR, melR, idnR, hyfR, yeiL
465 	 arcA, soxS, gadW, narL, soxR, rhaR, hyfR, yeiL
466 	 fnr, arcA, gadW, narL, soxR, zraR, idnR, hyfR, yeiL, betI
467 	 fnr, arcA, gadW, narL, soxR, zraR, hyfR, yeiL, betI
468 	 fnr, arcA, gadW, narL, soxR, zraR, melR, idnR, hyfR, yeiL, betI
469 	 arcA, soxS, gadW, narL, soxR, rhaR, idnR, hyfR, yeiL
471 	 arcA, soxS, gadW, narL, soxR, rhaR, zraR, idnR, hyfR, yeiL
472 	 arcA, soxS, gadW, narL, soxR, rhaR, zraR, melR, idnR, hyfR, yeiL
473 	 fnr, arcA, gadW, narL, soxR, zraR, hyfR, yeiL, betI
474 	 fnr, arcA, gadW, narL, soxR, zraR, melR, idnR, hyfR, yeiL, betI
476 	 arcA, soxS, gadW, narL, soxR, rhaR, zraR, hyfR, yeiL
477 	 arcA, soxS, gadW, narL, soxR, rhaR, zraR, melR, idnR, hyfR, yeiL
478 	 arcA, soxS, gadW, narL, soxR, rhaR, hyfR, yeiL
479 	 arcA, soxS, gadW, narL, soxR, rhaR, zraR, hyfR, yeiL
480 	 fnr, arcA, gadW, narL, soxR, idnR, hyfR, yeiL, betI
481 	 fnr, arcA, gadW, narL, soxR, melR, hyfR, yeiL, betI
482 	 fnr, arcA, gadW, narL, soxR, zraR, idnR, hyfR, yeiL, betI
483 	 arcA, soxS, gadW, narL, soxR, rhaR, idnR, hyfR, yeiL
485 	 arcA, soxS, gadW, narL, soxR, rhaR, melR, hyfR, yeiL
486 	 fnr, arcA, gadW, narL, soxR, idnR, hyfR, yeiL, betI
487 	 arcA, soxS, gadW, narL, soxR, rhaR, hyfR, yeiL
488 	 fnr, arcA, gadW, narL, soxR, zraR, idnR, hyfR, yeiL, betI
490 	 arcA, soxS, gadW, narL, soxR, rhaR, zraR, idnR, hyfR, yeiL
491 	 arcA, soxS, gadW, narL, soxR, rhaR, hyfR, yeiL
492 	 arcA, soxS, gadW, narL, soxR, rhaR, idnR, hyfR, yeiL
493 	 fnr, arcA, gadW, narL, soxR, zraR, hyfR, yeiL
494 	 arcA, soxS, gadW, narL, soxR, rhaR, zraR, idnR, hyfR, yeiL
495 	 fnr, arcA, gadW, narL, soxR, zraR, hyfR, yeiL
496 	 fnr, arcA, gadW, narL, soxR, melR, hyfR, yeiL, betI
497 	 arcA, soxS, gadW, narL, soxR, rhaR, zraR, hyfR, yeiL
498 	 arcA, soxS, gadW, narL, soxR, rhaR, melR, hyfR, yeiL
499 	 arcA, soxS, gadW, narL, soxR, rhaR, melR, hyfR, yeiL
500 	 fnr, arcA, gadW, narL, soxR, zraR, melR, hyfR, yeiL, betI
501 	 arcA, soxS, gadW, narL, soxR, rhaR, hyfR, yeiL
502 	 fnr, arcA, gadW, narL, soxR, melR, idnR, hyfR, yeiL, betI
503 	 fnr, arcA, gadW, narL, soxR, melR, hyfR, yeiL, betI
504 	 fnr, arcA, gadW, narL, soxR, zraR, melR, hyfR, yeiL, betI
506 	 fnr, arcA, gadW, narL, soxR, melR, idnR, hyfR, yeiL, betI
507 	 fnr, arcA, gadW, narL, soxR, melR, idnR, hyfR, yeiL, betI
508 	 arcA, soxS, gadW, narL, soxR, rhaR, zraR, melR, hyfR, yeiL
509 	 arcA, soxS, gadW, narL, soxR, rhaR, hyfR, yeiL
510 	 arcA, soxS, gadW, narL, soxR, rhaR, melR, idnR, hyfR, yeiL
511 	 arcA, soxS, gadW, narL, soxR, rhaR, melR, idnR, hyfR, yeiL
512 	 arcA, soxS, gadW, narL, soxR, rhaR, zraR, melR, hyfR, yeiL
513 	 fnr, arcA, gadW, narL, soxR, zraR, hyfR, yeiL
514 	 arcA, soxS, gadW, narL, soxR, rhaR, melR, idnR, hyfR, yeiL
515 	 arcA, soxS, gadW, narL, soxR, rhaR, melR, idnR, hyfR, yeiL
516 	 fnr, arcA, gadW, narL, soxR, zraR, melR, idnR, hyfR, yeiL, betI
517 	 fnr, arcA, gadW, narL, soxR, idnR, hyfR, yeiL
518 	 arcA, soxS, gadW, narL, soxR, rhaR, zraR, melR, idnR, hyfR, yeiL
519 	 arcA, soxS, gadW, narL, soxR, rhaR, zraR, melR, idnR, hyfR, yeiL
520 	 fnr, arcA, gadW, narL, soxR, zraR, melR, idnR, hyfR, yeiL, betI
521 	 arcA, soxS, gadW, narL, soxR, rhaR, zraR, hyfR, yeiL
522 	 arcA, soxS, gadW, narL, soxR, rhaR, zraR, melR, idnR, hyfR, yeiL
523 	 fnr, arcA, gadW, narL, soxR, zraR, melR, hyfR, yeiL, betI
524 	 arcA, soxS, gadW, narL, soxR, rhaR, idnR, hyfR, yeiL
525 	 fnr, arcA, gadW, narL, soxR, idnR, hyfR, yeiL
526 	 fnr, arcA, gadW, narL, soxR, melR, idnR, hyfR, yeiL, betI
527 	 arcA, soxS, gadW, narL, soxR, rhaR, idnR, hyfR, yeiL
528 	 fnr, arcA, gadW, narL, soxR, zraR, melR, idnR, hyfR, yeiL, betI
529 	 fnr, arcA, gadW, narL, soxR, idnR, hyfR, yeiL
530 	 arcA, soxS, gadW, narL, soxR, rhaR, melR, idnR, hyfR, yeiL
531 	 fnr, arcA, gadW, narL, soxR, zraR, idnR, hyfR, yeiL
532 	 arcA, soxS, gadW, narL, soxR, rhaR, zraR, melR, idnR, hyfR, yeiL
533 	 fnr, arcA, gadW, narL, soxR, zraR, idnR, hyfR, yeiL
534 	 fnr, arcA, gadW, narL, soxR, melR, idnR, hyfR, yeiL, betI
535 	 fnr, arcA, gadW, narL, soxR, zraR, hyfR, yeiL
536 	 fnr, arcA, gadW, narL, soxR, zraR, melR, idnR, hyfR, yeiL, betI
537 	 arcA, soxS, gadW, narL, soxR, rhaR, zraR, hyfR, yeiL
538 	 arcA, soxS, gadW, narL, soxR, rhaR, zraR, melR, hyfR, yeiL
539 	 fnr, arcA, gadW, narL, soxR, idnR, hyfR, yeiL
540 	 arcA, soxS, gadW, narL, soxR, rhaR, melR, hyfR, yeiL
541 	 fnr, arcA, gadW, narL, soxR, zraR, idnR, hyfR, yeiL
542 	 arcA, soxS, gadW, narL, soxR, rhaR, melR, idnR, hyfR, yeiL
543 	 fnr, arcA, gadW, narL, soxR, zraR, idnR, hyfR, yeiL
544 	 arcA, soxS, gadW, narL, soxR, rhaR, zraR, melR, idnR, hyfR, yeiL
545 	 arcA, soxS, gadW, narL, soxR, rhaR, idnR, hyfR, yeiL
546 	 fnr, arcA, gadW, narL, soxR, zraR, melR, hyfR, yeiL, betI
547 	 arcA, soxS, gadW, narL, soxR, rhaR, zraR, idnR, hyfR, yeiL
548 	 fnr, arcA, gadW, narL, soxR, zraR, melR, idnR, hyfR, yeiL, betI
549 	 arcA, soxS, gadW, narL, soxR, rhaR, idnR, hyfR, yeiL
550 	 arcA, soxS, gadW, narL, soxR, rhaR, zraR, melR, hyfR, yeiL
551 	 arcA, soxS, gadW, narL, soxR, rhaR, zraR, idnR, hyfR, yeiL
552 	 arcA, soxS, gadW, narL, soxR, rhaR, zraR, melR, idnR, hyfR, yeiL
553 	 arcA, soxS, gadW, narL, soxR, rhaR, zraR, idnR, hyfR, yeiL
555 	 arcA, soxS, gadW, narL, soxR, rhaR, zraR, hyfR, yeiL
556 	 fnr, arcA, gadW, narL, soxR, idnR, hyfR, yeiL, betI
557 	 arcA, soxS, gadW, narL, soxR, rhaR, zraR, idnR, hyfR, yeiL
558 	 fnr, arcA, gadW, narL, soxR, idnR, hyfR, yeiL, betI
560 	 fnr, arcA, gadW, narL, soxR, zraR, idnR, hyfR, yeiL, betI
561 	 fnr, arcA, gadW, narL, soxR, zraR, hyfR, yeiL, betI
562 	 fnr, arcA, gadW, narL, soxR, idnR, hyfR, yeiL, betI
563 	 fnr, arcA, gadW, narL, soxR, zraR, idnR, hyfR, yeiL, betI
564 	 arcA, soxS, gadW, narL, soxR, rhaR, hyfR, yeiL
565 	 fnr, arcA, gadW, narL, soxR, idnR, hyfR, yeiL, betI
566 	 arcA, soxS, gadW, narL, soxR, rhaR, zraR, hyfR, yeiL
567 	 arcA, soxS, gadW, narL, soxR, rhaR, idnR, hyfR, yeiL
568 	 fnr, arcA, gadW, narL, soxR, zraR, hyfR, yeiL, betI
569 	 arcA, soxS, gadW, narL, soxR, rhaR, idnR, hyfR, yeiL
570 	 fnr, arcA, gadW, narL, soxR, zraR, idnR, hyfR, yeiL, betI
571 	 arcA, soxS, gadW, narL, soxR, rhaR, idnR, hyfR, yeiL
572 	 arcA, soxS, gadW, narL, soxR, rhaR, hyfR, yeiL
573 	 fnr, arcA, gadW, narL, soxR, zraR, idnR, hyfR, yeiL, betI
574 	 arcA, soxS, gadW, narL, soxR, rhaR, zraR, idnR, hyfR, yeiL
575 	 arcA, soxS, gadW, narL, soxR, rhaR, idnR, hyfR, yeiL
576 	 arcA, soxS, gadW, narL, soxR, rhaR, zraR, hyfR, yeiL
577 	 arcA, soxS, gadW, narL, soxR, rhaR, zraR, idnR, hyfR, yeiL
578 	 arcA, soxS, gadW, narL, soxR, rhaR, zraR, idnR, hyfR, yeiL
579 	 arcA, soxS, gadW, narL, soxR, rhaR, zraR, idnR, hyfR, yeiL
580 	 fnr, arcA, gadW, narL, soxR, zraR, melR, hyfR, yeiL, betI
582 	 arcA, soxS, gadW, narL, soxR, rhaR, zraR, melR, hyfR, yeiL
583 	 arcA, soxS, gadW, narL, soxR, rhaR, hyfR, yeiL
584 	 fnr, arcA, gadW, narL, soxR, melR, hyfR, yeiL, betI
585 	 fnr, arcA, gadW, narL, soxR, idnR, hyfR, yeiL
586 	 fnr, arcA, gadW, narL, soxR, melR, hyfR, yeiL, betI
588 	 fnr, arcA, gadW, narL, soxR, zraR, melR, hyfR, yeiL, betI
589 	 fnr, arcA, gadW, narL, soxR, idnR, hyfR, yeiL
590 	 fnr, arcA, gadW, narL, soxR, zraR, melR, hyfR, yeiL, betI
591 	 arcA, soxS, gadW, narL, soxR, rhaR, hyfR, yeiL
592 	 arcA, soxS, gadW, narL, soxR, rhaR, melR, hyfR, yeiL
593 	 fnr, arcA, gadW, narL, soxR, zraR, hyfR, yeiL
594 	 arcA, soxS, gadW, narL, soxR, rhaR, melR, hyfR, yeiL
595 	 fnr, arcA, gadW, narL, soxR, zraR, idnR, hyfR, yeiL
596 	 fnr, arcA, gadW, narL, soxR, melR, idnR, hyfR, yeiL, betI
597 	 fnr, arcA, gadW, narL, soxR, zraR, hyfR, yeiL
598 	 arcA, soxS, gadW, narL, soxR, rhaR, zraR, melR, hyfR, yeiL
599 	 fnr, arcA, gadW, narL, soxR, zraR, hyfR, yeiL
600 	 fnr, arcA, gadW, narL, soxR, melR, idnR, hyfR, yeiL, betI
602 	 fnr, arcA, gadW, narL, soxR, melR, hyfR, yeiL, betI
603 	 fnr, arcA, gadW, narL, soxR, idnR, hyfR, yeiL
604 	 fnr, arcA, gadW, narL, soxR, zraR, melR, hyfR, yeiL, betI
605 	 fnr, arcA, gadW, narL, soxR, zraR, idnR, hyfR, yeiL
606 	 fnr, arcA, gadW, narL, soxR, zraR, melR, idnR, hyfR, yeiL, betI
607 	 fnr, arcA, gadW, narL, soxR, idnR, hyfR, yeiL
608 	 fnr, arcA, gadW, narL, soxR, melR, idnR, hyfR, yeiL, betI
609 	 arcA, soxS, gadW, narL, soxR, rhaR, zraR, hyfR, yeiL
610 	 fnr, arcA, gadW, narL, soxR, zraR, melR, idnR, hyfR, yeiL, betI
611 	 fnr, arcA, gadW, narL, soxR, zraR, hyfR, yeiL
612 	 arcA, soxS, gadW, narL, soxR, rhaR, zraR, melR, hyfR, yeiL
614 	 arcA, soxS, gadW, narL, soxR, rhaR, melR, idnR, hyfR, yeiL
615 	 arcA, soxS, gadW, narL, soxR, rhaR, hyfR, yeiL
616 	 fnr, arcA, gadW, narL, soxR, zraR, melR, idnR, hyfR, yeiL, betI
617 	 arcA, soxS, gadW, narL, soxR, rhaR, idnR, hyfR, yeiL
618 	 fnr, arcA, gadW, narL, soxR, melR, idnR, hyfR, yeiL, betI
619 	 arcA, soxS, gadW, narL, soxR, rhaR, idnR, hyfR, yeiL
620 	 arcA, soxS, gadW, narL, soxR, rhaR, melR, hyfR, yeiL
621 	 arcA, soxS, gadW, narL, soxR, rhaR, idnR, hyfR, yeiL
622 	 fnr, arcA, gadW, narL, soxR, zraR, melR, idnR, hyfR, yeiL, betI
623 	 arcA, soxS, gadW, narL, soxR, rhaR, hyfR, yeiL
624 	 arcA, soxS, gadW, narL, soxR, rhaR, zraR, melR, idnR, hyfR, yeiL
625 	 arcA, soxS, gadW, narL, soxR, rhaR, hyfR, yeiL
626 	 arcA, soxS, gadW, narL, soxR, rhaR, melR, idnR, hyfR, yeiL
628 	 arcA, soxS, gadW, narL, soxR, rhaR, melR, idnR, hyfR, yeiL
629 	 arcA, soxS, gadW, narL, soxR, rhaR, hyfR, yeiL
630 	 arcA, soxS, gadW, narL, soxR, rhaR, melR, idnR, hyfR, yeiL
631 	 arcA, soxS, gadW, narL, soxR, rhaR, zraR, hyfR, yeiL
632 	 arcA, soxS, gadW, narL, soxR, rhaR, zraR, melR, idnR, hyfR, yeiL
633 	 arcA, soxS, gadW, narL, soxR, rhaR, zraR, idnR, hyfR, yeiL
634 	 arcA, soxS, gadW, narL, soxR, rhaR, zraR, melR, hyfR, yeiL
635 	 arcA, soxS, gadW, narL, soxR, rhaR, zraR, hyfR, yeiL
636 	 arcA, soxS, gadW, narL, soxR, rhaR, zraR, melR, idnR, hyfR, yeiL
637 	 fnr, arcA, gadW, narL, soxR, idnR, hyfR, yeiL
638 	 arcA, soxS, gadW, narL, soxR, rhaR, zraR, melR, idnR, hyfR, yeiL
639 	 arcA, soxS, gadW, narL, soxR, rhaR, idnR, hyfR, yeiL
640 	 fnr, arcA, gadW, narL, soxR, zraR, idnR, hyfR, yeiL
641 	 fnr, arcA, gadW, narL, soxR, melR, hyfR, yeiL
642 	 fnr, arcA, gadW, narL, soxR, zraR, idnR, hyfR, yeiL
643 	 fnr, arcA, gadW, narL, soxR, melR, hyfR, yeiL
645 	 arcA, soxS, gadW, narL, soxR, rhaR, melR, hyfR, yeiL
646 	 fnr, arcA, gadW, narL, soxR, zraR, hyfR, yeiL
647 	 fnr, arcA, gadW, narL, soxR, melR, idnR, hyfR, yeiL
648 	 fnr, arcA, gadW, narL, soxR, zraR, idnR, hyfR, yeiL
649 	 arcA, soxS, gadW, narL, soxR, rhaR, melR, idnR, hyfR, yeiL
650 	 fnr, arcA, gadW, narL, soxR, idnR, hyfR, yeiL
651 	 fnr, arcA, gadW, narL, soxR, melR, hyfR, yeiL
653 	 fnr, arcA, gadW, narL, soxR, melR, idnR, hyfR, yeiL
654 	 arcA, soxS, gadW, narL, soxR, rhaR, hyfR, yeiL
655 	 fnr, arcA, gadW, narL, soxR, zraR, melR, hyfR, yeiL
656 	 fnr, arcA, gadW, narL, soxR, zraR, hyfR, yeiL
657 	 arcA, soxS, gadW, narL, soxR, rhaR, melR, hyfR, yeiL
658 	 fnr, arcA, gadW, narL, soxR, idnR, hyfR, yeiL
659 	 arcA, soxS, gadW, narL, soxR, rhaR, zraR, melR, hyfR, yeiL
660 	 fnr, arcA, gadW, narL, soxR, idnR, hyfR, yeiL
661 	 fnr, arcA, gadW, narL, soxR, zraR, melR, hyfR, yeiL
662 	 arcA, soxS, gadW, narL, soxR, rhaR, idnR, hyfR, yeiL
663 	 fnr, arcA, gadW, narL, soxR, melR, idnR, hyfR, yeiL
664 	 arcA, soxS, gadW, narL, soxR, rhaR, idnR, hyfR, yeiL
665 	 fnr, arcA, gadW, narL, soxR, zraR, melR, hyfR, yeiL
666 	 arcA, soxS, gadW, narL, soxR, rhaR, zraR, idnR, hyfR, yeiL
667 	 arcA, soxS, gadW, narL, soxR, rhaR, zraR, melR, hyfR, yeiL
668 	 arcA, soxS, gadW, narL, soxR, rhaR, hyfR, yeiL
669 	 fnr, arcA, gadW, narL, soxR, zraR, melR, idnR, hyfR, yeiL
670 	 fnr, arcA, gadW, narL, soxR, zraR, idnR, hyfR, yeiL
671 	 arcA, soxS, gadW, narL, soxR, rhaR, melR, hyfR, yeiL
672 	 fnr, arcA, gadW, narL, soxR, zraR, hyfR, yeiL
673 	 arcA, soxS, gadW, narL, soxR, rhaR, melR, idnR, hyfR, yeiL
674 	 arcA, soxS, gadW, narL, soxR, rhaR, idnR, hyfR, yeiL
675 	 arcA, soxS, gadW, narL, soxR, rhaR, zraR, melR, idnR, hyfR, yeiL
676 	 arcA, soxS, gadW, narL, soxR, rhaR, idnR, hyfR, yeiL
677 	 fnr, arcA, gadW, narL, soxR, melR, hyfR, yeiL
678 	 arcA, soxS, gadW, narL, soxR, rhaR, zraR, idnR, hyfR, yeiL
679 	 fnr, arcA, gadW, narL, soxR, zraR, melR, idnR, hyfR, yeiL
680 	 arcA, soxS, gadW, narL, soxR, rhaR, zraR, hyfR, yeiL
681 	 fnr, arcA, gadW, narL, soxR, zraR, melR, idnR, hyfR, yeiL
682 	 arcA, soxS, gadW, narL, soxR, rhaR, zraR, hyfR, yeiL
683 	 arcA, soxS, gadW, narL, soxR, rhaR, melR, idnR, hyfR, yeiL
684 	 fnr, arcA, gadW, narL, soxR, zraR, idnR, hyfR, yeiL
685 	 arcA, soxS, gadW, narL, soxR, rhaR, melR, hyfR, yeiL
686 	 fnr, arcA, gadW, narL, soxR, zraR, hyfR, yeiL
687 	 arcA, soxS, gadW, narL, soxR, rhaR, zraR, melR, hyfR, yeiL
688 	 fnr, arcA, gadW, narL, soxR, zraR, idnR, hyfR, yeiL
689 	 arcA, soxS, gadW, narL, soxR, rhaR, zraR, melR, idnR, hyfR, yeiL
690 	 arcA, soxS, gadW, narL, soxR, rhaR, zraR, idnR, hyfR, yeiL
691 	 arcA, soxS, gadW, narL, soxR, rhaR, zraR, melR, idnR, hyfR, yeiL
692 	 arcA, soxS, gadW, narL, soxR, rhaR, zraR, hyfR, yeiL
693 	 fnr, arcA, gadW, narL, soxR, zraR, melR, hyfR, yeiL
694 	 arcA, soxS, gadW, narL, soxR, rhaR, zraR, hyfR, yeiL
695 	 fnr, arcA, gadW, narL, soxR, melR, idnR, hyfR, yeiL
696 	 arcA, soxS, gadW, narL, soxR, rhaR, zraR, hyfR, yeiL
697 	 arcA, soxS, gadW, narL, soxR, rhaR, zraR, melR, hyfR, yeiL
698 	 arcA, soxS, gadW, narL, soxR, rhaR, zraR, idnR, hyfR, yeiL
699 	 fnr, arcA, gadW, narL, soxR, zraR, melR, idnR, hyfR, yeiL
700 	 arcA, soxS, gadW, narL, soxR, rhaR, zraR, idnR, hyfR, yeiL
701 	 arcA, soxS, gadW, narL, soxR, rhaR, melR, idnR, hyfR, yeiL
702 	 arcA, soxS, gadW, narL, soxR, rhaR, zraR, idnR, hyfR, yeiL
703 	 arcA, soxS, gadW, narL, soxR, rhaR, zraR, melR, idnR, hyfR, yeiL
704 	 arcA, soxS, gadW, narL, soxR, rhaR, zraR, idnR, hyfR, yeiL
705 	 fnr, arcA, gadW, narL, soxR, melR, hyfR, yeiL
706 	 fnr, arcA, gadW, narL, soxR, melR, idnR, hyfR, yeiL
707 	 fnr, arcA, gadW, narL, soxR, melR, hyfR, yeiL
708 	 fnr, arcA, gadW, narL, soxR, melR, hyfR, yeiL
709 	 fnr, arcA, gadW, narL, soxR, melR, hyfR, yeiL
710 	 fnr, arcA, gadW, narL, soxR, melR, idnR, hyfR, yeiL
711 	 rhaR, melR
712 	 fnr, arcA, gadW, narL, soxR, melR, hyfR, yeiL
713 	 fnr, arcA, gadW, narL, soxR, melR, idnR, hyfR, yeiL
714 	 fnr, arcA, gadW, narL, soxR, melR, hyfR, yeiL
715 	 rhaR, melR, idnR
716 	 arcA, soxS, gadW, narL, soxR, rhaR, melR, hyfR, yeiL
717 	 fnr, arcA, gadW, narL, soxR, zraR, melR, hyfR, yeiL
718 	 arcA, soxS, gadW, narL, soxR, rhaR, melR, hyfR, yeiL
719 	 fnr, arcA, gadW, narL, soxR, melR, idnR, hyfR, yeiL
720 	 fnr, arcA, gadW, narL, soxR, zraR, melR, hyfR, yeiL
721 	 arcA, soxS, gadW, narL, soxR, rhaR, melR, hyfR, yeiL
722 	 fnr, arcA, gadW, narL, soxR, zraR, melR, hyfR, yeiL
723 	 arcA, soxS, gadW, narL, soxR, rhaR, melR, idnR, hyfR, yeiL
724 	 arcA, soxS, gadW, narL, soxR, rhaR, melR, idnR, hyfR, yeiL
725 	 fnr, arcA, gadW, narL, soxR, melR, hyfR, yeiL
726 	 arcA, soxS, gadW, narL, soxR, rhaR, melR, idnR, hyfR, yeiL
727 	 arcA, soxS, gadW, narL, soxR, rhaR, melR, hyfR, yeiL
728 	 arcA, soxS, gadW, narL, soxR, rhaR, zraR, melR, hyfR, yeiL
729 	 fnr, arcA, gadW, narL, soxR, melR, idnR, hyfR, yeiL
730 	 fnr, arcA, gadW, narL, soxR, zraR, melR, idnR, hyfR, yeiL
731 	 arcA, soxS, gadW, narL, soxR, rhaR, melR, hyfR, yeiL
732 	 arcA, soxS, gadW, narL, soxR, rhaR, zraR, melR, hyfR, yeiL
733 	 fnr, arcA, gadW, narL, soxR, zraR, melR, idnR, hyfR, yeiL
734 	 fnr, arcA, gadW, narL, soxR, melR, idnR, hyfR, yeiL
735 	 fnr, arcA, gadW, narL, soxR, zraR, melR, hyfR, yeiL
736 	 arcA, soxS, gadW, narL, soxR, rhaR, melR, idnR, hyfR, yeiL
737 	 arcA, soxS, gadW, narL, soxR, rhaR, zraR, melR, idnR, hyfR, yeiL
738 	 arcA, soxS, gadW, narL, soxR, rhaR, melR, hyfR, yeiL
739 	 arcA, soxS, gadW, narL, soxR, rhaR, zraR, melR, idnR, hyfR, yeiL
740 	 fnr, arcA, gadW, narL, soxR, zraR, melR, hyfR, yeiL
741 	 arcA, soxS, gadW, narL, soxR, rhaR, zraR, melR, hyfR, yeiL
742 	 fnr, arcA, gadW, narL, soxR, melR, idnR, hyfR, yeiL
743 	 arcA, soxS, gadW, narL, soxR, rhaR, zraR, melR, hyfR, yeiL
744 	 fnr, arcA, gadW, narL, soxR, zraR, melR, idnR, hyfR, yeiL
745 	 fnr, arcA, gadW, narL, soxR, zraR, melR, hyfR, yeiL
746 	 fnr, arcA, gadW, narL, soxR, zraR, melR, idnR, hyfR, yeiL
747 	 fnr, arcA, gadW, narL, soxR, melR, hyfR, yeiL
748 	 arcA, soxS, gadW, narL, soxR, rhaR, melR, idnR, hyfR, yeiL
749 	 arcA, soxS, gadW, narL, soxR, rhaR, zraR, melR, hyfR, yeiL
750 	 fnr, arcA, gadW, narL, soxR, zraR, melR, hyfR, yeiL
751 	 fnr, arcA, gadW, narL, soxR, melR, idnR, hyfR, yeiL
752 	 arcA, soxS, gadW, narL, soxR, rhaR, zraR, melR, hyfR, yeiL
753 	 arcA, soxS, gadW, narL, soxR, rhaR, melR, idnR, hyfR, yeiL
754 	 fnr, arcA, soxS, gadW, narL, soxR, zraR, melR, hyfR, yeiL
755 	 fnr, arcA, gadW, narL, soxR, zraR, melR, idnR, hyfR, yeiL
756 	 arcA, soxS, gadW, narL, soxR, rhaR, melR, hyfR, yeiL
757 	 fnr, arcA, gadW, narL, soxR, zraR, melR, idnR, hyfR, yeiL
758 	 arcA, soxS, gadW, narL, soxR, rhaR, zraR, melR, hyfR, yeiL
759 	 arcA, soxS, gadW, narL, soxR, rhaR, zraR, melR, idnR, hyfR, yeiL
760 	 fnr, arcA, gadW, narL, soxR, zraR, melR, idnR, hyfR, yeiL
761 	 arcA, soxS, gadW, narL, soxR, rhaR, zraR, melR, idnR, hyfR, yeiL
762 	 arcA, soxS, gadW, narL, soxR, rhaR, zraR, melR, hyfR, yeiL
763 	 arcA, soxS, gadW, narL, soxR, rhaR, zraR, melR, idnR, hyfR, yeiL
764 	 fnr, arcA, gadW, narL, soxR, zraR, melR, idnR, hyfR, yeiL
765 	 arcA, soxS, gadW, narL, soxR, rhaR, zraR, melR, idnR, hyfR, yeiL
766 	 arcA, soxS, gadW, narL, soxR, rhaR, melR, idnR, hyfR, yeiL
767 	 arcA, soxS, gadW, narL, soxR, rhaR, zraR, melR, idnR, hyfR, yeiL
768 	 arcA, soxS, gadW, narL, soxR, rhaR, zraR, melR, idnR, hyfR, yeiL
