9 	 zraR, puuR, tdcA, yeiL, betI, lldR, narL, arcA, fnr
11 	 zraR, puuR, tdcA, yeiL, lldR, narL, arcA, fnr
13 	 zraR, puuR, tdcA, yeiL, betI, lldR, narL, arcA, fnr
14 	 zraR, puuR, tdcA, yeiL, betI, lldR, narL, arcA, fnr
17 	 zraR, puuR, tdcA, yeiL, betI, lldR, narL, arcA, fnr
19 	 zraR, puuR, tdcA, yeiL, betI, lldR, narL, arcA, fnr
44 	 zraR, puuR, tdcA, yeiL, lldR, narL, arcA, fnr
46 	 zraR, puuR, tdcA, yeiL, lldR, narL, arcA, fnr
48 	 zraR, puuR, tdcA, yeiL, lldR, narL, arcA, fnr
50 	 zraR, puuR, tdcA, yeiL, betI, lldR, dcuR, narL, arcA, fnr
52 	 zraR, puuR, tdcA, yeiL, betI, lldR, narL, arcA, fnr
56 	 zraR, puuR, tdcA, yeiL, lldR, narL, arcA, fnr
59 	 zraR, puuR, tdcA, yeiL, lldR, narL, arcA, fnr
61 	 zraR, puuR, tdcA, yeiL, lldR, narL, arcA, fnr
62 	 zraR, puuR, tdcA, yeiL, lldR, narL, arcA, fnr
64 	 zraR, puuR, tdcA, yeiL, betI, lldR, dcuR, narL, arcA, fnr
65 	 zraR, puuR, tdcA, yeiL, lldR, narL, arcA, fnr
66 	 zraR, puuR, tdcA, yeiL, lldR, narL, arcA, fnr
67 	 zraR, puuR, tdcA, yeiL, betI, lldR, dcuR, narL, arcA, fnr
68 	 zraR, puuR, tdcA, yeiL, lldR, narL, arcA, fnr
69 	 zraR, puuR, tdcA, yeiL, lldR, narL, arcA, fnr
70 	 zraR, puuR, tdcA, yeiL, betI, lldR, dcuR, narL, arcA, fnr
71 	 zraR, puuR, tdcA, yeiL, lldR, narL, arcA, fnr
72 	 zraR, puuR, tdcA, yeiL, lldR, narL, arcA, fnr
73 	 zraR, puuR, tdcA, yeiL, betI, lldR, dcuR, narL, arcA, fnr
74 	 zraR, puuR, tdcA, yeiL, lldR, narL, arcA, fnr
75 	 zraR, puuR, tdcA, yeiL, betI, lldR, narL, arcA, fnr
76 	 zraR, puuR, tdcA, yeiL, betI, lldR, dcuR, narL, arcA, fnr
77 	 zraR, puuR, tdcA, yeiL, lldR, narL, arcA, fnr
78 	 zraR, puuR, tdcA, yeiL, betI, lldR, narL, arcA, fnr
79 	 zraR, puuR, tdcA, yeiL, lldR, narL, arcA, fnr
80 	 zraR, puuR, tdcA, yeiL, lldR, narL, arcA, fnr
82 	 zraR, puuR, tdcA, yeiL, lldR, narL, arcA, fnr
91 	 zraR, puuR, tdcA, yeiL, betI, lldR, dcuR, narL, arcA, fnr
92 	 zraR, puuR, tdcA, yeiL, lldR, narL, arcA, fnr
93 	 zraR, puuR, tdcA, yeiL, lldR, narL, arcA, fnr
95 	 zraR, puuR, tdcA, yeiL, lldR, narL, arcA, fnr
97 	 zraR, puuR, tdcA, yeiL, betI, lldR, dcuR, narL, arcA, fnr
99 	 zraR, puuR, tdcA, yeiL, betI, lldR, narL, arcA, fnr
101 	 zraR, puuR, tdcA, yeiL, betI, lldR, dcuR, narL, arcA, fnr
102 	 zraR, puuR, tdcA, yeiL, betI, lldR, narL, arcA, fnr
103 	 zraR, puuR, tdcA, yeiL, betI, lldR, narL, arcA, fnr
104 	 zraR, puuR, tdcA, yeiL, betI, lldR, narL, arcA, fnr
105 	 zraR, puuR, tdcA, yeiL, lldR, narL, arcA, fnr
106 	 zraR, puuR, tdcA, yeiL, lldR, narL, arcA, fnr
107 	 zraR, puuR, tdcA, yeiL, betI, lldR, narL, arcA, fnr
108 	 zraR, puuR, tdcA, yeiL, lldR, narL, arcA, fnr
109 	 zraR, puuR, tdcA, yeiL, lldR, narL, arcA, fnr
110 	 zraR, puuR, tdcA, yeiL, lldR, narL, arcA, fnr
111 	 zraR, puuR, tdcA, yeiL, lldR, narL, arcA, fnr
112 	 zraR, puuR, tdcA, yeiL, betI, lldR, dcuR, narL, arcA, fnr
113 	 zraR, puuR, tdcA, yeiL, betI, lldR, dcuR, narL, arcA, fnr
114 	 zraR, puuR, tdcA, yeiL, betI, lldR, narL, arcA, fnr
115 	 zraR, puuR, tdcA, yeiL, betI, lldR, narL, arcA, fnr
116 	 zraR, puuR, tdcA, yeiL, lldR, narL, arcA, fnr
119 	 zraR, puuR, tdcA, yeiL, betI, lldR, dcuR, narL, arcA, fnr
121 	 zraR, puuR, tdcA, yeiL, lldR, narL, arcA, fnr
122 	 zraR, puuR, tdcA, yeiL, betI, lldR, narL, arcA, fnr
123 	 zraR, puuR, tdcA, yeiL, betI, lldR, dcuR, narL, arcA, fnr
124 	 zraR, puuR, tdcA, yeiL, betI, lldR, narL, arcA, fnr
125 	 zraR, puuR, tdcA, yeiL, lldR, narL, arcA, fnr
126 	 zraR, puuR, tdcA, yeiL, lldR, narL, arcA, fnr
127 	 zraR, puuR, tdcA, yeiL, betI, lldR, dcuR, narL, arcA, fnr
128 	 zraR, puuR, tdcA, yeiL, betI, lldR, narL, arcA, fnr
129 	 zraR, puuR, yeiL, lldR, rhaR, rhaS, narL, arcA, fnr
130 	 zraR, puuR, yeiL, lldR, rhaR, rhaS, narL, arcA, fnr
131 	 zraR, puuR, yeiL, betI, lldR, dcuR, rhaR, rhaS, narL, arcA, fnr
132 	 zraR, puuR, yeiL, betI, lldR, rhaR, rhaS, narL, arcA, fnr
133 	 zraR, puuR, yeiL, lldR, rhaR, rhaS, narL, arcA, fnr
134 	 zraR, puuR, tdcA, yeiL, lldR, rhaR, rhaS, narL, arcA, fnr
135 	 zraR, puuR, yeiL, lldR, rhaR, rhaS, narL, arcA, fnr
136 	 zraR, puuR, yeiL, lldR, rhaR, rhaS, narL, arcA, fnr
137 	 zraR, puuR, tdcA, yeiL, lldR, rhaR, rhaS, narL, arcA, fnr
138 	 zraR, puuR, yeiL, lldR, rhaR, rhaS, narL, arcA, fnr
139 	 zraR, puuR, yeiL, betI, lldR, dcuR, rhaR, rhaS, narL, arcA, fnr
140 	 zraR, puuR, tdcA, yeiL, betI, lldR, dcuR, rhaR, rhaS, narL, arcA, fnr
141 	 zraR, puuR, yeiL, betI, lldR, dcuR, rhaR, rhaS, narL, arcA, fnr
142 	 zraR, puuR, yeiL, betI, lldR, rhaR, rhaS, narL, arcA, fnr
143 	 zraR, puuR, tdcA, yeiL, betI, lldR, rhaR, rhaS, narL, arcA, fnr
144 	 zraR, puuR, yeiL, betI, lldR, dcuR, rhaR, rhaS, narL, arcA, fnr
145 	 zraR, puuR, tdcA, yeiL, lldR, rhaR, rhaS, narL, arcA, fnr
146 	 zraR, puuR, tdcA, yeiL, lldR, rhaR, rhaS, narL, arcA, fnr
147 	 zraR, puuR, yeiL, lldR, rhaR, rhaS, narL, arcA, fnr
148 	 zraR, puuR, tdcA, yeiL, betI, lldR, dcuR, rhaR, rhaS, narL, arcA, fnr
149 	 zraR, puuR, yeiL, lldR, rhaR, rhaS, narL, arcA, fnr
150 	 zraR, puuR, tdcA, yeiL, betI, lldR, rhaR, rhaS, narL, arcA, fnr
151 	 zraR, puuR, yeiL, betI, lldR, dcuR, rhaR, rhaS, narL, arcA, fnr
152 	 zraR, puuR, tdcA, yeiL, lldR, rhaR, rhaS, narL, arcA, fnr
153 	 zraR, puuR, yeiL, betI, lldR, rhaR, rhaS, narL, arcA, fnr
154 	 zraR, puuR, tdcA, yeiL, lldR, rhaR, rhaS, narL, arcA, fnr
155 	 zraR, puuR, tdcA, yeiL, lldR, rhaR, rhaS, narL, arcA, fnr
156 	 zraR, puuR, yeiL, lldR, rhaR, rhaS, narL, arcA, fnr
157 	 zraR, puuR, tdcA, yeiL, lldR, rhaR, rhaS, narL, arcA, fnr
158 	 zraR, puuR, yeiL, lldR, rhaR, rhaS, narL, arcA, fnr
159 	 zraR, puuR, tdcA, yeiL, betI, lldR, dcuR, rhaR, rhaS, narL, arcA, fnr
160 	 zraR, puuR, yeiL, betI, lldR, dcuR, rhaR, rhaS, narL, arcA, fnr
161 	 zraR, puuR, tdcA, yeiL, betI, lldR, rhaR, rhaS, narL, arcA, fnr
162 	 zraR, puuR, yeiL, betI, lldR, dcuR, rhaR, rhaS, narL, arcA, fnr
163 	 zraR, puuR, yeiL, lldR, rhaR, rhaS, narL, arcA, fnr
164 	 zraR, puuR, yeiL, lldR, rhaR, rhaS, narL, arcA, fnr
165 	 zraR, puuR, tdcA, yeiL, betI, lldR, dcuR, rhaR, rhaS, narL, arcA, fnr
166 	 zraR, puuR, yeiL, betI, lldR, dcuR, rhaR, rhaS, narL, arcA, fnr
167 	 zraR, puuR, tdcA, yeiL, betI, lldR, rhaR, rhaS, narL, arcA, fnr
168 	 zraR, puuR, yeiL, betI, lldR, rhaR, rhaS, narL, arcA, fnr
169 	 zraR, puuR, yeiL, lldR, rhaR, rhaS, narL, arcA, fnr
170 	 zraR, puuR, yeiL, lldR, rhaR, rhaS, narL, arcA, fnr
171 	 zraR, puuR, tdcA, yeiL, lldR, rhaR, rhaS, narL, arcA, fnr
172 	 zraR, puuR, yeiL, lldR, rhaR, rhaS, narL, arcA, fnr
173 	 zraR, puuR, yeiL, lldR, rhaR, rhaS, narL, arcA, fnr
174 	 zraR, puuR, yeiL, lldR, rhaR, rhaS, narL, arcA, fnr
175 	 zraR, puuR, yeiL, betI, lldR, dcuR, rhaR, rhaS, narL, arcA, fnr
176 	 zraR, puuR, yeiL, lldR, rhaR, rhaS, narL, arcA, fnr
177 	 zraR, puuR, yeiL, lldR, rhaR, rhaS, narL, arcA, fnr
178 	 zraR, puuR, tdcA, yeiL, lldR, rhaR, rhaS, narL, arcA, fnr
179 	 zraR, puuR, yeiL, lldR, rhaR, rhaS, narL, arcA, fnr
180 	 zraR, puuR, tdcA, yeiL, betI, lldR, dcuR, rhaR, rhaS, narL, arcA, fnr
181 	 zraR, puuR, yeiL, betI, lldR, dcuR, rhaR, rhaS, narL, arcA, fnr
182 	 zraR, puuR, tdcA, yeiL, betI, lldR, rhaR, rhaS, narL, arcA, fnr
183 	 zraR, puuR, yeiL, betI, lldR, dcuR, rhaR, rhaS, narL, arcA, fnr
184 	 zraR, puuR, yeiL, lldR, rhaR, rhaS, narL, arcA, fnr
185 	 zraR, puuR, yeiL, lldR, rhaR, rhaS, narL, arcA, fnr
186 	 zraR, puuR, yeiL, betI, lldR, dcuR, rhaR, rhaS, narL, arcA, fnr
187 	 zraR, puuR, yeiL, betI, lldR, dcuR, rhaR, rhaS, narL, arcA, fnr
188 	 zraR, puuR, yeiL, betI, lldR, rhaR, rhaS, narL, arcA, fnr
189 	 zraR, puuR, yeiL, betI, lldR, dcuR, rhaR, rhaS, narL, arcA, fnr
190 	 zraR, puuR, yeiL, betI, lldR, rhaR, rhaS, narL, arcA, fnr
191 	 zraR, puuR, tdcA, yeiL, lldR, rhaR, rhaS, narL, arcA, fnr
192 	 zraR, puuR, yeiL, betI, lldR, dcuR, rhaR, rhaS, narL, arcA, fnr
193 	 zraR, puuR, tdcA, yeiL, lldR, rhaR, rhaS, narL, arcA, fnr
194 	 zraR, puuR, yeiL, betI, lldR, rhaR, rhaS, narL, arcA, fnr
195 	 zraR, puuR, tdcA, yeiL, betI, lldR, dcuR, rhaR, rhaS, narL, arcA, fnr
196 	 zraR, puuR, yeiL, lldR, rhaR, rhaS, narL, arcA, fnr
197 	 zraR, puuR, tdcA, yeiL, betI, lldR, rhaR, rhaS, narL, arcA, fnr
198 	 zraR, puuR, yeiL, lldR, rhaR, rhaS, narL, arcA, fnr
199 	 zraR, puuR, yeiL, lldR, rhaR, rhaS, narL, arcA, fnr
200 	 zraR, puuR, yeiL, betI, lldR, dcuR, rhaR, rhaS, narL, arcA, fnr
201 	 zraR, puuR, yeiL, lldR, rhaR, rhaS, narL, arcA, fnr
202 	 zraR, puuR, yeiL, betI, lldR, rhaR, rhaS, narL, arcA, fnr
203 	 zraR, puuR, yeiL, betI, lldR, dcuR, rhaR, rhaS, narL, arcA, fnr
204 	 zraR, puuR, tdcA, yeiL, lldR, rhaR, rhaS, narL, arcA, fnr
205 	 zraR, puuR, yeiL, lldR, rhaR, rhaS, narL, arcA, fnr
206 	 zraR, puuR, tdcA, yeiL, lldR, rhaR, rhaS, narL, arcA, fnr
207 	 zraR, puuR, yeiL, lldR, rhaR, rhaS, narL, arcA, fnr
208 	 zraR, puuR, tdcA, yeiL, betI, lldR, dcuR, rhaR, rhaS, narL, arcA, fnr
209 	 zraR, puuR, yeiL, betI, lldR, dcuR, rhaR, rhaS, narL, arcA, fnr
210 	 zraR, puuR, tdcA, yeiL, betI, lldR, rhaR, rhaS, narL, arcA, fnr
211 	 zraR, puuR, yeiL, betI, lldR, dcuR, rhaR, rhaS, narL, arcA, fnr
212 	 zraR, puuR, tdcA, yeiL, lldR, rhaR, rhaS, narL, arcA, fnr
213 	 zraR, puuR, tdcA, yeiL, lldR, rhaR, rhaS, narL, arcA, fnr
214 	 zraR, puuR, tdcA, yeiL, lldR, rhaR, rhaS, narL, arcA, fnr
215 	 zraR, puuR, tdcA, yeiL, lldR, rhaR, rhaS, narL, arcA, fnr
216 	 zraR, puuR, yeiL, lldR, rhaR, rhaS, narL, arcA, fnr
217 	 zraR, puuR, tdcA, yeiL, lldR, rhaR, rhaS, narL, arcA, fnr
218 	 zraR, puuR, tdcA, yeiL, betI, lldR, dcuR, rhaR, rhaS, narL, arcA, fnr
219 	 zraR, puuR, tdcA, yeiL, lldR, rhaR, rhaS, narL, arcA, fnr
220 	 zraR, puuR, tdcA, yeiL, betI, lldR, rhaR, rhaS, narL, arcA, fnr
221 	 zraR, puuR, tdcA, yeiL, betI, lldR, dcuR, rhaR, rhaS, narL, arcA, fnr
222 	 zraR, puuR, tdcA, yeiL, betI, lldR, dcuR, rhaR, rhaS, narL, arcA, fnr
223 	 zraR, puuR, yeiL, betI, lldR, rhaR, rhaS, narL, arcA, fnr
224 	 zraR, puuR, tdcA, yeiL, betI, lldR, rhaR, rhaS, narL, arcA, fnr
225 	 zraR, puuR, yeiL, lldR, rhaR, rhaS, narL, arcA, fnr
226 	 zraR, puuR, yeiL, betI, lldR, dcuR, rhaR, rhaS, narL, arcA, fnr
227 	 zraR, puuR, yeiL, betI, lldR, rhaR, rhaS, narL, arcA, fnr
228 	 zraR, puuR, tdcA, yeiL, lldR, rhaR, rhaS, narL, arcA, fnr
229 	 zraR, puuR, yeiL, lldR, rhaR, rhaS, narL, arcA, fnr
230 	 zraR, puuR, tdcA, yeiL, lldR, rhaR, rhaS, narL, arcA, fnr
231 	 zraR, puuR, yeiL, lldR, rhaR, rhaS, narL, arcA, fnr
232 	 zraR, puuR, tdcA, yeiL, betI, lldR, dcuR, rhaR, rhaS, narL, arcA, fnr
233 	 zraR, puuR, yeiL, betI, lldR, dcuR, rhaR, rhaS, narL, arcA, fnr
234 	 zraR, puuR, tdcA, yeiL, betI, lldR, rhaR, rhaS, narL, arcA, fnr
235 	 zraR, puuR, yeiL, betI, lldR, dcuR, rhaR, rhaS, narL, arcA, fnr
236 	 zraR, puuR, tdcA, yeiL, betI, lldR, rhaR, rhaS, narL, arcA, fnr
237 	 zraR, puuR, tdcA, yeiL, lldR, rhaR, rhaS, narL, arcA, fnr
238 	 zraR, puuR, tdcA, yeiL, lldR, rhaR, rhaS, narL, arcA, fnr
239 	 zraR, puuR, tdcA, yeiL, betI, lldR, rhaR, rhaS, narL, arcA, fnr
240 	 zraR, puuR, tdcA, yeiL, betI, lldR, rhaR, rhaS, narL, arcA, fnr
241 	 zraR, puuR, tdcA, yeiL, betI, lldR, rhaR, rhaS, narL, arcA, fnr
242 	 zraR, puuR, tdcA, yeiL, lldR, rhaR, rhaS, narL, arcA, fnr
243 	 zraR, puuR, tdcA, yeiL, lldR, rhaR, rhaS, narL, arcA, fnr
244 	 zraR, puuR, tdcA, yeiL, lldR, rhaR, rhaS, narL, arcA, fnr
245 	 zraR, puuR, tdcA, yeiL, lldR, rhaR, rhaS, narL, arcA, fnr
246 	 zraR, puuR, tdcA, yeiL, lldR, rhaR, rhaS, narL, arcA, fnr
247 	 zraR, puuR, tdcA, yeiL, betI, lldR, rhaR, rhaS, narL, arcA, fnr
248 	 zraR, puuR, tdcA, yeiL, betI, lldR, dcuR, rhaR, rhaS, narL, arcA, fnr
249 	 zraR, puuR, tdcA, yeiL, betI, lldR, rhaR, rhaS, narL, arcA, fnr
250 	 zraR, puuR, tdcA, yeiL, betI, lldR, rhaR, rhaS, narL, arcA, fnr
251 	 zraR, puuR, tdcA, yeiL, lldR, rhaR, rhaS, narL, arcA, fnr
252 	 zraR, puuR, tdcA, yeiL, betI, lldR, rhaR, rhaS, narL, arcA, fnr
253 	 zraR, puuR, tdcA, yeiL, betI, lldR, dcuR, rhaR, rhaS, narL, arcA, fnr
254 	 zraR, puuR, tdcA, yeiL, betI, lldR, dcuR, rhaR, rhaS, narL, arcA, fnr
255 	 zraR, puuR, tdcA, yeiL, lldR, rhaR, rhaS, narL, arcA, fnr
256 	 zraR, puuR, tdcA, yeiL, lldR, rhaR, rhaS, narL, arcA, fnr
