6 	 zraR
8 	 zraR
11 	 zraR
13 	 tdcA
17 	 tdcA
18 	 tdcA
19 	 tdcA
21 	 tdcA
23 	 zraR
24 	 zraR, tdcA
28 	 tdcA
29 	 tdcA
30 	 zraR, tdcA
32 	 tdcA
33 	 tdcA
35 	 zraR
36 	 zraR
40 	 zraR
41 	 zraR
42 	 zraR
45 	 zraR
50 	 zraR
51 	 zraR
53 	 tdcA
54 	 tdcA
55 	 zraR
56 	 zraR
58 	 zraR, tdcA
62 	 zraR
63 	 zraR
65 	 tdcA
67 	 tdcA
69 	 zraR
70 	 zraR
71 	 zraR
73 	 zraR
74 	 zraR
75 	 zraR
76 	 tdcA
77 	 tdcA
78 	 tdcA
79 	 zraR, tdcA
80 	 zraR, tdcA
81 	 tdcA
82 	 tdcA
83 	 tdcA
85 	 tdcA
86 	 zraR, tdcA
87 	 tdcA
88 	 zraR
89 	 tdcA
90 	 tdcA
93 	 tdcA
94 	 zraR
95 	 zraR
96 	 zraR
97 	 zraR
99 	 zraR, tdcA
100 	 tdcA
101 	 zraR, tdcA
102 	 tdcA
103 	 zraR, tdcA
104 	 zraR
106 	 zraR, tdcA
107 	 tdcA
108 	 tdcA
109 	 tdcA
110 	 zraR, tdcA
111 	 zraR, tdcA
112 	 zraR, tdcA
114 	 zraR
117 	 tdcA
118 	 zraR, tdcA
119 	 zraR, tdcA
120 	 tdcA
121 	 zraR, tdcA
123 	 tdcA
126 	 zraR
129 	 tdcA
130 	 zraR, tdcA
131 	 zraR, tdcA
132 	 zraR, tdcA
135 	 zraR
136 	 tdcA
137 	 zraR, tdcA
138 	 zraR
139 	 tdcA
141 	 zraR
142 	 zraR, tdcA
143 	 zraR, tdcA
144 	 zraR
146 	 zraR, tdcA
147 	 zraR, tdcA
148 	 zraR, tdcA
149 	 tdcA
150 	 zraR, tdcA
151 	 zraR, tdcA
153 	 zraR, tdcA
154 	 zraR
157 	 tdcA
158 	 tdcA
159 	 tdcA
160 	 zraR
161 	 zraR
162 	 tdcA
163 	 zraR, tdcA
164 	 zraR
165 	 zraR
166 	 zraR
167 	 zraR
169 	 tdcA
170 	 tdcA
171 	 zraR
173 	 tdcA
174 	 zraR
176 	 tdcA
178 	 tdcA
179 	 zraR
181 	 zraR
182 	 tdcA
183 	 tdcA
185 	 zraR, tdcA
186 	 tdcA
188 	 zraR, tdcA
189 	 zraR
190 	 zraR
191 	 zraR
192 	 zraR
193 	 zraR
194 	 tdcA
196 	 zraR
197 	 tdcA
198 	 zraR, tdcA
199 	 zraR, tdcA
200 	 zraR, tdcA
201 	 zraR, tdcA
202 	 zraR, tdcA
203 	 zraR, tdcA
204 	 tdcA
205 	 zraR, tdcA
206 	 zraR, tdcA
207 	 zraR
209 	 zraR, tdcA
210 	 zraR
211 	 zraR, tdcA
213 	 zraR, tdcA
214 	 zraR, tdcA
215 	 tdcA
216 	 tdcA
218 	 zraR, tdcA
219 	 zraR
220 	 tdcA
221 	 zraR
222 	 zraR, tdcA
223 	 zraR
225 	 zraR, tdcA
226 	 tdcA
227 	 zraR
228 	 tdcA
229 	 zraR
230 	 tdcA
231 	 zraR, tdcA
232 	 tdcA
233 	 zraR, tdcA
234 	 zraR, tdcA
235 	 zraR, tdcA
236 	 tdcA
237 	 zraR, tdcA
238 	 tdcA
239 	 zraR
240 	 zraR
241 	 zraR, tdcA
244 	 zraR
245 	 tdcA
246 	 zraR, tdcA
247 	 tdcA
248 	 zraR, tdcA
249 	 zraR, tdcA
250 	 zraR
251 	 zraR, tdcA
252 	 zraR, tdcA
255 	 tdcA
259 	 zraR
260 	 zraR
261 	 tdcA
262 	 tdcA
263 	 zraR
265 	 zraR, tdcA
266 	 tdcA
267 	 zraR
268 	 tdcA
269 	 zraR
271 	 zraR, tdcA
272 	 tdcA
273 	 zraR
274 	 tdcA
275 	 zraR, tdcA
276 	 zraR
277 	 zraR, tdcA
278 	 zraR
279 	 zraR, tdcA
280 	 zraR, tdcA
281 	 tdcA
282 	 zraR, tdcA
283 	 zraR, tdcA
285 	 tdcA
287 	 zraR
289 	 tdcA
290 	 tdcA
291 	 zraR
293 	 zraR, tdcA
294 	 zraR
295 	 zraR, tdcA
296 	 zraR
297 	 zraR, tdcA
299 	 zraR
300 	 zraR
301 	 zraR
302 	 zraR
303 	 zraR, tdcA
304 	 tdcA
305 	 zraR, tdcA
306 	 zraR, tdcA
307 	 zraR, tdcA
308 	 zraR, tdcA
309 	 zraR, tdcA
310 	 tdcA
312 	 tdcA
316 	 zraR, tdcA
317 	 tdcA
318 	 tdcA
320 	 zraR, tdcA
321 	 tdcA
322 	 tdcA
323 	 zraR
324 	 zraR
330 	 zraR
331 	 tdcA
332 	 zraR
333 	 zraR
334 	 tdcA
335 	 tdcA
336 	 zraR
337 	 zraR
338 	 tdcA
339 	 zraR
340 	 zraR, tdcA
342 	 zraR, tdcA
343 	 zraR, tdcA
344 	 zraR, tdcA
345 	 zraR, tdcA
346 	 zraR, tdcA
347 	 zraR, tdcA
349 	 tdcA
351 	 tdcA
353 	 tdcA
356 	 tdcA
357 	 tdcA
359 	 tdcA
362 	 tdcA
363 	 tdcA
365 	 tdcA
366 	 tdcA
367 	 zraR
368 	 tdcA
369 	 zraR, tdcA
370 	 zraR
371 	 zraR
372 	 zraR
373 	 tdcA
374 	 zraR
375 	 tdcA
376 	 zraR
377 	 zraR, tdcA
378 	 zraR, tdcA
379 	 zraR
380 	 zraR
381 	 zraR
382 	 zraR, tdcA
383 	 zraR, tdcA
384 	 zraR
385 	 zraR
386 	 zraR, tdcA
387 	 zraR, tdcA
389 	 zraR, tdcA
390 	 zraR, tdcA
391 	 zraR, tdcA
392 	 tdcA
393 	 zraR
394 	 tdcA
395 	 zraR, tdcA
396 	 zraR, tdcA
397 	 zraR, tdcA
398 	 zraR
399 	 zraR
400 	 zraR
401 	 zraR
402 	 zraR, tdcA
403 	 tdcA
404 	 tdcA
405 	 tdcA
406 	 tdcA
407 	 zraR, tdcA
408 	 zraR, tdcA
409 	 tdcA
410 	 zraR, tdcA
411 	 zraR
412 	 zraR, tdcA
413 	 zraR
414 	 zraR, tdcA
415 	 zraR, tdcA
416 	 zraR, tdcA
419 	 tdcA
420 	 zraR
422 	 tdcA
423 	 zraR
425 	 tdcA
426 	 zraR, tdcA
427 	 tdcA
428 	 zraR, tdcA
431 	 zraR
432 	 tdcA
433 	 zraR
435 	 zraR
436 	 zraR
437 	 zraR, tdcA
439 	 tdcA
440 	 tdcA
441 	 zraR
442 	 tdcA
443 	 zraR, tdcA
444 	 zraR, tdcA
445 	 zraR, tdcA
446 	 zraR
447 	 zraR, tdcA
448 	 zraR, tdcA
451 	 tdcA
452 	 zraR
454 	 tdcA
455 	 zraR
457 	 tdcA
458 	 zraR, tdcA
459 	 tdcA
460 	 zraR, tdcA
463 	 zraR
464 	 tdcA
465 	 zraR
467 	 zraR
468 	 zraR, tdcA
469 	 zraR, tdcA
470 	 tdcA
472 	 zraR
473 	 tdcA
474 	 zraR, tdcA
475 	 tdcA
476 	 zraR, tdcA
477 	 zraR
478 	 zraR
479 	 zraR, tdcA
480 	 zraR, tdcA
483 	 tdcA
484 	 zraR
486 	 tdcA
487 	 zraR
489 	 tdcA
490 	 zraR, tdcA
491 	 tdcA
492 	 zraR, tdcA
495 	 zraR
496 	 tdcA
497 	 zraR
499 	 zraR
500 	 zraR, tdcA
501 	 zraR, tdcA
502 	 zraR
504 	 tdcA
505 	 zraR
506 	 zraR, tdcA
507 	 zraR
508 	 zraR, tdcA
509 	 tdcA
510 	 tdcA
511 	 zraR, tdcA
512 	 zraR, tdcA
520 	 zraR
523 	 zraR
524 	 zraR
525 	 tdcA
526 	 zraR
527 	 tdcA
528 	 zraR
529 	 tdcA
530 	 tdcA
531 	 zraR, tdcA
532 	 tdcA
533 	 zraR, tdcA
534 	 tdcA
535 	 zraR, tdcA
536 	 tdcA
537 	 zraR, tdcA
538 	 tdcA
539 	 zraR
540 	 zraR, tdcA
541 	 zraR, tdcA
542 	 zraR
543 	 zraR
544 	 zraR, tdcA
545 	 zraR, tdcA
547 	 tdcA
548 	 zraR
550 	 tdcA
551 	 zraR
553 	 tdcA
554 	 zraR, tdcA
555 	 tdcA
556 	 zraR, tdcA
559 	 zraR
560 	 tdcA
561 	 tdcA
563 	 zraR
564 	 zraR
566 	 zraR, tdcA
567 	 tdcA
568 	 zraR, tdcA
569 	 tdcA
570 	 zraR
571 	 zraR, tdcA
572 	 zraR, tdcA
573 	 zraR
574 	 zraR
575 	 zraR, tdcA
576 	 zraR, tdcA
579 	 tdcA
580 	 zraR
582 	 tdcA
583 	 zraR
585 	 tdcA
586 	 zraR, tdcA
587 	 tdcA
588 	 zraR, tdcA
591 	 zraR
592 	 tdcA
593 	 zraR
595 	 zraR
597 	 zraR, tdcA
598 	 zraR
599 	 tdcA
600 	 zraR, tdcA
601 	 tdcA
602 	 zraR, tdcA
603 	 zraR
604 	 zraR, tdcA
605 	 tdcA
606 	 zraR
607 	 zraR, tdcA
608 	 zraR, tdcA
611 	 tdcA
612 	 zraR
614 	 tdcA
615 	 zraR
617 	 tdcA
618 	 zraR, tdcA
619 	 tdcA
620 	 zraR, tdcA
623 	 zraR
624 	 tdcA
625 	 zraR
627 	 zraR
628 	 zraR
630 	 tdcA
632 	 tdcA
633 	 zraR, tdcA
634 	 tdcA
635 	 zraR
636 	 zraR, tdcA
637 	 zraR
638 	 zraR, tdcA
639 	 zraR, tdcA
640 	 zraR, tdcA
641 	 zraR, tdcA
644 	 zraR
645 	 tdcA
647 	 zraR
648 	 tdcA
649 	 tdcA
650 	 zraR
651 	 tdcA
652 	 zraR
655 	 zraR, tdcA
657 	 zraR
658 	 tdcA
659 	 zraR, tdcA
660 	 zraR
661 	 zraR, tdcA
662 	 tdcA
664 	 tdcA
665 	 zraR, tdcA
666 	 tdcA
667 	 zraR
668 	 zraR
669 	 zraR, tdcA
670 	 zraR, tdcA
671 	 zraR, tdcA
672 	 zraR, tdcA
675 	 tdcA
677 	 tdcA
680 	 zraR
682 	 zraR
683 	 tdcA
684 	 zraR
685 	 tdcA
686 	 zraR
687 	 zraR, tdcA
688 	 zraR
689 	 tdcA
690 	 zraR
691 	 tdcA
694 	 zraR
695 	 tdcA
696 	 zraR
697 	 tdcA
698 	 zraR, tdcA
699 	 zraR, tdcA
700 	 zraR, tdcA
701 	 zraR, tdcA
702 	 zraR, tdcA
703 	 zraR, tdcA
704 	 zraR, tdcA
707 	 zraR
708 	 tdcA
710 	 zraR
711 	 tdcA
713 	 zraR
714 	 zraR, tdcA
715 	 zraR
716 	 zraR, tdcA
719 	 tdcA
720 	 zraR
721 	 tdcA
723 	 tdcA
724 	 tdcA
725 	 zraR, tdcA
727 	 zraR
728 	 zraR
729 	 tdcA
730 	 zraR
731 	 zraR, tdcA
732 	 zraR, tdcA
733 	 zraR, tdcA
734 	 tdcA
735 	 zraR, tdcA
736 	 zraR, tdcA
739 	 tdcA
740 	 zraR
742 	 tdcA
743 	 zraR
745 	 tdcA
746 	 zraR, tdcA
747 	 tdcA
748 	 zraR, tdcA
751 	 zraR
752 	 tdcA
753 	 zraR
755 	 zraR
756 	 zraR
757 	 zraR, tdcA
759 	 tdcA
760 	 tdcA
761 	 zraR
762 	 tdcA
763 	 zraR, tdcA
764 	 zraR, tdcA
765 	 zraR, tdcA
766 	 zraR
767 	 zraR, tdcA
768 	 zraR, tdcA
771 	 tdcA
775 	 zraR
776 	 zraR
777 	 tdcA
778 	 tdcA
781 	 zraR, tdcA
782 	 tdcA
783 	 zraR
784 	 tdcA
785 	 zraR
787 	 zraR, tdcA
788 	 tdcA
789 	 zraR
790 	 tdcA
791 	 zraR, tdcA
792 	 zraR
793 	 zraR, tdcA
794 	 zraR, tdcA
795 	 zraR
796 	 zraR
797 	 zraR, tdcA
798 	 tdcA
799 	 zraR, tdcA
800 	 zraR, tdcA
806 	 zraR
809 	 zraR
812 	 zraR
815 	 zraR
818 	 zraR
819 	 zraR
821 	 zraR
823 	 zraR
824 	 zraR
826 	 zraR
827 	 zraR
828 	 tdcA
829 	 tdcA
830 	 tdcA
831 	 tdcA
832 	 tdcA
833 	 tdcA
834 	 tdcA
835 	 tdcA
836 	 tdcA
837 	 zraR, tdcA
838 	 tdcA
839 	 zraR
840 	 tdcA
841 	 zraR
842 	 zraR, tdcA
843 	 zraR, tdcA
844 	 zraR, tdcA
845 	 tdcA
846 	 zraR
847 	 tdcA
848 	 zraR, tdcA
849 	 tdcA
850 	 zraR, tdcA
851 	 tdcA
852 	 zraR, tdcA
853 	 zraR, tdcA
854 	 zraR, tdcA
855 	 zraR, tdcA
856 	 zraR
857 	 zraR, tdcA
858 	 tdcA
859 	 zraR, tdcA
860 	 zraR
861 	 zraR, tdcA
862 	 zraR, tdcA
863 	 zraR, tdcA
864 	 zraR, tdcA
868 	 zraR
871 	 zraR
874 	 zraR
876 	 zraR
877 	 tdcA
878 	 tdcA
879 	 zraR
880 	 tdcA
881 	 zraR, tdcA
882 	 tdcA
883 	 zraR
884 	 zraR, tdcA
885 	 zraR
886 	 tdcA
887 	 tdcA
888 	 tdcA
889 	 zraR, tdcA
890 	 tdcA
891 	 zraR, tdcA
892 	 zraR, tdcA
893 	 zraR
894 	 zraR, tdcA
895 	 zraR, tdcA
896 	 zraR, tdcA
901 	 zraR
902 	 tdcA
903 	 zraR
904 	 tdcA
905 	 zraR
906 	 tdcA
907 	 zraR
908 	 tdcA
910 	 zraR, tdcA
912 	 zraR, tdcA
913 	 zraR
914 	 zraR
916 	 tdcA
918 	 tdcA
919 	 zraR
920 	 zraR, tdcA
921 	 zraR
922 	 zraR, tdcA
923 	 zraR, tdcA
924 	 zraR, tdcA
925 	 tdcA
926 	 tdcA
927 	 zraR, tdcA
928 	 zraR, tdcA
933 	 zraR
936 	 zraR
937 	 zraR
939 	 zraR
941 	 tdcA
942 	 zraR
943 	 tdcA
944 	 tdcA
945 	 zraR
946 	 zraR, tdcA
947 	 tdcA
948 	 tdcA
949 	 zraR, tdcA
950 	 zraR, tdcA
951 	 zraR
952 	 zraR, tdcA
953 	 zraR
954 	 tdcA
955 	 zraR, tdcA
956 	 zraR, tdcA
957 	 tdcA
958 	 tdcA
959 	 zraR, tdcA
960 	 zraR, tdcA
963 	 tdcA
966 	 tdcA
968 	 tdcA
970 	 zraR
971 	 tdcA
972 	 zraR
973 	 tdcA
974 	 zraR, tdcA
976 	 zraR
977 	 tdcA
978 	 zraR, tdcA
980 	 zraR
981 	 tdcA
982 	 zraR, tdcA
983 	 zraR
984 	 zraR
985 	 tdcA
986 	 zraR
987 	 zraR, tdcA
988 	 zraR, tdcA
989 	 zraR, tdcA
990 	 zraR, tdcA
991 	 zraR
992 	 zraR, tdcA
994 	 tdcA
995 	 zraR
998 	 tdcA
999 	 zraR
1001 	 zraR, tdcA
1003 	 tdcA
1005 	 zraR, tdcA
1007 	 zraR
1008 	 tdcA
1009 	 zraR
1010 	 tdcA
1011 	 zraR
1012 	 zraR, tdcA
1013 	 zraR
1014 	 zraR, tdcA
1015 	 zraR
1016 	 tdcA
1018 	 tdcA
1019 	 zraR, tdcA
1020 	 tdcA
1021 	 zraR, tdcA
1022 	 zraR, tdcA
1023 	 zraR
1024 	 zraR, tdcA
