184 	 rhaR
216 	 rcsB, rcsA, gadX, bglJ, hdfR, yjjQ, adiY, zraR
1079 	 rhaR, zraR
1618 	 rcsB, rcsA, gadX, bglJ, hdfR, yjjQ, adiY, zraR
1620 	 rcsB, rcsA, gadX, bglJ, hdfR, yjjQ, rhaR, adiY
1655 	 rhaR
2674 	 rcsB, rcsA, gadX, bglJ, hdfR, yjjQ, adiY, zraR
2675 	 rcsB, rcsA, gadX, bglJ, hdfR, yjjQ, rhaR, adiY
2676 	 rcsB, rcsA, gadX, bglJ, hdfR, yjjQ, adiY, zraR
2677 	 rcsB, rcsA, gadX, bglJ, hdfR, yjjQ, adiY, zraR
2679 	 rcsB, rcsA, gadX, bglJ, hdfR, yjjQ, rhaR, adiY, zraR
2680 	 rcsB, rcsA, gadX, bglJ, hdfR, yjjQ, rhaR, adiY, zraR
2681 	 rcsB, rcsA, gadX, bglJ, hdfR, yjjQ, rhaR, adiY
2682 	 rcsB, rcsA, gadX, bglJ, hdfR, yjjQ, rhaR, adiY, zraR
2686 	 rcsB, rcsA, gadX, bglJ, hdfR, yjjQ, adiY, zraR
2687 	 rcsB, rcsA, gadX, bglJ, hdfR, yjjQ, adiY, zraR
2688 	 rcsB, rcsA, gadX, bglJ, hdfR, yjjQ, rhaR, adiY
2689 	 rcsB, rcsA, gadX, bglJ, hdfR, yjjQ, adiY, zraR
2690 	 rcsB, rcsA, gadX, bglJ, hdfR, yjjQ, rhaR, adiY, zraR
2692 	 rcsB, rcsA, gadX, bglJ, hdfR, yjjQ, rhaR, adiY, zraR
2695 	 rcsB, rcsA, gadX, bglJ, hdfR, yjjQ, rhaR, adiY
2696 	 rcsB, rcsA, gadX, bglJ, hdfR, yjjQ, adiY, zraR
2697 	 rcsB, rcsA, gadX, bglJ, hdfR, yjjQ, adiY, zraR
2699 	 rcsB, rcsA, gadX, bglJ, hdfR, yjjQ, adiY, zraR
2700 	 rcsB, rcsA, gadX, bglJ, hdfR, yjjQ, adiY, zraR
2701 	 rcsB, rcsA, gadX, bglJ, hdfR, yjjQ, rhaR, adiY
2702 	 rcsB, rcsA, gadX, bglJ, hdfR, yjjQ, rhaR, adiY
2703 	 rcsB, rcsA, gadX, bglJ, hdfR, yjjQ, rhaR, adiY, zraR
2704 	 rcsB, rcsA, gadX, bglJ, hdfR, yjjQ, rhaR, adiY, zraR
2705 	 hns, rcsB, gadX, bglJ, gadW, hdfR, csgD, yjjQ, rhaR, adiY
2706 	 rcsB, rcsA, gadX, bglJ, hdfR, yjjQ, rhaR, adiY
2707 	 rcsB, rcsA, gadX, bglJ, hdfR, yjjQ, rhaR, adiY
2708 	 rcsB, rcsA, gadX, bglJ, hdfR, yjjQ, rhaR, adiY, zraR
2709 	 rcsB, rcsA, gadX, bglJ, hdfR, yjjQ, rhaR, adiY, zraR
2710 	 rcsB, rcsA, gadX, bglJ, hdfR, yjjQ, rhaR, adiY, zraR
2711 	 rcsB, rcsA, gadX, bglJ, hdfR, yjjQ, rhaR, adiY, zraR
2716 	 rcsB, rcsA, gadX, bglJ, hdfR, yjjQ, adiY, zraR
2717 	 rcsB, rcsA, gadX, bglJ, hdfR, yjjQ, adiY, zraR
2718 	 rcsB, rcsA, gadX, bglJ, hdfR, yjjQ, adiY, zraR
2719 	 rcsB, rcsA, gadX, bglJ, hdfR, yjjQ, adiY, zraR
2720 	 rcsB, rcsA, gadX, bglJ, hdfR, yjjQ, rhaR, adiY
2721 	 rcsB, rcsA, gadX, bglJ, hdfR, yjjQ, rhaR, adiY
2722 	 rcsB, rcsA, gadX, bglJ, hdfR, yjjQ, rhaR, adiY
2723 	 rcsB, rcsA, gadX, bglJ, hdfR, yjjQ, rhaR, adiY
2724 	 rcsB, rcsA, gadX, bglJ, hdfR, yjjQ, rhaR, adiY, zraR
2725 	 rcsB, rcsA, gadX, bglJ, hdfR, yjjQ, rhaR, adiY, zraR
2726 	 rcsB, rcsA, gadX, bglJ, hdfR, yjjQ, rhaR, adiY, zraR
2727 	 rcsB, rcsA, gadX, bglJ, hdfR, yjjQ, rhaR, adiY, zraR
2747 	 rcsB, rcsA, gadX, bglJ, hdfR, yjjQ, rhaR, adiY
2778 	 rcsB, rcsA, gadX, bglJ, hdfR, yjjQ, rhaR, adiY
2781 	 rcsB, rcsA, gadX, bglJ, hdfR, yjjQ, adiY, zraR
2812 	 rcsB, rcsA, gadX, bglJ, hdfR, yjjQ, adiY, zraR
2815 	 rcsB, rcsA, gadX, bglJ, hdfR, yjjQ, adiY, zraR
2818 	 rcsB, rcsA, gadX, bglJ, hdfR, yjjQ, adiY, zraR
2821 	 rcsB, rcsA, gadX, bglJ, hdfR, yjjQ, adiY, zraR
2824 	 rcsB, rcsA, gadX, bglJ, hdfR, yjjQ, adiY, zraR
2826 	 rcsB, rcsA, gadX, bglJ, hdfR, yjjQ, adiY, zraR
2827 	 rcsB, rcsA, gadX, bglJ, hdfR, yjjQ, adiY, zraR
2828 	 rcsB, rcsA, gadX, bglJ, hdfR, yjjQ, rhaR, adiY
2829 	 rcsB, rcsA, gadX, bglJ, hdfR, yjjQ, rhaR, adiY
2830 	 rcsB, rcsA, gadX, bglJ, hdfR, yjjQ, rhaR, adiY
2831 	 rcsB, rcsA, gadX, bglJ, hdfR, yjjQ, rhaR, adiY
2832 	 rcsB, rcsA, gadX, bglJ, hdfR, yjjQ, rhaR, adiY
2833 	 rcsB, rcsA, gadX, bglJ, hdfR, yjjQ, rhaR, adiY
2834 	 rcsB, rcsA, gadX, bglJ, hdfR, yjjQ, rhaR, adiY, zraR
2835 	 rcsB, rcsA, gadX, bglJ, hdfR, yjjQ, rhaR, adiY, zraR
2836 	 rcsB, rcsA, gadX, bglJ, hdfR, yjjQ, rhaR, adiY, zraR
2837 	 rcsB, rcsA, gadX, bglJ, hdfR, yjjQ, rhaR, adiY, zraR
2838 	 rcsB, rcsA, gadX, bglJ, hdfR, yjjQ, rhaR, adiY, zraR
2839 	 rcsB, rcsA, gadX, bglJ, hdfR, yjjQ, rhaR, adiY, zraR
2840 	 rcsB, rcsA, gadX, bglJ, hdfR, yjjQ, rhaR, adiY, zraR
2841 	 rcsB, rcsA, gadX, bglJ, hdfR, yjjQ, rhaR, adiY, zraR
2850 	 rcsB, rcsA, gadX, bglJ, hdfR, yjjQ, rhaR, adiY
2851 	 rcsB, rcsA, gadX, bglJ, hdfR, yjjQ, adiY, zraR
2852 	 rcsB, rcsA, gadX, bglJ, hdfR, yjjQ, rhaR, adiY
2853 	 rcsB, rcsA, gadX, bglJ, hdfR, yjjQ, adiY, zraR
2854 	 rcsB, rcsA, gadX, bglJ, hdfR, yjjQ, rhaR, adiY
2855 	 rcsB, rcsA, gadX, bglJ, hdfR, yjjQ, adiY, zraR
2857 	 rcsB, rcsA, gadX, bglJ, hdfR, yjjQ, adiY, zraR
2858 	 rcsB, rcsA, gadX, bglJ, hdfR, yjjQ, rhaR, adiY
2859 	 rcsB, rcsA, gadX, bglJ, hdfR, yjjQ, adiY, zraR
2860 	 rcsB, rcsA, gadX, bglJ, hdfR, yjjQ, rhaR, adiY
2861 	 rcsB, rcsA, gadX, bglJ, hdfR, yjjQ, adiY, zraR
2862 	 rcsB, rcsA, gadX, bglJ, hdfR, yjjQ, rhaR, adiY
2863 	 rcsB, rcsA, gadX, bglJ, hdfR, yjjQ, adiY, zraR
2864 	 rcsB, rcsA, gadX, bglJ, hdfR, yjjQ, rhaR, adiY
2865 	 rcsB, rcsA, gadX, bglJ, hdfR, yjjQ, adiY, zraR
2866 	 rcsB, rcsA, gadX, bglJ, hdfR, yjjQ, rhaR, adiY
2867 	 rcsB, rcsA, gadX, bglJ, hdfR, yjjQ, rhaR, adiY, zraR
2868 	 rcsB, rcsA, gadX, bglJ, hdfR, yjjQ, rhaR, adiY, zraR
2869 	 rcsB, rcsA, gadX, bglJ, hdfR, yjjQ, rhaR, adiY, zraR
2870 	 rcsB, rcsA, gadX, bglJ, hdfR, yjjQ, rhaR, adiY, zraR
2871 	 rcsB, rcsA, gadX, bglJ, hdfR, yjjQ, rhaR, adiY, zraR
2872 	 rcsB, rcsA, gadX, bglJ, hdfR, yjjQ, rhaR, adiY, zraR
2873 	 rcsB, rcsA, gadX, bglJ, hdfR, yjjQ, rhaR, adiY, zraR
2874 	 rcsB, rcsA, gadX, bglJ, hdfR, yjjQ, rhaR, adiY, zraR
