7 	 zraR
9 	 zraR, fucR
11 	 zraR, melR
12 	 zraR, fucR
13 	 zraR, idnR
14 	 zraR, melR, fucR
15 	 zraR, melR
16 	 zraR, melR, idnR
17 	 zraR, melR, fucR
18 	 zraR, idnR
19 	 zraR, idnR, fucR
20 	 zraR, idnR, fucR
21 	 zraR, melR, idnR
22 	 zraR, melR, idnR, fucR
23 	 zraR, melR, idnR, fucR
24 	 zraR, rhaR, rhaS
25 	 zraR, idnR, rhaR, rhaS
26 	 zraR, rhaR, rhaS
27 	 zraR, melR, rhaR, rhaS
28 	 zraR, idnR, rhaR, rhaS
29 	 zraR, fucR, rhaR, rhaS
30 	 zraR, idnR, fucR, rhaR, rhaS
31 	 zraR, melR, fucR, rhaR, rhaS
32 	 zraR, fucR, rhaR, rhaS
33 	 zraR, melR, rhaR, rhaS
34 	 zraR, melR, idnR, rhaR, rhaS
35 	 zraR, melR, fucR, rhaR, rhaS
36 	 zraR, melR, idnR, rhaR, rhaS
37 	 zraR, melR, idnR, fucR, rhaR, rhaS
38 	 zraR, idnR, fucR, rhaR, rhaS
39 	 zraR, melR, idnR, fucR, rhaR, rhaS
41 	 zraR
42 	 zraR, fucR
43 	 zraR, melR
44 	 zraR, fucR
45 	 zraR, melR, fucR
46 	 zraR, idnR
47 	 zraR, melR
48 	 zraR, idnR, fucR
49 	 zraR, melR, idnR
50 	 zraR, idnR
51 	 zraR, melR, idnR, fucR
52 	 zraR, melR, fucR
53 	 zraR, idnR, fucR
54 	 zraR, melR, idnR
55 	 zraR, melR, idnR, fucR
56 	 zraR, rhaR, rhaS
57 	 zraR, idnR, rhaR, rhaS
58 	 zraR, melR, rhaR, rhaS
59 	 zraR, rhaR, rhaS
60 	 zraR, melR, idnR, rhaR, rhaS
61 	 zraR, melR, rhaR, rhaS
62 	 zraR, idnR, rhaR, rhaS
63 	 zraR, fucR, rhaR, rhaS
64 	 zraR, fucR, rhaR, rhaS
65 	 zraR, melR, fucR, rhaR, rhaS
66 	 zraR, idnR, fucR, rhaR, rhaS
67 	 zraR, melR, fucR, rhaR, rhaS
68 	 zraR, melR, idnR, fucR, rhaR, rhaS
69 	 zraR, idnR, fucR, rhaR, rhaS
70 	 zraR, melR, idnR, rhaR, rhaS
71 	 zraR, melR, idnR, fucR, rhaR, rhaS
72 	 zraR, araC
73 	 zraR, araC, idnR
74 	 zraR, araC, fucR
75 	 zraR, araC
76 	 zraR, melR, araC
77 	 zraR, melR, araC, fucR
78 	 zraR, melR, araC
79 	 zraR, melR, araC, idnR
80 	 zraR, araC, fucR
81 	 zraR, araC, idnR
82 	 zraR, araC, idnR, fucR
83 	 zraR, melR, araC, idnR
84 	 zraR, araC, idnR, fucR
85 	 zraR, melR, araC, idnR, fucR
86 	 zraR, melR, araC, fucR
87 	 zraR, melR, araC, idnR, fucR
88 	 zraR, araC, rhaR, rhaS
89 	 zraR, melR, araC, rhaR, rhaS
90 	 zraR, araC, idnR, rhaR, rhaS
91 	 zraR, araC, fucR, rhaR, rhaS
92 	 zraR, araC, rhaR, rhaS
93 	 zraR, melR, araC, fucR, rhaR, rhaS
94 	 zraR, araC, idnR, rhaR, rhaS
96 	 zraR, melR, araC, rhaR, rhaS
97 	 zraR, araC, fucR, rhaR, rhaS
98 	 zraR, melR, araC, idnR, rhaR, rhaS
99 	 zraR, melR, araC, fucR, rhaR, rhaS
100 	 zraR, araC, idnR, fucR, rhaR, rhaS
101 	 zraR, melR, araC, idnR, rhaR, rhaS
102 	 zraR, melR, araC, idnR, fucR, rhaR, rhaS
103 	 zraR, araC, idnR, fucR, rhaR, rhaS
104 	 zraR, melR, araC, idnR, fucR, rhaR, rhaS
105 	 zraR, araC
106 	 zraR, melR, araC
107 	 zraR, araC, fucR
108 	 zraR, araC
109 	 zraR, melR, araC, fucR
110 	 zraR, melR, araC
111 	 zraR, araC, idnR
112 	 zraR, araC, fucR
113 	 zraR, araC, idnR, fucR
114 	 zraR, araC, idnR
115 	 zraR, melR, araC, idnR
116 	 zraR, melR, araC, fucR
117 	 zraR, araC, idnR, fucR
118 	 zraR, melR, araC, idnR, fucR
119 	 zraR, melR, araC, idnR
120 	 zraR, melR, araC, idnR, fucR
121 	 zraR, araC, rhaR, rhaS
122 	 zraR, melR, araC, rhaR, rhaS
123 	 zraR, araC, fucR, rhaR, rhaS
124 	 zraR, melR, araC, fucR, rhaR, rhaS
125 	 zraR, araC, idnR, rhaR, rhaS
126 	 zraR, araC, rhaR, rhaS
127 	 zraR, araC, idnR, fucR, rhaR, rhaS
128 	 zraR, araC, fucR, rhaR, rhaS
129 	 zraR, melR, araC, idnR, rhaR, rhaS
130 	 zraR, melR, araC, rhaR, rhaS
131 	 zraR, melR, araC, idnR, fucR, rhaR, rhaS
132 	 zraR, melR, araC, fucR, rhaR, rhaS
133 	 zraR, araC, idnR, rhaR, rhaS
134 	 zraR, melR, araC, idnR, rhaR, rhaS
135 	 zraR, araC, idnR, fucR, rhaR, rhaS
136 	 zraR, melR, araC, idnR, fucR, rhaR, rhaS
142 	 zraR, fucR
145 	 zraR, idnR
146 	 zraR
147 	 zraR, melR
148 	 zraR, melR, fucR
149 	 zraR, melR
150 	 zraR, melR, idnR
151 	 zraR, fucR
152 	 zraR, idnR
153 	 zraR, idnR, fucR
154 	 zraR, melR, idnR
155 	 zraR, idnR, fucR
156 	 zraR, melR, idnR, fucR
157 	 zraR, melR, fucR
158 	 zraR, melR, idnR, fucR
159 	 zraR, araC
160 	 zraR, melR, araC
161 	 zraR, araC, fucR
162 	 zraR, araC
163 	 zraR, araC, fucR
164 	 zraR, melR, araC
165 	 zraR, melR, araC, fucR
166 	 zraR, melR, araC, fucR
167 	 zraR, araC, idnR
168 	 zraR, melR, araC, idnR
169 	 zraR, araC, idnR
170 	 zraR, araC, idnR, fucR
171 	 zraR, araC, idnR, fucR
172 	 zraR, melR, araC, idnR, fucR
173 	 zraR, melR, araC, idnR
174 	 zraR, melR, araC, idnR, fucR
175 	 zraR, rhaR, rhaS
176 	 zraR, melR, rhaR, rhaS
177 	 zraR, fucR, rhaR, rhaS
178 	 zraR, idnR, rhaR, rhaS
179 	 zraR, rhaR, rhaS
180 	 zraR, melR, idnR, rhaR, rhaS
181 	 zraR, idnR, rhaR, rhaS
182 	 zraR, melR, fucR, rhaR, rhaS
183 	 zraR, fucR, rhaR, rhaS
184 	 zraR, melR, rhaR, rhaS
185 	 zraR, idnR, fucR, rhaR, rhaS
186 	 zraR, melR, idnR, rhaR, rhaS
187 	 zraR, melR, idnR, fucR, rhaR, rhaS
188 	 zraR, melR, fucR, rhaR, rhaS
189 	 zraR, idnR, fucR, rhaR, rhaS
190 	 zraR, melR, idnR, fucR, rhaR, rhaS
191 	 zraR, araC, rhaR, rhaS
192 	 zraR, araC, idnR, rhaR, rhaS
193 	 zraR, araC, rhaR, rhaS
194 	 zraR, melR, araC, rhaR, rhaS
195 	 zraR, araC, idnR, rhaR, rhaS
196 	 zraR, melR, araC, idnR, rhaR, rhaS
197 	 zraR, araC, fucR, rhaR, rhaS
198 	 zraR, melR, araC, rhaR, rhaS
199 	 zraR, araC, idnR, fucR, rhaR, rhaS
200 	 zraR, melR, araC, fucR, rhaR, rhaS
201 	 zraR, araC, fucR, rhaR, rhaS
202 	 zraR, melR, araC, idnR, fucR, rhaR, rhaS
203 	 zraR, melR, araC, fucR, rhaR, rhaS
204 	 zraR, araC, idnR, fucR, rhaR, rhaS
205 	 zraR, melR, araC, idnR, rhaR, rhaS
206 	 zraR, melR, araC, idnR, fucR, rhaR, rhaS
210 	 zraR, melR
212 	 zraR
213 	 zraR, idnR
214 	 zraR, melR, idnR
215 	 zraR, melR
216 	 zraR, fucR
217 	 zraR, idnR, fucR
218 	 zraR, idnR
219 	 zraR, fucR
220 	 zraR, melR, fucR
221 	 zraR, idnR, fucR
222 	 zraR, melR, idnR
223 	 zraR, melR, fucR
224 	 zraR, melR, idnR, fucR
225 	 zraR, melR, idnR, fucR
226 	 zraR, araC
227 	 zraR, melR, araC
228 	 zraR, araC, fucR
229 	 zraR, araC, idnR
230 	 zraR, araC
231 	 zraR, araC, fucR
232 	 zraR, araC, idnR
233 	 zraR, melR, araC
234 	 zraR, melR, araC, fucR
235 	 zraR, melR, araC, idnR
236 	 zraR, araC, idnR, fucR
237 	 zraR, melR, araC, fucR
238 	 zraR, araC, idnR, fucR
239 	 zraR, melR, araC, idnR
240 	 zraR, melR, araC, idnR, fucR
241 	 zraR, melR, araC, idnR, fucR
258 	 zraR, melR
259 	 zraR, idnR
260 	 zraR, fucR
261 	 zraR
262 	 zraR, idnR
263 	 zraR, fucR
264 	 zraR, melR
265 	 zraR, idnR, fucR
266 	 zraR, melR, fucR
267 	 zraR, melR, idnR
268 	 zraR, melR, idnR, fucR
269 	 zraR, melR, idnR
270 	 zraR, melR, fucR
271 	 zraR, idnR, fucR
272 	 zraR, melR, idnR, fucR
274 	 zraR
275 	 zraR, fucR
276 	 zraR, idnR
277 	 zraR, melR
278 	 zraR, idnR, fucR
279 	 zraR, melR, idnR
280 	 zraR, idnR
281 	 zraR, melR, fucR
282 	 zraR, melR
283 	 zraR, fucR
284 	 zraR, melR, idnR
285 	 zraR, melR, fucR
286 	 zraR, idnR, fucR
287 	 zraR, melR, idnR, fucR
288 	 zraR, melR, idnR, fucR
290 	 zraR
291 	 zraR, idnR
292 	 zraR, melR
293 	 zraR, melR
294 	 zraR, idnR
295 	 zraR, fucR
296 	 zraR, melR, idnR
297 	 zraR, fucR
298 	 zraR, idnR, fucR
299 	 zraR, melR, idnR
300 	 zraR, melR, fucR
301 	 zraR, idnR, fucR
302 	 zraR, melR, fucR
303 	 zraR, melR, idnR, fucR
304 	 zraR, melR, idnR, fucR
306 	 zraR, melR
307 	 zraR, idnR
308 	 zraR
309 	 zraR, melR
310 	 zraR, melR, idnR
311 	 zraR, fucR
312 	 zraR, idnR
313 	 zraR, melR, fucR
314 	 zraR, idnR, fucR
315 	 zraR, melR, idnR
316 	 zraR, fucR
317 	 zraR, melR, idnR, fucR
318 	 zraR, melR, fucR
319 	 zraR, idnR, fucR
320 	 zraR, melR, idnR, fucR
321 	 zraR, araC
322 	 zraR, araC
323 	 zraR, araC, fucR
324 	 zraR, araC, idnR
325 	 zraR, melR, araC
326 	 zraR, melR, araC, fucR
327 	 zraR, melR, araC, idnR
328 	 zraR, melR, araC
329 	 zraR, araC, idnR, fucR
330 	 zraR, araC, idnR
331 	 zraR, araC, fucR
332 	 zraR, melR, araC, idnR
333 	 zraR, araC, idnR, fucR
334 	 zraR, melR, araC, fucR
335 	 zraR, melR, araC, idnR, fucR
336 	 zraR, melR, araC, idnR, fucR
337 	 zraR, araC
338 	 zraR, araC, idnR
339 	 zraR, araC, fucR
340 	 zraR, araC
341 	 zraR, melR, araC
342 	 zraR, melR, araC, fucR
343 	 zraR, melR, araC
344 	 zraR, melR, araC, idnR
345 	 zraR, araC, fucR
346 	 zraR, araC, idnR
347 	 zraR, araC, idnR, fucR
348 	 zraR, melR, araC, idnR
349 	 zraR, araC, idnR, fucR
350 	 zraR, melR, araC, idnR, fucR
351 	 zraR, melR, araC, fucR
352 	 zraR, melR, araC, idnR, fucR
353 	 zraR, araC
354 	 zraR, araC, idnR
355 	 zraR, melR, araC
356 	 zraR, araC
357 	 zraR, araC, idnR
358 	 zraR, melR, araC, idnR
359 	 zraR, araC, fucR
360 	 zraR, melR, araC
361 	 zraR, araC, idnR, fucR
362 	 zraR, melR, araC, fucR
363 	 zraR, araC, fucR
364 	 zraR, melR, araC, idnR
365 	 zraR, melR, araC, idnR, fucR
366 	 zraR, melR, araC, fucR
367 	 zraR, araC, idnR, fucR
368 	 zraR, melR, araC, idnR, fucR
369 	 zraR, araC
370 	 zraR, araC, fucR
371 	 zraR, araC
372 	 zraR, melR, araC
373 	 zraR, araC, fucR
374 	 zraR, melR, araC, fucR
375 	 zraR, araC, idnR
376 	 zraR, melR, araC
377 	 zraR, araC, idnR
378 	 zraR, melR, araC, idnR
379 	 zraR, araC, idnR, fucR
380 	 zraR, melR, araC, idnR
381 	 zraR, araC, idnR, fucR
382 	 zraR, melR, araC, fucR
383 	 zraR, melR, araC, idnR, fucR
384 	 zraR, melR, araC, idnR, fucR
393 	 zraR, rhaR, rhaS
394 	 zraR, melR, rhaR, rhaS
395 	 zraR, idnR, rhaR, rhaS
396 	 zraR, fucR, rhaR, rhaS
397 	 zraR, rhaR, rhaS
398 	 zraR, melR, idnR, rhaR, rhaS
399 	 zraR, idnR, fucR, rhaR, rhaS
400 	 zraR, fucR, rhaR, rhaS
401 	 zraR, melR, rhaR, rhaS
402 	 zraR, idnR, rhaR, rhaS
403 	 zraR, melR, fucR, rhaR, rhaS
404 	 zraR, melR, fucR, rhaR, rhaS
405 	 zraR, melR, idnR, rhaR, rhaS
406 	 zraR, idnR, fucR, rhaR, rhaS
407 	 zraR, melR, idnR, fucR, rhaR, rhaS
408 	 zraR, melR, idnR, fucR, rhaR, rhaS
409 	 zraR, araC, rhaR, rhaS
410 	 zraR, araC, idnR, rhaR, rhaS
411 	 zraR, araC, fucR, rhaR, rhaS
412 	 zraR, melR, araC, rhaR, rhaS
413 	 zraR, araC, idnR, fucR, rhaR, rhaS
414 	 zraR, melR, araC, fucR, rhaR, rhaS
415 	 zraR, melR, araC, idnR, rhaR, rhaS
416 	 zraR, araC, rhaR, rhaS
417 	 zraR, melR, araC, rhaR, rhaS
418 	 zraR, araC, fucR, rhaR, rhaS
419 	 zraR, araC, idnR, rhaR, rhaS
420 	 zraR, melR, araC, fucR, rhaR, rhaS
421 	 zraR, araC, idnR, fucR, rhaR, rhaS
422 	 zraR, melR, araC, idnR, rhaR, rhaS
423 	 zraR, melR, araC, idnR, fucR, rhaR, rhaS
424 	 zraR, melR, araC, idnR, fucR, rhaR, rhaS
425 	 zraR, rhaR, rhaS
426 	 zraR, fucR, rhaR, rhaS
427 	 zraR, rhaR, rhaS
428 	 zraR, idnR, rhaR, rhaS
429 	 zraR, melR, rhaR, rhaS
430 	 zraR, melR, fucR, rhaR, rhaS
431 	 zraR, fucR, rhaR, rhaS
432 	 zraR, melR, rhaR, rhaS
433 	 zraR, melR, idnR, rhaR, rhaS
434 	 zraR, idnR, fucR, rhaR, rhaS
435 	 zraR, idnR, rhaR, rhaS
436 	 zraR, melR, idnR, fucR, rhaR, rhaS
437 	 zraR, melR, idnR, rhaR, rhaS
438 	 zraR, melR, fucR, rhaR, rhaS
439 	 zraR, idnR, fucR, rhaR, rhaS
440 	 zraR, melR, idnR, fucR, rhaR, rhaS
441 	 zraR, rhaR, rhaS
442 	 zraR, idnR, rhaR, rhaS
443 	 zraR, melR, rhaR, rhaS
444 	 zraR, fucR, rhaR, rhaS
445 	 zraR, rhaR, rhaS
446 	 zraR, idnR, rhaR, rhaS
447 	 zraR, melR, idnR, rhaR, rhaS
448 	 zraR, melR, rhaR, rhaS
449 	 zraR, fucR, rhaR, rhaS
450 	 zraR, idnR, fucR, rhaR, rhaS
451 	 zraR, melR, fucR, rhaR, rhaS
452 	 zraR, idnR, fucR, rhaR, rhaS
453 	 zraR, melR, fucR, rhaR, rhaS
454 	 zraR, melR, idnR, rhaR, rhaS
455 	 zraR, melR, idnR, fucR, rhaR, rhaS
456 	 zraR, melR, idnR, fucR, rhaR, rhaS
457 	 zraR, rhaR, rhaS
458 	 zraR, rhaR, rhaS
459 	 zraR, fucR, rhaR, rhaS
460 	 zraR, idnR, rhaR, rhaS
461 	 zraR, melR, rhaR, rhaS
462 	 zraR, fucR, rhaR, rhaS
463 	 zraR, idnR, fucR, rhaR, rhaS
464 	 zraR, melR, idnR, rhaR, rhaS
465 	 zraR, melR, rhaR, rhaS
466 	 zraR, melR, fucR, rhaR, rhaS
467 	 zraR, idnR, rhaR, rhaS
468 	 zraR, melR, idnR, rhaR, rhaS
469 	 zraR, melR, fucR, rhaR, rhaS
470 	 zraR, melR, idnR, fucR, rhaR, rhaS
471 	 zraR, idnR, fucR, rhaR, rhaS
472 	 zraR, melR, idnR, fucR, rhaR, rhaS
473 	 zraR, rhaR, rhaS
474 	 zraR, rhaR, rhaS
475 	 zraR, idnR, rhaR, rhaS
476 	 zraR, fucR, rhaR, rhaS
477 	 zraR, idnR, rhaR, rhaS
478 	 zraR, idnR, fucR, rhaR, rhaS
479 	 zraR, fucR, rhaR, rhaS
480 	 zraR, melR, rhaR, rhaS
481 	 zraR, melR, fucR, rhaR, rhaS
482 	 zraR, melR, idnR, rhaR, rhaS
483 	 zraR, melR, rhaR, rhaS
484 	 zraR, melR, idnR, fucR, rhaR, rhaS
485 	 zraR, melR, idnR, rhaR, rhaS
486 	 zraR, melR, fucR, rhaR, rhaS
487 	 zraR, idnR, fucR, rhaR, rhaS
488 	 zraR, melR, idnR, fucR, rhaR, rhaS
489 	 zraR, araC, rhaR, rhaS
490 	 zraR, araC, fucR, rhaR, rhaS
491 	 zraR, melR, araC, rhaR, rhaS
492 	 zraR, araC, idnR, rhaR, rhaS
493 	 zraR, araC, rhaR, rhaS
494 	 zraR, araC, fucR, rhaR, rhaS
495 	 zraR, melR, araC, fucR, rhaR, rhaS
496 	 zraR, melR, araC, rhaR, rhaS
497 	 zraR, araC, idnR, rhaR, rhaS
498 	 zraR, araC, idnR, fucR, rhaR, rhaS
499 	 zraR, melR, araC, idnR, rhaR, rhaS
500 	 zraR, araC, idnR, fucR, rhaR, rhaS
501 	 zraR, melR, araC, idnR, rhaR, rhaS
502 	 zraR, melR, araC, fucR, rhaR, rhaS
503 	 zraR, melR, araC, idnR, fucR, rhaR, rhaS
504 	 zraR, melR, araC, idnR, fucR, rhaR, rhaS
505 	 zraR, araC, rhaR, rhaS
506 	 zraR, araC, idnR, rhaR, rhaS
507 	 zraR, araC, fucR, rhaR, rhaS
508 	 zraR, melR, araC, rhaR, rhaS
509 	 zraR, araC, rhaR, rhaS
510 	 zraR, araC, idnR, rhaR, rhaS
511 	 zraR, araC, idnR, fucR, rhaR, rhaS
512 	 zraR, araC, fucR, rhaR, rhaS
513 	 zraR, melR, araC, rhaR, rhaS
514 	 zraR, melR, araC, idnR, rhaR, rhaS
515 	 zraR, melR, araC, fucR, rhaR, rhaS
516 	 zraR, melR, araC, idnR, rhaR, rhaS
517 	 zraR, melR, araC, fucR, rhaR, rhaS
518 	 zraR, araC, idnR, fucR, rhaR, rhaS
519 	 zraR, melR, araC, idnR, fucR, rhaR, rhaS
520 	 zraR, melR, araC, idnR, fucR, rhaR, rhaS
521 	 zraR, araC, rhaR, rhaS
522 	 zraR, araC, rhaR, rhaS
523 	 zraR, melR, araC, rhaR, rhaS
524 	 zraR, araC, idnR, rhaR, rhaS
525 	 zraR, araC, fucR, rhaR, rhaS
526 	 zraR, melR, araC, rhaR, rhaS
527 	 zraR, melR, araC, idnR, rhaR, rhaS
528 	 zraR, araC, idnR, fucR, rhaR, rhaS
529 	 zraR, araC, fucR, rhaR, rhaS
530 	 zraR, melR, araC, fucR, rhaR, rhaS
531 	 zraR, araC, idnR, rhaR, rhaS
532 	 zraR, araC, idnR, fucR, rhaR, rhaS
533 	 zraR, melR, araC, fucR, rhaR, rhaS
534 	 zraR, melR, araC, idnR, fucR, rhaR, rhaS
535 	 zraR, melR, araC, idnR, rhaR, rhaS
536 	 zraR, melR, araC, idnR, fucR, rhaR, rhaS
537 	 zraR, araC, rhaR, rhaS
538 	 zraR, araC, rhaR, rhaS
539 	 zraR, araC, fucR, rhaR, rhaS
540 	 zraR, melR, araC, rhaR, rhaS
541 	 zraR, araC, fucR, rhaR, rhaS
542 	 zraR, melR, araC, fucR, rhaR, rhaS
543 	 zraR, melR, araC, rhaR, rhaS
544 	 zraR, araC, idnR, rhaR, rhaS
545 	 zraR, melR, araC, idnR, rhaR, rhaS
546 	 zraR, araC, idnR, rhaR, rhaS
547 	 zraR, araC, idnR, fucR, rhaR, rhaS
548 	 zraR, araC, idnR, fucR, rhaR, rhaS
549 	 zraR, melR, araC, idnR, rhaR, rhaS
550 	 zraR, melR, araC, fucR, rhaR, rhaS
551 	 zraR, melR, araC, idnR, fucR, rhaR, rhaS
552 	 zraR, melR, araC, idnR, fucR, rhaR, rhaS
