4672 	 zraR, yqjI, fucR, lldR, srlR, gutM, narL, arcA, fnr
9100 	 zraR, melR, yqjI, betI, lldR, srlR, gutM, narL, arcA, fnr
9106 	 zraR, yqjI, fucR, betI, lldR, srlR, gutM, narL, arcA, fnr
9107 	 zraR, yqjI, fucR, betI, lldR, srlR, gutM, narL, arcA, fnr
9108 	 zraR, melR, yqjI, betI, lldR, srlR, gutM, narL, arcA, fnr
9109 	 zraR, melR, yqjI, fucR, betI, lldR, srlR, gutM, narL, arcA, fnr
9110 	 zraR, melR, yqjI, fucR, betI, lldR, srlR, gutM, narL, arcA, fnr
9111 	 zraR, melR, yqjI, betI, lldR, srlR, gutM, narL, arcA, fnr
9112 	 zraR, yqjI, fucR, betI, lldR, srlR, gutM, narL, arcA, fnr
9113 	 zraR, yqjI, fucR, lldR, dcuR, srlR, gutM, narL, arcA, fnr
9114 	 zraR, melR, yqjI, fucR, betI, lldR, srlR, gutM, narL, arcA, fnr
9115 	 zraR, yqjI, fucR, betI, lldR, srlR, gutM, narL, arcA, fnr
9116 	 zraR, melR, yqjI, betI, lldR, srlR, gutM, narL, arcA, fnr
9117 	 zraR, melR, yqjI, fucR, betI, lldR, srlR, gutM, narL, arcA, fnr
9128 	 zraR, yqjI, fucR, betI, lldR, srlR, gutM, narL, arcA, fnr
9131 	 zraR, melR, yqjI, betI, lldR, srlR, gutM, narL, arcA, fnr
9132 	 zraR, melR, yqjI, fucR, betI, lldR, srlR, gutM, narL, arcA, fnr
9133 	 zraR, yqjI, fucR, betI, lldR, srlR, gutM, narL, arcA, fnr
9134 	 zraR, melR, yqjI, betI, lldR, srlR, gutM, narL, arcA, fnr
9135 	 zraR, melR, yqjI, fucR, betI, lldR, srlR, gutM, narL, arcA, fnr
9136 	 zraR, yqjI, fucR, betI, lldR, srlR, gutM, narL, arcA, fnr
9137 	 zraR, melR, yqjI, betI, lldR, srlR, gutM, narL, arcA, fnr
9139 	 zraR, melR, yqjI, betI, lldR, srlR, gutM, narL, arcA, fnr
9140 	 zraR, yqjI, fucR, betI, lldR, srlR, gutM, narL, arcA, fnr
9141 	 zraR, melR, yqjI, fucR, betI, lldR, srlR, gutM, narL, arcA, fnr
9142 	 zraR, melR, yqjI, fucR, betI, lldR, srlR, gutM, narL, arcA, fnr
9162 	 zraR, melR, yqjI, lldR, dcuR, srlR, gutM, narL, arcA, fnr
10063 	 zraR, yqjI, fucR, lldR, dcuR, srlR, gutM, narL, arcA, fnr
10067 	 zraR, melR, yqjI, lldR, srlR, gutM, narL, arcA, fnr
10068 	 zraR, yqjI, fucR, betI, lldR, srlR, gutM, narL, arcA, fnr
10071 	 zraR, melR, yqjI, lldR, srlR, gutM, narL, arcA, fnr
10072 	 zraR, melR, yqjI, betI, lldR, srlR, gutM, narL, arcA, fnr
10075 	 zraR, melR, yqjI, fucR, lldR, srlR, gutM, narL, arcA, fnr
10079 	 zraR, melR, yqjI, lldR, dcuR, srlR, gutM, narL, arcA, fnr
10080 	 zraR, yqjI, fucR, betI, lldR, dcuR, srlR, gutM, narL, arcA, fnr
10083 	 zraR, melR, yqjI, fucR, lldR, dcuR, srlR, gutM, narL, arcA, fnr
10084 	 zraR, yqjI, fucR, lldR, dcuR, srlR, gutM, narL, arcA, fnr
10087 	 zraR, melR, yqjI, fucR, lldR, srlR, gutM, narL, arcA, fnr
10088 	 zraR, melR, yqjI, betI, lldR, srlR, gutM, narL, arcA, fnr
10091 	 zraR, melR, yqjI, fucR, lldR, dcuR, srlR, gutM, narL, arcA, fnr
10096 	 zraR, yqjI, fucR, betI, lldR, dcuR, srlR, gutM, narL, arcA, fnr
10097 	 zraR, melR, yqjI, fucR, betI, lldR, srlR, gutM, narL, arcA, fnr
10098 	 zraR, yqjI, fucR, betI, lldR, dcuR, srlR, gutM, narL, arcA, fnr
10099 	 zraR, melR, yqjI, betI, lldR, dcuR, srlR, gutM, narL, arcA, fnr
10100 	 zraR, melR, yqjI, fucR, betI, lldR, dcuR, srlR, gutM, narL, arcA, fnr
10102 	 zraR, yqjI, fucR, betI, lldR, dcuR, srlR, gutM, narL, arcA, fnr
10103 	 zraR, melR, yqjI, betI, lldR, dcuR, srlR, gutM, narL, arcA, fnr
10104 	 zraR, yqjI, fucR, betI, lldR, srlR, gutM, narL, arcA, fnr
10105 	 zraR, melR, yqjI, fucR, betI, lldR, srlR, gutM, narL, arcA, fnr
10106 	 zraR, melR, yqjI, betI, lldR, dcuR, srlR, gutM, narL, arcA, fnr
10107 	 zraR, melR, yqjI, fucR, betI, lldR, srlR, gutM, narL, arcA, fnr
10108 	 zraR, melR, yqjI, fucR, betI, lldR, dcuR, srlR, gutM, narL, arcA, fnr
10109 	 zraR, melR, yqjI, betI, lldR, srlR, gutM, narL, arcA, fnr
10110 	 zraR, melR, yqjI, fucR, betI, lldR, dcuR, srlR, gutM, narL, arcA, fnr
10113 	 zraR, yqjI, fucR, lldR, srlR, gutM, narL, arcA, fnr
10114 	 zraR, yqjI, fucR, betI, lldR, srlR, gutM, narL, arcA, fnr
10117 	 zraR, yqjI, fucR, betI, lldR, dcuR, srlR, gutM, narL, arcA, fnr
10118 	 zraR, yqjI, fucR, lldR, srlR, gutM, narL, arcA, fnr
10119 	 zraR, yqjI, fucR, lldR, dcuR, srlR, gutM, narL, arcA, fnr
10120 	 zraR, yqjI, fucR, lldR, dcuR, srlR, gutM, narL, arcA, fnr
10121 	 zraR, melR, yqjI, lldR, srlR, gutM, narL, arcA, fnr
10122 	 zraR, melR, yqjI, betI, lldR, srlR, gutM, narL, arcA, fnr
10123 	 zraR, melR, yqjI, fucR, betI, lldR, dcuR, srlR, gutM, narL, arcA, fnr
10124 	 zraR, melR, yqjI, lldR, dcuR, srlR, gutM, narL, arcA, fnr
10125 	 zraR, melR, yqjI, fucR, lldR, dcuR, srlR, gutM, narL, arcA, fnr
10126 	 zraR, melR, yqjI, lldR, dcuR, srlR, gutM, narL, arcA, fnr
10127 	 zraR, melR, yqjI, fucR, lldR, dcuR, srlR, gutM, narL, arcA, fnr
10128 	 zraR, melR, yqjI, betI, lldR, dcuR, srlR, gutM, narL, arcA, fnr
10129 	 zraR, melR, yqjI, fucR, betI, lldR, dcuR, srlR, gutM, narL, arcA, fnr
10130 	 zraR, melR, yqjI, fucR, lldR, srlR, gutM, narL, arcA, fnr
10131 	 zraR, melR, yqjI, lldR, srlR, gutM, narL, arcA, fnr
10132 	 zraR, melR, yqjI, fucR, lldR, srlR, gutM, narL, arcA, fnr
10134 	 zraR, yqjI, fucR, betI, lldR, srlR, gutM, narL, arcA, fnr
10136 	 zraR, yqjI, fucR, betI, lldR, dcuR, srlR, gutM, narL, arcA, fnr
10137 	 zraR, melR, yqjI, betI, lldR, srlR, gutM, narL, arcA, fnr
10138 	 zraR, melR, yqjI, fucR, betI, lldR, dcuR, srlR, gutM, narL, arcA, fnr
10139 	 zraR, melR, yqjI, betI, lldR, dcuR, srlR, gutM, narL, arcA, fnr
10140 	 zraR, melR, yqjI, fucR, betI, lldR, dcuR, srlR, gutM, narL, arcA, fnr
10143 	 zraR, yqjI, fucR, betI, lldR, dcuR, srlR, gutM, narL, arcA, fnr
10144 	 zraR, yqjI, fucR, betI, lldR, srlR, gutM, narL, arcA, fnr
10146 	 zraR, yqjI, fucR, betI, lldR, dcuR, srlR, gutM, narL, arcA, fnr
10148 	 zraR, melR, yqjI, betI, lldR, dcuR, srlR, gutM, narL, arcA, fnr
10149 	 zraR, yqjI, fucR, betI, lldR, srlR, gutM, narL, arcA, fnr
10150 	 zraR, melR, yqjI, betI, lldR, srlR, gutM, narL, arcA, fnr
10151 	 zraR, melR, yqjI, fucR, betI, lldR, srlR, gutM, narL, arcA, fnr
10152 	 zraR, melR, yqjI, fucR, betI, lldR, srlR, gutM, narL, arcA, fnr
10153 	 zraR, melR, yqjI, betI, lldR, dcuR, srlR, gutM, narL, arcA, fnr
10154 	 zraR, melR, yqjI, fucR, betI, lldR, dcuR, srlR, gutM, narL, arcA, fnr
10155 	 zraR, melR, yqjI, betI, lldR, srlR, gutM, narL, arcA, fnr
10156 	 zraR, melR, yqjI, fucR, betI, lldR, dcuR, srlR, gutM, narL, arcA, fnr
10160 	 zraR, yqjI, fucR, betI, lldR, srlR, gutM, narL, arcA, fnr
10162 	 zraR, yqjI, fucR, betI, lldR, srlR, gutM, narL, arcA, fnr
10164 	 zraR, yqjI, fucR, betI, lldR, dcuR, srlR, gutM, narL, arcA, fnr
10165 	 zraR, melR, yqjI, betI, lldR, srlR, gutM, narL, arcA, fnr
10166 	 zraR, yqjI, fucR, betI, lldR, dcuR, srlR, gutM, narL, arcA, fnr
10167 	 zraR, yqjI, fucR, betI, lldR, dcuR, srlR, gutM, narL, arcA, fnr
10168 	 zraR, melR, yqjI, fucR, betI, lldR, srlR, gutM, narL, arcA, fnr
10169 	 zraR, melR, yqjI, betI, lldR, dcuR, srlR, gutM, narL, arcA, fnr
10170 	 zraR, melR, yqjI, betI, lldR, srlR, gutM, narL, arcA, fnr
10172 	 zraR, melR, yqjI, fucR, betI, lldR, dcuR, srlR, gutM, narL, arcA, fnr
10173 	 zraR, melR, yqjI, betI, lldR, srlR, gutM, narL, arcA, fnr
10174 	 zraR, yqjI, fucR, betI, lldR, srlR, gutM, narL, arcA, fnr
10175 	 zraR, melR, yqjI, fucR, betI, lldR, srlR, gutM, narL, arcA, fnr
10176 	 zraR, melR, yqjI, betI, lldR, dcuR, srlR, gutM, narL, arcA, fnr
10177 	 zraR, melR, yqjI, fucR, betI, lldR, srlR, gutM, narL, arcA, fnr
10178 	 zraR, melR, yqjI, fucR, betI, lldR, dcuR, srlR, gutM, narL, arcA, fnr
10179 	 zraR, melR, yqjI, betI, lldR, srlR, gutM, narL, arcA, fnr
10180 	 zraR, melR, yqjI, fucR, betI, lldR, dcuR, srlR, gutM, narL, arcA, fnr
10183 	 zraR, yqjI, fucR, betI, lldR, dcuR, srlR, gutM, narL, arcA, fnr
10184 	 zraR, yqjI, fucR, betI, lldR, srlR, gutM, narL, arcA, fnr
10186 	 zraR, yqjI, fucR, betI, lldR, dcuR, srlR, gutM, narL, arcA, fnr
10187 	 zraR, melR, yqjI, betI, lldR, srlR, gutM, narL, arcA, fnr
10189 	 zraR, melR, yqjI, betI, lldR, srlR, gutM, narL, arcA, fnr
10190 	 zraR, yqjI, fucR, betI, lldR, srlR, gutM, narL, arcA, fnr
10191 	 zraR, melR, yqjI, fucR, betI, lldR, srlR, gutM, narL, arcA, fnr
10192 	 zraR, melR, yqjI, fucR, betI, lldR, srlR, gutM, narL, arcA, fnr
10193 	 zraR, melR, yqjI, betI, lldR, dcuR, srlR, gutM, narL, arcA, fnr
10194 	 zraR, melR, yqjI, fucR, betI, lldR, dcuR, srlR, gutM, narL, arcA, fnr
10195 	 zraR, melR, yqjI, betI, lldR, srlR, gutM, narL, arcA, fnr
10196 	 zraR, melR, yqjI, fucR, betI, lldR, dcuR, srlR, gutM, narL, arcA, fnr
10199 	 zraR, yqjI, fucR, lldR, srlR, gutM, narL, arcA, fnr
10201 	 zraR, yqjI, fucR, lldR, dcuR, srlR, gutM, narL, arcA, fnr
10202 	 zraR, yqjI, fucR, lldR, dcuR, srlR, gutM, narL, arcA, fnr
10203 	 zraR, melR, yqjI, lldR, dcuR, srlR, gutM, narL, arcA, fnr
10205 	 zraR, melR, yqjI, lldR, srlR, gutM, narL, arcA, fnr
10206 	 zraR, yqjI, fucR, lldR, srlR, gutM, narL, arcA, fnr
10207 	 zraR, melR, yqjI, fucR, lldR, srlR, gutM, narL, arcA, fnr
10208 	 zraR, melR, yqjI, fucR, lldR, dcuR, srlR, gutM, narL, arcA, fnr
10209 	 zraR, melR, yqjI, lldR, dcuR, srlR, gutM, narL, arcA, fnr
10210 	 zraR, melR, yqjI, fucR, lldR, dcuR, srlR, gutM, narL, arcA, fnr
10211 	 zraR, melR, yqjI, lldR, dcuR, srlR, gutM, narL, arcA, fnr
10212 	 zraR, melR, yqjI, fucR, lldR, srlR, gutM, narL, arcA, fnr
10214 	 zraR, yqjI, fucR, lldR, srlR, gutM, narL, arcA, fnr
10217 	 zraR, yqjI, fucR, lldR, srlR, gutM, narL, arcA, fnr
10218 	 zraR, yqjI, fucR, lldR, dcuR, srlR, gutM, narL, arcA, fnr
10219 	 zraR, melR, yqjI, lldR, srlR, gutM, narL, arcA, fnr
10221 	 zraR, melR, yqjI, lldR, dcuR, srlR, gutM, narL, arcA, fnr
10222 	 zraR, yqjI, fucR, lldR, srlR, gutM, narL, arcA, fnr
10223 	 zraR, melR, yqjI, fucR, lldR, srlR, gutM, narL, arcA, fnr
10224 	 zraR, melR, yqjI, lldR, dcuR, srlR, gutM, narL, arcA, fnr
10225 	 zraR, melR, yqjI, fucR, lldR, dcuR, srlR, gutM, narL, arcA, fnr
10226 	 zraR, melR, yqjI, fucR, lldR, dcuR, srlR, gutM, narL, arcA, fnr
10227 	 zraR, melR, yqjI, lldR, dcuR, srlR, gutM, narL, arcA, fnr
10228 	 zraR, melR, yqjI, fucR, lldR, srlR, gutM, narL, arcA, fnr
10255 	 zraR, yqjI, fucR, betI, lldR, srlR, gutM, narL, arcA, fnr
10256 	 zraR, yqjI, fucR, betI, lldR, dcuR, srlR, gutM, narL, arcA, fnr
10257 	 zraR, yqjI, fucR, betI, lldR, dcuR, srlR, gutM, narL, arcA, fnr
10259 	 zraR, melR, yqjI, betI, lldR, dcuR, srlR, gutM, narL, arcA, fnr
10261 	 zraR, melR, yqjI, betI, lldR, srlR, gutM, narL, arcA, fnr
10263 	 zraR, melR, yqjI, fucR, betI, lldR, srlR, gutM, narL, arcA, fnr
10265 	 zraR, melR, yqjI, fucR, betI, lldR, srlR, gutM, narL, arcA, fnr
10267 	 zraR, melR, yqjI, betI, lldR, dcuR, srlR, gutM, narL, arcA, fnr
10269 	 zraR, melR, yqjI, fucR, betI, lldR, dcuR, srlR, gutM, narL, arcA, fnr
10272 	 zraR, yqjI, fucR, betI, lldR, srlR, gutM, narL, arcA, fnr
10273 	 zraR, melR, yqjI, betI, lldR, srlR, gutM, narL, arcA, fnr
10274 	 zraR, melR, yqjI, fucR, betI, lldR, srlR, gutM, narL, arcA, fnr
10363 	 zraR, yqjI, fucR, betI, lldR, srlR, gutM, narL, arcA, fnr
10365 	 zraR, yqjI, fucR, betI, lldR, dcuR, srlR, gutM, narL, arcA, fnr
10369 	 zraR, yqjI, fucR, betI, lldR, dcuR, srlR, gutM, narL, arcA, fnr
10372 	 zraR, yqjI, fucR, betI, lldR, dcuR, srlR, gutM, narL, arcA, fnr
10373 	 zraR, yqjI, fucR, betI, lldR, srlR, gutM, narL, arcA, fnr
10375 	 zraR, melR, yqjI, betI, lldR, srlR, gutM, narL, arcA, fnr
10376 	 zraR, yqjI, fucR, betI, lldR, srlR, gutM, narL, arcA, fnr
10377 	 zraR, melR, yqjI, betI, lldR, srlR, gutM, narL, arcA, fnr
10378 	 zraR, yqjI, fucR, betI, lldR, dcuR, srlR, gutM, narL, arcA, fnr
10379 	 zraR, melR, yqjI, fucR, betI, lldR, srlR, gutM, narL, arcA, fnr
10380 	 zraR, melR, yqjI, betI, lldR, dcuR, srlR, gutM, narL, arcA, fnr
10381 	 zraR, melR, yqjI, fucR, betI, lldR, dcuR, srlR, gutM, narL, arcA, fnr
10383 	 zraR, melR, yqjI, betI, lldR, dcuR, srlR, gutM, narL, arcA, fnr
10384 	 zraR, yqjI, fucR, betI, lldR, srlR, gutM, narL, arcA, fnr
10385 	 zraR, melR, yqjI, fucR, betI, lldR, dcuR, srlR, gutM, narL, arcA, fnr
10386 	 zraR, melR, yqjI, betI, lldR, srlR, gutM, narL, arcA, fnr
10387 	 zraR, melR, yqjI, betI, lldR, dcuR, srlR, gutM, narL, arcA, fnr
10388 	 zraR, melR, yqjI, fucR, betI, lldR, srlR, gutM, narL, arcA, fnr
10389 	 zraR, melR, yqjI, fucR, betI, lldR, dcuR, srlR, gutM, narL, arcA, fnr
10390 	 zraR, melR, yqjI, betI, lldR, dcuR, srlR, gutM, narL, arcA, fnr
10391 	 zraR, melR, yqjI, fucR, betI, lldR, srlR, gutM, narL, arcA, fnr
10392 	 zraR, melR, yqjI, fucR, betI, lldR, dcuR, srlR, gutM, narL, arcA, fnr
10393 	 zraR, melR, yqjI, betI, lldR, srlR, gutM, narL, arcA, fnr
10394 	 zraR, melR, yqjI, fucR, betI, lldR, srlR, gutM, narL, arcA, fnr
10636 	 zraR, melR, yqjI, lldR, dcuR, srlR, gutM, narL, arcA, fnr
10638 	 zraR, yqjI, fucR, lldR, srlR, gutM, narL, arcA, fnr
10640 	 zraR, melR, yqjI, lldR, srlR, gutM, narL, arcA, fnr
10654 	 zraR, melR, yqjI, fucR, lldR, srlR, gutM, narL, arcA, fnr
10656 	 zraR, melR, yqjI, lldR, srlR, gutM, narL, arcA, fnr
10658 	 zraR, yqjI, fucR, lldR, srlR, gutM, narL, arcA, fnr
10660 	 zraR, yqjI, fucR, lldR, dcuR, srlR, gutM, narL, arcA, fnr
10670 	 zraR, melR, yqjI, lldR, srlR, gutM, narL, arcA, fnr
10680 	 zraR, yqjI, fucR, lldR, srlR, gutM, narL, arcA, fnr
10839 	 zraR, melR, yqjI, betI, lldR, dcuR, srlR, gutM, narL, arcA, fnr
10840 	 zraR, yqjI, fucR, betI, lldR, dcuR, srlR, gutM, narL, arcA, fnr
10841 	 zraR, melR, yqjI, betI, lldR, dcuR, srlR, gutM, narL, arcA, fnr
10842 	 zraR, yqjI, fucR, betI, lldR, dcuR, srlR, gutM, narL, arcA, fnr
10843 	 zraR, melR, yqjI, betI, lldR, dcuR, srlR, gutM, narL, arcA, fnr
10844 	 zraR, yqjI, fucR, betI, lldR, dcuR, srlR, gutM, narL, arcA, fnr
10845 	 zraR, melR, yqjI, betI, lldR, dcuR, srlR, gutM, narL, arcA, fnr
10846 	 zraR, yqjI, fucR, betI, lldR, dcuR, srlR, gutM, narL, arcA, fnr
10847 	 zraR, melR, yqjI, betI, lldR, dcuR, srlR, gutM, narL, arcA, fnr
10848 	 zraR, yqjI, fucR, betI, lldR, dcuR, srlR, gutM, narL, arcA, fnr
10849 	 zraR, melR, yqjI, betI, lldR, dcuR, srlR, gutM, narL, arcA, fnr
10850 	 zraR, yqjI, fucR, betI, lldR, dcuR, srlR, gutM, narL, arcA, fnr
10851 	 zraR, melR, yqjI, betI, lldR, dcuR, srlR, gutM, narL, arcA, fnr
10852 	 zraR, yqjI, fucR, betI, lldR, dcuR, srlR, gutM, narL, arcA, fnr
10853 	 zraR, melR, yqjI, betI, lldR, dcuR, srlR, gutM, narL, arcA, fnr
10854 	 zraR, yqjI, fucR, betI, lldR, dcuR, srlR, gutM, narL, arcA, fnr
10855 	 zraR, melR, yqjI, betI, lldR, dcuR, srlR, gutM, narL, arcA, fnr
10856 	 zraR, yqjI, fucR, betI, lldR, dcuR, srlR, gutM, narL, arcA, fnr
10857 	 zraR, melR, yqjI, betI, lldR, dcuR, srlR, gutM, narL, arcA, fnr
10859 	 zraR, yqjI, fucR, betI, lldR, dcuR, srlR, gutM, narL, arcA, fnr
10860 	 zraR, melR, yqjI, fucR, betI, lldR, dcuR, srlR, gutM, narL, arcA, fnr
10861 	 zraR, melR, yqjI, fucR, betI, lldR, dcuR, srlR, gutM, narL, arcA, fnr
10862 	 zraR, melR, yqjI, fucR, betI, lldR, dcuR, srlR, gutM, narL, arcA, fnr
10863 	 zraR, melR, yqjI, fucR, betI, lldR, dcuR, srlR, gutM, narL, arcA, fnr
10864 	 zraR, melR, yqjI, fucR, betI, lldR, dcuR, srlR, gutM, narL, arcA, fnr
10865 	 zraR, melR, yqjI, fucR, betI, lldR, dcuR, srlR, gutM, narL, arcA, fnr
10866 	 zraR, melR, yqjI, fucR, betI, lldR, dcuR, srlR, gutM, narL, arcA, fnr
10867 	 zraR, melR, yqjI, fucR, betI, lldR, dcuR, srlR, gutM, narL, arcA, fnr
10868 	 zraR, melR, yqjI, fucR, betI, lldR, dcuR, srlR, gutM, narL, arcA, fnr
10869 	 zraR, melR, yqjI, fucR, betI, lldR, dcuR, srlR, gutM, narL, arcA, fnr
10875 	 zraR, yqjI, fucR, betI, lldR, srlR, gutM, narL, arcA, fnr
10876 	 zraR, melR, yqjI, betI, lldR, srlR, gutM, narL, arcA, fnr
10877 	 zraR, yqjI, fucR, betI, lldR, srlR, gutM, narL, arcA, fnr
10878 	 zraR, melR, yqjI, betI, lldR, srlR, gutM, narL, arcA, fnr
10879 	 zraR, yqjI, fucR, betI, lldR, srlR, gutM, narL, arcA, fnr
10880 	 zraR, melR, yqjI, betI, lldR, srlR, gutM, narL, arcA, fnr
10881 	 zraR, yqjI, fucR, betI, lldR, srlR, gutM, narL, arcA, fnr
10882 	 zraR, melR, yqjI, betI, lldR, srlR, gutM, narL, arcA, fnr
10883 	 zraR, yqjI, fucR, betI, lldR, srlR, gutM, narL, arcA, fnr
10884 	 zraR, melR, yqjI, betI, lldR, srlR, gutM, narL, arcA, fnr
10885 	 zraR, melR, yqjI, fucR, betI, lldR, srlR, gutM, narL, arcA, fnr
10886 	 zraR, melR, yqjI, fucR, betI, lldR, srlR, gutM, narL, arcA, fnr
10888 	 zraR, melR, yqjI, fucR, betI, lldR, srlR, gutM, narL, arcA, fnr
10889 	 zraR, melR, yqjI, fucR, betI, lldR, srlR, gutM, narL, arcA, fnr
10890 	 zraR, melR, yqjI, fucR, betI, lldR, srlR, gutM, narL, arcA, fnr
10961 	 zraR, yqjI, fucR, betI, lldR, dcuR, srlR, gutM, narL, arcA, fnr
10963 	 zraR, yqjI, fucR, betI, lldR, dcuR, srlR, gutM, narL, arcA, fnr
10964 	 zraR, yqjI, fucR, betI, lldR, dcuR, srlR, gutM, narL, arcA, fnr
10965 	 zraR, yqjI, fucR, betI, lldR, dcuR, srlR, gutM, narL, arcA, fnr
10966 	 zraR, yqjI, fucR, betI, lldR, dcuR, srlR, gutM, narL, arcA, fnr
10967 	 zraR, melR, yqjI, betI, lldR, dcuR, srlR, gutM, narL, arcA, fnr
10968 	 zraR, melR, yqjI, betI, lldR, dcuR, srlR, gutM, narL, arcA, fnr
10969 	 zraR, melR, yqjI, betI, lldR, dcuR, srlR, gutM, narL, arcA, fnr
10970 	 zraR, melR, yqjI, fucR, betI, lldR, dcuR, srlR, gutM, narL, arcA, fnr
10971 	 zraR, melR, yqjI, betI, lldR, dcuR, srlR, gutM, narL, arcA, fnr
10972 	 zraR, melR, yqjI, fucR, betI, lldR, dcuR, srlR, gutM, narL, arcA, fnr
10973 	 zraR, melR, yqjI, fucR, betI, lldR, dcuR, srlR, gutM, narL, arcA, fnr
10974 	 zraR, melR, yqjI, betI, lldR, dcuR, srlR, gutM, narL, arcA, fnr
10975 	 zraR, melR, yqjI, fucR, betI, lldR, dcuR, srlR, gutM, narL, arcA, fnr
10976 	 zraR, melR, yqjI, fucR, betI, lldR, dcuR, srlR, gutM, narL, arcA, fnr
11322 	 zraR, melR, yqjI, lldR, dcuR, srlR, gutM, narL, arcA, fnr
11324 	 zraR, melR, yqjI, lldR, dcuR, srlR, gutM, narL, arcA, fnr
11543 	 zraR, yqjI, fucR, betI, lldR, srlR, gutM, narL, arcA, fnr
11546 	 zraR, yqjI, fucR, lldR, dcuR, srlR, gutM, narL, arcA, fnr
11653 	 zraR, yqjI, fucR, betI, lldR, srlR, gutM, narL, arcA, fnr
11671 	 zraR, melR, yqjI, betI, lldR, srlR, gutM, narL, arcA, fnr
11672 	 zraR, melR, yqjI, betI, lldR, srlR, gutM, narL, arcA, fnr
11675 	 zraR, melR, yqjI, fucR, betI, lldR, srlR, gutM, narL, arcA, fnr
11676 	 zraR, melR, yqjI, fucR, betI, lldR, srlR, gutM, narL, arcA, fnr
11679 	 zraR, yqjI, fucR, betI, lldR, srlR, gutM, narL, arcA, fnr
11684 	 zraR, yqjI, fucR, betI, lldR, srlR, gutM, narL, arcA, fnr
11685 	 zraR, melR, yqjI, betI, lldR, srlR, gutM, narL, arcA, fnr
11686 	 zraR, melR, yqjI, betI, lldR, srlR, gutM, narL, arcA, fnr
11687 	 zraR, melR, yqjI, fucR, betI, lldR, srlR, gutM, narL, arcA, fnr
11688 	 zraR, melR, yqjI, fucR, betI, lldR, srlR, gutM, narL, arcA, fnr
11708 	 zraR, yqjI, fucR, betI, lldR, srlR, gutM, narL, arcA, fnr
11709 	 zraR, yqjI, fucR, betI, lldR, srlR, gutM, narL, arcA, fnr
11710 	 zraR, yqjI, fucR, betI, lldR, srlR, gutM, narL, arcA, fnr
11711 	 zraR, yqjI, fucR, betI, lldR, srlR, gutM, narL, arcA, fnr
11712 	 zraR, melR, yqjI, betI, lldR, srlR, gutM, narL, arcA, fnr
11713 	 zraR, melR, yqjI, betI, lldR, srlR, gutM, narL, arcA, fnr
11714 	 zraR, melR, yqjI, betI, lldR, srlR, gutM, narL, arcA, fnr
11715 	 zraR, melR, yqjI, betI, lldR, srlR, gutM, narL, arcA, fnr
11716 	 zraR, melR, yqjI, fucR, betI, lldR, srlR, gutM, narL, arcA, fnr
11717 	 zraR, melR, yqjI, fucR, betI, lldR, srlR, gutM, narL, arcA, fnr
11718 	 zraR, melR, yqjI, fucR, betI, lldR, srlR, gutM, narL, arcA, fnr
11719 	 zraR, melR, yqjI, fucR, betI, lldR, srlR, gutM, narL, arcA, fnr
11743 	 zraR, yqjI, fucR, betI, lldR, srlR, gutM, narL, arcA, fnr
11744 	 zraR, yqjI, fucR, betI, lldR, srlR, gutM, narL, arcA, fnr
11745 	 zraR, yqjI, fucR, betI, lldR, srlR, gutM, narL, arcA, fnr
11746 	 zraR, yqjI, fucR, betI, lldR, srlR, gutM, narL, arcA, fnr
11747 	 zraR, melR, yqjI, betI, lldR, srlR, gutM, narL, arcA, fnr
11748 	 zraR, melR, yqjI, betI, lldR, srlR, gutM, narL, arcA, fnr
11749 	 zraR, melR, yqjI, betI, lldR, srlR, gutM, narL, arcA, fnr
11750 	 zraR, melR, yqjI, betI, lldR, srlR, gutM, narL, arcA, fnr
11751 	 zraR, melR, yqjI, fucR, betI, lldR, srlR, gutM, narL, arcA, fnr
11752 	 zraR, melR, yqjI, fucR, betI, lldR, srlR, gutM, narL, arcA, fnr
11753 	 zraR, melR, yqjI, fucR, betI, lldR, srlR, gutM, narL, arcA, fnr
11754 	 zraR, melR, yqjI, fucR, betI, lldR, srlR, gutM, narL, arcA, fnr
11781 	 zraR, yqjI, fucR, lldR, dcuR, srlR, gutM, narL, arcA, fnr
11805 	 zraR, yqjI, fucR, betI, lldR, srlR, gutM, narL, arcA, fnr
11806 	 zraR, yqjI, fucR, betI, lldR, srlR, gutM, narL, arcA, fnr
11807 	 zraR, yqjI, fucR, betI, lldR, srlR, gutM, narL, arcA, fnr
11808 	 zraR, yqjI, fucR, betI, lldR, srlR, gutM, narL, arcA, fnr
11809 	 zraR, melR, yqjI, betI, lldR, srlR, gutM, narL, arcA, fnr
11810 	 zraR, melR, yqjI, betI, lldR, srlR, gutM, narL, arcA, fnr
11811 	 zraR, melR, yqjI, betI, lldR, srlR, gutM, narL, arcA, fnr
11812 	 zraR, melR, yqjI, betI, lldR, srlR, gutM, narL, arcA, fnr
11813 	 zraR, melR, yqjI, fucR, betI, lldR, srlR, gutM, narL, arcA, fnr
11814 	 zraR, melR, yqjI, fucR, betI, lldR, srlR, gutM, narL, arcA, fnr
11815 	 zraR, melR, yqjI, fucR, betI, lldR, srlR, gutM, narL, arcA, fnr
11816 	 zraR, melR, yqjI, fucR, betI, lldR, srlR, gutM, narL, arcA, fnr
11897 	 zraR, yqjI, fucR, betI, lldR, dcuR, srlR, gutM, narL, arcA, fnr
11898 	 zraR, yqjI, fucR, betI, lldR, dcuR, srlR, gutM, narL, arcA, fnr
11899 	 zraR, yqjI, fucR, betI, lldR, dcuR, srlR, gutM, narL, arcA, fnr
11900 	 zraR, yqjI, fucR, betI, lldR, dcuR, srlR, gutM, narL, arcA, fnr
11901 	 zraR, yqjI, fucR, betI, lldR, dcuR, srlR, gutM, narL, arcA, fnr
11902 	 zraR, yqjI, fucR, betI, lldR, dcuR, srlR, gutM, narL, arcA, fnr
11903 	 zraR, yqjI, fucR, betI, lldR, dcuR, srlR, gutM, narL, arcA, fnr
11904 	 zraR, yqjI, fucR, betI, lldR, dcuR, srlR, gutM, narL, arcA, fnr
11905 	 zraR, melR, yqjI, betI, lldR, dcuR, srlR, gutM, narL, arcA, fnr
11906 	 zraR, melR, yqjI, betI, lldR, dcuR, srlR, gutM, narL, arcA, fnr
11907 	 zraR, melR, yqjI, betI, lldR, dcuR, srlR, gutM, narL, arcA, fnr
11908 	 zraR, melR, yqjI, betI, lldR, dcuR, srlR, gutM, narL, arcA, fnr
11909 	 zraR, melR, yqjI, betI, lldR, dcuR, srlR, gutM, narL, arcA, fnr
11910 	 zraR, melR, yqjI, betI, lldR, dcuR, srlR, gutM, narL, arcA, fnr
11911 	 zraR, melR, yqjI, betI, lldR, dcuR, srlR, gutM, narL, arcA, fnr
11912 	 zraR, melR, yqjI, betI, lldR, dcuR, srlR, gutM, narL, arcA, fnr
11913 	 zraR, melR, yqjI, fucR, betI, lldR, dcuR, srlR, gutM, narL, arcA, fnr
11914 	 zraR, melR, yqjI, fucR, betI, lldR, dcuR, srlR, gutM, narL, arcA, fnr
11915 	 zraR, melR, yqjI, fucR, betI, lldR, dcuR, srlR, gutM, narL, arcA, fnr
11916 	 zraR, melR, yqjI, fucR, betI, lldR, dcuR, srlR, gutM, narL, arcA, fnr
11917 	 zraR, melR, yqjI, fucR, betI, lldR, dcuR, srlR, gutM, narL, arcA, fnr
11918 	 zraR, melR, yqjI, fucR, betI, lldR, dcuR, srlR, gutM, narL, arcA, fnr
11919 	 zraR, melR, yqjI, fucR, betI, lldR, dcuR, srlR, gutM, narL, arcA, fnr
11920 	 zraR, melR, yqjI, fucR, betI, lldR, dcuR, srlR, gutM, narL, arcA, fnr
12070 	 zraR, melR, yqjI, betI, lldR, dcuR, srlR, gutM, narL, arcA, fnr
12074 	 zraR, yqjI, fucR, betI, lldR, dcuR, srlR, gutM, narL, arcA, fnr
12077 	 zraR, yqjI, fucR, betI, lldR, srlR, gutM, narL, arcA, fnr
12078 	 zraR, yqjI, fucR, betI, lldR, srlR, gutM, narL, arcA, fnr
12079 	 zraR, yqjI, fucR, betI, lldR, srlR, gutM, narL, arcA, fnr
12080 	 zraR, yqjI, fucR, betI, lldR, srlR, gutM, narL, arcA, fnr
12081 	 zraR, yqjI, fucR, betI, lldR, dcuR, srlR, gutM, narL, arcA, fnr
12082 	 zraR, yqjI, fucR, betI, lldR, dcuR, srlR, gutM, narL, arcA, fnr
12083 	 zraR, yqjI, fucR, betI, lldR, srlR, gutM, narL, arcA, fnr
12084 	 zraR, yqjI, fucR, betI, lldR, srlR, gutM, narL, arcA, fnr
12085 	 zraR, yqjI, fucR, betI, lldR, dcuR, srlR, gutM, narL, arcA, fnr
12086 	 zraR, yqjI, fucR, betI, lldR, srlR, gutM, narL, arcA, fnr
12087 	 zraR, yqjI, fucR, betI, lldR, srlR, gutM, narL, arcA, fnr
12088 	 zraR, yqjI, fucR, betI, lldR, dcuR, srlR, gutM, narL, arcA, fnr
12361 	 zraR, yqjI, fucR, betI, lldR, srlR, gutM, narL, arcA, fnr
12487 	 zraR, yqjI, fucR, lldR, dcuR, srlR, gutM, narL, arcA, fnr
12491 	 zraR, yqjI, fucR, betI, lldR, dcuR, srlR, gutM, narL, arcA, fnr
12495 	 zraR, yqjI, fucR, betI, lldR, dcuR, srlR, gutM, narL, arcA, fnr
12496 	 zraR, melR, yqjI, fucR, lldR, dcuR, srlR, gutM, narL, arcA, fnr
12497 	 zraR, yqjI, fucR, lldR, dcuR, srlR, gutM, narL, arcA, fnr
12498 	 zraR, melR, yqjI, fucR, lldR, dcuR, srlR, gutM, narL, arcA, fnr
12499 	 zraR, yqjI, fucR, lldR, srlR, gutM, narL, arcA, fnr
12500 	 zraR, melR, yqjI, fucR, betI, lldR, dcuR, srlR, gutM, narL, arcA, fnr
12501 	 zraR, yqjI, fucR, betI, lldR, dcuR, srlR, gutM, narL, arcA, fnr
12502 	 zraR, melR, yqjI, betI, lldR, dcuR, srlR, gutM, narL, arcA, fnr
12503 	 zraR, yqjI, fucR, betI, lldR, dcuR, srlR, gutM, narL, arcA, fnr
12515 	 zraR, yqjI, fucR, betI, lldR, dcuR, srlR, gutM, narL, arcA, fnr
12516 	 zraR, yqjI, fucR, betI, lldR, dcuR, srlR, gutM, narL, arcA, fnr
12517 	 zraR, yqjI, fucR, betI, lldR, srlR, gutM, narL, arcA, fnr
12530 	 zraR, yqjI, fucR, betI, lldR, dcuR, srlR, gutM, narL, arcA, fnr
12531 	 zraR, yqjI, fucR, betI, lldR, dcuR, srlR, gutM, narL, arcA, fnr
12532 	 zraR, yqjI, fucR, betI, lldR, srlR, gutM, narL, arcA, fnr
12533 	 zraR, melR, yqjI, lldR, dcuR, srlR, gutM, narL, arcA, fnr
12534 	 zraR, yqjI, fucR, lldR, dcuR, srlR, gutM, narL, arcA, fnr
12535 	 zraR, melR, yqjI, lldR, dcuR, srlR, gutM, narL, arcA, fnr
12546 	 zraR, yqjI, fucR, betI, lldR, dcuR, srlR, gutM, narL, arcA, fnr
12547 	 zraR, yqjI, fucR, betI, lldR, dcuR, srlR, gutM, narL, arcA, fnr
12548 	 zraR, yqjI, fucR, lldR, dcuR, srlR, gutM, narL, arcA, fnr
12549 	 zraR, melR, yqjI, fucR, betI, lldR, dcuR, srlR, gutM, narL, arcA, fnr
12550 	 zraR, yqjI, fucR, lldR, dcuR, srlR, gutM, narL, arcA, fnr
12551 	 zraR, melR, yqjI, fucR, lldR, dcuR, srlR, gutM, narL, arcA, fnr
12552 	 zraR, yqjI, fucR, betI, lldR, dcuR, srlR, gutM, narL, arcA, fnr
12553 	 zraR, melR, yqjI, betI, lldR, dcuR, srlR, gutM, narL, arcA, fnr
12554 	 zraR, yqjI, fucR, betI, lldR, dcuR, srlR, gutM, narL, arcA, fnr
12555 	 zraR, melR, yqjI, betI, lldR, dcuR, srlR, gutM, narL, arcA, fnr
12556 	 zraR, yqjI, fucR, lldR, dcuR, srlR, gutM, narL, arcA, fnr
12557 	 zraR, melR, yqjI, fucR, lldR, dcuR, srlR, gutM, narL, arcA, fnr
12558 	 zraR, yqjI, fucR, lldR, dcuR, srlR, gutM, narL, arcA, fnr
12559 	 zraR, melR, yqjI, fucR, lldR, dcuR, srlR, gutM, narL, arcA, fnr
12560 	 zraR, yqjI, fucR, lldR, dcuR, srlR, gutM, narL, arcA, fnr
12561 	 zraR, melR, yqjI, fucR, betI, lldR, dcuR, srlR, gutM, narL, arcA, fnr
12562 	 zraR, yqjI, fucR, lldR, dcuR, srlR, gutM, narL, arcA, fnr
12563 	 zraR, melR, yqjI, fucR, betI, lldR, dcuR, srlR, gutM, narL, arcA, fnr
12564 	 zraR, yqjI, fucR, betI, lldR, dcuR, srlR, gutM, narL, arcA, fnr
12565 	 zraR, melR, yqjI, fucR, lldR, dcuR, srlR, gutM, narL, arcA, fnr
12566 	 zraR, yqjI, fucR, betI, lldR, dcuR, srlR, gutM, narL, arcA, fnr
12567 	 zraR, melR, yqjI, fucR, lldR, dcuR, srlR, gutM, narL, arcA, fnr
12569 	 zraR, melR, yqjI, betI, lldR, dcuR, srlR, gutM, narL, arcA, fnr
12571 	 zraR, melR, yqjI, betI, lldR, dcuR, srlR, gutM, narL, arcA, fnr
12573 	 zraR, melR, yqjI, betI, lldR, dcuR, srlR, gutM, narL, arcA, fnr
12575 	 zraR, melR, yqjI, betI, lldR, dcuR, srlR, gutM, narL, arcA, fnr
12577 	 zraR, melR, yqjI, lldR, dcuR, srlR, gutM, narL, arcA, fnr
12580 	 zraR, melR, yqjI, lldR, dcuR, srlR, gutM, narL, arcA, fnr
12582 	 zraR, melR, yqjI, betI, lldR, dcuR, srlR, gutM, narL, arcA, fnr
12590 	 zraR, melR, yqjI, fucR, lldR, dcuR, srlR, gutM, narL, arcA, fnr
12591 	 zraR, melR, yqjI, betI, lldR, dcuR, srlR, gutM, narL, arcA, fnr
12592 	 zraR, melR, yqjI, lldR, dcuR, srlR, gutM, narL, arcA, fnr
12593 	 zraR, melR, yqjI, betI, lldR, dcuR, srlR, gutM, narL, arcA, fnr
12594 	 zraR, melR, yqjI, fucR, lldR, dcuR, srlR, gutM, narL, arcA, fnr
12595 	 zraR, melR, yqjI, betI, lldR, dcuR, srlR, gutM, narL, arcA, fnr
12596 	 zraR, melR, yqjI, lldR, dcuR, srlR, gutM, narL, arcA, fnr
12597 	 zraR, melR, yqjI, fucR, betI, lldR, dcuR, srlR, gutM, narL, arcA, fnr
12598 	 zraR, melR, yqjI, fucR, lldR, dcuR, srlR, gutM, narL, arcA, fnr
12599 	 zraR, melR, yqjI, betI, lldR, dcuR, srlR, gutM, narL, arcA, fnr
12600 	 zraR, melR, yqjI, lldR, dcuR, srlR, gutM, narL, arcA, fnr
12601 	 zraR, melR, yqjI, fucR, betI, lldR, dcuR, srlR, gutM, narL, arcA, fnr
12602 	 zraR, melR, yqjI, fucR, lldR, dcuR, srlR, gutM, narL, arcA, fnr
12603 	 zraR, melR, yqjI, fucR, betI, lldR, dcuR, srlR, gutM, narL, arcA, fnr
12604 	 zraR, melR, yqjI, fucR, lldR, dcuR, srlR, gutM, narL, arcA, fnr
12605 	 zraR, melR, yqjI, betI, lldR, dcuR, srlR, gutM, narL, arcA, fnr
12607 	 zraR, melR, yqjI, fucR, betI, lldR, dcuR, srlR, gutM, narL, arcA, fnr
12608 	 zraR, melR, yqjI, lldR, dcuR, srlR, gutM, narL, arcA, fnr
12609 	 zraR, melR, yqjI, fucR, betI, lldR, dcuR, srlR, gutM, narL, arcA, fnr
12610 	 zraR, melR, yqjI, fucR, lldR, dcuR, srlR, gutM, narL, arcA, fnr
12611 	 zraR, melR, yqjI, fucR, betI, lldR, dcuR, srlR, gutM, narL, arcA, fnr
12612 	 zraR, melR, yqjI, lldR, dcuR, srlR, gutM, narL, arcA, fnr
12613 	 zraR, melR, yqjI, fucR, betI, lldR, dcuR, srlR, gutM, narL, arcA, fnr
12614 	 zraR, melR, yqjI, fucR, lldR, dcuR, srlR, gutM, narL, arcA, fnr
12615 	 zraR, melR, yqjI, betI, lldR, dcuR, srlR, gutM, narL, arcA, fnr
12616 	 zraR, melR, yqjI, lldR, dcuR, srlR, gutM, narL, arcA, fnr
12617 	 zraR, melR, yqjI, fucR, betI, lldR, dcuR, srlR, gutM, narL, arcA, fnr
12618 	 zraR, melR, yqjI, fucR, lldR, dcuR, srlR, gutM, narL, arcA, fnr
12619 	 zraR, melR, yqjI, fucR, betI, lldR, dcuR, srlR, gutM, narL, arcA, fnr
12620 	 zraR, melR, yqjI, betI, lldR, dcuR, srlR, gutM, narL, arcA, fnr
12621 	 zraR, melR, yqjI, fucR, betI, lldR, dcuR, srlR, gutM, narL, arcA, fnr
12622 	 zraR, melR, yqjI, fucR, betI, lldR, dcuR, srlR, gutM, narL, arcA, fnr
12623 	 zraR, melR, yqjI, betI, lldR, dcuR, srlR, gutM, narL, arcA, fnr
12624 	 zraR, melR, yqjI, fucR, betI, lldR, dcuR, srlR, gutM, narL, arcA, fnr
12625 	 zraR, melR, yqjI, fucR, betI, lldR, dcuR, srlR, gutM, narL, arcA, fnr
12626 	 zraR, melR, yqjI, betI, lldR, dcuR, srlR, gutM, narL, arcA, fnr
12627 	 zraR, melR, yqjI, betI, lldR, dcuR, srlR, gutM, narL, arcA, fnr
12628 	 zraR, melR, yqjI, betI, lldR, dcuR, srlR, gutM, narL, arcA, fnr
12629 	 zraR, melR, yqjI, betI, lldR, dcuR, srlR, gutM, narL, arcA, fnr
12630 	 zraR, melR, yqjI, fucR, betI, lldR, dcuR, srlR, gutM, narL, arcA, fnr
12631 	 zraR, melR, yqjI, fucR, betI, lldR, dcuR, srlR, gutM, narL, arcA, fnr
12632 	 zraR, melR, yqjI, fucR, betI, lldR, dcuR, srlR, gutM, narL, arcA, fnr
12633 	 zraR, melR, yqjI, fucR, betI, lldR, dcuR, srlR, gutM, narL, arcA, fnr
12635 	 zraR, melR, yqjI, betI, lldR, dcuR, srlR, gutM, narL, arcA, fnr
12637 	 zraR, melR, yqjI, fucR, betI, lldR, dcuR, srlR, gutM, narL, arcA, fnr
12639 	 zraR, melR, yqjI, betI, lldR, dcuR, srlR, gutM, narL, arcA, fnr
12641 	 zraR, melR, yqjI, betI, lldR, dcuR, srlR, gutM, narL, arcA, fnr
12643 	 zraR, melR, yqjI, fucR, betI, lldR, dcuR, srlR, gutM, narL, arcA, fnr
12645 	 zraR, melR, yqjI, fucR, betI, lldR, dcuR, srlR, gutM, narL, arcA, fnr
12663 	 zraR, yqjI, fucR, betI, lldR, srlR, gutM, narL, arcA, fnr
12699 	 zraR, yqjI, fucR, betI, lldR, srlR, gutM, narL, arcA, fnr
12702 	 zraR, yqjI, fucR, betI, lldR, dcuR, srlR, gutM, narL, arcA, fnr
12703 	 zraR, yqjI, fucR, betI, lldR, srlR, gutM, narL, arcA, fnr
12711 	 zraR, yqjI, fucR, betI, lldR, dcuR, srlR, gutM, narL, arcA, fnr
12712 	 zraR, yqjI, fucR, betI, lldR, dcuR, srlR, gutM, narL, arcA, fnr
12713 	 zraR, yqjI, fucR, betI, lldR, dcuR, srlR, gutM, narL, arcA, fnr
12714 	 zraR, yqjI, fucR, betI, lldR, dcuR, srlR, gutM, narL, arcA, fnr
12715 	 zraR, yqjI, fucR, betI, lldR, dcuR, srlR, gutM, narL, arcA, fnr
12716 	 zraR, yqjI, fucR, betI, lldR, dcuR, srlR, gutM, narL, arcA, fnr
12718 	 zraR, melR, yqjI, betI, lldR, dcuR, srlR, gutM, narL, arcA, fnr
12720 	 zraR, melR, yqjI, betI, lldR, dcuR, srlR, gutM, narL, arcA, fnr
12722 	 zraR, melR, yqjI, betI, lldR, dcuR, srlR, gutM, narL, arcA, fnr
12724 	 zraR, melR, yqjI, betI, lldR, dcuR, srlR, gutM, narL, arcA, fnr
12726 	 zraR, melR, yqjI, betI, lldR, dcuR, srlR, gutM, narL, arcA, fnr
12728 	 zraR, melR, yqjI, betI, lldR, dcuR, srlR, gutM, narL, arcA, fnr
12730 	 zraR, melR, yqjI, betI, lldR, dcuR, srlR, gutM, narL, arcA, fnr
12732 	 zraR, melR, yqjI, betI, lldR, dcuR, srlR, gutM, narL, arcA, fnr
12734 	 zraR, melR, yqjI, betI, lldR, dcuR, srlR, gutM, narL, arcA, fnr
12736 	 zraR, melR, yqjI, betI, lldR, dcuR, srlR, gutM, narL, arcA, fnr
12738 	 zraR, melR, yqjI, betI, lldR, dcuR, srlR, gutM, narL, arcA, fnr
12740 	 zraR, melR, yqjI, betI, lldR, dcuR, srlR, gutM, narL, arcA, fnr
12741 	 zraR, melR, yqjI, betI, lldR, dcuR, srlR, gutM, narL, arcA, fnr
12743 	 zraR, melR, yqjI, betI, lldR, dcuR, srlR, gutM, narL, arcA, fnr
12745 	 zraR, melR, yqjI, betI, lldR, srlR, gutM, narL, arcA, fnr
12747 	 zraR, melR, yqjI, betI, lldR, dcuR, srlR, gutM, narL, arcA, fnr
12875 	 zraR, melR, yqjI, fucR, betI, lldR, dcuR, srlR, gutM, narL, arcA, fnr
12891 	 zraR, melR, yqjI, fucR, betI, lldR, srlR, gutM, narL, arcA, fnr
12894 	 zraR, melR, yqjI, fucR, betI, lldR, dcuR, srlR, gutM, narL, arcA, fnr
12902 	 zraR, melR, yqjI, fucR, betI, lldR, dcuR, srlR, gutM, narL, arcA, fnr
12907 	 zraR, melR, yqjI, fucR, betI, lldR, srlR, gutM, narL, arcA, fnr
12911 	 zraR, melR, yqjI, fucR, betI, lldR, srlR, gutM, narL, arcA, fnr
12913 	 zraR, melR, yqjI, fucR, betI, lldR, dcuR, srlR, gutM, narL, arcA, fnr
12916 	 zraR, melR, yqjI, fucR, betI, lldR, srlR, gutM, narL, arcA, fnr
12918 	 zraR, melR, yqjI, fucR, betI, lldR, srlR, gutM, narL, arcA, fnr
12920 	 zraR, melR, yqjI, fucR, betI, lldR, srlR, gutM, narL, arcA, fnr
12922 	 zraR, melR, yqjI, fucR, betI, lldR, srlR, gutM, narL, arcA, fnr
12924 	 zraR, melR, yqjI, fucR, betI, lldR, dcuR, srlR, gutM, narL, arcA, fnr
12925 	 zraR, melR, yqjI, fucR, betI, lldR, dcuR, srlR, gutM, narL, arcA, fnr
12926 	 zraR, melR, yqjI, fucR, betI, lldR, srlR, gutM, narL, arcA, fnr
12927 	 zraR, melR, yqjI, fucR, betI, lldR, dcuR, srlR, gutM, narL, arcA, fnr
12928 	 zraR, melR, yqjI, fucR, betI, lldR, srlR, gutM, narL, arcA, fnr
