2 	 zraR, araC
3 	 zraR, fucR
10 	 zraR, rhaS
19 	 zraR, araC
21 	 zraR, melR
30 	 zraR, araC
46 	 zraR, rhaS
48 	 zraR, melR
50 	 zraR, melR
52 	 zraR, idnR
54 	 zraR, fucR
56 	 zraR, araC
58 	 zraR, melR
60 	 zraR, idnR
62 	 zraR, fucR
63 	 zraR, fucR
64 	 zraR, araC
65 	 zraR, araC
66 	 zraR, melR
67 	 zraR, melR
68 	 zraR, idnR
69 	 zraR, melR
70 	 zraR, melR
71 	 zraR, melR
72 	 zraR, melR, fucR
73 	 zraR, melR
74 	 zraR, melR, araC
75 	 zraR, melR
76 	 zraR, idnR
77 	 zraR, melR
78 	 zraR, melR
79 	 zraR, melR
80 	 zraR, melR, fucR
81 	 zraR, melR, fucR
82 	 zraR, melR, araC
83 	 zraR, melR, araC
84 	 zraR, melR, idnR
85 	 zraR, melR, idnR
86 	 zraR, melR
87 	 zraR, melR
88 	 zraR, melR, fucR
89 	 zraR, fucR
90 	 zraR, melR, araC
91 	 zraR, melR, araC
92 	 zraR, melR, idnR
93 	 zraR, melR, idnR
94 	 zraR, fucR
95 	 zraR, melR, fucR
96 	 zraR, melR, fucR
97 	 zraR, fucR
98 	 zraR, idnR, fucR
99 	 zraR, fucR
101 	 zraR, idnR, fucR
102 	 zraR, fucR
103 	 zraR, araC, fucR
104 	 zraR, fucR
105 	 zraR, idnR, fucR
106 	 zraR, melR, fucR
107 	 zraR, araC, fucR
108 	 zraR, melR, fucR
109 	 zraR, melR, idnR, fucR
110 	 zraR, fucR
111 	 zraR, melR, araC, fucR
112 	 zraR, fucR
113 	 zraR, melR, idnR, fucR
114 	 zraR, melR, fucR
115 	 zraR, melR, araC, fucR
116 	 zraR, melR, fucR
117 	 zraR, idnR, fucR
118 	 zraR, fucR
119 	 zraR, araC, fucR
120 	 zraR, fucR
121 	 zraR, melR, idnR, fucR
122 	 zraR, melR, fucR
123 	 zraR, araC, fucR
124 	 zraR, melR, fucR
125 	 zraR, melR, idnR, fucR
126 	 zraR, melR, fucR
127 	 zraR, melR, araC, fucR
128 	 zraR, melR, fucR
129 	 zraR, idnR
130 	 zraR, fucR
131 	 zraR, melR, araC, fucR
132 	 zraR, fucR
133 	 zraR, idnR
134 	 zraR, melR, fucR
135 	 zraR, melR, araC
136 	 zraR, melR, fucR
137 	 zraR, melR, idnR
139 	 zraR, araC, fucR
140 	 zraR, melR
141 	 zraR, melR, idnR
142 	 zraR, melR
143 	 zraR, araC, fucR
144 	 zraR, melR, araC, fucR
145 	 zraR, idnR, fucR
146 	 zraR, fucR
147 	 zraR, idnR, fucR
148 	 zraR, fucR
149 	 zraR, melR, araC, fucR
150 	 zraR, araC
151 	 zraR, melR, idnR, fucR
152 	 zraR, melR, fucR
153 	 zraR, melR, idnR, fucR
154 	 zraR, melR, fucR
155 	 zraR, araC, idnR
156 	 zraR, araC
157 	 zraR, idnR
158 	 zraR, melR, araC
159 	 zraR, idnR
160 	 zraR, idnR
161 	 zraR, araC
162 	 zraR, idnR
163 	 zraR, araC
165 	 zraR, araC, idnR
167 	 zraR, araC, idnR
168 	 zraR, araC
169 	 zraR, melR, idnR
170 	 zraR, melR, araC
171 	 zraR, melR, idnR
172 	 zraR, melR, idnR
173 	 zraR, melR, araC
174 	 zraR, melR, idnR
175 	 zraR, melR, araC
177 	 zraR, melR, araC, idnR
178 	 zraR, melR
179 	 zraR, melR, araC, idnR
180 	 zraR, araC
181 	 zraR, idnR, fucR
182 	 zraR, araC, fucR
183 	 zraR, idnR, fucR
184 	 zraR, idnR, fucR
185 	 zraR, araC, fucR
186 	 zraR, idnR, fucR
187 	 zraR, araC, fucR
188 	 zraR, melR
189 	 zraR, araC, idnR, fucR
190 	 zraR, fucR
191 	 zraR, araC, idnR, fucR
192 	 zraR, melR, araC
193 	 zraR, melR, idnR, fucR
194 	 zraR, araC, fucR
195 	 zraR, melR, idnR, fucR
196 	 zraR, melR, idnR, fucR
197 	 zraR, melR, araC, fucR
198 	 zraR, melR, idnR, fucR
199 	 zraR, melR, araC, fucR
200 	 zraR, fucR
201 	 zraR, melR, araC, idnR, fucR
202 	 zraR, melR, fucR
203 	 zraR, melR, araC, idnR, fucR
204 	 zraR, melR, araC
205 	 zraR, idnR
206 	 zraR, melR, araC, fucR
207 	 zraR, idnR
208 	 zraR, idnR
209 	 zraR, araC
210 	 zraR, idnR
211 	 zraR, araC
212 	 zraR, melR, fucR
213 	 zraR, araC, idnR
214 	 zraR, melR, araC
215 	 zraR, melR, araC, idnR
216 	 zraR, melR, idnR
217 	 zraR, melR, araC, idnR
218 	 zraR, melR, idnR
219 	 zraR, araC, idnR, fucR
220 	 zraR, idnR, fucR
221 	 zraR, araC, idnR, fucR
222 	 zraR, idnR, fucR
223 	 zraR, melR, araC, idnR, fucR
224 	 zraR, melR, idnR, fucR
225 	 zraR, melR, araC, idnR, fucR
226 	 zraR, melR, idnR, fucR
227 	 zraR, araC, idnR
228 	 zraR, melR, idnR
229 	 zraR, araC, idnR
230 	 zraR, melR, idnR
231 	 zraR, melR, araC, idnR
232 	 zraR, idnR, fucR
233 	 zraR, melR, araC, idnR
234 	 zraR, idnR, fucR
235 	 zraR, araC, idnR, fucR
236 	 zraR, melR, idnR, fucR
237 	 zraR, araC, idnR, fucR
238 	 zraR, melR, idnR, fucR
239 	 zraR, melR, araC, idnR, fucR
240 	 zraR, idnR
241 	 zraR, melR, araC, idnR, fucR
242 	 zraR, idnR
243 	 zraR, melR, idnR
244 	 zraR, melR, idnR
245 	 zraR, araC, fucR
246 	 zraR, melR, araC
247 	 zraR, idnR, fucR
248 	 zraR, araC, fucR
249 	 zraR, idnR, fucR
250 	 zraR, melR, araC, fucR
251 	 zraR, melR, idnR, fucR
252 	 zraR, melR, araC, fucR
253 	 zraR, melR, idnR, fucR
254 	 zraR, araC
255 	 zraR, idnR
256 	 zraR, melR, araC, fucR
257 	 zraR, idnR
258 	 zraR, araC
259 	 zraR, melR, idnR
260 	 zraR, melR, araC
261 	 zraR, melR, idnR
262 	 zraR, melR, araC
263 	 zraR, idnR, fucR
264 	 zraR, araC, fucR
265 	 zraR, idnR, fucR
266 	 zraR, araC, fucR
267 	 zraR, melR, idnR, fucR
268 	 zraR, melR, araC, fucR
269 	 zraR, melR, idnR, fucR
270 	 zraR, melR, araC, fucR
271 	 zraR, idnR
272 	 zraR, araC, fucR
273 	 zraR, idnR
274 	 zraR, araC, fucR
275 	 zraR, melR, idnR
276 	 zraR, melR, araC, fucR
277 	 zraR, melR, idnR
278 	 zraR, melR, araC, fucR
279 	 zraR, idnR, fucR
280 	 zraR, araC
281 	 zraR, idnR, fucR
282 	 zraR, araC
283 	 zraR, melR, idnR, fucR
284 	 zraR, melR, araC
285 	 zraR, melR, idnR, fucR
286 	 zraR, melR, araC
287 	 zraR, araC, fucR
288 	 zraR, araC, fucR
289 	 zraR, melR, araC, fucR
290 	 zraR, melR, araC, fucR
291 	 zraR, araC
292 	 zraR, araC
293 	 zraR, melR, araC
294 	 zraR, melR, araC
295 	 zraR, araC, fucR
296 	 zraR, araC, fucR
297 	 zraR, melR, araC, fucR
298 	 zraR, melR, araC, fucR
299 	 zraR, araC, idnR
300 	 zraR, araC, idnR
301 	 zraR, araC, idnR
302 	 zraR, araC, idnR
303 	 zraR, melR, araC, idnR
304 	 zraR, melR, araC, idnR
305 	 zraR, melR, araC, idnR
306 	 zraR, melR, araC, idnR
307 	 zraR, araC, idnR, fucR
308 	 zraR, araC, idnR, fucR
309 	 zraR, araC, idnR, fucR
310 	 zraR, araC, idnR, fucR
311 	 zraR, melR, araC, idnR, fucR
312 	 zraR, melR, araC, idnR, fucR
313 	 zraR, melR, araC, idnR, fucR
314 	 zraR, melR, araC, idnR, fucR
315 	 zraR, araC, idnR
316 	 zraR, araC, idnR
317 	 zraR, araC, idnR
318 	 zraR, araC, idnR
319 	 zraR, melR, araC, idnR
320 	 zraR, melR, araC, idnR
321 	 zraR, araC, idnR, fucR
322 	 zraR, araC, idnR, fucR
323 	 zraR, melR, araC, idnR, fucR
324 	 zraR, melR, araC, idnR, fucR
325 	 zraR, araC, idnR
326 	 zraR, araC, idnR
327 	 zraR, melR, araC, idnR
328 	 zraR, melR, araC, idnR
329 	 zraR, araC, idnR, fucR
330 	 zraR, araC, idnR, fucR
331 	 zraR, melR, araC, idnR, fucR
332 	 zraR, melR, araC, idnR, fucR
333 	 zraR, araC, idnR
334 	 zraR, araC, idnR
335 	 zraR, melR, araC, idnR
336 	 zraR, melR, araC, idnR
337 	 zraR, araC, idnR, fucR
338 	 zraR, araC, idnR, fucR
339 	 zraR, melR, araC, idnR, fucR
340 	 zraR, melR, araC, idnR, fucR
341 	 zraR, melR, araC, idnR
342 	 zraR, melR, araC, idnR
343 	 zraR, araC, idnR, fucR
344 	 zraR, araC, idnR, fucR
345 	 zraR, melR, araC, idnR, fucR
346 	 zraR, melR, araC, idnR, fucR
347 	 zraR, araC, idnR
348 	 zraR, araC, idnR
349 	 zraR, melR, araC, idnR
350 	 zraR, melR, araC, idnR
351 	 zraR, araC, idnR, fucR
352 	 zraR, araC, idnR, fucR
353 	 zraR, melR, araC, idnR, fucR
354 	 zraR, melR, araC, idnR, fucR
355 	 zraR, rhaR, rhaS
356 	 zraR, melR, rhaS
357 	 zraR, rhaR, rhaS
358 	 zraR, melR, rhaS
359 	 zraR, melR, rhaR, rhaS
360 	 zraR, melR, rhaR, rhaS
361 	 zraR, fucR, rhaS
362 	 zraR, fucR, rhaS
363 	 zraR, fucR, rhaR, rhaS
364 	 zraR, fucR, rhaR, rhaS
365 	 zraR, melR, fucR, rhaS
366 	 zraR, melR, fucR, rhaS
367 	 zraR, melR, fucR, rhaR, rhaS
368 	 zraR, melR, fucR, rhaR, rhaS
369 	 zraR, rhaS
370 	 zraR, rhaS
371 	 zraR, rhaR, rhaS
372 	 zraR, melR, rhaS
373 	 zraR, rhaR, rhaS
374 	 zraR, melR, rhaS
375 	 zraR, melR, rhaR, rhaS
376 	 zraR, melR, rhaR, rhaS
377 	 zraR, fucR, rhaS
378 	 zraR, fucR, rhaS
379 	 zraR, fucR, rhaR, rhaS
380 	 zraR, fucR, rhaR, rhaS
381 	 zraR, melR, fucR, rhaS
382 	 zraR, melR, fucR, rhaS
383 	 zraR, melR, fucR, rhaR, rhaS
384 	 zraR, melR, fucR, rhaR, rhaS
385 	 zraR, araC, rhaS
386 	 zraR, idnR, rhaS
387 	 zraR, araC, rhaS
388 	 zraR, idnR, rhaS
389 	 zraR, araC, rhaR, rhaS
390 	 zraR, melR, idnR, rhaS
391 	 zraR, araC, rhaR, rhaS
392 	 zraR, melR, idnR, rhaS
393 	 zraR, melR, araC, rhaS
394 	 zraR, idnR, rhaR, rhaS
395 	 zraR, melR, araC, rhaS
396 	 zraR, idnR, rhaR, rhaS
397 	 zraR, melR, araC, rhaR, rhaS
398 	 zraR, melR, idnR, rhaR, rhaS
399 	 zraR, melR, araC, rhaR, rhaS
400 	 zraR, melR, idnR, rhaR, rhaS
401 	 zraR, araC, fucR, rhaS
402 	 zraR, idnR, fucR, rhaS
403 	 zraR, araC, fucR, rhaS
404 	 zraR, idnR, fucR, rhaS
405 	 zraR, melR, araC, fucR, rhaS
406 	 zraR, idnR, fucR, rhaR, rhaS
407 	 zraR, melR, araC, fucR, rhaS
408 	 zraR, idnR, fucR, rhaR, rhaS
409 	 zraR, araC, fucR, rhaR, rhaS
410 	 zraR, melR, idnR, fucR, rhaS
411 	 zraR, araC, fucR, rhaR, rhaS
412 	 zraR, melR, idnR, fucR, rhaS
413 	 zraR, melR, araC, fucR, rhaR, rhaS
414 	 zraR, melR, idnR, fucR, rhaR, rhaS
415 	 zraR, melR, araC, fucR, rhaR, rhaS
416 	 zraR, melR, idnR, fucR, rhaR, rhaS
417 	 zraR, araC, rhaS
418 	 zraR, idnR, rhaS
419 	 zraR, araC, rhaS
420 	 zraR, idnR, rhaS
421 	 zraR, melR, araC, rhaS
422 	 zraR, idnR, rhaR, rhaS
423 	 zraR, melR, araC, rhaS
424 	 zraR, idnR, rhaR, rhaS
425 	 zraR, araC, rhaR, rhaS
426 	 zraR, idnR, fucR, rhaS
427 	 zraR, araC, rhaR, rhaS
428 	 zraR, melR, idnR, rhaS
429 	 zraR, melR, araC, rhaR, rhaS
430 	 zraR, melR, idnR, rhaS
431 	 zraR, melR, araC, rhaR, rhaS
432 	 zraR, melR, idnR, rhaR, rhaS
433 	 zraR, araC, fucR, rhaS
434 	 zraR, melR, idnR, rhaR, rhaS
435 	 zraR, araC, fucR, rhaS
436 	 zraR, idnR, fucR, rhaS
437 	 zraR, melR, araC, fucR, rhaS
438 	 zraR, melR, idnR, fucR, rhaS
439 	 zraR, melR, araC, fucR, rhaS
440 	 zraR, melR, idnR, fucR, rhaS
441 	 zraR, araC, fucR, rhaR, rhaS
442 	 zraR, idnR, fucR, rhaR, rhaS
443 	 zraR, araC, fucR, rhaR, rhaS
444 	 zraR, idnR, fucR, rhaR, rhaS
445 	 zraR, melR, araC, fucR, rhaR, rhaS
446 	 zraR, melR, idnR, fucR, rhaR, rhaS
447 	 zraR, melR, araC, fucR, rhaR, rhaS
448 	 zraR, melR, idnR, fucR, rhaR, rhaS
449 	 zraR, araC, idnR, rhaS
450 	 zraR, araC, idnR, rhaS
451 	 zraR, melR, araC, idnR, rhaS
452 	 zraR, melR, araC, idnR, rhaS
453 	 zraR, araC, idnR, rhaR, rhaS
454 	 zraR, araC, idnR, rhaR, rhaS
455 	 zraR, melR, araC, idnR, rhaR, rhaS
456 	 zraR, melR, araC, idnR, rhaR, rhaS
457 	 zraR, araC, idnR, fucR, rhaS
458 	 zraR, araC, idnR, fucR, rhaS
459 	 zraR, araC, idnR, fucR, rhaR, rhaS
460 	 zraR, araC, idnR, fucR, rhaR, rhaS
461 	 zraR, melR, araC, idnR, fucR, rhaS
462 	 zraR, melR, araC, idnR, fucR, rhaS
463 	 zraR, melR, araC, idnR, fucR, rhaR, rhaS
464 	 zraR, melR, araC, idnR, fucR, rhaR, rhaS
465 	 zraR, araC, idnR, rhaS
466 	 zraR, araC, idnR, rhaS
467 	 zraR, araC, idnR, rhaR, rhaS
468 	 zraR, araC, idnR, rhaR, rhaS
469 	 zraR, melR, araC, idnR, rhaS
470 	 zraR, melR, araC, idnR, rhaS
471 	 zraR, melR, araC, idnR, rhaR, rhaS
472 	 zraR, melR, araC, idnR, rhaR, rhaS
473 	 zraR, araC, idnR, fucR, rhaS
474 	 zraR, araC, idnR, fucR, rhaS
475 	 zraR, araC, idnR, fucR, rhaR, rhaS
476 	 zraR, araC, idnR, fucR, rhaR, rhaS
477 	 zraR, melR, araC, idnR, fucR, rhaS
478 	 zraR, melR, araC, idnR, fucR, rhaS
479 	 zraR, melR, araC, idnR, fucR, rhaR, rhaS
480 	 zraR, melR, araC, idnR, fucR, rhaR, rhaS
481 	 zraR, rhaS
482 	 zraR, rhaS
483 	 zraR, rhaR, rhaS
484 	 zraR, melR, rhaS
485 	 zraR, rhaR, rhaS
486 	 zraR, melR, rhaS
487 	 zraR, melR, rhaR, rhaS
488 	 zraR, melR, rhaR, rhaS
489 	 zraR, fucR, rhaS
490 	 zraR, fucR, rhaS
491 	 zraR, fucR, rhaR, rhaS
492 	 zraR, melR, fucR, rhaS
493 	 zraR, fucR, rhaR, rhaS
494 	 zraR, melR, fucR, rhaS
495 	 zraR, melR, fucR, rhaR, rhaS
496 	 zraR, melR, fucR, rhaR, rhaS
497 	 zraR, rhaS
498 	 zraR, rhaS
499 	 zraR, rhaR, rhaS
500 	 zraR, melR, rhaS
501 	 zraR, rhaR, rhaS
502 	 zraR, melR, rhaS
503 	 zraR, melR, rhaR, rhaS
504 	 zraR, melR, rhaR, rhaS
505 	 zraR, fucR, rhaS
506 	 zraR, fucR, rhaS
507 	 zraR, melR, fucR, rhaS
508 	 zraR, melR, fucR, rhaS
509 	 zraR, fucR, rhaR, rhaS
510 	 zraR, fucR, rhaR, rhaS
511 	 zraR, melR, fucR, rhaR, rhaS
512 	 zraR, melR, fucR, rhaR, rhaS
513 	 zraR, idnR, rhaS
514 	 zraR, araC, rhaS
515 	 zraR, idnR, rhaS
516 	 zraR, araC, rhaS
517 	 zraR, idnR, rhaR, rhaS
518 	 zraR, melR, araC, rhaS
519 	 zraR, idnR, rhaR, rhaS
520 	 zraR, melR, araC, rhaS
521 	 zraR, melR, idnR, rhaS
522 	 zraR, araC, rhaR, rhaS
523 	 zraR, melR, idnR, rhaS
524 	 zraR, araC, rhaR, rhaS
525 	 zraR, melR, idnR, rhaR, rhaS
526 	 zraR, melR, araC, rhaR, rhaS
527 	 zraR, melR, idnR, rhaR, rhaS
528 	 zraR, melR, araC, rhaR, rhaS
529 	 zraR, idnR, fucR, rhaS
530 	 zraR, araC, fucR, rhaS
531 	 zraR, idnR, fucR, rhaS
532 	 zraR, araC, fucR, rhaS
533 	 zraR, melR, idnR, fucR, rhaS
534 	 zraR, araC, fucR, rhaR, rhaS
535 	 zraR, melR, idnR, fucR, rhaS
536 	 zraR, araC, fucR, rhaR, rhaS
537 	 zraR, idnR, fucR, rhaR, rhaS
538 	 zraR, melR, araC, fucR, rhaS
539 	 zraR, idnR, fucR, rhaR, rhaS
540 	 zraR, melR, araC, fucR, rhaS
541 	 zraR, melR, idnR, fucR, rhaR, rhaS
542 	 zraR, melR, araC, fucR, rhaR, rhaS
543 	 zraR, melR, idnR, fucR, rhaR, rhaS
544 	 zraR, melR, araC, fucR, rhaR, rhaS
545 	 zraR, idnR, rhaS
546 	 zraR, araC, rhaS
547 	 zraR, idnR, rhaS
548 	 zraR, araC, rhaS
549 	 zraR, melR, idnR, rhaS
550 	 zraR, araC, rhaR, rhaS
551 	 zraR, idnR, rhaR, rhaS
552 	 zraR, melR, araC, rhaS
553 	 zraR, melR, idnR, rhaS
554 	 zraR, araC, rhaR, rhaS
555 	 zraR, idnR, rhaR, rhaS
556 	 zraR, melR, araC, rhaS
557 	 zraR, melR, idnR, rhaR, rhaS
558 	 zraR, melR, araC, rhaR, rhaS
559 	 zraR, melR, idnR, rhaR, rhaS
560 	 zraR, melR, araC, rhaR, rhaS
561 	 zraR, idnR, fucR, rhaS
562 	 zraR, araC, fucR, rhaS
563 	 zraR, idnR, fucR, rhaS
564 	 zraR, araC, fucR, rhaS
565 	 zraR, idnR, fucR, rhaR, rhaS
566 	 zraR, araC, fucR, rhaR, rhaS
567 	 zraR, idnR, fucR, rhaR, rhaS
568 	 zraR, araC, fucR, rhaR, rhaS
569 	 zraR, melR, idnR, fucR, rhaS
570 	 zraR, melR, araC, fucR, rhaS
571 	 zraR, melR, idnR, fucR, rhaS
572 	 zraR, melR, araC, fucR, rhaS
573 	 zraR, melR, idnR, fucR, rhaR, rhaS
574 	 zraR, melR, araC, fucR, rhaR, rhaS
575 	 zraR, melR, idnR, fucR, rhaR, rhaS
576 	 zraR, melR, araC, fucR, rhaR, rhaS
577 	 zraR, araC, idnR, rhaS
578 	 zraR, araC, idnR, rhaS
579 	 zraR, araC, idnR, rhaR, rhaS
580 	 zraR, melR, araC, idnR, rhaS
581 	 zraR, araC, idnR, rhaR, rhaS
582 	 zraR, melR, araC, idnR, rhaS
583 	 zraR, melR, araC, idnR, rhaR, rhaS
584 	 zraR, melR, araC, idnR, rhaR, rhaS
585 	 zraR, araC, idnR, fucR, rhaS
586 	 zraR, araC, idnR, fucR, rhaS
587 	 zraR, araC, idnR, fucR, rhaR, rhaS
588 	 zraR, melR, araC, idnR, fucR, rhaS
589 	 zraR, araC, idnR, fucR, rhaR, rhaS
590 	 zraR, melR, araC, idnR, fucR, rhaS
591 	 zraR, melR, araC, idnR, fucR, rhaR, rhaS
592 	 zraR, melR, araC, idnR, fucR, rhaR, rhaS
593 	 zraR, araC, idnR, rhaS
594 	 zraR, araC, idnR, rhaS
595 	 zraR, araC, idnR, rhaR, rhaS
596 	 zraR, araC, idnR, rhaR, rhaS
597 	 zraR, melR, araC, idnR, rhaS
598 	 zraR, melR, araC, idnR, rhaS
599 	 zraR, melR, araC, idnR, rhaR, rhaS
600 	 zraR, melR, araC, idnR, rhaR, rhaS
601 	 zraR, araC, idnR, fucR, rhaS
602 	 zraR, araC, idnR, fucR, rhaS
603 	 zraR, araC, idnR, fucR, rhaR, rhaS
604 	 zraR, araC, idnR, fucR, rhaR, rhaS
605 	 zraR, melR, araC, idnR, fucR, rhaS
606 	 zraR, melR, araC, idnR, fucR, rhaS
607 	 zraR, melR, araC, idnR, fucR, rhaR, rhaS
608 	 zraR, melR, araC, idnR, fucR, rhaR, rhaS
609 	 zraR, rhaS
610 	 zraR, rhaS
611 	 zraR, rhaR, rhaS
612 	 zraR, melR, rhaS
613 	 zraR, rhaR, rhaS
614 	 zraR, melR, rhaS
615 	 zraR, melR, rhaR, rhaS
616 	 zraR, melR, rhaR, rhaS
617 	 zraR, fucR, rhaS
618 	 zraR, fucR, rhaS
619 	 zraR, fucR, rhaR, rhaS
620 	 zraR, melR, fucR, rhaS
621 	 zraR, fucR, rhaR, rhaS
622 	 zraR, melR, fucR, rhaS
623 	 zraR, melR, fucR, rhaR, rhaS
624 	 zraR, melR, fucR, rhaR, rhaS
625 	 zraR, rhaS
626 	 zraR, rhaS
627 	 zraR, rhaR, rhaS
628 	 zraR, melR, rhaS
629 	 zraR, rhaR, rhaS
630 	 zraR, melR, rhaS
631 	 zraR, melR, rhaR, rhaS
632 	 zraR, melR, rhaR, rhaS
633 	 zraR, fucR, rhaS
634 	 zraR, fucR, rhaS
635 	 zraR, melR, fucR, rhaS
636 	 zraR, melR, fucR, rhaS
637 	 zraR, fucR, rhaR, rhaS
638 	 zraR, fucR, rhaR, rhaS
639 	 zraR, melR, fucR, rhaR, rhaS
640 	 zraR, melR, fucR, rhaR, rhaS
641 	 zraR, idnR, rhaS
642 	 zraR, araC, rhaS
643 	 zraR, idnR, rhaS
644 	 zraR, araC, rhaS
645 	 zraR, idnR, rhaR, rhaS
646 	 zraR, melR, araC, rhaS
647 	 zraR, idnR, rhaR, rhaS
648 	 zraR, melR, araC, rhaS
649 	 zraR, melR, idnR, rhaS
650 	 zraR, araC, rhaR, rhaS
651 	 zraR, melR, idnR, rhaS
652 	 zraR, araC, rhaR, rhaS
653 	 zraR, melR, idnR, rhaR, rhaS
654 	 zraR, melR, araC, rhaR, rhaS
655 	 zraR, melR, idnR, rhaR, rhaS
656 	 zraR, melR, araC, rhaR, rhaS
657 	 zraR, idnR, fucR, rhaS
658 	 zraR, araC, fucR, rhaS
659 	 zraR, idnR, fucR, rhaS
660 	 zraR, araC, fucR, rhaS
661 	 zraR, melR, idnR, fucR, rhaS
662 	 zraR, araC, fucR, rhaR, rhaS
663 	 zraR, melR, idnR, fucR, rhaS
664 	 zraR, araC, fucR, rhaR, rhaS
665 	 zraR, idnR, fucR, rhaR, rhaS
666 	 zraR, melR, araC, fucR, rhaS
667 	 zraR, idnR, fucR, rhaR, rhaS
668 	 zraR, melR, araC, fucR, rhaS
669 	 zraR, melR, idnR, fucR, rhaR, rhaS
670 	 zraR, melR, araC, fucR, rhaR, rhaS
671 	 zraR, melR, idnR, fucR, rhaR, rhaS
672 	 zraR, melR, araC, fucR, rhaR, rhaS
673 	 zraR, idnR, rhaS
674 	 zraR, araC, rhaS
675 	 zraR, idnR, rhaS
676 	 zraR, araC, rhaS
677 	 zraR, melR, idnR, rhaS
678 	 zraR, araC, rhaR, rhaS
679 	 zraR, idnR, rhaR, rhaS
680 	 zraR, melR, araC, rhaS
681 	 zraR, melR, idnR, rhaS
682 	 zraR, araC, rhaR, rhaS
683 	 zraR, idnR, rhaR, rhaS
684 	 zraR, melR, araC, rhaS
685 	 zraR, melR, idnR, rhaR, rhaS
686 	 zraR, melR, araC, rhaR, rhaS
687 	 zraR, melR, idnR, rhaR, rhaS
688 	 zraR, melR, araC, rhaR, rhaS
689 	 zraR, idnR, fucR, rhaS
690 	 zraR, araC, fucR, rhaS
691 	 zraR, idnR, fucR, rhaS
692 	 zraR, araC, fucR, rhaS
693 	 zraR, idnR, fucR, rhaR, rhaS
694 	 zraR, araC, fucR, rhaR, rhaS
695 	 zraR, idnR, fucR, rhaR, rhaS
696 	 zraR, araC, fucR, rhaR, rhaS
697 	 zraR, melR, idnR, fucR, rhaS
698 	 zraR, melR, araC, fucR, rhaS
699 	 zraR, melR, idnR, fucR, rhaS
700 	 zraR, melR, araC, fucR, rhaS
701 	 zraR, melR, idnR, fucR, rhaR, rhaS
702 	 zraR, melR, araC, fucR, rhaR, rhaS
703 	 zraR, melR, idnR, fucR, rhaR, rhaS
704 	 zraR, melR, araC, fucR, rhaR, rhaS
705 	 zraR, araC, idnR, rhaS
706 	 zraR, araC, idnR, rhaS
707 	 zraR, melR, araC, idnR, rhaS
708 	 zraR, melR, araC, idnR, rhaS
709 	 zraR, araC, idnR, rhaR, rhaS
710 	 zraR, araC, idnR, rhaR, rhaS
711 	 zraR, melR, araC, idnR, rhaR, rhaS
712 	 zraR, melR, araC, idnR, rhaR, rhaS
713 	 zraR, araC, idnR, fucR, rhaS
714 	 zraR, araC, idnR, fucR, rhaS
715 	 zraR, araC, idnR, fucR, rhaR, rhaS
716 	 zraR, araC, idnR, fucR, rhaR, rhaS
717 	 zraR, melR, araC, idnR, fucR, rhaS
718 	 zraR, melR, araC, idnR, fucR, rhaS
719 	 zraR, melR, araC, idnR, fucR, rhaR, rhaS
720 	 zraR, melR, araC, idnR, fucR, rhaR, rhaS
721 	 zraR, araC, idnR, rhaS
722 	 zraR, araC, idnR, rhaS
723 	 zraR, araC, idnR, rhaR, rhaS
724 	 zraR, araC, idnR, rhaR, rhaS
725 	 zraR, melR, araC, idnR, rhaS
726 	 zraR, melR, araC, idnR, rhaS
727 	 zraR, melR, araC, idnR, rhaR, rhaS
728 	 zraR, melR, araC, idnR, rhaR, rhaS
729 	 zraR, araC, idnR, fucR, rhaS
730 	 zraR, araC, idnR, fucR, rhaS
731 	 zraR, araC, idnR, fucR, rhaR, rhaS
732 	 zraR, araC, idnR, fucR, rhaR, rhaS
733 	 zraR, melR, araC, idnR, fucR, rhaS
734 	 zraR, melR, araC, idnR, fucR, rhaS
735 	 zraR, melR, araC, idnR, fucR, rhaR, rhaS
736 	 zraR, melR, araC, idnR, fucR, rhaR, rhaS
737 	 zraR, rhaS
738 	 zraR, rhaS
739 	 zraR, rhaR, rhaS
740 	 zraR, melR, rhaS
741 	 zraR, rhaR, rhaS
742 	 zraR, melR, rhaS
743 	 zraR, melR, rhaR, rhaS
744 	 zraR, melR, rhaR, rhaS
745 	 zraR, fucR, rhaS
746 	 zraR, fucR, rhaS
747 	 zraR, melR, fucR, rhaS
748 	 zraR, fucR, rhaR, rhaS
749 	 zraR, melR, fucR, rhaS
750 	 zraR, fucR, rhaR, rhaS
751 	 zraR, melR, fucR, rhaR, rhaS
752 	 zraR, melR, fucR, rhaR, rhaS
753 	 zraR, rhaS
754 	 zraR, rhaS
755 	 zraR, rhaR, rhaS
756 	 zraR, melR, rhaS
757 	 zraR, rhaR, rhaS
758 	 zraR, melR, rhaS
759 	 zraR, melR, rhaR, rhaS
760 	 zraR, melR, rhaR, rhaS
761 	 zraR, fucR, rhaS
762 	 zraR, fucR, rhaS
763 	 zraR, fucR, rhaR, rhaS
764 	 zraR, fucR, rhaR, rhaS
765 	 zraR, melR, fucR, rhaS
766 	 zraR, melR, fucR, rhaS
767 	 zraR, melR, fucR, rhaR, rhaS
768 	 zraR, melR, fucR, rhaR, rhaS
769 	 zraR, idnR, rhaS
770 	 zraR, araC, rhaS
771 	 zraR, idnR, rhaS
772 	 zraR, araC, rhaS
773 	 zraR, idnR, rhaR, rhaS
774 	 zraR, melR, araC, rhaS
775 	 zraR, idnR, rhaR, rhaS
776 	 zraR, melR, araC, rhaS
777 	 zraR, melR, idnR, rhaS
778 	 zraR, araC, rhaR, rhaS
779 	 zraR, melR, idnR, rhaS
780 	 zraR, araC, rhaR, rhaS
781 	 zraR, melR, idnR, rhaR, rhaS
782 	 zraR, melR, araC, rhaR, rhaS
783 	 zraR, melR, idnR, rhaR, rhaS
784 	 zraR, melR, araC, rhaR, rhaS
785 	 zraR, idnR, fucR, rhaS
786 	 zraR, araC, fucR, rhaS
787 	 zraR, idnR, fucR, rhaS
788 	 zraR, araC, fucR, rhaS
789 	 zraR, idnR, fucR, rhaR, rhaS
790 	 zraR, melR, araC, fucR, rhaS
791 	 zraR, idnR, fucR, rhaR, rhaS
792 	 zraR, melR, araC, fucR, rhaS
793 	 zraR, melR, idnR, fucR, rhaS
794 	 zraR, araC, fucR, rhaR, rhaS
795 	 zraR, melR, idnR, fucR, rhaS
796 	 zraR, araC, fucR, rhaR, rhaS
797 	 zraR, melR, idnR, fucR, rhaR, rhaS
798 	 zraR, melR, araC, fucR, rhaR, rhaS
799 	 zraR, melR, idnR, fucR, rhaR, rhaS
800 	 zraR, melR, araC, fucR, rhaR, rhaS
801 	 zraR, idnR, rhaS
802 	 zraR, araC, rhaS
803 	 zraR, idnR, rhaS
804 	 zraR, araC, rhaS
805 	 zraR, idnR, rhaR, rhaS
806 	 zraR, melR, araC, rhaS
807 	 zraR, idnR, rhaR, rhaS
808 	 zraR, melR, araC, rhaS
809 	 zraR, melR, idnR, rhaS
810 	 zraR, araC, rhaR, rhaS
811 	 zraR, melR, idnR, rhaS
812 	 zraR, araC, rhaR, rhaS
813 	 zraR, melR, idnR, rhaR, rhaS
814 	 zraR, melR, araC, rhaR, rhaS
815 	 zraR, melR, idnR, rhaR, rhaS
816 	 zraR, melR, araC, rhaR, rhaS
817 	 zraR, idnR, fucR, rhaS
818 	 zraR, araC, fucR, rhaS
819 	 zraR, idnR, fucR, rhaS
820 	 zraR, araC, fucR, rhaS
821 	 zraR, idnR, fucR, rhaR, rhaS
822 	 zraR, araC, fucR, rhaR, rhaS
823 	 zraR, idnR, fucR, rhaR, rhaS
824 	 zraR, araC, fucR, rhaR, rhaS
825 	 zraR, melR, idnR, fucR, rhaS
826 	 zraR, melR, araC, fucR, rhaS
827 	 zraR, melR, idnR, fucR, rhaS
828 	 zraR, melR, araC, fucR, rhaS
829 	 zraR, melR, idnR, fucR, rhaR, rhaS
830 	 zraR, melR, araC, fucR, rhaR, rhaS
831 	 zraR, melR, idnR, fucR, rhaR, rhaS
832 	 zraR, melR, araC, fucR, rhaR, rhaS
833 	 zraR, araC, idnR, rhaS
834 	 zraR, araC, idnR, rhaS
835 	 zraR, araC, idnR, rhaR, rhaS
836 	 zraR, melR, araC, idnR, rhaS
837 	 zraR, araC, idnR, rhaR, rhaS
838 	 zraR, melR, araC, idnR, rhaS
839 	 zraR, melR, araC, idnR, rhaR, rhaS
840 	 zraR, melR, araC, idnR, rhaR, rhaS
841 	 zraR, araC, idnR, fucR, rhaS
842 	 zraR, araC, idnR, fucR, rhaS
843 	 zraR, melR, araC, idnR, fucR, rhaS
844 	 zraR, araC, idnR, fucR, rhaR, rhaS
845 	 zraR, melR, araC, idnR, fucR, rhaS
846 	 zraR, araC, idnR, fucR, rhaR, rhaS
847 	 zraR, melR, araC, idnR, fucR, rhaR, rhaS
848 	 zraR, melR, araC, idnR, fucR, rhaR, rhaS
849 	 zraR, araC, idnR, rhaS
850 	 zraR, araC, idnR, rhaS
851 	 zraR, melR, araC, idnR, rhaS
852 	 zraR, araC, idnR, rhaR, rhaS
853 	 zraR, melR, araC, idnR, rhaS
854 	 zraR, araC, idnR, rhaR, rhaS
855 	 zraR, melR, araC, idnR, rhaR, rhaS
856 	 zraR, melR, araC, idnR, rhaR, rhaS
857 	 zraR, araC, idnR, fucR, rhaS
858 	 zraR, araC, idnR, fucR, rhaS
859 	 zraR, araC, idnR, fucR, rhaR, rhaS
860 	 zraR, araC, idnR, fucR, rhaR, rhaS
861 	 zraR, melR, araC, idnR, fucR, rhaS
862 	 zraR, melR, araC, idnR, fucR, rhaS
863 	 zraR, melR, araC, idnR, fucR, rhaR, rhaS
864 	 zraR, melR, araC, idnR, fucR, rhaR, rhaS
865 	 zraR, rhaS
866 	 zraR, rhaS
867 	 zraR, rhaR, rhaS
868 	 zraR, melR, rhaS
869 	 zraR, rhaR, rhaS
870 	 zraR, melR, rhaS
871 	 zraR, melR, rhaR, rhaS
872 	 zraR, melR, rhaR, rhaS
873 	 zraR, fucR, rhaS
874 	 zraR, fucR, rhaS
875 	 zraR, melR, fucR, rhaS
876 	 zraR, fucR, rhaR, rhaS
877 	 zraR, melR, fucR, rhaS
878 	 zraR, fucR, rhaR, rhaS
879 	 zraR, melR, fucR, rhaR, rhaS
880 	 zraR, melR, fucR, rhaR, rhaS
881 	 zraR, rhaS
882 	 zraR, rhaS
883 	 zraR, rhaR, rhaS
884 	 zraR, melR, rhaS
885 	 zraR, rhaR, rhaS
886 	 zraR, melR, rhaS
887 	 zraR, melR, rhaR, rhaS
888 	 zraR, melR, rhaR, rhaS
889 	 zraR, fucR, rhaS
890 	 zraR, fucR, rhaS
891 	 zraR, fucR, rhaR, rhaS
892 	 zraR, fucR, rhaR, rhaS
893 	 zraR, melR, fucR, rhaS
894 	 zraR, melR, fucR, rhaS
895 	 zraR, melR, fucR, rhaR, rhaS
896 	 zraR, melR, fucR, rhaR, rhaS
897 	 zraR, idnR, rhaS
898 	 zraR, araC, rhaS
899 	 zraR, idnR, rhaS
900 	 zraR, araC, rhaS
901 	 zraR, idnR, rhaR, rhaS
902 	 zraR, melR, araC, rhaS
903 	 zraR, idnR, rhaR, rhaS
904 	 zraR, melR, araC, rhaS
905 	 zraR, melR, idnR, rhaS
906 	 zraR, araC, rhaR, rhaS
907 	 zraR, melR, idnR, rhaS
908 	 zraR, araC, rhaR, rhaS
909 	 zraR, melR, idnR, rhaR, rhaS
910 	 zraR, melR, araC, rhaR, rhaS
911 	 zraR, melR, idnR, rhaR, rhaS
912 	 zraR, melR, araC, rhaR, rhaS
913 	 zraR, idnR, fucR, rhaS
914 	 zraR, araC, fucR, rhaS
915 	 zraR, idnR, fucR, rhaS
916 	 zraR, araC, fucR, rhaS
917 	 zraR, melR, idnR, fucR, rhaS
918 	 zraR, araC, fucR, rhaR, rhaS
919 	 zraR, melR, idnR, fucR, rhaS
920 	 zraR, araC, fucR, rhaR, rhaS
921 	 zraR, idnR, fucR, rhaR, rhaS
922 	 zraR, melR, araC, fucR, rhaS
923 	 zraR, idnR, fucR, rhaR, rhaS
924 	 zraR, melR, araC, fucR, rhaS
925 	 zraR, melR, idnR, fucR, rhaR, rhaS
926 	 zraR, melR, araC, fucR, rhaR, rhaS
927 	 zraR, melR, idnR, fucR, rhaR, rhaS
928 	 zraR, melR, araC, fucR, rhaR, rhaS
929 	 zraR, idnR, rhaS
930 	 zraR, araC, rhaS
931 	 zraR, idnR, rhaS
932 	 zraR, araC, rhaS
933 	 zraR, idnR, rhaR, rhaS
934 	 zraR, melR, araC, rhaS
935 	 zraR, idnR, rhaR, rhaS
936 	 zraR, melR, araC, rhaS
937 	 zraR, melR, idnR, rhaS
938 	 zraR, araC, rhaR, rhaS
939 	 zraR, melR, idnR, rhaS
940 	 zraR, araC, rhaR, rhaS
941 	 zraR, melR, idnR, rhaR, rhaS
942 	 zraR, melR, araC, rhaR, rhaS
943 	 zraR, melR, idnR, rhaR, rhaS
944 	 zraR, melR, araC, rhaR, rhaS
945 	 zraR, idnR, fucR, rhaS
946 	 zraR, araC, fucR, rhaS
947 	 zraR, idnR, fucR, rhaS
948 	 zraR, araC, fucR, rhaS
949 	 zraR, idnR, fucR, rhaR, rhaS
950 	 zraR, araC, fucR, rhaR, rhaS
951 	 zraR, idnR, fucR, rhaR, rhaS
952 	 zraR, araC, fucR, rhaR, rhaS
953 	 zraR, melR, idnR, fucR, rhaS
954 	 zraR, melR, araC, fucR, rhaS
955 	 zraR, melR, idnR, fucR, rhaS
956 	 zraR, melR, araC, fucR, rhaS
957 	 zraR, melR, idnR, fucR, rhaR, rhaS
958 	 zraR, melR, araC, fucR, rhaR, rhaS
959 	 zraR, melR, idnR, fucR, rhaR, rhaS
960 	 zraR, melR, araC, fucR, rhaR, rhaS
961 	 zraR, araC, idnR, rhaS
962 	 zraR, araC, idnR, rhaS
963 	 zraR, araC, idnR, rhaR, rhaS
964 	 zraR, melR, araC, idnR, rhaS
965 	 zraR, araC, idnR, rhaR, rhaS
966 	 zraR, melR, araC, idnR, rhaS
967 	 zraR, melR, araC, idnR, rhaR, rhaS
968 	 zraR, melR, araC, idnR, rhaR, rhaS
969 	 zraR, araC, idnR, fucR, rhaS
970 	 zraR, araC, idnR, fucR, rhaS
971 	 zraR, araC, idnR, fucR, rhaR, rhaS
972 	 zraR, melR, araC, idnR, fucR, rhaS
973 	 zraR, araC, idnR, fucR, rhaR, rhaS
974 	 zraR, melR, araC, idnR, fucR, rhaS
975 	 zraR, melR, araC, idnR, fucR, rhaR, rhaS
976 	 zraR, melR, araC, idnR, fucR, rhaR, rhaS
977 	 zraR, araC, idnR, rhaS
978 	 zraR, araC, idnR, rhaS
979 	 zraR, araC, idnR, rhaR, rhaS
980 	 zraR, melR, araC, idnR, rhaS
981 	 zraR, araC, idnR, rhaR, rhaS
982 	 zraR, melR, araC, idnR, rhaS
983 	 zraR, melR, araC, idnR, rhaR, rhaS
984 	 zraR, melR, araC, idnR, rhaR, rhaS
985 	 zraR, araC, idnR, fucR, rhaS
986 	 zraR, araC, idnR, fucR, rhaS
987 	 zraR, araC, idnR, fucR, rhaR, rhaS
988 	 zraR, melR, araC, idnR, fucR, rhaS
989 	 zraR, araC, idnR, fucR, rhaR, rhaS
990 	 zraR, melR, araC, idnR, fucR, rhaS
991 	 zraR, melR, araC, idnR, fucR, rhaR, rhaS
992 	 zraR, melR, araC, idnR, fucR, rhaR, rhaS
