9 	 zraR, nac, soxR, narL, arcA
1031 	 zraR, nac, soxR, narL, arcA
1632 	 zraR, nac, soxR, narL, arcA
1635 	 zraR, asnC, puuR, lldR, soxS, fnr
2005 	 zraR, nac, soxR, narL, arcA
2006 	 zraR, nac, soxR, narL, arcA
2011 	 zraR, nac, soxR, narL, arcA
2012 	 zraR, nac, soxR, narL, arcA
2013 	 zraR, nac, soxR, narL, arcA
2014 	 zraR, nac, soxR, narL, arcA
2016 	 zraR, nac, soxR, narL, arcA
2019 	 zraR, nac, soxR, narL, arcA
2020 	 zraR, nac, soxR, narL, arcA
2022 	 zraR, nac, soxR, narL, arcA
2023 	 zraR, nac, soxR, narL, arcA
2024 	 zraR, nac, soxR, narL, arcA
2026 	 zraR, nac, soxR, narL, arcA
2028 	 zraR, nac, soxR, narL, arcA
2030 	 zraR, nac, soxR, narL, arcA
2031 	 zraR, nac, soxR, narL, arcA
2033 	 zraR, nac, soxR, narL, arcA
2035 	 zraR, nac, soxR, narL, arcA
2038 	 zraR, nac, soxR, narL, arcA
2040 	 zraR, nac, soxR, narL, arcA
2043 	 zraR, nac, soxR, narL, arcA
2044 	 zraR, nac, soxR, narL, arcA
2045 	 zraR, nac, soxR, narL, arcA
2047 	 zraR, nac, soxR, narL, arcA
2049 	 zraR, nac, soxR, narL, arcA
2051 	 zraR, nac, soxR, narL, arcA
2053 	 zraR, nac, soxR, narL, arcA
2054 	 zraR, nac, soxR, narL, arcA
2056 	 zraR, nac, soxR, narL, arcA
2058 	 zraR, nac, soxR, narL, arcA
2059 	 zraR, nac, soxR, narL, arcA
2060 	 zraR, nac, soxR, narL, arcA
2061 	 zraR, nac, soxR, narL, arcA
2062 	 zraR, nac, soxR, narL, arcA
2063 	 zraR, nac, soxR, narL, arcA
2064 	 zraR, nac, soxR, narL, arcA
