5 	 zraR, melR, aidB, adiY, cspA, hdfR, stpA, yjjQ, mlrA, bglJ, gadW, lrp, rcsB
6 	 zraR, idnR, adiY, cspA, flhC, hdfR, stpA, yjjQ, bglJ, fliZ, rcsB
8 	 zraR, melR, aidB, adiY, cspA, hdfR, stpA, yjjQ, mlrA, bglJ, gadW, lrp, rcsB
10 	 zraR, idnR, aidB, adiY, cspA, hdfR, stpA, yjjQ, mlrA, bglJ, gadW, lrp, rcsB
11 	 zraR, idnR, aidB, adiY, cspA, hdfR, stpA, yjjQ, mlrA, bglJ, lrp, rcsB
12 	 zraR, melR, adiY, cspA, flhC, xylR, hdfR, stpA, yjjQ, bglJ, fliZ, rcsB
13 	 zraR, idnR, aidB, adiY, cspA, hdfR, stpA, yjjQ, mlrA, bglJ, lrp, rcsB
14 	 zraR, melR
15 	 zraR, melR
16 	 zraR, melR, idnR, aidB, flhC, xylR, ydeO, hns
17 	 zraR, idnR
18 	 zraR, melR, idnR
19 	 zraR, idnR
22 	 zraR, melR
23 	 zraR, idnR
24 	 zraR, melR, idnR
25 	 zraR, idnR
26 	 zraR, melR, idnR
27 	 zraR, melR, idnR
28 	 zraR, melR, idnR
29 	 zraR, melR
30 	 zraR, melR
31 	 zraR, melR, idnR
32 	 zraR, melR, idnR
