5 	 fhlA
25 	 fhlA
26 	 fhlA
27 	 fhlA
28 	 fhlA
29 	 fhlA, zraR
30 	 fhlA
439 	 fhlA
440 	 fhlA
441 	 fhlA
442 	 fhlA
443 	 fhlA, zraR
445 	 fhlA, zraR
446 	 fhlA, zraR
447 	 fhlA
448 	 fhlA, zraR
449 	 fhlA
450 	 fhlA, zraR
451 	 fhlA
452 	 fhlA, zraR
453 	 fhlA
454 	 fhlA, zraR
455 	 fhlA
456 	 fhlA
457 	 fhlA
458 	 fhlA
459 	 fhlA
460 	 fhlA
461 	 fhlA
462 	 fhlA
464 	 fhlA
466 	 fhlA
468 	 fhlA
470 	 fhlA, zraR
472 	 fhlA, zraR
474 	 fhlA, zraR
476 	 fhlA, zraR
478 	 fhlA, zraR
479 	 fhlA, zraR
480 	 fhlA, zraR
482 	 fhlA, zraR
484 	 fhlA, zraR
486 	 fhlA, zraR
488 	 fhlA, zraR
490 	 fhlA, zraR
492 	 fhlA, zraR
494 	 fhlA, zraR
495 	 zraR
496 	 fhlA
497 	 zraR
498 	 fhlA
499 	 zraR
500 	 fhlA
501 	 zraR
502 	 fhlA
503 	 zraR
504 	 fhlA
505 	 zraR
506 	 fhlA
507 	 zraR
508 	 fhlA
509 	 zraR
510 	 fhlA
512 	 fhlA, zraR
514 	 fhlA, zraR
515 	 fhlA
517 	 fhlA
519 	 fhlA
521 	 fhlA
523 	 fhlA
525 	 fhlA
527 	 fhlA
528 	 zraR
530 	 zraR
532 	 zraR
533 	 zraR
535 	 zraR
537 	 zraR
539 	 zraR
541 	 zraR
618 	 zraR
619 	 fhlA, zraR
620 	 zraR
621 	 zraR
622 	 zraR
623 	 fhlA, zraR
624 	 fhlA, zraR
626 	 zraR
627 	 zraR
628 	 fhlA, zraR
629 	 zraR
630 	 zraR
631 	 zraR
632 	 zraR
633 	 zraR
634 	 fhlA, zraR
635 	 fhlA, zraR
636 	 zraR
637 	 zraR
638 	 fhlA, zraR
639 	 zraR
640 	 zraR
641 	 fhlA, zraR
642 	 zraR
643 	 fhlA, zraR
644 	 zraR
645 	 fhlA, zraR
646 	 zraR
647 	 fhlA, zraR
648 	 fhlA, zraR
649 	 zraR
650 	 zraR
651 	 fhlA, zraR
652 	 fhlA, zraR
653 	 zraR
654 	 zraR
655 	 fhlA, zraR
656 	 zraR
657 	 fhlA, zraR
658 	 zraR
