6 	 uxuR
7 	 arcA, narL, soxR, uxuR, nac, yqjI, nikR
8 	 fnr, rob, uxuR, puuR, nikR, betI
9 	 arcA, narL, soxR, uxuR, nac, yqjI, nikR
10 	 arcA, narL, soxR, uxuR, nac, yqjI, nikR
11 	 arcA, narL, soxR, uxuR, nac, yqjI, nikR
12 	 arcA, narL, soxR, uxuR, nac, yqjI, nikR
13 	 arcA, narL, soxR, uxuR, nac, yqjI, nikR
14 	 arcA, narL, soxR, uxuR, nac, yqjI, nikR
16 	 fnr, rob, uxuR, puuR, nikR
18 	 arcA, narL, soxR, uxuR, nac, yqjI, nikR
20 	 fnr, rob, uxuR, puuR, nikR
21 	 fnr, arcA, soxS, narL, soxR, uxuR, nac, puuR, yqjI, nikR
22 	 fnr, rob, uxuR, exuR, puuR, nikR
24 	 fnr, rob, uxuR, puuR, nikR
26 	 uxuR
27 	 fnr, arcA, soxS, narL, soxR, uxuR, nac, puuR, yqjI, nikR
28 	 fnr, rob, uxuR, puuR, nikR
29 	 uxuR
30 	 fnr, arcA, soxS, narL, soxR, uxuR, nac, puuR, yqjI, nikR
31 	 fnr, rob, uxuR, exuR, puuR, nikR
32 	 fnr, rob, uxuR, puuR, nikR
33 	 uxuR
34 	 fnr, rob, uxuR, puuR, nikR
35 	 fnr, rob, uxuR, puuR, nikR
37 	 fnr, rob, uxuR, exuR, puuR, nikR
38 	 fnr, arcA, soxS, narL, soxR, uxuR, nac, puuR, yqjI, nikR
39 	 fnr, rob, uxuR, puuR, nikR
40 	 fnr, rob, uxuR, puuR, nikR
41 	 uxuR
42 	 fnr, rob, uxuR, puuR, nikR
43 	 fnr, rob, uxuR, exuR, puuR, nikR
44 	 fnr, arcA, soxS, narL, soxR, uxuR, nac, puuR, yqjI, nikR
46 	 fnr, rob, uxuR, puuR, nikR, betI
47 	 fnr, arcA, soxS, narL, soxR, uxuR, nac, puuR, yqjI, nikR
48 	 fnr, rob, uxuR, exuR, puuR, nikR
49 	 fnr, rob, uxuR, puuR, nikR
51 	 fnr, arcA, soxS, narL, soxR, uxuR, nac, puuR, yqjI, nikR
53 	 fnr, rob, uxuR, exuR, puuR, nikR
55 	 fnr, rob, uxuR, puuR, nikR
57 	 uxuR
59 	 uxuR
61 	 uxuR
62 	 fnr, rob, uxuR, puuR, nikR
63 	 uxuR
64 	 fnr, rob, uxuR, puuR, nikR
66 	 fnr, rob, uxuR, exuR, puuR, nikR
67 	 fnr, rob, uxuR, exuR, puuR, nikR
68 	 fnr, rob, uxuR, exuR, puuR, nikR
69 	 fnr, rob, uxuR, exuR, puuR, nikR
70 	 fnr, rob, uxuR, exuR, puuR, nikR
71 	 fnr, rob, uxuR, exuR, puuR, nikR
72 	 fnr, rob, uxuR, exuR, puuR, nikR
73 	 fnr, rob, uxuR, exuR, puuR, nikR
74 	 fnr, rob, uxuR, exuR, puuR, nikR
75 	 fnr, rob, uxuR, puuR, nikR
76 	 fnr, rob, uxuR, exuR, puuR, nikR
77 	 fnr, arcA, soxS, narL, soxR, uxuR, nac, puuR, yqjI, nikR
79 	 fnr, rob, uxuR, puuR, nikR
80 	 fnr, rob, uxuR, puuR, nikR
81 	 fnr, rob, uxuR, puuR, nikR
82 	 fnr, rob, uxuR, puuR, nikR
83 	 fnr, rob, uxuR, exuR, puuR, nikR
84 	 fnr, arcA, soxS, narL, soxR, uxuR, nac, puuR, yqjI, nikR
85 	 fnr, rob, uxuR, exuR, puuR, nikR
86 	 fnr, rob, uxuR, puuR, nikR
87 	 fnr, arcA, soxS, narL, soxR, uxuR, nac, puuR, yqjI, nikR
88 	 fnr, rob, uxuR, puuR, nikR
89 	 fnr, rob, uxuR, exuR, puuR, nikR
90 	 fnr, arcA, soxS, narL, soxR, uxuR, nac, puuR, yqjI, nikR
91 	 fnr, arcA, soxS, narL, soxR, uxuR, nac, puuR, yqjI, nikR
92 	 fnr, rob, uxuR, exuR, puuR, nikR
93 	 fnr, rob, uxuR, exuR, puuR, nikR
94 	 fnr, arcA, soxS, narL, soxR, uxuR, nac, puuR, yqjI, nikR
95 	 fnr, arcA, soxS, narL, soxR, uxuR, nac, puuR, yqjI, nikR
96 	 fnr, rob, uxuR, exuR, puuR, nikR
97 	 fnr, arcA, soxS, narL, soxR, uxuR, nac, puuR, yqjI, nikR
98 	 fnr, arcA, soxS, narL, soxR, uxuR, nac, puuR, yqjI, nikR
99 	 fnr, arcA, soxS, narL, soxR, uxuR, nac, puuR, yqjI, nikR, betI
100 	 fnr, rob, uxuR, exuR, puuR, nikR
101 	 fnr, rob, uxuR, exuR, puuR, nikR, betI
102 	 fnr, arcA, soxS, narL, soxR, uxuR, nac, puuR, yqjI, nikR
103 	 fnr, arcA, soxS, narL, soxR, uxuR, nac, puuR, yqjI, nikR, betI
104 	 fnr, rob, uxuR, exuR, puuR, nikR, betI
105 	 fnr, rob, uxuR, puuR, nikR, betI
106 	 fnr, rob, uxuR, puuR, nikR, betI
107 	 fnr, rob, uxuR, exuR, puuR, nikR, betI
108 	 fnr, rob, uxuR, puuR, nikR, betI
109 	 fnr, rob, uxuR, exuR, puuR, nikR, betI
110 	 fnr, arcA, soxS, narL, soxR, uxuR, nac, puuR, yqjI, nikR, betI
111 	 fnr, arcA, soxS, narL, soxR, uxuR, nac, puuR, yqjI, nikR, betI
112 	 fnr, arcA, soxS, narL, soxR, uxuR, nac, puuR, yqjI, nikR, betI
113 	 fnr, arcA, soxS, narL, soxR, uxuR, nac, puuR, yqjI, nikR, betI
114 	 fnr, arcA, soxS, narL, soxR, uxuR, nac, puuR, yqjI, nikR
115 	 fnr, arcA, soxS, narL, soxR, uxuR, nac, puuR, yqjI, nikR
116 	 fnr, rob, uxuR, exuR, puuR, nikR, betI
117 	 fnr, rob, uxuR, exuR, puuR, nikR
118 	 fnr, rob, uxuR, exuR, puuR, nikR, betI
119 	 fnr, rob, uxuR, exuR, puuR, nikR
120 	 fnr, rob, uxuR, exuR, puuR, nikR
121 	 fnr, rob, uxuR, puuR, nikR, betI
123 	 fnr, rob, uxuR, puuR, nikR
125 	 fnr, rob, uxuR, puuR, nikR
127 	 fnr, rob, uxuR, puuR, nikR, betI
129 	 fnr, rob, uxuR, puuR, nikR
131 	 fnr, rob, uxuR, puuR, nikR
133 	 fnr, arcA, soxS, narL, soxR, uxuR, nac, puuR, yqjI, nikR, betI
134 	 fnr, arcA, soxS, narL, soxR, uxuR, nac, puuR, yqjI, nikR
136 	 fnr, arcA, soxS, narL, soxR, uxuR, nac, puuR, yqjI, nikR
138 	 fnr, arcA, soxS, narL, soxR, uxuR, nac, puuR, yqjI, nikR, betI
140 	 fnr, arcA, soxS, narL, soxR, uxuR, nac, puuR, yqjI, nikR
142 	 fnr, arcA, soxS, narL, soxR, uxuR, nac, puuR, yqjI, nikR
144 	 fnr, rob, uxuR, exuR, puuR, nikR, betI
145 	 fnr, rob, uxuR, exuR, puuR, nikR
146 	 fnr, rob, uxuR, exuR, puuR, nikR
147 	 fnr, rob, uxuR, exuR, puuR, nikR, betI
148 	 fnr, rob, uxuR, exuR, puuR, nikR
149 	 fnr, rob, uxuR, exuR, puuR, nikR
150 	 fnr, rob, uxuR, exuR, puuR, nikR
151 	 fnr, rob, uxuR, exuR, puuR, nikR
