8 	 zraR, araC
10 	 zraR, fucR
12 	 zraR
20 	 zraR, araC
24 	 zraR, araC, fucR
28 	 zraR, araC
30 	 zraR
33 	 zraR, fucR
36 	 zraR, araC
39 	 zraR, araC, fucR
42 	 zraR, fucR
44 	 zraR, araC
45 	 zraR, araC, fucR
51 	 zraR, araC
54 	 zraR, fucR
57 	 zraR, araC, fucR
60 	 zraR, fucR
63 	 zraR, araC, fucR
65 	 zraR, araC
67 	 zraR, araC
70 	 zraR, araC
71 	 zraR, araC
72 	 zraR, fucR
73 	 zraR
74 	 zraR
76 	 zraR, araC
78 	 zraR
80 	 zraR, araC, fucR
81 	 zraR, araC
82 	 zraR, araC
84 	 zraR
86 	 zraR, araC
104 	 zraR, araC
108 	 zraR, araC
110 	 zraR
112 	 zraR, araC
114 	 zraR
116 	 zraR, araC
121 	 zraR
122 	 zraR, fucR
123 	 zraR, araC
125 	 zraR
127 	 zraR, araC
128 	 zraR, araC, fucR
135 	 zraR, fucR
147 	 zraR, fucR
148 	 zraR, araC, fucR
150 	 zraR, fucR
153 	 zraR, araC, fucR
159 	 zraR, fucR
165 	 zraR, araC, fucR
170 	 zraR, araC
171 	 zraR, araC, fucR
173 	 zraR, fucR
175 	 zraR, araC, fucR
177 	 zraR, fucR
179 	 zraR, araC, fucR
181 	 zraR, fucR
183 	 zraR, araC, fucR
185 	 zraR, fucR
187 	 zraR, araC, fucR
189 	 zraR, fucR
191 	 zraR, araC, fucR
193 	 zraR, fucR
195 	 zraR, araC, fucR
212 	 zraR, araC
214 	 zraR, araC
215 	 zraR
217 	 zraR, araC
219 	 zraR
221 	 zraR, araC
223 	 zraR, fucR
225 	 zraR, araC, fucR
227 	 zraR, fucR
229 	 zraR, araC, fucR
231 	 zraR, fucR
233 	 zraR, araC, fucR
234 	 zraR, araC
235 	 zraR, fucR
237 	 zraR, araC, fucR
238 	 zraR, araC
239 	 zraR, fucR
241 	 zraR, araC, fucR
242 	 zraR, araC
250 	 zraR
252 	 zraR, araC
254 	 zraR
256 	 zraR, araC
258 	 zraR
260 	 zraR, araC
262 	 zraR
264 	 zraR, araC
277 	 zraR, fucR
279 	 zraR, araC, fucR
281 	 zraR, fucR
283 	 zraR, araC, fucR
285 	 zraR, fucR
287 	 zraR, araC, fucR
289 	 zraR, fucR
291 	 zraR, araC, fucR
295 	 zraR, fucR
358 	 zraR, fucR
360 	 zraR, araC, fucR
362 	 zraR, fucR
377 	 zraR, araC, fucR
379 	 zraR, araC, fucR
381 	 zraR, fucR
383 	 zraR, araC, fucR
385 	 zraR, fucR
388 	 zraR, araC, fucR
390 	 zraR, fucR
392 	 zraR, araC, fucR
449 	 zraR, rhaR, rhaS
450 	 zraR, araC, rhaR, rhaS
451 	 zraR, rhaR, rhaS
452 	 zraR, araC, rhaR, rhaS
453 	 zraR, rhaR, rhaS
454 	 zraR, araC, rhaR, rhaS
455 	 zraR, rhaR, rhaS
456 	 zraR, araC, rhaR, rhaS
457 	 zraR, rhaR, rhaS
458 	 zraR, araC, rhaR, rhaS
459 	 zraR, rhaR, rhaS
460 	 zraR, araC, rhaR, rhaS
461 	 zraR, rhaR, rhaS
462 	 zraR, araC, rhaR, rhaS
463 	 zraR, rhaR, rhaS
464 	 zraR, araC, rhaR, rhaS
465 	 zraR, rhaR, rhaS
466 	 zraR, fucR, rhaR, rhaS
467 	 zraR, rhaR, rhaS
468 	 zraR, araC, rhaR, rhaS
469 	 zraR, araC, fucR, rhaR, rhaS
470 	 zraR, araC, rhaR, rhaS
471 	 zraR, rhaR, rhaS
472 	 zraR, fucR, rhaR, rhaS
473 	 zraR, rhaR, rhaS
474 	 zraR, araC, rhaR, rhaS
475 	 zraR, araC, fucR, rhaR, rhaS
476 	 zraR, araC, rhaR, rhaS
477 	 zraR, rhaR, rhaS
478 	 zraR, fucR, rhaR, rhaS
479 	 zraR, rhaR, rhaS
480 	 zraR, rhaR, rhaS
481 	 zraR, fucR, rhaR, rhaS
482 	 zraR, rhaR, rhaS
483 	 zraR, araC, rhaR, rhaS
484 	 zraR, araC, fucR, rhaR, rhaS
485 	 zraR, araC, rhaR, rhaS
486 	 zraR, araC, rhaR, rhaS
487 	 zraR, araC, fucR, rhaR, rhaS
488 	 zraR, araC, rhaR, rhaS
489 	 zraR, rhaR, rhaS
490 	 zraR, fucR, rhaR, rhaS
491 	 zraR, rhaR, rhaS
492 	 zraR, rhaR, rhaS
493 	 zraR, fucR, rhaR, rhaS
494 	 zraR, rhaR, rhaS
495 	 zraR, araC, rhaR, rhaS
496 	 zraR, araC, fucR, rhaR, rhaS
497 	 zraR, araC, rhaR, rhaS
498 	 zraR, araC, rhaR, rhaS
499 	 zraR, araC, fucR, rhaR, rhaS
500 	 zraR, araC, rhaR, rhaS
501 	 zraR, rhaR, rhaS
502 	 zraR, fucR, rhaR, rhaS
503 	 zraR, rhaR, rhaS
504 	 zraR, araC, rhaR, rhaS
505 	 zraR, araC, fucR, rhaR, rhaS
506 	 zraR, araC, rhaR, rhaS
507 	 zraR, rhaR, rhaS
508 	 zraR, fucR, rhaR, rhaS
509 	 zraR, rhaR, rhaS
510 	 zraR, araC, rhaR, rhaS
511 	 zraR, araC, fucR, rhaR, rhaS
512 	 zraR, araC, rhaR, rhaS
513 	 zraR, fucR, rhaR, rhaS
514 	 zraR, fucR, rhaR, rhaS
515 	 zraR, rhaR, rhaS
516 	 zraR, araC, fucR, rhaR, rhaS
517 	 zraR, araC, rhaR, rhaS
518 	 zraR, fucR, rhaR, rhaS
519 	 zraR, rhaR, rhaS
520 	 zraR, araC, fucR, rhaR, rhaS
521 	 zraR, araC, rhaR, rhaS
522 	 zraR, fucR, rhaR, rhaS
523 	 zraR, rhaR, rhaS
524 	 zraR, araC, fucR, rhaR, rhaS
525 	 zraR, araC, rhaR, rhaS
526 	 zraR, fucR, rhaR, rhaS
527 	 zraR, rhaR, rhaS
528 	 zraR, araC, fucR, rhaR, rhaS
529 	 zraR, araC, rhaR, rhaS
530 	 zraR, fucR, rhaR, rhaS
531 	 zraR, rhaR, rhaS
532 	 zraR, araC, fucR, rhaR, rhaS
533 	 zraR, araC, rhaR, rhaS
534 	 zraR, fucR, rhaR, rhaS
535 	 zraR, rhaR, rhaS
536 	 zraR, araC, fucR, rhaR, rhaS
537 	 zraR, araC, rhaR, rhaS
538 	 zraR, fucR, rhaR, rhaS
539 	 zraR, rhaR, rhaS
540 	 zraR, araC, fucR, rhaR, rhaS
541 	 zraR, araC, rhaR, rhaS
542 	 zraR, fucR, rhaR, rhaS
543 	 zraR, rhaR, rhaS
544 	 zraR, araC, fucR, rhaR, rhaS
545 	 zraR, araC, rhaR, rhaS
546 	 zraR, araC, fucR, rhaR, rhaS
547 	 zraR, fucR, rhaR, rhaS
548 	 zraR, araC, fucR, rhaR, rhaS
549 	 zraR, fucR, rhaR, rhaS
550 	 zraR, fucR, rhaR, rhaS
551 	 zraR, araC, fucR, rhaR, rhaS
552 	 zraR, araC, fucR, rhaR, rhaS
553 	 zraR, fucR, rhaR, rhaS
554 	 zraR, fucR, rhaR, rhaS
555 	 zraR, araC, fucR, rhaR, rhaS
556 	 zraR, araC, fucR, rhaR, rhaS
557 	 zraR, fucR, rhaR, rhaS
558 	 zraR, araC, fucR, rhaR, rhaS
559 	 zraR, fucR, rhaR, rhaS
560 	 zraR, araC, fucR, rhaR, rhaS
561 	 zraR, fucR, rhaR, rhaS
562 	 zraR, araC, fucR, rhaR, rhaS
563 	 zraR, fucR, rhaR, rhaS
564 	 zraR, araC, fucR, rhaR, rhaS
565 	 zraR, fucR, rhaR, rhaS
566 	 zraR, fucR, rhaR, rhaS
567 	 zraR, araC, fucR, rhaR, rhaS
568 	 zraR, araC, fucR, rhaR, rhaS
569 	 zraR, fucR, rhaR, rhaS
570 	 zraR, fucR, rhaR, rhaS
571 	 zraR, araC, fucR, rhaR, rhaS
572 	 zraR, araC, fucR, rhaR, rhaS
573 	 zraR, fucR, rhaR, rhaS
574 	 zraR, araC, fucR, rhaR, rhaS
575 	 zraR, fucR, rhaR, rhaS
576 	 zraR, araC, fucR, rhaR, rhaS
