32 	 araC
38 	 melR
40 	 fucR
42 	 araC, fucR
44 	 idnR
46 	 araC, idnR
48 	 idnR, fucR
50 	 araC, idnR, fucR
52 	 melR, idnR
54 	 melR, araC
56 	 melR, fucR
58 	 melR, araC, fucR
61 	 melR, idnR, fucR
62 	 araC
63 	 melR, araC, idnR
64 	 idnR
65 	 fucR
66 	 melR, araC, idnR, fucR
67 	 araC, fucR
68 	 melR
69 	 araC, idnR
70 	 melR, idnR
71 	 melR, araC
72 	 melR, araC, idnR
73 	 idnR, fucR
74 	 melR, fucR
75 	 araC, idnR, fucR
76 	 melR, araC, fucR
77 	 melR, idnR, fucR
78 	 melR, araC, idnR, fucR
80 	 zraR
81 	 araC
82 	 zraR
83 	 idnR
84 	 zraR, araC
86 	 zraR, idnR
87 	 melR
88 	 zraR, melR
89 	 melR, idnR
90 	 zraR, melR, araC
91 	 melR
92 	 zraR, melR, idnR
93 	 melR, araC
94 	 zraR, melR
95 	 araC, idnR
96 	 zraR, araC, idnR
97 	 idnR
98 	 zraR, araC
99 	 araC
100 	 zraR, idnR
101 	 melR, idnR
102 	 zraR, melR, idnR
103 	 fucR
104 	 zraR, fucR
105 	 melR, fucR
106 	 zraR, idnR, fucR
107 	 fucR
108 	 zraR, araC, fucR
109 	 araC, idnR
110 	 zraR, fucR
111 	 idnR, fucR
112 	 zraR, araC, idnR, fucR
113 	 melR, idnR, fucR
114 	 zraR, melR, fucR
115 	 melR, fucR
116 	 zraR, melR, araC, fucR
117 	 araC, fucR
118 	 zraR, araC, fucR
119 	 melR, araC
120 	 zraR, araC, idnR
121 	 idnR, fucR
122 	 zraR, melR, idnR, fucR
123 	 araC, idnR, fucR
124 	 zraR, idnR, fucR
125 	 araC, fucR
126 	 zraR, araC, idnR, fucR
127 	 araC, idnR, fucR
128 	 zraR, melR, araC, idnR
129 	 melR, idnR, fucR
130 	 zraR, melR, fucR
131 	 melR, araC, fucR
132 	 zraR, melR, araC, idnR, fucR
133 	 melR, araC, idnR
134 	 zraR, melR, araC
135 	 melR, araC, fucR
136 	 zraR, melR, idnR, fucR
137 	 melR, araC, idnR, fucR
138 	 zraR, melR, araC, idnR
139 	 melR, araC, idnR
140 	 zraR, melR, araC, fucR
141 	 melR, araC, idnR, fucR
142 	 zraR, melR, araC, idnR, fucR
143 	 zraR
144 	 zraR, melR
145 	 zraR, idnR
146 	 zraR, fucR
147 	 zraR, araC
148 	 zraR, araC, idnR
149 	 zraR, idnR, fucR
150 	 zraR, melR, idnR
151 	 zraR, araC, fucR
152 	 zraR, melR, fucR
153 	 zraR, melR, araC
154 	 zraR, melR, idnR, fucR
155 	 zraR, melR, araC, fucR
156 	 zraR, melR, araC, idnR
157 	 zraR, araC, idnR, fucR
158 	 zraR, melR, araC, idnR, fucR
159 	 zraR
160 	 zraR, melR
161 	 zraR, araC
162 	 zraR, idnR
163 	 zraR, melR, araC
164 	 zraR, melR, idnR
165 	 zraR, araC, idnR
166 	 zraR, melR, araC, idnR
167 	 zraR, fucR
168 	 zraR, melR, fucR
169 	 zraR, idnR, fucR
170 	 zraR, araC, fucR
171 	 zraR, melR, idnR, fucR
172 	 zraR, araC, idnR, fucR
173 	 zraR, melR, araC, fucR
174 	 zraR, melR, araC, idnR, fucR
175 	 rhaR, rhaS
176 	 rhaR, rhaS
177 	 rhaR, rhaS, araC
178 	 rhaR, rhaS, melR
179 	 rhaR, rhaS, idnR
180 	 rhaR, rhaS, fucR
181 	 rhaR, rhaS, araC
182 	 rhaR, rhaS, fucR
183 	 rhaR, rhaS, melR, araC
184 	 rhaR, rhaS, melR, fucR
185 	 rhaR, rhaS, araC, idnR
186 	 rhaR, rhaS, idnR, fucR
187 	 rhaR, rhaS, melR, idnR
188 	 rhaR, rhaS, idnR
189 	 rhaR, rhaS, melR
190 	 rhaR, rhaS, idnR, fucR
191 	 rhaR, rhaS, melR, araC
192 	 rhaR, rhaS, araC, fucR
193 	 rhaR, rhaS, melR, araC, idnR
194 	 rhaR, rhaS, araC, idnR
195 	 rhaR, rhaS, araC, idnR, fucR
196 	 rhaR, rhaS, araC, fucR
197 	 rhaR, rhaS, melR, idnR, fucR
198 	 rhaR, rhaS, melR, fucR
199 	 rhaR, rhaS, melR, araC, fucR
200 	 rhaR, rhaS, melR, idnR
201 	 rhaR, rhaS, melR, araC, idnR
202 	 rhaR, rhaS, melR, idnR, fucR
203 	 rhaR, rhaS, melR, araC, idnR, fucR
204 	 rhaR, rhaS, melR, araC, fucR
205 	 rhaR, rhaS, araC, idnR, fucR
206 	 rhaR, rhaS, melR, araC, idnR, fucR
207 	 rhaR, rhaS
208 	 rhaR, rhaS, fucR
209 	 rhaR, rhaS, idnR
210 	 rhaR, rhaS, melR
211 	 rhaR, rhaS
212 	 rhaR, rhaS, melR, fucR
213 	 rhaR, rhaS, idnR
214 	 rhaR, rhaS, araC
215 	 rhaR, rhaS, araC
216 	 rhaR, rhaS, araC, fucR
217 	 rhaR, rhaS, araC, idnR
218 	 rhaR, rhaS, melR, araC
219 	 rhaR, rhaS, araC, idnR
220 	 rhaR, rhaS, idnR, fucR
221 	 rhaR, rhaS, melR, idnR
222 	 rhaR, rhaS, melR
223 	 rhaR, rhaS, fucR
224 	 rhaR, rhaS, melR, araC, fucR
225 	 rhaR, rhaS, melR, idnR
226 	 rhaR, rhaS, melR, araC
227 	 rhaR, rhaS, idnR, fucR
228 	 rhaR, rhaS, melR, fucR
229 	 rhaR, rhaS, araC, fucR
230 	 rhaR, rhaS, melR, idnR, fucR
231 	 rhaR, rhaS, melR, araC, idnR
232 	 rhaR, rhaS, araC, idnR, fucR
233 	 rhaR, rhaS, araC, idnR, fucR
235 	 rhaR, rhaS, melR, araC, idnR, fucR
236 	 rhaR, rhaS, melR, araC, idnR
237 	 rhaR, rhaS, melR, idnR, fucR
238 	 rhaR, rhaS, melR, araC, fucR
239 	 rhaR, rhaS, melR, araC, idnR, fucR
240 	 rhaR, rhaS, zraR
241 	 rhaR, rhaS, zraR, fucR
242 	 rhaR, rhaS, zraR, idnR
243 	 rhaR, rhaS, zraR
244 	 rhaR, rhaS, zraR, melR
245 	 rhaR, rhaS, zraR, fucR
246 	 rhaR, rhaS, zraR, melR
247 	 rhaR, rhaS, zraR, araC
248 	 rhaR, rhaS, zraR, araC
249 	 rhaR, rhaS, zraR, idnR, fucR
250 	 rhaR, rhaS, zraR, idnR
251 	 rhaR, rhaS, zraR, melR, fucR
252 	 rhaR, rhaS, zraR, melR, idnR
253 	 rhaR, rhaS, zraR, araC, fucR
254 	 rhaR, rhaS, zraR, melR, araC
255 	 rhaR, rhaS, zraR, araC, idnR
256 	 rhaR, rhaS, zraR, melR, araC
257 	 rhaR, rhaS, zraR, araC, idnR, fucR
258 	 rhaR, rhaS, zraR, araC, fucR
259 	 rhaR, rhaS, zraR, melR, idnR, fucR
260 	 rhaR, rhaS, zraR, melR, araC, fucR
261 	 rhaR, rhaS, zraR, idnR, fucR
262 	 rhaR, rhaS, zraR, melR, fucR
263 	 rhaR, rhaS, zraR, melR, araC, idnR
264 	 rhaR, rhaS, zraR, araC, idnR
265 	 rhaR, rhaS, zraR, melR, idnR
266 	 rhaR, rhaS, zraR, araC, idnR, fucR
267 	 rhaR, rhaS, zraR, melR, araC, idnR, fucR
268 	 rhaR, rhaS, zraR, melR, idnR, fucR
269 	 rhaR, rhaS, zraR, melR, araC, fucR
270 	 rhaR, rhaS, zraR, melR, araC, idnR
271 	 rhaR, rhaS, zraR, melR, araC, idnR, fucR
272 	 rhaR, rhaS, zraR
273 	 rhaR, rhaS, zraR, fucR
274 	 rhaR, rhaS, zraR, idnR
275 	 rhaR, rhaS, zraR, araC
276 	 rhaR, rhaS, zraR, araC, idnR
277 	 rhaR, rhaS, zraR
278 	 rhaR, rhaS, zraR, idnR
279 	 rhaR, rhaS, zraR, melR
280 	 rhaR, rhaS, zraR, melR, idnR
281 	 rhaR, rhaS, zraR, araC, fucR
282 	 rhaR, rhaS, zraR, idnR, fucR
283 	 rhaR, rhaS, zraR, araC
284 	 rhaR, rhaS, zraR, araC, idnR, fucR
285 	 rhaR, rhaS, zraR, melR
286 	 rhaR, rhaS, zraR, fucR
287 	 rhaR, rhaS, zraR, melR, araC
288 	 rhaR, rhaS, zraR, melR, araC
289 	 rhaR, rhaS, zraR, melR, fucR
290 	 rhaR, rhaS, zraR, melR, araC, idnR
291 	 rhaR, rhaS, zraR, araC, fucR
292 	 rhaR, rhaS, zraR, melR, fucR
293 	 rhaR, rhaS, zraR, melR, idnR, fucR
294 	 rhaR, rhaS, zraR, idnR, fucR
295 	 rhaR, rhaS, zraR, araC, idnR
296 	 rhaR, rhaS, zraR, araC, idnR, fucR
297 	 rhaR, rhaS, zraR, melR, araC, fucR
298 	 rhaR, rhaS, zraR, melR, idnR
299 	 rhaR, rhaS, zraR, melR, araC, idnR
300 	 rhaR, rhaS, zraR, melR, idnR, fucR
301 	 rhaR, rhaS, zraR, melR, araC, fucR
302 	 rhaR, rhaS, zraR, melR, araC, idnR, fucR
303 	 rhaR, rhaS, zraR, melR, araC, idnR, fucR
312 	 araC
314 	 fucR
316 	 araC, fucR
318 	 idnR
320 	 araC, idnR
322 	 idnR, fucR
324 	 melR
326 	 melR, idnR
328 	 melR, araC
330 	 melR, araC, idnR
334 	 araC
336 	 fucR
338 	 melR, fucR
340 	 idnR
342 	 araC, idnR
343 	 idnR
344 	 araC, idnR, fucR
345 	 melR
346 	 melR, araC, fucR
347 	 fucR
348 	 araC, fucR
349 	 idnR, fucR
350 	 idnR, fucR
352 	 melR
353 	 araC
354 	 melR, idnR, fucR
355 	 melR
356 	 melR, idnR
357 	 idnR
358 	 melR, fucR
359 	 araC
360 	 melR, araC
361 	 araC, fucR
362 	 melR, araC, idnR, fucR
363 	 melR, araC
364 	 melR, idnR, fucR
365 	 melR, araC
366 	 melR, araC, idnR
367 	 araC, idnR
368 	 melR, araC, fucR
369 	 fucR
370 	 araC, idnR, fucR
371 	 araC, fucR
372 	 melR, araC, idnR, fucR
373 	 araC, idnR
374 	 zraR
375 	 melR, fucR
377 	 araC, idnR, fucR
378 	 zraR, fucR
379 	 melR, idnR
380 	 araC
381 	 idnR, fucR
382 	 zraR
383 	 melR, araC, fucR
384 	 fucR
385 	 melR, idnR
386 	 zraR, idnR
387 	 melR, idnR, fucR
388 	 melR
389 	 melR, fucR
390 	 zraR, idnR, fucR
391 	 melR, araC, fucR
392 	 melR, araC
393 	 melR, idnR, fucR
394 	 zraR, fucR
395 	 melR, araC, idnR
396 	 melR, fucR
397 	 melR, araC, idnR
398 	 zraR, melR
399 	 melR, araC, idnR, fucR
400 	 araC, fucR
401 	 araC, idnR, fucR
402 	 zraR, idnR
403 	 melR, araC, idnR, fucR
405 	 zraR
406 	 zraR, araC
408 	 fucR
409 	 zraR, melR
410 	 zraR, araC, idnR
411 	 melR
412 	 araC
413 	 zraR, idnR
414 	 zraR, araC, fucR
416 	 idnR
417 	 zraR, araC
418 	 zraR, melR, idnR
419 	 araC
420 	 melR
421 	 zraR, araC, idnR
422 	 zraR, melR
423 	 fucR
424 	 melR, fucR
425 	 zraR
426 	 zraR, araC
427 	 idnR
428 	 melR, araC, fucR
429 	 zraR, idnR
430 	 zraR, araC, fucR
431 	 melR, idnR
432 	 araC, idnR
433 	 zraR, fucR
434 	 zraR, idnR, fucR
435 	 araC, fucR
436 	 melR, idnR
437 	 zraR, araC
438 	 zraR, araC, idnR
439 	 fucR
440 	 melR, araC
441 	 zraR, idnR, fucR
442 	 zraR, araC, idnR, fucR
443 	 idnR, fucR
444 	 idnR, fucR
445 	 zraR, melR
446 	 zraR, melR, fucR
447 	 melR, araC
448 	 araC, fucR
449 	 zraR, melR, idnR
450 	 zraR, melR, idnR
451 	 melR, fucR
452 	 melR, araC, fucR
453 	 zraR, melR, idnR
454 	 zraR, araC, idnR, fucR
455 	 melR, idnR, fucR
456 	 araC, idnR, fucR
457 	 zraR, melR, fucR
458 	 zraR, melR, fucR
459 	 melR, araC, fucR
460 	 melR, idnR, fucR
461 	 zraR, araC, idnR
462 	 zraR, melR, araC
463 	 araC, idnR
464 	 melR, araC, idnR
465 	 zraR, melR, araC
466 	 zraR, melR, araC, idnR
467 	 araC
468 	 idnR
469 	 zraR, araC, fucR
470 	 zraR, melR, araC, fucR
471 	 melR
472 	 melR, araC, idnR, fucR
473 	 zraR, melR, araC
474 	 zraR, melR, idnR, fucR
475 	 araC, fucR
476 	 melR, idnR
477 	 zraR, fucR
478 	 zraR, melR, araC, idnR, fucR
479 	 melR, fucR
480 	 idnR, fucR
481 	 zraR, araC, fucR
482 	 zraR, melR, idnR, fucR
483 	 melR, araC
484 	 melR, idnR, fucR
485 	 zraR, araC, idnR, fucR
486 	 zraR, melR, araC
487 	 idnR
488 	 araC, idnR
489 	 zraR, idnR, fucR
490 	 zraR, melR, araC, idnR
491 	 melR, araC, fucR
492 	 araC, idnR, fucR
493 	 zraR, melR, idnR, fucR
494 	 zraR, melR, araC, fucR
495 	 idnR, fucR
496 	 melR, araC, idnR
497 	 zraR, melR, araC, idnR
498 	 zraR, melR, araC, idnR, fucR
499 	 melR, idnR
500 	 melR, araC, idnR, fucR
501 	 zraR, melR, araC, idnR
502 	 zraR
503 	 araC, idnR, fucR
504 	 zraR, araC
505 	 melR, idnR, fucR
506 	 zraR, melR
507 	 araC, idnR
508 	 zraR
509 	 melR, araC, idnR
510 	 zraR, fucR
511 	 melR, araC, idnR
512 	 zraR, fucR
513 	 araC, idnR, fucR
514 	 zraR, melR, fucR
515 	 melR, araC, idnR, fucR
516 	 zraR, idnR
517 	 melR, araC, idnR, fucR
518 	 zraR, araC, idnR
519 	 zraR, melR, fucR
520 	 zraR, idnR
521 	 zraR, melR, araC, fucR
522 	 zraR, idnR, fucR
523 	 zraR, melR, araC, fucR
524 	 zraR, araC
525 	 zraR, melR, idnR, fucR
526 	 zraR, araC, fucR
527 	 zraR, melR, araC, idnR, fucR
528 	 zraR, idnR, fucR
529 	 zraR, araC, idnR, fucR
530 	 zraR, melR, idnR
531 	 zraR, melR, araC, idnR, fucR
532 	 zraR, melR, araC
533 	 zraR
534 	 zraR, melR, idnR, fucR
535 	 zraR, melR
536 	 zraR, melR
537 	 zraR, idnR
538 	 zraR, melR, fucR
539 	 zraR, araC
540 	 zraR, melR, araC
541 	 zraR, fucR
542 	 zraR, melR, idnR
543 	 zraR, melR, araC
544 	 zraR, melR, araC, idnR
545 	 zraR, idnR, fucR
546 	 zraR, melR, idnR, fucR
547 	 zraR
548 	 zraR, melR, araC, fucR
549 	 zraR, araC, idnR
550 	 zraR, araC, idnR, fucR
551 	 zraR, araC
552 	 zraR, araC, fucR
553 	 zraR, araC, fucR
554 	 zraR, melR, araC, idnR, fucR
555 	 zraR, idnR
556 	 zraR, araC, idnR
557 	 zraR, melR
558 	 zraR, melR, araC, idnR
559 	 zraR, melR, idnR
560 	 zraR, araC, idnR, fucR
561 	 zraR, melR, fucR
562 	 zraR, melR, araC, fucR
563 	 zraR, fucR
564 	 zraR, melR, araC, idnR, fucR
565 	 zraR, araC, fucR
566 	 rhaR, rhaS
567 	 rhaR, rhaS, araC
568 	 rhaR, rhaS
569 	 rhaR, rhaS, araC
570 	 rhaR, rhaS, melR
571 	 rhaR, rhaS, idnR
572 	 rhaR, rhaS, melR
573 	 rhaR, rhaS, araC, idnR
574 	 rhaR, rhaS, melR, araC
575 	 rhaR, rhaS, idnR
576 	 rhaR, rhaS, melR, araC
577 	 rhaR, rhaS, fucR
578 	 rhaR, rhaS, araC, idnR
579 	 rhaR, rhaS, fucR
580 	 rhaR, rhaS, melR, idnR
581 	 rhaR, rhaS, araC, fucR
582 	 rhaR, rhaS, melR, araC, idnR
583 	 rhaR, rhaS, idnR, fucR
584 	 rhaR, rhaS, melR, idnR
585 	 rhaR, rhaS, melR, fucR
586 	 rhaR, rhaS, araC, fucR
587 	 rhaR, rhaS, melR, araC, fucR
588 	 rhaR, rhaS, idnR, fucR
589 	 rhaR, rhaS, melR, araC, idnR
590 	 rhaR, rhaS, melR, idnR, fucR
591 	 rhaR, rhaS, melR, fucR
592 	 rhaR, rhaS, araC, idnR, fucR
593 	 rhaR, rhaS, melR, araC, fucR
594 	 rhaR, rhaS, melR, araC, idnR, fucR
595 	 rhaR, rhaS, melR, idnR, fucR
596 	 rhaR, rhaS, araC, idnR, fucR
597 	 rhaR, rhaS, melR, araC, idnR, fucR
598 	 rhaR, rhaS, zraR
599 	 rhaR, rhaS
600 	 rhaR, rhaS, zraR, araC
601 	 rhaR, rhaS, melR
602 	 rhaR, rhaS, zraR, fucR
603 	 rhaR, rhaS, araC
604 	 rhaR, rhaS, zraR
605 	 rhaR, rhaS, fucR
606 	 rhaR, rhaS, zraR, idnR
607 	 rhaR, rhaS
608 	 rhaR, rhaS, zraR, melR
609 	 rhaR, rhaS, idnR
610 	 rhaR, rhaS, zraR, melR, araC
611 	 rhaR, rhaS, melR, araC
612 	 rhaR, rhaS, zraR, araC, fucR
613 	 rhaR, rhaS, araC
614 	 rhaR, rhaS, zraR, idnR
615 	 rhaR, rhaS, idnR
616 	 rhaR, rhaS, zraR, melR, idnR
617 	 rhaR, rhaS, idnR, fucR
618 	 rhaR, rhaS, zraR, idnR, fucR
619 	 rhaR, rhaS, araC, fucR
620 	 rhaR, rhaS, zraR, fucR
621 	 rhaR, rhaS, zraR, araC, idnR
622 	 rhaR, rhaS, fucR
623 	 rhaR, rhaS, zraR, araC
624 	 rhaR, rhaS, melR, fucR
625 	 rhaR, rhaS, zraR, araC, fucR
626 	 rhaR, rhaS, melR, araC, fucR
627 	 rhaR, rhaS, zraR, idnR, fucR
628 	 rhaR, rhaS, melR
629 	 rhaR, rhaS, zraR, melR, fucR
630 	 rhaR, rhaS, araC, fucR
631 	 rhaR, rhaS, zraR, melR, idnR, fucR
632 	 rhaR, rhaS, melR, araC
633 	 rhaR, rhaS, zraR, melR, araC, fucR
634 	 rhaR, rhaS, idnR, fucR
635 	 rhaR, rhaS, zraR, melR
636 	 rhaR, rhaS, melR, idnR
637 	 rhaR, rhaS, zraR, melR, araC
638 	 rhaR, rhaS, araC, idnR
639 	 rhaR, rhaS, zraR, melR, fucR
640 	 rhaR, rhaS, araC, idnR, fucR
641 	 rhaR, rhaS, zraR, melR, araC, fucR
642 	 rhaR, rhaS, melR, araC, idnR
643 	 rhaR, rhaS, zraR, melR, idnR
644 	 rhaR, rhaS, araC, idnR
645 	 rhaR, rhaS, zraR, araC, idnR, fucR
646 	 rhaR, rhaS, melR, idnR
647 	 rhaR, rhaS, zraR, araC, idnR
648 	 rhaR, rhaS, melR, fucR
649 	 rhaR, rhaS, zraR, araC, idnR, fucR
650 	 rhaR, rhaS, melR, idnR, fucR
651 	 rhaR, rhaS, zraR, melR, araC, idnR
652 	 rhaR, rhaS, araC, idnR, fucR
653 	 rhaR, rhaS, zraR, melR, idnR, fucR
654 	 rhaR, rhaS, melR, araC, idnR
655 	 rhaR, rhaS, zraR, melR, araC, idnR, fucR
656 	 rhaR, rhaS, melR, araC, idnR, fucR
657 	 rhaR, rhaS, zraR, melR, araC, idnR
658 	 rhaR, rhaS, melR, araC, fucR
659 	 rhaR, rhaS, zraR, melR, araC, idnR, fucR
660 	 rhaR, rhaS, melR, idnR, fucR
661 	 rhaR, rhaS, melR, araC, idnR, fucR
662 	 rhaR, rhaS, zraR
663 	 rhaR, rhaS, zraR, idnR
664 	 rhaR, rhaS, zraR, araC
665 	 rhaR, rhaS, zraR, melR
666 	 rhaR, rhaS, zraR, melR, araC
667 	 rhaR, rhaS, zraR, melR, idnR
668 	 rhaR, rhaS, zraR, araC, idnR
669 	 rhaR, rhaS, zraR, melR, araC, idnR
670 	 rhaR, rhaS, zraR
671 	 rhaR, rhaS, zraR, fucR
672 	 rhaR, rhaS, zraR, melR
673 	 rhaR, rhaS, zraR, idnR, fucR
674 	 rhaR, rhaS, zraR, araC
675 	 rhaR, rhaS, zraR, araC, fucR
676 	 rhaR, rhaS, zraR, melR, araC
677 	 rhaR, rhaS, zraR, araC, idnR, fucR
678 	 rhaR, rhaS, zraR, idnR
679 	 rhaR, rhaS, zraR, melR, fucR
680 	 rhaR, rhaS, zraR, araC, idnR
681 	 rhaR, rhaS, zraR, melR, araC, fucR
682 	 rhaR, rhaS, zraR, melR, idnR
683 	 rhaR, rhaS, zraR, fucR
684 	 rhaR, rhaS, zraR, melR, araC, idnR
685 	 rhaR, rhaS, zraR, araC, fucR
686 	 rhaR, rhaS, zraR, melR, idnR, fucR
687 	 rhaR, rhaS, zraR, idnR, fucR
688 	 rhaR, rhaS, zraR, melR, fucR
689 	 rhaR, rhaS, zraR, melR, idnR, fucR
690 	 rhaR, rhaS, zraR, melR, araC, idnR, fucR
691 	 rhaR, rhaS, zraR, araC, idnR, fucR
692 	 rhaR, rhaS, zraR, melR, araC, fucR
693 	 rhaR, rhaS, zraR, melR, araC, idnR, fucR
694 	 zraR, melR, idnR, fucR
696 	 zraR, araC, idnR, fucR
698 	 zraR, melR, araC, fucR
700 	 zraR, melR, araC, idnR
702 	 zraR, melR, araC, idnR, fucR
704 	 zraR, melR, idnR
706 	 zraR, araC, idnR
708 	 zraR, idnR, fucR
710 	 zraR, araC, idnR, fucR
712 	 zraR, melR, fucR
714 	 zraR, melR, araC
716 	 zraR, melR, araC, fucR
718 	 zraR, melR, idnR, fucR
720 	 zraR, melR, araC, idnR
722 	 zraR, melR, araC, idnR, fucR
738 	 araC
740 	 fucR
742 	 araC, fucR
744 	 idnR
746 	 araC, idnR
748 	 idnR, fucR
750 	 araC, idnR, fucR
752 	 melR
756 	 araC
758 	 idnR
759 	 melR
760 	 fucR
761 	 melR, fucR
762 	 melR, idnR
763 	 melR, idnR
764 	 melR, araC
765 	 melR, fucR
766 	 melR, araC, fucR
767 	 idnR, fucR
768 	 araC, fucR
769 	 melR, idnR, fucR
770 	 araC, idnR
771 	 melR, araC
772 	 melR, araC, idnR
773 	 melR, araC, idnR
774 	 araC, idnR, fucR
775 	 melR, araC, fucR
776 	 melR, araC, idnR, fucR
777 	 melR, idnR, fucR
778 	 melR, araC, idnR, fucR
781 	 melR
782 	 araC
783 	 idnR
784 	 araC
785 	 melR, idnR
786 	 fucR
787 	 idnR, fucR
788 	 araC, fucR
789 	 melR, fucR
790 	 fucR
791 	 melR, idnR, fucR
792 	 araC, fucR
793 	 melR
794 	 araC, idnR
795 	 melR, fucR
796 	 idnR
797 	 idnR, fucR
798 	 araC, idnR
799 	 melR, idnR
800 	 melR, araC
801 	 melR, araC, fucR
802 	 melR, araC, idnR
803 	 melR, araC
804 	 araC, idnR, fucR
805 	 melR, araC, fucR
806 	 araC, idnR, fucR
807 	 melR, araC, idnR, fucR
808 	 melR, araC, idnR
809 	 melR, idnR, fucR
810 	 melR, araC, idnR, fucR
811 	 zraR
812 	 zraR, fucR
813 	 zraR
814 	 zraR, melR
815 	 zraR, idnR
816 	 zraR, araC
817 	 zraR, melR, idnR
818 	 zraR, araC, fucR
819 	 zraR, idnR
820 	 zraR, melR, araC
821 	 zraR, idnR, fucR
822 	 zraR, araC
823 	 zraR, melR
824 	 zraR, araC, idnR
825 	 zraR, melR, araC
826 	 zraR, melR, fucR
827 	 zraR, fucR
828 	 zraR, melR, idnR
829 	 zraR, araC, idnR
830 	 zraR, idnR, fucR
831 	 zraR, araC, fucR
832 	 zraR, melR, fucR
833 	 zraR, araC, idnR, fucR
834 	 zraR, melR, araC, fucR
835 	 zraR, araC, idnR, fucR
836 	 zraR, melR, araC, idnR
837 	 zraR, melR, idnR, fucR
838 	 zraR, melR, araC, idnR
839 	 zraR, melR, idnR, fucR
840 	 zraR, melR, araC, idnR, fucR
841 	 zraR, melR, araC, fucR
842 	 zraR, melR, araC, idnR, fucR
843 	 zraR
844 	 zraR, araC
845 	 zraR
846 	 zraR, fucR
847 	 zraR, melR
848 	 zraR, idnR
849 	 zraR, araC, fucR
850 	 zraR, melR
851 	 zraR, idnR, fucR
852 	 zraR, melR, araC
853 	 zraR, idnR
854 	 zraR, melR, fucR
855 	 zraR, araC, idnR
856 	 zraR, araC
857 	 zraR, araC, idnR
858 	 zraR, melR, idnR
859 	 zraR, melR, araC
860 	 zraR, fucR
861 	 zraR, melR, araC, idnR
862 	 zraR, araC, fucR
863 	 zraR, melR, idnR
864 	 zraR, araC, idnR, fucR
865 	 zraR, melR, idnR, fucR
866 	 zraR, idnR, fucR
867 	 zraR, melR, fucR
868 	 zraR, melR, araC, fucR
869 	 zraR, melR, idnR, fucR
870 	 zraR, melR, araC, idnR, fucR
871 	 zraR, melR, araC, fucR
872 	 zraR, melR, araC, idnR
873 	 zraR, araC, idnR, fucR
874 	 zraR, melR, araC, idnR, fucR
875 	 rhaR, rhaS
876 	 rhaR, rhaS, araC
877 	 rhaR, rhaS, idnR
878 	 rhaR, rhaS
879 	 rhaR, rhaS, fucR
880 	 rhaR, rhaS, melR
881 	 rhaR, rhaS, melR, idnR
882 	 rhaR, rhaS, melR, araC
883 	 rhaR, rhaS, melR, fucR
884 	 rhaR, rhaS, araC, fucR
885 	 rhaR, rhaS, idnR, fucR
886 	 rhaR, rhaS, araC
887 	 rhaR, rhaS, melR
888 	 rhaR, rhaS, fucR
889 	 rhaR, rhaS, idnR
890 	 rhaR, rhaS, araC, fucR
891 	 rhaR, rhaS, melR, idnR, fucR
892 	 rhaR, rhaS, araC, idnR
893 	 rhaR, rhaS, idnR, fucR
894 	 rhaR, rhaS, araC, idnR
895 	 rhaR, rhaS, melR, idnR
896 	 rhaR, rhaS, melR, araC
897 	 rhaR, rhaS, melR, araC, idnR
898 	 rhaR, rhaS, melR, araC, fucR
899 	 rhaR, rhaS, melR, fucR
900 	 rhaR, rhaS, melR, araC, fucR
901 	 rhaR, rhaS, melR, idnR, fucR
902 	 rhaR, rhaS, araC, idnR, fucR
903 	 rhaR, rhaS, araC, idnR, fucR
904 	 rhaR, rhaS, melR, araC, idnR, fucR
905 	 rhaR, rhaS, melR, araC, idnR
906 	 rhaR, rhaS, melR, araC, idnR, fucR
907 	 rhaR, rhaS, zraR
908 	 rhaR, rhaS
909 	 rhaR, rhaS, zraR, fucR
910 	 rhaR, rhaS
911 	 rhaR, rhaS, zraR, melR
912 	 rhaR, rhaS, idnR
913 	 rhaR, rhaS, zraR, melR, fucR
914 	 rhaR, rhaS, melR
915 	 rhaR, rhaS, zraR, idnR
916 	 rhaR, rhaS, idnR
917 	 rhaR, rhaS, zraR, araC
918 	 rhaR, rhaS, araC
919 	 rhaR, rhaS, zraR, melR, idnR
920 	 rhaR, rhaS, araC, idnR
921 	 rhaR, rhaS, zraR, melR, araC
922 	 rhaR, rhaS, araC
923 	 rhaR, rhaS, zraR, araC, fucR
924 	 rhaR, rhaS, araC, idnR
925 	 rhaR, rhaS, zraR
926 	 rhaR, rhaS, fucR
927 	 rhaR, rhaS, zraR, idnR, fucR
928 	 rhaR, rhaS, fucR
929 	 rhaR, rhaS, zraR, melR, araC, fucR
930 	 rhaR, rhaS, idnR, fucR
931 	 rhaR, rhaS, zraR, araC, idnR
932 	 rhaR, rhaS, melR
933 	 rhaR, rhaS, zraR, melR, idnR, fucR
934 	 rhaR, rhaS, melR, idnR
935 	 rhaR, rhaS, zraR, melR, araC, idnR
936 	 rhaR, rhaS, idnR, fucR
937 	 rhaR, rhaS, zraR, araC, idnR, fucR
938 	 rhaR, rhaS, araC, fucR
939 	 rhaR, rhaS, zraR, melR
940 	 rhaR, rhaS, araC, idnR, fucR
941 	 rhaR, rhaS, zraR, fucR
942 	 rhaR, rhaS, araC, fucR
943 	 rhaR, rhaS, zraR, melR, fucR
944 	 rhaR, rhaS, araC, idnR, fucR
945 	 rhaR, rhaS, zraR, araC
946 	 rhaR, rhaS, melR, idnR
947 	 rhaR, rhaS, zraR, melR, araC, idnR, fucR
948 	 rhaR, rhaS, melR, araC
949 	 rhaR, rhaS, zraR, idnR
950 	 rhaR, rhaS, melR, fucR
951 	 rhaR, rhaS, zraR, araC, idnR
952 	 rhaR, rhaS, melR, idnR, fucR
953 	 rhaR, rhaS, zraR, melR, araC
954 	 rhaR, rhaS, melR, araC, idnR
955 	 rhaR, rhaS, zraR, araC, fucR
956 	 rhaR, rhaS, melR, araC
957 	 rhaR, rhaS, zraR, idnR, fucR
958 	 rhaR, rhaS, melR, araC, idnR
959 	 rhaR, rhaS, zraR, melR, araC, fucR
960 	 rhaR, rhaS, melR, araC, fucR
961 	 rhaR, rhaS, zraR, melR, idnR
962 	 rhaR, rhaS, melR, araC, idnR, fucR
963 	 rhaR, rhaS, zraR, melR, araC, idnR
964 	 rhaR, rhaS, melR, fucR
965 	 rhaR, rhaS, zraR, araC, idnR, fucR
966 	 rhaR, rhaS, melR, idnR, fucR
967 	 rhaR, rhaS, zraR, melR, idnR, fucR
968 	 rhaR, rhaS, melR, araC, fucR
969 	 rhaR, rhaS, zraR, melR, araC, idnR, fucR
970 	 rhaR, rhaS, melR, araC, idnR, fucR
971 	 rhaR, rhaS, zraR
972 	 rhaR, rhaS, zraR
973 	 rhaR, rhaS, zraR, melR
974 	 rhaR, rhaS, zraR, idnR
975 	 rhaR, rhaS, zraR, fucR
976 	 rhaR, rhaS, zraR, idnR
977 	 rhaR, rhaS, zraR, melR, fucR
978 	 rhaR, rhaS, zraR, araC
979 	 rhaR, rhaS, zraR, araC, fucR
980 	 rhaR, rhaS, zraR, araC, idnR
981 	 rhaR, rhaS, zraR, melR, araC
982 	 rhaR, rhaS, zraR, araC
983 	 rhaR, rhaS, zraR, melR, araC, fucR
984 	 rhaR, rhaS, zraR, melR, idnR
985 	 rhaR, rhaS, zraR, melR
986 	 rhaR, rhaS, zraR, araC, idnR
987 	 rhaR, rhaS, zraR, fucR
988 	 rhaR, rhaS, zraR, araC, fucR
989 	 rhaR, rhaS, zraR, idnR, fucR
990 	 rhaR, rhaS, zraR, araC, idnR, fucR
991 	 rhaR, rhaS, zraR, melR, fucR
992 	 rhaR, rhaS, zraR, idnR, fucR
993 	 rhaR, rhaS, zraR, melR, araC
994 	 rhaR, rhaS, zraR, melR, idnR
995 	 rhaR, rhaS, zraR, melR, idnR, fucR
996 	 rhaR, rhaS, zraR, melR, araC, idnR
997 	 rhaR, rhaS, zraR, melR, araC, fucR
998 	 rhaR, rhaS, zraR, melR, araC, idnR
999 	 rhaR, rhaS, zraR, melR, araC, idnR, fucR
1000 	 rhaR, rhaS, zraR, melR, idnR, fucR
1001 	 rhaR, rhaS, zraR, araC, idnR, fucR
1002 	 rhaR, rhaS, zraR, melR, araC, idnR, fucR
1003 	 rhaR, rhaS
1004 	 rhaR, rhaS, araC
1005 	 rhaR, rhaS, idnR
1006 	 rhaR, rhaS, araC, idnR
1007 	 rhaR, rhaS
1008 	 rhaR, rhaS, melR
1009 	 rhaR, rhaS, idnR
1010 	 rhaR, rhaS, melR, araC
1011 	 rhaR, rhaS, araC
1012 	 rhaR, rhaS, melR, idnR
1013 	 rhaR, rhaS, araC, idnR
1014 	 rhaR, rhaS, fucR
1015 	 rhaR, rhaS, melR, araC, idnR
1016 	 rhaR, rhaS, idnR, fucR
1017 	 rhaR, rhaS, melR
1018 	 rhaR, rhaS, araC, fucR
1019 	 rhaR, rhaS, melR, araC
1020 	 rhaR, rhaS, melR, fucR
1021 	 rhaR, rhaS, melR, idnR
1022 	 rhaR, rhaS, fucR
1023 	 rhaR, rhaS, araC, idnR, fucR
1024 	 rhaR, rhaS, araC, fucR
1025 	 rhaR, rhaS, melR, idnR, fucR
1026 	 rhaR, rhaS, melR, araC, idnR
1027 	 rhaR, rhaS, melR, fucR
1028 	 rhaR, rhaS, idnR, fucR
1029 	 rhaR, rhaS, melR, araC, fucR
1030 	 rhaR, rhaS, araC, idnR, fucR
1031 	 rhaR, rhaS, melR, araC, fucR
1032 	 rhaR, rhaS, melR, idnR, fucR
1033 	 rhaR, rhaS, melR, araC, idnR, fucR
1034 	 rhaR, rhaS, melR, araC, idnR, fucR
1035 	 rhaR, rhaS, zraR
1036 	 rhaR, rhaS
1037 	 rhaR, rhaS, zraR
1038 	 rhaR, rhaS, araC
1039 	 rhaR, rhaS, zraR, fucR
1040 	 rhaR, rhaS
1041 	 rhaR, rhaS, zraR, melR
1042 	 rhaR, rhaS, fucR
1043 	 rhaR, rhaS, zraR, idnR
1044 	 rhaR, rhaS, melR
1045 	 rhaR, rhaS, zraR, araC
1046 	 rhaR, rhaS, idnR
1047 	 rhaR, rhaS, zraR, araC
1048 	 rhaR, rhaS, araC
1050 	 rhaR, rhaS, melR
1052 	 rhaR, rhaS, melR, araC
1054 	 rhaR, rhaS, melR, araC
1056 	 rhaR, rhaS, araC, fucR
1058 	 rhaR, rhaS, melR, fucR
1060 	 rhaR, rhaS, fucR
1062 	 rhaR, rhaS, melR, fucR
1064 	 rhaR, rhaS, melR, araC, fucR
1066 	 rhaR, rhaS, araC, fucR
1068 	 rhaR, rhaS, araC, idnR
1070 	 rhaR, rhaS, melR, idnR
1072 	 rhaR, rhaS, melR, araC, idnR
1074 	 rhaR, rhaS, idnR, fucR
1076 	 rhaR, rhaS, melR, idnR, fucR
1078 	 rhaR, rhaS, araC, idnR, fucR
1080 	 rhaR, rhaS, melR, araC, fucR
1082 	 rhaR, rhaS, idnR
1084 	 rhaR, rhaS, melR, idnR
1086 	 rhaR, rhaS, araC, idnR
1088 	 rhaR, rhaS, melR, araC, idnR
1090 	 rhaR, rhaS, idnR, fucR
1092 	 rhaR, rhaS, melR, idnR, fucR
1094 	 rhaR, rhaS, zraR, melR
1096 	 rhaR, rhaS, zraR, araC, idnR
1098 	 rhaR, rhaS, zraR, araC, fucR
1100 	 rhaR, rhaS, zraR, melR, fucR
1102 	 rhaR, rhaS, zraR, idnR, fucR
1104 	 rhaR, rhaS, zraR, araC, idnR, fucR
1106 	 rhaR, rhaS, zraR, melR, araC
1108 	 rhaR, rhaS, zraR, melR, araC, fucR
1110 	 rhaR, rhaS, zraR, melR, idnR
1112 	 rhaR, rhaS, zraR, melR, araC, idnR
1114 	 rhaR, rhaS, zraR, melR, idnR, fucR
1116 	 rhaR, rhaS, zraR, melR, araC, idnR, fucR
1118 	 rhaR, rhaS, zraR
1120 	 rhaR, rhaS, zraR, idnR
1122 	 rhaR, rhaS, zraR, araC
1124 	 rhaR, rhaS, zraR, melR
1126 	 rhaR, rhaS, zraR, araC, idnR
1128 	 rhaR, rhaS, zraR, fucR
1130 	 rhaR, rhaS, zraR, araC, fucR
1132 	 rhaR, rhaS, zraR, melR, araC
1134 	 rhaR, rhaS, zraR, idnR, fucR
1136 	 rhaR, rhaS, zraR, araC, idnR, fucR
1138 	 rhaR, rhaS, zraR, melR, idnR
1140 	 rhaR, rhaS, zraR, melR, fucR
1142 	 rhaR, rhaS, zraR, melR, araC, fucR
1144 	 rhaR, rhaS, zraR, fucR
1146 	 rhaR, rhaS, zraR, araC, fucR
1148 	 rhaR, rhaS, zraR, melR, araC
1150 	 rhaR, rhaS, zraR, idnR
1152 	 rhaR, rhaS, zraR, melR, idnR, fucR
1154 	 rhaR, rhaS, zraR, melR, araC, idnR
1156 	 rhaR, rhaS, melR, araC, idnR, fucR
1157 	 rhaR, rhaS, zraR, melR, araC, idnR, fucR
1158 	 rhaR, rhaS, araC, idnR, fucR
1159 	 rhaR, rhaS, zraR, melR, idnR
1160 	 rhaR, rhaS, zraR, araC, idnR
1161 	 rhaR, rhaS, zraR, melR, fucR
1162 	 rhaR, rhaS, zraR
1163 	 rhaR, rhaS, zraR, melR, araC, fucR
1164 	 rhaR, rhaS, zraR, idnR
1165 	 rhaR, rhaS, zraR, melR
1166 	 rhaR, rhaS, zraR, idnR, fucR
1167 	 rhaR, rhaS, zraR, melR, idnR
1168 	 rhaR, rhaS, zraR, melR, araC, idnR
1169 	 rhaR, rhaS, zraR, fucR
1170 	 rhaR, rhaS, zraR, melR, idnR, fucR
1171 	 rhaR, rhaS, zraR, araC
1172 	 rhaR, rhaS, zraR, melR, fucR
1173 	 rhaR, rhaS, zraR, araC, idnR
1174 	 rhaR, rhaS, zraR, araC, fucR
1175 	 rhaR, rhaS, zraR, melR, araC
1176 	 rhaR, rhaS, zraR, idnR, fucR
1177 	 rhaR, rhaS, melR, araC, idnR, fucR
1178 	 rhaR, rhaS, zraR, melR, idnR, fucR
1179 	 rhaR, rhaS, zraR, melR, araC, idnR
1180 	 rhaR, rhaS, zraR, melR, araC, fucR
1181 	 rhaR, rhaS, zraR, araC, idnR, fucR
1182 	 rhaR, rhaS, zraR, araC, idnR, fucR
1183 	 rhaR, rhaS, zraR, melR, araC, idnR, fucR
1184 	 rhaR, rhaS, zraR, melR, araC, idnR, fucR
