339 	 zraR, nhaR, galR, galS
450 	 zraR, nhaR, galR, galS
776 	 zraR, nhaR
820 	 zraR, fucR, nhaR, galR, galS
1182 	 zraR, idnR, nhaR, galR, galS
1337 	 zraR, nhaR
1604 	 zraR, nhaR, galR, galS
1739 	 zraR, fucR, nhaR, galR, galS
1831 	 zraR, idnR, nhaR, galR, galS
1978 	 zraR, idnR, nhaR
2236 	 zraR, idnR, nhaR
2346 	 zraR, idnR, galR, galS
2693 	 zraR, fucR, nhaR
2694 	 zraR, nhaR
2718 	 zraR, nhaR
2720 	 zraR, idnR, nhaR
2721 	 zraR, fucR, galR, galS
2722 	 zraR, nhaR, galR, galS
2724 	 zraR, idnR, nhaR, galR, galS
2725 	 zraR, idnR, fucR, nhaR, galR, galS
2726 	 zraR, nhaR
2727 	 zraR, idnR, fucR, galR, galS
2728 	 zraR, nhaR
2729 	 zraR, fucR, nhaR
2730 	 zraR, idnR, nhaR
2731 	 zraR, fucR, nhaR, galR, galS
2732 	 zraR, idnR, nhaR
2733 	 zraR, fucR, galR, galS
2735 	 zraR, nhaR
2736 	 zraR, idnR, fucR, nhaR
2738 	 zraR, fucR, nhaR
2739 	 zraR, fucR
2740 	 zraR, nhaR
2741 	 zraR, fucR, nhaR
2742 	 zraR, fucR, nhaR
2743 	 zraR, idnR
2744 	 zraR, idnR, fucR, nhaR
2745 	 zraR, idnR, fucR
2746 	 zraR, idnR, nhaR
2747 	 zraR, fucR
2748 	 zraR, idnR, fucR, nhaR, galR, galS
2750 	 zraR, idnR, fucR, nhaR
2752 	 zraR, idnR, fucR, nhaR
2753 	 zraR, fucR, galR, galS
2754 	 zraR, idnR, nhaR, galR, galS
2755 	 zraR, fucR
2756 	 zraR, idnR, nhaR
2757 	 zraR, idnR, galR, galS
2759 	 zraR, idnR, fucR, nhaR, galR, galS
2760 	 zraR, fucR, nhaR
2761 	 zraR, nhaR, galR, galS
2762 	 zraR, idnR
2764 	 zraR, fucR
2766 	 zraR, idnR, fucR
2767 	 zraR, fucR
2768 	 zraR, idnR, fucR, nhaR
2769 	 zraR, idnR, galR, galS
2770 	 zraR, idnR
2771 	 zraR, fucR, nhaR, galR, galS
2772 	 zraR, fucR, nhaR
2773 	 zraR, fucR
2774 	 zraR, idnR, fucR, nhaR
2775 	 zraR, idnR
2776 	 zraR, idnR
2777 	 zraR, idnR, fucR, nhaR, galR, galS
2778 	 zraR, fucR, galR, galS
2779 	 zraR, idnR, nhaR
2780 	 zraR, idnR
2781 	 zraR, idnR, fucR, galR, galS
2782 	 zraR, idnR, fucR
2783 	 zraR, idnR, fucR, galR, galS
2784 	 zraR, idnR, galR, galS
2785 	 zraR, idnR, fucR, nhaR
2786 	 zraR, fucR, nhaR
2787 	 zraR, idnR, fucR, galR, galS
2788 	 zraR, fucR
2789 	 zraR, idnR, fucR, nhaR
2790 	 zraR, idnR
2791 	 zraR, idnR, fucR
2792 	 zraR, idnR, fucR
2793 	 zraR, idnR, fucR
2794 	 zraR, idnR
2795 	 zraR, fucR
2796 	 zraR, idnR, fucR
2798 	 zraR, nhaR
2799 	 zraR, idnR, fucR
2800 	 zraR, nhaR, galR, galS
2801 	 zraR, nhaR
2802 	 zraR, fucR, nhaR, galR, galS
2803 	 zraR, nhaR
2804 	 zraR, fucR, nhaR, galR, galS
2805 	 zraR, nhaR
2806 	 zraR, fucR, nhaR
2807 	 zraR, fucR, nhaR
2808 	 zraR, fucR, nhaR
2809 	 zraR, fucR, nhaR
2813 	 zraR, fucR, galR, galS
2814 	 zraR, fucR
2816 	 zraR, fucR
2818 	 zraR, fucR, galR, galS
2819 	 zraR, fucR
2820 	 zraR, fucR
2821 	 zraR, nhaR, galR, galS
2822 	 zraR, nhaR
2823 	 zraR, fucR, nhaR, galR, galS
2824 	 zraR, fucR, nhaR
2826 	 zraR, nhaR, galR, galS
2827 	 zraR, idnR, nhaR, galR, galS
2828 	 zraR, fucR, nhaR, galR, galS
2829 	 zraR, fucR, galR, galS
2830 	 zraR, nhaR
2831 	 zraR, nhaR
2832 	 zraR, fucR, nhaR
2833 	 zraR, fucR, nhaR
2835 	 zraR, nhaR
2836 	 zraR, fucR
2840 	 zraR, fucR, nhaR
2841 	 zraR, fucR
2843 	 zraR, fucR, galR, galS
2844 	 zraR, fucR
2845 	 zraR, fucR
2846 	 zraR, idnR, nhaR, galR, galS
2847 	 zraR, idnR, galR, galS
2848 	 zraR, idnR, galR, galS
2849 	 zraR, idnR, nhaR
2850 	 zraR, idnR, nhaR
2851 	 zraR, idnR, nhaR
2852 	 zraR, idnR
2853 	 zraR, idnR
2854 	 zraR, idnR, nhaR
2855 	 zraR, idnR
2856 	 zraR, idnR, fucR, nhaR, galR, galS
2857 	 zraR, idnR, fucR, nhaR
2858 	 zraR, idnR
2859 	 zraR, idnR, fucR, nhaR
2860 	 zraR, idnR, fucR, nhaR, galR, galS
2861 	 zraR, idnR, fucR, galR, galS
2862 	 zraR, idnR, fucR, nhaR
2863 	 zraR, idnR, fucR
2864 	 zraR, idnR, fucR, nhaR
2865 	 zraR, idnR, fucR
2866 	 zraR, idnR, fucR, galR, galS
2867 	 zraR, idnR, fucR
2868 	 zraR, idnR, fucR
2869 	 zraR, idnR, nhaR, galR, galS
2870 	 zraR, idnR, galR, galS
2871 	 zraR, idnR, nhaR, galR, galS
2872 	 zraR, idnR, fucR, nhaR, galR, galS
2873 	 zraR, idnR, galR, galS
2874 	 zraR, idnR, fucR, nhaR, galR, galS
2875 	 zraR, idnR, fucR, galR, galS
2876 	 zraR, idnR, nhaR
2877 	 zraR, idnR, nhaR
2878 	 zraR, idnR, nhaR
2879 	 zraR, idnR
2880 	 zraR, idnR, fucR, nhaR
2881 	 zraR, idnR, fucR, nhaR
2882 	 zraR, idnR
2883 	 zraR, idnR, fucR
2884 	 zraR, idnR
2885 	 zraR, idnR, fucR
2886 	 zraR, idnR, nhaR
2887 	 zraR, idnR, fucR, galR, galS
2888 	 zraR, idnR, fucR, nhaR
2889 	 zraR, idnR, fucR, nhaR
2890 	 zraR, idnR
2891 	 zraR, idnR, fucR
2892 	 zraR, idnR, fucR
2897 	 zraR, nhaR, galR, galS
2898 	 zraR, nhaR
2899 	 zraR, fucR, nhaR, galR, galS
2900 	 zraR, nhaR
2901 	 zraR, nhaR, galR, galS
2902 	 zraR, fucR, nhaR
2903 	 zraR, nhaR
2904 	 zraR, fucR, nhaR
2905 	 zraR, nhaR
2906 	 zraR, fucR, galR, galS
2907 	 zraR, fucR, nhaR, galR, galS
2909 	 zraR, fucR, nhaR
2911 	 zraR, fucR, nhaR
2914 	 zraR, fucR
2915 	 zraR, fucR, galR, galS
2916 	 zraR, fucR
2918 	 zraR, fucR
2919 	 zraR, fucR
2920 	 zraR, nhaR, galR, galS
2921 	 zraR, nhaR, galR, galS
2922 	 zraR, nhaR
2923 	 zraR, fucR, nhaR, galR, galS
2924 	 zraR, nhaR
2925 	 zraR, fucR, nhaR, galR, galS
2926 	 zraR, fucR, nhaR
2928 	 zraR, nhaR
2929 	 zraR, fucR, galR, galS
2930 	 zraR, fucR, nhaR
2933 	 zraR, fucR, nhaR
2934 	 zraR, nhaR
2935 	 zraR, fucR
2938 	 zraR, fucR
2940 	 zraR, fucR, galR, galS
2941 	 zraR, fucR, nhaR
2942 	 zraR, fucR
2943 	 zraR, fucR
2944 	 zraR, nhaR, galR, galS
2945 	 zraR, idnR, nhaR, galR, galS
2946 	 zraR, fucR, nhaR, galR, galS
2947 	 zraR, idnR, nhaR
2948 	 zraR, nhaR
2949 	 zraR, idnR, fucR, nhaR, galR, galS
2950 	 zraR, nhaR
2951 	 zraR, idnR, nhaR
2952 	 zraR, fucR, nhaR
2953 	 zraR, idnR, fucR, nhaR
2955 	 zraR, idnR, nhaR, galR, galS
2956 	 zraR, fucR, nhaR
2957 	 zraR, idnR, galR, galS
2958 	 zraR, nhaR, galR, galS
2959 	 zraR, idnR, fucR, galR, galS
2960 	 zraR, fucR, nhaR, galR, galS
2961 	 zraR, idnR
2962 	 zraR, nhaR
2963 	 zraR, idnR, fucR
2964 	 zraR, fucR, nhaR
2965 	 zraR, idnR, galR, galS
2966 	 zraR, fucR, galR, galS
2967 	 zraR, idnR, fucR, nhaR, galR, galS
2969 	 zraR, idnR, fucR, galR, galS
2971 	 zraR, idnR, nhaR
2972 	 zraR, fucR
2973 	 zraR, idnR, fucR, nhaR
2975 	 zraR, idnR
2976 	 zraR, nhaR
2977 	 zraR, idnR
2978 	 zraR, fucR, galR, galS
2979 	 zraR, idnR, fucR, nhaR
2980 	 zraR, fucR, nhaR
2981 	 zraR, idnR, fucR
2983 	 zraR, idnR, nhaR
2984 	 zraR, fucR
2985 	 zraR, idnR, fucR, nhaR
2987 	 zraR, idnR
2988 	 zraR, fucR
2989 	 zraR, idnR, fucR
2990 	 zraR, fucR
2991 	 zraR, idnR, fucR
2992 	 zraR, nhaR, galR, galS
2993 	 zraR, idnR, nhaR, galR, galS
2994 	 zraR, nhaR
2995 	 zraR, idnR, nhaR
2996 	 zraR, fucR, nhaR, galR, galS
2997 	 zraR, idnR, nhaR
2998 	 zraR, fucR, nhaR
2999 	 zraR, idnR, fucR, nhaR, galR, galS
3001 	 zraR, idnR, fucR, nhaR
3003 	 zraR, idnR, nhaR, galR, galS
3004 	 zraR, nhaR
3005 	 zraR, idnR, fucR, nhaR, galR, galS
3006 	 zraR, nhaR, galR, galS
3007 	 zraR, idnR, fucR, nhaR
3008 	 zraR, nhaR
3009 	 zraR, idnR, nhaR
3010 	 zraR, fucR, nhaR
3011 	 zraR, idnR, galR, galS
3012 	 zraR, fucR, nhaR, galR, galS
3013 	 zraR, idnR
3015 	 zraR, idnR, fucR, galR, galS
3016 	 zraR, nhaR
3017 	 zraR, idnR
3019 	 zraR, idnR, galR, galS
3021 	 zraR, idnR, fucR, galR, galS
3023 	 zraR, idnR, fucR
3025 	 zraR, idnR
3026 	 zraR, fucR, nhaR
3027 	 zraR, idnR, fucR, nhaR
3028 	 zraR, fucR, galR, galS
3029 	 zraR, idnR, nhaR
3030 	 zraR, fucR, galR, galS
3031 	 zraR, idnR, fucR
3032 	 zraR, fucR
3033 	 zraR, idnR, fucR
3034 	 zraR, fucR
3035 	 zraR, idnR, fucR, nhaR
3036 	 zraR, fucR, nhaR
3037 	 zraR, idnR
3038 	 zraR, fucR
3039 	 zraR, idnR, fucR
3040 	 zraR, fucR
3041 	 zraR, idnR, nhaR, galR, galS
3042 	 zraR, idnR, fucR, nhaR, galR, galS
3043 	 zraR, idnR, galR, galS
3044 	 zraR, idnR, fucR, galR, galS
3045 	 zraR, idnR, nhaR
3046 	 zraR, idnR, nhaR, galR, galS
3047 	 zraR, idnR
3048 	 zraR, idnR, fucR, nhaR, galR, galS
3049 	 zraR, idnR, fucR, nhaR
3050 	 zraR, idnR, galR, galS
3052 	 zraR, idnR, fucR
3053 	 zraR, idnR, nhaR
3054 	 zraR, idnR, nhaR
3055 	 zraR, idnR, fucR, nhaR
3056 	 zraR, idnR, fucR, nhaR
3057 	 zraR, idnR, nhaR
3058 	 zraR, idnR
3059 	 zraR, idnR, fucR, nhaR
3060 	 zraR, idnR
3061 	 zraR, idnR, fucR, galR, galS
3062 	 zraR, idnR, fucR
3063 	 zraR, idnR, fucR
3064 	 zraR, idnR
3065 	 zraR, idnR, fucR
3066 	 zraR, idnR, nhaR, galR, galS
3067 	 zraR, idnR, galR, galS
3068 	 zraR, idnR, nhaR, galR, galS
3069 	 zraR, idnR, nhaR
3070 	 zraR, idnR, galR, galS
3071 	 zraR, idnR, nhaR
3072 	 zraR, idnR
3073 	 zraR, idnR, nhaR
3074 	 zraR, idnR, fucR, nhaR, galR, galS
3075 	 zraR, idnR, nhaR
3076 	 zraR, idnR, fucR, galR, galS
3077 	 zraR, idnR, fucR, nhaR
3078 	 zraR, idnR, fucR, nhaR
3079 	 zraR, idnR
3080 	 zraR, idnR, fucR
3081 	 zraR, idnR
3082 	 zraR, idnR, fucR, nhaR, galR, galS
3083 	 zraR, idnR, fucR, nhaR
3084 	 zraR, idnR, fucR, galR, galS
3085 	 zraR, idnR, fucR, nhaR
3086 	 zraR, idnR, fucR
3087 	 zraR, idnR
3088 	 zraR, idnR, fucR
3089 	 zraR, idnR, fucR
