2 	 zraR, araC
4 	 zraR, fucR
5 	 zraR
10 	 zraR, araC
11 	 zraR
13 	 zraR, rhaR, rhaS
14 	 zraR, fucR
15 	 zraR, melR
16 	 zraR, fucR
17 	 zraR
18 	 zraR, fucR
20 	 zraR, xylR
21 	 zraR, araC
23 	 zraR, araC
24 	 zraR
25 	 zraR, araC
26 	 zraR, fucR
27 	 zraR, xylR
28 	 zraR, melR
29 	 zraR, idnR
30 	 zraR, melR
31 	 zraR
32 	 zraR, melR
33 	 zraR, araC, fucR
34 	 zraR, xylR
35 	 zraR, idnR
36 	 zraR, xylR
37 	 zraR
38 	 zraR, idnR
39 	 zraR, araC
40 	 zraR, melR
41 	 zraR, idnR
42 	 zraR, araC
43 	 zraR, melR, idnR
44 	 zraR, araC, fucR
46 	 zraR, melR, idnR
47 	 zraR, araC, fucR
48 	 zraR, idnR
49 	 zraR, melR
50 	 zraR, idnR, xylR
51 	 zraR, araC
52 	 zraR, xylR
53 	 zraR, melR, idnR
54 	 zraR, fucR, xylR
55 	 zraR, idnR
56 	 zraR, melR
57 	 zraR, araC, fucR
58 	 zraR, idnR
59 	 zraR, araC
60 	 zraR, melR, fucR
61 	 zraR, xylR
62 	 zraR, fucR
63 	 zraR, idnR
64 	 zraR, melR, fucR
66 	 zraR, melR, xylR
67 	 zraR, melR, fucR
68 	 zraR, idnR, xylR
70 	 zraR, idnR
71 	 zraR, idnR, xylR
72 	 zraR, melR, idnR
73 	 zraR, idnR, fucR
74 	 zraR, idnR
75 	 zraR, idnR, xylR
76 	 zraR, idnR
77 	 zraR, idnR
78 	 zraR, araC, idnR
79 	 zraR, idnR, fucR
80 	 zraR, araC, idnR
82 	 zraR, idnR, fucR
83 	 zraR, araC, idnR
84 	 zraR, idnR, fucR
85 	 zraR, melR
86 	 zraR, melR
87 	 zraR
88 	 zraR, melR
89 	 zraR, melR, idnR
90 	 zraR, xylR
91 	 zraR, xylR
92 	 zraR, fucR
93 	 zraR, melR, idnR
94 	 zraR
95 	 zraR, xylR
96 	 zraR, araC, idnR
97 	 zraR, fucR
98 	 zraR, araC, idnR
99 	 zraR, idnR
100 	 zraR, melR, idnR
101 	 zraR, fucR
102 	 zraR, araC, idnR
103 	 zraR, fucR
104 	 zraR, idnR
105 	 zraR, idnR, xylR
106 	 zraR, araC, idnR
107 	 zraR, idnR, fucR
108 	 zraR, araC, idnR
109 	 zraR, idnR
110 	 zraR, melR, idnR
111 	 zraR, idnR, fucR
112 	 zraR, idnR, xylR
113 	 zraR, idnR, fucR
114 	 zraR, idnR
115 	 zraR, idnR, xylR
116 	 zraR, araC
117 	 zraR, idnR, xylR
118 	 zraR, araC
119 	 zraR, idnR, fucR
120 	 zraR, araC, idnR, fucR
121 	 zraR, melR, araC
122 	 zraR, araC, idnR, fucR
123 	 zraR, araC, fucR
124 	 zraR, araC
125 	 zraR, araC, idnR, fucR
126 	 zraR, araC, idnR, fucR
127 	 zraR, melR, araC
128 	 zraR, melR, araC
129 	 zraR, araC, idnR
130 	 zraR, melR, araC
131 	 zraR, melR, araC, idnR
132 	 zraR, araC, fucR
133 	 zraR, araC, fucR
134 	 zraR, araC, idnR
135 	 zraR, araC, fucR
136 	 zraR, araC, idnR, fucR
137 	 zraR, melR, araC, idnR
138 	 zraR, melR, araC, idnR
139 	 zraR, araC, idnR
140 	 zraR, melR, araC, idnR
141 	 zraR, melR, araC
142 	 zraR, araC, idnR, fucR
143 	 zraR, araC, idnR, fucR
144 	 zraR, araC, idnR
145 	 zraR, araC, idnR, fucR
146 	 zraR, fucR, xylR
147 	 zraR, melR, araC
148 	 zraR, melR, araC
149 	 zraR, araC
150 	 zraR, melR, araC
151 	 zraR, fucR, xylR
152 	 zraR, melR, araC, idnR
153 	 zraR, melR, araC, idnR
154 	 zraR, araC
155 	 zraR, melR, araC, idnR
156 	 zraR, fucR, xylR
157 	 zraR, melR, araC, idnR
158 	 zraR, melR, xylR
159 	 zraR, araC
160 	 zraR, melR, fucR
161 	 zraR, idnR, fucR, xylR
162 	 zraR, araC
163 	 zraR, melR, idnR, fucR
164 	 zraR, araC, idnR
165 	 zraR, idnR, fucR, xylR
166 	 zraR, melR, xylR
167 	 zraR, araC, idnR
168 	 zraR, idnR, fucR, xylR
169 	 zraR, araC, idnR
170 	 zraR, melR, xylR
171 	 zraR, melR, idnR, fucR
172 	 zraR, araC, idnR
173 	 zraR, melR, idnR, xylR
175 	 zraR, melR, idnR, fucR
176 	 zraR, idnR, fucR, xylR
177 	 zraR, melR
178 	 zraR, melR, idnR, fucR
180 	 zraR, fucR, xylR
181 	 zraR, melR, idnR, xylR
182 	 zraR, fucR
183 	 zraR, fucR, xylR
185 	 zraR, melR, idnR, xylR
186 	 zraR, melR, fucR
187 	 zraR, xylR
188 	 zraR, melR, idnR, xylR
189 	 zraR, xylR
190 	 zraR, melR, fucR
191 	 zraR, fucR, xylR
192 	 zraR, melR
193 	 zraR, fucR
194 	 zraR, melR, xylR
195 	 zraR, xylR
196 	 zraR, melR, fucR
197 	 zraR, fucR, xylR
198 	 zraR, melR, idnR
199 	 zraR, idnR, fucR
200 	 zraR, melR, xylR
201 	 zraR, idnR, xylR
202 	 zraR, melR, fucR
203 	 zraR, idnR, fucR, xylR
204 	 zraR, melR, idnR
205 	 zraR, idnR, fucR
206 	 zraR, melR, xylR
207 	 zraR, idnR, xylR
208 	 zraR, melR, idnR, fucR
209 	 zraR, idnR, fucR, xylR
210 	 zraR, melR, idnR
211 	 zraR, idnR, fucR
212 	 zraR, melR, xylR
213 	 zraR, idnR, xylR
214 	 zraR, melR, idnR, fucR
215 	 zraR, idnR, fucR, xylR
216 	 zraR, melR, idnR
217 	 zraR, idnR, fucR
218 	 zraR, melR, idnR, xylR
219 	 zraR, idnR, xylR
220 	 zraR, melR, idnR, fucR
221 	 zraR, idnR, fucR, xylR
222 	 zraR, melR
223 	 zraR, fucR
224 	 zraR, melR, idnR, xylR
225 	 zraR, xylR
226 	 zraR, melR, idnR, fucR
227 	 zraR, xylR
228 	 zraR, melR
229 	 zraR, xylR
230 	 zraR, melR, idnR, xylR
231 	 zraR, fucR
232 	 zraR, melR, araC, fucR
233 	 zraR, melR
234 	 zraR, melR, idnR, xylR
235 	 zraR, xylR
236 	 zraR, melR, araC, fucR
237 	 zraR, fucR
238 	 zraR, melR
239 	 zraR, fucR
240 	 zraR, melR, idnR
241 	 zraR, idnR, fucR
242 	 zraR, melR, idnR
243 	 zraR, idnR, fucR
244 	 zraR, melR, idnR
245 	 zraR, idnR, fucR
246 	 zraR, melR, idnR
247 	 zraR, idnR, fucR
248 	 zraR, melR, araC
249 	 zraR, araC, fucR
250 	 zraR, melR, araC
251 	 zraR, araC, fucR
252 	 zraR, melR, araC
253 	 zraR, araC, fucR
254 	 zraR, melR, araC
255 	 zraR, araC, fucR
256 	 zraR, melR, araC, idnR
257 	 zraR, araC, idnR, fucR
258 	 zraR, melR, araC, fucR
259 	 zraR, idnR, xylR
260 	 zraR, melR, araC, fucR
261 	 zraR, melR, araC, idnR
262 	 zraR, araC, idnR, fucR
263 	 zraR, melR, araC, idnR, fucR
264 	 zraR, idnR, xylR
265 	 zraR, idnR, xylR
266 	 zraR, melR, araC, idnR
267 	 zraR, melR, araC, idnR, fucR
268 	 zraR, melR, araC, idnR
269 	 zraR, melR, araC, idnR, fucR
270 	 zraR, melR, araC
271 	 zraR, melR, araC, idnR, fucR
272 	 zraR, melR, araC
273 	 zraR, melR, araC, fucR
274 	 zraR, melR, araC
275 	 zraR, melR, araC, fucR
276 	 zraR, melR, araC
277 	 zraR, melR, araC, fucR
278 	 zraR, melR, araC, idnR
279 	 zraR, melR, araC, fucR
280 	 zraR, melR, araC, idnR
281 	 zraR, melR, araC, idnR, fucR
282 	 zraR, melR, araC, idnR
283 	 zraR, melR, araC, idnR, fucR
284 	 zraR, melR, araC, idnR
285 	 zraR, melR, araC, idnR, fucR
286 	 zraR, melR, araC, idnR, fucR
287 	 zraR, melR, fucR, xylR
288 	 zraR, araC, idnR, fucR
289 	 zraR, idnR, xylR
290 	 zraR, araC, idnR, fucR
291 	 zraR, melR, xylR
292 	 zraR, araC, fucR
293 	 zraR, araC, fucR
294 	 zraR, araC, fucR
295 	 zraR, araC, fucR
296 	 zraR, araC, idnR, fucR
297 	 zraR, araC, idnR, fucR
298 	 zraR, araC, idnR, fucR
299 	 zraR, araC, idnR, fucR
300 	 zraR, fucR, xylR
301 	 zraR, melR, fucR
302 	 zraR, melR, xylR
303 	 zraR, fucR, xylR
304 	 zraR, melR, xylR
305 	 zraR, fucR, xylR
306 	 zraR, melR, xylR
307 	 zraR, fucR, xylR
308 	 zraR, melR, idnR, xylR
309 	 zraR, idnR, fucR, xylR
310 	 zraR, melR, idnR, xylR
311 	 zraR, idnR, fucR, xylR
312 	 zraR, melR, idnR, xylR
313 	 zraR, idnR, fucR, xylR
314 	 zraR, melR, idnR, xylR
315 	 zraR, idnR, fucR, xylR
316 	 zraR, melR, xylR
317 	 zraR, fucR, xylR
318 	 zraR, melR, xylR
319 	 zraR, fucR, xylR
320 	 zraR, melR, xylR
321 	 zraR, fucR, xylR
322 	 zraR, melR, xylR
323 	 zraR, fucR, xylR
324 	 zraR, melR, idnR, xylR
325 	 zraR, idnR, fucR, xylR
326 	 zraR, melR, idnR, xylR
327 	 zraR, idnR, fucR, xylR
328 	 zraR, melR, idnR, xylR
329 	 zraR, idnR, fucR, xylR
330 	 zraR, melR, idnR, xylR
331 	 zraR, idnR, fucR, xylR
332 	 zraR, melR, fucR
333 	 zraR, melR, fucR
334 	 zraR, melR, fucR
335 	 zraR, melR, idnR, fucR
336 	 zraR, melR, idnR, fucR
337 	 zraR, melR, idnR, fucR
338 	 zraR, melR, idnR, fucR
339 	 zraR, melR, fucR
340 	 zraR, melR, fucR
341 	 zraR, melR, fucR
342 	 zraR, melR, fucR
343 	 zraR, melR, idnR, fucR
344 	 zraR, melR, idnR, fucR
345 	 zraR, melR, idnR, fucR
346 	 zraR, melR, idnR, fucR
347 	 zraR, melR, araC, fucR
348 	 zraR, melR, araC, fucR
349 	 zraR, melR, araC, fucR
350 	 zraR, melR, araC, fucR
351 	 zraR, melR, araC, idnR, fucR
352 	 zraR, melR, araC, idnR, fucR
353 	 zraR, melR, araC, idnR, fucR
354 	 zraR, melR, araC, idnR, fucR
355 	 zraR, melR, araC, fucR
356 	 zraR, melR, araC, fucR
357 	 zraR, melR, araC, fucR
358 	 zraR, melR, araC, fucR
359 	 zraR, melR, araC, idnR, fucR
360 	 zraR, melR, araC, idnR, fucR
361 	 zraR, melR, araC, idnR, fucR
362 	 zraR, melR, araC, idnR, fucR
363 	 zraR, melR, fucR, xylR
364 	 zraR, melR, fucR, xylR
365 	 zraR, melR, fucR, xylR
366 	 zraR, melR, idnR, fucR, xylR
367 	 zraR, melR, idnR, fucR, xylR
368 	 zraR, melR, idnR, fucR, xylR
369 	 zraR, melR, idnR, fucR, xylR
370 	 zraR, melR, fucR, xylR
371 	 zraR, melR, fucR, xylR
372 	 zraR, melR, fucR, xylR
373 	 zraR, melR, fucR, xylR
374 	 zraR, melR, idnR, fucR, xylR
375 	 zraR, melR, idnR, fucR, xylR
376 	 zraR, melR, idnR, fucR, xylR
377 	 zraR, melR, idnR, fucR, xylR
378 	 zraR, melR, fucR, xylR
379 	 zraR, melR, fucR, xylR
380 	 zraR, melR, fucR, xylR
381 	 zraR, melR, fucR, xylR
382 	 zraR, melR, idnR, fucR, xylR
383 	 zraR, melR, idnR, fucR, xylR
384 	 zraR, melR, idnR, fucR, xylR
385 	 zraR, melR, idnR, fucR, xylR
386 	 zraR, melR, fucR, xylR
387 	 zraR, melR, fucR, xylR
388 	 zraR, melR, fucR, xylR
389 	 zraR, melR, fucR, xylR
390 	 zraR, melR, idnR, fucR, xylR
391 	 zraR, melR, idnR, fucR, xylR
392 	 zraR, melR, idnR, fucR, xylR
393 	 zraR, melR, idnR, fucR, xylR
394 	 zraR, rhaR, rhaS
395 	 zraR, rhaR, rhaS
396 	 zraR, rhaR, rhaS
397 	 zraR, idnR, rhaR, rhaS
398 	 zraR, idnR, rhaR, rhaS
399 	 zraR, idnR, rhaR, rhaS
400 	 zraR, idnR, rhaR, rhaS
401 	 zraR, rhaR, rhaS
402 	 zraR, rhaR, rhaS
403 	 zraR, rhaR, rhaS
404 	 zraR, rhaR, rhaS
405 	 zraR, idnR, rhaR, rhaS
406 	 zraR, idnR, rhaR, rhaS
407 	 zraR, idnR, rhaR, rhaS
408 	 zraR, idnR, rhaR, rhaS
409 	 zraR, araC, rhaR, rhaS
410 	 zraR, araC, rhaR, rhaS
411 	 zraR, araC, rhaR, rhaS
412 	 zraR, araC, rhaR, rhaS
413 	 zraR, araC, idnR, rhaR, rhaS
414 	 zraR, araC, idnR, rhaR, rhaS
415 	 zraR, araC, idnR, rhaR, rhaS
416 	 zraR, araC, idnR, rhaR, rhaS
417 	 zraR, araC, rhaR, rhaS
418 	 zraR, araC, rhaR, rhaS
419 	 zraR, araC, rhaR, rhaS
420 	 zraR, araC, rhaR, rhaS
421 	 zraR, araC, idnR, rhaR, rhaS
422 	 zraR, araC, idnR, rhaR, rhaS
423 	 zraR, araC, idnR, rhaR, rhaS
424 	 zraR, araC, idnR, rhaR, rhaS
425 	 zraR, rhaR, rhaS
426 	 zraR, rhaR, rhaS
427 	 zraR, rhaR, rhaS
428 	 zraR, rhaR, rhaS
429 	 zraR, idnR, rhaR, rhaS
430 	 zraR, idnR, rhaR, rhaS
431 	 zraR, idnR, rhaR, rhaS
432 	 zraR, idnR, rhaR, rhaS
433 	 zraR, rhaR, rhaS
434 	 zraR, rhaR, rhaS
435 	 zraR, rhaR, rhaS
436 	 zraR, rhaR, rhaS
437 	 zraR, idnR, rhaR, rhaS
438 	 zraR, idnR, rhaR, rhaS
439 	 zraR, idnR, rhaR, rhaS
440 	 zraR, idnR, rhaR, rhaS
441 	 zraR, araC, rhaR, rhaS
442 	 zraR, araC, rhaR, rhaS
443 	 zraR, araC, rhaR, rhaS
444 	 zraR, araC, rhaR, rhaS
445 	 zraR, araC, idnR, rhaR, rhaS
446 	 zraR, araC, idnR, rhaR, rhaS
447 	 zraR, araC, idnR, rhaR, rhaS
448 	 zraR, araC, idnR, rhaR, rhaS
449 	 zraR, araC, rhaR, rhaS
450 	 zraR, araC, rhaR, rhaS
451 	 zraR, araC, rhaR, rhaS
452 	 zraR, araC, rhaR, rhaS
453 	 zraR, araC, idnR, rhaR, rhaS
454 	 zraR, araC, idnR, rhaR, rhaS
455 	 zraR, araC, idnR, rhaR, rhaS
456 	 zraR, araC, idnR, rhaR, rhaS
457 	 zraR, rhaR, rhaS, xylR
458 	 zraR, melR, rhaR, rhaS
459 	 zraR, fucR, rhaR, rhaS
460 	 zraR, rhaR, rhaS, xylR
461 	 zraR, melR, rhaR, rhaS
462 	 zraR, fucR, rhaR, rhaS
463 	 zraR, rhaR, rhaS, xylR
464 	 zraR, melR, rhaR, rhaS
465 	 zraR, fucR, rhaR, rhaS
466 	 zraR, rhaR, rhaS, xylR
467 	 zraR, melR, rhaR, rhaS
468 	 zraR, fucR, rhaR, rhaS
469 	 zraR, idnR, rhaR, rhaS, xylR
470 	 zraR, melR, idnR, rhaR, rhaS
471 	 zraR, idnR, fucR, rhaR, rhaS
472 	 zraR, idnR, rhaR, rhaS, xylR
473 	 zraR, melR, idnR, rhaR, rhaS
474 	 zraR, idnR, fucR, rhaR, rhaS
475 	 zraR, idnR, rhaR, rhaS, xylR
476 	 zraR, melR, idnR, rhaR, rhaS
477 	 zraR, idnR, fucR, rhaR, rhaS
478 	 zraR, idnR, rhaR, rhaS, xylR
479 	 zraR, melR, idnR, rhaR, rhaS
480 	 zraR, idnR, fucR, rhaR, rhaS
481 	 zraR, rhaR, rhaS, xylR
482 	 zraR, melR, rhaR, rhaS
483 	 zraR, fucR, rhaR, rhaS
484 	 zraR, rhaR, rhaS, xylR
485 	 zraR, melR, rhaR, rhaS
486 	 zraR, fucR, rhaR, rhaS
487 	 zraR, rhaR, rhaS, xylR
488 	 zraR, melR, rhaR, rhaS
489 	 zraR, fucR, rhaR, rhaS
490 	 zraR, rhaR, rhaS, xylR
491 	 zraR, melR, rhaR, rhaS
492 	 zraR, fucR, rhaR, rhaS
493 	 zraR, idnR, rhaR, rhaS, xylR
494 	 zraR, melR, idnR, rhaR, rhaS
495 	 zraR, idnR, fucR, rhaR, rhaS
496 	 zraR, idnR, rhaR, rhaS, xylR
497 	 zraR, melR, idnR, rhaR, rhaS
498 	 zraR, idnR, fucR, rhaR, rhaS
499 	 zraR, idnR, rhaR, rhaS, xylR
500 	 zraR, melR, idnR, rhaR, rhaS
501 	 zraR, idnR, fucR, rhaR, rhaS
502 	 zraR, idnR, rhaR, rhaS, xylR
503 	 zraR, melR, idnR, rhaR, rhaS
504 	 zraR, idnR, fucR, rhaR, rhaS
505 	 zraR, rhaR, rhaS, xylR
506 	 zraR, melR, araC, rhaR, rhaS
507 	 zraR, araC, fucR, rhaR, rhaS
508 	 zraR, rhaR, rhaS, xylR
509 	 zraR, melR, araC, rhaR, rhaS
510 	 zraR, araC, fucR, rhaR, rhaS
511 	 zraR, rhaR, rhaS, xylR
512 	 zraR, melR, araC, rhaR, rhaS
513 	 zraR, araC, fucR, rhaR, rhaS
514 	 zraR, rhaR, rhaS, xylR
515 	 zraR, melR, araC, rhaR, rhaS
516 	 zraR, araC, fucR, rhaR, rhaS
517 	 zraR, idnR, rhaR, rhaS, xylR
518 	 zraR, melR, araC, idnR, rhaR, rhaS
519 	 zraR, araC, idnR, fucR, rhaR, rhaS
520 	 zraR, idnR, rhaR, rhaS, xylR
521 	 zraR, melR, araC, idnR, rhaR, rhaS
522 	 zraR, araC, idnR, fucR, rhaR, rhaS
523 	 zraR, idnR, rhaR, rhaS, xylR
524 	 zraR, melR, araC, idnR, rhaR, rhaS
525 	 zraR, araC, idnR, fucR, rhaR, rhaS
526 	 zraR, idnR, rhaR, rhaS, xylR
527 	 zraR, melR, araC, idnR, rhaR, rhaS
528 	 zraR, araC, idnR, fucR, rhaR, rhaS
529 	 zraR, rhaR, rhaS, xylR
530 	 zraR, melR, araC, rhaR, rhaS
531 	 zraR, araC, fucR, rhaR, rhaS
532 	 zraR, rhaR, rhaS, xylR
533 	 zraR, melR, araC, rhaR, rhaS
534 	 zraR, araC, fucR, rhaR, rhaS
535 	 zraR, rhaR, rhaS, xylR
536 	 zraR, melR, araC, rhaR, rhaS
537 	 zraR, araC, fucR, rhaR, rhaS
538 	 zraR, rhaR, rhaS, xylR
539 	 zraR, melR, araC, rhaR, rhaS
540 	 zraR, araC, fucR, rhaR, rhaS
541 	 zraR, idnR, rhaR, rhaS, xylR
542 	 zraR, melR, araC, idnR, rhaR, rhaS
543 	 zraR, araC, idnR, fucR, rhaR, rhaS
544 	 zraR, idnR, rhaR, rhaS, xylR
545 	 zraR, melR, araC, idnR, rhaR, rhaS
546 	 zraR, araC, idnR, fucR, rhaR, rhaS
547 	 zraR, idnR, rhaR, rhaS, xylR
548 	 zraR, melR, araC, idnR, rhaR, rhaS
549 	 zraR, araC, idnR, fucR, rhaR, rhaS
550 	 zraR, idnR, rhaR, rhaS, xylR
551 	 zraR, melR, araC, idnR, rhaR, rhaS
552 	 zraR, araC, idnR, fucR, rhaR, rhaS
553 	 zraR, melR, rhaR, rhaS
554 	 zraR, melR, rhaR, rhaS
555 	 zraR, fucR, rhaR, rhaS
556 	 zraR, melR, rhaR, rhaS
557 	 zraR, fucR, rhaR, rhaS
558 	 zraR, melR, rhaR, rhaS
559 	 zraR, fucR, rhaR, rhaS
560 	 zraR, melR, idnR, rhaR, rhaS
561 	 zraR, fucR, rhaR, rhaS
562 	 zraR, melR, idnR, rhaR, rhaS
563 	 zraR, idnR, fucR, rhaR, rhaS
564 	 zraR, melR, idnR, rhaR, rhaS
565 	 zraR, idnR, fucR, rhaR, rhaS
566 	 zraR, melR, idnR, rhaR, rhaS
567 	 zraR, idnR, fucR, rhaR, rhaS
568 	 zraR, melR, rhaR, rhaS
569 	 zraR, idnR, fucR, rhaR, rhaS
570 	 zraR, melR, rhaR, rhaS
571 	 zraR, fucR, rhaR, rhaS
572 	 zraR, melR, rhaR, rhaS
573 	 zraR, fucR, rhaR, rhaS
574 	 zraR, melR, rhaR, rhaS
575 	 zraR, fucR, rhaR, rhaS
576 	 zraR, melR, idnR, rhaR, rhaS
577 	 zraR, fucR, rhaR, rhaS
578 	 zraR, melR, idnR, rhaR, rhaS
579 	 zraR, idnR, fucR, rhaR, rhaS
580 	 zraR, melR, idnR, rhaR, rhaS
581 	 zraR, idnR, fucR, rhaR, rhaS
582 	 zraR, melR, idnR, rhaR, rhaS
583 	 zraR, idnR, fucR, rhaR, rhaS
584 	 zraR, melR, araC, rhaR, rhaS
585 	 zraR, idnR, fucR, rhaR, rhaS
586 	 zraR, melR, araC, rhaR, rhaS
587 	 zraR, araC, fucR, rhaR, rhaS
588 	 zraR, melR, araC, rhaR, rhaS
589 	 zraR, araC, fucR, rhaR, rhaS
590 	 zraR, melR, araC, rhaR, rhaS
591 	 zraR, araC, fucR, rhaR, rhaS
592 	 zraR, melR, araC, idnR, rhaR, rhaS
593 	 zraR, araC, fucR, rhaR, rhaS
594 	 zraR, melR, araC, idnR, rhaR, rhaS
595 	 zraR, araC, idnR, fucR, rhaR, rhaS
596 	 zraR, melR, araC, idnR, rhaR, rhaS
597 	 zraR, araC, idnR, fucR, rhaR, rhaS
598 	 zraR, melR, araC, idnR, rhaR, rhaS
599 	 zraR, araC, idnR, fucR, rhaR, rhaS
600 	 zraR, melR, araC, rhaR, rhaS
601 	 zraR, araC, idnR, fucR, rhaR, rhaS
602 	 zraR, melR, araC, rhaR, rhaS
603 	 zraR, araC, fucR, rhaR, rhaS
604 	 zraR, melR, araC, rhaR, rhaS
605 	 zraR, araC, fucR, rhaR, rhaS
606 	 zraR, melR, araC, rhaR, rhaS
607 	 zraR, araC, fucR, rhaR, rhaS
608 	 zraR, melR, araC, idnR, rhaR, rhaS
609 	 zraR, araC, fucR, rhaR, rhaS
610 	 zraR, melR, araC, idnR, rhaR, rhaS
611 	 zraR, araC, idnR, fucR, rhaR, rhaS
612 	 zraR, melR, araC, idnR, rhaR, rhaS
613 	 zraR, araC, idnR, fucR, rhaR, rhaS
614 	 zraR, melR, araC, idnR, rhaR, rhaS
615 	 zraR, araC, idnR, fucR, rhaR, rhaS
616 	 zraR, araC, idnR, fucR, rhaR, rhaS
617 	 zraR, fucR, rhaR, rhaS, xylR
618 	 zraR, melR, fucR, rhaR, rhaS
619 	 zraR, fucR, rhaR, rhaS, xylR
620 	 zraR, melR, fucR, rhaR, rhaS
621 	 zraR, fucR, rhaR, rhaS, xylR
622 	 zraR, melR, fucR, rhaR, rhaS
623 	 zraR, fucR, rhaR, rhaS, xylR
624 	 zraR, melR, fucR, rhaR, rhaS
625 	 zraR, idnR, fucR, rhaR, rhaS, xylR
626 	 zraR, melR, idnR, fucR, rhaR, rhaS
627 	 zraR, idnR, fucR, rhaR, rhaS, xylR
628 	 zraR, melR, idnR, fucR, rhaR, rhaS
629 	 zraR, idnR, fucR, rhaR, rhaS, xylR
630 	 zraR, melR, idnR, fucR, rhaR, rhaS
631 	 zraR, idnR, fucR, rhaR, rhaS, xylR
632 	 zraR, melR, idnR, fucR, rhaR, rhaS
633 	 zraR, fucR, rhaR, rhaS, xylR
634 	 zraR, melR, fucR, rhaR, rhaS
635 	 zraR, fucR, rhaR, rhaS, xylR
636 	 zraR, melR, fucR, rhaR, rhaS
637 	 zraR, fucR, rhaR, rhaS, xylR
638 	 zraR, melR, fucR, rhaR, rhaS
639 	 zraR, fucR, rhaR, rhaS, xylR
640 	 zraR, melR, fucR, rhaR, rhaS
641 	 zraR, idnR, fucR, rhaR, rhaS, xylR
642 	 zraR, melR, idnR, fucR, rhaR, rhaS
643 	 zraR, idnR, fucR, rhaR, rhaS, xylR
644 	 zraR, melR, idnR, fucR, rhaR, rhaS
645 	 zraR, idnR, fucR, rhaR, rhaS, xylR
646 	 zraR, melR, idnR, fucR, rhaR, rhaS
647 	 zraR, idnR, fucR, rhaR, rhaS, xylR
648 	 zraR, melR, idnR, fucR, rhaR, rhaS
649 	 zraR, fucR, rhaR, rhaS, xylR
650 	 zraR, melR, araC, fucR, rhaR, rhaS
651 	 zraR, fucR, rhaR, rhaS, xylR
652 	 zraR, melR, araC, fucR, rhaR, rhaS
653 	 zraR, fucR, rhaR, rhaS, xylR
654 	 zraR, melR, araC, fucR, rhaR, rhaS
655 	 zraR, fucR, rhaR, rhaS, xylR
656 	 zraR, melR, araC, fucR, rhaR, rhaS
657 	 zraR, idnR, fucR, rhaR, rhaS, xylR
658 	 zraR, melR, araC, idnR, fucR, rhaR, rhaS
659 	 zraR, idnR, fucR, rhaR, rhaS, xylR
660 	 zraR, melR, araC, idnR, fucR, rhaR, rhaS
661 	 zraR, idnR, fucR, rhaR, rhaS, xylR
662 	 zraR, melR, araC, idnR, fucR, rhaR, rhaS
663 	 zraR, idnR, fucR, rhaR, rhaS, xylR
664 	 zraR, melR, araC, idnR, fucR, rhaR, rhaS
665 	 zraR, fucR, rhaR, rhaS, xylR
666 	 zraR, melR, araC, fucR, rhaR, rhaS
667 	 zraR, fucR, rhaR, rhaS, xylR
668 	 zraR, melR, araC, fucR, rhaR, rhaS
669 	 zraR, fucR, rhaR, rhaS, xylR
670 	 zraR, melR, araC, fucR, rhaR, rhaS
671 	 zraR, fucR, rhaR, rhaS, xylR
672 	 zraR, melR, araC, fucR, rhaR, rhaS
673 	 zraR, idnR, fucR, rhaR, rhaS, xylR
674 	 zraR, melR, araC, idnR, fucR, rhaR, rhaS
675 	 zraR, idnR, fucR, rhaR, rhaS, xylR
676 	 zraR, melR, araC, idnR, fucR, rhaR, rhaS
677 	 zraR, idnR, fucR, rhaR, rhaS, xylR
678 	 zraR, melR, araC, idnR, fucR, rhaR, rhaS
679 	 zraR, idnR, fucR, rhaR, rhaS, xylR
680 	 zraR, melR, araC, idnR, fucR, rhaR, rhaS
681 	 zraR, melR, rhaR, rhaS, xylR
682 	 zraR, melR, fucR, rhaR, rhaS
683 	 zraR, melR, rhaR, rhaS, xylR
684 	 zraR, melR, fucR, rhaR, rhaS
685 	 zraR, melR, rhaR, rhaS, xylR
686 	 zraR, melR, fucR, rhaR, rhaS
687 	 zraR, melR, rhaR, rhaS, xylR
688 	 zraR, melR, fucR, rhaR, rhaS
689 	 zraR, melR, idnR, rhaR, rhaS, xylR
690 	 zraR, melR, idnR, fucR, rhaR, rhaS
691 	 zraR, melR, idnR, rhaR, rhaS, xylR
692 	 zraR, melR, idnR, fucR, rhaR, rhaS
693 	 zraR, melR, idnR, rhaR, rhaS, xylR
694 	 zraR, melR, idnR, fucR, rhaR, rhaS
695 	 zraR, melR, idnR, rhaR, rhaS, xylR
696 	 zraR, melR, idnR, fucR, rhaR, rhaS
697 	 zraR, melR, rhaR, rhaS, xylR
698 	 zraR, melR, fucR, rhaR, rhaS
699 	 zraR, melR, rhaR, rhaS, xylR
700 	 zraR, melR, fucR, rhaR, rhaS
701 	 zraR, melR, rhaR, rhaS, xylR
702 	 zraR, melR, fucR, rhaR, rhaS
703 	 zraR, melR, rhaR, rhaS, xylR
704 	 zraR, melR, fucR, rhaR, rhaS
705 	 zraR, melR, idnR, rhaR, rhaS, xylR
706 	 zraR, melR, idnR, fucR, rhaR, rhaS
707 	 zraR, melR, idnR, rhaR, rhaS, xylR
708 	 zraR, melR, idnR, fucR, rhaR, rhaS
709 	 zraR, melR, idnR, rhaR, rhaS, xylR
710 	 zraR, melR, idnR, fucR, rhaR, rhaS
711 	 zraR, melR, idnR, rhaR, rhaS, xylR
712 	 zraR, melR, idnR, fucR, rhaR, rhaS
713 	 zraR, melR, rhaR, rhaS, xylR
714 	 zraR, melR, araC, fucR, rhaR, rhaS
715 	 zraR, melR, rhaR, rhaS, xylR
716 	 zraR, melR, araC, fucR, rhaR, rhaS
717 	 zraR, melR, rhaR, rhaS, xylR
718 	 zraR, melR, araC, fucR, rhaR, rhaS
719 	 zraR, melR, rhaR, rhaS, xylR
720 	 zraR, melR, araC, fucR, rhaR, rhaS
721 	 zraR, melR, idnR, rhaR, rhaS, xylR
722 	 zraR, melR, araC, idnR, fucR, rhaR, rhaS
723 	 zraR, melR, idnR, rhaR, rhaS, xylR
724 	 zraR, melR, araC, idnR, fucR, rhaR, rhaS
725 	 zraR, melR, idnR, rhaR, rhaS, xylR
726 	 zraR, melR, araC, idnR, fucR, rhaR, rhaS
727 	 zraR, melR, idnR, rhaR, rhaS, xylR
728 	 zraR, melR, araC, idnR, fucR, rhaR, rhaS
729 	 zraR, melR, rhaR, rhaS, xylR
730 	 zraR, melR, araC, fucR, rhaR, rhaS
731 	 zraR, melR, rhaR, rhaS, xylR
732 	 zraR, melR, araC, fucR, rhaR, rhaS
733 	 zraR, melR, rhaR, rhaS, xylR
734 	 zraR, melR, araC, fucR, rhaR, rhaS
735 	 zraR, melR, rhaR, rhaS, xylR
736 	 zraR, melR, araC, fucR, rhaR, rhaS
737 	 zraR, melR, idnR, rhaR, rhaS, xylR
738 	 zraR, melR, araC, idnR, fucR, rhaR, rhaS
739 	 zraR, melR, idnR, rhaR, rhaS, xylR
740 	 zraR, melR, araC, idnR, fucR, rhaR, rhaS
741 	 zraR, melR, idnR, rhaR, rhaS, xylR
742 	 zraR, melR, araC, idnR, fucR, rhaR, rhaS
743 	 zraR, melR, idnR, rhaR, rhaS, xylR
744 	 zraR, melR, araC, idnR, fucR, rhaR, rhaS
745 	 zraR, melR, fucR, rhaR, rhaS, xylR
746 	 zraR, melR, fucR, rhaR, rhaS, xylR
747 	 zraR, melR, fucR, rhaR, rhaS, xylR
748 	 zraR, melR, fucR, rhaR, rhaS, xylR
749 	 zraR, melR, idnR, fucR, rhaR, rhaS, xylR
750 	 zraR, melR, idnR, fucR, rhaR, rhaS, xylR
751 	 zraR, melR, idnR, fucR, rhaR, rhaS, xylR
752 	 zraR, melR, idnR, fucR, rhaR, rhaS, xylR
753 	 zraR, melR, fucR, rhaR, rhaS, xylR
754 	 zraR, melR, fucR, rhaR, rhaS, xylR
755 	 zraR, melR, fucR, rhaR, rhaS, xylR
756 	 zraR, melR, fucR, rhaR, rhaS, xylR
757 	 zraR, melR, idnR, fucR, rhaR, rhaS, xylR
758 	 zraR, melR, idnR, fucR, rhaR, rhaS, xylR
759 	 zraR, melR, idnR, fucR, rhaR, rhaS, xylR
760 	 zraR, melR, idnR, fucR, rhaR, rhaS, xylR
761 	 zraR, melR, fucR, rhaR, rhaS, xylR
762 	 zraR, melR, fucR, rhaR, rhaS, xylR
763 	 zraR, melR, fucR, rhaR, rhaS, xylR
764 	 zraR, melR, fucR, rhaR, rhaS, xylR
765 	 zraR, melR, idnR, fucR, rhaR, rhaS, xylR
766 	 zraR, melR, idnR, fucR, rhaR, rhaS, xylR
767 	 zraR, melR, idnR, fucR, rhaR, rhaS, xylR
768 	 zraR, melR, idnR, fucR, rhaR, rhaS, xylR
769 	 zraR, melR, fucR, rhaR, rhaS, xylR
770 	 zraR, melR, fucR, rhaR, rhaS, xylR
771 	 zraR, melR, fucR, rhaR, rhaS, xylR
772 	 zraR, melR, fucR, rhaR, rhaS, xylR
773 	 zraR, melR, idnR, fucR, rhaR, rhaS, xylR
774 	 zraR, melR, idnR, fucR, rhaR, rhaS, xylR
775 	 zraR, melR, idnR, fucR, rhaR, rhaS, xylR
776 	 zraR, melR, idnR, fucR, rhaR, rhaS, xylR
