117 	 idnR
119 	 idnR
121 	 rhaR
123 	 rhaR
127 	 rhaR, idnR
129 	 rhaR, idnR
132 	 rhaR
133 	 rhaR
135 	 idnR
137 	 idnR
138 	 rhaR, idnR
139 	 rhaR, idnR
142 	 idnR
144 	 idnR
146 	 rhaR
148 	 rhaR
149 	 rhaR
150 	 rhaR, idnR
151 	 rhaR
152 	 rhaR, idnR
153 	 idnR
161 	 idnR
163 	 rhaR, idnR
227 	 rhaR, idnR
230 	 idnR
232 	 idnR
233 	 rhaR
234 	 rhaR
235 	 rhaR
236 	 rhaR
237 	 idnR
238 	 rhaR, idnR
239 	 idnR
240 	 rhaR, idnR
241 	 rhaR, idnR
242 	 rhaR, idnR
243 	 rhaR
244 	 idnR
245 	 rhaR
246 	 idnR
247 	 rhaR, idnR
248 	 rhaR, idnR
251 	 rhaR
252 	 idnR
253 	 rhaR
254 	 idnR
255 	 rhaR, idnR
256 	 rhaR, idnR
