3 	 zraR, uxuR
6 	 zraR, uxuR
480 	 zraR, uxuR
679 	 zraR, fucR, uxuR
775 	 zraR, uxuR
776 	 zraR, uxuR
777 	 zraR, fucR, uxuR
778 	 zraR, fucR, uxuR
779 	 zraR, uxuR, exuR
780 	 zraR, uxuR, exuR
782 	 zraR, fucR, uxuR
783 	 zraR, melR, uxuR
784 	 zraR, uxuR, exuR
785 	 zraR, uxuR
786 	 zraR, uxuR
787 	 zraR, melR, uxuR
788 	 zraR, fucR, uxuR, exuR
789 	 zraR, fucR, uxuR
790 	 zraR, melR, fucR, uxuR
791 	 zraR, fucR, uxuR, exuR
792 	 zraR, fucR, uxuR
793 	 zraR, melR, fucR, uxuR
795 	 zraR
796 	 zraR, melR, uxuR
797 	 zraR, uxuR, exuR
798 	 zraR, fucR
799 	 zraR, melR
800 	 zraR, melR, uxuR, exuR
801 	 zraR, uxuR, exuR
802 	 zraR, fucR
803 	 zraR, melR
804 	 zraR, melR, uxuR
805 	 zraR
806 	 zraR, fucR
807 	 zraR, melR, fucR
808 	 zraR, fucR, uxuR, exuR
809 	 zraR, melR, uxuR, exuR
810 	 zraR, melR, uxuR
811 	 zraR, uxuR, exuR
813 	 zraR, melR, uxuR
814 	 zraR, uxuR
815 	 zraR, melR, fucR, uxuR
816 	 zraR, fucR, uxuR, exuR
817 	 zraR, uxuR
818 	 zraR, melR, uxuR
819 	 zraR, melR, fucR, uxuR
820 	 zraR, melR, uxuR
821 	 zraR, melR, fucR, uxuR
823 	 zraR, melR, fucR
824 	 zraR, fucR, uxuR
825 	 zraR, melR, uxuR, exuR
826 	 zraR, melR, fucR, uxuR, exuR
827 	 zraR, melR
828 	 zraR, melR
829 	 zraR, fucR, uxuR
830 	 zraR, melR
831 	 zraR, melR, fucR, uxuR, exuR
832 	 zraR, fucR
833 	 zraR, melR, uxuR, exuR
834 	 zraR, melR, fucR, uxuR
835 	 zraR, uxuR, exuR
836 	 zraR, melR
837 	 zraR, uxuR, exuR
838 	 zraR, fucR
839 	 zraR, melR, fucR
840 	 zraR, melR, fucR, uxuR
841 	 zraR, melR, uxuR, exuR
842 	 zraR, melR, fucR, uxuR
843 	 zraR
844 	 zraR
845 	 zraR, melR, fucR
846 	 zraR, melR
847 	 zraR, melR
848 	 zraR, fucR
849 	 zraR, melR, uxuR, exuR
850 	 zraR, melR, uxuR, exuR
851 	 zraR, fucR, uxuR, exuR
852 	 zraR, melR, fucR, uxuR, exuR
853 	 zraR, fucR
854 	 zraR, fucR
855 	 zraR, fucR, uxuR, exuR
856 	 zraR, melR, fucR
857 	 zraR, melR, fucR, uxuR, exuR
858 	 zraR, melR, fucR
859 	 zraR, melR, fucR
860 	 zraR, melR, uxuR, exuR
861 	 zraR, fucR, uxuR, exuR
862 	 zraR, fucR, uxuR, exuR
863 	 zraR, melR, fucR, uxuR, exuR
864 	 zraR, melR, fucR, uxuR, exuR
865 	 zraR, melR, fucR
866 	 zraR, melR, fucR, uxuR, exuR
867 	 zraR, melR, fucR, uxuR, exuR
868 	 zraR, uxuR
869 	 zraR, uxuR
870 	 zraR, melR, uxuR
871 	 zraR, melR, uxuR
873 	 zraR, fucR, uxuR
874 	 zraR, fucR, uxuR
876 	 zraR, melR
877 	 zraR, melR, fucR, uxuR
878 	 zraR, melR, fucR, uxuR
879 	 zraR, melR
880 	 zraR, fucR
881 	 zraR, uxuR, exuR
882 	 zraR, melR, fucR
883 	 zraR, uxuR
884 	 zraR, fucR
885 	 zraR, melR, uxuR
886 	 zraR, melR, fucR
887 	 zraR
888 	 zraR, uxuR
889 	 zraR, fucR, uxuR
890 	 zraR, melR, uxuR
891 	 zraR, melR, fucR, uxuR
892 	 zraR, uxuR, exuR
893 	 zraR, melR
894 	 zraR, melR, uxuR, exuR
895 	 zraR, fucR
896 	 zraR, fucR, uxuR, exuR
897 	 zraR, melR, fucR
898 	 zraR, melR, fucR, uxuR, exuR
899 	 zraR, fucR, uxuR
900 	 zraR
901 	 zraR, melR, fucR, uxuR
902 	 zraR, melR
903 	 zraR, fucR
904 	 zraR, melR, fucR
905 	 zraR, melR, uxuR, exuR
906 	 zraR, fucR, uxuR, exuR
907 	 zraR, melR, fucR, uxuR, exuR
908 	 zraR, uxuR, exuR
909 	 zraR, melR, uxuR, exuR
910 	 zraR, uxuR, exuR
911 	 zraR, fucR, uxuR, exuR
912 	 zraR, melR, uxuR, exuR
913 	 zraR, melR, fucR, uxuR, exuR
914 	 zraR, fucR, uxuR, exuR
915 	 zraR, melR, fucR, uxuR, exuR
916 	 zraR, uxuR
917 	 zraR, uxuR
918 	 zraR, melR, uxuR
919 	 zraR, melR, uxuR
921 	 zraR, fucR, uxuR
923 	 zraR, fucR, uxuR
924 	 zraR, melR
925 	 zraR, melR, fucR, uxuR
926 	 zraR, melR
927 	 zraR, melR, fucR, uxuR
928 	 zraR, fucR
929 	 zraR, fucR
930 	 zraR, melR, fucR
931 	 zraR, melR, fucR
932 	 zraR, uxuR, exuR
933 	 zraR, uxuR, exuR
934 	 zraR, melR, uxuR, exuR
935 	 zraR, melR, uxuR, exuR
936 	 zraR, fucR, uxuR, exuR
937 	 zraR, fucR, uxuR, exuR
938 	 zraR, melR, fucR, uxuR, exuR
939 	 zraR, melR, fucR, uxuR, exuR
940 	 zraR, uxuR
941 	 zraR, melR, uxuR
942 	 zraR, fucR, uxuR
944 	 zraR, melR, fucR, uxuR
945 	 zraR, melR
946 	 zraR, fucR
947 	 zraR, melR, fucR
948 	 zraR, uxuR, exuR
949 	 zraR, melR, uxuR, exuR
950 	 zraR, fucR, uxuR, exuR
951 	 zraR, melR, fucR, uxuR, exuR
952 	 zraR, uxuR
953 	 zraR, uxuR
954 	 zraR, melR, uxuR
955 	 zraR, melR, uxuR
956 	 zraR
957 	 zraR, fucR, uxuR
958 	 zraR
959 	 zraR, fucR, uxuR
960 	 zraR, melR
961 	 zraR, melR, fucR, uxuR
962 	 zraR, melR
963 	 zraR, melR, fucR, uxuR
964 	 zraR, fucR
965 	 zraR, fucR
966 	 zraR, melR, fucR
967 	 zraR, melR, fucR
968 	 zraR, uxuR, exuR
969 	 zraR, uxuR, exuR
970 	 zraR, melR, uxuR, exuR
971 	 zraR, melR, uxuR, exuR
972 	 zraR, fucR, uxuR, exuR
973 	 zraR, fucR, uxuR, exuR
974 	 zraR, melR, fucR, uxuR, exuR
975 	 zraR, melR, fucR, uxuR, exuR
976 	 zraR, uxuR
977 	 zraR, melR, uxuR
978 	 zraR, fucR, uxuR
979 	 zraR
980 	 zraR, melR, fucR, uxuR
981 	 zraR, melR
982 	 zraR, fucR
983 	 zraR, melR, fucR
984 	 zraR, uxuR, exuR
985 	 zraR, melR, uxuR, exuR
986 	 zraR, fucR, uxuR, exuR
987 	 zraR, melR, fucR, uxuR, exuR
988 	 zraR, uxuR
989 	 zraR, uxuR
990 	 zraR, uxuR
991 	 zraR, uxuR
992 	 zraR, melR, uxuR
993 	 zraR, melR, uxuR
994 	 zraR, melR, uxuR
995 	 zraR, melR, uxuR
996 	 zraR, fucR, uxuR
998 	 zraR, fucR, uxuR
1000 	 zraR, melR, fucR, uxuR
1001 	 zraR, melR
1002 	 zraR, melR, fucR, uxuR
1003 	 zraR, melR
1005 	 zraR, fucR, uxuR
1006 	 zraR, melR
1007 	 zraR, fucR, uxuR
1008 	 zraR, fucR
1009 	 zraR, melR
1010 	 zraR, melR, fucR, uxuR
1011 	 zraR, fucR
1012 	 zraR, melR, fucR, uxuR
1013 	 zraR, melR, fucR
1014 	 zraR, fucR
1015 	 zraR, melR, fucR
1016 	 zraR, fucR
1017 	 zraR, uxuR, exuR
1018 	 zraR, melR, fucR
1019 	 zraR, melR, uxuR, exuR
1020 	 zraR, melR, fucR
1021 	 zraR, uxuR, exuR
1022 	 zraR, uxuR, exuR
1023 	 zraR, melR, uxuR, exuR
1024 	 zraR, uxuR, exuR
1025 	 zraR, fucR, uxuR, exuR
1026 	 zraR, melR, uxuR, exuR
1027 	 zraR, fucR, uxuR, exuR
1028 	 zraR, melR, uxuR, exuR
1029 	 zraR, melR, fucR, uxuR, exuR
1030 	 zraR, fucR, uxuR, exuR
1031 	 zraR, melR, fucR, uxuR, exuR
1032 	 zraR, fucR, uxuR, exuR
1033 	 zraR, uxuR
1034 	 zraR, melR, fucR, uxuR, exuR
1035 	 zraR, melR, uxuR
1036 	 zraR, melR, fucR, uxuR, exuR
1037 	 zraR, fucR, uxuR
1038 	 zraR, uxuR
1040 	 zraR, melR, uxuR
1041 	 zraR, melR
1042 	 zraR, fucR, uxuR
1043 	 zraR, melR, fucR, uxuR
1044 	 zraR, melR, fucR, uxuR
1045 	 zraR, fucR
1047 	 zraR, melR, fucR
1048 	 zraR, melR
1049 	 zraR, uxuR, exuR
1050 	 zraR, fucR
1051 	 zraR, melR, uxuR, exuR
1052 	 zraR, melR, fucR
1053 	 zraR, fucR, uxuR, exuR
1054 	 zraR, uxuR, exuR
1055 	 zraR, melR, fucR, uxuR, exuR
1056 	 zraR, melR, uxuR, exuR
1057 	 zraR, uxuR
1058 	 zraR, fucR, uxuR, exuR
1059 	 zraR, melR, fucR, uxuR, exuR
1060 	 zraR, uxuR
1061 	 zraR, uxuR
1062 	 zraR, uxuR
1063 	 zraR, melR, uxuR
1064 	 zraR, melR, uxuR
1065 	 zraR, melR, uxuR
1066 	 zraR, melR, uxuR
1067 	 zraR
1068 	 zraR, fucR, uxuR
1069 	 zraR
1070 	 zraR, fucR, uxuR
1071 	 zraR, melR
1072 	 zraR, melR, fucR, uxuR
1073 	 zraR, melR
1074 	 zraR, melR, fucR, uxuR
1075 	 zraR, fucR, uxuR
1076 	 zraR
1077 	 zraR, fucR, uxuR
1078 	 zraR
1079 	 zraR, melR, fucR, uxuR
1080 	 zraR, melR
1081 	 zraR, melR, fucR, uxuR
1082 	 zraR, melR
1083 	 zraR, fucR
1084 	 zraR, fucR
1085 	 zraR, fucR
1086 	 zraR, fucR
1087 	 zraR, melR, fucR
1088 	 zraR, melR, fucR
1089 	 zraR, melR, fucR
1090 	 zraR, melR, fucR
1091 	 zraR, uxuR, exuR
1092 	 zraR, uxuR, exuR
1093 	 zraR, uxuR, exuR
1094 	 zraR, uxuR, exuR
1095 	 zraR, melR, uxuR, exuR
1096 	 zraR, melR, uxuR, exuR
1097 	 zraR, melR, uxuR, exuR
1098 	 zraR, melR, uxuR, exuR
1099 	 zraR, fucR, uxuR, exuR
1100 	 zraR, fucR, uxuR, exuR
1101 	 zraR, fucR, uxuR, exuR
1102 	 zraR, fucR, uxuR, exuR
1103 	 zraR, melR, fucR, uxuR, exuR
1104 	 zraR, melR, fucR, uxuR, exuR
1105 	 zraR, melR, fucR, uxuR, exuR
1106 	 zraR, melR, fucR, uxuR, exuR
1107 	 zraR, uxuR
1108 	 zraR, uxuR
1109 	 zraR, melR, uxuR
1110 	 zraR, melR, uxuR
1111 	 zraR
1112 	 zraR, fucR, uxuR
1113 	 zraR, melR
1114 	 zraR, melR, fucR, uxuR
1115 	 zraR, fucR, uxuR
1116 	 zraR
1117 	 zraR, melR, fucR, uxuR
1118 	 zraR, melR
1119 	 zraR, fucR
1120 	 zraR, fucR
1121 	 zraR, melR, fucR
1122 	 zraR, melR, fucR
1123 	 zraR, uxuR, exuR
1124 	 zraR, uxuR, exuR
1125 	 zraR, melR, uxuR, exuR
1126 	 zraR, melR, uxuR, exuR
1127 	 zraR, fucR, uxuR, exuR
1128 	 zraR, fucR, uxuR, exuR
1129 	 zraR, melR, fucR, uxuR, exuR
1130 	 zraR, melR, fucR, uxuR, exuR
1131 	 zraR, uxuR
1132 	 zraR, uxuR
1133 	 zraR, melR, uxuR
1134 	 zraR, melR, uxuR
1135 	 zraR, fucR, uxuR
1137 	 zraR, fucR, uxuR
1139 	 zraR, melR, fucR, uxuR
1140 	 zraR, melR
1141 	 zraR, melR, fucR, uxuR
1142 	 zraR, melR
1143 	 zraR, fucR
1144 	 zraR, fucR
1145 	 zraR, melR, fucR
1146 	 zraR, melR, fucR
1147 	 zraR, uxuR, exuR
1148 	 zraR, uxuR, exuR
1149 	 zraR, melR, uxuR, exuR
1150 	 zraR, melR, uxuR, exuR
1151 	 zraR, fucR, uxuR, exuR
1152 	 zraR, fucR, uxuR, exuR
1153 	 zraR, melR, fucR, uxuR, exuR
1154 	 zraR, melR, fucR, uxuR, exuR
1155 	 zraR, uxuR
1156 	 zraR, melR, uxuR
1158 	 zraR, fucR, uxuR
1159 	 zraR, melR
1160 	 zraR, melR, fucR, uxuR
1161 	 zraR, fucR
1162 	 zraR, melR, fucR
1163 	 zraR, uxuR, exuR
1164 	 zraR, melR, uxuR, exuR
1165 	 zraR, fucR, uxuR, exuR
1166 	 zraR, melR, fucR, uxuR, exuR
1167 	 zraR, uxuR
1168 	 zraR, uxuR
1169 	 zraR, melR, uxuR
1170 	 zraR, melR, uxuR
1171 	 zraR, fucR, uxuR
1172 	 zraR
1173 	 zraR, fucR, uxuR
1174 	 zraR
1175 	 zraR, melR, fucR, uxuR
1176 	 zraR, melR
1177 	 zraR, melR, fucR, uxuR
1178 	 zraR, melR
1179 	 zraR, fucR
1180 	 zraR, fucR
1181 	 zraR, melR, fucR
1182 	 zraR, melR, fucR
1183 	 zraR, uxuR, exuR
1184 	 zraR, uxuR, exuR
1185 	 zraR, melR, uxuR, exuR
1186 	 zraR, melR, uxuR, exuR
1187 	 zraR, fucR, uxuR, exuR
1188 	 zraR, fucR, uxuR, exuR
1189 	 zraR, melR, fucR, uxuR, exuR
1190 	 zraR, melR, fucR, uxuR, exuR
1191 	 zraR, uxuR
1192 	 zraR, melR, uxuR
1193 	 zraR, fucR, uxuR
1194 	 zraR
1195 	 zraR, melR, fucR, uxuR
1196 	 zraR, melR
1197 	 zraR, fucR
1198 	 zraR, melR, fucR
1199 	 zraR, uxuR, exuR
1200 	 zraR, melR, uxuR, exuR
1201 	 zraR, fucR, uxuR, exuR
1202 	 zraR, melR, fucR, uxuR, exuR
1203 	 zraR, uxuR
1204 	 zraR, uxuR
1205 	 zraR, melR, uxuR
1206 	 zraR, melR, uxuR
1207 	 zraR, fucR, uxuR
1209 	 zraR, fucR, uxuR
1211 	 zraR, melR, fucR, uxuR
1212 	 zraR, melR
1213 	 zraR, melR, fucR, uxuR
1214 	 zraR, melR
1215 	 zraR, fucR
1216 	 zraR, fucR
1217 	 zraR, melR, fucR
1218 	 zraR, melR, fucR
1219 	 zraR, uxuR
1220 	 zraR, melR, uxuR
1222 	 zraR, melR
1223 	 zraR, fucR, uxuR
1224 	 zraR, melR, fucR, uxuR
1225 	 zraR, fucR
1226 	 zraR, melR, fucR
1227 	 zraR, uxuR, exuR
1228 	 zraR, uxuR, exuR
1229 	 zraR, melR, uxuR, exuR
1230 	 zraR, melR, uxuR, exuR
1231 	 zraR, fucR, uxuR, exuR
1232 	 zraR, fucR, uxuR, exuR
1233 	 zraR, melR, fucR, uxuR, exuR
1234 	 zraR, melR, fucR, uxuR, exuR
1235 	 zraR, uxuR, exuR
1236 	 zraR, melR, uxuR, exuR
1237 	 zraR, fucR, uxuR, exuR
1238 	 zraR, melR, fucR, uxuR, exuR
1239 	 zraR, uxuR
1240 	 zraR, melR, uxuR
1241 	 zraR, uxuR
1242 	 zraR, melR, uxuR
1243 	 zraR, fucR, uxuR
1244 	 zraR
1245 	 zraR, fucR, uxuR
1246 	 zraR, melR
1247 	 zraR, melR, fucR, uxuR
1248 	 zraR
1249 	 zraR, melR, fucR, uxuR
1250 	 zraR, melR
1251 	 zraR, fucR
1252 	 zraR, melR, fucR
1253 	 zraR, fucR
1254 	 zraR, melR, fucR
1255 	 zraR, uxuR
1256 	 zraR, uxuR, exuR
1257 	 zraR, melR, uxuR
1258 	 zraR, uxuR, exuR
1259 	 zraR
1260 	 zraR, melR, uxuR, exuR
1261 	 zraR, melR
1262 	 zraR, melR, uxuR, exuR
1263 	 zraR, fucR, uxuR
1264 	 zraR, fucR, uxuR, exuR
1265 	 zraR, uxuR
1266 	 zraR, fucR, uxuR, exuR
1267 	 zraR, melR, uxuR
1268 	 zraR, melR, fucR, uxuR, exuR
1269 	 zraR, uxuR
1270 	 zraR, melR, fucR, uxuR, exuR
1271 	 zraR, melR, uxuR
1272 	 zraR, melR, fucR, uxuR
1274 	 zraR, fucR
1276 	 zraR, melR, fucR
1277 	 zraR, melR
1278 	 zraR, uxuR, exuR
1279 	 zraR, fucR, uxuR
1280 	 zraR, melR, uxuR, exuR
1281 	 zraR, melR
1282 	 zraR, fucR, uxuR, exuR
1283 	 zraR, fucR, uxuR
1284 	 zraR, melR, fucR, uxuR, exuR
1285 	 zraR, melR, fucR, uxuR
1286 	 zraR, melR, fucR, uxuR
1287 	 zraR, fucR
1288 	 zraR, fucR
1289 	 zraR, melR, fucR
1290 	 zraR, melR, fucR
1291 	 zraR, uxuR
1292 	 zraR, uxuR, exuR
1293 	 zraR, melR, uxuR
1294 	 zraR, uxuR, exuR
1295 	 zraR, fucR, uxuR
1296 	 zraR, melR, uxuR, exuR
1297 	 zraR, melR, fucR, uxuR
1298 	 zraR, melR, uxuR, exuR
1300 	 zraR, fucR, uxuR, exuR
1301 	 zraR, melR
1302 	 zraR, fucR, uxuR, exuR
1303 	 zraR, fucR
1304 	 zraR, melR, fucR, uxuR, exuR
1305 	 zraR, melR, fucR
1306 	 zraR, melR, fucR, uxuR, exuR
1307 	 zraR, uxuR, exuR
1308 	 zraR, melR, uxuR, exuR
1309 	 zraR, fucR, uxuR, exuR
1310 	 zraR, melR, fucR, uxuR, exuR
1311 	 zraR, uxuR
1312 	 zraR, melR, uxuR
1313 	 zraR, uxuR
1314 	 zraR, melR, uxuR
1315 	 zraR, fucR, uxuR
1316 	 zraR
1317 	 zraR, fucR, uxuR
1318 	 zraR, melR
1319 	 zraR, melR, fucR, uxuR
1320 	 zraR
1321 	 zraR, melR, fucR, uxuR
1322 	 zraR, melR
1323 	 zraR, fucR
1324 	 zraR, uxuR
1325 	 zraR, fucR
1326 	 zraR, melR, uxuR
1327 	 zraR, melR, fucR
1328 	 zraR, uxuR
1329 	 zraR, melR, fucR
1330 	 zraR, melR, uxuR
1331 	 zraR, uxuR, exuR
1333 	 zraR, melR, uxuR, exuR
1334 	 zraR, fucR, uxuR
1335 	 zraR, uxuR, exuR
1337 	 zraR, melR, uxuR, exuR
1338 	 zraR, fucR, uxuR
1339 	 zraR, fucR, uxuR, exuR
1340 	 zraR, melR
1341 	 zraR, melR, fucR, uxuR, exuR
1342 	 zraR, melR
1343 	 zraR, fucR, uxuR, exuR
1344 	 zraR, melR, fucR, uxuR
1345 	 zraR, melR, fucR, uxuR, exuR
1346 	 zraR, melR, fucR, uxuR
1347 	 zraR, uxuR
1348 	 zraR, fucR
1349 	 zraR, melR, uxuR
1350 	 zraR, melR, fucR
1351 	 zraR, fucR, uxuR
1352 	 zraR, fucR
1353 	 zraR, melR, fucR, uxuR
1354 	 zraR, melR, fucR
1355 	 zraR
1356 	 zraR, uxuR
1357 	 zraR, melR
1358 	 zraR, melR, uxuR
1359 	 zraR, fucR
1361 	 zraR, melR, fucR
1362 	 zraR, melR
1363 	 zraR, uxuR, exuR
1364 	 zraR, fucR, uxuR
1365 	 zraR, melR, uxuR, exuR
1366 	 zraR, melR, fucR, uxuR
1367 	 zraR, fucR, uxuR, exuR
1368 	 zraR, fucR
1369 	 zraR, melR, fucR, uxuR, exuR
1370 	 zraR, melR, fucR
1371 	 zraR, uxuR, exuR
1372 	 zraR, melR, uxuR, exuR
1373 	 zraR, uxuR, exuR
1374 	 zraR, melR, uxuR, exuR
1375 	 zraR, fucR, uxuR, exuR
1376 	 zraR, fucR, uxuR, exuR
1377 	 zraR, melR, fucR, uxuR, exuR
1378 	 zraR, melR, fucR, uxuR, exuR
1379 	 zraR, uxuR, exuR
1380 	 zraR, melR, uxuR, exuR
1381 	 zraR, fucR, uxuR, exuR
1382 	 zraR, melR, fucR, uxuR, exuR
1383 	 zraR, uxuR
1384 	 zraR, uxuR
1385 	 zraR, uxuR
1386 	 zraR, melR, uxuR
1387 	 zraR, melR, uxuR
1388 	 zraR, uxuR
1389 	 zraR, melR, uxuR
1390 	 zraR, melR, uxuR
1391 	 zraR, fucR, uxuR
1392 	 zraR, uxuR
1393 	 zraR, uxuR
1394 	 zraR, melR, uxuR
1395 	 zraR, uxuR
1396 	 zraR, uxuR
1397 	 zraR, melR, uxuR
1398 	 zraR, melR, uxuR
1399 	 zraR, melR, uxuR
1401 	 zraR, fucR, uxuR
1403 	 zraR, melR, fucR, uxuR
1404 	 zraR, melR
1405 	 zraR, fucR, uxuR
1406 	 zraR, melR
1407 	 zraR, melR, fucR, uxuR
1408 	 zraR, fucR, uxuR
1410 	 zraR, melR, fucR, uxuR
1412 	 zraR, fucR, uxuR
1413 	 zraR, melR
1414 	 zraR, melR, fucR, uxuR
1415 	 zraR, melR
1416 	 zraR, fucR
1417 	 zraR, fucR
1418 	 zraR, fucR
1419 	 zraR, melR, fucR
1420 	 zraR, melR, fucR
1421 	 zraR, fucR
1422 	 zraR, melR, fucR
1423 	 zraR, melR, fucR
1424 	 zraR, uxuR
1425 	 zraR, uxuR, exuR
1426 	 zraR, melR, uxuR
1427 	 zraR, melR, uxuR, exuR
1428 	 zraR, fucR, uxuR
1429 	 zraR, uxuR, exuR
1430 	 zraR, melR, fucR, uxuR
1431 	 zraR, melR, uxuR, exuR
1433 	 zraR, fucR, uxuR, exuR
1434 	 zraR, melR
1435 	 zraR, fucR, uxuR, exuR
1436 	 zraR, fucR
1437 	 zraR, melR, fucR, uxuR, exuR
1438 	 zraR, melR, fucR
1439 	 zraR, melR, fucR, uxuR, exuR
1440 	 zraR, uxuR, exuR
1441 	 zraR, uxuR
1442 	 zraR, melR, uxuR, exuR
1443 	 zraR, melR, uxuR
1444 	 zraR, uxuR, exuR
1445 	 zraR, fucR, uxuR
1446 	 zraR, melR, uxuR, exuR
1447 	 zraR, melR, fucR, uxuR
1448 	 zraR, fucR, uxuR, exuR
1450 	 zraR, fucR, uxuR, exuR
1451 	 zraR, melR
1452 	 zraR, melR, fucR, uxuR, exuR
1453 	 zraR, fucR
1454 	 zraR, melR, fucR, uxuR, exuR
1455 	 zraR, melR, fucR
1456 	 zraR, uxuR, exuR
1457 	 zraR, uxuR, exuR
1458 	 zraR, melR, uxuR, exuR
1459 	 zraR, melR, uxuR, exuR
1460 	 zraR, fucR, uxuR, exuR
1461 	 zraR, fucR, uxuR, exuR
1462 	 zraR, melR, fucR, uxuR, exuR
1463 	 zraR, melR, fucR, uxuR, exuR
1464 	 zraR, uxuR
1465 	 zraR, uxuR
1466 	 zraR, uxuR
1467 	 zraR, melR, uxuR
1468 	 zraR, melR, uxuR
1469 	 zraR, uxuR
1470 	 zraR, uxuR
1471 	 zraR, melR, uxuR
1472 	 zraR, uxuR
1473 	 zraR, uxuR
1474 	 zraR, melR, uxuR
1475 	 zraR, melR, uxuR
1476 	 zraR, melR, uxuR
1479 	 zraR, fucR, uxuR
1480 	 zraR, fucR, uxuR
1482 	 zraR, melR
1483 	 zraR, fucR, uxuR
1484 	 zraR, melR, fucR, uxuR
1485 	 zraR, melR
1487 	 zraR, melR, fucR, uxuR
1488 	 zraR, fucR, uxuR
1489 	 zraR, melR
1490 	 zraR, melR
1491 	 zraR, melR, fucR, uxuR
1492 	 zraR, melR, fucR, uxuR
1493 	 zraR, fucR
1494 	 zraR, fucR
1495 	 zraR, melR, fucR
1496 	 zraR, fucR
1497 	 zraR, fucR
1498 	 zraR, melR, fucR
1499 	 zraR, melR, fucR
1500 	 zraR, melR, fucR
1501 	 zraR, uxuR
1502 	 zraR, uxuR, exuR
1503 	 zraR, melR, uxuR
1504 	 zraR, uxuR, exuR
1505 	 zraR, fucR, uxuR
1506 	 zraR, melR, uxuR, exuR
1507 	 zraR, melR, fucR, uxuR
1508 	 zraR, melR, uxuR, exuR
1510 	 zraR, fucR, uxuR, exuR
1511 	 zraR, melR
1512 	 zraR, fucR, uxuR, exuR
1513 	 zraR, fucR
1514 	 zraR, melR, fucR, uxuR, exuR
1515 	 zraR, melR, fucR
1516 	 zraR, melR, fucR, uxuR, exuR
1517 	 zraR, uxuR, exuR
1518 	 zraR, uxuR
1519 	 zraR, uxuR, exuR
1520 	 zraR, melR, uxuR
1521 	 zraR, melR, uxuR, exuR
1522 	 zraR, fucR, uxuR
1523 	 zraR, melR, uxuR, exuR
1524 	 zraR, melR, fucR, uxuR
1525 	 zraR, fucR, uxuR, exuR
1527 	 zraR, fucR, uxuR, exuR
1528 	 zraR, melR
1529 	 zraR, melR, fucR, uxuR, exuR
1530 	 zraR, fucR
1531 	 zraR, melR, fucR, uxuR, exuR
1532 	 zraR, melR, fucR
1533 	 zraR, uxuR, exuR
1534 	 zraR, uxuR, exuR
1535 	 zraR, melR, uxuR, exuR
1536 	 zraR, melR, uxuR, exuR
1537 	 zraR, fucR, uxuR, exuR
1538 	 zraR, fucR, uxuR, exuR
1539 	 zraR, melR, fucR, uxuR, exuR
1540 	 zraR, melR, fucR, uxuR, exuR
1541 	 zraR, uxuR
1542 	 zraR, melR, uxuR
1543 	 zraR, melR, uxuR
1546 	 zraR, melR
1547 	 zraR, melR
1548 	 zraR, melR
1550 	 zraR, fucR, uxuR
1551 	 zraR, melR
1552 	 zraR, fucR, uxuR
1553 	 zraR, fucR, uxuR
1554 	 zraR, melR, fucR, uxuR
1555 	 zraR, melR, fucR, uxuR
1556 	 zraR, melR, fucR, uxuR
1557 	 zraR, fucR, uxuR
1558 	 zraR, fucR
1559 	 zraR, melR, fucR, uxuR
1560 	 zraR, fucR
1561 	 zraR, fucR
1562 	 zraR, melR, fucR
1563 	 zraR, melR, fucR
1564 	 zraR, melR, fucR
1565 	 zraR, fucR
1566 	 zraR, melR, uxuR
1567 	 zraR, melR, fucR
1568 	 zraR, fucR, uxuR
1569 	 zraR, uxuR, exuR
1570 	 zraR, melR, fucR, uxuR
1571 	 zraR, uxuR, exuR
1573 	 zraR, melR, uxuR, exuR
1574 	 zraR, melR
1575 	 zraR, melR, uxuR, exuR
1576 	 zraR, fucR
1577 	 zraR, fucR, uxuR, exuR
1578 	 zraR, melR, fucR
1579 	 zraR, fucR, uxuR, exuR
1580 	 zraR, uxuR, exuR
1581 	 zraR, melR, fucR, uxuR, exuR
1582 	 zraR, melR, uxuR, exuR
1583 	 zraR, melR, fucR, uxuR, exuR
1584 	 zraR, uxuR, exuR
1585 	 zraR, uxuR
1586 	 zraR, melR, uxuR, exuR
1587 	 zraR, melR, uxuR
1588 	 zraR, fucR, uxuR, exuR
1589 	 zraR, uxuR
1590 	 zraR, melR, fucR, uxuR, exuR
1592 	 zraR, fucR, uxuR, exuR
1593 	 zraR, fucR, uxuR
1594 	 zraR, melR, fucR, uxuR, exuR
1595 	 zraR, melR, fucR, uxuR
1596 	 zraR, uxuR, exuR
1597 	 zraR, melR
1598 	 zraR, melR, uxuR, exuR
1599 	 zraR, fucR
1600 	 zraR, fucR, uxuR, exuR
1601 	 zraR, melR, fucR
1602 	 zraR, melR, fucR, uxuR, exuR
1603 	 zraR, uxuR, exuR
1604 	 zraR, uxuR
1605 	 zraR, melR, uxuR, exuR
1606 	 zraR, uxuR
1607 	 zraR, uxuR
1608 	 zraR, melR, uxuR
1609 	 zraR, melR, uxuR
1610 	 zraR, melR, uxuR
1611 	 zraR, uxuR
1612 	 zraR, fucR, uxuR
1613 	 zraR, melR, uxuR
1614 	 zraR, fucR, uxuR
1615 	 zraR
1616 	 zraR, melR, fucR, uxuR
1617 	 zraR
1618 	 zraR, melR, fucR, uxuR
1619 	 zraR, melR
1620 	 zraR
1621 	 zraR, melR
1622 	 zraR, melR
1623 	 zraR, fucR, uxuR
1624 	 zraR
1625 	 zraR, fucR, uxuR
1626 	 zraR, melR
1627 	 zraR, melR, fucR, uxuR
1628 	 zraR, fucR
1629 	 zraR, melR, fucR, uxuR
1630 	 zraR, fucR
1631 	 zraR, fucR
1632 	 zraR, melR, fucR
1633 	 zraR, fucR
1634 	 zraR, melR, fucR
1635 	 zraR, melR, fucR
1636 	 zraR, uxuR
1637 	 zraR, melR, fucR
1638 	 zraR, melR, uxuR
1639 	 zraR, uxuR, exuR
1640 	 zraR
1641 	 zraR, melR, uxuR, exuR
1642 	 zraR, melR
1643 	 zraR, uxuR, exuR
1644 	 zraR, fucR, uxuR
1645 	 zraR, melR, uxuR, exuR
1646 	 zraR, melR, fucR, uxuR
1647 	 zraR, fucR, uxuR, exuR
1648 	 zraR, fucR
1649 	 zraR, fucR, uxuR, exuR
1650 	 zraR, melR, fucR
1651 	 zraR, melR, fucR, uxuR, exuR
1652 	 zraR, uxuR, exuR
1653 	 zraR, melR, fucR, uxuR, exuR
1654 	 zraR, melR, uxuR, exuR
1655 	 zraR, uxuR
1656 	 zraR, uxuR, exuR
1657 	 zraR, melR, uxuR
1658 	 zraR, melR, uxuR, exuR
1659 	 zraR, fucR, uxuR
1660 	 zraR, fucR, uxuR, exuR
1661 	 zraR, melR, fucR, uxuR
1662 	 zraR, fucR, uxuR, exuR
1663 	 zraR
1664 	 zraR, melR, fucR, uxuR, exuR
1665 	 zraR, melR
1666 	 zraR, melR, fucR, uxuR, exuR
1667 	 zraR, fucR
1668 	 zraR, uxuR, exuR
1669 	 zraR, melR, fucR
1670 	 zraR, melR, uxuR, exuR
1671 	 zraR, uxuR, exuR
1672 	 zraR, fucR, uxuR, exuR
1673 	 zraR, melR, uxuR, exuR
1674 	 zraR, melR, fucR, uxuR, exuR
1675 	 zraR, uxuR
1676 	 zraR, uxuR
1677 	 zraR, fucR, uxuR, exuR
1678 	 zraR, fucR, uxuR, exuR
1679 	 zraR, melR, fucR, uxuR, exuR
1680 	 zraR, melR, fucR, uxuR, exuR
1681 	 zraR, uxuR
1682 	 zraR, uxuR
1683 	 zraR, melR, uxuR
1684 	 zraR, melR, uxuR
1685 	 zraR, melR, uxuR
1686 	 zraR, melR, uxuR
1687 	 zraR, uxuR
1688 	 zraR, uxuR
1689 	 zraR, melR, uxuR
1690 	 zraR, melR, uxuR
1691 	 zraR, melR, uxuR
1692 	 zraR, fucR, uxuR
1693 	 zraR, fucR, uxuR
1694 	 zraR
1696 	 zraR, fucR, uxuR
1697 	 zraR, melR, fucR, uxuR
1698 	 zraR
1699 	 zraR, melR
1700 	 zraR, melR, fucR, uxuR
1701 	 zraR, fucR, uxuR
1702 	 zraR, melR
1704 	 zraR, melR, fucR, uxuR
1705 	 zraR, melR, fucR, uxuR
1706 	 zraR, melR
1707 	 zraR, melR
1708 	 zraR, fucR
1709 	 zraR, fucR
1710 	 zraR, melR, fucR
1711 	 zraR, fucR
1712 	 zraR, fucR
1713 	 zraR, uxuR, exuR
1714 	 zraR, uxuR
1715 	 zraR, uxuR
1716 	 zraR, fucR, uxuR
1717 	 zraR, melR, uxuR
1718 	 zraR, melR, fucR
1719 	 zraR, uxuR
1720 	 zraR, uxuR, exuR
1721 	 zraR, melR, uxuR
1722 	 zraR, uxuR
1724 	 zraR, uxuR, exuR
1725 	 zraR, melR
1726 	 zraR, melR, uxuR
1727 	 zraR, fucR, uxuR
1728 	 zraR, melR, uxuR, exuR
1729 	 zraR, fucR, uxuR
1730 	 zraR
1732 	 zraR, melR, uxuR, exuR
1733 	 zraR, melR
1734 	 zraR, fucR, uxuR
1735 	 zraR, melR, fucR, uxuR
1736 	 zraR, fucR, uxuR, exuR
1737 	 zraR, melR, fucR, uxuR
1738 	 zraR, melR
1739 	 zraR, fucR
1740 	 zraR, fucR, uxuR, exuR
1741 	 zraR, melR, fucR
1742 	 zraR, melR, fucR, uxuR
1743 	 zraR, fucR
1744 	 zraR, melR, fucR, uxuR, exuR
1745 	 zraR, melR, fucR
1746 	 zraR, fucR
1747 	 zraR, uxuR
1748 	 zraR, melR, fucR, uxuR, exuR
1749 	 zraR, uxuR, exuR
1750 	 zraR, melR, fucR
1751 	 zraR, melR, uxuR
1752 	 zraR, uxuR, exuR
1753 	 zraR, uxuR, exuR
1754 	 zraR, melR, uxuR, exuR
1755 	 zraR, melR, uxuR, exuR
1756 	 zraR, fucR, uxuR, exuR
1757 	 zraR, melR, uxuR, exuR
1758 	 zraR, melR, fucR, uxuR, exuR
1759 	 zraR, fucR, uxuR, exuR
1760 	 zraR, fucR, uxuR
1761 	 zraR, fucR, uxuR
1762 	 zraR
1763 	 zraR, uxuR
1764 	 zraR, melR
1765 	 zraR, melR, uxuR
1766 	 zraR
1767 	 zraR, fucR, uxuR
1768 	 zraR, melR
1769 	 zraR, fucR, uxuR
1770 	 zraR, fucR, uxuR
1771 	 zraR, melR, fucR, uxuR
1772 	 zraR, melR, fucR, uxuR
1773 	 zraR, melR, fucR, uxuR
1774 	 zraR, fucR, uxuR
1776 	 zraR, melR, fucR, uxuR
1777 	 zraR, melR
1778 	 zraR, fucR
1780 	 zraR, melR, fucR
1781 	 zraR, melR
1782 	 zraR, fucR
1783 	 zraR, fucR
1784 	 zraR, melR, fucR
1785 	 zraR, fucR
1786 	 zraR, uxuR
1787 	 zraR, melR, fucR
1788 	 zraR, melR, uxuR
1789 	 zraR, melR, fucR
1790 	 zraR
1791 	 zraR, uxuR, exuR
1792 	 zraR, melR
1793 	 zraR, uxuR, exuR
1794 	 zraR, fucR, uxuR
1795 	 zraR, melR, uxuR, exuR
1796 	 zraR, melR, fucR, uxuR
1797 	 zraR, melR, uxuR, exuR
1798 	 zraR, fucR
1799 	 zraR, fucR, uxuR, exuR
1800 	 zraR, melR, fucR
1801 	 zraR, fucR, uxuR, exuR
1802 	 zraR, uxuR, exuR
1803 	 zraR, melR, fucR, uxuR, exuR
1804 	 zraR, uxuR, exuR
1805 	 zraR, melR, fucR, uxuR, exuR
1806 	 zraR, fucR, uxuR, exuR
1807 	 zraR, uxuR
1808 	 zraR, fucR, uxuR, exuR
1809 	 zraR, fucR, uxuR
1810 	 zraR, melR, uxuR, exuR
1812 	 zraR, melR, fucR, uxuR, exuR
1813 	 zraR, melR, uxuR
1814 	 zraR, melR, uxuR, exuR
1815 	 zraR, fucR
1816 	 zraR, melR, fucR, uxuR, exuR
1817 	 zraR, melR
1818 	 zraR, uxuR, exuR
1819 	 zraR, melR, fucR, uxuR
1820 	 zraR, fucR, uxuR, exuR
1821 	 zraR, melR, fucR
1822 	 zraR, melR, uxuR, exuR
1823 	 zraR, uxuR, exuR
1824 	 zraR, melR, fucR, uxuR, exuR
1825 	 zraR, melR, uxuR, exuR
1826 	 zraR, melR, fucR, uxuR
1827 	 zraR, fucR, uxuR, exuR
1828 	 zraR
1829 	 zraR, melR, fucR, uxuR, exuR
1830 	 zraR, fucR, uxuR
1831 	 zraR, melR, fucR, uxuR
1832 	 zraR, melR
1834 	 zraR
1835 	 zraR, melR
1836 	 zraR, fucR
1837 	 zraR, melR, fucR, uxuR
1838 	 zraR, melR, fucR
1839 	 zraR, fucR
1840 	 zraR, melR
1841 	 zraR, melR, fucR
1842 	 zraR, uxuR, exuR
1844 	 zraR, fucR, uxuR, exuR
1845 	 zraR, uxuR
1846 	 zraR, uxuR
1847 	 zraR, uxuR, exuR
1848 	 zraR
1849 	 zraR, melR, uxuR, exuR
1850 	 zraR, fucR, uxuR
1851 	 zraR, uxuR, exuR
1852 	 zraR, fucR
1853 	 zraR, melR, uxuR, exuR
1854 	 zraR, fucR
1855 	 zraR, fucR, uxuR, exuR
1856 	 zraR, melR, uxuR, exuR
1857 	 zraR, melR, uxuR
1858 	 zraR, uxuR, exuR
1859 	 zraR, melR
1860 	 zraR, melR, fucR, uxuR, exuR
1862 	 zraR, melR
1863 	 zraR, fucR
1864 	 zraR, melR, fucR
1865 	 zraR, uxuR, exuR
1866 	 zraR, fucR, uxuR
1867 	 zraR, fucR, uxuR, exuR
1868 	 zraR, melR, fucR, uxuR, exuR
1869 	 zraR, melR, uxuR, exuR
1870 	 zraR, melR, fucR, uxuR
1871 	 zraR, fucR
1872 	 zraR, melR, fucR
1873 	 zraR, fucR, uxuR, exuR
1874 	 zraR, melR, fucR, uxuR, exuR
1875 	 zraR, uxuR
1876 	 zraR, uxuR
1878 	 zraR, melR, uxuR
1879 	 zraR, melR, uxuR
1880 	 zraR
1881 	 zraR, melR
1882 	 zraR, melR
1883 	 zraR, melR, fucR
1884 	 zraR, uxuR, exuR
1885 	 zraR, melR, uxuR, exuR
1886 	 zraR, fucR, uxuR
1887 	 zraR, fucR, uxuR
1888 	 zraR, melR, uxuR, exuR
1889 	 zraR, uxuR, exuR
1890 	 zraR, melR, fucR, uxuR
1891 	 zraR, fucR
1892 	 zraR, fucR
1893 	 zraR, melR, uxuR, exuR
1894 	 zraR, melR, fucR
1895 	 zraR, melR, fucR, uxuR
1896 	 zraR, melR, fucR, uxuR, exuR
1897 	 zraR, melR, fucR
1898 	 zraR, fucR, uxuR, exuR
1899 	 zraR, melR, fucR, uxuR, exuR
1900 	 zraR, melR, fucR, uxuR, exuR
1901 	 zraR, fucR, uxuR, exuR
1902 	 zraR, uxuR
1903 	 zraR, fucR, uxuR, exuR
1904 	 zraR, melR, fucR, uxuR, exuR
1905 	 zraR, melR, fucR, uxuR, exuR
1906 	 zraR, uxuR
1907 	 zraR, uxuR
1908 	 zraR, melR, uxuR
1909 	 zraR
1911 	 zraR, melR, uxuR
1912 	 zraR, melR
1913 	 zraR, uxuR
1914 	 zraR, uxuR, exuR
1915 	 zraR
1916 	 zraR, uxuR, exuR
1917 	 zraR
1918 	 zraR, melR, uxuR, exuR
1919 	 zraR, melR, uxuR
1920 	 zraR, melR, uxuR, exuR
1921 	 zraR, melR
1922 	 zraR, fucR, uxuR
1923 	 zraR, uxuR
1924 	 zraR, melR, fucR
1925 	 zraR, melR, uxuR
1926 	 zraR, fucR
1927 	 zraR, uxuR
1928 	 zraR, melR, fucR, uxuR
1929 	 zraR, uxuR
1930 	 zraR, melR, fucR
1931 	 zraR
1932 	 zraR, fucR, uxuR, exuR
1933 	 zraR
1934 	 zraR, melR, fucR, uxuR, exuR
1935 	 zraR
1936 	 zraR, fucR, uxuR, exuR
1937 	 zraR, melR
1938 	 zraR, melR, fucR, uxuR, exuR
1939 	 zraR, melR, uxuR
1940 	 zraR, fucR, uxuR, exuR
1941 	 zraR, melR, uxuR
1942 	 zraR, melR, fucR, uxuR, exuR
1943 	 zraR, melR
1944 	 zraR, uxuR
1945 	 zraR, melR
1947 	 zraR, melR, uxuR
1948 	 zraR, melR, uxuR
1949 	 zraR, melR
1950 	 zraR, melR
1951 	 zraR, melR
1952 	 zraR, uxuR
1953 	 zraR, uxuR, exuR
1955 	 zraR, uxuR, exuR
1957 	 zraR, uxuR, exuR
1958 	 zraR, melR, uxuR
1959 	 zraR, uxuR, exuR
1960 	 zraR, melR
1961 	 zraR, uxuR, exuR
1962 	 zraR, melR
1963 	 zraR, melR, uxuR, exuR
1964 	 zraR, fucR, uxuR
1965 	 zraR, uxuR, exuR
1966 	 zraR, fucR
1967 	 zraR, melR, uxuR, exuR
1968 	 zraR, melR, fucR, uxuR
1969 	 zraR, melR, uxuR, exuR
1970 	 zraR, fucR, uxuR
1971 	 zraR, melR, uxuR, exuR
1972 	 zraR, melR, fucR
1973 	 zraR, melR, uxuR, exuR
1974 	 zraR, melR, fucR, uxuR
1975 	 zraR, melR, uxuR, exuR
1976 	 zraR, melR, fucR, uxuR
1977 	 zraR, fucR, uxuR
1978 	 zraR, fucR
1979 	 zraR, fucR, uxuR
1980 	 zraR, melR, fucR
1981 	 zraR, fucR, uxuR
1982 	 zraR, fucR
1983 	 zraR, fucR
1984 	 zraR, melR, fucR
1985 	 zraR, fucR
1986 	 zraR, uxuR, exuR
1987 	 zraR, melR, fucR, uxuR
1988 	 zraR, uxuR, exuR
1989 	 zraR, melR, fucR, uxuR
1990 	 zraR, melR, uxuR, exuR
1991 	 zraR, melR, fucR
1992 	 zraR, melR, uxuR, exuR
1993 	 zraR, melR, fucR
1994 	 zraR, uxuR, exuR
1995 	 zraR, melR, fucR, uxuR
1996 	 zraR, melR, uxuR, exuR
1997 	 zraR, fucR
1998 	 zraR, fucR, uxuR, exuR
1999 	 zraR, fucR, uxuR
2000 	 zraR, melR, fucR, uxuR, exuR
2001 	 zraR, fucR, uxuR
2002 	 zraR, fucR, uxuR, exuR
2003 	 zraR, fucR
2004 	 zraR, melR, fucR, uxuR, exuR
2005 	 zraR, melR, fucR, uxuR
2006 	 zraR, fucR, uxuR, exuR
2007 	 zraR, fucR
2008 	 zraR, melR, fucR, uxuR, exuR
2009 	 zraR, melR, fucR
2010 	 zraR, fucR, uxuR
2011 	 zraR, melR, uxuR
2012 	 zraR, melR, fucR, uxuR
2013 	 zraR
2014 	 zraR, melR, fucR, uxuR
2015 	 zraR, melR
2016 	 zraR, fucR
2017 	 zraR, melR, fucR, uxuR
2018 	 zraR, melR, fucR
2019 	 zraR, fucR, uxuR
2020 	 zraR, melR, fucR
2021 	 zraR, fucR
2022 	 zraR, melR, fucR
2023 	 zraR, melR, fucR
2024 	 zraR, fucR, uxuR, exuR
2025 	 zraR, melR, fucR, uxuR
2026 	 zraR, fucR, uxuR, exuR
2027 	 zraR, melR, fucR
2028 	 zraR, melR, fucR, uxuR, exuR
2029 	 zraR, melR, uxuR, exuR
2030 	 zraR, fucR, uxuR, exuR
2031 	 zraR, uxuR, exuR
2032 	 zraR, fucR, uxuR, exuR
2033 	 zraR, melR, uxuR, exuR
2034 	 zraR, fucR, uxuR, exuR
2035 	 zraR, fucR, uxuR, exuR
2036 	 zraR, melR, fucR, uxuR, exuR
2037 	 zraR, fucR, uxuR, exuR
2038 	 zraR, fucR, uxuR, exuR
2039 	 zraR, melR, fucR, uxuR, exuR
2040 	 zraR, melR, fucR, uxuR, exuR
2041 	 zraR, melR, fucR, uxuR, exuR
2042 	 zraR, melR, fucR, uxuR, exuR
2043 	 zraR, uxuR
2044 	 zraR, melR, fucR, uxuR, exuR
2045 	 zraR, melR, uxuR
2046 	 zraR, melR, fucR, uxuR, exuR
2047 	 zraR, melR
2048 	 zraR, melR, uxuR
2049 	 zraR, uxuR
2050 	 zraR
2051 	 zraR, uxuR
2052 	 zraR, melR
2053 	 zraR, melR, uxuR
2054 	 zraR, fucR, uxuR
2055 	 zraR
2056 	 zraR, melR, fucR, uxuR
2057 	 zraR, melR, uxuR
2058 	 zraR, melR, fucR
2059 	 zraR
2060 	 zraR, melR, fucR, uxuR
2061 	 zraR, melR
2062 	 zraR, fucR
2063 	 zraR, uxuR
2064 	 zraR, melR, fucR
2065 	 zraR
2066 	 zraR, uxuR, exuR
2067 	 zraR, melR
2068 	 zraR, melR, uxuR, exuR
2069 	 zraR, uxuR
2070 	 zraR, uxuR, exuR
2071 	 zraR, uxuR
2072 	 zraR, melR, uxuR, exuR
2073 	 zraR, uxuR
2074 	 zraR, fucR, uxuR, exuR
2075 	 zraR, melR, uxuR
2076 	 zraR, melR, fucR, uxuR, exuR
2077 	 zraR
2078 	 zraR, fucR, uxuR, exuR
2079 	 zraR
2080 	 zraR, melR, fucR, uxuR, exuR
2081 	 zraR
2082 	 zraR, melR, uxuR
2083 	 zraR, melR, uxuR
2084 	 zraR, melR
2085 	 zraR, melR
2086 	 zraR, melR, uxuR
2087 	 zraR, melR
2088 	 zraR, melR
2089 	 zraR, fucR, uxuR
2090 	 zraR, uxuR, exuR
2091 	 zraR, fucR, uxuR
2092 	 zraR, uxuR, exuR
2093 	 zraR, fucR
2094 	 zraR, uxuR, exuR
2095 	 zraR, fucR, uxuR
2096 	 zraR, melR, uxuR, exuR
2097 	 zraR, fucR, uxuR
2098 	 zraR, uxuR, exuR
2099 	 zraR, melR, fucR, uxuR
2100 	 zraR, melR, uxuR, exuR
2101 	 zraR, fucR, uxuR
2102 	 zraR, melR, uxuR, exuR
2103 	 zraR, fucR
2104 	 zraR, melR, uxuR, exuR
2105 	 zraR, fucR
2106 	 zraR, uxuR, exuR
2107 	 zraR, fucR
2108 	 zraR, uxuR, exuR
2109 	 zraR, melR, fucR
2110 	 zraR, melR, uxuR, exuR
2111 	 zraR, melR, fucR, uxuR
2112 	 zraR, melR, uxuR, exuR
2113 	 zraR, melR, fucR, uxuR
2114 	 zraR, melR, fucR, uxuR
2115 	 zraR, fucR, uxuR
2116 	 zraR, melR, fucR
2117 	 zraR, fucR
2118 	 zraR, melR, fucR
2119 	 zraR, fucR
2120 	 zraR, melR, fucR, uxuR
2121 	 zraR, melR, fucR, uxuR
2122 	 zraR, melR, fucR
2123 	 zraR, melR, fucR
2124 	 zraR, melR, fucR
2125 	 zraR, fucR, uxuR, exuR
2126 	 zraR, fucR, uxuR, exuR
2127 	 zraR, fucR, uxuR, exuR
2128 	 zraR, fucR, uxuR, exuR
2129 	 zraR, fucR, uxuR, exuR
2130 	 zraR, melR, fucR, uxuR, exuR
2131 	 zraR, fucR, uxuR, exuR
2132 	 zraR, melR, fucR, uxuR, exuR
2133 	 zraR, melR, fucR, uxuR, exuR
2134 	 zraR, melR, fucR, uxuR, exuR
2135 	 zraR, melR, fucR, uxuR, exuR
2136 	 zraR, melR, fucR, uxuR, exuR
2137 	 zraR, uxuR
2138 	 zraR, uxuR
2139 	 zraR, melR, uxuR
2140 	 zraR, melR, uxuR
2141 	 zraR
2142 	 zraR
2143 	 zraR, melR
2144 	 zraR, uxuR
2145 	 zraR, uxuR
2146 	 zraR, uxuR
2147 	 zraR, melR
2148 	 zraR, melR, uxuR
2149 	 zraR
2150 	 zraR
2151 	 zraR, melR, uxuR
2152 	 zraR, melR
2153 	 zraR, melR
2154 	 zraR
2155 	 zraR, uxuR
2156 	 zraR
2157 	 zraR, melR, uxuR
2158 	 zraR, melR, uxuR
2159 	 zraR, melR
2160 	 zraR, melR
2161 	 zraR, fucR, uxuR
2162 	 zraR, uxuR, exuR
2163 	 zraR, fucR
2164 	 zraR, melR, uxuR, exuR
2165 	 zraR, melR, fucR, uxuR
2166 	 zraR, uxuR, exuR
2167 	 zraR, melR, fucR
2168 	 zraR, uxuR, exuR
2169 	 zraR, fucR, uxuR
2170 	 zraR, melR, uxuR, exuR
2171 	 zraR, fucR, uxuR
2172 	 zraR, uxuR, exuR
2173 	 zraR, melR, fucR, uxuR
2174 	 zraR, melR, uxuR, exuR
2175 	 zraR, fucR, uxuR
2176 	 zraR, melR, uxuR, exuR
2177 	 zraR, fucR
2178 	 zraR, uxuR, exuR
2179 	 zraR, fucR
2180 	 zraR, uxuR, exuR
2181 	 zraR, melR, fucR
2182 	 zraR, melR, uxuR, exuR
2183 	 zraR, melR, fucR, uxuR
2184 	 zraR, melR, uxuR, exuR
2185 	 zraR, melR, fucR
2186 	 zraR, fucR, uxuR
2187 	 zraR, fucR, uxuR
2188 	 zraR, fucR
2189 	 zraR, melR, fucR, uxuR
2190 	 zraR, fucR
2191 	 zraR, melR, fucR, uxuR
2192 	 zraR, fucR
2193 	 zraR, melR, fucR
2194 	 zraR, melR, fucR
2195 	 zraR, melR, fucR, uxuR
2196 	 zraR, melR, fucR
2197 	 zraR, fucR, uxuR, exuR
2198 	 zraR, fucR, uxuR, exuR
2199 	 zraR, fucR, uxuR, exuR
2200 	 zraR, melR, fucR, uxuR, exuR
2201 	 zraR, melR, fucR, uxuR, exuR
2202 	 zraR, fucR, uxuR, exuR
2203 	 zraR, fucR, uxuR, exuR
2204 	 zraR, melR, fucR, uxuR, exuR
2205 	 zraR, fucR, uxuR, exuR
2206 	 zraR, melR, fucR, uxuR, exuR
2207 	 zraR, melR, fucR, uxuR, exuR
2208 	 zraR, melR, fucR, uxuR, exuR
