38 	 zraR
42 	 fucR
44 	 araC
46 	 araC
50 	 melR
52 	 fucR
54 	 araC, fucR
56 	 araC, fucR
58 	 melR, fucR
60 	 melR
61 	 melR, fucR
62 	 melR, araC
63 	 melR, araC, fucR
64 	 zraR
65 	 zraR, fucR
66 	 zraR, araC
67 	 zraR, araC, fucR
68 	 zraR, araC
69 	 zraR, fucR
70 	 zraR, araC, fucR
71 	 zraR, melR
72 	 zraR, melR, fucR
73 	 zraR, melR
74 	 zraR, melR, fucR
75 	 melR, araC
76 	 zraR, melR, araC
77 	 zraR, melR, araC
78 	 zraR, melR, araC, fucR
79 	 melR, araC, fucR
80 	 zraR, melR, araC, fucR
90 	 zraR
91 	 melR
93 	 fucR
94 	 melR, fucR
95 	 fucR
96 	 zraR, fucR
97 	 melR
98 	 zraR
99 	 zraR, melR
100 	 zraR, fucR
101 	 zraR, melR
102 	 zraR, melR, fucR
103 	 melR, fucR
104 	 zraR, melR, fucR
105 	 hyfR
106 	 araC
107 	 zraR, hyfR
108 	 araC
109 	 fucR, hyfR
110 	 zraR, araC
111 	 hyfR
112 	 araC, fucR
113 	 melR, hyfR
114 	 melR, araC
115 	 melR, fucR, hyfR
116 	 zraR, melR, araC
117 	 melR, hyfR
118 	 melR, araC, fucR
119 	 zraR, melR, hyfR
120 	 melR, araC
121 	 zraR, fucR, hyfR
122 	 zraR, araC, fucR
123 	 zraR, hyfR
124 	 araC, fucR
125 	 fucR, hyfR
126 	 zraR, araC
127 	 zraR, melR, fucR, hyfR
128 	 zraR, araC, fucR
129 	 melR, fucR, hyfR
130 	 zraR, melR, araC
131 	 zraR, fucR, hyfR
132 	 zraR, melR, araC, fucR
133 	 zraR, melR, hyfR
134 	 melR, araC, fucR
135 	 zraR, melR, fucR, hyfR
136 	 zraR, melR, araC, fucR
137 	 araC, hyfR
138 	 zraR, araC, hyfR
139 	 araC, fucR, hyfR
140 	 melR, araC, hyfR
141 	 araC, hyfR
142 	 araC, fucR, hyfR
143 	 melR, araC, hyfR
144 	 zraR, araC, hyfR
145 	 melR, araC, fucR, hyfR
146 	 zraR, melR, araC, hyfR
147 	 zraR, araC, fucR, hyfR
148 	 zraR, araC, fucR, hyfR
149 	 zraR, melR, araC, hyfR
150 	 zraR, melR, araC, fucR, hyfR
151 	 melR, araC, fucR, hyfR
152 	 zraR, melR, araC, fucR, hyfR
157 	 rhaR, rhaS
158 	 rhaR, rhaS, melR
159 	 rhaR, rhaS, fucR
160 	 rhaR, rhaS, zraR
161 	 rhaR, rhaS
162 	 rhaR, rhaS, zraR, melR
163 	 rhaR, rhaS, fucR
164 	 rhaR, rhaS, zraR
165 	 rhaR, rhaS, melR
166 	 rhaR, rhaS, zraR, fucR
167 	 rhaR, rhaS, melR, fucR
168 	 rhaR, rhaS, zraR, melR, fucR
169 	 rhaR, rhaS, melR, fucR
170 	 rhaR, rhaS, zraR, melR
171 	 rhaR, rhaS, zraR, fucR
172 	 rhaR, rhaS, zraR, melR, fucR
173 	 rhaR, rhaS
174 	 rhaR, rhaS, melR
175 	 rhaR, rhaS, fucR
176 	 rhaR, rhaS
177 	 rhaR, rhaS, zraR
178 	 rhaR, rhaS, melR
179 	 rhaR, rhaS, zraR, fucR
180 	 rhaR, rhaS, zraR
181 	 rhaR, rhaS, zraR, melR
182 	 rhaR, rhaS, fucR
183 	 rhaR, rhaS, melR, fucR
184 	 rhaR, rhaS, melR, fucR
185 	 rhaR, rhaS, zraR, melR, fucR
186 	 rhaR, rhaS, zraR, fucR
187 	 rhaR, rhaS, zraR, melR
188 	 rhaR, rhaS, zraR, melR, fucR
189 	 rhaR, rhaS, hyfR
190 	 rhaR, rhaS, araC
191 	 rhaR, rhaS, zraR, hyfR
192 	 rhaR, rhaS, araC, fucR
193 	 rhaR, rhaS, hyfR
194 	 rhaR, rhaS, melR, araC
195 	 rhaR, rhaS, zraR, hyfR
196 	 rhaR, rhaS, melR, araC, fucR
197 	 rhaR, rhaS, melR, hyfR
198 	 rhaR, rhaS, zraR, araC
199 	 rhaR, rhaS, fucR, hyfR
200 	 rhaR, rhaS, zraR, melR, araC
201 	 rhaR, rhaS, fucR, hyfR
202 	 rhaR, rhaS, zraR, araC, fucR
203 	 rhaR, rhaS, zraR, fucR, hyfR
204 	 rhaR, rhaS, zraR, melR, araC, fucR
205 	 rhaR, rhaS, zraR, fucR, hyfR
206 	 rhaR, rhaS, araC
207 	 rhaR, rhaS, melR, hyfR
208 	 rhaR, rhaS, zraR, araC
209 	 rhaR, rhaS, melR, fucR, hyfR
210 	 rhaR, rhaS, melR, araC
211 	 rhaR, rhaS, melR, fucR, hyfR
212 	 rhaR, rhaS, zraR, melR, araC
213 	 rhaR, rhaS, zraR, melR, hyfR
214 	 rhaR, rhaS, araC, fucR
215 	 rhaR, rhaS, zraR, melR, fucR, hyfR
216 	 rhaR, rhaS, zraR, araC, fucR
217 	 rhaR, rhaS, zraR, melR, hyfR
218 	 rhaR, rhaS, melR, araC, fucR
219 	 rhaR, rhaS, zraR, melR, fucR, hyfR
220 	 rhaR, rhaS, zraR, melR, araC, fucR
221 	 rhaR, rhaS, araC
222 	 rhaR, rhaS, zraR, araC
223 	 rhaR, rhaS, melR, araC
224 	 rhaR, rhaS, araC, fucR
225 	 rhaR, rhaS, araC
226 	 rhaR, rhaS, zraR, araC, fucR
227 	 rhaR, rhaS, melR, araC
228 	 rhaR, rhaS, araC, fucR
229 	 rhaR, rhaS, zraR, araC
230 	 rhaR, rhaS, melR, araC, fucR
231 	 rhaR, rhaS, zraR, melR, araC
232 	 rhaR, rhaS, zraR, melR, araC, fucR
233 	 rhaR, rhaS, zraR, melR, araC
234 	 rhaR, rhaS, melR, araC, fucR
235 	 rhaR, rhaS, zraR, araC, fucR
236 	 rhaR, rhaS, zraR, melR, araC, fucR
237 	 rhaR, rhaS, araC, hyfR
238 	 rhaR, rhaS, melR, araC, hyfR
239 	 rhaR, rhaS, zraR, araC, hyfR
240 	 rhaR, rhaS, araC, hyfR
241 	 rhaR, rhaS, araC, fucR, hyfR
242 	 rhaR, rhaS, melR, araC, hyfR
243 	 rhaR, rhaS, zraR, araC, fucR, hyfR
244 	 rhaR, rhaS, araC, fucR, hyfR
245 	 rhaR, rhaS, melR, araC, fucR, hyfR
246 	 rhaR, rhaS, zraR, araC, hyfR
247 	 rhaR, rhaS, zraR, melR, araC, hyfR
248 	 rhaR, rhaS, zraR, melR, araC, hyfR
249 	 rhaR, rhaS, zraR, melR, araC, fucR, hyfR
250 	 rhaR, rhaS, zraR, araC, fucR, hyfR
251 	 rhaR, rhaS, melR, araC, fucR, hyfR
252 	 rhaR, rhaS, zraR, melR, araC, fucR, hyfR
267 	 melR
268 	 zraR
269 	 zraR
270 	 melR
271 	 fucR
272 	 zraR, melR
273 	 fucR
274 	 melR, fucR
275 	 zraR, fucR
276 	 zraR, melR
277 	 melR, fucR
278 	 zraR, fucR
279 	 zraR, melR, fucR
280 	 zraR, melR, fucR
282 	 fucR
284 	 fucR
285 	 melR
286 	 melR, fucR
287 	 zraR
288 	 zraR, fucR
289 	 melR
290 	 zraR
291 	 zraR, melR
292 	 zraR, fucR
293 	 zraR, melR
294 	 melR, fucR
295 	 zraR, melR, fucR
296 	 zraR, melR, fucR
297 	 hyfR
298 	 araC
299 	 fucR, hyfR
300 	 melR, araC
301 	 melR, hyfR
302 	 zraR, araC
303 	 zraR, hyfR
304 	 araC
305 	 hyfR
306 	 zraR, melR, araC
307 	 melR, fucR, hyfR
308 	 zraR, araC
309 	 zraR, fucR, hyfR
310 	 melR, araC
311 	 zraR, melR, hyfR
312 	 araC, fucR
313 	 melR, hyfR
314 	 zraR, araC, fucR
315 	 zraR, hyfR
316 	 araC, fucR
317 	 fucR, hyfR
318 	 melR, araC, fucR
319 	 zraR, melR, fucR, hyfR
320 	 zraR, melR, araC
321 	 zraR, melR, hyfR
322 	 melR, araC, fucR
323 	 zraR, fucR, hyfR
324 	 zraR, melR, araC, fucR
325 	 melR, fucR, hyfR
326 	 zraR, araC, fucR
327 	 zraR, melR, fucR, hyfR
328 	 zraR, melR, araC, fucR
329 	 araC
330 	 araC
331 	 melR, araC
332 	 araC, fucR
333 	 araC, fucR
334 	 melR, araC
335 	 zraR, araC
336 	 melR, araC, fucR
337 	 zraR, araC
338 	 zraR, melR, araC
339 	 zraR, araC, fucR
340 	 melR, araC, fucR
341 	 zraR, melR, araC
342 	 zraR, araC, fucR
343 	 zraR, melR, araC, fucR
344 	 zraR, melR, araC, fucR
345 	 araC, hyfR
346 	 araC, hyfR
348 	 araC, fucR, hyfR
349 	 melR, araC, hyfR
350 	 zraR, araC, hyfR
351 	 araC, fucR, hyfR
352 	 melR, araC, fucR, hyfR
353 	 zraR, araC, fucR, hyfR
354 	 zraR, araC, hyfR
355 	 melR, araC, hyfR
356 	 zraR, melR, araC, hyfR
357 	 melR, araC, fucR, hyfR
358 	 zraR, melR, araC, fucR, hyfR
359 	 zraR, melR, araC, hyfR
360 	 zraR, araC, fucR, hyfR
361 	 zraR, melR, araC, fucR, hyfR
369 	 rhaR, rhaS
370 	 rhaR, rhaS
371 	 rhaR, rhaS, zraR
372 	 rhaR, rhaS, zraR
373 	 rhaR, rhaS, melR
374 	 rhaR, rhaS, fucR
375 	 rhaR, rhaS, zraR, melR
376 	 rhaR, rhaS, zraR, fucR
377 	 rhaR, rhaS, melR
378 	 rhaR, rhaS, fucR
379 	 rhaR, rhaS, zraR, melR
380 	 rhaR, rhaS, zraR, fucR
381 	 rhaR, rhaS, melR, fucR
382 	 rhaR, rhaS, melR, fucR
383 	 rhaR, rhaS, zraR, melR, fucR
384 	 rhaR, rhaS, zraR, melR, fucR
385 	 rhaR, rhaS
386 	 rhaR, rhaS, zraR
387 	 rhaR, rhaS, melR
388 	 rhaR, rhaS, zraR, melR
389 	 rhaR, rhaS, fucR
390 	 rhaR, rhaS
391 	 rhaR, rhaS, melR, fucR
392 	 rhaR, rhaS, melR
393 	 rhaR, rhaS, zraR, fucR
394 	 rhaR, rhaS, zraR
395 	 rhaR, rhaS, zraR, melR, fucR
396 	 rhaR, rhaS, zraR, melR
397 	 rhaR, rhaS, fucR
398 	 rhaR, rhaS, zraR, fucR
399 	 rhaR, rhaS, melR, fucR
400 	 rhaR, rhaS, zraR, melR, fucR
401 	 rhaR, rhaS, hyfR
402 	 rhaR, rhaS, araC
403 	 rhaR, rhaS, hyfR
404 	 rhaR, rhaS, araC, fucR
405 	 rhaR, rhaS, fucR, hyfR
406 	 rhaR, rhaS, araC
407 	 rhaR, rhaS, fucR, hyfR
408 	 rhaR, rhaS, melR, araC
409 	 rhaR, rhaS, melR, hyfR
410 	 rhaR, rhaS, zraR, araC
411 	 rhaR, rhaS, melR, hyfR
412 	 rhaR, rhaS, zraR, araC
413 	 rhaR, rhaS, melR, fucR, hyfR
414 	 rhaR, rhaS, melR, araC
415 	 rhaR, rhaS, zraR, hyfR
416 	 rhaR, rhaS, araC, fucR
417 	 rhaR, rhaS, zraR, hyfR
418 	 rhaR, rhaS, melR, araC, fucR
419 	 rhaR, rhaS, zraR, melR, hyfR
420 	 rhaR, rhaS, melR, araC, fucR
421 	 rhaR, rhaS, zraR, melR, hyfR
422 	 rhaR, rhaS, zraR, araC, fucR
423 	 rhaR, rhaS, melR, fucR, hyfR
424 	 rhaR, rhaS, zraR, araC, fucR
425 	 rhaR, rhaS, zraR, fucR, hyfR
426 	 rhaR, rhaS, zraR, melR, araC
427 	 rhaR, rhaS, zraR, melR, fucR, hyfR
428 	 rhaR, rhaS, zraR, melR, araC
429 	 rhaR, rhaS, zraR, fucR, hyfR
430 	 rhaR, rhaS, zraR, melR, araC, fucR
431 	 rhaR, rhaS, zraR, melR, fucR, hyfR
432 	 rhaR, rhaS, zraR, melR, araC, fucR
433 	 rhaR, rhaS, araC
434 	 rhaR, rhaS, araC, fucR
435 	 rhaR, rhaS, araC
436 	 rhaR, rhaS, araC, fucR
437 	 rhaR, rhaS, melR, araC
438 	 rhaR, rhaS, zraR, araC
439 	 rhaR, rhaS, melR, araC
440 	 rhaR, rhaS, zraR, araC, fucR
441 	 rhaR, rhaS, melR, araC, fucR
442 	 rhaR, rhaS, zraR, araC
443 	 rhaR, rhaS, melR, araC, fucR
444 	 rhaR, rhaS, zraR, melR, araC
445 	 rhaR, rhaS, zraR, melR, araC, fucR
446 	 rhaR, rhaS, zraR, araC, fucR
447 	 rhaR, rhaS, zraR, melR, araC
448 	 rhaR, rhaS, zraR, melR, araC, fucR
449 	 rhaR, rhaS, araC, hyfR
450 	 rhaR, rhaS, araC, hyfR
451 	 rhaR, rhaS, araC, fucR, hyfR
452 	 rhaR, rhaS, zraR, araC, hyfR
453 	 rhaR, rhaS, araC, fucR, hyfR
454 	 rhaR, rhaS, zraR, araC, fucR, hyfR
455 	 rhaR, rhaS, zraR, araC, hyfR
456 	 rhaR, rhaS, melR, araC, hyfR
457 	 rhaR, rhaS, zraR, melR, araC, hyfR
458 	 rhaR, rhaS, melR, araC, fucR, hyfR
459 	 rhaR, rhaS, melR, araC, hyfR
460 	 rhaR, rhaS, zraR, melR, araC, fucR, hyfR
461 	 rhaR, rhaS, melR, araC, fucR, hyfR
462 	 rhaR, rhaS, zraR, melR, araC, hyfR
463 	 rhaR, rhaS, zraR, araC, fucR, hyfR
464 	 rhaR, rhaS, zraR, melR, araC, fucR, hyfR
