4 	 zraR, idnR
7 	 zraR, melR
10 	 zraR, melR, idnR
14 	 zraR, melR
16 	 zraR, idnR
18 	 zraR, melR, idnR
22 	 zraR, idnR
24 	 zraR, melR
26 	 zraR, melR, idnR
34 	 zraR
38 	 zraR, melR
40 	 zraR, idnR
42 	 zraR, melR, idnR
51 	 zraR, melR
52 	 zraR, idnR
53 	 zraR, idnR
54 	 zraR, melR
55 	 zraR, melR, idnR
56 	 zraR, melR, idnR
57 	 zraR
58 	 zraR, melR
59 	 zraR, idnR
60 	 zraR, melR, idnR
61 	 zraR
62 	 zraR, melR
63 	 zraR, idnR
64 	 zraR, melR, idnR
65 	 zraR
66 	 zraR, melR
67 	 zraR, idnR
68 	 zraR, melR, idnR
70 	 zraR, melR
71 	 zraR, idnR
72 	 zraR, melR, idnR
74 	 zraR, melR
75 	 zraR, idnR
76 	 zraR, melR, idnR
77 	 zraR
79 	 zraR, idnR
80 	 zraR, melR
81 	 zraR, melR
82 	 zraR, idnR
83 	 zraR
84 	 zraR, melR, idnR
85 	 zraR, melR, idnR
87 	 zraR, idnR
88 	 zraR, melR
89 	 zraR, melR
90 	 zraR, idnR
91 	 zraR, melR, idnR
92 	 zraR, melR, idnR
93 	 zraR
94 	 zraR, idnR
95 	 zraR, melR
96 	 zraR, melR, idnR
97 	 zraR
98 	 zraR, idnR
99 	 zraR, melR
100 	 zraR, melR, idnR
101 	 zraR, fucR
102 	 zraR, idnR, fucR
103 	 zraR, melR, fucR
104 	 zraR, melR, idnR, fucR
105 	 zraR, fucR
106 	 zraR, idnR, fucR
107 	 zraR, melR, fucR
108 	 zraR, melR, idnR, fucR
109 	 zraR, fucR
110 	 zraR, fucR
111 	 zraR, melR, fucR
112 	 zraR, idnR, fucR
113 	 zraR, idnR, fucR
114 	 zraR, melR, fucR
115 	 zraR, melR, idnR, fucR
116 	 zraR, melR, idnR, fucR
117 	 zraR, fucR
118 	 zraR, fucR
119 	 zraR, idnR, fucR
120 	 zraR, melR, fucR
121 	 zraR, melR, fucR
122 	 zraR, idnR, fucR
123 	 zraR, melR, idnR, fucR
124 	 zraR, melR, idnR, fucR
125 	 zraR, fucR
126 	 zraR, idnR, fucR
127 	 zraR, melR, fucR
128 	 zraR, melR, idnR, fucR
129 	 zraR, fucR
130 	 zraR, idnR, fucR
131 	 zraR, melR, fucR
132 	 zraR, melR, idnR, fucR
133 	 zraR, fucR
134 	 zraR, idnR, fucR
135 	 zraR, melR, fucR
136 	 zraR, melR, idnR, fucR
137 	 zraR, fucR
138 	 zraR, idnR, fucR
139 	 zraR, melR, fucR
140 	 zraR, melR, idnR, fucR
141 	 zraR, fucR
142 	 zraR, fucR
143 	 zraR, melR, fucR
144 	 zraR, idnR, fucR
145 	 zraR, idnR, fucR
146 	 zraR, melR, fucR
147 	 zraR, melR, idnR, fucR
148 	 zraR, melR, idnR, fucR
149 	 zraR, fucR
150 	 zraR, fucR
151 	 zraR, idnR, fucR
152 	 zraR, melR, fucR
153 	 zraR, melR, fucR
154 	 zraR, idnR, fucR
155 	 zraR, melR, idnR, fucR
156 	 zraR, melR, idnR, fucR
157 	 zraR, fucR
158 	 zraR, idnR, fucR
159 	 zraR, melR, fucR
160 	 zraR, melR, idnR, fucR
161 	 zraR, fucR
162 	 zraR, idnR, fucR
163 	 zraR, melR, fucR
164 	 zraR, melR, idnR, fucR
166 	 zraR, idnR
167 	 zraR, melR
168 	 zraR, melR, idnR
169 	 zraR
171 	 zraR, melR
172 	 zraR, idnR
173 	 zraR, idnR
174 	 zraR, melR
175 	 zraR, melR, idnR
176 	 zraR, melR, idnR
177 	 zraR
179 	 zraR, idnR
180 	 zraR, idnR
181 	 zraR, melR
182 	 zraR, melR
183 	 zraR, melR, idnR
184 	 zraR, melR, idnR
185 	 zraR
186 	 zraR, idnR
187 	 zraR, melR
188 	 zraR, melR, idnR
189 	 zraR
190 	 zraR, idnR
191 	 zraR, melR
192 	 zraR, melR, idnR
193 	 zraR, fucR
195 	 zraR, melR, fucR
196 	 zraR, idnR
197 	 zraR, idnR, fucR
198 	 zraR, melR
199 	 zraR, melR, idnR, fucR
200 	 zraR, melR, idnR
201 	 zraR, fucR
203 	 zraR, idnR, fucR
204 	 zraR, idnR
205 	 zraR, melR, fucR
206 	 zraR, melR
207 	 zraR, melR, idnR, fucR
208 	 zraR, melR, idnR
209 	 zraR, fucR
211 	 zraR, idnR, fucR
212 	 zraR, melR
213 	 zraR, melR, fucR
214 	 zraR, idnR
215 	 zraR, melR, idnR, fucR
216 	 zraR, melR, idnR
217 	 zraR, fucR
219 	 zraR, melR, fucR
220 	 zraR, melR
221 	 zraR, idnR, fucR
222 	 zraR, idnR
223 	 zraR, melR, idnR, fucR
224 	 zraR, melR, idnR
225 	 zraR, fucR
226 	 zraR
227 	 zraR, idnR, fucR
228 	 zraR, melR
229 	 zraR, melR, fucR
230 	 zraR, idnR
231 	 zraR, melR, idnR, fucR
232 	 zraR, melR, idnR
233 	 zraR, fucR
234 	 zraR
235 	 zraR, melR, fucR
236 	 zraR, melR
237 	 zraR, idnR, fucR
238 	 zraR, idnR
239 	 zraR, melR, idnR, fucR
240 	 zraR, melR, idnR
241 	 zraR, fucR
242 	 zraR
243 	 zraR, melR, fucR
244 	 zraR, idnR, fucR
245 	 zraR, melR, idnR, fucR
246 	 zraR, idnR
247 	 zraR, fucR
248 	 zraR, melR
249 	 zraR, idnR, fucR
250 	 zraR, melR, idnR
251 	 zraR, melR, fucR
252 	 zraR
253 	 zraR, melR, idnR, fucR
254 	 zraR, melR
255 	 zraR, idnR
256 	 zraR, melR, idnR
257 	 zraR, fucR
258 	 zraR, melR, fucR
259 	 zraR, idnR, fucR
260 	 zraR, melR, idnR, fucR
261 	 zraR, fucR
262 	 zraR, melR, fucR
263 	 zraR, idnR, fucR
264 	 zraR, melR, idnR, fucR
265 	 zraR, fucR
266 	 zraR, fucR
267 	 zraR, melR, fucR
268 	 zraR, idnR, fucR
269 	 zraR, idnR, fucR
270 	 zraR, melR, fucR
271 	 zraR, melR, idnR, fucR
272 	 zraR, melR, idnR, fucR
273 	 zraR, fucR
274 	 zraR, fucR
275 	 zraR, melR, fucR
276 	 zraR, melR, fucR
277 	 zraR, idnR, fucR
278 	 zraR, idnR, fucR
279 	 zraR, melR, idnR, fucR
280 	 zraR, melR, idnR, fucR
281 	 zraR, fucR
282 	 zraR, idnR, fucR
283 	 zraR, melR, fucR
284 	 zraR, melR, idnR, fucR
285 	 zraR, fucR
286 	 zraR, idnR, fucR
287 	 zraR, melR, fucR
288 	 zraR, melR, idnR, fucR
289 	 zraR, csgD
290 	 zraR, araC
291 	 zraR, melR, csgD
292 	 zraR, araC, idnR
293 	 zraR, idnR, csgD
294 	 zraR, melR, araC
295 	 zraR, melR, idnR, csgD
296 	 zraR, melR, araC, idnR
297 	 zraR, csgD
298 	 zraR, araC
299 	 zraR, idnR, csgD
300 	 zraR, melR, araC
301 	 zraR, melR, csgD
302 	 zraR, araC, idnR
303 	 zraR, melR, idnR, csgD
304 	 zraR, melR, araC, idnR
305 	 zraR, csgD
306 	 zraR, araC
307 	 zraR, melR, csgD
308 	 zraR, araC, idnR
309 	 zraR, idnR, csgD
310 	 zraR, melR, araC
311 	 zraR, melR, idnR, csgD
312 	 zraR, melR, araC, idnR
313 	 zraR, csgD
314 	 zraR, araC
315 	 zraR, idnR, csgD
316 	 zraR, melR, araC
317 	 zraR, melR, csgD
318 	 zraR, araC, idnR
319 	 zraR, melR, idnR, csgD
320 	 zraR, melR, araC, idnR
321 	 zraR, csgD
322 	 zraR, araC
323 	 zraR, melR, csgD
324 	 zraR, araC, idnR
325 	 zraR, idnR, csgD
326 	 zraR, melR, araC
327 	 zraR, melR, idnR, csgD
328 	 zraR, melR, araC, idnR
329 	 zraR, csgD
330 	 zraR, araC
331 	 zraR, idnR, csgD
332 	 zraR, melR, csgD
333 	 zraR, melR, idnR, csgD
334 	 zraR, csgD
335 	 zraR, idnR, csgD
336 	 zraR, melR, csgD
337 	 zraR, melR, idnR, csgD
338 	 zraR, csgD
339 	 zraR, idnR, csgD
340 	 zraR, melR, csgD
341 	 zraR, melR, idnR, csgD
342 	 zraR, fucR, csgD
343 	 zraR, csgD
344 	 zraR, melR, fucR, csgD
345 	 zraR, idnR, csgD
346 	 zraR, idnR, fucR, csgD
347 	 zraR, melR, csgD
348 	 zraR, melR, idnR, fucR, csgD
349 	 zraR, melR, idnR, csgD
350 	 zraR, fucR, csgD
351 	 zraR, csgD
352 	 zraR, idnR, fucR, csgD
353 	 zraR, melR, csgD
354 	 zraR, melR, fucR, csgD
355 	 zraR, idnR, csgD
356 	 zraR, melR, idnR, fucR, csgD
357 	 zraR, melR, idnR, csgD
358 	 zraR, fucR, csgD
359 	 zraR, csgD
360 	 zraR, melR, fucR, csgD
361 	 zraR, idnR, csgD
362 	 zraR, idnR, fucR, csgD
363 	 zraR, melR, csgD
364 	 zraR, melR, idnR, fucR, csgD
365 	 zraR, melR, idnR, csgD
366 	 zraR, fucR, csgD
367 	 zraR, csgD
368 	 zraR, idnR, fucR, csgD
369 	 zraR, melR, csgD
370 	 zraR, melR, fucR, csgD
371 	 zraR, idnR, csgD
372 	 zraR, csgD
373 	 zraR, fucR, csgD
374 	 zraR, idnR, csgD
375 	 zraR, melR, csgD
376 	 zraR, idnR, fucR, csgD
377 	 zraR, melR, idnR, csgD
378 	 zraR, melR, fucR, csgD
379 	 zraR, csgD
380 	 zraR, melR, idnR, fucR, csgD
381 	 zraR, melR, csgD
382 	 zraR, fucR, csgD
383 	 zraR, idnR, csgD
384 	 zraR, melR, fucR, csgD
385 	 zraR, melR, idnR, csgD
386 	 zraR, idnR, fucR, csgD
387 	 zraR, melR, idnR, csgD
388 	 zraR, melR, idnR, fucR, csgD
389 	 zraR, csgD
390 	 zraR, melR, idnR, fucR, csgD
391 	 zraR, melR, csgD
392 	 zraR, fucR, csgD
393 	 zraR, idnR, csgD
394 	 zraR, idnR, fucR, csgD
395 	 zraR, melR, idnR, csgD
396 	 zraR, melR, fucR, csgD
397 	 zraR, csgD
398 	 zraR, melR, idnR, fucR, csgD
399 	 zraR, melR, csgD
400 	 zraR, fucR, csgD
401 	 zraR, idnR, csgD
402 	 zraR, melR, fucR, csgD
403 	 zraR, melR, idnR, csgD
404 	 zraR, idnR, fucR, csgD
405 	 zraR, melR, idnR, fucR, csgD
406 	 zraR, fucR, csgD
407 	 zraR, idnR, fucR, csgD
408 	 zraR, melR, fucR, csgD
409 	 zraR, melR, idnR, fucR, csgD
410 	 zraR, fucR, csgD
411 	 zraR, melR, fucR, csgD
412 	 zraR, idnR, fucR, csgD
413 	 zraR, melR, idnR, fucR, csgD
414 	 zraR, fucR, csgD
415 	 zraR, fucR, csgD
416 	 zraR, melR, fucR, csgD
417 	 zraR, idnR, fucR, csgD
418 	 zraR, idnR, fucR, csgD
419 	 zraR, melR, fucR, csgD
420 	 zraR, melR, idnR, fucR, csgD
421 	 zraR, melR, idnR, fucR, csgD
422 	 zraR, fucR, csgD
423 	 zraR, fucR, csgD
424 	 zraR, idnR, fucR, csgD
425 	 zraR, melR, fucR, csgD
426 	 zraR, melR, fucR, csgD
427 	 zraR, idnR, fucR, csgD
428 	 zraR, melR, idnR, fucR, csgD
429 	 zraR, melR, idnR, fucR, csgD
430 	 zraR, fucR, csgD
431 	 zraR, idnR, fucR, csgD
432 	 zraR, melR, fucR, csgD
433 	 zraR, melR, idnR, fucR, csgD
434 	 zraR, fucR, csgD
435 	 zraR, idnR, fucR, csgD
436 	 zraR, melR, fucR, csgD
437 	 zraR, melR, idnR, fucR, csgD
438 	 zraR, csgD
439 	 zraR, idnR, csgD
440 	 zraR, melR, csgD
441 	 zraR, melR, idnR, csgD
442 	 zraR, csgD
443 	 zraR, idnR, csgD
444 	 zraR, melR, csgD
445 	 zraR, melR, idnR, csgD
446 	 zraR, csgD
447 	 zraR, csgD
448 	 zraR, melR, csgD
449 	 zraR, idnR, csgD
450 	 zraR, idnR, csgD
451 	 zraR, melR, csgD
452 	 zraR, melR, idnR, csgD
453 	 zraR, melR, idnR, csgD
454 	 zraR, csgD
455 	 zraR, csgD
456 	 zraR, idnR, csgD
457 	 zraR, idnR, csgD
458 	 zraR, melR, csgD
459 	 zraR, melR, csgD
460 	 zraR, melR, idnR, csgD
461 	 zraR, melR, idnR, csgD
462 	 zraR, csgD
463 	 zraR, melR, csgD
464 	 zraR, idnR, csgD
465 	 zraR, melR, idnR, csgD
466 	 zraR, csgD
467 	 zraR, melR, csgD
468 	 zraR, idnR, csgD
469 	 zraR, melR, idnR, csgD
470 	 zraR, fucR, csgD
471 	 zraR, melR, fucR, csgD
472 	 zraR, idnR, fucR, csgD
473 	 zraR, melR, idnR, fucR, csgD
474 	 zraR, fucR, csgD
475 	 zraR, melR, fucR, csgD
476 	 zraR, idnR, fucR, csgD
477 	 zraR, melR, idnR, fucR, csgD
478 	 zraR, fucR, csgD
479 	 zraR, fucR, csgD
480 	 zraR, idnR, fucR, csgD
481 	 zraR, melR, fucR, csgD
482 	 zraR, melR, fucR, csgD
483 	 zraR, idnR, fucR, csgD
484 	 zraR, melR, idnR, fucR, csgD
485 	 zraR, melR, idnR, fucR, csgD
486 	 zraR, fucR, csgD
487 	 zraR, fucR, csgD
488 	 zraR, melR, fucR, csgD
489 	 zraR, melR, fucR, csgD
490 	 zraR, idnR, fucR, csgD
491 	 zraR, idnR, fucR, csgD
492 	 zraR, melR, idnR, fucR, csgD
493 	 zraR, melR, idnR, fucR, csgD
494 	 zraR, fucR, csgD
495 	 zraR, idnR, fucR, csgD
496 	 zraR, melR, fucR, csgD
497 	 zraR, melR, idnR, fucR, csgD
498 	 zraR, fucR, csgD
499 	 zraR, idnR, fucR, csgD
500 	 zraR, melR, fucR, csgD
501 	 zraR, melR, idnR, fucR, csgD
502 	 zraR, csgD
503 	 zraR, idnR, csgD
504 	 zraR, melR, csgD
505 	 zraR, melR, idnR, csgD
506 	 zraR, csgD
507 	 zraR, idnR, csgD
508 	 zraR, melR, csgD
509 	 zraR, melR, idnR, csgD
510 	 zraR, csgD
511 	 zraR, csgD
512 	 zraR, melR, csgD
513 	 zraR, idnR, csgD
514 	 zraR, idnR, csgD
515 	 zraR, melR, csgD
516 	 zraR, melR, idnR, csgD
517 	 zraR, melR, idnR, csgD
518 	 zraR, csgD
519 	 zraR, csgD
520 	 zraR, idnR, csgD
521 	 zraR, idnR, csgD
522 	 zraR, melR, csgD
523 	 zraR, melR, csgD
524 	 zraR, melR, idnR, csgD
525 	 zraR, melR, idnR, csgD
526 	 zraR, csgD
527 	 zraR, idnR, csgD
528 	 zraR, melR, csgD
529 	 zraR, melR, idnR, csgD
530 	 zraR, csgD
531 	 zraR, idnR, csgD
532 	 zraR, melR, csgD
533 	 zraR, melR, idnR, csgD
534 	 zraR, fucR, csgD
535 	 zraR, idnR, fucR, csgD
536 	 zraR, melR, fucR, csgD
537 	 zraR, melR, idnR, fucR, csgD
538 	 zraR, fucR, csgD
539 	 zraR, idnR, fucR, csgD
540 	 zraR, melR, fucR, csgD
541 	 zraR, melR, idnR, fucR, csgD
542 	 zraR, fucR, csgD
543 	 zraR, fucR, csgD
544 	 zraR, melR, fucR, csgD
545 	 zraR, idnR, fucR, csgD
546 	 zraR, idnR, fucR, csgD
547 	 zraR, melR, fucR, csgD
548 	 zraR, melR, idnR, fucR, csgD
549 	 zraR, melR, idnR, fucR, csgD
550 	 zraR, fucR, csgD
551 	 zraR, fucR, csgD
552 	 zraR, idnR, fucR, csgD
553 	 zraR, idnR, fucR, csgD
554 	 zraR, melR, fucR, csgD
555 	 zraR, melR, fucR, csgD
556 	 zraR, melR, idnR, fucR, csgD
557 	 zraR, melR, idnR, fucR, csgD
558 	 zraR, fucR, csgD
559 	 zraR, idnR, fucR, csgD
560 	 zraR, melR, fucR, csgD
561 	 zraR, melR, idnR, fucR, csgD
562 	 zraR, fucR, csgD
563 	 zraR, idnR, fucR, csgD
564 	 zraR, melR, fucR, csgD
565 	 zraR, melR, idnR, fucR, csgD
566 	 zraR, araC, idnR
567 	 zraR, melR, araC
568 	 zraR, melR, araC, idnR
569 	 zraR, araC
570 	 zraR, melR, araC
571 	 zraR, araC, idnR
572 	 zraR, melR, araC, idnR
573 	 zraR, araC
574 	 zraR, melR, araC
575 	 zraR, araC, idnR
576 	 zraR, melR, araC, idnR
577 	 zraR, araC
578 	 zraR, araC, idnR
579 	 zraR, melR, araC
580 	 zraR, melR, araC, idnR
581 	 zraR, araC
582 	 zraR, melR, araC
583 	 zraR, araC, idnR
584 	 zraR, melR, araC, idnR
585 	 zraR, araC
586 	 zraR, araC
587 	 zraR, araC, idnR
588 	 zraR, araC, idnR
589 	 zraR, melR, araC
590 	 zraR, melR, araC
591 	 zraR, melR, araC, idnR
592 	 zraR, melR, araC, idnR
593 	 zraR, araC
594 	 zraR, araC
595 	 zraR, melR, araC
596 	 zraR, melR, araC
597 	 zraR, araC, idnR
598 	 zraR, araC, idnR
599 	 zraR, melR, araC, idnR
600 	 zraR, melR, araC, idnR
601 	 zraR, araC
602 	 zraR, araC, idnR
603 	 zraR, melR, araC
604 	 zraR, melR, araC, idnR
605 	 zraR, araC
606 	 zraR, melR, araC
607 	 zraR, araC, idnR
608 	 zraR, melR, araC, idnR
609 	 zraR, araC, fucR
610 	 zraR, araC, idnR, fucR
611 	 zraR, melR, araC, fucR
612 	 zraR, melR, araC, idnR, fucR
613 	 zraR, araC, fucR
614 	 zraR, melR, araC, fucR
615 	 zraR, araC, idnR, fucR
616 	 zraR, melR, araC, idnR, fucR
617 	 zraR, araC, fucR
618 	 zraR, araC, fucR
619 	 zraR, araC, idnR, fucR
620 	 zraR, araC, idnR, fucR
621 	 zraR, melR, araC, fucR
622 	 zraR, melR, araC, fucR
623 	 zraR, melR, araC, idnR, fucR
624 	 zraR, melR, araC, idnR, fucR
625 	 zraR, araC, fucR
626 	 zraR, araC, fucR
627 	 zraR, melR, araC, fucR
628 	 zraR, melR, araC, fucR
629 	 zraR, araC, idnR, fucR
630 	 zraR, araC, idnR, fucR
631 	 zraR, melR, araC, idnR, fucR
632 	 zraR, melR, araC, idnR, fucR
633 	 zraR, araC, fucR
634 	 zraR, araC, idnR, fucR
635 	 zraR, melR, araC, fucR
636 	 zraR, melR, araC, idnR, fucR
637 	 zraR, araC, fucR
638 	 zraR, melR, araC, fucR
639 	 zraR, araC, idnR, fucR
640 	 zraR, melR, araC, idnR, fucR
641 	 zraR, araC, fucR
642 	 zraR, melR, araC, fucR
643 	 zraR, araC, idnR, fucR
644 	 zraR, melR, araC, idnR, fucR
645 	 zraR, araC, fucR
646 	 zraR, araC, idnR, fucR
647 	 zraR, melR, araC, fucR
648 	 zraR, melR, araC, idnR, fucR
649 	 zraR, araC, fucR
650 	 zraR, araC, fucR
651 	 zraR, melR, araC, fucR
652 	 zraR, melR, araC, fucR
653 	 zraR, araC, idnR, fucR
654 	 zraR, araC, idnR, fucR
655 	 zraR, melR, araC, idnR, fucR
656 	 zraR, melR, araC, idnR, fucR
657 	 zraR, araC, fucR
658 	 zraR, araC, fucR
659 	 zraR, araC, idnR, fucR
660 	 zraR, araC, idnR, fucR
661 	 zraR, melR, araC, fucR
662 	 zraR, melR, araC, fucR
663 	 zraR, melR, araC, idnR, fucR
664 	 zraR, melR, araC, idnR, fucR
665 	 zraR, araC, fucR
666 	 zraR, melR, araC, fucR
667 	 zraR, araC, idnR, fucR
668 	 zraR, melR, araC, idnR, fucR
669 	 zraR, araC, fucR
670 	 zraR, araC, idnR, fucR
671 	 zraR, melR, araC, fucR
672 	 zraR, melR, araC, idnR, fucR
673 	 zraR, araC, csgD
674 	 zraR, araC, idnR, csgD
675 	 zraR, melR, araC, csgD
676 	 zraR, melR, araC, idnR, csgD
677 	 zraR, araC, csgD
678 	 zraR, melR, araC, csgD
679 	 zraR, araC, idnR, csgD
680 	 zraR, melR, araC, idnR, csgD
681 	 zraR, araC, csgD
682 	 zraR, araC, csgD
683 	 zraR, araC, idnR, csgD
684 	 zraR, araC, idnR, csgD
685 	 zraR, melR, araC, csgD
686 	 zraR, melR, araC, csgD
687 	 zraR, melR, araC, idnR, csgD
688 	 zraR, melR, araC, idnR, csgD
689 	 zraR, araC, csgD
690 	 zraR, araC, csgD
691 	 zraR, melR, araC, csgD
692 	 zraR, melR, araC, csgD
693 	 zraR, araC, idnR, csgD
694 	 zraR, araC, idnR, csgD
695 	 zraR, melR, araC, idnR, csgD
696 	 zraR, melR, araC, idnR, csgD
697 	 zraR, araC, csgD
698 	 zraR, melR, araC, csgD
699 	 zraR, araC, idnR, csgD
700 	 zraR, melR, araC, idnR, csgD
701 	 zraR, araC, csgD
702 	 zraR, araC, idnR, csgD
703 	 zraR, melR, araC, csgD
704 	 zraR, melR, araC, idnR, csgD
705 	 zraR, araC, fucR, csgD
706 	 zraR, araC, csgD
707 	 zraR, melR, araC, fucR, csgD
708 	 zraR, melR, araC, csgD
709 	 zraR, araC, idnR, fucR, csgD
710 	 zraR, araC, idnR, csgD
711 	 zraR, melR, araC, idnR, fucR, csgD
712 	 zraR, melR, araC, idnR, csgD
713 	 zraR, araC, fucR, csgD
714 	 zraR, araC, csgD
715 	 zraR, araC, idnR, fucR, csgD
716 	 zraR, araC, idnR, csgD
717 	 zraR, melR, araC, fucR, csgD
718 	 zraR, melR, araC, csgD
719 	 zraR, melR, araC, idnR, fucR, csgD
720 	 zraR, melR, araC, idnR, csgD
721 	 zraR, araC, fucR, csgD
722 	 zraR, araC, csgD
723 	 zraR, melR, araC, fucR, csgD
724 	 zraR, melR, araC, csgD
725 	 zraR, araC, idnR, fucR, csgD
726 	 zraR, araC, idnR, csgD
727 	 zraR, melR, araC, idnR, fucR, csgD
728 	 zraR, melR, araC, idnR, csgD
729 	 zraR, araC, fucR, csgD
730 	 zraR, araC, csgD
731 	 zraR, araC, idnR, fucR, csgD
732 	 zraR, araC, idnR, csgD
733 	 zraR, melR, araC, fucR, csgD
734 	 zraR, melR, araC, csgD
735 	 zraR, araC, csgD
736 	 zraR, melR, araC, idnR, csgD
737 	 zraR, melR, araC, csgD
738 	 zraR, araC, idnR, csgD
739 	 zraR, melR, araC, idnR, csgD
740 	 zraR, araC, csgD
741 	 zraR, araC, idnR, csgD
742 	 zraR, melR, araC, csgD
743 	 zraR, melR, araC, idnR, csgD
744 	 zraR, araC, csgD
745 	 zraR, melR, araC, csgD
746 	 zraR, araC, idnR, csgD
747 	 zraR, melR, araC, idnR, csgD
748 	 zraR, araC, csgD
749 	 zraR, araC, idnR, csgD
750 	 zraR, melR, araC, csgD
751 	 zraR, melR, araC, idnR, csgD
752 	 zraR, melR, araC, idnR, fucR, csgD
753 	 zraR, araC, fucR, csgD
754 	 zraR, melR, araC, fucR, csgD
755 	 zraR, araC, idnR, fucR, csgD
756 	 zraR, melR, araC, idnR, fucR, csgD
757 	 zraR, araC, fucR, csgD
758 	 zraR, araC, idnR, fucR, csgD
759 	 zraR, melR, araC, fucR, csgD
760 	 zraR, melR, araC, idnR, fucR, csgD
761 	 zraR, araC, fucR, csgD
762 	 zraR, melR, araC, fucR, csgD
763 	 zraR, araC, idnR, fucR, csgD
764 	 zraR, melR, araC, idnR, fucR, csgD
765 	 zraR, araC, fucR, csgD
766 	 zraR, araC, idnR, fucR, csgD
767 	 zraR, melR, araC, fucR, csgD
768 	 zraR, melR, araC, idnR, fucR, csgD
769 	 zraR, araC, fucR, csgD
770 	 zraR, araC, idnR, fucR, csgD
771 	 zraR, melR, araC, fucR, csgD
772 	 zraR, melR, araC, idnR, fucR, csgD
773 	 zraR, araC, fucR, csgD
774 	 zraR, melR, araC, fucR, csgD
775 	 zraR, araC, idnR, fucR, csgD
776 	 zraR, melR, araC, idnR, fucR, csgD
777 	 zraR, araC, fucR, csgD
778 	 zraR, araC, fucR, csgD
779 	 zraR, araC, idnR, fucR, csgD
780 	 zraR, araC, idnR, fucR, csgD
781 	 zraR, melR, araC, fucR, csgD
782 	 zraR, melR, araC, fucR, csgD
783 	 zraR, melR, araC, idnR, fucR, csgD
784 	 zraR, melR, araC, idnR, fucR, csgD
785 	 zraR, araC, fucR, csgD
786 	 zraR, araC, fucR, csgD
787 	 zraR, melR, araC, fucR, csgD
788 	 zraR, melR, araC, fucR, csgD
789 	 zraR, araC, idnR, fucR, csgD
790 	 zraR, araC, idnR, fucR, csgD
791 	 zraR, melR, araC, idnR, fucR, csgD
792 	 zraR, melR, araC, idnR, fucR, csgD
793 	 zraR, araC, fucR, csgD
794 	 zraR, melR, araC, fucR, csgD
795 	 zraR, araC, idnR, fucR, csgD
796 	 zraR, melR, araC, idnR, fucR, csgD
797 	 zraR, araC, fucR, csgD
798 	 zraR, araC, idnR, fucR, csgD
799 	 zraR, melR, araC, fucR, csgD
800 	 zraR, melR, araC, idnR, fucR, csgD
801 	 zraR, rhaR, rhaS
802 	 zraR, idnR, rhaR, rhaS
803 	 zraR, melR, rhaR, rhaS
804 	 zraR, melR, idnR, rhaR, rhaS
805 	 zraR, rhaR, rhaS
806 	 zraR, idnR, rhaR, rhaS
807 	 zraR, melR, rhaR, rhaS
808 	 zraR, melR, idnR, rhaR, rhaS
809 	 zraR, rhaR, rhaS
810 	 zraR, rhaR, rhaS
811 	 zraR, melR, rhaR, rhaS
812 	 zraR, idnR, rhaR, rhaS
813 	 zraR, idnR, rhaR, rhaS
814 	 zraR, melR, rhaR, rhaS
815 	 zraR, melR, idnR, rhaR, rhaS
816 	 zraR, melR, idnR, rhaR, rhaS
817 	 zraR, rhaR, rhaS
818 	 zraR, rhaR, rhaS
819 	 zraR, idnR, rhaR, rhaS
820 	 zraR, idnR, rhaR, rhaS
821 	 zraR, melR, rhaR, rhaS
822 	 zraR, melR, rhaR, rhaS
823 	 zraR, melR, idnR, rhaR, rhaS
824 	 zraR, melR, idnR, rhaR, rhaS
825 	 zraR, rhaR, rhaS
826 	 zraR, idnR, rhaR, rhaS
827 	 zraR, melR, rhaR, rhaS
828 	 zraR, melR, idnR, rhaR, rhaS
829 	 zraR, rhaR, rhaS
830 	 zraR, idnR, rhaR, rhaS
831 	 zraR, melR, rhaR, rhaS
832 	 zraR, melR, idnR, rhaR, rhaS
833 	 zraR, rhaR, rhaS
834 	 zraR, fucR, rhaR, rhaS
835 	 zraR, idnR, rhaR, rhaS
836 	 zraR, idnR, fucR, rhaR, rhaS
837 	 zraR, melR, rhaR, rhaS
838 	 zraR, melR, fucR, rhaR, rhaS
839 	 zraR, melR, idnR, rhaR, rhaS
840 	 zraR, melR, idnR, fucR, rhaR, rhaS
841 	 zraR, rhaR, rhaS
842 	 zraR, fucR, rhaR, rhaS
843 	 zraR, idnR, rhaR, rhaS
844 	 zraR, melR, fucR, rhaR, rhaS
845 	 zraR, melR, rhaR, rhaS
846 	 zraR, idnR, fucR, rhaR, rhaS
847 	 zraR, melR, idnR, rhaR, rhaS
848 	 zraR, melR, idnR, fucR, rhaR, rhaS
849 	 zraR, rhaR, rhaS
850 	 zraR, fucR, rhaR, rhaS
851 	 zraR, idnR, rhaR, rhaS
852 	 zraR, idnR, fucR, rhaR, rhaS
853 	 zraR, melR, rhaR, rhaS
854 	 zraR, melR, fucR, rhaR, rhaS
855 	 zraR, melR, idnR, rhaR, rhaS
856 	 zraR, melR, idnR, fucR, rhaR, rhaS
857 	 zraR, rhaR, rhaS
858 	 zraR, fucR, rhaR, rhaS
859 	 zraR, idnR, rhaR, rhaS
860 	 zraR, idnR, fucR, rhaR, rhaS
861 	 zraR, melR, rhaR, rhaS
862 	 zraR, melR, fucR, rhaR, rhaS
863 	 zraR, melR, idnR, rhaR, rhaS
864 	 zraR, melR, idnR, fucR, rhaR, rhaS
865 	 zraR, rhaR, rhaS
866 	 zraR, fucR, rhaR, rhaS
867 	 zraR, idnR, rhaR, rhaS
868 	 zraR, idnR, fucR, rhaR, rhaS
869 	 zraR, melR, rhaR, rhaS
870 	 zraR, melR, fucR, rhaR, rhaS
871 	 zraR, melR, idnR, rhaR, rhaS
872 	 zraR, melR, idnR, fucR, rhaR, rhaS
873 	 zraR, rhaR, rhaS
874 	 zraR, fucR, rhaR, rhaS
875 	 zraR, idnR, rhaR, rhaS
876 	 zraR, melR, fucR, rhaR, rhaS
877 	 zraR, melR, rhaR, rhaS
878 	 zraR, idnR, fucR, rhaR, rhaS
879 	 zraR, melR, idnR, rhaR, rhaS
880 	 zraR, melR, idnR, fucR, rhaR, rhaS
881 	 zraR, rhaR, rhaS
882 	 zraR, fucR, rhaR, rhaS
883 	 zraR, melR, rhaR, rhaS
884 	 zraR, melR, fucR, rhaR, rhaS
885 	 zraR, idnR, rhaR, rhaS
886 	 zraR, idnR, fucR, rhaR, rhaS
887 	 zraR, melR, idnR, rhaR, rhaS
888 	 zraR, melR, idnR, fucR, rhaR, rhaS
889 	 zraR, rhaR, rhaS
890 	 zraR, fucR, rhaR, rhaS
891 	 zraR, melR, rhaR, rhaS
892 	 zraR, melR, fucR, rhaR, rhaS
893 	 zraR, idnR, rhaR, rhaS
894 	 zraR, idnR, fucR, rhaR, rhaS
895 	 zraR, melR, idnR, rhaR, rhaS
896 	 zraR, melR, idnR, fucR, rhaR, rhaS
897 	 zraR, fucR, rhaR, rhaS
898 	 zraR, idnR, fucR, rhaR, rhaS
899 	 zraR, melR, fucR, rhaR, rhaS
900 	 zraR, melR, idnR, fucR, rhaR, rhaS
901 	 zraR, fucR, rhaR, rhaS
902 	 zraR, melR, fucR, rhaR, rhaS
903 	 zraR, idnR, fucR, rhaR, rhaS
904 	 zraR, melR, idnR, fucR, rhaR, rhaS
905 	 zraR, fucR, rhaR, rhaS
906 	 zraR, fucR, rhaR, rhaS
907 	 zraR, melR, fucR, rhaR, rhaS
908 	 zraR, idnR, fucR, rhaR, rhaS
909 	 zraR, idnR, fucR, rhaR, rhaS
910 	 zraR, melR, fucR, rhaR, rhaS
911 	 zraR, melR, idnR, fucR, rhaR, rhaS
912 	 zraR, melR, idnR, fucR, rhaR, rhaS
913 	 zraR, fucR, rhaR, rhaS
914 	 zraR, fucR, rhaR, rhaS
915 	 zraR, idnR, fucR, rhaR, rhaS
916 	 zraR, idnR, fucR, rhaR, rhaS
917 	 zraR, melR, fucR, rhaR, rhaS
918 	 zraR, melR, fucR, rhaR, rhaS
919 	 zraR, melR, idnR, fucR, rhaR, rhaS
920 	 zraR, melR, idnR, fucR, rhaR, rhaS
921 	 zraR, fucR, rhaR, rhaS
922 	 zraR, melR, fucR, rhaR, rhaS
923 	 zraR, idnR, fucR, rhaR, rhaS
924 	 zraR, melR, idnR, fucR, rhaR, rhaS
925 	 zraR, fucR, rhaR, rhaS
926 	 zraR, idnR, fucR, rhaR, rhaS
927 	 zraR, melR, fucR, rhaR, rhaS
928 	 zraR, melR, idnR, fucR, rhaR, rhaS
929 	 zraR, rhaR, rhaS, csgD
930 	 zraR, melR, rhaR, rhaS, csgD
931 	 zraR, idnR, rhaR, rhaS, csgD
932 	 zraR, melR, idnR, rhaR, rhaS, csgD
933 	 zraR, rhaR, rhaS, csgD
934 	 zraR, idnR, rhaR, rhaS, csgD
935 	 zraR, melR, rhaR, rhaS, csgD
936 	 zraR, melR, idnR, rhaR, rhaS, csgD
937 	 zraR, rhaR, rhaS, csgD
938 	 zraR, melR, rhaR, rhaS, csgD
939 	 zraR, idnR, rhaR, rhaS, csgD
940 	 zraR, melR, idnR, rhaR, rhaS, csgD
941 	 zraR, rhaR, rhaS, csgD
942 	 zraR, melR, rhaR, rhaS, csgD
943 	 zraR, idnR, rhaR, rhaS, csgD
944 	 zraR, melR, idnR, rhaR, rhaS, csgD
945 	 zraR, rhaR, rhaS, csgD
946 	 zraR, idnR, rhaR, rhaS, csgD
947 	 zraR, melR, rhaR, rhaS, csgD
948 	 zraR, melR, idnR, rhaR, rhaS, csgD
949 	 zraR, rhaR, rhaS, csgD
950 	 zraR, melR, rhaR, rhaS, csgD
951 	 zraR, idnR, rhaR, rhaS, csgD
952 	 zraR, melR, idnR, rhaR, rhaS, csgD
953 	 zraR, rhaR, rhaS, csgD
954 	 zraR, idnR, rhaR, rhaS, csgD
955 	 zraR, melR, rhaR, rhaS, csgD
956 	 zraR, melR, idnR, rhaR, rhaS, csgD
957 	 zraR, rhaR, rhaS, csgD
958 	 zraR, idnR, rhaR, rhaS, csgD
959 	 zraR, melR, rhaR, rhaS, csgD
960 	 zraR, melR, idnR, rhaR, rhaS, csgD
961 	 zraR, rhaR, rhaS, csgD
962 	 zraR, fucR, rhaR, rhaS, csgD
963 	 zraR, idnR, rhaR, rhaS, csgD
964 	 zraR, idnR, fucR, rhaR, rhaS, csgD
965 	 zraR, melR, rhaR, rhaS, csgD
966 	 zraR, melR, fucR, rhaR, rhaS, csgD
967 	 zraR, melR, idnR, rhaR, rhaS, csgD
968 	 zraR, melR, idnR, fucR, rhaR, rhaS, csgD
969 	 zraR, rhaR, rhaS, csgD
970 	 zraR, fucR, rhaR, rhaS, csgD
971 	 zraR, melR, rhaR, rhaS, csgD
972 	 zraR, idnR, fucR, rhaR, rhaS, csgD
973 	 zraR, idnR, rhaR, rhaS, csgD
974 	 zraR, melR, fucR, rhaR, rhaS, csgD
975 	 zraR, melR, idnR, rhaR, rhaS, csgD
976 	 zraR, melR, idnR, fucR, rhaR, rhaS, csgD
977 	 zraR, rhaR, rhaS, csgD
978 	 zraR, fucR, rhaR, rhaS, csgD
979 	 zraR, melR, rhaR, rhaS, csgD
980 	 zraR, idnR, fucR, rhaR, rhaS, csgD
981 	 zraR, idnR, rhaR, rhaS, csgD
982 	 zraR, melR, fucR, rhaR, rhaS, csgD
983 	 zraR, melR, idnR, rhaR, rhaS, csgD
984 	 zraR, melR, idnR, fucR, rhaR, rhaS, csgD
985 	 zraR, rhaR, rhaS, csgD
986 	 zraR, fucR, rhaR, rhaS, csgD
987 	 zraR, idnR, rhaR, rhaS, csgD
988 	 zraR, idnR, fucR, rhaR, rhaS, csgD
989 	 zraR, melR, rhaR, rhaS, csgD
990 	 zraR, melR, fucR, rhaR, rhaS, csgD
991 	 zraR, melR, idnR, rhaR, rhaS, csgD
992 	 zraR, melR, idnR, fucR, rhaR, rhaS, csgD
993 	 zraR, rhaR, rhaS, csgD
994 	 zraR, fucR, rhaR, rhaS, csgD
995 	 zraR, melR, rhaR, rhaS, csgD
996 	 zraR, melR, fucR, rhaR, rhaS, csgD
997 	 zraR, idnR, rhaR, rhaS, csgD
998 	 zraR, idnR, fucR, rhaR, rhaS, csgD
999 	 zraR, melR, idnR, rhaR, rhaS, csgD
1000 	 zraR, melR, idnR, fucR, rhaR, rhaS, csgD
1001 	 zraR, rhaR, rhaS, csgD
1002 	 zraR, fucR, rhaR, rhaS, csgD
1003 	 zraR, idnR, rhaR, rhaS, csgD
1004 	 zraR, melR, fucR, rhaR, rhaS, csgD
1005 	 zraR, melR, rhaR, rhaS, csgD
1006 	 zraR, idnR, fucR, rhaR, rhaS, csgD
1007 	 zraR, melR, idnR, rhaR, rhaS, csgD
1008 	 zraR, melR, idnR, fucR, rhaR, rhaS, csgD
1009 	 zraR, rhaR, rhaS, csgD
1010 	 zraR, fucR, rhaR, rhaS, csgD
1011 	 zraR, idnR, rhaR, rhaS, csgD
1012 	 zraR, melR, fucR, rhaR, rhaS, csgD
1013 	 zraR, melR, rhaR, rhaS, csgD
1014 	 zraR, idnR, fucR, rhaR, rhaS, csgD
1015 	 zraR, melR, idnR, rhaR, rhaS, csgD
1016 	 zraR, melR, idnR, fucR, rhaR, rhaS, csgD
1017 	 zraR, rhaR, rhaS, csgD
1018 	 zraR, fucR, rhaR, rhaS, csgD
1019 	 zraR, melR, rhaR, rhaS, csgD
1020 	 zraR, melR, fucR, rhaR, rhaS, csgD
1021 	 zraR, idnR, rhaR, rhaS, csgD
1022 	 zraR, idnR, fucR, rhaR, rhaS, csgD
1023 	 zraR, melR, idnR, rhaR, rhaS, csgD
1024 	 zraR, melR, idnR, fucR, rhaR, rhaS, csgD
1025 	 zraR, fucR, rhaR, rhaS, csgD
1026 	 zraR, idnR, fucR, rhaR, rhaS, csgD
1027 	 zraR, melR, fucR, rhaR, rhaS, csgD
1028 	 zraR, melR, idnR, fucR, rhaR, rhaS, csgD
1029 	 zraR, fucR, rhaR, rhaS, csgD
1030 	 zraR, melR, fucR, rhaR, rhaS, csgD
1031 	 zraR, idnR, fucR, rhaR, rhaS, csgD
1032 	 zraR, melR, idnR, fucR, rhaR, rhaS, csgD
1033 	 zraR, fucR, rhaR, rhaS, csgD
1034 	 zraR, fucR, rhaR, rhaS, csgD
1035 	 zraR, idnR, fucR, rhaR, rhaS, csgD
1036 	 zraR, melR, fucR, rhaR, rhaS, csgD
1037 	 zraR, melR, fucR, rhaR, rhaS, csgD
1038 	 zraR, idnR, fucR, rhaR, rhaS, csgD
1039 	 zraR, melR, idnR, fucR, rhaR, rhaS, csgD
1040 	 zraR, melR, idnR, fucR, rhaR, rhaS, csgD
1041 	 zraR, fucR, rhaR, rhaS, csgD
1042 	 zraR, fucR, rhaR, rhaS, csgD
1043 	 zraR, melR, fucR, rhaR, rhaS, csgD
1044 	 zraR, melR, fucR, rhaR, rhaS, csgD
1045 	 zraR, idnR, fucR, rhaR, rhaS, csgD
1046 	 zraR, idnR, fucR, rhaR, rhaS, csgD
1047 	 zraR, melR, idnR, fucR, rhaR, rhaS, csgD
1048 	 zraR, melR, idnR, fucR, rhaR, rhaS, csgD
1049 	 zraR, fucR, rhaR, rhaS, csgD
1050 	 zraR, idnR, fucR, rhaR, rhaS, csgD
1051 	 zraR, melR, fucR, rhaR, rhaS, csgD
1052 	 zraR, melR, idnR, fucR, rhaR, rhaS, csgD
1053 	 zraR, fucR, rhaR, rhaS, csgD
1054 	 zraR, idnR, fucR, rhaR, rhaS, csgD
1055 	 zraR, melR, fucR, rhaR, rhaS, csgD
1056 	 zraR, melR, idnR, fucR, rhaR, rhaS, csgD
1057 	 zraR, araC, rhaR, rhaS
1058 	 zraR, araC, idnR, rhaR, rhaS
1059 	 zraR, melR, araC, rhaR, rhaS
1060 	 zraR, melR, araC, idnR, rhaR, rhaS
1061 	 zraR, araC, rhaR, rhaS
1062 	 zraR, araC, idnR, rhaR, rhaS
1063 	 zraR, melR, araC, rhaR, rhaS
1064 	 zraR, melR, araC, idnR, rhaR, rhaS
1065 	 zraR, araC, rhaR, rhaS
1066 	 zraR, araC, rhaR, rhaS
1067 	 zraR, melR, araC, rhaR, rhaS
1068 	 zraR, araC, idnR, rhaR, rhaS
1069 	 zraR, araC, idnR, rhaR, rhaS
1070 	 zraR, melR, araC, rhaR, rhaS
1071 	 zraR, melR, araC, idnR, rhaR, rhaS
1072 	 zraR, melR, araC, idnR, rhaR, rhaS
1073 	 zraR, araC, rhaR, rhaS
1074 	 zraR, araC, rhaR, rhaS
1075 	 zraR, araC, idnR, rhaR, rhaS
1076 	 zraR, araC, idnR, rhaR, rhaS
1077 	 zraR, melR, araC, rhaR, rhaS
1078 	 zraR, melR, araC, rhaR, rhaS
1079 	 zraR, melR, araC, idnR, rhaR, rhaS
1080 	 zraR, melR, araC, idnR, rhaR, rhaS
1081 	 zraR, araC, rhaR, rhaS
1082 	 zraR, araC, idnR, rhaR, rhaS
1083 	 zraR, melR, araC, rhaR, rhaS
1084 	 zraR, melR, araC, idnR, rhaR, rhaS
1085 	 zraR, araC, rhaR, rhaS
1086 	 zraR, araC, idnR, rhaR, rhaS
1087 	 zraR, melR, araC, rhaR, rhaS
1088 	 zraR, melR, araC, idnR, rhaR, rhaS
1089 	 zraR, araC, rhaR, rhaS
1090 	 zraR, araC, fucR, rhaR, rhaS
1091 	 zraR, araC, idnR, rhaR, rhaS
1092 	 zraR, araC, idnR, fucR, rhaR, rhaS
1093 	 zraR, melR, araC, rhaR, rhaS
1094 	 zraR, melR, araC, fucR, rhaR, rhaS
1095 	 zraR, melR, araC, idnR, rhaR, rhaS
1096 	 zraR, melR, araC, idnR, fucR, rhaR, rhaS
1097 	 zraR, araC, rhaR, rhaS
1098 	 zraR, araC, fucR, rhaR, rhaS
1099 	 zraR, araC, idnR, rhaR, rhaS
1100 	 zraR, melR, araC, fucR, rhaR, rhaS
1101 	 zraR, melR, araC, rhaR, rhaS
1102 	 zraR, araC, idnR, fucR, rhaR, rhaS
1103 	 zraR, melR, araC, idnR, rhaR, rhaS
1104 	 zraR, melR, araC, idnR, fucR, rhaR, rhaS
1105 	 zraR, araC, rhaR, rhaS
1106 	 zraR, araC, fucR, rhaR, rhaS
1107 	 zraR, melR, araC, rhaR, rhaS
1108 	 zraR, araC, idnR, fucR, rhaR, rhaS
1109 	 zraR, araC, idnR, rhaR, rhaS
1110 	 zraR, melR, araC, fucR, rhaR, rhaS
1111 	 zraR, melR, araC, idnR, rhaR, rhaS
1112 	 zraR, melR, araC, idnR, fucR, rhaR, rhaS
1113 	 zraR, araC, rhaR, rhaS
1114 	 zraR, araC, fucR, rhaR, rhaS
1115 	 zraR, araC, idnR, rhaR, rhaS
1116 	 zraR, araC, idnR, fucR, rhaR, rhaS
1117 	 zraR, melR, araC, rhaR, rhaS
1118 	 zraR, melR, araC, fucR, rhaR, rhaS
1119 	 zraR, melR, araC, idnR, rhaR, rhaS
1120 	 zraR, melR, araC, idnR, fucR, rhaR, rhaS
1121 	 zraR, araC, rhaR, rhaS
1122 	 zraR, araC, fucR, rhaR, rhaS
1123 	 zraR, araC, idnR, rhaR, rhaS
1124 	 zraR, araC, idnR, fucR, rhaR, rhaS
1125 	 zraR, melR, araC, rhaR, rhaS
1126 	 zraR, melR, araC, fucR, rhaR, rhaS
1127 	 zraR, melR, araC, idnR, rhaR, rhaS
1128 	 zraR, melR, araC, idnR, fucR, rhaR, rhaS
1129 	 zraR, araC, rhaR, rhaS
1130 	 zraR, araC, fucR, rhaR, rhaS
1131 	 zraR, araC, idnR, rhaR, rhaS
1132 	 zraR, melR, araC, fucR, rhaR, rhaS
1133 	 zraR, melR, araC, rhaR, rhaS
1134 	 zraR, araC, idnR, fucR, rhaR, rhaS
1135 	 zraR, melR, araC, idnR, rhaR, rhaS
1136 	 zraR, melR, araC, idnR, fucR, rhaR, rhaS
1137 	 zraR, araC, rhaR, rhaS
1138 	 zraR, araC, fucR, rhaR, rhaS
1139 	 zraR, melR, araC, rhaR, rhaS
1140 	 zraR, araC, idnR, fucR, rhaR, rhaS
1141 	 zraR, araC, idnR, rhaR, rhaS
1142 	 zraR, melR, araC, fucR, rhaR, rhaS
1143 	 zraR, melR, araC, idnR, rhaR, rhaS
1144 	 zraR, melR, araC, idnR, fucR, rhaR, rhaS
1145 	 zraR, araC, rhaR, rhaS
1146 	 zraR, araC, fucR, rhaR, rhaS
1147 	 zraR, araC, idnR, rhaR, rhaS
1148 	 zraR, araC, idnR, fucR, rhaR, rhaS
1149 	 zraR, melR, araC, rhaR, rhaS
1150 	 zraR, melR, araC, fucR, rhaR, rhaS
1151 	 zraR, melR, araC, idnR, rhaR, rhaS
1152 	 zraR, melR, araC, idnR, fucR, rhaR, rhaS
1153 	 zraR, araC, fucR, rhaR, rhaS
1154 	 zraR, melR, araC, fucR, rhaR, rhaS
1155 	 zraR, araC, idnR, fucR, rhaR, rhaS
1156 	 zraR, melR, araC, idnR, fucR, rhaR, rhaS
1157 	 zraR, araC, fucR, rhaR, rhaS
1158 	 zraR, araC, idnR, fucR, rhaR, rhaS
1159 	 zraR, melR, araC, fucR, rhaR, rhaS
1160 	 zraR, melR, araC, idnR, fucR, rhaR, rhaS
1161 	 zraR, araC, fucR, rhaR, rhaS
1162 	 zraR, araC, fucR, rhaR, rhaS
1163 	 zraR, araC, idnR, fucR, rhaR, rhaS
1164 	 zraR, melR, araC, fucR, rhaR, rhaS
1165 	 zraR, melR, araC, fucR, rhaR, rhaS
1166 	 zraR, araC, idnR, fucR, rhaR, rhaS
1167 	 zraR, melR, araC, idnR, fucR, rhaR, rhaS
1168 	 zraR, melR, araC, idnR, fucR, rhaR, rhaS
1169 	 zraR, araC, fucR, rhaR, rhaS
1170 	 zraR, araC, fucR, rhaR, rhaS
1171 	 zraR, melR, araC, fucR, rhaR, rhaS
1172 	 zraR, melR, araC, fucR, rhaR, rhaS
1173 	 zraR, araC, idnR, fucR, rhaR, rhaS
1174 	 zraR, araC, idnR, fucR, rhaR, rhaS
1175 	 zraR, melR, araC, idnR, fucR, rhaR, rhaS
1176 	 zraR, melR, araC, idnR, fucR, rhaR, rhaS
1177 	 zraR, araC, fucR, rhaR, rhaS
1178 	 zraR, melR, araC, fucR, rhaR, rhaS
1179 	 zraR, araC, idnR, fucR, rhaR, rhaS
1180 	 zraR, melR, araC, idnR, fucR, rhaR, rhaS
1181 	 zraR, araC, fucR, rhaR, rhaS
1182 	 zraR, araC, idnR, fucR, rhaR, rhaS
1183 	 zraR, melR, araC, fucR, rhaR, rhaS
1184 	 zraR, melR, araC, idnR, fucR, rhaR, rhaS
1185 	 zraR, araC, rhaR, rhaS, csgD
1186 	 zraR, araC, idnR, rhaR, rhaS, csgD
1187 	 zraR, melR, araC, rhaR, rhaS, csgD
1188 	 zraR, melR, araC, idnR, rhaR, rhaS, csgD
1189 	 zraR, araC, rhaR, rhaS, csgD
1190 	 zraR, melR, araC, rhaR, rhaS, csgD
1191 	 zraR, araC, idnR, rhaR, rhaS, csgD
1192 	 zraR, melR, araC, idnR, rhaR, rhaS, csgD
1193 	 zraR, araC, rhaR, rhaS, csgD
1194 	 zraR, araC, idnR, rhaR, rhaS, csgD
1195 	 zraR, melR, araC, rhaR, rhaS, csgD
1196 	 zraR, melR, araC, idnR, rhaR, rhaS, csgD
1197 	 zraR, araC, rhaR, rhaS, csgD
1198 	 zraR, araC, idnR, rhaR, rhaS, csgD
1199 	 zraR, melR, araC, rhaR, rhaS, csgD
1200 	 zraR, melR, araC, idnR, rhaR, rhaS, csgD
1201 	 zraR, araC, rhaR, rhaS, csgD
1202 	 zraR, melR, araC, rhaR, rhaS, csgD
1203 	 zraR, araC, idnR, rhaR, rhaS, csgD
1204 	 zraR, melR, araC, idnR, rhaR, rhaS, csgD
1205 	 zraR, araC, rhaR, rhaS, csgD
1206 	 zraR, araC, idnR, rhaR, rhaS, csgD
1207 	 zraR, melR, araC, rhaR, rhaS, csgD
1208 	 zraR, melR, araC, idnR, rhaR, rhaS, csgD
1209 	 zraR, araC, rhaR, rhaS, csgD
1210 	 zraR, melR, araC, rhaR, rhaS, csgD
1211 	 zraR, araC, idnR, rhaR, rhaS, csgD
1212 	 zraR, melR, araC, idnR, rhaR, rhaS, csgD
1213 	 zraR, araC, rhaR, rhaS, csgD
1214 	 zraR, melR, araC, rhaR, rhaS, csgD
1215 	 zraR, araC, idnR, rhaR, rhaS, csgD
1216 	 zraR, melR, araC, idnR, rhaR, rhaS, csgD
1217 	 zraR, araC, rhaR, rhaS, csgD
1218 	 zraR, araC, fucR, rhaR, rhaS, csgD
1219 	 zraR, melR, araC, rhaR, rhaS, csgD
1220 	 zraR, melR, araC, fucR, rhaR, rhaS, csgD
1221 	 zraR, araC, idnR, rhaR, rhaS, csgD
1222 	 zraR, araC, idnR, fucR, rhaR, rhaS, csgD
1223 	 zraR, melR, araC, idnR, rhaR, rhaS, csgD
1224 	 zraR, melR, araC, idnR, fucR, rhaR, rhaS, csgD
1225 	 zraR, araC, rhaR, rhaS, csgD
1226 	 zraR, araC, fucR, rhaR, rhaS, csgD
1227 	 zraR, araC, idnR, rhaR, rhaS, csgD
1228 	 zraR, melR, araC, fucR, rhaR, rhaS, csgD
1229 	 zraR, melR, araC, rhaR, rhaS, csgD
1230 	 zraR, araC, idnR, fucR, rhaR, rhaS, csgD
1231 	 zraR, melR, araC, idnR, rhaR, rhaS, csgD
1232 	 zraR, melR, araC, idnR, fucR, rhaR, rhaS, csgD
1233 	 zraR, araC, rhaR, rhaS, csgD
1234 	 zraR, araC, fucR, rhaR, rhaS, csgD
1235 	 zraR, araC, idnR, rhaR, rhaS, csgD
1236 	 zraR, melR, araC, fucR, rhaR, rhaS, csgD
1237 	 zraR, melR, araC, rhaR, rhaS, csgD
1238 	 zraR, araC, idnR, fucR, rhaR, rhaS, csgD
1239 	 zraR, melR, araC, idnR, rhaR, rhaS, csgD
1240 	 zraR, melR, araC, idnR, fucR, rhaR, rhaS, csgD
1241 	 zraR, araC, rhaR, rhaS, csgD
1242 	 zraR, araC, fucR, rhaR, rhaS, csgD
1243 	 zraR, melR, araC, rhaR, rhaS, csgD
1244 	 zraR, melR, araC, fucR, rhaR, rhaS, csgD
1245 	 zraR, araC, idnR, rhaR, rhaS, csgD
1246 	 zraR, araC, idnR, fucR, rhaR, rhaS, csgD
1247 	 zraR, melR, araC, idnR, rhaR, rhaS, csgD
1248 	 zraR, melR, araC, idnR, fucR, rhaR, rhaS, csgD
1249 	 zraR, araC, rhaR, rhaS, csgD
1250 	 zraR, araC, fucR, rhaR, rhaS, csgD
1251 	 zraR, araC, idnR, rhaR, rhaS, csgD
1252 	 zraR, araC, idnR, fucR, rhaR, rhaS, csgD
1253 	 zraR, melR, araC, rhaR, rhaS, csgD
1254 	 zraR, melR, araC, fucR, rhaR, rhaS, csgD
1255 	 zraR, melR, araC, idnR, rhaR, rhaS, csgD
1256 	 zraR, melR, araC, idnR, fucR, rhaR, rhaS, csgD
1257 	 zraR, araC, rhaR, rhaS, csgD
1258 	 zraR, araC, fucR, rhaR, rhaS, csgD
1259 	 zraR, melR, araC, rhaR, rhaS, csgD
1260 	 zraR, araC, idnR, fucR, rhaR, rhaS, csgD
1261 	 zraR, araC, idnR, rhaR, rhaS, csgD
1262 	 zraR, melR, araC, fucR, rhaR, rhaS, csgD
1263 	 zraR, melR, araC, idnR, rhaR, rhaS, csgD
1264 	 zraR, melR, araC, idnR, fucR, rhaR, rhaS, csgD
1265 	 zraR, araC, rhaR, rhaS, csgD
1266 	 zraR, araC, fucR, rhaR, rhaS, csgD
1267 	 zraR, melR, araC, rhaR, rhaS, csgD
1268 	 zraR, araC, idnR, fucR, rhaR, rhaS, csgD
1269 	 zraR, araC, idnR, rhaR, rhaS, csgD
1270 	 zraR, melR, araC, fucR, rhaR, rhaS, csgD
1271 	 zraR, melR, araC, idnR, rhaR, rhaS, csgD
1272 	 zraR, melR, araC, idnR, fucR, rhaR, rhaS, csgD
1273 	 zraR, araC, rhaR, rhaS, csgD
1274 	 zraR, araC, fucR, rhaR, rhaS, csgD
1275 	 zraR, araC, idnR, rhaR, rhaS, csgD
1276 	 zraR, araC, idnR, fucR, rhaR, rhaS, csgD
1277 	 zraR, melR, araC, rhaR, rhaS, csgD
1278 	 zraR, melR, araC, fucR, rhaR, rhaS, csgD
1279 	 zraR, melR, araC, idnR, rhaR, rhaS, csgD
1280 	 zraR, melR, araC, idnR, fucR, rhaR, rhaS, csgD
1281 	 zraR, araC, fucR, rhaR, rhaS, csgD
1282 	 zraR, araC, fucR, rhaR, rhaS, csgD
1283 	 zraR, araC, idnR, fucR, rhaR, rhaS, csgD
1284 	 zraR, melR, araC, fucR, rhaR, rhaS, csgD
1285 	 zraR, araC, idnR, fucR, rhaR, rhaS, csgD
1286 	 zraR, melR, araC, idnR, fucR, rhaR, rhaS, csgD
1287 	 zraR, melR, araC, fucR, rhaR, rhaS, csgD
1288 	 zraR, melR, araC, idnR, fucR, rhaR, rhaS, csgD
1289 	 zraR, araC, fucR, rhaR, rhaS, csgD
1290 	 zraR, araC
1291 	 zraR, melR, araC
1292 	 zraR, araC, idnR
1293 	 zraR, araC
1294 	 zraR, melR, araC
1295 	 zraR, melR, araC, idnR
1296 	 zraR, araC, idnR
1297 	 zraR, melR, araC, idnR
1298 	 zraR, araC
1299 	 zraR, araC
1300 	 zraR, araC, idnR
1301 	 zraR, araC, idnR
1302 	 zraR, melR, araC
1303 	 zraR, araC
1304 	 zraR, melR, araC, idnR
1305 	 zraR, araC, idnR
1306 	 zraR, araC
1307 	 zraR, melR, araC
1308 	 zraR, melR, araC
1309 	 zraR, melR, araC
1310 	 zraR, araC
1311 	 zraR, melR, araC
1312 	 zraR, araC
1313 	 zraR, araC, idnR
1314 	 zraR, melR, araC
1315 	 zraR, melR, araC, idnR
1316 	 zraR, araC, idnR
1317 	 zraR, melR, araC, idnR
1318 	 zraR, melR, araC, idnR
1319 	 zraR, araC, idnR
1320 	 zraR, melR, araC, idnR
1321 	 zraR, melR, araC, idnR
1322 	 zraR, araC, fucR
1323 	 zraR, araC
1324 	 zraR, araC, fucR
1325 	 zraR, araC
1326 	 zraR, araC, fucR
1327 	 zraR, araC, idnR
1328 	 zraR, araC, fucR
1329 	 zraR, araC
1330 	 zraR, araC, fucR
1331 	 zraR, araC, fucR
1332 	 zraR, araC, idnR
1333 	 zraR, araC
1334 	 zraR, araC
1335 	 zraR, araC, idnR, fucR
1336 	 zraR, araC, fucR
1337 	 zraR, araC, idnR, fucR
1338 	 zraR, araC
1339 	 zraR, araC, idnR, fucR
1340 	 zraR, araC, fucR
1341 	 zraR, melR, araC
1342 	 zraR, araC, fucR
1343 	 zraR, araC, idnR
1344 	 zraR, araC, fucR
1345 	 zraR, melR, araC, fucR
1346 	 zraR, araC, idnR, fucR
1347 	 zraR, araC
1348 	 zraR, melR, araC, idnR, fucR
1349 	 zraR, melR, araC
1350 	 zraR, melR, araC, fucR
1351 	 zraR, melR, araC, fucR
1352 	 zraR, melR, araC
1353 	 zraR, melR, araC
1354 	 zraR, araC, idnR
1355 	 zraR, melR, araC, fucR
1356 	 zraR, melR, araC, idnR, fucR
1357 	 zraR, araC
1358 	 zraR, araC, idnR, fucR
1359 	 zraR, melR, araC, idnR
1360 	 zraR, melR, araC, fucR
1361 	 zraR, melR, araC, idnR, fucR
1362 	 zraR, melR, araC
1363 	 zraR, araC, idnR, fucR
1364 	 zraR, araC, fucR
1365 	 zraR, melR, araC, idnR, fucR
1366 	 zraR, araC, fucR
1367 	 zraR, araC, idnR, fucR
1368 	 zraR, melR, araC
1369 	 zraR, melR, araC, fucR
1370 	 zraR, melR, araC, fucR
1371 	 zraR, araC, idnR
1372 	 zraR, araC, idnR, fucR
1373 	 zraR, melR, araC, idnR
1374 	 zraR, araC, idnR, fucR
1375 	 zraR, araC, idnR
1376 	 zraR, melR, araC, idnR
1377 	 zraR, araC, idnR
1378 	 zraR, melR, araC, fucR
1379 	 zraR, melR, araC, fucR
1380 	 zraR, melR, araC, idnR
1381 	 zraR, melR, araC, fucR
1382 	 zraR, melR, araC
1383 	 zraR, melR, araC, idnR, fucR
1384 	 zraR, araC, idnR, fucR
1385 	 zraR, melR, araC, fucR
1386 	 zraR, melR, araC, idnR
1387 	 zraR, araC, idnR, fucR
1388 	 zraR, melR, araC, fucR
1389 	 zraR, araC, fucR
1390 	 zraR, araC, fucR
1391 	 zraR, melR, araC, idnR, fucR
1392 	 zraR, araC, idnR
1393 	 zraR, araC, idnR, fucR
1394 	 zraR, melR, araC, fucR
1395 	 zraR, araC, fucR
1396 	 zraR, araC, fucR
1397 	 zraR, melR, araC, fucR
1398 	 zraR, araC, idnR, fucR
1399 	 zraR, melR, araC
1400 	 zraR, melR, araC, idnR
1401 	 zraR, melR, araC, idnR, fucR
1402 	 zraR, melR, araC, idnR
1403 	 zraR, melR, araC, idnR, fucR
1404 	 zraR, melR, araC, idnR, fucR
1405 	 zraR, melR, araC, idnR, fucR
1406 	 zraR, melR, araC, idnR, fucR
1407 	 zraR, araC, idnR, fucR
1408 	 zraR, araC, idnR, fucR
1409 	 zraR, melR, araC, idnR, fucR
1410 	 zraR, melR, araC, idnR, fucR
1411 	 zraR, araC, idnR, fucR
1412 	 zraR, araC, csgD
1413 	 zraR, melR, araC, idnR, fucR
1414 	 zraR, araC, fucR, csgD
1415 	 zraR, araC, idnR, csgD
1416 	 zraR, melR, araC, idnR
1417 	 zraR, araC, csgD
1418 	 zraR, araC, csgD
1419 	 zraR, melR, araC, csgD
1420 	 zraR, araC, idnR, csgD
1421 	 zraR, araC, csgD
1422 	 zraR, melR, araC, fucR
1423 	 zraR, araC, idnR, csgD
1424 	 zraR, melR, araC, idnR, fucR
1425 	 zraR, araC, fucR, csgD
1426 	 zraR, melR, araC, fucR
1427 	 zraR, araC, idnR, fucR, csgD
1428 	 zraR, melR, araC, csgD
1429 	 zraR, melR, araC, csgD
1430 	 zraR, araC, idnR, csgD
1431 	 zraR, melR, araC, fucR, csgD
1432 	 zraR, araC, fucR, csgD
1433 	 zraR, araC, csgD
1434 	 zraR, melR, araC, fucR, csgD
1435 	 zraR, araC, idnR, fucR, csgD
1436 	 zraR, melR, araC, idnR, csgD
1437 	 zraR, araC, fucR, csgD
1438 	 zraR, araC, csgD
1439 	 zraR, melR, araC, idnR, csgD
1440 	 zraR, araC, fucR, csgD
1441 	 zraR, araC, idnR, csgD
1442 	 zraR, melR, araC, idnR, fucR, csgD
1443 	 zraR, araC, csgD
1444 	 zraR, melR, araC, csgD
1445 	 zraR, melR, araC, idnR, csgD
1446 	 zraR, araC, csgD
1447 	 zraR, melR, araC, csgD
1448 	 zraR, melR, araC, csgD
1449 	 zraR, araC, idnR, csgD
1450 	 zraR, araC, idnR, fucR, csgD
1451 	 zraR, melR, araC, fucR, csgD
1452 	 zraR, araC, csgD
1453 	 zraR, melR, araC, csgD
1454 	 zraR, araC, csgD
1455 	 zraR, araC, csgD
1456 	 zraR, araC, csgD
1457 	 zraR, araC, fucR, csgD
1458 	 zraR, araC, csgD
1459 	 zraR, araC, csgD
1460 	 zraR, araC, idnR, csgD
1461 	 zraR, melR, araC, csgD
1462 	 zraR, araC, fucR, csgD
1463 	 zraR, araC, idnR, csgD
1464 	 zraR, araC, fucR, csgD
1465 	 zraR, araC, fucR, csgD
1466 	 zraR, melR, araC, csgD
1467 	 zraR, araC, idnR, fucR, csgD
1468 	 zraR, melR, araC, fucR, csgD
1469 	 zraR, melR, araC, idnR, fucR, csgD
1470 	 zraR, araC, fucR, csgD
1471 	 zraR, araC, idnR, csgD
1472 	 zraR, melR, araC, csgD
1473 	 zraR, araC, fucR, csgD
1474 	 zraR, araC, csgD
1475 	 zraR, melR, araC, fucR, csgD
1476 	 zraR, melR, araC, idnR, csgD
1477 	 zraR, araC, idnR, csgD
1478 	 zraR, melR, araC, idnR, csgD
1479 	 zraR, melR, araC, csgD
1480 	 zraR, araC, idnR, csgD
1481 	 zraR, araC, idnR, fucR, csgD
1482 	 zraR, melR, araC, idnR, csgD
1483 	 zraR, melR, araC, idnR, fucR
1484 	 zraR, araC, fucR, csgD
1485 	 zraR, araC, idnR, csgD
1486 	 zraR, araC, idnR, fucR, csgD
1487 	 zraR, melR, araC, fucR, csgD
1488 	 zraR, melR, araC, csgD
1489 	 zraR, araC, idnR, csgD
1490 	 zraR, araC, idnR, fucR, csgD
1491 	 zraR, melR, araC, idnR, csgD
1492 	 zraR, melR, araC, fucR, csgD
1493 	 zraR, araC, idnR, fucR, csgD
1494 	 zraR, araC, fucR, csgD
1495 	 zraR, melR, araC, csgD
1496 	 zraR, melR, araC, idnR, csgD
1497 	 zraR, melR, araC, idnR, csgD
1498 	 zraR, melR, araC, idnR, fucR, csgD
1499 	 zraR, melR, araC, idnR, fucR, csgD
1500 	 zraR, melR, araC, csgD
1501 	 zraR, araC, idnR, fucR, csgD
1502 	 zraR, melR, araC, fucR, csgD
1503 	 zraR, araC, csgD
1504 	 zraR, araC, idnR, csgD
1505 	 zraR, melR, araC, idnR, fucR, csgD
1506 	 zraR, araC, idnR, fucR, csgD
1507 	 zraR, araC, fucR, csgD
1508 	 zraR, melR, araC, csgD
1509 	 zraR, araC, fucR, csgD
1510 	 zraR, araC, idnR, fucR, csgD
1511 	 zraR, melR, araC, idnR, csgD
1512 	 zraR, melR, araC, idnR, fucR, csgD
1513 	 zraR, melR, araC, idnR, csgD
1514 	 zraR, melR, araC, idnR, csgD
1515 	 zraR, araC, idnR, csgD
1516 	 zraR, araC, idnR, fucR, csgD
1517 	 zraR, araC, idnR, fucR, csgD
1518 	 zraR, melR, araC, fucR, csgD
1519 	 zraR, melR, araC, fucR, csgD
1520 	 zraR, melR, araC, fucR, csgD
1521 	 zraR, melR, araC, fucR, csgD
1522 	 zraR, melR, araC, idnR, csgD
1523 	 zraR, melR, araC, csgD
1524 	 zraR, melR, araC, idnR, csgD
1525 	 zraR, melR, araC, idnR, fucR, csgD
1526 	 zraR, melR, araC, idnR, fucR, csgD
1527 	 zraR, melR, araC, idnR, fucR, csgD
1528 	 zraR, melR, araC, idnR, fucR, csgD
1529 	 zraR, melR, araC, idnR, fucR, csgD
1530 	 zraR, araC, fucR, csgD
1531 	 zraR, melR, araC, idnR, csgD
1532 	 zraR, melR, araC, fucR, csgD
1533 	 zraR, melR, araC, fucR, csgD
1534 	 zraR, araC, idnR, csgD
1535 	 zraR, melR, araC, fucR, csgD
1536 	 zraR, melR, araC, idnR, fucR, csgD
1537 	 zraR, araC, idnR, fucR, csgD
1538 	 zraR, araC, idnR, fucR, csgD
1539 	 zraR, melR, araC, idnR, csgD
1540 	 zraR, araC, idnR, fucR, csgD
1541 	 zraR, melR, araC, idnR, fucR, csgD
1542 	 zraR, melR, araC, fucR, csgD
1543 	 zraR, melR, araC, idnR, fucR, csgD
1544 	 zraR, melR, araC, idnR, fucR, csgD
1545 	 zraR, melR, araC, idnR, fucR, csgD
1546 	 zraR, melR, araC, fucR, rhaR, rhaS, csgD
1547 	 zraR, araC, fucR, rhaR, rhaS, csgD
1548 	 zraR, araC, idnR, fucR, rhaR, rhaS, csgD
1549 	 zraR, araC, fucR, rhaR, rhaS, csgD
1550 	 zraR, araC, idnR, fucR, rhaR, rhaS, csgD
1551 	 zraR, araC, fucR, rhaR, rhaS, csgD
1552 	 zraR, araC, idnR, fucR, rhaR, rhaS, csgD
1553 	 zraR, melR, araC, fucR, rhaR, rhaS, csgD
1554 	 zraR, araC, fucR, rhaR, rhaS, csgD
1555 	 zraR, araC, idnR, fucR, rhaR, rhaS, csgD
1556 	 zraR, melR, araC, fucR, rhaR, rhaS, csgD
1557 	 zraR, araC, fucR, rhaR, rhaS, csgD
1558 	 zraR, melR, araC, idnR, fucR, rhaR, rhaS, csgD
1559 	 zraR, melR, araC, fucR, rhaR, rhaS, csgD
1560 	 zraR, araC, idnR, fucR, rhaR, rhaS, csgD
1561 	 zraR, araC, idnR, fucR, rhaR, rhaS, csgD
1562 	 zraR, melR, araC, fucR, rhaR, rhaS, csgD
1563 	 zraR, melR, araC, idnR, fucR, rhaR, rhaS, csgD
1564 	 zraR, melR, araC, fucR, rhaR, rhaS, csgD
1565 	 zraR, melR, araC, idnR, fucR, rhaR, rhaS, csgD
1566 	 zraR, melR, araC, idnR, fucR, rhaR, rhaS, csgD
1567 	 zraR, melR, araC, idnR, fucR, rhaR, rhaS, csgD
1568 	 zraR, melR, araC, idnR, fucR, rhaR, rhaS, csgD
1569 	 zraR, rhaR, rhaS
1570 	 zraR, melR, rhaR, rhaS
1571 	 zraR, idnR, rhaR, rhaS
1572 	 zraR, rhaR, rhaS, csgD
1573 	 zraR, rhaR, rhaS
1574 	 zraR, rhaR, rhaS
1575 	 zraR, rhaR, rhaS
1576 	 zraR, melR, rhaR, rhaS
1577 	 zraR, idnR, rhaR, rhaS
1578 	 zraR, fucR, rhaR, rhaS
1579 	 zraR, rhaR, rhaS, csgD
1580 	 zraR, fucR, rhaR, rhaS
1581 	 zraR, melR, rhaR, rhaS, csgD
1582 	 zraR, fucR, rhaR, rhaS
1583 	 zraR, rhaR, rhaS
1584 	 zraR, rhaR, rhaS
1585 	 zraR, melR, rhaR, rhaS
1586 	 zraR, rhaR, rhaS, csgD
1587 	 zraR, fucR, rhaR, rhaS
1588 	 zraR, rhaR, rhaS
1589 	 zraR, rhaR, rhaS, csgD
1590 	 zraR, melR, rhaR, rhaS
1591 	 zraR, rhaR, rhaS
1592 	 zraR, fucR, rhaR, rhaS
1593 	 zraR, melR, rhaR, rhaS
1594 	 zraR, fucR, rhaR, rhaS
1595 	 zraR, idnR, rhaR, rhaS
1596 	 zraR, fucR, rhaR, rhaS
1597 	 zraR, idnR, rhaR, rhaS, csgD
1598 	 zraR, fucR, rhaR, rhaS, csgD
1599 	 zraR, melR, idnR, rhaR, rhaS
1600 	 zraR, rhaR, rhaS, csgD
1601 	 zraR, melR, idnR, rhaR, rhaS
1602 	 zraR, rhaR, rhaS, csgD
1603 	 zraR, melR, fucR, rhaR, rhaS
1604 	 zraR, idnR, rhaR, rhaS
1605 	 zraR, melR, fucR, rhaR, rhaS
1606 	 zraR, idnR, rhaR, rhaS, csgD
1607 	 zraR, melR, fucR, rhaR, rhaS
1608 	 zraR, rhaR, rhaS, csgD
1609 	 zraR, rhaR, rhaS
1610 	 zraR, fucR, rhaR, rhaS, csgD
1611 	 zraR, melR, rhaR, rhaS
1612 	 zraR, idnR, fucR, rhaR, rhaS
1613 	 zraR, rhaR, rhaS
1614 	 zraR, idnR, fucR, rhaR, rhaS, csgD
1615 	 zraR, rhaR, rhaS
1616 	 zraR, idnR, rhaR, rhaS
1617 	 zraR, melR, rhaR, rhaS
1618 	 zraR, idnR, fucR, rhaR, rhaS
1619 	 zraR, melR, rhaR, rhaS
1620 	 zraR, idnR, rhaR, rhaS, csgD
1621 	 zraR, melR, fucR, rhaR, rhaS
1622 	 zraR, rhaR, rhaS, csgD
1623 	 zraR, melR, fucR, rhaR, rhaS
1624 	 zraR, araC, rhaR, rhaS
1625 	 zraR, rhaR, rhaS
1626 	 zraR, araC, fucR, rhaR, rhaS
1627 	 zraR, rhaR, rhaS, csgD
1628 	 zraR, araC, rhaR, rhaS
1629 	 zraR, melR, fucR, rhaR, rhaS
1630 	 zraR, araC, rhaR, rhaS, csgD
1631 	 zraR, fucR, rhaR, rhaS
1632 	 zraR, araC, idnR, rhaR, rhaS
1633 	 zraR, fucR, rhaR, rhaS, csgD
1634 	 zraR, araC, rhaR, rhaS
1635 	 zraR, melR, idnR, rhaR, rhaS, csgD
1636 	 zraR, araC, rhaR, rhaS
1637 	 zraR, idnR, rhaR, rhaS
1638 	 zraR, araC, fucR, rhaR, rhaS, csgD
1639 	 zraR, idnR, rhaR, rhaS
1640 	 zraR, melR, araC, rhaR, rhaS
1641 	 zraR, idnR, fucR, rhaR, rhaS
1642 	 zraR, araC, rhaR, rhaS
1643 	 zraR, melR, idnR, rhaR, rhaS
1644 	 zraR, araC, fucR, rhaR, rhaS
1645 	 zraR, melR, idnR, rhaR, rhaS
1646 	 zraR, araC, rhaR, rhaS, csgD
1647 	 zraR, idnR, fucR, rhaR, rhaS
1648 	 zraR, araC, rhaR, rhaS
1649 	 zraR, melR, fucR, rhaR, rhaS, csgD
1650 	 zraR, araC, idnR, rhaR, rhaS
1651 	 zraR, melR, rhaR, rhaS, csgD
1652 	 zraR, idnR, fucR, rhaR, rhaS
1653 	 zraR, melR, araC, rhaR, rhaS, csgD
1654 	 zraR, idnR, rhaR, rhaS
1655 	 zraR, araC, fucR, rhaR, rhaS
1656 	 zraR, melR, rhaR, rhaS
1657 	 zraR, fucR, rhaR, rhaS
1658 	 zraR, araC, idnR, rhaR, rhaS
1659 	 zraR, fucR, rhaR, rhaS, csgD
1660 	 zraR, araC, idnR, rhaR, rhaS
1661 	 zraR, fucR, rhaR, rhaS, csgD
1662 	 zraR, araC, rhaR, rhaS
1663 	 zraR, idnR, rhaR, rhaS, csgD
1664 	 zraR, araC, rhaR, rhaS
1665 	 zraR, rhaR, rhaS, csgD
1666 	 zraR, araC, fucR, rhaR, rhaS
1667 	 zraR, melR, rhaR, rhaS, csgD
1668 	 zraR, idnR, rhaR, rhaS
1669 	 zraR, melR, araC, fucR, rhaR, rhaS
1670 	 zraR, rhaR, rhaS
1671 	 zraR, araC, idnR, rhaR, rhaS
1672 	 zraR, melR, fucR, rhaR, rhaS, csgD
1673 	 zraR, araC, idnR, rhaR, rhaS, csgD
1674 	 zraR, fucR, rhaR, rhaS
1675 	 zraR, melR, araC, idnR, rhaR, rhaS
1676 	 zraR, rhaR, rhaS
1677 	 zraR, fucR, rhaR, rhaS
1678 	 zraR, araC, rhaR, rhaS
1679 	 zraR, rhaR, rhaS, csgD
1680 	 zraR, melR, araC, rhaR, rhaS
1681 	 zraR, idnR, rhaR, rhaS
1682 	 zraR, melR, araC, fucR, rhaR, rhaS, csgD
1683 	 zraR, melR, idnR, rhaR, rhaS
1684 	 zraR, araC, fucR, rhaR, rhaS
1685 	 zraR, melR, idnR, rhaR, rhaS, csgD
1686 	 zraR, araC, rhaR, rhaS
1687 	 zraR, melR, rhaR, rhaS, csgD
1688 	 zraR, melR, idnR, rhaR, rhaS
1689 	 zraR, araC, rhaR, rhaS, csgD
1690 	 zraR, melR, idnR, fucR, rhaR, rhaS
1691 	 zraR, rhaR, rhaS, csgD
1692 	 zraR, melR, araC, idnR, rhaR, rhaS, csgD
1693 	 zraR, rhaR, rhaS
1694 	 zraR, araC, idnR, rhaR, rhaS, csgD
1695 	 zraR, melR, rhaR, rhaS
1696 	 zraR, idnR, fucR, rhaR, rhaS, csgD
1697 	 zraR, araC, rhaR, rhaS
1698 	 zraR, melR, fucR, rhaR, rhaS
1699 	 zraR, araC, rhaR, rhaS, csgD
1700 	 zraR, melR, araC, rhaR, rhaS
1701 	 zraR, idnR, rhaR, rhaS, csgD
1702 	 zraR, melR, rhaR, rhaS, csgD
1703 	 zraR, araC, idnR, fucR, rhaR, rhaS
1704 	 zraR, melR, rhaR, rhaS, csgD
1705 	 zraR, araC, fucR, rhaR, rhaS, csgD
1706 	 zraR, melR, araC, idnR, rhaR, rhaS
1707 	 zraR, rhaR, rhaS, csgD
1708 	 zraR, melR, araC, fucR, rhaR, rhaS
1709 	 zraR, melR, idnR, rhaR, rhaS
1710 	 zraR, araC, rhaR, rhaS, csgD
1711 	 zraR, idnR, fucR, rhaR, rhaS, csgD
1712 	 zraR, araC, rhaR, rhaS, csgD
1713 	 zraR, idnR, rhaR, rhaS
1714 	 zraR, melR, araC, rhaR, rhaS, csgD
1715 	 zraR, araC, idnR, rhaR, rhaS
1716 	 zraR, melR, idnR, fucR, rhaR, rhaS
1717 	 zraR, araC, rhaR, rhaS, csgD
1718 	 zraR, melR, rhaR, rhaS
1719 	 zraR, araC, idnR, fucR, rhaR, rhaS, csgD
1720 	 zraR, melR, rhaR, rhaS, csgD
1721 	 zraR, araC, idnR, rhaR, rhaS, csgD
1722 	 zraR, melR, idnR, fucR, rhaR, rhaS
1723 	 zraR, melR, araC, rhaR, rhaS
1724 	 zraR, melR, rhaR, rhaS
1725 	 zraR, araC, fucR, rhaR, rhaS
1726 	 zraR, melR, idnR, rhaR, rhaS, csgD
1727 	 zraR, idnR, fucR, rhaR, rhaS
1728 	 zraR, araC, rhaR, rhaS, csgD
1729 	 zraR, melR, fucR, rhaR, rhaS
1730 	 zraR, idnR, rhaR, rhaS, csgD
1731 	 zraR, araC, fucR, rhaR, rhaS
1732 	 zraR, melR, idnR, rhaR, rhaS, csgD
1733 	 zraR, melR, araC, rhaR, rhaS
1734 	 zraR, idnR, rhaR, rhaS
1735 	 zraR, melR, araC, rhaR, rhaS, csgD
1736 	 zraR, rhaR, rhaS
1737 	 zraR, melR, araC, idnR, rhaR, rhaS
1738 	 zraR, idnR, rhaR, rhaS, csgD
1739 	 zraR, araC, rhaR, rhaS
1740 	 zraR, melR, fucR, rhaR, rhaS, csgD
1741 	 zraR, idnR, rhaR, rhaS
1742 	 zraR, melR, araC, fucR, rhaR, rhaS
1743 	 zraR, idnR, rhaR, rhaS, csgD
1744 	 zraR, melR, rhaR, rhaS, csgD
1745 	 zraR, araC, idnR, fucR, rhaR, rhaS
1746 	 zraR, fucR, rhaR, rhaS
1747 	 zraR, araC, rhaR, rhaS, csgD
1748 	 zraR, idnR, fucR, rhaR, rhaS, csgD
1749 	 zraR, araC, rhaR, rhaS
1750 	 zraR, melR, fucR, rhaR, rhaS, csgD
1751 	 zraR, idnR, fucR, rhaR, rhaS
1752 	 zraR, idnR, rhaR, rhaS, csgD
1753 	 zraR, melR, idnR, fucR, rhaR, rhaS
1754 	 zraR, idnR, rhaR, rhaS, csgD
1755 	 zraR, araC, fucR, rhaR, rhaS
1756 	 zraR, araC, idnR, rhaR, rhaS, csgD
1757 	 zraR, melR, rhaR, rhaS
1758 	 zraR, melR, idnR, fucR, rhaR, rhaS, csgD
1759 	 zraR, araC, rhaR, rhaS
1760 	 zraR, araC, idnR, fucR, rhaR, rhaS
1761 	 zraR, araC, idnR, rhaR, rhaS
1762 	 zraR, melR, araC, rhaR, rhaS
1763 	 zraR, fucR, rhaR, rhaS, csgD
1764 	 zraR, araC, idnR, rhaR, rhaS
1765 	 zraR, idnR, fucR, rhaR, rhaS
1766 	 zraR, araC, idnR, fucR, rhaR, rhaS
1767 	 zraR, melR, idnR, rhaR, rhaS
1768 	 zraR, araC, idnR, rhaR, rhaS
1769 	 zraR, melR, fucR, rhaR, rhaS, csgD
1770 	 zraR, idnR, rhaR, rhaS, csgD
1771 	 zraR, melR, rhaR, rhaS, csgD
1772 	 zraR, araC, idnR, rhaR, rhaS, csgD
1773 	 zraR, idnR, rhaR, rhaS
1774 	 zraR, araC, fucR, rhaR, rhaS, csgD
1775 	 zraR, araC, rhaR, rhaS, csgD
1776 	 zraR, melR, araC, rhaR, rhaS
1777 	 zraR, araC, fucR, rhaR, rhaS, csgD
1778 	 zraR, araC, idnR, rhaR, rhaS
1779 	 zraR, melR, araC, idnR, fucR, rhaR, rhaS
1780 	 zraR, araC, idnR, rhaR, rhaS, csgD
1781 	 zraR, araC, rhaR, rhaS
1782 	 zraR, araC, fucR, rhaR, rhaS
1783 	 zraR, melR, araC, rhaR, rhaS
1784 	 zraR, araC, fucR, rhaR, rhaS, csgD
1785 	 zraR, rhaR, rhaS, csgD
1786 	 zraR, melR, araC, idnR, fucR, rhaR, rhaS
1787 	 zraR, melR, araC, idnR, rhaR, rhaS
1788 	 zraR, rhaR, rhaS, csgD
1789 	 zraR, araC, fucR, rhaR, rhaS
1790 	 zraR, melR, idnR, fucR, rhaR, rhaS
1791 	 zraR, fucR, rhaR, rhaS, csgD
1792 	 zraR, araC, idnR, rhaR, rhaS
1793 	 zraR, melR, fucR, rhaR, rhaS
1794 	 zraR, araC, idnR, rhaR, rhaS
1795 	 zraR, fucR, rhaR, rhaS
1796 	 zraR, melR, idnR, rhaR, rhaS, csgD
1797 	 zraR, araC, idnR, fucR, rhaR, rhaS
1798 	 zraR, fucR, rhaR, rhaS, csgD
1799 	 zraR, melR, idnR, fucR, rhaR, rhaS
1800 	 zraR, araC, idnR, rhaR, rhaS, csgD
1801 	 zraR, fucR, rhaR, rhaS
1802 	 zraR, melR, idnR, rhaR, rhaS
1803 	 zraR, melR, idnR, fucR, rhaR, rhaS, csgD
1804 	 zraR, melR, rhaR, rhaS
1805 	 zraR, araC, idnR, fucR, rhaR, rhaS, csgD
1806 	 zraR, idnR, rhaR, rhaS
1807 	 zraR, melR, idnR, rhaR, rhaS, csgD
1808 	 zraR, araC, idnR, fucR, rhaR, rhaS
1809 	 zraR, araC, rhaR, rhaS, csgD
1810 	 zraR, melR, fucR, rhaR, rhaS
1811 	 zraR, araC, idnR, fucR, rhaR, rhaS
1812 	 zraR, idnR, fucR, rhaR, rhaS, csgD
1813 	 zraR, melR, rhaR, rhaS
1814 	 zraR, idnR, fucR, rhaR, rhaS, csgD
1815 	 zraR, melR, araC, idnR, rhaR, rhaS
1816 	 zraR, araC, fucR, rhaR, rhaS
1817 	 zraR, fucR, rhaR, rhaS, csgD
1818 	 zraR, melR, araC, rhaR, rhaS
1819 	 zraR, araC, fucR, rhaR, rhaS
1820 	 zraR, melR, araC, idnR, fucR, rhaR, rhaS, csgD
1821 	 zraR, araC, rhaR, rhaS, csgD
1822 	 zraR, melR, idnR, rhaR, rhaS
1823 	 zraR, fucR, rhaR, rhaS, csgD
1824 	 zraR, melR, fucR, rhaR, rhaS
1825 	 zraR, araC, idnR, rhaR, rhaS, csgD
1826 	 zraR, melR, araC, fucR, rhaR, rhaS
1827 	 zraR, melR, rhaR, rhaS, csgD
1828 	 zraR, melR, araC, idnR, fucR, rhaR, rhaS
1829 	 zraR, melR, fucR, rhaR, rhaS
1830 	 zraR, araC, rhaR, rhaS, csgD
1831 	 zraR, melR, idnR, rhaR, rhaS
1832 	 zraR, fucR, rhaR, rhaS, csgD
1833 	 zraR, araC, idnR, fucR, rhaR, rhaS
1834 	 zraR, melR, araC, idnR, rhaR, rhaS
1835 	 zraR, melR, rhaR, rhaS, csgD
1836 	 zraR, araC, idnR, fucR, rhaR, rhaS, csgD
1837 	 zraR, melR, araC, rhaR, rhaS, csgD
1838 	 zraR, melR, idnR, rhaR, rhaS, csgD
1839 	 zraR, idnR, fucR, rhaR, rhaS
1840 	 zraR, melR, fucR, rhaR, rhaS
1841 	 zraR, melR, idnR, rhaR, rhaS, csgD
1842 	 zraR, araC, fucR, rhaR, rhaS, csgD
1843 	 zraR, melR, fucR, rhaR, rhaS
1844 	 zraR, melR, araC, idnR, rhaR, rhaS, csgD
1845 	 zraR, fucR, rhaR, rhaS
1846 	 zraR, idnR, rhaR, rhaS
1847 	 zraR, melR, rhaR, rhaS, csgD
1848 	 zraR, melR, araC, rhaR, rhaS
1849 	 zraR, melR, araC, rhaR, rhaS
1850 	 zraR, fucR, rhaR, rhaS, csgD
1851 	 zraR, melR, araC, rhaR, rhaS, csgD
1852 	 zraR, melR, araC, fucR, rhaR, rhaS
1853 	 zraR, araC, fucR, rhaR, rhaS, csgD
1854 	 zraR, melR, araC, rhaR, rhaS
1855 	 zraR, idnR, fucR, rhaR, rhaS
1856 	 zraR, melR, araC, fucR, rhaR, rhaS, csgD
1857 	 zraR, araC, idnR, rhaR, rhaS
1858 	 zraR, melR, fucR, rhaR, rhaS
1859 	 zraR, idnR, fucR, rhaR, rhaS, csgD
1860 	 zraR, idnR, rhaR, rhaS, csgD
1861 	 zraR, melR, araC, rhaR, rhaS, csgD
1862 	 zraR, melR, rhaR, rhaS
1863 	 zraR, araC, rhaR, rhaS, csgD
1864 	 zraR, idnR, rhaR, rhaS, csgD
1865 	 zraR, melR, idnR, rhaR, rhaS
1866 	 zraR, melR, araC, idnR, rhaR, rhaS
1867 	 zraR, melR, rhaR, rhaS, csgD
1868 	 zraR, araC, fucR, rhaR, rhaS, csgD
1869 	 zraR, melR, idnR, rhaR, rhaS, csgD
1870 	 zraR, araC, fucR, rhaR, rhaS, csgD
1871 	 zraR, idnR, fucR, rhaR, rhaS
1872 	 zraR, melR, araC, fucR, rhaR, rhaS
1873 	 zraR, melR, idnR, rhaR, rhaS, csgD
1874 	 zraR, idnR, fucR, rhaR, rhaS
1875 	 zraR, melR, idnR, fucR, rhaR, rhaS, csgD
1876 	 zraR, araC, idnR, rhaR, rhaS, csgD
1877 	 zraR, melR, idnR, rhaR, rhaS
1878 	 zraR, melR, fucR, rhaR, rhaS, csgD
1879 	 zraR, araC, idnR, rhaR, rhaS, csgD
1880 	 zraR, melR, rhaR, rhaS, csgD
1881 	 zraR, melR, araC, idnR, rhaR, rhaS, csgD
1882 	 zraR, melR, idnR, rhaR, rhaS
1883 	 zraR, araC, idnR, rhaR, rhaS, csgD
1884 	 zraR, melR, fucR, rhaR, rhaS, csgD
1885 	 zraR, melR, araC, fucR, rhaR, rhaS
1886 	 zraR, melR, araC, idnR, rhaR, rhaS, csgD
1887 	 zraR, melR, rhaR, rhaS, csgD
1888 	 zraR, fucR, rhaR, rhaS, csgD
1889 	 zraR, melR, idnR, fucR, rhaR, rhaS
1890 	 zraR, melR, araC, idnR, fucR, rhaR, rhaS, csgD
1891 	 zraR, melR, araC, idnR, rhaR, rhaS
1892 	 zraR, fucR, rhaR, rhaS, csgD
1893 	 zraR, araC, idnR, fucR, rhaR, rhaS, csgD
1894 	 zraR, melR, idnR, fucR, rhaR, rhaS
1895 	 zraR, melR, idnR, rhaR, rhaS, csgD
1896 	 zraR, araC, idnR, fucR, rhaR, rhaS
1897 	 zraR, melR, idnR, rhaR, rhaS, csgD
1898 	 zraR, melR, araC, fucR, rhaR, rhaS
1899 	 zraR, idnR, fucR, rhaR, rhaS, csgD
1900 	 zraR, rhaR, rhaS, csgD
1901 	 zraR, melR, araC, idnR, rhaR, rhaS
1902 	 zraR, melR, idnR, fucR, rhaR, rhaS
1903 	 zraR, melR, araC, rhaR, rhaS, csgD
1904 	 zraR, melR, araC, idnR, fucR, rhaR, rhaS
1905 	 zraR, melR, idnR, rhaR, rhaS
1906 	 zraR, fucR, rhaR, rhaS
1907 	 zraR, idnR, rhaR, rhaS, csgD
1908 	 zraR, idnR, fucR, rhaR, rhaS
1909 	 zraR, araC, idnR, fucR, rhaR, rhaS, csgD
1910 	 zraR, araC, idnR, fucR, rhaR, rhaS
1911 	 zraR, idnR, rhaR, rhaS, csgD
1912 	 zraR, idnR, fucR, rhaR, rhaS, csgD
1913 	 zraR, melR, araC, idnR, rhaR, rhaS
1914 	 zraR, melR, araC, idnR, fucR, rhaR, rhaS
1915 	 zraR, melR, rhaR, rhaS, csgD
1916 	 zraR, araC, fucR, rhaR, rhaS
1917 	 zraR, idnR, fucR, rhaR, rhaS
1918 	 zraR, melR, fucR, rhaR, rhaS, csgD
1919 	 zraR, melR, araC, fucR, rhaR, rhaS, csgD
1920 	 zraR, melR, araC, rhaR, rhaS
1921 	 zraR, araC, fucR, rhaR, rhaS
1922 	 zraR, melR, fucR, rhaR, rhaS, csgD
1923 	 zraR, melR, araC, fucR, rhaR, rhaS
1924 	 zraR, araC, idnR, fucR, rhaR, rhaS, csgD
1925 	 zraR, melR, idnR, fucR, rhaR, rhaS, csgD
1926 	 zraR, araC, fucR, rhaR, rhaS
1927 	 zraR, melR, araC, rhaR, rhaS, csgD
1928 	 zraR, melR, araC, fucR, rhaR, rhaS
1929 	 zraR, melR, fucR, rhaR, rhaS, csgD
1930 	 zraR, melR, araC, fucR, rhaR, rhaS, csgD
1931 	 zraR, melR, araC, idnR, rhaR, rhaS
1932 	 zraR, melR, fucR, rhaR, rhaS
1933 	 zraR, melR, araC, fucR, rhaR, rhaS, csgD
1934 	 zraR, melR, araC, idnR, fucR, rhaR, rhaS
1935 	 zraR, melR, araC, idnR, rhaR, rhaS
1936 	 zraR, idnR, fucR, rhaR, rhaS, csgD
1937 	 zraR, melR, araC, rhaR, rhaS
1938 	 zraR, melR, araC, idnR, rhaR, rhaS, csgD
1939 	 zraR, melR, araC, fucR, rhaR, rhaS, csgD
1940 	 zraR, araC, fucR, rhaR, rhaS, csgD
1941 	 zraR, melR, araC, rhaR, rhaS, csgD
1942 	 zraR, araC, idnR, rhaR, rhaS
1943 	 zraR, melR, fucR, rhaR, rhaS, csgD
1944 	 zraR, melR, idnR, fucR, rhaR, rhaS, csgD
1945 	 zraR, araC, idnR, rhaR, rhaS
1946 	 zraR, araC, idnR, rhaR, rhaS, csgD
1947 	 zraR, melR, fucR, rhaR, rhaS, csgD
1948 	 zraR, melR, idnR, fucR, rhaR, rhaS, csgD
1949 	 zraR, melR, araC, fucR, rhaR, rhaS
1950 	 zraR, melR, araC, idnR, rhaR, rhaS, csgD
1951 	 zraR, melR, araC, rhaR, rhaS, csgD
1952 	 zraR, melR, araC, fucR, rhaR, rhaS
1953 	 zraR, araC, rhaR, rhaS, csgD
1954 	 zraR, araC, idnR, fucR, rhaR, rhaS
1955 	 zraR, melR, idnR, fucR, rhaR, rhaS
1956 	 zraR, araC, idnR, fucR, rhaR, rhaS
1957 	 zraR, idnR, rhaR, rhaS, csgD
1958 	 zraR, melR, araC, idnR, fucR, rhaR, rhaS
1959 	 zraR, melR, idnR, fucR, rhaR, rhaS, csgD
1960 	 zraR, idnR, fucR, rhaR, rhaS
1961 	 zraR, idnR, fucR, rhaR, rhaS, csgD
1962 	 zraR, melR, araC, idnR, fucR, rhaR, rhaS
1963 	 zraR, fucR, rhaR, rhaS, csgD
1964 	 zraR, araC, idnR, fucR, rhaR, rhaS, csgD
1965 	 zraR, melR, idnR, fucR, rhaR, rhaS
1966 	 zraR, melR, fucR, rhaR, rhaS, csgD
1967 	 zraR, araC, fucR, rhaR, rhaS, csgD
1968 	 zraR, idnR, fucR, rhaR, rhaS, csgD
1969 	 zraR, araC, fucR, rhaR, rhaS, csgD
1970 	 zraR, melR, araC, idnR, rhaR, rhaS
1971 	 zraR, idnR, fucR, rhaR, rhaS
1972 	 zraR, araC, rhaR, rhaS
1973 	 zraR, melR, araC, fucR, rhaR, rhaS
1974 	 zraR, araC, idnR, fucR, rhaR, rhaS
1975 	 zraR, melR, idnR, rhaR, rhaS, csgD
1976 	 zraR, araC, idnR, rhaR, rhaS
1977 	 zraR, melR, araC, fucR, rhaR, rhaS
1978 	 zraR, araC, fucR, rhaR, rhaS, csgD
1979 	 zraR, melR, araC, rhaR, rhaS
1980 	 zraR, melR, araC, idnR, fucR, rhaR, rhaS
1981 	 zraR, melR, idnR, rhaR, rhaS
1982 	 zraR, araC, idnR, fucR, rhaR, rhaS, csgD
1983 	 zraR, melR, idnR, fucR, rhaR, rhaS, csgD
1984 	 zraR, melR, araC, idnR, rhaR, rhaS
1985 	 zraR, melR, idnR, fucR, rhaR, rhaS
1986 	 zraR, melR, araC, idnR, rhaR, rhaS, csgD
1987 	 zraR, idnR, fucR, rhaR, rhaS, csgD
1988 	 zraR, araC, idnR, fucR, rhaR, rhaS
1989 	 zraR, melR, araC, idnR, rhaR, rhaS, csgD
1990 	 zraR, melR, idnR, fucR, rhaR, rhaS
1991 	 zraR, araC, idnR, fucR, rhaR, rhaS, csgD
1992 	 zraR, melR, araC, fucR, rhaR, rhaS
1993 	 zraR, araC, rhaR, rhaS, csgD
1994 	 zraR, melR, idnR, rhaR, rhaS, csgD
1995 	 zraR, idnR, fucR, rhaR, rhaS, csgD
1996 	 zraR, araC, idnR, fucR, rhaR, rhaS, csgD
1997 	 zraR, melR, araC, rhaR, rhaS, csgD
1998 	 zraR, melR, araC, idnR, fucR, rhaR, rhaS
1999 	 zraR, melR, idnR, fucR, rhaR, rhaS, csgD
2000 	 zraR, melR, araC, fucR, rhaR, rhaS, csgD
2001 	 zraR, araC, fucR, rhaR, rhaS
2002 	 zraR, melR, idnR, fucR, rhaR, rhaS, csgD
2003 	 zraR, melR, idnR, fucR, rhaR, rhaS, csgD
2004 	 zraR, melR, araC, fucR, rhaR, rhaS, csgD
2005 	 zraR, melR, idnR, rhaR, rhaS, csgD
2006 	 zraR, araC, idnR, fucR, rhaR, rhaS
2007 	 zraR, fucR, rhaR, rhaS, csgD
2008 	 zraR, melR, araC, idnR, fucR, rhaR, rhaS, csgD
2009 	 zraR, melR, araC, idnR, rhaR, rhaS, csgD
2010 	 zraR, melR, araC, fucR, rhaR, rhaS, csgD
2011 	 zraR, araC, idnR, rhaR, rhaS, csgD
2012 	 zraR, melR, fucR, rhaR, rhaS, csgD
2013 	 zraR, melR, araC, idnR, fucR, rhaR, rhaS
2014 	 zraR, melR, araC, fucR, rhaR, rhaS, csgD
2015 	 zraR, araC, idnR, fucR, rhaR, rhaS, csgD
2016 	 zraR, melR, araC, rhaR, rhaS
2017 	 zraR, idnR, fucR, rhaR, rhaS, csgD
2018 	 zraR, melR, fucR, rhaR, rhaS, csgD
2019 	 zraR, melR, araC, rhaR, rhaS, csgD
2020 	 zraR, melR, araC, idnR, fucR, rhaR, rhaS, csgD
2021 	 zraR, melR, fucR, rhaR, rhaS, csgD
2022 	 zraR, araC, idnR, rhaR, rhaS, csgD
2023 	 zraR, melR, idnR, fucR, rhaR, rhaS
2024 	 zraR, melR, araC, idnR, fucR, rhaR, rhaS, csgD
2025 	 zraR, araC, fucR, rhaR, rhaS, csgD
2026 	 zraR, melR, araC, rhaR, rhaS, csgD
2027 	 zraR, melR, araC, idnR, rhaR, rhaS, csgD
2028 	 zraR, melR, araC, idnR, fucR, rhaR, rhaS
2029 	 zraR, idnR, fucR, rhaR, rhaS, csgD
2030 	 zraR, melR, araC, idnR, rhaR, rhaS
2031 	 zraR, melR, idnR, fucR, rhaR, rhaS, csgD
2032 	 zraR, melR, idnR, fucR, rhaR, rhaS
2033 	 zraR, melR, araC, idnR, fucR, rhaR, rhaS, csgD
2034 	 zraR, melR, araC, rhaR, rhaS, csgD
2035 	 zraR, melR, araC, idnR, fucR, rhaR, rhaS
2036 	 zraR, melR, idnR, fucR, rhaR, rhaS, csgD
2037 	 zraR, melR, idnR, fucR, rhaR, rhaS
2038 	 zraR, araC, idnR, fucR, rhaR, rhaS, csgD
2039 	 zraR, melR, araC, rhaR, rhaS, csgD
2040 	 zraR, araC, fucR, rhaR, rhaS, csgD
2041 	 zraR, melR, idnR, fucR, rhaR, rhaS, csgD
2042 	 zraR, melR, araC, idnR, rhaR, rhaS, csgD
2043 	 zraR, araC, fucR, rhaR, rhaS, csgD
2044 	 zraR, melR, araC, fucR, rhaR, rhaS, csgD
2045 	 zraR, araC, idnR, fucR, rhaR, rhaS, csgD
2046 	 zraR, araC, idnR, fucR, rhaR, rhaS
2047 	 zraR, melR, araC, idnR, fucR, rhaR, rhaS
2048 	 zraR, araC, idnR, rhaR, rhaS, csgD
2049 	 zraR, melR, araC, idnR, rhaR, rhaS, csgD
2050 	 zraR, melR, araC, idnR, rhaR, rhaS, csgD
2051 	 zraR, araC, idnR, fucR, rhaR, rhaS, csgD
2052 	 zraR, melR, idnR, rhaR, rhaS, csgD
2053 	 zraR, melR, araC, idnR, rhaR, rhaS
2054 	 zraR, melR, araC, fucR, rhaR, rhaS, csgD
2055 	 zraR, araC, idnR, rhaR, rhaS, csgD
2056 	 zraR, melR, araC, idnR, fucR, rhaR, rhaS, csgD
2057 	 zraR, melR, araC, idnR, fucR, rhaR, rhaS, csgD
2058 	 zraR, melR, araC, idnR, fucR, rhaR, rhaS, csgD
2059 	 zraR, melR, araC, idnR, fucR, rhaR, rhaS
2060 	 zraR, melR, araC, idnR, rhaR, rhaS, csgD
2061 	 zraR, araC, idnR, fucR, rhaR, rhaS, csgD
2062 	 zraR, melR, araC, rhaR, rhaS, csgD
2063 	 zraR, melR, araC, idnR, fucR, rhaR, rhaS, csgD
2064 	 zraR, melR, idnR, fucR, rhaR, rhaS, csgD
2065 	 zraR, melR, araC, fucR, rhaR, rhaS, csgD
2066 	 zraR, melR, araC, fucR, rhaR, rhaS, csgD
2067 	 zraR, melR, araC, fucR, rhaR, rhaS, csgD
2068 	 zraR, melR, araC, idnR, rhaR, rhaS, csgD
2069 	 zraR, melR, araC, fucR, rhaR, rhaS
2070 	 zraR, melR, araC, idnR, fucR, rhaR, rhaS, csgD
2071 	 zraR, melR, araC, fucR, rhaR, rhaS, csgD
2072 	 zraR, melR, araC, idnR, fucR, rhaR, rhaS
2073 	 zraR, melR, idnR, fucR, rhaR, rhaS, csgD
2074 	 zraR, araC, idnR, fucR, rhaR, rhaS, csgD
2075 	 zraR, melR, araC, idnR, fucR, rhaR, rhaS, csgD
2076 	 zraR, melR, araC, idnR, fucR, rhaR, rhaS, csgD
2077 	 zraR, melR, araC, idnR, fucR, rhaR, rhaS, csgD
2078 	 zraR, melR, araC, idnR, rhaR, rhaS, csgD
2079 	 zraR, melR, araC, idnR, fucR, rhaR, rhaS, csgD
2080 	 zraR, melR, araC, idnR, fucR, rhaR, rhaS, csgD
