5 	 hns, fnr, rcsB, ydeO, hdfR, yjjQ, adiY, cspA, dcuR, betI
8 	 hns, fnr, rcsB, ydeO, hdfR, yjjQ, adiY, cspA, dcuR, betI
11 	 hns, ydeO
248 	 hns, fnr, ydeO, dcuR, betI
401 	 hns, fnr, arcA, ydeO, narL, soxR, cadC, yqjI, idnR, dpiA, nikR, betI
442 	 hns, fnr, arcA, ydeO, narL, soxR, cadC, melR, yqjI, dpiA, nikR, betI
481 	 hns, fnr, rcsB, arcA, ydeO, narL, soxR, hdfR, yjjQ, adiY, cspA, melR, yqjI, dpiA, nikR, betI
535 	 hns, fnr, ydeO, dcuR, melR, betI
589 	 hns, fnr, ydeO, dcuR, betI
590 	 hns, fnr, ydeO, dcuR, melR, betI
591 	 hns, rcsB, arcA, ydeO, narL, soxR, hdfR, yjjQ, adiY, cspA, yqjI, nikR
592 	 hns, arcA, ydeO, narL, soxR, cadC, yqjI, idnR, nikR
593 	 hns, rcsB, arcA, ydeO, narL, soxR, hdfR, yjjQ, adiY, cspA, melR, yqjI, nikR
594 	 hns, rcsB, arcA, ydeO, narL, soxR, hdfR, yjjQ, adiY, cspA, yqjI, idnR, nikR
595 	 hns, arcA, ydeO, narL, soxR, cadC, melR, yqjI, nikR
596 	 hns, arcA, ydeO, narL, soxR, cadC, melR, yqjI, idnR, nikR
597 	 hns, arcA, ydeO, narL, soxR, cadC, yqjI, idnR, nikR
598 	 hns, rcsB, arcA, ydeO, narL, soxR, hdfR, yjjQ, adiY, cspA, melR, yqjI, idnR, nikR
599 	 hns, rcsB, arcA, ydeO, narL, soxR, hdfR, yjjQ, adiY, cspA, yqjI, idnR, nikR
600 	 hns, rcsB, arcA, ydeO, narL, soxR, hdfR, yjjQ, adiY, cspA, melR, yqjI, nikR
601 	 hns, arcA, ydeO, narL, soxR, cadC, melR, yqjI, idnR, nikR
602 	 hns, rcsB, arcA, ydeO, narL, soxR, hdfR, yjjQ, adiY, cspA, melR, yqjI, idnR, nikR
603 	 rcsB, arcA, ydeO, narL, soxR, hdfR, yjjQ, adiY, cspA, yqjI, idnR, nikR
604 	 arcA, narL, soxR, cadC, melR, yqjI, nikR
605 	 arcA, narL, soxR, cadC, melR, yqjI, idnR, nikR
606 	 arcA, narL, soxR, cadC, yqjI, idnR, nikR
607 	 rcsB, arcA, ydeO, narL, soxR, hdfR, yjjQ, adiY, cspA, yqjI, idnR, nikR
608 	 rcsB, arcA, ydeO, narL, soxR, hdfR, yjjQ, adiY, cspA, melR, yqjI, idnR, nikR
609 	 arcA, narL, soxR, cadC, melR, yqjI, idnR, nikR
610 	 rcsB, arcA, ydeO, narL, soxR, hdfR, yjjQ, adiY, cspA, melR, yqjI, idnR, nikR
611 	 hns, fnr, rcsB, ydeO, hdfR, yjjQ, adiY, cspA, dcuR, betI
612 	 hns, fnr, arcA, ydeO, narL, soxR, cadC, yqjI, dpiA, nikR, betI
613 	 hns, rcsB, arcA, ydeO, narL, soxR, hdfR, yjjQ, adiY, cspA, yqjI, nikR
614 	 hns, rcsB, arcA, ydeO, narL, soxR, hdfR, yjjQ, adiY, cspA, yqjI, nikR
615 	 hns, arcA, ydeO, narL, soxR, cadC, melR, yqjI, nikR
616 	 hns, arcA, ydeO, narL, soxR, cadC, melR, yqjI, nikR
617 	 hns, rcsB, arcA, ydeO, narL, soxR, hdfR, yjjQ, adiY, cspA, melR, yqjI, nikR
618 	 hns, rcsB, arcA, ydeO, narL, soxR, hdfR, yjjQ, adiY, cspA, melR, yqjI, nikR
619 	 hns, arcA, ydeO, narL, soxR, cadC, yqjI, idnR, nikR
620 	 hns, arcA, ydeO, narL, soxR, cadC, yqjI, idnR, nikR
621 	 hns, rcsB, arcA, ydeO, narL, soxR, hdfR, yjjQ, adiY, cspA, yqjI, idnR, nikR
622 	 hns, rcsB, arcA, ydeO, narL, soxR, hdfR, yjjQ, adiY, cspA, yqjI, idnR, nikR
623 	 hns, arcA, ydeO, narL, soxR, cadC, melR, yqjI, idnR, nikR
624 	 hns, arcA, ydeO, narL, soxR, cadC, melR, yqjI, idnR, nikR
625 	 hns, rcsB, arcA, ydeO, narL, soxR, hdfR, yjjQ, adiY, cspA, melR, yqjI, idnR, nikR
626 	 hns, rcsB, arcA, ydeO, narL, soxR, hdfR, yjjQ, adiY, cspA, melR, yqjI, idnR, nikR
627 	 arcA, narL, soxR, cadC, melR, yqjI, nikR
628 	 arcA, narL, soxR, cadC, melR, yqjI, nikR
629 	 arcA, narL, soxR, cadC, yqjI, idnR, nikR
630 	 rcsB, arcA, ydeO, narL, soxR, hdfR, yjjQ, adiY, cspA, yqjI, nikR
631 	 arcA, narL, soxR, cadC, yqjI, idnR, nikR
632 	 rcsB, arcA, ydeO, narL, soxR, hdfR, yjjQ, adiY, cspA, yqjI, nikR
633 	 rcsB, arcA, ydeO, narL, soxR, hdfR, yjjQ, adiY, cspA, yqjI, idnR, nikR
634 	 rcsB, arcA, ydeO, narL, soxR, hdfR, yjjQ, adiY, cspA, melR, yqjI, nikR
635 	 rcsB, arcA, ydeO, narL, soxR, hdfR, yjjQ, adiY, cspA, yqjI, idnR, nikR
636 	 rcsB, arcA, ydeO, narL, soxR, hdfR, yjjQ, adiY, cspA, melR, yqjI, nikR
637 	 arcA, narL, soxR, cadC, melR, yqjI, idnR, nikR
638 	 arcA, narL, soxR, cadC, melR, yqjI, idnR, nikR
639 	 rcsB, arcA, ydeO, narL, soxR, hdfR, yjjQ, adiY, cspA, melR, yqjI, idnR, nikR
640 	 rcsB, arcA, ydeO, narL, soxR, hdfR, yjjQ, adiY, cspA, melR, yqjI, idnR, nikR
