14 	 zraR, cadC, marA
15 	 zraR, cadC, marA
16 	 zraR, cadC, marA
18 	 zraR, cadC, araC, marA
26 	 zraR, cadC, marA
28 	 zraR, cadC, marA
29 	 zraR, araC, marR, marA
31 	 zraR, cadC, idnR, marA
33 	 zraR, cadC, melR, marA
35 	 zraR, cadC, melR, idnR, marA
37 	 zraR, cadC, rhaR, rhaS, marA
38 	 zraR, idnR, marR, marA
39 	 zraR, cadC, melR, marA
40 	 zraR, melR, marR, marA
41 	 zraR, cadC, idnR, marA
42 	 zraR, melR, idnR, marR, marA
43 	 zraR, cadC, melR, idnR, marA
44 	 zraR, cadC, idnR, rhaR, rhaS, marA
45 	 zraR, marR, marA
46 	 zraR, cadC, melR, rhaR, rhaS, marA
47 	 zraR, idnR, marR, marA
48 	 zraR, melR, marR, marA
49 	 zraR, melR, idnR, marR, marA
50 	 zraR, cadC, melR, marA
52 	 zraR, cadC, melR, araC, marA
53 	 zraR, cadC, idnR, marA
54 	 zraR, cadC, melR, marA
55 	 zraR, cadC, marA
56 	 zraR, cadC, idnR, marA
57 	 zraR, cadC, idnR, marA
58 	 zraR, cadC, marA
59 	 zraR, cadC, melR, idnR, marA
61 	 zraR, cadC, melR, marA
62 	 zraR, melR, marR, marA
63 	 zraR, cadC, melR, marA
64 	 zraR, cadC, idnR, marA
65 	 zraR, idnR, marR, marA
66 	 zraR, melR, idnR, marR, marA
67 	 zraR, cadC, idnR, marA
68 	 zraR, cadC, marA
69 	 zraR, cadC, melR, marA
70 	 zraR, cadC, melR, marA
71 	 zraR, cadC, idnR, marA
72 	 zraR, cadC, melR, idnR, marA
73 	 zraR, cadC, melR, idnR, marA
74 	 zraR, cadC, melR, idnR, marA
75 	 zraR, marR, marA
77 	 zraR, idnR, marR, marA
78 	 zraR, melR, marR, marA
80 	 zraR, melR, idnR, marR, marA
81 	 zraR, melR, marR, marA
82 	 zraR, cadC, melR, idnR, marA
83 	 zraR, idnR, marR, marA
84 	 zraR, cadC, melR, idnR, marA
85 	 zraR, melR, idnR, marR, marA
87 	 zraR, cadC, marA
89 	 zraR, idnR, marR, marA
91 	 zraR, idnR, marR, marA
92 	 zraR, cadC, idnR, marA
93 	 zraR, melR, marR, marA
95 	 zraR, melR, idnR, marR, marA
96 	 zraR, cadC, melR, marA
97 	 zraR, cadC, marA
98 	 zraR, cadC, melR, idnR, marA
99 	 zraR, melR, marR, marA
100 	 zraR, cadC, idnR, marA
101 	 zraR, cadC, melR, marA
102 	 zraR, marR, marA
103 	 zraR, melR, idnR, marR, marA
104 	 zraR, melR, marR, marA
105 	 zraR, cadC, marA
106 	 zraR, cadC, melR, idnR, marA
107 	 zraR, idnR, marR, marA
108 	 zraR, marR, marA
109 	 zraR, melR, marR, marA
110 	 zraR, cadC, melR, marA
111 	 zraR, cadC, araC, idnR, marA
112 	 zraR, cadC, idnR, marA
113 	 zraR, cadC, melR, araC, idnR, marA
114 	 zraR, melR, idnR, marR, marA
115 	 zraR, idnR, marR, marA
116 	 zraR, melR, araC, marR, marA
117 	 zraR, melR, idnR, marR, marA
118 	 zraR, araC, idnR, marR, marA
119 	 zraR, cadC, marA
120 	 zraR, melR, marR, marA
121 	 zraR, idnR, marR, marA
122 	 zraR, cadC, melR, idnR, marA
123 	 zraR, melR, idnR, marR, marA
124 	 zraR, cadC, marA
125 	 zraR, cadC, marA
138 	 zraR, cadC, melR, idnR, rhaR, rhaS, marA
139 	 zraR, rhaR, rhaS, marR, marA
140 	 zraR, melR, rhaR, rhaS, marR, marA
141 	 zraR, idnR, rhaR, rhaS, marR, marA
142 	 zraR, melR, idnR, rhaR, rhaS, marR, marA
143 	 zraR, cadC, rhaR, rhaS, marA
144 	 zraR, cadC, melR, rhaR, rhaS, marA
145 	 zraR, cadC, idnR, rhaR, rhaS, marA
146 	 zraR, cadC, melR, idnR, rhaR, rhaS, marA
147 	 zraR, rhaR, rhaS, marR, marA
148 	 zraR, melR, rhaR, rhaS, marR, marA
149 	 zraR, idnR, rhaR, rhaS, marR, marA
150 	 zraR, melR, idnR, rhaR, rhaS, marR, marA
151 	 zraR, cadC, rhaR, rhaS, marA
152 	 zraR, cadC, melR, rhaR, rhaS, marA
153 	 zraR, cadC, idnR, rhaR, rhaS, marA
154 	 zraR, cadC, melR, idnR, rhaR, rhaS, marA
155 	 zraR, rhaR, rhaS, marR, marA
156 	 zraR, melR, rhaR, rhaS, marR, marA
157 	 zraR, idnR, rhaR, rhaS, marR, marA
158 	 zraR, melR, idnR, rhaR, rhaS, marR, marA
159 	 zraR, cadC, rhaR, rhaS, marA
160 	 zraR, cadC, melR, rhaR, rhaS, marA
161 	 zraR, cadC, idnR, rhaR, rhaS, marA
162 	 zraR, cadC, melR, idnR, rhaR, rhaS, marA
163 	 zraR, rhaR, rhaS, marR, marA
164 	 zraR, melR, rhaR, rhaS, marR, marA
165 	 zraR, idnR, rhaR, rhaS, marR, marA
166 	 zraR, melR, idnR, rhaR, rhaS, marR, marA
167 	 zraR, marR, marA
168 	 zraR, melR, araC, idnR, marR, marA
169 	 zraR, melR, marR, marA
170 	 zraR, cadC, araC, marA
171 	 zraR, idnR, marR, marA
172 	 zraR, cadC, araC, idnR, marA
173 	 zraR, melR, idnR, marR, marA
174 	 zraR, cadC, melR, araC, marA
175 	 zraR, cadC, marA
176 	 zraR, cadC, melR, araC, idnR, marA
177 	 zraR, cadC, melR, marA
178 	 zraR, araC, marR, marA
179 	 zraR, cadC, idnR, marA
180 	 zraR, araC, idnR, marR, marA
181 	 zraR, cadC, melR, idnR, marA
182 	 zraR, melR, araC, marR, marA
184 	 zraR, melR, araC, idnR, marR, marA
185 	 zraR, melR, marR, marA
186 	 zraR, cadC, araC, marA
187 	 zraR, idnR, marR, marA
188 	 zraR, cadC, araC, idnR, marA
189 	 zraR, melR, idnR, marR, marA
190 	 zraR, cadC, melR, araC, marA
191 	 zraR, cadC, marA
192 	 zraR, cadC, melR, araC, idnR, marA
193 	 zraR, cadC, idnR, marA
194 	 zraR, araC, marR, marA
195 	 zraR, cadC, melR, marA
196 	 zraR, melR, araC, marR, marA
197 	 zraR, cadC, melR, idnR, marA
198 	 zraR, araC, idnR, marR, marA
199 	 zraR, marR, marA
200 	 zraR, melR, araC, idnR, marR, marA
201 	 zraR, melR, marR, marA
202 	 zraR, cadC, araC, marA
203 	 zraR, idnR, marR, marA
204 	 zraR, cadC, araC, idnR, marA
205 	 zraR, melR, idnR, marR, marA
206 	 zraR, cadC, melR, araC, marA
207 	 zraR, cadC, rhaR, rhaS, marA
208 	 zraR, cadC, melR, araC, idnR, marA
209 	 zraR, cadC, idnR, rhaR, rhaS, marA
210 	 zraR, araC, marR, marA
211 	 zraR, cadC, melR, rhaR, rhaS, marA
212 	 zraR, araC, idnR, marR, marA
213 	 zraR, cadC, melR, idnR, rhaR, rhaS, marA
214 	 zraR, melR, araC, marR, marA
215 	 zraR, rhaR, rhaS, marR, marA
217 	 zraR, melR, rhaR, rhaS, marR, marA
218 	 zraR, melR, araC, idnR, marR, marA
219 	 zraR, idnR, rhaR, rhaS, marR, marA
220 	 zraR, cadC, araC, rhaR, rhaS, marA
221 	 zraR, melR, idnR, rhaR, rhaS, marR, marA
222 	 zraR, cadC, melR, araC, rhaR, rhaS, marA
223 	 zraR, cadC, rhaR, rhaS, marA
224 	 zraR, cadC, araC, idnR, rhaR, rhaS, marA
225 	 zraR, cadC, idnR, rhaR, rhaS, marA
226 	 zraR, cadC, melR, araC, idnR, rhaR, rhaS, marA
227 	 zraR, cadC, melR, rhaR, rhaS, marA
228 	 zraR, araC, rhaR, rhaS, marR, marA
229 	 zraR, cadC, melR, idnR, rhaR, rhaS, marA
230 	 zraR, araC, idnR, rhaR, rhaS, marR, marA
231 	 zraR, rhaR, rhaS, marR, marA
232 	 zraR, melR, araC, rhaR, rhaS, marR, marA
233 	 zraR, melR, rhaR, rhaS, marR, marA
234 	 zraR, melR, araC, idnR, rhaR, rhaS, marR, marA
235 	 zraR, idnR, rhaR, rhaS, marR, marA
236 	 zraR, cadC, araC, rhaR, rhaS, marA
237 	 zraR, melR, idnR, rhaR, rhaS, marR, marA
238 	 zraR, cadC, araC, idnR, rhaR, rhaS, marA
239 	 zraR, cadC, rhaR, rhaS, marA
240 	 zraR, cadC, melR, araC, rhaR, rhaS, marA
241 	 zraR, cadC, idnR, rhaR, rhaS, marA
242 	 zraR, cadC, melR, araC, idnR, rhaR, rhaS, marA
243 	 zraR, cadC, melR, rhaR, rhaS, marA
244 	 zraR, araC, rhaR, rhaS, marR, marA
245 	 zraR, cadC, melR, idnR, rhaR, rhaS, marA
246 	 zraR, melR, araC, rhaR, rhaS, marR, marA
247 	 zraR, rhaR, rhaS, marR, marA
248 	 zraR, araC, idnR, rhaR, rhaS, marR, marA
249 	 zraR, melR, rhaR, rhaS, marR, marA
250 	 zraR, melR, araC, idnR, rhaR, rhaS, marR, marA
251 	 zraR, idnR, rhaR, rhaS, marR, marA
252 	 zraR, cadC, araC, rhaR, rhaS, marA
253 	 zraR, melR, idnR, rhaR, rhaS, marR, marA
254 	 zraR, cadC, araC, idnR, rhaR, rhaS, marA
255 	 zraR, cadC, rhaR, rhaS, marA
256 	 zraR, cadC, melR, araC, rhaR, rhaS, marA
257 	 zraR, cadC, melR, rhaR, rhaS, marA
258 	 zraR, cadC, melR, araC, idnR, rhaR, rhaS, marA
259 	 zraR, cadC, idnR, rhaR, rhaS, marA
260 	 zraR, araC, rhaR, rhaS, marR, marA
261 	 zraR, cadC, melR, idnR, rhaR, rhaS, marA
262 	 zraR, melR, araC, rhaR, rhaS, marR, marA
263 	 zraR, rhaR, rhaS, marR, marA
264 	 zraR, araC, idnR, rhaR, rhaS, marR, marA
265 	 zraR, idnR, rhaR, rhaS, marR, marA
266 	 zraR, melR, araC, idnR, rhaR, rhaS, marR, marA
267 	 zraR, melR, rhaR, rhaS, marR, marA
268 	 zraR, cadC, araC, rhaR, rhaS, marA
269 	 zraR, melR, idnR, rhaR, rhaS, marR, marA
270 	 zraR, cadC, araC, idnR, rhaR, rhaS, marA
271 	 zraR, cadC, melR, araC, rhaR, rhaS, marA
272 	 zraR, cadC, melR, araC, idnR, rhaR, rhaS, marA
273 	 zraR, araC, rhaR, rhaS, marR, marA
274 	 zraR, araC, idnR, rhaR, rhaS, marR, marA
275 	 zraR, melR, araC, rhaR, rhaS, marR, marA
276 	 zraR, melR, araC, idnR, rhaR, rhaS, marR, marA
277 	 zraR, cadC, araC, marA
278 	 zraR, cadC, araC, idnR, marA
279 	 zraR, cadC, melR, araC, marA
280 	 zraR, cadC, melR, araC, idnR, marA
281 	 zraR, araC, marR, marA
282 	 zraR, melR, araC, marR, marA
283 	 zraR, araC, idnR, marR, marA
284 	 zraR, melR, araC, idnR, marR, marA
285 	 zraR, cadC, araC, marA
286 	 zraR, cadC, melR, araC, marA
287 	 zraR, cadC, araC, idnR, marA
288 	 zraR, cadC, melR, araC, idnR, marA
289 	 zraR, araC, marR, marA
290 	 zraR, araC, idnR, marR, marA
291 	 zraR, melR, araC, marR, marA
292 	 zraR, melR, araC, idnR, marR, marA
293 	 zraR, cadC, araC, marA
294 	 zraR, cadC, araC, idnR, marA
295 	 zraR, cadC, melR, araC, marA
296 	 zraR, cadC, melR, araC, idnR, marA
297 	 zraR, araC, marR, marA
298 	 zraR, melR, araC, marR, marA
299 	 zraR, araC, idnR, marR, marA
300 	 zraR, melR, araC, idnR, marR, marA
301 	 zraR, cadC, araC, marA
302 	 zraR, cadC, melR, araC, marA
303 	 zraR, cadC, araC, idnR, marA
304 	 zraR, cadC, melR, araC, idnR, marA
305 	 zraR, araC, marR, marA
306 	 zraR, araC, idnR, marR, marA
307 	 zraR, melR, araC, marR, marA
308 	 zraR, melR, araC, idnR, marR, marA
309 	 zraR, cadC, araC, rhaR, rhaS, marA
310 	 zraR, cadC, araC, idnR, rhaR, rhaS, marA
311 	 zraR, cadC, melR, araC, rhaR, rhaS, marA
312 	 zraR, cadC, melR, araC, idnR, rhaR, rhaS, marA
313 	 zraR, araC, rhaR, rhaS, marR, marA
314 	 zraR, araC, idnR, rhaR, rhaS, marR, marA
315 	 zraR, melR, araC, rhaR, rhaS, marR, marA
316 	 zraR, melR, araC, idnR, rhaR, rhaS, marR, marA
317 	 zraR, cadC, araC, rhaR, rhaS, marA
318 	 zraR, cadC, araC, idnR, rhaR, rhaS, marA
319 	 zraR, cadC, melR, araC, rhaR, rhaS, marA
320 	 zraR, cadC, melR, araC, idnR, rhaR, rhaS, marA
321 	 zraR, araC, rhaR, rhaS, marR, marA
322 	 zraR, araC, idnR, rhaR, rhaS, marR, marA
323 	 zraR, melR, araC, rhaR, rhaS, marR, marA
324 	 zraR, melR, araC, idnR, rhaR, rhaS, marR, marA
325 	 zraR, cadC, araC, rhaR, rhaS, marA
326 	 zraR, cadC, araC, idnR, rhaR, rhaS, marA
327 	 zraR, cadC, melR, araC, rhaR, rhaS, marA
328 	 zraR, cadC, melR, araC, idnR, rhaR, rhaS, marA
329 	 zraR, araC, rhaR, rhaS, marR, marA
330 	 zraR, araC, idnR, rhaR, rhaS, marR, marA
331 	 zraR, melR, araC, rhaR, rhaS, marR, marA
332 	 zraR, melR, araC, idnR, rhaR, rhaS, marR, marA
333 	 zraR, cadC, araC, rhaR, rhaS, marA
334 	 zraR, cadC, araC, idnR, rhaR, rhaS, marA
335 	 zraR, cadC, melR, araC, rhaR, rhaS, marA
336 	 zraR, cadC, melR, araC, idnR, rhaR, rhaS, marA
337 	 zraR, araC, rhaR, rhaS, marR, marA
338 	 zraR, melR, araC, rhaR, rhaS, marR, marA
339 	 zraR, araC, idnR, rhaR, rhaS, marR, marA
340 	 zraR, melR, araC, idnR, rhaR, rhaS, marR, marA
354 	 zraR, cadC, idnR, marA
356 	 zraR, cadC, melR, marA
357 	 zraR, cadC, idnR, marA
358 	 zraR, cadC, melR, idnR, marA
359 	 zraR, cadC, melR, marA
360 	 zraR, cadC, melR, idnR, marA
361 	 zraR, cadC, marA
362 	 zraR, cadC, melR, marA
363 	 zraR, cadC, idnR, marA
364 	 zraR, cadC, melR, idnR, marA
365 	 zraR, cadC, marA
367 	 zraR, cadC, melR, marA
368 	 zraR, cadC, idnR, marA
369 	 zraR, cadC, melR, idnR, marA
370 	 zraR, cadC, marA
371 	 zraR, cadC, idnR, marA
372 	 zraR, cadC, melR, marA
373 	 zraR, cadC, marA
374 	 zraR, cadC, melR, idnR, marA
375 	 zraR, cadC, idnR, marA
376 	 zraR, cadC, melR, marA
377 	 zraR, cadC, melR, idnR, marA
378 	 zraR, cadC, marA
379 	 zraR, cadC, idnR, marA
381 	 zraR, cadC, melR, marA
382 	 zraR, cadC, melR, idnR, marA
384 	 zraR, idnR, marR, marA
385 	 zraR, melR, marR, marA
386 	 zraR, melR, idnR, marR, marA
387 	 zraR, marR, marA
388 	 zraR, melR, marR, marA
389 	 zraR, idnR, marR, marA
390 	 zraR, melR, idnR, marR, marA
392 	 zraR, melR, marR, marA
393 	 zraR, idnR, marR, marA
394 	 zraR, melR, idnR, marR, marA
396 	 zraR, marR, marA
397 	 zraR, idnR, marR, marA
398 	 zraR, idnR, marR, marA
399 	 zraR, melR, marR, marA
400 	 zraR, melR, marR, marA
401 	 zraR, melR, idnR, marR, marA
402 	 zraR, melR, idnR, marR, marA
403 	 zraR, marR, marA
404 	 zraR, idnR, marR, marA
405 	 zraR, melR, marR, marA
406 	 zraR, melR, idnR, marR, marA
407 	 zraR, cadC, araC, marA
408 	 zraR, cadC, melR, araC, marA
409 	 zraR, cadC, araC, idnR, marA
410 	 zraR, cadC, melR, araC, idnR, marA
411 	 zraR, cadC, araC, marA
412 	 zraR, cadC, araC, idnR, marA
413 	 zraR, cadC, melR, araC, marA
414 	 zraR, cadC, melR, araC, idnR, marA
415 	 zraR, cadC, araC, marA
416 	 zraR, cadC, araC, idnR, marA
417 	 zraR, cadC, melR, araC, marA
418 	 zraR, cadC, melR, araC, idnR, marA
419 	 zraR, cadC, araC, marA
420 	 zraR, cadC, melR, araC, marA
421 	 zraR, cadC, araC, idnR, marA
422 	 zraR, cadC, melR, araC, idnR, marA
423 	 zraR, cadC, araC, marA
424 	 zraR, cadC, melR, araC, marA
425 	 zraR, cadC, araC, idnR, marA
426 	 zraR, cadC, melR, araC, idnR, marA
427 	 zraR, cadC, araC, marA
428 	 zraR, cadC, araC, marA
429 	 zraR, cadC, melR, araC, marA
430 	 zraR, cadC, araC, idnR, marA
431 	 zraR, cadC, melR, araC, marA
432 	 zraR, cadC, araC, idnR, marA
433 	 zraR, cadC, melR, araC, idnR, marA
434 	 zraR, cadC, melR, araC, idnR, marA
435 	 zraR, cadC, araC, marA
437 	 zraR, cadC, araC, idnR, marA
438 	 zraR, cadC, melR, araC, marA
439 	 zraR, cadC, melR, araC, idnR, marA
440 	 zraR, araC, marR, marA
441 	 zraR, araC, idnR, marR, marA
443 	 zraR, araC, marR, marA
444 	 zraR, melR, araC, marR, marA
445 	 zraR, melR, araC, marR, marA
446 	 zraR, araC, idnR, marR, marA
447 	 zraR, melR, araC, idnR, marR, marA
448 	 zraR, melR, araC, idnR, marR, marA
449 	 zraR, araC, marR, marA
450 	 zraR, araC, marR, marA
451 	 zraR, araC, marR, marA
452 	 zraR, araC, marR, marA
453 	 zraR, araC, idnR, marR, marA
454 	 zraR, araC, idnR, marR, marA
455 	 zraR, araC, idnR, marR, marA
456 	 zraR, araC, idnR, marR, marA
457 	 zraR, melR, araC, marR, marA
458 	 zraR, melR, araC, marR, marA
459 	 zraR, melR, araC, marR, marA
460 	 zraR, melR, araC, marR, marA
461 	 zraR, melR, araC, idnR, marR, marA
462 	 zraR, melR, araC, idnR, marR, marA
463 	 zraR, melR, araC, idnR, marR, marA
464 	 zraR, melR, araC, idnR, marR, marA
465 	 zraR, araC, marR, marA
466 	 zraR, araC, marR, marA
467 	 zraR, araC, idnR, marR, marA
468 	 zraR, melR, araC, marR, marA
469 	 zraR, araC, idnR, marR, marA
470 	 zraR, melR, araC, marR, marA
471 	 zraR, melR, araC, idnR, marR, marA
472 	 zraR, melR, araC, idnR, marR, marA
480 	 zraR, cadC, rhaR, rhaS, marA
482 	 zraR, cadC, rhaR, rhaS, marA
484 	 zraR, cadC, idnR, rhaR, rhaS, marA
486 	 zraR, cadC, idnR, rhaR, rhaS, marA
488 	 zraR, cadC, melR, rhaR, rhaS, marA
490 	 zraR, cadC, melR, rhaR, rhaS, marA
492 	 zraR, cadC, melR, idnR, rhaR, rhaS, marA
494 	 zraR, cadC, melR, idnR, rhaR, rhaS, marA
496 	 zraR, cadC, rhaR, rhaS, marA
498 	 zraR, cadC, rhaR, rhaS, marA
500 	 zraR, cadC, idnR, rhaR, rhaS, marA
502 	 zraR, cadC, rhaR, rhaS, marA
503 	 zraR, cadC, marA
504 	 zraR, cadC, rhaR, rhaS, marA
505 	 zraR, cadC, marA
506 	 zraR, cadC, idnR, rhaR, rhaS, marA
507 	 zraR, cadC, marA
508 	 zraR, cadC, melR, rhaR, rhaS, marA
509 	 zraR, cadC, melR, marA
510 	 zraR, cadC, rhaR, rhaS, marA
511 	 zraR, cadC, marA
512 	 zraR, cadC, idnR, rhaR, rhaS, marA
513 	 zraR, cadC, idnR, marA
514 	 zraR, cadC, melR, rhaR, rhaS, marA
515 	 zraR, cadC, melR, marA
516 	 zraR, cadC, rhaR, rhaS, marA
517 	 zraR, cadC, marA
518 	 zraR, cadC, melR, rhaR, rhaS, marA
519 	 zraR, cadC, melR, marA
520 	 zraR, cadC, idnR, rhaR, rhaS, marA
521 	 zraR, cadC, marA
522 	 zraR, cadC, melR, rhaR, rhaS, marA
523 	 zraR, cadC, idnR, marA
524 	 zraR, cadC, melR, rhaR, rhaS, marA
525 	 zraR, cadC, marA
526 	 zraR, cadC, melR, idnR, rhaR, rhaS, marA
527 	 zraR, cadC, idnR, marA
528 	 zraR, cadC, melR, rhaR, rhaS, marA
529 	 zraR, cadC, marA
530 	 zraR, cadC, melR, idnR, rhaR, rhaS, marA
531 	 zraR, cadC, marA
532 	 zraR, cadC, idnR, rhaR, rhaS, marA
533 	 zraR, cadC, marA
534 	 zraR, cadC, melR, idnR, rhaR, rhaS, marA
535 	 zraR, cadC, idnR, marA
536 	 zraR, cadC, idnR, rhaR, rhaS, marA
537 	 zraR, cadC, idnR, marA
538 	 zraR, cadC, melR, idnR, rhaR, rhaS, marA
539 	 zraR, cadC, idnR, marA
540 	 zraR, cadC, melR, idnR, rhaR, rhaS, marA
541 	 zraR, cadC, idnR, marA
542 	 zraR, cadC, melR, idnR, rhaR, rhaS, marA
543 	 zraR, cadC, idnR, marA
544 	 zraR, rhaR, rhaS, marR, marA
545 	 zraR, cadC, melR, idnR, marA
546 	 zraR, rhaR, rhaS, marR, marA
547 	 zraR, cadC, idnR, marA
548 	 zraR, rhaR, rhaS, marR, marA
549 	 zraR, cadC, marA
550 	 zraR, melR, rhaR, rhaS, marR, marA
551 	 zraR, cadC, melR, marA
552 	 zraR, idnR, rhaR, rhaS, marR, marA
553 	 zraR, cadC, melR, idnR, marA
554 	 zraR, rhaR, rhaS, marR, marA
555 	 zraR, cadC, idnR, marA
556 	 zraR, rhaR, rhaS, marR, marA
557 	 zraR, cadC, marA
558 	 zraR, melR, rhaR, rhaS, marR, marA
559 	 zraR, cadC, melR, marA
560 	 zraR, idnR, rhaR, rhaS, marR, marA
561 	 zraR, cadC, melR, idnR, marA
562 	 zraR, rhaR, rhaS, marR, marA
563 	 zraR, cadC, melR, marA
564 	 zraR, melR, rhaR, rhaS, marR, marA
565 	 zraR, cadC, marA
566 	 zraR, melR, rhaR, rhaS, marR, marA
567 	 zraR, cadC, marA
568 	 zraR, melR, idnR, rhaR, rhaS, marR, marA
569 	 zraR, cadC, melR, marA
570 	 zraR, idnR, rhaR, rhaS, marR, marA
571 	 zraR, cadC, idnR, marA
572 	 zraR, melR, idnR, rhaR, rhaS, marR, marA
573 	 zraR, cadC, melR, marA
574 	 zraR, idnR, rhaR, rhaS, marR, marA
575 	 zraR, cadC, idnR, marA
576 	 zraR, idnR, rhaR, rhaS, marR, marA
577 	 zraR, cadC, idnR, marA
578 	 zraR, melR, rhaR, rhaS, marR, marA
579 	 zraR, cadC, melR, idnR, marA
580 	 zraR, rhaR, rhaS, marR, marA
581 	 zraR, cadC, idnR, marA
582 	 zraR, melR, rhaR, rhaS, marR, marA
583 	 zraR, cadC, melR, marA
584 	 zraR, melR, idnR, rhaR, rhaS, marR, marA
585 	 zraR, cadC, melR, marA
586 	 zraR, melR, idnR, rhaR, rhaS, marR, marA
587 	 zraR, cadC, melR, marA
588 	 zraR, rhaR, rhaS, marR, marA
589 	 zraR, cadC, melR, idnR, marA
590 	 zraR, melR, rhaR, rhaS, marR, marA
591 	 zraR, cadC, melR, idnR, marA
592 	 zraR, melR, rhaR, rhaS, marR, marA
593 	 zraR, cadC, melR, marA
594 	 zraR, idnR, rhaR, rhaS, marR, marA
595 	 zraR, cadC, melR, marA
596 	 zraR, melR, idnR, rhaR, rhaS, marR, marA
597 	 zraR, cadC, melR, marA
598 	 zraR, melR, idnR, rhaR, rhaS, marR, marA
599 	 zraR, cadC, melR, idnR, marA
601 	 zraR, idnR, rhaR, rhaS, marR, marA
603 	 zraR, idnR, rhaR, rhaS, marR, marA
605 	 zraR, melR, idnR, rhaR, rhaS, marR, marA
607 	 zraR, melR, idnR, rhaR, rhaS, marR, marA
609 	 zraR, cadC, araC, rhaR, rhaS, marA
611 	 zraR, cadC, araC, rhaR, rhaS, marA
613 	 zraR, cadC, araC, idnR, rhaR, rhaS, marA
615 	 zraR, cadC, araC, idnR, rhaR, rhaS, marA
617 	 zraR, cadC, melR, araC, rhaR, rhaS, marA
619 	 zraR, cadC, melR, araC, rhaR, rhaS, marA
621 	 zraR, cadC, melR, araC, idnR, rhaR, rhaS, marA
623 	 zraR, cadC, melR, araC, idnR, rhaR, rhaS, marA
625 	 zraR, cadC, araC, rhaR, rhaS, marA
627 	 zraR, cadC, araC, rhaR, rhaS, marA
629 	 zraR, cadC, araC, idnR, rhaR, rhaS, marA
631 	 zraR, cadC, araC, idnR, rhaR, rhaS, marA
633 	 zraR, cadC, araC, rhaR, rhaS, marA
635 	 zraR, cadC, araC, rhaR, rhaS, marA
637 	 zraR, cadC, araC, idnR, rhaR, rhaS, marA
638 	 zraR, cadC, marA
639 	 zraR, cadC, araC, rhaR, rhaS, marA
640 	 zraR, cadC, marA
641 	 zraR, cadC, melR, araC, rhaR, rhaS, marA
642 	 zraR, cadC, melR, marA
643 	 zraR, cadC, araC, rhaR, rhaS, marA
644 	 zraR, cadC, marA
645 	 zraR, cadC, araC, idnR, rhaR, rhaS, marA
646 	 zraR, cadC, idnR, marA
647 	 zraR, cadC, melR, araC, rhaR, rhaS, marA
648 	 zraR, cadC, marA
649 	 zraR, cadC, melR, araC, rhaR, rhaS, marA
650 	 zraR, cadC, melR, marA
651 	 zraR, cadC, araC, idnR, rhaR, rhaS, marA
652 	 zraR, cadC, marA
653 	 zraR, cadC, melR, araC, idnR, rhaR, rhaS, marA
654 	 zraR, cadC, idnR, marA
655 	 zraR, cadC, melR, araC, rhaR, rhaS, marA
656 	 zraR, cadC, marA
657 	 zraR, cadC, melR, araC, idnR, rhaR, rhaS, marA
658 	 zraR, cadC, idnR, marA
659 	 zraR, cadC, melR, araC, rhaR, rhaS, marA
660 	 zraR, cadC, idnR, marA
661 	 zraR, cadC, melR, araC, idnR, rhaR, rhaS, marA
662 	 zraR, cadC, idnR, marA
663 	 zraR, cadC, melR, araC, rhaR, rhaS, marA
664 	 zraR, cadC, marA
665 	 zraR, cadC, melR, araC, idnR, rhaR, rhaS, marA
666 	 zraR, cadC, idnR, marA
667 	 zraR, cadC, araC, idnR, rhaR, rhaS, marA
668 	 zraR, cadC, melR, marA
669 	 zraR, cadC, melR, araC, idnR, rhaR, rhaS, marA
670 	 zraR, cadC, melR, marA
671 	 zraR, araC, rhaR, rhaS, marR, marA
672 	 zraR, cadC, melR, idnR, marA
673 	 zraR, araC, rhaR, rhaS, marR, marA
675 	 zraR, araC, rhaR, rhaS, marR, marA
677 	 zraR, melR, araC, rhaR, rhaS, marR, marA
679 	 zraR, araC, rhaR, rhaS, marR, marA
680 	 zraR, idnR, marR, marA
681 	 zraR, araC, rhaR, rhaS, marR, marA
682 	 zraR, idnR, marR, marA
683 	 zraR, melR, araC, rhaR, rhaS, marR, marA
684 	 zraR, idnR, marR, marA
685 	 zraR, araC, rhaR, rhaS, marR, marA
686 	 zraR, cadC, marA
687 	 zraR, araC, rhaR, rhaS, marR, marA
688 	 zraR, marR, marA
689 	 zraR, melR, araC, rhaR, rhaS, marR, marA
690 	 zraR, marR, marA
691 	 zraR, araC, rhaR, rhaS, marR, marA
692 	 zraR, marR, marA
693 	 zraR, melR, araC, rhaR, rhaS, marR, marA
694 	 zraR, idnR, marR, marA
695 	 zraR, melR, araC, rhaR, rhaS, marR, marA
697 	 zraR, araC, idnR, rhaR, rhaS, marR, marA
698 	 zraR, cadC, marA
699 	 zraR, cadC, melR, araC, idnR, rhaR, rhaS, marA
700 	 zraR, cadC, marA
701 	 zraR, araC, idnR, rhaR, rhaS, marR, marA
702 	 zraR, cadC, marA
703 	 zraR, araC, idnR, rhaR, rhaS, marR, marA
704 	 zraR, cadC, marA
705 	 zraR, melR, araC, rhaR, rhaS, marR, marA
706 	 zraR, cadC, marA
707 	 zraR, araC, idnR, rhaR, rhaS, marR, marA
709 	 zraR, melR, araC, idnR, rhaR, rhaS, marR, marA
710 	 zraR, idnR, marR, marA
711 	 zraR, melR, araC, rhaR, rhaS, marR, marA
712 	 zraR, melR, marR, marA
713 	 zraR, melR, araC, rhaR, rhaS, marR, marA
714 	 zraR, idnR, marR, marA
715 	 zraR, melR, araC, idnR, rhaR, rhaS, marR, marA
716 	 zraR, melR, marR, marA
717 	 zraR, araC, idnR, rhaR, rhaS, marR, marA
719 	 zraR, araC, idnR, rhaR, rhaS, marR, marA
720 	 zraR, melR, marR, marA
721 	 zraR, melR, araC, idnR, rhaR, rhaS, marR, marA
723 	 zraR, melR, araC, idnR, rhaR, rhaS, marR, marA
725 	 zraR, melR, araC, idnR, rhaR, rhaS, marR, marA
726 	 zraR, cadC, melR, idnR, marA
727 	 zraR, melR, araC, idnR, rhaR, rhaS, marR, marA
728 	 zraR, cadC, melR, idnR, marA
729 	 zraR, araC, idnR, rhaR, rhaS, marR, marA
730 	 zraR, melR, idnR, marR, marA
731 	 zraR, araC, idnR, rhaR, rhaS, marR, marA
732 	 zraR, melR, idnR, marR, marA
733 	 zraR, melR, araC, idnR, rhaR, rhaS, marR, marA
734 	 zraR, melR, idnR, marR, marA
735 	 zraR, melR, araC, idnR, rhaR, rhaS, marR, marA
736 	 zraR, cadC, melR, marA
745 	 zraR, cadC, melR, idnR, marA
749 	 zraR, cadC, melR, idnR, marA
753 	 zraR, cadC, melR, idnR, marA
757 	 zraR, cadC, melR, idnR, marA
761 	 zraR, cadC, melR, idnR, marA
765 	 zraR, cadC, melR, idnR, marA
769 	 zraR, cadC, melR, idnR, marA
777 	 zraR, marR, marA
781 	 zraR, marR, marA
784 	 zraR, cadC, melR, marA
785 	 zraR, melR, marR, marA
786 	 zraR, cadC, melR, idnR, marA
787 	 zraR, melR, marR, marA
788 	 zraR, cadC, idnR, marA
789 	 zraR, melR, marR, marA
790 	 zraR, cadC, idnR, marA
791 	 zraR, idnR, marR, marA
792 	 zraR, cadC, melR, marA
794 	 zraR, cadC, idnR, marA
795 	 zraR, idnR, marR, marA
796 	 zraR, melR, marR, marA
798 	 zraR, cadC, melR, idnR, marA
800 	 zraR, cadC, idnR, marA
801 	 zraR, idnR, marR, marA
802 	 zraR, cadC, melR, marA
804 	 zraR, cadC, idnR, marA
805 	 zraR, idnR, marR, marA
806 	 zraR, cadC, melR, marA
807 	 zraR, melR, marR, marA
808 	 zraR, cadC, idnR, marA
809 	 zraR, idnR, marR, marA
810 	 zraR, cadC, melR, idnR, marA
811 	 zraR, melR, marR, marA
812 	 zraR, cadC, idnR, marA
813 	 zraR, marR, marA
814 	 zraR, melR, marR, marA
815 	 zraR, melR, marR, marA
816 	 zraR, cadC, idnR, marA
817 	 zraR, marR, marA
818 	 zraR, melR, marR, marA
819 	 zraR, marR, marA
820 	 zraR, melR, idnR, marR, marA
821 	 zraR, marR, marA
822 	 zraR, melR, idnR, marR, marA
823 	 zraR, marR, marA
824 	 zraR, melR, idnR, marR, marA
825 	 zraR, melR, marR, marA
826 	 zraR, cadC, melR, idnR, marA
827 	 zraR, melR, marR, marA
828 	 zraR, cadC, melR, marA
829 	 zraR, melR, marR, marA
830 	 zraR, cadC, melR, idnR, marA
831 	 zraR, melR, marR, marA
832 	 zraR, cadC, melR, marA
833 	 zraR, melR, idnR, marR, marA
834 	 zraR, marR, marA
835 	 zraR, melR, idnR, marR, marA
836 	 zraR, idnR, marR, marA
837 	 zraR, melR, idnR, marR, marA
838 	 zraR, cadC, melR, idnR, marA
839 	 zraR, melR, idnR, marR, marA
840 	 zraR, marR, marA
841 	 zraR, idnR, marR, marA
842 	 zraR, marR, marA
844 	 zraR, cadC, melR, marA
845 	 zraR, melR, marR, marA
846 	 zraR, cadC, melR, idnR, marA
847 	 zraR, idnR, marR, marA
848 	 zraR, cadC, melR, idnR, marA
849 	 zraR, melR, idnR, marR, marA
850 	 zraR, cadC, araC, marA
851 	 zraR, cadC, araC, marA
852 	 zraR, cadC, araC, marA
853 	 zraR, marR, marA
854 	 zraR, cadC, melR, araC, marA
855 	 zraR, cadC, araC, marA
856 	 zraR, cadC, melR, idnR, marA
857 	 zraR, melR, idnR, marR, marA
858 	 zraR, cadC, araC, marA
859 	 zraR, idnR, marR, marA
860 	 zraR, cadC, araC, marA
861 	 zraR, araC, marR, marA
862 	 zraR, melR, marR, marA
863 	 zraR, cadC, araC, marA
864 	 zraR, cadC, melR, marA
865 	 zraR, cadC, melR, araC, marA
866 	 zraR, idnR, marR, marA
867 	 zraR, cadC, araC, marA
868 	 zraR, idnR, marR, marA
869 	 zraR, cadC, rhaR, rhaS, marA
870 	 zraR, cadC, marA
871 	 zraR, cadC, rhaR, rhaS, marA
872 	 zraR, cadC, araC, marA
873 	 zraR, cadC, rhaR, rhaS, marA
874 	 zraR, cadC, marA
875 	 zraR, cadC, rhaR, rhaS, marA
876 	 zraR, cadC, marA
877 	 zraR, cadC, idnR, rhaR, rhaS, marA
878 	 zraR, cadC, idnR, marA
879 	 zraR, cadC, araC, marA
880 	 zraR, cadC, araC, idnR, marA
881 	 zraR, idnR, marR, marA
884 	 zraR, cadC, araC, idnR, marA
885 	 zraR, idnR, marR, marA
889 	 zraR, idnR, marR, marA
892 	 zraR, cadC, araC, idnR, marA
893 	 zraR, melR, idnR, marR, marA
896 	 zraR, cadC, araC, idnR, marA
897 	 zraR, melR, idnR, marR, marA
900 	 zraR, cadC, melR, araC, marA
901 	 zraR, melR, idnR, marR, marA
902 	 zraR, cadC, araC, marA
903 	 zraR, melR, idnR, marR, marA
904 	 zraR, cadC, araC, marA
906 	 zraR, cadC, melR, araC, idnR, marA
907 	 zraR, cadC, araC, idnR, marA
908 	 zraR, cadC, melR, araC, marA
909 	 zraR, cadC, araC, idnR, marA
910 	 zraR, cadC, melR, araC, marA
911 	 zraR, cadC, araC, idnR, marA
912 	 zraR, cadC, melR, araC, idnR, marA
913 	 zraR, cadC, araC, marA
914 	 zraR, cadC, melR, araC, idnR, marA
915 	 zraR, cadC, araC, idnR, marA
916 	 zraR, cadC, melR, araC, idnR, marA
917 	 zraR, cadC, melR, araC, marA
918 	 zraR, cadC, melR, araC, marA
919 	 zraR, cadC, araC, marA
920 	 zraR, cadC, melR, araC, idnR, marA
921 	 zraR, araC, marR, marA
922 	 zraR, cadC, melR, araC, idnR, marA
924 	 zraR, cadC, melR, araC, marA
925 	 zraR, cadC, araC, marA
926 	 zraR, cadC, melR, araC, marA
927 	 zraR, cadC, araC, idnR, marA
928 	 zraR, cadC, melR, araC, idnR, marA
929 	 zraR, cadC, araC, idnR, marA
930 	 zraR, cadC, melR, araC, idnR, marA
931 	 zraR, cadC, araC, idnR, marA
932 	 zraR, araC, idnR, marR, marA
933 	 zraR, cadC, araC, marA
934 	 zraR, araC, marR, marA
935 	 zraR, cadC, araC, idnR, marA
936 	 zraR, araC, idnR, marR, marA
937 	 zraR, cadC, melR, araC, marA
938 	 zraR, araC, marR, marA
939 	 zraR, cadC, melR, araC, marA
940 	 zraR, araC, idnR, marR, marA
941 	 zraR, cadC, melR, araC, marA
942 	 zraR, araC, idnR, marR, marA
943 	 zraR, cadC, melR, araC, idnR, marA
944 	 zraR, araC, marR, marA
945 	 zraR, cadC, melR, araC, idnR, marA
946 	 zraR, araC, idnR, marR, marA
947 	 zraR, cadC, melR, araC, marA
948 	 zraR, araC, marR, marA
949 	 zraR, cadC, melR, araC, idnR, marA
950 	 zraR, araC, idnR, marR, marA
951 	 zraR, cadC, melR, araC, idnR, marA
952 	 zraR, araC, marR, marA
953 	 zraR, cadC, araC, marA
954 	 zraR, araC, marR, marA
955 	 zraR, cadC, araC, marA
956 	 zraR, melR, araC, marR, marA
957 	 zraR, melR, idnR, marR, marA
958 	 zraR, araC, idnR, marR, marA
959 	 zraR, cadC, araC, idnR, marA
960 	 zraR, melR, araC, marR, marA
961 	 zraR, idnR, marR, marA
962 	 zraR, araC, idnR, marR, marA
963 	 zraR, cadC, araC, idnR, marA
964 	 zraR, melR, araC, idnR, marR, marA
965 	 zraR, idnR, marR, marA
966 	 zraR, melR, araC, marR, marA
967 	 zraR, cadC, melR, idnR, marA
968 	 zraR, cadC, araC, marA
969 	 zraR, melR, araC, marR, marA
970 	 zraR, cadC, araC, idnR, marA
971 	 zraR, melR, araC, idnR, marR, marA
972 	 zraR, idnR, marR, marA
973 	 zraR, melR, araC, idnR, marR, marA
974 	 zraR, idnR, marR, marA
975 	 zraR, melR, araC, idnR, marR, marA
976 	 zraR, melR, marR, marA
977 	 zraR, araC, marR, marA
978 	 zraR, melR, idnR, marR, marA
979 	 zraR, araC, marR, marA
980 	 zraR, melR, araC, marR, marA
981 	 zraR, cadC, araC, marA
982 	 zraR, melR, marR, marA
983 	 zraR, araC, marR, marA
984 	 zraR, melR, araC, marR, marA
985 	 zraR, cadC, araC, idnR, marA
986 	 zraR, melR, marR, marA
987 	 zraR, araC, idnR, marR, marA
988 	 zraR, melR, araC, idnR, marR, marA
989 	 zraR, araC, idnR, marR, marA
990 	 zraR, melR, idnR, marR, marA
991 	 zraR, araC, marR, marA
992 	 zraR, melR, araC, marR, marA
993 	 zraR, araC, idnR, marR, marA
994 	 zraR, cadC, melR, araC, marA
995 	 zraR, araC, idnR, marR, marA
996 	 zraR, melR, araC, marR, marA
997 	 zraR, araC, marR, marA
998 	 zraR, cadC, melR, araC, marA
999 	 zraR, melR, araC, marR, marA
1000 	 zraR, melR, araC, idnR, marR, marA
1001 	 zraR, araC, idnR, marR, marA
1002 	 zraR, cadC, melR, araC, marA
1003 	 zraR, melR, araC, idnR, marR, marA
1004 	 zraR, melR, araC, idnR, marR, marA
1005 	 zraR, araC, marR, marA
1006 	 zraR, cadC, melR, araC, marA
1007 	 zraR, melR, araC, marR, marA
1008 	 zraR, melR, araC, idnR, marR, marA
1009 	 zraR, araC, idnR, marR, marA
1010 	 zraR, cadC, melR, araC, idnR, marA
1011 	 zraR, melR, araC, marR, marA
1012 	 zraR, cadC, melR, araC, idnR, marA
1013 	 zraR, melR, araC, idnR, marR, marA
1014 	 zraR, melR, marR, marA
1015 	 zraR, melR, araC, idnR, marR, marA
1016 	 zraR, melR, idnR, marR, marA
1017 	 zraR, melR, araC, marR, marA
1018 	 zraR, melR, idnR, marR, marA
1019 	 zraR, melR, araC, idnR, marR, marA
1020 	 zraR, araC, marR, marA
1021 	 zraR, cadC, melR, araC, idnR, marA
1022 	 zraR, araC, marR, marA
1023 	 zraR, cadC, melR, araC, idnR, marA
1024 	 zraR, araC, idnR, marR, marA
1025 	 zraR, araC, idnR, marR, marA
1026 	 zraR, melR, araC, marR, marA
1027 	 zraR, melR, araC, marR, marA
1028 	 zraR, melR, araC, marR, marA
1029 	 zraR, melR, araC, idnR, marR, marA
1030 	 zraR, melR, araC, idnR, marR, marA
1031 	 zraR, cadC, araC, marA
1032 	 zraR, melR, araC, idnR, marR, marA
1033 	 zraR, melR, araC, marR, marA
1034 	 zraR, melR, araC, idnR, marR, marA
1035 	 zraR, cadC, idnR, rhaR, rhaS, marA
1036 	 zraR, cadC, idnR, rhaR, rhaS, marA
1038 	 zraR, cadC, idnR, rhaR, rhaS, marA
1040 	 zraR, cadC, araC, rhaR, rhaS, marA
1042 	 zraR, cadC, araC, rhaR, rhaS, marA
1044 	 zraR, cadC, araC, rhaR, rhaS, marA
1046 	 zraR, cadC, araC, idnR, rhaR, rhaS, marA
1048 	 zraR, cadC, araC, idnR, rhaR, rhaS, marA
1050 	 zraR, cadC, araC, idnR, rhaR, rhaS, marA
1052 	 zraR, cadC, araC, rhaR, rhaS, marA
1054 	 zraR, cadC, araC, idnR, rhaR, rhaS, marA
1056 	 zraR, cadC, melR, rhaR, rhaS, marA
1058 	 zraR, cadC, melR, rhaR, rhaS, marA
1060 	 zraR, cadC, melR, idnR, rhaR, rhaS, marA
1062 	 zraR, cadC, rhaR, rhaS, marA
1064 	 zraR, cadC, rhaR, rhaS, marA
1066 	 zraR, cadC, idnR, rhaR, rhaS, marA
1068 	 zraR, cadC, idnR, rhaR, rhaS, marA
1070 	 zraR, cadC, rhaR, rhaS, marA
1072 	 zraR, cadC, rhaR, rhaS, marA
1074 	 zraR, cadC, idnR, rhaR, rhaS, marA
1076 	 zraR, cadC, idnR, rhaR, rhaS, marA
1078 	 zraR, cadC, araC, rhaR, rhaS, marA
1080 	 zraR, cadC, araC, rhaR, rhaS, marA
1082 	 zraR, cadC, araC, rhaR, rhaS, marA
1083 	 zraR, cadC, idnR, marA
1084 	 zraR, rhaR, rhaS, marR, marA
1085 	 zraR, cadC, marA
1086 	 zraR, rhaR, rhaS, marR, marA
1087 	 zraR, cadC, idnR, marA
1089 	 zraR, cadC, rhaR, rhaS, marA
1090 	 zraR, cadC, idnR, marA
1091 	 zraR, cadC, araC, idnR, rhaR, rhaS, marA
1092 	 zraR, cadC, marA
1093 	 zraR, cadC, rhaR, rhaS, marA
1095 	 zraR, cadC, rhaR, rhaS, marA
1096 	 zraR, cadC, melR, marA
1097 	 zraR, idnR, rhaR, rhaS, marR, marA
1098 	 zraR, cadC, araC, marA
1099 	 zraR, cadC, idnR, rhaR, rhaS, marA
1101 	 zraR, cadC, idnR, rhaR, rhaS, marA
1102 	 zraR, cadC, marA
1103 	 zraR, cadC, araC, rhaR, rhaS, marA
1104 	 zraR, cadC, marA
1105 	 zraR, cadC, idnR, rhaR, rhaS, marA
1106 	 zraR, cadC, idnR, marA
1107 	 zraR, cadC, araC, idnR, rhaR, rhaS, marA
1108 	 zraR, cadC, idnR, marA
1109 	 zraR, cadC, rhaR, rhaS, marA
1110 	 zraR, cadC, marA
1111 	 zraR, cadC, araC, idnR, rhaR, rhaS, marA
1112 	 zraR, cadC, marA
1113 	 zraR, cadC, idnR, rhaR, rhaS, marA
1114 	 zraR, cadC, marA
1115 	 zraR, cadC, araC, idnR, rhaR, rhaS, marA
1116 	 zraR, cadC, idnR, marA
1117 	 zraR, idnR, rhaR, rhaS, marR, marA
1118 	 zraR, cadC, idnR, marA
1119 	 zraR, rhaR, rhaS, marR, marA
1120 	 zraR, cadC, melR, marA
1121 	 zraR, idnR, rhaR, rhaS, marR, marA
1122 	 zraR, cadC, araC, idnR, marA
1124 	 zraR, rhaR, rhaS, marR, marA
1125 	 zraR, cadC, idnR, marA
1126 	 zraR, idnR, rhaR, rhaS, marR, marA
1127 	 zraR, cadC, melR, marA
1128 	 zraR, cadC, melR, rhaR, rhaS, marA
1129 	 zraR, cadC, marA
1130 	 zraR, cadC, rhaR, rhaS, marA
1132 	 zraR, rhaR, rhaS, marR, marA
1133 	 zraR, cadC, araC, idnR, marA
1134 	 zraR, cadC, melR, rhaR, rhaS, marA
1135 	 zraR, cadC, marA
1136 	 zraR, rhaR, rhaS, marR, marA
1137 	 zraR, cadC, idnR, marA
1138 	 zraR, cadC, melR, idnR, rhaR, rhaS, marA
1139 	 zraR, cadC, idnR, marA
1140 	 zraR, cadC, melR, idnR, rhaR, rhaS, marA
1141 	 zraR, cadC, idnR, marA
1142 	 zraR, rhaR, rhaS, marR, marA
1144 	 zraR, idnR, rhaR, rhaS, marR, marA
1145 	 zraR, cadC, marA
1146 	 zraR, cadC, araC, rhaR, rhaS, marA
1147 	 zraR, idnR, marR, marA
1148 	 zraR, idnR, rhaR, rhaS, marR, marA
1149 	 zraR, idnR, marR, marA
1150 	 zraR, cadC, araC, rhaR, rhaS, marA
1151 	 zraR, cadC, idnR, marA
1152 	 zraR, rhaR, rhaS, marR, marA
1153 	 zraR, cadC, araC, marA
1154 	 zraR, cadC, melR, idnR, rhaR, rhaS, marA
1155 	 zraR, cadC, melR, idnR, marA
1156 	 zraR, rhaR, rhaS, marR, marA
1157 	 zraR, idnR, marR, marA
1158 	 zraR, cadC, melR, rhaR, rhaS, marA
1159 	 zraR, cadC, melR, idnR, marA
1160 	 zraR, idnR, rhaR, rhaS, marR, marA
1161 	 zraR, cadC, araC, marA
1162 	 zraR, cadC, melR, araC, rhaR, rhaS, marA
1163 	 zraR, cadC, melR, marA
1164 	 zraR, idnR, rhaR, rhaS, marR, marA
1165 	 zraR, idnR, marR, marA
1166 	 zraR, cadC, melR, rhaR, rhaS, marA
1167 	 zraR, cadC, melR, idnR, marA
1168 	 zraR, idnR, rhaR, rhaS, marR, marA
1169 	 zraR, cadC, araC, idnR, marA
1170 	 zraR, cadC, melR, araC, rhaR, rhaS, marA
1171 	 zraR, cadC, melR, idnR, marA
1172 	 zraR, araC, rhaR, rhaS, marR, marA
1173 	 zraR, cadC, marA
1174 	 zraR, cadC, melR, rhaR, rhaS, marA
1175 	 zraR, melR, marR, marA
1176 	 zraR, melR, rhaR, rhaS, marR, marA
1177 	 zraR, cadC, melR, marA
1178 	 zraR, rhaR, rhaS, marR, marA
1179 	 zraR, marR, marA
1180 	 zraR, melR, rhaR, rhaS, marR, marA
1181 	 zraR, cadC, araC, marA
1182 	 zraR, cadC, melR, rhaR, rhaS, marA
1183 	 zraR, melR, idnR, marR, marA
1184 	 zraR, cadC, melR, araC, rhaR, rhaS, marA
1185 	 zraR, cadC, melR, marA
1186 	 zraR, melR, idnR, rhaR, rhaS, marR, marA
1188 	 zraR, araC, rhaR, rhaS, marR, marA
1189 	 zraR, cadC, araC, idnR, marA
1190 	 zraR, cadC, melR, idnR, rhaR, rhaS, marA
1191 	 zraR, cadC, melR, marA
1192 	 zraR, cadC, melR, araC, idnR, rhaR, rhaS, marA
1193 	 zraR, cadC, melR, marA
1194 	 zraR, cadC, idnR, rhaR, rhaS, marA
1195 	 zraR, cadC, araC, idnR, marA
1196 	 zraR, cadC, melR, idnR, rhaR, rhaS, marA
1197 	 zraR, melR, marR, marA
1198 	 zraR, cadC, melR, araC, rhaR, rhaS, marA
1199 	 zraR, cadC, melR, idnR, marA
1200 	 zraR, idnR, rhaR, rhaS, marR, marA
1201 	 zraR, cadC, araC, idnR, marA
1202 	 zraR, cadC, melR, rhaR, rhaS, marA
1204 	 zraR, cadC, melR, araC, idnR, rhaR, rhaS, marA
1205 	 zraR, cadC, melR, marA
1206 	 zraR, rhaR, rhaS, marR, marA
1207 	 zraR, cadC, araC, idnR, marA
1208 	 zraR, cadC, melR, idnR, rhaR, rhaS, marA
1209 	 zraR, cadC, melR, marA
1210 	 zraR, cadC, melR, araC, idnR, rhaR, rhaS, marA
1211 	 zraR, cadC, melR, idnR, marA
1212 	 zraR, cadC, rhaR, rhaS, marA
1213 	 zraR, cadC, araC, idnR, marA
1214 	 zraR, cadC, melR, idnR, rhaR, rhaS, marA
1215 	 zraR, melR, marR, marA
1216 	 zraR, cadC, melR, araC, idnR, rhaR, rhaS, marA
1217 	 zraR, cadC, melR, idnR, marA
1218 	 zraR, rhaR, rhaS, marR, marA
1219 	 zraR, cadC, araC, marA
1220 	 zraR, melR, idnR, rhaR, rhaS, marR, marA
1221 	 zraR, cadC, marA
1222 	 zraR, idnR, rhaR, rhaS, marR, marA
1223 	 zraR, melR, marR, marA
1224 	 zraR, cadC, melR, idnR, rhaR, rhaS, marA
1225 	 zraR, cadC, araC, marA
1226 	 zraR, cadC, melR, rhaR, rhaS, marA
1227 	 zraR, cadC, melR, marA
1228 	 zraR, cadC, idnR, rhaR, rhaS, marA
1229 	 zraR, idnR, marR, marA
1230 	 zraR, melR, rhaR, rhaS, marR, marA
1231 	 zraR, araC, marR, marA
1232 	 zraR, cadC, araC, rhaR, rhaS, marA
1233 	 zraR, cadC, idnR, marA
1234 	 zraR, cadC, melR, rhaR, rhaS, marA
1235 	 zraR, cadC, melR, araC, marA
1236 	 zraR, cadC, araC, idnR, rhaR, rhaS, marA
1237 	 zraR, marR, marA
1238 	 zraR, melR, idnR, rhaR, rhaS, marR, marA
1239 	 zraR, cadC, melR, idnR, marA
1240 	 zraR, cadC, melR, idnR, rhaR, rhaS, marA
1241 	 zraR, melR, idnR, marR, marA
1242 	 zraR, idnR, rhaR, rhaS, marR, marA
1243 	 zraR, marR, marA
1244 	 zraR, melR, rhaR, rhaS, marR, marA
1245 	 zraR, araC, marR, marA
1246 	 zraR, melR, idnR, rhaR, rhaS, marR, marA
1247 	 zraR, cadC, melR, idnR, marA
1248 	 zraR, araC, idnR, rhaR, rhaS, marR, marA
1249 	 zraR, cadC, araC, marA
1250 	 zraR, cadC, rhaR, rhaS, marA
1251 	 zraR, melR, idnR, marR, marA
1252 	 zraR, cadC, melR, idnR, rhaR, rhaS, marA
1253 	 zraR, marR, marA
1254 	 zraR, melR, rhaR, rhaS, marR, marA
1255 	 zraR, cadC, araC, marA
1256 	 zraR, cadC, rhaR, rhaS, marA
1257 	 zraR, idnR, marR, marA
1258 	 zraR, cadC, araC, rhaR, rhaS, marA
1259 	 zraR, cadC, melR, marA
1260 	 zraR, araC, rhaR, rhaS, marR, marA
1261 	 zraR, cadC, araC, marA
1262 	 zraR, cadC, melR, araC, rhaR, rhaS, marA
1263 	 zraR, melR, idnR, marR, marA
1264 	 zraR, cadC, melR, rhaR, rhaS, marA
1265 	 zraR, idnR, marR, marA
1266 	 zraR, cadC, idnR, rhaR, rhaS, marA
1267 	 zraR, cadC, araC, marA
1268 	 zraR, araC, idnR, rhaR, rhaS, marR, marA
1269 	 zraR, cadC, melR, araC, marA
1270 	 zraR, cadC, melR, idnR, rhaR, rhaS, marA
1271 	 zraR, cadC, araC, marA
1272 	 zraR, araC, idnR, rhaR, rhaS, marR, marA
1273 	 zraR, idnR, marR, marA
1274 	 zraR, cadC, melR, araC, rhaR, rhaS, marA
1275 	 zraR, melR, marR, marA
1276 	 zraR, cadC, araC, idnR, rhaR, rhaS, marA
1277 	 zraR, marR, marA
1278 	 zraR, cadC, melR, araC, rhaR, rhaS, marA
1279 	 zraR, cadC, araC, marA
1280 	 zraR, cadC, araC, rhaR, rhaS, marA
1281 	 zraR, melR, marR, marA
1282 	 zraR, cadC, melR, rhaR, rhaS, marA
1283 	 zraR, cadC, melR, araC, marA
1284 	 zraR, cadC, melR, araC, rhaR, rhaS, marA
1285 	 zraR, cadC, melR, idnR, marA
1286 	 zraR, cadC, melR, araC, rhaR, rhaS, marA
1287 	 zraR, melR, marR, marA
1288 	 zraR, araC, rhaR, rhaS, marR, marA
1289 	 zraR, cadC, melR, araC, idnR, marA
1290 	 zraR, cadC, melR, araC, rhaR, rhaS, marA
1291 	 zraR, araC, marR, marA
1292 	 zraR, melR, rhaR, rhaS, marR, marA
1293 	 zraR, cadC, melR, araC, marA
1294 	 zraR, araC, rhaR, rhaS, marR, marA
1295 	 zraR, cadC, melR, marA
1296 	 zraR, melR, rhaR, rhaS, marR, marA
1297 	 zraR, melR, araC, marR, marA
1298 	 zraR, cadC, melR, araC, idnR, rhaR, rhaS, marA
1299 	 zraR, cadC, araC, idnR, marA
1300 	 zraR, melR, rhaR, rhaS, marR, marA
1301 	 zraR, melR, marR, marA
1302 	 zraR, melR, rhaR, rhaS, marR, marA
1303 	 zraR, cadC, araC, idnR, marA
1304 	 zraR, melR, rhaR, rhaS, marR, marA
1305 	 zraR, araC, marR, marA
1306 	 zraR, araC, rhaR, rhaS, marR, marA
1307 	 zraR, cadC, melR, idnR, marA
1308 	 zraR, araC, idnR, rhaR, rhaS, marR, marA
1309 	 zraR, araC, idnR, marR, marA
1310 	 zraR, cadC, araC, idnR, rhaR, rhaS, marA
1311 	 zraR, cadC, melR, marA
1312 	 zraR, melR, araC, rhaR, rhaS, marR, marA
1313 	 zraR, araC, marR, marA
1314 	 zraR, cadC, melR, araC, rhaR, rhaS, marA
1315 	 zraR, cadC, araC, idnR, marA
1316 	 zraR, melR, araC, idnR, rhaR, rhaS, marR, marA
1318 	 zraR, melR, araC, rhaR, rhaS, marR, marA
1319 	 zraR, araC, marR, marA
1320 	 zraR, araC, rhaR, rhaS, marR, marA
1321 	 zraR, araC, marR, marA
1322 	 zraR, cadC, araC, rhaR, rhaS, marA
1323 	 zraR, cadC, melR, araC, marA
1324 	 zraR, cadC, melR, idnR, rhaR, rhaS, marA
1325 	 zraR, araC, idnR, marR, marA
1326 	 zraR, melR, idnR, rhaR, rhaS, marR, marA
1327 	 zraR, cadC, melR, araC, marA
1328 	 zraR, cadC, melR, rhaR, rhaS, marA
1329 	 zraR, melR, marR, marA
1330 	 zraR, cadC, araC, idnR, rhaR, rhaS, marA
1332 	 zraR, melR, idnR, rhaR, rhaS, marR, marA
1333 	 zraR, melR, araC, marR, marA
1334 	 zraR, cadC, melR, araC, idnR, rhaR, rhaS, marA
1335 	 zraR, cadC, araC, marA
1336 	 zraR, melR, rhaR, rhaS, marR, marA
1337 	 zraR, cadC, araC, idnR, marA
1338 	 zraR, cadC, melR, araC, rhaR, rhaS, marA
1339 	 zraR, melR, araC, marR, marA
1340 	 zraR, melR, araC, rhaR, rhaS, marR, marA
1341 	 zraR, cadC, araC, idnR, marA
1342 	 zraR, melR, araC, rhaR, rhaS, marR, marA
1343 	 zraR, cadC, melR, araC, marA
1344 	 zraR, cadC, melR, araC, rhaR, rhaS, marA
1345 	 zraR, araC, marR, marA
1346 	 zraR, melR, idnR, rhaR, rhaS, marR, marA
1347 	 zraR, cadC, araC, marA
1348 	 zraR, cadC, melR, araC, idnR, rhaR, rhaS, marA
1349 	 zraR, cadC, araC, marA
1350 	 zraR, rhaR, rhaS, marR, marA
1351 	 zraR, araC, marR, marA
1352 	 zraR, melR, rhaR, rhaS, marR, marA
1353 	 zraR, araC, marR, marA
1354 	 zraR, rhaR, rhaS, marR, marA
1355 	 zraR, cadC, melR, araC, idnR, marA
1356 	 zraR, melR, araC, rhaR, rhaS, marR, marA
1357 	 zraR, melR, araC, marR, marA
1358 	 zraR, idnR, rhaR, rhaS, marR, marA
1359 	 zraR, cadC, melR, araC, marA
1360 	 zraR, cadC, melR, rhaR, rhaS, marA
1361 	 zraR, marR, marA
1362 	 zraR, melR, rhaR, rhaS, marR, marA
1363 	 zraR, araC, marR, marA
1364 	 zraR, cadC, melR, idnR, rhaR, rhaS, marA
1365 	 zraR, idnR, marR, marA
1366 	 zraR, cadC, melR, araC, rhaR, rhaS, marA
1367 	 zraR, cadC, melR, araC, marA
1368 	 zraR, cadC, idnR, rhaR, rhaS, marA
1370 	 zraR, cadC, melR, araC, idnR, rhaR, rhaS, marA
1371 	 zraR, cadC, araC, marA
1372 	 zraR, araC, idnR, rhaR, rhaS, marR, marA
1373 	 zraR, araC, marR, marA
1374 	 zraR, cadC, araC, rhaR, rhaS, marA
1375 	 zraR, cadC, melR, araC, marA
1376 	 zraR, cadC, araC, rhaR, rhaS, marA
1377 	 zraR, araC, idnR, marR, marA
1378 	 zraR, rhaR, rhaS, marR, marA
1379 	 zraR, cadC, araC, idnR, marA
1380 	 zraR, cadC, melR, rhaR, rhaS, marA
1381 	 zraR, melR, marR, marA
1382 	 zraR, araC, rhaR, rhaS, marR, marA
1383 	 zraR, idnR, marR, marA
1384 	 zraR, araC, idnR, rhaR, rhaS, marR, marA
1385 	 zraR, cadC, marA
1386 	 zraR, melR, araC, idnR, rhaR, rhaS, marR, marA
1387 	 zraR, cadC, araC, marA
1388 	 zraR, melR, araC, idnR, rhaR, rhaS, marR, marA
1389 	 zraR, melR, araC, marR, marA
1390 	 zraR, melR, araC, idnR, rhaR, rhaS, marR, marA
1391 	 zraR, melR, araC, marR, marA
1392 	 zraR, araC, rhaR, rhaS, marR, marA
1393 	 zraR, idnR, marR, marA
1394 	 zraR, melR, marR, marA
1395 	 zraR, idnR, marR, marA
1396 	 zraR, melR, marR, marA
1397 	 zraR, melR, marR, marA
1398 	 zraR, melR, idnR, marR, marA
1400 	 zraR, melR, idnR, marR, marA
1401 	 zraR, melR, idnR, marR, marA
1402 	 zraR, melR, idnR, marR, marA
1403 	 zraR, idnR, marR, marA
1404 	 zraR, idnR, marR, marA
1405 	 zraR, melR, idnR, marR, marA
1406 	 zraR, melR, marR, marA
1407 	 zraR, melR, idnR, marR, marA
1408 	 zraR, melR, marR, marA
1409 	 zraR, melR, idnR, marR, marA
1410 	 zraR, cadC, melR, idnR, marA
1411 	 zraR, cadC, melR, idnR, marA
1412 	 zraR, melR, idnR, marR, marA
1413 	 zraR, melR, idnR, marR, marA
1414 	 zraR, araC, idnR, marR, marA
1416 	 zraR, melR, araC, idnR, marR, marA
1417 	 zraR, melR, marR, marA
1418 	 zraR, cadC, melR, araC, marA
1419 	 zraR, melR, marR, marA
1420 	 zraR, melR, araC, idnR, marR, marA
1421 	 zraR, melR, idnR, marR, marA
1422 	 zraR, araC, idnR, marR, marA
1423 	 zraR, melR, idnR, marR, marA
1424 	 zraR, cadC, melR, araC, idnR, marA
1425 	 zraR, melR, idnR, marR, marA
1426 	 zraR, cadC, melR, araC, idnR, marA
1428 	 zraR, cadC, melR, araC, idnR, marA
1430 	 zraR, araC, idnR, marR, marA
1432 	 zraR, melR, araC, marR, marA
1434 	 zraR, cadC, melR, araC, marA
1436 	 zraR, araC, idnR, marR, marA
1438 	 zraR, melR, araC, idnR, marR, marA
1440 	 zraR, melR, araC, marR, marA
1442 	 zraR, melR, araC, idnR, marR, marA
1444 	 zraR, melR, araC, marR, marA
1446 	 zraR, cadC, melR, araC, idnR, marA
1448 	 zraR, melR, araC, idnR, marR, marA
1450 	 zraR, melR, araC, idnR, marR, marA
1452 	 zraR, marR, marA
1453 	 zraR, araC, marR, marA
1455 	 zraR, araC, marR, marA
1457 	 zraR, araC, idnR, marR, marA
1459 	 zraR, araC, idnR, marR, marA
1461 	 zraR, cadC, melR, araC, marA
1463 	 zraR, melR, araC, marR, marA
1464 	 zraR, cadC, idnR, marA
1465 	 zraR, cadC, melR, araC, marA
1466 	 zraR, idnR, marR, marA
1467 	 zraR, melR, araC, marR, marA
1468 	 zraR, cadC, melR, marA
1469 	 zraR, cadC, melR, araC, idnR, marA
1470 	 zraR, melR, marR, marA
1471 	 zraR, cadC, melR, araC, idnR, marA
1472 	 zraR, cadC, melR, marA
1473 	 zraR, melR, araC, idnR, marR, marA
1474 	 zraR, melR, marR, marA
1475 	 zraR, melR, araC, idnR, marR, marA
1476 	 zraR, cadC, melR, marA
1477 	 zraR, cadC, araC, marA
1478 	 zraR, araC, marR, marA
1479 	 zraR, marR, marA
1480 	 zraR, marR, marA
1481 	 zraR, cadC, melR, araC, marA
1482 	 zraR, cadC, melR, araC, idnR, marA
1483 	 zraR, idnR, marR, marA
1484 	 zraR, idnR, marR, marA
1485 	 zraR, cadC, melR, araC, marA
1486 	 zraR, cadC, araC, idnR, marA
1487 	 zraR, melR, marR, marA
1488 	 zraR, melR, marR, marA
1489 	 zraR, araC, idnR, marR, marA
1490 	 zraR, cadC, araC, idnR, marA
1491 	 zraR, idnR, marR, marA
1492 	 zraR, melR, idnR, marR, marA
1493 	 zraR, cadC, melR, araC, idnR, marA
1494 	 zraR, cadC, araC, marA
1495 	 zraR, idnR, marR, marA
1496 	 zraR, melR, idnR, marR, marA
1497 	 zraR, cadC, melR, araC, marA
1498 	 zraR, araC, marR, marA
1499 	 zraR, cadC, melR, idnR, marA
1500 	 zraR, melR, marR, marA
1501 	 zraR, melR, araC, idnR, marR, marA
1502 	 zraR, cadC, araC, marA
1503 	 zraR, cadC, melR, idnR, marA
1504 	 zraR, melR, idnR, marR, marA
1505 	 zraR, araC, idnR, marR, marA
1506 	 zraR, cadC, melR, araC, idnR, marA
1507 	 zraR, cadC, rhaR, rhaS, marA
1508 	 zraR, cadC, idnR, marA
1509 	 zraR, cadC, rhaR, rhaS, marA
1510 	 zraR, idnR, marR, marA
1511 	 zraR, cadC, rhaR, rhaS, marA
1512 	 zraR, melR, marR, marA
1513 	 zraR, cadC, rhaR, rhaS, marA
1514 	 zraR, melR, idnR, marR, marA
1515 	 zraR, cadC, rhaR, rhaS, marA
1516 	 zraR, idnR, marR, marA
1517 	 zraR, cadC, melR, rhaR, rhaS, marA
1518 	 zraR, cadC, melR, idnR, marA
1519 	 zraR, cadC, melR, rhaR, rhaS, marA
1520 	 zraR, cadC, melR, idnR, marA
1521 	 zraR, rhaR, rhaS, marR, marA
1522 	 zraR, melR, idnR, marR, marA
1523 	 zraR, cadC, idnR, rhaR, rhaS, marA
1524 	 zraR, melR, idnR, marR, marA
1525 	 zraR, idnR, rhaR, rhaS, marR, marA
1526 	 zraR, melR, idnR, marR, marA
1527 	 zraR, cadC, idnR, rhaR, rhaS, marA
1528 	 zraR, melR, idnR, marR, marA
1529 	 zraR, rhaR, rhaS, marR, marA
1530 	 zraR, araC, marR, marA
1531 	 zraR, cadC, melR, rhaR, rhaS, marA
1532 	 zraR, cadC, araC, idnR, marA
1533 	 zraR, cadC, melR, idnR, rhaR, rhaS, marA
1534 	 zraR, cadC, melR, araC, idnR, marA
1535 	 zraR, cadC, melR, rhaR, rhaS, marA
1536 	 zraR, cadC, araC, idnR, marA
1537 	 zraR, melR, rhaR, rhaS, marR, marA
1538 	 zraR, cadC, araC, marA
1539 	 zraR, cadC, idnR, rhaR, rhaS, marA
1540 	 zraR, araC, marR, marA
1541 	 zraR, melR, rhaR, rhaS, marR, marA
1542 	 zraR, cadC, melR, araC, idnR, marA
1543 	 zraR, cadC, rhaR, rhaS, marA
1544 	 zraR, melR, araC, marR, marA
1545 	 zraR, cadC, melR, idnR, rhaR, rhaS, marA
1546 	 zraR, araC, marR, marA
1547 	 zraR, rhaR, rhaS, marR, marA
1548 	 zraR, cadC, melR, araC, marA
1549 	 zraR, cadC, idnR, rhaR, rhaS, marA
1550 	 zraR, araC, marR, marA
1551 	 zraR, melR, rhaR, rhaS, marR, marA
1552 	 zraR, cadC, melR, araC, marA
1553 	 zraR, cadC, melR, idnR, rhaR, rhaS, marA
1554 	 zraR, melR, araC, marR, marA
1555 	 zraR, idnR, rhaR, rhaS, marR, marA
1556 	 zraR, araC, idnR, marR, marA
1557 	 zraR, melR, idnR, rhaR, rhaS, marR, marA
1558 	 zraR, cadC, melR, araC, marA
1559 	 zraR, rhaR, rhaS, marR, marA
1560 	 zraR, cadC, melR, araC, idnR, marA
1561 	 zraR, cadC, idnR, rhaR, rhaS, marA
1562 	 zraR, melR, araC, marR, marA
1563 	 zraR, idnR, rhaR, rhaS, marR, marA
1564 	 zraR, cadC, melR, araC, marA
1565 	 zraR, idnR, rhaR, rhaS, marR, marA
1566 	 zraR, cadC, melR, araC, idnR, marA
1567 	 zraR, cadC, melR, rhaR, rhaS, marA
1568 	 zraR, cadC, melR, araC, idnR, marA
1569 	 zraR, melR, rhaR, rhaS, marR, marA
1570 	 zraR, cadC, melR, araC, idnR, marA
1571 	 zraR, cadC, rhaR, rhaS, marA
1572 	 zraR, araC, idnR, marR, marA
1573 	 zraR, cadC, melR, idnR, rhaR, rhaS, marA
1574 	 zraR, melR, araC, marR, marA
1575 	 zraR, melR, idnR, rhaR, rhaS, marR, marA
1576 	 zraR, cadC, araC, idnR, marA
1577 	 zraR, cadC, idnR, rhaR, rhaS, marA
1578 	 zraR, melR, araC, idnR, marR, marA
1579 	 zraR, rhaR, rhaS, marR, marA
1580 	 zraR, cadC, melR, araC, idnR, marA
1581 	 zraR, cadC, melR, rhaR, rhaS, marA
1582 	 zraR, melR, araC, marR, marA
1583 	 zraR, rhaR, rhaS, marR, marA
1584 	 zraR, araC, idnR, marR, marA
1585 	 zraR, melR, rhaR, rhaS, marR, marA
1586 	 zraR, melR, araC, idnR, marR, marA
1587 	 zraR, cadC, idnR, rhaR, rhaS, marA
1588 	 zraR, melR, araC, idnR, marR, marA
1589 	 zraR, melR, rhaR, rhaS, marR, marA
1590 	 zraR, cadC, melR, araC, idnR, marA
1591 	 zraR, rhaR, rhaS, marR, marA
1592 	 zraR, araC, idnR, marR, marA
1593 	 zraR, cadC, melR, rhaR, rhaS, marA
1594 	 zraR, melR, araC, idnR, marR, marA
1595 	 zraR, idnR, rhaR, rhaS, marR, marA
1596 	 zraR, melR, araC, marR, marA
1597 	 zraR, cadC, melR, idnR, rhaR, rhaS, marA
1598 	 zraR, melR, araC, idnR, marR, marA
1599 	 zraR, cadC, rhaR, rhaS, marA
1600 	 zraR, araC, idnR, marR, marA
1601 	 zraR, rhaR, rhaS, marR, marA
1602 	 zraR, melR, araC, marR, marA
1603 	 zraR, melR, idnR, rhaR, rhaS, marR, marA
1604 	 zraR, araC, idnR, marR, marA
1605 	 zraR, melR, idnR, rhaR, rhaS, marR, marA
1606 	 zraR, araC, idnR, marR, marA
1607 	 zraR, cadC, idnR, rhaR, rhaS, marA
1608 	 zraR, melR, araC, idnR, marR, marA
1609 	 zraR, cadC, melR, idnR, rhaR, rhaS, marA
1610 	 zraR, melR, araC, idnR, marR, marA
1611 	 zraR, idnR, rhaR, rhaS, marR, marA
1612 	 zraR, melR, araC, idnR, marR, marA
1613 	 zraR, cadC, melR, idnR, rhaR, rhaS, marA
1614 	 zraR, araC, marR, marA
1615 	 zraR, melR, rhaR, rhaS, marR, marA
1616 	 zraR, cadC, araC, idnR, marA
1617 	 zraR, cadC, melR, rhaR, rhaS, marA
1618 	 zraR, cadC, araC, idnR, marA
1619 	 zraR, idnR, rhaR, rhaS, marR, marA
1620 	 zraR, cadC, melR, araC, idnR, marA
1621 	 zraR, melR, rhaR, rhaS, marR, marA
1622 	 zraR, araC, idnR, marR, marA
1623 	 zraR, cadC, melR, idnR, rhaR, rhaS, marA
1624 	 zraR, araC, marR, marA
1625 	 zraR, melR, idnR, rhaR, rhaS, marR, marA
1626 	 zraR, melR, araC, marR, marA
1627 	 zraR, idnR, rhaR, rhaS, marR, marA
1628 	 zraR, cadC, araC, idnR, marA
1629 	 zraR, melR, idnR, rhaR, rhaS, marR, marA
1630 	 zraR, araC, idnR, marR, marA
1631 	 zraR, melR, idnR, rhaR, rhaS, marR, marA
1632 	 zraR, cadC, araC, idnR, marA
1633 	 zraR, melR, idnR, rhaR, rhaS, marR, marA
1634 	 zraR, cadC, araC, marA
1635 	 zraR, cadC, rhaR, rhaS, marA
1636 	 zraR, melR, araC, idnR, marR, marA
1637 	 zraR, cadC, rhaR, rhaS, marA
1638 	 zraR, melR, araC, idnR, marR, marA
1639 	 zraR, cadC, rhaR, rhaS, marA
1640 	 zraR, cadC, melR, araC, marA
1641 	 zraR, cadC, idnR, rhaR, rhaS, marA
1642 	 zraR, araC, marR, marA
1643 	 zraR, cadC, idnR, rhaR, rhaS, marA
1644 	 zraR, araC, marR, marA
1645 	 zraR, cadC, rhaR, rhaS, marA
1646 	 zraR, cadC, melR, araC, idnR, marA
1647 	 zraR, rhaR, rhaS, marR, marA
1648 	 zraR, cadC, melR, araC, marA
1649 	 zraR, rhaR, rhaS, marR, marA
1650 	 zraR, cadC, araC, idnR, marA
1651 	 zraR, rhaR, rhaS, marR, marA
1652 	 zraR, melR, araC, marR, marA
1653 	 zraR, cadC, rhaR, rhaS, marA
1654 	 zraR, melR, araC, marR, marA
1655 	 zraR, cadC, rhaR, rhaS, marA
1656 	 zraR, cadC, melR, araC, marA
1657 	 zraR, cadC, melR, rhaR, rhaS, marA
1658 	 zraR, melR, araC, idnR, marR, marA
1659 	 zraR, cadC, melR, rhaR, rhaS, marA
1660 	 zraR, cadC, melR, araC, idnR, marA
1661 	 zraR, melR, rhaR, rhaS, marR, marA
1662 	 zraR, rhaR, rhaS, marR, marA
1663 	 zraR, araC, idnR, marR, marA
1664 	 zraR, rhaR, rhaS, marR, marA
1665 	 zraR, araC, idnR, marR, marA
1666 	 zraR, melR, rhaR, rhaS, marR, marA
1667 	 zraR, araC, idnR, marR, marA
1668 	 zraR, cadC, idnR, rhaR, rhaS, marA
1669 	 zraR, melR, araC, idnR, marR, marA
1670 	 zraR, cadC, idnR, rhaR, rhaS, marA
1671 	 zraR, melR, araC, marR, marA
1672 	 zraR, melR, rhaR, rhaS, marR, marA
1673 	 zraR, cadC, melR, araC, idnR, marA
1674 	 zraR, cadC, melR, rhaR, rhaS, marA
1675 	 zraR, melR, araC, idnR, marR, marA
1676 	 zraR, cadC, rhaR, rhaS, marA
1677 	 zraR, araC, marR, marA
1678 	 zraR, cadC, melR, idnR, rhaR, rhaS, marA
1679 	 zraR, cadC, melR, araC, idnR, marA
1680 	 zraR, rhaR, rhaS, marR, marA
1681 	 zraR, araC, idnR, marR, marA
1682 	 zraR, cadC, melR, idnR, rhaR, rhaS, marA
1683 	 zraR, melR, araC, marR, marA
1684 	 zraR, idnR, rhaR, rhaS, marR, marA
1685 	 zraR, melR, araC, marR, marA
1686 	 zraR, cadC, idnR, rhaR, rhaS, marA
1687 	 zraR, melR, araC, idnR, marR, marA
1688 	 zraR, cadC, melR, rhaR, rhaS, marA
1689 	 zraR, melR, araC, idnR, marR, marA
1690 	 zraR, cadC, rhaR, rhaS, marA
1691 	 zraR, cadC, melR, araC, marA
1692 	 zraR, idnR, rhaR, rhaS, marR, marA
1693 	 zraR, cadC, araC, idnR, marA
1694 	 zraR, idnR, rhaR, rhaS, marR, marA
1695 	 zraR, cadC, araC, marA
1696 	 zraR, idnR, rhaR, rhaS, marR, marA
1697 	 zraR, cadC, melR, araC, marA
1698 	 zraR, idnR, rhaR, rhaS, marR, marA
1699 	 zraR, cadC, araC, marA
1700 	 zraR, cadC, melR, rhaR, rhaS, marA
1701 	 zraR, araC, marR, marA
1702 	 zraR, melR, rhaR, rhaS, marR, marA
1703 	 zraR, cadC, araC, idnR, marA
1704 	 zraR, cadC, melR, idnR, rhaR, rhaS, marA
1705 	 zraR, araC, marR, marA
1706 	 zraR, cadC, melR, idnR, rhaR, rhaS, marA
1707 	 zraR, araC, marR, marA
1708 	 zraR, cadC, idnR, rhaR, rhaS, marA
1709 	 zraR, cadC, melR, araC, marA
1710 	 zraR, rhaR, rhaS, marR, marA
1711 	 zraR, cadC, melR, araC, idnR, marA
1712 	 zraR, cadC, idnR, rhaR, rhaS, marA
1713 	 zraR, araC, idnR, marR, marA
1714 	 zraR, cadC, melR, rhaR, rhaS, marA
1715 	 zraR, cadC, araC, marA
1716 	 zraR, idnR, rhaR, rhaS, marR, marA
1717 	 zraR, cadC, melR, araC, marA
1718 	 zraR, idnR, rhaR, rhaS, marR, marA
1719 	 zraR, melR, araC, marR, marA
1720 	 zraR, cadC, melR, rhaR, rhaS, marA
1721 	 zraR, melR, araC, marR, marA
1722 	 zraR, melR, rhaR, rhaS, marR, marA
1723 	 zraR, cadC, araC, marA
1724 	 zraR, rhaR, rhaS, marR, marA
1725 	 zraR, cadC, araC, idnR, marA
1726 	 zraR, cadC, melR, idnR, rhaR, rhaS, marA
1727 	 zraR, cadC, melR, araC, marA
1728 	 zraR, cadC, idnR, rhaR, rhaS, marA
1729 	 zraR, cadC, araC, idnR, marA
1730 	 zraR, cadC, melR, idnR, rhaR, rhaS, marA
1731 	 zraR, araC, idnR, marR, marA
1732 	 zraR, melR, idnR, rhaR, rhaS, marR, marA
1733 	 zraR, cadC, melR, araC, idnR, marA
1734 	 zraR, cadC, melR, rhaR, rhaS, marA
1735 	 zraR, melR, araC, idnR, marR, marA
1736 	 zraR, melR, rhaR, rhaS, marR, marA
1737 	 zraR, cadC, melR, araC, idnR, marA
1738 	 zraR, melR, idnR, rhaR, rhaS, marR, marA
1739 	 zraR, araC, marR, marA
1740 	 zraR, melR, idnR, rhaR, rhaS, marR, marA
1741 	 zraR, melR, araC, marR, marA
1742 	 zraR, melR, rhaR, rhaS, marR, marA
1743 	 zraR, melR, araC, idnR, marR, marA
1744 	 zraR, melR, idnR, rhaR, rhaS, marR, marA
1745 	 zraR, melR, araC, marR, marA
1746 	 zraR, melR, idnR, rhaR, rhaS, marR, marA
1747 	 zraR, araC, marR, marA
1748 	 zraR, cadC, melR, idnR, rhaR, rhaS, marA
1749 	 zraR, araC, marR, marA
1750 	 zraR, melR, rhaR, rhaS, marR, marA
1751 	 zraR, araC, idnR, marR, marA
1752 	 zraR, melR, idnR, rhaR, rhaS, marR, marA
1753 	 zraR, melR, araC, marR, marA
1754 	 zraR, melR, idnR, rhaR, rhaS, marR, marA
1755 	 zraR, cadC, araC, marA
1756 	 zraR, idnR, rhaR, rhaS, marR, marA
1757 	 zraR, cadC, melR, araC, marA
1758 	 zraR, melR, rhaR, rhaS, marR, marA
1759 	 zraR, cadC, araC, idnR, marA
1760 	 zraR, melR, idnR, rhaR, rhaS, marR, marA
1761 	 zraR, melR, araC, idnR, marR, marA
1762 	 zraR, cadC, melR, idnR, rhaR, rhaS, marA
1763 	 zraR, cadC, araC, idnR, marA
1764 	 zraR, melR, idnR, rhaR, rhaS, marR, marA
1765 	 zraR, araC, marR, marA
1766 	 zraR, araC, idnR, rhaR, rhaS, marR, marA
1767 	 zraR, melR, araC, marR, marA
1768 	 zraR, cadC, araC, rhaR, rhaS, marA
1769 	 zraR, melR, araC, marR, marA
1770 	 zraR, cadC, araC, rhaR, rhaS, marA
1771 	 zraR, araC, idnR, marR, marA
1772 	 zraR, cadC, araC, rhaR, rhaS, marA
1773 	 zraR, cadC, melR, araC, marA
1774 	 zraR, cadC, araC, rhaR, rhaS, marA
1775 	 zraR, cadC, melR, araC, idnR, marA
1776 	 zraR, cadC, araC, rhaR, rhaS, marA
1777 	 zraR, cadC, melR, araC, idnR, marA
1778 	 zraR, araC, rhaR, rhaS, marR, marA
1779 	 zraR, melR, araC, idnR, marR, marA
1780 	 zraR, cadC, araC, idnR, rhaR, rhaS, marA
1781 	 zraR, cadC, araC, idnR, marA
1782 	 zraR, araC, rhaR, rhaS, marR, marA
1783 	 zraR, cadC, araC, idnR, marA
1784 	 zraR, araC, rhaR, rhaS, marR, marA
1785 	 zraR, araC, idnR, marR, marA
1786 	 zraR, cadC, melR, araC, rhaR, rhaS, marA
1787 	 zraR, melR, araC, marR, marA
1788 	 zraR, cadC, araC, idnR, rhaR, rhaS, marA
1789 	 zraR, melR, araC, idnR, marR, marA
1790 	 zraR, cadC, araC, idnR, rhaR, rhaS, marA
1791 	 zraR, araC, idnR, marR, marA
1792 	 zraR, cadC, melR, araC, idnR, rhaR, rhaS, marA
1793 	 zraR, cadC, melR, araC, idnR, marA
1794 	 zraR, cadC, araC, rhaR, rhaS, marA
1795 	 zraR, araC, idnR, marR, marA
1796 	 zraR, araC, idnR, rhaR, rhaS, marR, marA
1797 	 zraR, melR, araC, idnR, marR, marA
1798 	 zraR, cadC, araC, idnR, rhaR, rhaS, marA
1799 	 zraR, araC, idnR, marR, marA
1800 	 zraR, melR, araC, rhaR, rhaS, marR, marA
1801 	 zraR, cadC, melR, araC, idnR, marA
1802 	 zraR, cadC, melR, araC, rhaR, rhaS, marA
1803 	 zraR, melR, araC, idnR, marR, marA
1804 	 zraR, cadC, melR, araC, idnR, rhaR, rhaS, marA
1805 	 zraR, cadC, melR, araC, idnR, marA
1806 	 zraR, araC, rhaR, rhaS, marR, marA
1807 	 zraR, melR, araC, idnR, marR, marA
1808 	 zraR, cadC, melR, araC, rhaR, rhaS, marA
1809 	 zraR, cadC, araC, rhaR, rhaS, marA
1810 	 zraR, melR, araC, rhaR, rhaS, marR, marA
1811 	 zraR, cadC, araC, idnR, rhaR, rhaS, marA
1812 	 zraR, cadC, araC, rhaR, rhaS, marA
1813 	 zraR, cadC, araC, rhaR, rhaS, marA
1814 	 zraR, araC, rhaR, rhaS, marR, marA
1815 	 zraR, cadC, melR, araC, rhaR, rhaS, marA
1816 	 zraR, cadC, araC, idnR, rhaR, rhaS, marA
1817 	 zraR, araC, rhaR, rhaS, marR, marA
1818 	 zraR, araC, rhaR, rhaS, marR, marA
1819 	 zraR, cadC, melR, araC, rhaR, rhaS, marA
1820 	 zraR, melR, araC, rhaR, rhaS, marR, marA
1821 	 zraR, melR, araC, rhaR, rhaS, marR, marA
1822 	 zraR, araC, idnR, rhaR, rhaS, marR, marA
1823 	 zraR, melR, araC, idnR, rhaR, rhaS, marR, marA
1824 	 zraR, araC, rhaR, rhaS, marR, marA
1825 	 zraR, cadC, araC, rhaR, rhaS, marA
1826 	 zraR, cadC, araC, idnR, rhaR, rhaS, marA
1827 	 zraR, cadC, araC, rhaR, rhaS, marA
1828 	 zraR, cadC, melR, araC, rhaR, rhaS, marA
1829 	 zraR, cadC, araC, rhaR, rhaS, marA
1830 	 zraR, melR, araC, idnR, rhaR, rhaS, marR, marA
1831 	 zraR, cadC, melR, araC, rhaR, rhaS, marA
1832 	 zraR, cadC, araC, idnR, rhaR, rhaS, marA
1833 	 zraR, araC, idnR, rhaR, rhaS, marR, marA
1834 	 zraR, cadC, melR, araC, rhaR, rhaS, marA
1835 	 zraR, araC, rhaR, rhaS, marR, marA
1836 	 zraR, cadC, melR, araC, idnR, rhaR, rhaS, marA
1837 	 zraR, cadC, melR, araC, idnR, rhaR, rhaS, marA
1838 	 zraR, cadC, araC, rhaR, rhaS, marA
1839 	 zraR, melR, araC, rhaR, rhaS, marR, marA
1840 	 zraR, cadC, araC, idnR, rhaR, rhaS, marA
1841 	 zraR, cadC, melR, araC, rhaR, rhaS, marA
1842 	 zraR, melR, araC, rhaR, rhaS, marR, marA
1843 	 zraR, cadC, melR, araC, rhaR, rhaS, marA
1844 	 zraR, cadC, araC, idnR, rhaR, rhaS, marA
1845 	 zraR, cadC, araC, idnR, rhaR, rhaS, marA
1846 	 zraR, cadC, melR, araC, rhaR, rhaS, marA
1847 	 zraR, araC, rhaR, rhaS, marR, marA
1848 	 zraR, araC, idnR, rhaR, rhaS, marR, marA
1849 	 zraR, cadC, melR, araC, rhaR, rhaS, marA
1850 	 zraR, cadC, araC, rhaR, rhaS, marA
1851 	 zraR, melR, araC, rhaR, rhaS, marR, marA
1852 	 zraR, cadC, araC, idnR, rhaR, rhaS, marA
1853 	 zraR, cadC, araC, idnR, rhaR, rhaS, marA
1854 	 zraR, melR, araC, rhaR, rhaS, marR, marA
1855 	 zraR, araC, rhaR, rhaS, marR, marA
1856 	 zraR, melR, araC, rhaR, rhaS, marR, marA
1857 	 zraR, melR, araC, rhaR, rhaS, marR, marA
1858 	 zraR, araC, rhaR, rhaS, marR, marA
1859 	 zraR, araC, rhaR, rhaS, marR, marA
1860 	 zraR, melR, araC, idnR, rhaR, rhaS, marR, marA
1861 	 zraR, melR, araC, rhaR, rhaS, marR, marA
1862 	 zraR, cadC, melR, araC, idnR, rhaR, rhaS, marA
1863 	 zraR, melR, araC, rhaR, rhaS, marR, marA
1864 	 zraR, melR, araC, idnR, rhaR, rhaS, marR, marA
1865 	 zraR, cadC, melR, araC, idnR, rhaR, rhaS, marA
1866 	 zraR, cadC, melR, araC, idnR, rhaR, rhaS, marA
1867 	 zraR, melR, araC, rhaR, rhaS, marR, marA
1868 	 zraR, araC, idnR, rhaR, rhaS, marR, marA
1869 	 zraR, cadC, araC, rhaR, rhaS, marA
1870 	 zraR, melR, araC, idnR, rhaR, rhaS, marR, marA
1871 	 zraR, araC, rhaR, rhaS, marR, marA
1872 	 zraR, araC, idnR, rhaR, rhaS, marR, marA
1873 	 zraR, melR, araC, idnR, rhaR, rhaS, marR, marA
1874 	 zraR, araC, idnR, rhaR, rhaS, marR, marA
1875 	 zraR, melR, araC, rhaR, rhaS, marR, marA
1876 	 zraR, melR, araC, rhaR, rhaS, marR, marA
1877 	 zraR, cadC, melR, araC, idnR, rhaR, rhaS, marA
1878 	 zraR, cadC, melR, araC, rhaR, rhaS, marA
1879 	 zraR, araC, idnR, rhaR, rhaS, marR, marA
1880 	 zraR, araC, rhaR, rhaS, marR, marA
1881 	 zraR, melR, araC, idnR, rhaR, rhaS, marR, marA
1882 	 zraR, melR, araC, rhaR, rhaS, marR, marA
1883 	 zraR, cadC, melR, araC, rhaR, rhaS, marA
1884 	 zraR, melR, araC, rhaR, rhaS, marR, marA
1885 	 zraR, araC, idnR, rhaR, rhaS, marR, marA
1886 	 zraR, araC, rhaR, rhaS, marR, marA
1887 	 zraR, cadC, melR, araC, idnR, rhaR, rhaS, marA
1888 	 zraR, araC, rhaR, rhaS, marR, marA
1889 	 zraR, araC, idnR, rhaR, rhaS, marR, marA
1890 	 zraR, cadC, melR, araC, rhaR, rhaS, marA
1891 	 zraR, melR, araC, idnR, rhaR, rhaS, marR, marA
1892 	 zraR, melR, araC, rhaR, rhaS, marR, marA
1893 	 zraR, cadC, araC, idnR, rhaR, rhaS, marA
1894 	 zraR, melR, araC, rhaR, rhaS, marR, marA
1895 	 zraR, melR, araC, idnR, rhaR, rhaS, marR, marA
1896 	 zraR, cadC, araC, rhaR, rhaS, marA
1897 	 zraR, araC, idnR, rhaR, rhaS, marR, marA
1898 	 zraR, araC, rhaR, rhaS, marR, marA
1899 	 zraR, cadC, melR, araC, idnR, rhaR, rhaS, marA
1900 	 zraR, cadC, melR, araC, rhaR, rhaS, marA
1901 	 zraR, melR, araC, idnR, rhaR, rhaS, marR, marA
1902 	 zraR, melR, araC, rhaR, rhaS, marR, marA
1903 	 zraR, cadC, melR, araC, idnR, rhaR, rhaS, marA
1904 	 zraR, melR, araC, idnR, rhaR, rhaS, marR, marA
1905 	 zraR, melR, araC, idnR, rhaR, rhaS, marR, marA
1906 	 zraR, araC, idnR, rhaR, rhaS, marR, marA
1907 	 zraR, cadC, araC, idnR, rhaR, rhaS, marA
1908 	 zraR, cadC, melR, araC, idnR, rhaR, rhaS, marA
1909 	 zraR, cadC, melR, araC, idnR, rhaR, rhaS, marA
1910 	 zraR, cadC, melR, araC, idnR, rhaR, rhaS, marA
1911 	 zraR, cadC, melR, araC, idnR, rhaR, rhaS, marA
1912 	 zraR, cadC, melR, araC, idnR, rhaR, rhaS, marA
1913 	 zraR, araC, idnR, rhaR, rhaS, marR, marA
1914 	 zraR, melR, araC, idnR, rhaR, rhaS, marR, marA
1915 	 zraR, araC, idnR, rhaR, rhaS, marR, marA
1916 	 zraR, araC, idnR, rhaR, rhaS, marR, marA
1917 	 zraR, melR, araC, idnR, rhaR, rhaS, marR, marA
1918 	 zraR, melR, araC, idnR, rhaR, rhaS, marR, marA
1919 	 zraR, melR, araC, idnR, rhaR, rhaS, marR, marA
1920 	 zraR, melR, araC, idnR, rhaR, rhaS, marR, marA
1921 	 zraR, cadC, melR, araC, idnR, rhaR, rhaS, marA
1922 	 zraR, cadC, araC, idnR, rhaR, rhaS, marA
1923 	 zraR, cadC, araC, idnR, rhaR, rhaS, marA
1924 	 zraR, araC, idnR, rhaR, rhaS, marR, marA
1925 	 zraR, cadC, melR, araC, idnR, rhaR, rhaS, marA
1926 	 zraR, araC, idnR, rhaR, rhaS, marR, marA
1927 	 zraR, araC, idnR, rhaR, rhaS, marR, marA
1928 	 zraR, melR, araC, idnR, rhaR, rhaS, marR, marA
1929 	 zraR, cadC, melR, araC, idnR, rhaR, rhaS, marA
1930 	 zraR, melR, araC, idnR, rhaR, rhaS, marR, marA
1931 	 zraR, melR, araC, idnR, rhaR, rhaS, marR, marA
1932 	 zraR, cadC, rhaR, rhaS, marA
1933 	 zraR, cadC, araC, rhaR, rhaS, marA
1934 	 zraR, cadC, rhaR, rhaS, marA
1935 	 zraR, rhaR, rhaS, marR, marA
1936 	 zraR, rhaR, rhaS, marR, marA
1937 	 zraR, cadC, araC, rhaR, rhaS, marA
1938 	 zraR, cadC, melR, rhaR, rhaS, marA
1939 	 zraR, cadC, melR, araC, rhaR, rhaS, marA
1940 	 zraR, cadC, melR, rhaR, rhaS, marA
1941 	 zraR, araC, rhaR, rhaS, marR, marA
1942 	 zraR, cadC, melR, araC, rhaR, rhaS, marA
1943 	 zraR, araC, rhaR, rhaS, marR, marA
1944 	 zraR, melR, rhaR, rhaS, marR, marA
1945 	 zraR, melR, rhaR, rhaS, marR, marA
1946 	 zraR, melR, araC, rhaR, rhaS, marR, marA
1947 	 zraR, melR, araC, rhaR, rhaS, marR, marA
1948 	 zraR, cadC, rhaR, rhaS, marA
1949 	 zraR, cadC, rhaR, rhaS, marA
1950 	 zraR, cadC, idnR, rhaR, rhaS, marA
1951 	 zraR, cadC, rhaR, rhaS, marA
1952 	 zraR, araC, rhaR, rhaS, marR, marA
1953 	 zraR, cadC, melR, idnR, rhaR, rhaS, marA
1954 	 zraR, melR, araC, rhaR, rhaS, marR, marA
1955 	 zraR, cadC, melR, rhaR, rhaS, marA
1956 	 zraR, cadC, idnR, rhaR, rhaS, marA
1957 	 zraR, rhaR, rhaS, marR, marA
1958 	 zraR, cadC, rhaR, rhaS, marA
1959 	 zraR, idnR, rhaR, rhaS, marR, marA
1960 	 zraR, rhaR, rhaS, marR, marA
1961 	 zraR, rhaR, rhaS, marR, marA
1962 	 zraR, melR, idnR, rhaR, rhaS, marR, marA
1963 	 zraR, cadC, araC, rhaR, rhaS, marA
1964 	 zraR, cadC, araC, rhaR, rhaS, marR
1965 	 zraR, cadC, araC, idnR, rhaR, rhaS, marA
1966 	 zraR, cadC, melR, rhaR, rhaS, marA
1967 	 zraR, cadC, melR, rhaR, rhaS, marA
1968 	 zraR, melR, araC, idnR, rhaR, rhaS, marR, marA
1969 	 zraR, cadC, araC, rhaR, rhaS, marA
1970 	 zraR, rhaR, rhaS, marR, marA
1971 	 zraR, cadC, melR, idnR, rhaR, rhaS, marA
1972 	 zraR, cadC, melR, araC, rhaR, rhaS, marA
1973 	 zraR, cadC, melR, araC, rhaR, rhaS, marA
1974 	 zraR, idnR, rhaR, rhaS, marR, marA
1975 	 zraR, cadC, melR, rhaR, rhaS, marA
1976 	 zraR, cadC, araC, rhaR, rhaS, marA
1977 	 zraR, melR, idnR, rhaR, rhaS, marR, marA
1978 	 zraR, cadC, melR, araC, rhaR, rhaS, marA
1979 	 zraR, araC, rhaR, rhaS, marR, marA
1980 	 zraR, melR, idnR, rhaR, rhaS, marR, marA
1981 	 zraR, araC, rhaR, rhaS, marR, marA
1982 	 zraR, cadC, melR, araC, rhaR, rhaS, marA
1983 	 zraR, cadC, araC, idnR, rhaR, rhaS, marA
1984 	 zraR, melR, rhaR, rhaS, marR, marA
1985 	 zraR, araC, rhaR, rhaS, marR, marA
1986 	 zraR, araC, idnR, rhaR, rhaS, marR, marA
1987 	 zraR, melR, araC, rhaR, rhaS, marR, marA
1988 	 zraR, melR, rhaR, rhaS, marR, marA
1989 	 zraR, cadC, melR, araC, idnR, rhaR, rhaS, marA
1990 	 zraR, araC, rhaR, rhaS, marR, marA
1991 	 zraR, melR, rhaR, rhaS, marR, marA
1992 	 zraR, cadC, melR, araC, idnR, rhaR, rhaS, marA
1993 	 zraR, melR, rhaR, rhaS, marR, marA
1994 	 zraR, melR, araC, rhaR, rhaS, marR, marA
1995 	 zraR, melR, araC, idnR, rhaR, rhaS, marR, marA
1996 	 zraR, melR, araC, rhaR, rhaS, marR, marA
1997 	 zraR, melR, araC, rhaR, rhaS, marR, marA
1998 	 zraR, araC, idnR, rhaR, rhaS, marR, marA
1999 	 zraR, melR, araC, idnR, rhaR, rhaS, marR, marA
2000 	 zraR, melR, araC, rhaR, rhaS, marR, marA
2001 	 zraR, cadC, idnR, rhaR, rhaS, marA
2002 	 zraR, cadC, rhaR, rhaS, marA
2003 	 zraR, cadC, idnR, rhaR, rhaS, marA
2004 	 zraR, melR, idnR, rhaR, rhaS, marR, marA
2005 	 zraR, cadC, rhaR, rhaS, marA
2006 	 zraR, araC, rhaR, rhaS, marR, marA
2007 	 zraR, cadC, melR, rhaR, rhaS, marA
2008 	 zraR, melR, araC, rhaR, rhaS, marR, marA
2009 	 zraR, cadC, melR, rhaR, rhaS, marA
2010 	 zraR, rhaR, rhaS, marR, marA
2011 	 zraR, rhaR, rhaS, marR, marA
2012 	 zraR, melR, rhaR, rhaS, marR, marA
2013 	 zraR, melR, rhaR, rhaS, marR, marA
2014 	 zraR, cadC, araC, rhaR, rhaS, marA
2015 	 zraR, cadC, araC, rhaR, rhaS, marA
2016 	 zraR, melR, araC, rhaR, rhaS, marR, marA
2017 	 zraR, cadC, melR, araC, rhaR, rhaS, marA
2018 	 zraR, cadC, rhaR, rhaS, marA
2019 	 zraR, araC, rhaR, rhaS, marR, marA
2020 	 zraR, cadC, melR, rhaR, rhaS, marA
2021 	 zraR, melR, araC, rhaR, rhaS, marR, marA
2022 	 zraR, rhaR, rhaS, marR, marA
2023 	 zraR, cadC, rhaR, rhaS, marA
2024 	 zraR, cadC, melR, araC, rhaR, rhaS, marA
2025 	 zraR, cadC, melR, rhaR, rhaS, marA
2026 	 zraR, melR, rhaR, rhaS, marR, marA
2027 	 zraR, cadC, araC, rhaR, rhaS, marA
2028 	 zraR, cadC, araC, rhaR, rhaS, marA
2029 	 zraR, rhaR, rhaS, marR, marA
2030 	 zraR, cadC, melR, araC, rhaR, rhaS, marA
2031 	 zraR, melR, rhaR, rhaS, marR, marA
2032 	 zraR, araC, rhaR, rhaS, marR, marA
2033 	 zraR, araC, rhaR, rhaS, marR, marA
2034 	 zraR, araC, rhaR, rhaS, marR, marA
2035 	 zraR, cadC, melR, araC, rhaR, rhaS, marA
2036 	 zraR, melR, araC, rhaR, rhaS, marR, marA
2037 	 zraR, melR, araC, rhaR, rhaS, marR, marA
2038 	 zraR, melR, araC, rhaR, rhaS, marR, marA
2039 	 zraR, cadC, idnR, rhaR, rhaS, marA
2040 	 zraR, araC, rhaR, rhaS, marR, marA
2041 	 zraR, cadC, araC, idnR, rhaR, rhaS, marA
2042 	 zraR, cadC, melR, araC, rhaR, rhaS, marA
2043 	 zraR, cadC, araC, idnR, rhaR, rhaS, marA
2044 	 zraR, cadC, rhaR, rhaS, marA
2045 	 zraR, melR, idnR, rhaR, rhaS, marR, marA
2046 	 zraR, rhaR, rhaS, marR, marA
2047 	 zraR, araC, idnR, rhaR, rhaS, marR, marA
2048 	 zraR, cadC, araC, rhaR, rhaS, marA
2049 	 zraR, melR, araC, idnR, rhaR, rhaS, marR, marA
2050 	 zraR, cadC, melR, rhaR, rhaS, marA
2051 	 zraR, cadC, idnR, rhaR, rhaS, marA
2052 	 zraR, cadC, rhaR, rhaS, marA
2053 	 zraR, cadC, araC, idnR, rhaR, rhaS, marA
2054 	 zraR, cadC, araC, rhaR, rhaS, marA
2055 	 zraR, cadC, melR, idnR, rhaR, rhaS, marA
2056 	 zraR, rhaR, rhaS, marR, marA
2057 	 zraR, idnR, rhaR, rhaS, marR, marA
2058 	 zraR, melR, rhaR, rhaS, marR, marA
2059 	 zraR, araC, idnR, rhaR, rhaS, marR, marA
2060 	 zraR, cadC, melR, rhaR, rhaS, marA
2061 	 zraR, idnR, rhaR, rhaS, marR, marA
2062 	 zraR, cadC, melR, araC, rhaR, rhaS, marA
2063 	 zraR, araC, idnR, rhaR, rhaS, marR, marA
2064 	 zraR, araC, rhaR, rhaS, marR, marA
2065 	 zraR, cadC, melR, araC, idnR, rhaR, rhaS, marA
2066 	 zraR, araC, rhaR, rhaS, marR, marA
2067 	 zraR, idnR, rhaR, rhaS, marR, marA
2068 	 zraR, cadC, melR, idnR, rhaR, rhaS, marA
2069 	 zraR, rhaR, rhaS, marR, marA
2070 	 zraR, idnR, rhaR, rhaS, marR, marA
2071 	 zraR, melR, rhaR, rhaS, marR, marA
2072 	 zraR, melR, rhaR, rhaS, marR, marA
2073 	 zraR, melR, idnR, rhaR, rhaS, marR, marA
2074 	 zraR, melR, idnR, rhaR, rhaS, marR, marA
2075 	 zraR, melR, idnR, rhaR, rhaS, marR, marA
2076 	 zraR, cadC, melR, idnR, rhaR, rhaS, marA
2077 	 zraR, idnR, rhaR, rhaS, marR, marA
2078 	 zraR, melR, idnR, rhaR, rhaS, marR, marA
2079 	 zraR, melR, idnR, rhaR, rhaS, marR, marA
2080 	 zraR, idnR, rhaR, rhaS, marR, marA
2081 	 zraR, cadC, araC, idnR, rhaR, rhaS, marA
2082 	 zraR, cadC, rhaR, rhaS, marA
2083 	 zraR, cadC, araC, idnR, rhaR, rhaS, marA
2084 	 zraR, rhaR, rhaS, marR, marA
2085 	 zraR, araC, idnR, rhaR, rhaS, marR, marA
2086 	 zraR, cadC, melR, idnR, rhaR, rhaS, marA
2087 	 zraR, melR, araC, idnR, rhaR, rhaS, marR, marA
2088 	 zraR, cadC, rhaR, rhaS, marA
2089 	 zraR, araC, rhaR, rhaS, marR, marA
2090 	 zraR, cadC, idnR, rhaR, rhaS, marA
2091 	 zraR, araC, idnR, rhaR, rhaS, marR, marA
2092 	 zraR, cadC, melR, idnR, rhaR, rhaS, marA
2093 	 zraR, melR, araC, rhaR, rhaS, marR, marA
2094 	 zraR, cadC, idnR, rhaR, rhaS, marA
2095 	 zraR, cadC, melR, araC, rhaR, rhaS, marA
2096 	 zraR, idnR, rhaR, rhaS, marR, marA
2097 	 zraR, araC, idnR, rhaR, rhaS, marR, marA
2098 	 zraR, cadC, idnR, rhaR, rhaS, marA
2099 	 zraR, melR, araC, rhaR, rhaS, marR, marA
2100 	 zraR, cadC, rhaR, rhaS, marA
2101 	 zraR, cadC, melR, araC, idnR, rhaR, rhaS, marA
2102 	 zraR, idnR, rhaR, rhaS, marR, marA
2103 	 zraR, melR, araC, idnR, rhaR, rhaS, marR, marA
2104 	 zraR, cadC, idnR, rhaR, rhaS, marA
2105 	 zraR, cadC, araC, idnR, rhaR, rhaS, marA
2106 	 zraR, cadC, rhaR, rhaS, marA
2107 	 zraR, araC, idnR, rhaR, rhaS, marR, marA
2108 	 zraR, idnR, rhaR, rhaS, marR, marA
2109 	 zraR, cadC, melR, araC, idnR, rhaR, rhaS, marA
2110 	 zraR, melR, rhaR, rhaS, marR, marA
2111 	 zraR, araC, idnR, rhaR, rhaS, marR, marA
2112 	 zraR, melR, idnR, rhaR, rhaS, marR, marA
2113 	 zraR, araC, idnR, rhaR, rhaS, marR, marA
2114 	 zraR, rhaR, rhaS, marR, marA
2115 	 zraR, cadC, melR, araC, idnR, rhaR, rhaS, marA
2116 	 zraR, cadC, idnR, rhaR, rhaS, marA
2117 	 zraR, melR, araC, rhaR, rhaS, marR, marA
2118 	 zraR, idnR, rhaR, rhaS, marR, marA
2119 	 zraR, cadC, melR, araC, idnR, rhaR, rhaS, marA
2120 	 zraR, idnR, rhaR, rhaS, marR, marA
2121 	 zraR, cadC, melR, araC, idnR, rhaR, rhaS, marA
2122 	 zraR, cadC, idnR, rhaR, rhaS, marA
2123 	 zraR, melR, araC, idnR, rhaR, rhaS, marR, marA
2124 	 zraR, melR, idnR, rhaR, rhaS, marR, marA
2125 	 zraR, melR, araC, idnR, rhaR, rhaS, marR, marA
2126 	 zraR, melR, idnR, rhaR, rhaS, marR, marA
2127 	 zraR, melR, araC, idnR, rhaR, rhaS, marR, marA
2128 	 zraR, cadC, melR, idnR, rhaR, rhaS, marA
2129 	 zraR, melR, araC, idnR, rhaR, rhaS, marR, marA
2130 	 zraR, cadC, idnR, rhaR, rhaS, marA
2131 	 zraR, cadC, melR, idnR, rhaR, rhaS, marA
2132 	 zraR, cadC, melR, rhaR, rhaS, marA
2133 	 zraR, cadC, melR, idnR, rhaR, rhaS, marA
2134 	 zraR, melR, idnR, rhaR, rhaS, marR, marA
2135 	 zraR, cadC, melR, idnR, rhaR, rhaS, marA
2136 	 zraR, cadC, idnR, rhaR, rhaS, marA
2137 	 zraR, rhaR, rhaS, marR, marA
2138 	 zraR, cadC, melR, idnR, rhaR, rhaS, marA
2139 	 zraR, cadC, melR, idnR, rhaR, rhaS, marA
2140 	 zraR, idnR, rhaR, rhaS, marR, marA
2141 	 zraR, melR, rhaR, rhaS, marR, marA
2142 	 zraR, cadC, idnR, rhaR, rhaS, marA
2143 	 zraR, cadC, melR, idnR, rhaR, rhaS, marA
2144 	 zraR, idnR, rhaR, rhaS, marR, marA
2145 	 zraR, rhaR, rhaS, marR, marA
2146 	 zraR, melR, idnR, rhaR, rhaS, marR, marA
2147 	 zraR, melR, idnR, rhaR, rhaS, marR, marA
2148 	 zraR, idnR, rhaR, rhaS, marR, marA
2149 	 zraR, cadC, melR, rhaR, rhaS, marA
2150 	 zraR, cadC, melR, idnR, rhaR, rhaS, marA
2151 	 zraR, melR, idnR, rhaR, rhaS, marR, marA
2152 	 zraR, cadC, melR, rhaR, rhaS, marA
2153 	 zraR, cadC, melR, idnR, rhaR, rhaS, marA
2154 	 zraR, cadC, melR, rhaR, rhaS, marA
2155 	 zraR, idnR, rhaR, rhaS, marR, marA
2156 	 zraR, idnR, rhaR, rhaS, marR, marA
2157 	 zraR, melR, idnR, rhaR, rhaS, marR, marA
2158 	 zraR, cadC, melR, idnR, rhaR, rhaS, marA
2159 	 zraR, melR, idnR, rhaR, rhaS, marR, marA
2160 	 zraR, melR, rhaR, rhaS, marR, marA
2161 	 zraR, cadC, idnR, rhaR, rhaS, marA
2162 	 zraR, melR, rhaR, rhaS, marR, marA
2163 	 zraR, melR, idnR, rhaR, rhaS, marR, marA
2164 	 zraR, melR, idnR, rhaR, rhaS, marR, marA
2165 	 zraR, melR, idnR, rhaR, rhaS, marR, marA
2166 	 zraR, cadC, melR, idnR, rhaR, rhaS, marA
2167 	 zraR, melR, rhaR, rhaS, marR, marA
2168 	 zraR, idnR, rhaR, rhaS, marR, marA
2169 	 zraR, melR, idnR, rhaR, rhaS, marR, marA
2170 	 zraR, melR, idnR, rhaR, rhaS, marR, marA
2171 	 zraR, cadC, araC, idnR, rhaR, rhaS, marA
2172 	 zraR, cadC, araC, rhaR, rhaS, marA
2173 	 zraR, cadC, araC, idnR, rhaR, rhaS, marA
2174 	 zraR, cadC, araC, rhaR, rhaS, marA
2175 	 zraR, araC, rhaR, rhaS, marR, marA
2176 	 zraR, cadC, melR, araC, idnR, rhaR, rhaS, marA
2177 	 zraR, cadC, araC, idnR, rhaR, rhaS, marA
2178 	 zraR, cadC, araC, idnR, rhaR, rhaS, marA
2179 	 zraR, cadC, araC, idnR, rhaR, rhaS, marA
2180 	 zraR, cadC, melR, araC, rhaR, rhaS, marA
2181 	 zraR, cadC, araC, rhaR, rhaS, marA
2182 	 zraR, cadC, araC, idnR, rhaR, rhaS, marA
2183 	 zraR, melR, araC, idnR, rhaR, rhaS, marR, marA
2184 	 zraR, cadC, araC, idnR, rhaR, rhaS, marA
2185 	 zraR, cadC, melR, araC, idnR, rhaR, rhaS, marA
2186 	 zraR, cadC, melR, araC, rhaR, rhaS, marA
2187 	 zraR, cadC, melR, araC, idnR, rhaR, rhaS, marA
2188 	 zraR, araC, rhaR, rhaS, marR, marA
2189 	 zraR, cadC, melR, araC, idnR, rhaR, rhaS, marA
2190 	 zraR, cadC, melR, araC, idnR, rhaR, rhaS, marA
2191 	 zraR, araC, rhaR, rhaS, marR, marA
2192 	 zraR, melR, araC, idnR, rhaR, rhaS, marR, marA
2193 	 zraR, cadC, melR, araC, idnR, rhaR, rhaS, marA
2194 	 zraR, araC, idnR, rhaR, rhaS, marR, marA
2195 	 zraR, cadC, melR, araC, idnR, rhaR, rhaS, marA
2196 	 zraR, cadC, araC, idnR, rhaR, rhaS, marA
2197 	 zraR, araC, idnR, rhaR, rhaS, marR, marA
2198 	 zraR, cadC, melR, araC, rhaR, rhaS, marA
2199 	 zraR, cadC, melR, araC, idnR, rhaR, rhaS, marA
2200 	 zraR, araC, rhaR, rhaS, marR, marA
2201 	 zraR, cadC, melR, araC, idnR, rhaR, rhaS, marA
2202 	 zraR, melR, araC, idnR, rhaR, rhaS, marR, marA
2203 	 zraR, cadC, araC, rhaR, rhaS, marA
2204 	 zraR, melR, araC, idnR, rhaR, rhaS, marR, marA
2205 	 zraR, araC, rhaR, rhaS, marR, marA
2206 	 zraR, cadC, araC, idnR, rhaR, rhaS, marA
2207 	 zraR, melR, araC, rhaR, rhaS, marR, marA
2208 	 zraR, cadC, melR, araC, rhaR, rhaS, marA
2209 	 zraR, araC, idnR, rhaR, rhaS, marR, marA
2210 	 zraR, cadC, araC, idnR, rhaR, rhaS, marA
2211 	 zraR, araC, idnR, rhaR, rhaS, marR, marA
2212 	 zraR, cadC, melR, araC, idnR, rhaR, rhaS, marA
2213 	 zraR, melR, araC, rhaR, rhaS, marR, marA
2214 	 zraR, araC, idnR, rhaR, rhaS, marR, marA
2215 	 zraR, melR, araC, idnR, rhaR, rhaS, marR, marA
2216 	 zraR, araC, idnR, rhaR, rhaS, marR, marA
2217 	 zraR, cadC, melR, araC, idnR, rhaR, rhaS, marA
2218 	 zraR, araC, idnR, rhaR, rhaS, marR, marA
2219 	 zraR, melR, araC, rhaR, rhaS, marR, marA
2220 	 zraR, melR, araC, idnR, rhaR, rhaS, marR, marA
2221 	 zraR, cadC, melR, araC, rhaR, rhaS, marA
2222 	 zraR, araC, idnR, rhaR, rhaS, marR, marA
2223 	 zraR, melR, araC, idnR, rhaR, rhaS, marR, marA
2224 	 zraR, melR, araC, rhaR, rhaS, marR, marA
2225 	 zraR, cadC, araC, idnR, rhaR, rhaS, marA
2226 	 zraR, araC, idnR, rhaR, rhaS, marR, marA
2227 	 zraR, araC, idnR, rhaR, rhaS, marR, marA
2228 	 zraR, cadC, melR, araC, idnR, rhaR, rhaS, marA
2229 	 zraR, melR, araC, idnR, rhaR, rhaS, marR, marA
2230 	 zraR, araC, idnR, rhaR, rhaS, marR, marA
2231 	 zraR, melR, araC, idnR, rhaR, rhaS, marR, marA
2232 	 zraR, cadC, melR, araC, idnR, rhaR, rhaS, marA
2233 	 zraR, melR, araC, idnR, rhaR, rhaS, marR, marA
2234 	 zraR, melR, araC, rhaR, rhaS, marR, marA
2235 	 zraR, melR, araC, idnR, rhaR, rhaS, marR, marA
2236 	 zraR, melR, araC, rhaR, rhaS, marR, marA
2237 	 zraR, melR, araC, idnR, rhaR, rhaS, marR, marA
2238 	 zraR, araC, idnR, rhaR, rhaS, marR, marA
2239 	 zraR, melR, araC, idnR, rhaR, rhaS, marR, marA
2240 	 zraR, melR, araC, idnR, rhaR, rhaS, marR, marA
