23 	 zraR, tdcA
30 	 zraR
33 	 zraR, tdcA
35 	 zraR, tdcA
39 	 zraR
40 	 zraR, tdcA
43 	 zraR, tdcA
44 	 zraR, asnC, puuR, lldR, dcuR, adiY, cspA, hdfR, yjjQ, soxS, rcsB, fnr
45 	 zraR, tdcA
46 	 zraR
48 	 zraR, tdcA
50 	 zraR, tdcA
51 	 zraR, asnC, puuR, tdcA, lldR, dcuR, adiY, cspA, hdfR, yjjQ, soxS, rcsB, fnr
53 	 zraR, yqjI, tdcA, dcuR, adiY, cspA, nac, marR, hdfR, yjjQ, soxR, narL, arcA, rcsB
55 	 zraR
57 	 zraR
58 	 zraR
59 	 zraR, tdcA
60 	 zraR
61 	 zraR, tdcA
64 	 zraR, tdcA
66 	 zraR
67 	 zraR, yqjI, dcuR, adiY, cspA, nac, marR, hdfR, yjjQ, soxR, narL, arcA, rcsB
71 	 zraR, yqjI, tdcA, dcuR, adiY, cspA, nac, marR, hdfR, yjjQ, soxR, narL, arcA, rcsB
74 	 zraR, tdcA
75 	 zraR, yqjI, tdcA, dcuR, adiY, cspA, nac, marR, hdfR, yjjQ, soxR, narL, arcA, rcsB
76 	 zraR
77 	 zraR
78 	 zraR, yqjI, dcuR, adiY, cspA, nac, marR, hdfR, yjjQ, soxR, narL, arcA, rcsB
82 	 zraR, tdcA
83 	 zraR, tdcA
84 	 zraR, yqjI, tdcA, dcuR, adiY, cspA, nac, marR, hdfR, yjjQ, soxR, narL, arcA, rcsB
86 	 zraR, yqjI, dcuR, adiY, cspA, nac, marR, hdfR, yjjQ, soxR, narL, arcA, rcsB
87 	 zraR
89 	 zraR
90 	 zraR, tdcA
92 	 zraR, yqjI, dcuR, adiY, cspA, nac, marR, hdfR, yjjQ, soxR, narL, arcA, rcsB
93 	 zraR, tdcA
94 	 zraR, tdcA
95 	 zraR, tdcA
96 	 zraR, tdcA
98 	 zraR, tdcA
99 	 zraR, asnC, puuR, lldR, dcuR, adiY, cspA, hdfR, yjjQ, soxS, rcsB, fnr
100 	 zraR, tdcA
102 	 zraR, asnC, puuR, tdcA, lldR, dcuR, adiY, cspA, hdfR, yjjQ, soxS, rcsB, fnr
103 	 zraR
104 	 zraR, asnC, puuR, lldR, dcuR, adiY, cspA, hdfR, yjjQ, soxS, rcsB, fnr
105 	 zraR
107 	 zraR, yqjI, dcuR, adiY, cspA, nac, marR, hdfR, yjjQ, soxR, narL, arcA, rcsB
109 	 zraR, tdcA
113 	 zraR
115 	 zraR, tdcA
118 	 zraR, tdcA
119 	 zraR
122 	 zraR, yqjI, tdcA, dcuR, adiY, cspA, nac, marR, hdfR, yjjQ, soxR, narL, arcA, rcsB
123 	 zraR
124 	 zraR, tdcA
125 	 zraR, yqjI, dcuR, adiY, cspA, nac, marR, hdfR, yjjQ, soxR, narL, arcA, rcsB
126 	 zraR
128 	 zraR, tdcA
130 	 zraR, asnC, puuR, tdcA, lldR, dcuR, adiY, cspA, hdfR, yjjQ, soxS, rcsB, fnr
132 	 zraR, tdcA
134 	 zraR
135 	 zraR, tdcA
136 	 zraR, yqjI, tdcA, dcuR, adiY, cspA, nac, marR, hdfR, yjjQ, soxR, narL, arcA, rcsB
138 	 zraR
139 	 zraR, tdcA
140 	 zraR, asnC, puuR, tdcA, lldR, dcuR, adiY, cspA, hdfR, yjjQ, soxS, rcsB, fnr
141 	 zraR, tdcA
142 	 zraR
144 	 zraR, tdcA
145 	 zraR
146 	 zraR, yqjI, tdcA, dcuR, adiY, cspA, nac, marR, hdfR, yjjQ, soxR, narL, arcA, rcsB
148 	 zraR, tdcA
149 	 zraR
150 	 zraR, yqjI, tdcA, dcuR, adiY, cspA, nac, marR, hdfR, yjjQ, soxR, narL, arcA, rcsB
151 	 zraR, tdcA
152 	 zraR, yqjI, dcuR, adiY, cspA, nac, marR, hdfR, yjjQ, soxR, narL, arcA, rcsB
153 	 zraR, tdcA
155 	 zraR, yqjI, tdcA, dcuR, adiY, cspA, nac, marR, hdfR, yjjQ, soxR, narL, arcA, rcsB
156 	 zraR
157 	 zraR, yqjI, tdcA, dcuR, adiY, cspA, nac, marR, hdfR, yjjQ, soxR, narL, arcA, rcsB
158 	 zraR, tdcA
159 	 zraR, asnC, puuR, lldR, dcuR, adiY, cspA, hdfR, yjjQ, soxS, rcsB, fnr
160 	 zraR, tdcA
161 	 zraR, yqjI, dcuR, adiY, cspA, nac, marR, hdfR, yjjQ, soxR, narL, arcA, rcsB
162 	 zraR, tdcA
164 	 zraR, tdcA
166 	 zraR
167 	 zraR, yqjI, tdcA, dcuR, adiY, cspA, nac, marR, hdfR, yjjQ, soxR, narL, arcA, rcsB
168 	 zraR, tdcA
169 	 zraR, yqjI, dcuR, adiY, cspA, nac, marR, hdfR, yjjQ, soxR, narL, arcA, rcsB
170 	 zraR, tdcA
171 	 zraR, yqjI, dcuR, adiY, cspA, nac, marR, hdfR, yjjQ, soxR, narL, arcA, rcsB
172 	 zraR, yqjI, tdcA, dcuR, adiY, cspA, nac, marR, hdfR, yjjQ, soxR, narL, arcA, rcsB
173 	 zraR
174 	 zraR, asnC, puuR, tdcA, lldR, dcuR, adiY, cspA, hdfR, yjjQ, soxS, rcsB, fnr
175 	 zraR, yqjI, tdcA, dcuR, adiY, cspA, nac, marR, hdfR, yjjQ, soxR, narL, arcA, rcsB
177 	 zraR, tdcA
178 	 zraR, asnC, puuR, lldR, dcuR, adiY, cspA, hdfR, yjjQ, soxS, rcsB, fnr
179 	 zraR, tdcA
180 	 zraR, tdcA
181 	 zraR, yqjI, tdcA, dcuR, adiY, cspA, nac, marR, hdfR, yjjQ, soxR, narL, arcA, rcsB
182 	 zraR, tdcA
183 	 zraR, yqjI, dcuR, adiY, cspA, nac, marR, hdfR, yjjQ, soxR, narL, arcA, rcsB
184 	 zraR, tdcA
185 	 zraR, tdcA
186 	 zraR, tdcA
187 	 zraR, asnC, puuR, tdcA, lldR, dcuR, adiY, cspA, hdfR, yjjQ, soxS, rcsB, fnr
189 	 zraR
190 	 zraR, tdcA
191 	 zraR, yqjI, dcuR, adiY, cspA, nac, marR, hdfR, yjjQ, soxR, narL, arcA, rcsB
192 	 zraR, tdcA
193 	 zraR, yqjI, tdcA, dcuR, adiY, cspA, nac, marR, hdfR, yjjQ, soxR, narL, arcA, rcsB
194 	 zraR, yqjI, tdcA, dcuR, adiY, cspA, nac, marR, hdfR, yjjQ, soxR, narL, arcA, rcsB
195 	 zraR, tdcA
196 	 zraR, tdcA
198 	 zraR, yqjI, tdcA, dcuR, adiY, cspA, nac, marR, hdfR, yjjQ, soxR, narL, arcA, rcsB
199 	 zraR
200 	 zraR, asnC, puuR, lldR, dcuR, adiY, cspA, hdfR, yjjQ, soxS, rcsB, fnr
201 	 zraR, tdcA
202 	 zraR, asnC, puuR, tdcA, lldR, dcuR, adiY, cspA, hdfR, yjjQ, soxS, rcsB, fnr
204 	 zraR, yqjI, tdcA, dcuR, adiY, cspA, nac, marR, hdfR, yjjQ, soxR, narL, arcA, rcsB
205 	 zraR, yqjI, dcuR, adiY, cspA, nac, marR, hdfR, yjjQ, soxR, narL, arcA, rcsB
207 	 zraR, yqjI, tdcA, dcuR, adiY, cspA, nac, marR, hdfR, yjjQ, soxR, narL, arcA, rcsB
208 	 zraR, yqjI, tdcA, dcuR, adiY, cspA, nac, marR, hdfR, yjjQ, soxR, narL, arcA, rcsB
209 	 zraR, tdcA
210 	 zraR, yqjI, tdcA, dcuR, adiY, cspA, nac, marR, hdfR, yjjQ, soxR, narL, arcA, rcsB
212 	 zraR
213 	 zraR
214 	 zraR, yqjI, tdcA, dcuR, adiY, cspA, nac, marR, hdfR, yjjQ, soxR, narL, arcA, rcsB
215 	 zraR, asnC, puuR, tdcA, lldR, dcuR, adiY, cspA, hdfR, yjjQ, soxS, rcsB, fnr
216 	 zraR, tdcA
217 	 zraR, yqjI, tdcA, dcuR, adiY, cspA, nac, marR, hdfR, yjjQ, soxR, narL, arcA, rcsB
218 	 zraR, yqjI, dcuR, adiY, cspA, nac, marR, hdfR, yjjQ, soxR, narL, arcA, rcsB
219 	 zraR, yqjI, tdcA, dcuR, adiY, cspA, nac, marR, hdfR, yjjQ, soxR, narL, arcA, rcsB
220 	 zraR, tdcA
221 	 zraR, tdcA
222 	 zraR
223 	 zraR, asnC, puuR, lldR, dcuR, adiY, cspA, hdfR, yjjQ, soxS, rcsB, fnr
224 	 zraR, tdcA
225 	 zraR, yqjI, tdcA, dcuR, adiY, cspA, nac, marR, hdfR, yjjQ, soxR, narL, arcA, rcsB
226 	 zraR
227 	 zraR, tdcA
228 	 zraR, asnC, puuR, lldR, dcuR, adiY, cspA, hdfR, yjjQ, soxS, rcsB, fnr
229 	 zraR, tdcA
230 	 zraR, yqjI, dcuR, adiY, cspA, nac, marR, hdfR, yjjQ, soxR, narL, arcA, rcsB
231 	 zraR, tdcA
232 	 zraR, asnC, puuR, tdcA, lldR, dcuR, adiY, cspA, hdfR, yjjQ, soxS, rcsB, fnr
233 	 zraR, asnC, puuR, tdcA, lldR, dcuR, adiY, cspA, hdfR, yjjQ, soxS, rcsB, fnr
234 	 zraR, asnC, puuR, lldR, dcuR, adiY, cspA, hdfR, yjjQ, soxS, rcsB, fnr
235 	 zraR, asnC, puuR, tdcA, lldR, dcuR, adiY, cspA, hdfR, yjjQ, soxS, rcsB, fnr
236 	 zraR, yqjI, tdcA, dcuR, adiY, cspA, nac, marR, hdfR, yjjQ, soxR, narL, arcA, rcsB
237 	 zraR, asnC, puuR, tdcA, lldR, dcuR, adiY, cspA, hdfR, yjjQ, soxS, rcsB, fnr
238 	 zraR, tdcA
240 	 zraR, asnC, puuR, tdcA, lldR, dcuR, adiY, cspA, hdfR, yjjQ, soxS, rcsB, fnr
241 	 zraR, asnC, puuR, tdcA, lldR, dcuR, adiY, cspA, hdfR, yjjQ, soxS, rcsB, fnr
243 	 zraR, asnC, puuR, tdcA, lldR, dcuR, adiY, cspA, hdfR, yjjQ, soxS, rcsB, fnr
244 	 zraR, asnC, puuR, tdcA, lldR, dcuR, adiY, cspA, hdfR, yjjQ, soxS, rcsB, fnr
245 	 zraR, tdcA
246 	 zraR, asnC, puuR, tdcA, lldR, dcuR, adiY, cspA, hdfR, yjjQ, soxS, rcsB, fnr
247 	 zraR, asnC, puuR, lldR, dcuR, adiY, cspA, hdfR, yjjQ, soxS, rcsB, fnr
248 	 zraR, yqjI, tdcA, dcuR, adiY, cspA, nac, marR, hdfR, yjjQ, soxR, narL, arcA, rcsB
250 	 zraR, yqjI, tdcA, dcuR, adiY, cspA, nac, marR, hdfR, yjjQ, soxR, narL, arcA, rcsB
251 	 zraR, yqjI, dcuR, adiY, cspA, nac, marR, hdfR, yjjQ, soxR, narL, arcA, rcsB
252 	 zraR, yqjI, tdcA, dcuR, adiY, cspA, nac, marR, hdfR, yjjQ, soxR, narL, arcA, rcsB
253 	 zraR, tdcA
254 	 zraR, asnC, puuR, tdcA, lldR, dcuR, adiY, cspA, hdfR, yjjQ, soxS, rcsB, fnr
255 	 zraR, asnC, puuR, tdcA, lldR, dcuR, adiY, cspA, hdfR, yjjQ, soxS, rcsB, fnr
257 	 zraR, asnC, puuR, lldR, dcuR, adiY, cspA, hdfR, yjjQ, soxS, rcsB, fnr
259 	 zraR, asnC, puuR, tdcA, lldR, dcuR, adiY, cspA, hdfR, yjjQ, soxS, rcsB, fnr
539 	 zraR, tdcA
976 	 zraR
977 	 zraR, tdcA
979 	 zraR
980 	 zraR, tdcA
981 	 zraR, tdcA
987 	 zraR
988 	 zraR, tdcA
991 	 zraR
992 	 zraR, tdcA
993 	 zraR
994 	 zraR, tdcA
995 	 zraR
996 	 zraR, tdcA
998 	 zraR, tdcA
1000 	 zraR
1002 	 zraR, tdcA
1004 	 zraR
1005 	 zraR, tdcA
1006 	 zraR
1007 	 zraR, tdcA
1008 	 zraR, tdcA
1009 	 zraR, tdcA
1010 	 zraR, tdcA
1012 	 zraR, tdcA
1013 	 zraR, tdcA
1014 	 zraR, tdcA
1016 	 zraR, tdcA
1018 	 zraR, tdcA
1020 	 zraR
1021 	 zraR
1022 	 zraR, asnC, puuR, lldR, dcuR, flhC, gadX, soxS, fnr, hns
1023 	 zraR
1025 	 zraR, tdcA
1027 	 zraR, asnC, puuR, tdcA, lldR, dcuR, adiY, cspA, hdfR, yjjQ, soxS, rcsB, fnr
1028 	 zraR, asnC, puuR, tdcA, lldR, dcuR, adiY, cspA, hdfR, yjjQ, soxS, rcsB, fnr
1029 	 zraR, asnC, puuR, tdcA, lldR, dcuR, flhC, gadX, soxS, fnr, hns
1031 	 zraR, asnC, puuR, lldR, dcuR, adiY, cspA, hdfR, yjjQ, soxS, rcsB, fnr
1032 	 zraR, asnC, puuR, tdcA, lldR, dcuR, flhC, gadX, soxS, fnr, hns
1034 	 zraR
1035 	 zraR, asnC, puuR, tdcA, lldR, dcuR, adiY, cspA, hdfR, yjjQ, soxS, rcsB, fnr
1036 	 zraR, asnC, puuR, lldR, dcuR, flhC, gadX, soxS, fnr, hns
1037 	 zraR
1038 	 zraR, tdcA
1039 	 zraR, asnC, puuR, tdcA, lldR, dcuR, flhC, gadX, soxS, fnr, hns
1040 	 zraR, asnC, puuR, tdcA, lldR, dcuR, flhC, gadX, soxS, fnr, hns
1041 	 zraR, asnC, puuR, tdcA, lldR, dcuR, adiY, cspA, hdfR, yjjQ, soxS, rcsB, fnr
1042 	 zraR, tdcA
1043 	 zraR, tdcA
1045 	 zraR, asnC, puuR, lldR, dcuR, adiY, cspA, hdfR, yjjQ, soxS, rcsB, fnr
1048 	 zraR, asnC, puuR, tdcA, lldR, dcuR, flhC, gadX, soxS, fnr, hns
1049 	 zraR
1053 	 zraR, tdcA
1054 	 zraR
1055 	 zraR, tdcA
1056 	 zraR, asnC, puuR, lldR, dcuR, adiY, cspA, hdfR, yjjQ, soxS, rcsB, fnr
1058 	 zraR
1059 	 zraR, tdcA
1060 	 zraR
1061 	 zraR, tdcA
1065 	 zraR, tdcA
1066 	 zraR, tdcA
1067 	 zraR
1068 	 zraR
1069 	 zraR, tdcA
1070 	 zraR, tdcA
1071 	 zraR
1072 	 zraR, tdcA
1073 	 zraR, tdcA
1075 	 zraR, tdcA
1077 	 zraR, tdcA
1078 	 zraR, tdcA
1080 	 zraR, tdcA
1081 	 zraR
1082 	 zraR, tdcA
1083 	 zraR
1084 	 zraR, tdcA
1085 	 zraR
1086 	 zraR, tdcA
1087 	 zraR
1088 	 zraR, tdcA
1089 	 zraR, tdcA
1090 	 zraR, tdcA
1091 	 zraR, tdcA
1092 	 zraR, tdcA
1093 	 zraR, tdcA
1094 	 zraR, tdcA
1095 	 zraR, tdcA
1096 	 zraR, tdcA
1097 	 zraR, tdcA
1098 	 zraR, tdcA
1115 	 zraR
1116 	 zraR, tdcA
1117 	 zraR
1118 	 zraR, tdcA
1119 	 zraR, tdcA
1120 	 zraR, tdcA
1121 	 zraR, tdcA
1122 	 zraR, tdcA
1123 	 zraR, tdcA
1124 	 zraR, tdcA
1125 	 zraR, tdcA
1126 	 zraR, tdcA
1127 	 zraR, tdcA
1128 	 zraR, tdcA
1129 	 zraR, tdcA
1130 	 zraR
1131 	 zraR, tdcA
1132 	 zraR, tdcA
1133 	 zraR, tdcA
1134 	 zraR
1135 	 zraR
1136 	 zraR
1137 	 zraR
1138 	 zraR
1139 	 zraR, tdcA
1140 	 zraR, tdcA
1141 	 zraR, tdcA
1142 	 zraR
1143 	 zraR
1144 	 zraR
1145 	 zraR
1146 	 zraR
1147 	 zraR
1148 	 zraR
1149 	 zraR, tdcA
1150 	 zraR
1151 	 zraR, tdcA
1152 	 zraR, tdcA
1153 	 zraR, tdcA
1154 	 zraR, tdcA
1155 	 zraR, tdcA
1156 	 zraR, tdcA
1157 	 zraR, tdcA
1158 	 zraR, tdcA
1159 	 zraR, tdcA
1160 	 zraR, tdcA
1161 	 zraR, tdcA
1162 	 zraR, tdcA
1177 	 zraR, yqjI, tdcA, dcuR, flhC, nac, marR, soxR, narL, gadX, arcA, hns
1178 	 zraR, yqjI, tdcA, dcuR, flhC, nac, marR, soxR, narL, gadX, arcA, hns
1179 	 zraR, yqjI, tdcA, dcuR, flhC, nac, marR, soxR, narL, gadX, arcA, hns
1180 	 zraR, yqjI, tdcA, dcuR, flhC, nac, marR, soxR, narL, gadX, arcA, hns
1181 	 zraR, yqjI, tdcA, dcuR, flhC, nac, marR, soxR, narL, gadX, arcA, hns
1182 	 zraR, yqjI, tdcA, dcuR, flhC, nac, marR, soxR, narL, gadX, arcA, hns
1183 	 zraR, yqjI, tdcA, dcuR, flhC, nac, marR, soxR, narL, gadX, arcA, hns
1184 	 zraR, yqjI, tdcA, dcuR, flhC, nac, marR, soxR, narL, gadX, arcA, hns
1185 	 zraR, yqjI, tdcA, dcuR, flhC, nac, marR, soxR, narL, gadX, arcA, hns
1186 	 zraR, yqjI, tdcA, dcuR, flhC, nac, marR, soxR, narL, gadX, arcA, hns
1187 	 zraR, yqjI, tdcA, dcuR, flhC, nac, marR, soxR, narL, gadX, arcA, hns
1188 	 zraR, yqjI, tdcA, dcuR, flhC, nac, marR, soxR, narL, gadX, arcA, hns
1189 	 zraR, yqjI, tdcA, dcuR, flhC, nac, marR, soxR, narL, gadX, arcA, hns
1190 	 zraR, yqjI, tdcA, dcuR, flhC, nac, marR, soxR, narL, gadX, arcA, hns
1191 	 zraR, yqjI, tdcA, dcuR, flhC, nac, marR, soxR, narL, gadX, arcA, hns
1192 	 zraR, yqjI, tdcA, dcuR, flhC, nac, marR, soxR, narL, gadX, arcA, hns
1193 	 zraR, yqjI, dcuR, flhC, nac, marR, soxR, narL, gadX, arcA, hns
1194 	 zraR, yqjI, dcuR, flhC, nac, marR, soxR, narL, gadX, arcA, hns
1195 	 zraR, yqjI, dcuR, flhC, nac, marR, soxR, narL, gadX, arcA, hns
1196 	 zraR, yqjI, dcuR, flhC, nac, marR, soxR, narL, gadX, arcA, hns
1197 	 zraR, yqjI, dcuR, flhC, nac, marR, soxR, narL, gadX, arcA, hns
1198 	 zraR, yqjI, dcuR, flhC, nac, marR, soxR, narL, gadX, arcA, hns
1199 	 zraR, yqjI, dcuR, flhC, nac, marR, soxR, narL, gadX, arcA, hns
1200 	 zraR, yqjI, dcuR, flhC, nac, marR, soxR, narL, gadX, arcA, hns
1201 	 zraR, yqjI, dcuR, flhC, nac, marR, soxR, narL, gadX, arcA, hns
1202 	 zraR, yqjI, dcuR, flhC, nac, marR, soxR, narL, gadX, arcA, hns
1203 	 zraR, yqjI, dcuR, flhC, nac, marR, soxR, narL, gadX, arcA, hns
1204 	 zraR, yqjI, dcuR, flhC, nac, marR, soxR, narL, gadX, arcA, hns
1205 	 zraR, yqjI, dcuR, flhC, nac, marR, soxR, narL, gadX, arcA, hns
1206 	 zraR
1207 	 zraR, yqjI, dcuR, flhC, nac, marR, soxR, narL, gadX, arcA, hns
1208 	 zraR, yqjI, dcuR, flhC, nac, marR, soxR, narL, gadX, arcA, hns
1209 	 zraR, yqjI, tdcA, dcuR, flhC, nac, marR, soxR, narL, gadX, arcA, hns
1210 	 zraR, yqjI, tdcA, dcuR, flhC, nac, marR, soxR, narL, gadX, arcA, hns
1211 	 zraR, yqjI, tdcA, dcuR, flhC, nac, marR, soxR, narL, gadX, arcA, hns
1212 	 zraR, yqjI, tdcA, dcuR, flhC, nac, marR, soxR, narL, gadX, arcA, hns
1213 	 zraR, yqjI, tdcA, dcuR, flhC, nac, marR, soxR, narL, gadX, arcA, hns
1214 	 zraR, yqjI, tdcA, dcuR, flhC, nac, marR, soxR, narL, gadX, arcA, hns
1215 	 zraR, yqjI, tdcA, dcuR, flhC, nac, marR, soxR, narL, gadX, arcA, hns
1216 	 zraR, yqjI, tdcA, dcuR, flhC, nac, marR, soxR, narL, gadX, arcA, hns
1217 	 zraR, yqjI, tdcA, dcuR, flhC, nac, marR, soxR, narL, gadX, arcA, hns
1218 	 zraR, yqjI, tdcA, dcuR, flhC, nac, marR, soxR, narL, gadX, arcA, hns
1219 	 zraR, yqjI, tdcA, dcuR, flhC, nac, marR, soxR, narL, gadX, arcA, hns
1220 	 zraR, yqjI, tdcA, dcuR, flhC, nac, marR, soxR, narL, gadX, arcA, hns
1221 	 zraR, yqjI, tdcA, dcuR, flhC, nac, marR, soxR, narL, gadX, arcA, hns
1222 	 zraR, yqjI, tdcA, dcuR, flhC, nac, marR, soxR, narL, gadX, arcA, hns
1223 	 zraR, yqjI, tdcA, dcuR, flhC, nac, marR, soxR, narL, gadX, arcA, hns
1224 	 zraR, yqjI, tdcA, dcuR, flhC, nac, marR, soxR, narL, gadX, arcA, hns
1239 	 zraR, tdcA
1240 	 zraR, tdcA
1241 	 zraR, tdcA
1242 	 zraR, tdcA
1243 	 zraR, tdcA
1244 	 zraR, tdcA
1245 	 zraR, tdcA
1246 	 zraR, tdcA
1247 	 zraR, tdcA
1248 	 zraR, tdcA
1249 	 zraR, tdcA
1250 	 zraR, tdcA
1251 	 zraR, tdcA
1252 	 zraR, tdcA
1253 	 zraR, tdcA
1254 	 zraR, tdcA
1255 	 zraR
1256 	 zraR
1257 	 zraR
1258 	 zraR
1259 	 zraR
1260 	 zraR
1261 	 zraR
1262 	 zraR
1263 	 zraR
1264 	 zraR
1265 	 zraR
1266 	 zraR
1267 	 zraR
1268 	 zraR
1269 	 zraR
1270 	 zraR
1271 	 zraR, tdcA
1272 	 zraR, tdcA
1273 	 zraR, tdcA
1274 	 zraR, tdcA
1275 	 zraR, tdcA
1276 	 zraR, tdcA
1277 	 zraR, tdcA
1278 	 zraR, tdcA
1279 	 zraR, tdcA
1280 	 zraR, tdcA
1281 	 zraR, tdcA
1282 	 zraR, tdcA
1283 	 zraR, tdcA
1284 	 zraR, tdcA
1285 	 zraR, tdcA
1286 	 zraR, tdcA
1318 	 zraR, asnC, puuR, tdcA, lldR, dcuR, flhC, gadX, soxS, fnr, hns
1319 	 zraR, tdcA
1320 	 zraR, tdcA
1321 	 zraR, tdcA
1322 	 zraR, tdcA
1323 	 zraR, asnC, puuR, lldR, dcuR, flhC, gadX, soxS, fnr, hns
1324 	 zraR, asnC, puuR, lldR, dcuR, flhC, gadX, soxS, fnr, hns
1325 	 zraR, asnC, puuR, tdcA, lldR, dcuR, flhC, gadX, soxS, fnr, hns
1326 	 zraR, asnC, puuR, tdcA, lldR, dcuR, flhC, gadX, soxS, fnr, hns
1327 	 zraR, tdcA
1328 	 zraR, tdcA
1329 	 zraR
1330 	 zraR, tdcA
1331 	 zraR, tdcA
1591 	 zraR, asnC, puuR, tdcA, lldR, dcuR, flhC, gadX, soxS, fnr, hns
1592 	 zraR, asnC, puuR, tdcA, lldR, dcuR, flhC, gadX, soxS, fnr, hns
1593 	 zraR, asnC, puuR, tdcA, lldR, dcuR, flhC, gadX, soxS, fnr, hns
1594 	 zraR, asnC, puuR, tdcA, lldR, dcuR, flhC, gadX, soxS, fnr, hns
1595 	 zraR, asnC, puuR, lldR, dcuR, flhC, gadX, soxS, fnr, hns
1596 	 zraR, asnC, puuR, lldR, dcuR, flhC, gadX, soxS, fnr, hns
1597 	 zraR, asnC, puuR, lldR, dcuR, flhC, gadX, soxS, fnr, hns
1598 	 zraR, asnC, puuR, lldR, dcuR, flhC, gadX, soxS, fnr, hns
1599 	 zraR, asnC, puuR, tdcA, lldR, dcuR, flhC, gadX, soxS, fnr, hns
1600 	 zraR, asnC, puuR, tdcA, lldR, dcuR, flhC, gadX, soxS, fnr, hns
1601 	 zraR, asnC, puuR, tdcA, lldR, dcuR, flhC, gadX, soxS, fnr, hns
1602 	 zraR, asnC, puuR, tdcA, lldR, dcuR, flhC, gadX, soxS, fnr, hns
1606 	 zraR, tdcA
1607 	 zraR, tdcA
1608 	 zraR, tdcA
1609 	 zraR, tdcA
1610 	 zraR
1611 	 zraR
1612 	 zraR
1613 	 zraR
1614 	 zraR, tdcA
1615 	 zraR, tdcA
1616 	 zraR, tdcA
1617 	 zraR, tdcA
1622 	 zraR, tdcA
1623 	 zraR, tdcA
1624 	 zraR, tdcA
1625 	 zraR, tdcA
1626 	 zraR
1627 	 zraR
1628 	 zraR
1629 	 zraR
1630 	 zraR, tdcA
1631 	 zraR, tdcA
1632 	 zraR, tdcA
1633 	 zraR, tdcA
1641 	 zraR, tdcA
1642 	 zraR, tdcA
1643 	 zraR, tdcA
1644 	 zraR, tdcA
1645 	 zraR, tdcA
1646 	 zraR, tdcA
1647 	 zraR, tdcA
1648 	 zraR, tdcA
1649 	 zraR
1650 	 zraR
1651 	 zraR
1652 	 zraR
1653 	 zraR, tdcA
1654 	 zraR, tdcA
1655 	 zraR, tdcA
1656 	 zraR, tdcA
1657 	 zraR
1658 	 zraR
1659 	 zraR
1660 	 zraR
1661 	 zraR, tdcA
1662 	 zraR, tdcA
1663 	 zraR, tdcA
1664 	 zraR, tdcA
