218 	 idnR
283 	 rhaR
860 	 zraR
861 	 rhaR, zraR
862 	 rhaR, idnR
864 	 zraR, idnR
865 	 zraR
866 	 rhaR, zraR, idnR
867 	 rhaR
868 	 melR
869 	 idnR
870 	 melR, idnR
871 	 zraR, idnR
872 	 zraR, melR
873 	 rhaR, zraR
874 	 melR
875 	 rhaR, idnR
876 	 rhaR, melR
877 	 zraR, melR, idnR
878 	 rhaR, zraR, melR
879 	 melR, idnR
880 	 rhaR, melR, idnR
881 	 zraR, melR
882 	 rhaR, zraR, idnR
883 	 zraR, melR, idnR
884 	 rhaR, melR
885 	 rhaR, zraR, melR, idnR
886 	 rhaR, melR, idnR
887 	 rhaR, zraR, melR
888 	 rhaR, zraR, melR, idnR
890 	 rhaR
891 	 rhaR
892 	 idnR
893 	 zraR
894 	 rhaR, idnR
895 	 zraR
896 	 idnR
897 	 rhaR, zraR
898 	 rhaR, idnR
899 	 melR
900 	 rhaR, zraR
901 	 rhaR, melR
902 	 zraR, idnR
903 	 melR
904 	 zraR, idnR
905 	 zraR, melR
906 	 rhaR, zraR, idnR
907 	 melR, idnR
908 	 rhaR, melR
909 	 melR, idnR
910 	 zraR, melR
911 	 rhaR, zraR, idnR
912 	 zraR, melR, idnR
913 	 rhaR, melR, idnR
914 	 zraR, melR, idnR
915 	 rhaR, melR, idnR
916 	 rhaR, zraR, melR
917 	 rhaR, zraR, melR, idnR
918 	 rhaR, zraR, melR
919 	 rhaR, zraR, melR, idnR
974 	 zraR
976 	 zraR
977 	 rhaR
978 	 idnR
979 	 rhaR
980 	 idnR
981 	 rhaR, zraR
982 	 zraR, idnR
983 	 rhaR, zraR
984 	 melR
985 	 zraR, idnR
986 	 melR
987 	 rhaR, idnR
988 	 zraR, melR
989 	 rhaR, zraR, idnR
990 	 rhaR, melR
991 	 rhaR, idnR
992 	 rhaR, zraR, melR
993 	 zraR, melR
994 	 melR, idnR
995 	 rhaR, melR
996 	 rhaR, melR, idnR
997 	 rhaR, zraR, melR
998 	 zraR, melR, idnR
999 	 melR, idnR
1000 	 rhaR, zraR, melR, idnR
1001 	 rhaR, melR, idnR
1002 	 zraR, melR, idnR
1003 	 rhaR, zraR, idnR
1004 	 rhaR, zraR, melR, idnR
1006 	 zraR
1007 	 melR
1008 	 zraR, melR
1010 	 rhaR
1011 	 melR
1012 	 rhaR, zraR
1013 	 zraR
1014 	 rhaR, melR
1015 	 zraR, melR
1016 	 idnR
1017 	 rhaR, zraR, melR
1018 	 melR, idnR
1019 	 rhaR
1020 	 idnR
1021 	 rhaR, zraR
1022 	 zraR, idnR
1023 	 rhaR, melR
1024 	 zraR, melR, idnR
1025 	 zraR, idnR
1026 	 rhaR, idnR
1027 	 melR, idnR
1028 	 rhaR, melR, idnR
1029 	 zraR, melR, idnR
1030 	 rhaR, zraR, idnR
1031 	 rhaR, idnR
1032 	 rhaR, zraR, melR
1033 	 rhaR, zraR, idnR
1034 	 rhaR, melR, idnR
1035 	 rhaR, zraR, melR, idnR
1036 	 rhaR, zraR, melR, idnR
