"","rhaR","rhaS","crp","fnr","phoB","cra","fhlA","fis","arcA","hns","rcsB","gadE","rcsA","gadX","lrp","marA","ompR","ydeO","rob","oxyR","soxR","hdfR","csgD","yjjQ","mlrA","marR","glnG","mlc","pdhR","srlR","xylR","mazE","uxuR","argP","galS","gutM","exuR","mazF","adiY","cspA","flhD","dcuR","metJ","zraR","asnC","dnaA","metR","cusR","puuR","yiaJ","putA","melR","yqjI","malI","idnR","mraZ","pdeL","purR","prpR","fucR","tdcA","lsrR","hyfR","dpiA","nikR","aidB","rbsR","fur","soxS","fliZ","leuO","evgA","bglJ","gadW","narL","stpA","ptsG","galR","nac","flhC","cadC","araC","glcC","nhaR","yeiL","betI","lldR"
"1",1,1,1,1,1,NA,1,0,0,0,NA,0,0,NA,NA,0,0,0,NA,0,0,NA,0,NA,0,0,0,0,0,0,0,0,0,0,0,0,NA,0,NA,NA,0,0,0,0,0,0,0,0,NA,0,0,0,0,0,0,NA,0,0,NA,0,0,0,0,NA,0,NA,0,NA,NA,NA,NA,NA,NA,NA,NA,NA,NA,NA,NA,NA,NA,NA,NA,NA,NA,NA,NA
"2",1,1,1,0,NA,0,NA,0,0,0,0,0,0,0,0,NA,0,0,0,0,0,0,0,0,0,NA,0,0,NA,0,0,NA,0,NA,0,0,NA,NA,0,0,0,0,0,0,0,NA,0,NA,NA,0,NA,0,0,0,0,0,0,0,0,0,0,0,NA,NA,0,0,0,NA,NA,NA,NA,NA,NA,NA,NA,NA,NA,NA,NA,NA,NA,NA,NA,NA,NA,NA,NA
"3",1,1,1,1,1,NA,1,0,0,0,0,0,0,0,0,0,0,0,NA,0,0,0,0,0,0,0,0,0,0,0,0,NA,0,0,0,0,NA,NA,0,0,0,0,0,0,0,0,0,0,NA,0,0,NA,0,0,0,NA,0,0,NA,0,0,0,0,NA,0,0,0,NA,NA,NA,NA,NA,NA,NA,NA,NA,NA,NA,NA,NA,NA,NA,NA,NA,NA,NA,NA
"4",1,1,1,1,1,NA,0,0,0,0,0,0,0,0,0,0,0,0,NA,0,0,0,0,0,0,0,0,0,0,0,0,NA,0,0,0,0,NA,NA,0,0,0,0,0,0,0,0,0,0,NA,0,0,0,0,0,0,NA,0,0,NA,0,0,0,NA,NA,0,0,0,NA,NA,NA,NA,NA,NA,NA,NA,NA,NA,NA,NA,NA,NA,NA,NA,NA,NA,NA,NA
"5",1,1,1,1,0,NA,1,0,0,0,NA,0,0,NA,NA,0,0,0,NA,0,0,NA,0,NA,0,0,0,0,0,0,0,0,0,0,0,0,NA,0,NA,NA,0,0,0,0,0,0,0,NA,NA,0,0,0,0,0,0,NA,0,0,NA,0,0,0,0,NA,0,NA,0,NA,NA,NA,NA,NA,NA,NA,NA,NA,NA,NA,NA,NA,NA,NA,NA,NA,NA,NA,NA
"6",1,1,1,1,1,NA,1,0,0,0,0,0,0,0,0,0,0,0,NA,0,0,0,0,0,0,0,0,0,0,0,0,NA,0,0,0,0,NA,NA,0,0,0,0,0,0,0,0,0,0,NA,0,0,0,0,0,0,NA,0,0,NA,NA,0,0,0,NA,0,0,0,NA,NA,NA,NA,NA,NA,NA,NA,NA,NA,NA,NA,NA,NA,NA,NA,NA,NA,NA,NA
"7",1,1,1,1,NA,0,1,0,0,0,NA,0,0,NA,NA,NA,0,0,0,0,0,NA,0,NA,0,NA,0,0,NA,0,0,0,0,NA,0,0,NA,0,NA,NA,0,0,0,0,0,NA,0,NA,NA,0,NA,0,0,0,0,0,0,0,0,0,0,0,0,NA,0,NA,0,NA,NA,NA,NA,NA,NA,NA,NA,NA,NA,NA,NA,NA,NA,NA,NA,NA,NA,NA,NA
"8",1,1,1,1,1,NA,1,0,0,0,NA,0,0,NA,NA,0,0,0,NA,0,0,NA,0,NA,0,0,0,0,0,0,0,0,0,0,0,0,NA,0,NA,NA,0,0,0,0,0,0,0,0,NA,0,0,0,0,0,0,NA,0,0,NA,0,NA,0,0,NA,0,NA,0,NA,NA,NA,NA,NA,NA,NA,NA,NA,NA,NA,NA,NA,NA,NA,NA,NA,NA,NA,NA
"9",1,1,1,1,NA,1,1,0,0,0,NA,0,0,NA,NA,NA,0,0,0,0,0,NA,0,NA,0,NA,0,0,NA,0,0,0,0,NA,0,0,NA,0,NA,NA,0,0,0,0,0,NA,0,NA,NA,0,NA,0,0,0,0,0,NA,0,0,0,0,0,0,NA,0,NA,0,NA,NA,NA,NA,NA,NA,NA,NA,NA,NA,NA,NA,NA,NA,NA,NA,NA,NA,NA,NA
"10",1,1,1,1,1,NA,1,0,0,0,NA,0,0,NA,NA,0,0,0,NA,0,0,NA,0,NA,0,0,0,0,0,0,0,0,0,0,0,0,NA,0,NA,NA,0,0,0,NA,0,0,0,0,NA,0,0,0,0,0,0,NA,0,0,NA,0,0,0,0,NA,0,NA,0,NA,NA,NA,NA,NA,NA,NA,NA,NA,NA,NA,NA,NA,NA,NA,NA,NA,NA,NA,NA
"11",1,1,1,1,0,NA,1,0,0,0,NA,0,0,NA,NA,0,0,0,NA,0,0,NA,0,NA,0,0,0,0,0,0,0,0,0,0,0,0,NA,0,NA,NA,0,0,0,NA,0,0,0,NA,NA,0,0,0,0,0,0,NA,0,0,NA,0,0,0,0,NA,0,NA,0,NA,NA,NA,NA,NA,NA,NA,NA,NA,NA,NA,NA,NA,NA,NA,NA,NA,NA,NA,NA
"12",1,1,1,1,NA,0,1,0,0,NA,0,0,0,0,NA,NA,0,0,0,0,0,0,0,0,0,NA,0,0,NA,0,0,NA,0,NA,0,0,NA,NA,0,0,0,0,0,0,0,NA,0,NA,NA,0,NA,0,0,0,0,0,0,0,0,0,NA,0,0,NA,0,0,0,NA,NA,NA,NA,NA,NA,NA,NA,NA,NA,NA,NA,NA,NA,NA,NA,NA,NA,NA,NA
"13",1,1,1,1,NA,0,1,0,0,NA,0,0,0,0,NA,NA,0,0,0,0,0,0,0,0,0,NA,0,0,NA,0,0,NA,0,NA,0,0,NA,NA,0,0,0,0,0,NA,0,NA,0,NA,NA,0,NA,0,0,0,0,0,0,0,0,0,0,0,0,NA,0,0,0,NA,NA,NA,NA,NA,NA,NA,NA,NA,NA,NA,NA,NA,NA,NA,NA,NA,NA,NA,NA
"14",1,1,1,1,NA,1,1,0,0,NA,0,0,0,0,NA,NA,0,0,0,0,0,0,0,0,0,NA,0,0,NA,0,0,NA,0,NA,0,0,NA,NA,0,0,0,0,0,0,0,NA,0,NA,NA,0,NA,0,0,0,0,0,NA,0,0,0,NA,0,0,NA,0,0,0,NA,NA,NA,NA,NA,NA,NA,NA,NA,NA,NA,NA,NA,NA,NA,NA,NA,NA,NA,NA
"15",1,1,1,1,NA,1,1,0,0,NA,0,0,0,0,NA,NA,0,0,0,0,0,0,0,0,0,NA,0,0,NA,0,0,NA,0,NA,0,0,NA,NA,0,0,0,0,0,NA,0,NA,0,NA,NA,0,NA,0,0,0,0,0,NA,0,0,0,0,0,0,NA,0,0,0,NA,NA,NA,NA,NA,NA,NA,NA,NA,NA,NA,NA,NA,NA,NA,NA,NA,NA,NA,NA
"16",1,1,1,1,NA,0,1,0,0,NA,0,0,0,0,NA,NA,0,0,0,0,0,0,0,0,0,NA,0,0,NA,0,0,NA,0,NA,0,0,NA,NA,0,0,0,0,0,0,0,NA,0,NA,NA,0,NA,NA,0,0,0,0,0,0,0,0,0,0,0,NA,0,0,0,NA,NA,NA,NA,NA,NA,NA,NA,NA,NA,NA,NA,NA,NA,NA,NA,NA,NA,NA,NA
"17",1,1,1,1,NA,0,1,0,0,NA,0,0,0,0,NA,NA,0,0,0,0,0,0,0,0,0,NA,0,0,NA,0,0,NA,0,NA,0,0,NA,NA,0,0,0,0,0,NA,0,NA,0,NA,NA,0,NA,0,0,0,0,0,0,0,0,0,NA,0,0,NA,0,0,0,NA,NA,NA,NA,NA,NA,NA,NA,NA,NA,NA,NA,NA,NA,NA,NA,NA,NA,NA,NA
"18",1,1,1,1,0,NA,1,0,0,0,NA,0,0,NA,NA,0,0,0,NA,0,0,NA,0,NA,0,0,0,0,0,0,0,0,0,0,0,0,NA,0,NA,NA,0,0,0,0,0,0,0,NA,NA,0,0,0,0,0,0,NA,0,0,NA,0,NA,0,0,NA,0,NA,0,NA,NA,NA,NA,NA,NA,NA,NA,NA,NA,NA,NA,NA,NA,NA,NA,NA,NA,NA,NA
"19",1,1,1,1,NA,1,1,0,0,0,0,0,0,0,0,NA,0,0,0,0,0,0,0,0,0,NA,0,0,NA,0,0,NA,0,NA,0,0,NA,NA,0,0,0,0,0,0,0,NA,0,NA,NA,0,NA,NA,0,0,0,0,NA,0,0,0,0,0,0,NA,0,0,0,NA,NA,NA,NA,NA,NA,NA,NA,NA,NA,NA,NA,NA,NA,NA,NA,NA,NA,NA,NA
"20",1,1,1,1,0,NA,1,0,0,NA,0,0,0,0,NA,0,0,0,NA,0,0,0,0,0,0,0,0,0,0,0,0,NA,0,0,0,0,NA,NA,0,0,0,0,0,0,0,0,0,NA,NA,0,0,NA,0,0,0,NA,0,0,NA,0,0,0,0,NA,0,0,0,NA,NA,NA,NA,NA,NA,NA,NA,NA,NA,NA,NA,NA,NA,NA,NA,NA,NA,NA,NA
"21",1,1,1,1,NA,0,1,0,0,NA,NA,0,NA,0,NA,NA,0,0,0,0,0,NA,0,NA,0,NA,0,0,NA,0,0,NA,0,NA,0,0,NA,NA,NA,NA,0,0,0,0,0,NA,0,NA,NA,0,NA,0,0,0,0,0,0,0,0,NA,0,0,0,NA,0,0,0,NA,NA,NA,NA,NA,NA,NA,NA,NA,NA,NA,NA,NA,NA,NA,NA,NA,NA,NA,NA
"22",1,1,1,1,NA,0,1,0,0,NA,NA,0,NA,0,NA,NA,0,0,0,0,0,NA,0,NA,0,NA,0,0,NA,0,0,NA,0,NA,0,0,NA,NA,NA,NA,0,0,0,NA,0,NA,0,NA,NA,0,NA,NA,0,0,0,0,0,0,0,0,0,0,0,NA,0,0,0,NA,NA,NA,NA,NA,NA,NA,NA,NA,NA,NA,NA,NA,NA,NA,NA,NA,NA,NA,NA
"23",1,1,1,1,NA,1,1,0,0,NA,NA,0,NA,0,NA,NA,0,0,0,0,0,NA,0,NA,0,NA,0,0,NA,0,0,NA,0,NA,0,0,NA,NA,NA,NA,0,0,0,0,0,NA,0,NA,NA,0,NA,0,0,0,0,0,NA,0,0,NA,0,0,0,NA,0,0,0,NA,NA,NA,NA,NA,NA,NA,NA,NA,NA,NA,NA,NA,NA,NA,NA,NA,NA,NA,NA
"24",1,1,1,1,NA,0,1,0,0,NA,NA,0,NA,0,NA,NA,0,0,0,0,0,NA,0,NA,0,NA,0,0,NA,0,0,NA,0,NA,0,0,NA,NA,NA,NA,0,0,0,0,0,NA,0,NA,NA,0,NA,NA,0,0,0,0,0,0,0,0,NA,0,0,NA,0,0,0,NA,NA,NA,NA,NA,NA,NA,NA,NA,NA,NA,NA,NA,NA,NA,NA,NA,NA,NA,NA
"25",1,1,1,1,NA,0,1,0,0,NA,NA,0,NA,0,NA,NA,0,0,0,0,0,NA,0,NA,0,NA,0,0,NA,0,0,NA,0,NA,0,0,NA,NA,NA,NA,0,0,0,0,0,NA,0,NA,NA,0,NA,0,0,0,0,0,0,0,0,NA,NA,0,0,NA,0,0,0,NA,NA,NA,NA,NA,NA,NA,NA,NA,NA,NA,NA,NA,NA,NA,NA,NA,NA,NA,NA
"26",1,1,1,1,NA,1,1,0,0,NA,NA,0,NA,0,NA,NA,0,0,0,0,0,NA,0,NA,0,NA,0,0,NA,0,0,NA,0,NA,0,0,NA,NA,NA,NA,0,0,0,0,0,NA,0,NA,NA,0,NA,NA,0,0,0,0,NA,0,0,0,NA,0,0,NA,0,0,0,NA,NA,NA,NA,NA,NA,NA,NA,NA,NA,NA,NA,NA,NA,NA,NA,NA,NA,NA,NA
"27",1,1,1,1,NA,0,0,0,0,NA,NA,0,NA,0,NA,NA,0,0,0,0,0,NA,0,NA,0,NA,0,0,NA,0,0,NA,0,NA,0,0,NA,NA,NA,NA,0,0,0,0,0,NA,0,NA,NA,0,NA,0,0,0,0,0,0,0,0,0,0,0,NA,NA,0,0,0,NA,NA,NA,NA,NA,NA,NA,NA,NA,NA,NA,NA,NA,NA,NA,NA,NA,NA,NA,NA
"28",1,1,1,1,1,NA,1,0,0,NA,NA,0,NA,0,NA,0,0,0,NA,0,0,NA,0,NA,0,0,0,0,0,0,0,NA,0,0,0,0,NA,NA,NA,NA,0,0,0,0,0,0,0,0,NA,0,0,NA,0,0,0,NA,0,0,NA,0,NA,0,0,NA,0,0,0,NA,NA,NA,NA,NA,NA,NA,NA,NA,NA,NA,NA,NA,NA,NA,NA,NA,NA,NA,NA
"29",1,1,1,1,NA,1,0,0,0,NA,NA,0,NA,0,NA,NA,0,0,0,0,0,NA,0,NA,0,NA,0,0,NA,0,0,NA,0,NA,0,0,NA,NA,NA,NA,0,0,0,0,0,NA,0,NA,NA,0,NA,0,0,0,0,0,NA,0,0,0,0,0,NA,NA,0,0,0,NA,NA,NA,NA,NA,NA,NA,NA,NA,NA,NA,NA,NA,NA,NA,NA,NA,NA,NA,NA
"30",1,1,1,1,0,NA,1,0,0,NA,NA,0,NA,0,NA,0,0,0,NA,0,0,NA,0,NA,0,0,0,0,0,0,0,NA,0,0,0,0,NA,NA,NA,NA,0,0,0,0,0,0,0,NA,NA,0,0,NA,0,0,0,NA,0,0,NA,0,NA,0,0,NA,0,0,0,NA,NA,NA,NA,NA,NA,NA,NA,NA,NA,NA,NA,NA,NA,NA,NA,NA,NA,NA,NA
"31",1,1,1,1,NA,0,0,0,0,NA,NA,0,NA,0,NA,NA,0,0,0,0,0,NA,0,NA,0,NA,0,0,NA,0,0,NA,0,NA,0,0,NA,NA,NA,NA,0,0,0,0,0,NA,0,NA,NA,0,NA,0,0,0,0,0,0,0,0,0,NA,0,NA,NA,0,0,0,NA,NA,NA,NA,NA,NA,NA,NA,NA,NA,NA,NA,NA,NA,NA,NA,NA,NA,NA,NA
"32",1,1,1,1,NA,1,1,0,0,NA,NA,0,NA,0,NA,NA,0,0,0,0,0,NA,0,NA,0,NA,0,0,NA,0,0,NA,0,NA,0,0,NA,NA,NA,NA,0,0,0,NA,0,NA,0,NA,NA,0,NA,0,0,0,0,0,NA,0,0,0,NA,0,0,NA,0,0,0,NA,NA,NA,NA,NA,NA,NA,NA,NA,NA,NA,NA,NA,NA,NA,NA,NA,NA,NA,NA
"33",1,1,1,1,NA,1,0,0,0,NA,NA,0,NA,0,NA,NA,0,0,0,0,0,NA,0,NA,0,NA,0,0,NA,0,0,NA,0,NA,0,0,NA,NA,NA,NA,0,0,0,0,0,NA,0,NA,NA,0,NA,0,0,0,0,0,NA,0,0,0,NA,0,NA,NA,0,0,0,NA,NA,NA,NA,NA,NA,NA,NA,NA,NA,NA,NA,NA,NA,NA,NA,NA,NA,NA,NA
"34",1,1,1,1,1,NA,1,0,0,NA,NA,0,NA,0,NA,0,0,0,NA,0,0,NA,0,NA,0,0,0,0,0,0,0,NA,0,0,0,0,NA,NA,NA,NA,0,0,0,NA,0,0,0,0,NA,0,0,0,0,0,0,NA,0,0,NA,0,NA,0,0,NA,0,0,0,NA,NA,NA,NA,NA,NA,NA,NA,NA,NA,NA,NA,NA,NA,NA,NA,NA,NA,NA,NA
"35",1,1,1,0,NA,1,NA,0,0,NA,NA,0,NA,0,NA,NA,0,0,0,0,0,NA,0,NA,0,NA,0,0,NA,0,0,NA,0,NA,0,0,NA,NA,NA,NA,0,0,0,0,0,NA,0,NA,NA,0,NA,0,0,0,0,0,NA,0,0,0,0,0,NA,NA,0,0,0,NA,NA,NA,NA,NA,NA,NA,NA,NA,NA,NA,NA,NA,NA,NA,NA,NA,NA,NA,NA
"36",1,1,1,1,0,NA,1,0,0,NA,NA,0,NA,0,NA,0,0,0,NA,0,0,NA,0,NA,0,0,0,0,0,0,0,NA,0,0,0,0,NA,NA,NA,NA,0,0,0,NA,0,0,0,NA,NA,0,0,0,0,0,0,NA,0,0,NA,0,NA,0,0,NA,0,0,0,NA,NA,NA,NA,NA,NA,NA,NA,NA,NA,NA,NA,NA,NA,NA,NA,NA,NA,NA,NA
"37",1,1,1,0,NA,0,NA,0,0,NA,NA,0,NA,0,NA,NA,0,0,0,0,0,NA,0,NA,0,NA,0,0,NA,0,0,NA,0,NA,0,0,NA,NA,NA,NA,0,0,0,0,0,NA,0,NA,NA,0,NA,0,0,0,0,0,0,0,0,0,NA,0,NA,NA,0,0,0,NA,NA,NA,NA,NA,NA,NA,NA,NA,NA,NA,NA,NA,NA,NA,NA,NA,NA,NA,NA
"38",1,1,1,1,NA,1,1,0,0,NA,NA,0,NA,0,NA,NA,0,0,0,0,0,NA,0,NA,0,NA,0,0,NA,0,0,NA,0,NA,0,0,NA,NA,NA,NA,0,0,0,NA,0,NA,0,NA,NA,0,NA,NA,0,0,0,0,NA,0,0,0,0,0,0,NA,0,0,0,NA,NA,NA,NA,NA,NA,NA,NA,NA,NA,NA,NA,NA,NA,NA,NA,NA,NA,NA,NA
"39",1,1,1,0,NA,1,NA,0,0,NA,NA,0,NA,0,NA,NA,0,0,0,0,0,NA,0,NA,0,NA,0,0,NA,0,0,NA,0,NA,0,0,NA,NA,NA,NA,0,0,0,0,0,NA,0,NA,NA,0,NA,0,0,0,0,0,NA,0,0,0,NA,0,NA,NA,0,0,0,NA,NA,NA,NA,NA,NA,NA,NA,NA,NA,NA,NA,NA,NA,NA,NA,NA,NA,NA,NA
"40",1,1,1,1,NA,0,1,0,0,NA,NA,0,NA,0,NA,NA,0,0,0,0,0,NA,0,NA,0,NA,0,0,NA,0,0,NA,0,NA,0,0,NA,NA,NA,NA,0,0,0,NA,0,NA,0,NA,NA,0,NA,NA,0,0,0,0,0,0,0,0,NA,0,0,NA,0,0,0,NA,NA,NA,NA,NA,NA,NA,NA,NA,NA,NA,NA,NA,NA,NA,NA,NA,NA,NA,NA
"41",1,1,1,1,NA,1,1,0,0,NA,NA,0,NA,0,NA,NA,0,0,0,0,0,NA,0,NA,0,NA,0,0,NA,0,0,NA,0,NA,0,0,NA,NA,NA,NA,0,0,0,0,0,NA,0,NA,NA,0,NA,0,0,0,0,0,NA,0,0,NA,NA,0,0,NA,0,0,0,NA,NA,NA,NA,NA,NA,NA,NA,NA,NA,NA,NA,NA,NA,NA,NA,NA,NA,NA,NA
"42",1,1,1,1,NA,1,1,0,0,NA,NA,0,NA,0,NA,NA,0,0,0,0,0,NA,0,NA,0,NA,0,0,NA,0,0,NA,0,NA,0,0,NA,NA,NA,NA,0,0,0,NA,0,NA,0,NA,NA,0,NA,NA,0,0,0,0,NA,0,0,0,NA,0,0,NA,0,0,0,NA,NA,NA,NA,NA,NA,NA,NA,NA,NA,NA,NA,NA,NA,NA,NA,NA,NA,NA,NA
"43",1,1,1,1,NA,0,0,0,0,NA,NA,0,NA,0,NA,NA,0,0,0,0,0,NA,0,NA,0,NA,0,0,NA,0,0,NA,0,NA,0,0,NA,NA,NA,NA,0,0,0,0,0,NA,0,NA,NA,0,NA,0,0,0,0,0,0,0,0,NA,0,0,NA,NA,0,0,0,NA,NA,NA,NA,NA,NA,NA,NA,NA,NA,NA,NA,NA,NA,NA,NA,NA,NA,NA,NA
"44",1,1,1,1,1,NA,1,0,0,NA,NA,0,NA,0,NA,0,0,0,NA,0,0,NA,0,NA,0,0,0,0,0,0,0,NA,0,0,0,0,NA,NA,NA,NA,0,0,0,NA,0,0,0,0,NA,0,0,NA,0,0,0,NA,0,0,NA,0,0,0,0,NA,0,0,0,NA,NA,NA,NA,NA,NA,NA,NA,NA,NA,NA,NA,NA,NA,NA,NA,NA,NA,NA,NA
"45",1,1,1,1,NA,1,0,0,0,NA,NA,0,NA,0,NA,NA,0,0,0,0,0,NA,0,NA,0,NA,0,0,NA,0,0,NA,0,NA,0,0,NA,NA,NA,NA,0,0,0,0,0,NA,0,NA,NA,0,NA,0,0,0,0,0,NA,0,0,NA,0,0,NA,NA,0,0,0,NA,NA,NA,NA,NA,NA,NA,NA,NA,NA,NA,NA,NA,NA,NA,NA,NA,NA,NA,NA
"46",1,1,1,1,1,NA,1,0,0,NA,NA,0,NA,0,NA,0,0,0,NA,0,0,NA,0,NA,0,0,0,0,0,0,0,NA,0,0,0,0,NA,NA,NA,NA,0,0,0,0,0,0,0,0,NA,0,0,0,0,0,0,NA,0,0,NA,NA,NA,0,0,NA,0,0,0,NA,NA,NA,NA,NA,NA,NA,NA,NA,NA,NA,NA,NA,NA,NA,NA,NA,NA,NA,NA
"47",1,1,1,1,NA,0,0,0,0,NA,NA,0,NA,0,NA,NA,0,0,0,0,0,NA,0,NA,0,NA,0,0,NA,0,0,NA,0,NA,0,0,NA,NA,NA,NA,0,0,0,NA,0,NA,0,NA,NA,0,NA,0,0,0,0,0,0,0,0,0,0,0,NA,NA,0,0,0,NA,NA,NA,NA,NA,NA,NA,NA,NA,NA,NA,NA,NA,NA,NA,NA,NA,NA,NA,NA
"48",1,1,1,1,1,NA,0,0,0,NA,NA,0,NA,0,NA,0,0,0,NA,0,0,NA,0,NA,0,0,0,0,0,0,0,NA,0,0,0,0,NA,NA,NA,NA,0,0,0,0,0,0,0,0,NA,0,0,0,0,0,0,NA,0,0,NA,0,NA,0,NA,NA,0,0,0,NA,NA,NA,NA,NA,NA,NA,NA,NA,NA,NA,NA,NA,NA,NA,NA,NA,NA,NA,NA
"49",1,1,1,1,NA,0,1,0,0,NA,NA,0,NA,0,NA,NA,0,0,0,0,0,NA,0,NA,0,NA,0,0,NA,0,0,NA,0,NA,0,0,NA,NA,NA,NA,0,0,0,NA,0,NA,0,NA,NA,0,NA,0,0,0,0,0,0,0,0,NA,0,0,0,NA,0,0,0,NA,NA,NA,NA,NA,NA,NA,NA,NA,NA,NA,NA,NA,NA,NA,NA,NA,NA,NA,NA
"50",1,1,1,1,1,NA,1,0,0,NA,NA,0,NA,0,NA,0,0,0,NA,0,0,NA,0,NA,0,0,0,0,0,0,0,NA,0,0,0,0,NA,NA,NA,NA,0,0,0,NA,0,0,0,0,NA,0,0,NA,0,0,0,NA,0,0,NA,0,NA,0,0,NA,0,0,0,NA,NA,NA,NA,NA,NA,NA,NA,NA,NA,NA,NA,NA,NA,NA,NA,NA,NA,NA,NA
"51",1,1,1,1,NA,0,0,0,0,NA,NA,0,NA,0,NA,NA,0,0,0,0,0,NA,0,NA,0,NA,0,0,NA,0,0,NA,0,NA,0,0,NA,NA,NA,NA,0,0,0,0,0,NA,0,NA,NA,0,NA,0,0,0,0,0,0,0,0,NA,NA,0,NA,NA,0,0,0,NA,NA,NA,NA,NA,NA,NA,NA,NA,NA,NA,NA,NA,NA,NA,NA,NA,NA,NA,NA
"52",1,1,1,1,0,NA,1,0,0,NA,NA,0,NA,0,NA,0,0,0,NA,0,0,NA,0,NA,0,0,0,0,0,0,0,NA,0,0,0,0,NA,NA,NA,NA,0,0,0,NA,0,0,0,NA,NA,0,0,NA,0,0,0,NA,0,0,NA,0,0,0,0,NA,0,0,0,NA,NA,NA,NA,NA,NA,NA,NA,NA,NA,NA,NA,NA,NA,NA,NA,NA,NA,NA,NA
"53",1,1,1,1,NA,1,0,0,0,NA,NA,0,NA,0,NA,NA,0,0,0,0,0,NA,0,NA,0,NA,0,0,NA,0,0,NA,0,NA,0,0,NA,NA,NA,NA,0,0,0,0,0,NA,0,NA,NA,0,NA,0,0,0,0,0,NA,0,0,NA,NA,0,NA,NA,0,0,0,NA,NA,NA,NA,NA,NA,NA,NA,NA,NA,NA,NA,NA,NA,NA,NA,NA,NA,NA,NA
"54",1,1,1,1,0,NA,0,0,0,NA,NA,0,NA,0,NA,0,0,0,NA,0,0,NA,0,NA,0,0,0,0,0,0,0,NA,0,0,0,0,NA,NA,NA,NA,0,0,0,0,0,0,0,NA,NA,0,0,0,0,0,0,NA,0,0,NA,0,0,0,NA,NA,0,0,0,NA,NA,NA,NA,NA,NA,NA,NA,NA,NA,NA,NA,NA,NA,NA,NA,NA,NA,NA,NA
"55",1,1,1,1,NA,1,1,0,0,NA,NA,0,NA,0,NA,NA,0,0,0,0,0,NA,0,NA,0,NA,0,0,NA,0,0,NA,0,NA,0,0,NA,NA,NA,NA,0,0,0,NA,0,NA,0,NA,NA,0,NA,0,0,0,0,0,NA,0,0,NA,0,0,0,NA,0,0,0,NA,NA,NA,NA,NA,NA,NA,NA,NA,NA,NA,NA,NA,NA,NA,NA,NA,NA,NA,NA
"56",1,1,1,1,0,NA,1,0,0,NA,NA,0,NA,0,NA,0,0,0,NA,0,0,NA,0,NA,0,0,0,0,0,0,0,NA,0,0,0,0,NA,NA,NA,NA,0,0,0,NA,0,0,0,NA,NA,0,0,NA,0,0,0,NA,0,0,NA,0,NA,0,0,NA,0,0,0,NA,NA,NA,NA,NA,NA,NA,NA,NA,NA,NA,NA,NA,NA,NA,NA,NA,NA,NA,NA
"57",1,1,1,0,NA,0,NA,0,0,NA,NA,0,NA,0,NA,NA,0,0,0,0,0,NA,0,NA,0,NA,0,0,NA,0,0,NA,0,NA,0,0,NA,NA,NA,NA,0,0,0,0,0,NA,0,NA,NA,0,NA,0,0,0,0,0,0,0,0,NA,0,0,NA,NA,0,0,0,NA,NA,NA,NA,NA,NA,NA,NA,NA,NA,NA,NA,NA,NA,NA,NA,NA,NA,NA,NA
"58",1,1,1,1,NA,0,1,0,0,NA,NA,0,NA,0,NA,NA,0,0,0,0,0,NA,0,NA,0,NA,0,0,NA,0,0,NA,0,NA,0,0,NA,NA,NA,NA,0,0,0,NA,0,NA,0,NA,NA,0,NA,0,0,0,0,0,0,0,0,NA,NA,0,0,NA,0,0,0,NA,NA,NA,NA,NA,NA,NA,NA,NA,NA,NA,NA,NA,NA,NA,NA,NA,NA,NA,NA
"59",1,1,1,0,NA,1,NA,0,0,NA,NA,0,NA,0,NA,NA,0,0,0,0,0,NA,0,NA,0,NA,0,0,NA,0,0,NA,0,NA,0,0,NA,NA,NA,NA,0,0,0,0,0,NA,0,NA,NA,0,NA,0,0,0,0,0,NA,0,0,NA,0,0,NA,NA,0,0,0,NA,NA,NA,NA,NA,NA,NA,NA,NA,NA,NA,NA,NA,NA,NA,NA,NA,NA,NA,NA
"60",1,1,1,1,NA,1,0,0,0,NA,NA,0,NA,0,NA,NA,0,0,0,0,0,NA,0,NA,0,NA,0,0,NA,0,0,NA,0,NA,0,0,NA,NA,NA,NA,0,0,0,NA,0,NA,0,NA,NA,0,NA,0,0,0,0,0,NA,0,0,0,0,0,NA,NA,0,0,0,NA,NA,NA,NA,NA,NA,NA,NA,NA,NA,NA,NA,NA,NA,NA,NA,NA,NA,NA,NA
"61",1,1,1,0,NA,0,NA,0,0,NA,NA,0,NA,0,NA,NA,0,0,0,0,0,NA,0,NA,0,NA,0,0,NA,0,0,NA,0,NA,0,0,NA,NA,NA,NA,0,0,0,0,0,NA,0,NA,NA,0,NA,0,0,0,0,0,0,0,0,NA,NA,0,NA,NA,0,0,0,NA,NA,NA,NA,NA,NA,NA,NA,NA,NA,NA,NA,NA,NA,NA,NA,NA,NA,NA,NA
"62",1,1,1,1,NA,0,0,0,0,NA,NA,0,NA,0,NA,NA,0,0,0,0,0,NA,0,NA,0,NA,0,0,NA,0,0,NA,0,NA,0,0,NA,NA,NA,NA,0,0,0,NA,0,NA,0,NA,NA,0,NA,0,0,0,0,0,0,0,0,0,NA,0,NA,NA,0,0,0,NA,NA,NA,NA,NA,NA,NA,NA,NA,NA,NA,NA,NA,NA,NA,NA,NA,NA,NA,NA
"63",1,1,1,0,NA,1,NA,0,0,NA,NA,0,NA,0,NA,NA,0,0,0,0,0,NA,0,NA,0,NA,0,0,NA,0,0,NA,0,NA,0,0,NA,NA,NA,NA,0,0,0,0,0,NA,0,NA,NA,0,NA,0,0,0,0,0,NA,0,0,NA,NA,0,NA,NA,0,0,0,NA,NA,NA,NA,NA,NA,NA,NA,NA,NA,NA,NA,NA,NA,NA,NA,NA,NA,NA,NA
"64",1,1,1,1,NA,1,0,0,0,NA,NA,0,NA,0,NA,NA,0,0,0,0,0,NA,0,NA,0,NA,0,0,NA,0,0,NA,0,NA,0,0,NA,NA,NA,NA,0,0,0,NA,0,NA,0,NA,NA,0,NA,0,0,0,0,0,NA,0,0,0,NA,0,NA,NA,0,0,0,NA,NA,NA,NA,NA,NA,NA,NA,NA,NA,NA,NA,NA,NA,NA,NA,NA,NA,NA,NA
"65",1,1,1,1,NA,0,0,0,0,NA,NA,0,NA,0,NA,NA,0,0,0,0,0,NA,0,NA,0,NA,0,0,NA,0,0,NA,0,NA,0,0,NA,NA,NA,NA,0,0,0,0,0,NA,0,NA,NA,0,NA,NA,0,0,0,0,0,0,0,0,0,0,NA,NA,0,0,0,NA,NA,NA,NA,NA,NA,NA,NA,NA,NA,NA,NA,NA,NA,NA,NA,NA,NA,NA,NA
"66",1,1,1,1,NA,1,1,0,0,NA,NA,0,NA,0,NA,NA,0,0,0,0,0,NA,0,NA,0,NA,0,0,NA,0,0,NA,0,NA,0,0,NA,NA,NA,NA,0,0,0,NA,0,NA,0,NA,NA,0,NA,0,0,0,0,0,NA,0,0,NA,NA,0,0,NA,0,0,0,NA,NA,NA,NA,NA,NA,NA,NA,NA,NA,NA,NA,NA,NA,NA,NA,NA,NA,NA,NA
"67",1,1,1,1,NA,1,0,0,0,NA,NA,0,NA,0,NA,NA,0,0,0,0,0,NA,0,NA,0,NA,0,0,NA,0,0,NA,0,NA,0,0,NA,NA,NA,NA,0,0,0,0,0,NA,0,NA,NA,0,NA,NA,0,0,0,0,NA,0,0,0,0,0,NA,NA,0,0,0,NA,NA,NA,NA,NA,NA,NA,NA,NA,NA,NA,NA,NA,NA,NA,NA,NA,NA,NA,NA
"68",1,1,1,1,0,NA,1,0,0,NA,NA,0,NA,0,NA,0,0,0,NA,0,0,NA,0,NA,0,0,0,0,0,0,0,NA,0,0,0,0,NA,NA,NA,NA,0,0,0,0,0,0,0,NA,NA,0,0,0,0,0,0,NA,0,0,NA,NA,0,0,0,NA,0,0,0,NA,NA,NA,NA,NA,NA,NA,NA,NA,NA,NA,NA,NA,NA,NA,NA,NA,NA,NA,NA
"69",1,1,1,1,NA,0,0,0,0,NA,NA,0,NA,0,NA,NA,0,0,0,0,0,NA,0,NA,0,NA,0,0,NA,0,0,NA,0,NA,0,0,NA,NA,NA,NA,0,0,0,0,0,NA,0,NA,NA,0,NA,NA,0,0,0,0,0,0,0,0,NA,0,NA,NA,0,0,0,NA,NA,NA,NA,NA,NA,NA,NA,NA,NA,NA,NA,NA,NA,NA,NA,NA,NA,NA,NA
"70",1,1,1,1,0,NA,1,0,0,NA,NA,0,NA,0,NA,0,0,0,NA,0,0,NA,0,NA,0,0,0,0,0,0,0,NA,0,0,0,0,NA,NA,NA,NA,0,0,0,0,0,0,0,NA,NA,0,0,0,0,0,0,NA,0,0,NA,NA,NA,0,0,NA,0,0,0,NA,NA,NA,NA,NA,NA,NA,NA,NA,NA,NA,NA,NA,NA,NA,NA,NA,NA,NA,NA
"71",1,1,1,1,NA,1,0,0,0,NA,NA,0,NA,0,NA,NA,0,0,0,0,0,NA,0,NA,0,NA,0,0,NA,0,0,NA,0,NA,0,0,NA,NA,NA,NA,0,0,0,0,0,NA,0,NA,NA,0,NA,NA,0,0,0,0,NA,0,0,0,NA,0,NA,NA,0,0,0,NA,NA,NA,NA,NA,NA,NA,NA,NA,NA,NA,NA,NA,NA,NA,NA,NA,NA,NA,NA
"72",1,1,1,1,1,NA,1,0,0,NA,NA,0,NA,0,NA,0,0,0,NA,0,0,NA,0,NA,0,0,0,0,0,0,0,NA,0,0,0,0,NA,NA,NA,NA,0,0,0,NA,0,0,0,0,NA,0,0,0,0,0,0,NA,0,0,NA,NA,0,0,0,NA,0,0,0,NA,NA,NA,NA,NA,NA,NA,NA,NA,NA,NA,NA,NA,NA,NA,NA,NA,NA,NA,NA
"73",1,1,1,0,NA,0,NA,0,0,NA,NA,0,NA,0,NA,NA,0,0,0,0,0,NA,0,NA,0,NA,0,0,NA,0,0,NA,0,NA,0,0,NA,NA,NA,NA,0,0,0,0,0,NA,0,NA,NA,0,NA,NA,0,0,0,0,0,0,0,0,0,0,NA,NA,0,0,0,NA,NA,NA,NA,NA,NA,NA,NA,NA,NA,NA,NA,NA,NA,NA,NA,NA,NA,NA,NA
"74",1,1,1,1,1,NA,1,0,0,NA,NA,0,NA,0,NA,0,0,0,NA,0,0,NA,0,NA,0,0,0,0,0,0,0,NA,0,0,0,0,NA,NA,NA,NA,0,0,0,NA,0,0,0,0,NA,0,0,0,0,0,0,NA,0,0,NA,NA,NA,0,0,NA,0,0,0,NA,NA,NA,NA,NA,NA,NA,NA,NA,NA,NA,NA,NA,NA,NA,NA,NA,NA,NA,NA
"75",1,1,1,0,NA,1,NA,0,0,NA,NA,0,NA,0,NA,NA,0,0,0,0,0,NA,0,NA,0,NA,0,0,NA,0,0,NA,0,NA,0,0,NA,NA,NA,NA,0,0,0,0,0,NA,0,NA,NA,0,NA,NA,0,0,0,0,NA,0,0,0,0,0,NA,NA,0,0,0,NA,NA,NA,NA,NA,NA,NA,NA,NA,NA,NA,NA,NA,NA,NA,NA,NA,NA,NA,NA
"76",1,1,1,1,0,NA,1,0,0,NA,NA,0,NA,0,NA,0,0,0,NA,0,0,NA,0,NA,0,0,0,0,0,0,0,NA,0,0,0,0,NA,NA,NA,NA,0,0,0,NA,0,0,0,NA,NA,0,0,0,0,0,0,NA,0,0,NA,NA,0,0,0,NA,0,0,0,NA,NA,NA,NA,NA,NA,NA,NA,NA,NA,NA,NA,NA,NA,NA,NA,NA,NA,NA,NA
"77",1,1,1,0,NA,0,NA,0,0,NA,NA,0,NA,0,NA,NA,0,0,0,0,0,NA,0,NA,0,NA,0,0,NA,0,0,NA,0,NA,0,0,NA,NA,NA,NA,0,0,0,0,0,NA,0,NA,NA,0,NA,NA,0,0,0,0,0,0,0,0,NA,0,NA,NA,0,0,0,NA,NA,NA,NA,NA,NA,NA,NA,NA,NA,NA,NA,NA,NA,NA,NA,NA,NA,NA,NA
"78",1,1,1,1,0,NA,1,0,0,NA,NA,0,NA,0,NA,0,0,0,NA,0,0,NA,0,NA,0,0,0,0,0,0,0,NA,0,0,0,0,NA,NA,NA,NA,0,0,0,NA,0,0,0,NA,NA,0,0,0,0,0,0,NA,0,0,NA,NA,NA,0,0,NA,0,0,0,NA,NA,NA,NA,NA,NA,NA,NA,NA,NA,NA,NA,NA,NA,NA,NA,NA,NA,NA,NA
"79",1,1,1,0,NA,1,NA,0,0,NA,NA,0,NA,0,NA,NA,0,0,0,0,0,NA,0,NA,0,NA,0,0,NA,0,0,NA,0,NA,0,0,NA,NA,NA,NA,0,0,0,0,0,NA,0,NA,NA,0,NA,NA,0,0,0,0,NA,0,0,0,NA,0,NA,NA,0,0,0,NA,NA,NA,NA,NA,NA,NA,NA,NA,NA,NA,NA,NA,NA,NA,NA,NA,NA,NA,NA
"80",1,1,1,1,NA,0,1,0,0,NA,NA,0,NA,0,NA,NA,0,0,0,0,0,NA,0,NA,0,NA,0,0,NA,0,0,NA,0,NA,0,0,NA,NA,NA,NA,0,0,0,0,0,NA,0,NA,NA,0,NA,NA,0,0,0,0,0,0,0,NA,0,0,0,NA,0,0,0,NA,NA,NA,NA,NA,NA,NA,NA,NA,NA,NA,NA,NA,NA,NA,NA,NA,NA,NA,NA
"81",1,1,1,1,NA,1,1,0,0,NA,NA,0,NA,0,NA,NA,0,0,0,0,0,NA,0,NA,0,NA,0,0,NA,0,0,NA,0,NA,0,0,NA,NA,NA,NA,0,0,0,0,0,NA,0,NA,NA,0,NA,NA,0,0,0,0,NA,0,0,NA,0,0,0,NA,0,0,0,NA,NA,NA,NA,NA,NA,NA,NA,NA,NA,NA,NA,NA,NA,NA,NA,NA,NA,NA,NA
"82",1,1,1,1,0,NA,0,0,0,NA,NA,0,NA,0,NA,0,0,0,NA,0,0,NA,0,NA,0,0,0,0,0,0,0,NA,0,0,0,0,NA,NA,NA,NA,0,0,0,0,0,0,0,NA,NA,0,0,0,0,0,0,NA,0,0,NA,0,NA,0,NA,NA,0,0,0,NA,NA,NA,NA,NA,NA,NA,NA,NA,NA,NA,NA,NA,NA,NA,NA,NA,NA,NA,NA
"83",1,1,1,1,NA,0,1,0,0,NA,NA,0,NA,0,NA,NA,0,0,0,0,0,NA,0,NA,0,NA,0,0,NA,0,0,NA,0,NA,0,0,NA,NA,NA,NA,0,0,0,0,0,NA,0,NA,NA,0,NA,NA,0,0,0,0,0,0,0,NA,NA,0,0,NA,0,0,0,NA,NA,NA,NA,NA,NA,NA,NA,NA,NA,NA,NA,NA,NA,NA,NA,NA,NA,NA,NA
"84",1,1,1,1,NA,1,1,0,0,NA,NA,0,NA,0,NA,NA,0,0,0,0,0,NA,0,NA,0,NA,0,0,NA,0,0,NA,0,NA,0,0,NA,NA,NA,NA,0,0,0,0,0,NA,0,NA,NA,0,NA,NA,0,0,0,0,NA,0,0,NA,NA,0,0,NA,0,0,0,NA,NA,NA,NA,NA,NA,NA,NA,NA,NA,NA,NA,NA,NA,NA,NA,NA,NA,NA,NA
"85",1,1,1,1,NA,0,0,0,0,NA,NA,0,NA,0,NA,NA,0,0,0,0,0,NA,0,NA,0,NA,0,0,NA,0,0,NA,0,NA,0,0,NA,NA,NA,NA,0,0,0,0,0,NA,0,NA,NA,0,NA,NA,0,0,0,0,0,0,0,NA,0,0,NA,NA,0,0,0,NA,NA,NA,NA,NA,NA,NA,NA,NA,NA,NA,NA,NA,NA,NA,NA,NA,NA,NA,NA
"86",1,1,1,1,NA,0,1,0,0,NA,NA,0,NA,0,NA,NA,0,0,0,0,0,NA,0,NA,0,NA,0,0,NA,0,0,NA,0,NA,0,0,NA,NA,NA,NA,0,0,0,NA,0,NA,0,NA,NA,0,NA,NA,0,0,0,0,0,0,0,NA,0,0,0,NA,0,0,0,NA,NA,NA,NA,NA,NA,NA,NA,NA,NA,NA,NA,NA,NA,NA,NA,NA,NA,NA,NA
"87",1,1,1,1,NA,1,0,0,0,NA,NA,0,NA,0,NA,NA,0,0,0,0,0,NA,0,NA,0,NA,0,0,NA,0,0,NA,0,NA,0,0,NA,NA,NA,NA,0,0,0,0,0,NA,0,NA,NA,0,NA,NA,0,0,0,0,NA,0,0,NA,0,0,NA,NA,0,0,0,NA,NA,NA,NA,NA,NA,NA,NA,NA,NA,NA,NA,NA,NA,NA,NA,NA,NA,NA,NA
"88",1,1,1,1,NA,1,1,0,0,NA,NA,0,NA,0,NA,NA,0,0,0,0,0,NA,0,NA,0,NA,0,0,NA,0,0,NA,0,NA,0,0,NA,NA,NA,NA,0,0,0,NA,0,NA,0,NA,NA,0,NA,NA,0,0,0,0,NA,0,0,NA,0,0,0,NA,0,0,0,NA,NA,NA,NA,NA,NA,NA,NA,NA,NA,NA,NA,NA,NA,NA,NA,NA,NA,NA,NA
"89",1,1,1,1,NA,0,0,0,0,NA,NA,0,NA,0,NA,NA,0,0,0,0,0,NA,0,NA,0,NA,0,0,NA,0,0,NA,0,NA,0,0,NA,NA,NA,NA,0,0,0,0,0,NA,0,NA,NA,0,NA,NA,0,0,0,0,0,0,0,NA,NA,0,NA,NA,0,0,0,NA,NA,NA,NA,NA,NA,NA,NA,NA,NA,NA,NA,NA,NA,NA,NA,NA,NA,NA,NA
"90",1,1,1,1,NA,0,1,0,0,NA,NA,0,NA,0,NA,NA,0,0,0,0,0,NA,0,NA,0,NA,0,0,NA,0,0,NA,0,NA,0,0,NA,NA,NA,NA,0,0,0,NA,0,NA,0,NA,NA,0,NA,NA,0,0,0,0,0,0,0,NA,NA,0,0,NA,0,0,0,NA,NA,NA,NA,NA,NA,NA,NA,NA,NA,NA,NA,NA,NA,NA,NA,NA,NA,NA,NA
"91",1,1,1,1,NA,1,0,0,0,NA,NA,0,NA,0,NA,NA,0,0,0,0,0,NA,0,NA,0,NA,0,0,NA,0,0,NA,0,NA,0,0,NA,NA,NA,NA,0,0,0,0,0,NA,0,NA,NA,0,NA,NA,0,0,0,0,NA,0,0,NA,NA,0,NA,NA,0,0,0,NA,NA,NA,NA,NA,NA,NA,NA,NA,NA,NA,NA,NA,NA,NA,NA,NA,NA,NA,NA
"92",1,1,1,1,NA,1,1,0,0,NA,NA,0,NA,0,NA,NA,0,0,0,0,0,NA,0,NA,0,NA,0,0,NA,0,0,NA,0,NA,0,0,NA,NA,NA,NA,0,0,0,NA,0,NA,0,NA,NA,0,NA,NA,0,0,0,0,NA,0,0,NA,NA,0,0,NA,0,0,0,NA,NA,NA,NA,NA,NA,NA,NA,NA,NA,NA,NA,NA,NA,NA,NA,NA,NA,NA,NA
"93",1,1,1,0,NA,0,NA,0,0,NA,NA,0,NA,0,NA,NA,0,0,0,0,0,NA,0,NA,0,NA,0,0,NA,0,0,NA,0,NA,0,0,NA,NA,NA,NA,0,0,0,0,0,NA,0,NA,NA,0,NA,NA,0,0,0,0,0,0,0,NA,0,0,NA,NA,0,0,0,NA,NA,NA,NA,NA,NA,NA,NA,NA,NA,NA,NA,NA,NA,NA,NA,NA,NA,NA,NA
"94",1,1,1,1,1,NA,1,0,0,NA,NA,0,NA,0,NA,0,0,0,NA,0,0,NA,0,NA,0,0,0,0,0,0,0,NA,0,0,0,0,NA,NA,NA,NA,0,0,0,0,0,0,0,0,NA,0,0,NA,0,0,0,NA,0,0,NA,NA,0,0,0,NA,0,0,0,NA,NA,NA,NA,NA,NA,NA,NA,NA,NA,NA,NA,NA,NA,NA,NA,NA,NA,NA,NA
"95",1,1,1,0,NA,1,NA,0,0,NA,NA,0,NA,0,NA,NA,0,0,0,0,0,NA,0,NA,0,NA,0,0,NA,0,0,NA,0,NA,0,0,NA,NA,NA,NA,0,0,0,0,0,NA,0,NA,NA,0,NA,NA,0,0,0,0,NA,0,0,NA,0,0,NA,NA,0,0,0,NA,NA,NA,NA,NA,NA,NA,NA,NA,NA,NA,NA,NA,NA,NA,NA,NA,NA,NA,NA
"96",1,1,1,1,1,NA,1,0,0,NA,NA,0,NA,0,NA,0,0,0,NA,0,0,NA,0,NA,0,0,0,0,0,0,0,NA,0,0,0,0,NA,NA,NA,NA,0,0,0,0,0,0,0,0,NA,0,0,NA,0,0,0,NA,0,0,NA,NA,NA,0,0,NA,0,0,0,NA,NA,NA,NA,NA,NA,NA,NA,NA,NA,NA,NA,NA,NA,NA,NA,NA,NA,NA,NA
"97",1,1,1,0,NA,0,NA,0,0,NA,NA,0,NA,0,NA,NA,0,0,0,0,0,NA,0,NA,0,NA,0,0,NA,0,0,NA,0,NA,0,0,NA,NA,NA,NA,0,0,0,0,0,NA,0,NA,NA,0,NA,NA,0,0,0,0,0,0,0,NA,NA,0,NA,NA,0,0,0,NA,NA,NA,NA,NA,NA,NA,NA,NA,NA,NA,NA,NA,NA,NA,NA,NA,NA,NA,NA
"98",1,1,1,1,0,NA,1,0,0,NA,NA,0,NA,0,NA,0,0,0,NA,0,0,NA,0,NA,0,0,0,0,0,0,0,NA,0,0,0,0,NA,NA,NA,NA,0,0,0,0,0,0,0,NA,NA,0,0,NA,0,0,0,NA,0,0,NA,NA,0,0,0,NA,0,0,0,NA,NA,NA,NA,NA,NA,NA,NA,NA,NA,NA,NA,NA,NA,NA,NA,NA,NA,NA,NA
"99",1,1,1,0,NA,1,NA,0,0,NA,NA,0,NA,0,NA,NA,0,0,0,0,0,NA,0,NA,0,NA,0,0,NA,0,0,NA,0,NA,0,0,NA,NA,NA,NA,0,0,0,0,0,NA,0,NA,NA,0,NA,NA,0,0,0,0,NA,0,0,NA,NA,0,NA,NA,0,0,0,NA,NA,NA,NA,NA,NA,NA,NA,NA,NA,NA,NA,NA,NA,NA,NA,NA,NA,NA,NA
"100",1,1,1,1,0,NA,1,0,0,NA,NA,0,NA,0,NA,0,0,0,NA,0,0,NA,0,NA,0,0,0,0,0,0,0,NA,0,0,0,0,NA,NA,NA,NA,0,0,0,0,0,0,0,NA,NA,0,0,NA,0,0,0,NA,0,0,NA,NA,NA,0,0,NA,0,0,0,NA,NA,NA,NA,NA,NA,NA,NA,NA,NA,NA,NA,NA,NA,NA,NA,NA,NA,NA,NA
"101",1,1,1,1,1,NA,0,0,0,NA,NA,0,NA,0,NA,0,0,0,NA,0,0,NA,0,NA,0,0,0,0,0,0,0,NA,0,0,0,0,NA,NA,NA,NA,0,0,0,0,0,0,0,0,NA,0,0,0,0,0,0,NA,0,0,NA,NA,0,0,NA,NA,0,0,0,NA,NA,NA,NA,NA,NA,NA,NA,NA,NA,NA,NA,NA,NA,NA,NA,NA,NA,NA,NA
"102",1,1,1,1,1,NA,1,0,0,NA,NA,0,NA,0,NA,0,0,0,NA,0,0,NA,0,NA,0,0,0,0,0,0,0,NA,0,0,0,0,NA,NA,NA,NA,0,0,0,NA,0,0,0,0,NA,0,0,NA,0,0,0,NA,0,0,NA,NA,0,0,0,NA,0,0,0,NA,NA,NA,NA,NA,NA,NA,NA,NA,NA,NA,NA,NA,NA,NA,NA,NA,NA,NA,NA
"103",1,1,1,1,NA,0,0,0,0,NA,NA,0,NA,0,NA,NA,0,0,0,0,0,NA,0,NA,0,NA,0,0,NA,0,0,NA,0,NA,0,0,NA,NA,NA,NA,0,0,0,NA,0,NA,0,NA,NA,0,NA,NA,0,0,0,0,0,0,0,0,0,0,NA,NA,0,0,0,NA,NA,NA,NA,NA,NA,NA,NA,NA,NA,NA,NA,NA,NA,NA,NA,NA,NA,NA,NA
"104",1,1,1,1,1,NA,1,0,0,NA,NA,0,NA,0,NA,0,0,0,NA,0,0,NA,0,NA,0,0,0,0,0,0,0,NA,0,0,0,0,NA,NA,NA,NA,0,0,0,NA,0,0,0,0,NA,0,0,NA,0,0,0,NA,0,0,NA,NA,NA,0,0,NA,0,0,0,NA,NA,NA,NA,NA,NA,NA,NA,NA,NA,NA,NA,NA,NA,NA,NA,NA,NA,NA,NA
"105",1,1,1,1,NA,1,0,0,0,NA,NA,0,NA,0,NA,NA,0,0,0,0,0,NA,0,NA,0,NA,0,0,NA,0,0,NA,0,NA,0,0,NA,NA,NA,NA,0,0,0,NA,0,NA,0,NA,NA,0,NA,NA,0,0,0,0,NA,0,0,0,0,0,NA,NA,0,0,0,NA,NA,NA,NA,NA,NA,NA,NA,NA,NA,NA,NA,NA,NA,NA,NA,NA,NA,NA,NA
"106",1,1,1,1,0,NA,1,0,0,NA,NA,0,NA,0,NA,0,0,0,NA,0,0,NA,0,NA,0,0,0,0,0,0,0,NA,0,0,0,0,NA,NA,NA,NA,0,0,0,NA,0,0,0,NA,NA,0,0,NA,0,0,0,NA,0,0,NA,NA,0,0,0,NA,0,0,0,NA,NA,NA,NA,NA,NA,NA,NA,NA,NA,NA,NA,NA,NA,NA,NA,NA,NA,NA,NA
"107",1,1,1,1,NA,0,0,0,0,NA,NA,0,NA,0,NA,NA,0,0,0,0,0,NA,0,NA,0,NA,0,0,NA,0,0,NA,0,NA,0,0,NA,NA,NA,NA,0,0,0,NA,0,NA,0,NA,NA,0,NA,NA,0,0,0,0,0,0,0,0,NA,0,NA,NA,0,0,0,NA,NA,NA,NA,NA,NA,NA,NA,NA,NA,NA,NA,NA,NA,NA,NA,NA,NA,NA,NA
"108",1,1,1,1,0,NA,1,0,0,NA,NA,0,NA,0,NA,0,0,0,NA,0,0,NA,0,NA,0,0,0,0,0,0,0,NA,0,0,0,0,NA,NA,NA,NA,0,0,0,NA,0,0,0,NA,NA,0,0,NA,0,0,0,NA,0,0,NA,NA,NA,0,0,NA,0,0,0,NA,NA,NA,NA,NA,NA,NA,NA,NA,NA,NA,NA,NA,NA,NA,NA,NA,NA,NA,NA
"109",1,1,1,1,NA,1,0,0,0,NA,NA,0,NA,0,NA,NA,0,0,0,0,0,NA,0,NA,0,NA,0,0,NA,0,0,NA,0,NA,0,0,NA,NA,NA,NA,0,0,0,NA,0,NA,0,NA,NA,0,NA,NA,0,0,0,0,NA,0,0,0,NA,0,NA,NA,0,0,0,NA,NA,NA,NA,NA,NA,NA,NA,NA,NA,NA,NA,NA,NA,NA,NA,NA,NA,NA,NA
"110",1,1,1,1,NA,0,0,0,0,NA,NA,0,NA,0,NA,NA,0,0,0,0,0,NA,0,NA,0,NA,0,0,NA,0,0,NA,0,NA,0,0,NA,NA,NA,NA,0,0,0,NA,0,NA,0,NA,NA,0,NA,0,0,0,0,0,0,0,0,NA,0,0,NA,NA,0,0,0,NA,NA,NA,NA,NA,NA,NA,NA,NA,NA,NA,NA,NA,NA,NA,NA,NA,NA,NA,NA
"111",1,1,1,1,1,NA,0,0,0,NA,NA,0,NA,0,NA,0,0,0,NA,0,0,NA,0,NA,0,0,0,0,0,0,0,NA,0,0,0,0,NA,NA,NA,NA,0,0,0,0,0,0,0,0,NA,0,0,NA,0,0,0,NA,0,0,NA,0,0,0,NA,NA,0,0,0,NA,NA,NA,NA,NA,NA,NA,NA,NA,NA,NA,NA,NA,NA,NA,NA,NA,NA,NA,NA
"112",1,1,1,1,NA,1,0,0,0,NA,NA,0,NA,0,NA,NA,0,0,0,0,0,NA,0,NA,0,NA,0,0,NA,0,0,NA,0,NA,0,0,NA,NA,NA,NA,0,0,0,NA,0,NA,0,NA,NA,0,NA,0,0,0,0,0,NA,0,0,NA,0,0,NA,NA,0,0,0,NA,NA,NA,NA,NA,NA,NA,NA,NA,NA,NA,NA,NA,NA,NA,NA,NA,NA,NA,NA
"113",1,1,1,1,1,NA,0,0,0,NA,NA,0,NA,0,NA,0,0,0,NA,0,0,NA,0,NA,0,0,0,0,0,0,0,NA,0,0,0,0,NA,NA,NA,NA,0,0,0,0,0,0,0,0,NA,0,0,0,0,0,0,NA,0,0,NA,NA,NA,0,NA,NA,0,0,0,NA,NA,NA,NA,NA,NA,NA,NA,NA,NA,NA,NA,NA,NA,NA,NA,NA,NA,NA,NA
"114",1,1,1,1,NA,0,0,0,0,NA,NA,0,NA,0,NA,NA,0,0,0,0,0,NA,0,NA,0,NA,0,0,NA,0,0,NA,0,NA,0,0,NA,NA,NA,NA,0,0,0,NA,0,NA,0,NA,NA,0,NA,0,0,0,0,0,0,0,0,NA,NA,0,NA,NA,0,0,0,NA,NA,NA,NA,NA,NA,NA,NA,NA,NA,NA,NA,NA,NA,NA,NA,NA,NA,NA,NA
"115",1,1,1,1,0,NA,0,0,0,NA,NA,0,NA,0,NA,0,0,0,NA,0,0,NA,0,NA,0,0,0,0,0,0,0,NA,0,0,0,0,NA,NA,NA,NA,0,0,0,0,0,0,0,NA,NA,0,0,0,0,0,0,NA,0,0,NA,NA,0,0,NA,NA,0,0,0,NA,NA,NA,NA,NA,NA,NA,NA,NA,NA,NA,NA,NA,NA,NA,NA,NA,NA,NA,NA
"116",1,1,1,1,NA,1,0,0,0,NA,NA,0,NA,0,NA,NA,0,0,0,0,0,NA,0,NA,0,NA,0,0,NA,0,0,NA,0,NA,0,0,NA,NA,NA,NA,0,0,0,NA,0,NA,0,NA,NA,0,NA,0,0,0,0,0,NA,0,0,NA,NA,0,NA,NA,0,0,0,NA,NA,NA,NA,NA,NA,NA,NA,NA,NA,NA,NA,NA,NA,NA,NA,NA,NA,NA,NA
"117",1,1,1,1,0,NA,0,0,0,NA,NA,0,NA,0,NA,0,0,0,NA,0,0,NA,0,NA,0,0,0,0,0,0,0,NA,0,0,0,0,NA,NA,NA,NA,0,0,0,0,0,0,0,NA,NA,0,0,0,0,0,0,NA,0,0,NA,NA,NA,0,NA,NA,0,0,0,NA,NA,NA,NA,NA,NA,NA,NA,NA,NA,NA,NA,NA,NA,NA,NA,NA,NA,NA,NA
"118",1,1,1,1,NA,0,0,0,0,NA,NA,0,NA,0,NA,NA,0,0,0,0,0,NA,0,NA,0,NA,0,0,NA,0,0,NA,0,NA,0,0,NA,NA,NA,NA,0,0,0,NA,0,NA,0,NA,NA,0,NA,NA,0,0,0,0,0,0,0,NA,0,0,NA,NA,0,0,0,NA,NA,NA,NA,NA,NA,NA,NA,NA,NA,NA,NA,NA,NA,NA,NA,NA,NA,NA,NA
"119",1,1,1,1,1,NA,0,0,0,NA,NA,0,NA,0,NA,0,0,0,NA,0,0,NA,0,NA,0,0,0,0,0,0,0,NA,0,0,0,0,NA,NA,NA,NA,0,0,0,0,0,0,0,0,NA,0,0,NA,0,0,0,NA,0,0,NA,0,NA,0,NA,NA,0,0,0,NA,NA,NA,NA,NA,NA,NA,NA,NA,NA,NA,NA,NA,NA,NA,NA,NA,NA,NA,NA
"120",1,1,1,1,NA,1,0,0,0,NA,NA,0,NA,0,NA,NA,0,0,0,0,0,NA,0,NA,0,NA,0,0,NA,0,0,NA,0,NA,0,0,NA,NA,NA,NA,0,0,0,NA,0,NA,0,NA,NA,0,NA,NA,0,0,0,0,NA,0,0,NA,0,0,NA,NA,0,0,0,NA,NA,NA,NA,NA,NA,NA,NA,NA,NA,NA,NA,NA,NA,NA,NA,NA,NA,NA,NA
"121",1,1,1,1,0,NA,0,0,0,NA,NA,0,NA,0,NA,0,0,0,NA,0,0,NA,0,NA,0,0,0,0,0,0,0,NA,0,0,0,0,NA,NA,NA,NA,0,0,0,0,0,0,0,NA,NA,0,0,NA,0,0,0,NA,0,0,NA,0,0,0,NA,NA,0,0,0,NA,NA,NA,NA,NA,NA,NA,NA,NA,NA,NA,NA,NA,NA,NA,NA,NA,NA,NA,NA
"122",1,1,1,1,NA,0,0,0,0,NA,NA,0,NA,0,NA,NA,0,0,0,0,0,NA,0,NA,0,NA,0,0,NA,0,0,NA,0,NA,0,0,NA,NA,NA,NA,0,0,0,NA,0,NA,0,NA,NA,0,NA,NA,0,0,0,0,0,0,0,NA,NA,0,NA,NA,0,0,0,NA,NA,NA,NA,NA,NA,NA,NA,NA,NA,NA,NA,NA,NA,NA,NA,NA,NA,NA,NA
"123",1,1,1,1,0,NA,0,0,0,NA,NA,0,NA,0,NA,0,0,0,NA,0,0,NA,0,NA,0,0,0,0,0,0,0,NA,0,0,0,0,NA,NA,NA,NA,0,0,0,0,0,0,0,NA,NA,0,0,NA,0,0,0,NA,0,0,NA,0,NA,0,NA,NA,0,0,0,NA,NA,NA,NA,NA,NA,NA,NA,NA,NA,NA,NA,NA,NA,NA,NA,NA,NA,NA,NA
"124",1,1,1,1,NA,1,0,0,0,NA,NA,0,NA,0,NA,NA,0,0,0,0,0,NA,0,NA,0,NA,0,0,NA,0,0,NA,0,NA,0,0,NA,NA,NA,NA,0,0,0,NA,0,NA,0,NA,NA,0,NA,NA,0,0,0,0,NA,0,0,NA,NA,0,NA,NA,0,0,0,NA,NA,NA,NA,NA,NA,NA,NA,NA,NA,NA,NA,NA,NA,NA,NA,NA,NA,NA,NA
"125",1,1,1,1,1,NA,0,0,0,NA,NA,0,NA,0,NA,0,0,0,NA,0,0,NA,0,NA,0,0,0,0,0,0,0,NA,0,0,0,0,NA,NA,NA,NA,0,0,0,0,0,0,0,0,NA,0,0,NA,0,0,0,NA,0,0,NA,NA,0,0,NA,NA,0,0,0,NA,NA,NA,NA,NA,NA,NA,NA,NA,NA,NA,NA,NA,NA,NA,NA,NA,NA,NA,NA
"126",1,1,1,1,1,NA,0,0,0,NA,NA,0,NA,0,NA,0,0,0,NA,0,0,NA,0,NA,0,0,0,0,0,0,0,NA,0,0,0,0,NA,NA,NA,NA,0,0,0,0,0,0,0,0,NA,0,0,NA,0,0,0,NA,0,0,NA,NA,NA,0,NA,NA,0,0,0,NA,NA,NA,NA,NA,NA,NA,NA,NA,NA,NA,NA,NA,NA,NA,NA,NA,NA,NA,NA
"127",1,1,1,1,0,NA,0,0,0,NA,NA,0,NA,0,NA,0,0,0,NA,0,0,NA,0,NA,0,0,0,0,0,0,0,NA,0,0,0,0,NA,NA,NA,NA,0,0,0,0,0,0,0,NA,NA,0,0,NA,0,0,0,NA,0,0,NA,NA,0,0,NA,NA,0,0,0,NA,NA,NA,NA,NA,NA,NA,NA,NA,NA,NA,NA,NA,NA,NA,NA,NA,NA,NA,NA
"128",1,1,1,1,0,NA,0,0,0,NA,NA,0,NA,0,NA,0,0,0,NA,0,0,NA,0,NA,0,0,0,0,0,0,0,NA,0,0,0,0,NA,NA,NA,NA,0,0,0,0,0,0,0,NA,NA,0,0,NA,0,0,0,NA,0,0,NA,NA,NA,0,NA,NA,0,0,0,NA,NA,NA,NA,NA,NA,NA,NA,NA,NA,NA,NA,NA,NA,NA,NA,NA,NA,NA,NA
"129",1,1,1,0,1,NA,NA,0,0,NA,NA,0,NA,0,NA,0,0,0,NA,0,0,NA,0,NA,0,0,0,0,0,0,0,NA,0,0,0,0,NA,NA,NA,NA,0,0,0,0,0,0,0,0,NA,0,0,0,0,0,0,NA,0,0,NA,0,0,0,NA,NA,0,0,0,NA,NA,NA,NA,NA,NA,NA,NA,NA,NA,NA,NA,NA,NA,NA,NA,NA,NA,NA,NA
"130",1,1,1,1,1,NA,0,0,0,NA,NA,0,NA,0,NA,0,0,0,NA,0,0,NA,0,NA,0,0,0,0,0,0,0,NA,0,0,0,0,NA,NA,NA,NA,0,0,0,NA,0,0,0,0,NA,0,0,0,0,0,0,NA,0,0,NA,0,0,0,NA,NA,0,0,0,NA,NA,NA,NA,NA,NA,NA,NA,NA,NA,NA,NA,NA,NA,NA,NA,NA,NA,NA,NA
"131",1,1,1,0,1,NA,NA,0,0,NA,NA,0,NA,0,NA,0,0,0,NA,0,0,NA,0,NA,0,0,0,0,0,0,0,NA,0,0,0,0,NA,NA,NA,NA,0,0,0,0,0,0,0,0,NA,0,0,0,0,0,0,NA,0,0,NA,0,NA,0,NA,NA,0,0,0,NA,NA,NA,NA,NA,NA,NA,NA,NA,NA,NA,NA,NA,NA,NA,NA,NA,NA,NA,NA
"132",1,1,1,1,1,NA,0,0,0,NA,NA,0,NA,0,NA,0,0,0,NA,0,0,NA,0,NA,0,0,0,0,0,0,0,NA,0,0,0,0,NA,NA,NA,NA,0,0,0,NA,0,0,0,0,NA,0,0,0,0,0,0,NA,0,0,NA,0,NA,0,NA,NA,0,0,0,NA,NA,NA,NA,NA,NA,NA,NA,NA,NA,NA,NA,NA,NA,NA,NA,NA,NA,NA,NA
"133",1,1,1,0,0,NA,NA,0,0,NA,NA,0,NA,0,NA,0,0,0,NA,0,0,NA,0,NA,0,0,0,0,0,0,0,NA,0,0,0,0,NA,NA,NA,NA,0,0,0,0,0,0,0,NA,NA,0,0,0,0,0,0,NA,0,0,NA,0,0,0,NA,NA,0,0,0,NA,NA,NA,NA,NA,NA,NA,NA,NA,NA,NA,NA,NA,NA,NA,NA,NA,NA,NA,NA
"134",1,1,1,1,0,NA,0,0,0,NA,NA,0,NA,0,NA,0,0,0,NA,0,0,NA,0,NA,0,0,0,0,0,0,0,NA,0,0,0,0,NA,NA,NA,NA,0,0,0,NA,0,0,0,NA,NA,0,0,0,0,0,0,NA,0,0,NA,0,0,0,NA,NA,0,0,0,NA,NA,NA,NA,NA,NA,NA,NA,NA,NA,NA,NA,NA,NA,NA,NA,NA,NA,NA,NA
"135",1,1,1,0,0,NA,NA,0,0,NA,NA,0,NA,0,NA,0,0,0,NA,0,0,NA,0,NA,0,0,0,0,0,0,0,NA,0,0,0,0,NA,NA,NA,NA,0,0,0,0,0,0,0,NA,NA,0,0,0,0,0,0,NA,0,0,NA,0,NA,0,NA,NA,0,0,0,NA,NA,NA,NA,NA,NA,NA,NA,NA,NA,NA,NA,NA,NA,NA,NA,NA,NA,NA,NA
"136",1,1,1,1,0,NA,0,0,0,NA,NA,0,NA,0,NA,0,0,0,NA,0,0,NA,0,NA,0,0,0,0,0,0,0,NA,0,0,0,0,NA,NA,NA,NA,0,0,0,NA,0,0,0,NA,NA,0,0,0,0,0,0,NA,0,0,NA,0,NA,0,NA,NA,0,0,0,NA,NA,NA,NA,NA,NA,NA,NA,NA,NA,NA,NA,NA,NA,NA,NA,NA,NA,NA,NA
"137",1,1,1,0,1,NA,NA,0,0,NA,NA,0,NA,0,NA,0,0,0,NA,0,0,NA,0,NA,0,0,0,0,0,0,0,NA,0,0,0,0,NA,NA,NA,NA,0,0,0,0,0,0,0,0,NA,0,0,NA,0,0,0,NA,0,0,NA,0,0,0,NA,NA,0,0,0,NA,NA,NA,NA,NA,NA,NA,NA,NA,NA,NA,NA,NA,NA,NA,NA,NA,NA,NA,NA
"138",1,1,1,1,1,NA,0,0,0,NA,NA,0,NA,0,NA,0,0,0,NA,0,0,NA,0,NA,0,0,0,0,0,0,0,NA,0,0,0,0,NA,NA,NA,NA,0,0,0,NA,0,0,0,0,NA,0,0,NA,0,0,0,NA,0,0,NA,0,0,0,NA,NA,0,0,0,NA,NA,NA,NA,NA,NA,NA,NA,NA,NA,NA,NA,NA,NA,NA,NA,NA,NA,NA,NA
"139",1,1,1,0,1,NA,NA,0,0,NA,NA,0,NA,0,NA,0,0,0,NA,0,0,NA,0,NA,0,0,0,0,0,0,0,NA,0,0,0,0,NA,NA,NA,NA,0,0,0,0,0,0,0,0,NA,0,0,NA,0,0,0,NA,0,0,NA,0,NA,0,NA,NA,0,0,0,NA,NA,NA,NA,NA,NA,NA,NA,NA,NA,NA,NA,NA,NA,NA,NA,NA,NA,NA,NA
"140",1,1,1,1,1,NA,0,0,0,NA,NA,0,NA,0,NA,0,0,0,NA,0,0,NA,0,NA,0,0,0,0,0,0,0,NA,0,0,0,0,NA,NA,NA,NA,0,0,0,NA,0,0,0,0,NA,0,0,NA,0,0,0,NA,0,0,NA,0,NA,0,NA,NA,0,0,0,NA,NA,NA,NA,NA,NA,NA,NA,NA,NA,NA,NA,NA,NA,NA,NA,NA,NA,NA,NA
"141",1,1,1,0,0,NA,NA,0,0,NA,NA,0,NA,0,NA,0,0,0,NA,0,0,NA,0,NA,0,0,0,0,0,0,0,NA,0,0,0,0,NA,NA,NA,NA,0,0,0,0,0,0,0,NA,NA,0,0,NA,0,0,0,NA,0,0,NA,0,0,0,NA,NA,0,0,0,NA,NA,NA,NA,NA,NA,NA,NA,NA,NA,NA,NA,NA,NA,NA,NA,NA,NA,NA,NA
"142",1,1,1,1,0,NA,0,0,0,NA,NA,0,NA,0,NA,0,0,0,NA,0,0,NA,0,NA,0,0,0,0,0,0,0,NA,0,0,0,0,NA,NA,NA,NA,0,0,0,NA,0,0,0,NA,NA,0,0,NA,0,0,0,NA,0,0,NA,0,0,0,NA,NA,0,0,0,NA,NA,NA,NA,NA,NA,NA,NA,NA,NA,NA,NA,NA,NA,NA,NA,NA,NA,NA,NA
"143",1,1,1,0,0,NA,NA,0,0,NA,NA,0,NA,0,NA,0,0,0,NA,0,0,NA,0,NA,0,0,0,0,0,0,0,NA,0,0,0,0,NA,NA,NA,NA,0,0,0,0,0,0,0,NA,NA,0,0,NA,0,0,0,NA,0,0,NA,0,NA,0,NA,NA,0,0,0,NA,NA,NA,NA,NA,NA,NA,NA,NA,NA,NA,NA,NA,NA,NA,NA,NA,NA,NA,NA
"144",1,1,1,1,0,NA,0,0,0,NA,NA,0,NA,0,NA,0,0,0,NA,0,0,NA,0,NA,0,0,0,0,0,0,0,NA,0,0,0,0,NA,NA,NA,NA,0,0,0,NA,0,0,0,NA,NA,0,0,NA,0,0,0,NA,0,0,NA,0,NA,0,NA,NA,0,0,0,NA,NA,NA,NA,NA,NA,NA,NA,NA,NA,NA,NA,NA,NA,NA,NA,NA,NA,NA,NA
"145",1,1,1,0,1,NA,NA,0,0,NA,NA,0,NA,0,NA,0,0,0,NA,0,0,NA,0,NA,0,0,0,0,0,0,0,NA,0,0,0,0,NA,NA,NA,NA,0,0,0,0,0,0,0,0,NA,0,0,0,0,0,0,NA,0,0,NA,NA,0,0,NA,NA,0,0,0,NA,NA,NA,NA,NA,NA,NA,NA,NA,NA,NA,NA,NA,NA,NA,NA,NA,NA,NA,NA
"146",1,1,1,1,1,NA,0,0,0,NA,NA,0,NA,0,NA,0,0,0,NA,0,0,NA,0,NA,0,0,0,0,0,0,0,NA,0,0,0,0,NA,NA,NA,NA,0,0,0,NA,0,0,0,0,NA,0,0,0,0,0,0,NA,0,0,NA,NA,0,0,NA,NA,0,0,0,NA,NA,NA,NA,NA,NA,NA,NA,NA,NA,NA,NA,NA,NA,NA,NA,NA,NA,NA,NA
"147",1,1,1,0,1,NA,NA,0,0,NA,NA,0,NA,0,NA,0,0,0,NA,0,0,NA,0,NA,0,0,0,0,0,0,0,NA,0,0,0,0,NA,NA,NA,NA,0,0,0,0,0,0,0,0,NA,0,0,0,0,0,0,NA,0,0,NA,NA,NA,0,NA,NA,0,0,0,NA,NA,NA,NA,NA,NA,NA,NA,NA,NA,NA,NA,NA,NA,NA,NA,NA,NA,NA,NA
"148",1,1,1,1,1,NA,0,0,0,NA,NA,0,NA,0,NA,0,0,0,NA,0,0,NA,0,NA,0,0,0,0,0,0,0,NA,0,0,0,0,NA,NA,NA,NA,0,0,0,NA,0,0,0,0,NA,0,0,0,0,0,0,NA,0,0,NA,NA,NA,0,NA,NA,0,0,0,NA,NA,NA,NA,NA,NA,NA,NA,NA,NA,NA,NA,NA,NA,NA,NA,NA,NA,NA,NA
"149",1,1,1,0,0,NA,NA,0,0,NA,NA,0,NA,0,NA,0,0,0,NA,0,0,NA,0,NA,0,0,0,0,0,0,0,NA,0,0,0,0,NA,NA,NA,NA,0,0,0,0,0,0,0,NA,NA,0,0,0,0,0,0,NA,0,0,NA,NA,0,0,NA,NA,0,0,0,NA,NA,NA,NA,NA,NA,NA,NA,NA,NA,NA,NA,NA,NA,NA,NA,NA,NA,NA,NA
"150",1,1,1,1,0,NA,0,0,0,NA,NA,0,NA,0,NA,0,0,0,NA,0,0,NA,0,NA,0,0,0,0,0,0,0,NA,0,0,0,0,NA,NA,NA,NA,0,0,0,NA,0,0,0,NA,NA,0,0,0,0,0,0,NA,0,0,NA,NA,0,0,NA,NA,0,0,0,NA,NA,NA,NA,NA,NA,NA,NA,NA,NA,NA,NA,NA,NA,NA,NA,NA,NA,NA,NA
"151",1,1,1,0,0,NA,NA,0,0,NA,NA,0,NA,0,NA,0,0,0,NA,0,0,NA,0,NA,0,0,0,0,0,0,0,NA,0,0,0,0,NA,NA,NA,NA,0,0,0,0,0,0,0,NA,NA,0,0,0,0,0,0,NA,0,0,NA,NA,NA,0,NA,NA,0,0,0,NA,NA,NA,NA,NA,NA,NA,NA,NA,NA,NA,NA,NA,NA,NA,NA,NA,NA,NA,NA
"152",1,1,1,1,0,NA,0,0,0,NA,NA,0,NA,0,NA,0,0,0,NA,0,0,NA,0,NA,0,0,0,0,0,0,0,NA,0,0,0,0,NA,NA,NA,NA,0,0,0,NA,0,0,0,NA,NA,0,0,0,0,0,0,NA,0,0,NA,NA,NA,0,NA,NA,0,0,0,NA,NA,NA,NA,NA,NA,NA,NA,NA,NA,NA,NA,NA,NA,NA,NA,NA,NA,NA,NA
"153",1,1,1,0,1,NA,NA,0,0,NA,NA,0,NA,0,NA,0,0,0,NA,0,0,NA,0,NA,0,0,0,0,0,0,0,NA,0,0,0,0,NA,NA,NA,NA,0,0,0,0,0,0,0,0,NA,0,0,NA,0,0,0,NA,0,0,NA,NA,0,0,NA,NA,0,0,0,NA,NA,NA,NA,NA,NA,NA,NA,NA,NA,NA,NA,NA,NA,NA,NA,NA,NA,NA,NA
"154",1,1,1,1,1,NA,0,0,0,NA,NA,0,NA,0,NA,0,0,0,NA,0,0,NA,0,NA,0,0,0,0,0,0,0,NA,0,0,0,0,NA,NA,NA,NA,0,0,0,NA,0,0,0,0,NA,0,0,NA,0,0,0,NA,0,0,NA,NA,0,0,NA,NA,0,0,0,NA,NA,NA,NA,NA,NA,NA,NA,NA,NA,NA,NA,NA,NA,NA,NA,NA,NA,NA,NA
"155",1,1,1,0,1,NA,NA,0,0,NA,NA,0,NA,0,NA,0,0,0,NA,0,0,NA,0,NA,0,0,0,0,0,0,0,NA,0,0,0,0,NA,NA,NA,NA,0,0,0,0,0,0,0,0,NA,0,0,NA,0,0,0,NA,0,0,NA,NA,NA,0,NA,NA,0,0,0,NA,NA,NA,NA,NA,NA,NA,NA,NA,NA,NA,NA,NA,NA,NA,NA,NA,NA,NA,NA
"156",1,1,1,1,1,NA,0,0,0,NA,NA,0,NA,0,NA,0,0,0,NA,0,0,NA,0,NA,0,0,0,0,0,0,0,NA,0,0,0,0,NA,NA,NA,NA,0,0,0,NA,0,0,0,0,NA,0,0,NA,0,0,0,NA,0,0,NA,NA,NA,0,NA,NA,0,0,0,NA,NA,NA,NA,NA,NA,NA,NA,NA,NA,NA,NA,NA,NA,NA,NA,NA,NA,NA,NA
"157",1,1,1,0,0,NA,NA,0,0,NA,NA,0,NA,0,NA,0,0,0,NA,0,0,NA,0,NA,0,0,0,0,0,0,0,NA,0,0,0,0,NA,NA,NA,NA,0,0,0,0,0,0,0,NA,NA,0,0,NA,0,0,0,NA,0,0,NA,NA,0,0,NA,NA,0,0,0,NA,NA,NA,NA,NA,NA,NA,NA,NA,NA,NA,NA,NA,NA,NA,NA,NA,NA,NA,NA
"158",1,1,1,1,0,NA,0,0,0,NA,NA,0,NA,0,NA,0,0,0,NA,0,0,NA,0,NA,0,0,0,0,0,0,0,NA,0,0,0,0,NA,NA,NA,NA,0,0,0,NA,0,0,0,NA,NA,0,0,NA,0,0,0,NA,0,0,NA,NA,0,0,NA,NA,0,0,0,NA,NA,NA,NA,NA,NA,NA,NA,NA,NA,NA,NA,NA,NA,NA,NA,NA,NA,NA,NA
"159",1,1,1,0,0,NA,NA,0,0,NA,NA,0,NA,0,NA,0,0,0,NA,0,0,NA,0,NA,0,0,0,0,0,0,0,NA,0,0,0,0,NA,NA,NA,NA,0,0,0,0,0,0,0,NA,NA,0,0,NA,0,0,0,NA,0,0,NA,NA,NA,0,NA,NA,0,0,0,NA,NA,NA,NA,NA,NA,NA,NA,NA,NA,NA,NA,NA,NA,NA,NA,NA,NA,NA,NA
"160",1,1,1,1,0,NA,0,0,0,NA,NA,0,NA,0,NA,0,0,0,NA,0,0,NA,0,NA,0,0,0,0,0,0,0,NA,0,0,0,0,NA,NA,NA,NA,0,0,0,NA,0,0,0,NA,NA,0,0,NA,0,0,0,NA,0,0,NA,NA,NA,0,NA,NA,0,0,0,NA,NA,NA,NA,NA,NA,NA,NA,NA,NA,NA,NA,NA,NA,NA,NA,NA,NA,NA,NA
"161",1,1,1,0,NA,0,NA,0,0,NA,NA,0,NA,0,NA,NA,0,0,0,0,0,NA,0,NA,0,NA,0,0,NA,0,0,NA,0,NA,0,0,NA,NA,NA,NA,0,0,0,NA,0,NA,0,NA,NA,0,NA,0,0,0,0,0,0,0,0,0,0,0,NA,NA,0,0,0,NA,NA,NA,NA,NA,NA,NA,NA,NA,NA,NA,NA,NA,NA,NA,NA,NA,NA,NA,NA
"162",1,1,1,0,NA,1,NA,0,0,NA,NA,0,NA,0,NA,NA,0,0,0,0,0,NA,0,NA,0,NA,0,0,NA,0,0,NA,0,NA,0,0,NA,NA,NA,NA,0,0,0,NA,0,NA,0,NA,NA,0,NA,0,0,0,0,0,NA,0,0,0,0,0,NA,NA,0,0,0,NA,NA,NA,NA,NA,NA,NA,NA,NA,NA,NA,NA,NA,NA,NA,NA,NA,NA,NA,NA
"163",1,1,1,0,NA,0,NA,0,0,NA,NA,0,NA,0,NA,NA,0,0,0,0,0,NA,0,NA,0,NA,0,0,NA,0,0,NA,0,NA,0,0,NA,NA,NA,NA,0,0,0,NA,0,NA,0,NA,NA,0,NA,0,0,0,0,0,0,0,0,0,NA,0,NA,NA,0,0,0,NA,NA,NA,NA,NA,NA,NA,NA,NA,NA,NA,NA,NA,NA,NA,NA,NA,NA,NA,NA
"164",1,1,1,0,NA,1,NA,0,0,NA,NA,0,NA,0,NA,NA,0,0,0,0,0,NA,0,NA,0,NA,0,0,NA,0,0,NA,0,NA,0,0,NA,NA,NA,NA,0,0,0,NA,0,NA,0,NA,NA,0,NA,0,0,0,0,0,NA,0,0,0,NA,0,NA,NA,0,0,0,NA,NA,NA,NA,NA,NA,NA,NA,NA,NA,NA,NA,NA,NA,NA,NA,NA,NA,NA,NA
"165",1,1,1,0,NA,0,NA,0,0,NA,NA,0,NA,0,NA,NA,0,0,0,0,0,NA,0,NA,0,NA,0,0,NA,0,0,NA,0,NA,0,0,NA,NA,NA,NA,0,0,0,NA,0,NA,0,NA,NA,0,NA,NA,0,0,0,0,0,0,0,0,0,0,NA,NA,0,0,0,NA,NA,NA,NA,NA,NA,NA,NA,NA,NA,NA,NA,NA,NA,NA,NA,NA,NA,NA,NA
"166",1,1,1,0,NA,1,NA,0,0,NA,NA,0,NA,0,NA,NA,0,0,0,0,0,NA,0,NA,0,NA,0,0,NA,0,0,NA,0,NA,0,0,NA,NA,NA,NA,0,0,0,NA,0,NA,0,NA,NA,0,NA,NA,0,0,0,0,NA,0,0,0,0,0,NA,NA,0,0,0,NA,NA,NA,NA,NA,NA,NA,NA,NA,NA,NA,NA,NA,NA,NA,NA,NA,NA,NA,NA
"167",1,1,1,0,NA,0,NA,0,0,NA,NA,0,NA,0,NA,NA,0,0,0,0,0,NA,0,NA,0,NA,0,0,NA,0,0,NA,0,NA,0,0,NA,NA,NA,NA,0,0,0,NA,0,NA,0,NA,NA,0,NA,NA,0,0,0,0,0,0,0,0,NA,0,NA,NA,0,0,0,NA,NA,NA,NA,NA,NA,NA,NA,NA,NA,NA,NA,NA,NA,NA,NA,NA,NA,NA,NA
"168",1,1,1,0,NA,1,NA,0,0,NA,NA,0,NA,0,NA,NA,0,0,0,0,0,NA,0,NA,0,NA,0,0,NA,0,0,NA,0,NA,0,0,NA,NA,NA,NA,0,0,0,NA,0,NA,0,NA,NA,0,NA,NA,0,0,0,0,NA,0,0,0,NA,0,NA,NA,0,0,0,NA,NA,NA,NA,NA,NA,NA,NA,NA,NA,NA,NA,NA,NA,NA,NA,NA,NA,NA,NA
"169",1,1,1,0,NA,0,NA,0,0,NA,NA,0,NA,0,NA,NA,0,0,0,0,0,NA,0,NA,0,NA,0,0,NA,0,0,NA,0,NA,0,0,NA,NA,NA,NA,0,0,0,NA,0,NA,0,NA,NA,0,NA,0,0,0,0,0,0,0,0,NA,0,0,NA,NA,0,0,0,NA,NA,NA,NA,NA,NA,NA,NA,NA,NA,NA,NA,NA,NA,NA,NA,NA,NA,NA,NA
"170",1,1,1,0,NA,1,NA,0,0,NA,NA,0,NA,0,NA,NA,0,0,0,0,0,NA,0,NA,0,NA,0,0,NA,0,0,NA,0,NA,0,0,NA,NA,NA,NA,0,0,0,NA,0,NA,0,NA,NA,0,NA,0,0,0,0,0,NA,0,0,NA,0,0,NA,NA,0,0,0,NA,NA,NA,NA,NA,NA,NA,NA,NA,NA,NA,NA,NA,NA,NA,NA,NA,NA,NA,NA
"171",1,1,1,0,NA,0,NA,0,0,NA,NA,0,NA,0,NA,NA,0,0,0,0,0,NA,0,NA,0,NA,0,0,NA,0,0,NA,0,NA,0,0,NA,NA,NA,NA,0,0,0,NA,0,NA,0,NA,NA,0,NA,0,0,0,0,0,0,0,0,NA,NA,0,NA,NA,0,0,0,NA,NA,NA,NA,NA,NA,NA,NA,NA,NA,NA,NA,NA,NA,NA,NA,NA,NA,NA,NA
"172",1,1,1,0,NA,1,NA,0,0,NA,NA,0,NA,0,NA,NA,0,0,0,0,0,NA,0,NA,0,NA,0,0,NA,0,0,NA,0,NA,0,0,NA,NA,NA,NA,0,0,0,NA,0,NA,0,NA,NA,0,NA,0,0,0,0,0,NA,0,0,NA,NA,0,NA,NA,0,0,0,NA,NA,NA,NA,NA,NA,NA,NA,NA,NA,NA,NA,NA,NA,NA,NA,NA,NA,NA,NA
"173",1,1,1,0,NA,0,NA,0,0,NA,NA,0,NA,0,NA,NA,0,0,0,0,0,NA,0,NA,0,NA,0,0,NA,0,0,NA,0,NA,0,0,NA,NA,NA,NA,0,0,0,NA,0,NA,0,NA,NA,0,NA,NA,0,0,0,0,0,0,0,NA,0,0,NA,NA,0,0,0,NA,NA,NA,NA,NA,NA,NA,NA,NA,NA,NA,NA,NA,NA,NA,NA,NA,NA,NA,NA
"174",1,1,1,0,NA,1,NA,0,0,NA,NA,0,NA,0,NA,NA,0,0,0,0,0,NA,0,NA,0,NA,0,0,NA,0,0,NA,0,NA,0,0,NA,NA,NA,NA,0,0,0,NA,0,NA,0,NA,NA,0,NA,NA,0,0,0,0,NA,0,0,NA,0,0,NA,NA,0,0,0,NA,NA,NA,NA,NA,NA,NA,NA,NA,NA,NA,NA,NA,NA,NA,NA,NA,NA,NA,NA
"175",1,1,1,0,NA,0,NA,0,0,NA,NA,0,NA,0,NA,NA,0,0,0,0,0,NA,0,NA,0,NA,0,0,NA,0,0,NA,0,NA,0,0,NA,NA,NA,NA,0,0,0,NA,0,NA,0,NA,NA,0,NA,NA,0,0,0,0,0,0,0,NA,NA,0,NA,NA,0,0,0,NA,NA,NA,NA,NA,NA,NA,NA,NA,NA,NA,NA,NA,NA,NA,NA,NA,NA,NA,NA
"176",1,1,1,0,NA,1,NA,0,0,NA,NA,0,NA,0,NA,NA,0,0,0,0,0,NA,0,NA,0,NA,0,0,NA,0,0,NA,0,NA,0,0,NA,NA,NA,NA,0,0,0,NA,0,NA,0,NA,NA,0,NA,NA,0,0,0,0,NA,0,0,NA,NA,0,NA,NA,0,0,0,NA,NA,NA,NA,NA,NA,NA,NA,NA,NA,NA,NA,NA,NA,NA,NA,NA,NA,NA,NA
"177",1,1,1,0,1,NA,NA,0,0,NA,NA,0,NA,0,NA,0,0,0,NA,0,0,NA,0,NA,0,0,0,0,0,0,0,NA,0,0,0,0,NA,NA,NA,NA,0,0,0,NA,0,0,0,0,NA,0,0,0,0,0,0,NA,0,0,NA,0,0,0,NA,NA,0,0,0,NA,NA,NA,NA,NA,NA,NA,NA,NA,NA,NA,NA,NA,NA,NA,NA,NA,NA,NA,NA
"178",1,1,1,0,1,NA,NA,0,0,NA,NA,0,NA,0,NA,0,0,0,NA,0,0,NA,0,NA,0,0,0,0,0,0,0,NA,0,0,0,0,NA,NA,NA,NA,0,0,0,NA,0,0,0,0,NA,0,0,0,0,0,0,NA,0,0,NA,0,NA,0,NA,NA,0,0,0,NA,NA,NA,NA,NA,NA,NA,NA,NA,NA,NA,NA,NA,NA,NA,NA,NA,NA,NA,NA
"179",1,1,1,0,0,NA,NA,0,0,NA,NA,0,NA,0,NA,0,0,0,NA,0,0,NA,0,NA,0,0,0,0,0,0,0,NA,0,0,0,0,NA,NA,NA,NA,0,0,0,NA,0,0,0,NA,NA,0,0,0,0,0,0,NA,0,0,NA,0,0,0,NA,NA,0,0,0,NA,NA,NA,NA,NA,NA,NA,NA,NA,NA,NA,NA,NA,NA,NA,NA,NA,NA,NA,NA
"180",1,1,1,0,0,NA,NA,0,0,NA,NA,0,NA,0,NA,0,0,0,NA,0,0,NA,0,NA,0,0,0,0,0,0,0,NA,0,0,0,0,NA,NA,NA,NA,0,0,0,NA,0,0,0,NA,NA,0,0,0,0,0,0,NA,0,0,NA,0,NA,0,NA,NA,0,0,0,NA,NA,NA,NA,NA,NA,NA,NA,NA,NA,NA,NA,NA,NA,NA,NA,NA,NA,NA,NA
"181",1,1,1,0,1,NA,NA,0,0,NA,NA,0,NA,0,NA,0,0,0,NA,0,0,NA,0,NA,0,0,0,0,0,0,0,NA,0,0,0,0,NA,NA,NA,NA,0,0,0,NA,0,0,0,0,NA,0,0,NA,0,0,0,NA,0,0,NA,0,0,0,NA,NA,0,0,0,NA,NA,NA,NA,NA,NA,NA,NA,NA,NA,NA,NA,NA,NA,NA,NA,NA,NA,NA,NA
"182",1,1,1,0,1,NA,NA,0,0,NA,NA,0,NA,0,NA,0,0,0,NA,0,0,NA,0,NA,0,0,0,0,0,0,0,NA,0,0,0,0,NA,NA,NA,NA,0,0,0,NA,0,0,0,0,NA,0,0,NA,0,0,0,NA,0,0,NA,0,NA,0,NA,NA,0,0,0,NA,NA,NA,NA,NA,NA,NA,NA,NA,NA,NA,NA,NA,NA,NA,NA,NA,NA,NA,NA
"183",1,1,1,0,0,NA,NA,0,0,NA,NA,0,NA,0,NA,0,0,0,NA,0,0,NA,0,NA,0,0,0,0,0,0,0,NA,0,0,0,0,NA,NA,NA,NA,0,0,0,NA,0,0,0,NA,NA,0,0,NA,0,0,0,NA,0,0,NA,0,0,0,NA,NA,0,0,0,NA,NA,NA,NA,NA,NA,NA,NA,NA,NA,NA,NA,NA,NA,NA,NA,NA,NA,NA,NA
"184",1,1,1,0,0,NA,NA,0,0,NA,NA,0,NA,0,NA,0,0,0,NA,0,0,NA,0,NA,0,0,0,0,0,0,0,NA,0,0,0,0,NA,NA,NA,NA,0,0,0,NA,0,0,0,NA,NA,0,0,NA,0,0,0,NA,0,0,NA,0,NA,0,NA,NA,0,0,0,NA,NA,NA,NA,NA,NA,NA,NA,NA,NA,NA,NA,NA,NA,NA,NA,NA,NA,NA,NA
"185",1,1,1,0,1,NA,NA,0,0,NA,NA,0,NA,0,NA,0,0,0,NA,0,0,NA,0,NA,0,0,0,0,0,0,0,NA,0,0,0,0,NA,NA,NA,NA,0,0,0,NA,0,0,0,0,NA,0,0,0,0,0,0,NA,0,0,NA,NA,0,0,NA,NA,0,0,0,NA,NA,NA,NA,NA,NA,NA,NA,NA,NA,NA,NA,NA,NA,NA,NA,NA,NA,NA,NA
"186",1,1,1,0,1,NA,NA,0,0,NA,NA,0,NA,0,NA,0,0,0,NA,0,0,NA,0,NA,0,0,0,0,0,0,0,NA,0,0,0,0,NA,NA,NA,NA,0,0,0,NA,0,0,0,0,NA,0,0,0,0,0,0,NA,0,0,NA,NA,NA,0,NA,NA,0,0,0,NA,NA,NA,NA,NA,NA,NA,NA,NA,NA,NA,NA,NA,NA,NA,NA,NA,NA,NA,NA
"187",1,1,1,0,0,NA,NA,0,0,NA,NA,0,NA,0,NA,0,0,0,NA,0,0,NA,0,NA,0,0,0,0,0,0,0,NA,0,0,0,0,NA,NA,NA,NA,0,0,0,NA,0,0,0,NA,NA,0,0,0,0,0,0,NA,0,0,NA,NA,0,0,NA,NA,0,0,0,NA,NA,NA,NA,NA,NA,NA,NA,NA,NA,NA,NA,NA,NA,NA,NA,NA,NA,NA,NA
"188",1,1,1,0,0,NA,NA,0,0,NA,NA,0,NA,0,NA,0,0,0,NA,0,0,NA,0,NA,0,0,0,0,0,0,0,NA,0,0,0,0,NA,NA,NA,NA,0,0,0,NA,0,0,0,NA,NA,0,0,0,0,0,0,NA,0,0,NA,NA,NA,0,NA,NA,0,0,0,NA,NA,NA,NA,NA,NA,NA,NA,NA,NA,NA,NA,NA,NA,NA,NA,NA,NA,NA,NA
"189",1,1,1,0,1,NA,NA,0,0,NA,NA,0,NA,0,NA,0,0,0,NA,0,0,NA,0,NA,0,0,0,0,0,0,0,NA,0,0,0,0,NA,NA,NA,NA,0,0,0,NA,0,0,0,0,NA,0,0,NA,0,0,0,NA,0,0,NA,NA,0,0,NA,NA,0,0,0,NA,NA,NA,NA,NA,NA,NA,NA,NA,NA,NA,NA,NA,NA,NA,NA,NA,NA,NA,NA
"190",1,1,1,0,1,NA,NA,0,0,NA,NA,0,NA,0,NA,0,0,0,NA,0,0,NA,0,NA,0,0,0,0,0,0,0,NA,0,0,0,0,NA,NA,NA,NA,0,0,0,NA,0,0,0,0,NA,0,0,NA,0,0,0,NA,0,0,NA,NA,NA,0,NA,NA,0,0,0,NA,NA,NA,NA,NA,NA,NA,NA,NA,NA,NA,NA,NA,NA,NA,NA,NA,NA,NA,NA
"191",1,1,1,0,0,NA,NA,0,0,NA,NA,0,NA,0,NA,0,0,0,NA,0,0,NA,0,NA,0,0,0,0,0,0,0,NA,0,0,0,0,NA,NA,NA,NA,0,0,0,NA,0,0,0,NA,NA,0,0,NA,0,0,0,NA,0,0,NA,NA,0,0,NA,NA,0,0,0,NA,NA,NA,NA,NA,NA,NA,NA,NA,NA,NA,NA,NA,NA,NA,NA,NA,NA,NA,NA
"192",1,1,1,0,0,NA,NA,0,0,NA,NA,0,NA,0,NA,0,0,0,NA,0,0,NA,0,NA,0,0,0,0,0,0,0,NA,0,0,0,0,NA,NA,NA,NA,0,0,0,NA,0,0,0,NA,NA,0,0,NA,0,0,0,NA,0,0,NA,NA,NA,0,NA,NA,0,0,0,NA,NA,NA,NA,NA,NA,NA,NA,NA,NA,NA,NA,NA,NA,NA,NA,NA,NA,NA,NA
"193",NA,NA,1,1,NA,0,1,0,0,NA,NA,0,NA,0,NA,NA,0,0,0,0,0,NA,0,NA,0,NA,0,0,NA,0,0,NA,0,NA,0,0,NA,NA,NA,NA,0,0,0,0,0,NA,0,NA,NA,0,NA,0,0,0,0,0,0,0,0,0,0,0,0,NA,0,0,0,NA,NA,NA,NA,NA,NA,NA,NA,NA,NA,NA,NA,NA,NA,NA,NA,NA,NA,NA,NA
"194",NA,NA,1,1,NA,1,1,0,0,NA,NA,0,NA,0,NA,NA,0,0,0,0,0,NA,0,NA,0,NA,0,0,NA,0,0,NA,0,NA,0,0,NA,NA,NA,NA,0,0,0,0,0,NA,0,NA,NA,0,NA,0,0,0,0,0,NA,0,0,0,0,0,0,NA,0,0,0,NA,NA,NA,NA,NA,NA,NA,NA,NA,NA,NA,NA,NA,NA,NA,NA,NA,NA,NA,NA
"195",NA,NA,1,1,NA,0,1,0,0,NA,NA,0,NA,0,NA,NA,0,0,0,0,0,NA,0,NA,0,NA,0,0,NA,0,0,NA,0,NA,0,0,NA,NA,NA,NA,0,0,0,0,0,NA,0,NA,NA,0,NA,0,0,0,0,0,0,0,0,0,NA,0,0,NA,0,0,0,NA,NA,NA,NA,NA,NA,NA,NA,NA,NA,NA,NA,NA,NA,NA,NA,NA,NA,NA,NA
"196",NA,NA,1,1,NA,1,1,0,0,NA,NA,0,NA,0,NA,NA,0,0,0,0,0,NA,0,NA,0,NA,0,0,NA,0,0,NA,0,NA,0,0,NA,NA,NA,NA,0,0,0,0,0,NA,0,NA,NA,0,NA,0,0,0,0,0,NA,0,0,0,NA,0,0,NA,0,0,0,NA,NA,NA,NA,NA,NA,NA,NA,NA,NA,NA,NA,NA,NA,NA,NA,NA,NA,NA,NA
"197",NA,NA,1,1,NA,0,1,0,0,NA,NA,0,NA,0,NA,NA,0,0,0,0,0,NA,0,NA,0,NA,0,0,NA,0,0,NA,0,NA,0,0,NA,NA,NA,NA,0,0,0,0,0,NA,0,NA,NA,0,NA,0,0,0,0,0,0,0,0,NA,0,0,0,NA,0,0,0,NA,NA,NA,NA,NA,NA,NA,NA,NA,NA,NA,NA,NA,NA,NA,NA,NA,NA,NA,NA
"198",NA,NA,1,1,NA,1,1,0,0,NA,NA,0,NA,0,NA,NA,0,0,0,0,0,NA,0,NA,0,NA,0,0,NA,0,0,NA,0,NA,0,0,NA,NA,NA,NA,0,0,0,0,0,NA,0,NA,NA,0,NA,0,0,0,0,0,NA,0,0,NA,0,0,0,NA,0,0,0,NA,NA,NA,NA,NA,NA,NA,NA,NA,NA,NA,NA,NA,NA,NA,NA,NA,NA,NA,NA
"199",NA,NA,1,1,NA,0,1,0,0,NA,NA,0,NA,0,NA,NA,0,0,0,0,0,NA,0,NA,0,NA,0,0,NA,0,0,NA,0,NA,0,0,NA,NA,NA,NA,0,0,0,0,0,NA,0,NA,NA,0,NA,NA,0,0,0,0,0,0,0,0,0,0,0,NA,0,0,0,NA,NA,NA,NA,NA,NA,NA,NA,NA,NA,NA,NA,NA,NA,NA,NA,NA,NA,NA,NA
"200",NA,NA,1,1,NA,1,1,0,0,NA,NA,0,NA,0,NA,NA,0,0,0,0,0,NA,0,NA,0,NA,0,0,NA,0,0,NA,0,NA,0,0,NA,NA,NA,NA,0,0,0,0,0,NA,0,NA,NA,0,NA,NA,0,0,0,0,NA,0,0,0,0,0,0,NA,0,0,0,NA,NA,NA,NA,NA,NA,NA,NA,NA,NA,NA,NA,NA,NA,NA,NA,NA,NA,NA,NA
"201",NA,NA,1,1,NA,0,1,0,0,NA,NA,0,NA,0,NA,NA,0,0,0,0,0,NA,0,NA,0,NA,0,0,NA,0,0,NA,0,NA,0,0,NA,NA,NA,NA,0,0,0,0,0,NA,0,NA,NA,0,NA,0,0,0,0,0,0,0,0,NA,NA,0,0,NA,0,0,0,NA,NA,NA,NA,NA,NA,NA,NA,NA,NA,NA,NA,NA,NA,NA,NA,NA,NA,NA,NA
"202",NA,NA,1,1,NA,1,1,0,0,NA,NA,0,NA,0,NA,NA,0,0,0,0,0,NA,0,NA,0,NA,0,0,NA,0,0,NA,0,NA,0,0,NA,NA,NA,NA,0,0,0,0,0,NA,0,NA,NA,0,NA,0,0,0,0,0,NA,0,0,NA,NA,0,0,NA,0,0,0,NA,NA,NA,NA,NA,NA,NA,NA,NA,NA,NA,NA,NA,NA,NA,NA,NA,NA,NA,NA
"203",NA,NA,1,1,NA,0,1,0,0,NA,NA,0,NA,0,NA,NA,0,0,0,0,0,NA,0,NA,0,NA,0,0,NA,0,0,NA,0,NA,0,0,NA,NA,NA,NA,0,0,0,0,0,NA,0,NA,NA,0,NA,NA,0,0,0,0,0,0,0,0,NA,0,0,NA,0,0,0,NA,NA,NA,NA,NA,NA,NA,NA,NA,NA,NA,NA,NA,NA,NA,NA,NA,NA,NA,NA
"204",NA,NA,1,1,NA,1,1,0,0,NA,NA,0,NA,0,NA,NA,0,0,0,0,0,NA,0,NA,0,NA,0,0,NA,0,0,NA,0,NA,0,0,NA,NA,NA,NA,0,0,0,0,0,NA,0,NA,NA,0,NA,NA,0,0,0,0,NA,0,0,0,NA,0,0,NA,0,0,0,NA,NA,NA,NA,NA,NA,NA,NA,NA,NA,NA,NA,NA,NA,NA,NA,NA,NA,NA,NA
"205",NA,NA,1,1,1,NA,1,0,0,NA,NA,0,NA,0,NA,0,0,0,NA,0,0,NA,0,NA,0,0,0,0,0,0,0,NA,0,0,0,0,NA,NA,NA,NA,0,0,0,0,0,0,0,0,NA,0,0,0,0,0,0,NA,0,0,NA,0,0,0,0,NA,0,0,0,NA,NA,NA,NA,NA,NA,NA,NA,NA,NA,NA,NA,NA,NA,NA,NA,NA,NA,NA,NA
"206",NA,NA,1,1,NA,0,1,0,0,NA,NA,0,NA,0,NA,NA,0,0,0,0,0,NA,0,NA,0,NA,0,0,NA,0,0,NA,0,NA,0,0,NA,NA,NA,NA,0,0,0,0,0,NA,0,NA,NA,0,NA,NA,0,0,0,0,0,0,0,NA,0,0,0,NA,0,0,0,NA,NA,NA,NA,NA,NA,NA,NA,NA,NA,NA,NA,NA,NA,NA,NA,NA,NA,NA,NA
"207",NA,NA,1,1,NA,1,1,0,0,NA,NA,0,NA,0,NA,NA,0,0,0,0,0,NA,0,NA,0,NA,0,0,NA,0,0,NA,0,NA,0,0,NA,NA,NA,NA,0,0,0,0,0,NA,0,NA,NA,0,NA,NA,0,0,0,0,NA,0,0,NA,0,0,0,NA,0,0,0,NA,NA,NA,NA,NA,NA,NA,NA,NA,NA,NA,NA,NA,NA,NA,NA,NA,NA,NA,NA
"208",NA,NA,1,1,NA,0,1,0,0,NA,NA,0,NA,0,NA,NA,0,0,0,0,0,NA,0,NA,0,NA,0,0,NA,0,0,NA,0,NA,0,0,NA,NA,NA,NA,0,0,0,0,0,NA,0,NA,NA,0,NA,NA,0,0,0,0,0,0,0,NA,NA,0,0,NA,0,0,0,NA,NA,NA,NA,NA,NA,NA,NA,NA,NA,NA,NA,NA,NA,NA,NA,NA,NA,NA,NA
"209",NA,NA,1,1,NA,1,1,0,0,NA,NA,0,NA,0,NA,NA,0,0,0,0,0,NA,0,NA,0,NA,0,0,NA,0,0,NA,0,NA,0,0,NA,NA,NA,NA,0,0,0,0,0,NA,0,NA,NA,0,NA,NA,0,0,0,0,NA,0,0,NA,NA,0,0,NA,0,0,0,NA,NA,NA,NA,NA,NA,NA,NA,NA,NA,NA,NA,NA,NA,NA,NA,NA,NA,NA,NA
"210",NA,NA,1,1,NA,0,0,0,0,NA,NA,0,NA,0,NA,NA,0,0,0,0,0,NA,0,NA,0,NA,0,0,NA,0,0,NA,0,NA,0,0,NA,NA,NA,NA,0,0,0,0,0,NA,0,NA,NA,0,NA,0,0,0,0,0,0,0,0,0,0,0,NA,NA,0,0,0,NA,NA,NA,NA,NA,NA,NA,NA,NA,NA,NA,NA,NA,NA,NA,NA,NA,NA,NA,NA
"211",NA,NA,1,1,0,NA,1,0,0,NA,NA,0,NA,0,NA,0,0,0,NA,0,0,NA,0,NA,0,0,0,0,0,0,0,NA,0,0,0,0,NA,NA,NA,NA,0,0,0,0,0,0,0,NA,NA,0,0,0,0,0,0,NA,0,0,NA,0,0,0,0,NA,0,0,0,NA,NA,NA,NA,NA,NA,NA,NA,NA,NA,NA,NA,NA,NA,NA,NA,NA,NA,NA,NA
"212",NA,NA,1,1,NA,1,0,0,0,NA,NA,0,NA,0,NA,NA,0,0,0,0,0,NA,0,NA,0,NA,0,0,NA,0,0,NA,0,NA,0,0,NA,NA,NA,NA,0,0,0,0,0,NA,0,NA,NA,0,NA,0,0,0,0,0,NA,0,0,0,0,0,NA,NA,0,0,0,NA,NA,NA,NA,NA,NA,NA,NA,NA,NA,NA,NA,NA,NA,NA,NA,NA,NA,NA,NA
"213",NA,NA,1,1,1,NA,1,0,0,NA,NA,0,NA,0,NA,0,0,0,NA,0,0,NA,0,NA,0,0,0,0,0,0,0,NA,0,0,0,0,NA,NA,NA,NA,0,0,0,0,0,0,0,0,NA,0,0,0,0,0,0,NA,0,0,NA,0,NA,0,0,NA,0,0,0,NA,NA,NA,NA,NA,NA,NA,NA,NA,NA,NA,NA,NA,NA,NA,NA,NA,NA,NA,NA
"214",NA,NA,1,1,NA,0,0,0,0,NA,NA,0,NA,0,NA,NA,0,0,0,0,0,NA,0,NA,0,NA,0,0,NA,0,0,NA,0,NA,0,0,NA,NA,NA,NA,0,0,0,0,0,NA,0,NA,NA,0,NA,0,0,0,0,0,0,0,0,0,NA,0,NA,NA,0,0,0,NA,NA,NA,NA,NA,NA,NA,NA,NA,NA,NA,NA,NA,NA,NA,NA,NA,NA,NA,NA
"215",NA,NA,1,1,0,NA,1,0,0,NA,NA,0,NA,0,NA,0,0,0,NA,0,0,NA,0,NA,0,0,0,0,0,0,0,NA,0,0,0,0,NA,NA,NA,NA,0,0,0,0,0,0,0,NA,NA,0,0,0,0,0,0,NA,0,0,NA,0,NA,0,0,NA,0,0,0,NA,NA,NA,NA,NA,NA,NA,NA,NA,NA,NA,NA,NA,NA,NA,NA,NA,NA,NA,NA
"216",NA,NA,1,1,NA,1,0,0,0,NA,NA,0,NA,0,NA,NA,0,0,0,0,0,NA,0,NA,0,NA,0,0,NA,0,0,NA,0,NA,0,0,NA,NA,NA,NA,0,0,0,0,0,NA,0,NA,NA,0,NA,0,0,0,0,0,NA,0,0,0,NA,0,NA,NA,0,0,0,NA,NA,NA,NA,NA,NA,NA,NA,NA,NA,NA,NA,NA,NA,NA,NA,NA,NA,NA,NA
"217",NA,NA,1,1,1,NA,1,0,0,NA,NA,0,NA,0,NA,0,0,0,NA,0,0,NA,0,NA,0,0,0,0,0,0,0,NA,0,0,0,0,NA,NA,NA,NA,0,0,0,0,0,0,0,0,NA,0,0,0,0,0,0,NA,0,0,NA,NA,0,0,0,NA,0,0,0,NA,NA,NA,NA,NA,NA,NA,NA,NA,NA,NA,NA,NA,NA,NA,NA,NA,NA,NA,NA
"218",NA,NA,1,1,NA,0,0,0,0,NA,NA,0,NA,0,NA,NA,0,0,0,0,0,NA,0,NA,0,NA,0,0,NA,0,0,NA,0,NA,0,0,NA,NA,NA,NA,0,0,0,0,0,NA,0,NA,NA,0,NA,0,0,0,0,0,0,0,0,NA,0,0,NA,NA,0,0,0,NA,NA,NA,NA,NA,NA,NA,NA,NA,NA,NA,NA,NA,NA,NA,NA,NA,NA,NA,NA
"219",NA,NA,1,1,0,NA,1,0,0,NA,NA,0,NA,0,NA,0,0,0,NA,0,0,NA,0,NA,0,0,0,0,0,0,0,NA,0,0,0,0,NA,NA,NA,NA,0,0,0,0,0,0,0,NA,NA,0,0,0,0,0,0,NA,0,0,NA,NA,0,0,0,NA,0,0,0,NA,NA,NA,NA,NA,NA,NA,NA,NA,NA,NA,NA,NA,NA,NA,NA,NA,NA,NA,NA
"220",NA,NA,1,1,NA,1,0,0,0,NA,NA,0,NA,0,NA,NA,0,0,0,0,0,NA,0,NA,0,NA,0,0,NA,0,0,NA,0,NA,0,0,NA,NA,NA,NA,0,0,0,0,0,NA,0,NA,NA,0,NA,0,0,0,0,0,NA,0,0,NA,0,0,NA,NA,0,0,0,NA,NA,NA,NA,NA,NA,NA,NA,NA,NA,NA,NA,NA,NA,NA,NA,NA,NA,NA,NA
"221",NA,NA,1,1,1,NA,1,0,0,NA,NA,0,NA,0,NA,0,0,0,NA,0,0,NA,0,NA,0,0,0,0,0,0,0,NA,0,0,0,0,NA,NA,NA,NA,0,0,0,0,0,0,0,0,NA,0,0,0,0,0,0,NA,0,0,NA,NA,NA,0,0,NA,0,0,0,NA,NA,NA,NA,NA,NA,NA,NA,NA,NA,NA,NA,NA,NA,NA,NA,NA,NA,NA,NA
"222",NA,NA,1,1,NA,0,0,0,0,NA,NA,0,NA,0,NA,NA,0,0,0,0,0,NA,0,NA,0,NA,0,0,NA,0,0,NA,0,NA,0,0,NA,NA,NA,NA,0,0,0,0,0,NA,0,NA,NA,0,NA,0,0,0,0,0,0,0,0,NA,NA,0,NA,NA,0,0,0,NA,NA,NA,NA,NA,NA,NA,NA,NA,NA,NA,NA,NA,NA,NA,NA,NA,NA,NA,NA
"223",NA,NA,1,1,0,NA,1,0,0,NA,NA,0,NA,0,NA,0,0,0,NA,0,0,NA,0,NA,0,0,0,0,0,0,0,NA,0,0,0,0,NA,NA,NA,NA,0,0,0,0,0,0,0,NA,NA,0,0,0,0,0,0,NA,0,0,NA,NA,NA,0,0,NA,0,0,0,NA,NA,NA,NA,NA,NA,NA,NA,NA,NA,NA,NA,NA,NA,NA,NA,NA,NA,NA,NA
"224",NA,NA,1,1,NA,1,0,0,0,NA,NA,0,NA,0,NA,NA,0,0,0,0,0,NA,0,NA,0,NA,0,0,NA,0,0,NA,0,NA,0,0,NA,NA,NA,NA,0,0,0,0,0,NA,0,NA,NA,0,NA,0,0,0,0,0,NA,0,0,NA,NA,0,NA,NA,0,0,0,NA,NA,NA,NA,NA,NA,NA,NA,NA,NA,NA,NA,NA,NA,NA,NA,NA,NA,NA,NA
"225",NA,NA,1,1,1,NA,1,0,0,NA,NA,0,NA,0,NA,0,0,0,NA,0,0,NA,0,NA,0,0,0,0,0,0,0,NA,0,0,0,0,NA,NA,NA,NA,0,0,0,0,0,0,0,0,NA,0,0,NA,0,0,0,NA,0,0,NA,0,0,0,0,NA,0,0,0,NA,NA,NA,NA,NA,NA,NA,NA,NA,NA,NA,NA,NA,NA,NA,NA,NA,NA,NA,NA
"226",NA,NA,1,1,NA,0,0,0,0,NA,NA,0,NA,0,NA,NA,0,0,0,0,0,NA,0,NA,0,NA,0,0,NA,0,0,NA,0,NA,0,0,NA,NA,NA,NA,0,0,0,0,0,NA,0,NA,NA,0,NA,NA,0,0,0,0,0,0,0,0,0,0,NA,NA,0,0,0,NA,NA,NA,NA,NA,NA,NA,NA,NA,NA,NA,NA,NA,NA,NA,NA,NA,NA,NA,NA
"227",NA,NA,1,1,0,NA,1,0,0,NA,NA,0,NA,0,NA,0,0,0,NA,0,0,NA,0,NA,0,0,0,0,0,0,0,NA,0,0,0,0,NA,NA,NA,NA,0,0,0,0,0,0,0,NA,NA,0,0,NA,0,0,0,NA,0,0,NA,0,0,0,0,NA,0,0,0,NA,NA,NA,NA,NA,NA,NA,NA,NA,NA,NA,NA,NA,NA,NA,NA,NA,NA,NA,NA
"228",NA,NA,1,1,NA,1,0,0,0,NA,NA,0,NA,0,NA,NA,0,0,0,0,0,NA,0,NA,0,NA,0,0,NA,0,0,NA,0,NA,0,0,NA,NA,NA,NA,0,0,0,0,0,NA,0,NA,NA,0,NA,NA,0,0,0,0,NA,0,0,0,0,0,NA,NA,0,0,0,NA,NA,NA,NA,NA,NA,NA,NA,NA,NA,NA,NA,NA,NA,NA,NA,NA,NA,NA,NA
"229",NA,NA,1,1,1,NA,1,0,0,NA,NA,0,NA,0,NA,0,0,0,NA,0,0,NA,0,NA,0,0,0,0,0,0,0,NA,0,0,0,0,NA,NA,NA,NA,0,0,0,0,0,0,0,0,NA,0,0,NA,0,0,0,NA,0,0,NA,0,NA,0,0,NA,0,0,0,NA,NA,NA,NA,NA,NA,NA,NA,NA,NA,NA,NA,NA,NA,NA,NA,NA,NA,NA,NA
"230",NA,NA,1,1,NA,0,0,0,0,NA,NA,0,NA,0,NA,NA,0,0,0,0,0,NA,0,NA,0,NA,0,0,NA,0,0,NA,0,NA,0,0,NA,NA,NA,NA,0,0,0,0,0,NA,0,NA,NA,0,NA,NA,0,0,0,0,0,0,0,0,NA,0,NA,NA,0,0,0,NA,NA,NA,NA,NA,NA,NA,NA,NA,NA,NA,NA,NA,NA,NA,NA,NA,NA,NA,NA
"231",NA,NA,1,1,0,NA,1,0,0,NA,NA,0,NA,0,NA,0,0,0,NA,0,0,NA,0,NA,0,0,0,0,0,0,0,NA,0,0,0,0,NA,NA,NA,NA,0,0,0,0,0,0,0,NA,NA,0,0,NA,0,0,0,NA,0,0,NA,0,NA,0,0,NA,0,0,0,NA,NA,NA,NA,NA,NA,NA,NA,NA,NA,NA,NA,NA,NA,NA,NA,NA,NA,NA,NA
"232",NA,NA,1,1,NA,1,0,0,0,NA,NA,0,NA,0,NA,NA,0,0,0,0,0,NA,0,NA,0,NA,0,0,NA,0,0,NA,0,NA,0,0,NA,NA,NA,NA,0,0,0,0,0,NA,0,NA,NA,0,NA,NA,0,0,0,0,NA,0,0,0,NA,0,NA,NA,0,0,0,NA,NA,NA,NA,NA,NA,NA,NA,NA,NA,NA,NA,NA,NA,NA,NA,NA,NA,NA,NA
"233",NA,NA,1,1,1,NA,1,0,0,NA,NA,0,NA,0,NA,0,0,0,NA,0,0,NA,0,NA,0,0,0,0,0,0,0,NA,0,0,0,0,NA,NA,NA,NA,0,0,0,0,0,0,0,0,NA,0,0,NA,0,0,0,NA,0,0,NA,NA,0,0,0,NA,0,0,0,NA,NA,NA,NA,NA,NA,NA,NA,NA,NA,NA,NA,NA,NA,NA,NA,NA,NA,NA,NA
"234",NA,NA,1,1,NA,0,0,0,0,NA,NA,0,NA,0,NA,NA,0,0,0,0,0,NA,0,NA,0,NA,0,0,NA,0,0,NA,0,NA,0,0,NA,NA,NA,NA,0,0,0,0,0,NA,0,NA,NA,0,NA,NA,0,0,0,0,0,0,0,NA,0,0,NA,NA,0,0,0,NA,NA,NA,NA,NA,NA,NA,NA,NA,NA,NA,NA,NA,NA,NA,NA,NA,NA,NA,NA
"235",NA,NA,1,1,0,NA,1,0,0,NA,NA,0,NA,0,NA,0,0,0,NA,0,0,NA,0,NA,0,0,0,0,0,0,0,NA,0,0,0,0,NA,NA,NA,NA,0,0,0,0,0,0,0,NA,NA,0,0,NA,0,0,0,NA,0,0,NA,NA,0,0,0,NA,0,0,0,NA,NA,NA,NA,NA,NA,NA,NA,NA,NA,NA,NA,NA,NA,NA,NA,NA,NA,NA,NA
"236",NA,NA,1,1,NA,1,0,0,0,NA,NA,0,NA,0,NA,NA,0,0,0,0,0,NA,0,NA,0,NA,0,0,NA,0,0,NA,0,NA,0,0,NA,NA,NA,NA,0,0,0,0,0,NA,0,NA,NA,0,NA,NA,0,0,0,0,NA,0,0,NA,0,0,NA,NA,0,0,0,NA,NA,NA,NA,NA,NA,NA,NA,NA,NA,NA,NA,NA,NA,NA,NA,NA,NA,NA,NA
"237",NA,NA,1,1,1,NA,1,0,0,NA,NA,0,NA,0,NA,0,0,0,NA,0,0,NA,0,NA,0,0,0,0,0,0,0,NA,0,0,0,0,NA,NA,NA,NA,0,0,0,0,0,0,0,0,NA,0,0,NA,0,0,0,NA,0,0,NA,NA,NA,0,0,NA,0,0,0,NA,NA,NA,NA,NA,NA,NA,NA,NA,NA,NA,NA,NA,NA,NA,NA,NA,NA,NA,NA
"238",NA,NA,1,1,NA,0,0,0,0,NA,NA,0,NA,0,NA,NA,0,0,0,0,0,NA,0,NA,0,NA,0,0,NA,0,0,NA,0,NA,0,0,NA,NA,NA,NA,0,0,0,0,0,NA,0,NA,NA,0,NA,NA,0,0,0,0,0,0,0,NA,NA,0,NA,NA,0,0,0,NA,NA,NA,NA,NA,NA,NA,NA,NA,NA,NA,NA,NA,NA,NA,NA,NA,NA,NA,NA
"239",NA,NA,1,1,0,NA,1,0,0,NA,NA,0,NA,0,NA,0,0,0,NA,0,0,NA,0,NA,0,0,0,0,0,0,0,NA,0,0,0,0,NA,NA,NA,NA,0,0,0,0,0,0,0,NA,NA,0,0,NA,0,0,0,NA,0,0,NA,NA,NA,0,0,NA,0,0,0,NA,NA,NA,NA,NA,NA,NA,NA,NA,NA,NA,NA,NA,NA,NA,NA,NA,NA,NA,NA
"240",NA,NA,1,1,NA,1,0,0,0,NA,NA,0,NA,0,NA,NA,0,0,0,0,0,NA,0,NA,0,NA,0,0,NA,0,0,NA,0,NA,0,0,NA,NA,NA,NA,0,0,0,0,0,NA,0,NA,NA,0,NA,NA,0,0,0,0,NA,0,0,NA,NA,0,NA,NA,0,0,0,NA,NA,NA,NA,NA,NA,NA,NA,NA,NA,NA,NA,NA,NA,NA,NA,NA,NA,NA,NA
"241",NA,NA,1,1,NA,0,1,0,0,NA,NA,0,NA,0,NA,NA,0,0,0,0,0,NA,0,NA,0,NA,0,0,NA,0,0,NA,0,NA,0,0,NA,NA,NA,NA,0,0,0,NA,0,NA,0,NA,NA,0,NA,0,0,0,0,0,0,0,0,0,0,0,0,NA,0,0,0,NA,NA,NA,NA,NA,NA,NA,NA,NA,NA,NA,NA,NA,NA,NA,NA,NA,NA,NA,NA
"242",NA,NA,1,0,NA,0,NA,0,0,NA,NA,0,NA,0,NA,NA,0,0,0,0,0,NA,0,NA,0,NA,0,0,NA,0,0,NA,0,NA,0,0,NA,NA,NA,NA,0,0,0,0,0,NA,0,NA,NA,0,NA,0,0,0,0,0,0,0,0,0,0,0,NA,NA,0,0,0,NA,NA,NA,NA,NA,NA,NA,NA,NA,NA,NA,NA,NA,NA,NA,NA,NA,NA,NA,NA
"243",NA,NA,1,1,NA,1,1,0,0,NA,NA,0,NA,0,NA,NA,0,0,0,0,0,NA,0,NA,0,NA,0,0,NA,0,0,NA,0,NA,0,0,NA,NA,NA,NA,0,0,0,NA,0,NA,0,NA,NA,0,NA,0,0,0,0,0,NA,0,0,0,0,0,0,NA,0,0,0,NA,NA,NA,NA,NA,NA,NA,NA,NA,NA,NA,NA,NA,NA,NA,NA,NA,NA,NA,NA
"244",NA,NA,1,0,NA,1,NA,0,0,NA,NA,0,NA,0,NA,NA,0,0,0,0,0,NA,0,NA,0,NA,0,0,NA,0,0,NA,0,NA,0,0,NA,NA,NA,NA,0,0,0,0,0,NA,0,NA,NA,0,NA,0,0,0,0,0,NA,0,0,0,0,0,NA,NA,0,0,0,NA,NA,NA,NA,NA,NA,NA,NA,NA,NA,NA,NA,NA,NA,NA,NA,NA,NA,NA,NA
"245",NA,NA,1,1,NA,0,1,0,0,NA,NA,0,NA,0,NA,NA,0,0,0,0,0,NA,0,NA,0,NA,0,0,NA,0,0,NA,0,NA,0,0,NA,NA,NA,NA,0,0,0,NA,0,NA,0,NA,NA,0,NA,0,0,0,0,0,0,0,0,0,NA,0,0,NA,0,0,0,NA,NA,NA,NA,NA,NA,NA,NA,NA,NA,NA,NA,NA,NA,NA,NA,NA,NA,NA,NA
"246",NA,NA,1,0,NA,0,NA,0,0,NA,NA,0,NA,0,NA,NA,0,0,0,0,0,NA,0,NA,0,NA,0,0,NA,0,0,NA,0,NA,0,0,NA,NA,NA,NA,0,0,0,0,0,NA,0,NA,NA,0,NA,0,0,0,0,0,0,0,0,0,NA,0,NA,NA,0,0,0,NA,NA,NA,NA,NA,NA,NA,NA,NA,NA,NA,NA,NA,NA,NA,NA,NA,NA,NA,NA
"247",NA,NA,1,1,NA,1,1,0,0,NA,NA,0,NA,0,NA,NA,0,0,0,0,0,NA,0,NA,0,NA,0,0,NA,0,0,NA,0,NA,0,0,NA,NA,NA,NA,0,0,0,NA,0,NA,0,NA,NA,0,NA,0,0,0,0,0,NA,0,0,0,NA,0,0,NA,0,0,0,NA,NA,NA,NA,NA,NA,NA,NA,NA,NA,NA,NA,NA,NA,NA,NA,NA,NA,NA,NA
"248",NA,NA,1,0,NA,1,NA,0,0,NA,NA,0,NA,0,NA,NA,0,0,0,0,0,NA,0,NA,0,NA,0,0,NA,0,0,NA,0,NA,0,0,NA,NA,NA,NA,0,0,0,0,0,NA,0,NA,NA,0,NA,0,0,0,0,0,NA,0,0,0,NA,0,NA,NA,0,0,0,NA,NA,NA,NA,NA,NA,NA,NA,NA,NA,NA,NA,NA,NA,NA,NA,NA,NA,NA,NA
"249",NA,NA,1,1,NA,0,1,0,0,NA,NA,0,NA,0,NA,NA,0,0,0,0,0,NA,0,NA,0,NA,0,0,NA,0,0,NA,0,NA,0,0,NA,NA,NA,NA,0,0,0,NA,0,NA,0,NA,NA,0,NA,NA,0,0,0,0,0,0,0,0,0,0,0,NA,0,0,0,NA,NA,NA,NA,NA,NA,NA,NA,NA,NA,NA,NA,NA,NA,NA,NA,NA,NA,NA,NA
"250",NA,NA,1,0,NA,0,NA,0,0,NA,NA,0,NA,0,NA,NA,0,0,0,0,0,NA,0,NA,0,NA,0,0,NA,0,0,NA,0,NA,0,0,NA,NA,NA,NA,0,0,0,0,0,NA,0,NA,NA,0,NA,NA,0,0,0,0,0,0,0,0,0,0,NA,NA,0,0,0,NA,NA,NA,NA,NA,NA,NA,NA,NA,NA,NA,NA,NA,NA,NA,NA,NA,NA,NA,NA
"251",NA,NA,1,1,NA,1,1,0,0,NA,NA,0,NA,0,NA,NA,0,0,0,0,0,NA,0,NA,0,NA,0,0,NA,0,0,NA,0,NA,0,0,NA,NA,NA,NA,0,0,0,NA,0,NA,0,NA,NA,0,NA,NA,0,0,0,0,NA,0,0,0,0,0,0,NA,0,0,0,NA,NA,NA,NA,NA,NA,NA,NA,NA,NA,NA,NA,NA,NA,NA,NA,NA,NA,NA,NA
"252",NA,NA,1,0,NA,1,NA,0,0,NA,NA,0,NA,0,NA,NA,0,0,0,0,0,NA,0,NA,0,NA,0,0,NA,0,0,NA,0,NA,0,0,NA,NA,NA,NA,0,0,0,0,0,NA,0,NA,NA,0,NA,NA,0,0,0,0,NA,0,0,0,0,0,NA,NA,0,0,0,NA,NA,NA,NA,NA,NA,NA,NA,NA,NA,NA,NA,NA,NA,NA,NA,NA,NA,NA,NA
"253",NA,NA,1,1,NA,0,1,0,0,NA,NA,0,NA,0,NA,NA,0,0,0,0,0,NA,0,NA,0,NA,0,0,NA,0,0,NA,0,NA,0,0,NA,NA,NA,NA,0,0,0,NA,0,NA,0,NA,NA,0,NA,NA,0,0,0,0,0,0,0,0,NA,0,0,NA,0,0,0,NA,NA,NA,NA,NA,NA,NA,NA,NA,NA,NA,NA,NA,NA,NA,NA,NA,NA,NA,NA
"254",NA,NA,1,0,NA,0,NA,0,0,NA,NA,0,NA,0,NA,NA,0,0,0,0,0,NA,0,NA,0,NA,0,0,NA,0,0,NA,0,NA,0,0,NA,NA,NA,NA,0,0,0,0,0,NA,0,NA,NA,0,NA,NA,0,0,0,0,0,0,0,0,NA,0,NA,NA,0,0,0,NA,NA,NA,NA,NA,NA,NA,NA,NA,NA,NA,NA,NA,NA,NA,NA,NA,NA,NA,NA
"255",NA,NA,1,1,NA,1,1,0,0,NA,NA,0,NA,0,NA,NA,0,0,0,0,0,NA,0,NA,0,NA,0,0,NA,0,0,NA,0,NA,0,0,NA,NA,NA,NA,0,0,0,NA,0,NA,0,NA,NA,0,NA,NA,0,0,0,0,NA,0,0,0,NA,0,0,NA,0,0,0,NA,NA,NA,NA,NA,NA,NA,NA,NA,NA,NA,NA,NA,NA,NA,NA,NA,NA,NA,NA
"256",NA,NA,1,0,NA,1,NA,0,0,NA,NA,0,NA,0,NA,NA,0,0,0,0,0,NA,0,NA,0,NA,0,0,NA,0,0,NA,0,NA,0,0,NA,NA,NA,NA,0,0,0,0,0,NA,0,NA,NA,0,NA,NA,0,0,0,0,NA,0,0,0,NA,0,NA,NA,0,0,0,NA,NA,NA,NA,NA,NA,NA,NA,NA,NA,NA,NA,NA,NA,NA,NA,NA,NA,NA,NA
"257",NA,NA,1,1,NA,0,1,0,0,NA,NA,0,NA,0,NA,NA,0,0,0,0,0,NA,0,NA,0,NA,0,0,NA,0,0,NA,0,NA,0,0,NA,NA,NA,NA,0,0,0,NA,0,NA,0,NA,NA,0,NA,0,0,0,0,0,0,0,0,NA,0,0,0,NA,0,0,0,NA,NA,NA,NA,NA,NA,NA,NA,NA,NA,NA,NA,NA,NA,NA,NA,NA,NA,NA,NA
"258",NA,NA,1,0,NA,0,NA,0,0,NA,NA,0,NA,0,NA,NA,0,0,0,0,0,NA,0,NA,0,NA,0,0,NA,0,0,NA,0,NA,0,0,NA,NA,NA,NA,0,0,0,0,0,NA,0,NA,NA,0,NA,0,0,0,0,0,0,0,0,NA,0,0,NA,NA,0,0,0,NA,NA,NA,NA,NA,NA,NA,NA,NA,NA,NA,NA,NA,NA,NA,NA,NA,NA,NA,NA
"259",NA,NA,1,1,NA,1,1,0,0,NA,NA,0,NA,0,NA,NA,0,0,0,0,0,NA,0,NA,0,NA,0,0,NA,0,0,NA,0,NA,0,0,NA,NA,NA,NA,0,0,0,NA,0,NA,0,NA,NA,0,NA,0,0,0,0,0,NA,0,0,NA,0,0,0,NA,0,0,0,NA,NA,NA,NA,NA,NA,NA,NA,NA,NA,NA,NA,NA,NA,NA,NA,NA,NA,NA,NA
"260",NA,NA,1,0,NA,1,NA,0,0,NA,NA,0,NA,0,NA,NA,0,0,0,0,0,NA,0,NA,0,NA,0,0,NA,0,0,NA,0,NA,0,0,NA,NA,NA,NA,0,0,0,0,0,NA,0,NA,NA,0,NA,0,0,0,0,0,NA,0,0,NA,0,0,NA,NA,0,0,0,NA,NA,NA,NA,NA,NA,NA,NA,NA,NA,NA,NA,NA,NA,NA,NA,NA,NA,NA,NA
"261",NA,NA,1,1,NA,0,1,0,0,NA,NA,0,NA,0,NA,NA,0,0,0,0,0,NA,0,NA,0,NA,0,0,NA,0,0,NA,0,NA,0,0,NA,NA,NA,NA,0,0,0,NA,0,NA,0,NA,NA,0,NA,0,0,0,0,0,0,0,0,NA,NA,0,0,NA,0,0,0,NA,NA,NA,NA,NA,NA,NA,NA,NA,NA,NA,NA,NA,NA,NA,NA,NA,NA,NA,NA
"262",NA,NA,1,0,NA,0,NA,0,0,NA,NA,0,NA,0,NA,NA,0,0,0,0,0,NA,0,NA,0,NA,0,0,NA,0,0,NA,0,NA,0,0,NA,NA,NA,NA,0,0,0,0,0,NA,0,NA,NA,0,NA,0,0,0,0,0,0,0,0,NA,NA,0,NA,NA,0,0,0,NA,NA,NA,NA,NA,NA,NA,NA,NA,NA,NA,NA,NA,NA,NA,NA,NA,NA,NA,NA
"263",NA,NA,1,1,NA,1,1,0,0,NA,NA,0,NA,0,NA,NA,0,0,0,0,0,NA,0,NA,0,NA,0,0,NA,0,0,NA,0,NA,0,0,NA,NA,NA,NA,0,0,0,NA,0,NA,0,NA,NA,0,NA,0,0,0,0,0,NA,0,0,NA,NA,0,0,NA,0,0,0,NA,NA,NA,NA,NA,NA,NA,NA,NA,NA,NA,NA,NA,NA,NA,NA,NA,NA,NA,NA
"264",NA,NA,1,0,NA,1,NA,0,0,NA,NA,0,NA,0,NA,NA,0,0,0,0,0,NA,0,NA,0,NA,0,0,NA,0,0,NA,0,NA,0,0,NA,NA,NA,NA,0,0,0,0,0,NA,0,NA,NA,0,NA,0,0,0,0,0,NA,0,0,NA,NA,0,NA,NA,0,0,0,NA,NA,NA,NA,NA,NA,NA,NA,NA,NA,NA,NA,NA,NA,NA,NA,NA,NA,NA,NA
"265",NA,NA,1,1,NA,0,1,0,0,NA,NA,0,NA,0,NA,NA,0,0,0,0,0,NA,0,NA,0,NA,0,0,NA,0,0,NA,0,NA,0,0,NA,NA,NA,NA,0,0,0,NA,0,NA,0,NA,NA,0,NA,NA,0,0,0,0,0,0,0,NA,0,0,0,NA,0,0,0,NA,NA,NA,NA,NA,NA,NA,NA,NA,NA,NA,NA,NA,NA,NA,NA,NA,NA,NA,NA
"266",NA,NA,1,0,NA,0,NA,0,0,NA,NA,0,NA,0,NA,NA,0,0,0,0,0,NA,0,NA,0,NA,0,0,NA,0,0,NA,0,NA,0,0,NA,NA,NA,NA,0,0,0,0,0,NA,0,NA,NA,0,NA,NA,0,0,0,0,0,0,0,NA,0,0,NA,NA,0,0,0,NA,NA,NA,NA,NA,NA,NA,NA,NA,NA,NA,NA,NA,NA,NA,NA,NA,NA,NA,NA
"267",NA,NA,1,1,NA,1,1,0,0,NA,NA,0,NA,0,NA,NA,0,0,0,0,0,NA,0,NA,0,NA,0,0,NA,0,0,NA,0,NA,0,0,NA,NA,NA,NA,0,0,0,NA,0,NA,0,NA,NA,0,NA,NA,0,0,0,0,NA,0,0,NA,0,0,0,NA,0,0,0,NA,NA,NA,NA,NA,NA,NA,NA,NA,NA,NA,NA,NA,NA,NA,NA,NA,NA,NA,NA
"268",NA,NA,1,0,NA,1,NA,0,0,NA,NA,0,NA,0,NA,NA,0,0,0,0,0,NA,0,NA,0,NA,0,0,NA,0,0,NA,0,NA,0,0,NA,NA,NA,NA,0,0,0,0,0,NA,0,NA,NA,0,NA,NA,0,0,0,0,NA,0,0,NA,0,0,NA,NA,0,0,0,NA,NA,NA,NA,NA,NA,NA,NA,NA,NA,NA,NA,NA,NA,NA,NA,NA,NA,NA,NA
"269",NA,NA,1,1,NA,0,1,0,0,NA,NA,0,NA,0,NA,NA,0,0,0,0,0,NA,0,NA,0,NA,0,0,NA,0,0,NA,0,NA,0,0,NA,NA,NA,NA,0,0,0,NA,0,NA,0,NA,NA,0,NA,NA,0,0,0,0,0,0,0,NA,NA,0,0,NA,0,0,0,NA,NA,NA,NA,NA,NA,NA,NA,NA,NA,NA,NA,NA,NA,NA,NA,NA,NA,NA,NA
"270",NA,NA,1,0,NA,0,NA,0,0,NA,NA,0,NA,0,NA,NA,0,0,0,0,0,NA,0,NA,0,NA,0,0,NA,0,0,NA,0,NA,0,0,NA,NA,NA,NA,0,0,0,0,0,NA,0,NA,NA,0,NA,NA,0,0,0,0,0,0,0,NA,NA,0,NA,NA,0,0,0,NA,NA,NA,NA,NA,NA,NA,NA,NA,NA,NA,NA,NA,NA,NA,NA,NA,NA,NA,NA
"271",NA,NA,1,1,NA,1,1,0,0,NA,NA,0,NA,0,NA,NA,0,0,0,0,0,NA,0,NA,0,NA,0,0,NA,0,0,NA,0,NA,0,0,NA,NA,NA,NA,0,0,0,NA,0,NA,0,NA,NA,0,NA,NA,0,0,0,0,NA,0,0,NA,NA,0,0,NA,0,0,0,NA,NA,NA,NA,NA,NA,NA,NA,NA,NA,NA,NA,NA,NA,NA,NA,NA,NA,NA,NA
"272",NA,NA,1,0,NA,1,NA,0,0,NA,NA,0,NA,0,NA,NA,0,0,0,0,0,NA,0,NA,0,NA,0,0,NA,0,0,NA,0,NA,0,0,NA,NA,NA,NA,0,0,0,0,0,NA,0,NA,NA,0,NA,NA,0,0,0,0,NA,0,0,NA,NA,0,NA,NA,0,0,0,NA,NA,NA,NA,NA,NA,NA,NA,NA,NA,NA,NA,NA,NA,NA,NA,NA,NA,NA,NA
"273",NA,NA,1,1,1,NA,1,0,0,NA,NA,0,NA,0,NA,0,0,0,NA,0,0,NA,0,NA,0,0,0,0,0,0,0,NA,0,0,0,0,NA,NA,NA,NA,0,0,0,NA,0,0,0,0,NA,0,0,0,0,0,0,NA,0,0,NA,0,0,0,0,NA,0,0,0,NA,NA,NA,NA,NA,NA,NA,NA,NA,NA,NA,NA,NA,NA,NA,NA,NA,NA,NA,NA
"274",NA,NA,1,1,NA,0,0,0,0,NA,NA,0,NA,0,NA,NA,0,0,0,0,0,NA,0,NA,0,NA,0,0,NA,0,0,NA,0,NA,0,0,NA,NA,NA,NA,0,0,0,NA,0,NA,0,NA,NA,0,NA,0,0,0,0,0,0,0,0,0,0,0,NA,NA,0,0,0,NA,NA,NA,NA,NA,NA,NA,NA,NA,NA,NA,NA,NA,NA,NA,NA,NA,NA,NA,NA
"275",NA,NA,1,1,0,NA,1,0,0,NA,NA,0,NA,0,NA,0,0,0,NA,0,0,NA,0,NA,0,0,0,0,0,0,0,NA,0,0,0,0,NA,NA,NA,NA,0,0,0,NA,0,0,0,NA,NA,0,0,0,0,0,0,NA,0,0,NA,0,0,0,0,NA,0,0,0,NA,NA,NA,NA,NA,NA,NA,NA,NA,NA,NA,NA,NA,NA,NA,NA,NA,NA,NA,NA
"276",NA,NA,1,1,NA,1,0,0,0,NA,NA,0,NA,0,NA,NA,0,0,0,0,0,NA,0,NA,0,NA,0,0,NA,0,0,NA,0,NA,0,0,NA,NA,NA,NA,0,0,0,NA,0,NA,0,NA,NA,0,NA,0,0,0,0,0,NA,0,0,0,0,0,NA,NA,0,0,0,NA,NA,NA,NA,NA,NA,NA,NA,NA,NA,NA,NA,NA,NA,NA,NA,NA,NA,NA,NA
"277",NA,NA,1,1,1,NA,1,0,0,NA,NA,0,NA,0,NA,0,0,0,NA,0,0,NA,0,NA,0,0,0,0,0,0,0,NA,0,0,0,0,NA,NA,NA,NA,0,0,0,NA,0,0,0,0,NA,0,0,0,0,0,0,NA,0,0,NA,0,NA,0,0,NA,0,0,0,NA,NA,NA,NA,NA,NA,NA,NA,NA,NA,NA,NA,NA,NA,NA,NA,NA,NA,NA,NA
"278",NA,NA,1,1,NA,0,0,0,0,NA,NA,0,NA,0,NA,NA,0,0,0,0,0,NA,0,NA,0,NA,0,0,NA,0,0,NA,0,NA,0,0,NA,NA,NA,NA,0,0,0,NA,0,NA,0,NA,NA,0,NA,0,0,0,0,0,0,0,0,0,NA,0,NA,NA,0,0,0,NA,NA,NA,NA,NA,NA,NA,NA,NA,NA,NA,NA,NA,NA,NA,NA,NA,NA,NA,NA
"279",NA,NA,1,1,0,NA,1,0,0,NA,NA,0,NA,0,NA,0,0,0,NA,0,0,NA,0,NA,0,0,0,0,0,0,0,NA,0,0,0,0,NA,NA,NA,NA,0,0,0,NA,0,0,0,NA,NA,0,0,0,0,0,0,NA,0,0,NA,0,NA,0,0,NA,0,0,0,NA,NA,NA,NA,NA,NA,NA,NA,NA,NA,NA,NA,NA,NA,NA,NA,NA,NA,NA,NA
"280",NA,NA,1,1,NA,1,0,0,0,NA,NA,0,NA,0,NA,NA,0,0,0,0,0,NA,0,NA,0,NA,0,0,NA,0,0,NA,0,NA,0,0,NA,NA,NA,NA,0,0,0,NA,0,NA,0,NA,NA,0,NA,0,0,0,0,0,NA,0,0,0,NA,0,NA,NA,0,0,0,NA,NA,NA,NA,NA,NA,NA,NA,NA,NA,NA,NA,NA,NA,NA,NA,NA,NA,NA,NA
"281",NA,NA,1,1,1,NA,1,0,0,NA,NA,0,NA,0,NA,0,0,0,NA,0,0,NA,0,NA,0,0,0,0,0,0,0,NA,0,0,0,0,NA,NA,NA,NA,0,0,0,NA,0,0,0,0,NA,0,0,NA,0,0,0,NA,0,0,NA,0,0,0,0,NA,0,0,0,NA,NA,NA,NA,NA,NA,NA,NA,NA,NA,NA,NA,NA,NA,NA,NA,NA,NA,NA,NA
"282",NA,NA,1,1,NA,0,0,0,0,NA,NA,0,NA,0,NA,NA,0,0,0,0,0,NA,0,NA,0,NA,0,0,NA,0,0,NA,0,NA,0,0,NA,NA,NA,NA,0,0,0,NA,0,NA,0,NA,NA,0,NA,NA,0,0,0,0,0,0,0,0,0,0,NA,NA,0,0,0,NA,NA,NA,NA,NA,NA,NA,NA,NA,NA,NA,NA,NA,NA,NA,NA,NA,NA,NA,NA
"283",NA,NA,1,1,0,NA,1,0,0,NA,NA,0,NA,0,NA,0,0,0,NA,0,0,NA,0,NA,0,0,0,0,0,0,0,NA,0,0,0,0,NA,NA,NA,NA,0,0,0,NA,0,0,0,NA,NA,0,0,NA,0,0,0,NA,0,0,NA,0,0,0,0,NA,0,0,0,NA,NA,NA,NA,NA,NA,NA,NA,NA,NA,NA,NA,NA,NA,NA,NA,NA,NA,NA,NA
"284",NA,NA,1,1,NA,1,0,0,0,NA,NA,0,NA,0,NA,NA,0,0,0,0,0,NA,0,NA,0,NA,0,0,NA,0,0,NA,0,NA,0,0,NA,NA,NA,NA,0,0,0,NA,0,NA,0,NA,NA,0,NA,NA,0,0,0,0,NA,0,0,0,0,0,NA,NA,0,0,0,NA,NA,NA,NA,NA,NA,NA,NA,NA,NA,NA,NA,NA,NA,NA,NA,NA,NA,NA,NA
"285",NA,NA,1,1,1,NA,0,0,0,NA,NA,0,NA,0,NA,0,0,0,NA,0,0,NA,0,NA,0,0,0,0,0,0,0,NA,0,0,0,0,NA,NA,NA,NA,0,0,0,0,0,0,0,0,NA,0,0,0,0,0,0,NA,0,0,NA,0,0,0,NA,NA,0,0,0,NA,NA,NA,NA,NA,NA,NA,NA,NA,NA,NA,NA,NA,NA,NA,NA,NA,NA,NA,NA
"286",NA,NA,1,1,NA,0,0,0,0,NA,NA,0,NA,0,NA,NA,0,0,0,0,0,NA,0,NA,0,NA,0,0,NA,0,0,NA,0,NA,0,0,NA,NA,NA,NA,0,0,0,NA,0,NA,0,NA,NA,0,NA,NA,0,0,0,0,0,0,0,0,NA,0,NA,NA,0,0,0,NA,NA,NA,NA,NA,NA,NA,NA,NA,NA,NA,NA,NA,NA,NA,NA,NA,NA,NA,NA
"287",NA,NA,1,1,1,NA,1,0,0,NA,NA,0,NA,0,NA,0,0,0,NA,0,0,NA,0,NA,0,0,0,0,0,0,0,NA,0,0,0,0,NA,NA,NA,NA,0,0,0,NA,0,0,0,0,NA,0,0,0,0,0,0,NA,0,0,NA,NA,0,0,0,NA,0,0,0,NA,NA,NA,NA,NA,NA,NA,NA,NA,NA,NA,NA,NA,NA,NA,NA,NA,NA,NA,NA
"288",NA,NA,1,1,NA,0,0,0,0,NA,NA,0,NA,0,NA,NA,0,0,0,0,0,NA,0,NA,0,NA,0,0,NA,0,0,NA,0,NA,0,0,NA,NA,NA,NA,0,0,0,NA,0,NA,0,NA,NA,0,NA,0,0,0,0,0,0,0,0,NA,0,0,NA,NA,0,0,0,NA,NA,NA,NA,NA,NA,NA,NA,NA,NA,NA,NA,NA,NA,NA,NA,NA,NA,NA,NA
"289",NA,NA,1,1,0,NA,1,0,0,NA,NA,0,NA,0,NA,0,0,0,NA,0,0,NA,0,NA,0,0,0,0,0,0,0,NA,0,0,0,0,NA,NA,NA,NA,0,0,0,NA,0,0,0,NA,NA,0,0,0,0,0,0,NA,0,0,NA,NA,0,0,0,NA,0,0,0,NA,NA,NA,NA,NA,NA,NA,NA,NA,NA,NA,NA,NA,NA,NA,NA,NA,NA,NA,NA
"290",NA,NA,1,1,NA,1,0,0,0,NA,NA,0,NA,0,NA,NA,0,0,0,0,0,NA,0,NA,0,NA,0,0,NA,0,0,NA,0,NA,0,0,NA,NA,NA,NA,0,0,0,NA,0,NA,0,NA,NA,0,NA,0,0,0,0,0,NA,0,0,NA,0,0,NA,NA,0,0,0,NA,NA,NA,NA,NA,NA,NA,NA,NA,NA,NA,NA,NA,NA,NA,NA,NA,NA,NA,NA
"291",NA,NA,1,1,1,NA,1,0,0,NA,NA,0,NA,0,NA,0,0,0,NA,0,0,NA,0,NA,0,0,0,0,0,0,0,NA,0,0,0,0,NA,NA,NA,NA,0,0,0,NA,0,0,0,0,NA,0,0,0,0,0,0,NA,0,0,NA,NA,NA,0,0,NA,0,0,0,NA,NA,NA,NA,NA,NA,NA,NA,NA,NA,NA,NA,NA,NA,NA,NA,NA,NA,NA,NA
"292",NA,NA,1,1,NA,0,0,0,0,NA,NA,0,NA,0,NA,NA,0,0,0,0,0,NA,0,NA,0,NA,0,0,NA,0,0,NA,0,NA,0,0,NA,NA,NA,NA,0,0,0,NA,0,NA,0,NA,NA,0,NA,0,0,0,0,0,0,0,0,NA,NA,0,NA,NA,0,0,0,NA,NA,NA,NA,NA,NA,NA,NA,NA,NA,NA,NA,NA,NA,NA,NA,NA,NA,NA,NA
"293",NA,NA,1,1,0,NA,1,0,0,NA,NA,0,NA,0,NA,0,0,0,NA,0,0,NA,0,NA,0,0,0,0,0,0,0,NA,0,0,0,0,NA,NA,NA,NA,0,0,0,NA,0,0,0,NA,NA,0,0,0,0,0,0,NA,0,0,NA,NA,NA,0,0,NA,0,0,0,NA,NA,NA,NA,NA,NA,NA,NA,NA,NA,NA,NA,NA,NA,NA,NA,NA,NA,NA,NA
"294",NA,NA,1,1,NA,1,0,0,0,NA,NA,0,NA,0,NA,NA,0,0,0,0,0,NA,0,NA,0,NA,0,0,NA,0,0,NA,0,NA,0,0,NA,NA,NA,NA,0,0,0,NA,0,NA,0,NA,NA,0,NA,0,0,0,0,0,NA,0,0,NA,NA,0,NA,NA,0,0,0,NA,NA,NA,NA,NA,NA,NA,NA,NA,NA,NA,NA,NA,NA,NA,NA,NA,NA,NA,NA
"295",NA,NA,1,1,1,NA,1,0,0,NA,NA,0,NA,0,NA,0,0,0,NA,0,0,NA,0,NA,0,0,0,0,0,0,0,NA,0,0,0,0,NA,NA,NA,NA,0,0,0,NA,0,0,0,0,NA,0,0,NA,0,0,0,NA,0,0,NA,0,NA,0,0,NA,0,0,0,NA,NA,NA,NA,NA,NA,NA,NA,NA,NA,NA,NA,NA,NA,NA,NA,NA,NA,NA,NA
"296",NA,NA,1,1,NA,1,0,0,0,NA,NA,0,NA,0,NA,NA,0,0,0,0,0,NA,0,NA,0,NA,0,0,NA,0,0,NA,0,NA,0,0,NA,NA,NA,NA,0,0,0,NA,0,NA,0,NA,NA,0,NA,NA,0,0,0,0,NA,0,0,0,NA,0,NA,NA,0,0,0,NA,NA,NA,NA,NA,NA,NA,NA,NA,NA,NA,NA,NA,NA,NA,NA,NA,NA,NA,NA
"297",NA,NA,1,1,0,NA,1,0,0,NA,NA,0,NA,0,NA,0,0,0,NA,0,0,NA,0,NA,0,0,0,0,0,0,0,NA,0,0,0,0,NA,NA,NA,NA,0,0,0,NA,0,0,0,NA,NA,0,0,NA,0,0,0,NA,0,0,NA,0,NA,0,0,NA,0,0,0,NA,NA,NA,NA,NA,NA,NA,NA,NA,NA,NA,NA,NA,NA,NA,NA,NA,NA,NA,NA
"298",NA,NA,0,1,NA,0,0,0,0,NA,NA,0,NA,0,NA,NA,0,0,0,0,0,NA,0,NA,0,NA,0,0,NA,0,0,NA,0,NA,0,0,NA,NA,NA,NA,0,0,0,NA,0,NA,0,NA,NA,0,NA,NA,0,0,0,0,0,0,0,NA,0,0,NA,NA,0,0,0,NA,NA,NA,NA,NA,NA,NA,NA,NA,NA,NA,NA,NA,NA,NA,NA,NA,NA,NA,NA
"299",NA,NA,1,1,1,NA,1,0,0,NA,NA,0,NA,0,NA,0,0,0,NA,0,0,NA,0,NA,0,0,0,0,0,0,0,NA,0,0,0,0,NA,NA,NA,NA,0,0,0,NA,0,0,0,0,NA,0,0,NA,0,0,0,NA,0,0,NA,NA,0,0,0,NA,0,0,0,NA,NA,NA,NA,NA,NA,NA,NA,NA,NA,NA,NA,NA,NA,NA,NA,NA,NA,NA,NA
"300",NA,NA,0,1,NA,1,0,0,0,NA,NA,0,NA,0,NA,NA,0,0,0,0,0,NA,0,NA,0,NA,0,0,NA,0,0,NA,0,NA,0,0,NA,NA,NA,NA,0,0,0,NA,0,NA,0,NA,NA,0,NA,NA,0,0,0,0,NA,0,0,NA,0,0,NA,NA,0,0,0,NA,NA,NA,NA,NA,NA,NA,NA,NA,NA,NA,NA,NA,NA,NA,NA,NA,NA,NA,NA
"301",NA,NA,1,1,0,NA,1,0,0,NA,NA,0,NA,0,NA,0,0,0,NA,0,0,NA,0,NA,0,0,0,0,0,0,0,NA,0,0,0,0,NA,NA,NA,NA,0,0,0,NA,0,0,0,NA,NA,0,0,NA,0,0,0,NA,0,0,NA,NA,0,0,0,NA,0,0,0,NA,NA,NA,NA,NA,NA,NA,NA,NA,NA,NA,NA,NA,NA,NA,NA,NA,NA,NA,NA
"302",NA,NA,0,1,NA,0,0,0,0,NA,NA,0,NA,0,NA,NA,0,0,0,0,0,NA,0,NA,0,NA,0,0,NA,0,0,NA,0,NA,0,0,NA,NA,NA,NA,0,0,0,NA,0,NA,0,NA,NA,0,NA,NA,0,0,0,0,0,0,0,NA,NA,0,NA,NA,0,0,0,NA,NA,NA,NA,NA,NA,NA,NA,NA,NA,NA,NA,NA,NA,NA,NA,NA,NA,NA,NA
"303",NA,NA,1,1,1,NA,1,0,0,NA,NA,0,NA,0,NA,0,0,0,NA,0,0,NA,0,NA,0,0,0,0,0,0,0,NA,0,0,0,0,NA,NA,NA,NA,0,0,0,NA,0,0,0,0,NA,0,0,NA,0,0,0,NA,0,0,NA,NA,NA,0,0,NA,0,0,0,NA,NA,NA,NA,NA,NA,NA,NA,NA,NA,NA,NA,NA,NA,NA,NA,NA,NA,NA,NA
"304",NA,NA,0,1,NA,1,0,0,0,NA,NA,0,NA,0,NA,NA,0,0,0,0,0,NA,0,NA,0,NA,0,0,NA,0,0,NA,0,NA,0,0,NA,NA,NA,NA,0,0,0,NA,0,NA,0,NA,NA,0,NA,NA,0,0,0,0,NA,0,0,NA,NA,0,NA,NA,0,0,0,NA,NA,NA,NA,NA,NA,NA,NA,NA,NA,NA,NA,NA,NA,NA,NA,NA,NA,NA,NA
"305",NA,NA,1,1,0,NA,1,0,0,NA,NA,0,NA,0,NA,0,0,0,NA,0,0,NA,0,NA,0,0,0,0,0,0,0,NA,0,0,0,0,NA,NA,NA,NA,0,0,0,NA,0,0,0,NA,NA,0,0,NA,0,0,0,NA,0,0,NA,NA,NA,0,0,NA,0,0,0,NA,NA,NA,NA,NA,NA,NA,NA,NA,NA,NA,NA,NA,NA,NA,NA,NA,NA,NA,NA
"306",NA,NA,1,0,NA,0,NA,0,0,NA,NA,0,NA,0,NA,NA,0,0,0,0,0,NA,0,NA,0,NA,0,0,NA,0,0,NA,0,NA,0,0,NA,NA,NA,NA,0,0,0,NA,0,NA,0,NA,NA,0,NA,0,0,0,0,0,0,0,0,0,0,0,NA,NA,0,0,0,NA,NA,NA,NA,NA,NA,NA,NA,NA,NA,NA,NA,NA,NA,NA,NA,NA,NA,NA,NA
"307",NA,NA,1,1,0,NA,0,0,0,NA,NA,0,NA,0,NA,0,0,0,NA,0,0,NA,0,NA,0,0,0,0,0,0,0,NA,0,0,0,0,NA,NA,NA,NA,0,0,0,0,0,0,0,NA,NA,0,0,0,0,0,0,NA,0,0,NA,0,0,0,NA,NA,0,0,0,NA,NA,NA,NA,NA,NA,NA,NA,NA,NA,NA,NA,NA,NA,NA,NA,NA,NA,NA,NA
"308",NA,NA,1,1,1,NA,0,0,0,NA,NA,0,NA,0,NA,0,0,0,NA,0,0,NA,0,NA,0,0,0,0,0,0,0,NA,0,0,0,0,NA,NA,NA,NA,0,0,0,0,0,0,0,0,NA,0,0,0,0,0,0,NA,0,0,NA,0,NA,0,NA,NA,0,0,0,NA,NA,NA,NA,NA,NA,NA,NA,NA,NA,NA,NA,NA,NA,NA,NA,NA,NA,NA,NA
"309",NA,NA,1,1,0,NA,0,0,0,NA,NA,0,NA,0,NA,0,0,0,NA,0,0,NA,0,NA,0,0,0,0,0,0,0,NA,0,0,0,0,NA,NA,NA,NA,0,0,0,0,0,0,0,NA,NA,0,0,0,0,0,0,NA,0,0,NA,0,NA,0,NA,NA,0,0,0,NA,NA,NA,NA,NA,NA,NA,NA,NA,NA,NA,NA,NA,NA,NA,NA,NA,NA,NA,NA
"310",NA,NA,1,1,1,NA,0,0,0,NA,NA,0,NA,0,NA,0,0,0,NA,0,0,NA,0,NA,0,0,0,0,0,0,0,NA,0,0,0,0,NA,NA,NA,NA,0,0,0,0,0,0,0,0,NA,0,0,0,0,0,0,NA,0,0,NA,NA,0,0,NA,NA,0,0,0,NA,NA,NA,NA,NA,NA,NA,NA,NA,NA,NA,NA,NA,NA,NA,NA,NA,NA,NA,NA
"311",NA,NA,1,1,1,NA,0,0,0,NA,NA,0,NA,0,NA,0,0,0,NA,0,0,NA,0,NA,0,0,0,0,0,0,0,NA,0,0,0,0,NA,NA,NA,NA,0,0,0,0,0,0,0,0,NA,0,0,NA,0,0,0,NA,0,0,NA,0,0,0,NA,NA,0,0,0,NA,NA,NA,NA,NA,NA,NA,NA,NA,NA,NA,NA,NA,NA,NA,NA,NA,NA,NA,NA
"312",NA,NA,1,1,0,NA,0,0,0,NA,NA,0,NA,0,NA,0,0,0,NA,0,0,NA,0,NA,0,0,0,0,0,0,0,NA,0,0,0,0,NA,NA,NA,NA,0,0,0,0,0,0,0,NA,NA,0,0,0,0,0,0,NA,0,0,NA,NA,0,0,NA,NA,0,0,0,NA,NA,NA,NA,NA,NA,NA,NA,NA,NA,NA,NA,NA,NA,NA,NA,NA,NA,NA,NA
"313",NA,NA,1,1,0,NA,0,0,0,NA,NA,0,NA,0,NA,0,0,0,NA,0,0,NA,0,NA,0,0,0,0,0,0,0,NA,0,0,0,0,NA,NA,NA,NA,0,0,0,0,0,0,0,NA,NA,0,0,NA,0,0,0,NA,0,0,NA,0,0,0,NA,NA,0,0,0,NA,NA,NA,NA,NA,NA,NA,NA,NA,NA,NA,NA,NA,NA,NA,NA,NA,NA,NA,NA
"314",NA,NA,1,1,1,NA,0,0,0,NA,NA,0,NA,0,NA,0,0,0,NA,0,0,NA,0,NA,0,0,0,0,0,0,0,NA,0,0,0,0,NA,NA,NA,NA,0,0,0,0,0,0,0,0,NA,0,0,0,0,0,0,NA,0,0,NA,NA,NA,0,NA,NA,0,0,0,NA,NA,NA,NA,NA,NA,NA,NA,NA,NA,NA,NA,NA,NA,NA,NA,NA,NA,NA,NA
"315",NA,NA,1,1,1,NA,0,0,0,NA,NA,0,NA,0,NA,0,0,0,NA,0,0,NA,0,NA,0,0,0,0,0,0,0,NA,0,0,0,0,NA,NA,NA,NA,0,0,0,0,0,0,0,0,NA,0,0,NA,0,0,0,NA,0,0,NA,0,NA,0,NA,NA,0,0,0,NA,NA,NA,NA,NA,NA,NA,NA,NA,NA,NA,NA,NA,NA,NA,NA,NA,NA,NA,NA
"316",NA,NA,1,1,0,NA,0,0,0,NA,NA,0,NA,0,NA,0,0,0,NA,0,0,NA,0,NA,0,0,0,0,0,0,0,NA,0,0,0,0,NA,NA,NA,NA,0,0,0,0,0,0,0,NA,NA,0,0,0,0,0,0,NA,0,0,NA,NA,NA,0,NA,NA,0,0,0,NA,NA,NA,NA,NA,NA,NA,NA,NA,NA,NA,NA,NA,NA,NA,NA,NA,NA,NA,NA
"317",NA,NA,1,1,0,NA,0,0,0,NA,NA,0,NA,0,NA,0,0,0,NA,0,0,NA,0,NA,0,0,0,0,0,0,0,NA,0,0,0,0,NA,NA,NA,NA,0,0,0,0,0,0,0,NA,NA,0,0,NA,0,0,0,NA,0,0,NA,0,NA,0,NA,NA,0,0,0,NA,NA,NA,NA,NA,NA,NA,NA,NA,NA,NA,NA,NA,NA,NA,NA,NA,NA,NA,NA
"318",NA,NA,1,1,1,NA,0,0,0,NA,NA,0,NA,0,NA,0,0,0,NA,0,0,NA,0,NA,0,0,0,0,0,0,0,NA,0,0,0,0,NA,NA,NA,NA,0,0,0,0,0,0,0,0,NA,0,0,NA,0,0,0,NA,0,0,NA,NA,0,0,NA,NA,0,0,0,NA,NA,NA,NA,NA,NA,NA,NA,NA,NA,NA,NA,NA,NA,NA,NA,NA,NA,NA,NA
"319",NA,NA,1,1,0,NA,0,0,0,NA,NA,0,NA,0,NA,0,0,0,NA,0,0,NA,0,NA,0,0,0,0,0,0,0,NA,0,0,0,0,NA,NA,NA,NA,0,0,0,0,0,0,0,NA,NA,0,0,NA,0,0,0,NA,0,0,NA,NA,0,0,NA,NA,0,0,0,NA,NA,NA,NA,NA,NA,NA,NA,NA,NA,NA,NA,NA,NA,NA,NA,NA,NA,NA,NA
"320",NA,NA,1,1,1,NA,0,0,0,NA,NA,0,NA,0,NA,0,0,0,NA,0,0,NA,0,NA,0,0,0,0,0,0,0,NA,0,0,0,0,NA,NA,NA,NA,0,0,0,0,0,0,0,0,NA,0,0,NA,0,0,0,NA,0,0,NA,NA,NA,0,NA,NA,0,0,0,NA,NA,NA,NA,NA,NA,NA,NA,NA,NA,NA,NA,NA,NA,NA,NA,NA,NA,NA,NA
"321",NA,NA,1,1,0,NA,0,0,0,NA,NA,0,NA,0,NA,0,0,0,NA,0,0,NA,0,NA,0,0,0,0,0,0,0,NA,0,0,0,0,NA,NA,NA,NA,0,0,0,0,0,0,0,NA,NA,0,0,NA,0,0,0,NA,0,0,NA,NA,NA,0,NA,NA,0,0,0,NA,NA,NA,NA,NA,NA,NA,NA,NA,NA,NA,NA,NA,NA,NA,NA,NA,NA,NA,NA
"322",NA,NA,1,1,1,NA,0,0,0,NA,NA,0,NA,0,NA,0,0,0,NA,0,0,NA,0,NA,0,0,0,0,0,0,0,NA,0,0,0,0,NA,NA,NA,NA,0,0,0,NA,0,0,0,0,NA,0,0,0,0,0,0,NA,0,0,NA,0,0,0,NA,NA,0,0,0,NA,NA,NA,NA,NA,NA,NA,NA,NA,NA,NA,NA,NA,NA,NA,NA,NA,NA,NA,NA
"323",NA,NA,1,1,0,NA,0,0,0,NA,NA,0,NA,0,NA,0,0,0,NA,0,0,NA,0,NA,0,0,0,0,0,0,0,NA,0,0,0,0,NA,NA,NA,NA,0,0,0,NA,0,0,0,NA,NA,0,0,0,0,0,0,NA,0,0,NA,0,0,0,NA,NA,0,0,0,NA,NA,NA,NA,NA,NA,NA,NA,NA,NA,NA,NA,NA,NA,NA,NA,NA,NA,NA,NA
"324",NA,NA,1,1,1,NA,0,0,0,NA,NA,0,NA,0,NA,0,0,0,NA,0,0,NA,0,NA,0,0,0,0,0,0,0,NA,0,0,0,0,NA,NA,NA,NA,0,0,0,NA,0,0,0,0,NA,0,0,0,0,0,0,NA,0,0,NA,0,NA,0,NA,NA,0,0,0,NA,NA,NA,NA,NA,NA,NA,NA,NA,NA,NA,NA,NA,NA,NA,NA,NA,NA,NA,NA
"325",NA,NA,1,1,0,NA,0,0,0,NA,NA,0,NA,0,NA,0,0,0,NA,0,0,NA,0,NA,0,0,0,0,0,0,0,NA,0,0,0,0,NA,NA,NA,NA,0,0,0,NA,0,0,0,NA,NA,0,0,0,0,0,0,NA,0,0,NA,0,NA,0,NA,NA,0,0,0,NA,NA,NA,NA,NA,NA,NA,NA,NA,NA,NA,NA,NA,NA,NA,NA,NA,NA,NA,NA
"326",NA,NA,1,1,1,NA,0,0,0,NA,NA,0,NA,0,NA,0,0,0,NA,0,0,NA,0,NA,0,0,0,0,0,0,0,NA,0,0,0,0,NA,NA,NA,NA,0,0,0,NA,0,0,0,0,NA,0,0,0,0,0,0,NA,0,0,NA,NA,0,0,NA,NA,0,0,0,NA,NA,NA,NA,NA,NA,NA,NA,NA,NA,NA,NA,NA,NA,NA,NA,NA,NA,NA,NA
"327",NA,NA,1,1,0,NA,0,0,0,NA,NA,0,NA,0,NA,0,0,0,NA,0,0,NA,0,NA,0,0,0,0,0,0,0,NA,0,0,0,0,NA,NA,NA,NA,0,0,0,NA,0,0,0,NA,NA,0,0,0,0,0,0,NA,0,0,NA,NA,0,0,NA,NA,0,0,0,NA,NA,NA,NA,NA,NA,NA,NA,NA,NA,NA,NA,NA,NA,NA,NA,NA,NA,NA,NA
"328",NA,NA,1,1,1,NA,0,0,0,NA,NA,0,NA,0,NA,0,0,0,NA,0,0,NA,0,NA,0,0,0,0,0,0,0,NA,0,0,0,0,NA,NA,NA,NA,0,0,0,NA,0,0,0,0,NA,0,0,0,0,0,0,NA,0,0,NA,NA,NA,0,NA,NA,0,0,0,NA,NA,NA,NA,NA,NA,NA,NA,NA,NA,NA,NA,NA,NA,NA,NA,NA,NA,NA,NA
"329",NA,NA,1,1,0,NA,0,0,0,NA,NA,0,NA,0,NA,0,0,0,NA,0,0,NA,0,NA,0,0,0,0,0,0,0,NA,0,0,0,0,NA,NA,NA,NA,0,0,0,NA,0,0,0,NA,NA,0,0,0,0,0,0,NA,0,0,NA,NA,NA,0,NA,NA,0,0,0,NA,NA,NA,NA,NA,NA,NA,NA,NA,NA,NA,NA,NA,NA,NA,NA,NA,NA,NA,NA
"330",NA,NA,1,1,1,NA,0,0,0,NA,NA,0,NA,0,NA,0,0,0,NA,0,0,NA,0,NA,0,0,0,0,0,0,0,NA,0,0,0,0,NA,NA,NA,NA,0,0,0,NA,0,0,0,0,NA,0,0,NA,0,0,0,NA,0,0,NA,0,0,0,NA,NA,0,0,0,NA,NA,NA,NA,NA,NA,NA,NA,NA,NA,NA,NA,NA,NA,NA,NA,NA,NA,NA,NA
"331",NA,NA,1,1,0,NA,0,0,0,NA,NA,0,NA,0,NA,0,0,0,NA,0,0,NA,0,NA,0,0,0,0,0,0,0,NA,0,0,0,0,NA,NA,NA,NA,0,0,0,NA,0,0,0,NA,NA,0,0,NA,0,0,0,NA,0,0,NA,0,0,0,NA,NA,0,0,0,NA,NA,NA,NA,NA,NA,NA,NA,NA,NA,NA,NA,NA,NA,NA,NA,NA,NA,NA,NA
"332",NA,NA,1,1,1,NA,0,0,0,NA,NA,0,NA,0,NA,0,0,0,NA,0,0,NA,0,NA,0,0,0,0,0,0,0,NA,0,0,0,0,NA,NA,NA,NA,0,0,0,NA,0,0,0,0,NA,0,0,NA,0,0,0,NA,0,0,NA,0,NA,0,NA,NA,0,0,0,NA,NA,NA,NA,NA,NA,NA,NA,NA,NA,NA,NA,NA,NA,NA,NA,NA,NA,NA,NA
"333",NA,NA,1,1,0,NA,0,0,0,NA,NA,0,NA,0,NA,0,0,0,NA,0,0,NA,0,NA,0,0,0,0,0,0,0,NA,0,0,0,0,NA,NA,NA,NA,0,0,0,NA,0,0,0,NA,NA,0,0,NA,0,0,0,NA,0,0,NA,0,NA,0,NA,NA,0,0,0,NA,NA,NA,NA,NA,NA,NA,NA,NA,NA,NA,NA,NA,NA,NA,NA,NA,NA,NA,NA
"334",NA,NA,0,1,1,NA,0,0,0,NA,NA,0,NA,0,NA,0,0,0,NA,0,0,NA,0,NA,0,0,0,0,0,0,0,NA,0,0,0,0,NA,NA,NA,NA,0,0,0,NA,0,0,0,0,NA,0,0,NA,0,0,0,NA,0,0,NA,NA,0,0,NA,NA,0,0,0,NA,NA,NA,NA,NA,NA,NA,NA,NA,NA,NA,NA,NA,NA,NA,NA,NA,NA,NA,NA
"335",NA,NA,0,1,0,NA,0,0,0,NA,NA,0,NA,0,NA,0,0,0,NA,0,0,NA,0,NA,0,0,0,0,0,0,0,NA,0,0,0,0,NA,NA,NA,NA,0,0,0,NA,0,0,0,NA,NA,0,0,NA,0,0,0,NA,0,0,NA,NA,0,0,NA,NA,0,0,0,NA,NA,NA,NA,NA,NA,NA,NA,NA,NA,NA,NA,NA,NA,NA,NA,NA,NA,NA,NA
"336",NA,NA,0,1,1,NA,0,0,0,NA,NA,0,NA,0,NA,0,0,0,NA,0,0,NA,0,NA,0,0,0,0,0,0,0,NA,0,0,0,0,NA,NA,NA,NA,0,0,0,NA,0,0,0,0,NA,0,0,NA,0,0,0,NA,0,0,NA,NA,NA,0,NA,NA,0,0,0,NA,NA,NA,NA,NA,NA,NA,NA,NA,NA,NA,NA,NA,NA,NA,NA,NA,NA,NA,NA
"337",NA,NA,0,1,0,NA,0,0,0,NA,NA,0,NA,0,NA,0,0,0,NA,0,0,NA,0,NA,0,0,0,0,0,0,0,NA,0,0,0,0,NA,NA,NA,NA,0,0,0,NA,0,0,0,NA,NA,0,0,NA,0,0,0,NA,0,0,NA,NA,NA,0,NA,NA,0,0,0,NA,NA,NA,NA,NA,NA,NA,NA,NA,NA,NA,NA,NA,NA,NA,NA,NA,NA,NA,NA
"338",NA,NA,1,0,NA,1,NA,0,0,NA,NA,0,NA,0,NA,NA,0,0,0,0,0,NA,0,NA,0,NA,0,0,NA,0,0,NA,0,NA,0,0,NA,NA,NA,NA,0,0,0,NA,0,NA,0,NA,NA,0,NA,0,0,0,0,0,NA,0,0,0,0,0,NA,NA,0,0,0,NA,NA,NA,NA,NA,NA,NA,NA,NA,NA,NA,NA,NA,NA,NA,NA,NA,NA,NA,NA
"339",NA,NA,1,0,NA,0,NA,0,0,NA,NA,0,NA,0,NA,NA,0,0,0,0,0,NA,0,NA,0,NA,0,0,NA,0,0,NA,0,NA,0,0,NA,NA,NA,NA,0,0,0,NA,0,NA,0,NA,NA,0,NA,0,0,0,0,0,0,0,0,0,NA,0,NA,NA,0,0,0,NA,NA,NA,NA,NA,NA,NA,NA,NA,NA,NA,NA,NA,NA,NA,NA,NA,NA,NA,NA
"340",NA,NA,1,0,NA,1,NA,0,0,NA,NA,0,NA,0,NA,NA,0,0,0,0,0,NA,0,NA,0,NA,0,0,NA,0,0,NA,0,NA,0,0,NA,NA,NA,NA,0,0,0,NA,0,NA,0,NA,NA,0,NA,0,0,0,0,0,NA,0,0,0,NA,0,NA,NA,0,0,0,NA,NA,NA,NA,NA,NA,NA,NA,NA,NA,NA,NA,NA,NA,NA,NA,NA,NA,NA,NA
"341",NA,NA,1,0,NA,0,NA,0,0,NA,NA,0,NA,0,NA,NA,0,0,0,0,0,NA,0,NA,0,NA,0,0,NA,0,0,NA,0,NA,0,0,NA,NA,NA,NA,0,0,0,NA,0,NA,0,NA,NA,0,NA,NA,0,0,0,0,0,0,0,0,0,0,NA,NA,0,0,0,NA,NA,NA,NA,NA,NA,NA,NA,NA,NA,NA,NA,NA,NA,NA,NA,NA,NA,NA,NA
"342",NA,NA,1,0,NA,1,NA,0,0,NA,NA,0,NA,0,NA,NA,0,0,0,0,0,NA,0,NA,0,NA,0,0,NA,0,0,NA,0,NA,0,0,NA,NA,NA,NA,0,0,0,NA,0,NA,0,NA,NA,0,NA,NA,0,0,0,0,NA,0,0,0,0,0,NA,NA,0,0,0,NA,NA,NA,NA,NA,NA,NA,NA,NA,NA,NA,NA,NA,NA,NA,NA,NA,NA,NA,NA
"343",NA,NA,1,0,NA,0,NA,0,0,NA,NA,0,NA,0,NA,NA,0,0,0,0,0,NA,0,NA,0,NA,0,0,NA,0,0,NA,0,NA,0,0,NA,NA,NA,NA,0,0,0,NA,0,NA,0,NA,NA,0,NA,NA,0,0,0,0,0,0,0,0,NA,0,NA,NA,0,0,0,NA,NA,NA,NA,NA,NA,NA,NA,NA,NA,NA,NA,NA,NA,NA,NA,NA,NA,NA,NA
"344",NA,NA,1,0,NA,1,NA,0,0,NA,NA,0,NA,0,NA,NA,0,0,0,0,0,NA,0,NA,0,NA,0,0,NA,0,0,NA,0,NA,0,0,NA,NA,NA,NA,0,0,0,NA,0,NA,0,NA,NA,0,NA,NA,0,0,0,0,NA,0,0,0,NA,0,NA,NA,0,0,0,NA,NA,NA,NA,NA,NA,NA,NA,NA,NA,NA,NA,NA,NA,NA,NA,NA,NA,NA,NA
"345",NA,NA,1,0,NA,0,NA,0,0,NA,NA,0,NA,0,NA,NA,0,0,0,0,0,NA,0,NA,0,NA,0,0,NA,0,0,NA,0,NA,0,0,NA,NA,NA,NA,0,0,0,NA,0,NA,0,NA,NA,0,NA,0,0,0,0,0,0,0,0,NA,0,0,NA,NA,0,0,0,NA,NA,NA,NA,NA,NA,NA,NA,NA,NA,NA,NA,NA,NA,NA,NA,NA,NA,NA,NA
"346",NA,NA,1,0,NA,1,NA,0,0,NA,NA,0,NA,0,NA,NA,0,0,0,0,0,NA,0,NA,0,NA,0,0,NA,0,0,NA,0,NA,0,0,NA,NA,NA,NA,0,0,0,NA,0,NA,0,NA,NA,0,NA,0,0,0,0,0,NA,0,0,NA,0,0,NA,NA,0,0,0,NA,NA,NA,NA,NA,NA,NA,NA,NA,NA,NA,NA,NA,NA,NA,NA,NA,NA,NA,NA
"347",NA,NA,1,0,NA,0,NA,0,0,NA,NA,0,NA,0,NA,NA,0,0,0,0,0,NA,0,NA,0,NA,0,0,NA,0,0,NA,0,NA,0,0,NA,NA,NA,NA,0,0,0,NA,0,NA,0,NA,NA,0,NA,0,0,0,0,0,0,0,0,NA,NA,0,NA,NA,0,0,0,NA,NA,NA,NA,NA,NA,NA,NA,NA,NA,NA,NA,NA,NA,NA,NA,NA,NA,NA,NA
"348",NA,NA,1,0,NA,1,NA,0,0,NA,NA,0,NA,0,NA,NA,0,0,0,0,0,NA,0,NA,0,NA,0,0,NA,0,0,NA,0,NA,0,0,NA,NA,NA,NA,0,0,0,NA,0,NA,0,NA,NA,0,NA,0,0,0,0,0,NA,0,0,NA,NA,0,NA,NA,0,0,0,NA,NA,NA,NA,NA,NA,NA,NA,NA,NA,NA,NA,NA,NA,NA,NA,NA,NA,NA,NA
"349",NA,NA,0,0,NA,0,NA,0,0,NA,NA,0,NA,0,NA,NA,0,0,0,0,0,NA,0,NA,0,NA,0,0,NA,0,0,NA,0,NA,0,0,NA,NA,NA,NA,0,0,0,NA,0,NA,0,NA,NA,0,NA,NA,0,0,0,0,0,0,0,NA,0,0,NA,NA,0,0,0,NA,NA,NA,NA,NA,NA,NA,NA,NA,NA,NA,NA,NA,NA,NA,NA,NA,NA,NA,NA
"350",NA,NA,0,0,NA,1,NA,0,0,NA,NA,0,NA,0,NA,NA,0,0,0,0,0,NA,0,NA,0,NA,0,0,NA,0,0,NA,0,NA,0,0,NA,NA,NA,NA,0,0,0,NA,0,NA,0,NA,NA,0,NA,NA,0,0,0,0,NA,0,0,NA,0,0,NA,NA,0,0,0,NA,NA,NA,NA,NA,NA,NA,NA,NA,NA,NA,NA,NA,NA,NA,NA,NA,NA,NA,NA
"351",NA,NA,0,0,NA,0,NA,0,0,NA,NA,0,NA,0,NA,NA,0,0,0,0,0,NA,0,NA,0,NA,0,0,NA,0,0,NA,0,NA,0,0,NA,NA,NA,NA,0,0,0,NA,0,NA,0,NA,NA,0,NA,NA,0,0,0,0,0,0,0,NA,NA,0,NA,NA,0,0,0,NA,NA,NA,NA,NA,NA,NA,NA,NA,NA,NA,NA,NA,NA,NA,NA,NA,NA,NA,NA
"352",NA,NA,0,0,NA,1,NA,0,0,NA,NA,0,NA,0,NA,NA,0,0,0,0,0,NA,0,NA,0,NA,0,0,NA,0,0,NA,0,NA,0,0,NA,NA,NA,NA,0,0,0,NA,0,NA,0,NA,NA,0,NA,NA,0,0,0,0,NA,0,0,NA,NA,0,NA,NA,0,0,0,NA,NA,NA,NA,NA,NA,NA,NA,NA,NA,NA,NA,NA,NA,NA,NA,NA,NA,NA,NA
"353",NA,NA,1,0,1,NA,NA,0,0,NA,NA,0,NA,0,NA,0,0,0,NA,0,0,NA,0,NA,0,0,0,0,0,0,0,NA,0,0,0,0,NA,NA,NA,NA,0,0,0,0,0,0,0,0,NA,0,0,0,0,0,0,NA,0,0,NA,0,0,0,NA,NA,0,0,0,NA,NA,NA,NA,NA,NA,NA,NA,NA,NA,NA,NA,NA,NA,NA,NA,NA,NA,NA,NA
"354",NA,NA,1,0,0,NA,NA,0,0,NA,NA,0,NA,0,NA,0,0,0,NA,0,0,NA,0,NA,0,0,0,0,0,0,0,NA,0,0,0,0,NA,NA,NA,NA,0,0,0,0,0,0,0,NA,NA,0,0,0,0,0,0,NA,0,0,NA,0,0,0,NA,NA,0,0,0,NA,NA,NA,NA,NA,NA,NA,NA,NA,NA,NA,NA,NA,NA,NA,NA,NA,NA,NA,NA
"355",NA,NA,1,0,1,NA,NA,0,0,NA,NA,0,NA,0,NA,0,0,0,NA,0,0,NA,0,NA,0,0,0,0,0,0,0,NA,0,0,0,0,NA,NA,NA,NA,0,0,0,0,0,0,0,0,NA,0,0,0,0,0,0,NA,0,0,NA,0,NA,0,NA,NA,0,0,0,NA,NA,NA,NA,NA,NA,NA,NA,NA,NA,NA,NA,NA,NA,NA,NA,NA,NA,NA,NA
"356",NA,NA,1,0,0,NA,NA,0,0,NA,NA,0,NA,0,NA,0,0,0,NA,0,0,NA,0,NA,0,0,0,0,0,0,0,NA,0,0,0,0,NA,NA,NA,NA,0,0,0,0,0,0,0,NA,NA,0,0,0,0,0,0,NA,0,0,NA,0,NA,0,NA,NA,0,0,0,NA,NA,NA,NA,NA,NA,NA,NA,NA,NA,NA,NA,NA,NA,NA,NA,NA,NA,NA,NA
"357",NA,NA,1,0,1,NA,NA,0,0,NA,NA,0,NA,0,NA,0,0,0,NA,0,0,NA,0,NA,0,0,0,0,0,0,0,NA,0,0,0,0,NA,NA,NA,NA,0,0,0,0,0,0,0,0,NA,0,0,NA,0,0,0,NA,0,0,NA,0,0,0,NA,NA,0,0,0,NA,NA,NA,NA,NA,NA,NA,NA,NA,NA,NA,NA,NA,NA,NA,NA,NA,NA,NA,NA
"358",NA,NA,1,0,1,NA,NA,0,0,NA,NA,0,NA,0,NA,0,0,0,NA,0,0,NA,0,NA,0,0,0,0,0,0,0,NA,0,0,0,0,NA,NA,NA,NA,0,0,0,0,0,0,0,0,NA,0,0,0,0,0,0,NA,0,0,NA,NA,0,0,NA,NA,0,0,0,NA,NA,NA,NA,NA,NA,NA,NA,NA,NA,NA,NA,NA,NA,NA,NA,NA,NA,NA,NA
"359",NA,NA,1,0,0,NA,NA,0,0,NA,NA,0,NA,0,NA,0,0,0,NA,0,0,NA,0,NA,0,0,0,0,0,0,0,NA,0,0,0,0,NA,NA,NA,NA,0,0,0,0,0,0,0,NA,NA,0,0,NA,0,0,0,NA,0,0,NA,0,0,0,NA,NA,0,0,0,NA,NA,NA,NA,NA,NA,NA,NA,NA,NA,NA,NA,NA,NA,NA,NA,NA,NA,NA,NA
"360",NA,NA,1,0,0,NA,NA,0,0,NA,NA,0,NA,0,NA,0,0,0,NA,0,0,NA,0,NA,0,0,0,0,0,0,0,NA,0,0,0,0,NA,NA,NA,NA,0,0,0,0,0,0,0,NA,NA,0,0,0,0,0,0,NA,0,0,NA,NA,0,0,NA,NA,0,0,0,NA,NA,NA,NA,NA,NA,NA,NA,NA,NA,NA,NA,NA,NA,NA,NA,NA,NA,NA,NA
"361",NA,NA,1,0,1,NA,NA,0,0,NA,NA,0,NA,0,NA,0,0,0,NA,0,0,NA,0,NA,0,0,0,0,0,0,0,NA,0,0,0,0,NA,NA,NA,NA,0,0,0,0,0,0,0,0,NA,0,0,NA,0,0,0,NA,0,0,NA,0,NA,0,NA,NA,0,0,0,NA,NA,NA,NA,NA,NA,NA,NA,NA,NA,NA,NA,NA,NA,NA,NA,NA,NA,NA,NA
"362",NA,NA,1,0,1,NA,NA,0,0,NA,NA,0,NA,0,NA,0,0,0,NA,0,0,NA,0,NA,0,0,0,0,0,0,0,NA,0,0,0,0,NA,NA,NA,NA,0,0,0,0,0,0,0,0,NA,0,0,0,0,0,0,NA,0,0,NA,NA,NA,0,NA,NA,0,0,0,NA,NA,NA,NA,NA,NA,NA,NA,NA,NA,NA,NA,NA,NA,NA,NA,NA,NA,NA,NA
"363",NA,NA,1,0,0,NA,NA,0,0,NA,NA,0,NA,0,NA,0,0,0,NA,0,0,NA,0,NA,0,0,0,0,0,0,0,NA,0,0,0,0,NA,NA,NA,NA,0,0,0,0,0,0,0,NA,NA,0,0,NA,0,0,0,NA,0,0,NA,0,NA,0,NA,NA,0,0,0,NA,NA,NA,NA,NA,NA,NA,NA,NA,NA,NA,NA,NA,NA,NA,NA,NA,NA,NA,NA
"364",NA,NA,1,0,0,NA,NA,0,0,NA,NA,0,NA,0,NA,0,0,0,NA,0,0,NA,0,NA,0,0,0,0,0,0,0,NA,0,0,0,0,NA,NA,NA,NA,0,0,0,0,0,0,0,NA,NA,0,0,0,0,0,0,NA,0,0,NA,NA,NA,0,NA,NA,0,0,0,NA,NA,NA,NA,NA,NA,NA,NA,NA,NA,NA,NA,NA,NA,NA,NA,NA,NA,NA,NA
"365",NA,NA,1,0,1,NA,NA,0,0,NA,NA,0,NA,0,NA,0,0,0,NA,0,0,NA,0,NA,0,0,0,0,0,0,0,NA,0,0,0,0,NA,NA,NA,NA,0,0,0,0,0,0,0,0,NA,0,0,NA,0,0,0,NA,0,0,NA,NA,0,0,NA,NA,0,0,0,NA,NA,NA,NA,NA,NA,NA,NA,NA,NA,NA,NA,NA,NA,NA,NA,NA,NA,NA,NA
"366",NA,NA,1,0,0,NA,NA,0,0,NA,NA,0,NA,0,NA,0,0,0,NA,0,0,NA,0,NA,0,0,0,0,0,0,0,NA,0,0,0,0,NA,NA,NA,NA,0,0,0,0,0,0,0,NA,NA,0,0,NA,0,0,0,NA,0,0,NA,NA,0,0,NA,NA,0,0,0,NA,NA,NA,NA,NA,NA,NA,NA,NA,NA,NA,NA,NA,NA,NA,NA,NA,NA,NA,NA
"367",NA,NA,1,0,1,NA,NA,0,0,NA,NA,0,NA,0,NA,0,0,0,NA,0,0,NA,0,NA,0,0,0,0,0,0,0,NA,0,0,0,0,NA,NA,NA,NA,0,0,0,0,0,0,0,0,NA,0,0,NA,0,0,0,NA,0,0,NA,NA,NA,0,NA,NA,0,0,0,NA,NA,NA,NA,NA,NA,NA,NA,NA,NA,NA,NA,NA,NA,NA,NA,NA,NA,NA,NA
"368",NA,NA,1,0,0,NA,NA,0,0,NA,NA,0,NA,0,NA,0,0,0,NA,0,0,NA,0,NA,0,0,0,0,0,0,0,NA,0,0,0,0,NA,NA,NA,NA,0,0,0,0,0,0,0,NA,NA,0,0,NA,0,0,0,NA,0,0,NA,NA,NA,0,NA,NA,0,0,0,NA,NA,NA,NA,NA,NA,NA,NA,NA,NA,NA,NA,NA,NA,NA,NA,NA,NA,NA,NA
"369",NA,NA,1,0,1,NA,NA,0,0,NA,NA,0,NA,0,NA,0,0,0,NA,0,0,NA,0,NA,0,0,0,0,0,0,0,NA,0,0,0,0,NA,NA,NA,NA,0,0,0,NA,0,0,0,0,NA,0,0,0,0,0,0,NA,0,0,NA,0,0,0,NA,NA,0,0,0,NA,NA,NA,NA,NA,NA,NA,NA,NA,NA,NA,NA,NA,NA,NA,NA,NA,NA,NA,NA
"370",NA,NA,1,0,0,NA,NA,0,0,NA,NA,0,NA,0,NA,0,0,0,NA,0,0,NA,0,NA,0,0,0,0,0,0,0,NA,0,0,0,0,NA,NA,NA,NA,0,0,0,NA,0,0,0,NA,NA,0,0,0,0,0,0,NA,0,0,NA,0,0,0,NA,NA,0,0,0,NA,NA,NA,NA,NA,NA,NA,NA,NA,NA,NA,NA,NA,NA,NA,NA,NA,NA,NA,NA
"371",NA,NA,1,0,1,NA,NA,0,0,NA,NA,0,NA,0,NA,0,0,0,NA,0,0,NA,0,NA,0,0,0,0,0,0,0,NA,0,0,0,0,NA,NA,NA,NA,0,0,0,NA,0,0,0,0,NA,0,0,0,0,0,0,NA,0,0,NA,0,NA,0,NA,NA,0,0,0,NA,NA,NA,NA,NA,NA,NA,NA,NA,NA,NA,NA,NA,NA,NA,NA,NA,NA,NA,NA
"372",NA,NA,1,0,0,NA,NA,0,0,NA,NA,0,NA,0,NA,0,0,0,NA,0,0,NA,0,NA,0,0,0,0,0,0,0,NA,0,0,0,0,NA,NA,NA,NA,0,0,0,NA,0,0,0,NA,NA,0,0,0,0,0,0,NA,0,0,NA,0,NA,0,NA,NA,0,0,0,NA,NA,NA,NA,NA,NA,NA,NA,NA,NA,NA,NA,NA,NA,NA,NA,NA,NA,NA,NA
"373",NA,NA,1,0,1,NA,NA,0,0,NA,NA,0,NA,0,NA,0,0,0,NA,0,0,NA,0,NA,0,0,0,0,0,0,0,NA,0,0,0,0,NA,NA,NA,NA,0,0,0,NA,0,0,0,0,NA,0,0,NA,0,0,0,NA,0,0,NA,0,0,0,NA,NA,0,0,0,NA,NA,NA,NA,NA,NA,NA,NA,NA,NA,NA,NA,NA,NA,NA,NA,NA,NA,NA,NA
"374",NA,NA,1,0,1,NA,NA,0,0,NA,NA,0,NA,0,NA,0,0,0,NA,0,0,NA,0,NA,0,0,0,0,0,0,0,NA,0,0,0,0,NA,NA,NA,NA,0,0,0,NA,0,0,0,0,NA,0,0,0,0,0,0,NA,0,0,NA,NA,0,0,NA,NA,0,0,0,NA,NA,NA,NA,NA,NA,NA,NA,NA,NA,NA,NA,NA,NA,NA,NA,NA,NA,NA,NA
"375",NA,NA,1,0,0,NA,NA,0,0,NA,NA,0,NA,0,NA,0,0,0,NA,0,0,NA,0,NA,0,0,0,0,0,0,0,NA,0,0,0,0,NA,NA,NA,NA,0,0,0,NA,0,0,0,NA,NA,0,0,NA,0,0,0,NA,0,0,NA,0,0,0,NA,NA,0,0,0,NA,NA,NA,NA,NA,NA,NA,NA,NA,NA,NA,NA,NA,NA,NA,NA,NA,NA,NA,NA
"376",NA,NA,1,0,0,NA,NA,0,0,NA,NA,0,NA,0,NA,0,0,0,NA,0,0,NA,0,NA,0,0,0,0,0,0,0,NA,0,0,0,0,NA,NA,NA,NA,0,0,0,NA,0,0,0,NA,NA,0,0,0,0,0,0,NA,0,0,NA,NA,0,0,NA,NA,0,0,0,NA,NA,NA,NA,NA,NA,NA,NA,NA,NA,NA,NA,NA,NA,NA,NA,NA,NA,NA,NA
"377",NA,NA,1,0,1,NA,NA,0,0,NA,NA,0,NA,0,NA,0,0,0,NA,0,0,NA,0,NA,0,0,0,0,0,0,0,NA,0,0,0,0,NA,NA,NA,NA,0,0,0,NA,0,0,0,0,NA,0,0,NA,0,0,0,NA,0,0,NA,0,NA,0,NA,NA,0,0,0,NA,NA,NA,NA,NA,NA,NA,NA,NA,NA,NA,NA,NA,NA,NA,NA,NA,NA,NA,NA
"378",NA,NA,1,0,1,NA,NA,0,0,NA,NA,0,NA,0,NA,0,0,0,NA,0,0,NA,0,NA,0,0,0,0,0,0,0,NA,0,0,0,0,NA,NA,NA,NA,0,0,0,NA,0,0,0,0,NA,0,0,0,0,0,0,NA,0,0,NA,NA,NA,0,NA,NA,0,0,0,NA,NA,NA,NA,NA,NA,NA,NA,NA,NA,NA,NA,NA,NA,NA,NA,NA,NA,NA,NA
"379",NA,NA,1,0,0,NA,NA,0,0,NA,NA,0,NA,0,NA,0,0,0,NA,0,0,NA,0,NA,0,0,0,0,0,0,0,NA,0,0,0,0,NA,NA,NA,NA,0,0,0,NA,0,0,0,NA,NA,0,0,NA,0,0,0,NA,0,0,NA,0,NA,0,NA,NA,0,0,0,NA,NA,NA,NA,NA,NA,NA,NA,NA,NA,NA,NA,NA,NA,NA,NA,NA,NA,NA,NA
"380",NA,NA,1,0,0,NA,NA,0,0,NA,NA,0,NA,0,NA,0,0,0,NA,0,0,NA,0,NA,0,0,0,0,0,0,0,NA,0,0,0,0,NA,NA,NA,NA,0,0,0,NA,0,0,0,NA,NA,0,0,0,0,0,0,NA,0,0,NA,NA,NA,0,NA,NA,0,0,0,NA,NA,NA,NA,NA,NA,NA,NA,NA,NA,NA,NA,NA,NA,NA,NA,NA,NA,NA,NA
"381",NA,NA,0,0,1,NA,NA,0,0,NA,NA,0,NA,0,NA,0,0,0,NA,0,0,NA,0,NA,0,0,0,0,0,0,0,NA,0,0,0,0,NA,NA,NA,NA,0,0,0,NA,0,0,0,0,NA,0,0,NA,0,0,0,NA,0,0,NA,NA,0,0,NA,NA,0,0,0,NA,NA,NA,NA,NA,NA,NA,NA,NA,NA,NA,NA,NA,NA,NA,NA,NA,NA,NA,NA
"382",NA,NA,0,0,0,NA,NA,0,0,NA,NA,0,NA,0,NA,0,0,0,NA,0,0,NA,0,NA,0,0,0,0,0,0,0,NA,0,0,0,0,NA,NA,NA,NA,0,0,0,NA,0,0,0,NA,NA,0,0,NA,0,0,0,NA,0,0,NA,NA,0,0,NA,NA,0,0,0,NA,NA,NA,NA,NA,NA,NA,NA,NA,NA,NA,NA,NA,NA,NA,NA,NA,NA,NA,NA
"383",NA,NA,0,0,1,NA,NA,0,0,NA,NA,0,NA,0,NA,0,0,0,NA,0,0,NA,0,NA,0,0,0,0,0,0,0,NA,0,0,0,0,NA,NA,NA,NA,0,0,0,NA,0,0,0,0,NA,0,0,NA,0,0,0,NA,0,0,NA,NA,NA,0,NA,NA,0,0,0,NA,NA,NA,NA,NA,NA,NA,NA,NA,NA,NA,NA,NA,NA,NA,NA,NA,NA,NA,NA
"384",NA,NA,0,0,0,NA,NA,0,0,NA,NA,0,NA,0,NA,0,0,0,NA,0,0,NA,0,NA,0,0,0,0,0,0,0,NA,0,0,0,0,NA,NA,NA,NA,0,0,0,NA,0,0,0,NA,NA,0,0,NA,0,0,0,NA,0,0,NA,NA,NA,0,NA,NA,0,0,0,NA,NA,NA,NA,NA,NA,NA,NA,NA,NA,NA,NA,NA,NA,NA,NA,NA,NA,NA,NA
"385",NA,NA,NA,1,1,NA,0,1,1,0,NA,0,0,0,NA,NA,NA,0,0,0,0,NA,NA,NA,0,NA,0,0,NA,NA,0,NA,NA,0,0,NA,0,NA,NA,NA,0,0,0,NA,0,0,0,0,0,0,NA,NA,0,0,0,0,0,0,NA,NA,0,0,NA,0,0,NA,NA,NA,NA,NA,NA,NA,NA,NA,NA,NA,NA,NA,NA,NA,NA,NA,NA,NA,NA,NA,NA
"386",NA,NA,NA,1,1,NA,0,1,1,0,NA,0,0,0,NA,NA,NA,0,0,0,0,NA,NA,NA,0,NA,0,0,NA,NA,0,NA,NA,0,0,NA,0,NA,NA,NA,0,0,0,NA,0,0,0,0,0,0,NA,NA,0,0,0,0,0,0,NA,NA,NA,0,NA,0,0,NA,NA,NA,NA,NA,NA,NA,NA,NA,NA,NA,NA,NA,NA,NA,NA,NA,NA,NA,NA,NA,NA
"387",NA,NA,NA,1,1,NA,0,1,1,0,NA,0,0,0,NA,NA,NA,0,0,0,0,NA,NA,NA,0,NA,0,0,NA,NA,0,NA,NA,0,0,NA,0,NA,NA,NA,0,0,0,NA,0,0,0,NA,0,0,NA,NA,0,0,0,0,0,0,NA,NA,0,0,NA,0,0,NA,NA,NA,NA,NA,NA,NA,NA,NA,NA,NA,NA,NA,NA,NA,NA,NA,NA,NA,NA,NA,NA
"388",NA,NA,NA,1,1,NA,0,1,1,0,NA,0,0,0,NA,NA,NA,0,0,0,0,NA,NA,NA,0,NA,0,0,NA,NA,0,NA,NA,0,0,NA,0,NA,NA,NA,0,0,0,NA,0,0,0,NA,0,0,NA,NA,0,0,0,0,0,0,NA,NA,NA,0,NA,0,0,NA,NA,NA,NA,NA,NA,NA,NA,NA,NA,NA,NA,NA,NA,NA,NA,NA,NA,NA,NA,NA,NA
"389",NA,NA,NA,1,1,NA,0,1,1,0,NA,0,0,0,NA,NA,NA,0,0,0,0,NA,NA,NA,0,NA,0,0,NA,NA,0,NA,NA,0,0,NA,0,NA,NA,NA,0,0,0,NA,0,0,0,0,0,0,NA,NA,0,0,NA,0,0,0,NA,NA,0,0,NA,0,0,NA,NA,NA,NA,NA,NA,NA,NA,NA,NA,NA,NA,NA,NA,NA,NA,NA,NA,NA,NA,NA,NA
"390",NA,NA,NA,1,1,NA,0,1,1,0,NA,0,0,0,NA,NA,NA,0,0,0,0,NA,NA,NA,0,NA,0,0,NA,NA,0,NA,NA,0,0,NA,0,NA,NA,NA,0,0,0,NA,0,0,0,0,0,0,NA,NA,0,0,NA,0,0,0,NA,NA,NA,0,NA,0,0,NA,NA,NA,NA,NA,NA,NA,NA,NA,NA,NA,NA,NA,NA,NA,NA,NA,NA,NA,NA,NA,NA
"391",NA,NA,NA,1,1,NA,0,1,1,0,NA,0,0,0,NA,NA,NA,0,0,0,0,NA,NA,NA,0,NA,0,0,NA,NA,0,NA,NA,0,0,NA,0,NA,NA,NA,0,0,0,NA,0,0,0,NA,0,0,NA,NA,0,0,NA,0,0,0,NA,NA,0,0,NA,0,0,NA,NA,NA,NA,NA,NA,NA,NA,NA,NA,NA,NA,NA,NA,NA,NA,NA,NA,NA,NA,NA,NA
"392",NA,NA,NA,1,1,NA,0,1,1,0,NA,0,0,0,NA,NA,NA,0,0,0,0,NA,NA,NA,0,NA,0,0,NA,NA,0,NA,NA,0,0,NA,0,NA,NA,NA,0,0,0,NA,0,0,0,NA,0,0,NA,NA,0,0,NA,0,0,0,NA,NA,NA,0,NA,0,0,NA,NA,NA,NA,NA,NA,NA,NA,NA,NA,NA,NA,NA,NA,NA,NA,NA,NA,NA,NA,NA,NA
"393",NA,NA,NA,1,1,NA,0,1,0,0,NA,0,0,0,NA,NA,NA,0,0,0,0,NA,NA,NA,0,NA,0,0,NA,NA,NA,NA,NA,0,0,NA,0,NA,NA,NA,0,0,0,NA,0,0,0,0,0,0,NA,NA,0,0,0,0,0,0,NA,NA,0,0,NA,0,0,NA,NA,NA,NA,NA,NA,NA,NA,NA,NA,NA,NA,NA,NA,NA,NA,NA,NA,NA,NA,NA,NA
"394",NA,NA,NA,1,1,NA,0,1,0,0,NA,0,0,0,NA,NA,NA,0,0,0,0,NA,NA,NA,0,NA,0,0,NA,NA,NA,NA,NA,0,0,NA,0,NA,NA,NA,0,0,0,NA,0,0,0,0,0,0,NA,NA,0,0,0,0,0,0,NA,NA,NA,0,NA,0,0,NA,NA,NA,NA,NA,NA,NA,NA,NA,NA,NA,NA,NA,NA,NA,NA,NA,NA,NA,NA,NA,NA
"395",NA,NA,NA,1,1,NA,0,1,0,0,NA,0,0,0,NA,NA,NA,0,0,0,0,NA,NA,NA,0,NA,0,0,NA,NA,NA,NA,NA,0,0,NA,0,NA,NA,NA,0,0,0,NA,0,0,0,NA,0,0,NA,NA,0,0,0,0,0,0,NA,NA,0,0,NA,0,0,NA,NA,NA,NA,NA,NA,NA,NA,NA,NA,NA,NA,NA,NA,NA,NA,NA,NA,NA,NA,NA,NA
"396",NA,NA,NA,1,1,NA,0,1,0,0,NA,0,0,0,NA,NA,NA,0,0,0,0,NA,NA,NA,0,NA,0,0,NA,NA,NA,NA,NA,0,0,NA,0,NA,NA,NA,0,0,0,NA,0,0,0,NA,0,0,NA,NA,0,0,0,0,0,0,NA,NA,NA,0,NA,0,0,NA,NA,NA,NA,NA,NA,NA,NA,NA,NA,NA,NA,NA,NA,NA,NA,NA,NA,NA,NA,NA,NA
"397",NA,NA,NA,1,1,NA,0,1,0,0,NA,0,0,0,NA,NA,NA,0,0,0,0,NA,NA,NA,0,NA,0,0,NA,NA,NA,NA,NA,0,0,NA,0,NA,NA,NA,0,0,0,NA,0,0,0,0,0,0,NA,NA,0,0,NA,0,0,0,NA,NA,0,0,NA,0,0,NA,NA,NA,NA,NA,NA,NA,NA,NA,NA,NA,NA,NA,NA,NA,NA,NA,NA,NA,NA,NA,NA
"398",NA,NA,NA,1,1,NA,0,1,0,0,NA,0,0,0,NA,NA,NA,0,0,0,0,NA,NA,NA,0,NA,0,0,NA,NA,NA,NA,NA,0,0,NA,0,NA,NA,NA,0,0,0,NA,0,0,0,0,0,0,NA,NA,0,0,NA,0,0,0,NA,NA,NA,0,NA,0,0,NA,NA,NA,NA,NA,NA,NA,NA,NA,NA,NA,NA,NA,NA,NA,NA,NA,NA,NA,NA,NA,NA
"399",NA,NA,NA,1,1,NA,0,1,0,0,NA,0,0,0,NA,NA,NA,0,0,0,0,NA,NA,NA,0,NA,0,0,NA,NA,NA,NA,NA,0,0,NA,0,NA,NA,NA,0,0,0,NA,0,0,0,NA,0,0,NA,NA,0,0,NA,0,0,0,NA,NA,0,0,NA,0,0,NA,NA,NA,NA,NA,NA,NA,NA,NA,NA,NA,NA,NA,NA,NA,NA,NA,NA,NA,NA,NA,NA
"400",NA,NA,NA,1,1,NA,0,1,0,0,NA,0,0,0,NA,NA,NA,0,0,0,0,NA,NA,NA,0,NA,0,0,NA,NA,NA,NA,NA,0,0,NA,0,NA,NA,NA,0,0,0,NA,0,0,0,NA,0,0,NA,NA,0,0,NA,0,0,0,NA,NA,NA,0,NA,0,0,NA,NA,NA,NA,NA,NA,NA,NA,NA,NA,NA,NA,NA,NA,NA,NA,NA,NA,NA,NA,NA,NA
"401",NA,NA,NA,1,1,NA,NA,1,1,0,NA,0,0,0,NA,NA,NA,0,0,0,0,NA,NA,NA,0,NA,0,0,NA,NA,0,NA,NA,0,0,NA,0,NA,NA,NA,0,0,0,NA,0,0,0,0,0,0,NA,NA,0,0,0,0,0,0,NA,NA,0,0,NA,0,0,NA,NA,NA,NA,NA,NA,NA,NA,NA,NA,NA,NA,NA,NA,NA,NA,NA,NA,NA,NA,NA,NA
"402",NA,NA,NA,1,1,NA,NA,1,1,0,NA,0,0,0,NA,NA,NA,0,0,0,0,NA,NA,NA,0,NA,0,0,NA,NA,0,NA,NA,0,0,NA,0,NA,NA,NA,0,0,0,NA,0,0,0,0,0,0,NA,NA,0,0,0,0,0,0,NA,NA,NA,0,NA,0,0,NA,NA,NA,NA,NA,NA,NA,NA,NA,NA,NA,NA,NA,NA,NA,NA,NA,NA,NA,NA,NA,NA
"403",NA,NA,NA,1,1,NA,NA,1,1,0,NA,0,0,0,NA,NA,NA,0,0,0,0,NA,NA,NA,0,NA,0,0,NA,NA,0,NA,NA,0,0,NA,0,NA,NA,NA,0,0,0,NA,0,0,0,NA,0,0,NA,NA,0,0,0,0,0,0,NA,NA,0,0,NA,0,0,NA,NA,NA,NA,NA,NA,NA,NA,NA,NA,NA,NA,NA,NA,NA,NA,NA,NA,NA,NA,NA,NA
"404",NA,NA,NA,1,1,NA,NA,1,1,0,NA,0,0,0,NA,NA,NA,0,0,0,0,NA,NA,NA,0,NA,0,0,NA,NA,0,NA,NA,0,0,NA,0,NA,NA,NA,0,0,0,NA,0,0,0,NA,0,0,NA,NA,0,0,0,0,0,0,NA,NA,NA,0,NA,0,0,NA,NA,NA,NA,NA,NA,NA,NA,NA,NA,NA,NA,NA,NA,NA,NA,NA,NA,NA,NA,NA,NA
"405",NA,NA,NA,1,1,NA,NA,1,1,0,NA,0,0,0,NA,NA,NA,0,0,0,0,NA,NA,NA,0,NA,0,0,NA,NA,0,NA,NA,0,0,NA,0,NA,NA,NA,0,0,0,NA,0,0,0,0,0,0,NA,NA,0,0,NA,0,0,0,NA,NA,0,0,NA,0,0,NA,NA,NA,NA,NA,NA,NA,NA,NA,NA,NA,NA,NA,NA,NA,NA,NA,NA,NA,NA,NA,NA
"406",NA,NA,NA,1,1,NA,NA,1,1,0,NA,0,0,0,NA,NA,NA,0,0,0,0,NA,NA,NA,0,NA,0,0,NA,NA,0,NA,NA,0,0,NA,0,NA,NA,NA,0,0,0,NA,0,0,0,0,0,0,NA,NA,0,0,NA,0,0,0,NA,NA,NA,0,NA,0,0,NA,NA,NA,NA,NA,NA,NA,NA,NA,NA,NA,NA,NA,NA,NA,NA,NA,NA,NA,NA,NA,NA
"407",NA,NA,NA,1,1,NA,NA,1,1,0,NA,0,0,0,NA,NA,NA,0,0,0,0,NA,NA,NA,0,NA,0,0,NA,NA,0,NA,NA,0,0,NA,0,NA,NA,NA,0,0,0,NA,0,0,0,NA,0,0,NA,NA,0,0,NA,0,0,0,NA,NA,0,0,NA,0,0,NA,NA,NA,NA,NA,NA,NA,NA,NA,NA,NA,NA,NA,NA,NA,NA,NA,NA,NA,NA,NA,NA
"408",NA,NA,NA,1,1,NA,NA,1,1,0,NA,0,0,0,NA,NA,NA,0,0,0,0,NA,NA,NA,0,NA,0,0,NA,NA,0,NA,NA,0,0,NA,0,NA,NA,NA,0,0,0,NA,0,0,0,NA,0,0,NA,NA,0,0,NA,0,0,0,NA,NA,NA,0,NA,0,0,NA,NA,NA,NA,NA,NA,NA,NA,NA,NA,NA,NA,NA,NA,NA,NA,NA,NA,NA,NA,NA,NA
"409",NA,NA,NA,1,1,NA,NA,1,0,0,NA,0,0,0,NA,NA,NA,0,0,0,0,NA,NA,NA,0,NA,0,0,NA,NA,NA,NA,NA,0,0,NA,0,NA,NA,NA,0,0,0,NA,0,0,0,0,0,0,NA,NA,0,0,0,0,0,0,NA,NA,0,0,NA,0,0,NA,NA,NA,NA,NA,NA,NA,NA,NA,NA,NA,NA,NA,NA,NA,NA,NA,NA,NA,NA,NA,NA
"410",NA,NA,NA,0,1,NA,NA,1,0,0,NA,0,0,0,NA,NA,NA,0,0,0,0,NA,NA,NA,0,NA,0,0,NA,NA,NA,NA,NA,0,0,NA,0,NA,NA,NA,0,0,0,NA,0,0,0,0,0,0,NA,NA,0,0,0,0,0,0,NA,NA,NA,0,NA,0,0,NA,NA,NA,NA,NA,NA,NA,NA,NA,NA,NA,NA,NA,NA,NA,NA,NA,NA,NA,NA,NA,NA
"411",NA,NA,NA,1,1,NA,NA,1,0,0,NA,0,0,0,NA,NA,NA,0,0,0,0,NA,NA,NA,0,NA,0,0,NA,NA,NA,NA,NA,0,0,NA,0,NA,NA,NA,0,0,0,NA,0,0,0,NA,0,0,NA,NA,0,0,0,0,0,0,NA,NA,0,0,NA,0,0,NA,NA,NA,NA,NA,NA,NA,NA,NA,NA,NA,NA,NA,NA,NA,NA,NA,NA,NA,NA,NA,NA
"412",NA,NA,NA,0,1,NA,NA,1,0,0,NA,0,0,0,NA,NA,NA,0,0,0,0,NA,NA,NA,0,NA,0,0,NA,NA,NA,NA,NA,0,0,NA,0,NA,NA,NA,0,0,0,NA,0,0,0,NA,0,0,NA,NA,0,0,0,0,0,0,NA,NA,NA,0,NA,0,0,NA,NA,NA,NA,NA,NA,NA,NA,NA,NA,NA,NA,NA,NA,NA,NA,NA,NA,NA,NA,NA,NA
"413",NA,NA,NA,1,1,NA,NA,1,0,0,NA,0,0,0,NA,NA,NA,0,0,0,0,NA,NA,NA,0,NA,0,0,NA,NA,NA,NA,NA,0,0,NA,0,NA,NA,NA,0,0,0,NA,0,0,0,0,0,0,NA,NA,0,0,NA,0,0,0,NA,NA,0,0,NA,0,0,NA,NA,NA,NA,NA,NA,NA,NA,NA,NA,NA,NA,NA,NA,NA,NA,NA,NA,NA,NA,NA,NA
"414",NA,NA,NA,0,1,NA,NA,1,0,0,NA,0,0,0,NA,NA,NA,0,0,0,0,NA,NA,NA,0,NA,0,0,NA,NA,NA,NA,NA,0,0,NA,0,NA,NA,NA,0,0,0,NA,0,0,0,0,0,0,NA,NA,0,0,NA,0,0,0,NA,NA,NA,0,NA,0,0,NA,NA,NA,NA,NA,NA,NA,NA,NA,NA,NA,NA,NA,NA,NA,NA,NA,NA,NA,NA,NA,NA
"415",NA,NA,NA,1,1,NA,NA,1,0,0,NA,0,0,0,NA,NA,NA,0,0,0,0,NA,NA,NA,0,NA,0,0,NA,NA,NA,NA,NA,0,0,NA,0,NA,NA,NA,0,0,0,NA,0,0,0,NA,0,0,NA,NA,0,0,NA,0,0,0,NA,NA,0,0,NA,0,0,NA,NA,NA,NA,NA,NA,NA,NA,NA,NA,NA,NA,NA,NA,NA,NA,NA,NA,NA,NA,NA,NA
"416",NA,NA,NA,0,1,NA,NA,1,0,0,NA,0,0,0,NA,NA,NA,0,0,0,0,NA,NA,NA,0,NA,0,0,NA,NA,NA,NA,NA,0,0,NA,0,NA,NA,NA,0,0,0,NA,0,0,0,NA,0,0,NA,NA,0,0,NA,0,0,0,NA,NA,NA,0,NA,0,0,NA,NA,NA,NA,NA,NA,NA,NA,NA,NA,NA,NA,NA,NA,NA,NA,NA,NA,NA,NA,NA,NA
"417",1,1,0.958333333333333,0.682692307692308,0.571428571428571,0.5,0.470588235294118,0.0769230769230769,0.0384615384615385,0,0,0,0,0,0,0,0,0,0,0,0,0,0,0,0,0,0,0,0,0,0,0,0,0,0,0,0,0,0,0,0,0,0,0,0,0,0,0,0,0,0,0,0,0,0,0,0,0,0,0,0,0,0,0,0,0,0,NA,NA,NA,NA,NA,NA,NA,NA,NA,NA,NA,NA,NA,NA,NA,NA,NA,NA,NA,NA
"418",0.461538461538462,0.461538461538462,0.923076923076923,1,0.538461538461538,0.461538461538462,0.653846153846154,1,1,0.108173076923077,0.0288461538461539,1,0.125,0.980769230769231,0.0120192307692307,0.461538461538462,0.923076923076923,1,0.538461538461538,1,1,0.0288461538461539,0.923076923076923,0.0288461538461539,1,0.461538461538462,1,1,0.461538461538462,0.923076923076923,0.961538461538462,0.0192307692307693,0.923076923076923,0.538461538461538,1,0.923076923076923,0.0769230769230769,0.0192307692307693,0.0288461538461539,0.0288461538461539,1,1,1,0.461538461538462,1,0.538461538461538,1,0.269230769230769,0.0769230769230769,1,0.461538461538462,0.461538461538462,1,1,0.961538461538462,0.538461538461538,0.769230769230769,1,0.461538461538462,0.461538461538462,0.5,1,0.307692307692308,0.0769230769230769,1,0.903846153846154,0.923076923076923,0,0,0,0,0,0,0,0,0,0,0,0,0,0,0,0,0,0,0,0
