"","crp","phoB","rcsB","lrp","fur","cra","soxS","rcsA","gadX","leuO","ompR","evgA","bglJ","ydeO","gadW","rob","narL","soxR","hdfR","csgD","yjjQ","mlrA","marR","ptsG","rhaR","galR","mlc","rhaS","pdhR","xylR","uxuR","argP","adiY","flhD","dcuR","metJ","zraR","dnaA","metR","cusR","puuR","melR","araC","idnR","mraZ","pdeL","fucR","tdcA","lsrR","glcC","nhaR","hyfR","yeiL","dpiA","betI","hns","fnr","fis","arcA","gadE","fliZ","marA","oxyR","stpA","glnG","fhlA","srlR","mazE","galS","nac","gutM","exuR","mazF","cspA","flhC","asnC","yiaJ","putA","cadC","yqjI","malI","purR","prpR","nikR","aidB","rbsR","lldR"
"1",NA,NA,0,0,NA,0,0,NA,0,0,NA,0,0,0,0,NA,0,0,0,0,0,0,NA,NA,NA,0,0,NA,NA,NA,NA,NA,0,0,NA,0,NA,NA,NA,NA,0,NA,0,NA,0,NA,NA,NA,NA,NA,0,NA,NA,0,0,NA,NA,NA,NA,NA,NA,NA,NA,NA,NA,NA,NA,NA,NA,NA,NA,NA,NA,NA,NA,NA,NA,NA,NA,NA,NA,NA,NA,NA,NA,NA,NA
"2",NA,NA,0,0,NA,0,0,NA,0,0,NA,0,0,0,0,NA,0,0,0,0,0,0,NA,NA,NA,0,0,NA,NA,NA,NA,NA,0,0,NA,0,0,NA,NA,NA,0,0,0,0,0,NA,0,NA,NA,NA,0,NA,NA,0,0,NA,NA,NA,NA,NA,NA,NA,NA,NA,NA,NA,NA,NA,NA,NA,NA,NA,NA,NA,NA,NA,NA,NA,NA,NA,NA,NA,NA,NA,NA,NA,NA
"3",NA,NA,1,0,NA,0,0,0,0,0,NA,0,0,0,0,NA,0,0,0,NA,0,0,NA,NA,NA,0,0,NA,NA,NA,NA,NA,0,0,NA,0,NA,NA,NA,NA,0,NA,0,NA,0,NA,NA,NA,NA,NA,0,NA,NA,0,0,NA,NA,NA,NA,NA,NA,NA,NA,NA,NA,NA,NA,NA,NA,NA,NA,NA,NA,NA,NA,NA,NA,NA,NA,NA,NA,NA,NA,NA,NA,NA,NA
"4",NA,NA,0,0,NA,0,0,NA,0,0,NA,0,0,0,0,NA,0,0,0,0,0,0,NA,NA,NA,0,0,NA,NA,NA,NA,NA,0,0,NA,0,NA,NA,NA,NA,0,NA,0,0,0,NA,NA,NA,NA,NA,0,NA,NA,0,0,NA,NA,NA,NA,NA,NA,NA,NA,NA,NA,NA,NA,NA,NA,NA,NA,NA,NA,NA,NA,NA,NA,NA,NA,NA,NA,NA,NA,NA,NA,NA,NA
"5",NA,0,0,0,NA,NA,0,NA,0,0,NA,0,0,0,0,NA,0,0,0,NA,0,0,0,NA,NA,0,0,NA,NA,NA,NA,0,0,0,NA,0,NA,0,NA,NA,0,NA,0,NA,0,NA,NA,NA,NA,NA,0,NA,NA,0,0,NA,NA,NA,NA,NA,NA,NA,NA,NA,NA,NA,NA,NA,NA,NA,NA,NA,NA,NA,NA,NA,NA,NA,NA,NA,NA,NA,NA,NA,NA,NA,NA
"6",NA,1,0,0,NA,NA,0,NA,0,0,NA,0,0,0,0,NA,0,0,0,NA,0,0,0,NA,NA,0,0,NA,NA,NA,NA,0,0,0,NA,0,NA,0,NA,0,0,NA,0,NA,0,NA,NA,NA,NA,NA,0,NA,NA,0,0,NA,NA,NA,NA,NA,NA,NA,NA,NA,NA,NA,NA,NA,NA,NA,NA,NA,NA,NA,NA,NA,NA,NA,NA,NA,NA,NA,NA,NA,NA,NA,NA
"7",NA,NA,0,0,NA,0,0,NA,0,0,NA,0,0,0,0,NA,0,0,0,0,0,0,NA,NA,NA,0,0,NA,NA,NA,NA,NA,0,0,NA,0,0,NA,NA,NA,0,NA,0,NA,0,NA,NA,NA,NA,NA,0,NA,NA,0,0,NA,NA,NA,NA,NA,NA,NA,NA,NA,NA,NA,NA,NA,NA,NA,NA,NA,NA,NA,NA,NA,NA,NA,NA,NA,NA,NA,NA,NA,NA,NA,NA
"8",NA,1,0,0,NA,NA,0,NA,0,0,NA,0,0,0,0,NA,0,0,0,NA,0,0,0,NA,NA,0,0,NA,NA,NA,NA,0,0,0,NA,0,NA,0,NA,NA,0,NA,0,NA,0,0,NA,NA,NA,NA,0,NA,NA,0,0,NA,NA,NA,NA,NA,NA,NA,NA,NA,NA,NA,NA,NA,NA,NA,NA,NA,NA,NA,NA,NA,NA,NA,NA,NA,NA,NA,NA,NA,NA,NA,NA
"9",NA,NA,0,0,NA,0,0,NA,0,0,NA,0,0,0,0,NA,0,0,0,0,0,0,NA,NA,NA,0,0,NA,NA,NA,NA,NA,0,0,NA,0,NA,NA,NA,NA,0,NA,0,NA,0,NA,0,NA,NA,NA,0,NA,NA,0,0,NA,NA,NA,NA,NA,NA,NA,NA,NA,NA,NA,NA,NA,NA,NA,NA,NA,NA,NA,NA,NA,NA,NA,NA,NA,NA,NA,NA,NA,NA,NA,NA
"10",NA,NA,1,0,NA,0,0,0,0,0,NA,0,0,0,0,NA,0,0,0,NA,0,0,NA,NA,NA,0,0,NA,NA,NA,NA,NA,0,0,NA,0,NA,NA,NA,NA,0,NA,0,0,0,NA,NA,NA,NA,NA,0,NA,NA,0,0,NA,NA,NA,NA,NA,NA,NA,NA,NA,NA,NA,NA,NA,NA,NA,NA,NA,NA,NA,NA,NA,NA,NA,NA,NA,NA,NA,NA,NA,NA,NA,NA
"11",NA,NA,0,1,NA,0,0,NA,0,0,NA,0,0,0,0,NA,0,0,0,0,0,0,NA,NA,NA,0,0,NA,NA,NA,NA,NA,0,0,NA,0,NA,NA,NA,NA,0,NA,0,NA,0,NA,NA,NA,NA,NA,0,NA,0,0,0,NA,NA,NA,NA,NA,NA,NA,NA,NA,NA,NA,NA,NA,NA,NA,NA,NA,NA,NA,NA,NA,NA,NA,NA,NA,NA,NA,NA,NA,NA,NA,NA
"12",NA,NA,1,0,NA,0,0,0,0,0,NA,0,0,0,0,NA,0,0,0,NA,0,0,NA,NA,NA,0,0,NA,NA,NA,NA,NA,0,0,NA,0,NA,NA,NA,NA,0,NA,0,NA,0,NA,0,NA,NA,NA,0,NA,NA,0,0,NA,NA,NA,NA,NA,NA,NA,NA,NA,NA,NA,NA,NA,NA,NA,NA,NA,NA,NA,NA,NA,NA,NA,NA,NA,NA,NA,NA,NA,NA,NA,NA
"13",NA,NA,0,0,NA,0,0,NA,0,0,NA,0,0,0,0,NA,0,0,0,0,0,0,NA,NA,NA,0,0,NA,NA,NA,NA,NA,0,0,NA,0,0,NA,NA,NA,0,NA,0,NA,0,NA,0,NA,NA,NA,0,NA,NA,0,0,NA,NA,NA,NA,NA,NA,NA,NA,NA,NA,NA,NA,NA,NA,NA,NA,NA,NA,NA,NA,NA,NA,NA,NA,NA,NA,NA,NA,NA,NA,NA,NA
"14",NA,NA,1,0,NA,0,0,0,0,0,NA,0,0,0,0,NA,0,0,0,NA,0,0,NA,NA,NA,0,0,NA,NA,NA,NA,NA,0,0,NA,0,NA,NA,NA,NA,0,0,0,NA,0,NA,NA,NA,NA,NA,0,NA,NA,0,0,NA,NA,NA,NA,NA,NA,NA,NA,NA,NA,NA,NA,NA,NA,NA,NA,NA,NA,NA,NA,NA,NA,NA,NA,NA,NA,NA,NA,NA,NA,NA,NA
"15",NA,NA,1,0,NA,0,0,0,0,0,NA,0,0,0,0,NA,0,0,0,NA,0,0,NA,NA,NA,0,0,NA,NA,NA,NA,NA,0,0,NA,0,0,NA,NA,NA,0,NA,0,NA,0,NA,NA,NA,NA,NA,0,NA,NA,0,0,NA,NA,NA,NA,NA,NA,NA,NA,NA,NA,NA,NA,NA,NA,NA,NA,NA,NA,NA,NA,NA,NA,NA,NA,NA,NA,NA,NA,NA,NA,NA,NA
"16",NA,0,0,0,NA,NA,0,NA,0,0,NA,0,0,0,0,NA,0,0,0,NA,0,0,0,NA,NA,0,0,NA,NA,NA,NA,0,0,0,NA,0,NA,0,NA,NA,0,NA,0,0,0,NA,NA,NA,NA,NA,0,NA,NA,0,0,NA,NA,NA,NA,NA,NA,NA,NA,NA,NA,NA,NA,NA,NA,NA,NA,NA,NA,NA,NA,NA,NA,NA,NA,NA,NA,NA,NA,NA,NA,NA,NA
"17",NA,NA,0,0,NA,0,0,NA,0,0,NA,0,0,0,0,NA,0,0,0,0,0,0,NA,NA,NA,0,0,NA,NA,NA,NA,NA,0,0,NA,0,NA,NA,NA,NA,0,0,0,NA,0,NA,NA,NA,NA,NA,0,NA,NA,0,0,NA,NA,NA,NA,NA,NA,NA,NA,NA,NA,NA,NA,NA,NA,NA,NA,NA,NA,NA,NA,NA,NA,NA,NA,NA,NA,NA,NA,NA,NA,NA,NA
"18",NA,NA,1,1,NA,0,0,0,0,0,NA,0,0,0,0,NA,0,0,0,NA,0,0,NA,NA,NA,0,0,NA,NA,NA,NA,NA,0,0,NA,0,NA,NA,NA,NA,0,NA,0,NA,0,NA,NA,NA,NA,NA,0,NA,0,0,0,NA,NA,NA,NA,NA,NA,NA,NA,NA,NA,NA,NA,NA,NA,NA,NA,NA,NA,NA,NA,NA,NA,NA,NA,NA,NA,NA,NA,NA,NA,NA,NA
"19",NA,0,1,0,NA,NA,0,0,0,0,NA,0,0,0,0,NA,0,0,0,NA,0,0,0,NA,NA,0,0,NA,NA,NA,NA,0,0,0,NA,0,NA,0,NA,NA,0,NA,0,NA,0,NA,NA,NA,NA,NA,0,NA,NA,0,0,NA,NA,NA,NA,NA,NA,NA,NA,NA,NA,NA,NA,NA,NA,NA,NA,NA,NA,NA,NA,NA,NA,NA,NA,NA,NA,NA,NA,NA,NA,NA,NA
"20",NA,NA,0,1,NA,0,0,NA,0,0,NA,0,0,0,0,NA,0,0,0,0,0,0,NA,NA,NA,0,0,NA,NA,NA,NA,NA,0,0,NA,0,NA,NA,NA,NA,0,NA,0,0,0,NA,NA,NA,NA,NA,0,NA,0,0,0,NA,NA,NA,NA,NA,NA,NA,NA,NA,NA,NA,NA,NA,NA,NA,NA,NA,NA,NA,NA,NA,NA,NA,NA,NA,NA,NA,NA,NA,NA,NA,NA
"21",NA,1,1,0,NA,NA,0,0,0,0,NA,0,0,0,0,NA,0,0,0,NA,0,0,0,NA,NA,0,0,NA,NA,NA,NA,0,0,0,NA,0,NA,0,NA,0,0,NA,0,NA,0,NA,NA,NA,NA,NA,0,NA,NA,0,0,NA,NA,NA,NA,NA,NA,NA,NA,NA,NA,NA,NA,NA,NA,NA,NA,NA,NA,NA,NA,NA,NA,NA,NA,NA,NA,NA,NA,NA,NA,NA,NA
"22",NA,NA,0,0,NA,0,0,NA,0,0,NA,0,0,0,0,NA,0,0,0,0,0,0,NA,NA,NA,0,0,NA,NA,NA,NA,NA,0,0,NA,0,NA,NA,NA,NA,0,NA,0,0,0,NA,0,NA,NA,NA,0,NA,NA,0,0,NA,NA,NA,NA,NA,NA,NA,NA,NA,NA,NA,NA,NA,NA,NA,NA,NA,NA,NA,NA,NA,NA,NA,NA,NA,NA,NA,NA,NA,NA,NA,NA
"23",NA,1,1,0,NA,NA,0,0,0,0,NA,0,0,0,0,NA,0,0,0,NA,0,0,0,NA,NA,0,0,NA,NA,NA,NA,0,0,0,NA,0,NA,0,NA,NA,0,NA,0,NA,0,0,NA,NA,NA,NA,0,NA,NA,0,0,NA,NA,NA,NA,NA,NA,NA,NA,NA,NA,NA,NA,NA,NA,NA,NA,NA,NA,NA,NA,NA,NA,NA,NA,NA,NA,NA,NA,NA,NA,NA,NA
"24",NA,NA,0,0,NA,0,0,NA,0,0,NA,0,0,0,0,NA,0,0,0,0,0,0,NA,NA,NA,0,0,NA,NA,NA,NA,NA,0,0,NA,0,0,NA,NA,NA,0,NA,0,0,0,NA,NA,NA,NA,NA,0,NA,NA,0,0,NA,NA,NA,NA,NA,NA,NA,NA,NA,NA,NA,NA,NA,NA,NA,NA,NA,NA,NA,NA,NA,NA,NA,NA,NA,NA,NA,NA,NA,NA,NA,NA
"25",NA,1,0,0,NA,NA,0,NA,0,0,NA,0,0,0,0,NA,0,0,0,NA,0,0,0,NA,NA,0,0,NA,NA,NA,NA,0,0,0,NA,0,NA,0,NA,0,0,NA,0,NA,0,0,NA,NA,NA,NA,0,NA,NA,0,0,NA,NA,NA,NA,NA,NA,NA,NA,NA,NA,NA,NA,NA,NA,NA,NA,NA,NA,NA,NA,NA,NA,NA,NA,NA,NA,NA,NA,NA,NA,NA,NA
"26",NA,NA,0,1,NA,0,0,NA,0,0,NA,0,0,0,0,NA,0,0,0,0,0,0,NA,NA,NA,0,0,NA,NA,NA,NA,NA,0,0,NA,0,NA,NA,NA,NA,0,NA,0,NA,0,NA,0,NA,NA,NA,0,NA,0,0,0,NA,NA,NA,NA,NA,NA,NA,NA,NA,NA,NA,NA,NA,NA,NA,NA,NA,NA,NA,NA,NA,NA,NA,NA,NA,NA,NA,NA,NA,NA,NA,NA
"27",NA,NA,0,0,NA,0,0,NA,0,0,NA,0,0,0,0,NA,0,0,0,0,0,0,NA,NA,NA,0,0,NA,NA,NA,NA,NA,0,0,NA,0,0,NA,NA,NA,0,0,0,NA,0,NA,NA,NA,NA,NA,0,NA,NA,0,0,NA,NA,NA,NA,NA,NA,NA,NA,NA,NA,NA,NA,NA,NA,NA,NA,NA,NA,NA,NA,NA,NA,NA,NA,NA,NA,NA,NA,NA,NA,NA,NA
"28",NA,NA,1,1,NA,0,0,0,0,0,NA,0,0,0,0,NA,0,0,0,NA,0,0,NA,NA,NA,0,0,NA,NA,NA,NA,NA,0,0,NA,0,NA,NA,NA,NA,0,NA,0,NA,0,NA,0,NA,NA,NA,0,NA,0,0,0,NA,NA,NA,NA,NA,NA,NA,NA,NA,NA,NA,NA,NA,NA,NA,NA,NA,NA,NA,NA,NA,NA,NA,NA,NA,NA,NA,NA,NA,NA,NA,NA
"29",NA,NA,0,1,NA,0,0,NA,0,0,NA,0,0,0,0,NA,0,0,0,0,0,0,NA,NA,NA,0,0,NA,NA,NA,NA,NA,0,0,NA,0,0,NA,NA,NA,0,NA,0,NA,0,NA,NA,NA,NA,NA,0,NA,0,0,0,NA,NA,NA,NA,NA,NA,NA,NA,NA,NA,NA,NA,NA,NA,NA,NA,NA,NA,NA,NA,NA,NA,NA,NA,NA,NA,NA,NA,NA,NA,NA,NA
"30",NA,NA,1,0,NA,0,0,0,0,0,NA,0,0,0,0,NA,0,0,0,NA,0,0,NA,NA,NA,0,0,NA,NA,NA,NA,NA,0,0,NA,0,NA,NA,NA,NA,0,NA,0,0,0,NA,0,NA,NA,NA,0,NA,NA,0,0,NA,NA,NA,NA,NA,NA,NA,NA,NA,NA,NA,NA,NA,NA,NA,NA,NA,NA,NA,NA,NA,NA,NA,NA,NA,NA,NA,NA,NA,NA,NA,NA
"31",NA,0,0,0,NA,NA,0,NA,0,0,NA,0,0,0,0,NA,0,0,0,NA,0,0,0,NA,NA,0,0,NA,NA,NA,NA,0,0,0,NA,0,0,0,NA,NA,0,NA,0,NA,0,NA,NA,NA,NA,NA,0,NA,NA,0,0,NA,NA,NA,NA,NA,NA,NA,NA,NA,NA,NA,NA,NA,NA,NA,NA,NA,NA,NA,NA,NA,NA,NA,NA,NA,NA,NA,NA,NA,NA,NA,NA
"32",NA,NA,0,1,NA,0,0,NA,0,0,NA,0,0,0,0,NA,0,0,0,0,0,0,NA,NA,NA,0,0,NA,NA,NA,NA,NA,0,0,NA,0,NA,NA,NA,NA,0,NA,0,0,0,NA,0,NA,NA,NA,0,NA,0,0,0,NA,NA,NA,NA,NA,NA,NA,NA,NA,NA,NA,NA,NA,NA,NA,NA,NA,NA,NA,NA,NA,NA,NA,NA,NA,NA,NA,NA,NA,NA,NA,NA
"33",NA,NA,1,0,NA,0,0,0,0,0,NA,0,0,0,0,NA,0,0,0,NA,0,0,NA,NA,NA,0,0,NA,NA,NA,NA,NA,0,0,NA,0,0,NA,NA,NA,0,NA,0,NA,0,NA,0,NA,NA,NA,0,NA,NA,0,0,NA,NA,NA,NA,NA,NA,NA,NA,NA,NA,NA,NA,NA,NA,NA,NA,NA,NA,NA,NA,NA,NA,NA,NA,NA,NA,NA,NA,NA,NA,NA,NA
"34",NA,NA,1,1,NA,0,0,0,0,0,NA,0,0,0,0,NA,0,0,0,NA,0,0,NA,NA,NA,0,0,NA,NA,NA,NA,NA,0,0,NA,0,NA,NA,NA,NA,0,NA,0,0,0,NA,NA,NA,NA,NA,0,NA,0,0,0,NA,NA,NA,NA,NA,NA,NA,NA,NA,NA,NA,NA,NA,NA,NA,NA,NA,NA,NA,NA,NA,NA,NA,NA,NA,NA,NA,NA,NA,NA,NA,NA
"35",NA,0,0,0,NA,NA,0,NA,0,0,NA,0,0,0,0,NA,0,0,0,NA,0,0,0,NA,NA,0,0,NA,NA,NA,NA,0,0,0,NA,0,NA,0,NA,NA,0,NA,0,NA,0,NA,0,NA,NA,NA,0,NA,NA,0,0,NA,NA,NA,NA,NA,NA,NA,NA,NA,NA,NA,NA,NA,NA,NA,NA,NA,NA,NA,NA,NA,NA,NA,NA,NA,NA,NA,NA,NA,NA,NA,NA
"36",NA,NA,0,1,NA,0,0,NA,0,0,NA,0,0,0,0,NA,0,0,0,0,0,0,NA,NA,NA,0,0,NA,NA,NA,NA,NA,0,0,NA,0,0,NA,NA,NA,0,NA,0,0,0,NA,NA,NA,NA,NA,0,NA,0,0,0,NA,NA,NA,NA,NA,NA,NA,NA,NA,NA,NA,NA,NA,NA,NA,NA,NA,NA,NA,NA,NA,NA,NA,NA,NA,NA,NA,NA,NA,NA,NA,NA
"37",NA,NA,1,1,NA,0,0,0,0,0,NA,0,0,0,0,NA,0,0,0,NA,0,0,NA,NA,NA,0,0,NA,NA,NA,NA,NA,0,0,NA,0,NA,NA,NA,NA,0,0,0,NA,0,NA,NA,NA,NA,NA,0,NA,0,0,0,NA,NA,NA,NA,NA,NA,NA,NA,NA,NA,NA,NA,NA,NA,NA,NA,NA,NA,NA,NA,NA,NA,NA,NA,NA,NA,NA,NA,NA,NA,NA,NA
"38",NA,NA,0,0,NA,0,0,NA,0,0,NA,0,0,0,0,NA,0,0,0,0,0,0,NA,NA,NA,0,0,NA,NA,NA,NA,NA,0,0,NA,0,0,NA,NA,NA,0,NA,0,0,0,NA,0,NA,NA,NA,0,NA,NA,0,0,NA,NA,NA,NA,NA,NA,NA,NA,NA,NA,NA,NA,NA,NA,NA,NA,NA,NA,NA,NA,NA,NA,NA,NA,NA,NA,NA,NA,NA,NA,NA,NA
"39",NA,NA,1,0,NA,0,0,0,0,0,NA,0,0,0,0,NA,0,0,0,NA,0,0,NA,NA,NA,0,0,NA,NA,NA,NA,NA,0,0,NA,0,NA,NA,NA,NA,0,0,0,NA,0,NA,0,NA,NA,NA,0,NA,NA,0,0,NA,NA,NA,NA,NA,NA,NA,NA,NA,NA,NA,NA,NA,NA,NA,NA,NA,NA,NA,NA,NA,NA,NA,NA,NA,NA,NA,NA,NA,NA,NA,NA
"40",0,NA,0,0,0,0,NA,NA,NA,0,0,0,0,0,0,0,0,0,0,0,0,0,0,0,0,0,NA,0,0,NA,0,NA,0,0,0,NA,0,NA,0,NA,0,0,0,0,NA,NA,0,NA,0,0,0,0,NA,NA,0,NA,NA,NA,NA,NA,NA,NA,NA,NA,NA,NA,NA,NA,NA,NA,NA,NA,NA,NA,NA,NA,NA,NA,NA,NA,NA,NA,NA,NA,NA,NA,NA
"41",NA,NA,1,1,NA,0,0,0,0,0,NA,0,0,0,0,NA,0,0,0,NA,0,0,NA,NA,NA,0,0,NA,NA,NA,NA,NA,0,0,NA,0,NA,NA,NA,NA,0,NA,0,0,0,NA,0,NA,NA,NA,0,NA,0,0,0,NA,NA,NA,NA,NA,NA,NA,NA,NA,NA,NA,NA,NA,NA,NA,NA,NA,NA,NA,NA,NA,NA,NA,NA,NA,NA,NA,NA,NA,NA,NA,NA
"42",NA,NA,0,0,NA,0,0,NA,0,0,NA,0,0,0,0,NA,0,0,0,0,0,0,NA,NA,NA,0,0,NA,NA,NA,NA,NA,0,0,NA,0,NA,NA,NA,NA,0,0,0,0,0,NA,NA,NA,NA,NA,0,NA,NA,0,0,NA,NA,NA,NA,NA,NA,NA,NA,NA,NA,NA,NA,NA,NA,NA,NA,NA,NA,NA,NA,NA,NA,NA,NA,NA,NA,NA,NA,NA,NA,NA,NA
"43",NA,0,0,1,NA,NA,0,NA,0,0,NA,0,0,0,0,NA,0,0,0,NA,0,0,0,NA,NA,0,0,NA,NA,NA,NA,0,0,0,NA,0,NA,0,NA,NA,0,NA,0,NA,0,NA,NA,NA,NA,NA,0,NA,0,0,0,NA,NA,NA,NA,NA,NA,NA,NA,NA,NA,NA,NA,NA,NA,NA,NA,NA,NA,NA,NA,NA,NA,NA,NA,NA,NA,NA,NA,NA,NA,NA,NA
"44",NA,1,0,0,NA,NA,0,NA,0,0,NA,0,0,0,0,NA,0,0,0,NA,0,0,0,NA,NA,0,0,NA,NA,NA,NA,0,0,0,NA,0,0,0,NA,0,0,NA,0,NA,0,NA,NA,NA,NA,NA,0,NA,NA,0,0,NA,NA,NA,NA,NA,NA,NA,NA,NA,NA,NA,NA,NA,NA,NA,NA,NA,NA,NA,NA,NA,NA,NA,NA,NA,NA,NA,NA,NA,NA,NA,NA
"45",NA,0,0,1,NA,NA,0,NA,0,0,NA,0,0,0,0,NA,0,0,0,NA,0,0,0,NA,NA,0,0,NA,NA,NA,NA,0,0,0,NA,0,NA,0,NA,NA,0,NA,0,NA,0,NA,0,NA,NA,NA,0,NA,0,0,0,NA,NA,NA,NA,NA,NA,NA,NA,NA,NA,NA,NA,NA,NA,NA,NA,NA,NA,NA,NA,NA,NA,NA,NA,NA,NA,NA,NA,NA,NA,NA,NA
"46",NA,0,0,0,NA,NA,0,NA,0,0,NA,0,0,0,0,NA,0,0,0,NA,0,0,0,NA,NA,0,0,NA,NA,NA,NA,0,0,0,NA,0,0,0,NA,NA,0,NA,0,NA,0,NA,0,NA,NA,NA,0,NA,NA,0,0,NA,NA,NA,NA,NA,NA,NA,NA,NA,NA,NA,NA,NA,NA,NA,NA,NA,NA,NA,NA,NA,NA,NA,NA,NA,NA,NA,NA,NA,NA,NA,NA
"47",NA,0,1,1,NA,NA,0,0,0,0,NA,0,0,0,0,NA,0,0,0,NA,0,0,0,NA,NA,0,0,NA,NA,NA,NA,0,0,0,NA,0,NA,0,NA,NA,0,NA,0,NA,0,NA,NA,NA,NA,NA,0,NA,0,0,0,NA,NA,NA,NA,NA,NA,NA,NA,NA,NA,NA,NA,NA,NA,NA,NA,NA,NA,NA,NA,NA,NA,NA,NA,NA,NA,NA,NA,NA,NA,NA,NA
"48",NA,NA,0,0,NA,0,0,NA,0,0,NA,0,0,0,0,NA,0,0,0,0,0,0,NA,NA,NA,0,0,NA,NA,NA,NA,NA,0,0,NA,0,NA,NA,NA,NA,0,0,0,NA,0,NA,0,NA,NA,NA,0,NA,NA,0,0,NA,NA,NA,NA,NA,NA,NA,NA,NA,NA,NA,NA,NA,NA,NA,NA,NA,NA,NA,NA,NA,NA,NA,NA,NA,NA,NA,NA,NA,NA,NA,NA
"49",NA,0,0,1,NA,NA,0,NA,0,0,NA,0,0,0,0,NA,0,0,0,NA,0,0,0,NA,NA,0,0,NA,NA,NA,NA,0,0,0,NA,0,NA,0,NA,NA,0,NA,0,0,0,NA,NA,NA,NA,NA,0,NA,0,0,0,NA,NA,NA,NA,NA,NA,NA,NA,NA,NA,NA,NA,NA,NA,NA,NA,NA,NA,NA,NA,NA,NA,NA,NA,NA,NA,NA,NA,NA,NA,NA,NA
"50",NA,NA,1,0,NA,0,0,0,0,0,NA,0,0,0,0,NA,0,0,0,NA,0,0,NA,NA,NA,0,0,NA,NA,NA,NA,NA,0,0,NA,0,0,NA,NA,NA,0,0,0,NA,0,NA,NA,NA,NA,NA,0,NA,NA,0,0,NA,NA,NA,NA,NA,NA,NA,NA,NA,NA,NA,NA,NA,NA,NA,NA,NA,NA,NA,NA,NA,NA,NA,NA,NA,NA,NA,NA,NA,NA,NA,NA
"51",NA,1,0,0,NA,NA,0,NA,0,0,NA,0,0,0,0,NA,0,0,0,NA,0,0,0,NA,NA,0,0,NA,NA,NA,NA,0,0,0,NA,0,NA,0,NA,0,0,NA,0,0,0,NA,NA,NA,NA,NA,0,NA,NA,0,0,NA,NA,NA,NA,NA,NA,NA,NA,NA,NA,NA,NA,NA,NA,NA,NA,NA,NA,NA,NA,NA,NA,NA,NA,NA,NA,NA,NA,NA,NA,NA,NA
"52",NA,NA,1,1,NA,0,0,0,0,0,NA,0,0,0,0,NA,0,0,0,NA,0,0,NA,NA,NA,0,0,NA,NA,NA,NA,NA,0,0,NA,0,0,NA,NA,NA,0,NA,0,NA,0,NA,NA,NA,NA,NA,0,NA,0,0,0,NA,NA,NA,NA,NA,NA,NA,NA,NA,NA,NA,NA,NA,NA,NA,NA,NA,NA,NA,NA,NA,NA,NA,NA,NA,NA,NA,NA,NA,NA,NA,NA
"53",NA,NA,1,0,NA,0,0,0,0,0,NA,0,0,0,0,NA,0,0,0,NA,0,0,NA,NA,NA,0,0,NA,NA,NA,NA,NA,0,0,NA,0,NA,NA,NA,NA,0,0,0,0,0,NA,NA,NA,NA,NA,0,NA,NA,0,0,NA,NA,NA,NA,NA,NA,NA,NA,NA,NA,NA,NA,NA,NA,NA,NA,NA,NA,NA,NA,NA,NA,NA,NA,NA,NA,NA,NA,NA,NA,NA,NA
"54",NA,NA,1,1,NA,0,0,0,0,0,NA,0,0,0,0,NA,0,0,0,NA,0,0,NA,NA,NA,0,0,NA,NA,NA,NA,NA,0,0,NA,0,0,NA,NA,NA,0,NA,0,NA,0,NA,0,NA,NA,NA,0,NA,0,0,0,NA,NA,NA,NA,NA,NA,NA,NA,NA,NA,NA,NA,NA,NA,NA,NA,NA,NA,NA,NA,NA,NA,NA,NA,NA,NA,NA,NA,NA,NA,NA,NA
"55",NA,1,1,0,NA,NA,0,0,0,0,NA,0,0,0,0,NA,0,0,0,NA,0,0,0,NA,NA,0,0,NA,NA,NA,NA,0,0,0,NA,0,NA,0,NA,0,0,NA,0,NA,0,0,NA,NA,NA,NA,0,NA,NA,0,0,NA,NA,NA,NA,NA,NA,NA,NA,NA,NA,NA,NA,NA,NA,NA,NA,NA,NA,NA,NA,NA,NA,NA,NA,NA,NA,NA,NA,NA,NA,NA,NA
"56",NA,NA,0,1,NA,0,0,NA,0,0,NA,0,0,0,0,NA,0,0,0,0,0,0,NA,NA,NA,0,0,NA,NA,NA,NA,NA,0,0,NA,0,NA,NA,NA,NA,0,0,0,NA,0,NA,NA,NA,NA,NA,0,NA,0,0,0,NA,NA,NA,NA,NA,NA,NA,NA,NA,NA,NA,NA,NA,NA,NA,NA,NA,NA,NA,NA,NA,NA,NA,NA,NA,NA,NA,NA,NA,NA,NA,NA
"57",NA,1,0,0,NA,NA,0,NA,0,0,NA,0,0,0,0,NA,0,0,0,NA,0,0,0,NA,NA,0,0,NA,NA,NA,NA,0,0,0,NA,0,NA,0,NA,NA,0,NA,0,NA,0,0,0,NA,NA,NA,0,NA,NA,0,0,NA,NA,NA,NA,NA,NA,NA,NA,NA,NA,NA,NA,NA,NA,NA,NA,NA,NA,NA,NA,NA,NA,NA,NA,NA,NA,NA,NA,NA,NA,NA,NA
"58",NA,NA,0,1,NA,0,0,NA,0,0,NA,0,0,0,0,NA,0,0,0,0,0,0,NA,NA,NA,0,0,NA,NA,NA,NA,NA,0,0,NA,0,0,NA,NA,NA,0,NA,0,NA,0,NA,0,NA,NA,NA,0,NA,0,0,0,NA,NA,NA,NA,NA,NA,NA,NA,NA,NA,NA,NA,NA,NA,NA,NA,NA,NA,NA,NA,NA,NA,NA,NA,NA,NA,NA,NA,NA,NA,NA,NA
"59",NA,NA,0,0,NA,0,0,NA,0,0,NA,0,0,0,0,NA,0,0,0,0,0,0,NA,NA,NA,0,0,NA,NA,NA,NA,NA,0,0,NA,0,0,NA,NA,NA,0,0,0,NA,0,NA,0,NA,NA,NA,0,NA,NA,0,0,NA,NA,NA,NA,NA,NA,NA,NA,NA,NA,NA,NA,NA,NA,NA,NA,NA,NA,NA,NA,NA,NA,NA,NA,NA,NA,NA,NA,NA,NA,NA,NA
"60",NA,1,0,1,NA,NA,0,NA,0,0,NA,0,0,0,0,NA,0,0,0,NA,0,0,0,NA,NA,0,0,NA,NA,NA,NA,0,0,0,NA,0,NA,0,NA,NA,0,NA,0,NA,0,0,NA,NA,NA,NA,0,NA,0,0,0,NA,NA,NA,NA,NA,NA,NA,NA,NA,NA,NA,NA,NA,NA,NA,NA,NA,NA,NA,NA,NA,NA,NA,NA,NA,NA,NA,NA,NA,NA,NA,NA
"61",1,NA,0,0,0,0,NA,NA,NA,0,0,0,0,0,0,0,0,0,0,0,0,0,0,0,0,0,NA,0,0,NA,0,NA,0,0,0,NA,0,NA,0,NA,0,0,0,0,NA,NA,0,0,0,0,0,0,NA,NA,0,NA,NA,NA,NA,NA,NA,NA,NA,NA,NA,NA,NA,NA,NA,NA,NA,NA,NA,NA,NA,NA,NA,NA,NA,NA,NA,NA,NA,NA,NA,NA,NA
"62",NA,1,0,1,NA,NA,0,NA,0,0,NA,0,0,0,0,NA,0,0,0,NA,0,0,0,NA,NA,0,0,NA,NA,NA,NA,0,0,0,NA,0,NA,0,NA,NA,0,NA,0,NA,0,0,0,NA,NA,NA,0,NA,0,0,0,NA,NA,NA,NA,NA,NA,NA,NA,NA,NA,NA,NA,NA,NA,NA,NA,NA,NA,NA,NA,NA,NA,NA,NA,NA,NA,NA,NA,NA,NA,NA,NA
"63",NA,NA,1,0,NA,0,0,0,0,0,NA,0,0,0,0,NA,0,0,0,NA,0,0,NA,NA,NA,0,0,NA,NA,NA,NA,NA,0,0,NA,0,0,NA,NA,NA,0,NA,0,0,0,NA,NA,NA,NA,NA,0,NA,NA,0,0,NA,NA,NA,NA,NA,NA,NA,NA,NA,NA,NA,NA,NA,NA,NA,NA,NA,NA,NA,NA,NA,NA,NA,NA,NA,NA,NA,NA,NA,NA,NA,NA
"64",NA,1,1,1,NA,NA,0,0,0,0,NA,0,0,0,0,NA,0,0,0,NA,0,0,0,NA,NA,0,0,NA,NA,NA,NA,0,0,0,NA,0,NA,0,NA,NA,0,NA,0,NA,0,0,NA,NA,NA,NA,0,NA,0,0,0,NA,NA,NA,NA,NA,NA,NA,NA,NA,NA,NA,NA,NA,NA,NA,NA,NA,NA,NA,NA,NA,NA,NA,NA,NA,NA,NA,NA,NA,NA,NA,NA
"65",NA,NA,1,1,NA,0,0,0,0,0,NA,0,0,0,0,NA,0,0,0,NA,0,0,NA,NA,NA,0,0,NA,NA,NA,NA,NA,0,0,NA,0,0,NA,NA,NA,0,NA,0,0,0,NA,NA,NA,NA,NA,0,NA,0,0,0,NA,NA,NA,NA,NA,NA,NA,NA,NA,NA,NA,NA,NA,NA,NA,NA,NA,NA,NA,NA,NA,NA,NA,NA,NA,NA,NA,NA,NA,NA,NA,NA
"66",NA,0,1,0,NA,NA,0,0,0,0,NA,0,0,0,0,NA,0,0,0,NA,0,0,0,NA,NA,0,0,NA,NA,NA,NA,0,0,0,NA,0,NA,0,NA,NA,0,NA,0,NA,0,NA,0,NA,NA,NA,0,NA,NA,0,0,NA,NA,NA,NA,NA,NA,NA,NA,NA,NA,NA,NA,NA,NA,NA,NA,NA,NA,NA,NA,NA,NA,NA,NA,NA,NA,NA,NA,NA,NA,NA,NA
"67",NA,NA,1,0,NA,0,0,0,0,0,NA,0,0,0,0,NA,0,0,0,NA,0,0,NA,NA,NA,0,0,NA,NA,NA,NA,NA,0,0,NA,0,0,NA,NA,NA,0,NA,0,0,0,NA,0,NA,NA,NA,0,NA,NA,0,0,NA,NA,NA,NA,NA,NA,NA,NA,NA,NA,NA,NA,NA,NA,NA,NA,NA,NA,NA,NA,NA,NA,NA,NA,NA,NA,NA,NA,NA,NA,NA,NA
"68",NA,1,1,0,NA,NA,0,0,0,0,NA,0,0,0,0,NA,0,0,0,NA,0,0,0,NA,NA,0,0,NA,NA,NA,NA,0,0,0,NA,0,NA,0,NA,NA,0,NA,0,NA,0,0,0,NA,NA,NA,0,NA,NA,0,0,NA,NA,NA,NA,NA,NA,NA,NA,NA,NA,NA,NA,NA,NA,NA,NA,NA,NA,NA,NA,NA,NA,NA,NA,NA,NA,NA,NA,NA,NA,NA,NA
"69",NA,NA,1,1,NA,0,0,0,0,0,NA,0,0,0,0,NA,0,0,0,NA,0,0,NA,NA,NA,0,0,NA,NA,NA,NA,NA,0,0,NA,0,0,NA,NA,NA,0,NA,0,0,0,NA,0,NA,NA,NA,0,NA,0,0,0,NA,NA,NA,NA,NA,NA,NA,NA,NA,NA,NA,NA,NA,NA,NA,NA,NA,NA,NA,NA,NA,NA,NA,NA,NA,NA,NA,NA,NA,NA,NA,NA
"70",NA,0,0,0,NA,NA,0,NA,0,0,NA,0,0,0,0,NA,0,0,0,NA,0,0,0,NA,NA,0,0,NA,NA,NA,NA,0,0,0,NA,0,NA,0,NA,NA,0,NA,0,0,0,NA,0,NA,NA,NA,0,NA,NA,0,0,NA,NA,NA,NA,NA,NA,NA,NA,NA,NA,NA,NA,NA,NA,NA,NA,NA,NA,NA,NA,NA,NA,NA,NA,NA,NA,NA,NA,NA,NA,NA,NA
"71",NA,NA,0,1,NA,0,0,NA,0,0,NA,0,0,0,0,NA,0,0,0,0,0,0,NA,NA,NA,0,0,NA,NA,NA,NA,NA,0,0,NA,0,0,NA,NA,NA,0,NA,0,0,0,NA,0,NA,NA,NA,0,NA,0,0,0,NA,NA,NA,NA,NA,NA,NA,NA,NA,NA,NA,NA,NA,NA,NA,NA,NA,NA,NA,NA,NA,NA,NA,NA,NA,NA,NA,NA,NA,NA,NA,NA
"72",NA,0,1,1,NA,NA,0,0,0,0,NA,0,0,0,0,NA,0,0,0,NA,0,0,0,NA,NA,0,0,NA,NA,NA,NA,0,0,0,NA,0,NA,0,NA,NA,0,NA,0,NA,0,NA,0,NA,NA,NA,0,NA,0,0,0,NA,NA,NA,NA,NA,NA,NA,NA,NA,NA,NA,NA,NA,NA,NA,NA,NA,NA,NA,NA,NA,NA,NA,NA,NA,NA,NA,NA,NA,NA,NA,NA
"73",NA,NA,1,1,NA,0,0,0,0,0,NA,0,0,0,0,NA,0,0,0,NA,0,0,NA,NA,NA,0,0,NA,NA,NA,NA,NA,0,0,NA,0,NA,NA,NA,NA,0,0,0,NA,0,NA,0,NA,NA,NA,0,NA,0,0,0,NA,NA,NA,NA,NA,NA,NA,NA,NA,NA,NA,NA,NA,NA,NA,NA,NA,NA,NA,NA,NA,NA,NA,NA,NA,NA,NA,NA,NA,NA,NA,NA
"74",NA,1,0,0,NA,NA,0,NA,0,0,NA,0,0,0,0,NA,0,0,0,NA,0,0,0,NA,NA,0,0,NA,NA,NA,NA,0,0,0,NA,0,NA,0,NA,NA,0,NA,0,0,0,0,NA,NA,NA,NA,0,NA,NA,0,0,NA,NA,NA,NA,NA,NA,NA,NA,NA,NA,NA,NA,NA,NA,NA,NA,NA,NA,NA,NA,NA,NA,NA,NA,NA,NA,NA,NA,NA,NA,NA,NA
"75",NA,NA,0,1,NA,0,0,NA,0,0,NA,0,0,0,0,NA,0,0,0,0,0,0,NA,NA,NA,0,0,NA,NA,NA,NA,NA,0,0,NA,0,NA,NA,NA,NA,0,0,0,NA,0,NA,0,NA,NA,NA,0,NA,0,0,0,NA,NA,NA,NA,NA,NA,NA,NA,NA,NA,NA,NA,NA,NA,NA,NA,NA,NA,NA,NA,NA,NA,NA,NA,NA,NA,NA,NA,NA,NA,NA,NA
"76",NA,1,0,0,NA,NA,0,NA,0,0,NA,0,0,0,0,NA,0,0,0,NA,0,0,0,NA,NA,0,0,NA,NA,NA,NA,0,0,0,NA,0,NA,0,NA,NA,0,NA,0,0,0,0,0,NA,NA,NA,0,NA,NA,0,0,NA,NA,NA,NA,NA,NA,NA,NA,NA,NA,NA,NA,NA,NA,NA,NA,NA,NA,NA,NA,NA,NA,NA,NA,NA,NA,NA,NA,NA,NA,NA,NA
"77",NA,NA,1,0,NA,0,0,0,0,0,NA,0,0,0,0,NA,0,0,0,NA,0,0,NA,NA,NA,0,0,NA,NA,NA,NA,NA,0,0,NA,0,NA,NA,NA,NA,0,0,0,0,0,NA,0,NA,NA,NA,0,NA,NA,0,0,NA,NA,NA,NA,NA,NA,NA,NA,NA,NA,NA,NA,NA,NA,NA,NA,NA,NA,NA,NA,NA,NA,NA,NA,NA,NA,NA,NA,NA,NA,NA,NA
"78",NA,1,0,1,NA,NA,0,NA,0,0,NA,0,0,0,0,NA,0,0,0,NA,0,0,0,NA,NA,0,0,NA,NA,NA,NA,0,0,0,NA,0,NA,0,NA,NA,0,NA,0,0,0,0,NA,NA,NA,NA,0,NA,0,0,0,NA,NA,NA,NA,NA,NA,NA,NA,NA,NA,NA,NA,NA,NA,NA,NA,NA,NA,NA,NA,NA,NA,NA,NA,NA,NA,NA,NA,NA,NA,NA,NA
"79",NA,NA,0,0,NA,0,0,NA,0,0,NA,0,0,0,0,NA,0,0,0,0,0,0,NA,NA,NA,0,0,NA,NA,NA,NA,NA,0,0,NA,0,NA,NA,NA,NA,0,0,0,0,0,NA,0,NA,NA,NA,0,NA,NA,0,0,NA,NA,NA,NA,NA,NA,NA,NA,NA,NA,NA,NA,NA,NA,NA,NA,NA,NA,NA,NA,NA,NA,NA,NA,NA,NA,NA,NA,NA,NA,NA,NA
"80",NA,0,0,1,NA,NA,0,NA,0,0,NA,0,0,0,0,NA,0,0,0,NA,0,0,0,NA,NA,0,0,NA,NA,NA,NA,0,0,0,NA,0,NA,0,NA,NA,0,NA,0,0,0,NA,0,NA,NA,NA,0,NA,0,0,0,NA,NA,NA,NA,NA,NA,NA,NA,NA,NA,NA,NA,NA,NA,NA,NA,NA,NA,NA,NA,NA,NA,NA,NA,NA,NA,NA,NA,NA,NA,NA,NA
"81",NA,NA,0,1,NA,0,0,NA,0,0,NA,0,0,0,0,NA,0,0,0,0,0,0,NA,NA,NA,0,0,NA,NA,NA,NA,NA,0,0,NA,0,NA,NA,NA,NA,0,0,0,0,0,NA,NA,NA,NA,NA,0,NA,0,0,0,NA,NA,NA,NA,NA,NA,NA,NA,NA,NA,NA,NA,NA,NA,NA,NA,NA,NA,NA,NA,NA,NA,NA,NA,NA,NA,NA,NA,NA,NA,NA,NA
"82",NA,1,0,1,NA,NA,0,NA,0,0,NA,0,0,0,0,NA,0,0,0,NA,0,0,0,NA,NA,0,0,NA,NA,NA,NA,0,0,0,NA,0,NA,0,NA,NA,0,NA,0,0,0,0,0,NA,NA,NA,0,NA,0,0,0,NA,NA,NA,NA,NA,NA,NA,NA,NA,NA,NA,NA,NA,NA,NA,NA,NA,NA,NA,NA,NA,NA,NA,NA,NA,NA,NA,NA,NA,NA,NA,NA
"83",NA,NA,1,1,NA,0,0,0,0,0,NA,0,0,0,0,NA,0,0,0,NA,0,0,NA,NA,NA,0,0,NA,NA,NA,NA,NA,0,0,NA,0,NA,NA,NA,NA,0,0,0,0,0,NA,NA,NA,NA,NA,0,NA,0,0,0,NA,NA,NA,NA,NA,NA,NA,NA,NA,NA,NA,NA,NA,NA,NA,NA,NA,NA,NA,NA,NA,NA,NA,NA,NA,NA,NA,NA,NA,NA,NA,NA
"84",NA,0,1,0,NA,NA,0,0,0,0,NA,0,0,0,0,NA,0,0,0,NA,0,0,0,NA,NA,0,0,NA,NA,NA,NA,0,0,0,NA,0,NA,0,NA,NA,0,NA,0,0,0,NA,NA,NA,NA,NA,0,NA,NA,0,0,NA,NA,NA,NA,NA,NA,NA,NA,NA,NA,NA,NA,NA,NA,NA,NA,NA,NA,NA,NA,NA,NA,NA,NA,NA,NA,NA,NA,NA,NA,NA,NA
"85",NA,NA,0,1,NA,0,0,NA,0,0,NA,0,0,0,0,NA,0,0,0,0,0,0,NA,NA,NA,0,0,NA,NA,NA,NA,NA,0,0,NA,0,NA,NA,NA,NA,0,0,0,0,0,NA,0,NA,NA,NA,0,NA,0,0,0,NA,NA,NA,NA,NA,NA,NA,NA,NA,NA,NA,NA,NA,NA,NA,NA,NA,NA,NA,NA,NA,NA,NA,NA,NA,NA,NA,NA,NA,NA,NA,NA
"86",NA,1,1,0,NA,NA,0,0,0,0,NA,0,0,0,0,NA,0,0,0,NA,0,0,0,NA,NA,0,0,NA,NA,NA,NA,0,0,0,NA,0,NA,0,NA,NA,0,NA,0,0,0,0,NA,NA,NA,NA,0,NA,NA,0,0,NA,NA,NA,NA,NA,NA,NA,NA,NA,NA,NA,NA,NA,NA,NA,NA,NA,NA,NA,NA,NA,NA,NA,NA,NA,NA,NA,NA,NA,NA,NA,NA
"87",NA,NA,1,1,NA,0,0,0,0,0,NA,0,0,0,0,NA,0,0,0,NA,0,0,NA,NA,NA,0,0,NA,NA,NA,NA,NA,0,0,NA,0,NA,NA,NA,NA,0,0,0,0,0,NA,0,NA,NA,NA,0,NA,0,0,0,NA,NA,NA,NA,NA,NA,NA,NA,NA,NA,NA,NA,NA,NA,NA,NA,NA,NA,NA,NA,NA,NA,NA,NA,NA,NA,NA,NA,NA,NA,NA,NA
"88",NA,0,1,1,NA,NA,0,0,0,0,NA,0,0,0,0,NA,0,0,0,NA,0,0,0,NA,NA,0,0,NA,NA,NA,NA,0,0,0,NA,0,NA,0,NA,NA,0,NA,0,0,0,NA,NA,NA,NA,NA,0,NA,0,0,0,NA,NA,NA,NA,NA,NA,NA,NA,NA,NA,NA,NA,NA,NA,NA,NA,NA,NA,NA,NA,NA,NA,NA,NA,NA,NA,NA,NA,NA,NA,NA,NA
"89",NA,NA,1,0,NA,0,0,0,0,0,NA,0,0,0,0,NA,0,0,0,NA,0,0,NA,NA,NA,0,0,NA,NA,NA,NA,NA,0,0,NA,0,0,NA,NA,NA,0,0,0,NA,0,NA,0,NA,NA,NA,0,NA,NA,0,0,NA,NA,NA,NA,NA,NA,NA,NA,NA,NA,NA,NA,NA,NA,NA,NA,NA,NA,NA,NA,NA,NA,NA,NA,NA,NA,NA,NA,NA,NA,NA,NA
"90",NA,0,1,0,NA,NA,0,0,0,0,NA,0,0,0,0,NA,0,0,0,NA,0,0,0,NA,NA,0,0,NA,NA,NA,NA,0,0,0,NA,0,NA,0,NA,NA,0,NA,0,0,0,NA,0,NA,NA,NA,0,NA,NA,0,0,NA,NA,NA,NA,NA,NA,NA,NA,NA,NA,NA,NA,NA,NA,NA,NA,NA,NA,NA,NA,NA,NA,NA,NA,NA,NA,NA,NA,NA,NA,NA,NA
"91",NA,NA,1,0,NA,0,0,0,0,0,NA,0,0,0,0,NA,0,0,0,NA,0,0,NA,NA,NA,0,0,NA,NA,NA,NA,NA,0,0,NA,0,0,NA,NA,NA,0,0,0,0,0,NA,NA,NA,NA,NA,0,NA,NA,0,0,NA,NA,NA,NA,NA,NA,NA,NA,NA,NA,NA,NA,NA,NA,NA,NA,NA,NA,NA,NA,NA,NA,NA,NA,NA,NA,NA,NA,NA,NA,NA,NA
"92",NA,1,1,1,NA,NA,0,0,0,0,NA,0,0,0,0,NA,0,0,0,NA,0,0,0,NA,NA,0,0,NA,NA,NA,NA,0,0,0,NA,0,NA,0,NA,NA,0,NA,0,0,0,0,NA,NA,NA,NA,0,NA,0,0,0,NA,NA,NA,NA,NA,NA,NA,NA,NA,NA,NA,NA,NA,NA,NA,NA,NA,NA,NA,NA,NA,NA,NA,NA,NA,NA,NA,NA,NA,NA,NA,NA
"93",NA,NA,1,1,NA,0,0,0,0,0,NA,0,0,0,0,NA,0,0,0,NA,0,0,NA,NA,NA,0,0,NA,NA,NA,NA,NA,0,0,NA,0,0,NA,NA,NA,0,0,0,NA,0,NA,NA,NA,NA,NA,0,NA,0,0,0,NA,NA,NA,NA,NA,NA,NA,NA,NA,NA,NA,NA,NA,NA,NA,NA,NA,NA,NA,NA,NA,NA,NA,NA,NA,NA,NA,NA,NA,NA,NA,NA
"94",NA,1,1,0,NA,NA,0,0,0,0,NA,0,0,0,0,NA,0,0,0,NA,0,0,0,NA,NA,0,0,NA,NA,NA,NA,0,0,0,NA,0,NA,0,NA,NA,0,NA,0,0,0,0,0,NA,NA,NA,0,NA,NA,0,0,NA,NA,NA,NA,NA,NA,NA,NA,NA,NA,NA,NA,NA,NA,NA,NA,NA,NA,NA,NA,NA,NA,NA,NA,NA,NA,NA,NA,NA,NA,NA,NA
"95",NA,NA,0,1,NA,0,0,NA,0,0,NA,0,0,0,0,NA,0,0,0,0,0,0,NA,NA,NA,0,0,NA,NA,NA,NA,NA,0,0,NA,0,0,NA,NA,NA,0,0,0,NA,0,NA,NA,NA,NA,NA,0,NA,0,0,0,NA,NA,NA,NA,NA,NA,NA,NA,NA,NA,NA,NA,NA,NA,NA,NA,NA,NA,NA,NA,NA,NA,NA,NA,NA,NA,NA,NA,NA,NA,NA,NA
"96",NA,0,1,1,NA,NA,0,0,0,0,NA,0,0,0,0,NA,0,0,0,NA,0,0,0,NA,NA,0,0,NA,NA,NA,NA,0,0,0,NA,0,NA,0,NA,NA,0,NA,0,0,0,NA,0,NA,NA,NA,0,NA,0,0,0,NA,NA,NA,NA,NA,NA,NA,NA,NA,NA,NA,NA,NA,NA,NA,NA,NA,NA,NA,NA,NA,NA,NA,NA,NA,NA,NA,NA,NA,NA,NA,NA
"97",NA,NA,1,1,NA,0,0,0,0,0,NA,0,0,0,0,NA,0,0,0,NA,0,0,NA,NA,NA,0,0,NA,NA,NA,NA,NA,0,0,NA,0,0,NA,NA,NA,0,0,0,0,0,NA,NA,NA,NA,NA,0,NA,0,0,0,NA,NA,NA,NA,NA,NA,NA,NA,NA,NA,NA,NA,NA,NA,NA,NA,NA,NA,NA,NA,NA,NA,NA,NA,NA,NA,NA,NA,NA,NA,NA,NA
"98",NA,1,1,1,NA,NA,0,0,0,0,NA,0,0,0,0,NA,0,0,0,NA,0,0,0,NA,NA,0,0,NA,NA,NA,NA,0,0,0,NA,0,NA,0,NA,NA,0,NA,0,NA,0,0,0,NA,NA,NA,0,NA,0,0,0,NA,NA,NA,NA,NA,NA,NA,NA,NA,NA,NA,NA,NA,NA,NA,NA,NA,NA,NA,NA,NA,NA,NA,NA,NA,NA,NA,NA,NA,NA,NA,NA
"99",NA,NA,1,1,NA,0,0,0,0,0,NA,0,0,0,0,NA,0,0,0,NA,0,0,NA,NA,NA,0,0,NA,NA,NA,NA,NA,0,0,NA,0,0,NA,NA,NA,0,0,0,NA,0,NA,0,NA,NA,NA,0,NA,0,0,0,NA,NA,NA,NA,NA,NA,NA,NA,NA,NA,NA,NA,NA,NA,NA,NA,NA,NA,NA,NA,NA,NA,NA,NA,NA,NA,NA,NA,NA,NA,NA,NA
"100",NA,1,1,1,NA,NA,0,0,0,0,NA,0,0,0,0,NA,0,0,0,NA,0,0,0,NA,NA,0,0,NA,NA,NA,NA,0,0,0,NA,0,NA,0,NA,NA,0,NA,0,0,0,0,0,NA,NA,NA,0,NA,0,0,0,NA,NA,NA,NA,NA,NA,NA,NA,NA,NA,NA,NA,NA,NA,NA,NA,NA,NA,NA,NA,NA,NA,NA,NA,NA,NA,NA,NA,NA,NA,NA,NA
"101",NA,NA,0,1,NA,0,0,NA,0,0,NA,0,0,0,0,NA,0,0,0,0,0,0,NA,NA,NA,0,0,NA,NA,NA,NA,NA,0,0,NA,0,0,NA,NA,NA,0,0,0,NA,0,NA,0,NA,NA,NA,0,NA,0,0,0,NA,NA,NA,NA,NA,NA,NA,NA,NA,NA,NA,NA,NA,NA,NA,NA,NA,NA,NA,NA,NA,NA,NA,NA,NA,NA,NA,NA,NA,NA,NA,NA
"102",NA,1,0,0,NA,NA,0,NA,0,0,NA,0,0,0,0,NA,0,0,0,NA,0,0,0,NA,NA,0,0,NA,NA,NA,NA,0,0,0,NA,0,NA,0,NA,0,0,NA,0,NA,0,NA,0,NA,NA,NA,0,NA,NA,0,0,NA,NA,NA,NA,NA,NA,NA,NA,NA,NA,NA,NA,NA,NA,NA,NA,NA,NA,NA,NA,NA,NA,NA,NA,NA,NA,NA,NA,NA,NA,NA,NA
"103",NA,NA,0,0,NA,0,0,NA,0,0,NA,0,0,0,0,NA,0,0,0,0,0,0,NA,NA,NA,0,0,NA,NA,NA,NA,NA,0,0,NA,0,0,NA,NA,NA,0,0,0,0,0,NA,NA,NA,NA,NA,0,NA,NA,0,0,NA,NA,NA,NA,NA,NA,NA,NA,NA,NA,NA,NA,NA,NA,NA,NA,NA,NA,NA,NA,NA,NA,NA,NA,NA,NA,NA,NA,NA,NA,NA,NA
"104",NA,1,0,1,NA,NA,0,NA,0,0,NA,0,0,0,0,NA,0,0,0,NA,0,0,0,NA,NA,0,0,NA,NA,NA,NA,0,0,0,NA,0,NA,0,NA,0,0,NA,0,NA,0,NA,NA,NA,NA,NA,0,NA,0,0,0,NA,NA,NA,NA,NA,NA,NA,NA,NA,NA,NA,NA,NA,NA,NA,NA,NA,NA,NA,NA,NA,NA,NA,NA,NA,NA,NA,NA,NA,NA,NA,NA
"105",NA,NA,0,1,NA,0,0,NA,0,0,NA,0,0,0,0,NA,0,0,0,0,0,0,NA,NA,NA,0,0,NA,NA,NA,NA,NA,0,0,NA,0,0,NA,NA,NA,0,0,0,0,0,NA,NA,NA,NA,NA,0,NA,0,0,0,NA,NA,NA,NA,NA,NA,NA,NA,NA,NA,NA,NA,NA,NA,NA,NA,NA,NA,NA,NA,NA,NA,NA,NA,NA,NA,NA,NA,NA,NA,NA,NA
"106",NA,1,0,1,NA,NA,0,NA,0,0,NA,0,0,0,0,NA,0,0,0,NA,0,0,0,NA,NA,0,0,NA,NA,NA,NA,0,0,0,NA,0,NA,0,NA,0,0,NA,0,0,0,NA,NA,NA,NA,NA,0,NA,0,0,0,NA,NA,NA,NA,NA,NA,NA,NA,NA,NA,NA,NA,NA,NA,NA,NA,NA,NA,NA,NA,NA,NA,NA,NA,NA,NA,NA,NA,NA,NA,NA,NA
"107",NA,NA,0,1,NA,0,0,NA,0,0,NA,0,0,0,0,NA,0,0,0,0,0,0,NA,NA,NA,0,0,NA,NA,NA,NA,NA,0,0,NA,0,0,NA,NA,NA,0,0,0,0,0,NA,0,NA,NA,NA,0,NA,0,0,0,NA,NA,NA,NA,NA,NA,NA,NA,NA,NA,NA,NA,NA,NA,NA,NA,NA,NA,NA,NA,NA,NA,NA,NA,NA,NA,NA,NA,NA,NA,NA,NA
"108",NA,1,0,1,NA,NA,0,NA,0,0,NA,0,0,0,0,NA,0,0,0,NA,0,0,0,NA,NA,0,0,NA,NA,NA,NA,0,0,0,NA,0,NA,0,NA,0,0,NA,0,NA,0,0,NA,NA,NA,NA,0,NA,0,0,0,NA,NA,NA,NA,NA,NA,NA,NA,NA,NA,NA,NA,NA,NA,NA,NA,NA,NA,NA,NA,NA,NA,NA,NA,NA,NA,NA,NA,NA,NA,NA,NA
"109",NA,NA,1,0,NA,0,0,0,0,0,NA,0,0,0,0,NA,0,0,0,NA,0,0,NA,NA,NA,0,0,NA,NA,NA,NA,NA,0,0,NA,0,0,NA,NA,NA,0,0,0,0,0,NA,0,NA,NA,NA,0,NA,NA,0,0,NA,NA,NA,NA,NA,NA,NA,NA,NA,NA,NA,NA,NA,NA,NA,NA,NA,NA,NA,NA,NA,NA,NA,NA,NA,NA,NA,NA,NA,NA,NA,NA
"110",NA,1,1,0,NA,NA,0,0,0,0,NA,0,0,0,0,NA,0,0,0,NA,0,0,0,NA,NA,0,0,NA,NA,NA,NA,0,0,0,NA,0,NA,0,NA,0,0,NA,0,0,0,NA,NA,NA,NA,NA,0,NA,NA,0,0,NA,NA,NA,NA,NA,NA,NA,NA,NA,NA,NA,NA,NA,NA,NA,NA,NA,NA,NA,NA,NA,NA,NA,NA,NA,NA,NA,NA,NA,NA,NA,NA
"111",NA,NA,1,1,NA,0,0,0,0,0,NA,0,0,0,0,NA,0,0,0,NA,0,0,NA,NA,NA,0,0,NA,NA,NA,NA,NA,0,0,NA,0,0,NA,NA,NA,0,0,0,0,0,NA,0,NA,NA,NA,0,NA,0,0,0,NA,NA,NA,NA,NA,NA,NA,NA,NA,NA,NA,NA,NA,NA,NA,NA,NA,NA,NA,NA,NA,NA,NA,NA,NA,NA,NA,NA,NA,NA,NA,NA
"112",NA,1,0,0,NA,NA,0,NA,0,0,NA,0,0,0,0,NA,0,0,0,NA,0,0,0,NA,NA,0,0,NA,NA,NA,NA,0,0,0,NA,0,NA,0,NA,0,0,NA,0,0,0,0,NA,NA,NA,NA,0,NA,NA,0,0,NA,NA,NA,NA,NA,NA,NA,NA,NA,NA,NA,NA,NA,NA,NA,NA,NA,NA,NA,NA,NA,NA,NA,NA,NA,NA,NA,NA,NA,NA,NA,NA
"113",NA,0,0,0,NA,NA,0,NA,0,0,NA,0,0,0,0,NA,0,0,0,NA,0,0,0,NA,NA,0,0,NA,NA,NA,NA,0,0,0,NA,0,0,0,NA,NA,0,NA,0,0,0,NA,NA,NA,NA,NA,0,NA,NA,0,0,NA,NA,NA,NA,NA,NA,NA,NA,NA,NA,NA,NA,NA,NA,NA,NA,NA,NA,NA,NA,NA,NA,NA,NA,NA,NA,NA,NA,NA,NA,NA,NA
"114",NA,1,1,1,NA,NA,0,0,0,0,NA,0,0,0,0,NA,0,0,0,NA,0,0,0,NA,NA,0,0,NA,NA,NA,NA,0,0,0,NA,0,NA,0,NA,0,0,NA,0,NA,0,NA,NA,NA,NA,NA,0,NA,0,0,0,NA,NA,NA,NA,NA,NA,NA,NA,NA,NA,NA,NA,NA,NA,NA,NA,NA,NA,NA,NA,NA,NA,NA,NA,NA,NA,NA,NA,NA,NA,NA,NA
"115",NA,0,0,1,NA,NA,0,NA,0,0,NA,0,0,0,0,NA,0,0,0,NA,0,0,0,NA,NA,0,0,NA,NA,NA,NA,0,0,0,NA,0,0,0,NA,NA,0,NA,0,NA,0,NA,NA,NA,NA,NA,0,NA,0,0,0,NA,NA,NA,NA,NA,NA,NA,NA,NA,NA,NA,NA,NA,NA,NA,NA,NA,NA,NA,NA,NA,NA,NA,NA,NA,NA,NA,NA,NA,NA,NA,NA
"116",NA,1,0,1,NA,NA,0,NA,0,0,NA,0,0,0,0,NA,0,0,0,NA,0,0,0,NA,NA,0,0,NA,NA,NA,NA,0,0,0,NA,0,NA,0,NA,0,0,NA,0,0,0,0,NA,NA,NA,NA,0,NA,0,0,0,NA,NA,NA,NA,NA,NA,NA,NA,NA,NA,NA,NA,NA,NA,NA,NA,NA,NA,NA,NA,NA,NA,NA,NA,NA,NA,NA,NA,NA,NA,NA,NA
"117",NA,0,0,0,NA,NA,0,NA,0,0,NA,0,0,0,0,NA,0,0,0,NA,0,0,0,NA,NA,0,0,NA,NA,NA,NA,0,0,0,NA,0,0,0,NA,NA,0,NA,0,0,0,NA,0,NA,NA,NA,0,NA,NA,0,0,NA,NA,NA,NA,NA,NA,NA,NA,NA,NA,NA,NA,NA,NA,NA,NA,NA,NA,NA,NA,NA,NA,NA,NA,NA,NA,NA,NA,NA,NA,NA,NA
"118",NA,1,0,0,NA,NA,0,NA,0,0,NA,0,0,0,0,NA,0,0,0,NA,0,0,0,NA,NA,0,0,NA,NA,NA,NA,0,0,0,NA,0,NA,0,NA,0,0,NA,0,0,0,NA,0,NA,NA,NA,0,NA,NA,0,0,NA,NA,NA,NA,NA,NA,NA,NA,NA,NA,NA,NA,NA,NA,NA,NA,NA,NA,NA,NA,NA,NA,NA,NA,NA,NA,NA,NA,NA,NA,NA,NA
"119",NA,0,1,0,NA,NA,0,0,0,0,NA,0,0,0,0,NA,0,0,0,NA,0,0,0,NA,NA,0,0,NA,NA,NA,NA,0,0,0,NA,0,0,0,NA,NA,0,NA,0,NA,0,NA,NA,NA,NA,NA,0,NA,NA,0,0,NA,NA,NA,NA,NA,NA,NA,NA,NA,NA,NA,NA,NA,NA,NA,NA,NA,NA,NA,NA,NA,NA,NA,NA,NA,NA,NA,NA,NA,NA,NA,NA
"120",NA,1,1,0,NA,NA,0,0,0,0,NA,0,0,0,0,NA,0,0,0,NA,0,0,0,NA,NA,0,0,NA,NA,NA,NA,0,0,0,NA,0,NA,0,NA,0,0,NA,0,0,0,0,NA,NA,NA,NA,0,NA,NA,0,0,NA,NA,NA,NA,NA,NA,NA,NA,NA,NA,NA,NA,NA,NA,NA,NA,NA,NA,NA,NA,NA,NA,NA,NA,NA,NA,NA,NA,NA,NA,NA,NA
"121",NA,0,0,1,NA,NA,0,NA,0,0,NA,0,0,0,0,NA,0,0,0,NA,0,0,0,NA,NA,0,0,NA,NA,NA,NA,0,0,0,NA,0,0,0,NA,NA,0,NA,0,0,0,NA,NA,NA,NA,NA,0,NA,0,0,0,NA,NA,NA,NA,NA,NA,NA,NA,NA,NA,NA,NA,NA,NA,NA,NA,NA,NA,NA,NA,NA,NA,NA,NA,NA,NA,NA,NA,NA,NA,NA,NA
"122",NA,1,0,1,NA,NA,0,NA,0,0,NA,0,0,0,0,NA,0,0,0,NA,0,0,0,NA,NA,0,0,NA,NA,NA,NA,0,0,0,NA,0,NA,0,NA,0,0,NA,0,NA,0,NA,0,NA,NA,NA,0,NA,0,0,0,NA,NA,NA,NA,NA,NA,NA,NA,NA,NA,NA,NA,NA,NA,NA,NA,NA,NA,NA,NA,NA,NA,NA,NA,NA,NA,NA,NA,NA,NA,NA,NA
"123",NA,1,0,0,NA,NA,0,NA,0,0,NA,0,0,0,0,NA,0,0,0,NA,0,0,0,NA,NA,0,0,NA,NA,NA,NA,0,0,0,NA,0,0,0,NA,NA,0,NA,0,NA,0,0,NA,NA,NA,NA,0,NA,NA,0,0,NA,NA,NA,NA,NA,NA,NA,NA,NA,NA,NA,NA,NA,NA,NA,NA,NA,NA,NA,NA,NA,NA,NA,NA,NA,NA,NA,NA,NA,NA,NA,NA
"124",NA,1,0,1,NA,NA,0,NA,0,0,NA,0,0,0,0,NA,0,0,0,NA,0,0,0,NA,NA,0,0,NA,NA,NA,NA,0,0,0,NA,0,NA,0,NA,0,0,NA,0,0,0,NA,0,NA,NA,NA,0,NA,0,0,0,NA,NA,NA,NA,NA,NA,NA,NA,NA,NA,NA,NA,NA,NA,NA,NA,NA,NA,NA,NA,NA,NA,NA,NA,NA,NA,NA,NA,NA,NA,NA,NA
"125",NA,1,0,0,NA,NA,0,NA,0,0,NA,0,0,0,0,NA,0,0,0,NA,0,0,0,NA,NA,0,0,NA,NA,NA,NA,0,0,0,NA,0,0,0,NA,NA,0,NA,0,NA,0,0,0,NA,NA,NA,0,NA,NA,0,0,NA,NA,NA,NA,NA,NA,NA,NA,NA,NA,NA,NA,NA,NA,NA,NA,NA,NA,NA,NA,NA,NA,NA,NA,NA,NA,NA,NA,NA,NA,NA,NA
"126",NA,1,1,0,NA,NA,0,0,0,0,NA,0,0,0,0,NA,0,0,0,NA,0,0,0,NA,NA,0,0,NA,NA,NA,NA,0,0,0,NA,0,NA,0,NA,0,0,NA,0,NA,0,NA,0,NA,NA,NA,0,NA,NA,0,0,NA,NA,NA,NA,NA,NA,NA,NA,NA,NA,NA,NA,NA,NA,NA,NA,NA,NA,NA,NA,NA,NA,NA,NA,NA,NA,NA,NA,NA,NA,NA,NA
"127",NA,1,1,0,NA,NA,0,0,0,0,NA,0,0,0,0,NA,0,0,0,NA,0,0,0,NA,NA,0,0,NA,NA,NA,NA,0,0,0,NA,0,0,0,NA,NA,0,NA,0,NA,0,0,NA,NA,NA,NA,0,NA,NA,0,0,NA,NA,NA,NA,NA,NA,NA,NA,NA,NA,NA,NA,NA,NA,NA,NA,NA,NA,NA,NA,NA,NA,NA,NA,NA,NA,NA,NA,NA,NA,NA,NA
"128",NA,1,0,0,NA,NA,0,NA,0,0,NA,0,0,0,0,NA,0,0,0,NA,0,0,0,NA,NA,0,0,NA,NA,NA,NA,0,0,0,NA,0,NA,0,NA,0,0,NA,0,NA,0,0,0,NA,NA,NA,0,NA,NA,0,0,NA,NA,NA,NA,NA,NA,NA,NA,NA,NA,NA,NA,NA,NA,NA,NA,NA,NA,NA,NA,NA,NA,NA,NA,NA,NA,NA,NA,NA,NA,NA,NA
"129",NA,0,1,1,NA,NA,0,0,0,0,NA,0,0,0,0,NA,0,0,0,NA,0,0,0,NA,NA,0,0,NA,NA,NA,NA,0,0,0,NA,0,0,0,NA,NA,0,NA,0,NA,0,NA,NA,NA,NA,NA,0,NA,0,0,0,NA,NA,NA,NA,NA,NA,NA,NA,NA,NA,NA,NA,NA,NA,NA,NA,NA,NA,NA,NA,NA,NA,NA,NA,NA,NA,NA,NA,NA,NA,NA,NA
"130",NA,1,0,1,NA,NA,0,NA,0,0,NA,0,0,0,0,NA,0,0,0,NA,0,0,0,NA,NA,0,0,NA,NA,NA,NA,0,0,0,NA,0,NA,0,NA,0,0,NA,0,NA,0,0,0,NA,NA,NA,0,NA,0,0,0,NA,NA,NA,NA,NA,NA,NA,NA,NA,NA,NA,NA,NA,NA,NA,NA,NA,NA,NA,NA,NA,NA,NA,NA,NA,NA,NA,NA,NA,NA,NA,NA
"131",NA,0,1,0,NA,NA,0,0,0,0,NA,0,0,0,0,NA,0,0,0,NA,0,0,0,NA,NA,0,0,NA,NA,NA,NA,0,0,0,NA,0,0,0,NA,NA,0,NA,0,0,0,NA,NA,NA,NA,NA,0,NA,NA,0,0,NA,NA,NA,NA,NA,NA,NA,NA,NA,NA,NA,NA,NA,NA,NA,NA,NA,NA,NA,NA,NA,NA,NA,NA,NA,NA,NA,NA,NA,NA,NA,NA
"132",NA,1,1,1,NA,NA,0,0,0,0,NA,0,0,0,0,NA,0,0,0,NA,0,0,0,NA,NA,0,0,NA,NA,NA,NA,0,0,0,NA,0,NA,0,NA,0,0,NA,0,NA,0,0,NA,NA,NA,NA,0,NA,0,0,0,NA,NA,NA,NA,NA,NA,NA,NA,NA,NA,NA,NA,NA,NA,NA,NA,NA,NA,NA,NA,NA,NA,NA,NA,NA,NA,NA,NA,NA,NA,NA,NA
"133",NA,0,1,1,NA,NA,0,0,0,0,NA,0,0,0,0,NA,0,0,0,NA,0,0,0,NA,NA,0,0,NA,NA,NA,NA,0,0,0,NA,0,0,0,NA,NA,0,NA,0,0,0,NA,NA,NA,NA,NA,0,NA,0,0,0,NA,NA,NA,NA,NA,NA,NA,NA,NA,NA,NA,NA,NA,NA,NA,NA,NA,NA,NA,NA,NA,NA,NA,NA,NA,NA,NA,NA,NA,NA,NA,NA
"134",NA,1,0,0,NA,NA,0,NA,0,0,NA,0,0,0,0,NA,0,0,0,NA,0,0,0,NA,NA,0,0,NA,NA,NA,NA,0,0,0,NA,0,NA,0,NA,0,0,NA,0,0,0,0,0,NA,NA,NA,0,NA,NA,0,0,NA,NA,NA,NA,NA,NA,NA,NA,NA,NA,NA,NA,NA,NA,NA,NA,NA,NA,NA,NA,NA,NA,NA,NA,NA,NA,NA,NA,NA,NA,NA,NA
"135",NA,0,1,0,NA,NA,0,0,0,0,NA,0,0,0,0,NA,0,0,0,NA,0,0,0,NA,NA,0,0,NA,NA,NA,NA,0,0,0,NA,0,0,0,NA,NA,0,NA,0,NA,0,NA,0,NA,NA,NA,0,NA,NA,0,0,NA,NA,NA,NA,NA,NA,NA,NA,NA,NA,NA,NA,NA,NA,NA,NA,NA,NA,NA,NA,NA,NA,NA,NA,NA,NA,NA,NA,NA,NA,NA,NA
"136",NA,1,1,1,NA,NA,0,0,0,0,NA,0,0,0,0,NA,0,0,0,NA,0,0,0,NA,NA,0,0,NA,NA,NA,NA,0,0,0,NA,0,NA,0,NA,0,0,NA,0,0,0,NA,NA,NA,NA,NA,0,NA,0,0,0,NA,NA,NA,NA,NA,NA,NA,NA,NA,NA,NA,NA,NA,NA,NA,NA,NA,NA,NA,NA,NA,NA,NA,NA,NA,NA,NA,NA,NA,NA,NA,NA
"137",NA,1,1,0,NA,NA,0,0,0,0,NA,0,0,0,0,NA,0,0,0,NA,0,0,0,NA,NA,0,0,NA,NA,NA,NA,0,0,0,NA,0,0,0,NA,NA,0,NA,0,NA,0,0,0,NA,NA,NA,0,NA,NA,0,0,NA,NA,NA,NA,NA,NA,NA,NA,NA,NA,NA,NA,NA,NA,NA,NA,NA,NA,NA,NA,NA,NA,NA,NA,NA,NA,NA,NA,NA,NA,NA,NA
"138",NA,1,1,1,NA,NA,0,0,0,0,NA,0,0,0,0,NA,0,0,0,NA,0,0,0,NA,NA,0,0,NA,NA,NA,NA,0,0,0,NA,0,NA,0,NA,0,0,NA,0,0,0,0,NA,NA,NA,NA,0,NA,0,0,0,NA,NA,NA,NA,NA,NA,NA,NA,NA,NA,NA,NA,NA,NA,NA,NA,NA,NA,NA,NA,NA,NA,NA,NA,NA,NA,NA,NA,NA,NA,NA,NA
"139",NA,0,0,1,NA,NA,0,NA,0,0,NA,0,0,0,0,NA,0,0,0,NA,0,0,0,NA,NA,0,0,NA,NA,NA,NA,0,0,0,NA,0,0,0,NA,NA,0,NA,0,NA,0,NA,0,NA,NA,NA,0,NA,0,0,0,NA,NA,NA,NA,NA,NA,NA,NA,NA,NA,NA,NA,NA,NA,NA,NA,NA,NA,NA,NA,NA,NA,NA,NA,NA,NA,NA,NA,NA,NA,NA,NA
"140",NA,1,1,1,NA,NA,0,0,0,0,NA,0,0,0,0,NA,0,0,0,NA,0,0,0,NA,NA,0,0,NA,NA,NA,NA,0,0,0,NA,0,NA,0,NA,0,0,NA,0,NA,0,NA,0,NA,NA,NA,0,NA,0,0,0,NA,NA,NA,NA,NA,NA,NA,NA,NA,NA,NA,NA,NA,NA,NA,NA,NA,NA,NA,NA,NA,NA,NA,NA,NA,NA,NA,NA,NA,NA,NA,NA
"141",NA,1,0,0,NA,NA,0,NA,0,0,NA,0,0,0,0,NA,0,0,0,NA,0,0,0,NA,NA,0,0,NA,NA,NA,NA,0,0,0,NA,0,0,0,NA,NA,0,NA,0,0,0,0,NA,NA,NA,NA,0,NA,NA,0,0,NA,NA,NA,NA,NA,NA,NA,NA,NA,NA,NA,NA,NA,NA,NA,NA,NA,NA,NA,NA,NA,NA,NA,NA,NA,NA,NA,NA,NA,NA,NA,NA
"142",NA,1,1,0,NA,NA,0,0,0,0,NA,0,0,0,0,NA,0,0,0,NA,0,0,0,NA,NA,0,0,NA,NA,NA,NA,0,0,0,NA,0,NA,0,NA,0,0,NA,0,NA,0,0,0,NA,NA,NA,0,NA,NA,0,0,NA,NA,NA,NA,NA,NA,NA,NA,NA,NA,NA,NA,NA,NA,NA,NA,NA,NA,NA,NA,NA,NA,NA,NA,NA,NA,NA,NA,NA,NA,NA,NA
"143",NA,0,0,1,NA,NA,0,NA,0,0,NA,0,0,0,0,NA,0,0,0,NA,0,0,0,NA,NA,0,0,NA,NA,NA,NA,0,0,0,NA,0,0,0,NA,NA,0,NA,0,0,0,NA,0,NA,NA,NA,0,NA,0,0,0,NA,NA,NA,NA,NA,NA,NA,NA,NA,NA,NA,NA,NA,NA,NA,NA,NA,NA,NA,NA,NA,NA,NA,NA,NA,NA,NA,NA,NA,NA,NA,NA
"144",NA,1,1,0,NA,NA,0,0,0,0,NA,0,0,0,0,NA,0,0,0,NA,0,0,0,NA,NA,0,0,NA,NA,NA,NA,0,0,0,NA,0,NA,0,NA,0,0,NA,0,0,0,NA,0,NA,NA,NA,0,NA,NA,0,0,NA,NA,NA,NA,NA,NA,NA,NA,NA,NA,NA,NA,NA,NA,NA,NA,NA,NA,NA,NA,NA,NA,NA,NA,NA,NA,NA,NA,NA,NA,NA,NA
"145",NA,0,1,1,NA,NA,0,0,0,0,NA,0,0,0,0,NA,0,0,0,NA,0,0,0,NA,NA,0,0,NA,NA,NA,NA,0,0,0,NA,0,0,0,NA,NA,0,NA,0,NA,0,NA,0,NA,NA,NA,0,NA,0,0,0,NA,NA,NA,NA,NA,NA,NA,NA,NA,NA,NA,NA,NA,NA,NA,NA,NA,NA,NA,NA,NA,NA,NA,NA,NA,NA,NA,NA,NA,NA,NA,NA
"146",NA,1,1,1,NA,NA,0,0,0,0,NA,0,0,0,0,NA,0,0,0,NA,0,0,0,NA,NA,0,0,NA,NA,NA,NA,0,0,0,NA,0,NA,0,NA,0,0,NA,0,NA,0,0,0,NA,NA,NA,0,NA,0,0,0,NA,NA,NA,NA,NA,NA,NA,NA,NA,NA,NA,NA,NA,NA,NA,NA,NA,NA,NA,NA,NA,NA,NA,NA,NA,NA,NA,NA,NA,NA,NA,NA
"147",NA,1,0,1,NA,NA,0,NA,0,0,NA,0,0,0,0,NA,0,0,0,NA,0,0,0,NA,NA,0,0,NA,NA,NA,NA,0,0,0,NA,0,0,0,NA,NA,0,NA,0,NA,0,0,NA,NA,NA,NA,0,NA,0,0,0,NA,NA,NA,NA,NA,NA,NA,NA,NA,NA,NA,NA,NA,NA,NA,NA,NA,NA,NA,NA,NA,NA,NA,NA,NA,NA,NA,NA,NA,NA,NA,NA
"148",NA,1,1,0,NA,NA,0,0,0,0,NA,0,0,0,0,NA,0,0,0,NA,0,0,0,NA,NA,0,0,NA,NA,NA,NA,0,0,0,NA,0,NA,0,NA,0,0,NA,0,0,0,0,0,NA,NA,NA,0,NA,NA,0,0,NA,NA,NA,NA,NA,NA,NA,NA,NA,NA,NA,NA,NA,NA,NA,NA,NA,NA,NA,NA,NA,NA,NA,NA,NA,NA,NA,NA,NA,NA,NA,NA
"149",NA,0,1,0,NA,NA,0,0,0,0,NA,0,0,0,0,NA,0,0,0,NA,0,0,0,NA,NA,0,0,NA,NA,NA,NA,0,0,0,NA,0,0,0,NA,NA,0,NA,0,0,0,NA,0,NA,NA,NA,0,NA,NA,0,0,NA,NA,NA,NA,NA,NA,NA,NA,NA,NA,NA,NA,NA,NA,NA,NA,NA,NA,NA,NA,NA,NA,NA,NA,NA,NA,NA,NA,NA,NA,NA,NA
"150",NA,1,0,1,NA,NA,0,NA,0,0,NA,0,0,0,0,NA,0,0,0,NA,0,0,0,NA,NA,0,0,NA,NA,NA,NA,0,0,0,NA,0,NA,0,NA,0,0,NA,0,0,0,0,0,NA,NA,NA,0,NA,0,0,0,NA,NA,NA,NA,NA,NA,NA,NA,NA,NA,NA,NA,NA,NA,NA,NA,NA,NA,NA,NA,NA,NA,NA,NA,NA,NA,NA,NA,NA,NA,NA,NA
"151",NA,1,0,1,NA,NA,0,NA,0,0,NA,0,0,0,0,NA,0,0,0,NA,0,0,0,NA,NA,0,0,NA,NA,NA,NA,0,0,0,NA,0,0,0,NA,NA,0,NA,0,NA,0,0,0,NA,NA,NA,0,NA,0,0,0,NA,NA,NA,NA,NA,NA,NA,NA,NA,NA,NA,NA,NA,NA,NA,NA,NA,NA,NA,NA,NA,NA,NA,NA,NA,NA,NA,NA,NA,NA,NA,NA
"152",NA,1,1,1,NA,NA,0,0,0,0,NA,0,0,0,0,NA,0,0,0,NA,0,0,0,NA,NA,0,0,NA,NA,NA,NA,0,0,0,NA,0,NA,0,NA,0,0,NA,0,0,0,NA,0,NA,NA,NA,0,NA,0,0,0,NA,NA,NA,NA,NA,NA,NA,NA,NA,NA,NA,NA,NA,NA,NA,NA,NA,NA,NA,NA,NA,NA,NA,NA,NA,NA,NA,NA,NA,NA,NA,NA
"153",NA,0,1,1,NA,NA,0,0,0,0,NA,0,0,0,0,NA,0,0,0,NA,0,0,0,NA,NA,0,0,NA,NA,NA,NA,0,0,0,NA,0,0,0,NA,NA,0,NA,0,0,0,NA,0,NA,NA,NA,0,NA,0,0,0,NA,NA,NA,NA,NA,NA,NA,NA,NA,NA,NA,NA,NA,NA,NA,NA,NA,NA,NA,NA,NA,NA,NA,NA,NA,NA,NA,NA,NA,NA,NA,NA
"154",NA,1,1,1,NA,NA,0,0,0,0,NA,0,0,0,0,NA,0,0,0,NA,0,0,0,NA,NA,0,0,NA,NA,NA,NA,0,0,0,NA,0,NA,0,NA,0,0,NA,0,0,0,0,0,NA,NA,NA,0,NA,0,0,0,NA,NA,NA,NA,NA,NA,NA,NA,NA,NA,NA,NA,NA,NA,NA,NA,NA,NA,NA,NA,NA,NA,NA,NA,NA,NA,NA,NA,NA,NA,NA,NA
"155",NA,1,1,0,NA,NA,0,0,0,0,NA,0,0,0,0,NA,0,0,0,NA,0,0,0,NA,NA,0,0,NA,NA,NA,NA,0,0,0,NA,0,0,0,NA,NA,0,NA,0,0,0,0,NA,NA,NA,NA,0,NA,NA,0,0,NA,NA,NA,NA,NA,NA,NA,NA,NA,NA,NA,NA,NA,NA,NA,NA,NA,NA,NA,NA,NA,NA,NA,NA,NA,NA,NA,NA,NA,NA,NA,NA
"156",NA,0,0,0,NA,NA,0,NA,0,0,NA,0,0,0,0,NA,0,0,0,NA,0,0,0,NA,NA,0,0,NA,NA,NA,NA,0,0,0,NA,0,NA,0,NA,NA,0,0,0,NA,0,NA,NA,NA,NA,NA,0,NA,NA,0,0,NA,NA,NA,NA,NA,NA,NA,NA,NA,NA,NA,NA,NA,NA,NA,NA,NA,NA,NA,NA,NA,NA,NA,NA,NA,NA,NA,NA,NA,NA,NA,NA
"157",NA,1,1,1,NA,NA,0,0,0,0,NA,0,0,0,0,NA,0,0,0,NA,0,0,0,NA,NA,0,0,NA,NA,NA,NA,0,0,0,NA,0,0,0,NA,NA,0,NA,0,NA,0,0,NA,NA,NA,NA,0,NA,0,0,0,NA,NA,NA,NA,NA,NA,NA,NA,NA,NA,NA,NA,NA,NA,NA,NA,NA,NA,NA,NA,NA,NA,NA,NA,NA,NA,NA,NA,NA,NA,NA,NA
"158",NA,1,0,0,NA,NA,0,NA,0,0,NA,0,0,0,0,NA,0,0,0,NA,0,0,0,NA,NA,0,0,NA,NA,NA,NA,0,0,0,NA,0,NA,0,NA,NA,0,0,0,NA,0,0,NA,NA,NA,NA,0,NA,NA,0,0,NA,NA,NA,NA,NA,NA,NA,NA,NA,NA,NA,NA,NA,NA,NA,NA,NA,NA,NA,NA,NA,NA,NA,NA,NA,NA,NA,NA,NA,NA,NA,NA
"159",NA,1,0,1,NA,NA,0,NA,0,0,NA,0,0,0,0,NA,0,0,0,NA,0,0,0,NA,NA,0,0,NA,NA,NA,NA,0,0,0,NA,0,0,0,NA,NA,0,NA,0,0,0,0,NA,NA,NA,NA,0,NA,0,0,0,NA,NA,NA,NA,NA,NA,NA,NA,NA,NA,NA,NA,NA,NA,NA,NA,NA,NA,NA,NA,NA,NA,NA,NA,NA,NA,NA,NA,NA,NA,NA,NA
"160",NA,0,0,0,NA,NA,0,NA,0,0,NA,0,0,0,0,NA,0,0,0,NA,0,0,0,NA,NA,0,0,NA,NA,NA,NA,0,0,0,NA,0,NA,0,NA,NA,0,0,0,NA,0,NA,0,NA,NA,NA,0,NA,NA,0,0,NA,NA,NA,NA,NA,NA,NA,NA,NA,NA,NA,NA,NA,NA,NA,NA,NA,NA,NA,NA,NA,NA,NA,NA,NA,NA,NA,NA,NA,NA,NA,NA
"161",NA,1,0,0,NA,NA,0,NA,0,0,NA,0,0,0,0,NA,0,0,0,NA,0,0,0,NA,NA,0,0,NA,NA,NA,NA,0,0,0,NA,0,0,0,NA,NA,0,NA,0,0,0,0,0,NA,NA,NA,0,NA,NA,0,0,NA,NA,NA,NA,NA,NA,NA,NA,NA,NA,NA,NA,NA,NA,NA,NA,NA,NA,NA,NA,NA,NA,NA,NA,NA,NA,NA,NA,NA,NA,NA,NA
"162",NA,0,1,0,NA,NA,0,0,0,0,NA,0,0,0,0,NA,0,0,0,NA,0,0,0,NA,NA,0,0,NA,NA,NA,NA,0,0,0,NA,0,NA,0,NA,NA,0,0,0,NA,0,NA,NA,NA,NA,NA,0,NA,NA,0,0,NA,NA,NA,NA,NA,NA,NA,NA,NA,NA,NA,NA,NA,NA,NA,NA,NA,NA,NA,NA,NA,NA,NA,NA,NA,NA,NA,NA,NA,NA,NA,NA
"163",NA,1,0,1,NA,NA,0,NA,0,0,NA,0,0,0,0,NA,0,0,0,NA,0,0,0,NA,NA,0,0,NA,NA,NA,NA,0,0,0,NA,0,0,0,NA,NA,0,NA,0,0,0,0,0,NA,NA,NA,0,NA,0,0,0,NA,NA,NA,NA,NA,NA,NA,NA,NA,NA,NA,NA,NA,NA,NA,NA,NA,NA,NA,NA,NA,NA,NA,NA,NA,NA,NA,NA,NA,NA,NA,NA
"164",NA,1,0,0,NA,NA,0,NA,0,0,NA,0,0,0,0,NA,0,0,0,NA,0,0,0,NA,NA,0,0,NA,NA,NA,NA,0,0,0,NA,0,NA,0,NA,NA,0,0,0,NA,0,0,0,NA,NA,NA,0,NA,NA,0,0,NA,NA,NA,NA,NA,NA,NA,NA,NA,NA,NA,NA,NA,NA,NA,NA,NA,NA,NA,NA,NA,NA,NA,NA,NA,NA,NA,NA,NA,NA,NA,NA
"165",NA,1,1,1,NA,NA,0,0,0,0,NA,0,0,0,0,NA,0,0,0,NA,0,0,0,NA,NA,0,0,NA,NA,NA,NA,0,0,0,NA,0,0,0,NA,NA,0,NA,0,0,0,0,NA,NA,NA,NA,0,NA,0,0,0,NA,NA,NA,NA,NA,NA,NA,NA,NA,NA,NA,NA,NA,NA,NA,NA,NA,NA,NA,NA,NA,NA,NA,NA,NA,NA,NA,NA,NA,NA,NA,NA
"166",NA,0,0,1,NA,NA,0,NA,0,0,NA,0,0,0,0,NA,0,0,0,NA,0,0,0,NA,NA,0,0,NA,NA,NA,NA,0,0,0,NA,0,NA,0,NA,NA,0,0,0,NA,0,NA,NA,NA,NA,NA,0,NA,0,0,0,NA,NA,NA,NA,NA,NA,NA,NA,NA,NA,NA,NA,NA,NA,NA,NA,NA,NA,NA,NA,NA,NA,NA,NA,NA,NA,NA,NA,NA,NA,NA,NA
"167",1,NA,0,0,0,0,NA,NA,NA,0,0,0,0,0,0,0,0,0,0,0,0,0,0,0,0,0,NA,0,0,0,0,NA,0,0,0,NA,0,NA,0,NA,0,0,0,0,NA,NA,0,NA,0,0,0,0,NA,NA,0,NA,NA,NA,NA,NA,NA,NA,NA,NA,NA,NA,NA,NA,NA,NA,NA,NA,NA,NA,NA,NA,NA,NA,NA,NA,NA,NA,NA,NA,NA,NA,NA
"168",NA,0,0,0,NA,NA,0,NA,0,0,NA,0,0,0,0,NA,0,0,0,NA,0,0,0,NA,NA,0,0,NA,NA,NA,NA,0,0,0,NA,0,NA,0,NA,NA,0,0,0,0,0,NA,NA,NA,NA,NA,0,NA,NA,0,0,NA,NA,NA,NA,NA,NA,NA,NA,NA,NA,NA,NA,NA,NA,NA,NA,NA,NA,NA,NA,NA,NA,NA,NA,NA,NA,NA,NA,NA,NA,NA,NA
"169",NA,1,1,1,NA,NA,0,0,0,0,NA,0,0,0,0,NA,0,0,0,NA,0,0,0,NA,NA,0,0,NA,NA,NA,NA,0,0,0,NA,0,0,0,NA,NA,0,NA,0,NA,0,0,0,NA,NA,NA,0,NA,0,0,0,NA,NA,NA,NA,NA,NA,NA,NA,NA,NA,NA,NA,NA,NA,NA,NA,NA,NA,NA,NA,NA,NA,NA,NA,NA,NA,NA,NA,NA,NA,NA,NA
"170",NA,1,0,0,NA,NA,0,NA,0,0,NA,0,0,0,0,NA,0,0,0,NA,0,0,0,NA,NA,0,0,NA,NA,NA,NA,0,0,0,NA,0,NA,0,NA,NA,0,0,0,0,0,0,NA,NA,NA,NA,0,NA,NA,0,0,NA,NA,NA,NA,NA,NA,NA,NA,NA,NA,NA,NA,NA,NA,NA,NA,NA,NA,NA,NA,NA,NA,NA,NA,NA,NA,NA,NA,NA,NA,NA,NA
"171",NA,1,1,0,NA,NA,0,0,0,0,NA,0,0,0,0,NA,0,0,0,NA,0,0,0,NA,NA,0,0,NA,NA,NA,NA,0,0,0,NA,0,0,0,NA,NA,0,NA,0,0,0,0,0,NA,NA,NA,0,NA,NA,0,0,NA,NA,NA,NA,NA,NA,NA,NA,NA,NA,NA,NA,NA,NA,NA,NA,NA,NA,NA,NA,NA,NA,NA,NA,NA,NA,NA,NA,NA,NA,NA,NA
"172",NA,1,1,0,NA,NA,0,0,0,0,NA,0,0,0,0,NA,0,0,0,NA,0,0,0,NA,NA,0,0,NA,NA,NA,NA,0,0,0,NA,0,NA,0,NA,NA,0,0,0,NA,0,0,NA,NA,NA,NA,0,NA,NA,0,0,NA,NA,NA,NA,NA,NA,NA,NA,NA,NA,NA,NA,NA,NA,NA,NA,NA,NA,NA,NA,NA,NA,NA,NA,NA,NA,NA,NA,NA,NA,NA,NA
"173",NA,1,1,1,NA,NA,0,0,0,0,NA,0,0,0,0,NA,0,0,0,NA,0,0,0,NA,NA,0,0,NA,NA,NA,NA,0,0,0,NA,0,0,0,NA,NA,0,NA,0,0,0,0,0,NA,NA,NA,0,NA,0,0,0,NA,NA,NA,NA,NA,NA,NA,NA,NA,NA,NA,NA,NA,NA,NA,NA,NA,NA,NA,NA,NA,NA,NA,NA,NA,NA,NA,NA,NA,NA,NA,NA
"174",NA,0,0,0,NA,NA,0,NA,0,0,NA,0,0,0,0,NA,0,0,0,NA,0,0,0,NA,NA,0,0,NA,NA,NA,NA,0,0,0,NA,0,NA,0,NA,NA,0,0,0,0,0,NA,0,NA,NA,NA,0,NA,NA,0,0,NA,NA,NA,NA,NA,NA,NA,NA,NA,NA,NA,NA,NA,NA,NA,NA,NA,NA,NA,NA,NA,NA,NA,NA,NA,NA,NA,NA,NA,NA,NA,NA
"175",NA,1,0,0,NA,NA,0,NA,0,0,NA,0,0,0,0,NA,0,0,0,NA,0,0,0,NA,NA,0,0,NA,NA,NA,NA,0,0,0,NA,0,NA,0,NA,NA,0,0,0,0,0,0,0,NA,NA,NA,0,NA,NA,0,0,NA,NA,NA,NA,NA,NA,NA,NA,NA,NA,NA,NA,NA,NA,NA,NA,NA,NA,NA,NA,NA,NA,NA,NA,NA,NA,NA,NA,NA,NA,NA,NA
"176",NA,0,0,1,NA,NA,0,NA,0,0,NA,0,0,0,0,NA,0,0,0,NA,0,0,0,NA,NA,0,0,NA,NA,NA,NA,0,0,0,NA,0,NA,0,NA,NA,0,0,0,NA,0,NA,0,NA,NA,NA,0,NA,0,0,0,NA,NA,NA,NA,NA,NA,NA,NA,NA,NA,NA,NA,NA,NA,NA,NA,NA,NA,NA,NA,NA,NA,NA,NA,NA,NA,NA,NA,NA,NA,NA,NA
"177",NA,0,1,0,NA,NA,0,0,0,0,NA,0,0,0,0,NA,0,0,0,NA,0,0,0,NA,NA,0,0,NA,NA,NA,NA,0,0,0,NA,0,NA,0,NA,NA,0,0,0,0,0,NA,NA,NA,NA,NA,0,NA,NA,0,0,NA,NA,NA,NA,NA,NA,NA,NA,NA,NA,NA,NA,NA,NA,NA,NA,NA,NA,NA,NA,NA,NA,NA,NA,NA,NA,NA,NA,NA,NA,NA,NA
"178",NA,1,0,1,NA,NA,0,NA,0,0,NA,0,0,0,0,NA,0,0,0,NA,0,0,0,NA,NA,0,0,NA,NA,NA,NA,0,0,0,NA,0,NA,0,NA,NA,0,0,0,NA,0,0,NA,NA,NA,NA,0,NA,0,0,0,NA,NA,NA,NA,NA,NA,NA,NA,NA,NA,NA,NA,NA,NA,NA,NA,NA,NA,NA,NA,NA,NA,NA,NA,NA,NA,NA,NA,NA,NA,NA,NA
"179",NA,1,1,0,NA,NA,0,0,0,0,NA,0,0,0,0,NA,0,0,0,NA,0,0,0,NA,NA,0,0,NA,NA,NA,NA,0,0,0,NA,0,NA,0,NA,NA,0,0,0,0,0,0,NA,NA,NA,NA,0,NA,NA,0,0,NA,NA,NA,NA,NA,NA,NA,NA,NA,NA,NA,NA,NA,NA,NA,NA,NA,NA,NA,NA,NA,NA,NA,NA,NA,NA,NA,NA,NA,NA,NA,NA
"180",NA,0,0,1,NA,NA,0,NA,0,0,NA,0,0,0,0,NA,0,0,0,NA,0,0,0,NA,NA,0,0,NA,NA,NA,NA,0,0,0,NA,0,NA,0,NA,NA,0,0,0,0,0,NA,NA,NA,NA,NA,0,NA,0,0,0,NA,NA,NA,NA,NA,NA,NA,NA,NA,NA,NA,NA,NA,NA,NA,NA,NA,NA,NA,NA,NA,NA,NA,NA,NA,NA,NA,NA,NA,NA,NA,NA
"181",NA,0,1,0,NA,NA,0,0,0,0,NA,0,0,0,0,NA,0,0,0,NA,0,0,0,NA,NA,0,0,NA,NA,NA,NA,0,0,0,NA,0,NA,0,NA,NA,0,0,0,NA,0,NA,0,NA,NA,NA,0,NA,NA,0,0,NA,NA,NA,NA,NA,NA,NA,NA,NA,NA,NA,NA,NA,NA,NA,NA,NA,NA,NA,NA,NA,NA,NA,NA,NA,NA,NA,NA,NA,NA,NA,NA
"182",NA,1,0,1,NA,NA,0,NA,0,0,NA,0,0,0,0,NA,0,0,0,NA,0,0,0,NA,NA,0,0,NA,NA,NA,NA,0,0,0,NA,0,NA,0,NA,NA,0,0,0,0,0,0,NA,NA,NA,NA,0,NA,0,0,0,NA,NA,NA,NA,NA,NA,NA,NA,NA,NA,NA,NA,NA,NA,NA,NA,NA,NA,NA,NA,NA,NA,NA,NA,NA,NA,NA,NA,NA,NA,NA,NA
"183",NA,1,0,1,NA,NA,0,NA,0,0,NA,0,0,0,0,NA,0,0,0,NA,0,0,0,NA,NA,0,0,NA,NA,NA,NA,0,0,0,NA,0,NA,0,NA,NA,0,0,0,NA,0,0,0,NA,NA,NA,0,NA,0,0,0,NA,NA,NA,NA,NA,NA,NA,NA,NA,NA,NA,NA,NA,NA,NA,NA,NA,NA,NA,NA,NA,NA,NA,NA,NA,NA,NA,NA,NA,NA,NA,NA
"184",NA,0,1,1,NA,NA,0,0,0,0,NA,0,0,0,0,NA,0,0,0,NA,0,0,0,NA,NA,0,0,NA,NA,NA,NA,0,0,0,NA,0,NA,0,NA,NA,0,0,0,NA,0,NA,NA,NA,NA,NA,0,NA,0,0,0,NA,NA,NA,NA,NA,NA,NA,NA,NA,NA,NA,NA,NA,NA,NA,NA,NA,NA,NA,NA,NA,NA,NA,NA,NA,NA,NA,NA,NA,NA,NA,NA
"185",NA,0,0,1,NA,NA,0,NA,0,0,NA,0,0,0,0,NA,0,0,0,NA,0,0,0,NA,NA,0,0,NA,NA,NA,NA,0,0,0,NA,0,NA,0,NA,NA,0,0,0,0,0,NA,0,NA,NA,NA,0,NA,0,0,0,NA,NA,NA,NA,NA,NA,NA,NA,NA,NA,NA,NA,NA,NA,NA,NA,NA,NA,NA,NA,NA,NA,NA,NA,NA,NA,NA,NA,NA,NA,NA,NA
"186",NA,0,1,1,NA,NA,0,0,0,0,NA,0,0,0,0,NA,0,0,0,NA,0,0,0,NA,NA,0,0,NA,NA,NA,NA,0,0,0,NA,0,NA,0,NA,NA,0,0,0,0,0,NA,NA,NA,NA,NA,0,NA,0,0,0,NA,NA,NA,NA,NA,NA,NA,NA,NA,NA,NA,NA,NA,NA,NA,NA,NA,NA,NA,NA,NA,NA,NA,NA,NA,NA,NA,NA,NA,NA,NA,NA
"187",NA,1,0,1,NA,NA,0,NA,0,0,NA,0,0,0,0,NA,0,0,0,NA,0,0,0,NA,NA,0,0,NA,NA,NA,NA,0,0,0,NA,0,NA,0,NA,NA,0,0,0,0,0,0,0,NA,NA,NA,0,NA,0,0,0,NA,NA,NA,NA,NA,NA,NA,NA,NA,NA,NA,NA,NA,NA,NA,NA,NA,NA,NA,NA,NA,NA,NA,NA,NA,NA,NA,NA,NA,NA,NA,NA
"188",NA,1,1,1,NA,NA,0,0,0,0,NA,0,0,0,0,NA,0,0,0,NA,0,0,0,NA,NA,0,0,NA,NA,NA,NA,0,0,0,NA,0,NA,0,NA,NA,0,0,0,NA,0,0,NA,NA,NA,NA,0,NA,0,0,0,NA,NA,NA,NA,NA,NA,NA,NA,NA,NA,NA,NA,NA,NA,NA,NA,NA,NA,NA,NA,NA,NA,NA,NA,NA,NA,NA,NA,NA,NA,NA,NA
"189",NA,1,1,0,NA,NA,0,0,0,0,NA,0,0,0,0,NA,0,0,0,NA,0,0,0,NA,NA,0,0,NA,NA,NA,NA,0,0,0,NA,0,NA,0,NA,NA,0,0,0,NA,0,0,0,NA,NA,NA,0,NA,NA,0,0,NA,NA,NA,NA,NA,NA,NA,NA,NA,NA,NA,NA,NA,NA,NA,NA,NA,NA,NA,NA,NA,NA,NA,NA,NA,NA,NA,NA,NA,NA,NA,NA
"190",NA,1,1,1,NA,NA,0,0,0,0,NA,0,0,0,0,NA,0,0,0,NA,0,0,0,NA,NA,0,0,NA,NA,NA,NA,0,0,0,NA,0,NA,0,NA,NA,0,0,0,0,0,0,NA,NA,NA,NA,0,NA,0,0,0,NA,NA,NA,NA,NA,NA,NA,NA,NA,NA,NA,NA,NA,NA,NA,NA,NA,NA,NA,NA,NA,NA,NA,NA,NA,NA,NA,NA,NA,NA,NA,NA
"191",NA,0,1,1,NA,NA,0,0,0,0,NA,0,0,0,0,NA,0,0,0,NA,0,0,0,NA,NA,0,0,NA,NA,NA,NA,0,0,0,NA,0,NA,0,NA,NA,0,0,0,NA,0,NA,0,NA,NA,NA,0,NA,0,0,0,NA,NA,NA,NA,NA,NA,NA,NA,NA,NA,NA,NA,NA,NA,NA,NA,NA,NA,NA,NA,NA,NA,NA,NA,NA,NA,NA,NA,NA,NA,NA,NA
"192",NA,1,1,1,NA,NA,0,0,0,0,NA,0,0,0,0,NA,0,0,0,NA,0,0,0,NA,NA,0,0,NA,NA,NA,NA,0,0,0,NA,0,NA,0,NA,NA,0,0,0,NA,0,0,0,NA,NA,NA,0,NA,0,0,0,NA,NA,NA,NA,NA,NA,NA,NA,NA,NA,NA,NA,NA,NA,NA,NA,NA,NA,NA,NA,NA,NA,NA,NA,NA,NA,NA,NA,NA,NA,NA,NA
"193",NA,0,1,0,NA,NA,0,0,0,0,NA,0,0,0,0,NA,0,0,0,NA,0,0,0,NA,NA,0,0,NA,NA,NA,NA,0,0,0,NA,0,NA,0,NA,NA,0,0,0,0,0,NA,0,NA,NA,NA,0,NA,NA,0,0,NA,NA,NA,NA,NA,NA,NA,NA,NA,NA,NA,NA,NA,NA,NA,NA,NA,NA,NA,NA,NA,NA,NA,NA,NA,NA,NA,NA,NA,NA,NA,NA
"194",NA,0,1,1,NA,NA,0,0,0,0,NA,0,0,0,0,NA,0,0,0,NA,0,0,0,NA,NA,0,0,NA,NA,NA,NA,0,0,0,NA,0,NA,0,NA,NA,0,0,0,0,0,NA,0,NA,NA,NA,0,NA,0,0,0,NA,NA,NA,NA,NA,NA,NA,NA,NA,NA,NA,NA,NA,NA,NA,NA,NA,NA,NA,NA,NA,NA,NA,NA,NA,NA,NA,NA,NA,NA,NA,NA
"195",NA,1,1,0,NA,NA,0,0,0,0,NA,0,0,0,0,NA,0,0,0,NA,0,0,0,NA,NA,0,0,NA,NA,NA,NA,0,0,0,NA,0,NA,0,NA,NA,0,0,0,0,0,0,0,NA,NA,NA,0,NA,NA,0,0,NA,NA,NA,NA,NA,NA,NA,NA,NA,NA,NA,NA,NA,NA,NA,NA,NA,NA,NA,NA,NA,NA,NA,NA,NA,NA,NA,NA,NA,NA,NA,NA
"196",NA,1,1,1,NA,NA,0,0,0,0,NA,0,0,0,0,NA,0,0,0,NA,0,0,0,NA,NA,0,0,NA,NA,NA,NA,0,0,0,NA,0,NA,0,NA,NA,0,0,0,0,0,0,0,NA,NA,NA,0,NA,0,0,0,NA,NA,NA,NA,NA,NA,NA,NA,NA,NA,NA,NA,NA,NA,NA,NA,NA,NA,NA,NA,NA,NA,NA,NA,NA,NA,NA,NA,NA,NA,NA,NA
"197",1,NA,0,0,0,0,NA,NA,NA,0,0,0,0,0,0,0,0,0,0,0,0,0,0,0,0,0,NA,0,0,0,0,NA,0,0,0,NA,0,NA,0,NA,0,0,0,0,NA,NA,0,0,0,0,0,0,NA,NA,0,NA,NA,NA,NA,NA,NA,NA,NA,NA,NA,NA,NA,NA,NA,NA,NA,NA,NA,NA,NA,NA,NA,NA,NA,NA,NA,NA,NA,NA,NA,NA,NA
"198",NA,0,0,0,NA,NA,0,NA,0,0,NA,0,0,0,0,NA,0,0,0,NA,0,0,0,NA,NA,0,0,NA,NA,NA,NA,0,0,0,NA,0,0,0,NA,NA,0,0,0,NA,0,NA,NA,NA,NA,NA,0,NA,NA,0,0,NA,NA,NA,NA,NA,NA,NA,NA,NA,NA,NA,NA,NA,NA,NA,NA,NA,NA,NA,NA,NA,NA,NA,NA,NA,NA,NA,NA,NA,NA,NA,NA
"199",NA,0,0,0,NA,NA,0,NA,0,0,NA,0,0,0,0,NA,0,0,0,NA,0,0,0,NA,NA,0,0,NA,NA,NA,NA,0,0,0,NA,0,0,0,NA,NA,0,0,0,0,0,NA,NA,NA,NA,NA,0,NA,NA,0,0,NA,NA,NA,NA,NA,NA,NA,NA,NA,NA,NA,NA,NA,NA,NA,NA,NA,NA,NA,NA,NA,NA,NA,NA,NA,NA,NA,NA,NA,NA,NA,NA
"200",NA,0,0,0,NA,NA,0,NA,0,0,NA,0,0,0,0,NA,0,0,0,NA,0,0,0,NA,NA,0,0,NA,NA,NA,NA,0,0,0,NA,0,0,0,NA,NA,0,0,0,NA,0,NA,0,NA,NA,NA,0,NA,NA,0,0,NA,NA,NA,NA,NA,NA,NA,NA,NA,NA,NA,NA,NA,NA,NA,NA,NA,NA,NA,NA,NA,NA,NA,NA,NA,NA,NA,NA,NA,NA,NA,NA
"201",NA,0,1,0,NA,NA,0,0,0,0,NA,0,0,0,0,NA,0,0,0,NA,0,0,0,NA,NA,0,0,NA,NA,NA,NA,0,0,0,NA,0,0,0,NA,NA,0,0,0,NA,0,NA,NA,NA,NA,NA,0,NA,NA,0,0,NA,NA,NA,NA,NA,NA,NA,NA,NA,NA,NA,NA,NA,NA,NA,NA,NA,NA,NA,NA,NA,NA,NA,NA,NA,NA,NA,NA,NA,NA,NA,NA
"202",0,NA,0,1,0,0,NA,NA,NA,0,0,0,0,0,0,0,0,0,0,0,0,0,0,0,0,0,NA,0,0,NA,0,NA,0,0,0,NA,0,NA,0,NA,0,0,0,0,NA,NA,0,NA,0,0,0,0,0,NA,0,NA,NA,NA,NA,NA,NA,NA,NA,NA,NA,NA,NA,NA,NA,NA,NA,NA,NA,NA,NA,NA,NA,NA,NA,NA,NA,NA,NA,NA,NA,NA,NA
"203",0,NA,1,0,0,0,NA,0,NA,0,0,0,0,0,0,0,0,0,0,0,0,0,0,0,0,0,NA,0,0,NA,0,NA,0,0,0,NA,0,NA,0,NA,0,0,0,0,NA,NA,0,NA,0,0,0,0,NA,NA,0,NA,NA,NA,NA,NA,NA,NA,NA,NA,NA,NA,NA,NA,NA,NA,NA,NA,NA,NA,NA,NA,NA,NA,NA,NA,NA,NA,NA,NA,NA,NA,NA
"204",NA,1,0,0,NA,NA,0,NA,0,0,NA,0,0,0,0,NA,0,0,0,NA,0,0,0,NA,NA,0,0,NA,NA,NA,NA,0,0,0,NA,0,0,0,NA,NA,0,0,0,NA,0,0,NA,NA,NA,NA,0,NA,NA,0,0,NA,NA,NA,NA,NA,NA,NA,NA,NA,NA,NA,NA,NA,NA,NA,NA,NA,NA,NA,NA,NA,NA,NA,NA,NA,NA,NA,NA,NA,NA,NA,NA
"205",NA,0,0,1,NA,NA,0,NA,0,0,NA,0,0,0,0,NA,0,0,0,NA,0,0,0,NA,NA,0,0,NA,NA,NA,NA,0,0,0,NA,0,0,0,NA,NA,0,0,0,NA,0,NA,NA,NA,NA,NA,0,NA,0,0,0,NA,NA,NA,NA,NA,NA,NA,NA,NA,NA,NA,NA,NA,NA,NA,NA,NA,NA,NA,NA,NA,NA,NA,NA,NA,NA,NA,NA,NA,NA,NA,NA
"206",NA,0,0,1,NA,NA,0,NA,0,0,NA,0,0,0,0,NA,0,0,0,NA,0,0,0,NA,NA,0,0,NA,NA,NA,NA,0,0,0,NA,0,0,0,NA,NA,0,0,0,0,0,NA,NA,NA,NA,NA,0,NA,0,0,0,NA,NA,NA,NA,NA,NA,NA,NA,NA,NA,NA,NA,NA,NA,NA,NA,NA,NA,NA,NA,NA,NA,NA,NA,NA,NA,NA,NA,NA,NA,NA,NA
"207",NA,1,0,0,NA,NA,0,NA,0,0,NA,0,0,0,0,NA,0,0,0,NA,0,0,0,NA,NA,0,0,NA,NA,NA,NA,0,0,0,NA,0,0,0,NA,NA,0,0,0,NA,0,0,0,NA,NA,NA,0,NA,NA,0,0,NA,NA,NA,NA,NA,NA,NA,NA,NA,NA,NA,NA,NA,NA,NA,NA,NA,NA,NA,NA,NA,NA,NA,NA,NA,NA,NA,NA,NA,NA,NA,NA
"208",NA,0,1,0,NA,NA,0,0,0,0,NA,0,0,0,0,NA,0,0,0,NA,0,0,0,NA,NA,0,0,NA,NA,NA,NA,0,0,0,NA,0,0,0,NA,NA,0,0,0,0,0,NA,NA,NA,NA,NA,0,NA,NA,0,0,NA,NA,NA,NA,NA,NA,NA,NA,NA,NA,NA,NA,NA,NA,NA,NA,NA,NA,NA,NA,NA,NA,NA,NA,NA,NA,NA,NA,NA,NA,NA,NA
"209",NA,0,0,1,NA,NA,0,NA,0,0,NA,0,0,0,0,NA,0,0,0,NA,0,0,0,NA,NA,0,0,NA,NA,NA,NA,0,0,0,NA,0,0,0,NA,NA,0,0,0,NA,0,NA,0,NA,NA,NA,0,NA,0,0,0,NA,NA,NA,NA,NA,NA,NA,NA,NA,NA,NA,NA,NA,NA,NA,NA,NA,NA,NA,NA,NA,NA,NA,NA,NA,NA,NA,NA,NA,NA,NA,NA
"210",NA,0,0,0,NA,NA,0,NA,0,0,NA,0,0,0,0,NA,0,0,0,NA,0,0,0,NA,NA,0,0,NA,NA,NA,NA,0,0,0,NA,0,0,0,NA,NA,0,0,0,0,0,NA,0,NA,NA,NA,0,NA,NA,0,0,NA,NA,NA,NA,NA,NA,NA,NA,NA,NA,NA,NA,NA,NA,NA,NA,NA,NA,NA,NA,NA,NA,NA,NA,NA,NA,NA,NA,NA,NA,NA,NA
"211",0,NA,1,1,0,0,NA,0,NA,0,0,0,0,0,0,0,0,0,0,0,0,0,0,0,0,0,NA,0,0,NA,0,NA,0,0,0,NA,0,NA,0,NA,0,0,0,0,NA,NA,0,NA,0,0,0,0,0,NA,0,NA,NA,NA,NA,NA,NA,NA,NA,NA,NA,NA,NA,NA,NA,NA,NA,NA,NA,NA,NA,NA,NA,NA,NA,NA,NA,NA,NA,NA,NA,NA,NA
"212",0,0,0,0,0,NA,NA,NA,NA,0,0,0,0,0,0,0,0,0,0,0,0,0,0,0,0,0,NA,0,0,NA,0,0,0,0,0,NA,0,0,0,NA,0,0,0,0,NA,NA,0,NA,0,0,0,0,NA,NA,0,NA,NA,NA,NA,NA,NA,NA,NA,NA,NA,NA,NA,NA,NA,NA,NA,NA,NA,NA,NA,NA,NA,NA,NA,NA,NA,NA,NA,NA,NA,NA,NA
"213",NA,0,1,1,NA,NA,0,0,0,0,NA,0,0,0,0,NA,0,0,0,NA,0,0,0,NA,NA,0,0,NA,NA,NA,NA,0,0,0,NA,0,0,0,NA,NA,0,0,0,NA,0,NA,NA,NA,NA,NA,0,NA,0,0,0,NA,NA,NA,NA,NA,NA,NA,NA,NA,NA,NA,NA,NA,NA,NA,NA,NA,NA,NA,NA,NA,NA,NA,NA,NA,NA,NA,NA,NA,NA,NA,NA
"214",1,0,0,0,0,NA,NA,NA,NA,0,0,0,0,0,0,0,0,0,0,0,0,0,0,0,0,0,NA,0,0,0,0,0,0,0,0,NA,0,0,0,NA,0,0,0,0,NA,NA,0,NA,0,0,0,0,NA,NA,0,NA,NA,NA,NA,NA,NA,NA,NA,NA,NA,NA,NA,NA,NA,NA,NA,NA,NA,NA,NA,NA,NA,NA,NA,NA,NA,NA,NA,NA,NA,NA,NA
"215",NA,1,0,1,NA,NA,0,NA,0,0,NA,0,0,0,0,NA,0,0,0,NA,0,0,0,NA,NA,0,0,NA,NA,NA,NA,0,0,0,NA,0,0,0,NA,NA,0,0,0,NA,0,0,NA,NA,NA,NA,0,NA,0,0,0,NA,NA,NA,NA,NA,NA,NA,NA,NA,NA,NA,NA,NA,NA,NA,NA,NA,NA,NA,NA,NA,NA,NA,NA,NA,NA,NA,NA,NA,NA,NA,NA
"216",NA,0,1,0,NA,NA,0,0,0,0,NA,0,0,0,0,NA,0,0,0,NA,0,0,0,NA,NA,0,0,NA,NA,NA,NA,0,0,0,NA,0,0,0,NA,NA,0,0,0,NA,0,NA,0,NA,NA,NA,0,NA,NA,0,0,NA,NA,NA,NA,NA,NA,NA,NA,NA,NA,NA,NA,NA,NA,NA,NA,NA,NA,NA,NA,NA,NA,NA,NA,NA,NA,NA,NA,NA,NA,NA,NA
"217",NA,1,0,1,NA,NA,0,NA,0,0,NA,0,0,0,0,NA,0,0,0,NA,0,0,0,NA,NA,0,0,NA,NA,NA,NA,0,0,0,NA,0,0,0,NA,NA,0,0,0,NA,0,0,0,NA,NA,NA,0,NA,0,0,0,NA,NA,NA,NA,NA,NA,NA,NA,NA,NA,NA,NA,NA,NA,NA,NA,NA,NA,NA,NA,NA,NA,NA,NA,NA,NA,NA,NA,NA,NA,NA,NA
"218",NA,0,1,0,NA,NA,0,0,0,0,NA,0,0,0,0,NA,0,0,0,NA,0,0,0,NA,NA,0,0,NA,NA,NA,NA,0,0,0,NA,0,0,0,NA,NA,0,0,0,0,0,NA,0,NA,NA,NA,0,NA,NA,0,0,NA,NA,NA,NA,NA,NA,NA,NA,NA,NA,NA,NA,NA,NA,NA,NA,NA,NA,NA,NA,NA,NA,NA,NA,NA,NA,NA,NA,NA,NA,NA,NA
"219",NA,1,1,0,NA,NA,0,0,0,0,NA,0,0,0,0,NA,0,0,0,NA,0,0,0,NA,NA,0,0,NA,NA,NA,NA,0,0,0,NA,0,0,0,NA,NA,0,0,0,NA,0,0,NA,NA,NA,NA,0,NA,NA,0,0,NA,NA,NA,NA,NA,NA,NA,NA,NA,NA,NA,NA,NA,NA,NA,NA,NA,NA,NA,NA,NA,NA,NA,NA,NA,NA,NA,NA,NA,NA,NA,NA
"220",NA,1,0,0,NA,NA,0,NA,0,0,NA,0,0,0,0,NA,0,0,0,NA,0,0,0,NA,NA,0,0,NA,NA,NA,NA,0,0,0,NA,0,0,0,NA,NA,0,0,0,0,0,0,NA,NA,NA,NA,0,NA,NA,0,0,NA,NA,NA,NA,NA,NA,NA,NA,NA,NA,NA,NA,NA,NA,NA,NA,NA,NA,NA,NA,NA,NA,NA,NA,NA,NA,NA,NA,NA,NA,NA,NA
"221",NA,1,1,1,NA,NA,0,0,0,0,NA,0,0,0,0,NA,0,0,0,NA,0,0,0,NA,NA,0,0,NA,NA,NA,NA,0,0,0,NA,0,0,0,NA,NA,0,0,0,NA,0,0,NA,NA,NA,NA,0,NA,0,0,0,NA,NA,NA,NA,NA,NA,NA,NA,NA,NA,NA,NA,NA,NA,NA,NA,NA,NA,NA,NA,NA,NA,NA,NA,NA,NA,NA,NA,NA,NA,NA,NA
"222",NA,1,0,0,NA,NA,0,NA,0,0,NA,0,0,0,0,NA,0,0,0,NA,0,0,0,NA,NA,0,0,NA,NA,NA,NA,0,0,0,NA,0,0,0,NA,NA,0,0,0,0,0,0,0,NA,NA,NA,0,NA,NA,0,0,NA,NA,NA,NA,NA,NA,NA,NA,NA,NA,NA,NA,NA,NA,NA,NA,NA,NA,NA,NA,NA,NA,NA,NA,NA,NA,NA,NA,NA,NA,NA,NA
"223",NA,1,1,0,NA,NA,0,0,0,0,NA,0,0,0,0,NA,0,0,0,NA,0,0,0,NA,NA,0,0,NA,NA,NA,NA,0,0,0,NA,0,0,0,NA,NA,0,0,0,NA,0,0,0,NA,NA,NA,0,NA,NA,0,0,NA,NA,NA,NA,NA,NA,NA,NA,NA,NA,NA,NA,NA,NA,NA,NA,NA,NA,NA,NA,NA,NA,NA,NA,NA,NA,NA,NA,NA,NA,NA,NA
"224",NA,0,1,1,NA,NA,0,0,0,0,NA,0,0,0,0,NA,0,0,0,NA,0,0,0,NA,NA,0,0,NA,NA,NA,NA,0,0,0,NA,0,0,0,NA,NA,0,0,0,NA,0,NA,0,NA,NA,NA,0,NA,0,0,0,NA,NA,NA,NA,NA,NA,NA,NA,NA,NA,NA,NA,NA,NA,NA,NA,NA,NA,NA,NA,NA,NA,NA,NA,NA,NA,NA,NA,NA,NA,NA,NA
"225",NA,1,0,1,NA,NA,0,NA,0,0,NA,0,0,0,0,NA,0,0,0,NA,0,0,0,NA,NA,0,0,NA,NA,NA,NA,0,0,0,NA,0,0,0,NA,NA,0,0,0,0,0,0,NA,NA,NA,NA,0,NA,0,0,0,NA,NA,NA,NA,NA,NA,NA,NA,NA,NA,NA,NA,NA,NA,NA,NA,NA,NA,NA,NA,NA,NA,NA,NA,NA,NA,NA,NA,NA,NA,NA,NA
"226",NA,0,1,1,NA,NA,0,0,0,0,NA,0,0,0,0,NA,0,0,0,NA,0,0,0,NA,NA,0,0,NA,NA,NA,NA,0,0,0,NA,0,0,0,NA,NA,0,0,0,0,0,NA,NA,NA,NA,NA,0,NA,0,0,0,NA,NA,NA,NA,NA,NA,NA,NA,NA,NA,NA,NA,NA,NA,NA,NA,NA,NA,NA,NA,NA,NA,NA,NA,NA,NA,NA,NA,NA,NA,NA,NA
"227",NA,0,0,1,NA,NA,0,NA,0,0,NA,0,0,0,0,NA,0,0,0,NA,0,0,0,NA,NA,0,0,NA,NA,NA,NA,0,0,0,NA,0,0,0,NA,NA,0,0,0,0,0,NA,0,NA,NA,NA,0,NA,0,0,0,NA,NA,NA,NA,NA,NA,NA,NA,NA,NA,NA,NA,NA,NA,NA,NA,NA,NA,NA,NA,NA,NA,NA,NA,NA,NA,NA,NA,NA,NA,NA,NA
"228",NA,1,1,1,NA,NA,0,0,0,0,NA,0,0,0,0,NA,0,0,0,NA,0,0,0,NA,NA,0,0,NA,NA,NA,NA,0,0,0,NA,0,0,0,NA,NA,0,0,0,NA,0,0,0,NA,NA,NA,0,NA,0,0,0,NA,NA,NA,NA,NA,NA,NA,NA,NA,NA,NA,NA,NA,NA,NA,NA,NA,NA,NA,NA,NA,NA,NA,NA,NA,NA,NA,NA,NA,NA,NA,NA
"229",NA,1,0,1,NA,NA,0,NA,0,0,NA,0,0,0,0,NA,0,0,0,NA,0,0,0,NA,NA,0,0,NA,NA,NA,NA,0,0,0,NA,0,0,0,NA,NA,0,0,0,0,0,0,0,NA,NA,NA,0,NA,0,0,0,NA,NA,NA,NA,NA,NA,NA,NA,NA,NA,NA,NA,NA,NA,NA,NA,NA,NA,NA,NA,NA,NA,NA,NA,NA,NA,NA,NA,NA,NA,NA,NA
"230",NA,0,1,1,NA,NA,0,0,0,0,NA,0,0,0,0,NA,0,0,0,NA,0,0,0,NA,NA,0,0,NA,NA,NA,NA,0,0,0,NA,0,0,0,NA,NA,0,0,0,0,0,NA,0,NA,NA,NA,0,NA,0,0,0,NA,NA,NA,NA,NA,NA,NA,NA,NA,NA,NA,NA,NA,NA,NA,NA,NA,NA,NA,NA,NA,NA,NA,NA,NA,NA,NA,NA,NA,NA,NA,NA
"231",NA,1,1,0,NA,NA,0,0,0,0,NA,0,0,0,0,NA,0,0,0,NA,0,0,0,NA,NA,0,0,NA,NA,NA,NA,0,0,0,NA,0,0,0,NA,NA,0,0,0,0,0,0,NA,NA,NA,NA,0,NA,NA,0,0,NA,NA,NA,NA,NA,NA,NA,NA,NA,NA,NA,NA,NA,NA,NA,NA,NA,NA,NA,NA,NA,NA,NA,NA,NA,NA,NA,NA,NA,NA,NA,NA
"232",NA,1,1,0,NA,NA,0,0,0,0,NA,0,0,0,0,NA,0,0,0,NA,0,0,0,NA,NA,0,0,NA,NA,NA,NA,0,0,0,NA,0,0,0,NA,NA,0,0,0,0,0,0,0,NA,NA,NA,0,NA,NA,0,0,NA,NA,NA,NA,NA,NA,NA,NA,NA,NA,NA,NA,NA,NA,NA,NA,NA,NA,NA,NA,NA,NA,NA,NA,NA,NA,NA,NA,NA,NA,NA,NA
"233",NA,1,1,1,NA,NA,0,0,0,0,NA,0,0,0,0,NA,0,0,0,NA,0,0,0,NA,NA,0,0,NA,NA,NA,NA,0,0,0,NA,0,0,0,NA,NA,0,0,0,0,0,0,NA,NA,NA,NA,0,NA,0,0,0,NA,NA,NA,NA,NA,NA,NA,NA,NA,NA,NA,NA,NA,NA,NA,NA,NA,NA,NA,NA,NA,NA,NA,NA,NA,NA,NA,NA,NA,NA,NA,NA
"234",NA,1,1,1,NA,NA,0,0,0,0,NA,0,0,0,0,NA,0,0,0,NA,0,0,0,NA,NA,0,0,NA,NA,NA,NA,0,0,0,NA,0,0,0,NA,NA,0,0,0,0,0,0,0,NA,NA,NA,0,NA,0,0,0,NA,NA,NA,NA,NA,NA,NA,NA,NA,NA,NA,NA,NA,NA,NA,NA,NA,NA,NA,NA,NA,NA,NA,NA,NA,NA,NA,NA,NA,NA,NA,NA
"235",NA,1,0,0,NA,NA,0,NA,0,0,NA,0,0,0,0,NA,0,0,0,NA,0,0,0,NA,NA,0,0,NA,NA,NA,NA,0,0,0,NA,0,NA,0,NA,0,0,0,0,NA,0,NA,NA,NA,NA,NA,0,NA,NA,0,0,NA,NA,NA,NA,NA,NA,NA,NA,NA,NA,NA,NA,NA,NA,NA,NA,NA,NA,NA,NA,NA,NA,NA,NA,NA,NA,NA,NA,NA,NA,NA,NA
"236",NA,1,0,1,NA,NA,0,NA,0,0,NA,0,0,0,0,NA,0,0,0,NA,0,0,0,NA,NA,0,0,NA,NA,NA,NA,0,0,0,NA,0,0,0,NA,0,0,NA,0,NA,0,NA,NA,NA,NA,NA,0,NA,0,0,0,NA,NA,NA,NA,NA,NA,NA,NA,NA,NA,NA,NA,NA,NA,NA,NA,NA,NA,NA,NA,NA,NA,NA,NA,NA,NA,NA,NA,NA,NA,NA,NA
"237",NA,1,0,0,NA,NA,0,NA,0,0,NA,0,0,0,0,NA,0,0,0,NA,0,0,0,NA,NA,0,0,NA,NA,NA,NA,0,0,0,NA,0,NA,0,NA,0,0,0,0,NA,0,NA,0,NA,NA,NA,0,NA,NA,0,0,NA,NA,NA,NA,NA,NA,NA,NA,NA,NA,NA,NA,NA,NA,NA,NA,NA,NA,NA,NA,NA,NA,NA,NA,NA,NA,NA,NA,NA,NA,NA,NA
"238",NA,1,0,0,NA,NA,0,NA,0,0,NA,0,0,0,0,NA,0,0,0,NA,0,0,0,NA,NA,0,0,NA,NA,NA,NA,0,0,0,NA,0,0,0,NA,0,0,NA,0,NA,0,NA,0,NA,NA,NA,0,NA,NA,0,0,NA,NA,NA,NA,NA,NA,NA,NA,NA,NA,NA,NA,NA,NA,NA,NA,NA,NA,NA,NA,NA,NA,NA,NA,NA,NA,NA,NA,NA,NA,NA,NA
"239",NA,1,0,1,NA,NA,0,NA,0,0,NA,0,0,0,0,NA,0,0,0,NA,0,0,0,NA,NA,0,0,NA,NA,NA,NA,0,0,0,NA,0,NA,0,NA,0,0,0,0,NA,0,NA,NA,NA,NA,NA,0,NA,0,0,0,NA,NA,NA,NA,NA,NA,NA,NA,NA,NA,NA,NA,NA,NA,NA,NA,NA,NA,NA,NA,NA,NA,NA,NA,NA,NA,NA,NA,NA,NA,NA,NA
"240",NA,1,0,1,NA,NA,0,NA,0,0,NA,0,0,0,0,NA,0,0,0,NA,0,0,0,NA,NA,0,0,NA,NA,NA,NA,0,0,0,NA,0,0,0,NA,0,0,NA,0,NA,0,NA,0,NA,NA,NA,0,NA,0,0,0,NA,NA,NA,NA,NA,NA,NA,NA,NA,NA,NA,NA,NA,NA,NA,NA,NA,NA,NA,NA,NA,NA,NA,NA,NA,NA,NA,NA,NA,NA,NA,NA
"241",NA,1,0,0,NA,NA,0,NA,0,0,NA,0,0,0,0,NA,0,0,0,NA,0,0,0,NA,NA,0,0,NA,NA,NA,NA,0,0,0,NA,0,NA,0,NA,0,0,0,0,NA,0,0,NA,NA,NA,NA,0,NA,NA,0,0,NA,NA,NA,NA,NA,NA,NA,NA,NA,NA,NA,NA,NA,NA,NA,NA,NA,NA,NA,NA,NA,NA,NA,NA,NA,NA,NA,NA,NA,NA,NA,NA
"242",NA,1,0,0,NA,NA,0,NA,0,0,NA,0,0,0,0,NA,0,0,0,NA,0,0,0,NA,NA,0,0,NA,NA,NA,NA,0,0,0,NA,0,0,0,NA,0,0,NA,0,NA,0,0,NA,NA,NA,NA,0,NA,NA,0,0,NA,NA,NA,NA,NA,NA,NA,NA,NA,NA,NA,NA,NA,NA,NA,NA,NA,NA,NA,NA,NA,NA,NA,NA,NA,NA,NA,NA,NA,NA,NA,NA
"243",NA,1,0,0,NA,NA,0,NA,0,0,NA,0,0,0,0,NA,0,0,0,NA,0,0,0,NA,NA,0,0,NA,NA,NA,NA,0,0,0,NA,0,NA,0,NA,0,0,0,0,0,0,NA,NA,NA,NA,NA,0,NA,NA,0,0,NA,NA,NA,NA,NA,NA,NA,NA,NA,NA,NA,NA,NA,NA,NA,NA,NA,NA,NA,NA,NA,NA,NA,NA,NA,NA,NA,NA,NA,NA,NA,NA
"244",NA,1,0,1,NA,NA,0,NA,0,0,NA,0,0,0,0,NA,0,0,0,NA,0,0,0,NA,NA,0,0,NA,NA,NA,NA,0,0,0,NA,0,0,0,NA,0,0,NA,0,NA,0,0,NA,NA,NA,NA,0,NA,0,0,0,NA,NA,NA,NA,NA,NA,NA,NA,NA,NA,NA,NA,NA,NA,NA,NA,NA,NA,NA,NA,NA,NA,NA,NA,NA,NA,NA,NA,NA,NA,NA,NA
"245",NA,1,0,1,NA,NA,0,NA,0,0,NA,0,0,0,0,NA,0,0,0,NA,0,0,0,NA,NA,0,0,NA,NA,NA,NA,0,0,0,NA,0,NA,0,NA,0,0,0,0,0,0,NA,NA,NA,NA,NA,0,NA,0,0,0,NA,NA,NA,NA,NA,NA,NA,NA,NA,NA,NA,NA,NA,NA,NA,NA,NA,NA,NA,NA,NA,NA,NA,NA,NA,NA,NA,NA,NA,NA,NA,NA
"246",NA,1,0,0,NA,NA,0,NA,0,0,NA,0,0,0,0,NA,0,0,0,NA,0,0,0,NA,NA,0,0,NA,NA,NA,NA,0,0,0,NA,0,0,0,NA,0,0,NA,0,NA,0,0,0,NA,NA,NA,0,NA,NA,0,0,NA,NA,NA,NA,NA,NA,NA,NA,NA,NA,NA,NA,NA,NA,NA,NA,NA,NA,NA,NA,NA,NA,NA,NA,NA,NA,NA,NA,NA,NA,NA,NA
"247",NA,1,0,0,NA,NA,0,NA,0,0,NA,0,0,0,0,NA,0,0,0,NA,0,0,0,NA,NA,0,0,NA,NA,NA,NA,0,0,0,NA,0,0,0,NA,0,0,NA,0,0,0,NA,NA,NA,NA,NA,0,NA,NA,0,0,NA,NA,NA,NA,NA,NA,NA,NA,NA,NA,NA,NA,NA,NA,NA,NA,NA,NA,NA,NA,NA,NA,NA,NA,NA,NA,NA,NA,NA,NA,NA,NA
"248",NA,1,0,1,NA,NA,0,NA,0,0,NA,0,0,0,0,NA,0,0,0,NA,0,0,0,NA,NA,0,0,NA,NA,NA,NA,0,0,0,NA,0,NA,0,NA,0,0,0,0,NA,0,0,NA,NA,NA,NA,0,NA,0,0,0,NA,NA,NA,NA,NA,NA,NA,NA,NA,NA,NA,NA,NA,NA,NA,NA,NA,NA,NA,NA,NA,NA,NA,NA,NA,NA,NA,NA,NA,NA,NA,NA
"249",NA,1,0,1,NA,NA,0,NA,0,0,NA,0,0,0,0,NA,0,0,0,NA,0,0,0,NA,NA,0,0,NA,NA,NA,NA,0,0,0,NA,0,0,0,NA,0,0,NA,0,0,0,NA,NA,NA,NA,NA,0,NA,0,0,0,NA,NA,NA,NA,NA,NA,NA,NA,NA,NA,NA,NA,NA,NA,NA,NA,NA,NA,NA,NA,NA,NA,NA,NA,NA,NA,NA,NA,NA,NA,NA,NA
"250",NA,1,0,0,NA,NA,0,NA,0,0,NA,0,0,0,0,NA,0,0,0,NA,0,0,0,NA,NA,0,0,NA,NA,NA,NA,0,0,0,NA,0,NA,0,NA,0,0,0,0,NA,0,0,0,NA,NA,NA,0,NA,NA,0,0,NA,NA,NA,NA,NA,NA,NA,NA,NA,NA,NA,NA,NA,NA,NA,NA,NA,NA,NA,NA,NA,NA,NA,NA,NA,NA,NA,NA,NA,NA,NA,NA
"251",NA,1,0,0,NA,NA,0,NA,0,0,NA,0,0,0,0,NA,0,0,0,NA,0,0,0,NA,NA,0,0,NA,NA,NA,NA,0,0,0,NA,0,0,0,NA,0,0,NA,0,0,0,0,NA,NA,NA,NA,0,NA,NA,0,0,NA,NA,NA,NA,NA,NA,NA,NA,NA,NA,NA,NA,NA,NA,NA,NA,NA,NA,NA,NA,NA,NA,NA,NA,NA,NA,NA,NA,NA,NA,NA,NA
"252",NA,1,0,1,NA,NA,0,NA,0,0,NA,0,0,0,0,NA,0,0,0,NA,0,0,0,NA,NA,0,0,NA,NA,NA,NA,0,0,0,NA,0,NA,0,NA,0,0,0,0,NA,0,NA,0,NA,NA,NA,0,NA,0,0,0,NA,NA,NA,NA,NA,NA,NA,NA,NA,NA,NA,NA,NA,NA,NA,NA,NA,NA,NA,NA,NA,NA,NA,NA,NA,NA,NA,NA,NA,NA,NA,NA
"253",NA,1,0,1,NA,NA,0,NA,0,0,NA,0,0,0,0,NA,0,0,0,NA,0,0,0,NA,NA,0,0,NA,NA,NA,NA,0,0,0,NA,0,0,0,NA,0,0,NA,0,0,0,0,NA,NA,NA,NA,0,NA,0,0,0,NA,NA,NA,NA,NA,NA,NA,NA,NA,NA,NA,NA,NA,NA,NA,NA,NA,NA,NA,NA,NA,NA,NA,NA,NA,NA,NA,NA,NA,NA,NA,NA
"254",NA,1,1,0,NA,NA,0,0,0,0,NA,0,0,0,0,NA,0,0,0,NA,0,0,0,NA,NA,0,0,NA,NA,NA,NA,0,0,0,NA,0,NA,0,NA,0,0,0,0,NA,0,NA,NA,NA,NA,NA,0,NA,NA,0,0,NA,NA,NA,NA,NA,NA,NA,NA,NA,NA,NA,NA,NA,NA,NA,NA,NA,NA,NA,NA,NA,NA,NA,NA,NA,NA,NA,NA,NA,NA,NA,NA
"255",NA,1,0,1,NA,NA,0,NA,0,0,NA,0,0,0,0,NA,0,0,0,NA,0,0,0,NA,NA,0,0,NA,NA,NA,NA,0,0,0,NA,0,0,0,NA,0,0,NA,0,NA,0,0,0,NA,NA,NA,0,NA,0,0,0,NA,NA,NA,NA,NA,NA,NA,NA,NA,NA,NA,NA,NA,NA,NA,NA,NA,NA,NA,NA,NA,NA,NA,NA,NA,NA,NA,NA,NA,NA,NA,NA
"256",NA,1,1,0,NA,NA,0,0,0,0,NA,0,0,0,0,NA,0,0,0,NA,0,0,0,NA,NA,0,0,NA,NA,NA,NA,0,0,0,NA,0,NA,0,NA,0,0,0,0,NA,0,0,NA,NA,NA,NA,0,NA,NA,0,0,NA,NA,NA,NA,NA,NA,NA,NA,NA,NA,NA,NA,NA,NA,NA,NA,NA,NA,NA,NA,NA,NA,NA,NA,NA,NA,NA,NA,NA,NA,NA,NA
"257",NA,1,0,0,NA,NA,0,NA,0,0,NA,0,0,0,0,NA,0,0,0,NA,0,0,0,NA,NA,0,0,NA,NA,NA,NA,0,0,0,NA,0,0,0,NA,0,0,NA,0,0,0,NA,0,NA,NA,NA,0,NA,NA,0,0,NA,NA,NA,NA,NA,NA,NA,NA,NA,NA,NA,NA,NA,NA,NA,NA,NA,NA,NA,NA,NA,NA,NA,NA,NA,NA,NA,NA,NA,NA,NA,NA
"258",NA,1,1,0,NA,NA,0,0,0,0,NA,0,0,0,0,NA,0,0,0,NA,0,0,0,NA,NA,0,0,NA,NA,NA,NA,0,0,0,NA,0,NA,0,NA,0,0,0,0,NA,0,NA,0,NA,NA,NA,0,NA,NA,0,0,NA,NA,NA,NA,NA,NA,NA,NA,NA,NA,NA,NA,NA,NA,NA,NA,NA,NA,NA,NA,NA,NA,NA,NA,NA,NA,NA,NA,NA,NA,NA,NA
"259",NA,1,0,0,NA,NA,0,NA,0,0,NA,0,0,0,0,NA,0,0,0,NA,0,0,0,NA,NA,0,0,NA,NA,NA,NA,0,0,0,NA,0,0,0,NA,0,0,NA,0,0,0,0,0,NA,NA,NA,0,NA,NA,0,0,NA,NA,NA,NA,NA,NA,NA,NA,NA,NA,NA,NA,NA,NA,NA,NA,NA,NA,NA,NA,NA,NA,NA,NA,NA,NA,NA,NA,NA,NA,NA,NA
"260",NA,1,1,0,NA,NA,0,0,0,0,NA,0,0,0,0,NA,0,0,0,NA,0,0,0,NA,NA,0,0,NA,NA,NA,NA,0,0,0,NA,0,NA,0,NA,0,0,0,0,NA,0,0,0,NA,NA,NA,0,NA,NA,0,0,NA,NA,NA,NA,NA,NA,NA,NA,NA,NA,NA,NA,NA,NA,NA,NA,NA,NA,NA,NA,NA,NA,NA,NA,NA,NA,NA,NA,NA,NA,NA,NA
"261",NA,1,1,0,NA,NA,0,0,0,0,NA,0,0,0,0,NA,0,0,0,NA,0,0,0,NA,NA,0,0,NA,NA,NA,NA,0,0,0,NA,0,0,0,NA,0,0,NA,0,NA,0,NA,NA,NA,NA,NA,0,NA,NA,0,0,NA,NA,NA,NA,NA,NA,NA,NA,NA,NA,NA,NA,NA,NA,NA,NA,NA,NA,NA,NA,NA,NA,NA,NA,NA,NA,NA,NA,NA,NA,NA,NA
"262",NA,1,0,0,NA,NA,0,NA,0,0,NA,0,0,0,0,NA,0,0,0,NA,0,0,0,NA,NA,0,0,NA,NA,NA,NA,0,0,0,NA,0,NA,0,NA,0,0,0,0,0,0,0,NA,NA,NA,NA,0,NA,NA,0,0,NA,NA,NA,NA,NA,NA,NA,NA,NA,NA,NA,NA,NA,NA,NA,NA,NA,NA,NA,NA,NA,NA,NA,NA,NA,NA,NA,NA,NA,NA,NA,NA
"263",NA,1,1,0,NA,NA,0,0,0,0,NA,0,0,0,0,NA,0,0,0,NA,0,0,0,NA,NA,0,0,NA,NA,NA,NA,0,0,0,NA,0,0,0,NA,0,0,NA,0,NA,0,NA,0,NA,NA,NA,0,NA,NA,0,0,NA,NA,NA,NA,NA,NA,NA,NA,NA,NA,NA,NA,NA,NA,NA,NA,NA,NA,NA,NA,NA,NA,NA,NA,NA,NA,NA,NA,NA,NA,NA,NA
"264",NA,1,0,0,NA,NA,0,NA,0,0,NA,0,0,0,0,NA,0,0,0,NA,0,0,0,NA,NA,0,0,NA,NA,NA,NA,0,0,0,NA,0,NA,0,NA,0,0,0,0,0,0,NA,0,NA,NA,NA,0,NA,NA,0,0,NA,NA,NA,NA,NA,NA,NA,NA,NA,NA,NA,NA,NA,NA,NA,NA,NA,NA,NA,NA,NA,NA,NA,NA,NA,NA,NA,NA,NA,NA,NA,NA
"265",NA,1,1,0,NA,NA,0,0,0,0,NA,0,0,0,0,NA,0,0,0,NA,0,0,0,NA,NA,0,0,NA,NA,NA,NA,0,0,0,NA,0,0,0,NA,0,0,NA,0,NA,0,0,NA,NA,NA,NA,0,NA,NA,0,0,NA,NA,NA,NA,NA,NA,NA,NA,NA,NA,NA,NA,NA,NA,NA,NA,NA,NA,NA,NA,NA,NA,NA,NA,NA,NA,NA,NA,NA,NA,NA,NA
"266",NA,1,0,0,NA,NA,0,NA,0,0,NA,0,0,0,0,NA,0,0,0,NA,0,0,0,NA,NA,0,0,NA,NA,NA,NA,0,0,0,NA,0,NA,0,NA,0,0,0,0,0,0,0,0,NA,NA,NA,0,NA,NA,0,0,NA,NA,NA,NA,NA,NA,NA,NA,NA,NA,NA,NA,NA,NA,NA,NA,NA,NA,NA,NA,NA,NA,NA,NA,NA,NA,NA,NA,NA,NA,NA,NA
"267",NA,1,1,1,NA,NA,0,0,0,0,NA,0,0,0,0,NA,0,0,0,NA,0,0,0,NA,NA,0,0,NA,NA,NA,NA,0,0,0,NA,0,0,0,NA,0,0,NA,0,NA,0,NA,NA,NA,NA,NA,0,NA,0,0,0,NA,NA,NA,NA,NA,NA,NA,NA,NA,NA,NA,NA,NA,NA,NA,NA,NA,NA,NA,NA,NA,NA,NA,NA,NA,NA,NA,NA,NA,NA,NA,NA
"268",NA,1,0,1,NA,NA,0,NA,0,0,NA,0,0,0,0,NA,0,0,0,NA,0,0,0,NA,NA,0,0,NA,NA,NA,NA,0,0,0,NA,0,NA,0,NA,0,0,0,0,NA,0,0,0,NA,NA,NA,0,NA,0,0,0,NA,NA,NA,NA,NA,NA,NA,NA,NA,NA,NA,NA,NA,NA,NA,NA,NA,NA,NA,NA,NA,NA,NA,NA,NA,NA,NA,NA,NA,NA,NA,NA
"269",NA,1,1,0,NA,NA,0,0,0,0,NA,0,0,0,0,NA,0,0,0,NA,0,0,0,NA,NA,0,0,NA,NA,NA,NA,0,0,0,NA,0,0,0,NA,0,0,NA,0,0,0,NA,NA,NA,NA,NA,0,NA,NA,0,0,NA,NA,NA,NA,NA,NA,NA,NA,NA,NA,NA,NA,NA,NA,NA,NA,NA,NA,NA,NA,NA,NA,NA,NA,NA,NA,NA,NA,NA,NA,NA,NA
"270",NA,1,1,1,NA,NA,0,0,0,0,NA,0,0,0,0,NA,0,0,0,NA,0,0,0,NA,NA,0,0,NA,NA,NA,NA,0,0,0,NA,0,NA,0,NA,0,0,0,0,NA,0,NA,NA,NA,NA,NA,0,NA,0,0,0,NA,NA,NA,NA,NA,NA,NA,NA,NA,NA,NA,NA,NA,NA,NA,NA,NA,NA,NA,NA,NA,NA,NA,NA,NA,NA,NA,NA,NA,NA,NA,NA
"271",NA,1,0,1,NA,NA,0,NA,0,0,NA,0,0,0,0,NA,0,0,0,NA,0,0,0,NA,NA,0,0,NA,NA,NA,NA,0,0,0,NA,0,0,0,NA,0,0,NA,0,0,0,NA,0,NA,NA,NA,0,NA,0,0,0,NA,NA,NA,NA,NA,NA,NA,NA,NA,NA,NA,NA,NA,NA,NA,NA,NA,NA,NA,NA,NA,NA,NA,NA,NA,NA,NA,NA,NA,NA,NA,NA
"272",NA,1,1,1,NA,NA,0,0,0,0,NA,0,0,0,0,NA,0,0,0,NA,0,0,0,NA,NA,0,0,NA,NA,NA,NA,0,0,0,NA,0,NA,0,NA,0,0,0,0,NA,0,0,NA,NA,NA,NA,0,NA,0,0,0,NA,NA,NA,NA,NA,NA,NA,NA,NA,NA,NA,NA,NA,NA,NA,NA,NA,NA,NA,NA,NA,NA,NA,NA,NA,NA,NA,NA,NA,NA,NA,NA
"273",NA,1,0,1,NA,NA,0,NA,0,0,NA,0,0,0,0,NA,0,0,0,NA,0,0,0,NA,NA,0,0,NA,NA,NA,NA,0,0,0,NA,0,0,0,NA,0,0,NA,0,0,0,0,0,NA,NA,NA,0,NA,0,0,0,NA,NA,NA,NA,NA,NA,NA,NA,NA,NA,NA,NA,NA,NA,NA,NA,NA,NA,NA,NA,NA,NA,NA,NA,NA,NA,NA,NA,NA,NA,NA,NA
"274",NA,1,1,0,NA,NA,0,0,0,0,NA,0,0,0,0,NA,0,0,0,NA,0,0,0,NA,NA,0,0,NA,NA,NA,NA,0,0,0,NA,0,NA,0,NA,0,0,0,0,0,0,NA,NA,NA,NA,NA,0,NA,NA,0,0,NA,NA,NA,NA,NA,NA,NA,NA,NA,NA,NA,NA,NA,NA,NA,NA,NA,NA,NA,NA,NA,NA,NA,NA,NA,NA,NA,NA,NA,NA,NA,NA
"275",NA,1,1,1,NA,NA,0,0,0,0,NA,0,0,0,0,NA,0,0,0,NA,0,0,0,NA,NA,0,0,NA,NA,NA,NA,0,0,0,NA,0,0,0,NA,0,0,NA,0,NA,0,NA,0,NA,NA,NA,0,NA,0,0,0,NA,NA,NA,NA,NA,NA,NA,NA,NA,NA,NA,NA,NA,NA,NA,NA,NA,NA,NA,NA,NA,NA,NA,NA,NA,NA,NA,NA,NA,NA,NA,NA
"276",NA,1,1,0,NA,NA,0,0,0,0,NA,0,0,0,0,NA,0,0,0,NA,0,0,0,NA,NA,0,0,NA,NA,NA,NA,0,0,0,NA,0,NA,0,NA,0,0,0,0,0,0,NA,0,NA,NA,NA,0,NA,NA,0,0,NA,NA,NA,NA,NA,NA,NA,NA,NA,NA,NA,NA,NA,NA,NA,NA,NA,NA,NA,NA,NA,NA,NA,NA,NA,NA,NA,NA,NA,NA,NA,NA
"277",NA,1,1,0,NA,NA,0,0,0,0,NA,0,0,0,0,NA,0,0,0,NA,0,0,0,NA,NA,0,0,NA,NA,NA,NA,0,0,0,NA,0,0,0,NA,0,0,NA,0,0,0,NA,0,NA,NA,NA,0,NA,NA,0,0,NA,NA,NA,NA,NA,NA,NA,NA,NA,NA,NA,NA,NA,NA,NA,NA,NA,NA,NA,NA,NA,NA,NA,NA,NA,NA,NA,NA,NA,NA,NA,NA
"278",NA,1,1,1,NA,NA,0,0,0,0,NA,0,0,0,0,NA,0,0,0,NA,0,0,0,NA,NA,0,0,NA,NA,NA,NA,0,0,0,NA,0,NA,0,NA,0,0,0,0,NA,0,NA,0,NA,NA,NA,0,NA,0,0,0,NA,NA,NA,NA,NA,NA,NA,NA,NA,NA,NA,NA,NA,NA,NA,NA,NA,NA,NA,NA,NA,NA,NA,NA,NA,NA,NA,NA,NA,NA,NA,NA
"279",NA,1,1,0,NA,NA,0,0,0,0,NA,0,0,0,0,NA,0,0,0,NA,0,0,0,NA,NA,0,0,NA,NA,NA,NA,0,0,0,NA,0,0,0,NA,0,0,NA,0,0,0,0,NA,NA,NA,NA,0,NA,NA,0,0,NA,NA,NA,NA,NA,NA,NA,NA,NA,NA,NA,NA,NA,NA,NA,NA,NA,NA,NA,NA,NA,NA,NA,NA,NA,NA,NA,NA,NA,NA,NA,NA
"280",NA,1,1,1,NA,NA,0,0,0,0,NA,0,0,0,0,NA,0,0,0,NA,0,0,0,NA,NA,0,0,NA,NA,NA,NA,0,0,0,NA,0,NA,0,NA,0,0,0,0,NA,0,0,0,NA,NA,NA,0,NA,0,0,0,NA,NA,NA,NA,NA,NA,NA,NA,NA,NA,NA,NA,NA,NA,NA,NA,NA,NA,NA,NA,NA,NA,NA,NA,NA,NA,NA,NA,NA,NA,NA,NA
"281",NA,1,1,1,NA,NA,0,0,0,0,NA,0,0,0,0,NA,0,0,0,NA,0,0,0,NA,NA,0,0,NA,NA,NA,NA,0,0,0,NA,0,0,0,NA,0,0,NA,0,0,0,NA,NA,NA,NA,NA,0,NA,0,0,0,NA,NA,NA,NA,NA,NA,NA,NA,NA,NA,NA,NA,NA,NA,NA,NA,NA,NA,NA,NA,NA,NA,NA,NA,NA,NA,NA,NA,NA,NA,NA,NA
"282",NA,1,1,0,NA,NA,0,0,0,0,NA,0,0,0,0,NA,0,0,0,NA,0,0,0,NA,NA,0,0,NA,NA,NA,NA,0,0,0,NA,0,NA,0,NA,0,0,0,0,0,0,0,NA,NA,NA,NA,0,NA,NA,0,0,NA,NA,NA,NA,NA,NA,NA,NA,NA,NA,NA,NA,NA,NA,NA,NA,NA,NA,NA,NA,NA,NA,NA,NA,NA,NA,NA,NA,NA,NA,NA,NA
"283",NA,1,1,0,NA,NA,0,0,0,0,NA,0,0,0,0,NA,0,0,0,NA,0,0,0,NA,NA,0,0,NA,NA,NA,NA,0,0,0,NA,0,0,0,NA,0,0,NA,0,NA,0,0,0,NA,NA,NA,0,NA,NA,0,0,NA,NA,NA,NA,NA,NA,NA,NA,NA,NA,NA,NA,NA,NA,NA,NA,NA,NA,NA,NA,NA,NA,NA,NA,NA,NA,NA,NA,NA,NA,NA,NA
"284",NA,1,1,1,NA,NA,0,0,0,0,NA,0,0,0,0,NA,0,0,0,NA,0,0,0,NA,NA,0,0,NA,NA,NA,NA,0,0,0,NA,0,NA,0,NA,0,0,0,0,0,0,NA,NA,NA,NA,NA,0,NA,0,0,0,NA,NA,NA,NA,NA,NA,NA,NA,NA,NA,NA,NA,NA,NA,NA,NA,NA,NA,NA,NA,NA,NA,NA,NA,NA,NA,NA,NA,NA,NA,NA,NA
"285",NA,1,1,0,NA,NA,0,0,0,0,NA,0,0,0,0,NA,0,0,0,NA,0,0,0,NA,NA,0,0,NA,NA,NA,NA,0,0,0,NA,0,0,0,NA,0,0,NA,0,0,0,0,0,NA,NA,NA,0,NA,NA,0,0,NA,NA,NA,NA,NA,NA,NA,NA,NA,NA,NA,NA,NA,NA,NA,NA,NA,NA,NA,NA,NA,NA,NA,NA,NA,NA,NA,NA,NA,NA,NA,NA
"286",NA,1,0,1,NA,NA,0,NA,0,0,NA,0,0,0,0,NA,0,0,0,NA,0,0,0,NA,NA,0,0,NA,NA,NA,NA,0,0,0,NA,0,NA,0,NA,0,0,0,0,0,0,0,NA,NA,NA,NA,0,NA,0,0,0,NA,NA,NA,NA,NA,NA,NA,NA,NA,NA,NA,NA,NA,NA,NA,NA,NA,NA,NA,NA,NA,NA,NA,NA,NA,NA,NA,NA,NA,NA,NA,NA
"287",NA,1,1,1,NA,NA,0,0,0,0,NA,0,0,0,0,NA,0,0,0,NA,0,0,0,NA,NA,0,0,NA,NA,NA,NA,0,0,0,NA,0,0,0,NA,0,0,NA,0,0,0,NA,0,NA,NA,NA,0,NA,0,0,0,NA,NA,NA,NA,NA,NA,NA,NA,NA,NA,NA,NA,NA,NA,NA,NA,NA,NA,NA,NA,NA,NA,NA,NA,NA,NA,NA,NA,NA,NA,NA,NA
"288",NA,1,0,1,NA,NA,0,NA,0,0,NA,0,0,0,0,NA,0,0,0,NA,0,0,0,NA,NA,0,0,NA,NA,NA,NA,0,0,0,NA,0,NA,0,NA,0,0,0,0,0,0,NA,0,NA,NA,NA,0,NA,0,0,0,NA,NA,NA,NA,NA,NA,NA,NA,NA,NA,NA,NA,NA,NA,NA,NA,NA,NA,NA,NA,NA,NA,NA,NA,NA,NA,NA,NA,NA,NA,NA,NA
"289",NA,1,1,1,NA,NA,0,0,0,0,NA,0,0,0,0,NA,0,0,0,NA,0,0,0,NA,NA,0,0,NA,NA,NA,NA,0,0,0,NA,0,0,0,NA,0,0,NA,0,NA,0,0,NA,NA,NA,NA,0,NA,0,0,0,NA,NA,NA,NA,NA,NA,NA,NA,NA,NA,NA,NA,NA,NA,NA,NA,NA,NA,NA,NA,NA,NA,NA,NA,NA,NA,NA,NA,NA,NA,NA,NA
"290",NA,1,1,1,NA,NA,0,0,0,0,NA,0,0,0,0,NA,0,0,0,NA,0,0,0,NA,NA,0,0,NA,NA,NA,NA,0,0,0,NA,0,NA,0,NA,0,0,0,0,0,0,NA,0,NA,NA,NA,0,NA,0,0,0,NA,NA,NA,NA,NA,NA,NA,NA,NA,NA,NA,NA,NA,NA,NA,NA,NA,NA,NA,NA,NA,NA,NA,NA,NA,NA,NA,NA,NA,NA,NA,NA
"291",NA,1,1,1,NA,NA,0,0,0,0,NA,0,0,0,0,NA,0,0,0,NA,0,0,0,NA,NA,0,0,NA,NA,NA,NA,0,0,0,NA,0,0,0,NA,0,0,NA,0,0,0,0,NA,NA,NA,NA,0,NA,0,0,0,NA,NA,NA,NA,NA,NA,NA,NA,NA,NA,NA,NA,NA,NA,NA,NA,NA,NA,NA,NA,NA,NA,NA,NA,NA,NA,NA,NA,NA,NA,NA,NA
"292",NA,1,0,1,NA,NA,0,NA,0,0,NA,0,0,0,0,NA,0,0,0,NA,0,0,0,NA,NA,0,0,NA,NA,NA,NA,0,0,0,NA,0,NA,0,NA,0,0,0,0,0,0,0,0,NA,NA,NA,0,NA,0,0,0,NA,NA,NA,NA,NA,NA,NA,NA,NA,NA,NA,NA,NA,NA,NA,NA,NA,NA,NA,NA,NA,NA,NA,NA,NA,NA,NA,NA,NA,NA,NA,NA
"293",NA,1,1,1,NA,NA,0,0,0,0,NA,0,0,0,0,NA,0,0,0,NA,0,0,0,NA,NA,0,0,NA,NA,NA,NA,0,0,0,NA,0,0,0,NA,0,0,NA,0,NA,0,0,0,NA,NA,NA,0,NA,0,0,0,NA,NA,NA,NA,NA,NA,NA,NA,NA,NA,NA,NA,NA,NA,NA,NA,NA,NA,NA,NA,NA,NA,NA,NA,NA,NA,NA,NA,NA,NA,NA,NA
"294",NA,1,1,1,NA,NA,0,0,0,0,NA,0,0,0,0,NA,0,0,0,NA,0,0,0,NA,NA,0,0,NA,NA,NA,NA,0,0,0,NA,0,NA,0,NA,0,0,0,0,0,0,0,NA,NA,NA,NA,0,NA,0,0,0,NA,NA,NA,NA,NA,NA,NA,NA,NA,NA,NA,NA,NA,NA,NA,NA,NA,NA,NA,NA,NA,NA,NA,NA,NA,NA,NA,NA,NA,NA,NA,NA
"295",NA,1,1,1,NA,NA,0,0,0,0,NA,0,0,0,0,NA,0,0,0,NA,0,0,0,NA,NA,0,0,NA,NA,NA,NA,0,0,0,NA,0,0,0,NA,0,0,NA,0,0,0,0,0,NA,NA,NA,0,NA,0,0,0,NA,NA,NA,NA,NA,NA,NA,NA,NA,NA,NA,NA,NA,NA,NA,NA,NA,NA,NA,NA,NA,NA,NA,NA,NA,NA,NA,NA,NA,NA,NA,NA
"296",NA,1,1,0,NA,NA,0,0,0,0,NA,0,0,0,0,NA,0,0,0,NA,0,0,0,NA,NA,0,0,NA,NA,NA,NA,0,0,0,NA,0,NA,0,NA,0,0,0,0,0,0,0,0,NA,NA,NA,0,NA,NA,0,0,NA,NA,NA,NA,NA,NA,NA,NA,NA,NA,NA,NA,NA,NA,NA,NA,NA,NA,NA,NA,NA,NA,NA,NA,NA,NA,NA,NA,NA,NA,NA,NA
"297",NA,1,1,1,NA,NA,0,0,0,0,NA,0,0,0,0,NA,0,0,0,NA,0,0,0,NA,NA,0,0,NA,NA,NA,NA,0,0,0,NA,0,NA,0,NA,0,0,0,0,0,0,0,0,NA,NA,NA,0,NA,0,0,0,NA,NA,NA,NA,NA,NA,NA,NA,NA,NA,NA,NA,NA,NA,NA,NA,NA,NA,NA,NA,NA,NA,NA,NA,NA,NA,NA,NA,NA,NA,NA,NA
"298",NA,1,0,0,NA,NA,0,NA,0,0,NA,0,0,0,0,NA,0,0,0,NA,0,0,0,NA,NA,0,0,NA,NA,NA,NA,0,0,0,NA,0,0,0,NA,0,0,0,0,NA,0,NA,NA,NA,NA,NA,0,NA,NA,0,0,NA,NA,NA,NA,NA,NA,NA,NA,NA,NA,NA,NA,NA,NA,NA,NA,NA,NA,NA,NA,NA,NA,NA,NA,NA,NA,NA,NA,NA,NA,NA,NA
"299",NA,1,0,0,NA,NA,0,NA,0,0,NA,0,0,0,0,NA,0,0,0,NA,0,0,0,NA,NA,0,0,NA,NA,NA,NA,0,0,0,NA,0,0,0,NA,0,0,0,0,NA,0,NA,0,NA,NA,NA,0,NA,NA,0,0,NA,NA,NA,NA,NA,NA,NA,NA,NA,NA,NA,NA,NA,NA,NA,NA,NA,NA,NA,NA,NA,NA,NA,NA,NA,NA,NA,NA,NA,NA,NA,NA
"300",NA,1,0,0,NA,NA,0,NA,0,0,NA,0,0,0,0,NA,0,0,0,NA,0,0,0,NA,NA,0,0,NA,NA,NA,NA,0,0,0,NA,0,0,0,NA,0,0,0,0,0,0,NA,NA,NA,NA,NA,0,NA,NA,0,0,NA,NA,NA,NA,NA,NA,NA,NA,NA,NA,NA,NA,NA,NA,NA,NA,NA,NA,NA,NA,NA,NA,NA,NA,NA,NA,NA,NA,NA,NA,NA,NA
"301",NA,1,1,0,NA,NA,0,0,0,0,NA,0,0,0,0,NA,0,0,0,NA,0,0,0,NA,NA,0,0,NA,NA,NA,NA,0,0,0,NA,0,0,0,NA,0,0,0,0,NA,0,NA,NA,NA,NA,NA,0,NA,NA,0,0,NA,NA,NA,NA,NA,NA,NA,NA,NA,NA,NA,NA,NA,NA,NA,NA,NA,NA,NA,NA,NA,NA,NA,NA,NA,NA,NA,NA,NA,NA,NA,NA
"302",NA,1,0,0,NA,NA,0,NA,0,0,NA,0,0,0,0,NA,0,0,0,NA,0,0,0,NA,NA,0,0,NA,NA,NA,NA,0,0,0,NA,0,0,0,NA,0,0,0,0,NA,0,0,NA,NA,NA,NA,0,NA,NA,0,0,NA,NA,NA,NA,NA,NA,NA,NA,NA,NA,NA,NA,NA,NA,NA,NA,NA,NA,NA,NA,NA,NA,NA,NA,NA,NA,NA,NA,NA,NA,NA,NA
"303",NA,1,0,0,NA,NA,0,NA,0,0,NA,0,0,0,0,NA,0,0,0,NA,0,0,0,NA,NA,0,0,NA,NA,NA,NA,0,0,0,NA,0,0,0,NA,0,0,0,0,0,0,0,NA,NA,NA,NA,0,NA,NA,0,0,NA,NA,NA,NA,NA,NA,NA,NA,NA,NA,NA,NA,NA,NA,NA,NA,NA,NA,NA,NA,NA,NA,NA,NA,NA,NA,NA,NA,NA,NA,NA,NA
"304",NA,1,1,0,NA,NA,0,0,0,0,NA,0,0,0,0,NA,0,0,0,NA,0,0,0,NA,NA,0,0,NA,NA,NA,NA,0,0,0,NA,0,0,0,NA,0,0,0,0,NA,0,0,NA,NA,NA,NA,0,NA,NA,0,0,NA,NA,NA,NA,NA,NA,NA,NA,NA,NA,NA,NA,NA,NA,NA,NA,NA,NA,NA,NA,NA,NA,NA,NA,NA,NA,NA,NA,NA,NA,NA,NA
"305",NA,1,0,0,NA,NA,0,NA,0,0,NA,0,0,0,0,NA,0,0,0,NA,0,0,0,NA,NA,0,0,NA,NA,NA,NA,0,0,0,NA,0,0,0,NA,0,0,0,0,NA,0,0,0,NA,NA,NA,0,NA,NA,0,0,NA,NA,NA,NA,NA,NA,NA,NA,NA,NA,NA,NA,NA,NA,NA,NA,NA,NA,NA,NA,NA,NA,NA,NA,NA,NA,NA,NA,NA,NA,NA,NA
"306",NA,1,0,0,NA,NA,0,NA,0,0,NA,0,0,0,0,NA,0,0,0,NA,0,0,0,NA,NA,0,0,NA,NA,NA,NA,0,0,0,NA,0,0,0,NA,0,0,0,0,0,0,NA,0,NA,NA,NA,0,NA,NA,0,0,NA,NA,NA,NA,NA,NA,NA,NA,NA,NA,NA,NA,NA,NA,NA,NA,NA,NA,NA,NA,NA,NA,NA,NA,NA,NA,NA,NA,NA,NA,NA,NA
"307",NA,1,1,0,NA,NA,0,0,0,0,NA,0,0,0,0,NA,0,0,0,NA,0,0,0,NA,NA,0,0,NA,NA,NA,NA,0,0,0,NA,0,0,0,NA,0,0,0,0,NA,0,NA,0,NA,NA,NA,0,NA,NA,0,0,NA,NA,NA,NA,NA,NA,NA,NA,NA,NA,NA,NA,NA,NA,NA,NA,NA,NA,NA,NA,NA,NA,NA,NA,NA,NA,NA,NA,NA,NA,NA,NA
"308",NA,1,0,0,NA,NA,0,NA,0,0,NA,0,0,0,0,NA,0,0,0,NA,0,0,0,NA,NA,0,0,NA,NA,NA,NA,0,0,0,NA,0,0,0,NA,0,0,0,0,0,0,0,0,NA,NA,NA,0,NA,NA,0,0,NA,NA,NA,NA,NA,NA,NA,NA,NA,NA,NA,NA,NA,NA,NA,NA,NA,NA,NA,NA,NA,NA,NA,NA,NA,NA,NA,NA,NA,NA,NA,NA
"309",NA,1,0,1,NA,NA,0,NA,0,0,NA,0,0,0,0,NA,0,0,0,NA,0,0,0,NA,NA,0,0,NA,NA,NA,NA,0,0,0,NA,0,0,0,NA,0,0,0,0,NA,0,NA,NA,NA,NA,NA,0,NA,0,0,0,NA,NA,NA,NA,NA,NA,NA,NA,NA,NA,NA,NA,NA,NA,NA,NA,NA,NA,NA,NA,NA,NA,NA,NA,NA,NA,NA,NA,NA,NA,NA,NA
"310",NA,1,1,0,NA,NA,0,0,0,0,NA,0,0,0,0,NA,0,0,0,NA,0,0,0,NA,NA,0,0,NA,NA,NA,NA,0,0,0,NA,0,0,0,NA,0,0,0,0,NA,0,0,0,NA,NA,NA,0,NA,NA,0,0,NA,NA,NA,NA,NA,NA,NA,NA,NA,NA,NA,NA,NA,NA,NA,NA,NA,NA,NA,NA,NA,NA,NA,NA,NA,NA,NA,NA,NA,NA,NA,NA
"311",NA,1,0,1,NA,NA,0,NA,0,0,NA,0,0,0,0,NA,0,0,0,NA,0,0,0,NA,NA,0,0,NA,NA,NA,NA,0,0,0,NA,0,0,0,NA,0,0,0,0,NA,0,NA,0,NA,NA,NA,0,NA,0,0,0,NA,NA,NA,NA,NA,NA,NA,NA,NA,NA,NA,NA,NA,NA,NA,NA,NA,NA,NA,NA,NA,NA,NA,NA,NA,NA,NA,NA,NA,NA,NA,NA
"312",NA,1,1,1,NA,NA,0,0,0,0,NA,0,0,0,0,NA,0,0,0,NA,0,0,0,NA,NA,0,0,NA,NA,NA,NA,0,0,0,NA,0,0,0,NA,0,0,0,0,NA,0,NA,NA,NA,NA,NA,0,NA,0,0,0,NA,NA,NA,NA,NA,NA,NA,NA,NA,NA,NA,NA,NA,NA,NA,NA,NA,NA,NA,NA,NA,NA,NA,NA,NA,NA,NA,NA,NA,NA,NA,NA
"313",NA,1,1,0,NA,NA,0,0,0,0,NA,0,0,0,0,NA,0,0,0,NA,0,0,0,NA,NA,0,0,NA,NA,NA,NA,0,0,0,NA,0,0,0,NA,0,0,0,0,0,0,NA,NA,NA,NA,NA,0,NA,NA,0,0,NA,NA,NA,NA,NA,NA,NA,NA,NA,NA,NA,NA,NA,NA,NA,NA,NA,NA,NA,NA,NA,NA,NA,NA,NA,NA,NA,NA,NA,NA,NA,NA
"314",NA,1,1,1,NA,NA,0,0,0,0,NA,0,0,0,0,NA,0,0,0,NA,0,0,0,NA,NA,0,0,NA,NA,NA,NA,0,0,0,NA,0,0,0,NA,0,0,0,0,NA,0,NA,0,NA,NA,NA,0,NA,0,0,0,NA,NA,NA,NA,NA,NA,NA,NA,NA,NA,NA,NA,NA,NA,NA,NA,NA,NA,NA,NA,NA,NA,NA,NA,NA,NA,NA,NA,NA,NA,NA,NA
"315",NA,1,0,1,NA,NA,0,NA,0,0,NA,0,0,0,0,NA,0,0,0,NA,0,0,0,NA,NA,0,0,NA,NA,NA,NA,0,0,0,NA,0,0,0,NA,0,0,0,0,0,0,NA,NA,NA,NA,NA,0,NA,0,0,0,NA,NA,NA,NA,NA,NA,NA,NA,NA,NA,NA,NA,NA,NA,NA,NA,NA,NA,NA,NA,NA,NA,NA,NA,NA,NA,NA,NA,NA,NA,NA,NA
"316",NA,1,0,1,NA,NA,0,NA,0,0,NA,0,0,0,0,NA,0,0,0,NA,0,0,0,NA,NA,0,0,NA,NA,NA,NA,0,0,0,NA,0,0,0,NA,0,0,0,0,NA,0,0,NA,NA,NA,NA,0,NA,0,0,0,NA,NA,NA,NA,NA,NA,NA,NA,NA,NA,NA,NA,NA,NA,NA,NA,NA,NA,NA,NA,NA,NA,NA,NA,NA,NA,NA,NA,NA,NA,NA,NA
"317",NA,1,1,0,NA,NA,0,0,0,0,NA,0,0,0,0,NA,0,0,0,NA,0,0,0,NA,NA,0,0,NA,NA,NA,NA,0,0,0,NA,0,0,0,NA,0,0,0,0,0,0,NA,0,NA,NA,NA,0,NA,NA,0,0,NA,NA,NA,NA,NA,NA,NA,NA,NA,NA,NA,NA,NA,NA,NA,NA,NA,NA,NA,NA,NA,NA,NA,NA,NA,NA,NA,NA,NA,NA,NA,NA
"318",NA,1,0,1,NA,NA,0,NA,0,0,NA,0,0,0,0,NA,0,0,0,NA,0,0,0,NA,NA,0,0,NA,NA,NA,NA,0,0,0,NA,0,0,0,NA,0,0,0,0,0,0,0,NA,NA,NA,NA,0,NA,0,0,0,NA,NA,NA,NA,NA,NA,NA,NA,NA,NA,NA,NA,NA,NA,NA,NA,NA,NA,NA,NA,NA,NA,NA,NA,NA,NA,NA,NA,NA,NA,NA,NA
"319",NA,1,1,0,NA,NA,0,0,0,0,NA,0,0,0,0,NA,0,0,0,NA,0,0,0,NA,NA,0,0,NA,NA,NA,NA,0,0,0,NA,0,0,0,NA,0,0,0,0,0,0,0,NA,NA,NA,NA,0,NA,NA,0,0,NA,NA,NA,NA,NA,NA,NA,NA,NA,NA,NA,NA,NA,NA,NA,NA,NA,NA,NA,NA,NA,NA,NA,NA,NA,NA,NA,NA,NA,NA,NA,NA
"320",NA,1,0,1,NA,NA,0,NA,0,0,NA,0,0,0,0,NA,0,0,0,NA,0,0,0,NA,NA,0,0,NA,NA,NA,NA,0,0,0,NA,0,0,0,NA,0,0,0,0,NA,0,0,0,NA,NA,NA,0,NA,0,0,0,NA,NA,NA,NA,NA,NA,NA,NA,NA,NA,NA,NA,NA,NA,NA,NA,NA,NA,NA,NA,NA,NA,NA,NA,NA,NA,NA,NA,NA,NA,NA,NA
"321",NA,1,1,1,NA,NA,0,0,0,0,NA,0,0,0,0,NA,0,0,0,NA,0,0,0,NA,NA,0,0,NA,NA,NA,NA,0,0,0,NA,0,0,0,NA,0,0,0,0,0,0,NA,NA,NA,NA,NA,0,NA,0,0,0,NA,NA,NA,NA,NA,NA,NA,NA,NA,NA,NA,NA,NA,NA,NA,NA,NA,NA,NA,NA,NA,NA,NA,NA,NA,NA,NA,NA,NA,NA,NA,NA
"322",NA,1,0,1,NA,NA,0,NA,0,0,NA,0,0,0,0,NA,0,0,0,NA,0,0,0,NA,NA,0,0,NA,NA,NA,NA,0,0,0,NA,0,0,0,NA,0,0,0,0,0,0,NA,0,NA,NA,NA,0,NA,0,0,0,NA,NA,NA,NA,NA,NA,NA,NA,NA,NA,NA,NA,NA,NA,NA,NA,NA,NA,NA,NA,NA,NA,NA,NA,NA,NA,NA,NA,NA,NA,NA,NA
"323",NA,1,1,1,NA,NA,0,0,0,0,NA,0,0,0,0,NA,0,0,0,NA,0,0,0,NA,NA,0,0,NA,NA,NA,NA,0,0,0,NA,0,0,0,NA,0,0,0,0,NA,0,0,NA,NA,NA,NA,0,NA,0,0,0,NA,NA,NA,NA,NA,NA,NA,NA,NA,NA,NA,NA,NA,NA,NA,NA,NA,NA,NA,NA,NA,NA,NA,NA,NA,NA,NA,NA,NA,NA,NA,NA
"324",NA,1,1,0,NA,NA,0,0,0,0,NA,0,0,0,0,NA,0,0,0,NA,0,0,0,NA,NA,0,0,NA,NA,NA,NA,0,0,0,NA,0,0,0,NA,0,0,0,0,0,0,0,0,NA,NA,NA,0,NA,NA,0,0,NA,NA,NA,NA,NA,NA,NA,NA,NA,NA,NA,NA,NA,NA,NA,NA,NA,NA,NA,NA,NA,NA,NA,NA,NA,NA,NA,NA,NA,NA,NA,NA
"325",NA,1,1,1,NA,NA,0,0,0,0,NA,0,0,0,0,NA,0,0,0,NA,0,0,0,NA,NA,0,0,NA,NA,NA,NA,0,0,0,NA,0,0,0,NA,0,0,0,0,NA,0,0,0,NA,NA,NA,0,NA,0,0,0,NA,NA,NA,NA,NA,NA,NA,NA,NA,NA,NA,NA,NA,NA,NA,NA,NA,NA,NA,NA,NA,NA,NA,NA,NA,NA,NA,NA,NA,NA,NA,NA
"326",NA,1,1,1,NA,NA,0,0,0,0,NA,0,0,0,0,NA,0,0,0,NA,0,0,0,NA,NA,0,0,NA,NA,NA,NA,0,0,0,NA,0,0,0,NA,0,0,0,0,0,0,NA,0,NA,NA,NA,0,NA,0,0,0,NA,NA,NA,NA,NA,NA,NA,NA,NA,NA,NA,NA,NA,NA,NA,NA,NA,NA,NA,NA,NA,NA,NA,NA,NA,NA,NA,NA,NA,NA,NA,NA
"327",NA,1,1,1,NA,NA,0,0,0,0,NA,0,0,0,0,NA,0,0,0,NA,0,0,0,NA,NA,0,0,NA,NA,NA,NA,0,0,0,NA,0,0,0,NA,0,0,0,0,0,0,0,NA,NA,NA,NA,0,NA,0,0,0,NA,NA,NA,NA,NA,NA,NA,NA,NA,NA,NA,NA,NA,NA,NA,NA,NA,NA,NA,NA,NA,NA,NA,NA,NA,NA,NA,NA,NA,NA,NA,NA
"328",NA,1,0,1,NA,NA,0,NA,0,0,NA,0,0,0,0,NA,0,0,0,NA,0,0,0,NA,NA,0,0,NA,NA,NA,NA,0,0,0,NA,0,0,0,NA,0,0,0,0,0,0,0,0,NA,NA,NA,0,NA,0,0,0,NA,NA,NA,NA,NA,NA,NA,NA,NA,NA,NA,NA,NA,NA,NA,NA,NA,NA,NA,NA,NA,NA,NA,NA,NA,NA,NA,NA,NA,NA,NA,NA
"329",NA,1,1,1,NA,NA,0,0,0,0,NA,0,0,0,0,NA,0,0,0,NA,0,0,0,NA,NA,0,0,NA,NA,NA,NA,0,0,0,NA,0,0,0,NA,0,0,0,0,0,0,0,0,NA,NA,NA,0,NA,0,0,0,NA,NA,NA,NA,NA,NA,NA,NA,NA,NA,NA,NA,NA,NA,NA,NA,NA,NA,NA,NA,NA,NA,NA,NA,NA,NA,NA,NA,NA,NA,NA,NA
"330",1,NA,0,1,0,0,NA,NA,NA,0,0,0,0,0,0,0,0,0,0,0,0,0,0,0,0,0,NA,0,0,0,0,NA,0,0,0,NA,0,NA,0,NA,0,0,0,0,NA,NA,0,NA,0,0,0,0,0,NA,0,NA,NA,NA,NA,NA,NA,NA,NA,NA,NA,NA,NA,NA,NA,NA,NA,NA,NA,NA,NA,NA,NA,NA,NA,NA,NA,NA,NA,NA,NA,NA,NA
"331",0,1,0,0,0,NA,NA,NA,NA,0,0,0,0,0,0,0,0,0,0,0,0,0,0,0,0,0,NA,0,0,NA,0,0,0,0,0,NA,0,0,0,NA,0,0,0,0,NA,0,0,NA,0,0,0,0,NA,NA,0,NA,NA,NA,NA,NA,NA,NA,NA,NA,NA,NA,NA,NA,NA,NA,NA,NA,NA,NA,NA,NA,NA,NA,NA,NA,NA,NA,NA,NA,NA,NA,NA
"332",0,0,1,0,0,NA,NA,0,NA,0,0,0,0,0,0,0,0,0,0,0,0,0,0,0,0,0,NA,0,0,NA,0,0,0,0,0,NA,0,0,0,NA,0,0,0,0,NA,NA,0,NA,0,0,0,0,NA,NA,0,NA,NA,NA,NA,NA,NA,NA,NA,NA,NA,NA,NA,NA,NA,NA,NA,NA,NA,NA,NA,NA,NA,NA,NA,NA,NA,NA,NA,NA,NA,NA,NA
"333",1,1,0,0,0,NA,NA,NA,NA,0,0,0,0,0,0,0,0,0,0,0,0,0,0,0,0,0,NA,0,0,0,0,0,0,0,0,NA,0,0,0,NA,0,0,0,0,NA,0,0,NA,0,0,0,0,NA,NA,0,NA,NA,NA,NA,NA,NA,NA,NA,NA,NA,NA,NA,NA,NA,NA,NA,NA,NA,NA,NA,NA,NA,NA,NA,NA,NA,NA,NA,NA,NA,NA,NA
"334",1,0,0,0,0,NA,NA,NA,NA,0,0,0,0,0,0,0,0,0,0,0,0,0,0,0,0,0,NA,0,0,NA,0,0,0,0,0,NA,0,0,0,NA,0,0,0,0,NA,NA,0,0,0,0,0,0,NA,NA,0,NA,NA,NA,NA,NA,NA,NA,NA,NA,NA,NA,NA,NA,NA,NA,NA,NA,NA,NA,NA,NA,NA,NA,NA,NA,NA,NA,NA,NA,NA,NA,NA
"335",0,1,1,0,0,NA,NA,0,NA,0,0,0,0,0,0,0,0,0,0,0,0,0,0,0,0,0,NA,0,0,NA,0,0,0,0,0,NA,0,0,0,NA,0,0,0,0,NA,0,0,NA,0,0,0,0,NA,NA,0,NA,NA,NA,NA,NA,NA,NA,NA,NA,NA,NA,NA,NA,NA,NA,NA,NA,NA,NA,NA,NA,NA,NA,NA,NA,NA,NA,NA,NA,NA,NA,NA
"336",1,1,0,0,0,NA,NA,NA,NA,0,0,0,0,0,0,0,0,0,0,0,0,0,0,0,0,0,NA,0,0,NA,0,0,0,0,0,NA,0,0,0,NA,0,0,0,0,NA,0,0,0,0,0,0,0,NA,NA,0,NA,NA,NA,NA,NA,NA,NA,NA,NA,NA,NA,NA,NA,NA,NA,NA,NA,NA,NA,NA,NA,NA,NA,NA,NA,NA,NA,NA,NA,NA,NA,NA
"337",1,0,0,0,0,NA,NA,NA,NA,0,0,0,0,0,0,0,0,0,0,0,0,0,0,0,0,0,NA,0,0,0,0,0,0,0,0,NA,0,0,0,NA,0,0,0,0,NA,NA,0,0,0,0,0,0,NA,NA,0,NA,NA,NA,NA,NA,NA,NA,NA,NA,NA,NA,NA,NA,NA,NA,NA,NA,NA,NA,NA,NA,NA,NA,NA,NA,NA,NA,NA,NA,NA,NA,NA
"338",0,0,0,1,0,NA,NA,NA,NA,0,0,0,0,0,0,0,0,0,0,0,0,0,0,0,0,0,NA,0,0,NA,0,0,0,0,0,NA,0,0,0,NA,0,0,0,0,NA,NA,0,NA,0,0,0,0,0,NA,0,NA,NA,NA,NA,NA,NA,NA,NA,NA,NA,NA,NA,NA,NA,NA,NA,NA,NA,NA,NA,NA,NA,NA,NA,NA,NA,NA,NA,NA,NA,NA,NA
"339",0,0,1,1,0,NA,NA,0,NA,0,0,0,0,0,0,0,0,0,0,0,0,0,0,0,0,0,NA,0,0,NA,0,0,0,0,0,NA,0,0,0,NA,0,0,0,0,NA,NA,0,NA,0,0,0,0,0,NA,0,NA,NA,NA,NA,NA,NA,NA,NA,NA,NA,NA,NA,NA,NA,NA,NA,NA,NA,NA,NA,NA,NA,NA,NA,NA,NA,NA,NA,NA,NA,NA,NA
"340",1,1,0,0,0,NA,NA,NA,NA,0,0,0,0,0,0,0,0,0,0,0,0,0,0,0,0,0,NA,0,0,0,0,0,0,0,0,NA,0,0,0,NA,0,0,0,0,NA,0,0,0,0,0,0,0,NA,NA,0,NA,NA,NA,NA,NA,NA,NA,NA,NA,NA,NA,NA,NA,NA,NA,NA,NA,NA,NA,NA,NA,NA,NA,NA,NA,NA,NA,NA,NA,NA,NA,NA
"341",1,NA,1,0,0,0,NA,0,NA,0,0,0,0,0,0,0,0,0,0,0,0,0,0,0,0,0,NA,0,0,0,0,NA,0,0,0,NA,0,NA,0,NA,0,0,0,0,NA,NA,0,NA,0,0,0,0,NA,NA,0,NA,NA,NA,NA,NA,NA,NA,NA,NA,NA,NA,NA,NA,NA,NA,NA,NA,NA,NA,NA,NA,NA,NA,NA,NA,NA,NA,NA,NA,NA,NA,NA
"342",1,NA,0,1,0,0,NA,NA,NA,0,0,0,0,0,0,0,0,0,0,0,0,0,0,0,0,0,NA,0,0,NA,0,NA,0,0,0,NA,0,NA,0,NA,0,0,0,0,NA,NA,0,0,0,0,0,0,0,NA,0,NA,NA,NA,NA,NA,NA,NA,NA,NA,NA,NA,NA,NA,NA,NA,NA,NA,NA,NA,NA,NA,NA,NA,NA,NA,NA,NA,NA,NA,NA,NA,NA
"343",1,NA,1,0,0,0,NA,0,NA,0,0,0,0,0,0,0,0,0,0,0,0,0,0,0,0,0,NA,0,0,NA,0,NA,0,0,0,NA,0,NA,0,NA,0,0,0,0,NA,NA,0,0,0,0,0,0,NA,NA,0,NA,NA,NA,NA,NA,NA,NA,NA,NA,NA,NA,NA,NA,NA,NA,NA,NA,NA,NA,NA,NA,NA,NA,NA,NA,NA,NA,NA,NA,NA,NA,NA
"344",1,0,0,1,0,NA,NA,NA,NA,0,0,0,0,0,0,0,0,0,0,0,0,0,0,0,0,0,NA,0,0,0,0,0,0,0,0,NA,0,0,0,NA,0,0,0,0,NA,NA,0,NA,0,0,0,0,0,NA,0,NA,NA,NA,NA,NA,NA,NA,NA,NA,NA,NA,NA,NA,NA,NA,NA,NA,NA,NA,NA,NA,NA,NA,NA,NA,NA,NA,NA,NA,NA,NA,NA
"345",1,0,1,0,0,NA,NA,0,NA,0,0,0,0,0,0,0,0,0,0,0,0,0,0,0,0,0,NA,0,0,NA,0,0,0,0,0,NA,0,0,0,NA,0,0,0,0,NA,NA,0,0,0,0,0,0,NA,NA,0,NA,NA,NA,NA,NA,NA,NA,NA,NA,NA,NA,NA,NA,NA,NA,NA,NA,NA,NA,NA,NA,NA,NA,NA,NA,NA,NA,NA,NA,NA,NA,NA
"346",1,0,0,1,0,NA,NA,NA,NA,0,0,0,0,0,0,0,0,0,0,0,0,0,0,0,0,0,NA,0,0,NA,0,0,0,0,0,NA,0,0,0,NA,0,0,0,0,NA,NA,0,0,0,0,0,0,0,NA,0,NA,NA,NA,NA,NA,NA,NA,NA,NA,NA,NA,NA,NA,NA,NA,NA,NA,NA,NA,NA,NA,NA,NA,NA,NA,NA,NA,NA,NA,NA,NA,NA
"347",1,0,1,0,0,NA,NA,0,NA,0,0,0,0,0,0,0,0,0,0,0,0,0,0,0,0,0,NA,0,0,0,0,0,0,0,0,NA,0,0,0,NA,0,0,0,0,NA,NA,0,NA,0,0,0,0,NA,NA,0,NA,NA,NA,NA,NA,NA,NA,NA,NA,NA,NA,NA,NA,NA,NA,NA,NA,NA,NA,NA,NA,NA,NA,NA,NA,NA,NA,NA,NA,NA,NA,NA
"348",1,NA,0,1,0,0,NA,NA,NA,0,0,0,0,0,0,0,0,0,0,0,0,0,0,0,0,0,NA,0,0,0,0,NA,0,0,0,NA,0,NA,0,NA,0,0,0,0,NA,NA,0,0,0,0,0,0,0,NA,0,NA,NA,NA,NA,NA,NA,NA,NA,NA,NA,NA,NA,NA,NA,NA,NA,NA,NA,NA,NA,NA,NA,NA,NA,NA,NA,NA,NA,NA,NA,NA,NA
"349",1,NA,1,0,0,0,NA,0,NA,0,0,0,0,0,0,0,0,0,0,0,0,0,0,0,0,0,NA,0,0,0,0,NA,0,0,0,NA,0,NA,0,NA,0,0,0,0,NA,NA,0,0,0,0,0,0,NA,NA,0,NA,NA,NA,NA,NA,NA,NA,NA,NA,NA,NA,NA,NA,NA,NA,NA,NA,NA,NA,NA,NA,NA,NA,NA,NA,NA,NA,NA,NA,NA,NA,NA
"350",0,1,0,1,0,NA,NA,NA,NA,0,0,0,0,0,0,0,0,0,0,0,0,0,0,0,0,0,NA,0,0,NA,0,0,0,0,0,NA,0,0,0,NA,0,0,0,0,NA,0,0,NA,0,0,0,0,0,NA,0,NA,NA,NA,NA,NA,NA,NA,NA,NA,NA,NA,NA,NA,NA,NA,NA,NA,NA,NA,NA,NA,NA,NA,NA,NA,NA,NA,NA,NA,NA,NA,NA
"351",1,NA,1,1,0,0,NA,0,NA,0,0,0,0,0,0,0,0,0,0,0,0,0,0,0,0,0,NA,0,0,0,0,NA,0,0,0,NA,0,NA,0,NA,0,0,0,0,NA,NA,0,NA,0,0,0,0,0,NA,0,NA,NA,NA,NA,NA,NA,NA,NA,NA,NA,NA,NA,NA,NA,NA,NA,NA,NA,NA,NA,NA,NA,NA,NA,NA,NA,NA,NA,NA,NA,NA,NA
"352",1,1,0,1,0,NA,NA,NA,NA,0,0,0,0,0,0,0,0,0,0,0,0,0,0,0,0,0,NA,0,0,NA,0,0,0,0,0,NA,0,0,0,NA,0,0,0,0,NA,0,0,0,0,0,0,0,0,NA,0,NA,NA,NA,NA,NA,NA,NA,NA,NA,NA,NA,NA,NA,NA,NA,NA,NA,NA,NA,NA,NA,NA,NA,NA,NA,NA,NA,NA,NA,NA,NA,NA
"353",0,1,1,1,0,NA,NA,0,NA,0,0,0,0,0,0,0,0,0,0,0,0,0,0,0,0,0,NA,0,0,NA,0,0,0,0,0,NA,0,0,0,NA,0,0,0,0,NA,0,0,NA,0,0,0,0,0,NA,0,NA,NA,NA,NA,NA,NA,NA,NA,NA,NA,NA,NA,NA,NA,NA,NA,NA,NA,NA,NA,NA,NA,NA,NA,NA,NA,NA,NA,NA,NA,NA,NA
"354",1,0,1,0,0,NA,NA,0,NA,0,0,0,0,0,0,0,0,0,0,0,0,0,0,0,0,0,NA,0,0,0,0,0,0,0,0,NA,0,0,0,NA,0,0,0,0,NA,NA,0,0,0,0,0,0,NA,NA,0,NA,NA,NA,NA,NA,NA,NA,NA,NA,NA,NA,NA,NA,NA,NA,NA,NA,NA,NA,NA,NA,NA,NA,NA,NA,NA,NA,NA,NA,NA,NA,NA
"355",1,NA,1,1,0,0,NA,0,NA,0,0,0,0,0,0,0,0,0,0,0,0,0,0,0,0,0,NA,0,0,NA,0,NA,0,0,0,NA,0,NA,0,NA,0,0,0,0,NA,NA,0,0,0,0,0,0,0,NA,0,NA,NA,NA,NA,NA,NA,NA,NA,NA,NA,NA,NA,NA,NA,NA,NA,NA,NA,NA,NA,NA,NA,NA,NA,NA,NA,NA,NA,NA,NA,NA,NA
"356",1,0,0,1,0,NA,NA,NA,NA,0,0,0,0,0,0,0,0,0,0,0,0,0,0,0,0,0,NA,0,0,0,0,0,0,0,0,NA,0,0,0,NA,0,0,0,0,NA,NA,0,0,0,0,0,0,0,NA,0,NA,NA,NA,NA,NA,NA,NA,NA,NA,NA,NA,NA,NA,NA,NA,NA,NA,NA,NA,NA,NA,NA,NA,NA,NA,NA,NA,NA,NA,NA,NA,NA
"357",1,NA,1,1,0,0,NA,0,NA,0,0,0,0,0,0,0,0,0,0,0,0,0,0,0,0,0,NA,0,0,0,0,NA,0,0,0,NA,0,NA,0,NA,0,0,0,0,NA,NA,0,0,0,0,0,0,0,NA,0,NA,NA,NA,NA,NA,NA,NA,NA,NA,NA,NA,NA,NA,NA,NA,NA,NA,NA,NA,NA,NA,NA,NA,NA,NA,NA,NA,NA,NA,NA,NA,NA
"358",1,0,1,1,0,NA,NA,0,NA,0,0,0,0,0,0,0,0,0,0,0,0,0,0,0,0,0,NA,0,0,NA,0,0,0,0,0,NA,0,0,0,NA,0,0,0,0,NA,NA,0,0,0,0,0,0,0,NA,0,NA,NA,NA,NA,NA,NA,NA,NA,NA,NA,NA,NA,NA,NA,NA,NA,NA,NA,NA,NA,NA,NA,NA,NA,NA,NA,NA,NA,NA,NA,NA,NA
"359",1,1,0,1,0,NA,NA,NA,NA,0,0,0,0,0,0,0,0,0,0,0,0,0,0,0,0,0,NA,0,0,0,0,0,0,0,0,NA,0,0,0,NA,0,0,0,0,NA,0,0,NA,0,0,0,0,0,NA,0,NA,NA,NA,NA,NA,NA,NA,NA,NA,NA,NA,NA,NA,NA,NA,NA,NA,NA,NA,NA,NA,NA,NA,NA,NA,NA,NA,NA,NA,NA,NA,NA
"360",1,1,1,0,0,NA,NA,0,NA,0,0,0,0,0,0,0,0,0,0,0,0,0,0,0,0,0,NA,0,0,0,0,0,0,0,0,NA,0,0,0,NA,0,0,0,0,NA,0,0,NA,0,0,0,0,NA,NA,0,NA,NA,NA,NA,NA,NA,NA,NA,NA,NA,NA,NA,NA,NA,NA,NA,NA,NA,NA,NA,NA,NA,NA,NA,NA,NA,NA,NA,NA,NA,NA,NA
"361",1,1,0,1,0,NA,NA,NA,NA,0,0,0,0,0,0,0,0,0,0,0,0,0,0,0,0,0,NA,0,0,0,0,0,0,0,0,NA,0,0,0,NA,0,0,0,0,NA,0,0,0,0,0,0,0,0,NA,0,NA,NA,NA,NA,NA,NA,NA,NA,NA,NA,NA,NA,NA,NA,NA,NA,NA,NA,NA,NA,NA,NA,NA,NA,NA,NA,NA,NA,NA,NA,NA,NA
"362",1,0,1,1,0,NA,NA,0,NA,0,0,0,0,0,0,0,0,0,0,0,0,0,0,0,0,0,NA,0,0,0,0,0,0,0,0,NA,0,0,0,NA,0,0,0,0,NA,NA,0,NA,0,0,0,0,0,NA,0,NA,NA,NA,NA,NA,NA,NA,NA,NA,NA,NA,NA,NA,NA,NA,NA,NA,NA,NA,NA,NA,NA,NA,NA,NA,NA,NA,NA,NA,NA,NA,NA
"363",1,0,1,1,0,NA,NA,0,NA,0,0,0,0,0,0,0,0,0,0,0,0,0,0,0,0,0,NA,0,0,0,0,0,0,0,0,NA,0,0,0,NA,0,0,0,0,NA,NA,0,0,0,0,0,0,0,NA,0,NA,NA,NA,NA,NA,NA,NA,NA,NA,NA,NA,NA,NA,NA,NA,NA,NA,NA,NA,NA,NA,NA,NA,NA,NA,NA,NA,NA,NA,NA,NA,NA
"364",1,1,1,1,0,NA,NA,0,NA,0,0,0,0,0,0,0,0,0,0,0,0,0,0,0,0,0,NA,0,0,0,0,0,0,0,0,NA,0,0,0,NA,0,0,0,0,NA,0,0,NA,0,0,0,0,0,NA,0,NA,NA,NA,NA,NA,NA,NA,NA,NA,NA,NA,NA,NA,NA,NA,NA,NA,NA,NA,NA,NA,NA,NA,NA,NA,NA,NA,NA,NA,NA,NA,NA
"365",1,1,1,0,0,NA,NA,0,NA,0,0,0,0,0,0,0,0,0,0,0,0,0,0,0,0,0,NA,0,0,NA,0,0,0,0,0,NA,0,0,0,NA,0,0,0,0,NA,0,0,0,0,0,0,0,NA,NA,0,NA,NA,NA,NA,NA,NA,NA,NA,NA,NA,NA,NA,NA,NA,NA,NA,NA,NA,NA,NA,NA,NA,NA,NA,NA,NA,NA,NA,NA,NA,NA,NA
"366",1,1,1,0,0,NA,NA,0,NA,0,0,0,0,0,0,0,0,0,0,0,0,0,0,0,0,0,NA,0,0,0,0,0,0,0,0,NA,0,0,0,NA,0,0,0,0,NA,0,0,0,0,0,0,0,NA,NA,0,NA,NA,NA,NA,NA,NA,NA,NA,NA,NA,NA,NA,NA,NA,NA,NA,NA,NA,NA,NA,NA,NA,NA,NA,NA,NA,NA,NA,NA,NA,NA,NA
"367",1,1,1,1,0,NA,NA,0,NA,0,0,0,0,0,0,0,0,0,0,0,0,0,0,0,0,0,NA,0,0,NA,0,0,0,0,0,NA,0,0,0,NA,0,0,0,0,NA,0,0,0,0,0,0,0,0,NA,0,NA,NA,NA,NA,NA,NA,NA,NA,NA,NA,NA,NA,NA,NA,NA,NA,NA,NA,NA,NA,NA,NA,NA,NA,NA,NA,NA,NA,NA,NA,NA,NA
"368",1,1,1,1,0,NA,NA,0,NA,0,0,0,0,0,0,0,0,0,0,0,0,0,0,0,0,0,NA,0,0,0,0,0,0,0,0,NA,0,0,0,NA,0,0,0,0,NA,0,0,0,0,0,0,0,0,NA,0,NA,NA,NA,NA,NA,NA,NA,NA,NA,NA,NA,NA,NA,NA,NA,NA,NA,NA,NA,NA,NA,NA,NA,NA,NA,NA,NA,NA,NA,NA,NA,NA
"369",0,1,0,0,0,NA,NA,NA,NA,0,0,0,0,0,0,0,0,0,0,0,0,0,0,0,0,0,NA,0,0,NA,0,0,0,0,0,NA,0,0,0,0,0,0,0,0,NA,NA,0,NA,0,0,0,0,NA,NA,0,NA,NA,NA,NA,NA,NA,NA,NA,NA,NA,NA,NA,NA,NA,NA,NA,NA,NA,NA,NA,NA,NA,NA,NA,NA,NA,NA,NA,NA,NA,NA,NA
"370",0,1,0,1,0,NA,NA,NA,NA,0,0,0,0,0,0,0,0,0,0,0,0,0,0,0,0,0,NA,0,0,NA,0,0,0,0,0,NA,0,0,0,0,0,0,0,0,NA,NA,0,NA,0,0,0,0,0,NA,0,NA,NA,NA,NA,NA,NA,NA,NA,NA,NA,NA,NA,NA,NA,NA,NA,NA,NA,NA,NA,NA,NA,NA,NA,NA,NA,NA,NA,NA,NA,NA,NA
"371",1,1,0,0,0,NA,NA,NA,NA,0,0,0,0,0,0,0,0,0,0,0,0,0,0,0,0,0,NA,0,0,NA,0,0,0,0,0,NA,0,0,0,0,0,0,0,0,NA,NA,0,0,0,0,0,0,NA,NA,0,NA,NA,NA,NA,NA,NA,NA,NA,NA,NA,NA,NA,NA,NA,NA,NA,NA,NA,NA,NA,NA,NA,NA,NA,NA,NA,NA,NA,NA,NA,NA,NA
"372",1,1,0,0,0,NA,NA,NA,NA,0,0,0,0,0,0,0,0,0,0,0,0,0,0,0,0,0,NA,0,0,0,0,0,0,0,0,NA,0,0,0,0,0,0,0,0,NA,NA,0,NA,0,0,0,0,NA,NA,0,NA,NA,NA,NA,NA,NA,NA,NA,NA,NA,NA,NA,NA,NA,NA,NA,NA,NA,NA,NA,NA,NA,NA,NA,NA,NA,NA,NA,NA,NA,NA,NA
"373",1,1,0,1,0,NA,NA,NA,NA,0,0,0,0,0,0,0,0,0,0,0,0,0,0,0,0,0,NA,0,0,NA,0,0,0,0,0,NA,0,0,0,0,0,0,0,0,NA,NA,0,0,0,0,0,0,0,NA,0,NA,NA,NA,NA,NA,NA,NA,NA,NA,NA,NA,NA,NA,NA,NA,NA,NA,NA,NA,NA,NA,NA,NA,NA,NA,NA,NA,NA,NA,NA,NA,NA
"374",1,1,0,0,0,NA,NA,NA,NA,0,0,0,0,0,0,0,0,0,0,0,0,0,0,0,0,0,NA,0,0,0,0,0,0,0,0,NA,0,0,0,0,0,0,0,0,NA,NA,0,0,0,0,0,0,NA,NA,0,NA,NA,NA,NA,NA,NA,NA,NA,NA,NA,NA,NA,NA,NA,NA,NA,NA,NA,NA,NA,NA,NA,NA,NA,NA,NA,NA,NA,NA,NA,NA,NA
"375",1,1,0,1,0,NA,NA,NA,NA,0,0,0,0,0,0,0,0,0,0,0,0,0,0,0,0,0,NA,0,0,0,0,0,0,0,0,NA,0,0,0,0,0,0,0,0,NA,NA,0,NA,0,0,0,0,0,NA,0,NA,NA,NA,NA,NA,NA,NA,NA,NA,NA,NA,NA,NA,NA,NA,NA,NA,NA,NA,NA,NA,NA,NA,NA,NA,NA,NA,NA,NA,NA,NA,NA
"376",1,1,0,1,0,NA,NA,NA,NA,0,0,0,0,0,0,0,0,0,0,0,0,0,0,0,0,0,NA,0,0,0,0,0,0,0,0,NA,0,0,0,0,0,0,0,0,NA,NA,0,0,0,0,0,0,0,NA,0,NA,NA,NA,NA,NA,NA,NA,NA,NA,NA,NA,NA,NA,NA,NA,NA,NA,NA,NA,NA,NA,NA,NA,NA,NA,NA,NA,NA,NA,NA,NA,NA
"377",0,1,1,0,0,NA,NA,0,NA,0,0,0,0,0,0,0,0,0,0,0,0,0,0,0,0,0,NA,0,0,NA,0,0,0,0,0,NA,0,0,0,0,0,0,0,0,NA,NA,0,NA,0,0,0,0,NA,NA,0,NA,NA,NA,NA,NA,NA,NA,NA,NA,NA,NA,NA,NA,NA,NA,NA,NA,NA,NA,NA,NA,NA,NA,NA,NA,NA,NA,NA,NA,NA,NA,NA
"378",1,1,1,0,0,NA,NA,0,NA,0,0,0,0,0,0,0,0,0,0,0,0,0,0,0,0,0,NA,0,0,NA,0,0,0,0,0,NA,0,0,0,0,0,0,0,0,NA,NA,0,0,0,0,0,0,NA,NA,0,NA,NA,NA,NA,NA,NA,NA,NA,NA,NA,NA,NA,NA,NA,NA,NA,NA,NA,NA,NA,NA,NA,NA,NA,NA,NA,NA,NA,NA,NA,NA,NA
"379",1,1,1,0,0,NA,NA,0,NA,0,0,0,0,0,0,0,0,0,0,0,0,0,0,0,0,0,NA,0,0,0,0,0,0,0,0,NA,0,0,0,0,0,0,0,0,NA,NA,0,NA,0,0,0,0,NA,NA,0,NA,NA,NA,NA,NA,NA,NA,NA,NA,NA,NA,NA,NA,NA,NA,NA,NA,NA,NA,NA,NA,NA,NA,NA,NA,NA,NA,NA,NA,NA,NA,NA
"380",0,1,1,1,0,NA,NA,0,NA,0,0,0,0,0,0,0,0,0,0,0,0,0,0,0,0,0,NA,0,0,NA,0,0,0,0,0,NA,0,0,0,0,0,0,0,0,NA,NA,0,NA,0,0,0,0,0,NA,0,NA,NA,NA,NA,NA,NA,NA,NA,NA,NA,NA,NA,NA,NA,NA,NA,NA,NA,NA,NA,NA,NA,NA,NA,NA,NA,NA,NA,NA,NA,NA,NA
"381",1,1,1,0,0,NA,NA,0,NA,0,0,0,0,0,0,0,0,0,0,0,0,0,0,0,0,0,NA,0,0,0,0,0,0,0,0,NA,0,0,0,0,0,0,0,0,NA,NA,0,0,0,0,0,0,NA,NA,0,NA,NA,NA,NA,NA,NA,NA,NA,NA,NA,NA,NA,NA,NA,NA,NA,NA,NA,NA,NA,NA,NA,NA,NA,NA,NA,NA,NA,NA,NA,NA,NA
"382",1,1,1,1,0,NA,NA,0,NA,0,0,0,0,0,0,0,0,0,0,0,0,0,0,0,0,0,NA,0,0,0,0,0,0,0,0,NA,0,0,0,0,0,0,0,0,NA,NA,0,NA,0,0,0,0,0,NA,0,NA,NA,NA,NA,NA,NA,NA,NA,NA,NA,NA,NA,NA,NA,NA,NA,NA,NA,NA,NA,NA,NA,NA,NA,NA,NA,NA,NA,NA,NA,NA,NA
"383",1,1,1,1,0,NA,NA,0,NA,0,0,0,0,0,0,0,0,0,0,0,0,0,0,0,0,0,NA,0,0,NA,0,0,0,0,0,NA,0,0,0,0,0,0,0,0,NA,NA,0,0,0,0,0,0,0,NA,0,NA,NA,NA,NA,NA,NA,NA,NA,NA,NA,NA,NA,NA,NA,NA,NA,NA,NA,NA,NA,NA,NA,NA,NA,NA,NA,NA,NA,NA,NA,NA,NA
"384",1,1,1,1,0,NA,NA,0,NA,0,0,0,0,0,0,0,0,0,0,0,0,0,0,0,0,0,NA,0,0,0,0,0,0,0,0,NA,0,0,0,0,0,0,0,0,NA,NA,0,0,0,0,0,0,0,NA,0,NA,NA,NA,NA,NA,NA,NA,NA,NA,NA,NA,NA,NA,NA,NA,NA,NA,NA,NA,NA,NA,NA,NA,NA,NA,NA,NA,NA,NA,NA,NA,NA
"385",0,1,0,0,0,NA,NA,NA,NA,0,0,0,0,0,0,0,0,0,0,0,0,0,0,0,0,0,NA,0,0,NA,0,0,0,0,0,NA,0,0,0,0,0,0,0,0,NA,0,0,NA,0,0,0,0,NA,NA,0,NA,NA,NA,NA,NA,NA,NA,NA,NA,NA,NA,NA,NA,NA,NA,NA,NA,NA,NA,NA,NA,NA,NA,NA,NA,NA,NA,NA,NA,NA,NA,NA
"386",1,1,0,0,0,NA,NA,NA,NA,0,0,0,0,0,0,0,0,0,0,0,0,0,0,0,0,0,NA,0,0,0,0,0,0,0,0,NA,0,0,0,0,0,0,0,0,NA,0,0,NA,0,0,0,0,NA,NA,0,NA,NA,NA,NA,NA,NA,NA,NA,NA,NA,NA,NA,NA,NA,NA,NA,NA,NA,NA,NA,NA,NA,NA,NA,NA,NA,NA,NA,NA,NA,NA,NA
"387",0,1,0,1,0,NA,NA,NA,NA,0,0,0,0,0,0,0,0,0,0,0,0,0,0,0,0,0,NA,0,0,NA,0,0,0,0,0,NA,0,0,0,0,0,0,0,0,NA,0,0,NA,0,0,0,0,0,NA,0,NA,NA,NA,NA,NA,NA,NA,NA,NA,NA,NA,NA,NA,NA,NA,NA,NA,NA,NA,NA,NA,NA,NA,NA,NA,NA,NA,NA,NA,NA,NA,NA
"388",1,1,0,0,0,NA,NA,NA,NA,0,0,0,0,0,0,0,0,0,0,0,0,0,0,0,0,0,NA,0,0,NA,0,0,0,0,0,NA,0,0,0,0,0,0,0,0,NA,0,0,0,0,0,0,0,NA,NA,0,NA,NA,NA,NA,NA,NA,NA,NA,NA,NA,NA,NA,NA,NA,NA,NA,NA,NA,NA,NA,NA,NA,NA,NA,NA,NA,NA,NA,NA,NA,NA,NA
"389",1,1,0,1,0,NA,NA,NA,NA,0,0,0,0,0,0,0,0,0,0,0,0,0,0,0,0,0,NA,0,0,0,0,0,0,0,0,NA,0,0,0,0,0,0,0,0,NA,0,0,NA,0,0,0,0,0,NA,0,NA,NA,NA,NA,NA,NA,NA,NA,NA,NA,NA,NA,NA,NA,NA,NA,NA,NA,NA,NA,NA,NA,NA,NA,NA,NA,NA,NA,NA,NA,NA,NA
"390",1,1,0,1,0,NA,NA,NA,NA,0,0,0,0,0,0,0,0,0,0,0,0,0,0,0,0,0,NA,0,0,NA,0,0,0,0,0,NA,0,0,0,0,0,0,0,0,NA,0,0,0,0,0,0,0,0,NA,0,NA,NA,NA,NA,NA,NA,NA,NA,NA,NA,NA,NA,NA,NA,NA,NA,NA,NA,NA,NA,NA,NA,NA,NA,NA,NA,NA,NA,NA,NA,NA,NA
"391",1,1,0,0,0,NA,NA,NA,NA,0,0,0,0,0,0,0,0,0,0,0,0,0,0,0,0,0,NA,0,0,0,0,0,0,0,0,NA,0,0,0,0,0,0,0,0,NA,0,0,0,0,0,0,0,NA,NA,0,NA,NA,NA,NA,NA,NA,NA,NA,NA,NA,NA,NA,NA,NA,NA,NA,NA,NA,NA,NA,NA,NA,NA,NA,NA,NA,NA,NA,NA,NA,NA,NA
"392",1,1,0,1,0,NA,NA,NA,NA,0,0,0,0,0,0,0,0,0,0,0,0,0,0,0,0,0,NA,0,0,0,0,0,0,0,0,NA,0,0,0,0,0,0,0,0,NA,0,0,0,0,0,0,0,0,NA,0,NA,NA,NA,NA,NA,NA,NA,NA,NA,NA,NA,NA,NA,NA,NA,NA,NA,NA,NA,NA,NA,NA,NA,NA,NA,NA,NA,NA,NA,NA,NA,NA
"393",0,1,1,0,0,NA,NA,0,NA,0,0,0,0,0,0,0,0,0,0,0,0,0,0,0,0,0,NA,0,0,NA,0,0,0,0,0,NA,0,0,0,0,0,0,0,0,NA,0,0,NA,0,0,0,0,NA,NA,0,NA,NA,NA,NA,NA,NA,NA,NA,NA,NA,NA,NA,NA,NA,NA,NA,NA,NA,NA,NA,NA,NA,NA,NA,NA,NA,NA,NA,NA,NA,NA,NA
"394",1,1,1,0,0,NA,NA,0,NA,0,0,0,0,0,0,0,0,0,0,0,0,0,0,0,0,0,NA,0,0,0,0,0,0,0,0,NA,0,0,0,0,0,0,0,0,NA,0,0,NA,0,0,0,0,NA,NA,0,NA,NA,NA,NA,NA,NA,NA,NA,NA,NA,NA,NA,NA,NA,NA,NA,NA,NA,NA,NA,NA,NA,NA,NA,NA,NA,NA,NA,NA,NA,NA,NA
"395",1,1,1,0,0,NA,NA,0,NA,0,0,0,0,0,0,0,0,0,0,0,0,0,0,0,0,0,NA,0,0,NA,0,0,0,0,0,NA,0,0,0,0,0,0,0,0,NA,0,0,0,0,0,0,0,NA,NA,0,NA,NA,NA,NA,NA,NA,NA,NA,NA,NA,NA,NA,NA,NA,NA,NA,NA,NA,NA,NA,NA,NA,NA,NA,NA,NA,NA,NA,NA,NA,NA,NA
"396",0,1,1,1,0,NA,NA,0,NA,0,0,0,0,0,0,0,0,0,0,0,0,0,0,0,0,0,NA,0,0,NA,0,0,0,0,0,NA,0,0,0,0,0,0,0,0,NA,0,0,NA,0,0,0,0,0,NA,0,NA,NA,NA,NA,NA,NA,NA,NA,NA,NA,NA,NA,NA,NA,NA,NA,NA,NA,NA,NA,NA,NA,NA,NA,NA,NA,NA,NA,NA,NA,NA,NA
"397",1,1,1,0,0,NA,NA,0,NA,0,0,0,0,0,0,0,0,0,0,0,0,0,0,0,0,0,NA,0,0,0,0,0,0,0,0,NA,0,0,0,0,0,0,0,0,NA,0,0,0,0,0,0,0,NA,NA,0,NA,NA,NA,NA,NA,NA,NA,NA,NA,NA,NA,NA,NA,NA,NA,NA,NA,NA,NA,NA,NA,NA,NA,NA,NA,NA,NA,NA,NA,NA,NA,NA
"398",1,1,1,1,0,NA,NA,0,NA,0,0,0,0,0,0,0,0,0,0,0,0,0,0,0,0,0,NA,0,0,NA,0,0,0,0,0,NA,0,0,0,0,0,0,0,0,NA,0,0,0,0,0,0,0,0,NA,0,NA,NA,NA,NA,NA,NA,NA,NA,NA,NA,NA,NA,NA,NA,NA,NA,NA,NA,NA,NA,NA,NA,NA,NA,NA,NA,NA,NA,NA,NA,NA,NA
"399",1,1,1,1,0,NA,NA,0,NA,0,0,0,0,0,0,0,0,0,0,0,0,0,0,0,0,0,NA,0,0,0,0,0,0,0,0,NA,0,0,0,0,0,0,0,0,NA,0,0,NA,0,0,0,0,0,NA,0,NA,NA,NA,NA,NA,NA,NA,NA,NA,NA,NA,NA,NA,NA,NA,NA,NA,NA,NA,NA,NA,NA,NA,NA,NA,NA,NA,NA,NA,NA,NA,NA
"400",1,1,1,1,0,NA,NA,0,NA,0,0,0,0,0,0,0,0,0,0,0,0,0,0,0,0,0,NA,0,0,0,0,0,0,0,0,NA,0,0,0,0,0,0,0,0,NA,0,0,0,0,0,0,0,0,NA,0,NA,NA,NA,NA,NA,NA,NA,NA,NA,NA,NA,NA,NA,NA,NA,NA,NA,NA,NA,NA,NA,NA,NA,NA,NA,NA,NA,NA,NA,NA,NA,NA
"401",0.75,0.75,0.5,0.5,0,0,0,0,0,0,0,0,0,0,0,0,0,0,0,0,0,0,0,0,0,0,0,0,0,0,0,0,0,0,0,0,0,0,0,0,0,0,0,0,0,0,0,0,0,0,0,0,0,0,0,NA,NA,NA,NA,NA,NA,NA,NA,NA,NA,NA,NA,NA,NA,NA,NA,NA,NA,NA,NA,NA,NA,NA,NA,NA,NA,NA,NA,NA,NA,NA,NA
"402",0.2,0.8,1,1,0.2,0.2,0.8,0.5,0.8,1,0.2,1,1,1,1,0.2,1,1,1,0.28,1,1,0.84,0.2,0.2,1,0.8,0.2,0.2,0.1,0.2,0.8,1,1,0.2,0.8,0.6,0.8,0.2,0.4,1,0.6,1,0.6,0.8,0.4,0.6,0.1,0.2,0.2,1,0.2,0.5,0.8,1,0,0,0,0,0,0,0,0,0,0,0,0,0,0,0,0,0,0,0,0,0,0,0,0,0,0,0,0,0,0,0,0
