"","crp","phoB","cspA","galR","galS","hns","rcsB","fur","cra","soxS","rcsA","fliZ","leuO","lrp","marA","ompR","evgA","bglJ","ydeO","gadW","narL","oxyR","hdfR","stpA","csgD","yjjQ","marR","glnG","ptsG","rhaR","fhlA","rhaS","pdhR","srlR","xylR","mazE","uxuR","argP","nac","gutM","mazF","adiY","flhD","flhC","zraR","dnaA","metR","cusR","putA","cadC","melR","araC","malI","idnR","pdeL","prpR","fucR","tdcA","glcC","nhaR","hyfR","yeiL","dpiA","aidB","rbsR","betI","lldR","fnr","fis","arcA","gadE","gadX","rob","soxR","mlrA","mlc","exuR","dcuR","metJ","asnC","puuR","yiaJ","yqjI","mraZ","purR","lsrR","nikR"
"1",0,NA,NA,1,NA,NA,NA,0,0,0,0,0,0,NA,0,0,0,0,NA,0,0,0,NA,0,0,NA,0,0,0,0,NA,0,0,0,NA,0,0,NA,0,0,0,NA,0,0,0,NA,0,NA,0,0,0,0,0,NA,NA,0,0,0,0,0,0,0,0,NA,0,0,0,NA,NA,NA,NA,NA,NA,NA,NA,NA,NA,NA,NA,NA,NA,NA,NA,NA,NA,NA,NA
"2",1,NA,NA,0,0,NA,NA,0,0,0,0,0,0,NA,0,0,0,0,NA,0,0,0,NA,0,0,NA,0,0,0,0,NA,0,0,0,NA,0,0,NA,0,0,0,NA,0,0,0,NA,0,NA,0,0,0,0,0,NA,NA,0,0,0,0,0,0,0,0,NA,0,0,0,NA,NA,NA,NA,NA,NA,NA,NA,NA,NA,NA,NA,NA,NA,NA,NA,NA,NA,NA,NA
"3",1,NA,1,0,0,NA,0,0,0,0,0,0,0,0,0,0,0,0,0,0,0,0,0,0,0,0,0,0,0,0,NA,0,0,0,NA,0,0,NA,0,0,0,0,0,0,0,NA,0,NA,0,0,0,0,0,NA,NA,0,0,0,0,0,0,0,0,0,0,0,0,NA,NA,NA,NA,NA,NA,NA,NA,NA,NA,NA,NA,NA,NA,NA,NA,NA,NA,NA,NA
"4",1,NA,0,NA,1,NA,0,0,0,0,0,0,0,0,0,0,0,0,0,0,0,0,0,0,0,0,0,0,0,0,NA,0,0,0,NA,0,0,NA,0,0,0,0,0,0,0,NA,0,NA,0,0,0,0,0,NA,NA,0,0,0,0,0,0,0,0,0,0,0,0,NA,NA,NA,NA,NA,NA,NA,NA,NA,NA,NA,NA,NA,NA,NA,NA,NA,NA,NA,NA
"5",1,NA,1,0,0,NA,0,0,0,0,0,0,0,0,0,0,0,0,0,0,0,0,0,0,0,0,0,0,0,0,NA,0,0,0,NA,0,0,NA,0,0,0,0,0,0,0,NA,0,NA,0,0,0,0,0,0,NA,0,0,0,0,0,0,0,0,0,0,0,0,NA,NA,NA,NA,NA,NA,NA,NA,NA,NA,NA,NA,NA,NA,NA,NA,NA,NA,NA,NA
"6",1,NA,1,0,0,NA,0,0,0,0,0,0,0,0,0,0,0,0,0,0,0,0,0,0,0,0,0,0,0,0,NA,0,0,0,0,0,0,NA,0,0,0,0,0,0,0,NA,0,NA,0,0,0,0,0,NA,NA,0,0,0,0,0,0,0,0,0,0,0,0,NA,NA,NA,NA,NA,NA,NA,NA,NA,NA,NA,NA,NA,NA,NA,NA,NA,NA,NA,NA
"7",1,NA,0,1,NA,NA,0,0,0,0,0,0,0,0,0,0,0,0,0,0,0,0,0,0,0,0,0,0,0,0,NA,0,0,0,0,0,0,NA,0,0,0,0,0,0,0,NA,0,NA,0,0,0,0,0,NA,NA,0,0,0,0,0,0,0,0,0,0,0,0,NA,NA,NA,NA,NA,NA,NA,NA,NA,NA,NA,NA,NA,NA,NA,NA,NA,NA,NA,NA
"8",1,NA,NA,NA,1,0,NA,0,0,0,0,0,0,0,0,0,0,0,NA,0,0,0,NA,0,0,NA,0,0,0,0,NA,0,0,0,0,0,0,NA,0,0,0,NA,0,0,0,NA,0,NA,0,0,0,0,0,NA,NA,0,0,0,0,0,0,0,0,NA,0,0,0,NA,NA,NA,NA,NA,NA,NA,NA,NA,NA,NA,NA,NA,NA,NA,NA,NA,NA,NA,NA
"9",1,NA,1,0,0,NA,0,0,0,0,0,0,0,0,0,0,0,0,0,0,0,0,0,0,0,0,0,0,0,0,NA,0,0,0,NA,0,0,NA,0,0,0,0,0,0,0,NA,0,0,0,0,0,0,0,NA,NA,0,0,0,0,0,0,0,0,0,0,0,0,NA,NA,NA,NA,NA,NA,NA,NA,NA,NA,NA,NA,NA,NA,NA,NA,NA,NA,NA,NA
"10",0,NA,0,1,NA,NA,0,0,0,0,0,0,0,0,0,0,0,0,0,0,0,0,0,0,0,0,0,0,0,0,NA,0,0,0,NA,0,0,NA,0,0,0,0,0,0,0,NA,0,0,0,0,0,0,0,NA,NA,0,0,0,0,0,0,0,0,0,0,0,0,NA,NA,NA,NA,NA,NA,NA,NA,NA,NA,NA,NA,NA,NA,NA,NA,NA,NA,NA,NA
"11",1,NA,0,0,0,0,0,0,0,0,0,0,0,0,0,0,0,0,0,0,0,0,0,0,0,0,0,0,0,0,NA,0,0,0,NA,0,0,NA,0,0,0,0,NA,0,0,NA,0,0,0,0,0,0,0,NA,NA,0,0,0,0,0,0,0,0,NA,0,0,0,NA,NA,NA,NA,NA,NA,NA,NA,NA,NA,NA,NA,NA,NA,NA,NA,NA,NA,NA,NA
"12",1,0,1,0,0,NA,0,0,NA,0,0,0,0,0,0,0,0,0,0,0,0,0,0,0,0,0,0,0,0,0,NA,0,0,0,NA,0,0,0,0,0,0,0,0,0,0,0,0,0,0,0,0,0,0,NA,NA,0,0,0,0,0,0,0,0,0,0,0,0,NA,NA,NA,NA,NA,NA,NA,NA,NA,NA,NA,NA,NA,NA,NA,NA,NA,NA,NA,NA
"13",1,1,NA,0,0,1,NA,0,NA,0,0,0,0,0,0,0,0,0,NA,0,0,0,NA,0,0,NA,0,0,0,0,NA,0,0,0,NA,0,0,0,0,0,0,NA,0,0,0,0,0,0,0,0,0,0,0,NA,0,0,0,0,0,0,0,0,0,NA,0,0,0,NA,NA,NA,NA,NA,NA,NA,NA,NA,NA,NA,NA,NA,NA,NA,NA,NA,NA,NA,NA
"14",1,NA,NA,0,0,NA,NA,0,0,0,0,0,0,NA,0,0,0,0,NA,0,0,0,NA,0,0,NA,0,0,0,0,NA,0,0,0,0,0,0,NA,0,0,0,NA,0,0,0,NA,0,NA,0,0,0,0,0,NA,NA,0,0,0,0,0,0,0,0,NA,0,0,0,NA,NA,NA,NA,NA,NA,NA,NA,NA,NA,NA,NA,NA,NA,NA,NA,NA,NA,NA,NA
"15",1,NA,0,NA,1,NA,0,0,0,0,0,0,0,0,0,0,0,0,0,0,0,0,0,0,0,0,0,0,0,0,NA,0,0,0,NA,0,0,NA,0,0,0,0,0,0,0,NA,0,0,0,0,0,0,0,NA,NA,0,0,0,0,0,0,0,0,0,0,0,0,NA,NA,NA,NA,NA,NA,NA,NA,NA,NA,NA,NA,NA,NA,NA,NA,NA,NA,NA,NA
"16",1,NA,NA,0,0,1,NA,0,0,0,0,0,0,0,0,0,0,0,NA,0,0,0,NA,0,0,NA,0,0,0,0,0,0,0,0,NA,0,0,NA,0,0,0,NA,0,0,0,NA,0,NA,0,0,0,0,0,NA,NA,0,0,0,0,0,0,0,0,NA,0,0,0,NA,NA,NA,NA,NA,NA,NA,NA,NA,NA,NA,NA,NA,NA,NA,NA,NA,NA,NA,NA
"17",0,0,0,1,NA,NA,0,0,NA,0,0,0,0,0,0,0,0,0,0,0,0,0,0,0,0,0,0,0,0,0,NA,0,0,0,NA,0,0,0,0,0,0,0,0,0,0,0,0,0,0,0,0,0,0,NA,NA,0,0,0,0,0,0,0,0,0,0,0,0,NA,NA,NA,NA,NA,NA,NA,NA,NA,NA,NA,NA,NA,NA,NA,NA,NA,NA,NA,NA
"18",1,NA,NA,0,0,1,NA,0,0,0,0,0,0,0,0,0,0,0,NA,0,0,0,NA,0,0,NA,0,0,0,0,NA,0,0,0,0,0,0,NA,0,0,0,NA,0,0,0,NA,0,0,0,0,0,0,0,NA,NA,0,0,0,0,0,0,0,0,NA,0,0,0,NA,NA,NA,NA,NA,NA,NA,NA,NA,NA,NA,NA,NA,NA,NA,NA,NA,NA,NA,NA
"19",1,NA,0,1,NA,NA,0,0,0,0,0,0,0,0,0,0,0,0,0,0,0,0,0,0,0,0,0,0,0,0,NA,0,0,0,0,0,0,NA,0,0,0,0,0,0,0,NA,0,0,0,0,0,0,0,NA,NA,0,0,0,0,0,0,0,0,0,0,0,0,NA,NA,NA,NA,NA,NA,NA,NA,NA,NA,NA,NA,NA,NA,NA,NA,NA,NA,NA,NA
"20",1,NA,NA,1,NA,0,NA,0,0,0,0,0,0,0,0,0,0,0,NA,0,0,0,NA,0,0,NA,0,0,0,0,NA,0,0,0,NA,0,0,NA,0,0,0,NA,0,0,0,NA,0,NA,0,0,0,0,0,0,NA,0,0,0,0,0,0,0,0,NA,0,0,0,NA,NA,NA,NA,NA,NA,NA,NA,NA,NA,NA,NA,NA,NA,NA,NA,NA,NA,NA,NA
"21",1,NA,NA,0,0,NA,NA,0,0,0,0,0,0,NA,0,0,0,0,NA,0,0,0,NA,0,0,NA,0,0,0,0,NA,0,0,0,0,0,0,NA,0,0,0,NA,0,0,0,NA,0,0,0,0,0,0,0,NA,NA,0,0,0,0,0,0,0,0,NA,0,0,0,NA,NA,NA,NA,NA,NA,NA,NA,NA,NA,NA,NA,NA,NA,NA,NA,NA,NA,NA,NA
"22",1,NA,NA,0,0,1,NA,0,0,0,0,0,0,0,0,0,0,0,NA,0,0,0,NA,0,0,NA,0,0,0,0,NA,0,0,0,0,0,0,NA,0,0,0,NA,0,0,0,NA,0,NA,0,0,0,0,0,0,NA,0,0,0,0,0,0,0,0,NA,0,0,0,NA,NA,NA,NA,NA,NA,NA,NA,NA,NA,NA,NA,NA,NA,NA,NA,NA,NA,NA,NA
"23",1,0,NA,0,0,1,NA,0,NA,0,0,0,0,0,0,0,0,0,NA,0,0,0,NA,0,0,NA,0,0,0,0,NA,0,0,0,0,0,0,0,0,0,0,NA,0,0,0,0,0,0,0,0,0,0,0,NA,NA,0,0,0,0,0,0,0,0,NA,0,0,0,NA,NA,NA,NA,NA,NA,NA,NA,NA,NA,NA,NA,NA,NA,NA,NA,NA,NA,NA,NA
"24",1,NA,NA,1,NA,0,NA,0,0,0,0,0,0,0,0,0,0,0,NA,0,0,0,NA,0,0,NA,0,0,0,0,NA,0,0,0,0,0,0,NA,0,0,0,NA,0,0,0,NA,0,NA,0,0,0,0,0,0,NA,0,0,0,0,0,0,0,0,NA,0,0,0,NA,NA,NA,NA,NA,NA,NA,NA,NA,NA,NA,NA,NA,NA,NA,NA,NA,NA,NA,NA
"25",1,0,NA,1,NA,0,NA,0,NA,0,0,0,0,0,0,0,0,0,NA,0,0,0,NA,0,0,NA,0,0,0,0,NA,0,0,0,0,0,0,0,0,0,0,NA,0,0,0,0,0,0,0,0,0,0,0,NA,NA,0,0,0,0,0,0,0,0,NA,0,0,0,NA,NA,NA,NA,NA,NA,NA,NA,NA,NA,NA,NA,NA,NA,NA,NA,NA,NA,NA,NA
"26",1,NA,NA,0,0,NA,NA,0,0,0,0,0,0,NA,0,0,0,0,NA,0,0,0,NA,0,0,NA,0,0,0,0,NA,0,0,0,NA,0,0,NA,0,0,0,NA,0,0,0,NA,0,NA,0,0,0,0,0,0,NA,0,0,0,0,0,0,0,0,NA,0,0,0,NA,NA,NA,NA,NA,NA,NA,NA,NA,NA,NA,NA,NA,NA,NA,NA,NA,NA,NA,NA
"27",1,0,0,0,0,0,0,0,NA,0,0,0,0,0,0,0,0,0,0,0,0,0,0,0,0,0,0,0,0,0,NA,0,0,0,NA,0,0,0,0,0,0,0,NA,0,0,0,0,0,0,0,0,0,0,NA,NA,0,0,0,0,0,0,0,0,NA,0,0,0,NA,NA,NA,NA,NA,NA,NA,NA,NA,NA,NA,NA,NA,NA,NA,NA,NA,NA,NA,NA
"28",0,NA,NA,1,NA,0,NA,0,0,0,0,0,0,0,0,0,0,0,NA,0,0,0,NA,0,0,NA,0,0,0,0,0,0,0,0,NA,0,0,NA,0,0,0,NA,0,0,0,NA,0,NA,0,0,0,0,0,NA,NA,0,0,0,0,0,0,0,0,NA,0,0,0,NA,NA,NA,NA,NA,NA,NA,NA,NA,NA,NA,NA,NA,NA,NA,NA,NA,NA,NA,NA
"29",1,0,NA,0,0,NA,NA,0,NA,0,0,0,0,NA,0,0,0,0,NA,0,0,0,NA,0,0,NA,0,0,0,0,NA,0,0,0,0,0,0,0,0,0,0,NA,0,0,0,0,0,0,0,0,0,0,0,NA,NA,0,0,0,0,0,0,0,0,NA,0,0,0,NA,NA,NA,NA,NA,NA,NA,NA,NA,NA,NA,NA,NA,NA,NA,NA,NA,NA,NA,NA
"30",0,1,NA,1,NA,0,NA,0,NA,0,0,0,0,0,0,0,0,0,NA,0,0,0,NA,0,0,NA,0,0,0,0,NA,0,0,0,NA,0,0,0,0,0,0,NA,0,0,0,0,0,0,0,0,0,0,0,NA,0,0,0,0,0,0,0,0,0,NA,0,0,0,NA,NA,NA,NA,NA,NA,NA,NA,NA,NA,NA,NA,NA,NA,NA,NA,NA,NA,NA,NA
"31",1,1,NA,0,0,1,NA,0,NA,0,0,0,0,0,0,0,0,0,NA,0,0,0,NA,0,0,NA,0,0,0,0,NA,0,0,0,0,0,0,0,0,0,0,NA,0,0,0,0,0,0,0,0,0,0,0,NA,0,0,0,0,0,0,0,0,0,NA,0,0,0,NA,NA,NA,NA,NA,NA,NA,NA,NA,NA,NA,NA,NA,NA,NA,NA,NA,NA,NA,NA
"32",1,1,NA,1,NA,0,NA,0,NA,0,0,0,0,0,0,0,0,0,NA,0,0,0,NA,0,0,NA,0,0,0,0,NA,0,0,0,0,0,0,0,0,0,0,NA,0,0,0,0,0,0,0,0,0,0,0,NA,0,0,0,0,0,0,0,0,0,NA,0,0,0,NA,NA,NA,NA,NA,NA,NA,NA,NA,NA,NA,NA,NA,NA,NA,NA,NA,NA,NA,NA
"33",1,1,NA,0,0,NA,NA,0,NA,0,0,0,0,NA,0,0,0,0,NA,0,0,0,NA,0,0,NA,0,0,0,0,NA,0,0,0,NA,0,0,0,0,0,0,NA,0,0,0,0,0,0,0,0,0,0,0,NA,0,0,0,0,0,0,0,0,0,NA,0,0,0,NA,NA,NA,NA,NA,NA,NA,NA,NA,NA,NA,NA,NA,NA,NA,NA,NA,NA,NA,NA
"34",1,1,NA,0,0,NA,NA,0,NA,0,0,0,0,NA,0,0,0,0,NA,0,0,0,NA,0,0,NA,0,0,0,0,NA,0,0,0,0,0,0,0,0,0,0,NA,0,0,0,0,0,0,0,0,0,0,0,NA,0,0,0,0,0,0,0,0,0,NA,0,0,0,NA,NA,NA,NA,NA,NA,NA,NA,NA,NA,NA,NA,NA,NA,NA,NA,NA,NA,NA,NA
"35",1,NA,NA,0,0,NA,NA,0,0,0,0,0,0,NA,0,0,0,0,NA,0,0,0,NA,0,0,NA,0,0,0,0,NA,0,0,0,0,0,0,NA,0,0,0,NA,0,0,0,NA,0,NA,0,0,0,0,0,0,NA,0,0,0,0,0,0,0,0,NA,0,0,0,NA,NA,NA,NA,NA,NA,NA,NA,NA,NA,NA,NA,NA,NA,NA,NA,NA,NA,NA,NA
"36",1,NA,NA,NA,1,0,NA,0,0,0,0,0,0,0,0,0,0,0,NA,0,0,0,NA,0,0,NA,0,0,0,0,NA,0,0,0,0,0,0,NA,0,0,0,NA,0,0,0,NA,0,0,0,0,0,0,0,NA,NA,0,0,0,0,0,0,0,0,NA,0,0,0,NA,NA,NA,NA,NA,NA,NA,NA,NA,NA,NA,NA,NA,NA,NA,NA,NA,NA,NA,NA
"37",1,NA,NA,0,0,1,NA,0,0,0,0,0,0,0,0,0,0,0,NA,0,0,0,NA,0,0,NA,0,0,0,0,NA,0,0,0,NA,0,0,NA,0,0,0,NA,0,0,0,NA,0,0,0,0,0,0,0,0,NA,0,0,0,0,0,0,0,0,NA,0,0,0,NA,NA,NA,NA,NA,NA,NA,NA,NA,NA,NA,NA,NA,NA,NA,NA,NA,NA,NA,NA
"38",1,0,NA,NA,1,0,NA,0,NA,0,0,0,0,0,0,0,0,0,NA,0,0,0,NA,0,0,NA,0,0,0,0,NA,0,0,0,NA,0,0,0,0,0,0,NA,0,0,0,0,0,0,0,0,0,0,0,NA,NA,0,0,0,0,0,0,0,0,NA,0,0,0,NA,NA,NA,NA,NA,NA,NA,NA,NA,NA,NA,NA,NA,NA,NA,NA,NA,NA,NA,NA
"39",1,NA,NA,1,NA,0,NA,0,0,0,0,0,0,0,0,0,0,0,NA,0,0,0,NA,0,0,NA,0,0,0,0,NA,0,0,0,NA,0,0,NA,0,0,0,NA,0,0,0,NA,0,0,0,0,0,0,0,0,NA,0,0,0,0,0,0,0,0,NA,0,0,0,NA,NA,NA,NA,NA,NA,NA,NA,NA,NA,NA,NA,NA,NA,NA,NA,NA,NA,NA,NA
"40",1,0,NA,NA,1,0,NA,0,NA,0,0,0,0,0,0,0,0,0,NA,0,0,0,NA,0,0,NA,0,0,0,0,NA,0,0,0,0,0,0,0,0,0,0,NA,0,0,0,0,0,0,0,0,0,0,0,NA,NA,0,0,0,0,0,0,0,0,NA,0,0,0,NA,NA,NA,NA,NA,NA,NA,NA,NA,NA,NA,NA,NA,NA,NA,NA,NA,NA,NA,NA
"41",1,NA,NA,0,0,1,NA,0,0,0,0,0,0,0,0,0,0,0,NA,0,0,0,NA,0,0,NA,0,0,0,0,NA,0,0,0,0,0,0,NA,0,0,0,NA,0,0,0,NA,0,0,0,0,0,0,0,0,NA,0,0,0,0,0,0,0,0,NA,0,0,0,NA,NA,NA,NA,NA,NA,NA,NA,NA,NA,NA,NA,NA,NA,NA,NA,NA,NA,NA,NA
"42",1,1,NA,NA,1,0,NA,0,NA,0,0,0,0,0,0,0,0,0,NA,0,0,0,NA,0,0,NA,0,0,0,0,NA,0,0,0,NA,0,0,0,0,0,0,NA,0,0,0,0,0,0,0,0,0,0,0,NA,0,0,0,0,0,0,0,0,0,NA,0,0,0,NA,NA,NA,NA,NA,NA,NA,NA,NA,NA,NA,NA,NA,NA,NA,NA,NA,NA,NA,NA
"43",1,NA,NA,1,NA,0,NA,0,0,0,0,0,0,0,0,0,0,0,NA,0,0,0,NA,0,0,NA,0,0,0,0,NA,0,0,0,0,0,0,NA,0,0,0,NA,0,0,0,NA,0,0,0,0,0,0,0,0,NA,0,0,0,0,0,0,0,0,NA,0,0,0,NA,NA,NA,NA,NA,NA,NA,NA,NA,NA,NA,NA,NA,NA,NA,NA,NA,NA,NA,NA
"44",1,1,NA,NA,1,0,NA,0,NA,0,0,0,0,0,0,0,0,0,NA,0,0,0,NA,0,0,NA,0,0,0,0,NA,0,0,0,0,0,0,0,0,0,0,NA,0,0,0,0,0,0,0,0,0,0,0,NA,0,0,0,0,0,0,0,0,0,NA,0,0,0,NA,NA,NA,NA,NA,NA,NA,NA,NA,NA,NA,NA,NA,NA,NA,NA,NA,NA,NA,NA
"45",1,NA,NA,0,0,NA,NA,0,0,0,0,0,0,NA,0,0,0,0,NA,0,0,0,NA,0,0,NA,0,0,0,0,NA,0,0,0,NA,0,0,NA,0,0,0,NA,0,0,0,NA,0,0,0,0,0,0,0,0,NA,0,0,0,0,0,0,0,0,NA,0,0,0,NA,NA,NA,NA,NA,NA,NA,NA,NA,NA,NA,NA,NA,NA,NA,NA,NA,NA,NA,NA
"46",1,NA,NA,0,0,1,NA,0,0,0,0,0,0,0,0,0,0,0,NA,0,0,0,NA,0,0,NA,0,0,0,0,0,0,0,0,0,0,0,NA,0,0,0,NA,0,0,0,NA,0,NA,0,0,0,0,0,NA,NA,0,0,0,0,0,0,0,0,NA,0,0,0,NA,NA,NA,NA,NA,NA,NA,NA,NA,NA,NA,NA,NA,NA,NA,NA,NA,NA,NA,NA
"47",1,NA,NA,0,0,NA,NA,0,0,0,0,0,0,NA,0,0,0,0,NA,0,0,0,NA,0,0,NA,0,0,0,0,NA,0,0,0,0,0,0,NA,0,0,0,NA,0,0,0,NA,0,0,0,0,0,0,0,0,NA,0,0,0,0,0,0,0,0,NA,0,0,0,NA,NA,NA,NA,NA,NA,NA,NA,NA,NA,NA,NA,NA,NA,NA,NA,NA,NA,NA,NA
"48",1,NA,NA,1,NA,0,NA,0,0,0,0,0,0,0,0,0,0,0,NA,0,0,0,NA,0,0,NA,0,0,0,0,0,0,0,0,0,0,0,NA,0,0,0,NA,0,0,0,NA,0,NA,0,0,0,0,0,NA,NA,0,0,0,0,0,0,0,0,NA,0,0,0,NA,NA,NA,NA,NA,NA,NA,NA,NA,NA,NA,NA,NA,NA,NA,NA,NA,NA,NA,NA
"49",1,0,NA,0,0,1,NA,0,NA,0,0,0,0,0,0,0,0,0,NA,0,0,0,NA,0,0,NA,0,0,0,0,NA,0,0,0,NA,0,0,0,0,0,0,NA,0,0,0,0,0,0,0,0,0,0,0,0,NA,0,0,0,0,0,0,0,0,NA,0,0,0,NA,NA,NA,NA,NA,NA,NA,NA,NA,NA,NA,NA,NA,NA,NA,NA,NA,NA,NA,NA
"50",1,NA,NA,0,0,NA,NA,0,0,0,0,0,0,NA,0,0,0,0,NA,0,0,0,NA,0,0,NA,0,0,0,0,0,0,0,0,NA,0,0,NA,0,0,0,NA,0,0,0,NA,0,NA,0,0,0,0,0,NA,NA,0,0,0,0,0,0,0,0,NA,0,0,0,NA,NA,NA,NA,NA,NA,NA,NA,NA,NA,NA,NA,NA,NA,NA,NA,NA,NA,NA,NA
"51",1,0,NA,1,NA,0,NA,0,NA,0,0,0,0,0,0,0,0,0,NA,0,0,0,NA,0,0,NA,0,0,0,0,NA,0,0,0,NA,0,0,0,0,0,0,NA,0,0,0,0,0,0,0,0,0,0,0,0,NA,0,0,0,0,0,0,0,0,NA,0,0,0,NA,NA,NA,NA,NA,NA,NA,NA,NA,NA,NA,NA,NA,NA,NA,NA,NA,NA,NA,NA
"52",1,NA,NA,0,0,NA,NA,0,0,0,0,0,0,NA,0,0,0,0,NA,0,0,0,NA,0,0,NA,0,0,0,0,0,0,0,0,0,0,0,NA,0,0,0,NA,0,0,0,NA,0,NA,0,0,0,0,0,NA,NA,0,0,0,0,0,0,0,0,NA,0,0,0,NA,NA,NA,NA,NA,NA,NA,NA,NA,NA,NA,NA,NA,NA,NA,NA,NA,NA,NA,NA
"53",1,0,NA,0,0,1,NA,0,NA,0,0,0,0,0,0,0,0,0,NA,0,0,0,NA,0,0,NA,0,0,0,0,NA,0,0,0,0,0,0,0,0,0,0,NA,0,0,0,0,0,0,0,0,0,0,0,0,NA,0,0,0,0,0,0,0,0,NA,0,0,0,NA,NA,NA,NA,NA,NA,NA,NA,NA,NA,NA,NA,NA,NA,NA,NA,NA,NA,NA,NA
"54",1,NA,NA,0,0,1,NA,0,0,0,0,0,0,0,0,0,0,0,NA,0,0,0,NA,0,0,NA,0,0,0,0,0,0,0,0,NA,0,0,NA,0,0,0,NA,0,0,0,NA,0,0,0,0,0,0,0,NA,NA,0,0,0,0,0,0,0,0,NA,0,0,0,NA,NA,NA,NA,NA,NA,NA,NA,NA,NA,NA,NA,NA,NA,NA,NA,NA,NA,NA,NA
"55",1,0,NA,1,NA,0,NA,0,NA,0,0,0,0,0,0,0,0,0,NA,0,0,0,NA,0,0,NA,0,0,0,0,NA,0,0,0,0,0,0,0,0,0,0,NA,0,0,0,0,0,0,0,0,0,0,0,0,NA,0,0,0,0,0,0,0,0,NA,0,0,0,NA,NA,NA,NA,NA,NA,NA,NA,NA,NA,NA,NA,NA,NA,NA,NA,NA,NA,NA,NA
"56",0,NA,NA,1,NA,0,NA,0,0,0,0,0,0,0,0,0,0,0,NA,0,0,0,NA,0,0,NA,0,0,0,0,0,0,0,0,NA,0,0,NA,0,0,0,NA,0,0,0,NA,0,0,0,0,0,0,0,NA,NA,0,0,0,0,0,0,0,0,NA,0,0,0,NA,NA,NA,NA,NA,NA,NA,NA,NA,NA,NA,NA,NA,NA,NA,NA,NA,NA,NA,NA
"57",1,0,NA,0,0,NA,NA,0,NA,0,0,0,0,NA,0,0,0,0,NA,0,0,0,NA,0,0,NA,0,0,0,0,NA,0,0,0,NA,0,0,0,0,0,0,NA,0,0,0,0,0,0,0,0,0,0,0,0,NA,0,0,0,0,0,0,0,0,NA,0,0,0,NA,NA,NA,NA,NA,NA,NA,NA,NA,NA,NA,NA,NA,NA,NA,NA,NA,NA,NA,NA
"58",1,NA,NA,0,0,1,NA,0,0,0,0,0,0,0,0,0,0,0,NA,0,0,0,NA,0,0,NA,0,0,0,0,0,0,0,0,0,0,0,NA,0,0,0,NA,0,0,0,NA,0,0,0,0,0,0,0,NA,NA,0,0,0,0,0,0,0,0,NA,0,0,0,NA,NA,NA,NA,NA,NA,NA,NA,NA,NA,NA,NA,NA,NA,NA,NA,NA,NA,NA,NA
"59",1,0,NA,0,0,NA,NA,0,NA,0,0,0,0,NA,0,0,0,0,NA,0,0,0,NA,0,0,NA,0,0,0,0,NA,0,0,0,0,0,0,0,0,0,0,NA,0,0,0,0,0,0,0,0,0,0,0,0,NA,0,0,0,0,0,0,0,0,NA,0,0,0,NA,NA,NA,NA,NA,NA,NA,NA,NA,NA,NA,NA,NA,NA,NA,NA,NA,NA,NA,NA
"60",1,NA,NA,1,NA,0,NA,0,0,0,0,0,0,0,0,0,0,0,NA,0,0,0,NA,0,0,NA,0,0,0,0,0,0,0,0,0,0,0,NA,0,0,0,NA,0,0,0,NA,0,0,0,0,0,0,0,NA,NA,0,0,0,0,0,0,0,0,NA,0,0,0,NA,NA,NA,NA,NA,NA,NA,NA,NA,NA,NA,NA,NA,NA,NA,NA,NA,NA,NA,NA
"61",1,1,NA,0,0,1,NA,0,NA,0,0,0,0,0,0,0,0,0,NA,0,0,0,NA,0,0,NA,0,0,0,0,NA,0,0,0,NA,0,0,0,0,0,0,NA,0,0,0,0,0,0,0,0,0,0,0,0,0,0,0,0,0,0,0,0,0,NA,0,0,0,NA,NA,NA,NA,NA,NA,NA,NA,NA,NA,NA,NA,NA,NA,NA,NA,NA,NA,NA,NA
"62",1,NA,NA,0,0,NA,NA,0,0,0,0,0,0,NA,0,0,0,0,NA,0,0,0,NA,0,0,NA,0,0,0,0,0,0,0,0,NA,0,0,NA,0,0,0,NA,0,0,0,NA,0,0,0,0,0,0,0,NA,NA,0,0,0,0,0,0,0,0,NA,0,0,0,NA,NA,NA,NA,NA,NA,NA,NA,NA,NA,NA,NA,NA,NA,NA,NA,NA,NA,NA,NA
"63",1,1,NA,1,NA,0,NA,0,NA,0,0,0,0,0,0,0,0,0,NA,0,0,0,NA,0,0,NA,0,0,0,0,NA,0,0,0,NA,0,0,0,0,0,0,NA,0,0,0,0,0,0,0,0,0,0,0,0,0,0,0,0,0,0,0,0,0,NA,0,0,0,NA,NA,NA,NA,NA,NA,NA,NA,NA,NA,NA,NA,NA,NA,NA,NA,NA,NA,NA,NA
"64",1,NA,NA,0,0,NA,NA,0,0,0,0,0,0,NA,0,0,0,0,NA,0,0,0,NA,0,0,NA,0,0,0,0,0,0,0,0,0,0,0,NA,0,0,0,NA,0,0,0,NA,0,0,0,0,0,0,0,NA,NA,0,0,0,0,0,0,0,0,NA,0,0,0,NA,NA,NA,NA,NA,NA,NA,NA,NA,NA,NA,NA,NA,NA,NA,NA,NA,NA,NA,NA
"65",1,1,NA,0,0,1,NA,0,NA,0,0,0,0,0,0,0,0,0,NA,0,0,0,NA,0,0,NA,0,0,0,0,NA,0,0,0,0,0,0,0,0,0,0,NA,0,0,0,0,0,0,0,0,0,0,0,0,0,0,0,0,0,0,0,0,0,NA,0,0,0,NA,NA,NA,NA,NA,NA,NA,NA,NA,NA,NA,NA,NA,NA,NA,NA,NA,NA,NA,NA
"66",1,0,NA,0,0,1,NA,0,NA,0,0,0,0,0,0,0,0,0,NA,0,0,0,NA,0,0,NA,0,0,0,0,0,0,0,0,NA,0,0,0,0,0,0,NA,0,0,0,0,0,0,0,0,0,0,0,NA,NA,0,0,0,0,0,0,0,0,NA,0,0,0,NA,NA,NA,NA,NA,NA,NA,NA,NA,NA,NA,NA,NA,NA,NA,NA,NA,NA,NA,NA
"67",1,1,NA,1,NA,0,NA,0,NA,0,0,0,0,0,0,0,0,0,NA,0,0,0,NA,0,0,NA,0,0,0,0,NA,0,0,0,0,0,0,0,0,0,0,NA,0,0,0,0,0,0,0,0,0,0,0,0,0,0,0,0,0,0,0,0,0,NA,0,0,0,NA,NA,NA,NA,NA,NA,NA,NA,NA,NA,NA,NA,NA,NA,NA,NA,NA,NA,NA,NA
"68",0,0,NA,1,NA,0,NA,0,NA,0,0,0,0,0,0,0,0,0,NA,0,0,0,NA,0,0,NA,0,0,0,0,0,0,0,0,NA,0,0,0,0,0,0,NA,0,0,0,0,0,0,0,0,0,0,0,NA,NA,0,0,0,0,0,0,0,0,NA,0,0,0,NA,NA,NA,NA,NA,NA,NA,NA,NA,NA,NA,NA,NA,NA,NA,NA,NA,NA,NA,NA
"69",1,1,NA,0,0,NA,NA,0,NA,0,0,0,0,NA,0,0,0,0,NA,0,0,0,NA,0,0,NA,0,0,0,0,NA,0,0,0,NA,0,0,0,0,0,0,NA,0,0,0,0,0,0,0,0,0,0,0,0,0,0,0,0,0,0,0,0,0,NA,0,0,0,NA,NA,NA,NA,NA,NA,NA,NA,NA,NA,NA,NA,NA,NA,NA,NA,NA,NA,NA,NA
"70",1,0,NA,0,0,1,NA,0,NA,0,0,0,0,0,0,0,0,0,NA,0,0,0,NA,0,0,NA,0,0,0,0,0,0,0,0,0,0,0,0,0,0,0,NA,0,0,0,0,0,0,0,0,0,0,0,NA,NA,0,0,0,0,0,0,0,0,NA,0,0,0,NA,NA,NA,NA,NA,NA,NA,NA,NA,NA,NA,NA,NA,NA,NA,NA,NA,NA,NA,NA
"71",1,1,NA,0,0,NA,NA,0,NA,0,0,0,0,NA,0,0,0,0,NA,0,0,0,NA,0,0,NA,0,0,0,0,NA,0,0,0,0,0,0,0,0,0,0,NA,0,0,0,0,0,0,0,0,0,0,0,0,0,0,0,0,0,0,0,0,0,NA,0,0,0,NA,NA,NA,NA,NA,NA,NA,NA,NA,NA,NA,NA,NA,NA,NA,NA,NA,NA,NA,NA
"72",1,0,NA,1,NA,0,NA,0,NA,0,0,0,0,0,0,0,0,0,NA,0,0,0,NA,0,0,NA,0,0,0,0,0,0,0,0,0,0,0,0,0,0,0,NA,0,0,0,0,0,0,0,0,0,0,0,NA,NA,0,0,0,0,0,0,0,0,NA,0,0,0,NA,NA,NA,NA,NA,NA,NA,NA,NA,NA,NA,NA,NA,NA,NA,NA,NA,NA,NA,NA
"73",1,0,NA,0,0,NA,NA,0,NA,0,0,0,0,NA,0,0,0,0,NA,0,0,0,NA,0,0,NA,0,0,0,0,0,0,0,0,NA,0,0,0,0,0,0,NA,0,0,0,0,0,0,0,0,0,0,0,NA,NA,0,0,0,0,0,0,0,0,NA,0,0,0,NA,NA,NA,NA,NA,NA,NA,NA,NA,NA,NA,NA,NA,NA,NA,NA,NA,NA,NA,NA
"74",1,0,NA,0,0,NA,NA,0,NA,0,0,0,0,NA,0,0,0,0,NA,0,0,0,NA,0,0,NA,0,0,0,0,0,0,0,0,0,0,0,0,0,0,0,NA,0,0,0,0,0,0,0,0,0,0,0,NA,NA,0,0,0,0,0,0,0,0,NA,0,0,0,NA,NA,NA,NA,NA,NA,NA,NA,NA,NA,NA,NA,NA,NA,NA,NA,NA,NA,NA,NA
"75",1,1,NA,0,0,1,NA,0,NA,0,0,0,0,0,0,0,0,0,NA,0,0,0,NA,0,0,NA,0,0,0,0,0,0,0,0,NA,0,0,0,0,0,0,NA,0,0,0,0,0,0,0,0,0,0,0,NA,0,0,0,0,0,0,0,0,0,NA,0,0,0,NA,NA,NA,NA,NA,NA,NA,NA,NA,NA,NA,NA,NA,NA,NA,NA,NA,NA,NA,NA
"76",0,1,0,1,NA,NA,0,0,NA,0,0,0,0,0,0,0,0,0,0,0,0,0,0,0,0,0,0,0,0,0,0,0,0,0,NA,0,0,0,0,0,0,0,0,0,0,0,0,0,0,0,0,0,0,NA,0,0,0,0,0,0,0,0,0,0,0,0,0,NA,NA,NA,NA,NA,NA,NA,NA,NA,NA,NA,NA,NA,NA,NA,NA,NA,NA,NA,NA
"77",1,1,NA,0,0,1,NA,0,NA,0,0,0,0,0,0,0,0,0,NA,0,0,0,NA,0,0,NA,0,0,0,0,0,0,0,0,0,0,0,0,0,0,0,NA,0,0,0,0,0,0,0,0,0,0,0,NA,0,0,0,0,0,0,0,0,0,NA,0,0,0,NA,NA,NA,NA,NA,NA,NA,NA,NA,NA,NA,NA,NA,NA,NA,NA,NA,NA,NA,NA
"78",1,1,NA,1,NA,0,NA,0,NA,0,0,0,0,0,0,0,0,0,NA,0,0,0,NA,0,0,NA,0,0,0,0,0,0,0,0,0,0,0,0,0,0,0,NA,0,0,0,0,0,0,0,0,0,0,0,NA,0,0,0,0,0,0,0,0,0,NA,0,0,0,NA,NA,NA,NA,NA,NA,NA,NA,NA,NA,NA,NA,NA,NA,NA,NA,NA,NA,NA,NA
"79",1,1,NA,0,0,NA,NA,0,NA,0,0,0,0,NA,0,0,0,0,NA,0,0,0,NA,0,0,NA,0,0,0,0,0,0,0,0,NA,0,0,0,0,0,0,NA,0,0,0,0,0,0,0,0,0,0,0,NA,0,0,0,0,0,0,0,0,0,NA,0,0,0,NA,NA,NA,NA,NA,NA,NA,NA,NA,NA,NA,NA,NA,NA,NA,NA,NA,NA,NA,NA
"80",1,1,NA,0,0,NA,NA,0,NA,0,0,0,0,NA,0,0,0,0,NA,0,0,0,NA,0,0,NA,0,0,0,0,0,0,0,0,0,0,0,0,0,0,0,NA,0,0,0,0,0,0,0,0,0,0,0,NA,0,0,0,0,0,0,0,0,0,NA,0,0,0,NA,NA,NA,NA,NA,NA,NA,NA,NA,NA,NA,NA,NA,NA,NA,NA,NA,NA,NA,NA
"81",1,NA,NA,0,0,1,NA,0,0,0,0,0,0,0,0,0,0,0,NA,0,0,0,NA,0,0,NA,0,0,0,0,0,0,0,0,NA,0,0,NA,0,0,0,NA,0,0,0,NA,0,NA,0,0,0,0,0,0,NA,0,0,0,0,0,0,0,0,NA,0,0,0,NA,NA,NA,NA,NA,NA,NA,NA,NA,NA,NA,NA,NA,NA,NA,NA,NA,NA,NA,NA
"82",1,NA,NA,NA,1,0,NA,0,0,0,0,0,0,0,0,0,0,0,NA,0,0,0,NA,0,0,NA,0,0,0,0,0,0,0,0,NA,0,0,NA,0,0,0,NA,0,0,0,NA,0,NA,0,0,0,0,0,NA,NA,0,0,0,0,0,0,0,0,NA,0,0,0,NA,NA,NA,NA,NA,NA,NA,NA,NA,NA,NA,NA,NA,NA,NA,NA,NA,NA,NA,NA
"83",1,NA,NA,1,NA,0,NA,0,0,0,0,0,0,0,0,0,0,0,NA,0,0,0,NA,0,0,NA,0,0,0,0,0,0,0,0,NA,0,0,NA,0,0,0,NA,0,0,0,NA,0,NA,0,0,0,0,0,0,NA,0,0,0,0,0,0,0,0,NA,0,0,0,NA,NA,NA,NA,NA,NA,NA,NA,NA,NA,NA,NA,NA,NA,NA,NA,NA,NA,NA,NA
"84",1,NA,NA,NA,1,0,NA,0,0,0,0,0,0,0,0,0,0,0,NA,0,0,0,NA,0,0,NA,0,0,0,0,0,0,0,0,0,0,0,NA,0,0,0,NA,0,0,0,NA,0,NA,0,0,0,0,0,NA,NA,0,0,0,0,0,0,0,0,NA,0,0,0,NA,NA,NA,NA,NA,NA,NA,NA,NA,NA,NA,NA,NA,NA,NA,NA,NA,NA,NA,NA
"85",1,NA,NA,0,0,1,NA,0,0,0,0,0,0,0,0,0,0,0,NA,0,0,0,NA,0,0,NA,0,0,0,0,0,0,0,0,0,0,0,NA,0,0,0,NA,0,0,0,NA,0,NA,0,0,0,0,0,0,NA,0,0,0,0,0,0,0,0,NA,0,0,0,NA,NA,NA,NA,NA,NA,NA,NA,NA,NA,NA,NA,NA,NA,NA,NA,NA,NA,NA,NA
"86",1,NA,NA,NA,1,0,NA,0,0,0,0,0,0,0,0,0,0,0,NA,0,0,0,NA,0,0,NA,0,0,0,0,0,0,0,0,NA,0,0,NA,0,0,0,NA,0,0,0,NA,0,0,0,0,0,0,0,NA,NA,0,0,0,0,0,0,0,0,NA,0,0,0,NA,NA,NA,NA,NA,NA,NA,NA,NA,NA,NA,NA,NA,NA,NA,NA,NA,NA,NA,NA
"87",1,NA,NA,1,NA,0,NA,0,0,0,0,0,0,0,0,0,0,0,NA,0,0,0,NA,0,0,NA,0,0,0,0,0,0,0,0,0,0,0,NA,0,0,0,NA,0,0,0,NA,0,NA,0,0,0,0,0,0,NA,0,0,0,0,0,0,0,0,NA,0,0,0,NA,NA,NA,NA,NA,NA,NA,NA,NA,NA,NA,NA,NA,NA,NA,NA,NA,NA,NA,NA
"88",1,NA,NA,NA,1,0,NA,0,0,0,0,0,0,0,0,0,0,0,NA,0,0,0,NA,0,0,NA,0,0,0,0,0,0,0,0,0,0,0,NA,0,0,0,NA,0,0,0,NA,0,0,0,0,0,0,0,NA,NA,0,0,0,0,0,0,0,0,NA,0,0,0,NA,NA,NA,NA,NA,NA,NA,NA,NA,NA,NA,NA,NA,NA,NA,NA,NA,NA,NA,NA
"89",1,NA,NA,0,0,NA,NA,0,0,0,0,0,0,NA,0,0,0,0,NA,0,0,0,NA,0,0,NA,0,0,0,0,0,0,0,0,NA,0,0,NA,0,0,0,NA,0,0,0,NA,0,NA,0,0,0,0,0,0,NA,0,0,0,0,0,0,0,0,NA,0,0,0,NA,NA,NA,NA,NA,NA,NA,NA,NA,NA,NA,NA,NA,NA,NA,NA,NA,NA,NA,NA
"90",1,0,NA,NA,1,0,NA,0,NA,0,0,0,0,0,0,0,0,0,NA,0,0,0,NA,0,0,NA,0,0,0,0,0,0,0,0,NA,0,0,0,0,0,0,NA,0,0,0,0,0,0,0,0,0,0,0,NA,NA,0,0,0,0,0,0,0,0,NA,0,0,0,NA,NA,NA,NA,NA,NA,NA,NA,NA,NA,NA,NA,NA,NA,NA,NA,NA,NA,NA,NA
"91",1,NA,NA,0,0,NA,NA,0,0,0,0,0,0,NA,0,0,0,0,NA,0,0,0,NA,0,0,NA,0,0,0,0,0,0,0,0,0,0,0,NA,0,0,0,NA,0,0,0,NA,0,NA,0,0,0,0,0,0,NA,0,0,0,0,0,0,0,0,NA,0,0,0,NA,NA,NA,NA,NA,NA,NA,NA,NA,NA,NA,NA,NA,NA,NA,NA,NA,NA,NA,NA
"92",1,0,NA,NA,1,0,NA,0,NA,0,0,0,0,0,0,0,0,0,NA,0,0,0,NA,0,0,NA,0,0,0,0,0,0,0,0,0,0,0,0,0,0,0,NA,0,0,0,0,0,0,0,0,0,0,0,NA,NA,0,0,0,0,0,0,0,0,NA,0,0,0,NA,NA,NA,NA,NA,NA,NA,NA,NA,NA,NA,NA,NA,NA,NA,NA,NA,NA,NA,NA
"93",1,NA,NA,0,0,1,NA,0,0,0,0,0,0,0,0,0,0,0,NA,0,0,0,NA,0,0,NA,0,0,0,0,0,0,0,0,NA,0,0,NA,0,0,0,NA,0,0,0,NA,0,0,0,0,0,0,0,0,NA,0,0,0,0,0,0,0,0,NA,0,0,0,NA,NA,NA,NA,NA,NA,NA,NA,NA,NA,NA,NA,NA,NA,NA,NA,NA,NA,NA,NA
"94",1,1,NA,NA,1,0,NA,0,NA,0,0,0,0,0,0,0,0,0,NA,0,0,0,NA,0,0,NA,0,0,0,0,0,0,0,0,NA,0,0,0,0,0,0,NA,0,0,0,0,0,0,0,0,0,0,0,NA,0,0,0,0,0,0,0,0,0,NA,0,0,0,NA,NA,NA,NA,NA,NA,NA,NA,NA,NA,NA,NA,NA,NA,NA,NA,NA,NA,NA,NA
"95",1,NA,NA,1,NA,0,NA,0,0,0,0,0,0,0,0,0,0,0,NA,0,0,0,NA,0,0,NA,0,0,0,0,0,0,0,0,NA,0,0,NA,0,0,0,NA,0,0,0,NA,0,0,0,0,0,0,0,0,NA,0,0,0,0,0,0,0,0,NA,0,0,0,NA,NA,NA,NA,NA,NA,NA,NA,NA,NA,NA,NA,NA,NA,NA,NA,NA,NA,NA,NA
"96",1,1,NA,NA,1,0,NA,0,NA,0,0,0,0,0,0,0,0,0,NA,0,0,0,NA,0,0,NA,0,0,0,0,0,0,0,0,0,0,0,0,0,0,0,NA,0,0,0,0,0,0,0,0,0,0,0,NA,0,0,0,0,0,0,0,0,0,NA,0,0,0,NA,NA,NA,NA,NA,NA,NA,NA,NA,NA,NA,NA,NA,NA,NA,NA,NA,NA,NA,NA
"97",1,NA,NA,0,0,1,NA,0,0,0,0,0,0,0,0,0,0,0,NA,0,0,0,NA,0,0,NA,0,0,0,0,0,0,0,0,0,0,0,NA,0,0,0,NA,0,0,0,NA,0,0,0,0,0,0,0,0,NA,0,0,0,0,0,0,0,0,NA,0,0,0,NA,NA,NA,NA,NA,NA,NA,NA,NA,NA,NA,NA,NA,NA,NA,NA,NA,NA,NA,NA
"98",1,NA,NA,1,NA,0,NA,0,0,0,0,0,0,0,0,0,0,0,NA,0,0,0,NA,0,0,NA,0,0,0,0,0,0,0,0,0,0,0,NA,0,0,0,NA,0,0,0,NA,0,0,0,0,0,0,0,0,NA,0,0,0,0,0,0,0,0,NA,0,0,0,NA,NA,NA,NA,NA,NA,NA,NA,NA,NA,NA,NA,NA,NA,NA,NA,NA,NA,NA,NA
"99",1,NA,NA,NA,1,0,NA,0,0,0,0,0,0,0,0,0,0,0,NA,0,0,0,NA,0,0,NA,0,0,0,0,NA,0,0,0,NA,0,0,NA,0,0,0,NA,0,0,0,NA,0,NA,0,0,0,0,0,0,NA,0,0,0,0,0,0,0,0,NA,0,0,0,NA,NA,NA,NA,NA,NA,NA,NA,NA,NA,NA,NA,NA,NA,NA,NA,NA,NA,NA,NA
"100",1,NA,NA,0,0,NA,NA,0,0,0,0,0,0,NA,0,0,0,0,NA,0,0,0,NA,0,0,NA,0,0,0,0,0,0,0,0,NA,0,0,NA,0,0,0,NA,0,0,0,NA,0,0,0,0,0,0,0,0,NA,0,0,0,0,0,0,0,0,NA,0,0,0,NA,NA,NA,NA,NA,NA,NA,NA,NA,NA,NA,NA,NA,NA,NA,NA,NA,NA,NA,NA
"101",1,NA,NA,NA,1,0,NA,0,0,0,0,0,0,0,0,0,0,0,NA,0,0,0,NA,0,0,NA,0,0,0,0,NA,0,0,0,0,0,0,NA,0,0,0,NA,0,0,0,NA,0,NA,0,0,0,0,0,0,NA,0,0,0,0,0,0,0,0,NA,0,0,0,NA,NA,NA,NA,NA,NA,NA,NA,NA,NA,NA,NA,NA,NA,NA,NA,NA,NA,NA,NA
"102",1,NA,NA,0,0,NA,NA,0,0,0,0,0,0,NA,0,0,0,0,NA,0,0,0,NA,0,0,NA,0,0,0,0,0,0,0,0,0,0,0,NA,0,0,0,NA,0,0,0,NA,0,0,0,0,0,0,0,0,NA,0,0,0,0,0,0,0,0,NA,0,0,0,NA,NA,NA,NA,NA,NA,NA,NA,NA,NA,NA,NA,NA,NA,NA,NA,NA,NA,NA,NA
"103",1,NA,NA,NA,1,0,NA,0,0,0,0,0,0,0,0,0,0,0,NA,0,0,0,NA,0,0,NA,0,0,0,0,NA,0,0,0,NA,0,0,NA,0,0,0,NA,0,0,0,NA,0,0,0,0,0,0,0,0,NA,0,0,0,0,0,0,0,0,NA,0,0,0,NA,NA,NA,NA,NA,NA,NA,NA,NA,NA,NA,NA,NA,NA,NA,NA,NA,NA,NA,NA
"104",1,0,NA,0,0,1,NA,0,NA,0,0,0,0,0,0,0,0,0,NA,0,0,0,NA,0,0,NA,0,0,0,0,0,0,0,0,NA,0,0,0,0,0,0,NA,0,0,0,0,0,0,0,0,0,0,0,0,NA,0,0,0,0,0,0,0,0,NA,0,0,0,NA,NA,NA,NA,NA,NA,NA,NA,NA,NA,NA,NA,NA,NA,NA,NA,NA,NA,NA,NA
"105",1,NA,NA,NA,1,0,NA,0,0,0,0,0,0,0,0,0,0,0,NA,0,0,0,NA,0,0,NA,0,0,0,0,NA,0,0,0,0,0,0,NA,0,0,0,NA,0,0,0,NA,0,0,0,0,0,0,0,0,NA,0,0,0,0,0,0,0,0,NA,0,0,0,NA,NA,NA,NA,NA,NA,NA,NA,NA,NA,NA,NA,NA,NA,NA,NA,NA,NA,NA,NA
"106",1,0,NA,1,NA,0,NA,0,NA,0,0,0,0,0,0,0,0,0,NA,0,0,0,NA,0,0,NA,0,0,0,0,0,0,0,0,NA,0,0,0,0,0,0,NA,0,0,0,0,0,0,0,0,0,0,0,0,NA,0,0,0,0,0,0,0,0,NA,0,0,0,NA,NA,NA,NA,NA,NA,NA,NA,NA,NA,NA,NA,NA,NA,NA,NA,NA,NA,NA,NA
"107",1,0,NA,NA,1,0,NA,0,NA,0,0,0,0,0,0,0,0,0,NA,0,0,0,NA,0,0,NA,0,0,0,0,NA,0,0,0,NA,0,0,0,0,0,0,NA,0,0,0,0,0,0,0,0,0,0,0,0,NA,0,0,0,0,0,0,0,0,NA,0,0,0,NA,NA,NA,NA,NA,NA,NA,NA,NA,NA,NA,NA,NA,NA,NA,NA,NA,NA,NA,NA
"108",1,0,NA,0,0,1,NA,0,NA,0,0,0,0,0,0,0,0,0,NA,0,0,0,NA,0,0,NA,0,0,0,0,0,0,0,0,0,0,0,0,0,0,0,NA,0,0,0,0,0,0,0,0,0,0,0,0,NA,0,0,0,0,0,0,0,0,NA,0,0,0,NA,NA,NA,NA,NA,NA,NA,NA,NA,NA,NA,NA,NA,NA,NA,NA,NA,NA,NA,NA
"109",1,0,NA,NA,1,0,NA,0,NA,0,0,0,0,0,0,0,0,0,NA,0,0,0,NA,0,0,NA,0,0,0,0,NA,0,0,0,0,0,0,0,0,0,0,NA,0,0,0,0,0,0,0,0,0,0,0,0,NA,0,0,0,0,0,0,0,0,NA,0,0,0,NA,NA,NA,NA,NA,NA,NA,NA,NA,NA,NA,NA,NA,NA,NA,NA,NA,NA,NA,NA
"110",1,0,NA,1,NA,0,NA,0,NA,0,0,0,0,0,0,0,0,0,NA,0,0,0,NA,0,0,NA,0,0,0,0,0,0,0,0,0,0,0,0,0,0,0,NA,0,0,0,0,0,0,0,0,0,0,0,0,NA,0,0,0,0,0,0,0,0,NA,0,0,0,NA,NA,NA,NA,NA,NA,NA,NA,NA,NA,NA,NA,NA,NA,NA,NA,NA,NA,NA,NA
"111",1,1,NA,NA,1,0,NA,0,NA,0,0,0,0,0,0,0,0,0,NA,0,0,0,NA,0,0,NA,0,0,0,0,NA,0,0,0,NA,0,0,0,0,0,0,NA,0,0,0,0,0,0,0,0,0,0,0,0,0,0,0,0,0,0,0,0,0,NA,0,0,0,NA,NA,NA,NA,NA,NA,NA,NA,NA,NA,NA,NA,NA,NA,NA,NA,NA,NA,NA,NA
"112",1,0,NA,0,0,NA,NA,0,NA,0,0,0,0,NA,0,0,0,0,NA,0,0,0,NA,0,0,NA,0,0,0,0,0,0,0,0,NA,0,0,0,0,0,0,NA,0,0,0,0,0,0,0,0,0,0,0,0,NA,0,0,0,0,0,0,0,0,NA,0,0,0,NA,NA,NA,NA,NA,NA,NA,NA,NA,NA,NA,NA,NA,NA,NA,NA,NA,NA,NA,NA
"113",1,1,NA,NA,1,0,NA,0,NA,0,0,0,0,0,0,0,0,0,NA,0,0,0,NA,0,0,NA,0,0,0,0,NA,0,0,0,0,0,0,0,0,0,0,NA,0,0,0,0,0,0,0,0,0,0,0,0,0,0,0,0,0,0,0,0,0,NA,0,0,0,NA,NA,NA,NA,NA,NA,NA,NA,NA,NA,NA,NA,NA,NA,NA,NA,NA,NA,NA,NA
"114",1,0,NA,0,0,NA,NA,0,NA,0,0,0,0,NA,0,0,0,0,NA,0,0,0,NA,0,0,NA,0,0,0,0,0,0,0,0,0,0,0,0,0,0,0,NA,0,0,0,0,0,0,0,0,0,0,0,0,NA,0,0,0,0,0,0,0,0,NA,0,0,0,NA,NA,NA,NA,NA,NA,NA,NA,NA,NA,NA,NA,NA,NA,NA,NA,NA,NA,NA,NA
"115",1,1,NA,0,0,1,NA,0,NA,0,0,0,0,0,0,0,0,0,NA,0,0,0,NA,0,0,NA,0,0,0,0,0,0,0,0,NA,0,0,0,0,0,0,NA,0,0,0,0,0,0,0,0,0,0,0,0,0,0,0,0,0,0,0,0,0,NA,0,0,0,NA,NA,NA,NA,NA,NA,NA,NA,NA,NA,NA,NA,NA,NA,NA,NA,NA,NA,NA,NA
"116",1,1,NA,1,NA,0,NA,0,NA,0,0,0,0,0,0,0,0,0,NA,0,0,0,NA,0,0,NA,0,0,0,0,0,0,0,0,NA,0,0,0,0,0,0,NA,0,0,0,0,0,0,0,0,0,0,0,0,0,0,0,0,0,0,0,0,0,NA,0,0,0,NA,NA,NA,NA,NA,NA,NA,NA,NA,NA,NA,NA,NA,NA,NA,NA,NA,NA,NA,NA
"117",1,1,NA,0,0,1,NA,0,NA,0,0,0,0,0,0,0,0,0,NA,0,0,0,NA,0,0,NA,0,0,0,0,0,0,0,0,0,0,0,0,0,0,0,NA,0,0,0,0,0,0,0,0,0,0,0,0,0,0,0,0,0,0,0,0,0,NA,0,0,0,NA,NA,NA,NA,NA,NA,NA,NA,NA,NA,NA,NA,NA,NA,NA,NA,NA,NA,NA,NA
"118",1,1,NA,1,NA,0,NA,0,NA,0,0,0,0,0,0,0,0,0,NA,0,0,0,NA,0,0,NA,0,0,0,0,0,0,0,0,0,0,0,0,0,0,0,NA,0,0,0,0,0,0,0,0,0,0,0,0,0,0,0,0,0,0,0,0,0,NA,0,0,0,NA,NA,NA,NA,NA,NA,NA,NA,NA,NA,NA,NA,NA,NA,NA,NA,NA,NA,NA,NA
"119",1,1,NA,0,0,NA,NA,0,NA,0,0,0,0,NA,0,0,0,0,NA,0,0,0,NA,0,0,NA,0,0,0,0,0,0,0,0,NA,0,0,0,0,0,0,NA,0,0,0,0,0,0,0,0,0,0,0,0,0,0,0,0,0,0,0,0,0,NA,0,0,0,NA,NA,NA,NA,NA,NA,NA,NA,NA,NA,NA,NA,NA,NA,NA,NA,NA,NA,NA,NA
"120",1,1,NA,0,0,NA,NA,0,NA,0,0,0,0,NA,0,0,0,0,NA,0,0,0,NA,0,0,NA,0,0,0,0,0,0,0,0,0,0,0,0,0,0,0,NA,0,0,0,0,0,0,0,0,0,0,0,0,0,0,0,0,0,0,0,0,0,NA,0,0,0,NA,NA,NA,NA,NA,NA,NA,NA,NA,NA,NA,NA,NA,NA,NA,NA,NA,NA,NA,NA
"121",1,NA,NA,NA,1,0,NA,0,0,0,0,0,0,0,0,0,0,0,NA,0,0,0,NA,0,0,NA,0,0,0,0,0,0,0,0,NA,0,0,NA,0,0,0,NA,0,0,0,NA,0,NA,0,0,0,0,0,0,NA,0,0,0,0,0,0,0,0,NA,0,0,0,NA,NA,NA,NA,NA,NA,NA,NA,NA,NA,NA,NA,NA,NA,NA,NA,NA,NA,NA,NA
"122",1,NA,NA,NA,1,0,NA,0,0,0,0,0,0,0,0,0,0,0,NA,0,0,0,NA,0,0,NA,0,0,0,0,0,0,0,0,0,0,0,NA,0,0,0,NA,0,0,0,NA,0,NA,0,0,0,0,0,0,NA,0,0,0,0,0,0,0,0,NA,0,0,0,NA,NA,NA,NA,NA,NA,NA,NA,NA,NA,NA,NA,NA,NA,NA,NA,NA,NA,NA,NA
"123",1,NA,NA,NA,1,0,NA,0,0,0,0,0,0,0,0,0,0,0,NA,0,0,0,NA,0,0,NA,0,0,0,0,0,0,0,0,NA,0,0,NA,0,0,0,NA,0,0,0,NA,0,0,0,0,0,0,0,0,NA,0,0,0,0,0,0,0,0,NA,0,0,0,NA,NA,NA,NA,NA,NA,NA,NA,NA,NA,NA,NA,NA,NA,NA,NA,NA,NA,NA,NA
"124",1,NA,NA,NA,1,0,NA,0,0,0,0,0,0,0,0,0,0,0,NA,0,0,0,NA,0,0,NA,0,0,0,0,0,0,0,0,0,0,0,NA,0,0,0,NA,0,0,0,NA,0,0,0,0,0,0,0,0,NA,0,0,0,0,0,0,0,0,NA,0,0,0,NA,NA,NA,NA,NA,NA,NA,NA,NA,NA,NA,NA,NA,NA,NA,NA,NA,NA,NA,NA
"125",1,0,NA,NA,1,0,NA,0,NA,0,0,0,0,0,0,0,0,0,NA,0,0,0,NA,0,0,NA,0,0,0,0,0,0,0,0,NA,0,0,0,0,0,0,NA,0,0,0,0,0,0,0,0,0,0,0,0,NA,0,0,0,0,0,0,0,0,NA,0,0,0,NA,NA,NA,NA,NA,NA,NA,NA,NA,NA,NA,NA,NA,NA,NA,NA,NA,NA,NA,NA
"126",1,0,NA,NA,1,0,NA,0,NA,0,0,0,0,0,0,0,0,0,NA,0,0,0,NA,0,0,NA,0,0,0,0,0,0,0,0,0,0,0,0,0,0,0,NA,0,0,0,0,0,0,0,0,0,0,0,0,NA,0,0,0,0,0,0,0,0,NA,0,0,0,NA,NA,NA,NA,NA,NA,NA,NA,NA,NA,NA,NA,NA,NA,NA,NA,NA,NA,NA,NA
"127",1,1,NA,NA,1,0,NA,0,NA,0,0,0,0,0,0,0,0,0,NA,0,0,0,NA,0,0,NA,0,0,0,0,0,0,0,0,NA,0,0,0,0,0,0,NA,0,0,0,0,0,0,0,0,0,0,0,0,0,0,0,0,0,0,0,0,0,NA,0,0,0,NA,NA,NA,NA,NA,NA,NA,NA,NA,NA,NA,NA,NA,NA,NA,NA,NA,NA,NA,NA
"128",1,1,NA,NA,1,0,NA,0,NA,0,0,0,0,0,0,0,0,0,NA,0,0,0,NA,0,0,NA,0,0,0,0,0,0,0,0,0,0,0,0,0,0,0,NA,0,0,0,0,0,0,0,0,0,0,0,0,0,0,0,0,0,0,0,0,0,NA,0,0,0,NA,NA,NA,NA,NA,NA,NA,NA,NA,NA,NA,NA,NA,NA,NA,NA,NA,NA,NA,NA
"129",0.9375,0.5,0.357142857142857,0.333333333333333,0.333333333333333,0.317647058823529,0,0,0,0,0,0,0,0,0,0,0,0,0,0,0,0,0,0,0,0,0,0,0,0,0,0,0,0,0,0,0,0,0,0,0,0,0,0,0,0,0,0,0,0,0,0,0,0,0,0,0,0,0,0,0,0,0,0,0,0,0,NA,NA,NA,NA,NA,NA,NA,NA,NA,NA,NA,NA,NA,NA,NA,NA,NA,NA,NA,NA
"130",1,0.5,0.109375,0.75,0.75,0.6640625,0.109375,1,0.5,1,1,1,1,0.7578125,1,1,1,1,0.109375,1,1,1,0.109375,1,1,0.109375,1,1,1,1,0.5,1,1,1,0.5,1,1,0.5,1,1,1,0.109375,0.984375,1,1,0.5,1,0.75,1,1,1,1,1,0.5,0.25,1,1,1,1,1,1,1,1,0.09375,1,1,1,0,0,0,0,0,0,0,0,0,0,0,0,0,0,0,0,0,0,0,0
