"","hns","crp","cra","rcsA","fliZ","phoB","zraR","asnC","dnaA","metR","cusR","putA","cadC","melR","araC","malI","idnR","mraZ","pdeL","prpR","fucR","tdcA","lsrR","glcC","nhaR","hyfR","yeiL","dpiA","nikR","aidB","lldR","dcuR","cspA","flhD","flhC","rhaR","fhlA","rhaS","pdhR","xylR","mazE","uxuR","argP","galS","gutM","mazF","glnG","csgD","yjjQ","oxyR","narL","ompR","marA","gadX","leuO","arcA","fur","fis","fnr","puuR","yiaJ","yqjI","purR","rbsR","betI","metJ","adiY","ptsG","galR","mlc","srlR","nac","exuR","marR","hdfR","stpA","mlrA","soxR","rob","evgA","bglJ","ydeO","gadW","lrp","gadE","soxS","rcsB"
"1",0,0,0,0,0,NA,0,0,NA,0,NA,0,0,NA,0,0,NA,0,0,0,0,0,0,0,0,0,0,0,NA,0,0,0,0,0,0,NA,0,NA,NA,0,0,0,NA,0,0,0,0,0,0,0,NA,0,0,0,0,0,0,0,0,NA,NA,NA,NA,NA,NA,NA,NA,NA,NA,NA,NA,NA,NA,NA,NA,NA,NA,NA,NA,NA,NA,NA,NA,NA,NA,NA,NA
"2",0,0,1,0,0,NA,0,0,NA,0,NA,0,0,NA,0,0,NA,0,NA,0,0,0,0,0,0,0,0,0,NA,0,0,0,0,0,0,NA,0,NA,NA,0,0,0,NA,0,0,0,0,0,0,0,NA,0,0,0,0,0,0,0,0,NA,NA,NA,NA,NA,NA,NA,NA,NA,NA,NA,NA,NA,NA,NA,NA,NA,NA,NA,NA,NA,NA,NA,NA,NA,NA,NA,NA
"3",1,0,0,1,1,NA,0,0,NA,0,NA,0,0,NA,0,0,NA,0,0,0,0,0,0,0,NA,0,0,0,NA,0,0,0,0,0,0,NA,0,NA,NA,0,0,0,NA,0,0,0,0,NA,0,0,0,0,0,0,0,NA,0,0,0,NA,NA,NA,NA,NA,NA,NA,NA,NA,NA,NA,NA,NA,NA,NA,NA,NA,NA,NA,NA,NA,NA,NA,NA,NA,NA,NA,NA
"4",1,0,0,1,1,NA,0,0,NA,0,NA,0,0,NA,0,0,NA,0,0,0,0,0,0,0,NA,0,0,0,NA,0,0,0,0,0,0,0,0,0,NA,0,0,0,NA,0,0,0,0,NA,0,0,0,0,0,0,0,NA,0,0,0,NA,NA,NA,NA,NA,NA,NA,NA,NA,NA,NA,NA,NA,NA,NA,NA,NA,NA,NA,NA,NA,NA,NA,NA,NA,NA,NA,NA
"5",1,0,1,1,1,NA,0,0,NA,0,NA,0,0,NA,0,0,NA,0,NA,0,0,0,0,0,NA,0,0,0,NA,0,0,0,0,0,0,NA,0,NA,NA,0,0,0,NA,0,0,0,0,NA,0,0,0,0,0,0,0,NA,0,0,0,NA,NA,NA,NA,NA,NA,NA,NA,NA,NA,NA,NA,NA,NA,NA,NA,NA,NA,NA,NA,NA,NA,NA,NA,NA,NA,NA,NA
"6",1,0,NA,NA,1,1,0,0,0,0,0,0,0,NA,0,0,NA,NA,0,NA,0,0,0,0,NA,0,0,0,NA,0,0,0,0,0,0,NA,0,NA,0,0,0,0,0,0,0,0,0,NA,0,0,NA,0,0,0,0,0,0,0,0,NA,NA,NA,NA,NA,NA,NA,NA,NA,NA,NA,NA,NA,NA,NA,NA,NA,NA,NA,NA,NA,NA,NA,NA,NA,NA,NA,NA
"7",1,0,1,NA,0,NA,0,0,NA,0,NA,0,0,NA,0,0,NA,0,NA,0,0,0,0,0,NA,0,0,0,NA,0,0,0,0,0,0,NA,0,NA,NA,0,0,0,NA,0,0,0,0,0,0,0,NA,0,0,0,0,0,0,0,0,NA,NA,NA,NA,NA,NA,NA,NA,NA,NA,NA,NA,NA,NA,NA,NA,NA,NA,NA,NA,NA,NA,NA,NA,NA,NA,NA,NA
"8",1,0,NA,NA,1,1,0,0,0,0,0,0,0,NA,0,0,NA,NA,0,NA,0,0,0,0,NA,0,0,0,NA,0,0,0,0,0,0,0,0,0,0,0,0,0,0,0,0,0,0,NA,0,0,NA,0,0,0,0,0,0,0,0,NA,NA,NA,NA,NA,NA,NA,NA,NA,NA,NA,NA,NA,NA,NA,NA,NA,NA,NA,NA,NA,NA,NA,NA,NA,NA,NA,NA
"9",1,1,NA,NA,1,1,0,0,0,0,0,0,0,0,0,0,NA,NA,0,NA,0,0,0,0,NA,0,0,0,NA,0,0,0,0,0,0,NA,0,NA,0,0,0,0,0,0,0,0,0,NA,0,0,NA,0,0,0,0,0,0,0,0,NA,NA,NA,NA,NA,NA,NA,NA,NA,NA,NA,NA,NA,NA,NA,NA,NA,NA,NA,NA,NA,NA,NA,NA,NA,NA,NA,NA
"10",1,0,NA,NA,1,1,0,0,0,0,0,0,0,NA,0,0,NA,NA,0,NA,0,0,0,0,0,0,0,0,NA,0,0,0,0,0,0,NA,0,NA,0,0,0,0,0,0,0,0,0,NA,0,0,0,0,0,0,0,NA,0,0,0,NA,NA,NA,NA,NA,NA,NA,NA,NA,NA,NA,NA,NA,NA,NA,NA,NA,NA,NA,NA,NA,NA,NA,NA,NA,NA,NA,NA
"11",1,1,NA,NA,1,1,0,0,0,0,0,0,0,NA,0,0,0,NA,0,NA,0,0,0,0,NA,0,0,0,NA,0,0,0,0,0,0,NA,0,NA,0,0,0,0,0,0,0,0,0,NA,0,0,0,0,0,0,0,NA,0,0,0,NA,NA,NA,NA,NA,NA,NA,NA,NA,NA,NA,NA,NA,NA,NA,NA,NA,NA,NA,NA,NA,NA,NA,NA,NA,NA,NA,NA
"12",1,0,NA,NA,0,0,0,0,0,0,0,0,0,NA,0,0,NA,NA,0,NA,0,0,0,0,NA,0,0,0,NA,0,0,0,0,0,0,NA,0,NA,0,0,0,0,0,0,0,0,0,0,0,0,0,0,0,0,0,NA,0,0,0,NA,NA,NA,NA,NA,NA,NA,NA,NA,NA,NA,NA,NA,NA,NA,NA,NA,NA,NA,NA,NA,NA,NA,NA,NA,NA,NA,NA
"13",1,1,NA,NA,1,1,0,0,0,0,0,0,0,0,0,0,NA,NA,0,NA,0,0,0,0,0,0,0,0,NA,0,0,0,0,0,0,NA,0,NA,0,0,0,0,0,0,0,0,0,NA,0,0,0,0,0,0,0,NA,0,0,0,NA,NA,NA,NA,NA,NA,NA,NA,NA,NA,NA,NA,NA,NA,NA,NA,NA,NA,NA,NA,NA,NA,NA,NA,NA,NA,NA,NA
"14",1,1,NA,NA,1,1,0,0,0,0,0,0,0,NA,0,0,0,NA,0,NA,0,0,0,0,NA,0,0,0,NA,0,NA,0,0,0,0,0,0,0,0,0,0,0,0,0,0,0,0,NA,0,0,0,0,0,0,0,NA,0,0,NA,NA,NA,NA,NA,NA,NA,NA,NA,NA,NA,NA,NA,NA,NA,NA,NA,NA,NA,NA,NA,NA,NA,NA,NA,NA,NA,NA,NA
"15",1,1,NA,NA,0,0,0,0,0,0,0,0,0,0,0,0,NA,NA,0,NA,0,0,0,0,NA,0,0,0,NA,0,0,0,0,0,0,NA,0,NA,0,0,0,0,0,0,0,0,0,0,0,0,0,0,0,0,0,NA,0,0,0,NA,NA,NA,NA,NA,NA,NA,NA,NA,NA,NA,NA,NA,NA,NA,NA,NA,NA,NA,NA,NA,NA,NA,NA,NA,NA,NA,NA
"16",1,1,NA,NA,1,1,0,0,0,0,0,0,0,NA,0,0,0,NA,0,NA,0,0,0,0,0,0,0,0,0,0,NA,0,0,0,0,NA,0,NA,0,0,0,0,0,0,0,0,0,NA,0,0,NA,0,0,0,0,0,0,0,NA,NA,NA,NA,NA,NA,NA,NA,NA,NA,NA,NA,NA,NA,NA,NA,NA,NA,NA,NA,NA,NA,NA,NA,NA,NA,NA,NA,NA
"17",1,1,NA,NA,1,1,0,0,0,0,0,0,0,0,0,0,0,NA,0,NA,0,0,0,0,NA,0,0,0,NA,0,0,0,0,0,0,NA,0,NA,0,0,0,0,0,0,0,0,0,NA,0,0,0,0,0,0,0,NA,0,0,0,NA,NA,NA,NA,NA,NA,NA,NA,NA,NA,NA,NA,NA,NA,NA,NA,NA,NA,NA,NA,NA,NA,NA,NA,NA,NA,NA,NA
"18",1,0,NA,0,1,0,0,0,0,0,0,0,0,NA,0,0,NA,NA,0,NA,0,0,0,0,NA,0,0,0,0,0,NA,0,0,0,0,NA,0,NA,0,0,0,0,0,0,0,0,0,NA,0,0,NA,0,0,0,0,0,0,0,NA,NA,NA,NA,NA,NA,NA,NA,NA,NA,NA,NA,NA,NA,NA,NA,NA,NA,NA,NA,NA,NA,NA,NA,NA,NA,NA,NA,NA
"19",1,0,1,1,1,NA,0,0,NA,0,0,0,0,NA,0,0,NA,0,NA,0,0,0,0,0,NA,0,0,0,NA,0,0,0,0,0,0,NA,0,NA,NA,0,0,0,NA,0,0,0,0,NA,0,0,0,0,0,0,0,NA,0,0,0,NA,NA,NA,NA,NA,NA,NA,NA,NA,NA,NA,NA,NA,NA,NA,NA,NA,NA,NA,NA,NA,NA,NA,NA,NA,NA,NA,NA
"20",1,1,NA,NA,0,0,0,0,0,0,0,0,0,NA,0,0,0,NA,0,NA,0,0,0,0,NA,0,0,0,NA,0,0,0,0,0,0,NA,0,NA,0,0,0,0,0,0,0,0,0,0,0,0,0,0,0,0,0,NA,0,0,0,NA,NA,NA,NA,NA,NA,NA,NA,NA,NA,NA,NA,NA,NA,NA,NA,NA,NA,NA,NA,NA,NA,NA,NA,NA,NA,NA,NA
"21",1,1,NA,0,1,0,0,0,0,0,0,0,0,NA,0,0,0,NA,0,NA,0,0,0,0,NA,0,0,0,NA,0,0,0,0,0,0,NA,0,NA,0,0,0,0,0,0,0,0,0,NA,0,0,0,0,0,0,0,NA,0,0,0,NA,NA,NA,NA,NA,NA,NA,NA,NA,NA,NA,NA,NA,NA,NA,NA,NA,NA,NA,NA,NA,NA,NA,NA,NA,NA,NA,NA
"22",1,1,NA,NA,0,0,0,0,0,0,0,0,0,0,0,0,0,NA,0,NA,0,0,0,0,NA,0,0,0,NA,0,NA,0,0,0,0,NA,0,NA,0,0,0,0,0,0,0,0,0,0,0,0,0,0,0,0,0,NA,0,0,NA,NA,NA,NA,NA,NA,NA,NA,NA,NA,NA,NA,NA,NA,NA,NA,NA,NA,NA,NA,NA,NA,NA,NA,NA,NA,NA,NA,NA
"23",1,0,NA,0,1,0,0,0,0,0,0,0,0,NA,0,0,NA,NA,0,NA,0,0,0,0,NA,0,0,0,NA,0,0,0,0,0,0,0,0,0,0,0,0,0,0,0,0,0,0,NA,0,0,0,0,0,0,0,NA,0,0,0,NA,NA,NA,NA,NA,NA,NA,NA,NA,NA,NA,NA,NA,NA,NA,NA,NA,NA,NA,NA,NA,NA,NA,NA,NA,NA,NA,NA
"24",1,0,NA,0,0,0,0,0,0,0,0,0,0,NA,0,0,NA,NA,0,NA,0,0,0,0,NA,0,0,0,NA,0,NA,0,0,0,0,NA,0,NA,0,0,0,0,0,0,0,0,0,0,0,0,0,0,0,0,0,NA,0,0,NA,NA,NA,NA,NA,NA,NA,NA,NA,NA,NA,NA,NA,NA,NA,NA,NA,NA,NA,NA,NA,NA,NA,NA,NA,NA,NA,NA,NA
"25",1,1,NA,0,1,0,0,0,0,0,0,0,0,0,0,0,NA,NA,0,NA,0,0,0,0,NA,0,0,0,NA,0,0,0,0,0,0,NA,0,NA,0,0,0,0,0,0,0,0,0,NA,0,0,0,0,0,0,0,NA,0,0,0,NA,NA,NA,NA,NA,NA,NA,NA,NA,NA,NA,NA,NA,NA,NA,NA,NA,NA,NA,NA,NA,NA,NA,NA,NA,NA,NA,NA
"26",1,1,NA,NA,1,1,0,0,0,0,0,0,0,0,0,0,0,NA,0,NA,0,0,0,0,0,0,0,0,NA,0,NA,0,0,0,0,NA,0,NA,0,0,0,0,0,0,0,0,0,NA,0,0,0,0,0,0,0,NA,0,0,NA,NA,NA,NA,NA,NA,NA,NA,NA,NA,NA,NA,NA,NA,NA,NA,NA,NA,NA,NA,NA,NA,NA,NA,NA,NA,NA,NA,NA
"27",1,1,NA,0,1,0,0,0,0,0,0,0,0,NA,0,0,0,NA,0,NA,0,0,0,0,NA,0,0,0,NA,0,0,0,0,0,0,0,0,0,0,0,0,0,0,0,0,0,0,NA,0,0,0,0,0,0,0,NA,0,0,0,NA,NA,NA,NA,NA,NA,NA,NA,NA,NA,NA,NA,NA,NA,NA,NA,NA,NA,NA,NA,NA,NA,NA,NA,NA,NA,NA,NA
"28",1,0,0,NA,0,NA,0,0,NA,0,NA,0,0,NA,0,0,NA,0,0,0,0,0,0,0,NA,0,0,0,NA,0,NA,0,0,0,0,NA,0,NA,NA,0,0,0,NA,0,0,0,0,0,0,0,0,0,0,0,0,NA,0,0,NA,NA,NA,NA,NA,NA,NA,NA,NA,NA,NA,NA,NA,NA,NA,NA,NA,NA,NA,NA,NA,NA,NA,NA,NA,NA,NA,NA,NA
"29",1,1,NA,0,1,0,0,0,0,0,0,0,0,0,0,0,0,NA,0,NA,0,0,0,0,NA,0,0,0,NA,0,0,0,0,0,0,NA,0,NA,0,0,0,0,0,0,0,0,0,NA,0,0,0,0,0,0,0,NA,0,0,0,NA,NA,NA,NA,NA,NA,NA,NA,NA,NA,NA,NA,NA,NA,NA,NA,NA,NA,NA,NA,NA,NA,NA,NA,NA,NA,NA,NA
"30",1,0,NA,NA,0,0,0,0,0,0,0,0,0,NA,0,0,NA,NA,0,NA,0,0,0,0,0,0,0,0,NA,0,0,0,0,0,0,NA,0,NA,0,0,0,0,0,0,0,0,0,0,0,0,0,0,0,0,0,NA,0,0,0,NA,NA,NA,NA,NA,NA,NA,NA,NA,NA,NA,NA,NA,NA,NA,NA,NA,NA,NA,NA,NA,NA,NA,NA,NA,NA,NA,NA
"31",1,1,NA,NA,1,1,0,0,0,0,0,0,0,0,0,0,NA,NA,0,NA,0,0,0,0,NA,0,0,0,NA,0,NA,0,0,0,0,0,0,0,0,0,0,0,0,0,0,0,0,NA,0,0,0,0,0,0,0,NA,0,0,NA,NA,NA,NA,NA,NA,NA,NA,NA,NA,NA,NA,NA,NA,NA,NA,NA,NA,NA,NA,NA,NA,NA,NA,NA,NA,NA,NA,NA
"32",1,0,NA,NA,1,1,0,0,0,0,0,0,0,NA,0,0,NA,NA,0,NA,0,0,0,0,0,0,0,0,NA,0,0,0,0,0,0,0,0,0,0,0,0,0,0,0,0,0,0,NA,0,0,0,0,0,0,0,NA,0,0,0,NA,NA,NA,NA,NA,NA,NA,NA,NA,NA,NA,NA,NA,NA,NA,NA,NA,NA,NA,NA,NA,NA,NA,NA,NA,NA,NA,NA
"33",1,0,NA,NA,0,0,0,0,0,0,0,0,0,NA,0,0,NA,NA,0,NA,0,0,0,0,NA,0,0,0,NA,0,NA,0,0,0,0,0,0,0,0,0,0,0,0,0,0,0,0,0,0,0,0,0,0,0,0,NA,0,0,NA,NA,NA,NA,NA,NA,NA,NA,NA,NA,NA,NA,NA,NA,NA,NA,NA,NA,NA,NA,NA,NA,NA,NA,NA,NA,NA,NA,NA
"34",1,1,NA,NA,1,1,0,0,0,0,0,0,0,NA,0,0,0,NA,0,NA,0,0,0,0,0,0,0,0,NA,0,0,0,0,0,0,0,0,0,0,0,0,0,0,0,0,0,0,NA,0,0,0,0,0,0,0,NA,0,0,0,NA,NA,NA,NA,NA,NA,NA,NA,NA,NA,NA,NA,NA,NA,NA,NA,NA,NA,NA,NA,NA,NA,NA,NA,NA,NA,NA,NA
"35",1,1,NA,NA,1,1,0,0,0,0,0,0,0,0,0,0,0,NA,0,NA,0,0,0,0,NA,0,0,0,NA,0,NA,0,0,0,0,0,0,0,0,0,0,0,0,0,0,0,0,NA,0,0,0,0,0,0,0,NA,0,0,NA,NA,NA,NA,NA,NA,NA,NA,NA,NA,NA,NA,NA,NA,NA,NA,NA,NA,NA,NA,NA,NA,NA,NA,NA,NA,NA,NA,NA
"36",1,1,NA,NA,1,1,0,0,0,0,0,0,0,0,0,0,NA,NA,0,NA,0,0,0,0,0,0,0,0,NA,0,0,0,0,0,0,0,0,0,0,0,0,0,0,0,0,0,0,NA,0,0,0,0,0,0,0,NA,0,0,0,NA,NA,NA,NA,NA,NA,NA,NA,NA,NA,NA,NA,NA,NA,NA,NA,NA,NA,NA,NA,NA,NA,NA,NA,NA,NA,NA,NA
"37",1,0,0,1,1,NA,0,0,NA,0,0,0,0,NA,0,0,NA,0,0,0,0,0,0,0,NA,0,0,0,NA,0,NA,0,0,0,0,NA,0,NA,NA,0,0,0,NA,0,0,0,0,NA,0,0,0,0,0,0,0,NA,0,0,NA,NA,NA,NA,NA,NA,NA,NA,NA,NA,NA,NA,NA,NA,NA,NA,NA,NA,NA,NA,NA,NA,NA,NA,NA,NA,NA,NA,NA
"38",1,1,NA,NA,1,1,0,0,0,0,0,0,0,0,0,0,0,NA,0,NA,0,0,0,0,0,0,0,0,NA,0,0,0,0,0,0,0,0,0,0,0,0,0,0,0,0,0,0,NA,0,0,0,0,0,0,0,NA,0,0,0,NA,NA,NA,NA,NA,NA,NA,NA,NA,NA,NA,NA,NA,NA,NA,NA,NA,NA,NA,NA,NA,NA,NA,NA,NA,NA,NA,NA
"39",1,1,NA,NA,0,0,0,0,0,0,0,0,0,NA,0,0,0,NA,0,NA,0,0,0,0,NA,0,0,0,NA,0,NA,0,0,0,0,0,0,0,0,0,0,0,0,0,0,0,0,0,0,0,0,0,0,0,0,NA,0,0,NA,NA,NA,NA,NA,NA,NA,NA,NA,NA,NA,NA,NA,NA,NA,NA,NA,NA,NA,NA,NA,NA,NA,NA,NA,NA,NA,NA,NA
"40",1,1,1,1,1,NA,0,0,NA,0,NA,0,0,NA,0,0,0,0,NA,0,0,0,0,0,NA,0,0,0,NA,0,NA,0,0,0,0,NA,0,NA,NA,0,0,0,NA,0,0,0,0,NA,0,0,0,0,0,0,0,NA,0,0,NA,NA,NA,NA,NA,NA,NA,NA,NA,NA,NA,NA,NA,NA,NA,NA,NA,NA,NA,NA,NA,NA,NA,NA,NA,NA,NA,NA,NA
"41",1,1,NA,0,0,0,0,0,0,0,0,0,0,NA,0,0,0,NA,0,NA,0,0,0,0,NA,0,0,0,NA,0,0,0,0,0,0,NA,0,NA,0,0,0,0,0,0,0,0,0,0,0,0,0,0,0,0,0,NA,0,0,0,NA,NA,NA,NA,NA,NA,NA,NA,NA,NA,NA,NA,NA,NA,NA,NA,NA,NA,NA,NA,NA,NA,NA,NA,NA,NA,NA,NA
"42",1,0,1,NA,0,NA,0,0,NA,0,0,0,0,NA,0,0,NA,0,NA,0,0,0,0,0,NA,0,0,0,NA,0,0,0,0,0,0,NA,0,NA,NA,0,0,0,NA,0,0,0,0,0,0,0,0,0,0,0,0,NA,0,0,0,NA,NA,NA,NA,NA,NA,NA,NA,NA,NA,NA,NA,NA,NA,NA,NA,NA,NA,NA,NA,NA,NA,NA,NA,NA,NA,NA,NA
"43",1,1,NA,0,1,0,0,0,0,0,0,0,0,0,0,0,NA,NA,0,NA,0,0,0,0,NA,0,0,0,NA,0,NA,0,0,0,0,0,0,0,0,0,0,0,0,0,0,0,0,NA,0,0,0,0,0,0,0,NA,0,0,NA,NA,NA,NA,NA,NA,NA,NA,NA,NA,NA,NA,NA,NA,NA,NA,NA,NA,NA,NA,NA,NA,NA,NA,NA,NA,NA,NA,NA
"44",1,0,NA,0,0,0,0,0,0,0,0,0,0,NA,0,0,NA,NA,0,NA,0,0,0,0,NA,0,0,0,NA,0,0,0,0,0,0,0,0,0,0,0,0,0,0,0,0,0,0,0,0,0,0,0,0,0,0,NA,0,0,0,NA,NA,NA,NA,NA,NA,NA,NA,NA,NA,NA,NA,NA,NA,NA,NA,NA,NA,NA,NA,NA,NA,NA,NA,NA,NA,NA,NA
"45",1,1,NA,0,1,0,0,0,0,0,0,0,0,0,0,0,0,NA,0,NA,0,0,0,0,NA,0,0,0,NA,0,NA,0,0,0,0,0,0,0,0,0,0,0,0,0,0,0,0,NA,0,0,0,0,0,0,0,NA,0,0,NA,NA,NA,NA,NA,NA,NA,NA,NA,NA,NA,NA,NA,NA,NA,NA,NA,NA,NA,NA,NA,NA,NA,NA,NA,NA,NA,NA,NA
"46",1,1,NA,NA,0,0,0,0,0,0,0,0,0,NA,0,0,0,NA,0,NA,0,0,0,0,0,0,0,0,NA,0,0,0,0,0,0,NA,0,NA,0,0,0,0,0,0,0,0,0,0,0,0,0,0,0,0,0,NA,0,0,0,NA,NA,NA,NA,NA,NA,NA,NA,NA,NA,NA,NA,NA,NA,NA,NA,NA,NA,NA,NA,NA,NA,NA,NA,NA,NA,NA,NA
"47",1,1,NA,0,0,0,0,0,0,0,0,0,0,NA,0,0,0,NA,0,NA,0,0,0,0,NA,0,0,0,NA,0,NA,0,0,0,0,0,0,0,0,0,0,0,0,0,0,0,0,0,0,0,0,0,0,0,0,NA,0,0,NA,NA,NA,NA,NA,NA,NA,NA,NA,NA,NA,NA,NA,NA,NA,NA,NA,NA,NA,NA,NA,NA,NA,NA,NA,NA,NA,NA,NA
"48",1,0,0,NA,0,NA,0,0,NA,0,0,0,0,NA,0,0,NA,0,0,0,0,0,0,0,NA,0,0,0,NA,0,0,0,0,0,0,NA,0,NA,NA,0,0,0,NA,0,0,0,0,0,0,0,0,0,0,0,0,NA,0,0,0,NA,NA,NA,NA,NA,NA,NA,NA,NA,NA,NA,NA,NA,NA,NA,NA,NA,NA,NA,NA,NA,NA,NA,NA,NA,NA,NA,NA
"49",1,1,0,1,1,NA,0,0,NA,0,NA,0,0,NA,0,0,0,0,0,0,0,0,0,0,NA,0,0,0,NA,0,NA,0,0,0,0,NA,0,NA,NA,0,0,0,NA,0,0,0,0,NA,0,0,0,0,0,0,0,NA,0,0,NA,NA,NA,NA,NA,NA,NA,NA,NA,NA,NA,NA,NA,NA,NA,NA,NA,NA,NA,NA,NA,NA,NA,NA,NA,NA,NA,NA,NA
"50",1,1,NA,NA,0,0,0,0,0,0,0,0,0,0,0,0,NA,NA,0,NA,0,0,0,0,NA,0,0,0,NA,0,0,0,0,0,0,0,0,0,0,0,0,0,0,0,0,0,0,0,0,0,0,0,0,0,0,NA,0,0,0,NA,NA,NA,NA,NA,NA,NA,NA,NA,NA,NA,NA,NA,NA,NA,NA,NA,NA,NA,NA,NA,NA,NA,NA,NA,NA,NA,NA
"51",1,0,NA,0,1,0,0,0,0,0,0,0,0,NA,0,0,NA,NA,0,NA,0,0,0,0,0,0,0,0,NA,0,NA,0,0,0,0,NA,0,NA,0,0,0,0,0,0,0,0,0,NA,0,0,0,0,0,0,0,NA,0,0,NA,NA,NA,NA,NA,NA,NA,NA,NA,NA,NA,NA,NA,NA,NA,NA,NA,NA,NA,NA,NA,NA,NA,NA,NA,NA,NA,NA,NA
"52",1,1,1,NA,0,NA,0,0,NA,0,NA,0,0,NA,0,0,0,0,NA,0,0,0,0,0,NA,0,0,0,NA,0,0,0,0,0,0,NA,0,NA,NA,0,0,0,NA,0,0,0,0,0,0,0,0,0,0,0,0,NA,0,0,0,NA,NA,NA,NA,NA,NA,NA,NA,NA,NA,NA,NA,NA,NA,NA,NA,NA,NA,NA,NA,NA,NA,NA,NA,NA,NA,NA,NA
"53",1,1,NA,0,1,0,0,0,0,0,0,0,0,NA,0,0,0,NA,0,NA,0,0,0,0,0,0,0,0,NA,0,NA,0,0,0,0,NA,0,NA,0,0,0,0,0,0,0,0,0,NA,0,0,0,0,0,0,0,NA,0,0,NA,NA,NA,NA,NA,NA,NA,NA,NA,NA,NA,NA,NA,NA,NA,NA,NA,NA,NA,NA,NA,NA,NA,NA,NA,NA,NA,NA,NA
"54",1,1,1,1,1,NA,0,0,NA,0,0,0,0,NA,0,0,0,0,NA,0,0,0,0,0,NA,0,0,0,NA,0,0,0,0,0,0,NA,0,NA,NA,0,0,0,NA,0,0,0,0,NA,0,0,0,0,0,0,0,NA,0,0,0,NA,NA,NA,NA,NA,NA,NA,NA,NA,NA,NA,NA,NA,NA,NA,NA,NA,NA,NA,NA,NA,NA,NA,NA,NA,NA,NA,NA
"55",1,1,NA,NA,0,0,0,0,0,0,0,0,0,0,0,0,0,NA,0,NA,0,0,0,0,NA,0,0,0,NA,0,NA,0,0,0,0,0,0,0,0,0,0,0,0,0,0,0,0,0,0,0,0,0,0,0,0,NA,0,0,NA,NA,NA,NA,NA,NA,NA,NA,NA,NA,NA,NA,NA,NA,NA,NA,NA,NA,NA,NA,NA,NA,NA,NA,NA,NA,NA,NA,NA
"56",1,0,NA,0,1,0,0,0,0,0,0,0,0,NA,0,0,NA,NA,0,NA,0,0,0,0,0,0,0,0,NA,0,0,0,0,0,0,0,0,0,0,0,0,0,0,0,0,0,0,NA,0,0,0,0,0,0,0,NA,0,0,0,NA,NA,NA,NA,NA,NA,NA,NA,NA,NA,NA,NA,NA,NA,NA,NA,NA,NA,NA,NA,NA,NA,NA,NA,NA,NA,NA,NA
"57",1,1,1,NA,0,NA,0,0,NA,0,0,0,0,NA,0,0,0,0,NA,0,0,0,0,0,NA,0,0,0,NA,0,NA,0,0,0,0,NA,0,NA,NA,0,0,0,NA,0,0,0,0,0,0,0,0,0,0,0,0,NA,0,0,NA,NA,NA,NA,NA,NA,NA,NA,NA,NA,NA,NA,NA,NA,NA,NA,NA,NA,NA,NA,NA,NA,NA,NA,NA,NA,NA,NA,NA
"58",1,1,NA,0,1,0,0,0,0,0,0,0,0,NA,0,0,0,NA,0,NA,0,0,0,0,0,0,0,0,NA,0,0,0,0,0,0,0,0,0,0,0,0,0,0,0,0,0,0,NA,0,0,0,0,0,0,0,NA,0,0,0,NA,NA,NA,NA,NA,NA,NA,NA,NA,NA,NA,NA,NA,NA,NA,NA,NA,NA,NA,NA,NA,NA,NA,NA,NA,NA,NA,NA
"59",1,1,0,NA,0,NA,0,0,NA,0,NA,0,0,NA,0,0,0,0,0,0,0,0,0,0,NA,0,0,0,NA,0,NA,0,0,0,0,NA,0,NA,NA,0,0,0,NA,0,0,0,0,0,0,0,0,0,0,0,0,NA,0,0,NA,NA,NA,NA,NA,NA,NA,NA,NA,NA,NA,NA,NA,NA,NA,NA,NA,NA,NA,NA,NA,NA,NA,NA,NA,NA,NA,NA,NA
"60",1,0,NA,NA,0,0,0,0,0,0,0,0,0,NA,0,0,NA,NA,0,NA,0,0,0,0,0,0,0,0,NA,0,0,0,0,0,0,0,0,0,0,0,0,0,0,0,0,0,0,0,0,0,0,0,0,0,0,NA,0,0,0,NA,NA,NA,NA,NA,NA,NA,NA,NA,NA,NA,NA,NA,NA,NA,NA,NA,NA,NA,NA,NA,NA,NA,NA,NA,NA,NA,NA
"61",1,1,0,NA,0,NA,0,0,NA,0,0,0,0,NA,0,0,0,0,0,0,0,0,0,0,NA,0,0,0,NA,0,NA,0,0,0,0,NA,0,NA,NA,0,0,0,NA,0,0,0,0,0,0,0,0,0,0,0,0,NA,0,0,NA,NA,NA,NA,NA,NA,NA,NA,NA,NA,NA,NA,NA,NA,NA,NA,NA,NA,NA,NA,NA,NA,NA,NA,NA,NA,NA,NA,NA
"62",1,1,0,1,1,NA,0,0,NA,0,0,0,0,NA,0,0,0,0,0,0,0,0,0,0,NA,0,0,0,NA,0,0,0,0,0,0,NA,0,NA,NA,0,0,0,NA,0,0,0,0,NA,0,0,0,0,0,0,0,NA,0,0,0,NA,NA,NA,NA,NA,NA,NA,NA,NA,NA,NA,NA,NA,NA,NA,NA,NA,NA,NA,NA,NA,NA,NA,NA,NA,NA,NA,NA
"63",1,0,1,NA,0,NA,0,0,NA,0,NA,0,0,NA,0,0,NA,0,NA,0,0,0,0,0,NA,0,0,0,NA,0,NA,0,0,0,0,0,0,0,NA,0,0,0,NA,0,0,0,0,0,0,0,0,0,0,0,0,NA,0,0,NA,NA,NA,NA,NA,NA,NA,NA,NA,NA,NA,NA,NA,NA,NA,NA,NA,NA,NA,NA,NA,NA,NA,NA,NA,NA,NA,NA,NA
"64",1,0,1,1,1,NA,0,0,NA,0,NA,0,0,NA,0,0,NA,0,NA,0,0,0,0,0,NA,0,0,0,NA,0,0,0,0,0,0,0,0,0,NA,0,0,0,NA,0,0,0,0,NA,0,0,0,0,0,0,0,NA,0,0,0,NA,NA,NA,NA,NA,NA,NA,NA,NA,NA,NA,NA,NA,NA,NA,NA,NA,NA,NA,NA,NA,NA,NA,NA,NA,NA,NA,NA
"65",1,0,1,NA,0,NA,0,0,NA,0,0,0,0,NA,0,0,NA,0,NA,0,0,0,0,0,NA,0,0,0,NA,0,NA,0,0,0,0,0,0,0,NA,0,0,0,NA,0,0,0,0,0,0,0,0,0,0,0,0,NA,0,0,NA,NA,NA,NA,NA,NA,NA,NA,NA,NA,NA,NA,NA,NA,NA,NA,NA,NA,NA,NA,NA,NA,NA,NA,NA,NA,NA,NA,NA
"66",1,1,NA,0,1,0,0,0,0,0,0,0,0,0,0,0,NA,NA,0,NA,0,0,0,0,0,0,0,0,NA,0,0,0,0,0,0,NA,0,NA,0,0,0,0,0,0,0,0,0,NA,0,0,0,0,0,0,0,NA,0,0,0,NA,NA,NA,NA,NA,NA,NA,NA,NA,NA,NA,NA,NA,NA,NA,NA,NA,NA,NA,NA,NA,NA,NA,NA,NA,NA,NA,NA
"67",1,0,0,NA,0,NA,0,0,NA,0,NA,0,0,NA,0,0,NA,0,0,0,0,0,0,0,NA,0,0,0,NA,0,NA,0,0,0,0,0,0,0,NA,0,0,0,NA,0,0,0,0,0,0,0,0,0,0,0,0,NA,0,0,NA,NA,NA,NA,NA,NA,NA,NA,NA,NA,NA,NA,NA,NA,NA,NA,NA,NA,NA,NA,NA,NA,NA,NA,NA,NA,NA,NA,NA
"68",1,1,NA,NA,0,0,0,0,0,0,0,0,0,NA,0,0,0,NA,0,NA,0,0,0,0,0,0,0,0,NA,0,0,0,0,0,0,0,0,0,0,0,0,0,0,0,0,0,0,0,0,0,0,0,0,0,0,NA,0,0,0,NA,NA,NA,NA,NA,NA,NA,NA,NA,NA,NA,NA,NA,NA,NA,NA,NA,NA,NA,NA,NA,NA,NA,NA,NA,NA,NA,NA
"69",1,0,0,NA,0,NA,0,0,NA,0,0,0,0,NA,0,0,NA,0,0,0,0,0,0,0,NA,0,0,0,NA,0,NA,0,0,0,0,0,0,0,NA,0,0,0,NA,0,0,0,0,0,0,0,0,0,0,0,0,NA,0,0,NA,NA,NA,NA,NA,NA,NA,NA,NA,NA,NA,NA,NA,NA,NA,NA,NA,NA,NA,NA,NA,NA,NA,NA,NA,NA,NA,NA,NA
"70",1,1,NA,0,1,0,0,0,0,0,0,0,0,0,0,0,0,NA,0,NA,0,0,0,0,0,0,0,0,NA,0,0,0,0,0,0,NA,0,NA,0,0,0,0,0,0,0,0,0,NA,0,0,0,0,0,0,0,NA,0,0,0,NA,NA,NA,NA,NA,NA,NA,NA,NA,NA,NA,NA,NA,NA,NA,NA,NA,NA,NA,NA,NA,NA,NA,NA,NA,NA,NA,NA
"71",1,1,1,NA,0,NA,0,0,NA,0,NA,0,0,NA,0,0,0,0,NA,0,0,0,0,0,NA,0,0,0,NA,0,NA,0,0,0,0,0,0,0,NA,0,0,0,NA,0,0,0,0,0,0,0,0,0,0,0,0,NA,0,0,NA,NA,NA,NA,NA,NA,NA,NA,NA,NA,NA,NA,NA,NA,NA,NA,NA,NA,NA,NA,NA,NA,NA,NA,NA,NA,NA,NA,NA
"72",1,0,1,1,1,NA,0,0,NA,0,0,0,0,NA,0,0,NA,0,NA,0,0,0,0,0,NA,0,0,0,NA,0,0,0,0,0,0,0,0,0,NA,0,0,0,NA,0,0,0,0,NA,0,0,0,0,0,0,0,NA,0,0,0,NA,NA,NA,NA,NA,NA,NA,NA,NA,NA,NA,NA,NA,NA,NA,NA,NA,NA,NA,NA,NA,NA,NA,NA,NA,NA,NA,NA
"73",1,1,0,NA,0,NA,0,0,NA,0,NA,0,0,NA,0,0,0,0,0,0,0,0,0,0,NA,0,0,0,NA,0,NA,0,0,0,0,0,0,0,NA,0,0,0,NA,0,0,0,0,0,0,0,0,0,0,0,0,NA,0,0,NA,NA,NA,NA,NA,NA,NA,NA,NA,NA,NA,NA,NA,NA,NA,NA,NA,NA,NA,NA,NA,NA,NA,NA,NA,NA,NA,NA,NA
"74",1,0,0,1,1,NA,0,0,NA,0,0,0,0,NA,0,0,NA,0,0,0,0,0,0,0,NA,0,0,0,NA,0,0,0,0,0,0,0,0,0,NA,0,0,0,NA,0,0,0,0,NA,0,0,0,0,0,0,0,NA,0,0,0,NA,NA,NA,NA,NA,NA,NA,NA,NA,NA,NA,NA,NA,NA,NA,NA,NA,NA,NA,NA,NA,NA,NA,NA,NA,NA,NA,NA
"75",1,1,NA,NA,0,0,0,0,0,0,0,0,0,0,0,0,NA,NA,0,NA,0,0,0,0,0,0,0,0,NA,0,NA,0,0,0,0,NA,0,NA,0,0,0,0,0,0,0,0,0,0,0,0,0,0,0,0,0,NA,0,0,NA,NA,NA,NA,NA,NA,NA,NA,NA,NA,NA,NA,NA,NA,NA,NA,NA,NA,NA,NA,NA,NA,NA,NA,NA,NA,NA,NA,NA
"76",1,1,1,1,1,NA,0,0,NA,0,NA,0,0,NA,0,0,0,0,NA,0,0,0,0,0,NA,0,0,0,NA,0,0,0,0,0,0,0,0,0,NA,0,0,0,NA,0,0,0,0,NA,0,0,0,0,0,0,0,NA,0,0,0,NA,NA,NA,NA,NA,NA,NA,NA,NA,NA,NA,NA,NA,NA,NA,NA,NA,NA,NA,NA,NA,NA,NA,NA,NA,NA,NA,NA
"77",1,1,1,NA,0,NA,0,0,NA,0,0,0,0,NA,0,0,0,0,NA,0,0,0,0,0,NA,0,0,0,NA,0,NA,0,0,0,0,0,0,0,NA,0,0,0,NA,0,0,0,0,0,0,0,0,0,0,0,0,NA,0,0,NA,NA,NA,NA,NA,NA,NA,NA,NA,NA,NA,NA,NA,NA,NA,NA,NA,NA,NA,NA,NA,NA,NA,NA,NA,NA,NA,NA,NA
"78",1,1,0,1,1,NA,0,0,NA,0,NA,0,0,NA,0,0,0,0,0,0,0,0,0,0,NA,0,0,0,NA,0,0,0,0,0,0,0,0,0,NA,0,0,0,NA,0,0,0,0,NA,0,0,0,0,0,0,0,NA,0,0,0,NA,NA,NA,NA,NA,NA,NA,NA,NA,NA,NA,NA,NA,NA,NA,NA,NA,NA,NA,NA,NA,NA,NA,NA,NA,NA,NA,NA
"79",1,1,0,NA,0,NA,0,0,NA,0,0,0,0,NA,0,0,0,0,0,0,0,0,0,0,NA,0,0,0,NA,0,NA,0,0,0,0,0,0,0,NA,0,0,0,NA,0,0,0,0,0,0,0,0,0,0,0,0,NA,0,0,NA,NA,NA,NA,NA,NA,NA,NA,NA,NA,NA,NA,NA,NA,NA,NA,NA,NA,NA,NA,NA,NA,NA,NA,NA,NA,NA,NA,NA
"80",1,1,1,1,1,NA,0,0,NA,0,0,0,0,NA,0,0,0,0,NA,0,0,0,0,0,NA,0,0,0,NA,0,0,0,0,0,0,0,0,0,NA,0,0,0,NA,0,0,0,0,NA,0,0,0,0,0,0,0,NA,0,0,0,NA,NA,NA,NA,NA,NA,NA,NA,NA,NA,NA,NA,NA,NA,NA,NA,NA,NA,NA,NA,NA,NA,NA,NA,NA,NA,NA,NA
"81",1,1,NA,0,0,0,0,0,0,0,0,0,0,0,0,0,NA,NA,0,NA,0,0,0,0,NA,0,0,0,NA,0,NA,0,0,0,0,NA,0,NA,0,0,0,0,0,0,0,0,0,0,0,0,0,0,0,0,0,NA,0,0,NA,NA,NA,NA,NA,NA,NA,NA,NA,NA,NA,NA,NA,NA,NA,NA,NA,NA,NA,NA,NA,NA,NA,NA,NA,NA,NA,NA,NA
"82",1,0,1,NA,0,NA,0,0,NA,0,NA,0,0,NA,0,0,NA,0,NA,0,0,0,0,0,0,0,0,0,NA,0,0,0,0,0,0,NA,0,NA,NA,0,0,0,NA,0,0,0,0,0,0,0,0,0,0,0,0,NA,0,0,0,NA,NA,NA,NA,NA,NA,NA,NA,NA,NA,NA,NA,NA,NA,NA,NA,NA,NA,NA,NA,NA,NA,NA,NA,NA,NA,NA,NA
"83",0,0,NA,0,0,0,0,0,0,0,0,0,0,NA,0,0,NA,NA,0,NA,0,0,0,0,0,0,0,0,NA,0,NA,0,0,0,0,NA,0,NA,0,0,0,0,0,0,0,0,0,0,0,0,0,0,0,0,0,NA,0,0,NA,NA,NA,NA,NA,NA,NA,NA,NA,NA,NA,NA,NA,NA,NA,NA,NA,NA,NA,NA,NA,NA,NA,NA,NA,NA,NA,NA,NA
"84",1,1,1,NA,0,NA,0,0,NA,0,NA,0,0,0,0,0,NA,0,NA,0,0,0,0,0,NA,0,0,0,NA,0,0,0,0,0,0,NA,0,NA,NA,0,0,0,NA,0,0,0,0,0,0,0,0,0,0,0,0,NA,0,0,0,NA,NA,NA,NA,NA,NA,NA,NA,NA,NA,NA,NA,NA,NA,NA,NA,NA,NA,NA,NA,NA,NA,NA,NA,NA,NA,NA,NA
"85",1,1,NA,0,1,0,0,0,0,0,0,0,0,0,0,0,NA,NA,0,NA,0,0,0,0,0,0,0,0,NA,0,NA,0,0,0,0,0,0,0,0,0,0,0,0,0,0,0,0,NA,0,0,0,0,0,0,0,NA,0,0,NA,NA,NA,NA,NA,NA,NA,NA,NA,NA,NA,NA,NA,NA,NA,NA,NA,NA,NA,NA,NA,NA,NA,NA,NA,NA,NA,NA,NA
"86",0,1,NA,0,0,0,0,0,0,0,0,0,0,NA,0,0,0,NA,0,NA,0,0,0,0,0,0,0,0,NA,0,0,0,0,0,0,NA,0,NA,0,0,0,0,0,0,0,0,0,0,0,0,0,0,0,0,0,NA,0,0,0,NA,NA,NA,NA,NA,NA,NA,NA,NA,NA,NA,NA,NA,NA,NA,NA,NA,NA,NA,NA,NA,NA,NA,NA,NA,NA,NA,NA
"87",1,1,0,NA,0,NA,0,0,NA,0,NA,0,0,0,0,0,NA,0,0,0,0,0,0,0,NA,0,0,0,NA,0,NA,0,0,0,0,NA,0,NA,NA,0,0,0,NA,0,0,0,0,0,0,0,0,0,0,0,0,NA,0,0,NA,NA,NA,NA,NA,NA,NA,NA,NA,NA,NA,NA,NA,NA,NA,NA,NA,NA,NA,NA,NA,NA,NA,NA,NA,NA,NA,NA,NA
"88",1,1,0,1,1,NA,0,0,NA,0,0,0,0,NA,0,0,0,0,0,0,0,0,0,0,NA,0,0,0,NA,0,0,0,0,0,0,0,0,0,NA,0,0,0,NA,0,0,0,0,NA,0,0,0,0,0,0,0,NA,0,0,0,NA,NA,NA,NA,NA,NA,NA,NA,NA,NA,NA,NA,NA,NA,NA,NA,NA,NA,NA,NA,NA,NA,NA,NA,NA,NA,NA,NA
"89",1,1,NA,0,1,0,0,0,0,0,0,0,0,0,0,0,0,NA,0,NA,0,0,0,0,0,0,0,0,NA,0,NA,0,0,0,0,0,0,0,0,0,0,0,0,0,0,0,0,NA,0,0,0,0,0,0,0,NA,0,0,NA,NA,NA,NA,NA,NA,NA,NA,NA,NA,NA,NA,NA,NA,NA,NA,NA,NA,NA,NA,NA,NA,NA,NA,NA,NA,NA,NA,NA
"90",1,0,0,NA,0,NA,0,0,NA,0,NA,0,0,NA,0,0,NA,0,0,0,0,0,0,0,0,0,0,0,NA,0,0,0,0,0,0,NA,0,NA,NA,0,0,0,NA,0,0,0,0,0,0,0,0,0,0,0,0,NA,0,0,0,NA,NA,NA,NA,NA,NA,NA,NA,NA,NA,NA,NA,NA,NA,NA,NA,NA,NA,NA,NA,NA,NA,NA,NA,NA,NA,NA,NA
"91",1,0,1,NA,0,NA,0,0,NA,0,0,0,0,NA,0,0,NA,0,NA,0,0,0,0,0,0,0,0,0,NA,0,NA,0,0,0,0,NA,0,NA,NA,0,0,0,NA,0,0,0,0,0,0,0,0,0,0,0,0,NA,0,0,NA,NA,NA,NA,NA,NA,NA,NA,NA,NA,NA,NA,NA,NA,NA,NA,NA,NA,NA,NA,NA,NA,NA,NA,NA,NA,NA,NA,NA
"92",0,0,NA,0,0,0,0,0,0,0,0,0,0,NA,0,0,NA,NA,0,NA,0,0,0,0,0,0,0,0,NA,0,0,0,0,0,0,0,0,0,0,0,0,0,0,0,0,0,0,0,0,0,0,0,0,0,0,NA,0,0,0,NA,NA,NA,NA,NA,NA,NA,NA,NA,NA,NA,NA,NA,NA,NA,NA,NA,NA,NA,NA,NA,NA,NA,NA,NA,NA,NA,NA
"93",1,0,0,NA,0,NA,0,0,NA,0,0,0,0,NA,0,0,NA,0,0,0,0,0,0,0,0,0,0,0,NA,0,NA,0,0,0,0,NA,0,NA,NA,0,0,0,NA,0,0,0,0,0,0,0,0,0,0,0,0,NA,0,0,NA,NA,NA,NA,NA,NA,NA,NA,NA,NA,NA,NA,NA,NA,NA,NA,NA,NA,NA,NA,NA,NA,NA,NA,NA,NA,NA,NA,NA
"94",1,1,NA,NA,0,0,0,0,0,0,0,0,0,0,0,0,0,NA,0,NA,0,0,0,0,0,0,0,0,NA,0,0,0,0,0,0,NA,0,NA,0,0,0,0,0,0,0,0,0,0,0,0,0,0,0,0,0,NA,0,0,0,NA,NA,NA,NA,NA,NA,NA,NA,NA,NA,NA,NA,NA,NA,NA,NA,NA,NA,NA,NA,NA,NA,NA,NA,NA,NA,NA,NA
"95",0,1,NA,0,0,0,0,0,0,0,0,0,0,NA,0,0,0,NA,0,NA,0,0,0,0,0,0,0,0,NA,0,NA,0,0,0,0,0,0,0,0,0,0,0,0,0,0,0,0,0,0,0,0,0,0,0,0,NA,0,0,NA,NA,NA,NA,NA,NA,NA,NA,NA,NA,NA,NA,NA,NA,NA,NA,NA,NA,NA,NA,NA,NA,NA,NA,NA,NA,NA,NA,NA
"96",1,1,1,NA,0,NA,0,0,NA,0,NA,0,0,NA,0,0,0,0,NA,0,0,0,0,0,0,0,0,0,NA,0,0,0,0,0,0,NA,0,NA,NA,0,0,0,NA,0,0,0,0,0,0,0,0,0,0,0,0,NA,0,0,0,NA,NA,NA,NA,NA,NA,NA,NA,NA,NA,NA,NA,NA,NA,NA,NA,NA,NA,NA,NA,NA,NA,NA,NA,NA,NA,NA,NA
"97",1,1,NA,NA,0,0,0,0,0,0,0,0,0,0,0,0,NA,NA,0,NA,0,0,0,0,0,0,0,0,NA,0,NA,0,0,0,0,0,0,0,0,0,0,0,0,0,0,0,0,0,0,0,0,0,0,0,0,NA,0,0,NA,NA,NA,NA,NA,NA,NA,NA,NA,NA,NA,NA,NA,NA,NA,NA,NA,NA,NA,NA,NA,NA,NA,NA,NA,NA,NA,NA,NA
"98",1,1,0,NA,0,NA,0,0,NA,0,NA,0,0,NA,0,0,0,0,0,0,0,0,0,0,0,0,0,0,NA,0,0,0,0,0,0,NA,0,NA,NA,0,0,0,NA,0,0,0,0,0,0,0,0,0,0,0,0,NA,0,0,0,NA,NA,NA,NA,NA,NA,NA,NA,NA,NA,NA,NA,NA,NA,NA,NA,NA,NA,NA,NA,NA,NA,NA,NA,NA,NA,NA,NA
"99",1,1,NA,NA,0,0,0,0,0,0,0,0,0,0,0,0,0,NA,0,NA,0,0,0,0,0,0,0,0,NA,0,NA,0,0,0,0,0,0,0,0,0,0,0,0,0,0,0,0,0,0,0,0,0,0,0,0,NA,0,0,NA,NA,NA,NA,NA,NA,NA,NA,NA,NA,NA,NA,NA,NA,NA,NA,NA,NA,NA,NA,NA,NA,NA,NA,NA,NA,NA,NA,NA
"100",1,1,1,NA,0,NA,0,0,NA,0,0,0,0,NA,0,0,0,0,NA,0,0,0,0,0,0,0,0,0,NA,0,0,0,0,0,0,NA,0,NA,NA,0,0,0,NA,0,0,0,0,0,0,0,0,0,0,0,0,NA,0,0,0,NA,NA,NA,NA,NA,NA,NA,NA,NA,NA,NA,NA,NA,NA,NA,NA,NA,NA,NA,NA,NA,NA,NA,NA,NA,NA,NA,NA
"101",1,1,NA,0,0,0,0,0,0,0,0,0,0,0,0,0,0,NA,0,NA,0,0,0,0,NA,0,0,0,NA,0,NA,0,0,0,0,NA,0,NA,0,0,0,0,0,0,0,0,0,0,0,0,0,0,0,0,0,NA,0,0,NA,NA,NA,NA,NA,NA,NA,NA,NA,NA,NA,NA,NA,NA,NA,NA,NA,NA,NA,NA,NA,NA,NA,NA,NA,NA,NA,NA,NA
"102",1,1,0,NA,0,NA,0,0,NA,0,0,0,0,NA,0,0,0,0,0,0,0,0,0,0,0,0,0,0,NA,0,0,0,0,0,0,NA,0,NA,NA,0,0,0,NA,0,0,0,0,0,0,0,0,0,0,0,0,NA,0,0,0,NA,NA,NA,NA,NA,NA,NA,NA,NA,NA,NA,NA,NA,NA,NA,NA,NA,NA,NA,NA,NA,NA,NA,NA,NA,NA,NA,NA
"103",1,1,NA,0,0,0,0,0,0,0,0,0,0,0,0,0,NA,NA,0,NA,0,0,0,0,NA,0,0,0,NA,0,NA,0,0,0,0,0,0,0,0,0,0,0,0,0,0,0,0,0,0,0,0,0,0,0,0,NA,0,0,NA,NA,NA,NA,NA,NA,NA,NA,NA,NA,NA,NA,NA,NA,NA,NA,NA,NA,NA,NA,NA,NA,NA,NA,NA,NA,NA,NA,NA
"104",1,0,1,NA,0,NA,0,0,NA,0,NA,0,0,NA,0,0,NA,0,NA,0,0,0,0,0,0,0,0,0,NA,0,0,0,0,0,0,0,0,0,NA,0,0,0,NA,0,0,0,0,0,0,0,0,0,0,0,0,NA,0,0,0,NA,NA,NA,NA,NA,NA,NA,NA,NA,NA,NA,NA,NA,NA,NA,NA,NA,NA,NA,NA,NA,NA,NA,NA,NA,NA,NA,NA
"105",1,1,NA,0,0,0,0,0,0,0,0,0,0,0,0,0,0,NA,0,NA,0,0,0,0,NA,0,0,0,NA,0,NA,0,0,0,0,0,0,0,0,0,0,0,0,0,0,0,0,0,0,0,0,0,0,0,0,NA,0,0,NA,NA,NA,NA,NA,NA,NA,NA,NA,NA,NA,NA,NA,NA,NA,NA,NA,NA,NA,NA,NA,NA,NA,NA,NA,NA,NA,NA,NA
"106",1,0,0,NA,0,NA,0,0,NA,0,NA,0,0,NA,0,0,NA,0,0,0,0,0,0,0,0,0,0,0,NA,0,0,0,0,0,0,0,0,0,NA,0,0,0,NA,0,0,0,0,0,0,0,0,0,0,0,0,NA,0,0,0,NA,NA,NA,NA,NA,NA,NA,NA,NA,NA,NA,NA,NA,NA,NA,NA,NA,NA,NA,NA,NA,NA,NA,NA,NA,NA,NA,NA
"107",0,1,NA,0,0,0,0,0,0,0,0,0,0,0,0,0,NA,NA,0,NA,0,0,0,0,0,0,0,0,NA,0,NA,0,0,0,0,NA,0,NA,0,0,0,0,0,0,0,0,0,0,0,0,0,0,0,0,0,NA,0,0,NA,NA,NA,NA,NA,NA,NA,NA,NA,NA,NA,NA,NA,NA,NA,NA,NA,NA,NA,NA,NA,NA,NA,NA,NA,NA,NA,NA,NA
"108",1,0,1,NA,0,NA,0,0,NA,0,0,0,0,NA,0,0,NA,0,NA,0,0,0,0,0,0,0,0,0,NA,0,0,0,0,0,0,0,0,0,NA,0,0,0,NA,0,0,0,0,0,0,0,0,0,0,0,0,NA,0,0,0,NA,NA,NA,NA,NA,NA,NA,NA,NA,NA,NA,NA,NA,NA,NA,NA,NA,NA,NA,NA,NA,NA,NA,NA,NA,NA,NA,NA
"109",0,1,NA,0,0,0,0,0,0,0,0,0,0,0,0,0,0,NA,0,NA,0,0,0,0,0,0,0,0,NA,0,NA,0,0,0,0,NA,0,NA,0,0,0,0,0,0,0,0,0,0,0,0,0,0,0,0,0,NA,0,0,NA,NA,NA,NA,NA,NA,NA,NA,NA,NA,NA,NA,NA,NA,NA,NA,NA,NA,NA,NA,NA,NA,NA,NA,NA,NA,NA,NA,NA
"110",1,0,0,NA,0,NA,0,0,NA,0,0,0,0,NA,0,0,NA,0,0,0,0,0,0,0,0,0,0,0,NA,0,0,0,0,0,0,0,0,0,NA,0,0,0,NA,0,0,0,0,0,0,0,0,0,0,0,0,NA,0,0,0,NA,NA,NA,NA,NA,NA,NA,NA,NA,NA,NA,NA,NA,NA,NA,NA,NA,NA,NA,NA,NA,NA,NA,NA,NA,NA,NA,NA
"111",0,1,NA,0,0,0,0,0,0,0,0,0,0,0,0,0,NA,NA,0,NA,0,0,0,0,0,0,0,0,NA,0,NA,0,0,0,0,0,0,0,0,0,0,0,0,0,0,0,0,0,0,0,0,0,0,0,0,NA,0,0,NA,NA,NA,NA,NA,NA,NA,NA,NA,NA,NA,NA,NA,NA,NA,NA,NA,NA,NA,NA,NA,NA,NA,NA,NA,NA,NA,NA,NA
"112",1,1,1,NA,0,NA,0,0,NA,0,NA,0,0,NA,0,0,0,0,NA,0,0,0,0,0,0,0,0,0,NA,0,0,0,0,0,0,0,0,0,NA,0,0,0,NA,0,0,0,0,0,0,0,0,0,0,0,0,NA,0,0,0,NA,NA,NA,NA,NA,NA,NA,NA,NA,NA,NA,NA,NA,NA,NA,NA,NA,NA,NA,NA,NA,NA,NA,NA,NA,NA,NA,NA
"113",0,1,NA,0,0,0,0,0,0,0,0,0,0,0,0,0,0,NA,0,NA,0,0,0,0,0,0,0,0,NA,0,NA,0,0,0,0,0,0,0,0,0,0,0,0,0,0,0,0,0,0,0,0,0,0,0,0,NA,0,0,NA,NA,NA,NA,NA,NA,NA,NA,NA,NA,NA,NA,NA,NA,NA,NA,NA,NA,NA,NA,NA,NA,NA,NA,NA,NA,NA,NA,NA
"114",1,1,1,NA,0,NA,0,0,NA,0,0,0,0,NA,0,0,0,0,NA,0,0,0,0,0,0,0,0,0,NA,0,NA,0,0,0,0,0,0,0,NA,0,0,0,NA,0,0,0,0,0,0,0,0,0,0,0,0,NA,0,0,NA,NA,NA,NA,NA,NA,NA,NA,NA,NA,NA,NA,NA,NA,NA,NA,NA,NA,NA,NA,NA,NA,NA,NA,NA,NA,NA,NA,NA
"115",1,1,0,NA,0,NA,0,0,NA,0,NA,0,0,NA,0,0,0,0,0,0,0,0,0,0,0,0,0,0,NA,0,NA,0,0,0,0,0,0,0,NA,0,0,0,NA,0,0,0,0,0,0,0,0,0,0,0,0,NA,0,0,NA,NA,NA,NA,NA,NA,NA,NA,NA,NA,NA,NA,NA,NA,NA,NA,NA,NA,NA,NA,NA,NA,NA,NA,NA,NA,NA,NA,NA
"116",1,1,0,NA,0,NA,0,0,NA,0,0,0,0,NA,0,0,0,0,0,0,0,0,0,0,0,0,0,0,NA,0,0,0,0,0,0,0,0,0,NA,0,0,0,NA,0,0,0,0,0,0,0,0,0,0,0,0,NA,0,0,0,NA,NA,NA,NA,NA,NA,NA,NA,NA,NA,NA,NA,NA,NA,NA,NA,NA,NA,NA,NA,NA,NA,NA,NA,NA,NA,NA,NA
"117",1,1,1,NA,0,NA,0,0,NA,0,0,0,0,0,0,0,NA,0,NA,0,0,0,0,0,NA,0,0,0,NA,0,NA,0,0,0,0,NA,0,NA,NA,0,0,0,NA,0,0,0,0,0,0,0,0,0,0,0,0,NA,0,0,NA,NA,NA,NA,NA,NA,NA,NA,NA,NA,NA,NA,NA,NA,NA,NA,NA,NA,NA,NA,NA,NA,NA,NA,NA,NA,NA,NA,NA
"118",1,0,1,1,1,NA,0,0,NA,0,NA,0,0,NA,0,0,NA,0,NA,0,0,0,0,0,0,0,0,0,NA,0,0,0,0,0,0,NA,0,NA,NA,0,0,0,NA,0,0,0,0,NA,0,0,0,0,0,0,0,NA,0,0,0,NA,NA,NA,NA,NA,NA,NA,NA,NA,NA,NA,NA,NA,NA,NA,NA,NA,NA,NA,NA,NA,NA,NA,NA,NA,NA,NA,NA
"119",1,1,0,NA,0,NA,0,0,NA,0,0,0,0,0,0,0,NA,0,0,0,0,0,0,0,NA,0,0,0,NA,0,0,0,0,0,0,NA,0,NA,NA,0,0,0,NA,0,0,0,0,0,0,0,0,0,0,0,0,NA,0,0,0,NA,NA,NA,NA,NA,NA,NA,NA,NA,NA,NA,NA,NA,NA,NA,NA,NA,NA,NA,NA,NA,NA,NA,NA,NA,NA,NA,NA
"120",1,1,1,NA,0,NA,0,0,NA,0,NA,0,0,0,0,0,0,0,NA,0,0,0,0,0,NA,0,0,0,NA,0,NA,0,0,0,0,NA,0,NA,NA,0,0,0,NA,0,0,0,0,0,0,0,0,0,0,0,0,NA,0,0,NA,NA,NA,NA,NA,NA,NA,NA,NA,NA,NA,NA,NA,NA,NA,NA,NA,NA,NA,NA,NA,NA,NA,NA,NA,NA,NA,NA,NA
"121",1,0,1,0,0,NA,0,0,NA,0,NA,0,0,NA,0,0,NA,0,NA,0,0,0,0,0,NA,0,0,0,NA,0,NA,0,0,0,0,NA,0,NA,NA,0,0,0,NA,0,0,0,0,0,0,0,0,0,0,0,0,NA,0,0,NA,NA,NA,NA,NA,NA,NA,NA,NA,NA,NA,NA,NA,NA,NA,NA,NA,NA,NA,NA,NA,NA,NA,NA,NA,NA,NA,NA,NA
"122",1,1,0,NA,0,NA,0,0,NA,0,NA,0,0,0,0,0,0,0,0,0,0,0,0,0,NA,0,0,0,NA,0,0,0,0,0,0,NA,0,NA,NA,0,0,0,NA,0,0,0,0,0,0,0,0,0,0,0,0,NA,0,0,0,NA,NA,NA,NA,NA,NA,NA,NA,NA,NA,NA,NA,NA,NA,NA,NA,NA,NA,NA,NA,NA,NA,NA,NA,NA,NA,NA,NA
"123",1,0,1,0,0,NA,0,0,NA,0,0,0,0,NA,0,0,NA,0,NA,0,0,0,0,0,NA,0,0,0,NA,0,NA,0,0,0,0,NA,0,NA,NA,0,0,0,NA,0,0,0,0,0,0,0,0,0,0,0,0,NA,0,0,NA,NA,NA,NA,NA,NA,NA,NA,NA,NA,NA,NA,NA,NA,NA,NA,NA,NA,NA,NA,NA,NA,NA,NA,NA,NA,NA,NA,NA
"124",1,1,1,NA,0,NA,0,0,NA,0,0,0,0,0,0,0,0,0,NA,0,0,0,0,0,NA,0,0,0,NA,0,0,0,0,0,0,NA,0,NA,NA,0,0,0,NA,0,0,0,0,0,0,0,0,0,0,0,0,NA,0,0,0,NA,NA,NA,NA,NA,NA,NA,NA,NA,NA,NA,NA,NA,NA,NA,NA,NA,NA,NA,NA,NA,NA,NA,NA,NA,NA,NA,NA
"125",1,0,0,0,0,NA,0,0,NA,0,NA,0,0,NA,0,0,NA,0,0,0,0,0,0,0,NA,0,0,0,NA,0,NA,0,0,0,0,NA,0,NA,NA,0,0,0,NA,0,0,0,0,0,0,0,0,0,0,0,0,NA,0,0,NA,NA,NA,NA,NA,NA,NA,NA,NA,NA,NA,NA,NA,NA,NA,NA,NA,NA,NA,NA,NA,NA,NA,NA,NA,NA,NA,NA,NA
"126",1,1,0,NA,0,NA,0,0,NA,0,0,0,0,0,0,0,0,0,0,0,0,0,0,0,NA,0,0,0,NA,0,0,0,0,0,0,NA,0,NA,NA,0,0,0,NA,0,0,0,0,0,0,0,0,0,0,0,0,NA,0,0,0,NA,NA,NA,NA,NA,NA,NA,NA,NA,NA,NA,NA,NA,NA,NA,NA,NA,NA,NA,NA,NA,NA,NA,NA,NA,NA,NA,NA
"127",1,0,0,0,0,NA,0,0,NA,0,0,0,0,NA,0,0,NA,0,0,0,0,0,0,0,NA,0,0,0,NA,0,NA,0,0,0,0,NA,0,NA,NA,0,0,0,NA,0,0,0,0,0,0,0,0,0,0,0,0,NA,0,0,NA,NA,NA,NA,NA,NA,NA,NA,NA,NA,NA,NA,NA,NA,NA,NA,NA,NA,NA,NA,NA,NA,NA,NA,NA,NA,NA,NA,NA
"128",1,1,1,NA,0,NA,0,0,NA,0,NA,0,0,0,0,0,NA,0,NA,0,0,0,0,0,NA,0,0,0,NA,0,0,0,0,0,0,0,0,0,NA,0,0,0,NA,0,0,0,0,0,0,0,0,0,0,0,0,NA,0,0,0,NA,NA,NA,NA,NA,NA,NA,NA,NA,NA,NA,NA,NA,NA,NA,NA,NA,NA,NA,NA,NA,NA,NA,NA,NA,NA,NA,NA
"129",1,1,1,0,0,NA,0,0,NA,0,NA,0,0,NA,0,0,0,0,NA,0,0,0,0,0,NA,0,0,0,NA,0,NA,0,0,0,0,NA,0,NA,NA,0,0,0,NA,0,0,0,0,0,0,0,0,0,0,0,0,NA,0,0,NA,NA,NA,NA,NA,NA,NA,NA,NA,NA,NA,NA,NA,NA,NA,NA,NA,NA,NA,NA,NA,NA,NA,NA,NA,NA,NA,NA,NA
"130",1,1,1,NA,0,NA,0,0,NA,0,0,0,0,0,0,0,NA,0,NA,0,0,0,0,0,NA,0,0,0,NA,0,0,0,0,0,0,0,0,0,NA,0,0,0,NA,0,0,0,0,0,0,0,0,0,0,0,0,NA,0,0,0,NA,NA,NA,NA,NA,NA,NA,NA,NA,NA,NA,NA,NA,NA,NA,NA,NA,NA,NA,NA,NA,NA,NA,NA,NA,NA,NA,NA
"131",1,1,0,0,0,NA,0,0,NA,0,NA,0,0,NA,0,0,0,0,0,0,0,0,0,0,NA,0,0,0,NA,0,NA,0,0,0,0,NA,0,NA,NA,0,0,0,NA,0,0,0,0,0,0,0,0,0,0,0,0,NA,0,0,NA,NA,NA,NA,NA,NA,NA,NA,NA,NA,NA,NA,NA,NA,NA,NA,NA,NA,NA,NA,NA,NA,NA,NA,NA,NA,NA,NA,NA
"132",1,1,0,NA,0,NA,0,0,NA,0,NA,0,0,0,0,0,NA,0,0,0,0,0,0,0,NA,0,0,0,NA,0,0,0,0,0,0,0,0,0,NA,0,0,0,NA,0,0,0,0,0,0,0,0,0,0,0,0,NA,0,0,0,NA,NA,NA,NA,NA,NA,NA,NA,NA,NA,NA,NA,NA,NA,NA,NA,NA,NA,NA,NA,NA,NA,NA,NA,NA,NA,NA,NA
"133",1,1,1,0,0,NA,0,0,NA,0,0,0,0,NA,0,0,0,0,NA,0,0,0,0,0,NA,0,0,0,NA,0,NA,0,0,0,0,NA,0,NA,NA,0,0,0,NA,0,0,0,0,0,0,0,0,0,0,0,0,NA,0,0,NA,NA,NA,NA,NA,NA,NA,NA,NA,NA,NA,NA,NA,NA,NA,NA,NA,NA,NA,NA,NA,NA,NA,NA,NA,NA,NA,NA,NA
"134",1,1,0,NA,0,NA,0,0,NA,0,0,0,0,0,0,0,NA,0,0,0,0,0,0,0,NA,0,0,0,NA,0,0,0,0,0,0,0,0,0,NA,0,0,0,NA,0,0,0,0,0,0,0,0,0,0,0,0,NA,0,0,0,NA,NA,NA,NA,NA,NA,NA,NA,NA,NA,NA,NA,NA,NA,NA,NA,NA,NA,NA,NA,NA,NA,NA,NA,NA,NA,NA,NA
"135",1,1,0,0,0,NA,0,0,NA,0,0,0,0,NA,0,0,0,0,0,0,0,0,0,0,NA,0,0,0,NA,0,NA,0,0,0,0,NA,0,NA,NA,0,0,0,NA,0,0,0,0,0,0,0,0,0,0,0,0,NA,0,0,NA,NA,NA,NA,NA,NA,NA,NA,NA,NA,NA,NA,NA,NA,NA,NA,NA,NA,NA,NA,NA,NA,NA,NA,NA,NA,NA,NA,NA
"136",1,1,1,NA,0,NA,0,0,NA,0,NA,0,0,0,0,0,0,0,NA,0,0,0,0,0,NA,0,0,0,NA,0,0,0,0,0,0,0,0,0,NA,0,0,0,NA,0,0,0,0,0,0,0,0,0,0,0,0,NA,0,0,0,NA,NA,NA,NA,NA,NA,NA,NA,NA,NA,NA,NA,NA,NA,NA,NA,NA,NA,NA,NA,NA,NA,NA,NA,NA,NA,NA,NA
"137",1,0,1,0,0,NA,0,0,NA,0,NA,0,0,NA,0,0,NA,0,NA,0,0,0,0,0,NA,0,0,0,NA,0,NA,0,0,0,0,0,0,0,NA,0,0,0,NA,0,0,0,0,0,0,0,0,0,0,0,0,NA,0,0,NA,NA,NA,NA,NA,NA,NA,NA,NA,NA,NA,NA,NA,NA,NA,NA,NA,NA,NA,NA,NA,NA,NA,NA,NA,NA,NA,NA,NA
"138",1,1,0,NA,0,NA,0,0,NA,0,NA,0,0,0,0,0,0,0,0,0,0,0,0,0,NA,0,0,0,NA,0,0,0,0,0,0,0,0,0,NA,0,0,0,NA,0,0,0,0,0,0,0,0,0,0,0,0,NA,0,0,0,NA,NA,NA,NA,NA,NA,NA,NA,NA,NA,NA,NA,NA,NA,NA,NA,NA,NA,NA,NA,NA,NA,NA,NA,NA,NA,NA,NA
"139",1,0,1,0,0,NA,0,0,NA,0,0,0,0,NA,0,0,NA,0,NA,0,0,0,0,0,NA,0,0,0,NA,0,NA,0,0,0,0,0,0,0,NA,0,0,0,NA,0,0,0,0,0,0,0,0,0,0,0,0,NA,0,0,NA,NA,NA,NA,NA,NA,NA,NA,NA,NA,NA,NA,NA,NA,NA,NA,NA,NA,NA,NA,NA,NA,NA,NA,NA,NA,NA,NA,NA
"140",1,1,1,NA,0,NA,0,0,NA,0,0,0,0,0,0,0,0,0,NA,0,0,0,0,0,NA,0,0,0,NA,0,0,0,0,0,0,0,0,0,NA,0,0,0,NA,0,0,0,0,0,0,0,0,0,0,0,0,NA,0,0,0,NA,NA,NA,NA,NA,NA,NA,NA,NA,NA,NA,NA,NA,NA,NA,NA,NA,NA,NA,NA,NA,NA,NA,NA,NA,NA,NA,NA
"141",1,0,0,0,0,NA,0,0,NA,0,NA,0,0,NA,0,0,NA,0,0,0,0,0,0,0,NA,0,0,0,NA,0,NA,0,0,0,0,0,0,0,NA,0,0,0,NA,0,0,0,0,0,0,0,0,0,0,0,0,NA,0,0,NA,NA,NA,NA,NA,NA,NA,NA,NA,NA,NA,NA,NA,NA,NA,NA,NA,NA,NA,NA,NA,NA,NA,NA,NA,NA,NA,NA,NA
"142",1,1,0,NA,0,NA,0,0,NA,0,0,0,0,0,0,0,0,0,0,0,0,0,0,0,NA,0,0,0,NA,0,0,0,0,0,0,0,0,0,NA,0,0,0,NA,0,0,0,0,0,0,0,0,0,0,0,0,NA,0,0,0,NA,NA,NA,NA,NA,NA,NA,NA,NA,NA,NA,NA,NA,NA,NA,NA,NA,NA,NA,NA,NA,NA,NA,NA,NA,NA,NA,NA
"143",1,0,0,0,0,NA,0,0,NA,0,0,0,0,NA,0,0,NA,0,0,0,0,0,0,0,NA,0,0,0,NA,0,NA,0,0,0,0,0,0,0,NA,0,0,0,NA,0,0,0,0,0,0,0,0,0,0,0,0,NA,0,0,NA,NA,NA,NA,NA,NA,NA,NA,NA,NA,NA,NA,NA,NA,NA,NA,NA,NA,NA,NA,NA,NA,NA,NA,NA,NA,NA,NA,NA
"144",1,1,1,NA,0,NA,0,0,NA,0,NA,0,0,0,0,0,NA,0,NA,0,0,0,0,0,0,0,0,0,NA,0,0,0,0,0,0,NA,0,NA,NA,0,0,0,NA,0,0,0,0,0,0,0,0,0,0,0,0,NA,0,0,0,NA,NA,NA,NA,NA,NA,NA,NA,NA,NA,NA,NA,NA,NA,NA,NA,NA,NA,NA,NA,NA,NA,NA,NA,NA,NA,NA,NA
"145",1,1,1,0,0,NA,0,0,NA,0,NA,0,0,NA,0,0,0,0,NA,0,0,0,0,0,NA,0,0,0,NA,0,NA,0,0,0,0,0,0,0,NA,0,0,0,NA,0,0,0,0,0,0,0,0,0,0,0,0,NA,0,0,NA,NA,NA,NA,NA,NA,NA,NA,NA,NA,NA,NA,NA,NA,NA,NA,NA,NA,NA,NA,NA,NA,NA,NA,NA,NA,NA,NA,NA
"146",1,1,1,NA,0,NA,0,0,NA,0,0,0,0,0,0,0,NA,0,NA,0,0,0,0,0,0,0,0,0,NA,0,0,0,0,0,0,NA,0,NA,NA,0,0,0,NA,0,0,0,0,0,0,0,0,0,0,0,0,NA,0,0,0,NA,NA,NA,NA,NA,NA,NA,NA,NA,NA,NA,NA,NA,NA,NA,NA,NA,NA,NA,NA,NA,NA,NA,NA,NA,NA,NA,NA
"147",1,1,0,0,0,NA,0,0,NA,0,NA,0,0,NA,0,0,0,0,0,0,0,0,0,0,NA,0,0,0,NA,0,NA,0,0,0,0,0,0,0,NA,0,0,0,NA,0,0,0,0,0,0,0,0,0,0,0,0,NA,0,0,NA,NA,NA,NA,NA,NA,NA,NA,NA,NA,NA,NA,NA,NA,NA,NA,NA,NA,NA,NA,NA,NA,NA,NA,NA,NA,NA,NA,NA
"148",1,1,0,NA,0,NA,0,0,NA,0,NA,0,0,0,0,0,NA,0,0,0,0,0,0,0,0,0,0,0,NA,0,0,0,0,0,0,NA,0,NA,NA,0,0,0,NA,0,0,0,0,0,0,0,0,0,0,0,0,NA,0,0,0,NA,NA,NA,NA,NA,NA,NA,NA,NA,NA,NA,NA,NA,NA,NA,NA,NA,NA,NA,NA,NA,NA,NA,NA,NA,NA,NA,NA
"149",1,1,1,0,0,NA,0,0,NA,0,0,0,0,NA,0,0,0,0,NA,0,0,0,0,0,NA,0,0,0,NA,0,NA,0,0,0,0,0,0,0,NA,0,0,0,NA,0,0,0,0,0,0,0,0,0,0,0,0,NA,0,0,NA,NA,NA,NA,NA,NA,NA,NA,NA,NA,NA,NA,NA,NA,NA,NA,NA,NA,NA,NA,NA,NA,NA,NA,NA,NA,NA,NA,NA
"150",1,1,0,NA,0,NA,0,0,NA,0,0,0,0,0,0,0,NA,0,0,0,0,0,0,0,0,0,0,0,NA,0,0,0,0,0,0,NA,0,NA,NA,0,0,0,NA,0,0,0,0,0,0,0,0,0,0,0,0,NA,0,0,0,NA,NA,NA,NA,NA,NA,NA,NA,NA,NA,NA,NA,NA,NA,NA,NA,NA,NA,NA,NA,NA,NA,NA,NA,NA,NA,NA,NA
"151",1,1,0,0,0,NA,0,0,NA,0,0,0,0,NA,0,0,0,0,0,0,0,0,0,0,NA,0,0,0,NA,0,NA,0,0,0,0,0,0,0,NA,0,0,0,NA,0,0,0,0,0,0,0,0,0,0,0,0,NA,0,0,NA,NA,NA,NA,NA,NA,NA,NA,NA,NA,NA,NA,NA,NA,NA,NA,NA,NA,NA,NA,NA,NA,NA,NA,NA,NA,NA,NA,NA
"152",1,1,1,NA,0,NA,0,0,NA,0,NA,0,0,0,0,0,0,0,NA,0,0,0,0,0,0,0,0,0,NA,0,0,0,0,0,0,NA,0,NA,NA,0,0,0,NA,0,0,0,0,0,0,0,0,0,0,0,0,NA,0,0,0,NA,NA,NA,NA,NA,NA,NA,NA,NA,NA,NA,NA,NA,NA,NA,NA,NA,NA,NA,NA,NA,NA,NA,NA,NA,NA,NA,NA
"153",1,0,1,1,1,NA,0,0,NA,0,0,0,0,NA,0,0,NA,0,NA,0,0,0,0,0,0,0,0,0,NA,0,NA,0,0,0,0,NA,0,NA,NA,0,0,0,NA,0,0,0,0,NA,0,0,0,0,0,0,0,NA,0,0,NA,NA,NA,NA,NA,NA,NA,NA,NA,NA,NA,NA,NA,NA,NA,NA,NA,NA,NA,NA,NA,NA,NA,NA,NA,NA,NA,NA,NA
"154",1,1,1,NA,0,NA,0,0,NA,0,0,0,0,0,0,0,0,0,NA,0,0,0,0,0,0,0,0,0,NA,0,0,0,0,0,0,NA,0,NA,NA,0,0,0,NA,0,0,0,0,0,0,0,0,0,0,0,0,NA,0,0,0,NA,NA,NA,NA,NA,NA,NA,NA,NA,NA,NA,NA,NA,NA,NA,NA,NA,NA,NA,NA,NA,NA,NA,NA,NA,NA,NA,NA
"155",1,0,0,1,1,NA,0,0,NA,0,NA,0,0,NA,0,0,NA,0,0,0,0,0,0,0,0,0,0,0,NA,0,NA,0,0,0,0,NA,0,NA,NA,0,0,0,NA,0,0,0,0,NA,0,0,0,0,0,0,0,NA,0,0,NA,NA,NA,NA,NA,NA,NA,NA,NA,NA,NA,NA,NA,NA,NA,NA,NA,NA,NA,NA,NA,NA,NA,NA,NA,NA,NA,NA,NA
"156",1,1,0,NA,0,NA,0,0,NA,0,NA,0,0,0,0,0,0,0,0,0,0,0,0,0,0,0,0,0,NA,0,0,0,0,0,0,NA,0,NA,NA,0,0,0,NA,0,0,0,0,0,0,0,0,0,0,0,0,NA,0,0,0,NA,NA,NA,NA,NA,NA,NA,NA,NA,NA,NA,NA,NA,NA,NA,NA,NA,NA,NA,NA,NA,NA,NA,NA,NA,NA,NA,NA
"157",1,0,0,1,1,NA,0,0,NA,0,0,0,0,NA,0,0,NA,0,0,0,0,0,0,0,0,0,0,0,NA,0,NA,0,0,0,0,NA,0,NA,NA,0,0,0,NA,0,0,0,0,NA,0,0,0,0,0,0,0,NA,0,0,NA,NA,NA,NA,NA,NA,NA,NA,NA,NA,NA,NA,NA,NA,NA,NA,NA,NA,NA,NA,NA,NA,NA,NA,NA,NA,NA,NA,NA
"158",1,1,0,NA,0,NA,0,0,NA,0,0,0,0,0,0,0,0,0,0,0,0,0,0,0,0,0,0,0,NA,0,0,0,0,0,0,NA,0,NA,NA,0,0,0,NA,0,0,0,0,0,0,0,0,0,0,0,0,NA,0,0,0,NA,NA,NA,NA,NA,NA,NA,NA,NA,NA,NA,NA,NA,NA,NA,NA,NA,NA,NA,NA,NA,NA,NA,NA,NA,NA,NA,NA
"159",1,1,1,1,1,NA,0,0,NA,0,NA,0,0,NA,0,0,0,0,NA,0,0,0,0,0,0,0,0,0,NA,0,NA,0,0,0,0,NA,0,NA,NA,0,0,0,NA,0,0,0,0,NA,0,0,0,0,0,0,0,NA,0,0,NA,NA,NA,NA,NA,NA,NA,NA,NA,NA,NA,NA,NA,NA,NA,NA,NA,NA,NA,NA,NA,NA,NA,NA,NA,NA,NA,NA,NA
"160",1,1,1,NA,0,NA,0,0,NA,0,NA,0,0,0,0,0,NA,0,NA,0,0,0,0,0,0,0,0,0,NA,0,0,0,0,0,0,0,0,0,NA,0,0,0,NA,0,0,0,0,0,0,0,0,0,0,0,0,NA,0,0,0,NA,NA,NA,NA,NA,NA,NA,NA,NA,NA,NA,NA,NA,NA,NA,NA,NA,NA,NA,NA,NA,NA,NA,NA,NA,NA,NA,NA
"161",1,1,1,1,1,NA,0,0,NA,0,0,0,0,NA,0,0,0,0,NA,0,0,0,0,0,0,0,0,0,NA,0,NA,0,0,0,0,NA,0,NA,NA,0,0,0,NA,0,0,0,0,NA,0,0,0,0,0,0,0,NA,0,0,NA,NA,NA,NA,NA,NA,NA,NA,NA,NA,NA,NA,NA,NA,NA,NA,NA,NA,NA,NA,NA,NA,NA,NA,NA,NA,NA,NA,NA
"162",1,1,0,NA,0,NA,0,0,NA,0,NA,0,0,0,0,0,NA,0,0,0,0,0,0,0,0,0,0,0,NA,0,0,0,0,0,0,0,0,0,NA,0,0,0,NA,0,0,0,0,0,0,0,0,0,0,0,0,NA,0,0,0,NA,NA,NA,NA,NA,NA,NA,NA,NA,NA,NA,NA,NA,NA,NA,NA,NA,NA,NA,NA,NA,NA,NA,NA,NA,NA,NA,NA
"163",1,1,0,1,1,NA,0,0,NA,0,NA,0,0,NA,0,0,0,0,0,0,0,0,0,0,0,0,0,0,NA,0,NA,0,0,0,0,NA,0,NA,NA,0,0,0,NA,0,0,0,0,NA,0,0,0,0,0,0,0,NA,0,0,NA,NA,NA,NA,NA,NA,NA,NA,NA,NA,NA,NA,NA,NA,NA,NA,NA,NA,NA,NA,NA,NA,NA,NA,NA,NA,NA,NA,NA
"164",1,1,1,NA,0,NA,0,0,NA,0,0,0,0,0,0,0,NA,0,NA,0,0,0,0,0,0,0,0,0,NA,0,0,0,0,0,0,0,0,0,NA,0,0,0,NA,0,0,0,0,0,0,0,0,0,0,0,0,NA,0,0,0,NA,NA,NA,NA,NA,NA,NA,NA,NA,NA,NA,NA,NA,NA,NA,NA,NA,NA,NA,NA,NA,NA,NA,NA,NA,NA,NA,NA
"165",1,1,0,1,1,NA,0,0,NA,0,0,0,0,NA,0,0,0,0,0,0,0,0,0,0,0,0,0,0,NA,0,NA,0,0,0,0,NA,0,NA,NA,0,0,0,NA,0,0,0,0,NA,0,0,0,0,0,0,0,NA,0,0,NA,NA,NA,NA,NA,NA,NA,NA,NA,NA,NA,NA,NA,NA,NA,NA,NA,NA,NA,NA,NA,NA,NA,NA,NA,NA,NA,NA,NA
"166",1,1,0,NA,0,NA,0,0,NA,0,0,0,0,0,0,0,NA,0,0,0,0,0,0,0,0,0,0,0,NA,0,0,0,0,0,0,0,0,0,NA,0,0,0,NA,0,0,0,0,0,0,0,0,0,0,0,0,NA,0,0,0,NA,NA,NA,NA,NA,NA,NA,NA,NA,NA,NA,NA,NA,NA,NA,NA,NA,NA,NA,NA,NA,NA,NA,NA,NA,NA,NA,NA
"167",1,0,1,1,1,NA,0,0,NA,0,NA,0,0,NA,0,0,NA,0,NA,0,0,0,0,0,0,0,0,0,NA,0,NA,0,0,0,0,0,0,0,NA,0,0,0,NA,0,0,0,0,NA,0,0,0,0,0,0,0,NA,0,0,NA,NA,NA,NA,NA,NA,NA,NA,NA,NA,NA,NA,NA,NA,NA,NA,NA,NA,NA,NA,NA,NA,NA,NA,NA,NA,NA,NA,NA
"168",1,1,1,NA,0,NA,0,0,NA,0,NA,0,0,0,0,0,0,0,NA,0,0,0,0,0,0,0,0,0,NA,0,0,0,0,0,0,0,0,0,NA,0,0,0,NA,0,0,0,0,0,0,0,0,0,0,0,0,NA,0,0,0,NA,NA,NA,NA,NA,NA,NA,NA,NA,NA,NA,NA,NA,NA,NA,NA,NA,NA,NA,NA,NA,NA,NA,NA,NA,NA,NA,NA
"169",1,0,1,1,1,NA,0,0,NA,0,0,0,0,NA,0,0,NA,0,NA,0,0,0,0,0,0,0,0,0,NA,0,NA,0,0,0,0,0,0,0,NA,0,0,0,NA,0,0,0,0,NA,0,0,0,0,0,0,0,NA,0,0,NA,NA,NA,NA,NA,NA,NA,NA,NA,NA,NA,NA,NA,NA,NA,NA,NA,NA,NA,NA,NA,NA,NA,NA,NA,NA,NA,NA,NA
"170",1,1,0,NA,0,NA,0,0,NA,0,NA,0,0,0,0,0,0,0,0,0,0,0,0,0,0,0,0,0,NA,0,0,0,0,0,0,0,0,0,NA,0,0,0,NA,0,0,0,0,0,0,0,0,0,0,0,0,NA,0,0,0,NA,NA,NA,NA,NA,NA,NA,NA,NA,NA,NA,NA,NA,NA,NA,NA,NA,NA,NA,NA,NA,NA,NA,NA,NA,NA,NA,NA
"171",1,0,0,1,1,NA,0,0,NA,0,NA,0,0,NA,0,0,NA,0,0,0,0,0,0,0,0,0,0,0,NA,0,NA,0,0,0,0,0,0,0,NA,0,0,0,NA,0,0,0,0,NA,0,0,0,0,0,0,0,NA,0,0,NA,NA,NA,NA,NA,NA,NA,NA,NA,NA,NA,NA,NA,NA,NA,NA,NA,NA,NA,NA,NA,NA,NA,NA,NA,NA,NA,NA,NA
"172",1,1,1,NA,0,NA,0,0,NA,0,0,0,0,0,0,0,0,0,NA,0,0,0,0,0,0,0,0,0,NA,0,0,0,0,0,0,0,0,0,NA,0,0,0,NA,0,0,0,0,0,0,0,0,0,0,0,0,NA,0,0,0,NA,NA,NA,NA,NA,NA,NA,NA,NA,NA,NA,NA,NA,NA,NA,NA,NA,NA,NA,NA,NA,NA,NA,NA,NA,NA,NA,NA
"173",1,0,0,1,1,NA,0,0,NA,0,0,0,0,NA,0,0,NA,0,0,0,0,0,0,0,0,0,0,0,NA,0,NA,0,0,0,0,0,0,0,NA,0,0,0,NA,0,0,0,0,NA,0,0,0,0,0,0,0,NA,0,0,NA,NA,NA,NA,NA,NA,NA,NA,NA,NA,NA,NA,NA,NA,NA,NA,NA,NA,NA,NA,NA,NA,NA,NA,NA,NA,NA,NA,NA
"174",1,1,0,NA,0,NA,0,0,NA,0,0,0,0,0,0,0,0,0,0,0,0,0,0,0,0,0,0,0,NA,0,0,0,0,0,0,0,0,0,NA,0,0,0,NA,0,0,0,0,0,0,0,0,0,0,0,0,NA,0,0,0,NA,NA,NA,NA,NA,NA,NA,NA,NA,NA,NA,NA,NA,NA,NA,NA,NA,NA,NA,NA,NA,NA,NA,NA,NA,NA,NA,NA
"175",1,1,1,1,1,NA,0,0,NA,0,NA,0,0,NA,0,0,0,0,NA,0,0,0,0,0,0,0,0,0,NA,0,NA,0,0,0,0,0,0,0,NA,0,0,0,NA,0,0,0,0,NA,0,0,0,0,0,0,0,NA,0,0,NA,NA,NA,NA,NA,NA,NA,NA,NA,NA,NA,NA,NA,NA,NA,NA,NA,NA,NA,NA,NA,NA,NA,NA,NA,NA,NA,NA,NA
"176",1,1,0,1,1,NA,0,0,NA,0,NA,0,0,NA,0,0,0,0,0,0,0,0,0,0,0,0,0,0,NA,0,0,0,0,0,0,0,0,0,NA,0,0,0,NA,0,0,0,0,NA,0,0,0,0,0,0,0,NA,0,0,0,NA,NA,NA,NA,NA,NA,NA,NA,NA,NA,NA,NA,NA,NA,NA,NA,NA,NA,NA,NA,NA,NA,NA,NA,NA,NA,NA,NA
"177",1,1,1,1,1,NA,0,0,NA,0,0,0,0,NA,0,0,0,0,NA,0,0,0,0,0,0,0,0,0,NA,0,NA,0,0,0,0,0,0,0,NA,0,0,0,NA,0,0,0,0,NA,0,0,0,0,0,0,0,NA,0,0,NA,NA,NA,NA,NA,NA,NA,NA,NA,NA,NA,NA,NA,NA,NA,NA,NA,NA,NA,NA,NA,NA,NA,NA,NA,NA,NA,NA,NA
"178",1,1,0,1,1,NA,0,0,NA,0,0,0,0,NA,0,0,0,0,0,0,0,0,0,0,0,0,0,0,NA,0,0,0,0,0,0,0,0,0,NA,0,0,0,NA,0,0,0,0,NA,0,0,0,0,0,0,0,NA,0,0,0,NA,NA,NA,NA,NA,NA,NA,NA,NA,NA,NA,NA,NA,NA,NA,NA,NA,NA,NA,NA,NA,NA,NA,NA,NA,NA,NA,NA
"179",0,0,1,0,0,NA,0,0,NA,0,0,0,0,NA,0,0,NA,0,NA,0,0,0,0,0,0,0,0,0,NA,0,NA,0,0,0,0,NA,0,NA,NA,0,0,0,NA,0,0,0,0,0,0,0,0,0,0,0,0,NA,0,0,NA,NA,NA,NA,NA,NA,NA,NA,NA,NA,NA,NA,NA,NA,NA,NA,NA,NA,NA,NA,NA,NA,NA,NA,NA,NA,NA,NA,NA
"180",0,0,0,0,0,NA,0,0,NA,0,0,0,0,NA,0,0,NA,0,0,0,0,0,0,0,0,0,0,0,NA,0,0,0,0,0,0,NA,0,NA,NA,0,0,0,NA,0,0,0,0,0,0,0,0,0,0,0,0,NA,0,0,0,NA,NA,NA,NA,NA,NA,NA,NA,NA,NA,NA,NA,NA,NA,NA,NA,NA,NA,NA,NA,NA,NA,NA,NA,NA,NA,NA,NA
"181",0,1,1,0,0,NA,0,0,NA,0,NA,0,0,NA,0,0,0,0,NA,0,0,0,0,0,0,0,0,0,NA,0,NA,0,0,0,0,NA,0,NA,NA,0,0,0,NA,0,0,0,0,0,0,0,0,0,0,0,0,NA,0,0,NA,NA,NA,NA,NA,NA,NA,NA,NA,NA,NA,NA,NA,NA,NA,NA,NA,NA,NA,NA,NA,NA,NA,NA,NA,NA,NA,NA,NA
"182",0,1,1,0,0,NA,0,0,NA,0,0,0,0,NA,0,0,0,0,NA,0,0,0,0,0,0,0,0,0,NA,0,0,0,0,0,0,NA,0,NA,NA,0,0,0,NA,0,0,0,0,0,0,0,0,0,0,0,0,NA,0,0,0,NA,NA,NA,NA,NA,NA,NA,NA,NA,NA,NA,NA,NA,NA,NA,NA,NA,NA,NA,NA,NA,NA,NA,NA,NA,NA,NA,NA
"183",0,1,0,0,0,NA,0,0,NA,0,NA,0,0,NA,0,0,0,0,0,0,0,0,0,0,0,0,0,0,NA,0,NA,0,0,0,0,NA,0,NA,NA,0,0,0,NA,0,0,0,0,0,0,0,0,0,0,0,0,NA,0,0,NA,NA,NA,NA,NA,NA,NA,NA,NA,NA,NA,NA,NA,NA,NA,NA,NA,NA,NA,NA,NA,NA,NA,NA,NA,NA,NA,NA,NA
"184",0,1,0,0,0,NA,0,0,NA,0,0,0,0,NA,0,0,0,0,0,0,0,0,0,0,0,0,0,0,NA,0,0,0,0,0,0,NA,0,NA,NA,0,0,0,NA,0,0,0,0,0,0,0,0,0,0,0,0,NA,0,0,0,NA,NA,NA,NA,NA,NA,NA,NA,NA,NA,NA,NA,NA,NA,NA,NA,NA,NA,NA,NA,NA,NA,NA,NA,NA,NA,NA,NA
"185",0,0,1,0,0,NA,0,0,NA,0,NA,0,0,NA,0,0,NA,0,NA,0,0,0,0,0,0,0,0,0,NA,0,NA,0,0,0,0,0,0,0,NA,0,0,0,NA,0,0,0,0,0,0,0,0,0,0,0,0,NA,0,0,NA,NA,NA,NA,NA,NA,NA,NA,NA,NA,NA,NA,NA,NA,NA,NA,NA,NA,NA,NA,NA,NA,NA,NA,NA,NA,NA,NA,NA
"186",0,0,1,0,0,NA,0,0,NA,0,0,0,0,NA,0,0,NA,0,NA,0,0,0,0,0,0,0,0,0,NA,0,0,0,0,0,0,0,0,0,NA,0,0,0,NA,0,0,0,0,0,0,0,0,0,0,0,0,NA,0,0,0,NA,NA,NA,NA,NA,NA,NA,NA,NA,NA,NA,NA,NA,NA,NA,NA,NA,NA,NA,NA,NA,NA,NA,NA,NA,NA,NA,NA
"187",0,0,0,0,0,NA,0,0,NA,0,NA,0,0,NA,0,0,NA,0,0,0,0,0,0,0,0,0,0,0,NA,0,NA,0,0,0,0,0,0,0,NA,0,0,0,NA,0,0,0,0,0,0,0,0,0,0,0,0,NA,0,0,NA,NA,NA,NA,NA,NA,NA,NA,NA,NA,NA,NA,NA,NA,NA,NA,NA,NA,NA,NA,NA,NA,NA,NA,NA,NA,NA,NA,NA
"188",0,0,0,0,0,NA,0,0,NA,0,0,0,0,NA,0,0,NA,0,0,0,0,0,0,0,0,0,0,0,NA,0,0,0,0,0,0,0,0,0,NA,0,0,0,NA,0,0,0,0,0,0,0,0,0,0,0,0,NA,0,0,0,NA,NA,NA,NA,NA,NA,NA,NA,NA,NA,NA,NA,NA,NA,NA,NA,NA,NA,NA,NA,NA,NA,NA,NA,NA,NA,NA,NA
"189",0,1,1,0,0,NA,0,0,NA,0,NA,0,0,NA,0,0,0,0,NA,0,0,0,0,0,0,0,0,0,NA,0,NA,0,0,0,0,0,0,0,NA,0,0,0,NA,0,0,0,0,0,0,0,0,0,0,0,0,NA,0,0,NA,NA,NA,NA,NA,NA,NA,NA,NA,NA,NA,NA,NA,NA,NA,NA,NA,NA,NA,NA,NA,NA,NA,NA,NA,NA,NA,NA,NA
"190",0,1,0,0,0,NA,0,0,NA,0,NA,0,0,NA,0,0,0,0,0,0,0,0,0,0,0,0,0,0,NA,0,0,0,0,0,0,0,0,0,NA,0,0,0,NA,0,0,0,0,0,0,0,0,0,0,0,0,NA,0,0,0,NA,NA,NA,NA,NA,NA,NA,NA,NA,NA,NA,NA,NA,NA,NA,NA,NA,NA,NA,NA,NA,NA,NA,NA,NA,NA,NA,NA
"191",0,1,1,0,0,NA,0,0,NA,0,0,0,0,NA,0,0,0,0,NA,0,0,0,0,0,0,0,0,0,NA,0,NA,0,0,0,0,0,0,0,NA,0,0,0,NA,0,0,0,0,0,0,0,0,0,0,0,0,NA,0,0,NA,NA,NA,NA,NA,NA,NA,NA,NA,NA,NA,NA,NA,NA,NA,NA,NA,NA,NA,NA,NA,NA,NA,NA,NA,NA,NA,NA,NA
"192",0,1,0,0,0,NA,0,0,NA,0,0,0,0,NA,0,0,0,0,0,0,0,0,0,0,0,0,0,0,NA,0,0,0,0,0,0,0,0,0,NA,0,0,0,NA,0,0,0,0,0,0,0,0,0,0,0,0,NA,0,0,0,NA,NA,NA,NA,NA,NA,NA,NA,NA,NA,NA,NA,NA,NA,NA,NA,NA,NA,NA,NA,NA,NA,NA,NA,NA,NA,NA,NA
"193",1,1,1,1,1,NA,0,0,NA,0,NA,0,0,0,0,0,NA,0,NA,0,0,0,0,0,NA,0,0,0,NA,0,0,0,0,0,0,NA,0,NA,NA,0,0,0,NA,0,0,0,0,NA,0,0,0,0,0,0,0,NA,0,0,0,NA,NA,NA,NA,NA,NA,NA,NA,NA,NA,NA,NA,NA,NA,NA,NA,NA,NA,NA,NA,NA,NA,NA,NA,NA,NA,NA,NA
"194",1,1,0,1,1,NA,0,0,NA,0,NA,0,0,0,0,0,NA,0,0,0,0,0,0,0,NA,0,0,0,NA,0,NA,0,0,0,0,NA,0,NA,NA,0,0,0,NA,0,0,0,0,NA,0,0,0,0,0,0,0,NA,0,0,NA,NA,NA,NA,NA,NA,NA,NA,NA,NA,NA,NA,NA,NA,NA,NA,NA,NA,NA,NA,NA,NA,NA,NA,NA,NA,NA,NA,NA
"195",1,1,1,1,1,NA,0,0,NA,0,0,0,0,0,0,0,NA,0,NA,0,0,0,0,0,NA,0,0,0,NA,0,NA,0,0,0,0,NA,0,NA,NA,0,0,0,NA,0,0,0,0,NA,0,0,0,0,0,0,0,NA,0,0,NA,NA,NA,NA,NA,NA,NA,NA,NA,NA,NA,NA,NA,NA,NA,NA,NA,NA,NA,NA,NA,NA,NA,NA,NA,NA,NA,NA,NA
"196",1,1,0,1,1,NA,0,0,NA,0,0,0,0,0,0,0,NA,0,0,0,0,0,0,0,NA,0,0,0,NA,0,0,0,0,0,0,NA,0,NA,NA,0,0,0,NA,0,0,0,0,NA,0,0,0,0,0,0,0,NA,0,0,0,NA,NA,NA,NA,NA,NA,NA,NA,NA,NA,NA,NA,NA,NA,NA,NA,NA,NA,NA,NA,NA,NA,NA,NA,NA,NA,NA,NA
"197",1,1,1,1,1,NA,0,0,NA,0,NA,0,0,0,0,0,0,0,NA,0,0,0,0,0,NA,0,0,0,NA,0,NA,0,0,0,0,NA,0,NA,NA,0,0,0,NA,0,0,0,0,NA,0,0,0,0,0,0,0,NA,0,0,NA,NA,NA,NA,NA,NA,NA,NA,NA,NA,NA,NA,NA,NA,NA,NA,NA,NA,NA,NA,NA,NA,NA,NA,NA,NA,NA,NA,NA
"198",1,1,0,1,1,NA,0,0,NA,0,NA,0,0,0,0,0,0,0,0,0,0,0,0,0,NA,0,0,0,NA,0,0,0,0,0,0,NA,0,NA,NA,0,0,0,NA,0,0,0,0,NA,0,0,0,0,0,0,0,NA,0,0,0,NA,NA,NA,NA,NA,NA,NA,NA,NA,NA,NA,NA,NA,NA,NA,NA,NA,NA,NA,NA,NA,NA,NA,NA,NA,NA,NA,NA
"199",1,1,1,1,1,NA,0,0,NA,0,0,0,0,0,0,0,0,0,NA,0,0,0,0,0,NA,0,0,0,NA,0,NA,0,0,0,0,NA,0,NA,NA,0,0,0,NA,0,0,0,0,NA,0,0,0,0,0,0,0,NA,0,0,NA,NA,NA,NA,NA,NA,NA,NA,NA,NA,NA,NA,NA,NA,NA,NA,NA,NA,NA,NA,NA,NA,NA,NA,NA,NA,NA,NA,NA
"200",1,1,0,1,1,NA,0,0,NA,0,0,0,0,0,0,0,0,0,0,0,0,0,0,0,NA,0,0,0,NA,0,0,0,0,0,0,NA,0,NA,NA,0,0,0,NA,0,0,0,0,NA,0,0,0,0,0,0,0,NA,0,0,0,NA,NA,NA,NA,NA,NA,NA,NA,NA,NA,NA,NA,NA,NA,NA,NA,NA,NA,NA,NA,NA,NA,NA,NA,NA,NA,NA,NA
"201",1,1,1,1,1,NA,0,0,NA,0,NA,0,0,0,0,0,NA,0,NA,0,0,0,0,0,NA,0,0,0,NA,0,NA,0,0,0,0,0,0,0,NA,0,0,0,NA,0,0,0,0,NA,0,0,0,0,0,0,0,NA,0,0,NA,NA,NA,NA,NA,NA,NA,NA,NA,NA,NA,NA,NA,NA,NA,NA,NA,NA,NA,NA,NA,NA,NA,NA,NA,NA,NA,NA,NA
"202",1,1,1,1,1,NA,0,0,NA,0,0,0,0,0,0,0,NA,0,NA,0,0,0,0,0,NA,0,0,0,NA,0,0,0,0,0,0,0,0,0,NA,0,0,0,NA,0,0,0,0,NA,0,0,0,0,0,0,0,NA,0,0,0,NA,NA,NA,NA,NA,NA,NA,NA,NA,NA,NA,NA,NA,NA,NA,NA,NA,NA,NA,NA,NA,NA,NA,NA,NA,NA,NA,NA
"203",1,1,0,1,1,NA,0,0,NA,0,NA,0,0,0,0,0,NA,0,0,0,0,0,0,0,NA,0,0,0,NA,0,NA,0,0,0,0,0,0,0,NA,0,0,0,NA,0,0,0,0,NA,0,0,0,0,0,0,0,NA,0,0,NA,NA,NA,NA,NA,NA,NA,NA,NA,NA,NA,NA,NA,NA,NA,NA,NA,NA,NA,NA,NA,NA,NA,NA,NA,NA,NA,NA,NA
"204",1,1,0,1,1,NA,0,0,NA,0,0,0,0,0,0,0,NA,0,0,0,0,0,0,0,NA,0,0,0,NA,0,0,0,0,0,0,0,0,0,NA,0,0,0,NA,0,0,0,0,NA,0,0,0,0,0,0,0,NA,0,0,0,NA,NA,NA,NA,NA,NA,NA,NA,NA,NA,NA,NA,NA,NA,NA,NA,NA,NA,NA,NA,NA,NA,NA,NA,NA,NA,NA,NA
"205",1,1,1,1,1,NA,0,0,NA,0,NA,0,0,0,0,0,0,0,NA,0,0,0,0,0,NA,0,0,0,NA,0,NA,0,0,0,0,0,0,0,NA,0,0,0,NA,0,0,0,0,NA,0,0,0,0,0,0,0,NA,0,0,NA,NA,NA,NA,NA,NA,NA,NA,NA,NA,NA,NA,NA,NA,NA,NA,NA,NA,NA,NA,NA,NA,NA,NA,NA,NA,NA,NA,NA
"206",1,1,0,1,1,NA,0,0,NA,0,NA,0,0,0,0,0,0,0,0,0,0,0,0,0,NA,0,0,0,NA,0,0,0,0,0,0,0,0,0,NA,0,0,0,NA,0,0,0,0,NA,0,0,0,0,0,0,0,NA,0,0,0,NA,NA,NA,NA,NA,NA,NA,NA,NA,NA,NA,NA,NA,NA,NA,NA,NA,NA,NA,NA,NA,NA,NA,NA,NA,NA,NA,NA
"207",1,1,1,1,1,NA,0,0,NA,0,0,0,0,0,0,0,0,0,NA,0,0,0,0,0,NA,0,0,0,NA,0,NA,0,0,0,0,0,0,0,NA,0,0,0,NA,0,0,0,0,NA,0,0,0,0,0,0,0,NA,0,0,NA,NA,NA,NA,NA,NA,NA,NA,NA,NA,NA,NA,NA,NA,NA,NA,NA,NA,NA,NA,NA,NA,NA,NA,NA,NA,NA,NA,NA
"208",1,1,0,1,1,NA,0,0,NA,0,0,0,0,0,0,0,0,0,0,0,0,0,0,0,NA,0,0,0,NA,0,0,0,0,0,0,0,0,0,NA,0,0,0,NA,0,0,0,0,NA,0,0,0,0,0,0,0,NA,0,0,0,NA,NA,NA,NA,NA,NA,NA,NA,NA,NA,NA,NA,NA,NA,NA,NA,NA,NA,NA,NA,NA,NA,NA,NA,NA,NA,NA,NA
"209",1,1,1,0,0,NA,0,0,NA,0,NA,0,0,0,0,0,NA,0,NA,0,0,0,0,0,NA,0,0,0,NA,0,NA,0,0,0,0,NA,0,NA,NA,0,0,0,NA,0,0,0,0,0,0,0,0,0,0,0,0,NA,0,0,NA,NA,NA,NA,NA,NA,NA,NA,NA,NA,NA,NA,NA,NA,NA,NA,NA,NA,NA,NA,NA,NA,NA,NA,NA,NA,NA,NA,NA
"210",1,1,1,1,1,NA,0,0,NA,0,NA,0,0,0,0,0,NA,0,NA,0,0,0,0,0,0,0,0,0,NA,0,0,0,0,0,0,NA,0,NA,NA,0,0,0,NA,0,0,0,0,NA,0,0,0,0,0,0,0,NA,0,0,0,NA,NA,NA,NA,NA,NA,NA,NA,NA,NA,NA,NA,NA,NA,NA,NA,NA,NA,NA,NA,NA,NA,NA,NA,NA,NA,NA,NA
"211",1,1,0,0,0,NA,0,0,NA,0,NA,0,0,0,0,0,NA,0,0,0,0,0,0,0,NA,0,0,0,NA,0,NA,0,0,0,0,NA,0,NA,NA,0,0,0,NA,0,0,0,0,0,0,0,0,0,0,0,0,NA,0,0,NA,NA,NA,NA,NA,NA,NA,NA,NA,NA,NA,NA,NA,NA,NA,NA,NA,NA,NA,NA,NA,NA,NA,NA,NA,NA,NA,NA,NA
"212",1,1,1,1,1,NA,0,0,NA,0,0,0,0,0,0,0,NA,0,NA,0,0,0,0,0,0,0,0,0,NA,0,0,0,0,0,0,NA,0,NA,NA,0,0,0,NA,0,0,0,0,NA,0,0,0,0,0,0,0,NA,0,0,0,NA,NA,NA,NA,NA,NA,NA,NA,NA,NA,NA,NA,NA,NA,NA,NA,NA,NA,NA,NA,NA,NA,NA,NA,NA,NA,NA,NA
"213",1,1,0,1,1,NA,0,0,NA,0,NA,0,0,0,0,0,NA,0,0,0,0,0,0,0,0,0,0,0,NA,0,NA,0,0,0,0,NA,0,NA,NA,0,0,0,NA,0,0,0,0,NA,0,0,0,0,0,0,0,NA,0,0,NA,NA,NA,NA,NA,NA,NA,NA,NA,NA,NA,NA,NA,NA,NA,NA,NA,NA,NA,NA,NA,NA,NA,NA,NA,NA,NA,NA,NA
"214",1,1,1,0,0,NA,0,0,NA,0,0,0,0,0,0,0,NA,0,NA,0,0,0,0,0,NA,0,0,0,NA,0,0,0,0,0,0,NA,0,NA,NA,0,0,0,NA,0,0,0,0,0,0,0,0,0,0,0,0,NA,0,0,0,NA,NA,NA,NA,NA,NA,NA,NA,NA,NA,NA,NA,NA,NA,NA,NA,NA,NA,NA,NA,NA,NA,NA,NA,NA,NA,NA,NA
"215",1,1,0,1,1,NA,0,0,NA,0,0,0,0,0,0,0,NA,0,0,0,0,0,0,0,0,0,0,0,NA,0,NA,0,0,0,0,NA,0,NA,NA,0,0,0,NA,0,0,0,0,NA,0,0,0,0,0,0,0,NA,0,0,NA,NA,NA,NA,NA,NA,NA,NA,NA,NA,NA,NA,NA,NA,NA,NA,NA,NA,NA,NA,NA,NA,NA,NA,NA,NA,NA,NA,NA
"216",1,1,0,0,0,NA,0,0,NA,0,0,0,0,0,0,0,NA,0,0,0,0,0,0,0,NA,0,0,0,NA,0,0,0,0,0,0,NA,0,NA,NA,0,0,0,NA,0,0,0,0,0,0,0,0,0,0,0,0,NA,0,0,0,NA,NA,NA,NA,NA,NA,NA,NA,NA,NA,NA,NA,NA,NA,NA,NA,NA,NA,NA,NA,NA,NA,NA,NA,NA,NA,NA,NA
"217",1,1,1,1,1,NA,0,0,NA,0,NA,0,0,0,0,0,0,0,NA,0,0,0,0,0,0,0,0,0,NA,0,NA,0,0,0,0,NA,0,NA,NA,0,0,0,NA,0,0,0,0,NA,0,0,0,0,0,0,0,NA,0,0,NA,NA,NA,NA,NA,NA,NA,NA,NA,NA,NA,NA,NA,NA,NA,NA,NA,NA,NA,NA,NA,NA,NA,NA,NA,NA,NA,NA,NA
"218",1,1,1,0,0,NA,0,0,NA,0,NA,0,0,0,0,0,0,0,NA,0,0,0,0,0,NA,0,0,0,NA,0,0,0,0,0,0,NA,0,NA,NA,0,0,0,NA,0,0,0,0,0,0,0,0,0,0,0,0,NA,0,0,0,NA,NA,NA,NA,NA,NA,NA,NA,NA,NA,NA,NA,NA,NA,NA,NA,NA,NA,NA,NA,NA,NA,NA,NA,NA,NA,NA,NA
"219",1,1,1,1,1,NA,0,0,NA,0,0,0,0,0,0,0,0,0,NA,0,0,0,0,0,0,0,0,0,NA,0,NA,0,0,0,0,NA,0,NA,NA,0,0,0,NA,0,0,0,0,NA,0,0,0,0,0,0,0,NA,0,0,NA,NA,NA,NA,NA,NA,NA,NA,NA,NA,NA,NA,NA,NA,NA,NA,NA,NA,NA,NA,NA,NA,NA,NA,NA,NA,NA,NA,NA
"220",1,1,0,0,0,NA,0,0,NA,0,NA,0,0,0,0,0,0,0,0,0,0,0,0,0,NA,0,0,0,NA,0,0,0,0,0,0,NA,0,NA,NA,0,0,0,NA,0,0,0,0,0,0,0,0,0,0,0,0,NA,0,0,0,NA,NA,NA,NA,NA,NA,NA,NA,NA,NA,NA,NA,NA,NA,NA,NA,NA,NA,NA,NA,NA,NA,NA,NA,NA,NA,NA,NA
"221",1,1,0,1,1,NA,0,0,NA,0,NA,0,0,0,0,0,0,0,0,0,0,0,0,0,0,0,0,0,NA,0,NA,0,0,0,0,NA,0,NA,NA,0,0,0,NA,0,0,0,0,NA,0,0,0,0,0,0,0,NA,0,0,NA,NA,NA,NA,NA,NA,NA,NA,NA,NA,NA,NA,NA,NA,NA,NA,NA,NA,NA,NA,NA,NA,NA,NA,NA,NA,NA,NA,NA
"222",1,1,1,0,0,NA,0,0,NA,0,0,0,0,0,0,0,0,0,NA,0,0,0,0,0,NA,0,0,0,NA,0,0,0,0,0,0,NA,0,NA,NA,0,0,0,NA,0,0,0,0,0,0,0,0,0,0,0,0,NA,0,0,0,NA,NA,NA,NA,NA,NA,NA,NA,NA,NA,NA,NA,NA,NA,NA,NA,NA,NA,NA,NA,NA,NA,NA,NA,NA,NA,NA,NA
"223",1,1,0,1,1,NA,0,0,NA,0,0,0,0,0,0,0,0,0,0,0,0,0,0,0,0,0,0,0,NA,0,NA,0,0,0,0,NA,0,NA,NA,0,0,0,NA,0,0,0,0,NA,0,0,0,0,0,0,0,NA,0,0,NA,NA,NA,NA,NA,NA,NA,NA,NA,NA,NA,NA,NA,NA,NA,NA,NA,NA,NA,NA,NA,NA,NA,NA,NA,NA,NA,NA,NA
"224",1,1,0,0,0,NA,0,0,NA,0,0,0,0,0,0,0,0,0,0,0,0,0,0,0,NA,0,0,0,NA,0,0,0,0,0,0,NA,0,NA,NA,0,0,0,NA,0,0,0,0,0,0,0,0,0,0,0,0,NA,0,0,0,NA,NA,NA,NA,NA,NA,NA,NA,NA,NA,NA,NA,NA,NA,NA,NA,NA,NA,NA,NA,NA,NA,NA,NA,NA,NA,NA,NA
"225",1,1,1,1,1,NA,0,0,NA,0,NA,0,0,0,0,0,NA,0,NA,0,0,0,0,0,0,0,0,0,NA,0,NA,0,0,0,0,0,0,0,NA,0,0,0,NA,0,0,0,0,NA,0,0,0,0,0,0,0,NA,0,0,NA,NA,NA,NA,NA,NA,NA,NA,NA,NA,NA,NA,NA,NA,NA,NA,NA,NA,NA,NA,NA,NA,NA,NA,NA,NA,NA,NA,NA
"226",1,1,1,0,0,NA,0,0,NA,0,NA,0,0,0,0,0,NA,0,NA,0,0,0,0,0,NA,0,0,0,NA,0,0,0,0,0,0,0,0,0,NA,0,0,0,NA,0,0,0,0,0,0,0,0,0,0,0,0,NA,0,0,0,NA,NA,NA,NA,NA,NA,NA,NA,NA,NA,NA,NA,NA,NA,NA,NA,NA,NA,NA,NA,NA,NA,NA,NA,NA,NA,NA,NA
"227",1,1,0,1,1,NA,0,0,NA,0,NA,0,0,0,0,0,NA,0,0,0,0,0,0,0,0,0,0,0,NA,0,NA,0,0,0,0,0,0,0,NA,0,0,0,NA,0,0,0,0,NA,0,0,0,0,0,0,0,NA,0,0,NA,NA,NA,NA,NA,NA,NA,NA,NA,NA,NA,NA,NA,NA,NA,NA,NA,NA,NA,NA,NA,NA,NA,NA,NA,NA,NA,NA,NA
"228",1,1,1,0,0,NA,0,0,NA,0,0,0,0,0,0,0,NA,0,NA,0,0,0,0,0,NA,0,0,0,NA,0,0,0,0,0,0,0,0,0,NA,0,0,0,NA,0,0,0,0,0,0,0,0,0,0,0,0,NA,0,0,0,NA,NA,NA,NA,NA,NA,NA,NA,NA,NA,NA,NA,NA,NA,NA,NA,NA,NA,NA,NA,NA,NA,NA,NA,NA,NA,NA,NA
"229",1,1,1,1,1,NA,0,0,NA,0,0,0,0,0,0,0,NA,0,NA,0,0,0,0,0,0,0,0,0,NA,0,NA,0,0,0,0,0,0,0,NA,0,0,0,NA,0,0,0,0,NA,0,0,0,0,0,0,0,NA,0,0,NA,NA,NA,NA,NA,NA,NA,NA,NA,NA,NA,NA,NA,NA,NA,NA,NA,NA,NA,NA,NA,NA,NA,NA,NA,NA,NA,NA,NA
"230",1,1,0,0,0,NA,0,0,NA,0,NA,0,0,0,0,0,NA,0,0,0,0,0,0,0,NA,0,0,0,NA,0,0,0,0,0,0,0,0,0,NA,0,0,0,NA,0,0,0,0,0,0,0,0,0,0,0,0,NA,0,0,0,NA,NA,NA,NA,NA,NA,NA,NA,NA,NA,NA,NA,NA,NA,NA,NA,NA,NA,NA,NA,NA,NA,NA,NA,NA,NA,NA,NA
"231",1,1,0,1,1,NA,0,0,NA,0,0,0,0,0,0,0,NA,0,0,0,0,0,0,0,0,0,0,0,NA,0,NA,0,0,0,0,0,0,0,NA,0,0,0,NA,0,0,0,0,NA,0,0,0,0,0,0,0,NA,0,0,NA,NA,NA,NA,NA,NA,NA,NA,NA,NA,NA,NA,NA,NA,NA,NA,NA,NA,NA,NA,NA,NA,NA,NA,NA,NA,NA,NA,NA
"232",1,1,0,0,0,NA,0,0,NA,0,0,0,0,0,0,0,NA,0,0,0,0,0,0,0,NA,0,0,0,NA,0,0,0,0,0,0,0,0,0,NA,0,0,0,NA,0,0,0,0,0,0,0,0,0,0,0,0,NA,0,0,0,NA,NA,NA,NA,NA,NA,NA,NA,NA,NA,NA,NA,NA,NA,NA,NA,NA,NA,NA,NA,NA,NA,NA,NA,NA,NA,NA,NA
"233",1,1,1,1,1,NA,0,0,NA,0,NA,0,0,0,0,0,0,0,NA,0,0,0,0,0,0,0,0,0,NA,0,NA,0,0,0,0,0,0,0,NA,0,0,0,NA,0,0,0,0,NA,0,0,0,0,0,0,0,NA,0,0,NA,NA,NA,NA,NA,NA,NA,NA,NA,NA,NA,NA,NA,NA,NA,NA,NA,NA,NA,NA,NA,NA,NA,NA,NA,NA,NA,NA,NA
"234",1,1,1,0,0,NA,0,0,NA,0,NA,0,0,0,0,0,0,0,NA,0,0,0,0,0,NA,0,0,0,NA,0,0,0,0,0,0,0,0,0,NA,0,0,0,NA,0,0,0,0,0,0,0,0,0,0,0,0,NA,0,0,0,NA,NA,NA,NA,NA,NA,NA,NA,NA,NA,NA,NA,NA,NA,NA,NA,NA,NA,NA,NA,NA,NA,NA,NA,NA,NA,NA,NA
"235",1,1,1,1,1,NA,0,0,NA,0,0,0,0,0,0,0,0,0,NA,0,0,0,0,0,0,0,0,0,NA,0,NA,0,0,0,0,0,0,0,NA,0,0,0,NA,0,0,0,0,NA,0,0,0,0,0,0,0,NA,0,0,NA,NA,NA,NA,NA,NA,NA,NA,NA,NA,NA,NA,NA,NA,NA,NA,NA,NA,NA,NA,NA,NA,NA,NA,NA,NA,NA,NA,NA
"236",1,1,0,0,0,NA,0,0,NA,0,NA,0,0,0,0,0,0,0,0,0,0,0,0,0,NA,0,0,0,NA,0,0,0,0,0,0,0,0,0,NA,0,0,0,NA,0,0,0,0,0,0,0,0,0,0,0,0,NA,0,0,0,NA,NA,NA,NA,NA,NA,NA,NA,NA,NA,NA,NA,NA,NA,NA,NA,NA,NA,NA,NA,NA,NA,NA,NA,NA,NA,NA,NA
"237",1,1,0,1,1,NA,0,0,NA,0,NA,0,0,0,0,0,0,0,0,0,0,0,0,0,0,0,0,0,NA,0,NA,0,0,0,0,0,0,0,NA,0,0,0,NA,0,0,0,0,NA,0,0,0,0,0,0,0,NA,0,0,NA,NA,NA,NA,NA,NA,NA,NA,NA,NA,NA,NA,NA,NA,NA,NA,NA,NA,NA,NA,NA,NA,NA,NA,NA,NA,NA,NA,NA
"238",1,1,1,0,0,NA,0,0,NA,0,0,0,0,0,0,0,0,0,NA,0,0,0,0,0,NA,0,0,0,NA,0,0,0,0,0,0,0,0,0,NA,0,0,0,NA,0,0,0,0,0,0,0,0,0,0,0,0,NA,0,0,0,NA,NA,NA,NA,NA,NA,NA,NA,NA,NA,NA,NA,NA,NA,NA,NA,NA,NA,NA,NA,NA,NA,NA,NA,NA,NA,NA,NA
"239",1,1,0,1,1,NA,0,0,NA,0,0,0,0,0,0,0,0,0,0,0,0,0,0,0,0,0,0,0,NA,0,NA,0,0,0,0,0,0,0,NA,0,0,0,NA,0,0,0,0,NA,0,0,0,0,0,0,0,NA,0,0,NA,NA,NA,NA,NA,NA,NA,NA,NA,NA,NA,NA,NA,NA,NA,NA,NA,NA,NA,NA,NA,NA,NA,NA,NA,NA,NA,NA,NA
"240",1,1,0,0,0,NA,0,0,NA,0,0,0,0,0,0,0,0,0,0,0,0,0,0,0,NA,0,0,0,NA,0,0,0,0,0,0,0,0,0,NA,0,0,0,NA,0,0,0,0,0,0,0,0,0,0,0,0,NA,0,0,0,NA,NA,NA,NA,NA,NA,NA,NA,NA,NA,NA,NA,NA,NA,NA,NA,NA,NA,NA,NA,NA,NA,NA,NA,NA,NA,NA,NA
"241",0,1,1,0,0,NA,0,0,NA,0,NA,0,0,0,0,0,NA,0,NA,0,0,0,0,0,0,0,0,0,NA,0,NA,0,0,0,0,NA,0,NA,NA,0,0,0,NA,0,0,0,0,0,0,0,0,0,0,0,0,NA,0,0,NA,NA,NA,NA,NA,NA,NA,NA,NA,NA,NA,NA,NA,NA,NA,NA,NA,NA,NA,NA,NA,NA,NA,NA,NA,NA,NA,NA,NA
"242",0,1,0,0,0,NA,0,0,NA,0,NA,0,0,0,0,0,NA,0,0,0,0,0,0,0,0,0,0,0,NA,0,0,0,0,0,0,NA,0,NA,NA,0,0,0,NA,0,0,0,0,0,0,0,0,0,0,0,0,NA,0,0,0,NA,NA,NA,NA,NA,NA,NA,NA,NA,NA,NA,NA,NA,NA,NA,NA,NA,NA,NA,NA,NA,NA,NA,NA,NA,NA,NA,NA
"243",0,1,1,0,0,NA,0,0,NA,0,0,0,0,0,0,0,NA,0,NA,0,0,0,0,0,0,0,0,0,NA,0,NA,0,0,0,0,NA,0,NA,NA,0,0,0,NA,0,0,0,0,0,0,0,0,0,0,0,0,NA,0,0,NA,NA,NA,NA,NA,NA,NA,NA,NA,NA,NA,NA,NA,NA,NA,NA,NA,NA,NA,NA,NA,NA,NA,NA,NA,NA,NA,NA,NA
"244",0,1,0,0,0,NA,0,0,NA,0,0,0,0,0,0,0,NA,0,0,0,0,0,0,0,0,0,0,0,NA,0,0,0,0,0,0,NA,0,NA,NA,0,0,0,NA,0,0,0,0,0,0,0,0,0,0,0,0,NA,0,0,0,NA,NA,NA,NA,NA,NA,NA,NA,NA,NA,NA,NA,NA,NA,NA,NA,NA,NA,NA,NA,NA,NA,NA,NA,NA,NA,NA,NA
"245",0,1,1,0,0,NA,0,0,NA,0,NA,0,0,0,0,0,0,0,NA,0,0,0,0,0,0,0,0,0,NA,0,NA,0,0,0,0,NA,0,NA,NA,0,0,0,NA,0,0,0,0,0,0,0,0,0,0,0,0,NA,0,0,NA,NA,NA,NA,NA,NA,NA,NA,NA,NA,NA,NA,NA,NA,NA,NA,NA,NA,NA,NA,NA,NA,NA,NA,NA,NA,NA,NA,NA
"246",0,1,1,0,0,NA,0,0,NA,0,0,0,0,0,0,0,0,0,NA,0,0,0,0,0,0,0,0,0,NA,0,0,0,0,0,0,NA,0,NA,NA,0,0,0,NA,0,0,0,0,0,0,0,0,0,0,0,0,NA,0,0,0,NA,NA,NA,NA,NA,NA,NA,NA,NA,NA,NA,NA,NA,NA,NA,NA,NA,NA,NA,NA,NA,NA,NA,NA,NA,NA,NA,NA
"247",0,1,0,0,0,NA,0,0,NA,0,NA,0,0,0,0,0,0,0,0,0,0,0,0,0,0,0,0,0,NA,0,NA,0,0,0,0,NA,0,NA,NA,0,0,0,NA,0,0,0,0,0,0,0,0,0,0,0,0,NA,0,0,NA,NA,NA,NA,NA,NA,NA,NA,NA,NA,NA,NA,NA,NA,NA,NA,NA,NA,NA,NA,NA,NA,NA,NA,NA,NA,NA,NA,NA
"248",0,1,0,0,0,NA,0,0,NA,0,0,0,0,0,0,0,0,0,0,0,0,0,0,0,0,0,0,0,NA,0,0,0,0,0,0,NA,0,NA,NA,0,0,0,NA,0,0,0,0,0,0,0,0,0,0,0,0,NA,0,0,0,NA,NA,NA,NA,NA,NA,NA,NA,NA,NA,NA,NA,NA,NA,NA,NA,NA,NA,NA,NA,NA,NA,NA,NA,NA,NA,NA,NA
"249",0,1,1,0,0,NA,0,0,NA,0,NA,0,0,0,0,0,NA,0,NA,0,0,0,0,0,0,0,0,0,NA,0,NA,0,0,0,0,0,0,0,NA,0,0,0,NA,0,0,0,0,0,0,0,0,0,0,0,0,NA,0,0,NA,NA,NA,NA,NA,NA,NA,NA,NA,NA,NA,NA,NA,NA,NA,NA,NA,NA,NA,NA,NA,NA,NA,NA,NA,NA,NA,NA,NA
"250",0,1,0,0,0,NA,0,0,NA,0,NA,0,0,0,0,0,NA,0,0,0,0,0,0,0,0,0,0,0,NA,0,0,0,0,0,0,0,0,0,NA,0,0,0,NA,0,0,0,0,0,0,0,0,0,0,0,0,NA,0,0,0,NA,NA,NA,NA,NA,NA,NA,NA,NA,NA,NA,NA,NA,NA,NA,NA,NA,NA,NA,NA,NA,NA,NA,NA,NA,NA,NA,NA
"251",0,1,1,0,0,NA,0,0,NA,0,0,0,0,0,0,0,NA,0,NA,0,0,0,0,0,0,0,0,0,NA,0,NA,0,0,0,0,0,0,0,NA,0,0,0,NA,0,0,0,0,0,0,0,0,0,0,0,0,NA,0,0,NA,NA,NA,NA,NA,NA,NA,NA,NA,NA,NA,NA,NA,NA,NA,NA,NA,NA,NA,NA,NA,NA,NA,NA,NA,NA,NA,NA,NA
"252",0,1,0,0,0,NA,0,0,NA,0,0,0,0,0,0,0,NA,0,0,0,0,0,0,0,0,0,0,0,NA,0,0,0,0,0,0,0,0,0,NA,0,0,0,NA,0,0,0,0,0,0,0,0,0,0,0,0,NA,0,0,0,NA,NA,NA,NA,NA,NA,NA,NA,NA,NA,NA,NA,NA,NA,NA,NA,NA,NA,NA,NA,NA,NA,NA,NA,NA,NA,NA,NA
"253",0,1,1,0,0,NA,0,0,NA,0,NA,0,0,0,0,0,0,0,NA,0,0,0,0,0,0,0,0,0,NA,0,NA,0,0,0,0,0,0,0,NA,0,0,0,NA,0,0,0,0,0,0,0,0,0,0,0,0,NA,0,0,NA,NA,NA,NA,NA,NA,NA,NA,NA,NA,NA,NA,NA,NA,NA,NA,NA,NA,NA,NA,NA,NA,NA,NA,NA,NA,NA,NA,NA
"254",0,1,1,0,0,NA,0,0,NA,0,0,0,0,0,0,0,0,0,NA,0,0,0,0,0,0,0,0,0,NA,0,0,0,0,0,0,0,0,0,NA,0,0,0,NA,0,0,0,0,0,0,0,0,0,0,0,0,NA,0,0,0,NA,NA,NA,NA,NA,NA,NA,NA,NA,NA,NA,NA,NA,NA,NA,NA,NA,NA,NA,NA,NA,NA,NA,NA,NA,NA,NA,NA
"255",0,1,0,0,0,NA,0,0,NA,0,NA,0,0,0,0,0,0,0,0,0,0,0,0,0,0,0,0,0,NA,0,NA,0,0,0,0,0,0,0,NA,0,0,0,NA,0,0,0,0,0,0,0,0,0,0,0,0,NA,0,0,NA,NA,NA,NA,NA,NA,NA,NA,NA,NA,NA,NA,NA,NA,NA,NA,NA,NA,NA,NA,NA,NA,NA,NA,NA,NA,NA,NA,NA
"256",0,1,0,0,0,NA,0,0,NA,0,0,0,0,0,0,0,0,0,0,0,0,0,0,0,0,0,0,0,NA,0,0,0,0,0,0,0,0,0,NA,0,0,0,NA,0,0,0,0,0,0,0,0,0,0,0,0,NA,0,0,0,NA,NA,NA,NA,NA,NA,NA,NA,NA,NA,NA,NA,NA,NA,NA,NA,NA,NA,NA,NA,NA,NA,NA,NA,NA,NA,NA,NA
"257",0.84375,0.75,0.5,0.4,0.375,0.25,0,0,0,0,0,0,0,0,0,0,0,0,0,0,0,0,0,0,0,0,0,0,0,0,0,0,0,0,0,0,0,0,0,0,0,0,0,0,0,0,0,0,0,0,0,0,0,0,0,0,0,0,0,NA,NA,NA,NA,NA,NA,NA,NA,NA,NA,NA,NA,NA,NA,NA,NA,NA,NA,NA,NA,NA,NA,NA,NA,NA,NA,NA,NA
"258",1,1,0.75,0.625,1,0.25,1,1,0.25,1,0.625,1,1,0.5,1,1,0.5,0.75,0.625,0.75,1,1,1,1,0.5,1,1,1,0.0078125,1,0.52734375,1,1,1,1,0.5,1,0.5,0.25,1,1,1,0.25,1,1,1,1,0.625,1,1,0.96875,1,1,1,1,0.03125,1,1,0.52734375,0,0,0,0,0,0,0,0,0,0,0,0,0,0,0,0,0,0,0,0,0,0,0,0,0,0,0,0
