"","crp","phoB","rcsB","cra","bglJ","rhaS","gadW","evgA","ydeO","soxS","gadE","rcsA","leuO","lrp","marA","ompR","rob","narL","oxyR","soxR","hdfR","csgD","yjjQ","mlrA","ptsG","rhaR","fhlA","mlc","pdhR","srlR","xylR","mazE","uxuR","argP","galS","mazF","adiY","cspA","flhD","metJ","zraR","asnC","cusR","melR","idnR","pdeL","prpR","fucR","tdcA","glcC","nhaR","hyfR","yeiL","dpiA","rbsR","betI","lldR","hns","fnr","fis","arcA","fur","fliZ","gadX","stpA","marR","glnG","galR","nac","gutM","exuR","flhC","dcuR","dnaA","metR","puuR","yiaJ","putA","cadC","araC","yqjI","malI","mraZ","purR","lsrR","nikR","aidB"
"1",NA,NA,0,0,0,NA,NA,0,0,0,NA,0,NA,0,NA,NA,0,0,NA,0,0,NA,NA,0,0,NA,NA,0,NA,NA,NA,NA,NA,NA,NA,NA,0,0,NA,0,NA,0,NA,NA,NA,0,NA,NA,NA,NA,0,NA,0,0,NA,0,0,NA,NA,NA,NA,NA,NA,NA,NA,NA,NA,NA,NA,NA,NA,NA,NA,NA,NA,NA,NA,NA,NA,NA,NA,NA,NA,NA,NA,NA,NA
"2",NA,NA,0,1,0,NA,NA,0,0,0,NA,0,NA,0,NA,NA,0,0,NA,0,0,NA,NA,0,0,NA,NA,0,NA,NA,NA,NA,NA,NA,NA,NA,0,0,NA,0,NA,0,NA,NA,NA,NA,NA,NA,NA,NA,0,NA,0,0,NA,0,0,NA,NA,NA,NA,NA,NA,NA,NA,NA,NA,NA,NA,NA,NA,NA,NA,NA,NA,NA,NA,NA,NA,NA,NA,NA,NA,NA,NA,NA,NA
"3",NA,NA,0,1,0,NA,NA,0,0,0,NA,0,NA,0,NA,NA,0,0,NA,0,0,NA,NA,0,0,NA,0,0,NA,NA,NA,NA,NA,NA,NA,NA,0,0,NA,0,NA,0,NA,NA,NA,NA,NA,NA,NA,NA,0,NA,0,0,NA,0,0,NA,NA,NA,NA,NA,NA,NA,NA,NA,NA,NA,NA,NA,NA,NA,NA,NA,NA,NA,NA,NA,NA,NA,NA,NA,NA,NA,NA,NA,NA
"4",NA,NA,0,1,0,NA,NA,0,0,0,NA,0,NA,0,NA,NA,0,0,NA,0,0,NA,NA,0,0,NA,NA,0,NA,NA,NA,NA,NA,NA,NA,NA,0,0,NA,0,NA,0,NA,NA,NA,NA,NA,0,NA,NA,0,NA,0,0,NA,0,0,NA,NA,NA,NA,NA,NA,NA,NA,NA,NA,NA,NA,NA,NA,NA,NA,NA,NA,NA,NA,NA,NA,NA,NA,NA,NA,NA,NA,NA,NA
"5",NA,0,0,NA,0,NA,0,0,0,0,NA,0,NA,0,NA,NA,0,0,NA,0,0,NA,NA,0,0,NA,NA,0,NA,NA,NA,NA,NA,0,NA,NA,0,0,NA,0,NA,0,NA,NA,NA,0,NA,NA,NA,NA,0,NA,0,0,NA,NA,0,NA,NA,NA,NA,NA,NA,NA,NA,NA,NA,NA,NA,NA,NA,NA,NA,NA,NA,NA,NA,NA,NA,NA,NA,NA,NA,NA,NA,NA,NA
"6",NA,1,1,NA,0,NA,1,1,1,0,0,0,NA,0,NA,NA,0,0,NA,0,0,NA,NA,0,0,NA,NA,0,NA,NA,NA,NA,NA,0,NA,NA,0,0,NA,0,NA,0,NA,NA,NA,0,NA,NA,NA,NA,0,NA,0,0,NA,NA,0,NA,NA,NA,NA,NA,NA,NA,NA,NA,NA,NA,NA,NA,NA,NA,NA,NA,NA,NA,NA,NA,NA,NA,NA,NA,NA,NA,NA,NA,NA
"7",NA,NA,0,0,0,NA,NA,0,0,0,NA,0,NA,0,NA,NA,0,0,NA,0,0,NA,NA,0,0,NA,0,0,NA,NA,NA,NA,NA,NA,NA,NA,0,0,NA,0,NA,0,NA,NA,NA,0,NA,NA,NA,NA,0,NA,0,0,NA,0,0,NA,NA,NA,NA,NA,NA,NA,NA,NA,NA,NA,NA,NA,NA,NA,NA,NA,NA,NA,NA,NA,NA,NA,NA,NA,NA,NA,NA,NA,NA
"8",NA,1,0,NA,0,NA,0,0,0,0,NA,0,NA,0,NA,NA,0,0,NA,0,0,NA,NA,0,0,NA,NA,0,NA,NA,NA,NA,NA,0,NA,NA,0,0,NA,0,NA,0,0,NA,NA,0,NA,NA,NA,NA,0,NA,0,0,NA,NA,0,NA,NA,NA,NA,NA,NA,NA,NA,NA,NA,NA,NA,NA,NA,NA,NA,NA,NA,NA,NA,NA,NA,NA,NA,NA,NA,NA,NA,NA,NA
"9",NA,0,0,NA,0,NA,0,0,0,0,NA,0,NA,0,NA,NA,0,0,NA,0,0,NA,NA,0,0,NA,0,0,NA,NA,NA,NA,NA,0,NA,NA,0,0,NA,0,NA,0,NA,NA,NA,0,NA,NA,NA,NA,0,NA,0,0,NA,NA,0,NA,NA,NA,NA,NA,NA,NA,NA,NA,NA,NA,NA,NA,NA,NA,NA,NA,NA,NA,NA,NA,NA,NA,NA,NA,NA,NA,NA,NA,NA
"10",NA,0,1,NA,1,NA,0,0,0,0,NA,0,0,0,NA,NA,0,0,NA,0,0,NA,0,0,0,NA,NA,0,NA,NA,NA,NA,NA,0,NA,NA,0,0,NA,0,NA,0,NA,NA,NA,0,NA,NA,NA,NA,0,NA,0,0,NA,NA,0,NA,NA,NA,NA,NA,NA,NA,NA,NA,NA,NA,NA,NA,NA,NA,NA,NA,NA,NA,NA,NA,NA,NA,NA,NA,NA,NA,NA,NA,NA
"11",NA,1,0,NA,0,NA,0,0,0,0,NA,0,NA,0,NA,NA,0,0,NA,0,0,NA,NA,0,0,NA,0,0,NA,NA,NA,NA,NA,0,NA,NA,0,0,NA,0,NA,0,0,NA,NA,0,NA,NA,NA,NA,0,NA,0,0,NA,NA,0,NA,NA,NA,NA,NA,NA,NA,NA,NA,NA,NA,NA,NA,NA,NA,NA,NA,NA,NA,NA,NA,NA,NA,NA,NA,NA,NA,NA,NA,NA
"12",NA,1,1,NA,1,NA,1,1,1,0,0,0,0,0,NA,NA,0,0,NA,0,0,NA,0,0,0,NA,NA,0,NA,NA,NA,NA,NA,0,NA,NA,0,0,NA,0,NA,0,NA,NA,NA,0,NA,NA,NA,NA,0,NA,0,0,NA,NA,0,NA,NA,NA,NA,NA,NA,NA,NA,NA,NA,NA,NA,NA,NA,NA,NA,NA,NA,NA,NA,NA,NA,NA,NA,NA,NA,NA,NA,NA,NA
"13",NA,0,0,NA,0,NA,0,0,0,0,NA,0,NA,0,NA,NA,0,0,NA,0,0,NA,NA,0,0,NA,NA,0,NA,NA,NA,NA,NA,0,NA,NA,0,0,NA,0,0,0,NA,NA,NA,0,NA,NA,NA,NA,0,NA,0,0,NA,NA,0,NA,NA,NA,NA,NA,NA,NA,NA,NA,NA,NA,NA,NA,NA,NA,NA,NA,NA,NA,NA,NA,NA,NA,NA,NA,NA,NA,NA,NA,NA
"14",NA,NA,1,1,1,NA,NA,0,0,0,NA,0,0,0,NA,NA,0,0,NA,0,0,NA,0,0,0,NA,NA,0,NA,NA,NA,NA,NA,NA,NA,NA,0,0,NA,0,NA,0,NA,NA,NA,NA,NA,NA,NA,NA,0,NA,0,0,NA,0,0,NA,NA,NA,NA,NA,NA,NA,NA,NA,NA,NA,NA,NA,NA,NA,NA,NA,NA,NA,NA,NA,NA,NA,NA,NA,NA,NA,NA,NA,NA
"15",NA,1,0,NA,0,NA,0,0,0,0,NA,0,NA,0,NA,NA,0,0,NA,0,0,NA,NA,0,0,NA,NA,0,NA,NA,NA,NA,NA,0,NA,NA,0,0,NA,0,0,0,0,NA,NA,0,NA,NA,NA,NA,0,NA,0,0,NA,NA,0,NA,NA,NA,NA,NA,NA,NA,NA,NA,NA,NA,NA,NA,NA,NA,NA,NA,NA,NA,NA,NA,NA,NA,NA,NA,NA,NA,NA,NA,NA
"16",NA,NA,1,0,1,NA,NA,0,0,0,NA,0,0,0,NA,NA,0,0,NA,0,0,NA,0,0,0,NA,NA,0,NA,NA,NA,NA,NA,NA,NA,NA,0,0,NA,0,NA,0,NA,NA,NA,0,NA,NA,NA,NA,0,NA,0,0,NA,0,0,NA,NA,NA,NA,NA,NA,NA,NA,NA,NA,NA,NA,NA,NA,NA,NA,NA,NA,NA,NA,NA,NA,NA,NA,NA,NA,NA,NA,NA,NA
"17",NA,0,0,NA,0,NA,0,0,0,0,NA,0,NA,0,NA,NA,0,0,NA,0,0,NA,NA,0,0,NA,NA,0,NA,NA,NA,NA,NA,0,NA,NA,0,0,NA,0,NA,0,NA,NA,NA,0,NA,0,NA,NA,0,NA,0,0,NA,NA,0,NA,NA,NA,NA,NA,NA,NA,NA,NA,NA,NA,NA,NA,NA,NA,NA,NA,NA,NA,NA,NA,NA,NA,NA,NA,NA,NA,NA,NA,NA
"18",NA,NA,0,1,0,NA,NA,0,0,0,NA,0,NA,0,NA,NA,0,0,NA,0,0,NA,NA,0,0,NA,NA,0,NA,NA,NA,NA,NA,NA,NA,NA,0,0,NA,0,NA,0,NA,0,NA,NA,NA,NA,NA,NA,0,NA,0,0,NA,0,0,NA,NA,NA,NA,NA,NA,NA,NA,NA,NA,NA,NA,NA,NA,NA,NA,NA,NA,NA,NA,NA,NA,NA,NA,NA,NA,NA,NA,NA,NA
"19",NA,0,0,NA,0,NA,0,0,0,0,NA,0,NA,0,NA,NA,0,0,NA,0,0,NA,NA,0,0,NA,NA,0,NA,NA,NA,NA,NA,0,NA,NA,0,0,NA,0,0,0,NA,NA,NA,0,NA,0,NA,NA,0,NA,0,0,NA,NA,0,NA,NA,NA,NA,NA,NA,NA,NA,NA,NA,NA,NA,NA,NA,NA,NA,NA,NA,NA,NA,NA,NA,NA,NA,NA,NA,NA,NA,NA,NA
"20",NA,NA,0,0,0,NA,NA,0,0,0,NA,0,NA,0,NA,NA,0,0,NA,0,0,NA,NA,0,0,NA,NA,0,NA,NA,NA,NA,NA,NA,NA,NA,0,0,NA,0,NA,0,NA,0,NA,0,NA,NA,NA,NA,0,NA,0,0,NA,0,0,NA,NA,NA,NA,NA,NA,NA,NA,NA,NA,NA,NA,NA,NA,NA,NA,NA,NA,NA,NA,NA,NA,NA,NA,NA,NA,NA,NA,NA,NA
"21",NA,0,0,NA,0,NA,0,0,0,0,NA,0,NA,0,NA,NA,0,0,NA,0,0,NA,NA,0,0,NA,0,0,NA,NA,NA,NA,NA,0,NA,NA,0,0,NA,0,NA,0,NA,NA,NA,0,NA,0,NA,NA,0,NA,0,0,NA,NA,0,NA,NA,NA,NA,NA,NA,NA,NA,NA,NA,NA,NA,NA,NA,NA,NA,NA,NA,NA,NA,NA,NA,NA,NA,NA,NA,NA,NA,NA,NA
"22",NA,NA,1,1,1,NA,NA,0,0,0,NA,0,0,0,NA,NA,0,0,NA,0,0,NA,0,0,0,NA,NA,0,NA,NA,NA,NA,NA,NA,NA,NA,0,0,NA,0,NA,0,NA,0,NA,NA,NA,NA,NA,NA,0,NA,0,0,NA,0,0,NA,NA,NA,NA,NA,NA,NA,NA,NA,NA,NA,NA,NA,NA,NA,NA,NA,NA,NA,NA,NA,NA,NA,NA,NA,NA,NA,NA,NA,NA
"23",NA,0,0,NA,0,NA,0,0,0,0,NA,0,NA,0,NA,NA,0,0,NA,0,0,NA,NA,0,0,NA,0,0,NA,NA,NA,NA,NA,0,NA,NA,0,0,NA,0,0,0,NA,NA,NA,0,NA,NA,NA,NA,0,NA,0,0,NA,NA,0,NA,NA,NA,NA,NA,NA,NA,NA,NA,NA,NA,NA,NA,NA,NA,NA,NA,NA,NA,NA,NA,NA,NA,NA,NA,NA,NA,NA,NA,NA
"24",NA,NA,1,0,1,NA,NA,0,0,0,NA,0,0,0,NA,NA,0,0,NA,0,0,NA,0,0,0,NA,NA,0,NA,NA,NA,NA,NA,NA,NA,NA,0,0,NA,0,NA,0,NA,0,NA,0,NA,NA,NA,NA,0,NA,0,0,NA,0,0,NA,NA,NA,NA,NA,NA,NA,NA,NA,NA,NA,NA,NA,NA,NA,NA,NA,NA,NA,NA,NA,NA,NA,NA,NA,NA,NA,NA,NA,NA
"25",NA,0,0,NA,0,NA,0,0,0,0,NA,0,NA,0,NA,NA,0,0,NA,0,0,NA,NA,0,0,NA,0,0,NA,NA,NA,NA,NA,0,NA,NA,0,0,NA,0,0,0,NA,NA,NA,0,NA,0,NA,NA,0,NA,0,0,NA,NA,0,NA,NA,NA,NA,NA,NA,NA,NA,NA,NA,NA,NA,NA,NA,NA,NA,NA,NA,NA,NA,NA,NA,NA,NA,NA,NA,NA,NA,NA,NA
"26",NA,NA,0,1,0,NA,NA,0,0,0,NA,0,NA,0,NA,NA,0,0,NA,0,0,NA,NA,0,0,NA,NA,0,NA,NA,NA,NA,NA,NA,NA,NA,0,0,NA,0,0,0,NA,NA,NA,NA,NA,NA,NA,NA,0,NA,0,0,NA,0,0,NA,NA,NA,NA,NA,NA,NA,NA,NA,NA,NA,NA,NA,NA,NA,NA,NA,NA,NA,NA,NA,NA,NA,NA,NA,NA,NA,NA,NA,NA
"27",NA,1,0,NA,0,NA,0,0,0,0,NA,0,NA,0,NA,NA,0,0,NA,0,0,NA,NA,0,0,NA,NA,0,NA,NA,NA,NA,NA,0,NA,NA,0,0,NA,0,NA,0,0,NA,NA,0,NA,0,NA,NA,0,NA,0,0,NA,NA,0,NA,NA,NA,NA,NA,NA,NA,NA,NA,NA,NA,NA,NA,NA,NA,NA,NA,NA,NA,NA,NA,NA,NA,NA,NA,NA,NA,NA,NA,NA
"28",NA,NA,0,0,0,NA,NA,0,0,0,NA,0,NA,0,NA,NA,0,0,NA,0,0,NA,NA,0,0,NA,NA,0,NA,NA,NA,NA,NA,NA,NA,NA,0,0,NA,0,NA,0,NA,NA,NA,0,NA,0,NA,NA,0,NA,0,0,NA,0,0,NA,NA,NA,NA,NA,NA,NA,NA,NA,NA,NA,NA,NA,NA,NA,NA,NA,NA,NA,NA,NA,NA,NA,NA,NA,NA,NA,NA,NA,NA
"29",NA,1,1,NA,0,NA,1,1,1,0,0,0,NA,0,NA,NA,0,0,NA,0,0,NA,NA,0,0,NA,0,0,NA,NA,NA,NA,NA,0,NA,NA,0,0,NA,0,NA,0,NA,NA,NA,0,NA,NA,NA,NA,0,NA,0,0,NA,NA,0,NA,NA,NA,NA,NA,NA,NA,NA,NA,NA,NA,NA,NA,NA,NA,NA,NA,NA,NA,NA,NA,NA,NA,NA,NA,NA,NA,NA,NA,NA
"30",NA,0,0,NA,0,NA,0,0,0,0,NA,0,NA,0,NA,NA,0,0,NA,0,0,NA,NA,0,0,NA,NA,0,NA,NA,NA,NA,NA,0,NA,NA,0,0,NA,0,NA,0,NA,0,NA,0,NA,NA,NA,NA,0,NA,0,0,NA,NA,0,NA,NA,NA,NA,NA,NA,NA,NA,NA,NA,NA,NA,NA,NA,NA,NA,NA,NA,NA,NA,NA,NA,NA,NA,NA,NA,NA,NA,NA,NA
"31",NA,1,1,NA,0,NA,1,1,1,0,0,0,NA,0,NA,NA,0,0,NA,0,0,NA,NA,0,0,NA,NA,0,NA,NA,NA,NA,NA,0,NA,NA,0,0,NA,0,0,0,NA,NA,NA,0,NA,NA,NA,NA,0,NA,0,0,NA,NA,0,NA,NA,NA,NA,NA,NA,NA,NA,NA,NA,NA,NA,NA,NA,NA,NA,NA,NA,NA,NA,NA,NA,NA,NA,NA,NA,NA,NA,NA,NA
"32",NA,NA,1,1,1,NA,NA,0,0,0,NA,0,0,0,NA,NA,0,0,NA,0,0,NA,0,0,0,NA,NA,0,NA,NA,NA,NA,NA,NA,NA,NA,0,0,NA,0,NA,0,NA,NA,NA,NA,NA,0,NA,NA,0,NA,0,0,NA,0,0,NA,NA,NA,NA,NA,NA,NA,NA,NA,NA,NA,NA,NA,NA,NA,NA,NA,NA,NA,NA,NA,NA,NA,NA,NA,NA,NA,NA,NA,NA
"33",NA,1,1,NA,0,NA,1,1,1,0,0,0,NA,0,NA,NA,0,0,NA,0,0,NA,NA,0,0,NA,NA,0,NA,NA,NA,NA,NA,0,NA,NA,0,0,NA,0,NA,0,0,NA,NA,0,NA,NA,NA,NA,0,NA,0,0,NA,NA,0,NA,NA,NA,NA,NA,NA,NA,NA,NA,NA,NA,NA,NA,NA,NA,NA,NA,NA,NA,NA,NA,NA,NA,NA,NA,NA,NA,NA,NA,NA
"34",NA,0,1,NA,1,NA,0,0,0,0,NA,0,0,0,NA,NA,0,0,NA,0,0,NA,0,0,0,NA,NA,0,NA,NA,NA,NA,NA,0,NA,NA,0,0,NA,0,NA,0,NA,0,NA,0,NA,NA,NA,NA,0,NA,0,0,NA,NA,0,NA,NA,NA,NA,NA,NA,NA,NA,NA,NA,NA,NA,NA,NA,NA,NA,NA,NA,NA,NA,NA,NA,NA,NA,NA,NA,NA,NA,NA,NA
"35",NA,1,1,NA,0,NA,1,1,1,0,0,0,NA,0,NA,NA,0,0,NA,0,0,NA,NA,0,0,NA,0,0,NA,NA,NA,NA,NA,0,NA,NA,0,0,NA,0,NA,0,0,NA,NA,0,NA,NA,NA,NA,0,NA,0,0,NA,NA,0,NA,NA,NA,NA,NA,NA,NA,NA,NA,NA,NA,NA,NA,NA,NA,NA,NA,NA,NA,NA,NA,NA,NA,NA,NA,NA,NA,NA,NA,NA
"36",NA,0,0,NA,0,NA,0,0,0,0,NA,0,NA,0,NA,NA,0,0,NA,0,0,NA,NA,0,0,NA,NA,0,NA,NA,NA,NA,NA,0,NA,NA,0,0,NA,0,NA,0,NA,0,NA,0,NA,0,NA,NA,0,NA,0,0,NA,NA,0,NA,NA,NA,NA,NA,NA,NA,NA,NA,NA,NA,NA,NA,NA,NA,NA,NA,NA,NA,NA,NA,NA,NA,NA,NA,NA,NA,NA,NA,NA
"37",NA,NA,0,0,0,NA,NA,0,0,0,NA,0,NA,0,NA,NA,0,0,NA,0,0,NA,NA,0,0,NA,NA,0,NA,NA,NA,NA,NA,NA,NA,NA,0,0,NA,0,0,0,NA,NA,NA,0,NA,NA,NA,NA,0,NA,0,0,NA,0,0,NA,NA,NA,NA,NA,NA,NA,NA,NA,NA,NA,NA,NA,NA,NA,NA,NA,NA,NA,NA,NA,NA,NA,NA,NA,NA,NA,NA,NA,NA
"38",NA,NA,0,1,0,NA,NA,0,0,0,NA,0,NA,0,NA,NA,0,0,NA,0,0,NA,NA,0,0,NA,NA,0,NA,NA,NA,NA,NA,NA,NA,NA,0,0,NA,0,NA,0,NA,0,NA,NA,NA,0,NA,NA,0,NA,0,0,NA,0,0,NA,NA,NA,NA,NA,NA,NA,NA,NA,NA,NA,NA,NA,NA,NA,NA,NA,NA,NA,NA,NA,NA,NA,NA,NA,NA,NA,NA,NA,NA
"39",NA,1,1,NA,0,NA,1,1,1,0,0,0,NA,0,NA,NA,0,0,NA,0,0,NA,NA,0,0,NA,NA,0,NA,NA,NA,NA,NA,0,NA,NA,0,0,NA,0,0,0,0,NA,NA,0,NA,NA,NA,NA,0,NA,0,0,NA,NA,0,NA,NA,NA,NA,NA,NA,NA,NA,NA,NA,NA,NA,NA,NA,NA,NA,NA,NA,NA,NA,NA,NA,NA,NA,NA,NA,NA,NA,NA,NA
"40",NA,1,1,NA,0,NA,1,1,1,0,0,0,NA,0,NA,NA,0,0,NA,0,0,NA,NA,0,0,NA,NA,0,NA,NA,NA,NA,NA,0,NA,NA,0,0,NA,0,NA,0,NA,0,NA,0,NA,NA,NA,NA,0,NA,0,0,NA,NA,0,NA,NA,NA,NA,NA,NA,NA,NA,NA,NA,NA,NA,NA,NA,NA,NA,NA,NA,NA,NA,NA,NA,NA,NA,NA,NA,NA,NA,NA,NA
"41",NA,1,0,NA,0,NA,0,0,0,0,NA,0,NA,0,NA,NA,0,0,NA,0,0,NA,NA,0,0,NA,0,0,NA,NA,NA,NA,NA,0,NA,NA,0,0,NA,0,0,0,0,NA,NA,0,NA,NA,NA,NA,0,NA,0,0,NA,NA,0,NA,NA,NA,NA,NA,NA,NA,NA,NA,NA,NA,NA,NA,NA,NA,NA,NA,NA,NA,NA,NA,NA,NA,NA,NA,NA,NA,NA,NA,NA
"42",NA,NA,1,0,1,NA,NA,0,0,0,NA,0,0,0,NA,NA,0,0,NA,0,0,NA,0,0,0,NA,NA,0,NA,NA,NA,NA,NA,NA,NA,NA,0,0,NA,0,NA,0,NA,NA,NA,0,NA,0,NA,NA,0,NA,0,0,NA,0,0,NA,NA,NA,NA,NA,NA,NA,NA,NA,NA,NA,NA,NA,NA,NA,NA,NA,NA,NA,NA,NA,NA,NA,NA,NA,NA,NA,NA,NA,NA
"43",NA,1,1,NA,0,NA,1,1,1,0,0,0,NA,0,NA,NA,0,0,NA,0,0,NA,NA,0,0,NA,0,0,NA,NA,NA,NA,NA,0,NA,NA,0,0,NA,0,0,0,NA,NA,NA,0,NA,NA,NA,NA,0,NA,0,0,NA,NA,0,NA,NA,NA,NA,NA,NA,NA,NA,NA,NA,NA,NA,NA,NA,NA,NA,NA,NA,NA,NA,NA,NA,NA,NA,NA,NA,NA,NA,NA,NA
"44",NA,NA,0,0,0,NA,NA,0,0,0,NA,0,NA,0,NA,NA,0,0,NA,0,0,NA,NA,0,0,NA,NA,0,NA,NA,NA,NA,NA,NA,NA,NA,0,0,NA,0,NA,0,NA,0,NA,0,NA,0,NA,NA,0,NA,0,0,NA,0,0,NA,NA,NA,NA,NA,NA,NA,NA,NA,NA,NA,NA,NA,NA,NA,NA,NA,NA,NA,NA,NA,NA,NA,NA,NA,NA,NA,NA,NA,NA
"45",NA,1,1,NA,0,NA,1,1,1,0,0,0,NA,0,NA,NA,0,0,NA,0,0,NA,NA,0,0,NA,0,0,NA,NA,NA,NA,NA,0,NA,NA,0,0,NA,0,0,0,0,NA,NA,0,NA,NA,NA,NA,0,NA,0,0,NA,NA,0,NA,NA,NA,NA,NA,NA,NA,NA,NA,NA,NA,NA,NA,NA,NA,NA,NA,NA,NA,NA,NA,NA,NA,NA,NA,NA,NA,NA,NA,NA
"46",NA,NA,1,1,1,NA,NA,0,0,0,NA,0,0,0,NA,NA,0,0,NA,0,0,NA,0,0,0,NA,NA,0,NA,NA,NA,NA,NA,NA,NA,NA,0,0,NA,0,NA,0,NA,0,NA,NA,NA,0,NA,NA,0,NA,0,0,NA,0,0,NA,NA,NA,NA,NA,NA,NA,NA,NA,NA,NA,NA,NA,NA,NA,NA,NA,NA,NA,NA,NA,NA,NA,NA,NA,NA,NA,NA,NA,NA
"47",0,0,0,NA,0,0,0,0,0,0,NA,0,NA,0,0,0,NA,0,0,0,0,0,NA,0,0,NA,NA,NA,0,0,0,0,0,0,0,0,0,0,0,0,0,0,NA,0,NA,0,0,0,0,0,0,0,0,NA,0,NA,0,NA,NA,NA,NA,NA,NA,NA,NA,NA,NA,NA,NA,NA,NA,NA,NA,NA,NA,NA,NA,NA,NA,NA,NA,NA,NA,NA,NA,NA,NA
"48",0,NA,0,1,0,0,NA,0,0,0,NA,0,NA,0,0,0,NA,0,0,0,0,0,NA,0,0,NA,NA,NA,NA,0,0,0,0,NA,0,0,0,0,0,0,0,0,NA,0,NA,NA,0,0,0,0,0,0,0,NA,0,0,0,NA,NA,NA,NA,NA,NA,NA,NA,NA,NA,NA,NA,NA,NA,NA,NA,NA,NA,NA,NA,NA,NA,NA,NA,NA,NA,NA,NA,NA,NA
"49",0,0,0,NA,0,0,0,0,0,0,NA,0,NA,0,0,0,NA,0,0,0,0,0,NA,0,0,NA,0,NA,0,0,0,0,0,0,0,0,0,0,0,0,0,0,NA,0,NA,0,0,0,0,0,0,0,0,NA,0,NA,0,NA,NA,NA,NA,NA,NA,NA,NA,NA,NA,NA,NA,NA,NA,NA,NA,NA,NA,NA,NA,NA,NA,NA,NA,NA,NA,NA,NA,NA,NA
"50",0,NA,0,0,0,0,NA,0,0,0,NA,0,NA,0,0,0,NA,0,0,0,0,0,NA,0,0,NA,NA,NA,NA,0,0,0,0,NA,0,0,0,0,0,0,0,0,NA,0,NA,0,0,0,0,0,0,0,0,NA,0,0,0,NA,NA,NA,NA,NA,NA,NA,NA,NA,NA,NA,NA,NA,NA,NA,NA,NA,NA,NA,NA,NA,NA,NA,NA,NA,NA,NA,NA,NA,NA
"51",0,1,0,NA,0,0,0,0,0,0,NA,0,NA,0,0,0,NA,0,0,0,0,0,NA,0,0,NA,NA,NA,0,0,0,0,0,0,0,0,0,0,0,0,0,0,0,0,NA,0,0,0,0,0,0,0,0,NA,0,NA,0,NA,NA,NA,NA,NA,NA,NA,NA,NA,NA,NA,NA,NA,NA,NA,NA,NA,NA,NA,NA,NA,NA,NA,NA,NA,NA,NA,NA,NA,NA
"52",0,NA,1,1,1,0,NA,0,0,0,NA,0,0,0,0,0,NA,0,0,0,0,0,0,0,0,NA,NA,NA,NA,0,0,0,0,NA,0,0,0,0,0,0,0,0,NA,0,NA,NA,0,0,0,0,0,0,0,NA,0,0,0,NA,NA,NA,NA,NA,NA,NA,NA,NA,NA,NA,NA,NA,NA,NA,NA,NA,NA,NA,NA,NA,NA,NA,NA,NA,NA,NA,NA,NA,NA
"53",0,1,0,NA,0,0,0,0,0,0,NA,0,NA,0,0,0,NA,0,0,0,0,0,NA,0,0,NA,0,NA,0,0,0,0,0,0,0,0,0,0,0,0,0,0,0,0,NA,0,0,0,0,0,0,0,0,NA,0,NA,0,NA,NA,NA,NA,NA,NA,NA,NA,NA,NA,NA,NA,NA,NA,NA,NA,NA,NA,NA,NA,NA,NA,NA,NA,NA,NA,NA,NA,NA,NA
"54",0,NA,1,0,1,0,NA,0,0,0,NA,0,0,0,0,0,NA,0,0,0,0,0,0,0,0,NA,NA,NA,NA,0,0,0,0,NA,0,0,0,0,0,0,0,0,NA,0,NA,0,0,0,0,0,0,0,0,NA,0,0,0,NA,NA,NA,NA,NA,NA,NA,NA,NA,NA,NA,NA,NA,NA,NA,NA,NA,NA,NA,NA,NA,NA,NA,NA,NA,NA,NA,NA,NA,NA
"55",0,NA,0,1,0,0,NA,0,0,0,NA,0,NA,0,0,0,NA,0,0,0,0,0,NA,0,0,NA,0,NA,NA,0,0,0,0,NA,0,0,0,0,0,0,0,0,NA,0,NA,NA,0,0,0,0,0,0,0,NA,0,0,0,NA,NA,NA,NA,NA,NA,NA,NA,NA,NA,NA,NA,NA,NA,NA,NA,NA,NA,NA,NA,NA,NA,NA,NA,NA,NA,NA,NA,NA,NA
"56",NA,NA,0,1,0,NA,NA,0,0,0,NA,0,NA,0,NA,NA,0,0,NA,0,0,NA,NA,0,0,NA,NA,0,NA,NA,NA,NA,NA,NA,NA,NA,0,0,NA,0,0,0,NA,0,NA,NA,NA,NA,NA,NA,0,NA,0,0,NA,0,0,NA,NA,NA,NA,NA,NA,NA,NA,NA,NA,NA,NA,NA,NA,NA,NA,NA,NA,NA,NA,NA,NA,NA,NA,NA,NA,NA,NA,NA,NA
"57",NA,NA,0,1,0,NA,NA,0,0,0,NA,0,NA,0,NA,NA,0,0,NA,0,0,NA,NA,0,0,NA,0,0,NA,NA,NA,NA,NA,NA,NA,NA,0,0,NA,0,0,0,NA,NA,NA,NA,NA,NA,NA,NA,0,NA,0,0,NA,0,0,NA,NA,NA,NA,NA,NA,NA,NA,NA,NA,NA,NA,NA,NA,NA,NA,NA,NA,NA,NA,NA,NA,NA,NA,NA,NA,NA,NA,NA,NA
"58",NA,NA,0,0,0,NA,NA,0,0,0,NA,0,NA,0,NA,NA,0,0,NA,0,0,NA,NA,0,0,NA,NA,0,NA,NA,NA,NA,NA,NA,NA,NA,0,0,NA,0,0,0,NA,0,NA,0,NA,NA,NA,NA,0,NA,0,0,NA,0,0,NA,NA,NA,NA,NA,NA,NA,NA,NA,NA,NA,NA,NA,NA,NA,NA,NA,NA,NA,NA,NA,NA,NA,NA,NA,NA,NA,NA,NA,NA
"59",NA,NA,0,0,0,NA,NA,0,0,0,NA,0,NA,0,NA,NA,0,0,NA,0,0,NA,NA,0,0,NA,0,0,NA,NA,NA,NA,NA,NA,NA,NA,0,0,NA,0,0,0,NA,NA,NA,0,NA,NA,NA,NA,0,NA,0,0,NA,0,0,NA,NA,NA,NA,NA,NA,NA,NA,NA,NA,NA,NA,NA,NA,NA,NA,NA,NA,NA,NA,NA,NA,NA,NA,NA,NA,NA,NA,NA,NA
"60",NA,NA,0,1,0,NA,NA,0,0,0,NA,0,NA,0,NA,NA,0,0,NA,0,0,NA,NA,0,0,NA,NA,0,NA,NA,NA,NA,NA,NA,NA,NA,0,0,NA,0,0,0,NA,NA,NA,NA,NA,0,NA,NA,0,NA,0,0,NA,0,0,NA,NA,NA,NA,NA,NA,NA,NA,NA,NA,NA,NA,NA,NA,NA,NA,NA,NA,NA,NA,NA,NA,NA,NA,NA,NA,NA,NA,NA,NA
"61",NA,0,1,NA,1,NA,0,0,0,0,NA,0,0,0,NA,NA,0,0,NA,0,0,NA,0,0,0,NA,NA,0,NA,NA,NA,NA,NA,0,NA,NA,0,0,NA,0,0,0,NA,NA,NA,0,NA,NA,NA,NA,0,NA,0,0,NA,NA,0,NA,NA,NA,NA,NA,NA,NA,NA,NA,NA,NA,NA,NA,NA,NA,NA,NA,NA,NA,NA,NA,NA,NA,NA,NA,NA,NA,NA,NA,NA
"62",NA,1,1,NA,0,NA,1,1,1,0,0,0,NA,0,NA,NA,0,0,NA,0,0,NA,NA,0,0,NA,NA,0,NA,NA,NA,NA,NA,0,NA,NA,0,0,NA,0,NA,0,NA,NA,NA,0,NA,0,NA,NA,0,NA,0,0,NA,NA,0,NA,NA,NA,NA,NA,NA,NA,NA,NA,NA,NA,NA,NA,NA,NA,NA,NA,NA,NA,NA,NA,NA,NA,NA,NA,NA,NA,NA,NA,NA
"63",NA,NA,0,1,0,NA,NA,0,0,0,NA,0,NA,0,NA,NA,0,0,NA,0,0,NA,NA,0,0,NA,0,0,NA,NA,NA,NA,NA,NA,NA,NA,0,0,NA,0,NA,0,NA,0,NA,NA,NA,NA,NA,NA,0,NA,0,0,NA,0,0,NA,NA,NA,NA,NA,NA,NA,NA,NA,NA,NA,NA,NA,NA,NA,NA,NA,NA,NA,NA,NA,NA,NA,NA,NA,NA,NA,NA,NA,NA
"64",NA,1,1,NA,0,NA,1,1,1,0,0,0,NA,0,NA,NA,0,0,NA,0,0,NA,NA,0,0,NA,NA,0,NA,NA,NA,NA,NA,0,NA,NA,0,0,NA,0,NA,0,NA,0,NA,0,NA,0,NA,NA,0,NA,0,0,NA,NA,0,NA,NA,NA,NA,NA,NA,NA,NA,NA,NA,NA,NA,NA,NA,NA,NA,NA,NA,NA,NA,NA,NA,NA,NA,NA,NA,NA,NA,NA,NA
"65",NA,NA,0,0,0,NA,NA,0,0,0,NA,0,NA,0,NA,NA,0,0,NA,0,0,NA,NA,0,0,NA,0,0,NA,NA,NA,NA,NA,NA,NA,NA,0,0,NA,0,NA,0,NA,0,NA,0,NA,NA,NA,NA,0,NA,0,0,NA,0,0,NA,NA,NA,NA,NA,NA,NA,NA,NA,NA,NA,NA,NA,NA,NA,NA,NA,NA,NA,NA,NA,NA,NA,NA,NA,NA,NA,NA,NA,NA
"66",NA,0,1,NA,1,NA,0,0,0,0,NA,0,0,0,NA,NA,0,0,NA,0,0,NA,0,0,0,NA,NA,0,NA,NA,NA,NA,NA,0,NA,NA,0,0,NA,0,NA,0,NA,NA,NA,0,NA,0,NA,NA,0,NA,0,0,NA,NA,0,NA,NA,NA,NA,NA,NA,NA,NA,NA,NA,NA,NA,NA,NA,NA,NA,NA,NA,NA,NA,NA,NA,NA,NA,NA,NA,NA,NA,NA,NA
"67",NA,NA,0,0,0,NA,NA,0,0,0,NA,0,NA,0,NA,NA,0,0,NA,0,0,NA,NA,0,0,NA,NA,0,NA,NA,NA,NA,NA,NA,NA,NA,0,0,NA,0,0,0,NA,NA,NA,0,NA,0,NA,NA,0,NA,0,0,NA,0,0,NA,NA,NA,NA,NA,NA,NA,NA,NA,NA,NA,NA,NA,NA,NA,NA,NA,NA,NA,NA,NA,NA,NA,NA,NA,NA,NA,NA,NA,NA
"68",NA,1,1,NA,1,NA,1,1,1,0,0,0,0,0,NA,NA,0,0,NA,0,0,NA,0,0,0,NA,NA,0,NA,NA,NA,NA,NA,0,NA,NA,0,0,NA,0,NA,0,NA,0,NA,0,NA,NA,NA,NA,0,NA,0,0,NA,NA,0,NA,NA,NA,NA,NA,NA,NA,NA,NA,NA,NA,NA,NA,NA,NA,NA,NA,NA,NA,NA,NA,NA,NA,NA,NA,NA,NA,NA,NA,NA
"69",NA,NA,0,1,0,NA,NA,0,0,0,NA,0,NA,0,NA,NA,0,0,NA,0,0,NA,NA,0,0,NA,0,0,NA,NA,NA,NA,NA,NA,NA,NA,0,0,NA,0,NA,0,NA,NA,NA,NA,NA,0,NA,NA,0,NA,0,0,NA,0,0,NA,NA,NA,NA,NA,NA,NA,NA,NA,NA,NA,NA,NA,NA,NA,NA,NA,NA,NA,NA,NA,NA,NA,NA,NA,NA,NA,NA,NA,NA
"70",NA,0,1,NA,1,NA,0,0,0,0,NA,0,0,0,NA,NA,0,0,NA,0,0,NA,0,0,0,NA,NA,0,NA,NA,NA,NA,NA,0,NA,NA,0,0,NA,0,NA,0,NA,0,NA,0,NA,0,NA,NA,0,NA,0,0,NA,NA,0,NA,NA,NA,NA,NA,NA,NA,NA,NA,NA,NA,NA,NA,NA,NA,NA,NA,NA,NA,NA,NA,NA,NA,NA,NA,NA,NA,NA,NA,NA
"71",NA,NA,0,0,0,NA,NA,0,0,0,NA,0,NA,0,NA,NA,0,0,NA,0,0,NA,NA,0,0,NA,0,0,NA,NA,NA,NA,NA,NA,NA,NA,0,0,NA,0,NA,0,NA,NA,NA,0,NA,0,NA,NA,0,NA,0,0,NA,0,0,NA,NA,NA,NA,NA,NA,NA,NA,NA,NA,NA,NA,NA,NA,NA,NA,NA,NA,NA,NA,NA,NA,NA,NA,NA,NA,NA,NA,NA,NA
"72",NA,0,0,NA,0,NA,0,0,0,0,NA,0,NA,0,NA,NA,0,0,NA,0,0,NA,NA,0,0,NA,0,0,NA,NA,NA,NA,NA,0,NA,NA,0,0,NA,0,NA,0,NA,0,NA,0,NA,NA,NA,NA,0,NA,0,0,NA,NA,0,NA,NA,NA,NA,NA,NA,NA,NA,NA,NA,NA,NA,NA,NA,NA,NA,NA,NA,NA,NA,NA,NA,NA,NA,NA,NA,NA,NA,NA,NA
"73",NA,NA,1,1,1,NA,NA,0,0,0,NA,0,0,0,NA,NA,0,0,NA,0,0,NA,0,0,0,NA,NA,0,NA,NA,NA,NA,NA,NA,NA,NA,0,0,NA,0,0,0,NA,NA,NA,NA,NA,NA,NA,NA,0,NA,0,0,NA,0,0,NA,NA,NA,NA,NA,NA,NA,NA,NA,NA,NA,NA,NA,NA,NA,NA,NA,NA,NA,NA,NA,NA,NA,NA,NA,NA,NA,NA,NA,NA
"74",NA,0,0,NA,0,NA,0,0,0,0,NA,0,NA,0,NA,NA,0,0,NA,0,0,NA,NA,0,0,NA,0,0,NA,NA,NA,NA,NA,0,NA,NA,0,0,NA,0,NA,0,NA,0,NA,0,NA,0,NA,NA,0,NA,0,0,NA,NA,0,NA,NA,NA,NA,NA,NA,NA,NA,NA,NA,NA,NA,NA,NA,NA,NA,NA,NA,NA,NA,NA,NA,NA,NA,NA,NA,NA,NA,NA,NA
"75",NA,1,1,NA,1,NA,0,0,0,0,NA,0,0,0,NA,NA,0,0,NA,0,0,NA,0,0,0,NA,NA,0,NA,NA,NA,NA,NA,0,NA,NA,0,0,NA,0,NA,0,0,NA,NA,0,NA,NA,NA,NA,0,NA,0,0,NA,NA,0,NA,NA,NA,NA,NA,NA,NA,NA,NA,NA,NA,NA,NA,NA,NA,NA,NA,NA,NA,NA,NA,NA,NA,NA,NA,NA,NA,NA,NA,NA
"76",NA,1,0,NA,0,NA,0,0,0,0,NA,0,NA,0,NA,NA,0,0,NA,0,0,NA,NA,0,0,NA,NA,0,NA,NA,NA,NA,NA,0,NA,NA,0,0,NA,0,NA,0,0,0,NA,0,NA,NA,NA,NA,0,NA,0,0,NA,NA,0,NA,NA,NA,NA,NA,NA,NA,NA,NA,NA,NA,NA,NA,NA,NA,NA,NA,NA,NA,NA,NA,NA,NA,NA,NA,NA,NA,NA,NA,NA
"77",NA,0,0,NA,0,NA,0,0,0,0,NA,0,NA,0,NA,NA,0,0,NA,0,0,NA,NA,0,0,NA,NA,0,NA,NA,NA,NA,NA,0,NA,NA,0,0,NA,0,0,0,NA,0,NA,0,NA,NA,NA,NA,0,NA,0,0,NA,NA,0,NA,NA,NA,NA,NA,NA,NA,NA,NA,NA,NA,NA,NA,NA,NA,NA,NA,NA,NA,NA,NA,NA,NA,NA,NA,NA,NA,NA,NA,NA
"78",NA,NA,1,0,1,NA,NA,0,0,0,NA,0,0,0,NA,NA,0,0,NA,0,0,NA,0,0,0,NA,NA,0,NA,NA,NA,NA,NA,NA,NA,NA,0,0,NA,0,NA,0,NA,0,NA,0,NA,0,NA,NA,0,NA,0,0,NA,0,0,NA,NA,NA,NA,NA,NA,NA,NA,NA,NA,NA,NA,NA,NA,NA,NA,NA,NA,NA,NA,NA,NA,NA,NA,NA,NA,NA,NA,NA,NA
"79",NA,1,1,NA,0,NA,1,1,1,0,0,0,NA,0,NA,NA,0,0,NA,0,0,NA,NA,0,0,NA,NA,0,NA,NA,NA,NA,NA,0,NA,NA,0,0,NA,0,NA,0,0,0,NA,0,NA,NA,NA,NA,0,NA,0,0,NA,NA,0,NA,NA,NA,NA,NA,NA,NA,NA,NA,NA,NA,NA,NA,NA,NA,NA,NA,NA,NA,NA,NA,NA,NA,NA,NA,NA,NA,NA,NA,NA
"80",NA,1,1,NA,0,NA,1,1,1,0,0,0,NA,0,NA,NA,0,0,NA,0,0,NA,NA,0,0,NA,NA,0,NA,NA,NA,NA,NA,0,NA,NA,0,0,NA,0,0,0,NA,0,NA,0,NA,NA,NA,NA,0,NA,0,0,NA,NA,0,NA,NA,NA,NA,NA,NA,NA,NA,NA,NA,NA,NA,NA,NA,NA,NA,NA,NA,NA,NA,NA,NA,NA,NA,NA,NA,NA,NA,NA,NA
"81",NA,1,1,NA,0,NA,1,1,1,0,0,0,NA,0,NA,NA,0,0,NA,0,0,NA,NA,0,0,NA,0,0,NA,NA,NA,NA,NA,0,NA,NA,0,0,NA,0,NA,0,NA,0,NA,0,NA,NA,NA,NA,0,NA,0,0,NA,NA,0,NA,NA,NA,NA,NA,NA,NA,NA,NA,NA,NA,NA,NA,NA,NA,NA,NA,NA,NA,NA,NA,NA,NA,NA,NA,NA,NA,NA,NA,NA
"82",NA,NA,1,0,1,NA,NA,0,0,0,NA,0,0,0,NA,NA,0,0,NA,0,0,NA,0,0,0,NA,NA,0,NA,NA,NA,NA,NA,NA,NA,NA,0,0,NA,0,0,0,NA,NA,NA,0,NA,NA,NA,NA,0,NA,0,0,NA,0,0,NA,NA,NA,NA,NA,NA,NA,NA,NA,NA,NA,NA,NA,NA,NA,NA,NA,NA,NA,NA,NA,NA,NA,NA,NA,NA,NA,NA,NA,NA
"83",NA,1,0,NA,0,NA,0,0,0,0,NA,0,NA,0,NA,NA,0,0,NA,0,0,NA,NA,0,0,NA,0,0,NA,NA,NA,NA,NA,0,NA,NA,0,0,NA,0,NA,0,0,0,NA,0,NA,NA,NA,NA,0,NA,0,0,NA,NA,0,NA,NA,NA,NA,NA,NA,NA,NA,NA,NA,NA,NA,NA,NA,NA,NA,NA,NA,NA,NA,NA,NA,NA,NA,NA,NA,NA,NA,NA,NA
"84",NA,1,1,NA,1,NA,1,1,1,0,0,0,0,0,NA,NA,0,0,NA,0,0,NA,0,0,0,NA,NA,0,NA,NA,NA,NA,NA,0,NA,NA,0,0,NA,0,0,0,NA,NA,NA,0,NA,NA,NA,NA,0,NA,0,0,NA,NA,0,NA,NA,NA,NA,NA,NA,NA,NA,NA,NA,NA,NA,NA,NA,NA,NA,NA,NA,NA,NA,NA,NA,NA,NA,NA,NA,NA,NA,NA,NA
"85",NA,NA,1,1,1,NA,NA,0,0,0,NA,0,0,0,NA,NA,0,0,NA,0,0,NA,0,0,0,NA,0,0,NA,NA,NA,NA,NA,NA,NA,NA,0,0,NA,0,NA,0,NA,NA,NA,NA,NA,NA,NA,NA,0,NA,0,0,NA,0,0,NA,NA,NA,NA,NA,NA,NA,NA,NA,NA,NA,NA,NA,NA,NA,NA,NA,NA,NA,NA,NA,NA,NA,NA,NA,NA,NA,NA,NA,NA
"86",NA,1,1,NA,1,NA,1,1,1,0,0,0,0,0,NA,NA,0,0,NA,0,0,NA,0,0,0,NA,NA,0,NA,NA,NA,NA,NA,0,NA,NA,0,0,NA,0,NA,0,0,NA,NA,0,NA,NA,NA,NA,0,NA,0,0,NA,NA,0,NA,NA,NA,NA,NA,NA,NA,NA,NA,NA,NA,NA,NA,NA,NA,NA,NA,NA,NA,NA,NA,NA,NA,NA,NA,NA,NA,NA,NA,NA
"87",NA,0,1,NA,1,NA,0,0,0,0,NA,0,0,0,NA,NA,0,0,NA,0,0,NA,0,0,0,NA,0,0,NA,NA,NA,NA,NA,0,NA,NA,0,0,NA,0,NA,0,NA,NA,NA,0,NA,NA,NA,NA,0,NA,0,0,NA,NA,0,NA,NA,NA,NA,NA,NA,NA,NA,NA,NA,NA,NA,NA,NA,NA,NA,NA,NA,NA,NA,NA,NA,NA,NA,NA,NA,NA,NA,NA,NA
"88",NA,1,1,NA,1,NA,0,0,0,0,NA,0,0,0,NA,NA,0,0,NA,0,0,NA,0,0,0,NA,NA,0,NA,NA,NA,NA,NA,0,NA,NA,0,0,NA,0,NA,0,0,0,NA,0,NA,NA,NA,NA,0,NA,0,0,NA,NA,0,NA,NA,NA,NA,NA,NA,NA,NA,NA,NA,NA,NA,NA,NA,NA,NA,NA,NA,NA,NA,NA,NA,NA,NA,NA,NA,NA,NA,NA,NA
"89",NA,0,1,NA,1,NA,0,0,0,0,NA,0,0,0,NA,NA,0,0,NA,0,0,NA,0,0,0,NA,0,0,NA,NA,NA,NA,NA,0,NA,NA,0,0,NA,0,NA,0,NA,0,NA,0,NA,NA,NA,NA,0,NA,0,0,NA,NA,0,NA,NA,NA,NA,NA,NA,NA,NA,NA,NA,NA,NA,NA,NA,NA,NA,NA,NA,NA,NA,NA,NA,NA,NA,NA,NA,NA,NA,NA,NA
"90",NA,1,1,NA,1,NA,1,1,1,0,0,0,0,0,NA,NA,0,0,NA,0,0,NA,0,0,0,NA,NA,0,NA,NA,NA,NA,NA,0,NA,NA,0,0,NA,0,NA,0,0,0,NA,0,NA,NA,NA,NA,0,NA,0,0,NA,NA,0,NA,NA,NA,NA,NA,NA,NA,NA,NA,NA,NA,NA,NA,NA,NA,NA,NA,NA,NA,NA,NA,NA,NA,NA,NA,NA,NA,NA,NA,NA
"91",NA,1,1,NA,1,NA,1,1,1,0,0,0,0,0,NA,NA,0,0,NA,0,0,NA,0,0,0,NA,0,0,NA,NA,NA,NA,NA,0,NA,NA,0,0,NA,0,NA,0,NA,NA,NA,0,NA,NA,NA,NA,0,NA,0,0,NA,NA,0,NA,NA,NA,NA,NA,NA,NA,NA,NA,NA,NA,NA,NA,NA,NA,NA,NA,NA,NA,NA,NA,NA,NA,NA,NA,NA,NA,NA,NA,NA
"92",NA,0,1,NA,1,NA,0,0,0,0,NA,0,0,0,NA,NA,0,0,NA,0,0,NA,0,0,0,NA,NA,0,NA,NA,NA,NA,NA,0,NA,NA,0,0,NA,0,0,0,NA,0,NA,0,NA,NA,NA,NA,0,NA,0,0,NA,NA,0,NA,NA,NA,NA,NA,NA,NA,NA,NA,NA,NA,NA,NA,NA,NA,NA,NA,NA,NA,NA,NA,NA,NA,NA,NA,NA,NA,NA,NA,NA
"93",NA,NA,1,0,1,NA,NA,0,0,0,NA,0,0,0,NA,NA,0,0,NA,0,0,NA,0,0,0,NA,0,0,NA,NA,NA,NA,NA,NA,NA,NA,0,0,NA,0,NA,0,NA,NA,NA,0,NA,NA,NA,NA,0,NA,0,0,NA,0,0,NA,NA,NA,NA,NA,NA,NA,NA,NA,NA,NA,NA,NA,NA,NA,NA,NA,NA,NA,NA,NA,NA,NA,NA,NA,NA,NA,NA,NA,NA
"94",NA,1,1,NA,1,NA,1,1,1,0,0,0,0,0,NA,NA,0,0,NA,0,0,NA,0,0,0,NA,NA,0,NA,NA,NA,NA,NA,0,NA,NA,0,0,NA,0,NA,0,NA,NA,NA,0,NA,0,NA,NA,0,NA,0,0,NA,NA,0,NA,NA,NA,NA,NA,NA,NA,NA,NA,NA,NA,NA,NA,NA,NA,NA,NA,NA,NA,NA,NA,NA,NA,NA,NA,NA,NA,NA,NA,NA
"95",NA,NA,1,1,1,NA,NA,0,0,0,NA,0,0,0,NA,NA,0,0,NA,0,0,NA,0,0,0,NA,0,0,NA,NA,NA,NA,NA,NA,NA,NA,0,0,NA,0,NA,0,NA,0,NA,NA,NA,NA,NA,NA,0,NA,0,0,NA,0,0,NA,NA,NA,NA,NA,NA,NA,NA,NA,NA,NA,NA,NA,NA,NA,NA,NA,NA,NA,NA,NA,NA,NA,NA,NA,NA,NA,NA,NA,NA
"96",NA,1,1,NA,1,NA,1,1,1,0,0,0,0,0,NA,NA,0,0,NA,0,0,NA,0,0,0,NA,NA,0,NA,NA,NA,NA,NA,0,NA,NA,0,0,NA,0,0,0,NA,0,NA,0,NA,NA,NA,NA,0,NA,0,0,NA,NA,0,NA,NA,NA,NA,NA,NA,NA,NA,NA,NA,NA,NA,NA,NA,NA,NA,NA,NA,NA,NA,NA,NA,NA,NA,NA,NA,NA,NA,NA,NA
"97",NA,NA,1,0,1,NA,NA,0,0,0,NA,0,0,0,NA,NA,0,0,NA,0,0,NA,0,0,0,NA,0,0,NA,NA,NA,NA,NA,NA,NA,NA,0,0,NA,0,NA,0,NA,0,NA,0,NA,NA,NA,NA,0,NA,0,0,NA,0,0,NA,NA,NA,NA,NA,NA,NA,NA,NA,NA,NA,NA,NA,NA,NA,NA,NA,NA,NA,NA,NA,NA,NA,NA,NA,NA,NA,NA,NA,NA
"98",NA,1,1,NA,1,NA,1,1,1,0,0,0,0,0,NA,NA,0,0,NA,0,0,NA,0,0,0,NA,NA,0,NA,NA,NA,NA,NA,0,NA,NA,0,0,NA,0,NA,0,NA,0,NA,0,NA,0,NA,NA,0,NA,0,0,NA,NA,0,NA,NA,NA,NA,NA,NA,NA,NA,NA,NA,NA,NA,NA,NA,NA,NA,NA,NA,NA,NA,NA,NA,NA,NA,NA,NA,NA,NA,NA,NA
"99",NA,NA,1,1,1,NA,NA,0,0,0,NA,0,0,0,NA,NA,0,0,NA,0,0,NA,0,0,0,NA,NA,0,NA,NA,NA,NA,NA,NA,NA,NA,0,0,NA,0,0,0,NA,0,NA,NA,NA,NA,NA,NA,0,NA,0,0,NA,0,0,NA,NA,NA,NA,NA,NA,NA,NA,NA,NA,NA,NA,NA,NA,NA,NA,NA,NA,NA,NA,NA,NA,NA,NA,NA,NA,NA,NA,NA,NA
"100",NA,1,0,NA,0,NA,0,0,0,0,NA,0,NA,0,NA,NA,0,0,NA,0,0,NA,NA,0,0,NA,NA,0,NA,NA,NA,NA,NA,0,NA,NA,0,0,NA,0,0,0,0,0,NA,0,NA,NA,NA,NA,0,NA,0,0,NA,NA,0,NA,NA,NA,NA,NA,NA,NA,NA,NA,NA,NA,NA,NA,NA,NA,NA,NA,NA,NA,NA,NA,NA,NA,NA,NA,NA,NA,NA,NA,NA
"101",NA,NA,0,1,0,NA,NA,0,0,0,NA,0,NA,0,NA,NA,0,0,NA,0,0,NA,NA,0,0,NA,0,0,NA,NA,NA,NA,NA,NA,NA,NA,0,0,NA,0,NA,0,NA,0,NA,NA,NA,0,NA,NA,0,NA,0,0,NA,0,0,NA,NA,NA,NA,NA,NA,NA,NA,NA,NA,NA,NA,NA,NA,NA,NA,NA,NA,NA,NA,NA,NA,NA,NA,NA,NA,NA,NA,NA,NA
"102",NA,1,1,NA,0,NA,1,1,1,0,0,0,NA,0,NA,NA,0,0,NA,0,0,NA,NA,0,0,NA,NA,0,NA,NA,NA,NA,NA,0,NA,NA,0,0,NA,0,0,0,0,0,NA,0,NA,NA,NA,NA,0,NA,0,0,NA,NA,0,NA,NA,NA,NA,NA,NA,NA,NA,NA,NA,NA,NA,NA,NA,NA,NA,NA,NA,NA,NA,NA,NA,NA,NA,NA,NA,NA,NA,NA,NA
"103",NA,NA,0,0,0,NA,NA,0,0,0,NA,0,NA,0,NA,NA,0,0,NA,0,0,NA,NA,0,0,NA,0,0,NA,NA,NA,NA,NA,NA,NA,NA,0,0,NA,0,NA,0,NA,0,NA,0,NA,0,NA,NA,0,NA,0,0,NA,0,0,NA,NA,NA,NA,NA,NA,NA,NA,NA,NA,NA,NA,NA,NA,NA,NA,NA,NA,NA,NA,NA,NA,NA,NA,NA,NA,NA,NA,NA,NA
"104",NA,1,1,NA,1,NA,0,0,0,0,NA,0,0,0,NA,NA,0,0,NA,0,0,NA,0,0,0,NA,NA,0,NA,NA,NA,NA,NA,0,NA,NA,0,0,NA,0,0,0,0,NA,NA,0,NA,NA,NA,NA,0,NA,0,0,NA,NA,0,NA,NA,NA,NA,NA,NA,NA,NA,NA,NA,NA,NA,NA,NA,NA,NA,NA,NA,NA,NA,NA,NA,NA,NA,NA,NA,NA,NA,NA,NA
"105",NA,NA,1,1,1,NA,NA,0,0,0,NA,0,0,0,NA,NA,0,0,NA,0,0,NA,0,0,0,NA,0,0,NA,NA,NA,NA,NA,NA,NA,NA,0,0,NA,0,NA,0,NA,NA,NA,NA,NA,0,NA,NA,0,NA,0,0,NA,0,0,NA,NA,NA,NA,NA,NA,NA,NA,NA,NA,NA,NA,NA,NA,NA,NA,NA,NA,NA,NA,NA,NA,NA,NA,NA,NA,NA,NA,NA,NA
"106",NA,1,1,NA,1,NA,1,1,1,0,0,0,0,0,NA,NA,0,0,NA,0,0,NA,0,0,0,NA,NA,0,NA,NA,NA,NA,NA,0,NA,NA,0,0,NA,0,0,0,0,NA,NA,0,NA,NA,NA,NA,0,NA,0,0,NA,NA,0,NA,NA,NA,NA,NA,NA,NA,NA,NA,NA,NA,NA,NA,NA,NA,NA,NA,NA,NA,NA,NA,NA,NA,NA,NA,NA,NA,NA,NA,NA
"107",NA,NA,1,0,1,NA,NA,0,0,0,NA,0,0,0,NA,NA,0,0,NA,0,0,NA,0,0,0,NA,0,0,NA,NA,NA,NA,NA,NA,NA,NA,0,0,NA,0,NA,0,NA,NA,NA,0,NA,0,NA,NA,0,NA,0,0,NA,0,0,NA,NA,NA,NA,NA,NA,NA,NA,NA,NA,NA,NA,NA,NA,NA,NA,NA,NA,NA,NA,NA,NA,NA,NA,NA,NA,NA,NA,NA,NA
"108",NA,1,1,NA,1,NA,0,0,0,0,NA,0,0,0,NA,NA,0,0,NA,0,0,NA,0,0,0,NA,NA,0,NA,NA,NA,NA,NA,0,NA,NA,0,0,NA,0,0,0,0,0,NA,0,NA,NA,NA,NA,0,NA,0,0,NA,NA,0,NA,NA,NA,NA,NA,NA,NA,NA,NA,NA,NA,NA,NA,NA,NA,NA,NA,NA,NA,NA,NA,NA,NA,NA,NA,NA,NA,NA,NA,NA
"109",NA,NA,1,1,1,NA,NA,0,0,0,NA,0,0,0,NA,NA,0,0,NA,0,0,NA,0,0,0,NA,0,0,NA,NA,NA,NA,NA,NA,NA,NA,0,0,NA,0,NA,0,NA,0,NA,NA,NA,0,NA,NA,0,NA,0,0,NA,0,0,NA,NA,NA,NA,NA,NA,NA,NA,NA,NA,NA,NA,NA,NA,NA,NA,NA,NA,NA,NA,NA,NA,NA,NA,NA,NA,NA,NA,NA,NA
"110",NA,1,1,NA,1,NA,1,1,1,0,0,0,0,0,NA,NA,0,0,NA,0,0,NA,0,0,0,NA,NA,0,NA,NA,NA,NA,NA,0,NA,NA,0,0,NA,0,0,0,0,0,NA,0,NA,NA,NA,NA,0,NA,0,0,NA,NA,0,NA,NA,NA,NA,NA,NA,NA,NA,NA,NA,NA,NA,NA,NA,NA,NA,NA,NA,NA,NA,NA,NA,NA,NA,NA,NA,NA,NA,NA,NA
"111",NA,NA,1,0,1,NA,NA,0,0,0,NA,0,0,0,NA,NA,0,0,NA,0,0,NA,0,0,0,NA,0,0,NA,NA,NA,NA,NA,NA,NA,NA,0,0,NA,0,NA,0,NA,0,NA,0,NA,0,NA,NA,0,NA,0,0,NA,0,0,NA,NA,NA,NA,NA,NA,NA,NA,NA,NA,NA,NA,NA,NA,NA,NA,NA,NA,NA,NA,NA,NA,NA,NA,NA,NA,NA,NA,NA,NA
"112",NA,NA,1,0,1,NA,NA,0,0,0,NA,0,0,0,NA,NA,0,0,NA,0,0,NA,0,0,0,NA,NA,0,NA,NA,NA,NA,NA,NA,NA,NA,0,0,NA,0,0,0,NA,0,NA,0,NA,NA,NA,NA,0,NA,0,0,NA,0,0,NA,NA,NA,NA,NA,NA,NA,NA,NA,NA,NA,NA,NA,NA,NA,NA,NA,NA,NA,NA,NA,NA,NA,NA,NA,NA,NA,NA,NA,NA
"113",NA,NA,0,1,0,NA,NA,0,0,0,NA,0,NA,0,NA,NA,0,0,NA,0,0,NA,NA,0,0,NA,NA,0,NA,NA,NA,NA,NA,NA,NA,NA,0,0,NA,0,0,0,NA,0,NA,NA,NA,0,NA,NA,0,NA,0,0,NA,0,0,NA,NA,NA,NA,NA,NA,NA,NA,NA,NA,NA,NA,NA,NA,NA,NA,NA,NA,NA,NA,NA,NA,NA,NA,NA,NA,NA,NA,NA,NA
"114",NA,1,1,NA,1,NA,1,1,1,0,0,0,0,0,NA,NA,0,0,NA,0,0,NA,0,0,0,NA,0,0,NA,NA,NA,NA,NA,0,NA,NA,0,0,NA,0,NA,0,NA,0,NA,0,NA,NA,NA,NA,0,NA,0,0,NA,NA,0,NA,NA,NA,NA,NA,NA,NA,NA,NA,NA,NA,NA,NA,NA,NA,NA,NA,NA,NA,NA,NA,NA,NA,NA,NA,NA,NA,NA,NA,NA
"115",NA,NA,0,0,0,NA,NA,0,0,0,NA,0,NA,0,NA,NA,0,0,NA,0,0,NA,NA,0,0,NA,NA,0,NA,NA,NA,NA,NA,NA,NA,NA,0,0,NA,0,0,0,NA,0,NA,0,NA,0,NA,NA,0,NA,0,0,NA,0,0,NA,NA,NA,NA,NA,NA,NA,NA,NA,NA,NA,NA,NA,NA,NA,NA,NA,NA,NA,NA,NA,NA,NA,NA,NA,NA,NA,NA,NA,NA
"116",NA,0,0,NA,0,NA,0,0,0,0,NA,0,NA,0,NA,NA,0,0,NA,0,0,NA,NA,0,0,NA,0,0,NA,NA,NA,NA,NA,0,NA,NA,0,0,NA,0,0,0,NA,0,NA,0,NA,NA,NA,NA,0,NA,0,0,NA,NA,0,NA,NA,NA,NA,NA,NA,NA,NA,NA,NA,NA,NA,NA,NA,NA,NA,NA,NA,NA,NA,NA,NA,NA,NA,NA,NA,NA,NA,NA,NA
"117",1,NA,0,1,0,0,NA,0,0,0,NA,0,NA,0,0,0,NA,0,0,0,0,0,NA,0,0,NA,NA,NA,NA,0,0,0,0,NA,0,0,0,0,0,0,0,0,NA,0,0,NA,0,0,0,0,0,0,0,NA,0,0,0,NA,NA,NA,NA,NA,NA,NA,NA,NA,NA,NA,NA,NA,NA,NA,NA,NA,NA,NA,NA,NA,NA,NA,NA,NA,NA,NA,NA,NA,NA
"118",NA,1,1,NA,0,NA,1,1,1,0,0,0,NA,0,NA,NA,0,0,NA,0,0,NA,NA,0,0,NA,0,0,NA,NA,NA,NA,NA,0,NA,NA,0,0,NA,0,0,0,NA,0,NA,0,NA,NA,NA,NA,0,NA,0,0,NA,NA,0,NA,NA,NA,NA,NA,NA,NA,NA,NA,NA,NA,NA,NA,NA,NA,NA,NA,NA,NA,NA,NA,NA,NA,NA,NA,NA,NA,NA,NA,NA
"119",1,NA,0,0,0,0,NA,0,0,0,NA,0,NA,0,0,0,NA,0,0,0,0,0,NA,0,0,NA,NA,NA,NA,0,0,0,0,NA,0,0,0,0,0,0,0,0,NA,0,0,0,0,0,0,0,0,0,0,NA,0,0,0,NA,NA,NA,NA,NA,NA,NA,NA,NA,NA,NA,NA,NA,NA,NA,NA,NA,NA,NA,NA,NA,NA,NA,NA,NA,NA,NA,NA,NA,NA
"120",NA,0,1,NA,1,NA,0,0,0,0,NA,0,0,0,NA,NA,0,0,NA,0,0,NA,0,0,0,NA,0,0,NA,NA,NA,NA,NA,0,NA,NA,0,0,NA,0,0,0,NA,NA,NA,0,NA,NA,NA,NA,0,NA,0,0,NA,NA,0,NA,NA,NA,NA,NA,NA,NA,NA,NA,NA,NA,NA,NA,NA,NA,NA,NA,NA,NA,NA,NA,NA,NA,NA,NA,NA,NA,NA,NA,NA
"121",1,NA,0,1,0,1,NA,0,0,0,NA,0,NA,0,0,0,NA,0,0,0,0,0,NA,0,0,0,NA,NA,NA,0,0,0,0,NA,0,0,0,0,0,0,0,0,NA,0,NA,NA,0,0,0,0,0,0,0,NA,0,0,0,NA,NA,NA,NA,NA,NA,NA,NA,NA,NA,NA,NA,NA,NA,NA,NA,NA,NA,NA,NA,NA,NA,NA,NA,NA,NA,NA,NA,NA,NA
"122",NA,1,1,NA,1,NA,1,1,1,0,0,0,0,0,NA,NA,0,0,NA,0,0,NA,0,0,0,NA,0,0,NA,NA,NA,NA,NA,0,NA,NA,0,0,NA,0,0,0,NA,NA,NA,0,NA,NA,NA,NA,0,NA,0,0,NA,NA,0,NA,NA,NA,NA,NA,NA,NA,NA,NA,NA,NA,NA,NA,NA,NA,NA,NA,NA,NA,NA,NA,NA,NA,NA,NA,NA,NA,NA,NA,NA
"123",1,NA,0,0,0,1,NA,0,0,0,NA,0,NA,0,0,0,NA,0,0,0,0,0,NA,0,0,0,NA,NA,NA,0,0,0,0,NA,0,0,0,0,0,0,0,0,NA,0,NA,0,0,0,0,0,0,0,0,NA,0,0,0,NA,NA,NA,NA,NA,NA,NA,NA,NA,NA,NA,NA,NA,NA,NA,NA,NA,NA,NA,NA,NA,NA,NA,NA,NA,NA,NA,NA,NA,NA
"124",NA,0,1,NA,1,NA,0,0,0,0,NA,0,0,0,NA,NA,0,0,NA,0,0,NA,0,0,0,NA,0,0,NA,NA,NA,NA,NA,0,NA,NA,0,0,NA,0,0,0,NA,0,NA,0,NA,NA,NA,NA,0,NA,0,0,NA,NA,0,NA,NA,NA,NA,NA,NA,NA,NA,NA,NA,NA,NA,NA,NA,NA,NA,NA,NA,NA,NA,NA,NA,NA,NA,NA,NA,NA,NA,NA,NA
"125",NA,NA,1,1,1,NA,NA,0,0,0,NA,0,0,0,NA,NA,0,0,NA,0,0,NA,0,0,0,NA,NA,0,NA,NA,NA,NA,NA,NA,NA,NA,0,0,NA,0,0,0,NA,NA,NA,NA,NA,0,NA,NA,0,NA,0,0,NA,0,0,NA,NA,NA,NA,NA,NA,NA,NA,NA,NA,NA,NA,NA,NA,NA,NA,NA,NA,NA,NA,NA,NA,NA,NA,NA,NA,NA,NA,NA,NA
"126",NA,1,1,NA,1,NA,1,1,1,0,0,0,0,0,NA,NA,0,0,NA,0,0,NA,0,0,0,NA,0,0,NA,NA,NA,NA,NA,0,NA,NA,0,0,NA,0,0,0,NA,0,NA,0,NA,NA,NA,NA,0,NA,0,0,NA,NA,0,NA,NA,NA,NA,NA,NA,NA,NA,NA,NA,NA,NA,NA,NA,NA,NA,NA,NA,NA,NA,NA,NA,NA,NA,NA,NA,NA,NA,NA,NA
"127",1,NA,0,1,0,1,NA,0,0,0,NA,0,NA,0,0,0,NA,0,0,0,0,0,NA,0,0,0,NA,NA,NA,0,0,0,0,NA,0,0,0,0,0,0,0,0,NA,0,0,NA,0,0,0,0,0,0,0,NA,0,0,0,NA,NA,NA,NA,NA,NA,NA,NA,NA,NA,NA,NA,NA,NA,NA,NA,NA,NA,NA,NA,NA,NA,NA,NA,NA,NA,NA,NA,NA,NA
"128",NA,1,1,NA,0,NA,1,1,1,0,0,0,NA,0,NA,NA,0,0,NA,0,0,NA,NA,0,0,NA,0,0,NA,NA,NA,NA,NA,0,NA,NA,0,0,NA,0,NA,0,0,0,NA,0,NA,NA,NA,NA,0,NA,0,0,NA,NA,0,NA,NA,NA,NA,NA,NA,NA,NA,NA,NA,NA,NA,NA,NA,NA,NA,NA,NA,NA,NA,NA,NA,NA,NA,NA,NA,NA,NA,NA,NA
"129",1,NA,0,0,0,1,NA,0,0,0,NA,0,NA,0,0,0,NA,0,0,0,0,0,NA,0,0,0,NA,NA,NA,0,0,0,0,NA,0,0,0,0,0,0,0,0,NA,0,0,0,0,0,0,0,0,0,0,NA,0,0,0,NA,NA,NA,NA,NA,NA,NA,NA,NA,NA,NA,NA,NA,NA,NA,NA,NA,NA,NA,NA,NA,NA,NA,NA,NA,NA,NA,NA,NA,NA
"130",NA,1,1,NA,1,NA,0,0,0,0,NA,0,0,0,NA,NA,0,0,NA,0,0,NA,0,0,0,NA,0,0,NA,NA,NA,NA,NA,0,NA,NA,0,0,NA,0,NA,0,0,NA,NA,0,NA,NA,NA,NA,0,NA,0,0,NA,NA,0,NA,NA,NA,NA,NA,NA,NA,NA,NA,NA,NA,NA,NA,NA,NA,NA,NA,NA,NA,NA,NA,NA,NA,NA,NA,NA,NA,NA,NA,NA
"131",NA,NA,1,0,1,NA,NA,0,0,0,NA,0,0,0,NA,NA,0,0,NA,0,0,NA,0,0,0,NA,NA,0,NA,NA,NA,NA,NA,NA,NA,NA,0,0,NA,0,0,0,NA,NA,NA,0,NA,0,NA,NA,0,NA,0,0,NA,0,0,NA,NA,NA,NA,NA,NA,NA,NA,NA,NA,NA,NA,NA,NA,NA,NA,NA,NA,NA,NA,NA,NA,NA,NA,NA,NA,NA,NA,NA,NA
"132",1,NA,1,1,1,1,NA,0,0,0,NA,0,0,0,0,0,NA,0,0,0,0,0,0,0,0,0,NA,NA,NA,0,0,0,0,NA,0,0,0,0,0,0,0,0,NA,0,NA,NA,0,0,0,0,0,0,0,NA,0,0,0,NA,NA,NA,NA,NA,NA,NA,NA,NA,NA,NA,NA,NA,NA,NA,NA,NA,NA,NA,NA,NA,NA,NA,NA,NA,NA,NA,NA,NA,NA
"133",1,NA,1,0,1,1,NA,0,0,0,NA,0,0,0,0,0,NA,0,0,0,0,0,0,0,0,0,NA,NA,NA,0,0,0,0,NA,0,0,0,0,0,0,0,0,NA,0,NA,0,0,0,0,0,0,0,0,NA,0,0,0,NA,NA,NA,NA,NA,NA,NA,NA,NA,NA,NA,NA,NA,NA,NA,NA,NA,NA,NA,NA,NA,NA,NA,NA,NA,NA,NA,NA,NA,NA
"134",NA,NA,1,1,1,NA,NA,0,0,0,NA,0,0,0,NA,NA,0,0,NA,0,0,NA,0,0,0,NA,NA,0,NA,NA,NA,NA,NA,NA,NA,NA,0,0,NA,0,0,0,NA,0,NA,NA,NA,0,NA,NA,0,NA,0,0,NA,0,0,NA,NA,NA,NA,NA,NA,NA,NA,NA,NA,NA,NA,NA,NA,NA,NA,NA,NA,NA,NA,NA,NA,NA,NA,NA,NA,NA,NA,NA,NA
"135",1,NA,1,1,1,0,NA,0,0,0,NA,0,0,0,0,0,NA,0,0,0,0,0,0,0,0,NA,NA,NA,NA,0,0,0,0,NA,0,0,0,0,0,0,0,0,NA,0,0,NA,0,0,0,0,0,0,0,NA,0,0,0,NA,NA,NA,NA,NA,NA,NA,NA,NA,NA,NA,NA,NA,NA,NA,NA,NA,NA,NA,NA,NA,NA,NA,NA,NA,NA,NA,NA,NA,NA
"136",NA,NA,1,0,1,NA,NA,0,0,0,NA,0,0,0,NA,NA,0,0,NA,0,0,NA,0,0,0,NA,NA,0,NA,NA,NA,NA,NA,NA,NA,NA,0,0,NA,0,0,0,NA,0,NA,0,NA,0,NA,NA,0,NA,0,0,NA,0,0,NA,NA,NA,NA,NA,NA,NA,NA,NA,NA,NA,NA,NA,NA,NA,NA,NA,NA,NA,NA,NA,NA,NA,NA,NA,NA,NA,NA,NA,NA
"137",1,NA,1,0,1,0,NA,0,0,0,NA,0,0,0,0,0,NA,0,0,0,0,0,0,0,0,NA,NA,NA,NA,0,0,0,0,NA,0,0,0,0,0,0,0,0,NA,0,0,0,0,0,0,0,0,0,0,NA,0,0,0,NA,NA,NA,NA,NA,NA,NA,NA,NA,NA,NA,NA,NA,NA,NA,NA,NA,NA,NA,NA,NA,NA,NA,NA,NA,NA,NA,NA,NA,NA
"138",1,NA,1,1,1,1,NA,0,0,0,NA,0,0,0,0,0,NA,0,0,0,0,0,0,0,0,0,NA,NA,NA,0,0,0,0,NA,0,0,0,0,0,0,0,0,NA,0,0,NA,0,0,0,0,0,0,0,NA,0,0,0,NA,NA,NA,NA,NA,NA,NA,NA,NA,NA,NA,NA,NA,NA,NA,NA,NA,NA,NA,NA,NA,NA,NA,NA,NA,NA,NA,NA,NA,NA
"139",1,NA,1,0,1,1,NA,0,0,0,NA,0,0,0,0,0,NA,0,0,0,0,0,0,0,0,0,NA,NA,NA,0,0,0,0,NA,0,0,0,0,0,0,0,0,NA,0,0,0,0,0,0,0,0,0,0,NA,0,0,0,NA,NA,NA,NA,NA,NA,NA,NA,NA,NA,NA,NA,NA,NA,NA,NA,NA,NA,NA,NA,NA,NA,NA,NA,NA,NA,NA,NA,NA,NA
"140",NA,1,1,NA,0,NA,1,1,1,0,0,0,NA,0,NA,NA,0,0,NA,0,0,NA,NA,0,0,NA,NA,0,NA,NA,NA,NA,NA,0,NA,NA,0,0,NA,0,0,0,NA,NA,NA,0,NA,0,NA,NA,0,NA,0,0,NA,NA,0,NA,NA,NA,NA,NA,NA,NA,NA,NA,NA,NA,NA,NA,NA,NA,NA,NA,NA,NA,NA,NA,NA,NA,NA,NA,NA,NA,NA,NA,NA
"141",NA,NA,0,1,0,NA,NA,0,0,0,NA,0,NA,0,NA,NA,0,0,NA,0,0,NA,NA,0,0,NA,0,0,NA,NA,NA,NA,NA,NA,NA,NA,0,0,NA,0,0,0,NA,0,NA,NA,NA,NA,NA,NA,0,NA,0,0,NA,0,0,NA,NA,NA,NA,NA,NA,NA,NA,NA,NA,NA,NA,NA,NA,NA,NA,NA,NA,NA,NA,NA,NA,NA,NA,NA,NA,NA,NA,NA,NA
"142",1,0,0,NA,0,0,0,0,0,0,NA,0,NA,0,0,0,NA,0,0,0,0,0,NA,0,0,NA,NA,NA,0,0,0,0,0,0,0,0,0,0,0,0,0,0,NA,0,0,0,0,0,0,0,0,0,0,NA,0,NA,0,NA,NA,NA,NA,NA,NA,NA,NA,NA,NA,NA,NA,NA,NA,NA,NA,NA,NA,NA,NA,NA,NA,NA,NA,NA,NA,NA,NA,NA,NA
"143",0,NA,0,0,0,0,NA,0,0,0,NA,0,NA,0,0,0,NA,0,0,0,0,0,NA,0,0,NA,0,NA,NA,0,0,0,0,NA,0,0,0,0,0,0,0,0,NA,0,NA,0,0,0,0,0,0,0,0,NA,0,0,0,NA,NA,NA,NA,NA,NA,NA,NA,NA,NA,NA,NA,NA,NA,NA,NA,NA,NA,NA,NA,NA,NA,NA,NA,NA,NA,NA,NA,NA,NA
"144",1,1,0,NA,0,0,0,0,0,0,NA,0,NA,0,0,0,NA,0,0,0,0,0,NA,0,0,NA,NA,NA,0,0,0,0,0,0,0,0,0,0,0,0,0,0,0,0,0,0,0,0,0,0,0,0,0,NA,0,NA,0,NA,NA,NA,NA,NA,NA,NA,NA,NA,NA,NA,NA,NA,NA,NA,NA,NA,NA,NA,NA,NA,NA,NA,NA,NA,NA,NA,NA,NA,NA
"145",NA,NA,0,0,0,NA,NA,0,0,0,NA,0,NA,0,NA,NA,0,0,NA,0,0,NA,NA,0,0,NA,0,0,NA,NA,NA,NA,NA,NA,NA,NA,0,0,NA,0,0,0,NA,0,NA,0,NA,NA,NA,NA,0,NA,0,0,NA,0,0,NA,NA,NA,NA,NA,NA,NA,NA,NA,NA,NA,NA,NA,NA,NA,NA,NA,NA,NA,NA,NA,NA,NA,NA,NA,NA,NA,NA,NA,NA
"146",1,0,0,NA,0,1,0,0,0,0,NA,0,NA,0,0,0,NA,0,0,0,0,0,NA,0,0,0,NA,NA,0,0,0,0,0,0,0,0,0,0,0,0,0,0,NA,0,NA,0,0,0,0,0,0,0,0,NA,0,NA,0,NA,NA,NA,NA,NA,NA,NA,NA,NA,NA,NA,NA,NA,NA,NA,NA,NA,NA,NA,NA,NA,NA,NA,NA,NA,NA,NA,NA,NA,NA
"147",NA,NA,0,1,0,NA,NA,0,0,0,NA,0,NA,0,NA,NA,0,0,NA,0,0,NA,NA,0,0,NA,0,0,NA,NA,NA,NA,NA,NA,NA,NA,0,0,NA,0,0,0,NA,NA,NA,NA,NA,0,NA,NA,0,NA,0,0,NA,0,0,NA,NA,NA,NA,NA,NA,NA,NA,NA,NA,NA,NA,NA,NA,NA,NA,NA,NA,NA,NA,NA,NA,NA,NA,NA,NA,NA,NA,NA,NA
"148",1,1,0,NA,0,1,0,0,0,0,NA,0,NA,0,0,0,NA,0,0,0,0,0,NA,0,0,0,NA,NA,0,0,0,0,0,0,0,0,0,0,0,0,0,0,0,0,NA,0,0,0,0,0,0,0,0,NA,0,NA,0,NA,NA,NA,NA,NA,NA,NA,NA,NA,NA,NA,NA,NA,NA,NA,NA,NA,NA,NA,NA,NA,NA,NA,NA,NA,NA,NA,NA,NA,NA
"149",1,NA,0,1,0,1,NA,0,0,0,NA,0,NA,0,0,0,NA,0,0,0,0,0,NA,0,0,0,0,NA,NA,0,0,0,0,NA,0,0,0,0,0,0,0,0,NA,0,NA,NA,0,0,0,0,0,0,0,NA,0,0,0,NA,NA,NA,NA,NA,NA,NA,NA,NA,NA,NA,NA,NA,NA,NA,NA,NA,NA,NA,NA,NA,NA,NA,NA,NA,NA,NA,NA,NA,NA
"150",1,0,0,NA,0,1,0,0,0,0,NA,0,NA,0,0,0,NA,0,0,0,0,0,NA,0,0,0,NA,NA,0,0,0,0,0,0,0,0,0,0,0,0,0,0,NA,0,0,0,0,0,0,0,0,0,0,NA,0,NA,0,NA,NA,NA,NA,NA,NA,NA,NA,NA,NA,NA,NA,NA,NA,NA,NA,NA,NA,NA,NA,NA,NA,NA,NA,NA,NA,NA,NA,NA,NA
"151",1,NA,0,0,0,1,NA,0,0,0,NA,0,NA,0,0,0,NA,0,0,0,0,0,NA,0,0,0,0,NA,NA,0,0,0,0,NA,0,0,0,0,0,0,0,0,NA,0,NA,0,0,0,0,0,0,0,0,NA,0,0,0,NA,NA,NA,NA,NA,NA,NA,NA,NA,NA,NA,NA,NA,NA,NA,NA,NA,NA,NA,NA,NA,NA,NA,NA,NA,NA,NA,NA,NA,NA
"152",1,1,0,NA,0,1,0,0,0,0,NA,0,NA,0,0,0,NA,0,0,0,0,0,NA,0,0,0,NA,NA,0,0,0,0,0,0,0,0,0,0,0,0,0,0,0,0,0,0,0,0,0,0,0,0,0,NA,0,NA,0,NA,NA,NA,NA,NA,NA,NA,NA,NA,NA,NA,NA,NA,NA,NA,NA,NA,NA,NA,NA,NA,NA,NA,NA,NA,NA,NA,NA,NA,NA
"153",1,NA,0,1,0,0,NA,0,0,0,NA,0,NA,0,0,0,NA,0,0,0,0,0,NA,0,0,NA,0,NA,NA,0,0,0,0,NA,0,0,0,0,0,0,0,0,NA,0,0,NA,0,0,0,0,0,0,0,NA,0,0,0,NA,NA,NA,NA,NA,NA,NA,NA,NA,NA,NA,NA,NA,NA,NA,NA,NA,NA,NA,NA,NA,NA,NA,NA,NA,NA,NA,NA,NA,NA
"154",NA,0,0,NA,0,NA,0,0,0,0,NA,0,NA,0,NA,NA,0,0,NA,0,0,NA,NA,0,0,NA,NA,0,NA,NA,NA,NA,NA,0,NA,NA,0,0,NA,0,0,0,NA,0,NA,0,NA,0,NA,NA,0,NA,0,0,NA,NA,0,NA,NA,NA,NA,NA,NA,NA,NA,NA,NA,NA,NA,NA,NA,NA,NA,NA,NA,NA,NA,NA,NA,NA,NA,NA,NA,NA,NA,NA,NA
"155",NA,NA,0,0,0,NA,NA,0,0,0,NA,0,NA,0,NA,NA,0,0,NA,0,0,NA,NA,0,0,NA,0,0,NA,NA,NA,NA,NA,NA,NA,NA,0,0,NA,0,0,0,NA,NA,NA,0,NA,0,NA,NA,0,NA,0,0,NA,0,0,NA,NA,NA,NA,NA,NA,NA,NA,NA,NA,NA,NA,NA,NA,NA,NA,NA,NA,NA,NA,NA,NA,NA,NA,NA,NA,NA,NA,NA,NA
"156",NA,1,1,NA,0,NA,1,1,1,0,0,0,NA,0,NA,NA,0,0,NA,0,0,NA,NA,0,0,NA,NA,0,NA,NA,NA,NA,NA,0,NA,NA,0,0,NA,0,0,0,NA,0,NA,0,NA,0,NA,NA,0,NA,0,0,NA,NA,0,NA,NA,NA,NA,NA,NA,NA,NA,NA,NA,NA,NA,NA,NA,NA,NA,NA,NA,NA,NA,NA,NA,NA,NA,NA,NA,NA,NA,NA,NA
"157",NA,NA,0,1,0,NA,NA,0,0,0,NA,0,NA,0,NA,NA,0,0,NA,0,0,NA,NA,0,0,NA,0,0,NA,NA,NA,NA,NA,NA,NA,NA,0,0,NA,0,0,0,NA,0,NA,NA,NA,0,NA,NA,0,NA,0,0,NA,0,0,NA,NA,NA,NA,NA,NA,NA,NA,NA,NA,NA,NA,NA,NA,NA,NA,NA,NA,NA,NA,NA,NA,NA,NA,NA,NA,NA,NA,NA,NA
"158",NA,1,1,NA,0,NA,1,1,1,0,0,0,NA,0,NA,NA,0,0,NA,0,0,NA,NA,0,0,NA,NA,0,NA,NA,NA,NA,NA,0,NA,NA,0,0,NA,0,NA,0,0,NA,NA,0,NA,0,NA,NA,0,NA,0,0,NA,NA,0,NA,NA,NA,NA,NA,NA,NA,NA,NA,NA,NA,NA,NA,NA,NA,NA,NA,NA,NA,NA,NA,NA,NA,NA,NA,NA,NA,NA,NA,NA
"159",NA,NA,0,0,0,NA,NA,0,0,0,NA,0,NA,0,NA,NA,0,0,NA,0,0,NA,NA,0,0,NA,0,0,NA,NA,NA,NA,NA,NA,NA,NA,0,0,NA,0,0,0,NA,0,NA,0,NA,0,NA,NA,0,NA,0,0,NA,0,0,NA,NA,NA,NA,NA,NA,NA,NA,NA,NA,NA,NA,NA,NA,NA,NA,NA,NA,NA,NA,NA,NA,NA,NA,NA,NA,NA,NA,NA,NA
"160",NA,1,0,NA,0,NA,0,0,0,0,NA,0,NA,0,NA,NA,0,0,NA,0,0,NA,NA,0,0,NA,NA,0,NA,NA,NA,NA,NA,0,NA,NA,0,0,NA,0,NA,0,0,0,NA,0,NA,0,NA,NA,0,NA,0,0,NA,NA,0,NA,NA,NA,NA,NA,NA,NA,NA,NA,NA,NA,NA,NA,NA,NA,NA,NA,NA,NA,NA,NA,NA,NA,NA,NA,NA,NA,NA,NA,NA
"161",1,NA,0,0,0,0,NA,0,0,0,NA,0,NA,0,0,0,NA,0,0,0,0,0,NA,0,0,NA,0,NA,NA,0,0,0,0,NA,0,0,0,0,0,0,0,0,NA,0,0,0,0,0,0,0,0,0,0,NA,0,0,0,NA,NA,NA,NA,NA,NA,NA,NA,NA,NA,NA,NA,NA,NA,NA,NA,NA,NA,NA,NA,NA,NA,NA,NA,NA,NA,NA,NA,NA,NA
"162",NA,1,1,NA,0,NA,1,1,1,0,0,0,NA,0,NA,NA,0,0,NA,0,0,NA,NA,0,0,NA,NA,0,NA,NA,NA,NA,NA,0,NA,NA,0,0,NA,0,NA,0,0,0,NA,0,NA,0,NA,NA,0,NA,0,0,NA,NA,0,NA,NA,NA,NA,NA,NA,NA,NA,NA,NA,NA,NA,NA,NA,NA,NA,NA,NA,NA,NA,NA,NA,NA,NA,NA,NA,NA,NA,NA,NA
"163",1,NA,0,1,0,1,NA,0,0,0,NA,0,NA,0,0,0,NA,0,0,0,0,0,NA,0,0,0,0,NA,NA,0,0,0,0,NA,0,0,0,0,0,0,0,0,NA,0,0,NA,0,0,0,0,0,0,0,NA,0,0,0,NA,NA,NA,NA,NA,NA,NA,NA,NA,NA,NA,NA,NA,NA,NA,NA,NA,NA,NA,NA,NA,NA,NA,NA,NA,NA,NA,NA,NA,NA
"164",NA,1,0,NA,0,NA,0,0,0,0,NA,0,NA,0,NA,NA,0,0,NA,0,0,NA,NA,0,0,NA,NA,0,NA,NA,NA,NA,NA,0,NA,NA,0,0,NA,0,0,0,0,NA,NA,0,NA,0,NA,NA,0,NA,0,0,NA,NA,0,NA,NA,NA,NA,NA,NA,NA,NA,NA,NA,NA,NA,NA,NA,NA,NA,NA,NA,NA,NA,NA,NA,NA,NA,NA,NA,NA,NA,NA,NA
"165",NA,1,1,NA,0,NA,1,1,1,0,0,0,NA,0,NA,NA,0,0,NA,0,0,NA,NA,0,0,NA,NA,0,NA,NA,NA,NA,NA,0,NA,NA,0,0,NA,0,0,0,0,NA,NA,0,NA,0,NA,NA,0,NA,0,0,NA,NA,0,NA,NA,NA,NA,NA,NA,NA,NA,NA,NA,NA,NA,NA,NA,NA,NA,NA,NA,NA,NA,NA,NA,NA,NA,NA,NA,NA,NA,NA,NA
"166",NA,1,0,NA,0,NA,0,0,0,0,NA,0,NA,0,NA,NA,0,0,NA,0,0,NA,NA,0,0,NA,NA,0,NA,NA,NA,NA,NA,0,NA,NA,0,0,NA,0,0,0,0,0,NA,0,NA,0,NA,NA,0,NA,0,0,NA,NA,0,NA,NA,NA,NA,NA,NA,NA,NA,NA,NA,NA,NA,NA,NA,NA,NA,NA,NA,NA,NA,NA,NA,NA,NA,NA,NA,NA,NA,NA,NA
"167",NA,1,1,NA,0,NA,1,1,1,0,0,0,NA,0,NA,NA,0,0,NA,0,0,NA,NA,0,0,NA,NA,0,NA,NA,NA,NA,NA,0,NA,NA,0,0,NA,0,0,0,0,0,NA,0,NA,0,NA,NA,0,NA,0,0,NA,NA,0,NA,NA,NA,NA,NA,NA,NA,NA,NA,NA,NA,NA,NA,NA,NA,NA,NA,NA,NA,NA,NA,NA,NA,NA,NA,NA,NA,NA,NA,NA
"168",NA,0,1,NA,1,NA,0,0,0,0,NA,0,0,0,NA,NA,0,0,NA,0,0,NA,0,0,0,NA,NA,0,NA,NA,NA,NA,NA,0,NA,NA,0,0,NA,0,0,0,NA,NA,NA,0,NA,0,NA,NA,0,NA,0,0,NA,NA,0,NA,NA,NA,NA,NA,NA,NA,NA,NA,NA,NA,NA,NA,NA,NA,NA,NA,NA,NA,NA,NA,NA,NA,NA,NA,NA,NA,NA,NA,NA
"169",NA,0,1,NA,1,NA,0,0,0,0,NA,0,0,0,NA,NA,0,0,NA,0,0,NA,0,0,0,NA,NA,0,NA,NA,NA,NA,NA,0,NA,NA,0,0,NA,0,0,0,NA,0,NA,0,NA,0,NA,NA,0,NA,0,0,NA,NA,0,NA,NA,NA,NA,NA,NA,NA,NA,NA,NA,NA,NA,NA,NA,NA,NA,NA,NA,NA,NA,NA,NA,NA,NA,NA,NA,NA,NA,NA,NA
"170",NA,1,1,NA,1,NA,0,0,0,0,NA,0,0,0,NA,NA,0,0,NA,0,0,NA,0,0,0,NA,NA,0,NA,NA,NA,NA,NA,0,NA,NA,0,0,NA,0,NA,0,0,NA,NA,0,NA,0,NA,NA,0,NA,0,0,NA,NA,0,NA,NA,NA,NA,NA,NA,NA,NA,NA,NA,NA,NA,NA,NA,NA,NA,NA,NA,NA,NA,NA,NA,NA,NA,NA,NA,NA,NA,NA,NA
"171",NA,1,1,NA,1,NA,1,1,1,0,0,0,0,0,NA,NA,0,0,NA,0,0,NA,0,0,0,NA,NA,0,NA,NA,NA,NA,NA,0,NA,NA,0,0,NA,0,0,0,NA,NA,NA,0,NA,0,NA,NA,0,NA,0,0,NA,NA,0,NA,NA,NA,NA,NA,NA,NA,NA,NA,NA,NA,NA,NA,NA,NA,NA,NA,NA,NA,NA,NA,NA,NA,NA,NA,NA,NA,NA,NA,NA
"172",NA,1,1,NA,1,NA,1,1,1,0,0,0,0,0,NA,NA,0,0,NA,0,0,NA,0,0,0,NA,NA,0,NA,NA,NA,NA,NA,0,NA,NA,0,0,NA,0,NA,0,0,NA,NA,0,NA,0,NA,NA,0,NA,0,0,NA,NA,0,NA,NA,NA,NA,NA,NA,NA,NA,NA,NA,NA,NA,NA,NA,NA,NA,NA,NA,NA,NA,NA,NA,NA,NA,NA,NA,NA,NA,NA,NA
"173",NA,1,1,NA,1,NA,1,1,1,0,0,0,0,0,NA,NA,0,0,NA,0,0,NA,0,0,0,NA,NA,0,NA,NA,NA,NA,NA,0,NA,NA,0,0,NA,0,0,0,NA,0,NA,0,NA,0,NA,NA,0,NA,0,0,NA,NA,0,NA,NA,NA,NA,NA,NA,NA,NA,NA,NA,NA,NA,NA,NA,NA,NA,NA,NA,NA,NA,NA,NA,NA,NA,NA,NA,NA,NA,NA,NA
"174",NA,1,1,NA,1,NA,0,0,0,0,NA,0,0,0,NA,NA,0,0,NA,0,0,NA,0,0,0,NA,NA,0,NA,NA,NA,NA,NA,0,NA,NA,0,0,NA,0,NA,0,0,0,NA,0,NA,0,NA,NA,0,NA,0,0,NA,NA,0,NA,NA,NA,NA,NA,NA,NA,NA,NA,NA,NA,NA,NA,NA,NA,NA,NA,NA,NA,NA,NA,NA,NA,NA,NA,NA,NA,NA,NA,NA
"175",NA,1,1,NA,1,NA,1,1,1,0,0,0,0,0,NA,NA,0,0,NA,0,0,NA,0,0,0,NA,NA,0,NA,NA,NA,NA,NA,0,NA,NA,0,0,NA,0,NA,0,0,0,NA,0,NA,0,NA,NA,0,NA,0,0,NA,NA,0,NA,NA,NA,NA,NA,NA,NA,NA,NA,NA,NA,NA,NA,NA,NA,NA,NA,NA,NA,NA,NA,NA,NA,NA,NA,NA,NA,NA,NA,NA
"176",NA,1,1,NA,1,NA,0,0,0,0,NA,0,0,0,NA,NA,0,0,NA,0,0,NA,0,0,0,NA,NA,0,NA,NA,NA,NA,NA,0,NA,NA,0,0,NA,0,0,0,0,NA,NA,0,NA,0,NA,NA,0,NA,0,0,NA,NA,0,NA,NA,NA,NA,NA,NA,NA,NA,NA,NA,NA,NA,NA,NA,NA,NA,NA,NA,NA,NA,NA,NA,NA,NA,NA,NA,NA,NA,NA,NA
"177",NA,1,1,NA,1,NA,1,1,1,0,0,0,0,0,NA,NA,0,0,NA,0,0,NA,0,0,0,NA,NA,0,NA,NA,NA,NA,NA,0,NA,NA,0,0,NA,0,0,0,0,NA,NA,0,NA,0,NA,NA,0,NA,0,0,NA,NA,0,NA,NA,NA,NA,NA,NA,NA,NA,NA,NA,NA,NA,NA,NA,NA,NA,NA,NA,NA,NA,NA,NA,NA,NA,NA,NA,NA,NA,NA,NA
"178",NA,1,1,NA,1,NA,0,0,0,0,NA,0,0,0,NA,NA,0,0,NA,0,0,NA,0,0,0,NA,NA,0,NA,NA,NA,NA,NA,0,NA,NA,0,0,NA,0,0,0,0,0,NA,0,NA,0,NA,NA,0,NA,0,0,NA,NA,0,NA,NA,NA,NA,NA,NA,NA,NA,NA,NA,NA,NA,NA,NA,NA,NA,NA,NA,NA,NA,NA,NA,NA,NA,NA,NA,NA,NA,NA,NA
"179",NA,1,1,NA,1,NA,1,1,1,0,0,0,0,0,NA,NA,0,0,NA,0,0,NA,0,0,0,NA,NA,0,NA,NA,NA,NA,NA,0,NA,NA,0,0,NA,0,0,0,0,0,NA,0,NA,0,NA,NA,0,NA,0,0,NA,NA,0,NA,NA,NA,NA,NA,NA,NA,NA,NA,NA,NA,NA,NA,NA,NA,NA,NA,NA,NA,NA,NA,NA,NA,NA,NA,NA,NA,NA,NA,NA
"180",NA,NA,1,1,1,NA,NA,0,0,0,NA,0,0,0,NA,NA,0,0,NA,0,0,NA,0,0,0,NA,0,0,NA,NA,NA,NA,NA,NA,NA,NA,0,0,NA,0,0,0,NA,NA,NA,NA,NA,NA,NA,NA,0,NA,0,0,NA,0,0,NA,NA,NA,NA,NA,NA,NA,NA,NA,NA,NA,NA,NA,NA,NA,NA,NA,NA,NA,NA,NA,NA,NA,NA,NA,NA,NA,NA,NA,NA
"181",NA,NA,1,0,1,NA,NA,0,0,0,NA,0,0,0,NA,NA,0,0,NA,0,0,NA,0,0,0,NA,0,0,NA,NA,NA,NA,NA,NA,NA,NA,0,0,NA,0,0,0,NA,NA,NA,0,NA,NA,NA,NA,0,NA,0,0,NA,0,0,NA,NA,NA,NA,NA,NA,NA,NA,NA,NA,NA,NA,NA,NA,NA,NA,NA,NA,NA,NA,NA,NA,NA,NA,NA,NA,NA,NA,NA,NA
"182",NA,NA,1,1,1,NA,NA,0,0,0,NA,0,0,0,NA,NA,0,0,NA,0,0,NA,0,0,0,NA,0,0,NA,NA,NA,NA,NA,NA,NA,NA,0,0,NA,0,0,0,NA,0,NA,NA,NA,NA,NA,NA,0,NA,0,0,NA,0,0,NA,NA,NA,NA,NA,NA,NA,NA,NA,NA,NA,NA,NA,NA,NA,NA,NA,NA,NA,NA,NA,NA,NA,NA,NA,NA,NA,NA,NA,NA
"183",NA,NA,1,0,1,NA,NA,0,0,0,NA,0,0,0,NA,NA,0,0,NA,0,0,NA,0,0,0,NA,0,0,NA,NA,NA,NA,NA,NA,NA,NA,0,0,NA,0,0,0,NA,0,NA,0,NA,NA,NA,NA,0,NA,0,0,NA,0,0,NA,NA,NA,NA,NA,NA,NA,NA,NA,NA,NA,NA,NA,NA,NA,NA,NA,NA,NA,NA,NA,NA,NA,NA,NA,NA,NA,NA,NA,NA
"184",NA,NA,1,1,1,NA,NA,0,0,0,NA,0,0,0,NA,NA,0,0,NA,0,0,NA,0,0,0,NA,0,0,NA,NA,NA,NA,NA,NA,NA,NA,0,0,NA,0,0,0,NA,NA,NA,NA,NA,0,NA,NA,0,NA,0,0,NA,0,0,NA,NA,NA,NA,NA,NA,NA,NA,NA,NA,NA,NA,NA,NA,NA,NA,NA,NA,NA,NA,NA,NA,NA,NA,NA,NA,NA,NA,NA,NA
"185",NA,NA,1,0,1,NA,NA,0,0,0,NA,0,0,0,NA,NA,0,0,NA,0,0,NA,0,0,0,NA,0,0,NA,NA,NA,NA,NA,NA,NA,NA,0,0,NA,0,0,0,NA,NA,NA,0,NA,0,NA,NA,0,NA,0,0,NA,0,0,NA,NA,NA,NA,NA,NA,NA,NA,NA,NA,NA,NA,NA,NA,NA,NA,NA,NA,NA,NA,NA,NA,NA,NA,NA,NA,NA,NA,NA,NA
"186",NA,NA,1,1,1,NA,NA,0,0,0,NA,0,0,0,NA,NA,0,0,NA,0,0,NA,0,0,0,NA,0,0,NA,NA,NA,NA,NA,NA,NA,NA,0,0,NA,0,0,0,NA,0,NA,NA,NA,0,NA,NA,0,NA,0,0,NA,0,0,NA,NA,NA,NA,NA,NA,NA,NA,NA,NA,NA,NA,NA,NA,NA,NA,NA,NA,NA,NA,NA,NA,NA,NA,NA,NA,NA,NA,NA,NA
"187",NA,NA,1,0,1,NA,NA,0,0,0,NA,0,0,0,NA,NA,0,0,NA,0,0,NA,0,0,0,NA,0,0,NA,NA,NA,NA,NA,NA,NA,NA,0,0,NA,0,0,0,NA,0,NA,0,NA,0,NA,NA,0,NA,0,0,NA,0,0,NA,NA,NA,NA,NA,NA,NA,NA,NA,NA,NA,NA,NA,NA,NA,NA,NA,NA,NA,NA,NA,NA,NA,NA,NA,NA,NA,NA,NA,NA
"188",NA,1,0,NA,0,NA,0,0,0,0,NA,0,NA,0,NA,NA,0,0,NA,0,0,NA,NA,0,0,NA,0,0,NA,NA,NA,NA,NA,0,NA,NA,0,0,NA,0,0,0,0,0,NA,0,NA,NA,NA,NA,0,NA,0,0,NA,NA,0,NA,NA,NA,NA,NA,NA,NA,NA,NA,NA,NA,NA,NA,NA,NA,NA,NA,NA,NA,NA,NA,NA,NA,NA,NA,NA,NA,NA,NA,NA
"189",NA,1,1,NA,0,NA,1,1,1,0,0,0,NA,0,NA,NA,0,0,NA,0,0,NA,NA,0,0,NA,0,0,NA,NA,NA,NA,NA,0,NA,NA,0,0,NA,0,0,0,0,0,NA,0,NA,NA,NA,NA,0,NA,0,0,NA,NA,0,NA,NA,NA,NA,NA,NA,NA,NA,NA,NA,NA,NA,NA,NA,NA,NA,NA,NA,NA,NA,NA,NA,NA,NA,NA,NA,NA,NA,NA,NA
"190",NA,1,1,NA,0,NA,1,1,1,0,0,0,NA,0,NA,NA,0,0,NA,0,0,NA,NA,0,0,NA,0,0,NA,NA,NA,NA,NA,0,NA,NA,0,0,NA,0,NA,0,NA,NA,NA,0,NA,0,NA,NA,0,NA,0,0,NA,NA,0,NA,NA,NA,NA,NA,NA,NA,NA,NA,NA,NA,NA,NA,NA,NA,NA,NA,NA,NA,NA,NA,NA,NA,NA,NA,NA,NA,NA,NA,NA
"191",NA,1,1,NA,0,NA,1,1,1,0,0,0,NA,0,NA,NA,0,0,NA,0,0,NA,NA,0,0,NA,0,0,NA,NA,NA,NA,NA,0,NA,NA,0,0,NA,0,NA,0,NA,0,NA,0,NA,0,NA,NA,0,NA,0,0,NA,NA,0,NA,NA,NA,NA,NA,NA,NA,NA,NA,NA,NA,NA,NA,NA,NA,NA,NA,NA,NA,NA,NA,NA,NA,NA,NA,NA,NA,NA,NA,NA
"192",NA,0,0,NA,0,NA,0,0,0,0,NA,0,NA,0,NA,NA,0,0,NA,0,0,NA,NA,0,0,NA,0,0,NA,NA,NA,NA,NA,0,NA,NA,0,0,NA,0,0,0,NA,0,NA,0,NA,0,NA,NA,0,NA,0,0,NA,NA,0,NA,NA,NA,NA,NA,NA,NA,NA,NA,NA,NA,NA,NA,NA,NA,NA,NA,NA,NA,NA,NA,NA,NA,NA,NA,NA,NA,NA,NA,NA
"193",NA,1,1,NA,0,NA,1,1,1,0,0,0,NA,0,NA,NA,0,0,NA,0,0,NA,NA,0,0,NA,0,0,NA,NA,NA,NA,NA,0,NA,NA,0,0,NA,0,0,0,NA,NA,NA,0,NA,0,NA,NA,0,NA,0,0,NA,NA,0,NA,NA,NA,NA,NA,NA,NA,NA,NA,NA,NA,NA,NA,NA,NA,NA,NA,NA,NA,NA,NA,NA,NA,NA,NA,NA,NA,NA,NA,NA
"194",NA,1,1,NA,0,NA,1,1,1,0,0,0,NA,0,NA,NA,0,0,NA,0,0,NA,NA,0,0,NA,0,0,NA,NA,NA,NA,NA,0,NA,NA,0,0,NA,0,0,0,NA,0,NA,0,NA,0,NA,NA,0,NA,0,0,NA,NA,0,NA,NA,NA,NA,NA,NA,NA,NA,NA,NA,NA,NA,NA,NA,NA,NA,NA,NA,NA,NA,NA,NA,NA,NA,NA,NA,NA,NA,NA,NA
"195",NA,1,0,NA,0,NA,0,0,0,0,NA,0,NA,0,NA,NA,0,0,NA,0,0,NA,NA,0,0,NA,0,0,NA,NA,NA,NA,NA,0,NA,NA,0,0,NA,0,NA,0,0,NA,NA,0,NA,0,NA,NA,0,NA,0,0,NA,NA,0,NA,NA,NA,NA,NA,NA,NA,NA,NA,NA,NA,NA,NA,NA,NA,NA,NA,NA,NA,NA,NA,NA,NA,NA,NA,NA,NA,NA,NA,NA
"196",NA,1,0,NA,0,NA,0,0,0,0,NA,0,NA,0,NA,NA,0,0,NA,0,0,NA,NA,0,0,NA,0,0,NA,NA,NA,NA,NA,0,NA,NA,0,0,NA,0,NA,0,0,0,NA,0,NA,0,NA,NA,0,NA,0,0,NA,NA,0,NA,NA,NA,NA,NA,NA,NA,NA,NA,NA,NA,NA,NA,NA,NA,NA,NA,NA,NA,NA,NA,NA,NA,NA,NA,NA,NA,NA,NA,NA
"197",NA,1,1,NA,0,NA,1,1,1,0,0,0,NA,0,NA,NA,0,0,NA,0,0,NA,NA,0,0,NA,0,0,NA,NA,NA,NA,NA,0,NA,NA,0,0,NA,0,NA,0,0,NA,NA,0,NA,0,NA,NA,0,NA,0,0,NA,NA,0,NA,NA,NA,NA,NA,NA,NA,NA,NA,NA,NA,NA,NA,NA,NA,NA,NA,NA,NA,NA,NA,NA,NA,NA,NA,NA,NA,NA,NA,NA
"198",NA,1,1,NA,0,NA,1,1,1,0,0,0,NA,0,NA,NA,0,0,NA,0,0,NA,NA,0,0,NA,0,0,NA,NA,NA,NA,NA,0,NA,NA,0,0,NA,0,NA,0,0,0,NA,0,NA,0,NA,NA,0,NA,0,0,NA,NA,0,NA,NA,NA,NA,NA,NA,NA,NA,NA,NA,NA,NA,NA,NA,NA,NA,NA,NA,NA,NA,NA,NA,NA,NA,NA,NA,NA,NA,NA,NA
"199",NA,1,0,NA,0,NA,0,0,0,0,NA,0,NA,0,NA,NA,0,0,NA,0,0,NA,NA,0,0,NA,0,0,NA,NA,NA,NA,NA,0,NA,NA,0,0,NA,0,0,0,0,NA,NA,0,NA,0,NA,NA,0,NA,0,0,NA,NA,0,NA,NA,NA,NA,NA,NA,NA,NA,NA,NA,NA,NA,NA,NA,NA,NA,NA,NA,NA,NA,NA,NA,NA,NA,NA,NA,NA,NA,NA,NA
"200",NA,1,0,NA,0,NA,0,0,0,0,NA,0,NA,0,NA,NA,0,0,NA,0,0,NA,NA,0,0,NA,0,0,NA,NA,NA,NA,NA,0,NA,NA,0,0,NA,0,0,0,0,0,NA,0,NA,0,NA,NA,0,NA,0,0,NA,NA,0,NA,NA,NA,NA,NA,NA,NA,NA,NA,NA,NA,NA,NA,NA,NA,NA,NA,NA,NA,NA,NA,NA,NA,NA,NA,NA,NA,NA,NA,NA
"201",NA,1,1,NA,0,NA,1,1,1,0,0,0,NA,0,NA,NA,0,0,NA,0,0,NA,NA,0,0,NA,0,0,NA,NA,NA,NA,NA,0,NA,NA,0,0,NA,0,0,0,0,NA,NA,0,NA,0,NA,NA,0,NA,0,0,NA,NA,0,NA,NA,NA,NA,NA,NA,NA,NA,NA,NA,NA,NA,NA,NA,NA,NA,NA,NA,NA,NA,NA,NA,NA,NA,NA,NA,NA,NA,NA,NA
"202",NA,1,1,NA,0,NA,1,1,1,0,0,0,NA,0,NA,NA,0,0,NA,0,0,NA,NA,0,0,NA,0,0,NA,NA,NA,NA,NA,0,NA,NA,0,0,NA,0,0,0,0,0,NA,0,NA,0,NA,NA,0,NA,0,0,NA,NA,0,NA,NA,NA,NA,NA,NA,NA,NA,NA,NA,NA,NA,NA,NA,NA,NA,NA,NA,NA,NA,NA,NA,NA,NA,NA,NA,NA,NA,NA,NA
"203",NA,1,1,NA,1,NA,0,0,0,0,NA,0,0,0,NA,NA,0,0,NA,0,0,NA,0,0,0,NA,0,0,NA,NA,NA,NA,NA,0,NA,NA,0,0,NA,0,NA,0,0,0,NA,0,NA,NA,NA,NA,0,NA,0,0,NA,NA,0,NA,NA,NA,NA,NA,NA,NA,NA,NA,NA,NA,NA,NA,NA,NA,NA,NA,NA,NA,NA,NA,NA,NA,NA,NA,NA,NA,NA,NA,NA
"204",NA,1,1,NA,1,NA,1,1,1,0,0,0,0,0,NA,NA,0,0,NA,0,0,NA,0,0,0,NA,0,0,NA,NA,NA,NA,NA,0,NA,NA,0,0,NA,0,NA,0,0,NA,NA,0,NA,NA,NA,NA,0,NA,0,0,NA,NA,0,NA,NA,NA,NA,NA,NA,NA,NA,NA,NA,NA,NA,NA,NA,NA,NA,NA,NA,NA,NA,NA,NA,NA,NA,NA,NA,NA,NA,NA,NA
"205",NA,1,1,NA,1,NA,1,1,1,0,0,0,0,0,NA,NA,0,0,NA,0,0,NA,0,0,0,NA,0,0,NA,NA,NA,NA,NA,0,NA,NA,0,0,NA,0,NA,0,0,0,NA,0,NA,NA,NA,NA,0,NA,0,0,NA,NA,0,NA,NA,NA,NA,NA,NA,NA,NA,NA,NA,NA,NA,NA,NA,NA,NA,NA,NA,NA,NA,NA,NA,NA,NA,NA,NA,NA,NA,NA,NA
"206",NA,1,1,NA,1,NA,0,0,0,0,NA,0,0,0,NA,NA,0,0,NA,0,0,NA,0,0,0,NA,0,0,NA,NA,NA,NA,NA,0,NA,NA,0,0,NA,0,0,0,0,NA,NA,0,NA,NA,NA,NA,0,NA,0,0,NA,NA,0,NA,NA,NA,NA,NA,NA,NA,NA,NA,NA,NA,NA,NA,NA,NA,NA,NA,NA,NA,NA,NA,NA,NA,NA,NA,NA,NA,NA,NA,NA
"207",NA,1,1,NA,1,NA,0,0,0,0,NA,0,0,0,NA,NA,0,0,NA,0,0,NA,0,0,0,NA,0,0,NA,NA,NA,NA,NA,0,NA,NA,0,0,NA,0,0,0,0,0,NA,0,NA,NA,NA,NA,0,NA,0,0,NA,NA,0,NA,NA,NA,NA,NA,NA,NA,NA,NA,NA,NA,NA,NA,NA,NA,NA,NA,NA,NA,NA,NA,NA,NA,NA,NA,NA,NA,NA,NA,NA
"208",NA,1,1,NA,1,NA,1,1,1,0,0,0,0,0,NA,NA,0,0,NA,0,0,NA,0,0,0,NA,0,0,NA,NA,NA,NA,NA,0,NA,NA,0,0,NA,0,0,0,0,NA,NA,0,NA,NA,NA,NA,0,NA,0,0,NA,NA,0,NA,NA,NA,NA,NA,NA,NA,NA,NA,NA,NA,NA,NA,NA,NA,NA,NA,NA,NA,NA,NA,NA,NA,NA,NA,NA,NA,NA,NA,NA
"209",NA,1,1,NA,1,NA,1,1,1,0,0,0,0,0,NA,NA,0,0,NA,0,0,NA,0,0,0,NA,0,0,NA,NA,NA,NA,NA,0,NA,NA,0,0,NA,0,0,0,0,0,NA,0,NA,NA,NA,NA,0,NA,0,0,NA,NA,0,NA,NA,NA,NA,NA,NA,NA,NA,NA,NA,NA,NA,NA,NA,NA,NA,NA,NA,NA,NA,NA,NA,NA,NA,NA,NA,NA,NA,NA,NA
"210",NA,0,1,NA,1,NA,0,0,0,0,NA,0,0,0,NA,NA,0,0,NA,0,0,NA,0,0,0,NA,0,0,NA,NA,NA,NA,NA,0,NA,NA,0,0,NA,0,NA,0,NA,NA,NA,0,NA,0,NA,NA,0,NA,0,0,NA,NA,0,NA,NA,NA,NA,NA,NA,NA,NA,NA,NA,NA,NA,NA,NA,NA,NA,NA,NA,NA,NA,NA,NA,NA,NA,NA,NA,NA,NA,NA,NA
"211",NA,0,1,NA,1,NA,0,0,0,0,NA,0,0,0,NA,NA,0,0,NA,0,0,NA,0,0,0,NA,0,0,NA,NA,NA,NA,NA,0,NA,NA,0,0,NA,0,NA,0,NA,0,NA,0,NA,0,NA,NA,0,NA,0,0,NA,NA,0,NA,NA,NA,NA,NA,NA,NA,NA,NA,NA,NA,NA,NA,NA,NA,NA,NA,NA,NA,NA,NA,NA,NA,NA,NA,NA,NA,NA,NA,NA
"212",NA,1,1,NA,1,NA,1,1,1,0,0,0,0,0,NA,NA,0,0,NA,0,0,NA,0,0,0,NA,0,0,NA,NA,NA,NA,NA,0,NA,NA,0,0,NA,0,NA,0,NA,NA,NA,0,NA,0,NA,NA,0,NA,0,0,NA,NA,0,NA,NA,NA,NA,NA,NA,NA,NA,NA,NA,NA,NA,NA,NA,NA,NA,NA,NA,NA,NA,NA,NA,NA,NA,NA,NA,NA,NA,NA,NA
"213",NA,1,1,NA,1,NA,1,1,1,0,0,0,0,0,NA,NA,0,0,NA,0,0,NA,0,0,0,NA,0,0,NA,NA,NA,NA,NA,0,NA,NA,0,0,NA,0,NA,0,NA,0,NA,0,NA,0,NA,NA,0,NA,0,0,NA,NA,0,NA,NA,NA,NA,NA,NA,NA,NA,NA,NA,NA,NA,NA,NA,NA,NA,NA,NA,NA,NA,NA,NA,NA,NA,NA,NA,NA,NA,NA,NA
"214",NA,1,1,NA,1,NA,0,0,0,0,NA,0,0,0,NA,NA,0,0,NA,0,0,NA,0,0,0,NA,0,0,NA,NA,NA,NA,NA,0,NA,NA,0,0,NA,0,NA,0,0,NA,NA,0,NA,0,NA,NA,0,NA,0,0,NA,NA,0,NA,NA,NA,NA,NA,NA,NA,NA,NA,NA,NA,NA,NA,NA,NA,NA,NA,NA,NA,NA,NA,NA,NA,NA,NA,NA,NA,NA,NA,NA
"215",NA,1,1,NA,1,NA,0,0,0,0,NA,0,0,0,NA,NA,0,0,NA,0,0,NA,0,0,0,NA,0,0,NA,NA,NA,NA,NA,0,NA,NA,0,0,NA,0,NA,0,0,0,NA,0,NA,0,NA,NA,0,NA,0,0,NA,NA,0,NA,NA,NA,NA,NA,NA,NA,NA,NA,NA,NA,NA,NA,NA,NA,NA,NA,NA,NA,NA,NA,NA,NA,NA,NA,NA,NA,NA,NA,NA
"216",NA,1,1,NA,1,NA,1,1,1,0,0,0,0,0,NA,NA,0,0,NA,0,0,NA,0,0,0,NA,0,0,NA,NA,NA,NA,NA,0,NA,NA,0,0,NA,0,NA,0,0,NA,NA,0,NA,0,NA,NA,0,NA,0,0,NA,NA,0,NA,NA,NA,NA,NA,NA,NA,NA,NA,NA,NA,NA,NA,NA,NA,NA,NA,NA,NA,NA,NA,NA,NA,NA,NA,NA,NA,NA,NA,NA
"217",NA,1,1,NA,1,NA,1,1,1,0,0,0,0,0,NA,NA,0,0,NA,0,0,NA,0,0,0,NA,0,0,NA,NA,NA,NA,NA,0,NA,NA,0,0,NA,0,NA,0,0,0,NA,0,NA,0,NA,NA,0,NA,0,0,NA,NA,0,NA,NA,NA,NA,NA,NA,NA,NA,NA,NA,NA,NA,NA,NA,NA,NA,NA,NA,NA,NA,NA,NA,NA,NA,NA,NA,NA,NA,NA,NA
"218",NA,0,1,NA,1,NA,0,0,0,0,NA,0,0,0,NA,NA,0,0,NA,0,0,NA,0,0,0,NA,0,0,NA,NA,NA,NA,NA,0,NA,NA,0,0,NA,0,0,0,NA,NA,NA,0,NA,0,NA,NA,0,NA,0,0,NA,NA,0,NA,NA,NA,NA,NA,NA,NA,NA,NA,NA,NA,NA,NA,NA,NA,NA,NA,NA,NA,NA,NA,NA,NA,NA,NA,NA,NA,NA,NA,NA
"219",NA,0,1,NA,1,NA,0,0,0,0,NA,0,0,0,NA,NA,0,0,NA,0,0,NA,0,0,0,NA,0,0,NA,NA,NA,NA,NA,0,NA,NA,0,0,NA,0,0,0,NA,0,NA,0,NA,0,NA,NA,0,NA,0,0,NA,NA,0,NA,NA,NA,NA,NA,NA,NA,NA,NA,NA,NA,NA,NA,NA,NA,NA,NA,NA,NA,NA,NA,NA,NA,NA,NA,NA,NA,NA,NA,NA
"220",NA,1,1,NA,1,NA,1,1,1,0,0,0,0,0,NA,NA,0,0,NA,0,0,NA,0,0,0,NA,0,0,NA,NA,NA,NA,NA,0,NA,NA,0,0,NA,0,0,0,NA,NA,NA,0,NA,0,NA,NA,0,NA,0,0,NA,NA,0,NA,NA,NA,NA,NA,NA,NA,NA,NA,NA,NA,NA,NA,NA,NA,NA,NA,NA,NA,NA,NA,NA,NA,NA,NA,NA,NA,NA,NA,NA
"221",NA,1,1,NA,1,NA,1,1,1,0,0,0,0,0,NA,NA,0,0,NA,0,0,NA,0,0,0,NA,0,0,NA,NA,NA,NA,NA,0,NA,NA,0,0,NA,0,0,0,NA,0,NA,0,NA,0,NA,NA,0,NA,0,0,NA,NA,0,NA,NA,NA,NA,NA,NA,NA,NA,NA,NA,NA,NA,NA,NA,NA,NA,NA,NA,NA,NA,NA,NA,NA,NA,NA,NA,NA,NA,NA,NA
"222",NA,1,1,NA,1,NA,0,0,0,0,NA,0,0,0,NA,NA,0,0,NA,0,0,NA,0,0,0,NA,0,0,NA,NA,NA,NA,NA,0,NA,NA,0,0,NA,0,0,0,0,NA,NA,0,NA,0,NA,NA,0,NA,0,0,NA,NA,0,NA,NA,NA,NA,NA,NA,NA,NA,NA,NA,NA,NA,NA,NA,NA,NA,NA,NA,NA,NA,NA,NA,NA,NA,NA,NA,NA,NA,NA,NA
"223",NA,1,1,NA,1,NA,0,0,0,0,NA,0,0,0,NA,NA,0,0,NA,0,0,NA,0,0,0,NA,0,0,NA,NA,NA,NA,NA,0,NA,NA,0,0,NA,0,0,0,0,0,NA,0,NA,0,NA,NA,0,NA,0,0,NA,NA,0,NA,NA,NA,NA,NA,NA,NA,NA,NA,NA,NA,NA,NA,NA,NA,NA,NA,NA,NA,NA,NA,NA,NA,NA,NA,NA,NA,NA,NA,NA
"224",NA,1,1,NA,1,NA,1,1,1,0,0,0,0,0,NA,NA,0,0,NA,0,0,NA,0,0,0,NA,0,0,NA,NA,NA,NA,NA,0,NA,NA,0,0,NA,0,0,0,0,NA,NA,0,NA,0,NA,NA,0,NA,0,0,NA,NA,0,NA,NA,NA,NA,NA,NA,NA,NA,NA,NA,NA,NA,NA,NA,NA,NA,NA,NA,NA,NA,NA,NA,NA,NA,NA,NA,NA,NA,NA,NA
"225",NA,1,1,NA,1,NA,1,1,1,0,0,0,0,0,NA,NA,0,0,NA,0,0,NA,0,0,0,NA,0,0,NA,NA,NA,NA,NA,0,NA,NA,0,0,NA,0,0,0,0,0,NA,0,NA,0,NA,NA,0,NA,0,0,NA,NA,0,NA,NA,NA,NA,NA,NA,NA,NA,NA,NA,NA,NA,NA,NA,NA,NA,NA,NA,NA,NA,NA,NA,NA,NA,NA,NA,NA,NA,NA,NA
"226",0,0,1,NA,1,0,0,0,0,0,NA,0,0,0,0,0,NA,0,0,0,0,0,0,0,0,NA,NA,NA,0,0,0,0,0,0,0,0,0,0,0,0,0,0,NA,0,NA,0,0,0,0,0,0,0,0,NA,0,NA,0,NA,NA,NA,NA,NA,NA,NA,NA,NA,NA,NA,NA,NA,NA,NA,NA,NA,NA,NA,NA,NA,NA,NA,NA,NA,NA,NA,NA,NA,NA
"227",1,NA,0,0,0,1,NA,0,0,0,NA,0,NA,0,0,0,NA,0,0,0,0,0,NA,0,0,0,0,NA,NA,0,0,0,0,NA,0,0,0,0,0,0,0,0,NA,0,0,0,0,0,0,0,0,0,0,NA,0,0,0,NA,NA,NA,NA,NA,NA,NA,NA,NA,NA,NA,NA,NA,NA,NA,NA,NA,NA,NA,NA,NA,NA,NA,NA,NA,NA,NA,NA,NA,NA
"228",0,1,1,NA,1,0,0,0,0,0,NA,0,0,0,0,0,NA,0,0,0,0,0,0,0,0,NA,NA,NA,0,0,0,0,0,0,0,0,0,0,0,0,0,0,0,0,NA,0,0,0,0,0,0,0,0,NA,0,NA,0,NA,NA,NA,NA,NA,NA,NA,NA,NA,NA,NA,NA,NA,NA,NA,NA,NA,NA,NA,NA,NA,NA,NA,NA,NA,NA,NA,NA,NA,NA
"229",0,NA,1,1,1,0,NA,0,0,0,NA,0,0,0,0,0,NA,0,0,0,0,0,0,0,0,NA,0,NA,NA,0,0,0,0,NA,0,0,0,0,0,0,0,0,NA,0,NA,NA,0,0,0,0,0,0,0,NA,0,0,0,NA,NA,NA,NA,NA,NA,NA,NA,NA,NA,NA,NA,NA,NA,NA,NA,NA,NA,NA,NA,NA,NA,NA,NA,NA,NA,NA,NA,NA,NA
"230",1,0,1,NA,1,0,0,0,0,0,NA,0,0,0,0,0,NA,0,0,0,0,0,0,0,0,NA,NA,NA,0,0,0,0,0,0,0,0,0,0,0,0,0,0,NA,0,0,0,0,0,0,0,0,0,0,NA,0,NA,0,NA,NA,NA,NA,NA,NA,NA,NA,NA,NA,NA,NA,NA,NA,NA,NA,NA,NA,NA,NA,NA,NA,NA,NA,NA,NA,NA,NA,NA,NA
"231",0,NA,1,0,1,0,NA,0,0,0,NA,0,0,0,0,0,NA,0,0,0,0,0,0,0,0,NA,0,NA,NA,0,0,0,0,NA,0,0,0,0,0,0,0,0,NA,0,NA,0,0,0,0,0,0,0,0,NA,0,0,0,NA,NA,NA,NA,NA,NA,NA,NA,NA,NA,NA,NA,NA,NA,NA,NA,NA,NA,NA,NA,NA,NA,NA,NA,NA,NA,NA,NA,NA,NA
"232",1,1,1,NA,1,0,0,0,0,0,NA,0,0,0,0,0,NA,0,0,0,0,0,0,0,0,NA,NA,NA,0,0,0,0,0,0,0,0,0,0,0,0,0,0,0,0,0,0,0,0,0,0,0,0,0,NA,0,NA,0,NA,NA,NA,NA,NA,NA,NA,NA,NA,NA,NA,NA,NA,NA,NA,NA,NA,NA,NA,NA,NA,NA,NA,NA,NA,NA,NA,NA,NA,NA
"233",1,NA,1,1,1,1,NA,0,0,0,NA,0,0,0,0,0,NA,0,0,0,0,0,0,0,0,0,0,NA,NA,0,0,0,0,NA,0,0,0,0,0,0,0,0,NA,0,NA,NA,0,0,0,0,0,0,0,NA,0,0,0,NA,NA,NA,NA,NA,NA,NA,NA,NA,NA,NA,NA,NA,NA,NA,NA,NA,NA,NA,NA,NA,NA,NA,NA,NA,NA,NA,NA,NA,NA
"234",1,0,1,NA,1,1,0,0,0,0,NA,0,0,0,0,0,NA,0,0,0,0,0,0,0,0,0,NA,NA,0,0,0,0,0,0,0,0,0,0,0,0,0,0,NA,0,NA,0,0,0,0,0,0,0,0,NA,0,NA,0,NA,NA,NA,NA,NA,NA,NA,NA,NA,NA,NA,NA,NA,NA,NA,NA,NA,NA,NA,NA,NA,NA,NA,NA,NA,NA,NA,NA,NA,NA
"235",1,NA,1,0,1,1,NA,0,0,0,NA,0,0,0,0,0,NA,0,0,0,0,0,0,0,0,0,0,NA,NA,0,0,0,0,NA,0,0,0,0,0,0,0,0,NA,0,NA,0,0,0,0,0,0,0,0,NA,0,0,0,NA,NA,NA,NA,NA,NA,NA,NA,NA,NA,NA,NA,NA,NA,NA,NA,NA,NA,NA,NA,NA,NA,NA,NA,NA,NA,NA,NA,NA,NA
"236",1,1,1,NA,1,1,0,0,0,0,NA,0,0,0,0,0,NA,0,0,0,0,0,0,0,0,0,NA,NA,0,0,0,0,0,0,0,0,0,0,0,0,0,0,0,0,NA,0,0,0,0,0,0,0,0,NA,0,NA,0,NA,NA,NA,NA,NA,NA,NA,NA,NA,NA,NA,NA,NA,NA,NA,NA,NA,NA,NA,NA,NA,NA,NA,NA,NA,NA,NA,NA,NA,NA
"237",1,NA,1,1,1,0,NA,0,0,0,NA,0,0,0,0,0,NA,0,0,0,0,0,0,0,0,NA,0,NA,NA,0,0,0,0,NA,0,0,0,0,0,0,0,0,NA,0,0,NA,0,0,0,0,0,0,0,NA,0,0,0,NA,NA,NA,NA,NA,NA,NA,NA,NA,NA,NA,NA,NA,NA,NA,NA,NA,NA,NA,NA,NA,NA,NA,NA,NA,NA,NA,NA,NA,NA
"238",1,0,1,NA,1,1,0,0,0,0,NA,0,0,0,0,0,NA,0,0,0,0,0,0,0,0,0,NA,NA,0,0,0,0,0,0,0,0,0,0,0,0,0,0,NA,0,0,0,0,0,0,0,0,0,0,NA,0,NA,0,NA,NA,NA,NA,NA,NA,NA,NA,NA,NA,NA,NA,NA,NA,NA,NA,NA,NA,NA,NA,NA,NA,NA,NA,NA,NA,NA,NA,NA,NA
"239",1,NA,1,0,1,0,NA,0,0,0,NA,0,0,0,0,0,NA,0,0,0,0,0,0,0,0,NA,0,NA,NA,0,0,0,0,NA,0,0,0,0,0,0,0,0,NA,0,0,0,0,0,0,0,0,0,0,NA,0,0,0,NA,NA,NA,NA,NA,NA,NA,NA,NA,NA,NA,NA,NA,NA,NA,NA,NA,NA,NA,NA,NA,NA,NA,NA,NA,NA,NA,NA,NA,NA
"240",1,1,1,NA,1,1,0,0,0,0,NA,0,0,0,0,0,NA,0,0,0,0,0,0,0,0,0,NA,NA,0,0,0,0,0,0,0,0,0,0,0,0,0,0,0,0,0,0,0,0,0,0,0,0,0,NA,0,NA,0,NA,NA,NA,NA,NA,NA,NA,NA,NA,NA,NA,NA,NA,NA,NA,NA,NA,NA,NA,NA,NA,NA,NA,NA,NA,NA,NA,NA,NA,NA
"241",1,NA,1,1,1,1,NA,0,0,0,NA,0,0,0,0,0,NA,0,0,0,0,0,0,0,0,0,0,NA,NA,0,0,0,0,NA,0,0,0,0,0,0,0,0,NA,0,0,NA,0,0,0,0,0,0,0,NA,0,0,0,NA,NA,NA,NA,NA,NA,NA,NA,NA,NA,NA,NA,NA,NA,NA,NA,NA,NA,NA,NA,NA,NA,NA,NA,NA,NA,NA,NA,NA,NA
"242",1,NA,1,0,1,1,NA,0,0,0,NA,0,0,0,0,0,NA,0,0,0,0,0,0,0,0,0,0,NA,NA,0,0,0,0,NA,0,0,0,0,0,0,0,0,NA,0,0,0,0,0,0,0,0,0,0,NA,0,0,0,NA,NA,NA,NA,NA,NA,NA,NA,NA,NA,NA,NA,NA,NA,NA,NA,NA,NA,NA,NA,NA,NA,NA,NA,NA,NA,NA,NA,NA,NA
"243",1,0,0,NA,0,1,0,0,0,0,NA,0,NA,0,0,0,NA,0,0,0,0,0,NA,0,0,0,0,NA,0,0,0,0,0,0,0,0,0,0,0,0,0,0,NA,0,NA,0,0,0,0,0,0,0,0,NA,0,NA,0,NA,NA,NA,NA,NA,NA,NA,NA,NA,NA,NA,NA,NA,NA,NA,NA,NA,NA,NA,NA,NA,NA,NA,NA,NA,NA,NA,NA,NA,NA
"244",1,0,0,NA,0,0,0,0,0,0,NA,0,NA,0,0,0,NA,0,0,0,0,0,NA,0,0,NA,0,NA,0,0,0,0,0,0,0,0,0,0,0,0,0,0,NA,0,0,0,0,0,0,0,0,0,0,NA,0,NA,0,NA,NA,NA,NA,NA,NA,NA,NA,NA,NA,NA,NA,NA,NA,NA,NA,NA,NA,NA,NA,NA,NA,NA,NA,NA,NA,NA,NA,NA,NA
"245",1,1,0,NA,0,1,0,0,0,0,NA,0,NA,0,0,0,NA,0,0,0,0,0,NA,0,0,0,0,NA,0,0,0,0,0,0,0,0,0,0,0,0,0,0,0,0,NA,0,0,0,0,0,0,0,0,NA,0,NA,0,NA,NA,NA,NA,NA,NA,NA,NA,NA,NA,NA,NA,NA,NA,NA,NA,NA,NA,NA,NA,NA,NA,NA,NA,NA,NA,NA,NA,NA,NA
"246",1,1,0,NA,0,0,0,0,0,0,NA,0,NA,0,0,0,NA,0,0,0,0,0,NA,0,0,NA,0,NA,0,0,0,0,0,0,0,0,0,0,0,0,0,0,0,0,0,0,0,0,0,0,0,0,0,NA,0,NA,0,NA,NA,NA,NA,NA,NA,NA,NA,NA,NA,NA,NA,NA,NA,NA,NA,NA,NA,NA,NA,NA,NA,NA,NA,NA,NA,NA,NA,NA,NA
"247",1,0,0,NA,0,1,0,0,0,0,NA,0,NA,0,0,0,NA,0,0,0,0,0,NA,0,0,0,0,NA,0,0,0,0,0,0,0,0,0,0,0,0,0,0,NA,0,0,0,0,0,0,0,0,0,0,NA,0,NA,0,NA,NA,NA,NA,NA,NA,NA,NA,NA,NA,NA,NA,NA,NA,NA,NA,NA,NA,NA,NA,NA,NA,NA,NA,NA,NA,NA,NA,NA,NA
"248",1,1,0,NA,0,1,0,0,0,0,NA,0,NA,0,0,0,NA,0,0,0,0,0,NA,0,0,0,0,NA,0,0,0,0,0,0,0,0,0,0,0,0,0,0,0,0,0,0,0,0,0,0,0,0,0,NA,0,NA,0,NA,NA,NA,NA,NA,NA,NA,NA,NA,NA,NA,NA,NA,NA,NA,NA,NA,NA,NA,NA,NA,NA,NA,NA,NA,NA,NA,NA,NA,NA
"249",0,0,1,NA,1,0,0,0,0,0,NA,0,0,0,0,0,NA,0,0,0,0,0,0,0,0,NA,0,NA,0,0,0,0,0,0,0,0,0,0,0,0,0,0,NA,0,NA,0,0,0,0,0,0,0,0,NA,0,NA,0,NA,NA,NA,NA,NA,NA,NA,NA,NA,NA,NA,NA,NA,NA,NA,NA,NA,NA,NA,NA,NA,NA,NA,NA,NA,NA,NA,NA,NA,NA
"250",0,1,1,NA,1,0,0,0,0,0,NA,0,0,0,0,0,NA,0,0,0,0,0,0,0,0,NA,0,NA,0,0,0,0,0,0,0,0,0,0,0,0,0,0,0,0,NA,0,0,0,0,0,0,0,0,NA,0,NA,0,NA,NA,NA,NA,NA,NA,NA,NA,NA,NA,NA,NA,NA,NA,NA,NA,NA,NA,NA,NA,NA,NA,NA,NA,NA,NA,NA,NA,NA,NA
"251",1,0,1,NA,1,1,0,0,0,0,NA,0,0,0,0,0,NA,0,0,0,0,0,0,0,0,0,0,NA,0,0,0,0,0,0,0,0,0,0,0,0,0,0,NA,0,NA,0,0,0,0,0,0,0,0,NA,0,NA,0,NA,NA,NA,NA,NA,NA,NA,NA,NA,NA,NA,NA,NA,NA,NA,NA,NA,NA,NA,NA,NA,NA,NA,NA,NA,NA,NA,NA,NA,NA
"252",1,0,1,NA,1,0,0,0,0,0,NA,0,0,0,0,0,NA,0,0,0,0,0,0,0,0,NA,0,NA,0,0,0,0,0,0,0,0,0,0,0,0,0,0,NA,0,0,0,0,0,0,0,0,0,0,NA,0,NA,0,NA,NA,NA,NA,NA,NA,NA,NA,NA,NA,NA,NA,NA,NA,NA,NA,NA,NA,NA,NA,NA,NA,NA,NA,NA,NA,NA,NA,NA,NA
"253",1,1,1,NA,1,1,0,0,0,0,NA,0,0,0,0,0,NA,0,0,0,0,0,0,0,0,0,0,NA,0,0,0,0,0,0,0,0,0,0,0,0,0,0,0,0,NA,0,0,0,0,0,0,0,0,NA,0,NA,0,NA,NA,NA,NA,NA,NA,NA,NA,NA,NA,NA,NA,NA,NA,NA,NA,NA,NA,NA,NA,NA,NA,NA,NA,NA,NA,NA,NA,NA,NA
"254",1,1,1,NA,1,0,0,0,0,0,NA,0,0,0,0,0,NA,0,0,0,0,0,0,0,0,NA,0,NA,0,0,0,0,0,0,0,0,0,0,0,0,0,0,0,0,0,0,0,0,0,0,0,0,0,NA,0,NA,0,NA,NA,NA,NA,NA,NA,NA,NA,NA,NA,NA,NA,NA,NA,NA,NA,NA,NA,NA,NA,NA,NA,NA,NA,NA,NA,NA,NA,NA,NA
"255",1,0,1,NA,1,1,0,0,0,0,NA,0,0,0,0,0,NA,0,0,0,0,0,0,0,0,0,0,NA,0,0,0,0,0,0,0,0,0,0,0,0,0,0,NA,0,0,0,0,0,0,0,0,0,0,NA,0,NA,0,NA,NA,NA,NA,NA,NA,NA,NA,NA,NA,NA,NA,NA,NA,NA,NA,NA,NA,NA,NA,NA,NA,NA,NA,NA,NA,NA,NA,NA,NA
"256",1,1,1,NA,1,1,0,0,0,0,NA,0,0,0,0,0,NA,0,0,0,0,0,0,0,0,0,0,NA,0,0,0,0,0,0,0,0,0,0,0,0,0,0,0,0,0,0,0,0,0,0,0,0,0,NA,0,NA,0,NA,NA,NA,NA,NA,NA,NA,NA,NA,NA,NA,NA,NA,NA,NA,NA,NA,NA,NA,NA,NA,NA,NA,NA,NA,NA,NA,NA,NA,NA
"257",0.75,0.7,0.625,0.5,0.5,0.5,0.4,0.25,0.25,0,0,0,0,0,0,0,0,0,0,0,0,0,0,0,0,0,0,0,0,0,0,0,0,0,0,0,0,0,0,0,0,0,0,0,0,0,0,0,0,0,0,0,0,0,0,0,0,NA,NA,NA,NA,NA,NA,NA,NA,NA,NA,NA,NA,NA,NA,NA,NA,NA,NA,NA,NA,NA,NA,NA,NA,NA,NA,NA,NA,NA,NA
"258",0.25,0.625,1,0.375,1,0.25,0.625,1,1,1,0.25,1,0.5,1,0.25,0.25,0.75,1,0.25,1,1,0.25,0.5,1,1,0.125,0.5,0.75,0.125,0.25,0.25,0.25,0.25,0.625,0.25,0.25,1,1,0.25,1,0.625,1,0.3125,0.625,0.125,0.8125,0.25,0.625,0.25,0.25,1,0.25,1,0.75,0.25,0.375,1,0,0,0,0,0,0,0,0,0,0,0,0,0,0,0,0,0,0,0,0,0,0,0,0,0,0,0,0,0,0
