"","gadX","arcA","hns","crp","leuO","yjjQ","ompR","fliZ","flhC","flhD","rhaR","cra","fur","fnr","phoB","gadE","zraR","dnaA","metR","cusR","putA","cadC","melR","idnR","mraZ","pdeL","prpR","fucR","lsrR","glcC","hyfR","dpiA","nikR","rbsR","betI","lldR","dcuR","adiY","cspA","ptsG","fhlA","rhaS","pdhR","xylR","mazE","uxuR","argP","galS","nac","gutM","mazF","hdfR","csgD","mlrA","soxR","oxyR","rob","narL","evgA","bglJ","ydeO","gadW","marA","rcsA","soxS","rcsB","asnC","puuR","yiaJ","araC","yqjI","malI","purR","tdcA","nhaR","yeiL","aidB","metJ","galR","mlc","srlR","exuR","glnG","marR","stpA","lrp","fis"
"1",1,NA,1,0,1,1,1,NA,1,1,0,1,0,0,NA,NA,NA,NA,0,NA,0,0,0,0,0,NA,0,0,0,NA,0,0,NA,0,0,0,NA,NA,NA,0,0,NA,NA,0,0,0,NA,0,0,0,0,NA,0,0,0,0,NA,0,NA,0,NA,NA,0,NA,0,NA,NA,NA,NA,NA,NA,NA,NA,NA,NA,NA,NA,NA,NA,NA,NA,NA,NA,NA,NA,NA,NA
"2",1,NA,1,1,1,1,1,NA,1,NA,0,1,0,NA,NA,NA,0,NA,0,NA,0,0,0,0,0,NA,0,0,0,NA,0,0,0,0,NA,NA,0,NA,NA,NA,0,NA,NA,0,0,0,NA,0,0,0,0,NA,0,NA,0,0,0,0,NA,0,NA,NA,0,NA,0,NA,NA,NA,NA,NA,NA,NA,NA,NA,NA,NA,NA,NA,NA,NA,NA,NA,NA,NA,NA,NA,NA
"3",1,NA,1,0,1,1,1,NA,1,NA,0,1,0,NA,NA,NA,NA,NA,0,0,0,0,0,0,0,NA,0,0,0,NA,0,0,0,0,NA,NA,0,NA,NA,NA,0,NA,NA,0,0,0,NA,0,0,0,0,NA,0,NA,0,0,0,0,NA,0,NA,NA,0,NA,0,NA,NA,NA,NA,NA,NA,NA,NA,NA,NA,NA,NA,NA,NA,NA,NA,NA,NA,NA,NA,NA,NA
"4",1,NA,1,1,1,1,1,NA,1,1,0,1,0,0,NA,NA,0,NA,0,0,0,0,0,0,0,NA,0,0,0,NA,0,0,NA,0,0,0,NA,NA,NA,0,0,NA,NA,0,0,0,NA,0,0,0,0,NA,0,0,0,0,NA,0,NA,0,NA,NA,0,NA,0,NA,NA,NA,NA,NA,NA,NA,NA,NA,NA,NA,NA,NA,NA,NA,NA,NA,NA,NA,NA,NA,NA
"5",1,NA,1,1,1,1,1,NA,1,NA,1,1,0,NA,NA,NA,NA,NA,0,NA,0,0,0,0,0,NA,0,0,0,NA,0,0,0,0,NA,NA,0,NA,NA,NA,0,0,NA,0,0,0,NA,0,0,0,0,NA,0,NA,0,0,0,0,NA,0,NA,NA,0,NA,0,NA,NA,NA,NA,NA,NA,NA,NA,NA,NA,NA,NA,NA,NA,NA,NA,NA,NA,NA,NA,NA,NA
"6",0,0,0,0,0,0,0,0,0,0,0,1,0,NA,NA,0,NA,NA,0,NA,0,0,0,0,0,NA,0,0,0,NA,0,0,0,0,NA,NA,0,NA,NA,0,0,NA,NA,0,0,0,NA,0,NA,0,0,NA,0,0,NA,0,NA,NA,0,0,0,0,0,0,NA,NA,NA,NA,NA,NA,NA,NA,NA,NA,NA,NA,NA,NA,NA,NA,NA,NA,NA,NA,NA,NA,NA
"7",1,1,1,0,1,0,0,1,1,NA,0,0,0,NA,NA,NA,NA,NA,0,NA,0,0,0,0,0,0,0,0,0,NA,0,0,0,0,NA,NA,0,NA,NA,0,0,NA,NA,0,0,0,NA,0,NA,0,0,NA,0,NA,NA,0,NA,NA,NA,0,NA,NA,0,NA,NA,NA,NA,NA,NA,NA,NA,NA,NA,NA,NA,NA,NA,NA,NA,NA,NA,NA,NA,NA,NA,NA,NA
"8",1,NA,1,1,1,0,0,1,1,NA,0,NA,1,NA,0,NA,NA,0,0,0,0,0,0,0,NA,0,NA,0,0,0,0,0,0,0,NA,NA,0,NA,NA,NA,0,NA,0,0,0,0,0,0,0,0,0,NA,0,NA,0,0,0,0,NA,0,NA,NA,0,0,0,NA,NA,NA,NA,NA,NA,NA,NA,NA,NA,NA,NA,NA,NA,NA,NA,NA,NA,NA,NA,NA,NA
"9",1,NA,1,1,1,0,0,1,1,NA,0,1,1,NA,NA,NA,NA,NA,0,NA,0,0,0,0,0,NA,0,0,0,NA,0,0,0,0,NA,NA,0,NA,NA,NA,0,NA,NA,0,0,0,NA,0,0,0,0,NA,0,NA,0,0,0,0,NA,0,NA,NA,0,0,0,NA,NA,NA,NA,NA,NA,NA,NA,NA,NA,NA,NA,NA,NA,NA,NA,NA,NA,NA,NA,NA,NA
"10",1,1,1,1,1,0,0,1,1,NA,1,1,0,NA,NA,NA,0,NA,0,NA,0,0,0,0,0,NA,0,0,0,NA,0,0,0,0,NA,NA,0,NA,NA,0,0,0,NA,0,0,0,NA,0,NA,0,0,NA,0,NA,NA,0,NA,NA,NA,0,NA,NA,0,NA,NA,NA,NA,NA,NA,NA,NA,NA,NA,NA,NA,NA,NA,NA,NA,NA,NA,NA,NA,NA,NA,NA,NA
"11",1,NA,1,1,1,0,0,1,1,NA,0,1,1,NA,NA,NA,0,NA,0,NA,0,0,0,0,0,NA,0,0,0,NA,0,0,0,0,NA,NA,0,NA,NA,NA,0,NA,NA,0,0,0,NA,0,0,0,0,NA,0,NA,0,0,0,0,NA,0,NA,NA,0,0,0,NA,NA,NA,NA,NA,NA,NA,NA,NA,NA,NA,NA,NA,NA,NA,NA,NA,NA,NA,NA,NA,NA
"12",1,NA,1,1,1,0,0,1,1,NA,0,NA,1,NA,0,NA,0,0,0,0,0,0,0,0,NA,0,NA,0,0,0,0,0,0,0,NA,NA,0,NA,NA,NA,0,NA,0,0,0,0,0,0,0,0,0,NA,0,NA,0,0,0,0,NA,0,NA,NA,0,0,0,NA,NA,NA,NA,NA,NA,NA,NA,NA,NA,NA,NA,NA,NA,NA,NA,NA,NA,NA,NA,NA,NA
"13",1,NA,1,1,1,0,0,1,1,NA,1,NA,1,NA,0,NA,NA,0,0,0,0,0,0,0,NA,0,NA,0,0,0,0,0,0,0,NA,NA,0,NA,NA,NA,0,0,0,0,0,0,0,0,0,0,0,NA,0,NA,0,0,0,0,NA,0,NA,NA,0,0,0,NA,NA,NA,NA,NA,NA,NA,NA,NA,NA,NA,NA,NA,NA,NA,NA,NA,NA,NA,NA,NA,NA
"14",1,NA,1,1,1,0,0,1,1,NA,0,1,1,NA,NA,NA,NA,NA,0,0,0,0,0,0,0,NA,0,0,0,NA,0,0,0,0,NA,NA,0,NA,NA,NA,0,NA,NA,0,0,0,NA,0,0,0,0,NA,0,NA,0,0,0,0,NA,0,NA,NA,0,0,0,NA,NA,NA,NA,NA,NA,NA,NA,NA,NA,NA,NA,NA,NA,NA,NA,NA,NA,NA,NA,NA,NA
"15",1,1,1,1,1,1,1,NA,1,1,0,1,0,NA,NA,0,NA,NA,0,NA,0,0,0,0,0,NA,0,0,0,NA,0,0,0,0,NA,NA,0,NA,NA,0,0,NA,NA,0,0,0,NA,0,NA,0,0,NA,0,0,NA,0,NA,NA,NA,0,NA,NA,0,NA,NA,NA,NA,NA,NA,NA,NA,NA,NA,NA,NA,NA,NA,NA,NA,NA,NA,NA,NA,NA,NA,NA,NA
"16",NA,0,NA,1,0,0,0,NA,0,0,0,1,0,0,NA,0,0,NA,0,NA,0,0,0,0,0,NA,0,0,0,NA,0,0,0,0,0,0,0,0,0,0,0,NA,NA,0,0,0,NA,0,NA,0,NA,0,0,0,NA,0,NA,NA,0,0,0,0,0,0,0,0,NA,NA,NA,NA,NA,NA,NA,NA,NA,NA,NA,NA,NA,NA,NA,NA,NA,NA,NA,NA,NA
"17",0,0,0,0,0,0,0,NA,0,0,0,1,0,0,NA,0,NA,NA,0,0,0,0,0,0,0,NA,0,0,0,NA,0,0,0,0,0,0,0,0,0,0,0,NA,NA,0,0,0,NA,0,NA,0,NA,0,0,0,NA,0,NA,NA,0,0,0,0,0,0,0,0,NA,NA,NA,NA,NA,NA,NA,NA,NA,NA,NA,NA,NA,NA,NA,NA,NA,NA,NA,NA,NA
"18",NA,NA,NA,1,0,0,0,NA,0,0,0,1,0,0,NA,0,0,NA,0,0,0,0,0,0,0,NA,0,0,0,NA,0,0,NA,0,0,0,NA,0,0,0,0,NA,NA,0,0,0,NA,0,0,0,NA,0,0,0,0,0,NA,0,0,0,0,0,0,0,0,0,NA,NA,NA,NA,NA,NA,NA,NA,NA,NA,NA,NA,NA,NA,NA,NA,NA,NA,NA,NA,NA
"19",0,NA,0,1,0,0,0,NA,0,0,1,1,0,NA,NA,0,NA,NA,0,NA,0,0,0,0,0,NA,0,0,0,NA,0,0,0,0,NA,NA,0,0,0,NA,0,0,NA,0,0,0,NA,0,0,0,NA,0,0,0,0,0,0,0,0,0,0,0,0,0,0,0,NA,NA,NA,NA,NA,NA,NA,NA,NA,NA,NA,NA,NA,NA,NA,NA,NA,NA,NA,NA,NA
"20",1,NA,1,1,1,1,1,NA,1,1,0,NA,1,NA,0,0,NA,0,0,0,0,0,0,0,NA,0,NA,0,0,0,0,0,0,0,NA,NA,0,NA,NA,NA,0,NA,0,0,0,0,0,0,0,0,0,NA,0,0,0,0,0,0,NA,0,NA,NA,0,NA,0,NA,NA,NA,NA,NA,NA,NA,NA,NA,NA,NA,NA,NA,NA,NA,NA,NA,NA,NA,NA,NA,NA
"21",NA,NA,NA,1,0,0,0,NA,0,0,1,1,0,NA,NA,0,0,NA,0,NA,0,0,0,0,0,NA,0,0,0,NA,0,0,0,0,NA,NA,0,0,0,NA,0,0,NA,0,0,0,NA,0,0,0,NA,0,0,0,0,0,0,0,0,0,0,0,0,0,0,0,NA,NA,NA,NA,NA,NA,NA,NA,NA,NA,NA,NA,NA,NA,NA,NA,NA,NA,NA,NA,NA
"22",0,NA,0,0,0,0,0,NA,0,0,0,0,0,NA,NA,0,NA,NA,0,NA,0,0,0,0,0,0,0,0,0,NA,0,0,0,0,NA,NA,0,0,0,NA,0,NA,NA,0,0,0,NA,0,0,0,NA,0,0,0,0,0,0,0,0,0,0,0,0,0,0,0,NA,NA,NA,NA,NA,NA,NA,NA,NA,NA,NA,NA,NA,NA,NA,NA,NA,NA,NA,NA,NA
"23",0,NA,0,1,0,0,0,NA,0,0,0,0,0,NA,NA,0,0,NA,0,NA,0,0,0,0,0,0,0,0,0,NA,0,0,0,0,NA,NA,0,0,0,NA,0,NA,NA,0,0,0,NA,0,0,0,NA,0,0,0,0,0,0,0,0,0,0,0,0,0,0,0,NA,NA,NA,NA,NA,NA,NA,NA,NA,NA,NA,NA,NA,NA,NA,NA,NA,NA,NA,NA,NA
"24",0,NA,0,0,0,0,0,NA,0,0,0,0,0,NA,NA,0,NA,NA,0,0,0,0,0,0,0,0,0,0,0,NA,0,0,0,0,NA,NA,0,0,0,NA,0,NA,NA,0,0,0,NA,0,0,0,NA,0,0,0,0,0,0,0,0,0,0,0,0,0,0,0,NA,NA,NA,NA,NA,NA,NA,NA,NA,NA,NA,NA,NA,NA,NA,NA,NA,NA,NA,NA,NA
"25",0,NA,0,1,0,0,0,0,0,0,1,1,0,NA,NA,0,NA,NA,0,0,0,0,0,0,0,NA,0,0,0,NA,0,0,0,0,NA,NA,0,NA,NA,NA,0,0,NA,0,0,0,NA,0,0,0,0,NA,0,0,0,0,0,0,0,0,0,0,0,0,0,NA,NA,NA,NA,NA,NA,NA,NA,NA,NA,NA,NA,NA,NA,NA,NA,NA,NA,NA,NA,NA,NA
"26",NA,0,NA,1,0,0,0,NA,0,0,1,1,0,NA,NA,0,0,NA,0,0,0,0,0,0,0,NA,0,0,0,NA,0,0,0,0,NA,NA,0,0,0,0,0,0,NA,0,0,0,NA,0,NA,0,NA,0,0,0,NA,0,NA,NA,0,0,0,0,0,0,NA,0,NA,NA,NA,NA,NA,NA,NA,NA,NA,NA,NA,NA,NA,NA,NA,NA,NA,NA,NA,NA,NA
"27",NA,NA,NA,1,0,0,0,NA,0,0,0,0,0,NA,NA,0,0,NA,0,0,0,0,0,0,0,0,0,0,0,NA,0,0,0,0,NA,NA,0,0,0,NA,0,NA,NA,0,0,0,NA,0,0,0,NA,0,0,0,0,0,0,0,0,0,0,0,0,0,0,0,NA,NA,NA,NA,NA,NA,NA,NA,NA,NA,NA,NA,NA,NA,NA,NA,NA,NA,NA,NA,NA
"28",NA,NA,0,1,0,0,0,0,0,NA,1,0,0,NA,NA,0,NA,NA,0,NA,0,0,0,0,0,0,0,0,0,NA,0,0,0,0,NA,NA,0,NA,NA,NA,0,0,NA,0,0,0,NA,0,0,0,0,NA,0,NA,0,0,0,0,0,0,0,0,0,0,0,NA,NA,NA,NA,NA,NA,NA,NA,NA,NA,NA,NA,NA,NA,NA,NA,NA,NA,NA,NA,NA,NA
"29",NA,NA,NA,1,0,0,0,NA,0,0,1,0,0,NA,NA,0,0,NA,0,NA,0,0,0,0,0,0,0,0,0,NA,0,0,0,0,NA,NA,0,0,0,NA,0,0,NA,0,0,0,NA,0,0,0,NA,0,0,0,0,0,0,0,0,0,0,0,0,0,0,0,NA,NA,NA,NA,NA,NA,NA,NA,NA,NA,NA,NA,NA,NA,NA,NA,NA,NA,NA,NA,NA
"30",NA,NA,NA,1,0,0,0,NA,0,0,1,0,0,NA,NA,0,NA,NA,0,0,0,0,0,0,0,0,0,0,0,NA,0,0,0,0,NA,NA,0,0,0,NA,0,0,NA,0,0,0,NA,0,0,0,NA,0,0,0,0,0,0,0,0,0,0,0,0,0,0,0,NA,NA,NA,NA,NA,NA,NA,NA,NA,NA,NA,NA,NA,NA,NA,NA,NA,NA,NA,NA,NA
"31",NA,NA,NA,1,0,0,0,NA,0,0,1,0,0,NA,NA,0,0,NA,0,0,0,0,0,0,0,0,0,0,0,NA,0,0,0,0,NA,NA,0,0,0,NA,0,0,NA,0,0,0,NA,0,0,0,NA,0,0,0,0,0,0,0,0,0,0,0,0,0,0,0,NA,NA,NA,NA,NA,NA,NA,NA,NA,NA,NA,NA,NA,NA,NA,NA,NA,NA,NA,NA,NA
"32",1,NA,1,1,1,1,1,NA,1,1,0,1,1,NA,NA,0,NA,NA,0,NA,0,0,0,0,0,NA,0,0,0,NA,0,0,0,0,NA,NA,0,NA,NA,NA,0,NA,NA,0,0,0,NA,0,0,0,0,NA,0,0,0,0,0,0,NA,0,NA,NA,0,NA,0,NA,NA,NA,NA,NA,NA,NA,NA,NA,NA,NA,NA,NA,NA,NA,NA,NA,NA,NA,NA,NA,NA
"33",1,NA,1,1,1,1,1,NA,1,1,0,1,1,NA,NA,0,0,NA,0,NA,0,0,0,0,0,NA,0,0,0,NA,0,0,0,0,NA,NA,0,NA,NA,NA,0,NA,NA,0,0,0,NA,0,0,0,0,NA,0,0,0,0,0,0,NA,0,NA,NA,0,NA,0,NA,NA,NA,NA,NA,NA,NA,NA,NA,NA,NA,NA,NA,NA,NA,NA,NA,NA,NA,NA,NA,NA
"34",1,NA,1,1,1,1,1,NA,1,1,0,1,1,NA,NA,0,NA,NA,0,0,0,0,0,0,0,NA,0,0,0,NA,0,0,0,0,NA,NA,0,NA,NA,NA,0,NA,NA,0,0,0,NA,0,0,0,0,NA,0,0,0,0,0,0,NA,0,NA,NA,0,NA,0,NA,NA,NA,NA,NA,NA,NA,NA,NA,NA,NA,NA,NA,NA,NA,NA,NA,NA,NA,NA,NA,NA
"35",1,NA,1,1,1,1,1,NA,1,1,0,1,1,NA,NA,0,0,NA,0,0,0,0,0,0,0,NA,0,0,0,NA,0,0,0,0,NA,NA,0,NA,NA,NA,0,NA,NA,0,0,0,NA,0,0,0,0,NA,0,0,0,0,0,0,NA,0,NA,NA,0,NA,0,NA,NA,NA,NA,NA,NA,NA,NA,NA,NA,NA,NA,NA,NA,NA,NA,NA,NA,NA,NA,NA,NA
"36",1,NA,1,1,1,1,1,NA,1,1,1,1,1,NA,NA,0,NA,NA,0,NA,0,0,0,0,0,NA,0,0,0,NA,0,0,0,0,NA,NA,0,NA,NA,NA,0,0,NA,0,0,0,NA,0,0,0,0,NA,0,0,0,0,0,0,NA,0,NA,NA,0,NA,0,NA,NA,NA,NA,NA,NA,NA,NA,NA,NA,NA,NA,NA,NA,NA,NA,NA,NA,NA,NA,NA,NA
"37",1,NA,1,1,1,1,1,NA,1,1,1,1,1,NA,NA,0,0,NA,0,NA,0,0,0,0,0,NA,0,0,0,NA,0,0,0,0,NA,NA,0,NA,NA,NA,0,0,NA,0,0,0,NA,0,0,0,0,NA,0,0,0,0,0,0,NA,0,NA,NA,0,NA,0,NA,NA,NA,NA,NA,NA,NA,NA,NA,NA,NA,NA,NA,NA,NA,NA,NA,NA,NA,NA,NA,NA
"38",1,NA,1,1,1,1,1,NA,1,1,1,1,1,NA,NA,0,NA,NA,0,0,0,0,0,0,0,NA,0,0,0,NA,0,0,0,0,NA,NA,0,NA,NA,NA,0,0,NA,0,0,0,NA,0,0,0,0,NA,0,0,0,0,0,0,NA,0,NA,NA,0,NA,0,NA,NA,NA,NA,NA,NA,NA,NA,NA,NA,NA,NA,NA,NA,NA,NA,NA,NA,NA,NA,NA,NA
"39",1,NA,1,1,1,1,1,NA,1,1,1,1,1,NA,NA,0,0,NA,0,0,0,0,0,0,0,NA,0,0,0,NA,0,0,0,0,NA,NA,0,NA,NA,NA,0,0,NA,0,0,0,NA,0,0,0,0,NA,0,0,0,0,0,0,NA,0,NA,NA,0,NA,0,NA,NA,NA,NA,NA,NA,NA,NA,NA,NA,NA,NA,NA,NA,NA,NA,NA,NA,NA,NA,NA,NA
"40",1,NA,1,1,1,1,1,NA,1,1,0,NA,1,NA,0,0,0,0,0,0,0,0,0,0,NA,0,NA,0,0,0,0,0,0,0,NA,NA,0,NA,NA,NA,0,NA,0,0,0,0,0,0,0,0,0,NA,0,0,0,0,0,0,NA,0,NA,NA,0,NA,0,NA,NA,NA,NA,NA,NA,NA,NA,NA,NA,NA,NA,NA,NA,NA,NA,NA,NA,NA,NA,NA,NA
"41",1,NA,1,1,1,1,1,NA,1,1,0,0,1,NA,NA,0,NA,NA,0,NA,0,0,0,0,0,0,0,0,0,NA,0,0,0,0,NA,NA,0,NA,NA,NA,0,NA,NA,0,0,0,NA,0,0,0,0,NA,0,0,0,0,0,0,NA,0,NA,NA,0,NA,0,NA,NA,NA,NA,NA,NA,NA,NA,NA,NA,NA,NA,NA,NA,NA,NA,NA,NA,NA,NA,NA,NA
"42",1,NA,1,1,1,1,1,NA,1,1,0,0,1,NA,NA,0,0,NA,0,NA,0,0,0,0,0,0,0,0,0,NA,0,0,0,0,NA,NA,0,NA,NA,NA,0,NA,NA,0,0,0,NA,0,0,0,0,NA,0,0,0,0,0,0,NA,0,NA,NA,0,NA,0,NA,NA,NA,NA,NA,NA,NA,NA,NA,NA,NA,NA,NA,NA,NA,NA,NA,NA,NA,NA,NA,NA
"43",1,NA,1,1,1,1,1,NA,1,1,0,0,1,NA,NA,0,NA,NA,0,0,0,0,0,0,0,0,0,0,0,NA,0,0,0,0,NA,NA,0,NA,NA,NA,0,NA,NA,0,0,0,NA,0,0,0,0,NA,0,0,0,0,0,0,NA,0,NA,NA,0,NA,0,NA,NA,NA,NA,NA,NA,NA,NA,NA,NA,NA,NA,NA,NA,NA,NA,NA,NA,NA,NA,NA,NA
"44",1,NA,1,1,1,1,1,NA,1,1,0,0,1,NA,NA,0,0,NA,0,0,0,0,0,0,0,0,0,0,0,NA,0,0,0,0,NA,NA,0,NA,NA,NA,0,NA,NA,0,0,0,NA,0,0,0,0,NA,0,0,0,0,0,0,NA,0,NA,NA,0,NA,0,NA,NA,NA,NA,NA,NA,NA,NA,NA,NA,NA,NA,NA,NA,NA,NA,NA,NA,NA,NA,NA,NA
"45",1,NA,1,1,1,1,1,NA,1,1,1,NA,1,NA,0,0,NA,0,0,0,0,0,0,0,NA,0,NA,0,0,0,0,0,0,0,NA,NA,0,NA,NA,NA,0,0,0,0,0,0,0,0,0,0,0,NA,0,0,0,0,0,0,NA,0,NA,NA,0,NA,0,NA,NA,NA,NA,NA,NA,NA,NA,NA,NA,NA,NA,NA,NA,NA,NA,NA,NA,NA,NA,NA,NA
"46",1,NA,1,1,1,1,1,NA,1,1,1,0,1,NA,NA,0,NA,NA,0,NA,0,0,0,0,0,0,0,0,0,NA,0,0,0,0,NA,NA,0,NA,NA,NA,0,0,NA,0,0,0,NA,0,0,0,0,NA,0,0,0,0,0,0,NA,0,NA,NA,0,NA,0,NA,NA,NA,NA,NA,NA,NA,NA,NA,NA,NA,NA,NA,NA,NA,NA,NA,NA,NA,NA,NA,NA
"47",1,NA,1,1,1,1,1,NA,1,1,1,NA,1,NA,0,0,0,0,0,0,0,0,0,0,NA,0,NA,0,0,0,0,0,0,0,NA,NA,0,NA,NA,NA,0,0,0,0,0,0,0,0,0,0,0,NA,0,0,0,0,0,0,NA,0,NA,NA,0,NA,0,NA,NA,NA,NA,NA,NA,NA,NA,NA,NA,NA,NA,NA,NA,NA,NA,NA,NA,NA,NA,NA,NA
"48",1,NA,1,1,1,1,1,NA,1,1,1,0,1,NA,NA,0,0,NA,0,NA,0,0,0,0,0,0,0,0,0,NA,0,0,0,0,NA,NA,0,NA,NA,NA,0,0,NA,0,0,0,NA,0,0,0,0,NA,0,0,0,0,0,0,NA,0,NA,NA,0,NA,0,NA,NA,NA,NA,NA,NA,NA,NA,NA,NA,NA,NA,NA,NA,NA,NA,NA,NA,NA,NA,NA,NA
"49",1,NA,1,1,1,1,1,NA,1,1,1,0,1,NA,NA,0,NA,NA,0,0,0,0,0,0,0,0,0,0,0,NA,0,0,0,0,NA,NA,0,NA,NA,NA,0,0,NA,0,0,0,NA,0,0,0,0,NA,0,0,0,0,0,0,NA,0,NA,NA,0,NA,0,NA,NA,NA,NA,NA,NA,NA,NA,NA,NA,NA,NA,NA,NA,NA,NA,NA,NA,NA,NA,NA,NA
"50",1,NA,1,1,1,1,1,NA,1,1,1,0,1,NA,NA,0,0,NA,0,0,0,0,0,0,0,0,0,0,0,NA,0,0,0,0,NA,NA,0,NA,NA,NA,0,0,NA,0,0,0,NA,0,0,0,0,NA,0,0,0,0,0,0,NA,0,NA,NA,0,NA,0,NA,NA,NA,NA,NA,NA,NA,NA,NA,NA,NA,NA,NA,NA,NA,NA,NA,NA,NA,NA,NA,NA
"51",1,NA,1,1,1,1,1,NA,1,NA,1,1,0,NA,NA,NA,NA,NA,0,0,0,0,0,0,0,NA,0,0,0,NA,0,0,0,0,NA,NA,0,NA,NA,NA,0,0,NA,0,0,0,NA,0,0,0,0,NA,0,NA,0,0,0,0,NA,0,NA,NA,0,NA,0,NA,NA,NA,NA,NA,NA,NA,NA,NA,NA,NA,NA,NA,NA,NA,NA,NA,NA,NA,NA,NA,NA
"52",1,NA,1,1,1,1,1,NA,1,NA,1,1,0,NA,NA,NA,0,NA,0,0,0,0,0,0,0,NA,0,0,0,NA,0,0,0,0,NA,NA,0,NA,NA,NA,0,0,NA,0,0,0,NA,0,0,0,0,NA,0,NA,0,0,0,0,NA,0,NA,NA,0,NA,0,NA,NA,NA,NA,NA,NA,NA,NA,NA,NA,NA,NA,NA,NA,NA,NA,NA,NA,NA,NA,NA,NA
"53",1,NA,1,0,1,1,1,NA,1,NA,0,NA,0,NA,0,NA,NA,0,0,0,0,0,0,0,NA,0,NA,0,0,0,0,0,0,0,NA,NA,0,NA,NA,NA,0,NA,0,0,0,0,0,0,0,0,0,NA,0,NA,0,0,0,0,NA,0,NA,NA,0,NA,0,NA,NA,NA,NA,NA,NA,NA,NA,NA,NA,NA,NA,NA,NA,NA,NA,NA,NA,NA,NA,NA,NA
"54",1,NA,1,1,1,1,1,NA,1,NA,0,NA,0,NA,0,NA,0,0,0,0,0,0,0,0,NA,0,NA,0,0,0,0,0,0,0,NA,NA,0,NA,NA,NA,0,NA,0,0,0,0,0,0,0,0,0,NA,0,NA,0,0,0,0,NA,0,NA,NA,0,NA,0,NA,NA,NA,NA,NA,NA,NA,NA,NA,NA,NA,NA,NA,NA,NA,NA,NA,NA,NA,NA,NA,NA
"55",1,NA,1,1,1,1,1,NA,1,NA,0,0,0,NA,NA,NA,0,NA,0,NA,0,0,0,0,0,0,0,0,0,NA,0,0,0,0,NA,NA,0,NA,NA,NA,0,NA,NA,0,0,0,NA,0,0,0,0,NA,0,NA,0,0,0,0,NA,0,NA,NA,0,NA,0,NA,NA,NA,NA,NA,NA,NA,NA,NA,NA,NA,NA,NA,NA,NA,NA,NA,NA,NA,NA,NA,NA
"56",1,NA,1,0,1,1,1,NA,1,NA,0,0,0,NA,NA,NA,NA,NA,0,0,0,0,0,0,0,0,0,0,0,NA,0,0,0,0,NA,NA,0,NA,NA,NA,0,NA,NA,0,0,0,NA,0,0,0,0,NA,0,NA,0,0,0,0,NA,0,NA,NA,0,NA,0,NA,NA,NA,NA,NA,NA,NA,NA,NA,NA,NA,NA,NA,NA,NA,NA,NA,NA,NA,NA,NA,NA
"57",1,NA,1,1,1,1,1,NA,1,NA,0,0,0,NA,NA,NA,0,NA,0,0,0,0,0,0,0,0,0,0,0,NA,0,0,0,0,NA,NA,0,NA,NA,NA,0,NA,NA,0,0,0,NA,0,0,0,0,NA,0,NA,0,0,0,0,NA,0,NA,NA,0,NA,0,NA,NA,NA,NA,NA,NA,NA,NA,NA,NA,NA,NA,NA,NA,NA,NA,NA,NA,NA,NA,NA,NA
"58",1,NA,1,1,1,1,1,NA,1,NA,1,0,0,NA,NA,NA,NA,NA,0,NA,0,0,0,0,0,0,0,0,0,NA,0,0,0,0,NA,NA,0,NA,NA,NA,0,0,NA,0,0,0,NA,0,0,0,0,NA,0,NA,0,0,0,0,NA,0,NA,NA,0,NA,0,NA,NA,NA,NA,NA,NA,NA,NA,NA,NA,NA,NA,NA,NA,NA,NA,NA,NA,NA,NA,NA,NA
"59",1,NA,1,1,1,1,1,NA,1,NA,1,NA,0,NA,0,NA,NA,0,0,0,0,0,0,0,NA,0,NA,0,0,0,0,0,0,0,NA,NA,0,NA,NA,NA,0,0,0,0,0,0,0,0,0,0,0,NA,0,NA,0,0,0,0,NA,0,NA,NA,0,NA,0,NA,NA,NA,NA,NA,NA,NA,NA,NA,NA,NA,NA,NA,NA,NA,NA,NA,NA,NA,NA,NA,NA
"60",1,NA,1,1,1,1,1,NA,1,NA,1,NA,0,NA,0,NA,0,0,0,0,0,0,0,0,NA,0,NA,0,0,0,0,0,0,0,NA,NA,0,NA,NA,NA,0,0,0,0,0,0,0,0,0,0,0,NA,0,NA,0,0,0,0,NA,0,NA,NA,0,NA,0,NA,NA,NA,NA,NA,NA,NA,NA,NA,NA,NA,NA,NA,NA,NA,NA,NA,NA,NA,NA,NA,NA
"61",1,NA,1,1,1,1,1,NA,1,NA,1,0,0,NA,NA,NA,0,NA,0,NA,0,0,0,0,0,0,0,0,0,NA,0,0,0,0,NA,NA,0,NA,NA,NA,0,0,NA,0,0,0,NA,0,0,0,0,NA,0,NA,0,0,0,0,NA,0,NA,NA,0,NA,0,NA,NA,NA,NA,NA,NA,NA,NA,NA,NA,NA,NA,NA,NA,NA,NA,NA,NA,NA,NA,NA,NA
"62",1,NA,1,1,1,1,1,NA,1,NA,1,0,0,NA,NA,NA,NA,NA,0,0,0,0,0,0,0,0,0,0,0,NA,0,0,0,0,NA,NA,0,NA,NA,NA,0,0,NA,0,0,0,NA,0,0,0,0,NA,0,NA,0,0,0,0,NA,0,NA,NA,0,NA,0,NA,NA,NA,NA,NA,NA,NA,NA,NA,NA,NA,NA,NA,NA,NA,NA,NA,NA,NA,NA,NA,NA
"63",1,NA,1,1,1,1,1,NA,1,NA,1,0,0,NA,NA,NA,0,NA,0,0,0,0,0,0,0,0,0,0,0,NA,0,0,0,0,NA,NA,0,NA,NA,NA,0,0,NA,0,0,0,NA,0,0,0,0,NA,0,NA,0,0,0,0,NA,0,NA,NA,0,NA,0,NA,NA,NA,NA,NA,NA,NA,NA,NA,NA,NA,NA,NA,NA,NA,NA,NA,NA,NA,NA,NA,NA
"64",1,1,1,1,1,1,1,NA,1,1,0,1,0,NA,NA,0,0,NA,0,NA,0,0,0,0,0,NA,0,0,0,NA,0,0,0,0,NA,NA,0,NA,NA,0,0,NA,NA,0,0,0,NA,0,NA,0,0,NA,0,0,NA,0,NA,NA,NA,0,NA,NA,0,NA,NA,NA,NA,NA,NA,NA,NA,NA,NA,NA,NA,NA,NA,NA,NA,NA,NA,NA,NA,NA,NA,NA,NA
"65",1,1,1,1,1,1,1,NA,1,1,0,1,0,NA,NA,0,NA,NA,0,0,0,0,0,0,0,NA,0,0,0,NA,0,0,0,0,NA,NA,0,NA,NA,0,0,NA,NA,0,0,0,NA,0,NA,0,0,NA,0,0,NA,0,NA,NA,NA,0,NA,NA,0,NA,NA,NA,NA,NA,NA,NA,NA,NA,NA,NA,NA,NA,NA,NA,NA,NA,NA,NA,NA,NA,NA,NA,NA
"66",1,1,1,1,1,1,1,NA,1,1,0,1,0,NA,NA,0,0,NA,0,0,0,0,0,0,0,NA,0,0,0,NA,0,0,0,0,NA,NA,0,NA,NA,0,0,NA,NA,0,0,0,NA,0,NA,0,0,NA,0,0,NA,0,NA,NA,NA,0,NA,NA,0,NA,NA,NA,NA,NA,NA,NA,NA,NA,NA,NA,NA,NA,NA,NA,NA,NA,NA,NA,NA,NA,NA,NA,NA
"67",1,1,1,1,1,1,1,NA,1,1,0,1,1,0,NA,NA,0,NA,0,0,0,0,0,0,0,NA,0,0,0,NA,0,0,0,0,0,0,0,NA,NA,0,0,NA,NA,0,0,0,NA,0,NA,0,0,NA,0,0,NA,0,NA,NA,NA,0,NA,NA,0,NA,0,NA,NA,NA,NA,NA,NA,NA,NA,NA,NA,NA,NA,NA,NA,NA,NA,NA,NA,NA,NA,NA,NA
"68",1,1,1,1,1,1,1,NA,1,1,0,NA,0,NA,0,0,NA,0,0,0,0,0,0,0,NA,0,NA,0,0,0,0,0,0,0,NA,NA,0,NA,NA,0,0,NA,0,0,0,0,0,0,NA,0,0,NA,0,0,NA,0,NA,NA,NA,0,NA,NA,0,NA,NA,NA,NA,NA,NA,NA,NA,NA,NA,NA,NA,NA,NA,NA,NA,NA,NA,NA,NA,NA,NA,NA,NA
"69",1,1,1,1,1,1,1,NA,1,1,0,0,0,NA,NA,0,NA,NA,0,NA,0,0,0,0,0,0,0,0,0,NA,0,0,0,0,NA,NA,0,NA,NA,0,0,NA,NA,0,0,0,NA,0,NA,0,0,NA,0,0,NA,0,NA,NA,NA,0,NA,NA,0,NA,NA,NA,NA,NA,NA,NA,NA,NA,NA,NA,NA,NA,NA,NA,NA,NA,NA,NA,NA,NA,NA,NA,NA
"70",1,1,1,1,1,1,1,NA,1,1,1,1,0,NA,NA,0,NA,NA,0,NA,0,0,0,0,0,NA,0,0,0,NA,0,0,0,0,NA,NA,0,NA,NA,0,0,0,NA,0,0,0,NA,0,NA,0,0,NA,0,0,NA,0,NA,NA,NA,0,NA,NA,0,NA,NA,NA,NA,NA,NA,NA,NA,NA,NA,NA,NA,NA,NA,NA,NA,NA,NA,NA,NA,NA,NA,NA,NA
"71",1,1,1,1,1,1,1,NA,1,1,1,1,0,NA,NA,0,0,NA,0,NA,0,0,0,0,0,NA,0,0,0,NA,0,0,0,0,NA,NA,0,NA,NA,0,0,0,NA,0,0,0,NA,0,NA,0,0,NA,0,0,NA,0,NA,NA,NA,0,NA,NA,0,NA,NA,NA,NA,NA,NA,NA,NA,NA,NA,NA,NA,NA,NA,NA,NA,NA,NA,NA,NA,NA,NA,NA,NA
"72",1,1,1,1,1,1,1,NA,1,1,0,0,0,NA,NA,0,0,NA,0,NA,0,0,0,0,0,0,0,0,0,NA,0,0,0,0,NA,NA,0,NA,NA,0,0,NA,NA,0,0,0,NA,0,NA,0,0,NA,0,0,NA,0,NA,NA,NA,0,NA,NA,0,NA,NA,NA,NA,NA,NA,NA,NA,NA,NA,NA,NA,NA,NA,NA,NA,NA,NA,NA,NA,NA,NA,NA,NA
"73",1,1,1,1,1,1,1,NA,1,1,0,NA,0,NA,0,0,0,0,0,0,0,0,0,0,NA,0,NA,0,0,0,0,0,0,0,NA,NA,0,NA,NA,0,0,NA,0,0,0,0,0,0,NA,0,0,NA,0,0,NA,0,NA,NA,NA,0,NA,NA,0,NA,NA,NA,NA,NA,NA,NA,NA,NA,NA,NA,NA,NA,NA,NA,NA,NA,NA,NA,NA,NA,NA,NA,NA
"74",1,1,1,1,1,1,1,NA,1,1,1,NA,0,NA,0,0,NA,0,0,0,0,0,0,0,NA,0,NA,0,0,0,0,0,0,0,NA,NA,0,NA,NA,0,0,0,0,0,0,0,0,0,NA,0,0,NA,0,0,NA,0,NA,NA,NA,0,NA,NA,0,NA,NA,NA,NA,NA,NA,NA,NA,NA,NA,NA,NA,NA,NA,NA,NA,NA,NA,NA,NA,NA,NA,NA,NA
"75",1,1,1,1,1,1,1,NA,1,1,0,0,0,NA,NA,0,NA,NA,0,0,0,0,0,0,0,0,0,0,0,NA,0,0,0,0,NA,NA,0,NA,NA,0,0,NA,NA,0,0,0,NA,0,NA,0,0,NA,0,0,NA,0,NA,NA,NA,0,NA,NA,0,NA,NA,NA,NA,NA,NA,NA,NA,NA,NA,NA,NA,NA,NA,NA,NA,NA,NA,NA,NA,NA,NA,NA,NA
"76",1,1,1,1,1,1,1,NA,1,1,1,NA,0,NA,0,0,0,0,0,0,0,0,0,0,NA,0,NA,0,0,0,0,0,0,0,NA,NA,0,NA,NA,0,0,0,0,0,0,0,0,0,NA,0,0,NA,0,0,NA,0,NA,NA,NA,0,NA,NA,0,NA,NA,NA,NA,NA,NA,NA,NA,NA,NA,NA,NA,NA,NA,NA,NA,NA,NA,NA,NA,NA,NA,NA,NA
"77",1,1,1,1,1,1,1,NA,1,1,0,0,0,NA,NA,0,0,NA,0,0,0,0,0,0,0,0,0,0,0,NA,0,0,0,0,NA,NA,0,NA,NA,0,0,NA,NA,0,0,0,NA,0,NA,0,0,NA,0,0,NA,0,NA,NA,NA,0,NA,NA,0,NA,NA,NA,NA,NA,NA,NA,NA,NA,NA,NA,NA,NA,NA,NA,NA,NA,NA,NA,NA,NA,NA,NA,NA
"78",1,1,1,1,1,1,1,NA,1,1,1,NA,1,0,0,NA,0,0,0,0,0,0,0,0,NA,0,NA,0,0,0,0,0,0,0,NA,0,0,NA,NA,0,0,0,0,0,0,0,0,0,NA,0,0,NA,0,0,NA,0,NA,NA,NA,0,NA,NA,0,NA,0,NA,NA,NA,NA,NA,NA,NA,NA,NA,NA,NA,NA,NA,NA,NA,NA,NA,NA,NA,NA,NA,NA
"79",1,1,1,1,1,1,1,NA,1,1,0,0,1,0,NA,NA,NA,NA,0,NA,0,0,0,0,0,0,0,0,0,NA,0,0,0,0,0,0,0,NA,NA,0,0,NA,NA,0,0,0,NA,0,NA,0,0,NA,0,0,NA,0,NA,NA,NA,0,NA,NA,0,NA,0,NA,NA,NA,NA,NA,NA,NA,NA,NA,NA,NA,NA,NA,NA,NA,NA,NA,NA,NA,NA,NA,NA
"80",1,1,1,1,1,1,1,NA,1,1,0,0,1,0,NA,NA,0,NA,0,NA,0,0,0,0,0,0,0,0,0,NA,0,0,0,0,0,0,0,NA,NA,0,0,NA,NA,0,0,0,NA,0,NA,0,0,NA,0,0,NA,0,NA,NA,NA,0,NA,NA,0,NA,0,NA,NA,NA,NA,NA,NA,NA,NA,NA,NA,NA,NA,NA,NA,NA,NA,NA,NA,NA,NA,NA,NA
"81",1,1,1,1,1,1,1,NA,1,1,0,0,1,0,NA,NA,NA,NA,0,0,0,0,0,0,0,0,0,0,0,NA,0,0,0,0,0,0,0,NA,NA,0,0,NA,NA,0,0,0,NA,0,NA,0,0,NA,0,0,NA,0,NA,NA,NA,0,NA,NA,0,NA,0,NA,NA,NA,NA,NA,NA,NA,NA,NA,NA,NA,NA,NA,NA,NA,NA,NA,NA,NA,NA,NA,NA
"82",1,1,1,1,1,1,1,NA,1,1,0,0,1,0,NA,NA,0,NA,0,0,0,0,0,0,0,0,0,0,0,NA,0,0,0,0,0,0,0,NA,NA,0,0,NA,NA,0,0,0,NA,0,NA,0,0,NA,0,0,NA,0,NA,NA,NA,0,NA,NA,0,NA,0,NA,NA,NA,NA,NA,NA,NA,NA,NA,NA,NA,NA,NA,NA,NA,NA,NA,NA,NA,NA,NA,NA
"83",1,1,1,1,1,1,1,NA,1,1,1,1,0,NA,NA,0,NA,NA,0,0,0,0,0,0,0,NA,0,0,0,NA,0,0,0,0,NA,NA,0,NA,NA,0,0,0,NA,0,0,0,NA,0,NA,0,0,NA,0,0,NA,0,NA,NA,NA,0,NA,NA,0,NA,NA,NA,NA,NA,NA,NA,NA,NA,NA,NA,NA,NA,NA,NA,NA,NA,NA,NA,NA,NA,NA,NA,NA
"84",1,1,1,1,1,1,1,NA,1,1,1,1,0,NA,NA,0,0,NA,0,0,0,0,0,0,0,NA,0,0,0,NA,0,0,0,0,NA,NA,0,NA,NA,0,0,0,NA,0,0,0,NA,0,NA,0,0,NA,0,0,NA,0,NA,NA,NA,0,NA,NA,0,NA,NA,NA,NA,NA,NA,NA,NA,NA,NA,NA,NA,NA,NA,NA,NA,NA,NA,NA,NA,NA,NA,NA,NA
"85",1,1,1,1,1,1,1,NA,1,1,1,1,1,0,NA,NA,NA,NA,0,NA,0,0,0,0,0,NA,0,0,0,NA,0,0,0,0,0,0,0,NA,NA,0,0,0,NA,0,0,0,NA,0,NA,0,0,NA,0,0,NA,0,NA,NA,NA,0,NA,NA,0,NA,0,NA,NA,NA,NA,NA,NA,NA,NA,NA,NA,NA,NA,NA,NA,NA,NA,NA,NA,NA,NA,NA,NA
"86",1,1,1,1,1,1,1,NA,1,1,1,1,1,0,NA,NA,0,NA,0,NA,0,0,0,0,0,NA,0,0,0,NA,0,0,0,0,0,0,0,NA,NA,0,0,0,NA,0,0,0,NA,0,NA,0,0,NA,0,0,NA,0,NA,NA,NA,0,NA,NA,0,NA,0,NA,NA,NA,NA,NA,NA,NA,NA,NA,NA,NA,NA,NA,NA,NA,NA,NA,NA,NA,NA,NA,NA
"87",1,1,1,1,1,1,1,NA,1,1,1,1,1,0,NA,NA,NA,NA,0,0,0,0,0,0,0,NA,0,0,0,NA,0,0,0,0,0,0,0,NA,NA,0,0,0,NA,0,0,0,NA,0,NA,0,0,NA,0,0,NA,0,NA,NA,NA,0,NA,NA,0,NA,0,NA,NA,NA,NA,NA,NA,NA,NA,NA,NA,NA,NA,NA,NA,NA,NA,NA,NA,NA,NA,NA,NA
"88",1,1,1,1,1,1,1,NA,1,1,1,1,1,0,NA,NA,0,NA,0,0,0,0,0,0,0,NA,0,0,0,NA,0,0,0,0,0,0,0,NA,NA,0,0,0,NA,0,0,0,NA,0,NA,0,0,NA,0,0,NA,0,NA,NA,NA,0,NA,NA,0,NA,0,NA,NA,NA,NA,NA,NA,NA,NA,NA,NA,NA,NA,NA,NA,NA,NA,NA,NA,NA,NA,NA,NA
"89",1,1,1,1,1,1,1,NA,1,1,1,0,0,NA,NA,0,NA,NA,0,NA,0,0,0,0,0,0,0,0,0,NA,0,0,0,0,NA,NA,0,NA,NA,0,0,0,NA,0,0,0,NA,0,NA,0,0,NA,0,0,NA,0,NA,NA,NA,0,NA,NA,0,NA,NA,NA,NA,NA,NA,NA,NA,NA,NA,NA,NA,NA,NA,NA,NA,NA,NA,NA,NA,NA,NA,NA,NA
"90",1,1,1,1,1,1,1,NA,1,1,1,0,0,NA,NA,0,0,NA,0,NA,0,0,0,0,0,0,0,0,0,NA,0,0,0,0,NA,NA,0,NA,NA,0,0,0,NA,0,0,0,NA,0,NA,0,0,NA,0,0,NA,0,NA,NA,NA,0,NA,NA,0,NA,NA,NA,NA,NA,NA,NA,NA,NA,NA,NA,NA,NA,NA,NA,NA,NA,NA,NA,NA,NA,NA,NA,NA
"91",1,1,1,1,1,1,1,NA,1,1,1,0,0,NA,NA,0,NA,NA,0,0,0,0,0,0,0,0,0,0,0,NA,0,0,0,0,NA,NA,0,NA,NA,0,0,0,NA,0,0,0,NA,0,NA,0,0,NA,0,0,NA,0,NA,NA,NA,0,NA,NA,0,NA,NA,NA,NA,NA,NA,NA,NA,NA,NA,NA,NA,NA,NA,NA,NA,NA,NA,NA,NA,NA,NA,NA,NA
"92",1,1,1,1,1,1,1,NA,1,1,1,0,0,NA,NA,0,0,NA,0,0,0,0,0,0,0,0,0,0,0,NA,0,0,0,0,NA,NA,0,NA,NA,0,0,0,NA,0,0,0,NA,0,NA,0,0,NA,0,0,NA,0,NA,NA,NA,0,NA,NA,0,NA,NA,NA,NA,NA,NA,NA,NA,NA,NA,NA,NA,NA,NA,NA,NA,NA,NA,NA,NA,NA,NA,NA,NA
"93",1,1,1,1,1,1,1,NA,1,1,1,0,1,0,NA,NA,NA,NA,0,NA,0,0,0,0,0,0,0,0,0,NA,0,0,0,0,0,0,0,NA,NA,0,0,0,NA,0,0,0,NA,0,NA,0,0,NA,0,0,NA,0,NA,NA,NA,0,NA,NA,0,NA,0,NA,NA,NA,NA,NA,NA,NA,NA,NA,NA,NA,NA,NA,NA,NA,NA,NA,NA,NA,NA,NA,NA
"94",1,1,1,1,1,1,1,NA,1,1,1,0,1,0,NA,NA,0,NA,0,NA,0,0,0,0,0,0,0,0,0,NA,0,0,0,0,0,0,0,NA,NA,0,0,0,NA,0,0,0,NA,0,NA,0,0,NA,0,0,NA,0,NA,NA,NA,0,NA,NA,0,NA,0,NA,NA,NA,NA,NA,NA,NA,NA,NA,NA,NA,NA,NA,NA,NA,NA,NA,NA,NA,NA,NA,NA
"95",1,1,1,1,1,1,1,NA,1,1,1,0,1,0,NA,NA,NA,NA,0,0,0,0,0,0,0,0,0,0,0,NA,0,0,0,0,0,0,0,NA,NA,0,0,0,NA,0,0,0,NA,0,NA,0,0,NA,0,0,NA,0,NA,NA,NA,0,NA,NA,0,NA,0,NA,NA,NA,NA,NA,NA,NA,NA,NA,NA,NA,NA,NA,NA,NA,NA,NA,NA,NA,NA,NA,NA
"96",1,1,1,1,1,1,1,NA,1,1,1,0,1,0,NA,NA,0,NA,0,0,0,0,0,0,0,0,0,0,0,NA,0,0,0,0,0,0,0,NA,NA,0,0,0,NA,0,0,0,NA,0,NA,0,0,NA,0,0,NA,0,NA,NA,NA,0,NA,NA,0,NA,0,NA,NA,NA,NA,NA,NA,NA,NA,NA,NA,NA,NA,NA,NA,NA,NA,NA,NA,NA,NA,NA,NA
"97",1,NA,1,1,1,1,1,NA,0,0,0,NA,1,NA,0,0,NA,0,0,0,0,0,0,0,NA,0,NA,0,0,0,0,0,0,0,NA,NA,0,NA,NA,NA,0,NA,0,0,0,0,0,0,0,0,0,NA,0,0,0,0,0,0,0,0,0,0,0,0,0,NA,NA,NA,NA,NA,NA,NA,NA,NA,NA,NA,NA,NA,NA,NA,NA,NA,NA,NA,NA,NA,NA
"98",1,NA,1,1,1,1,1,NA,0,0,0,NA,1,NA,0,0,0,0,0,0,0,0,0,0,NA,0,NA,0,0,0,0,0,0,0,NA,NA,0,NA,NA,NA,0,NA,0,0,0,0,0,0,0,0,0,NA,0,0,0,0,0,0,0,0,0,0,0,0,0,NA,NA,NA,NA,NA,NA,NA,NA,NA,NA,NA,NA,NA,NA,NA,NA,NA,NA,NA,NA,NA,NA
"99",1,1,1,1,1,1,1,NA,0,0,0,NA,0,NA,0,0,NA,0,0,0,0,0,0,0,NA,0,NA,0,0,0,0,0,0,0,NA,NA,0,NA,NA,0,0,NA,0,0,0,0,0,0,NA,0,0,NA,0,0,NA,0,NA,NA,0,0,0,0,0,0,NA,NA,NA,NA,NA,NA,NA,NA,NA,NA,NA,NA,NA,NA,NA,NA,NA,NA,NA,NA,NA,NA,NA
"100",1,1,1,1,1,1,1,NA,0,0,0,NA,0,NA,0,0,0,0,0,0,0,0,0,0,NA,0,NA,0,0,0,0,0,0,0,NA,NA,0,NA,NA,0,0,NA,0,0,0,0,0,0,NA,0,0,NA,0,0,NA,0,NA,NA,0,0,0,0,0,0,NA,NA,NA,NA,NA,NA,NA,NA,NA,NA,NA,NA,NA,NA,NA,NA,NA,NA,NA,NA,NA,NA,NA
"101",1,NA,1,0,1,1,1,NA,0,0,0,NA,1,0,0,0,NA,0,0,0,0,0,0,0,NA,0,NA,0,0,0,0,0,NA,0,NA,0,NA,NA,NA,0,0,NA,0,0,0,0,0,0,0,0,0,NA,0,0,0,0,NA,0,0,0,0,0,0,0,0,NA,NA,NA,NA,NA,NA,NA,NA,NA,NA,NA,NA,NA,NA,NA,NA,NA,NA,NA,NA,NA,NA
"102",1,NA,1,1,1,1,1,NA,0,0,0,NA,1,0,0,0,0,0,0,0,0,0,0,0,NA,0,NA,0,0,0,0,0,NA,0,NA,0,NA,NA,NA,0,0,NA,0,0,0,0,0,0,0,0,0,NA,0,0,0,0,NA,0,0,0,0,0,0,0,0,NA,NA,NA,NA,NA,NA,NA,NA,NA,NA,NA,NA,NA,NA,NA,NA,NA,NA,NA,NA,NA,NA
"103",1,1,1,1,1,1,1,NA,0,0,0,NA,1,1,0,0,NA,0,0,0,0,0,0,0,NA,0,NA,0,0,0,0,0,0,0,NA,0,0,NA,NA,0,0,NA,0,0,0,0,0,0,NA,0,0,NA,0,0,NA,0,NA,NA,0,0,0,0,0,0,0,NA,NA,NA,NA,NA,NA,NA,NA,NA,NA,NA,NA,NA,NA,NA,NA,NA,NA,NA,NA,NA,NA
"104",1,1,1,1,1,1,1,NA,0,0,0,NA,1,1,0,0,0,0,0,0,0,0,0,0,NA,0,NA,0,0,0,0,0,0,0,NA,0,0,NA,NA,0,0,NA,0,0,0,0,0,0,NA,0,0,NA,0,0,NA,0,NA,NA,0,0,0,0,0,0,0,NA,NA,NA,NA,NA,NA,NA,NA,NA,NA,NA,NA,NA,NA,NA,NA,NA,NA,NA,NA,NA,NA
"105",1,NA,1,1,1,1,1,NA,0,0,1,NA,1,NA,0,0,NA,0,0,0,0,0,0,0,NA,0,NA,0,0,0,0,0,0,0,NA,NA,0,NA,NA,NA,0,0,0,0,0,0,0,0,0,0,0,NA,0,0,0,0,0,0,0,0,0,0,0,0,0,NA,NA,NA,NA,NA,NA,NA,NA,NA,NA,NA,NA,NA,NA,NA,NA,NA,NA,NA,NA,NA,NA
"106",1,NA,1,1,1,1,1,NA,0,0,1,NA,1,NA,0,0,0,0,0,0,0,0,0,0,NA,0,NA,0,0,0,0,0,0,0,NA,NA,0,NA,NA,NA,0,0,0,0,0,0,0,0,0,0,0,NA,0,0,0,0,0,0,0,0,0,0,0,0,0,NA,NA,NA,NA,NA,NA,NA,NA,NA,NA,NA,NA,NA,NA,NA,NA,NA,NA,NA,NA,NA,NA
"107",1,1,1,1,1,1,1,NA,0,0,1,NA,0,NA,0,0,NA,0,0,0,0,0,0,0,NA,0,NA,0,0,0,0,0,0,0,NA,NA,0,NA,NA,0,0,0,0,0,0,0,0,0,NA,0,0,NA,0,0,NA,0,NA,NA,0,0,0,0,0,0,NA,NA,NA,NA,NA,NA,NA,NA,NA,NA,NA,NA,NA,NA,NA,NA,NA,NA,NA,NA,NA,NA,NA
"108",1,1,1,1,1,1,1,NA,0,0,1,NA,0,NA,0,0,0,0,0,0,0,0,0,0,NA,0,NA,0,0,0,0,0,0,0,NA,NA,0,NA,NA,0,0,0,0,0,0,0,0,0,NA,0,0,NA,0,0,NA,0,NA,NA,0,0,0,0,0,0,NA,NA,NA,NA,NA,NA,NA,NA,NA,NA,NA,NA,NA,NA,NA,NA,NA,NA,NA,NA,NA,NA,NA
"109",1,NA,1,1,1,1,1,NA,0,0,1,NA,1,0,0,0,NA,0,0,0,0,0,0,0,NA,0,NA,0,0,0,0,0,NA,0,NA,0,NA,NA,NA,0,0,0,0,0,0,0,0,0,0,0,0,NA,0,0,0,0,NA,0,0,0,0,0,0,0,0,NA,NA,NA,NA,NA,NA,NA,NA,NA,NA,NA,NA,NA,NA,NA,NA,NA,NA,NA,NA,NA,NA
"110",1,NA,1,1,1,1,1,NA,0,0,1,NA,1,0,0,0,0,0,0,0,0,0,0,0,NA,0,NA,0,0,0,0,0,NA,0,NA,0,NA,NA,NA,0,0,0,0,0,0,0,0,0,0,0,0,NA,0,0,0,0,NA,0,0,0,0,0,0,0,0,NA,NA,NA,NA,NA,NA,NA,NA,NA,NA,NA,NA,NA,NA,NA,NA,NA,NA,NA,NA,NA,NA
"111",1,1,1,1,1,1,1,NA,0,0,1,NA,1,1,0,0,NA,0,0,0,0,0,0,0,NA,0,NA,0,0,0,0,0,0,0,NA,0,0,NA,NA,0,0,0,0,0,0,0,0,0,NA,0,0,NA,0,0,NA,0,NA,NA,0,0,0,0,0,0,0,NA,NA,NA,NA,NA,NA,NA,NA,NA,NA,NA,NA,NA,NA,NA,NA,NA,NA,NA,NA,NA,NA
"112",1,NA,0,1,1,1,1,NA,0,NA,1,NA,1,0,1,1,0,0,0,0,0,0,0,0,NA,0,NA,0,0,0,0,0,NA,0,NA,0,NA,NA,NA,0,0,0,0,0,0,0,0,0,0,0,0,NA,0,NA,0,0,NA,0,0,0,0,0,0,0,0,NA,NA,NA,NA,NA,NA,NA,NA,NA,NA,NA,NA,NA,NA,NA,NA,NA,NA,NA,NA,NA,NA
"113",0.932038834951456,0.914893617021277,0.913461538461538,0.910714285714286,0.857142857142857,0.785714285714286,0.785714285714286,0.727272727272727,0.714285714285714,0.651162790697674,0.5,0.5,0.464285714285714,0.111111111111111,0.03125,0.0138888888888889,0,0,0,0,0,0,0,0,0,0,0,0,0,0,0,0,0,0,0,0,0,0,0,0,0,0,0,0,0,0,0,0,0,0,0,0,0,0,0,0,0,0,0,0,0,0,0,0,0,0,NA,NA,NA,NA,NA,NA,NA,NA,NA,NA,NA,NA,NA,NA,NA,NA,NA,NA,NA,NA,NA
"114",0.919642857142857,0.419642857142857,0.928571428571429,1,1,1,1,0.0982142857142857,1,0.767857142857143,1,0.714285714285714,1,0.241071428571429,0.285714285714286,0.642857142857143,0.5,0.285714285714286,1,0.642857142857143,1,1,1,1,0.714285714285714,0.642857142857143,0.714285714285714,1,1,0.285714285714286,1,1,0.928571428571429,1,0.160714285714286,0.241071428571429,0.928571428571429,0.116071428571429,0.116071428571429,0.491071428571429,1,0.5,0.285714285714286,1,1,1,0.285714285714286,1,0.580357142857143,1,0.883928571428571,0.116071428571429,1,0.767857142857143,0.580357142857143,1,0.508928571428571,0.580357142857143,0.285714285714286,1,0.285714285714286,0.285714285714286,1,0.339285714285714,0.75,0.116071428571429,0,0,0,0,0,0,0,0,0,0,0,0,0,0,0,0,0,0,0,0,0
