"","crp","cra","galR","phoB","galS","xylR","rcsB","rcsA","fliZ","fnr","arcA","fur","soxS","gadE","gadX","leuO","lrp","ompR","evgA","bglJ","ydeO","gadW","rob","narL","oxyR","soxR","hdfR","stpA","csgD","yjjQ","marR","glnG","ptsG","rhaR","fhlA","mlc","rhaS","pdhR","argP","nac","exuR","mazF","adiY","cspA","flhD","dcuR","metJ","zraR","dnaA","cusR","puuR","yiaJ","cadC","melR","araC","malI","idnR","mraZ","pdeL","purR","prpR","fucR","tdcA","lsrR","glcC","nhaR","hyfR","dpiA","rbsR","betI","hns","fis","marA","mlrA","srlR","mazE","uxuR","gutM","flhC","asnC","metR","putA","yqjI","yeiL","nikR","aidB","lldR"
"1",NA,0,0,NA,0,NA,0,0,0,0,0,NA,0,0,NA,0,0,NA,0,0,0,0,0,NA,NA,0,0,0,0,0,NA,NA,NA,NA,0,0,NA,NA,NA,0,0,NA,0,0,0,NA,0,NA,NA,NA,0,0,0,NA,NA,NA,NA,0,0,0,NA,NA,0,NA,0,0,NA,0,NA,NA,NA,NA,NA,NA,NA,NA,NA,NA,NA,NA,NA,NA,NA,NA,NA,NA,NA
"2",NA,1,0,NA,0,NA,0,0,0,0,0,NA,0,0,NA,0,0,NA,0,0,0,0,0,NA,NA,0,0,0,0,0,NA,NA,NA,NA,0,0,NA,NA,NA,0,0,NA,0,0,0,NA,0,NA,NA,NA,0,0,0,NA,NA,NA,NA,0,NA,0,NA,NA,0,NA,0,0,NA,0,NA,NA,NA,NA,NA,NA,NA,NA,NA,NA,NA,NA,NA,NA,NA,NA,NA,NA,NA
"3",NA,1,0,NA,0,NA,0,0,0,0,0,NA,0,0,NA,0,0,NA,0,0,0,0,0,NA,NA,0,0,0,0,0,NA,NA,NA,NA,0,0,NA,NA,NA,0,0,NA,0,0,0,NA,0,NA,NA,0,0,0,0,NA,NA,NA,NA,0,NA,0,NA,NA,0,NA,0,0,NA,0,NA,NA,NA,NA,NA,NA,NA,NA,NA,NA,NA,NA,NA,NA,NA,NA,NA,NA,NA
"4",NA,1,0,NA,0,0,0,0,0,0,0,NA,0,0,NA,0,0,NA,0,0,0,0,0,NA,NA,0,0,0,0,0,NA,NA,NA,NA,0,0,NA,NA,NA,0,0,NA,0,0,0,NA,0,NA,NA,NA,0,0,0,NA,NA,NA,NA,0,NA,0,NA,NA,0,NA,0,0,NA,0,NA,NA,NA,NA,NA,NA,NA,NA,NA,NA,NA,NA,NA,NA,NA,NA,NA,NA,NA
"5",NA,1,0,NA,0,NA,0,0,0,0,0,NA,0,0,NA,0,0,NA,0,0,0,0,0,NA,NA,0,0,0,0,0,NA,NA,NA,NA,0,0,NA,NA,NA,0,0,NA,0,0,0,NA,0,NA,NA,NA,0,0,0,NA,NA,NA,0,0,NA,0,NA,NA,0,NA,0,0,NA,0,NA,NA,NA,NA,NA,NA,NA,NA,NA,NA,NA,NA,NA,NA,NA,NA,NA,NA,NA
"6",0,1,NA,NA,0,1,0,0,0,NA,NA,0,0,0,NA,0,0,0,0,0,0,0,0,0,0,0,0,0,0,0,NA,0,0,0,0,NA,0,0,NA,0,0,0,0,0,0,NA,NA,NA,NA,NA,NA,NA,0,NA,NA,0,0,NA,NA,NA,0,NA,0,0,0,0,0,NA,0,NA,NA,NA,NA,NA,NA,NA,NA,NA,NA,NA,NA,NA,NA,NA,NA,NA,NA
"7",1,1,NA,NA,0,0,0,0,0,NA,NA,0,0,0,NA,0,0,0,0,0,0,0,0,0,0,0,0,0,0,0,NA,0,0,0,0,NA,0,0,NA,0,0,0,0,0,0,NA,NA,NA,NA,NA,NA,NA,0,NA,0,0,0,NA,NA,NA,0,NA,0,0,0,0,0,NA,0,NA,NA,NA,NA,NA,NA,NA,NA,NA,NA,NA,NA,NA,NA,NA,NA,NA,NA
"8",NA,0,0,NA,0,NA,0,0,0,0,0,NA,0,0,NA,0,0,NA,0,0,0,0,0,NA,NA,0,0,0,0,0,NA,NA,NA,NA,0,0,NA,NA,NA,0,0,NA,0,0,0,NA,0,NA,NA,0,0,0,0,NA,NA,NA,NA,0,0,0,NA,NA,0,NA,0,0,NA,0,NA,NA,NA,NA,NA,NA,NA,NA,NA,NA,NA,NA,NA,NA,NA,NA,NA,NA,NA
"9",NA,1,NA,NA,1,NA,0,0,0,0,0,NA,0,0,NA,0,0,NA,0,0,0,0,0,NA,NA,0,0,0,0,0,NA,NA,NA,NA,0,0,NA,NA,NA,0,0,NA,0,0,0,NA,0,NA,NA,NA,0,0,0,NA,NA,NA,NA,0,NA,0,NA,NA,0,NA,0,0,NA,0,NA,NA,NA,NA,NA,NA,NA,NA,NA,NA,NA,NA,NA,NA,NA,NA,NA,NA,NA
"10",NA,1,0,NA,0,0,0,0,0,0,0,NA,0,0,NA,0,0,NA,0,0,0,0,0,NA,NA,0,0,0,0,0,NA,NA,NA,NA,0,0,NA,NA,NA,0,0,NA,0,0,0,NA,0,NA,NA,NA,0,0,0,NA,NA,NA,0,0,NA,0,NA,NA,0,NA,0,0,NA,0,NA,NA,NA,NA,NA,NA,NA,NA,NA,NA,NA,NA,NA,NA,NA,NA,NA,NA,NA
"11",NA,1,1,NA,NA,NA,0,0,0,0,0,NA,0,0,NA,0,0,NA,0,0,0,0,0,NA,NA,0,0,0,0,0,NA,NA,NA,NA,0,0,NA,NA,NA,0,0,NA,0,0,0,NA,0,NA,NA,NA,0,0,0,NA,NA,NA,NA,0,NA,0,NA,NA,0,NA,0,0,NA,0,NA,NA,NA,NA,NA,NA,NA,NA,NA,NA,NA,NA,NA,NA,NA,NA,NA,NA,NA
"12",NA,0,NA,NA,1,NA,0,0,0,0,0,NA,0,0,NA,0,0,NA,0,0,0,0,0,NA,NA,0,0,0,0,0,NA,NA,NA,NA,0,0,NA,NA,NA,0,0,NA,0,0,0,NA,0,NA,NA,NA,0,0,0,NA,NA,NA,NA,0,0,0,NA,NA,0,NA,0,0,NA,0,NA,NA,NA,NA,NA,NA,NA,NA,NA,NA,NA,NA,NA,NA,NA,NA,NA,NA,NA
"13",NA,1,0,NA,0,0,0,0,0,0,0,NA,0,0,NA,0,0,NA,0,0,0,0,0,NA,NA,0,0,0,0,0,NA,NA,NA,NA,0,0,NA,NA,NA,0,0,NA,0,0,0,NA,0,NA,NA,0,0,0,0,NA,NA,NA,NA,0,NA,0,NA,NA,0,NA,0,0,NA,0,NA,NA,NA,NA,NA,NA,NA,NA,NA,NA,NA,NA,NA,NA,NA,NA,NA,NA,NA
"14",NA,1,0,NA,0,NA,0,0,0,0,0,NA,0,0,NA,0,0,NA,0,0,0,0,0,NA,NA,0,0,0,0,0,NA,NA,NA,NA,0,0,NA,NA,NA,0,0,NA,0,0,0,NA,0,NA,NA,0,0,0,0,NA,NA,NA,0,0,NA,0,NA,NA,0,NA,0,0,NA,0,NA,NA,NA,NA,NA,NA,NA,NA,NA,NA,NA,NA,NA,NA,NA,NA,NA,NA,NA
"15",NA,1,1,NA,NA,0,0,0,0,0,0,NA,0,0,NA,0,0,NA,0,0,0,0,0,NA,NA,0,0,0,0,0,NA,NA,NA,NA,0,0,NA,NA,NA,0,0,NA,0,0,0,NA,0,NA,NA,NA,0,0,0,NA,NA,NA,NA,0,NA,0,NA,NA,0,NA,0,0,NA,0,NA,NA,NA,NA,NA,NA,NA,NA,NA,NA,NA,NA,NA,NA,NA,NA,NA,NA,NA
"16",NA,1,1,NA,NA,NA,0,0,0,0,0,NA,0,0,NA,0,0,NA,0,0,0,0,0,NA,NA,0,0,0,0,0,NA,NA,NA,NA,0,0,NA,NA,NA,0,0,NA,0,0,0,NA,0,NA,NA,NA,0,0,0,NA,NA,NA,0,0,NA,0,NA,NA,0,NA,0,0,NA,0,NA,NA,NA,NA,NA,NA,NA,NA,NA,NA,NA,NA,NA,NA,NA,NA,NA,NA,NA
"17",NA,1,NA,NA,1,0,0,0,0,0,0,NA,0,0,NA,0,0,NA,0,0,0,0,0,NA,NA,0,0,0,0,0,NA,NA,NA,NA,0,0,NA,NA,NA,0,0,NA,0,0,0,NA,0,NA,NA,NA,0,0,0,NA,NA,NA,NA,0,NA,0,NA,NA,0,NA,0,0,NA,0,NA,NA,NA,NA,NA,NA,NA,NA,NA,NA,NA,NA,NA,NA,NA,NA,NA,NA,NA
"18",NA,1,1,NA,NA,NA,0,0,0,0,0,NA,0,0,NA,0,0,NA,0,0,0,0,0,NA,NA,0,0,0,0,0,NA,NA,NA,NA,0,0,NA,NA,NA,0,0,NA,0,0,0,NA,0,NA,NA,0,0,0,0,NA,NA,NA,NA,0,NA,0,NA,NA,0,NA,0,0,NA,0,NA,NA,NA,NA,NA,NA,NA,NA,NA,NA,NA,NA,NA,NA,NA,NA,NA,NA,NA
"19",NA,0,0,NA,0,0,0,0,0,0,0,NA,0,0,NA,0,0,NA,0,0,0,0,0,NA,NA,0,0,0,0,0,NA,NA,NA,NA,0,0,NA,NA,NA,0,0,NA,0,0,0,NA,0,NA,NA,NA,0,0,0,NA,NA,NA,NA,0,0,0,NA,NA,0,NA,0,0,NA,0,NA,NA,NA,NA,NA,NA,NA,NA,NA,NA,NA,NA,NA,NA,NA,NA,NA,NA,NA
"20",NA,1,NA,NA,1,NA,0,0,0,0,0,NA,0,0,NA,0,0,NA,0,0,0,0,0,NA,NA,0,0,0,0,0,NA,NA,NA,NA,0,0,NA,NA,NA,0,0,NA,0,0,0,NA,0,NA,NA,NA,0,0,0,NA,NA,NA,0,0,NA,0,NA,NA,0,NA,0,0,NA,0,NA,NA,NA,NA,NA,NA,NA,NA,NA,NA,NA,NA,NA,NA,NA,NA,NA,NA,NA
"21",NA,1,NA,NA,1,NA,0,0,0,0,0,NA,0,0,NA,0,0,NA,0,0,0,0,0,NA,NA,0,0,0,0,0,NA,NA,NA,NA,0,0,NA,NA,NA,0,0,NA,0,0,0,NA,0,NA,NA,0,0,0,0,NA,NA,NA,NA,0,NA,0,NA,NA,0,NA,0,0,NA,0,NA,NA,NA,NA,NA,NA,NA,NA,NA,NA,NA,NA,NA,NA,NA,NA,NA,NA,NA
"22",NA,1,0,NA,0,0,0,0,0,0,0,NA,0,0,NA,0,0,NA,0,0,0,0,0,NA,NA,0,0,0,0,0,NA,NA,NA,NA,0,0,NA,NA,NA,0,0,NA,0,0,0,NA,0,NA,NA,0,0,0,0,NA,NA,NA,0,0,NA,0,NA,NA,0,NA,0,0,NA,0,NA,NA,NA,NA,NA,NA,NA,NA,NA,NA,NA,NA,NA,NA,NA,NA,NA,NA,NA
"23",NA,0,1,NA,NA,NA,0,0,0,0,0,NA,0,0,NA,0,0,NA,0,0,0,0,0,NA,NA,0,0,0,0,0,NA,NA,NA,NA,0,0,NA,NA,NA,0,0,NA,0,0,0,NA,0,NA,NA,NA,0,0,0,NA,NA,NA,NA,0,0,0,NA,NA,0,NA,0,0,NA,0,NA,NA,NA,NA,NA,NA,NA,NA,NA,NA,NA,NA,NA,NA,NA,NA,NA,NA,NA
"24",NA,0,0,NA,0,0,0,0,0,0,0,NA,0,0,NA,0,0,NA,0,0,0,0,0,NA,NA,0,0,0,0,0,NA,NA,NA,NA,0,0,NA,NA,NA,0,0,NA,0,0,0,NA,0,NA,NA,0,0,0,0,NA,NA,NA,NA,0,0,0,NA,NA,0,NA,0,0,NA,0,NA,NA,NA,NA,NA,NA,NA,NA,NA,NA,NA,NA,NA,NA,NA,NA,NA,NA,NA
"25",NA,1,NA,NA,1,0,0,0,0,0,0,NA,0,0,NA,0,0,NA,0,0,0,0,0,NA,NA,0,0,0,0,0,NA,NA,NA,NA,0,0,NA,NA,NA,0,0,NA,0,0,0,NA,0,NA,NA,NA,0,0,0,NA,NA,NA,0,0,NA,0,NA,NA,0,NA,0,0,NA,0,NA,NA,NA,NA,NA,NA,NA,NA,NA,NA,NA,NA,NA,NA,NA,NA,NA,NA,NA
"26",NA,NA,0,1,0,NA,1,1,1,0,0,NA,0,0,0,0,0,NA,0,0,0,0,0,NA,NA,0,0,0,NA,0,NA,NA,NA,NA,0,0,NA,NA,0,0,0,NA,0,0,0,NA,0,NA,0,0,0,0,0,NA,NA,NA,NA,0,0,0,NA,NA,0,NA,0,0,NA,0,NA,NA,NA,NA,NA,NA,NA,NA,NA,NA,NA,NA,NA,NA,NA,NA,NA,NA,NA
"27",NA,NA,NA,1,1,NA,1,1,1,0,0,NA,0,0,0,0,0,NA,0,0,0,0,0,NA,NA,0,0,0,NA,0,NA,NA,NA,NA,0,0,NA,NA,0,0,0,NA,0,0,0,NA,0,NA,0,0,0,0,0,NA,NA,NA,NA,0,0,0,NA,NA,0,NA,0,0,NA,0,NA,NA,NA,NA,NA,NA,NA,NA,NA,NA,NA,NA,NA,NA,NA,NA,NA,NA,NA
"28",NA,0,0,NA,0,NA,0,0,0,0,0,NA,0,0,NA,0,0,NA,0,0,0,0,0,NA,NA,0,0,0,0,0,NA,NA,NA,NA,0,0,NA,NA,NA,0,0,NA,0,0,0,NA,0,NA,NA,NA,0,0,0,NA,NA,NA,0,0,0,0,NA,NA,0,NA,0,0,NA,0,NA,NA,NA,NA,NA,NA,NA,NA,NA,NA,NA,NA,NA,NA,NA,NA,NA,NA,NA
"29",NA,0,NA,NA,1,0,0,0,0,0,0,NA,0,0,NA,0,0,NA,0,0,0,0,0,NA,NA,0,0,0,0,0,NA,NA,NA,NA,0,0,NA,NA,NA,0,0,NA,0,0,0,NA,0,NA,NA,NA,0,0,0,NA,NA,NA,NA,0,0,0,NA,NA,0,NA,0,0,NA,0,NA,NA,NA,NA,NA,NA,NA,NA,NA,NA,NA,NA,NA,NA,NA,NA,NA,NA,NA
"30",NA,0,0,NA,0,NA,0,0,0,0,0,NA,0,0,NA,0,0,NA,0,0,0,0,0,NA,NA,0,0,0,0,0,NA,NA,NA,NA,0,0,NA,NA,NA,0,0,NA,0,0,0,NA,0,NA,NA,0,0,0,0,NA,NA,NA,0,0,0,0,NA,NA,0,NA,0,0,NA,0,NA,NA,NA,NA,NA,NA,NA,NA,NA,NA,NA,NA,NA,NA,NA,NA,NA,NA,NA
"31",NA,1,NA,NA,1,NA,0,0,0,0,0,NA,0,0,NA,0,0,NA,0,0,0,0,0,NA,NA,0,0,0,0,0,NA,NA,NA,NA,0,0,NA,NA,NA,0,0,NA,0,0,0,NA,0,NA,NA,0,0,0,0,NA,NA,NA,0,0,NA,0,NA,NA,0,NA,0,0,NA,0,NA,NA,NA,NA,NA,NA,NA,NA,NA,NA,NA,NA,NA,NA,NA,NA,NA,NA,NA
"32",NA,NA,0,1,0,NA,1,1,1,0,0,NA,0,0,0,0,0,NA,0,0,0,0,0,NA,NA,0,0,0,NA,0,NA,NA,NA,NA,0,0,NA,NA,0,0,0,NA,0,0,0,NA,0,NA,0,0,0,0,0,NA,NA,NA,0,0,0,0,NA,NA,0,NA,0,0,NA,0,NA,NA,NA,NA,NA,NA,NA,NA,NA,NA,NA,NA,NA,NA,NA,NA,NA,NA,NA
"33",NA,1,NA,NA,1,0,0,0,0,0,0,NA,0,0,NA,0,0,NA,0,0,0,0,0,NA,NA,0,0,0,0,0,NA,NA,NA,NA,0,0,NA,NA,NA,0,0,NA,0,0,0,NA,0,NA,NA,0,0,0,0,NA,NA,NA,NA,0,NA,0,NA,NA,0,NA,0,0,NA,0,NA,NA,NA,NA,NA,NA,NA,NA,NA,NA,NA,NA,NA,NA,NA,NA,NA,NA,NA
"34",NA,1,1,NA,NA,NA,0,0,0,0,0,NA,0,0,NA,0,0,NA,0,0,0,0,0,NA,NA,0,0,0,0,0,NA,NA,NA,NA,0,0,NA,NA,NA,0,0,NA,0,0,0,NA,0,NA,NA,0,0,0,0,NA,NA,NA,0,0,NA,0,NA,NA,0,NA,0,0,NA,0,NA,NA,NA,NA,NA,NA,NA,NA,NA,NA,NA,NA,NA,NA,NA,NA,NA,NA,NA
"35",NA,1,NA,NA,1,0,0,0,0,0,0,NA,0,0,NA,0,0,NA,0,0,0,0,0,NA,NA,0,0,0,0,0,NA,NA,NA,NA,0,0,NA,NA,NA,0,0,NA,0,0,0,NA,0,NA,NA,0,0,0,0,NA,NA,NA,0,0,NA,0,NA,NA,0,NA,0,0,NA,0,NA,NA,NA,NA,NA,NA,NA,NA,NA,NA,NA,NA,NA,NA,NA,NA,NA,NA,NA
"36",NA,NA,1,1,NA,NA,1,1,1,0,0,NA,0,0,0,0,0,NA,0,0,0,0,0,NA,NA,0,0,0,NA,0,NA,NA,NA,NA,0,0,NA,NA,0,0,0,NA,0,0,0,NA,0,NA,0,0,0,0,0,NA,NA,NA,NA,0,0,0,NA,NA,0,NA,0,0,NA,0,NA,NA,NA,NA,NA,NA,NA,NA,NA,NA,NA,NA,NA,NA,NA,NA,NA,NA,NA
"37",NA,NA,NA,1,1,NA,1,1,1,0,0,NA,0,0,0,0,0,NA,0,0,0,0,0,NA,NA,0,0,0,NA,0,NA,NA,NA,NA,0,0,NA,NA,0,0,0,NA,0,0,0,NA,0,NA,0,0,0,0,0,NA,NA,NA,0,0,0,0,NA,NA,0,NA,0,0,NA,0,NA,NA,NA,NA,NA,NA,NA,NA,NA,NA,NA,NA,NA,NA,NA,NA,NA,NA,NA
"38",NA,0,1,NA,NA,NA,0,0,0,0,0,NA,0,0,NA,0,0,NA,0,0,0,0,0,NA,NA,0,0,0,0,0,NA,NA,NA,NA,0,0,NA,NA,NA,0,0,NA,0,0,0,NA,0,NA,NA,NA,0,0,0,NA,NA,NA,0,0,0,0,NA,NA,0,NA,0,0,NA,0,NA,NA,NA,NA,NA,NA,NA,NA,NA,NA,NA,NA,NA,NA,NA,NA,NA,NA,NA
"39",NA,NA,0,1,0,0,1,1,1,0,0,NA,0,0,0,0,0,NA,0,0,0,0,0,NA,NA,0,0,0,NA,0,NA,NA,NA,NA,0,0,NA,NA,0,0,0,NA,0,0,0,NA,0,NA,0,0,0,0,0,NA,NA,NA,NA,0,0,0,NA,NA,0,NA,0,0,NA,0,NA,NA,NA,NA,NA,NA,NA,NA,NA,NA,NA,NA,NA,NA,NA,NA,NA,NA,NA
"40",0,1,NA,NA,0,1,0,0,0,NA,NA,0,0,0,NA,0,0,0,0,0,0,0,0,0,0,0,0,0,0,0,NA,0,0,0,0,NA,0,0,NA,0,0,0,0,0,0,NA,NA,NA,NA,0,NA,NA,0,NA,NA,0,0,NA,NA,NA,0,NA,0,0,0,0,0,NA,0,NA,NA,NA,NA,NA,NA,NA,NA,NA,NA,NA,NA,NA,NA,NA,NA,NA,NA
"41",NA,0,NA,NA,1,NA,0,0,0,0,0,NA,0,0,NA,0,0,NA,0,0,0,0,0,NA,NA,0,0,0,0,0,NA,NA,NA,NA,0,0,NA,NA,NA,0,0,NA,0,0,0,NA,0,NA,NA,0,0,0,0,NA,NA,NA,NA,0,0,0,NA,NA,0,NA,0,0,NA,0,NA,NA,NA,NA,NA,NA,NA,NA,NA,NA,NA,NA,NA,NA,NA,NA,NA,NA,NA
"42",NA,0,1,NA,NA,NA,0,0,0,0,0,NA,0,0,NA,0,0,NA,0,0,0,0,0,NA,NA,0,0,0,0,0,NA,NA,NA,NA,0,0,NA,NA,NA,0,0,NA,0,0,0,NA,0,NA,NA,0,0,0,0,NA,NA,NA,NA,0,0,0,NA,NA,0,NA,0,0,NA,0,NA,NA,NA,NA,NA,NA,NA,NA,NA,NA,NA,NA,NA,NA,NA,NA,NA,NA,NA
"43",NA,NA,1,1,NA,NA,1,1,1,0,0,NA,0,0,0,0,0,NA,0,0,0,0,0,NA,NA,0,0,0,NA,0,NA,NA,NA,NA,0,0,NA,NA,0,0,0,NA,0,0,0,NA,0,NA,0,0,0,0,0,NA,NA,NA,0,0,0,0,NA,NA,0,NA,0,0,NA,0,NA,NA,NA,NA,NA,NA,NA,NA,NA,NA,NA,NA,NA,NA,NA,NA,NA,NA,NA
"44",NA,0,NA,NA,1,NA,0,0,0,0,0,NA,0,0,NA,0,0,NA,0,0,0,0,0,NA,NA,0,0,0,0,0,NA,NA,NA,NA,0,0,NA,NA,NA,0,0,NA,0,0,0,NA,0,NA,NA,NA,0,0,0,NA,NA,NA,0,0,0,0,NA,NA,0,NA,0,0,NA,0,NA,NA,NA,NA,NA,NA,NA,NA,NA,NA,NA,NA,NA,NA,NA,NA,NA,NA,NA
"45",NA,0,1,NA,NA,NA,0,0,0,0,0,NA,0,0,NA,0,0,NA,0,0,0,0,0,NA,NA,0,0,0,0,0,NA,NA,NA,NA,0,0,NA,NA,NA,0,0,NA,0,0,0,NA,0,NA,NA,0,0,0,0,NA,NA,NA,0,0,0,0,NA,NA,0,NA,0,0,NA,0,NA,NA,NA,NA,NA,NA,NA,NA,NA,NA,NA,NA,NA,NA,NA,NA,NA,NA,NA
"46",NA,0,NA,NA,1,NA,0,0,0,0,0,NA,0,0,NA,0,0,NA,0,0,0,0,0,NA,NA,0,0,0,0,0,NA,NA,NA,NA,0,0,NA,NA,NA,0,0,NA,0,0,0,NA,0,NA,NA,0,0,0,0,NA,NA,NA,0,0,0,0,NA,NA,0,NA,0,0,NA,0,NA,NA,NA,NA,NA,NA,NA,NA,NA,NA,NA,NA,NA,NA,NA,NA,NA,NA,NA
"47",NA,NA,0,0,0,NA,0,0,0,0,0,NA,0,0,0,0,0,NA,0,0,0,0,0,NA,NA,0,0,0,0,0,NA,NA,NA,NA,0,0,NA,NA,0,0,0,NA,0,0,0,NA,0,NA,0,0,0,0,0,NA,NA,NA,NA,0,0,0,NA,NA,0,NA,0,0,NA,0,NA,NA,NA,NA,NA,NA,NA,NA,NA,NA,NA,NA,NA,NA,NA,NA,NA,NA,NA
"48",NA,NA,0,0,0,NA,0,0,0,0,0,NA,0,0,0,0,0,NA,0,0,0,0,0,NA,NA,0,0,0,0,0,NA,NA,NA,NA,0,0,NA,NA,0,0,0,NA,0,0,0,NA,0,NA,0,0,0,0,0,NA,NA,NA,0,0,0,0,NA,NA,0,NA,0,0,NA,0,NA,NA,NA,NA,NA,NA,NA,NA,NA,NA,NA,NA,NA,NA,NA,NA,NA,NA,NA
"49",NA,NA,NA,0,1,NA,0,0,0,0,0,NA,0,0,0,0,0,NA,0,0,0,0,0,NA,NA,0,0,0,0,0,NA,NA,NA,NA,0,0,NA,NA,0,0,0,NA,0,0,0,NA,0,NA,0,0,0,0,0,NA,NA,NA,NA,0,0,0,NA,NA,0,NA,0,0,NA,0,NA,NA,NA,NA,NA,NA,NA,NA,NA,NA,NA,NA,NA,NA,NA,NA,NA,NA,NA
"50",NA,NA,1,0,NA,NA,0,0,0,0,0,NA,0,0,0,0,0,NA,0,0,0,0,0,NA,NA,0,0,0,0,0,NA,NA,NA,NA,0,0,NA,NA,0,0,0,NA,0,0,0,NA,0,NA,0,0,0,0,0,NA,NA,NA,NA,0,0,0,NA,NA,0,NA,0,0,NA,0,NA,NA,NA,NA,NA,NA,NA,NA,NA,NA,NA,NA,NA,NA,NA,NA,NA,NA,NA
"51",NA,NA,1,0,NA,NA,0,0,0,0,0,NA,0,0,0,0,0,NA,0,0,0,0,0,NA,NA,0,0,0,0,0,NA,NA,NA,NA,0,0,NA,NA,0,0,0,NA,0,0,0,NA,0,NA,0,0,0,0,0,NA,NA,NA,0,0,0,0,NA,NA,0,NA,0,0,NA,0,NA,NA,NA,NA,NA,NA,NA,NA,NA,NA,NA,NA,NA,NA,NA,NA,NA,NA,NA
"52",NA,NA,NA,0,1,NA,0,0,0,0,0,NA,0,0,0,0,0,NA,0,0,0,0,0,NA,NA,0,0,0,0,0,NA,NA,NA,NA,0,0,NA,NA,0,0,0,NA,0,0,0,NA,0,NA,0,0,0,0,0,NA,NA,NA,0,0,0,0,NA,NA,0,NA,0,0,NA,0,NA,NA,NA,NA,NA,NA,NA,NA,NA,NA,NA,NA,NA,NA,NA,NA,NA,NA,NA
"53",NA,1,0,NA,0,NA,0,0,0,0,0,NA,0,0,NA,0,0,NA,0,0,0,0,0,NA,NA,0,0,0,0,0,NA,NA,NA,0,0,0,0,NA,NA,0,0,NA,0,0,0,NA,0,NA,NA,NA,0,0,0,NA,NA,NA,NA,0,NA,0,NA,NA,0,NA,0,0,NA,0,NA,NA,NA,NA,NA,NA,NA,NA,NA,NA,NA,NA,NA,NA,NA,NA,NA,NA,NA
"54",NA,1,1,NA,NA,0,0,0,0,0,0,NA,0,0,NA,0,0,NA,0,0,0,0,0,NA,NA,0,0,0,0,0,NA,NA,NA,NA,0,0,NA,NA,NA,0,0,NA,0,0,0,NA,0,NA,NA,NA,0,0,0,NA,NA,NA,0,0,NA,0,NA,NA,0,NA,0,0,NA,0,NA,NA,NA,NA,NA,NA,NA,NA,NA,NA,NA,NA,NA,NA,NA,NA,NA,NA,NA
"55",NA,1,1,NA,NA,0,0,0,0,0,0,NA,0,0,NA,0,0,NA,0,0,0,0,0,NA,NA,0,0,0,0,0,NA,NA,NA,NA,0,0,NA,NA,NA,0,0,NA,0,0,0,NA,0,NA,NA,0,0,0,0,NA,NA,NA,NA,0,NA,0,NA,NA,0,NA,0,0,NA,0,NA,NA,NA,NA,NA,NA,NA,NA,NA,NA,NA,NA,NA,NA,NA,NA,NA,NA,NA
"56",NA,1,1,NA,NA,0,0,0,0,0,0,NA,0,0,NA,0,0,NA,0,0,0,0,0,NA,NA,0,0,0,0,0,NA,NA,NA,NA,0,0,NA,NA,NA,0,0,NA,0,0,0,NA,0,NA,NA,0,0,0,0,NA,NA,NA,0,0,NA,0,NA,NA,0,NA,0,0,NA,0,NA,NA,NA,NA,NA,NA,NA,NA,NA,NA,NA,NA,NA,NA,NA,NA,NA,NA,NA
"57",NA,0,0,NA,0,0,0,0,0,0,0,NA,0,0,NA,0,0,NA,0,0,0,0,0,NA,NA,0,0,0,0,0,NA,NA,NA,NA,0,0,NA,NA,NA,0,0,NA,0,0,0,NA,0,NA,NA,NA,0,0,0,NA,NA,NA,0,0,0,0,NA,NA,0,NA,0,0,NA,0,NA,NA,NA,NA,NA,NA,NA,NA,NA,NA,NA,NA,NA,NA,NA,NA,NA,NA,NA
"58",NA,1,0,NA,0,NA,0,0,0,0,0,NA,0,0,NA,0,0,NA,0,0,0,0,0,NA,NA,0,0,0,0,0,NA,NA,NA,0,0,0,0,NA,NA,0,0,NA,0,0,0,NA,0,NA,NA,0,0,0,0,NA,NA,NA,NA,0,NA,0,NA,NA,0,NA,0,0,NA,0,NA,NA,NA,NA,NA,NA,NA,NA,NA,NA,NA,NA,NA,NA,NA,NA,NA,NA,NA
"59",NA,1,0,NA,0,NA,0,0,0,0,0,NA,0,0,NA,0,0,NA,0,0,0,0,0,NA,NA,0,0,0,0,0,NA,NA,NA,0,0,0,0,NA,NA,0,0,NA,0,0,0,NA,0,NA,NA,NA,0,0,0,NA,NA,NA,0,0,NA,0,NA,NA,0,NA,0,0,NA,0,NA,NA,NA,NA,NA,NA,NA,NA,NA,NA,NA,NA,NA,NA,NA,NA,NA,NA,NA
"60",NA,1,0,NA,0,NA,0,0,0,0,0,NA,0,0,NA,0,0,NA,0,0,0,0,0,NA,NA,0,0,0,0,0,NA,NA,NA,0,0,0,0,NA,NA,0,0,NA,0,0,0,NA,0,NA,NA,0,0,0,0,NA,NA,NA,0,0,NA,0,NA,NA,0,NA,0,0,NA,0,NA,NA,NA,NA,NA,NA,NA,NA,NA,NA,NA,NA,NA,NA,NA,NA,NA,NA,NA
"61",NA,1,1,NA,NA,NA,0,0,0,0,0,NA,0,0,NA,0,0,NA,0,0,0,0,0,NA,NA,0,0,0,0,0,NA,NA,NA,0,0,0,0,NA,NA,0,0,NA,0,0,0,NA,0,NA,NA,NA,0,0,0,NA,NA,NA,NA,0,NA,0,NA,NA,0,NA,0,0,NA,0,NA,NA,NA,NA,NA,NA,NA,NA,NA,NA,NA,NA,NA,NA,NA,NA,NA,NA,NA
"62",NA,1,NA,NA,1,NA,0,0,0,0,0,NA,0,0,NA,0,0,NA,0,0,0,0,0,NA,NA,0,0,0,0,0,NA,NA,NA,0,0,0,0,NA,NA,0,0,NA,0,0,0,NA,0,NA,NA,NA,0,0,0,NA,NA,NA,NA,0,NA,0,NA,NA,0,NA,0,0,NA,0,NA,NA,NA,NA,NA,NA,NA,NA,NA,NA,NA,NA,NA,NA,NA,NA,NA,NA,NA
"63",NA,1,NA,NA,1,NA,0,0,0,0,0,NA,0,0,NA,0,0,NA,0,0,0,0,0,NA,NA,0,0,0,0,0,NA,NA,NA,0,0,0,0,NA,NA,0,0,NA,0,0,0,NA,0,NA,NA,NA,0,0,0,NA,NA,NA,0,0,NA,0,NA,NA,0,NA,0,0,NA,0,NA,NA,NA,NA,NA,NA,NA,NA,NA,NA,NA,NA,NA,NA,NA,NA,NA,NA,NA
"64",NA,1,1,NA,NA,NA,0,0,0,0,0,NA,0,0,NA,0,0,NA,0,0,0,0,0,NA,NA,0,0,0,0,0,NA,NA,NA,0,0,0,0,NA,NA,0,0,NA,0,0,0,NA,0,NA,NA,0,0,0,0,NA,NA,NA,NA,0,NA,0,NA,NA,0,NA,0,0,NA,0,NA,NA,NA,NA,NA,NA,NA,NA,NA,NA,NA,NA,NA,NA,NA,NA,NA,NA,NA
"65",NA,1,1,NA,NA,NA,0,0,0,0,0,NA,0,0,NA,0,0,NA,0,0,0,0,0,NA,NA,0,0,0,0,0,NA,NA,NA,0,0,0,0,NA,NA,0,0,NA,0,0,0,NA,0,NA,NA,NA,0,0,0,NA,NA,NA,0,0,NA,0,NA,NA,0,NA,0,0,NA,0,NA,NA,NA,NA,NA,NA,NA,NA,NA,NA,NA,NA,NA,NA,NA,NA,NA,NA,NA
"66",NA,1,NA,NA,1,NA,0,0,0,0,0,NA,0,0,NA,0,0,NA,0,0,0,0,0,NA,NA,0,0,0,0,0,NA,NA,NA,0,0,0,0,NA,NA,0,0,NA,0,0,0,NA,0,NA,NA,0,0,0,0,NA,NA,NA,NA,0,NA,0,NA,NA,0,NA,0,0,NA,0,NA,NA,NA,NA,NA,NA,NA,NA,NA,NA,NA,NA,NA,NA,NA,NA,NA,NA,NA
"67",NA,1,NA,NA,1,NA,0,0,0,0,0,NA,0,0,NA,0,0,NA,0,0,0,0,0,NA,NA,0,0,0,0,0,NA,NA,NA,0,0,0,0,NA,NA,0,0,NA,0,0,0,NA,0,NA,NA,0,0,0,0,NA,NA,NA,0,0,NA,0,NA,NA,0,NA,0,0,NA,0,NA,NA,NA,NA,NA,NA,NA,NA,NA,NA,NA,NA,NA,NA,NA,NA,NA,NA,NA
"68",NA,1,1,NA,NA,NA,0,0,0,0,0,NA,0,0,NA,0,0,NA,0,0,0,0,0,NA,NA,0,0,0,0,0,NA,NA,NA,0,0,0,0,NA,NA,0,0,NA,0,0,0,NA,0,NA,NA,0,0,0,0,NA,NA,NA,0,0,NA,0,NA,NA,0,NA,0,0,NA,0,NA,NA,NA,NA,NA,NA,NA,NA,NA,NA,NA,NA,NA,NA,NA,NA,NA,NA,NA
"69",NA,0,0,NA,0,NA,0,0,0,0,0,NA,0,0,NA,0,0,NA,0,0,0,0,0,NA,NA,0,0,0,0,0,NA,NA,NA,0,0,0,0,NA,NA,0,0,NA,0,0,0,NA,0,NA,NA,NA,0,0,0,NA,NA,NA,NA,0,0,0,NA,NA,0,NA,0,0,NA,0,NA,NA,NA,NA,NA,NA,NA,NA,NA,NA,NA,NA,NA,NA,NA,NA,NA,NA,NA
"70",NA,0,0,NA,0,NA,0,0,0,0,0,NA,0,0,NA,0,0,NA,0,0,0,0,0,NA,NA,0,0,0,0,0,NA,NA,NA,0,0,0,0,NA,NA,0,0,NA,0,0,0,NA,0,NA,NA,NA,0,0,0,NA,NA,NA,0,0,0,0,NA,NA,0,NA,0,0,NA,0,NA,NA,NA,NA,NA,NA,NA,NA,NA,NA,NA,NA,NA,NA,NA,NA,NA,NA,NA
"71",NA,0,0,NA,0,NA,0,0,0,0,0,NA,0,0,NA,0,0,NA,0,0,0,0,0,NA,NA,0,0,0,0,0,NA,NA,NA,0,0,0,0,NA,NA,0,0,NA,0,0,0,NA,0,NA,NA,0,0,0,0,NA,NA,NA,NA,0,0,0,NA,NA,0,NA,0,0,NA,0,NA,NA,NA,NA,NA,NA,NA,NA,NA,NA,NA,NA,NA,NA,NA,NA,NA,NA,NA
"72",NA,0,0,NA,0,NA,0,0,0,0,0,NA,0,0,NA,0,0,NA,0,0,0,0,0,NA,NA,0,0,0,0,0,NA,NA,NA,0,0,0,0,NA,NA,0,0,NA,0,0,0,NA,0,NA,NA,0,0,0,0,NA,NA,NA,0,0,0,0,NA,NA,0,NA,0,0,NA,0,NA,NA,NA,NA,NA,NA,NA,NA,NA,NA,NA,NA,NA,NA,NA,NA,NA,NA,NA
"73",NA,0,NA,NA,1,NA,0,0,0,0,0,NA,0,0,NA,0,0,NA,0,0,0,0,0,NA,NA,0,0,0,0,0,NA,NA,NA,0,0,0,0,NA,NA,0,0,NA,0,0,0,NA,0,NA,NA,NA,0,0,0,NA,NA,NA,NA,0,0,0,NA,NA,0,NA,0,0,NA,0,NA,NA,NA,NA,NA,NA,NA,NA,NA,NA,NA,NA,NA,NA,NA,NA,NA,NA,NA
"74",NA,0,1,NA,NA,NA,0,0,0,0,0,NA,0,0,NA,0,0,NA,0,0,0,0,0,NA,NA,0,0,0,0,0,NA,NA,NA,0,0,0,0,NA,NA,0,0,NA,0,0,0,NA,0,NA,NA,NA,0,0,0,NA,NA,NA,NA,0,0,0,NA,NA,0,NA,0,0,NA,0,NA,NA,NA,NA,NA,NA,NA,NA,NA,NA,NA,NA,NA,NA,NA,NA,NA,NA,NA
"75",NA,0,NA,NA,1,NA,0,0,0,0,0,NA,0,0,NA,0,0,NA,0,0,0,0,0,NA,NA,0,0,0,0,0,NA,NA,NA,0,0,0,0,NA,NA,0,0,NA,0,0,0,NA,0,NA,NA,NA,0,0,0,NA,NA,NA,0,0,0,0,NA,NA,0,NA,0,0,NA,0,NA,NA,NA,NA,NA,NA,NA,NA,NA,NA,NA,NA,NA,NA,NA,NA,NA,NA,NA
"76",NA,0,1,NA,NA,NA,0,0,0,0,0,NA,0,0,NA,0,0,NA,0,0,0,0,0,NA,NA,0,0,0,0,0,NA,NA,NA,0,0,0,0,NA,NA,0,0,NA,0,0,0,NA,0,NA,NA,0,0,0,0,NA,NA,NA,NA,0,0,0,NA,NA,0,NA,0,0,NA,0,NA,NA,NA,NA,NA,NA,NA,NA,NA,NA,NA,NA,NA,NA,NA,NA,NA,NA,NA
"77",NA,0,NA,NA,1,NA,0,0,0,0,0,NA,0,0,NA,0,0,NA,0,0,0,0,0,NA,NA,0,0,0,0,0,NA,NA,NA,0,0,0,0,NA,NA,0,0,NA,0,0,0,NA,0,NA,NA,0,0,0,0,NA,NA,NA,NA,0,0,0,NA,NA,0,NA,0,0,NA,0,NA,NA,NA,NA,NA,NA,NA,NA,NA,NA,NA,NA,NA,NA,NA,NA,NA,NA,NA
"78",NA,0,1,NA,NA,NA,0,0,0,0,0,NA,0,0,NA,0,0,NA,0,0,0,0,0,NA,NA,0,0,0,0,0,NA,NA,NA,0,0,0,0,NA,NA,0,0,NA,0,0,0,NA,0,NA,NA,NA,0,0,0,NA,NA,NA,0,0,0,0,NA,NA,0,NA,0,0,NA,0,NA,NA,NA,NA,NA,NA,NA,NA,NA,NA,NA,NA,NA,NA,NA,NA,NA,NA,NA
"79",NA,0,NA,NA,1,NA,0,0,0,0,0,NA,0,0,NA,0,0,NA,0,0,0,0,0,NA,NA,0,0,0,0,0,NA,NA,NA,0,0,0,0,NA,NA,0,0,NA,0,0,0,NA,0,NA,NA,0,0,0,0,NA,NA,NA,0,0,0,0,NA,NA,0,NA,0,0,NA,0,NA,NA,NA,NA,NA,NA,NA,NA,NA,NA,NA,NA,NA,NA,NA,NA,NA,NA,NA
"80",NA,0,1,NA,NA,NA,0,0,0,0,0,NA,0,0,NA,0,0,NA,0,0,0,0,0,NA,NA,0,0,0,0,0,NA,NA,NA,0,0,0,0,NA,NA,0,0,NA,0,0,0,NA,0,NA,NA,0,0,0,0,NA,NA,NA,0,0,0,0,NA,NA,0,NA,0,0,NA,0,NA,NA,NA,NA,NA,NA,NA,NA,NA,NA,NA,NA,NA,NA,NA,NA,NA,NA,NA
"81",NA,NA,0,1,0,NA,1,1,1,0,0,NA,0,0,0,0,0,NA,0,0,0,0,0,NA,NA,0,0,0,NA,0,NA,NA,NA,0,0,0,0,NA,0,0,0,NA,0,0,0,NA,0,NA,0,0,0,0,0,NA,NA,NA,NA,0,0,0,NA,NA,0,NA,0,0,NA,0,NA,NA,NA,NA,NA,NA,NA,NA,NA,NA,NA,NA,NA,NA,NA,NA,NA,NA,NA
"82",NA,NA,0,1,0,NA,1,1,1,0,0,NA,0,0,0,0,0,NA,0,0,0,0,0,NA,NA,0,0,0,NA,0,NA,NA,NA,0,0,0,0,NA,0,0,0,NA,0,0,0,NA,0,NA,0,0,0,0,0,NA,NA,NA,0,0,0,0,NA,NA,0,NA,0,0,NA,0,NA,NA,NA,NA,NA,NA,NA,NA,NA,NA,NA,NA,NA,NA,NA,NA,NA,NA,NA
"83",NA,NA,0,0,0,NA,0,0,0,0,0,NA,0,0,0,0,0,NA,0,0,0,0,0,NA,NA,0,0,0,0,0,NA,NA,NA,0,0,0,0,NA,0,0,0,NA,0,0,0,NA,0,NA,0,0,0,0,0,NA,NA,NA,NA,0,0,0,NA,NA,0,NA,0,0,NA,0,NA,NA,NA,NA,NA,NA,NA,NA,NA,NA,NA,NA,NA,NA,NA,NA,NA,NA,NA
"84",NA,NA,NA,1,1,NA,1,1,1,0,0,NA,0,0,0,0,0,NA,0,0,0,0,0,NA,NA,0,0,0,NA,0,NA,NA,NA,0,0,0,0,NA,0,0,0,NA,0,0,0,NA,0,NA,0,0,0,0,0,NA,NA,NA,NA,0,0,0,NA,NA,0,NA,0,0,NA,0,NA,NA,NA,NA,NA,NA,NA,NA,NA,NA,NA,NA,NA,NA,NA,NA,NA,NA,NA
"85",NA,NA,0,0,0,NA,0,0,0,0,0,NA,0,0,0,0,0,NA,0,0,0,0,0,NA,NA,0,0,0,0,0,NA,NA,NA,0,0,0,0,NA,0,0,0,NA,0,0,0,NA,0,NA,0,0,0,0,0,NA,NA,NA,0,0,0,0,NA,NA,0,NA,0,0,NA,0,NA,NA,NA,NA,NA,NA,NA,NA,NA,NA,NA,NA,NA,NA,NA,NA,NA,NA,NA
"86",NA,NA,NA,1,1,NA,1,1,1,0,0,NA,0,0,0,0,0,NA,0,0,0,0,0,NA,NA,0,0,0,NA,0,NA,NA,NA,0,0,0,0,NA,0,0,0,NA,0,0,0,NA,0,NA,0,0,0,0,0,NA,NA,NA,0,0,0,0,NA,NA,0,NA,0,0,NA,0,NA,NA,NA,NA,NA,NA,NA,NA,NA,NA,NA,NA,NA,NA,NA,NA,NA,NA,NA
"87",NA,NA,1,1,NA,NA,1,1,1,0,0,NA,0,0,0,0,0,NA,0,0,0,0,0,NA,NA,0,0,0,NA,0,NA,NA,NA,0,0,0,0,NA,0,0,0,NA,0,0,0,NA,0,NA,0,0,0,0,0,NA,NA,NA,NA,0,0,0,NA,NA,0,NA,0,0,NA,0,NA,NA,NA,NA,NA,NA,NA,NA,NA,NA,NA,NA,NA,NA,NA,NA,NA,NA,NA
"88",NA,NA,1,1,NA,NA,1,1,1,0,0,NA,0,0,0,0,0,NA,0,0,0,0,0,NA,NA,0,0,0,NA,0,NA,NA,NA,0,0,0,0,NA,0,0,0,NA,0,0,0,NA,0,NA,0,0,0,0,0,NA,NA,NA,0,0,0,0,NA,NA,0,NA,0,0,NA,0,NA,NA,NA,NA,NA,NA,NA,NA,NA,NA,NA,NA,NA,NA,NA,NA,NA,NA,NA
"89",NA,NA,1,0,NA,NA,0,0,0,0,0,NA,0,0,0,0,0,NA,0,0,0,0,0,NA,NA,0,0,0,0,0,NA,NA,NA,0,0,0,0,NA,0,0,0,NA,0,0,0,NA,0,NA,0,0,0,0,0,NA,NA,NA,NA,0,0,0,NA,NA,0,NA,0,0,NA,0,NA,NA,NA,NA,NA,NA,NA,NA,NA,NA,NA,NA,NA,NA,NA,NA,NA,NA,NA
"90",NA,NA,1,0,NA,NA,0,0,0,0,0,NA,0,0,0,0,0,NA,0,0,0,0,0,NA,NA,0,0,0,0,0,NA,NA,NA,0,0,0,0,NA,0,0,0,NA,0,0,0,NA,0,NA,0,0,0,0,0,NA,NA,NA,0,0,0,0,NA,NA,0,NA,0,0,NA,0,NA,NA,NA,NA,NA,NA,NA,NA,NA,NA,NA,NA,NA,NA,NA,NA,NA,NA,NA
"91",NA,NA,NA,0,1,NA,0,0,0,0,0,NA,0,0,0,0,0,NA,0,0,0,0,0,NA,NA,0,0,0,0,0,NA,NA,NA,0,0,0,0,NA,0,0,0,NA,0,0,0,NA,0,NA,0,0,0,0,0,NA,NA,NA,NA,0,0,0,NA,NA,0,NA,0,0,NA,0,NA,NA,NA,NA,NA,NA,NA,NA,NA,NA,NA,NA,NA,NA,NA,NA,NA,NA,NA
"92",NA,NA,NA,0,1,NA,0,0,0,0,0,NA,0,0,0,0,0,NA,0,0,0,0,0,NA,NA,0,0,0,0,0,NA,NA,NA,0,0,0,0,NA,0,0,0,NA,0,0,0,NA,0,NA,0,0,0,0,0,NA,NA,NA,0,0,0,0,NA,NA,0,NA,0,0,NA,0,NA,NA,NA,NA,NA,NA,NA,NA,NA,NA,NA,NA,NA,NA,NA,NA,NA,NA,NA
"93",NA,0,0,NA,0,0,0,0,0,0,0,NA,0,0,NA,0,0,NA,0,0,0,0,0,NA,NA,0,0,0,0,0,NA,NA,NA,NA,0,0,NA,NA,NA,0,0,NA,0,0,0,NA,0,NA,NA,0,0,0,0,NA,NA,NA,0,0,0,0,NA,NA,0,NA,0,0,NA,0,NA,NA,NA,NA,NA,NA,NA,NA,NA,NA,NA,NA,NA,NA,NA,NA,NA,NA,NA
"94",NA,0,1,NA,NA,0,0,0,0,0,0,NA,0,0,NA,0,0,NA,0,0,0,0,0,NA,NA,0,0,0,0,0,NA,NA,NA,NA,0,0,NA,NA,NA,0,0,NA,0,0,0,NA,0,NA,NA,NA,0,0,0,NA,NA,NA,NA,0,0,0,NA,NA,0,NA,0,0,NA,0,NA,NA,NA,NA,NA,NA,NA,NA,NA,NA,NA,NA,NA,NA,NA,NA,NA,NA,NA
"95",NA,0,NA,NA,1,0,0,0,0,0,0,NA,0,0,NA,0,0,NA,0,0,0,0,0,NA,NA,0,0,0,0,0,NA,NA,NA,NA,0,0,NA,NA,NA,0,0,NA,0,0,0,NA,0,NA,NA,0,0,0,0,NA,NA,NA,NA,0,0,0,NA,NA,0,NA,0,0,NA,0,NA,NA,NA,NA,NA,NA,NA,NA,NA,NA,NA,NA,NA,NA,NA,NA,NA,NA,NA
"96",NA,0,1,NA,NA,0,0,0,0,0,0,NA,0,0,NA,0,0,NA,0,0,0,0,0,NA,NA,0,0,0,0,0,NA,NA,NA,NA,0,0,NA,NA,NA,0,0,NA,0,0,0,NA,0,NA,NA,NA,0,0,0,NA,NA,NA,0,0,0,0,NA,NA,0,NA,0,0,NA,0,NA,NA,NA,NA,NA,NA,NA,NA,NA,NA,NA,NA,NA,NA,NA,NA,NA,NA,NA
"97",NA,0,NA,NA,1,0,0,0,0,0,0,NA,0,0,NA,0,0,NA,0,0,0,0,0,NA,NA,0,0,0,0,0,NA,NA,NA,NA,0,0,NA,NA,NA,0,0,NA,0,0,0,NA,0,NA,NA,NA,0,0,0,NA,NA,NA,0,0,0,0,NA,NA,0,NA,0,0,NA,0,NA,NA,NA,NA,NA,NA,NA,NA,NA,NA,NA,NA,NA,NA,NA,NA,NA,NA,NA
"98",NA,0,1,NA,NA,0,0,0,0,0,0,NA,0,0,NA,0,0,NA,0,0,0,0,0,NA,NA,0,0,0,0,0,NA,NA,NA,NA,0,0,NA,NA,NA,0,0,NA,0,0,0,NA,0,NA,NA,0,0,0,0,NA,NA,NA,NA,0,0,0,NA,NA,0,NA,0,0,NA,0,NA,NA,NA,NA,NA,NA,NA,NA,NA,NA,NA,NA,NA,NA,NA,NA,NA,NA,NA
"99",NA,0,NA,NA,1,0,0,0,0,0,0,NA,0,0,NA,0,0,NA,0,0,0,0,0,NA,NA,0,0,0,0,0,NA,NA,NA,NA,0,0,NA,NA,NA,0,0,NA,0,0,0,NA,0,NA,NA,0,0,0,0,NA,NA,NA,0,0,0,0,NA,NA,0,NA,0,0,NA,0,NA,NA,NA,NA,NA,NA,NA,NA,NA,NA,NA,NA,NA,NA,NA,NA,NA,NA,NA
"100",NA,0,1,NA,NA,0,0,0,0,0,0,NA,0,0,NA,0,0,NA,0,0,0,0,0,NA,NA,0,0,0,0,0,NA,NA,NA,NA,0,0,NA,NA,NA,0,0,NA,0,0,0,NA,0,NA,NA,0,0,0,0,NA,NA,NA,0,0,0,0,NA,NA,0,NA,0,0,NA,0,NA,NA,NA,NA,NA,NA,NA,NA,NA,NA,NA,NA,NA,NA,NA,NA,NA,NA,NA
"101",NA,NA,0,1,0,0,1,1,1,0,0,NA,0,0,0,0,0,NA,0,0,0,0,0,NA,NA,0,0,0,NA,0,NA,NA,NA,NA,0,0,NA,NA,0,0,0,NA,0,0,0,NA,0,NA,0,0,0,0,0,NA,NA,NA,0,0,0,0,NA,NA,0,NA,0,0,NA,0,NA,NA,NA,NA,NA,NA,NA,NA,NA,NA,NA,NA,NA,NA,NA,NA,NA,NA,NA
"102",NA,NA,NA,1,1,0,1,1,1,0,0,NA,0,0,0,0,0,NA,0,0,0,0,0,NA,NA,0,0,0,NA,0,NA,NA,NA,NA,0,0,NA,NA,0,0,0,NA,0,0,0,NA,0,NA,0,0,0,0,0,NA,NA,NA,NA,0,0,0,NA,NA,0,NA,0,0,NA,0,NA,NA,NA,NA,NA,NA,NA,NA,NA,NA,NA,NA,NA,NA,NA,NA,NA,NA,NA
"103",NA,NA,0,0,0,0,0,0,0,0,0,NA,0,0,0,0,0,NA,0,0,0,0,0,NA,NA,0,0,0,0,0,NA,NA,NA,NA,0,0,NA,NA,0,0,0,NA,0,0,0,NA,0,NA,0,0,0,0,0,NA,NA,NA,NA,0,0,0,NA,NA,0,NA,0,0,NA,0,NA,NA,NA,NA,NA,NA,NA,NA,NA,NA,NA,NA,NA,NA,NA,NA,NA,NA,NA
"104",NA,NA,NA,1,1,0,1,1,1,0,0,NA,0,0,0,0,0,NA,0,0,0,0,0,NA,NA,0,0,0,NA,0,NA,NA,NA,NA,0,0,NA,NA,0,0,0,NA,0,0,0,NA,0,NA,0,0,0,0,0,NA,NA,NA,0,0,0,0,NA,NA,0,NA,0,0,NA,0,NA,NA,NA,NA,NA,NA,NA,NA,NA,NA,NA,NA,NA,NA,NA,NA,NA,NA,NA
"105",NA,NA,0,0,0,0,0,0,0,0,0,NA,0,0,0,0,0,NA,0,0,0,0,0,NA,NA,0,0,0,0,0,NA,NA,NA,NA,0,0,NA,NA,0,0,0,NA,0,0,0,NA,0,NA,0,0,0,0,0,NA,NA,NA,0,0,0,0,NA,NA,0,NA,0,0,NA,0,NA,NA,NA,NA,NA,NA,NA,NA,NA,NA,NA,NA,NA,NA,NA,NA,NA,NA,NA
"106",NA,NA,1,1,NA,0,1,1,1,0,0,NA,0,0,0,0,0,NA,0,0,0,0,0,NA,NA,0,0,0,NA,0,NA,NA,NA,NA,0,0,NA,NA,0,0,0,NA,0,0,0,NA,0,NA,0,0,0,0,0,NA,NA,NA,NA,0,0,0,NA,NA,0,NA,0,0,NA,0,NA,NA,NA,NA,NA,NA,NA,NA,NA,NA,NA,NA,NA,NA,NA,NA,NA,NA,NA
"107",NA,NA,1,1,NA,0,1,1,1,0,0,NA,0,0,0,0,0,NA,0,0,0,0,0,NA,NA,0,0,0,NA,0,NA,NA,NA,NA,0,0,NA,NA,0,0,0,NA,0,0,0,NA,0,NA,0,0,0,0,0,NA,NA,NA,0,0,0,0,NA,NA,0,NA,0,0,NA,0,NA,NA,NA,NA,NA,NA,NA,NA,NA,NA,NA,NA,NA,NA,NA,NA,NA,NA,NA
"108",NA,NA,1,0,NA,0,0,0,0,0,0,NA,0,0,0,0,0,NA,0,0,0,0,0,NA,NA,0,0,0,0,0,NA,NA,NA,NA,0,0,NA,NA,0,0,0,NA,0,0,0,NA,0,NA,0,0,0,0,0,NA,NA,NA,NA,0,0,0,NA,NA,0,NA,0,0,NA,0,NA,NA,NA,NA,NA,NA,NA,NA,NA,NA,NA,NA,NA,NA,NA,NA,NA,NA,NA
"109",NA,NA,NA,0,1,0,0,0,0,0,0,NA,0,0,0,0,0,NA,0,0,0,0,0,NA,NA,0,0,0,0,0,NA,NA,NA,NA,0,0,NA,NA,0,0,0,NA,0,0,0,NA,0,NA,0,0,0,0,0,NA,NA,NA,NA,0,0,0,NA,NA,0,NA,0,0,NA,0,NA,NA,NA,NA,NA,NA,NA,NA,NA,NA,NA,NA,NA,NA,NA,NA,NA,NA,NA
"110",NA,NA,1,0,NA,0,0,0,0,0,0,NA,0,0,0,0,0,NA,0,0,0,0,0,NA,NA,0,0,0,0,0,NA,NA,NA,NA,0,0,NA,NA,0,0,0,NA,0,0,0,NA,0,NA,0,0,0,0,0,NA,NA,NA,0,0,0,0,NA,NA,0,NA,0,0,NA,0,NA,NA,NA,NA,NA,NA,NA,NA,NA,NA,NA,NA,NA,NA,NA,NA,NA,NA,NA
"111",NA,NA,NA,0,1,0,0,0,0,0,0,NA,0,0,0,0,0,NA,0,0,0,0,0,NA,NA,0,0,0,0,0,NA,NA,NA,NA,0,0,NA,NA,0,0,0,NA,0,0,0,NA,0,NA,0,0,0,0,0,NA,NA,NA,0,0,0,0,NA,NA,0,NA,0,0,NA,0,NA,NA,NA,NA,NA,NA,NA,NA,NA,NA,NA,NA,NA,NA,NA,NA,NA,NA,NA
"112",1,1,NA,NA,0,0,0,0,0,NA,NA,0,0,0,NA,0,0,0,0,0,0,0,0,0,0,0,0,0,0,0,NA,0,0,0,0,NA,0,0,NA,0,0,0,0,0,0,NA,NA,NA,NA,0,NA,NA,0,NA,0,0,0,NA,NA,NA,0,NA,0,0,0,0,0,NA,0,NA,NA,NA,NA,NA,NA,NA,NA,NA,NA,NA,NA,NA,NA,NA,NA,NA,NA
"113",1,1,NA,NA,0,1,0,0,0,NA,NA,0,0,0,NA,0,0,0,0,0,0,0,0,0,0,0,0,0,0,0,NA,0,0,0,0,NA,0,0,NA,0,0,0,0,0,0,NA,NA,NA,NA,NA,NA,NA,0,0,NA,0,0,NA,NA,NA,0,NA,0,0,0,0,0,NA,0,NA,NA,NA,NA,NA,NA,NA,NA,NA,NA,NA,NA,NA,NA,NA,NA,NA,NA
"114",NA,1,0,NA,0,0,0,0,0,0,0,NA,0,0,NA,0,0,NA,0,0,0,0,0,NA,NA,0,0,0,0,0,NA,NA,NA,0,0,0,0,NA,NA,0,0,NA,0,0,0,NA,0,NA,NA,NA,0,0,0,NA,NA,NA,NA,0,NA,0,NA,NA,0,NA,0,0,NA,0,NA,NA,NA,NA,NA,NA,NA,NA,NA,NA,NA,NA,NA,NA,NA,NA,NA,NA,NA
"115",1,1,NA,NA,0,1,0,0,0,NA,NA,0,0,0,NA,0,0,0,0,0,0,0,0,0,0,0,0,0,0,0,NA,0,0,0,0,NA,0,0,NA,0,0,0,0,0,0,NA,NA,NA,NA,0,NA,NA,0,0,NA,0,0,NA,NA,NA,0,NA,0,0,0,0,0,NA,0,NA,NA,NA,NA,NA,NA,NA,NA,NA,NA,NA,NA,NA,NA,NA,NA,NA,NA
"116",1,1,NA,NA,0,1,0,0,0,NA,NA,0,0,0,NA,0,0,0,0,0,0,0,0,0,0,0,0,0,0,0,NA,0,0,0,0,NA,0,0,NA,0,0,0,0,0,0,NA,NA,0,NA,NA,NA,NA,0,NA,NA,0,0,NA,NA,NA,0,NA,0,0,0,0,0,NA,0,NA,NA,NA,NA,NA,NA,NA,NA,NA,NA,NA,NA,NA,NA,NA,NA,NA,NA
"117",NA,1,0,NA,0,0,0,0,0,0,0,NA,0,0,NA,0,0,NA,0,0,0,0,0,NA,NA,0,0,0,0,0,NA,NA,NA,0,0,0,0,NA,NA,0,0,NA,0,0,0,NA,0,NA,NA,NA,0,0,0,NA,NA,NA,0,0,NA,0,NA,NA,0,NA,0,0,NA,0,NA,NA,NA,NA,NA,NA,NA,NA,NA,NA,NA,NA,NA,NA,NA,NA,NA,NA,NA
"118",1,1,NA,NA,0,1,0,0,0,NA,NA,0,0,0,NA,0,0,0,0,0,0,0,0,0,0,0,0,0,0,0,NA,0,0,0,0,NA,0,0,NA,0,0,0,0,0,0,NA,NA,0,NA,0,NA,NA,0,NA,NA,0,0,NA,NA,NA,0,NA,0,0,0,0,0,NA,0,NA,NA,NA,NA,NA,NA,NA,NA,NA,NA,NA,NA,NA,NA,NA,NA,NA,NA
"119",NA,1,0,NA,0,0,0,0,0,0,0,NA,0,0,NA,0,0,NA,0,0,0,0,0,NA,NA,0,0,0,0,0,NA,NA,NA,0,0,0,0,NA,NA,0,0,NA,0,0,0,NA,0,NA,NA,0,0,0,0,NA,NA,NA,NA,0,NA,0,NA,NA,0,NA,0,0,NA,0,NA,NA,NA,NA,NA,NA,NA,NA,NA,NA,NA,NA,NA,NA,NA,NA,NA,NA,NA
"120",1,1,NA,NA,0,0,0,0,0,NA,NA,0,0,0,NA,0,0,0,0,0,0,0,0,0,0,0,0,0,0,0,NA,0,0,0,0,NA,0,0,NA,0,0,0,0,0,0,NA,NA,0,NA,NA,NA,NA,0,NA,0,0,0,NA,NA,NA,0,NA,0,0,0,0,0,NA,0,NA,NA,NA,NA,NA,NA,NA,NA,NA,NA,NA,NA,NA,NA,NA,NA,NA,NA
"121",NA,1,0,NA,0,0,0,0,0,0,0,NA,0,0,NA,0,0,NA,0,0,0,0,0,NA,NA,0,0,0,0,0,NA,NA,NA,0,0,0,0,NA,NA,0,0,NA,0,0,0,NA,0,NA,NA,0,0,0,0,NA,NA,NA,0,0,NA,0,NA,NA,0,NA,0,0,NA,0,NA,NA,NA,NA,NA,NA,NA,NA,NA,NA,NA,NA,NA,NA,NA,NA,NA,NA,NA
"122",NA,1,NA,NA,1,0,0,0,0,0,0,NA,0,0,NA,0,0,NA,0,0,0,0,0,NA,NA,0,0,0,0,0,NA,NA,NA,0,0,0,0,NA,NA,0,0,NA,0,0,0,NA,0,NA,NA,NA,0,0,0,NA,NA,NA,NA,0,NA,0,NA,NA,0,NA,0,0,NA,0,NA,NA,NA,NA,NA,NA,NA,NA,NA,NA,NA,NA,NA,NA,NA,NA,NA,NA,NA
"123",NA,1,1,NA,NA,0,0,0,0,0,0,NA,0,0,NA,0,0,NA,0,0,0,0,0,NA,NA,0,0,0,0,0,NA,NA,NA,0,0,0,0,NA,NA,0,0,NA,0,0,0,NA,0,NA,NA,NA,0,0,0,NA,NA,NA,NA,0,NA,0,NA,NA,0,NA,0,0,NA,0,NA,NA,NA,NA,NA,NA,NA,NA,NA,NA,NA,NA,NA,NA,NA,NA,NA,NA,NA
"124",1,1,NA,NA,0,1,0,0,0,NA,NA,0,0,0,NA,0,0,0,0,0,0,0,0,0,0,0,0,0,0,0,NA,0,0,0,0,NA,0,0,NA,0,0,0,0,0,0,NA,NA,NA,NA,NA,NA,NA,0,NA,NA,0,0,NA,NA,NA,0,0,0,0,0,0,0,NA,0,NA,NA,NA,NA,NA,NA,NA,NA,NA,NA,NA,NA,NA,NA,NA,NA,NA,NA
"125",NA,1,1,NA,NA,0,0,0,0,0,0,NA,0,0,NA,0,0,NA,0,0,0,0,0,NA,NA,0,0,0,0,0,NA,NA,NA,0,0,0,0,NA,NA,0,0,NA,0,0,0,NA,0,NA,NA,0,0,0,0,NA,NA,NA,NA,0,NA,0,NA,NA,0,NA,0,0,NA,0,NA,NA,NA,NA,NA,NA,NA,NA,NA,NA,NA,NA,NA,NA,NA,NA,NA,NA,NA
"126",1,1,NA,NA,0,1,0,0,0,NA,NA,0,0,0,NA,0,0,0,0,0,0,0,0,0,0,0,0,0,0,0,NA,0,0,0,0,NA,0,0,NA,0,0,0,0,0,0,NA,NA,NA,NA,0,NA,NA,0,NA,NA,0,0,NA,NA,NA,0,0,0,0,0,0,0,NA,0,NA,NA,NA,NA,NA,NA,NA,NA,NA,NA,NA,NA,NA,NA,NA,NA,NA,NA
"127",NA,1,1,NA,NA,0,0,0,0,0,0,NA,0,0,NA,0,0,NA,0,0,0,0,0,NA,NA,0,0,0,0,0,NA,NA,NA,0,0,0,0,NA,NA,0,0,NA,0,0,0,NA,0,NA,NA,NA,0,0,0,NA,NA,NA,0,0,NA,0,NA,NA,0,NA,0,0,NA,0,NA,NA,NA,NA,NA,NA,NA,NA,NA,NA,NA,NA,NA,NA,NA,NA,NA,NA,NA
"128",1,1,NA,NA,0,0,0,0,0,NA,NA,0,0,0,NA,0,0,0,0,0,0,0,0,0,0,0,0,0,0,0,NA,0,0,0,0,NA,0,0,NA,0,0,0,0,0,0,NA,NA,NA,NA,NA,NA,NA,0,NA,0,0,0,NA,NA,NA,0,0,0,0,0,0,0,NA,0,NA,NA,NA,NA,NA,NA,NA,NA,NA,NA,NA,NA,NA,NA,NA,NA,NA,NA
"129",NA,1,1,NA,NA,0,0,0,0,0,0,NA,0,0,NA,0,0,NA,0,0,0,0,0,NA,NA,0,0,0,0,0,NA,NA,NA,0,0,0,0,NA,NA,0,0,NA,0,0,0,NA,0,NA,NA,0,0,0,0,NA,NA,NA,0,0,NA,0,NA,NA,0,NA,0,0,NA,0,NA,NA,NA,NA,NA,NA,NA,NA,NA,NA,NA,NA,NA,NA,NA,NA,NA,NA,NA
"130",1,1,NA,NA,0,0,0,0,0,NA,NA,0,0,0,NA,0,0,0,0,0,0,0,0,0,0,0,0,0,0,0,NA,0,0,0,0,NA,0,0,NA,0,0,0,0,0,0,NA,NA,NA,NA,0,NA,NA,0,NA,0,0,0,NA,NA,NA,0,0,0,0,0,0,0,NA,0,NA,NA,NA,NA,NA,NA,NA,NA,NA,NA,NA,NA,NA,NA,NA,NA,NA,NA
"131",NA,1,NA,NA,1,0,0,0,0,0,0,NA,0,0,NA,0,0,NA,0,0,0,0,0,NA,NA,0,0,0,0,0,NA,NA,NA,0,0,0,0,NA,NA,0,0,NA,0,0,0,NA,0,NA,NA,0,0,0,0,NA,NA,NA,NA,0,NA,0,NA,NA,0,NA,0,0,NA,0,NA,NA,NA,NA,NA,NA,NA,NA,NA,NA,NA,NA,NA,NA,NA,NA,NA,NA,NA
"132",1,1,NA,NA,0,1,0,0,0,NA,NA,0,0,0,NA,0,0,0,0,0,0,0,0,0,0,0,0,0,0,0,NA,0,0,0,0,NA,0,0,NA,0,0,0,0,0,0,NA,NA,0,NA,NA,NA,NA,0,NA,NA,0,0,NA,NA,NA,0,0,0,0,0,0,0,NA,0,NA,NA,NA,NA,NA,NA,NA,NA,NA,NA,NA,NA,NA,NA,NA,NA,NA,NA
"133",NA,1,NA,NA,1,0,0,0,0,0,0,NA,0,0,NA,0,0,NA,0,0,0,0,0,NA,NA,0,0,0,0,0,NA,NA,NA,0,0,0,0,NA,NA,0,0,NA,0,0,0,NA,0,NA,NA,NA,0,0,0,NA,NA,NA,0,0,NA,0,NA,NA,0,NA,0,0,NA,0,NA,NA,NA,NA,NA,NA,NA,NA,NA,NA,NA,NA,NA,NA,NA,NA,NA,NA,NA
"134",1,1,NA,NA,0,1,0,0,0,NA,NA,0,0,0,NA,0,0,0,0,0,0,0,0,0,0,0,0,0,0,0,NA,0,0,0,0,NA,0,0,NA,0,0,0,0,0,0,NA,NA,NA,NA,NA,NA,NA,0,0,NA,0,0,NA,NA,NA,0,0,0,0,0,0,0,NA,0,NA,NA,NA,NA,NA,NA,NA,NA,NA,NA,NA,NA,NA,NA,NA,NA,NA,NA
"135",NA,1,NA,NA,1,0,0,0,0,0,0,NA,0,0,NA,0,0,NA,0,0,0,0,0,NA,NA,0,0,0,0,0,NA,NA,NA,0,0,0,0,NA,NA,0,0,NA,0,0,0,NA,0,NA,NA,0,0,0,0,NA,NA,NA,0,0,NA,0,NA,NA,0,NA,0,0,NA,0,NA,NA,NA,NA,NA,NA,NA,NA,NA,NA,NA,NA,NA,NA,NA,NA,NA,NA,NA
"136",1,1,NA,NA,0,1,0,0,0,NA,NA,0,0,0,NA,0,0,0,0,0,0,0,0,0,0,0,0,0,0,0,NA,0,0,0,0,NA,0,0,NA,0,0,0,0,0,0,NA,NA,0,NA,0,NA,NA,0,NA,NA,0,0,NA,NA,NA,0,0,0,0,0,0,0,NA,0,NA,NA,NA,NA,NA,NA,NA,NA,NA,NA,NA,NA,NA,NA,NA,NA,NA,NA
"137",1,1,NA,NA,0,1,0,0,0,0,NA,0,0,0,NA,0,0,0,0,0,0,0,0,0,0,0,0,0,0,0,NA,0,0,0,0,NA,0,0,NA,0,0,0,0,0,0,NA,NA,0,NA,NA,NA,NA,0,0,NA,0,0,NA,NA,NA,0,NA,0,0,0,0,0,NA,0,0,NA,NA,NA,NA,NA,NA,NA,NA,NA,NA,NA,NA,NA,NA,NA,NA,NA
"138",1,1,NA,NA,0,0,0,0,0,NA,NA,0,0,0,NA,0,0,0,0,0,0,0,0,0,0,0,0,0,0,0,NA,0,0,0,0,NA,0,0,NA,0,0,0,0,0,0,NA,NA,0,NA,0,NA,NA,0,NA,0,0,0,NA,NA,NA,0,NA,0,0,0,0,0,NA,0,NA,NA,NA,NA,NA,NA,NA,NA,NA,NA,NA,NA,NA,NA,NA,NA,NA,NA
"139",NA,0,0,NA,0,0,0,0,0,0,0,NA,0,0,NA,0,0,NA,0,0,0,0,0,NA,NA,0,0,0,0,0,NA,NA,NA,0,0,0,0,NA,NA,0,0,NA,0,0,0,NA,0,NA,NA,NA,0,0,0,NA,NA,NA,NA,0,0,0,NA,NA,0,NA,0,0,NA,0,NA,NA,NA,NA,NA,NA,NA,NA,NA,NA,NA,NA,NA,NA,NA,NA,NA,NA,NA
"140",NA,0,0,NA,0,0,0,0,0,0,0,NA,0,0,NA,0,0,NA,0,0,0,0,0,NA,NA,0,0,0,0,0,NA,NA,NA,0,0,0,0,NA,NA,0,0,NA,0,0,0,NA,0,NA,NA,NA,0,0,0,NA,NA,NA,0,0,0,0,NA,NA,0,NA,0,0,NA,0,NA,NA,NA,NA,NA,NA,NA,NA,NA,NA,NA,NA,NA,NA,NA,NA,NA,NA,NA
"141",NA,0,0,NA,0,0,0,0,0,0,0,NA,0,0,NA,0,0,NA,0,0,0,0,0,NA,NA,0,0,0,0,0,NA,NA,NA,0,0,0,0,NA,NA,0,0,NA,0,0,0,NA,0,NA,NA,0,0,0,0,NA,NA,NA,NA,0,0,0,NA,NA,0,NA,0,0,NA,0,NA,NA,NA,NA,NA,NA,NA,NA,NA,NA,NA,NA,NA,NA,NA,NA,NA,NA,NA
"142",NA,0,0,NA,0,0,0,0,0,0,0,NA,0,0,NA,0,0,NA,0,0,0,0,0,NA,NA,0,0,0,0,0,NA,NA,NA,0,0,0,0,NA,NA,0,0,NA,0,0,0,NA,0,NA,NA,0,0,0,0,NA,NA,NA,0,0,0,0,NA,NA,0,NA,0,0,NA,0,NA,NA,NA,NA,NA,NA,NA,NA,NA,NA,NA,NA,NA,NA,NA,NA,NA,NA,NA
"143",NA,0,1,NA,NA,0,0,0,0,0,0,NA,0,0,NA,0,0,NA,0,0,0,0,0,NA,NA,0,0,0,0,0,NA,NA,NA,0,0,0,0,NA,NA,0,0,NA,0,0,0,NA,0,NA,NA,NA,0,0,0,NA,NA,NA,NA,0,0,0,NA,NA,0,NA,0,0,NA,0,NA,NA,NA,NA,NA,NA,NA,NA,NA,NA,NA,NA,NA,NA,NA,NA,NA,NA,NA
"144",NA,0,NA,NA,1,0,0,0,0,0,0,NA,0,0,NA,0,0,NA,0,0,0,0,0,NA,NA,0,0,0,0,0,NA,NA,NA,0,0,0,0,NA,NA,0,0,NA,0,0,0,NA,0,NA,NA,NA,0,0,0,NA,NA,NA,NA,0,0,0,NA,NA,0,NA,0,0,NA,0,NA,NA,NA,NA,NA,NA,NA,NA,NA,NA,NA,NA,NA,NA,NA,NA,NA,NA,NA
"145",NA,0,1,NA,NA,0,0,0,0,0,0,NA,0,0,NA,0,0,NA,0,0,0,0,0,NA,NA,0,0,0,0,0,NA,NA,NA,0,0,0,0,NA,NA,0,0,NA,0,0,0,NA,0,NA,NA,0,0,0,0,NA,NA,NA,NA,0,0,0,NA,NA,0,NA,0,0,NA,0,NA,NA,NA,NA,NA,NA,NA,NA,NA,NA,NA,NA,NA,NA,NA,NA,NA,NA,NA
"146",NA,0,NA,NA,1,0,0,0,0,0,0,NA,0,0,NA,0,0,NA,0,0,0,0,0,NA,NA,0,0,0,0,0,NA,NA,NA,0,0,0,0,NA,NA,0,0,NA,0,0,0,NA,0,NA,NA,NA,0,0,0,NA,NA,NA,0,0,0,0,NA,NA,0,NA,0,0,NA,0,NA,NA,NA,NA,NA,NA,NA,NA,NA,NA,NA,NA,NA,NA,NA,NA,NA,NA,NA
"147",NA,0,1,NA,NA,0,0,0,0,0,0,NA,0,0,NA,0,0,NA,0,0,0,0,0,NA,NA,0,0,0,0,0,NA,NA,NA,0,0,0,0,NA,NA,0,0,NA,0,0,0,NA,0,NA,NA,NA,0,0,0,NA,NA,NA,0,0,0,0,NA,NA,0,NA,0,0,NA,0,NA,NA,NA,NA,NA,NA,NA,NA,NA,NA,NA,NA,NA,NA,NA,NA,NA,NA,NA
"148",NA,0,NA,NA,1,0,0,0,0,0,0,NA,0,0,NA,0,0,NA,0,0,0,0,0,NA,NA,0,0,0,0,0,NA,NA,NA,0,0,0,0,NA,NA,0,0,NA,0,0,0,NA,0,NA,NA,0,0,0,0,NA,NA,NA,NA,0,0,0,NA,NA,0,NA,0,0,NA,0,NA,NA,NA,NA,NA,NA,NA,NA,NA,NA,NA,NA,NA,NA,NA,NA,NA,NA,NA
"149",NA,0,1,NA,NA,0,0,0,0,0,0,NA,0,0,NA,0,0,NA,0,0,0,0,0,NA,NA,0,0,0,0,0,NA,NA,NA,0,0,0,0,NA,NA,0,0,NA,0,0,0,NA,0,NA,NA,0,0,0,0,NA,NA,NA,0,0,0,0,NA,NA,0,NA,0,0,NA,0,NA,NA,NA,NA,NA,NA,NA,NA,NA,NA,NA,NA,NA,NA,NA,NA,NA,NA,NA
"150",NA,0,NA,NA,1,0,0,0,0,0,0,NA,0,0,NA,0,0,NA,0,0,0,0,0,NA,NA,0,0,0,0,0,NA,NA,NA,0,0,0,0,NA,NA,0,0,NA,0,0,0,NA,0,NA,NA,0,0,0,0,NA,NA,NA,0,0,0,0,NA,NA,0,NA,0,0,NA,0,NA,NA,NA,NA,NA,NA,NA,NA,NA,NA,NA,NA,NA,NA,NA,NA,NA,NA,NA
"151",NA,NA,0,1,0,0,1,1,1,0,0,NA,0,0,0,0,0,NA,0,0,0,0,0,NA,NA,0,0,0,NA,0,NA,NA,NA,0,0,0,0,NA,0,0,0,NA,0,0,0,NA,0,NA,0,0,0,0,0,NA,NA,NA,NA,0,0,0,NA,NA,0,NA,0,0,NA,0,NA,NA,NA,NA,NA,NA,NA,NA,NA,NA,NA,NA,NA,NA,NA,NA,NA,NA,NA
"152",NA,NA,0,1,0,0,1,1,1,0,0,NA,0,0,0,0,0,NA,0,0,0,0,0,NA,NA,0,0,0,NA,0,NA,NA,NA,0,0,0,0,NA,0,0,0,NA,0,0,0,NA,0,NA,0,0,0,0,0,NA,NA,NA,0,0,0,0,NA,NA,0,NA,0,0,NA,0,NA,NA,NA,NA,NA,NA,NA,NA,NA,NA,NA,NA,NA,NA,NA,NA,NA,NA,NA
"153",NA,NA,0,0,0,0,0,0,0,0,0,NA,0,0,0,0,0,NA,0,0,0,0,0,NA,NA,0,0,0,0,0,NA,NA,NA,0,0,0,0,NA,0,0,0,NA,0,0,0,NA,0,NA,0,0,0,0,0,NA,NA,NA,NA,0,0,0,NA,NA,0,NA,0,0,NA,0,NA,NA,NA,NA,NA,NA,NA,NA,NA,NA,NA,NA,NA,NA,NA,NA,NA,NA,NA
"154",NA,NA,1,1,NA,0,1,1,1,0,0,NA,0,0,0,0,0,NA,0,0,0,0,0,NA,NA,0,0,0,NA,0,NA,NA,NA,0,0,0,0,NA,0,0,0,NA,0,0,0,NA,0,NA,0,0,0,0,0,NA,NA,NA,NA,0,0,0,NA,NA,0,NA,0,0,NA,0,NA,NA,NA,NA,NA,NA,NA,NA,NA,NA,NA,NA,NA,NA,NA,NA,NA,NA,NA
"155",NA,NA,0,0,0,0,0,0,0,0,0,NA,0,0,0,0,0,NA,0,0,0,0,0,NA,NA,0,0,0,0,0,NA,NA,NA,0,0,0,0,NA,0,0,0,NA,0,0,0,NA,0,NA,0,0,0,0,0,NA,NA,NA,0,0,0,0,NA,NA,0,NA,0,0,NA,0,NA,NA,NA,NA,NA,NA,NA,NA,NA,NA,NA,NA,NA,NA,NA,NA,NA,NA,NA
"156",NA,NA,1,1,NA,0,1,1,1,0,0,NA,0,0,0,0,0,NA,0,0,0,0,0,NA,NA,0,0,0,NA,0,NA,NA,NA,0,0,0,0,NA,0,0,0,NA,0,0,0,NA,0,NA,0,0,0,0,0,NA,NA,NA,0,0,0,0,NA,NA,0,NA,0,0,NA,0,NA,NA,NA,NA,NA,NA,NA,NA,NA,NA,NA,NA,NA,NA,NA,NA,NA,NA,NA
"157",NA,NA,NA,1,1,0,1,1,1,0,0,NA,0,0,0,0,0,NA,0,0,0,0,0,NA,NA,0,0,0,NA,0,NA,NA,NA,0,0,0,0,NA,0,0,0,NA,0,0,0,NA,0,NA,0,0,0,0,0,NA,NA,NA,NA,0,0,0,NA,NA,0,NA,0,0,NA,0,NA,NA,NA,NA,NA,NA,NA,NA,NA,NA,NA,NA,NA,NA,NA,NA,NA,NA,NA
"158",NA,NA,NA,1,1,0,1,1,1,0,0,NA,0,0,0,0,0,NA,0,0,0,0,0,NA,NA,0,0,0,NA,0,NA,NA,NA,0,0,0,0,NA,0,0,0,NA,0,0,0,NA,0,NA,0,0,0,0,0,NA,NA,NA,0,0,0,0,NA,NA,0,NA,0,0,NA,0,NA,NA,NA,NA,NA,NA,NA,NA,NA,NA,NA,NA,NA,NA,NA,NA,NA,NA,NA
"159",NA,NA,NA,0,1,0,0,0,0,0,0,NA,0,0,0,0,0,NA,0,0,0,0,0,NA,NA,0,0,0,0,0,NA,NA,NA,0,0,0,0,NA,0,0,0,NA,0,0,0,NA,0,NA,0,0,0,0,0,NA,NA,NA,NA,0,0,0,NA,NA,0,NA,0,0,NA,0,NA,NA,NA,NA,NA,NA,NA,NA,NA,NA,NA,NA,NA,NA,NA,NA,NA,NA,NA
"160",NA,NA,NA,0,1,0,0,0,0,0,0,NA,0,0,0,0,0,NA,0,0,0,0,0,NA,NA,0,0,0,0,0,NA,NA,NA,0,0,0,0,NA,0,0,0,NA,0,0,0,NA,0,NA,0,0,0,0,0,NA,NA,NA,0,0,0,0,NA,NA,0,NA,0,0,NA,0,NA,NA,NA,NA,NA,NA,NA,NA,NA,NA,NA,NA,NA,NA,NA,NA,NA,NA,NA
"161",NA,NA,1,0,NA,0,0,0,0,0,0,NA,0,0,0,0,0,NA,0,0,0,0,0,NA,NA,0,0,0,0,0,NA,NA,NA,0,0,0,0,NA,0,0,0,NA,0,0,0,NA,0,NA,0,0,0,0,0,NA,NA,NA,NA,0,0,0,NA,NA,0,NA,0,0,NA,0,NA,NA,NA,NA,NA,NA,NA,NA,NA,NA,NA,NA,NA,NA,NA,NA,NA,NA,NA
"162",NA,NA,1,0,NA,0,0,0,0,0,0,NA,0,0,0,0,0,NA,0,0,0,0,0,NA,NA,0,0,0,0,0,NA,NA,NA,0,0,0,0,NA,0,0,0,NA,0,0,0,NA,0,NA,0,0,0,0,0,NA,NA,NA,0,0,0,0,NA,NA,0,NA,0,0,NA,0,NA,NA,NA,NA,NA,NA,NA,NA,NA,NA,NA,NA,NA,NA,NA,NA,NA,NA,NA
"163",1,1,NA,NA,0,0,0,0,0,NA,NA,0,0,0,NA,0,0,0,0,0,0,0,0,0,0,0,0,0,0,0,NA,0,0,0,0,NA,0,0,NA,0,0,0,0,0,0,NA,NA,0,NA,NA,NA,NA,0,NA,0,0,0,NA,NA,NA,0,0,0,0,0,0,0,NA,0,NA,NA,NA,NA,NA,NA,NA,NA,NA,NA,NA,NA,NA,NA,NA,NA,NA,NA
"164",1,1,NA,NA,0,0,0,0,0,NA,NA,0,0,0,NA,0,0,0,0,0,0,0,0,0,0,0,0,0,0,0,NA,0,0,0,0,NA,0,0,NA,0,0,0,0,0,0,NA,NA,0,NA,0,NA,NA,0,NA,0,0,0,NA,NA,NA,0,0,0,0,0,0,0,NA,0,NA,NA,NA,NA,NA,NA,NA,NA,NA,NA,NA,NA,NA,NA,NA,NA,NA,NA
"165",1,1,NA,NA,0,1,0,0,0,0,NA,0,0,0,NA,0,0,0,0,0,0,0,0,0,0,0,0,0,0,0,NA,0,0,0,0,NA,0,0,NA,0,0,0,0,0,0,NA,NA,0,NA,0,NA,NA,0,0,NA,0,0,NA,NA,NA,0,NA,0,0,0,0,0,NA,0,0,NA,NA,NA,NA,NA,NA,NA,NA,NA,NA,NA,NA,NA,NA,NA,NA,NA
"166",1,1,NA,NA,0,0,0,0,0,0,NA,0,0,0,NA,0,0,0,0,0,0,0,0,0,0,0,0,0,0,0,NA,0,0,0,0,NA,0,0,NA,0,0,0,0,0,0,NA,NA,NA,NA,NA,NA,NA,0,0,0,0,0,NA,NA,NA,0,NA,0,0,0,0,0,NA,0,0,NA,NA,NA,NA,NA,NA,NA,NA,NA,NA,NA,NA,NA,NA,NA,NA,NA
"167",1,1,NA,NA,0,1,0,0,0,0,NA,0,0,0,NA,0,0,0,0,0,0,0,0,0,0,0,0,0,0,0,NA,0,0,0,0,NA,0,0,NA,0,0,0,0,0,0,NA,NA,NA,NA,0,NA,NA,0,0,NA,0,0,NA,NA,NA,0,0,0,0,0,0,0,NA,0,0,NA,NA,NA,NA,NA,NA,NA,NA,NA,NA,NA,NA,NA,NA,NA,NA,NA
"168",1,1,NA,NA,0,0,0,0,0,0,NA,0,0,0,NA,0,0,0,0,0,0,0,0,0,0,0,0,0,0,0,NA,0,0,0,0,NA,0,0,NA,0,0,0,0,0,0,NA,NA,NA,NA,0,NA,NA,0,0,0,0,0,NA,NA,NA,0,NA,0,0,0,0,0,NA,0,0,NA,NA,NA,NA,NA,NA,NA,NA,NA,NA,NA,NA,NA,NA,NA,NA,NA
"169",1,1,NA,NA,0,1,0,0,0,0,NA,0,0,0,NA,0,0,0,0,0,0,0,0,0,0,0,0,0,0,0,NA,0,0,0,0,NA,0,0,NA,0,0,0,0,0,0,NA,NA,0,NA,NA,NA,NA,0,0,NA,0,0,NA,NA,NA,0,0,0,0,0,0,0,NA,0,0,NA,NA,NA,NA,NA,NA,NA,NA,NA,NA,NA,NA,NA,NA,NA,NA,NA
"170",1,1,NA,NA,0,0,0,0,0,0,NA,0,0,0,NA,0,0,0,0,0,0,0,0,0,0,0,0,0,0,0,NA,0,0,0,0,NA,0,0,NA,0,0,0,0,0,0,NA,NA,0,NA,NA,NA,NA,0,0,0,0,0,NA,NA,NA,0,NA,0,0,0,0,0,NA,0,0,NA,NA,NA,NA,NA,NA,NA,NA,NA,NA,NA,NA,NA,NA,NA,NA,NA
"171",1,1,NA,NA,0,1,0,0,0,0,NA,0,0,0,NA,0,0,0,0,0,0,0,0,0,0,0,0,0,0,0,NA,0,0,0,0,NA,0,0,NA,0,0,0,0,0,0,NA,NA,0,NA,0,NA,NA,0,0,NA,0,0,NA,NA,NA,0,0,0,0,0,0,0,NA,0,0,NA,NA,NA,NA,NA,NA,NA,NA,NA,NA,NA,NA,NA,NA,NA,NA,NA
"172",1,1,NA,NA,0,0,0,0,0,0,NA,0,0,0,NA,0,0,0,0,0,0,0,0,0,0,0,0,0,0,0,NA,0,0,0,0,NA,0,0,NA,0,0,0,0,0,0,NA,NA,0,NA,0,NA,NA,0,0,0,0,0,NA,NA,NA,0,NA,0,0,0,0,0,NA,0,0,NA,NA,NA,NA,NA,NA,NA,NA,NA,NA,NA,NA,NA,NA,NA,NA,NA
"173",1,1,NA,NA,0,0,0,0,0,0,NA,0,0,0,NA,0,0,0,0,0,0,0,0,0,0,0,0,0,0,0,NA,0,0,0,0,NA,0,0,NA,0,0,0,0,0,0,NA,NA,NA,NA,NA,NA,NA,0,0,0,0,0,NA,NA,NA,0,0,0,0,0,0,0,NA,0,0,NA,NA,NA,NA,NA,NA,NA,NA,NA,NA,NA,NA,NA,NA,NA,NA,NA
"174",1,1,NA,NA,0,0,0,0,0,0,NA,0,0,0,NA,0,0,0,0,0,0,0,0,0,0,0,0,0,0,0,NA,0,0,0,0,NA,0,0,NA,0,0,0,0,0,0,NA,NA,NA,NA,0,NA,NA,0,0,0,0,0,NA,NA,NA,0,0,0,0,0,0,0,NA,0,0,NA,NA,NA,NA,NA,NA,NA,NA,NA,NA,NA,NA,NA,NA,NA,NA,NA
"175",1,1,NA,NA,0,0,0,0,0,0,NA,0,0,0,NA,0,0,0,0,0,0,0,0,0,0,0,0,0,0,0,NA,0,0,0,0,NA,0,0,NA,0,0,0,0,0,0,NA,NA,0,NA,NA,NA,NA,0,0,0,0,0,NA,NA,NA,0,0,0,0,0,0,0,NA,0,0,NA,NA,NA,NA,NA,NA,NA,NA,NA,NA,NA,NA,NA,NA,NA,NA,NA
"176",1,1,NA,NA,0,0,0,0,0,0,NA,0,0,0,NA,0,0,0,0,0,0,0,0,0,0,0,0,0,0,0,NA,0,0,0,0,NA,0,0,NA,0,0,0,0,0,0,NA,NA,0,NA,0,NA,NA,0,0,0,0,0,NA,NA,NA,0,0,0,0,0,0,0,NA,0,0,NA,NA,NA,NA,NA,NA,NA,NA,NA,NA,NA,NA,NA,NA,NA,NA,NA
"177",0,0,NA,NA,0,1,0,0,0,0,NA,0,0,0,NA,0,0,0,0,0,0,0,0,0,0,0,0,0,0,0,NA,0,0,0,0,NA,0,0,NA,0,0,0,0,0,0,NA,NA,NA,NA,NA,NA,NA,0,NA,NA,0,0,NA,0,NA,0,NA,0,0,0,0,0,NA,0,0,NA,NA,NA,NA,NA,NA,NA,NA,NA,NA,NA,NA,NA,NA,NA,NA,NA
"178",0,0,NA,NA,0,1,0,0,0,0,NA,0,0,0,NA,0,0,0,0,0,0,0,0,0,0,0,0,0,0,0,NA,0,0,0,0,NA,0,0,NA,0,0,0,0,0,0,NA,NA,NA,NA,0,NA,NA,0,NA,NA,0,0,NA,0,NA,0,NA,0,0,0,0,0,NA,0,0,NA,NA,NA,NA,NA,NA,NA,NA,NA,NA,NA,NA,NA,NA,NA,NA,NA
"179",1,0,NA,NA,0,1,0,0,0,0,NA,0,0,0,NA,0,0,0,0,0,0,0,0,0,0,0,0,0,0,0,NA,0,0,0,0,NA,0,0,NA,0,0,0,0,0,0,NA,NA,0,NA,NA,NA,NA,0,NA,NA,0,0,NA,0,NA,0,NA,0,0,0,0,0,NA,0,0,NA,NA,NA,NA,NA,NA,NA,NA,NA,NA,NA,NA,NA,NA,NA,NA,NA
"180",0,NA,NA,0,0,1,0,0,0,0,NA,0,0,0,NA,0,0,0,0,0,0,0,0,0,0,0,0,0,0,0,0,0,0,0,0,NA,0,0,0,0,0,0,0,0,0,NA,NA,NA,0,0,NA,NA,0,NA,NA,0,0,NA,0,NA,NA,NA,0,0,0,0,0,NA,0,NA,NA,NA,NA,NA,NA,NA,NA,NA,NA,NA,NA,NA,NA,NA,NA,NA,NA
"181",1,NA,NA,0,0,1,0,0,0,0,NA,0,0,0,NA,0,0,0,0,0,0,0,0,0,0,0,0,0,0,0,0,0,0,0,0,NA,0,0,0,0,0,0,0,0,0,NA,NA,0,0,0,NA,NA,0,NA,NA,0,0,NA,0,NA,NA,NA,0,0,0,0,0,NA,0,NA,NA,NA,NA,NA,NA,NA,NA,NA,NA,NA,NA,NA,NA,NA,NA,NA,NA
"182",1,0,NA,NA,0,1,0,0,0,0,NA,0,0,0,NA,0,0,0,0,0,0,0,0,0,0,0,0,0,0,0,NA,0,0,0,0,NA,0,0,NA,0,0,0,0,0,0,NA,NA,0,NA,0,NA,NA,0,NA,NA,0,0,NA,0,NA,0,NA,0,0,0,0,0,NA,0,0,NA,NA,NA,NA,NA,NA,NA,NA,NA,NA,NA,NA,NA,NA,NA,NA,NA
"183",1,0,NA,NA,0,1,0,0,0,0,NA,0,0,0,NA,0,0,0,0,0,0,0,0,0,0,0,0,0,0,0,NA,0,0,0,0,NA,0,0,NA,0,0,0,0,0,0,NA,NA,NA,NA,NA,NA,NA,0,NA,NA,0,0,NA,0,NA,0,0,0,0,0,0,0,NA,0,0,NA,NA,NA,NA,NA,NA,NA,NA,NA,NA,NA,NA,NA,NA,NA,NA,NA
"184",1,0,NA,NA,0,0,0,0,0,0,NA,0,0,0,NA,0,0,0,0,0,0,0,0,0,0,0,0,0,0,0,NA,0,0,0,0,NA,0,0,NA,0,0,0,0,0,0,NA,NA,NA,NA,NA,NA,NA,0,NA,0,0,0,NA,0,NA,0,NA,0,0,0,0,0,NA,0,0,NA,NA,NA,NA,NA,NA,NA,NA,NA,NA,NA,NA,NA,NA,NA,NA,NA
"185",1,0,NA,NA,0,1,0,0,0,0,NA,0,0,0,NA,0,0,0,0,0,0,0,0,0,0,0,0,0,0,0,NA,0,0,0,0,NA,0,0,NA,0,0,0,0,0,0,NA,NA,NA,NA,0,NA,NA,0,NA,NA,0,0,NA,0,NA,0,0,0,0,0,0,0,NA,0,0,NA,NA,NA,NA,NA,NA,NA,NA,NA,NA,NA,NA,NA,NA,NA,NA,NA
"186",1,0,NA,NA,0,0,0,0,0,0,NA,0,0,0,NA,0,0,0,0,0,0,0,0,0,0,0,0,0,0,0,NA,0,0,0,0,NA,0,0,NA,0,0,0,0,0,0,NA,NA,NA,NA,0,NA,NA,0,NA,0,0,0,NA,0,NA,0,NA,0,0,0,0,0,NA,0,0,NA,NA,NA,NA,NA,NA,NA,NA,NA,NA,NA,NA,NA,NA,NA,NA,NA
"187",1,NA,NA,0,0,1,0,0,0,0,NA,0,0,0,NA,0,0,0,0,0,0,0,0,0,0,0,0,0,0,0,0,0,0,0,0,NA,0,0,0,0,0,0,0,0,0,NA,NA,NA,0,0,NA,NA,0,NA,NA,0,0,NA,0,NA,NA,0,0,0,0,0,0,NA,0,NA,NA,NA,NA,NA,NA,NA,NA,NA,NA,NA,NA,NA,NA,NA,NA,NA,NA
"188",1,0,NA,NA,0,1,0,0,0,0,NA,0,0,0,NA,0,0,0,0,0,0,0,0,0,0,0,0,0,0,0,NA,0,0,0,0,NA,0,0,NA,0,0,0,0,0,0,NA,NA,0,NA,NA,NA,NA,0,NA,NA,0,0,NA,0,NA,0,0,0,0,0,0,0,NA,0,0,NA,NA,NA,NA,NA,NA,NA,NA,NA,NA,NA,NA,NA,NA,NA,NA,NA
"189",1,NA,NA,0,0,0,0,0,0,0,NA,0,0,0,NA,0,0,0,0,0,0,0,0,0,0,0,0,0,0,0,0,0,0,0,0,NA,0,0,0,0,0,0,0,0,0,NA,NA,NA,0,0,NA,NA,0,NA,0,0,0,NA,0,NA,NA,NA,0,0,0,0,0,NA,0,NA,NA,NA,NA,NA,NA,NA,NA,NA,NA,NA,NA,NA,NA,NA,NA,NA,NA
"190",1,0,NA,NA,0,1,0,0,0,0,NA,0,0,0,NA,0,0,0,0,0,0,0,0,0,0,0,0,0,0,0,NA,0,0,0,0,NA,0,0,NA,0,0,0,0,0,0,NA,NA,0,NA,0,NA,NA,0,NA,NA,0,0,NA,0,NA,0,0,0,0,0,0,0,NA,0,0,NA,NA,NA,NA,NA,NA,NA,NA,NA,NA,NA,NA,NA,NA,NA,NA,NA
"191",1,NA,NA,0,0,0,0,0,0,0,NA,0,0,0,NA,0,0,0,0,0,0,0,0,0,0,0,0,0,0,0,0,0,0,0,0,NA,0,0,0,0,0,0,0,0,0,NA,NA,0,0,0,NA,NA,0,NA,0,0,0,NA,0,NA,NA,NA,0,0,0,0,0,NA,0,NA,NA,NA,NA,NA,NA,NA,NA,NA,NA,NA,NA,NA,NA,NA,NA,NA,NA
"192",1,NA,NA,0,0,1,0,0,0,0,NA,0,0,0,NA,0,0,0,0,0,0,0,0,0,0,0,0,0,0,0,0,0,0,0,0,NA,0,0,0,0,0,0,0,0,0,NA,NA,0,0,0,NA,NA,0,NA,NA,0,0,NA,0,NA,NA,0,0,0,0,0,0,NA,0,NA,NA,NA,NA,NA,NA,NA,NA,NA,NA,NA,NA,NA,NA,NA,NA,NA,NA
"193",1,0,NA,NA,0,0,0,0,0,0,NA,0,0,0,NA,0,0,0,0,0,0,0,0,0,0,0,0,0,0,0,NA,0,0,0,0,NA,0,0,NA,0,0,0,0,0,0,NA,NA,0,NA,NA,NA,NA,0,NA,0,0,0,NA,0,NA,0,NA,0,0,0,0,0,NA,0,0,NA,NA,NA,NA,NA,NA,NA,NA,NA,NA,NA,NA,NA,NA,NA,NA,NA
"194",1,0,NA,NA,0,0,0,0,0,0,NA,0,0,0,NA,0,0,0,0,0,0,0,0,0,0,0,0,0,0,0,NA,0,0,0,0,NA,0,0,NA,0,0,0,0,0,0,NA,NA,0,NA,0,NA,NA,0,NA,0,0,0,NA,0,NA,0,NA,0,0,0,0,0,NA,0,0,NA,NA,NA,NA,NA,NA,NA,NA,NA,NA,NA,NA,NA,NA,NA,NA,NA
"195",1,NA,NA,0,0,0,0,0,0,0,NA,0,0,0,NA,0,0,0,0,0,0,0,0,0,0,0,0,0,0,0,0,0,0,0,0,NA,0,0,0,0,0,0,0,0,0,NA,NA,NA,0,0,NA,NA,0,NA,0,0,0,NA,0,NA,NA,0,0,0,0,0,0,NA,0,NA,NA,NA,NA,NA,NA,NA,NA,NA,NA,NA,NA,NA,NA,NA,NA,NA,NA
"196",1,0,NA,NA,0,0,0,0,0,0,NA,0,0,0,NA,0,0,0,0,0,0,0,0,0,0,0,0,0,0,0,NA,0,0,0,0,NA,0,0,NA,0,0,0,0,0,0,NA,NA,NA,NA,NA,NA,NA,0,NA,0,0,0,NA,0,NA,0,0,0,0,0,0,0,NA,0,0,NA,NA,NA,NA,NA,NA,NA,NA,NA,NA,NA,NA,NA,NA,NA,NA,NA
"197",1,0,NA,NA,0,0,0,0,0,0,NA,0,0,0,NA,0,0,0,0,0,0,0,0,0,0,0,0,0,0,0,NA,0,0,0,0,NA,0,0,NA,0,0,0,0,0,0,NA,NA,NA,NA,0,NA,NA,0,NA,0,0,0,NA,0,NA,0,0,0,0,0,0,0,NA,0,0,NA,NA,NA,NA,NA,NA,NA,NA,NA,NA,NA,NA,NA,NA,NA,NA,NA
"198",1,NA,NA,0,0,0,0,0,0,0,NA,0,0,0,NA,0,0,0,0,0,0,0,0,0,0,0,0,0,0,0,0,0,0,0,0,NA,0,0,0,0,0,0,0,0,0,NA,NA,0,0,0,NA,NA,0,NA,0,0,0,NA,0,NA,NA,0,0,0,0,0,0,NA,0,NA,NA,NA,NA,NA,NA,NA,NA,NA,NA,NA,NA,NA,NA,NA,NA,NA,NA
"199",1,0,NA,NA,0,0,0,0,0,0,NA,0,0,0,NA,0,0,0,0,0,0,0,0,0,0,0,0,0,0,0,NA,0,0,0,0,NA,0,0,NA,0,0,0,0,0,0,NA,NA,0,NA,NA,NA,NA,0,NA,0,0,0,NA,0,NA,0,0,0,0,0,0,0,NA,0,0,NA,NA,NA,NA,NA,NA,NA,NA,NA,NA,NA,NA,NA,NA,NA,NA,NA
"200",1,0,NA,NA,0,0,0,0,0,0,NA,0,0,0,NA,0,0,0,0,0,0,0,0,0,0,0,0,0,0,0,NA,0,0,0,0,NA,0,0,NA,0,0,0,0,0,0,NA,NA,0,NA,0,NA,NA,0,NA,0,0,0,NA,0,NA,0,0,0,0,0,0,0,NA,0,0,NA,NA,NA,NA,NA,NA,NA,NA,NA,NA,NA,NA,NA,NA,NA,NA,NA
"201",1,0,NA,NA,0,1,0,0,0,0,NA,0,0,0,NA,0,0,0,0,0,0,0,0,0,0,0,0,0,0,0,NA,0,0,0,0,NA,0,0,NA,0,0,0,0,0,0,NA,NA,NA,NA,NA,NA,NA,0,0,NA,0,0,NA,0,NA,0,NA,0,0,0,0,0,NA,0,0,NA,NA,NA,NA,NA,NA,NA,NA,NA,NA,NA,NA,NA,NA,NA,NA,NA
"202",1,NA,NA,0,0,1,0,0,0,0,NA,0,0,0,NA,0,0,0,0,0,0,0,0,0,0,0,0,0,0,0,0,0,0,0,0,NA,0,0,0,0,0,0,0,0,0,NA,NA,NA,0,0,NA,NA,0,0,NA,0,0,NA,0,NA,NA,NA,0,0,0,0,0,NA,0,NA,NA,NA,NA,NA,NA,NA,NA,NA,NA,NA,NA,NA,NA,NA,NA,NA,NA
"203",1,NA,NA,0,0,1,0,0,0,0,NA,0,0,0,NA,0,0,0,0,0,0,0,0,0,0,0,0,0,0,0,0,0,0,0,0,NA,0,0,0,0,0,0,0,0,0,NA,NA,0,0,0,NA,NA,0,0,NA,0,0,NA,0,NA,NA,NA,0,0,0,0,0,NA,0,NA,NA,NA,NA,NA,NA,NA,NA,NA,NA,NA,NA,NA,NA,NA,NA,NA,NA
"204",1,0,NA,NA,0,1,0,0,0,0,NA,0,0,0,NA,0,0,0,0,0,0,0,0,0,0,0,0,0,0,0,NA,0,0,0,0,NA,0,0,NA,0,0,0,0,0,0,NA,NA,NA,NA,0,NA,NA,0,0,NA,0,0,NA,0,NA,0,NA,0,0,0,0,0,NA,0,0,NA,NA,NA,NA,NA,NA,NA,NA,NA,NA,NA,NA,NA,NA,NA,NA,NA
"205",1,0,NA,NA,0,1,0,0,0,0,NA,0,0,0,NA,0,0,0,0,0,0,0,0,0,0,0,0,0,0,0,NA,0,0,0,0,NA,0,0,NA,0,0,0,0,0,0,NA,NA,0,NA,NA,NA,NA,0,0,NA,0,0,NA,0,NA,0,NA,0,0,0,0,0,NA,0,0,NA,NA,NA,NA,NA,NA,NA,NA,NA,NA,NA,NA,NA,NA,NA,NA,NA
"206",1,0,NA,NA,0,1,0,0,0,0,NA,0,0,0,NA,0,0,0,0,0,0,0,0,0,0,0,0,0,0,0,NA,0,0,0,0,NA,0,0,NA,0,0,0,0,0,0,NA,NA,0,NA,0,NA,NA,0,0,NA,0,0,NA,0,NA,0,NA,0,0,0,0,0,NA,0,0,NA,NA,NA,NA,NA,NA,NA,NA,NA,NA,NA,NA,NA,NA,NA,NA,NA
"207",1,0,NA,NA,0,0,0,0,0,0,NA,0,0,0,NA,0,0,0,0,0,0,0,0,0,0,0,0,0,0,0,NA,0,0,0,0,NA,0,0,NA,0,0,0,0,0,0,NA,NA,NA,NA,NA,NA,NA,0,0,0,0,0,NA,0,NA,0,NA,0,0,0,0,0,NA,0,0,NA,NA,NA,NA,NA,NA,NA,NA,NA,NA,NA,NA,NA,NA,NA,NA,NA
"208",1,0,NA,NA,0,1,0,0,0,0,NA,0,0,0,NA,0,0,0,0,0,0,0,0,0,0,0,0,0,0,0,NA,0,0,0,0,NA,0,0,NA,0,0,0,0,0,0,NA,NA,NA,NA,NA,NA,NA,0,0,NA,0,0,NA,0,NA,0,0,0,0,0,0,0,NA,0,0,NA,NA,NA,NA,NA,NA,NA,NA,NA,NA,NA,NA,NA,NA,NA,NA,NA
"209",1,NA,NA,0,0,0,0,0,0,0,NA,0,0,0,NA,0,0,0,0,0,0,0,0,0,0,0,0,0,0,0,0,0,0,0,0,NA,0,0,0,0,0,0,0,0,0,NA,NA,NA,0,0,NA,NA,0,0,0,0,0,NA,0,NA,NA,NA,0,0,0,0,0,NA,0,NA,NA,NA,NA,NA,NA,NA,NA,NA,NA,NA,NA,NA,NA,NA,NA,NA,NA
"210",1,0,NA,NA,0,1,0,0,0,0,NA,0,0,0,NA,0,0,0,0,0,0,0,0,0,0,0,0,0,0,0,NA,0,0,0,0,NA,0,0,NA,0,0,0,0,0,0,NA,NA,NA,NA,0,NA,NA,0,0,NA,0,0,NA,0,NA,0,0,0,0,0,0,0,NA,0,0,NA,NA,NA,NA,NA,NA,NA,NA,NA,NA,NA,NA,NA,NA,NA,NA,NA
"211",1,0,NA,NA,0,0,0,0,0,0,NA,0,0,0,NA,0,0,0,0,0,0,0,0,0,0,0,0,0,0,0,NA,0,0,0,0,NA,0,0,NA,0,0,0,0,0,0,NA,NA,NA,NA,0,NA,NA,0,0,0,0,0,NA,0,NA,0,NA,0,0,0,0,0,NA,0,0,NA,NA,NA,NA,NA,NA,NA,NA,NA,NA,NA,NA,NA,NA,NA,NA,NA
"212",1,0,NA,NA,0,1,0,0,0,0,NA,0,0,0,NA,0,0,0,0,0,0,0,0,0,0,0,0,0,0,0,NA,0,0,0,0,NA,0,0,NA,0,0,0,0,0,0,NA,NA,0,NA,NA,NA,NA,0,0,NA,0,0,NA,0,NA,0,0,0,0,0,0,0,NA,0,0,NA,NA,NA,NA,NA,NA,NA,NA,NA,NA,NA,NA,NA,NA,NA,NA,NA
"213",1,NA,NA,0,0,0,0,0,0,0,NA,0,0,0,NA,0,0,0,0,0,0,0,0,0,0,0,0,0,0,0,0,0,0,0,0,NA,0,0,0,0,0,0,0,0,0,NA,NA,0,0,0,NA,NA,0,0,0,0,0,NA,0,NA,NA,NA,0,0,0,0,0,NA,0,NA,NA,NA,NA,NA,NA,NA,NA,NA,NA,NA,NA,NA,NA,NA,NA,NA,NA
"214",1,NA,NA,0,0,1,0,0,0,0,NA,0,0,0,NA,0,0,0,0,0,0,0,0,0,0,0,0,0,0,0,0,0,0,0,0,NA,0,0,0,0,0,0,0,0,0,NA,NA,NA,0,0,NA,NA,0,0,NA,0,0,NA,0,NA,NA,0,0,0,0,0,0,NA,0,NA,NA,NA,NA,NA,NA,NA,NA,NA,NA,NA,NA,NA,NA,NA,NA,NA,NA
"215",1,0,NA,NA,0,0,0,0,0,0,NA,0,0,0,NA,0,0,0,0,0,0,0,0,0,0,0,0,0,0,0,NA,0,0,0,0,NA,0,0,NA,0,0,0,0,0,0,NA,NA,0,NA,NA,NA,NA,0,0,0,0,0,NA,0,NA,0,NA,0,0,0,0,0,NA,0,0,NA,NA,NA,NA,NA,NA,NA,NA,NA,NA,NA,NA,NA,NA,NA,NA,NA
"216",1,NA,NA,0,0,1,0,0,0,0,NA,0,0,0,NA,0,0,0,0,0,0,0,0,0,0,0,0,0,0,0,0,0,0,0,0,NA,0,0,0,0,0,0,0,0,0,NA,NA,0,0,0,NA,NA,0,0,NA,0,0,NA,0,NA,NA,0,0,0,0,0,0,NA,0,NA,NA,NA,NA,NA,NA,NA,NA,NA,NA,NA,NA,NA,NA,NA,NA,NA,NA
"217",1,0,NA,NA,0,0,0,0,0,NA,0,0,NA,0,NA,0,0,0,0,0,0,0,0,NA,0,NA,0,0,0,0,NA,0,0,0,0,NA,0,0,NA,0,0,0,0,0,0,0,NA,0,NA,0,NA,NA,0,0,0,0,0,NA,0,NA,0,NA,0,0,0,0,0,NA,0,NA,NA,NA,NA,NA,NA,NA,NA,NA,NA,NA,NA,NA,NA,NA,NA,NA,NA
"218",1,0,NA,NA,0,1,0,0,0,0,NA,0,0,0,NA,0,0,0,0,0,0,0,0,0,0,0,0,0,0,0,NA,0,0,0,0,NA,0,0,NA,0,0,0,0,0,0,NA,NA,0,NA,0,NA,NA,0,0,NA,0,0,NA,0,NA,0,0,0,0,0,0,0,NA,0,0,NA,NA,NA,NA,NA,NA,NA,NA,NA,NA,NA,NA,NA,NA,NA,NA,NA
"219",1,NA,NA,0,0,0,0,0,0,0,NA,0,0,0,NA,0,0,0,0,0,0,0,0,0,0,0,0,0,0,0,0,0,0,0,0,NA,0,0,0,0,0,0,0,0,0,NA,NA,NA,0,0,NA,NA,0,0,0,0,0,NA,0,NA,NA,0,0,0,0,0,0,NA,0,NA,NA,NA,NA,NA,NA,NA,NA,NA,NA,NA,NA,NA,NA,NA,NA,NA,NA
"220",1,0,NA,NA,0,0,0,0,0,0,NA,0,0,0,NA,0,0,0,0,0,0,0,0,0,0,0,0,0,0,0,NA,0,0,0,0,NA,0,0,NA,0,0,0,0,0,0,NA,NA,NA,NA,NA,NA,NA,0,0,0,0,0,NA,0,NA,0,0,0,0,0,0,0,NA,0,0,NA,NA,NA,NA,NA,NA,NA,NA,NA,NA,NA,NA,NA,NA,NA,NA,NA
"221",1,NA,NA,0,0,0,0,0,0,0,NA,0,0,0,NA,0,0,0,0,0,0,0,0,0,0,0,0,0,0,0,0,0,0,0,0,NA,0,0,0,0,0,0,0,0,0,NA,NA,0,0,0,NA,NA,0,0,0,0,0,NA,0,NA,NA,0,0,0,0,0,0,NA,0,NA,NA,NA,NA,NA,NA,NA,NA,NA,NA,NA,NA,NA,NA,NA,NA,NA,NA
"222",1,0,NA,NA,0,0,0,0,0,0,NA,0,0,0,NA,0,0,0,0,0,0,0,0,0,0,0,0,0,0,0,NA,0,0,0,0,NA,0,0,NA,0,0,0,0,0,0,NA,NA,NA,NA,0,NA,NA,0,0,0,0,0,NA,0,NA,0,0,0,0,0,0,0,NA,0,0,NA,NA,NA,NA,NA,NA,NA,NA,NA,NA,NA,NA,NA,NA,NA,NA,NA
"223",1,0,NA,NA,0,0,0,0,0,0,NA,0,0,0,NA,0,0,0,0,0,0,0,0,0,0,0,0,0,0,0,NA,0,0,0,0,NA,0,0,NA,0,0,0,0,0,0,NA,NA,0,NA,NA,NA,NA,0,0,0,0,0,NA,0,NA,0,0,0,0,0,0,0,NA,0,0,NA,NA,NA,NA,NA,NA,NA,NA,NA,NA,NA,NA,NA,NA,NA,NA,NA
"224",1,0,NA,NA,0,0,0,0,0,0,NA,0,0,0,NA,0,0,0,0,0,0,0,0,0,0,0,0,0,0,0,NA,0,0,0,0,NA,0,0,NA,0,0,0,0,0,0,NA,NA,0,NA,0,NA,NA,0,0,0,0,0,NA,0,NA,0,0,0,0,0,0,0,NA,0,0,NA,NA,NA,NA,NA,NA,NA,NA,NA,NA,NA,NA,NA,NA,NA,NA,NA
"225",0.9375,0.5,0.5,0.375,0.272727272727273,0.263157894736842,0.107142857142857,0.107142857142857,0.107142857142857,0,0,0,0,0,0,0,0,0,0,0,0,0,0,0,0,0,0,0,0,0,0,0,0,0,0,0,0,0,0,0,0,0,0,0,0,0,0,0,0,0,0,0,0,0,0,0,0,0,0,0,0,0,0,0,0,0,0,0,0,0,NA,NA,NA,NA,NA,NA,NA,NA,NA,NA,NA,NA,NA,NA,NA,NA,NA
"226",0.357142857142857,0.714285714285714,0.428571428571429,0.285714285714286,0.785714285714286,0.678571428571429,1,1,1,0.910714285714286,0.647321428571429,0.357142857142857,0.995535714285714,1,0.214285714285714,1,1,0.357142857142857,1,1,1,1,1,0.352678571428571,0.357142857142857,0.995535714285714,1,1,0.892857142857143,1,0.0714285714285714,0.357142857142857,0.357142857142857,0.678571428571429,1,0.642857142857143,0.678571428571429,0.357142857142857,0.285714285714286,1,1,0.357142857142857,1,1,1,0.00446428571428571,0.642857142857143,0.178571428571429,0.285714285714286,0.642857142857143,0.642857142857143,0.642857142857143,1,0.178571428571429,0.178571428571429,0.357142857142857,0.678571428571429,0.642857142857143,0.642857142857143,0.642857142857143,0.285714285714286,0.178571428571429,1,0.357142857142857,1,1,0.357142857142857,0.642857142857143,0.357142857142857,0.196428571428571,0,0,0,0,0,0,0,0,0,0,0,0,0,0,0,0,0
