"","phoB","cra","crp","galS","oxyR","fur","hns","rhaR","narL","galR","zraR","dnaA","metR","cusR","yiaJ","putA","cadC","melR","araC","yqjI","malI","idnR","mraZ","pdeL","purR","prpR","fucR","lsrR","glcC","nhaR","hyfR","dpiA","nikR","aidB","rbsR","betI","lldR","dcuR","metJ","adiY","cspA","mlc","rhaS","pdhR","srlR","xylR","mazE","uxuR","argP","nac","exuR","glnG","hdfR","stpA","yjjQ","mlrA","soxR","rob","evgA","bglJ","ydeO","ompR","gadX","leuO","lrp","gadE","rcsA","arcA","rcsB","fis","asnC","puuR","tdcA","yeiL","flhD","flhC","ptsG","fhlA","gutM","mazF","marR","csgD","gadW","marA","fliZ","soxS","fnr"
"1",NA,1,1,0,0,0,1,0,0,0,0,0,0,NA,NA,0,NA,0,NA,NA,0,0,NA,NA,NA,0,0,0,NA,0,0,0,NA,0,0,0,0,NA,NA,NA,NA,NA,0,0,0,0,0,0,NA,0,NA,0,NA,NA,0,0,NA,0,0,0,0,0,0,NA,NA,NA,NA,NA,NA,0,NA,NA,NA,NA,NA,NA,NA,NA,NA,NA,NA,NA,NA,NA,NA,NA,NA
"2",NA,1,1,NA,0,0,NA,0,0,1,NA,0,0,NA,NA,0,NA,NA,NA,NA,0,0,NA,NA,NA,0,0,0,NA,0,0,0,NA,0,0,0,0,NA,NA,0,0,NA,0,0,0,0,0,0,NA,0,NA,0,0,0,0,0,NA,0,0,0,0,0,NA,0,NA,NA,NA,NA,0,0,NA,NA,NA,NA,NA,NA,NA,NA,NA,NA,NA,NA,NA,NA,NA,NA,NA
"3",NA,1,1,NA,0,0,NA,0,0,1,0,0,0,NA,NA,0,NA,0,0,NA,0,0,NA,NA,NA,0,0,0,NA,0,0,0,NA,0,0,0,0,NA,NA,0,0,NA,0,0,0,NA,0,0,NA,0,NA,0,0,0,0,0,NA,0,0,0,0,0,NA,0,NA,NA,NA,NA,0,0,NA,NA,NA,NA,NA,NA,NA,NA,NA,NA,NA,NA,NA,NA,NA,NA,NA
"4",NA,1,1,NA,0,0,0,0,0,NA,0,0,0,NA,NA,0,NA,0,0,NA,0,0,NA,NA,NA,0,0,0,NA,0,0,0,NA,0,0,0,0,NA,NA,0,0,NA,0,0,0,NA,0,0,NA,0,NA,0,0,0,0,0,NA,0,0,0,0,0,0,0,NA,NA,NA,NA,0,0,NA,NA,NA,NA,NA,NA,NA,NA,NA,NA,NA,NA,NA,NA,NA,NA,NA
"5",NA,1,1,1,0,0,0,0,0,NA,0,0,0,NA,NA,0,NA,0,NA,NA,0,0,NA,NA,NA,0,0,0,NA,0,0,0,NA,0,0,0,0,NA,NA,0,0,NA,0,0,0,0,0,0,NA,0,NA,0,0,0,0,0,NA,0,0,0,0,0,0,0,NA,NA,NA,NA,0,0,NA,NA,NA,NA,NA,NA,NA,NA,NA,NA,NA,NA,NA,NA,NA,NA,NA
"6",NA,1,1,0,0,0,0,0,0,0,0,0,0,NA,NA,0,NA,0,NA,NA,0,0,NA,NA,NA,0,0,0,NA,0,0,0,NA,0,0,0,0,NA,NA,0,0,NA,0,0,0,0,0,0,NA,0,NA,0,0,0,0,0,NA,0,0,0,0,0,0,0,NA,NA,NA,NA,0,0,NA,NA,NA,NA,NA,NA,NA,NA,NA,NA,NA,NA,NA,NA,NA,NA,NA
"7",NA,1,1,NA,0,0,NA,0,0,1,0,0,0,NA,NA,0,NA,0,NA,NA,0,0,NA,NA,NA,0,0,0,NA,0,0,0,NA,0,0,0,0,NA,NA,0,0,NA,0,0,0,0,0,0,NA,0,NA,0,0,0,0,0,NA,0,0,0,0,0,NA,0,NA,NA,NA,NA,0,0,NA,NA,NA,NA,NA,NA,NA,NA,NA,NA,NA,NA,NA,NA,NA,NA,NA
"8",NA,1,1,NA,1,1,0,0,1,NA,0,0,0,NA,NA,0,NA,0,0,NA,0,0,NA,NA,NA,0,0,0,NA,0,0,NA,NA,0,0,0,0,NA,NA,0,0,NA,0,0,0,NA,0,0,NA,0,NA,0,0,0,0,0,NA,0,0,0,0,0,0,0,NA,NA,NA,NA,0,0,NA,NA,NA,NA,NA,NA,NA,NA,NA,NA,NA,NA,NA,NA,NA,NA,NA
"9",NA,0,0,NA,0,0,NA,0,0,1,NA,0,0,NA,NA,0,NA,NA,NA,NA,0,0,NA,NA,NA,0,0,0,NA,0,0,0,NA,0,0,0,0,NA,NA,0,0,NA,0,0,0,NA,0,0,NA,0,NA,0,0,0,0,0,NA,0,0,0,0,0,NA,0,NA,NA,NA,NA,0,0,NA,NA,NA,NA,NA,NA,NA,NA,NA,NA,NA,NA,NA,NA,NA,NA,NA
"10",NA,1,1,NA,0,0,0,0,0,NA,0,0,0,NA,NA,0,NA,0,NA,NA,0,0,NA,NA,NA,0,0,0,NA,0,0,0,NA,0,0,0,0,NA,NA,0,0,NA,0,0,0,NA,0,0,NA,0,NA,0,0,0,0,0,NA,0,0,0,0,0,0,0,NA,NA,NA,NA,0,0,NA,NA,NA,NA,NA,NA,NA,NA,NA,NA,NA,NA,NA,NA,NA,NA,NA
"11",NA,1,1,NA,1,1,0,0,1,1,0,0,0,NA,NA,0,NA,0,0,NA,0,0,NA,NA,NA,0,0,0,NA,0,0,NA,NA,0,0,0,0,NA,NA,0,0,NA,0,0,0,NA,0,0,NA,0,NA,0,0,0,0,0,NA,0,0,0,0,0,0,0,NA,NA,NA,NA,0,0,NA,NA,NA,NA,NA,NA,NA,NA,NA,NA,NA,NA,NA,NA,NA,NA,NA
"12",NA,1,1,NA,0,0,0,0,0,NA,NA,0,0,NA,NA,0,NA,0,NA,NA,0,0,NA,NA,NA,0,0,0,NA,0,0,0,NA,0,0,0,0,NA,NA,0,0,NA,0,0,0,0,0,0,NA,0,NA,0,0,0,0,0,NA,0,0,0,0,0,0,0,NA,NA,NA,NA,0,0,NA,NA,NA,NA,NA,NA,NA,NA,NA,NA,NA,NA,NA,NA,NA,NA,NA
"13",1,NA,NA,NA,NA,NA,NA,1,NA,0,NA,0,NA,0,0,0,0,NA,NA,0,NA,0,0,0,0,NA,0,0,0,0,0,0,0,0,NA,NA,NA,0,0,0,NA,0,0,NA,0,0,0,NA,0,0,0,NA,0,0,0,0,NA,0,0,0,0,NA,0,0,0,0,0,0,0,NA,NA,NA,NA,NA,NA,NA,NA,NA,NA,NA,NA,NA,NA,NA,NA,NA,NA
"14",NA,1,1,NA,0,0,0,0,0,NA,0,0,0,NA,NA,0,NA,NA,NA,NA,0,0,NA,NA,NA,0,0,0,NA,0,0,0,NA,0,0,0,0,NA,NA,0,0,NA,0,0,0,0,0,0,NA,0,NA,0,0,0,0,0,NA,0,0,0,0,0,0,0,NA,NA,NA,NA,0,0,NA,NA,NA,NA,NA,NA,NA,NA,NA,NA,NA,NA,NA,NA,NA,NA,NA
"15",1,NA,NA,NA,NA,NA,NA,1,NA,0,NA,0,NA,0,0,0,0,NA,NA,0,NA,NA,0,0,0,NA,0,0,0,0,0,0,0,0,NA,NA,NA,0,0,0,NA,0,0,NA,0,0,0,NA,0,0,0,NA,0,0,0,0,NA,0,0,0,0,NA,0,0,0,0,0,0,0,NA,NA,NA,NA,NA,NA,NA,NA,NA,NA,NA,NA,NA,NA,NA,NA,NA,NA
"16",1,NA,NA,NA,NA,NA,NA,1,0,0,NA,0,NA,0,0,0,NA,NA,NA,NA,NA,0,0,0,0,NA,0,0,0,0,NA,0,NA,0,NA,NA,NA,0,0,0,NA,0,0,NA,0,0,0,NA,0,0,0,NA,0,0,0,0,0,0,0,0,0,NA,0,0,0,0,0,NA,0,NA,NA,NA,NA,NA,NA,NA,NA,NA,NA,NA,NA,NA,NA,NA,NA,NA,NA
"17",1,NA,NA,NA,NA,NA,NA,0,NA,0,NA,0,NA,0,0,0,0,NA,NA,0,NA,0,0,0,0,NA,0,0,0,0,0,0,0,0,NA,NA,NA,0,0,0,NA,0,NA,NA,0,0,0,NA,0,0,0,NA,0,0,0,0,NA,0,0,0,0,NA,0,0,0,0,0,0,0,NA,NA,NA,NA,NA,NA,NA,NA,NA,NA,NA,NA,NA,NA,NA,NA,NA,NA
"18",1,NA,NA,NA,NA,NA,NA,1,0,0,NA,0,NA,NA,0,0,NA,NA,NA,NA,NA,0,0,0,0,NA,0,0,0,0,0,0,NA,0,NA,NA,NA,0,0,0,NA,0,0,NA,0,0,0,NA,0,0,0,NA,0,0,0,0,0,0,0,0,0,NA,0,0,0,0,0,NA,0,NA,NA,NA,NA,NA,NA,NA,NA,NA,NA,NA,NA,NA,NA,NA,NA,NA,NA
"19",1,NA,NA,NA,NA,NA,NA,1,NA,0,NA,0,NA,0,0,0,0,NA,NA,0,NA,0,0,0,0,NA,NA,0,0,0,0,0,0,0,NA,NA,NA,0,0,0,NA,0,0,NA,0,0,0,NA,0,0,0,NA,0,0,0,0,NA,0,0,0,0,NA,0,0,0,0,0,0,0,NA,NA,NA,NA,NA,NA,NA,NA,NA,NA,NA,NA,NA,NA,NA,NA,NA,NA
"20",1,NA,NA,NA,NA,NA,NA,1,0,0,NA,0,NA,0,0,0,NA,NA,NA,NA,NA,0,0,NA,0,NA,0,0,0,0,0,0,NA,0,NA,NA,NA,0,0,0,NA,0,0,NA,0,0,0,NA,0,0,0,NA,0,0,0,0,0,0,0,0,0,NA,0,0,0,0,0,NA,0,NA,NA,NA,NA,NA,NA,NA,NA,NA,NA,NA,NA,NA,NA,NA,NA,NA,NA
"21",1,NA,NA,NA,NA,NA,NA,1,NA,0,NA,0,NA,0,0,0,0,NA,NA,0,NA,0,0,0,0,NA,NA,0,0,0,NA,0,0,0,NA,NA,NA,0,0,0,NA,0,0,NA,0,0,0,NA,0,0,0,NA,0,0,0,0,NA,0,0,0,0,NA,0,0,0,0,0,0,0,NA,NA,NA,NA,NA,NA,NA,NA,NA,NA,NA,NA,NA,NA,NA,NA,NA,NA
"22",1,NA,NA,NA,NA,NA,NA,1,0,0,NA,0,NA,NA,0,0,NA,NA,NA,NA,NA,0,0,0,0,NA,NA,0,0,0,0,0,NA,0,NA,NA,NA,0,0,0,NA,0,0,NA,0,0,0,NA,0,0,0,NA,0,0,0,0,0,0,0,0,0,NA,0,0,0,0,0,NA,0,NA,NA,NA,NA,NA,NA,NA,NA,NA,NA,NA,NA,NA,NA,NA,NA,NA,NA
"23",1,NA,NA,NA,NA,NA,NA,1,NA,0,NA,0,NA,0,0,0,0,NA,NA,0,NA,0,0,0,0,NA,0,0,0,0,0,0,0,0,NA,NA,NA,0,0,0,NA,0,0,NA,0,NA,0,NA,0,0,0,NA,0,0,0,0,NA,0,0,0,0,NA,0,0,0,0,0,0,0,NA,NA,NA,NA,NA,NA,NA,NA,NA,NA,NA,NA,NA,NA,NA,NA,NA,NA
"24",1,NA,NA,NA,NA,NA,NA,1,0,0,NA,0,NA,0,0,0,NA,NA,NA,NA,NA,NA,0,0,0,NA,0,0,0,0,NA,0,NA,0,NA,NA,NA,0,0,0,NA,0,0,NA,0,0,0,NA,0,0,0,NA,0,0,0,0,0,0,0,0,0,NA,0,0,0,0,0,NA,0,NA,NA,NA,NA,NA,NA,NA,NA,NA,NA,NA,NA,NA,NA,NA,NA,NA,NA
"25",1,NA,NA,NA,NA,NA,NA,1,NA,0,NA,0,NA,0,0,0,0,NA,NA,0,NA,0,0,NA,0,NA,0,0,0,0,NA,0,0,0,NA,NA,NA,0,0,0,NA,0,0,NA,0,0,0,NA,0,0,0,NA,0,0,0,0,NA,0,0,0,0,NA,0,0,0,0,0,0,0,NA,NA,NA,NA,NA,NA,NA,NA,NA,NA,NA,NA,NA,NA,NA,NA,NA,NA
"26",1,NA,NA,NA,NA,NA,NA,1,NA,0,NA,0,NA,0,0,0,0,NA,NA,0,NA,0,0,0,0,NA,0,0,0,0,NA,0,0,0,NA,NA,NA,0,0,0,NA,0,0,NA,0,NA,0,NA,0,0,0,NA,0,0,0,0,NA,0,0,0,0,NA,0,0,0,0,0,0,0,NA,NA,NA,NA,NA,NA,NA,NA,NA,NA,NA,NA,NA,NA,NA,NA,NA,NA
"27",1,NA,NA,NA,NA,NA,NA,1,0,0,NA,0,NA,0,0,0,NA,NA,NA,NA,NA,0,0,0,0,NA,NA,0,0,0,0,0,NA,0,NA,NA,NA,0,0,0,NA,0,0,NA,0,NA,0,NA,0,0,0,NA,0,0,0,0,0,0,0,0,0,NA,0,0,0,0,0,NA,0,NA,NA,NA,NA,NA,NA,NA,NA,NA,NA,NA,NA,NA,NA,NA,NA,NA,NA
"28",1,NA,NA,NA,NA,NA,NA,1,0,0,NA,0,NA,NA,0,0,NA,NA,NA,NA,NA,0,0,0,0,NA,0,0,0,0,NA,0,NA,0,NA,NA,NA,0,0,0,NA,0,0,NA,0,0,0,NA,0,0,0,NA,0,0,0,0,0,0,0,0,0,NA,0,0,0,0,0,NA,0,NA,NA,NA,NA,NA,NA,NA,NA,NA,NA,NA,NA,NA,NA,NA,NA,NA,NA
"29",1,NA,NA,NA,NA,NA,NA,1,NA,0,NA,0,NA,0,0,0,0,NA,NA,0,NA,NA,0,0,0,NA,NA,0,0,0,0,0,0,0,NA,NA,NA,0,0,0,NA,0,0,NA,0,0,0,NA,0,0,0,NA,0,0,0,0,NA,0,0,0,0,NA,0,0,0,0,0,0,0,NA,NA,NA,NA,NA,NA,NA,NA,NA,NA,NA,NA,NA,NA,NA,NA,NA,NA
"30",1,NA,NA,NA,NA,NA,NA,1,0,0,NA,0,NA,0,0,0,NA,NA,NA,NA,NA,0,0,NA,0,NA,NA,0,0,0,0,0,NA,0,NA,NA,NA,0,0,0,NA,0,0,NA,0,0,0,NA,0,0,0,NA,0,0,0,0,0,0,0,0,0,NA,0,0,0,0,0,NA,0,NA,NA,NA,NA,NA,NA,NA,NA,NA,NA,NA,NA,NA,NA,NA,NA,NA,NA
"31",1,NA,NA,NA,NA,NA,NA,1,NA,0,NA,0,NA,NA,0,0,0,NA,NA,0,NA,NA,0,0,0,NA,0,0,0,0,0,0,0,0,NA,NA,NA,0,0,0,NA,0,0,NA,0,0,0,NA,0,0,0,NA,0,0,0,0,NA,0,0,0,0,NA,0,0,0,0,0,0,0,NA,NA,NA,NA,NA,NA,NA,NA,NA,NA,NA,NA,NA,NA,NA,NA,NA,NA
"32",1,NA,NA,NA,NA,NA,NA,1,0,0,NA,0,NA,NA,0,0,NA,NA,NA,NA,NA,0,0,0,0,NA,NA,0,0,0,NA,0,NA,0,NA,NA,NA,0,0,0,NA,0,0,NA,0,0,0,NA,0,0,0,NA,0,0,0,0,0,0,0,0,0,NA,0,0,0,0,0,NA,0,NA,NA,NA,NA,NA,NA,NA,NA,NA,NA,NA,NA,NA,NA,NA,NA,NA,NA
"33",1,NA,NA,NA,NA,NA,NA,1,NA,0,NA,0,NA,NA,0,0,0,NA,NA,0,NA,0,0,NA,0,NA,0,0,0,0,0,0,0,0,NA,NA,NA,0,0,0,NA,0,0,NA,0,0,0,NA,0,0,0,NA,0,0,0,0,NA,0,0,0,0,NA,0,0,0,0,0,0,0,NA,NA,NA,NA,NA,NA,NA,NA,NA,NA,NA,NA,NA,NA,NA,NA,NA,NA
"34",1,NA,NA,NA,NA,NA,NA,1,0,0,NA,0,NA,0,0,0,NA,NA,NA,NA,NA,0,0,0,0,NA,NA,0,0,0,NA,0,NA,0,NA,NA,NA,0,0,0,NA,0,0,NA,0,NA,0,NA,0,0,0,NA,0,0,0,0,0,0,0,0,0,NA,0,0,0,0,0,NA,0,NA,NA,NA,NA,NA,NA,NA,NA,NA,NA,NA,NA,NA,NA,NA,NA,NA,NA
"35",1,NA,NA,NA,NA,NA,NA,1,NA,0,NA,0,NA,0,0,0,0,NA,NA,0,NA,NA,0,0,0,NA,NA,0,0,0,NA,0,0,0,NA,NA,NA,0,0,0,NA,0,0,NA,0,0,0,NA,0,0,0,NA,0,0,0,0,NA,0,0,0,0,NA,0,0,0,0,0,0,0,NA,NA,NA,NA,NA,NA,NA,NA,NA,NA,NA,NA,NA,NA,NA,NA,NA,NA
"36",1,NA,NA,NA,NA,NA,NA,1,0,0,NA,0,NA,0,0,0,NA,NA,NA,NA,NA,0,0,NA,0,NA,0,0,0,0,0,0,NA,0,NA,NA,NA,0,0,0,NA,0,0,NA,0,NA,0,NA,0,0,0,NA,0,0,0,0,0,0,0,0,0,NA,0,0,0,0,0,NA,0,NA,NA,NA,NA,NA,NA,NA,NA,NA,NA,NA,NA,NA,NA,NA,NA,NA,NA
"37",1,NA,NA,NA,NA,NA,NA,1,0,0,NA,0,NA,NA,0,0,NA,NA,NA,NA,NA,NA,0,0,0,NA,NA,0,0,0,0,0,NA,0,NA,NA,NA,0,0,0,NA,0,0,NA,0,0,0,NA,0,0,0,NA,0,0,0,0,0,0,0,0,0,NA,0,0,0,0,0,NA,0,NA,NA,NA,NA,NA,NA,NA,NA,NA,NA,NA,NA,NA,NA,NA,NA,NA,NA
"38",1,NA,NA,NA,NA,NA,NA,1,NA,0,NA,0,NA,NA,0,0,0,NA,NA,0,NA,0,0,NA,0,NA,NA,0,0,0,0,0,0,0,NA,NA,NA,0,0,0,NA,0,0,NA,0,0,0,NA,0,0,0,NA,0,0,0,0,NA,0,0,0,0,NA,0,0,0,0,0,0,0,NA,NA,NA,NA,NA,NA,NA,NA,NA,NA,NA,NA,NA,NA,NA,NA,NA,NA
"39",1,NA,NA,NA,NA,NA,NA,1,0,0,NA,0,NA,0,0,0,NA,NA,NA,NA,NA,0,0,NA,0,NA,NA,0,0,0,0,0,NA,0,NA,NA,NA,0,0,0,NA,0,0,NA,0,NA,0,NA,0,0,0,NA,0,0,0,0,0,0,0,0,0,NA,0,0,0,0,0,NA,0,NA,NA,NA,NA,NA,NA,NA,NA,NA,NA,NA,NA,NA,NA,NA,NA,NA,NA
"40",1,NA,NA,NA,NA,NA,NA,1,NA,0,NA,0,NA,0,0,0,0,NA,NA,0,NA,NA,0,0,0,NA,0,0,0,0,0,0,0,0,NA,NA,NA,0,0,0,NA,0,0,NA,0,NA,0,NA,0,0,0,NA,0,0,0,0,NA,0,0,0,0,NA,0,0,0,0,0,0,0,NA,NA,NA,NA,NA,NA,NA,NA,NA,NA,NA,NA,NA,NA,NA,NA,NA,NA
"41",1,NA,NA,NA,NA,NA,NA,1,0,0,NA,0,NA,0,0,0,NA,NA,NA,NA,NA,0,0,NA,0,NA,NA,0,0,0,NA,0,NA,0,NA,NA,NA,0,0,0,NA,0,0,NA,0,0,0,NA,0,0,0,NA,0,0,0,0,0,0,0,0,0,NA,0,0,0,0,0,NA,0,NA,NA,NA,NA,NA,NA,NA,NA,NA,NA,NA,NA,NA,NA,NA,NA,NA,NA
"42",1,NA,NA,NA,NA,NA,NA,1,NA,0,NA,0,NA,0,0,0,0,NA,NA,0,NA,NA,0,0,0,NA,NA,0,0,0,0,0,0,0,NA,NA,NA,0,0,0,NA,0,0,NA,0,NA,0,NA,0,0,0,NA,0,0,0,0,NA,0,0,0,0,NA,0,0,0,0,0,0,0,NA,NA,NA,NA,NA,NA,NA,NA,NA,NA,NA,NA,NA,NA,NA,NA,NA,NA
"43",1,NA,NA,NA,NA,NA,NA,1,NA,0,NA,0,NA,0,0,0,0,NA,NA,0,NA,0,0,NA,0,NA,0,0,0,0,NA,0,0,0,NA,NA,NA,0,0,0,NA,0,0,NA,0,NA,0,NA,0,0,0,NA,0,0,0,0,NA,0,0,0,0,NA,0,0,0,0,0,0,0,NA,NA,NA,NA,NA,NA,NA,NA,NA,NA,NA,NA,NA,NA,NA,NA,NA,NA
"44",1,NA,NA,NA,NA,NA,NA,1,0,0,NA,0,NA,NA,0,0,NA,NA,NA,NA,NA,0,0,0,0,NA,0,0,0,0,0,0,NA,0,NA,NA,NA,0,0,0,NA,0,0,NA,0,NA,0,NA,0,0,0,NA,0,0,0,0,0,0,0,0,0,NA,0,0,0,0,0,NA,0,NA,NA,NA,NA,NA,NA,NA,NA,NA,NA,NA,NA,NA,NA,NA,NA,NA,NA
"45",1,NA,NA,NA,NA,NA,NA,1,0,0,NA,0,NA,NA,0,0,NA,NA,NA,NA,NA,0,0,0,0,NA,NA,0,0,0,0,0,NA,0,NA,NA,NA,0,0,0,NA,0,0,NA,0,NA,0,NA,0,0,0,NA,0,0,0,0,0,0,0,0,0,NA,0,0,0,0,0,NA,0,NA,NA,NA,NA,NA,NA,NA,NA,NA,NA,NA,NA,NA,NA,NA,NA,NA,NA
"46",1,NA,NA,NA,NA,NA,NA,1,NA,0,NA,0,NA,0,0,0,0,NA,NA,0,NA,NA,0,NA,0,NA,0,0,0,0,0,0,0,0,NA,NA,NA,0,0,0,NA,0,0,NA,0,0,0,NA,0,0,0,NA,0,0,0,0,NA,0,0,0,0,NA,0,0,0,0,0,0,0,NA,NA,NA,NA,NA,NA,NA,NA,NA,NA,NA,NA,NA,NA,NA,NA,NA,NA
"47",1,NA,NA,NA,NA,NA,NA,1,NA,0,NA,0,NA,NA,0,0,0,NA,NA,0,NA,0,0,NA,0,NA,0,0,0,0,NA,0,0,0,NA,NA,NA,0,0,0,NA,0,0,NA,0,0,0,NA,0,0,0,NA,0,0,0,0,NA,0,0,0,0,NA,0,0,0,0,0,0,0,NA,NA,NA,NA,NA,NA,NA,NA,NA,NA,NA,NA,NA,NA,NA,NA,NA,NA
"48",1,NA,NA,NA,NA,NA,NA,1,0,0,NA,0,NA,0,0,0,NA,NA,NA,NA,NA,NA,0,0,0,NA,0,0,0,0,NA,0,NA,0,NA,NA,NA,0,0,0,NA,0,0,NA,0,NA,0,NA,0,0,0,NA,0,0,0,0,0,0,0,0,0,NA,0,0,0,0,0,NA,0,NA,NA,NA,NA,NA,NA,NA,NA,NA,NA,NA,NA,NA,NA,NA,NA,NA,NA
"49",1,NA,NA,NA,NA,NA,NA,1,NA,0,NA,0,NA,NA,0,0,0,NA,NA,0,NA,NA,0,0,0,NA,0,0,0,0,0,0,0,0,NA,NA,NA,0,0,0,NA,0,0,NA,0,NA,0,NA,0,0,0,NA,0,0,0,0,NA,0,0,0,0,NA,0,0,0,0,0,0,0,NA,NA,NA,NA,NA,NA,NA,NA,NA,NA,NA,NA,NA,NA,NA,NA,NA,NA
"50",1,NA,NA,NA,NA,NA,NA,1,0,0,NA,0,NA,0,0,0,NA,NA,NA,NA,NA,0,0,NA,0,NA,NA,0,0,0,NA,0,NA,0,NA,NA,NA,0,0,0,NA,0,0,NA,0,NA,0,NA,0,0,0,NA,0,0,0,0,0,0,0,0,0,NA,0,0,0,0,0,NA,0,NA,NA,NA,NA,NA,NA,NA,NA,NA,NA,NA,NA,NA,NA,NA,NA,NA,NA
"51",1,NA,NA,NA,NA,NA,NA,1,NA,0,NA,0,NA,NA,0,0,0,NA,NA,0,NA,NA,0,0,0,NA,NA,0,0,0,0,0,0,0,NA,NA,NA,0,0,0,NA,0,0,NA,0,NA,0,NA,0,0,0,NA,0,0,0,0,NA,0,0,0,0,NA,0,0,0,0,0,0,0,NA,NA,NA,NA,NA,NA,NA,NA,NA,NA,NA,NA,NA,NA,NA,NA,NA,NA
"52",1,NA,NA,NA,NA,NA,NA,1,NA,0,NA,0,NA,NA,0,0,0,NA,NA,0,NA,0,0,NA,0,NA,NA,0,0,0,NA,0,0,0,NA,NA,NA,0,0,0,NA,0,0,NA,0,0,0,NA,0,0,0,NA,0,0,0,0,NA,0,0,0,0,NA,0,0,0,0,0,0,0,NA,NA,NA,NA,NA,NA,NA,NA,NA,NA,NA,NA,NA,NA,NA,NA,NA,NA
"53",1,NA,NA,NA,NA,NA,NA,1,0,0,NA,0,NA,0,0,0,NA,NA,NA,NA,NA,NA,0,NA,0,NA,NA,0,0,0,0,0,NA,0,NA,NA,NA,0,0,0,NA,0,0,NA,0,0,0,NA,0,0,0,NA,0,0,0,0,0,0,0,0,0,NA,0,0,0,0,0,NA,0,NA,NA,NA,NA,NA,NA,NA,NA,NA,NA,NA,NA,NA,NA,NA,NA,NA,NA
"54",1,NA,NA,NA,NA,NA,NA,1,NA,0,NA,0,NA,0,0,0,0,NA,NA,0,NA,NA,0,0,0,NA,NA,0,0,0,NA,0,0,0,NA,NA,NA,0,0,0,NA,0,0,NA,0,NA,0,NA,0,0,0,NA,0,0,0,0,NA,0,0,0,0,NA,0,0,0,0,0,0,0,NA,NA,NA,NA,NA,NA,NA,NA,NA,NA,NA,NA,NA,NA,NA,NA,NA,NA
"55",1,NA,NA,NA,NA,NA,NA,1,NA,0,NA,0,NA,0,0,0,0,NA,NA,0,NA,NA,0,NA,0,NA,0,0,0,0,0,0,0,0,NA,NA,NA,0,0,0,NA,0,0,NA,0,NA,0,NA,0,0,0,NA,0,0,0,0,NA,0,0,0,0,NA,0,0,0,0,0,0,0,NA,NA,NA,NA,NA,NA,NA,NA,NA,NA,NA,NA,NA,NA,NA,NA,NA,NA
"56",1,NA,NA,NA,NA,NA,NA,1,NA,0,NA,0,NA,0,0,0,0,NA,NA,0,NA,NA,0,NA,0,NA,NA,0,0,0,0,0,0,0,NA,NA,NA,0,0,0,NA,0,0,NA,0,NA,0,NA,0,0,0,NA,0,0,0,0,NA,0,0,0,0,NA,0,0,0,0,0,0,0,NA,NA,NA,NA,NA,NA,NA,NA,NA,NA,NA,NA,NA,NA,NA,NA,NA,NA
"57",1,NA,NA,NA,NA,NA,NA,1,0,0,NA,0,NA,NA,0,0,NA,NA,NA,NA,NA,NA,0,0,0,NA,0,0,0,0,NA,0,NA,0,NA,NA,NA,0,0,0,NA,0,0,NA,0,0,0,NA,0,0,0,NA,0,0,0,0,0,0,0,0,0,NA,0,0,0,0,0,NA,0,NA,NA,NA,NA,NA,NA,NA,NA,NA,NA,NA,NA,NA,NA,NA,NA,NA,NA
"58",1,NA,NA,NA,NA,NA,NA,1,NA,0,NA,0,NA,NA,0,0,0,NA,NA,0,NA,NA,0,0,0,NA,NA,0,0,0,NA,0,0,0,NA,NA,NA,0,0,0,NA,0,0,NA,0,0,0,NA,0,0,0,NA,0,0,0,0,NA,0,0,0,0,NA,0,0,0,0,0,0,0,NA,NA,NA,NA,NA,NA,NA,NA,NA,NA,NA,NA,NA,NA,NA,NA,NA,NA
"59",1,NA,NA,NA,NA,NA,NA,1,NA,0,NA,0,NA,0,0,0,0,NA,NA,0,NA,NA,0,NA,0,NA,0,0,0,0,NA,0,0,0,NA,NA,NA,0,0,0,NA,0,0,NA,0,0,0,NA,0,0,0,NA,0,0,0,0,NA,0,0,0,0,NA,0,0,0,0,0,0,0,NA,NA,NA,NA,NA,NA,NA,NA,NA,NA,NA,NA,NA,NA,NA,NA,NA,NA
"60",1,NA,NA,NA,NA,NA,NA,1,NA,0,NA,0,NA,0,0,0,0,NA,NA,0,NA,NA,0,NA,0,NA,NA,0,0,0,NA,0,0,0,NA,NA,NA,0,0,0,NA,0,0,NA,0,0,0,NA,0,0,0,NA,0,0,0,0,NA,0,0,0,0,NA,0,0,0,0,0,0,0,NA,NA,NA,NA,NA,NA,NA,NA,NA,NA,NA,NA,NA,NA,NA,NA,NA,NA
"61",1,NA,NA,NA,NA,NA,NA,1,NA,0,NA,0,NA,NA,0,0,0,NA,NA,0,NA,0,0,0,0,NA,0,0,0,0,NA,0,0,0,NA,NA,NA,0,0,0,NA,0,0,NA,0,NA,0,NA,0,0,0,NA,0,0,0,0,NA,0,0,0,0,NA,0,0,0,0,0,0,0,NA,NA,NA,NA,NA,NA,NA,NA,NA,NA,NA,NA,NA,NA,NA,NA,NA,NA
"62",1,NA,NA,NA,NA,NA,NA,1,NA,0,NA,0,NA,NA,0,0,0,NA,NA,0,NA,0,0,0,0,NA,NA,0,0,0,NA,0,0,0,NA,NA,NA,0,0,0,NA,0,0,NA,0,NA,0,NA,0,0,0,NA,0,0,0,0,NA,0,0,0,0,NA,0,0,0,0,0,0,0,NA,NA,NA,NA,NA,NA,NA,NA,NA,NA,NA,NA,NA,NA,NA,NA,NA,NA
"63",1,NA,NA,NA,NA,NA,NA,1,NA,0,NA,0,NA,0,0,0,0,NA,NA,0,NA,NA,0,NA,0,NA,0,0,0,0,NA,0,0,0,NA,NA,NA,0,0,0,NA,0,0,NA,0,NA,0,NA,0,0,0,NA,0,0,0,0,NA,0,0,0,0,NA,0,0,0,0,0,0,0,NA,NA,NA,NA,NA,NA,NA,NA,NA,NA,NA,NA,NA,NA,NA,NA,NA,NA
"64",1,NA,NA,NA,NA,NA,NA,1,NA,0,NA,0,NA,0,0,0,0,NA,NA,0,NA,NA,0,NA,0,NA,NA,0,0,0,NA,0,0,0,NA,NA,NA,0,0,0,NA,0,0,NA,0,NA,0,NA,0,0,0,NA,0,0,0,0,NA,0,0,0,0,NA,0,0,0,0,0,0,0,NA,NA,NA,NA,NA,NA,NA,NA,NA,NA,NA,NA,NA,NA,NA,NA,NA,NA
"65",1,NA,NA,NA,NA,NA,NA,1,NA,0,NA,0,NA,NA,0,0,0,NA,NA,0,NA,NA,0,0,0,NA,0,0,0,0,NA,0,0,0,NA,NA,NA,0,0,0,NA,0,0,NA,0,NA,0,NA,0,0,0,NA,0,0,0,0,NA,0,0,0,0,NA,0,0,0,0,0,0,0,NA,NA,NA,NA,NA,NA,NA,NA,NA,NA,NA,NA,NA,NA,NA,NA,NA,NA
"66",1,NA,NA,NA,NA,NA,NA,1,NA,0,NA,0,NA,NA,0,0,0,NA,NA,0,NA,NA,0,0,0,NA,NA,0,0,0,NA,0,0,0,NA,NA,NA,0,0,0,NA,0,0,NA,0,NA,0,NA,0,0,0,NA,0,0,0,0,NA,0,0,0,0,NA,0,0,0,0,0,0,0,NA,NA,NA,NA,NA,NA,NA,NA,NA,NA,NA,NA,NA,NA,NA,NA,NA,NA
"67",0,NA,NA,NA,NA,NA,NA,1,NA,0,NA,0,NA,NA,0,0,0,NA,NA,0,NA,0,0,NA,0,NA,0,0,0,0,0,0,0,0,NA,NA,NA,0,0,0,NA,0,0,NA,0,NA,0,NA,0,0,0,NA,0,0,0,0,NA,0,0,0,0,NA,0,0,0,0,0,0,0,NA,NA,NA,NA,NA,NA,NA,NA,NA,NA,NA,NA,NA,NA,NA,NA,NA,NA
"68",1,NA,NA,NA,NA,NA,NA,1,0,0,NA,0,NA,NA,0,0,NA,NA,NA,NA,NA,0,0,NA,0,NA,NA,0,0,0,0,0,NA,0,NA,NA,NA,0,0,0,NA,0,0,NA,0,NA,0,NA,0,0,0,NA,0,0,0,0,0,0,0,0,0,NA,0,0,0,0,0,NA,0,NA,NA,NA,NA,NA,NA,NA,NA,NA,NA,NA,NA,NA,NA,NA,NA,NA,NA
"69",1,NA,NA,NA,NA,NA,NA,1,NA,0,NA,0,NA,NA,0,0,0,NA,NA,0,NA,NA,0,NA,0,NA,0,0,0,0,0,0,0,0,NA,NA,NA,0,0,0,NA,0,0,NA,0,0,0,NA,0,0,0,NA,0,0,0,0,NA,0,0,0,0,NA,0,0,0,0,0,0,0,NA,NA,NA,NA,NA,NA,NA,NA,NA,NA,NA,NA,NA,NA,NA,NA,NA,NA
"70",1,NA,NA,NA,NA,NA,NA,1,0,0,NA,0,NA,NA,0,0,NA,NA,NA,NA,NA,NA,0,NA,0,NA,NA,0,0,0,0,0,NA,0,NA,NA,NA,0,0,0,NA,0,0,NA,0,0,0,NA,0,0,0,NA,0,0,0,0,0,0,0,0,0,NA,0,0,0,0,0,NA,0,NA,NA,NA,NA,NA,NA,NA,NA,NA,NA,NA,NA,NA,NA,NA,NA,NA,NA
"71",1,NA,NA,NA,NA,NA,NA,1,0,0,NA,0,NA,NA,0,0,NA,NA,NA,NA,NA,NA,0,NA,0,NA,0,0,0,0,0,0,NA,0,NA,NA,NA,0,0,0,NA,0,0,NA,0,NA,0,NA,0,0,0,NA,0,0,0,0,0,0,0,0,0,NA,0,0,0,0,0,NA,0,NA,NA,NA,NA,NA,NA,NA,NA,NA,NA,NA,NA,NA,NA,NA,NA,NA,NA
"72",1,NA,NA,NA,NA,NA,NA,1,0,0,NA,0,NA,NA,0,0,NA,NA,NA,NA,NA,NA,0,NA,0,NA,NA,0,0,0,0,0,NA,0,NA,NA,NA,0,0,0,NA,0,0,NA,0,NA,0,NA,0,0,0,NA,0,0,0,0,0,0,0,0,0,NA,0,0,0,0,0,NA,0,NA,NA,NA,NA,NA,NA,NA,NA,NA,NA,NA,NA,NA,NA,NA,NA,NA,NA
"73",1,NA,NA,NA,NA,NA,NA,1,0,0,NA,0,NA,NA,0,0,NA,NA,NA,NA,NA,NA,0,NA,0,NA,0,0,0,0,NA,0,NA,0,NA,NA,NA,0,0,0,NA,0,0,NA,0,0,0,NA,0,0,0,NA,0,0,0,0,0,0,0,0,0,NA,0,0,0,0,0,NA,0,NA,NA,NA,NA,NA,NA,NA,NA,NA,NA,NA,NA,NA,NA,NA,NA,NA,NA
"74",1,NA,NA,NA,NA,NA,NA,1,0,0,NA,0,NA,NA,0,0,NA,NA,NA,NA,NA,NA,0,NA,0,NA,NA,0,0,0,NA,0,NA,0,NA,NA,NA,0,0,0,NA,0,0,NA,0,0,0,NA,0,0,0,NA,0,0,0,0,0,0,0,0,0,NA,0,0,0,0,0,NA,0,NA,NA,NA,NA,NA,NA,NA,NA,NA,NA,NA,NA,NA,NA,NA,NA,NA,NA
"75",1,NA,NA,NA,NA,NA,NA,1,0,0,NA,0,NA,NA,0,0,NA,NA,NA,NA,NA,0,0,NA,0,NA,0,0,0,0,NA,0,NA,0,NA,NA,NA,0,0,0,NA,0,0,NA,0,NA,0,NA,0,0,0,NA,0,0,0,0,0,0,0,0,0,NA,0,0,0,0,0,NA,0,NA,NA,NA,NA,NA,NA,NA,NA,NA,NA,NA,NA,NA,NA,NA,NA,NA,NA
"76",1,NA,NA,NA,NA,NA,NA,1,0,0,NA,0,NA,NA,0,0,NA,NA,NA,NA,NA,0,0,NA,0,NA,NA,0,0,0,NA,0,NA,0,NA,NA,NA,0,0,0,NA,0,0,NA,0,NA,0,NA,0,0,0,NA,0,0,0,0,0,0,0,0,0,NA,0,0,0,0,0,NA,0,NA,NA,NA,NA,NA,NA,NA,NA,NA,NA,NA,NA,NA,NA,NA,NA,NA,NA
"77",1,NA,NA,NA,NA,NA,NA,1,0,0,NA,0,NA,NA,0,0,NA,NA,NA,NA,NA,NA,0,NA,0,NA,0,0,0,0,NA,0,NA,0,NA,NA,NA,0,0,0,NA,0,0,NA,0,NA,0,NA,0,0,0,NA,0,0,0,0,0,0,0,0,0,NA,0,0,0,0,0,NA,0,NA,NA,NA,NA,NA,NA,NA,NA,NA,NA,NA,NA,NA,NA,NA,NA,NA,NA
"78",1,NA,NA,NA,NA,NA,NA,1,0,0,NA,0,NA,NA,0,0,NA,NA,NA,NA,NA,NA,0,NA,0,NA,NA,0,0,0,NA,0,NA,0,NA,NA,NA,0,0,0,NA,0,0,NA,0,NA,0,NA,0,0,0,NA,0,0,0,0,0,0,0,0,0,NA,0,0,0,0,0,NA,0,NA,NA,NA,NA,NA,NA,NA,NA,NA,NA,NA,NA,NA,NA,NA,NA,NA,NA
"79",1,NA,NA,NA,NA,NA,NA,NA,NA,0,NA,0,NA,0,0,0,0,NA,NA,0,NA,0,0,0,0,NA,0,0,0,0,0,0,0,0,NA,NA,NA,0,0,0,NA,0,NA,NA,0,0,0,NA,0,0,0,NA,0,0,0,0,NA,0,0,0,0,NA,0,0,0,0,0,0,0,NA,NA,NA,NA,NA,NA,NA,NA,NA,NA,NA,NA,NA,NA,NA,NA,NA,NA
"80",1,NA,NA,NA,NA,NA,NA,0,0,0,NA,0,NA,0,0,0,NA,NA,NA,NA,NA,0,0,0,0,NA,NA,0,0,0,0,0,NA,0,NA,NA,NA,0,0,0,NA,0,NA,NA,0,0,0,NA,0,0,0,NA,0,0,0,0,0,0,0,0,0,NA,0,0,0,0,0,NA,0,NA,NA,NA,NA,NA,NA,NA,NA,NA,NA,NA,NA,NA,NA,NA,NA,NA,NA
"81",1,NA,NA,NA,NA,NA,NA,NA,0,0,NA,0,NA,0,0,0,NA,NA,NA,NA,NA,0,0,0,0,NA,NA,0,0,0,0,0,NA,0,NA,NA,NA,0,0,0,NA,0,NA,NA,0,0,0,NA,0,0,0,NA,0,0,0,0,0,0,0,0,0,NA,0,0,0,0,0,NA,0,NA,NA,NA,NA,NA,NA,NA,NA,NA,NA,NA,NA,NA,NA,NA,NA,NA,NA
"82",1,NA,NA,NA,NA,NA,NA,0,0,0,NA,0,NA,0,0,0,NA,NA,NA,NA,NA,NA,0,0,0,NA,0,0,0,0,0,0,NA,0,NA,NA,NA,0,0,0,NA,0,NA,NA,0,0,0,NA,0,0,0,NA,0,0,0,0,0,0,0,0,0,NA,0,0,0,0,0,NA,0,NA,NA,NA,NA,NA,NA,NA,NA,NA,NA,NA,NA,NA,NA,NA,NA,NA,NA
"83",1,NA,NA,NA,NA,NA,NA,0,0,0,NA,0,NA,0,0,0,NA,NA,NA,NA,NA,0,0,0,0,NA,0,0,0,0,0,0,NA,0,NA,NA,NA,0,0,0,NA,0,NA,NA,0,NA,0,NA,0,0,0,NA,0,0,0,0,0,0,0,0,0,NA,0,0,0,0,0,NA,0,NA,NA,NA,NA,NA,NA,NA,NA,NA,NA,NA,NA,NA,NA,NA,NA,NA,NA
"84",1,NA,NA,NA,NA,NA,NA,0,0,0,NA,0,NA,0,0,0,NA,NA,NA,NA,NA,NA,0,0,0,NA,NA,0,0,0,0,0,NA,0,NA,NA,NA,0,0,0,NA,0,NA,NA,0,0,0,NA,0,0,0,NA,0,0,0,0,0,0,0,0,0,NA,0,0,0,0,0,NA,0,NA,NA,NA,NA,NA,NA,NA,NA,NA,NA,NA,NA,NA,NA,NA,NA,NA,NA
"85",1,NA,NA,NA,NA,NA,NA,NA,NA,0,NA,0,NA,0,0,0,0,NA,NA,0,NA,NA,0,0,0,NA,0,0,0,0,0,0,0,0,NA,NA,NA,0,0,0,NA,0,NA,NA,0,0,0,NA,0,0,0,NA,0,0,0,0,NA,0,0,0,0,NA,0,0,0,0,0,0,0,NA,NA,NA,NA,NA,NA,NA,NA,NA,NA,NA,NA,NA,NA,NA,NA,NA,NA
"86",1,NA,NA,NA,NA,NA,NA,NA,0,0,NA,0,NA,0,0,0,NA,NA,NA,NA,NA,NA,0,0,0,NA,NA,0,0,0,0,0,NA,0,NA,NA,NA,0,0,0,NA,0,NA,NA,0,0,0,NA,0,0,0,NA,0,0,0,0,0,0,0,0,0,NA,0,0,0,0,0,NA,0,NA,NA,NA,NA,NA,NA,NA,NA,NA,NA,NA,NA,NA,NA,NA,NA,NA,NA
"87",1,NA,NA,NA,NA,NA,NA,NA,NA,0,NA,0,NA,0,0,0,0,NA,NA,0,NA,0,0,0,0,NA,0,0,0,0,0,0,0,0,NA,NA,NA,0,0,0,NA,0,NA,NA,0,NA,0,NA,0,0,0,NA,0,0,0,0,NA,0,0,0,0,NA,0,0,0,0,0,0,0,NA,NA,NA,NA,NA,NA,NA,NA,NA,NA,NA,NA,NA,NA,NA,NA,NA,NA
"88",1,NA,NA,NA,NA,NA,NA,0,0,0,NA,0,NA,0,0,0,NA,NA,NA,NA,NA,0,0,0,0,NA,NA,0,0,0,0,0,NA,0,NA,NA,NA,0,0,0,NA,0,NA,NA,0,NA,0,NA,0,0,0,NA,0,0,0,0,0,0,0,0,0,NA,0,0,0,0,0,NA,0,NA,NA,NA,NA,NA,NA,NA,NA,NA,NA,NA,NA,NA,NA,NA,NA,NA,NA
"89",1,NA,NA,NA,NA,NA,NA,NA,NA,0,NA,0,NA,0,0,0,0,NA,NA,0,NA,0,0,0,0,NA,NA,0,0,0,0,0,0,0,NA,NA,NA,0,0,0,NA,0,NA,NA,0,NA,0,NA,0,0,0,NA,0,0,0,0,NA,0,0,0,0,NA,0,0,0,0,0,0,0,NA,NA,NA,NA,NA,NA,NA,NA,NA,NA,NA,NA,NA,NA,NA,NA,NA,NA
"90",1,NA,NA,NA,NA,NA,NA,0,0,0,NA,0,NA,0,0,0,NA,NA,NA,NA,NA,NA,0,0,0,NA,0,0,0,0,0,0,NA,0,NA,NA,NA,0,0,0,NA,0,NA,NA,0,NA,0,NA,0,0,0,NA,0,0,0,0,0,0,0,0,0,NA,0,0,0,0,0,NA,0,NA,NA,NA,NA,NA,NA,NA,NA,NA,NA,NA,NA,NA,NA,NA,NA,NA,NA
"91",1,NA,NA,NA,NA,NA,NA,NA,NA,0,NA,0,NA,0,0,0,0,NA,NA,0,NA,NA,0,0,0,NA,0,0,0,0,0,0,0,0,NA,NA,NA,0,0,0,NA,0,NA,NA,0,NA,0,NA,0,0,0,NA,0,0,0,0,NA,0,0,0,0,NA,0,0,0,0,0,0,0,NA,NA,NA,NA,NA,NA,NA,NA,NA,NA,NA,NA,NA,NA,NA,NA,NA,NA
"92",1,NA,NA,NA,NA,NA,NA,0,0,0,NA,0,NA,0,0,0,NA,NA,NA,NA,NA,NA,0,0,0,NA,NA,0,0,0,0,0,NA,0,NA,NA,NA,0,0,0,NA,0,NA,NA,0,NA,0,NA,0,0,0,NA,0,0,0,0,0,0,0,0,0,NA,0,0,0,0,0,NA,0,NA,NA,NA,NA,NA,NA,NA,NA,NA,NA,NA,NA,NA,NA,NA,NA,NA,NA
"93",1,NA,NA,NA,NA,NA,NA,NA,NA,0,NA,0,NA,0,0,0,0,NA,NA,0,NA,NA,0,0,0,NA,NA,0,0,0,0,0,0,0,NA,NA,NA,0,0,0,NA,0,NA,NA,0,NA,0,NA,0,0,0,NA,0,0,0,0,NA,0,0,0,0,NA,0,0,0,0,0,0,0,NA,NA,NA,NA,NA,NA,NA,NA,NA,NA,NA,NA,NA,NA,NA,NA,NA,NA
"94",1,NA,NA,NA,NA,NA,NA,0,0,0,NA,0,NA,0,0,0,NA,NA,NA,NA,NA,0,0,0,0,NA,0,0,0,0,NA,0,NA,0,NA,NA,NA,0,0,0,NA,0,NA,NA,0,0,0,NA,0,0,0,NA,0,0,0,0,0,0,0,0,0,NA,0,0,0,0,0,NA,0,NA,NA,NA,NA,NA,NA,NA,NA,NA,NA,NA,NA,NA,NA,NA,NA,NA,NA
"95",1,NA,NA,NA,NA,NA,NA,NA,0,0,NA,0,NA,0,0,0,NA,NA,NA,NA,NA,0,0,0,0,NA,0,0,0,0,NA,0,NA,0,NA,NA,NA,0,0,0,NA,0,NA,NA,0,0,0,NA,0,0,0,NA,0,0,0,0,0,0,0,0,0,NA,0,0,0,0,0,NA,0,NA,NA,NA,NA,NA,NA,NA,NA,NA,NA,NA,NA,NA,NA,NA,NA,NA,NA
"96",1,NA,NA,NA,NA,NA,NA,0,0,0,NA,0,NA,0,0,0,NA,NA,NA,NA,NA,0,0,0,0,NA,NA,0,0,0,NA,0,NA,0,NA,NA,NA,0,0,0,NA,0,NA,NA,0,0,0,NA,0,0,0,NA,0,0,0,0,0,0,0,0,0,NA,0,0,0,0,0,NA,0,NA,NA,NA,NA,NA,NA,NA,NA,NA,NA,NA,NA,NA,NA,NA,NA,NA,NA
"97",1,NA,NA,NA,NA,NA,NA,NA,0,0,NA,0,NA,0,0,0,NA,NA,NA,NA,NA,0,0,0,0,NA,NA,0,0,0,NA,0,NA,0,NA,NA,NA,0,0,0,NA,0,NA,NA,0,0,0,NA,0,0,0,NA,0,0,0,0,0,0,0,0,0,NA,0,0,0,0,0,NA,0,NA,NA,NA,NA,NA,NA,NA,NA,NA,NA,NA,NA,NA,NA,NA,NA,NA,NA
"98",NA,1,1,NA,0,0,1,0,0,NA,NA,0,0,NA,NA,0,NA,0,NA,NA,0,0,NA,NA,NA,0,0,0,NA,0,0,0,NA,0,0,0,0,NA,NA,NA,NA,NA,0,0,0,0,0,0,NA,0,NA,0,NA,NA,0,0,NA,0,0,0,0,0,0,NA,NA,NA,NA,NA,NA,0,NA,NA,NA,NA,NA,NA,NA,NA,NA,NA,NA,NA,NA,NA,NA,NA,NA
"99",1,NA,NA,NA,NA,NA,NA,0,0,0,NA,0,NA,0,0,0,NA,NA,NA,NA,NA,NA,0,0,0,NA,0,0,0,0,NA,0,NA,0,NA,NA,NA,0,0,0,NA,0,NA,NA,0,0,0,NA,0,0,0,NA,0,0,0,0,0,0,0,0,0,NA,0,0,0,0,0,NA,0,NA,NA,NA,NA,NA,NA,NA,NA,NA,NA,NA,NA,NA,NA,NA,NA,NA,NA
"100",1,NA,NA,NA,NA,NA,NA,0,0,0,NA,0,NA,0,0,0,NA,NA,NA,NA,NA,0,0,0,0,NA,0,0,0,0,NA,0,NA,0,NA,NA,NA,0,0,0,NA,0,NA,NA,0,NA,0,NA,0,0,0,NA,0,0,0,0,0,0,0,0,0,NA,0,0,0,0,0,NA,0,NA,NA,NA,NA,NA,NA,NA,NA,NA,NA,NA,NA,NA,NA,NA,NA,NA,NA
"101",1,NA,NA,NA,NA,NA,NA,NA,0,0,NA,0,NA,0,0,0,NA,NA,NA,NA,NA,NA,0,0,0,NA,0,0,0,0,NA,0,NA,0,NA,NA,NA,0,0,0,NA,0,NA,NA,0,0,0,NA,0,0,0,NA,0,0,0,0,0,0,0,0,0,NA,0,0,0,0,0,NA,0,NA,NA,NA,NA,NA,NA,NA,NA,NA,NA,NA,NA,NA,NA,NA,NA,NA,NA
"102",1,NA,NA,NA,NA,NA,NA,0,0,0,NA,0,NA,0,0,0,NA,NA,NA,NA,NA,0,0,0,0,NA,NA,0,0,0,NA,0,NA,0,NA,NA,NA,0,0,0,NA,0,NA,NA,0,NA,0,NA,0,0,0,NA,0,0,0,0,0,0,0,0,0,NA,0,0,0,0,0,NA,0,NA,NA,NA,NA,NA,NA,NA,NA,NA,NA,NA,NA,NA,NA,NA,NA,NA,NA
"103",1,NA,NA,NA,NA,NA,NA,0,0,0,NA,0,NA,0,0,0,NA,NA,NA,NA,NA,NA,0,0,0,NA,NA,0,0,0,NA,0,NA,0,NA,NA,NA,0,0,0,NA,0,NA,NA,0,0,0,NA,0,0,0,NA,0,0,0,0,0,0,0,0,0,NA,0,0,0,0,0,NA,0,NA,NA,NA,NA,NA,NA,NA,NA,NA,NA,NA,NA,NA,NA,NA,NA,NA,NA
"104",1,NA,NA,NA,NA,NA,NA,NA,0,0,NA,0,NA,0,0,0,NA,NA,NA,NA,NA,0,0,0,0,NA,0,0,0,0,NA,0,NA,0,NA,NA,NA,0,0,0,NA,0,NA,NA,0,NA,0,NA,0,0,0,NA,0,0,0,0,0,0,0,0,0,NA,0,0,0,0,0,NA,0,NA,NA,NA,NA,NA,NA,NA,NA,NA,NA,NA,NA,NA,NA,NA,NA,NA,NA
"105",1,NA,NA,NA,NA,NA,NA,NA,0,0,NA,0,NA,0,0,0,NA,NA,NA,NA,NA,NA,0,0,0,NA,NA,0,0,0,NA,0,NA,0,NA,NA,NA,0,0,0,NA,0,NA,NA,0,0,0,NA,0,0,0,NA,0,0,0,0,0,0,0,0,0,NA,0,0,0,0,0,NA,0,NA,NA,NA,NA,NA,NA,NA,NA,NA,NA,NA,NA,NA,NA,NA,NA,NA,NA
"106",1,NA,NA,NA,NA,NA,NA,NA,0,0,NA,0,NA,0,0,0,NA,NA,NA,NA,NA,0,0,0,0,NA,NA,0,0,0,NA,0,NA,0,NA,NA,NA,0,0,0,NA,0,NA,NA,0,NA,0,NA,0,0,0,NA,0,0,0,0,0,0,0,0,0,NA,0,0,0,0,0,NA,0,NA,NA,NA,NA,NA,NA,NA,NA,NA,NA,NA,NA,NA,NA,NA,NA,NA,NA
"107",1,NA,NA,NA,NA,NA,NA,0,0,0,NA,0,NA,0,0,0,NA,NA,NA,NA,NA,NA,0,0,0,NA,0,0,0,0,NA,0,NA,0,NA,NA,NA,0,0,0,NA,0,NA,NA,0,NA,0,NA,0,0,0,NA,0,0,0,0,0,0,0,0,0,NA,0,0,0,0,0,NA,0,NA,NA,NA,NA,NA,NA,NA,NA,NA,NA,NA,NA,NA,NA,NA,NA,NA,NA
"108",1,NA,NA,NA,NA,NA,NA,0,0,0,NA,0,NA,0,0,0,NA,NA,NA,NA,NA,NA,0,0,0,NA,NA,0,0,0,NA,0,NA,0,NA,NA,NA,0,0,0,NA,0,NA,NA,0,NA,0,NA,0,0,0,NA,0,0,0,0,0,0,0,0,0,NA,0,0,0,0,0,NA,0,NA,NA,NA,NA,NA,NA,NA,NA,NA,NA,NA,NA,NA,NA,NA,NA,NA,NA
"109",1,NA,NA,NA,NA,NA,NA,NA,0,0,NA,0,NA,0,0,0,NA,NA,NA,NA,NA,NA,0,0,0,NA,0,0,0,0,NA,0,NA,0,NA,NA,NA,0,0,0,NA,0,NA,NA,0,NA,0,NA,0,0,0,NA,0,0,0,0,0,0,0,0,0,NA,0,0,0,0,0,NA,0,NA,NA,NA,NA,NA,NA,NA,NA,NA,NA,NA,NA,NA,NA,NA,NA,NA,NA
"110",1,NA,NA,NA,NA,NA,NA,NA,0,0,NA,0,NA,0,0,0,NA,NA,NA,NA,NA,NA,0,0,0,NA,NA,0,0,0,NA,0,NA,0,NA,NA,NA,0,0,0,NA,0,NA,NA,0,NA,0,NA,0,0,0,NA,0,0,0,0,0,0,0,0,0,NA,0,0,0,0,0,NA,0,NA,NA,NA,NA,NA,NA,NA,NA,NA,NA,NA,NA,NA,NA,NA,NA,NA,NA
"111",1,NA,NA,NA,NA,NA,NA,0,0,0,NA,0,NA,NA,0,0,NA,NA,NA,NA,NA,0,0,0,0,NA,0,0,0,0,0,0,NA,0,NA,NA,NA,0,0,0,NA,0,NA,NA,0,0,0,NA,0,0,0,NA,0,0,0,0,0,0,0,0,0,NA,0,0,0,0,0,NA,0,NA,NA,NA,NA,NA,NA,NA,NA,NA,NA,NA,NA,NA,NA,NA,NA,NA,NA
"112",1,NA,NA,NA,NA,NA,NA,0,0,0,NA,0,NA,NA,0,0,NA,NA,NA,NA,NA,0,0,0,0,NA,NA,0,0,0,0,0,NA,0,NA,NA,NA,0,0,0,NA,0,NA,NA,0,0,0,NA,0,0,0,NA,0,0,0,0,0,0,0,0,0,NA,0,0,0,0,0,NA,0,NA,NA,NA,NA,NA,NA,NA,NA,NA,NA,NA,NA,NA,NA,NA,NA,NA,NA
"113",1,NA,NA,NA,NA,NA,NA,NA,0,0,NA,0,NA,NA,0,0,NA,NA,NA,NA,NA,0,0,0,0,NA,0,0,0,0,0,0,NA,0,NA,NA,NA,0,0,0,NA,0,NA,NA,0,0,0,NA,0,0,0,NA,0,0,0,0,0,0,0,0,0,NA,0,0,0,0,0,NA,0,NA,NA,NA,NA,NA,NA,NA,NA,NA,NA,NA,NA,NA,NA,NA,NA,NA,NA
"114",1,NA,NA,NA,NA,NA,NA,NA,0,0,NA,0,NA,NA,0,0,NA,NA,NA,NA,NA,0,0,0,0,NA,NA,0,0,0,0,0,NA,0,NA,NA,NA,0,0,0,NA,0,NA,NA,0,0,0,NA,0,0,0,NA,0,0,0,0,0,0,0,0,0,NA,0,0,0,0,0,NA,0,NA,NA,NA,NA,NA,NA,NA,NA,NA,NA,NA,NA,NA,NA,NA,NA,NA,NA
"115",1,NA,NA,NA,NA,NA,NA,0,0,0,NA,0,NA,NA,0,0,NA,NA,NA,NA,NA,NA,0,0,0,NA,0,0,0,0,0,0,NA,0,NA,NA,NA,0,0,0,NA,0,NA,NA,0,0,0,NA,0,0,0,NA,0,0,0,0,0,0,0,0,0,NA,0,0,0,0,0,NA,0,NA,NA,NA,NA,NA,NA,NA,NA,NA,NA,NA,NA,NA,NA,NA,NA,NA,NA
"116",1,NA,NA,NA,NA,NA,NA,0,0,0,NA,0,NA,NA,0,0,NA,NA,NA,NA,NA,0,0,0,0,NA,0,0,0,0,0,0,NA,0,NA,NA,NA,0,0,0,NA,0,NA,NA,0,NA,0,NA,0,0,0,NA,0,0,0,0,0,0,0,0,0,NA,0,0,0,0,0,NA,0,NA,NA,NA,NA,NA,NA,NA,NA,NA,NA,NA,NA,NA,NA,NA,NA,NA,NA
"117",1,NA,NA,NA,NA,NA,NA,0,0,0,NA,0,NA,NA,0,0,NA,NA,NA,NA,NA,NA,0,0,0,NA,NA,0,0,0,0,0,NA,0,NA,NA,NA,0,0,0,NA,0,NA,NA,0,0,0,NA,0,0,0,NA,0,0,0,0,0,0,0,0,0,NA,0,0,0,0,0,NA,0,NA,NA,NA,NA,NA,NA,NA,NA,NA,NA,NA,NA,NA,NA,NA,NA,NA,NA
"118",1,NA,NA,NA,NA,NA,NA,0,0,0,NA,0,NA,NA,0,0,NA,NA,NA,NA,NA,0,0,0,0,NA,NA,0,0,0,0,0,NA,0,NA,NA,NA,0,0,0,NA,0,NA,NA,0,NA,0,NA,0,0,0,NA,0,0,0,0,0,0,0,0,0,NA,0,0,0,0,0,NA,0,NA,NA,NA,NA,NA,NA,NA,NA,NA,NA,NA,NA,NA,NA,NA,NA,NA,NA
"119",1,NA,NA,NA,NA,NA,NA,NA,0,0,NA,0,NA,NA,0,0,NA,NA,NA,NA,NA,NA,0,0,0,NA,0,0,0,0,0,0,NA,0,NA,NA,NA,0,0,0,NA,0,NA,NA,0,0,0,NA,0,0,0,NA,0,0,0,0,0,0,0,0,0,NA,0,0,0,0,0,NA,0,NA,NA,NA,NA,NA,NA,NA,NA,NA,NA,NA,NA,NA,NA,NA,NA,NA,NA
"120",1,NA,NA,NA,NA,NA,NA,NA,0,0,NA,0,NA,NA,0,0,NA,NA,NA,NA,NA,0,0,0,0,NA,0,0,0,0,0,0,NA,0,NA,NA,NA,0,0,0,NA,0,NA,NA,0,NA,0,NA,0,0,0,NA,0,0,0,0,0,0,0,0,0,NA,0,0,0,0,0,NA,0,NA,NA,NA,NA,NA,NA,NA,NA,NA,NA,NA,NA,NA,NA,NA,NA,NA,NA
"121",1,NA,NA,NA,NA,NA,NA,NA,0,0,NA,0,NA,NA,0,0,NA,NA,NA,NA,NA,NA,0,0,0,NA,NA,0,0,0,0,0,NA,0,NA,NA,NA,0,0,0,NA,0,NA,NA,0,0,0,NA,0,0,0,NA,0,0,0,0,0,0,0,0,0,NA,0,0,0,0,0,NA,0,NA,NA,NA,NA,NA,NA,NA,NA,NA,NA,NA,NA,NA,NA,NA,NA,NA,NA
"122",1,NA,NA,NA,NA,NA,NA,NA,0,0,NA,0,NA,NA,0,0,NA,NA,NA,NA,NA,0,0,0,0,NA,NA,0,0,0,0,0,NA,0,NA,NA,NA,0,0,0,NA,0,NA,NA,0,NA,0,NA,0,0,0,NA,0,0,0,0,0,0,0,0,0,NA,0,0,0,0,0,NA,0,NA,NA,NA,NA,NA,NA,NA,NA,NA,NA,NA,NA,NA,NA,NA,NA,NA,NA
"123",1,NA,NA,NA,NA,NA,NA,0,0,0,NA,0,NA,NA,0,0,NA,NA,NA,NA,NA,NA,0,0,0,NA,0,0,0,0,0,0,NA,0,NA,NA,NA,0,0,0,NA,0,NA,NA,0,NA,0,NA,0,0,0,NA,0,0,0,0,0,0,0,0,0,NA,0,0,0,0,0,NA,0,NA,NA,NA,NA,NA,NA,NA,NA,NA,NA,NA,NA,NA,NA,NA,NA,NA,NA
"124",1,NA,NA,NA,NA,NA,NA,NA,0,0,NA,0,NA,NA,0,0,NA,NA,NA,NA,NA,NA,0,0,0,NA,0,0,0,0,0,0,NA,0,NA,NA,NA,0,0,0,NA,0,NA,NA,0,NA,0,NA,0,0,0,NA,0,0,0,0,0,0,0,0,0,NA,0,0,0,0,0,NA,0,NA,NA,NA,NA,NA,NA,NA,NA,NA,NA,NA,NA,NA,NA,NA,NA,NA,NA
"125",1,NA,NA,NA,NA,NA,NA,0,0,0,NA,0,NA,NA,0,0,NA,NA,NA,NA,NA,NA,0,0,0,NA,NA,0,0,0,0,0,NA,0,NA,NA,NA,0,0,0,NA,0,NA,NA,0,NA,0,NA,0,0,0,NA,0,0,0,0,0,0,0,0,0,NA,0,0,0,0,0,NA,0,NA,NA,NA,NA,NA,NA,NA,NA,NA,NA,NA,NA,NA,NA,NA,NA,NA,NA
"126",1,NA,NA,NA,NA,NA,NA,NA,0,0,NA,0,NA,NA,0,0,NA,NA,NA,NA,NA,NA,0,0,0,NA,NA,0,0,0,0,0,NA,0,NA,NA,NA,0,0,0,NA,0,NA,NA,0,NA,0,NA,0,0,0,NA,0,0,0,0,0,0,0,0,0,NA,0,0,0,0,0,NA,0,NA,NA,NA,NA,NA,NA,NA,NA,NA,NA,NA,NA,NA,NA,NA,NA,NA,NA
"127",1,NA,NA,NA,NA,NA,NA,0,0,0,NA,0,NA,NA,0,0,NA,NA,NA,NA,NA,0,0,0,0,NA,0,0,0,0,NA,0,NA,0,NA,NA,NA,0,0,0,NA,0,NA,NA,0,0,0,NA,0,0,0,NA,0,0,0,0,0,0,0,0,0,NA,0,0,0,0,0,NA,0,NA,NA,NA,NA,NA,NA,NA,NA,NA,NA,NA,NA,NA,NA,NA,NA,NA,NA
"128",1,NA,NA,NA,NA,NA,NA,0,0,0,NA,0,NA,NA,0,0,NA,NA,NA,NA,NA,0,0,0,0,NA,NA,0,0,0,NA,0,NA,0,NA,NA,NA,0,0,0,NA,0,NA,NA,0,0,0,NA,0,0,0,NA,0,0,0,0,0,0,0,0,0,NA,0,0,0,0,0,NA,0,NA,NA,NA,NA,NA,NA,NA,NA,NA,NA,NA,NA,NA,NA,NA,NA,NA,NA
"129",1,NA,NA,NA,NA,NA,NA,NA,0,0,NA,0,NA,NA,0,0,NA,NA,NA,NA,NA,0,0,0,0,NA,0,0,0,0,NA,0,NA,0,NA,NA,NA,0,0,0,NA,0,NA,NA,0,0,0,NA,0,0,0,NA,0,0,0,0,0,0,0,0,0,NA,0,0,0,0,0,NA,0,NA,NA,NA,NA,NA,NA,NA,NA,NA,NA,NA,NA,NA,NA,NA,NA,NA,NA
"130",1,NA,NA,NA,NA,NA,NA,NA,0,0,NA,0,NA,NA,0,0,NA,NA,NA,NA,NA,0,0,0,0,NA,NA,0,0,0,NA,0,NA,0,NA,NA,NA,0,0,0,NA,0,NA,NA,0,0,0,NA,0,0,0,NA,0,0,0,0,0,0,0,0,0,NA,0,0,0,0,0,NA,0,NA,NA,NA,NA,NA,NA,NA,NA,NA,NA,NA,NA,NA,NA,NA,NA,NA,NA
"131",1,NA,NA,NA,NA,NA,NA,0,0,0,NA,0,NA,NA,0,0,NA,NA,NA,NA,NA,NA,0,0,0,NA,0,0,0,0,NA,0,NA,0,NA,NA,NA,0,0,0,NA,0,NA,NA,0,0,0,NA,0,0,0,NA,0,0,0,0,0,0,0,0,0,NA,0,0,0,0,0,NA,0,NA,NA,NA,NA,NA,NA,NA,NA,NA,NA,NA,NA,NA,NA,NA,NA,NA,NA
"132",1,NA,NA,NA,NA,NA,NA,0,0,0,NA,0,NA,NA,0,0,NA,NA,NA,NA,NA,0,0,0,0,NA,0,0,0,0,NA,0,NA,0,NA,NA,NA,0,0,0,NA,0,NA,NA,0,NA,0,NA,0,0,0,NA,0,0,0,0,0,0,0,0,0,NA,0,0,0,0,0,NA,0,NA,NA,NA,NA,NA,NA,NA,NA,NA,NA,NA,NA,NA,NA,NA,NA,NA,NA
"133",1,NA,NA,NA,NA,NA,NA,0,NA,0,NA,0,NA,NA,0,0,0,NA,NA,0,NA,NA,0,0,0,NA,NA,0,0,0,NA,0,0,0,NA,NA,NA,0,0,0,NA,0,NA,NA,0,0,0,NA,0,0,0,NA,0,0,0,0,NA,0,0,0,0,NA,0,0,0,0,0,0,0,NA,NA,NA,NA,NA,NA,NA,NA,NA,NA,NA,NA,NA,NA,NA,NA,NA,NA
"134",1,NA,NA,NA,NA,NA,NA,NA,0,0,NA,0,NA,NA,0,0,NA,NA,NA,NA,NA,NA,0,0,0,NA,0,0,0,0,NA,0,NA,0,NA,NA,NA,0,0,0,NA,0,NA,NA,0,0,0,NA,0,0,0,NA,0,0,0,0,0,0,0,0,0,NA,0,0,0,0,0,NA,0,NA,NA,NA,NA,NA,NA,NA,NA,NA,NA,NA,NA,NA,NA,NA,NA,NA,NA
"135",1,NA,NA,NA,NA,NA,NA,0,NA,0,NA,0,NA,NA,0,0,0,NA,NA,0,NA,0,0,0,0,NA,NA,0,0,0,NA,0,0,0,NA,NA,NA,0,0,0,NA,0,NA,NA,0,NA,0,NA,0,0,0,NA,0,0,0,0,NA,0,0,0,0,NA,0,0,0,0,0,0,0,NA,NA,NA,NA,NA,NA,NA,NA,NA,NA,NA,NA,NA,NA,NA,NA,NA,NA
"136",1,NA,NA,NA,NA,NA,NA,NA,0,0,NA,0,NA,NA,0,0,NA,NA,NA,NA,NA,NA,0,0,0,NA,NA,0,0,0,NA,0,NA,0,NA,NA,NA,0,0,0,NA,0,NA,NA,0,0,0,NA,0,0,0,NA,0,0,0,0,0,0,0,0,0,NA,0,0,0,0,0,NA,0,NA,NA,NA,NA,NA,NA,NA,NA,NA,NA,NA,NA,NA,NA,NA,NA,NA,NA
"137",1,NA,NA,NA,NA,NA,NA,NA,NA,0,NA,0,NA,NA,0,0,0,NA,NA,0,NA,0,0,0,0,NA,0,0,0,0,NA,0,0,0,NA,NA,NA,0,0,0,NA,0,NA,NA,0,NA,0,NA,0,0,0,NA,0,0,0,0,NA,0,0,0,0,NA,0,0,0,0,0,0,0,NA,NA,NA,NA,NA,NA,NA,NA,NA,NA,NA,NA,NA,NA,NA,NA,NA,NA
"138",1,NA,NA,NA,NA,NA,NA,NA,0,0,NA,0,NA,NA,0,0,NA,NA,NA,NA,NA,0,0,0,0,NA,NA,0,0,0,NA,0,NA,0,NA,NA,NA,0,0,0,NA,0,NA,NA,0,NA,0,NA,0,0,0,NA,0,0,0,0,0,0,0,0,0,NA,0,0,0,0,0,NA,0,NA,NA,NA,NA,NA,NA,NA,NA,NA,NA,NA,NA,NA,NA,NA,NA,NA,NA
"139",1,NA,NA,NA,NA,NA,NA,0,NA,0,NA,0,NA,NA,0,0,0,NA,NA,0,NA,NA,0,0,0,NA,0,0,0,0,NA,0,0,0,NA,NA,NA,0,0,0,NA,0,NA,NA,0,NA,0,NA,0,0,0,NA,0,0,0,0,NA,0,0,0,0,NA,0,0,0,0,0,0,0,NA,NA,NA,NA,NA,NA,NA,NA,NA,NA,NA,NA,NA,NA,NA,NA,NA,NA
"140",1,NA,NA,NA,NA,NA,NA,0,NA,0,NA,0,NA,NA,0,0,0,NA,NA,0,NA,NA,0,0,0,NA,NA,0,0,0,NA,0,0,0,NA,NA,NA,0,0,0,NA,0,NA,NA,0,NA,0,NA,0,0,0,NA,0,0,0,0,NA,0,0,0,0,NA,0,0,0,0,0,0,0,NA,NA,NA,NA,NA,NA,NA,NA,NA,NA,NA,NA,NA,NA,NA,NA,NA,NA
"141",1,NA,NA,NA,NA,NA,NA,NA,NA,0,NA,0,NA,NA,0,0,0,NA,NA,0,NA,NA,0,0,0,NA,0,0,0,0,NA,0,0,0,NA,NA,NA,0,0,0,NA,0,NA,NA,0,NA,0,NA,0,0,0,NA,0,0,0,0,NA,0,0,0,0,NA,0,0,0,0,0,0,0,NA,NA,NA,NA,NA,NA,NA,NA,NA,NA,NA,NA,NA,NA,NA,NA,NA,NA
"142",1,NA,NA,NA,NA,NA,NA,NA,0,0,NA,0,NA,NA,0,0,NA,NA,NA,NA,NA,NA,0,0,0,NA,NA,0,0,0,NA,0,NA,0,NA,NA,NA,0,0,0,NA,0,NA,NA,0,NA,0,NA,0,0,0,NA,0,0,0,0,0,0,0,0,0,NA,0,0,0,0,0,NA,0,NA,NA,NA,NA,NA,NA,NA,NA,NA,NA,NA,NA,NA,NA,NA,NA,NA,NA
"143",1,NA,NA,NA,NA,NA,NA,0,NA,0,NA,0,NA,0,0,0,0,NA,NA,0,NA,0,0,NA,0,NA,0,0,0,0,0,0,0,0,NA,NA,NA,0,0,0,NA,0,NA,NA,0,0,0,NA,0,0,0,NA,0,0,0,0,NA,0,0,0,0,NA,0,0,0,0,0,0,0,NA,NA,NA,NA,NA,NA,NA,NA,NA,NA,NA,NA,NA,NA,NA,NA,NA,NA
"144",1,NA,NA,NA,NA,NA,NA,0,0,0,NA,0,NA,0,0,0,NA,NA,NA,NA,NA,0,0,NA,0,NA,NA,0,0,0,0,0,NA,0,NA,NA,NA,0,0,0,NA,0,NA,NA,0,0,0,NA,0,0,0,NA,0,0,0,0,0,0,0,0,0,NA,0,0,0,0,0,NA,0,NA,NA,NA,NA,NA,NA,NA,NA,NA,NA,NA,NA,NA,NA,NA,NA,NA,NA
"145",1,NA,NA,NA,NA,NA,NA,NA,NA,0,NA,0,NA,0,0,0,0,NA,NA,0,NA,0,0,NA,0,NA,0,0,0,0,0,0,0,0,NA,NA,NA,0,0,0,NA,0,NA,NA,0,0,0,NA,0,0,0,NA,0,0,0,0,NA,0,0,0,0,NA,0,0,0,0,0,0,0,NA,NA,NA,NA,NA,NA,NA,NA,NA,NA,NA,NA,NA,NA,NA,NA,NA,NA
"146",1,NA,NA,NA,NA,NA,NA,NA,0,0,NA,0,NA,0,0,0,NA,NA,NA,NA,NA,0,0,NA,0,NA,NA,0,0,0,0,0,NA,0,NA,NA,NA,0,0,0,NA,0,NA,NA,0,0,0,NA,0,0,0,NA,0,0,0,0,0,0,0,0,0,NA,0,0,0,0,0,NA,0,NA,NA,NA,NA,NA,NA,NA,NA,NA,NA,NA,NA,NA,NA,NA,NA,NA,NA
"147",1,NA,NA,NA,NA,NA,NA,0,NA,0,NA,0,NA,0,0,0,0,NA,NA,0,NA,NA,0,NA,0,NA,0,0,0,0,0,0,0,0,NA,NA,NA,0,0,0,NA,0,NA,NA,0,0,0,NA,0,0,0,NA,0,0,0,0,NA,0,0,0,0,NA,0,0,0,0,0,0,0,NA,NA,NA,NA,NA,NA,NA,NA,NA,NA,NA,NA,NA,NA,NA,NA,NA,NA
"148",1,NA,NA,NA,NA,NA,NA,0,0,0,NA,0,NA,0,0,0,NA,NA,NA,NA,NA,0,0,NA,0,NA,0,0,0,0,0,0,NA,0,NA,NA,NA,0,0,0,NA,0,NA,NA,0,NA,0,NA,0,0,0,NA,0,0,0,0,0,0,0,0,0,NA,0,0,0,0,0,NA,0,NA,NA,NA,NA,NA,NA,NA,NA,NA,NA,NA,NA,NA,NA,NA,NA,NA,NA
"149",1,NA,NA,NA,NA,NA,NA,0,NA,0,NA,0,NA,0,0,0,0,NA,NA,0,NA,NA,0,NA,0,NA,NA,0,0,0,0,0,0,0,NA,NA,NA,0,0,0,NA,0,NA,NA,0,0,0,NA,0,0,0,NA,0,0,0,0,NA,0,0,0,0,NA,0,0,0,0,0,0,0,NA,NA,NA,NA,NA,NA,NA,NA,NA,NA,NA,NA,NA,NA,NA,NA,NA,NA
"150",1,NA,NA,NA,NA,NA,NA,NA,0,0,NA,0,NA,0,0,0,NA,NA,NA,NA,NA,0,0,NA,0,NA,0,0,0,0,0,0,NA,0,NA,NA,NA,0,0,0,NA,0,NA,NA,0,NA,0,NA,0,0,0,NA,0,0,0,0,0,0,0,0,0,NA,0,0,0,0,0,NA,0,NA,NA,NA,NA,NA,NA,NA,NA,NA,NA,NA,NA,NA,NA,NA,NA,NA,NA
"151",1,NA,NA,NA,NA,NA,NA,NA,NA,0,NA,0,NA,0,0,0,0,NA,NA,0,NA,NA,0,NA,0,NA,0,0,0,0,0,0,0,0,NA,NA,NA,0,0,0,NA,0,NA,NA,0,0,0,NA,0,0,0,NA,0,0,0,0,NA,0,0,0,0,NA,0,0,0,0,0,0,0,NA,NA,NA,NA,NA,NA,NA,NA,NA,NA,NA,NA,NA,NA,NA,NA,NA,NA
"152",1,NA,NA,NA,NA,NA,NA,0,0,0,NA,0,NA,0,0,0,NA,NA,NA,NA,NA,0,0,NA,0,NA,NA,0,0,0,0,0,NA,0,NA,NA,NA,0,0,0,NA,0,NA,NA,0,NA,0,NA,0,0,0,NA,0,0,0,0,0,0,0,0,0,NA,0,0,0,0,0,NA,0,NA,NA,NA,NA,NA,NA,NA,NA,NA,NA,NA,NA,NA,NA,NA,NA,NA,NA
"153",1,NA,NA,NA,NA,NA,NA,NA,NA,0,NA,0,NA,0,0,0,0,NA,NA,0,NA,NA,0,NA,0,NA,NA,0,0,0,0,0,0,0,NA,NA,NA,0,0,0,NA,0,NA,NA,0,0,0,NA,0,0,0,NA,0,0,0,0,NA,0,0,0,0,NA,0,0,0,0,0,0,0,NA,NA,NA,NA,NA,NA,NA,NA,NA,NA,NA,NA,NA,NA,NA,NA,NA,NA
"154",1,NA,NA,NA,NA,NA,NA,NA,0,0,NA,0,NA,0,0,0,NA,NA,NA,NA,NA,0,0,NA,0,NA,NA,0,0,0,0,0,NA,0,NA,NA,NA,0,0,0,NA,0,NA,NA,0,NA,0,NA,0,0,0,NA,0,0,0,0,0,0,0,0,0,NA,0,0,0,0,0,NA,0,NA,NA,NA,NA,NA,NA,NA,NA,NA,NA,NA,NA,NA,NA,NA,NA,NA,NA
"155",1,NA,NA,NA,NA,NA,NA,0,0,0,NA,0,NA,0,0,0,NA,NA,NA,NA,NA,NA,0,NA,0,NA,0,0,0,0,0,0,NA,0,NA,NA,NA,0,0,0,NA,0,NA,NA,0,NA,0,NA,0,0,0,NA,0,0,0,0,0,0,0,0,0,NA,0,0,0,0,0,NA,0,NA,NA,NA,NA,NA,NA,NA,NA,NA,NA,NA,NA,NA,NA,NA,NA,NA,NA
"156",1,NA,NA,NA,NA,NA,NA,NA,NA,0,NA,0,NA,0,0,0,0,NA,NA,0,NA,NA,0,NA,0,NA,0,0,0,0,0,0,0,0,NA,NA,NA,0,0,0,NA,0,NA,NA,0,NA,0,NA,0,0,0,NA,0,0,0,0,NA,0,0,0,0,NA,0,0,0,0,0,0,0,NA,NA,NA,NA,NA,NA,NA,NA,NA,NA,NA,NA,NA,NA,NA,NA,NA,NA
"157",1,NA,NA,NA,NA,NA,NA,0,0,0,NA,0,NA,0,0,0,NA,NA,NA,NA,NA,NA,0,NA,0,NA,NA,0,0,0,0,0,NA,0,NA,NA,NA,0,0,0,NA,0,NA,NA,0,NA,0,NA,0,0,0,NA,0,0,0,0,0,0,0,0,0,NA,0,0,0,0,0,NA,0,NA,NA,NA,NA,NA,NA,NA,NA,NA,NA,NA,NA,NA,NA,NA,NA,NA,NA
"158",1,NA,NA,NA,NA,NA,NA,NA,NA,0,NA,0,NA,0,0,0,0,NA,NA,0,NA,NA,0,NA,0,NA,NA,0,0,0,0,0,0,0,NA,NA,NA,0,0,0,NA,0,NA,NA,0,NA,0,NA,0,0,0,NA,0,0,0,0,NA,0,0,0,0,NA,0,0,0,0,0,0,0,NA,NA,NA,NA,NA,NA,NA,NA,NA,NA,NA,NA,NA,NA,NA,NA,NA,NA
"159",1,NA,NA,NA,NA,NA,NA,0,NA,0,NA,0,NA,0,0,0,0,NA,NA,0,NA,0,0,NA,0,NA,0,0,0,0,NA,0,0,0,NA,NA,NA,0,0,0,NA,0,NA,NA,0,0,0,NA,0,0,0,NA,0,0,0,0,NA,0,0,0,0,NA,0,0,0,0,0,0,0,NA,NA,NA,NA,NA,NA,NA,NA,NA,NA,NA,NA,NA,NA,NA,NA,NA,NA
"160",1,NA,NA,NA,NA,NA,NA,NA,NA,0,NA,0,NA,0,0,0,0,NA,NA,0,NA,0,0,NA,0,NA,0,0,0,0,NA,0,0,0,NA,NA,NA,0,0,0,NA,0,NA,NA,0,0,0,NA,0,0,0,NA,0,0,0,0,NA,0,0,0,0,NA,0,0,0,0,0,0,0,NA,NA,NA,NA,NA,NA,NA,NA,NA,NA,NA,NA,NA,NA,NA,NA,NA,NA
"161",1,NA,NA,NA,NA,NA,NA,0,NA,0,NA,0,NA,0,0,0,0,NA,NA,0,NA,0,0,NA,0,NA,NA,0,0,0,NA,0,0,0,NA,NA,NA,0,0,0,NA,0,NA,NA,0,0,0,NA,0,0,0,NA,0,0,0,0,NA,0,0,0,0,NA,0,0,0,0,0,0,0,NA,NA,NA,NA,NA,NA,NA,NA,NA,NA,NA,NA,NA,NA,NA,NA,NA,NA
"162",1,NA,NA,NA,NA,NA,NA,NA,NA,0,NA,0,NA,0,0,0,0,NA,NA,0,NA,0,0,NA,0,NA,NA,0,0,0,NA,0,0,0,NA,NA,NA,0,0,0,NA,0,NA,NA,0,0,0,NA,0,0,0,NA,0,0,0,0,NA,0,0,0,0,NA,0,0,0,0,0,0,0,NA,NA,NA,NA,NA,NA,NA,NA,NA,NA,NA,NA,NA,NA,NA,NA,NA,NA
"163",1,NA,NA,NA,NA,NA,NA,0,NA,0,NA,0,NA,0,0,0,0,NA,NA,0,NA,0,0,NA,0,NA,0,0,0,0,NA,0,0,0,NA,NA,NA,0,0,0,NA,0,NA,NA,0,NA,0,NA,0,0,0,NA,0,0,0,0,NA,0,0,0,0,NA,0,0,0,0,0,0,0,NA,NA,NA,NA,NA,NA,NA,NA,NA,NA,NA,NA,NA,NA,NA,NA,NA,NA
"164",1,NA,NA,NA,NA,NA,NA,NA,NA,0,NA,0,NA,0,0,0,0,NA,NA,0,NA,0,0,NA,0,NA,0,0,0,0,NA,0,0,0,NA,NA,NA,0,0,0,NA,0,NA,NA,0,NA,0,NA,0,0,0,NA,0,0,0,0,NA,0,0,0,0,NA,0,0,0,0,0,0,0,NA,NA,NA,NA,NA,NA,NA,NA,NA,NA,NA,NA,NA,NA,NA,NA,NA,NA
"165",1,NA,NA,NA,NA,NA,NA,0,NA,0,NA,0,NA,0,0,0,0,NA,NA,0,NA,0,0,NA,0,NA,NA,0,0,0,NA,0,0,0,NA,NA,NA,0,0,0,NA,0,NA,NA,0,NA,0,NA,0,0,0,NA,0,0,0,0,NA,0,0,0,0,NA,0,0,0,0,0,0,0,NA,NA,NA,NA,NA,NA,NA,NA,NA,NA,NA,NA,NA,NA,NA,NA,NA,NA
"166",1,NA,NA,NA,NA,NA,NA,NA,NA,0,NA,0,NA,0,0,0,0,NA,NA,0,NA,0,0,NA,0,NA,NA,0,0,0,NA,0,0,0,NA,NA,NA,0,0,0,NA,0,NA,NA,0,NA,0,NA,0,0,0,NA,0,0,0,0,NA,0,0,0,0,NA,0,0,0,0,0,0,0,NA,NA,NA,NA,NA,NA,NA,NA,NA,NA,NA,NA,NA,NA,NA,NA,NA,NA
"167",1,NA,NA,NA,NA,NA,NA,0,NA,0,NA,0,NA,0,0,0,0,NA,NA,0,NA,NA,0,NA,0,NA,0,0,0,0,NA,0,0,0,NA,NA,NA,0,0,0,NA,0,NA,NA,0,0,0,NA,0,0,0,NA,0,0,0,0,NA,0,0,0,0,NA,0,0,0,0,0,0,0,NA,NA,NA,NA,NA,NA,NA,NA,NA,NA,NA,NA,NA,NA,NA,NA,NA,NA
"168",1,NA,NA,NA,NA,NA,NA,NA,NA,0,NA,0,NA,0,0,0,0,NA,NA,0,NA,NA,0,NA,0,NA,0,0,0,0,NA,0,0,0,NA,NA,NA,0,0,0,NA,0,NA,NA,0,0,0,NA,0,0,0,NA,0,0,0,0,NA,0,0,0,0,NA,0,0,0,0,0,0,0,NA,NA,NA,NA,NA,NA,NA,NA,NA,NA,NA,NA,NA,NA,NA,NA,NA,NA
"169",1,NA,NA,NA,NA,NA,NA,0,NA,0,NA,0,NA,0,0,0,0,NA,NA,0,NA,NA,0,NA,0,NA,NA,0,0,0,NA,0,0,0,NA,NA,NA,0,0,0,NA,0,NA,NA,0,0,0,NA,0,0,0,NA,0,0,0,0,NA,0,0,0,0,NA,0,0,0,0,0,0,0,NA,NA,NA,NA,NA,NA,NA,NA,NA,NA,NA,NA,NA,NA,NA,NA,NA,NA
"170",1,NA,NA,NA,NA,NA,NA,0,NA,0,NA,0,NA,NA,0,0,0,NA,NA,0,NA,0,0,NA,0,NA,0,0,0,0,0,0,0,0,NA,NA,NA,0,0,0,NA,0,NA,NA,0,0,0,NA,0,0,0,NA,0,0,0,0,NA,0,0,0,0,NA,0,0,0,0,0,0,0,NA,NA,NA,NA,NA,NA,NA,NA,NA,NA,NA,NA,NA,NA,NA,NA,NA,NA
"171",1,NA,NA,NA,NA,NA,NA,NA,NA,0,NA,0,NA,0,0,0,0,NA,NA,0,NA,NA,0,NA,0,NA,NA,0,0,0,NA,0,0,0,NA,NA,NA,0,0,0,NA,0,NA,NA,0,0,0,NA,0,0,0,NA,0,0,0,0,NA,0,0,0,0,NA,0,0,0,0,0,0,0,NA,NA,NA,NA,NA,NA,NA,NA,NA,NA,NA,NA,NA,NA,NA,NA,NA,NA
"172",1,NA,NA,NA,NA,NA,NA,0,NA,0,NA,0,NA,0,0,0,0,NA,NA,0,NA,NA,0,NA,0,NA,0,0,0,0,NA,0,0,0,NA,NA,NA,0,0,0,NA,0,NA,NA,0,NA,0,NA,0,0,0,NA,0,0,0,0,NA,0,0,0,0,NA,0,0,0,0,0,0,0,NA,NA,NA,NA,NA,NA,NA,NA,NA,NA,NA,NA,NA,NA,NA,NA,NA,NA
"173",1,NA,NA,NA,NA,NA,NA,0,NA,0,NA,0,NA,0,0,0,0,NA,NA,0,NA,NA,0,NA,0,NA,NA,0,0,0,NA,0,0,0,NA,NA,NA,0,0,0,NA,0,NA,NA,0,NA,0,NA,0,0,0,NA,0,0,0,0,NA,0,0,0,0,NA,0,0,0,0,0,0,0,NA,NA,NA,NA,NA,NA,NA,NA,NA,NA,NA,NA,NA,NA,NA,NA,NA,NA
"174",1,NA,NA,NA,NA,NA,NA,NA,NA,0,NA,0,NA,0,0,0,0,NA,NA,0,NA,NA,0,NA,0,NA,0,0,0,0,NA,0,0,0,NA,NA,NA,0,0,0,NA,0,NA,NA,0,NA,0,NA,0,0,0,NA,0,0,0,0,NA,0,0,0,0,NA,0,0,0,0,0,0,0,NA,NA,NA,NA,NA,NA,NA,NA,NA,NA,NA,NA,NA,NA,NA,NA,NA,NA
"175",1,NA,NA,NA,NA,NA,NA,NA,NA,0,NA,0,NA,0,0,0,0,NA,NA,0,NA,NA,0,NA,0,NA,NA,0,0,0,NA,0,0,0,NA,NA,NA,0,0,0,NA,0,NA,NA,0,NA,0,NA,0,0,0,NA,0,0,0,0,NA,0,0,0,0,NA,0,0,0,0,0,0,0,NA,NA,NA,NA,NA,NA,NA,NA,NA,NA,NA,NA,NA,NA,NA,NA,NA,NA
"176",1,NA,NA,NA,NA,NA,NA,NA,NA,0,NA,0,NA,NA,0,0,0,NA,NA,0,NA,0,0,NA,0,NA,0,0,0,0,0,0,0,0,NA,NA,NA,0,0,0,NA,0,NA,NA,0,0,0,NA,0,0,0,NA,0,0,0,0,NA,0,0,0,0,NA,0,0,0,0,0,0,0,NA,NA,NA,NA,NA,NA,NA,NA,NA,NA,NA,NA,NA,NA,NA,NA,NA,NA
"177",1,NA,NA,NA,NA,NA,NA,0,NA,0,NA,0,NA,NA,0,0,0,NA,NA,0,NA,0,0,NA,0,NA,NA,0,0,0,0,0,0,0,NA,NA,NA,0,0,0,NA,0,NA,NA,0,0,0,NA,0,0,0,NA,0,0,0,0,NA,0,0,0,0,NA,0,0,0,0,0,0,0,NA,NA,NA,NA,NA,NA,NA,NA,NA,NA,NA,NA,NA,NA,NA,NA,NA,NA
"178",1,NA,NA,NA,NA,NA,NA,NA,NA,0,NA,0,NA,NA,0,0,0,NA,NA,0,NA,0,0,NA,0,NA,NA,0,0,0,0,0,0,0,NA,NA,NA,0,0,0,NA,0,NA,NA,0,0,0,NA,0,0,0,NA,0,0,0,0,NA,0,0,0,0,NA,0,0,0,0,0,0,0,NA,NA,NA,NA,NA,NA,NA,NA,NA,NA,NA,NA,NA,NA,NA,NA,NA,NA
"179",1,NA,NA,NA,NA,NA,NA,0,NA,0,NA,0,NA,NA,0,0,0,NA,NA,0,NA,NA,0,NA,0,NA,0,0,0,0,0,0,0,0,NA,NA,NA,0,0,0,NA,0,NA,NA,0,0,0,NA,0,0,0,NA,0,0,0,0,NA,0,0,0,0,NA,0,0,0,0,0,0,0,NA,NA,NA,NA,NA,NA,NA,NA,NA,NA,NA,NA,NA,NA,NA,NA,NA,NA
"180",1,NA,NA,NA,NA,NA,NA,0,NA,0,NA,0,NA,NA,0,0,0,NA,NA,0,NA,0,0,NA,0,NA,0,0,0,0,0,0,0,0,NA,NA,NA,0,0,0,NA,0,NA,NA,0,NA,0,NA,0,0,0,NA,0,0,0,0,NA,0,0,0,0,NA,0,0,0,0,0,0,0,NA,NA,NA,NA,NA,NA,NA,NA,NA,NA,NA,NA,NA,NA,NA,NA,NA,NA
"181",1,NA,NA,NA,NA,NA,NA,NA,NA,0,NA,0,NA,NA,0,0,0,NA,NA,0,NA,NA,0,NA,0,NA,0,0,0,0,0,0,0,0,NA,NA,NA,0,0,0,NA,0,NA,NA,0,0,0,NA,0,0,0,NA,0,0,0,0,NA,0,0,0,0,NA,0,0,0,0,0,0,0,NA,NA,NA,NA,NA,NA,NA,NA,NA,NA,NA,NA,NA,NA,NA,NA,NA,NA
"182",1,NA,NA,NA,NA,NA,NA,0,NA,0,NA,0,NA,NA,0,0,0,NA,NA,0,NA,0,0,NA,0,NA,NA,0,0,0,0,0,0,0,NA,NA,NA,0,0,0,NA,0,NA,NA,0,NA,0,NA,0,0,0,NA,0,0,0,0,NA,0,0,0,0,NA,0,0,0,0,0,0,0,NA,NA,NA,NA,NA,NA,NA,NA,NA,NA,NA,NA,NA,NA,NA,NA,NA,NA
"183",1,NA,NA,NA,NA,NA,NA,0,NA,0,NA,0,NA,NA,0,0,0,NA,NA,0,NA,NA,0,NA,0,NA,NA,0,0,0,0,0,0,0,NA,NA,NA,0,0,0,NA,0,NA,NA,0,0,0,NA,0,0,0,NA,0,0,0,0,NA,0,0,0,0,NA,0,0,0,0,0,0,0,NA,NA,NA,NA,NA,NA,NA,NA,NA,NA,NA,NA,NA,NA,NA,NA,NA,NA
"184",1,NA,NA,NA,NA,NA,NA,NA,NA,0,NA,0,NA,NA,0,0,0,NA,NA,0,NA,0,0,NA,0,NA,0,0,0,0,0,0,0,0,NA,NA,NA,0,0,0,NA,0,NA,NA,0,NA,0,NA,0,0,0,NA,0,0,0,0,NA,0,0,0,0,NA,0,0,0,0,0,0,0,NA,NA,NA,NA,NA,NA,NA,NA,NA,NA,NA,NA,NA,NA,NA,NA,NA,NA
"185",1,NA,NA,NA,NA,NA,NA,NA,NA,0,NA,0,NA,NA,0,0,0,NA,NA,0,NA,NA,0,NA,0,NA,NA,0,0,0,0,0,0,0,NA,NA,NA,0,0,0,NA,0,NA,NA,0,0,0,NA,0,0,0,NA,0,0,0,0,NA,0,0,0,0,NA,0,0,0,0,0,0,0,NA,NA,NA,NA,NA,NA,NA,NA,NA,NA,NA,NA,NA,NA,NA,NA,NA,NA
"186",1,NA,NA,NA,NA,NA,NA,NA,NA,0,NA,0,NA,NA,0,0,0,NA,NA,0,NA,0,0,NA,0,NA,NA,0,0,0,0,0,0,0,NA,NA,NA,0,0,0,NA,0,NA,NA,0,NA,0,NA,0,0,0,NA,0,0,0,0,NA,0,0,0,0,NA,0,0,0,0,0,0,0,NA,NA,NA,NA,NA,NA,NA,NA,NA,NA,NA,NA,NA,NA,NA,NA,NA,NA
"187",1,NA,NA,NA,NA,NA,NA,0,NA,0,NA,0,NA,NA,0,0,0,NA,NA,0,NA,NA,0,NA,0,NA,0,0,0,0,0,0,0,0,NA,NA,NA,0,0,0,NA,0,NA,NA,0,NA,0,NA,0,0,0,NA,0,0,0,0,NA,0,0,0,0,NA,0,0,0,0,0,0,0,NA,NA,NA,NA,NA,NA,NA,NA,NA,NA,NA,NA,NA,NA,NA,NA,NA,NA
"188",1,NA,NA,NA,NA,NA,NA,0,NA,0,NA,0,NA,NA,0,0,0,NA,NA,0,NA,NA,0,NA,0,NA,NA,0,0,0,0,0,0,0,NA,NA,NA,0,0,0,NA,0,NA,NA,0,NA,0,NA,0,0,0,NA,0,0,0,0,NA,0,0,0,0,NA,0,0,0,0,0,0,0,NA,NA,NA,NA,NA,NA,NA,NA,NA,NA,NA,NA,NA,NA,NA,NA,NA,NA
"189",1,NA,NA,NA,NA,NA,NA,NA,NA,0,NA,0,NA,NA,0,0,0,NA,NA,0,NA,NA,0,NA,0,NA,0,0,0,0,0,0,0,0,NA,NA,NA,0,0,0,NA,0,NA,NA,0,NA,0,NA,0,0,0,NA,0,0,0,0,NA,0,0,0,0,NA,0,0,0,0,0,0,0,NA,NA,NA,NA,NA,NA,NA,NA,NA,NA,NA,NA,NA,NA,NA,NA,NA,NA
"190",1,NA,NA,NA,NA,NA,NA,NA,NA,0,NA,0,NA,NA,0,0,0,NA,NA,0,NA,NA,0,NA,0,NA,NA,0,0,0,0,0,0,0,NA,NA,NA,0,0,0,NA,0,NA,NA,0,NA,0,NA,0,0,0,NA,0,0,0,0,NA,0,0,0,0,NA,0,0,0,0,0,0,0,NA,NA,NA,NA,NA,NA,NA,NA,NA,NA,NA,NA,NA,NA,NA,NA,NA,NA
"191",1,NA,NA,NA,NA,NA,NA,0,NA,0,NA,0,NA,NA,0,0,0,NA,NA,0,NA,0,0,NA,0,NA,0,0,0,0,NA,0,0,0,NA,NA,NA,0,0,0,NA,0,NA,NA,0,0,0,NA,0,0,0,NA,0,0,0,0,NA,0,0,0,0,NA,0,0,0,0,0,0,0,NA,NA,NA,NA,NA,NA,NA,NA,NA,NA,NA,NA,NA,NA,NA,NA,NA,NA
"192",1,NA,NA,NA,NA,NA,NA,0,NA,0,NA,0,NA,NA,0,0,0,NA,NA,0,NA,0,0,NA,0,NA,NA,0,0,0,NA,0,0,0,NA,NA,NA,0,0,0,NA,0,NA,NA,0,0,0,NA,0,0,0,NA,0,0,0,0,NA,0,0,0,0,NA,0,0,0,0,0,0,0,NA,NA,NA,NA,NA,NA,NA,NA,NA,NA,NA,NA,NA,NA,NA,NA,NA,NA
"193",1,NA,NA,NA,NA,NA,NA,NA,NA,0,NA,0,NA,NA,0,0,0,NA,NA,0,NA,0,0,NA,0,NA,0,0,0,0,NA,0,0,0,NA,NA,NA,0,0,0,NA,0,NA,NA,0,0,0,NA,0,0,0,NA,0,0,0,0,NA,0,0,0,0,NA,0,0,0,0,0,0,0,NA,NA,NA,NA,NA,NA,NA,NA,NA,NA,NA,NA,NA,NA,NA,NA,NA,NA
"194",1,NA,NA,NA,NA,NA,NA,NA,NA,0,NA,0,NA,NA,0,0,0,NA,NA,0,NA,0,0,NA,0,NA,NA,0,0,0,NA,0,0,0,NA,NA,NA,0,0,0,NA,0,NA,NA,0,0,0,NA,0,0,0,NA,0,0,0,0,NA,0,0,0,0,NA,0,0,0,0,0,0,0,NA,NA,NA,NA,NA,NA,NA,NA,NA,NA,NA,NA,NA,NA,NA,NA,NA,NA
"195",1,NA,NA,NA,NA,NA,NA,0,NA,0,NA,0,NA,NA,0,0,0,NA,NA,0,NA,0,0,NA,0,NA,0,0,0,0,NA,0,0,0,NA,NA,NA,0,0,0,NA,0,NA,NA,0,NA,0,NA,0,0,0,NA,0,0,0,0,NA,0,0,0,0,NA,0,0,0,0,0,0,0,NA,NA,NA,NA,NA,NA,NA,NA,NA,NA,NA,NA,NA,NA,NA,NA,NA,NA
"196",1,NA,NA,NA,NA,NA,NA,0,NA,0,NA,0,NA,NA,0,0,0,NA,NA,0,NA,0,0,NA,0,NA,NA,0,0,0,NA,0,0,0,NA,NA,NA,0,0,0,NA,0,NA,NA,0,NA,0,NA,0,0,0,NA,0,0,0,0,NA,0,0,0,0,NA,0,0,0,0,0,0,0,NA,NA,NA,NA,NA,NA,NA,NA,NA,NA,NA,NA,NA,NA,NA,NA,NA,NA
"197",1,NA,NA,NA,NA,NA,NA,NA,NA,0,NA,0,NA,NA,0,0,0,NA,NA,0,NA,0,0,NA,0,NA,0,0,0,0,NA,0,0,0,NA,NA,NA,0,0,0,NA,0,NA,NA,0,NA,0,NA,0,0,0,NA,0,0,0,0,NA,0,0,0,0,NA,0,0,0,0,0,0,0,NA,NA,NA,NA,NA,NA,NA,NA,NA,NA,NA,NA,NA,NA,NA,NA,NA,NA
"198",1,NA,NA,NA,NA,NA,NA,NA,NA,0,NA,0,NA,NA,0,0,0,NA,NA,0,NA,0,0,NA,0,NA,NA,0,0,0,NA,0,0,0,NA,NA,NA,0,0,0,NA,0,NA,NA,0,NA,0,NA,0,0,0,NA,0,0,0,0,NA,0,0,0,0,NA,0,0,0,0,0,0,0,NA,NA,NA,NA,NA,NA,NA,NA,NA,NA,NA,NA,NA,NA,NA,NA,NA,NA
"199",1,NA,NA,NA,NA,NA,NA,0,NA,0,NA,0,NA,NA,0,0,0,NA,NA,0,NA,NA,0,NA,0,NA,0,0,0,0,NA,0,0,0,NA,NA,NA,0,0,0,NA,0,NA,NA,0,0,0,NA,0,0,0,NA,0,0,0,0,NA,0,0,0,0,NA,0,0,0,0,0,0,0,NA,NA,NA,NA,NA,NA,NA,NA,NA,NA,NA,NA,NA,NA,NA,NA,NA,NA
"200",NA,1,1,NA,0,0,1,0,0,NA,0,0,0,NA,NA,0,NA,NA,NA,NA,0,0,NA,NA,NA,0,0,0,NA,0,0,0,NA,0,0,0,0,NA,NA,NA,NA,NA,0,0,0,0,0,0,NA,0,NA,0,NA,NA,0,0,NA,0,0,0,0,0,0,NA,NA,NA,NA,NA,NA,0,NA,NA,NA,NA,NA,NA,NA,NA,NA,NA,NA,NA,NA,NA,NA,NA,NA
"201",1,NA,NA,NA,NA,NA,NA,0,NA,0,NA,0,NA,NA,0,0,0,NA,NA,0,NA,NA,0,NA,0,NA,NA,0,0,0,NA,0,0,0,NA,NA,NA,0,0,0,NA,0,NA,NA,0,0,0,NA,0,0,0,NA,0,0,0,0,NA,0,0,0,0,NA,0,0,0,0,0,0,0,NA,NA,NA,NA,NA,NA,NA,NA,NA,NA,NA,NA,NA,NA,NA,NA,NA,NA
"202",1,NA,NA,NA,NA,NA,NA,NA,NA,0,NA,0,NA,NA,0,0,0,NA,NA,0,NA,NA,0,NA,0,NA,0,0,0,0,NA,0,0,0,NA,NA,NA,0,0,0,NA,0,NA,NA,0,0,0,NA,0,0,0,NA,0,0,0,0,NA,0,0,0,0,NA,0,0,0,0,0,0,0,NA,NA,NA,NA,NA,NA,NA,NA,NA,NA,NA,NA,NA,NA,NA,NA,NA,NA
"203",1,NA,NA,NA,NA,NA,NA,NA,NA,0,NA,0,NA,NA,0,0,0,NA,NA,0,NA,NA,0,NA,0,NA,NA,0,0,0,NA,0,0,0,NA,NA,NA,0,0,0,NA,0,NA,NA,0,0,0,NA,0,0,0,NA,0,0,0,0,NA,0,0,0,0,NA,0,0,0,0,0,0,0,NA,NA,NA,NA,NA,NA,NA,NA,NA,NA,NA,NA,NA,NA,NA,NA,NA,NA
"204",NA,1,1,NA,0,0,1,0,0,NA,NA,0,0,NA,NA,0,NA,NA,NA,NA,0,0,NA,NA,NA,0,0,0,NA,0,0,0,NA,0,0,0,0,NA,NA,NA,NA,NA,0,0,0,0,0,0,NA,0,NA,0,NA,NA,0,0,NA,0,0,0,0,0,0,NA,NA,NA,NA,NA,NA,0,NA,NA,NA,NA,NA,NA,NA,NA,NA,NA,NA,NA,NA,NA,NA,NA,NA
"205",1,NA,NA,NA,NA,NA,NA,0,NA,0,NA,0,NA,NA,0,0,0,NA,NA,0,NA,NA,0,NA,0,NA,0,0,0,0,NA,0,0,0,NA,NA,NA,0,0,0,NA,0,NA,NA,0,NA,0,NA,0,0,0,NA,0,0,0,0,NA,0,0,0,0,NA,0,0,0,0,0,0,0,NA,NA,NA,NA,NA,NA,NA,NA,NA,NA,NA,NA,NA,NA,NA,NA,NA,NA
"206",1,NA,NA,NA,NA,NA,NA,0,NA,0,NA,0,NA,NA,0,0,0,NA,NA,0,NA,NA,0,NA,0,NA,NA,0,0,0,NA,0,0,0,NA,NA,NA,0,0,0,NA,0,NA,NA,0,NA,0,NA,0,0,0,NA,0,0,0,0,NA,0,0,0,0,NA,0,0,0,0,0,0,0,NA,NA,NA,NA,NA,NA,NA,NA,NA,NA,NA,NA,NA,NA,NA,NA,NA,NA
"207",1,NA,NA,NA,NA,NA,NA,NA,NA,0,NA,0,NA,NA,0,0,0,NA,NA,0,NA,NA,0,NA,0,NA,0,0,0,0,NA,0,0,0,NA,NA,NA,0,0,0,NA,0,NA,NA,0,NA,0,NA,0,0,0,NA,0,0,0,0,NA,0,0,0,0,NA,0,0,0,0,0,0,0,NA,NA,NA,NA,NA,NA,NA,NA,NA,NA,NA,NA,NA,NA,NA,NA,NA,NA
"208",1,NA,NA,NA,NA,NA,NA,NA,NA,0,NA,0,NA,NA,0,0,0,NA,NA,0,NA,NA,0,NA,0,NA,NA,0,0,0,NA,0,0,0,NA,NA,NA,0,0,0,NA,0,NA,NA,0,NA,0,NA,0,0,0,NA,0,0,0,0,NA,0,0,0,0,NA,0,0,0,0,0,0,0,NA,NA,NA,NA,NA,NA,NA,NA,NA,NA,NA,NA,NA,NA,NA,NA,NA,NA
"209",NA,1,1,NA,0,0,0,0,0,1,NA,0,0,NA,NA,0,NA,0,NA,NA,0,0,NA,NA,NA,0,0,0,NA,0,0,0,NA,0,0,0,0,NA,NA,NA,NA,NA,0,0,0,0,0,0,NA,0,NA,0,NA,NA,0,0,NA,0,0,0,0,0,0,NA,NA,NA,NA,NA,NA,0,NA,NA,NA,NA,NA,NA,NA,NA,NA,NA,NA,NA,NA,NA,NA,NA,NA
"210",NA,1,1,1,0,0,0,0,0,NA,0,0,0,NA,NA,0,NA,NA,NA,NA,0,0,NA,NA,NA,0,0,0,NA,0,0,0,NA,0,0,0,0,NA,NA,NA,NA,NA,0,0,0,0,0,0,NA,0,NA,0,NA,NA,0,0,NA,0,0,0,0,0,0,NA,NA,NA,NA,NA,NA,0,NA,NA,NA,NA,NA,NA,NA,NA,NA,NA,NA,NA,NA,NA,NA,NA,NA
"211",NA,1,1,NA,0,0,0,0,0,1,0,0,0,NA,NA,0,NA,NA,NA,NA,0,0,NA,NA,NA,0,0,0,NA,0,0,0,NA,0,0,0,0,NA,NA,NA,NA,NA,0,0,0,0,0,0,NA,0,NA,0,NA,NA,0,0,NA,0,0,0,0,0,0,NA,NA,NA,NA,NA,NA,0,NA,NA,NA,NA,NA,NA,NA,NA,NA,NA,NA,NA,NA,NA,NA,NA,NA
"212",NA,1,1,1,0,0,0,0,0,NA,NA,0,0,NA,NA,0,NA,0,NA,NA,0,0,NA,NA,NA,0,0,0,NA,0,0,0,NA,0,0,0,0,NA,NA,NA,NA,NA,0,0,0,0,0,0,NA,0,NA,0,NA,NA,0,0,NA,0,0,0,0,0,0,NA,NA,NA,NA,NA,NA,0,NA,NA,NA,NA,NA,NA,NA,NA,NA,NA,NA,NA,NA,NA,NA,NA,NA
"213",NA,1,1,1,0,0,0,0,0,NA,NA,0,0,NA,NA,0,NA,NA,NA,NA,0,0,NA,NA,NA,0,0,0,NA,0,0,0,NA,0,0,0,0,NA,NA,NA,NA,NA,0,0,0,0,0,0,NA,0,NA,0,NA,NA,0,0,NA,0,0,0,0,0,0,NA,NA,NA,NA,NA,NA,0,NA,NA,NA,NA,NA,NA,NA,NA,NA,NA,NA,NA,NA,NA,NA,NA,NA
"214",NA,1,1,NA,0,0,NA,0,0,NA,NA,0,0,NA,NA,0,NA,NA,NA,NA,0,0,NA,NA,NA,0,0,0,NA,0,0,0,NA,0,0,0,0,NA,NA,NA,NA,NA,0,0,0,0,0,0,NA,0,NA,0,NA,NA,NA,0,NA,0,0,NA,0,0,NA,0,NA,NA,NA,NA,NA,0,NA,NA,NA,NA,NA,NA,NA,NA,NA,NA,NA,NA,NA,NA,NA,NA,NA
"215",NA,1,1,NA,0,0,1,0,0,NA,0,0,0,NA,NA,0,NA,0,0,NA,0,0,NA,NA,NA,0,0,0,NA,0,0,0,NA,0,0,0,0,NA,NA,NA,NA,NA,0,0,0,NA,0,0,NA,0,NA,0,NA,NA,0,0,NA,0,0,0,0,0,0,NA,NA,NA,NA,NA,NA,0,NA,NA,NA,NA,NA,NA,NA,NA,NA,NA,NA,NA,NA,NA,NA,NA,NA
"216",NA,1,1,NA,1,1,1,0,1,NA,0,0,0,NA,NA,0,NA,0,NA,NA,0,0,NA,NA,NA,0,0,0,NA,0,0,NA,NA,0,0,0,0,NA,NA,NA,NA,NA,0,0,0,0,0,0,NA,0,NA,0,NA,NA,0,0,NA,0,0,0,0,0,0,NA,NA,NA,NA,NA,NA,0,NA,NA,NA,NA,NA,NA,NA,NA,NA,NA,NA,NA,NA,NA,NA,NA,NA
"217",NA,1,1,NA,0,0,1,0,0,NA,NA,0,0,NA,NA,0,NA,0,0,NA,0,0,NA,NA,NA,0,0,0,NA,0,0,0,NA,0,0,0,0,NA,NA,NA,NA,NA,0,0,0,NA,0,0,NA,0,NA,0,NA,NA,0,0,NA,0,0,0,0,0,0,NA,NA,NA,NA,NA,NA,0,NA,NA,NA,NA,NA,NA,NA,NA,NA,NA,NA,NA,NA,NA,NA,NA,NA
"218",NA,1,1,NA,1,1,NA,0,1,NA,0,0,0,NA,NA,0,NA,0,NA,NA,0,0,NA,NA,NA,0,0,0,NA,0,0,NA,NA,0,0,0,0,NA,NA,NA,NA,NA,0,0,0,0,0,0,NA,0,NA,0,NA,NA,NA,0,NA,0,0,NA,0,0,NA,0,NA,NA,NA,NA,NA,0,NA,NA,NA,NA,NA,NA,NA,NA,NA,NA,NA,NA,NA,NA,NA,NA,NA
"219",NA,1,1,1,0,0,0,0,0,NA,0,0,0,NA,NA,0,NA,0,0,NA,0,0,NA,NA,NA,0,0,0,NA,0,0,0,NA,0,0,0,0,NA,NA,NA,NA,NA,0,0,0,NA,0,0,NA,0,NA,0,NA,NA,0,0,NA,0,0,0,0,0,0,NA,NA,NA,NA,NA,NA,0,NA,NA,NA,NA,NA,NA,NA,NA,NA,NA,NA,NA,NA,NA,NA,NA,NA
"220",NA,1,1,NA,1,1,1,0,1,NA,0,0,0,NA,NA,0,NA,NA,NA,NA,0,0,NA,NA,NA,0,0,0,NA,0,0,NA,NA,0,0,0,0,NA,NA,NA,NA,NA,0,0,0,0,0,0,NA,0,NA,0,NA,NA,0,0,NA,0,0,0,0,0,0,NA,NA,NA,NA,NA,NA,0,NA,NA,NA,NA,NA,NA,NA,NA,NA,NA,NA,NA,NA,NA,NA,NA,NA
"221",NA,1,1,NA,0,0,0,0,0,1,NA,0,0,NA,NA,0,NA,0,0,NA,0,0,NA,NA,NA,0,0,0,NA,0,0,0,NA,0,0,0,0,NA,NA,NA,NA,NA,0,0,0,NA,0,0,NA,0,NA,0,NA,NA,0,0,NA,0,0,0,0,0,0,NA,NA,NA,NA,NA,NA,0,NA,NA,NA,NA,NA,NA,NA,NA,NA,NA,NA,NA,NA,NA,NA,NA,NA
"222",NA,1,1,NA,1,1,NA,0,1,NA,0,0,0,NA,NA,0,NA,NA,NA,NA,0,0,NA,NA,NA,0,0,0,NA,0,0,NA,NA,0,0,0,0,NA,NA,NA,NA,NA,0,0,0,0,0,0,NA,0,NA,0,NA,NA,NA,0,NA,0,0,NA,0,0,NA,0,NA,NA,NA,NA,NA,0,NA,NA,NA,NA,NA,NA,NA,NA,NA,NA,NA,NA,NA,NA,NA,NA,NA
"223",NA,1,1,1,0,0,0,0,0,NA,NA,0,0,NA,NA,0,NA,0,0,NA,0,0,NA,NA,NA,0,0,0,NA,0,0,0,NA,0,0,0,0,NA,NA,NA,NA,NA,0,0,0,NA,0,0,NA,0,NA,0,NA,NA,0,0,NA,0,0,0,0,0,0,NA,NA,NA,NA,NA,NA,0,NA,NA,NA,NA,NA,NA,NA,NA,NA,NA,NA,NA,NA,NA,NA,NA,NA
"224",NA,1,1,1,1,1,0,0,1,NA,0,0,0,NA,NA,0,NA,0,NA,NA,0,0,NA,NA,NA,0,0,0,NA,0,0,NA,NA,0,0,0,0,NA,NA,NA,NA,NA,0,0,0,0,0,0,NA,0,NA,0,NA,NA,0,0,NA,0,0,0,0,0,0,NA,NA,NA,NA,NA,NA,0,NA,NA,NA,NA,NA,NA,NA,NA,NA,NA,NA,NA,NA,NA,NA,NA,NA
"225",NA,1,1,NA,0,0,NA,0,0,NA,NA,0,0,NA,NA,0,NA,0,0,NA,0,0,NA,NA,NA,0,0,0,NA,0,0,0,NA,0,0,0,0,NA,NA,NA,NA,NA,0,0,0,NA,0,0,NA,0,NA,0,NA,NA,NA,0,NA,0,0,NA,0,0,NA,0,NA,NA,NA,NA,NA,0,NA,NA,NA,NA,NA,NA,NA,NA,NA,NA,NA,NA,NA,NA,NA,NA,NA
"226",NA,1,1,1,1,1,0,0,1,NA,0,0,0,NA,NA,0,NA,NA,NA,NA,0,0,NA,NA,NA,0,0,0,NA,0,0,NA,NA,0,0,0,0,NA,NA,NA,NA,NA,0,0,0,0,0,0,NA,0,NA,0,NA,NA,0,0,NA,0,0,0,0,0,0,NA,NA,NA,NA,NA,NA,0,NA,NA,NA,NA,NA,NA,NA,NA,NA,NA,NA,NA,NA,NA,NA,NA,NA
"227",NA,1,1,NA,0,0,1,0,0,NA,0,0,0,NA,NA,0,NA,NA,0,NA,0,0,NA,NA,NA,0,0,0,NA,0,0,0,NA,0,0,0,0,NA,NA,NA,NA,NA,0,0,0,NA,0,0,NA,0,NA,0,NA,NA,0,0,NA,0,0,0,0,0,0,NA,NA,NA,NA,NA,NA,0,NA,NA,NA,NA,NA,NA,NA,NA,NA,NA,NA,NA,NA,NA,NA,NA,NA
"228",NA,1,1,1,0,0,0,0,0,NA,0,0,0,NA,NA,0,NA,NA,0,NA,0,0,NA,NA,NA,0,0,0,NA,0,0,0,NA,0,0,0,0,NA,NA,NA,NA,NA,0,0,0,NA,0,0,NA,0,NA,0,NA,NA,0,0,NA,0,0,0,0,0,0,NA,NA,NA,NA,NA,NA,0,NA,NA,NA,NA,NA,NA,NA,NA,NA,NA,NA,NA,NA,NA,NA,NA,NA
"229",NA,1,1,NA,0,0,1,0,0,NA,0,0,0,NA,NA,0,NA,0,NA,NA,0,0,NA,NA,NA,0,0,0,NA,0,0,0,NA,0,0,0,0,NA,NA,NA,NA,NA,0,0,0,NA,0,0,NA,0,NA,0,NA,NA,0,0,NA,0,0,0,0,0,0,NA,NA,NA,NA,NA,NA,0,NA,NA,NA,NA,NA,NA,NA,NA,NA,NA,NA,NA,NA,NA,NA,NA,NA
"230",NA,1,1,NA,1,1,0,0,1,1,0,0,0,NA,NA,0,NA,0,NA,NA,0,0,NA,NA,NA,0,0,0,NA,0,0,NA,NA,0,0,0,0,NA,NA,NA,NA,NA,0,0,0,0,0,0,NA,0,NA,0,NA,NA,0,0,NA,0,0,0,0,0,0,NA,NA,NA,NA,NA,NA,0,NA,NA,NA,NA,NA,NA,NA,NA,NA,NA,NA,NA,NA,NA,NA,NA,NA
"231",NA,1,1,NA,0,0,1,0,0,NA,NA,0,0,NA,NA,0,NA,0,NA,NA,0,0,NA,NA,NA,0,0,0,NA,0,0,0,NA,0,0,0,0,NA,NA,NA,NA,NA,0,0,0,NA,0,0,NA,0,NA,0,NA,NA,0,0,NA,0,0,0,0,0,0,NA,NA,NA,NA,NA,NA,0,NA,NA,NA,NA,NA,NA,NA,NA,NA,NA,NA,NA,NA,NA,NA,NA,NA
"232",NA,1,1,NA,1,1,0,0,1,1,0,0,0,NA,NA,0,NA,NA,NA,NA,0,0,NA,NA,NA,0,0,0,NA,0,0,NA,NA,0,0,0,0,NA,NA,NA,NA,NA,0,0,0,0,0,0,NA,0,NA,0,NA,NA,0,0,NA,0,0,0,0,0,0,NA,NA,NA,NA,NA,NA,0,NA,NA,NA,NA,NA,NA,NA,NA,NA,NA,NA,NA,NA,NA,NA,NA,NA
"233",NA,1,1,1,0,0,0,0,0,NA,0,0,0,NA,NA,0,NA,0,NA,NA,0,0,NA,NA,NA,0,0,0,NA,0,0,0,NA,0,0,0,0,NA,NA,NA,NA,NA,0,0,0,NA,0,0,NA,0,NA,0,NA,NA,0,0,NA,0,0,0,0,0,0,NA,NA,NA,NA,NA,NA,0,NA,NA,NA,NA,NA,NA,NA,NA,NA,NA,NA,NA,NA,NA,NA,NA,NA
"234",NA,1,1,NA,1,1,1,0,1,NA,NA,0,0,NA,NA,0,NA,0,NA,NA,0,0,NA,NA,NA,0,0,0,NA,0,0,NA,NA,0,0,0,0,NA,NA,NA,NA,NA,0,0,0,0,0,0,NA,0,NA,0,NA,NA,0,0,NA,0,0,0,0,0,0,NA,NA,NA,NA,NA,NA,0,NA,NA,NA,NA,NA,NA,NA,NA,NA,NA,NA,NA,NA,NA,NA,NA,NA
"235",NA,1,1,NA,0,0,0,0,0,1,0,0,0,NA,NA,0,NA,0,NA,NA,0,0,NA,NA,NA,0,0,0,NA,0,0,0,NA,0,0,0,0,NA,NA,NA,NA,NA,0,0,0,NA,0,0,NA,0,NA,0,NA,NA,0,0,NA,0,0,0,0,0,0,NA,NA,NA,NA,NA,NA,0,NA,NA,NA,NA,NA,NA,NA,NA,NA,NA,NA,NA,NA,NA,NA,NA,NA
"236",NA,1,1,NA,1,1,NA,0,1,NA,NA,0,0,NA,NA,0,NA,0,NA,NA,0,0,NA,NA,NA,0,0,0,NA,0,0,NA,NA,0,0,0,0,NA,NA,NA,NA,NA,0,0,0,0,0,0,NA,0,NA,0,NA,NA,NA,0,NA,0,0,NA,0,0,NA,0,NA,NA,NA,NA,NA,0,NA,NA,NA,NA,NA,NA,NA,NA,NA,NA,NA,NA,NA,NA,NA,NA,NA
"237",NA,1,1,NA,0,0,0,0,0,1,0,0,0,NA,NA,0,NA,NA,0,NA,0,0,NA,NA,NA,0,0,0,NA,0,0,0,NA,0,0,0,0,NA,NA,NA,NA,NA,0,0,0,NA,0,0,NA,0,NA,0,NA,NA,0,0,NA,0,0,0,0,0,0,NA,NA,NA,NA,NA,NA,0,NA,NA,NA,NA,NA,NA,NA,NA,NA,NA,NA,NA,NA,NA,NA,NA,NA
"238",NA,1,1,NA,0,0,1,0,0,NA,0,0,0,NA,NA,0,NA,NA,NA,NA,0,0,NA,NA,NA,0,0,0,NA,0,0,0,NA,0,0,0,0,NA,NA,NA,NA,NA,0,0,0,NA,0,0,NA,0,NA,0,NA,NA,0,0,NA,0,0,0,0,0,0,NA,NA,NA,NA,NA,NA,0,NA,NA,NA,NA,NA,NA,NA,NA,NA,NA,NA,NA,NA,NA,NA,NA,NA
"239",NA,1,1,NA,1,1,1,0,1,NA,NA,0,0,NA,NA,0,NA,NA,NA,NA,0,0,NA,NA,NA,0,0,0,NA,0,0,NA,NA,0,0,0,0,NA,NA,NA,NA,NA,0,0,0,0,0,0,NA,0,NA,0,NA,NA,0,0,NA,0,0,0,0,0,0,NA,NA,NA,NA,NA,NA,0,NA,NA,NA,NA,NA,NA,NA,NA,NA,NA,NA,NA,NA,NA,NA,NA,NA
"240",NA,1,1,NA,0,0,NA,0,0,NA,NA,0,0,NA,NA,0,NA,0,NA,NA,0,0,NA,NA,NA,0,0,0,NA,0,0,0,NA,0,0,0,0,NA,NA,NA,NA,NA,0,0,0,NA,0,0,NA,0,NA,0,NA,NA,NA,0,NA,0,0,NA,0,0,NA,0,NA,NA,NA,NA,NA,0,NA,NA,NA,NA,NA,NA,NA,NA,NA,NA,NA,NA,NA,NA,NA,NA,NA
"241",NA,1,1,1,1,1,0,0,1,NA,NA,0,0,NA,NA,0,NA,0,NA,NA,0,0,NA,NA,NA,0,0,0,NA,0,0,NA,NA,0,0,0,0,NA,NA,NA,NA,NA,0,0,0,0,0,0,NA,0,NA,0,NA,NA,0,0,NA,0,0,0,0,0,0,NA,NA,NA,NA,NA,NA,0,NA,NA,NA,NA,NA,NA,NA,NA,NA,NA,NA,NA,NA,NA,NA,NA,NA
"242",NA,1,1,NA,0,0,0,0,0,1,NA,0,0,NA,NA,0,NA,0,NA,NA,0,0,NA,NA,NA,0,0,0,NA,0,0,0,NA,0,0,0,0,NA,NA,NA,NA,NA,0,0,0,NA,0,0,NA,0,NA,0,NA,NA,0,0,NA,0,0,0,0,0,0,NA,NA,NA,NA,NA,NA,0,NA,NA,NA,NA,NA,NA,NA,NA,NA,NA,NA,NA,NA,NA,NA,NA,NA
"243",NA,1,1,NA,1,1,0,0,1,1,NA,0,0,NA,NA,0,NA,0,NA,NA,0,0,NA,NA,NA,0,0,0,NA,0,0,NA,NA,0,0,0,0,NA,NA,NA,NA,NA,0,0,0,0,0,0,NA,0,NA,0,NA,NA,0,0,NA,0,0,0,0,0,0,NA,NA,NA,NA,NA,NA,0,NA,NA,NA,NA,NA,NA,NA,NA,NA,NA,NA,NA,NA,NA,NA,NA,NA
"244",NA,1,1,1,0,0,0,0,0,NA,NA,0,0,NA,NA,0,NA,0,NA,NA,0,0,NA,NA,NA,0,0,0,NA,0,0,0,NA,0,0,0,0,NA,NA,NA,NA,NA,0,0,0,NA,0,0,NA,0,NA,0,NA,NA,0,0,NA,0,0,0,0,0,0,NA,NA,NA,NA,NA,NA,0,NA,NA,NA,NA,NA,NA,NA,NA,NA,NA,NA,NA,NA,NA,NA,NA,NA
"245",NA,1,1,NA,1,1,NA,0,1,NA,NA,0,0,NA,NA,0,NA,NA,NA,NA,0,0,NA,NA,NA,0,0,0,NA,0,0,NA,NA,0,0,0,0,NA,NA,NA,NA,NA,0,0,0,0,0,0,NA,0,NA,0,NA,NA,NA,0,NA,0,0,NA,0,0,NA,0,NA,NA,NA,NA,NA,0,NA,NA,NA,NA,NA,NA,NA,NA,NA,NA,NA,NA,NA,NA,NA,NA,NA
"246",NA,1,1,0,0,0,1,0,0,0,0,0,0,NA,NA,0,NA,NA,0,NA,0,0,NA,NA,NA,0,0,0,NA,0,0,0,NA,0,0,0,0,NA,NA,NA,NA,NA,0,0,0,NA,0,0,NA,0,NA,0,NA,NA,0,0,NA,0,0,0,0,0,0,NA,NA,NA,NA,NA,NA,0,NA,NA,NA,NA,NA,NA,NA,NA,NA,NA,NA,NA,NA,NA,NA,NA,NA
"247",NA,1,1,1,1,1,0,0,1,NA,NA,0,0,NA,NA,0,NA,NA,NA,NA,0,0,NA,NA,NA,0,0,0,NA,0,0,NA,NA,0,0,0,0,NA,NA,NA,NA,NA,0,0,0,0,0,0,NA,0,NA,0,NA,NA,0,0,NA,0,0,0,0,0,0,NA,NA,NA,NA,NA,NA,0,NA,NA,NA,NA,NA,NA,NA,NA,NA,NA,NA,NA,NA,NA,NA,NA,NA
"248",NA,1,1,NA,0,0,1,0,0,NA,NA,0,0,NA,NA,0,NA,NA,0,NA,0,0,NA,NA,NA,0,0,0,NA,0,0,0,NA,0,0,0,0,NA,NA,NA,NA,NA,0,0,0,NA,0,0,NA,0,NA,0,NA,NA,0,0,NA,0,0,0,0,0,0,NA,NA,NA,NA,NA,NA,0,NA,NA,NA,NA,NA,NA,NA,NA,NA,NA,NA,NA,NA,NA,NA,NA,NA
"249",NA,1,1,NA,1,1,0,0,1,1,NA,0,0,NA,NA,0,NA,NA,NA,NA,0,0,NA,NA,NA,0,0,0,NA,0,0,NA,NA,0,0,0,0,NA,NA,NA,NA,NA,0,0,0,0,0,0,NA,0,NA,0,NA,NA,0,0,NA,0,0,0,0,0,0,NA,NA,NA,NA,NA,NA,0,NA,NA,NA,NA,NA,NA,NA,NA,NA,NA,NA,NA,NA,NA,NA,NA,NA
"250",NA,1,1,NA,0,0,0,0,0,1,NA,0,0,NA,NA,0,NA,NA,0,NA,0,0,NA,NA,NA,0,0,0,NA,0,0,0,NA,0,0,0,0,NA,NA,NA,NA,NA,0,0,0,NA,0,0,NA,0,NA,0,NA,NA,0,0,NA,0,0,0,0,0,0,NA,NA,NA,NA,NA,NA,0,NA,NA,NA,NA,NA,NA,NA,NA,NA,NA,NA,NA,NA,NA,NA,NA,NA
"251",NA,1,1,NA,0,0,0,0,0,1,0,0,0,NA,NA,0,NA,NA,NA,NA,0,0,NA,NA,NA,0,0,0,NA,0,0,0,NA,0,0,0,0,NA,NA,NA,NA,NA,0,0,0,NA,0,0,NA,0,NA,0,NA,NA,0,0,NA,0,0,0,0,0,0,NA,NA,NA,NA,NA,NA,0,NA,NA,NA,NA,NA,NA,NA,NA,NA,NA,NA,NA,NA,NA,NA,NA,NA
"252",NA,1,1,NA,0,0,1,0,0,NA,NA,0,0,NA,NA,0,NA,NA,NA,NA,0,0,NA,NA,NA,0,0,0,NA,0,0,0,NA,0,0,0,0,NA,NA,NA,NA,NA,0,0,0,NA,0,0,NA,0,NA,0,NA,NA,0,0,NA,0,0,0,0,0,0,NA,NA,NA,NA,NA,NA,0,NA,NA,NA,NA,NA,NA,NA,NA,NA,NA,NA,NA,NA,NA,NA,NA,NA
"253",NA,1,1,1,0,0,0,0,0,NA,NA,0,0,NA,NA,0,NA,NA,0,NA,0,0,NA,NA,NA,0,0,0,NA,0,0,0,NA,0,0,0,0,NA,NA,NA,NA,NA,0,0,0,NA,0,0,NA,0,NA,0,NA,NA,0,0,NA,0,0,0,0,0,0,NA,NA,NA,NA,NA,NA,0,NA,NA,NA,NA,NA,NA,NA,NA,NA,NA,NA,NA,NA,NA,NA,NA,NA
"254",NA,1,1,NA,0,0,NA,0,0,NA,NA,0,0,NA,NA,0,NA,NA,0,NA,0,0,NA,NA,NA,0,0,0,NA,0,0,0,NA,0,0,0,0,NA,NA,NA,NA,NA,0,0,0,NA,0,0,NA,0,NA,0,NA,NA,NA,0,NA,0,0,NA,0,0,NA,0,NA,NA,NA,NA,NA,0,NA,NA,NA,NA,NA,NA,NA,NA,NA,NA,NA,NA,NA,NA,NA,NA,NA
"255",NA,1,1,1,0,0,0,0,0,NA,0,0,0,NA,NA,0,NA,NA,NA,NA,0,0,NA,NA,NA,0,0,0,NA,0,0,0,NA,0,0,0,0,NA,NA,NA,NA,NA,0,0,0,NA,0,0,NA,0,NA,0,NA,NA,0,0,NA,0,0,0,0,0,0,NA,NA,NA,NA,NA,NA,0,NA,NA,NA,NA,NA,NA,NA,NA,NA,NA,NA,NA,NA,NA,NA,NA,NA
"256",NA,1,1,0,0,0,1,0,0,0,0,0,0,NA,NA,0,NA,NA,NA,NA,0,0,NA,NA,NA,0,0,0,NA,0,0,0,NA,0,0,0,0,NA,NA,NA,NA,NA,0,0,0,NA,0,0,NA,0,NA,0,NA,NA,0,0,NA,0,0,0,0,0,0,NA,NA,NA,NA,NA,NA,0,NA,NA,NA,NA,NA,NA,NA,NA,NA,NA,NA,NA,NA,NA,NA,NA,NA
"257",NA,1,1,NA,0,0,NA,0,0,NA,NA,0,0,NA,NA,0,NA,NA,NA,NA,0,0,NA,NA,NA,0,0,0,NA,0,0,0,NA,0,0,0,0,NA,NA,NA,NA,NA,0,0,0,NA,0,0,NA,0,NA,0,NA,NA,NA,0,NA,0,0,NA,0,0,NA,0,NA,NA,NA,NA,NA,0,NA,NA,NA,NA,NA,NA,NA,NA,NA,NA,NA,NA,NA,NA,NA,NA,NA
"258",NA,1,1,1,0,0,0,0,0,NA,NA,0,0,NA,NA,0,NA,NA,NA,NA,0,0,NA,NA,NA,0,0,0,NA,0,0,0,NA,0,0,0,0,NA,NA,NA,NA,NA,0,0,0,NA,0,0,NA,0,NA,0,NA,NA,0,0,NA,0,0,0,0,0,0,NA,NA,NA,NA,NA,NA,0,NA,NA,NA,NA,NA,NA,NA,NA,NA,NA,NA,NA,NA,NA,NA,NA,NA
"259",NA,1,1,NA,1,1,1,0,1,NA,0,0,0,NA,NA,0,NA,0,0,NA,0,0,NA,NA,NA,0,0,0,NA,0,0,NA,NA,0,0,0,0,NA,NA,NA,NA,NA,0,0,0,NA,0,0,NA,0,NA,0,NA,NA,0,0,NA,0,0,0,0,0,0,NA,NA,NA,NA,NA,NA,0,NA,NA,NA,NA,NA,NA,NA,NA,NA,NA,NA,NA,NA,NA,NA,NA,NA
"260",NA,1,1,NA,1,1,1,0,1,NA,NA,0,0,NA,NA,0,NA,0,0,NA,0,0,NA,NA,NA,0,0,0,NA,0,0,NA,NA,0,0,0,0,NA,NA,NA,NA,NA,0,0,0,NA,0,0,NA,0,NA,0,NA,NA,0,0,NA,0,0,0,0,0,0,NA,NA,NA,NA,NA,NA,0,NA,NA,NA,NA,NA,NA,NA,NA,NA,NA,NA,NA,NA,NA,NA,NA,NA
"261",NA,1,1,NA,1,1,1,0,1,NA,0,0,0,NA,NA,0,NA,NA,0,NA,0,0,NA,NA,NA,0,0,0,NA,0,0,NA,NA,0,0,0,0,NA,NA,NA,NA,NA,0,0,0,NA,0,0,NA,0,NA,0,NA,NA,0,0,NA,0,0,0,0,0,0,NA,NA,NA,NA,NA,NA,0,NA,NA,NA,NA,NA,NA,NA,NA,NA,NA,NA,NA,NA,NA,NA,NA,NA
"262",NA,1,1,1,1,1,0,0,1,NA,0,0,0,NA,NA,0,NA,0,0,NA,0,0,NA,NA,NA,0,0,0,NA,0,0,NA,NA,0,0,0,0,NA,NA,NA,NA,NA,0,0,0,NA,0,0,NA,0,NA,0,NA,NA,0,0,NA,0,0,0,0,0,0,NA,NA,NA,NA,NA,NA,0,NA,NA,NA,NA,NA,NA,NA,NA,NA,NA,NA,NA,NA,NA,NA,NA,NA
"263",NA,1,1,NA,1,1,1,0,1,NA,NA,0,0,NA,NA,0,NA,NA,0,NA,0,0,NA,NA,NA,0,0,0,NA,0,0,NA,NA,0,0,0,0,NA,NA,NA,NA,NA,0,0,0,NA,0,0,NA,0,NA,0,NA,NA,0,0,NA,0,0,0,0,0,0,NA,NA,NA,NA,NA,NA,0,NA,NA,NA,NA,NA,NA,NA,NA,NA,NA,NA,NA,NA,NA,NA,NA,NA
"264",NA,1,1,NA,1,1,0,0,1,1,NA,0,0,NA,NA,0,NA,0,0,NA,0,0,NA,NA,NA,0,0,0,NA,0,0,NA,NA,0,0,0,0,NA,NA,NA,NA,NA,0,0,0,NA,0,0,NA,0,NA,0,NA,NA,0,0,NA,0,0,0,0,0,0,NA,NA,NA,NA,NA,NA,0,NA,NA,NA,NA,NA,NA,NA,NA,NA,NA,NA,NA,NA,NA,NA,NA,NA
"265",NA,1,1,NA,1,1,NA,0,1,NA,0,0,0,NA,NA,0,NA,NA,0,NA,0,0,NA,NA,NA,0,0,0,NA,0,0,NA,NA,0,0,0,0,NA,NA,NA,NA,NA,0,0,0,NA,0,0,NA,0,NA,0,NA,NA,NA,0,NA,0,0,NA,0,0,NA,0,NA,NA,NA,NA,NA,0,NA,NA,NA,NA,NA,NA,NA,NA,NA,NA,NA,NA,NA,NA,NA,NA,NA
"266",NA,1,1,NA,1,1,1,0,1,NA,0,0,0,NA,NA,0,NA,0,NA,NA,0,0,NA,NA,NA,0,0,0,NA,0,0,NA,NA,0,0,0,0,NA,NA,NA,NA,NA,0,0,0,NA,0,0,NA,0,NA,0,NA,NA,0,0,NA,0,0,0,0,0,0,NA,NA,NA,NA,NA,NA,0,NA,NA,NA,NA,NA,NA,NA,NA,NA,NA,NA,NA,NA,NA,NA,NA,NA
"267",NA,1,1,NA,1,1,NA,0,1,NA,0,0,0,NA,NA,0,NA,0,NA,NA,0,0,NA,NA,NA,0,0,0,NA,0,0,NA,NA,0,0,0,0,NA,NA,NA,NA,NA,0,0,0,NA,0,0,NA,0,NA,0,NA,NA,NA,0,NA,0,0,NA,0,0,NA,0,NA,NA,NA,NA,NA,0,NA,NA,NA,NA,NA,NA,NA,NA,NA,NA,NA,NA,NA,NA,NA,NA,NA
"268",NA,1,1,1,1,1,0,0,1,NA,0,0,0,NA,NA,0,NA,NA,0,NA,0,0,NA,NA,NA,0,0,0,NA,0,0,NA,NA,0,0,0,0,NA,NA,NA,NA,NA,0,0,0,NA,0,0,NA,0,NA,0,NA,NA,0,0,NA,0,0,0,0,0,0,NA,NA,NA,NA,NA,NA,0,NA,NA,NA,NA,NA,NA,NA,NA,NA,NA,NA,NA,NA,NA,NA,NA,NA
"269",NA,1,1,NA,1,1,0,0,1,1,0,0,0,NA,NA,0,NA,NA,0,NA,0,0,NA,NA,NA,0,0,0,NA,0,0,NA,NA,0,0,0,0,NA,NA,NA,NA,NA,0,0,0,NA,0,0,NA,0,NA,0,NA,NA,0,0,NA,0,0,0,0,0,0,NA,NA,NA,NA,NA,NA,0,NA,NA,NA,NA,NA,NA,NA,NA,NA,NA,NA,NA,NA,NA,NA,NA,NA
"270",NA,1,1,NA,1,1,NA,0,1,NA,NA,0,0,NA,NA,0,NA,0,0,NA,0,0,NA,NA,NA,0,0,0,NA,0,0,NA,NA,0,0,0,0,NA,NA,NA,NA,NA,0,0,0,NA,0,0,NA,0,NA,0,NA,NA,NA,0,NA,0,0,NA,0,0,NA,0,NA,NA,NA,NA,NA,0,NA,NA,NA,NA,NA,NA,NA,NA,NA,NA,NA,NA,NA,NA,NA,NA,NA
"271",NA,1,1,1,1,1,0,0,1,NA,NA,0,0,NA,NA,0,NA,0,0,NA,0,0,NA,NA,NA,0,0,0,NA,0,0,NA,NA,0,0,0,0,NA,NA,NA,NA,NA,0,0,0,NA,0,0,NA,0,NA,0,NA,NA,0,0,NA,0,0,0,0,0,0,NA,NA,NA,NA,NA,NA,0,NA,NA,NA,NA,NA,NA,NA,NA,NA,NA,NA,NA,NA,NA,NA,NA,NA
"272",NA,1,1,NA,1,1,0,0,1,1,NA,0,0,NA,NA,0,NA,NA,0,NA,0,0,NA,NA,NA,0,0,0,NA,0,0,NA,NA,0,0,0,0,NA,NA,NA,NA,NA,0,0,0,NA,0,0,NA,0,NA,0,NA,NA,0,0,NA,0,0,0,0,0,0,NA,NA,NA,NA,NA,NA,0,NA,NA,NA,NA,NA,NA,NA,NA,NA,NA,NA,NA,NA,NA,NA,NA,NA
"273",NA,1,1,NA,1,1,NA,0,1,NA,NA,0,0,NA,NA,0,NA,NA,0,NA,0,0,NA,NA,NA,0,0,0,NA,0,0,NA,NA,0,0,0,0,NA,NA,NA,NA,NA,0,0,0,NA,0,0,NA,0,NA,0,NA,NA,NA,0,NA,0,0,NA,0,0,NA,0,NA,NA,NA,NA,NA,0,NA,NA,NA,NA,NA,NA,NA,NA,NA,NA,NA,NA,NA,NA,NA,NA,NA
"274",NA,1,1,1,1,1,0,0,1,NA,NA,0,0,NA,NA,0,NA,NA,0,NA,0,0,NA,NA,NA,0,0,0,NA,0,0,NA,NA,0,0,0,0,NA,NA,NA,NA,NA,0,0,0,NA,0,0,NA,0,NA,0,NA,NA,0,0,NA,0,0,0,0,0,0,NA,NA,NA,NA,NA,NA,0,NA,NA,NA,NA,NA,NA,NA,NA,NA,NA,NA,NA,NA,NA,NA,NA,NA
"275",NA,1,1,NA,1,1,0,0,1,1,0,0,0,NA,NA,0,NA,0,NA,NA,0,0,NA,NA,NA,0,0,0,NA,0,0,NA,NA,0,0,0,0,NA,NA,NA,NA,NA,0,0,0,NA,0,0,NA,0,NA,0,NA,NA,0,0,NA,0,0,0,0,0,0,NA,NA,NA,NA,NA,NA,0,NA,NA,NA,NA,NA,NA,NA,NA,NA,NA,NA,NA,NA,NA,NA,NA,NA
"276",NA,1,1,NA,1,1,1,0,1,NA,NA,0,0,NA,NA,0,NA,0,NA,NA,0,0,NA,NA,NA,0,0,0,NA,0,0,NA,NA,0,0,0,0,NA,NA,NA,NA,NA,0,0,0,NA,0,0,NA,0,NA,0,NA,NA,0,0,NA,0,0,0,0,0,0,NA,NA,NA,NA,NA,NA,0,NA,NA,NA,NA,NA,NA,NA,NA,NA,NA,NA,NA,NA,NA,NA,NA,NA
"277",NA,1,1,NA,1,1,1,0,1,NA,0,0,0,NA,NA,0,NA,NA,NA,NA,0,0,NA,NA,NA,0,0,0,NA,0,0,NA,NA,0,0,0,0,NA,NA,NA,NA,NA,0,0,0,NA,0,0,NA,0,NA,0,NA,NA,0,0,NA,0,0,0,0,0,0,NA,NA,NA,NA,NA,NA,0,NA,NA,NA,NA,NA,NA,NA,NA,NA,NA,NA,NA,NA,NA,NA,NA,NA
"278",NA,1,1,NA,1,1,0,0,1,1,NA,0,0,NA,NA,0,NA,0,NA,NA,0,0,NA,NA,NA,0,0,0,NA,0,0,NA,NA,0,0,0,0,NA,NA,NA,NA,NA,0,0,0,NA,0,0,NA,0,NA,0,NA,NA,0,0,NA,0,0,0,0,0,0,NA,NA,NA,NA,NA,NA,0,NA,NA,NA,NA,NA,NA,NA,NA,NA,NA,NA,NA,NA,NA,NA,NA,NA
"279",NA,1,1,NA,1,1,NA,0,1,NA,NA,0,0,NA,NA,0,NA,0,NA,NA,0,0,NA,NA,NA,0,0,0,NA,0,0,NA,NA,0,0,0,0,NA,NA,NA,NA,NA,0,0,0,NA,0,0,NA,0,NA,0,NA,NA,NA,0,NA,0,0,NA,0,0,NA,0,NA,NA,NA,NA,NA,0,NA,NA,NA,NA,NA,NA,NA,NA,NA,NA,NA,NA,NA,NA,NA,NA,NA
"280",NA,1,1,NA,1,1,0,0,1,1,0,0,0,NA,NA,0,NA,NA,NA,NA,0,0,NA,NA,NA,0,0,0,NA,0,0,NA,NA,0,0,0,0,NA,NA,NA,NA,NA,0,0,0,NA,0,0,NA,0,NA,0,NA,NA,0,0,NA,0,0,0,0,0,0,NA,NA,NA,NA,NA,NA,0,NA,NA,NA,NA,NA,NA,NA,NA,NA,NA,NA,NA,NA,NA,NA,NA,NA
"281",NA,1,1,NA,1,1,NA,0,1,NA,0,0,0,NA,NA,0,NA,NA,NA,NA,0,0,NA,NA,NA,0,0,0,NA,0,0,NA,NA,0,0,0,0,NA,NA,NA,NA,NA,0,0,0,NA,0,0,NA,0,NA,0,NA,NA,NA,0,NA,0,0,NA,0,0,NA,0,NA,NA,NA,NA,NA,0,NA,NA,NA,NA,NA,NA,NA,NA,NA,NA,NA,NA,NA,NA,NA,NA,NA
"282",NA,1,1,1,1,1,0,0,1,NA,0,0,0,NA,NA,0,NA,0,NA,NA,0,0,NA,NA,NA,0,0,0,NA,0,0,NA,NA,0,0,0,0,NA,NA,NA,NA,NA,0,0,0,NA,0,0,NA,0,NA,0,NA,NA,0,0,NA,0,0,0,0,0,0,NA,NA,NA,NA,NA,NA,0,NA,NA,NA,NA,NA,NA,NA,NA,NA,NA,NA,NA,NA,NA,NA,NA,NA
"283",NA,1,1,1,1,1,0,0,1,NA,NA,0,0,NA,NA,0,NA,0,NA,NA,0,0,NA,NA,NA,0,0,0,NA,0,0,NA,NA,0,0,0,0,NA,NA,NA,NA,NA,0,0,0,NA,0,0,NA,0,NA,0,NA,NA,0,0,NA,0,0,0,0,0,0,NA,NA,NA,NA,NA,NA,0,NA,NA,NA,NA,NA,NA,NA,NA,NA,NA,NA,NA,NA,NA,NA,NA,NA
"284",NA,1,1,NA,1,1,1,0,1,NA,NA,0,0,NA,NA,0,NA,NA,NA,NA,0,0,NA,NA,NA,0,0,0,NA,0,0,NA,NA,0,0,0,0,NA,NA,NA,NA,NA,0,0,0,NA,0,0,NA,0,NA,0,NA,NA,0,0,NA,0,0,0,0,0,0,NA,NA,NA,NA,NA,NA,0,NA,NA,NA,NA,NA,NA,NA,NA,NA,NA,NA,NA,NA,NA,NA,NA,NA
"285",NA,1,1,NA,1,1,NA,0,1,NA,NA,0,0,NA,NA,0,NA,NA,NA,NA,0,0,NA,NA,NA,0,0,0,NA,0,0,NA,NA,0,0,0,0,NA,NA,NA,NA,NA,0,0,0,NA,0,0,NA,0,NA,0,NA,NA,NA,0,NA,0,0,NA,0,0,NA,0,NA,NA,NA,NA,NA,0,NA,NA,NA,NA,NA,NA,NA,NA,NA,NA,NA,NA,NA,NA,NA,NA,NA
"286",NA,1,1,1,1,1,0,0,1,NA,0,0,0,NA,NA,0,NA,NA,NA,NA,0,0,NA,NA,NA,0,0,0,NA,0,0,NA,NA,0,0,0,0,NA,NA,NA,NA,NA,0,0,0,NA,0,0,NA,0,NA,0,NA,NA,0,0,NA,0,0,0,0,0,0,NA,NA,NA,NA,NA,NA,0,NA,NA,NA,NA,NA,NA,NA,NA,NA,NA,NA,NA,NA,NA,NA,NA,NA
"287",NA,1,1,1,1,1,0,0,1,NA,NA,0,0,NA,NA,0,NA,NA,NA,NA,0,0,NA,NA,NA,0,0,0,NA,0,0,NA,NA,0,0,0,0,NA,NA,NA,NA,NA,0,0,0,NA,0,0,NA,0,NA,0,NA,NA,0,0,NA,0,0,0,0,0,0,NA,NA,NA,NA,NA,NA,0,NA,NA,NA,NA,NA,NA,NA,NA,NA,NA,NA,NA,NA,NA,NA,NA,NA
"288",NA,1,1,NA,1,1,0,0,1,1,NA,0,0,NA,NA,0,NA,NA,NA,NA,0,0,NA,NA,NA,0,0,0,NA,0,0,NA,NA,0,0,0,0,NA,NA,NA,NA,NA,0,0,0,NA,0,0,NA,0,NA,0,NA,NA,0,0,NA,0,0,0,0,0,0,NA,NA,NA,NA,NA,NA,0,NA,NA,NA,NA,NA,NA,NA,NA,NA,NA,NA,NA,NA,NA,NA,NA,NA
"289",0.994791666666667,0.989583333333333,0.989583333333333,0.857142857142857,0.5,0.5,0.342105263157895,0.285714285714286,0.259459459459459,0.109090909090909,0,0,0,0,0,0,0,0,0,0,0,0,0,0,0,0,0,0,0,0,0,0,0,0,0,0,0,0,0,0,0,0,0,0,0,0,0,0,0,0,0,0,0,0,0,0,0,0,0,0,0,0,0,0,0,0,0,0,0,0,NA,NA,NA,NA,NA,NA,NA,NA,NA,NA,NA,NA,NA,NA,NA,NA,NA
"290",0.666666666666667,0.333333333333333,0.333333333333333,0.0972222222222222,0.333333333333333,0.333333333333333,0.263888888888889,0.777777777777778,0.642361111111111,0.763888888888889,0.166666666666667,1,0.333333333333333,0.333333333333333,0.666666666666667,1,0.357638888888889,0.166666666666667,0.111111111111111,0.357638888888889,0.333333333333333,0.666666666666667,0.666666666666667,0.333333333333333,0.666666666666667,0.333333333333333,0.666666666666667,1,0.666666666666667,1,0.666666666666667,0.833333333333333,0.357638888888889,1,0.333333333333333,0.333333333333333,0.333333333333333,0.666666666666667,0.666666666666667,0.708333333333333,0.0416666666666666,0.666666666666667,0.555555555555556,0.333333333333333,1,0.444444444444444,1,0.333333333333333,0.666666666666667,1,0.666666666666667,0.333333333333333,0.708333333333333,0.708333333333333,0.944444444444444,1,0.309027777777778,1,1,0.944444444444444,1,0.333333333333333,0.930555555555556,0.763888888888889,0.666666666666667,0.666666666666667,0.666666666666667,0.357638888888889,0.708333333333333,0.333333333333333,0,0,0,0,0,0,0,0,0,0,0,0,0,0,0,0,0
