"","rhaR","rhaS","galS","crp","phoB","cra","galR","ompR","hns","mlrA","fis","fnr","arcA","fur","soxS","gadX","marA","narL","oxyR","soxR","csgD","marR","glnG","ptsG","mlc","pdhR","srlR","xylR","mazE","uxuR","argP","gutM","mazF","flhC","dcuR","metJ","zraR","asnC","dnaA","metR","cusR","puuR","yiaJ","putA","melR","araC","yqjI","malI","idnR","mraZ","pdeL","purR","prpR","fucR","lsrR","hyfR","yeiL","dpiA","nikR","aidB","rbsR","betI","lldR","rcsB","gadE","rcsA","fliZ","leuO","lrp","evgA","bglJ","ydeO","gadW","rob","hdfR","stpA","yjjQ","fhlA","nac","exuR","adiY","cspA","flhD","cadC","tdcA","glcC","nhaR"
"1",1,1,NA,1,1,NA,NA,0,0,0,0,NA,NA,0,NA,0,0,0,0,NA,NA,0,0,0,NA,0,0,0,0,0,0,0,0,0,0,NA,0,0,0,0,0,NA,NA,0,0,0,0,0,0,NA,NA,NA,0,0,0,0,0,NA,0,0,0,0,0,NA,NA,NA,NA,NA,NA,NA,NA,NA,NA,NA,NA,NA,NA,NA,NA,NA,NA,NA,NA,NA,NA,NA,NA
"2",1,1,NA,1,1,NA,NA,0,0,0,0,NA,NA,0,NA,0,0,0,0,NA,NA,0,0,0,NA,0,0,0,0,0,0,0,0,0,0,NA,0,0,0,0,0,NA,NA,0,0,0,0,0,0,NA,0,NA,0,0,0,0,0,NA,0,0,0,0,0,NA,NA,NA,NA,NA,NA,NA,NA,NA,NA,NA,NA,NA,NA,NA,NA,NA,NA,NA,NA,NA,NA,NA,NA
"3",1,1,NA,1,1,NA,NA,0,0,0,0,NA,NA,0,NA,0,0,0,0,NA,NA,0,0,0,NA,0,0,0,0,0,0,0,0,0,0,NA,0,0,0,0,NA,NA,NA,0,0,0,0,0,0,NA,0,NA,0,0,0,0,0,NA,0,0,0,0,0,NA,NA,NA,NA,NA,NA,NA,NA,NA,NA,NA,NA,NA,NA,NA,NA,NA,NA,NA,NA,NA,NA,NA,NA
"4",1,1,NA,1,1,NA,NA,0,0,0,0,NA,NA,0,NA,0,0,0,0,NA,NA,0,0,0,NA,0,0,NA,0,0,0,0,0,0,0,NA,0,0,0,0,0,NA,NA,0,0,0,0,0,0,NA,0,NA,0,0,0,0,0,NA,0,0,0,0,0,NA,NA,NA,NA,NA,NA,NA,NA,NA,NA,NA,NA,NA,NA,NA,NA,NA,NA,NA,NA,NA,NA,NA,NA
"5",1,1,NA,1,1,NA,NA,0,0,0,0,NA,NA,0,NA,0,0,0,0,NA,NA,0,0,0,NA,0,0,0,0,0,0,0,0,0,0,NA,0,0,0,0,0,NA,NA,0,0,0,0,0,NA,NA,0,NA,0,0,0,0,0,NA,0,0,0,0,0,NA,NA,NA,NA,NA,NA,NA,NA,NA,NA,NA,NA,NA,NA,NA,NA,NA,NA,NA,NA,NA,NA,NA,NA
"6",NA,NA,NA,NA,1,NA,0,NA,0,0,0,0,0,NA,NA,0,0,NA,NA,NA,NA,0,NA,NA,0,NA,0,NA,0,0,0,0,NA,0,0,0,0,0,0,0,0,0,0,0,0,0,0,NA,NA,0,0,0,NA,0,NA,NA,0,0,0,0,NA,0,0,NA,NA,NA,NA,NA,NA,NA,NA,NA,NA,NA,NA,NA,NA,NA,NA,NA,NA,NA,NA,NA,NA,NA,NA
"7",NA,NA,NA,NA,1,NA,0,NA,0,0,0,0,0,NA,NA,0,0,NA,NA,NA,NA,0,NA,NA,0,NA,0,NA,0,0,0,0,NA,0,0,0,0,0,0,0,0,0,0,0,0,NA,0,NA,NA,0,0,0,NA,0,NA,NA,0,0,0,0,NA,0,0,NA,NA,NA,NA,NA,NA,NA,NA,NA,NA,NA,NA,NA,NA,NA,NA,NA,NA,NA,NA,NA,NA,NA,NA
"8",1,1,NA,1,0,NA,NA,0,0,0,0,NA,NA,0,NA,0,0,0,0,NA,NA,0,0,0,NA,0,0,0,0,0,0,0,0,0,0,NA,0,0,0,0,NA,NA,NA,0,0,0,0,0,0,NA,NA,NA,0,0,0,0,0,NA,0,0,0,0,0,NA,NA,NA,NA,NA,NA,NA,NA,NA,NA,NA,NA,NA,NA,NA,NA,NA,NA,NA,NA,NA,NA,NA,NA
"9",1,1,NA,1,1,NA,1,0,0,0,0,NA,NA,0,NA,0,0,0,0,NA,NA,0,0,0,NA,0,0,0,0,0,0,0,0,0,0,NA,0,0,0,0,0,NA,NA,0,0,0,0,0,0,NA,0,NA,0,0,0,0,0,NA,0,0,0,0,0,NA,NA,NA,NA,NA,NA,NA,NA,NA,NA,NA,NA,NA,NA,NA,NA,NA,NA,NA,NA,NA,NA,NA,NA
"10",1,1,NA,1,1,NA,NA,0,0,0,0,NA,NA,0,NA,0,0,0,0,NA,NA,0,0,0,NA,0,0,NA,0,0,0,0,0,0,0,NA,0,0,0,0,0,NA,NA,0,0,0,0,0,NA,NA,0,NA,0,0,0,0,0,NA,0,0,0,0,0,NA,NA,NA,NA,NA,NA,NA,NA,NA,NA,NA,NA,NA,NA,NA,NA,NA,NA,NA,NA,NA,NA,NA,NA
"11",1,1,1,1,1,NA,NA,0,0,0,0,NA,NA,0,NA,0,0,0,0,NA,NA,0,0,0,NA,0,0,0,0,0,0,0,0,0,0,NA,0,0,0,0,0,NA,NA,0,0,0,0,0,0,NA,0,NA,0,0,0,0,0,NA,0,0,0,0,0,NA,NA,NA,NA,NA,NA,NA,NA,NA,NA,NA,NA,NA,NA,NA,NA,NA,NA,NA,NA,NA,NA,NA,NA
"12",1,1,NA,1,1,NA,1,0,0,0,0,NA,NA,0,NA,0,0,0,0,NA,NA,0,0,0,NA,0,0,0,0,0,0,0,0,0,0,NA,0,0,0,0,0,NA,NA,0,0,0,0,0,0,NA,NA,NA,0,0,0,0,0,NA,0,0,0,0,0,NA,NA,NA,NA,NA,NA,NA,NA,NA,NA,NA,NA,NA,NA,NA,NA,NA,NA,NA,NA,NA,NA,NA,NA
"13",1,1,NA,1,1,NA,NA,0,0,0,0,NA,NA,0,NA,0,0,0,0,NA,NA,0,0,0,NA,0,0,NA,0,0,0,0,0,0,0,NA,0,0,0,0,NA,NA,NA,0,0,0,0,0,0,NA,0,NA,0,0,0,0,0,NA,0,0,0,0,0,NA,NA,NA,NA,NA,NA,NA,NA,NA,NA,NA,NA,NA,NA,NA,NA,NA,NA,NA,NA,NA,NA,NA,NA
"14",1,1,NA,1,1,NA,NA,0,0,0,0,NA,NA,0,NA,0,0,0,0,NA,NA,0,0,0,NA,0,0,0,0,0,0,0,0,0,0,NA,0,0,0,0,NA,NA,NA,0,0,0,0,0,NA,NA,0,NA,0,0,0,0,0,NA,0,0,0,0,0,NA,NA,NA,NA,NA,NA,NA,NA,NA,NA,NA,NA,NA,NA,NA,NA,NA,NA,NA,NA,NA,NA,NA,NA
"15",1,1,1,1,1,NA,NA,0,0,0,0,NA,NA,0,NA,0,0,0,0,NA,NA,0,0,0,NA,0,0,NA,0,0,0,0,0,0,0,NA,0,0,0,0,0,NA,NA,0,0,0,0,0,0,NA,0,NA,0,0,0,0,0,NA,0,0,0,0,0,NA,NA,NA,NA,NA,NA,NA,NA,NA,NA,NA,NA,NA,NA,NA,NA,NA,NA,NA,NA,NA,NA,NA,NA
"16",1,1,1,1,1,NA,NA,0,0,0,0,NA,NA,0,NA,0,0,0,0,NA,NA,0,0,0,NA,0,0,0,0,0,0,0,0,0,0,NA,0,0,0,0,0,NA,NA,0,0,0,0,0,NA,NA,0,NA,0,0,0,0,0,NA,0,0,0,0,0,NA,NA,NA,NA,NA,NA,NA,NA,NA,NA,NA,NA,NA,NA,NA,NA,NA,NA,NA,NA,NA,NA,NA,NA
"17",1,1,NA,1,1,NA,1,0,0,0,0,NA,NA,0,NA,0,0,0,0,NA,NA,0,0,0,NA,0,0,NA,0,0,0,0,0,0,0,NA,0,0,0,0,0,NA,NA,0,0,0,0,0,0,NA,0,NA,0,0,0,0,0,NA,0,0,0,0,0,NA,NA,NA,NA,NA,NA,NA,NA,NA,NA,NA,NA,NA,NA,NA,NA,NA,NA,NA,NA,NA,NA,NA,NA
"18",1,1,1,1,1,NA,NA,0,0,0,0,NA,NA,0,NA,0,0,0,0,NA,NA,0,0,0,NA,0,0,0,0,0,0,0,0,0,0,NA,0,0,0,0,NA,NA,NA,0,0,0,0,0,0,NA,0,NA,0,0,0,0,0,NA,0,0,0,0,0,NA,NA,NA,NA,NA,NA,NA,NA,NA,NA,NA,NA,NA,NA,NA,NA,NA,NA,NA,NA,NA,NA,NA,NA
"19",1,1,NA,1,1,NA,NA,0,0,0,0,NA,NA,0,NA,0,0,0,0,NA,NA,0,0,0,NA,0,0,NA,0,0,0,0,0,0,0,NA,0,0,0,0,0,NA,NA,0,0,0,0,0,0,NA,NA,NA,0,0,0,0,0,NA,0,0,0,0,0,NA,NA,NA,NA,NA,NA,NA,NA,NA,NA,NA,NA,NA,NA,NA,NA,NA,NA,NA,NA,NA,NA,NA,NA
"20",1,1,NA,1,1,NA,1,0,0,0,0,NA,NA,0,NA,0,0,0,0,NA,NA,0,0,0,NA,0,0,0,0,0,0,0,0,0,0,NA,0,0,0,0,0,NA,NA,0,0,0,0,0,NA,NA,0,NA,0,0,0,0,0,NA,0,0,0,0,0,NA,NA,NA,NA,NA,NA,NA,NA,NA,NA,NA,NA,NA,NA,NA,NA,NA,NA,NA,NA,NA,NA,NA,NA
"21",1,1,NA,1,1,NA,1,0,0,0,0,NA,NA,0,NA,0,0,0,0,NA,NA,0,0,0,NA,0,0,0,0,0,0,0,0,0,0,NA,0,0,0,0,NA,NA,NA,0,0,0,0,0,0,NA,0,NA,0,0,0,0,0,NA,0,0,0,0,0,NA,NA,NA,NA,NA,NA,NA,NA,NA,NA,NA,NA,NA,NA,NA,NA,NA,NA,NA,NA,NA,NA,NA,NA
"22",1,1,NA,1,1,NA,NA,0,0,0,0,NA,NA,0,NA,0,0,0,0,NA,NA,0,0,0,NA,0,0,NA,0,0,0,0,0,0,0,NA,0,0,0,0,NA,NA,NA,0,0,0,0,0,NA,NA,0,NA,0,0,0,0,0,NA,0,0,0,0,0,NA,NA,NA,NA,NA,NA,NA,NA,NA,NA,NA,NA,NA,NA,NA,NA,NA,NA,NA,NA,NA,NA,NA,NA
"23",1,1,1,1,1,NA,NA,0,0,0,0,NA,NA,0,NA,0,0,0,0,NA,NA,0,0,0,NA,0,0,0,0,0,0,0,0,0,0,NA,0,0,0,0,0,NA,NA,0,0,0,0,0,0,NA,NA,NA,0,0,0,0,0,NA,0,0,0,0,0,NA,NA,NA,NA,NA,NA,NA,NA,NA,NA,NA,NA,NA,NA,NA,NA,NA,NA,NA,NA,NA,NA,NA,NA
"24",1,1,NA,1,0,NA,NA,0,0,0,0,NA,NA,0,NA,0,0,0,0,NA,NA,0,0,0,NA,0,0,NA,0,0,0,0,0,0,0,NA,0,0,0,0,NA,NA,NA,0,0,0,0,0,0,NA,NA,NA,0,0,0,0,0,NA,0,0,0,0,0,NA,NA,NA,NA,NA,NA,NA,NA,NA,NA,NA,NA,NA,NA,NA,NA,NA,NA,NA,NA,NA,NA,NA,NA
"25",1,1,NA,1,1,NA,1,0,0,0,0,NA,NA,0,NA,0,0,0,0,NA,NA,0,0,0,NA,0,0,NA,0,0,0,0,0,0,0,NA,0,0,0,0,0,NA,NA,0,0,0,0,0,NA,NA,0,NA,0,0,0,0,0,NA,0,0,0,0,0,NA,NA,NA,NA,NA,NA,NA,NA,NA,NA,NA,NA,NA,NA,NA,NA,NA,NA,NA,NA,NA,NA,NA,NA
"26",1,1,NA,1,NA,1,NA,1,1,1,0,NA,NA,0,NA,NA,0,0,0,NA,0,0,0,0,NA,0,0,0,0,0,NA,0,0,0,0,NA,0,0,NA,0,NA,NA,NA,0,0,0,0,0,0,NA,NA,NA,0,0,0,0,0,NA,0,0,0,0,0,NA,NA,NA,NA,NA,NA,NA,NA,NA,NA,NA,NA,NA,NA,NA,NA,NA,NA,NA,NA,NA,NA,NA,NA
"27",1,1,NA,1,NA,1,1,1,1,1,0,NA,NA,0,NA,NA,0,0,0,NA,0,0,0,0,NA,0,0,0,0,0,NA,0,0,0,0,NA,0,0,NA,0,NA,NA,NA,0,0,0,0,0,0,NA,NA,NA,0,0,0,0,0,NA,0,0,0,0,0,NA,NA,NA,NA,NA,NA,NA,NA,NA,NA,NA,NA,NA,NA,NA,NA,NA,NA,NA,NA,NA,NA,NA,NA
"28",1,1,NA,1,1,NA,NA,0,0,0,0,NA,NA,0,NA,0,0,0,0,NA,NA,0,0,0,NA,0,0,0,0,0,0,0,0,0,0,NA,0,0,0,0,0,NA,NA,0,0,0,0,0,NA,NA,NA,NA,0,0,0,0,0,NA,0,0,0,0,0,NA,NA,NA,NA,NA,NA,NA,NA,NA,NA,NA,NA,NA,NA,NA,NA,NA,NA,NA,NA,NA,NA,NA,NA
"29",1,1,NA,1,1,NA,1,0,0,0,0,NA,NA,0,NA,0,0,0,0,NA,NA,0,0,0,NA,0,0,NA,0,0,0,0,0,0,0,NA,0,0,0,0,0,NA,NA,0,0,0,0,0,0,NA,NA,NA,0,0,0,0,0,NA,0,0,0,0,0,NA,NA,NA,NA,NA,NA,NA,NA,NA,NA,NA,NA,NA,NA,NA,NA,NA,NA,NA,NA,NA,NA,NA,NA
"30",1,1,NA,1,0,NA,NA,0,0,0,0,NA,NA,0,NA,0,0,0,0,NA,NA,0,0,0,NA,0,0,0,0,0,0,0,0,0,0,NA,0,0,0,0,NA,NA,NA,0,0,0,0,0,NA,NA,NA,NA,0,0,0,0,0,NA,0,0,0,0,0,NA,NA,NA,NA,NA,NA,NA,NA,NA,NA,NA,NA,NA,NA,NA,NA,NA,NA,NA,NA,NA,NA,NA,NA
"31",1,1,NA,1,1,NA,1,0,0,0,0,NA,NA,0,NA,0,0,0,0,NA,NA,0,0,0,NA,0,0,0,0,0,0,0,0,0,0,NA,0,0,0,0,NA,NA,NA,0,0,0,0,0,NA,NA,0,NA,0,0,0,0,0,NA,0,0,0,0,0,NA,NA,NA,NA,NA,NA,NA,NA,NA,NA,NA,NA,NA,NA,NA,NA,NA,NA,NA,NA,NA,NA,NA,NA
"32",1,1,NA,1,NA,1,NA,1,1,1,0,NA,NA,0,NA,NA,0,0,0,NA,0,0,0,0,NA,0,0,0,0,0,NA,0,0,0,0,NA,0,0,NA,0,NA,NA,NA,0,0,0,0,0,NA,NA,NA,NA,0,0,0,0,0,NA,0,0,0,0,0,NA,NA,NA,NA,NA,NA,NA,NA,NA,NA,NA,NA,NA,NA,NA,NA,NA,NA,NA,NA,NA,NA,NA,NA
"33",1,1,NA,1,1,NA,1,0,0,0,0,NA,NA,0,NA,0,0,0,0,NA,NA,0,0,0,NA,0,0,NA,0,0,0,0,0,0,0,NA,0,0,0,0,NA,NA,NA,0,0,0,0,0,0,NA,0,NA,0,0,0,0,0,NA,0,0,0,0,0,NA,NA,NA,NA,NA,NA,NA,NA,NA,NA,NA,NA,NA,NA,NA,NA,NA,NA,NA,NA,NA,NA,NA,NA
"34",1,1,1,1,1,NA,NA,0,0,0,0,NA,NA,0,NA,0,0,0,0,NA,NA,0,0,0,NA,0,0,0,0,0,0,0,0,0,0,NA,0,0,0,0,NA,NA,NA,0,0,0,0,0,NA,NA,0,NA,0,0,0,0,0,NA,0,0,0,0,0,NA,NA,NA,NA,NA,NA,NA,NA,NA,NA,NA,NA,NA,NA,NA,NA,NA,NA,NA,NA,NA,NA,NA,NA
"35",1,1,NA,1,1,NA,1,0,0,0,0,NA,NA,0,NA,0,0,0,0,NA,NA,0,0,0,NA,0,0,NA,0,0,0,0,0,0,0,NA,0,0,0,0,NA,NA,NA,0,0,0,0,0,NA,NA,0,NA,0,0,0,0,0,NA,0,0,0,0,0,NA,NA,NA,NA,NA,NA,NA,NA,NA,NA,NA,NA,NA,NA,NA,NA,NA,NA,NA,NA,NA,NA,NA,NA
"36",1,1,1,1,NA,1,NA,1,1,1,0,NA,NA,0,NA,NA,0,0,0,NA,0,0,0,0,NA,0,0,0,0,0,NA,0,0,0,0,NA,0,0,NA,0,NA,NA,NA,0,0,0,0,0,0,NA,NA,NA,0,0,0,0,0,NA,0,0,0,0,0,NA,NA,NA,NA,NA,NA,NA,NA,NA,NA,NA,NA,NA,NA,NA,NA,NA,NA,NA,NA,NA,NA,NA,NA
"37",1,1,NA,1,NA,1,1,1,1,1,0,NA,NA,0,NA,NA,0,0,0,NA,0,0,0,0,NA,0,0,0,0,0,NA,0,0,0,0,NA,0,0,NA,0,NA,NA,NA,0,0,0,0,0,NA,NA,NA,NA,0,0,0,0,0,NA,0,0,0,0,0,NA,NA,NA,NA,NA,NA,NA,NA,NA,NA,NA,NA,NA,NA,NA,NA,NA,NA,NA,NA,NA,NA,NA,NA
"38",1,1,1,1,1,NA,NA,0,0,0,0,NA,NA,0,NA,0,0,0,0,NA,NA,0,0,0,NA,0,0,0,0,0,0,0,0,0,0,NA,0,0,0,0,0,NA,NA,0,0,0,0,0,NA,NA,NA,NA,0,0,0,0,0,NA,0,0,0,0,0,NA,NA,NA,NA,NA,NA,NA,NA,NA,NA,NA,NA,NA,NA,NA,NA,NA,NA,NA,NA,NA,NA,NA,NA
"39",1,1,NA,1,NA,1,NA,1,1,1,0,NA,NA,0,NA,NA,0,0,0,NA,0,0,0,0,NA,0,0,NA,0,0,NA,0,0,0,0,NA,0,0,NA,0,NA,NA,NA,0,0,0,0,0,0,NA,NA,NA,0,0,0,0,0,NA,0,0,0,0,0,NA,NA,NA,NA,NA,NA,NA,NA,NA,NA,NA,NA,NA,NA,NA,NA,NA,NA,NA,NA,NA,NA,NA,NA
"40",NA,NA,NA,NA,1,NA,0,NA,0,0,0,0,0,NA,NA,0,0,NA,NA,NA,NA,0,NA,NA,0,NA,0,NA,0,0,0,0,NA,0,0,0,0,0,0,0,NA,0,0,0,0,0,0,NA,NA,0,0,0,NA,0,NA,NA,0,0,0,0,NA,0,0,NA,NA,NA,NA,NA,NA,NA,NA,NA,NA,NA,NA,NA,NA,NA,NA,NA,NA,NA,NA,NA,NA,NA,NA
"41",1,1,NA,1,0,NA,1,0,0,0,0,NA,NA,0,NA,0,0,0,0,NA,NA,0,0,0,NA,0,0,0,0,0,0,0,0,0,0,NA,0,0,0,0,NA,NA,NA,0,0,0,0,0,0,NA,NA,NA,0,0,0,0,0,NA,0,0,0,0,0,NA,NA,NA,NA,NA,NA,NA,NA,NA,NA,NA,NA,NA,NA,NA,NA,NA,NA,NA,NA,NA,NA,NA,NA
"42",1,1,1,1,0,NA,NA,0,0,0,0,NA,NA,0,NA,0,0,0,0,NA,NA,0,0,0,NA,0,0,0,0,0,0,0,0,0,0,NA,0,0,0,0,NA,NA,NA,0,0,0,0,0,0,NA,NA,NA,0,0,0,0,0,NA,0,0,0,0,0,NA,NA,NA,NA,NA,NA,NA,NA,NA,NA,NA,NA,NA,NA,NA,NA,NA,NA,NA,NA,NA,NA,NA,NA
"43",1,1,1,1,NA,1,NA,1,1,1,0,NA,NA,0,NA,NA,0,0,0,NA,0,0,0,0,NA,0,0,0,0,0,NA,0,0,0,0,NA,0,0,NA,0,NA,NA,NA,0,0,0,0,0,NA,NA,NA,NA,0,0,0,0,0,NA,0,0,0,0,0,NA,NA,NA,NA,NA,NA,NA,NA,NA,NA,NA,NA,NA,NA,NA,NA,NA,NA,NA,NA,NA,NA,NA,NA
"44",1,1,NA,1,1,NA,1,0,0,0,0,NA,NA,0,NA,0,0,0,0,NA,NA,0,0,0,NA,0,0,0,0,0,0,0,0,0,0,NA,0,0,0,0,0,NA,NA,0,0,0,0,0,NA,NA,NA,NA,0,0,0,0,0,NA,0,0,0,0,0,NA,NA,NA,NA,NA,NA,NA,NA,NA,NA,NA,NA,NA,NA,NA,NA,NA,NA,NA,NA,NA,NA,NA,NA
"45",1,1,1,1,0,NA,NA,0,0,0,0,NA,NA,0,NA,0,0,0,0,NA,NA,0,0,0,NA,0,0,0,0,0,0,0,0,0,0,NA,0,0,0,0,NA,NA,NA,0,0,0,0,0,NA,NA,NA,NA,0,0,0,0,0,NA,0,0,0,0,0,NA,NA,NA,NA,NA,NA,NA,NA,NA,NA,NA,NA,NA,NA,NA,NA,NA,NA,NA,NA,NA,NA,NA,NA
"46",1,1,NA,1,0,NA,1,0,0,0,0,NA,NA,0,NA,0,0,0,0,NA,NA,0,0,0,NA,0,0,0,0,0,0,0,0,0,0,NA,0,0,0,0,NA,NA,NA,0,0,0,0,0,NA,NA,NA,NA,0,0,0,0,0,NA,0,0,0,0,0,NA,NA,NA,NA,NA,NA,NA,NA,NA,NA,NA,NA,NA,NA,NA,NA,NA,NA,NA,NA,NA,NA,NA,NA
"47",1,1,NA,1,NA,0,NA,0,0,0,0,NA,NA,0,NA,NA,0,0,0,NA,NA,0,0,0,NA,0,0,0,0,0,NA,0,0,0,0,NA,0,0,NA,0,NA,NA,NA,0,0,0,0,0,0,NA,NA,NA,0,0,0,0,0,NA,0,0,0,0,0,NA,NA,NA,NA,NA,NA,NA,NA,NA,NA,NA,NA,NA,NA,NA,NA,NA,NA,NA,NA,NA,NA,NA,NA
"48",1,1,NA,1,NA,0,NA,0,0,0,0,NA,NA,0,NA,NA,0,0,0,NA,NA,0,0,0,NA,0,0,0,0,0,NA,0,0,0,0,NA,0,0,NA,0,NA,NA,NA,0,0,0,0,0,NA,NA,NA,NA,0,0,0,0,0,NA,0,0,0,0,0,NA,NA,NA,NA,NA,NA,NA,NA,NA,NA,NA,NA,NA,NA,NA,NA,NA,NA,NA,NA,NA,NA,NA,NA
"49",1,1,NA,1,NA,0,1,0,0,0,0,NA,NA,0,NA,NA,0,0,0,NA,NA,0,0,0,NA,0,0,0,0,0,NA,0,0,0,0,NA,0,0,NA,0,NA,NA,NA,0,0,0,0,0,0,NA,NA,NA,0,0,0,0,0,NA,0,0,0,0,0,NA,NA,NA,NA,NA,NA,NA,NA,NA,NA,NA,NA,NA,NA,NA,NA,NA,NA,NA,NA,NA,NA,NA,NA
"50",1,1,1,1,NA,0,NA,0,0,0,0,NA,NA,0,NA,NA,0,0,0,NA,NA,0,0,0,NA,0,0,0,0,0,NA,0,0,0,0,NA,0,0,NA,0,NA,NA,NA,0,0,0,0,0,0,NA,NA,NA,0,0,0,0,0,NA,0,0,0,0,0,NA,NA,NA,NA,NA,NA,NA,NA,NA,NA,NA,NA,NA,NA,NA,NA,NA,NA,NA,NA,NA,NA,NA,NA
"51",1,1,1,1,NA,0,NA,0,0,0,0,NA,NA,0,NA,NA,0,0,0,NA,NA,0,0,0,NA,0,0,0,0,0,NA,0,0,0,0,NA,0,0,NA,0,NA,NA,NA,0,0,0,0,0,NA,NA,NA,NA,0,0,0,0,0,NA,0,0,0,0,0,NA,NA,NA,NA,NA,NA,NA,NA,NA,NA,NA,NA,NA,NA,NA,NA,NA,NA,NA,NA,NA,NA,NA,NA
"52",1,1,NA,1,NA,0,1,0,0,0,0,NA,NA,0,NA,NA,0,0,0,NA,NA,0,0,0,NA,0,0,0,0,0,NA,0,0,0,0,NA,0,0,NA,0,NA,NA,NA,0,0,0,0,0,NA,NA,NA,NA,0,0,0,0,0,NA,0,0,0,0,0,NA,NA,NA,NA,NA,NA,NA,NA,NA,NA,NA,NA,NA,NA,NA,NA,NA,NA,NA,NA,NA,NA,NA,NA
"53",NA,NA,NA,1,1,NA,NA,0,0,0,0,NA,NA,0,NA,0,0,0,0,NA,NA,0,0,0,NA,0,0,0,0,0,0,0,0,0,0,NA,0,0,0,0,0,NA,NA,0,0,0,0,0,0,NA,0,NA,0,0,0,0,0,NA,0,0,0,0,0,NA,NA,NA,NA,NA,NA,NA,NA,NA,NA,NA,NA,NA,NA,NA,NA,NA,NA,NA,NA,NA,NA,NA,NA
"54",1,1,1,1,1,NA,NA,0,0,0,0,NA,NA,0,NA,0,0,0,0,NA,NA,0,0,0,NA,0,0,NA,0,0,0,0,0,0,0,NA,0,0,0,0,0,NA,NA,0,0,0,0,0,NA,NA,0,NA,0,0,0,0,0,NA,0,0,0,0,0,NA,NA,NA,NA,NA,NA,NA,NA,NA,NA,NA,NA,NA,NA,NA,NA,NA,NA,NA,NA,NA,NA,NA,NA
"55",1,1,1,1,1,NA,NA,0,0,0,0,NA,NA,0,NA,0,0,0,0,NA,NA,0,0,0,NA,0,0,NA,0,0,0,0,0,0,0,NA,0,0,0,0,NA,NA,NA,0,0,0,0,0,0,NA,0,NA,0,0,0,0,0,NA,0,0,0,0,0,NA,NA,NA,NA,NA,NA,NA,NA,NA,NA,NA,NA,NA,NA,NA,NA,NA,NA,NA,NA,NA,NA,NA,NA
"56",1,1,1,1,1,NA,NA,0,0,0,0,NA,NA,0,NA,0,0,0,0,NA,NA,0,0,0,NA,0,0,NA,0,0,0,0,0,0,0,NA,0,0,0,0,NA,NA,NA,0,0,0,0,0,NA,NA,0,NA,0,0,0,0,0,NA,0,0,0,0,0,NA,NA,NA,NA,NA,NA,NA,NA,NA,NA,NA,NA,NA,NA,NA,NA,NA,NA,NA,NA,NA,NA,NA,NA
"57",1,1,NA,1,1,NA,NA,0,0,0,0,NA,NA,0,NA,0,0,0,0,NA,NA,0,0,0,NA,0,0,NA,0,0,0,0,0,0,0,NA,0,0,0,0,0,NA,NA,0,0,0,0,0,NA,NA,NA,NA,0,0,0,0,0,NA,0,0,0,0,0,NA,NA,NA,NA,NA,NA,NA,NA,NA,NA,NA,NA,NA,NA,NA,NA,NA,NA,NA,NA,NA,NA,NA,NA
"58",NA,NA,NA,1,1,NA,NA,0,0,0,0,NA,NA,0,NA,0,0,0,0,NA,NA,0,0,0,NA,0,0,0,0,0,0,0,0,0,0,NA,0,0,0,0,NA,NA,NA,0,0,0,0,0,0,NA,0,NA,0,0,0,0,0,NA,0,0,0,0,0,NA,NA,NA,NA,NA,NA,NA,NA,NA,NA,NA,NA,NA,NA,NA,NA,NA,NA,NA,NA,NA,NA,NA,NA
"59",NA,NA,NA,1,1,NA,NA,0,0,0,0,NA,NA,0,NA,0,0,0,0,NA,NA,0,0,0,NA,0,0,0,0,0,0,0,0,0,0,NA,0,0,0,0,0,NA,NA,0,0,0,0,0,NA,NA,0,NA,0,0,0,0,0,NA,0,0,0,0,0,NA,NA,NA,NA,NA,NA,NA,NA,NA,NA,NA,NA,NA,NA,NA,NA,NA,NA,NA,NA,NA,NA,NA,NA
"60",NA,NA,NA,1,1,NA,NA,0,0,0,0,NA,NA,0,NA,0,0,0,0,NA,NA,0,0,0,NA,0,0,0,0,0,0,0,0,0,0,NA,0,0,0,0,NA,NA,NA,0,0,0,0,0,NA,NA,0,NA,0,0,0,0,0,NA,0,0,0,0,0,NA,NA,NA,NA,NA,NA,NA,NA,NA,NA,NA,NA,NA,NA,NA,NA,NA,NA,NA,NA,NA,NA,NA,NA
"61",NA,NA,1,1,1,NA,NA,0,0,0,0,NA,NA,0,NA,0,0,0,0,NA,NA,0,0,0,NA,0,0,0,0,0,0,0,0,0,0,NA,0,0,0,0,0,NA,NA,0,0,0,0,0,0,NA,0,NA,0,0,0,0,0,NA,0,0,0,0,0,NA,NA,NA,NA,NA,NA,NA,NA,NA,NA,NA,NA,NA,NA,NA,NA,NA,NA,NA,NA,NA,NA,NA,NA
"62",NA,NA,NA,1,1,NA,1,0,0,0,0,NA,NA,0,NA,0,0,0,0,NA,NA,0,0,0,NA,0,0,0,0,0,0,0,0,0,0,NA,0,0,0,0,0,NA,NA,0,0,0,0,0,0,NA,0,NA,0,0,0,0,0,NA,0,0,0,0,0,NA,NA,NA,NA,NA,NA,NA,NA,NA,NA,NA,NA,NA,NA,NA,NA,NA,NA,NA,NA,NA,NA,NA,NA
"63",NA,NA,NA,1,1,NA,1,0,0,0,0,NA,NA,0,NA,0,0,0,0,NA,NA,0,0,0,NA,0,0,0,0,0,0,0,0,0,0,NA,0,0,0,0,0,NA,NA,0,0,0,0,0,NA,NA,0,NA,0,0,0,0,0,NA,0,0,0,0,0,NA,NA,NA,NA,NA,NA,NA,NA,NA,NA,NA,NA,NA,NA,NA,NA,NA,NA,NA,NA,NA,NA,NA,NA
"64",NA,NA,1,1,1,NA,NA,0,0,0,0,NA,NA,0,NA,0,0,0,0,NA,NA,0,0,0,NA,0,0,0,0,0,0,0,0,0,0,NA,0,0,0,0,NA,NA,NA,0,0,0,0,0,0,NA,0,NA,0,0,0,0,0,NA,0,0,0,0,0,NA,NA,NA,NA,NA,NA,NA,NA,NA,NA,NA,NA,NA,NA,NA,NA,NA,NA,NA,NA,NA,NA,NA,NA
"65",NA,NA,1,1,1,NA,NA,0,0,0,0,NA,NA,0,NA,0,0,0,0,NA,NA,0,0,0,NA,0,0,0,0,0,0,0,0,0,0,NA,0,0,0,0,0,NA,NA,0,0,0,0,0,NA,NA,0,NA,0,0,0,0,0,NA,0,0,0,0,0,NA,NA,NA,NA,NA,NA,NA,NA,NA,NA,NA,NA,NA,NA,NA,NA,NA,NA,NA,NA,NA,NA,NA,NA
"66",NA,NA,NA,1,1,NA,1,0,0,0,0,NA,NA,0,NA,0,0,0,0,NA,NA,0,0,0,NA,0,0,0,0,0,0,0,0,0,0,NA,0,0,0,0,NA,NA,NA,0,0,0,0,0,0,NA,0,NA,0,0,0,0,0,NA,0,0,0,0,0,NA,NA,NA,NA,NA,NA,NA,NA,NA,NA,NA,NA,NA,NA,NA,NA,NA,NA,NA,NA,NA,NA,NA,NA
"67",NA,NA,NA,1,1,NA,1,0,0,0,0,NA,NA,0,NA,0,0,0,0,NA,NA,0,0,0,NA,0,0,0,0,0,0,0,0,0,0,NA,0,0,0,0,NA,NA,NA,0,0,0,0,0,NA,NA,0,NA,0,0,0,0,0,NA,0,0,0,0,0,NA,NA,NA,NA,NA,NA,NA,NA,NA,NA,NA,NA,NA,NA,NA,NA,NA,NA,NA,NA,NA,NA,NA,NA
"68",NA,NA,1,1,1,NA,NA,0,0,0,0,NA,NA,0,NA,0,0,0,0,NA,NA,0,0,0,NA,0,0,0,0,0,0,0,0,0,0,NA,0,0,0,0,NA,NA,NA,0,0,0,0,0,NA,NA,0,NA,0,0,0,0,0,NA,0,0,0,0,0,NA,NA,NA,NA,NA,NA,NA,NA,NA,NA,NA,NA,NA,NA,NA,NA,NA,NA,NA,NA,NA,NA,NA,NA
"69",NA,NA,NA,1,1,NA,NA,0,0,0,0,NA,NA,0,NA,0,0,0,0,NA,NA,0,0,0,NA,0,0,0,0,0,0,0,0,0,0,NA,0,0,0,0,0,NA,NA,0,0,0,0,0,0,NA,NA,NA,0,0,0,0,0,NA,0,0,0,0,0,NA,NA,NA,NA,NA,NA,NA,NA,NA,NA,NA,NA,NA,NA,NA,NA,NA,NA,NA,NA,NA,NA,NA,NA
"70",NA,NA,NA,1,1,NA,NA,0,0,0,0,NA,NA,0,NA,0,0,0,0,NA,NA,0,0,0,NA,0,0,0,0,0,0,0,0,0,0,NA,0,0,0,0,0,NA,NA,0,0,0,0,0,NA,NA,NA,NA,0,0,0,0,0,NA,0,0,0,0,0,NA,NA,NA,NA,NA,NA,NA,NA,NA,NA,NA,NA,NA,NA,NA,NA,NA,NA,NA,NA,NA,NA,NA,NA
"71",NA,NA,NA,1,0,NA,NA,0,0,0,0,NA,NA,0,NA,0,0,0,0,NA,NA,0,0,0,NA,0,0,0,0,0,0,0,0,0,0,NA,0,0,0,0,NA,NA,NA,0,0,0,0,0,0,NA,NA,NA,0,0,0,0,0,NA,0,0,0,0,0,NA,NA,NA,NA,NA,NA,NA,NA,NA,NA,NA,NA,NA,NA,NA,NA,NA,NA,NA,NA,NA,NA,NA,NA
"72",NA,NA,NA,1,0,NA,NA,0,0,0,0,NA,NA,0,NA,0,0,0,0,NA,NA,0,0,0,NA,0,0,0,0,0,0,0,0,0,0,NA,0,0,0,0,NA,NA,NA,0,0,0,0,0,NA,NA,NA,NA,0,0,0,0,0,NA,0,0,0,0,0,NA,NA,NA,NA,NA,NA,NA,NA,NA,NA,NA,NA,NA,NA,NA,NA,NA,NA,NA,NA,NA,NA,NA,NA
"73",NA,NA,NA,1,1,NA,1,0,0,0,0,NA,NA,0,NA,0,0,0,0,NA,NA,0,0,0,NA,0,0,0,0,0,0,0,0,0,0,NA,0,0,0,0,0,NA,NA,0,0,0,0,0,0,NA,NA,NA,0,0,0,0,0,NA,0,0,0,0,0,NA,NA,NA,NA,NA,NA,NA,NA,NA,NA,NA,NA,NA,NA,NA,NA,NA,NA,NA,NA,NA,NA,NA,NA
"74",NA,NA,1,1,1,NA,NA,0,0,0,0,NA,NA,0,NA,0,0,0,0,NA,NA,0,0,0,NA,0,0,0,0,0,0,0,0,0,0,NA,0,0,0,0,0,NA,NA,0,0,0,0,0,0,NA,NA,NA,0,0,0,0,0,NA,0,0,0,0,0,NA,NA,NA,NA,NA,NA,NA,NA,NA,NA,NA,NA,NA,NA,NA,NA,NA,NA,NA,NA,NA,NA,NA,NA
"75",NA,NA,NA,1,1,NA,1,0,0,0,0,NA,NA,0,NA,0,0,0,0,NA,NA,0,0,0,NA,0,0,0,0,0,0,0,0,0,0,NA,0,0,0,0,0,NA,NA,0,0,0,0,0,NA,NA,NA,NA,0,0,0,0,0,NA,0,0,0,0,0,NA,NA,NA,NA,NA,NA,NA,NA,NA,NA,NA,NA,NA,NA,NA,NA,NA,NA,NA,NA,NA,NA,NA,NA
"76",NA,NA,1,1,0,NA,NA,0,0,0,0,NA,NA,0,NA,0,0,0,0,NA,NA,0,0,0,NA,0,0,0,0,0,0,0,0,0,0,NA,0,0,0,0,NA,NA,NA,0,0,0,0,0,0,NA,NA,NA,0,0,0,0,0,NA,0,0,0,0,0,NA,NA,NA,NA,NA,NA,NA,NA,NA,NA,NA,NA,NA,NA,NA,NA,NA,NA,NA,NA,NA,NA,NA,NA
"77",NA,NA,NA,1,0,NA,1,0,0,0,0,NA,NA,0,NA,0,0,0,0,NA,NA,0,0,0,NA,0,0,0,0,0,0,0,0,0,0,NA,0,0,0,0,NA,NA,NA,0,0,0,0,0,0,NA,NA,NA,0,0,0,0,0,NA,0,0,0,0,0,NA,NA,NA,NA,NA,NA,NA,NA,NA,NA,NA,NA,NA,NA,NA,NA,NA,NA,NA,NA,NA,NA,NA,NA
"78",NA,NA,1,1,1,NA,NA,0,0,0,0,NA,NA,0,NA,0,0,0,0,NA,NA,0,0,0,NA,0,0,0,0,0,0,0,0,0,0,NA,0,0,0,0,0,NA,NA,0,0,0,0,0,NA,NA,NA,NA,0,0,0,0,0,NA,0,0,0,0,0,NA,NA,NA,NA,NA,NA,NA,NA,NA,NA,NA,NA,NA,NA,NA,NA,NA,NA,NA,NA,NA,NA,NA,NA
"79",NA,NA,NA,1,0,NA,1,0,0,0,0,NA,NA,0,NA,0,0,0,0,NA,NA,0,0,0,NA,0,0,0,0,0,0,0,0,0,0,NA,0,0,0,0,NA,NA,NA,0,0,0,0,0,NA,NA,NA,NA,0,0,0,0,0,NA,0,0,0,0,0,NA,NA,NA,NA,NA,NA,NA,NA,NA,NA,NA,NA,NA,NA,NA,NA,NA,NA,NA,NA,NA,NA,NA,NA
"80",NA,NA,1,1,0,NA,NA,0,0,0,0,NA,NA,0,NA,0,0,0,0,NA,NA,0,0,0,NA,0,0,0,0,0,0,0,0,0,0,NA,0,0,0,0,NA,NA,NA,0,0,0,0,0,NA,NA,NA,NA,0,0,0,0,0,NA,0,0,0,0,0,NA,NA,NA,NA,NA,NA,NA,NA,NA,NA,NA,NA,NA,NA,NA,NA,NA,NA,NA,NA,NA,NA,NA,NA
"81",NA,NA,NA,1,NA,1,NA,1,1,1,0,NA,NA,0,NA,NA,0,0,0,NA,0,0,0,0,NA,0,0,0,0,0,NA,0,0,0,0,NA,0,0,NA,0,NA,NA,NA,0,0,0,0,0,0,NA,NA,NA,0,0,0,0,0,NA,0,0,0,0,0,NA,NA,NA,NA,NA,NA,NA,NA,NA,NA,NA,NA,NA,NA,NA,NA,NA,NA,NA,NA,NA,NA,NA,NA
"82",NA,NA,NA,1,NA,1,NA,1,1,1,0,NA,NA,0,NA,NA,0,0,0,NA,0,0,0,0,NA,0,0,0,0,0,NA,0,0,0,0,NA,0,0,NA,0,NA,NA,NA,0,0,0,0,0,NA,NA,NA,NA,0,0,0,0,0,NA,0,0,0,0,0,NA,NA,NA,NA,NA,NA,NA,NA,NA,NA,NA,NA,NA,NA,NA,NA,NA,NA,NA,NA,NA,NA,NA,NA
"83",NA,NA,NA,1,NA,0,NA,0,0,0,0,NA,NA,0,NA,NA,0,0,0,NA,NA,0,0,0,NA,0,0,0,0,0,NA,0,0,0,0,NA,0,0,NA,0,NA,NA,NA,0,0,0,0,0,0,NA,NA,NA,0,0,0,0,0,NA,0,0,0,0,0,NA,NA,NA,NA,NA,NA,NA,NA,NA,NA,NA,NA,NA,NA,NA,NA,NA,NA,NA,NA,NA,NA,NA,NA
"84",NA,NA,NA,1,NA,1,1,1,1,1,0,NA,NA,0,NA,NA,0,0,0,NA,0,0,0,0,NA,0,0,0,0,0,NA,0,0,0,0,NA,0,0,NA,0,NA,NA,NA,0,0,0,0,0,0,NA,NA,NA,0,0,0,0,0,NA,0,0,0,0,0,NA,NA,NA,NA,NA,NA,NA,NA,NA,NA,NA,NA,NA,NA,NA,NA,NA,NA,NA,NA,NA,NA,NA,NA
"85",NA,NA,NA,1,NA,0,NA,0,0,0,0,NA,NA,0,NA,NA,0,0,0,NA,NA,0,0,0,NA,0,0,0,0,0,NA,0,0,0,0,NA,0,0,NA,0,NA,NA,NA,0,0,0,0,0,NA,NA,NA,NA,0,0,0,0,0,NA,0,0,0,0,0,NA,NA,NA,NA,NA,NA,NA,NA,NA,NA,NA,NA,NA,NA,NA,NA,NA,NA,NA,NA,NA,NA,NA,NA
"86",NA,NA,NA,1,NA,1,1,1,1,1,0,NA,NA,0,NA,NA,0,0,0,NA,0,0,0,0,NA,0,0,0,0,0,NA,0,0,0,0,NA,0,0,NA,0,NA,NA,NA,0,0,0,0,0,NA,NA,NA,NA,0,0,0,0,0,NA,0,0,0,0,0,NA,NA,NA,NA,NA,NA,NA,NA,NA,NA,NA,NA,NA,NA,NA,NA,NA,NA,NA,NA,NA,NA,NA,NA
"87",NA,NA,1,1,NA,1,NA,1,1,1,0,NA,NA,0,NA,NA,0,0,0,NA,0,0,0,0,NA,0,0,0,0,0,NA,0,0,0,0,NA,0,0,NA,0,NA,NA,NA,0,0,0,0,0,0,NA,NA,NA,0,0,0,0,0,NA,0,0,0,0,0,NA,NA,NA,NA,NA,NA,NA,NA,NA,NA,NA,NA,NA,NA,NA,NA,NA,NA,NA,NA,NA,NA,NA,NA
"88",NA,NA,1,1,NA,1,NA,1,1,1,0,NA,NA,0,NA,NA,0,0,0,NA,0,0,0,0,NA,0,0,0,0,0,NA,0,0,0,0,NA,0,0,NA,0,NA,NA,NA,0,0,0,0,0,NA,NA,NA,NA,0,0,0,0,0,NA,0,0,0,0,0,NA,NA,NA,NA,NA,NA,NA,NA,NA,NA,NA,NA,NA,NA,NA,NA,NA,NA,NA,NA,NA,NA,NA,NA
"89",NA,NA,1,1,NA,0,NA,0,0,0,0,NA,NA,0,NA,NA,0,0,0,NA,NA,0,0,0,NA,0,0,0,0,0,NA,0,0,0,0,NA,0,0,NA,0,NA,NA,NA,0,0,0,0,0,0,NA,NA,NA,0,0,0,0,0,NA,0,0,0,0,0,NA,NA,NA,NA,NA,NA,NA,NA,NA,NA,NA,NA,NA,NA,NA,NA,NA,NA,NA,NA,NA,NA,NA,NA
"90",NA,NA,1,1,NA,0,NA,0,0,0,0,NA,NA,0,NA,NA,0,0,0,NA,NA,0,0,0,NA,0,0,0,0,0,NA,0,0,0,0,NA,0,0,NA,0,NA,NA,NA,0,0,0,0,0,NA,NA,NA,NA,0,0,0,0,0,NA,0,0,0,0,0,NA,NA,NA,NA,NA,NA,NA,NA,NA,NA,NA,NA,NA,NA,NA,NA,NA,NA,NA,NA,NA,NA,NA,NA
"91",NA,NA,NA,1,NA,0,1,0,0,0,0,NA,NA,0,NA,NA,0,0,0,NA,NA,0,0,0,NA,0,0,0,0,0,NA,0,0,0,0,NA,0,0,NA,0,NA,NA,NA,0,0,0,0,0,0,NA,NA,NA,0,0,0,0,0,NA,0,0,0,0,0,NA,NA,NA,NA,NA,NA,NA,NA,NA,NA,NA,NA,NA,NA,NA,NA,NA,NA,NA,NA,NA,NA,NA,NA
"92",NA,NA,NA,1,NA,0,1,0,0,0,0,NA,NA,0,NA,NA,0,0,0,NA,NA,0,0,0,NA,0,0,0,0,0,NA,0,0,0,0,NA,0,0,NA,0,NA,NA,NA,0,0,0,0,0,NA,NA,NA,NA,0,0,0,0,0,NA,0,0,0,0,0,NA,NA,NA,NA,NA,NA,NA,NA,NA,NA,NA,NA,NA,NA,NA,NA,NA,NA,NA,NA,NA,NA,NA,NA
"93",1,1,NA,1,0,NA,NA,0,0,0,0,NA,NA,0,NA,0,0,0,0,NA,NA,0,0,0,NA,0,0,NA,0,0,0,0,0,0,0,NA,0,0,0,0,NA,NA,NA,0,0,0,0,0,NA,NA,NA,NA,0,0,0,0,0,NA,0,0,0,0,0,NA,NA,NA,NA,NA,NA,NA,NA,NA,NA,NA,NA,NA,NA,NA,NA,NA,NA,NA,NA,NA,NA,NA,NA
"94",1,1,1,1,1,NA,NA,0,0,0,0,NA,NA,0,NA,0,0,0,0,NA,NA,0,0,0,NA,0,0,NA,0,0,0,0,0,0,0,NA,0,0,0,0,0,NA,NA,0,0,0,0,0,0,NA,NA,NA,0,0,0,0,0,NA,0,0,0,0,0,NA,NA,NA,NA,NA,NA,NA,NA,NA,NA,NA,NA,NA,NA,NA,NA,NA,NA,NA,NA,NA,NA,NA,NA
"95",1,1,NA,1,0,NA,1,0,0,0,0,NA,NA,0,NA,0,0,0,0,NA,NA,0,0,0,NA,0,0,NA,0,0,0,0,0,0,0,NA,0,0,0,0,NA,NA,NA,0,0,0,0,0,0,NA,NA,NA,0,0,0,0,0,NA,0,0,0,0,0,NA,NA,NA,NA,NA,NA,NA,NA,NA,NA,NA,NA,NA,NA,NA,NA,NA,NA,NA,NA,NA,NA,NA,NA
"96",1,1,1,1,1,NA,NA,0,0,0,0,NA,NA,0,NA,0,0,0,0,NA,NA,0,0,0,NA,0,0,NA,0,0,0,0,0,0,0,NA,0,0,0,0,0,NA,NA,0,0,0,0,0,NA,NA,NA,NA,0,0,0,0,0,NA,0,0,0,0,0,NA,NA,NA,NA,NA,NA,NA,NA,NA,NA,NA,NA,NA,NA,NA,NA,NA,NA,NA,NA,NA,NA,NA,NA
"97",1,1,NA,1,1,NA,1,0,0,0,0,NA,NA,0,NA,0,0,0,0,NA,NA,0,0,0,NA,0,0,NA,0,0,0,0,0,0,0,NA,0,0,0,0,0,NA,NA,0,0,0,0,0,NA,NA,NA,NA,0,0,0,0,0,NA,0,0,0,0,0,NA,NA,NA,NA,NA,NA,NA,NA,NA,NA,NA,NA,NA,NA,NA,NA,NA,NA,NA,NA,NA,NA,NA,NA
"98",1,1,1,1,0,NA,NA,0,0,0,0,NA,NA,0,NA,0,0,0,0,NA,NA,0,0,0,NA,0,0,NA,0,0,0,0,0,0,0,NA,0,0,0,0,NA,NA,NA,0,0,0,0,0,0,NA,NA,NA,0,0,0,0,0,NA,0,0,0,0,0,NA,NA,NA,NA,NA,NA,NA,NA,NA,NA,NA,NA,NA,NA,NA,NA,NA,NA,NA,NA,NA,NA,NA,NA
"99",1,1,NA,1,0,NA,1,0,0,0,0,NA,NA,0,NA,0,0,0,0,NA,NA,0,0,0,NA,0,0,NA,0,0,0,0,0,0,0,NA,0,0,0,0,NA,NA,NA,0,0,0,0,0,NA,NA,NA,NA,0,0,0,0,0,NA,0,0,0,0,0,NA,NA,NA,NA,NA,NA,NA,NA,NA,NA,NA,NA,NA,NA,NA,NA,NA,NA,NA,NA,NA,NA,NA,NA
"100",1,1,1,1,0,NA,NA,0,0,0,0,NA,NA,0,NA,0,0,0,0,NA,NA,0,0,0,NA,0,0,NA,0,0,0,0,0,0,0,NA,0,0,0,0,NA,NA,NA,0,0,0,0,0,NA,NA,NA,NA,0,0,0,0,0,NA,0,0,0,0,0,NA,NA,NA,NA,NA,NA,NA,NA,NA,NA,NA,NA,NA,NA,NA,NA,NA,NA,NA,NA,NA,NA,NA,NA
"101",1,1,NA,1,NA,1,NA,1,1,1,0,NA,NA,0,NA,NA,0,0,0,NA,0,0,0,0,NA,0,0,NA,0,0,NA,0,0,0,0,NA,0,0,NA,0,NA,NA,NA,0,0,0,0,0,NA,NA,NA,NA,0,0,0,0,0,NA,0,0,0,0,0,NA,NA,NA,NA,NA,NA,NA,NA,NA,NA,NA,NA,NA,NA,NA,NA,NA,NA,NA,NA,NA,NA,NA,NA
"102",1,1,NA,1,NA,1,1,1,1,1,0,NA,NA,0,NA,NA,0,0,0,NA,0,0,0,0,NA,0,0,NA,0,0,NA,0,0,0,0,NA,0,0,NA,0,NA,NA,NA,0,0,0,0,0,0,NA,NA,NA,0,0,0,0,0,NA,0,0,0,0,0,NA,NA,NA,NA,NA,NA,NA,NA,NA,NA,NA,NA,NA,NA,NA,NA,NA,NA,NA,NA,NA,NA,NA,NA
"103",1,1,NA,1,NA,0,NA,0,0,0,0,NA,NA,0,NA,NA,0,0,0,NA,NA,0,0,0,NA,0,0,NA,0,0,NA,0,0,0,0,NA,0,0,NA,0,NA,NA,NA,0,0,0,0,0,0,NA,NA,NA,0,0,0,0,0,NA,0,0,0,0,0,NA,NA,NA,NA,NA,NA,NA,NA,NA,NA,NA,NA,NA,NA,NA,NA,NA,NA,NA,NA,NA,NA,NA,NA
"104",1,1,NA,1,NA,1,1,1,1,1,0,NA,NA,0,NA,NA,0,0,0,NA,0,0,0,0,NA,0,0,NA,0,0,NA,0,0,0,0,NA,0,0,NA,0,NA,NA,NA,0,0,0,0,0,NA,NA,NA,NA,0,0,0,0,0,NA,0,0,0,0,0,NA,NA,NA,NA,NA,NA,NA,NA,NA,NA,NA,NA,NA,NA,NA,NA,NA,NA,NA,NA,NA,NA,NA,NA
"105",1,1,NA,1,NA,0,NA,0,0,0,0,NA,NA,0,NA,NA,0,0,0,NA,NA,0,0,0,NA,0,0,NA,0,0,NA,0,0,0,0,NA,0,0,NA,0,NA,NA,NA,0,0,0,0,0,NA,NA,NA,NA,0,0,0,0,0,NA,0,0,0,0,0,NA,NA,NA,NA,NA,NA,NA,NA,NA,NA,NA,NA,NA,NA,NA,NA,NA,NA,NA,NA,NA,NA,NA,NA
"106",1,1,1,1,NA,1,NA,1,1,1,0,NA,NA,0,NA,NA,0,0,0,NA,0,0,0,0,NA,0,0,NA,0,0,NA,0,0,0,0,NA,0,0,NA,0,NA,NA,NA,0,0,0,0,0,0,NA,NA,NA,0,0,0,0,0,NA,0,0,0,0,0,NA,NA,NA,NA,NA,NA,NA,NA,NA,NA,NA,NA,NA,NA,NA,NA,NA,NA,NA,NA,NA,NA,NA,NA
"107",1,1,1,1,NA,1,NA,1,1,1,0,NA,NA,0,NA,NA,0,0,0,NA,0,0,0,0,NA,0,0,NA,0,0,NA,0,0,0,0,NA,0,0,NA,0,NA,NA,NA,0,0,0,0,0,NA,NA,NA,NA,0,0,0,0,0,NA,0,0,0,0,0,NA,NA,NA,NA,NA,NA,NA,NA,NA,NA,NA,NA,NA,NA,NA,NA,NA,NA,NA,NA,NA,NA,NA,NA
"108",1,1,1,1,NA,0,NA,0,0,0,0,NA,NA,0,NA,NA,0,0,0,NA,NA,0,0,0,NA,0,0,NA,0,0,NA,0,0,0,0,NA,0,0,NA,0,NA,NA,NA,0,0,0,0,0,0,NA,NA,NA,0,0,0,0,0,NA,0,0,0,0,0,NA,NA,NA,NA,NA,NA,NA,NA,NA,NA,NA,NA,NA,NA,NA,NA,NA,NA,NA,NA,NA,NA,NA,NA
"109",1,1,NA,1,NA,0,1,0,0,0,0,NA,NA,0,NA,NA,0,0,0,NA,NA,0,0,0,NA,0,0,NA,0,0,NA,0,0,0,0,NA,0,0,NA,0,NA,NA,NA,0,0,0,0,0,0,NA,NA,NA,0,0,0,0,0,NA,0,0,0,0,0,NA,NA,NA,NA,NA,NA,NA,NA,NA,NA,NA,NA,NA,NA,NA,NA,NA,NA,NA,NA,NA,NA,NA,NA
"110",1,1,1,1,NA,0,NA,0,0,0,0,NA,NA,0,NA,NA,0,0,0,NA,NA,0,0,0,NA,0,0,NA,0,0,NA,0,0,0,0,NA,0,0,NA,0,NA,NA,NA,0,0,0,0,0,NA,NA,NA,NA,0,0,0,0,0,NA,0,0,0,0,0,NA,NA,NA,NA,NA,NA,NA,NA,NA,NA,NA,NA,NA,NA,NA,NA,NA,NA,NA,NA,NA,NA,NA,NA
"111",1,1,NA,1,NA,0,1,0,0,0,0,NA,NA,0,NA,NA,0,0,0,NA,NA,0,0,0,NA,0,0,NA,0,0,NA,0,0,0,0,NA,0,0,NA,0,NA,NA,NA,0,0,0,0,0,NA,NA,NA,NA,0,0,0,0,0,NA,0,0,0,0,0,NA,NA,NA,NA,NA,NA,NA,NA,NA,NA,NA,NA,NA,NA,NA,NA,NA,NA,NA,NA,NA,NA,NA,NA
"112",NA,NA,NA,NA,1,NA,0,NA,0,0,0,0,0,NA,NA,0,0,NA,NA,NA,NA,0,NA,NA,0,NA,0,NA,0,0,0,0,NA,0,0,0,0,0,0,0,NA,0,0,0,0,NA,0,NA,NA,0,0,0,NA,0,NA,NA,0,0,0,0,NA,0,0,NA,NA,NA,NA,NA,NA,NA,NA,NA,NA,NA,NA,NA,NA,NA,NA,NA,NA,NA,NA,NA,NA,NA,NA
"113",NA,NA,NA,NA,1,NA,0,NA,0,0,0,0,0,NA,NA,0,0,NA,NA,NA,NA,0,NA,NA,0,NA,0,NA,0,0,0,0,NA,0,0,0,0,0,0,0,0,0,0,0,NA,0,0,NA,NA,0,0,0,NA,0,NA,NA,0,0,0,0,NA,0,0,NA,NA,NA,NA,NA,NA,NA,NA,NA,NA,NA,NA,NA,NA,NA,NA,NA,NA,NA,NA,NA,NA,NA,NA
"114",NA,NA,NA,1,1,NA,NA,0,0,0,0,NA,NA,0,NA,0,0,0,0,NA,NA,0,0,0,NA,0,0,NA,0,0,0,0,0,0,0,NA,0,0,0,0,0,NA,NA,0,0,0,0,0,0,NA,0,NA,0,0,0,0,0,NA,0,0,0,0,0,NA,NA,NA,NA,NA,NA,NA,NA,NA,NA,NA,NA,NA,NA,NA,NA,NA,NA,NA,NA,NA,NA,NA,NA
"115",NA,NA,NA,NA,1,NA,0,NA,0,0,0,0,0,NA,NA,0,0,NA,NA,NA,NA,0,NA,NA,0,NA,0,NA,0,0,0,0,NA,0,0,0,0,0,0,0,NA,0,0,0,NA,0,0,NA,NA,0,0,0,NA,0,NA,NA,0,0,0,0,NA,0,0,NA,NA,NA,NA,NA,NA,NA,NA,NA,NA,NA,NA,NA,NA,NA,NA,NA,NA,NA,NA,NA,NA,NA,NA
"116",NA,NA,NA,NA,1,NA,0,NA,0,0,0,0,0,NA,NA,0,0,NA,NA,NA,NA,0,NA,NA,0,NA,0,NA,0,0,0,0,NA,0,0,0,NA,0,0,0,0,0,0,0,0,0,0,NA,NA,0,0,0,NA,0,NA,NA,0,0,0,0,NA,0,0,NA,NA,NA,NA,NA,NA,NA,NA,NA,NA,NA,NA,NA,NA,NA,NA,NA,NA,NA,NA,NA,NA,NA,NA
"117",NA,NA,NA,1,1,NA,NA,0,0,0,0,NA,NA,0,NA,0,0,0,0,NA,NA,0,0,0,NA,0,0,NA,0,0,0,0,0,0,0,NA,0,0,0,0,0,NA,NA,0,0,0,0,0,NA,NA,0,NA,0,0,0,0,0,NA,0,0,0,0,0,NA,NA,NA,NA,NA,NA,NA,NA,NA,NA,NA,NA,NA,NA,NA,NA,NA,NA,NA,NA,NA,NA,NA,NA
"118",NA,NA,NA,NA,1,NA,0,NA,0,0,0,0,0,NA,NA,0,0,NA,NA,NA,NA,0,NA,NA,0,NA,0,NA,0,0,0,0,NA,0,0,0,NA,0,0,0,NA,0,0,0,0,0,0,NA,NA,0,0,0,NA,0,NA,NA,0,0,0,0,NA,0,0,NA,NA,NA,NA,NA,NA,NA,NA,NA,NA,NA,NA,NA,NA,NA,NA,NA,NA,NA,NA,NA,NA,NA,NA
"119",NA,NA,NA,1,1,NA,NA,0,0,0,0,NA,NA,0,NA,0,0,0,0,NA,NA,0,0,0,NA,0,0,NA,0,0,0,0,0,0,0,NA,0,0,0,0,NA,NA,NA,0,0,0,0,0,0,NA,0,NA,0,0,0,0,0,NA,0,0,0,0,0,NA,NA,NA,NA,NA,NA,NA,NA,NA,NA,NA,NA,NA,NA,NA,NA,NA,NA,NA,NA,NA,NA,NA,NA
"120",NA,NA,NA,NA,1,NA,0,NA,0,0,0,0,0,NA,NA,0,0,NA,NA,NA,NA,0,NA,NA,0,NA,0,NA,0,0,0,0,NA,0,0,0,NA,0,0,0,0,0,0,0,0,NA,0,NA,NA,0,0,0,NA,0,NA,NA,0,0,0,0,NA,0,0,NA,NA,NA,NA,NA,NA,NA,NA,NA,NA,NA,NA,NA,NA,NA,NA,NA,NA,NA,NA,NA,NA,NA,NA
"121",NA,NA,NA,1,1,NA,NA,0,0,0,0,NA,NA,0,NA,0,0,0,0,NA,NA,0,0,0,NA,0,0,NA,0,0,0,0,0,0,0,NA,0,0,0,0,NA,NA,NA,0,0,0,0,0,NA,NA,0,NA,0,0,0,0,0,NA,0,0,0,0,0,NA,NA,NA,NA,NA,NA,NA,NA,NA,NA,NA,NA,NA,NA,NA,NA,NA,NA,NA,NA,NA,NA,NA,NA
"122",NA,NA,NA,1,1,NA,1,0,0,0,0,NA,NA,0,NA,0,0,0,0,NA,NA,0,0,0,NA,0,0,NA,0,0,0,0,0,0,0,NA,0,0,0,0,0,NA,NA,0,0,0,0,0,0,NA,0,NA,0,0,0,0,0,NA,0,0,0,0,0,NA,NA,NA,NA,NA,NA,NA,NA,NA,NA,NA,NA,NA,NA,NA,NA,NA,NA,NA,NA,NA,NA,NA,NA
"123",NA,NA,1,1,1,NA,NA,0,0,0,0,NA,NA,0,NA,0,0,0,0,NA,NA,0,0,0,NA,0,0,NA,0,0,0,0,0,0,0,NA,0,0,0,0,0,NA,NA,0,0,0,0,0,0,NA,0,NA,0,0,0,0,0,NA,0,0,0,0,0,NA,NA,NA,NA,NA,NA,NA,NA,NA,NA,NA,NA,NA,NA,NA,NA,NA,NA,NA,NA,NA,NA,NA,NA
"124",NA,NA,NA,NA,1,NA,0,NA,0,0,0,0,0,NA,NA,0,0,NA,NA,NA,NA,0,NA,NA,0,NA,0,NA,0,0,0,0,NA,0,0,0,0,0,0,0,0,0,0,0,0,0,0,NA,NA,0,0,0,NA,NA,NA,NA,0,0,0,0,NA,0,0,NA,NA,NA,NA,NA,NA,NA,NA,NA,NA,NA,NA,NA,NA,NA,NA,NA,NA,NA,NA,NA,NA,NA,NA
"125",NA,NA,1,1,1,NA,NA,0,0,0,0,NA,NA,0,NA,0,0,0,0,NA,NA,0,0,0,NA,0,0,NA,0,0,0,0,0,0,0,NA,0,0,0,0,NA,NA,NA,0,0,0,0,0,0,NA,0,NA,0,0,0,0,0,NA,0,0,0,0,0,NA,NA,NA,NA,NA,NA,NA,NA,NA,NA,NA,NA,NA,NA,NA,NA,NA,NA,NA,NA,NA,NA,NA,NA
"126",NA,NA,NA,NA,1,NA,0,NA,0,0,0,0,0,NA,NA,0,0,NA,NA,NA,NA,0,NA,NA,0,NA,0,NA,0,0,0,0,NA,0,0,0,0,0,0,0,NA,0,0,0,0,0,0,NA,NA,0,0,0,NA,NA,NA,NA,0,0,0,0,NA,0,0,NA,NA,NA,NA,NA,NA,NA,NA,NA,NA,NA,NA,NA,NA,NA,NA,NA,NA,NA,NA,NA,NA,NA,NA
"127",NA,NA,1,1,1,NA,NA,0,0,0,0,NA,NA,0,NA,0,0,0,0,NA,NA,0,0,0,NA,0,0,NA,0,0,0,0,0,0,0,NA,0,0,0,0,0,NA,NA,0,0,0,0,0,NA,NA,0,NA,0,0,0,0,0,NA,0,0,0,0,0,NA,NA,NA,NA,NA,NA,NA,NA,NA,NA,NA,NA,NA,NA,NA,NA,NA,NA,NA,NA,NA,NA,NA,NA
"128",NA,NA,NA,NA,1,NA,0,NA,0,0,0,0,0,NA,NA,0,0,NA,NA,NA,NA,0,NA,NA,0,NA,0,NA,0,0,0,0,NA,0,0,0,0,0,0,0,0,0,0,0,0,NA,0,NA,NA,0,0,0,NA,NA,NA,NA,0,0,0,0,NA,0,0,NA,NA,NA,NA,NA,NA,NA,NA,NA,NA,NA,NA,NA,NA,NA,NA,NA,NA,NA,NA,NA,NA,NA,NA
"129",NA,NA,1,1,1,NA,NA,0,0,0,0,NA,NA,0,NA,0,0,0,0,NA,NA,0,0,0,NA,0,0,NA,0,0,0,0,0,0,0,NA,0,0,0,0,NA,NA,NA,0,0,0,0,0,NA,NA,0,NA,0,0,0,0,0,NA,0,0,0,0,0,NA,NA,NA,NA,NA,NA,NA,NA,NA,NA,NA,NA,NA,NA,NA,NA,NA,NA,NA,NA,NA,NA,NA,NA
"130",NA,NA,NA,NA,1,NA,0,NA,0,0,0,0,0,NA,NA,0,0,NA,NA,NA,NA,0,NA,NA,0,NA,0,NA,0,0,0,0,NA,0,0,0,0,0,0,0,NA,0,0,0,0,NA,0,NA,NA,0,0,0,NA,NA,NA,NA,0,0,0,0,NA,0,0,NA,NA,NA,NA,NA,NA,NA,NA,NA,NA,NA,NA,NA,NA,NA,NA,NA,NA,NA,NA,NA,NA,NA,NA
"131",NA,NA,NA,1,1,NA,1,0,0,0,0,NA,NA,0,NA,0,0,0,0,NA,NA,0,0,0,NA,0,0,NA,0,0,0,0,0,0,0,NA,0,0,0,0,NA,NA,NA,0,0,0,0,0,0,NA,0,NA,0,0,0,0,0,NA,0,0,0,0,0,NA,NA,NA,NA,NA,NA,NA,NA,NA,NA,NA,NA,NA,NA,NA,NA,NA,NA,NA,NA,NA,NA,NA,NA
"132",NA,NA,NA,NA,1,NA,0,NA,0,0,0,0,0,NA,NA,0,0,NA,NA,NA,NA,0,NA,NA,0,NA,0,NA,0,0,0,0,NA,0,0,0,NA,0,0,0,0,0,0,0,0,0,0,NA,NA,0,0,0,NA,NA,NA,NA,0,0,0,0,NA,0,0,NA,NA,NA,NA,NA,NA,NA,NA,NA,NA,NA,NA,NA,NA,NA,NA,NA,NA,NA,NA,NA,NA,NA,NA
"133",NA,NA,NA,0,1,NA,1,0,0,0,0,NA,NA,0,NA,0,0,0,0,NA,NA,0,0,0,NA,0,0,NA,0,0,0,0,0,0,0,NA,0,0,0,0,0,NA,NA,0,0,0,0,0,NA,NA,0,NA,0,0,0,0,0,NA,0,0,0,0,0,NA,NA,NA,NA,NA,NA,NA,NA,NA,NA,NA,NA,NA,NA,NA,NA,NA,NA,NA,NA,NA,NA,NA,NA
"134",NA,NA,NA,NA,1,NA,0,NA,0,0,0,0,0,NA,NA,0,0,NA,NA,NA,NA,0,NA,NA,0,NA,0,NA,0,0,0,0,NA,0,0,0,0,0,0,0,0,0,0,0,NA,0,0,NA,NA,0,0,0,NA,NA,NA,NA,0,0,0,0,NA,0,0,NA,NA,NA,NA,NA,NA,NA,NA,NA,NA,NA,NA,NA,NA,NA,NA,NA,NA,NA,NA,NA,NA,NA,NA
"135",NA,NA,NA,0,1,NA,1,0,0,0,0,NA,NA,0,NA,0,0,0,0,NA,NA,0,0,0,NA,0,0,NA,0,0,0,0,0,0,0,NA,0,0,0,0,NA,NA,NA,0,0,0,0,0,NA,NA,0,NA,0,0,0,0,0,NA,0,0,0,0,0,NA,NA,NA,NA,NA,NA,NA,NA,NA,NA,NA,NA,NA,NA,NA,NA,NA,NA,NA,NA,NA,NA,NA,NA
"136",NA,NA,NA,NA,1,NA,0,NA,0,0,0,0,0,NA,NA,0,0,NA,NA,NA,NA,0,NA,NA,0,NA,0,NA,0,0,0,0,NA,0,0,0,NA,0,0,0,NA,0,0,0,0,0,0,NA,NA,0,0,0,NA,NA,NA,NA,0,0,0,0,NA,0,0,NA,NA,NA,NA,NA,NA,NA,NA,NA,NA,NA,NA,NA,NA,NA,NA,NA,NA,NA,NA,NA,NA,NA,NA
"137",NA,NA,NA,NA,1,NA,0,NA,0,0,0,NA,0,NA,NA,0,0,NA,NA,NA,NA,0,NA,NA,0,NA,0,NA,0,0,0,0,NA,0,0,0,NA,0,0,0,0,0,0,0,NA,0,0,NA,NA,0,0,0,NA,0,NA,NA,0,0,0,0,NA,NA,0,NA,NA,NA,NA,NA,NA,NA,NA,NA,NA,NA,NA,NA,NA,NA,NA,NA,NA,NA,NA,NA,NA,NA,NA
"138",NA,NA,NA,NA,1,NA,0,NA,0,0,0,0,0,NA,NA,0,0,NA,NA,NA,NA,0,NA,NA,0,NA,0,NA,0,0,0,0,NA,0,0,0,NA,0,0,0,NA,0,0,0,0,NA,0,NA,NA,0,0,0,NA,0,NA,NA,0,0,0,0,NA,0,0,NA,NA,NA,NA,NA,NA,NA,NA,NA,NA,NA,NA,NA,NA,NA,NA,NA,NA,NA,NA,NA,NA,NA,NA
"139",NA,NA,NA,1,1,NA,NA,0,0,0,0,NA,NA,0,NA,0,0,0,0,NA,NA,0,0,0,NA,0,0,NA,0,0,0,0,0,0,0,NA,0,0,0,0,0,NA,NA,0,0,0,0,0,0,NA,NA,NA,0,0,0,0,0,NA,0,0,0,0,0,NA,NA,NA,NA,NA,NA,NA,NA,NA,NA,NA,NA,NA,NA,NA,NA,NA,NA,NA,NA,NA,NA,NA,NA
"140",NA,NA,NA,1,1,NA,NA,0,0,0,0,NA,NA,0,NA,0,0,0,0,NA,NA,0,0,0,NA,0,0,NA,0,0,0,0,0,0,0,NA,0,0,0,0,0,NA,NA,0,0,0,0,0,NA,NA,NA,NA,0,0,0,0,0,NA,0,0,0,0,0,NA,NA,NA,NA,NA,NA,NA,NA,NA,NA,NA,NA,NA,NA,NA,NA,NA,NA,NA,NA,NA,NA,NA,NA
"141",NA,NA,NA,1,0,NA,NA,0,0,0,0,NA,NA,0,NA,0,0,0,0,NA,NA,0,0,0,NA,0,0,NA,0,0,0,0,0,0,0,NA,0,0,0,0,NA,NA,NA,0,0,0,0,0,0,NA,NA,NA,0,0,0,0,0,NA,0,0,0,0,0,NA,NA,NA,NA,NA,NA,NA,NA,NA,NA,NA,NA,NA,NA,NA,NA,NA,NA,NA,NA,NA,NA,NA,NA
"142",NA,NA,NA,1,0,NA,NA,0,0,0,0,NA,NA,0,NA,0,0,0,0,NA,NA,0,0,0,NA,0,0,NA,0,0,0,0,0,0,0,NA,0,0,0,0,NA,NA,NA,0,0,0,0,0,NA,NA,NA,NA,0,0,0,0,0,NA,0,0,0,0,0,NA,NA,NA,NA,NA,NA,NA,NA,NA,NA,NA,NA,NA,NA,NA,NA,NA,NA,NA,NA,NA,NA,NA,NA
"143",NA,NA,1,1,1,NA,NA,0,0,0,0,NA,NA,0,NA,0,0,0,0,NA,NA,0,0,0,NA,0,0,NA,0,0,0,0,0,0,0,NA,0,0,0,0,0,NA,NA,0,0,0,0,0,0,NA,NA,NA,0,0,0,0,0,NA,0,0,0,0,0,NA,NA,NA,NA,NA,NA,NA,NA,NA,NA,NA,NA,NA,NA,NA,NA,NA,NA,NA,NA,NA,NA,NA,NA
"144",NA,NA,NA,1,1,NA,1,0,0,0,0,NA,NA,0,NA,0,0,0,0,NA,NA,0,0,0,NA,0,0,NA,0,0,0,0,0,0,0,NA,0,0,0,0,0,NA,NA,0,0,0,0,0,0,NA,NA,NA,0,0,0,0,0,NA,0,0,0,0,0,NA,NA,NA,NA,NA,NA,NA,NA,NA,NA,NA,NA,NA,NA,NA,NA,NA,NA,NA,NA,NA,NA,NA,NA
"145",NA,NA,1,1,0,NA,NA,0,0,0,0,NA,NA,0,NA,0,0,0,0,NA,NA,0,0,0,NA,0,0,NA,0,0,0,0,0,0,0,NA,0,0,0,0,NA,NA,NA,0,0,0,0,0,0,NA,NA,NA,0,0,0,0,0,NA,0,0,0,0,0,NA,NA,NA,NA,NA,NA,NA,NA,NA,NA,NA,NA,NA,NA,NA,NA,NA,NA,NA,NA,NA,NA,NA,NA
"146",NA,NA,NA,0,1,NA,1,0,0,0,0,NA,NA,0,NA,0,0,0,0,NA,NA,0,0,0,NA,0,0,NA,0,0,0,0,0,0,0,NA,0,0,0,0,0,NA,NA,0,0,0,0,0,NA,NA,NA,NA,0,0,0,0,0,NA,0,0,0,0,0,NA,NA,NA,NA,NA,NA,NA,NA,NA,NA,NA,NA,NA,NA,NA,NA,NA,NA,NA,NA,NA,NA,NA,NA
"147",NA,NA,1,1,1,NA,NA,0,0,0,0,NA,NA,0,NA,0,0,0,0,NA,NA,0,0,0,NA,0,0,NA,0,0,0,0,0,0,0,NA,0,0,0,0,0,NA,NA,0,0,0,0,0,NA,NA,NA,NA,0,0,0,0,0,NA,0,0,0,0,0,NA,NA,NA,NA,NA,NA,NA,NA,NA,NA,NA,NA,NA,NA,NA,NA,NA,NA,NA,NA,NA,NA,NA,NA
"148",NA,NA,NA,1,0,NA,1,0,0,0,0,NA,NA,0,NA,0,0,0,0,NA,NA,0,0,0,NA,0,0,NA,0,0,0,0,0,0,0,NA,0,0,0,0,NA,NA,NA,0,0,0,0,0,0,NA,NA,NA,0,0,0,0,0,NA,0,0,0,0,0,NA,NA,NA,NA,NA,NA,NA,NA,NA,NA,NA,NA,NA,NA,NA,NA,NA,NA,NA,NA,NA,NA,NA,NA
"149",NA,NA,1,1,0,NA,NA,0,0,0,0,NA,NA,0,NA,0,0,0,0,NA,NA,0,0,0,NA,0,0,NA,0,0,0,0,0,0,0,NA,0,0,0,0,NA,NA,NA,0,0,0,0,0,NA,NA,NA,NA,0,0,0,0,0,NA,0,0,0,0,0,NA,NA,NA,NA,NA,NA,NA,NA,NA,NA,NA,NA,NA,NA,NA,NA,NA,NA,NA,NA,NA,NA,NA,NA
"150",NA,NA,NA,0,0,NA,1,0,0,0,0,NA,NA,0,NA,0,0,0,0,NA,NA,0,0,0,NA,0,0,NA,0,0,0,0,0,0,0,NA,0,0,0,0,NA,NA,NA,0,0,0,0,0,NA,NA,NA,NA,0,0,0,0,0,NA,0,0,0,0,0,NA,NA,NA,NA,NA,NA,NA,NA,NA,NA,NA,NA,NA,NA,NA,NA,NA,NA,NA,NA,NA,NA,NA,NA
"151",NA,NA,NA,1,NA,1,NA,1,1,1,0,NA,NA,0,NA,NA,0,0,0,NA,0,0,0,0,NA,0,0,NA,0,0,NA,0,0,0,0,NA,0,0,NA,0,NA,NA,NA,0,0,0,0,0,0,NA,NA,NA,0,0,0,0,0,NA,0,0,0,0,0,NA,NA,NA,NA,NA,NA,NA,NA,NA,NA,NA,NA,NA,NA,NA,NA,NA,NA,NA,NA,NA,NA,NA,NA
"152",NA,NA,NA,1,NA,1,NA,1,1,1,0,NA,NA,0,NA,NA,0,0,0,NA,0,0,0,0,NA,0,0,NA,0,0,NA,0,0,0,0,NA,0,0,NA,0,NA,NA,NA,0,0,0,0,0,NA,NA,NA,NA,0,0,0,0,0,NA,0,0,0,0,0,NA,NA,NA,NA,NA,NA,NA,NA,NA,NA,NA,NA,NA,NA,NA,NA,NA,NA,NA,NA,NA,NA,NA,NA
"153",NA,NA,NA,1,NA,0,NA,0,0,0,0,NA,NA,0,NA,NA,0,0,0,NA,NA,0,0,0,NA,0,0,NA,0,0,NA,0,0,0,0,NA,0,0,NA,0,NA,NA,NA,0,0,0,0,0,0,NA,NA,NA,0,0,0,0,0,NA,0,0,0,0,0,NA,NA,NA,NA,NA,NA,NA,NA,NA,NA,NA,NA,NA,NA,NA,NA,NA,NA,NA,NA,NA,NA,NA,NA
"154",NA,NA,1,1,NA,1,NA,1,1,1,0,NA,NA,0,NA,NA,0,0,0,NA,0,0,0,0,NA,0,0,NA,0,0,NA,0,0,0,0,NA,0,0,NA,0,NA,NA,NA,0,0,0,0,0,0,NA,NA,NA,0,0,0,0,0,NA,0,0,0,0,0,NA,NA,NA,NA,NA,NA,NA,NA,NA,NA,NA,NA,NA,NA,NA,NA,NA,NA,NA,NA,NA,NA,NA,NA
"155",NA,NA,NA,1,NA,0,NA,0,0,0,0,NA,NA,0,NA,NA,0,0,0,NA,NA,0,0,0,NA,0,0,NA,0,0,NA,0,0,0,0,NA,0,0,NA,0,NA,NA,NA,0,0,0,0,0,NA,NA,NA,NA,0,0,0,0,0,NA,0,0,0,0,0,NA,NA,NA,NA,NA,NA,NA,NA,NA,NA,NA,NA,NA,NA,NA,NA,NA,NA,NA,NA,NA,NA,NA,NA
"156",NA,NA,1,1,NA,1,NA,1,1,1,0,NA,NA,0,NA,NA,0,0,0,NA,0,0,0,0,NA,0,0,NA,0,0,NA,0,0,0,0,NA,0,0,NA,0,NA,NA,NA,0,0,0,0,0,NA,NA,NA,NA,0,0,0,0,0,NA,0,0,0,0,0,NA,NA,NA,NA,NA,NA,NA,NA,NA,NA,NA,NA,NA,NA,NA,NA,NA,NA,NA,NA,NA,NA,NA,NA
"157",NA,NA,NA,1,NA,1,1,1,1,1,0,NA,NA,0,NA,NA,0,0,0,NA,0,0,0,0,NA,0,0,NA,0,0,NA,0,0,0,0,NA,0,0,NA,0,NA,NA,NA,0,0,0,0,0,0,NA,NA,NA,0,0,0,0,0,NA,0,0,0,0,0,NA,NA,NA,NA,NA,NA,NA,NA,NA,NA,NA,NA,NA,NA,NA,NA,NA,NA,NA,NA,NA,NA,NA,NA
"158",NA,NA,NA,1,NA,1,1,1,1,1,0,NA,NA,0,NA,NA,0,0,0,NA,0,0,0,0,NA,0,0,NA,0,0,NA,0,0,0,0,NA,0,0,NA,0,NA,NA,NA,0,0,0,0,0,NA,NA,NA,NA,0,0,0,0,0,NA,0,0,0,0,0,NA,NA,NA,NA,NA,NA,NA,NA,NA,NA,NA,NA,NA,NA,NA,NA,NA,NA,NA,NA,NA,NA,NA,NA
"159",NA,NA,NA,1,NA,0,1,0,0,0,0,NA,NA,0,NA,NA,0,0,0,NA,NA,0,0,0,NA,0,0,NA,0,0,NA,0,0,0,0,NA,0,0,NA,0,NA,NA,NA,0,0,0,0,0,0,NA,NA,NA,0,0,0,0,0,NA,0,0,0,0,0,NA,NA,NA,NA,NA,NA,NA,NA,NA,NA,NA,NA,NA,NA,NA,NA,NA,NA,NA,NA,NA,NA,NA,NA
"160",NA,NA,NA,0,NA,0,1,0,0,0,0,NA,NA,0,NA,NA,0,0,0,NA,NA,0,0,0,NA,0,0,NA,0,0,NA,0,0,0,0,NA,0,0,NA,0,NA,NA,NA,0,0,0,0,0,NA,NA,NA,NA,0,0,0,0,0,NA,0,0,0,0,0,NA,NA,NA,NA,NA,NA,NA,NA,NA,NA,NA,NA,NA,NA,NA,NA,NA,NA,NA,NA,NA,NA,NA,NA
"161",NA,NA,1,1,NA,0,NA,0,0,0,0,NA,NA,0,NA,NA,0,0,0,NA,NA,0,0,0,NA,0,0,NA,0,0,NA,0,0,0,0,NA,0,0,NA,0,NA,NA,NA,0,0,0,0,0,0,NA,NA,NA,0,0,0,0,0,NA,0,0,0,0,0,NA,NA,NA,NA,NA,NA,NA,NA,NA,NA,NA,NA,NA,NA,NA,NA,NA,NA,NA,NA,NA,NA,NA,NA
"162",NA,NA,1,1,NA,0,NA,0,0,0,0,NA,NA,0,NA,NA,0,0,0,NA,NA,0,0,0,NA,0,0,NA,0,0,NA,0,0,0,0,NA,0,0,NA,0,NA,NA,NA,0,0,0,0,0,NA,NA,NA,NA,0,0,0,0,0,NA,0,0,0,0,0,NA,NA,NA,NA,NA,NA,NA,NA,NA,NA,NA,NA,NA,NA,NA,NA,NA,NA,NA,NA,NA,NA,NA,NA
"163",NA,NA,NA,NA,1,NA,0,NA,0,0,0,0,0,NA,NA,0,0,NA,NA,NA,NA,0,NA,NA,0,NA,0,NA,0,0,0,0,NA,0,0,0,NA,0,0,0,0,0,0,0,0,NA,0,NA,NA,0,0,0,NA,NA,NA,NA,0,0,0,0,NA,0,0,NA,NA,NA,NA,NA,NA,NA,NA,NA,NA,NA,NA,NA,NA,NA,NA,NA,NA,NA,NA,NA,NA,NA,NA
"164",NA,NA,NA,NA,1,NA,0,NA,0,0,0,0,0,NA,NA,0,0,NA,NA,NA,NA,0,NA,NA,0,NA,0,NA,0,0,0,0,NA,0,0,0,NA,0,0,0,NA,0,0,0,0,NA,0,NA,NA,0,0,0,NA,NA,NA,NA,0,0,0,0,NA,0,0,NA,NA,NA,NA,NA,NA,NA,NA,NA,NA,NA,NA,NA,NA,NA,NA,NA,NA,NA,NA,NA,NA,NA,NA
"165",NA,NA,NA,NA,1,NA,0,NA,0,0,0,NA,0,NA,NA,0,0,NA,NA,NA,NA,0,NA,NA,0,NA,0,NA,0,0,0,0,NA,0,0,0,NA,0,0,0,NA,0,0,0,NA,0,0,NA,NA,0,0,0,NA,0,NA,NA,0,0,0,0,NA,NA,0,NA,NA,NA,NA,NA,NA,NA,NA,NA,NA,NA,NA,NA,NA,NA,NA,NA,NA,NA,NA,NA,NA,NA,NA
"166",NA,NA,NA,NA,1,NA,0,NA,0,0,0,NA,0,NA,NA,0,0,NA,NA,NA,NA,0,NA,NA,0,NA,0,NA,0,0,0,0,NA,0,0,0,0,0,0,0,0,0,0,0,NA,NA,0,NA,NA,0,0,0,NA,0,NA,NA,0,0,0,0,NA,NA,0,NA,NA,NA,NA,NA,NA,NA,NA,NA,NA,NA,NA,NA,NA,NA,NA,NA,NA,NA,NA,NA,NA,NA,NA
"167",NA,NA,NA,NA,1,NA,0,NA,0,0,0,NA,0,NA,NA,0,0,NA,NA,NA,NA,0,NA,NA,0,NA,0,NA,0,0,0,0,NA,0,0,0,0,0,0,0,NA,0,0,0,NA,0,0,NA,NA,0,0,0,NA,NA,NA,NA,0,0,0,0,NA,NA,0,NA,NA,NA,NA,NA,NA,NA,NA,NA,NA,NA,NA,NA,NA,NA,NA,NA,NA,NA,NA,NA,NA,NA,NA
"168",NA,NA,NA,NA,1,NA,0,NA,0,0,0,NA,0,NA,NA,0,0,NA,NA,NA,NA,0,NA,NA,0,NA,0,NA,0,0,0,0,NA,0,0,0,0,0,0,0,NA,0,0,0,NA,NA,0,NA,NA,0,0,0,NA,0,NA,NA,0,0,0,0,NA,NA,0,NA,NA,NA,NA,NA,NA,NA,NA,NA,NA,NA,NA,NA,NA,NA,NA,NA,NA,NA,NA,NA,NA,NA,NA
"169",NA,NA,NA,NA,1,NA,0,NA,0,0,0,NA,0,NA,NA,0,0,NA,NA,NA,NA,0,NA,NA,0,NA,0,NA,0,0,0,0,NA,0,0,0,NA,0,0,0,0,0,0,0,NA,0,0,NA,NA,0,0,0,NA,NA,NA,NA,0,0,0,0,NA,NA,0,NA,NA,NA,NA,NA,NA,NA,NA,NA,NA,NA,NA,NA,NA,NA,NA,NA,NA,NA,NA,NA,NA,NA,NA
"170",NA,NA,NA,NA,1,NA,0,NA,0,0,0,NA,0,NA,NA,0,0,NA,NA,NA,NA,0,NA,NA,0,NA,0,NA,0,0,0,0,NA,0,0,0,NA,0,0,0,0,0,0,0,NA,NA,0,NA,NA,0,0,0,NA,0,NA,NA,0,0,0,0,NA,NA,0,NA,NA,NA,NA,NA,NA,NA,NA,NA,NA,NA,NA,NA,NA,NA,NA,NA,NA,NA,NA,NA,NA,NA,NA
"171",NA,NA,NA,NA,1,NA,0,NA,0,0,0,NA,0,NA,NA,0,0,NA,NA,NA,NA,0,NA,NA,0,NA,0,NA,0,0,0,0,NA,0,0,0,NA,0,0,0,NA,0,0,0,NA,0,0,NA,NA,0,0,0,NA,NA,NA,NA,0,0,0,0,NA,NA,0,NA,NA,NA,NA,NA,NA,NA,NA,NA,NA,NA,NA,NA,NA,NA,NA,NA,NA,NA,NA,NA,NA,NA,NA
"172",NA,NA,NA,NA,1,NA,0,NA,0,0,0,NA,0,NA,NA,0,0,NA,NA,NA,NA,0,NA,NA,0,NA,0,NA,0,0,0,0,NA,0,0,0,NA,0,0,0,NA,0,0,0,NA,NA,0,NA,NA,0,0,0,NA,0,NA,NA,0,0,0,0,NA,NA,0,NA,NA,NA,NA,NA,NA,NA,NA,NA,NA,NA,NA,NA,NA,NA,NA,NA,NA,NA,NA,NA,NA,NA,NA
"173",NA,NA,NA,NA,1,NA,0,NA,0,0,0,NA,0,NA,NA,0,0,NA,NA,NA,NA,0,NA,NA,0,NA,0,NA,0,0,0,0,NA,0,0,0,0,0,0,0,0,0,0,0,NA,NA,0,NA,NA,0,0,0,NA,NA,NA,NA,0,0,0,0,NA,NA,0,NA,NA,NA,NA,NA,NA,NA,NA,NA,NA,NA,NA,NA,NA,NA,NA,NA,NA,NA,NA,NA,NA,NA,NA
"174",NA,NA,NA,NA,1,NA,0,NA,0,0,0,NA,0,NA,NA,0,0,NA,NA,NA,NA,0,NA,NA,0,NA,0,NA,0,0,0,0,NA,0,0,0,0,0,0,0,NA,0,0,0,NA,NA,0,NA,NA,0,0,0,NA,NA,NA,NA,0,0,0,0,NA,NA,0,NA,NA,NA,NA,NA,NA,NA,NA,NA,NA,NA,NA,NA,NA,NA,NA,NA,NA,NA,NA,NA,NA,NA,NA
"175",NA,NA,NA,NA,1,NA,0,NA,0,0,0,NA,0,NA,NA,0,0,NA,NA,NA,NA,0,NA,NA,0,NA,0,NA,0,0,0,0,NA,0,0,0,NA,0,0,0,0,0,0,0,NA,NA,0,NA,NA,0,0,0,NA,NA,NA,NA,0,0,0,0,NA,NA,0,NA,NA,NA,NA,NA,NA,NA,NA,NA,NA,NA,NA,NA,NA,NA,NA,NA,NA,NA,NA,NA,NA,NA,NA
"176",NA,NA,NA,NA,1,NA,0,NA,0,0,0,NA,0,NA,NA,0,0,NA,NA,NA,NA,0,NA,NA,0,NA,0,NA,0,0,0,0,NA,0,0,0,NA,0,0,0,NA,0,0,0,NA,NA,0,NA,NA,0,0,0,NA,NA,NA,NA,0,0,0,0,NA,NA,0,NA,NA,NA,NA,NA,NA,NA,NA,NA,NA,NA,NA,NA,NA,NA,NA,NA,NA,NA,NA,NA,NA,NA,NA
"177",NA,NA,NA,NA,1,NA,0,NA,0,0,0,NA,0,NA,NA,0,0,NA,NA,NA,NA,0,NA,NA,0,NA,0,NA,0,0,0,0,NA,0,0,0,0,0,0,0,0,0,0,0,0,0,0,NA,NA,0,NA,0,NA,0,NA,NA,0,0,0,0,NA,NA,0,NA,NA,NA,NA,NA,NA,NA,NA,NA,NA,NA,NA,NA,NA,NA,NA,NA,NA,NA,NA,NA,NA,NA,NA
"178",NA,NA,NA,NA,0,NA,0,NA,0,0,0,NA,0,NA,NA,0,0,NA,NA,NA,NA,0,NA,NA,0,NA,0,NA,0,0,0,0,NA,0,0,0,0,0,0,0,NA,0,0,0,0,0,0,NA,NA,0,NA,0,NA,0,NA,NA,0,0,0,0,NA,NA,0,NA,NA,NA,NA,NA,NA,NA,NA,NA,NA,NA,NA,NA,NA,NA,NA,NA,NA,NA,NA,NA,NA,NA,NA
"179",NA,NA,NA,NA,1,NA,0,NA,0,0,0,NA,0,NA,NA,0,0,NA,NA,NA,NA,0,NA,NA,0,NA,0,NA,0,0,0,0,NA,0,0,0,NA,0,0,0,0,0,0,0,0,0,0,NA,NA,0,NA,0,NA,0,NA,NA,0,0,0,0,NA,NA,0,NA,NA,NA,NA,NA,NA,NA,NA,NA,NA,NA,NA,NA,NA,NA,NA,NA,NA,NA,NA,NA,NA,NA,NA
"180",NA,NA,NA,NA,NA,0,0,NA,0,0,1,NA,0,NA,NA,0,0,NA,NA,NA,NA,NA,NA,NA,0,NA,0,NA,0,0,NA,0,NA,0,0,0,0,0,NA,0,NA,0,0,0,0,0,0,NA,NA,0,NA,0,0,0,NA,NA,0,0,0,0,NA,0,0,NA,NA,NA,NA,NA,NA,NA,NA,NA,NA,NA,NA,NA,NA,NA,NA,NA,NA,NA,NA,NA,NA,NA,NA
"181",NA,NA,NA,NA,NA,0,0,NA,0,0,1,NA,0,NA,NA,0,0,NA,NA,NA,NA,NA,NA,NA,0,NA,0,NA,0,0,NA,0,NA,0,0,0,NA,0,NA,0,NA,0,0,0,0,0,0,NA,NA,0,NA,0,0,0,NA,NA,0,0,0,0,NA,0,0,NA,NA,NA,NA,NA,NA,NA,NA,NA,NA,NA,NA,NA,NA,NA,NA,NA,NA,NA,NA,NA,NA,NA,NA
"182",NA,NA,NA,NA,0,NA,0,NA,0,0,0,NA,0,NA,NA,0,0,NA,NA,NA,NA,0,NA,NA,0,NA,0,NA,0,0,0,0,NA,0,0,0,NA,0,0,0,NA,0,0,0,0,0,0,NA,NA,0,NA,0,NA,0,NA,NA,0,0,0,0,NA,NA,0,NA,NA,NA,NA,NA,NA,NA,NA,NA,NA,NA,NA,NA,NA,NA,NA,NA,NA,NA,NA,NA,NA,NA,NA
"183",NA,NA,NA,NA,1,NA,0,NA,0,0,0,NA,0,NA,NA,0,0,NA,NA,NA,NA,0,NA,NA,0,NA,0,NA,0,0,0,0,NA,0,0,0,0,0,0,0,0,0,0,0,0,0,0,NA,NA,0,NA,0,NA,NA,NA,NA,0,0,0,0,NA,NA,0,NA,NA,NA,NA,NA,NA,NA,NA,NA,NA,NA,NA,NA,NA,NA,NA,NA,NA,NA,NA,NA,NA,NA,NA
"184",NA,NA,NA,NA,1,NA,0,NA,0,0,0,NA,0,NA,NA,0,0,NA,NA,NA,NA,0,NA,NA,0,NA,0,NA,0,0,0,0,NA,0,0,0,0,0,0,0,0,0,0,0,0,NA,0,NA,NA,0,NA,0,NA,0,NA,NA,0,0,0,0,NA,NA,0,NA,NA,NA,NA,NA,NA,NA,NA,NA,NA,NA,NA,NA,NA,NA,NA,NA,NA,NA,NA,NA,NA,NA,NA
"185",NA,NA,NA,NA,0,NA,0,NA,0,0,0,NA,0,NA,NA,0,0,NA,NA,NA,NA,0,NA,NA,0,NA,0,NA,0,0,0,0,NA,0,0,0,0,0,0,0,NA,0,0,0,0,0,0,NA,NA,0,NA,0,NA,NA,NA,NA,0,0,0,0,NA,NA,0,NA,NA,NA,NA,NA,NA,NA,NA,NA,NA,NA,NA,NA,NA,NA,NA,NA,NA,NA,NA,NA,NA,NA,NA
"186",NA,NA,NA,NA,0,NA,0,NA,0,0,0,NA,0,NA,NA,0,0,NA,NA,NA,NA,0,NA,NA,0,NA,0,NA,0,0,0,0,NA,0,0,0,0,0,0,0,NA,0,0,0,0,NA,0,NA,NA,0,NA,0,NA,0,NA,NA,0,0,0,0,NA,NA,0,NA,NA,NA,NA,NA,NA,NA,NA,NA,NA,NA,NA,NA,NA,NA,NA,NA,NA,NA,NA,NA,NA,NA,NA
"187",NA,NA,NA,NA,NA,0,0,NA,0,0,1,NA,0,NA,NA,0,0,NA,NA,NA,NA,NA,NA,NA,0,NA,0,NA,0,0,NA,0,NA,0,0,0,0,0,NA,0,NA,0,0,0,0,0,0,NA,NA,0,NA,0,0,NA,NA,NA,0,0,0,0,NA,0,0,NA,NA,NA,NA,NA,NA,NA,NA,NA,NA,NA,NA,NA,NA,NA,NA,NA,NA,NA,NA,NA,NA,NA,NA
"188",NA,NA,NA,NA,1,NA,0,NA,0,0,0,NA,0,NA,NA,0,0,NA,NA,NA,NA,0,NA,NA,0,NA,0,NA,0,0,0,0,NA,0,0,0,NA,0,0,0,0,0,0,0,0,0,0,NA,NA,0,NA,0,NA,NA,NA,NA,0,0,0,0,NA,NA,0,NA,NA,NA,NA,NA,NA,NA,NA,NA,NA,NA,NA,NA,NA,NA,NA,NA,NA,NA,NA,NA,NA,NA,NA
"189",NA,NA,NA,NA,NA,0,0,NA,0,0,1,NA,0,NA,NA,0,0,NA,NA,NA,NA,NA,NA,NA,0,NA,0,NA,0,0,NA,0,NA,0,0,0,0,0,NA,0,NA,0,0,0,0,NA,0,NA,NA,0,NA,0,0,0,NA,NA,0,0,0,0,NA,0,0,NA,NA,NA,NA,NA,NA,NA,NA,NA,NA,NA,NA,NA,NA,NA,NA,NA,NA,NA,NA,NA,NA,NA,NA
"190",NA,NA,NA,NA,0,NA,0,NA,0,0,0,NA,0,NA,NA,0,0,NA,NA,NA,NA,0,NA,NA,0,NA,0,NA,0,0,0,0,NA,0,0,0,NA,0,0,0,NA,0,0,0,0,0,0,NA,NA,0,NA,0,NA,NA,NA,NA,0,0,0,0,NA,NA,0,NA,NA,NA,NA,NA,NA,NA,NA,NA,NA,NA,NA,NA,NA,NA,NA,NA,NA,NA,NA,NA,NA,NA,NA
"191",NA,NA,NA,NA,NA,0,0,NA,0,0,1,NA,0,NA,NA,0,0,NA,NA,NA,NA,NA,NA,NA,0,NA,0,NA,0,0,NA,0,NA,0,0,0,NA,0,NA,0,NA,0,0,0,0,NA,0,NA,NA,0,NA,0,0,0,NA,NA,0,0,0,0,NA,0,0,NA,NA,NA,NA,NA,NA,NA,NA,NA,NA,NA,NA,NA,NA,NA,NA,NA,NA,NA,NA,NA,NA,NA,NA
"192",NA,NA,NA,NA,NA,0,0,NA,0,0,1,NA,0,NA,NA,0,0,NA,NA,NA,NA,NA,NA,NA,0,NA,0,NA,0,0,NA,0,NA,0,0,0,NA,0,NA,0,NA,0,0,0,0,0,0,NA,NA,0,NA,0,0,NA,NA,NA,0,0,0,0,NA,0,0,NA,NA,NA,NA,NA,NA,NA,NA,NA,NA,NA,NA,NA,NA,NA,NA,NA,NA,NA,NA,NA,NA,NA,NA
"193",NA,NA,NA,NA,1,NA,0,NA,0,0,0,NA,0,NA,NA,0,0,NA,NA,NA,NA,0,NA,NA,0,NA,0,NA,0,0,0,0,NA,0,0,0,NA,0,0,0,0,0,0,0,0,NA,0,NA,NA,0,NA,0,NA,0,NA,NA,0,0,0,0,NA,NA,0,NA,NA,NA,NA,NA,NA,NA,NA,NA,NA,NA,NA,NA,NA,NA,NA,NA,NA,NA,NA,NA,NA,NA,NA
"194",NA,NA,NA,NA,0,NA,0,NA,0,0,0,NA,0,NA,NA,0,0,NA,NA,NA,NA,0,NA,NA,0,NA,0,NA,0,0,0,0,NA,0,0,0,NA,0,0,0,NA,0,0,0,0,NA,0,NA,NA,0,NA,0,NA,0,NA,NA,0,0,0,0,NA,NA,0,NA,NA,NA,NA,NA,NA,NA,NA,NA,NA,NA,NA,NA,NA,NA,NA,NA,NA,NA,NA,NA,NA,NA,NA
"195",NA,NA,NA,NA,NA,0,0,NA,0,0,1,NA,0,NA,NA,0,0,NA,NA,NA,NA,NA,NA,NA,0,NA,0,NA,0,0,NA,0,NA,0,0,0,0,0,NA,0,NA,0,0,0,0,NA,0,NA,NA,0,NA,0,0,NA,NA,NA,0,0,0,0,NA,0,0,NA,NA,NA,NA,NA,NA,NA,NA,NA,NA,NA,NA,NA,NA,NA,NA,NA,NA,NA,NA,NA,NA,NA,NA
"196",NA,NA,NA,NA,1,NA,0,NA,0,0,0,NA,0,NA,NA,0,0,NA,NA,NA,NA,0,NA,NA,0,NA,0,NA,0,0,0,0,NA,0,0,0,0,0,0,0,0,0,0,0,0,NA,0,NA,NA,0,NA,0,NA,NA,NA,NA,0,0,0,0,NA,NA,0,NA,NA,NA,NA,NA,NA,NA,NA,NA,NA,NA,NA,NA,NA,NA,NA,NA,NA,NA,NA,NA,NA,NA,NA
"197",NA,NA,NA,NA,0,NA,0,NA,0,0,0,NA,0,NA,NA,0,0,NA,NA,NA,NA,0,NA,NA,0,NA,0,NA,0,0,0,0,NA,0,0,0,0,0,0,0,NA,0,0,0,0,NA,0,NA,NA,0,NA,0,NA,NA,NA,NA,0,0,0,0,NA,NA,0,NA,NA,NA,NA,NA,NA,NA,NA,NA,NA,NA,NA,NA,NA,NA,NA,NA,NA,NA,NA,NA,NA,NA,NA
"198",NA,NA,NA,NA,NA,0,0,NA,0,0,1,NA,0,NA,NA,0,0,NA,NA,NA,NA,NA,NA,NA,0,NA,0,NA,0,0,NA,0,NA,0,0,0,NA,0,NA,0,NA,0,0,0,0,NA,0,NA,NA,0,NA,0,0,NA,NA,NA,0,0,0,0,NA,0,0,NA,NA,NA,NA,NA,NA,NA,NA,NA,NA,NA,NA,NA,NA,NA,NA,NA,NA,NA,NA,NA,NA,NA,NA
"199",NA,NA,NA,NA,1,NA,0,NA,0,0,0,NA,0,NA,NA,0,0,NA,NA,NA,NA,0,NA,NA,0,NA,0,NA,0,0,0,0,NA,0,0,0,NA,0,0,0,0,0,0,0,0,NA,0,NA,NA,0,NA,0,NA,NA,NA,NA,0,0,0,0,NA,NA,0,NA,NA,NA,NA,NA,NA,NA,NA,NA,NA,NA,NA,NA,NA,NA,NA,NA,NA,NA,NA,NA,NA,NA,NA
"200",NA,NA,NA,NA,0,NA,0,NA,0,0,0,NA,0,NA,NA,0,0,NA,NA,NA,NA,0,NA,NA,0,NA,0,NA,0,0,0,0,NA,0,0,0,NA,0,0,0,NA,0,0,0,0,NA,0,NA,NA,0,NA,0,NA,NA,NA,NA,0,0,0,0,NA,NA,0,NA,NA,NA,NA,NA,NA,NA,NA,NA,NA,NA,NA,NA,NA,NA,NA,NA,NA,NA,NA,NA,NA,NA,NA
"201",NA,NA,NA,NA,1,NA,0,NA,0,0,0,NA,0,NA,NA,0,0,NA,NA,NA,NA,0,NA,NA,0,NA,0,NA,0,0,0,0,NA,0,0,0,0,0,0,0,0,0,0,0,NA,0,0,NA,NA,0,NA,0,NA,0,NA,NA,0,0,0,0,NA,NA,0,NA,NA,NA,NA,NA,NA,NA,NA,NA,NA,NA,NA,NA,NA,NA,NA,NA,NA,NA,NA,NA,NA,NA,NA
"202",NA,NA,NA,NA,NA,0,0,NA,0,0,1,NA,0,NA,NA,0,0,NA,NA,NA,NA,NA,NA,NA,0,NA,0,NA,0,0,NA,0,NA,0,0,0,0,0,NA,0,NA,0,0,0,NA,0,0,NA,NA,0,NA,0,0,0,NA,NA,0,0,0,0,NA,0,0,NA,NA,NA,NA,NA,NA,NA,NA,NA,NA,NA,NA,NA,NA,NA,NA,NA,NA,NA,NA,NA,NA,NA,NA
"203",NA,NA,NA,NA,NA,0,0,NA,0,0,1,NA,0,NA,NA,0,0,NA,NA,NA,NA,NA,NA,NA,0,NA,0,NA,0,0,NA,0,NA,0,0,0,NA,0,NA,0,NA,0,0,0,NA,0,0,NA,NA,0,NA,0,0,0,NA,NA,0,0,0,0,NA,0,0,NA,NA,NA,NA,NA,NA,NA,NA,NA,NA,NA,NA,NA,NA,NA,NA,NA,NA,NA,NA,NA,NA,NA,NA
"204",NA,NA,NA,NA,0,NA,0,NA,0,0,0,NA,0,NA,NA,0,0,NA,NA,NA,NA,0,NA,NA,0,NA,0,NA,0,0,0,0,NA,0,0,0,0,0,0,0,NA,0,0,0,NA,0,0,NA,NA,0,NA,0,NA,0,NA,NA,0,0,0,0,NA,NA,0,NA,NA,NA,NA,NA,NA,NA,NA,NA,NA,NA,NA,NA,NA,NA,NA,NA,NA,NA,NA,NA,NA,NA,NA
"205",NA,NA,NA,NA,1,NA,0,NA,0,0,0,NA,0,NA,NA,0,0,NA,NA,NA,NA,0,NA,NA,0,NA,0,NA,0,0,0,0,NA,0,0,0,NA,0,0,0,0,0,0,0,NA,0,0,NA,NA,0,NA,0,NA,0,NA,NA,0,0,0,0,NA,NA,0,NA,NA,NA,NA,NA,NA,NA,NA,NA,NA,NA,NA,NA,NA,NA,NA,NA,NA,NA,NA,NA,NA,NA,NA
"206",NA,NA,NA,NA,0,NA,0,NA,0,0,0,NA,0,NA,NA,0,0,NA,NA,NA,NA,0,NA,NA,0,NA,0,NA,0,0,0,0,NA,0,0,0,NA,0,0,0,NA,0,0,0,NA,0,0,NA,NA,0,NA,0,NA,0,NA,NA,0,0,0,0,NA,NA,0,NA,NA,NA,NA,NA,NA,NA,NA,NA,NA,NA,NA,NA,NA,NA,NA,NA,NA,NA,NA,NA,NA,NA,NA
"207",NA,NA,NA,NA,1,NA,0,NA,0,0,0,NA,0,NA,NA,0,0,NA,NA,NA,NA,0,NA,NA,0,NA,0,NA,0,0,0,0,NA,0,0,0,0,0,0,0,0,0,0,0,NA,NA,0,NA,NA,0,NA,0,NA,0,NA,NA,0,0,0,0,NA,NA,0,NA,NA,NA,NA,NA,NA,NA,NA,NA,NA,NA,NA,NA,NA,NA,NA,NA,NA,NA,NA,NA,NA,NA,NA
"208",NA,NA,NA,NA,1,NA,0,NA,0,0,0,NA,0,NA,NA,0,0,NA,NA,NA,NA,0,NA,NA,0,NA,0,NA,0,0,0,0,NA,0,0,0,0,0,0,0,0,0,0,0,NA,0,0,NA,NA,0,NA,0,NA,NA,NA,NA,0,0,0,0,NA,NA,0,NA,NA,NA,NA,NA,NA,NA,NA,NA,NA,NA,NA,NA,NA,NA,NA,NA,NA,NA,NA,NA,NA,NA,NA
"209",NA,NA,NA,NA,NA,0,0,NA,0,0,1,NA,0,NA,NA,0,0,NA,NA,NA,NA,NA,NA,NA,0,NA,0,NA,0,0,NA,0,NA,0,0,0,0,0,NA,0,NA,0,0,0,NA,NA,0,NA,NA,0,NA,0,0,0,NA,NA,0,0,0,0,NA,0,0,NA,NA,NA,NA,NA,NA,NA,NA,NA,NA,NA,NA,NA,NA,NA,NA,NA,NA,NA,NA,NA,NA,NA,NA
"210",NA,NA,NA,NA,0,NA,0,NA,0,0,0,NA,0,NA,NA,0,0,NA,NA,NA,NA,0,NA,NA,0,NA,0,NA,0,0,0,0,NA,0,0,0,0,0,0,0,NA,0,0,0,NA,0,0,NA,NA,0,NA,0,NA,NA,NA,NA,0,0,0,0,NA,NA,0,NA,NA,NA,NA,NA,NA,NA,NA,NA,NA,NA,NA,NA,NA,NA,NA,NA,NA,NA,NA,NA,NA,NA,NA
"211",NA,NA,NA,NA,0,NA,0,NA,0,0,0,NA,0,NA,NA,0,0,NA,NA,NA,NA,0,NA,NA,0,NA,0,NA,0,0,0,0,NA,0,0,0,0,0,0,0,NA,0,0,0,NA,NA,0,NA,NA,0,NA,0,NA,0,NA,NA,0,0,0,0,NA,NA,0,NA,NA,NA,NA,NA,NA,NA,NA,NA,NA,NA,NA,NA,NA,NA,NA,NA,NA,NA,NA,NA,NA,NA,NA
"212",NA,NA,NA,NA,1,NA,0,NA,0,0,0,NA,0,NA,NA,0,0,NA,NA,NA,NA,0,NA,NA,0,NA,0,NA,0,0,0,0,NA,0,0,0,NA,0,0,0,0,0,0,0,NA,0,0,NA,NA,0,NA,0,NA,NA,NA,NA,0,0,0,0,NA,NA,0,NA,NA,NA,NA,NA,NA,NA,NA,NA,NA,NA,NA,NA,NA,NA,NA,NA,NA,NA,NA,NA,NA,NA,NA
"213",NA,NA,NA,NA,NA,0,0,NA,0,0,1,NA,0,NA,NA,0,0,NA,NA,NA,NA,NA,NA,NA,0,NA,0,NA,0,0,NA,0,NA,0,0,0,NA,0,NA,0,NA,0,0,0,NA,NA,0,NA,NA,0,NA,0,0,0,NA,NA,0,0,0,0,NA,0,0,NA,NA,NA,NA,NA,NA,NA,NA,NA,NA,NA,NA,NA,NA,NA,NA,NA,NA,NA,NA,NA,NA,NA,NA
"214",NA,NA,NA,NA,NA,0,0,NA,0,0,1,NA,0,NA,NA,0,0,NA,NA,NA,NA,NA,NA,NA,0,NA,0,NA,0,0,NA,0,NA,0,0,0,0,0,NA,0,NA,0,0,0,NA,0,0,NA,NA,0,NA,0,0,NA,NA,NA,0,0,0,0,NA,0,0,NA,NA,NA,NA,NA,NA,NA,NA,NA,NA,NA,NA,NA,NA,NA,NA,NA,NA,NA,NA,NA,NA,NA,NA
"215",NA,NA,NA,NA,1,NA,0,NA,0,0,0,NA,0,NA,NA,0,0,NA,NA,NA,NA,0,NA,NA,0,NA,0,NA,0,0,0,0,NA,0,0,0,NA,0,0,0,0,0,0,0,NA,NA,0,NA,NA,0,NA,0,NA,0,NA,NA,0,0,0,0,NA,NA,0,NA,NA,NA,NA,NA,NA,NA,NA,NA,NA,NA,NA,NA,NA,NA,NA,NA,NA,NA,NA,NA,NA,NA,NA
"216",NA,NA,NA,NA,NA,0,0,NA,0,0,1,NA,0,NA,NA,0,0,NA,NA,NA,NA,NA,NA,NA,0,NA,0,NA,0,0,NA,0,NA,0,0,0,NA,0,NA,0,NA,0,0,0,NA,0,0,NA,NA,0,NA,0,0,NA,NA,NA,0,0,0,0,NA,0,0,NA,NA,NA,NA,NA,NA,NA,NA,NA,NA,NA,NA,NA,NA,NA,NA,NA,NA,NA,NA,NA,NA,NA,NA
"217",NA,NA,NA,NA,0,NA,0,NA,0,0,0,0,NA,NA,0,0,0,0,NA,0,NA,0,NA,NA,0,NA,0,NA,0,0,0,0,NA,0,NA,0,NA,0,0,0,NA,0,0,0,NA,NA,0,NA,NA,0,NA,0,NA,0,NA,NA,0,0,0,0,NA,0,0,NA,NA,NA,NA,NA,NA,NA,NA,NA,NA,NA,NA,NA,NA,NA,NA,NA,NA,NA,NA,NA,NA,NA,NA
"218",NA,NA,NA,NA,0,NA,0,NA,0,0,0,NA,0,NA,NA,0,0,NA,NA,NA,NA,0,NA,NA,0,NA,0,NA,0,0,0,0,NA,0,0,0,NA,0,0,0,NA,0,0,0,NA,0,0,NA,NA,0,NA,0,NA,NA,NA,NA,0,0,0,0,NA,NA,0,NA,NA,NA,NA,NA,NA,NA,NA,NA,NA,NA,NA,NA,NA,NA,NA,NA,NA,NA,NA,NA,NA,NA,NA
"219",NA,NA,NA,NA,NA,0,0,NA,0,0,1,NA,0,NA,NA,0,0,NA,NA,NA,NA,NA,NA,NA,0,NA,0,NA,0,0,NA,0,NA,0,0,0,0,0,NA,0,NA,0,0,0,NA,NA,0,NA,NA,0,NA,0,0,NA,NA,NA,0,0,0,0,NA,0,0,NA,NA,NA,NA,NA,NA,NA,NA,NA,NA,NA,NA,NA,NA,NA,NA,NA,NA,NA,NA,NA,NA,NA,NA
"220",NA,NA,NA,NA,1,NA,0,NA,0,0,0,NA,0,NA,NA,0,0,NA,NA,NA,NA,0,NA,NA,0,NA,0,NA,0,0,0,0,NA,0,0,0,0,0,0,0,0,0,0,0,NA,NA,0,NA,NA,0,NA,0,NA,NA,NA,NA,0,0,0,0,NA,NA,0,NA,NA,NA,NA,NA,NA,NA,NA,NA,NA,NA,NA,NA,NA,NA,NA,NA,NA,NA,NA,NA,NA,NA,NA
"221",NA,NA,NA,NA,NA,0,0,NA,0,0,1,NA,0,NA,NA,0,0,NA,NA,NA,NA,NA,NA,NA,0,NA,0,NA,0,0,NA,0,NA,0,0,0,NA,0,NA,0,NA,0,0,0,NA,NA,0,NA,NA,0,NA,0,0,NA,NA,NA,0,0,0,0,NA,0,0,NA,NA,NA,NA,NA,NA,NA,NA,NA,NA,NA,NA,NA,NA,NA,NA,NA,NA,NA,NA,NA,NA,NA,NA
"222",NA,NA,NA,NA,0,NA,0,NA,0,0,0,NA,0,NA,NA,0,0,NA,NA,NA,NA,0,NA,NA,0,NA,0,NA,0,0,0,0,NA,0,0,0,0,0,0,0,NA,0,0,0,NA,NA,0,NA,NA,0,NA,0,NA,NA,NA,NA,0,0,0,0,NA,NA,0,NA,NA,NA,NA,NA,NA,NA,NA,NA,NA,NA,NA,NA,NA,NA,NA,NA,NA,NA,NA,NA,NA,NA,NA
"223",NA,NA,NA,NA,1,NA,0,NA,0,0,0,NA,0,NA,NA,0,0,NA,NA,NA,NA,0,NA,NA,0,NA,0,NA,0,0,0,0,NA,0,0,0,NA,0,0,0,0,0,0,0,NA,NA,0,NA,NA,0,NA,0,NA,NA,NA,NA,0,0,0,0,NA,NA,0,NA,NA,NA,NA,NA,NA,NA,NA,NA,NA,NA,NA,NA,NA,NA,NA,NA,NA,NA,NA,NA,NA,NA,NA
"224",NA,NA,NA,NA,0,NA,0,NA,0,0,0,NA,0,NA,NA,0,0,NA,NA,NA,NA,0,NA,NA,0,NA,0,NA,0,0,0,0,NA,0,0,0,NA,0,0,0,NA,0,0,0,NA,NA,0,NA,NA,0,NA,0,NA,NA,NA,NA,0,0,0,0,NA,NA,0,NA,NA,NA,NA,NA,NA,NA,NA,NA,NA,NA,NA,NA,NA,NA,NA,NA,NA,NA,NA,NA,NA,NA,NA
"225",1,1,1,0.965277777777778,0.75,0.375,0.375,0.166666666666667,0.107142857142857,0.107142857142857,0.0714285714285714,0,0,0,0,0,0,0,0,0,0,0,0,0,0,0,0,0,0,0,0,0,0,0,0,0,0,0,0,0,0,0,0,0,0,0,0,0,0,0,0,0,0,0,0,0,0,0,0,0,0,0,0,NA,NA,NA,NA,NA,NA,NA,NA,NA,NA,NA,NA,NA,NA,NA,NA,NA,NA,NA,NA,NA,NA,NA,NA
"226",0.321428571428571,0.321428571428571,0.214285714285714,0.642857142857143,0.714285714285714,0.285714285714286,0.571428571428571,0.642857142857143,1,1,1,0.0892857142857143,0.352678571428571,0.642857142857143,0.0044642857142857,0.785714285714286,1,0.647321428571429,0.642857142857143,0.0044642857142857,0.107142857142857,0.928571428571429,0.642857142857143,0.642857142857143,0.357142857142857,0.642857142857143,1,0.321428571428571,1,1,0.714285714285714,1,0.642857142857143,1,0.995535714285714,0.357142857142857,0.821428571428571,1,0.714285714285714,1,0.357142857142857,0.357142857142857,0.357142857142857,1,0.821428571428571,0.821428571428571,1,0.642857142857143,0.321428571428571,0.357142857142857,0.357142857142857,0.357142857142857,0.714285714285714,0.821428571428571,0.642857142857143,0.642857142857143,1,0.357142857142857,1,1,0.642857142857143,0.803571428571429,1,0,0,0,0,0,0,0,0,0,0,0,0,0,0,0,0,0,0,0,0,0,0,0,0
