"","phoB","hns","fnr","arcA","cra","soxS","fliZ","rob","narL","oxyR","soxR","galR","mlc","argP","exuR","metJ","asnC","dnaA","cusR","puuR","yiaJ","putA","melR","yqjI","mraZ","pdeL","purR","glcC","nikR","aidB","rbsR","lldR","crp","fis","rcsB","fur","gadE","rcsA","gadX","leuO","lrp","marA","ompR","evgA","bglJ","ydeO","gadW","hdfR","stpA","csgD","yjjQ","mlrA","marR","glnG","ptsG","rhaR","fhlA","rhaS","pdhR","srlR","xylR","mazE","uxuR","galS","nac","gutM","mazF","adiY","cspA","flhD","flhC","dcuR","zraR","metR","cadC","araC","malI","idnR","prpR","fucR","tdcA","lsrR","nhaR","hyfR","yeiL","dpiA","betI"
"1",0,0,0,NA,NA,0,0,0,0,0,0,0,0,0,0,0,0,0,0,0,0,0,0,NA,0,NA,0,0,NA,0,0,0,NA,NA,NA,NA,NA,NA,NA,NA,NA,NA,NA,NA,NA,NA,NA,NA,NA,NA,NA,NA,NA,NA,NA,NA,NA,NA,NA,NA,NA,NA,NA,NA,NA,NA,NA,NA,NA,NA,NA,NA,NA,NA,NA,NA,NA,NA,NA,NA,NA,NA,NA,NA,NA,NA,NA
"2",NA,0,NA,NA,0,NA,0,0,0,0,0,0,0,NA,0,0,0,NA,0,NA,0,0,0,NA,0,NA,0,0,NA,0,0,0,NA,NA,NA,NA,NA,NA,NA,NA,NA,NA,NA,NA,NA,NA,NA,NA,NA,NA,NA,NA,NA,NA,NA,NA,NA,NA,NA,NA,NA,NA,NA,NA,NA,NA,NA,NA,NA,NA,NA,NA,NA,NA,NA,NA,NA,NA,NA,NA,NA,NA,NA,NA,NA,NA,NA
"3",NA,0,NA,0,0,NA,0,0,NA,0,NA,0,0,NA,0,0,0,NA,0,NA,0,0,NA,0,0,NA,0,0,0,0,0,0,NA,NA,NA,NA,NA,NA,NA,NA,NA,NA,NA,NA,NA,NA,NA,NA,NA,NA,NA,NA,NA,NA,NA,NA,NA,NA,NA,NA,NA,NA,NA,NA,NA,NA,NA,NA,NA,NA,NA,NA,NA,NA,NA,NA,NA,NA,NA,NA,NA,NA,NA,NA,NA,NA,NA
"4",1,0,0,0,NA,NA,0,NA,NA,0,NA,0,0,0,0,0,0,0,0,0,0,0,0,0,0,0,0,0,NA,0,0,0,NA,NA,NA,NA,NA,NA,NA,NA,NA,NA,NA,NA,NA,NA,NA,NA,NA,NA,NA,NA,NA,NA,NA,NA,NA,NA,NA,NA,NA,NA,NA,NA,NA,NA,NA,NA,NA,NA,NA,NA,NA,NA,NA,NA,NA,NA,NA,NA,NA,NA,NA,NA,NA,NA,NA
"5",NA,0,NA,0,0,NA,0,0,NA,0,NA,0,0,NA,0,0,0,NA,NA,NA,0,0,0,0,0,NA,0,0,0,0,0,0,NA,NA,NA,NA,NA,NA,NA,NA,NA,NA,NA,NA,NA,NA,NA,NA,NA,NA,NA,NA,NA,NA,NA,NA,NA,NA,NA,NA,NA,NA,NA,NA,NA,NA,NA,NA,NA,NA,NA,NA,NA,NA,NA,NA,NA,NA,NA,NA,NA,NA,NA,NA,NA,NA,NA
"6",1,0,NA,NA,NA,NA,0,0,0,0,0,0,0,0,0,0,0,0,0,NA,0,0,NA,NA,0,0,0,0,NA,0,0,0,NA,NA,NA,NA,NA,NA,NA,NA,NA,NA,NA,NA,NA,NA,NA,NA,NA,NA,NA,NA,NA,NA,NA,NA,NA,NA,NA,NA,NA,NA,NA,NA,NA,NA,NA,NA,NA,NA,NA,NA,NA,NA,NA,NA,NA,NA,NA,NA,NA,NA,NA,NA,NA,NA,NA
"7",NA,0,NA,NA,0,NA,0,0,0,0,0,0,0,NA,0,0,0,NA,NA,NA,0,0,NA,NA,0,NA,0,0,NA,0,0,0,NA,NA,NA,NA,NA,NA,NA,NA,NA,NA,NA,NA,NA,NA,NA,NA,NA,NA,NA,NA,NA,NA,NA,NA,NA,NA,NA,NA,NA,NA,NA,NA,NA,NA,NA,NA,NA,NA,NA,NA,NA,NA,NA,NA,NA,NA,NA,NA,NA,NA,NA,NA,NA,NA,NA
"8",0,0,NA,NA,NA,NA,0,0,0,0,0,0,0,0,0,0,0,0,0,NA,0,0,NA,NA,0,NA,0,0,NA,0,0,0,NA,NA,NA,NA,NA,NA,NA,NA,NA,NA,NA,NA,NA,NA,NA,NA,NA,NA,NA,NA,NA,NA,NA,NA,NA,NA,NA,NA,NA,NA,NA,NA,NA,NA,NA,NA,NA,NA,NA,NA,NA,NA,NA,NA,NA,NA,NA,NA,NA,NA,NA,NA,NA,NA,NA
"9",0.5,0,0,0,0,0,0,0,0,0,0,0,0,0,0,0,0,0,0,0,0,0,0,0,0,0,0,0,0,0,0,0,NA,NA,NA,NA,NA,NA,NA,NA,NA,NA,NA,NA,NA,NA,NA,NA,NA,NA,NA,NA,NA,NA,NA,NA,NA,NA,NA,NA,NA,NA,NA,NA,NA,NA,NA,NA,NA,NA,NA,NA,NA,NA,NA,NA,NA,NA,NA,NA,NA,NA,NA,NA,NA,NA,NA
"10",0.5,1,0.25,0.375,0.5,0.125,1,0.875,0.625,1,0.625,1,1,0.5,1,1,1,0.5,0.75,0.25,1,1,0.5,0.375,1,0.25,1,1,0.25,1,1,1,0,0,0,0,0,0,0,0,0,0,0,0,0,0,0,0,0,0,0,0,0,0,0,0,0,0,0,0,0,0,0,0,0,0,0,0,0,0,0,0,0,0,0,0,0,0,0,0,0,0,0,0,0,0,0
