"","hns","crp","gadE","cra","fis","gadX","zraR","asnC","dnaA","cusR","puuR","putA","cadC","melR","araC","yqjI","malI","idnR","pdeL","prpR","fucR","tdcA","lsrR","nhaR","hyfR","yeiL","dpiA","nikR","aidB","rbsR","betI","dcuR","flhD","flhC","ptsG","rhaR","fhlA","mlc","rhaS","pdhR","srlR","xylR","mazE","uxuR","argP","galS","nac","gutM","mazF","glnG","marR","csgD","yjjQ","soxR","oxyR","narL","evgA","bglJ","ydeO","gadW","ompR","marA","leuO","fliZ","rcsA","phoB","arcA","fur","fnr","metR","yiaJ","mraZ","purR","glcC","lldR","metJ","adiY","cspA","galR","exuR","hdfR","stpA","mlrA","rob","lrp","soxS","rcsB"
"1",0,1,1,0,1,0,0,0,NA,NA,NA,0,0,0,0,0,0,0,0,0,NA,0,0,0,0,0,0,0,0,0,NA,0,0,0,NA,0,0,NA,0,NA,0,NA,0,0,NA,0,NA,0,0,0,0,0,0,NA,0,NA,0,0,0,NA,0,0,0,0,0,NA,0,0,NA,NA,NA,NA,NA,NA,NA,NA,NA,NA,NA,NA,NA,NA,NA,NA,NA,NA,NA
"2",1,1,0,1,1,0,0,0,NA,NA,NA,0,0,0,0,0,0,0,NA,0,NA,0,0,NA,0,0,0,0,0,0,NA,0,0,0,NA,0,0,NA,0,NA,0,NA,0,0,NA,0,NA,0,0,0,0,0,NA,NA,0,NA,NA,NA,NA,NA,0,0,NA,0,NA,NA,0,0,NA,NA,NA,NA,NA,NA,NA,NA,NA,NA,NA,NA,NA,NA,NA,NA,NA,NA,NA
"3",1,0,0,0,0,0,0,0,NA,NA,NA,0,0,0,0,NA,0,0,0,0,NA,0,0,NA,0,0,0,0,0,0,NA,0,0,0,NA,0,0,0,0,NA,0,0,0,0,NA,0,0,0,0,0,0,0,NA,0,0,0,NA,NA,NA,0,0,0,NA,0,NA,NA,NA,0,NA,NA,NA,NA,NA,NA,NA,NA,NA,NA,NA,NA,NA,NA,NA,NA,NA,NA,NA
"4",0,1,1,0,1,0,0,NA,NA,0,0,0,0,0,0,0,0,0,0,0,NA,0,0,0,0,0,0,0,0,0,0,0,0,0,0,0,0,NA,0,NA,0,NA,0,0,NA,0,NA,0,0,0,0,0,0,NA,0,NA,0,0,0,NA,0,0,0,0,0,NA,0,0,0,NA,NA,NA,NA,NA,NA,NA,NA,NA,NA,NA,NA,NA,NA,NA,NA,NA,NA
"5",1,1,0,0,1,0,0,NA,NA,NA,0,0,0,0,0,NA,0,0,0,0,NA,0,0,NA,0,0,0,NA,0,0,0,0,0,0,0,0,0,0,0,NA,0,NA,0,0,NA,0,0,0,0,0,0,0,NA,0,0,0,NA,NA,NA,0,0,0,NA,0,NA,NA,NA,0,0,NA,NA,NA,NA,NA,NA,NA,NA,NA,NA,NA,NA,NA,NA,NA,NA,NA,NA
"6",1,1,0,NA,1,0,0,NA,0,0,0,0,0,0,0,NA,0,0,0,NA,NA,0,0,NA,0,0,0,NA,0,0,0,0,0,0,0,0,0,0,0,0,0,NA,0,0,0,0,0,0,0,0,0,0,NA,0,0,0,NA,NA,NA,0,0,0,NA,0,NA,0,NA,0,0,NA,NA,NA,NA,NA,NA,NA,NA,NA,NA,NA,NA,NA,NA,NA,NA,NA,NA
"7",1,0,0,0,0,0,0,NA,NA,NA,0,0,0,0,0,NA,0,0,0,0,NA,0,0,NA,0,0,0,NA,0,0,0,0,0,0,0,0,0,0,0,NA,0,0,0,0,NA,0,0,0,0,0,0,0,NA,0,0,0,0,NA,0,0,0,0,NA,0,NA,NA,NA,0,0,NA,NA,NA,NA,NA,NA,NA,NA,NA,NA,NA,NA,NA,NA,NA,NA,NA,NA
"8",1,1,1,0,1,1,0,NA,NA,NA,0,0,0,0,0,NA,0,0,0,0,NA,0,0,NA,0,0,0,NA,0,0,0,0,0,0,0,0,0,0,0,NA,0,NA,0,0,NA,0,0,0,0,0,0,0,NA,0,0,0,NA,NA,NA,0,0,0,NA,0,0,NA,NA,0,0,NA,NA,NA,NA,NA,NA,NA,NA,NA,NA,NA,NA,NA,NA,NA,NA,NA,NA
"9",1,1,0,0,1,0,0,NA,NA,NA,0,0,0,0,0,NA,0,0,0,0,NA,0,0,NA,0,0,0,NA,0,0,0,0,0,0,0,0,0,0,0,NA,0,NA,0,0,NA,0,0,0,0,0,0,0,0,0,0,0,NA,0,NA,0,0,0,0,0,NA,NA,NA,0,0,NA,NA,NA,NA,NA,NA,NA,NA,NA,NA,NA,NA,NA,NA,NA,NA,NA,NA
"10",1,1,0,0,1,0,0,NA,NA,0,0,0,0,0,0,NA,0,0,0,0,NA,0,0,NA,0,0,0,NA,0,0,0,0,0,0,0,0,0,0,0,NA,0,NA,0,0,NA,0,0,0,0,0,0,0,NA,0,0,0,NA,NA,NA,0,0,0,NA,0,NA,NA,NA,0,0,NA,NA,NA,NA,NA,NA,NA,NA,NA,NA,NA,NA,NA,NA,NA,NA,NA,NA
"11",1,0,0,1,0,0,0,NA,NA,NA,0,0,0,0,0,NA,0,0,NA,0,NA,0,0,NA,0,0,0,NA,0,0,0,0,0,0,0,0,0,0,0,NA,0,0,0,0,NA,0,0,0,0,0,0,0,NA,0,0,0,NA,NA,NA,0,0,0,NA,0,NA,NA,NA,0,0,NA,NA,NA,NA,NA,NA,NA,NA,NA,NA,NA,NA,NA,NA,NA,NA,NA,NA
"12",1,0,0,NA,0,0,0,NA,0,0,0,0,0,0,0,NA,0,0,0,NA,NA,0,0,NA,0,0,0,NA,0,0,0,0,0,0,0,0,0,0,0,0,0,0,0,0,0,0,0,0,0,0,0,0,NA,0,0,0,NA,NA,NA,0,0,0,NA,0,NA,0,NA,0,0,NA,NA,NA,NA,NA,NA,NA,NA,NA,NA,NA,NA,NA,NA,NA,NA,NA,NA
"13",1,1,1,0,1,1,0,NA,NA,0,0,0,0,0,0,NA,0,0,0,0,NA,0,0,NA,0,0,0,NA,0,0,0,0,0,0,0,0,0,0,0,NA,0,NA,0,0,NA,0,0,0,0,0,0,0,NA,0,0,0,NA,NA,NA,0,0,0,NA,0,0,NA,NA,0,0,NA,NA,NA,NA,NA,NA,NA,NA,NA,NA,NA,NA,NA,NA,NA,NA,NA,NA
"14",1,1,0,1,1,0,0,NA,NA,0,0,0,0,0,0,NA,0,0,NA,0,NA,0,0,NA,0,0,0,NA,0,0,0,0,0,0,0,0,0,0,0,NA,0,NA,0,0,NA,0,0,0,0,0,0,0,NA,0,0,0,NA,NA,NA,0,0,0,NA,0,NA,NA,NA,0,0,NA,NA,NA,NA,NA,NA,NA,NA,NA,NA,NA,NA,NA,NA,NA,NA,NA,NA
"15",1,1,1,1,1,1,0,NA,NA,NA,0,0,0,0,0,0,0,0,NA,0,NA,0,0,NA,0,0,0,0,0,0,0,0,0,0,0,0,0,NA,0,NA,0,NA,0,0,NA,0,NA,0,0,0,0,0,NA,NA,0,NA,NA,NA,NA,NA,0,0,NA,0,0,NA,0,0,0,NA,NA,NA,NA,NA,NA,NA,NA,NA,NA,NA,NA,NA,NA,NA,NA,NA,NA
"16",1,1,0,1,1,0,0,0,NA,NA,NA,0,0,0,0,NA,0,0,NA,0,0,0,0,NA,0,0,0,0,0,0,NA,0,0,0,NA,0,0,0,0,NA,0,NA,0,0,NA,0,0,0,0,0,0,0,NA,0,0,0,NA,NA,NA,0,0,0,NA,0,NA,NA,NA,0,NA,NA,NA,NA,NA,NA,NA,NA,NA,NA,NA,NA,NA,NA,NA,NA,NA,NA,NA
"17",1,1,0,1,1,0,0,0,NA,NA,NA,0,0,0,0,0,0,0,NA,0,NA,0,0,NA,0,0,0,0,0,0,NA,0,0,0,NA,0,0,NA,0,NA,0,NA,0,0,NA,0,NA,0,0,0,0,0,NA,NA,0,NA,0,NA,0,NA,0,0,NA,0,NA,NA,0,0,NA,NA,NA,NA,NA,NA,NA,NA,NA,NA,NA,NA,NA,NA,NA,NA,NA,NA,NA
"18",1,1,0,1,1,0,0,0,NA,NA,NA,0,0,0,0,NA,0,0,NA,0,NA,0,0,0,0,0,0,0,0,0,NA,0,0,0,NA,0,0,0,0,NA,0,NA,0,0,NA,0,0,0,0,0,0,0,NA,0,0,0,NA,NA,NA,0,0,0,NA,0,NA,NA,NA,0,NA,NA,NA,NA,NA,NA,NA,NA,NA,NA,NA,NA,NA,NA,NA,NA,NA,NA,NA
"19",1,1,0,1,1,0,0,0,NA,NA,NA,0,0,0,0,0,0,0,NA,0,0,0,0,NA,0,0,0,0,0,0,NA,0,0,0,NA,0,0,NA,0,NA,0,NA,0,0,NA,0,NA,0,0,0,0,0,NA,NA,0,NA,0,NA,0,NA,0,0,NA,0,NA,NA,0,0,NA,NA,NA,NA,NA,NA,NA,NA,NA,NA,NA,NA,NA,NA,NA,NA,NA,NA,NA
"20",1,0,0,1,0,0,0,NA,NA,NA,0,0,0,0,0,0,0,0,NA,0,NA,0,0,0,0,0,0,0,0,0,0,0,0,0,0,0,0,NA,0,NA,0,0,0,0,NA,0,NA,0,0,0,0,0,NA,NA,0,NA,NA,NA,NA,NA,0,0,NA,0,NA,NA,0,0,0,NA,NA,NA,NA,NA,NA,NA,NA,NA,NA,NA,NA,NA,NA,NA,NA,NA,NA
"21",1,0,0,1,0,0,0,0,NA,0,NA,0,0,0,0,NA,0,0,NA,0,NA,0,0,NA,0,0,0,0,0,0,NA,0,0,0,NA,0,0,0,0,NA,0,0,0,0,NA,0,0,0,0,0,0,0,NA,0,0,0,NA,NA,NA,0,0,0,NA,0,NA,NA,NA,0,NA,NA,NA,NA,NA,NA,NA,NA,NA,NA,NA,NA,NA,NA,NA,NA,NA,NA,NA
"22",1,1,0,0,1,0,0,0,NA,NA,NA,0,0,0,0,0,0,0,0,0,NA,0,0,0,0,0,0,0,0,0,NA,0,0,0,NA,0,0,NA,0,NA,0,NA,0,0,NA,0,NA,0,0,0,0,0,NA,NA,0,NA,NA,NA,NA,NA,0,0,NA,0,NA,NA,0,0,NA,NA,NA,NA,NA,NA,NA,NA,NA,NA,NA,NA,NA,NA,NA,NA,NA,NA,NA
"23",1,0,0,1,0,0,0,0,NA,NA,NA,0,0,0,0,NA,0,0,NA,0,NA,0,0,NA,0,0,0,0,0,0,NA,0,0,0,NA,0,0,0,0,NA,0,0,0,0,NA,0,0,0,0,0,0,0,NA,0,0,0,0,NA,0,0,0,0,NA,0,NA,NA,NA,0,NA,NA,NA,NA,NA,NA,NA,NA,NA,NA,NA,NA,NA,NA,NA,NA,NA,NA,NA
"24",1,1,0,1,1,0,0,0,NA,NA,NA,0,0,0,0,0,0,0,NA,0,NA,0,0,NA,0,0,0,0,0,0,NA,0,0,0,NA,0,0,NA,0,NA,0,NA,0,0,NA,0,NA,0,0,0,0,0,0,NA,0,NA,NA,0,NA,NA,0,0,0,0,NA,NA,0,0,NA,NA,NA,NA,NA,NA,NA,NA,NA,NA,NA,NA,NA,NA,NA,NA,NA,NA,NA
"25",1,1,0,1,1,0,0,0,NA,0,NA,0,0,0,0,NA,0,0,NA,0,NA,0,0,NA,0,0,0,0,0,0,NA,0,0,0,NA,0,0,0,0,NA,0,NA,0,0,NA,0,0,0,0,0,0,0,NA,0,0,0,0,NA,0,0,0,0,NA,0,NA,NA,NA,0,NA,NA,NA,NA,NA,NA,NA,NA,NA,NA,NA,NA,NA,NA,NA,NA,NA,NA,NA
"26",1,1,0,0,1,0,0,NA,NA,NA,0,0,0,0,0,0,0,0,0,0,NA,0,0,NA,0,0,0,0,0,0,0,0,0,0,0,0,0,NA,0,NA,0,NA,0,0,NA,0,NA,0,0,0,0,0,NA,NA,0,NA,0,NA,0,NA,0,0,NA,0,NA,NA,0,0,0,NA,NA,NA,NA,NA,NA,NA,NA,NA,NA,NA,NA,NA,NA,NA,NA,NA,NA
"27",1,1,1,1,1,1,0,0,NA,NA,NA,0,0,0,0,NA,0,0,NA,0,NA,0,0,0,0,0,0,0,0,0,NA,0,0,0,NA,0,0,0,0,NA,0,NA,0,0,NA,0,0,0,0,0,0,0,NA,0,0,0,NA,NA,NA,0,0,0,NA,0,0,NA,NA,0,NA,NA,NA,NA,NA,NA,NA,NA,NA,NA,NA,NA,NA,NA,NA,NA,NA,NA,NA
"28",1,1,1,1,1,0,0,NA,NA,NA,0,0,0,0,0,0,0,0,NA,0,NA,0,0,NA,0,0,0,0,0,0,0,0,0,0,0,0,0,NA,0,NA,0,NA,0,0,NA,0,NA,0,0,0,0,0,NA,NA,0,NA,0,NA,0,NA,0,0,NA,0,0,NA,0,0,0,NA,NA,NA,NA,NA,NA,NA,NA,NA,NA,NA,NA,NA,NA,NA,NA,NA,NA
"29",1,1,0,0,1,0,0,0,NA,NA,NA,0,0,0,0,NA,0,0,0,0,0,0,0,NA,0,0,0,0,0,0,NA,0,0,0,NA,0,0,0,0,NA,0,NA,0,0,NA,0,0,0,0,0,0,0,NA,0,0,0,NA,NA,NA,0,0,0,NA,0,NA,NA,NA,0,NA,NA,NA,NA,NA,NA,NA,NA,NA,NA,NA,NA,NA,NA,NA,NA,NA,NA,NA
"30",1,1,0,1,1,0,0,0,NA,0,NA,0,0,0,0,0,0,0,NA,0,0,0,0,NA,0,0,0,0,0,0,NA,0,0,0,NA,0,0,NA,0,NA,0,NA,0,0,NA,0,NA,0,0,0,0,0,NA,NA,0,NA,NA,NA,NA,NA,0,0,NA,0,NA,NA,0,0,NA,NA,NA,NA,NA,NA,NA,NA,NA,NA,NA,NA,NA,NA,NA,NA,NA,NA,NA
"31",1,1,1,1,1,1,0,0,NA,0,NA,0,0,0,0,NA,0,0,NA,0,NA,0,0,NA,0,0,0,0,0,0,NA,0,0,0,NA,0,0,0,0,NA,0,NA,0,0,NA,0,0,0,0,0,0,0,NA,0,0,0,NA,NA,NA,0,0,0,NA,0,0,NA,NA,0,NA,NA,NA,NA,NA,NA,NA,NA,NA,NA,NA,NA,NA,NA,NA,NA,NA,NA,NA
"32",1,1,0,1,1,0,0,NA,NA,0,0,0,0,0,0,0,0,0,NA,0,NA,0,0,0,0,0,0,0,0,0,0,0,0,0,0,0,0,NA,0,NA,0,NA,0,0,NA,0,NA,0,0,0,0,0,NA,NA,0,NA,NA,NA,NA,NA,0,0,NA,0,NA,NA,0,0,0,NA,NA,NA,NA,NA,NA,NA,NA,NA,NA,NA,NA,NA,NA,NA,NA,NA,NA
"33",1,0,1,1,0,1,0,0,NA,NA,NA,0,0,0,0,0,0,0,NA,0,NA,0,0,NA,0,0,0,0,0,0,NA,0,0,0,NA,0,0,NA,0,NA,0,0,0,0,NA,0,NA,0,0,0,0,0,NA,NA,0,NA,NA,NA,NA,NA,0,0,NA,0,0,NA,0,0,NA,NA,NA,NA,NA,NA,NA,NA,NA,NA,NA,NA,NA,NA,NA,NA,NA,NA,NA
"34",1,1,0,1,0,0,0,0,NA,NA,NA,0,0,0,0,NA,0,0,NA,0,0,0,0,NA,0,0,0,0,0,0,NA,0,0,0,NA,0,0,0,0,NA,0,0,0,0,NA,0,0,0,0,0,0,0,NA,0,0,0,NA,NA,NA,0,0,0,NA,0,NA,NA,NA,0,NA,NA,NA,NA,NA,NA,NA,NA,NA,NA,NA,NA,NA,NA,NA,NA,NA,NA,NA
"35",1,1,0,1,1,0,0,0,NA,NA,NA,0,0,0,0,0,0,0,NA,0,0,0,0,0,0,0,0,0,0,0,NA,0,0,0,NA,0,0,NA,0,NA,0,NA,0,0,NA,0,NA,0,0,0,0,0,NA,NA,0,NA,NA,NA,NA,NA,0,0,NA,0,NA,NA,0,0,NA,NA,NA,NA,NA,NA,NA,NA,NA,NA,NA,NA,NA,NA,NA,NA,NA,NA,NA
"36",1,1,1,1,1,1,0,0,NA,NA,NA,0,0,0,0,NA,0,0,NA,0,0,0,0,NA,0,0,0,0,0,0,NA,0,0,0,NA,0,0,0,0,NA,0,NA,0,0,NA,0,0,0,0,0,0,0,NA,0,0,0,NA,NA,NA,0,0,0,NA,0,0,NA,NA,0,NA,NA,NA,NA,NA,NA,NA,NA,NA,NA,NA,NA,NA,NA,NA,NA,NA,NA,NA
"37",1,1,0,0,1,0,0,0,NA,0,NA,0,0,0,0,0,0,0,0,0,0,0,0,NA,0,0,0,0,0,0,NA,0,0,0,NA,0,0,NA,0,NA,0,NA,0,0,NA,0,NA,0,0,0,0,0,NA,NA,0,NA,NA,NA,NA,NA,0,0,NA,0,NA,NA,0,0,NA,NA,NA,NA,NA,NA,NA,NA,NA,NA,NA,NA,NA,NA,NA,NA,NA,NA,NA
"38",1,1,1,1,1,1,0,0,NA,NA,NA,0,0,0,0,0,0,0,NA,0,0,0,0,0,0,0,0,0,0,0,NA,0,0,0,NA,0,0,NA,0,NA,0,NA,0,0,NA,0,NA,0,0,0,0,0,NA,NA,0,NA,NA,NA,NA,NA,0,0,NA,0,0,NA,0,0,NA,NA,NA,NA,NA,NA,NA,NA,NA,NA,NA,NA,NA,NA,NA,NA,NA,NA,NA
"39",1,1,1,0,1,1,0,0,NA,NA,NA,0,0,0,0,NA,0,0,0,0,0,0,0,NA,0,0,0,0,0,0,NA,0,0,0,NA,0,0,0,0,NA,0,NA,0,0,NA,0,0,0,0,0,0,0,NA,0,0,0,NA,NA,NA,0,0,0,NA,0,0,NA,NA,0,NA,NA,NA,NA,NA,NA,NA,NA,NA,NA,NA,NA,NA,NA,NA,NA,NA,NA,NA
"40",1,1,0,1,0,0,0,0,NA,NA,NA,0,0,0,0,0,0,0,NA,0,0,0,0,NA,0,0,0,0,0,0,NA,0,0,0,NA,0,0,NA,0,NA,0,0,0,0,NA,0,NA,0,0,0,0,0,NA,NA,0,NA,0,NA,0,NA,0,0,NA,0,NA,NA,0,0,NA,NA,NA,NA,NA,NA,NA,NA,NA,NA,NA,NA,NA,NA,NA,NA,NA,NA,NA
"41",1,1,0,0,0,0,0,0,NA,NA,NA,0,0,0,0,NA,0,0,0,0,0,0,0,NA,0,0,0,0,0,0,NA,0,0,0,NA,0,0,0,0,NA,0,0,0,0,NA,0,0,0,0,0,0,0,NA,0,0,0,NA,NA,NA,0,0,0,NA,0,NA,NA,NA,0,NA,NA,NA,NA,NA,NA,NA,NA,NA,NA,NA,NA,NA,NA,NA,NA,NA,NA,NA
"42",1,1,0,0,1,0,0,0,NA,NA,NA,0,0,0,0,0,0,0,0,0,0,0,0,NA,0,0,0,0,0,0,NA,0,0,0,NA,0,0,NA,0,NA,0,NA,0,0,NA,0,NA,0,0,0,0,0,NA,NA,0,NA,0,NA,0,NA,0,0,NA,0,NA,NA,0,0,NA,NA,NA,NA,NA,NA,NA,NA,NA,NA,NA,NA,NA,NA,NA,NA,NA,NA,NA
"43",1,1,1,1,1,0,0,0,NA,NA,NA,0,0,0,0,NA,0,0,NA,0,0,0,0,NA,0,0,0,0,0,0,NA,0,0,0,NA,0,0,0,0,NA,0,NA,0,0,NA,0,0,0,0,0,0,0,NA,0,0,0,0,NA,0,0,0,0,NA,0,0,NA,NA,0,NA,NA,NA,NA,NA,NA,NA,NA,NA,NA,NA,NA,NA,NA,NA,NA,NA,NA,NA
"44",1,1,1,1,0,1,0,0,NA,NA,NA,0,0,0,0,0,0,0,NA,0,0,0,0,NA,0,0,0,0,0,0,NA,0,0,0,NA,0,0,NA,0,NA,0,0,0,0,NA,0,NA,0,0,0,0,0,NA,NA,0,NA,NA,NA,NA,NA,0,0,NA,0,0,NA,0,0,NA,NA,NA,NA,NA,NA,NA,NA,NA,NA,NA,NA,NA,NA,NA,NA,NA,NA,NA
"45",1,1,0,1,0,0,0,0,NA,0,NA,0,0,0,0,0,0,0,NA,0,0,0,0,NA,0,0,0,0,0,0,NA,0,0,0,NA,0,0,NA,0,NA,0,0,0,0,NA,0,NA,0,0,0,0,0,NA,NA,0,NA,NA,NA,NA,NA,0,0,NA,0,NA,NA,0,0,NA,NA,NA,NA,NA,NA,NA,NA,NA,NA,NA,NA,NA,NA,NA,NA,NA,NA,NA
"46",1,0,1,1,0,0,0,0,NA,NA,NA,0,0,0,0,NA,0,0,NA,0,NA,0,0,NA,0,0,0,0,0,0,NA,0,0,0,NA,0,0,0,0,NA,0,0,0,0,NA,0,0,0,0,0,0,0,NA,0,0,0,0,NA,0,0,0,0,NA,0,0,NA,NA,0,NA,NA,NA,NA,NA,NA,NA,NA,NA,NA,NA,NA,NA,NA,NA,NA,NA,NA,NA
"47",1,0,0,0,0,0,0,0,NA,0,NA,0,0,0,0,0,0,0,0,0,NA,0,0,NA,0,0,0,0,0,0,NA,0,0,0,NA,0,0,NA,0,NA,0,0,0,0,NA,0,NA,0,0,0,0,0,NA,NA,0,NA,NA,NA,NA,NA,0,0,NA,0,NA,NA,0,0,NA,NA,NA,NA,NA,NA,NA,NA,NA,NA,NA,NA,NA,NA,NA,NA,NA,NA,NA
"48",1,1,0,1,1,0,0,0,NA,0,NA,0,0,0,0,NA,0,0,NA,0,0,0,0,NA,0,0,0,0,0,0,NA,0,0,0,NA,0,0,0,0,NA,0,NA,0,0,NA,0,0,0,0,0,0,0,NA,0,0,0,0,NA,0,0,0,0,NA,0,NA,NA,NA,0,NA,NA,NA,NA,NA,NA,NA,NA,NA,NA,NA,NA,NA,NA,NA,NA,NA,NA,NA
"49",1,1,0,1,0,0,0,0,NA,NA,NA,0,0,0,0,0,0,0,NA,0,0,0,0,0,0,0,0,0,0,0,NA,0,0,0,NA,0,0,NA,0,NA,0,0,0,0,NA,0,NA,0,0,0,0,0,NA,NA,0,NA,NA,NA,NA,NA,0,0,NA,0,NA,NA,0,0,NA,NA,NA,NA,NA,NA,NA,NA,NA,NA,NA,NA,NA,NA,NA,NA,NA,NA,NA
"50",1,0,1,0,0,1,0,0,NA,NA,NA,0,0,0,0,NA,0,0,0,0,NA,0,0,NA,0,0,0,0,0,0,NA,0,0,0,NA,0,0,0,0,NA,0,0,0,0,NA,0,0,0,0,0,0,0,NA,0,0,0,NA,NA,NA,0,0,0,NA,0,0,NA,NA,0,NA,NA,NA,NA,NA,NA,NA,NA,NA,NA,NA,NA,NA,NA,NA,NA,NA,NA,NA
"51",1,1,0,1,1,0,0,0,NA,0,NA,0,0,0,0,0,0,0,NA,0,0,0,0,0,0,0,0,0,0,0,NA,0,0,0,NA,0,0,NA,0,NA,0,NA,0,0,NA,0,NA,0,0,0,0,0,NA,NA,0,NA,NA,NA,NA,NA,0,0,NA,0,NA,NA,0,0,NA,NA,NA,NA,NA,NA,NA,NA,NA,NA,NA,NA,NA,NA,NA,NA,NA,NA,NA
"52",1,1,1,1,0,0,0,0,NA,NA,NA,0,0,0,0,NA,0,0,NA,0,0,0,0,NA,0,0,0,0,0,0,NA,0,0,0,NA,0,0,0,0,NA,0,0,0,0,NA,0,0,0,0,0,0,0,NA,0,0,0,0,NA,0,0,0,0,NA,0,0,NA,NA,0,NA,NA,NA,NA,NA,NA,NA,NA,NA,NA,NA,NA,NA,NA,NA,NA,NA,NA,NA
"53",1,1,0,0,0,0,0,0,NA,0,NA,0,0,0,0,0,0,0,0,0,0,0,0,NA,0,0,0,0,0,0,NA,0,0,0,NA,0,0,NA,0,NA,0,0,0,0,NA,0,NA,0,0,0,0,0,NA,NA,0,NA,NA,NA,NA,NA,0,0,NA,0,NA,NA,0,0,NA,NA,NA,NA,NA,NA,NA,NA,NA,NA,NA,NA,NA,NA,NA,NA,NA,NA,NA
"54",1,1,0,0,0,0,0,0,NA,NA,NA,0,0,0,0,NA,0,0,0,0,0,0,0,NA,0,0,0,0,0,0,NA,0,0,0,NA,0,0,0,0,NA,0,0,0,0,NA,0,0,0,0,0,0,0,NA,0,0,0,0,NA,0,0,0,0,NA,0,NA,NA,NA,0,NA,NA,NA,NA,NA,NA,NA,NA,NA,NA,NA,NA,NA,NA,NA,NA,NA,NA,NA
"55",1,1,1,0,0,1,0,0,NA,NA,NA,0,0,0,0,0,0,0,0,0,0,0,0,NA,0,0,0,0,0,0,NA,0,0,0,NA,0,0,NA,0,NA,0,0,0,0,NA,0,NA,0,0,0,0,0,NA,NA,0,NA,NA,NA,NA,NA,0,0,NA,0,0,NA,0,0,NA,NA,NA,NA,NA,NA,NA,NA,NA,NA,NA,NA,NA,NA,NA,NA,NA,NA,NA
"56",1,0,0,1,0,0,0,0,NA,0,NA,0,0,0,0,NA,0,0,NA,0,NA,0,0,0,0,0,0,0,0,0,NA,0,0,0,NA,0,0,0,0,NA,0,0,0,0,NA,0,0,0,0,0,0,0,NA,0,0,0,NA,NA,NA,0,0,0,NA,0,NA,NA,NA,0,NA,NA,NA,NA,NA,NA,NA,NA,NA,NA,NA,NA,NA,NA,NA,NA,NA,NA,NA
"57",1,0,1,1,0,1,0,0,NA,NA,NA,0,0,0,0,0,0,0,NA,0,NA,0,0,0,0,0,0,0,0,0,NA,0,0,0,NA,0,0,NA,0,NA,0,0,0,0,NA,0,NA,0,0,0,0,0,NA,NA,0,NA,NA,NA,NA,NA,0,0,NA,0,0,NA,0,0,NA,NA,NA,NA,NA,NA,NA,NA,NA,NA,NA,NA,NA,NA,NA,NA,NA,NA,NA
"58",1,1,0,0,1,0,0,0,NA,NA,NA,0,0,0,0,0,0,0,0,0,0,0,0,0,0,0,0,0,0,0,NA,0,0,0,NA,0,0,NA,0,NA,0,NA,0,0,NA,0,NA,0,0,0,0,0,NA,NA,0,NA,NA,NA,NA,NA,0,0,NA,0,NA,NA,0,0,NA,NA,NA,NA,NA,NA,NA,NA,NA,NA,NA,NA,NA,NA,NA,NA,NA,NA,NA
"59",1,1,1,0,1,0,0,0,NA,NA,NA,0,0,0,0,NA,0,0,0,0,NA,0,0,NA,0,0,0,0,0,0,NA,0,0,0,NA,0,0,0,0,NA,0,NA,0,0,NA,0,0,0,0,0,0,0,NA,0,0,0,0,NA,0,0,0,0,NA,0,0,NA,NA,0,NA,NA,NA,NA,NA,NA,NA,NA,NA,NA,NA,NA,NA,NA,NA,NA,NA,NA,NA
"60",1,1,1,1,0,1,0,0,NA,NA,NA,0,0,0,0,0,0,0,NA,0,0,0,0,0,0,0,0,0,0,0,NA,0,0,0,NA,0,0,NA,0,NA,0,0,0,0,NA,0,NA,0,0,0,0,0,NA,NA,0,NA,NA,NA,NA,NA,0,0,NA,0,0,NA,0,0,NA,NA,NA,NA,NA,NA,NA,NA,NA,NA,NA,NA,NA,NA,NA,NA,NA,NA,NA
"61",1,1,0,1,0,0,0,0,NA,0,NA,0,0,0,0,NA,0,0,NA,0,0,0,0,0,0,0,0,0,0,0,NA,0,0,0,NA,0,0,0,0,NA,0,0,0,0,NA,0,0,0,0,0,0,0,NA,0,0,0,NA,NA,NA,0,0,0,NA,0,NA,NA,NA,0,NA,NA,NA,NA,NA,NA,NA,NA,NA,NA,NA,NA,NA,NA,NA,NA,NA,NA,NA
"62",1,1,1,1,1,1,0,0,NA,0,NA,0,0,0,0,0,0,0,NA,0,0,0,0,NA,0,0,0,0,0,0,NA,0,0,0,NA,0,0,NA,0,NA,0,NA,0,0,NA,0,NA,0,0,0,0,0,NA,NA,0,NA,NA,NA,NA,NA,0,0,NA,0,0,NA,0,0,NA,NA,NA,NA,NA,NA,NA,NA,NA,NA,NA,NA,NA,NA,NA,NA,NA,NA,NA
"63",1,1,0,1,1,0,0,0,NA,NA,NA,0,0,0,0,NA,0,0,NA,0,NA,0,0,0,0,0,0,0,0,0,NA,0,0,0,NA,0,0,0,0,NA,0,NA,0,0,NA,0,0,0,0,0,0,0,NA,0,0,0,0,NA,0,0,0,0,NA,0,NA,NA,NA,0,NA,NA,NA,NA,NA,NA,NA,NA,NA,NA,NA,NA,NA,NA,NA,NA,NA,NA,NA
"64",1,1,1,0,1,0,0,0,NA,NA,NA,0,0,0,0,0,0,0,0,0,0,0,0,NA,0,0,0,0,0,0,NA,0,0,0,NA,0,0,NA,0,NA,0,NA,0,0,NA,0,NA,0,0,0,0,0,NA,NA,0,NA,0,NA,0,NA,0,0,NA,0,0,NA,0,0,NA,NA,NA,NA,NA,NA,NA,NA,NA,NA,NA,NA,NA,NA,NA,NA,NA,NA,NA
"65",1,1,0,1,1,0,0,NA,NA,NA,0,0,0,0,0,NA,0,0,NA,0,0,0,0,0,0,0,0,NA,0,0,0,0,0,0,0,0,0,0,0,NA,0,NA,0,0,NA,0,0,0,0,0,0,0,NA,0,0,0,0,NA,0,0,0,0,NA,0,NA,NA,NA,0,0,NA,NA,NA,NA,NA,NA,NA,NA,NA,NA,NA,NA,NA,NA,NA,NA,NA,NA
"66",1,0,0,1,0,0,0,0,NA,0,NA,0,0,0,0,0,0,0,NA,0,NA,0,0,NA,0,0,0,0,0,0,NA,0,0,0,NA,0,0,NA,0,NA,0,0,0,0,NA,0,NA,0,0,0,0,0,NA,NA,0,NA,0,NA,0,NA,0,0,NA,0,NA,NA,0,0,NA,NA,NA,NA,NA,NA,NA,NA,NA,NA,NA,NA,NA,NA,NA,NA,NA,NA,NA
"67",1,0,0,1,0,0,0,0,NA,NA,NA,0,0,0,0,NA,0,0,NA,0,NA,0,0,0,0,0,0,0,0,0,NA,0,0,0,NA,0,0,0,0,NA,0,0,0,0,NA,0,0,0,0,0,0,0,NA,0,0,0,0,NA,0,0,0,0,NA,0,NA,NA,NA,0,NA,NA,NA,NA,NA,NA,NA,NA,NA,NA,NA,NA,NA,NA,NA,NA,NA,NA,NA
"68",1,0,0,0,0,0,0,0,NA,NA,NA,0,0,0,0,NA,0,0,0,0,NA,0,0,0,0,0,0,0,0,0,NA,0,0,0,NA,0,0,0,0,NA,0,0,0,0,NA,0,0,0,0,0,0,0,NA,0,0,0,NA,NA,NA,0,0,0,NA,0,NA,NA,NA,0,NA,NA,NA,NA,NA,NA,NA,NA,NA,NA,NA,NA,NA,NA,NA,NA,NA,NA,NA
"69",1,1,0,1,0,0,0,0,NA,0,NA,0,0,0,0,0,0,0,NA,0,0,0,0,NA,0,0,0,0,0,0,NA,0,0,0,NA,0,0,NA,0,NA,0,0,0,0,NA,0,NA,0,0,0,0,0,NA,NA,0,NA,0,NA,0,NA,0,0,NA,0,NA,NA,0,0,NA,NA,NA,NA,NA,NA,NA,NA,NA,NA,NA,NA,NA,NA,NA,NA,NA,NA,NA
"70",1,0,1,0,0,0,0,0,NA,NA,NA,0,0,0,0,NA,0,0,0,0,NA,0,0,NA,0,0,0,0,0,0,NA,0,0,0,NA,0,0,0,0,NA,0,0,0,0,NA,0,0,0,0,0,0,0,NA,0,0,0,0,NA,0,0,0,0,NA,0,0,NA,NA,0,NA,NA,NA,NA,NA,NA,NA,NA,NA,NA,NA,NA,NA,NA,NA,NA,NA,NA,NA
"71",1,0,1,1,0,1,0,0,NA,0,NA,0,0,0,0,0,0,0,NA,0,NA,0,0,NA,0,0,0,0,0,0,NA,0,0,0,NA,0,0,NA,0,NA,0,0,0,0,NA,0,NA,0,0,0,0,0,NA,NA,0,NA,NA,NA,NA,NA,0,0,NA,0,0,NA,0,0,NA,NA,NA,NA,NA,NA,NA,NA,NA,NA,NA,NA,NA,NA,NA,NA,NA,NA,NA
"72",1,1,0,0,0,0,0,0,NA,NA,NA,0,0,0,0,NA,0,0,0,0,0,0,0,0,0,0,0,0,0,0,NA,0,0,0,NA,0,0,0,0,NA,0,0,0,0,NA,0,0,0,0,0,0,0,NA,0,0,0,NA,NA,NA,0,0,0,NA,0,NA,NA,NA,0,NA,NA,NA,NA,NA,NA,NA,NA,NA,NA,NA,NA,NA,NA,NA,NA,NA,NA,NA
"73",1,1,1,1,0,1,0,0,NA,0,NA,0,0,0,0,0,0,0,NA,0,0,0,0,NA,0,0,0,0,0,0,NA,0,0,0,NA,0,0,NA,0,NA,0,0,0,0,NA,0,NA,0,0,0,0,0,NA,NA,0,NA,NA,NA,NA,NA,0,0,NA,0,0,NA,0,0,NA,NA,NA,NA,NA,NA,NA,NA,NA,NA,NA,NA,NA,NA,NA,NA,NA,NA,NA
"74",1,1,1,0,0,0,0,0,NA,NA,NA,0,0,0,0,NA,0,0,0,0,0,0,0,NA,0,0,0,0,0,0,NA,0,0,0,NA,0,0,0,0,NA,0,0,0,0,NA,0,0,0,0,0,0,0,NA,0,0,0,0,NA,0,0,0,0,NA,0,0,NA,NA,0,NA,NA,NA,NA,NA,NA,NA,NA,NA,NA,NA,NA,NA,NA,NA,NA,NA,NA,NA
"75",1,1,0,1,0,0,0,0,NA,NA,NA,0,0,0,0,0,0,0,NA,0,0,0,0,0,0,0,0,0,0,0,NA,0,0,0,NA,0,0,NA,0,NA,0,0,0,0,NA,0,NA,0,0,0,0,0,NA,NA,0,NA,0,NA,0,NA,0,0,NA,0,NA,NA,0,0,NA,NA,NA,NA,NA,NA,NA,NA,NA,NA,NA,NA,NA,NA,NA,NA,NA,NA,NA
"76",1,1,1,1,1,0,0,0,NA,0,NA,0,0,0,0,0,0,0,NA,0,NA,0,0,NA,0,0,0,0,0,0,NA,0,0,0,NA,0,0,NA,0,NA,0,NA,0,0,NA,0,NA,0,0,0,0,0,NA,NA,0,NA,0,NA,0,NA,0,0,NA,0,0,NA,0,0,NA,NA,NA,NA,NA,NA,NA,NA,NA,NA,NA,NA,NA,NA,NA,NA,NA,NA,NA
"77",1,1,0,0,1,0,0,0,NA,NA,NA,0,0,0,0,NA,0,0,0,0,NA,0,0,0,0,0,0,0,0,0,NA,0,0,0,NA,0,0,0,0,NA,0,NA,0,0,NA,0,0,0,0,0,0,0,NA,0,0,0,0,NA,0,0,0,0,NA,0,NA,NA,NA,0,NA,NA,NA,NA,NA,NA,NA,NA,NA,NA,NA,NA,NA,NA,NA,NA,NA,NA,NA
"78",1,1,0,1,1,0,0,0,NA,0,NA,0,0,0,0,NA,0,0,NA,0,NA,0,0,0,0,0,0,0,0,0,NA,0,0,0,NA,0,0,0,0,NA,0,NA,0,0,NA,0,0,0,0,0,0,0,NA,0,0,0,0,NA,0,0,0,0,NA,0,NA,NA,NA,0,NA,NA,NA,NA,NA,NA,NA,NA,NA,NA,NA,NA,NA,NA,NA,NA,NA,NA,NA
"79",1,1,0,0,1,0,0,0,NA,NA,NA,0,0,0,0,NA,0,0,0,0,0,0,0,0,0,0,0,0,0,0,NA,0,0,0,NA,0,0,0,0,NA,0,NA,0,0,NA,0,0,0,0,0,0,0,NA,0,0,0,0,NA,0,0,0,0,NA,0,NA,NA,NA,0,NA,NA,NA,NA,NA,NA,NA,NA,NA,NA,NA,NA,NA,NA,NA,NA,NA,NA,NA
"80",1,0,0,0,0,0,0,0,NA,NA,NA,0,0,0,0,0,0,0,0,0,NA,0,0,0,0,0,0,0,0,0,NA,0,0,0,NA,0,0,NA,0,NA,0,0,0,0,NA,0,NA,0,0,0,0,0,NA,NA,0,NA,0,NA,0,NA,0,0,NA,0,NA,NA,0,0,NA,NA,NA,NA,NA,NA,NA,NA,NA,NA,NA,NA,NA,NA,NA,NA,NA,NA,NA
"81",1,1,1,1,1,0,0,0,NA,0,NA,0,0,0,0,NA,0,0,NA,0,0,0,0,NA,0,0,0,0,0,0,NA,0,0,0,NA,0,0,0,0,NA,0,NA,0,0,NA,0,0,0,0,0,0,0,NA,0,0,0,0,NA,0,0,0,0,NA,0,0,NA,NA,0,NA,NA,NA,NA,NA,NA,NA,NA,NA,NA,NA,NA,NA,NA,NA,NA,NA,NA,NA
"82",1,1,0,0,0,0,0,0,NA,NA,NA,0,0,0,0,0,0,0,0,0,0,0,0,0,0,0,0,0,0,0,NA,0,0,0,NA,0,0,NA,0,NA,0,0,0,0,NA,0,NA,0,0,0,0,0,NA,NA,0,NA,0,NA,0,NA,0,0,NA,0,NA,NA,0,0,NA,NA,NA,NA,NA,NA,NA,NA,NA,NA,NA,NA,NA,NA,NA,NA,NA,NA,NA
"83",1,0,1,1,0,0,0,0,NA,0,NA,0,0,0,0,NA,0,0,NA,0,NA,0,0,NA,0,0,0,0,0,0,NA,0,0,0,NA,0,0,0,0,NA,0,0,0,0,NA,0,0,0,0,0,0,0,NA,0,0,0,0,NA,0,0,0,0,NA,0,0,NA,NA,0,NA,NA,NA,NA,NA,NA,NA,NA,NA,NA,NA,NA,NA,NA,NA,NA,NA,NA,NA
"84",1,1,1,1,1,0,0,0,NA,NA,NA,0,0,0,0,NA,0,0,NA,0,NA,0,0,0,0,0,0,0,0,0,NA,0,0,0,NA,0,0,0,0,NA,0,NA,0,0,NA,0,0,0,0,0,0,0,NA,0,0,0,0,NA,0,0,0,0,NA,0,0,NA,NA,0,NA,NA,NA,NA,NA,NA,NA,NA,NA,NA,NA,NA,NA,NA,NA,NA,NA,NA,NA
"85",1,1,0,0,1,0,0,0,NA,0,NA,0,0,0,0,0,0,0,0,0,NA,0,0,NA,0,0,0,0,0,0,NA,0,0,0,NA,0,0,NA,0,NA,0,NA,0,0,NA,0,NA,0,0,0,0,0,NA,NA,0,NA,0,NA,0,NA,0,0,NA,0,NA,NA,0,0,NA,NA,NA,NA,NA,NA,NA,NA,NA,NA,NA,NA,NA,NA,NA,NA,NA,NA,NA
"86",1,1,1,1,0,0,0,0,NA,0,NA,0,0,0,0,NA,0,0,NA,0,0,0,0,NA,0,0,0,0,0,0,NA,0,0,0,NA,0,0,0,0,NA,0,0,0,0,NA,0,0,0,0,0,0,0,NA,0,0,0,0,NA,0,0,0,0,NA,0,0,NA,NA,0,NA,NA,NA,NA,NA,NA,NA,NA,NA,NA,NA,NA,NA,NA,NA,NA,NA,NA,NA
"87",1,1,1,1,1,0,0,0,NA,NA,NA,0,0,0,0,0,0,0,NA,0,0,0,0,0,0,0,0,0,0,0,NA,0,0,0,NA,0,0,NA,0,NA,0,NA,0,0,NA,0,NA,0,0,0,0,0,NA,NA,0,NA,0,NA,0,NA,0,0,NA,0,0,NA,0,0,NA,NA,NA,NA,NA,NA,NA,NA,NA,NA,NA,NA,NA,NA,NA,NA,NA,NA,NA
"88",1,1,0,1,1,0,0,0,NA,0,NA,0,0,0,0,NA,0,0,NA,0,0,0,0,0,0,0,0,0,0,0,NA,0,0,0,NA,0,0,0,0,NA,0,NA,0,0,NA,0,0,0,0,0,0,0,NA,0,0,0,0,NA,0,0,0,0,NA,0,NA,NA,NA,0,NA,NA,NA,NA,NA,NA,NA,NA,NA,NA,NA,NA,NA,NA,NA,NA,NA,NA,NA
"89",1,1,0,0,1,0,0,0,NA,0,NA,0,0,0,0,NA,0,0,0,0,0,0,0,NA,0,0,0,0,0,0,NA,0,0,0,NA,0,0,0,0,NA,0,NA,0,0,NA,0,0,0,0,0,0,0,NA,0,0,0,0,NA,0,0,0,0,NA,0,NA,NA,NA,0,NA,NA,NA,NA,NA,NA,NA,NA,NA,NA,NA,NA,NA,NA,NA,NA,NA,NA,NA
"90",1,0,1,1,0,0,0,0,NA,NA,NA,0,0,0,0,0,0,0,NA,0,NA,0,0,0,0,0,0,0,0,0,NA,0,0,0,NA,0,0,NA,0,NA,0,0,0,0,NA,0,NA,0,0,0,0,0,NA,NA,0,NA,0,NA,0,NA,0,0,NA,0,0,NA,0,0,NA,NA,NA,NA,NA,NA,NA,NA,NA,NA,NA,NA,NA,NA,NA,NA,NA,NA,NA
"91",1,0,0,0,0,0,0,0,NA,0,NA,0,0,0,0,NA,0,0,0,0,NA,0,0,NA,0,0,0,0,0,0,NA,0,0,0,NA,0,0,0,0,NA,0,0,0,0,NA,0,0,0,0,0,0,0,NA,0,0,0,0,NA,0,0,0,0,NA,0,NA,NA,NA,0,NA,NA,NA,NA,NA,NA,NA,NA,NA,NA,NA,NA,NA,NA,NA,NA,NA,NA,NA
"92",1,1,1,1,0,0,0,0,NA,NA,NA,0,0,0,0,0,0,0,NA,0,0,0,0,0,0,0,0,0,0,0,NA,0,0,0,NA,0,0,NA,0,NA,0,0,0,0,NA,0,NA,0,0,0,0,0,NA,NA,0,NA,0,NA,0,NA,0,0,NA,0,0,NA,0,0,NA,NA,NA,NA,NA,NA,NA,NA,NA,NA,NA,NA,NA,NA,NA,NA,NA,NA,NA
"93",1,1,0,0,0,0,0,0,NA,0,NA,0,0,0,0,NA,0,0,0,0,0,0,0,NA,0,0,0,0,0,0,NA,0,0,0,NA,0,0,0,0,NA,0,0,0,0,NA,0,0,0,0,0,0,0,NA,0,0,0,0,NA,0,0,0,0,NA,0,NA,NA,NA,0,NA,NA,NA,NA,NA,NA,NA,NA,NA,NA,NA,NA,NA,NA,NA,NA,NA,NA,NA
"94",1,1,1,0,1,1,0,0,NA,NA,NA,0,0,0,0,0,0,0,0,0,NA,0,0,0,0,0,0,0,0,0,NA,0,0,0,NA,0,0,NA,0,NA,0,NA,0,0,NA,0,NA,0,0,0,0,0,NA,NA,0,NA,NA,NA,NA,NA,0,0,NA,0,0,NA,0,0,NA,NA,NA,NA,NA,NA,NA,NA,NA,NA,NA,NA,NA,NA,NA,NA,NA,NA,NA
"95",1,0,0,1,0,0,0,0,NA,0,NA,0,0,0,0,NA,0,0,NA,0,NA,0,0,0,0,0,0,0,0,0,NA,0,0,0,NA,0,0,0,0,NA,0,0,0,0,NA,0,0,0,0,0,0,0,NA,0,0,0,0,NA,0,0,0,0,NA,0,NA,NA,NA,0,NA,NA,NA,NA,NA,NA,NA,NA,NA,NA,NA,NA,NA,NA,NA,NA,NA,NA,NA
"96",1,1,1,0,1,1,0,0,NA,NA,NA,0,0,0,0,0,0,0,0,0,0,0,0,0,0,0,0,0,0,0,NA,0,0,0,NA,0,0,NA,0,NA,0,NA,0,0,NA,0,NA,0,0,0,0,0,NA,NA,0,NA,NA,NA,NA,NA,0,0,NA,0,0,NA,0,0,NA,NA,NA,NA,NA,NA,NA,NA,NA,NA,NA,NA,NA,NA,NA,NA,NA,NA,NA
"97",1,1,0,1,0,0,0,0,NA,0,NA,0,0,0,0,0,0,0,NA,0,0,0,0,0,0,0,0,0,0,0,NA,0,0,0,NA,0,0,NA,0,NA,0,0,0,0,NA,0,NA,0,0,0,0,0,NA,NA,0,NA,0,NA,0,NA,0,0,NA,0,NA,NA,0,0,NA,NA,NA,NA,NA,NA,NA,NA,NA,NA,NA,NA,NA,NA,NA,NA,NA,NA,NA
"98",1,0,1,0,0,1,0,0,NA,NA,NA,0,0,0,0,NA,0,0,0,0,NA,0,0,0,0,0,0,0,0,0,NA,0,0,0,NA,0,0,0,0,NA,0,0,0,0,NA,0,0,0,0,0,0,0,NA,0,0,0,NA,NA,NA,0,0,0,NA,0,0,NA,NA,0,NA,NA,NA,NA,NA,NA,NA,NA,NA,NA,NA,NA,NA,NA,NA,NA,NA,NA,NA
"99",1,1,0,NA,1,0,0,0,0,0,NA,0,0,0,0,0,0,0,0,NA,0,0,0,NA,0,0,0,0,0,0,NA,0,0,0,NA,0,0,NA,0,0,0,NA,0,0,0,0,NA,0,0,0,0,0,NA,NA,0,NA,NA,NA,NA,0,0,0,NA,0,NA,0,0,0,NA,NA,NA,NA,NA,NA,NA,NA,NA,NA,NA,NA,NA,NA,NA,NA,NA,NA,NA
"100",1,1,0,NA,0,0,0,0,0,0,NA,0,0,0,0,0,0,0,0,NA,0,0,0,NA,0,0,0,0,0,0,NA,0,0,0,NA,0,0,NA,0,0,0,0,0,0,0,0,NA,0,0,0,0,0,NA,NA,0,NA,NA,NA,NA,0,0,0,NA,0,NA,0,0,0,NA,NA,NA,NA,NA,NA,NA,NA,NA,NA,NA,NA,NA,NA,NA,NA,NA,NA,NA
"101",1,1,0,NA,1,0,0,0,0,0,NA,0,0,0,0,0,0,0,0,NA,NA,0,0,NA,0,0,0,0,0,0,NA,0,0,0,NA,0,0,NA,0,0,0,NA,0,0,0,0,NA,0,0,0,0,0,NA,NA,0,NA,0,NA,0,0,0,0,NA,0,NA,0,0,0,NA,NA,NA,NA,NA,NA,NA,NA,NA,NA,NA,NA,NA,NA,NA,NA,NA,NA,NA
"102",1,1,0,NA,1,0,0,0,0,0,NA,0,0,0,0,NA,0,0,0,NA,0,0,0,NA,0,0,0,0,0,0,NA,0,0,0,NA,0,0,0,0,0,0,NA,0,0,0,0,0,0,0,0,0,0,NA,0,0,0,0,NA,0,0,0,0,NA,0,NA,0,NA,0,NA,NA,NA,NA,NA,NA,NA,NA,NA,NA,NA,NA,NA,NA,NA,NA,NA,NA,NA
"103",1,1,1,1,1,1,0,0,NA,0,NA,0,0,0,0,0,0,0,NA,0,NA,0,0,0,0,0,0,0,0,0,NA,0,0,0,NA,0,0,NA,0,NA,0,NA,0,0,NA,0,NA,0,0,0,0,0,NA,NA,0,NA,NA,NA,NA,NA,0,0,NA,0,0,NA,0,0,NA,NA,NA,NA,NA,NA,NA,NA,NA,NA,NA,NA,NA,NA,NA,NA,NA,NA,NA
"104",1,1,1,0,1,1,0,0,NA,0,NA,0,0,0,0,NA,0,0,0,0,0,0,0,NA,0,0,0,0,0,0,NA,0,0,0,NA,0,0,0,0,NA,0,NA,0,0,NA,0,0,0,0,0,0,0,NA,0,0,0,NA,NA,NA,0,0,0,NA,0,0,NA,NA,0,NA,NA,NA,NA,NA,NA,NA,NA,NA,NA,NA,NA,NA,NA,NA,NA,NA,NA,NA
"105",1,0,0,NA,0,0,0,0,0,0,NA,0,0,0,0,0,0,0,0,NA,NA,0,0,NA,0,0,0,0,0,0,NA,0,0,0,NA,0,0,NA,0,0,0,0,0,0,0,0,NA,0,0,0,0,0,NA,NA,0,NA,0,NA,0,0,0,0,NA,0,NA,0,0,0,NA,NA,NA,NA,NA,NA,NA,NA,NA,NA,NA,NA,NA,NA,NA,NA,NA,NA,NA
"106",1,1,0,NA,0,0,0,0,0,0,NA,0,0,0,0,NA,0,0,0,NA,0,0,0,NA,0,0,0,0,0,0,NA,0,0,0,NA,0,0,0,0,0,0,0,0,0,0,0,0,0,0,0,0,0,NA,0,0,0,0,NA,0,0,0,0,NA,0,NA,0,NA,0,NA,NA,NA,NA,NA,NA,NA,NA,NA,NA,NA,NA,NA,NA,NA,NA,NA,NA,NA
"107",1,1,0,0,1,0,0,0,NA,0,NA,0,0,0,0,NA,0,0,0,0,NA,0,0,0,0,0,0,0,0,0,NA,0,0,0,NA,0,0,0,0,NA,0,NA,0,0,NA,0,0,0,0,0,0,0,NA,0,0,0,NA,NA,NA,0,0,0,NA,0,NA,NA,NA,0,NA,NA,NA,NA,NA,NA,NA,NA,NA,NA,NA,NA,NA,NA,NA,NA,NA,NA,NA
"108",1,0,1,0,0,1,0,0,NA,0,NA,0,0,0,0,0,0,0,0,0,NA,0,0,NA,0,0,0,0,0,0,NA,0,0,0,NA,0,0,NA,0,NA,0,0,0,0,NA,0,NA,0,0,0,0,0,NA,NA,0,NA,NA,NA,NA,NA,0,0,NA,0,0,NA,0,0,NA,NA,NA,NA,NA,NA,NA,NA,NA,NA,NA,NA,NA,NA,NA,NA,NA,NA,NA
"109",1,1,0,0,1,0,0,0,NA,0,NA,0,0,0,0,NA,0,0,0,0,0,0,0,0,0,0,0,0,0,0,NA,0,0,0,NA,0,0,0,0,NA,0,NA,0,0,NA,0,0,0,0,0,0,0,NA,0,0,0,NA,NA,NA,0,0,0,NA,0,NA,NA,NA,0,NA,NA,NA,NA,NA,NA,NA,NA,NA,NA,NA,NA,NA,NA,NA,NA,NA,NA,NA
"110",1,0,0,0,0,0,0,0,NA,0,NA,0,0,0,0,0,0,0,0,0,NA,0,0,0,0,0,0,0,0,0,NA,0,0,0,NA,0,0,NA,0,NA,0,0,0,0,NA,0,NA,0,0,0,0,0,NA,NA,0,NA,NA,NA,NA,NA,0,0,NA,0,NA,NA,0,0,NA,NA,NA,NA,NA,NA,NA,NA,NA,NA,NA,NA,NA,NA,NA,NA,NA,NA,NA
"111",1,1,1,0,0,1,0,0,NA,0,NA,0,0,0,0,0,0,0,0,0,0,0,0,NA,0,0,0,0,0,0,NA,0,0,0,NA,0,0,NA,0,NA,0,0,0,0,NA,0,NA,0,0,0,0,0,NA,NA,0,NA,NA,NA,NA,NA,0,0,NA,0,0,NA,0,0,NA,NA,NA,NA,NA,NA,NA,NA,NA,NA,NA,NA,NA,NA,NA,NA,NA,NA,NA
"112",1,1,1,0,1,0,0,0,NA,0,NA,0,0,0,0,NA,0,0,0,0,NA,0,0,NA,0,0,0,0,0,0,NA,0,0,0,NA,0,0,0,0,NA,0,NA,0,0,NA,0,0,0,0,0,0,0,NA,0,0,0,0,NA,0,0,0,0,NA,0,0,NA,NA,0,NA,NA,NA,NA,NA,NA,NA,NA,NA,NA,NA,NA,NA,NA,NA,NA,NA,NA,NA
"113",1,1,0,0,0,0,0,0,NA,0,NA,0,0,0,0,NA,0,0,0,0,0,0,0,0,0,0,0,0,0,0,NA,0,0,0,NA,0,0,0,0,NA,0,0,0,0,NA,0,0,0,0,0,0,0,NA,0,0,0,NA,NA,NA,0,0,0,NA,0,NA,NA,NA,0,NA,NA,NA,NA,NA,NA,NA,NA,NA,NA,NA,NA,NA,NA,NA,NA,NA,NA,NA
"114",1,1,0,0,1,0,0,0,NA,0,NA,0,0,0,0,0,0,0,0,0,NA,0,0,0,0,0,0,0,0,0,NA,0,0,0,NA,0,0,NA,0,NA,0,NA,0,0,NA,0,NA,0,0,0,0,0,NA,NA,0,NA,0,NA,0,NA,0,0,NA,0,NA,NA,0,0,NA,NA,NA,NA,NA,NA,NA,NA,NA,NA,NA,NA,NA,NA,NA,NA,NA,NA,NA
"115",1,1,1,0,1,0,0,0,NA,0,NA,0,0,0,0,0,0,0,0,0,0,0,0,NA,0,0,0,0,0,0,NA,0,0,0,NA,0,0,NA,0,NA,0,NA,0,0,NA,0,NA,0,0,0,0,0,NA,NA,0,NA,0,NA,0,NA,0,0,NA,0,0,NA,0,0,NA,NA,NA,NA,NA,NA,NA,NA,NA,NA,NA,NA,NA,NA,NA,NA,NA,NA,NA
"116",1,1,0,0,1,0,0,0,NA,0,NA,0,0,0,0,NA,0,0,0,0,0,0,0,0,0,0,0,0,0,0,NA,0,0,0,NA,0,0,0,0,NA,0,NA,0,0,NA,0,0,0,0,0,0,0,NA,0,0,0,0,NA,0,0,0,0,NA,0,NA,NA,NA,0,NA,NA,NA,NA,NA,NA,NA,NA,NA,NA,NA,NA,NA,NA,NA,NA,NA,NA,NA
"117",1,0,0,0,0,0,0,0,NA,0,NA,0,0,0,0,NA,0,0,0,0,NA,0,0,0,0,0,0,0,0,0,NA,0,0,0,NA,0,0,0,0,NA,0,0,0,0,NA,0,0,0,0,0,0,0,NA,0,0,0,0,NA,0,0,0,0,NA,0,NA,NA,NA,0,NA,NA,NA,NA,NA,NA,NA,NA,NA,NA,NA,NA,NA,NA,NA,NA,NA,NA,NA
"118",1,0,1,0,0,0,0,0,NA,0,NA,0,0,0,0,0,0,0,0,0,NA,0,0,NA,0,0,0,0,0,0,NA,0,0,0,NA,0,0,NA,0,NA,0,0,0,0,NA,0,NA,0,0,0,0,0,NA,NA,0,NA,0,NA,0,NA,0,0,NA,0,0,NA,0,0,NA,NA,NA,NA,NA,NA,NA,NA,NA,NA,NA,NA,NA,NA,NA,NA,NA,NA,NA
"119",1,1,0,0,0,0,0,0,NA,0,NA,0,0,0,0,NA,0,0,0,0,0,0,0,0,0,0,0,0,0,0,NA,0,0,0,NA,0,0,0,0,NA,0,0,0,0,NA,0,0,0,0,0,0,0,NA,0,0,0,0,NA,0,0,0,0,NA,0,NA,NA,NA,0,NA,NA,NA,NA,NA,NA,NA,NA,NA,NA,NA,NA,NA,NA,NA,NA,NA,NA,NA
"120",1,1,1,0,0,0,0,0,NA,0,NA,0,0,0,0,0,0,0,0,0,0,0,0,NA,0,0,0,0,0,0,NA,0,0,0,NA,0,0,NA,0,NA,0,0,0,0,NA,0,NA,0,0,0,0,0,NA,NA,0,NA,0,NA,0,NA,0,0,NA,0,0,NA,0,0,NA,NA,NA,NA,NA,NA,NA,NA,NA,NA,NA,NA,NA,NA,NA,NA,NA,NA,NA
"121",1,1,0,NA,1,0,0,0,0,0,NA,0,0,0,0,NA,0,0,0,NA,NA,0,0,0,0,0,0,0,0,0,NA,0,0,0,NA,0,0,0,0,0,0,NA,0,0,0,0,0,0,0,0,0,0,NA,0,0,0,NA,NA,NA,0,0,0,NA,0,NA,0,NA,0,NA,NA,NA,NA,NA,NA,NA,NA,NA,NA,NA,NA,NA,NA,NA,NA,NA,NA,NA
"122",1,1,1,1,1,1,0,0,NA,0,NA,0,0,0,0,0,0,0,NA,0,0,0,0,0,0,0,0,0,0,0,NA,0,0,0,NA,0,0,NA,0,NA,0,NA,0,0,NA,0,NA,0,0,0,0,0,NA,NA,0,NA,NA,NA,NA,NA,0,0,NA,0,0,NA,0,0,NA,NA,NA,NA,NA,NA,NA,NA,NA,NA,NA,NA,NA,NA,NA,NA,NA,NA,NA
"123",1,1,0,NA,1,0,0,0,0,0,NA,0,0,0,0,NA,0,0,0,NA,0,0,0,0,0,0,0,0,0,0,NA,0,0,0,NA,0,0,0,0,0,0,NA,0,0,0,0,0,0,0,0,0,0,NA,0,0,0,NA,NA,NA,0,0,0,NA,0,NA,0,NA,0,NA,NA,NA,NA,NA,NA,NA,NA,NA,NA,NA,NA,NA,NA,NA,NA,NA,NA,NA
"124",1,0,1,1,0,1,0,0,NA,0,NA,0,0,0,0,0,0,0,NA,0,NA,0,0,0,0,0,0,0,0,0,NA,0,0,0,NA,0,0,NA,0,NA,0,0,0,0,NA,0,NA,0,0,0,0,0,NA,NA,0,NA,NA,NA,NA,NA,0,0,NA,0,0,NA,0,0,NA,NA,NA,NA,NA,NA,NA,NA,NA,NA,NA,NA,NA,NA,NA,NA,NA,NA,NA
"125",1,0,0,NA,0,0,0,0,0,0,NA,0,0,0,0,NA,0,0,0,NA,NA,0,0,0,0,0,0,0,0,0,NA,0,0,0,NA,0,0,0,0,0,0,0,0,0,0,0,0,0,0,0,0,0,NA,0,0,0,NA,NA,NA,0,0,0,NA,0,NA,0,NA,0,NA,NA,NA,NA,NA,NA,NA,NA,NA,NA,NA,NA,NA,NA,NA,NA,NA,NA,NA
"126",1,1,1,1,0,1,0,0,NA,0,NA,0,0,0,0,0,0,0,NA,0,0,0,0,0,0,0,0,0,0,0,NA,0,0,0,NA,0,0,NA,0,NA,0,0,0,0,NA,0,NA,0,0,0,0,0,NA,NA,0,NA,NA,NA,NA,NA,0,0,NA,0,0,NA,0,0,NA,NA,NA,NA,NA,NA,NA,NA,NA,NA,NA,NA,NA,NA,NA,NA,NA,NA,NA
"127",1,1,0,NA,0,0,0,0,0,0,NA,0,0,0,0,NA,0,0,0,NA,0,0,0,0,0,0,0,0,0,0,NA,0,0,0,NA,0,0,0,0,0,0,0,0,0,0,0,0,0,0,0,0,0,NA,0,0,0,NA,NA,NA,0,0,0,NA,0,NA,0,NA,0,NA,NA,NA,NA,NA,NA,NA,NA,NA,NA,NA,NA,NA,NA,NA,NA,NA,NA,NA
"128",1,1,1,1,1,0,0,0,NA,0,NA,0,0,0,0,0,0,0,NA,0,NA,0,0,0,0,0,0,0,0,0,NA,0,0,0,NA,0,0,NA,0,NA,0,NA,0,0,NA,0,NA,0,0,0,0,0,NA,NA,0,NA,0,NA,0,NA,0,0,NA,0,0,NA,0,0,NA,NA,NA,NA,NA,NA,NA,NA,NA,NA,NA,NA,NA,NA,NA,NA,NA,NA,NA
"129",1,1,0,NA,1,0,0,0,0,0,NA,0,0,0,0,NA,0,0,0,NA,NA,0,0,0,0,0,0,0,0,0,NA,0,0,0,NA,0,0,0,0,0,0,NA,0,0,0,0,0,0,0,0,0,0,NA,0,0,0,0,NA,0,0,0,0,NA,0,NA,0,NA,0,NA,NA,NA,NA,NA,NA,NA,NA,NA,NA,NA,NA,NA,NA,NA,NA,NA,NA,NA
"130",1,1,1,1,1,0,0,0,NA,0,NA,0,0,0,0,0,0,0,NA,0,0,0,0,0,0,0,0,0,0,0,NA,0,0,0,NA,0,0,NA,0,NA,0,NA,0,0,NA,0,NA,0,0,0,0,0,NA,NA,0,NA,0,NA,0,NA,0,0,NA,0,0,NA,0,0,NA,NA,NA,NA,NA,NA,NA,NA,NA,NA,NA,NA,NA,NA,NA,NA,NA,NA,NA
"131",1,1,0,NA,1,0,0,0,0,0,NA,0,0,0,0,NA,0,0,0,NA,0,0,0,0,0,0,0,0,0,0,NA,0,0,0,NA,0,0,0,0,0,0,NA,0,0,0,0,0,0,0,0,0,0,NA,0,0,0,0,NA,0,0,0,0,NA,0,NA,0,NA,0,NA,NA,NA,NA,NA,NA,NA,NA,NA,NA,NA,NA,NA,NA,NA,NA,NA,NA,NA
"132",1,0,1,1,0,0,0,0,NA,0,NA,0,0,0,0,0,0,0,NA,0,NA,0,0,0,0,0,0,0,0,0,NA,0,0,0,NA,0,0,NA,0,NA,0,0,0,0,NA,0,NA,0,0,0,0,0,NA,NA,0,NA,0,NA,0,NA,0,0,NA,0,0,NA,0,0,NA,NA,NA,NA,NA,NA,NA,NA,NA,NA,NA,NA,NA,NA,NA,NA,NA,NA,NA
"133",1,0,0,NA,0,0,0,0,0,0,NA,0,0,0,0,NA,0,0,0,NA,NA,0,0,0,0,0,0,0,0,0,NA,0,0,0,NA,0,0,0,0,0,0,0,0,0,0,0,0,0,0,0,0,0,NA,0,0,0,0,NA,0,0,0,0,NA,0,NA,0,NA,0,NA,NA,NA,NA,NA,NA,NA,NA,NA,NA,NA,NA,NA,NA,NA,NA,NA,NA,NA
"134",1,1,1,1,0,0,0,0,NA,0,NA,0,0,0,0,0,0,0,NA,0,0,0,0,0,0,0,0,0,0,0,NA,0,0,0,NA,0,0,NA,0,NA,0,0,0,0,NA,0,NA,0,0,0,0,0,NA,NA,0,NA,0,NA,0,NA,0,0,NA,0,0,NA,0,0,NA,NA,NA,NA,NA,NA,NA,NA,NA,NA,NA,NA,NA,NA,NA,NA,NA,NA,NA
"135",1,1,0,NA,0,0,0,0,0,0,NA,0,0,0,0,0,0,0,0,NA,0,0,0,0,0,0,0,0,0,0,NA,0,0,0,NA,0,0,NA,0,0,0,0,0,0,0,0,NA,0,0,0,0,0,NA,NA,0,NA,0,NA,0,0,0,0,NA,0,NA,0,0,0,NA,NA,NA,NA,NA,NA,NA,NA,NA,NA,NA,NA,NA,NA,NA,NA,NA,NA,NA
"136",1,1,1,0,0,1,0,0,NA,NA,NA,0,0,0,0,NA,0,0,0,0,0,0,0,0,0,0,0,0,0,0,NA,0,0,0,NA,0,0,0,0,NA,0,0,0,0,NA,0,0,0,0,0,0,0,NA,0,0,0,NA,NA,NA,0,0,0,NA,0,0,NA,NA,0,NA,NA,NA,NA,NA,NA,NA,NA,NA,NA,NA,NA,NA,NA,NA,NA,NA,NA,NA
"137",1,1,1,NA,1,0,0,0,0,0,NA,0,0,0,0,0,0,0,0,NA,NA,0,0,NA,0,0,0,0,0,0,NA,0,0,0,NA,0,0,NA,0,0,0,NA,0,0,0,0,NA,0,0,0,0,0,NA,NA,0,NA,NA,NA,NA,0,0,0,NA,0,0,0,0,0,NA,NA,NA,NA,NA,NA,NA,NA,NA,NA,NA,NA,NA,NA,NA,NA,NA,NA,NA
"138",1,1,1,0,1,0,0,0,NA,NA,NA,0,0,0,0,NA,0,0,0,0,NA,0,0,0,0,0,0,0,0,0,NA,0,0,0,NA,0,0,0,0,NA,0,NA,0,0,NA,0,0,0,0,0,0,0,NA,0,0,0,0,NA,0,0,0,0,NA,0,0,NA,NA,0,NA,NA,NA,NA,NA,NA,NA,NA,NA,NA,NA,NA,NA,NA,NA,NA,NA,NA,NA
"139",1,1,1,NA,1,0,0,0,0,0,NA,0,0,0,0,0,0,0,0,NA,0,0,0,NA,0,0,0,0,0,0,NA,0,0,0,NA,0,0,NA,0,0,0,NA,0,0,0,0,NA,0,0,0,0,0,NA,NA,0,NA,NA,NA,NA,0,0,0,NA,0,0,0,0,0,NA,NA,NA,NA,NA,NA,NA,NA,NA,NA,NA,NA,NA,NA,NA,NA,NA,NA,NA
"140",1,1,1,0,1,0,0,0,NA,NA,NA,0,0,0,0,NA,0,0,0,0,0,0,0,0,0,0,0,0,0,0,NA,0,0,0,NA,0,0,0,0,NA,0,NA,0,0,NA,0,0,0,0,0,0,0,NA,0,0,0,0,NA,0,0,0,0,NA,0,0,NA,NA,0,NA,NA,NA,NA,NA,NA,NA,NA,NA,NA,NA,NA,NA,NA,NA,NA,NA,NA,NA
"141",1,0,1,NA,0,0,0,0,0,0,NA,0,0,0,0,0,0,0,0,NA,NA,0,0,NA,0,0,0,0,0,0,NA,0,0,0,NA,0,0,NA,0,0,0,0,0,0,0,0,NA,0,0,0,0,0,NA,NA,0,NA,NA,NA,NA,0,0,0,NA,0,0,0,0,0,NA,NA,NA,NA,NA,NA,NA,NA,NA,NA,NA,NA,NA,NA,NA,NA,NA,NA,NA
"142",1,0,1,0,0,0,0,0,NA,NA,NA,0,0,0,0,NA,0,0,0,0,NA,0,0,0,0,0,0,0,0,0,NA,0,0,0,NA,0,0,0,0,NA,0,0,0,0,NA,0,0,0,0,0,0,0,NA,0,0,0,0,NA,0,0,0,0,NA,0,0,NA,NA,0,NA,NA,NA,NA,NA,NA,NA,NA,NA,NA,NA,NA,NA,NA,NA,NA,NA,NA,NA
"143",1,1,1,NA,0,0,0,0,0,0,NA,0,0,0,0,0,0,0,0,NA,0,0,0,NA,0,0,0,0,0,0,NA,0,0,0,NA,0,0,NA,0,0,0,0,0,0,0,0,NA,0,0,0,0,0,NA,NA,0,NA,NA,NA,NA,0,0,0,NA,0,0,0,0,0,NA,NA,NA,NA,NA,NA,NA,NA,NA,NA,NA,NA,NA,NA,NA,NA,NA,NA,NA
"144",1,1,1,0,0,0,0,0,NA,NA,NA,0,0,0,0,NA,0,0,0,0,0,0,0,0,0,0,0,0,0,0,NA,0,0,0,NA,0,0,0,0,NA,0,0,0,0,NA,0,0,0,0,0,0,0,NA,0,0,0,0,NA,0,0,0,0,NA,0,0,NA,NA,0,NA,NA,NA,NA,NA,NA,NA,NA,NA,NA,NA,NA,NA,NA,NA,NA,NA,NA,NA
"145",1,1,1,NA,1,0,0,0,0,0,NA,0,0,0,0,0,0,0,0,NA,NA,0,0,NA,0,0,0,0,0,0,NA,0,0,0,NA,0,0,NA,0,0,0,NA,0,0,0,0,NA,0,0,0,0,0,NA,NA,0,NA,0,NA,0,0,0,0,NA,0,0,0,0,0,NA,NA,NA,NA,NA,NA,NA,NA,NA,NA,NA,NA,NA,NA,NA,NA,NA,NA,NA
"146",1,1,1,0,1,1,0,0,NA,0,NA,0,0,0,0,NA,0,0,0,0,NA,0,0,0,0,0,0,0,0,0,NA,0,0,0,NA,0,0,0,0,NA,0,NA,0,0,NA,0,0,0,0,0,0,0,NA,0,0,0,NA,NA,NA,0,0,0,NA,0,0,NA,NA,0,NA,NA,NA,NA,NA,NA,NA,NA,NA,NA,NA,NA,NA,NA,NA,NA,NA,NA,NA
"147",1,1,1,NA,1,0,0,0,0,0,NA,0,0,0,0,0,0,0,0,NA,0,0,0,NA,0,0,0,0,0,0,NA,0,0,0,NA,0,0,NA,0,0,0,NA,0,0,0,0,NA,0,0,0,0,0,NA,NA,0,NA,0,NA,0,0,0,0,NA,0,0,0,0,0,NA,NA,NA,NA,NA,NA,NA,NA,NA,NA,NA,NA,NA,NA,NA,NA,NA,NA,NA
"148",1,1,1,0,1,1,0,0,NA,0,NA,0,0,0,0,NA,0,0,0,0,0,0,0,0,0,0,0,0,0,0,NA,0,0,0,NA,0,0,0,0,NA,0,NA,0,0,NA,0,0,0,0,0,0,0,NA,0,0,0,NA,NA,NA,0,0,0,NA,0,0,NA,NA,0,NA,NA,NA,NA,NA,NA,NA,NA,NA,NA,NA,NA,NA,NA,NA,NA,NA,NA,NA
"149",1,0,1,NA,0,0,0,0,0,0,NA,0,0,0,0,0,0,0,0,NA,NA,0,0,NA,0,0,0,0,0,0,NA,0,0,0,NA,0,0,NA,0,0,0,0,0,0,0,0,NA,0,0,0,0,0,NA,NA,0,NA,0,NA,0,0,0,0,NA,0,0,0,0,0,NA,NA,NA,NA,NA,NA,NA,NA,NA,NA,NA,NA,NA,NA,NA,NA,NA,NA,NA
"150",1,0,1,0,0,1,0,0,NA,0,NA,0,0,0,0,NA,0,0,0,0,NA,0,0,0,0,0,0,0,0,0,NA,0,0,0,NA,0,0,0,0,NA,0,0,0,0,NA,0,0,0,0,0,0,0,NA,0,0,0,NA,NA,NA,0,0,0,NA,0,0,NA,NA,0,NA,NA,NA,NA,NA,NA,NA,NA,NA,NA,NA,NA,NA,NA,NA,NA,NA,NA,NA
"151",1,1,1,NA,0,0,0,0,0,0,NA,0,0,0,0,0,0,0,0,NA,0,0,0,NA,0,0,0,0,0,0,NA,0,0,0,NA,0,0,NA,0,0,0,0,0,0,0,0,NA,0,0,0,0,0,NA,NA,0,NA,0,NA,0,0,0,0,NA,0,0,0,0,0,NA,NA,NA,NA,NA,NA,NA,NA,NA,NA,NA,NA,NA,NA,NA,NA,NA,NA,NA
"152",1,1,1,0,0,1,0,0,NA,0,NA,0,0,0,0,NA,0,0,0,0,0,0,0,0,0,0,0,0,0,0,NA,0,0,0,NA,0,0,0,0,NA,0,0,0,0,NA,0,0,0,0,0,0,0,NA,0,0,0,NA,NA,NA,0,0,0,NA,0,0,NA,NA,0,NA,NA,NA,NA,NA,NA,NA,NA,NA,NA,NA,NA,NA,NA,NA,NA,NA,NA,NA
"153",1,1,1,0,1,0,0,0,NA,0,NA,0,0,0,0,0,0,0,0,0,NA,0,0,0,0,0,0,0,0,0,NA,0,0,0,NA,0,0,NA,0,NA,0,NA,0,0,NA,0,NA,0,0,0,0,0,NA,NA,0,NA,0,NA,0,NA,0,0,NA,0,0,NA,0,0,NA,NA,NA,NA,NA,NA,NA,NA,NA,NA,NA,NA,NA,NA,NA,NA,NA,NA,NA
"154",1,1,1,0,1,0,0,0,NA,0,NA,0,0,0,0,NA,0,0,0,0,0,0,0,0,0,0,0,0,0,0,NA,0,0,0,NA,0,0,0,0,NA,0,NA,0,0,NA,0,0,0,0,0,0,0,NA,0,0,0,0,NA,0,0,0,0,NA,0,0,NA,NA,0,NA,NA,NA,NA,NA,NA,NA,NA,NA,NA,NA,NA,NA,NA,NA,NA,NA,NA,NA
"155",1,0,1,0,0,0,0,0,NA,0,NA,0,0,0,0,0,0,0,0,0,NA,0,0,0,0,0,0,0,0,0,NA,0,0,0,NA,0,0,NA,0,NA,0,0,0,0,NA,0,NA,0,0,0,0,0,NA,NA,0,NA,0,NA,0,NA,0,0,NA,0,0,NA,0,0,NA,NA,NA,NA,NA,NA,NA,NA,NA,NA,NA,NA,NA,NA,NA,NA,NA,NA,NA
"156",1,1,1,0,0,0,0,0,NA,0,NA,0,0,0,0,NA,0,0,0,0,0,0,0,0,0,0,0,0,0,0,NA,0,0,0,NA,0,0,0,0,NA,0,0,0,0,NA,0,0,0,0,0,0,0,NA,0,0,0,0,NA,0,0,0,0,NA,0,0,NA,NA,0,NA,NA,NA,NA,NA,NA,NA,NA,NA,NA,NA,NA,NA,NA,NA,NA,NA,NA,NA
"157",1,1,1,NA,1,0,0,0,0,0,NA,0,0,0,0,0,0,0,0,NA,NA,0,0,0,0,0,0,0,0,0,NA,0,0,0,NA,0,0,NA,0,0,0,NA,0,0,0,0,NA,0,0,0,0,0,NA,NA,0,NA,NA,NA,NA,0,0,0,NA,0,0,0,0,0,NA,NA,NA,NA,NA,NA,NA,NA,NA,NA,NA,NA,NA,NA,NA,NA,NA,NA,NA
"158",1,1,1,NA,1,0,0,0,0,0,NA,0,0,0,0,0,0,0,0,NA,0,0,0,0,0,0,0,0,0,0,NA,0,0,0,NA,0,0,NA,0,0,0,NA,0,0,0,0,NA,0,0,0,0,0,NA,NA,0,NA,NA,NA,NA,0,0,0,NA,0,0,0,0,0,NA,NA,NA,NA,NA,NA,NA,NA,NA,NA,NA,NA,NA,NA,NA,NA,NA,NA,NA
"159",1,0,1,NA,0,0,0,0,0,0,NA,0,0,0,0,NA,0,0,0,NA,NA,0,0,0,0,0,0,0,0,0,NA,0,0,0,NA,0,0,0,0,0,0,0,0,0,0,0,0,0,0,0,0,0,NA,0,0,0,NA,NA,NA,0,0,0,NA,0,0,0,NA,0,NA,NA,NA,NA,NA,NA,NA,NA,NA,NA,NA,NA,NA,NA,NA,NA,NA,NA,NA
"160",1,1,1,NA,0,0,0,0,0,0,NA,0,0,0,0,0,0,0,0,NA,0,0,0,0,0,0,0,0,0,0,NA,0,0,0,NA,0,0,NA,0,0,0,0,0,0,0,0,NA,0,0,0,0,0,NA,NA,0,NA,NA,NA,NA,0,0,0,NA,0,0,0,0,0,NA,NA,NA,NA,NA,NA,NA,NA,NA,NA,NA,NA,NA,NA,NA,NA,NA,NA,NA
"161",1,1,1,NA,1,0,0,0,0,0,NA,0,0,0,0,NA,0,0,0,NA,NA,0,0,0,0,0,0,0,0,0,NA,0,0,0,NA,0,0,0,0,0,0,NA,0,0,0,0,0,0,0,0,0,0,NA,0,0,0,0,NA,0,0,0,0,NA,0,0,0,NA,0,NA,NA,NA,NA,NA,NA,NA,NA,NA,NA,NA,NA,NA,NA,NA,NA,NA,NA,NA
"162",1,1,1,NA,1,0,0,0,0,0,NA,0,0,0,0,0,0,0,0,NA,0,0,0,0,0,0,0,0,0,0,NA,0,0,0,NA,0,0,NA,0,0,0,NA,0,0,0,0,NA,0,0,0,0,0,NA,NA,0,NA,0,NA,0,0,0,0,NA,0,0,0,0,0,NA,NA,NA,NA,NA,NA,NA,NA,NA,NA,NA,NA,NA,NA,NA,NA,NA,NA,NA
"163",1,0,1,NA,0,0,0,0,0,0,NA,0,0,0,0,NA,0,0,0,NA,NA,0,0,0,0,0,0,0,0,0,NA,0,0,0,NA,0,0,0,0,0,0,0,0,0,0,0,0,0,0,0,0,0,NA,0,0,0,0,NA,0,0,0,0,NA,0,0,0,NA,0,NA,NA,NA,NA,NA,NA,NA,NA,NA,NA,NA,NA,NA,NA,NA,NA,NA,NA,NA
"164",1,1,1,NA,0,0,0,0,0,0,NA,0,0,0,0,0,0,0,0,NA,0,0,0,0,0,0,0,0,0,0,NA,0,0,0,NA,0,0,NA,0,0,0,0,0,0,0,0,NA,0,0,0,0,0,NA,NA,0,NA,0,NA,0,0,0,0,NA,0,0,0,0,0,NA,NA,NA,NA,NA,NA,NA,NA,NA,NA,NA,NA,NA,NA,NA,NA,NA,NA,NA
"165",1,1,0,1,1,0,0,0,NA,NA,NA,0,0,0,0,0,0,0,NA,0,0,0,0,NA,0,0,0,0,0,0,NA,0,0,0,NA,0,0,NA,0,NA,0,NA,0,0,NA,0,NA,0,0,0,0,0,0,NA,0,NA,NA,0,NA,NA,0,0,0,0,NA,NA,0,0,NA,NA,NA,NA,NA,NA,NA,NA,NA,NA,NA,NA,NA,NA,NA,NA,NA,NA,NA
"166",1,0,0,1,0,0,0,0,NA,NA,NA,0,0,0,0,NA,0,0,NA,0,NA,0,0,NA,0,0,0,0,0,0,NA,0,0,0,NA,0,0,0,0,NA,0,0,0,0,NA,0,0,0,0,0,0,0,0,0,0,0,NA,0,NA,0,0,0,0,0,NA,NA,NA,0,NA,NA,NA,NA,NA,NA,NA,NA,NA,NA,NA,NA,NA,NA,NA,NA,NA,NA,NA
"167",1,1,0,1,0,0,0,0,NA,NA,NA,0,0,0,0,0,0,0,NA,0,0,0,0,NA,0,0,0,0,0,0,NA,0,0,0,NA,0,0,NA,0,NA,0,0,0,0,NA,0,NA,0,0,0,0,0,0,NA,0,NA,NA,0,NA,NA,0,0,0,0,NA,NA,0,0,NA,NA,NA,NA,NA,NA,NA,NA,NA,NA,NA,NA,NA,NA,NA,NA,NA,NA,NA
"168",1,1,0,1,1,0,0,0,NA,NA,NA,0,0,0,0,NA,0,0,NA,0,NA,0,0,NA,0,0,0,0,0,0,NA,0,0,0,NA,0,0,0,0,NA,0,NA,0,0,NA,0,0,0,0,0,0,0,0,0,0,0,0,0,0,0,0,0,0,0,NA,NA,NA,0,NA,NA,NA,NA,NA,NA,NA,NA,NA,NA,NA,NA,NA,NA,NA,NA,NA,NA,NA
"169",1,1,0,1,1,0,0,0,NA,NA,NA,0,0,0,0,0,0,0,NA,0,0,0,0,NA,0,0,0,0,0,0,NA,0,0,0,NA,0,0,NA,0,NA,0,NA,0,0,NA,0,NA,0,0,0,0,0,0,NA,0,NA,0,0,0,NA,0,0,0,0,NA,NA,0,0,NA,NA,NA,NA,NA,NA,NA,NA,NA,NA,NA,NA,NA,NA,NA,NA,NA,NA,NA
"170",1,0,0,1,0,0,0,0,NA,NA,NA,0,0,0,0,NA,0,0,NA,0,NA,0,0,NA,0,0,0,0,0,0,NA,0,0,0,NA,0,0,0,0,NA,0,0,0,0,NA,0,0,0,0,0,0,0,0,0,0,0,0,0,0,0,0,0,0,0,NA,NA,NA,0,NA,NA,NA,NA,NA,NA,NA,NA,NA,NA,NA,NA,NA,NA,NA,NA,NA,NA,NA
"171",1,1,0,1,0,0,0,0,NA,NA,NA,0,0,0,0,0,0,0,NA,0,0,0,0,NA,0,0,0,0,0,0,NA,0,0,0,NA,0,0,NA,0,NA,0,0,0,0,NA,0,NA,0,0,0,0,0,0,NA,0,NA,0,0,0,NA,0,0,0,0,NA,NA,0,0,NA,NA,NA,NA,NA,NA,NA,NA,NA,NA,NA,NA,NA,NA,NA,NA,NA,NA,NA
"172",1,1,0,1,1,0,0,0,NA,0,NA,0,0,0,0,NA,0,0,NA,0,NA,0,0,NA,0,0,0,0,0,0,NA,0,0,0,NA,0,0,0,0,NA,0,NA,0,0,NA,0,0,0,0,0,0,0,0,0,0,0,NA,0,NA,0,0,0,0,0,NA,NA,NA,0,NA,NA,NA,NA,NA,NA,NA,NA,NA,NA,NA,NA,NA,NA,NA,NA,NA,NA,NA
"173",1,1,0,0,1,0,0,0,NA,NA,NA,0,0,0,0,0,0,0,0,0,0,0,0,NA,0,0,0,0,0,0,NA,0,0,0,NA,0,0,NA,0,NA,0,NA,0,0,NA,0,NA,0,0,0,0,0,0,NA,0,NA,NA,0,NA,NA,0,0,0,0,NA,NA,0,0,NA,NA,NA,NA,NA,NA,NA,NA,NA,NA,NA,NA,NA,NA,NA,NA,NA,NA,NA
"174",1,1,0,1,1,0,0,0,NA,0,NA,0,0,0,0,NA,0,0,NA,0,0,0,0,NA,0,0,0,0,0,0,NA,0,0,0,NA,0,0,0,0,NA,0,NA,0,0,NA,0,0,0,0,0,0,0,0,0,0,0,NA,0,NA,0,0,0,0,0,NA,NA,NA,0,NA,NA,NA,NA,NA,NA,NA,NA,NA,NA,NA,NA,NA,NA,NA,NA,NA,NA,NA
"175",1,0,0,0,0,0,0,0,NA,NA,NA,0,0,0,0,0,0,0,0,0,NA,0,0,NA,0,0,0,0,0,0,NA,0,0,0,NA,0,0,NA,0,NA,0,0,0,0,NA,0,NA,0,0,0,0,0,0,NA,0,NA,NA,0,NA,NA,0,0,0,0,NA,NA,0,0,NA,NA,NA,NA,NA,NA,NA,NA,NA,NA,NA,NA,NA,NA,NA,NA,NA,NA,NA
"176",1,0,0,1,0,0,0,0,NA,0,NA,0,0,0,0,NA,0,0,NA,0,NA,0,0,NA,0,0,0,0,0,0,NA,0,0,0,NA,0,0,0,0,NA,0,0,0,0,NA,0,0,0,0,0,0,0,0,0,0,0,NA,0,NA,0,0,0,0,0,NA,NA,NA,0,NA,NA,NA,NA,NA,NA,NA,NA,NA,NA,NA,NA,NA,NA,NA,NA,NA,NA,NA
"177",1,1,0,0,0,0,0,0,NA,NA,NA,0,0,0,0,0,0,0,0,0,0,0,0,NA,0,0,0,0,0,0,NA,0,0,0,NA,0,0,NA,0,NA,0,0,0,0,NA,0,NA,0,0,0,0,0,0,NA,0,NA,NA,0,NA,NA,0,0,0,0,NA,NA,0,0,NA,NA,NA,NA,NA,NA,NA,NA,NA,NA,NA,NA,NA,NA,NA,NA,NA,NA,NA
"178",1,1,0,NA,1,0,0,0,0,0,NA,0,0,0,0,NA,0,0,0,NA,NA,0,0,NA,0,0,0,0,0,0,NA,0,0,0,NA,0,0,0,0,0,0,NA,0,0,0,0,0,0,0,0,0,0,0,0,0,0,NA,0,NA,0,0,0,0,0,NA,0,NA,0,NA,NA,NA,NA,NA,NA,NA,NA,NA,NA,NA,NA,NA,NA,NA,NA,NA,NA,NA
"179",1,1,0,0,1,0,0,0,NA,NA,NA,0,0,0,0,0,0,0,0,0,NA,0,0,NA,0,0,0,0,0,0,NA,0,0,0,NA,0,0,NA,0,NA,0,NA,0,0,NA,0,NA,0,0,0,0,0,0,NA,0,NA,0,0,0,NA,0,0,0,0,NA,NA,0,0,NA,NA,NA,NA,NA,NA,NA,NA,NA,NA,NA,NA,NA,NA,NA,NA,NA,NA,NA
"180",1,1,0,1,0,0,0,0,NA,0,NA,0,0,0,0,0,0,0,NA,0,0,0,0,NA,0,0,0,0,0,0,NA,0,0,0,NA,0,0,NA,0,NA,0,0,0,0,NA,0,NA,0,0,0,0,0,0,NA,0,NA,NA,0,NA,NA,0,0,0,0,NA,NA,0,0,NA,NA,NA,NA,NA,NA,NA,NA,NA,NA,NA,NA,NA,NA,NA,NA,NA,NA,NA
"181",1,1,0,0,1,0,0,0,NA,NA,NA,0,0,0,0,NA,0,0,0,0,0,0,0,NA,0,0,0,0,0,0,NA,0,0,0,NA,0,0,0,0,NA,0,NA,0,0,NA,0,0,0,0,0,0,0,0,0,0,0,0,0,0,0,0,0,0,0,NA,NA,NA,0,NA,NA,NA,NA,NA,NA,NA,NA,NA,NA,NA,NA,NA,NA,NA,NA,NA,NA,NA
"182",1,1,0,1,1,0,0,0,NA,0,NA,0,0,0,0,0,0,0,NA,0,NA,0,0,NA,0,0,0,0,0,0,NA,0,0,0,NA,0,0,NA,0,NA,0,NA,0,0,NA,0,NA,0,0,0,0,0,0,NA,0,NA,0,0,0,NA,0,0,0,0,NA,NA,0,0,NA,NA,NA,NA,NA,NA,NA,NA,NA,NA,NA,NA,NA,NA,NA,NA,NA,NA,NA
"183",1,0,0,0,0,0,0,0,NA,NA,NA,0,0,0,0,NA,0,0,0,0,NA,0,0,NA,0,0,0,0,0,0,NA,0,0,0,NA,0,0,0,0,NA,0,0,0,0,NA,0,0,0,0,0,0,0,0,0,0,0,0,0,0,0,0,0,0,0,NA,NA,NA,0,NA,NA,NA,NA,NA,NA,NA,NA,NA,NA,NA,NA,NA,NA,NA,NA,NA,NA,NA
"184",1,1,0,1,1,0,0,0,NA,0,NA,0,0,0,0,0,0,0,NA,0,0,0,0,NA,0,0,0,0,0,0,NA,0,0,0,NA,0,0,NA,0,NA,0,NA,0,0,NA,0,NA,0,0,0,0,0,0,NA,0,NA,0,0,0,NA,0,0,0,0,NA,NA,0,0,NA,NA,NA,NA,NA,NA,NA,NA,NA,NA,NA,NA,NA,NA,NA,NA,NA,NA,NA
"185",1,1,0,0,0,0,0,0,NA,NA,NA,0,0,0,0,NA,0,0,0,0,0,0,0,NA,0,0,0,0,0,0,NA,0,0,0,NA,0,0,0,0,NA,0,0,0,0,NA,0,0,0,0,0,0,0,0,0,0,0,0,0,0,0,0,0,0,0,NA,NA,NA,0,NA,NA,NA,NA,NA,NA,NA,NA,NA,NA,NA,NA,NA,NA,NA,NA,NA,NA,NA
"186",1,0,0,1,0,0,0,0,NA,0,NA,0,0,0,0,0,0,0,NA,0,NA,0,0,NA,0,0,0,0,0,0,NA,0,0,0,NA,0,0,NA,0,NA,0,0,0,0,NA,0,NA,0,0,0,0,0,0,NA,0,NA,0,0,0,NA,0,0,0,0,NA,NA,0,0,NA,NA,NA,NA,NA,NA,NA,NA,NA,NA,NA,NA,NA,NA,NA,NA,NA,NA,NA
"187",1,1,0,1,0,0,0,0,NA,0,NA,0,0,0,0,NA,0,0,NA,0,0,0,0,NA,0,0,0,0,0,0,NA,0,0,0,NA,0,0,0,0,NA,0,0,0,0,NA,0,0,0,0,0,0,0,0,0,0,0,0,0,0,0,0,0,0,0,NA,NA,NA,0,NA,NA,NA,NA,NA,NA,NA,NA,NA,NA,NA,NA,NA,NA,NA,NA,NA,NA,NA
"188",1,1,0,0,1,0,0,0,NA,0,NA,0,0,0,0,0,0,0,0,0,NA,0,0,NA,0,0,0,0,0,0,NA,0,0,0,NA,0,0,NA,0,NA,0,NA,0,0,NA,0,NA,0,0,0,0,0,0,NA,0,NA,NA,0,NA,NA,0,0,0,0,NA,NA,0,0,NA,NA,NA,NA,NA,NA,NA,NA,NA,NA,NA,NA,NA,NA,NA,NA,NA,NA,NA
"189",1,1,0,0,1,0,0,0,NA,0,NA,0,0,0,0,NA,0,0,0,0,0,0,0,NA,0,0,0,0,0,0,NA,0,0,0,NA,0,0,0,0,NA,0,NA,0,0,NA,0,0,0,0,0,0,0,0,0,0,0,NA,0,NA,0,0,0,0,0,NA,NA,NA,0,NA,NA,NA,NA,NA,NA,NA,NA,NA,NA,NA,NA,NA,NA,NA,NA,NA,NA,NA
"190",1,0,0,0,0,0,0,0,NA,0,NA,0,0,0,0,0,0,0,0,0,NA,0,0,NA,0,0,0,0,0,0,NA,0,0,0,NA,0,0,NA,0,NA,0,0,0,0,NA,0,NA,0,0,0,0,0,0,NA,0,NA,NA,0,NA,NA,0,0,0,0,NA,NA,0,0,NA,NA,NA,NA,NA,NA,NA,NA,NA,NA,NA,NA,NA,NA,NA,NA,NA,NA,NA
"191",1,1,0,0,0,0,0,0,NA,0,NA,0,0,0,0,NA,0,0,0,0,0,0,0,NA,0,0,0,0,0,0,NA,0,0,0,NA,0,0,0,0,NA,0,0,0,0,NA,0,0,0,0,0,0,0,0,0,0,0,NA,0,NA,0,0,0,0,0,NA,NA,NA,0,NA,NA,NA,NA,NA,NA,NA,NA,NA,NA,NA,NA,NA,NA,NA,NA,NA,NA,NA
"192",1,1,0,0,1,0,0,0,NA,0,NA,0,0,0,0,0,0,0,0,0,NA,0,0,NA,0,0,0,0,0,0,NA,0,0,0,NA,0,0,NA,0,NA,0,NA,0,0,NA,0,NA,0,0,0,0,0,0,NA,0,NA,0,0,0,NA,0,0,0,0,NA,NA,0,0,NA,NA,NA,NA,NA,NA,NA,NA,NA,NA,NA,NA,NA,NA,NA,NA,NA,NA,NA
"193",1,1,0,0,1,0,0,0,NA,0,NA,0,0,0,0,NA,0,0,0,0,0,0,0,NA,0,0,0,0,0,0,NA,0,0,0,NA,0,0,0,0,NA,0,NA,0,0,NA,0,0,0,0,0,0,0,0,0,0,0,0,0,0,0,0,0,0,0,NA,NA,NA,0,NA,NA,NA,NA,NA,NA,NA,NA,NA,NA,NA,NA,NA,NA,NA,NA,NA,NA,NA
"194",1,0,0,0,0,0,0,0,NA,0,NA,0,0,0,0,0,0,0,0,0,NA,0,0,NA,0,0,0,0,0,0,NA,0,0,0,NA,0,0,NA,0,NA,0,0,0,0,NA,0,NA,0,0,0,0,0,0,NA,0,NA,0,0,0,NA,0,0,0,0,NA,NA,0,0,NA,NA,NA,NA,NA,NA,NA,NA,NA,NA,NA,NA,NA,NA,NA,NA,NA,NA,NA
"195",1,1,0,0,0,0,0,0,NA,0,NA,0,0,0,0,NA,0,0,0,0,0,0,0,NA,0,0,0,0,0,0,NA,0,0,0,NA,0,0,0,0,NA,0,0,0,0,NA,0,0,0,0,0,0,0,0,0,0,0,0,0,0,0,0,0,0,0,NA,NA,NA,0,NA,NA,NA,NA,NA,NA,NA,NA,NA,NA,NA,NA,NA,NA,NA,NA,NA,NA,NA
"196",1,1,0,1,1,0,0,0,NA,NA,NA,0,0,0,0,0,0,0,NA,0,NA,0,0,0,0,0,0,0,0,0,NA,0,0,0,NA,0,0,NA,0,NA,0,NA,0,0,NA,0,NA,0,0,0,0,0,0,NA,0,NA,NA,0,NA,NA,0,0,0,0,NA,NA,0,0,NA,NA,NA,NA,NA,NA,NA,NA,NA,NA,NA,NA,NA,NA,NA,NA,NA,NA,NA
"197",1,1,0,1,1,0,0,0,NA,NA,NA,0,0,0,0,NA,0,0,NA,0,0,0,0,0,0,0,0,0,0,0,NA,0,0,0,NA,0,0,0,0,NA,0,NA,0,0,NA,0,0,0,0,0,0,0,0,0,0,0,NA,0,NA,0,0,0,0,0,NA,NA,NA,0,NA,NA,NA,NA,NA,NA,NA,NA,NA,NA,NA,NA,NA,NA,NA,NA,NA,NA,NA
"198",1,0,0,1,0,0,0,0,NA,NA,NA,0,0,0,0,0,0,0,NA,0,NA,0,0,0,0,0,0,0,0,0,NA,0,0,0,NA,0,0,NA,0,NA,0,0,0,0,NA,0,NA,0,0,0,0,0,0,NA,0,NA,NA,0,NA,NA,0,0,0,0,NA,NA,0,0,NA,NA,NA,NA,NA,NA,NA,NA,NA,NA,NA,NA,NA,NA,NA,NA,NA,NA,NA
"199",1,1,0,1,0,0,0,0,NA,NA,NA,0,0,0,0,NA,0,0,NA,0,0,0,0,0,0,0,0,0,0,0,NA,0,0,0,NA,0,0,0,0,NA,0,0,0,0,NA,0,0,0,0,0,0,0,0,0,0,0,NA,0,NA,0,0,0,0,0,NA,NA,NA,0,NA,NA,NA,NA,NA,NA,NA,NA,NA,NA,NA,NA,NA,NA,NA,NA,NA,NA,NA
"200",1,1,0,1,1,0,0,0,NA,NA,NA,0,0,0,0,NA,0,0,NA,0,NA,0,0,0,0,0,0,0,0,0,NA,0,0,0,NA,0,0,0,0,NA,0,NA,0,0,NA,0,0,0,0,0,0,0,0,0,0,0,0,0,0,0,0,0,0,0,NA,NA,NA,0,NA,NA,NA,NA,NA,NA,NA,NA,NA,NA,NA,NA,NA,NA,NA,NA,NA,NA,NA
"201",1,1,0,1,1,0,0,0,NA,NA,NA,0,0,0,0,NA,0,0,NA,0,0,0,0,0,0,0,0,0,0,0,NA,0,0,0,NA,0,0,0,0,NA,0,NA,0,0,NA,0,0,0,0,0,0,0,0,0,0,0,0,0,0,0,0,0,0,0,NA,NA,NA,0,NA,NA,NA,NA,NA,NA,NA,NA,NA,NA,NA,NA,NA,NA,NA,NA,NA,NA,NA
"202",1,0,0,1,0,0,0,0,NA,NA,NA,0,0,0,0,0,0,0,NA,0,NA,0,0,0,0,0,0,0,0,0,NA,0,0,0,NA,0,0,NA,0,NA,0,0,0,0,NA,0,NA,0,0,0,0,0,0,NA,0,NA,0,0,0,NA,0,0,0,0,NA,NA,0,0,NA,NA,NA,NA,NA,NA,NA,NA,NA,NA,NA,NA,NA,NA,NA,NA,NA,NA,NA
"203",1,1,0,1,0,0,0,0,NA,NA,NA,0,0,0,0,0,0,0,NA,0,0,0,0,0,0,0,0,0,0,0,NA,0,0,0,NA,0,0,NA,0,NA,0,0,0,0,NA,0,NA,0,0,0,0,0,0,NA,0,NA,0,0,0,NA,0,0,0,0,NA,NA,0,0,NA,NA,NA,NA,NA,NA,NA,NA,NA,NA,NA,NA,NA,NA,NA,NA,NA,NA,NA
"204",1,1,0,1,1,0,0,0,NA,0,NA,0,0,0,0,NA,0,0,NA,0,NA,0,0,0,0,0,0,0,0,0,NA,0,0,0,NA,0,0,0,0,NA,0,NA,0,0,NA,0,0,0,0,0,0,0,0,0,0,0,NA,0,NA,0,0,0,0,0,NA,NA,NA,0,NA,NA,NA,NA,NA,NA,NA,NA,NA,NA,NA,NA,NA,NA,NA,NA,NA,NA,NA
"205",1,1,0,1,1,0,0,0,NA,0,NA,0,0,0,0,NA,0,0,NA,0,0,0,0,0,0,0,0,0,0,0,NA,0,0,0,NA,0,0,0,0,NA,0,NA,0,0,NA,0,0,0,0,0,0,0,0,0,0,0,NA,0,NA,0,0,0,0,0,NA,NA,NA,0,NA,NA,NA,NA,NA,NA,NA,NA,NA,NA,NA,NA,NA,NA,NA,NA,NA,NA,NA
"206",1,1,0,0,1,0,0,0,NA,NA,NA,0,0,0,0,0,0,0,0,0,NA,0,0,0,0,0,0,0,0,0,NA,0,0,0,NA,0,0,NA,0,NA,0,NA,0,0,NA,0,NA,0,0,0,0,0,0,NA,0,NA,NA,0,NA,NA,0,0,0,0,NA,NA,0,0,NA,NA,NA,NA,NA,NA,NA,NA,NA,NA,NA,NA,NA,NA,NA,NA,NA,NA,NA
"207",1,1,0,0,1,0,0,0,NA,NA,NA,0,0,0,0,NA,0,0,0,0,0,0,0,0,0,0,0,0,0,0,NA,0,0,0,NA,0,0,0,0,NA,0,NA,0,0,NA,0,0,0,0,0,0,0,0,0,0,0,NA,0,NA,0,0,0,0,0,NA,NA,NA,0,NA,NA,NA,NA,NA,NA,NA,NA,NA,NA,NA,NA,NA,NA,NA,NA,NA,NA,NA
"208",1,0,0,0,0,0,0,0,NA,NA,NA,0,0,0,0,NA,0,0,0,0,NA,0,0,0,0,0,0,0,0,0,NA,0,0,0,NA,0,0,0,0,NA,0,0,0,0,NA,0,0,0,0,0,0,0,0,0,0,0,NA,0,NA,0,0,0,0,0,NA,NA,NA,0,NA,NA,NA,NA,NA,NA,NA,NA,NA,NA,NA,NA,NA,NA,NA,NA,NA,NA,NA
"209",1,0,0,1,0,0,0,0,NA,0,NA,0,0,0,0,0,0,0,NA,0,NA,0,0,0,0,0,0,0,0,0,NA,0,0,0,NA,0,0,NA,0,NA,0,0,0,0,NA,0,NA,0,0,0,0,0,0,NA,0,NA,NA,0,NA,NA,0,0,0,0,NA,NA,0,0,NA,NA,NA,NA,NA,NA,NA,NA,NA,NA,NA,NA,NA,NA,NA,NA,NA,NA,NA
"210",1,1,0,0,0,0,0,0,NA,NA,NA,0,0,0,0,0,0,0,0,0,0,0,0,0,0,0,0,0,0,0,NA,0,0,0,NA,0,0,NA,0,NA,0,0,0,0,NA,0,NA,0,0,0,0,0,0,NA,0,NA,NA,0,NA,NA,0,0,0,0,NA,NA,0,0,NA,NA,NA,NA,NA,NA,NA,NA,NA,NA,NA,NA,NA,NA,NA,NA,NA,NA,NA
"211",1,1,0,1,0,0,0,0,NA,0,NA,0,0,0,0,NA,0,0,NA,0,0,0,0,0,0,0,0,0,0,0,NA,0,0,0,NA,0,0,0,0,NA,0,0,0,0,NA,0,0,0,0,0,0,0,0,0,0,0,NA,0,NA,0,0,0,0,0,NA,NA,NA,0,NA,NA,NA,NA,NA,NA,NA,NA,NA,NA,NA,NA,NA,NA,NA,NA,NA,NA,NA
"212",1,1,0,1,1,0,0,0,NA,0,NA,0,0,0,0,NA,0,0,NA,0,NA,0,0,0,0,0,0,0,0,0,NA,0,0,0,NA,0,0,0,0,NA,0,NA,0,0,NA,0,0,0,0,0,0,0,0,0,0,0,0,0,0,0,0,0,0,0,NA,NA,NA,0,NA,NA,NA,NA,NA,NA,NA,NA,NA,NA,NA,NA,NA,NA,NA,NA,NA,NA,NA
"213",1,1,0,0,1,0,0,0,NA,NA,NA,0,0,0,0,0,0,0,0,0,NA,0,0,0,0,0,0,0,0,0,NA,0,0,0,NA,0,0,NA,0,NA,0,NA,0,0,NA,0,NA,0,0,0,0,0,0,NA,0,NA,0,0,0,NA,0,0,0,0,NA,NA,0,0,NA,NA,NA,NA,NA,NA,NA,NA,NA,NA,NA,NA,NA,NA,NA,NA,NA,NA,NA
"214",1,1,0,1,1,0,0,0,NA,0,NA,0,0,0,0,0,0,0,NA,0,0,0,0,0,0,0,0,0,0,0,NA,0,0,0,NA,0,0,NA,0,NA,0,NA,0,0,NA,0,NA,0,0,0,0,0,0,NA,0,NA,0,0,0,NA,0,0,0,0,NA,NA,0,0,NA,NA,NA,NA,NA,NA,NA,NA,NA,NA,NA,NA,NA,NA,NA,NA,NA,NA,NA
"215",1,1,0,0,1,0,0,0,NA,NA,NA,0,0,0,0,NA,0,0,0,0,0,0,0,0,0,0,0,0,0,0,NA,0,0,0,NA,0,0,0,0,NA,0,NA,0,0,NA,0,0,0,0,0,0,0,0,0,0,0,0,0,0,0,0,0,0,0,NA,NA,NA,0,NA,NA,NA,NA,NA,NA,NA,NA,NA,NA,NA,NA,NA,NA,NA,NA,NA,NA,NA
"216",1,0,0,0,0,0,0,0,NA,NA,NA,0,0,0,0,NA,0,0,0,0,NA,0,0,0,0,0,0,0,0,0,NA,0,0,0,NA,0,0,0,0,NA,0,0,0,0,NA,0,0,0,0,0,0,0,0,0,0,0,0,0,0,0,0,0,0,0,NA,NA,NA,0,NA,NA,NA,NA,NA,NA,NA,NA,NA,NA,NA,NA,NA,NA,NA,NA,NA,NA,NA
"217",1,0,0,1,0,0,0,0,NA,0,NA,0,0,0,0,0,0,0,NA,0,NA,0,0,0,0,0,0,0,0,0,NA,0,0,0,NA,0,0,NA,0,NA,0,0,0,0,NA,0,NA,0,0,0,0,0,0,NA,0,NA,0,0,0,NA,0,0,0,0,NA,NA,0,0,NA,NA,NA,NA,NA,NA,NA,NA,NA,NA,NA,NA,NA,NA,NA,NA,NA,NA,NA
"218",1,1,0,0,0,0,0,0,NA,NA,NA,0,0,0,0,0,0,0,0,0,0,0,0,0,0,0,0,0,0,0,NA,0,0,0,NA,0,0,NA,0,NA,0,0,0,0,NA,0,NA,0,0,0,0,0,0,NA,0,NA,0,0,0,NA,0,0,0,0,NA,NA,0,0,NA,NA,NA,NA,NA,NA,NA,NA,NA,NA,NA,NA,NA,NA,NA,NA,NA,NA,NA
"219",1,1,0,1,0,0,0,0,NA,0,NA,0,0,0,0,NA,0,0,NA,0,0,0,0,0,0,0,0,0,0,0,NA,0,0,0,NA,0,0,0,0,NA,0,0,0,0,NA,0,0,0,0,0,0,0,0,0,0,0,0,0,0,0,0,0,0,0,NA,NA,NA,0,NA,NA,NA,NA,NA,NA,NA,NA,NA,NA,NA,NA,NA,NA,NA,NA,NA,NA,NA
"220",1,1,0,0,1,0,0,0,NA,0,NA,0,0,0,0,NA,0,0,0,0,NA,0,0,0,0,0,0,0,0,0,NA,0,0,0,NA,0,0,0,0,NA,0,NA,0,0,NA,0,0,0,0,0,0,0,0,0,0,0,NA,0,NA,0,0,0,0,0,NA,NA,NA,0,NA,NA,NA,NA,NA,NA,NA,NA,NA,NA,NA,NA,NA,NA,NA,NA,NA,NA,NA
"221",1,1,0,0,1,0,0,0,NA,0,NA,0,0,0,0,0,0,0,0,0,0,0,0,0,0,0,0,0,0,0,NA,0,0,0,NA,0,0,NA,0,NA,0,NA,0,0,NA,0,NA,0,0,0,0,0,0,NA,0,NA,NA,0,NA,NA,0,0,0,0,NA,NA,0,0,NA,NA,NA,NA,NA,NA,NA,NA,NA,NA,NA,NA,NA,NA,NA,NA,NA,NA,NA
"222",1,0,0,0,0,0,0,0,NA,0,NA,0,0,0,0,0,0,0,0,0,NA,0,0,0,0,0,0,0,0,0,NA,0,0,0,NA,0,0,NA,0,NA,0,0,0,0,NA,0,NA,0,0,0,0,0,0,NA,0,NA,NA,0,NA,NA,0,0,0,0,NA,NA,0,0,NA,NA,NA,NA,NA,NA,NA,NA,NA,NA,NA,NA,NA,NA,NA,NA,NA,NA,NA
"223",1,1,0,0,0,0,0,0,NA,0,NA,0,0,0,0,NA,0,0,0,0,0,0,0,0,0,0,0,0,0,0,NA,0,0,0,NA,0,0,0,0,NA,0,0,0,0,NA,0,0,0,0,0,0,0,0,0,0,0,NA,0,NA,0,0,0,0,0,NA,NA,NA,0,NA,NA,NA,NA,NA,NA,NA,NA,NA,NA,NA,NA,NA,NA,NA,NA,NA,NA,NA
"224",1,1,0,0,1,0,0,0,NA,0,NA,0,0,0,0,NA,0,0,0,0,NA,0,0,0,0,0,0,0,0,0,NA,0,0,0,NA,0,0,0,0,NA,0,NA,0,0,NA,0,0,0,0,0,0,0,0,0,0,0,0,0,0,0,0,0,0,0,NA,NA,NA,0,NA,NA,NA,NA,NA,NA,NA,NA,NA,NA,NA,NA,NA,NA,NA,NA,NA,NA,NA
"225",1,1,0,0,1,0,0,0,NA,0,NA,0,0,0,0,0,0,0,0,0,0,0,0,0,0,0,0,0,0,0,NA,0,0,0,NA,0,0,NA,0,NA,0,NA,0,0,NA,0,NA,0,0,0,0,0,0,NA,0,NA,0,0,0,NA,0,0,0,0,NA,NA,0,0,NA,NA,NA,NA,NA,NA,NA,NA,NA,NA,NA,NA,NA,NA,NA,NA,NA,NA,NA
"226",1,0,0,0,0,0,0,0,NA,0,NA,0,0,0,0,0,0,0,0,0,NA,0,0,0,0,0,0,0,0,0,NA,0,0,0,NA,0,0,NA,0,NA,0,0,0,0,NA,0,NA,0,0,0,0,0,0,NA,0,NA,0,0,0,NA,0,0,0,0,NA,NA,0,0,NA,NA,NA,NA,NA,NA,NA,NA,NA,NA,NA,NA,NA,NA,NA,NA,NA,NA,NA
"227",1,1,0,0,0,0,0,0,NA,0,NA,0,0,0,0,NA,0,0,0,0,0,0,0,0,0,0,0,0,0,0,NA,0,0,0,NA,0,0,0,0,NA,0,0,0,0,NA,0,0,0,0,0,0,0,0,0,0,0,0,0,0,0,0,0,0,0,NA,NA,NA,0,NA,NA,NA,NA,NA,NA,NA,NA,NA,NA,NA,NA,NA,NA,NA,NA,NA,NA,NA
"228",1,1,0,NA,1,0,0,0,0,0,NA,0,0,0,0,NA,0,0,0,NA,0,0,0,NA,0,0,0,0,0,0,NA,0,0,0,NA,0,0,0,0,0,0,NA,0,0,0,0,0,0,0,0,0,0,0,0,0,0,NA,0,NA,0,0,0,0,0,NA,0,NA,0,NA,NA,NA,NA,NA,NA,NA,NA,NA,NA,NA,NA,NA,NA,NA,NA,NA,NA,NA
"229",1,0,0,NA,0,0,0,0,0,0,NA,0,0,0,0,0,0,0,0,NA,NA,0,0,NA,0,0,0,0,0,0,NA,0,0,0,NA,0,0,NA,0,0,0,0,0,0,0,0,NA,0,0,0,0,0,0,NA,0,NA,NA,0,NA,0,0,0,0,0,NA,0,0,0,NA,NA,NA,NA,NA,NA,NA,NA,NA,NA,NA,NA,NA,NA,NA,NA,NA,NA,NA
"230",1,1,0,NA,0,0,0,0,0,0,NA,0,0,0,0,0,0,0,0,NA,0,0,0,NA,0,0,0,0,0,0,NA,0,0,0,NA,0,0,NA,0,0,0,0,0,0,0,0,NA,0,0,0,0,0,0,NA,0,NA,NA,0,NA,0,0,0,0,0,NA,0,0,0,NA,NA,NA,NA,NA,NA,NA,NA,NA,NA,NA,NA,NA,NA,NA,NA,NA,NA,NA
"231",1,1,0,NA,1,0,0,0,0,0,NA,0,0,0,0,NA,0,0,0,NA,NA,0,0,NA,0,0,0,0,0,0,NA,0,0,0,NA,0,0,0,0,0,0,NA,0,0,0,0,0,0,0,0,0,0,0,0,0,0,0,0,0,0,0,0,0,0,NA,0,NA,0,NA,NA,NA,NA,NA,NA,NA,NA,NA,NA,NA,NA,NA,NA,NA,NA,NA,NA,NA
"232",1,1,0,NA,1,0,0,0,0,0,NA,0,0,0,0,NA,0,0,0,NA,0,0,0,NA,0,0,0,0,0,0,NA,0,0,0,NA,0,0,0,0,0,0,NA,0,0,0,0,0,0,0,0,0,0,0,0,0,0,0,0,0,0,0,0,0,0,NA,0,NA,0,NA,NA,NA,NA,NA,NA,NA,NA,NA,NA,NA,NA,NA,NA,NA,NA,NA,NA,NA
"233",1,0,0,NA,0,0,0,0,0,0,NA,0,0,0,0,0,0,0,0,NA,NA,0,0,NA,0,0,0,0,0,0,NA,0,0,0,NA,0,0,NA,0,0,0,0,0,0,0,0,NA,0,0,0,0,0,0,NA,0,NA,0,0,0,0,0,0,0,0,NA,0,0,0,NA,NA,NA,NA,NA,NA,NA,NA,NA,NA,NA,NA,NA,NA,NA,NA,NA,NA,NA
"234",1,1,0,NA,0,0,0,0,0,0,NA,0,0,0,0,0,0,0,0,NA,0,0,0,NA,0,0,0,0,0,0,NA,0,0,0,NA,0,0,NA,0,0,0,0,0,0,0,0,NA,0,0,0,0,0,0,NA,0,NA,0,0,0,0,0,0,0,0,NA,0,0,0,NA,NA,NA,NA,NA,NA,NA,NA,NA,NA,NA,NA,NA,NA,NA,NA,NA,NA,NA
"235",1,1,0,NA,1,0,0,0,0,0,NA,0,0,0,0,NA,0,0,0,NA,NA,0,0,0,0,0,0,0,0,0,NA,0,0,0,NA,0,0,0,0,0,0,NA,0,0,0,0,0,0,0,0,0,0,0,0,0,0,NA,0,NA,0,0,0,0,0,NA,0,NA,0,NA,NA,NA,NA,NA,NA,NA,NA,NA,NA,NA,NA,NA,NA,NA,NA,NA,NA,NA
"236",1,1,0,NA,1,0,0,0,0,0,NA,0,0,0,0,NA,0,0,0,NA,0,0,0,0,0,0,0,0,0,0,NA,0,0,0,NA,0,0,0,0,0,0,NA,0,0,0,0,0,0,0,0,0,0,0,0,0,0,NA,0,NA,0,0,0,0,0,NA,0,NA,0,NA,NA,NA,NA,NA,NA,NA,NA,NA,NA,NA,NA,NA,NA,NA,NA,NA,NA,NA
"237",1,0,0,NA,0,0,0,0,0,0,NA,0,0,0,0,0,0,0,0,NA,NA,0,0,0,0,0,0,0,0,0,NA,0,0,0,NA,0,0,NA,0,0,0,0,0,0,0,0,NA,0,0,0,0,0,0,NA,0,NA,NA,0,NA,0,0,0,0,0,NA,0,0,0,NA,NA,NA,NA,NA,NA,NA,NA,NA,NA,NA,NA,NA,NA,NA,NA,NA,NA,NA
"238",1,1,0,NA,0,0,0,0,0,0,NA,0,0,0,0,0,0,0,0,NA,0,0,0,0,0,0,0,0,0,0,NA,0,0,0,NA,0,0,NA,0,0,0,0,0,0,0,0,NA,0,0,0,0,0,0,NA,0,NA,NA,0,NA,0,0,0,0,0,NA,0,0,0,NA,NA,NA,NA,NA,NA,NA,NA,NA,NA,NA,NA,NA,NA,NA,NA,NA,NA,NA
"239",1,1,0,NA,1,0,0,0,0,0,NA,0,0,0,0,NA,0,0,0,NA,NA,0,0,0,0,0,0,0,0,0,NA,0,0,0,NA,0,0,0,0,0,0,NA,0,0,0,0,0,0,0,0,0,0,0,0,0,0,0,0,0,0,0,0,0,0,NA,0,NA,0,NA,NA,NA,NA,NA,NA,NA,NA,NA,NA,NA,NA,NA,NA,NA,NA,NA,NA,NA
"240",1,1,0,NA,1,0,0,0,0,0,NA,0,0,0,0,NA,0,0,0,NA,0,0,0,0,0,0,0,0,0,0,NA,0,0,0,NA,0,0,0,0,0,0,NA,0,0,0,0,0,0,0,0,0,0,0,0,0,0,0,0,0,0,0,0,0,0,NA,0,NA,0,NA,NA,NA,NA,NA,NA,NA,NA,NA,NA,NA,NA,NA,NA,NA,NA,NA,NA,NA
"241",1,0,0,NA,0,0,0,0,0,0,NA,0,0,0,0,0,0,0,0,NA,NA,0,0,0,0,0,0,0,0,0,NA,0,0,0,NA,0,0,NA,0,0,0,0,0,0,0,0,NA,0,0,0,0,0,0,NA,0,NA,0,0,0,0,0,0,0,0,NA,0,0,0,NA,NA,NA,NA,NA,NA,NA,NA,NA,NA,NA,NA,NA,NA,NA,NA,NA,NA,NA
"242",1,1,0,NA,0,0,0,0,0,0,NA,0,0,0,0,0,0,0,0,NA,0,0,0,0,0,0,0,0,0,0,NA,0,0,0,NA,0,0,NA,0,0,0,0,0,0,0,0,NA,0,0,0,0,0,0,NA,0,NA,0,0,0,0,0,0,0,0,NA,0,0,0,NA,NA,NA,NA,NA,NA,NA,NA,NA,NA,NA,NA,NA,NA,NA,NA,NA,NA,NA
"243",1,1,1,1,1,1,0,0,NA,NA,NA,0,0,0,0,NA,0,0,NA,0,NA,0,0,NA,0,0,0,0,0,0,NA,0,0,0,NA,0,0,0,0,NA,0,NA,0,0,NA,0,0,0,0,0,0,0,0,0,0,0,NA,0,NA,0,0,0,0,0,0,NA,NA,0,NA,NA,NA,NA,NA,NA,NA,NA,NA,NA,NA,NA,NA,NA,NA,NA,NA,NA,NA
"244",1,1,1,1,1,1,0,0,NA,NA,NA,0,0,0,0,0,0,0,NA,0,0,0,0,NA,0,0,0,0,0,0,NA,0,0,0,NA,0,0,NA,0,NA,0,NA,0,0,NA,0,NA,0,0,0,0,0,0,NA,0,NA,NA,0,NA,NA,0,0,0,0,0,NA,0,0,NA,NA,NA,NA,NA,NA,NA,NA,NA,NA,NA,NA,NA,NA,NA,NA,NA,NA,NA
"245",1,0,1,1,0,1,0,0,NA,NA,NA,0,0,0,0,NA,0,0,NA,0,NA,0,0,NA,0,0,0,0,0,0,NA,0,0,0,NA,0,0,0,0,NA,0,0,0,0,NA,0,0,0,0,0,0,0,0,0,0,0,NA,0,NA,0,0,0,0,0,0,NA,NA,0,NA,NA,NA,NA,NA,NA,NA,NA,NA,NA,NA,NA,NA,NA,NA,NA,NA,NA,NA
"246",1,1,1,1,0,1,0,0,NA,NA,NA,0,0,0,0,0,0,0,NA,0,0,0,0,NA,0,0,0,0,0,0,NA,0,0,0,NA,0,0,NA,0,NA,0,0,0,0,NA,0,NA,0,0,0,0,0,0,NA,0,NA,NA,0,NA,NA,0,0,0,0,0,NA,0,0,NA,NA,NA,NA,NA,NA,NA,NA,NA,NA,NA,NA,NA,NA,NA,NA,NA,NA,NA
"247",1,1,1,1,1,0,0,0,NA,NA,NA,0,0,0,0,NA,0,0,NA,0,NA,0,0,NA,0,0,0,0,0,0,NA,0,0,0,NA,0,0,0,0,NA,0,NA,0,0,NA,0,0,0,0,0,0,0,0,0,0,0,0,0,0,0,0,0,0,0,0,NA,NA,0,NA,NA,NA,NA,NA,NA,NA,NA,NA,NA,NA,NA,NA,NA,NA,NA,NA,NA,NA
"248",1,1,1,1,1,0,0,0,NA,NA,NA,0,0,0,0,0,0,0,NA,0,0,0,0,NA,0,0,0,0,0,0,NA,0,0,0,NA,0,0,NA,0,NA,0,NA,0,0,NA,0,NA,0,0,0,0,0,0,NA,0,NA,0,0,0,NA,0,0,0,0,0,NA,0,0,NA,NA,NA,NA,NA,NA,NA,NA,NA,NA,NA,NA,NA,NA,NA,NA,NA,NA,NA
"249",1,0,1,1,0,0,0,0,NA,NA,NA,0,0,0,0,NA,0,0,NA,0,NA,0,0,NA,0,0,0,0,0,0,NA,0,0,0,NA,0,0,0,0,NA,0,0,0,0,NA,0,0,0,0,0,0,0,0,0,0,0,0,0,0,0,0,0,0,0,0,NA,NA,0,NA,NA,NA,NA,NA,NA,NA,NA,NA,NA,NA,NA,NA,NA,NA,NA,NA,NA,NA
"250",1,1,1,1,0,0,0,0,NA,NA,NA,0,0,0,0,0,0,0,NA,0,0,0,0,NA,0,0,0,0,0,0,NA,0,0,0,NA,0,0,NA,0,NA,0,0,0,0,NA,0,NA,0,0,0,0,0,0,NA,0,NA,0,0,0,NA,0,0,0,0,0,NA,0,0,NA,NA,NA,NA,NA,NA,NA,NA,NA,NA,NA,NA,NA,NA,NA,NA,NA,NA,NA
"251",1,1,1,1,1,1,0,0,NA,0,NA,0,0,0,0,NA,0,0,NA,0,NA,0,0,NA,0,0,0,0,0,0,NA,0,0,0,NA,0,0,0,0,NA,0,NA,0,0,NA,0,0,0,0,0,0,0,0,0,0,0,NA,0,NA,0,0,0,0,0,0,NA,NA,0,NA,NA,NA,NA,NA,NA,NA,NA,NA,NA,NA,NA,NA,NA,NA,NA,NA,NA,NA
"252",1,1,1,0,1,1,0,0,NA,NA,NA,0,0,0,0,0,0,0,0,0,NA,0,0,NA,0,0,0,0,0,0,NA,0,0,0,NA,0,0,NA,0,NA,0,NA,0,0,NA,0,NA,0,0,0,0,0,0,NA,0,NA,NA,0,NA,NA,0,0,0,0,0,NA,0,0,NA,NA,NA,NA,NA,NA,NA,NA,NA,NA,NA,NA,NA,NA,NA,NA,NA,NA,NA
"253",1,1,1,1,1,1,0,0,NA,0,NA,0,0,0,0,NA,0,0,NA,0,0,0,0,NA,0,0,0,0,0,0,NA,0,0,0,NA,0,0,0,0,NA,0,NA,0,0,NA,0,0,0,0,0,0,0,0,0,0,0,NA,0,NA,0,0,0,0,0,0,NA,NA,0,NA,NA,NA,NA,NA,NA,NA,NA,NA,NA,NA,NA,NA,NA,NA,NA,NA,NA,NA
"254",1,1,1,0,1,1,0,0,NA,NA,NA,0,0,0,0,0,0,0,0,0,0,0,0,NA,0,0,0,0,0,0,NA,0,0,0,NA,0,0,NA,0,NA,0,NA,0,0,NA,0,NA,0,0,0,0,0,0,NA,0,NA,NA,0,NA,NA,0,0,0,0,0,NA,0,0,NA,NA,NA,NA,NA,NA,NA,NA,NA,NA,NA,NA,NA,NA,NA,NA,NA,NA,NA
"255",1,0,1,1,0,1,0,0,NA,0,NA,0,0,0,0,NA,0,0,NA,0,NA,0,0,NA,0,0,0,0,0,0,NA,0,0,0,NA,0,0,0,0,NA,0,0,0,0,NA,0,0,0,0,0,0,0,0,0,0,0,NA,0,NA,0,0,0,0,0,0,NA,NA,0,NA,NA,NA,NA,NA,NA,NA,NA,NA,NA,NA,NA,NA,NA,NA,NA,NA,NA,NA
"256",1,0,1,0,0,1,0,0,NA,NA,NA,0,0,0,0,0,0,0,0,0,NA,0,0,NA,0,0,0,0,0,0,NA,0,0,0,NA,0,0,NA,0,NA,0,0,0,0,NA,0,NA,0,0,0,0,0,0,NA,0,NA,NA,0,NA,NA,0,0,0,0,0,NA,0,0,NA,NA,NA,NA,NA,NA,NA,NA,NA,NA,NA,NA,NA,NA,NA,NA,NA,NA,NA
"257",1,1,1,1,0,1,0,0,NA,0,NA,0,0,0,0,NA,0,0,NA,0,0,0,0,NA,0,0,0,0,0,0,NA,0,0,0,NA,0,0,0,0,NA,0,0,0,0,NA,0,0,0,0,0,0,0,0,0,0,0,NA,0,NA,0,0,0,0,0,0,NA,NA,0,NA,NA,NA,NA,NA,NA,NA,NA,NA,NA,NA,NA,NA,NA,NA,NA,NA,NA,NA
"258",1,1,1,0,0,1,0,0,NA,NA,NA,0,0,0,0,0,0,0,0,0,0,0,0,NA,0,0,0,0,0,0,NA,0,0,0,NA,0,0,NA,0,NA,0,0,0,0,NA,0,NA,0,0,0,0,0,0,NA,0,NA,NA,0,NA,NA,0,0,0,0,0,NA,0,0,NA,NA,NA,NA,NA,NA,NA,NA,NA,NA,NA,NA,NA,NA,NA,NA,NA,NA,NA
"259",1,1,1,1,1,0,0,0,NA,0,NA,0,0,0,0,NA,0,0,NA,0,NA,0,0,NA,0,0,0,0,0,0,NA,0,0,0,NA,0,0,0,0,NA,0,NA,0,0,NA,0,0,0,0,0,0,0,0,0,0,0,0,0,0,0,0,0,0,0,0,NA,NA,0,NA,NA,NA,NA,NA,NA,NA,NA,NA,NA,NA,NA,NA,NA,NA,NA,NA,NA,NA
"260",1,1,1,0,1,0,0,0,NA,NA,NA,0,0,0,0,0,0,0,0,0,NA,0,0,NA,0,0,0,0,0,0,NA,0,0,0,NA,0,0,NA,0,NA,0,NA,0,0,NA,0,NA,0,0,0,0,0,0,NA,0,NA,0,0,0,NA,0,0,0,0,0,NA,0,0,NA,NA,NA,NA,NA,NA,NA,NA,NA,NA,NA,NA,NA,NA,NA,NA,NA,NA,NA
"261",1,1,1,1,1,0,0,0,NA,0,NA,0,0,0,0,NA,0,0,NA,0,0,0,0,NA,0,0,0,0,0,0,NA,0,0,0,NA,0,0,0,0,NA,0,NA,0,0,NA,0,0,0,0,0,0,0,0,0,0,0,0,0,0,0,0,0,0,0,0,NA,NA,0,NA,NA,NA,NA,NA,NA,NA,NA,NA,NA,NA,NA,NA,NA,NA,NA,NA,NA,NA
"262",1,1,1,0,1,0,0,0,NA,NA,NA,0,0,0,0,0,0,0,0,0,0,0,0,NA,0,0,0,0,0,0,NA,0,0,0,NA,0,0,NA,0,NA,0,NA,0,0,NA,0,NA,0,0,0,0,0,0,NA,0,NA,0,0,0,NA,0,0,0,0,0,NA,0,0,NA,NA,NA,NA,NA,NA,NA,NA,NA,NA,NA,NA,NA,NA,NA,NA,NA,NA,NA
"263",1,0,1,1,0,0,0,0,NA,0,NA,0,0,0,0,NA,0,0,NA,0,NA,0,0,NA,0,0,0,0,0,0,NA,0,0,0,NA,0,0,0,0,NA,0,0,0,0,NA,0,0,0,0,0,0,0,0,0,0,0,0,0,0,0,0,0,0,0,0,NA,NA,0,NA,NA,NA,NA,NA,NA,NA,NA,NA,NA,NA,NA,NA,NA,NA,NA,NA,NA,NA
"264",1,0,1,0,0,0,0,0,NA,NA,NA,0,0,0,0,0,0,0,0,0,NA,0,0,NA,0,0,0,0,0,0,NA,0,0,0,NA,0,0,NA,0,NA,0,0,0,0,NA,0,NA,0,0,0,0,0,0,NA,0,NA,0,0,0,NA,0,0,0,0,0,NA,0,0,NA,NA,NA,NA,NA,NA,NA,NA,NA,NA,NA,NA,NA,NA,NA,NA,NA,NA,NA
"265",1,1,1,1,0,0,0,0,NA,0,NA,0,0,0,0,NA,0,0,NA,0,0,0,0,NA,0,0,0,0,0,0,NA,0,0,0,NA,0,0,0,0,NA,0,0,0,0,NA,0,0,0,0,0,0,0,0,0,0,0,0,0,0,0,0,0,0,0,0,NA,NA,0,NA,NA,NA,NA,NA,NA,NA,NA,NA,NA,NA,NA,NA,NA,NA,NA,NA,NA,NA
"266",1,1,1,0,0,0,0,0,NA,NA,NA,0,0,0,0,0,0,0,0,0,0,0,0,NA,0,0,0,0,0,0,NA,0,0,0,NA,0,0,NA,0,NA,0,0,0,0,NA,0,NA,0,0,0,0,0,0,NA,0,NA,0,0,0,NA,0,0,0,0,0,NA,0,0,NA,NA,NA,NA,NA,NA,NA,NA,NA,NA,NA,NA,NA,NA,NA,NA,NA,NA,NA
"267",1,1,1,0,1,1,0,0,NA,0,NA,0,0,0,0,NA,0,0,0,0,NA,0,0,NA,0,0,0,0,0,0,NA,0,0,0,NA,0,0,0,0,NA,0,NA,0,0,NA,0,0,0,0,0,0,0,0,0,0,0,NA,0,NA,0,0,0,0,0,0,NA,NA,0,NA,NA,NA,NA,NA,NA,NA,NA,NA,NA,NA,NA,NA,NA,NA,NA,NA,NA,NA
"268",1,1,1,0,1,1,0,0,NA,0,NA,0,0,0,0,0,0,0,0,0,0,0,0,NA,0,0,0,0,0,0,NA,0,0,0,NA,0,0,NA,0,NA,0,NA,0,0,NA,0,NA,0,0,0,0,0,0,NA,0,NA,NA,0,NA,NA,0,0,0,0,0,NA,0,0,NA,NA,NA,NA,NA,NA,NA,NA,NA,NA,NA,NA,NA,NA,NA,NA,NA,NA,NA
"269",1,0,1,0,0,1,0,0,NA,0,NA,0,0,0,0,NA,0,0,0,0,NA,0,0,NA,0,0,0,0,0,0,NA,0,0,0,NA,0,0,0,0,NA,0,0,0,0,NA,0,0,0,0,0,0,0,0,0,0,0,NA,0,NA,0,0,0,0,0,0,NA,NA,0,NA,NA,NA,NA,NA,NA,NA,NA,NA,NA,NA,NA,NA,NA,NA,NA,NA,NA,NA
"270",1,1,1,0,0,1,0,0,NA,0,NA,0,0,0,0,0,0,0,0,0,0,0,0,NA,0,0,0,0,0,0,NA,0,0,0,NA,0,0,NA,0,NA,0,0,0,0,NA,0,NA,0,0,0,0,0,0,NA,0,NA,NA,0,NA,NA,0,0,0,0,0,NA,0,0,NA,NA,NA,NA,NA,NA,NA,NA,NA,NA,NA,NA,NA,NA,NA,NA,NA,NA,NA
"271",1,1,1,0,1,0,0,0,NA,0,NA,0,0,0,0,NA,0,0,0,0,NA,0,0,NA,0,0,0,0,0,0,NA,0,0,0,NA,0,0,0,0,NA,0,NA,0,0,NA,0,0,0,0,0,0,0,0,0,0,0,0,0,0,0,0,0,0,0,0,NA,NA,0,NA,NA,NA,NA,NA,NA,NA,NA,NA,NA,NA,NA,NA,NA,NA,NA,NA,NA,NA
"272",1,1,1,0,1,0,0,0,NA,0,NA,0,0,0,0,0,0,0,0,0,0,0,0,NA,0,0,0,0,0,0,NA,0,0,0,NA,0,0,NA,0,NA,0,NA,0,0,NA,0,NA,0,0,0,0,0,0,NA,0,NA,0,0,0,NA,0,0,0,0,0,NA,0,0,NA,NA,NA,NA,NA,NA,NA,NA,NA,NA,NA,NA,NA,NA,NA,NA,NA,NA,NA
"273",1,1,1,1,1,1,0,0,NA,NA,NA,0,0,0,0,NA,0,0,NA,0,NA,0,0,0,0,0,0,0,0,0,NA,0,0,0,NA,0,0,0,0,NA,0,NA,0,0,NA,0,0,0,0,0,0,0,0,0,0,0,NA,0,NA,0,0,0,0,0,0,NA,NA,0,NA,NA,NA,NA,NA,NA,NA,NA,NA,NA,NA,NA,NA,NA,NA,NA,NA,NA,NA
"274",1,0,1,0,0,0,0,0,NA,0,NA,0,0,0,0,0,0,0,0,0,NA,0,0,NA,0,0,0,0,0,0,NA,0,0,0,NA,0,0,NA,0,NA,0,0,0,0,NA,0,NA,0,0,0,0,0,0,NA,0,NA,0,0,0,NA,0,0,0,0,0,NA,0,0,NA,NA,NA,NA,NA,NA,NA,NA,NA,NA,NA,NA,NA,NA,NA,NA,NA,NA,NA
"275",1,1,1,0,0,0,0,0,NA,0,NA,0,0,0,0,NA,0,0,0,0,0,0,0,NA,0,0,0,0,0,0,NA,0,0,0,NA,0,0,0,0,NA,0,0,0,0,NA,0,0,0,0,0,0,0,0,0,0,0,0,0,0,0,0,0,0,0,0,NA,NA,0,NA,NA,NA,NA,NA,NA,NA,NA,NA,NA,NA,NA,NA,NA,NA,NA,NA,NA,NA
"276",1,1,1,1,1,1,0,0,NA,NA,NA,0,0,0,0,0,0,0,NA,0,0,0,0,0,0,0,0,0,0,0,NA,0,0,0,NA,0,0,NA,0,NA,0,NA,0,0,NA,0,NA,0,0,0,0,0,0,NA,0,NA,NA,0,NA,NA,0,0,0,0,0,NA,0,0,NA,NA,NA,NA,NA,NA,NA,NA,NA,NA,NA,NA,NA,NA,NA,NA,NA,NA,NA
"277",1,0,1,1,0,1,0,0,NA,NA,NA,0,0,0,0,NA,0,0,NA,0,NA,0,0,0,0,0,0,0,0,0,NA,0,0,0,NA,0,0,0,0,NA,0,0,0,0,NA,0,0,0,0,0,0,0,0,0,0,0,NA,0,NA,0,0,0,0,0,0,NA,NA,0,NA,NA,NA,NA,NA,NA,NA,NA,NA,NA,NA,NA,NA,NA,NA,NA,NA,NA,NA
"278",1,1,1,1,0,1,0,0,NA,NA,NA,0,0,0,0,0,0,0,NA,0,0,0,0,0,0,0,0,0,0,0,NA,0,0,0,NA,0,0,NA,0,NA,0,0,0,0,NA,0,NA,0,0,0,0,0,0,NA,0,NA,NA,0,NA,NA,0,0,0,0,0,NA,0,0,NA,NA,NA,NA,NA,NA,NA,NA,NA,NA,NA,NA,NA,NA,NA,NA,NA,NA,NA
"279",0,1,1,1,1,0,0,0,NA,NA,NA,0,0,0,0,NA,0,0,NA,0,NA,0,0,0,0,0,0,0,0,0,NA,0,0,0,NA,0,0,0,0,NA,0,NA,0,0,NA,0,0,0,0,0,0,0,0,0,0,0,0,0,0,0,0,0,0,0,0,NA,NA,0,NA,NA,NA,NA,NA,NA,NA,NA,NA,NA,NA,NA,NA,NA,NA,NA,NA,NA,NA
"280",0,1,1,1,1,0,0,0,NA,NA,NA,0,0,0,0,0,0,0,NA,0,0,0,0,0,0,0,0,0,0,0,NA,0,0,0,NA,0,0,NA,0,NA,0,NA,0,0,NA,0,NA,0,0,0,0,0,0,NA,0,NA,0,0,0,NA,0,0,0,0,0,NA,0,0,NA,NA,NA,NA,NA,NA,NA,NA,NA,NA,NA,NA,NA,NA,NA,NA,NA,NA,NA
"281",0,0,1,1,0,0,0,0,NA,NA,NA,0,0,0,0,NA,0,0,NA,0,NA,0,0,0,0,0,0,0,0,0,NA,0,0,0,NA,0,0,0,0,NA,0,0,0,0,NA,0,0,0,0,0,0,0,0,0,0,0,0,0,0,0,0,0,0,0,0,NA,NA,0,NA,NA,NA,NA,NA,NA,NA,NA,NA,NA,NA,NA,NA,NA,NA,NA,NA,NA,NA
"282",0,1,1,1,0,0,0,0,NA,NA,NA,0,0,0,0,0,0,0,NA,0,0,0,0,0,0,0,0,0,0,0,NA,0,0,0,NA,0,0,NA,0,NA,0,0,0,0,NA,0,NA,0,0,0,0,0,0,NA,0,NA,0,0,0,NA,0,0,0,0,0,NA,0,0,NA,NA,NA,NA,NA,NA,NA,NA,NA,NA,NA,NA,NA,NA,NA,NA,NA,NA,NA
"283",1,1,1,0,1,1,0,0,NA,NA,NA,0,0,0,0,NA,0,0,0,0,NA,0,0,0,0,0,0,0,0,0,NA,0,0,0,NA,0,0,0,0,NA,0,NA,0,0,NA,0,0,0,0,0,0,0,0,0,0,0,NA,0,NA,0,0,0,0,0,0,NA,NA,0,NA,NA,NA,NA,NA,NA,NA,NA,NA,NA,NA,NA,NA,NA,NA,NA,NA,NA,NA
"284",1,1,1,1,1,1,0,0,NA,0,NA,0,0,0,0,0,0,0,NA,0,NA,0,0,0,0,0,0,0,0,0,NA,0,0,0,NA,0,0,NA,0,NA,0,NA,0,0,NA,0,NA,0,0,0,0,0,0,NA,0,NA,NA,0,NA,NA,0,0,0,0,0,NA,0,0,NA,NA,NA,NA,NA,NA,NA,NA,NA,NA,NA,NA,NA,NA,NA,NA,NA,NA,NA
"285",1,1,1,0,1,1,0,0,NA,NA,NA,0,0,0,0,NA,0,0,0,0,0,0,0,0,0,0,0,0,0,0,NA,0,0,0,NA,0,0,0,0,NA,0,NA,0,0,NA,0,0,0,0,0,0,0,0,0,0,0,NA,0,NA,0,0,0,0,0,0,NA,NA,0,NA,NA,NA,NA,NA,NA,NA,NA,NA,NA,NA,NA,NA,NA,NA,NA,NA,NA,NA
"286",1,1,1,1,1,1,0,0,NA,0,NA,0,0,0,0,0,0,0,NA,0,0,0,0,0,0,0,0,0,0,0,NA,0,0,0,NA,0,0,NA,0,NA,0,NA,0,0,NA,0,NA,0,0,0,0,0,0,NA,0,NA,NA,0,NA,NA,0,0,0,0,0,NA,0,0,NA,NA,NA,NA,NA,NA,NA,NA,NA,NA,NA,NA,NA,NA,NA,NA,NA,NA,NA
"287",1,0,1,0,0,1,0,0,NA,NA,NA,0,0,0,0,NA,0,0,0,0,NA,0,0,0,0,0,0,0,0,0,NA,0,0,0,NA,0,0,0,0,NA,0,0,0,0,NA,0,0,0,0,0,0,0,0,0,0,0,NA,0,NA,0,0,0,0,0,0,NA,NA,0,NA,NA,NA,NA,NA,NA,NA,NA,NA,NA,NA,NA,NA,NA,NA,NA,NA,NA,NA
"288",1,0,1,1,0,1,0,0,NA,0,NA,0,0,0,0,0,0,0,NA,0,NA,0,0,0,0,0,0,0,0,0,NA,0,0,0,NA,0,0,NA,0,NA,0,0,0,0,NA,0,NA,0,0,0,0,0,0,NA,0,NA,NA,0,NA,NA,0,0,0,0,0,NA,0,0,NA,NA,NA,NA,NA,NA,NA,NA,NA,NA,NA,NA,NA,NA,NA,NA,NA,NA,NA
"289",1,1,1,0,0,1,0,0,NA,NA,NA,0,0,0,0,NA,0,0,0,0,0,0,0,0,0,0,0,0,0,0,NA,0,0,0,NA,0,0,0,0,NA,0,0,0,0,NA,0,0,0,0,0,0,0,0,0,0,0,NA,0,NA,0,0,0,0,0,0,NA,NA,0,NA,NA,NA,NA,NA,NA,NA,NA,NA,NA,NA,NA,NA,NA,NA,NA,NA,NA,NA
"290",1,1,1,1,0,1,0,0,NA,0,NA,0,0,0,0,0,0,0,NA,0,0,0,0,0,0,0,0,0,0,0,NA,0,0,0,NA,0,0,NA,0,NA,0,0,0,0,NA,0,NA,0,0,0,0,0,0,NA,0,NA,NA,0,NA,NA,0,0,0,0,0,NA,0,0,NA,NA,NA,NA,NA,NA,NA,NA,NA,NA,NA,NA,NA,NA,NA,NA,NA,NA,NA
"291",0,1,1,0,1,0,0,0,NA,NA,NA,0,0,0,0,NA,0,0,0,0,0,0,0,0,0,0,0,0,0,0,NA,0,0,0,NA,0,0,0,0,NA,0,NA,0,0,NA,0,0,0,0,0,0,0,0,0,0,0,0,0,0,0,0,0,0,0,0,NA,NA,0,NA,NA,NA,NA,NA,NA,NA,NA,NA,NA,NA,NA,NA,NA,NA,NA,NA,NA,NA
"292",0,1,1,1,1,0,0,0,NA,0,NA,0,0,0,0,0,0,0,NA,0,NA,0,0,0,0,0,0,0,0,0,NA,0,0,0,NA,0,0,NA,0,NA,0,NA,0,0,NA,0,NA,0,0,0,0,0,0,NA,0,NA,0,0,0,NA,0,0,0,0,0,NA,0,0,NA,NA,NA,NA,NA,NA,NA,NA,NA,NA,NA,NA,NA,NA,NA,NA,NA,NA,NA
"293",0,0,1,0,0,0,0,0,NA,NA,NA,0,0,0,0,NA,0,0,0,0,NA,0,0,0,0,0,0,0,0,0,NA,0,0,0,NA,0,0,0,0,NA,0,0,0,0,NA,0,0,0,0,0,0,0,0,0,0,0,0,0,0,0,0,0,0,0,0,NA,NA,0,NA,NA,NA,NA,NA,NA,NA,NA,NA,NA,NA,NA,NA,NA,NA,NA,NA,NA,NA
"294",0,1,1,1,1,0,0,0,NA,0,NA,0,0,0,0,0,0,0,NA,0,0,0,0,0,0,0,0,0,0,0,NA,0,0,0,NA,0,0,NA,0,NA,0,NA,0,0,NA,0,NA,0,0,0,0,0,0,NA,0,NA,0,0,0,NA,0,0,0,0,0,NA,0,0,NA,NA,NA,NA,NA,NA,NA,NA,NA,NA,NA,NA,NA,NA,NA,NA,NA,NA,NA
"295",0,1,1,0,0,0,0,0,NA,NA,NA,0,0,0,0,NA,0,0,0,0,0,0,0,0,0,0,0,0,0,0,NA,0,0,0,NA,0,0,0,0,NA,0,0,0,0,NA,0,0,0,0,0,0,0,0,0,0,0,0,0,0,0,0,0,0,0,0,NA,NA,0,NA,NA,NA,NA,NA,NA,NA,NA,NA,NA,NA,NA,NA,NA,NA,NA,NA,NA,NA
"296",0,0,1,1,0,0,0,0,NA,0,NA,0,0,0,0,0,0,0,NA,0,NA,0,0,0,0,0,0,0,0,0,NA,0,0,0,NA,0,0,NA,0,NA,0,0,0,0,NA,0,NA,0,0,0,0,0,0,NA,0,NA,0,0,0,NA,0,0,0,0,0,NA,0,0,NA,NA,NA,NA,NA,NA,NA,NA,NA,NA,NA,NA,NA,NA,NA,NA,NA,NA,NA
"297",0,1,1,1,0,0,0,0,NA,0,NA,0,0,0,0,NA,0,0,NA,0,0,0,0,0,0,0,0,0,0,0,NA,0,0,0,NA,0,0,0,0,NA,0,0,0,0,NA,0,0,0,0,0,0,0,0,0,0,0,0,0,0,0,0,0,0,0,0,NA,NA,0,NA,NA,NA,NA,NA,NA,NA,NA,NA,NA,NA,NA,NA,NA,NA,NA,NA,NA,NA
"298",1,1,1,0,1,1,0,0,NA,0,NA,0,0,0,0,0,0,0,0,0,NA,0,0,0,0,0,0,0,0,0,NA,0,0,0,NA,0,0,NA,0,NA,0,NA,0,0,NA,0,NA,0,0,0,0,0,0,NA,0,NA,NA,0,NA,NA,0,0,0,0,0,NA,0,0,NA,NA,NA,NA,NA,NA,NA,NA,NA,NA,NA,NA,NA,NA,NA,NA,NA,NA,NA
"299",1,1,1,0,1,1,0,0,NA,0,NA,0,0,0,0,NA,0,0,0,0,0,0,0,0,0,0,0,0,0,0,NA,0,0,0,NA,0,0,0,0,NA,0,NA,0,0,NA,0,0,0,0,0,0,0,0,0,0,0,NA,0,NA,0,0,0,0,0,0,NA,NA,0,NA,NA,NA,NA,NA,NA,NA,NA,NA,NA,NA,NA,NA,NA,NA,NA,NA,NA,NA
"300",1,0,1,0,0,1,0,0,NA,0,NA,0,0,0,0,0,0,0,0,0,NA,0,0,0,0,0,0,0,0,0,NA,0,0,0,NA,0,0,NA,0,NA,0,0,0,0,NA,0,NA,0,0,0,0,0,0,NA,0,NA,NA,0,NA,NA,0,0,0,0,0,NA,0,0,NA,NA,NA,NA,NA,NA,NA,NA,NA,NA,NA,NA,NA,NA,NA,NA,NA,NA,NA
"301",1,1,1,0,0,1,0,0,NA,0,NA,0,0,0,0,NA,0,0,0,0,0,0,0,0,0,0,0,0,0,0,NA,0,0,0,NA,0,0,0,0,NA,0,0,0,0,NA,0,0,0,0,0,0,0,0,0,0,0,NA,0,NA,0,0,0,0,0,0,NA,NA,0,NA,NA,NA,NA,NA,NA,NA,NA,NA,NA,NA,NA,NA,NA,NA,NA,NA,NA,NA
"302",0,1,1,0,1,0,0,0,NA,0,NA,0,0,0,0,0,0,0,0,0,0,0,0,0,0,0,0,0,0,0,NA,0,0,0,NA,0,0,NA,0,NA,0,NA,0,0,NA,0,NA,0,0,0,0,0,0,NA,0,NA,0,0,0,NA,0,0,0,0,0,NA,0,0,NA,NA,NA,NA,NA,NA,NA,NA,NA,NA,NA,NA,NA,NA,NA,NA,NA,NA,NA
"303",0,0,1,0,0,0,0,0,NA,0,NA,0,0,0,0,NA,0,0,0,0,NA,0,0,0,0,0,0,0,0,0,NA,0,0,0,NA,0,0,0,0,NA,0,0,0,0,NA,0,0,0,0,0,0,0,0,0,0,0,0,0,0,0,0,0,0,0,0,NA,NA,0,NA,NA,NA,NA,NA,NA,NA,NA,NA,NA,NA,NA,NA,NA,NA,NA,NA,NA,NA
"304",0,1,1,0,0,0,0,0,NA,0,NA,0,0,0,0,0,0,0,0,0,0,0,0,0,0,0,0,0,0,0,NA,0,0,0,NA,0,0,NA,0,NA,0,0,0,0,NA,0,NA,0,0,0,0,0,0,NA,0,NA,0,0,0,NA,0,0,0,0,0,NA,0,0,NA,NA,NA,NA,NA,NA,NA,NA,NA,NA,NA,NA,NA,NA,NA,NA,NA,NA,NA
"305",1,1,1,NA,1,0,0,0,0,0,NA,0,0,0,0,NA,0,0,0,NA,NA,0,0,NA,0,0,0,0,0,0,NA,0,0,0,NA,0,0,0,0,0,0,NA,0,0,0,0,0,0,0,0,0,0,0,0,0,0,NA,0,NA,0,0,0,0,0,0,0,NA,0,NA,NA,NA,NA,NA,NA,NA,NA,NA,NA,NA,NA,NA,NA,NA,NA,NA,NA,NA
"306",1,1,1,NA,1,0,0,0,0,0,NA,0,0,0,0,0,0,0,0,NA,0,0,0,NA,0,0,0,0,0,0,NA,0,0,0,NA,0,0,NA,0,0,0,NA,0,0,0,0,NA,0,0,0,0,0,0,NA,0,NA,NA,0,NA,0,0,0,0,0,0,0,0,0,NA,NA,NA,NA,NA,NA,NA,NA,NA,NA,NA,NA,NA,NA,NA,NA,NA,NA,NA
"307",1,0,1,NA,0,0,0,0,0,0,NA,0,0,0,0,NA,0,0,0,NA,NA,0,0,NA,0,0,0,0,0,0,NA,0,0,0,NA,0,0,0,0,0,0,0,0,0,0,0,0,0,0,0,0,0,0,0,0,0,NA,0,NA,0,0,0,0,0,0,0,NA,0,NA,NA,NA,NA,NA,NA,NA,NA,NA,NA,NA,NA,NA,NA,NA,NA,NA,NA,NA
"308",1,1,1,NA,0,0,0,0,0,0,NA,0,0,0,0,0,0,0,0,NA,0,0,0,NA,0,0,0,0,0,0,NA,0,0,0,NA,0,0,NA,0,0,0,0,0,0,0,0,NA,0,0,0,0,0,0,NA,0,NA,NA,0,NA,0,0,0,0,0,0,0,0,0,NA,NA,NA,NA,NA,NA,NA,NA,NA,NA,NA,NA,NA,NA,NA,NA,NA,NA,NA
"309",1,1,1,NA,1,0,0,0,0,0,NA,0,0,0,0,NA,0,0,0,NA,NA,0,0,NA,0,0,0,0,0,0,NA,0,0,0,NA,0,0,0,0,0,0,NA,0,0,0,0,0,0,0,0,0,0,0,0,0,0,0,0,0,0,0,0,0,0,0,0,NA,0,NA,NA,NA,NA,NA,NA,NA,NA,NA,NA,NA,NA,NA,NA,NA,NA,NA,NA,NA
"310",1,1,1,NA,1,0,0,0,0,0,NA,0,0,0,0,0,0,0,0,NA,0,0,0,NA,0,0,0,0,0,0,NA,0,0,0,NA,0,0,NA,0,0,0,NA,0,0,0,0,NA,0,0,0,0,0,0,NA,0,NA,0,0,0,0,0,0,0,0,0,0,0,0,NA,NA,NA,NA,NA,NA,NA,NA,NA,NA,NA,NA,NA,NA,NA,NA,NA,NA,NA
"311",1,0,1,NA,0,0,0,0,0,0,NA,0,0,0,0,NA,0,0,0,NA,NA,0,0,NA,0,0,0,0,0,0,NA,0,0,0,NA,0,0,0,0,0,0,0,0,0,0,0,0,0,0,0,0,0,0,0,0,0,0,0,0,0,0,0,0,0,0,0,NA,0,NA,NA,NA,NA,NA,NA,NA,NA,NA,NA,NA,NA,NA,NA,NA,NA,NA,NA,NA
"312",1,1,1,NA,0,0,0,0,0,0,NA,0,0,0,0,0,0,0,0,NA,0,0,0,NA,0,0,0,0,0,0,NA,0,0,0,NA,0,0,NA,0,0,0,0,0,0,0,0,NA,0,0,0,0,0,0,NA,0,NA,0,0,0,0,0,0,0,0,0,0,0,0,NA,NA,NA,NA,NA,NA,NA,NA,NA,NA,NA,NA,NA,NA,NA,NA,NA,NA,NA
"313",1,1,1,NA,1,0,0,0,0,0,NA,0,0,0,0,NA,0,0,0,NA,NA,0,0,0,0,0,0,0,0,0,NA,0,0,0,NA,0,0,0,0,0,0,NA,0,0,0,0,0,0,0,0,0,0,0,0,0,0,NA,0,NA,0,0,0,0,0,0,0,NA,0,NA,NA,NA,NA,NA,NA,NA,NA,NA,NA,NA,NA,NA,NA,NA,NA,NA,NA,NA
"314",1,1,1,NA,1,0,0,0,0,0,NA,0,0,0,0,0,0,0,0,NA,0,0,0,0,0,0,0,0,0,0,NA,0,0,0,NA,0,0,NA,0,0,0,NA,0,0,0,0,NA,0,0,0,0,0,0,NA,0,NA,NA,0,NA,0,0,0,0,0,0,0,0,0,NA,NA,NA,NA,NA,NA,NA,NA,NA,NA,NA,NA,NA,NA,NA,NA,NA,NA,NA
"315",1,0,1,NA,0,0,0,0,0,0,NA,0,0,0,0,NA,0,0,0,NA,NA,0,0,0,0,0,0,0,0,0,NA,0,0,0,NA,0,0,0,0,0,0,0,0,0,0,0,0,0,0,0,0,0,0,0,0,0,NA,0,NA,0,0,0,0,0,0,0,NA,0,NA,NA,NA,NA,NA,NA,NA,NA,NA,NA,NA,NA,NA,NA,NA,NA,NA,NA,NA
"316",1,1,1,NA,0,0,0,0,0,0,NA,0,0,0,0,0,0,0,0,NA,0,0,0,0,0,0,0,0,0,0,NA,0,0,0,NA,0,0,NA,0,0,0,0,0,0,0,0,NA,0,0,0,0,0,0,NA,0,NA,NA,0,NA,0,0,0,0,0,0,0,0,0,NA,NA,NA,NA,NA,NA,NA,NA,NA,NA,NA,NA,NA,NA,NA,NA,NA,NA,NA
"317",0,1,1,NA,1,0,0,0,0,0,NA,0,0,0,0,NA,0,0,0,NA,NA,0,0,0,0,0,0,0,0,0,NA,0,0,0,NA,0,0,0,0,0,0,NA,0,0,0,0,0,0,0,0,0,0,0,0,0,0,0,0,0,0,0,0,0,0,0,0,NA,0,NA,NA,NA,NA,NA,NA,NA,NA,NA,NA,NA,NA,NA,NA,NA,NA,NA,NA,NA
"318",0,1,1,NA,1,0,0,0,0,0,NA,0,0,0,0,0,0,0,0,NA,0,0,0,0,0,0,0,0,0,0,NA,0,0,0,NA,0,0,NA,0,0,0,NA,0,0,0,0,NA,0,0,0,0,0,0,NA,0,NA,0,0,0,0,0,0,0,0,0,0,0,0,NA,NA,NA,NA,NA,NA,NA,NA,NA,NA,NA,NA,NA,NA,NA,NA,NA,NA,NA
"319",0,0,1,NA,0,0,0,0,0,0,NA,0,0,0,0,NA,0,0,0,NA,NA,0,0,0,0,0,0,0,0,0,NA,0,0,0,NA,0,0,0,0,0,0,0,0,0,0,0,0,0,0,0,0,0,0,0,0,0,0,0,0,0,0,0,0,0,0,0,NA,0,NA,NA,NA,NA,NA,NA,NA,NA,NA,NA,NA,NA,NA,NA,NA,NA,NA,NA,NA
"320",0,1,1,NA,0,0,0,0,0,0,NA,0,0,0,0,0,0,0,0,NA,0,0,0,0,0,0,0,0,0,0,NA,0,0,0,NA,0,0,NA,0,0,0,0,0,0,0,0,NA,0,0,0,0,0,0,NA,0,NA,0,0,0,0,0,0,0,0,0,0,0,0,NA,NA,NA,NA,NA,NA,NA,NA,NA,NA,NA,NA,NA,NA,NA,NA,NA,NA,NA
"321",0.9375,0.75,0.5,0.5,0.5,0.2,0,0,0,0,0,0,0,0,0,0,0,0,0,0,0,0,0,0,0,0,0,0,0,0,0,0,0,0,0,0,0,0,0,0,0,0,0,0,0,0,0,0,0,0,0,0,0,0,0,0,0,0,0,0,0,0,0,0,0,0,0,0,0,NA,NA,NA,NA,NA,NA,NA,NA,NA,NA,NA,NA,NA,NA,NA,NA,NA,NA
"322",1,1,1,0.8,1,1,1,0.946875,0.2,0.6,0.053125,1,1,1,1,0.496875,1,1,0.6,0.8,0.5,1,1,0.5,1,1,1,0.965625,1,1,0.053125,1,1,1,0.053125,1,1,0.503125,1,0.2,1,0.5,1,1,0.2,1,0.503125,1,1,1,1,1,0.5,0.503125,1,0.503125,0.5,0.5,0.5,0.609375,1,1,0.5,1,0.5,0.2,0.496875,1,0.053125,0,0,0,0,0,0,0,0,0,0,0,0,0,0,0,0,0,0
