"","rhaR","rhaS","soxR","fnr","marA","hns","crp","phoB","marR","stpA","lrp","cra","soxS","arcA","fis","zraR","asnC","dnaA","metR","cusR","puuR","yiaJ","putA","cadC","melR","araC","yqjI","malI","idnR","pdeL","prpR","fucR","lsrR","glcC","nhaR","yeiL","nikR","aidB","rbsR","betI","lldR","dcuR","cspA","flhD","flhC","ptsG","galR","mlc","pdhR","srlR","xylR","mazE","uxuR","argP","galS","nac","gutM","exuR","mazF","glnG","csgD","yjjQ","mlrA","oxyR","rob","narL","bglJ","ompR","leuO","fliZ","fur","mraZ","purR","tdcA","hyfR","dpiA","metJ","adiY","fhlA","hdfR","evgA","ydeO","gadW","gadX","gadE","rcsA","rcsB"
"1",1,1,1,0,NA,0,1,0,NA,0,0,NA,0,NA,0,0,0,0,0,0,NA,0,0,NA,0,0,0,0,0,0,0,0,0,0,0,0,NA,0,0,0,0,NA,0,0,0,0,0,NA,0,0,0,0,0,0,0,0,NA,NA,0,0,NA,0,NA,0,0,0,0,0,0,0,0,NA,NA,NA,NA,NA,NA,NA,NA,NA,NA,NA,NA,NA,NA,NA,NA
"2",NA,NA,1,0,NA,0,NA,1,NA,0,0,NA,0,NA,1,0,0,0,0,0,0,0,0,NA,NA,0,0,NA,0,0,NA,0,NA,0,0,0,NA,0,0,0,0,NA,0,NA,NA,NA,0,0,0,NA,NA,0,NA,0,NA,0,0,0,NA,0,0,0,0,0,0,0,0,NA,0,NA,0,NA,NA,NA,NA,NA,NA,NA,NA,NA,NA,NA,NA,NA,NA,NA,NA
"3",1,1,1,0,1,0,1,NA,0,0,0,0,1,NA,0,0,0,0,0,0,NA,0,0,NA,0,0,0,0,0,0,0,0,0,0,0,0,NA,0,0,0,0,NA,0,0,0,0,0,NA,0,0,0,0,0,NA,0,0,NA,NA,0,0,NA,0,NA,0,NA,0,0,0,0,0,0,NA,NA,NA,NA,NA,NA,NA,NA,NA,NA,NA,NA,NA,NA,NA,NA
"4",1,1,1,NA,NA,0,1,NA,NA,0,0,0,0,NA,0,0,0,0,0,0,NA,0,0,NA,0,0,0,0,0,0,0,0,0,0,0,0,NA,0,0,0,NA,0,0,0,0,NA,0,NA,0,0,0,0,0,NA,0,0,NA,NA,0,0,NA,0,NA,0,0,0,0,0,0,0,0,NA,NA,NA,NA,NA,NA,NA,NA,NA,NA,NA,NA,NA,NA,NA,NA
"5",1,1,1,NA,1,1,1,NA,0,1,1,0,1,NA,0,0,0,0,0,0,NA,0,0,NA,0,0,0,0,0,0,0,0,0,0,0,0,NA,0,0,0,NA,0,0,0,0,NA,0,NA,0,0,0,0,0,NA,0,0,NA,NA,0,0,NA,NA,NA,0,NA,0,NA,0,NA,0,0,NA,NA,NA,NA,NA,NA,NA,NA,NA,NA,NA,NA,NA,NA,NA,NA
"6",1,1,1,NA,1,1,1,0,0,1,1,NA,1,NA,0,0,0,0,0,0,NA,0,0,NA,0,0,0,0,0,0,0,0,0,0,0,0,NA,0,0,0,NA,0,0,0,0,NA,0,NA,0,0,0,0,0,0,0,0,NA,NA,0,0,NA,NA,NA,0,NA,0,NA,0,NA,0,0,NA,NA,NA,NA,NA,NA,NA,NA,NA,NA,NA,NA,NA,NA,NA,NA
"7",1,1,1,NA,1,1,1,0,0,1,1,NA,1,NA,0,0,0,0,0,0,NA,0,0,NA,NA,0,0,0,0,0,0,0,0,0,0,0,NA,0,0,0,NA,0,0,0,0,NA,0,NA,0,0,0,0,0,0,0,0,NA,NA,0,0,NA,NA,NA,0,NA,0,NA,0,NA,0,0,NA,NA,NA,NA,NA,NA,NA,NA,NA,NA,NA,NA,NA,NA,NA,NA
"8",1,1,1,NA,1,1,1,NA,0,1,1,0,1,NA,0,0,0,0,0,NA,NA,0,0,NA,0,0,0,0,0,0,0,0,0,0,0,0,NA,0,0,0,NA,0,0,0,0,NA,0,NA,0,0,0,0,0,NA,0,0,NA,NA,0,0,NA,NA,NA,0,NA,0,NA,0,NA,0,0,NA,NA,NA,NA,NA,NA,NA,NA,NA,NA,NA,NA,NA,NA,NA,NA
"9",1,1,1,1,1,0,1,NA,0,0,0,0,1,1,0,0,0,0,0,0,NA,0,0,NA,NA,0,0,0,0,0,0,0,0,0,0,0,0,0,0,0,0,NA,0,0,0,0,0,NA,0,0,0,0,0,NA,0,NA,NA,NA,0,0,NA,0,NA,0,NA,NA,0,0,0,0,0,NA,NA,NA,NA,NA,NA,NA,NA,NA,NA,NA,NA,NA,NA,NA,NA
"10",1,1,1,1,NA,1,1,0,1,1,1,NA,0,1,0,0,0,0,0,0,NA,0,0,0,0,0,0,0,0,0,0,0,0,0,0,0,0,0,0,0,0,NA,0,0,0,0,0,NA,0,0,0,0,0,0,0,NA,NA,NA,0,0,NA,NA,NA,0,NA,NA,NA,0,NA,0,0,NA,NA,NA,NA,NA,NA,NA,NA,NA,NA,NA,NA,NA,NA,NA,NA
"11",1,1,1,1,1,1,1,NA,0,1,1,0,1,1,0,0,0,0,0,0,NA,0,0,0,0,0,0,0,0,0,0,0,0,0,0,0,0,0,0,0,0,NA,0,0,0,0,0,NA,0,0,0,0,0,NA,0,NA,NA,NA,0,0,NA,NA,NA,0,NA,NA,NA,0,NA,0,0,NA,NA,NA,NA,NA,NA,NA,NA,NA,NA,NA,NA,NA,NA,NA,NA
"12",1,1,1,1,NA,1,1,0,1,1,1,NA,0,1,0,0,0,0,0,0,NA,0,0,0,0,0,0,0,0,0,0,0,0,0,NA,0,0,0,0,0,0,NA,0,0,0,0,0,NA,0,0,0,0,0,0,0,NA,NA,NA,0,0,NA,NA,NA,0,NA,NA,NA,0,NA,0,0,NA,NA,NA,NA,NA,NA,NA,NA,NA,NA,NA,NA,NA,NA,NA,NA
"13",1,1,1,1,1,1,1,0,0,1,1,NA,1,1,0,0,0,0,0,0,NA,0,0,0,0,0,0,0,0,0,0,0,0,0,0,0,0,0,0,0,0,NA,0,0,0,0,0,NA,0,0,0,0,0,0,0,NA,NA,NA,0,0,NA,NA,NA,0,NA,NA,NA,0,NA,0,0,NA,NA,NA,NA,NA,NA,NA,NA,NA,NA,NA,NA,NA,NA,NA,NA
"14",1,1,1,1,NA,1,1,NA,1,1,1,0,0,1,0,0,0,0,0,0,NA,0,0,0,0,0,0,0,0,0,0,0,0,0,0,0,0,0,0,0,0,NA,0,0,0,0,0,NA,0,0,0,0,0,NA,0,NA,NA,NA,0,0,NA,NA,NA,0,NA,NA,NA,0,NA,0,0,NA,NA,NA,NA,NA,NA,NA,NA,NA,NA,NA,NA,NA,NA,NA,NA
"15",1,1,1,1,1,1,1,0,0,1,1,NA,1,1,0,0,0,0,0,0,NA,0,0,0,0,0,0,0,0,0,0,0,0,0,NA,0,0,0,0,0,0,NA,0,0,0,0,0,NA,0,0,0,0,0,0,0,NA,NA,NA,0,0,NA,NA,NA,0,NA,NA,NA,0,NA,0,0,NA,NA,NA,NA,NA,NA,NA,NA,NA,NA,NA,NA,NA,NA,NA,NA
"16",1,1,1,NA,1,1,1,NA,0,1,1,0,1,0,0,0,0,0,0,0,NA,0,0,0,0,0,0,0,0,0,0,0,0,0,0,0,0,0,0,0,NA,0,0,0,0,NA,0,NA,0,0,0,0,0,NA,0,NA,NA,NA,0,0,NA,NA,NA,0,NA,NA,NA,0,NA,0,0,NA,NA,NA,NA,NA,NA,NA,NA,NA,NA,NA,NA,NA,NA,NA,NA
"17",1,1,1,NA,NA,1,1,0,1,1,1,NA,0,NA,0,0,0,0,0,0,NA,0,0,NA,0,0,0,0,0,0,0,0,0,0,0,0,NA,0,0,0,NA,0,0,0,0,NA,0,NA,0,0,0,0,0,0,0,0,NA,NA,0,0,NA,NA,NA,0,NA,0,NA,0,NA,0,0,NA,NA,NA,NA,NA,NA,NA,NA,NA,NA,NA,NA,NA,NA,NA,NA
"18",1,1,1,NA,NA,1,1,0,1,1,1,NA,0,0,0,0,0,0,0,0,NA,0,0,0,NA,0,0,0,0,0,0,0,0,0,0,0,0,0,0,0,NA,0,0,0,0,NA,0,NA,0,0,0,0,0,0,0,NA,NA,NA,0,0,NA,NA,NA,0,NA,NA,NA,0,NA,0,0,NA,NA,NA,NA,NA,NA,NA,NA,NA,NA,NA,NA,NA,NA,NA,NA
"19",1,1,1,NA,NA,1,1,0,1,1,1,NA,0,NA,0,0,0,0,0,0,NA,0,0,NA,0,0,0,0,0,0,0,0,0,0,NA,0,NA,0,0,0,NA,0,0,0,0,NA,0,NA,0,0,0,0,0,0,0,0,NA,NA,0,0,NA,NA,NA,0,NA,0,NA,0,NA,0,0,NA,NA,NA,NA,NA,NA,NA,NA,NA,NA,NA,NA,NA,NA,NA,NA
"20",NA,NA,1,NA,NA,0,NA,1,1,0,0,NA,0,0,1,0,0,0,0,0,0,0,0,0,NA,0,0,NA,0,0,NA,0,NA,0,0,0,0,0,0,0,NA,0,0,NA,NA,NA,0,0,0,NA,NA,0,NA,0,NA,NA,0,0,NA,0,0,0,0,0,NA,NA,0,NA,0,NA,0,NA,NA,NA,NA,NA,NA,NA,NA,NA,NA,NA,NA,NA,NA,NA,NA
"21",NA,NA,1,NA,NA,1,1,0,1,1,1,NA,0,0,0,0,0,0,0,0,NA,0,0,0,0,0,0,0,0,0,0,0,0,0,0,0,0,0,0,0,NA,0,0,0,0,NA,0,NA,0,0,0,0,0,0,0,NA,NA,NA,0,0,NA,NA,NA,0,NA,NA,NA,0,NA,0,0,NA,NA,NA,NA,NA,NA,NA,NA,NA,NA,NA,NA,NA,NA,NA,NA
"22",1,1,1,NA,NA,1,1,NA,1,1,1,0,0,NA,0,0,0,0,0,NA,NA,0,0,NA,0,0,0,0,0,0,0,0,0,0,0,0,NA,0,0,0,NA,0,0,0,0,NA,0,NA,0,0,0,0,0,NA,0,0,NA,NA,0,0,NA,NA,NA,0,NA,0,NA,0,NA,0,0,NA,NA,NA,NA,NA,NA,NA,NA,NA,NA,NA,NA,NA,NA,NA,NA
"23",NA,NA,1,NA,NA,1,1,0,1,1,1,NA,0,NA,0,0,0,0,0,0,NA,0,0,NA,0,0,0,0,0,0,0,0,0,0,0,0,NA,0,0,0,NA,0,0,0,0,NA,0,NA,0,0,0,0,0,0,0,0,NA,NA,0,0,NA,NA,NA,0,NA,0,NA,0,NA,0,0,NA,NA,NA,NA,NA,NA,NA,NA,NA,NA,NA,NA,NA,NA,NA,NA
"24",1,1,1,NA,NA,1,1,NA,1,1,1,1,0,0,0,0,0,0,0,0,NA,0,0,0,0,0,0,0,0,NA,0,0,0,0,0,0,0,0,0,0,NA,0,0,0,0,NA,0,NA,0,0,0,0,0,NA,0,NA,NA,NA,0,0,NA,NA,NA,0,NA,NA,NA,0,NA,0,0,NA,NA,NA,NA,NA,NA,NA,NA,NA,NA,NA,NA,NA,NA,NA,NA
"25",1,1,1,NA,1,1,1,NA,0,1,1,0,1,NA,0,0,0,0,0,0,NA,0,0,NA,NA,0,0,0,0,0,0,0,0,0,0,0,NA,0,0,0,NA,0,0,0,0,NA,0,NA,0,0,0,0,0,NA,0,0,NA,NA,0,0,NA,NA,NA,0,NA,0,NA,0,NA,0,0,NA,NA,NA,NA,NA,NA,NA,NA,NA,NA,NA,NA,NA,NA,NA,NA
"26",1,1,1,NA,NA,1,1,NA,1,1,1,0,0,0,0,0,0,0,0,NA,NA,0,0,0,0,0,0,0,0,0,0,0,0,0,0,0,0,0,0,0,NA,0,0,0,0,NA,0,NA,0,0,0,0,0,NA,0,NA,NA,NA,0,0,NA,NA,NA,0,NA,NA,NA,0,NA,0,0,NA,NA,NA,NA,NA,NA,NA,NA,NA,NA,NA,NA,NA,NA,NA,NA
"27",1,1,1,NA,1,1,1,0,0,1,1,NA,1,NA,0,0,0,0,0,0,NA,0,0,NA,0,0,0,0,0,0,0,0,0,0,NA,0,NA,0,0,0,NA,0,0,0,0,NA,0,NA,0,0,0,0,0,0,0,0,NA,NA,0,0,NA,NA,NA,0,NA,0,NA,0,NA,0,0,NA,NA,NA,NA,NA,NA,NA,NA,NA,NA,NA,NA,NA,NA,NA,NA
"28",1,1,1,NA,1,1,1,NA,0,1,1,1,1,0,0,0,0,0,0,0,NA,0,0,0,0,0,0,0,0,NA,0,0,0,0,0,0,0,0,0,0,NA,0,0,0,0,NA,0,NA,0,0,0,0,0,NA,0,NA,NA,NA,0,0,NA,NA,NA,0,NA,NA,NA,0,NA,0,0,NA,NA,NA,NA,NA,NA,NA,NA,NA,NA,NA,NA,NA,NA,NA,NA
"29",1,1,1,NA,1,1,1,0,0,1,1,NA,1,NA,0,0,0,0,0,0,NA,0,0,NA,NA,0,0,0,0,0,0,0,0,0,NA,0,NA,0,0,0,NA,0,0,0,0,NA,0,NA,0,0,0,0,0,0,0,0,NA,NA,0,0,NA,NA,NA,0,NA,0,NA,0,NA,0,0,NA,NA,NA,NA,NA,NA,NA,NA,NA,NA,NA,NA,NA,NA,NA,NA
"30",1,1,1,NA,1,1,1,NA,0,1,1,0,1,0,0,0,0,0,0,0,NA,0,0,0,0,0,0,0,0,0,0,0,0,0,NA,0,0,0,0,0,NA,0,0,0,0,NA,0,NA,0,0,0,0,0,NA,0,NA,NA,NA,0,0,NA,NA,NA,0,NA,NA,NA,0,NA,0,0,NA,NA,NA,NA,NA,NA,NA,NA,NA,NA,NA,NA,NA,NA,NA,NA
"31",1,1,1,NA,NA,1,1,0,1,1,1,NA,0,0,0,0,0,0,0,0,NA,0,0,0,NA,0,0,0,0,0,0,0,0,0,NA,0,0,0,0,0,NA,0,0,0,0,NA,0,NA,0,0,0,0,0,0,0,NA,NA,NA,0,0,NA,NA,NA,0,NA,NA,NA,0,NA,0,0,NA,NA,NA,NA,NA,NA,NA,NA,NA,NA,NA,NA,NA,NA,NA,NA
"32",1,1,1,NA,NA,1,1,NA,1,1,1,0,0,0,0,0,0,0,0,0,NA,0,0,0,0,0,0,0,0,0,0,0,0,0,NA,0,0,0,0,0,NA,0,0,0,0,NA,0,NA,0,0,0,0,0,NA,0,NA,NA,NA,0,0,NA,NA,NA,0,NA,NA,NA,0,NA,0,0,NA,NA,NA,NA,NA,NA,NA,NA,NA,NA,NA,NA,NA,NA,NA,NA
"33",1,1,1,NA,1,1,1,0,0,1,1,NA,1,0,0,0,0,0,0,0,NA,0,0,0,NA,0,0,0,0,0,0,0,0,0,0,0,0,0,0,0,NA,0,0,0,0,NA,0,NA,0,0,0,0,0,0,0,NA,NA,NA,0,0,NA,NA,NA,0,NA,NA,NA,0,NA,0,0,NA,NA,NA,NA,NA,NA,NA,NA,NA,NA,NA,NA,NA,NA,NA,NA
"34",1,1,1,NA,1,1,1,NA,0,1,1,1,1,0,0,0,0,0,0,NA,NA,0,0,0,0,0,0,0,0,NA,0,0,0,0,0,0,0,0,0,0,NA,0,0,0,0,NA,0,NA,0,0,0,0,0,NA,0,NA,NA,NA,0,0,NA,NA,NA,0,NA,NA,NA,0,NA,0,0,NA,NA,NA,NA,NA,NA,NA,NA,NA,NA,NA,NA,NA,NA,NA,NA
"35",1,1,1,NA,1,1,1,0,0,1,1,NA,1,0,0,0,0,0,0,0,NA,0,0,0,NA,0,0,0,0,0,0,0,0,0,NA,0,0,0,0,0,NA,0,0,0,0,NA,0,NA,0,0,0,0,0,0,0,NA,NA,NA,0,0,NA,NA,NA,0,NA,NA,NA,0,NA,0,0,NA,NA,NA,NA,NA,NA,NA,NA,NA,NA,NA,NA,NA,NA,NA,NA
"36",1,1,1,NA,1,1,1,NA,0,1,1,1,1,0,0,0,0,0,0,0,NA,0,0,0,0,0,0,0,0,NA,0,0,0,0,NA,0,0,0,0,0,NA,0,0,0,0,NA,0,NA,0,0,0,0,0,NA,0,NA,NA,NA,0,0,NA,NA,NA,0,NA,NA,NA,0,NA,0,0,NA,NA,NA,NA,NA,NA,NA,NA,NA,NA,NA,NA,NA,NA,NA,NA
"37",NA,NA,1,NA,1,1,1,0,0,1,1,NA,1,0,0,0,0,0,0,0,NA,0,0,0,0,0,0,0,0,0,0,0,0,0,NA,0,0,0,0,0,NA,0,0,0,0,NA,0,NA,0,0,0,0,0,0,0,NA,NA,NA,0,0,NA,NA,NA,0,NA,NA,NA,0,NA,0,0,NA,NA,NA,NA,NA,NA,NA,NA,NA,NA,NA,NA,NA,NA,NA,NA
"38",1,1,1,NA,1,1,1,NA,0,1,1,0,1,0,0,0,0,0,0,NA,NA,0,0,0,0,0,0,0,0,0,0,0,0,0,NA,0,0,0,0,0,NA,0,0,0,0,NA,0,NA,0,0,0,0,0,NA,0,NA,NA,NA,0,0,NA,NA,NA,0,NA,NA,NA,0,NA,0,0,NA,NA,NA,NA,NA,NA,NA,NA,NA,NA,NA,NA,NA,NA,NA,NA
"39",NA,NA,1,NA,1,1,0,0,0,1,1,NA,1,0,0,0,0,0,0,0,NA,0,0,0,NA,0,0,0,0,0,0,0,0,0,0,0,0,0,0,0,NA,0,0,0,0,NA,0,NA,0,0,0,0,0,0,0,NA,NA,NA,0,0,NA,NA,NA,0,NA,NA,NA,0,NA,0,0,NA,NA,NA,NA,NA,NA,NA,NA,NA,NA,NA,NA,NA,NA,NA,NA
"40",NA,NA,1,NA,NA,1,1,0,1,1,1,NA,0,0,0,0,0,0,0,0,NA,0,0,0,0,0,0,0,0,0,0,0,0,0,NA,0,0,0,0,0,NA,0,0,0,0,NA,0,NA,0,0,0,0,0,0,0,NA,NA,NA,0,0,NA,NA,NA,0,NA,NA,NA,0,NA,0,0,NA,NA,NA,NA,NA,NA,NA,NA,NA,NA,NA,NA,NA,NA,NA,NA
"41",1,1,1,NA,1,1,1,NA,0,1,1,1,1,0,0,0,0,0,0,NA,NA,0,0,0,0,0,0,0,0,NA,0,0,0,0,NA,0,0,0,0,0,NA,0,0,0,0,NA,0,NA,0,0,0,0,0,NA,0,NA,NA,NA,0,0,NA,NA,NA,0,NA,NA,NA,0,NA,0,0,NA,NA,NA,NA,NA,NA,NA,NA,NA,NA,NA,NA,NA,NA,NA,NA
"42",1,1,1,NA,NA,1,1,NA,1,1,1,1,0,0,0,0,0,0,0,0,NA,0,0,0,0,0,0,0,0,NA,0,0,0,0,NA,0,0,0,0,0,NA,0,0,0,0,NA,0,NA,0,0,0,0,0,NA,0,NA,NA,NA,0,0,NA,NA,NA,0,NA,NA,NA,0,NA,0,0,NA,NA,NA,NA,NA,NA,NA,NA,NA,NA,NA,NA,NA,NA,NA,NA
"43",NA,NA,1,NA,NA,1,0,0,1,1,1,NA,0,0,0,0,0,0,0,0,NA,0,0,0,NA,0,0,0,0,0,0,0,0,0,0,0,0,0,0,0,NA,0,0,0,0,NA,0,NA,0,0,0,0,0,0,0,NA,NA,NA,0,0,NA,NA,NA,0,NA,NA,NA,0,NA,0,0,NA,NA,NA,NA,NA,NA,NA,NA,NA,NA,NA,NA,NA,NA,NA,NA
"44",1,1,1,NA,NA,1,1,NA,1,1,1,1,0,0,0,0,0,0,0,NA,NA,0,0,0,0,0,0,0,0,NA,0,0,0,0,0,0,0,0,0,0,NA,0,0,0,0,NA,0,NA,0,0,0,0,0,NA,0,NA,NA,NA,0,0,NA,NA,NA,0,NA,NA,NA,0,NA,0,0,NA,NA,NA,NA,NA,NA,NA,NA,NA,NA,NA,NA,NA,NA,NA,NA
"45",NA,NA,1,NA,NA,1,0,0,1,1,1,NA,0,0,0,0,0,0,0,0,NA,0,0,0,NA,0,0,0,0,0,0,0,0,0,NA,0,0,0,0,0,NA,0,0,0,0,NA,0,NA,0,0,0,0,0,0,0,NA,NA,NA,0,0,NA,NA,NA,0,NA,NA,NA,0,NA,0,0,NA,NA,NA,NA,NA,NA,NA,NA,NA,NA,NA,NA,NA,NA,NA,NA
"46",1,1,1,NA,NA,1,1,NA,1,1,1,0,0,0,0,0,0,0,0,NA,NA,0,0,0,0,0,0,0,0,0,0,0,0,0,NA,0,0,0,0,0,NA,0,0,0,0,NA,0,NA,0,0,0,0,0,NA,0,NA,NA,NA,0,0,NA,NA,NA,0,NA,NA,NA,0,NA,0,0,NA,NA,NA,NA,NA,NA,NA,NA,NA,NA,NA,NA,NA,NA,NA,NA
"47",NA,NA,1,NA,1,1,0,0,0,1,1,NA,1,0,0,0,0,0,0,0,NA,0,0,0,NA,0,0,0,0,0,0,0,0,0,NA,0,0,0,0,0,NA,0,0,0,0,NA,0,NA,0,0,0,0,0,0,0,NA,NA,NA,0,0,NA,NA,NA,0,NA,NA,NA,0,NA,0,0,NA,NA,NA,NA,NA,NA,NA,NA,NA,NA,NA,NA,NA,NA,NA,NA
"48",1,1,1,NA,NA,1,1,NA,1,1,1,1,0,0,0,0,0,0,0,NA,NA,0,0,0,0,0,0,0,0,NA,0,0,0,0,NA,0,0,0,0,0,NA,0,0,0,0,NA,0,NA,0,0,0,0,0,NA,0,NA,NA,NA,0,0,NA,NA,NA,0,NA,NA,NA,0,NA,0,0,NA,NA,NA,NA,NA,NA,NA,NA,NA,NA,NA,NA,NA,NA,NA,NA
"49",NA,NA,1,NA,1,1,1,0,0,1,1,NA,1,NA,0,0,0,0,0,0,NA,0,0,NA,0,0,0,0,0,0,0,0,0,0,0,0,NA,0,0,0,NA,0,0,0,0,NA,0,NA,0,0,0,0,0,0,0,0,NA,NA,0,0,NA,NA,NA,0,NA,0,NA,0,NA,0,0,NA,NA,NA,NA,NA,NA,NA,NA,NA,NA,NA,NA,NA,NA,NA,NA
"50",NA,NA,1,NA,NA,1,1,NA,1,1,1,0,0,0,0,0,0,0,0,0,NA,0,0,0,0,0,0,0,0,0,0,0,0,0,0,0,0,0,0,0,NA,0,0,0,0,NA,0,NA,0,0,0,0,0,NA,0,NA,NA,NA,0,0,NA,NA,NA,0,NA,NA,NA,0,NA,0,0,NA,NA,NA,NA,NA,NA,NA,NA,NA,NA,NA,NA,NA,NA,NA,NA
"51",NA,NA,1,NA,1,1,1,0,0,1,1,NA,1,NA,0,0,0,0,0,0,NA,0,0,NA,0,0,0,0,0,0,0,0,0,0,NA,0,NA,0,0,0,NA,0,0,0,0,NA,0,NA,0,0,0,0,0,0,0,0,NA,NA,0,0,NA,NA,NA,0,NA,0,NA,0,NA,0,0,NA,NA,NA,NA,NA,NA,NA,NA,NA,NA,NA,NA,NA,NA,NA,NA
"52",NA,NA,1,NA,1,1,1,NA,0,1,1,0,1,0,0,0,0,0,0,0,NA,0,0,0,0,0,0,0,0,0,0,0,0,0,0,0,0,0,0,0,NA,0,0,0,0,NA,0,NA,0,0,0,0,0,NA,0,NA,NA,NA,0,0,NA,NA,NA,0,NA,NA,NA,0,NA,0,0,NA,NA,NA,NA,NA,NA,NA,NA,NA,NA,NA,NA,NA,NA,NA,NA
"53",NA,NA,1,NA,1,1,0,0,0,1,1,NA,1,NA,0,0,0,0,0,0,NA,0,0,NA,NA,0,0,0,0,0,0,0,0,0,0,0,NA,0,0,0,NA,0,0,0,0,NA,0,NA,0,0,0,0,0,0,0,0,NA,NA,0,0,NA,NA,NA,0,NA,0,NA,0,NA,0,0,NA,NA,NA,NA,NA,NA,NA,NA,NA,NA,NA,NA,NA,NA,NA,NA
"54",NA,NA,1,NA,NA,1,1,NA,1,1,1,0,0,0,0,0,0,0,0,NA,NA,0,0,0,0,0,0,0,0,0,0,0,0,0,0,0,0,0,0,0,NA,0,0,0,0,NA,0,NA,0,0,0,0,0,NA,0,NA,NA,NA,0,0,NA,NA,NA,0,NA,NA,NA,0,NA,0,0,NA,NA,NA,NA,NA,NA,NA,NA,NA,NA,NA,NA,NA,NA,NA,NA
"55",1,1,1,NA,1,1,1,NA,0,1,1,0,1,0,0,0,0,0,0,0,NA,0,0,0,NA,0,0,0,0,0,0,0,0,0,0,0,0,0,0,0,NA,0,0,0,0,NA,0,NA,0,0,0,0,0,NA,0,NA,NA,NA,0,0,NA,NA,NA,0,NA,NA,NA,0,NA,0,0,NA,NA,NA,NA,NA,NA,NA,NA,NA,NA,NA,NA,NA,NA,NA,NA
"56",1,1,1,NA,1,1,1,NA,0,1,1,0,1,NA,0,0,0,0,0,0,NA,0,0,NA,0,0,0,0,0,0,0,0,0,0,NA,0,NA,0,0,0,NA,0,0,0,0,NA,0,NA,0,0,0,0,0,NA,0,0,NA,NA,0,0,NA,NA,NA,0,NA,0,NA,0,NA,0,0,NA,NA,NA,NA,NA,NA,NA,NA,NA,NA,NA,NA,NA,NA,NA,NA
"57",1,1,1,NA,1,1,1,NA,0,1,1,1,1,0,0,0,0,0,0,0,NA,0,0,0,NA,0,0,0,0,NA,0,0,0,0,0,0,0,0,0,0,NA,0,0,0,0,NA,0,NA,0,0,0,0,0,NA,0,NA,NA,NA,0,0,NA,NA,NA,0,NA,NA,NA,0,NA,0,0,NA,NA,NA,NA,NA,NA,NA,NA,NA,NA,NA,NA,NA,NA,NA,NA
"58",NA,NA,1,NA,1,1,1,NA,0,1,1,0,1,0,0,0,0,0,0,NA,NA,0,0,0,0,0,0,0,0,0,0,0,0,0,0,0,0,0,0,0,NA,0,0,0,0,NA,0,NA,0,0,0,0,0,NA,0,NA,NA,NA,0,0,NA,NA,NA,0,NA,NA,NA,0,NA,0,0,NA,NA,NA,NA,NA,NA,NA,NA,NA,NA,NA,NA,NA,NA,NA,NA
"59",1,1,1,NA,1,1,1,NA,0,1,1,0,1,0,0,0,0,0,0,0,NA,0,0,0,NA,0,0,0,0,0,0,0,0,0,NA,0,0,0,0,0,NA,0,0,0,0,NA,0,NA,0,0,0,0,0,NA,0,NA,NA,NA,0,0,NA,NA,NA,0,NA,NA,NA,0,NA,0,0,NA,NA,NA,NA,NA,NA,NA,NA,NA,NA,NA,NA,NA,NA,NA,NA
"60",1,1,1,NA,1,1,1,NA,0,1,1,1,1,NA,0,0,0,0,0,0,NA,0,0,NA,0,0,0,0,0,NA,0,0,0,0,0,0,NA,0,0,0,NA,0,0,0,0,NA,0,NA,0,0,0,0,0,NA,0,0,NA,NA,0,0,NA,NA,NA,0,NA,0,NA,0,NA,0,0,NA,NA,NA,NA,NA,NA,NA,NA,NA,NA,NA,NA,NA,NA,NA,NA
"61",1,1,1,NA,1,1,1,NA,0,1,1,1,1,NA,0,0,0,0,0,NA,NA,0,0,NA,0,0,0,0,0,NA,0,0,0,0,0,0,NA,0,0,0,NA,0,0,0,0,NA,0,NA,0,0,0,0,0,NA,0,0,NA,NA,0,0,NA,NA,NA,0,NA,0,NA,0,NA,0,0,NA,NA,NA,NA,NA,NA,NA,NA,NA,NA,NA,NA,NA,NA,NA,NA
"62",NA,NA,1,NA,NA,1,1,NA,1,1,1,0,0,0,0,0,0,0,0,0,NA,0,0,0,0,0,0,0,0,0,0,0,0,0,NA,0,0,0,0,0,NA,0,0,0,0,NA,0,NA,0,0,0,0,0,NA,0,NA,NA,NA,0,0,NA,NA,NA,0,NA,NA,NA,0,NA,0,0,NA,NA,NA,NA,NA,NA,NA,NA,NA,NA,NA,NA,NA,NA,NA,NA
"63",1,1,1,NA,1,1,1,NA,0,1,1,0,1,NA,0,0,0,0,0,NA,NA,0,0,NA,0,0,0,0,0,0,0,0,0,0,NA,0,NA,0,0,0,NA,0,0,0,0,NA,0,NA,0,0,0,0,0,NA,0,0,NA,NA,0,0,NA,NA,NA,0,NA,0,NA,0,NA,0,0,NA,NA,NA,NA,NA,NA,NA,NA,NA,NA,NA,NA,NA,NA,NA,NA
"64",NA,NA,1,NA,NA,1,1,NA,1,1,1,1,0,0,0,0,0,0,0,0,NA,0,0,0,0,0,0,0,0,NA,0,0,0,0,0,0,0,0,0,0,NA,0,0,0,0,NA,0,NA,0,0,0,0,0,NA,0,NA,NA,NA,0,0,NA,NA,NA,0,NA,NA,NA,0,NA,0,0,NA,NA,NA,NA,NA,NA,NA,NA,NA,NA,NA,NA,NA,NA,NA,NA
"65",1,1,1,NA,1,1,1,NA,0,1,1,1,1,NA,0,0,0,0,0,0,NA,0,0,NA,0,0,0,0,0,NA,0,0,0,0,NA,0,NA,0,0,0,NA,0,0,0,0,NA,0,NA,0,0,0,0,0,NA,0,0,NA,NA,0,0,NA,NA,NA,0,NA,0,NA,0,NA,0,0,NA,NA,NA,NA,NA,NA,NA,NA,NA,NA,NA,NA,NA,NA,NA,NA
"66",NA,NA,1,NA,NA,1,1,NA,1,1,1,1,0,0,0,0,0,0,0,0,NA,0,0,0,0,0,0,0,0,NA,0,0,0,0,NA,0,0,0,0,0,NA,0,0,0,0,NA,0,NA,0,0,0,0,0,NA,0,NA,NA,NA,0,0,NA,NA,NA,0,NA,NA,NA,0,NA,0,0,NA,NA,NA,NA,NA,NA,NA,NA,NA,NA,NA,NA,NA,NA,NA,NA
"67",1,1,1,NA,1,1,1,NA,0,1,1,1,1,NA,0,0,0,0,0,NA,NA,0,0,NA,0,0,0,0,0,NA,0,0,0,0,NA,0,NA,0,0,0,NA,0,0,0,0,NA,0,NA,0,0,0,0,0,NA,0,0,NA,NA,0,0,NA,NA,NA,0,NA,0,NA,0,NA,0,0,NA,NA,NA,NA,NA,NA,NA,NA,NA,NA,NA,NA,NA,NA,NA,NA
"68",NA,NA,1,NA,NA,1,1,NA,1,1,1,1,0,0,0,0,0,0,0,NA,NA,0,0,0,0,0,0,0,0,NA,0,0,0,0,0,0,0,0,0,0,NA,0,0,0,0,NA,0,NA,0,0,0,0,0,NA,0,NA,NA,NA,0,0,NA,NA,NA,0,NA,NA,NA,0,NA,0,0,NA,NA,NA,NA,NA,NA,NA,NA,NA,NA,NA,NA,NA,NA,NA,NA
"69",1,1,1,NA,NA,1,1,NA,1,1,1,0,0,0,0,0,0,0,0,0,NA,0,0,0,NA,0,0,0,0,0,0,0,0,0,0,0,0,0,0,0,NA,0,0,0,0,NA,0,NA,0,0,0,0,0,NA,0,NA,NA,NA,0,0,NA,NA,NA,0,NA,NA,NA,0,NA,0,0,NA,NA,NA,NA,NA,NA,NA,NA,NA,NA,NA,NA,NA,NA,NA,NA
"70",NA,NA,1,NA,1,1,1,NA,0,1,1,1,1,0,0,0,0,0,0,0,NA,0,0,0,0,0,0,0,0,NA,0,0,0,0,0,0,0,0,0,0,NA,0,0,0,0,NA,0,NA,0,0,0,0,0,NA,0,NA,NA,NA,0,0,NA,NA,NA,0,NA,NA,NA,0,NA,0,0,NA,NA,NA,NA,NA,NA,NA,NA,NA,NA,NA,NA,NA,NA,NA,NA
"71",NA,NA,1,NA,1,1,1,NA,0,1,1,1,1,0,0,0,0,0,0,NA,NA,0,0,0,0,0,0,0,0,NA,0,0,0,0,0,0,0,0,0,0,NA,0,0,0,0,NA,0,NA,0,0,0,0,0,NA,0,NA,NA,NA,0,0,NA,NA,NA,0,NA,NA,NA,0,NA,0,0,NA,NA,NA,NA,NA,NA,NA,NA,NA,NA,NA,NA,NA,NA,NA,NA
"72",1,1,1,NA,1,1,1,NA,0,1,1,0,1,0,0,0,0,0,0,NA,NA,0,0,0,NA,0,0,0,0,0,0,0,0,0,0,0,0,0,0,0,NA,0,0,0,0,NA,0,NA,0,0,0,0,0,NA,0,NA,NA,NA,0,0,NA,NA,NA,0,NA,NA,NA,0,NA,0,0,NA,NA,NA,NA,NA,NA,NA,NA,NA,NA,NA,NA,NA,NA,NA,NA
"73",1,1,1,NA,1,1,1,NA,0,1,1,1,1,0,0,0,0,0,0,NA,NA,0,0,0,NA,0,0,0,0,NA,0,0,0,0,0,0,0,0,0,0,NA,0,0,0,0,NA,0,NA,0,0,0,0,0,NA,0,NA,NA,NA,0,0,NA,NA,NA,0,NA,NA,NA,0,NA,0,0,NA,NA,NA,NA,NA,NA,NA,NA,NA,NA,NA,NA,NA,NA,NA,NA
"74",NA,NA,1,NA,1,1,1,NA,0,1,1,0,1,0,0,0,0,0,0,0,NA,0,0,0,0,0,0,0,0,0,0,0,0,0,NA,0,0,0,0,0,NA,0,0,0,0,NA,0,NA,0,0,0,0,0,NA,0,NA,NA,NA,0,0,NA,NA,NA,0,NA,NA,NA,0,NA,0,0,NA,NA,NA,NA,NA,NA,NA,NA,NA,NA,NA,NA,NA,NA,NA,NA
"75",NA,NA,1,NA,1,1,1,NA,0,1,1,1,1,0,0,0,0,0,0,0,NA,0,0,0,0,0,0,0,0,NA,0,0,0,0,NA,0,0,0,0,0,NA,0,0,0,0,NA,0,NA,0,0,0,0,0,NA,0,NA,NA,NA,0,0,NA,NA,NA,0,NA,NA,NA,0,NA,0,0,NA,NA,NA,NA,NA,NA,NA,NA,NA,NA,NA,NA,NA,NA,NA,NA
"76",1,1,1,NA,1,1,1,NA,0,1,1,0,1,0,0,0,0,0,0,NA,NA,0,0,0,NA,0,0,0,0,0,0,0,0,0,NA,0,0,0,0,0,NA,0,0,0,0,NA,0,NA,0,0,0,0,0,NA,0,NA,NA,NA,0,0,NA,NA,NA,0,NA,NA,NA,0,NA,0,0,NA,NA,NA,NA,NA,NA,NA,NA,NA,NA,NA,NA,NA,NA,NA,NA
"77",1,1,1,NA,1,1,1,NA,0,1,1,1,1,0,0,0,0,0,0,0,NA,0,0,0,NA,0,0,0,0,NA,0,0,0,0,NA,0,0,0,0,0,NA,0,0,0,0,NA,0,NA,0,0,0,0,0,NA,0,NA,NA,NA,0,0,NA,NA,NA,0,NA,NA,NA,0,NA,0,0,NA,NA,NA,NA,NA,NA,NA,NA,NA,NA,NA,NA,NA,NA,NA,NA
"78",NA,NA,1,NA,1,1,1,NA,0,1,1,0,1,0,0,0,0,0,0,NA,NA,0,0,0,0,0,0,0,0,0,0,0,0,0,NA,0,0,0,0,0,NA,0,0,0,0,NA,0,NA,0,0,0,0,0,NA,0,NA,NA,NA,0,0,NA,NA,NA,0,NA,NA,NA,0,NA,0,0,NA,NA,NA,NA,NA,NA,NA,NA,NA,NA,NA,NA,NA,NA,NA,NA
"79",NA,NA,1,NA,1,1,1,NA,0,1,1,1,1,0,0,0,0,0,0,NA,NA,0,0,0,0,0,0,0,0,NA,0,0,0,0,NA,0,0,0,0,0,NA,0,0,0,0,NA,0,NA,0,0,0,0,0,NA,0,NA,NA,NA,0,0,NA,NA,NA,0,NA,NA,NA,0,NA,0,0,NA,NA,NA,NA,NA,NA,NA,NA,NA,NA,NA,NA,NA,NA,NA,NA
"80",1,1,1,NA,1,1,1,NA,0,1,1,1,1,0,0,0,0,0,0,NA,NA,0,0,0,NA,0,0,0,0,NA,0,0,0,0,NA,0,0,0,0,0,NA,0,0,0,0,NA,0,NA,0,0,0,0,0,NA,0,NA,NA,NA,0,0,NA,NA,NA,0,NA,NA,NA,0,NA,0,0,NA,NA,NA,NA,NA,NA,NA,NA,NA,NA,NA,NA,NA,NA,NA,NA
"81",1,1,1,NA,NA,1,1,NA,1,1,1,1,0,0,0,0,0,0,0,0,NA,0,0,0,NA,0,0,0,0,NA,0,0,0,0,0,0,0,0,0,0,NA,0,0,0,0,NA,0,NA,0,0,0,0,0,NA,0,NA,NA,NA,0,0,NA,NA,NA,0,NA,NA,NA,0,NA,0,0,NA,NA,NA,NA,NA,NA,NA,NA,NA,NA,NA,NA,NA,NA,NA,NA
"82",NA,NA,1,NA,1,1,1,NA,0,1,1,0,1,NA,0,0,0,0,0,0,NA,0,0,NA,0,0,0,0,0,0,0,0,0,0,0,0,NA,0,0,0,NA,0,0,0,0,NA,0,NA,0,0,0,0,0,NA,0,0,NA,NA,0,0,NA,NA,NA,0,NA,0,NA,0,NA,0,0,NA,NA,NA,NA,NA,NA,NA,NA,NA,NA,NA,NA,NA,NA,NA,NA
"83",NA,NA,1,NA,NA,1,1,NA,1,1,1,0,0,0,0,0,0,0,0,NA,NA,0,0,0,0,0,0,0,0,0,0,0,0,0,NA,0,0,0,0,0,NA,0,0,0,0,NA,0,NA,0,0,0,0,0,NA,0,NA,NA,NA,0,0,NA,NA,NA,0,NA,NA,NA,0,NA,0,0,NA,NA,NA,NA,NA,NA,NA,NA,NA,NA,NA,NA,NA,NA,NA,NA
"84",1,1,1,NA,NA,1,1,NA,1,1,1,0,0,0,0,0,0,0,0,0,NA,0,0,0,NA,0,0,0,0,0,0,0,0,0,NA,0,0,0,0,0,NA,0,0,0,0,NA,0,NA,0,0,0,0,0,NA,0,NA,NA,NA,0,0,NA,NA,NA,0,NA,NA,NA,0,NA,0,0,NA,NA,NA,NA,NA,NA,NA,NA,NA,NA,NA,NA,NA,NA,NA,NA
"85",NA,NA,1,NA,NA,1,1,NA,1,1,1,1,0,0,0,0,0,0,0,NA,NA,0,0,0,0,0,0,0,0,NA,0,0,0,0,NA,0,0,0,0,0,NA,0,0,0,0,NA,0,NA,0,0,0,0,0,NA,0,NA,NA,NA,0,0,NA,NA,NA,0,NA,NA,NA,0,NA,0,0,NA,NA,NA,NA,NA,NA,NA,NA,NA,NA,NA,NA,NA,NA,NA,NA
"86",1,1,1,NA,NA,1,1,NA,1,1,1,1,0,0,0,0,0,0,0,0,NA,0,0,0,NA,0,0,0,0,NA,0,0,0,0,NA,0,0,0,0,0,NA,0,0,0,0,NA,0,NA,0,0,0,0,0,NA,0,NA,NA,NA,0,0,NA,NA,NA,0,NA,NA,NA,0,NA,0,0,NA,NA,NA,NA,NA,NA,NA,NA,NA,NA,NA,NA,NA,NA,NA,NA
"87",1,1,1,NA,NA,1,1,NA,1,1,1,0,0,0,0,0,0,0,0,NA,NA,0,0,0,NA,0,0,0,0,0,0,0,0,0,0,0,0,0,0,0,NA,0,0,0,0,NA,0,NA,0,0,0,0,0,NA,0,NA,NA,NA,0,0,NA,NA,NA,0,NA,NA,NA,0,NA,0,0,NA,NA,NA,NA,NA,NA,NA,NA,NA,NA,NA,NA,NA,NA,NA,NA
"88",1,1,1,NA,NA,1,1,NA,1,1,1,1,0,0,0,0,0,0,0,NA,NA,0,0,0,NA,0,0,0,0,NA,0,0,0,0,0,0,0,0,0,0,NA,0,0,0,0,NA,0,NA,0,0,0,0,0,NA,0,NA,NA,NA,0,0,NA,NA,NA,0,NA,NA,NA,0,NA,0,0,NA,NA,NA,NA,NA,NA,NA,NA,NA,NA,NA,NA,NA,NA,NA,NA
"89",NA,NA,1,NA,1,1,0,NA,0,1,1,0,1,0,0,0,0,0,0,0,NA,0,0,0,NA,0,0,0,0,0,0,0,0,0,0,0,0,0,0,0,NA,0,0,0,0,NA,0,NA,0,0,0,0,0,NA,0,NA,NA,NA,0,0,NA,NA,NA,0,NA,NA,NA,0,NA,0,0,NA,NA,NA,NA,NA,NA,NA,NA,NA,NA,NA,NA,NA,NA,NA,NA
"90",1,1,1,NA,NA,1,1,NA,1,1,1,0,0,0,0,0,0,0,0,NA,NA,0,0,0,NA,0,0,0,0,0,0,0,0,0,NA,0,0,0,0,0,NA,0,0,0,0,NA,0,NA,0,0,0,0,0,NA,0,NA,NA,NA,0,0,NA,NA,NA,0,NA,NA,NA,0,NA,0,0,NA,NA,NA,NA,NA,NA,NA,NA,NA,NA,NA,NA,NA,NA,NA,NA
"91",NA,NA,1,NA,1,1,0,NA,0,1,1,0,1,0,0,0,0,0,0,0,NA,0,0,0,NA,0,0,0,0,0,0,0,0,0,NA,0,0,0,0,0,NA,0,0,0,0,NA,0,NA,0,0,0,0,0,NA,0,NA,NA,NA,0,0,NA,NA,NA,0,NA,NA,NA,0,NA,0,0,NA,NA,NA,NA,NA,NA,NA,NA,NA,NA,NA,NA,NA,NA,NA,NA
"92",1,1,1,NA,NA,1,1,NA,1,1,1,1,0,0,0,0,0,0,0,NA,NA,0,0,0,NA,0,0,0,0,NA,0,0,0,0,NA,0,0,0,0,0,NA,0,0,0,0,NA,0,NA,0,0,0,0,0,NA,0,NA,NA,NA,0,0,NA,NA,NA,0,NA,NA,NA,0,NA,0,0,NA,NA,NA,NA,NA,NA,NA,NA,NA,NA,NA,NA,NA,NA,NA,NA
"93",NA,NA,1,NA,1,1,0,NA,0,1,1,1,1,0,0,0,0,0,0,0,NA,0,0,0,NA,0,0,0,0,NA,0,0,0,0,0,0,0,0,0,0,NA,0,0,0,0,NA,0,NA,0,0,0,0,0,NA,0,NA,NA,NA,0,0,NA,NA,NA,0,NA,NA,NA,0,NA,0,0,NA,NA,NA,NA,NA,NA,NA,NA,NA,NA,NA,NA,NA,NA,NA,NA
"94",1,1,1,NA,1,1,1,NA,0,1,1,0,1,NA,0,0,0,0,0,NA,NA,0,0,NA,NA,0,0,0,0,0,0,0,0,0,0,0,NA,0,0,0,NA,0,0,0,0,NA,0,NA,0,0,0,0,0,NA,0,0,NA,NA,0,0,NA,NA,NA,0,NA,0,NA,0,NA,0,0,NA,NA,NA,NA,NA,NA,NA,NA,NA,NA,NA,NA,NA,NA,NA,NA
"95",NA,NA,1,NA,NA,1,0,NA,1,1,1,0,0,0,0,0,0,0,0,0,NA,0,0,0,NA,0,0,0,0,0,0,0,0,0,0,0,0,0,0,0,NA,0,0,0,0,NA,0,NA,0,0,0,0,0,NA,0,NA,NA,NA,0,0,NA,NA,NA,0,NA,NA,NA,0,NA,0,0,NA,NA,NA,NA,NA,NA,NA,NA,NA,NA,NA,NA,NA,NA,NA,NA
"96",1,1,1,NA,1,1,1,NA,0,1,1,0,1,NA,0,0,0,0,0,0,NA,0,0,NA,NA,0,0,0,0,0,0,0,0,0,NA,0,NA,0,0,0,NA,0,0,0,0,NA,0,NA,0,0,0,0,0,NA,0,0,NA,NA,0,0,NA,NA,NA,0,NA,0,NA,0,NA,0,0,NA,NA,NA,NA,NA,NA,NA,NA,NA,NA,NA,NA,NA,NA,NA,NA
"97",NA,NA,1,NA,1,1,0,NA,0,1,1,1,1,0,0,0,0,0,0,0,NA,0,0,0,NA,0,0,0,0,NA,0,0,0,0,NA,0,0,0,0,0,NA,0,0,0,0,NA,0,NA,0,0,0,0,0,NA,0,NA,NA,NA,0,0,NA,NA,NA,0,NA,NA,NA,0,NA,0,0,NA,NA,NA,NA,NA,NA,NA,NA,NA,NA,NA,NA,NA,NA,NA,NA
"98",1,1,1,NA,1,1,1,NA,0,1,1,0,1,NA,0,0,0,0,0,NA,NA,0,0,NA,NA,0,0,0,0,0,0,0,0,0,NA,0,NA,0,0,0,NA,0,0,0,0,NA,0,NA,0,0,0,0,0,NA,0,0,NA,NA,0,0,NA,NA,NA,0,NA,0,NA,0,NA,0,0,NA,NA,NA,NA,NA,NA,NA,NA,NA,NA,NA,NA,NA,NA,NA,NA
"99",NA,NA,1,NA,1,1,0,NA,0,1,1,0,1,0,0,0,0,0,0,NA,NA,0,0,0,NA,0,0,0,0,0,0,0,0,0,0,0,0,0,0,0,NA,0,0,0,0,NA,0,NA,0,0,0,0,0,NA,0,NA,NA,NA,0,0,NA,NA,NA,0,NA,NA,NA,0,NA,0,0,NA,NA,NA,NA,NA,NA,NA,NA,NA,NA,NA,NA,NA,NA,NA,NA
"100",1,1,1,NA,1,1,1,NA,0,1,1,1,1,NA,0,0,0,0,0,0,NA,0,0,NA,NA,0,0,0,0,NA,0,0,0,0,0,0,NA,0,0,0,NA,0,0,0,0,NA,0,NA,0,0,0,0,0,NA,0,0,NA,NA,0,0,NA,NA,NA,0,NA,0,NA,0,NA,0,0,NA,NA,NA,NA,NA,NA,NA,NA,NA,NA,NA,NA,NA,NA,NA,NA
"101",NA,NA,1,NA,1,1,0,NA,0,1,1,0,1,0,0,0,0,0,0,NA,NA,0,0,0,NA,0,0,0,0,0,0,0,0,0,NA,0,0,0,0,0,NA,0,0,0,0,NA,0,NA,0,0,0,0,0,NA,0,NA,NA,NA,0,0,NA,NA,NA,0,NA,NA,NA,0,NA,0,0,NA,NA,NA,NA,NA,NA,NA,NA,NA,NA,NA,NA,NA,NA,NA,NA
"102",1,1,1,NA,1,1,1,NA,0,1,1,1,1,NA,0,0,0,0,0,0,NA,0,0,NA,NA,0,0,0,0,NA,0,0,0,0,NA,0,NA,0,0,0,NA,0,0,0,0,NA,0,NA,0,0,0,0,0,NA,0,0,NA,NA,0,0,NA,NA,NA,0,NA,0,NA,0,NA,0,0,NA,NA,NA,NA,NA,NA,NA,NA,NA,NA,NA,NA,NA,NA,NA,NA
"103",NA,NA,1,NA,1,1,0,NA,0,1,1,1,1,0,0,0,0,0,0,NA,NA,0,0,0,NA,0,0,0,0,NA,0,0,0,0,0,0,0,0,0,0,NA,0,0,0,0,NA,0,NA,0,0,0,0,0,NA,0,NA,NA,NA,0,0,NA,NA,NA,0,NA,NA,NA,0,NA,0,0,NA,NA,NA,NA,NA,NA,NA,NA,NA,NA,NA,NA,NA,NA,NA,NA
"104",1,1,1,NA,1,1,1,NA,0,1,1,1,1,NA,0,0,0,0,0,NA,NA,0,0,NA,NA,0,0,0,0,NA,0,0,0,0,0,0,NA,0,0,0,NA,0,0,0,0,NA,0,NA,0,0,0,0,0,NA,0,0,NA,NA,0,0,NA,NA,NA,0,NA,0,NA,0,NA,0,0,NA,NA,NA,NA,NA,NA,NA,NA,NA,NA,NA,NA,NA,NA,NA,NA
"105",NA,NA,1,NA,1,1,0,NA,0,1,1,1,1,0,0,0,0,0,0,NA,NA,0,0,0,NA,0,0,0,0,NA,0,0,0,0,NA,0,0,0,0,0,NA,0,0,0,0,NA,0,NA,0,0,0,0,0,NA,0,NA,NA,NA,0,0,NA,NA,NA,0,NA,NA,NA,0,NA,0,0,NA,NA,NA,NA,NA,NA,NA,NA,NA,NA,NA,NA,NA,NA,NA,NA
"106",1,1,1,NA,1,1,1,NA,0,1,1,1,1,NA,0,0,0,0,0,NA,NA,0,0,NA,NA,0,0,0,0,NA,0,0,0,0,NA,0,NA,0,0,0,NA,0,0,0,0,NA,0,NA,0,0,0,0,0,NA,0,0,NA,NA,0,0,NA,NA,NA,0,NA,0,NA,0,NA,0,0,NA,NA,NA,NA,NA,NA,NA,NA,NA,NA,NA,NA,NA,NA,NA,NA
"107",NA,NA,1,NA,1,1,1,NA,0,1,1,0,1,NA,0,0,0,0,0,NA,NA,0,0,NA,0,0,0,0,0,0,0,0,0,0,0,0,NA,0,0,0,NA,0,0,0,0,NA,0,NA,0,0,0,0,0,NA,0,0,NA,NA,0,0,NA,NA,NA,0,NA,0,NA,0,NA,0,0,NA,NA,NA,NA,NA,NA,NA,NA,NA,NA,NA,NA,NA,NA,NA,NA
"108",NA,NA,1,NA,1,1,1,NA,0,1,1,1,1,NA,0,0,0,0,0,0,NA,0,0,NA,0,0,0,0,0,NA,0,0,0,0,0,0,NA,0,0,0,NA,0,0,0,0,NA,0,NA,0,0,0,0,0,NA,0,0,NA,NA,0,0,NA,NA,NA,0,NA,0,NA,0,NA,0,0,NA,NA,NA,NA,NA,NA,NA,NA,NA,NA,NA,NA,NA,NA,NA,NA
"109",NA,NA,1,NA,NA,1,0,NA,1,1,1,0,0,0,0,0,0,0,0,NA,NA,0,0,0,NA,0,0,0,0,0,0,0,0,0,0,0,0,0,0,0,NA,0,0,0,0,NA,0,NA,0,0,0,0,0,NA,0,NA,NA,NA,0,0,NA,NA,NA,0,NA,NA,NA,0,NA,0,0,NA,NA,NA,NA,NA,NA,NA,NA,NA,NA,NA,NA,NA,NA,NA,NA
"110",NA,NA,1,NA,NA,1,0,NA,1,1,1,0,0,0,0,0,0,0,0,0,NA,0,0,0,NA,0,0,0,0,0,0,0,0,0,NA,0,0,0,0,0,NA,0,0,0,0,NA,0,NA,0,0,0,0,0,NA,0,NA,NA,NA,0,0,NA,NA,NA,0,NA,NA,NA,0,NA,0,0,NA,NA,NA,NA,NA,NA,NA,NA,NA,NA,NA,NA,NA,NA,NA,NA
"111",NA,NA,1,NA,NA,1,0,NA,1,1,1,0,0,0,0,0,0,0,0,NA,NA,0,0,0,NA,0,0,0,0,0,0,0,0,0,NA,0,0,0,0,0,NA,0,0,0,0,NA,0,NA,0,0,0,0,0,NA,0,NA,NA,NA,0,0,NA,NA,NA,0,NA,NA,NA,0,NA,0,0,NA,NA,NA,NA,NA,NA,NA,NA,NA,NA,NA,NA,NA,NA,NA,NA
"112",NA,NA,1,NA,NA,1,0,NA,1,1,1,1,0,0,0,0,0,0,0,0,NA,0,0,0,NA,0,0,0,0,NA,0,0,0,0,0,0,0,0,0,0,NA,0,0,0,0,NA,0,NA,0,0,0,0,0,NA,0,NA,NA,NA,0,0,NA,NA,NA,0,NA,NA,NA,0,NA,0,0,NA,NA,NA,NA,NA,NA,NA,NA,NA,NA,NA,NA,NA,NA,NA,NA
"113",NA,NA,1,NA,NA,1,0,NA,1,1,1,1,0,0,0,0,0,0,0,NA,NA,0,0,0,NA,0,0,0,0,NA,0,0,0,0,0,0,0,0,0,0,NA,0,0,0,0,NA,0,NA,0,0,0,0,0,NA,0,NA,NA,NA,0,0,NA,NA,NA,0,NA,NA,NA,0,NA,0,0,NA,NA,NA,NA,NA,NA,NA,NA,NA,NA,NA,NA,NA,NA,NA,NA
"114",NA,NA,1,NA,NA,1,0,NA,1,1,1,1,0,0,0,0,0,0,0,0,NA,0,0,0,NA,0,0,0,0,NA,0,0,0,0,NA,0,0,0,0,0,NA,0,0,0,0,NA,0,NA,0,0,0,0,0,NA,0,NA,NA,NA,0,0,NA,NA,NA,0,NA,NA,NA,0,NA,0,0,NA,NA,NA,NA,NA,NA,NA,NA,NA,NA,NA,NA,NA,NA,NA,NA
"115",NA,NA,1,NA,NA,1,0,NA,1,1,1,1,0,0,0,0,0,0,0,NA,NA,0,0,0,NA,0,0,0,0,NA,0,0,0,0,NA,0,0,0,0,0,NA,0,0,0,0,NA,0,NA,0,0,0,0,0,NA,0,NA,NA,NA,0,0,NA,NA,NA,0,NA,NA,NA,0,NA,0,0,NA,NA,NA,NA,NA,NA,NA,NA,NA,NA,NA,NA,NA,NA,NA,NA
"116",NA,NA,1,NA,1,1,1,NA,0,1,1,0,1,NA,0,0,0,0,0,0,NA,0,0,NA,0,0,0,0,0,0,0,0,0,0,NA,0,NA,0,0,0,NA,0,0,0,0,NA,0,NA,0,0,0,0,0,NA,0,0,NA,NA,0,0,NA,NA,NA,0,NA,0,NA,0,NA,0,0,NA,NA,NA,NA,NA,NA,NA,NA,NA,NA,NA,NA,NA,NA,NA,NA
"117",NA,NA,1,NA,1,1,1,NA,0,1,1,0,1,NA,0,0,0,0,0,NA,NA,0,0,NA,0,0,0,0,0,0,0,0,0,0,NA,0,NA,0,0,0,NA,0,0,0,0,NA,0,NA,0,0,0,0,0,NA,0,0,NA,NA,0,0,NA,NA,NA,0,NA,0,NA,0,NA,0,0,NA,NA,NA,NA,NA,NA,NA,NA,NA,NA,NA,NA,NA,NA,NA,NA
"118",NA,NA,1,NA,1,1,1,NA,0,1,1,1,1,NA,0,0,0,0,0,0,NA,0,0,NA,0,0,0,0,0,NA,0,0,0,0,NA,0,NA,0,0,0,NA,0,0,0,0,NA,0,NA,0,0,0,0,0,NA,0,0,NA,NA,0,0,NA,NA,NA,0,NA,0,NA,0,NA,0,0,NA,NA,NA,NA,NA,NA,NA,NA,NA,NA,NA,NA,NA,NA,NA,NA
"119",NA,NA,1,NA,1,1,1,NA,0,1,1,1,1,NA,0,0,0,0,0,NA,NA,0,0,NA,0,0,0,0,0,NA,0,0,0,0,0,0,NA,0,0,0,NA,0,0,0,0,NA,0,NA,0,0,0,0,0,NA,0,0,NA,NA,0,0,NA,NA,NA,0,NA,0,NA,0,NA,0,0,NA,NA,NA,NA,NA,NA,NA,NA,NA,NA,NA,NA,NA,NA,NA,NA
"120",NA,NA,1,NA,1,1,1,NA,0,1,1,1,1,NA,0,0,0,0,0,NA,NA,0,0,NA,0,0,0,0,0,NA,0,0,0,0,NA,0,NA,0,0,0,NA,0,0,0,0,NA,0,NA,0,0,0,0,0,NA,0,0,NA,NA,0,0,NA,NA,NA,0,NA,0,NA,0,NA,0,0,NA,NA,NA,NA,NA,NA,NA,NA,NA,NA,NA,NA,NA,NA,NA,NA
"121",NA,NA,1,NA,1,1,0,0,0,1,1,NA,1,NA,0,0,0,0,0,0,NA,0,0,NA,NA,0,0,0,0,0,0,0,0,0,NA,0,NA,0,0,0,NA,0,0,0,0,NA,0,NA,0,0,0,0,0,0,0,0,NA,NA,0,0,NA,NA,NA,0,NA,0,NA,0,NA,0,0,NA,NA,NA,NA,NA,NA,NA,NA,NA,NA,NA,NA,NA,NA,NA,NA
"122",NA,NA,1,NA,1,1,0,NA,0,1,1,0,1,NA,0,0,0,0,0,0,NA,0,0,NA,NA,0,0,0,0,0,0,0,0,0,0,0,NA,0,0,0,NA,0,0,0,0,NA,0,NA,0,0,0,0,0,NA,0,0,NA,NA,0,0,NA,NA,NA,0,NA,0,NA,0,NA,0,0,NA,NA,NA,NA,NA,NA,NA,NA,NA,NA,NA,NA,NA,NA,NA,NA
"123",NA,NA,1,NA,1,1,0,NA,0,1,1,0,1,NA,0,0,0,0,0,0,NA,0,0,NA,NA,0,0,0,0,0,0,0,0,0,NA,0,NA,0,0,0,NA,0,0,0,0,NA,0,NA,0,0,0,0,0,NA,0,0,NA,NA,0,0,NA,NA,NA,0,NA,0,NA,0,NA,0,0,NA,NA,NA,NA,NA,NA,NA,NA,NA,NA,NA,NA,NA,NA,NA,NA
"124",NA,NA,1,NA,1,1,0,NA,0,1,1,1,1,NA,0,0,0,0,0,0,NA,0,0,NA,NA,0,0,0,0,NA,0,0,0,0,0,0,NA,0,0,0,NA,0,0,0,0,NA,0,NA,0,0,0,0,0,NA,0,0,NA,NA,0,0,NA,NA,NA,0,NA,0,NA,0,NA,0,0,NA,NA,NA,NA,NA,NA,NA,NA,NA,NA,NA,NA,NA,NA,NA,NA
"125",NA,NA,1,NA,1,1,0,NA,0,1,1,0,1,NA,0,0,0,0,0,NA,NA,0,0,NA,NA,0,0,0,0,0,0,0,0,0,0,0,NA,0,0,0,NA,0,0,0,0,NA,0,NA,0,0,0,0,0,NA,0,0,NA,NA,0,0,NA,NA,NA,0,NA,0,NA,0,NA,0,0,NA,NA,NA,NA,NA,NA,NA,NA,NA,NA,NA,NA,NA,NA,NA,NA
"126",NA,NA,1,NA,1,1,0,NA,0,1,1,1,1,NA,0,0,0,0,0,0,NA,0,0,NA,NA,0,0,0,0,NA,0,0,0,0,NA,0,NA,0,0,0,NA,0,0,0,0,NA,0,NA,0,0,0,0,0,NA,0,0,NA,NA,0,0,NA,NA,NA,0,NA,0,NA,0,NA,0,0,NA,NA,NA,NA,NA,NA,NA,NA,NA,NA,NA,NA,NA,NA,NA,NA
"127",NA,NA,1,NA,1,1,0,NA,0,1,1,0,1,NA,0,0,0,0,0,NA,NA,0,0,NA,NA,0,0,0,0,0,0,0,0,0,NA,0,NA,0,0,0,NA,0,0,0,0,NA,0,NA,0,0,0,0,0,NA,0,0,NA,NA,0,0,NA,NA,NA,0,NA,0,NA,0,NA,0,0,NA,NA,NA,NA,NA,NA,NA,NA,NA,NA,NA,NA,NA,NA,NA,NA
"128",NA,NA,1,NA,1,1,0,NA,0,1,1,1,1,NA,0,0,0,0,0,NA,NA,0,0,NA,NA,0,0,0,0,NA,0,0,0,0,0,0,NA,0,0,0,NA,0,0,0,0,NA,0,NA,0,0,0,0,0,NA,0,0,NA,NA,0,0,NA,NA,NA,0,NA,0,NA,0,NA,0,0,NA,NA,NA,NA,NA,NA,NA,NA,NA,NA,NA,NA,NA,NA,NA,NA
"129",NA,NA,1,NA,1,1,0,NA,0,1,1,1,1,NA,0,0,0,0,0,NA,NA,0,0,NA,NA,0,0,0,0,NA,0,0,0,0,NA,0,NA,0,0,0,NA,0,0,0,0,NA,0,NA,0,0,0,0,0,NA,0,0,NA,NA,0,0,NA,NA,NA,0,NA,0,NA,0,NA,0,0,NA,NA,NA,NA,NA,NA,NA,NA,NA,NA,NA,NA,NA,NA,NA,NA
"130",NA,NA,1,NA,NA,1,NA,1,1,1,1,NA,0,NA,1,0,0,0,0,0,0,0,0,NA,NA,0,0,NA,0,0,NA,0,NA,0,0,0,NA,0,0,0,NA,NA,0,NA,NA,NA,0,0,0,NA,NA,0,NA,0,NA,0,0,0,NA,0,0,NA,0,0,NA,0,NA,NA,NA,NA,0,NA,NA,NA,NA,NA,NA,NA,NA,NA,NA,NA,NA,NA,NA,NA,NA
"131",1,1,1,NA,NA,1,1,0,NA,1,1,NA,0,0,0,0,0,0,0,0,NA,0,0,0,NA,0,0,0,0,0,0,0,0,0,0,0,0,0,0,0,NA,0,0,0,0,NA,0,NA,0,0,0,0,0,0,0,NA,NA,NA,0,0,NA,NA,NA,0,0,NA,NA,0,NA,0,0,NA,NA,NA,NA,NA,NA,NA,NA,NA,NA,NA,NA,NA,NA,NA,NA
"132",1,1,1,NA,NA,1,1,0,NA,1,1,NA,0,0,0,0,0,0,0,0,NA,0,0,0,NA,0,0,0,0,0,0,0,0,0,NA,0,0,0,0,0,NA,0,0,0,0,NA,0,NA,0,0,0,0,0,0,0,NA,NA,NA,0,0,NA,NA,NA,0,0,NA,NA,0,NA,0,0,NA,NA,NA,NA,NA,NA,NA,NA,NA,NA,NA,NA,NA,NA,NA,NA
"133",1,1,1,NA,NA,1,1,NA,NA,1,1,0,0,0,0,0,0,0,0,NA,NA,0,0,0,0,0,0,0,0,0,0,0,0,0,0,0,0,0,0,0,NA,0,0,0,0,NA,0,NA,0,0,0,0,0,NA,0,NA,NA,NA,0,0,NA,NA,NA,0,0,NA,NA,0,NA,0,0,NA,NA,NA,NA,NA,NA,NA,NA,NA,NA,NA,NA,NA,NA,NA,NA
"134",1,1,1,NA,NA,1,1,NA,NA,1,1,1,0,0,0,0,0,0,0,0,NA,0,0,0,0,0,0,0,0,NA,0,0,0,0,0,0,0,0,0,0,NA,0,0,0,0,NA,0,NA,0,0,0,0,0,NA,0,NA,NA,NA,0,0,NA,NA,NA,0,0,NA,NA,0,NA,0,0,NA,NA,NA,NA,NA,NA,NA,NA,NA,NA,NA,NA,NA,NA,NA,NA
"135",1,1,1,NA,NA,1,1,NA,NA,1,1,1,0,0,0,0,0,0,0,NA,NA,0,0,0,0,0,0,0,0,NA,0,0,0,0,0,0,0,0,0,0,NA,0,0,0,0,NA,0,NA,0,0,0,0,0,NA,0,NA,NA,NA,0,0,NA,NA,NA,0,0,NA,NA,0,NA,0,0,NA,NA,NA,NA,NA,NA,NA,NA,NA,NA,NA,NA,NA,NA,NA,NA
"136",1,1,1,NA,NA,1,1,NA,NA,1,1,0,0,0,0,0,0,0,0,0,NA,0,0,0,0,0,0,0,0,0,0,0,0,0,NA,0,0,0,0,0,NA,0,0,0,0,NA,0,NA,0,0,0,0,0,NA,0,NA,NA,NA,0,0,NA,NA,NA,0,0,NA,NA,0,NA,0,0,NA,NA,NA,NA,NA,NA,NA,NA,NA,NA,NA,NA,NA,NA,NA,NA
"137",1,1,1,NA,NA,1,1,NA,NA,1,1,1,0,0,0,0,0,0,0,0,NA,0,0,0,0,0,0,0,0,NA,0,0,0,0,NA,0,0,0,0,0,NA,0,0,0,0,NA,0,NA,0,0,0,0,0,NA,0,NA,NA,NA,0,0,NA,NA,NA,0,0,NA,NA,0,NA,0,0,NA,NA,NA,NA,NA,NA,NA,NA,NA,NA,NA,NA,NA,NA,NA,NA
"138",1,1,1,NA,NA,1,1,NA,NA,1,1,0,0,0,0,0,0,0,0,NA,NA,0,0,0,0,0,0,0,0,0,0,0,0,0,NA,0,0,0,0,0,NA,0,0,0,0,NA,0,NA,0,0,0,0,0,NA,0,NA,NA,NA,0,0,NA,NA,NA,0,0,NA,NA,0,NA,0,0,NA,NA,NA,NA,NA,NA,NA,NA,NA,NA,NA,NA,NA,NA,NA,NA
"139",1,1,1,NA,NA,1,1,NA,NA,1,1,1,0,0,0,0,0,0,0,NA,NA,0,0,0,0,0,0,0,0,NA,0,0,0,0,NA,0,0,0,0,0,NA,0,0,0,0,NA,0,NA,0,0,0,0,0,NA,0,NA,NA,NA,0,0,NA,NA,NA,0,0,NA,NA,0,NA,0,0,NA,NA,NA,NA,NA,NA,NA,NA,NA,NA,NA,NA,NA,NA,NA,NA
"140",1,1,1,NA,NA,1,1,NA,NA,1,1,0,0,0,0,0,0,0,0,0,NA,0,0,0,NA,0,0,0,0,0,0,0,0,0,0,0,0,0,0,0,NA,0,0,0,0,NA,0,NA,0,0,0,0,0,NA,0,NA,NA,NA,0,0,NA,NA,NA,0,0,NA,NA,0,NA,0,0,NA,NA,NA,NA,NA,NA,NA,NA,NA,NA,NA,NA,NA,NA,NA,NA
"141",1,1,1,NA,NA,1,1,NA,NA,1,1,0,0,0,0,0,0,0,0,0,NA,0,0,0,NA,0,0,0,0,0,0,0,0,0,NA,0,0,0,0,0,NA,0,0,0,0,NA,0,NA,0,0,0,0,0,NA,0,NA,NA,NA,0,0,NA,NA,NA,0,0,NA,NA,0,NA,0,0,NA,NA,NA,NA,NA,NA,NA,NA,NA,NA,NA,NA,NA,NA,NA,NA
"142",1,1,1,NA,NA,1,1,NA,NA,1,1,0,0,0,0,0,0,0,0,NA,NA,0,0,0,NA,0,0,0,0,0,0,0,0,0,0,0,0,0,0,0,NA,0,0,0,0,NA,0,NA,0,0,0,0,0,NA,0,NA,NA,NA,0,0,NA,NA,NA,0,0,NA,NA,0,NA,0,0,NA,NA,NA,NA,NA,NA,NA,NA,NA,NA,NA,NA,NA,NA,NA,NA
"143",1,1,1,NA,NA,1,1,NA,NA,1,1,1,0,0,0,0,0,0,0,0,NA,0,0,0,NA,0,0,0,0,NA,0,0,0,0,0,0,0,0,0,0,NA,0,0,0,0,NA,0,NA,0,0,0,0,0,NA,0,NA,NA,NA,0,0,NA,NA,NA,0,0,NA,NA,0,NA,0,0,NA,NA,NA,NA,NA,NA,NA,NA,NA,NA,NA,NA,NA,NA,NA,NA
"144",1,1,1,NA,NA,1,1,NA,NA,1,1,1,0,0,0,0,0,0,0,0,NA,0,0,0,NA,0,0,0,0,NA,0,0,0,0,NA,0,0,0,0,0,NA,0,0,0,0,NA,0,NA,0,0,0,0,0,NA,0,NA,NA,NA,0,0,NA,NA,NA,0,0,NA,NA,0,NA,0,0,NA,NA,NA,NA,NA,NA,NA,NA,NA,NA,NA,NA,NA,NA,NA,NA
"145",1,1,1,NA,NA,1,1,NA,NA,1,1,0,0,0,0,0,0,0,0,NA,NA,0,0,0,NA,0,0,0,0,0,0,0,0,0,NA,0,0,0,0,0,NA,0,0,0,0,NA,0,NA,0,0,0,0,0,NA,0,NA,NA,NA,0,0,NA,NA,NA,0,0,NA,NA,0,NA,0,0,NA,NA,NA,NA,NA,NA,NA,NA,NA,NA,NA,NA,NA,NA,NA,NA
"146",1,1,1,NA,NA,1,1,NA,NA,1,1,1,0,0,0,0,0,0,0,NA,NA,0,0,0,NA,0,0,0,0,NA,0,0,0,0,0,0,0,0,0,0,NA,0,0,0,0,NA,0,NA,0,0,0,0,0,NA,0,NA,NA,NA,0,0,NA,NA,NA,0,0,NA,NA,0,NA,0,0,NA,NA,NA,NA,NA,NA,NA,NA,NA,NA,NA,NA,NA,NA,NA,NA
"147",1,1,1,NA,NA,1,1,NA,NA,1,1,1,0,0,0,0,0,0,0,NA,NA,0,0,0,NA,0,0,0,0,NA,0,0,0,0,NA,0,0,0,0,0,NA,0,0,0,0,NA,0,NA,0,0,0,0,0,NA,0,NA,NA,NA,0,0,NA,NA,NA,0,0,NA,NA,0,NA,0,0,NA,NA,NA,NA,NA,NA,NA,NA,NA,NA,NA,NA,NA,NA,NA,NA
"148",NA,NA,1,NA,NA,1,1,0,NA,1,1,NA,0,0,0,0,0,0,0,0,NA,0,0,0,0,0,0,0,0,0,0,0,0,0,0,0,0,0,0,0,NA,0,0,0,0,NA,0,NA,0,0,0,0,0,0,0,NA,NA,NA,0,0,NA,NA,NA,0,0,NA,NA,0,NA,0,0,NA,NA,NA,NA,NA,NA,NA,NA,NA,NA,NA,NA,NA,NA,NA,NA
"149",NA,NA,1,NA,NA,1,1,0,NA,1,1,NA,0,0,0,0,0,0,0,0,NA,0,0,0,0,0,0,0,0,0,0,0,0,0,NA,0,0,0,0,0,NA,0,0,0,0,NA,0,NA,0,0,0,0,0,0,0,NA,NA,NA,0,0,NA,NA,NA,0,0,NA,NA,0,NA,0,0,NA,NA,NA,NA,NA,NA,NA,NA,NA,NA,NA,NA,NA,NA,NA,NA
"150",NA,NA,1,NA,NA,1,0,0,NA,1,1,NA,0,0,0,0,0,0,0,0,NA,0,0,0,NA,0,0,0,0,0,0,0,0,0,0,0,0,0,0,0,NA,0,0,0,0,NA,0,NA,0,0,0,0,0,0,0,NA,NA,NA,0,0,NA,NA,NA,0,0,NA,NA,0,NA,0,0,NA,NA,NA,NA,NA,NA,NA,NA,NA,NA,NA,NA,NA,NA,NA,NA
"151",NA,NA,1,NA,NA,1,0,0,NA,1,1,NA,0,0,0,0,0,0,0,0,NA,0,0,0,NA,0,0,0,0,0,0,0,0,0,NA,0,0,0,0,0,NA,0,0,0,0,NA,0,NA,0,0,0,0,0,0,0,NA,NA,NA,0,0,NA,NA,NA,0,0,NA,NA,0,NA,0,0,NA,NA,NA,NA,NA,NA,NA,NA,NA,NA,NA,NA,NA,NA,NA,NA
"152",NA,NA,1,NA,NA,1,1,NA,NA,1,1,0,0,0,0,0,0,0,0,0,NA,0,0,0,0,0,0,0,0,0,0,0,0,0,0,0,0,0,0,0,NA,0,0,0,0,NA,0,NA,0,0,0,0,0,NA,0,NA,NA,NA,0,0,NA,NA,NA,0,0,NA,NA,0,NA,0,0,NA,NA,NA,NA,NA,NA,NA,NA,NA,NA,NA,NA,NA,NA,NA,NA
"153",NA,NA,1,NA,NA,1,1,NA,NA,1,1,0,0,0,0,0,0,0,0,0,NA,0,0,0,0,0,0,0,0,0,0,0,0,0,NA,0,0,0,0,0,NA,0,0,0,0,NA,0,NA,0,0,0,0,0,NA,0,NA,NA,NA,0,0,NA,NA,NA,0,0,NA,NA,0,NA,0,0,NA,NA,NA,NA,NA,NA,NA,NA,NA,NA,NA,NA,NA,NA,NA,NA
"154",NA,NA,1,NA,NA,1,1,NA,NA,1,1,0,0,0,0,0,0,0,0,NA,NA,0,0,0,0,0,0,0,0,0,0,0,0,0,0,0,0,0,0,0,NA,0,0,0,0,NA,0,NA,0,0,0,0,0,NA,0,NA,NA,NA,0,0,NA,NA,NA,0,0,NA,NA,0,NA,0,0,NA,NA,NA,NA,NA,NA,NA,NA,NA,NA,NA,NA,NA,NA,NA,NA
"155",NA,NA,1,NA,NA,1,1,NA,NA,1,1,1,0,0,0,0,0,0,0,0,NA,0,0,0,0,0,0,0,0,NA,0,0,0,0,0,0,0,0,0,0,NA,0,0,0,0,NA,0,NA,0,0,0,0,0,NA,0,NA,NA,NA,0,0,NA,NA,NA,0,0,NA,NA,0,NA,0,0,NA,NA,NA,NA,NA,NA,NA,NA,NA,NA,NA,NA,NA,NA,NA,NA
"156",NA,NA,1,NA,NA,1,1,NA,NA,1,1,1,0,0,0,0,0,0,0,NA,NA,0,0,0,0,0,0,0,0,NA,0,0,0,0,0,0,0,0,0,0,NA,0,0,0,0,NA,0,NA,0,0,0,0,0,NA,0,NA,NA,NA,0,0,NA,NA,NA,0,0,NA,NA,0,NA,0,0,NA,NA,NA,NA,NA,NA,NA,NA,NA,NA,NA,NA,NA,NA,NA,NA
"157",NA,NA,1,NA,NA,1,1,NA,NA,1,1,1,0,0,0,0,0,0,0,0,NA,0,0,0,0,0,0,0,0,NA,0,0,0,0,NA,0,0,0,0,0,NA,0,0,0,0,NA,0,NA,0,0,0,0,0,NA,0,NA,NA,NA,0,0,NA,NA,NA,0,0,NA,NA,0,NA,0,0,NA,NA,NA,NA,NA,NA,NA,NA,NA,NA,NA,NA,NA,NA,NA,NA
"158",NA,NA,1,NA,NA,1,1,NA,NA,1,1,0,0,0,0,0,0,0,0,NA,NA,0,0,0,0,0,0,0,0,0,0,0,0,0,NA,0,0,0,0,0,NA,0,0,0,0,NA,0,NA,0,0,0,0,0,NA,0,NA,NA,NA,0,0,NA,NA,NA,0,0,NA,NA,0,NA,0,0,NA,NA,NA,NA,NA,NA,NA,NA,NA,NA,NA,NA,NA,NA,NA,NA
"159",NA,NA,1,NA,NA,1,1,NA,NA,1,1,1,0,0,0,0,0,0,0,NA,NA,0,0,0,0,0,0,0,0,NA,0,0,0,0,NA,0,0,0,0,0,NA,0,0,0,0,NA,0,NA,0,0,0,0,0,NA,0,NA,NA,NA,0,0,NA,NA,NA,0,0,NA,NA,0,NA,0,0,NA,NA,NA,NA,NA,NA,NA,NA,NA,NA,NA,NA,NA,NA,NA,NA
"160",NA,NA,1,NA,NA,1,0,NA,NA,1,1,0,0,0,0,0,0,0,0,0,NA,0,0,0,NA,0,0,0,0,0,0,0,0,0,0,0,0,0,0,0,NA,0,0,0,0,NA,0,NA,0,0,0,0,0,NA,0,NA,NA,NA,0,0,NA,NA,NA,0,0,NA,NA,0,NA,0,0,NA,NA,NA,NA,NA,NA,NA,NA,NA,NA,NA,NA,NA,NA,NA,NA
"161",NA,NA,1,NA,NA,1,0,NA,NA,1,1,0,0,0,0,0,0,0,0,0,NA,0,0,0,NA,0,0,0,0,0,0,0,0,0,NA,0,0,0,0,0,NA,0,0,0,0,NA,0,NA,0,0,0,0,0,NA,0,NA,NA,NA,0,0,NA,NA,NA,0,0,NA,NA,0,NA,0,0,NA,NA,NA,NA,NA,NA,NA,NA,NA,NA,NA,NA,NA,NA,NA,NA
"162",NA,NA,1,NA,NA,1,0,NA,NA,1,1,1,0,0,0,0,0,0,0,0,NA,0,0,0,NA,0,0,0,0,NA,0,0,0,0,0,0,0,0,0,0,NA,0,0,0,0,NA,0,NA,0,0,0,0,0,NA,0,NA,NA,NA,0,0,NA,NA,NA,0,0,NA,NA,0,NA,0,0,NA,NA,NA,NA,NA,NA,NA,NA,NA,NA,NA,NA,NA,NA,NA,NA
"163",NA,NA,1,NA,NA,1,0,NA,NA,1,1,0,0,0,0,0,0,0,0,NA,NA,0,0,0,NA,0,0,0,0,0,0,0,0,0,0,0,0,0,0,0,NA,0,0,0,0,NA,0,NA,0,0,0,0,0,NA,0,NA,NA,NA,0,0,NA,NA,NA,0,0,NA,NA,0,NA,0,0,NA,NA,NA,NA,NA,NA,NA,NA,NA,NA,NA,NA,NA,NA,NA,NA
"164",NA,NA,1,NA,NA,1,0,NA,NA,1,1,0,0,0,0,0,0,0,0,NA,NA,0,0,0,NA,0,0,0,0,0,0,0,0,0,NA,0,0,0,0,0,NA,0,0,0,0,NA,0,NA,0,0,0,0,0,NA,0,NA,NA,NA,0,0,NA,NA,NA,0,0,NA,NA,0,NA,0,0,NA,NA,NA,NA,NA,NA,NA,NA,NA,NA,NA,NA,NA,NA,NA,NA
"165",NA,NA,1,NA,NA,1,0,NA,NA,1,1,1,0,0,0,0,0,0,0,0,NA,0,0,0,NA,0,0,0,0,NA,0,0,0,0,NA,0,0,0,0,0,NA,0,0,0,0,NA,0,NA,0,0,0,0,0,NA,0,NA,NA,NA,0,0,NA,NA,NA,0,0,NA,NA,0,NA,0,0,NA,NA,NA,NA,NA,NA,NA,NA,NA,NA,NA,NA,NA,NA,NA,NA
"166",NA,NA,1,NA,NA,1,0,NA,NA,1,1,1,0,0,0,0,0,0,0,NA,NA,0,0,0,NA,0,0,0,0,NA,0,0,0,0,0,0,0,0,0,0,NA,0,0,0,0,NA,0,NA,0,0,0,0,0,NA,0,NA,NA,NA,0,0,NA,NA,NA,0,0,NA,NA,0,NA,0,0,NA,NA,NA,NA,NA,NA,NA,NA,NA,NA,NA,NA,NA,NA,NA,NA
"167",NA,NA,1,NA,NA,1,0,NA,NA,1,1,1,0,0,0,0,0,0,0,NA,NA,0,0,0,NA,0,0,0,0,NA,0,0,0,0,NA,0,0,0,0,0,NA,0,0,0,0,NA,0,NA,0,0,0,0,0,NA,0,NA,NA,NA,0,0,NA,NA,NA,0,0,NA,NA,0,NA,0,0,NA,NA,NA,NA,NA,NA,NA,NA,NA,NA,NA,NA,NA,NA,NA,NA
"168",1,1,1,1,NA,0,1,0,1,0,0,NA,0,1,0,0,0,0,0,0,NA,0,0,NA,0,0,0,0,0,0,0,0,0,0,0,0,0,0,0,0,0,NA,0,0,0,0,0,NA,0,0,0,0,0,0,0,NA,NA,NA,0,0,NA,0,NA,0,NA,NA,0,0,0,0,0,NA,NA,NA,NA,NA,NA,NA,NA,NA,NA,NA,NA,NA,NA,NA,NA
"169",1,1,1,1,1,0,1,0,0,0,0,NA,1,1,0,0,0,0,0,0,NA,0,0,NA,0,0,0,0,0,0,0,0,0,0,0,0,0,0,0,0,0,NA,0,0,0,0,0,NA,0,0,0,0,0,0,0,NA,NA,NA,0,0,NA,0,NA,0,NA,NA,0,0,0,0,0,NA,NA,NA,NA,NA,NA,NA,NA,NA,NA,NA,NA,NA,NA,NA,NA
"170",1,1,1,1,NA,1,1,0,1,0,0,NA,0,1,0,0,0,0,0,0,NA,0,0,NA,0,0,0,0,0,0,0,0,0,0,NA,0,0,0,0,0,0,NA,0,0,0,0,0,NA,0,0,0,0,0,0,0,NA,NA,NA,0,0,NA,0,NA,0,NA,NA,0,0,0,0,0,NA,NA,NA,NA,NA,NA,NA,NA,NA,NA,NA,NA,NA,NA,NA,NA
"171",1,1,1,1,1,1,1,0,0,0,0,NA,1,1,0,0,0,0,0,0,NA,0,0,NA,0,0,0,0,0,0,0,0,0,0,NA,0,0,0,0,0,0,NA,0,0,0,0,0,NA,0,0,0,0,0,0,0,NA,NA,NA,0,0,NA,0,NA,0,NA,NA,0,0,0,0,0,NA,NA,NA,NA,NA,NA,NA,NA,NA,NA,NA,NA,NA,NA,NA,NA
"172",1,1,1,NA,1,1,1,0,0,0,0,NA,1,0,0,0,0,0,0,0,NA,0,0,NA,0,0,0,0,0,0,0,0,0,0,NA,0,0,0,0,0,NA,0,0,0,0,NA,0,NA,0,0,0,0,0,0,0,NA,NA,NA,0,0,NA,0,NA,0,NA,NA,0,0,0,0,0,NA,NA,NA,NA,NA,NA,NA,NA,NA,NA,NA,NA,NA,NA,NA,NA
"173",1,1,1,NA,1,0,1,0,0,0,0,NA,1,0,0,0,0,0,0,0,NA,0,0,NA,NA,0,0,0,0,0,0,0,0,0,0,0,0,0,0,0,NA,0,0,0,0,NA,0,NA,0,0,0,0,0,0,0,NA,NA,NA,0,0,NA,0,NA,0,NA,NA,0,0,0,0,0,NA,NA,NA,NA,NA,NA,NA,NA,NA,NA,NA,NA,NA,NA,NA,NA
"174",1,1,1,NA,NA,0,1,0,1,0,0,NA,0,0,0,0,0,0,0,0,NA,0,0,NA,NA,0,0,0,0,0,0,0,0,0,0,0,0,0,0,0,NA,0,0,0,0,NA,0,NA,0,0,0,0,0,0,0,NA,NA,NA,0,0,NA,0,NA,0,NA,NA,0,0,0,0,0,NA,NA,NA,NA,NA,NA,NA,NA,NA,NA,NA,NA,NA,NA,NA,NA
"175",1,1,1,1,NA,0,1,0,1,0,0,NA,0,1,0,0,0,0,0,0,NA,0,0,NA,NA,0,0,0,0,0,0,0,0,0,0,0,0,0,0,0,0,NA,0,0,0,0,0,NA,0,0,0,0,0,0,0,NA,NA,NA,0,0,NA,0,NA,0,NA,NA,0,0,0,0,0,NA,NA,NA,NA,NA,NA,NA,NA,NA,NA,NA,NA,NA,NA,NA,NA
"176",1,1,1,NA,NA,1,1,0,1,0,0,NA,0,0,0,0,0,0,0,0,NA,0,0,NA,NA,0,0,0,0,0,0,0,0,0,NA,0,0,0,0,0,NA,0,0,0,0,NA,0,NA,0,0,0,0,0,0,0,NA,NA,NA,0,0,NA,0,NA,0,NA,NA,0,0,0,0,0,NA,NA,NA,NA,NA,NA,NA,NA,NA,NA,NA,NA,NA,NA,NA,NA
"177",1,1,1,1,NA,1,1,0,1,0,0,NA,0,1,0,0,0,0,0,0,NA,0,0,NA,NA,0,0,0,0,0,0,0,0,0,NA,0,0,0,0,0,0,NA,0,0,0,0,0,NA,0,0,0,0,0,0,0,NA,NA,NA,0,0,NA,0,NA,0,NA,NA,0,0,0,0,0,NA,NA,NA,NA,NA,NA,NA,NA,NA,NA,NA,NA,NA,NA,NA,NA
"178",1,1,1,NA,1,1,1,0,0,0,0,NA,1,0,0,0,0,0,0,0,NA,0,0,NA,NA,0,0,0,0,0,0,0,0,0,NA,0,0,0,0,0,NA,0,0,0,0,NA,0,NA,0,0,0,0,0,0,0,NA,NA,NA,0,0,NA,0,NA,0,NA,NA,0,0,0,0,0,NA,NA,NA,NA,NA,NA,NA,NA,NA,NA,NA,NA,NA,NA,NA,NA
"179",1,1,1,1,NA,0,1,NA,1,0,0,1,0,1,0,0,0,0,0,0,NA,0,0,NA,0,0,0,0,0,NA,0,0,0,0,0,0,0,0,0,0,0,NA,0,0,0,0,0,NA,0,0,0,0,0,NA,0,NA,NA,NA,0,0,NA,0,NA,0,NA,NA,0,0,0,0,0,NA,NA,NA,NA,NA,NA,NA,NA,NA,NA,NA,NA,NA,NA,NA,NA
"180",1,1,1,NA,NA,0,1,NA,1,0,0,0,0,0,0,0,0,0,0,NA,NA,0,0,NA,0,0,0,0,0,0,0,0,0,0,0,0,0,0,0,0,NA,0,0,0,0,NA,0,NA,0,0,0,0,0,NA,0,NA,NA,NA,0,0,NA,0,NA,0,NA,NA,0,0,0,0,0,NA,NA,NA,NA,NA,NA,NA,NA,NA,NA,NA,NA,NA,NA,NA,NA
"181",1,1,1,NA,NA,0,1,NA,1,0,0,1,0,0,0,0,0,0,0,0,NA,0,0,NA,0,0,0,0,0,NA,0,0,0,0,0,0,0,0,0,0,NA,0,0,0,0,NA,0,NA,0,0,0,0,0,NA,0,NA,NA,NA,0,0,NA,0,NA,0,NA,NA,0,0,0,0,0,NA,NA,NA,NA,NA,NA,NA,NA,NA,NA,NA,NA,NA,NA,NA,NA
"182",1,1,1,1,NA,0,1,NA,1,0,0,0,0,1,0,0,0,0,0,NA,NA,0,0,NA,0,0,0,0,0,0,0,0,0,0,0,0,0,0,0,0,0,NA,0,0,0,0,0,NA,0,0,0,0,0,NA,0,NA,NA,NA,0,0,NA,0,NA,0,NA,NA,0,0,0,0,0,NA,NA,NA,NA,NA,NA,NA,NA,NA,NA,NA,NA,NA,NA,NA,NA
"183",1,1,1,1,NA,0,1,NA,1,0,0,1,0,1,0,0,0,0,0,NA,NA,0,0,NA,0,0,0,0,0,NA,0,0,0,0,0,0,0,0,0,0,0,NA,0,0,0,0,0,NA,0,0,0,0,0,NA,0,NA,NA,NA,0,0,NA,0,NA,0,NA,NA,0,0,0,0,0,NA,NA,NA,NA,NA,NA,NA,NA,NA,NA,NA,NA,NA,NA,NA,NA
"184",1,1,1,NA,NA,0,1,NA,1,0,0,1,0,0,0,0,0,0,0,NA,NA,0,0,NA,0,0,0,0,0,NA,0,0,0,0,0,0,0,0,0,0,NA,0,0,0,0,NA,0,NA,0,0,0,0,0,NA,0,NA,NA,NA,0,0,NA,0,NA,0,NA,NA,0,0,0,0,0,NA,NA,NA,NA,NA,NA,NA,NA,NA,NA,NA,NA,NA,NA,NA,NA
"185",1,1,1,1,NA,1,1,NA,1,0,0,0,0,1,0,0,0,0,0,0,NA,0,0,NA,0,0,0,0,0,0,0,0,0,0,NA,0,0,0,0,0,0,NA,0,0,0,0,0,NA,0,0,0,0,0,NA,0,NA,NA,NA,0,0,NA,0,NA,0,NA,NA,0,0,0,0,0,NA,NA,NA,NA,NA,NA,NA,NA,NA,NA,NA,NA,NA,NA,NA,NA
"186",1,1,1,NA,NA,1,1,NA,1,0,0,0,0,0,0,0,0,0,0,0,NA,0,0,NA,0,0,0,0,0,0,0,0,0,0,NA,0,0,0,0,0,NA,0,0,0,0,NA,0,NA,0,0,0,0,0,NA,0,NA,NA,NA,0,0,NA,0,NA,0,NA,NA,0,0,0,0,0,NA,NA,NA,NA,NA,NA,NA,NA,NA,NA,NA,NA,NA,NA,NA,NA
"187",1,1,1,1,NA,1,1,NA,1,0,0,0,0,1,0,0,0,0,0,NA,NA,0,0,NA,0,0,0,0,0,0,0,0,0,0,NA,0,0,0,0,0,0,NA,0,0,0,0,0,NA,0,0,0,0,0,NA,0,NA,NA,NA,0,0,NA,0,NA,0,NA,NA,0,0,0,0,0,NA,NA,NA,NA,NA,NA,NA,NA,NA,NA,NA,NA,NA,NA,NA,NA
"188",1,1,1,NA,NA,1,1,NA,1,0,0,1,0,0,0,0,0,0,0,0,NA,0,0,NA,0,0,0,0,0,NA,0,0,0,0,NA,0,0,0,0,0,NA,0,0,0,0,NA,0,NA,0,0,0,0,0,NA,0,NA,NA,NA,0,0,NA,0,NA,0,NA,NA,0,0,0,0,0,NA,NA,NA,NA,NA,NA,NA,NA,NA,NA,NA,NA,NA,NA,NA,NA
"189",1,1,1,NA,NA,1,1,NA,1,0,0,0,0,0,0,0,0,0,0,NA,NA,0,0,NA,0,0,0,0,0,0,0,0,0,0,NA,0,0,0,0,0,NA,0,0,0,0,NA,0,NA,0,0,0,0,0,NA,0,NA,NA,NA,0,0,NA,0,NA,0,NA,NA,0,0,0,0,0,NA,NA,NA,NA,NA,NA,NA,NA,NA,NA,NA,NA,NA,NA,NA,NA
"190",1,1,1,1,NA,1,1,NA,1,0,0,1,0,1,0,0,0,0,0,0,NA,0,0,NA,0,0,0,0,0,NA,0,0,0,0,NA,0,0,0,0,0,0,NA,0,0,0,0,0,NA,0,0,0,0,0,NA,0,NA,NA,NA,0,0,NA,0,NA,0,NA,NA,0,0,0,0,0,NA,NA,NA,NA,NA,NA,NA,NA,NA,NA,NA,NA,NA,NA,NA,NA
"191",1,1,1,1,NA,1,1,NA,1,0,0,1,0,1,0,0,0,0,0,NA,NA,0,0,NA,0,0,0,0,0,NA,0,0,0,0,NA,0,0,0,0,0,0,NA,0,0,0,0,0,NA,0,0,0,0,0,NA,0,NA,NA,NA,0,0,NA,0,NA,0,NA,NA,0,0,0,0,0,NA,NA,NA,NA,NA,NA,NA,NA,NA,NA,NA,NA,NA,NA,NA,NA
"192",1,1,1,NA,NA,1,1,NA,1,0,0,1,0,0,0,0,0,0,0,NA,NA,0,0,NA,0,0,0,0,0,NA,0,0,0,0,NA,0,0,0,0,0,NA,0,0,0,0,NA,0,NA,0,0,0,0,0,NA,0,NA,NA,NA,0,0,NA,0,NA,0,NA,NA,0,0,0,0,0,NA,NA,NA,NA,NA,NA,NA,NA,NA,NA,NA,NA,NA,NA,NA,NA
"193",1,1,1,1,NA,0,1,NA,1,0,0,0,0,1,0,0,0,0,0,0,NA,0,0,NA,NA,0,0,0,0,0,0,0,0,0,0,0,0,0,0,0,0,NA,0,0,0,0,0,NA,0,0,0,0,0,NA,0,NA,NA,NA,0,0,NA,0,NA,0,NA,NA,0,0,0,0,0,NA,NA,NA,NA,NA,NA,NA,NA,NA,NA,NA,NA,NA,NA,NA,NA
"194",1,1,1,1,NA,0,1,NA,1,0,0,1,0,1,0,0,0,0,0,0,NA,0,0,NA,NA,0,0,0,0,NA,0,0,0,0,0,0,0,0,0,0,0,NA,0,0,0,0,0,NA,0,0,0,0,0,NA,0,NA,NA,NA,0,0,NA,0,NA,0,NA,NA,0,0,0,0,0,NA,NA,NA,NA,NA,NA,NA,NA,NA,NA,NA,NA,NA,NA,NA,NA
"195",1,1,1,NA,NA,1,1,NA,1,0,0,0,0,0,0,0,0,0,0,0,NA,0,0,NA,NA,0,0,0,0,0,0,0,0,0,NA,0,0,0,0,0,NA,0,0,0,0,NA,0,NA,0,0,0,0,0,NA,0,NA,NA,NA,0,0,NA,0,NA,0,NA,NA,0,0,0,0,0,NA,NA,NA,NA,NA,NA,NA,NA,NA,NA,NA,NA,NA,NA,NA,NA
"196",1,1,1,NA,NA,0,1,NA,1,0,0,1,0,0,0,0,0,0,0,0,NA,0,0,NA,NA,0,0,0,0,NA,0,0,0,0,0,0,0,0,0,0,NA,0,0,0,0,NA,0,NA,0,0,0,0,0,NA,0,NA,NA,NA,0,0,NA,0,NA,0,NA,NA,0,0,0,0,0,NA,NA,NA,NA,NA,NA,NA,NA,NA,NA,NA,NA,NA,NA,NA,NA
"197",1,1,1,1,NA,1,1,NA,1,0,0,0,0,1,0,0,0,0,0,0,NA,0,0,NA,NA,0,0,0,0,0,0,0,0,0,NA,0,0,0,0,0,0,NA,0,0,0,0,0,NA,0,0,0,0,0,NA,0,NA,NA,NA,0,0,NA,0,NA,0,NA,NA,0,0,0,0,0,NA,NA,NA,NA,NA,NA,NA,NA,NA,NA,NA,NA,NA,NA,NA,NA
"198",1,1,1,1,NA,1,1,NA,1,0,0,1,0,1,0,0,0,0,0,0,NA,0,0,NA,NA,0,0,0,0,NA,0,0,0,0,NA,0,0,0,0,0,0,NA,0,0,0,0,0,NA,0,0,0,0,0,NA,0,NA,NA,NA,0,0,NA,0,NA,0,NA,NA,0,0,0,0,0,NA,NA,NA,NA,NA,NA,NA,NA,NA,NA,NA,NA,NA,NA,NA,NA
"199",1,1,1,NA,NA,1,1,NA,1,0,0,1,0,0,0,0,0,0,0,0,NA,0,0,NA,NA,0,0,0,0,NA,0,0,0,0,NA,0,0,0,0,0,NA,0,0,0,0,NA,0,NA,0,0,0,0,0,NA,0,NA,NA,NA,0,0,NA,0,NA,0,NA,NA,0,0,0,0,0,NA,NA,NA,NA,NA,NA,NA,NA,NA,NA,NA,NA,NA,NA,NA,NA
"200",1,1,1,1,NA,0,1,NA,1,0,0,0,0,1,0,0,0,0,0,NA,NA,0,0,NA,NA,0,0,0,0,0,0,0,0,0,0,0,0,0,0,0,0,NA,0,0,0,0,0,NA,0,0,0,0,0,NA,0,NA,NA,NA,0,0,NA,0,NA,0,NA,NA,0,0,0,0,0,NA,NA,NA,NA,NA,NA,NA,NA,NA,NA,NA,NA,NA,NA,NA,NA
"201",1,1,1,NA,NA,0,1,NA,1,0,0,0,0,0,0,0,0,0,0,NA,NA,0,0,NA,NA,0,0,0,0,0,0,0,0,0,0,0,0,0,0,0,NA,0,0,0,0,NA,0,NA,0,0,0,0,0,NA,0,NA,NA,NA,0,0,NA,0,NA,0,NA,NA,0,0,0,0,0,NA,NA,NA,NA,NA,NA,NA,NA,NA,NA,NA,NA,NA,NA,NA,NA
"202",1,1,1,1,NA,1,1,NA,1,0,0,0,0,1,0,0,0,0,0,NA,NA,0,0,NA,NA,0,0,0,0,0,0,0,0,0,NA,0,0,0,0,0,0,NA,0,0,0,0,0,NA,0,0,0,0,0,NA,0,NA,NA,NA,0,0,NA,0,NA,0,NA,NA,0,0,0,0,0,NA,NA,NA,NA,NA,NA,NA,NA,NA,NA,NA,NA,NA,NA,NA,NA
"203",1,1,1,NA,NA,0,1,NA,1,0,0,1,0,0,0,0,0,0,0,NA,NA,0,0,NA,NA,0,0,0,0,NA,0,0,0,0,0,0,0,0,0,0,NA,0,0,0,0,NA,0,NA,0,0,0,0,0,NA,0,NA,NA,NA,0,0,NA,0,NA,0,NA,NA,0,0,0,0,0,NA,NA,NA,NA,NA,NA,NA,NA,NA,NA,NA,NA,NA,NA,NA,NA
"204",1,1,1,NA,NA,1,1,NA,1,0,0,0,0,0,0,0,0,0,0,NA,NA,0,0,NA,NA,0,0,0,0,0,0,0,0,0,NA,0,0,0,0,0,NA,0,0,0,0,NA,0,NA,0,0,0,0,0,NA,0,NA,NA,NA,0,0,NA,0,NA,0,NA,NA,0,0,0,0,0,NA,NA,NA,NA,NA,NA,NA,NA,NA,NA,NA,NA,NA,NA,NA,NA
"205",1,1,1,1,NA,0,1,NA,1,0,0,1,0,1,0,0,0,0,0,NA,NA,0,0,NA,NA,0,0,0,0,NA,0,0,0,0,0,0,0,0,0,0,0,NA,0,0,0,0,0,NA,0,0,0,0,0,NA,0,NA,NA,NA,0,0,NA,0,NA,0,NA,NA,0,0,0,0,0,NA,NA,NA,NA,NA,NA,NA,NA,NA,NA,NA,NA,NA,NA,NA,NA
"206",1,1,1,1,NA,1,1,NA,1,0,0,1,0,1,0,0,0,0,0,NA,NA,0,0,NA,NA,0,0,0,0,NA,0,0,0,0,NA,0,0,0,0,0,0,NA,0,0,0,0,0,NA,0,0,0,0,0,NA,0,NA,NA,NA,0,0,NA,0,NA,0,NA,NA,0,0,0,0,0,NA,NA,NA,NA,NA,NA,NA,NA,NA,NA,NA,NA,NA,NA,NA,NA
"207",1,1,1,NA,NA,1,1,NA,1,0,0,1,0,0,0,0,0,0,0,NA,NA,0,0,NA,NA,0,0,0,0,NA,0,0,0,0,NA,0,0,0,0,0,NA,0,0,0,0,NA,0,NA,0,0,0,0,0,NA,0,NA,NA,NA,0,0,NA,0,NA,0,NA,NA,0,0,0,0,0,NA,NA,NA,NA,NA,NA,NA,NA,NA,NA,NA,NA,NA,NA,NA,NA
"208",1,1,1,NA,1,0,1,NA,0,0,0,0,1,0,0,0,0,0,0,0,NA,0,0,NA,0,0,0,0,0,0,0,0,0,0,0,0,0,0,0,0,NA,0,0,0,0,NA,0,NA,0,0,0,0,0,NA,0,NA,NA,NA,0,0,NA,0,NA,0,NA,NA,0,0,0,0,0,NA,NA,NA,NA,NA,NA,NA,NA,NA,NA,NA,NA,NA,NA,NA,NA
"209",1,1,1,NA,1,0,1,NA,0,0,0,1,1,0,0,0,0,0,0,0,NA,0,0,NA,0,0,0,0,0,NA,0,0,0,0,0,0,0,0,0,0,NA,0,0,0,0,NA,0,NA,0,0,0,0,0,NA,0,NA,NA,NA,0,0,NA,0,NA,0,NA,NA,0,0,0,0,0,NA,NA,NA,NA,NA,NA,NA,NA,NA,NA,NA,NA,NA,NA,NA,NA
"210",1,1,1,NA,1,0,1,NA,0,0,0,0,1,0,0,0,0,0,0,NA,NA,0,0,NA,0,0,0,0,0,0,0,0,0,0,0,0,0,0,0,0,NA,0,0,0,0,NA,0,NA,0,0,0,0,0,NA,0,NA,NA,NA,0,0,NA,0,NA,0,NA,NA,0,0,0,0,0,NA,NA,NA,NA,NA,NA,NA,NA,NA,NA,NA,NA,NA,NA,NA,NA
"211",1,1,1,NA,1,0,1,NA,0,0,0,1,1,0,0,0,0,0,0,NA,NA,0,0,NA,0,0,0,0,0,NA,0,0,0,0,0,0,0,0,0,0,NA,0,0,0,0,NA,0,NA,0,0,0,0,0,NA,0,NA,NA,NA,0,0,NA,0,NA,0,NA,NA,0,0,0,0,0,NA,NA,NA,NA,NA,NA,NA,NA,NA,NA,NA,NA,NA,NA,NA,NA
"212",1,1,1,NA,1,1,1,NA,0,0,0,0,1,0,0,0,0,0,0,0,NA,0,0,NA,0,0,0,0,0,0,0,0,0,0,NA,0,0,0,0,0,NA,0,0,0,0,NA,0,NA,0,0,0,0,0,NA,0,NA,NA,NA,0,0,NA,0,NA,0,NA,NA,0,0,0,0,0,NA,NA,NA,NA,NA,NA,NA,NA,NA,NA,NA,NA,NA,NA,NA,NA
"213",1,1,1,NA,1,1,1,NA,0,0,0,1,1,0,0,0,0,0,0,0,NA,0,0,NA,0,0,0,0,0,NA,0,0,0,0,NA,0,0,0,0,0,NA,0,0,0,0,NA,0,NA,0,0,0,0,0,NA,0,NA,NA,NA,0,0,NA,0,NA,0,NA,NA,0,0,0,0,0,NA,NA,NA,NA,NA,NA,NA,NA,NA,NA,NA,NA,NA,NA,NA,NA
"214",1,1,1,NA,1,1,1,NA,0,0,0,0,1,0,0,0,0,0,0,NA,NA,0,0,NA,0,0,0,0,0,0,0,0,0,0,NA,0,0,0,0,0,NA,0,0,0,0,NA,0,NA,0,0,0,0,0,NA,0,NA,NA,NA,0,0,NA,0,NA,0,NA,NA,0,0,0,0,0,NA,NA,NA,NA,NA,NA,NA,NA,NA,NA,NA,NA,NA,NA,NA,NA
"215",1,1,1,NA,1,1,1,NA,0,0,0,1,1,0,0,0,0,0,0,NA,NA,0,0,NA,0,0,0,0,0,NA,0,0,0,0,NA,0,0,0,0,0,NA,0,0,0,0,NA,0,NA,0,0,0,0,0,NA,0,NA,NA,NA,0,0,NA,0,NA,0,NA,NA,0,0,0,0,0,NA,NA,NA,NA,NA,NA,NA,NA,NA,NA,NA,NA,NA,NA,NA,NA
"216",1,1,1,NA,1,0,1,NA,0,0,0,0,1,0,0,0,0,0,0,0,NA,0,0,NA,NA,0,0,0,0,0,0,0,0,0,0,0,0,0,0,0,NA,0,0,0,0,NA,0,NA,0,0,0,0,0,NA,0,NA,NA,NA,0,0,NA,0,NA,0,NA,NA,0,0,0,0,0,NA,NA,NA,NA,NA,NA,NA,NA,NA,NA,NA,NA,NA,NA,NA,NA
"217",1,1,1,NA,1,1,1,NA,0,0,0,0,1,0,0,0,0,0,0,0,NA,0,0,NA,NA,0,0,0,0,0,0,0,0,0,NA,0,0,0,0,0,NA,0,0,0,0,NA,0,NA,0,0,0,0,0,NA,0,NA,NA,NA,0,0,NA,0,NA,0,NA,NA,0,0,0,0,0,NA,NA,NA,NA,NA,NA,NA,NA,NA,NA,NA,NA,NA,NA,NA,NA
"218",1,1,1,NA,1,0,1,NA,0,0,0,1,1,0,0,0,0,0,0,0,NA,0,0,NA,NA,0,0,0,0,NA,0,0,0,0,0,0,0,0,0,0,NA,0,0,0,0,NA,0,NA,0,0,0,0,0,NA,0,NA,NA,NA,0,0,NA,0,NA,0,NA,NA,0,0,0,0,0,NA,NA,NA,NA,NA,NA,NA,NA,NA,NA,NA,NA,NA,NA,NA,NA
"219",1,1,1,NA,1,1,1,NA,0,0,0,1,1,0,0,0,0,0,0,0,NA,0,0,NA,NA,0,0,0,0,NA,0,0,0,0,NA,0,0,0,0,0,NA,0,0,0,0,NA,0,NA,0,0,0,0,0,NA,0,NA,NA,NA,0,0,NA,0,NA,0,NA,NA,0,0,0,0,0,NA,NA,NA,NA,NA,NA,NA,NA,NA,NA,NA,NA,NA,NA,NA,NA
"220",1,1,1,NA,1,0,1,NA,0,0,0,0,1,0,0,0,0,0,0,NA,NA,0,0,NA,NA,0,0,0,0,0,0,0,0,0,0,0,0,0,0,0,NA,0,0,0,0,NA,0,NA,0,0,0,0,0,NA,0,NA,NA,NA,0,0,NA,0,NA,0,NA,NA,0,0,0,0,0,NA,NA,NA,NA,NA,NA,NA,NA,NA,NA,NA,NA,NA,NA,NA,NA
"221",1,1,1,NA,1,1,1,NA,0,0,0,0,1,0,0,0,0,0,0,NA,NA,0,0,NA,NA,0,0,0,0,0,0,0,0,0,NA,0,0,0,0,0,NA,0,0,0,0,NA,0,NA,0,0,0,0,0,NA,0,NA,NA,NA,0,0,NA,0,NA,0,NA,NA,0,0,0,0,0,NA,NA,NA,NA,NA,NA,NA,NA,NA,NA,NA,NA,NA,NA,NA,NA
"222",1,1,1,NA,1,0,1,NA,0,0,0,1,1,0,0,0,0,0,0,NA,NA,0,0,NA,NA,0,0,0,0,NA,0,0,0,0,0,0,0,0,0,0,NA,0,0,0,0,NA,0,NA,0,0,0,0,0,NA,0,NA,NA,NA,0,0,NA,0,NA,0,NA,NA,0,0,0,0,0,NA,NA,NA,NA,NA,NA,NA,NA,NA,NA,NA,NA,NA,NA,NA,NA
"223",1,1,1,NA,1,1,1,NA,0,0,0,1,1,0,0,0,0,0,0,NA,NA,0,0,NA,NA,0,0,0,0,NA,0,0,0,0,NA,0,0,0,0,0,NA,0,0,0,0,NA,0,NA,0,0,0,0,0,NA,0,NA,NA,NA,0,0,NA,0,NA,0,NA,NA,0,0,0,0,0,NA,NA,NA,NA,NA,NA,NA,NA,NA,NA,NA,NA,NA,NA,NA,NA
"224",NA,NA,1,1,NA,0,1,0,1,0,0,NA,0,1,0,0,0,0,0,0,NA,0,0,NA,0,0,0,0,0,0,0,0,0,0,0,0,0,0,0,0,0,NA,0,0,0,0,0,NA,0,0,0,0,0,0,0,NA,NA,NA,0,0,NA,0,NA,0,NA,NA,0,0,0,0,0,NA,NA,NA,NA,NA,NA,NA,NA,NA,NA,NA,NA,NA,NA,NA,NA
"225",NA,NA,1,NA,NA,0,1,0,1,0,0,NA,0,0,0,0,0,0,0,0,NA,0,0,NA,0,0,0,0,0,0,0,0,0,0,0,0,0,0,0,0,NA,0,0,0,0,NA,0,NA,0,0,0,0,0,0,0,NA,NA,NA,0,0,NA,0,NA,0,NA,NA,0,0,0,0,0,NA,NA,NA,NA,NA,NA,NA,NA,NA,NA,NA,NA,NA,NA,NA,NA
"226",NA,NA,1,1,NA,1,1,0,1,0,0,NA,0,1,0,0,0,0,0,0,NA,0,0,NA,0,0,0,0,0,0,0,0,0,0,NA,0,0,0,0,0,0,NA,0,0,0,0,0,NA,0,0,0,0,0,0,0,NA,NA,NA,0,0,NA,0,NA,0,NA,NA,0,0,0,0,0,NA,NA,NA,NA,NA,NA,NA,NA,NA,NA,NA,NA,NA,NA,NA,NA
"227",NA,NA,1,NA,NA,1,1,0,1,0,0,NA,0,0,0,0,0,0,0,0,NA,0,0,NA,0,0,0,0,0,0,0,0,0,0,NA,0,0,0,0,0,NA,0,0,0,0,NA,0,NA,0,0,0,0,0,0,0,NA,NA,NA,0,0,NA,0,NA,0,NA,NA,0,0,0,0,0,NA,NA,NA,NA,NA,NA,NA,NA,NA,NA,NA,NA,NA,NA,NA,NA
"228",NA,NA,1,1,NA,0,0,0,1,0,0,NA,0,1,0,0,0,0,0,0,NA,0,0,NA,NA,0,0,0,0,0,0,0,0,0,0,0,0,0,0,0,0,NA,0,0,0,0,0,NA,0,0,0,0,0,0,0,NA,NA,NA,0,0,NA,0,NA,0,NA,NA,0,0,0,0,0,NA,NA,NA,NA,NA,NA,NA,NA,NA,NA,NA,NA,NA,NA,NA,NA
"229",NA,NA,1,NA,NA,0,0,0,1,0,0,NA,0,0,0,0,0,0,0,0,NA,0,0,NA,NA,0,0,0,0,0,0,0,0,0,0,0,0,0,0,0,NA,0,0,0,0,NA,0,NA,0,0,0,0,0,0,0,NA,NA,NA,0,0,NA,0,NA,0,NA,NA,0,0,0,0,0,NA,NA,NA,NA,NA,NA,NA,NA,NA,NA,NA,NA,NA,NA,NA,NA
"230",NA,NA,1,1,NA,1,0,0,1,0,0,NA,0,1,0,0,0,0,0,0,NA,0,0,NA,NA,0,0,0,0,0,0,0,0,0,NA,0,0,0,0,0,0,NA,0,0,0,0,0,NA,0,0,0,0,0,0,0,NA,NA,NA,0,0,NA,0,NA,0,NA,NA,0,0,0,0,0,NA,NA,NA,NA,NA,NA,NA,NA,NA,NA,NA,NA,NA,NA,NA,NA
"231",NA,NA,1,NA,NA,1,0,0,1,0,0,NA,0,0,0,0,0,0,0,0,NA,0,0,NA,NA,0,0,0,0,0,0,0,0,0,NA,0,0,0,0,0,NA,0,0,0,0,NA,0,NA,0,0,0,0,0,0,0,NA,NA,NA,0,0,NA,0,NA,0,NA,NA,0,0,0,0,0,NA,NA,NA,NA,NA,NA,NA,NA,NA,NA,NA,NA,NA,NA,NA,NA
"232",NA,NA,1,NA,1,0,1,0,0,0,0,NA,1,0,0,0,0,0,0,0,NA,0,0,NA,0,0,0,0,0,0,0,0,0,0,0,0,0,0,0,0,NA,0,0,0,0,NA,0,NA,0,0,0,0,0,0,0,NA,NA,NA,0,0,NA,0,NA,0,NA,NA,0,0,0,0,0,NA,NA,NA,NA,NA,NA,NA,NA,NA,NA,NA,NA,NA,NA,NA,NA
"233",NA,NA,1,NA,1,1,1,0,0,0,0,NA,1,0,0,0,0,0,0,0,NA,0,0,NA,0,0,0,0,0,0,0,0,0,0,NA,0,0,0,0,0,NA,0,0,0,0,NA,0,NA,0,0,0,0,0,0,0,NA,NA,NA,0,0,NA,0,NA,0,NA,NA,0,0,0,0,0,NA,NA,NA,NA,NA,NA,NA,NA,NA,NA,NA,NA,NA,NA,NA,NA
"234",NA,NA,1,NA,1,0,0,0,0,0,0,NA,1,0,0,0,0,0,0,0,NA,0,0,NA,NA,0,0,0,0,0,0,0,0,0,0,0,0,0,0,0,NA,0,0,0,0,NA,0,NA,0,0,0,0,0,0,0,NA,NA,NA,0,0,NA,0,NA,0,NA,NA,0,0,0,0,0,NA,NA,NA,NA,NA,NA,NA,NA,NA,NA,NA,NA,NA,NA,NA,NA
"235",NA,NA,1,NA,1,1,0,0,0,0,0,NA,1,0,0,0,0,0,0,0,NA,0,0,NA,NA,0,0,0,0,0,0,0,0,0,NA,0,0,0,0,0,NA,0,0,0,0,NA,0,NA,0,0,0,0,0,0,0,NA,NA,NA,0,0,NA,0,NA,0,NA,NA,0,0,0,0,0,NA,NA,NA,NA,NA,NA,NA,NA,NA,NA,NA,NA,NA,NA,NA,NA
"236",NA,NA,1,1,NA,0,1,NA,1,0,0,0,0,1,0,0,0,0,0,0,NA,0,0,NA,0,0,0,0,0,0,0,0,0,0,0,0,0,0,0,0,0,NA,0,0,0,0,0,NA,0,0,0,0,0,NA,0,NA,NA,NA,0,0,NA,0,NA,0,NA,NA,0,0,0,0,0,NA,NA,NA,NA,NA,NA,NA,NA,NA,NA,NA,NA,NA,NA,NA,NA
"237",NA,NA,1,NA,NA,0,1,NA,1,0,0,0,0,0,0,0,0,0,0,0,NA,0,0,NA,0,0,0,0,0,0,0,0,0,0,0,0,0,0,0,0,NA,0,0,0,0,NA,0,NA,0,0,0,0,0,NA,0,NA,NA,NA,0,0,NA,0,NA,0,NA,NA,0,0,0,0,0,NA,NA,NA,NA,NA,NA,NA,NA,NA,NA,NA,NA,NA,NA,NA,NA
"238",NA,NA,1,1,NA,0,1,NA,1,0,0,0,0,1,0,0,0,0,0,NA,NA,0,0,NA,0,0,0,0,0,0,0,0,0,0,0,0,0,0,0,0,0,NA,0,0,0,0,0,NA,0,0,0,0,0,NA,0,NA,NA,NA,0,0,NA,0,NA,0,NA,NA,0,0,0,0,0,NA,NA,NA,NA,NA,NA,NA,NA,NA,NA,NA,NA,NA,NA,NA,NA
"239",NA,NA,1,NA,NA,0,1,NA,1,0,0,1,0,0,0,0,0,0,0,0,NA,0,0,NA,0,0,0,0,0,NA,0,0,0,0,0,0,0,0,0,0,NA,0,0,0,0,NA,0,NA,0,0,0,0,0,NA,0,NA,NA,NA,0,0,NA,0,NA,0,NA,NA,0,0,0,0,0,NA,NA,NA,NA,NA,NA,NA,NA,NA,NA,NA,NA,NA,NA,NA,NA
"240",NA,NA,1,NA,NA,0,1,NA,1,0,0,0,0,0,0,0,0,0,0,NA,NA,0,0,NA,0,0,0,0,0,0,0,0,0,0,0,0,0,0,0,0,NA,0,0,0,0,NA,0,NA,0,0,0,0,0,NA,0,NA,NA,NA,0,0,NA,0,NA,0,NA,NA,0,0,0,0,0,NA,NA,NA,NA,NA,NA,NA,NA,NA,NA,NA,NA,NA,NA,NA,NA
"241",NA,NA,1,1,NA,0,1,NA,1,0,0,1,0,1,0,0,0,0,0,0,NA,0,0,NA,0,0,0,0,0,NA,0,0,0,0,0,0,0,0,0,0,0,NA,0,0,0,0,0,NA,0,0,0,0,0,NA,0,NA,NA,NA,0,0,NA,0,NA,0,NA,NA,0,0,0,0,0,NA,NA,NA,NA,NA,NA,NA,NA,NA,NA,NA,NA,NA,NA,NA,NA
"242",NA,NA,1,1,NA,0,1,NA,1,0,0,1,0,1,0,0,0,0,0,NA,NA,0,0,NA,0,0,0,0,0,NA,0,0,0,0,0,0,0,0,0,0,0,NA,0,0,0,0,0,NA,0,0,0,0,0,NA,0,NA,NA,NA,0,0,NA,0,NA,0,NA,NA,0,0,0,0,0,NA,NA,NA,NA,NA,NA,NA,NA,NA,NA,NA,NA,NA,NA,NA,NA
"243",NA,NA,1,NA,NA,0,1,NA,1,0,0,1,0,0,0,0,0,0,0,NA,NA,0,0,NA,0,0,0,0,0,NA,0,0,0,0,0,0,0,0,0,0,NA,0,0,0,0,NA,0,NA,0,0,0,0,0,NA,0,NA,NA,NA,0,0,NA,0,NA,0,NA,NA,0,0,0,0,0,NA,NA,NA,NA,NA,NA,NA,NA,NA,NA,NA,NA,NA,NA,NA,NA
"244",NA,NA,1,1,NA,1,1,NA,1,0,0,0,0,1,0,0,0,0,0,0,NA,0,0,NA,0,0,0,0,0,0,0,0,0,0,NA,0,0,0,0,0,0,NA,0,0,0,0,0,NA,0,0,0,0,0,NA,0,NA,NA,NA,0,0,NA,0,NA,0,NA,NA,0,0,0,0,0,NA,NA,NA,NA,NA,NA,NA,NA,NA,NA,NA,NA,NA,NA,NA,NA
"245",NA,NA,1,NA,NA,1,1,NA,1,0,0,0,0,0,0,0,0,0,0,0,NA,0,0,NA,0,0,0,0,0,0,0,0,0,0,NA,0,0,0,0,0,NA,0,0,0,0,NA,0,NA,0,0,0,0,0,NA,0,NA,NA,NA,0,0,NA,0,NA,0,NA,NA,0,0,0,0,0,NA,NA,NA,NA,NA,NA,NA,NA,NA,NA,NA,NA,NA,NA,NA,NA
"246",NA,NA,1,1,NA,1,1,NA,1,0,0,1,0,1,0,0,0,0,0,0,NA,0,0,NA,0,0,0,0,0,NA,0,0,0,0,NA,0,0,0,0,0,0,NA,0,0,0,0,0,NA,0,0,0,0,0,NA,0,NA,NA,NA,0,0,NA,0,NA,0,NA,NA,0,0,0,0,0,NA,NA,NA,NA,NA,NA,NA,NA,NA,NA,NA,NA,NA,NA,NA,NA
"247",NA,NA,1,NA,NA,1,1,NA,1,0,0,0,0,0,0,0,0,0,0,NA,NA,0,0,NA,0,0,0,0,0,0,0,0,0,0,NA,0,0,0,0,0,NA,0,0,0,0,NA,0,NA,0,0,0,0,0,NA,0,NA,NA,NA,0,0,NA,0,NA,0,NA,NA,0,0,0,0,0,NA,NA,NA,NA,NA,NA,NA,NA,NA,NA,NA,NA,NA,NA,NA,NA
"248",NA,NA,1,NA,NA,1,1,NA,1,0,0,1,0,0,0,0,0,0,0,0,NA,0,0,NA,0,0,0,0,0,NA,0,0,0,0,NA,0,0,0,0,0,NA,0,0,0,0,NA,0,NA,0,0,0,0,0,NA,0,NA,NA,NA,0,0,NA,0,NA,0,NA,NA,0,0,0,0,0,NA,NA,NA,NA,NA,NA,NA,NA,NA,NA,NA,NA,NA,NA,NA,NA
"249",NA,NA,1,1,NA,1,1,NA,1,0,0,0,0,1,0,0,0,0,0,NA,NA,0,0,NA,0,0,0,0,0,0,0,0,0,0,NA,0,0,0,0,0,0,NA,0,0,0,0,0,NA,0,0,0,0,0,NA,0,NA,NA,NA,0,0,NA,0,NA,0,NA,NA,0,0,0,0,0,NA,NA,NA,NA,NA,NA,NA,NA,NA,NA,NA,NA,NA,NA,NA,NA
"250",NA,NA,1,1,NA,1,1,NA,1,0,0,1,0,1,0,0,0,0,0,NA,NA,0,0,NA,0,0,0,0,0,NA,0,0,0,0,NA,0,0,0,0,0,0,NA,0,0,0,0,0,NA,0,0,0,0,0,NA,0,NA,NA,NA,0,0,NA,0,NA,0,NA,NA,0,0,0,0,0,NA,NA,NA,NA,NA,NA,NA,NA,NA,NA,NA,NA,NA,NA,NA,NA
"251",NA,NA,1,NA,NA,1,1,NA,1,0,0,1,0,0,0,0,0,0,0,NA,NA,0,0,NA,0,0,0,0,0,NA,0,0,0,0,NA,0,0,0,0,0,NA,0,0,0,0,NA,0,NA,0,0,0,0,0,NA,0,NA,NA,NA,0,0,NA,0,NA,0,NA,NA,0,0,0,0,0,NA,NA,NA,NA,NA,NA,NA,NA,NA,NA,NA,NA,NA,NA,NA,NA
"252",NA,NA,1,1,NA,0,0,NA,1,0,0,0,0,1,0,0,0,0,0,0,NA,0,0,NA,NA,0,0,0,0,0,0,0,0,0,0,0,0,0,0,0,0,NA,0,0,0,0,0,NA,0,0,0,0,0,NA,0,NA,NA,NA,0,0,NA,0,NA,0,NA,NA,0,0,0,0,0,NA,NA,NA,NA,NA,NA,NA,NA,NA,NA,NA,NA,NA,NA,NA,NA
"253",NA,NA,1,NA,NA,0,0,NA,1,0,0,0,0,0,0,0,0,0,0,0,NA,0,0,NA,NA,0,0,0,0,0,0,0,0,0,0,0,0,0,0,0,NA,0,0,0,0,NA,0,NA,0,0,0,0,0,NA,0,NA,NA,NA,0,0,NA,0,NA,0,NA,NA,0,0,0,0,0,NA,NA,NA,NA,NA,NA,NA,NA,NA,NA,NA,NA,NA,NA,NA,NA
"254",NA,NA,1,1,NA,1,0,NA,1,0,0,0,0,1,0,0,0,0,0,0,NA,0,0,NA,NA,0,0,0,0,0,0,0,0,0,NA,0,0,0,0,0,0,NA,0,0,0,0,0,NA,0,0,0,0,0,NA,0,NA,NA,NA,0,0,NA,0,NA,0,NA,NA,0,0,0,0,0,NA,NA,NA,NA,NA,NA,NA,NA,NA,NA,NA,NA,NA,NA,NA,NA
"255",NA,NA,1,NA,NA,0,0,NA,1,0,0,0,0,0,0,0,0,0,0,NA,NA,0,0,NA,NA,0,0,0,0,0,0,0,0,0,0,0,0,0,0,0,NA,0,0,0,0,NA,0,NA,0,0,0,0,0,NA,0,NA,NA,NA,0,0,NA,0,NA,0,NA,NA,0,0,0,0,0,NA,NA,NA,NA,NA,NA,NA,NA,NA,NA,NA,NA,NA,NA,NA,NA
"256",NA,NA,1,NA,NA,1,0,NA,1,0,0,0,0,0,0,0,0,0,0,0,NA,0,0,NA,NA,0,0,0,0,0,0,0,0,0,NA,0,0,0,0,0,NA,0,0,0,0,NA,0,NA,0,0,0,0,0,NA,0,NA,NA,NA,0,0,NA,0,NA,0,NA,NA,0,0,0,0,0,NA,NA,NA,NA,NA,NA,NA,NA,NA,NA,NA,NA,NA,NA,NA,NA
"257",NA,NA,1,1,NA,0,0,NA,1,0,0,0,0,1,0,0,0,0,0,NA,NA,0,0,NA,NA,0,0,0,0,0,0,0,0,0,0,0,0,0,0,0,0,NA,0,0,0,0,0,NA,0,0,0,0,0,NA,0,NA,NA,NA,0,0,NA,0,NA,0,NA,NA,0,0,0,0,0,NA,NA,NA,NA,NA,NA,NA,NA,NA,NA,NA,NA,NA,NA,NA,NA
"258",NA,NA,1,1,NA,1,0,NA,1,0,0,0,0,1,0,0,0,0,0,NA,NA,0,0,NA,NA,0,0,0,0,0,0,0,0,0,NA,0,0,0,0,0,0,NA,0,0,0,0,0,NA,0,0,0,0,0,NA,0,NA,NA,NA,0,0,NA,0,NA,0,NA,NA,0,0,0,0,0,NA,NA,NA,NA,NA,NA,NA,NA,NA,NA,NA,NA,NA,NA,NA,NA
"259",NA,NA,1,NA,NA,1,0,NA,1,0,0,0,0,0,0,0,0,0,0,NA,NA,0,0,NA,NA,0,0,0,0,0,0,0,0,0,NA,0,0,0,0,0,NA,0,0,0,0,NA,0,NA,0,0,0,0,0,NA,0,NA,NA,NA,0,0,NA,0,NA,0,NA,NA,0,0,0,0,0,NA,NA,NA,NA,NA,NA,NA,NA,NA,NA,NA,NA,NA,NA,NA,NA
"260",NA,NA,1,1,NA,0,0,NA,1,0,0,1,0,1,0,0,0,0,0,0,NA,0,0,NA,NA,0,0,0,0,NA,0,0,0,0,0,0,0,0,0,0,0,NA,0,0,0,0,0,NA,0,0,0,0,0,NA,0,NA,NA,NA,0,0,NA,0,NA,0,NA,NA,0,0,0,0,0,NA,NA,NA,NA,NA,NA,NA,NA,NA,NA,NA,NA,NA,NA,NA,NA
"261",NA,NA,1,NA,NA,0,0,NA,1,0,0,1,0,0,0,0,0,0,0,0,NA,0,0,NA,NA,0,0,0,0,NA,0,0,0,0,0,0,0,0,0,0,NA,0,0,0,0,NA,0,NA,0,0,0,0,0,NA,0,NA,NA,NA,0,0,NA,0,NA,0,NA,NA,0,0,0,0,0,NA,NA,NA,NA,NA,NA,NA,NA,NA,NA,NA,NA,NA,NA,NA,NA
"262",NA,NA,1,1,NA,0,0,NA,1,0,0,1,0,1,0,0,0,0,0,NA,NA,0,0,NA,NA,0,0,0,0,NA,0,0,0,0,0,0,0,0,0,0,0,NA,0,0,0,0,0,NA,0,0,0,0,0,NA,0,NA,NA,NA,0,0,NA,0,NA,0,NA,NA,0,0,0,0,0,NA,NA,NA,NA,NA,NA,NA,NA,NA,NA,NA,NA,NA,NA,NA,NA
"263",NA,NA,1,NA,NA,1,0,NA,1,0,0,1,0,0,0,0,0,0,0,0,NA,0,0,NA,NA,0,0,0,0,NA,0,0,0,0,NA,0,0,0,0,0,NA,0,0,0,0,NA,0,NA,0,0,0,0,0,NA,0,NA,NA,NA,0,0,NA,0,NA,0,NA,NA,0,0,0,0,0,NA,NA,NA,NA,NA,NA,NA,NA,NA,NA,NA,NA,NA,NA,NA,NA
"264",NA,NA,1,NA,NA,0,0,NA,1,0,0,1,0,0,0,0,0,0,0,NA,NA,0,0,NA,NA,0,0,0,0,NA,0,0,0,0,0,0,0,0,0,0,NA,0,0,0,0,NA,0,NA,0,0,0,0,0,NA,0,NA,NA,NA,0,0,NA,0,NA,0,NA,NA,0,0,0,0,0,NA,NA,NA,NA,NA,NA,NA,NA,NA,NA,NA,NA,NA,NA,NA,NA
"265",NA,NA,1,1,NA,1,0,NA,1,0,0,1,0,1,0,0,0,0,0,0,NA,0,0,NA,NA,0,0,0,0,NA,0,0,0,0,NA,0,0,0,0,0,0,NA,0,0,0,0,0,NA,0,0,0,0,0,NA,0,NA,NA,NA,0,0,NA,0,NA,0,NA,NA,0,0,0,0,0,NA,NA,NA,NA,NA,NA,NA,NA,NA,NA,NA,NA,NA,NA,NA,NA
"266",NA,NA,1,1,NA,1,0,NA,1,0,0,1,0,1,0,0,0,0,0,NA,NA,0,0,NA,NA,0,0,0,0,NA,0,0,0,0,NA,0,0,0,0,0,0,NA,0,0,0,0,0,NA,0,0,0,0,0,NA,0,NA,NA,NA,0,0,NA,0,NA,0,NA,NA,0,0,0,0,0,NA,NA,NA,NA,NA,NA,NA,NA,NA,NA,NA,NA,NA,NA,NA,NA
"267",NA,NA,1,NA,NA,1,0,NA,1,0,0,1,0,0,0,0,0,0,0,NA,NA,0,0,NA,NA,0,0,0,0,NA,0,0,0,0,NA,0,0,0,0,0,NA,0,0,0,0,NA,0,NA,0,0,0,0,0,NA,0,NA,NA,NA,0,0,NA,0,NA,0,NA,NA,0,0,0,0,0,NA,NA,NA,NA,NA,NA,NA,NA,NA,NA,NA,NA,NA,NA,NA,NA
"268",NA,NA,1,NA,1,0,1,NA,0,0,0,0,1,0,0,0,0,0,0,0,NA,0,0,NA,0,0,0,0,0,0,0,0,0,0,0,0,0,0,0,0,NA,0,0,0,0,NA,0,NA,0,0,0,0,0,NA,0,NA,NA,NA,0,0,NA,0,NA,0,NA,NA,0,0,0,0,0,NA,NA,NA,NA,NA,NA,NA,NA,NA,NA,NA,NA,NA,NA,NA,NA
"269",NA,NA,1,NA,1,1,1,NA,0,0,0,0,1,0,0,0,0,0,0,0,NA,0,0,NA,0,0,0,0,0,0,0,0,0,0,NA,0,0,0,0,0,NA,0,0,0,0,NA,0,NA,0,0,0,0,0,NA,0,NA,NA,NA,0,0,NA,0,NA,0,NA,NA,0,0,0,0,0,NA,NA,NA,NA,NA,NA,NA,NA,NA,NA,NA,NA,NA,NA,NA,NA
"270",NA,NA,1,NA,1,0,1,NA,0,0,0,1,1,0,0,0,0,0,0,0,NA,0,0,NA,0,0,0,0,0,NA,0,0,0,0,0,0,0,0,0,0,NA,0,0,0,0,NA,0,NA,0,0,0,0,0,NA,0,NA,NA,NA,0,0,NA,0,NA,0,NA,NA,0,0,0,0,0,NA,NA,NA,NA,NA,NA,NA,NA,NA,NA,NA,NA,NA,NA,NA,NA
"271",NA,NA,1,NA,1,0,1,NA,0,0,0,0,1,0,0,0,0,0,0,NA,NA,0,0,NA,0,0,0,0,0,0,0,0,0,0,0,0,0,0,0,0,NA,0,0,0,0,NA,0,NA,0,0,0,0,0,NA,0,NA,NA,NA,0,0,NA,0,NA,0,NA,NA,0,0,0,0,0,NA,NA,NA,NA,NA,NA,NA,NA,NA,NA,NA,NA,NA,NA,NA,NA
"272",NA,NA,1,NA,1,1,1,NA,0,0,0,1,1,0,0,0,0,0,0,0,NA,0,0,NA,0,0,0,0,0,NA,0,0,0,0,NA,0,0,0,0,0,NA,0,0,0,0,NA,0,NA,0,0,0,0,0,NA,0,NA,NA,NA,0,0,NA,0,NA,0,NA,NA,0,0,0,0,0,NA,NA,NA,NA,NA,NA,NA,NA,NA,NA,NA,NA,NA,NA,NA,NA
"273",NA,NA,1,NA,1,0,1,NA,0,0,0,1,1,0,0,0,0,0,0,NA,NA,0,0,NA,0,0,0,0,0,NA,0,0,0,0,0,0,0,0,0,0,NA,0,0,0,0,NA,0,NA,0,0,0,0,0,NA,0,NA,NA,NA,0,0,NA,0,NA,0,NA,NA,0,0,0,0,0,NA,NA,NA,NA,NA,NA,NA,NA,NA,NA,NA,NA,NA,NA,NA,NA
"274",NA,NA,1,NA,1,1,1,NA,0,0,0,0,1,0,0,0,0,0,0,NA,NA,0,0,NA,0,0,0,0,0,0,0,0,0,0,NA,0,0,0,0,0,NA,0,0,0,0,NA,0,NA,0,0,0,0,0,NA,0,NA,NA,NA,0,0,NA,0,NA,0,NA,NA,0,0,0,0,0,NA,NA,NA,NA,NA,NA,NA,NA,NA,NA,NA,NA,NA,NA,NA,NA
"275",NA,NA,1,NA,1,1,1,NA,0,0,0,1,1,0,0,0,0,0,0,NA,NA,0,0,NA,0,0,0,0,0,NA,0,0,0,0,NA,0,0,0,0,0,NA,0,0,0,0,NA,0,NA,0,0,0,0,0,NA,0,NA,NA,NA,0,0,NA,0,NA,0,NA,NA,0,0,0,0,0,NA,NA,NA,NA,NA,NA,NA,NA,NA,NA,NA,NA,NA,NA,NA,NA
"276",NA,NA,1,NA,1,0,0,NA,0,0,0,0,1,0,0,0,0,0,0,0,NA,0,0,NA,NA,0,0,0,0,0,0,0,0,0,0,0,0,0,0,0,NA,0,0,0,0,NA,0,NA,0,0,0,0,0,NA,0,NA,NA,NA,0,0,NA,0,NA,0,NA,NA,0,0,0,0,0,NA,NA,NA,NA,NA,NA,NA,NA,NA,NA,NA,NA,NA,NA,NA,NA
"277",NA,NA,1,NA,1,1,0,NA,0,0,0,0,1,0,0,0,0,0,0,0,NA,0,0,NA,NA,0,0,0,0,0,0,0,0,0,NA,0,0,0,0,0,NA,0,0,0,0,NA,0,NA,0,0,0,0,0,NA,0,NA,NA,NA,0,0,NA,0,NA,0,NA,NA,0,0,0,0,0,NA,NA,NA,NA,NA,NA,NA,NA,NA,NA,NA,NA,NA,NA,NA,NA
"278",NA,NA,1,NA,1,0,0,NA,0,0,0,1,1,0,0,0,0,0,0,0,NA,0,0,NA,NA,0,0,0,0,NA,0,0,0,0,0,0,0,0,0,0,NA,0,0,0,0,NA,0,NA,0,0,0,0,0,NA,0,NA,NA,NA,0,0,NA,0,NA,0,NA,NA,0,0,0,0,0,NA,NA,NA,NA,NA,NA,NA,NA,NA,NA,NA,NA,NA,NA,NA,NA
"279",NA,NA,1,NA,1,0,0,NA,0,0,0,0,1,0,0,0,0,0,0,NA,NA,0,0,NA,NA,0,0,0,0,0,0,0,0,0,0,0,0,0,0,0,NA,0,0,0,0,NA,0,NA,0,0,0,0,0,NA,0,NA,NA,NA,0,0,NA,0,NA,0,NA,NA,0,0,0,0,0,NA,NA,NA,NA,NA,NA,NA,NA,NA,NA,NA,NA,NA,NA,NA,NA
"280",NA,NA,1,NA,1,0,0,NA,0,0,0,1,1,0,0,0,0,0,0,NA,NA,0,0,NA,NA,0,0,0,0,NA,0,0,0,0,0,0,0,0,0,0,NA,0,0,0,0,NA,0,NA,0,0,0,0,0,NA,0,NA,NA,NA,0,0,NA,0,NA,0,NA,NA,0,0,0,0,0,NA,NA,NA,NA,NA,NA,NA,NA,NA,NA,NA,NA,NA,NA,NA,NA
"281",NA,NA,1,NA,1,1,0,NA,0,0,0,0,1,0,0,0,0,0,0,NA,NA,0,0,NA,NA,0,0,0,0,0,0,0,0,0,NA,0,0,0,0,0,NA,0,0,0,0,NA,0,NA,0,0,0,0,0,NA,0,NA,NA,NA,0,0,NA,0,NA,0,NA,NA,0,0,0,0,0,NA,NA,NA,NA,NA,NA,NA,NA,NA,NA,NA,NA,NA,NA,NA,NA
"282",NA,NA,1,NA,1,1,0,NA,0,0,0,1,1,0,0,0,0,0,0,0,NA,0,0,NA,NA,0,0,0,0,NA,0,0,0,0,NA,0,0,0,0,0,NA,0,0,0,0,NA,0,NA,0,0,0,0,0,NA,0,NA,NA,NA,0,0,NA,0,NA,0,NA,NA,0,0,0,0,0,NA,NA,NA,NA,NA,NA,NA,NA,NA,NA,NA,NA,NA,NA,NA,NA
"283",NA,NA,1,NA,1,1,0,NA,0,0,0,1,1,0,0,0,0,0,0,NA,NA,0,0,NA,NA,0,0,0,0,NA,0,0,0,0,NA,0,0,0,0,0,NA,0,0,0,0,NA,0,NA,0,0,0,0,0,NA,0,NA,NA,NA,0,0,NA,0,NA,0,NA,NA,0,0,0,0,0,NA,NA,NA,NA,NA,NA,NA,NA,NA,NA,NA,NA,NA,NA,NA,NA
"284",1,1,1,1,NA,0,1,0,NA,0,0,NA,0,1,0,0,0,0,0,0,NA,0,0,NA,0,0,0,0,0,0,0,0,0,0,0,0,0,0,0,0,0,NA,0,0,0,0,0,NA,0,0,0,0,0,0,0,NA,NA,NA,0,0,NA,0,NA,0,0,NA,0,0,0,0,0,NA,NA,NA,NA,NA,NA,NA,NA,NA,NA,NA,NA,NA,NA,NA,NA
"285",1,1,1,1,NA,1,1,0,NA,0,0,NA,0,1,0,0,0,0,0,0,NA,0,0,NA,0,0,0,0,0,0,0,0,0,0,NA,0,0,0,0,0,0,NA,0,0,0,0,0,NA,0,0,0,0,0,0,0,NA,NA,NA,0,0,NA,0,NA,0,0,NA,0,0,0,0,0,NA,NA,NA,NA,NA,NA,NA,NA,NA,NA,NA,NA,NA,NA,NA,NA
"286",1,1,1,1,NA,0,1,0,NA,0,0,NA,0,1,0,0,0,0,0,0,NA,0,0,NA,NA,0,0,0,0,0,0,0,0,0,0,0,0,0,0,0,0,NA,0,0,0,0,0,NA,0,0,0,0,0,0,0,NA,NA,NA,0,0,NA,0,NA,0,0,NA,0,0,0,0,0,NA,NA,NA,NA,NA,NA,NA,NA,NA,NA,NA,NA,NA,NA,NA,NA
"287",1,1,1,1,NA,1,1,0,NA,0,0,NA,0,1,0,0,0,0,0,0,NA,0,0,NA,NA,0,0,0,0,0,0,0,0,0,NA,0,0,0,0,0,0,NA,0,0,0,0,0,NA,0,0,0,0,0,0,0,NA,NA,NA,0,0,NA,0,NA,0,0,NA,0,0,0,0,0,NA,NA,NA,NA,NA,NA,NA,NA,NA,NA,NA,NA,NA,NA,NA,NA
"288",1,1,1,1,NA,0,1,NA,NA,0,0,0,0,1,0,0,0,0,0,0,NA,0,0,NA,0,0,0,0,0,0,0,0,0,0,0,0,0,0,0,0,0,NA,0,0,0,0,0,NA,0,0,0,0,0,NA,0,NA,NA,NA,0,0,NA,0,NA,0,0,NA,0,0,0,0,0,NA,NA,NA,NA,NA,NA,NA,NA,NA,NA,NA,NA,NA,NA,NA,NA
"289",1,1,1,1,NA,0,1,NA,NA,0,0,0,0,1,0,0,0,0,0,NA,NA,0,0,NA,0,0,0,0,0,0,0,0,0,0,0,0,0,0,0,0,0,NA,0,0,0,0,0,NA,0,0,0,0,0,NA,0,NA,NA,NA,0,0,NA,0,NA,0,0,NA,0,0,0,0,0,NA,NA,NA,NA,NA,NA,NA,NA,NA,NA,NA,NA,NA,NA,NA,NA
"290",1,1,1,1,NA,0,1,NA,NA,0,0,1,0,1,0,0,0,0,0,0,NA,0,0,NA,0,0,0,0,0,NA,0,0,0,0,0,0,0,0,0,0,0,NA,0,0,0,0,0,NA,0,0,0,0,0,NA,0,NA,NA,NA,0,0,NA,0,NA,0,0,NA,0,0,0,0,0,NA,NA,NA,NA,NA,NA,NA,NA,NA,NA,NA,NA,NA,NA,NA,NA
"291",1,1,1,1,NA,0,1,NA,NA,0,0,1,0,1,0,0,0,0,0,NA,NA,0,0,NA,0,0,0,0,0,NA,0,0,0,0,0,0,0,0,0,0,0,NA,0,0,0,0,0,NA,0,0,0,0,0,NA,0,NA,NA,NA,0,0,NA,0,NA,0,0,NA,0,0,0,0,0,NA,NA,NA,NA,NA,NA,NA,NA,NA,NA,NA,NA,NA,NA,NA,NA
"292",1,1,1,1,NA,1,1,NA,NA,0,0,0,0,1,0,0,0,0,0,0,NA,0,0,NA,0,0,0,0,0,0,0,0,0,0,NA,0,0,0,0,0,0,NA,0,0,0,0,0,NA,0,0,0,0,0,NA,0,NA,NA,NA,0,0,NA,0,NA,0,0,NA,0,0,0,0,0,NA,NA,NA,NA,NA,NA,NA,NA,NA,NA,NA,NA,NA,NA,NA,NA
"293",1,1,1,1,NA,1,1,NA,NA,0,0,0,0,1,0,0,0,0,0,NA,NA,0,0,NA,0,0,0,0,0,0,0,0,0,0,NA,0,0,0,0,0,0,NA,0,0,0,0,0,NA,0,0,0,0,0,NA,0,NA,NA,NA,0,0,NA,0,NA,0,0,NA,0,0,0,0,0,NA,NA,NA,NA,NA,NA,NA,NA,NA,NA,NA,NA,NA,NA,NA,NA
"294",1,1,1,1,NA,1,1,NA,NA,0,0,1,0,1,0,0,0,0,0,0,NA,0,0,NA,0,0,0,0,0,NA,0,0,0,0,NA,0,0,0,0,0,0,NA,0,0,0,0,0,NA,0,0,0,0,0,NA,0,NA,NA,NA,0,0,NA,0,NA,0,0,NA,0,0,0,0,0,NA,NA,NA,NA,NA,NA,NA,NA,NA,NA,NA,NA,NA,NA,NA,NA
"295",1,1,1,1,NA,1,1,NA,NA,0,0,1,0,1,0,0,0,0,0,NA,NA,0,0,NA,0,0,0,0,0,NA,0,0,0,0,NA,0,0,0,0,0,0,NA,0,0,0,0,0,NA,0,0,0,0,0,NA,0,NA,NA,NA,0,0,NA,0,NA,0,0,NA,0,0,0,0,0,NA,NA,NA,NA,NA,NA,NA,NA,NA,NA,NA,NA,NA,NA,NA,NA
"296",1,1,1,1,NA,0,1,NA,NA,0,0,0,0,1,0,0,0,0,0,0,NA,0,0,NA,NA,0,0,0,0,0,0,0,0,0,0,0,0,0,0,0,0,NA,0,0,0,0,0,NA,0,0,0,0,0,NA,0,NA,NA,NA,0,0,NA,0,NA,0,0,NA,0,0,0,0,0,NA,NA,NA,NA,NA,NA,NA,NA,NA,NA,NA,NA,NA,NA,NA,NA
"297",1,1,1,1,NA,0,1,NA,NA,0,0,1,0,1,0,0,0,0,0,0,NA,0,0,NA,NA,0,0,0,0,NA,0,0,0,0,0,0,0,0,0,0,0,NA,0,0,0,0,0,NA,0,0,0,0,0,NA,0,NA,NA,NA,0,0,NA,0,NA,0,0,NA,0,0,0,0,0,NA,NA,NA,NA,NA,NA,NA,NA,NA,NA,NA,NA,NA,NA,NA,NA
"298",1,1,1,1,NA,0,1,NA,NA,0,0,0,0,1,0,0,0,0,0,NA,NA,0,0,NA,NA,0,0,0,0,0,0,0,0,0,0,0,0,0,0,0,0,NA,0,0,0,0,0,NA,0,0,0,0,0,NA,0,NA,NA,NA,0,0,NA,0,NA,0,0,NA,0,0,0,0,0,NA,NA,NA,NA,NA,NA,NA,NA,NA,NA,NA,NA,NA,NA,NA,NA
"299",1,1,1,1,NA,0,1,NA,NA,0,0,1,0,1,0,0,0,0,0,NA,NA,0,0,NA,NA,0,0,0,0,NA,0,0,0,0,0,0,0,0,0,0,0,NA,0,0,0,0,0,NA,0,0,0,0,0,NA,0,NA,NA,NA,0,0,NA,0,NA,0,0,NA,0,0,0,0,0,NA,NA,NA,NA,NA,NA,NA,NA,NA,NA,NA,NA,NA,NA,NA,NA
"300",1,1,1,1,NA,1,1,NA,NA,0,0,0,0,1,0,0,0,0,0,0,NA,0,0,NA,NA,0,0,0,0,0,0,0,0,0,NA,0,0,0,0,0,0,NA,0,0,0,0,0,NA,0,0,0,0,0,NA,0,NA,NA,NA,0,0,NA,0,NA,0,0,NA,0,0,0,0,0,NA,NA,NA,NA,NA,NA,NA,NA,NA,NA,NA,NA,NA,NA,NA,NA
"301",1,1,0,NA,0,1,1,NA,NA,0,0,0,0,0,0,0,0,0,0,NA,NA,0,0,NA,NA,0,0,0,0,0,0,0,0,0,NA,0,0,0,0,0,NA,0,0,0,0,NA,0,NA,0,0,0,0,0,NA,0,NA,NA,NA,0,0,NA,0,NA,0,0,NA,0,0,0,0,0,NA,NA,NA,NA,NA,NA,NA,NA,NA,NA,NA,NA,NA,NA,NA,NA
"302",1,1,1,1,NA,1,1,NA,NA,0,0,1,0,1,0,0,0,0,0,0,NA,0,0,NA,NA,0,0,0,0,NA,0,0,0,0,NA,0,0,0,0,0,0,NA,0,0,0,0,0,NA,0,0,0,0,0,NA,0,NA,NA,NA,0,0,NA,0,NA,0,0,NA,0,0,0,0,0,NA,NA,NA,NA,NA,NA,NA,NA,NA,NA,NA,NA,NA,NA,NA,NA
"303",1,1,1,1,NA,1,1,NA,NA,0,0,1,0,1,0,0,0,0,0,NA,NA,0,0,NA,NA,0,0,0,0,NA,0,0,0,0,NA,0,0,0,0,0,0,NA,0,0,0,0,0,NA,0,0,0,0,0,NA,0,NA,NA,NA,0,0,NA,0,NA,0,0,NA,0,0,0,0,0,NA,NA,NA,NA,NA,NA,NA,NA,NA,NA,NA,NA,NA,NA,NA,NA
"304",NA,NA,1,1,NA,0,1,0,NA,0,0,NA,0,1,0,0,0,0,0,0,NA,0,0,NA,0,0,0,0,0,0,0,0,0,0,0,0,0,0,0,0,0,NA,0,0,0,0,0,NA,0,0,0,0,0,0,0,NA,NA,NA,0,0,NA,0,NA,0,0,NA,0,0,0,0,0,NA,NA,NA,NA,NA,NA,NA,NA,NA,NA,NA,NA,NA,NA,NA,NA
"305",NA,NA,1,1,NA,1,1,0,NA,0,0,NA,0,1,0,0,0,0,0,0,NA,0,0,NA,0,0,0,0,0,0,0,0,0,0,NA,0,0,0,0,0,0,NA,0,0,0,0,0,NA,0,0,0,0,0,0,0,NA,NA,NA,0,0,NA,0,NA,0,0,NA,0,0,0,0,0,NA,NA,NA,NA,NA,NA,NA,NA,NA,NA,NA,NA,NA,NA,NA,NA
"306",NA,NA,1,1,NA,0,0,0,NA,0,0,NA,0,1,0,0,0,0,0,0,NA,0,0,NA,NA,0,0,0,0,0,0,0,0,0,0,0,0,0,0,0,0,NA,0,0,0,0,0,NA,0,0,0,0,0,0,0,NA,NA,NA,0,0,NA,0,NA,0,0,NA,0,0,0,0,0,NA,NA,NA,NA,NA,NA,NA,NA,NA,NA,NA,NA,NA,NA,NA,NA
"307",NA,NA,1,1,NA,1,0,0,NA,0,0,NA,0,1,0,0,0,0,0,0,NA,0,0,NA,NA,0,0,0,0,0,0,0,0,0,NA,0,0,0,0,0,0,NA,0,0,0,0,0,NA,0,0,0,0,0,0,0,NA,NA,NA,0,0,NA,0,NA,0,0,NA,0,0,0,0,0,NA,NA,NA,NA,NA,NA,NA,NA,NA,NA,NA,NA,NA,NA,NA,NA
"308",NA,NA,1,1,NA,0,1,NA,NA,0,0,0,0,1,0,0,0,0,0,0,NA,0,0,NA,0,0,0,0,0,0,0,0,0,0,0,0,0,0,0,0,0,NA,0,0,0,0,0,NA,0,0,0,0,0,NA,0,NA,NA,NA,0,0,NA,0,NA,0,0,NA,0,0,0,0,0,NA,NA,NA,NA,NA,NA,NA,NA,NA,NA,NA,NA,NA,NA,NA,NA
"309",NA,NA,1,1,NA,1,1,NA,NA,0,0,0,0,1,0,0,0,0,0,0,NA,0,0,NA,0,0,0,0,0,0,0,0,0,0,NA,0,0,0,0,0,0,NA,0,0,0,0,0,NA,0,0,0,0,0,NA,0,NA,NA,NA,0,0,NA,0,NA,0,0,NA,0,0,0,0,0,NA,NA,NA,NA,NA,NA,NA,NA,NA,NA,NA,NA,NA,NA,NA,NA
"310",NA,NA,1,1,NA,0,1,NA,NA,0,0,1,0,1,0,0,0,0,0,0,NA,0,0,NA,0,0,0,0,0,NA,0,0,0,0,0,0,0,0,0,0,0,NA,0,0,0,0,0,NA,0,0,0,0,0,NA,0,NA,NA,NA,0,0,NA,0,NA,0,0,NA,0,0,0,0,0,NA,NA,NA,NA,NA,NA,NA,NA,NA,NA,NA,NA,NA,NA,NA,NA
"311",NA,NA,1,1,NA,0,1,NA,NA,0,0,0,0,1,0,0,0,0,0,NA,NA,0,0,NA,0,0,0,0,0,0,0,0,0,0,0,0,0,0,0,0,0,NA,0,0,0,0,0,NA,0,0,0,0,0,NA,0,NA,NA,NA,0,0,NA,0,NA,0,0,NA,0,0,0,0,0,NA,NA,NA,NA,NA,NA,NA,NA,NA,NA,NA,NA,NA,NA,NA,NA
"312",NA,NA,1,1,NA,1,1,NA,NA,0,0,1,0,1,0,0,0,0,0,0,NA,0,0,NA,0,0,0,0,0,NA,0,0,0,0,NA,0,0,0,0,0,0,NA,0,0,0,0,0,NA,0,0,0,0,0,NA,0,NA,NA,NA,0,0,NA,0,NA,0,0,NA,0,0,0,0,0,NA,NA,NA,NA,NA,NA,NA,NA,NA,NA,NA,NA,NA,NA,NA,NA
"313",NA,NA,1,1,NA,1,1,NA,NA,0,0,0,0,1,0,0,0,0,0,NA,NA,0,0,NA,0,0,0,0,0,0,0,0,0,0,NA,0,0,0,0,0,0,NA,0,0,0,0,0,NA,0,0,0,0,0,NA,0,NA,NA,NA,0,0,NA,0,NA,0,0,NA,0,0,0,0,0,NA,NA,NA,NA,NA,NA,NA,NA,NA,NA,NA,NA,NA,NA,NA,NA
"314",NA,NA,1,1,NA,0,1,NA,NA,0,0,1,0,1,0,0,0,0,0,NA,NA,0,0,NA,0,0,0,0,0,NA,0,0,0,0,0,0,0,0,0,0,0,NA,0,0,0,0,0,NA,0,0,0,0,0,NA,0,NA,NA,NA,0,0,NA,0,NA,0,0,NA,0,0,0,0,0,NA,NA,NA,NA,NA,NA,NA,NA,NA,NA,NA,NA,NA,NA,NA,NA
"315",NA,NA,1,1,NA,1,1,NA,NA,0,0,1,0,1,0,0,0,0,0,NA,NA,0,0,NA,0,0,0,0,0,NA,0,0,0,0,NA,0,0,0,0,0,0,NA,0,0,0,0,0,NA,0,0,0,0,0,NA,0,NA,NA,NA,0,0,NA,0,NA,0,0,NA,0,0,0,0,0,NA,NA,NA,NA,NA,NA,NA,NA,NA,NA,NA,NA,NA,NA,NA,NA
"316",NA,NA,1,1,NA,0,0,NA,NA,0,0,0,0,1,0,0,0,0,0,0,NA,0,0,NA,NA,0,0,0,0,0,0,0,0,0,0,0,0,0,0,0,0,NA,0,0,0,0,0,NA,0,0,0,0,0,NA,0,NA,NA,NA,0,0,NA,0,NA,0,0,NA,0,0,0,0,0,NA,NA,NA,NA,NA,NA,NA,NA,NA,NA,NA,NA,NA,NA,NA,NA
"317",NA,NA,1,1,NA,0,0,NA,NA,0,0,0,0,1,0,0,0,0,0,NA,NA,0,0,NA,NA,0,0,0,0,0,0,0,0,0,0,0,0,0,0,0,0,NA,0,0,0,0,0,NA,0,0,0,0,0,NA,0,NA,NA,NA,0,0,NA,0,NA,0,0,NA,0,0,0,0,0,NA,NA,NA,NA,NA,NA,NA,NA,NA,NA,NA,NA,NA,NA,NA,NA
"318",NA,NA,1,1,NA,1,0,NA,NA,0,0,0,0,1,0,0,0,0,0,0,NA,0,0,NA,NA,0,0,0,0,0,0,0,0,0,NA,0,0,0,0,0,0,NA,0,0,0,0,0,NA,0,0,0,0,0,NA,0,NA,NA,NA,0,0,NA,0,NA,0,0,NA,0,0,0,0,0,NA,NA,NA,NA,NA,NA,NA,NA,NA,NA,NA,NA,NA,NA,NA,NA
"319",NA,NA,1,1,NA,1,0,NA,NA,0,0,0,0,1,0,0,0,0,0,NA,NA,0,0,NA,NA,0,0,0,0,0,0,0,0,0,NA,0,0,0,0,0,0,NA,0,0,0,0,0,NA,0,0,0,0,0,NA,0,NA,NA,NA,0,0,NA,0,NA,0,0,NA,0,0,0,0,0,NA,NA,NA,NA,NA,NA,NA,NA,NA,NA,NA,NA,NA,NA,NA,NA
"320",NA,NA,1,1,NA,0,0,NA,NA,0,0,1,0,1,0,0,0,0,0,0,NA,0,0,NA,NA,0,0,0,0,NA,0,0,0,0,0,0,0,0,0,0,0,NA,0,0,0,0,0,NA,0,0,0,0,0,NA,0,NA,NA,NA,0,0,NA,0,NA,0,0,NA,0,0,0,0,0,NA,NA,NA,NA,NA,NA,NA,NA,NA,NA,NA,NA,NA,NA,NA,NA
"321",NA,NA,1,1,NA,0,0,NA,NA,0,0,1,0,1,0,0,0,0,0,NA,NA,0,0,NA,NA,0,0,0,0,NA,0,0,0,0,0,0,0,0,0,0,0,NA,0,0,0,0,0,NA,0,0,0,0,0,NA,0,NA,NA,NA,0,0,NA,0,NA,0,0,NA,0,0,0,0,0,NA,NA,NA,NA,NA,NA,NA,NA,NA,NA,NA,NA,NA,NA,NA,NA
"322",NA,NA,1,1,NA,1,0,NA,NA,0,0,1,0,1,0,0,0,0,0,0,NA,0,0,NA,NA,0,0,0,0,NA,0,0,0,0,NA,0,0,0,0,0,0,NA,0,0,0,0,0,NA,0,0,0,0,0,NA,0,NA,NA,NA,0,0,NA,0,NA,0,0,NA,0,0,0,0,0,NA,NA,NA,NA,NA,NA,NA,NA,NA,NA,NA,NA,NA,NA,NA,NA
"323",NA,NA,1,1,NA,1,0,NA,NA,0,0,1,0,1,0,0,0,0,0,NA,NA,0,0,NA,NA,0,0,0,0,NA,0,0,0,0,NA,0,0,0,0,0,0,NA,0,0,0,0,0,NA,0,0,0,0,0,NA,0,NA,NA,NA,0,0,NA,0,NA,0,0,NA,0,0,0,0,0,NA,NA,NA,NA,NA,NA,NA,NA,NA,NA,NA,NA,NA,NA,NA,NA
"324",NA,NA,1,1,NA,0,NA,1,1,0,0,NA,0,1,1,0,0,0,0,0,0,0,0,0,NA,0,0,NA,0,0,NA,0,NA,0,0,0,0,0,0,0,0,NA,0,NA,NA,NA,0,0,0,NA,NA,0,NA,0,NA,NA,0,0,NA,0,0,0,0,0,NA,NA,0,NA,0,NA,0,NA,NA,NA,NA,NA,NA,NA,NA,NA,NA,NA,NA,NA,NA,NA,NA
"325",NA,NA,1,NA,1,1,NA,1,0,0,0,NA,1,0,1,0,0,0,0,0,0,0,0,0,NA,0,0,NA,0,0,NA,0,NA,0,NA,0,0,0,0,0,NA,0,0,NA,NA,NA,0,0,0,NA,NA,0,NA,0,NA,NA,0,0,NA,0,0,0,0,0,NA,NA,0,NA,0,NA,0,NA,NA,NA,NA,NA,NA,NA,NA,NA,NA,NA,NA,NA,NA,NA,NA
"326",NA,NA,1,NA,1,0,NA,1,0,0,0,NA,1,NA,1,0,0,0,0,0,0,0,0,NA,NA,0,0,NA,0,0,NA,0,NA,0,0,0,NA,0,0,0,NA,NA,0,NA,NA,NA,0,0,0,NA,NA,0,NA,0,NA,0,0,0,NA,0,0,0,0,0,NA,0,0,NA,0,NA,0,NA,NA,NA,NA,NA,NA,NA,NA,NA,NA,NA,NA,NA,NA,NA,NA
"327",NA,NA,1,1,NA,0,NA,1,1,0,0,NA,0,1,1,0,0,0,0,0,0,0,0,0,NA,0,0,NA,NA,0,NA,0,NA,0,0,0,0,0,0,0,0,NA,0,NA,NA,NA,0,0,0,NA,NA,0,NA,0,NA,NA,0,0,NA,0,0,0,0,0,NA,NA,0,NA,0,NA,0,NA,NA,NA,NA,NA,NA,NA,NA,NA,NA,NA,NA,NA,NA,NA,NA
"328",NA,NA,1,NA,1,0,NA,1,0,0,0,NA,1,NA,1,NA,0,0,0,0,0,0,0,NA,NA,0,0,NA,0,0,NA,0,NA,0,0,0,NA,0,0,0,NA,NA,0,NA,NA,NA,0,0,0,NA,NA,0,NA,0,NA,0,0,0,NA,0,0,0,0,0,NA,0,0,NA,0,NA,0,NA,NA,NA,NA,NA,NA,NA,NA,NA,NA,NA,NA,NA,NA,NA,NA
"329",NA,NA,1,NA,NA,0,NA,1,1,0,0,NA,0,0,1,0,0,0,0,0,0,0,0,0,NA,0,0,NA,NA,0,NA,0,NA,0,0,0,0,0,0,0,NA,0,0,NA,NA,NA,0,0,0,NA,NA,0,NA,0,NA,NA,0,0,NA,0,0,0,0,0,NA,NA,0,NA,0,NA,0,NA,NA,NA,NA,NA,NA,NA,NA,NA,NA,NA,NA,NA,NA,NA,NA
"330",NA,NA,1,NA,NA,0,NA,1,1,0,0,NA,0,0,1,0,0,0,0,0,0,0,0,0,NA,0,0,NA,0,0,NA,NA,NA,0,0,0,0,0,0,0,NA,0,0,NA,NA,NA,0,0,0,NA,NA,0,NA,0,NA,NA,0,0,NA,0,0,0,0,0,NA,NA,0,NA,0,NA,0,NA,NA,NA,NA,NA,NA,NA,NA,NA,NA,NA,NA,NA,NA,NA,NA
"331",NA,NA,1,NA,1,1,NA,1,0,0,0,NA,1,NA,1,0,0,0,0,0,0,0,0,NA,NA,0,0,NA,0,0,NA,0,NA,0,NA,0,NA,0,0,0,NA,NA,0,NA,NA,NA,0,0,0,NA,NA,0,NA,0,NA,0,0,0,NA,0,0,0,0,0,NA,0,0,NA,0,NA,0,NA,NA,NA,NA,NA,NA,NA,NA,NA,NA,NA,NA,NA,NA,NA,NA
"332",NA,NA,1,NA,1,0,NA,1,0,0,0,NA,1,0,1,0,0,0,0,0,0,0,0,0,NA,0,0,NA,NA,0,NA,0,NA,0,0,0,0,0,0,0,NA,0,0,NA,NA,NA,0,0,0,NA,NA,0,NA,0,NA,NA,0,0,NA,0,0,0,0,0,NA,NA,0,NA,0,NA,0,NA,NA,NA,NA,NA,NA,NA,NA,NA,NA,NA,NA,NA,NA,NA,NA
"333",NA,NA,1,NA,NA,0,NA,1,1,0,0,NA,0,NA,1,NA,0,0,0,0,0,0,0,NA,NA,0,0,NA,0,0,NA,0,NA,0,0,0,NA,0,0,0,NA,NA,0,NA,NA,NA,0,0,0,NA,NA,0,NA,0,NA,0,0,0,NA,0,0,0,0,0,NA,0,0,NA,0,NA,0,NA,NA,NA,NA,NA,NA,NA,NA,NA,NA,NA,NA,NA,NA,NA,NA
"334",NA,NA,1,NA,NA,0,NA,1,1,0,0,NA,0,0,1,NA,0,0,0,0,0,0,0,0,NA,0,0,NA,0,0,NA,0,NA,0,0,0,0,0,0,0,NA,0,0,NA,NA,NA,0,0,0,NA,NA,0,NA,0,NA,NA,0,0,NA,0,0,0,0,0,NA,NA,0,NA,0,NA,0,NA,NA,NA,NA,NA,NA,NA,NA,NA,NA,NA,NA,NA,NA,NA,NA
"335",NA,NA,1,NA,1,0,NA,1,0,0,0,NA,1,NA,1,0,0,0,0,0,0,0,0,NA,NA,0,0,NA,NA,0,NA,0,NA,0,0,0,NA,0,0,0,NA,NA,0,NA,NA,NA,0,0,0,NA,NA,0,NA,0,NA,0,0,0,NA,0,0,0,0,0,NA,0,0,NA,0,NA,0,NA,NA,NA,NA,NA,NA,NA,NA,NA,NA,NA,NA,NA,NA,NA,NA
"336",NA,NA,1,1,NA,0,NA,1,1,0,0,NA,0,1,1,NA,0,0,0,0,0,0,0,0,NA,0,0,NA,0,0,NA,0,NA,0,0,0,0,0,0,0,0,NA,0,NA,NA,NA,0,0,0,NA,NA,0,NA,0,NA,NA,0,0,NA,0,0,0,0,0,NA,NA,0,NA,0,NA,0,NA,NA,NA,NA,NA,NA,NA,NA,NA,NA,NA,NA,NA,NA,NA,NA
"337",NA,NA,1,NA,NA,0,NA,1,1,0,0,NA,0,NA,1,0,0,0,0,0,0,0,0,NA,NA,0,0,NA,0,0,NA,NA,NA,0,0,0,NA,0,0,0,NA,NA,0,NA,NA,NA,0,0,0,NA,NA,0,NA,0,NA,0,0,0,NA,0,0,0,0,0,NA,0,0,NA,0,NA,0,NA,NA,NA,NA,NA,NA,NA,NA,NA,NA,NA,NA,NA,NA,NA,NA
"338",NA,NA,1,NA,NA,1,NA,1,1,0,0,NA,0,0,1,0,0,0,0,0,0,0,0,0,NA,0,0,NA,0,0,NA,0,NA,0,NA,0,0,0,0,0,NA,0,0,NA,NA,NA,0,0,0,NA,NA,0,NA,0,NA,NA,0,0,NA,0,0,0,0,0,NA,NA,0,NA,0,NA,0,NA,NA,NA,NA,NA,NA,NA,NA,NA,NA,NA,NA,NA,NA,NA,NA
"339",NA,NA,1,NA,1,0,NA,1,0,0,0,NA,1,NA,1,0,0,0,0,0,0,0,0,NA,NA,0,0,NA,0,0,NA,NA,NA,0,0,0,NA,0,0,0,NA,NA,0,NA,NA,NA,0,0,0,NA,NA,0,NA,0,NA,0,0,0,NA,0,0,0,0,0,NA,0,0,NA,0,NA,0,NA,NA,NA,NA,NA,NA,NA,NA,NA,NA,NA,NA,NA,NA,NA,NA
"340",NA,NA,1,1,NA,0,NA,1,1,0,0,NA,0,1,1,NA,0,0,0,0,0,0,0,0,NA,0,0,NA,NA,0,NA,0,NA,0,0,0,0,0,0,0,0,NA,0,NA,NA,NA,0,0,0,NA,NA,0,NA,0,NA,NA,0,0,NA,0,0,0,0,0,NA,NA,0,NA,0,NA,0,NA,NA,NA,NA,NA,NA,NA,NA,NA,NA,NA,NA,NA,NA,NA,NA
"341",NA,NA,1,NA,1,0,NA,1,0,0,0,NA,1,0,1,NA,0,0,0,0,0,0,0,0,NA,0,0,NA,0,0,NA,NA,NA,0,0,0,0,0,0,0,NA,0,0,NA,NA,NA,0,0,0,NA,NA,0,NA,0,NA,NA,0,0,NA,0,0,0,0,0,NA,NA,0,NA,0,NA,0,NA,NA,NA,NA,NA,NA,NA,NA,NA,NA,NA,NA,NA,NA,NA,NA
"342",NA,NA,0,NA,0,0,NA,1,NA,0,0,NA,0,NA,1,0,0,0,0,0,0,0,0,NA,NA,0,0,NA,0,0,NA,NA,NA,0,0,0,NA,0,0,0,NA,NA,0,NA,NA,NA,0,0,0,NA,NA,0,NA,0,NA,0,0,0,NA,0,0,0,0,0,0,0,0,NA,0,NA,0,NA,NA,NA,NA,NA,NA,NA,NA,NA,NA,NA,NA,NA,NA,NA,NA
"343",NA,NA,1,NA,NA,1,NA,1,1,0,0,NA,0,0,1,0,0,0,0,0,0,0,0,0,NA,0,0,NA,0,0,NA,NA,NA,0,NA,0,0,0,0,0,NA,0,0,NA,NA,NA,0,0,0,NA,NA,0,NA,0,NA,NA,0,0,NA,0,0,0,0,0,NA,NA,0,NA,0,NA,0,NA,NA,NA,NA,NA,NA,NA,NA,NA,NA,NA,NA,NA,NA,NA,NA
"344",NA,NA,0,NA,0,1,NA,1,NA,0,0,NA,0,NA,1,0,0,0,0,0,0,0,0,NA,NA,0,0,NA,0,0,NA,0,NA,0,NA,0,NA,0,0,0,NA,NA,0,NA,NA,NA,0,0,0,NA,NA,0,NA,0,NA,0,0,0,NA,0,0,0,0,0,0,0,0,NA,0,NA,0,NA,NA,NA,NA,NA,NA,NA,NA,NA,NA,NA,NA,NA,NA,NA,NA
"345",NA,NA,1,1,1,0,NA,1,0,0,0,NA,1,1,1,NA,0,0,0,0,0,0,0,0,NA,0,0,NA,NA,0,NA,0,NA,0,0,0,0,0,0,0,0,NA,0,NA,NA,NA,0,0,0,NA,NA,0,NA,0,NA,NA,0,0,NA,0,0,0,0,0,NA,NA,0,NA,0,NA,0,NA,NA,NA,NA,NA,NA,NA,NA,NA,NA,NA,NA,NA,NA,NA,NA
"346",NA,NA,1,NA,1,1,NA,1,0,0,0,NA,1,0,1,0,0,0,0,0,0,0,0,0,NA,0,0,NA,0,0,NA,NA,NA,0,NA,0,0,0,0,0,NA,0,0,NA,NA,NA,0,0,0,NA,NA,0,NA,0,NA,NA,0,0,NA,0,0,0,0,0,NA,NA,0,NA,0,NA,0,NA,NA,NA,NA,NA,NA,NA,NA,NA,NA,NA,NA,NA,NA,NA,NA
"347",NA,NA,1,NA,1,1,NA,1,0,0,0,NA,1,NA,1,NA,0,0,0,0,0,0,0,NA,NA,0,0,NA,0,0,NA,0,NA,0,NA,0,NA,0,0,0,NA,NA,0,NA,NA,NA,0,0,0,NA,NA,0,NA,0,NA,0,0,0,NA,0,0,0,0,0,NA,0,0,NA,0,NA,0,NA,NA,NA,NA,NA,NA,NA,NA,NA,NA,NA,NA,NA,NA,NA,NA
"348",NA,NA,1,NA,NA,1,NA,1,1,0,0,NA,0,0,1,0,0,0,0,0,0,0,0,0,NA,0,0,NA,NA,0,NA,0,NA,0,NA,0,0,0,0,0,NA,0,0,NA,NA,NA,0,0,0,NA,NA,0,NA,0,NA,NA,0,0,NA,0,0,0,0,0,NA,NA,0,NA,0,NA,0,NA,NA,NA,NA,NA,NA,NA,NA,NA,NA,NA,NA,NA,NA,NA,NA
"349",NA,NA,0,NA,0,1,NA,1,NA,0,0,NA,0,0,1,0,0,0,0,0,0,0,0,0,NA,0,0,NA,0,0,NA,NA,NA,0,NA,0,0,0,0,0,NA,0,0,NA,NA,NA,0,0,0,NA,NA,0,NA,0,NA,NA,0,0,NA,0,0,0,0,0,0,NA,0,NA,0,NA,0,NA,NA,NA,NA,NA,NA,NA,NA,NA,NA,NA,NA,NA,NA,NA,NA
"350",NA,NA,1,NA,NA,1,NA,1,1,0,0,NA,0,NA,1,0,0,0,0,0,0,0,0,NA,NA,0,0,NA,NA,0,NA,0,NA,0,NA,0,NA,0,0,0,NA,NA,0,NA,NA,NA,0,0,0,NA,NA,0,NA,0,NA,0,0,0,NA,0,0,0,0,0,NA,0,0,NA,0,NA,0,NA,NA,NA,NA,NA,NA,NA,NA,NA,NA,NA,NA,NA,NA,NA,NA
"351",NA,NA,1,NA,1,1,NA,1,0,0,0,NA,1,0,1,NA,0,0,0,0,0,0,0,0,NA,0,0,NA,0,0,NA,0,NA,0,NA,0,0,0,0,0,NA,0,0,NA,NA,NA,0,0,0,NA,NA,0,NA,0,NA,NA,0,0,NA,0,0,0,0,0,NA,NA,0,NA,0,NA,0,NA,NA,NA,NA,NA,NA,NA,NA,NA,NA,NA,NA,NA,NA,NA,NA
"352",NA,NA,0,NA,0,1,NA,1,NA,0,0,NA,0,NA,1,0,0,0,0,0,0,0,0,NA,NA,0,0,NA,0,0,NA,NA,NA,0,NA,0,NA,0,0,0,NA,NA,0,NA,NA,NA,0,0,0,NA,NA,0,NA,0,NA,0,0,0,NA,0,0,0,0,0,0,0,0,NA,0,NA,0,NA,NA,NA,NA,NA,NA,NA,NA,NA,NA,NA,NA,NA,NA,NA,NA
"353",NA,NA,1,NA,1,1,NA,1,0,0,0,NA,1,NA,1,0,0,0,0,0,0,0,0,NA,NA,0,0,NA,NA,0,NA,0,NA,0,NA,0,NA,0,0,0,NA,NA,0,NA,NA,NA,0,0,0,NA,NA,0,NA,0,NA,0,0,0,NA,0,0,0,0,0,NA,0,0,NA,0,NA,0,NA,NA,NA,NA,NA,NA,NA,NA,NA,NA,NA,NA,NA,NA,NA,NA
"354",NA,NA,1,NA,NA,1,NA,1,NA,0,0,NA,0,0,1,0,0,0,0,0,0,0,0,0,NA,0,0,NA,NA,0,NA,0,NA,0,NA,0,0,0,0,0,NA,0,0,NA,NA,NA,0,0,0,NA,NA,0,NA,0,NA,NA,0,0,NA,0,0,0,0,0,0,NA,0,NA,0,NA,0,NA,NA,NA,NA,NA,NA,NA,NA,NA,NA,NA,NA,NA,NA,NA,NA
"355",NA,NA,1,NA,1,0,NA,1,0,0,0,NA,1,NA,1,NA,0,0,0,0,0,0,0,NA,NA,0,0,NA,NA,0,NA,0,NA,0,0,0,NA,0,0,0,NA,NA,0,NA,NA,NA,0,0,0,NA,NA,0,NA,0,NA,0,0,0,NA,0,0,0,0,0,NA,0,0,NA,0,NA,0,NA,NA,NA,NA,NA,NA,NA,NA,NA,NA,NA,NA,NA,NA,NA,NA
"356",NA,NA,1,NA,1,0,NA,1,0,0,0,NA,1,0,1,0,0,0,0,0,0,0,0,0,NA,0,0,NA,NA,0,NA,NA,NA,0,0,0,0,0,0,0,NA,0,0,NA,NA,NA,0,0,0,NA,NA,0,NA,0,NA,NA,0,0,NA,0,0,0,0,0,NA,NA,0,NA,0,NA,0,NA,NA,NA,NA,NA,NA,NA,NA,NA,NA,NA,NA,NA,NA,NA,NA
"357",NA,NA,1,NA,1,1,NA,1,0,1,1,NA,1,NA,1,0,0,0,0,0,0,0,0,NA,NA,0,0,NA,0,0,NA,0,NA,0,0,0,NA,0,0,0,NA,NA,0,NA,NA,NA,0,0,0,NA,NA,0,NA,0,NA,0,0,0,NA,0,0,NA,0,0,NA,0,NA,NA,NA,NA,0,NA,NA,NA,NA,NA,NA,NA,NA,NA,NA,NA,NA,NA,NA,NA,NA
"358",NA,NA,1,NA,NA,0,NA,1,1,0,0,NA,0,0,1,0,0,0,0,0,0,0,0,0,NA,0,0,NA,NA,0,NA,NA,NA,0,0,0,0,0,0,0,NA,0,0,NA,NA,NA,0,0,0,NA,NA,0,NA,0,NA,NA,0,0,NA,0,0,0,0,0,NA,NA,0,NA,0,NA,0,NA,NA,NA,NA,NA,NA,NA,NA,NA,NA,NA,NA,NA,NA,NA,NA
"359",NA,NA,1,NA,NA,1,NA,1,1,1,1,NA,0,NA,1,0,0,0,0,0,0,0,0,NA,NA,0,0,NA,0,0,NA,0,NA,0,NA,0,NA,0,0,0,NA,NA,0,NA,NA,NA,0,0,0,NA,NA,0,NA,0,NA,0,0,0,NA,0,0,NA,0,0,NA,0,NA,NA,NA,NA,0,NA,NA,NA,NA,NA,NA,NA,NA,NA,NA,NA,NA,NA,NA,NA,NA
"360",NA,NA,1,NA,NA,1,NA,1,1,0,0,NA,0,0,1,0,0,0,0,0,0,0,0,0,NA,0,0,NA,NA,0,NA,NA,NA,0,NA,0,0,0,0,0,NA,0,0,NA,NA,NA,0,0,0,NA,NA,0,NA,0,NA,NA,0,0,NA,0,0,0,0,0,NA,NA,0,NA,0,NA,0,NA,NA,NA,NA,NA,NA,NA,NA,NA,NA,NA,NA,NA,NA,NA,NA
"361",NA,NA,1,NA,1,1,NA,1,0,1,1,NA,1,NA,1,0,0,0,0,0,0,0,0,NA,NA,0,0,NA,0,0,NA,0,NA,0,NA,0,NA,0,0,0,NA,NA,0,NA,NA,NA,0,0,0,NA,NA,0,NA,0,NA,0,0,0,NA,0,0,NA,0,0,NA,0,NA,NA,NA,NA,0,NA,NA,NA,NA,NA,NA,NA,NA,NA,NA,NA,NA,NA,NA,NA,NA
"362",NA,NA,1,NA,1,1,NA,1,0,0,0,NA,1,0,1,0,0,0,0,0,0,0,0,0,NA,0,0,NA,NA,0,NA,NA,NA,0,NA,0,0,0,0,0,NA,0,0,NA,NA,NA,0,0,0,NA,NA,0,NA,0,NA,NA,0,0,NA,0,0,0,0,0,NA,NA,0,NA,0,NA,0,NA,NA,NA,NA,NA,NA,NA,NA,NA,NA,NA,NA,NA,NA,NA,NA
"363",NA,NA,1,NA,NA,1,NA,1,1,0,0,NA,0,0,1,NA,0,0,0,0,0,0,0,0,NA,0,0,NA,0,0,NA,0,NA,0,NA,0,0,0,0,0,NA,0,0,NA,NA,NA,0,0,0,NA,NA,0,NA,0,NA,NA,0,0,NA,0,0,0,0,0,NA,NA,0,NA,0,NA,0,NA,NA,NA,NA,NA,NA,NA,NA,NA,NA,NA,NA,NA,NA,NA,NA
"364",NA,NA,1,NA,NA,0,NA,1,NA,0,0,NA,0,0,1,0,0,0,0,0,0,0,0,0,NA,0,0,NA,NA,0,NA,NA,NA,0,0,0,0,0,0,0,NA,0,0,NA,NA,NA,0,0,0,NA,NA,0,NA,0,NA,NA,0,0,NA,0,0,0,0,0,0,NA,0,NA,0,NA,0,NA,NA,NA,NA,NA,NA,NA,NA,NA,NA,NA,NA,NA,NA,NA,NA
"365",NA,NA,1,NA,NA,1,NA,1,1,1,1,NA,0,0,1,0,0,0,0,0,0,0,0,0,NA,0,0,NA,0,0,NA,0,NA,0,0,0,0,0,0,0,NA,0,0,NA,NA,NA,0,0,0,NA,NA,0,NA,0,NA,NA,0,0,NA,0,0,NA,0,0,NA,NA,NA,NA,NA,NA,0,NA,NA,NA,NA,NA,NA,NA,NA,NA,NA,NA,NA,NA,NA,NA,NA
"366",NA,NA,1,NA,1,0,NA,1,0,0,0,NA,1,NA,1,0,0,0,0,0,0,0,0,NA,NA,0,0,NA,NA,0,NA,NA,NA,0,0,0,NA,0,0,0,NA,NA,0,NA,NA,NA,0,0,0,NA,NA,0,NA,0,NA,0,0,0,NA,0,0,0,0,0,NA,0,0,NA,0,NA,0,NA,NA,NA,NA,NA,NA,NA,NA,NA,NA,NA,NA,NA,NA,NA,NA
"367",NA,NA,1,NA,NA,1,NA,1,1,1,1,NA,0,0,1,0,0,0,0,0,0,0,0,0,NA,0,0,NA,0,0,NA,0,NA,0,NA,0,0,0,0,0,NA,0,0,NA,NA,NA,0,0,0,NA,NA,0,NA,0,NA,NA,0,0,NA,0,0,NA,0,0,NA,NA,NA,NA,NA,NA,0,NA,NA,NA,NA,NA,NA,NA,NA,NA,NA,NA,NA,NA,NA,NA,NA
"368",NA,NA,1,NA,1,1,NA,1,0,0,0,NA,1,NA,1,0,0,0,0,0,0,0,0,NA,NA,0,0,NA,NA,0,NA,NA,NA,0,NA,0,NA,0,0,0,NA,NA,0,NA,NA,NA,0,0,0,NA,NA,0,NA,0,NA,0,0,0,NA,0,0,0,0,0,NA,0,0,NA,0,NA,0,NA,NA,NA,NA,NA,NA,NA,NA,NA,NA,NA,NA,NA,NA,NA,NA
"369",NA,NA,0,NA,0,1,NA,1,NA,0,0,NA,0,NA,1,NA,0,0,0,0,0,0,0,NA,NA,0,0,NA,0,0,NA,0,NA,0,NA,0,NA,0,0,0,NA,NA,0,NA,NA,NA,0,0,0,NA,NA,0,NA,0,NA,0,0,0,NA,0,0,0,0,0,0,0,0,NA,0,NA,0,NA,NA,NA,NA,NA,NA,NA,NA,NA,NA,NA,NA,NA,NA,NA,NA
"370",NA,NA,1,NA,NA,1,NA,1,1,1,1,NA,0,0,1,0,0,0,0,0,0,0,0,0,NA,0,0,NA,0,0,NA,NA,NA,0,0,0,0,0,0,0,NA,0,0,NA,NA,NA,0,0,0,NA,NA,0,NA,0,NA,NA,0,0,NA,0,0,NA,0,0,NA,NA,NA,NA,NA,NA,0,NA,NA,NA,NA,NA,NA,NA,NA,NA,NA,NA,NA,NA,NA,NA,NA
"371",NA,NA,1,NA,1,0,NA,1,0,0,0,NA,1,NA,1,NA,0,0,0,0,0,0,0,NA,NA,0,0,NA,0,0,NA,NA,NA,0,0,0,NA,0,0,0,NA,NA,0,NA,NA,NA,0,0,0,NA,NA,0,NA,0,NA,0,0,0,NA,0,0,0,0,0,NA,0,0,NA,0,NA,0,NA,NA,NA,NA,NA,NA,NA,NA,NA,NA,NA,NA,NA,NA,NA,NA
"372",NA,NA,1,NA,NA,1,NA,1,NA,1,1,NA,0,0,1,0,0,0,0,0,0,0,0,0,NA,0,0,NA,0,0,NA,0,NA,0,0,0,0,0,0,0,NA,0,0,NA,NA,NA,0,0,0,NA,NA,0,NA,0,NA,NA,0,0,NA,0,0,NA,0,0,0,NA,NA,NA,NA,NA,0,NA,NA,NA,NA,NA,NA,NA,NA,NA,NA,NA,NA,NA,NA,NA,NA
"373",NA,NA,1,NA,NA,0,NA,1,1,0,0,NA,0,0,1,NA,0,0,0,0,0,0,0,0,NA,0,0,NA,0,0,NA,NA,NA,0,0,0,0,0,0,0,NA,0,0,NA,NA,NA,0,0,0,NA,NA,0,NA,0,NA,NA,0,0,NA,0,0,0,0,0,NA,NA,0,NA,0,NA,0,NA,NA,NA,NA,NA,NA,NA,NA,NA,NA,NA,NA,NA,NA,NA,NA
"374",NA,NA,1,NA,1,1,NA,1,0,1,1,NA,1,NA,1,0,0,0,0,0,0,0,0,NA,NA,0,0,NA,0,0,NA,NA,NA,0,0,0,NA,0,0,0,NA,NA,0,NA,NA,NA,0,0,0,NA,NA,0,NA,0,NA,0,0,0,NA,0,0,NA,0,0,NA,0,NA,NA,NA,NA,0,NA,NA,NA,NA,NA,NA,NA,NA,NA,NA,NA,NA,NA,NA,NA,NA
"375",NA,NA,1,NA,1,1,NA,1,0,0,0,NA,1,NA,1,NA,0,0,0,0,0,0,0,NA,NA,0,0,NA,0,0,NA,NA,NA,0,NA,0,NA,0,0,0,NA,NA,0,NA,NA,NA,0,0,0,NA,NA,0,NA,0,NA,0,0,0,NA,0,0,0,0,0,NA,0,0,NA,0,NA,0,NA,NA,NA,NA,NA,NA,NA,NA,NA,NA,NA,NA,NA,NA,NA,NA
"376",NA,NA,1,NA,NA,1,NA,1,1,1,1,NA,0,NA,1,0,0,0,0,0,0,0,0,NA,NA,0,0,NA,0,0,NA,NA,NA,0,0,0,NA,0,0,0,NA,NA,0,NA,NA,NA,0,0,0,NA,NA,0,NA,0,NA,0,0,0,NA,0,0,NA,0,0,NA,0,NA,NA,NA,NA,0,NA,NA,NA,NA,NA,NA,NA,NA,NA,NA,NA,NA,NA,NA,NA,NA
"377",NA,NA,1,NA,NA,1,NA,1,1,0,0,NA,0,NA,1,NA,0,0,0,0,0,0,0,NA,NA,0,0,NA,0,0,NA,NA,NA,0,NA,0,NA,0,0,0,NA,NA,0,NA,NA,NA,0,0,0,NA,NA,0,NA,0,NA,0,0,0,NA,0,0,0,0,0,NA,0,0,NA,0,NA,0,NA,NA,NA,NA,NA,NA,NA,NA,NA,NA,NA,NA,NA,NA,NA,NA
"378",NA,NA,1,NA,1,1,NA,1,0,1,1,NA,1,NA,1,0,0,0,0,0,0,0,0,NA,NA,0,0,NA,0,0,NA,NA,NA,0,NA,0,NA,0,0,0,NA,NA,0,NA,NA,NA,0,0,0,NA,NA,0,NA,0,NA,0,0,0,NA,0,0,NA,0,0,NA,0,NA,NA,NA,NA,0,NA,NA,NA,NA,NA,NA,NA,NA,NA,NA,NA,NA,NA,NA,NA,NA
"379",NA,NA,1,NA,NA,1,NA,1,1,0,0,NA,0,0,1,NA,0,0,0,0,0,0,0,0,NA,0,0,NA,0,0,NA,NA,NA,0,NA,0,0,0,0,0,NA,0,0,NA,NA,NA,0,0,0,NA,NA,0,NA,0,NA,NA,0,0,NA,0,0,0,0,0,NA,NA,0,NA,0,NA,0,NA,NA,NA,NA,NA,NA,NA,NA,NA,NA,NA,NA,NA,NA,NA,NA
"380",NA,NA,1,NA,NA,1,NA,1,1,1,1,NA,0,NA,1,0,0,0,0,0,0,0,0,NA,NA,0,0,NA,0,0,NA,NA,NA,0,NA,0,NA,0,0,0,NA,NA,0,NA,NA,NA,0,0,0,NA,NA,0,NA,0,NA,0,0,0,NA,0,0,NA,0,0,NA,0,NA,NA,NA,NA,0,NA,NA,NA,NA,NA,NA,NA,NA,NA,NA,NA,NA,NA,NA,NA,NA
"381",NA,NA,1,1,NA,0,NA,1,1,0,0,NA,0,1,1,NA,0,0,0,0,0,0,0,0,NA,0,0,NA,0,0,NA,NA,NA,0,0,0,0,0,0,0,0,NA,0,NA,NA,NA,0,0,0,NA,NA,0,NA,0,NA,NA,0,0,NA,0,0,0,0,0,NA,NA,0,NA,0,NA,0,NA,NA,NA,NA,NA,NA,NA,NA,NA,NA,NA,NA,NA,NA,NA,NA
"382",NA,NA,1,NA,NA,1,NA,1,1,1,1,NA,0,0,1,0,0,0,0,0,0,0,0,0,NA,0,0,NA,0,0,NA,NA,NA,0,NA,0,0,0,0,0,NA,0,0,NA,NA,NA,0,0,0,NA,NA,0,NA,0,NA,NA,0,0,NA,0,0,NA,0,0,NA,NA,NA,NA,NA,NA,0,NA,NA,NA,NA,NA,NA,NA,NA,NA,NA,NA,NA,NA,NA,NA,NA
"383",NA,NA,1,1,NA,1,NA,1,1,1,1,NA,0,1,1,0,0,0,0,0,0,0,0,0,NA,0,0,NA,0,0,NA,0,NA,0,NA,0,0,0,0,0,0,NA,0,NA,NA,NA,0,0,0,NA,NA,0,NA,0,NA,NA,0,0,NA,0,0,NA,0,0,NA,NA,NA,NA,NA,NA,0,NA,NA,NA,NA,NA,NA,NA,NA,NA,NA,NA,NA,NA,NA,NA,NA
"384",NA,NA,0,NA,0,1,NA,1,NA,1,1,NA,0,NA,1,0,0,0,0,0,0,0,0,NA,NA,0,0,NA,0,0,NA,NA,NA,0,0,0,NA,0,0,0,NA,NA,0,NA,NA,NA,0,0,0,NA,NA,0,NA,0,NA,0,0,0,NA,0,0,NA,0,0,0,0,NA,NA,NA,NA,0,NA,NA,NA,NA,NA,NA,NA,NA,NA,NA,NA,NA,NA,NA,NA,NA
"385",NA,NA,1,1,NA,1,NA,1,1,1,1,NA,0,1,1,0,0,0,0,0,0,0,0,0,NA,0,0,NA,0,0,NA,NA,NA,0,NA,0,0,0,0,0,0,NA,0,NA,NA,NA,0,0,0,NA,NA,0,NA,0,NA,NA,0,0,NA,0,0,NA,0,0,NA,NA,NA,NA,NA,NA,0,NA,NA,NA,NA,NA,NA,NA,NA,NA,NA,NA,NA,NA,NA,NA,NA
"386",NA,NA,1,NA,NA,1,NA,1,1,1,1,NA,0,0,1,0,0,0,0,0,0,0,0,0,NA,0,0,NA,NA,0,NA,0,NA,0,0,0,0,0,0,0,NA,0,0,NA,NA,NA,0,0,0,NA,NA,0,NA,0,NA,NA,0,0,NA,0,0,NA,0,0,NA,NA,NA,NA,NA,NA,0,NA,NA,NA,NA,NA,NA,NA,NA,NA,NA,NA,NA,NA,NA,NA,NA
"387",NA,NA,1,NA,1,1,NA,1,0,1,1,NA,1,0,1,NA,0,0,0,0,0,0,0,0,NA,0,0,NA,0,0,NA,0,NA,0,0,0,0,0,0,0,NA,0,0,NA,NA,NA,0,0,0,NA,NA,0,NA,0,NA,NA,0,0,NA,0,0,NA,0,0,NA,NA,NA,NA,NA,NA,0,NA,NA,NA,NA,NA,NA,NA,NA,NA,NA,NA,NA,NA,NA,NA,NA
"388",NA,NA,1,NA,1,1,NA,1,0,1,1,NA,1,0,1,0,0,0,0,0,0,0,0,0,NA,0,0,NA,NA,0,NA,0,NA,0,0,0,0,0,0,0,NA,0,0,NA,NA,NA,0,0,0,NA,NA,0,NA,0,NA,NA,0,0,NA,0,0,NA,0,0,NA,NA,NA,NA,NA,NA,0,NA,NA,NA,NA,NA,NA,NA,NA,NA,NA,NA,NA,NA,NA,NA,NA
"389",NA,NA,1,NA,NA,1,NA,1,1,1,1,NA,0,0,1,NA,0,0,0,0,0,0,0,0,NA,0,0,NA,0,0,NA,0,NA,0,0,0,0,0,0,0,NA,0,0,NA,NA,NA,0,0,0,NA,NA,0,NA,0,NA,NA,0,0,NA,0,0,NA,0,0,NA,NA,NA,NA,NA,NA,0,NA,NA,NA,NA,NA,NA,NA,NA,NA,NA,NA,NA,NA,NA,NA,NA
"390",NA,NA,1,NA,1,1,NA,1,0,1,1,NA,1,NA,1,0,0,0,0,0,0,0,0,NA,NA,0,0,NA,NA,0,NA,0,NA,0,0,0,NA,0,0,0,NA,NA,0,NA,NA,NA,0,0,0,NA,NA,0,NA,0,NA,0,0,0,NA,0,0,NA,0,0,NA,0,NA,NA,NA,NA,0,NA,NA,NA,NA,NA,NA,NA,NA,NA,NA,NA,NA,NA,NA,NA,NA
"391",NA,NA,1,NA,1,1,NA,1,0,1,1,NA,1,NA,1,0,0,0,0,0,0,0,0,NA,NA,0,0,NA,NA,0,NA,0,NA,0,NA,0,NA,0,0,0,NA,NA,0,NA,NA,NA,0,0,0,NA,NA,0,NA,0,NA,0,0,0,NA,0,0,NA,0,0,NA,0,NA,NA,NA,NA,0,NA,NA,NA,NA,NA,NA,NA,NA,NA,NA,NA,NA,NA,NA,NA,NA
"392",NA,NA,1,NA,NA,1,NA,1,1,1,1,NA,0,NA,1,0,0,0,0,0,0,0,0,NA,NA,0,0,NA,NA,0,NA,0,NA,0,NA,0,NA,0,0,0,NA,NA,0,NA,NA,NA,0,0,0,NA,NA,0,NA,0,NA,0,0,0,NA,0,0,NA,0,0,NA,0,NA,NA,NA,NA,0,NA,NA,NA,NA,NA,NA,NA,NA,NA,NA,NA,NA,NA,NA,NA,NA
"393",NA,NA,1,NA,1,1,NA,1,0,1,1,NA,1,NA,1,0,0,0,0,0,0,0,0,NA,NA,0,0,NA,NA,0,NA,NA,NA,0,0,0,NA,0,0,0,NA,NA,0,NA,NA,NA,0,0,0,NA,NA,0,NA,0,NA,0,0,0,NA,0,0,NA,0,0,NA,0,NA,NA,NA,NA,0,NA,NA,NA,NA,NA,NA,NA,NA,NA,NA,NA,NA,NA,NA,NA,NA
"394",NA,NA,1,NA,NA,1,NA,1,1,1,1,NA,0,0,1,0,0,0,0,0,0,0,0,0,NA,0,0,NA,NA,0,NA,0,NA,0,NA,0,0,0,0,0,NA,0,0,NA,NA,NA,0,0,0,NA,NA,0,NA,0,NA,NA,0,0,NA,0,0,NA,0,0,NA,NA,NA,NA,NA,NA,0,NA,NA,NA,NA,NA,NA,NA,NA,NA,NA,NA,NA,NA,NA,NA,NA
"395",NA,NA,1,NA,NA,1,NA,1,1,1,1,NA,0,NA,1,0,0,0,0,0,0,0,0,NA,NA,0,0,NA,NA,0,NA,NA,NA,0,0,0,NA,0,0,0,NA,NA,0,NA,NA,NA,0,0,0,NA,NA,0,NA,0,NA,0,0,0,NA,0,0,NA,0,0,NA,0,NA,NA,NA,NA,0,NA,NA,NA,NA,NA,NA,NA,NA,NA,NA,NA,NA,NA,NA,NA,NA
"396",NA,NA,1,NA,NA,1,NA,1,1,1,1,NA,0,NA,1,0,0,0,0,0,0,0,0,NA,NA,0,0,NA,NA,0,NA,NA,NA,0,NA,0,NA,0,0,0,NA,NA,0,NA,NA,NA,0,0,0,NA,NA,0,NA,0,NA,0,0,0,NA,0,0,NA,0,0,NA,0,NA,NA,NA,NA,0,NA,NA,NA,NA,NA,NA,NA,NA,NA,NA,NA,NA,NA,NA,NA,NA
"397",NA,NA,1,1,NA,1,NA,1,1,1,1,NA,0,1,1,0,0,0,0,0,0,0,0,0,NA,0,0,NA,NA,0,NA,0,NA,0,0,0,0,0,0,0,0,NA,0,NA,NA,NA,0,0,0,NA,NA,0,NA,0,NA,NA,0,0,NA,0,0,NA,0,0,NA,NA,NA,NA,NA,NA,0,NA,NA,NA,NA,NA,NA,NA,NA,NA,NA,NA,NA,NA,NA,NA,NA
"398",NA,NA,1,1,NA,1,NA,1,1,1,1,NA,0,1,1,0,0,0,0,0,0,0,0,0,NA,0,0,NA,NA,0,NA,0,NA,0,NA,0,0,0,0,0,0,NA,0,NA,NA,NA,0,0,0,NA,NA,0,NA,0,NA,NA,0,0,NA,0,0,NA,0,0,NA,NA,NA,NA,NA,NA,0,NA,NA,NA,NA,NA,NA,NA,NA,NA,NA,NA,NA,NA,NA,NA,NA
"399",NA,NA,1,1,NA,1,NA,1,1,0,0,NA,0,1,1,0,0,0,0,0,0,0,0,0,NA,0,0,NA,NA,0,NA,NA,NA,0,NA,0,0,0,0,0,0,NA,0,NA,NA,NA,0,0,0,NA,NA,0,NA,0,NA,NA,0,0,NA,0,0,0,0,0,NA,NA,0,NA,0,NA,0,NA,NA,NA,NA,NA,NA,NA,NA,NA,NA,NA,NA,NA,NA,NA,NA
"400",NA,NA,1,NA,1,1,NA,1,0,1,1,NA,1,NA,1,0,0,0,0,0,0,0,0,NA,NA,0,0,NA,NA,0,NA,NA,NA,0,NA,0,NA,0,0,0,NA,NA,0,NA,NA,NA,0,0,0,NA,NA,0,NA,0,NA,0,0,0,NA,0,0,NA,0,0,NA,0,NA,NA,NA,NA,0,NA,NA,NA,NA,NA,NA,NA,NA,NA,NA,NA,NA,NA,NA,NA,NA
"401",NA,NA,1,NA,NA,1,NA,1,1,1,1,NA,0,0,1,0,0,0,0,0,0,0,0,0,NA,0,0,NA,NA,0,NA,NA,NA,0,0,0,0,0,0,0,NA,0,0,NA,NA,NA,0,0,0,NA,NA,0,NA,0,NA,NA,0,0,NA,0,0,NA,0,0,NA,NA,NA,NA,NA,NA,0,NA,NA,NA,NA,NA,NA,NA,NA,NA,NA,NA,NA,NA,NA,NA,NA
"402",NA,NA,1,NA,NA,1,NA,1,1,1,1,NA,0,0,1,0,0,0,0,0,0,0,0,0,NA,0,0,NA,NA,0,NA,NA,NA,0,NA,0,0,0,0,0,NA,0,0,NA,NA,NA,0,0,0,NA,NA,0,NA,0,NA,NA,0,0,NA,0,0,NA,0,0,NA,NA,NA,NA,NA,NA,0,NA,NA,NA,NA,NA,NA,NA,NA,NA,NA,NA,NA,NA,NA,NA,NA
"403",NA,NA,1,1,NA,1,NA,1,1,1,1,NA,0,1,1,0,0,0,0,0,0,0,0,0,NA,0,0,NA,NA,0,NA,NA,NA,0,0,0,0,0,0,0,0,NA,0,NA,NA,NA,0,0,0,NA,NA,0,NA,0,NA,NA,0,0,NA,0,0,NA,0,0,NA,NA,NA,NA,NA,NA,0,NA,NA,NA,NA,NA,NA,NA,NA,NA,NA,NA,NA,NA,NA,NA,NA
"404",NA,NA,1,1,NA,1,NA,1,1,1,1,NA,0,1,1,0,0,0,0,0,0,0,0,0,NA,0,0,NA,NA,0,NA,NA,NA,0,NA,0,0,0,0,0,0,NA,0,NA,NA,NA,0,0,0,NA,NA,0,NA,0,NA,NA,0,0,NA,0,0,NA,0,0,NA,NA,NA,NA,NA,NA,0,NA,NA,NA,NA,NA,NA,NA,NA,NA,NA,NA,NA,NA,NA,NA,NA
"405",NA,NA,1,NA,NA,0,NA,1,1,0,0,NA,0,NA,1,NA,0,0,0,0,0,0,0,NA,NA,0,0,NA,NA,0,NA,0,NA,0,0,0,NA,0,0,0,NA,NA,0,NA,NA,NA,0,0,0,NA,NA,0,NA,0,NA,0,0,0,NA,0,0,0,0,0,NA,0,0,NA,0,NA,0,NA,NA,NA,NA,NA,NA,NA,NA,NA,NA,NA,NA,NA,NA,NA,NA
"406",NA,NA,1,NA,1,1,NA,1,0,0,0,NA,1,NA,1,NA,0,0,0,0,0,0,0,NA,NA,0,0,NA,NA,0,NA,0,NA,0,NA,0,NA,0,0,0,NA,NA,0,NA,NA,NA,0,0,0,NA,NA,0,NA,0,NA,0,0,0,NA,0,0,0,0,0,NA,0,0,NA,0,NA,0,NA,NA,NA,NA,NA,NA,NA,NA,NA,NA,NA,NA,NA,NA,NA,NA
"407",NA,NA,1,NA,NA,1,NA,1,1,0,0,NA,0,NA,1,NA,0,0,0,0,0,0,0,NA,NA,0,0,NA,NA,0,NA,0,NA,0,NA,0,NA,0,0,0,NA,NA,0,NA,NA,NA,0,0,0,NA,NA,0,NA,0,NA,0,0,0,NA,0,0,0,0,0,NA,0,0,NA,0,NA,0,NA,NA,NA,NA,NA,NA,NA,NA,NA,NA,NA,NA,NA,NA,NA,NA
"408",NA,NA,1,NA,1,0,NA,1,0,0,0,NA,1,NA,1,NA,0,0,0,0,0,0,0,NA,NA,0,0,NA,NA,0,NA,NA,NA,0,0,0,NA,0,0,0,NA,NA,0,NA,NA,NA,0,0,0,NA,NA,0,NA,0,NA,0,0,0,NA,0,0,0,0,0,NA,0,0,NA,0,NA,0,NA,NA,NA,NA,NA,NA,NA,NA,NA,NA,NA,NA,NA,NA,NA,NA
"409",NA,NA,1,NA,NA,0,NA,1,1,0,0,NA,0,NA,1,NA,0,0,0,0,0,0,0,NA,NA,0,0,NA,NA,0,NA,NA,NA,0,0,0,NA,0,0,0,NA,NA,0,NA,NA,NA,0,0,0,NA,NA,0,NA,0,NA,0,0,0,NA,0,0,0,0,0,NA,0,0,NA,0,NA,0,NA,NA,NA,NA,NA,NA,NA,NA,NA,NA,NA,NA,NA,NA,NA,NA
"410",NA,NA,1,NA,1,1,NA,1,0,0,0,NA,1,NA,1,NA,0,0,0,0,0,0,0,NA,NA,0,0,NA,NA,0,NA,NA,NA,0,NA,0,NA,0,0,0,NA,NA,0,NA,NA,NA,0,0,0,NA,NA,0,NA,0,NA,0,0,0,NA,0,0,0,0,0,NA,0,0,NA,0,NA,0,NA,NA,NA,NA,NA,NA,NA,NA,NA,NA,NA,NA,NA,NA,NA,NA
"411",NA,NA,1,NA,NA,1,NA,1,1,0,0,NA,0,NA,1,NA,0,0,0,0,0,0,0,NA,NA,0,0,NA,NA,0,NA,NA,NA,0,NA,0,NA,0,0,0,NA,NA,0,NA,NA,NA,0,0,0,NA,NA,0,NA,0,NA,0,0,0,NA,0,0,0,0,0,NA,0,0,NA,0,NA,0,NA,NA,NA,NA,NA,NA,NA,NA,NA,NA,NA,NA,NA,NA,NA,NA
"412",NA,NA,1,NA,NA,1,NA,1,1,0,0,NA,0,0,1,NA,0,0,0,0,0,0,0,0,NA,0,0,NA,NA,0,NA,0,NA,0,NA,0,0,0,0,0,NA,0,0,NA,NA,NA,0,0,0,NA,NA,0,NA,0,NA,NA,0,0,NA,0,0,0,0,0,NA,NA,0,NA,0,NA,0,NA,NA,NA,NA,NA,NA,NA,NA,NA,NA,NA,NA,NA,NA,NA,NA
"413",NA,NA,1,NA,NA,0,NA,1,1,0,0,NA,0,0,1,NA,0,0,0,0,0,0,0,0,NA,0,0,NA,NA,0,NA,NA,NA,0,0,0,0,0,0,0,NA,0,0,NA,NA,NA,0,0,0,NA,NA,0,NA,0,NA,NA,0,0,NA,0,0,0,0,0,NA,NA,0,NA,0,NA,0,NA,NA,NA,NA,NA,NA,NA,NA,NA,NA,NA,NA,NA,NA,NA,NA
"414",NA,NA,1,NA,NA,1,NA,1,1,0,0,NA,0,0,1,NA,0,0,0,0,0,0,0,0,NA,0,0,NA,NA,0,NA,NA,NA,0,NA,0,0,0,0,0,NA,0,0,NA,NA,NA,0,0,0,NA,NA,0,NA,0,NA,NA,0,0,NA,0,0,0,0,0,NA,NA,0,NA,0,NA,0,NA,NA,NA,NA,NA,NA,NA,NA,NA,NA,NA,NA,NA,NA,NA,NA
"415",NA,NA,1,1,NA,1,NA,1,1,0,0,NA,0,1,1,NA,0,0,0,0,0,0,0,0,NA,0,0,NA,NA,0,NA,0,NA,0,NA,0,0,0,0,0,0,NA,0,NA,NA,NA,0,0,0,NA,NA,0,NA,0,NA,NA,0,0,NA,0,0,0,0,0,NA,NA,0,NA,0,NA,0,NA,NA,NA,NA,NA,NA,NA,NA,NA,NA,NA,NA,NA,NA,NA,NA
"416",NA,NA,1,1,NA,1,NA,1,1,0,0,NA,0,1,1,NA,0,0,0,0,0,0,0,0,NA,0,0,NA,0,0,NA,NA,NA,0,NA,0,0,0,0,0,0,NA,0,NA,NA,NA,0,0,0,NA,NA,0,NA,0,NA,NA,0,0,NA,0,0,0,0,0,NA,NA,0,NA,0,NA,0,NA,NA,NA,NA,NA,NA,NA,NA,NA,NA,NA,NA,NA,NA,NA,NA
"417",NA,NA,1,1,NA,0,NA,1,1,0,0,NA,0,1,1,NA,0,0,0,0,0,0,0,0,NA,0,0,NA,NA,0,NA,NA,NA,0,0,0,0,0,0,0,0,NA,0,NA,NA,NA,0,0,0,NA,NA,0,NA,0,NA,NA,0,0,NA,0,0,0,0,0,NA,NA,0,NA,0,NA,0,NA,NA,NA,NA,NA,NA,NA,NA,NA,NA,NA,NA,NA,NA,NA,NA
"418",NA,NA,1,1,NA,1,NA,1,1,0,0,NA,0,1,1,NA,0,0,0,0,0,0,0,0,NA,0,0,NA,NA,0,NA,NA,NA,0,NA,0,0,0,0,0,0,NA,0,NA,NA,NA,0,0,0,NA,NA,0,NA,0,NA,NA,0,0,NA,0,0,0,0,0,NA,NA,0,NA,0,NA,0,NA,NA,NA,NA,NA,NA,NA,NA,NA,NA,NA,NA,NA,NA,NA,NA
"419",NA,NA,1,NA,NA,1,NA,1,1,1,1,NA,0,NA,1,NA,0,0,0,0,0,0,0,NA,NA,0,0,NA,0,0,NA,0,NA,0,NA,0,NA,0,0,0,NA,NA,0,NA,NA,NA,0,0,0,NA,NA,0,NA,0,NA,0,0,0,NA,0,0,NA,0,0,NA,0,NA,NA,NA,NA,0,NA,NA,NA,NA,NA,NA,NA,NA,NA,NA,NA,NA,NA,NA,NA,NA
"420",NA,NA,1,NA,1,1,NA,1,0,1,1,NA,1,NA,1,NA,0,0,0,0,0,0,0,NA,NA,0,0,NA,0,0,NA,0,NA,0,0,0,NA,0,0,0,NA,NA,0,NA,NA,NA,0,0,0,NA,NA,0,NA,0,NA,0,0,0,NA,0,0,NA,0,0,NA,0,NA,NA,NA,NA,0,NA,NA,NA,NA,NA,NA,NA,NA,NA,NA,NA,NA,NA,NA,NA,NA
"421",NA,NA,1,NA,1,1,NA,1,0,1,1,NA,1,NA,1,NA,0,0,0,0,0,0,0,NA,NA,0,0,NA,0,0,NA,0,NA,0,NA,0,NA,0,0,0,NA,NA,0,NA,NA,NA,0,0,0,NA,NA,0,NA,0,NA,0,0,0,NA,0,0,NA,0,0,NA,0,NA,NA,NA,NA,0,NA,NA,NA,NA,NA,NA,NA,NA,NA,NA,NA,NA,NA,NA,NA,NA
"422",NA,NA,1,NA,NA,1,NA,1,1,1,1,NA,0,NA,1,NA,0,0,0,0,0,0,0,NA,NA,0,0,NA,NA,0,NA,0,NA,0,0,0,NA,0,0,0,NA,NA,0,NA,NA,NA,0,0,0,NA,NA,0,NA,0,NA,0,0,0,NA,0,0,NA,0,0,NA,0,NA,NA,NA,NA,0,NA,NA,NA,NA,NA,NA,NA,NA,NA,NA,NA,NA,NA,NA,NA,NA
"423",NA,NA,1,NA,1,1,NA,1,0,1,1,NA,1,NA,1,NA,0,0,0,0,0,0,0,NA,NA,0,0,NA,NA,0,NA,0,NA,0,0,0,NA,0,0,0,NA,NA,0,NA,NA,NA,0,0,0,NA,NA,0,NA,0,NA,0,0,0,NA,0,0,NA,0,0,NA,0,NA,NA,NA,NA,0,NA,NA,NA,NA,NA,NA,NA,NA,NA,NA,NA,NA,NA,NA,NA,NA
"424",NA,NA,1,NA,NA,1,NA,1,1,1,1,NA,0,NA,1,NA,0,0,0,0,0,0,0,NA,NA,0,0,NA,NA,0,NA,0,NA,0,NA,0,NA,0,0,0,NA,NA,0,NA,NA,NA,0,0,0,NA,NA,0,NA,0,NA,0,0,0,NA,0,0,NA,0,0,NA,0,NA,NA,NA,NA,0,NA,NA,NA,NA,NA,NA,NA,NA,NA,NA,NA,NA,NA,NA,NA,NA
"425",NA,NA,1,NA,1,1,NA,1,0,1,1,NA,1,NA,1,NA,0,0,0,0,0,0,0,NA,NA,0,0,NA,NA,0,NA,0,NA,0,NA,0,NA,0,0,0,NA,NA,0,NA,NA,NA,0,0,0,NA,NA,0,NA,0,NA,0,0,0,NA,0,0,NA,0,0,NA,0,NA,NA,NA,NA,0,NA,NA,NA,NA,NA,NA,NA,NA,NA,NA,NA,NA,NA,NA,NA,NA
"426",NA,NA,1,NA,1,1,NA,1,0,1,1,NA,1,NA,1,NA,0,0,0,0,0,0,0,NA,NA,0,0,NA,0,0,NA,NA,NA,0,0,0,NA,0,0,0,NA,NA,0,NA,NA,NA,0,0,0,NA,NA,0,NA,0,NA,0,0,0,NA,0,0,NA,0,0,NA,0,NA,NA,NA,NA,0,NA,NA,NA,NA,NA,NA,NA,NA,NA,NA,NA,NA,NA,NA,NA,NA
"427",NA,NA,1,NA,NA,1,NA,1,1,1,1,NA,0,NA,1,NA,0,0,0,0,0,0,0,NA,NA,0,0,NA,0,0,NA,NA,NA,0,0,0,NA,0,0,0,NA,NA,0,NA,NA,NA,0,0,0,NA,NA,0,NA,0,NA,0,0,0,NA,0,0,NA,0,0,NA,0,NA,NA,NA,NA,0,NA,NA,NA,NA,NA,NA,NA,NA,NA,NA,NA,NA,NA,NA,NA,NA
"428",NA,NA,1,NA,1,1,NA,1,0,1,1,NA,1,NA,1,NA,0,0,0,0,0,0,0,NA,NA,0,0,NA,0,0,NA,NA,NA,0,NA,0,NA,0,0,0,NA,NA,0,NA,NA,NA,0,0,0,NA,NA,0,NA,0,NA,0,0,0,NA,0,0,NA,0,0,NA,0,NA,NA,NA,NA,0,NA,NA,NA,NA,NA,NA,NA,NA,NA,NA,NA,NA,NA,NA,NA,NA
"429",NA,NA,1,NA,NA,1,NA,1,1,1,1,NA,0,NA,1,NA,0,0,0,0,0,0,0,NA,NA,0,0,NA,0,0,NA,NA,NA,0,NA,0,NA,0,0,0,NA,NA,0,NA,NA,NA,0,0,0,NA,NA,0,NA,0,NA,0,0,0,NA,0,0,NA,0,0,NA,0,NA,NA,NA,NA,0,NA,NA,NA,NA,NA,NA,NA,NA,NA,NA,NA,NA,NA,NA,NA,NA
"430",NA,NA,1,NA,NA,1,NA,1,1,1,1,NA,0,NA,1,NA,0,0,0,0,0,0,0,NA,NA,0,0,NA,NA,0,NA,NA,NA,0,0,0,NA,0,0,0,NA,NA,0,NA,NA,NA,0,0,0,NA,NA,0,NA,0,NA,0,0,0,NA,0,0,NA,0,0,NA,0,NA,NA,NA,NA,0,NA,NA,NA,NA,NA,NA,NA,NA,NA,NA,NA,NA,NA,NA,NA,NA
"431",NA,NA,1,NA,1,1,NA,1,0,1,1,NA,1,NA,1,NA,0,0,0,0,0,0,0,NA,NA,0,0,NA,NA,0,NA,NA,NA,0,0,0,NA,0,0,0,NA,NA,0,NA,NA,NA,0,0,0,NA,NA,0,NA,0,NA,0,0,0,NA,0,0,NA,0,0,NA,0,NA,NA,NA,NA,0,NA,NA,NA,NA,NA,NA,NA,NA,NA,NA,NA,NA,NA,NA,NA,NA
"432",NA,NA,1,NA,NA,1,NA,1,1,1,1,NA,0,NA,1,NA,0,0,0,0,0,0,0,NA,NA,0,0,NA,NA,0,NA,NA,NA,0,NA,0,NA,0,0,0,NA,NA,0,NA,NA,NA,0,0,0,NA,NA,0,NA,0,NA,0,0,0,NA,0,0,NA,0,0,NA,0,NA,NA,NA,NA,0,NA,NA,NA,NA,NA,NA,NA,NA,NA,NA,NA,NA,NA,NA,NA,NA
"433",NA,NA,1,NA,1,1,NA,1,0,1,1,NA,1,NA,1,NA,0,0,0,0,0,0,0,NA,NA,0,0,NA,NA,0,NA,NA,NA,0,NA,0,NA,0,0,0,NA,NA,0,NA,NA,NA,0,0,0,NA,NA,0,NA,0,NA,0,0,0,NA,0,0,NA,0,0,NA,0,NA,NA,NA,NA,0,NA,NA,NA,NA,NA,NA,NA,NA,NA,NA,NA,NA,NA,NA,NA,NA
"434",NA,NA,1,NA,NA,1,NA,1,1,1,1,NA,0,0,1,NA,0,0,0,0,0,0,0,0,NA,0,0,NA,0,0,NA,0,NA,0,NA,0,0,0,0,0,NA,0,0,NA,NA,NA,0,0,0,NA,NA,0,NA,0,NA,NA,0,0,NA,0,0,NA,0,0,NA,NA,NA,NA,NA,NA,0,NA,NA,NA,NA,NA,NA,NA,NA,NA,NA,NA,NA,NA,NA,NA,NA
"435",NA,NA,1,NA,NA,1,NA,1,1,1,1,NA,0,0,1,NA,0,0,0,0,0,0,0,0,NA,0,0,NA,NA,0,NA,0,NA,0,0,0,0,0,0,0,NA,0,0,NA,NA,NA,0,0,0,NA,NA,0,NA,0,NA,NA,0,0,NA,0,0,NA,0,0,NA,NA,NA,NA,NA,NA,0,NA,NA,NA,NA,NA,NA,NA,NA,NA,NA,NA,NA,NA,NA,NA,NA
"436",NA,NA,1,NA,NA,1,NA,1,1,1,1,NA,0,0,1,NA,0,0,0,0,0,0,0,0,NA,0,0,NA,NA,0,NA,0,NA,0,NA,0,0,0,0,0,NA,0,0,NA,NA,NA,0,0,0,NA,NA,0,NA,0,NA,NA,0,0,NA,0,0,NA,0,0,NA,NA,NA,NA,NA,NA,0,NA,NA,NA,NA,NA,NA,NA,NA,NA,NA,NA,NA,NA,NA,NA,NA
"437",NA,NA,1,NA,NA,1,NA,1,1,1,1,NA,0,0,1,NA,0,0,0,0,0,0,0,0,NA,0,0,NA,0,0,NA,NA,NA,0,0,0,0,0,0,0,NA,0,0,NA,NA,NA,0,0,0,NA,NA,0,NA,0,NA,NA,0,0,NA,0,0,NA,0,0,NA,NA,NA,NA,NA,NA,0,NA,NA,NA,NA,NA,NA,NA,NA,NA,NA,NA,NA,NA,NA,NA,NA
"438",NA,NA,1,NA,NA,1,NA,1,1,1,1,NA,0,0,1,NA,0,0,0,0,0,0,0,0,NA,0,0,NA,0,0,NA,NA,NA,0,NA,0,0,0,0,0,NA,0,0,NA,NA,NA,0,0,0,NA,NA,0,NA,0,NA,NA,0,0,NA,0,0,NA,0,0,NA,NA,NA,NA,NA,NA,0,NA,NA,NA,NA,NA,NA,NA,NA,NA,NA,NA,NA,NA,NA,NA,NA
"439",NA,NA,1,NA,NA,1,NA,1,1,1,1,NA,0,0,1,NA,0,0,0,0,0,0,0,0,NA,0,0,NA,NA,0,NA,NA,NA,0,0,0,0,0,0,0,NA,0,0,NA,NA,NA,0,0,0,NA,NA,0,NA,0,NA,NA,0,0,NA,0,0,NA,0,0,NA,NA,NA,NA,NA,NA,0,NA,NA,NA,NA,NA,NA,NA,NA,NA,NA,NA,NA,NA,NA,NA,NA
"440",NA,NA,1,NA,NA,1,NA,1,1,1,1,NA,0,0,1,NA,0,0,0,0,0,0,0,0,NA,0,0,NA,NA,0,NA,NA,NA,0,NA,0,0,0,0,0,NA,0,0,NA,NA,NA,0,0,0,NA,NA,0,NA,0,NA,NA,0,0,NA,0,0,NA,0,0,NA,NA,NA,NA,NA,NA,0,NA,NA,NA,NA,NA,NA,NA,NA,NA,NA,NA,NA,NA,NA,NA,NA
"441",NA,NA,1,1,NA,1,NA,1,1,1,1,NA,0,1,1,NA,0,0,0,0,0,0,0,0,NA,0,0,NA,0,0,NA,0,NA,0,0,0,0,0,0,0,0,NA,0,NA,NA,NA,0,0,0,NA,NA,0,NA,0,NA,NA,0,0,NA,0,0,NA,0,0,NA,NA,NA,NA,NA,NA,0,NA,NA,NA,NA,NA,NA,NA,NA,NA,NA,NA,NA,NA,NA,NA,NA
"442",NA,NA,1,1,NA,1,NA,1,1,1,1,NA,0,1,1,NA,0,0,0,0,0,0,0,0,NA,0,0,NA,0,0,NA,0,NA,0,NA,0,0,0,0,0,0,NA,0,NA,NA,NA,0,0,0,NA,NA,0,NA,0,NA,NA,0,0,NA,0,0,NA,0,0,NA,NA,NA,NA,NA,NA,0,NA,NA,NA,NA,NA,NA,NA,NA,NA,NA,NA,NA,NA,NA,NA,NA
"443",NA,NA,1,1,NA,1,NA,1,1,1,1,NA,0,1,1,NA,0,0,0,0,0,0,0,0,NA,0,0,NA,NA,0,NA,0,NA,0,0,0,0,0,0,0,0,NA,0,NA,NA,NA,0,0,0,NA,NA,0,NA,0,NA,NA,0,0,NA,0,0,NA,0,0,NA,NA,NA,NA,NA,NA,0,NA,NA,NA,NA,NA,NA,NA,NA,NA,NA,NA,NA,NA,NA,NA,NA
"444",NA,NA,1,1,NA,1,NA,1,1,1,1,NA,0,1,1,NA,0,0,0,0,0,0,0,0,NA,0,0,NA,NA,0,NA,0,NA,0,NA,0,0,0,0,0,0,NA,0,NA,NA,NA,0,0,0,NA,NA,0,NA,0,NA,NA,0,0,NA,0,0,NA,0,0,NA,NA,NA,NA,NA,NA,0,NA,NA,NA,NA,NA,NA,NA,NA,NA,NA,NA,NA,NA,NA,NA,NA
"445",NA,NA,1,1,NA,1,NA,1,1,1,1,NA,0,1,1,NA,0,0,0,0,0,0,0,0,NA,0,0,NA,0,0,NA,NA,NA,0,0,0,0,0,0,0,0,NA,0,NA,NA,NA,0,0,0,NA,NA,0,NA,0,NA,NA,0,0,NA,0,0,NA,0,0,NA,NA,NA,NA,NA,NA,0,NA,NA,NA,NA,NA,NA,NA,NA,NA,NA,NA,NA,NA,NA,NA,NA
"446",NA,NA,1,1,NA,1,NA,1,1,1,1,NA,0,1,1,NA,0,0,0,0,0,0,0,0,NA,0,0,NA,0,0,NA,NA,NA,0,NA,0,0,0,0,0,0,NA,0,NA,NA,NA,0,0,0,NA,NA,0,NA,0,NA,NA,0,0,NA,0,0,NA,0,0,NA,NA,NA,NA,NA,NA,0,NA,NA,NA,NA,NA,NA,NA,NA,NA,NA,NA,NA,NA,NA,NA,NA
"447",NA,NA,1,1,NA,1,NA,1,1,1,1,NA,0,1,1,NA,0,0,0,0,0,0,0,0,NA,0,0,NA,NA,0,NA,NA,NA,0,0,0,0,0,0,0,0,NA,0,NA,NA,NA,0,0,0,NA,NA,0,NA,0,NA,NA,0,0,NA,0,0,NA,0,0,NA,NA,NA,NA,NA,NA,0,NA,NA,NA,NA,NA,NA,NA,NA,NA,NA,NA,NA,NA,NA,NA,NA
"448",NA,NA,1,1,NA,1,NA,1,1,1,1,NA,0,1,1,NA,0,0,0,0,0,0,0,0,NA,0,0,NA,NA,0,NA,NA,NA,0,NA,0,0,0,0,0,0,NA,0,NA,NA,NA,0,0,0,NA,NA,0,NA,0,NA,NA,0,0,NA,0,0,NA,0,0,NA,NA,NA,NA,NA,NA,0,NA,NA,NA,NA,NA,NA,NA,NA,NA,NA,NA,NA,NA,NA,NA,NA
"449",1,1,0.984375,0.973913043478261,0.958823529411765,0.75,0.75,0.666666666666667,0.545961002785515,0.5,0.5,0.5,0.363839285714286,0.327485380116959,0.285714285714286,0,0,0,0,0,0,0,0,0,0,0,0,0,0,0,0,0,0,0,0,0,0,0,0,0,0,0,0,0,0,0,0,0,0,0,0,0,0,0,0,0,0,0,0,0,0,0,0,0,0,0,0,0,0,0,0,NA,NA,NA,NA,NA,NA,NA,NA,NA,NA,NA,NA,NA,NA,NA,NA
"450",0.357142857142857,0.357142857142857,1,0.256696428571429,0.379464285714286,1,0.714285714285714,0.428571428571429,0.801339285714286,1,1,0.571428571428571,1,0.763392857142857,1,0.857142857142857,1,1,1,0.714285714285714,0.285714285714286,1,1,0.412946428571429,0.357142857142857,1,1,0.714285714285714,0.857142857142857,0.714285714285714,0.714285714285714,0.857142857142857,0.714285714285714,1,0.5,1,0.763392857142857,1,1,1,0.256696428571429,0.613839285714286,1,0.714285714285714,0.714285714285714,0.198660714285714,1,0.285714285714286,1,0.714285714285714,0.714285714285714,1,0.714285714285714,0.428571428571429,0.714285714285714,0.236607142857143,0.285714285714286,0.285714285714286,0.714285714285714,1,0.285714285714286,0.5,0.285714285714286,1,0.198660714285714,0.236607142857143,0.5,0.714285714285714,0.5,0.714285714285714,1,0,0,0,0,0,0,0,0,0,0,0,0,0,0,0,0
